tr_y,tr_pred,tr_proba,te_y,te_pred,te_proba
1.0,1.0,0.6186559142552617,0.0,1.0,0.5632135945814619
0.0,0.0,0.4673035281587894,0.0,1.0,0.6159402228398404
0.0,0.0,0.4544640657669026,1.0,1.0,0.5308653079811714
0.0,1.0,0.5077086135928326,1.0,0.0,0.41361483500500373
1.0,1.0,0.5398674419706748,0.0,0.0,0.49785427447939073
0.0,0.0,0.4486753202417324,1.0,0.0,0.4437169722364668
1.0,0.0,0.4967597942392926,0.0,0.0,0.38507568881107423
1.0,1.0,0.7955545853381778,1.0,0.0,0.4209575837339883
0.0,0.0,0.32790658237152615,1.0,1.0,0.7693394994485254
0.0,0.0,0.4564121712958046,1.0,0.0,0.4313935825355877
1.0,1.0,0.5093793228944317,1.0,1.0,0.5559068802273889
1.0,0.0,0.4951554717632908,0.0,0.0,0.3735572149197515
0.0,1.0,0.5195075718436846,0.0,0.0,0.21941495597356267
1.0,1.0,0.7570156331609849,0.0,0.0,0.3823966681639333
0.0,0.0,0.3638979420820212,1.0,1.0,0.5484048492253707
0.0,0.0,0.4800608068256888,0.0,0.0,0.47463729796593285
1.0,0.0,0.41790518297373047,0.0,0.0,0.40028539308431993
1.0,0.0,0.48016852258210296,1.0,1.0,0.7990737832791153
0.0,0.0,0.4504923359351695,1.0,1.0,0.5779325421919863
0.0,1.0,0.5041854026866395,0.0,0.0,0.36071080527162425
0.0,0.0,0.38342774040865696,0.0,0.0,0.42015757566587086
1.0,1.0,0.57985451682806,1.0,0.0,0.43048300107110343
0.0,0.0,0.41608477404482713,1.0,1.0,0.5124790831623813
0.0,0.0,0.33696331892896064,1.0,1.0,0.617643329123725
1.0,1.0,0.7575469570970046,0.0,0.0,0.4812668275963229
1.0,0.0,0.48630032560752967,1.0,0.0,0.33706827565879355
0.0,0.0,0.2948900643774801,0.0,0.0,0.3970548151895953
0.0,0.0,0.40740782161019146,0.0,1.0,0.5261758823439447
1.0,1.0,0.5459909065004491,1.0,0.0,0.44865757599008343
1.0,0.0,0.4224212812769987,0.0,0.0,0.4927306797978593
0.0,0.0,0.3706085045006067,1.0,1.0,0.600375103834928
1.0,0.0,0.46856550976520295,1.0,1.0,0.642126475924492
1.0,0.0,0.4598467701640168,1.0,0.0,0.4647076657364889
1.0,1.0,0.5859997640369614,0.0,1.0,0.501309430169469
1.0,0.0,0.49890027187179065,1.0,1.0,0.5801820249752806
1.0,1.0,0.7568446893793228,0.0,0.0,0.4525869589493701
0.0,0.0,0.46811542215958624,1.0,0.0,0.47190797583714855
1.0,1.0,0.5818044988938316,1.0,1.0,0.7338023279845243
0.0,0.0,0.49547790816971393,0.0,0.0,0.45173506765035365
0.0,0.0,0.3209464565613735,1.0,0.0,0.4047640778656951
1.0,0.0,0.4582215654592884,0.0,0.0,0.40797211603877803
1.0,0.0,0.46836269047866796,1.0,0.0,0.40899949453457984
1.0,0.0,0.49883027596711266,1.0,0.0,0.4531267659545373
0.0,0.0,0.2748706947008347,0.0,0.0,0.3476762333520856
0.0,0.0,0.4632419900470903,0.0,0.0,0.3193816639882576
1.0,1.0,0.8300509445642106,1.0,0.0,0.40305277309399373
0.0,0.0,0.4730876823714977,1.0,1.0,0.6348737975097791
0.0,0.0,0.38421966681583386,0.0,0.0,0.3745924500679118
0.0,0.0,0.3864540393809625,0.0,0.0,0.4738866380162764
0.0,0.0,0.4135045332034144,1.0,1.0,0.5925248957400263
1.0,1.0,0.8008898097316246,0.0,0.0,0.3645350804330301
0.0,0.0,0.39949505418195536,0.0,0.0,0.4258338239321336
1.0,0.0,0.48275806618251016,0.0,0.0,0.42276667504630283
0.0,0.0,0.4471996070812401,0.0,0.0,0.37760871643852034
1.0,1.0,0.5826174906083491,1.0,0.0,0.4337081795232223
0.0,0.0,0.3987608990185652,1.0,0.0,0.42608496116228783
0.0,0.0,0.43251288186612613,0.0,0.0,0.44461207292166827
0.0,0.0,0.4951613419030543,0.0,0.0,0.3675875794631149
1.0,0.0,0.4209460379891539,1.0,0.0,0.4590817082967055
1.0,0.0,0.41445119909626826,1.0,1.0,0.5517319813202548
1.0,0.0,0.4988208678696152,0.0,0.0,0.45848461762985604
1.0,1.0,0.5782886293261245,1.0,1.0,0.6644789536881431
1.0,0.0,0.39418200392568387,1.0,1.0,0.6183951449084666
0.0,0.0,0.35208598644180306,0.0,0.0,0.3541253282099782
1.0,0.0,0.492721946641737,0.0,0.0,0.45904276583450204
1.0,1.0,0.6110329673581896,1.0,1.0,0.5817907116314568
1.0,0.0,0.3999853236220611,1.0,1.0,0.6519474884409572
0.0,0.0,0.3690055343000286,1.0,1.0,0.6151480889263959
1.0,1.0,0.5002809978504243,1.0,1.0,0.7254027527945941
1.0,1.0,0.5546749088834353,0.0,0.0,0.38921190787959536
1.0,1.0,0.5988478074581354,1.0,1.0,0.5537929995461884
0.0,0.0,0.3005839853432823,1.0,1.0,0.7054797762418917
0.0,0.0,0.3259902269304725,1.0,0.0,0.4661408953735384
0.0,0.0,0.3765624984407983,0.0,0.0,0.4977342051037081
0.0,0.0,0.37168424497011615,1.0,1.0,0.655035761330743
0.0,0.0,0.37741144926302816,0.0,0.0,0.41034090383763894
1.0,0.0,0.411407533646683,0.0,0.0,0.3559212494024764
0.0,0.0,0.290246928389369,1.0,1.0,0.60857392794091
1.0,1.0,0.6025601259017839,0.0,0.0,0.4139913579924904
1.0,1.0,0.5228933995285575,0.0,1.0,0.5106918528173777
0.0,0.0,0.4304038065537367,0.0,0.0,0.39216590733105705
0.0,0.0,0.3614504366373762,0.0,0.0,0.3332633303328879
1.0,1.0,0.5969716987892101,0.0,0.0,0.49184532367044337
0.0,0.0,0.38871196434595806,1.0,0.0,0.4659505280280707
0.0,0.0,0.3608567860596147,1.0,0.0,0.3899493534973122
1.0,1.0,0.6412530412469261,1.0,0.0,0.45090927217168003
1.0,0.0,0.4303731620279772,0.0,0.0,0.3606635184125819
1.0,0.0,0.4674639530526379,1.0,0.0,0.40082211914048554
1.0,0.0,0.36955445285241806,0.0,0.0,0.36589894520030036
0.0,0.0,0.40929277402573283,0.0,1.0,0.5547922845299209
0.0,0.0,0.4220254160631515,0.0,0.0,0.47313687344459515
1.0,0.0,0.4930361829773275,0.0,0.0,0.37644034124134823
0.0,0.0,0.4257838490150766,1.0,1.0,0.5650154154694645
0.0,0.0,0.34051595700702003,1.0,1.0,0.6821459228107779
0.0,0.0,0.4872860155720241,0.0,0.0,0.4024690189188248
0.0,0.0,0.4275030967452601,0.0,1.0,0.5085293540439483
1.0,0.0,0.46575297115109826,0.0,0.0,0.4110667344270601
0.0,0.0,0.37088844577034685,0.0,0.0,0.35279483515080357
1.0,1.0,0.5378261375330649,1.0,1.0,0.7596721555654585
0.0,0.0,0.47130161107634305,1.0,0.0,0.378975057421597
1.0,1.0,0.547265544651569,1.0,1.0,0.5522976232273562
1.0,1.0,0.7215026511347471,0.0,0.0,0.42954518749507675
0.0,0.0,0.424571309100967,1.0,0.0,0.3760610201044931
0.0,0.0,0.46946490361659937,0.0,0.0,0.36654529135394587
0.0,0.0,0.4041010981733668,1.0,1.0,0.681868987536788
1.0,0.0,0.4931049178824301,0.0,0.0,0.34644258318391996
0.0,0.0,0.3593196724979292,0.0,0.0,0.38645780500060756
1.0,1.0,0.5443391904714561,0.0,0.0,0.4831429923994261
1.0,0.0,0.42858908568319215,1.0,1.0,0.5855937363097223
0.0,0.0,0.3966334953429488,0.0,0.0,0.4400933656949732
0.0,0.0,0.42538054140357506,0.0,1.0,0.5161767326373295
0.0,0.0,0.3870357422661385,0.0,0.0,0.3681931904826935
1.0,1.0,0.759422731729431,1.0,0.0,0.47455677488750814
1.0,0.0,0.4856727472832016,1.0,0.0,0.4729081199313089
0.0,0.0,0.42779179842264753,1.0,0.0,0.37044992951754846
1.0,0.0,0.45088355601274316,0.0,0.0,0.41823303523573874
0.0,0.0,0.4045074125478709,1.0,0.0,0.4750338690951713
0.0,0.0,0.46888206974363633,1.0,1.0,0.5018258922360777
0.0,0.0,0.3762130735090132,0.0,0.0,0.463110027073285
1.0,1.0,0.7143082119211851,1.0,1.0,0.6011398661577394
1.0,0.0,0.41217429737110367,1.0,0.0,0.4625609700286921
1.0,1.0,0.5373678176246476,1.0,0.0,0.4067290418350003
1.0,0.0,0.42253575504474844,1.0,1.0,0.7260918373721382
0.0,0.0,0.36402599131970365,0.0,0.0,0.4097244356832119
0.0,1.0,0.6004907591235267,0.0,0.0,0.4177854772079086
1.0,0.0,0.47621618184111986,1.0,1.0,0.5155227232868014
0.0,0.0,0.36343405075253,0.0,0.0,0.39219800242165304
0.0,0.0,0.4429135855113097,0.0,0.0,0.4359060509187915
1.0,0.0,0.425650814259251,0.0,0.0,0.3536595101669409
0.0,0.0,0.42017760968723983,0.0,0.0,0.39050673773028277
0.0,0.0,0.3790055636090775,1.0,0.0,0.40075874206014717
0.0,0.0,0.3743619649872336,0.0,0.0,0.3509007345297092
0.0,0.0,0.45482904643333594,0.0,0.0,0.403219858507028
1.0,0.0,0.4938576500994273,0.0,0.0,0.3897718768332934
0.0,0.0,0.36879080308425666,1.0,0.0,0.4314258898263497
1.0,0.0,0.4936259904767464,1.0,0.0,0.4525952142668303
1.0,1.0,0.6184728646375199,1.0,0.0,0.4192794567862906
1.0,1.0,0.5779690578795446,0.0,0.0,0.4336896348233517
0.0,1.0,0.5541870018737259,0.0,0.0,0.4228610831541336
1.0,1.0,0.6477768670574957,1.0,0.0,0.4693106493791716
1.0,0.0,0.436239085180967,1.0,1.0,0.6031015791679011
0.0,0.0,0.38172108792710097,1.0,1.0,0.5867943755458959
0.0,1.0,0.5106225032991827,0.0,0.0,0.4944803516626654
0.0,0.0,0.2884284804383527,1.0,0.0,0.3410381728539472
0.0,0.0,0.4595009539877572,0.0,0.0,0.39646779695968065
1.0,1.0,0.5303619327245903,0.0,0.0,0.46797508416867883
0.0,0.0,0.4669024659409653,0.0,0.0,0.4458589553107153
0.0,0.0,0.4957410922118507,0.0,1.0,0.6834243249003813
0.0,0.0,0.33041488597587626,1.0,1.0,0.7893532003604777
1.0,0.0,0.43870744418116897,0.0,0.0,0.48334781138326255
0.0,0.0,0.3834615768093472,0.0,0.0,0.4941615776798086
0.0,0.0,0.3914986211026112,1.0,1.0,0.5892660931118492
1.0,1.0,0.6608711508793829,1.0,1.0,0.5719955083309961
1.0,1.0,0.5279535223322244,1.0,1.0,0.6983760261541304
1.0,1.0,0.613976452712151,0.0,0.0,0.4000415654129883
1.0,1.0,0.6120541080776604,1.0,0.0,0.4208365296794516
0.0,0.0,0.40210558875683816,0.0,0.0,0.4274724188566217
1.0,1.0,0.5455815075986763,0.0,0.0,0.30504363908986887
0.0,0.0,0.3087786004752158,0.0,0.0,0.467026084268546
1.0,0.0,0.47451926398318844,1.0,1.0,0.7244406272265664
0.0,0.0,0.3376553999905865,1.0,1.0,0.5601755831590643
1.0,1.0,0.5683801890330765,1.0,1.0,0.701808664540831
0.0,0.0,0.3662584949176153,0.0,1.0,0.6691792955577246
0.0,0.0,0.22676234966354897,0.0,0.0,0.44824643691628996
0.0,0.0,0.4094160875010929,0.0,0.0,0.4487717625760847
0.0,0.0,0.4364224706870022,1.0,1.0,0.551858954534096
0.0,0.0,0.4723422659418682,0.0,0.0,0.453251163763831
0.0,0.0,0.21941495597356267,1.0,0.0,0.38868002623215275
0.0,0.0,0.4627919876001181,1.0,0.0,0.4321021384254001
1.0,1.0,0.7010763027402206,1.0,0.0,0.3782670792146173
1.0,1.0,0.5293691577040298,0.0,0.0,0.4823022075821005
0.0,0.0,0.3591094644847902,1.0,1.0,0.5069800914772831
1.0,0.0,0.38718723354032786,1.0,0.0,0.3694120882411091
0.0,1.0,0.5187141205579577,0.0,0.0,0.43128476388455955
1.0,1.0,0.5002205967527183,0.0,0.0,0.4207133113393918
0.0,0.0,0.3926869531623858,0.0,0.0,0.337663778030289
0.0,0.0,0.49666714693591923,0.0,0.0,0.3466331254833898
1.0,0.0,0.46495927620259725,1.0,1.0,0.5034035798688944
1.0,1.0,0.5088738200701637,1.0,1.0,0.5497150952029263
1.0,1.0,0.5014478671384891,0.0,0.0,0.39888439997167763
1.0,1.0,0.5147959415573662,0.0,0.0,0.44823077009041234
1.0,1.0,0.5066930157610271,1.0,0.0,0.35356078581765293
0.0,0.0,0.39812339925574786,0.0,0.0,0.3526376188923227
0.0,0.0,0.45701170890391646,1.0,1.0,0.6540073883283858
1.0,1.0,0.5777777435557164,1.0,0.0,0.45070128803789594
1.0,1.0,0.5244176238979643,1.0,0.0,0.3732011046413203
1.0,0.0,0.34552175317753886,0.0,0.0,0.3681067876556346
0.0,0.0,0.4141529699879688,0.0,0.0,0.30790093772908383
0.0,0.0,0.46797763487355354,0.0,1.0,0.5397030055950454
0.0,0.0,0.38608327237231493,1.0,1.0,0.5133945934813332
0.0,1.0,0.5098149370893059,1.0,0.0,0.4730835279383343
0.0,0.0,0.42478022268918697,0.0,0.0,0.3840357220114044
1.0,1.0,0.7054158370531189,1.0,1.0,0.5165879106299444
1.0,0.0,0.46779912624930003,1.0,0.0,0.45427088436169316
0.0,0.0,0.4519770042132549,1.0,0.0,0.4899800861756227
0.0,0.0,0.38804722665591007,1.0,1.0,0.7233160291764266
0.0,0.0,0.40406857830399207,0.0,0.0,0.428744477621668
1.0,1.0,0.6555607983013206,1.0,1.0,0.5986010408157936
0.0,0.0,0.42787582029186944,1.0,1.0,0.6190857856693256
1.0,0.0,0.4858188068699847,1.0,1.0,0.755628991069926
0.0,0.0,0.4208109796979559,0.0,0.0,0.4428878965913943
0.0,0.0,0.4923894315036751,0.0,1.0,0.5161499124589051
0.0,1.0,0.5329408091350427,0.0,0.0,0.3556828238319153
0.0,0.0,0.37054590879023985,1.0,0.0,0.47461905258011977
0.0,0.0,0.3900361401855192,1.0,0.0,0.3837508547236863
1.0,0.0,0.4150031462856235,1.0,1.0,0.6662208198686324
1.0,0.0,0.4596449654093668,1.0,1.0,0.5690667298645689
1.0,1.0,0.5637629910307701,1.0,1.0,0.5105850359746297
1.0,0.0,0.3780271033146659,0.0,0.0,0.3546154384239428
0.0,0.0,0.40629311723145095,0.0,0.0,0.48683965406996793
1.0,0.0,0.4974084317030164,0.0,1.0,0.5093995743020352
1.0,1.0,0.5914569524683498,0.0,0.0,0.38680980101827755
1.0,0.0,0.40735074722799647,1.0,1.0,0.5397616895154858
1.0,1.0,0.509048357515412,0.0,1.0,0.5676976803089524
1.0,0.0,0.43016785023016285,1.0,1.0,0.5543251917732155
0.0,0.0,0.43128446105883583,1.0,1.0,0.5783185296659955
1.0,1.0,0.5573982672275122,0.0,0.0,0.37335833332790663
1.0,0.0,0.44803313143843415,0.0,0.0,0.46075292767676146
0.0,0.0,0.4863819053231822,0.0,0.0,0.4410189668579149
1.0,1.0,0.7913759473562787,0.0,0.0,0.39707741385678996
0.0,0.0,0.4321452187864171,0.0,0.0,0.3462051799992829
1.0,0.0,0.39938238486498173,0.0,0.0,0.4606937792843928
1.0,1.0,0.7310069639316866,1.0,0.0,0.48012507224311923
0.0,0.0,0.45628387277425486,1.0,1.0,0.5130024493198541
0.0,0.0,0.3672183147568871,0.0,0.0,0.3976903305984969
1.0,1.0,0.5460805912063285,1.0,1.0,0.7453417009004814
1.0,1.0,0.6761903832240865,0.0,0.0,0.3357740093642314
0.0,0.0,0.4837450128632064,0.0,1.0,0.5944824962277385
0.0,0.0,0.4445642345763399,0.0,0.0,0.49083829120042716
1.0,0.0,0.46983676228454285,0.0,0.0,0.3878057403523881
1.0,1.0,0.6168291399229946,1.0,1.0,0.7162171932653029
0.0,0.0,0.4515255487005157,0.0,0.0,0.47065086253758426
0.0,0.0,0.3933648079779555,1.0,0.0,0.44235149018989633
0.0,0.0,0.411853311974526,0.0,0.0,0.3932895726152131
0.0,0.0,0.40701053504490053,0.0,0.0,0.38050052194390643
0.0,1.0,0.5354756925088703,1.0,1.0,0.6890846371149304
0.0,0.0,0.4042697154614619,0.0,1.0,0.5215172306996846
0.0,0.0,0.4333768442733914,0.0,0.0,0.4237596517694511
0.0,0.0,0.31437350181491125,1.0,1.0,0.5577503735174929
1.0,1.0,0.6657239630481345,0.0,1.0,0.5356171661057784
0.0,0.0,0.4166329786791216,1.0,1.0,0.6973455157349266
0.0,0.0,0.31630123392207093,1.0,1.0,0.6152020961696218
0.0,0.0,0.365696173355228,0.0,0.0,0.4244699627586405
0.0,1.0,0.5127226599438559,1.0,1.0,0.5650628021720878
1.0,1.0,0.5005265997249732,0.0,0.0,0.31067105087006125
0.0,0.0,0.48717197103378557,0.0,0.0,0.470651000133152
1.0,1.0,0.6686839913412133,0.0,0.0,0.4763812660541649
0.0,0.0,0.3575674165928054,1.0,0.0,0.4359232740063627
1.0,1.0,0.6206694229629757,1.0,0.0,0.36174557532481183
1.0,1.0,0.5445162610178513,0.0,0.0,0.45100842313247486
0.0,0.0,0.4250520393453273,1.0,0.0,0.40748471492011007
0.0,0.0,0.369814992851241,1.0,1.0,0.7101369254991093
0.0,0.0,0.4538535723204741,1.0,0.0,0.42826307758535864
1.0,0.0,0.42726939669756164,0.0,0.0,0.45690213211671327
1.0,0.0,0.37737899500052213,1.0,1.0,0.5493891070583244
0.0,0.0,0.2814681969046877,0.0,0.0,0.4104170283293864
0.0,0.0,0.482140413959148,1.0,1.0,0.5147361630277139
0.0,0.0,0.4192468960616042,1.0,1.0,0.5501728277091602
1.0,1.0,0.678894639910799,1.0,1.0,0.7357984401777667
0.0,0.0,0.36367802293087265,1.0,1.0,0.688817578607108
1.0,0.0,0.46225950213357436,0.0,0.0,0.35909141293644015
0.0,0.0,0.3972057789989409,0.0,0.0,0.34319326180553444
1.0,0.0,0.4722644331963711,1.0,0.0,0.3745837274488577
1.0,0.0,0.4789827004476802,0.0,0.0,0.4562493996309873
1.0,1.0,0.5780120261124383,0.0,0.0,0.437460117965082
1.0,0.0,0.48156495908708596,0.0,0.0,0.3760780338005784
1.0,0.0,0.4924643561837278,0.0,0.0,0.32282602434000235
0.0,0.0,0.35116393686603303,1.0,1.0,0.602280342242276
0.0,0.0,0.39239470349322425,0.0,0.0,0.48538889748781544
0.0,0.0,0.332927002487132,1.0,1.0,0.5522559735814115
1.0,1.0,0.6809836707127499,0.0,0.0,0.41940694460941896
1.0,1.0,0.5356171661057784,1.0,0.0,0.4841256672286775
0.0,0.0,0.37614578896107903,0.0,0.0,0.4601146998236908
0.0,0.0,0.4453351110461738,1.0,1.0,0.5151500759315982
0.0,0.0,0.3533786778868969,0.0,0.0,0.39053739606907284
0.0,1.0,0.5755405131768249,1.0,1.0,0.623069374793993
0.0,0.0,0.30298212299943517,0.0,0.0,0.4127626620695515
1.0,0.0,0.4261294725035954,0.0,1.0,0.537333579491205
1.0,0.0,0.4709822540576184,1.0,1.0,0.5178722386233194
1.0,0.0,0.3686157822437222,1.0,1.0,0.5655770915307948
1.0,0.0,0.40203735398028195,1.0,0.0,0.395181336718612
1.0,0.0,0.41791123545790143,1.0,1.0,0.620850020920917
0.0,0.0,0.462831067772007,0.0,0.0,0.39244906542368757
0.0,0.0,0.37882455120444186,0.0,0.0,0.40275330363665884
0.0,0.0,0.440256757904417,1.0,1.0,0.7134656620842291
0.0,0.0,0.3761189734876935,0.0,0.0,0.44439145403467023
1.0,0.0,0.4835243590797589,0.0,1.0,0.5119300691540595
1.0,1.0,0.6436088246597106,0.0,0.0,0.4152831746552226
0.0,0.0,0.29634714690708225,1.0,1.0,0.6194695767921612
1.0,1.0,0.5190507216632352,0.0,0.0,0.3988281958702549
0.0,0.0,0.4455636820020278,0.0,0.0,0.39064646499597666
1.0,0.0,0.498244096029613,1.0,1.0,0.6223058992294407
0.0,0.0,0.4666288156270823,1.0,0.0,0.4927834781913863
1.0,1.0,0.5018570041272039,0.0,0.0,0.3941812866378392
1.0,1.0,0.699322901847377,1.0,0.0,0.4475259029194802
0.0,0.0,0.4277447502598264,0.0,0.0,0.32272755705460043
1.0,0.0,0.4967333713541367,1.0,1.0,0.5588346392123185
1.0,1.0,0.529389782161508,1.0,1.0,0.6055800292921483
0.0,0.0,0.3832671471335645,1.0,1.0,0.5600323945092139
0.0,0.0,0.36700784692958577,0.0,0.0,0.311978576874987
0.0,1.0,0.5179023937471685,1.0,0.0,0.43596198257554647
1.0,1.0,0.515448158139841,1.0,1.0,0.5964902501571921
0.0,0.0,0.40836298568400814,1.0,0.0,0.43098113740840527
1.0,0.0,0.3768390938766516,1.0,1.0,0.5066981898034068
0.0,0.0,0.41715368954736215,0.0,0.0,0.4699125678045905
1.0,1.0,0.5672318330922557,1.0,0.0,0.44280854801953046
1.0,1.0,0.7738144595272034,0.0,1.0,0.5350514898165821
1.0,1.0,0.5690003160312127,0.0,0.0,0.35823997288686393
0.0,0.0,0.34635770737764404,0.0,0.0,0.33223562034679915
0.0,0.0,0.3487858089070273,0.0,0.0,0.3483650389253369
0.0,0.0,0.33039041782290174,0.0,0.0,0.42439755969243903
0.0,0.0,0.4159732631507037,0.0,0.0,0.4477235101844719
1.0,1.0,0.6582700875587068,0.0,0.0,0.4559314975782236
0.0,0.0,0.41802425897678075,0.0,0.0,0.37592337401035186
0.0,0.0,0.3268975662917747,1.0,0.0,0.32116616344504395
0.0,0.0,0.37040262724667633,0.0,0.0,0.3797271043660611
0.0,0.0,0.3338758497283958,1.0,1.0,0.7852433641887587
0.0,0.0,0.35842571247693095,1.0,0.0,0.4506122814379305
1.0,1.0,0.7678526163861586,0.0,0.0,0.3964696940797683
1.0,1.0,0.5193173234914377,1.0,1.0,0.7089002376637016
1.0,1.0,0.6787420546315255,1.0,1.0,0.6499391114001747
1.0,1.0,0.5273583187452577,0.0,0.0,0.35833972152309546
0.0,0.0,0.40985368013236884,0.0,0.0,0.3684099747705884
0.0,0.0,0.47759693047002905,0.0,0.0,0.3735466808294548
0.0,0.0,0.3028318231822561,0.0,0.0,0.3745782212201211
0.0,0.0,0.4466770654956701,0.0,1.0,0.5726217346389691
1.0,0.0,0.4769833075034818,1.0,1.0,0.5283409779669401
0.0,0.0,0.3264723522767549,0.0,0.0,0.30822907876419026
1.0,0.0,0.3621378247904636,0.0,0.0,0.42776781478340076
0.0,0.0,0.4240327849161555,1.0,0.0,0.4758131506657587
1.0,1.0,0.5703375487596304,1.0,0.0,0.39791536770946245
1.0,1.0,0.5130441625275933,1.0,1.0,0.6335442310819546
0.0,1.0,0.5178403438878768,1.0,1.0,0.8002630257518173
0.0,0.0,0.4952732355226442,1.0,1.0,0.5159601147727754
0.0,0.0,0.40256911221966146,0.0,0.0,0.355052793732472
0.0,0.0,0.29931165162934226,0.0,0.0,0.22236044123092744
0.0,0.0,0.3101043485791585,1.0,1.0,0.7764207059208224
1.0,0.0,0.4178215015214463,1.0,1.0,0.5792284890814856
1.0,1.0,0.5202782979381688,0.0,1.0,0.5904426755054908
0.0,0.0,0.4861125410771357,1.0,0.0,0.46883252832982636
0.0,0.0,0.415131968914686,0.0,0.0,0.3812074702092569
1.0,1.0,0.7174370792291898,1.0,1.0,0.7690028548654289
0.0,0.0,0.4385490252449413,1.0,0.0,0.48788991739028426
1.0,1.0,0.5397167479359015,1.0,0.0,0.42667922291389326
0.0,0.0,0.3415871654656405,0.0,0.0,0.41413094423166374
0.0,0.0,0.4161300379511967,0.0,0.0,0.40676199918618483
0.0,0.0,0.3528091293909984,1.0,0.0,0.47396621884850276
1.0,1.0,0.552473752241674,0.0,0.0,0.4276871758226419
1.0,1.0,0.6109140525089728,0.0,0.0,0.3728885004786418
1.0,1.0,0.5976451406139195,0.0,0.0,0.3927394944503933
1.0,0.0,0.3079381889373858,1.0,0.0,0.43814686432678884
0.0,0.0,0.4128174092025064,0.0,0.0,0.40756243253332686
0.0,1.0,0.52993636014678,1.0,1.0,0.5280849328003009
1.0,1.0,0.5859870091058219,1.0,0.0,0.3313109332032331
1.0,1.0,0.7734416026627042,1.0,0.0,0.4476366458218076
0.0,1.0,0.5911173810113076,0.0,1.0,0.5012586428130459
1.0,1.0,0.6210908332897094,0.0,0.0,0.3402036548217431
0.0,0.0,0.3698579205192615,0.0,0.0,0.39851847883300745
1.0,1.0,0.5107056020371185,1.0,1.0,0.6968911996031332
1.0,1.0,0.5609389277622705,0.0,0.0,0.3683633260542851
0.0,0.0,0.36840744106981516,0.0,0.0,0.31757576499470286
0.0,0.0,0.445118156636007,1.0,0.0,0.4647123142904214
0.0,0.0,0.4194203171161182,1.0,1.0,0.631948972706227
1.0,1.0,0.789477293247429,0.0,0.0,0.40356713235426916
1.0,1.0,0.6816107681926,0.0,0.0,0.36976312404458844
0.0,0.0,0.3940041118930553,0.0,0.0,0.47698340080409996
1.0,1.0,0.6411629392815924,1.0,0.0,0.3457023418554603
1.0,0.0,0.3578306255110912,1.0,1.0,0.5108267232158096
0.0,1.0,0.6004907591235267,0.0,0.0,0.39006939527217555
0.0,1.0,0.5218484382988468,1.0,1.0,0.658085205799135
1.0,1.0,0.6338617564651117,1.0,0.0,0.42631880170113745
0.0,0.0,0.44446238027885815,1.0,0.0,0.42835960236565057
0.0,1.0,0.536033236905561,0.0,0.0,0.46049145451331774
1.0,1.0,0.6650784612065884,1.0,1.0,0.5479483686108161
0.0,0.0,0.36976976607056955,1.0,1.0,0.5130281394546989
0.0,1.0,0.5300336710750229,0.0,1.0,0.5330202458128862
0.0,1.0,0.5709606387132594,1.0,0.0,0.3715594924334162
1.0,1.0,0.6311013670782057,1.0,0.0,0.4497763924499157
0.0,1.0,0.5204913005289362,0.0,0.0,0.35734910167039013
1.0,1.0,0.5125309258659233,1.0,0.0,0.4213639655502847
0.0,0.0,0.38691395784943766,0.0,0.0,0.36016168007910054
1.0,1.0,0.61766724883209,0.0,0.0,0.3942634413941906
1.0,1.0,0.6384127208115429,0.0,0.0,0.4476290689266053
0.0,0.0,0.4448359420893899,0.0,0.0,0.37491066632618325
1.0,0.0,0.4319615153823891,0.0,0.0,0.3940247761600826
0.0,1.0,0.5127297650526291,0.0,0.0,0.456064981836907
0.0,0.0,0.49011840173628174,1.0,1.0,0.5249783101269155
1.0,1.0,0.6681291991261094,1.0,1.0,0.6267289260456864
1.0,1.0,0.5624438301827688,1.0,0.0,0.4178757074870448
0.0,0.0,0.41631289455582465,0.0,0.0,0.30798729006044645
1.0,1.0,0.6669038528089076,1.0,1.0,0.5777636526080299
0.0,0.0,0.41147372059750875,1.0,1.0,0.7067630762511593
1.0,1.0,0.6688082520956936,0.0,0.0,0.40173685363238804
0.0,1.0,0.5655759293963399,1.0,1.0,0.5248248205324113
1.0,0.0,0.3945930023813679,0.0,0.0,0.3842420389866666
1.0,1.0,0.6025850759408566,1.0,1.0,0.7362065283711682
0.0,0.0,0.4449254820282069,1.0,0.0,0.47455492399661797
0.0,0.0,0.4294342169590839,1.0,1.0,0.5470110417109121
0.0,0.0,0.4418589861939441,0.0,0.0,0.4198302482064385
0.0,0.0,0.39786959678070466,0.0,0.0,0.3594151478997926
1.0,0.0,0.40572166741984234,1.0,0.0,0.498883012154713
0.0,0.0,0.4457583778441823,0.0,0.0,0.38311542180390695
0.0,0.0,0.391607563284913,0.0,0.0,0.40369629876159224
0.0,0.0,0.37861947850848493,0.0,0.0,0.46417282308021
0.0,0.0,0.3743893521966259,1.0,1.0,0.707116858746988
0.0,0.0,0.4393175773844699,0.0,0.0,0.4231604675344527
0.0,0.0,0.39331967082718844,0.0,0.0,0.430113979606863
0.0,0.0,0.3263090686239745,0.0,0.0,0.3848204257138867
0.0,0.0,0.4338040572725035,0.0,0.0,0.43725594587522076
0.0,0.0,0.3605020684099962,0.0,0.0,0.4165626598106726
0.0,1.0,0.5512206671725545,1.0,1.0,0.6954682479903732
1.0,1.0,0.5095711650707454,1.0,1.0,0.5117066173702665
1.0,0.0,0.4471384267510921,0.0,0.0,0.43156514081958675
0.0,0.0,0.3654074307564742,1.0,0.0,0.4532980463022419
1.0,0.0,0.48000944656552286,1.0,0.0,0.4809164016820339
0.0,0.0,0.40135522052285133,1.0,1.0,0.728545316195908
1.0,0.0,0.3793793058485479,0.0,0.0,0.3581389559612148
1.0,1.0,0.532050549292572,0.0,0.0,0.47330835136271077
0.0,1.0,0.5040961394508029,1.0,1.0,0.5144191273550544
0.0,0.0,0.3750331576483105,1.0,0.0,0.49254315656322534
0.0,0.0,0.482524148130745,1.0,1.0,0.5357313769344887
1.0,0.0,0.4477617593538972,1.0,1.0,0.6125620182697791
0.0,0.0,0.4142045615532416,0.0,0.0,0.388554863235916
1.0,0.0,0.4563747932790983,0.0,0.0,0.46680769631712277
1.0,1.0,0.5752553749734015,0.0,0.0,0.40144507773849536
0.0,0.0,0.3751231701916555,1.0,1.0,0.6258128298651575
1.0,0.0,0.44796797621109447,0.0,0.0,0.416287557463848
1.0,1.0,0.6016418049858904,0.0,0.0,0.3749612701487121
1.0,1.0,0.5319950885956842,0.0,0.0,0.412439972524179
1.0,1.0,0.5109181718059911,1.0,0.0,0.4308264709766944
1.0,0.0,0.4597069202350101,0.0,0.0,0.42210258371001835
0.0,0.0,0.45075449751890423,0.0,0.0,0.3663684135897839
0.0,0.0,0.3985250867015605,1.0,0.0,0.4578110110635035
1.0,0.0,0.4849362302935329,1.0,1.0,0.692942057842793
1.0,1.0,0.5589695957210193,0.0,1.0,0.5986448168034381
1.0,0.0,0.48069958157736437,0.0,0.0,0.3217533329338817
1.0,1.0,0.6232438843591895,1.0,1.0,0.5782938251932499
0.0,0.0,0.4072331012657331,1.0,0.0,0.32828536930012625
0.0,0.0,0.45644190496939663,0.0,0.0,0.4330452698117873
1.0,1.0,0.5494469626274249,0.0,1.0,0.503542293998783
0.0,0.0,0.42121078834556563,1.0,0.0,0.4508636980707862
1.0,1.0,0.5039685245017586,1.0,0.0,0.3374719175544065
0.0,0.0,0.3842369148035058,0.0,0.0,0.4578713344771772
1.0,1.0,0.6136938840499797,0.0,1.0,0.5248248205324113
1.0,0.0,0.42353219570865713,0.0,1.0,0.5592305369962163
1.0,0.0,0.4291528674320871,1.0,1.0,0.5608261759304863
0.0,0.0,0.3172113217204456,0.0,0.0,0.4960327294938198
0.0,0.0,0.4558076984829376,1.0,0.0,0.49561207943691177
0.0,0.0,0.4242558634200572,1.0,1.0,0.5745852268248163
0.0,0.0,0.33252117832989475,1.0,0.0,0.3829411009802147
0.0,0.0,0.41884520897345584,1.0,1.0,0.6921642878038209
1.0,1.0,0.5251739291973104,1.0,0.0,0.3658520750050366
1.0,1.0,0.6851406090936347,0.0,1.0,0.5273945338627227
1.0,1.0,0.5949033499127285,0.0,0.0,0.4719410306792717
0.0,0.0,0.43680972156886355,0.0,0.0,0.36216059393576794
0.0,0.0,0.37358092997710374,1.0,1.0,0.6787554353401537
0.0,0.0,0.4624353088712131,0.0,0.0,0.3728222972982248
1.0,0.0,0.4120636438734606,1.0,1.0,0.6789731247725506
0.0,0.0,0.42838434872550646,1.0,1.0,0.701818940422121
0.0,0.0,0.4231469734971792,0.0,0.0,0.3895097451052233
0.0,0.0,0.3950447730789755,0.0,0.0,0.3472421706624854
0.0,0.0,0.32595099903212826,0.0,0.0,0.36258426095045815
1.0,0.0,0.4370170488483538,0.0,0.0,0.3004904804830235
1.0,0.0,0.48348749216034465,0.0,0.0,0.3946271457311887
0.0,0.0,0.49439360530399734,1.0,0.0,0.3630890616561615
0.0,0.0,0.40345556014285283,0.0,0.0,0.3782595165144254
1.0,1.0,0.5181606445880761,1.0,1.0,0.7039069344253319
0.0,0.0,0.47526219030814554,0.0,0.0,0.33901391564820893
0.0,0.0,0.4655463332079692,0.0,0.0,0.3539182985156622
1.0,1.0,0.5384625688581129,0.0,1.0,0.60920199149506
0.0,0.0,0.36274841210229736,1.0,1.0,0.5685523812261754
1.0,0.0,0.4513067451404206,0.0,0.0,0.30840439387335067
1.0,1.0,0.7262192242754059,0.0,0.0,0.32030165153361284
1.0,1.0,0.5377804383511958,0.0,0.0,0.49723514726538065
0.0,0.0,0.34101129323957863,1.0,0.0,0.3046922119128799
1.0,1.0,0.5296005006898946,0.0,0.0,0.34248336521718986
0.0,0.0,0.3934356930787191,1.0,1.0,0.8110347220866851
1.0,0.0,0.4616678693758492,0.0,0.0,0.22236044123092744
0.0,0.0,0.41546243235609964,0.0,0.0,0.4968422702488779
0.0,0.0,0.4719150476156842,1.0,1.0,0.538958728055996
1.0,1.0,0.826282736383295,1.0,0.0,0.4412103179110127
0.0,0.0,0.44467113847023737,0.0,0.0,0.3963662529354775
0.0,0.0,0.44994761606299527,0.0,0.0,0.3551807630281432
0.0,0.0,0.29185567708984095,0.0,0.0,0.4020362381275129
1.0,1.0,0.7074216810750317,0.0,0.0,0.4292769213401016
0.0,0.0,0.4231434670721986,1.0,0.0,0.4102205534979123
0.0,0.0,0.44372056981133384,1.0,0.0,0.42109720656636634
0.0,0.0,0.4235239691829996,0.0,0.0,0.32169526821121625
0.0,0.0,0.3977311441115385,0.0,0.0,0.37737386406011
1.0,0.0,0.33408075239649676,1.0,1.0,0.5415868175085965
0.0,0.0,0.42523382054507985,0.0,0.0,0.42516726950624023
0.0,0.0,0.42505770782834323,1.0,0.0,0.46436571310126656
0.0,0.0,0.46047204750546167,1.0,1.0,0.5456246216207126
0.0,0.0,0.4527888150833238,1.0,1.0,0.8363234572379648
0.0,0.0,0.4353999133724576,1.0,1.0,0.7155457493575047
1.0,0.0,0.49056471049851536,1.0,0.0,0.4960928392073176
1.0,1.0,0.558118115709399,1.0,0.0,0.4234210337009367
0.0,1.0,0.6136654500052234,1.0,1.0,0.5465482088581985
1.0,1.0,0.5110906016117508,0.0,0.0,0.3219990104957801
0.0,1.0,0.500386018179584,1.0,1.0,0.5205872717688006
1.0,0.0,0.4182259896756752,0.0,0.0,0.4026857443878887
0.0,0.0,0.3815870107369781,0.0,0.0,0.47451460586803856
0.0,0.0,0.39787686349842494,0.0,0.0,0.4453017683312306
0.0,0.0,0.3783771810038599,0.0,1.0,0.5483091146297919
0.0,0.0,0.452409198763318,0.0,0.0,0.4286604612332937
1.0,1.0,0.5163652468847182,0.0,0.0,0.3270893610339421
0.0,0.0,0.3981066407771359,1.0,0.0,0.4445385594012364
1.0,1.0,0.6783211205567542,0.0,0.0,0.46312973099244353
1.0,0.0,0.4046952678323658,1.0,1.0,0.6524231000592225
0.0,0.0,0.4707379162171125,0.0,1.0,0.5347714240679916
1.0,1.0,0.5146839838331321,0.0,0.0,0.34013871465201123
1.0,1.0,0.5192499513851707,1.0,1.0,0.5716994647517636
1.0,1.0,0.6103593571733814,0.0,0.0,0.392333598705101
0.0,0.0,0.3497584238791964,0.0,0.0,0.3394023266190258
1.0,0.0,0.45217945110487906,1.0,1.0,0.6735126285025923
0.0,0.0,0.4208258480475599,1.0,1.0,0.6103366370480344
0.0,0.0,0.3132493104041558,0.0,0.0,0.3020695802596904
0.0,0.0,0.4800921544074238,0.0,0.0,0.3690563205580044
0.0,0.0,0.3381347092190105,0.0,0.0,0.4581144525447357
1.0,1.0,0.5401903815418732,0.0,0.0,0.38625121805378426
0.0,0.0,0.33600102166339235,0.0,0.0,0.43194361730433173
0.0,0.0,0.3968610562457355,1.0,1.0,0.6943872429853878
0.0,0.0,0.36058401724282674,0.0,0.0,0.48331747467119224
1.0,1.0,0.6557250253690474,0.0,0.0,0.4033956597584126
0.0,0.0,0.45159478126551694,1.0,0.0,0.41851294686849644
0.0,0.0,0.44628518597166333,0.0,0.0,0.3911622080437542
1.0,1.0,0.5433546632537484,1.0,1.0,0.5375760981026879
0.0,1.0,0.5772384379982801,1.0,1.0,0.5310985165689374
0.0,0.0,0.4631172713806558,0.0,0.0,0.42392968856154556
1.0,1.0,0.5007364179191068,0.0,0.0,0.35961127176117397
1.0,1.0,0.8256362588833998,1.0,0.0,0.40627289371993464
1.0,1.0,0.7272941986331443,0.0,0.0,0.4583221872821766
1.0,0.0,0.4893185524008611,0.0,1.0,0.5240003320344079
1.0,1.0,0.6603133729269639,0.0,0.0,0.40263307618024374
1.0,0.0,0.4285875131546393,1.0,1.0,0.6264145305718174
0.0,0.0,0.43601428887184807,1.0,1.0,0.6085784582694345
0.0,0.0,0.3543869426693445,0.0,0.0,0.4523249588912645
1.0,1.0,0.6472533312834649,1.0,0.0,0.4208137900734132
1.0,0.0,0.4123733462293536,0.0,1.0,0.5178384201124655
0.0,0.0,0.3962602653851673,0.0,0.0,0.4233772267560672
0.0,0.0,0.42961157862628546,1.0,1.0,0.617659244981331
1.0,1.0,0.501266717713032,1.0,0.0,0.3809515788442034
0.0,0.0,0.40637969843867916,0.0,0.0,0.35814590846235606
1.0,1.0,0.6155872773636144,1.0,0.0,0.49818353534385806
1.0,1.0,0.5058576217730748,1.0,0.0,0.3910759233758586
0.0,0.0,0.42437996127421385,0.0,0.0,0.46326543422411737
0.0,0.0,0.40471297323845723,0.0,1.0,0.6820154218721081
1.0,1.0,0.5353765448953861,0.0,0.0,0.3457346043738094
1.0,1.0,0.5502458274167232,1.0,1.0,0.5490633193807294
0.0,0.0,0.4041909558101952,1.0,1.0,0.6062849376135382
0.0,0.0,0.38157622515339246,1.0,1.0,0.551624903162698
0.0,0.0,0.4851984153206356,1.0,0.0,0.4883998747725768
0.0,1.0,0.6059761731159241,1.0,0.0,0.39079669308764803
1.0,1.0,0.5208336801767292,0.0,0.0,0.34687745875208265
0.0,0.0,0.36471946466707683,0.0,0.0,0.40245203130155477
1.0,1.0,0.5334396022856109,1.0,0.0,0.44378849997804926
0.0,0.0,0.4811323752677433,1.0,1.0,0.5525673873761332
1.0,0.0,0.4521439803384777,0.0,0.0,0.4249145837448891
0.0,0.0,0.328435092996381,1.0,0.0,0.4041043708267991
0.0,0.0,0.40218484595214465,0.0,1.0,0.6214723501515115
0.0,0.0,0.4250148576640705,1.0,1.0,0.6898191057492019
0.0,0.0,0.39375522522153666,0.0,0.0,0.4074797935618806
0.0,0.0,0.3991787918380406,0.0,0.0,0.2891008741788311
0.0,0.0,0.4193354025898393,1.0,0.0,0.3196678995160591
1.0,1.0,0.530208826274242,1.0,0.0,0.42676884080235294
0.0,1.0,0.636292186792383,1.0,1.0,0.5996761419186759
1.0,1.0,0.6046383793088359,0.0,0.0,0.3238509929071557
1.0,1.0,0.8210710680414486,1.0,1.0,0.5273583187452577
1.0,1.0,0.8172038251466377,0.0,0.0,0.37484679258892806
0.0,0.0,0.3760122042572989,1.0,1.0,0.6136096557790006
0.0,0.0,0.48757488011490463,0.0,0.0,0.36590592679238276
1.0,0.0,0.4344889708710636,0.0,0.0,0.3797217274025372
1.0,0.0,0.4038252838727345,0.0,0.0,0.41829114304007536
0.0,0.0,0.47926278999500127,1.0,1.0,0.6557310914673824
1.0,1.0,0.7316010919345891,0.0,0.0,0.34121898112550064
0.0,0.0,0.39002803411042325,0.0,0.0,0.3979787896345073
1.0,0.0,0.3908015498131748,1.0,1.0,0.5086798451350675
0.0,0.0,0.3954134208803952,0.0,0.0,0.4463776763723987
0.0,0.0,0.45995257895788616,0.0,0.0,0.3035461963828553
0.0,1.0,0.5039431860677238,1.0,1.0,0.50020298177167
0.0,0.0,0.40832184940954935,1.0,0.0,0.4000102395459872
0.0,0.0,0.4458833571909497,1.0,1.0,0.5893889336947422
0.0,0.0,0.45206712716523634,0.0,0.0,0.46781335589227885
1.0,1.0,0.5694677601912844,0.0,0.0,0.4632290616911731
0.0,0.0,0.39841950921709046,0.0,0.0,0.351614213817748
1.0,1.0,0.5127689143451748,1.0,0.0,0.41898761464491496
1.0,0.0,0.48794632131071886,0.0,0.0,0.45846649028136593
0.0,0.0,0.3969598474107541,0.0,0.0,0.48520152357843704
0.0,0.0,0.48115357303918516,1.0,0.0,0.447755110339048
0.0,0.0,0.41496634764755375,1.0,1.0,0.5721971644538296
1.0,0.0,0.4035109515875653,0.0,0.0,0.39153466742435783
1.0,0.0,0.48788069196076944,1.0,1.0,0.6190857856693256
0.0,0.0,0.3748581219846935,1.0,1.0,0.5407900642818145
0.0,0.0,0.45931540105228996,0.0,0.0,0.41542309251571524
1.0,1.0,0.7762303703058726,1.0,0.0,0.37592512802240596
0.0,0.0,0.22236044123092744,0.0,1.0,0.5240879149919229
1.0,1.0,0.5085122028364958,1.0,1.0,0.6472936623605009
0.0,1.0,0.5288575831125386,0.0,0.0,0.457407388005305
1.0,1.0,0.5897788711886889,0.0,0.0,0.4607953889583003
1.0,1.0,0.6651795198809746,0.0,0.0,0.4713046553457566
1.0,0.0,0.48077774325569395,0.0,1.0,0.6038107011963189
0.0,0.0,0.36977397443726845,1.0,0.0,0.4858174245792429
0.0,1.0,0.5921185659862966,0.0,0.0,0.39547400731481575
1.0,0.0,0.48463718108557885,1.0,1.0,0.5235600808782754
1.0,1.0,0.7026618628660168,0.0,1.0,0.505743907430064
1.0,0.0,0.4274310213398804,0.0,0.0,0.41055062090726546
0.0,1.0,0.5306009173223812,1.0,1.0,0.5153449767612356
1.0,1.0,0.549317474057034,0.0,0.0,0.42904524984527237
0.0,1.0,0.6238845615210913,0.0,0.0,0.3618821585886609
1.0,0.0,0.4720280548186297,1.0,1.0,0.8108695516849358
0.0,0.0,0.3104655810790946,1.0,0.0,0.3922377330583308
0.0,0.0,0.34714020806779755,1.0,0.0,0.40680139085842326
1.0,1.0,0.8045618304227014,1.0,1.0,0.668220212090688
1.0,0.0,0.3889245375970701,1.0,1.0,0.5894524674436487
0.0,0.0,0.48535393429979573,1.0,1.0,0.5363183698167181
1.0,0.0,0.43917302729063545,1.0,0.0,0.49772945825419196
0.0,0.0,0.4270925981985431,1.0,0.0,0.4384828379308253
1.0,0.0,0.48788991739028426,1.0,1.0,0.643369197003313
0.0,1.0,0.5436507810449782,0.0,0.0,0.3402036548217431
1.0,1.0,0.8050362929622228,0.0,0.0,0.42215254550174897
0.0,0.0,0.43815434677428744,1.0,1.0,0.6073813822479448
1.0,1.0,0.6461981509670944,1.0,1.0,0.5331852599457223
1.0,1.0,0.5957848973673515,1.0,1.0,0.5700982755434335
0.0,0.0,0.46747564856252893,0.0,0.0,0.4376015522483705
0.0,0.0,0.3912501794682915,0.0,0.0,0.3294779214512153
0.0,0.0,0.40247192562241607,0.0,0.0,0.41144028524600434
0.0,0.0,0.3879789992841958,0.0,0.0,0.4055153837866244
1.0,1.0,0.595954843394641,0.0,0.0,0.3893681673024744
0.0,0.0,0.41240302709008136,1.0,1.0,0.5108377498585095
1.0,0.0,0.4251324138643122,0.0,0.0,0.39220392452748565
0.0,0.0,0.3761547424540382,1.0,1.0,0.5002065762691618
0.0,0.0,0.4146569192930442,0.0,1.0,0.5939588885998704
1.0,0.0,0.45143009393067424,1.0,1.0,0.7925297578782013
0.0,0.0,0.4107082221381823,0.0,0.0,0.4217159897171972
0.0,0.0,0.4524981579330328,1.0,0.0,0.3663847746846574
0.0,0.0,0.43690298236228586,0.0,1.0,0.5039094397330053
1.0,1.0,0.540692367375444,0.0,0.0,0.4449817491450677
0.0,0.0,0.35543022125685103,1.0,0.0,0.497193570542208
0.0,0.0,0.3773114844482352,1.0,0.0,0.48687660903146446
0.0,1.0,0.5072940771627762,1.0,0.0,0.36635166755550286
1.0,0.0,0.49138746195352917,0.0,0.0,0.3553689111598444
1.0,0.0,0.4342425801063394,0.0,0.0,0.4317141135034904
0.0,0.0,0.37574490119141835,1.0,1.0,0.7428392861979537
1.0,1.0,0.5525519895321909,1.0,1.0,0.5110906016117508
0.0,0.0,0.4125451431877657,1.0,0.0,0.32123304798481894
0.0,0.0,0.3632053469531051,1.0,1.0,0.5688046475768066
1.0,1.0,0.6357138607634839,1.0,0.0,0.4832009028824476
1.0,0.0,0.468788052648656,1.0,1.0,0.8205250241581873
1.0,0.0,0.3556836807912529,0.0,0.0,0.30509535499082857
0.0,1.0,0.5382320259458225,0.0,0.0,0.33145705811194354
0.0,0.0,0.3410587147066537,0.0,0.0,0.40262684530236564
1.0,1.0,0.7145937452448262,0.0,0.0,0.3705127360323192
1.0,1.0,0.5666680071118888,1.0,0.0,0.4403835349023163
1.0,0.0,0.48875735681900373,1.0,0.0,0.46100023871840173
1.0,1.0,0.5362908291111279,1.0,0.0,0.4840325667854436
1.0,0.0,0.40488043962214215,0.0,1.0,0.5180149238368189
0.0,0.0,0.4474583007950547,0.0,0.0,0.434895534884884
1.0,1.0,0.5036597259501712,1.0,1.0,0.7792328775337052
1.0,1.0,0.566805538703422,1.0,0.0,0.42583674461734555
1.0,0.0,0.4613480904480941,0.0,0.0,0.36277027790798694
1.0,0.0,0.4736118245263876,0.0,0.0,0.40746205444854555
1.0,1.0,0.7197435369100084,0.0,0.0,0.39979583458890094
1.0,1.0,0.6945970290090491,1.0,0.0,0.4757380483907404
0.0,0.0,0.4211967870806447,0.0,0.0,0.43155162455318435
1.0,0.0,0.44337278170823535,0.0,0.0,0.334239103312642
1.0,1.0,0.5935080359545013,1.0,0.0,0.47136989904667154
1.0,0.0,0.4522699000119252,0.0,0.0,0.29539129862567093
1.0,1.0,0.6152429816636661,1.0,0.0,0.4337464939884734
1.0,1.0,0.5010283916304483,0.0,0.0,0.3641465905377054
1.0,0.0,0.43079271059361335,0.0,0.0,0.44621874236245274
1.0,1.0,0.7737651214908134,0.0,0.0,0.3936956171489985
0.0,0.0,0.36251275263874716,1.0,1.0,0.6390733827438927
0.0,0.0,0.41808715256881296,0.0,0.0,0.4168328121383981
0.0,0.0,0.3153650525627212,0.0,0.0,0.41291220453593425
0.0,0.0,0.49373098742543914,0.0,0.0,0.4540613493233198
1.0,1.0,0.5523555121382668,0.0,0.0,0.4201984593605768
0.0,0.0,0.49791899105032145,1.0,1.0,0.5470509860554579
0.0,0.0,0.44684794675842665,1.0,0.0,0.4416778789779706
1.0,1.0,0.5351438399650329,1.0,1.0,0.5768703791815182
0.0,0.0,0.3492295100233972,0.0,0.0,0.40693005999334575
1.0,0.0,0.4888897106755143,0.0,0.0,0.41569210820873564
0.0,0.0,0.42252524436388905,0.0,0.0,0.48388864208628096
1.0,1.0,0.5157983269037766,0.0,0.0,0.3701884958598683
0.0,0.0,0.2741765630670835,1.0,1.0,0.6039466408750902
1.0,0.0,0.46000489415796253,1.0,1.0,0.5206163136435321
0.0,0.0,0.4908413782551437,0.0,0.0,0.46752533286577896
0.0,0.0,0.41324985199938874,0.0,0.0,0.36107105247017324
1.0,1.0,0.8003341283208373,0.0,0.0,0.42968916144358454
1.0,0.0,0.498233135734901,1.0,1.0,0.7671946818253057
1.0,1.0,0.631176367535402,0.0,0.0,0.43558243457626944
0.0,0.0,0.41373384892375364,1.0,0.0,0.3714881567303036
0.0,0.0,0.42514926836659384,0.0,0.0,0.3752774223246905
0.0,0.0,0.4100679664865352,0.0,0.0,0.3201127009637308
1.0,1.0,0.5595792745632571,0.0,0.0,0.4100063730719984
1.0,1.0,0.5736447790903247,0.0,0.0,0.4196227145702508
1.0,1.0,0.5124866937418473,1.0,1.0,0.7002818152911208
1.0,1.0,0.6089460837912029,1.0,1.0,0.5273583187452577
0.0,0.0,0.41563775196048713,1.0,1.0,0.5081459375941372
0.0,0.0,0.4662016315907417,0.0,1.0,0.5331261630073046
1.0,1.0,0.5217238487365291,0.0,0.0,0.3646279901733964
0.0,0.0,0.32692530603350806,0.0,0.0,0.46006606752066576
0.0,1.0,0.5726782895250841,1.0,1.0,0.5166203605294581
0.0,0.0,0.43283749719155495,1.0,0.0,0.4891465434989476
0.0,0.0,0.40227261145387383,1.0,0.0,0.46959242984461874
1.0,1.0,0.5355238763459128,0.0,0.0,0.3897690600635697
0.0,0.0,0.3534395195783875,0.0,0.0,0.391176396984985
0.0,0.0,0.3298114731383134,1.0,1.0,0.5144419348805158
0.0,0.0,0.37542627802377476,1.0,0.0,0.4250640465721628
1.0,1.0,0.6500741560877563,1.0,0.0,0.45143009393067424
1.0,1.0,0.7262987485741275,1.0,1.0,0.5096248277777415
0.0,0.0,0.36583649811257035,0.0,0.0,0.47789116873724646
0.0,0.0,0.4073984213332802,1.0,1.0,0.7053420203902694
1.0,1.0,0.5783575703214077,0.0,0.0,0.491025005695844
0.0,0.0,0.3583689119843223,0.0,0.0,0.3780223923027847
0.0,0.0,0.4566934107913364,1.0,1.0,0.5243130251725935
0.0,0.0,0.37318314719411444,1.0,1.0,0.5134848574671121
1.0,1.0,0.5041319210758548,0.0,0.0,0.364810477657474
0.0,0.0,0.4206057431211481,1.0,0.0,0.40191209629475555
0.0,0.0,0.22236044123092744,1.0,0.0,0.46592617527458596
1.0,1.0,0.6772925559708567,1.0,0.0,0.3651895087512016
1.0,1.0,0.5848463824965543,0.0,0.0,0.36986978238300483
1.0,1.0,0.5810386408050303,1.0,0.0,0.45933447774960445
1.0,1.0,0.5214370074126686,0.0,1.0,0.5072933983937017
1.0,1.0,0.8370215129064686,0.0,0.0,0.3820997635162438
0.0,0.0,0.3163032765508415,1.0,1.0,0.6432920791586149
1.0,1.0,0.624014411241822,0.0,0.0,0.41169380045797976
1.0,0.0,0.41707976709694444,1.0,0.0,0.4252643470109034
0.0,0.0,0.3395107201436469,1.0,1.0,0.5438753867144
0.0,0.0,0.4163660720515398,1.0,0.0,0.45920737136382705
1.0,1.0,0.6922903142537734,0.0,0.0,0.36428289697367144
1.0,1.0,0.8244200417908347,0.0,0.0,0.4399655078726758
1.0,1.0,0.5068976820032046,1.0,1.0,0.5502279615106218
1.0,0.0,0.49299105136306476,1.0,0.0,0.37441968724063823
0.0,0.0,0.439070695042171,0.0,0.0,0.4025620263761338
0.0,0.0,0.3720535094444257,0.0,0.0,0.4746175789334515
1.0,1.0,0.5355608812375798,0.0,0.0,0.44319383131624135
1.0,0.0,0.42985959025488096,0.0,0.0,0.43243340414808157
1.0,1.0,0.684605825163757,1.0,0.0,0.46049838432883883
1.0,0.0,0.4538973001767975,1.0,1.0,0.53678834044874
1.0,1.0,0.5956083871173381,0.0,1.0,0.5138441016611625
0.0,1.0,0.631948972706227,0.0,0.0,0.4174987404230016
0.0,0.0,0.4261831418033207,1.0,0.0,0.46434703371585107
1.0,1.0,0.6624373008126738,1.0,1.0,0.5311273879114161
0.0,0.0,0.39242249620596936,0.0,0.0,0.4225413763415556
0.0,0.0,0.42996062557179204,0.0,0.0,0.410904898558434
0.0,0.0,0.44766386001774244,1.0,0.0,0.4786517381222683
1.0,1.0,0.8156379140952612,0.0,0.0,0.39706609237382384
1.0,0.0,0.4776831530467576,1.0,0.0,0.3839065721052222
0.0,0.0,0.4831845430932076,0.0,0.0,0.4091689787475714
0.0,0.0,0.4157840432935189,1.0,0.0,0.43259589408654453
0.0,0.0,0.39912368536485854,0.0,0.0,0.40022453990154133
0.0,0.0,0.371883199357274,1.0,1.0,0.7056956635614915
0.0,0.0,0.43210225222484117,0.0,0.0,0.38778993920863924
0.0,0.0,0.4902654581045018,0.0,0.0,0.45124784554988034
1.0,1.0,0.7245515540528523,0.0,0.0,0.3606225853675724
1.0,0.0,0.3773114844482352,1.0,1.0,0.6113644386385192
1.0,1.0,0.5512400779706155,0.0,1.0,0.702863672567818
0.0,0.0,0.39446262414303324,0.0,0.0,0.3772085086187888
0.0,0.0,0.42041977355817145,1.0,1.0,0.5810107645259499
0.0,1.0,0.5238659487374145,0.0,0.0,0.41647783365701324
1.0,1.0,0.5777325815226975,0.0,0.0,0.3955592348529741
1.0,0.0,0.4883861848430803,0.0,1.0,0.5437860294907317
1.0,0.0,0.4927814176265101,0.0,0.0,0.39558441886915857
1.0,0.0,0.3219990104957801,0.0,0.0,0.43941764564527985
0.0,0.0,0.4775096676506072,1.0,0.0,0.47397929364971064
1.0,1.0,0.6294779073905012,0.0,0.0,0.4160198062190972
1.0,1.0,0.5490146665393502,0.0,0.0,0.43850792058690014
1.0,1.0,0.8226659937611536,1.0,1.0,0.5873770443926097
0.0,0.0,0.41993569421176347,0.0,0.0,0.4633493649994175
0.0,0.0,0.40789976321623184,0.0,0.0,0.3158954630252935
0.0,0.0,0.43849762533179537,1.0,1.0,0.512487780795849
1.0,1.0,0.592495688217844,1.0,1.0,0.5553153833785368
1.0,1.0,0.6877815680976811,0.0,0.0,0.4059836588138419
0.0,0.0,0.3556297229819407,1.0,1.0,0.5102511261989752
1.0,1.0,0.5011995110241413,1.0,0.0,0.4835676003046724
0.0,0.0,0.44008072061017783,0.0,0.0,0.4818910443865531
1.0,1.0,0.509764818222471,0.0,0.0,0.47267279416745295
0.0,0.0,0.38595064618225994,1.0,0.0,0.44671462798801675
1.0,1.0,0.5512224693962768,0.0,0.0,0.4030814808738947
1.0,0.0,0.46341149591993064,0.0,0.0,0.4912527919652077
1.0,0.0,0.36156119683424337,0.0,1.0,0.5340494474827848
0.0,0.0,0.35986861444981433,1.0,0.0,0.372153854839965
1.0,1.0,0.7275751298003278,1.0,0.0,0.2898336302505559
0.0,0.0,0.39008596423428726,0.0,0.0,0.3896172347958714
1.0,1.0,0.6425378257363673,1.0,1.0,0.5263689449383836
0.0,0.0,0.469832165407402,1.0,1.0,0.6123676767872623
0.0,0.0,0.3472131986819735,0.0,0.0,0.4466431255969489
0.0,0.0,0.34953955187501057,0.0,0.0,0.418306843716082
1.0,1.0,0.6563196045317933,1.0,0.0,0.4577044775959815
0.0,0.0,0.42331991355157045,1.0,0.0,0.4031766737367418
1.0,1.0,0.5797365981762839,0.0,0.0,0.46013943604268986
0.0,0.0,0.47418950980703045,0.0,0.0,0.4081705095547507
1.0,1.0,0.589186111341548,0.0,1.0,0.5013679288567994
0.0,0.0,0.35736451467290264,0.0,0.0,0.3636597334512202
1.0,0.0,0.3946596327055393,0.0,0.0,0.38025839096704517
1.0,0.0,0.40261917115992313,0.0,0.0,0.47575684076021235
1.0,1.0,0.8422465976521969,0.0,0.0,0.4360048158568714
1.0,1.0,0.5027447750281357,1.0,0.0,0.43006124270692064
1.0,1.0,0.608329161825051,1.0,0.0,0.4040704818716484
1.0,1.0,0.6436375021182458,0.0,0.0,0.3963522139832797
1.0,1.0,0.5303942360962363,0.0,0.0,0.41396661119720835
1.0,1.0,0.5774044229623881,0.0,0.0,0.41258462888361364
0.0,0.0,0.3773114844482352,1.0,0.0,0.48556523697536286
1.0,1.0,0.7087321797413204,0.0,0.0,0.45686962898766337
0.0,1.0,0.5300072383288137,0.0,0.0,0.41956981155736983
1.0,1.0,0.517463282457713,1.0,1.0,0.6536042318027222
1.0,1.0,0.6147236059964198,0.0,0.0,0.49934266338230937
1.0,1.0,0.72264515700556,1.0,1.0,0.7832237893059395
0.0,0.0,0.4013423826602382,0.0,0.0,0.3219525294511924
1.0,1.0,0.5058348079663574,1.0,1.0,0.6179544686364151
0.0,0.0,0.32915883936744345,0.0,0.0,0.4870996892211505
1.0,0.0,0.4862471365061427,1.0,1.0,0.5839619788266995
1.0,0.0,0.4479993459023188,1.0,0.0,0.43037131735237266
0.0,0.0,0.38297264856349683,1.0,1.0,0.5757011953464529
1.0,0.0,0.4038790479357789,1.0,0.0,0.43616417022657905
0.0,0.0,0.36928234363240525,1.0,1.0,0.6638745051521803
1.0,1.0,0.6582588999476301,0.0,0.0,0.48134010690412204
0.0,0.0,0.40641702176523925,0.0,0.0,0.305177223352863
1.0,0.0,0.47822920862565915,0.0,0.0,0.32030165153361284
0.0,0.0,0.335609603521447,1.0,0.0,0.4216279871378373
1.0,0.0,0.44679335803085685,0.0,0.0,0.4725209661451682
1.0,1.0,0.6322575796477303,1.0,0.0,0.394463181560123
1.0,1.0,0.603042897339105,1.0,1.0,0.6286217343244396
0.0,0.0,0.4639262672841855,0.0,1.0,0.5159783981114421
0.0,0.0,0.40400236900255326,1.0,1.0,0.624804051102268
0.0,0.0,0.4248390749717034,1.0,1.0,0.6776259854304154
1.0,0.0,0.38298616486511644,0.0,0.0,0.45405527914834454
0.0,0.0,0.4914770237210289,0.0,0.0,0.37095518124032
0.0,0.0,0.443267161453969,0.0,0.0,0.4293738980470087
0.0,0.0,0.38919801454578973,1.0,1.0,0.5464009283125559
1.0,1.0,0.521992800575128,0.0,0.0,0.3364355414998204
1.0,1.0,0.5587291788778873,1.0,1.0,0.5251240497966103
1.0,1.0,0.5483419276277055,1.0,1.0,0.8111252842071843
0.0,0.0,0.39093088628858097,1.0,1.0,0.5281334282636777
1.0,0.0,0.39585957309472786,0.0,0.0,0.2760883297382121
1.0,1.0,0.6508170920457618,1.0,1.0,0.6912557745471901
1.0,0.0,0.3748507268585394,0.0,0.0,0.3653812619468226
0.0,0.0,0.419314318070928,0.0,0.0,0.3690557835267482
0.0,0.0,0.3488167679340221,0.0,0.0,0.39110667031366575
1.0,0.0,0.387643836222102,0.0,0.0,0.45328022910706167
1.0,1.0,0.5353253844774781,0.0,0.0,0.4892895122295312
0.0,0.0,0.459620280258149,0.0,0.0,0.40354104511575495
0.0,0.0,0.37388657978427814,1.0,1.0,0.7113625463018826
1.0,1.0,0.8090475591747318,0.0,0.0,0.4145339916140506
1.0,0.0,0.4314169764510862,0.0,1.0,0.6091002813180709
0.0,0.0,0.3066335428635598,0.0,1.0,0.5386494663989784
0.0,0.0,0.40577469686337897,1.0,0.0,0.4131843006410621
0.0,1.0,0.6633410950657266,0.0,0.0,0.4238436057558819
0.0,0.0,0.38113914172568025,1.0,1.0,0.5723498717800318
0.0,0.0,0.4756162472065665,0.0,0.0,0.38690008567272016
1.0,0.0,0.3874933235698526,1.0,1.0,0.5395865470757355
0.0,0.0,0.4156986863786313,1.0,1.0,0.6561304802283038
1.0,0.0,0.49190669090738026,0.0,0.0,0.39081823196367377
0.0,1.0,0.585561845163412,0.0,0.0,0.41266747743934445
0.0,0.0,0.47010008461494485,0.0,1.0,0.5994705175515805
1.0,1.0,0.5110696724488198,0.0,0.0,0.476657338189352
1.0,0.0,0.46152754345118674,0.0,0.0,0.4433897967970792
1.0,1.0,0.6398343245395862,1.0,0.0,0.29607487469382204
1.0,1.0,0.6833933924682934,0.0,0.0,0.46026518654776705
0.0,0.0,0.3520286542675865,1.0,1.0,0.6895516123928587
1.0,1.0,0.636679794144719,0.0,0.0,0.36576926841917873
1.0,1.0,0.5605026634049282,0.0,0.0,0.39536252094594204
0.0,0.0,0.42532872772575614,0.0,0.0,0.3917015286921139
1.0,0.0,0.49801781417248375,0.0,0.0,0.30594018310892496
1.0,1.0,0.549428896325273,0.0,0.0,0.39189941162579395
1.0,1.0,0.7412582358278911,1.0,1.0,0.6666278929894179
1.0,0.0,0.466438192960222,0.0,0.0,0.42419463729196794
0.0,0.0,0.38136535946948585,1.0,1.0,0.513762928134174
0.0,0.0,0.33709870527367275,1.0,0.0,0.4661408953735384
0.0,0.0,0.39244884822975795,1.0,0.0,0.4193608150204974
0.0,0.0,0.45999174766287354,1.0,1.0,0.7982231422873337
0.0,0.0,0.4542698574602552,1.0,0.0,0.4666097526235677
0.0,0.0,0.3162160007858909,1.0,0.0,0.48244604940174185
0.0,0.0,0.315471477291129,0.0,0.0,0.3869129797605905
1.0,1.0,0.568088810824074,0.0,1.0,0.5054797608769752
0.0,1.0,0.6449037422939943,0.0,0.0,0.37807483529007657
1.0,1.0,0.5886205948710331,1.0,1.0,0.5718336760058149
0.0,0.0,0.4122261064646583,1.0,1.0,0.5053521982638624
1.0,0.0,0.4432399531281204,1.0,0.0,0.4147371950655288
0.0,0.0,0.4909725522321339,0.0,0.0,0.4363763077092343
1.0,1.0,0.5229521982088585,0.0,1.0,0.570408058741082
0.0,0.0,0.344071241364349,1.0,1.0,0.6372121072628518
0.0,0.0,0.45225086640907153,1.0,0.0,0.47378350182892326
1.0,1.0,0.6097944998306224,1.0,0.0,0.45776757979029453
0.0,0.0,0.3797304936057107,0.0,0.0,0.37137883165274677
1.0,1.0,0.6197026048561268,0.0,0.0,0.4004958315286332
1.0,1.0,0.5179493872150164,1.0,0.0,0.437564281725662
0.0,0.0,0.4076640634739752,0.0,0.0,0.3666627464263732
1.0,0.0,0.3879136676859955,1.0,0.0,0.4364986966374302
0.0,0.0,0.4052672584549945,0.0,1.0,0.6693348526905286
1.0,0.0,0.40858924108681133,0.0,1.0,0.5026272290644063
0.0,0.0,0.43137472225548285,1.0,1.0,0.560312919530936
1.0,1.0,0.5009736897613484,1.0,1.0,0.518008474023965
1.0,1.0,0.5957653522305766,0.0,0.0,0.36359390543665304
1.0,1.0,0.5522859073667653,1.0,1.0,0.5165418181289756
1.0,0.0,0.36730094079301884,1.0,1.0,0.7020270186530787
0.0,0.0,0.4567909115944773,1.0,1.0,0.5725128242666917
0.0,0.0,0.4748521396176081,1.0,1.0,0.6984392503354098
1.0,1.0,0.5707459276414713,1.0,1.0,0.5065401312648177
0.0,0.0,0.3713990992847991,0.0,0.0,0.40987973169198555
1.0,1.0,0.7282958070615492,0.0,0.0,0.37296022656819955
0.0,0.0,0.35289917337252114,0.0,0.0,0.41376023708595555
1.0,1.0,0.5484932282671988,0.0,0.0,0.36931545554885603
0.0,0.0,0.42182666909751093,1.0,1.0,0.5651046210422648
1.0,0.0,0.438140160869853,1.0,1.0,0.6161350409122355
1.0,0.0,0.47396621884850276,1.0,0.0,0.4234350144357791
1.0,1.0,0.5618980589085034,0.0,0.0,0.41382213684183444
0.0,0.0,0.4773495409909091,1.0,1.0,0.8299754899816476
0.0,0.0,0.3972183282274332,0.0,0.0,0.39718228906855335
0.0,0.0,0.43686875181555984,1.0,1.0,0.5119215506325423
0.0,1.0,0.5171841852172606,1.0,0.0,0.4521575609894035
1.0,1.0,0.6414818087854878,1.0,1.0,0.6938360446029371
0.0,0.0,0.4615055375425141,1.0,0.0,0.3718653087296936
0.0,0.0,0.426818556950173,0.0,0.0,0.45791221723058795
0.0,0.0,0.4577683328188881,1.0,0.0,0.43179626915918706
0.0,0.0,0.46389718162357163,1.0,1.0,0.6470717651147774
0.0,0.0,0.4170661589155372,0.0,0.0,0.364594818994038
0.0,0.0,0.3999871879775758,0.0,0.0,0.43548679127007334
1.0,0.0,0.472666591648188,1.0,0.0,0.37855884696612246
1.0,0.0,0.4090569055207232,0.0,0.0,0.4267737269729151
0.0,0.0,0.42655424498423317,0.0,0.0,0.3254559057388987
1.0,1.0,0.5188970487907958,0.0,0.0,0.4160706927917796
0.0,0.0,0.4032505222878168,1.0,1.0,0.6068913279045836
1.0,1.0,0.6041125753799028,1.0,0.0,0.41398006072830806
0.0,0.0,0.45844267560088137,0.0,0.0,0.3927904776465236
0.0,0.0,0.4269183299519326,0.0,1.0,0.5236938913578787
0.0,1.0,0.5252261208418679,0.0,0.0,0.31440579179629546
1.0,1.0,0.517839955928509,0.0,0.0,0.3859687827746595
0.0,0.0,0.48056814239847045,1.0,1.0,0.5503758746179785
1.0,0.0,0.48068643504924324,0.0,0.0,0.38486554507578613
1.0,0.0,0.43904956984689947,1.0,1.0,0.6180559034205915
1.0,1.0,0.6073408066408048,1.0,1.0,0.6626689401947423
1.0,0.0,0.4210125283658218,1.0,0.0,0.49517459835721234
0.0,0.0,0.4819083651685735,0.0,0.0,0.33637849149584564
0.0,0.0,0.3786093132168096,0.0,0.0,0.47811193182290207
0.0,0.0,0.4226358241351874,1.0,0.0,0.49456062002731416
1.0,1.0,0.7053591396225365,0.0,0.0,0.22236044123092744
0.0,0.0,0.4340136577150231,0.0,0.0,0.46557744629824016
1.0,1.0,0.5656705511381337,1.0,1.0,0.5347714240679916
1.0,1.0,0.713047289825862,1.0,0.0,0.4720465989095068
0.0,0.0,0.30469831900313793,0.0,0.0,0.497479542919874
1.0,1.0,0.7902792893238114,0.0,0.0,0.44452070242044056
1.0,0.0,0.43317058669021485,1.0,0.0,0.48788991739028426
1.0,1.0,0.5118502254165165,1.0,1.0,0.5163063722821359
0.0,0.0,0.26880586498349124,0.0,0.0,0.4019191953544117
0.0,0.0,0.43638728306457464,0.0,0.0,0.3668587336088739
1.0,1.0,0.516888637414323,1.0,1.0,0.5921902663556922
1.0,1.0,0.5613839704136677,0.0,1.0,0.5230910330178307
1.0,0.0,0.4877008101195725,0.0,1.0,0.5333540920557753
1.0,0.0,0.42726358808921644,1.0,0.0,0.3594595690103383
0.0,0.0,0.3447676700199439,0.0,0.0,0.28674255523032005
1.0,1.0,0.5316519742555519,0.0,0.0,0.3626676038696577
1.0,1.0,0.5995989217766062,1.0,1.0,0.7928954371649716
0.0,0.0,0.39947098145786525,1.0,0.0,0.3922130070328292
0.0,0.0,0.47702549797612853,0.0,0.0,0.43500549169137337
1.0,0.0,0.42464444567019277,0.0,0.0,0.473049167432991
1.0,1.0,0.565578625597949,0.0,0.0,0.45241970828627426
0.0,0.0,0.38416724555648196,1.0,1.0,0.5654214408167699
0.0,1.0,0.6568979268571021,1.0,0.0,0.49376135428702705
1.0,1.0,0.512777097835548,1.0,1.0,0.7785412309232219
0.0,0.0,0.3082215282992033,1.0,0.0,0.4363303949151086
0.0,0.0,0.424115515138297,0.0,0.0,0.4796114268071792
0.0,0.0,0.35789313042783505,1.0,1.0,0.5717965253372357
0.0,0.0,0.4509908234060817,1.0,1.0,0.70048451198873
0.0,0.0,0.41237263248911377,1.0,0.0,0.478247400628973
1.0,1.0,0.5520772529846579,0.0,0.0,0.46460526033186944
1.0,1.0,0.5894331591274357,0.0,0.0,0.4321416514413068
0.0,0.0,0.33340616351045427,1.0,1.0,0.5095559758859163
1.0,1.0,0.6484965536846702,1.0,1.0,0.5731024440175753
1.0,1.0,0.7715688855343623,1.0,1.0,0.5981284772277302
1.0,1.0,0.5942386149566327,1.0,1.0,0.5102178093111799
1.0,1.0,0.5621582884475484,0.0,0.0,0.3729405484040656
0.0,0.0,0.4872543102656485,0.0,0.0,0.39082906758758956
0.0,0.0,0.41498792568949533,1.0,1.0,0.5252866496640374
1.0,1.0,0.5829318350276173,0.0,0.0,0.4424685401916616
1.0,1.0,0.5631499395490462,0.0,0.0,0.35669471028475946
0.0,0.0,0.3983439807626167,1.0,1.0,0.5726431103525406
1.0,0.0,0.39237917197380406,0.0,0.0,0.42958477622607505
0.0,0.0,0.37924379574729816,1.0,1.0,0.7996368388239481
0.0,0.0,0.3982781478412248,0.0,0.0,0.33111387069050735
1.0,0.0,0.4203392691076883,0.0,0.0,0.4511438070855612
0.0,0.0,0.3723166220420508,0.0,0.0,0.39130745090632124
1.0,0.0,0.44745270152437566,0.0,0.0,0.38078495689841824
1.0,1.0,0.5186568561884749,0.0,0.0,0.3322354586354663
0.0,0.0,0.48401433363120644,1.0,0.0,0.4695211163702855
0.0,0.0,0.39967068354844937,1.0,0.0,0.472666591648188
0.0,0.0,0.4247212163942848,1.0,0.0,0.40085919826321353
1.0,1.0,0.5659388183238679,1.0,1.0,0.7227084147078221
0.0,0.0,0.4824714302303574,0.0,1.0,0.5259607932001611
0.0,0.0,0.48503732388788756,1.0,1.0,0.5890695039929946
0.0,0.0,0.36233879784393364,0.0,1.0,0.6633516616071937
0.0,0.0,0.3737923668786666,1.0,0.0,0.4067877722542398
0.0,0.0,0.2940802404702821,0.0,0.0,0.37615960562172746
1.0,1.0,0.6140791068298024,1.0,1.0,0.7248772526536024
0.0,1.0,0.5190517167217357,1.0,0.0,0.3935460081585636
0.0,0.0,0.36607736017947956,1.0,1.0,0.5153264036866306
1.0,1.0,0.6930602424171357,0.0,0.0,0.46041603357749866
1.0,0.0,0.42173947259887756,1.0,1.0,0.6287640183321233
1.0,1.0,0.5192967582091064,1.0,0.0,0.4230292318688313
0.0,0.0,0.39845195046175375,0.0,0.0,0.22236044123092744
0.0,1.0,0.5784063100753888,0.0,0.0,0.4221946167638817
0.0,0.0,0.36982578138554945,0.0,0.0,0.3512929636531683
1.0,1.0,0.5904631520381404,1.0,0.0,0.48188540862832085
1.0,1.0,0.5985961217788142,1.0,1.0,0.5196557009648245
1.0,0.0,0.39502504914537895,0.0,0.0,0.39775604093457945
0.0,0.0,0.4691263257428561,1.0,0.0,0.4561357054429562
0.0,0.0,0.3479069180273707,0.0,0.0,0.4236520897449812
1.0,1.0,0.5776583898209331,0.0,0.0,0.3791351336123634
1.0,0.0,0.4245444729974495,1.0,1.0,0.6618982674776738
1.0,0.0,0.46152754345118674,0.0,0.0,0.4748650938124693
0.0,0.0,0.3504035514884288,0.0,1.0,0.5102982903376763
0.0,0.0,0.4497671942981273,0.0,0.0,0.37439692456670354
1.0,1.0,0.8349797781149536,1.0,1.0,0.6478792808874926
1.0,0.0,0.49506597179037287,1.0,0.0,0.378850055804591
0.0,1.0,0.5218764995927647,0.0,0.0,0.3947395459608198
1.0,1.0,0.5541182885356087,1.0,1.0,0.6610464937992007
1.0,1.0,0.5563323574610104,1.0,0.0,0.3632331444024755
0.0,0.0,0.34244110082113227,0.0,0.0,0.4679392293679372
0.0,0.0,0.40221829155056565,0.0,0.0,0.3327589821257312
0.0,0.0,0.2899004570099622,0.0,1.0,0.5220042923561301
1.0,0.0,0.49771126114057823,0.0,0.0,0.35647323891661703
1.0,1.0,0.5852468836149477,1.0,1.0,0.7365661781924818
1.0,1.0,0.5210578908389227,0.0,0.0,0.4693580594995733
0.0,0.0,0.38319853083708105,0.0,0.0,0.37219738952191744
0.0,0.0,0.3434528463186573,1.0,1.0,0.5304753039203635
0.0,0.0,0.4256283769977205,0.0,1.0,0.536033236905561
0.0,0.0,0.4612319305479191,0.0,0.0,0.36821251320671305
0.0,0.0,0.494460015819557,0.0,1.0,0.5908736609071256
0.0,0.0,0.4229834722866687,1.0,0.0,0.41186250541553115
1.0,1.0,0.5729163286594251,1.0,0.0,0.3882691416380139
0.0,0.0,0.37568079613496297,1.0,1.0,0.818785281381069
1.0,0.0,0.4498358488736918,1.0,1.0,0.5396843868398358
0.0,0.0,0.3892006449143212,0.0,0.0,0.4996264776950204
1.0,1.0,0.5209597775148812,0.0,0.0,0.44747517368962114
0.0,1.0,0.5855237112380585,1.0,0.0,0.4711789185039708
0.0,0.0,0.41603651449254636,1.0,1.0,0.5588253453325854
0.0,0.0,0.34909251302421046,1.0,1.0,0.6751142498431463
0.0,0.0,0.42096554301759276,1.0,1.0,0.6391221697080917
0.0,0.0,0.35737600536718694,1.0,0.0,0.4564291518840056
1.0,1.0,0.6689281349127658,0.0,0.0,0.3694680654502785
1.0,1.0,0.5211315876913906,0.0,0.0,0.3677164321602717
0.0,0.0,0.39443814320148607,0.0,0.0,0.3440529574065176
0.0,0.0,0.34780033713681396,1.0,0.0,0.4453406648615908
1.0,1.0,0.5045261287149303,0.0,0.0,0.3551999238938207
0.0,0.0,0.42772538432152296,1.0,0.0,0.385901402211331
0.0,0.0,0.4227551369269159,1.0,1.0,0.6226325357854468
0.0,0.0,0.3495148467485668,0.0,0.0,0.4000020740693667
0.0,0.0,0.43399156764257235,0.0,0.0,0.38352391232054645
0.0,0.0,0.3561984123335208,1.0,0.0,0.3635984182391842
0.0,1.0,0.5048327383212686,0.0,1.0,0.5178895194798743
0.0,0.0,0.4067318387539667,0.0,0.0,0.4053254777283816
1.0,1.0,0.7598659678785873,1.0,0.0,0.4758751270962727
1.0,0.0,0.3976947936539765,1.0,0.0,0.38728510872390276
1.0,1.0,0.5108274200256645,1.0,0.0,0.4182320320147518
0.0,0.0,0.3604089666041953,0.0,0.0,0.3705285539794478
1.0,1.0,0.7035093691290263,1.0,0.0,0.35926667325438055
1.0,0.0,0.44629189684866616,1.0,1.0,0.6529944822635426
1.0,0.0,0.47537534467480386,1.0,0.0,0.46593437372159974
0.0,0.0,0.4053886944083688,0.0,0.0,0.45669073683090766
1.0,1.0,0.6758716659676455,0.0,0.0,0.4295589597267109
0.0,1.0,0.6125234808602094,1.0,1.0,0.674273666035129
0.0,0.0,0.3844056463013984,1.0,0.0,0.499733034243834
0.0,0.0,0.34359710623542844,0.0,0.0,0.4758719953877533
0.0,0.0,0.3984491739643615,0.0,0.0,0.359217811580339
0.0,0.0,0.4347639232855834,0.0,0.0,0.45378565809566423
0.0,1.0,0.6461104854100015,0.0,0.0,0.46708402061033866
1.0,1.0,0.6038337353972382,1.0,1.0,0.5093160504076409
1.0,0.0,0.4676252545751852,1.0,1.0,0.581515536251399
0.0,0.0,0.44308872880775196,0.0,0.0,0.3825975868625123
1.0,1.0,0.5767143009859723,0.0,0.0,0.35440217633440224
1.0,1.0,0.6838942275414397,0.0,1.0,0.5313528058140571
0.0,1.0,0.6845989024837409,1.0,0.0,0.34519714188209405
0.0,0.0,0.37396595139925687,1.0,1.0,0.5512093342128772
1.0,1.0,0.5467282489102339,0.0,0.0,0.3509474434721329
1.0,0.0,0.37934521502045965,1.0,1.0,0.6241549532044346
0.0,0.0,0.3959310985900254,0.0,0.0,0.3791850106517984
0.0,0.0,0.4456546459702821,1.0,1.0,0.7766460701207676
1.0,0.0,0.48788991739028426,1.0,0.0,0.42684631451177485
0.0,0.0,0.3882298340186082,0.0,1.0,0.5073885992806785
1.0,1.0,0.5273583187452577,1.0,0.0,0.44331567857541326
0.0,0.0,0.3825022398120825,1.0,0.0,0.4516124150841251
1.0,1.0,0.5442926936256537,1.0,1.0,0.5263645725184016
1.0,1.0,0.5340848670277087,0.0,1.0,0.5459203882709979
0.0,0.0,0.43455730079884447,1.0,0.0,0.46582715150438236
1.0,1.0,0.5385394365152467,1.0,1.0,0.5181189298044773
0.0,1.0,0.5022910552017618,0.0,0.0,0.4056957478811268
1.0,0.0,0.47475313097084565,0.0,0.0,0.4449006138581902
0.0,0.0,0.3334631981123244,0.0,0.0,0.407326362753009
0.0,0.0,0.2982675095288424,1.0,0.0,0.4128464401281429
0.0,0.0,0.4466861329514107,0.0,0.0,0.4143524571755898
0.0,0.0,0.349431401594681,1.0,0.0,0.36865929734684333
0.0,0.0,0.28503089516605973,0.0,0.0,0.3452000579013367
1.0,1.0,0.8318468402704454,1.0,0.0,0.4338223886043339
0.0,0.0,0.4960887253213247,0.0,0.0,0.39859294983635946
0.0,0.0,0.31275507794059315,0.0,0.0,0.4452200725384933
1.0,1.0,0.6357722756777513,1.0,1.0,0.5239529790108778
0.0,0.0,0.29209922357357293,1.0,1.0,0.7146600474029005
0.0,0.0,0.3758556537262608,1.0,1.0,0.5473701887093549
1.0,1.0,0.520021682379006,0.0,0.0,0.39051839021404317
1.0,1.0,0.8172038251466377,1.0,0.0,0.40760528009692887
1.0,0.0,0.29638657929100404,0.0,0.0,0.37878662237400873
0.0,0.0,0.335811274830585,1.0,1.0,0.5589789011478817
1.0,1.0,0.6509072212227294,0.0,0.0,0.4412717388690358
1.0,1.0,0.8111585451708404,0.0,0.0,0.36210072188894654
1.0,1.0,0.6180171151274225,0.0,0.0,0.3957705975180474
1.0,0.0,0.4732520439877929,0.0,1.0,0.5726491689481984
1.0,1.0,0.6134957363807069,0.0,1.0,0.5037175233506067
1.0,0.0,0.4254829825492452,0.0,1.0,0.5238055614790007
1.0,1.0,0.511750389420568,0.0,0.0,0.3965449620502987
1.0,1.0,0.5636096894033349,0.0,1.0,0.6701326047801194
0.0,0.0,0.3778537526627844,1.0,0.0,0.47385631177510784
1.0,0.0,0.4474954454389048,0.0,0.0,0.28916226377273935
0.0,0.0,0.39977666548773727,0.0,0.0,0.4688395720590989
1.0,1.0,0.5785341229721899,1.0,0.0,0.45484477534095263
1.0,1.0,0.6383396002769637,0.0,0.0,0.31246702096827206
1.0,0.0,0.4559678081727597,0.0,0.0,0.4882497215914609
1.0,1.0,0.6493484032991623,0.0,0.0,0.42614976914043273
0.0,0.0,0.36635166755550286,0.0,0.0,0.37098407159671326
0.0,0.0,0.49243728441744705,1.0,1.0,0.6773012990493845
1.0,1.0,0.7598267771143132,1.0,1.0,0.5443927752550475
1.0,1.0,0.58853953473943,0.0,0.0,0.46225035740876136
1.0,1.0,0.5485056441832826,1.0,1.0,0.567383756112793
0.0,0.0,0.4819461033753753,1.0,1.0,0.6896923376440258
0.0,0.0,0.47054390608982855,1.0,0.0,0.4823938348243281
1.0,0.0,0.47279882609492785,1.0,0.0,0.47388342197693967
0.0,1.0,0.5189057187066322,0.0,0.0,0.37565455057450475
0.0,0.0,0.40186729487750855,0.0,0.0,0.4121047029567499
1.0,1.0,0.7800035339887614,0.0,0.0,0.3917656290259517
0.0,0.0,0.4060880582419797,1.0,0.0,0.38527674991377514
1.0,0.0,0.4913836645197787,1.0,0.0,0.49642198247078384
1.0,1.0,0.5969716987892101,0.0,0.0,0.40219452944880213
0.0,0.0,0.43617402968105035,1.0,1.0,0.6094831655653239
0.0,0.0,0.38703785703152993,1.0,0.0,0.494231326360359
1.0,1.0,0.5128939953617905,1.0,0.0,0.40315140057110943
1.0,1.0,0.6345672499052366,1.0,0.0,0.34160070913045737
1.0,1.0,0.55062444750536,0.0,0.0,0.46582715150438236
0.0,0.0,0.44808158493482364,1.0,1.0,0.672456755617494
1.0,0.0,0.4534946275690415,1.0,1.0,0.6923879543454423
0.0,0.0,0.4272385037230937,0.0,0.0,0.4208849826323625
1.0,0.0,0.44756729269065637,1.0,1.0,0.5622081568944152
1.0,1.0,0.5228438460082251,1.0,0.0,0.4785783387129917
0.0,0.0,0.47805670951661927,1.0,1.0,0.513770971182213
0.0,0.0,0.31652368639701284,1.0,1.0,0.5452005242134477
1.0,1.0,0.587164262067773,0.0,0.0,0.4088174579368984
1.0,0.0,0.46408837616508436,1.0,1.0,0.6528593163459794
0.0,1.0,0.5099872135171355,1.0,0.0,0.4499897610336919
0.0,0.0,0.40017235027234205,0.0,0.0,0.39965063568020764
0.0,0.0,0.4371625047065011,0.0,1.0,0.6820154218721081
1.0,1.0,0.758367536229882,0.0,0.0,0.34906439575460924
0.0,0.0,0.4419409271058998,0.0,0.0,0.37182845823544314
0.0,0.0,0.343997211639242,0.0,0.0,0.3833148359554302
0.0,0.0,0.38580624145045095,1.0,0.0,0.49678883016447417
1.0,1.0,0.6340888450333535,1.0,1.0,0.5453221420134489
0.0,0.0,0.4706179683591689,1.0,1.0,0.7013362734186517
0.0,0.0,0.46338949117772393,0.0,0.0,0.41611749138149745
1.0,0.0,0.4255787397861548,1.0,1.0,0.5523891930846798
0.0,0.0,0.44534205981819647,0.0,0.0,0.47042062300028575
1.0,1.0,0.7084915439123483,0.0,0.0,0.41882057392041544
1.0,1.0,0.6346464262941801,0.0,0.0,0.4185556678527368
0.0,1.0,0.5336638303430213,1.0,0.0,0.4297324254069426
1.0,1.0,0.5148665394620254,1.0,1.0,0.5188157062043244
0.0,0.0,0.3945937037342461,1.0,0.0,0.42421642166822876
1.0,1.0,0.7327219765878136,0.0,0.0,0.48537881573735814
0.0,0.0,0.28608796566453987,1.0,0.0,0.44508796887517305
1.0,0.0,0.4621707485854216,0.0,1.0,0.521620123493904
0.0,0.0,0.46894494928214814,0.0,0.0,0.3694324196208416
0.0,0.0,0.39829707903525213,0.0,0.0,0.3603503129782319
0.0,0.0,0.47543657471265593,0.0,0.0,0.43940379509309724
1.0,0.0,0.49100608136279317,1.0,0.0,0.35762680144607817
0.0,0.0,0.4077043249150541,0.0,1.0,0.5150182092263059
1.0,1.0,0.8264983636753505,1.0,0.0,0.3910211163822274
0.0,0.0,0.38990869054012534,0.0,0.0,0.4462866446882475
0.0,0.0,0.42076864189237473,0.0,0.0,0.448038348906106
0.0,0.0,0.3806805914115579,1.0,0.0,0.48612756872482504
1.0,1.0,0.6049984444489597,0.0,0.0,0.33504618376210704
0.0,0.0,0.41258958309235577,0.0,0.0,0.3358625203272259
0.0,0.0,0.38204372445965434,0.0,0.0,0.4329394280021606
0.0,0.0,0.4242135563409557,1.0,1.0,0.5746710467191711
0.0,0.0,0.3759990528569465,1.0,1.0,0.5129911844791508
0.0,0.0,0.3796522366297991,0.0,0.0,0.3701977963012236
1.0,1.0,0.5735360267185593,1.0,0.0,0.43007476257833455
0.0,0.0,0.341199145565578,0.0,0.0,0.34612413006044407
1.0,0.0,0.4365203110394543,1.0,0.0,0.34982523203263144
1.0,0.0,0.4428851603170118,0.0,0.0,0.4794116023157185
1.0,1.0,0.509255337818455,1.0,1.0,0.6082439267560947
0.0,1.0,0.5210871818276567,1.0,1.0,0.5643894784767011
0.0,1.0,0.5013795599748884,0.0,0.0,0.31744908858234344
1.0,0.0,0.3855482057809361,0.0,1.0,0.559395113166202
0.0,0.0,0.43058576565206963,1.0,0.0,0.39372822359798276
1.0,1.0,0.7529308266419439,0.0,0.0,0.3219990104957801
0.0,0.0,0.45948030962481023,1.0,0.0,0.42323958092265174
1.0,1.0,0.8211759902321343,0.0,0.0,0.3487789252229681
0.0,0.0,0.3510183346884198,0.0,0.0,0.3242506921326758
0.0,0.0,0.4045219135147654,0.0,0.0,0.41391177403390045
1.0,1.0,0.5922724832594572,1.0,0.0,0.38682057214512755
0.0,0.0,0.4266223697203546,1.0,0.0,0.3481792919368854
1.0,1.0,0.7225410854010541,1.0,0.0,0.4284752939709051
1.0,1.0,0.5262316098946241,0.0,0.0,0.3900515096131372
0.0,0.0,0.3334154119339007,1.0,0.0,0.38957452353394423
0.0,0.0,0.36413279838394697,1.0,1.0,0.5832682758430521
0.0,0.0,0.49358095247477407,0.0,0.0,0.46033051787894896
0.0,0.0,0.4088834371480474,0.0,0.0,0.3893441384031968
1.0,1.0,0.5747356419049986,0.0,0.0,0.40296573120927304
0.0,0.0,0.34914410666156453,1.0,0.0,0.4368489527876009
1.0,1.0,0.516790726467188,0.0,1.0,0.5915471028051426
0.0,0.0,0.39109236384064594,1.0,0.0,0.39348354560675175
1.0,0.0,0.3879766810168395,0.0,0.0,0.3131474291124652
0.0,0.0,0.357330129198665,1.0,1.0,0.5261109820487667
1.0,1.0,0.5789105503656027,1.0,1.0,0.5807958065188072
1.0,1.0,0.6525821097607848,0.0,0.0,0.4951608863107529
1.0,0.0,0.48393953055900696,1.0,1.0,0.7652205992696458
1.0,0.0,0.477026485862804,1.0,1.0,0.5516509647011794
0.0,0.0,0.4340109452051213,1.0,1.0,0.560330187535338
0.0,0.0,0.44841982916270573,0.0,0.0,0.34863875092174035
1.0,1.0,0.5476596606719611,0.0,0.0,0.49989039887731035
1.0,1.0,0.7243006075841821,0.0,0.0,0.3825712815688446
1.0,0.0,0.4728725494034426,0.0,0.0,0.4749226792236239
0.0,0.0,0.477642455515945,0.0,0.0,0.3972314998460574
1.0,1.0,0.5618350532936323,1.0,0.0,0.3587266383434
0.0,0.0,0.39623010363254185,1.0,0.0,0.48544956156517427
0.0,0.0,0.39468277317484657,0.0,0.0,0.35379985928883967
0.0,0.0,0.41080428241366335,1.0,1.0,0.742071143876088
0.0,0.0,0.3805627098079372,0.0,0.0,0.4801576396170067
1.0,0.0,0.44046291074913596,0.0,0.0,0.43423813614001644
1.0,0.0,0.49201258971097844,1.0,1.0,0.7783273224590743
1.0,1.0,0.6766548501730191,1.0,0.0,0.45235645278432646
0.0,0.0,0.3841387125327989,1.0,1.0,0.5928691560948296
1.0,1.0,0.6776632680058277,1.0,1.0,0.6291535275168462
1.0,0.0,0.42096251020171344,0.0,1.0,0.5046292556771425
0.0,0.0,0.3759824618784439,1.0,0.0,0.4059975212010576
1.0,0.0,0.4961119884426099,0.0,1.0,0.5086461380056703
1.0,0.0,0.40598742220234446,0.0,0.0,0.4324796207614011
0.0,0.0,0.31345413172131725,0.0,1.0,0.5144498923364182
1.0,1.0,0.5700975899725612,1.0,0.0,0.4262448794700576
0.0,0.0,0.38587665903394636,0.0,0.0,0.4686798091957647
0.0,0.0,0.3081247916070303,1.0,1.0,0.6690173487672144
0.0,0.0,0.4111819801939849,0.0,0.0,0.37475066256766704
1.0,0.0,0.34616685870410907,1.0,1.0,0.6042037232543213
1.0,1.0,0.6008299156953395,1.0,0.0,0.4789722431922881
1.0,1.0,0.7645775583110707,1.0,1.0,0.5292793340102308
0.0,0.0,0.35604673415856225,0.0,0.0,0.47991848775017565
0.0,0.0,0.3365982702951895,0.0,0.0,0.36955585501571875
0.0,0.0,0.49288128504149553,1.0,1.0,0.6537420420308516
1.0,1.0,0.724636424152761,1.0,0.0,0.4060044573949136
1.0,0.0,0.4628445105423949,1.0,1.0,0.5124280561690151
0.0,0.0,0.42123852620205515,1.0,0.0,0.37885681816131755
0.0,0.0,0.410081564898812,1.0,1.0,0.7620104508615527
0.0,0.0,0.30241258016054784,0.0,0.0,0.44896011601049046
1.0,1.0,0.5434215174471521,1.0,1.0,0.7367133072912037
0.0,0.0,0.32214468363767446,1.0,0.0,0.44671462798801675
0.0,0.0,0.47117294934723114,0.0,0.0,0.40594708309836824
0.0,0.0,0.3155327806912043,0.0,0.0,0.4267311706727176
0.0,0.0,0.4161406040423884,0.0,0.0,0.4782975387066793
1.0,1.0,0.7249304887485621,1.0,0.0,0.4950595618206443
0.0,0.0,0.41072813170320654,1.0,1.0,0.5056339745310009
1.0,1.0,0.6179207965879512,1.0,1.0,0.5880499868059016
0.0,0.0,0.3643640163806731,0.0,0.0,0.3648787832021607
0.0,0.0,0.47387877958777724,1.0,0.0,0.41689642396810384
1.0,0.0,0.41901172403128806,0.0,0.0,0.37918755802074117
0.0,0.0,0.4110569371950163,0.0,0.0,0.4570051769394668
0.0,0.0,0.41768164273668257,1.0,0.0,0.43723359952791363
1.0,1.0,0.6326361574159309,0.0,0.0,0.3234413835424539
1.0,1.0,0.5399378933153809,1.0,0.0,0.4389173414346886
0.0,0.0,0.45218488766116405,1.0,0.0,0.49771439103279563
0.0,0.0,0.3759824618784439,0.0,0.0,0.45928663356850125
0.0,0.0,0.48788991739028426,1.0,1.0,0.5049494875882659
1.0,1.0,0.5827832246205589,1.0,1.0,0.8038929450099027
1.0,0.0,0.3989245976756364,0.0,0.0,0.4083381655085131
0.0,1.0,0.5136770398032178,0.0,0.0,0.4402669766468364
0.0,0.0,0.36200826464131297,0.0,0.0,0.3960901418977981
1.0,1.0,0.715624570528903,1.0,0.0,0.37634930562186797
1.0,1.0,0.5258914475065679,0.0,0.0,0.39039648642960956
0.0,1.0,0.5199449848316677,0.0,0.0,0.38490247732598315
1.0,1.0,0.7952279056251638,0.0,0.0,0.48533808924041205
0.0,0.0,0.39647094653834786,0.0,0.0,0.39136794559731986
1.0,0.0,0.4871001225301208,1.0,0.0,0.3566996972289316
1.0,0.0,0.3957269979486255,,,
1.0,1.0,0.5306800991474634,,,
0.0,0.0,0.4269681142210299,,,
0.0,0.0,0.39046658247460747,,,
1.0,1.0,0.7160829672683197,,,
1.0,1.0,0.5953332268012024,,,
0.0,0.0,0.4869439585516757,,,
0.0,0.0,0.4894816673082644,,,
0.0,0.0,0.37430213617104335,,,
0.0,0.0,0.38097055823501913,,,
1.0,0.0,0.36403000041380434,,,
1.0,0.0,0.4401749082778004,,,
0.0,0.0,0.3662611587718883,,,
0.0,1.0,0.569943191013699,,,
0.0,0.0,0.4941231001939456,,,
0.0,0.0,0.4383964454999217,,,
0.0,0.0,0.3535576066687162,,,
0.0,0.0,0.39840343839711984,,,
1.0,1.0,0.6119137725266887,,,
0.0,0.0,0.41653575986900876,,,
1.0,0.0,0.4112902716459875,,,
0.0,0.0,0.3734014519977954,,,
1.0,1.0,0.6402841548336733,,,
0.0,0.0,0.37546246172196884,,,
1.0,0.0,0.42382924039536984,,,
1.0,1.0,0.5780299283037226,,,
1.0,0.0,0.4349729239771045,,,
1.0,0.0,0.4993014342289674,,,
1.0,1.0,0.545432605007356,,,
0.0,1.0,0.5508460272784406,,,
0.0,0.0,0.3011867810860071,,,
1.0,1.0,0.5288588198499988,,,
1.0,0.0,0.42673478655451585,,,
0.0,0.0,0.35051954860045414,,,
1.0,1.0,0.5191937543084479,,,
1.0,1.0,0.6739278294320226,,,
0.0,0.0,0.4200880302718841,,,
0.0,0.0,0.4344684493280603,,,
1.0,1.0,0.5139407567920148,,,
1.0,1.0,0.7838108009599074,,,
1.0,0.0,0.43838478273481785,,,
1.0,1.0,0.5181216062479498,,,
1.0,0.0,0.4656144068064281,,,
1.0,0.0,0.3714120060088114,,,
0.0,1.0,0.5726217346389691,,,
0.0,0.0,0.41492954554620487,,,
1.0,1.0,0.5424541554623704,,,
1.0,1.0,0.7193709779211348,,,
1.0,1.0,0.6238558126575506,,,
0.0,0.0,0.47957999566816484,,,
1.0,0.0,0.3559520615836802,,,
0.0,0.0,0.37868044787656524,,,
1.0,1.0,0.7238063399522929,,,
1.0,0.0,0.47677127279303083,,,
1.0,0.0,0.45150918921104816,,,
1.0,1.0,0.5927948872540892,,,
1.0,0.0,0.3635569280073603,,,
1.0,0.0,0.40709274074718454,,,
1.0,0.0,0.46408401854130515,,,
0.0,0.0,0.4835119096332137,,,
1.0,1.0,0.6713395328274436,,,
0.0,0.0,0.4136795487135209,,,
1.0,1.0,0.6767457690011572,,,
0.0,0.0,0.4132004217909452,,,
1.0,1.0,0.561829918227896,,,
1.0,1.0,0.6377532507281856,,,
0.0,0.0,0.4698176509122266,,,
0.0,0.0,0.4798769764026882,,,
0.0,1.0,0.5337225256145508,,,
0.0,0.0,0.4629407738737849,,,
0.0,0.0,0.39129679544182716,,,
1.0,1.0,0.8191834547099289,,,
1.0,1.0,0.8167761422740788,,,
0.0,0.0,0.3378164881377226,,,
1.0,1.0,0.5688305855870396,,,
0.0,0.0,0.33736250765140335,,,
1.0,0.0,0.4725395462427357,,,
1.0,1.0,0.5556852590929733,,,
0.0,0.0,0.4074899769951715,,,
0.0,0.0,0.27398145934967405,,,
0.0,0.0,0.3594225742636894,,,
0.0,0.0,0.3963199388204811,,,
1.0,1.0,0.7387540755062149,,,
1.0,0.0,0.3778284369656839,,,
0.0,0.0,0.46505049770028195,,,
0.0,0.0,0.40796991472514177,,,
0.0,0.0,0.3392701332629142,,,
1.0,0.0,0.48350125612088196,,,
1.0,0.0,0.4542027657336699,,,
0.0,0.0,0.3993921915678093,,,
0.0,0.0,0.28642941725826393,,,
1.0,1.0,0.6650784612065884,,,
0.0,0.0,0.37709639304939424,,,
1.0,1.0,0.759115500565104,,,
0.0,0.0,0.35575456622721513,,,
0.0,0.0,0.3851975289780484,,,
0.0,0.0,0.4680105346942986,,,
0.0,0.0,0.39343819274183023,,,
1.0,1.0,0.5290656019454594,,,
0.0,0.0,0.4170707550149232,,,
0.0,0.0,0.3656063637528881,,,
1.0,0.0,0.42925073816042486,,,
1.0,1.0,0.5839173954656836,,,
0.0,0.0,0.4335814846001742,,,
1.0,1.0,0.5459670932479016,,,
0.0,0.0,0.33599256376316194,,,
1.0,1.0,0.5466662676894516,,,
1.0,0.0,0.49407326117197575,,,
1.0,1.0,0.5281987781950006,,,
1.0,0.0,0.3908926971170393,,,
0.0,1.0,0.5138913740092459,,,
1.0,0.0,0.3589218401260641,,,
0.0,0.0,0.40203071561502274,,,
0.0,0.0,0.4393900040035022,,,
1.0,1.0,0.6121965918803148,,,
0.0,0.0,0.4830321778247137,,,
0.0,0.0,0.4027673790775188,,,
0.0,0.0,0.2948900643774801,,,
0.0,0.0,0.39807398815025113,,,
0.0,1.0,0.6303030176104544,,,
1.0,0.0,0.4013653617929005,,,
0.0,0.0,0.4003897655700461,,,
1.0,1.0,0.5580798632477798,,,
0.0,0.0,0.402978593482309,,,
0.0,0.0,0.3388037377590566,,,
0.0,0.0,0.3813172042690914,,,
1.0,0.0,0.40123349619279447,,,
1.0,1.0,0.624220535927029,,,
0.0,0.0,0.49321053134792125,,,
1.0,0.0,0.36594663610393646,,,
1.0,1.0,0.6663964163630579,,,
0.0,0.0,0.3543424385884838,,,
0.0,0.0,0.3332753674141341,,,
1.0,1.0,0.6331993320420847,,,
0.0,0.0,0.37270305641381724,,,
1.0,0.0,0.38272548764093933,,,
1.0,1.0,0.696431446150335,,,
1.0,0.0,0.4488433099499315,,,
0.0,0.0,0.2998934245935837,,,
1.0,0.0,0.4226867857017864,,,
1.0,1.0,0.5425455222245592,,,
1.0,1.0,0.54755330684041,,,
1.0,0.0,0.492147088882562,,,
0.0,0.0,0.2796907814571995,,,
0.0,1.0,0.5297225092974974,,,
1.0,0.0,0.4270244628395228,,,
0.0,0.0,0.41737334960330824,,,
0.0,0.0,0.45612354758348655,,,
0.0,0.0,0.2911644422911014,,,
0.0,0.0,0.35397312914462203,,,
0.0,0.0,0.3474078556489703,,,
0.0,1.0,0.5108453181765022,,,
1.0,0.0,0.4545598299790536,,,
0.0,0.0,0.43424080183927216,,,
1.0,1.0,0.818423561393317,,,
1.0,1.0,0.5049638823695675,,,
0.0,0.0,0.4195785986019162,,,
1.0,1.0,0.5505723982393127,,,
0.0,0.0,0.47216293001202086,,,
0.0,0.0,0.39674697878703924,,,
1.0,0.0,0.41224043186652387,,,
1.0,1.0,0.5834898605474922,,,
0.0,1.0,0.5231278491570222,,,
0.0,0.0,0.3459557414899664,,,
1.0,0.0,0.30351133512640405,,,
0.0,0.0,0.3376238326981676,,,
1.0,0.0,0.4709152582856444,,,
1.0,0.0,0.47186788004641106,,,
0.0,0.0,0.41797579578178784,,,
1.0,1.0,0.5413937334841945,,,
0.0,0.0,0.3811002527910508,,,
0.0,0.0,0.4347011207698011,,,
0.0,0.0,0.41838338730936503,,,
1.0,1.0,0.5119485973767893,,,
1.0,0.0,0.4840020079777022,,,
1.0,0.0,0.4904828213741222,,,
1.0,0.0,0.44864158903791584,,,
1.0,1.0,0.549476647446228,,,
0.0,0.0,0.36958328946413277,,,
0.0,0.0,0.2756615111992238,,,
1.0,0.0,0.4692811619482064,,,
0.0,1.0,0.5440181891283985,,,
1.0,0.0,0.35787955176447955,,,
0.0,0.0,0.45034830533122633,,,
1.0,1.0,0.8286708555708862,,,
1.0,0.0,0.4977273401366562,,,
1.0,1.0,0.5321294690962928,,,
0.0,1.0,0.5555704870530384,,,
0.0,0.0,0.44167537590330175,,,
1.0,1.0,0.6591648811983851,,,
0.0,0.0,0.44503032939748455,,,
1.0,0.0,0.43896959275497105,,,
1.0,0.0,0.42349157753886235,,,
1.0,0.0,0.4161547900038066,,,
1.0,0.0,0.39709888692305023,,,
0.0,0.0,0.34519031082828894,,,
0.0,0.0,0.4181309952351981,,,
1.0,0.0,0.4092402027056317,,,
0.0,0.0,0.36022949052752196,,,
1.0,1.0,0.5881022202812208,,,
1.0,0.0,0.4002637120751142,,,
1.0,0.0,0.4120210493649125,,,
1.0,1.0,0.6741700962172988,,,
0.0,0.0,0.413568344534589,,,
0.0,1.0,0.5073989275785403,,,
0.0,0.0,0.3889526555371328,,,
1.0,1.0,0.8088052647484412,,,
0.0,0.0,0.3335697162495125,,,
1.0,1.0,0.717219158248481,,,
1.0,0.0,0.46973749549435173,,,
1.0,0.0,0.46438269429369566,,,
1.0,1.0,0.7947571997706451,,,
0.0,0.0,0.39713635020804683,,,
1.0,0.0,0.44587775525408785,,,
1.0,1.0,0.729254587823326,,,
1.0,0.0,0.42445916234174724,,,
0.0,0.0,0.4890096623020018,,,
0.0,0.0,0.29515510991437527,,,
0.0,1.0,0.6612949306586583,,,
1.0,1.0,0.6487358021729582,,,
1.0,1.0,0.7647742661556823,,,
1.0,1.0,0.643359255621768,,,
0.0,0.0,0.4600421668433448,,,
0.0,0.0,0.4583510236125436,,,
1.0,1.0,0.6894141251164722,,,
1.0,0.0,0.4205488822467143,,,
1.0,1.0,0.6146109510869104,,,
0.0,0.0,0.39334518532305035,,,
1.0,1.0,0.5141534236492927,,,
1.0,0.0,0.4763515668428432,,,
0.0,0.0,0.41641427009667786,,,
1.0,1.0,0.7764203960307572,,,
1.0,1.0,0.6460458276606302,,,
0.0,0.0,0.3089903711492512,,,
0.0,1.0,0.5172555748717388,,,
1.0,0.0,0.45458933266804846,,,
1.0,1.0,0.8227586088068958,,,
1.0,0.0,0.3229818633829423,,,
0.0,1.0,0.5977420296433176,,,
0.0,0.0,0.3427528263516038,,,
0.0,0.0,0.3757874881046004,,,
1.0,0.0,0.47646997084633724,,,
1.0,0.0,0.46102879885187964,,,
0.0,0.0,0.35158727289045105,,,
0.0,0.0,0.45159827504423333,,,
1.0,1.0,0.5783645216533766,,,
0.0,0.0,0.4074200484624859,,,
1.0,1.0,0.6529761675615838,,,
1.0,1.0,0.5390869218569649,,,
0.0,0.0,0.3908044918576686,,,
1.0,0.0,0.392368326981921,,,
0.0,0.0,0.39586927067219124,,,
1.0,1.0,0.7834284009704209,,,
0.0,0.0,0.497479542919874,,,
1.0,1.0,0.5784147201406828,,,
0.0,0.0,0.422600465552206,,,
1.0,0.0,0.46605017395061177,,,
1.0,0.0,0.4400115321668967,,,
1.0,1.0,0.5501358978913293,,,
1.0,1.0,0.5186396916878943,,,
0.0,1.0,0.543749279366828,,,
0.0,0.0,0.4508604656932526,,,
1.0,0.0,0.4025955886012722,,,
1.0,1.0,0.682730650467419,,,
1.0,0.0,0.4254537341381688,,,
0.0,1.0,0.699027836791116,,,
0.0,0.0,0.37475066256766704,,,
1.0,1.0,0.544403424478023,,,
0.0,0.0,0.38229761437642956,,,
1.0,0.0,0.3395608960318506,,,
0.0,1.0,0.6040380408242969,,,
0.0,0.0,0.3942636735515006,,,
1.0,1.0,0.5300010337902381,,,
0.0,1.0,0.5939948392307054,,,
1.0,1.0,0.6099892214472638,,,
1.0,0.0,0.4699072229601247,,,
1.0,0.0,0.4292752731726016,,,
1.0,0.0,0.4874991673691721,,,
0.0,0.0,0.38010907315822645,,,
1.0,1.0,0.7591859888558503,,,
0.0,0.0,0.3387752697422441,,,
1.0,0.0,0.4283429826858271,,,
0.0,0.0,0.3618242234635798,,,
1.0,1.0,0.6842768550738796,,,
0.0,0.0,0.35695440332106826,,,
0.0,0.0,0.4533700901071418,,,
1.0,1.0,0.6430424400651304,,,
0.0,0.0,0.34524052400274674,,,
0.0,0.0,0.3333860243029401,,,
0.0,1.0,0.571575840951334,,,
0.0,0.0,0.4202141612439777,,,
1.0,1.0,0.5286240369614773,,,
0.0,0.0,0.3922372195953665,,,
1.0,1.0,0.5103989523187622,,,
1.0,1.0,0.5037241764284126,,,
0.0,0.0,0.41851810315390375,,,
1.0,0.0,0.4143137897543821,,,
1.0,1.0,0.6323520953949885,,,
0.0,0.0,0.4204576053447719,,,
0.0,0.0,0.38639549844045207,,,
1.0,0.0,0.4250648156655565,,,
1.0,0.0,0.4306798447257483,,,
0.0,0.0,0.33876086696573154,,,
1.0,0.0,0.392683168095509,,,
1.0,1.0,0.601578117448353,,,
0.0,0.0,0.3643677753330814,,,
0.0,0.0,0.3635419549967503,,,
1.0,1.0,0.6708525119780343,,,
1.0,1.0,0.5195098408130602,,,
0.0,0.0,0.3592052654231018,,,
0.0,0.0,0.39907470303196446,,,
1.0,0.0,0.4432454390893608,,,
1.0,0.0,0.4861798828563211,,,
1.0,1.0,0.7919426708020144,,,
1.0,1.0,0.5009502011046278,,,
1.0,1.0,0.6410445767405074,,,
0.0,0.0,0.43534512705731954,,,
0.0,0.0,0.47537238110042307,,,
1.0,0.0,0.4052195509229422,,,
1.0,0.0,0.4738168919982383,,,
0.0,0.0,0.3694780782655919,,,
0.0,0.0,0.40312062689108075,,,
0.0,0.0,0.3524358136244392,,,
0.0,0.0,0.3976314207508773,,,
0.0,0.0,0.3188134895157135,,,
0.0,0.0,0.3359042651588421,,,
1.0,1.0,0.7155053241599422,,,
1.0,1.0,0.6004958247862601,,,
0.0,0.0,0.37161226234935796,,,
1.0,0.0,0.4289530450592984,,,
0.0,0.0,0.38376801432845703,,,
0.0,0.0,0.3047748128732006,,,
0.0,0.0,0.40831614393557203,,,
1.0,1.0,0.5119094238652825,,,
0.0,0.0,0.45944080138816545,,,
0.0,0.0,0.46668280756619523,,,
1.0,1.0,0.8140807806072,,,
1.0,0.0,0.4486194182307841,,,
0.0,0.0,0.3416446598793646,,,
0.0,0.0,0.3128018506709222,,,
1.0,0.0,0.4500742770739191,,,
0.0,0.0,0.41036159023188645,,,
1.0,0.0,0.36169783317228466,,,
0.0,0.0,0.4066686704645559,,,
0.0,0.0,0.3495193726674808,,,
1.0,1.0,0.7156677976137843,,,
1.0,1.0,0.5128209317134836,,,
0.0,0.0,0.45004085548056166,,,
0.0,0.0,0.3765415576534265,,,
0.0,0.0,0.40263579583005704,,,
0.0,0.0,0.3735101450972155,,,
1.0,1.0,0.7582346147177265,,,
0.0,0.0,0.444021314069172,,,
1.0,0.0,0.38455878168116553,,,
1.0,1.0,0.5350867159727837,,,
0.0,0.0,0.4271743524809702,,,
1.0,1.0,0.7508812979948097,,,
1.0,0.0,0.47283845206974645,,,
0.0,0.0,0.43053668184301663,,,
0.0,0.0,0.4321570032185224,,,
0.0,0.0,0.42677898884742943,,,
1.0,1.0,0.5700487835003656,,,
1.0,0.0,0.47200920031489424,,,
1.0,0.0,0.46343889476541134,,,
1.0,1.0,0.5556710847156422,,,
0.0,1.0,0.5363651272100676,,,
0.0,0.0,0.4046046579858438,,,
1.0,1.0,0.510354513173576,,,
1.0,1.0,0.5394630910160865,,,
0.0,0.0,0.4779544813829001,,,
0.0,0.0,0.42372655748342475,,,
1.0,0.0,0.4948291722704664,,,
0.0,1.0,0.5279067045754939,,,
0.0,0.0,0.39335335120405035,,,
0.0,0.0,0.4984150298663992,,,
1.0,0.0,0.4313536661942262,,,
1.0,0.0,0.392137700808288,,,
1.0,0.0,0.4909725522321339,,,
0.0,0.0,0.37982362374157186,,,
1.0,1.0,0.5619761839662394,,,
0.0,0.0,0.39435412175289086,,,
1.0,1.0,0.5136444604570827,,,
1.0,0.0,0.4131847769158361,,,
1.0,1.0,0.6414919008247024,,,
1.0,1.0,0.646900865468804,,,
1.0,0.0,0.46177099973262276,,,
0.0,0.0,0.37705304734799433,,,
0.0,0.0,0.4445578909475755,,,
1.0,0.0,0.49140411541093365,,,
0.0,0.0,0.37581564722072824,,,
0.0,1.0,0.5542163065102705,,,
1.0,0.0,0.32114923569593495,,,
1.0,0.0,0.47300320414222413,,,
1.0,0.0,0.4905429277149828,,,
0.0,0.0,0.4592732600750098,,,
0.0,0.0,0.22894814627247426,,,
1.0,0.0,0.44547574966551995,,,
1.0,1.0,0.7933354540591806,,,
1.0,1.0,0.6459243784182481,,,
0.0,0.0,0.41506852874028943,,,
0.0,0.0,0.46469708935962345,,,
0.0,0.0,0.4553907858630727,,,
0.0,0.0,0.4515078993010629,,,
0.0,0.0,0.4586735258984775,,,
1.0,1.0,0.8336661869897306,,,
1.0,0.0,0.3891488596597592,,,
0.0,0.0,0.3625707775736759,,,
0.0,1.0,0.5810855775376486,,,
1.0,1.0,0.6698184457598869,,,
1.0,0.0,0.4442419100133448,,,
0.0,0.0,0.40078386816271294,,,
0.0,0.0,0.4283126630410291,,,
1.0,1.0,0.5219383203598954,,,
0.0,0.0,0.46219685096269003,,,
1.0,1.0,0.6760036900191528,,,
0.0,0.0,0.3170692509696375,,,
1.0,0.0,0.4738774260975415,,,
1.0,1.0,0.6383281869082834,,,
0.0,0.0,0.4100590533469512,,,
1.0,1.0,0.6703250578348012,,,
0.0,0.0,0.44092775370264825,,,
0.0,0.0,0.49104066238402627,,,
1.0,1.0,0.5740472644962925,,,
0.0,0.0,0.4232907433502837,,,
1.0,1.0,0.5376887837216202,,,
1.0,1.0,0.5874533977350729,,,
1.0,0.0,0.4548947847848466,,,
0.0,0.0,0.35313483224978676,,,
0.0,0.0,0.4069060755388649,,,
1.0,1.0,0.5300147127069571,,,
0.0,0.0,0.3568163249409432,,,
1.0,0.0,0.49079186184255924,,,
0.0,0.0,0.3147606476029925,,,
0.0,0.0,0.44724953636723175,,,
0.0,0.0,0.4041606507188858,,,
0.0,0.0,0.34734006231300757,,,
1.0,1.0,0.7415223124921654,,,
0.0,0.0,0.3617196165714177,,,
0.0,0.0,0.44392137007398325,,,
0.0,0.0,0.31485362969507025,,,
1.0,0.0,0.47142507961703456,,,
0.0,0.0,0.4677922472642465,,,
1.0,0.0,0.46690716361968626,,,
0.0,0.0,0.47672263038225393,,,
0.0,0.0,0.3798158811895994,,,
1.0,1.0,0.514314865523599,,,
0.0,0.0,0.3704206389717236,,,
0.0,0.0,0.4024547578513567,,,
1.0,0.0,0.4183084484025925,,,
1.0,1.0,0.5728183087045949,,,
0.0,0.0,0.4783233005832593,,,
0.0,0.0,0.3735598729676373,,,
1.0,1.0,0.5074469751419896,,,
0.0,0.0,0.41097304128482054,,,
0.0,0.0,0.4322496153342007,,,
0.0,0.0,0.4060248492162036,,,
1.0,0.0,0.4155103224156428,,,
0.0,0.0,0.41182006516549546,,,
0.0,0.0,0.49008960606824314,,,
1.0,0.0,0.4663374561712977,,,
1.0,1.0,0.7511064363792486,,,
1.0,1.0,0.7807283507682629,,,
0.0,0.0,0.4590674646778212,,,
1.0,1.0,0.5592521814353849,,,
0.0,0.0,0.415655446401072,,,
0.0,0.0,0.35604673415856225,,,
0.0,0.0,0.24911412238872713,,,
0.0,0.0,0.3744448251050042,,,
1.0,0.0,0.3966496671563438,,,
1.0,0.0,0.44814241891177925,,,
0.0,1.0,0.5324700757175378,,,
0.0,0.0,0.35971511836180114,,,
0.0,0.0,0.35728507601323256,,,
0.0,1.0,0.5237158683994892,,,
1.0,0.0,0.3831062095934671,,,
1.0,1.0,0.5209115309996796,,,
1.0,1.0,0.5030738365204618,,,
1.0,1.0,0.590619627120299,,,
1.0,1.0,0.5684283996350226,,,
0.0,0.0,0.36123973683948957,,,
1.0,0.0,0.4967800701031177,,,
1.0,1.0,0.6719167004509989,,,
1.0,1.0,0.5490633193807294,,,
1.0,1.0,0.509825866194761,,,
1.0,1.0,0.512228624946379,,,
1.0,1.0,0.7162921928053299,,,
1.0,0.0,0.3813645679600353,,,
0.0,0.0,0.40780961863225945,,,
0.0,1.0,0.5469201613680168,,,
0.0,0.0,0.40198389414432045,,,
1.0,1.0,0.7060607527441589,,,
0.0,0.0,0.40512255334693664,,,
0.0,0.0,0.4010407089013499,,,
0.0,1.0,0.5052650973309837,,,
0.0,0.0,0.3582325352144773,,,
0.0,0.0,0.4678576080805528,,,
0.0,0.0,0.42150199116210196,,,
1.0,0.0,0.48788991739028426,,,
1.0,0.0,0.43139012569919033,,,
1.0,1.0,0.6281624272023263,,,
0.0,0.0,0.4496931015636147,,,
1.0,1.0,0.72597135253721,,,
0.0,0.0,0.4183101665016897,,,
1.0,1.0,0.5380993138233342,,,
1.0,0.0,0.41610162952520885,,,
0.0,1.0,0.5533503926162735,,,
1.0,1.0,0.6786594645808544,,,
0.0,0.0,0.4814987218662837,,,
0.0,0.0,0.36818639013769655,,,
0.0,0.0,0.4997058373971345,,,
1.0,1.0,0.5399200000967443,,,
1.0,1.0,0.6197111364001802,,,
0.0,0.0,0.3773114844482352,,,
0.0,1.0,0.5001135445019835,,,
1.0,1.0,0.5313522274754279,,,
1.0,0.0,0.47573538845515406,,,
0.0,0.0,0.32426580890974943,,,
1.0,1.0,0.6740835087686856,,,
0.0,0.0,0.3628619788296542,,,
0.0,0.0,0.4923762836482747,,,
1.0,0.0,0.4619726374422756,,,
1.0,0.0,0.4279991524578125,,,
0.0,0.0,0.3671867431551016,,,
1.0,1.0,0.6059710699962714,,,
0.0,0.0,0.39812729652025375,,,
0.0,0.0,0.4385444662945375,,,
0.0,0.0,0.3387752697422441,,,
1.0,1.0,0.5398207840181071,,,
1.0,0.0,0.4998464346760419,,,
1.0,1.0,0.7786316749497935,,,
0.0,0.0,0.4246649416234164,,,
0.0,0.0,0.49555654414863964,,,
0.0,0.0,0.38710450580711325,,,
1.0,0.0,0.32828536930012625,,,
0.0,0.0,0.44782833454233323,,,
1.0,0.0,0.41130947347091895,,,
1.0,1.0,0.7641530520801657,,,
0.0,0.0,0.35356078581765293,,,
0.0,0.0,0.32977972111890047,,,
0.0,0.0,0.3451363963070557,,,
1.0,1.0,0.5544866262206529,,,
1.0,1.0,0.5351948991236101,,,
0.0,0.0,0.3987015208705467,,,
1.0,1.0,0.6653444761854079,,,
1.0,1.0,0.5375111715191441,,,
1.0,0.0,0.4368925863811227,,,
1.0,1.0,0.5354921353642528,,,
1.0,1.0,0.5278676227532014,,,
1.0,1.0,0.7326669439129498,,,
0.0,0.0,0.41293955148169703,,,
1.0,0.0,0.4685062352519122,,,
0.0,0.0,0.3725491955300381,,,
0.0,0.0,0.39114117576217655,,,
0.0,0.0,0.4858899045955404,,,
1.0,0.0,0.499930585704478,,,
0.0,0.0,0.4239367229420785,,,
1.0,0.0,0.48829347173423393,,,
0.0,0.0,0.3848772863258939,,,
1.0,1.0,0.6306421584165727,,,
1.0,0.0,0.46689323697577084,,,
1.0,0.0,0.34779466415607746,,,
1.0,1.0,0.5316383816362569,,,
0.0,0.0,0.44200284464933026,,,
1.0,0.0,0.3813043888829552,,,
1.0,0.0,0.3681100041717398,,,
0.0,0.0,0.422109926819902,,,
1.0,1.0,0.5367378891021584,,,
1.0,1.0,0.6214690098167222,,,
1.0,1.0,0.5006320991171374,,,
0.0,0.0,0.3564022984527081,,,
0.0,0.0,0.463158925772636,,,
0.0,0.0,0.37262573466230664,,,
0.0,0.0,0.3355139182439812,,,
1.0,0.0,0.41928201709212626,,,
0.0,0.0,0.40569097197194864,,,
1.0,1.0,0.5580487850987985,,,
0.0,1.0,0.5091557747287647,,,
0.0,0.0,0.45119949801782266,,,
0.0,0.0,0.35642249592871766,,,
0.0,0.0,0.4866214908917575,,,
0.0,0.0,0.3457023418554603,,,
1.0,1.0,0.6275371034864742,,,
0.0,1.0,0.5241961271923326,,,
0.0,0.0,0.41469861637164535,,,
1.0,0.0,0.4923695621366575,,,
0.0,0.0,0.4580381603101362,,,
1.0,1.0,0.6623516219769704,,,
1.0,1.0,0.5756188361883462,,,
1.0,0.0,0.494424411966976,,,
0.0,0.0,0.3699396121763495,,,
1.0,1.0,0.8135866096940941,,,
1.0,1.0,0.7676889254855837,,,
1.0,1.0,0.6267262552673901,,,
1.0,1.0,0.5502558606042846,,,
1.0,1.0,0.6724478417035774,,,
0.0,0.0,0.3848217562783829,,,
1.0,0.0,0.40897476765953,,,
0.0,0.0,0.3758786658543471,,,
0.0,0.0,0.4488450670932436,,,
1.0,0.0,0.4515375766171118,,,
0.0,0.0,0.4216290030418224,,,
1.0,0.0,0.4188382151755389,,,
0.0,0.0,0.3498243159394245,,,
1.0,0.0,0.3417057065264404,,,
1.0,1.0,0.8055325026086043,,,
1.0,1.0,0.5759835696664749,,,
1.0,1.0,0.6023350990113309,,,
1.0,0.0,0.43520472476791106,,,
0.0,1.0,0.6225510718142759,,,
0.0,0.0,0.3799692817830565,,,
0.0,0.0,0.21941495597356267,,,
0.0,0.0,0.45425168736172555,,,
0.0,0.0,0.3881374495235583,,,
1.0,0.0,0.33818413571449707,,,
1.0,0.0,0.4167466426077489,,,
0.0,1.0,0.5103734700408061,,,
0.0,0.0,0.3551845011738045,,,
0.0,0.0,0.4112197296932318,,,
0.0,0.0,0.497193570542208,,,
0.0,0.0,0.34161153656298154,,,
1.0,0.0,0.49944084562218133,,,
1.0,1.0,0.6091146305911396,,,
0.0,0.0,0.4033345826705483,,,
1.0,1.0,0.6427432243825273,,,
0.0,0.0,0.40776555583198004,,,
0.0,0.0,0.42793710403289986,,,
1.0,0.0,0.43931435861574847,,,
1.0,0.0,0.4798160626397302,,,
0.0,1.0,0.5573569070315166,,,
1.0,1.0,0.6612949306586583,,,
0.0,0.0,0.32461935005182313,,,
0.0,0.0,0.4135789759110542,,,
0.0,0.0,0.27752197455399613,,,
1.0,1.0,0.8068014168993108,,,
1.0,1.0,0.5318191074788668,,,
1.0,1.0,0.5338094314545324,,,
1.0,1.0,0.5178722386233194,,,
0.0,0.0,0.46103600481323537,,,
0.0,0.0,0.45430775943048535,,,
1.0,1.0,0.6744810549336221,,,
0.0,1.0,0.5017255868340755,,,
0.0,0.0,0.42904989100419566,,,
0.0,1.0,0.5824944117482382,,,
0.0,0.0,0.40076748869234763,,,
0.0,0.0,0.36156438918294626,,,
0.0,0.0,0.3662141382598923,,,
1.0,1.0,0.5641166202709649,,,
1.0,1.0,0.5860889047814081,,,
0.0,0.0,0.32433014664425325,,,
0.0,0.0,0.3384952869304468,,,
1.0,0.0,0.49894780112016973,,,
0.0,0.0,0.3661715613741769,,,
1.0,1.0,0.5821834081004557,,,
0.0,0.0,0.3518920084520881,,,
1.0,0.0,0.46320388795639045,,,
1.0,1.0,0.5709606387132594,,,
1.0,0.0,0.45690516274217124,,,
1.0,0.0,0.471969087040774,,,
1.0,0.0,0.39643544656482993,,,
0.0,0.0,0.4153151269649105,,,
1.0,0.0,0.4010942316917152,,,
0.0,1.0,0.5060352864818345,,,
1.0,1.0,0.5101238696637441,,,
0.0,0.0,0.4526161787922072,,,
0.0,0.0,0.39758924838521864,,,
1.0,0.0,0.4674086570433751,,,
0.0,0.0,0.4621838244500962,,,
0.0,0.0,0.4903258389894025,,,
0.0,1.0,0.5919411692454347,,,
0.0,0.0,0.3805288442480601,,,
1.0,1.0,0.6387591307995768,,,
0.0,0.0,0.41081200843067495,,,
1.0,1.0,0.7379960487459107,,,
0.0,0.0,0.4047575808254043,,,
1.0,1.0,0.5679977514622928,,,
0.0,0.0,0.4233880986618917,,,
0.0,0.0,0.4453130889903895,,,
0.0,0.0,0.3347930176467573,,,
1.0,0.0,0.4191653681652125,,,
1.0,0.0,0.44980633959118166,,,
1.0,1.0,0.725088421384154,,,
1.0,0.0,0.36384445161786405,,,
1.0,1.0,0.53133136351585,,,
1.0,0.0,0.44741621847529156,,,
1.0,1.0,0.5401238579270693,,,
0.0,1.0,0.6534241657625633,,,
1.0,0.0,0.4974151655942781,,,
1.0,1.0,0.5470770773107213,,,
0.0,0.0,0.40375150001523463,,,
0.0,1.0,0.5200180640211769,,,
0.0,0.0,0.497193570542208,,,
1.0,1.0,0.6098490891026154,,,
1.0,0.0,0.4152998487201363,,,
0.0,0.0,0.4397470060439279,,,
0.0,0.0,0.43803589605071125,,,
1.0,1.0,0.6844718322428873,,,
1.0,1.0,0.6695832170598793,,,
1.0,1.0,0.5378118167430098,,,
1.0,0.0,0.4968171587870516,,,
0.0,0.0,0.4647104985370357,,,
0.0,0.0,0.4345557057664484,,,
0.0,0.0,0.38304795832556066,,,
0.0,0.0,0.30540772286144774,,,
0.0,0.0,0.33901391564820893,,,
1.0,0.0,0.47705392360512633,,,
0.0,1.0,0.5036812297513685,,,
1.0,1.0,0.72126281695758,,,
1.0,0.0,0.4873707400700052,,,
0.0,0.0,0.4124286393076615,,,
1.0,0.0,0.34314106149140244,,,
0.0,0.0,0.43422137224670426,,,
1.0,1.0,0.8217758254978763,,,
1.0,0.0,0.489264969570797,,,
1.0,0.0,0.33816563135113614,,,
0.0,0.0,0.4210192136400025,,,
0.0,0.0,0.35988807324921496,,,
0.0,0.0,0.38928016275773314,,,
1.0,0.0,0.40905916829435807,,,
0.0,0.0,0.3657700374611479,,,
0.0,0.0,0.39842183561741584,,,
1.0,1.0,0.7013275979906658,,,
0.0,0.0,0.3808165461074627,,,
0.0,0.0,0.4088783206803359,,,
0.0,0.0,0.4273208431865939,,,
1.0,0.0,0.4948962938685029,,,
1.0,1.0,0.5430256292616978,,,
1.0,1.0,0.7401220261007571,,,
1.0,0.0,0.3867397028475905,,,
0.0,0.0,0.4798568905154119,,,
1.0,1.0,0.6261274625027409,,,
1.0,1.0,0.5490633193807294,,,
1.0,1.0,0.576995688226188,,,
1.0,0.0,0.39261033461302136,,,
1.0,0.0,0.46797886753248236,,,
0.0,1.0,0.5163035444623562,,,
0.0,0.0,0.3758817781990723,,,
1.0,1.0,0.8294476733630239,,,
1.0,0.0,0.4919388994043733,,,
1.0,0.0,0.44329515994059354,,,
0.0,0.0,0.4682081460193267,,,
0.0,0.0,0.4470394681079661,,,
1.0,0.0,0.4516820437185251,,,
1.0,0.0,0.48939982059100556,,,
0.0,0.0,0.34516036191447325,,,
1.0,1.0,0.6628394926637091,,,
0.0,0.0,0.4553335466733697,,,
0.0,0.0,0.3984491739643615,,,
1.0,1.0,0.6438800077582281,,,
1.0,1.0,0.5227574287058556,,,
0.0,0.0,0.3349845366021803,,,
1.0,1.0,0.7063168040752532,,,
0.0,0.0,0.4190107275793154,,,
0.0,1.0,0.5177296777568916,,,
0.0,0.0,0.40618862416762885,,,
0.0,0.0,0.33680548389296555,,,
0.0,0.0,0.4544640657669026,,,
1.0,1.0,0.6381557414777012,,,
0.0,0.0,0.4139464784613678,,,
0.0,0.0,0.43240302577989065,,,
1.0,0.0,0.4188382151755389,,,
0.0,0.0,0.4316810908298226,,,
0.0,0.0,0.2996338842403534,,,
0.0,0.0,0.3446252075237049,,,
0.0,1.0,0.7146371894358372,,,
0.0,0.0,0.38962662393471764,,,
1.0,1.0,0.7342764316364956,,,
0.0,0.0,0.2843331071551274,,,
0.0,1.0,0.5641166202709649,,,
0.0,0.0,0.43115645488356985,,,
0.0,0.0,0.4373844158994499,,,
0.0,0.0,0.4209883405565048,,,
0.0,0.0,0.4199368049008835,,,
0.0,0.0,0.2816732800401321,,,
0.0,0.0,0.4335358808736818,,,
0.0,1.0,0.601122477390059,,,
0.0,0.0,0.4969604534774711,,,
0.0,0.0,0.3122308865762031,,,
1.0,1.0,0.7686327523017942,,,
0.0,0.0,0.35096007379723165,,,
0.0,0.0,0.41537474205029334,,,
0.0,0.0,0.3248588682635828,,,
1.0,0.0,0.41983940806816,,,
0.0,0.0,0.41570333139847243,,,
1.0,1.0,0.8005373871478026,,,
1.0,1.0,0.6062725918915493,,,
1.0,0.0,0.3593475844074309,,,
1.0,0.0,0.49538036315151723,,,
0.0,1.0,0.5493701430255991,,,
1.0,0.0,0.4188382151755389,,,
0.0,0.0,0.3697071074320689,,,
1.0,0.0,0.43182609775053915,,,
0.0,0.0,0.42422039034106174,,,
1.0,0.0,0.44854733660887447,,,
0.0,0.0,0.4125451431877657,,,
1.0,0.0,0.31757765805901167,,,
0.0,0.0,0.3962034481439218,,,
0.0,0.0,0.3976522934466712,,,
0.0,0.0,0.4135988314713579,,,
1.0,1.0,0.5156776926410876,,,
0.0,0.0,0.39649942243290714,,,
0.0,0.0,0.4880794043948136,,,
0.0,0.0,0.4464266142507515,,,
0.0,0.0,0.39744475533569346,,,
1.0,1.0,0.5272233510469948,,,
0.0,0.0,0.4571130928914731,,,
0.0,0.0,0.4069137641504855,,,
1.0,1.0,0.5127249315135061,,,
0.0,0.0,0.4820731380262195,,,
0.0,0.0,0.30760930524063673,,,
1.0,0.0,0.4552595304689644,,,
1.0,0.0,0.4439819666033224,,,
0.0,0.0,0.4542890672253563,,,
0.0,0.0,0.4420609974297242,,,
0.0,0.0,0.3840470566136529,,,
1.0,1.0,0.5654048339762071,,,
1.0,1.0,0.5595001323617752,,,
0.0,0.0,0.370094817406792,,,
0.0,0.0,0.45594163222804057,,,
1.0,0.0,0.4739474630093764,,,
1.0,1.0,0.6182414432102215,,,
0.0,0.0,0.4132362344172268,,,
0.0,0.0,0.39971837775498087,,,
0.0,0.0,0.34625154802749064,,,
0.0,0.0,0.4197181327663767,,,
1.0,1.0,0.6895431920096303,,,
0.0,0.0,0.46007445885144843,,,
1.0,1.0,0.5124313499080689,,,
1.0,0.0,0.4076711529707093,,,
0.0,0.0,0.46879062417861433,,,
0.0,0.0,0.46918752297541017,,,
0.0,0.0,0.3956490723706364,,,
0.0,0.0,0.38042791985677177,,,
1.0,1.0,0.5967879618621361,,,
1.0,0.0,0.3652733265025192,,,
0.0,0.0,0.41830920337862776,,,
0.0,0.0,0.4609394041740281,,,
1.0,0.0,0.4541054038816035,,,
0.0,0.0,0.4216125290449207,,,
1.0,0.0,0.44860862021322007,,,
0.0,0.0,0.3351882658011411,,,
1.0,0.0,0.43175695544622794,,,
0.0,0.0,0.4428432375200253,,,
0.0,0.0,0.42589184143285597,,,
0.0,0.0,0.4270614425072588,,,
0.0,0.0,0.43671234344635956,,,
1.0,0.0,0.4134188307188186,,,
0.0,0.0,0.40913495851756676,,,
0.0,0.0,0.46392188747483903,,,
0.0,0.0,0.40114491369738625,,,
1.0,1.0,0.5358354485161433,,,
0.0,0.0,0.4635747490706562,,,
0.0,0.0,0.42275393129658756,,,
0.0,0.0,0.3668003608212272,,,
1.0,1.0,0.7784669719028358,,,
0.0,0.0,0.3336358198594225,,,
0.0,1.0,0.5295292908329091,,,
0.0,0.0,0.38668522132899485,,,
0.0,0.0,0.4210307919711615,,,
0.0,0.0,0.38171416147917164,,,
0.0,0.0,0.2630698703443131,,,
1.0,1.0,0.5595724883531341,,,
0.0,0.0,0.2996458644753702,,,
1.0,1.0,0.6648883001354461,,,
1.0,0.0,0.3950250798455661,,,
1.0,0.0,0.49615462509148406,,,
1.0,1.0,0.6435923194329878,,,
1.0,0.0,0.4859455274271117,,,
0.0,0.0,0.3883220111590876,,,
0.0,0.0,0.402917325947009,,,
1.0,1.0,0.5537962293293452,,,
0.0,0.0,0.48227497571377204,,,
0.0,1.0,0.5879870268890552,,,
1.0,1.0,0.5128993031996413,,,
0.0,1.0,0.5507902236978031,,,
1.0,1.0,0.5042953310123612,,,
1.0,1.0,0.5613857712154485,,,
0.0,0.0,0.3570873717516285,,,
1.0,1.0,0.5615645805921591,,,
0.0,0.0,0.40496125515426346,,,
1.0,1.0,0.6151907451112633,,,
1.0,1.0,0.536730516617537,,,
1.0,1.0,0.6598310607666104,,,
0.0,1.0,0.6087627899461848,,,
1.0,0.0,0.41869049425504223,,,
0.0,0.0,0.4433554465635673,,,
1.0,0.0,0.4012066094855806,,,
0.0,0.0,0.3823332780862957,,,
0.0,1.0,0.5073969124270857,,,
0.0,0.0,0.4593851446699152,,,
0.0,0.0,0.42611329302738093,,,
0.0,0.0,0.34847477453399045,,,
1.0,1.0,0.5423991214583113,,,
0.0,0.0,0.4705032877412837,,,
0.0,0.0,0.3702205250284388,,,
0.0,1.0,0.5675105326136719,,,
0.0,0.0,0.4001967224430876,,,
0.0,0.0,0.4918543590349595,,,
0.0,1.0,0.5101654683741427,,,
1.0,0.0,0.4324866363203398,,,
0.0,0.0,0.3894420663602243,,,
0.0,0.0,0.3704136386878775,,,
1.0,0.0,0.4712167520328199,,,
1.0,0.0,0.4987071375171172,,,
0.0,0.0,0.3608810493694007,,,
1.0,0.0,0.47562130587316787,,,
0.0,1.0,0.6046549460730013,,,
1.0,1.0,0.5075865820018335,,,
1.0,1.0,0.7638074484671307,,,
1.0,1.0,0.7116802875470141,,,
1.0,1.0,0.6340065971272789,,,
0.0,0.0,0.3687653013146997,,,
0.0,0.0,0.4174598728620253,,,
0.0,0.0,0.4340376782595998,,,
1.0,1.0,0.5329639279550162,,,
0.0,0.0,0.4146559181291437,,,
1.0,1.0,0.6714833707989954,,,
1.0,0.0,0.40804671898235917,,,
1.0,0.0,0.45143009393067424,,,
0.0,0.0,0.3457848765575828,,,
1.0,1.0,0.5102178093111799,,,
1.0,1.0,0.5729490535915974,,,
0.0,1.0,0.5594948021964771,,,
0.0,0.0,0.38939492424845457,,,
1.0,1.0,0.5082526808937001,,,
1.0,1.0,0.6922492324428338,,,
1.0,1.0,0.5371075095175589,,,
1.0,1.0,0.7437545177299824,,,
0.0,0.0,0.42697760886462005,,,
1.0,0.0,0.4965746135066216,,,
0.0,0.0,0.30700228638166177,,,
0.0,1.0,0.5090798397113883,,,
1.0,0.0,0.4602844692864603,,,
0.0,0.0,0.45921166877190156,,,
1.0,0.0,0.4853851976841297,,,
0.0,0.0,0.3609175317113567,,,
1.0,1.0,0.6472700643630512,,,
0.0,1.0,0.5238442314407885,,,
1.0,0.0,0.3868075851894736,,,
1.0,0.0,0.47798621525816526,,,
0.0,0.0,0.37779367190806007,,,
0.0,0.0,0.3494174951516234,,,
1.0,1.0,0.5356725623608156,,,
0.0,0.0,0.4376204967955011,,,
0.0,0.0,0.40633192191107975,,,
1.0,0.0,0.39464697383633124,,,
1.0,0.0,0.4417094141783014,,,
0.0,0.0,0.3724480264117782,,,
1.0,1.0,0.5294270511537538,,,
0.0,0.0,0.4059962556100283,,,
0.0,0.0,0.4160892687072793,,,
1.0,1.0,0.6034806344954269,,,
0.0,0.0,0.4010745699463821,,,
0.0,0.0,0.4438436381052598,,,
1.0,1.0,0.5174883365134314,,,
1.0,1.0,0.6294616213941538,,,
1.0,1.0,0.562193596444917,,,
1.0,1.0,0.5312821882535227,,,
1.0,1.0,0.510424857543678,,,
0.0,0.0,0.4662844840593018,,,
1.0,1.0,0.6490131730403818,,,
1.0,0.0,0.4277403587003759,,,
1.0,0.0,0.4235211314922025,,,
0.0,0.0,0.434459770083379,,,
0.0,0.0,0.4043798223105606,,,
1.0,1.0,0.540662767554095,,,
0.0,0.0,0.49852963775943643,,,
0.0,0.0,0.31948132144802194,,,
0.0,0.0,0.40316272291315647,,,
1.0,1.0,0.7446805589384624,,,
1.0,1.0,0.6216528584584072,,,
0.0,0.0,0.4512948688678459,,,
0.0,0.0,0.39222813395108336,,,
1.0,0.0,0.4874984007921674,,,
1.0,1.0,0.722994875701456,,,
1.0,1.0,0.6275871172851919,,,
1.0,1.0,0.7526536853507027,,,
1.0,0.0,0.3824897750569461,,,
1.0,1.0,0.7166320028108777,,,
0.0,1.0,0.6214067012066368,,,
1.0,0.0,0.4075242154822656,,,
1.0,1.0,0.5510207627292071,,,
1.0,1.0,0.5049130431136558,,,
0.0,0.0,0.3294779214512153,,,
1.0,0.0,0.40323343772617004,,,
0.0,0.0,0.43679318529334427,,,
0.0,1.0,0.5137074188325078,,,
0.0,0.0,0.41904518227414567,,,
0.0,0.0,0.40845223358607563,,,
0.0,0.0,0.4541520108932795,,,
0.0,0.0,0.3270295865974578,,,
0.0,0.0,0.3138574206208285,,,
0.0,0.0,0.38085076463668976,,,
1.0,1.0,0.542539916683534,,,
0.0,0.0,0.34592051800211465,,,
0.0,0.0,0.33686655228095913,,,
0.0,0.0,0.4516820437185251,,,
1.0,1.0,0.5425746832508677,,,
0.0,1.0,0.5318604953887553,,,
0.0,0.0,0.413952435478849,,,
0.0,0.0,0.43782034805276066,,,
0.0,1.0,0.5885085455046172,,,
0.0,0.0,0.42718853924528155,,,
0.0,1.0,0.5100439311391327,,,
0.0,0.0,0.40704233381041854,,,
0.0,0.0,0.28866558171567025,,,
1.0,1.0,0.5497423933532217,,,
1.0,0.0,0.45583843544841063,,,
1.0,1.0,0.5636931110051792,,,
1.0,1.0,0.6727051691951988,,,
0.0,0.0,0.40493154611796267,,,
0.0,0.0,0.3976389287265961,,,
0.0,0.0,0.44107933289709506,,,
0.0,0.0,0.4847966615192127,,,
1.0,1.0,0.6132219980911814,,,
0.0,0.0,0.4292137097875889,,,
1.0,1.0,0.6419413224454675,,,
1.0,1.0,0.5368855800207136,,,
1.0,1.0,0.5905722729367836,,,
1.0,0.0,0.4608387382641774,,,
0.0,0.0,0.37636994140022906,,,
1.0,0.0,0.46819492094816695,,,
0.0,0.0,0.31722328386504106,,,
0.0,0.0,0.451085356518158,,,
0.0,1.0,0.560672598959585,,,
1.0,1.0,0.622400296368495,,,
0.0,0.0,0.34572413268169216,,,
1.0,0.0,0.46470707820102564,,,
1.0,1.0,0.6506996544937392,,,
1.0,0.0,0.47366174496677504,,,
0.0,0.0,0.41039152444336785,,,
1.0,1.0,0.6898582531323983,,,
1.0,0.0,0.4003767248166617,,,
1.0,1.0,0.5044012629745998,,,
0.0,1.0,0.5085832778691797,,,
0.0,0.0,0.3927166491633122,,,
1.0,1.0,0.7534342506926537,,,
1.0,1.0,0.5073041412317801,,,
1.0,1.0,0.5352593043400252,,,
1.0,0.0,0.44943600202005857,,,
0.0,0.0,0.3291570601198791,,,
0.0,0.0,0.42150031526843407,,,
1.0,0.0,0.4396358696185237,,,
1.0,1.0,0.6626329721035257,,,
0.0,0.0,0.3185732198133887,,,
1.0,1.0,0.5778787324563954,,,
0.0,0.0,0.3915592831069427,,,
0.0,0.0,0.39487451679835633,,,
0.0,0.0,0.37918755802074117,,,
0.0,0.0,0.38256914664631986,,,
1.0,0.0,0.2997284087222722,,,
1.0,1.0,0.7840823679264198,,,
1.0,1.0,0.518530596818415,,,
0.0,0.0,0.36511362050245283,,,
0.0,0.0,0.42153131567490565,,,
0.0,0.0,0.3911397014340589,,,
0.0,0.0,0.45796328762556726,,,
0.0,0.0,0.49229612618922286,,,
1.0,1.0,0.7295237086953172,,,
0.0,0.0,0.4086241434101833,,,
0.0,0.0,0.36144005913661764,,,
1.0,0.0,0.48885519536435157,,,
1.0,1.0,0.5091805494215074,,,
1.0,0.0,0.42368807774585754,,,
1.0,1.0,0.5030881511305809,,,
1.0,1.0,0.5119890511536443,,,
1.0,1.0,0.7764207059208224,,,
0.0,0.0,0.391663074016822,,,
1.0,0.0,0.4971261811043829,,,
1.0,1.0,0.5197203008108542,,,
0.0,0.0,0.47525850927860214,,,
0.0,0.0,0.40429467403912733,,,
0.0,0.0,0.4596414544666053,,,
0.0,0.0,0.40701708752961785,,,
0.0,0.0,0.3502606097624249,,,
1.0,1.0,0.5610843045561471,,,
0.0,0.0,0.34844497042074024,,,
1.0,0.0,0.42504077154007514,,,
0.0,1.0,0.5088720305467148,,,
0.0,0.0,0.37214778375266583,,,
0.0,0.0,0.3540216653109411,,,
0.0,1.0,0.5324893058609134,,,
1.0,0.0,0.47893548368100647,,,
1.0,1.0,0.5287017542277349,,,
0.0,1.0,0.5068220677519136,,,
1.0,0.0,0.40284921854636346,,,
1.0,1.0,0.5849235745385337,,,
0.0,0.0,0.4125205595811437,,,
0.0,0.0,0.47939637429621523,,,
0.0,0.0,0.45655990247640704,,,
0.0,0.0,0.3606651797964372,,,
1.0,1.0,0.5703312171365708,,,
1.0,1.0,0.5311998919237104,,,
0.0,0.0,0.35952617159865546,,,
0.0,0.0,0.3857428939943665,,,
1.0,0.0,0.40421735586111507,,,
0.0,0.0,0.4626348563663306,,,
1.0,1.0,0.677832526886716,,,
0.0,0.0,0.3531940210805788,,,
1.0,1.0,0.734690671441402,,,
1.0,1.0,0.5677774634382025,,,
0.0,0.0,0.45969050757652324,,,
1.0,1.0,0.6224631544939752,,,
1.0,0.0,0.38097959927638975,,,
0.0,1.0,0.6550052227805243,,,
1.0,1.0,0.7181114337220212,,,
1.0,1.0,0.5292741361857312,,,
1.0,1.0,0.5171897248177614,,,
1.0,1.0,0.638637123155391,,,
1.0,0.0,0.36771182525355683,,,
1.0,0.0,0.4539085573898079,,,
0.0,0.0,0.40194593013277063,,,
0.0,0.0,0.4205126779192269,,,
1.0,1.0,0.6171189332570001,,,
0.0,0.0,0.3638921099701583,,,
0.0,0.0,0.45567412924784423,,,
0.0,0.0,0.38311375034335343,,,
1.0,0.0,0.4927834781913863,,,
1.0,1.0,0.5137478367950029,,,
1.0,0.0,0.45175037391530976,,,
1.0,1.0,0.5407308401094618,,,
1.0,0.0,0.42109720656636634,,,
0.0,0.0,0.37169484074857445,,,
1.0,0.0,0.49175982576682103,,,
0.0,0.0,0.47341630225816167,,,
1.0,1.0,0.6416095302629975,,,
1.0,1.0,0.778156061909273,,,
0.0,0.0,0.3910845214774714,,,
1.0,0.0,0.4184445703183032,,,
0.0,0.0,0.4621960183169026,,,
1.0,0.0,0.45741073014112643,,,
0.0,0.0,0.3854014996068988,,,
1.0,1.0,0.5167388355659407,,,
0.0,0.0,0.3614502634744723,,,
0.0,0.0,0.38812314645779333,,,
0.0,1.0,0.5071830550417252,,,
1.0,1.0,0.5023347099031462,,,
1.0,1.0,0.6325254705429129,,,
0.0,0.0,0.40381317559683594,,,
1.0,1.0,0.6542053844459068,,,
1.0,1.0,0.6360510498540528,,,
1.0,1.0,0.7365844105212984,,,
1.0,0.0,0.4715870660382012,,,
1.0,0.0,0.3429458951443572,,,
1.0,1.0,0.5846558288729378,,,
0.0,0.0,0.3915699989690482,,,
0.0,0.0,0.34059500779624924,,,
0.0,1.0,0.5055701898307794,,,
1.0,1.0,0.5855057383097407,,,
1.0,1.0,0.5197430042633046,,,
0.0,1.0,0.5533771427652706,,,
0.0,0.0,0.3342451268257191,,,
0.0,0.0,0.40251714203021355,,,
0.0,0.0,0.41845962304934964,,,
1.0,1.0,0.7906295937394248,,,
0.0,0.0,0.3615705158728336,,,
1.0,1.0,0.5188416150300428,,,
1.0,1.0,0.6642893689390358,,,
1.0,1.0,0.5187425300325321,,,
0.0,0.0,0.37503139006713654,,,
1.0,1.0,0.8216418753582775,,,
1.0,1.0,0.7543802958694406,,,
0.0,0.0,0.4394598592202735,,,
0.0,0.0,0.488699820603954,,,
1.0,1.0,0.5299216415351325,,,
0.0,0.0,0.4371492788355951,,,
0.0,0.0,0.42692614161725717,,,
1.0,1.0,0.5722799388257982,,,
1.0,0.0,0.42186895878009545,,,
1.0,1.0,0.5069133585757053,,,
1.0,0.0,0.49294100203304825,,,
0.0,0.0,0.33521359127905603,,,
1.0,0.0,0.4713177927157487,,,
0.0,0.0,0.3569398728104647,,,
1.0,0.0,0.4261146965639071,,,
1.0,1.0,0.5133577149470961,,,
1.0,1.0,0.7876963316994636,,,
0.0,0.0,0.4354280765876736,,,
0.0,0.0,0.3807378077265631,,,
1.0,1.0,0.639060624263412,,,
0.0,0.0,0.32506039095003714,,,
1.0,0.0,0.4702559066395041,,,
1.0,1.0,0.5632629717415345,,,
1.0,1.0,0.7054291408282549,,,
0.0,0.0,0.43406337800134526,,,
1.0,0.0,0.364977178299903,,,
1.0,1.0,0.6387071859082103,,,
1.0,0.0,0.4168236218836916,,,
0.0,0.0,0.3975926705754739,,,
0.0,0.0,0.3913626814996006,,,
1.0,1.0,0.5357984325971211,,,
1.0,0.0,0.46197291335619123,,,
0.0,0.0,0.3935844068994158,,,
0.0,0.0,0.41664441611629943,,,
1.0,1.0,0.7107266429522505,,,
0.0,0.0,0.4061696978731834,,,
0.0,0.0,0.4638003656466943,,,
0.0,0.0,0.3538383797080374,,,
1.0,1.0,0.5461117347712139,,,
1.0,1.0,0.7574749102005071,,,
0.0,0.0,0.4284745851414962,,,
1.0,0.0,0.49979509526419424,,,
1.0,0.0,0.48640269954680676,,,
0.0,1.0,0.5124364318852712,,,
0.0,1.0,0.6631646437960126,,,
0.0,1.0,0.5000256801922672,,,
0.0,0.0,0.3815253947253133,,,
1.0,1.0,0.656357654548049,,,
0.0,0.0,0.406048213400723,,,
0.0,0.0,0.4109068634586025,,,
0.0,0.0,0.4315116587003608,,,
1.0,0.0,0.46191202380453844,,,
0.0,0.0,0.4420078881810344,,,
0.0,1.0,0.5081459375941372,,,
0.0,0.0,0.4668137112645713,,,
1.0,1.0,0.5197214018081242,,,
1.0,1.0,0.8247870679635908,,,
0.0,0.0,0.4709906323951728,,,
0.0,0.0,0.3701696935815057,,,
1.0,1.0,0.5061669032622167,,,
0.0,0.0,0.42004610123942643,,,
0.0,0.0,0.288135617840869,,,
0.0,0.0,0.3583249722087037,,,
1.0,1.0,0.608366466600603,,,
1.0,1.0,0.5657032021772637,,,
1.0,0.0,0.49592109556551495,,,
1.0,1.0,0.6239874386170792,,,
1.0,1.0,0.520586947748652,,,
1.0,1.0,0.653813551662222,,,
0.0,1.0,0.6781630247157717,,,
0.0,0.0,0.4452788178787243,,,
0.0,0.0,0.28837807108511126,,,
0.0,0.0,0.42873318727502513,,,
0.0,0.0,0.42721450875173855,,,
0.0,0.0,0.418890627527518,,,
1.0,1.0,0.6959534502542162,,,
0.0,0.0,0.43026030234256607,,,
1.0,1.0,0.5278332949764656,,,
0.0,0.0,0.4542964065200356,,,
1.0,1.0,0.5237435960193837,,,
0.0,0.0,0.36798829903831426,,,
1.0,0.0,0.4702376456721749,,,
0.0,0.0,0.3770658757793699,,,
0.0,0.0,0.36875430497326644,,,
0.0,0.0,0.4179885049175148,,,
0.0,0.0,0.40019840954160607,,,
0.0,0.0,0.40338637499029995,,,
1.0,1.0,0.6606480735985124,,,
1.0,1.0,0.7185651332912875,,,
0.0,0.0,0.32921025246901287,,,
1.0,1.0,0.6093614217286488,,,
1.0,1.0,0.5524147599228583,,,
1.0,1.0,0.6150020605846684,,,
1.0,0.0,0.45143009393067424,,,
1.0,1.0,0.5177308601392231,,,
0.0,0.0,0.33403539929058,,,
1.0,1.0,0.5329954108199684,,,
0.0,1.0,0.63082811191712,,,
1.0,1.0,0.7302473754954676,,,
0.0,0.0,0.45203681204596174,,,
0.0,0.0,0.4016211743524595,,,
1.0,0.0,0.488631250974196,,,
0.0,0.0,0.49852641521070135,,,
1.0,0.0,0.4476363714702135,,,
0.0,1.0,0.6274535859133968,,,
1.0,0.0,0.3829928200776505,,,
0.0,0.0,0.3279719360309366,,,
0.0,0.0,0.4384961556823277,,,
0.0,0.0,0.44526342471135816,,,
1.0,1.0,0.5380933558114002,,,
0.0,0.0,0.3734014519977954,,,
1.0,1.0,0.5951873830367015,,,
1.0,1.0,0.568322092748537,,,
0.0,0.0,0.4701427528736881,,,
1.0,1.0,0.5821445001384731,,,
1.0,1.0,0.8164367830726006,,,
0.0,0.0,0.4148828289544807,,,
1.0,1.0,0.5038018343468069,,,
1.0,0.0,0.38567281636074413,,,
0.0,0.0,0.38979317701815347,,,
0.0,0.0,0.472643555270678,,,
0.0,0.0,0.39687546329353446,,,
0.0,0.0,0.450698432591299,,,
0.0,0.0,0.3042201644772159,,,
1.0,1.0,0.6042042847077,,,
0.0,0.0,0.4584366493693967,,,
1.0,0.0,0.43114607266604377,,,
1.0,1.0,0.5545528166152137,,,
0.0,0.0,0.4316125445389693,,,
0.0,0.0,0.4778184364402017,,,
0.0,1.0,0.5621111929079559,,,
0.0,1.0,0.7143794087207177,,,
0.0,0.0,0.44260980790229126,,,
1.0,1.0,0.5050039806378355,,,
0.0,1.0,0.5154814640118157,,,
1.0,0.0,0.48844439587555755,,,
1.0,0.0,0.4415619542187962,,,
1.0,1.0,0.5669971203776742,,,
0.0,0.0,0.45864176048556893,,,
1.0,1.0,0.6541466783994273,,,
1.0,0.0,0.4812116335931999,,,
0.0,0.0,0.3783832881763174,,,
0.0,0.0,0.3574086590947567,,,
1.0,0.0,0.4501691201844203,,,
0.0,0.0,0.4979291641980578,,,
1.0,1.0,0.7930124500911575,,,
1.0,1.0,0.5701631981450782,,,
0.0,0.0,0.3471522734027666,,,
0.0,0.0,0.33455089838694696,,,
0.0,0.0,0.44797117500106176,,,
0.0,0.0,0.38631649662044415,,,
0.0,0.0,0.44945593796354805,,,
1.0,1.0,0.8352010565218393,,,
1.0,1.0,0.7483057498302403,,,
1.0,0.0,0.4884364703245008,,,
0.0,0.0,0.42727421529099774,,,
0.0,0.0,0.4707010532658174,,,
0.0,0.0,0.4499675347204597,,,
0.0,0.0,0.37040604637880237,,,
1.0,1.0,0.5926131510866823,,,
1.0,1.0,0.5209361978012377,,,
1.0,1.0,0.6466796871214515,,,
1.0,0.0,0.49313293072190706,,,
0.0,0.0,0.4124192239034712,,,
0.0,0.0,0.35580479848107976,,,
1.0,1.0,0.5605566763881649,,,
1.0,1.0,0.6270181032692477,,,
1.0,1.0,0.5593834126070405,,,
1.0,1.0,0.7273187060921461,,,
1.0,1.0,0.6155547845304896,,,
0.0,0.0,0.39455550977064974,,,
0.0,0.0,0.4571624114826652,,,
0.0,0.0,0.3854191128736174,,,
1.0,0.0,0.4835977700836521,,,
1.0,1.0,0.5593923340859067,,,
1.0,1.0,0.5689288579811267,,,
1.0,1.0,0.5919975460811894,,,
1.0,1.0,0.5114156679596542,,,
0.0,0.0,0.36693630709538155,,,
1.0,1.0,0.6049632076632191,,,
0.0,0.0,0.32820659041323835,,,
0.0,0.0,0.4210508568459668,,,
1.0,0.0,0.45672090970734336,,,
0.0,0.0,0.3478590120169306,,,
1.0,0.0,0.48187325095151934,,,
0.0,0.0,0.31735461333196274,,,
1.0,0.0,0.44471151500651507,,,
0.0,0.0,0.3970641259660113,,,
0.0,0.0,0.36341844889707514,,,
0.0,0.0,0.3788025076262082,,,
1.0,0.0,0.4265084517419481,,,
0.0,0.0,0.39433867676453005,,,
0.0,0.0,0.40394567420770683,,,
1.0,0.0,0.3852378820450704,,,
1.0,1.0,0.5236234816561882,,,
1.0,1.0,0.5436999458333615,,,
0.0,1.0,0.5554528263171398,,,
0.0,0.0,0.3293176557247237,,,
0.0,0.0,0.3640190346415712,,,
0.0,0.0,0.4422994237362565,,,
0.0,0.0,0.36921229465091393,,,
1.0,0.0,0.43190049083158605,,,
1.0,0.0,0.43346096834975834,,,
1.0,0.0,0.3113399636271366,,,
1.0,0.0,0.33937779927098466,,,
0.0,0.0,0.4159644046072465,,,
0.0,0.0,0.44119457700961706,,,
1.0,0.0,0.45016268028941187,,,
0.0,0.0,0.4080693421600513,,,
1.0,1.0,0.5302592263588701,,,
0.0,0.0,0.4150253259897942,,,
1.0,0.0,0.42443894879114985,,,
1.0,1.0,0.7621269263281759,,,
0.0,0.0,0.35345616434154487,,,
1.0,1.0,0.7274723077242989,,,
1.0,0.0,0.43485093328245217,,,
0.0,0.0,0.363435629260471,,,
1.0,1.0,0.5739531575359483,,,
1.0,1.0,0.6653444761854079,,,
1.0,0.0,0.4992545117601188,,,
0.0,0.0,0.44114459287559393,,,
0.0,0.0,0.4292933025320605,,,
1.0,1.0,0.6193302179335987,,,
1.0,1.0,0.7237512119326635,,,
0.0,0.0,0.4718030073090222,,,
1.0,0.0,0.4044063077615622,,,
0.0,0.0,0.43476129051111573,,,
0.0,0.0,0.49610137539691385,,,
0.0,0.0,0.4556427103577745,,,
1.0,0.0,0.39417902651570697,,,
1.0,1.0,0.5076050522049802,,,
1.0,1.0,0.6735055855124757,,,
1.0,1.0,0.5365430208259835,,,
0.0,0.0,0.32338683133393453,,,
0.0,0.0,0.3131755336585263,,,
0.0,0.0,0.3739602163131016,,,
0.0,0.0,0.4164895177637788,,,
0.0,1.0,0.6104926372128934,,,
0.0,0.0,0.42531864107820316,,,
0.0,0.0,0.43305625516164287,,,
0.0,0.0,0.3593475844074309,,,
0.0,0.0,0.38169544843348313,,,
1.0,1.0,0.5393173682653957,,,
0.0,0.0,0.4867737619703243,,,
1.0,1.0,0.5577903138605664,,,
1.0,1.0,0.5751734142822904,,,
0.0,1.0,0.5289399063540711,,,
1.0,1.0,0.527326509736736,,,
0.0,0.0,0.3632052283725747,,,
1.0,0.0,0.4459470072952353,,,
1.0,1.0,0.5043958552419741,,,
1.0,1.0,0.6823103694118088,,,
0.0,0.0,0.4432176984779017,,,
1.0,0.0,0.4780994486056729,,,
0.0,0.0,0.34058610245474435,,,
1.0,1.0,0.6004968877168433,,,
0.0,0.0,0.47665553893913964,,,
0.0,0.0,0.335559142638494,,,
0.0,0.0,0.41303759921664346,,,
1.0,1.0,0.5107400753410507,,,
0.0,0.0,0.3319364337560205,,,
0.0,0.0,0.37472289468105785,,,
1.0,1.0,0.6204639208193892,,,
1.0,1.0,0.5273583187452577,,,
0.0,0.0,0.3201511777529379,,,
0.0,0.0,0.4160344998146617,,,
0.0,0.0,0.35018602505219965,,,
1.0,1.0,0.6330650058045203,,,
1.0,1.0,0.5012654472583093,,,
0.0,0.0,0.4397060364603807,,,
0.0,0.0,0.41944088004595226,,,
1.0,1.0,0.76774748313232,,,
1.0,0.0,0.4038718147937541,,,
0.0,1.0,0.5049102044672353,,,
1.0,0.0,0.41739150524624374,,,
0.0,0.0,0.3863402431116101,,,
0.0,0.0,0.29800499819603277,,,
0.0,0.0,0.481108097314421,,,
0.0,0.0,0.35017907847685487,,,
0.0,0.0,0.4063175521300335,,,
1.0,1.0,0.6236857678221974,,,
0.0,0.0,0.45832416785873253,,,
1.0,1.0,0.5474498987358002,,,
0.0,0.0,0.4114041212739441,,,
1.0,1.0,0.5248248205324113,,,
0.0,0.0,0.39233117349496044,,,
0.0,0.0,0.4065834001338121,,,
1.0,0.0,0.46654864040529637,,,
1.0,0.0,0.4505464488747518,,,
0.0,0.0,0.3362059737777671,,,
0.0,0.0,0.37129397507262313,,,
1.0,1.0,0.5622430966038862,,,
0.0,1.0,0.5095320404349563,,,
0.0,0.0,0.3902706476836615,,,
0.0,0.0,0.4230029435327863,,,
0.0,0.0,0.4206595677211648,,,
1.0,1.0,0.535613804294064,,,
1.0,1.0,0.8336567727008483,,,
1.0,0.0,0.4885896002588002,,,
0.0,0.0,0.48241858997341414,,,
1.0,1.0,0.5235600808782754,,,
1.0,1.0,0.7235833043846733,,,
0.0,0.0,0.42024672832240323,,,
1.0,1.0,0.5569975047603957,,,
1.0,0.0,0.49655091654008804,,,
0.0,0.0,0.42727386537636,,,
0.0,0.0,0.49329103843059824,,,
1.0,0.0,0.37844346880207447,,,
0.0,0.0,0.4978811572968961,,,
1.0,1.0,0.65315620619189,,,
0.0,0.0,0.4736907395032075,,,
1.0,1.0,0.5038121003601147,,,
0.0,0.0,0.47377519837737725,,,
1.0,0.0,0.49995465672415496,,,
0.0,0.0,0.3396979310068477,,,
0.0,0.0,0.4968957594525761,,,
1.0,1.0,0.659047510267624,,,
1.0,1.0,0.5826174906083491,,,
1.0,0.0,0.48354047109747333,,,
1.0,0.0,0.46013052344827654,,,
1.0,1.0,0.6566871891773235,,,
0.0,0.0,0.3109556234469577,,,
0.0,0.0,0.33222635573637294,,,
1.0,1.0,0.5553148725872452,,,
1.0,1.0,0.5696298031524804,,,
1.0,1.0,0.5917125676750985,,,
1.0,1.0,0.5558900415538395,,,
0.0,1.0,0.5120545719512749,,,
1.0,1.0,0.5007364179191068,,,
1.0,0.0,0.4059210542075681,,,
0.0,0.0,0.3678421959498629,,,
1.0,0.0,0.31686427976520265,,,
0.0,1.0,0.6057609438926607,,,
1.0,0.0,0.42253080177859353,,,
1.0,1.0,0.5411632580907205,,,
1.0,0.0,0.41490072325681787,,,
1.0,1.0,0.7921347915837559,,,
1.0,0.0,0.40109594297564005,,,
0.0,0.0,0.45546459999552885,,,
1.0,1.0,0.6915806025023468,,,
0.0,0.0,0.40700557172713,,,
0.0,0.0,0.36393817084337293,,,
0.0,0.0,0.4357887610898502,,,
0.0,0.0,0.4133998439974602,,,
1.0,1.0,0.5231833957861796,,,
0.0,0.0,0.33737748206000595,,,
0.0,0.0,0.4299344804155192,,,
0.0,0.0,0.4729704278068117,,,
1.0,1.0,0.5085152124241835,,,
1.0,0.0,0.3929720646089961,,,
0.0,0.0,0.4625877954806783,,,
1.0,1.0,0.5009245003916918,,,
1.0,1.0,0.5104015329200249,,,
0.0,0.0,0.35671737338382836,,,
1.0,0.0,0.38645776648193775,,,
1.0,1.0,0.7423838786829559,,,
1.0,1.0,0.6606787642008395,,,
0.0,0.0,0.3520288659308948,,,
1.0,1.0,0.6936132074618524,,,
1.0,1.0,0.6736976631761261,,,
0.0,0.0,0.4819805174208242,,,
1.0,0.0,0.46161346289210614,,,
1.0,1.0,0.510968450958968,,,
0.0,0.0,0.4733662984878206,,,
1.0,0.0,0.4893681128600131,,,
1.0,1.0,0.5678189315672058,,,
1.0,1.0,0.5458048269583312,,,
1.0,0.0,0.41646786684100273,,,
0.0,0.0,0.34172107309974403,,,
1.0,0.0,0.42970373655294347,,,
1.0,1.0,0.5197576685877864,,,
1.0,1.0,0.7400837876905921,,,
0.0,0.0,0.4279877152767357,,,
1.0,1.0,0.5964579244012823,,,
0.0,0.0,0.39178444505049237,,,
0.0,0.0,0.46997973680278765,,,
0.0,0.0,0.3968527741838239,,,
1.0,1.0,0.526263105898468,,,
0.0,0.0,0.4503741304527328,,,
0.0,0.0,0.31912809379252655,,,
0.0,0.0,0.3345249374122323,,,
0.0,0.0,0.42616471779498666,,,
0.0,1.0,0.5024783286533819,,,
0.0,0.0,0.39868272542846295,,,
0.0,0.0,0.4847771401991555,,,
1.0,0.0,0.3182668514750599,,,
1.0,0.0,0.48682579175990004,,,
0.0,0.0,0.4110628748424441,,,
1.0,0.0,0.39017961961713604,,,
1.0,1.0,0.5312672097187203,,,
0.0,0.0,0.368351804223959,,,
0.0,0.0,0.4069946604231632,,,
0.0,0.0,0.3867422827004251,,,
0.0,0.0,0.37181089378728344,,,
0.0,0.0,0.42115880541040485,,,
1.0,1.0,0.5593559863159571,,,
0.0,0.0,0.4573109321502096,,,
1.0,0.0,0.4511390294690634,,,
0.0,1.0,0.6477496611870278,,,
0.0,0.0,0.38346518566768145,,,
1.0,1.0,0.6734495315647322,,,
1.0,0.0,0.4964114888013728,,,
0.0,1.0,0.6497063817999964,,,
0.0,0.0,0.4825197306506448,,,
0.0,0.0,0.36267222814438305,,,
1.0,1.0,0.5219968567321546,,,
0.0,0.0,0.4574918957584495,,,
0.0,0.0,0.45355701697646256,,,
1.0,1.0,0.5917340984803547,,,
0.0,0.0,0.21941495597356267,,,
0.0,0.0,0.4234847633406354,,,
0.0,0.0,0.3006664747350189,,,
1.0,0.0,0.4221403007494169,,,
0.0,1.0,0.5398570501113397,,,
1.0,0.0,0.3383596634405548,,,
1.0,0.0,0.4592238331639627,,,
1.0,1.0,0.5616655494638703,,,
0.0,0.0,0.42291561741898354,,,
1.0,1.0,0.5957943329778301,,,
1.0,1.0,0.5877618239091015,,,
1.0,0.0,0.4853719859131745,,,
1.0,1.0,0.5827421480659734,,,
0.0,0.0,0.4250695680312668,,,
0.0,1.0,0.576523683507702,,,
1.0,1.0,0.5335945874076794,,,
1.0,1.0,0.5361681187406706,,,
0.0,1.0,0.5769640121469837,,,
1.0,0.0,0.41403181464717015,,,
0.0,0.0,0.457564021699129,,,
1.0,1.0,0.5476596606719611,,,
0.0,0.0,0.37833111730742364,,,
0.0,0.0,0.2996327492062751,,,
1.0,0.0,0.3837936005575205,,,
0.0,0.0,0.364810477657474,,,
0.0,0.0,0.42716720300432626,,,
1.0,1.0,0.622937715354716,,,
0.0,0.0,0.34137136098144844,,,
0.0,0.0,0.21941495597356267,,,
1.0,0.0,0.43207465804352835,,,
0.0,0.0,0.28642941725826393,,,
1.0,1.0,0.5480417909946007,,,
1.0,0.0,0.4823768750605563,,,
0.0,0.0,0.40152659817930686,,,
1.0,1.0,0.5563617719333154,,,
1.0,1.0,0.505402083531512,,,
1.0,0.0,0.49428783876315424,,,
0.0,0.0,0.3678681745380401,,,
0.0,1.0,0.6633336019320744,,,
0.0,0.0,0.39246551542774755,,,
0.0,0.0,0.35038784176503995,,,
0.0,1.0,0.6423485109329304,,,
0.0,0.0,0.39385845719003365,,,
0.0,0.0,0.4318197929885822,,,
0.0,0.0,0.4170430567985784,,,
0.0,0.0,0.3657389707100669,,,
1.0,0.0,0.45945650474328936,,,
0.0,1.0,0.6155433461838171,,,
0.0,0.0,0.4337574995173555,,,
1.0,1.0,0.7630457170996795,,,
0.0,0.0,0.44327819209124014,,,
0.0,1.0,0.5006868309566828,,,
0.0,0.0,0.3737079934830299,,,
0.0,0.0,0.412439972524179,,,
1.0,1.0,0.5170946234497609,,,
1.0,1.0,0.680085756357965,,,
1.0,1.0,0.6320601139665076,,,
1.0,0.0,0.49008248663055387,,,
0.0,0.0,0.45487700151695937,,,
1.0,1.0,0.6433002673905726,,,
0.0,0.0,0.41273618113635735,,,
0.0,0.0,0.347126456225805,,,
1.0,1.0,0.5145409025569961,,,
0.0,0.0,0.3749514115247916,,,
1.0,1.0,0.6159431895252214,,,
1.0,1.0,0.6937259484275551,,,
1.0,0.0,0.4292640486819955,,,
1.0,1.0,0.6643692798169656,,,
0.0,0.0,0.3625212790458698,,,
0.0,1.0,0.6451331110653893,,,
0.0,1.0,0.5230398044553156,,,
1.0,1.0,0.5973855664462459,,,
0.0,0.0,0.27970311803915443,,,
0.0,0.0,0.3073981287682468,,,
1.0,1.0,0.5406496218913881,,,
0.0,0.0,0.34778213465279945,,,
1.0,0.0,0.4610485827485662,,,
1.0,1.0,0.5993164989890718,,,
1.0,1.0,0.5615800155879634,,,
1.0,0.0,0.42496210374793536,,,
1.0,1.0,0.6542236813226523,,,
0.0,0.0,0.3970211887043366,,,
0.0,0.0,0.3882620844019182,,,
0.0,0.0,0.36554155658066073,,,
0.0,0.0,0.4576570954219879,,,
0.0,0.0,0.404035863004833,,,
0.0,0.0,0.3002773855160562,,,
0.0,0.0,0.36558675287471665,,,
0.0,0.0,0.49225780831298155,,,
0.0,0.0,0.3668610674351658,,,
0.0,0.0,0.33163573945783476,,,
1.0,1.0,0.5103989523187622,,,
1.0,1.0,0.5160103569124169,,,
0.0,0.0,0.41307678040602197,,,
1.0,1.0,0.559225129334101,,,
0.0,0.0,0.4207974620697854,,,
0.0,0.0,0.4408420037192547,,,
1.0,0.0,0.36992726404878523,,,
1.0,1.0,0.548100279469038,,,
1.0,0.0,0.47255546612950267,,,
1.0,1.0,0.5656918898760236,,,
0.0,0.0,0.36470633250269496,,,
0.0,0.0,0.372460647334924,,,
0.0,0.0,0.39081146984449855,,,
1.0,1.0,0.5808924351991062,,,
0.0,1.0,0.601122477390059,,,
1.0,0.0,0.4694827335467971,,,
1.0,0.0,0.4374429160187092,,,
0.0,0.0,0.40926130067392325,,,
1.0,0.0,0.48554292334611193,,,
0.0,0.0,0.42520738057882757,,,
1.0,1.0,0.6606480735985124,,,
1.0,0.0,0.4936259904767464,,,
1.0,0.0,0.4102714689864392,,,
1.0,1.0,0.5305678963764404,,,
1.0,1.0,0.7082174184215724,,,
0.0,0.0,0.3741063055092965,,,
0.0,0.0,0.39091142368771614,,,
0.0,0.0,0.38707742379290794,,,
1.0,1.0,0.774273616714823,,,
0.0,0.0,0.4295971389470403,,,
0.0,1.0,0.5560060718545843,,,
0.0,0.0,0.3903714775315742,,,
0.0,0.0,0.45279629958449724,,,
0.0,0.0,0.34398266681304496,,,
1.0,1.0,0.808104504079878,,,
0.0,0.0,0.29832797078908074,,,
0.0,0.0,0.3612538798599673,,,
1.0,0.0,0.4388274316848041,,,
0.0,0.0,0.4541051086179539,,,
1.0,0.0,0.42307299390300634,,,
0.0,1.0,0.5742075222889497,,,
1.0,1.0,0.6040417136551786,,,
0.0,0.0,0.34632706171090083,,,
1.0,0.0,0.4873558194094791,,,
0.0,0.0,0.3347788507611408,,,
1.0,0.0,0.4216237117668,,,
1.0,0.0,0.46415272001191804,,,
0.0,0.0,0.3494357750807894,,,
0.0,0.0,0.38339197380425455,,,
0.0,0.0,0.3754872617991372,,,
0.0,0.0,0.4344830201858138,,,
1.0,1.0,0.6038828476923208,,,
0.0,0.0,0.43547283395342656,,,
1.0,0.0,0.47285938594965155,,,
0.0,0.0,0.4247932101646772,,,
1.0,0.0,0.49357474777502386,,,
0.0,0.0,0.3693384615455261,,,
1.0,1.0,0.7286887271139346,,,
0.0,0.0,0.4942727917487872,,,
0.0,0.0,0.31534110457139064,,,
0.0,0.0,0.39010775122103725,,,
0.0,0.0,0.381948750289757,,,
0.0,0.0,0.4344194346472151,,,
1.0,1.0,0.5545438579522604,,,
1.0,0.0,0.4590427561224084,,,
1.0,0.0,0.43555300018698084,,,
1.0,1.0,0.759714903448281,,,
1.0,1.0,0.5179942960766767,,,
1.0,0.0,0.4745391744168328,,,
1.0,0.0,0.39864388798468264,,,
1.0,1.0,0.7361527989718066,,,
1.0,1.0,0.5155058056334857,,,
1.0,1.0,0.5135012488705304,,,
1.0,1.0,0.5147010704447155,,,
1.0,0.0,0.45510396444145945,,,
0.0,0.0,0.4623700121866173,,,
0.0,0.0,0.4365362945728712,,,
0.0,0.0,0.32282602434000235,,,
0.0,0.0,0.40792454573736175,,,
1.0,1.0,0.5795016091857246,,,
0.0,0.0,0.38921138250516313,,,
1.0,0.0,0.42762014930300407,,,
1.0,0.0,0.46252217390476624,,,
1.0,0.0,0.44308416113947513,,,
0.0,0.0,0.4894892824796822,,,
1.0,1.0,0.6176462326701032,,,
0.0,0.0,0.4006384463258072,,,
1.0,0.0,0.424463490621975,,,
0.0,0.0,0.4147232718361462,,,
0.0,0.0,0.3353719828727721,,,
1.0,1.0,0.7338507365094675,,,
0.0,0.0,0.37640466858136795,,,
1.0,1.0,0.7830092262400798,,,
0.0,1.0,0.5032323773728394,,,
0.0,0.0,0.4060773340273246,,,
1.0,0.0,0.41178524290389934,,,
1.0,1.0,0.7606053858291352,,,
1.0,0.0,0.45836964831361227,,,
0.0,0.0,0.4443901649957998,,,
0.0,0.0,0.39061760846244686,,,
1.0,0.0,0.4809164016820339,,,
1.0,0.0,0.3759628512879537,,,
0.0,0.0,0.4313818569453043,,,
1.0,0.0,0.3816131798818004,,,
0.0,0.0,0.34335066934551794,,,
0.0,0.0,0.432228427477909,,,
1.0,1.0,0.675853753622352,,,
1.0,1.0,0.6795239132919983,,,
1.0,0.0,0.38718858851403887,,,
0.0,0.0,0.34651931914034473,,,
0.0,0.0,0.29515510991437527,,,
0.0,0.0,0.38671491037432926,,,
0.0,1.0,0.504168491068983,,,
0.0,0.0,0.4012823554594213,,,
1.0,0.0,0.4411484115037475,,,
0.0,0.0,0.32025934619534235,,,
1.0,0.0,0.4094158420050982,,,
1.0,1.0,0.8280091177363139,,,
0.0,0.0,0.29607487469382204,,,
0.0,0.0,0.3627484511360756,,,
1.0,1.0,0.6313141922048291,,,
0.0,0.0,0.3048195343949851,,,
0.0,0.0,0.3424873625972674,,,
0.0,0.0,0.4582966872940938,,,
0.0,0.0,0.40620737824382985,,,
0.0,0.0,0.3616441242933922,,,
1.0,0.0,0.4575693514806662,,,
1.0,1.0,0.5206205949347434,,,
0.0,0.0,0.483118193296876,,,
1.0,0.0,0.48785931590229237,,,
1.0,1.0,0.6468503338474163,,,
0.0,0.0,0.39159335443361293,,,
0.0,0.0,0.3636557941585148,,,
1.0,1.0,0.5811477681026764,,,
1.0,0.0,0.4947428508422712,,,
1.0,1.0,0.5687313633684157,,,
0.0,0.0,0.4283753302229219,,,
1.0,1.0,0.7927501187418242,,,
1.0,1.0,0.6101230799340456,,,
1.0,1.0,0.6324872577596761,,,
0.0,0.0,0.350698062397127,,,
0.0,0.0,0.3791351336123634,,,
1.0,1.0,0.6074975208679563,,,
0.0,0.0,0.4337268143857206,,,
1.0,1.0,0.5073279168707214,,,
1.0,1.0,0.5110084536040589,,,
1.0,1.0,0.761758827011997,,,
0.0,1.0,0.6124651573679204,,,
1.0,1.0,0.6054713927273248,,,
0.0,0.0,0.45285983040375577,,,
0.0,0.0,0.36782284682139765,,,
0.0,0.0,0.3313313192280966,,,
0.0,1.0,0.6149056474057752,,,
1.0,1.0,0.5247240098363309,,,
1.0,1.0,0.5040787852432845,,,
1.0,1.0,0.5165588517880345,,,
0.0,0.0,0.30817348484409,,,
0.0,1.0,0.518469649751577,,,
1.0,0.0,0.477814859551276,,,
0.0,0.0,0.4431365303490107,,,
0.0,0.0,0.3797375103471803,,,
0.0,0.0,0.35216698700178484,,,
1.0,1.0,0.6484965536846702,,,
1.0,1.0,0.6329744893584867,,,
1.0,1.0,0.500954822980752,,,
1.0,1.0,0.5000764342141769,,,
0.0,0.0,0.3264723522767549,,,
1.0,1.0,0.6057595748683947,,,
1.0,1.0,0.7259562965414033,,,
1.0,0.0,0.33342004243201173,,,
0.0,0.0,0.3870590520818091,,,
0.0,0.0,0.4030727832458065,,,
1.0,1.0,0.6901397480119744,,,
0.0,0.0,0.4082204361207728,,,
1.0,1.0,0.5012816136222357,,,
1.0,1.0,0.7787247767219571,,,
1.0,0.0,0.4717575979742157,,,
0.0,0.0,0.4147097155237383,,,
1.0,1.0,0.5837813081931422,,,
1.0,1.0,0.530609666173196,,,
1.0,1.0,0.5397360077468131,,,
0.0,0.0,0.43212311675921045,,,
1.0,0.0,0.49728131804949305,,,
1.0,1.0,0.6219130735984245,,,
1.0,1.0,0.6211140138223158,,,
1.0,1.0,0.5918634750796313,,,
1.0,1.0,0.8003341283208373,,,
0.0,0.0,0.49203089737750416,,,
0.0,0.0,0.29492510941012623,,,
0.0,0.0,0.3438005895276417,,,
1.0,1.0,0.5555661042531751,,,
0.0,0.0,0.3813421731822021,,,
1.0,1.0,0.6700221172064045,,,
0.0,0.0,0.33419951518131774,,,
0.0,0.0,0.3983887149677916,,,
1.0,1.0,0.5377845332812926,,,
1.0,1.0,0.5406144476512823,,,
1.0,0.0,0.4908825810680121,,,
1.0,0.0,0.48788991739028426,,,
0.0,0.0,0.3545842559230708,,,
1.0,0.0,0.40913542209230613,,,
0.0,0.0,0.21941495597356267,,,
0.0,1.0,0.5621111929079559,,,
1.0,1.0,0.5583004990255611,,,
0.0,1.0,0.6178997240061097,,,
0.0,0.0,0.4414958792051892,,,
1.0,1.0,0.5519608634205092,,,
0.0,0.0,0.4061482858667494,,,
0.0,0.0,0.3852983726583704,,,
1.0,1.0,0.6302279169890552,,,
1.0,0.0,0.3647038576149262,,,
1.0,1.0,0.5357398680376099,,,
0.0,0.0,0.4530631046668291,,,
1.0,0.0,0.41743985589887433,,,
1.0,0.0,0.39928291421168094,,,
1.0,1.0,0.5015049389552249,,,
1.0,1.0,0.5279535223322244,,,
0.0,0.0,0.38737786534990076,,,
1.0,0.0,0.46763467793018365,,,
0.0,0.0,0.38249463671802475,,,
1.0,0.0,0.39242204226370847,,,
1.0,1.0,0.6715861014594983,,,
1.0,0.0,0.3446056127724297,,,
0.0,0.0,0.3939070956456659,,,
0.0,1.0,0.5159874536079738,,,
0.0,1.0,0.6274687091918092,,,
0.0,1.0,0.6361151421049043,,,
1.0,1.0,0.5284240200892812,,,
0.0,0.0,0.3991620499448272,,,
0.0,0.0,0.4460123328784253,,,
1.0,1.0,0.8051380256777725,,,
1.0,1.0,0.78100175646194,,,
0.0,0.0,0.4099236074450043,,,
0.0,0.0,0.2896176088666241,,,
1.0,1.0,0.6900837216493128,,,
0.0,0.0,0.3949932017378489,,,
1.0,1.0,0.5050871152254796,,,
0.0,0.0,0.3691940888879214,,,
0.0,0.0,0.3430365404826625,,,
1.0,0.0,0.45678302353682904,,,
0.0,0.0,0.315394988885698,,,
0.0,0.0,0.4469615167698636,,,
0.0,0.0,0.4110321006597489,,,
0.0,0.0,0.3912515080005773,,,
1.0,1.0,0.5240572414333498,,,
0.0,0.0,0.4523590508286783,,,
0.0,1.0,0.6507538248572129,,,
0.0,1.0,0.6521479709732904,,,
1.0,0.0,0.44624936315411295,,,
0.0,0.0,0.4060256072316191,,,
0.0,0.0,0.46463536727366783,,,
0.0,0.0,0.3996061400681805,,,
0.0,0.0,0.40178658931262284,,,
0.0,0.0,0.4104044030111078,,,
0.0,0.0,0.48335089244816265,,,
1.0,1.0,0.7239257880494285,,,
0.0,0.0,0.21941495597356267,,,
1.0,0.0,0.49747877608902463,,,
0.0,1.0,0.6351896296289707,,,
1.0,1.0,0.714203490567944,,,
1.0,1.0,0.5157322938620058,,,
1.0,1.0,0.6776421319313135,,,
1.0,1.0,0.540316794450522,,,
0.0,0.0,0.3788649537965928,,,
0.0,0.0,0.4240118186242022,,,
1.0,1.0,0.5579676194715228,,,
0.0,1.0,0.5779444942358727,,,
1.0,1.0,0.5769546603666583,,,
0.0,0.0,0.3398076336913996,,,
0.0,0.0,0.3310198521580738,,,
1.0,1.0,0.6373364889184999,,,
0.0,0.0,0.4482650001024228,,,
0.0,0.0,0.465712301045862,,,
1.0,0.0,0.34642853261928597,,,
0.0,0.0,0.49014900989701204,,,
1.0,0.0,0.41951832212014195,,,
1.0,0.0,0.4314992448239175,,,
1.0,1.0,0.6987092202487748,,,
0.0,0.0,0.3393191450499412,,,
0.0,0.0,0.40363902388585626,,,
1.0,0.0,0.4662844840593018,,,
0.0,0.0,0.48705728120801456,,,
1.0,1.0,0.5239342464491913,,,
1.0,1.0,0.7422094514415445,,,
0.0,0.0,0.4196892591320329,,,
0.0,0.0,0.35370944729015974,,,
0.0,0.0,0.4781181752682544,,,
1.0,1.0,0.6081518515272738,,,
0.0,0.0,0.36515525922393566,,,
0.0,0.0,0.3953896961781643,,,
0.0,1.0,0.5733245311403223,,,
1.0,0.0,0.36128068146724435,,,
1.0,1.0,0.5849168853272286,,,
1.0,0.0,0.3946698172319824,,,
0.0,0.0,0.3670801896607002,,,
0.0,0.0,0.2978445739582796,,,
1.0,0.0,0.4382496212018548,,,
1.0,0.0,0.463828246161328,,,
0.0,0.0,0.4991053296802554,,,
1.0,0.0,0.4804837069373375,,,
0.0,0.0,0.4327699659321754,,,
1.0,1.0,0.5161018952744837,,,
0.0,1.0,0.6640506068843897,,,
0.0,0.0,0.37820484781076535,,,
1.0,0.0,0.33119493188920646,,,
1.0,1.0,0.553025159544743,,,
1.0,1.0,0.6701118578979056,,,
0.0,0.0,0.35909141293644015,,,
0.0,0.0,0.48416170817098136,,,
0.0,0.0,0.38556259683289307,,,
0.0,0.0,0.4070021945665073,,,
0.0,0.0,0.39473689062487544,,,
1.0,1.0,0.805095184543424,,,
1.0,1.0,0.557817160348289,,,
0.0,0.0,0.3887446786035419,,,
0.0,0.0,0.3141168187685114,,,
0.0,0.0,0.3895404976350508,,,
0.0,0.0,0.4125870949296996,,,
0.0,0.0,0.4634712454912864,,,
1.0,0.0,0.4452254041068153,,,
0.0,1.0,0.565384303142217,,,
1.0,1.0,0.5986589769790287,,,
0.0,0.0,0.35422963571223187,,,
0.0,0.0,0.39140250100632207,,,
0.0,0.0,0.3895522055525579,,,
0.0,0.0,0.38832713943013825,,,
0.0,0.0,0.3958527082615755,,,
1.0,0.0,0.45694606079057165,,,
0.0,0.0,0.3672977495780476,,,
0.0,0.0,0.45240812901836286,,,
0.0,1.0,0.5499361514419318,,,
0.0,0.0,0.46049624184624016,,,
0.0,0.0,0.35051954860045414,,,
1.0,0.0,0.39657460875961603,,,
1.0,0.0,0.4083267618928923,,,
0.0,0.0,0.47022631224860517,,,
0.0,0.0,0.3946717575330292,,,
1.0,1.0,0.6986427101581937,,,
1.0,0.0,0.40623818892944713,,,
0.0,0.0,0.485649917413214,,,
1.0,1.0,0.6278878530183923,,,
0.0,0.0,0.4447110930956993,,,
1.0,0.0,0.47558226749781585,,,
0.0,0.0,0.38563916530261166,,,
0.0,0.0,0.38379267087431457,,,
0.0,1.0,0.5513919160389448,,,
0.0,0.0,0.4133526135555095,,,
0.0,0.0,0.3802988991302059,,,
1.0,1.0,0.5434048218578292,,,
1.0,0.0,0.48640544293331206,,,
1.0,0.0,0.3884725963576296,,,
0.0,0.0,0.43254102831613583,,,
1.0,0.0,0.48130639000738173,,,
0.0,0.0,0.43061080878470703,,,
0.0,1.0,0.5100559749672444,,,
1.0,1.0,0.5366751329451912,,,
1.0,1.0,0.6820197798795441,,,
0.0,0.0,0.4509399188142028,,,
0.0,1.0,0.5417195487076801,,,
1.0,0.0,0.47715893024795064,,,
0.0,0.0,0.3446527367269799,,,
0.0,0.0,0.49660260611716617,,,
1.0,1.0,0.5335668223942952,,,
1.0,1.0,0.5661261423458724,,,
1.0,1.0,0.517486223582521,,,
0.0,0.0,0.3242765627342708,,,
1.0,1.0,0.5274803204135944,,,
0.0,0.0,0.42079722659405744,,,
1.0,0.0,0.40618862416762885,,,
1.0,0.0,0.40878174156481345,,,
0.0,0.0,0.4317880932112279,,,
0.0,0.0,0.3792636101456508,,,
1.0,1.0,0.6752327250403717,,,
0.0,1.0,0.6633516616071937,,,
1.0,1.0,0.591966467102999,,,
1.0,0.0,0.48197780560185166,,,
1.0,1.0,0.7334899357686925,,,
0.0,0.0,0.3924226680571676,,,
1.0,0.0,0.4051115695954651,,,
1.0,1.0,0.5769640121469837,,,
0.0,0.0,0.3906145844593281,,,
1.0,0.0,0.39111381839560916,,,
1.0,1.0,0.5751253786728556,,,
1.0,1.0,0.6432920791586149,,,
0.0,0.0,0.4451801138475406,,,
0.0,0.0,0.4006360248397874,,,
1.0,1.0,0.8195080058697675,,,
1.0,1.0,0.7934752722621613,,,
0.0,1.0,0.5875546044858558,,,
1.0,1.0,0.6169845775481801,,,
0.0,1.0,0.5460070027671313,,,
1.0,0.0,0.4934981251120452,,,
0.0,0.0,0.3713266190466149,,,
1.0,0.0,0.43062074431692543,,,
1.0,0.0,0.4758335759503394,,,
0.0,0.0,0.4485550363406615,,,
0.0,0.0,0.4505110167080584,,,
0.0,0.0,0.3929375255949572,,,
1.0,0.0,0.42824733233087475,,,
0.0,0.0,0.39122756289642147,,,
0.0,0.0,0.3980288027592635,,,
0.0,0.0,0.4514027868170762,,,
1.0,1.0,0.5232941249022716,,,
1.0,1.0,0.612401110771615,,,
1.0,0.0,0.4759631901242162,,,
0.0,0.0,0.4019423631355647,,,
0.0,0.0,0.4722425682442636,,,
0.0,0.0,0.3398348591853484,,,
1.0,1.0,0.655429835565494,,,
0.0,0.0,0.3784345850934516,,,
1.0,1.0,0.5387373476968537,,,
0.0,0.0,0.3141725670212999,,,
1.0,1.0,0.7458926371794452,,,
0.0,0.0,0.42416647148446507,,,
0.0,0.0,0.31991427752840706,,,
1.0,1.0,0.6337475837257444,,,
1.0,1.0,0.5249188126506102,,,
0.0,0.0,0.3818784526448778,,,
1.0,0.0,0.37775082132265425,,,
0.0,0.0,0.4364968631667336,,,
0.0,0.0,0.4814448791178155,,,
1.0,1.0,0.5630518804863374,,,
1.0,0.0,0.4907412004972364,,,
1.0,0.0,0.48730419259244856,,,
0.0,0.0,0.4537152154774954,,,
1.0,1.0,0.5880431444172041,,,
1.0,1.0,0.5347368709011564,,,
1.0,1.0,0.6639512730377988,,,
1.0,1.0,0.5025365335351513,,,
0.0,1.0,0.562704254787884,,,
1.0,1.0,0.5742119574332374,,,
1.0,1.0,0.6594625582425362,,,
1.0,1.0,0.8223045076496002,,,
1.0,1.0,0.503581337798984,,,
0.0,0.0,0.33543455608111883,,,
1.0,0.0,0.44745270152437566,,,
0.0,0.0,0.41078387266278704,,,
0.0,0.0,0.44762492120527425,,,
0.0,0.0,0.3444826920441556,,,
0.0,0.0,0.4796708711630577,,,
1.0,1.0,0.7030879928403324,,,
0.0,0.0,0.3635397533164871,,,
1.0,0.0,0.4559509856430536,,,
0.0,0.0,0.3908306829813064,,,
1.0,1.0,0.6043154637000315,,,
0.0,0.0,0.3734014519977954,,,
0.0,0.0,0.36941720573332903,,,
1.0,1.0,0.5537106864207929,,,
1.0,0.0,0.44319702870609196,,,
0.0,0.0,0.426694809812254,,,
1.0,1.0,0.8280193908242091,,,
0.0,0.0,0.47057487918596463,,,
0.0,0.0,0.3732951831700377,,,
1.0,0.0,0.4925304830422741,,,
1.0,1.0,0.6121146907290971,,,
1.0,1.0,0.6375704520169432,,,
0.0,0.0,0.38054558321174015,,,
1.0,0.0,0.431957689529813,,,
1.0,0.0,0.47113082724870714,,,
0.0,0.0,0.41269175794913693,,,
0.0,0.0,0.47516789832786954,,,
1.0,0.0,0.4691152476134632,,,
0.0,0.0,0.4037606004925072,,,
0.0,0.0,0.45671459785635377,,,
1.0,1.0,0.5376949304095885,,,
1.0,1.0,0.6501692901994047,,,
0.0,1.0,0.5262967362965985,,,
1.0,1.0,0.5817622115318548,,,
1.0,1.0,0.7521345197115294,,,
1.0,0.0,0.38695495347206843,,,
0.0,1.0,0.6309250048209571,,,
1.0,1.0,0.7444341973374556,,,
1.0,1.0,0.7272652117423943,,,
0.0,0.0,0.3759142058664589,,,
1.0,1.0,0.5201082303467237,,,
0.0,0.0,0.3451881028560538,,,
1.0,1.0,0.5622153085220849,,,
0.0,0.0,0.4042592090082214,,,
0.0,0.0,0.2763442969080183,,,
1.0,0.0,0.41743985589887433,,,
1.0,1.0,0.5910821678563754,,,
0.0,0.0,0.2982071775005219,,,
1.0,1.0,0.7627661203669374,,,
1.0,1.0,0.5214151085880884,,,
0.0,0.0,0.3852671373435849,,,
1.0,0.0,0.49582959266478743,,,
1.0,1.0,0.5165010289770605,,,
0.0,0.0,0.3853878490162214,,,
1.0,1.0,0.5191979012110397,,,
0.0,0.0,0.3760367644289521,,,
1.0,0.0,0.4385089989778934,,,
0.0,0.0,0.3302685214495739,,,
1.0,1.0,0.547265544651569,,,
1.0,1.0,0.5325060099277212,,,
1.0,0.0,0.4202180616290778,,,
1.0,1.0,0.766701023812499,,,
1.0,0.0,0.36824891596179804,,,
1.0,1.0,0.6096885457061065,,,
1.0,1.0,0.5032477791072126,,,
0.0,0.0,0.4515476482938452,,,
0.0,0.0,0.412439972524179,,,
1.0,1.0,0.6216488532588227,,,
1.0,1.0,0.6038470170165666,,,
1.0,0.0,0.4643531689193336,,,
0.0,0.0,0.34639578465329024,,,
0.0,0.0,0.33242169499358337,,,
0.0,1.0,0.5057384019333431,,,
1.0,1.0,0.583701151119103,,,
1.0,1.0,0.6276842690510079,,,
1.0,1.0,0.5150061630246896,,,
0.0,0.0,0.45926423093517654,,,
0.0,0.0,0.2888984462519036,,,
0.0,0.0,0.41775964764480306,,,
0.0,0.0,0.49791899105032145,,,
1.0,0.0,0.47320205899976997,,,
0.0,1.0,0.6988635655581994,,,
0.0,0.0,0.4624209848303135,,,
1.0,0.0,0.3699758060164834,,,
1.0,0.0,0.4190791390123628,,,
1.0,0.0,0.41300635982478584,,,
0.0,1.0,0.6326162478301508,,,
0.0,0.0,0.47411851450707554,,,
1.0,1.0,0.6919947565649325,,,
0.0,0.0,0.32810874878313634,,,
1.0,1.0,0.8175102028971263,,,
0.0,0.0,0.45181294700038105,,,
1.0,0.0,0.43230936369232614,,,
1.0,0.0,0.40498431839755794,,,
1.0,1.0,0.5128283101159425,,,
0.0,0.0,0.3894922752769479,,,
1.0,0.0,0.37488873461971906,,,
0.0,0.0,0.42845235046457697,,,
1.0,1.0,0.5090495627571227,,,
1.0,0.0,0.4724259878962625,,,
1.0,1.0,0.5486991983625301,,,
1.0,1.0,0.610583853173078,,,
1.0,0.0,0.47562156529647354,,,
0.0,0.0,0.39421290490110966,,,
1.0,0.0,0.44453113938579697,,,
1.0,0.0,0.3359301033572209,,,
0.0,0.0,0.3331621542101948,,,
1.0,1.0,0.5387634436198774,,,
0.0,0.0,0.2723824533461785,,,
0.0,0.0,0.49771057197779606,,,
1.0,1.0,0.5725768238764688,,,
1.0,0.0,0.39395380096466104,,,
1.0,0.0,0.4755840363450588,,,
0.0,0.0,0.4785684927064173,,,
0.0,0.0,0.4167382393716222,,,
0.0,0.0,0.48093691831832314,,,
1.0,1.0,0.5739969116076297,,,
0.0,0.0,0.4195595854947002,,,
1.0,1.0,0.5126410734563709,,,
1.0,0.0,0.3957591213011089,,,
0.0,0.0,0.3239784277701479,,,
1.0,1.0,0.7804111672581755,,,
1.0,1.0,0.5923558387550205,,,
0.0,0.0,0.37676993273871007,,,
1.0,0.0,0.4874145876391754,,,
1.0,1.0,0.622647614161988,,,
1.0,1.0,0.7352082965549643,,,
1.0,1.0,0.6084636197178059,,,
1.0,0.0,0.45595956189622144,,,
0.0,1.0,0.5790250886644542,,,
0.0,0.0,0.272563946469235,,,
0.0,0.0,0.3897590979477977,,,
1.0,1.0,0.7208144241793737,,,
0.0,0.0,0.3757925406704231,,,
0.0,0.0,0.3961450600970713,,,
1.0,0.0,0.4606897092065025,,,
0.0,0.0,0.40816880342240863,,,
0.0,0.0,0.46462640566414193,,,
0.0,1.0,0.6672121380911227,,,
1.0,1.0,0.6600390187276248,,,
0.0,0.0,0.45143009393067424,,,
0.0,0.0,0.3771942553095557,,,
0.0,0.0,0.4478857398815557,,,
1.0,1.0,0.5099098605877991,,,
0.0,0.0,0.35715693377085805,,,
1.0,1.0,0.5239864092985818,,,
1.0,1.0,0.5602051201255371,,,
1.0,0.0,0.44501521256975807,,,
0.0,0.0,0.3687892778612299,,,
0.0,0.0,0.36452017864610425,,,
0.0,0.0,0.43384883639749516,,,
0.0,0.0,0.4191815511412338,,,
0.0,0.0,0.4139063164817736,,,
1.0,0.0,0.4475573268120401,,,
0.0,0.0,0.41498714588559615,,,
1.0,1.0,0.7156018182694224,,,
1.0,0.0,0.3833740791415691,,,
0.0,0.0,0.22894814627247426,,,
1.0,0.0,0.46987598350897175,,,
0.0,0.0,0.334296228310132,,,
0.0,0.0,0.3554439853830381,,,
0.0,0.0,0.3577392307354541,,,
1.0,1.0,0.5261480117460395,,,
0.0,0.0,0.4667001003486289,,,
0.0,0.0,0.40473494014148076,,,
0.0,0.0,0.42695442412676005,,,
0.0,0.0,0.3992936773297695,,,
1.0,0.0,0.4971810315178918,,,
1.0,1.0,0.5271946154176136,,,
0.0,0.0,0.31735461333196274,,,
1.0,0.0,0.4650636425552573,,,
1.0,1.0,0.5034634326487328,,,
0.0,0.0,0.37766478383451463,,,
1.0,0.0,0.44968217062513155,,,
1.0,0.0,0.49293590647606506,,,
0.0,0.0,0.3649290687458548,,,
0.0,0.0,0.31551914123144037,,,
0.0,0.0,0.3721241299831379,,,
0.0,0.0,0.3879406595990511,,,
0.0,0.0,0.3520323238950197,,,
0.0,0.0,0.42111255383461965,,,
0.0,0.0,0.3832408714977487,,,
1.0,1.0,0.7174799329039142,,,
0.0,0.0,0.34915253453311035,,,
1.0,1.0,0.7448320789539009,,,
1.0,0.0,0.4839072559407479,,,
0.0,0.0,0.338641631860274,,,
0.0,0.0,0.41546607684679315,,,
1.0,0.0,0.46503133817784714,,,
0.0,0.0,0.43288070926457417,,,
1.0,1.0,0.5490204731159639,,,
0.0,0.0,0.3092089843816176,,,
1.0,0.0,0.4643463327981399,,,
1.0,1.0,0.6382811101145178,,,
1.0,1.0,0.5459492831160756,,,
1.0,0.0,0.39808090531783297,,,
0.0,0.0,0.44114211131562625,,,
0.0,0.0,0.49088683319374093,,,
0.0,1.0,0.5396855821161686,,,
0.0,0.0,0.3491364943689916,,,
0.0,0.0,0.2949181271246357,,,
0.0,0.0,0.3317082231163661,,,
0.0,1.0,0.5118723846548994,,,
0.0,0.0,0.41020645771914416,,,
0.0,0.0,0.47435345550454644,,,
1.0,0.0,0.36626000850392687,,,
0.0,0.0,0.4148794355517256,,,
0.0,0.0,0.36025411718838357,,,
1.0,1.0,0.6301672594087939,,,
1.0,0.0,0.38712374351490125,,,
1.0,1.0,0.6127781148814395,,,
0.0,0.0,0.4163868997203404,,,
0.0,0.0,0.47671405361858277,,,
1.0,0.0,0.4490200047166768,,,
0.0,0.0,0.40542243951661416,,,
0.0,0.0,0.40312062689108075,,,
1.0,0.0,0.3556828238319153,,,
0.0,0.0,0.3742336776155054,,,
1.0,1.0,0.7343384860696677,,,
0.0,1.0,0.5260988767906313,,,
1.0,1.0,0.7050991735381149,,,
0.0,0.0,0.43279377102378924,,,
1.0,1.0,0.588776215377369,,,
0.0,0.0,0.3078599311671223,,,
1.0,0.0,0.49382214360112536,,,
0.0,0.0,0.44590920300660103,,,
1.0,0.0,0.4209460379891539,,,
0.0,0.0,0.4424461626096238,,,
1.0,1.0,0.5051176542451586,,,
1.0,0.0,0.4738621648004603,,,
1.0,1.0,0.5605862315123749,,,
0.0,0.0,0.4735493735450268,,,
0.0,1.0,0.5347864416532183,,,
0.0,1.0,0.5262967362965985,,,
1.0,1.0,0.6583575174505013,,,
1.0,1.0,0.5031425540786829,,,
1.0,1.0,0.5455246921117451,,,
1.0,0.0,0.4069516350912974,,,
1.0,1.0,0.613526860152865,,,
0.0,0.0,0.33285104049517317,,,
0.0,0.0,0.389075191068317,,,
0.0,0.0,0.3312267988832105,,,
1.0,1.0,0.5668651302964048,,,
0.0,0.0,0.36929334800213437,,,
0.0,0.0,0.4081370242617318,,,
0.0,0.0,0.4288087941603534,,,
0.0,1.0,0.5656627225973072,,,
1.0,1.0,0.5945325442725168,,,
1.0,1.0,0.7412582358278911,,,
1.0,0.0,0.47223424072183895,,,
1.0,1.0,0.557531614678627,,,
0.0,0.0,0.486111774187573,,,
1.0,0.0,0.43615779652889736,,,
0.0,0.0,0.3495818657552206,,,
0.0,0.0,0.42548970783377293,,,
1.0,1.0,0.5802247702131828,,,
1.0,1.0,0.5158130669150688,,,
0.0,0.0,0.47754981335342384,,,
0.0,0.0,0.3393811000094841,,,
0.0,1.0,0.5083976939875,,,
0.0,0.0,0.4079777476872861,,,
0.0,0.0,0.4029337048191397,,,
1.0,1.0,0.5925947928285666,,,
1.0,1.0,0.5482969589581835,,,
0.0,0.0,0.43971809152784647,,,
1.0,1.0,0.5918455911760592,,,
0.0,0.0,0.4443473944266128,,,
0.0,1.0,0.6633410950657266,,,
0.0,0.0,0.3659490722146327,,,
1.0,1.0,0.5930501379334692,,,
0.0,0.0,0.38231860166996323,,,
1.0,1.0,0.5131873282846929,,,
0.0,1.0,0.5169798373614068,,,
1.0,0.0,0.4378158569514512,,,
0.0,1.0,0.6797816438562586,,,
0.0,0.0,0.43198969536224063,,,
0.0,0.0,0.402972807675278,,,
1.0,1.0,0.507480950788058,,,
0.0,0.0,0.4520318480283604,,,
0.0,0.0,0.41025539671038863,,,
0.0,0.0,0.2956887824517965,,,
0.0,0.0,0.4439763667728185,,,
0.0,0.0,0.381434861123026,,,
1.0,0.0,0.45866178149119513,,,
1.0,1.0,0.631948972706227,,,
0.0,1.0,0.5407992644063729,,,
0.0,0.0,0.44780644194835184,,,
1.0,1.0,0.5260866755595104,,,
1.0,1.0,0.5918296693250351,,,
1.0,1.0,0.717103969047959,,,
0.0,1.0,0.5651219133820435,,,
1.0,1.0,0.5309221532341389,,,
0.0,0.0,0.496248625226175,,,
1.0,0.0,0.4518094808172677,,,
1.0,0.0,0.49772945825419196,,,
1.0,1.0,0.6136524156296855,,,
0.0,0.0,0.4125870949296996,,,
0.0,0.0,0.4315551871934112,,,
1.0,0.0,0.37287229490107915,,,
1.0,1.0,0.5510835719626052,,,
0.0,0.0,0.3809209791175125,,,
1.0,1.0,0.6083476720713372,,,
0.0,0.0,0.3964630519597582,,,
1.0,0.0,0.39067719340930396,,,
0.0,0.0,0.39326287393501386,,,
0.0,0.0,0.47886644870192135,,,
1.0,0.0,0.4822936927344726,,,
0.0,0.0,0.2687167390045348,,,
1.0,0.0,0.3901576022097033,,,
0.0,0.0,0.29241859432136097,,,
0.0,0.0,0.49932304874889927,,,
0.0,0.0,0.4496834996520273,,,
0.0,0.0,0.37233525883768864,,,
0.0,0.0,0.35748575892605405,,,
1.0,1.0,0.6049520658885413,,,
0.0,0.0,0.40482773263237515,,,
0.0,0.0,0.39558441886915857,,,
1.0,1.0,0.5792982649854876,,,
1.0,1.0,0.5755463223647511,,,
0.0,0.0,0.3656592456026347,,,
1.0,1.0,0.6670355220810479,,,
0.0,0.0,0.31750914972030486,,,
1.0,1.0,0.6688082520956936,,,
1.0,0.0,0.48311950098147893,,,
0.0,0.0,0.3396583279573108,,,
1.0,1.0,0.5316144524827434,,,
1.0,1.0,0.7161008841128119,,,
0.0,0.0,0.39934513920297515,,,
0.0,1.0,0.5215351737503471,,,
1.0,1.0,0.7840157075739052,,,
1.0,1.0,0.5655754361902776,,,
1.0,1.0,0.7784955608553367,,,
0.0,0.0,0.4247317340531254,,,
1.0,0.0,0.44105376517373523,,,
1.0,1.0,0.5256093196845487,,,
0.0,0.0,0.4418589861939441,,,
0.0,0.0,0.37069948327698093,,,
1.0,1.0,0.5522730424348886,,,
1.0,1.0,0.5194256250501061,,,
1.0,1.0,0.6857203428159212,,,
0.0,0.0,0.4910263510563683,,,
1.0,0.0,0.47653918637921017,,,
0.0,0.0,0.4122611822343564,,,
1.0,0.0,0.4517481988124148,,,
0.0,0.0,0.4007262484146354,,,
1.0,1.0,0.7123367618104433,,,
0.0,0.0,0.46343961644875203,,,
0.0,0.0,0.37097858340878603,,,
1.0,0.0,0.45156742874148015,,,
0.0,0.0,0.3672022257121417,,,
0.0,0.0,0.42263292095882665,,,
1.0,0.0,0.3860788187092755,,,
1.0,0.0,0.4658369746718734,,,
1.0,1.0,0.6042403159479482,,,
1.0,1.0,0.5779444942358727,,,
0.0,0.0,0.21941495597356267,,,
1.0,1.0,0.7876750040988579,,,
0.0,0.0,0.3861615615720608,,,
0.0,1.0,0.5890926027487333,,,
0.0,1.0,0.5269507045919672,,,
1.0,0.0,0.46633876147224385,,,
0.0,0.0,0.4848598828016944,,,
0.0,0.0,0.4216925768577657,,,
1.0,1.0,0.5754794100327422,,,
1.0,1.0,0.5298382337615792,,,
0.0,0.0,0.4270129083889841,,,
0.0,1.0,0.5365505408897714,,,
1.0,0.0,0.46711277887213754,,,
1.0,0.0,0.41670675733864565,,,
0.0,0.0,0.35976455701790194,,,
1.0,1.0,0.5446283535187855,,,
1.0,0.0,0.3975412125893475,,,
1.0,1.0,0.644667669375379,,,
1.0,0.0,0.34963135273900803,,,
1.0,0.0,0.4408550643220789,,,
0.0,0.0,0.35369033246576015,,,
0.0,0.0,0.37402470407473976,,,
1.0,1.0,0.7191498298604379,,,
0.0,0.0,0.3035093469836664,,,
1.0,0.0,0.4418225445360153,,,
1.0,1.0,0.6900837216493128,,,
0.0,0.0,0.3787096643182312,,,
0.0,0.0,0.4286611603227349,,,
1.0,0.0,0.4386609568911263,,,
0.0,0.0,0.37972606888817856,,,
1.0,0.0,0.4209701592053605,,,
1.0,1.0,0.6297825222374248,,,
1.0,1.0,0.5890829053746824,,,
0.0,0.0,0.490703684331724,,,
0.0,0.0,0.41073161960758353,,,
0.0,0.0,0.4051067032535845,,,
0.0,0.0,0.22236044123092744,,,
0.0,0.0,0.3763597879546963,,,
1.0,1.0,0.6945963588341143,,,
1.0,1.0,0.6663964163630579,,,
0.0,1.0,0.5473229537622711,,,
1.0,0.0,0.4417483633661742,,,
0.0,1.0,0.5476437883678505,,,
1.0,0.0,0.47142386619348625,,,
0.0,0.0,0.39474098758581055,,,
1.0,1.0,0.5298051622081078,,,
1.0,1.0,0.5608288736774628,,,
1.0,1.0,0.5543022039285925,,,
1.0,0.0,0.42319803739747947,,,
1.0,1.0,0.6663670649612649,,,
1.0,0.0,0.4127852246918949,,,
1.0,0.0,0.395038379830451,,,
0.0,0.0,0.35143242881106257,,,
0.0,0.0,0.42721316470363097,,,
1.0,0.0,0.43528789498932313,,,
1.0,0.0,0.4125870949296996,,,
1.0,1.0,0.6211288897342583,,,
0.0,0.0,0.3749671888169793,,,
0.0,0.0,0.43900841951680913,,,
0.0,1.0,0.5193073798518456,,,
1.0,1.0,0.6676687542401759,,,
0.0,0.0,0.423317723500971,,,
1.0,0.0,0.41080135419574165,,,
0.0,1.0,0.6690877389073275,,,
1.0,1.0,0.6623325884138999,,,
0.0,0.0,0.4612325635897768,,,
0.0,0.0,0.4052685699585035,,,
0.0,0.0,0.3455566843255414,,,
1.0,1.0,0.8304729642502802,,,
0.0,0.0,0.38131250776367126,,,
0.0,0.0,0.45147954002637963,,,
0.0,0.0,0.4729677874956653,,,
0.0,0.0,0.35672628451676874,,,
0.0,1.0,0.5124364318852712,,,
1.0,1.0,0.5823760073363902,,,
0.0,0.0,0.33696555051362065,,,
1.0,0.0,0.4333525210239714,,,
0.0,0.0,0.40741588409109003,,,
0.0,0.0,0.3482721830732927,,,
0.0,0.0,0.4717456747832676,,,
0.0,0.0,0.3245731630320474,,,
0.0,0.0,0.4092990321967323,,,
0.0,1.0,0.5033939554447583,,,
0.0,0.0,0.4704986024931246,,,
0.0,0.0,0.38993470829926985,,,
0.0,0.0,0.36275505215461934,,,
0.0,0.0,0.3189696554836235,,,
1.0,1.0,0.5591132876031288,,,
1.0,0.0,0.4447763940196049,,,
0.0,0.0,0.3287712754398116,,,
0.0,0.0,0.21941495597356267,,,
1.0,1.0,0.609649914935815,,,
0.0,0.0,0.4929586556912494,,,
0.0,0.0,0.4435082305709552,,,
1.0,1.0,0.7003290209271353,,,
0.0,0.0,0.40319507131411325,,,
0.0,0.0,0.4650768843855634,,,
1.0,1.0,0.6298397078365144,,,
0.0,0.0,0.40693287524463734,,,
1.0,0.0,0.49001857950354455,,,
1.0,0.0,0.4981176513205869,,,
1.0,1.0,0.6509072212227294,,,
1.0,1.0,0.7698702408199896,,,
1.0,1.0,0.7387540755062149,,,
1.0,0.0,0.4512683127410832,,,
1.0,1.0,0.7809649941263814,,,
1.0,0.0,0.42032271713293745,,,
0.0,0.0,0.41951832212014195,,,
1.0,0.0,0.49933089955744137,,,
0.0,0.0,0.46487199411527247,,,
1.0,0.0,0.4298637276388856,,,
1.0,1.0,0.5562052712485192,,,
1.0,0.0,0.45576283019578356,,,
0.0,0.0,0.409492662252786,,,
0.0,0.0,0.32817789772753125,,,
0.0,0.0,0.4822043850995087,,,
1.0,0.0,0.4868666592287837,,,
1.0,1.0,0.6648912091898778,,,
0.0,0.0,0.41864060593597885,,,
1.0,1.0,0.507453677667459,,,
1.0,0.0,0.4873139601111484,,,
1.0,0.0,0.40246325503422653,,,
0.0,0.0,0.45476174733754177,,,
1.0,1.0,0.6291637149340408,,,
0.0,0.0,0.40939058445144144,,,
0.0,0.0,0.3798747101909909,,,
1.0,1.0,0.5728343773519955,,,
1.0,0.0,0.46148428640678635,,,
0.0,0.0,0.4052984491678223,,,
1.0,0.0,0.3624269672723649,,,
1.0,0.0,0.41587215911647507,,,
1.0,1.0,0.5119947499625798,,,
1.0,0.0,0.3945033322674401,,,
1.0,1.0,0.6052785317977731,,,
0.0,0.0,0.39829707903525213,,,
0.0,0.0,0.33150675622823456,,,
0.0,0.0,0.336301624378615,,,
1.0,1.0,0.5766309880853779,,,
0.0,0.0,0.4392029997696937,,,
0.0,0.0,0.47954815315075067,,,
1.0,1.0,0.8038141275710361,,,
0.0,0.0,0.30363694787937706,,,
0.0,0.0,0.4736466962946222,,,
1.0,1.0,0.5200053310161249,,,
0.0,0.0,0.4486621626204948,,,
0.0,0.0,0.4835119096332137,,,
0.0,0.0,0.46864005870044195,,,
1.0,1.0,0.5113878701427395,,,
1.0,0.0,0.41373048776592375,,,
1.0,0.0,0.48408087101738134,,,
0.0,0.0,0.36228904866775574,,,
1.0,1.0,0.6319224980116811,,,
0.0,0.0,0.3756829804700868,,,
1.0,0.0,0.4597510960551615,,,
1.0,0.0,0.4014524236673544,,,
0.0,0.0,0.4765390970236175,,,
1.0,1.0,0.6974313723603606,,,
1.0,0.0,0.37877039300168275,,,
1.0,1.0,0.5128402735974543,,,
0.0,0.0,0.30234608808533925,,,
1.0,0.0,0.38053886748754334,,,
0.0,0.0,0.3663233878512943,,,
0.0,0.0,0.43511392216846584,,,
1.0,0.0,0.42175978922046614,,,
1.0,0.0,0.4661408953735384,,,
1.0,1.0,0.5159800240268405,,,
1.0,0.0,0.4677560857845776,,,
1.0,0.0,0.4848167036589359,,,
0.0,0.0,0.43302360633940395,,,
0.0,0.0,0.42796149987113447,,,
0.0,1.0,0.5209444503675651,,,
1.0,1.0,0.7164097189052974,,,
1.0,0.0,0.43964509652802575,,,
1.0,0.0,0.44266802440633035,,,
0.0,0.0,0.35571469583032617,,,
1.0,1.0,0.6491389117469769,,,
0.0,0.0,0.4021758284829488,,,
1.0,1.0,0.5119750884736627,,,
0.0,1.0,0.5934498842142222,,,
0.0,0.0,0.3498889288997588,,,
0.0,0.0,0.43186644081260744,,,
0.0,0.0,0.4687290119165662,,,
1.0,0.0,0.38588721801043735,,,
1.0,1.0,0.558775658948923,,,
0.0,0.0,0.4108768325503892,,,
0.0,0.0,0.3452975754621425,,,
0.0,0.0,0.38922947006908015,,,
1.0,0.0,0.497967095502518,,,
0.0,1.0,0.5183454865620246,,,
0.0,1.0,0.5350630799562079,,,
1.0,0.0,0.48788991739028426,,,
1.0,1.0,0.6003049070454787,,,
1.0,0.0,0.4898862834037476,,,
1.0,0.0,0.35558688326050975,,,
0.0,0.0,0.4090960624516481,,,
0.0,0.0,0.4452116030861221,,,
0.0,0.0,0.47133304879238513,,,
1.0,1.0,0.521427347843257,,,
0.0,0.0,0.4749618787935705,,,
1.0,0.0,0.47476643131392593,,,
0.0,1.0,0.522405150007124,,,
0.0,0.0,0.31700585676751275,,,
1.0,0.0,0.46246544335980855,,,
0.0,0.0,0.36627575014069863,,,
1.0,0.0,0.4111068451071267,,,
0.0,0.0,0.3293026258199542,,,
0.0,0.0,0.4035645654568478,,,
0.0,0.0,0.3677377930875154,,,
0.0,0.0,0.4990283449195322,,,
0.0,0.0,0.3825050882469009,,,
0.0,0.0,0.44145986189794606,,,
1.0,0.0,0.4552585942253647,,,
0.0,0.0,0.4164084064248042,,,
0.0,0.0,0.3941651673950299,,,
0.0,1.0,0.709584790168901,,,
0.0,0.0,0.4060646622568816,,,
1.0,1.0,0.6478753050492118,,,
1.0,1.0,0.6409421304152072,,,
1.0,1.0,0.5021129004828322,,,
0.0,0.0,0.40475630509024413,,,
1.0,0.0,0.43102366111682355,,,
1.0,1.0,0.6107098196813576,,,
1.0,0.0,0.40216416622407763,,,
1.0,1.0,0.6174614865883752,,,
1.0,0.0,0.4097240919157698,,,
0.0,0.0,0.48816731332386576,,,
0.0,1.0,0.6050527995050665,,,
1.0,1.0,0.5870497514650166,,,
1.0,0.0,0.4980373685221479,,,
1.0,1.0,0.5454096730511574,,,
0.0,0.0,0.41894007358320395,,,
1.0,1.0,0.50012894411285,,,
1.0,1.0,0.6383281869082834,,,
1.0,1.0,0.63346554623761,,,
1.0,0.0,0.486586746854896,,,
1.0,1.0,0.6783843415638561,,,
1.0,0.0,0.4269324467326725,,,
1.0,1.0,0.6242783738283701,,,
0.0,0.0,0.3577720899465779,,,
1.0,1.0,0.5086065112985255,,,
1.0,1.0,0.5990706039567462,,,
0.0,0.0,0.39939389208706727,,,
0.0,0.0,0.32735070652535336,,,
1.0,0.0,0.3307646710323901,,,
1.0,0.0,0.4359438545600115,,,
1.0,1.0,0.7280482574036895,,,
0.0,1.0,0.5190590575175974,,,
0.0,0.0,0.34053846748190564,,,
0.0,0.0,0.3374067893642404,,,
0.0,0.0,0.41207758783487924,,,
0.0,0.0,0.32196585134188943,,,
1.0,0.0,0.41468975434912875,,,
0.0,0.0,0.48356996060149027,,,
1.0,1.0,0.8291695888306284,,,
1.0,0.0,0.4494166411292659,,,
1.0,1.0,0.5667955697355602,,,
1.0,0.0,0.48788991739028426,,,
1.0,0.0,0.41064903878570885,,,
1.0,1.0,0.5513090005483603,,,
1.0,1.0,0.7934836000200134,,,
1.0,0.0,0.4651264894023095,,,
0.0,0.0,0.33344283526254315,,,
1.0,0.0,0.4882106917692369,,,
0.0,0.0,0.40004312088836635,,,
1.0,1.0,0.5500008049485446,,,
1.0,1.0,0.720915496927319,,,
1.0,0.0,0.49907795064770555,,,
0.0,0.0,0.4461183863779042,,,
1.0,0.0,0.47287027533059317,,,
0.0,0.0,0.4065603000944224,,,
0.0,0.0,0.38941890050674,,,
1.0,0.0,0.44032453767867274,,,
1.0,0.0,0.4892701949552195,,,
0.0,0.0,0.3907896845015122,,,
0.0,0.0,0.43521399447519865,,,
0.0,1.0,0.5125308470072121,,,
1.0,0.0,0.48791234918801,,,
1.0,1.0,0.5890695039929946,,,
1.0,0.0,0.4183409621254119,,,
0.0,0.0,0.34864609617629233,,,
0.0,0.0,0.30224867839519715,,,
0.0,0.0,0.39629862317588904,,,
0.0,1.0,0.5165898523630549,,,
1.0,1.0,0.721859703173598,,,
1.0,0.0,0.45889096033145327,,,
0.0,0.0,0.3403237813895374,,,
0.0,0.0,0.3996383162941761,,,
1.0,1.0,0.6370286098567716,,,
1.0,0.0,0.41654130219342467,,,
0.0,0.0,0.44631694401468436,,,
0.0,0.0,0.4264940839719217,,,
1.0,0.0,0.43929472465077174,,,
1.0,0.0,0.3988416250200837,,,
1.0,1.0,0.5112567166482207,,,
0.0,0.0,0.34065349438672043,,,
1.0,1.0,0.5695904381315192,,,
0.0,0.0,0.4120951821093382,,,
1.0,0.0,0.4671312075651487,,,
0.0,0.0,0.4064888598502503,,,
1.0,1.0,0.5048724722434097,,,
0.0,0.0,0.38285916739649917,,,
0.0,0.0,0.35050811859260866,,,
0.0,0.0,0.39125234303407813,,,
1.0,1.0,0.6253792412071864,,,
1.0,1.0,0.5575271190300373,,,
0.0,0.0,0.41925539682317486,,,
0.0,0.0,0.33288194363829116,,,
0.0,0.0,0.33358849994700995,,,
0.0,0.0,0.3428379232168954,,,
1.0,1.0,0.5857306662287207,,,
1.0,1.0,0.6301037376051546,,,
0.0,0.0,0.40413469681926373,,,
0.0,0.0,0.4358289105959281,,,
0.0,1.0,0.510787817078504,,,
1.0,0.0,0.4321632276767738,,,
0.0,0.0,0.4145590149615164,,,
0.0,0.0,0.3479399574592725,,,
1.0,0.0,0.432776101152227,,,
1.0,1.0,0.5215138612013519,,,
1.0,1.0,0.6870735917717282,,,
0.0,0.0,0.43961980678487106,,,
1.0,1.0,0.6163766152252287,,,
0.0,0.0,0.4443262176218936,,,
1.0,0.0,0.395181336718612,,,
1.0,1.0,0.5253630231336078,,,
0.0,0.0,0.3541253282099782,,,
0.0,0.0,0.3981917396924748,,,
0.0,0.0,0.4174234069527862,,,
0.0,0.0,0.41743764894230007,,,
0.0,0.0,0.43242709634319226,,,
1.0,0.0,0.45046578679866545,,,
1.0,0.0,0.4591988324844418,,,
1.0,1.0,0.8123256599625056,,,
1.0,0.0,0.48735084705647375,,,
1.0,0.0,0.39787046332746845,,,
0.0,0.0,0.36621028451652876,,,
0.0,0.0,0.4126139917974123,,,
1.0,1.0,0.6009662389053345,,,
1.0,0.0,0.4932221217610047,,,
0.0,0.0,0.47634323552049407,,,
1.0,1.0,0.8167761422740788,,,
1.0,0.0,0.40364823968058494,,,
0.0,0.0,0.375692525564817,,,
0.0,0.0,0.3278711336286522,,,
1.0,1.0,0.5428773012694625,,,
0.0,0.0,0.38964527498461654,,,
1.0,0.0,0.48369739428672526,,,
1.0,0.0,0.48961412691014833,,,
0.0,0.0,0.47980520756321354,,,
1.0,1.0,0.5398716939646713,,,
0.0,1.0,0.6797578969276105,,,
1.0,1.0,0.5709892948892782,,,
1.0,1.0,0.5307014137845726,,,
0.0,0.0,0.3949514881119186,,,
1.0,0.0,0.4962313355631281,,,
0.0,0.0,0.4242363290718546,,,
0.0,0.0,0.4114594951384657,,,
1.0,0.0,0.4010359029275944,,,
0.0,0.0,0.4398206037057189,,,
1.0,1.0,0.8400154344762094,,,
1.0,0.0,0.39454355450181644,,,
1.0,1.0,0.5095711650707454,,,
0.0,0.0,0.42723864755359214,,,
1.0,1.0,0.5851798803021343,,,
0.0,0.0,0.4973512871723214,,,
1.0,1.0,0.7144500174931595,,,
0.0,0.0,0.33952618088060377,,,
1.0,0.0,0.4808891964114036,,,
1.0,0.0,0.3589218401260641,,,
0.0,0.0,0.372169034230689,,,
0.0,0.0,0.3837919572986286,,,
1.0,1.0,0.6275727362432945,,,
0.0,0.0,0.4259758404972819,,,
1.0,0.0,0.49639087314275143,,,
0.0,0.0,0.3566996972289316,,,
1.0,1.0,0.7359959786402327,,,
0.0,0.0,0.3955847750205673,,,
0.0,0.0,0.47557108088656064,,,
0.0,0.0,0.3559520615836802,,,
0.0,0.0,0.34500375727412,,,
0.0,0.0,0.4194022804071881,,,
1.0,0.0,0.46626119444208164,,,
0.0,0.0,0.45270943292404686,,,
0.0,0.0,0.46047795354649335,,,
1.0,0.0,0.49436259315263154,,,
0.0,1.0,0.50167294531317,,,
1.0,1.0,0.5204655264080563,,,
0.0,0.0,0.3953912577152198,,,
0.0,0.0,0.3777122709710903,,,
0.0,0.0,0.41467333159358294,,,
0.0,0.0,0.3681375976852692,,,
0.0,0.0,0.437042094883038,,,
0.0,0.0,0.35603528294222475,,,
1.0,1.0,0.6552205572941922,,,
1.0,1.0,0.5838778131796565,,,
0.0,1.0,0.5245566440803425,,,
1.0,0.0,0.4218518254710045,,,
1.0,1.0,0.562704254787884,,,
0.0,0.0,0.41436395555392824,,,
1.0,0.0,0.46756639614485224,,,
0.0,0.0,0.49580700437668607,,,
0.0,0.0,0.32910640329396373,,,
1.0,1.0,0.7013054721314366,,,
0.0,0.0,0.43255473831459423,,,
0.0,0.0,0.4014810462177987,,,
0.0,0.0,0.44564192717267215,,,
0.0,0.0,0.3466177855587465,,,
1.0,1.0,0.8099465246497152,,,
0.0,0.0,0.3244908455269143,,,
0.0,0.0,0.45769202418820104,,,
0.0,0.0,0.40054337391033995,,,
0.0,0.0,0.4472623514492162,,,
1.0,1.0,0.5533644020315509,,,
1.0,1.0,0.6066217731977418,,,
1.0,0.0,0.30157693710937783,,,
0.0,1.0,0.5557874639274212,,,
1.0,1.0,0.5336801077266113,,,
1.0,0.0,0.35356078581765293,,,
0.0,0.0,0.380323926113009,,,
1.0,0.0,0.4180902463994927,,,
1.0,1.0,0.5951177244009458,,,
1.0,1.0,0.6162896166139521,,,
0.0,0.0,0.4037411721851055,,,
0.0,0.0,0.4463739404073096,,,
1.0,0.0,0.4365139639957707,,,
0.0,0.0,0.36425784307686576,,,
0.0,0.0,0.22894814627247426,,,
0.0,0.0,0.43923541292083024,,,
1.0,1.0,0.5224864607169935,,,
0.0,0.0,0.4389885267451008,,,
0.0,0.0,0.35631423694784864,,,
1.0,1.0,0.5896971840475552,,,
1.0,1.0,0.5744998482450682,,,
1.0,0.0,0.4100811252605165,,,
1.0,1.0,0.5568038231068319,,,
1.0,0.0,0.4299049987205536,,,
1.0,0.0,0.4969579924848214,,,
1.0,1.0,0.5229930730938273,,,
0.0,0.0,0.3656035630632175,,,
0.0,0.0,0.48339413156204364,,,
1.0,0.0,0.48658922635878527,,,
0.0,0.0,0.42180735993444707,,,
1.0,0.0,0.4059975212010576,,,
0.0,0.0,0.47142629628097954,,,
1.0,0.0,0.43746701601791305,,,
1.0,1.0,0.5206074904166462,,,
0.0,0.0,0.4609772811445102,,,
0.0,0.0,0.4469337570090675,,,
1.0,1.0,0.7633805306639995,,,
0.0,0.0,0.42768657711378194,,,
1.0,1.0,0.5545616546919432,,,
1.0,1.0,0.5774512777004285,,,
0.0,0.0,0.364200238659352,,,
1.0,0.0,0.4743567024729868,,,
0.0,0.0,0.40361066451820277,,,
1.0,0.0,0.4999172026330463,,,
0.0,0.0,0.3606635184125819,,,
0.0,0.0,0.37914410136670684,,,
0.0,0.0,0.48183896275183485,,,
1.0,1.0,0.5708573688162725,,,
0.0,0.0,0.3884839878353471,,,
0.0,0.0,0.41738620019101236,,,
0.0,0.0,0.38195755342408283,,,
0.0,1.0,0.5944544945956016,,,
0.0,0.0,0.34376329868233335,,,
1.0,1.0,0.7229197425900621,,,
1.0,1.0,0.6911654795757317,,,
1.0,0.0,0.45835302814970047,,,
1.0,0.0,0.41481413959968544,,,
0.0,0.0,0.3860516820112458,,,
0.0,1.0,0.5506573722019499,,,
0.0,0.0,0.31108486288984993,,,
1.0,0.0,0.47811193182290207,,,
0.0,0.0,0.4808434917303755,,,
0.0,0.0,0.3687809167778602,,,
1.0,0.0,0.4100211934622089,,,
0.0,0.0,0.4707056627805323,,,
1.0,0.0,0.46526191873824235,,,
0.0,0.0,0.45292994099981465,,,
0.0,0.0,0.4252643470109034,,,
1.0,0.0,0.4967634109162295,,,
0.0,0.0,0.35191655140698147,,,
1.0,1.0,0.5253630231336078,,,
0.0,0.0,0.31527175647184,,,
0.0,0.0,0.3181591089212841,,,
1.0,1.0,0.5255350538241014,,,
0.0,0.0,0.4065171177870346,,,
1.0,1.0,0.5238330285093411,,,
1.0,1.0,0.7710062926039711,,,
1.0,1.0,0.5446471894235089,,,
0.0,1.0,0.5918385456558187,,,
1.0,0.0,0.4299689971670571,,,
0.0,1.0,0.6326694474880746,,,
0.0,0.0,0.3563592793901582,,,
1.0,1.0,0.5183711099626295,,,
0.0,0.0,0.44519043090654187,,,
1.0,0.0,0.49826321112753874,,,
1.0,1.0,0.5350941533854995,,,
1.0,0.0,0.48094509398519775,,,
1.0,0.0,0.44631699619511933,,,
1.0,1.0,0.8052156199994684,,,
0.0,0.0,0.41895433597171267,,,
1.0,0.0,0.43611318448545167,,,
1.0,1.0,0.6882016760626092,,,
0.0,0.0,0.4068167328589758,,,
0.0,0.0,0.34515988047611096,,,
0.0,0.0,0.41404763793944094,,,
1.0,1.0,0.5283409779669401,,,
0.0,0.0,0.37212198695348014,,,
1.0,1.0,0.6196909199709846,,,
0.0,0.0,0.40169401617831507,,,
1.0,1.0,0.6805643855314091,,,
1.0,0.0,0.44042330467079405,,,
0.0,0.0,0.43600929518118514,,,
1.0,1.0,0.681375668121969,,,
0.0,0.0,0.35436775512617996,,,
0.0,0.0,0.38578880418207306,,,
1.0,0.0,0.4364087864025582,,,
1.0,0.0,0.44641578560135975,,,
1.0,1.0,0.6455948361560695,,,
0.0,1.0,0.5050208807648027,,,
1.0,1.0,0.6427067526332741,,,
0.0,0.0,0.38254889893103833,,,
1.0,1.0,0.6615568591293467,,,
0.0,0.0,0.3791501730670012,,,
0.0,0.0,0.4354432444641491,,,
1.0,1.0,0.5111650390735205,,,
0.0,0.0,0.4696979865842428,,,
1.0,1.0,0.5629041163831829,,,
1.0,0.0,0.4952743627282132,,,
1.0,1.0,0.5696576325928873,,,
1.0,0.0,0.4694344390949557,,,
0.0,0.0,0.39812631977482843,,,
1.0,1.0,0.5657596918991387,,,
0.0,0.0,0.4197817136362507,,,
1.0,1.0,0.5401135002711546,,,
0.0,0.0,0.4767885439801267,,,
1.0,1.0,0.5283558158253131,,,
1.0,1.0,0.7149604915865867,,,
1.0,1.0,0.5284632199439738,,,
0.0,0.0,0.39272945874717224,,,
0.0,0.0,0.4639200233776241,,,
1.0,1.0,0.6527872951068924,,,
1.0,1.0,0.5234049034103626,,,
1.0,1.0,0.7401224265979838,,,
0.0,0.0,0.4142445874172951,,,
0.0,0.0,0.40671930369528914,,,
0.0,0.0,0.33812472177755265,,,
0.0,0.0,0.39819361179527374,,,
1.0,1.0,0.6291198970616367,,,
0.0,0.0,0.34058610245474435,,,
0.0,0.0,0.413481749724038,,,
0.0,0.0,0.3015541416066242,,,
1.0,1.0,0.7193484406023891,,,
1.0,1.0,0.5030073663630475,,,
0.0,0.0,0.39401717289946053,,,
1.0,1.0,0.7829537474310468,,,
1.0,0.0,0.4276382758112603,,,
1.0,1.0,0.5423991214583113,,,
1.0,1.0,0.5520639525625952,,,
1.0,1.0,0.5152929185734422,,,
1.0,1.0,0.5231046885924237,,,
0.0,0.0,0.3367295857955826,,,
0.0,0.0,0.3484231935420732,,,
0.0,0.0,0.4269995678235662,,,
0.0,0.0,0.37796835345014446,,,
0.0,0.0,0.3846545884248039,,,
1.0,1.0,0.5502139592935763,,,
1.0,0.0,0.3905125045086893,,,
1.0,1.0,0.5865678355109695,,,
0.0,0.0,0.4740328106930179,,,
1.0,0.0,0.38394759138856555,,,
0.0,1.0,0.5183841609411799,,,
0.0,0.0,0.4561344596055319,,,
1.0,0.0,0.4383161880602887,,,
0.0,0.0,0.39861362864737965,,,
0.0,0.0,0.3586717259146386,,,
0.0,0.0,0.3815718609680352,,,
1.0,0.0,0.4360432143580809,,,
1.0,1.0,0.7629517138959903,,,
0.0,0.0,0.4124121064145807,,,
0.0,0.0,0.47811193182290207,,,
1.0,1.0,0.7104078792429857,,,
0.0,0.0,0.36129336306546167,,,
1.0,0.0,0.4259732499840525,,,
0.0,0.0,0.3982035725315457,,,
0.0,0.0,0.3572510997530723,,,
0.0,0.0,0.37910460176332755,,,
0.0,0.0,0.3597307608633132,,,
0.0,0.0,0.44213922699568636,,,
0.0,0.0,0.47850050187344456,,,
0.0,0.0,0.30856639585635076,,,
1.0,1.0,0.6266955426667339,,,
0.0,0.0,0.4262053717624489,,,
0.0,0.0,0.3536359935135849,,,
1.0,1.0,0.5067863735619947,,,
0.0,0.0,0.33676928319663096,,,
1.0,1.0,0.6506810801681904,,,
0.0,0.0,0.39151376801248305,,,
0.0,0.0,0.37896843784710615,,,
0.0,0.0,0.33308517413019323,,,
0.0,0.0,0.29046328076768374,,,
0.0,0.0,0.35079832339143563,,,
0.0,1.0,0.5334849016195452,,,
0.0,0.0,0.37868789637150535,,,
0.0,0.0,0.31786038547188966,,,
0.0,1.0,0.5337700560342564,,,
1.0,1.0,0.6873683833362517,,,
0.0,0.0,0.3781676121824643,,,
0.0,1.0,0.5038684554741485,,,
1.0,0.0,0.4649703808457199,,,
1.0,1.0,0.7881050792579605,,,
1.0,0.0,0.36128068146724435,,,
0.0,0.0,0.3565919934364053,,,
1.0,0.0,0.4245066805634178,,,
0.0,0.0,0.3219504160532347,,,
0.0,0.0,0.38717163522421966,,,
0.0,0.0,0.4276127144111338,,,
0.0,0.0,0.44128423293096625,,,
0.0,0.0,0.3761131332350312,,,
1.0,1.0,0.5917845058541428,,,
0.0,1.0,0.5095005068577988,,,
0.0,0.0,0.3647350831144906,,,
0.0,0.0,0.4209296075010504,,,
1.0,1.0,0.5683437755221148,,,
0.0,0.0,0.3958339575939991,,,
1.0,0.0,0.4088234972247656,,,
0.0,0.0,0.35506730663133307,,,
0.0,0.0,0.4026314020178783,,,
0.0,0.0,0.48138971757854737,,,
1.0,0.0,0.4991607939391047,,,
0.0,0.0,0.485781479991206,,,
1.0,0.0,0.47800622033795515,,,
0.0,0.0,0.4373163733541594,,,
1.0,0.0,0.35022198952349587,,,
1.0,1.0,0.6237277076796126,,,
0.0,0.0,0.3854541387440784,,,
0.0,0.0,0.4476604208772076,,,
1.0,0.0,0.47035798158984277,,,
0.0,0.0,0.4436619253347581,,,
1.0,1.0,0.8340900466276195,,,
1.0,1.0,0.6616818389264288,,,
0.0,1.0,0.5006448000838761,,,
1.0,0.0,0.34377340944534257,,,
0.0,0.0,0.40785423098989726,,,
0.0,0.0,0.3534237831866858,,,
0.0,1.0,0.7588889884954643,,,
1.0,0.0,0.39111381839560916,,,
1.0,0.0,0.39498111955094095,,,
0.0,0.0,0.3684202578798718,,,
0.0,0.0,0.44146447870933647,,,
0.0,0.0,0.3676471079277297,,,
1.0,1.0,0.6247374105004858,,,
0.0,0.0,0.4706010196671092,,,
0.0,0.0,0.4418589861939441,,,
0.0,0.0,0.48215268594401106,,,
1.0,1.0,0.5371139985383072,,,
1.0,1.0,0.5498404822618307,,,
1.0,1.0,0.5412579724219517,,,
1.0,0.0,0.4381298548285563,,,
0.0,0.0,0.492721946641737,,,
0.0,0.0,0.40586700065803255,,,
0.0,0.0,0.3820885678098756,,,
1.0,0.0,0.33901391564820893,,,
0.0,0.0,0.35879356667542417,,,
1.0,0.0,0.47013017256299044,,,
1.0,1.0,0.6167884319925178,,,
1.0,1.0,0.5253880033241358,,,
1.0,1.0,0.5061800114088011,,,
0.0,0.0,0.4851483478843181,,,
1.0,0.0,0.47200920031489424,,,
0.0,0.0,0.43451976332478726,,,
1.0,0.0,0.40218963029732774,,,
1.0,1.0,0.7058619445052409,,,
0.0,0.0,0.4589752778170172,,,
1.0,0.0,0.3827051494929219,,,
0.0,0.0,0.28354574722785275,,,
1.0,1.0,0.6723715171123575,,,
0.0,0.0,0.4087429794094413,,,
0.0,0.0,0.29442119736117633,,,
1.0,0.0,0.38362639336424637,,,
0.0,0.0,0.3168696997825068,,,
1.0,0.0,0.48793376198767574,,,
0.0,0.0,0.39262218460509085,,,
1.0,1.0,0.5307872321294809,,,
0.0,0.0,0.44184618997525893,,,
0.0,0.0,0.428868468651521,,,
0.0,0.0,0.33409120991204816,,,
0.0,0.0,0.4404130133453228,,,
0.0,0.0,0.28781148719173894,,,
1.0,1.0,0.5800641613696539,,,
0.0,0.0,0.4484199295379918,,,
1.0,1.0,0.646150040469195,,,
1.0,1.0,0.578774098480885,,,
0.0,0.0,0.28183889930858896,,,
0.0,0.0,0.492721946641737,,,
0.0,0.0,0.3935014894243873,,,
0.0,0.0,0.3406323638624804,,,
1.0,0.0,0.42453023248039784,,,
0.0,0.0,0.3201127009637308,,,
0.0,0.0,0.36311550079974486,,,
1.0,1.0,0.5085856157487975,,,
1.0,1.0,0.5499944759659766,,,
0.0,0.0,0.4266911599694883,,,
1.0,1.0,0.6836677195854083,,,
0.0,0.0,0.3650530662381494,,,
1.0,1.0,0.5041975090053283,,,
0.0,0.0,0.3565065674761162,,,
1.0,0.0,0.4768574510407062,,,
0.0,1.0,0.51640064054789,,,
1.0,1.0,0.68183930833488,,,
0.0,0.0,0.37810457503949435,,,
1.0,1.0,0.6717791836203155,,,
1.0,0.0,0.3596190056749946,,,
1.0,0.0,0.48775300780711495,,,
0.0,0.0,0.36518314413528485,,,
1.0,1.0,0.7138462524185415,,,
1.0,1.0,0.5321752658651977,,,
0.0,0.0,0.4034722208861747,,,
0.0,0.0,0.3689835203487786,,,
1.0,1.0,0.6223942999335866,,,
0.0,0.0,0.38205670100439143,,,
0.0,0.0,0.42783076518099505,,,
1.0,1.0,0.5422409910283819,,,
1.0,1.0,0.5292522288975516,,,
1.0,0.0,0.48076385718418707,,,
1.0,1.0,0.7406740694846161,,,
1.0,1.0,0.5997719823266205,,,
0.0,1.0,0.542874479644119,,,
1.0,1.0,0.6254376909398437,,,
1.0,0.0,0.48868363663132613,,,
1.0,1.0,0.6448418664346046,,,
0.0,0.0,0.40245547082517236,,,
1.0,0.0,0.4649031529549551,,,
1.0,1.0,0.6344323546371253,,,
0.0,0.0,0.38559356569886855,,,
0.0,0.0,0.3607419047860324,,,
1.0,1.0,0.570487940145613,,,
0.0,0.0,0.4114914242507566,,,
1.0,0.0,0.4131126466685076,,,
0.0,0.0,0.49963398842898454,,,
0.0,0.0,0.3894922752769479,,,
1.0,0.0,0.41583138153757077,,,
1.0,1.0,0.5521738170812859,,,
1.0,1.0,0.6946014021692423,,,
1.0,1.0,0.7477299057501509,,,
1.0,0.0,0.4786716600704004,,,
0.0,0.0,0.4303151777595463,,,
0.0,0.0,0.4004245877306913,,,
1.0,0.0,0.39870616349147736,,,
1.0,1.0,0.714733623144597,,,
0.0,0.0,0.3846071749721127,,,
1.0,1.0,0.5088124099519363,,,
0.0,0.0,0.39291988152747026,,,
1.0,1.0,0.6439108792354039,,,
0.0,0.0,0.31114565443508574,,,
1.0,1.0,0.6650610790809283,,,
0.0,0.0,0.41497086280232864,,,
0.0,0.0,0.3176242210700523,,,
1.0,1.0,0.5337195278386861,,,
1.0,0.0,0.4600816883034327,,,
1.0,1.0,0.6078118176499039,,,
0.0,0.0,0.3101043485791585,,,
0.0,0.0,0.35479107473428334,,,
0.0,0.0,0.3533542146940392,,,
0.0,0.0,0.37852015597344485,,,
0.0,0.0,0.4145848064137486,,,
0.0,0.0,0.39304024617127886,,,
1.0,1.0,0.7022660364189397,,,
0.0,1.0,0.5091724379094719,,,
0.0,0.0,0.36041915277348274,,,
0.0,0.0,0.3904581239025116,,,
0.0,1.0,0.6266910430664437,,,
1.0,1.0,0.6748433453652627,,,
0.0,0.0,0.4988997724102023,,,
1.0,1.0,0.547265544651569,,,
0.0,0.0,0.47580613454942494,,,
0.0,0.0,0.35786171397340794,,,
1.0,1.0,0.5963580661989167,,,
0.0,0.0,0.44243640250768745,,,
1.0,0.0,0.4758316351854193,,,
0.0,1.0,0.5575123950721596,,,
1.0,0.0,0.49541800796168745,,,
0.0,0.0,0.35647953064089016,,,
0.0,0.0,0.4897685421466746,,,
1.0,0.0,0.4432222048510911,,,
1.0,1.0,0.5847208755327165,,,
0.0,0.0,0.44378780056945905,,,
0.0,0.0,0.34335066934551794,,,
0.0,0.0,0.3670801896607002,,,
0.0,0.0,0.4806692908902832,,,
1.0,1.0,0.6153587837604862,,,
0.0,0.0,0.403157702422424,,,
1.0,1.0,0.565507913846588,,,
1.0,1.0,0.6635353709288841,,,
0.0,0.0,0.42985492373541084,,,
1.0,0.0,0.44955885875663715,,,
1.0,0.0,0.4416108364673701,,,
0.0,0.0,0.4277974243369522,,,
1.0,1.0,0.5566393472708191,,,
0.0,0.0,0.3533324291745361,,,
1.0,0.0,0.3245403044387563,,,
0.0,0.0,0.3701551043306994,,,
1.0,1.0,0.6092810068631416,,,
1.0,1.0,0.663881327149394,,,
0.0,0.0,0.458544399589675,,,
1.0,0.0,0.34701308581463036,,,
0.0,0.0,0.45531262236810677,,,
0.0,0.0,0.4073303341203843,,,
1.0,0.0,0.46526900361136864,,,
0.0,0.0,0.31221479576696143,,,
1.0,0.0,0.4301505598044833,,,
0.0,0.0,0.3978438348198321,,,
0.0,0.0,0.42108886726835887,,,
0.0,0.0,0.37325552515993426,,,
0.0,0.0,0.2859149496458699,,,
0.0,0.0,0.42547786294089407,,,
0.0,0.0,0.4756867783326284,,,
1.0,0.0,0.37350988844145383,,,
0.0,0.0,0.44644298331776316,,,
0.0,0.0,0.3841218314036813,,,
1.0,0.0,0.4286987864451822,,,
1.0,0.0,0.4336650527495154,,,
0.0,0.0,0.36651426370980267,,,
1.0,0.0,0.4168351784250088,,,
1.0,1.0,0.527881890910618,,,
0.0,1.0,0.5258991877883372,,,
1.0,1.0,0.7405658255694674,,,
1.0,1.0,0.5019779950865803,,,
1.0,0.0,0.41069583079455224,,,
0.0,0.0,0.3588331445071979,,,
1.0,1.0,0.7119049966723393,,,
0.0,0.0,0.4677561926105236,,,
1.0,0.0,0.43639421690790786,,,
1.0,0.0,0.45712195870964223,,,
1.0,0.0,0.4031104952040643,,,
1.0,0.0,0.4364746527762665,,,
1.0,0.0,0.4967333713541367,,,
0.0,0.0,0.4214675350655176,,,
0.0,1.0,0.6600501369478499,,,
0.0,1.0,0.517367246808371,,,
1.0,0.0,0.4113170255546721,,,
0.0,1.0,0.5002548001457663,,,
0.0,0.0,0.32277199319455174,,,
1.0,1.0,0.5522877390651522,,,
0.0,0.0,0.39988712182443686,,,
1.0,1.0,0.6340888450333535,,,
1.0,1.0,0.5551930197257293,,,
0.0,0.0,0.4523197800615029,,,
0.0,1.0,0.6376549983223071,,,
1.0,1.0,0.7593010347043337,,,
1.0,0.0,0.4913077126209257,,,
1.0,1.0,0.6114270835265743,,,
0.0,0.0,0.408661046853816,,,
0.0,0.0,0.42142261463225406,,,
0.0,0.0,0.44285020064803277,,,
1.0,1.0,0.5577796752910071,,,
1.0,1.0,0.5089965874764674,,,
0.0,0.0,0.39781770580401804,,,
1.0,1.0,0.7322482770775534,,,
0.0,0.0,0.3751210592900896,,,
1.0,0.0,0.37396701079717876,,,
0.0,0.0,0.44717015077071065,,,
0.0,0.0,0.39252245591519164,,,
0.0,0.0,0.41630875723572575,,,
1.0,0.0,0.40087699737635263,,,
0.0,0.0,0.46806048487333535,,,
0.0,0.0,0.37882133626849257,,,
1.0,0.0,0.4456990798568978,,,
1.0,0.0,0.46973749549435173,,,
0.0,0.0,0.4137444626349002,,,
1.0,0.0,0.45151359469148034,,,
0.0,0.0,0.32322590809521645,,,
1.0,1.0,0.5039944064764184,,,
1.0,1.0,0.5358069533168904,,,
0.0,0.0,0.3630251779424591,,,
0.0,1.0,0.605033380366472,,,
0.0,0.0,0.46851189407854144,,,
0.0,0.0,0.3999592102292969,,,
0.0,0.0,0.45551431385021135,,,
1.0,1.0,0.5351438399650329,,,
1.0,1.0,0.5952463561236938,,,
0.0,0.0,0.38959047077169257,,,
1.0,1.0,0.7785989945904204,,,
1.0,0.0,0.4854692422578504,,,
0.0,0.0,0.4212467405699636,,,
0.0,0.0,0.39508034435393735,,,
0.0,0.0,0.34606704477937544,,,
1.0,0.0,0.48041051418533637,,,
1.0,0.0,0.4994472639642692,,,
1.0,1.0,0.6435923194329878,,,
0.0,0.0,0.3242506921326758,,,
1.0,1.0,0.6929616809462779,,,
1.0,0.0,0.4564878304995355,,,
1.0,0.0,0.4368967722531673,,,
0.0,0.0,0.40480654305529473,,,
1.0,1.0,0.7767849913002105,,,
1.0,0.0,0.4252106687583333,,,
1.0,1.0,0.5023755716667715,,,
1.0,1.0,0.6189300474347679,,,
0.0,0.0,0.4791448379794651,,,
1.0,1.0,0.7677336828923693,,,
1.0,0.0,0.40223528085369054,,,
1.0,1.0,0.5165893058786544,,,
0.0,0.0,0.4272385037230937,,,
1.0,0.0,0.44486263478961646,,,
1.0,0.0,0.47478785405865614,,,
0.0,0.0,0.4012566415606972,,,
0.0,0.0,0.4315968546066561,,,
0.0,0.0,0.44603714442483766,,,
1.0,1.0,0.6442580108311502,,,
0.0,0.0,0.39599137756412617,,,
1.0,1.0,0.7914495196175726,,,
0.0,0.0,0.4493762486522966,,,
0.0,0.0,0.3801887000926243,,,
0.0,0.0,0.3985127718665912,,,
1.0,0.0,0.43712731127716603,,,
0.0,0.0,0.4240702618877918,,,
1.0,1.0,0.6293026564510681,,,
0.0,0.0,0.429677184060734,,,
1.0,0.0,0.4107511477085978,,,
1.0,1.0,0.7706323034505349,,,
0.0,0.0,0.3403357179428194,,,
1.0,0.0,0.3947266849415405,,,
1.0,0.0,0.4102326081331195,,,
0.0,0.0,0.41014075713527764,,,
0.0,0.0,0.3421828995799534,,,
1.0,1.0,0.5663704102033146,,,
1.0,1.0,0.6422958737902961,,,
0.0,0.0,0.414955064433961,,,
1.0,1.0,0.5166178607985826,,,
0.0,0.0,0.4510392792651754,,,
1.0,1.0,0.7220316125155548,,,
1.0,1.0,0.5112783872557242,,,
1.0,1.0,0.5524068137977974,,,
1.0,0.0,0.44157929924411216,,,
1.0,0.0,0.4738533589124477,,,
1.0,0.0,0.4680430770402184,,,
1.0,1.0,0.5725699555467527,,,
1.0,1.0,0.5978698689934022,,,
1.0,1.0,0.5335966370294798,,,
0.0,0.0,0.4001186437078431,,,
0.0,1.0,0.6011171913679044,,,
0.0,0.0,0.4373509476520248,,,
1.0,1.0,0.5318862209661473,,,
0.0,0.0,0.3765319007770417,,,
0.0,1.0,0.5271179680614668,,,
1.0,1.0,0.5140001691408767,,,
1.0,0.0,0.46479370148431215,,,
1.0,0.0,0.43852846571626,,,
0.0,0.0,0.38063145555447203,,,
0.0,0.0,0.3609769412143307,,,
1.0,1.0,0.7994601402489518,,,
1.0,1.0,0.785488934361389,,,
1.0,1.0,0.6667484448704889,,,
0.0,0.0,0.4373566150157816,,,
1.0,0.0,0.3693056074997812,,,
0.0,0.0,0.21941495597356267,,,
1.0,1.0,0.5870774762166392,,,
0.0,0.0,0.37753256008514824,,,
1.0,0.0,0.47097081776714456,,,
1.0,1.0,0.8265335974949066,,,
1.0,0.0,0.47811193182290207,,,
0.0,0.0,0.4226986308462787,,,
0.0,0.0,0.3817284437454183,,,
1.0,0.0,0.47275349456238785,,,
0.0,1.0,0.5380999901442288,,,
1.0,1.0,0.6614954623023221,,,
0.0,0.0,0.3640718035881087,,,
0.0,0.0,0.21941495597356267,,,
0.0,0.0,0.41878338474883486,,,
0.0,0.0,0.2776529862837452,,,
0.0,0.0,0.3390650563465271,,,
0.0,0.0,0.39064455837776796,,,
1.0,0.0,0.39092228044414185,,,
1.0,0.0,0.4869536393530592,,,
0.0,0.0,0.39351662160933626,,,
0.0,0.0,0.3645736698999869,,,
1.0,0.0,0.44831151840298433,,,
1.0,1.0,0.5999942335372218,,,
1.0,0.0,0.456858153396283,,,
0.0,0.0,0.35239522309652155,,,
0.0,0.0,0.32959447992710383,,,
1.0,1.0,0.6606787642008395,,,
1.0,1.0,0.5291717969879479,,,
0.0,0.0,0.30031021705371813,,,
0.0,0.0,0.3783771810038599,,,
0.0,0.0,0.21941495597356267,,,
0.0,0.0,0.4586093948764856,,,
0.0,0.0,0.3612421310482746,,,
0.0,1.0,0.6923662764670041,,,
1.0,0.0,0.4908925312135606,,,
1.0,1.0,0.6044576785012487,,,
1.0,1.0,0.7002216640141066,,,
0.0,0.0,0.36370824485077524,,,
0.0,0.0,0.42585819939974173,,,
1.0,1.0,0.5509874172338629,,,
1.0,1.0,0.6013981608656849,,,
1.0,1.0,0.6283577018140153,,,
0.0,0.0,0.3679818868842558,,,
0.0,0.0,0.39655509814984147,,,
0.0,0.0,0.4675112369752208,,,
0.0,0.0,0.3598774385428065,,,
0.0,0.0,0.3556836807912529,,,
1.0,1.0,0.5894376272510728,,,
1.0,1.0,0.5065093750000067,,,
1.0,1.0,0.6484965536846702,,,
1.0,0.0,0.3575192175108852,,,
1.0,1.0,0.6241427381140904,,,
0.0,0.0,0.45007884453016334,,,
1.0,0.0,0.4401959948029166,,,
0.0,0.0,0.38846162566808623,,,
0.0,0.0,0.44805585136973075,,,
0.0,0.0,0.43426176249157916,,,
0.0,1.0,0.658832229433068,,,
0.0,0.0,0.37909025975803445,,,
1.0,1.0,0.6708392759673443,,,
1.0,1.0,0.7983006903280282,,,
0.0,0.0,0.4872167505841691,,,
1.0,1.0,0.7547920598360648,,,
1.0,0.0,0.3910605604365414,,,
0.0,0.0,0.39847819019405223,,,
0.0,0.0,0.3679708895225469,,,
0.0,0.0,0.3441377788109332,,,
0.0,0.0,0.4817045534561524,,,
1.0,1.0,0.5895400342305881,,,
1.0,0.0,0.432147749089983,,,
0.0,0.0,0.4540003027643974,,,
0.0,0.0,0.48964131303611025,,,
0.0,0.0,0.294823938820113,,,
1.0,1.0,0.511609066296283,,,
0.0,0.0,0.48977679151687653,,,
0.0,0.0,0.3445803710939887,,,
0.0,0.0,0.49019655550203256,,,
0.0,0.0,0.40335820026975594,,,
0.0,0.0,0.38266223533406735,,,
1.0,1.0,0.5853171240473664,,,
0.0,0.0,0.37506372061484083,,,
1.0,1.0,0.5403301595709241,,,
0.0,0.0,0.3329965860245282,,,
0.0,0.0,0.35778576800834394,,,
0.0,0.0,0.3850596295882412,,,
1.0,0.0,0.4453184796886896,,,
1.0,1.0,0.6715823465847837,,,
0.0,0.0,0.3954929426366088,,,
0.0,0.0,0.4604054567192049,,,
1.0,1.0,0.5060558302158586,,,
1.0,1.0,0.5641166202709649,,,
1.0,1.0,0.5332226766705044,,,
1.0,1.0,0.5860828889910269,,,
1.0,1.0,0.6696541249508282,,,
1.0,1.0,0.6328829042787208,,,
0.0,0.0,0.37224770427605436,,,
0.0,0.0,0.365313034665761,,,
0.0,0.0,0.45299191027392466,,,
0.0,0.0,0.38011281462160856,,,
0.0,0.0,0.3907349689079503,,,
0.0,0.0,0.4225827290201256,,,
1.0,1.0,0.6701511601247717,,,
1.0,1.0,0.6617628836914894,,,
0.0,1.0,0.5369164510042372,,,
1.0,1.0,0.5088013584535029,,,
0.0,0.0,0.34405050500466916,,,
1.0,1.0,0.8223277596009205,,,
0.0,0.0,0.38203692109333676,,,
0.0,0.0,0.3350143392804286,,,
1.0,1.0,0.7137921826054074,,,
1.0,1.0,0.5328067212356529,,,
1.0,1.0,0.5264469840753236,,,
0.0,0.0,0.3626751237823024,,,
0.0,0.0,0.38137071511810183,,,
0.0,0.0,0.48006383699204497,,,
0.0,0.0,0.3595580041226655,,,
1.0,1.0,0.5781775434878367,,,
1.0,1.0,0.5675807398616348,,,
1.0,0.0,0.46845391447319684,,,
1.0,1.0,0.775151413181238,,,
1.0,1.0,0.6148545428944922,,,
0.0,0.0,0.3325519673286835,,,
0.0,0.0,0.2647275057935527,,,
0.0,0.0,0.3209323292666957,,,
0.0,0.0,0.31424448479055395,,,
0.0,0.0,0.3973581680564671,,,
0.0,0.0,0.47750192577006284,,,
0.0,0.0,0.43325375055344467,,,
1.0,1.0,0.5937086953058105,,,
1.0,1.0,0.5885757151508606,,,
1.0,1.0,0.5337419045350807,,,
0.0,0.0,0.3876489693228812,,,
0.0,0.0,0.36919915381519003,,,
1.0,1.0,0.5712576165000873,,,
1.0,0.0,0.38909628905034754,,,
1.0,1.0,0.6550449186430046,,,
0.0,0.0,0.3990547580685778,,,
1.0,1.0,0.718154986840163,,,
0.0,0.0,0.48632303874216437,,,
1.0,1.0,0.5604981717897742,,,
1.0,0.0,0.484081713779303,,,
0.0,0.0,0.495484938760847,,,
0.0,0.0,0.36043419522275233,,,
1.0,0.0,0.4255566560387713,,,
0.0,0.0,0.4018505518343505,,,
0.0,0.0,0.41491917733129174,,,
1.0,1.0,0.6321126994279912,,,
1.0,1.0,0.5041319210758548,,,
1.0,1.0,0.5647784732928341,,,
0.0,0.0,0.43341038037357926,,,
0.0,0.0,0.4677862017634373,,,
1.0,1.0,0.554519463454076,,,
1.0,0.0,0.4702559066395041,,,
0.0,1.0,0.5115868396669824,,,
0.0,0.0,0.4455894856732079,,,
0.0,0.0,0.3931798471649191,,,
0.0,0.0,0.4606976315709298,,,
0.0,0.0,0.4336859497489444,,,
1.0,1.0,0.7837075725225393,,,
1.0,1.0,0.5185762992305089,,,
0.0,0.0,0.4467557349064168,,,
1.0,1.0,0.590619627120299,,,
0.0,0.0,0.33373816153164804,,,
0.0,0.0,0.3648268388892792,,,
1.0,0.0,0.4365866481664267,,,
1.0,0.0,0.46230332237139893,,,
0.0,0.0,0.4361174571550234,,,
1.0,1.0,0.6959911116665226,,,
1.0,0.0,0.38806098429409924,,,
0.0,1.0,0.5154361693623903,,,
1.0,1.0,0.592029591852109,,,
0.0,0.0,0.4598272534432436,,,
0.0,0.0,0.31246909992177535,,,
0.0,0.0,0.3335697162495125,,,
0.0,0.0,0.4428001024869686,,,
0.0,0.0,0.435445659454149,,,
1.0,1.0,0.8280193908242091,,,
1.0,0.0,0.4180480962556965,,,
0.0,0.0,0.4296636382770344,,,
1.0,1.0,0.7219196972260614,,,
0.0,0.0,0.3014430595199921,,,
0.0,1.0,0.510175270394721,,,
1.0,1.0,0.6612949306586583,,,
1.0,1.0,0.8109847297955511,,,
1.0,0.0,0.3971396056551896,,,
1.0,1.0,0.5543725942005259,,,
0.0,1.0,0.5270327678156779,,,
0.0,0.0,0.35798648535797023,,,
1.0,1.0,0.6371021521256217,,,
0.0,1.0,0.5068187122868635,,,
1.0,0.0,0.3893532696983601,,,
1.0,1.0,0.5137349049932066,,,
1.0,0.0,0.43718082549329074,,,
1.0,1.0,0.7989396336179616,,,
0.0,0.0,0.43021427690276026,,,
0.0,1.0,0.5063365270268576,,,
0.0,0.0,0.3542216712111601,,,
0.0,0.0,0.3033422839469056,,,
1.0,0.0,0.42185592168564334,,,
1.0,1.0,0.5042924861654439,,,
0.0,0.0,0.3893259195362861,,,
0.0,0.0,0.3250222655627855,,,
0.0,0.0,0.34195932933708684,,,
0.0,0.0,0.3550996620763052,,,
1.0,0.0,0.4572665261338995,,,
0.0,0.0,0.4114591016932988,,,
1.0,0.0,0.36870818436618175,,,
1.0,1.0,0.5723612978867308,,,
1.0,1.0,0.7342809677532217,,,
0.0,0.0,0.34332516161998894,,,
0.0,0.0,0.3556836807912529,,,
0.0,0.0,0.3324523128383303,,,
1.0,0.0,0.452026596519029,,,
0.0,0.0,0.451453499526669,,,
0.0,0.0,0.4444829355196232,,,
0.0,0.0,0.35952246358165724,,,
1.0,1.0,0.5879084564091084,,,
0.0,0.0,0.337309611215301,,,
1.0,0.0,0.48414284493555904,,,
1.0,1.0,0.6902548556697314,,,
0.0,0.0,0.44846628303385755,,,
1.0,0.0,0.4252152977639849,,,
0.0,0.0,0.3033422839469056,,,
1.0,1.0,0.5501940967218769,,,
0.0,1.0,0.5905609209001836,,,
0.0,0.0,0.394831983955915,,,
1.0,1.0,0.5466656990119458,,,
0.0,0.0,0.35312914113402893,,,
1.0,1.0,0.6196257592904933,,,
1.0,1.0,0.5011995110241413,,,
0.0,0.0,0.30522833923306936,,,
1.0,1.0,0.5918771972624935,,,
1.0,0.0,0.4137600561271926,,,
0.0,0.0,0.43898562027247806,,,
0.0,1.0,0.6077610751574686,,,
1.0,1.0,0.6473744977768288,,,
1.0,1.0,0.5890621641113039,,,
0.0,0.0,0.38283055542193467,,,
0.0,0.0,0.39427566194561375,,,
1.0,1.0,0.5177732563068259,,,
0.0,0.0,0.4132756842416239,,,
1.0,1.0,0.5478596179777881,,,
0.0,0.0,0.4034441511244038,,,
0.0,0.0,0.4341940082604696,,,
0.0,0.0,0.35952246358165724,,,
0.0,1.0,0.5379951589705064,,,
0.0,0.0,0.4682400891186434,,,
0.0,0.0,0.43565077754688786,,,
0.0,0.0,0.3993565348674553,,,
1.0,1.0,0.5094649332701923,,,
0.0,0.0,0.4691630399490917,,,
1.0,1.0,0.7819125707720368,,,
0.0,0.0,0.37278353583519225,,,
0.0,0.0,0.32030165153361284,,,
1.0,1.0,0.5362477331338382,,,
0.0,0.0,0.36031671716840696,,,
0.0,1.0,0.5222801725531496,,,
1.0,0.0,0.4544305604238176,,,
0.0,0.0,0.4064718129821124,,,
1.0,0.0,0.46237279477252663,,,
1.0,1.0,0.6812603966229912,,,
0.0,0.0,0.4886756359105462,,,
1.0,0.0,0.44639049606000736,,,
1.0,1.0,0.5014479661525688,,,
0.0,0.0,0.42343424033498595,,,
0.0,0.0,0.4730857939487603,,,
0.0,0.0,0.46391493411737883,,,
1.0,1.0,0.575561023092619,,,
1.0,0.0,0.46341134138331264,,,
0.0,0.0,0.33715063329661143,,,
0.0,0.0,0.4331667315429869,,,
1.0,1.0,0.609094618723899,,,
1.0,1.0,0.5069472498502121,,,
1.0,1.0,0.5649138903648512,,,
1.0,1.0,0.5485696011754979,,,
0.0,0.0,0.3847102156149924,,,
0.0,0.0,0.4588954253185969,,,
1.0,0.0,0.41346777095893583,,,
1.0,0.0,0.48363570205228074,,,
1.0,1.0,0.5199260167273227,,,
0.0,0.0,0.4515630161956562,,,
1.0,0.0,0.41940914659796913,,,
1.0,1.0,0.5667197702654704,,,
1.0,1.0,0.5870276229526041,,,
1.0,0.0,0.42030147238069787,,,
0.0,0.0,0.49724276011429563,,,
1.0,0.0,0.4979642054267493,,,
1.0,0.0,0.3700800392999542,,,
1.0,1.0,0.6062142391708417,,,
1.0,1.0,0.5723673858870598,,,
1.0,1.0,0.5806181932110088,,,
0.0,0.0,0.38388380133326977,,,
0.0,1.0,0.5108647901691558,,,
1.0,1.0,0.6797779611575019,,,
1.0,1.0,0.6651197927643021,,,
1.0,1.0,0.5347231697095977,,,
0.0,0.0,0.41243271815263266,,,
0.0,0.0,0.4389783981358306,,,
1.0,1.0,0.5111911861866901,,,
0.0,0.0,0.3715547337250241,,,
0.0,0.0,0.341483437801028,,,
0.0,0.0,0.4016298166497758,,,
0.0,0.0,0.35436063805082324,,,
0.0,0.0,0.3871216277110114,,,
1.0,0.0,0.39644909008088547,,,
0.0,0.0,0.37638400484021933,,,
0.0,0.0,0.4442705874079564,,,
0.0,0.0,0.4197817136362507,,,
1.0,1.0,0.556244779514323,,,
1.0,0.0,0.36943277792643475,,,
1.0,1.0,0.6725665931545693,,,
0.0,0.0,0.32714598664714883,,,
1.0,0.0,0.48004546015712385,,,
0.0,1.0,0.5116050463860634,,,
1.0,1.0,0.546353011399109,,,
0.0,0.0,0.30912733915975016,,,
1.0,1.0,0.6338024441408182,,,
0.0,0.0,0.318296876522476,,,
1.0,0.0,0.4426414085688329,,,
0.0,1.0,0.5398933892642105,,,
1.0,1.0,0.5037989381572001,,,
0.0,0.0,0.4097917391439033,,,
1.0,0.0,0.46286585468470925,,,
0.0,1.0,0.6240621387431848,,,
0.0,0.0,0.316118046380229,,,
0.0,0.0,0.4585378549615077,,,
0.0,0.0,0.3827078387934742,,,
0.0,0.0,0.39886720247549856,,,
0.0,0.0,0.4743567877056835,,,
0.0,0.0,0.3959111252290495,,,
1.0,0.0,0.4684942303533453,,,
0.0,0.0,0.47216293001202086,,,
0.0,0.0,0.40157765034292414,,,
0.0,0.0,0.33854217716197194,,,
0.0,0.0,0.42904082059762866,,,
1.0,0.0,0.3861060929582273,,,
1.0,1.0,0.6040380408242969,,,
1.0,1.0,0.6931957468327993,,,
0.0,0.0,0.3534160913857272,,,
0.0,0.0,0.4490266058462403,,,
1.0,1.0,0.7096928697132001,,,
1.0,1.0,0.5322539840116749,,,
1.0,0.0,0.40384826996553236,,,
1.0,1.0,0.778156061909273,,,
1.0,0.0,0.47518570295482715,,,
1.0,1.0,0.5719023180007908,,,
1.0,0.0,0.39233234859486815,,,
1.0,1.0,0.512941998209708,,,
0.0,0.0,0.380952912751536,,,
1.0,1.0,0.5091477945632337,,,
0.0,0.0,0.45147877522560437,,,
1.0,1.0,0.5438295618875845,,,
0.0,0.0,0.44823567558436755,,,
1.0,1.0,0.5871105708816865,,,
0.0,0.0,0.45052487684381987,,,
0.0,0.0,0.4445700748906586,,,
0.0,0.0,0.381671849384267,,,
1.0,0.0,0.4028314291525116,,,
0.0,0.0,0.38908514170441355,,,
0.0,1.0,0.5761027692903948,,,
1.0,1.0,0.5720352542220298,,,
1.0,0.0,0.47960155431142426,,,
1.0,1.0,0.575129435468146,,,
0.0,0.0,0.3195490230578829,,,
1.0,0.0,0.4289572653312533,,,
1.0,1.0,0.6372161247193642,,,
1.0,0.0,0.37962272136383385,,,
0.0,0.0,0.4276710206036002,,,
0.0,0.0,0.4275832388266597,,,
1.0,0.0,0.4130818622220241,,,
0.0,0.0,0.3464914103522413,,,
0.0,0.0,0.35683407241045245,,,
0.0,0.0,0.49540071845744815,,,
0.0,0.0,0.38383598739855374,,,
1.0,1.0,0.6613573159426417,,,
0.0,0.0,0.4171745658553702,,,
1.0,1.0,0.6846915755190426,,,
0.0,0.0,0.4223458856612342,,,
0.0,0.0,0.3318610379583523,,,
0.0,0.0,0.4955181472852461,,,
1.0,1.0,0.6618983542368391,,,
0.0,0.0,0.40361289269728523,,,
1.0,1.0,0.5276182560073381,,,
1.0,1.0,0.5031470689205569,,,
1.0,0.0,0.4952750783243116,,,
0.0,0.0,0.36863167504272787,,,
0.0,0.0,0.4724755837154588,,,
1.0,1.0,0.5658158357727645,,,
0.0,0.0,0.45703530843077583,,,
0.0,0.0,0.3436851009235281,,,
0.0,0.0,0.41527528126755014,,,
1.0,1.0,0.5296083987850638,,,
1.0,1.0,0.7414273601571313,,,
1.0,1.0,0.7278246011681178,,,
0.0,1.0,0.6045911489889639,,,
0.0,0.0,0.3672524286880253,,,
1.0,1.0,0.6078175883277438,,,
0.0,1.0,0.5384311686615554,,,
0.0,0.0,0.30117446177952145,,,
0.0,0.0,0.4307317348531674,,,
1.0,1.0,0.5958928584033547,,,
1.0,0.0,0.478706615056674,,,
1.0,0.0,0.3756603423415448,,,
1.0,0.0,0.3990559515051676,,,
0.0,0.0,0.4610747989952804,,,
0.0,1.0,0.6288046199143968,,,
1.0,1.0,0.5164651773417072,,,
1.0,0.0,0.41073773275157194,,,
1.0,0.0,0.4180426318330224,,,
0.0,1.0,0.505071926688683,,,
1.0,1.0,0.5871737173140222,,,
0.0,0.0,0.4253901159630174,,,
0.0,0.0,0.4861002368919363,,,
0.0,0.0,0.3695227884895232,,,
1.0,1.0,0.5007184843621904,,,
0.0,0.0,0.37658615393393924,,,
0.0,0.0,0.4715954694662112,,,
1.0,0.0,0.42365463959979804,,,
1.0,0.0,0.4910049885549001,,,
1.0,1.0,0.6067595766433598,,,
1.0,0.0,0.4022995133740054,,,
1.0,1.0,0.5181216062479498,,,
0.0,0.0,0.4680940657583465,,,
1.0,1.0,0.5441804922058611,,,
1.0,1.0,0.5104928966715115,,,
1.0,1.0,0.6435767014962523,,,
1.0,0.0,0.4536705749705794,,,
0.0,0.0,0.44107592256947925,,,
1.0,0.0,0.49783103761836955,,,
0.0,0.0,0.37343521935728635,,,
1.0,0.0,0.4889648688451701,,,
1.0,0.0,0.4583662191378159,,,
1.0,0.0,0.47872013506645406,,,
0.0,0.0,0.2850660803589842,,,
0.0,0.0,0.38824452102976187,,,
0.0,0.0,0.3687538695501746,,,
1.0,1.0,0.6951956181560837,,,
1.0,1.0,0.6999564887362217,,,
1.0,1.0,0.5120110859078777,,,
0.0,1.0,0.5415514964299578,,,
0.0,0.0,0.4311614940813754,,,
1.0,1.0,0.5093171080636111,,,
1.0,0.0,0.4656701160886253,,,
1.0,0.0,0.4129016394671762,,,
1.0,1.0,0.5090146182756584,,,
1.0,1.0,0.6390254124976265,,,
1.0,0.0,0.42587289688322577,,,
1.0,0.0,0.49776687501585865,,,
0.0,0.0,0.3970380779751694,,,
0.0,0.0,0.40637531054650144,,,
0.0,0.0,0.41544321711115667,,,
1.0,1.0,0.512639330089166,,,
1.0,0.0,0.35694094873799176,,,
1.0,1.0,0.5604313122657913,,,
1.0,0.0,0.4508171063608606,,,
0.0,1.0,0.5490480479120086,,,
0.0,0.0,0.21941495597356267,,,
0.0,0.0,0.4715870660382012,,,
0.0,0.0,0.41882944517037946,,,
0.0,0.0,0.4138122329737224,,,
1.0,0.0,0.32792429659158323,,,
0.0,0.0,0.44032415472443537,,,
0.0,0.0,0.3966216990738419,,,
1.0,0.0,0.3906489532056042,,,
1.0,1.0,0.6856806824002302,,,
0.0,0.0,0.4135810042444495,,,
1.0,1.0,0.6301996734691853,,,
1.0,1.0,0.7726359858536685,,,
0.0,0.0,0.37775071071595523,,,
0.0,0.0,0.47333099313698984,,,
1.0,1.0,0.5255088882340075,,,
0.0,0.0,0.35615837262191824,,,
1.0,1.0,0.5345777188874814,,,
0.0,0.0,0.46807360438452267,,,
1.0,0.0,0.45344507651258714,,,
0.0,0.0,0.4073961995039192,,,
0.0,0.0,0.4580861111757176,,,
0.0,0.0,0.4805938698516569,,,
1.0,0.0,0.485438668859529,,,
1.0,1.0,0.6954293268148868,,,
0.0,0.0,0.4111259436414463,,,
1.0,0.0,0.39242112473765656,,,
0.0,0.0,0.34852203552843564,,,
1.0,0.0,0.49554921906248495,,,
1.0,1.0,0.6260118161792639,,,
1.0,0.0,0.47204166466336406,,,
1.0,0.0,0.40710968097357425,,,
0.0,0.0,0.37752183066060124,,,
1.0,1.0,0.6048460721680581,,,
1.0,1.0,0.7775302957832171,,,
1.0,1.0,0.6845035705592828,,,
1.0,1.0,0.5289393406994801,,,
0.0,0.0,0.3691316583204196,,,
0.0,0.0,0.4826527863283872,,,
1.0,1.0,0.7688560858506394,,,
0.0,0.0,0.40021078385738224,,,
1.0,0.0,0.48015959439796585,,,
0.0,0.0,0.379717518235898,,,
1.0,1.0,0.5329554032232153,,,
1.0,1.0,0.757042923792182,,,
1.0,1.0,0.5735191612957945,,,
1.0,1.0,0.6114878851484769,,,
1.0,1.0,0.5698045176024565,,,
0.0,0.0,0.44348575365672116,,,
1.0,0.0,0.4701099134354137,,,
1.0,0.0,0.41091326940846956,,,
0.0,0.0,0.3422422363496934,,,
1.0,1.0,0.7006221037603922,,,
0.0,0.0,0.3809749294074851,,,
1.0,1.0,0.5047829672526917,,,
0.0,0.0,0.41880891841836165,,,
0.0,0.0,0.4089925596921609,,,
1.0,0.0,0.3922836218521485,,,
1.0,1.0,0.5273091162108046,,,
1.0,1.0,0.5576824600307209,,,
1.0,1.0,0.55591881812139,,,
0.0,0.0,0.41519954286002503,,,
0.0,0.0,0.42115880541040485,,,
0.0,0.0,0.4217707844299688,,,
1.0,1.0,0.5498433051206971,,,
1.0,0.0,0.49043502580515136,,,
0.0,1.0,0.5036735654312144,,,
0.0,0.0,0.36234438898509275,,,
1.0,1.0,0.7197402207104601,,,
0.0,0.0,0.4176595836155303,,,
1.0,1.0,0.7435335998637868,,,
1.0,0.0,0.3899642525647786,,,
1.0,0.0,0.48649695541705396,,,
0.0,0.0,0.4450968476028042,,,
1.0,1.0,0.6517574220028098,,,
1.0,0.0,0.49017548105923336,,,
0.0,0.0,0.49920858023291137,,,
1.0,0.0,0.47982450233152873,,,
1.0,1.0,0.5622984477490557,,,
1.0,1.0,0.5362197917511281,,,
0.0,0.0,0.42394799106600967,,,
0.0,0.0,0.44483851950183756,,,
0.0,0.0,0.33225734598855433,,,
0.0,1.0,0.6158534592731201,,,
1.0,1.0,0.6199016231433376,,,
1.0,1.0,0.5361115499542681,,,
0.0,0.0,0.3533324291745361,,,
0.0,1.0,0.5502558606042846,,,
0.0,0.0,0.38771278086187283,,,
1.0,1.0,0.5406655878816435,,,
0.0,0.0,0.45735661954183987,,,
1.0,0.0,0.4310251746132104,,,
0.0,0.0,0.45490280272504047,,,
0.0,1.0,0.5124822388600334,,,
1.0,1.0,0.6822753929480435,,,
1.0,1.0,0.5593576192234135,,,
0.0,0.0,0.4713189448771155,,,
1.0,1.0,0.6383273646715719,,,
1.0,0.0,0.4738168919982383,,,
1.0,1.0,0.6437832164402759,,,
0.0,0.0,0.4582234929334741,,,
1.0,1.0,0.5032879643074767,,,
1.0,1.0,0.6256298746410519,,,
1.0,1.0,0.6065600237446296,,,
1.0,1.0,0.5085897977210533,,,
0.0,0.0,0.32566640449493833,,,
0.0,0.0,0.4147941155161686,,,
0.0,0.0,0.2894004623093088,,,
0.0,0.0,0.34375470179513856,,,
1.0,0.0,0.41979838197163605,,,
0.0,0.0,0.34769776192980495,,,
0.0,0.0,0.3843288718382759,,,
1.0,1.0,0.6034166366560044,,,
1.0,1.0,0.5469047138563993,,,
0.0,0.0,0.4525403332556055,,,
0.0,0.0,0.3771166134415174,,,
0.0,0.0,0.38408135087843204,,,
1.0,1.0,0.5439156770982678,,,
0.0,0.0,0.3685182897947527,,,
0.0,0.0,0.4160583942929271,,,
0.0,1.0,0.5387641206978483,,,
0.0,0.0,0.4281301661512054,,,
0.0,1.0,0.5384724656468851,,,
1.0,1.0,0.5149347543179765,,,
1.0,1.0,0.5841117198703549,,,
1.0,1.0,0.8056779974657107,,,
1.0,0.0,0.4113731059816898,,,
0.0,0.0,0.3336828485973482,,,
1.0,1.0,0.6680377943633895,,,
0.0,0.0,0.34239591558182547,,,
1.0,1.0,0.6130777304514109,,,
0.0,0.0,0.4057930140998445,,,
1.0,1.0,0.5405565925070042,,,
0.0,0.0,0.4147178569888708,,,
0.0,0.0,0.36863167504272787,,,
0.0,0.0,0.28477322086497775,,,
1.0,0.0,0.43115789051709236,,,
1.0,0.0,0.39288932360269657,,,
1.0,1.0,0.5196357260846537,,,
1.0,1.0,0.654436759983863,,,
1.0,1.0,0.8168003206239611,,,
0.0,0.0,0.45612369744307796,,,
0.0,0.0,0.38854811889673574,,,
0.0,0.0,0.48332416041936377,,,
0.0,0.0,0.41880891841836165,,,
0.0,0.0,0.3646721712000201,,,
0.0,0.0,0.30656913438230354,,,
0.0,0.0,0.36239089487771137,,,
1.0,1.0,0.5783775138838487,,,
0.0,0.0,0.42776097625725273,,,
1.0,1.0,0.7210320416342564,,,
0.0,0.0,0.41280704594626677,,,
1.0,1.0,0.5046022882511402,,,
1.0,0.0,0.47641369584929194,,,
1.0,0.0,0.44746624059104306,,,
0.0,0.0,0.40081883172174215,,,
1.0,0.0,0.4257424867768698,,,
1.0,0.0,0.4419940611979082,,,
0.0,0.0,0.4205845178640099,,,
1.0,1.0,0.6445462899331422,,,
1.0,1.0,0.5965424974340682,,,
1.0,0.0,0.39598725148719105,,,
0.0,0.0,0.293720525606633,,,
0.0,0.0,0.37278190303458825,,,
0.0,0.0,0.44250167437974297,,,
1.0,0.0,0.4943547422787269,,,
0.0,0.0,0.45397764658155687,,,
1.0,1.0,0.6313750728573252,,,
1.0,0.0,0.43712103302914407,,,
0.0,0.0,0.4609029584125425,,,
0.0,0.0,0.4758916917494653,,,
0.0,0.0,0.4344190681765363,,,
1.0,1.0,0.7306123591410463,,,
1.0,0.0,0.4299719828084764,,,
1.0,1.0,0.6634274882015092,,,
0.0,0.0,0.40084008133493715,,,
0.0,0.0,0.40448603643324166,,,
0.0,0.0,0.3835990228929348,,,
1.0,0.0,0.3644475953826745,,,
0.0,0.0,0.393991327802462,,,
0.0,0.0,0.4004976212393359,,,
0.0,1.0,0.5134820972774338,,,
1.0,1.0,0.700960646031849,,,
0.0,0.0,0.3984961600046276,,,
1.0,1.0,0.6140547767708089,,,
0.0,0.0,0.4070503471825942,,,
1.0,1.0,0.7798427448442078,,,
0.0,1.0,0.503739650271895,,,
1.0,1.0,0.5031765930686862,,,
0.0,0.0,0.3430050186265511,,,
1.0,1.0,0.621695731953224,,,
0.0,1.0,0.5111495612038736,,,
1.0,0.0,0.42893745759272983,,,
0.0,0.0,0.33222635573637294,,,
0.0,1.0,0.5219026264577633,,,
1.0,1.0,0.7109124095921142,,,
0.0,0.0,0.47764879642790997,,,
0.0,0.0,0.43355474245262,,,
0.0,0.0,0.4135045332034144,,,
0.0,0.0,0.39507853529761644,,,
1.0,1.0,0.5314408321228049,,,
1.0,0.0,0.369589564515281,,,
0.0,0.0,0.48150137360206907,,,
1.0,1.0,0.5117084973138082,,,
0.0,0.0,0.3740267713152509,,,
1.0,1.0,0.6068708735001471,,,
1.0,0.0,0.40727058735204275,,,
0.0,0.0,0.3548351174076418,,,
1.0,0.0,0.48538925850116277,,,
0.0,0.0,0.33587861445364414,,,
1.0,1.0,0.7316752466595507,,,
0.0,0.0,0.2871688915520542,,,
0.0,0.0,0.3596283347267372,,,
1.0,1.0,0.7997329455696535,,,
1.0,1.0,0.5468186054987113,,,
1.0,1.0,0.5431849541948865,,,
1.0,0.0,0.44035497703580356,,,
1.0,0.0,0.4089932547873502,,,
1.0,1.0,0.501270546555822,,,
0.0,1.0,0.5587881575184355,,,
0.0,1.0,0.506153792362021,,,
0.0,0.0,0.40052073888695094,,,
1.0,0.0,0.43879631554419335,,,
1.0,0.0,0.39309507531419524,,,
1.0,1.0,0.7916952142603735,,,
0.0,0.0,0.3667037447247583,,,
1.0,0.0,0.4409962526978262,,,
1.0,0.0,0.36515525922393566,,,
0.0,0.0,0.4267897455921883,,,
0.0,0.0,0.25286030765001105,,,
1.0,1.0,0.7553834750456796,,,
0.0,0.0,0.4647987747966346,,,
0.0,0.0,0.42801055092090556,,,
1.0,0.0,0.423008967642846,,,
0.0,1.0,0.5131092920927405,,,
0.0,0.0,0.44250167437974297,,,
0.0,0.0,0.3817117599330763,,,
0.0,0.0,0.40374476496271944,,,
1.0,1.0,0.6825011089174235,,,
1.0,1.0,0.6403957322742914,,,
0.0,0.0,0.381654916153828,,,
1.0,1.0,0.5013901005772117,,,
0.0,0.0,0.41937515636389683,,,
0.0,0.0,0.38368081477178717,,,
0.0,0.0,0.41043895040300565,,,
0.0,0.0,0.3744795533510186,,,
0.0,0.0,0.37128723591417484,,,
0.0,0.0,0.3649537292456798,,,
1.0,1.0,0.7357084302885419,,,
1.0,1.0,0.5036268797195481,,,
0.0,0.0,0.4815946423406432,,,
1.0,1.0,0.5817857212998284,,,
1.0,1.0,0.6995398326081851,,,
1.0,1.0,0.5473701887093549,,,
1.0,0.0,0.441870814157464,,,
0.0,0.0,0.32202997016399315,,,
0.0,0.0,0.3122308865762031,,,
0.0,0.0,0.3978776068609275,,,
0.0,0.0,0.4115450678222978,,,
0.0,0.0,0.49327495357182316,,,
0.0,0.0,0.48960679528078344,,,
1.0,1.0,0.6256453455945659,,,
0.0,0.0,0.46745434073359104,,,
0.0,0.0,0.4253697416353832,,,
0.0,0.0,0.40772728284121407,,,
0.0,0.0,0.3471652876113414,,,
0.0,1.0,0.5124455256508422,,,
1.0,1.0,0.677991102455153,,,
1.0,0.0,0.40000193096319403,,,
1.0,1.0,0.5612093138930665,,,
0.0,0.0,0.38702892040447406,,,
1.0,1.0,0.5625610898013141,,,
1.0,1.0,0.8070219422002407,,,
0.0,1.0,0.5621111929079559,,,
0.0,0.0,0.4257221653992841,,,
0.0,0.0,0.3909410590384598,,,
0.0,0.0,0.406897914383328,,,
1.0,0.0,0.45048645275361365,,,
0.0,1.0,0.5165060202287799,,,
1.0,0.0,0.33901391564820893,,,
0.0,0.0,0.38661557172383876,,,
1.0,1.0,0.8175997202847005,,,
1.0,1.0,0.5679084170718472,,,
1.0,0.0,0.44001140826965546,,,
1.0,1.0,0.5251569715003688,,,
0.0,0.0,0.4019446183103245,,,
1.0,1.0,0.603187275241384,,,
1.0,1.0,0.5316437575632302,,,
0.0,0.0,0.3826622031881419,,,
1.0,1.0,0.6081402132748506,,,
1.0,1.0,0.5023617795759439,,,
0.0,0.0,0.42661854827119894,,,
1.0,0.0,0.3987863738502168,,,
0.0,0.0,0.3679859602641975,,,
0.0,0.0,0.32817789772753125,,,
0.0,0.0,0.4708394066898047,,,
0.0,0.0,0.3473560763451842,,,
0.0,0.0,0.4642697467485863,,,
1.0,0.0,0.3993925687693651,,,
0.0,0.0,0.30982149644503165,,,
1.0,0.0,0.4995813266397139,,,
1.0,1.0,0.525191909000232,,,
0.0,0.0,0.43637929775348755,,,
0.0,0.0,0.40164112936659324,,,
0.0,0.0,0.35335185836218264,,,
0.0,0.0,0.38356767102950867,,,
0.0,0.0,0.42132214079730385,,,
0.0,1.0,0.5326466267483275,,,
0.0,0.0,0.4166506583541077,,,
1.0,0.0,0.3680162896213194,,,
1.0,0.0,0.4313972843367485,,,
0.0,0.0,0.4207461050182061,,,
1.0,1.0,0.601062437872689,,,
0.0,0.0,0.32588526429275677,,,
0.0,0.0,0.40097343238262606,,,
1.0,1.0,0.647443618350211,,,
0.0,0.0,0.3478579134115602,,,
0.0,0.0,0.4240601846741573,,,
1.0,0.0,0.4652500768588601,,,
1.0,0.0,0.49160101871831036,,,
0.0,0.0,0.4383252274275955,,,
0.0,1.0,0.5924669039831507,,,
0.0,0.0,0.46959877900192326,,,
0.0,0.0,0.46988716047740164,,,
0.0,0.0,0.3239240473092401,,,
0.0,0.0,0.35424324320143025,,,
1.0,1.0,0.5161287569688481,,,
1.0,0.0,0.4674991012210334,,,
1.0,1.0,0.7393142736563091,,,
1.0,1.0,0.6116950607368511,,,
0.0,0.0,0.3167749354166191,,,
0.0,0.0,0.42185725988836836,,,
1.0,0.0,0.44243302988139105,,,
1.0,1.0,0.6757979317782403,,,
1.0,1.0,0.5047539737900494,,,
0.0,0.0,0.3621097391957795,,,
1.0,0.0,0.3969025051898536,,,
1.0,0.0,0.4872386933844712,,,
0.0,0.0,0.4218129675404205,,,
0.0,0.0,0.43464833050222373,,,
0.0,0.0,0.4424110836206566,,,
0.0,0.0,0.32776091260152523,,,
0.0,1.0,0.6581628371560285,,,
1.0,0.0,0.4634725515300882,,,
1.0,1.0,0.5274803204135944,,,
0.0,0.0,0.32013205130612266,,,
0.0,0.0,0.307133223058898,,,
0.0,0.0,0.33928133420461654,,,
0.0,1.0,0.5051052204464711,,,
1.0,1.0,0.6197128369295909,,,
0.0,0.0,0.4016924091525016,,,
0.0,0.0,0.4804580275619243,,,
1.0,0.0,0.4172727129843951,,,
1.0,1.0,0.5286836428739291,,,
0.0,0.0,0.403663337630154,,,
1.0,1.0,0.6125690050795655,,,
1.0,1.0,0.5434313969855834,,,
1.0,0.0,0.4769377836265711,,,
0.0,0.0,0.432048985039054,,,
0.0,0.0,0.4725485583484327,,,
1.0,1.0,0.6838611196412668,,,
1.0,1.0,0.5415776341887322,,,
1.0,0.0,0.4851669702404792,,,
0.0,1.0,0.5293629964418128,,,
1.0,0.0,0.48788991739028426,,,
1.0,1.0,0.6290605789638215,,,
0.0,0.0,0.43605091254502665,,,
0.0,0.0,0.44207274887630055,,,
1.0,0.0,0.4910712025294263,,,
0.0,0.0,0.35420990082122816,,,
0.0,0.0,0.3938984225654224,,,
1.0,1.0,0.5343077418547943,,,
1.0,0.0,0.4660832438794062,,,
1.0,1.0,0.5693215401685358,,,
1.0,1.0,0.6682860679055744,,,
0.0,0.0,0.39940417274193224,,,
0.0,0.0,0.47737235999850114,,,
1.0,0.0,0.4198371013847994,,,
0.0,0.0,0.41843591668026026,,,
0.0,0.0,0.3066335428635598,,,
0.0,0.0,0.4482574799453706,,,
1.0,1.0,0.5752573357523431,,,
0.0,0.0,0.32165704753375174,,,
0.0,0.0,0.4088424004360643,,,
0.0,0.0,0.4482797151650167,,,
1.0,1.0,0.6599714352315658,,,
1.0,0.0,0.42107911632825307,,,
1.0,1.0,0.5208173009240352,,,
1.0,0.0,0.45233565221326627,,,
1.0,1.0,0.5906895136861327,,,
0.0,0.0,0.4613107967519067,,,
0.0,0.0,0.3617052807812769,,,
1.0,0.0,0.40623259367670495,,,
1.0,1.0,0.6388808670500394,,,
0.0,0.0,0.4060588420025253,,,
1.0,1.0,0.6480045512403119,,,
0.0,0.0,0.3733826706930657,,,
1.0,1.0,0.6193325702354476,,,
1.0,0.0,0.42186053844670823,,,
0.0,0.0,0.44101259727926173,,,
1.0,0.0,0.42011715973626035,,,
1.0,1.0,0.7592380841822074,,,
0.0,0.0,0.3973872978862119,,,
0.0,0.0,0.46808681640323385,,,
0.0,0.0,0.36657890217488787,,,
1.0,0.0,0.4797004708957685,,,
1.0,0.0,0.41073773275157194,,,
1.0,1.0,0.5401447926129641,,,
0.0,0.0,0.2776529862837452,,,
1.0,1.0,0.5090186563669659,,,
0.0,1.0,0.5329470324574866,,,
0.0,0.0,0.33550399131689795,,,
1.0,0.0,0.41332934713828823,,,
0.0,0.0,0.456194322031832,,,
0.0,0.0,0.36940779831240217,,,
1.0,0.0,0.4637529332717234,,,
1.0,1.0,0.6335934276270215,,,
0.0,0.0,0.30316352247332295,,,
0.0,0.0,0.3302606646699801,,,
0.0,0.0,0.3344309570423377,,,
1.0,1.0,0.5375015288168001,,,
0.0,0.0,0.44050040388841716,,,
0.0,0.0,0.4225403450342965,,,
0.0,0.0,0.4147674624581168,,,
0.0,0.0,0.33838973135759126,,,
0.0,0.0,0.340094449557367,,,
0.0,0.0,0.34137136098144844,,,
1.0,1.0,0.5870276229526041,,,
1.0,0.0,0.499425287998642,,,
0.0,0.0,0.39762607692824536,,,
1.0,0.0,0.41933627299777726,,,
1.0,0.0,0.48599731384098144,,,
0.0,0.0,0.3635694525099606,,,
1.0,1.0,0.5577627185566254,,,
1.0,1.0,0.7177307179860121,,,
1.0,1.0,0.631412394352074,,,
0.0,1.0,0.6238528609510102,,,
0.0,0.0,0.42233183061694163,,,
0.0,0.0,0.36787804287359027,,,
1.0,0.0,0.32576527088222873,,,
0.0,0.0,0.35767782768467576,,,
0.0,0.0,0.3289185988475421,,,
1.0,1.0,0.6739227320388549,,,
0.0,0.0,0.40129198106791986,,,
1.0,0.0,0.4325181844808975,,,
0.0,0.0,0.45311176636187195,,,
1.0,0.0,0.45804511434699174,,,
0.0,0.0,0.34461877265480445,,,
1.0,1.0,0.543097501972438,,,
1.0,1.0,0.5285300517726179,,,
1.0,0.0,0.42505356276148576,,,
0.0,0.0,0.44169273381606594,,,
0.0,0.0,0.3785860654222309,,,
0.0,0.0,0.3224741018287937,,,
1.0,1.0,0.5830454607505351,,,
1.0,1.0,0.6100761338808585,,,
1.0,0.0,0.3830078762749261,,,
1.0,1.0,0.697710690649558,,,
1.0,1.0,0.7538473927910117,,,
1.0,0.0,0.4408932364179387,,,
1.0,1.0,0.5631264484535767,,,
1.0,1.0,0.7227214951124343,,,
1.0,1.0,0.6036296542768131,,,
1.0,1.0,0.5893156909659294,,,
0.0,0.0,0.48486581139616197,,,
1.0,0.0,0.4050139805025144,,,
0.0,1.0,0.5535171900172348,,,
1.0,1.0,0.7261795147093082,,,
0.0,1.0,0.5126618703271828,,,
1.0,0.0,0.4273889124723729,,,
0.0,1.0,0.5295748330590542,,,
1.0,1.0,0.5447601060255585,,,
1.0,0.0,0.4902817800068611,,,
0.0,0.0,0.35951506242868597,,,
1.0,0.0,0.4898076170950427,,,
1.0,0.0,0.4894723699062678,,,
1.0,1.0,0.823463199490821,,,
0.0,1.0,0.5133995039056036,,,
1.0,1.0,0.6318657279413821,,,
1.0,0.0,0.4128464401281429,,,
1.0,1.0,0.6663964163630579,,,
0.0,0.0,0.4315892762259379,,,
1.0,1.0,0.6308496933354123,,,
1.0,0.0,0.46714062870304646,,,
1.0,0.0,0.48398585798234367,,,
0.0,0.0,0.3879198082238855,,,
0.0,0.0,0.4915396216014166,,,
1.0,1.0,0.5088013584535029,,,
0.0,0.0,0.4277399718160301,,,
0.0,0.0,0.4677692597431102,,,
1.0,1.0,0.66988562968573,,,
0.0,0.0,0.31750204914835134,,,
1.0,1.0,0.5417129000356493,,,
1.0,1.0,0.7390661774725911,,,
1.0,0.0,0.47500998879377676,,,
1.0,1.0,0.6722127665498756,,,
1.0,0.0,0.4281696836637103,,,
1.0,1.0,0.6328885127218471,,,
1.0,0.0,0.4708407863862078,,,
0.0,0.0,0.43159799840136626,,,
0.0,0.0,0.3489552919218075,,,
1.0,1.0,0.5231077598124059,,,
1.0,1.0,0.5271666843190138,,,
0.0,0.0,0.3350783603016467,,,
0.0,0.0,0.35375705296067744,,,
1.0,1.0,0.5033503566745055,,,
1.0,1.0,0.5343236905323505,,,
1.0,0.0,0.4594324334157678,,,
1.0,1.0,0.5314408522536301,,,
1.0,0.0,0.40420439119307117,,,
1.0,1.0,0.7380491177254688,,,
0.0,0.0,0.4314363453328397,,,
1.0,1.0,0.7392777179193016,,,
0.0,0.0,0.3099153481083257,,,
1.0,1.0,0.7306626064265899,,,
1.0,1.0,0.5413582074984727,,,
0.0,0.0,0.34781992314650434,,,
0.0,1.0,0.5603008618858021,,,
0.0,0.0,0.322541796277727,,,
1.0,0.0,0.4609781242114259,,,
0.0,0.0,0.4658365691809032,,,
0.0,0.0,0.4835381368225225,,,
0.0,0.0,0.3996553840560718,,,
0.0,0.0,0.4567992800706288,,,
0.0,0.0,0.4815656830691721,,,
1.0,0.0,0.4711697398824659,,,
1.0,0.0,0.46423042171347195,,,
1.0,1.0,0.5212655608122798,,,
1.0,0.0,0.48787906843033524,,,
1.0,0.0,0.47500998879377676,,,
0.0,0.0,0.4557713882625205,,,
0.0,0.0,0.412685189979981,,,
0.0,0.0,0.3890018500770251,,,
1.0,1.0,0.6836606099114733,,,
0.0,0.0,0.4330315567594389,,,
0.0,0.0,0.415115122059365,,,
0.0,0.0,0.36413090517343194,,,
0.0,0.0,0.39377437057009895,,,
1.0,0.0,0.49547558800835806,,,
1.0,1.0,0.5509991021700403,,,
1.0,1.0,0.5501394335386092,,,
0.0,0.0,0.33309266494232936,,,
1.0,1.0,0.5055408623671134,,,
1.0,1.0,0.5419745498883282,,,
1.0,0.0,0.47653702686183114,,,
0.0,0.0,0.3458886972135523,,,
0.0,0.0,0.3064532779489237,,,
1.0,1.0,0.6133487856673312,,,
1.0,0.0,0.43076734974528347,,,
0.0,0.0,0.43162730724067494,,,
1.0,1.0,0.507325995737038,,,
0.0,0.0,0.3910939773372083,,,
0.0,1.0,0.5329510055635569,,,
0.0,0.0,0.46279761557700155,,,
0.0,0.0,0.38167337518253436,,,
0.0,0.0,0.3487502908477675,,,
1.0,1.0,0.5521674294759317,,,
1.0,1.0,0.5876501936701365,,,
1.0,1.0,0.6119166850067699,,,
1.0,1.0,0.5165856065454254,,,
1.0,0.0,0.48174291400853775,,,
0.0,0.0,0.404138239269619,,,
1.0,1.0,0.6389568128522889,,,
1.0,1.0,0.5247444767911551,,,
1.0,1.0,0.5159242798587482,,,
1.0,0.0,0.4775096676506072,,,
1.0,1.0,0.5567504658279889,,,
1.0,1.0,0.6151978094830253,,,
0.0,0.0,0.46485655037834966,,,
1.0,1.0,0.7034196492236203,,,
0.0,0.0,0.3980811164237506,,,
0.0,0.0,0.40312819295669156,,,
1.0,0.0,0.4798636275703135,,,
1.0,1.0,0.6503030509494412,,,
1.0,1.0,0.6316279994934103,,,
0.0,0.0,0.305281863421301,,,
1.0,1.0,0.578873251625963,,,
0.0,0.0,0.4445758465552299,,,
1.0,0.0,0.4135206053537399,,,
1.0,1.0,0.5707521272628286,,,
0.0,0.0,0.48100993930071956,,,
0.0,0.0,0.35650106074662796,,,
1.0,1.0,0.549027703367495,,,
1.0,0.0,0.43309543960048685,,,
0.0,0.0,0.4159386822760683,,,
0.0,0.0,0.3953126876589184,,,
0.0,0.0,0.4019871087432103,,,
0.0,0.0,0.33218996986114097,,,
0.0,1.0,0.52556749114557,,,
0.0,0.0,0.3929627396936581,,,
0.0,1.0,0.5423385236694774,,,
0.0,0.0,0.3429852478347977,,,
0.0,0.0,0.4151926376942543,,,
1.0,0.0,0.4549423934820355,,,
1.0,0.0,0.4965687902483307,,,
0.0,0.0,0.359782759968476,,,
1.0,1.0,0.5292455909852313,,,
1.0,0.0,0.4967333713541367,,,
1.0,1.0,0.5680230837726191,,,
1.0,0.0,0.4405553685717567,,,
1.0,0.0,0.48858447006749617,,,
0.0,0.0,0.3762755681191709,,,
0.0,0.0,0.41682113588785463,,,
0.0,0.0,0.25449766221280223,,,
1.0,0.0,0.4349746865598577,,,
1.0,1.0,0.5228333547900352,,,
0.0,1.0,0.5344194590883493,,,
0.0,0.0,0.3964002185140812,,,
1.0,1.0,0.5047186697798905,,,
0.0,1.0,0.5481448364111569,,,
0.0,0.0,0.4348998242428769,,,
0.0,0.0,0.4760821716233257,,,
1.0,1.0,0.5233527112767681,,,
0.0,0.0,0.4644711225504961,,,
0.0,1.0,0.5023468304382048,,,
0.0,0.0,0.38732381721766757,,,
0.0,0.0,0.3649673308230251,,,
1.0,1.0,0.5458239148183015,,,
0.0,1.0,0.5642840799255142,,,
1.0,1.0,0.6554277329759537,,,
1.0,0.0,0.3955629525299842,,,
0.0,0.0,0.2883064075169763,,,
1.0,1.0,0.5315143589687167,,,
0.0,0.0,0.489255197515435,,,
0.0,0.0,0.4121210745824515,,,
1.0,0.0,0.39186836336610004,,,
0.0,0.0,0.33007670416839446,,,
1.0,0.0,0.497193570542208,,,
0.0,0.0,0.36826404543750635,,,
1.0,0.0,0.40476997227319966,,,
1.0,1.0,0.5001603963144403,,,
0.0,0.0,0.4069389857105748,,,
0.0,0.0,0.41249537651647206,,,
0.0,0.0,0.21941495597356267,,,
0.0,0.0,0.3749522765748958,,,
0.0,0.0,0.37254487655615554,,,
0.0,0.0,0.38589194539286126,,,
1.0,1.0,0.5739548375607582,,,
0.0,0.0,0.4196227145702508,,,
1.0,1.0,0.5209483773739125,,,
0.0,0.0,0.4196735629543324,,,
1.0,1.0,0.7293461287520681,,,
1.0,1.0,0.5190905802887483,,,
1.0,0.0,0.39585957309472786,,,
0.0,0.0,0.3775786147834853,,,
1.0,1.0,0.7735495716835727,,,
0.0,0.0,0.2992816459803172,,,
1.0,1.0,0.6167951839501439,,,
0.0,0.0,0.40107950298139006,,,
0.0,0.0,0.3152962729101802,,,
0.0,0.0,0.4164245877274083,,,
1.0,0.0,0.4805304255070281,,,
1.0,1.0,0.6567329168307192,,,
1.0,1.0,0.5585631053289278,,,
1.0,1.0,0.6053662079960366,,,
0.0,0.0,0.4372093580426099,,,
0.0,0.0,0.46113205759749915,,,
0.0,0.0,0.3984491739643615,,,
1.0,0.0,0.41663425281617494,,,
1.0,1.0,0.8003341283208373,,,
1.0,1.0,0.5934459519405717,,,
1.0,0.0,0.3991484584231235,,,
1.0,0.0,0.4168351784250088,,,
0.0,0.0,0.437224245818684,,,
0.0,0.0,0.3681375976852692,,,
0.0,0.0,0.3586717259146386,,,
0.0,0.0,0.3565330441971321,,,
1.0,1.0,0.6422348035316646,,,
1.0,1.0,0.766533272860278,,,
1.0,0.0,0.38091561870693535,,,
0.0,0.0,0.47396621884850276,,,
0.0,0.0,0.40293078093892476,,,
1.0,0.0,0.415210875381148,,,
1.0,1.0,0.5120448778863426,,,
1.0,1.0,0.5497058559520421,,,
1.0,0.0,0.42220851147410704,,,
0.0,0.0,0.4021442534880118,,,
0.0,0.0,0.39669881759757575,,,
0.0,0.0,0.2692479788231703,,,
0.0,0.0,0.3701159677829121,,,
0.0,0.0,0.3146088504328152,,,
0.0,0.0,0.3390018467931273,,,
0.0,0.0,0.34893779045677176,,,
0.0,0.0,0.4285678921588381,,,
1.0,1.0,0.6749147072673046,,,
1.0,1.0,0.5124434043785719,,,
0.0,0.0,0.3697798366584035,,,
1.0,1.0,0.6111909903504723,,,
1.0,1.0,0.7359365328516787,,,
0.0,0.0,0.36357173144848126,,,
1.0,1.0,0.5358666454357771,,,
0.0,0.0,0.4756088432402856,,,
1.0,1.0,0.6913277102394222,,,
0.0,0.0,0.37918755802074117,,,
0.0,0.0,0.48666135954805045,,,
1.0,0.0,0.455997335110238,,,
1.0,1.0,0.5739371138439898,,,
0.0,0.0,0.37918755802074117,,,
0.0,0.0,0.38016587700201065,,,
1.0,1.0,0.5898031808273774,,,
0.0,0.0,0.386583596754201,,,
0.0,0.0,0.31763129380968474,,,
0.0,1.0,0.5811453541343563,,,
0.0,1.0,0.5379767225558812,,,
0.0,0.0,0.37702131023950075,,,
0.0,0.0,0.49411732919930057,,,
0.0,0.0,0.4746958655447599,,,
1.0,1.0,0.6536204818735246,,,
1.0,0.0,0.4368746210938451,,,
0.0,1.0,0.662867319354867,,,
0.0,0.0,0.32282602434000235,,,
0.0,0.0,0.46150980835471117,,,
0.0,0.0,0.3889158523397806,,,
0.0,0.0,0.475742084056965,,,
1.0,0.0,0.4451400735493751,,,
0.0,0.0,0.38061595089618666,,,
0.0,0.0,0.45160452265163764,,,
1.0,0.0,0.4601013680731052,,,
0.0,0.0,0.3294779214512153,,,
0.0,0.0,0.4656157943813398,,,
1.0,0.0,0.4760475172575529,,,
0.0,0.0,0.4220977527360574,,,
1.0,1.0,0.6969144902284005,,,
0.0,0.0,0.3848239571186462,,,
0.0,0.0,0.419194896838207,,,
1.0,1.0,0.5628392349646614,,,
1.0,1.0,0.6901236641900819,,,
1.0,1.0,0.7989239361630511,,,
1.0,0.0,0.4673861870085477,,,
1.0,0.0,0.41996811898029307,,,
1.0,0.0,0.39502504914537895,,,
1.0,1.0,0.7289055260044954,,,
1.0,1.0,0.5641166202709649,,,
1.0,0.0,0.466438192960222,,,
1.0,0.0,0.39700981529260465,,,
0.0,0.0,0.4104820055762011,,,
0.0,0.0,0.30974204753344065,,,
0.0,0.0,0.4096048512792125,,,
0.0,1.0,0.5541392115177709,,,
0.0,0.0,0.39563273482460093,,,
1.0,0.0,0.3793793058485479,,,
1.0,0.0,0.48314253172708016,,,
0.0,0.0,0.3361615142187307,,,
0.0,0.0,0.47200754670894585,,,
0.0,0.0,0.39537852175314153,,,
1.0,1.0,0.5280450712023234,,,
0.0,1.0,0.5090564761421361,,,
1.0,0.0,0.38262000098873356,,,
0.0,0.0,0.43404154137959805,,,
1.0,1.0,0.6179130308241494,,,
1.0,1.0,0.7041414864015761,,,
0.0,0.0,0.3094203574302815,,,
0.0,0.0,0.4200869100866809,,,
0.0,0.0,0.4508370120086634,,,
0.0,0.0,0.3790385054412612,,,
0.0,0.0,0.31323561801924654,,,
1.0,1.0,0.5533114579990857,,,
1.0,1.0,0.7989041148991263,,,
1.0,1.0,0.5522142372271872,,,
0.0,0.0,0.3726031872173567,,,
0.0,0.0,0.3179105779716851,,,
0.0,0.0,0.3273467035007733,,,
0.0,0.0,0.3267315886277444,,,
1.0,1.0,0.6279125396506093,,,
0.0,0.0,0.27977367501623196,,,
0.0,0.0,0.36370943242525094,,,
1.0,1.0,0.6175810098560821,,,
1.0,1.0,0.6202048411342196,,,
0.0,0.0,0.4081986895917185,,,
0.0,0.0,0.45505941315256104,,,
1.0,1.0,0.5348798243461657,,,
1.0,0.0,0.4840391917477347,,,
0.0,0.0,0.3127010558161645,,,
1.0,0.0,0.4929464466696102,,,
0.0,0.0,0.3260478296420546,,,
0.0,0.0,0.46292814669291976,,,
0.0,0.0,0.379586098275294,,,
1.0,1.0,0.5451844998772377,,,
0.0,0.0,0.3836536144217183,,,
0.0,0.0,0.49666449171481153,,,
1.0,1.0,0.549625355596584,,,
0.0,0.0,0.41194046822650215,,,
0.0,1.0,0.5504485749197757,,,
0.0,0.0,0.410720169934233,,,
0.0,1.0,0.5773144014056935,,,
1.0,1.0,0.5441148964490258,,,
1.0,1.0,0.6147393029873979,,,
1.0,1.0,0.5771384383582362,,,
0.0,0.0,0.44742397520900173,,,
1.0,1.0,0.5264469840753236,,,
0.0,0.0,0.33345040638927675,,,
1.0,1.0,0.5206074904166462,,,
1.0,0.0,0.46680835637352336,,,
0.0,0.0,0.36156438918294626,,,
1.0,0.0,0.40799775965907736,,,
1.0,1.0,0.5586096863008332,,,
0.0,0.0,0.4691070761849915,,,
1.0,0.0,0.48645667759952055,,,
0.0,0.0,0.43366934408866453,,,
1.0,0.0,0.4841907599129659,,,
1.0,1.0,0.6412812808098824,,,
1.0,1.0,0.6503030509494412,,,
1.0,1.0,0.6479531919334516,,,
0.0,0.0,0.4474954454389048,,,
1.0,1.0,0.5924001258940271,,,
1.0,1.0,0.6405849512086184,,,
0.0,0.0,0.4363524027882693,,,
1.0,1.0,0.5334721893921288,,,
1.0,1.0,0.6685945914173504,,,
1.0,1.0,0.6612949306586583,,,
1.0,0.0,0.36512331585521546,,,
1.0,1.0,0.7466360050786187,,,
0.0,0.0,0.4386637317224335,,,
1.0,1.0,0.5068431402765212,,,
1.0,1.0,0.5681599135637252,,,
0.0,0.0,0.3783286431600648,,,
1.0,0.0,0.4842100944382855,,,
1.0,1.0,0.5388154089894442,,,
0.0,0.0,0.31207414369218467,,,
0.0,0.0,0.4305613155707943,,,
1.0,0.0,0.4204630563616532,,,
1.0,0.0,0.47520765541556587,,,
1.0,1.0,0.6261344440704997,,,
1.0,1.0,0.663657936163474,,,
0.0,0.0,0.4507783706469937,,,
1.0,1.0,0.581074001921319,,,
0.0,0.0,0.3871303461886912,,,
1.0,1.0,0.6633410950657266,,,
1.0,1.0,0.623716229966903,,,
1.0,1.0,0.6272173588765332,,,
1.0,0.0,0.37835266879193136,,,
0.0,0.0,0.33175768338007006,,,
1.0,1.0,0.6192299695240167,,,
0.0,0.0,0.47772261939262256,,,
0.0,0.0,0.41042641107978844,,,
0.0,1.0,0.5048198802949511,,,
1.0,0.0,0.471614412427246,,,
1.0,1.0,0.6557433815863641,,,
1.0,0.0,0.41366065797030266,,,
0.0,0.0,0.42527286915695584,,,
0.0,0.0,0.4750786971534817,,,
1.0,0.0,0.48851401091779323,,,
0.0,0.0,0.4490200047166768,,,
0.0,0.0,0.3298516351951576,,,
1.0,0.0,0.4475224376259258,,,
1.0,0.0,0.4724734699250978,,,
0.0,0.0,0.4452533601915842,,,
0.0,0.0,0.4710724504192988,,,
1.0,0.0,0.3741169754622405,,,
1.0,1.0,0.6700009897349862,,,
1.0,1.0,0.5324824069724766,,,
1.0,1.0,0.6263267735131276,,,
0.0,0.0,0.4788153170400913,,,
1.0,1.0,0.7996368388239481,,,
0.0,0.0,0.4404374398331998,,,
0.0,0.0,0.46129880400273116,,,
1.0,1.0,0.793449150640196,,,
1.0,0.0,0.44057830290997074,,,
1.0,1.0,0.5423991214583113,,,
1.0,0.0,0.4591265970866348,,,
0.0,0.0,0.3422151552703538,,,
1.0,1.0,0.5419957529088681,,,
1.0,1.0,0.503879536640367,,,
1.0,0.0,0.47302801732204136,,,
0.0,0.0,0.29473377997914646,,,
0.0,0.0,0.4081391499242564,,,
1.0,1.0,0.6637817858546285,,,
1.0,1.0,0.6059761731159241,,,
0.0,0.0,0.4119083705331811,,,
0.0,0.0,0.3509332501371043,,,
1.0,1.0,0.6716143393736034,,,
1.0,0.0,0.3335697162495125,,,
1.0,0.0,0.4309775999863962,,,
0.0,0.0,0.3608328672637315,,,
0.0,0.0,0.4397264908666287,,,
1.0,0.0,0.37287204598640056,,,
0.0,0.0,0.3941967807472695,,,
0.0,0.0,0.4594394844212121,,,
1.0,1.0,0.6022875474189812,,,
1.0,1.0,0.5953062040291894,,,
1.0,0.0,0.4344310703266126,,,
1.0,0.0,0.4355038426583979,,,
1.0,1.0,0.5109351696087404,,,
0.0,0.0,0.43744657320567754,,,
0.0,0.0,0.4679943149083687,,,
0.0,0.0,0.45858498050632657,,,
0.0,1.0,0.5372809255487618,,,
0.0,0.0,0.41603397124539976,,,
0.0,0.0,0.4584023220531467,,,
0.0,0.0,0.3725904351022709,,,
0.0,1.0,0.5210871818276567,,,
1.0,0.0,0.44687160507460405,,,
0.0,0.0,0.4790235765842464,,,
0.0,0.0,0.3102852398860417,,,
0.0,0.0,0.42422457688940457,,,
1.0,1.0,0.6632733255661263,,,
1.0,0.0,0.41970831208540005,,,
0.0,1.0,0.509371830687582,,,
0.0,0.0,0.39630612286621636,,,
0.0,0.0,0.3875388399551376,,,
0.0,0.0,0.43527037320132345,,,
0.0,0.0,0.39408117289359956,,,
1.0,0.0,0.4870885357781865,,,
0.0,0.0,0.38031262725443565,,,
0.0,0.0,0.3925310196246315,,,
0.0,0.0,0.4312137799652803,,,
1.0,1.0,0.5670969793408757,,,
1.0,1.0,0.5049123063235897,,,
0.0,0.0,0.407033079145572,,,
0.0,0.0,0.3402627213680072,,,
1.0,1.0,0.5117967002430509,,,
0.0,0.0,0.4481269985957849,,,
0.0,0.0,0.45105795343019994,,,
1.0,1.0,0.5127615157550852,,,
0.0,0.0,0.3833491115705152,,,
1.0,0.0,0.4455433005535733,,,
0.0,0.0,0.4952732355226442,,,
1.0,1.0,0.5218018693213277,,,
0.0,0.0,0.36616270407338625,,,
0.0,0.0,0.3773114844482352,,,
0.0,0.0,0.38195829255706276,,,
0.0,0.0,0.36169783317228466,,,
1.0,1.0,0.5190175526715073,,,
1.0,0.0,0.4126400424046539,,,
0.0,0.0,0.40462513313983434,,,
0.0,0.0,0.3166994061029319,,,
0.0,0.0,0.4573266226567583,,,
0.0,0.0,0.3091136055687559,,,
1.0,1.0,0.5698164244954004,,,
0.0,0.0,0.3871773708631727,,,
1.0,0.0,0.47437985412612044,,,
1.0,1.0,0.551962837796958,,,
0.0,0.0,0.2692479788231703,,,
1.0,0.0,0.40320626511506996,,,
1.0,1.0,0.6259780492245155,,,
1.0,1.0,0.6031751647719837,,,
0.0,0.0,0.4466838332180711,,,
1.0,0.0,0.4226166798806196,,,
0.0,0.0,0.44227066415435706,,,
0.0,0.0,0.420874426797764,,,
1.0,0.0,0.462945133739269,,,
0.0,0.0,0.42724255133943095,,,
1.0,1.0,0.5562303159841756,,,
1.0,1.0,0.5607033133698098,,,
0.0,0.0,0.447667605317593,,,
0.0,0.0,0.3893940606434881,,,
1.0,1.0,0.7818951825715056,,,
0.0,0.0,0.46083386389564035,,,
0.0,1.0,0.6404308233194245,,,
1.0,1.0,0.5298247790497045,,,
0.0,0.0,0.38326924109657434,,,
0.0,0.0,0.3585051219763285,,,
0.0,0.0,0.4383854390457751,,,
0.0,1.0,0.5279293497561139,,,
1.0,1.0,0.6467013727315044,,,
0.0,0.0,0.4860921693551197,,,
0.0,0.0,0.40752269274612596,,,
0.0,0.0,0.3929733364201222,,,
0.0,0.0,0.338015052019713,,,
1.0,1.0,0.5108459501184482,,,
1.0,1.0,0.6433726865264873,,,
1.0,0.0,0.40153298757506456,,,
1.0,0.0,0.48587671355022133,,,
0.0,0.0,0.38704268014100257,,,
1.0,1.0,0.5762205239942773,,,
1.0,1.0,0.5708573688162725,,,
0.0,0.0,0.41650512069418766,,,
0.0,0.0,0.32506039095003714,,,
0.0,0.0,0.493489626035088,,,
1.0,1.0,0.5895862472596729,,,
1.0,1.0,0.5441040322575392,,,
1.0,1.0,0.6386475234605007,,,
1.0,0.0,0.4808891964114036,,,
0.0,0.0,0.4223757212355655,,,
0.0,0.0,0.4247475745582723,,,
0.0,0.0,0.40298040865563794,,,
1.0,1.0,0.6003021784405305,,,
1.0,1.0,0.5403822676096779,,,
0.0,0.0,0.2868509706047047,,,
0.0,0.0,0.34559714030851263,,,
1.0,1.0,0.6990361596960992,,,
0.0,0.0,0.4037405324141901,,,
0.0,0.0,0.433283179666514,,,
0.0,0.0,0.37619767716521274,,,
0.0,0.0,0.4807815049949806,,,
1.0,0.0,0.4382533113428822,,,
0.0,0.0,0.4897931226833729,,,
1.0,1.0,0.5570011070389704,,,
1.0,1.0,0.5750394642410627,,,
1.0,1.0,0.8145783913329536,,,
0.0,0.0,0.3533542146940392,,,
1.0,1.0,0.5673493367976161,,,
0.0,0.0,0.4565553278668521,,,
1.0,0.0,0.48414499262674504,,,
1.0,0.0,0.42604575071608297,,,
0.0,0.0,0.37060573745122766,,,
0.0,1.0,0.510763943786668,,,
1.0,1.0,0.5959858951710449,,,
0.0,0.0,0.4834707810039466,,,
0.0,0.0,0.4129026662825764,,,
1.0,0.0,0.4075636268050751,,,
1.0,0.0,0.47847725976029754,,,
1.0,1.0,0.5591500955977492,,,
0.0,0.0,0.4149025282095113,,,
1.0,1.0,0.6095798384154993,,,
1.0,1.0,0.5122138977633905,,,
0.0,0.0,0.3485668076143212,,,
0.0,0.0,0.3671489003588733,,,
0.0,0.0,0.3347904499504897,,,
0.0,1.0,0.5243526493720789,,,
1.0,1.0,0.7452505269631705,,,
1.0,1.0,0.6359286373175376,,,
1.0,1.0,0.5011567943724565,,,
0.0,0.0,0.33696589879191624,,,
1.0,0.0,0.4625322132391709,,,
1.0,1.0,0.5038908964117682,,,
0.0,0.0,0.4572710487599269,,,
1.0,0.0,0.4585413891112899,,,
0.0,0.0,0.4318795941890151,,,
1.0,1.0,0.507902055367206,,,
1.0,0.0,0.497193570542208,,,
0.0,0.0,0.4079338111819149,,,
0.0,0.0,0.441569745573117,,,
1.0,0.0,0.42678611203066724,,,
0.0,0.0,0.4366227951836926,,,
0.0,0.0,0.4218301220831544,,,
0.0,0.0,0.33666960604659174,,,
1.0,1.0,0.5471219298430463,,,
0.0,0.0,0.4271175157216902,,,
0.0,0.0,0.4635296396001014,,,
1.0,1.0,0.5363736671738949,,,
0.0,0.0,0.36967190469817673,,,
1.0,1.0,0.5599978795301651,,,
1.0,0.0,0.48519619824545884,,,
1.0,1.0,0.5018092197191099,,,
0.0,0.0,0.4648114438586339,,,
0.0,0.0,0.3616668096625136,,,
0.0,0.0,0.31182963771085825,,,
1.0,1.0,0.596157294838525,,,
1.0,1.0,0.6692622579323997,,,
1.0,0.0,0.44568613793912315,,,
0.0,0.0,0.3611839115745123,,,
0.0,0.0,0.4598017768907907,,,
0.0,0.0,0.336800868937793,,,
1.0,1.0,0.6666175044855752,,,
1.0,1.0,0.6773012990493845,,,
1.0,1.0,0.6977934139548658,,,
0.0,0.0,0.4492310979790851,,,
1.0,1.0,0.5233198887195126,,,
0.0,0.0,0.3145637162626522,,,
1.0,0.0,0.37666260178910443,,,
0.0,0.0,0.4113789836795542,,,
0.0,0.0,0.43846646659530764,,,
0.0,0.0,0.45648153577233086,,,
0.0,0.0,0.4411396285376008,,,
0.0,0.0,0.40752505224198327,,,
0.0,0.0,0.37780843961936555,,,
1.0,0.0,0.4846681613130769,,,
1.0,0.0,0.47767538977395485,,,
0.0,0.0,0.34856043631786165,,,
1.0,1.0,0.5777314943761047,,,
0.0,0.0,0.3211823376486148,,,
1.0,0.0,0.40525703859321266,,,
1.0,0.0,0.44960159393011767,,,
0.0,1.0,0.5197715131467459,,,
1.0,1.0,0.6371569651156623,,,
1.0,0.0,0.44879088694979863,,,
1.0,1.0,0.5120363998713753,,,
1.0,1.0,0.5887488747165613,,,
0.0,0.0,0.36885630306495304,,,
0.0,0.0,0.3699389425049198,,,
0.0,0.0,0.3566085065310232,,,
1.0,0.0,0.36061352343678943,,,
1.0,0.0,0.30351133512640405,,,
0.0,0.0,0.3654469644953794,,,
1.0,1.0,0.775895547223275,,,
1.0,1.0,0.518638685434214,,,
0.0,0.0,0.44216434635803825,,,
0.0,0.0,0.46167268186715343,,,
1.0,1.0,0.5556710847156422,,,
0.0,0.0,0.412063719335061,,,
1.0,1.0,0.6407202542705775,,,
1.0,1.0,0.5849962162011404,,,
0.0,0.0,0.3541088583977731,,,
1.0,0.0,0.4144556197912692,,,
1.0,1.0,0.6158069147153885,,,
0.0,0.0,0.4039834475383505,,,
0.0,0.0,0.4598081129050657,,,
0.0,0.0,0.4811323752677433,,,
1.0,0.0,0.35230703777893346,,,
1.0,0.0,0.3536101118428905,,,
1.0,1.0,0.5734211640648416,,,
1.0,1.0,0.7048285276302425,,,
1.0,0.0,0.48474104512569444,,,
0.0,0.0,0.47853895777290745,,,
0.0,0.0,0.45544346912085787,,,
1.0,1.0,0.5863806718958305,,,
0.0,1.0,0.5134942873148407,,,
0.0,0.0,0.3698515954745985,,,
1.0,0.0,0.49781681063465544,,,
0.0,0.0,0.4823363753645997,,,
0.0,0.0,0.3419967987402226,,,
1.0,0.0,0.4362833584088431,,,
0.0,0.0,0.4681163288715853,,,
1.0,1.0,0.7012636445226715,,,
0.0,1.0,0.5037241242581391,,,
1.0,1.0,0.6908825174643445,,,
1.0,1.0,0.5669701643570941,,,
0.0,0.0,0.43847493622715994,,,
1.0,0.0,0.33818413571449707,,,
0.0,0.0,0.384691585972794,,,
1.0,1.0,0.5006445239387263,,,
0.0,0.0,0.4642839597236668,,,
0.0,0.0,0.36732015796406936,,,
0.0,0.0,0.44650150609043776,,,
0.0,0.0,0.46111688831743675,,,
1.0,0.0,0.49110689420860615,,,
1.0,0.0,0.4764417240245146,,,
1.0,0.0,0.47885763790223246,,,
1.0,1.0,0.5679600926089712,,,
1.0,1.0,0.6403905219605314,,,
1.0,1.0,0.7298189806138476,,,
0.0,0.0,0.4367810900501284,,,
1.0,1.0,0.7124674032798443,,,
0.0,0.0,0.47815777283613115,,,
1.0,1.0,0.5417195487076801,,,
1.0,0.0,0.4652427697337489,,,
1.0,1.0,0.6195908778604303,,,
1.0,1.0,0.5625049106209058,,,
1.0,0.0,0.4890796437386276,,,
1.0,1.0,0.7127878376313166,,,
1.0,1.0,0.5981221578495607,,,
0.0,0.0,0.3082554316407711,,,
1.0,1.0,0.5889276721680102,,,
1.0,0.0,0.4892337592287098,,,
0.0,1.0,0.5250063141467055,,,
1.0,1.0,0.6361094191145773,,,
1.0,1.0,0.7064591989407216,,,
1.0,0.0,0.3941747353501719,,,
0.0,0.0,0.34405558499374955,,,
0.0,0.0,0.29045932195273966,,,
1.0,0.0,0.4722386675462779,,,
0.0,0.0,0.37248704103088937,,,
0.0,0.0,0.45715230704385995,,,
0.0,0.0,0.39838756294114985,,,
0.0,0.0,0.3670937442194656,,,
1.0,1.0,0.5180670240973917,,,
1.0,1.0,0.6255029403843133,,,
0.0,0.0,0.32367291115825886,,,
0.0,0.0,0.32500394998757265,,,
0.0,0.0,0.4326030864118806,,,
1.0,1.0,0.5798816797893037,,,
0.0,0.0,0.3746044163746599,,,
0.0,0.0,0.3736954148295888,,,
1.0,1.0,0.5511711289867994,,,
0.0,1.0,0.5733152701492021,,,
0.0,0.0,0.4521522394872933,,,
0.0,0.0,0.34613130105606005,,,
0.0,1.0,0.5216589713524074,,,
1.0,1.0,0.6033610059824538,,,
0.0,0.0,0.4268766869883028,,,
1.0,0.0,0.35011955094418307,,,
0.0,0.0,0.3869134680728701,,,
0.0,1.0,0.5066327170112025,,,
0.0,0.0,0.4105398961202127,,,
0.0,0.0,0.4004378580768514,,,
0.0,0.0,0.3131776882503399,,,
1.0,1.0,0.6639512730377988,,,
1.0,1.0,0.5041090816241145,,,
0.0,0.0,0.33997093807234563,,,
1.0,1.0,0.5485908799718078,,,
0.0,0.0,0.4982395966613712,,,
0.0,1.0,0.5092668974483853,,,
0.0,0.0,0.45837508675685085,,,
0.0,0.0,0.3917015286921139,,,
0.0,0.0,0.4730217280046822,,,
1.0,0.0,0.49037784421222985,,,
0.0,0.0,0.37506399556601167,,,
1.0,0.0,0.4933501580590559,,,
0.0,1.0,0.5267251428026593,,,
0.0,0.0,0.4094197369655985,,,
1.0,1.0,0.5117487872724797,,,
0.0,0.0,0.3971412303121268,,,
0.0,0.0,0.40655960846892153,,,
1.0,0.0,0.4861779273701924,,,
1.0,1.0,0.5601755831590643,,,
0.0,1.0,0.5188528627328023,,,
0.0,0.0,0.46556050478157057,,,
1.0,0.0,0.4667389600276015,,,
1.0,1.0,0.7962916540744157,,,
1.0,0.0,0.46631745598997987,,,
1.0,0.0,0.4738586414000375,,,
1.0,0.0,0.45127057105700985,,,
1.0,1.0,0.5216693200358948,,,
1.0,0.0,0.36567986036508976,,,
0.0,0.0,0.44363832252884977,,,
0.0,0.0,0.4178183636301949,,,
0.0,0.0,0.3728140342643686,,,
1.0,1.0,0.533752966618267,,,
1.0,1.0,0.6820365553427592,,,
1.0,0.0,0.46082346122962703,,,
0.0,0.0,0.32032638635307104,,,
0.0,0.0,0.37483685366018166,,,
0.0,0.0,0.48349580774612416,,,
1.0,0.0,0.41838235348649483,,,
0.0,0.0,0.43675166989595443,,,
1.0,0.0,0.43495015493988676,,,
1.0,1.0,0.5266405424277432,,,
1.0,1.0,0.507065368553513,,,
0.0,0.0,0.47205612144136516,,,
0.0,0.0,0.45723180431382293,,,
0.0,0.0,0.4108212862530843,,,
1.0,1.0,0.551603996775274,,,
0.0,0.0,0.49370584658326416,,,
1.0,1.0,0.6354740729780655,,,
1.0,1.0,0.5391789793415945,,,
0.0,0.0,0.3979967507662562,,,
1.0,1.0,0.5171618181208738,,,
0.0,0.0,0.4731275058427484,,,
1.0,1.0,0.684689516878643,,,
0.0,0.0,0.45557780881988,,,
1.0,0.0,0.46134701216812307,,,
1.0,1.0,0.7954741253226587,,,
0.0,0.0,0.40895354000090667,,,
1.0,1.0,0.5139580846796638,,,
1.0,1.0,0.6558151389239474,,,
1.0,1.0,0.6270541530287582,,,
0.0,0.0,0.4130996812710382,,,
1.0,0.0,0.4102879643855512,,,
0.0,0.0,0.293720525606633,,,
0.0,0.0,0.38493958208049245,,,
1.0,1.0,0.5141030034905837,,,
0.0,0.0,0.3417299901775236,,,
0.0,0.0,0.49044334570626397,,,
1.0,1.0,0.5474411354541582,,,
1.0,1.0,0.6867645635723654,,,
1.0,1.0,0.586305336536893,,,
0.0,1.0,0.5065313703156327,,,
0.0,0.0,0.21941495597356267,,,
1.0,1.0,0.676037786959604,,,
0.0,0.0,0.37944276107314623,,,
0.0,0.0,0.48482027923975024,,,
0.0,0.0,0.4081380243846422,,,
1.0,1.0,0.5082976657522461,,,
0.0,0.0,0.46680835637352336,,,
1.0,1.0,0.5440169553335418,,,
0.0,0.0,0.49890255951900303,,,
1.0,1.0,0.5457891330781881,,,
0.0,0.0,0.34511726254266,,,
0.0,0.0,0.3417322692442682,,,
0.0,0.0,0.3685576559935054,,,
1.0,1.0,0.532717550922795,,,
0.0,0.0,0.3591680097872339,,,
1.0,1.0,0.5239687070186615,,,
1.0,1.0,0.5354257609229859,,,
1.0,0.0,0.4897009510344298,,,
1.0,1.0,0.5067803937172577,,,
1.0,1.0,0.5994609457860579,,,
0.0,0.0,0.4006062807271046,,,
1.0,0.0,0.4742097785045216,,,
1.0,1.0,0.5523504999954252,,,
1.0,1.0,0.5093131863685542,,,
1.0,1.0,0.659127983235122,,,
1.0,1.0,0.6455084368506842,,,
0.0,0.0,0.4979636108767044,,,
0.0,0.0,0.40051681223386865,,,
1.0,1.0,0.6030837199302518,,,
0.0,0.0,0.47617242787704267,,,
1.0,1.0,0.5128402735974543,,,
0.0,0.0,0.4032574778330534,,,
1.0,1.0,0.6429828603430431,,,
1.0,1.0,0.5456950404525275,,,
0.0,0.0,0.37911646183942804,,,
0.0,0.0,0.3330964533985582,,,
1.0,0.0,0.48668092314297473,,,
0.0,0.0,0.34122808376953007,,,
0.0,0.0,0.4362727452191779,,,
0.0,0.0,0.45731271758862096,,,
1.0,1.0,0.5044596873689504,,,
0.0,1.0,0.7694996574406795,,,
0.0,1.0,0.5032232422675557,,,
0.0,0.0,0.3958077661105034,,,
1.0,1.0,0.5818452034133637,,,
0.0,0.0,0.3398039826713353,,,
0.0,0.0,0.4052152324790148,,,
1.0,0.0,0.4708377694068547,,,
0.0,0.0,0.37678196445778334,,,
1.0,1.0,0.5257473229288243,,,
1.0,1.0,0.6333666680368214,,,
0.0,0.0,0.43610946394079336,,,
1.0,1.0,0.6500741560877563,,,
1.0,1.0,0.6792248536138132,,,
1.0,1.0,0.5140270611209663,,,
1.0,1.0,0.5323717181287836,,,
0.0,0.0,0.43855320568558676,,,
0.0,0.0,0.475781701852317,,,
0.0,0.0,0.4620958959926904,,,
1.0,0.0,0.43950110906498074,,,
0.0,0.0,0.36505065323900704,,,
0.0,0.0,0.4041010981733668,,,
1.0,0.0,0.49526146205294097,,,
1.0,1.0,0.7425932266662637,,,
0.0,1.0,0.5346686798322655,,,
1.0,0.0,0.47312043864371545,,,
1.0,1.0,0.6440415907471118,,,
0.0,1.0,0.5106808491905765,,,
0.0,0.0,0.32223783812874035,,,
0.0,0.0,0.43144552555871674,,,
1.0,1.0,0.5442006906659574,,,
1.0,0.0,0.3950571068096761,,,
0.0,0.0,0.35059611925209894,,,
0.0,0.0,0.4343236718496005,,,
1.0,1.0,0.6941690359054516,,,
1.0,1.0,0.7717265275030057,,,
0.0,0.0,0.488494657341289,,,
0.0,0.0,0.40720239797019986,,,
0.0,0.0,0.4503829965883161,,,
1.0,1.0,0.5052359340351453,,,
1.0,1.0,0.7587229711339026,,,
0.0,0.0,0.31485362969507025,,,
1.0,1.0,0.8233494579211234,,,
1.0,1.0,0.6745897356893409,,,
1.0,1.0,0.5253727374862476,,,
1.0,1.0,0.5195168200538446,,,
1.0,0.0,0.4205983568357232,,,
1.0,1.0,0.645873969959181,,,
1.0,0.0,0.45783204098919783,,,
0.0,0.0,0.47962709570903933,,,
1.0,0.0,0.39777763374346137,,,
0.0,0.0,0.43325418488410194,,,
1.0,0.0,0.44309107179865004,,,
0.0,0.0,0.3035951334375854,,,
0.0,1.0,0.5809885684771408,,,
1.0,1.0,0.5766512682562578,,,
0.0,0.0,0.4362872941927072,,,
1.0,1.0,0.7034870567281207,,,
1.0,1.0,0.7210654284097454,,,
1.0,0.0,0.4477549758847046,,,
0.0,0.0,0.4121318091514928,,,
0.0,1.0,0.5636468328365637,,,
1.0,1.0,0.6057551509953456,,,
0.0,0.0,0.3494499047501763,,,
0.0,0.0,0.34309031371923593,,,
0.0,0.0,0.3894089245349537,,,
1.0,1.0,0.7881050792579605,,,
1.0,0.0,0.4450170331598832,,,
0.0,0.0,0.4753138427930581,,,
0.0,0.0,0.48517935116224364,,,
1.0,0.0,0.46599673272684533,,,
0.0,0.0,0.4088570822578754,,,
1.0,1.0,0.5131931366162499,,,
1.0,0.0,0.4996548374556691,,,
1.0,1.0,0.8352010565218393,,,
0.0,1.0,0.5040331881854548,,,
0.0,0.0,0.3682162023781663,,,
1.0,0.0,0.4815914511478945,,,
0.0,0.0,0.3740480426443431,,,
0.0,0.0,0.44011580096254277,,,
0.0,0.0,0.3819756541457125,,,
0.0,0.0,0.32087304473713013,,,
0.0,0.0,0.43304042798381204,,,
0.0,1.0,0.5070247733064267,,,
1.0,0.0,0.4239004312558266,,,
1.0,1.0,0.5320249409090428,,,
1.0,1.0,0.558754802420618,,,
0.0,0.0,0.38392912789963624,,,
1.0,1.0,0.7970028048777863,,,
1.0,1.0,0.6395610512840642,,,
0.0,0.0,0.41897532888660244,,,
0.0,0.0,0.41958829974169787,,,
0.0,0.0,0.4797253856177266,,,
0.0,0.0,0.3468711544912376,,,
0.0,0.0,0.4081986895917185,,,
0.0,0.0,0.42574788219229415,,,
1.0,0.0,0.47480749309795905,,,
1.0,1.0,0.7881211260978004,,,
1.0,1.0,0.5233506766195664,,,
0.0,1.0,0.5224524393091303,,,
1.0,1.0,0.5398736423998932,,,
1.0,0.0,0.42711098379331625,,,
0.0,0.0,0.39591542473851155,,,
1.0,0.0,0.42838201288669203,,,
0.0,0.0,0.3938163468742919,,,
1.0,0.0,0.3772627160958253,,,
1.0,1.0,0.519024320616645,,,
1.0,0.0,0.4843697616650577,,,
0.0,0.0,0.31345963092169626,,,
1.0,0.0,0.47378350182892326,,,
0.0,0.0,0.37796835345014446,,,
0.0,0.0,0.4820653102996493,,,
1.0,0.0,0.48422935364840874,,,
0.0,0.0,0.3184874348108532,,,
1.0,0.0,0.4940332761143208,,,
0.0,0.0,0.3513182583976665,,,
1.0,1.0,0.6286170789347754,,,
0.0,0.0,0.3750941024789078,,,
0.0,0.0,0.3735901244000502,,,
1.0,1.0,0.8334259634190431,,,
0.0,0.0,0.44945742136353145,,,
1.0,1.0,0.6741403502956339,,,
1.0,0.0,0.35817801577027925,,,
1.0,0.0,0.4731942297056635,,,
0.0,1.0,0.5357216975365976,,,
1.0,0.0,0.4965322604452649,,,
0.0,0.0,0.4605681557538161,,,
1.0,0.0,0.3646318863401342,,,
0.0,0.0,0.4599773173279656,,,
1.0,1.0,0.6098258516511799,,,
1.0,1.0,0.6129155583759516,,,
1.0,1.0,0.6292502232844612,,,
1.0,1.0,0.5025926604509189,,,
1.0,1.0,0.6097714036495371,,,
0.0,0.0,0.4404113349602897,,,
1.0,0.0,0.4812138497388665,,,
1.0,1.0,0.5375033945360607,,,
0.0,0.0,0.3750939503412237,,,
0.0,0.0,0.29204958191722113,,,
0.0,0.0,0.4292677189071544,,,
1.0,1.0,0.8059649179882664,,,
1.0,1.0,0.5040179351440275,,,
0.0,0.0,0.3678188089747596,,,
0.0,0.0,0.4031217463736079,,,
0.0,0.0,0.36638891568050436,,,
0.0,0.0,0.3778850246573651,,,
0.0,0.0,0.4045055916147081,,,
0.0,0.0,0.43505138132710436,,,
0.0,0.0,0.4843585605431247,,,
1.0,0.0,0.33725908169979785,,,
0.0,0.0,0.3173272271305631,,,
1.0,1.0,0.5348609414287514,,,
1.0,1.0,0.71148008817012,,,
1.0,0.0,0.4422106957018554,,,
1.0,1.0,0.530592823028326,,,
1.0,1.0,0.6576337930163052,,,
0.0,0.0,0.37435506694961257,,,
1.0,1.0,0.763817932903496,,,
1.0,0.0,0.4453171081883322,,,
0.0,0.0,0.4697352149083868,,,
0.0,1.0,0.6040380408242969,,,
1.0,1.0,0.6114130295893655,,,
1.0,0.0,0.49253566480239397,,,
0.0,0.0,0.42758064146262753,,,
0.0,0.0,0.4246725259995764,,,
0.0,0.0,0.33680415812304665,,,
1.0,0.0,0.46724034397077674,,,
0.0,0.0,0.3640499330123061,,,
1.0,0.0,0.43751035325123633,,,
1.0,1.0,0.7774018625728341,,,
1.0,0.0,0.46475623159726076,,,
0.0,0.0,0.3980811164237506,,,
1.0,0.0,0.4277245052548833,,,
0.0,0.0,0.33836421062280875,,,
0.0,0.0,0.4143703995442476,,,
0.0,0.0,0.4494906665712967,,,
1.0,0.0,0.45583764393115667,,,
0.0,0.0,0.2948444547386079,,,
0.0,0.0,0.4174514449826788,,,
1.0,1.0,0.5960442818574573,,,
1.0,1.0,0.566202258098075,,,
1.0,1.0,0.5591845112118249,,,
1.0,0.0,0.40561754655051313,,,
1.0,0.0,0.3863712154478346,,,
1.0,1.0,0.5121892276422115,,,
1.0,1.0,0.6180658835157321,,,
0.0,0.0,0.4147936013106569,,,
1.0,0.0,0.4443142335858543,,,
1.0,1.0,0.6422958737902961,,,
0.0,0.0,0.4280285349584454,,,
1.0,0.0,0.45010721229531747,,,
0.0,1.0,0.6088111710282429,,,
1.0,0.0,0.45321085095122526,,,
1.0,1.0,0.7646735121021729,,,
1.0,0.0,0.4646209108805256,,,
0.0,0.0,0.39026574156022287,,,
1.0,1.0,0.5224593947969153,,,
0.0,0.0,0.4792329396078584,,,
1.0,0.0,0.4907013910707843,,,
1.0,0.0,0.39867764644545045,,,
1.0,0.0,0.410534202416972,,,
1.0,1.0,0.5277031504030928,,,
1.0,1.0,0.5540809129070215,,,
0.0,0.0,0.32543633955396706,,,
0.0,0.0,0.37095853720436384,,,
0.0,0.0,0.34121898112550064,,,
0.0,0.0,0.4282001739779603,,,
0.0,0.0,0.3811723628467388,,,
0.0,0.0,0.3827296726767792,,,
0.0,0.0,0.43187188703880086,,,
1.0,1.0,0.6868568011979602,,,
0.0,0.0,0.4430685063325714,,,
1.0,0.0,0.47272860287395196,,,
0.0,1.0,0.5933682899571191,,,
0.0,0.0,0.46891011617793615,,,
1.0,0.0,0.3193376136718766,,,
1.0,0.0,0.3734301328241664,,,
1.0,1.0,0.5466486767869604,,,
0.0,1.0,0.5726431103525406,,,
0.0,0.0,0.4276532561922793,,,
0.0,0.0,0.41448145523776847,,,
0.0,0.0,0.3492272724143521,,,
1.0,0.0,0.43671234344635956,,,
0.0,0.0,0.47811193182290207,,,
1.0,1.0,0.6983760261541304,,,
0.0,1.0,0.6478753050492118,,,
1.0,0.0,0.43377005280903913,,,
0.0,0.0,0.3704497305729506,,,
1.0,1.0,0.7844151148433123,,,
1.0,1.0,0.5844705986415809,,,
0.0,0.0,0.3775349801617826,,,
0.0,1.0,0.6606237037613788,,,
1.0,1.0,0.5177057033744602,,,
0.0,0.0,0.3881162110462431,,,
0.0,0.0,0.4618710858321171,,,
1.0,1.0,0.6211538398370888,,,
0.0,0.0,0.46398587382856477,,,
0.0,0.0,0.4159434712511707,,,
1.0,0.0,0.40871056252641885,,,
1.0,0.0,0.42355664542615223,,,
0.0,0.0,0.47525810653247597,,,
0.0,0.0,0.3813941237342688,,,
0.0,1.0,0.6638668228935684,,,
0.0,0.0,0.3417010239879508,,,
0.0,0.0,0.44014922573546705,,,
0.0,0.0,0.460512879094732,,,
1.0,1.0,0.5128939953617905,,,
0.0,1.0,0.502486709823419,,,
1.0,1.0,0.59685287749543,,,
0.0,0.0,0.47159148276626667,,,
1.0,1.0,0.5222564064774292,,,
0.0,0.0,0.47053721784145297,,,
1.0,1.0,0.6856806824002302,,,
0.0,0.0,0.44567806919096065,,,
0.0,0.0,0.4842806803550691,,,
0.0,0.0,0.3446637646644567,,,
0.0,0.0,0.376233602631205,,,
1.0,1.0,0.5756188361883462,,,
1.0,1.0,0.7561426334505105,,,
1.0,0.0,0.39478820580283835,,,
0.0,0.0,0.37994843434614234,,,
0.0,0.0,0.42308861395112857,,,
1.0,1.0,0.613118947019898,,,
0.0,0.0,0.48149591055109986,,,
1.0,1.0,0.6222579107125206,,,
1.0,0.0,0.3701159677829121,,,
0.0,0.0,0.46150701344081985,,,
0.0,0.0,0.41023231120660225,,,
0.0,0.0,0.36924881511929697,,,
1.0,1.0,0.5395017817565237,,,
0.0,0.0,0.467491436109738,,,
1.0,1.0,0.5241693289333236,,,
0.0,0.0,0.3813043888829552,,,
1.0,0.0,0.43917077620716377,,,
1.0,0.0,0.47597243129442124,,,
0.0,1.0,0.5098149370893059,,,
0.0,0.0,0.42284606483890147,,,
1.0,0.0,0.468590441685819,,,
0.0,0.0,0.4891109816922723,,,
1.0,1.0,0.6231146245437766,,,
0.0,0.0,0.3650881919114315,,,
1.0,0.0,0.44483851950183756,,,
1.0,1.0,0.556088101909143,,,
0.0,0.0,0.45656456227897346,,,
1.0,0.0,0.4238765093551412,,,
0.0,0.0,0.39743184542854987,,,
0.0,1.0,0.5086461380056703,,,
1.0,1.0,0.6080039199268894,,,
0.0,0.0,0.3769367130372681,,,
0.0,0.0,0.4175975101598473,,,
0.0,0.0,0.44861115457393047,,,
0.0,0.0,0.49438711601490726,,,
0.0,0.0,0.4398860511531869,,,
1.0,1.0,0.612987821242023,,,
0.0,1.0,0.5339495880500467,,,
0.0,0.0,0.3717489605133207,,,
0.0,0.0,0.4441486299994979,,,
0.0,0.0,0.48094647155193565,,,
1.0,1.0,0.672907670713455,,,
0.0,0.0,0.46990671620169816,,,
1.0,1.0,0.6542236813226523,,,
0.0,0.0,0.3793451334115364,,,
0.0,0.0,0.41664827247340563,,,
0.0,0.0,0.42268522567393196,,,
1.0,0.0,0.46082075824575014,,,
1.0,0.0,0.43279220541006685,,,
1.0,0.0,0.4173080259449917,,,
1.0,1.0,0.5580444585043752,,,
1.0,0.0,0.4779104854462964,,,
1.0,1.0,0.5058359889698473,,,
1.0,1.0,0.550185486686261,,,
0.0,0.0,0.3636887288827586,,,
1.0,1.0,0.8172081255363622,,,
1.0,1.0,0.6623763964224885,,,
0.0,0.0,0.3821549929054845,,,
0.0,0.0,0.3997838151437981,,,
0.0,0.0,0.3231753616132259,,,
0.0,0.0,0.4550963127512238,,,
0.0,0.0,0.44483508310008835,,,
0.0,0.0,0.4464383061640599,,,
0.0,0.0,0.4076707112256819,,,
1.0,0.0,0.4892598844871558,,,
1.0,0.0,0.43620029613985395,,,
1.0,1.0,0.5255677786525302,,,
0.0,0.0,0.39092675645373937,,,
1.0,1.0,0.6728336026030278,,,
0.0,0.0,0.3531940210805788,,,
1.0,1.0,0.6707758732005343,,,
0.0,0.0,0.3684846342211001,,,
1.0,1.0,0.6668735123758512,,,
0.0,1.0,0.5104839522423221,,,
1.0,1.0,0.5900938175202336,,,
0.0,0.0,0.3954494451576133,,,
0.0,0.0,0.38014658771280635,,,
0.0,1.0,0.5369164510042372,,,
1.0,1.0,0.530609666173196,,,
0.0,0.0,0.39672723165743573,,,
1.0,1.0,0.8107488564030118,,,
1.0,1.0,0.5113047371128104,,,
1.0,1.0,0.677832438825032,,,
1.0,0.0,0.48889526653904475,,,
0.0,0.0,0.35684728607426647,,,
1.0,1.0,0.8015879090183032,,,
0.0,0.0,0.39628763183987814,,,
0.0,0.0,0.408885014569851,,,
0.0,0.0,0.4425066142550265,,,
0.0,0.0,0.36310766228837416,,,
1.0,0.0,0.4708149522538998,,,
1.0,0.0,0.4496139310144426,,,
1.0,1.0,0.832799227803373,,,
1.0,1.0,0.5223365683446416,,,
0.0,0.0,0.41210479222253876,,,
1.0,0.0,0.46526191873824235,,,
0.0,0.0,0.46747564856252893,,,
0.0,0.0,0.39074132081103635,,,
0.0,0.0,0.3533405131578971,,,
0.0,0.0,0.39292589800528016,,,
0.0,0.0,0.39795228242457964,,,
1.0,1.0,0.6573869050098876,,,
1.0,1.0,0.624026175514209,,,
0.0,0.0,0.3934410525163196,,,
1.0,0.0,0.4125870949296996,,,
1.0,0.0,0.4639840433288618,,,
1.0,1.0,0.5842863020845475,,,
0.0,0.0,0.41216874872373027,,,
0.0,0.0,0.38685362994571804,,,
0.0,0.0,0.4480645381759992,,,
0.0,0.0,0.39915434828101987,,,
1.0,1.0,0.5375680313667283,,,
1.0,0.0,0.44598612872842597,,,
1.0,1.0,0.5671199288251733,,,
1.0,0.0,0.4278636361308966,,,
0.0,1.0,0.5123519189659956,,,
1.0,1.0,0.5522273286688951,,,
1.0,1.0,0.5674184298706351,,,
1.0,1.0,0.5109086398173718,,,
1.0,0.0,0.4780336180163506,,,
0.0,0.0,0.37042555813275235,,,
0.0,0.0,0.4154689704044777,,,
0.0,0.0,0.46983676228454285,,,
0.0,0.0,0.4425278282383892,,,
0.0,0.0,0.43750614706432317,,,
0.0,0.0,0.3933208413583787,,,
0.0,0.0,0.3906735362779864,,,
0.0,0.0,0.40363694860702526,,,
1.0,0.0,0.44122202660471066,,,
1.0,1.0,0.6667484448704889,,,
1.0,1.0,0.6546090252959625,,,
1.0,0.0,0.4777820757452879,,,
1.0,0.0,0.4040758344790206,,,
1.0,1.0,0.6484259486557153,,,
1.0,1.0,0.5427095761195156,,,
0.0,0.0,0.4012654544435809,,,
1.0,0.0,0.4107677799027031,,,
0.0,0.0,0.45063548756534566,,,
1.0,1.0,0.5823911203988013,,,
0.0,0.0,0.44636194013066577,,,
0.0,0.0,0.3612582840961148,,,
1.0,1.0,0.5903899949554047,,,
0.0,0.0,0.4547287277468044,,,
1.0,1.0,0.7478356616558577,,,
1.0,1.0,0.671488916842402,,,
0.0,0.0,0.3915918984703004,,,
0.0,0.0,0.3714924738271273,,,
1.0,1.0,0.5729781710387885,,,
0.0,0.0,0.40720864365860154,,,
0.0,0.0,0.36405566620413615,,,
0.0,0.0,0.4930161473294615,,,
0.0,1.0,0.6280971476048894,,,
0.0,0.0,0.3625134177038288,,,
0.0,0.0,0.47026202257859445,,,
0.0,0.0,0.3899728797213598,,,
1.0,1.0,0.5233094976307986,,,
1.0,1.0,0.5450354353261405,,,
0.0,0.0,0.3994369870327316,,,
1.0,1.0,0.6313688260811431,,,
1.0,1.0,0.6628822952012741,,,
0.0,1.0,0.5127605120444785,,,
0.0,0.0,0.34287244330389843,,,
1.0,1.0,0.5101704092556005,,,
0.0,1.0,0.5029738469575584,,,
0.0,0.0,0.33997093807234563,,,
0.0,0.0,0.3469697897396875,,,
0.0,0.0,0.38812426796619565,,,
1.0,1.0,0.7189551312234778,,,
0.0,0.0,0.48390481051807654,,,
0.0,0.0,0.39540235038102045,,,
0.0,0.0,0.46568315453861625,,,
1.0,0.0,0.4692653281275036,,,
1.0,0.0,0.4864855701277876,,,
1.0,1.0,0.6040417136551786,,,
1.0,1.0,0.6409116074027938,,,
1.0,1.0,0.5326400880430838,,,
1.0,1.0,0.587519051783497,,,
1.0,1.0,0.5288775378927202,,,
1.0,1.0,0.8037505812642929,,,
1.0,1.0,0.6236134072882334,,,
0.0,0.0,0.3939879766277743,,,
0.0,0.0,0.32255156096683113,,,
0.0,0.0,0.3983525200500605,,,
1.0,1.0,0.6426245862082169,,,
0.0,0.0,0.3872314804021742,,,
0.0,1.0,0.5193252111667367,,,
1.0,0.0,0.35650216066274926,,,
1.0,1.0,0.6212537835110308,,,
1.0,0.0,0.3714769069097048,,,
1.0,0.0,0.44101259727926173,,,
1.0,1.0,0.7929748523476611,,,
1.0,1.0,0.5034651656651112,,,
1.0,0.0,0.39557392453016443,,,
0.0,0.0,0.4167396357768505,,,
0.0,0.0,0.49493331189185275,,,
1.0,1.0,0.6712716586594796,,,
1.0,0.0,0.4971584188854256,,,
0.0,0.0,0.3558490425029213,,,
1.0,1.0,0.722492701848134,,,
0.0,0.0,0.49642769850849006,,,
0.0,0.0,0.38601343913737174,,,
1.0,0.0,0.45424698628876453,,,
1.0,1.0,0.6286503238914262,,,
0.0,0.0,0.4275273236159074,,,
0.0,0.0,0.4801399775067621,,,
0.0,0.0,0.44298972027226924,,,
1.0,1.0,0.7698221892576119,,,
1.0,1.0,0.7835103417834374,,,
1.0,1.0,0.5022987174004601,,,
1.0,0.0,0.3954782389912579,,,
0.0,0.0,0.41033045026573406,,,
0.0,0.0,0.44333770329582195,,,
1.0,1.0,0.7566305355823079,,,
0.0,1.0,0.6069315537161885,,,
1.0,0.0,0.3941562254098381,,,
0.0,1.0,0.5092527253677687,,,
0.0,0.0,0.41851294686849644,,,
1.0,1.0,0.7205049314781461,,,
0.0,0.0,0.4361249795674539,,,
1.0,1.0,0.6206206270940541,,,
1.0,0.0,0.49604391519324503,,,
1.0,0.0,0.3645495631868871,,,
0.0,0.0,0.455078097763838,,,
1.0,0.0,0.447027636616347,,,
0.0,0.0,0.42302083604960017,,,
0.0,0.0,0.30687381718423523,,,
0.0,0.0,0.3939026859764459,,,
0.0,0.0,0.4025352807969859,,,
0.0,0.0,0.33443471413027137,,,
0.0,0.0,0.33067367974545403,,,
0.0,0.0,0.3303803397382539,,,
0.0,0.0,0.29045932195273966,,,
0.0,0.0,0.3273889698780564,,,
1.0,0.0,0.41637004656908594,,,
1.0,1.0,0.7575078746752602,,,
0.0,0.0,0.2853930171700076,,,
1.0,0.0,0.4140932349498178,,,
1.0,0.0,0.4509656534238777,,,
1.0,1.0,0.7007425938109463,,,
1.0,1.0,0.6232427024285246,,,
1.0,1.0,0.5536446065460757,,,
0.0,0.0,0.3848673831139244,,,
0.0,0.0,0.31146536299123323,,,
1.0,0.0,0.4971110247649605,,,
0.0,0.0,0.3834917889850097,,,
0.0,0.0,0.3397257338518566,,,
0.0,0.0,0.40612875960139183,,,
0.0,0.0,0.47626982665886997,,,
0.0,0.0,0.44610857187826475,,,
0.0,0.0,0.3913695598379269,,,
1.0,1.0,0.5985485054698398,,,
1.0,1.0,0.6681685185049329,,,
0.0,0.0,0.35603528294222475,,,
0.0,0.0,0.4744256920777964,,,
1.0,0.0,0.47893995942623213,,,
0.0,0.0,0.37148944154401015,,,
1.0,1.0,0.5239835003199259,,,
0.0,0.0,0.3281152504341141,,,
1.0,1.0,0.5335599452708758,,,
0.0,0.0,0.38511513770243777,,,
1.0,1.0,0.5344495502714239,,,
1.0,0.0,0.493547891157223,,,
1.0,1.0,0.5501477795601819,,,
1.0,1.0,0.5497182219401493,,,
1.0,0.0,0.4419236578322868,,,
1.0,1.0,0.5296703094646775,,,
0.0,0.0,0.32381926018020174,,,
0.0,0.0,0.305938218482029,,,
0.0,1.0,0.542423805679104,,,
1.0,1.0,0.7701298243204511,,,
1.0,0.0,0.38649043422419355,,,
0.0,0.0,0.4651721238820682,,,
1.0,1.0,0.524525230099413,,,
0.0,0.0,0.4326416658770087,,,
0.0,0.0,0.37388657978427814,,,
1.0,0.0,0.4233892858006532,,,
0.0,0.0,0.4978414700416868,,,
1.0,1.0,0.6365665174221121,,,
1.0,1.0,0.5542312255863208,,,
1.0,0.0,0.4886841073917081,,,
1.0,1.0,0.5291407136193511,,,
0.0,1.0,0.5033838566711589,,,
1.0,1.0,0.6916412192371517,,,
0.0,0.0,0.4083994125588093,,,
1.0,1.0,0.5428383578320802,,,
1.0,1.0,0.5179349009903882,,,
0.0,0.0,0.42778433766768,,,
1.0,0.0,0.29669425517198933,,,
0.0,1.0,0.5322479364847351,,,
1.0,0.0,0.38366766960772425,,,
0.0,0.0,0.3919687976791605,,,
1.0,0.0,0.45701498640093224,,,
0.0,0.0,0.40560381659336375,,,
1.0,0.0,0.3698616922373571,,,
0.0,0.0,0.40473262917059494,,,
0.0,0.0,0.45445316999274926,,,
1.0,1.0,0.5793304661275652,,,
1.0,0.0,0.43233864712273323,,,
0.0,0.0,0.43075051017146726,,,
1.0,0.0,0.4999009319594951,,,
0.0,0.0,0.37810457503949435,,,
0.0,0.0,0.4139467607850221,,,
0.0,0.0,0.3946156723774339,,,
0.0,0.0,0.41214086637788416,,,
0.0,0.0,0.29466076215368076,,,
1.0,1.0,0.7309891463309992,,,
1.0,0.0,0.4888384581873014,,,
0.0,0.0,0.22894814627247426,,,
0.0,0.0,0.42084873615642615,,,
0.0,0.0,0.45387299790924285,,,
0.0,0.0,0.3582623748023414,,,
0.0,0.0,0.40511021937616293,,,
1.0,0.0,0.46270902657436963,,,
1.0,1.0,0.5631005976084473,,,
1.0,0.0,0.4855857653868708,,,
0.0,0.0,0.4623361736202009,,,
1.0,1.0,0.7968439409880986,,,
0.0,0.0,0.4017165612719644,,,
1.0,0.0,0.4326458583531525,,,
1.0,0.0,0.40066348133113555,,,
0.0,0.0,0.437001035837526,,,
0.0,0.0,0.3952602806934595,,,
0.0,0.0,0.41024752483138954,,,
0.0,0.0,0.4125451431877657,,,
0.0,0.0,0.384629580044309,,,
1.0,1.0,0.7778090364254524,,,
1.0,0.0,0.45912046722471106,,,
0.0,0.0,0.4298268740099057,,,
1.0,0.0,0.4955023709762143,,,
1.0,1.0,0.7970113889580703,,,
0.0,0.0,0.3622494903721364,,,
1.0,1.0,0.6523692528120176,,,
0.0,0.0,0.34535313418137875,,,
1.0,0.0,0.3562986099759493,,,
1.0,1.0,0.6585087698039894,,,
1.0,0.0,0.49489676450768744,,,
1.0,0.0,0.39486617902185467,,,
1.0,1.0,0.7550542449653972,,,
0.0,0.0,0.4252643470109034,,,
1.0,0.0,0.4008982678103297,,,
0.0,1.0,0.5102076126717279,,,
1.0,1.0,0.5064395926312077,,,
1.0,1.0,0.5038924685865365,,,
0.0,0.0,0.4619464986637273,,,
1.0,1.0,0.6487129469898254,,,
1.0,1.0,0.6575575512572688,,,
1.0,1.0,0.5565551768040566,,,
1.0,1.0,0.563183786650084,,,
0.0,1.0,0.5417395331314121,,,
0.0,0.0,0.2911847626616113,,,
0.0,0.0,0.451618972627736,,,
0.0,0.0,0.3581701788566734,,,
1.0,1.0,0.5601755831590643,,,
0.0,0.0,0.38787801949537554,,,
1.0,1.0,0.6904544735261688,,,
1.0,1.0,0.630198187671029,,,
0.0,0.0,0.4096812798144447,,,
0.0,0.0,0.348294785939173,,,
0.0,0.0,0.4677373567422241,,,
0.0,0.0,0.4368693434420053,,,
1.0,1.0,0.6154549568809692,,,
1.0,1.0,0.8180499194902846,,,
1.0,0.0,0.4559866550875673,,,
1.0,1.0,0.543390482026457,,,
1.0,0.0,0.3897109590914936,,,
1.0,0.0,0.47579258944508146,,,
0.0,0.0,0.40246763444872746,,,
1.0,1.0,0.7552690633305633,,,
0.0,0.0,0.37453249514906617,,,
1.0,1.0,0.5522563393732247,,,
1.0,0.0,0.466964075750832,,,
1.0,1.0,0.5312918405809209,,,
0.0,0.0,0.4192899624884001,,,
1.0,0.0,0.46261999477671734,,,
1.0,1.0,0.5890336109472298,,,
0.0,0.0,0.38488368420541846,,,
0.0,0.0,0.32106190642934496,,,
0.0,0.0,0.3561984123335208,,,
1.0,1.0,0.6583968159948225,,,
0.0,0.0,0.3781267382040796,,,
1.0,1.0,0.7090192178805302,,,
0.0,0.0,0.3748581219846935,,,
0.0,0.0,0.47918051727216093,,,
1.0,1.0,0.7464343751849885,,,
0.0,0.0,0.405927056769389,,,
1.0,0.0,0.3707575954535904,,,
1.0,1.0,0.5491307618957492,,,
1.0,1.0,0.5229421577834277,,,
1.0,1.0,0.5965207343784544,,,
1.0,1.0,0.547265544651569,,,
0.0,1.0,0.6720449458801008,,,
0.0,0.0,0.37562052148563824,,,
0.0,0.0,0.43044619471153284,,,
1.0,1.0,0.5311416423041141,,,
0.0,0.0,0.4656282660179651,,,
0.0,0.0,0.40357432972824164,,,
0.0,0.0,0.40701345293351543,,,
0.0,0.0,0.44919444533745206,,,
1.0,1.0,0.6442580108311502,,,
1.0,0.0,0.475893273718555,,,
1.0,1.0,0.7198759357735187,,,
1.0,1.0,0.53198847731285,,,
1.0,0.0,0.3925387784809077,,,
0.0,0.0,0.4324966788950373,,,
0.0,0.0,0.362599039897251,,,
0.0,0.0,0.45357577227328794,,,
1.0,1.0,0.5661908616936937,,,
0.0,0.0,0.3724188850438975,,,
0.0,0.0,0.4724057575377155,,,
1.0,0.0,0.41312439889366576,,,
0.0,0.0,0.4552340507498482,,,
0.0,0.0,0.4154915916885997,,,
1.0,0.0,0.4150402973334831,,,
0.0,0.0,0.4024658285363851,,,
1.0,1.0,0.5564333642657455,,,
0.0,0.0,0.3648268388892792,,,
1.0,0.0,0.48414527553891273,,,
1.0,0.0,0.3763320735011233,,,
1.0,1.0,0.5470920891515865,,,
1.0,0.0,0.4254537341381688,,,
1.0,1.0,0.8078085152293718,,,
1.0,1.0,0.5712910516711255,,,
1.0,1.0,0.5253287799757115,,,
0.0,1.0,0.5023123035615774,,,
0.0,0.0,0.42006289463185265,,,
1.0,1.0,0.7126174796675895,,,
0.0,0.0,0.35823997288686393,,,
1.0,1.0,0.5087891058829618,,,
0.0,0.0,0.38204155131343465,,,
1.0,0.0,0.3702208010993457,,,
1.0,1.0,0.5326653862884004,,,
1.0,1.0,0.5783787216738945,,,
1.0,1.0,0.6451762802223636,,,
1.0,0.0,0.4025283217785941,,,
0.0,0.0,0.3429833071979963,,,
0.0,0.0,0.34445906761589173,,,
0.0,0.0,0.4489457527420364,,,
0.0,0.0,0.4494800688771094,,,
0.0,0.0,0.47753078006808297,,,
0.0,0.0,0.4536456913757994,,,
1.0,1.0,0.5801582475292274,,,
0.0,0.0,0.35823997288686393,,,
1.0,1.0,0.6913078619210629,,,
1.0,0.0,0.4825280143565324,,,
1.0,1.0,0.5342698055638685,,,
0.0,0.0,0.36508234900745506,,,
0.0,0.0,0.48631309752577523,,,
0.0,0.0,0.35809959097230487,,,
0.0,0.0,0.43304036377224325,,,
1.0,1.0,0.563937465034353,,,
0.0,0.0,0.39893741226959933,,,
1.0,1.0,0.5844844193646548,,,
1.0,0.0,0.3588390876061803,,,
1.0,1.0,0.8104860095880951,,,
1.0,0.0,0.4156668881890896,,,
0.0,0.0,0.352789795931532,,,
1.0,0.0,0.4802701836153298,,,
1.0,1.0,0.5206029045071457,,,
0.0,0.0,0.48135917071640816,,,
0.0,0.0,0.40728097153236964,,,
1.0,1.0,0.621600085324512,,,
0.0,1.0,0.5652062092303944,,,
0.0,0.0,0.3309121607181089,,,
0.0,0.0,0.3730743441527358,,,
1.0,1.0,0.6865312644071947,,,
0.0,0.0,0.441496418157222,,,
1.0,1.0,0.5454367787130849,,,
1.0,0.0,0.4233876162235093,,,
1.0,0.0,0.429715722590576,,,
0.0,0.0,0.4448063891141121,,,
0.0,1.0,0.515627286461168,,,
1.0,0.0,0.46526191873824235,,,
0.0,0.0,0.3545077321158239,,,
1.0,1.0,0.7007425938109463,,,
0.0,0.0,0.39704950240413195,,,
1.0,1.0,0.5663839797615727,,,
0.0,0.0,0.3518475815809656,,,
1.0,0.0,0.43242874729398784,,,
1.0,0.0,0.4657249786704926,,,
0.0,0.0,0.3619002646112928,,,
0.0,0.0,0.3788570220728624,,,
1.0,0.0,0.3912475030368204,,,
1.0,0.0,0.48953555725542225,,,
0.0,1.0,0.5047688177812619,,,
0.0,0.0,0.369921118335547,,,
1.0,0.0,0.4917980674455845,,,
0.0,0.0,0.32639627331586873,,,
0.0,0.0,0.3344309570423377,,,
0.0,0.0,0.30823649316482543,,,
1.0,0.0,0.48368990211148905,,,
1.0,1.0,0.6885913600663651,,,
0.0,0.0,0.35283315222107126,,,
1.0,0.0,0.42092484606224034,,,
0.0,0.0,0.41320742545227723,,,
1.0,0.0,0.45500473093533694,,,
0.0,0.0,0.43977450288662034,,,
1.0,0.0,0.4578135872791083,,,
1.0,1.0,0.6986799061669574,,,
1.0,1.0,0.5510126541425596,,,
1.0,1.0,0.8195800920259362,,,
0.0,0.0,0.3482524860260418,,,
1.0,1.0,0.7302078136104833,,,
1.0,0.0,0.47116922352644436,,,
0.0,0.0,0.48462000263442484,,,
1.0,0.0,0.4767067134157365,,,
1.0,1.0,0.5894143962457256,,,
1.0,0.0,0.4911317778052819,,,
0.0,0.0,0.35708769535008755,,,
1.0,0.0,0.40506301868011546,,,
0.0,0.0,0.40803079863573977,,,
0.0,0.0,0.3669326874373604,,,
0.0,0.0,0.3664396755948745,,,
0.0,1.0,0.5274843451592284,,,
1.0,1.0,0.5150841944375509,,,
0.0,0.0,0.4537693285434482,,,
0.0,0.0,0.3668235489358867,,,
0.0,0.0,0.39121149002912314,,,
0.0,0.0,0.3562204297889542,,,
1.0,1.0,0.6042206942328826,,,
1.0,1.0,0.528430561827555,,,
0.0,0.0,0.4586197915845957,,,
1.0,1.0,0.5904426755054908,,,
0.0,0.0,0.38993968952143043,,,
0.0,0.0,0.3777422687908662,,,
0.0,0.0,0.3261364001858908,,,
1.0,1.0,0.7312369112085174,,,
1.0,1.0,0.7226266076713245,,,
1.0,0.0,0.47285938594965155,,,
1.0,1.0,0.5407589063417585,,,
1.0,0.0,0.38837719561566486,,,
0.0,0.0,0.3581341867559258,,,
1.0,1.0,0.5632876103284529,,,
1.0,1.0,0.7515398647219708,,,
0.0,1.0,0.5062116180924785,,,
1.0,0.0,0.3958847486850673,,,
0.0,0.0,0.4911265461333304,,,
0.0,0.0,0.33436078155412796,,,
1.0,1.0,0.5358781396355039,,,
1.0,1.0,0.7212046442970301,,,
0.0,0.0,0.3458004872014612,,,
1.0,1.0,0.5401961009506471,,,
0.0,0.0,0.3539182985156622,,,
1.0,0.0,0.3793793058485479,,,
1.0,0.0,0.48444825328963087,,,
0.0,0.0,0.3164254274350886,,,
1.0,0.0,0.45366240520805834,,,
0.0,0.0,0.3720127772012721,,,
0.0,0.0,0.40779538989523667,,,
0.0,0.0,0.2692479788231703,,,
1.0,1.0,0.5627409068224909,,,
1.0,0.0,0.4956603048959612,,,
1.0,1.0,0.6163834553524233,,,
0.0,0.0,0.3799598349217387,,,
0.0,0.0,0.4344190681765363,,,
0.0,0.0,0.4800322247129615,,,
0.0,0.0,0.39049232681487767,,,
1.0,0.0,0.45656907265300545,,,
0.0,0.0,0.411207240352272,,,
0.0,0.0,0.40656175662902616,,,
0.0,1.0,0.504073804612576,,,
1.0,0.0,0.4629407738737849,,,
0.0,0.0,0.36624038520368113,,,
0.0,1.0,0.5074222244011541,,,
0.0,0.0,0.4399032395049737,,,
0.0,0.0,0.3569473282080411,,,
1.0,1.0,0.6838186565861035,,,
0.0,0.0,0.4956173717800416,,,
1.0,1.0,0.5112008226844231,,,
1.0,0.0,0.45960150370248243,,,
0.0,0.0,0.3758215669510732,,,
0.0,0.0,0.40213203996972186,,,
0.0,0.0,0.4707541950249725,,,
1.0,1.0,0.6422155441668147,,,
1.0,1.0,0.5137800350838118,,,
1.0,1.0,0.5557323913293325,,,
0.0,0.0,0.3963682691312207,,,
1.0,0.0,0.49366884752943535,,,
0.0,0.0,0.40591071614097984,,,
1.0,0.0,0.40950307424833354,,,
0.0,0.0,0.39356969281861104,,,
1.0,1.0,0.5141435809680824,,,
1.0,1.0,0.5414263675026794,,,
0.0,0.0,0.4123384835080085,,,
1.0,1.0,0.8120369978305286,,,
1.0,0.0,0.3313713563802651,,,
0.0,0.0,0.42031137385537487,,,
0.0,1.0,0.5218626529707043,,,
1.0,0.0,0.4989636795484482,,,
1.0,0.0,0.4288297612543093,,,
0.0,0.0,0.42398271888343253,,,
1.0,0.0,0.4978928142855589,,,
1.0,0.0,0.40909248987283187,,,
0.0,0.0,0.41728923756741193,,,
0.0,0.0,0.48462302288192133,,,
0.0,0.0,0.39977666548773727,,,
0.0,1.0,0.5054353818361855,,,
0.0,0.0,0.3437924321976125,,,
0.0,0.0,0.42704089430339476,,,
0.0,0.0,0.3944911587506488,,,
1.0,1.0,0.6626011401743188,,,
0.0,0.0,0.39778845403482926,,,
0.0,0.0,0.4135152048097126,,,
1.0,0.0,0.4768423912837796,,,
1.0,1.0,0.6559317506045694,,,
0.0,0.0,0.3654972847724521,,,
1.0,1.0,0.6927999199200988,,,
0.0,0.0,0.43627099655300505,,,
0.0,0.0,0.3787052241962774,,,
1.0,1.0,0.533671222290081,,,
0.0,0.0,0.4114024469251311,,,
0.0,0.0,0.44920311370505134,,,
1.0,1.0,0.5434566164224488,,,
0.0,1.0,0.5090201688437388,,,
1.0,0.0,0.3531946231345419,,,
0.0,0.0,0.4531057158661692,,,
1.0,0.0,0.4928394199509212,,,
1.0,0.0,0.4655472558832997,,,
1.0,1.0,0.525583263939314,,,
0.0,0.0,0.3714121344982068,,,
1.0,0.0,0.44308416113947513,,,
0.0,0.0,0.4996111089007768,,,
0.0,0.0,0.4332979973639112,,,
0.0,0.0,0.46122837599012567,,,
0.0,0.0,0.29833343897580844,,,
0.0,0.0,0.38100410800800594,,,
0.0,1.0,0.6132381767176711,,,
0.0,0.0,0.37215638748534025,,,
0.0,1.0,0.5115309092104364,,,
0.0,1.0,0.5394316013639455,,,
1.0,1.0,0.620083521345057,,,
1.0,0.0,0.49526732908318466,,,
1.0,1.0,0.5589203932869065,,,
1.0,1.0,0.578338638341167,,,
1.0,1.0,0.6074990655489855,,,
0.0,0.0,0.49389942316454255,,,
1.0,0.0,0.33818413571449707,,,
1.0,0.0,0.46475623159726076,,,
0.0,0.0,0.4756079735126464,,,
0.0,1.0,0.5399638369902464,,,
0.0,0.0,0.35602181122282356,,,
1.0,0.0,0.36743260151841245,,,
1.0,1.0,0.5840705508951578,,,
0.0,0.0,0.4481385860667321,,,
1.0,1.0,0.5709208502192971,,,
0.0,1.0,0.5479392608616019,,,
0.0,0.0,0.3291386099637981,,,
1.0,0.0,0.4851305840804177,,,
0.0,0.0,0.3764475084841015,,,
0.0,0.0,0.4448999347192151,,,
1.0,0.0,0.39771654435933285,,,
1.0,0.0,0.417914413686991,,,
1.0,1.0,0.6390733827438927,,,
1.0,1.0,0.5061092435974506,,,
0.0,0.0,0.37609685856963504,,,
1.0,0.0,0.3978795402031464,,,
0.0,0.0,0.43053668184301663,,,
1.0,1.0,0.5873484486629721,,,
1.0,1.0,0.6295410330059864,,,
1.0,1.0,0.572759888864815,,,
0.0,0.0,0.40023196051794824,,,
1.0,0.0,0.42728727503715885,,,
1.0,0.0,0.4944296896032702,,,
0.0,1.0,0.5312060035778674,,,
0.0,0.0,0.40286845181130426,,,
1.0,0.0,0.4655029305203956,,,
1.0,0.0,0.47434842659674703,,,
0.0,0.0,0.3521138326633972,,,
1.0,1.0,0.6410763494855949,,,
0.0,0.0,0.41853103123006236,,,
1.0,1.0,0.5657032021772637,,,
1.0,0.0,0.4787279726852016,,,
1.0,1.0,0.6459825718447647,,,
0.0,0.0,0.442423542705505,,,
0.0,0.0,0.4543505089734312,,,
1.0,1.0,0.7094662237538469,,,
0.0,0.0,0.4380154770162212,,,
1.0,0.0,0.4904702027214698,,,
1.0,0.0,0.42205186474028694,,,
1.0,1.0,0.7207058934487015,,,
0.0,0.0,0.3582197378512207,,,
1.0,1.0,0.6916228616245572,,,
0.0,0.0,0.3794715704249913,,,
0.0,0.0,0.4643984808984658,,,
1.0,1.0,0.6065256466574555,,,
1.0,1.0,0.5619949628274904,,,
0.0,0.0,0.3965639310441365,,,
1.0,1.0,0.6084110367419674,,,
0.0,0.0,0.34811910899584986,,,
1.0,1.0,0.5179733383965774,,,
1.0,1.0,0.5211381577056611,,,
1.0,1.0,0.5898245096283469,,,
1.0,1.0,0.5812308085601109,,,
1.0,1.0,0.7252976085252437,,,
0.0,0.0,0.47479457848129325,,,
0.0,0.0,0.45717388777850143,,,
0.0,0.0,0.4569936502397949,,,
0.0,0.0,0.3397905046597404,,,
1.0,0.0,0.4699236605131747,,,
1.0,1.0,0.611137476401069,,,
0.0,0.0,0.4505582892515553,,,
0.0,0.0,0.36985253851721367,,,
0.0,0.0,0.44600882051310475,,,
0.0,0.0,0.4919063685158142,,,
1.0,1.0,0.6171233993336436,,,
0.0,0.0,0.43819463739826464,,,
1.0,1.0,0.5942877565234161,,,
0.0,0.0,0.3940661578456234,,,
1.0,1.0,0.6606670018879057,,,
0.0,0.0,0.4231729551320951,,,
1.0,1.0,0.5429627737182451,,,
1.0,0.0,0.420898400485645,,,
1.0,0.0,0.4339632379030713,,,
1.0,1.0,0.7718410344197688,,,
0.0,0.0,0.3586254896438626,,,
0.0,0.0,0.4216044713370431,,,
0.0,0.0,0.316118046380229,,,
0.0,1.0,0.5431165224658017,,,
0.0,1.0,0.5321294690962928,,,
1.0,0.0,0.4709110319179211,,,
1.0,1.0,0.5632760330747159,,,
1.0,1.0,0.5651428544869608,,,
0.0,0.0,0.3958348178693138,,,
1.0,1.0,0.5179305018970826,,,
1.0,0.0,0.4539386825291736,,,
0.0,0.0,0.4434737374228846,,,
0.0,0.0,0.3860968073204506,,,
0.0,0.0,0.34326676749506285,,,
1.0,0.0,0.45800461626706923,,,
1.0,1.0,0.5417818182778543,,,
0.0,0.0,0.22894814627247426,,,
1.0,0.0,0.46246135270229716,,,
1.0,1.0,0.5153839777306595,,,
0.0,1.0,0.6065542508015657,,,
1.0,1.0,0.8151230735114161,,,
0.0,0.0,0.42729554763847566,,,
0.0,0.0,0.437219465911723,,,
1.0,1.0,0.6844205145488051,,,
0.0,0.0,0.43106641703446097,,,
0.0,1.0,0.519979010488055,,,
0.0,0.0,0.40420218646357087,,,
0.0,0.0,0.39829166052378917,,,
1.0,1.0,0.5199872758863945,,,
1.0,1.0,0.5197821436014763,,,
0.0,0.0,0.3942829976697422,,,
0.0,0.0,0.4919136957103342,,,
0.0,0.0,0.3695871403939479,,,
0.0,0.0,0.4038716923476191,,,
1.0,0.0,0.42054204582330207,,,
0.0,0.0,0.34843876883537983,,,
0.0,0.0,0.33891525139439843,,,
0.0,0.0,0.3965427164132301,,,
1.0,0.0,0.39507820352425904,,,
0.0,1.0,0.5092671943194987,,,
1.0,1.0,0.5135190165153564,,,
0.0,0.0,0.3693803833460845,,,
0.0,1.0,0.5594313301756573,,,
1.0,1.0,0.7105312908524857,,,
0.0,0.0,0.3848359174723589,,,
1.0,0.0,0.4295046216659574,,,
1.0,0.0,0.44939272058660734,,,
1.0,1.0,0.5614909277534362,,,
1.0,1.0,0.5040389101892734,,,
0.0,0.0,0.39498414549631217,,,
1.0,1.0,0.5085445109437835,,,
1.0,0.0,0.4521891361978219,,,
0.0,0.0,0.3524390610344096,,,
0.0,1.0,0.6051415001200912,,,
0.0,0.0,0.3398136712318596,,,
1.0,1.0,0.58210593856658,,,
0.0,0.0,0.3716060335481839,,,
0.0,0.0,0.49856459924676994,,,
1.0,1.0,0.724522650967626,,,
1.0,1.0,0.7345794748249486,,,
1.0,1.0,0.6865362365862747,,,
1.0,1.0,0.7037242198407914,,,
0.0,0.0,0.4775999874691565,,,
1.0,1.0,0.7266485476101667,,,
1.0,1.0,0.7392138520126164,,,
0.0,0.0,0.4028861424252322,,,
0.0,0.0,0.3302642810032832,,,
0.0,0.0,0.3632597292132835,,,
0.0,0.0,0.41907880271477915,,,
0.0,0.0,0.43721749363529666,,,
1.0,1.0,0.5028341339886799,,,
1.0,1.0,0.5256708301956446,,,
0.0,0.0,0.44464695425657264,,,
0.0,0.0,0.4016741785628028,,,
0.0,0.0,0.34335066934551794,,,
1.0,0.0,0.33867253310093,,,
1.0,0.0,0.3765224024384503,,,
0.0,0.0,0.34716081133040916,,,
0.0,0.0,0.4505628070536486,,,
0.0,1.0,0.5592646687584397,,,
0.0,1.0,0.6362045961299196,,,
1.0,0.0,0.47322966238857817,,,
1.0,1.0,0.8328887678884183,,,
1.0,0.0,0.45551431385021135,,,
1.0,1.0,0.7140146159987931,,,
1.0,0.0,0.3995712722496008,,,
0.0,0.0,0.371632602428598,,,
0.0,0.0,0.4296542207904926,,,
0.0,0.0,0.49171384645151367,,,
0.0,0.0,0.47954815315075067,,,
1.0,1.0,0.5800285612508629,,,
0.0,0.0,0.36980114218394183,,,
0.0,0.0,0.43507991306395605,,,
0.0,0.0,0.363246136914178,,,
1.0,1.0,0.555173602755943,,,
0.0,0.0,0.4338886468363533,,,
1.0,0.0,0.42288392851135115,,,
1.0,0.0,0.46224423902919765,,,
0.0,0.0,0.36894322061957374,,,
1.0,0.0,0.4566956102773244,,,
0.0,0.0,0.42765956577584724,,,
0.0,0.0,0.3184874348108532,,,
1.0,1.0,0.6410445767405074,,,
0.0,0.0,0.37278600643875853,,,
1.0,0.0,0.41141677391115067,,,
1.0,1.0,0.555340039585863,,,
1.0,1.0,0.5669806765054022,,,
1.0,1.0,0.5431553208331058,,,
0.0,0.0,0.3830862482666211,,,
1.0,1.0,0.6700639233817599,,,
1.0,0.0,0.41342796000195353,,,
1.0,1.0,0.5067604675576937,,,
0.0,0.0,0.4441150561596555,,,
0.0,0.0,0.4427169672992814,,,
1.0,0.0,0.3926315929583767,,,
0.0,0.0,0.4240446998493604,,,
0.0,1.0,0.5359456777131748,,,
1.0,0.0,0.39496939271528775,,,
0.0,0.0,0.4447314784341213,,,
0.0,0.0,0.3945313847964838,,,
1.0,1.0,0.7357926251465674,,,
1.0,0.0,0.47811193182290207,,,
1.0,1.0,0.5499623886073156,,,
1.0,1.0,0.6262911558751966,,,
1.0,0.0,0.45898105174548387,,,
1.0,1.0,0.7861528828900309,,,
1.0,1.0,0.6780390866006673,,,
0.0,0.0,0.3649082763427523,,,
0.0,0.0,0.38781787594004,,,
1.0,1.0,0.5499725530982533,,,
1.0,0.0,0.4333969898038366,,,
1.0,1.0,0.5700744132663093,,,
0.0,0.0,0.40511717047520823,,,
0.0,0.0,0.40382534028041267,,,
0.0,0.0,0.4475319123638195,,,
1.0,1.0,0.5128779918711849,,,
1.0,1.0,0.6018414523302629,,,
0.0,1.0,0.5021925153111112,,,
0.0,0.0,0.42063856044082376,,,
1.0,1.0,0.6110217010631454,,,
1.0,1.0,0.7041410612456962,,,
0.0,0.0,0.36159401858962426,,,
0.0,0.0,0.3029484847224507,,,
0.0,0.0,0.4021133215917442,,,
0.0,0.0,0.3764810800936013,,,
0.0,1.0,0.5296226601880696,,,
1.0,1.0,0.6459243784182481,,,
0.0,0.0,0.4422211403178394,,,
0.0,0.0,0.35190990659500176,,,
0.0,0.0,0.49254863735140286,,,
0.0,0.0,0.42100292467715783,,,
1.0,0.0,0.4679628779055015,,,
1.0,0.0,0.43887665462186326,,,
0.0,0.0,0.39332958956966174,,,
1.0,1.0,0.7699510606238884,,,
1.0,1.0,0.6724478417035774,,,
1.0,0.0,0.4669288988124659,,,
0.0,1.0,0.5361353852153646,,,
0.0,0.0,0.40744569348848264,,,
1.0,1.0,0.5256859874330918,,,
1.0,0.0,0.41298712447147445,,,
0.0,1.0,0.5210338382557367,,,
1.0,1.0,0.5762205239942773,,,
1.0,0.0,0.4428472572694526,,,
0.0,0.0,0.29549339495806237,,,
0.0,0.0,0.3751248012610699,,,
0.0,0.0,0.37369139358307857,,,
1.0,0.0,0.4179825327964652,,,
1.0,1.0,0.5186622663591357,,,
0.0,0.0,0.47370730218971624,,,
0.0,0.0,0.3467028380873634,,,
1.0,1.0,0.6898945787457442,,,
0.0,0.0,0.3846545884248039,,,
1.0,1.0,0.5058453883270099,,,
1.0,1.0,0.548947614093663,,,
0.0,0.0,0.42473363874244563,,,
1.0,0.0,0.4084544167097394,,,
0.0,0.0,0.31403902346740026,,,
0.0,0.0,0.4987857294362362,,,
0.0,1.0,0.524581843496179,,,
0.0,0.0,0.4083351931473297,,,
0.0,0.0,0.42732342887838887,,,
0.0,0.0,0.34656173664566187,,,
0.0,0.0,0.34883477272127,,,
0.0,1.0,0.5226022379386362,,,
1.0,1.0,0.6083800812877267,,,
1.0,0.0,0.3624372835319708,,,
0.0,0.0,0.37004371117022444,,,
1.0,1.0,0.5409908145783342,,,
1.0,1.0,0.689373216758206,,,
1.0,1.0,0.7274119814235183,,,
1.0,1.0,0.7221369591820777,,,
0.0,0.0,0.4424393751442791,,,
0.0,1.0,0.5237379293586473,,,
1.0,1.0,0.6155872773636144,,,
1.0,1.0,0.5617028077980863,,,
0.0,0.0,0.4500845253501924,,,
0.0,0.0,0.2870758608380575,,,
0.0,0.0,0.3635428933624721,,,
1.0,0.0,0.4691662508106652,,,
1.0,0.0,0.442968438382521,,,
0.0,0.0,0.24952285402697175,,,
1.0,1.0,0.7201379654086848,,,
1.0,1.0,0.569617913340862,,,
0.0,0.0,0.40128360690790543,,,
0.0,0.0,0.44347078792787875,,,
0.0,0.0,0.44796550493693676,,,
0.0,1.0,0.6068889402876857,,,
1.0,1.0,0.623186354924462,,,
1.0,1.0,0.6663964163630579,,,
0.0,0.0,0.47726098315162235,,,
0.0,0.0,0.40095391523109547,,,
0.0,0.0,0.37603913972072395,,,
1.0,1.0,0.68564250466564,,,
1.0,1.0,0.5507815629148629,,,
0.0,0.0,0.35962430592439937,,,
1.0,1.0,0.6496003904269932,,,
1.0,0.0,0.42779880163105105,,,
0.0,0.0,0.35035862891304764,,,
0.0,0.0,0.34681491265624464,,,
1.0,0.0,0.44711146638442384,,,
0.0,0.0,0.3045896205541202,,,
0.0,0.0,0.27744201987411277,,,
0.0,1.0,0.5961380644060641,,,
1.0,0.0,0.4166337018842891,,,
0.0,0.0,0.38926311456646817,,,
0.0,0.0,0.49439486163391605,,,
0.0,0.0,0.4120640604753288,,,
0.0,0.0,0.37768723700358187,,,
0.0,0.0,0.35909141293644015,,,
0.0,0.0,0.3742531203299703,,,
1.0,0.0,0.47805092730692794,,,
0.0,0.0,0.36870486841269867,,,
1.0,0.0,0.43854520320212437,,,
1.0,1.0,0.5201082303467237,,,
1.0,1.0,0.5635545530859138,,,
0.0,0.0,0.486995405476279,,,
0.0,0.0,0.43126754669919715,,,
0.0,0.0,0.3927165771253881,,,
1.0,1.0,0.6380482800660329,,,
0.0,0.0,0.32541229587885934,,,
0.0,0.0,0.38268286207334845,,,
1.0,1.0,0.7599262558665992,,,
0.0,0.0,0.43599917498923396,,,
1.0,0.0,0.47869656682236184,,,
1.0,0.0,0.43216049110896987,,,
0.0,0.0,0.44227072415877466,,,
0.0,1.0,0.5029054884832596,,,
0.0,0.0,0.45580250794148336,,,
0.0,0.0,0.45595209123216424,,,
1.0,0.0,0.3903830711901729,,,
0.0,0.0,0.3926271993797814,,,
0.0,0.0,0.3846545884248039,,,
0.0,0.0,0.49920274342273674,,,
0.0,0.0,0.4292529436059265,,,
1.0,0.0,0.44347921062363577,,,
0.0,0.0,0.4275161067464563,,,
0.0,0.0,0.41522014743527286,,,
1.0,0.0,0.38964536668964067,,,
1.0,1.0,0.7389773572502387,,,
0.0,0.0,0.49872013590125336,,,
1.0,1.0,0.8046652092922028,,,
1.0,0.0,0.3984519275707792,,,
1.0,1.0,0.6068708735001471,,,
1.0,0.0,0.4661303668470068,,,
1.0,1.0,0.5886368396540951,,,
0.0,0.0,0.3172141684227844,,,
0.0,0.0,0.30823649316482543,,,
0.0,0.0,0.4392022948963641,,,
0.0,0.0,0.44980521831991677,,,
0.0,0.0,0.40458566085862124,,,
1.0,1.0,0.5745996250769537,,,
1.0,1.0,0.6523068406702308,,,
0.0,0.0,0.42544993410776155,,,
1.0,0.0,0.4096608607269856,,,
0.0,1.0,0.5130680725968707,,,
0.0,0.0,0.3761189734876935,,,
1.0,1.0,0.6014219507675364,,,
0.0,0.0,0.43314818810174927,,,
0.0,0.0,0.3708458625268864,,,
1.0,0.0,0.35038443815336967,,,
0.0,1.0,0.6748513186048224,,,
1.0,1.0,0.532628230301526,,,
0.0,0.0,0.39954503524041957,,,
1.0,1.0,0.541342788164519,,,
0.0,0.0,0.47811193182290207,,,
1.0,0.0,0.3793565895487426,,,
0.0,1.0,0.5501213296665923,,,
1.0,1.0,0.6326496076788344,,,
0.0,0.0,0.4584572625421793,,,
1.0,1.0,0.6258683659311012,,,
1.0,0.0,0.4014898981044153,,,
1.0,1.0,0.5074898894125662,,,
1.0,1.0,0.7419627008976305,,,
1.0,1.0,0.7235123900464894,,,
0.0,0.0,0.49579895781642164,,,
0.0,0.0,0.4021587105895091,,,
1.0,1.0,0.5106211496309491,,,
1.0,1.0,0.6842871052884401,,,
0.0,1.0,0.5143661967213274,,,
1.0,0.0,0.43056583843439017,,,
1.0,1.0,0.7907193267861832,,,
1.0,1.0,0.5002798076336772,,,
1.0,0.0,0.4981385989825051,,,
1.0,1.0,0.5187423617889498,,,
1.0,0.0,0.39999672582363954,,,
0.0,0.0,0.4512082165558858,,,
1.0,1.0,0.7230774937418843,,,
1.0,1.0,0.5452765758763964,,,
1.0,1.0,0.5938230018638666,,,
1.0,1.0,0.6574948072313194,,,
1.0,0.0,0.47604121905306757,,,
0.0,0.0,0.30924864776749406,,,
1.0,1.0,0.5641166202709649,,,
0.0,0.0,0.4525630304641461,,,
0.0,0.0,0.4550510305328742,,,
0.0,0.0,0.42301057312779117,,,
1.0,1.0,0.7280044334546726,,,
0.0,0.0,0.3828973768809319,,,
1.0,1.0,0.513468117859261,,,
1.0,1.0,0.6456006845140028,,,
0.0,0.0,0.3984491739643615,,,
1.0,1.0,0.5652062092303944,,,
1.0,1.0,0.562704254787884,,,
1.0,1.0,0.8134028812636671,,,
0.0,1.0,0.6570407756215101,,,
0.0,0.0,0.4162773856094523,,,
1.0,1.0,0.6375938770546575,,,
0.0,0.0,0.4264092515166697,,,
1.0,1.0,0.5619668515519558,,,
0.0,0.0,0.34281109313481145,,,
0.0,0.0,0.38871185902926314,,,
1.0,0.0,0.4273545497720222,,,
1.0,1.0,0.6889954615480675,,,
0.0,0.0,0.315963646883214,,,
1.0,0.0,0.38132668854236,,,
1.0,1.0,0.6602263789669967,,,
1.0,1.0,0.5350555115847204,,,
0.0,0.0,0.408050039356892,,,
0.0,0.0,0.3313720172150422,,,
0.0,0.0,0.4736400585315657,,,
1.0,0.0,0.44933508200374,,,
1.0,0.0,0.4087104703970111,,,
0.0,0.0,0.4400115321668967,,,
1.0,1.0,0.5771263097073179,,,
1.0,1.0,0.7636589551466058,,,
1.0,0.0,0.43051168941021106,,,
1.0,1.0,0.5769922198251812,,,
1.0,1.0,0.5308579623538016,,,
1.0,1.0,0.5183040005759858,,,
1.0,1.0,0.7545350504117335,,,
0.0,0.0,0.3837178191346495,,,
1.0,1.0,0.5906037144898062,,,
1.0,0.0,0.33521665990563915,,,
1.0,1.0,0.7192168473749774,,,
1.0,1.0,0.6292525687922629,,,
0.0,0.0,0.4244764760165022,,,
0.0,0.0,0.4313826594584385,,,
0.0,0.0,0.4300978697789591,,,
0.0,0.0,0.4004673206087673,,,
1.0,1.0,0.598587631864908,,,
0.0,0.0,0.46111094162677424,,,
1.0,1.0,0.561600748373547,,,
1.0,1.0,0.6743645098823194,,,
1.0,0.0,0.49754437855862965,,,
0.0,0.0,0.32090876428233145,,,
0.0,0.0,0.3337206070172949,,,
1.0,0.0,0.46332846101812614,,,
0.0,0.0,0.4299409559646426,,,
0.0,0.0,0.362490601228955,,,
0.0,0.0,0.3976252561127253,,,
0.0,0.0,0.375673787553756,,,
0.0,0.0,0.3971378216434836,,,
1.0,1.0,0.7782450430690814,,,
0.0,0.0,0.37952520650662136,,,
1.0,1.0,0.6749751359999356,,,
0.0,0.0,0.37154676169208667,,,
0.0,1.0,0.5396825992400244,,,
0.0,0.0,0.4125870949296996,,,
1.0,1.0,0.5695096507437348,,,
1.0,1.0,0.6111909903504723,,,
1.0,0.0,0.4210408553888912,,,
0.0,0.0,0.3784451682743434,,,
0.0,0.0,0.39497723134465357,,,
0.0,0.0,0.3479247460801304,,,
0.0,0.0,0.34170454702477565,,,
0.0,0.0,0.48630190680552665,,,
1.0,0.0,0.4704258401069177,,,
0.0,0.0,0.41473458703215094,,,
1.0,1.0,0.818266128366278,,,
1.0,0.0,0.3489823287695823,,,
1.0,1.0,0.7674292522498674,,,
1.0,1.0,0.6828136253763597,,,
0.0,0.0,0.4016449799080494,,,
0.0,0.0,0.34886688380949876,,,
0.0,1.0,0.527589566766272,,,
0.0,0.0,0.4052989781532607,,,
0.0,1.0,0.5837347640143689,,,
0.0,1.0,0.5814093824048814,,,
1.0,0.0,0.40322211811399733,,,
0.0,0.0,0.42738838881571406,,,
1.0,1.0,0.5472051477397146,,,
0.0,0.0,0.3701159677829121,,,
1.0,1.0,0.5617913744724746,,,
1.0,1.0,0.5815669621255906,,,
0.0,0.0,0.3909478241976374,,,
0.0,0.0,0.48216257964633197,,,
0.0,0.0,0.3945838092319884,,,
0.0,0.0,0.4834694316104879,,,
1.0,1.0,0.7700566121086863,,,
1.0,0.0,0.425709806931861,,,
0.0,0.0,0.41899036862889133,,,
0.0,0.0,0.40164997618515524,,,
0.0,0.0,0.32547423282572957,,,
0.0,0.0,0.3271551849033061,,,
1.0,1.0,0.5017130211935872,,,
1.0,0.0,0.4910696182730339,,,
0.0,0.0,0.45065244947508776,,,
1.0,0.0,0.38888011080424373,,,
0.0,0.0,0.4718444771963855,,,
0.0,0.0,0.44863744056962557,,,
0.0,0.0,0.4196447924035044,,,
1.0,0.0,0.4797936583695633,,,
1.0,0.0,0.48371218590917253,,,
0.0,0.0,0.4865159174543056,,,
0.0,0.0,0.4009688605322879,,,
0.0,0.0,0.3396539305645083,,,
1.0,0.0,0.29669425517198933,,,
1.0,0.0,0.39998448488844945,,,
1.0,1.0,0.6740239378236852,,,
1.0,1.0,0.6377173434750089,,,
0.0,0.0,0.36533946322825256,,,
0.0,0.0,0.4005298943197826,,,
0.0,0.0,0.4387501485482381,,,
0.0,0.0,0.4582308047964163,,,
1.0,1.0,0.5173675714782439,,,
1.0,0.0,0.4733602913790673,,,
1.0,0.0,0.34642837103145224,,,
0.0,0.0,0.4638494717351045,,,
0.0,0.0,0.4256283769977205,,,
1.0,0.0,0.4477607243276427,,,
0.0,0.0,0.42245766996323675,,,
1.0,1.0,0.6856308147640273,,,
0.0,0.0,0.4695132483431838,,,
1.0,0.0,0.44965631128661865,,,
1.0,1.0,0.7902924349625278,,,
1.0,0.0,0.47216829623969236,,,
0.0,0.0,0.35013282265508316,,,
0.0,0.0,0.25790554221813805,,,
1.0,1.0,0.7310881963683147,,,
0.0,1.0,0.6774454314953122,,,
1.0,0.0,0.383466831948552,,,
0.0,0.0,0.43540857074585204,,,
0.0,0.0,0.44181189931568243,,,
1.0,1.0,0.5816961106555233,,,
1.0,1.0,0.5141641010943713,,,
0.0,0.0,0.3772989036644118,,,
1.0,1.0,0.5190092662247384,,,
1.0,0.0,0.4868750112960977,,,
0.0,0.0,0.35012206220076625,,,
1.0,1.0,0.6178697407377375,,,
0.0,0.0,0.3911422959557728,,,
1.0,0.0,0.47321889040985876,,,
1.0,0.0,0.47260259613571676,,,
1.0,1.0,0.5983956408062724,,,
0.0,0.0,0.30676643119112246,,,
0.0,0.0,0.3444622217897652,,,
0.0,1.0,0.6101865614793675,,,
1.0,0.0,0.437761159026441,,,
0.0,0.0,0.42457926755303527,,,
1.0,0.0,0.4364746527762665,,,
0.0,0.0,0.4329395511738617,,,
1.0,0.0,0.4209473933291826,,,
1.0,1.0,0.5765879321699173,,,
0.0,0.0,0.3636522225421468,,,
0.0,0.0,0.22236044123092744,,,
0.0,0.0,0.37843205520896195,,,
1.0,1.0,0.5070147072821176,,,
1.0,1.0,0.5618955810825553,,,
1.0,1.0,0.5901548368311306,,,
1.0,0.0,0.39081892615318126,,,
0.0,0.0,0.3574857160347459,,,
1.0,1.0,0.8147138116507725,,,
1.0,1.0,0.599405421393726,,,
0.0,0.0,0.35990353686263793,,,
1.0,1.0,0.5805154081758324,,,
1.0,1.0,0.5361806815438313,,,
0.0,0.0,0.3819868984403603,,,
1.0,0.0,0.3514725030207191,,,
0.0,0.0,0.3823217494905604,,,
0.0,0.0,0.44739289210099226,,,
0.0,1.0,0.5894233091774873,,,
0.0,1.0,0.5089919396605679,,,
1.0,1.0,0.5067283178306189,,,
1.0,0.0,0.4292964779422598,,,
0.0,0.0,0.42308784332739924,,,
1.0,0.0,0.445859530144381,,,
0.0,1.0,0.5399581562888921,,,
1.0,1.0,0.6579832084602502,,,
1.0,1.0,0.7803003860035516,,,
1.0,0.0,0.46947663645358384,,,
0.0,0.0,0.46567568841730955,,,
0.0,0.0,0.44916056930445764,,,
0.0,0.0,0.40030874167480024,,,
0.0,0.0,0.3680921282912171,,,
0.0,0.0,0.3655590003288522,,,
0.0,0.0,0.3593482330051376,,,
0.0,0.0,0.3284380672897324,,,
0.0,0.0,0.415013973947219,,,
0.0,0.0,0.37784283231043614,,,
0.0,0.0,0.3201286941489173,,,
1.0,1.0,0.6175126656953877,,,
1.0,1.0,0.7197586265521311,,,
0.0,0.0,0.3335163299126332,,,
1.0,0.0,0.4645103343269791,,,
1.0,1.0,0.698933470869085,,,
1.0,0.0,0.4333919882227646,,,
0.0,0.0,0.2903589774496649,,,
0.0,0.0,0.36102267263216997,,,
0.0,1.0,0.5641166202709649,,,
1.0,0.0,0.3998815379970561,,,
0.0,0.0,0.3968570220650013,,,
0.0,0.0,0.397995870507516,,,
0.0,0.0,0.39934513920297515,,,
1.0,0.0,0.38408135087843204,,,
0.0,0.0,0.43000415794997426,,,
1.0,0.0,0.3240550470167562,,,
0.0,0.0,0.3737630338083941,,,
1.0,1.0,0.5003151308140288,,,
0.0,0.0,0.4973476236061159,,,
0.0,0.0,0.3356208099851362,,,
1.0,0.0,0.44814241891177925,,,
1.0,1.0,0.5004344221603331,,,
1.0,1.0,0.6087999967169007,,,
0.0,1.0,0.5049122109816319,,,
0.0,0.0,0.4114041212739441,,,
1.0,1.0,0.5377598315899512,,,
0.0,0.0,0.4200374706592443,,,
1.0,0.0,0.4807629712494236,,,
1.0,1.0,0.5221558058068446,,,
0.0,0.0,0.3625016547316,,,
1.0,0.0,0.3620875856160015,,,
0.0,1.0,0.5418543900902167,,,
0.0,0.0,0.30969893147108846,,,
0.0,0.0,0.2949181271246357,,,
1.0,1.0,0.5357580290742671,,,
0.0,0.0,0.4571314926726178,,,
1.0,1.0,0.7752232784945259,,,
1.0,0.0,0.32595099903212826,,,
0.0,0.0,0.42503067598762423,,,
1.0,1.0,0.5970611993692698,,,
0.0,0.0,0.38507163426972724,,,
1.0,1.0,0.6881660743182584,,,
1.0,0.0,0.4707465040711176,,,
1.0,1.0,0.7719403331239307,,,
0.0,0.0,0.3600929666078813,,,
1.0,1.0,0.7184977593453691,,,
1.0,1.0,0.5408049229786721,,,
0.0,0.0,0.49212858306940854,,,
0.0,0.0,0.41839731222374144,,,
0.0,0.0,0.47993553461649174,,,
0.0,0.0,0.29615198253748787,,,
1.0,1.0,0.7617119124942415,,,
0.0,0.0,0.4074918149746129,,,
0.0,0.0,0.34959067922165055,,,
0.0,0.0,0.49627666017527033,,,
1.0,0.0,0.4527274373367107,,,
0.0,0.0,0.44196520769234876,,,
0.0,0.0,0.3777121067291134,,,
0.0,0.0,0.4512669294505512,,,
1.0,0.0,0.38554604551295496,,,
0.0,0.0,0.35219567396347906,,,
0.0,0.0,0.47216829623969236,,,
0.0,0.0,0.4648494474742794,,,
1.0,0.0,0.38544725326561763,,,
0.0,0.0,0.3502129685329726,,,
0.0,0.0,0.40076578132668544,,,
1.0,1.0,0.5351460084788416,,,
0.0,0.0,0.3534274121944622,,,
1.0,1.0,0.7730484547792267,,,
0.0,0.0,0.409492662252786,,,
0.0,0.0,0.4533240289803147,,,
1.0,0.0,0.48250052967665125,,,
0.0,0.0,0.38009732683141995,,,
0.0,0.0,0.38142113096598157,,,
0.0,0.0,0.3947721710195333,,,
0.0,0.0,0.41119557499611,,,
0.0,1.0,0.5197428009102502,,,
1.0,1.0,0.6109539155640736,,,
0.0,0.0,0.39278026911973263,,,
0.0,0.0,0.4571314926726178,,,
1.0,1.0,0.5275465807345494,,,
1.0,0.0,0.47608145340762825,,,
1.0,1.0,0.5090579925718759,,,
1.0,1.0,0.7859696054929385,,,
0.0,0.0,0.42088610739415416,,,
0.0,0.0,0.35317272230006136,,,
1.0,0.0,0.3981865200289322,,,
1.0,1.0,0.5134189338785204,,,
1.0,1.0,0.7788105102555033,,,
1.0,1.0,0.8244250326519997,,,
0.0,0.0,0.4328482209603189,,,
0.0,0.0,0.3681874081320596,,,
0.0,0.0,0.31115845378022594,,,
1.0,0.0,0.4643964180472319,,,
1.0,1.0,0.6094655858840811,,,
1.0,0.0,0.43609106356624305,,,
0.0,0.0,0.3423636577086135,,,
1.0,1.0,0.5272951339923628,,,
1.0,1.0,0.5524396420453483,,,
0.0,1.0,0.5496140084041689,,,
0.0,0.0,0.4113448347223177,,,
0.0,0.0,0.3563693322985179,,,
1.0,0.0,0.42795054347030664,,,
0.0,0.0,0.48694683310563847,,,
1.0,0.0,0.4361009151331926,,,
0.0,0.0,0.3328763862767431,,,
1.0,1.0,0.5322489655404529,,,
0.0,0.0,0.3117666123987084,,,
1.0,0.0,0.47655165531359994,,,
0.0,0.0,0.3525711582426483,,,
0.0,0.0,0.4682030876475534,,,
0.0,0.0,0.37439690064810444,,,
0.0,0.0,0.263246398336991,,,
1.0,0.0,0.3827860474079162,,,
1.0,0.0,0.4649116254683087,,,
1.0,0.0,0.46693119966359387,,,
0.0,0.0,0.36946399903998306,,,
0.0,0.0,0.3538006759074672,,,
1.0,1.0,0.5957641009539485,,,
1.0,1.0,0.5290900452423367,,,
0.0,0.0,0.35345214000493375,,,
1.0,0.0,0.4658161181112926,,,
0.0,0.0,0.39997597533748586,,,
0.0,0.0,0.4014120298759382,,,
1.0,0.0,0.4216354894749037,,,
0.0,0.0,0.47998495988760714,,,
0.0,0.0,0.38242551000700403,,,
1.0,0.0,0.43871089002063285,,,
0.0,0.0,0.37447516189967667,,,
0.0,0.0,0.38003580538300297,,,
0.0,0.0,0.42029107191689064,,,
1.0,1.0,0.6269829537366995,,,
0.0,0.0,0.35464076879828416,,,
1.0,1.0,0.5477997496526087,,,
0.0,0.0,0.39597713932488465,,,
1.0,1.0,0.5122597598158527,,,
0.0,0.0,0.3661903210166115,,,
1.0,1.0,0.567807468903467,,,
0.0,0.0,0.4464696221176364,,,
1.0,1.0,0.6594691951243274,,,
1.0,0.0,0.45150761338348333,,,
1.0,0.0,0.44202889483740176,,,
0.0,1.0,0.5159298970857461,,,
0.0,0.0,0.4717890258363727,,,
0.0,0.0,0.38720879547166626,,,
1.0,1.0,0.5027663231431304,,,
0.0,0.0,0.28897209551174263,,,
0.0,0.0,0.4497404567377635,,,
0.0,0.0,0.40066924665920656,,,
0.0,0.0,0.4576154354512236,,,
0.0,0.0,0.4820026888561236,,,
1.0,1.0,0.5297208584884615,,,
1.0,1.0,0.6624890457054747,,,
0.0,0.0,0.4614144766343561,,,
0.0,0.0,0.4509353386967199,,,
0.0,0.0,0.4061004393593667,,,
1.0,1.0,0.5214049995644375,,,
0.0,0.0,0.37185614683528456,,,
1.0,1.0,0.557124578529773,,,
0.0,0.0,0.37388657978427814,,,
0.0,0.0,0.4158224145129405,,,
1.0,0.0,0.4384816835452737,,,
1.0,0.0,0.3495610857939544,,,
0.0,1.0,0.5044668565904331,,,
1.0,1.0,0.8187317600542943,,,
0.0,1.0,0.5933885595880765,,,
0.0,0.0,0.33364418390360945,,,
0.0,0.0,0.39678367551235694,,,
1.0,1.0,0.5309305922720358,,,
1.0,1.0,0.6338905380429747,,,
0.0,0.0,0.4680825833129162,,,
0.0,0.0,0.3908715102299715,,,
1.0,0.0,0.49594518395793785,,,
1.0,1.0,0.6523068406702308,,,
1.0,1.0,0.5492447286440427,,,
0.0,0.0,0.3884011230600533,,,
0.0,0.0,0.4571089087760061,,,
0.0,0.0,0.43915084854232306,,,
0.0,0.0,0.35862601238486486,,,
0.0,0.0,0.4186161129730056,,,
1.0,0.0,0.3789364434125292,,,
1.0,1.0,0.8402487946795557,,,
0.0,0.0,0.4283243492836857,,,
1.0,0.0,0.3655749057978766,,,
0.0,0.0,0.439523933811021,,,
0.0,0.0,0.3429852478347977,,,
0.0,0.0,0.3701159677829121,,,
0.0,0.0,0.4805522849270879,,,
0.0,1.0,0.5734109289358519,,,
0.0,0.0,0.4261832271503388,,,
0.0,0.0,0.41708195186727226,,,
0.0,0.0,0.39993155801131947,,,
0.0,0.0,0.44481725469230493,,,
0.0,0.0,0.47378061666227417,,,
0.0,0.0,0.411853311974526,,,
0.0,0.0,0.3082554316407711,,,
1.0,1.0,0.5638524436202508,,,
1.0,1.0,0.5864834359612584,,,
0.0,0.0,0.36571853795165055,,,
0.0,0.0,0.3551850545736181,,,
1.0,0.0,0.42298693169938756,,,
1.0,0.0,0.43906488634721064,,,
0.0,0.0,0.405659166947415,,,
1.0,1.0,0.6612949306586583,,,
1.0,0.0,0.48499683908415686,,,
1.0,0.0,0.47155604744323143,,,
1.0,1.0,0.6587092310395783,,,
1.0,1.0,0.8048532797092308,,,
0.0,0.0,0.35133420652155045,,,
0.0,0.0,0.3880398298045549,,,
1.0,0.0,0.46392160995477966,,,
1.0,1.0,0.5962237308677169,,,
1.0,1.0,0.5698655951062094,,,
1.0,0.0,0.41111164363807184,,,
1.0,1.0,0.5814722638552391,,,
0.0,0.0,0.40116620692622096,,,
0.0,0.0,0.4352714332445152,,,
1.0,1.0,0.5381458793238956,,,
0.0,0.0,0.3954531267999223,,,
0.0,0.0,0.388300002557387,,,
0.0,0.0,0.3379389998907077,,,
1.0,1.0,0.6756262795362693,,,
1.0,0.0,0.39847617363018006,,,
0.0,0.0,0.3339662230810487,,,
0.0,1.0,0.5103633045335005,,,
1.0,1.0,0.6530131854397947,,,
1.0,1.0,0.5864279509657021,,,
1.0,0.0,0.4213081176531746,,,
0.0,0.0,0.35585541901139955,,,
0.0,0.0,0.3679083340427972,,,
0.0,0.0,0.35545620792827554,,,
0.0,0.0,0.37573029057442253,,,
1.0,0.0,0.44101584112832176,,,
0.0,0.0,0.4191970268604462,,,
0.0,0.0,0.4718613704892652,,,
0.0,1.0,0.5951297871837817,,,
0.0,0.0,0.3014284838534808,,,
0.0,0.0,0.40090744229740616,,,
0.0,0.0,0.39298233723655346,,,
0.0,0.0,0.389237653558852,,,
0.0,0.0,0.4245379803262384,,,
1.0,0.0,0.48125228438180434,,,
0.0,0.0,0.39508034435393735,,,
0.0,0.0,0.4483548330850807,,,
0.0,0.0,0.3791136750742054,,,
1.0,0.0,0.4630540225350201,,,
0.0,1.0,0.5177212499427215,,,
0.0,0.0,0.3599044323057,,,
0.0,0.0,0.4165916678099064,,,
0.0,0.0,0.3654972847724521,,,
0.0,0.0,0.3467864144652989,,,
1.0,0.0,0.3714924738271273,,,
1.0,1.0,0.6147683963673448,,,
1.0,1.0,0.5774610047742137,,,
1.0,1.0,0.7675366714957376,,,
1.0,1.0,0.609094618723899,,,
0.0,0.0,0.41475200386459704,,,
1.0,1.0,0.5283458209538341,,,
1.0,0.0,0.4676514350102738,,,
1.0,1.0,0.6603194382274054,,,
0.0,0.0,0.38335742651437243,,,
0.0,0.0,0.22236044123092744,,,
0.0,1.0,0.5060095132738206,,,
1.0,1.0,0.5524267612999766,,,
1.0,0.0,0.4092554248960112,,,
0.0,0.0,0.4380163972522809,,,
1.0,1.0,0.530216998788206,,,
0.0,0.0,0.2869762263427796,,,
0.0,0.0,0.4601554868100787,,,
0.0,1.0,0.6612949306586583,,,
1.0,1.0,0.5605824516134457,,,
1.0,1.0,0.5094405848777991,,,
0.0,0.0,0.3614873235918063,,,
0.0,0.0,0.38541363788407595,,,
1.0,0.0,0.39377437057009895,,,
0.0,0.0,0.36589458990160845,,,
0.0,0.0,0.3667891355978187,,,
0.0,0.0,0.3901046631704676,,,
0.0,0.0,0.37647205863223926,,,
0.0,0.0,0.40241153318966044,,,
0.0,1.0,0.516600285386041,,,
1.0,0.0,0.379698494367934,,,
1.0,1.0,0.6466265805048008,,,
0.0,0.0,0.47071997412715266,,,
1.0,0.0,0.4071761889470072,,,
1.0,1.0,0.6331498275704418,,,
0.0,0.0,0.4095269655243714,,,
0.0,0.0,0.31182963771085825,,,
0.0,0.0,0.3910831781908352,,,
1.0,0.0,0.42163770938269357,,,
1.0,1.0,0.6410964719479776,,,
0.0,0.0,0.4459163767784341,,,
1.0,1.0,0.5058596465712366,,,
0.0,0.0,0.43452816081833884,,,
1.0,0.0,0.4157506716658736,,,
1.0,1.0,0.6079180344532235,,,
0.0,0.0,0.42076864189237473,,,
0.0,1.0,0.5153191586082259,,,
0.0,0.0,0.3881532542600371,,,
1.0,1.0,0.6330573793430272,,,
0.0,0.0,0.39585957309472786,,,
0.0,0.0,0.44310682130051476,,,
1.0,0.0,0.4648123812632683,,,
0.0,1.0,0.5216433740624767,,,
0.0,1.0,0.5180428324340601,,,
1.0,1.0,0.6410181495759516,,,
0.0,0.0,0.41822820746954653,,,
0.0,0.0,0.36974342535486215,,,
0.0,0.0,0.37246858399085875,,,
0.0,0.0,0.30835382887753665,,,
0.0,1.0,0.5093907780280559,,,
1.0,0.0,0.488397609976082,,,
1.0,1.0,0.6990730934474537,,,
0.0,1.0,0.5154524235426206,,,
1.0,0.0,0.4139753929259305,,,
1.0,1.0,0.5461377147722527,,,
0.0,0.0,0.4424079442633203,,,
0.0,1.0,0.5009158272555992,,,
0.0,0.0,0.48963797301492806,,,
1.0,1.0,0.7891568160772814,,,
1.0,0.0,0.47890314982706167,,,
0.0,0.0,0.40810436696906055,,,
1.0,1.0,0.6462641930223127,,,
1.0,1.0,0.5046771431598374,,,
0.0,0.0,0.4137027329017656,,,
1.0,0.0,0.4579244577351477,,,
0.0,0.0,0.3875877957274865,,,
1.0,1.0,0.6881796931883424,,,
0.0,1.0,0.5073357874952766,,,
0.0,1.0,0.501605215564917,,,
0.0,0.0,0.3265436540480271,,,
0.0,0.0,0.3364810435169614,,,
0.0,0.0,0.35636421634127924,,,
0.0,0.0,0.4768986459815806,,,
1.0,1.0,0.5509787614778113,,,
1.0,1.0,0.7982151962106283,,,
1.0,1.0,0.6477845269492397,,,
1.0,0.0,0.48426585285323287,,,
0.0,0.0,0.357541228062046,,,
0.0,0.0,0.4586808613526576,,,
0.0,1.0,0.5174858387375958,,,
1.0,0.0,0.42480910787578324,,,
0.0,0.0,0.46954680208197735,,,
1.0,1.0,0.7909784187419381,,,
1.0,1.0,0.5862808862114014,,,
1.0,1.0,0.5533945595099636,,,
1.0,1.0,0.5060558302158586,,,
1.0,0.0,0.46980235247024793,,,
1.0,1.0,0.5507081882638405,,,
1.0,0.0,0.44860273987086574,,,
1.0,1.0,0.5324261235773493,,,
0.0,0.0,0.46565479624586853,,,
1.0,1.0,0.6649771344317728,,,
1.0,1.0,0.5311437468002286,,,
0.0,0.0,0.40148522857806895,,,
1.0,1.0,0.5022993751686818,,,
0.0,0.0,0.37970857062212865,,,
1.0,1.0,0.5963881242809222,,,
0.0,0.0,0.3288432680895667,,,
1.0,1.0,0.6016527686197631,,,
1.0,1.0,0.5792816029688161,,,
1.0,0.0,0.4927987218880005,,,
0.0,1.0,0.5031964407120123,,,
0.0,0.0,0.3578994135670441,,,
0.0,0.0,0.45111267893537516,,,
1.0,1.0,0.6445901622032695,,,
1.0,1.0,0.5603009071627006,,,
1.0,1.0,0.8348472488913246,,,
0.0,0.0,0.45191856293097066,,,
0.0,0.0,0.49955782384593983,,,
1.0,0.0,0.42507683500291676,,,
0.0,0.0,0.46161211671512853,,,
0.0,0.0,0.35306719861534375,,,
0.0,1.0,0.5032629341356405,,,
0.0,1.0,0.6561304802283038,,,
0.0,0.0,0.41293689376780435,,,
1.0,0.0,0.476589094475568,,,
1.0,1.0,0.617751878649032,,,
0.0,0.0,0.45168022880621184,,,
0.0,1.0,0.6186395841215533,,,
1.0,1.0,0.6521157722539545,,,
0.0,0.0,0.4268677923705956,,,
1.0,1.0,0.8234248270460036,,,
1.0,0.0,0.4842486179882785,,,
1.0,1.0,0.7887879897976384,,,
0.0,1.0,0.5973053777020173,,,
0.0,0.0,0.3819212463569524,,,
0.0,0.0,0.4083514603685748,,,
1.0,1.0,0.5127020345654029,,,
1.0,0.0,0.4841345085140851,,,
1.0,1.0,0.6418265410000786,,,
0.0,0.0,0.39738248219021327,,,
0.0,0.0,0.3877464983373208,,,
0.0,0.0,0.41027237774181974,,,
0.0,0.0,0.3842479309453833,,,
1.0,1.0,0.7343384860696677,,,
0.0,0.0,0.3599072837620417,,,
0.0,0.0,0.38069910912503324,,,
0.0,0.0,0.30046957463337576,,,
1.0,1.0,0.5066215959795076,,,
0.0,1.0,0.5205804798396688,,,
0.0,0.0,0.40418110473127317,,,
1.0,1.0,0.8098816151262141,,,
0.0,0.0,0.4543922092316797,,,
0.0,0.0,0.4737485269794875,,,
1.0,1.0,0.5327897492001752,,,
1.0,1.0,0.5063746329317019,,,
1.0,1.0,0.5674282136792712,,,
0.0,0.0,0.36973892580972123,,,
0.0,0.0,0.4139753929259305,,,
1.0,0.0,0.46935102208797586,,,
0.0,0.0,0.4245673460729227,,,
1.0,0.0,0.4644363907320389,,,
0.0,0.0,0.38260002215786204,,,
1.0,0.0,0.38854594801867226,,,
0.0,0.0,0.28948162798310173,,,
0.0,0.0,0.37216015857755097,,,
1.0,1.0,0.562436075587359,,,
1.0,1.0,0.6218364685523297,,,
0.0,0.0,0.41171634299934057,,,
0.0,0.0,0.2938087691844692,,,
0.0,0.0,0.44460283842140524,,,
1.0,1.0,0.5564045566468404,,,
1.0,1.0,0.7901081532403558,,,
0.0,0.0,0.45960150370248243,,,
1.0,0.0,0.40827263841694966,,,
1.0,1.0,0.5415019176445648,,,
0.0,0.0,0.4022951351304838,,,
0.0,0.0,0.4403434854482863,,,
0.0,0.0,0.3521138326633972,,,
1.0,1.0,0.5575612657737886,,,
0.0,0.0,0.4786095752815258,,,
0.0,0.0,0.4483921098775043,,,
0.0,0.0,0.3811569525570721,,,
0.0,0.0,0.4151184683728292,,,
0.0,0.0,0.3450725575270562,,,
0.0,0.0,0.2948181297214288,,,
1.0,0.0,0.35161745111734116,,,
1.0,1.0,0.7262078039020382,,,
0.0,0.0,0.22236044123092744,,,
0.0,0.0,0.40763068118682033,,,
0.0,0.0,0.3974054040190876,,,
0.0,0.0,0.42160553990189964,,,
1.0,0.0,0.37262084055205047,,,
1.0,0.0,0.48286443837637,,,
1.0,1.0,0.6575575512572688,,,
0.0,0.0,0.2933707967687017,,,
1.0,0.0,0.41703876230062886,,,
0.0,0.0,0.4760412809547371,,,
1.0,1.0,0.5855359480712862,,,
0.0,0.0,0.4137395643150383,,,
1.0,1.0,0.55369851921007,,,
0.0,0.0,0.34069992465729526,,,
0.0,1.0,0.5609873940085568,,,
0.0,0.0,0.4785856312252969,,,
1.0,1.0,0.562704254787884,,,
1.0,0.0,0.44363832252884977,,,
1.0,0.0,0.4720875875580645,,,
1.0,0.0,0.4694495766274163,,,
1.0,1.0,0.6612949306586583,,,
1.0,1.0,0.6239315520378372,,,
1.0,0.0,0.42044873325709353,,,
1.0,1.0,0.6626329721035257,,,
0.0,1.0,0.5145576834188975,,,
1.0,0.0,0.44197997501658914,,,
0.0,0.0,0.3160915202709136,,,
1.0,1.0,0.7732944492613947,,,
1.0,1.0,0.6453400957831915,,,
1.0,1.0,0.5514158055681985,,,
0.0,0.0,0.45157400112500534,,,
1.0,1.0,0.6728204777656633,,,
0.0,0.0,0.46320724885013675,,,
0.0,0.0,0.4005747457757927,,,
0.0,1.0,0.5765454923348208,,,
1.0,0.0,0.4418589861939441,,,
0.0,1.0,0.5236471281286085,,,
0.0,0.0,0.3735466808294548,,,
0.0,0.0,0.47174342254712254,,,
0.0,0.0,0.3242765627342708,,,
1.0,1.0,0.6422113344577197,,,
0.0,0.0,0.46439680351774354,,,
0.0,0.0,0.41880530210348343,,,
0.0,0.0,0.467255614501979,,,
0.0,0.0,0.45745747024235667,,,
1.0,1.0,0.5625916044085314,,,
0.0,0.0,0.48669216685939537,,,
1.0,1.0,0.7295161071236842,,,
0.0,0.0,0.4277142811177152,,,
1.0,1.0,0.5083274692651124,,,
0.0,0.0,0.46076046361352646,,,
1.0,0.0,0.46680835637352336,,,
0.0,0.0,0.47942927958256365,,,
1.0,1.0,0.6006770373279375,,,
1.0,1.0,0.5853989719593099,,,
0.0,0.0,0.43986630816784356,,,
0.0,0.0,0.355758083613557,,,
0.0,0.0,0.42550518230908174,,,
0.0,0.0,0.40195490769832415,,,
0.0,0.0,0.45749135240396593,,,
1.0,1.0,0.6439285268515207,,,
0.0,1.0,0.5132689460551776,,,
1.0,1.0,0.543297944644268,,,
1.0,0.0,0.39661072740015013,,,
1.0,1.0,0.6606177778870398,,,
0.0,0.0,0.49785399149858,,,
0.0,0.0,0.410525168951054,,,
0.0,0.0,0.2819965746448193,,,
0.0,0.0,0.4499773356184044,,,
0.0,0.0,0.436846850337367,,,
0.0,0.0,0.3616257235385772,,,
1.0,0.0,0.48031828465620313,,,
0.0,0.0,0.3566996972289316,,,
1.0,1.0,0.6341019046089863,,,
0.0,1.0,0.5088271294789715,,,
1.0,0.0,0.46547249790903933,,,
0.0,0.0,0.43410620783644543,,,
1.0,1.0,0.5669471529803702,,,
0.0,0.0,0.3051021013116363,,,
0.0,0.0,0.4188472041576836,,,
1.0,1.0,0.5066555055323387,,,
0.0,0.0,0.361591477310646,,,
1.0,0.0,0.44374100843105935,,,
1.0,1.0,0.5273583187452577,,,
1.0,1.0,0.6193533837495115,,,
1.0,1.0,0.5045123433597486,,,
0.0,0.0,0.47320714975939393,,,
1.0,1.0,0.501270546555822,,,
0.0,0.0,0.39667596670128336,,,
0.0,1.0,0.5119094238652825,,,
1.0,0.0,0.4802802883601061,,,
1.0,0.0,0.4447551982366906,,,
0.0,0.0,0.3796993549940552,,,
0.0,0.0,0.47294033516545814,,,
1.0,1.0,0.648574163287537,,,
1.0,1.0,0.676397673806628,,,
0.0,1.0,0.5082551819594148,,,
1.0,0.0,0.47935335813931645,,,
0.0,1.0,0.6493484032991623,,,
1.0,0.0,0.46328451338129284,,,
0.0,0.0,0.37756021903295395,,,
0.0,0.0,0.2776529862837452,,,
1.0,1.0,0.6136154557693301,,,
1.0,0.0,0.44860336647862886,,,
0.0,0.0,0.3509788784573637,,,
1.0,1.0,0.6583575174505013,,,
1.0,0.0,0.454046398846496,,,
0.0,0.0,0.42530087338349415,,,
1.0,0.0,0.4874281653221547,,,
0.0,0.0,0.35492107176385324,,,
1.0,0.0,0.4476772344043975,,,
0.0,0.0,0.3763191029891103,,,
1.0,0.0,0.4699425357893479,,,
1.0,1.0,0.5420128671474463,,,
0.0,0.0,0.3618376031239182,,,
0.0,0.0,0.45806988233892726,,,
0.0,1.0,0.5157693897164867,,,
0.0,0.0,0.4979906751402889,,,
0.0,0.0,0.38633229259723034,,,
1.0,1.0,0.6899273793398198,,,
0.0,0.0,0.31732298230221695,,,
0.0,0.0,0.4892704470759268,,,
0.0,1.0,0.5121930102976171,,,
1.0,1.0,0.6051876686675354,,,
1.0,0.0,0.4470469269516505,,,
0.0,0.0,0.21941495597356267,,,
1.0,0.0,0.49912014779320674,,,
0.0,0.0,0.33520262550107294,,,
0.0,0.0,0.431222347823272,,,
0.0,1.0,0.8264978763943983,,,
1.0,1.0,0.5093737507445792,,,
0.0,0.0,0.37782548462677057,,,
0.0,0.0,0.4320889870789383,,,
0.0,0.0,0.35538071258807324,,,
0.0,0.0,0.3280093652880741,,,
0.0,1.0,0.5563536945429177,,,
0.0,0.0,0.39077695832810566,,,
0.0,0.0,0.36164405797430316,,,
0.0,0.0,0.48976795678452845,,,
0.0,0.0,0.38388490776285134,,,
1.0,1.0,0.5608271599987124,,,
0.0,0.0,0.43481042664246977,,,
0.0,0.0,0.3916207920390926,,,
1.0,0.0,0.4287472628385954,,,
1.0,1.0,0.5086375133414769,,,
0.0,0.0,0.4696979865842428,,,
1.0,0.0,0.39585957309472786,,,
0.0,0.0,0.32799563742451515,,,
0.0,0.0,0.26757251648411745,,,
0.0,0.0,0.47348920826956603,,,
1.0,0.0,0.413191523736556,,,
1.0,1.0,0.5679929576654749,,,
1.0,0.0,0.4400115321668967,,,
1.0,0.0,0.4644187064010741,,,
0.0,0.0,0.46663331202844954,,,
0.0,0.0,0.31763540812228047,,,
0.0,0.0,0.4068989912310489,,,
1.0,0.0,0.4984150298663992,,,
1.0,0.0,0.44507180660711304,,,
0.0,0.0,0.3964731348262983,,,
0.0,0.0,0.4322717195957359,,,
0.0,0.0,0.4139753929259305,,,
1.0,1.0,0.5174653489185126,,,
1.0,0.0,0.44711146638442384,,,
0.0,0.0,0.36159002110382643,,,
1.0,1.0,0.6323368062324051,,,
1.0,0.0,0.4326946568606457,,,
1.0,1.0,0.5404912863555746,,,
1.0,0.0,0.4226769121505978,,,
1.0,0.0,0.46503310857396546,,,
1.0,1.0,0.7022086940312237,,,
1.0,1.0,0.7469795457808028,,,
0.0,0.0,0.48408267359943746,,,
1.0,0.0,0.4669749289673181,,,
1.0,0.0,0.4137371548060545,,,
0.0,0.0,0.3166994061029319,,,
0.0,0.0,0.4664810364387089,,,
0.0,0.0,0.4433778958837043,,,
0.0,0.0,0.3880246640154058,,,
0.0,0.0,0.47216829623969236,,,
0.0,0.0,0.4353043088669934,,,
0.0,0.0,0.49035177517341505,,,
0.0,0.0,0.4802348667831164,,,
0.0,0.0,0.3719648606897683,,,
0.0,0.0,0.3980811164237506,,,
1.0,0.0,0.4121107907329032,,,
0.0,0.0,0.3505710813644533,,,
1.0,0.0,0.4586660706248053,,,
0.0,1.0,0.526574986772785,,,
0.0,0.0,0.4093190853081458,,,
1.0,1.0,0.6206805387519476,,,
0.0,0.0,0.4160671143986427,,,
0.0,0.0,0.3533352747734876,,,
0.0,0.0,0.4158017881817138,,,
0.0,0.0,0.36273048478850445,,,
1.0,1.0,0.6706634040785354,,,
1.0,0.0,0.4629017118360324,,,
1.0,1.0,0.5501904393967044,,,
1.0,1.0,0.5050024120601584,,,
1.0,1.0,0.799810591105026,,,
0.0,0.0,0.41929294897458025,,,
0.0,0.0,0.33541849411463653,,,
1.0,0.0,0.4731347382794461,,,
1.0,0.0,0.4604288833955068,,,
0.0,0.0,0.3703962479125994,,,
0.0,1.0,0.519911504840691,,,
0.0,1.0,0.5278445631212827,,,
1.0,1.0,0.5346619478096349,,,
0.0,0.0,0.34507641348528034,,,
1.0,0.0,0.48651554749209236,,,
0.0,0.0,0.4277855742610297,,,
1.0,0.0,0.4149281506394176,,,
1.0,0.0,0.4212735633079008,,,
0.0,0.0,0.4583475360170415,,,
0.0,1.0,0.5018823897453208,,,
1.0,1.0,0.6203841890391171,,,
1.0,1.0,0.5425421400861302,,,
0.0,0.0,0.3722565111574544,,,
0.0,0.0,0.33696555051362065,,,
0.0,0.0,0.3379598801872279,,,
0.0,0.0,0.3697482607330625,,,
0.0,0.0,0.4120905927101962,,,
0.0,1.0,0.5256062793111794,,,
0.0,0.0,0.38209728405685406,,,
0.0,0.0,0.37708498845766586,,,
1.0,1.0,0.5077125085332143,,,
1.0,1.0,0.6166848586911733,,,
0.0,0.0,0.3399504623426841,,,
1.0,1.0,0.608366466600603,,,
0.0,0.0,0.36802625688319324,,,
0.0,0.0,0.48605512133752077,,,
1.0,1.0,0.7938727573253381,,,
0.0,0.0,0.4818026538072541,,,
1.0,0.0,0.48416736378241926,,,
0.0,0.0,0.4028975214318419,,,
1.0,1.0,0.5957110001540953,,,
1.0,1.0,0.502279006784852,,,
1.0,1.0,0.7490926439733264,,,
1.0,0.0,0.3219990104957801,,,
0.0,1.0,0.5332795572533955,,,
0.0,0.0,0.35777598132980326,,,
0.0,0.0,0.4823473357704654,,,
0.0,0.0,0.4074014890864811,,,
0.0,0.0,0.45645182679600876,,,
0.0,0.0,0.4561780524089157,,,
1.0,0.0,0.4703092187672665,,,
0.0,0.0,0.4138344646353713,,,
0.0,0.0,0.4872751376311724,,,
1.0,0.0,0.4210908092437793,,,
0.0,1.0,0.5324606771034711,,,
1.0,1.0,0.5576273295575518,,,
0.0,0.0,0.3578120014442926,,,
0.0,0.0,0.3935187365018256,,,
0.0,0.0,0.35372077873188057,,,
1.0,1.0,0.6368376702052948,,,
1.0,0.0,0.437865045655966,,,
1.0,1.0,0.5329313995017848,,,
1.0,0.0,0.4403588900481405,,,
0.0,1.0,0.5747003501659239,,,
1.0,1.0,0.5768863528198926,,,
1.0,1.0,0.5475048829165838,,,
0.0,0.0,0.41133019267220244,,,
1.0,0.0,0.44382138381919606,,,
0.0,0.0,0.44958090990982263,,,
1.0,1.0,0.5125569351426963,,,
0.0,0.0,0.42711628703657806,,,
1.0,0.0,0.4806395555460666,,,
0.0,0.0,0.4034754885410247,,,
1.0,1.0,0.7160829672683197,,,
0.0,0.0,0.3623243745737272,,,
1.0,1.0,0.5500204619072748,,,
0.0,0.0,0.43421306657852893,,,
0.0,0.0,0.41285476537592525,,,
1.0,1.0,0.6655233713288674,,,
0.0,0.0,0.4107712664046452,,,
0.0,0.0,0.48811103723118143,,,
1.0,1.0,0.7251285190840163,,,
1.0,1.0,0.7667719242556934,,,
1.0,1.0,0.599487853366143,,,
0.0,0.0,0.37969989259071485,,,
1.0,1.0,0.6182467461664946,,,
1.0,0.0,0.4708153564861745,,,
0.0,0.0,0.4742499486211668,,,
1.0,1.0,0.5435931864134439,,,
0.0,0.0,0.4345896175391468,,,
0.0,0.0,0.3905527160479099,,,
1.0,0.0,0.4510972138490134,,,
1.0,0.0,0.4833233103321707,,,
1.0,1.0,0.5849556997227442,,,
0.0,0.0,0.39187695891632085,,,
1.0,0.0,0.4636071831041624,,,
1.0,0.0,0.48576598980017105,,,
0.0,0.0,0.38232045978679274,,,
1.0,1.0,0.5242872701721827,,,
0.0,1.0,0.5151744408958189,,,
1.0,0.0,0.4636250062870572,,,
1.0,0.0,0.49797724845991526,,,
0.0,0.0,0.45961728557583675,,,
1.0,0.0,0.4723057966280472,,,
1.0,0.0,0.39450954958537077,,,
1.0,0.0,0.4616355271656294,,,
1.0,0.0,0.32845102351784733,,,
0.0,0.0,0.457823826168862,,,
1.0,1.0,0.5045180122046456,,,
1.0,1.0,0.5181685352950329,,,
0.0,0.0,0.3257292068720326,,,
0.0,0.0,0.3772721183634101,,,
1.0,1.0,0.6299125257078557,,,
1.0,0.0,0.45143009393067424,,,
0.0,1.0,0.5190447666718911,,,
0.0,0.0,0.43372202376668023,,,
0.0,0.0,0.4091958167957958,,,
0.0,0.0,0.3566996972289316,,,
1.0,1.0,0.5224804416386871,,,
1.0,1.0,0.6419684366363925,,,
0.0,0.0,0.3980811164237506,,,
1.0,0.0,0.3530565722677703,,,
0.0,0.0,0.33286382732464753,,,
1.0,1.0,0.6055593663608168,,,
0.0,0.0,0.3786317722218874,,,
1.0,1.0,0.5210025488706731,,,
0.0,0.0,0.39377437057009895,,,
0.0,0.0,0.4753707149060234,,,
0.0,0.0,0.37216785653237605,,,
0.0,1.0,0.6201099343828892,,,
0.0,0.0,0.4785532022906942,,,
0.0,0.0,0.4516057926380798,,,
1.0,1.0,0.6174236523885313,,,
1.0,1.0,0.6914796555657076,,,
0.0,0.0,0.38883367632285676,,,
0.0,0.0,0.3400119853834933,,,
0.0,0.0,0.41209535739600117,,,
0.0,0.0,0.33857577694185026,,,
1.0,1.0,0.5270567977682086,,,
0.0,0.0,0.4183563596757172,,,
0.0,0.0,0.4763734104200411,,,
0.0,0.0,0.39868272542846295,,,
0.0,0.0,0.4426839721213349,,,
1.0,1.0,0.5725739165067188,,,
1.0,1.0,0.6297405077056493,,,
1.0,0.0,0.48992366339013427,,,
0.0,1.0,0.5011084447260986,,,
0.0,0.0,0.39454851427975474,,,
1.0,0.0,0.416381012482142,,,
1.0,1.0,0.6148612301267784,,,
1.0,1.0,0.687270803849736,,,
1.0,1.0,0.7892050959023837,,,
0.0,0.0,0.39827959187307554,,,
1.0,0.0,0.43849329127647046,,,
0.0,0.0,0.3815445633272527,,,
0.0,0.0,0.41546607684679315,,,
0.0,0.0,0.4561333050899984,,,
0.0,0.0,0.372919947912036,,,
1.0,0.0,0.47109012143060175,,,
0.0,0.0,0.47226428602891535,,,
0.0,0.0,0.3842600369272828,,,
0.0,0.0,0.4057882672087686,,,
0.0,0.0,0.38705995183959796,,,
0.0,0.0,0.35823997288686393,,,
1.0,0.0,0.44340022833143794,,,
0.0,0.0,0.36590592679238276,,,
1.0,0.0,0.49909850857119503,,,
0.0,0.0,0.4532367510969398,,,
0.0,0.0,0.4938487579145719,,,
1.0,1.0,0.639546056457093,,,
1.0,1.0,0.5438385120795584,,,
1.0,1.0,0.8150625209588758,,,
0.0,0.0,0.47470287947016865,,,
0.0,0.0,0.4687684212889747,,,
1.0,1.0,0.5180326217521929,,,
1.0,1.0,0.5076538033107837,,,
0.0,0.0,0.46614745525735596,,,
0.0,0.0,0.406467251172043,,,
1.0,0.0,0.4476872117303858,,,
0.0,0.0,0.46811485871698866,,,
0.0,0.0,0.42980076925764693,,,
0.0,0.0,0.28437479742237315,,,
0.0,0.0,0.32028406933646764,,,
1.0,0.0,0.40679829197356476,,,
0.0,0.0,0.48067785040327216,,,
1.0,1.0,0.6560921019949321,,,
0.0,0.0,0.4797997127644309,,,
1.0,0.0,0.48552697722356725,,,
0.0,0.0,0.3246628627836302,,,
0.0,0.0,0.40519023210571126,,,
0.0,0.0,0.4359765654492918,,,
1.0,1.0,0.6983759306016393,,,
1.0,0.0,0.45449136960485775,,,
1.0,1.0,0.7499465352878791,,,
0.0,1.0,0.5215406205376328,,,
0.0,0.0,0.4647104985370357,,,
1.0,1.0,0.7404328486401558,,,
1.0,0.0,0.4207076393063164,,,
0.0,0.0,0.38894078279758154,,,
1.0,0.0,0.44591583958981346,,,
1.0,1.0,0.6509276629519599,,,
0.0,0.0,0.4514369926028719,,,
0.0,0.0,0.3587045102442193,,,
0.0,0.0,0.49666671466759704,,,
1.0,0.0,0.32639382081129653,,,
0.0,0.0,0.3429833071979963,,,
0.0,0.0,0.45352113757642215,,,
0.0,0.0,0.26904971449138365,,,
1.0,1.0,0.6733183605800003,,,
1.0,0.0,0.45349025380391006,,,
1.0,1.0,0.6138556494858164,,,
1.0,1.0,0.6648266134363315,,,
1.0,1.0,0.8278335649514531,,,
1.0,1.0,0.5706109802649894,,,
1.0,0.0,0.3417634194561436,,,
0.0,0.0,0.41193071517014723,,,
1.0,1.0,0.7180484858461,,,
1.0,1.0,0.7465056853101981,,,
0.0,0.0,0.48568240168201865,,,
1.0,1.0,0.6743061163586491,,,
1.0,0.0,0.4456010594731526,,,
1.0,0.0,0.47310979151042865,,,
1.0,1.0,0.5979552953373759,,,
1.0,1.0,0.5653388218943463,,,
0.0,0.0,0.35371928587260393,,,
0.0,0.0,0.4244850247612665,,,
0.0,1.0,0.5115687800726774,,,
0.0,1.0,0.5308115330652466,,,
0.0,0.0,0.3990372896434818,,,
1.0,1.0,0.7533928608214543,,,
0.0,0.0,0.40742184566000905,,,
1.0,1.0,0.6612949306586583,,,
0.0,0.0,0.35909141293644015,,,
1.0,1.0,0.5220042923561301,,,
1.0,0.0,0.4488520982044717,,,
1.0,1.0,0.7336255746438016,,,
0.0,0.0,0.3915347887379357,,,
0.0,0.0,0.34440315981219566,,,
1.0,1.0,0.5414555751355338,,,
1.0,1.0,0.8253860421283816,,,
0.0,0.0,0.3045896205541202,,,
0.0,0.0,0.4504621825526582,,,
0.0,0.0,0.44680307598446334,,,
0.0,0.0,0.369866498538169,,,
1.0,0.0,0.45125798480689117,,,
0.0,0.0,0.4125870949296996,,,
0.0,0.0,0.4148084709719091,,,
0.0,0.0,0.4678799730825283,,,
1.0,1.0,0.6452826580371767,,,
0.0,0.0,0.3622623601749085,,,
0.0,0.0,0.3506972350166621,,,
1.0,0.0,0.47915767306280815,,,
1.0,0.0,0.30351133512640405,,,
1.0,1.0,0.7747227460653162,,,
0.0,0.0,0.4212904241162443,,,
1.0,1.0,0.5217071757189102,,,
1.0,1.0,0.5418793944258509,,,
0.0,0.0,0.4227916595863793,,,
1.0,1.0,0.5838036975465021,,,
0.0,0.0,0.49516684208293726,,,
1.0,0.0,0.38782223951545824,,,
1.0,0.0,0.3409790575497172,,,
1.0,0.0,0.495617387655024,,,
0.0,0.0,0.4899014996192509,,,
0.0,0.0,0.37025111339401295,,,
1.0,1.0,0.5130864955652559,,,
0.0,0.0,0.4148754205788844,,,
1.0,1.0,0.6892109179499714,,,
1.0,1.0,0.785267330277819,,,
1.0,0.0,0.4905862576000492,,,
0.0,0.0,0.44887251057676164,,,
1.0,0.0,0.35104742870187206,,,
0.0,0.0,0.34688652040725304,,,
0.0,0.0,0.46233100816351397,,,
1.0,0.0,0.38570390442629277,,,
1.0,1.0,0.5327595237597715,,,
0.0,1.0,0.664404616062169,,,
0.0,0.0,0.46249152287854417,,,
1.0,1.0,0.5942833855966214,,,
1.0,0.0,0.4492009697385482,,,
0.0,0.0,0.4833408236081423,,,
0.0,0.0,0.31487906424429174,,,
0.0,0.0,0.2948444547386079,,,
0.0,0.0,0.36223823925700993,,,
0.0,1.0,0.5223080213006825,,,
0.0,0.0,0.4085604621417328,,,
0.0,0.0,0.3733826706930657,,,
1.0,1.0,0.5595977581374477,,,
1.0,1.0,0.5232762071974858,,,
1.0,1.0,0.5486379075145361,,,
0.0,0.0,0.3302606646699801,,,
1.0,1.0,0.8208716576280294,,,
1.0,0.0,0.4802708020300847,,,
0.0,0.0,0.39027444030660385,,,
0.0,0.0,0.45143165546658964,,,
1.0,1.0,0.5564761058739236,,,
0.0,0.0,0.37388657978427814,,,
0.0,0.0,0.4586971352308238,,,
1.0,0.0,0.4822397986718281,,,
1.0,1.0,0.7731655778951182,,,
0.0,0.0,0.49179705993167927,,,
0.0,0.0,0.3353719828727721,,,
0.0,1.0,0.5385841852470407,,,
1.0,0.0,0.3910598077802661,,,
0.0,1.0,0.6386725719706983,,,
0.0,0.0,0.43326038233699515,,,
0.0,0.0,0.31995770256767886,,,
0.0,0.0,0.42565885842323903,,,
0.0,0.0,0.3577155792164167,,,
0.0,0.0,0.46201502082776824,,,
1.0,1.0,0.7610556706017568,,,
1.0,1.0,0.7956230617337373,,,
0.0,0.0,0.37078589498157744,,,
0.0,1.0,0.5072517839451416,,,
1.0,1.0,0.6759063940987409,,,
1.0,1.0,0.5526043302801423,,,
1.0,1.0,0.5322048398667505,,,
1.0,1.0,0.6475179615382662,,,
0.0,0.0,0.4353527886539751,,,
0.0,0.0,0.3001282143130982,,,
0.0,0.0,0.379129504616543,,,
0.0,0.0,0.3898620641826603,,,
1.0,1.0,0.5689471096274524,,,
0.0,1.0,0.51927076621117,,,
0.0,1.0,0.5137607625056584,,,
1.0,1.0,0.6364910473701841,,,
0.0,0.0,0.29185567708984095,,,
0.0,0.0,0.4287223052105504,,,
0.0,0.0,0.2782664004681528,,,
1.0,0.0,0.39853086819352473,,,
1.0,1.0,0.5247720278015545,,,
1.0,0.0,0.48129169365541535,,,
0.0,0.0,0.412083247716805,,,
1.0,1.0,0.508245987880027,,,
1.0,1.0,0.7056513306924678,,,
1.0,0.0,0.37264910760113257,,,
1.0,1.0,0.5310378732233124,,,
1.0,0.0,0.40228510416579155,,,
0.0,0.0,0.42505530690033033,,,
0.0,0.0,0.432825062469258,,,
1.0,0.0,0.3152962729101802,,,
1.0,1.0,0.7304579277255213,,,
0.0,0.0,0.4396666761309377,,,
0.0,0.0,0.3618596849618399,,,
1.0,0.0,0.4625271695843317,,,
0.0,0.0,0.3039360220476847,,,
1.0,0.0,0.46731362887539823,,,
0.0,0.0,0.4064783645109803,,,
0.0,0.0,0.3112110626938231,,,
0.0,0.0,0.4315463453803852,,,
0.0,0.0,0.38525021165514906,,,
1.0,1.0,0.5744584894496536,,,
1.0,0.0,0.39284458279380885,,,
0.0,0.0,0.3832078900335128,,,
1.0,1.0,0.6156686498892047,,,
1.0,1.0,0.7906295937394248,,,
1.0,0.0,0.3579250961272405,,,
0.0,0.0,0.4287956171591072,,,
0.0,0.0,0.38515343579466,,,
0.0,0.0,0.46544375049229714,,,
0.0,1.0,0.5690827480195375,,,
0.0,0.0,0.45079449062074883,,,
0.0,0.0,0.3926601311181618,,,
1.0,1.0,0.8293095544257962,,,
1.0,0.0,0.39562982026756977,,,
0.0,0.0,0.21941495597356267,,,
0.0,0.0,0.34097481028176135,,,
0.0,0.0,0.4449653370864575,,,
1.0,0.0,0.4252643470109034,,,
0.0,0.0,0.38041182373621774,,,
0.0,0.0,0.4311965996271381,,,
1.0,0.0,0.49547558800835806,,,
1.0,0.0,0.42387796846384046,,,
1.0,1.0,0.6482101979030753,,,
1.0,0.0,0.41049444649413197,,,
1.0,0.0,0.45849805389356546,,,
0.0,0.0,0.37421670579339233,,,
1.0,1.0,0.7720390937614758,,,
0.0,0.0,0.3980459406134292,,,
0.0,0.0,0.3888205874647007,,,
0.0,1.0,0.607202434040561,,,
0.0,0.0,0.38056383928476817,,,
1.0,0.0,0.497193570542208,,,
0.0,0.0,0.3670238179284773,,,
0.0,0.0,0.4727137761788481,,,
0.0,0.0,0.4023372220408508,,,
0.0,0.0,0.434091087298379,,,
0.0,0.0,0.36170589112447415,,,
1.0,0.0,0.3381745102284068,,,
1.0,0.0,0.41246208536624274,,,
0.0,0.0,0.3926095426928188,,,
0.0,0.0,0.38690115734398134,,,
0.0,0.0,0.4679355189729115,,,
0.0,0.0,0.3365697252312045,,,
1.0,1.0,0.53013070753085,,,
1.0,1.0,0.7815448092301662,,,
0.0,0.0,0.46499485674128327,,,
1.0,0.0,0.4625271695843317,,,
0.0,0.0,0.40397609468982487,,,
1.0,0.0,0.4533927695110092,,,
0.0,0.0,0.3665052800201926,,,
0.0,0.0,0.43323632308757115,,,
1.0,0.0,0.42032564060655764,,,
0.0,0.0,0.47787929561403675,,,
1.0,1.0,0.8258053515764472,,,
1.0,1.0,0.5152313245650176,,,
1.0,0.0,0.4934533053638767,,,
0.0,0.0,0.4011887471557844,,,
0.0,1.0,0.511010288541193,,,
1.0,0.0,0.49293917598808323,,,
1.0,1.0,0.7280968486277033,,,
1.0,0.0,0.480626881743065,,,
0.0,1.0,0.5800335254863234,,,
0.0,0.0,0.31836220915726954,,,
0.0,0.0,0.47091922583273543,,,
1.0,1.0,0.7399236550077845,,,
0.0,0.0,0.4148013422053453,,,
1.0,1.0,0.5845349744467216,,,
0.0,0.0,0.43533870672631286,,,
1.0,1.0,0.5197133402140852,,,
0.0,0.0,0.3268975662917747,,,
0.0,0.0,0.293720525606633,,,
1.0,1.0,0.5707641320822039,,,
0.0,0.0,0.47650706039868257,,,
0.0,0.0,0.4600540721340299,,,
1.0,1.0,0.6410412682490667,,,
1.0,1.0,0.5697766476260064,,,
1.0,1.0,0.6690721190994043,,,
0.0,0.0,0.4254074792209609,,,
1.0,1.0,0.5031985017718386,,,
0.0,0.0,0.3953987363295859,,,
0.0,1.0,0.5989333346356545,,,
0.0,0.0,0.31413148636446564,,,
1.0,0.0,0.47806210725515114,,,
1.0,1.0,0.6892750874029027,,,
0.0,0.0,0.3404765341517121,,,
1.0,0.0,0.4418765488991391,,,
0.0,0.0,0.3585843168459896,,,
1.0,1.0,0.5648410570214027,,,
0.0,0.0,0.4151943344777774,,,
1.0,1.0,0.7619061792818641,,,
0.0,0.0,0.34019149996147485,,,
0.0,0.0,0.39097882232686154,,,
0.0,0.0,0.3236545071049315,,,
0.0,0.0,0.35550945742903994,,,
0.0,0.0,0.3922153138523678,,,
0.0,0.0,0.4054199554858031,,,
1.0,0.0,0.46548691716439866,,,
1.0,0.0,0.45412508971275234,,,
0.0,1.0,0.5099938709378102,,,
0.0,0.0,0.2915365387958578,,,
1.0,1.0,0.6452351488674015,,,
1.0,1.0,0.5791269263603883,,,
0.0,0.0,0.38258367053387793,,,
1.0,1.0,0.6300285695046328,,,
1.0,0.0,0.4839000392341623,,,
1.0,1.0,0.6612949306586583,,,
1.0,1.0,0.6222579107125206,,,
1.0,1.0,0.6188694417870572,,,
0.0,0.0,0.37783013935080106,,,
0.0,0.0,0.4421213760254121,,,
0.0,0.0,0.372919947912036,,,
1.0,0.0,0.4384603167867801,,,
0.0,0.0,0.36365347537116527,,,
0.0,0.0,0.36183850418558317,,,
1.0,1.0,0.5079396827118143,,,
0.0,0.0,0.3870074179306347,,,
1.0,1.0,0.5378960444506978,,,
1.0,1.0,0.5021019139512483,,,
1.0,1.0,0.526283207583465,,,
0.0,0.0,0.42974893502403233,,,
0.0,0.0,0.43087484745209653,,,
0.0,0.0,0.4455791112802141,,,
0.0,0.0,0.4120406854178489,,,
0.0,1.0,0.6238234342007952,,,
0.0,0.0,0.3753682877462924,,,
1.0,1.0,0.5711212601148532,,,
1.0,1.0,0.7561426334505105,,,
0.0,0.0,0.4032505222878168,,,
0.0,0.0,0.3365627875103159,,,
0.0,0.0,0.4239182595136606,,,
0.0,0.0,0.4669340652965712,,,
1.0,0.0,0.49245286825790996,,,
0.0,0.0,0.3561984123335208,,,
0.0,0.0,0.450005444541596,,,
1.0,0.0,0.41028621902254125,,,
0.0,0.0,0.4481151332281778,,,
1.0,1.0,0.5840989326777047,,,
0.0,0.0,0.3117666123987084,,,
1.0,1.0,0.8144612815369457,,,
0.0,0.0,0.33901391564820893,,,
1.0,0.0,0.497193570542208,,,
1.0,0.0,0.4294540486493684,,,
1.0,0.0,0.4012066094855806,,,
1.0,1.0,0.5311857694112097,,,
1.0,0.0,0.3709313989354455,,,
0.0,1.0,0.6154896341408225,,,
0.0,0.0,0.40631474225213476,,,
1.0,1.0,0.5096676439813742,,,
0.0,0.0,0.38181407169183684,,,
1.0,0.0,0.44704510916960344,,,
1.0,0.0,0.4784190001314152,,,
0.0,1.0,0.5814093824048814,,,
1.0,0.0,0.40955876089188914,,,
1.0,1.0,0.5675511399696976,,,
0.0,0.0,0.40431950711816766,,,
0.0,0.0,0.22676234966354897,,,
0.0,0.0,0.4590674646778212,,,
0.0,0.0,0.39917491075584005,,,
1.0,1.0,0.7494615974315789,,,
1.0,1.0,0.5102967407277068,,,
0.0,0.0,0.3026601642459327,,,
0.0,0.0,0.3958535423370188,,,
1.0,0.0,0.4252905716038378,,,
1.0,0.0,0.48788991739028426,,,
0.0,0.0,0.46252217390476624,,,
1.0,1.0,0.5710751281523444,,,
1.0,0.0,0.4625591946373021,,,
0.0,0.0,0.308880008781669,,,
0.0,1.0,0.527410542869636,,,
1.0,0.0,0.43791050156597094,,,
0.0,0.0,0.4955896127271261,,,
0.0,0.0,0.43128101293140414,,,
0.0,0.0,0.4310361791638811,,,
0.0,0.0,0.49954103818492085,,,
0.0,0.0,0.38560385609869646,,,
1.0,0.0,0.4842486179882785,,,
0.0,0.0,0.3371366096139797,,,
0.0,0.0,0.4311515776127738,,,
0.0,0.0,0.47284834631296235,,,
0.0,0.0,0.4784268158574308,,,
0.0,0.0,0.43161066797724973,,,
1.0,1.0,0.5201488757556355,,,
1.0,0.0,0.41915886714398376,,,
1.0,1.0,0.7850184638504264,,,
1.0,0.0,0.4640042083356963,,,
0.0,0.0,0.42643197762660695,,,
1.0,1.0,0.6491636887124329,,,
0.0,0.0,0.4955563200305844,,,
0.0,0.0,0.4164945451734285,,,
1.0,1.0,0.5193843312427979,,,
0.0,0.0,0.3354229780630352,,,
1.0,0.0,0.45723960421882937,,,
1.0,1.0,0.6295893474266127,,,
1.0,0.0,0.44370111312659705,,,
1.0,1.0,0.7631848970386113,,,
1.0,0.0,0.46238084759735987,,,
0.0,1.0,0.5133984296358481,,,
1.0,1.0,0.6952193083567488,,,
0.0,0.0,0.3408467406352734,,,
0.0,0.0,0.30281556079860167,,,
0.0,0.0,0.499890883782221,,,
0.0,0.0,0.3867937465801818,,,
0.0,0.0,0.39518924754095597,,,
0.0,0.0,0.4599767840887271,,,
0.0,0.0,0.4296295106734303,,,
0.0,0.0,0.44729050483339833,,,
0.0,0.0,0.4125870482546359,,,
0.0,0.0,0.3682828820915299,,,
0.0,0.0,0.44097775090381963,,,
1.0,0.0,0.47813676527755544,,,
1.0,1.0,0.591240914726844,,,
1.0,1.0,0.6434075412495531,,,
1.0,1.0,0.5490633193807294,,,
1.0,1.0,0.6347206837382535,,,
0.0,0.0,0.4395727531966688,,,
1.0,0.0,0.4014515970171384,,,
0.0,0.0,0.3808135445392625,,,
0.0,0.0,0.4025476247086502,,,
1.0,0.0,0.48078741960018934,,,
0.0,0.0,0.37318157970885996,,,
0.0,0.0,0.41581742525945425,,,
0.0,0.0,0.3724917922041055,,,
0.0,0.0,0.4922005675123228,,,
0.0,0.0,0.36933376193823325,,,
1.0,1.0,0.5679884040234232,,,
1.0,0.0,0.4208848207622911,,,
1.0,1.0,0.6235474200774896,,,
1.0,0.0,0.40490387688996865,,,
1.0,1.0,0.660441467581162,,,
1.0,0.0,0.44994506913297194,,,
0.0,0.0,0.40764297598346505,,,
1.0,0.0,0.48362167127305405,,,
1.0,1.0,0.5994705175515805,,,
0.0,1.0,0.7046696521810377,,,
1.0,1.0,0.6623325884138999,,,
0.0,0.0,0.35340092638305287,,,
1.0,1.0,0.5194876893971528,,,
1.0,1.0,0.5865551112651635,,,
0.0,0.0,0.4680472769674384,,,
1.0,0.0,0.4913836645197787,,,
1.0,0.0,0.46102122165511006,,,
1.0,1.0,0.5973229886677249,,,
0.0,0.0,0.3772762642127889,,,
1.0,0.0,0.42997266939624607,,,
1.0,0.0,0.43996895476588294,,,
1.0,0.0,0.4991769792812931,,,
0.0,0.0,0.39172397361105227,,,
0.0,0.0,0.41209692040654017,,,
1.0,1.0,0.5107873949311765,,,
1.0,1.0,0.5017783444904487,,,
1.0,0.0,0.49859496037886775,,,
0.0,0.0,0.38741761499432725,,,
0.0,1.0,0.5328546415675317,,,
1.0,0.0,0.47462089098498744,,,
0.0,0.0,0.35006259495911574,,,
0.0,0.0,0.33457726006438926,,,
0.0,0.0,0.3346337292210977,,,
0.0,0.0,0.31485362969507025,,,
0.0,0.0,0.3874067493257662,,,
1.0,0.0,0.3963697736369713,,,
0.0,1.0,0.5513624384080686,,,
1.0,0.0,0.4531756630320309,,,
0.0,0.0,0.3649638622403137,,,
0.0,1.0,0.598923902700399,,,
1.0,1.0,0.5465716887655248,,,
0.0,0.0,0.42677166368770747,,,
0.0,0.0,0.39878053271108566,,,
0.0,0.0,0.49607739066745016,,,
0.0,0.0,0.2981406597760109,,,
0.0,0.0,0.3394352116200134,,,
1.0,0.0,0.44694371389531207,,,
0.0,0.0,0.4023601680207722,,,
0.0,0.0,0.4297844542994584,,,
0.0,0.0,0.4126957882798675,,,
0.0,0.0,0.32024844593778123,,,
1.0,1.0,0.5877303719048598,,,
0.0,0.0,0.4375448656847298,,,
1.0,1.0,0.5961783614620962,,,
1.0,1.0,0.8180505792876712,,,
0.0,0.0,0.4840748415600932,,,
1.0,0.0,0.4837781756693458,,,
0.0,0.0,0.39531898869457316,,,
0.0,1.0,0.6466158481982945,,,
1.0,1.0,0.5095677199337931,,,
0.0,0.0,0.42341493626910476,,,
1.0,1.0,0.6105264393175408,,,
0.0,0.0,0.33935990519345266,,,
0.0,0.0,0.47967753412084707,,,
0.0,0.0,0.39977274889189657,,,
1.0,1.0,0.6897900952296455,,,
1.0,0.0,0.46465774081815386,,,
1.0,1.0,0.553470055282337,,,
1.0,1.0,0.5904426755054908,,,
0.0,0.0,0.42306059896018783,,,
0.0,0.0,0.36028431150163037,,,
0.0,0.0,0.29515510991437527,,,
0.0,0.0,0.3548743779332181,,,
1.0,0.0,0.37619399540804704,,,
0.0,1.0,0.5126833485466032,,,
1.0,0.0,0.45168362859657407,,,
1.0,0.0,0.4888542475107529,,,
0.0,0.0,0.36419114489822624,,,
1.0,0.0,0.4887187470971466,,,
1.0,1.0,0.6400147861321597,,,
0.0,0.0,0.36054912881733425,,,
0.0,0.0,0.34010162658333126,,,
0.0,0.0,0.3825754224063066,,,
0.0,0.0,0.38088926923153277,,,
1.0,0.0,0.4692040113428841,,,
0.0,0.0,0.33041138522376534,,,
0.0,0.0,0.3861641241442593,,,
0.0,0.0,0.37952520650662136,,,
1.0,1.0,0.5683157023810373,,,
1.0,0.0,0.47091644583366216,,,
1.0,1.0,0.5102747266653305,,,
0.0,0.0,0.43954399522760945,,,
0.0,0.0,0.3964220136353514,,,
0.0,0.0,0.40349446549823215,,,
0.0,0.0,0.44123572532743943,,,
0.0,0.0,0.4588335568214506,,,
0.0,0.0,0.3809449952767589,,,
0.0,0.0,0.4178348888494131,,,
0.0,0.0,0.4538601912342317,,,
0.0,0.0,0.400827296446789,,,
0.0,0.0,0.3898540219884196,,,
1.0,1.0,0.7087065676309734,,,
0.0,1.0,0.510781132065484,,,
1.0,0.0,0.4404539655380406,,,
1.0,0.0,0.3589218401260641,,,
0.0,0.0,0.4225114902512328,,,
0.0,0.0,0.449078846986137,,,
0.0,0.0,0.38093473983215703,,,
1.0,1.0,0.521610220955671,,,
1.0,0.0,0.4199054879357747,,,
0.0,1.0,0.5374063312824127,,,
0.0,0.0,0.3936089213222703,,,
0.0,0.0,0.48107063048365545,,,
0.0,0.0,0.4388004410301911,,,
0.0,0.0,0.4836878138784976,,,
1.0,0.0,0.441639628124405,,,
1.0,1.0,0.5399726178701596,,,
0.0,0.0,0.43843644657724545,,,
1.0,1.0,0.5587383773423887,,,
0.0,0.0,0.4304155331436586,,,
1.0,1.0,0.7328701920352324,,,
1.0,1.0,0.5341036997873835,,,
0.0,0.0,0.38204372445965434,,,
0.0,1.0,0.5030671417375188,,,
0.0,0.0,0.40175686946378186,,,
0.0,0.0,0.39329868297097964,,,
1.0,1.0,0.7398308170659817,,,
1.0,1.0,0.738703509522566,,,
1.0,1.0,0.7028753788770848,,,
1.0,1.0,0.7315431652848691,,,
1.0,0.0,0.4865300194497827,,,
1.0,1.0,0.5613170199089866,,,
0.0,0.0,0.3576053151611386,,,
1.0,1.0,0.6738018579690744,,,
0.0,0.0,0.4608375898974635,,,
0.0,0.0,0.48554803393517015,,,
1.0,1.0,0.574816983694147,,,
1.0,0.0,0.45257365270160727,,,
0.0,1.0,0.519156041450085,,,
0.0,0.0,0.4171100728084131,,,
0.0,0.0,0.4373258490595445,,,
1.0,1.0,0.5268303024754236,,,
1.0,0.0,0.38025522839821907,,,
0.0,0.0,0.42910830585057735,,,
1.0,1.0,0.7489489318710917,,,
1.0,0.0,0.4655831384734566,,,
1.0,0.0,0.38872568151502235,,,
0.0,0.0,0.3769573847466479,,,
0.0,0.0,0.3753846158154299,,,
1.0,0.0,0.47791497453980014,,,
0.0,0.0,0.44617300186544384,,,
0.0,0.0,0.3953473324426973,,,
0.0,1.0,0.5102591497191972,,,
1.0,1.0,0.5185455216999784,,,
0.0,0.0,0.3774665837305236,,,
1.0,0.0,0.38213486478742775,,,
0.0,0.0,0.36620091176540914,,,
0.0,0.0,0.45772006291436484,,,
0.0,1.0,0.5579344536795584,,,
1.0,1.0,0.5088528841459199,,,
0.0,0.0,0.4563468562709588,,,
1.0,1.0,0.5419203714736077,,,
0.0,0.0,0.41192943571198976,,,
0.0,1.0,0.5045946931375376,,,
0.0,0.0,0.386773562876265,,,
1.0,1.0,0.5120188508625081,,,
1.0,0.0,0.44141104007328097,,,
1.0,0.0,0.3779778784134263,,,
1.0,1.0,0.5283409779669401,,,
1.0,1.0,0.6387676564626554,,,
1.0,1.0,0.5014003038181033,,,
0.0,1.0,0.5406976228711626,,,
0.0,1.0,0.5323347187705629,,,
0.0,0.0,0.4486181148105728,,,
0.0,0.0,0.43181772071960184,,,
0.0,0.0,0.4342934481492403,,,
0.0,1.0,0.6124960330947409,,,
1.0,1.0,0.5567833910116954,,,
1.0,1.0,0.6347065879579842,,,
1.0,1.0,0.5357904883222528,,,
0.0,0.0,0.4694618171052112,,,
0.0,0.0,0.2883064075169763,,,
1.0,1.0,0.7804111672581755,,,
0.0,0.0,0.36231581870796514,,,
0.0,1.0,0.5132168134603153,,,
1.0,0.0,0.3613881393615853,,,
0.0,1.0,0.5028410901424628,,,
1.0,1.0,0.6087639762961184,,,
0.0,0.0,0.36690976161180594,,,
1.0,1.0,0.5508707450780058,,,
0.0,0.0,0.4065477349661419,,,
1.0,1.0,0.6800280546405582,,,
1.0,0.0,0.4984867114866484,,,
0.0,0.0,0.46635077345932846,,,
0.0,0.0,0.3939124168057445,,,
0.0,0.0,0.423171484056861,,,
1.0,1.0,0.5839855133746391,,,
1.0,0.0,0.4694126497539406,,,
0.0,0.0,0.4314994683480512,,,
1.0,0.0,0.49532539748235577,,,
1.0,0.0,0.4355581271394083,,,
1.0,1.0,0.5980595630685155,,,
1.0,1.0,0.5071966067653019,,,
1.0,0.0,0.4679685234539669,,,
0.0,0.0,0.38258315786877417,,,
1.0,1.0,0.570586632143011,,,
1.0,1.0,0.5187810896627316,,,
1.0,0.0,0.4203723005003264,,,
0.0,0.0,0.4559456258235149,,,
1.0,1.0,0.558722636355853,,,
1.0,0.0,0.4830373654197397,,,
0.0,0.0,0.36734914436001626,,,
0.0,0.0,0.36198861618008293,,,
1.0,1.0,0.5591777754832291,,,
1.0,1.0,0.7118181881879372,,,
0.0,0.0,0.4163684445285521,,,
1.0,1.0,0.5146123486437975,,,
0.0,0.0,0.4604835365894212,,,
1.0,0.0,0.48176066469484413,,,
1.0,0.0,0.48520152357843704,,,
0.0,0.0,0.3769174677832385,,,
0.0,0.0,0.3575572745719919,,,
0.0,0.0,0.4730332569862496,,,
0.0,0.0,0.49188272092075547,,,
0.0,0.0,0.46003839927724816,,,
1.0,1.0,0.5046933977054346,,,
1.0,1.0,0.5140127514603526,,,
0.0,0.0,0.3670828927564317,,,
1.0,1.0,0.5931326592404765,,,
1.0,1.0,0.5160745306963126,,,
1.0,1.0,0.5209298685537375,,,
1.0,1.0,0.7604672716387594,,,
0.0,0.0,0.4119066505314363,,,
0.0,0.0,0.46880031367279884,,,
1.0,1.0,0.516321020322094,,,
0.0,0.0,0.4878513532050437,,,
1.0,0.0,0.4030373080544598,,,
0.0,0.0,0.40213199996129734,,,
0.0,0.0,0.4309943886789738,,,
1.0,1.0,0.5086422542709136,,,
0.0,0.0,0.48638790267262977,,,
1.0,1.0,0.7503984083984415,,,
0.0,0.0,0.4289655743789191,,,
0.0,0.0,0.4681138017445668,,,
0.0,0.0,0.4054979100826857,,,
0.0,0.0,0.36910560189385877,,,
0.0,0.0,0.48265919103660465,,,
1.0,1.0,0.6676416065468112,,,
1.0,1.0,0.7264436432324521,,,
1.0,0.0,0.4842486179882785,,,
0.0,0.0,0.3929609742080351,,,
0.0,0.0,0.4044084237905221,,,
1.0,0.0,0.46533811934060787,,,
1.0,1.0,0.6613194781358263,,,
1.0,1.0,0.6419851571058438,,,
1.0,1.0,0.5417537639449099,,,
0.0,0.0,0.40878852558804424,,,
1.0,0.0,0.4891689266388464,,,
0.0,0.0,0.43237336134499704,,,
1.0,0.0,0.43937894195154736,,,
0.0,0.0,0.49431722565666497,,,
0.0,0.0,0.36963147442240996,,,
1.0,0.0,0.49363556514938695,,,
1.0,1.0,0.8312890811068706,,,
0.0,0.0,0.4354029045024697,,,
0.0,0.0,0.4246273405769111,,,
1.0,1.0,0.5902030436785775,,,
0.0,0.0,0.3346337292210977,,,
1.0,0.0,0.4290132869747218,,,
0.0,0.0,0.3623470041518904,,,
0.0,0.0,0.4068750454604906,,,
0.0,0.0,0.35604099911028286,,,
1.0,1.0,0.7762303703058726,,,
1.0,1.0,0.5056573103076188,,,
0.0,0.0,0.34051595700702003,,,
0.0,1.0,0.5136414098493448,,,
1.0,1.0,0.5994705175515805,,,
0.0,0.0,0.3088159590663591,,,
0.0,0.0,0.35823997288686393,,,
0.0,0.0,0.4927814176265101,,,
0.0,0.0,0.31292850928542454,,,
0.0,0.0,0.44306214420115425,,,
0.0,0.0,0.36715101287553353,,,
0.0,0.0,0.373421269742957,,,
1.0,0.0,0.39457099345150276,,,
1.0,0.0,0.40437356162524235,,,
1.0,1.0,0.7898168567018631,,,
1.0,1.0,0.5172735820217105,,,
0.0,1.0,0.565384303142217,,,
0.0,1.0,0.617523895203318,,,
0.0,0.0,0.38210348803009164,,,
0.0,0.0,0.49914080112434484,,,
1.0,0.0,0.41312439889366576,,,
0.0,0.0,0.37918755802074117,,,
1.0,1.0,0.5999128404167586,,,
1.0,1.0,0.6048908780801004,,,
0.0,0.0,0.42565963552304015,,,
1.0,0.0,0.4502427955488293,,,
0.0,1.0,0.5380625320099044,,,
0.0,0.0,0.3823481400122159,,,
1.0,1.0,0.5696589813139116,,,
1.0,0.0,0.39455857060819965,,,
1.0,1.0,0.7086205938027667,,,
1.0,1.0,0.6523068406702308,,,
0.0,0.0,0.45143009393067424,,,
1.0,0.0,0.48767930271024923,,,
1.0,1.0,0.5035792621929255,,,
0.0,0.0,0.41529164045578815,,,
1.0,1.0,0.5145181175347958,,,
0.0,1.0,0.5166875989030137,,,
1.0,1.0,0.5698364704661563,,,
1.0,1.0,0.6696986851912956,,,
0.0,0.0,0.42695442412676005,,,
1.0,1.0,0.5795427090279769,,,
0.0,0.0,0.4519770042132549,,,
1.0,1.0,0.5132734690600401,,,
0.0,0.0,0.4205652439116681,,,
1.0,1.0,0.5297208584884615,,,
1.0,1.0,0.5085094750888252,,,
1.0,0.0,0.4288569696842748,,,
0.0,0.0,0.4116264773188004,,,
0.0,1.0,0.5142586527286531,,,
1.0,1.0,0.7011958156397993,,,
1.0,1.0,0.5524104477534338,,,
0.0,1.0,0.5721690596818009,,,
1.0,1.0,0.5701366658101428,,,
0.0,0.0,0.3913083349435031,,,
1.0,1.0,0.5052008335694935,,,
0.0,0.0,0.3862985892310609,,,
0.0,0.0,0.41868197148999536,,,
1.0,1.0,0.6304333836670847,,,
1.0,0.0,0.4729257733181955,,,
1.0,0.0,0.4549278722490705,,,
1.0,1.0,0.6042708175279881,,,
1.0,0.0,0.47663648053127433,,,
1.0,1.0,0.7977134447028471,,,
0.0,0.0,0.4235934225716616,,,
0.0,0.0,0.4917260627822753,,,
0.0,0.0,0.40098095016301366,,,
1.0,1.0,0.6693936041598214,,,
1.0,0.0,0.4354918244557111,,,
0.0,0.0,0.32027786163456096,,,
0.0,0.0,0.4582759290234285,,,
1.0,1.0,0.5017839171647746,,,
0.0,1.0,0.543642097149681,,,
1.0,1.0,0.5363621236557358,,,
0.0,0.0,0.39132690469033266,,,
0.0,0.0,0.4600517184229156,,,
1.0,1.0,0.7894883596659382,,,
0.0,0.0,0.46111688831743675,,,
1.0,1.0,0.5416538066334375,,,
0.0,0.0,0.43384545461816715,,,
0.0,0.0,0.47963719077552874,,,
1.0,1.0,0.6331009854831348,,,
0.0,0.0,0.4016545389151765,,,
0.0,0.0,0.36191122099677625,,,
1.0,1.0,0.7876963316994636,,,
1.0,1.0,0.5260673067414934,,,
0.0,0.0,0.45200238270182536,,,
0.0,0.0,0.32744450563740124,,,
0.0,0.0,0.4570445412348516,,,
1.0,0.0,0.4100323954783891,,,
1.0,1.0,0.5582028891431654,,,
0.0,0.0,0.4741446413571161,,,
1.0,0.0,0.49293857674667746,,,
1.0,0.0,0.44104578015159424,,,
1.0,0.0,0.46837440889513,,,
0.0,0.0,0.3607940487408536,,,
0.0,1.0,0.5320636082581074,,,
0.0,1.0,0.5245566440803425,,,
1.0,1.0,0.6618362599007332,,,
0.0,0.0,0.40435560854362784,,,
0.0,1.0,0.5183205475600329,,,
1.0,1.0,0.5893067907773077,,,
0.0,0.0,0.3106930980733432,,,
1.0,1.0,0.6233302603431602,,,
0.0,0.0,0.40105486571493437,,,
0.0,0.0,0.3458785536566133,,,
0.0,0.0,0.36746087835247837,,,
1.0,1.0,0.5643616992151427,,,
0.0,0.0,0.38632060722586115,,,
0.0,0.0,0.46140257156025916,,,
0.0,0.0,0.31200369812418177,,,
0.0,0.0,0.4117529032138853,,,
1.0,0.0,0.46140105017888955,,,
1.0,1.0,0.759027514022293,,,
0.0,0.0,0.38063145555447203,,,
1.0,0.0,0.4331255894126333,,,
0.0,0.0,0.36401912534813163,,,
1.0,1.0,0.6999362293189221,,,
1.0,0.0,0.46006606752066576,,,
1.0,1.0,0.7213631838138486,,,
1.0,1.0,0.5225017171218489,,,
0.0,0.0,0.4458147796466579,,,
1.0,1.0,0.5869275279160637,,,
1.0,0.0,0.35679485066787703,,,
0.0,1.0,0.6081341417508133,,,
0.0,0.0,0.22894814627247426,,,
1.0,0.0,0.4357154459745067,,,
1.0,1.0,0.7413019080935802,,,
0.0,0.0,0.34734006231300757,,,
1.0,1.0,0.6042036611694227,,,
1.0,0.0,0.44796871741223027,,,
1.0,1.0,0.5183703662387168,,,
0.0,0.0,0.410716397081302,,,
0.0,0.0,0.4563747932790983,,,
0.0,0.0,0.4736284810690692,,,
0.0,0.0,0.41392004850402386,,,
0.0,0.0,0.3856954778096145,,,
0.0,1.0,0.5478016572790262,,,
1.0,0.0,0.4554241922380162,,,
1.0,0.0,0.4989695515825039,,,
1.0,1.0,0.7381207532018584,,,
1.0,1.0,0.6778142772228576,,,
1.0,0.0,0.3467427883471946,,,
0.0,0.0,0.4055256396920329,,,
0.0,0.0,0.495129102622366,,,
1.0,1.0,0.5000495082384542,,,
0.0,0.0,0.36419249600138615,,,
1.0,0.0,0.41111164363807184,,,
0.0,0.0,0.42539636482865906,,,
0.0,0.0,0.39193406352619575,,,
0.0,0.0,0.3940247761600826,,,
0.0,0.0,0.3238378881094227,,,
1.0,0.0,0.49661400022501917,,,
1.0,1.0,0.5379943895396053,,,
0.0,0.0,0.46604453709299326,,,
1.0,1.0,0.5954940255017859,,,
1.0,1.0,0.7184348695471553,,,
1.0,1.0,0.5566543512410473,,,
0.0,0.0,0.3978038786856788,,,
0.0,0.0,0.42138298127978696,,,
0.0,0.0,0.41417108399362035,,,
0.0,0.0,0.4533117257136875,,,
0.0,0.0,0.4028030444599004,,,
0.0,0.0,0.4098899614666455,,,
0.0,0.0,0.4351746378816861,,,
1.0,0.0,0.4988105942083466,,,
0.0,0.0,0.3849755294843979,,,
0.0,0.0,0.38204372445965434,,,
0.0,1.0,0.5475150630009603,,,
0.0,0.0,0.2998266619810144,,,
0.0,0.0,0.4113687875837338,,,
1.0,1.0,0.5834895969777121,,,
1.0,1.0,0.7245835295940705,,,
0.0,0.0,0.4214184822715095,,,
0.0,0.0,0.4968895579462593,,,
0.0,1.0,0.5379951589705064,,,
1.0,0.0,0.41853317172924576,,,
0.0,0.0,0.49341052899456006,,,
1.0,1.0,0.6685914913740485,,,
0.0,0.0,0.3891073693149189,,,
0.0,0.0,0.32060910778616136,,,
0.0,0.0,0.32479098162962117,,,
0.0,0.0,0.3785090184065224,,,
0.0,0.0,0.3219990104957801,,,
0.0,0.0,0.377438202312596,,,
1.0,1.0,0.5060325631128703,,,
0.0,0.0,0.43257763866988586,,,
0.0,0.0,0.3514493959874251,,,
1.0,0.0,0.39734098091247455,,,
1.0,0.0,0.42469915337909475,,,
0.0,0.0,0.45448771530408033,,,
0.0,0.0,0.42974195886071487,,,
1.0,0.0,0.43879075454738947,,,
1.0,0.0,0.49500993872919724,,,
1.0,1.0,0.5398425779494785,,,
1.0,0.0,0.4788827534492517,,,
0.0,0.0,0.43971193155765453,,,
1.0,1.0,0.5245566440803425,,,
1.0,1.0,0.5340773336921312,,,
0.0,0.0,0.4419701386138937,,,
0.0,0.0,0.40443186721434937,,,
1.0,1.0,0.8349797781149536,,,
0.0,0.0,0.4002949792361406,,,
0.0,0.0,0.36205477210973724,,,
1.0,1.0,0.5463023879563119,,,
1.0,1.0,0.8336567727008483,,,
0.0,0.0,0.45778595237234854,,,
0.0,0.0,0.3528709123487334,,,
0.0,0.0,0.4411171393654711,,,
1.0,0.0,0.47780379020082797,,,
0.0,0.0,0.36868197502858013,,,
1.0,1.0,0.5531462360014731,,,
1.0,0.0,0.36498736689755606,,,
0.0,0.0,0.40623818892944713,,,
1.0,0.0,0.4767056803493884,,,
0.0,0.0,0.3568355343108182,,,
1.0,1.0,0.6041189108084366,,,
0.0,0.0,0.40200877553638725,,,
0.0,0.0,0.32909221742199457,,,
0.0,0.0,0.43454437127025264,,,
1.0,1.0,0.8011709296812943,,,
1.0,0.0,0.4240446998493604,,,
1.0,1.0,0.519223444673442,,,
1.0,0.0,0.39767820318105623,,,
0.0,0.0,0.47227284059209135,,,
1.0,1.0,0.5719615010270138,,,
1.0,1.0,0.6391607452792065,,,
0.0,0.0,0.4564353598185846,,,
0.0,0.0,0.31172589698863573,,,
1.0,1.0,0.5403792675938768,,,
0.0,0.0,0.37718269141510496,,,
1.0,1.0,0.661602566851376,,,
0.0,1.0,0.5133995039056036,,,
0.0,0.0,0.4817163985521757,,,
1.0,1.0,0.5575746414545744,,,
0.0,0.0,0.4057899370441874,,,
1.0,1.0,0.5273583187452577,,,
1.0,1.0,0.6819490491694697,,,
0.0,0.0,0.44791589787749925,,,
0.0,0.0,0.41961181655325636,,,
0.0,0.0,0.44087152250137374,,,
0.0,0.0,0.49503932053965294,,,
1.0,0.0,0.45668079122814376,,,
0.0,0.0,0.3719945915824326,,,
1.0,1.0,0.625925512563659,,,
1.0,0.0,0.46853302029533617,,,
0.0,0.0,0.40242912987363066,,,
0.0,0.0,0.31487906424429174,,,
1.0,1.0,0.5131670051541772,,,
1.0,0.0,0.43894955009761316,,,
1.0,1.0,0.5235694701639885,,,
1.0,1.0,0.8096856344474438,,,
1.0,1.0,0.5084363813794337,,,
1.0,0.0,0.49470170164004146,,,
0.0,0.0,0.4029355004494824,,,
1.0,1.0,0.6519119867771506,,,
1.0,1.0,0.6001447419191103,,,
0.0,0.0,0.45924173664118495,,,
1.0,0.0,0.4416814951148693,,,
0.0,0.0,0.32561744196791254,,,
0.0,0.0,0.4045609059928306,,,
1.0,1.0,0.8170574612645786,,,
1.0,1.0,0.5311399233719206,,,
1.0,0.0,0.4612319305479191,,,
0.0,0.0,0.371220133170832,,,
0.0,1.0,0.5036187159945489,,,
1.0,1.0,0.6049804669569051,,,
1.0,0.0,0.4059975212010576,,,
1.0,1.0,0.8148533749804036,,,
0.0,0.0,0.36110321830900555,,,
0.0,0.0,0.3661996954742543,,,
1.0,0.0,0.422633476861392,,,
0.0,0.0,0.4313649860755648,,,
0.0,0.0,0.434780751772232,,,
1.0,1.0,0.6477826935304195,,,
1.0,1.0,0.695417180563696,,,
1.0,0.0,0.4192974058579939,,,
0.0,0.0,0.4377681521362564,,,
1.0,1.0,0.5133945934813332,,,
0.0,0.0,0.38526848033427225,,,
1.0,1.0,0.5328604146445579,,,
1.0,1.0,0.5030881511305809,,,
1.0,1.0,0.5934597958716264,,,
1.0,1.0,0.6653444761854079,,,
0.0,1.0,0.5404758804076036,,,
0.0,0.0,0.37001410022994125,,,
0.0,0.0,0.4957593032655016,,,
1.0,1.0,0.5297208584884615,,,
1.0,0.0,0.467060908697117,,,
0.0,0.0,0.37248704103088937,,,
0.0,0.0,0.36146900810688043,,,
1.0,0.0,0.36736436561865204,,,
1.0,1.0,0.6921271210370668,,,
1.0,0.0,0.4886763464161112,,,
1.0,1.0,0.5031879511239654,,,
1.0,1.0,0.6995198129800139,,,
1.0,1.0,0.5368245960730337,,,
0.0,1.0,0.5309100155498355,,,
0.0,0.0,0.39946249836576553,,,
1.0,0.0,0.4546718686187106,,,
0.0,0.0,0.42297760591301453,,,
0.0,0.0,0.3650877848512988,,,
1.0,1.0,0.5191979012110397,,,
0.0,0.0,0.4028473449274544,,,
0.0,0.0,0.4615630580940381,,,
0.0,0.0,0.31559729638132616,,,
0.0,0.0,0.47565902744866667,,,
1.0,1.0,0.5662556017166238,,,
1.0,1.0,0.5361793481514052,,,
0.0,0.0,0.41406946134172024,,,
1.0,1.0,0.7948430842134258,,,
1.0,0.0,0.4793390899920676,,,
0.0,0.0,0.3547554050028354,,,
0.0,0.0,0.34953955187501057,,,
0.0,0.0,0.3361712446862397,,,
1.0,1.0,0.5417537639449099,,,
0.0,0.0,0.4254855917261215,,,
0.0,0.0,0.4137925417235797,,,
1.0,1.0,0.734461081560051,,,
1.0,1.0,0.6771435746483412,,,
0.0,0.0,0.3270278807969464,,,
1.0,0.0,0.457461631883266,,,
0.0,0.0,0.2743803458859426,,,
0.0,0.0,0.4843861042670768,,,
0.0,0.0,0.3656470161322771,,,
0.0,1.0,0.5043002462756808,,,
1.0,1.0,0.6527925179045906,,,
0.0,0.0,0.38042471354030255,,,
0.0,0.0,0.2804055567456032,,,
0.0,1.0,0.6526450835590885,,,
0.0,0.0,0.316118046380229,,,
1.0,1.0,0.5300072511892462,,,
0.0,0.0,0.3603090669442285,,,
1.0,1.0,0.8388608980471578,,,
1.0,1.0,0.6326522089407867,,,
0.0,0.0,0.38893691346349746,,,
0.0,0.0,0.3927752252592483,,,
1.0,0.0,0.3585723011531606,,,
0.0,0.0,0.35626926167353157,,,
0.0,0.0,0.35099325442933793,,,
0.0,0.0,0.413757663064468,,,
1.0,1.0,0.5334688466650974,,,
0.0,0.0,0.35099325442933793,,,
1.0,0.0,0.42091632874247625,,,
0.0,0.0,0.3365417494287475,,,
1.0,0.0,0.38379476960345943,,,
1.0,1.0,0.5554995892846795,,,
0.0,0.0,0.3691152185195746,,,
1.0,1.0,0.6281253845326449,,,
1.0,1.0,0.516580027781666,,,
1.0,0.0,0.43125252413329324,,,
0.0,0.0,0.387964456403202,,,
0.0,0.0,0.4905015362256259,,,
0.0,0.0,0.3281320315346319,,,
1.0,1.0,0.5158048848695033,,,
0.0,0.0,0.4597250962218836,,,
0.0,0.0,0.3843454186660586,,,
0.0,0.0,0.3541784925462731,,,
0.0,0.0,0.36475954410585315,,,
1.0,0.0,0.43614551029444787,,,
1.0,0.0,0.49847160073818303,,,
1.0,1.0,0.7007425938109463,,,
0.0,0.0,0.31412723595867104,,,
0.0,0.0,0.3629932932055226,,,
1.0,1.0,0.5988160805092307,,,
1.0,1.0,0.7108321074949864,,,
1.0,1.0,0.5904913748521605,,,
1.0,1.0,0.5652075271847697,,,
0.0,0.0,0.48929317709176234,,,
0.0,0.0,0.42631024317758953,,,
0.0,0.0,0.4826692107456569,,,
1.0,0.0,0.46149170835951847,,,
1.0,1.0,0.5036789984917347,,,
1.0,1.0,0.7501851343294221,,,
0.0,0.0,0.381442657935899,,,
1.0,0.0,0.48542840144323574,,,
1.0,1.0,0.5083728366546258,,,
1.0,0.0,0.36917891705122075,,,
0.0,0.0,0.42331302701420154,,,
1.0,0.0,0.4562780563174214,,,
0.0,0.0,0.38827865791803734,,,
0.0,0.0,0.33009966879869146,,,
0.0,0.0,0.4298622692637602,,,
1.0,0.0,0.4698448979177299,,,
1.0,1.0,0.6418152645282095,,,
1.0,0.0,0.48331288926640337,,,
1.0,0.0,0.39316224448637116,,,
0.0,0.0,0.35873879747683113,,,
0.0,0.0,0.34913751209608,,,
0.0,0.0,0.417995553692266,,,
1.0,0.0,0.4831429923994261,,,
0.0,0.0,0.3884604123563824,,,
0.0,0.0,0.38149520992675484,,,
1.0,1.0,0.6881793794604654,,,
1.0,0.0,0.4652288498764615,,,
1.0,1.0,0.553450401852355,,,
0.0,0.0,0.43377724747101004,,,
1.0,1.0,0.5326858536543851,,,
0.0,0.0,0.4061396655763762,,,
0.0,0.0,0.29045932195273966,,,
1.0,0.0,0.37870744204415857,,,
0.0,0.0,0.4657287584913204,,,
1.0,1.0,0.5807637425435306,,,
0.0,0.0,0.41766694820076283,,,
1.0,0.0,0.43755368698159136,,,
0.0,0.0,0.293720525606633,,,
1.0,0.0,0.44622918627426855,,,
0.0,0.0,0.43021139112981827,,,
1.0,1.0,0.7683523772858534,,,
0.0,0.0,0.39342604795348807,,,
0.0,0.0,0.3754669289524477,,,
0.0,0.0,0.29505465000070014,,,
0.0,0.0,0.4030087313089676,,,
1.0,1.0,0.5000629538006812,,,
1.0,1.0,0.6924747492243599,,,
0.0,0.0,0.3544188694433454,,,
0.0,0.0,0.4258461780207313,,,
1.0,0.0,0.38903338556102557,,,
1.0,0.0,0.36868152690665984,,,
1.0,1.0,0.5989481336265897,,,
0.0,0.0,0.40540512138306933,,,
1.0,1.0,0.5195168200538446,,,
1.0,0.0,0.43942616496636255,,,
0.0,0.0,0.3665025381934329,,,
1.0,1.0,0.5206074904166462,,,
0.0,0.0,0.3786367040422202,,,
0.0,1.0,0.5884340092221405,,,
1.0,0.0,0.3368237951207018,,,
0.0,0.0,0.28425528878671613,,,
0.0,0.0,0.288135617840869,,,
0.0,0.0,0.35731061981667206,,,
1.0,1.0,0.5168713249441235,,,
1.0,1.0,0.56817240883641,,,
0.0,0.0,0.3516169003679798,,,
0.0,0.0,0.3915120099253456,,,
0.0,0.0,0.30260563965628856,,,
1.0,1.0,0.5669258050417095,,,
1.0,1.0,0.550462556209364,,,
1.0,1.0,0.5482001529964369,,,
1.0,0.0,0.4853698243838955,,,
1.0,1.0,0.6483599657596348,,,
0.0,0.0,0.22894814627247426,,,
0.0,0.0,0.4222487679541269,,,
0.0,1.0,0.5049174378475635,,,
1.0,0.0,0.43123937935192524,,,
1.0,0.0,0.4566956068014717,,,
0.0,1.0,0.5959867540547491,,,
0.0,0.0,0.3986690722683445,,,
0.0,0.0,0.35622749241262885,,,
1.0,1.0,0.5434866315678685,,,
1.0,1.0,0.5156534613007463,,,
0.0,0.0,0.3476152470846441,,,
0.0,0.0,0.46470357032564,,,
0.0,0.0,0.39111381839560916,,,
0.0,0.0,0.38873012757411896,,,
0.0,0.0,0.41629314122071165,,,
0.0,0.0,0.3824647094935619,,,
1.0,1.0,0.5712104461454223,,,
0.0,0.0,0.38461287479009343,,,
1.0,1.0,0.6054439676725812,,,
0.0,0.0,0.38537294339065165,,,
1.0,1.0,0.5999266987316086,,,
0.0,0.0,0.30783559310853487,,,
0.0,1.0,0.5712576165000873,,,
1.0,0.0,0.4766910910022251,,,
1.0,1.0,0.635253721168146,,,
1.0,0.0,0.36169783317228466,,,
0.0,0.0,0.31375799688438605,,,
0.0,0.0,0.44362037555677286,,,
1.0,0.0,0.4947260959142988,,,
0.0,0.0,0.3554019558239345,,,
1.0,1.0,0.5121790311654746,,,
0.0,0.0,0.34051595700702003,,,
1.0,0.0,0.38204372445965434,,,
1.0,0.0,0.31528533799919256,,,
0.0,0.0,0.4394768113870216,,,
0.0,0.0,0.4514852061754426,,,
1.0,0.0,0.41674467926566583,,,
1.0,0.0,0.4813165140567325,,,
1.0,1.0,0.5637095251698118,,,
1.0,1.0,0.5396043537820094,,,
1.0,0.0,0.4651264894023095,,,
0.0,0.0,0.4086526843460876,,,
0.0,0.0,0.4538076609425631,,,
1.0,0.0,0.48116820607899846,,,
1.0,1.0,0.5722664501583271,,,
0.0,0.0,0.32272816857208625,,,
1.0,1.0,0.5036993971323973,,,
0.0,0.0,0.45341493828131,,,
0.0,0.0,0.46698701279535315,,,
1.0,0.0,0.4659118771626667,,,
0.0,0.0,0.414051289264261,,,
1.0,1.0,0.5517216532878666,,,
0.0,0.0,0.4649091949618807,,,
1.0,0.0,0.4993932738838916,,,
0.0,0.0,0.4321664602824817,,,
0.0,0.0,0.4344190681765363,,,
0.0,0.0,0.41014066960461343,,,
0.0,0.0,0.44987532087421617,,,
1.0,0.0,0.4588893810049371,,,
1.0,1.0,0.5185295642373999,,,
0.0,0.0,0.40211403179688227,,,
0.0,0.0,0.4330277686677161,,,
0.0,0.0,0.4085590420307223,,,
0.0,0.0,0.4217881894743685,,,
0.0,0.0,0.46160737623766435,,,
0.0,0.0,0.4833001543747035,,,
0.0,0.0,0.40578593540106467,,,
0.0,0.0,0.4578780563643357,,,
0.0,0.0,0.4106880964160459,,,
0.0,0.0,0.384612613494524,,,
1.0,1.0,0.6599859238220058,,,
1.0,1.0,0.5046116321351138,,,
1.0,1.0,0.6179556129991469,,,
0.0,0.0,0.3219990104957801,,,
1.0,1.0,0.5002646080485896,,,
1.0,0.0,0.4521731639210532,,,
0.0,0.0,0.44453946689684803,,,
0.0,0.0,0.3807951757435454,,,
0.0,0.0,0.42549300427636955,,,
0.0,0.0,0.4235495884165194,,,
0.0,0.0,0.39305924359696,,,
0.0,0.0,0.4727137761788481,,,
0.0,0.0,0.4839022422538354,,,
0.0,0.0,0.338821900982496,,,
1.0,1.0,0.5554792203122259,,,
0.0,0.0,0.4622712167321307,,,
1.0,1.0,0.5639795828494536,,,
0.0,0.0,0.4611336601776799,,,
1.0,1.0,0.5023347099031462,,,
1.0,1.0,0.6464332673124953,,,
0.0,0.0,0.44583526767370013,,,
0.0,0.0,0.4651464120325582,,,
1.0,1.0,0.5546310071244448,,,
1.0,0.0,0.4726703418317943,,,
1.0,1.0,0.6163891401013325,,,
0.0,0.0,0.34684497287870003,,,
0.0,0.0,0.31298407595564015,,,
0.0,0.0,0.27970301840013934,,,
0.0,0.0,0.42243102457827375,,,
1.0,0.0,0.4583388665144988,,,
0.0,0.0,0.38897575426726,,,
1.0,1.0,0.5249069271842097,,,
1.0,0.0,0.41727159254771945,,,
1.0,0.0,0.4844496015680116,,,
1.0,0.0,0.4917260187345279,,,
1.0,0.0,0.43862087206568895,,,
1.0,0.0,0.4844400673881069,,,
1.0,0.0,0.41667980661643683,,,
0.0,0.0,0.38696411694645555,,,
1.0,1.0,0.518187451189199,,,
0.0,0.0,0.43300792431869667,,,
1.0,1.0,0.576788825886994,,,
0.0,1.0,0.5186207984699608,,,
1.0,1.0,0.5887522244114097,,,
0.0,0.0,0.4427769827123273,,,
0.0,0.0,0.378060426863569,,,
1.0,1.0,0.5352980513954642,,,
1.0,0.0,0.4417392935282969,,,
0.0,0.0,0.4607557642965832,,,
1.0,0.0,0.3808815762101078,,,
0.0,0.0,0.33088378605073915,,,
1.0,0.0,0.4621445602073027,,,
0.0,0.0,0.46915906085453907,,,
1.0,1.0,0.6305566329646243,,,
1.0,1.0,0.5371859667389077,,,
1.0,1.0,0.6560860805458457,,,
0.0,0.0,0.3606635184125819,,,
0.0,0.0,0.3966614252045937,,,
1.0,1.0,0.6010904675182596,,,
1.0,0.0,0.4225595724034324,,,
0.0,1.0,0.5406655878816435,,,
0.0,0.0,0.3598126019369917,,,
0.0,0.0,0.37804698968133194,,,
0.0,0.0,0.36287437862855887,,,
0.0,0.0,0.4333961327934849,,,
1.0,1.0,0.5518697928494812,,,
1.0,1.0,0.51206764870723,,,
1.0,1.0,0.5120076096542546,,,
0.0,0.0,0.42138900574960364,,,
0.0,0.0,0.41652806252299973,,,
1.0,0.0,0.43733159438166164,,,
0.0,0.0,0.3806621777678634,,,
0.0,0.0,0.42230780134232754,,,
1.0,0.0,0.3624613292704711,,,
1.0,1.0,0.5570498004738306,,,
1.0,1.0,0.5187278875498255,,,
0.0,0.0,0.39580380728043507,,,
0.0,0.0,0.31077160099412104,,,
1.0,0.0,0.46315048239639556,,,
1.0,0.0,0.46094633976015364,,,
1.0,1.0,0.5792139264521172,,,
0.0,0.0,0.48289185141782875,,,
0.0,0.0,0.3996258934217503,,,
0.0,0.0,0.384234734310007,,,
0.0,0.0,0.40335644235333756,,,
0.0,0.0,0.32879035546780977,,,
0.0,0.0,0.40654964595879706,,,
1.0,1.0,0.512378146623452,,,
0.0,0.0,0.396699067309831,,,
0.0,0.0,0.42420377887089294,,,
1.0,0.0,0.49107333675374226,,,
1.0,1.0,0.7184694275569212,,,
0.0,0.0,0.47105009425457395,,,
0.0,0.0,0.4450742415156642,,,
0.0,0.0,0.29915541381432936,,,
0.0,0.0,0.37099132451237216,,,
0.0,0.0,0.36207149996917354,,,
1.0,0.0,0.46139965722507853,,,
1.0,0.0,0.4338040572725035,,,
0.0,0.0,0.3473111645696389,,,
1.0,0.0,0.43481893634973495,,,
0.0,0.0,0.4059239733840636,,,
0.0,0.0,0.44177184620993604,,,
1.0,1.0,0.6199996624260328,,,
0.0,0.0,0.2808572209291103,,,
0.0,0.0,0.4642082782860664,,,
1.0,0.0,0.3444430551722494,,,
0.0,0.0,0.3986281430671071,,,
0.0,0.0,0.41171766961890455,,,
1.0,1.0,0.5184032630205128,,,
0.0,0.0,0.3239784277701479,,,
1.0,1.0,0.7219436263147726,,,
0.0,0.0,0.44678573185240444,,,
1.0,0.0,0.49693414685603815,,,
1.0,1.0,0.5145797961718119,,,
0.0,0.0,0.42711393134337355,,,
0.0,0.0,0.426912790120968,,,
0.0,1.0,0.5116276970622685,,,
0.0,0.0,0.4361772573410718,,,
1.0,0.0,0.4217874381620909,,,
0.0,0.0,0.4484199295379918,,,
0.0,1.0,0.6846536986686181,,,
0.0,0.0,0.451669646518614,,,
1.0,0.0,0.4576948733145422,,,
0.0,0.0,0.4055749895280816,,,
1.0,0.0,0.4845442473386171,,,
0.0,1.0,0.7160272946324926,,,
1.0,1.0,0.7976807213567076,,,
0.0,0.0,0.4737190754039779,,,
0.0,0.0,0.34779211622677536,,,
1.0,1.0,0.6964419259575941,,,
1.0,1.0,0.5533306082853682,,,
0.0,1.0,0.5736163914362593,,,
1.0,1.0,0.5483284300017807,,,
0.0,0.0,0.2784213355526288,,,
1.0,0.0,0.47478213309537115,,,
1.0,0.0,0.4506599529319446,,,
0.0,0.0,0.39815339241549147,,,
0.0,0.0,0.3417233599639298,,,
0.0,0.0,0.4884131951450424,,,
0.0,0.0,0.4106929962203135,,,
0.0,0.0,0.4315110062342041,,,
1.0,1.0,0.7547955721647749,,,
1.0,1.0,0.5566048051529993,,,
0.0,1.0,0.5002435292806134,,,
1.0,0.0,0.48109600362488514,,,
0.0,0.0,0.38553599665824406,,,
0.0,0.0,0.31403902346740026,,,
1.0,1.0,0.6673070810133482,,,
0.0,0.0,0.3712706411503267,,,
1.0,1.0,0.7275402653515937,,,
1.0,1.0,0.5172424600295831,,,
1.0,0.0,0.4848488001539038,,,
1.0,1.0,0.5748617867854144,,,
1.0,1.0,0.5771023722098267,,,
0.0,0.0,0.36017030466467836,,,
0.0,1.0,0.6184026774138082,,,
0.0,0.0,0.26757251648411745,,,
0.0,0.0,0.4413287154143268,,,
0.0,1.0,0.5050702536100279,,,
1.0,1.0,0.8045375976921392,,,
1.0,0.0,0.43166206305613203,,,
0.0,0.0,0.3717859491021668,,,
1.0,1.0,0.6411629392815924,,,
0.0,0.0,0.41102675102953007,,,
1.0,1.0,0.6803437967064495,,,
0.0,0.0,0.38734226684421463,,,
0.0,1.0,0.5325482309411614,,,
0.0,0.0,0.3838358273980185,,,
0.0,0.0,0.3721712111733159,,,
1.0,1.0,0.5513399251923555,,,
0.0,0.0,0.3762019142123823,,,
1.0,1.0,0.8297464672315318,,,
0.0,0.0,0.37784398807617126,,,
0.0,0.0,0.3396306320034454,,,
1.0,1.0,0.5457565450963842,,,
0.0,0.0,0.47780911529020786,,,
0.0,0.0,0.36156438918294626,,,
1.0,0.0,0.45907982918532336,,,
1.0,1.0,0.6469403332344289,,,
1.0,1.0,0.519169592563102,,,
1.0,1.0,0.7102736480704126,,,
0.0,1.0,0.5050857017507833,,,
0.0,0.0,0.42555786806116824,,,
1.0,0.0,0.3997326441073911,,,
1.0,0.0,0.4758034233708093,,,
1.0,1.0,0.5338024825519594,,,
0.0,0.0,0.3674637760111063,,,
1.0,1.0,0.7197128764217718,,,
0.0,0.0,0.4132387151074103,,,
0.0,0.0,0.44907717576270734,,,
0.0,0.0,0.4153830896531195,,,
0.0,0.0,0.3792058416500922,,,
1.0,1.0,0.5237593706824618,,,
1.0,1.0,0.5135967511782751,,,
1.0,1.0,0.5262954691979368,,,
0.0,0.0,0.37820628317331917,,,
0.0,0.0,0.4046251163402359,,,
0.0,0.0,0.3899378160354357,,,
0.0,0.0,0.33418241065564214,,,
0.0,0.0,0.3422926566748359,,,
0.0,0.0,0.4090432246766696,,,
0.0,0.0,0.4644164444539895,,,
0.0,0.0,0.3985714882330603,,,
1.0,1.0,0.6691696466656895,,,
0.0,0.0,0.3754071964661544,,,
0.0,0.0,0.48233078770622123,,,
1.0,0.0,0.4921087830494192,,,
0.0,0.0,0.4354902726800076,,,
0.0,1.0,0.604833549733651,,,
0.0,0.0,0.3872878067057016,,,
0.0,0.0,0.38793324337111573,,,
0.0,0.0,0.3701885299169677,,,
1.0,1.0,0.8158207671254505,,,
0.0,1.0,0.5025530138993985,,,
1.0,0.0,0.4681074182321413,,,
0.0,0.0,0.43724977049850317,,,
0.0,0.0,0.4360250326437452,,,
0.0,1.0,0.5587367762832703,,,
1.0,1.0,0.6195492174682408,,,
1.0,0.0,0.49037784421222985,,,
0.0,0.0,0.39822281296417583,,,
1.0,0.0,0.46285456695158805,,,
0.0,0.0,0.22894814627247426,,,
0.0,0.0,0.44720279583600864,,,
1.0,1.0,0.5514606444036956,,,
1.0,1.0,0.7682027058553864,,,
1.0,1.0,0.7243818881063437,,,
0.0,0.0,0.4472251934957108,,,
1.0,0.0,0.46260496989473393,,,
1.0,1.0,0.6398003994683786,,,
0.0,0.0,0.3281972159822541,,,
0.0,0.0,0.3772652210835469,,,
0.0,0.0,0.3954867186363166,,,
0.0,0.0,0.3680410019982428,,,
1.0,1.0,0.7502014141063176,,,
0.0,1.0,0.5250710382850046,,,
0.0,0.0,0.41133733063569683,,,
0.0,1.0,0.6451331110653893,,,
1.0,0.0,0.49128155311898253,,,
1.0,0.0,0.42663611211303193,,,
0.0,0.0,0.4909277765824052,,,
1.0,1.0,0.6246914201425243,,,
0.0,0.0,0.2768811734766261,,,
0.0,0.0,0.36222847180710493,,,
1.0,1.0,0.6234101613178855,,,
0.0,1.0,0.6265653415979896,,,
1.0,1.0,0.5170583548527271,,,
0.0,0.0,0.38162804469486833,,,
1.0,1.0,0.519223444673442,,,
0.0,1.0,0.5132187153571018,,,
0.0,0.0,0.4746591478192657,,,
0.0,1.0,0.5658956696246839,,,
1.0,1.0,0.7547955721647749,,,
1.0,0.0,0.3219990104957801,,,
1.0,0.0,0.4076249291840409,,,
0.0,0.0,0.29292401656714834,,,
0.0,1.0,0.5021223445025521,,,
0.0,0.0,0.4063005628742938,,,
1.0,0.0,0.4686282703310603,,,
1.0,1.0,0.6199997554998914,,,
0.0,0.0,0.39799573777839714,,,
0.0,0.0,0.4019446183103245,,,
0.0,1.0,0.5085050372674373,,,
1.0,1.0,0.6749789176076373,,,
0.0,0.0,0.3169884856759343,,,
1.0,0.0,0.48380429419432464,,,
1.0,1.0,0.6216009952671624,,,
1.0,0.0,0.4249490994854827,,,
0.0,0.0,0.49772945825419196,,,
1.0,0.0,0.4832340937844422,,,
1.0,1.0,0.5529788900727007,,,
1.0,0.0,0.44587775525408785,,,
1.0,0.0,0.41132170103668475,,,
0.0,0.0,0.35224472195160267,,,
0.0,0.0,0.3772971150942568,,,
0.0,0.0,0.3434396818049399,,,
1.0,0.0,0.49390169847191995,,,
0.0,0.0,0.3713266190466149,,,
1.0,0.0,0.42457691236324163,,,
0.0,0.0,0.3579990393792919,,,
0.0,0.0,0.4978670324007568,,,
0.0,0.0,0.43259825353156844,,,
0.0,0.0,0.3244712271899747,,,
0.0,0.0,0.4379201670586634,,,
1.0,0.0,0.48182620301906093,,,
0.0,0.0,0.44036662991420195,,,
1.0,1.0,0.6110228278329556,,,
1.0,0.0,0.49332561985103063,,,
0.0,0.0,0.417812753601212,,,
0.0,1.0,0.5102429783953679,,,
1.0,1.0,0.6004440700874443,,,
0.0,0.0,0.3415461757911247,,,
1.0,1.0,0.6552572776175843,,,
0.0,0.0,0.3927137267987239,,,
0.0,0.0,0.37893719106674745,,,
1.0,1.0,0.7414273601571313,,,
0.0,1.0,0.5741103389651665,,,
1.0,1.0,0.7404978564906972,,,
0.0,0.0,0.3595880202195285,,,
0.0,0.0,0.3815926715351338,,,
1.0,1.0,0.5525470471668288,,,
1.0,0.0,0.44668987518659636,,,
0.0,0.0,0.3487291485381545,,,
0.0,0.0,0.21941495597356267,,,
0.0,0.0,0.4152178000749548,,,
1.0,1.0,0.5642847407590271,,,
0.0,0.0,0.45225329715281987,,,
0.0,0.0,0.4681174075445177,,,
0.0,1.0,0.5034040909548044,,,
0.0,0.0,0.33436078155412796,,,
0.0,0.0,0.44189035096367946,,,
0.0,0.0,0.4504004199813311,,,
0.0,0.0,0.3279804443883743,,,
0.0,0.0,0.4734471083626114,,,
0.0,0.0,0.3765624984407983,,,
1.0,1.0,0.7781135047626454,,,
1.0,1.0,0.5189898584558821,,,
0.0,0.0,0.42765066428085435,,,
0.0,0.0,0.4140497577567915,,,
1.0,1.0,0.7576051366100518,,,
0.0,0.0,0.42064771244290095,,,
1.0,1.0,0.6218403583468086,,,
1.0,1.0,0.5035319203339037,,,
1.0,0.0,0.46967127877420367,,,
1.0,0.0,0.4787918996864797,,,
1.0,1.0,0.7187735670858975,,,
1.0,1.0,0.5209054734390108,,,
0.0,0.0,0.3679818868842558,,,
1.0,1.0,0.5081851850388993,,,
0.0,0.0,0.22894814627247426,,,
0.0,0.0,0.4103585578118509,,,
0.0,0.0,0.45445500171577213,,,
0.0,0.0,0.42523419502497095,,,
1.0,1.0,0.5667955697355602,,,
0.0,1.0,0.6280781519358714,,,
1.0,0.0,0.4727068304775102,,,
1.0,0.0,0.3148491331876786,,,
0.0,0.0,0.48377488749139685,,,
0.0,0.0,0.4454514273670948,,,
0.0,0.0,0.36695242170417885,,,
0.0,0.0,0.38837692069589974,,,
0.0,0.0,0.4018920679563117,,,
0.0,0.0,0.4036376976208308,,,
0.0,0.0,0.36332336267818577,,,
1.0,1.0,0.704239291648735,,,
1.0,1.0,0.6946409779504693,,,
1.0,1.0,0.7037417664693421,,,
0.0,0.0,0.2800418563714131,,,
1.0,1.0,0.501270546555822,,,
0.0,0.0,0.2958993164415434,,,
0.0,0.0,0.42004421251786533,,,
0.0,0.0,0.35844910645894795,,,
1.0,0.0,0.4282903381216857,,,
0.0,0.0,0.4577500428123461,,,
0.0,0.0,0.2773622864880854,,,
1.0,0.0,0.4856498770027225,,,
1.0,1.0,0.6405962210090345,,,
1.0,1.0,0.6226595397647265,,,
1.0,1.0,0.5732722764791348,,,
0.0,0.0,0.3625138826761946,,,
1.0,1.0,0.556461486539246,,,
0.0,0.0,0.3562070055477535,,,
1.0,1.0,0.5108029269127413,,,
0.0,0.0,0.28863678698735296,,,
1.0,1.0,0.8338152030825856,,,
1.0,1.0,0.7445420785303445,,,
1.0,0.0,0.45090927217168003,,,
1.0,1.0,0.704356553144566,,,
0.0,0.0,0.3900177204060199,,,
0.0,0.0,0.45766908438619563,,,
1.0,1.0,0.7096928697132001,,,
0.0,0.0,0.4408009305395082,,,
1.0,0.0,0.47690655493565237,,,
0.0,0.0,0.40789674428816647,,,
0.0,0.0,0.4383252274275955,,,
1.0,0.0,0.4710482854032037,,,
1.0,1.0,0.5846716890702887,,,
1.0,0.0,0.36870818436618175,,,
0.0,0.0,0.3728428098390042,,,
0.0,0.0,0.42651731442551366,,,
1.0,1.0,0.5546911627628733,,,
1.0,1.0,0.7239697631879,,,
1.0,1.0,0.5278183903077153,,,
0.0,0.0,0.326078955609614,,,
1.0,1.0,0.8059839790774785,,,
1.0,1.0,0.5081241587932841,,,
1.0,0.0,0.4648779449066858,,,
1.0,0.0,0.4780973891748821,,,
1.0,1.0,0.6951148972225019,,,
1.0,0.0,0.4921328007319963,,,
1.0,1.0,0.6184554517501653,,,
1.0,1.0,0.600480770116402,,,
0.0,0.0,0.41901217252410417,,,
0.0,0.0,0.3912735327037958,,,
0.0,1.0,0.5337107526111,,,
0.0,0.0,0.386352313722418,,,
0.0,0.0,0.45856662433716266,,,
0.0,0.0,0.3755549624827589,,,
1.0,1.0,0.6446599101203374,,,
1.0,1.0,0.5855981407483686,,,
0.0,0.0,0.4361035364912612,,,
0.0,0.0,0.45357774073030394,,,
1.0,1.0,0.7097241103337683,,,
1.0,0.0,0.4496585557243461,,,
0.0,1.0,0.5201324619872508,,,
0.0,0.0,0.340453053106333,,,
1.0,1.0,0.5550126597879418,,,
1.0,0.0,0.40411743262669514,,,
0.0,0.0,0.42937097195551543,,,
0.0,0.0,0.4169556945229317,,,
0.0,1.0,0.5073471216369011,,,
0.0,0.0,0.4634417820421703,,,
0.0,0.0,0.3875738627342114,,,
0.0,0.0,0.44861836852055187,,,
1.0,1.0,0.5363304987492259,,,
1.0,1.0,0.6013663870900069,,,
0.0,0.0,0.2825253057008065,,,
1.0,0.0,0.42213911662154346,,,
1.0,1.0,0.5733412447833677,,,
1.0,0.0,0.49853915835372126,,,
0.0,0.0,0.3809547454315317,,,
0.0,0.0,0.44767448898339335,,,
0.0,0.0,0.2987101615345195,,,
0.0,0.0,0.3882459035259535,,,
0.0,0.0,0.4410103519243723,,,
1.0,1.0,0.8349797781149536,,,
0.0,0.0,0.46200163870098604,,,
0.0,0.0,0.43050701787840534,,,
1.0,1.0,0.5943302381826522,,,
0.0,0.0,0.4349435679880416,,,
1.0,0.0,0.4656049781851947,,,
0.0,0.0,0.41845818225232506,,,
1.0,0.0,0.3735689740972671,,,
1.0,1.0,0.5063508988503232,,,
1.0,0.0,0.4110904991150076,,,
0.0,0.0,0.22236044123092744,,,
1.0,0.0,0.4968877601196167,,,
1.0,1.0,0.6296123847896801,,,
1.0,1.0,0.650048383879616,,,
1.0,1.0,0.7301598159630763,,,
1.0,0.0,0.4669584090633756,,,
0.0,0.0,0.32282602434000235,,,
0.0,0.0,0.46834260217665824,,,
1.0,0.0,0.44955885875663715,,,
