tr_y,tr_pred,tr_proba,te_y,te_pred,te_proba
1.0,1.0,0.5165331363677979,1.0,1.0,0.8618581295013428
0.0,0.0,0.33036142587661743,0.0,0.0,0.34474611282348633
0.0,0.0,0.41881120204925537,0.0,0.0,0.34576427936553955
1.0,0.0,0.42228615283966064,1.0,1.0,0.9370753765106201
0.0,0.0,0.2644142210483551,0.0,0.0,0.3908844590187073
1.0,1.0,0.8096114993095398,0.0,0.0,0.22104820609092712
0.0,0.0,0.3209102749824524,1.0,0.0,0.42856207489967346
0.0,0.0,0.47730734944343567,0.0,0.0,0.2254214584827423
1.0,0.0,0.49829185009002686,1.0,1.0,0.5453972816467285
0.0,0.0,0.45039570331573486,0.0,0.0,0.36772027611732483
0.0,0.0,0.37062644958496094,0.0,0.0,0.2540717124938965
1.0,1.0,0.5805713534355164,0.0,0.0,0.38091883063316345
0.0,0.0,0.2565949559211731,1.0,1.0,0.6131103038787842
1.0,1.0,0.8719131350517273,1.0,0.0,0.4074394702911377
1.0,1.0,0.6981573104858398,0.0,1.0,0.5021581053733826
1.0,1.0,0.5356562733650208,0.0,0.0,0.3043345808982849
1.0,0.0,0.3573233187198639,0.0,0.0,0.36485555768013
1.0,1.0,0.9017647504806519,1.0,1.0,0.5082868337631226
1.0,1.0,0.9111143350601196,1.0,1.0,0.7897332310676575
1.0,0.0,0.39428529143333435,1.0,1.0,0.7187265157699585
0.0,0.0,0.4516541063785553,1.0,0.0,0.29683223366737366
1.0,1.0,0.8492224812507629,0.0,0.0,0.39678531885147095
0.0,0.0,0.2804020047187805,1.0,0.0,0.4381209909915924
0.0,0.0,0.234788715839386,1.0,1.0,0.5010730624198914
1.0,0.0,0.42357388138771057,1.0,1.0,0.7503389120101929
1.0,1.0,0.9081737995147705,1.0,0.0,0.345838338136673
0.0,0.0,0.2867150604724884,1.0,1.0,0.7632731199264526
1.0,0.0,0.18541426956653595,0.0,0.0,0.40278899669647217
0.0,0.0,0.2878616452217102,1.0,1.0,0.7941346764564514
0.0,0.0,0.3398188054561615,0.0,0.0,0.3248211145401001
0.0,0.0,0.23814813792705536,1.0,0.0,0.3940087854862213
0.0,0.0,0.18379312753677368,0.0,1.0,0.5411746501922607
0.0,0.0,0.43605363368988037,1.0,0.0,0.3149124085903168
1.0,0.0,0.4131057858467102,1.0,1.0,0.7239139676094055
0.0,0.0,0.28723692893981934,0.0,0.0,0.38593998551368713
1.0,0.0,0.3505910634994507,0.0,0.0,0.40969717502593994
0.0,0.0,0.3297116160392761,1.0,0.0,0.4542079269886017
0.0,1.0,0.575247049331665,1.0,1.0,0.5264675617218018
1.0,1.0,0.7890684604644775,1.0,1.0,0.856153130531311
0.0,0.0,0.35571789741516113,1.0,0.0,0.49753445386886597
1.0,1.0,0.7809950113296509,0.0,0.0,0.427521288394928
0.0,0.0,0.2463160902261734,1.0,1.0,0.7375404834747314
0.0,1.0,0.5505430698394775,1.0,1.0,0.8425388932228088
1.0,0.0,0.4759010970592499,1.0,0.0,0.4756806790828705
0.0,0.0,0.24977239966392517,1.0,0.0,0.2701248526573181
1.0,1.0,0.7039856314659119,0.0,0.0,0.3331882059574127
1.0,0.0,0.4014005661010742,1.0,1.0,0.5666029453277588
0.0,0.0,0.398118793964386,0.0,0.0,0.26016750931739807
0.0,0.0,0.398371160030365,0.0,0.0,0.48805689811706543
1.0,0.0,0.4926966726779938,0.0,0.0,0.2412654012441635
0.0,0.0,0.2237740010023117,1.0,1.0,0.681065559387207
1.0,1.0,0.5078126192092896,1.0,1.0,0.8349601030349731
1.0,1.0,0.8411033749580383,1.0,0.0,0.3385430574417114
0.0,0.0,0.2992258667945862,1.0,1.0,0.7672107815742493
0.0,0.0,0.4632507860660553,0.0,0.0,0.33161699771881104
0.0,0.0,0.38463473320007324,1.0,1.0,0.6625561118125916
1.0,1.0,0.5112277865409851,1.0,1.0,0.7036873698234558
0.0,0.0,0.2463110089302063,1.0,1.0,0.9333637952804565
0.0,0.0,0.3479900062084198,0.0,0.0,0.3132855296134949
0.0,0.0,0.36434611678123474,1.0,1.0,0.516341507434845
1.0,0.0,0.4588398337364197,1.0,0.0,0.26098230481147766
0.0,0.0,0.43738192319869995,0.0,0.0,0.374078631401062
1.0,1.0,0.5880849361419678,0.0,0.0,0.3894980847835541
1.0,1.0,0.8538460731506348,1.0,0.0,0.3534405827522278
1.0,0.0,0.36953645944595337,0.0,0.0,0.2990714907646179
0.0,1.0,0.5514594316482544,1.0,0.0,0.48624756932258606
0.0,0.0,0.3430962860584259,1.0,1.0,0.7337841391563416
1.0,1.0,0.7884117364883423,1.0,0.0,0.26245954632759094
1.0,1.0,0.7699543237686157,1.0,1.0,0.8506472110748291
1.0,1.0,0.9017647504806519,1.0,0.0,0.4165257215499878
0.0,0.0,0.3451923429965973,1.0,1.0,0.7890189290046692
1.0,1.0,0.8727766275405884,1.0,1.0,0.5978888273239136
0.0,0.0,0.39748892188072205,1.0,1.0,0.8577321171760559
0.0,1.0,0.5192192792892456,0.0,0.0,0.44953322410583496
1.0,1.0,0.7344847917556763,0.0,0.0,0.3487505316734314
0.0,0.0,0.4900031089782715,1.0,1.0,0.7547822594642639
0.0,0.0,0.43775811791419983,0.0,0.0,0.4104229211807251
0.0,1.0,0.5692579746246338,1.0,1.0,0.7124704122543335
0.0,0.0,0.4210090935230255,1.0,1.0,0.6570271253585815
0.0,0.0,0.4568263292312622,1.0,1.0,0.6245778203010559
0.0,0.0,0.2929527759552002,0.0,0.0,0.31401848793029785
1.0,1.0,0.7919989228248596,0.0,0.0,0.24120189249515533
0.0,0.0,0.40577203035354614,1.0,0.0,0.38789278268814087
0.0,0.0,0.23189528286457062,0.0,0.0,0.36909517645835876
0.0,0.0,0.27521979808807373,1.0,1.0,0.5759419798851013
1.0,0.0,0.37115731835365295,0.0,0.0,0.4611985683441162
1.0,1.0,0.8889567852020264,0.0,0.0,0.1994520127773285
1.0,1.0,0.7060329914093018,0.0,1.0,0.5143104791641235
1.0,1.0,0.6163263320922852,1.0,0.0,0.4453667402267456
0.0,0.0,0.37318697571754456,1.0,1.0,0.6100467443466187
0.0,0.0,0.2868831753730774,0.0,0.0,0.3811703622341156
1.0,1.0,0.5412080883979797,0.0,0.0,0.3499523997306824
1.0,1.0,0.7884117364883423,1.0,1.0,0.7570564150810242
0.0,0.0,0.32163283228874207,1.0,1.0,0.6623731255531311
0.0,0.0,0.26975536346435547,0.0,0.0,0.4311312735080719
0.0,0.0,0.2739962637424469,0.0,0.0,0.31543540954589844
0.0,1.0,0.5065454244613647,0.0,0.0,0.352834552526474
1.0,1.0,0.7785360813140869,1.0,0.0,0.38268232345581055
0.0,0.0,0.24078692495822906,0.0,0.0,0.4607551097869873
0.0,0.0,0.19012649357318878,1.0,0.0,0.47582942247390747
1.0,1.0,0.6135688424110413,1.0,1.0,0.726812481880188
0.0,0.0,0.34412384033203125,1.0,1.0,0.753764271736145
1.0,0.0,0.4147133529186249,1.0,0.0,0.4259149432182312
0.0,1.0,0.5317623019218445,1.0,1.0,0.7671115398406982
0.0,0.0,0.3378036320209503,0.0,1.0,0.7233182191848755
1.0,1.0,0.5901166796684265,0.0,0.0,0.3440237045288086
1.0,1.0,0.8950983881950378,1.0,1.0,0.5603132843971252
1.0,1.0,0.5642474293708801,1.0,1.0,0.7662913799285889
1.0,1.0,0.7974759340286255,1.0,0.0,0.39747190475463867
1.0,1.0,0.786388635635376,1.0,1.0,0.6220107078552246
1.0,0.0,0.4299020767211914,0.0,0.0,0.39287808537483215
1.0,0.0,0.4761442244052887,0.0,0.0,0.3508797287940979
0.0,0.0,0.3554326891899109,1.0,0.0,0.38409075140953064
0.0,1.0,0.5013843178749084,0.0,0.0,0.33618393540382385
1.0,1.0,0.5288068652153015,1.0,1.0,0.5007654428482056
0.0,0.0,0.16244421899318695,0.0,0.0,0.2595177888870239
0.0,0.0,0.2785007655620575,1.0,1.0,0.5391448140144348
1.0,0.0,0.33181384205818176,1.0,1.0,0.646051287651062
1.0,1.0,0.5365551114082336,0.0,0.0,0.31864139437675476
1.0,1.0,0.9110588431358337,1.0,1.0,0.9470316171646118
1.0,1.0,0.8826977610588074,1.0,1.0,0.8686208128929138
0.0,0.0,0.345838338136673,1.0,1.0,0.8866920471191406
0.0,0.0,0.3631940186023712,0.0,0.0,0.43587931990623474
1.0,1.0,0.695306122303009,1.0,1.0,0.5800997018814087
0.0,0.0,0.4260873794555664,1.0,1.0,0.7686841487884521
1.0,1.0,0.750196099281311,0.0,0.0,0.2688749432563782
1.0,1.0,0.8995228409767151,0.0,0.0,0.3073669970035553
0.0,0.0,0.3628809154033661,1.0,0.0,0.328930526971817
1.0,1.0,0.5734772086143494,0.0,0.0,0.47441157698631287
0.0,0.0,0.2832835912704468,1.0,1.0,0.569832444190979
1.0,1.0,0.6657071709632874,0.0,0.0,0.24597427248954773
1.0,0.0,0.35156574845314026,1.0,1.0,0.7082824110984802
0.0,0.0,0.46146640181541443,0.0,1.0,0.5871647000312805
0.0,0.0,0.42618170380592346,1.0,1.0,0.6994314193725586
0.0,0.0,0.4131721556186676,0.0,0.0,0.26451078057289124
0.0,1.0,0.6717803478240967,0.0,0.0,0.44017264246940613
1.0,1.0,0.8922299742698669,0.0,0.0,0.3735921382904053
0.0,0.0,0.3236059546470642,1.0,1.0,0.5883802771568298
1.0,1.0,0.8995454907417297,0.0,0.0,0.370009183883667
1.0,1.0,0.7590430378913879,0.0,0.0,0.3344535231590271
0.0,1.0,0.594835102558136,1.0,1.0,0.7870064973831177
1.0,0.0,0.4319249391555786,1.0,1.0,0.6758749485015869
0.0,0.0,0.2727128267288208,1.0,0.0,0.3380093276500702
0.0,0.0,0.4423999786376953,0.0,0.0,0.39968088269233704
1.0,1.0,0.7979599833488464,1.0,1.0,0.5104671120643616
0.0,0.0,0.3719567060470581,1.0,1.0,0.8038036227226257
0.0,0.0,0.35083669424057007,0.0,0.0,0.33219629526138306
1.0,1.0,0.7865848541259766,1.0,1.0,0.9145317077636719
1.0,1.0,0.6783620119094849,1.0,1.0,0.6547904014587402
1.0,1.0,0.560302734375,1.0,0.0,0.31594404578208923
1.0,1.0,0.941222071647644,1.0,0.0,0.483058363199234
1.0,1.0,0.8748514652252197,1.0,1.0,0.5010730624198914
0.0,0.0,0.299539178609848,0.0,0.0,0.3056500256061554
0.0,0.0,0.3991561830043793,0.0,0.0,0.33998093008995056
1.0,0.0,0.40384426712989807,0.0,0.0,0.45808374881744385
0.0,0.0,0.17631827294826508,0.0,0.0,0.30288785696029663
0.0,0.0,0.3191230595111847,1.0,1.0,0.7146787047386169
1.0,0.0,0.48702454566955566,0.0,0.0,0.2598612606525421
1.0,1.0,0.8035953640937805,0.0,0.0,0.35989096760749817
1.0,1.0,0.771465539932251,0.0,0.0,0.4032604694366455
0.0,1.0,0.5004892945289612,1.0,1.0,0.5078831315040588
0.0,0.0,0.21096056699752808,0.0,0.0,0.2521163523197174
1.0,1.0,0.6574386358261108,1.0,1.0,0.6453858017921448
0.0,0.0,0.49753445386886597,0.0,1.0,0.5262423753738403
0.0,0.0,0.3610205352306366,1.0,1.0,0.853455662727356
1.0,1.0,0.7070755362510681,0.0,0.0,0.27150219678878784
0.0,0.0,0.36891475319862366,1.0,1.0,0.6912070512771606
0.0,0.0,0.1798120141029358,1.0,0.0,0.21443627774715424
0.0,0.0,0.3627728819847107,1.0,0.0,0.3592526614665985
1.0,0.0,0.4060400128364563,1.0,1.0,0.686704158782959
0.0,0.0,0.3190769553184509,0.0,0.0,0.44495147466659546
0.0,0.0,0.3093842566013336,0.0,0.0,0.42685484886169434
0.0,0.0,0.31649792194366455,0.0,0.0,0.35912787914276123
1.0,0.0,0.47258666157722473,0.0,0.0,0.25889888405799866
0.0,0.0,0.42840084433555603,1.0,0.0,0.4955253005027771
1.0,1.0,0.6702113151550293,0.0,0.0,0.2239597588777542
0.0,1.0,0.5794829726219177,1.0,0.0,0.4070700407028198
0.0,0.0,0.37982043623924255,1.0,1.0,0.6095299124717712
1.0,0.0,0.2990622818470001,1.0,0.0,0.34632420539855957
0.0,1.0,0.7602239847183228,1.0,1.0,0.7847367525100708
0.0,0.0,0.36069267988204956,1.0,1.0,0.9238197803497314
0.0,0.0,0.32835128903388977,0.0,0.0,0.43828362226486206
0.0,0.0,0.13149288296699524,0.0,0.0,0.34055227041244507
1.0,0.0,0.3344266414642334,0.0,1.0,0.6444849967956543
0.0,0.0,0.33581581711769104,0.0,0.0,0.4667488932609558
0.0,1.0,0.5383882522583008,0.0,0.0,0.2598612606525421
0.0,0.0,0.3715934753417969,0.0,1.0,0.7197184562683105
1.0,0.0,0.23704051971435547,0.0,0.0,0.24440519511699677
0.0,1.0,0.5237827301025391,0.0,0.0,0.29721924662590027
0.0,0.0,0.178684264421463,0.0,0.0,0.28451550006866455
1.0,0.0,0.44951528310775757,0.0,0.0,0.1798120141029358
0.0,0.0,0.22345711290836334,1.0,1.0,0.6909646391868591
0.0,0.0,0.2656707763671875,0.0,0.0,0.21308989822864532
1.0,1.0,0.7405889630317688,1.0,1.0,0.7691298723220825
0.0,0.0,0.14202573895454407,1.0,1.0,0.5134333968162537
0.0,0.0,0.43092742562294006,0.0,0.0,0.4039132595062256
1.0,0.0,0.3880287706851959,1.0,0.0,0.3840065896511078
0.0,0.0,0.38279277086257935,0.0,0.0,0.44967374205589294
0.0,0.0,0.20163844525814056,1.0,1.0,0.7405318021774292
1.0,0.0,0.31584662199020386,0.0,0.0,0.36807742714881897
1.0,1.0,0.5169282555580139,1.0,0.0,0.38000208139419556
1.0,0.0,0.3256215751171112,1.0,0.0,0.48203665018081665
0.0,0.0,0.29935550689697266,0.0,0.0,0.4518291652202606
1.0,1.0,0.603754997253418,0.0,0.0,0.26703080534935
0.0,0.0,0.32082653045654297,0.0,0.0,0.2764218747615814
1.0,1.0,0.6757201552391052,0.0,0.0,0.36230015754699707
0.0,0.0,0.3971133828163147,1.0,0.0,0.4764738976955414
0.0,0.0,0.34547924995422363,1.0,1.0,0.5013673305511475
0.0,0.0,0.2960807681083679,0.0,0.0,0.33370813727378845
0.0,0.0,0.4487587511539459,0.0,0.0,0.24734407663345337
0.0,0.0,0.3656080663204193,0.0,0.0,0.36856886744499207
0.0,0.0,0.26836076378822327,0.0,0.0,0.34211069345474243
1.0,1.0,0.7949133515357971,0.0,1.0,0.6342236399650574
1.0,1.0,0.6408026814460754,0.0,0.0,0.40148207545280457
0.0,0.0,0.3793388307094574,0.0,0.0,0.45034804940223694
1.0,1.0,0.504027247428894,0.0,0.0,0.30496904253959656
0.0,0.0,0.4683038592338562,1.0,1.0,0.707949161529541
0.0,0.0,0.2807583510875702,1.0,0.0,0.4219748377799988
0.0,0.0,0.29491978883743286,0.0,0.0,0.34136855602264404
1.0,1.0,0.5876144766807556,0.0,1.0,0.6911087036132812
0.0,0.0,0.4102399945259094,0.0,0.0,0.36977148056030273
0.0,0.0,0.389364093542099,0.0,0.0,0.46518754959106445
1.0,0.0,0.4556214213371277,1.0,1.0,0.6083061695098877
0.0,0.0,0.2974512577056885,0.0,1.0,0.503781795501709
1.0,1.0,0.6146551966667175,1.0,1.0,0.6899166703224182
1.0,1.0,0.6204850077629089,0.0,0.0,0.3854048550128937
0.0,0.0,0.35842165350914,0.0,0.0,0.28386232256889343
1.0,1.0,0.6479601860046387,0.0,0.0,0.3776334822177887
0.0,0.0,0.3469426929950714,0.0,1.0,0.5409502983093262
0.0,0.0,0.3095482587814331,1.0,1.0,0.725272536277771
1.0,0.0,0.4023991823196411,1.0,0.0,0.45272818207740784
0.0,0.0,0.39629942178726196,1.0,1.0,0.7599467039108276
0.0,0.0,0.3604806661605835,0.0,0.0,0.2252354472875595
0.0,0.0,0.2463160902261734,0.0,0.0,0.29830849170684814
0.0,0.0,0.34692156314849854,0.0,0.0,0.3722836673259735
1.0,0.0,0.45140862464904785,0.0,0.0,0.3712630569934845
0.0,0.0,0.4577074646949768,0.0,1.0,0.5096293687820435
1.0,1.0,0.5539910793304443,0.0,0.0,0.34474611282348633
1.0,0.0,0.4051739573478699,1.0,1.0,0.627220630645752
1.0,1.0,0.547863781452179,1.0,1.0,0.6621025800704956
1.0,0.0,0.44201764464378357,0.0,0.0,0.38971108198165894
0.0,0.0,0.33244588971138,0.0,0.0,0.3116457164287567
1.0,1.0,0.5791952013969421,1.0,1.0,0.512657880783081
1.0,1.0,0.6719204783439636,1.0,1.0,0.7213156223297119
0.0,0.0,0.3525398373603821,1.0,1.0,0.9414539337158203
0.0,0.0,0.47441157698631287,1.0,0.0,0.3608168065547943
0.0,0.0,0.46672436594963074,0.0,0.0,0.24770374596118927
0.0,0.0,0.31680309772491455,0.0,0.0,0.2354840785264969
0.0,0.0,0.3093430697917938,0.0,0.0,0.41899195313453674
0.0,0.0,0.232118159532547,1.0,1.0,0.5093312859535217
0.0,0.0,0.37189871072769165,1.0,1.0,0.7570564150810242
1.0,0.0,0.4997906982898712,1.0,1.0,0.5980578064918518
0.0,0.0,0.3786623179912567,0.0,0.0,0.24734407663345337
1.0,1.0,0.5300059914588928,1.0,1.0,0.5029528141021729
1.0,0.0,0.3886137902736664,1.0,0.0,0.36597058176994324
0.0,0.0,0.4958929121494293,1.0,0.0,0.49380654096603394
1.0,1.0,0.7600271105766296,0.0,0.0,0.37925294041633606
1.0,0.0,0.4273082911968231,0.0,0.0,0.27548038959503174
0.0,0.0,0.33793142437934875,1.0,1.0,0.6530742645263672
1.0,1.0,0.8669419884681702,0.0,0.0,0.3179122507572174
1.0,1.0,0.5399655699729919,0.0,0.0,0.4384273588657379
1.0,0.0,0.3776400089263916,0.0,0.0,0.3347793519496918
0.0,0.0,0.3025652766227722,0.0,0.0,0.3096528947353363
0.0,0.0,0.43201079964637756,1.0,1.0,0.5676618218421936
1.0,1.0,0.6367743611335754,1.0,0.0,0.4345688223838806
1.0,1.0,0.7358124256134033,0.0,0.0,0.32925426959991455
1.0,1.0,0.521537721157074,1.0,1.0,0.8511368036270142
0.0,0.0,0.32017871737480164,0.0,0.0,0.3297116160392761
1.0,1.0,0.7034704089164734,1.0,1.0,0.8052694797515869
0.0,1.0,0.5420283079147339,0.0,0.0,0.39524951577186584
1.0,0.0,0.2750718295574188,0.0,0.0,0.36522939801216125
1.0,1.0,0.6668329834938049,0.0,0.0,0.28769931197166443
0.0,0.0,0.4425087869167328,0.0,0.0,0.26683512330055237
0.0,0.0,0.3576122522354126,1.0,1.0,0.6205646395683289
0.0,0.0,0.3788600265979767,1.0,1.0,0.7922478914260864
1.0,0.0,0.3788209557533264,0.0,0.0,0.3780982792377472
0.0,0.0,0.3178502321243286,1.0,0.0,0.3836531341075897
0.0,0.0,0.3415905237197876,1.0,0.0,0.3872719705104828
0.0,0.0,0.30811187624931335,0.0,0.0,0.27993980050086975
1.0,0.0,0.38573142886161804,0.0,0.0,0.36154189705848694
0.0,0.0,0.2368450164794922,1.0,1.0,0.7683511972427368
1.0,1.0,0.7319459915161133,0.0,0.0,0.3164423406124115
0.0,0.0,0.3363455832004547,1.0,1.0,0.6260786056518555
0.0,0.0,0.2573927044868469,1.0,1.0,0.6362757086753845
1.0,1.0,0.7489883899688721,1.0,1.0,0.8943997025489807
1.0,1.0,0.7492064237594604,1.0,1.0,0.8259645104408264
1.0,0.0,0.45386022329330444,0.0,0.0,0.2840944230556488
1.0,1.0,0.6098982691764832,0.0,1.0,0.6594383120536804
1.0,0.0,0.3715541660785675,1.0,1.0,0.5402191877365112
1.0,0.0,0.4394340515136719,0.0,0.0,0.32706791162490845
1.0,0.0,0.4640129506587982,0.0,0.0,0.3482224643230438
1.0,0.0,0.45441243052482605,0.0,0.0,0.4847120940685272
0.0,1.0,0.6717555522918701,1.0,1.0,0.6569714546203613
0.0,0.0,0.31889861822128296,1.0,1.0,0.7268038988113403
0.0,1.0,0.5423203110694885,0.0,1.0,0.5174853205680847
1.0,0.0,0.2545505464076996,0.0,0.0,0.28598812222480774
1.0,1.0,0.5974599123001099,0.0,1.0,0.5138310194015503
1.0,0.0,0.3993883728981018,0.0,1.0,0.6219611167907715
0.0,0.0,0.3653542399406433,0.0,0.0,0.2118527889251709
0.0,0.0,0.3033752739429474,0.0,0.0,0.3934316635131836
0.0,0.0,0.4450998306274414,0.0,1.0,0.5033860802650452
0.0,0.0,0.2814909815788269,1.0,1.0,0.7570564150810242
1.0,1.0,0.7375404834747314,1.0,1.0,0.6000500321388245
1.0,1.0,0.6739158034324646,0.0,1.0,0.5254514813423157
0.0,1.0,0.517484188079834,1.0,0.0,0.30481085181236267
1.0,1.0,0.6550028324127197,0.0,0.0,0.4113050699234009
1.0,1.0,0.7452912330627441,1.0,1.0,0.846709132194519
0.0,0.0,0.44344305992126465,1.0,1.0,0.7325948476791382
1.0,1.0,0.5110085606575012,1.0,1.0,0.6159346103668213
0.0,0.0,0.29807016253471375,1.0,1.0,0.7450326681137085
0.0,0.0,0.32103607058525085,1.0,1.0,0.9049484729766846
0.0,0.0,0.24809344112873077,0.0,0.0,0.3217349350452423
0.0,0.0,0.29718878865242004,0.0,0.0,0.4607235789299011
1.0,1.0,0.8149784803390503,0.0,0.0,0.3832809627056122
1.0,1.0,0.5734003186225891,0.0,0.0,0.3878172039985657
0.0,0.0,0.26742300391197205,0.0,0.0,0.4240627884864807
1.0,1.0,0.7298799157142639,0.0,0.0,0.2525947391986847
0.0,0.0,0.3635600805282593,0.0,0.0,0.2642098367214203
1.0,1.0,0.8710424900054932,1.0,0.0,0.4593828320503235
1.0,1.0,0.7743133306503296,1.0,0.0,0.3519093096256256
1.0,0.0,0.4339616000652313,0.0,0.0,0.3198374807834625
0.0,0.0,0.24347765743732452,1.0,1.0,0.7050021290779114
1.0,1.0,0.5624757409095764,0.0,0.0,0.3577953577041626
1.0,1.0,0.8234589695930481,0.0,0.0,0.36909982562065125
0.0,0.0,0.2944953143596649,1.0,1.0,0.8408701419830322
1.0,1.0,0.5110085606575012,0.0,0.0,0.29152414202690125
1.0,0.0,0.41143253445625305,0.0,0.0,0.4623689353466034
1.0,0.0,0.44015243649482727,0.0,0.0,0.2967514395713806
0.0,0.0,0.3135946989059448,0.0,0.0,0.3440237045288086
0.0,0.0,0.3020961284637451,0.0,0.0,0.3374667167663574
0.0,1.0,0.5244881510734558,0.0,0.0,0.3292267620563507
0.0,0.0,0.3876962959766388,0.0,0.0,0.26389116048812866
0.0,0.0,0.38201022148132324,0.0,0.0,0.31519433856010437
0.0,0.0,0.24578730762004852,0.0,0.0,0.3692985773086548
1.0,0.0,0.45227354764938354,1.0,1.0,0.5877478718757629
1.0,1.0,0.6447541117668152,0.0,0.0,0.47731494903564453
1.0,1.0,0.5541173219680786,1.0,1.0,0.5351440906524658
1.0,1.0,0.8110811114311218,0.0,0.0,0.2515692710876465
1.0,0.0,0.43079906702041626,1.0,0.0,0.4892086088657379
1.0,1.0,0.8580745458602905,0.0,0.0,0.33944669365882874
0.0,0.0,0.31891220808029175,0.0,0.0,0.3210373818874359
1.0,1.0,0.844900906085968,0.0,1.0,0.54781574010849
0.0,0.0,0.42211487889289856,0.0,0.0,0.3526688516139984
1.0,1.0,0.6675105094909668,1.0,0.0,0.310639888048172
0.0,0.0,0.36176249384880066,1.0,0.0,0.30145615339279175
1.0,0.0,0.33725279569625854,1.0,0.0,0.4249710440635681
0.0,0.0,0.33769822120666504,1.0,1.0,0.5016825795173645
0.0,0.0,0.4579889476299286,0.0,0.0,0.2781306505203247
1.0,0.0,0.40104082226753235,1.0,1.0,0.5019343495368958
1.0,1.0,0.8244070410728455,0.0,0.0,0.4614637494087219
0.0,0.0,0.22711537778377533,0.0,1.0,0.5648058652877808
0.0,0.0,0.4846555292606354,1.0,1.0,0.7687315940856934
0.0,0.0,0.3430962860584259,1.0,1.0,0.8109595775604248
0.0,0.0,0.4499073624610901,1.0,0.0,0.36539244651794434
1.0,1.0,0.8867345452308655,0.0,0.0,0.3198055028915405
1.0,0.0,0.27914437651634216,1.0,1.0,0.7681553959846497
0.0,0.0,0.45725131034851074,0.0,0.0,0.4457007944583893
0.0,1.0,0.6359034180641174,1.0,0.0,0.4134375751018524
1.0,1.0,0.6685342192649841,1.0,0.0,0.49014344811439514
1.0,0.0,0.4379851222038269,1.0,0.0,0.48318958282470703
0.0,0.0,0.303546667098999,0.0,0.0,0.4582976996898651
0.0,0.0,0.3429342210292816,0.0,0.0,0.24634622037410736
0.0,0.0,0.3667919337749481,0.0,1.0,0.5448163151741028
0.0,1.0,0.5525360107421875,1.0,0.0,0.36689725518226624
1.0,1.0,0.5911651849746704,1.0,0.0,0.2731826901435852
1.0,1.0,0.5036184787750244,1.0,1.0,0.6496447324752808
0.0,0.0,0.2878616452217102,1.0,1.0,0.7922870516777039
0.0,0.0,0.24593664705753326,0.0,0.0,0.476591557264328
0.0,0.0,0.3344600796699524,1.0,0.0,0.44722259044647217
0.0,0.0,0.43503907322883606,1.0,1.0,0.5252043008804321
1.0,1.0,0.8014116883277893,0.0,1.0,0.5772745013237
0.0,0.0,0.2741239368915558,0.0,0.0,0.38788360357284546
0.0,0.0,0.30528080463409424,0.0,0.0,0.19226212799549103
1.0,0.0,0.35521402955055237,0.0,1.0,0.6277884244918823
0.0,0.0,0.43552911281585693,0.0,0.0,0.3039175570011139
1.0,0.0,0.3885236084461212,0.0,0.0,0.39061668515205383
1.0,1.0,0.7445479035377502,0.0,1.0,0.6057257652282715
1.0,1.0,0.7255366444587708,1.0,1.0,0.6496174931526184
1.0,0.0,0.2965373992919922,1.0,1.0,0.6348821520805359
0.0,0.0,0.25421983003616333,1.0,1.0,0.570024847984314
0.0,0.0,0.4507881700992584,1.0,1.0,0.8690797686576843
1.0,0.0,0.35324370861053467,1.0,1.0,0.5617804527282715
1.0,0.0,0.4302747845649719,1.0,1.0,0.8165954351425171
0.0,0.0,0.29445135593414307,0.0,1.0,0.5404595136642456
0.0,0.0,0.17123296856880188,0.0,0.0,0.46038323640823364
1.0,1.0,0.5262894034385681,0.0,0.0,0.29770147800445557
0.0,0.0,0.4444316327571869,1.0,1.0,0.5339685678482056
1.0,1.0,0.6188662648200989,1.0,0.0,0.36971315741539
1.0,1.0,0.8140887022018433,1.0,0.0,0.3817198872566223
1.0,0.0,0.2481994777917862,1.0,1.0,0.7777400016784668
0.0,0.0,0.4441416561603546,0.0,0.0,0.3198142945766449
0.0,0.0,0.361661434173584,1.0,0.0,0.36913591623306274
0.0,0.0,0.3283860683441162,1.0,1.0,0.6030454039573669
0.0,0.0,0.37719157338142395,0.0,1.0,0.5123197436332703
1.0,0.0,0.3604806661605835,0.0,0.0,0.2334328442811966
1.0,0.0,0.494610458612442,1.0,0.0,0.4661670923233032
0.0,1.0,0.5444880723953247,1.0,0.0,0.3149124085903168
0.0,0.0,0.4509093761444092,1.0,1.0,0.5815327167510986
1.0,1.0,0.7684791684150696,0.0,0.0,0.4796236455440521
1.0,1.0,0.6672650575637817,0.0,1.0,0.5085617303848267
0.0,1.0,0.5868502855300903,0.0,1.0,0.5321364402770996
0.0,0.0,0.3053151071071625,0.0,1.0,0.6941162943840027
1.0,1.0,0.504621148109436,0.0,0.0,0.49317702651023865
1.0,0.0,0.48728734254837036,1.0,1.0,0.8647116422653198
1.0,1.0,0.6991222500801086,1.0,0.0,0.39747190475463867
0.0,0.0,0.2827552258968353,0.0,0.0,0.45923393964767456
0.0,0.0,0.3142569661140442,1.0,1.0,0.5167081356048584
0.0,0.0,0.3896833062171936,1.0,1.0,0.5793070197105408
0.0,0.0,0.27751651406288147,0.0,0.0,0.37290018796920776
0.0,0.0,0.3394542336463928,0.0,0.0,0.44444331526756287
0.0,0.0,0.32092055678367615,1.0,1.0,0.6301738023757935
1.0,1.0,0.7367082834243774,0.0,0.0,0.4508976340293884
0.0,1.0,0.567892849445343,1.0,0.0,0.489911288022995
0.0,0.0,0.3269186019897461,1.0,1.0,0.6312163472175598
0.0,0.0,0.47731494903564453,1.0,0.0,0.4494277238845825
0.0,0.0,0.2672971487045288,0.0,1.0,0.5453020930290222
0.0,0.0,0.29830849170684814,0.0,1.0,0.5841140747070312
0.0,0.0,0.09934142231941223,0.0,0.0,0.4004393219947815
1.0,0.0,0.4178805649280548,0.0,0.0,0.22189545631408691
0.0,0.0,0.31330427527427673,1.0,1.0,0.6193454265594482
1.0,1.0,0.5052107572555542,0.0,0.0,0.2980822026729584
0.0,0.0,0.37287023663520813,0.0,0.0,0.41167473793029785
1.0,0.0,0.4617134630680084,1.0,1.0,0.7986589670181274
0.0,0.0,0.46320074796676636,0.0,0.0,0.252430260181427
0.0,0.0,0.4315577447414398,0.0,0.0,0.29547354578971863
0.0,1.0,0.5901614427566528,1.0,1.0,0.8456113934516907
1.0,1.0,0.6284631490707397,1.0,0.0,0.3418356776237488
1.0,0.0,0.4680154621601105,1.0,1.0,0.5096490979194641
1.0,0.0,0.45424652099609375,1.0,0.0,0.2349936068058014
1.0,1.0,0.5630662441253662,0.0,0.0,0.3596400320529938
0.0,0.0,0.23520898818969727,0.0,0.0,0.3367742598056793
1.0,1.0,0.5764539241790771,0.0,0.0,0.2701028287410736
1.0,0.0,0.48457086086273193,1.0,1.0,0.568287193775177
1.0,1.0,0.6183042526245117,1.0,1.0,0.8420636653900146
1.0,0.0,0.36334672570228577,1.0,1.0,0.6139625310897827
1.0,1.0,0.8198018074035645,1.0,0.0,0.45867398381233215
0.0,0.0,0.17631827294826508,1.0,1.0,0.594926118850708
1.0,1.0,0.8831904530525208,1.0,0.0,0.31531864404678345
0.0,1.0,0.5008177757263184,0.0,0.0,0.4543282985687256
1.0,1.0,0.6497210264205933,0.0,0.0,0.32324641942977905
1.0,1.0,0.695235013961792,0.0,0.0,0.4752477705478668
0.0,0.0,0.40006765723228455,0.0,0.0,0.3205536901950836
0.0,0.0,0.2945990264415741,0.0,0.0,0.26472851634025574
0.0,0.0,0.22188769280910492,1.0,0.0,0.3177364766597748
1.0,0.0,0.45316192507743835,1.0,0.0,0.3475559651851654
0.0,0.0,0.44987761974334717,1.0,1.0,0.8577605485916138
0.0,0.0,0.24338610470294952,1.0,1.0,0.8169428706169128
0.0,1.0,0.5650792717933655,0.0,1.0,0.72283536195755
0.0,1.0,0.6405660510063171,0.0,0.0,0.28269627690315247
1.0,1.0,0.7525442838668823,0.0,0.0,0.35942545533180237
0.0,0.0,0.3414890170097351,0.0,0.0,0.29079538583755493
1.0,1.0,0.884896457195282,1.0,0.0,0.43692806363105774
1.0,0.0,0.2885706424713135,0.0,0.0,0.36076343059539795
0.0,0.0,0.39843273162841797,0.0,0.0,0.41289961338043213
1.0,0.0,0.44931524991989136,0.0,1.0,0.6526832580566406
0.0,0.0,0.2753039002418518,1.0,1.0,0.904254674911499
1.0,1.0,0.7071645855903625,1.0,1.0,0.5104789137840271
0.0,0.0,0.22510789334774017,1.0,1.0,0.8808500170707703
1.0,1.0,0.5221366286277771,1.0,0.0,0.30240726470947266
1.0,1.0,0.5149604678153992,1.0,1.0,0.5893808007240295
0.0,0.0,0.31680309772491455,1.0,0.0,0.42856207489967346
0.0,1.0,0.5100836753845215,0.0,0.0,0.43395909667015076
1.0,1.0,0.7929114103317261,1.0,1.0,0.5411229729652405
0.0,0.0,0.40511900186538696,1.0,0.0,0.3968760073184967
1.0,0.0,0.4846937954425812,0.0,0.0,0.2191745936870575
0.0,0.0,0.3012259006500244,0.0,0.0,0.4617882966995239
0.0,0.0,0.2477734535932541,0.0,0.0,0.37704795598983765
0.0,0.0,0.3367742598056793,1.0,1.0,0.80377596616745
1.0,1.0,0.6829800605773926,0.0,0.0,0.29830849170684814
0.0,0.0,0.49195224046707153,1.0,1.0,0.6970105767250061
0.0,0.0,0.2897759675979614,0.0,1.0,0.5623369812965393
1.0,0.0,0.3833117187023163,0.0,0.0,0.3428102433681488
0.0,0.0,0.46369022130966187,1.0,1.0,0.6336957216262817
1.0,1.0,0.5987849235534668,0.0,0.0,0.30114784836769104
1.0,1.0,0.7948524951934814,1.0,0.0,0.48343807458877563
0.0,0.0,0.340411514043808,0.0,0.0,0.3557742238044739
1.0,0.0,0.4264606833457947,1.0,1.0,0.8878903985023499
0.0,1.0,0.5371525287628174,0.0,0.0,0.4103236496448517
1.0,1.0,0.654564380645752,1.0,0.0,0.3780982792377472
1.0,1.0,0.6485893130302429,1.0,1.0,0.6206329464912415
0.0,0.0,0.17863835394382477,1.0,0.0,0.45488524436950684
1.0,1.0,0.5137754678726196,1.0,0.0,0.4805002510547638
0.0,1.0,0.5261366367340088,0.0,0.0,0.44757750630378723
0.0,1.0,0.5568653345108032,0.0,0.0,0.45862364768981934
0.0,0.0,0.34399768710136414,0.0,0.0,0.3511732220649719
1.0,0.0,0.35879987478256226,1.0,1.0,0.8520405292510986
0.0,1.0,0.541344940662384,0.0,0.0,0.4073961675167084
0.0,0.0,0.32214584946632385,1.0,1.0,0.6917961239814758
1.0,0.0,0.46421384811401367,0.0,0.0,0.40112730860710144
1.0,1.0,0.5121863484382629,1.0,1.0,0.6629735827445984
0.0,0.0,0.36487895250320435,1.0,1.0,0.9064047336578369
0.0,0.0,0.25781092047691345,0.0,0.0,0.22379308938980103
1.0,1.0,0.6763541102409363,0.0,0.0,0.4255627691745758
1.0,0.0,0.4985271692276001,1.0,1.0,0.6255720257759094
0.0,0.0,0.20561754703521729,1.0,0.0,0.30595433712005615
0.0,0.0,0.3203175961971283,0.0,0.0,0.42422008514404297
0.0,0.0,0.2727726101875305,1.0,1.0,0.506445050239563
1.0,1.0,0.5512310862541199,1.0,1.0,0.5579676032066345
0.0,0.0,0.3861660063266754,0.0,0.0,0.2846032977104187
1.0,1.0,0.8109394311904907,0.0,0.0,0.33393236994743347
0.0,0.0,0.44252899289131165,0.0,0.0,0.3085519075393677
0.0,0.0,0.3885236084461212,1.0,0.0,0.447388231754303
1.0,1.0,0.6061186194419861,1.0,0.0,0.48236173391342163
1.0,1.0,0.6369544863700867,1.0,0.0,0.49416470527648926
1.0,0.0,0.3919970989227295,1.0,1.0,0.8228269219398499
0.0,1.0,0.6225945949554443,1.0,0.0,0.4377822279930115
0.0,0.0,0.381034255027771,0.0,0.0,0.24446068704128265
1.0,1.0,0.8956695199012756,1.0,0.0,0.40917763113975525
1.0,1.0,0.5105257630348206,0.0,0.0,0.40256452560424805
1.0,1.0,0.7127259969711304,1.0,1.0,0.7390400171279907
0.0,0.0,0.4264342486858368,1.0,0.0,0.4176540672779083
1.0,0.0,0.4779250919818878,0.0,0.0,0.4433511793613434
1.0,1.0,0.5079764127731323,0.0,0.0,0.47464650869369507
0.0,0.0,0.20573440194129944,0.0,0.0,0.38781192898750305
0.0,0.0,0.2684277296066284,1.0,1.0,0.9433517456054688
0.0,1.0,0.6011697053909302,1.0,0.0,0.45023953914642334
0.0,0.0,0.33137986063957214,0.0,0.0,0.44067785143852234
1.0,1.0,0.7946303486824036,1.0,1.0,0.7919437289237976
0.0,0.0,0.46212318539619446,0.0,0.0,0.3138623833656311
0.0,0.0,0.4949144423007965,1.0,0.0,0.39384695887565613
0.0,0.0,0.33177700638771057,1.0,1.0,0.5738988518714905
1.0,1.0,0.7172962427139282,1.0,1.0,0.5877653360366821
0.0,1.0,0.6247563362121582,1.0,0.0,0.42973458766937256
0.0,0.0,0.2945334017276764,1.0,0.0,0.4025806188583374
0.0,0.0,0.37255024909973145,0.0,0.0,0.3123338520526886
0.0,0.0,0.42398184537887573,1.0,1.0,0.6874231696128845
1.0,1.0,0.5917746424674988,1.0,1.0,0.5019521713256836
0.0,0.0,0.3640999495983124,1.0,1.0,0.8388417363166809
1.0,1.0,0.5657044053077698,0.0,0.0,0.32925426959991455
1.0,1.0,0.5631213188171387,1.0,0.0,0.4862980246543884
0.0,0.0,0.40418386459350586,1.0,1.0,0.656818151473999
1.0,1.0,0.5552218556404114,0.0,0.0,0.43173471093177795
0.0,0.0,0.4043436050415039,1.0,1.0,0.7017353773117065
1.0,1.0,0.7189136743545532,1.0,0.0,0.37671133875846863
1.0,1.0,0.8305368423461914,0.0,0.0,0.47529786825180054
1.0,1.0,0.5775811076164246,0.0,0.0,0.39632847905158997
0.0,1.0,0.7037521004676819,0.0,0.0,0.3896009027957916
0.0,0.0,0.21548807621002197,1.0,1.0,0.5672416090965271
1.0,0.0,0.4109824597835541,1.0,1.0,0.8261754512786865
0.0,0.0,0.2677490711212158,0.0,0.0,0.29653099179267883
0.0,0.0,0.44860929250717163,1.0,1.0,0.5316168069839478
0.0,0.0,0.445589154958725,1.0,1.0,0.5330182313919067
0.0,1.0,0.5804442167282104,1.0,1.0,0.7483600974082947
0.0,0.0,0.37819093465805054,1.0,1.0,0.7258732914924622
0.0,0.0,0.3766360580921173,0.0,1.0,0.7608119249343872
0.0,0.0,0.45670074224472046,1.0,1.0,0.6500839591026306
0.0,0.0,0.34032881259918213,0.0,0.0,0.32260939478874207
0.0,0.0,0.33502092957496643,0.0,0.0,0.41060638427734375
0.0,0.0,0.3632475435733795,0.0,0.0,0.26872366666793823
1.0,1.0,0.7564676403999329,1.0,1.0,0.6337788105010986
0.0,0.0,0.34134766459465027,0.0,0.0,0.4694259464740753
0.0,0.0,0.3803527355194092,1.0,1.0,0.5556879639625549
1.0,0.0,0.3712630569934845,0.0,0.0,0.42774081230163574
0.0,0.0,0.36464110016822815,0.0,1.0,0.6527780294418335
0.0,1.0,0.5936321020126343,1.0,1.0,0.7897332310676575
0.0,0.0,0.3834616243839264,0.0,1.0,0.504223108291626
1.0,1.0,0.6471933126449585,0.0,0.0,0.4104229211807251
0.0,0.0,0.3144618272781372,0.0,0.0,0.40742456912994385
1.0,0.0,0.401130348443985,0.0,0.0,0.4554423689842224
0.0,0.0,0.32995161414146423,1.0,1.0,0.5386151671409607
0.0,0.0,0.15964913368225098,0.0,0.0,0.33811694383621216
1.0,1.0,0.7548909187316895,0.0,0.0,0.35809504985809326
1.0,1.0,0.6559107899665833,1.0,1.0,0.5090177059173584
0.0,0.0,0.14433802664279938,0.0,0.0,0.2840683162212372
0.0,0.0,0.31237924098968506,0.0,0.0,0.4032604694366455
0.0,0.0,0.43216049671173096,0.0,1.0,0.5695814490318298
0.0,0.0,0.23391786217689514,1.0,1.0,0.7465972304344177
1.0,0.0,0.3810477554798126,0.0,0.0,0.48116999864578247
1.0,1.0,0.7447944283485413,1.0,0.0,0.45570439100265503
0.0,0.0,0.37475210428237915,0.0,0.0,0.38513094186782837
1.0,1.0,0.9111143350601196,1.0,0.0,0.46191197633743286
0.0,1.0,0.6146880388259888,1.0,0.0,0.39014625549316406
1.0,1.0,0.8876678943634033,0.0,0.0,0.3938055634498596
1.0,1.0,0.5545721650123596,1.0,0.0,0.45221561193466187
1.0,0.0,0.47523486614227295,0.0,0.0,0.22257238626480103
1.0,1.0,0.8520970344543457,1.0,1.0,0.5529521703720093
0.0,0.0,0.35678306221961975,0.0,0.0,0.41953468322753906
0.0,1.0,0.5821982622146606,1.0,1.0,0.6793262958526611
0.0,1.0,0.5208818316459656,1.0,0.0,0.2566814720630646
0.0,0.0,0.3767682611942291,1.0,1.0,0.5197561383247375
0.0,0.0,0.3899231553077698,1.0,0.0,0.39132198691368103
0.0,0.0,0.24347765743732452,1.0,1.0,0.7543261647224426
1.0,0.0,0.3601219952106476,1.0,1.0,0.745424211025238
1.0,1.0,0.8234982490539551,0.0,0.0,0.4039132595062256
0.0,0.0,0.45816683769226074,0.0,0.0,0.2644922733306885
1.0,1.0,0.7165374755859375,0.0,0.0,0.4519093930721283
1.0,0.0,0.47588685154914856,1.0,1.0,0.7557165026664734
0.0,0.0,0.44144073128700256,0.0,0.0,0.3403630554676056
1.0,0.0,0.4593895673751831,1.0,1.0,0.7590941786766052
0.0,0.0,0.4752061069011688,1.0,0.0,0.3570820093154907
0.0,0.0,0.39618414640426636,0.0,0.0,0.30991193652153015
0.0,0.0,0.28504112362861633,0.0,0.0,0.36099115014076233
0.0,0.0,0.49477165937423706,1.0,1.0,0.5405641198158264
0.0,0.0,0.3646256923675537,1.0,0.0,0.46993324160575867
1.0,1.0,0.5021088123321533,0.0,0.0,0.40762802958488464
1.0,0.0,0.30646687746047974,0.0,0.0,0.247543066740036
1.0,0.0,0.45574018359184265,1.0,0.0,0.4025806188583374
1.0,1.0,0.524350643157959,0.0,0.0,0.2745979130268097
1.0,0.0,0.33228862285614014,1.0,1.0,0.6472696661949158
0.0,0.0,0.28453028202056885,1.0,0.0,0.4352354407310486
0.0,0.0,0.4979119896888733,1.0,0.0,0.4054986834526062
0.0,1.0,0.5643036365509033,0.0,0.0,0.36100611090660095
0.0,0.0,0.3349745273590088,1.0,1.0,0.5746672749519348
1.0,1.0,0.5051056146621704,1.0,0.0,0.3874373137950897
1.0,1.0,0.5038918256759644,1.0,1.0,0.6447541117668152
1.0,1.0,0.6509451866149902,0.0,0.0,0.3003709614276886
1.0,1.0,0.6672842502593994,0.0,0.0,0.4311963617801666
1.0,1.0,0.5132030844688416,1.0,0.0,0.38971108198165894
1.0,0.0,0.42348793148994446,0.0,0.0,0.3035718500614166
1.0,0.0,0.3512188494205475,0.0,0.0,0.3301375210285187
0.0,0.0,0.32002386450767517,0.0,0.0,0.276194304227829
0.0,1.0,0.5204550623893738,0.0,0.0,0.19335274398326874
1.0,1.0,0.8745139241218567,0.0,0.0,0.47132211923599243
0.0,0.0,0.4497317969799042,1.0,1.0,0.5272524952888489
1.0,0.0,0.34446632862091064,1.0,1.0,0.549776554107666
1.0,1.0,0.8593943119049072,1.0,1.0,0.8681986927986145
1.0,1.0,0.5472382307052612,0.0,0.0,0.4739755094051361
0.0,0.0,0.3374612033367157,1.0,0.0,0.44241631031036377
1.0,1.0,0.6256842613220215,1.0,0.0,0.4102204442024231
1.0,1.0,0.5322761535644531,0.0,0.0,0.33755946159362793
1.0,1.0,0.7884965538978577,0.0,0.0,0.34779614210128784
0.0,0.0,0.2870667278766632,1.0,0.0,0.44074547290802
0.0,0.0,0.29698702692985535,0.0,0.0,0.20615899562835693
1.0,0.0,0.445589154958725,0.0,0.0,0.4421558976173401
0.0,0.0,0.3269771635532379,1.0,0.0,0.41967296600341797
1.0,1.0,0.539867103099823,0.0,0.0,0.38731250166893005
1.0,1.0,0.7123211026191711,0.0,0.0,0.38558638095855713
1.0,1.0,0.5858436226844788,0.0,0.0,0.46849170327186584
0.0,0.0,0.36536577343940735,0.0,0.0,0.39645639061927795
0.0,0.0,0.3111206889152527,1.0,1.0,0.5957618355751038
0.0,0.0,0.23441478610038757,1.0,0.0,0.37136271595954895
0.0,0.0,0.324318528175354,1.0,1.0,0.5777224898338318
0.0,0.0,0.4182502329349518,1.0,1.0,0.5235399007797241
0.0,1.0,0.6816404461860657,0.0,0.0,0.2828672528266907
0.0,0.0,0.4888884425163269,0.0,1.0,0.5459293723106384
1.0,0.0,0.3106185495853424,0.0,0.0,0.3533425033092499
1.0,1.0,0.5860640406608582,1.0,0.0,0.4193142354488373
1.0,1.0,0.8101533651351929,0.0,0.0,0.19334881007671356
0.0,0.0,0.4079256057739258,0.0,0.0,0.3514426052570343
0.0,0.0,0.3883703947067261,0.0,0.0,0.37918809056282043
1.0,0.0,0.4801193177700043,1.0,1.0,0.905436635017395
1.0,1.0,0.5588160157203674,1.0,0.0,0.4491331875324249
1.0,1.0,0.730087399482727,0.0,0.0,0.30972498655319214
1.0,1.0,0.6276524662971497,1.0,0.0,0.3532041907310486
0.0,1.0,0.54507976770401,0.0,1.0,0.5485026836395264
0.0,0.0,0.44992178678512573,1.0,0.0,0.4008418321609497
1.0,0.0,0.4616837799549103,1.0,0.0,0.35415220260620117
0.0,0.0,0.3269970715045929,0.0,0.0,0.4695131778717041
0.0,0.0,0.3198784291744232,0.0,0.0,0.26393628120422363
0.0,1.0,0.7250294089317322,0.0,0.0,0.48618191480636597
0.0,1.0,0.5470227003097534,1.0,1.0,0.7570564150810242
0.0,0.0,0.3265516757965088,1.0,1.0,0.9396324157714844
0.0,1.0,0.5171886682510376,0.0,0.0,0.22659307718276978
1.0,1.0,0.7664390802383423,0.0,0.0,0.46140456199645996
1.0,1.0,0.7143464088439941,0.0,0.0,0.39255404472351074
1.0,1.0,0.8901205062866211,0.0,0.0,0.3979017734527588
0.0,0.0,0.2118794173002243,0.0,0.0,0.36123836040496826
0.0,0.0,0.3075634837150574,0.0,1.0,0.6532294750213623
1.0,1.0,0.7014439702033997,0.0,0.0,0.44568225741386414
1.0,0.0,0.36255404353141785,0.0,1.0,0.6033105850219727
1.0,1.0,0.5699383020401001,0.0,0.0,0.24485154449939728
0.0,0.0,0.39150744676589966,0.0,0.0,0.2558790445327759
1.0,0.0,0.45564764738082886,1.0,0.0,0.32718774676322937
0.0,0.0,0.30490580201148987,0.0,0.0,0.2877204120159149
0.0,0.0,0.44713765382766724,1.0,1.0,0.8685415387153625
1.0,1.0,0.6952469348907471,0.0,0.0,0.4428517818450928
0.0,1.0,0.5426715612411499,0.0,0.0,0.35811251401901245
1.0,0.0,0.4118313789367676,1.0,0.0,0.4787919819355011
1.0,0.0,0.3228857219219208,0.0,0.0,0.22132465243339539
1.0,1.0,0.8199120759963989,0.0,1.0,0.6301897168159485
1.0,1.0,0.8503898978233337,0.0,0.0,0.2996780574321747
1.0,0.0,0.45572468638420105,0.0,0.0,0.2511555552482605
0.0,0.0,0.3633572459220886,1.0,1.0,0.7951287031173706
1.0,0.0,0.38586392998695374,0.0,1.0,0.6270802021026611
1.0,1.0,0.6185832023620605,1.0,0.0,0.3827539384365082
1.0,1.0,0.7382379770278931,1.0,1.0,0.5317019820213318
0.0,0.0,0.49096256494522095,0.0,1.0,0.7722594738006592
1.0,1.0,0.8939791917800903,1.0,1.0,0.9263144135475159
1.0,1.0,0.6593178510665894,1.0,1.0,0.6087292432785034
1.0,1.0,0.5986623764038086,0.0,0.0,0.4037446677684784
1.0,0.0,0.44280126690864563,1.0,1.0,0.8225405216217041
1.0,1.0,0.7180523872375488,0.0,0.0,0.3936689794063568
0.0,0.0,0.34802931547164917,1.0,1.0,0.8036936521530151
1.0,1.0,0.5584623217582703,0.0,0.0,0.39669185876846313
1.0,0.0,0.44546276330947876,1.0,1.0,0.898917555809021
0.0,0.0,0.3744831383228302,1.0,1.0,0.7807175517082214
0.0,0.0,0.36735251545906067,1.0,0.0,0.21014460921287537
1.0,0.0,0.44075316190719604,0.0,0.0,0.48042017221450806
0.0,0.0,0.3887459933757782,0.0,0.0,0.2412084937095642
1.0,1.0,0.5419994592666626,0.0,0.0,0.354800820350647
0.0,0.0,0.3481522500514984,0.0,0.0,0.4950789511203766
0.0,0.0,0.4200412333011627,1.0,1.0,0.5612084865570068
1.0,0.0,0.4362214207649231,1.0,0.0,0.35402923822402954
1.0,1.0,0.7893747687339783,0.0,0.0,0.43254438042640686
0.0,0.0,0.3620753884315491,0.0,0.0,0.26004815101623535
0.0,0.0,0.3942289352416992,0.0,0.0,0.4473917484283447
0.0,0.0,0.19551892578601837,0.0,1.0,0.5674672722816467
0.0,0.0,0.4163968563079834,1.0,1.0,0.6533352732658386
1.0,1.0,0.6082696318626404,0.0,0.0,0.27150219678878784
1.0,1.0,0.5485712885856628,1.0,1.0,0.7897332310676575
0.0,0.0,0.26039767265319824,0.0,0.0,0.37053564190864563
1.0,1.0,0.798154890537262,0.0,0.0,0.3632965683937073
1.0,1.0,0.832191526889801,0.0,0.0,0.3400365710258484
1.0,0.0,0.40604519844055176,0.0,0.0,0.4314882159233093
0.0,1.0,0.7151164412498474,0.0,0.0,0.3071085810661316
0.0,0.0,0.4104398787021637,0.0,0.0,0.46548140048980713
0.0,0.0,0.18107053637504578,1.0,1.0,0.6389696598052979
0.0,0.0,0.35605984926223755,0.0,1.0,0.8404252529144287
0.0,0.0,0.298429012298584,1.0,0.0,0.3448735773563385
1.0,1.0,0.8912606239318848,0.0,1.0,0.5768392086029053
0.0,0.0,0.32852065563201904,1.0,1.0,0.6112680435180664
0.0,0.0,0.3285127282142639,1.0,1.0,0.5189142823219299
1.0,1.0,0.6250837445259094,1.0,1.0,0.94184410572052
0.0,0.0,0.3147181570529938,0.0,0.0,0.34660592675209045
0.0,0.0,0.35920947790145874,0.0,1.0,0.5865004658699036
0.0,0.0,0.40278899669647217,1.0,1.0,0.7963659763336182
0.0,0.0,0.2618122100830078,0.0,0.0,0.3447844982147217
1.0,1.0,0.7749773859977722,0.0,0.0,0.246311753988266
0.0,0.0,0.3672716021537781,0.0,0.0,0.36728253960609436
1.0,1.0,0.552657961845398,0.0,0.0,0.3349286913871765
1.0,1.0,0.5820450782775879,0.0,0.0,0.38111695647239685
0.0,0.0,0.4151005744934082,1.0,0.0,0.4224441945552826
1.0,1.0,0.5434232950210571,1.0,1.0,0.6781039237976074
0.0,0.0,0.30080631375312805,0.0,0.0,0.2568714916706085
1.0,1.0,0.6260786056518555,1.0,1.0,0.7889299988746643
1.0,0.0,0.29868200421333313,0.0,0.0,0.30972498655319214
1.0,1.0,0.5013500452041626,0.0,0.0,0.33581581711769104
0.0,0.0,0.22114625573158264,1.0,0.0,0.37583038210868835
0.0,0.0,0.37119343876838684,0.0,0.0,0.3235284388065338
1.0,1.0,0.5166378021240234,1.0,0.0,0.39944443106651306
0.0,1.0,0.6730858087539673,1.0,0.0,0.45323365926742554
0.0,0.0,0.4986956715583801,0.0,1.0,0.5140954256057739
1.0,1.0,0.9045336246490479,0.0,0.0,0.2545505464076996
1.0,0.0,0.49374401569366455,1.0,1.0,0.6836865544319153
0.0,0.0,0.3412904441356659,0.0,1.0,0.5085609555244446
0.0,0.0,0.257645845413208,1.0,1.0,0.8895063400268555
0.0,1.0,0.6379451751708984,0.0,0.0,0.2915849983692169
1.0,1.0,0.8579162955284119,0.0,0.0,0.3000395894050598
0.0,0.0,0.28081247210502625,0.0,0.0,0.45766186714172363
0.0,0.0,0.3335471451282501,0.0,0.0,0.48989585041999817
1.0,0.0,0.18318620324134827,1.0,1.0,0.5724373459815979
1.0,0.0,0.3947520852088928,1.0,1.0,0.7739108204841614
0.0,0.0,0.26217299699783325,0.0,0.0,0.3729654550552368
0.0,0.0,0.2005380243062973,0.0,0.0,0.36059650778770447
1.0,1.0,0.6278076171875,0.0,0.0,0.3503095507621765
0.0,1.0,0.5149316191673279,0.0,0.0,0.35460203886032104
0.0,0.0,0.34849801659584045,0.0,0.0,0.1798120141029358
1.0,1.0,0.7504078149795532,1.0,1.0,0.8805792331695557
1.0,1.0,0.6106914281845093,1.0,1.0,0.724740207195282
0.0,0.0,0.3691454231739044,0.0,0.0,0.4683540165424347
1.0,1.0,0.7632926106452942,0.0,0.0,0.31683090329170227
0.0,0.0,0.4009696841239929,1.0,1.0,0.8428077697753906
1.0,1.0,0.8195487260818481,0.0,0.0,0.3666539490222931
1.0,1.0,0.5544861555099487,0.0,1.0,0.5537086129188538
1.0,0.0,0.4141935706138611,1.0,1.0,0.6688949465751648
1.0,0.0,0.46751320362091064,0.0,0.0,0.2699936032295227
1.0,1.0,0.7459919452667236,0.0,0.0,0.43345388770103455
1.0,0.0,0.3138079047203064,0.0,0.0,0.4774179756641388
0.0,0.0,0.4518449902534485,0.0,0.0,0.32200706005096436
0.0,1.0,0.6413072347640991,0.0,0.0,0.31893256306648254
1.0,1.0,0.578071653842926,0.0,0.0,0.32559719681739807
0.0,0.0,0.34152549505233765,1.0,1.0,0.9334632754325867
0.0,0.0,0.2910306453704834,0.0,0.0,0.4637013077735901
0.0,0.0,0.2535504400730133,0.0,1.0,0.5236877799034119
1.0,1.0,0.5285016894340515,1.0,1.0,0.6937569975852966
0.0,0.0,0.47016263008117676,0.0,1.0,0.5173495411872864
0.0,0.0,0.16986379027366638,0.0,0.0,0.16765910387039185
1.0,1.0,0.8082227110862732,0.0,0.0,0.27364274859428406
0.0,1.0,0.586644172668457,0.0,0.0,0.45011985301971436
0.0,0.0,0.28223586082458496,0.0,0.0,0.49428269267082214
1.0,0.0,0.3811659812927246,1.0,0.0,0.4163740575313568
1.0,0.0,0.21782097220420837,0.0,0.0,0.39734357595443726
0.0,0.0,0.2438722401857376,0.0,1.0,0.7061234712600708
1.0,0.0,0.3994881212711334,0.0,0.0,0.31727510690689087
0.0,0.0,0.44269466400146484,1.0,1.0,0.6207835674285889
0.0,0.0,0.4068663418292999,0.0,1.0,0.8340758681297302
1.0,0.0,0.4617125689983368,1.0,1.0,0.8656335473060608
1.0,1.0,0.5056915879249573,1.0,0.0,0.41595253348350525
0.0,0.0,0.38543403148651123,1.0,0.0,0.45950785279273987
1.0,1.0,0.7795795202255249,0.0,1.0,0.5546364784240723
0.0,0.0,0.4210090935230255,1.0,1.0,0.9658775925636292
1.0,1.0,0.5206387042999268,0.0,0.0,0.26876726746559143
1.0,0.0,0.43961745500564575,0.0,0.0,0.4674716293811798
0.0,0.0,0.3581058979034424,1.0,0.0,0.38349971175193787
0.0,0.0,0.3603954613208771,0.0,0.0,0.4201395511627197
0.0,0.0,0.3500167727470398,1.0,0.0,0.4301424026489258
0.0,0.0,0.3993883728981018,1.0,1.0,0.5011803507804871
1.0,0.0,0.39033016562461853,1.0,0.0,0.36273592710494995
0.0,0.0,0.32424116134643555,1.0,0.0,0.49671757221221924
1.0,0.0,0.49771541357040405,1.0,1.0,0.768648087978363
0.0,1.0,0.5440276861190796,0.0,1.0,0.7548727989196777
0.0,0.0,0.37989869713783264,1.0,0.0,0.4288705289363861
0.0,0.0,0.3612794876098633,1.0,1.0,0.8871607780456543
0.0,0.0,0.32168564200401306,0.0,0.0,0.458517462015152
1.0,0.0,0.4423508048057556,1.0,1.0,0.666622519493103
1.0,1.0,0.7014437913894653,0.0,0.0,0.35412275791168213
0.0,0.0,0.477535605430603,1.0,1.0,0.6268156170845032
0.0,0.0,0.27994245290756226,1.0,1.0,0.7963680624961853
0.0,0.0,0.26054468750953674,0.0,0.0,0.3179877698421478
1.0,0.0,0.4591003358364105,1.0,1.0,0.6782682538032532
0.0,0.0,0.3733256757259369,1.0,1.0,0.7096328139305115
0.0,0.0,0.39058783650398254,1.0,0.0,0.4466468095779419
1.0,1.0,0.5366554856300354,1.0,0.0,0.4531234800815582
0.0,1.0,0.5270036458969116,0.0,0.0,0.22490859031677246
1.0,1.0,0.5438351631164551,0.0,0.0,0.24078692495822906
1.0,1.0,0.6499207615852356,0.0,1.0,0.6472868919372559
0.0,0.0,0.4766901433467865,0.0,0.0,0.33146560192108154
1.0,1.0,0.7864497303962708,0.0,0.0,0.38178718090057373
0.0,0.0,0.3239797055721283,0.0,1.0,0.6195694208145142
0.0,0.0,0.49370670318603516,0.0,0.0,0.3326965868473053
1.0,1.0,0.6594383120536804,0.0,1.0,0.5176592469215393
1.0,1.0,0.6041058897972107,0.0,0.0,0.45657557249069214
0.0,0.0,0.26389116048812866,1.0,0.0,0.49138256907463074
1.0,1.0,0.5463144183158875,1.0,0.0,0.39057305455207825
1.0,1.0,0.7683456540107727,1.0,0.0,0.3076170086860657
0.0,0.0,0.3006448745727539,1.0,1.0,0.7620076537132263
0.0,0.0,0.4214549958705902,0.0,1.0,0.5325857996940613
1.0,1.0,0.6006075739860535,1.0,0.0,0.3197058141231537
0.0,0.0,0.32736048102378845,0.0,0.0,0.4933894872665405
1.0,1.0,0.6789109706878662,0.0,0.0,0.24370361864566803
1.0,0.0,0.3691349923610687,1.0,1.0,0.7112658023834229
1.0,0.0,0.33615759015083313,1.0,1.0,0.7474727034568787
0.0,1.0,0.5194138288497925,0.0,0.0,0.2181982696056366
0.0,1.0,0.5226882100105286,1.0,1.0,0.9056136608123779
0.0,0.0,0.41372761130332947,0.0,1.0,0.7177139520645142
1.0,1.0,0.5123964548110962,0.0,0.0,0.33615759015083313
0.0,0.0,0.4652847349643707,0.0,0.0,0.40882059931755066
0.0,0.0,0.37733185291290283,0.0,0.0,0.3501710891723633
0.0,0.0,0.30679380893707275,1.0,1.0,0.8788004517555237
1.0,1.0,0.7371060848236084,1.0,0.0,0.394784152507782
0.0,0.0,0.34815219044685364,0.0,0.0,0.303566038608551
0.0,0.0,0.35622116923332214,0.0,0.0,0.3401649594306946
0.0,0.0,0.2996985614299774,1.0,1.0,0.6785221099853516
1.0,1.0,0.9396324157714844,1.0,0.0,0.47357144951820374
1.0,1.0,0.5201368927955627,0.0,0.0,0.3378654718399048
0.0,1.0,0.5244703888893127,0.0,0.0,0.324344664812088
1.0,1.0,0.8534561991691589,1.0,0.0,0.4822365641593933
1.0,1.0,0.7244134545326233,0.0,0.0,0.4278903007507324
1.0,1.0,0.6737911701202393,0.0,0.0,0.3043345808982849
1.0,1.0,0.6983195543289185,1.0,0.0,0.4515019357204437
1.0,1.0,0.7367082834243774,0.0,0.0,0.2845374345779419
0.0,0.0,0.39309707283973694,0.0,0.0,0.34692156314849854
0.0,0.0,0.31864139437675476,0.0,1.0,0.5651940107345581
1.0,0.0,0.3955862820148468,1.0,1.0,0.7163668274879456
1.0,1.0,0.7052674293518066,1.0,1.0,0.5498726963996887
1.0,1.0,0.7749773859977722,1.0,0.0,0.38118720054626465
1.0,0.0,0.45589712262153625,0.0,0.0,0.4136824905872345
1.0,0.0,0.47015389800071716,0.0,0.0,0.2773148715496063
1.0,0.0,0.4135686457157135,1.0,1.0,0.5516865253448486
0.0,0.0,0.30416738986968994,0.0,1.0,0.6011044979095459
0.0,0.0,0.4478698670864105,0.0,1.0,0.7532219290733337
0.0,0.0,0.371926486492157,1.0,0.0,0.2301228642463684
0.0,0.0,0.43669867515563965,0.0,0.0,0.45906203985214233
0.0,0.0,0.3398667871952057,1.0,0.0,0.38886117935180664
0.0,1.0,0.5195019841194153,1.0,1.0,0.5141212344169617
1.0,1.0,0.782027006149292,0.0,0.0,0.3822577893733978
0.0,0.0,0.32809510827064514,1.0,1.0,0.7509118318557739
1.0,0.0,0.35908937454223633,1.0,0.0,0.40191933512687683
1.0,1.0,0.6892625689506531,1.0,0.0,0.21435214579105377
0.0,0.0,0.23564215004444122,0.0,1.0,0.6681696176528931
1.0,0.0,0.4748447835445404,0.0,0.0,0.24507971107959747
0.0,0.0,0.49501556158065796,1.0,0.0,0.47598180174827576
0.0,0.0,0.4678800404071808,0.0,0.0,0.46191197633743286
0.0,0.0,0.243937686085701,0.0,1.0,0.5559110045433044
1.0,1.0,0.6020693182945251,1.0,1.0,0.6378743648529053
0.0,0.0,0.4345763325691223,0.0,0.0,0.37235093116760254
1.0,1.0,0.7649298906326294,0.0,0.0,0.4637749493122101
1.0,1.0,0.5892718434333801,0.0,0.0,0.22875401377677917
0.0,0.0,0.37017568945884705,0.0,0.0,0.29765230417251587
1.0,1.0,0.5464802980422974,1.0,1.0,0.5973248481750488
1.0,0.0,0.41654258966445923,0.0,0.0,0.49424588680267334
1.0,1.0,0.7989176511764526,1.0,0.0,0.46615710854530334
0.0,0.0,0.2951432764530182,0.0,1.0,0.5701944231987
1.0,1.0,0.5840762257575989,1.0,1.0,0.7611187100410461
1.0,1.0,0.7818505167961121,0.0,0.0,0.41751882433891296
1.0,1.0,0.8743786811828613,0.0,0.0,0.2602560222148895
1.0,1.0,0.676077663898468,0.0,0.0,0.41443726420402527
1.0,1.0,0.5752283334732056,1.0,1.0,0.5817713141441345
1.0,0.0,0.4451655447483063,0.0,1.0,0.5484778881072998
0.0,0.0,0.3131266236305237,1.0,1.0,0.5140664577484131
1.0,0.0,0.29989755153656006,0.0,0.0,0.2545890510082245
1.0,0.0,0.43735238909721375,0.0,0.0,0.44761979579925537
0.0,0.0,0.314641535282135,1.0,1.0,0.5868502855300903
0.0,0.0,0.3593512773513794,0.0,0.0,0.3582395017147064
1.0,0.0,0.4496421217918396,0.0,0.0,0.45699185132980347
0.0,0.0,0.2856113016605377,1.0,1.0,0.6610859632492065
0.0,0.0,0.25575459003448486,0.0,0.0,0.28484785556793213
1.0,0.0,0.19799038767814636,1.0,1.0,0.5510443449020386
1.0,0.0,0.48223328590393066,0.0,0.0,0.25098106265068054
1.0,0.0,0.30620691180229187,1.0,0.0,0.261666476726532
1.0,1.0,0.8626368045806885,1.0,1.0,0.8745414018630981
0.0,0.0,0.4767301082611084,0.0,0.0,0.30427244305610657
1.0,1.0,0.7443457841873169,0.0,0.0,0.34692156314849854
1.0,1.0,0.8196630477905273,0.0,0.0,0.2949916422367096
1.0,1.0,0.6855058073997498,1.0,1.0,0.7386959791183472
1.0,0.0,0.4025806188583374,1.0,1.0,0.5698381066322327
0.0,0.0,0.3249717056751251,1.0,1.0,0.6245778203010559
0.0,0.0,0.4144376814365387,1.0,1.0,0.7086648941040039
0.0,0.0,0.384468674659729,1.0,1.0,0.7905152440071106
0.0,0.0,0.3096528947353363,1.0,0.0,0.43534594774246216
0.0,0.0,0.38543403148651123,1.0,0.0,0.36026912927627563
0.0,0.0,0.22114625573158264,0.0,0.0,0.26740050315856934
0.0,0.0,0.21855081617832184,1.0,1.0,0.8120808005332947
0.0,0.0,0.48687267303466797,0.0,0.0,0.2247820794582367
0.0,0.0,0.3725344240665436,1.0,1.0,0.6913627982139587
0.0,0.0,0.31094950437545776,1.0,1.0,0.632776141166687
1.0,1.0,0.6402277946472168,0.0,1.0,0.5124397873878479
1.0,1.0,0.511111855506897,1.0,1.0,0.6326885223388672
0.0,0.0,0.4088975787162781,1.0,1.0,0.7652692198753357
0.0,1.0,0.5166735053062439,1.0,1.0,0.937793493270874
0.0,0.0,0.3832619786262512,1.0,0.0,0.3398555815219879
0.0,1.0,0.6663212180137634,0.0,0.0,0.23331044614315033
0.0,0.0,0.31727510690689087,1.0,1.0,0.5373077988624573
1.0,0.0,0.49444690346717834,1.0,1.0,0.6682736277580261
1.0,0.0,0.4342462420463562,0.0,1.0,0.7373379468917847
0.0,0.0,0.46743035316467285,1.0,0.0,0.4368821978569031
1.0,1.0,0.7100204825401306,0.0,0.0,0.4222036898136139
1.0,0.0,0.36649978160858154,1.0,1.0,0.8015859127044678
1.0,1.0,0.8339512348175049,0.0,0.0,0.29830849170684814
0.0,0.0,0.33504658937454224,0.0,0.0,0.34692156314849854
1.0,1.0,0.7146787047386169,0.0,0.0,0.30803433060646057
0.0,0.0,0.2819405496120453,0.0,0.0,0.30288785696029663
0.0,0.0,0.314039945602417,0.0,0.0,0.43499666452407837
1.0,1.0,0.8404518365859985,1.0,1.0,0.5286493301391602
1.0,1.0,0.7445652484893799,1.0,1.0,0.6378704905509949
0.0,1.0,0.701982319355011,0.0,0.0,0.3552112579345703
0.0,0.0,0.2932659685611725,0.0,0.0,0.30288785696029663
0.0,0.0,0.2628311514854431,0.0,0.0,0.34656384587287903
0.0,0.0,0.4382764995098114,1.0,1.0,0.5595123767852783
0.0,0.0,0.25606051087379456,1.0,1.0,0.561926007270813
1.0,1.0,0.5763972401618958,0.0,0.0,0.3049894869327545
0.0,0.0,0.3607511818408966,1.0,0.0,0.32291460037231445
1.0,1.0,0.8950262069702148,0.0,0.0,0.3743630349636078
1.0,1.0,0.7676194906234741,0.0,0.0,0.348280131816864
0.0,0.0,0.3195285201072693,0.0,0.0,0.2470870167016983
1.0,1.0,0.5578795075416565,1.0,1.0,0.6665385961532593
1.0,1.0,0.862673282623291,0.0,0.0,0.34462934732437134
1.0,1.0,0.8003787398338318,1.0,1.0,0.5059183835983276
0.0,0.0,0.468313068151474,1.0,1.0,0.6826416254043579
1.0,1.0,0.5062808990478516,1.0,1.0,0.7118199467658997
0.0,0.0,0.2969968020915985,1.0,1.0,0.762688159942627
1.0,1.0,0.6874014735221863,0.0,0.0,0.3444362282752991
1.0,1.0,0.798974871635437,1.0,1.0,0.5382233262062073
1.0,1.0,0.6507843732833862,0.0,1.0,0.5197878479957581
1.0,0.0,0.39715301990509033,0.0,0.0,0.2242005318403244
1.0,1.0,0.5052717924118042,0.0,0.0,0.27327293157577515
1.0,1.0,0.5054000616073608,1.0,0.0,0.39827385544776917
1.0,1.0,0.5428516864776611,0.0,0.0,0.42069584131240845
1.0,0.0,0.3348881006240845,1.0,0.0,0.4349746108055115
1.0,0.0,0.3958365321159363,1.0,1.0,0.9117507934570312
1.0,1.0,0.5436004400253296,0.0,0.0,0.45848584175109863
1.0,1.0,0.5471627116203308,0.0,1.0,0.5167081356048584
0.0,0.0,0.4850786030292511,1.0,1.0,0.950459897518158
0.0,0.0,0.3688627779483795,1.0,1.0,0.5778236389160156
1.0,0.0,0.370246559381485,0.0,1.0,0.6726100444793701
0.0,0.0,0.43229782581329346,1.0,1.0,0.8690797686576843
1.0,1.0,0.5240759253501892,0.0,0.0,0.44225257635116577
1.0,1.0,0.7596499919891357,0.0,1.0,0.5595465898513794
0.0,0.0,0.3416078984737396,1.0,1.0,0.595522940158844
0.0,0.0,0.2810339331626892,0.0,0.0,0.4095373749732971
0.0,0.0,0.3228728473186493,1.0,0.0,0.43801629543304443
0.0,0.0,0.3443455696105957,1.0,0.0,0.42067620158195496
0.0,0.0,0.2733554244041443,1.0,1.0,0.594118595123291
0.0,0.0,0.26004815101623535,1.0,0.0,0.38895905017852783
1.0,1.0,0.6295538544654846,1.0,0.0,0.3429737985134125
1.0,1.0,0.8430701494216919,1.0,1.0,0.8203262686729431
1.0,1.0,0.7549208998680115,1.0,0.0,0.4656216502189636
0.0,0.0,0.3600526750087738,0.0,0.0,0.3400365710258484
1.0,1.0,0.6898154020309448,1.0,0.0,0.4912784993648529
0.0,0.0,0.4473833739757538,0.0,1.0,0.7220422625541687
0.0,0.0,0.3481570780277252,1.0,0.0,0.3654647171497345
0.0,0.0,0.4028239846229553,1.0,1.0,0.5941867232322693
0.0,0.0,0.27470189332962036,1.0,0.0,0.39643168449401855
1.0,1.0,0.5866215825080872,0.0,0.0,0.26195505261421204
1.0,1.0,0.7470201849937439,0.0,1.0,0.6886746287345886
0.0,0.0,0.29765230417251587,1.0,1.0,0.5941209197044373
0.0,0.0,0.46819058060646057,1.0,1.0,0.9488017559051514
0.0,0.0,0.30198776721954346,1.0,1.0,0.9113481640815735
0.0,0.0,0.3557742238044739,0.0,0.0,0.2677593231201172
0.0,0.0,0.29726266860961914,0.0,0.0,0.3692578971385956
1.0,1.0,0.5695620179176331,0.0,0.0,0.24388577044010162
1.0,1.0,0.7744473814964294,0.0,0.0,0.3884180784225464
1.0,1.0,0.6406902074813843,0.0,0.0,0.4821794033050537
0.0,0.0,0.20511697232723236,0.0,0.0,0.2594060003757477
1.0,1.0,0.6206741333007812,1.0,1.0,0.6378704905509949
1.0,0.0,0.43754538893699646,1.0,1.0,0.9377560019493103
1.0,1.0,0.6419538855552673,0.0,0.0,0.29838716983795166
0.0,0.0,0.24497996270656586,0.0,0.0,0.3737943768501282
1.0,0.0,0.44216427206993103,1.0,1.0,0.7813112139701843
0.0,0.0,0.16656528413295746,1.0,1.0,0.7145235538482666
0.0,0.0,0.3407328724861145,0.0,0.0,0.298064261674881
1.0,0.0,0.35065287351608276,0.0,0.0,0.3540177643299103
1.0,1.0,0.5883402228355408,1.0,1.0,0.8004525303840637
0.0,0.0,0.4247974753379822,1.0,0.0,0.3609890341758728
0.0,0.0,0.3512968420982361,0.0,0.0,0.24920520186424255
1.0,0.0,0.4406854510307312,1.0,1.0,0.8691025972366333
1.0,1.0,0.5905535817146301,0.0,1.0,0.5175424218177795
0.0,1.0,0.6048995852470398,0.0,0.0,0.3857210874557495
0.0,0.0,0.2720148265361786,1.0,1.0,0.7538310885429382
0.0,0.0,0.23990756273269653,0.0,0.0,0.39095839858055115
1.0,1.0,0.5860903263092041,0.0,0.0,0.33552125096321106
0.0,0.0,0.430239200592041,1.0,1.0,0.5877082943916321
1.0,0.0,0.3847179114818573,0.0,0.0,0.27713292837142944
0.0,0.0,0.4617558717727661,1.0,1.0,0.7774825692176819
1.0,1.0,0.7110656499862671,1.0,0.0,0.42534002661705017
0.0,0.0,0.3876135051250458,1.0,1.0,0.6962972283363342
1.0,1.0,0.8067944049835205,1.0,1.0,0.5734386444091797
1.0,1.0,0.8467532992362976,1.0,1.0,0.6404590010643005
0.0,1.0,0.5090024471282959,0.0,0.0,0.45725131034851074
1.0,0.0,0.3712536692619324,0.0,0.0,0.3187626600265503
1.0,1.0,0.5671080946922302,1.0,1.0,0.8378225564956665
0.0,0.0,0.4594714939594269,0.0,0.0,0.3524959087371826
1.0,1.0,0.5103773474693298,0.0,0.0,0.3503876328468323
1.0,1.0,0.7549800872802734,1.0,0.0,0.32472580671310425
0.0,0.0,0.34770500659942627,1.0,0.0,0.32140401005744934
0.0,1.0,0.7602930068969727,1.0,1.0,0.6443153023719788
0.0,0.0,0.3858973979949951,0.0,1.0,0.5068073272705078
1.0,1.0,0.5530321002006531,1.0,0.0,0.37595611810684204
1.0,1.0,0.6623311638832092,1.0,1.0,0.7581799626350403
1.0,0.0,0.4188435971736908,0.0,1.0,0.5091037750244141
0.0,0.0,0.3557203710079193,0.0,0.0,0.47354835271835327
1.0,1.0,0.765795111656189,1.0,0.0,0.3722836673259735
0.0,0.0,0.20615899562835693,0.0,0.0,0.3015141189098358
0.0,0.0,0.3407328724861145,0.0,0.0,0.2765762507915497
1.0,1.0,0.6844649910926819,0.0,0.0,0.2546234726905823
0.0,1.0,0.5382677316665649,1.0,1.0,0.5135447978973389
1.0,1.0,0.7288155555725098,1.0,0.0,0.39036086201667786
0.0,0.0,0.3425501585006714,1.0,1.0,0.7719631195068359
1.0,0.0,0.43939852714538574,0.0,0.0,0.3591906726360321
1.0,1.0,0.8626368045806885,1.0,0.0,0.39599689841270447
0.0,0.0,0.2167026400566101,0.0,1.0,0.5360206961631775
1.0,1.0,0.6848176717758179,0.0,0.0,0.43539947271347046
1.0,1.0,0.7855731844902039,0.0,0.0,0.32467132806777954
0.0,0.0,0.3712536692619324,1.0,1.0,0.6874231696128845
1.0,1.0,0.5274215340614319,1.0,0.0,0.4152772128582001
1.0,1.0,0.6840137243270874,0.0,0.0,0.3259269595146179
1.0,1.0,0.5165583491325378,1.0,1.0,0.619530439376831
0.0,0.0,0.44609400629997253,0.0,0.0,0.34761515259742737
0.0,0.0,0.4409613609313965,0.0,0.0,0.40109992027282715
1.0,1.0,0.8089991807937622,0.0,0.0,0.40684786438941956
1.0,0.0,0.48330020904541016,0.0,0.0,0.357511043548584
0.0,0.0,0.3867247700691223,0.0,0.0,0.28233858942985535
0.0,1.0,0.6176397800445557,1.0,1.0,0.8422871232032776
0.0,0.0,0.4278811514377594,1.0,1.0,0.6248230338096619
1.0,1.0,0.6332932114601135,0.0,0.0,0.3093842566013336
1.0,0.0,0.40874573588371277,0.0,0.0,0.44001293182373047
1.0,1.0,0.6589776873588562,0.0,0.0,0.33198702335357666
0.0,0.0,0.16986379027366638,1.0,1.0,0.6033979058265686
0.0,0.0,0.36005085706710815,1.0,1.0,0.7071191072463989
1.0,1.0,0.6795061826705933,0.0,0.0,0.34357455372810364
0.0,0.0,0.24527238309383392,1.0,0.0,0.4717648923397064
0.0,1.0,0.7433010935783386,1.0,0.0,0.3659076392650604
1.0,0.0,0.30657732486724854,1.0,0.0,0.31295982003211975
0.0,1.0,0.5171067118644714,0.0,0.0,0.3311748206615448
1.0,1.0,0.739835798740387,0.0,0.0,0.3845326006412506
0.0,0.0,0.4762580990791321,1.0,1.0,0.5102753639221191
0.0,0.0,0.3653407096862793,1.0,1.0,0.5492717027664185
1.0,1.0,0.798974871635437,1.0,1.0,0.6709671020507812
0.0,0.0,0.3541659116744995,0.0,0.0,0.382647842168808
0.0,0.0,0.2428753674030304,0.0,0.0,0.27562040090560913
1.0,1.0,0.778130054473877,1.0,0.0,0.4208952784538269
0.0,0.0,0.2454996109008789,0.0,0.0,0.2773148715496063
1.0,1.0,0.5231537818908691,1.0,1.0,0.7068158388137817
1.0,0.0,0.4727492332458496,1.0,0.0,0.4412074387073517
1.0,1.0,0.6066703200340271,1.0,1.0,0.7520792484283447
0.0,0.0,0.4660220742225647,0.0,0.0,0.23553168773651123
0.0,0.0,0.3717183470726013,1.0,0.0,0.48223328590393066
0.0,0.0,0.3385646939277649,1.0,1.0,0.6071985960006714
0.0,0.0,0.4094330370426178,0.0,0.0,0.4436240494251251
1.0,0.0,0.31346240639686584,0.0,0.0,0.27327293157577515
0.0,0.0,0.2815026044845581,1.0,0.0,0.37091007828712463
0.0,0.0,0.3998439311981201,1.0,1.0,0.6088871359825134
1.0,0.0,0.35944148898124695,1.0,0.0,0.34863367676734924
1.0,1.0,0.725272536277771,0.0,0.0,0.329071968793869
1.0,0.0,0.39426136016845703,1.0,1.0,0.5445532202720642
0.0,0.0,0.45295438170433044,0.0,0.0,0.4590999484062195
0.0,0.0,0.3130563497543335,0.0,0.0,0.3370954394340515
0.0,0.0,0.3524737060070038,1.0,1.0,0.764934241771698
1.0,1.0,0.685268223285675,1.0,1.0,0.6105907559394836
0.0,0.0,0.2523999512195587,0.0,1.0,0.5693157315254211
1.0,0.0,0.35484427213668823,0.0,0.0,0.24502617120742798
0.0,0.0,0.4525986313819885,1.0,1.0,0.6249946355819702
0.0,0.0,0.1760481745004654,0.0,0.0,0.34070542454719543
1.0,1.0,0.8040748238563538,1.0,1.0,0.6219562888145447
1.0,0.0,0.37694138288497925,0.0,1.0,0.557573676109314
1.0,0.0,0.21782097220420837,1.0,1.0,0.7883706092834473
1.0,1.0,0.6463270783424377,0.0,0.0,0.30676817893981934
1.0,0.0,0.4672990143299103,0.0,0.0,0.3573395609855652
0.0,0.0,0.4176156222820282,0.0,0.0,0.268818199634552
0.0,0.0,0.2839149236679077,1.0,0.0,0.4602065980434418
0.0,0.0,0.34830474853515625,0.0,0.0,0.3207898736000061
0.0,0.0,0.3575097918510437,1.0,0.0,0.2755218744277954
0.0,0.0,0.4164065420627594,1.0,0.0,0.2792370915412903
1.0,1.0,0.8330727219581604,1.0,0.0,0.3763149678707123
1.0,0.0,0.3988778293132782,1.0,0.0,0.33682483434677124
1.0,1.0,0.9180328845977783,1.0,1.0,0.5584623217582703
0.0,0.0,0.4162890315055847,1.0,1.0,0.7950627207756042
0.0,0.0,0.3058111369609833,0.0,1.0,0.5584623217582703
1.0,0.0,0.48504602909088135,0.0,0.0,0.32503461837768555
0.0,0.0,0.30933600664138794,0.0,0.0,0.2727035582065582
1.0,0.0,0.4353048801422119,1.0,1.0,0.7593806982040405
0.0,0.0,0.2656707763671875,1.0,1.0,0.8408612012863159
0.0,0.0,0.2881588041782379,1.0,0.0,0.39275577664375305
0.0,0.0,0.29491978883743286,1.0,1.0,0.6584597229957581
0.0,0.0,0.4490429759025574,1.0,0.0,0.312635600566864
0.0,0.0,0.40326541662216187,0.0,0.0,0.3098681569099426
1.0,1.0,0.7026076912879944,1.0,1.0,0.8701204657554626
1.0,1.0,0.5138741135597229,1.0,0.0,0.38715556263923645
1.0,0.0,0.37476763129234314,1.0,1.0,0.9209706783294678
1.0,1.0,0.7056712508201599,0.0,0.0,0.3583868145942688
0.0,0.0,0.4027019739151001,1.0,1.0,0.8009721040725708
1.0,0.0,0.3796676695346832,1.0,1.0,0.5491973161697388
1.0,0.0,0.4162370264530182,1.0,0.0,0.40604519844055176
0.0,0.0,0.43154171109199524,1.0,1.0,0.5816012024879456
0.0,0.0,0.48304539918899536,1.0,0.0,0.34368613362312317
0.0,0.0,0.3838197588920593,1.0,1.0,0.5386151671409607
1.0,1.0,0.6443804502487183,1.0,0.0,0.41876736283302307
1.0,0.0,0.3717013895511627,1.0,0.0,0.26471051573753357
1.0,1.0,0.7915398478507996,0.0,1.0,0.7398483157157898
0.0,0.0,0.4407157003879547,1.0,1.0,0.5548391938209534
0.0,0.0,0.4455313980579376,0.0,0.0,0.2821403741836548
0.0,0.0,0.28500816226005554,1.0,1.0,0.7761164903640747
0.0,0.0,0.3856118321418762,0.0,0.0,0.21201513707637787
1.0,0.0,0.4997797906398773,1.0,1.0,0.7985175251960754
0.0,0.0,0.24479621648788452,0.0,1.0,0.5481307506561279
0.0,0.0,0.36193862557411194,1.0,1.0,0.8196096420288086
1.0,0.0,0.4424528181552887,0.0,0.0,0.3377079367637634
1.0,1.0,0.710362434387207,1.0,1.0,0.8099443912506104
0.0,0.0,0.445936381816864,0.0,1.0,0.5453020930290222
0.0,0.0,0.4654039740562439,1.0,0.0,0.40193793177604675
0.0,0.0,0.3829794228076935,0.0,0.0,0.2617635130882263
1.0,0.0,0.4426100552082062,0.0,0.0,0.22490859031677246
1.0,1.0,0.5517370104789734,0.0,0.0,0.1798120141029358
0.0,0.0,0.38335633277893066,0.0,1.0,0.5409382581710815
0.0,1.0,0.5425548553466797,1.0,0.0,0.45767152309417725
0.0,0.0,0.2608930170536041,0.0,0.0,0.3412542939186096
1.0,1.0,0.6985989809036255,0.0,0.0,0.4078395962715149
0.0,0.0,0.31432944536209106,1.0,1.0,0.5973248481750488
1.0,1.0,0.8320561647415161,0.0,0.0,0.4414133131504059
0.0,1.0,0.6445266008377075,0.0,0.0,0.4865703880786896
1.0,1.0,0.5906081199645996,0.0,0.0,0.485610693693161
1.0,1.0,0.685973584651947,1.0,0.0,0.44269466400146484
1.0,0.0,0.34637489914894104,0.0,0.0,0.4611246585845947
0.0,0.0,0.3213326632976532,1.0,1.0,0.6054407358169556
0.0,0.0,0.2226758897304535,0.0,0.0,0.44567418098449707
1.0,0.0,0.41437453031539917,0.0,1.0,0.5061686038970947
0.0,0.0,0.308742880821228,1.0,1.0,0.7071077823638916
0.0,0.0,0.2444974035024643,1.0,1.0,0.8836829662322998
1.0,1.0,0.8134587407112122,0.0,1.0,0.5735849142074585
0.0,0.0,0.49195224046707153,0.0,1.0,0.5772745013237
0.0,1.0,0.787460207939148,0.0,0.0,0.3703111410140991
0.0,0.0,0.3306151330471039,1.0,0.0,0.37902456521987915
1.0,1.0,0.8339228630065918,1.0,1.0,0.5948731303215027
0.0,0.0,0.38548558950424194,1.0,0.0,0.3499138653278351
0.0,0.0,0.21170632541179657,1.0,1.0,0.8782250285148621
1.0,0.0,0.4113274812698364,0.0,0.0,0.2744666337966919
0.0,0.0,0.330980122089386,0.0,0.0,0.34478646516799927
1.0,1.0,0.5445060729980469,0.0,0.0,0.37473440170288086
0.0,0.0,0.34966593980789185,1.0,1.0,0.8126825094223022
0.0,0.0,0.42883816361427307,0.0,0.0,0.3168051242828369
0.0,0.0,0.2620943784713745,0.0,0.0,0.3147803843021393
0.0,1.0,0.5468862056732178,0.0,0.0,0.26444709300994873
1.0,0.0,0.3959735631942749,0.0,1.0,0.8133156895637512
0.0,0.0,0.4811176061630249,1.0,0.0,0.2237357646226883
1.0,0.0,0.4152734577655792,0.0,0.0,0.34692156314849854
1.0,1.0,0.7959855794906616,1.0,0.0,0.2989962100982666
1.0,1.0,0.8100425601005554,0.0,1.0,0.5204346776008606
0.0,0.0,0.44210097193717957,1.0,0.0,0.2953871488571167
0.0,1.0,0.6202800869941711,0.0,0.0,0.3774382770061493
1.0,0.0,0.4060400128364563,0.0,0.0,0.42043566703796387
1.0,1.0,0.6336064338684082,1.0,0.0,0.4664464294910431
1.0,0.0,0.44201764464378357,0.0,0.0,0.21725532412528992
1.0,1.0,0.7112635970115662,0.0,0.0,0.36557722091674805
1.0,1.0,0.9453541040420532,0.0,0.0,0.3800545334815979
0.0,0.0,0.2391340434551239,0.0,0.0,0.31162506341934204
0.0,1.0,0.6154859066009521,0.0,0.0,0.32898014783859253
0.0,1.0,0.5481300950050354,1.0,1.0,0.6892210245132446
0.0,0.0,0.45753926038742065,0.0,0.0,0.4352306127548218
0.0,0.0,0.32923996448516846,0.0,0.0,0.24703648686408997
0.0,0.0,0.329071968793869,0.0,0.0,0.4426153004169464
0.0,0.0,0.3176957070827484,0.0,0.0,0.27326780557632446
0.0,0.0,0.4031921625137329,1.0,0.0,0.25720295310020447
1.0,1.0,0.9050287008285522,1.0,1.0,0.5265647768974304
1.0,1.0,0.6225696206092834,0.0,0.0,0.4032604694366455
0.0,0.0,0.2008560746908188,0.0,0.0,0.28073850274086
1.0,0.0,0.27728575468063354,0.0,0.0,0.3313429653644562
0.0,0.0,0.36240115761756897,1.0,0.0,0.49387890100479126
0.0,0.0,0.40223008394241333,1.0,1.0,0.8566550612449646
1.0,0.0,0.31424543261528015,0.0,0.0,0.3622322976589203
0.0,0.0,0.4629708528518677,0.0,0.0,0.3936897814273834
0.0,0.0,0.22510789334774017,0.0,0.0,0.26826417446136475
1.0,1.0,0.7968248724937439,0.0,1.0,0.8436464071273804
1.0,0.0,0.35951629281044006,1.0,1.0,0.8122692108154297
1.0,1.0,0.5965276956558228,0.0,0.0,0.4604005217552185
1.0,0.0,0.3524737060070038,1.0,1.0,0.7004693746566772
1.0,1.0,0.6655285358428955,1.0,1.0,0.5085609555244446
1.0,1.0,0.7324820160865784,0.0,0.0,0.29978692531585693
0.0,0.0,0.32246342301368713,1.0,0.0,0.4018622934818268
0.0,1.0,0.5219359993934631,0.0,1.0,0.6045299768447876
0.0,0.0,0.39427921175956726,1.0,0.0,0.42856207489967346
0.0,0.0,0.460867315530777,0.0,0.0,0.3324187397956848
0.0,0.0,0.31110092997550964,1.0,0.0,0.17287898063659668
0.0,0.0,0.3803503215312958,0.0,0.0,0.3015304207801819
1.0,1.0,0.5580654740333557,0.0,0.0,0.45026394724845886
1.0,0.0,0.4641130864620209,1.0,1.0,0.6680770516395569
0.0,0.0,0.3348881006240845,1.0,1.0,0.752894937992096
1.0,1.0,0.5437592267990112,0.0,1.0,0.5924716591835022
0.0,0.0,0.42205557227134705,0.0,0.0,0.42913660407066345
1.0,1.0,0.6501359343528748,1.0,1.0,0.5350025296211243
1.0,1.0,0.5909954309463501,1.0,0.0,0.3950529396533966
1.0,1.0,0.7270870208740234,1.0,1.0,0.621483325958252
1.0,1.0,0.5424747467041016,0.0,0.0,0.31110092997550964
1.0,1.0,0.9253117442131042,1.0,1.0,0.6016331911087036
1.0,1.0,0.7061234712600708,1.0,0.0,0.40649232268333435
1.0,1.0,0.5832916498184204,0.0,0.0,0.2548021078109741
0.0,0.0,0.18965819478034973,0.0,0.0,0.14207793772220612
0.0,0.0,0.38309580087661743,0.0,0.0,0.33542826771736145
1.0,1.0,0.7297566533088684,0.0,0.0,0.4951467514038086
0.0,0.0,0.40966618061065674,0.0,0.0,0.34449508786201477
1.0,1.0,0.5388123393058777,0.0,0.0,0.3626609146595001
1.0,1.0,0.6545346975326538,0.0,0.0,0.3308568000793457
1.0,1.0,0.5167824029922485,1.0,1.0,0.8806530833244324
0.0,0.0,0.3901265561580658,1.0,0.0,0.3247831165790558
1.0,0.0,0.40730464458465576,0.0,1.0,0.6293280124664307
1.0,0.0,0.29683223366737366,1.0,1.0,0.8952535390853882
1.0,1.0,0.7792231440544128,1.0,0.0,0.43185338377952576
1.0,1.0,0.5629675984382629,1.0,1.0,0.5848745703697205
1.0,1.0,0.7637959718704224,1.0,1.0,0.6016331911087036
1.0,1.0,0.684323251247406,0.0,1.0,0.5227934122085571
0.0,0.0,0.29563167691230774,1.0,0.0,0.38515329360961914
1.0,1.0,0.5316151976585388,0.0,0.0,0.3725106120109558
1.0,0.0,0.49811410903930664,0.0,0.0,0.34612610936164856
0.0,0.0,0.32660043239593506,0.0,0.0,0.4410128593444824
0.0,0.0,0.4421551525592804,1.0,1.0,0.7641680836677551
0.0,0.0,0.35439521074295044,0.0,1.0,0.5326821804046631
0.0,0.0,0.22462399303913116,1.0,0.0,0.4379269480705261
1.0,1.0,0.7187265157699585,1.0,0.0,0.4569363296031952
1.0,1.0,0.6940000653266907,0.0,0.0,0.3137250542640686
0.0,0.0,0.4607551097869873,0.0,0.0,0.4957354962825775
0.0,0.0,0.35446977615356445,1.0,0.0,0.3294169306755066
1.0,1.0,0.5261066555976868,0.0,0.0,0.32262352108955383
0.0,0.0,0.4008743166923523,1.0,1.0,0.7182826995849609
0.0,0.0,0.13956059515476227,0.0,0.0,0.4105491638183594
0.0,0.0,0.2651304602622986,0.0,0.0,0.281555712223053
0.0,0.0,0.1798120141029358,0.0,0.0,0.3583900034427643
0.0,0.0,0.34979841113090515,1.0,1.0,0.6414787173271179
1.0,1.0,0.6448136568069458,0.0,0.0,0.31590577960014343
1.0,1.0,0.5146200060844421,1.0,1.0,0.6515192985534668
1.0,0.0,0.4063970744609833,0.0,1.0,0.5789186954498291
1.0,1.0,0.8422871232032776,0.0,0.0,0.32565170526504517
0.0,0.0,0.4057619571685791,0.0,1.0,0.5128965377807617
0.0,0.0,0.3198142945766449,0.0,0.0,0.34187808632850647
0.0,0.0,0.3609224259853363,0.0,1.0,0.7334769368171692
0.0,0.0,0.41388142108917236,0.0,0.0,0.22604990005493164
0.0,0.0,0.2059827446937561,1.0,1.0,0.7065548300743103
1.0,0.0,0.4377822279930115,0.0,0.0,0.2910676598548889
0.0,1.0,0.779184103012085,0.0,0.0,0.2080744057893753
1.0,1.0,0.6762005090713501,1.0,1.0,0.6741005182266235
1.0,1.0,0.7323068380355835,1.0,1.0,0.5704638957977295
0.0,0.0,0.349706768989563,1.0,1.0,0.6428755521774292
1.0,1.0,0.6683698296546936,1.0,1.0,0.725955069065094
1.0,1.0,0.7755722403526306,0.0,0.0,0.4986174404621124
1.0,1.0,0.5013836622238159,0.0,0.0,0.3462725281715393
0.0,0.0,0.3075634837150574,1.0,1.0,0.9261038303375244
1.0,1.0,0.6981573104858398,1.0,1.0,0.61686110496521
0.0,0.0,0.31644144654273987,0.0,0.0,0.32090145349502563
0.0,0.0,0.3641696870326996,0.0,0.0,0.42760300636291504
1.0,1.0,0.9101170301437378,0.0,0.0,0.4836229383945465
0.0,0.0,0.3844648003578186,1.0,1.0,0.6006025075912476
1.0,0.0,0.4383438527584076,0.0,0.0,0.34389492869377136
1.0,0.0,0.3614923059940338,0.0,0.0,0.3926354646682739
0.0,1.0,0.5768792629241943,0.0,1.0,0.7745310664176941
1.0,1.0,0.5811803936958313,1.0,1.0,0.5987760424613953
0.0,0.0,0.30377015471458435,0.0,0.0,0.33958715200424194
1.0,0.0,0.429521769285202,0.0,1.0,0.5514911413192749
0.0,1.0,0.5270036458969116,1.0,1.0,0.5820584297180176
0.0,0.0,0.22257405519485474,,,
1.0,0.0,0.39954710006713867,,,
1.0,0.0,0.4997906982898712,,,
0.0,0.0,0.38010311126708984,,,
1.0,1.0,0.6472696661949158,,,
1.0,1.0,0.8636884093284607,,,
0.0,1.0,0.6667377948760986,,,
1.0,0.0,0.3473300337791443,,,
0.0,0.0,0.40374037623405457,,,
0.0,0.0,0.382535457611084,,,
1.0,0.0,0.3745878040790558,,,
1.0,1.0,0.5911404490470886,,,
0.0,0.0,0.22882191836833954,,,
1.0,0.0,0.4306277632713318,,,
1.0,1.0,0.6832980513572693,,,
1.0,1.0,0.8920983672142029,,,
0.0,1.0,0.5143104791641235,,,
0.0,0.0,0.31141436100006104,,,
1.0,0.0,0.4366825819015503,,,
1.0,0.0,0.45317989587783813,,,
0.0,1.0,0.5216292142868042,,,
1.0,1.0,0.7704501152038574,,,
1.0,1.0,0.755293607711792,,,
1.0,1.0,0.8263310790061951,,,
0.0,0.0,0.3954598307609558,,,
0.0,0.0,0.23587045073509216,,,
1.0,0.0,0.38223516941070557,,,
1.0,1.0,0.8189268708229065,,,
0.0,0.0,0.3923662304878235,,,
1.0,1.0,0.7548006176948547,,,
1.0,1.0,0.8685132265090942,,,
0.0,0.0,0.4333908259868622,,,
0.0,0.0,0.45623376965522766,,,
1.0,1.0,0.8810855150222778,,,
1.0,1.0,0.73019939661026,,,
1.0,1.0,0.8979859948158264,,,
1.0,1.0,0.6256561875343323,,,
1.0,0.0,0.32486313581466675,,,
1.0,0.0,0.43968865275382996,,,
1.0,1.0,0.5539706349372864,,,
1.0,0.0,0.4139541685581207,,,
0.0,0.0,0.30420249700546265,,,
0.0,0.0,0.38318729400634766,,,
1.0,1.0,0.8101313710212708,,,
1.0,1.0,0.5289584398269653,,,
1.0,0.0,0.40256452560424805,,,
1.0,0.0,0.4602970480918884,,,
1.0,1.0,0.6143741607666016,,,
0.0,0.0,0.48458969593048096,,,
1.0,1.0,0.6230149865150452,,,
0.0,0.0,0.3672776222229004,,,
1.0,0.0,0.4101578891277313,,,
1.0,1.0,0.5079563856124878,,,
0.0,0.0,0.22469322383403778,,,
0.0,0.0,0.3537687361240387,,,
1.0,1.0,0.6022781133651733,,,
1.0,0.0,0.2907353341579437,,,
0.0,0.0,0.20827758312225342,,,
0.0,0.0,0.25643008947372437,,,
1.0,1.0,0.6198039650917053,,,
1.0,0.0,0.47482597827911377,,,
0.0,0.0,0.25662994384765625,,,
1.0,1.0,0.6380999684333801,,,
1.0,0.0,0.4474482238292694,,,
0.0,0.0,0.2996780574321747,,,
0.0,0.0,0.4568425714969635,,,
1.0,1.0,0.7664949297904968,,,
0.0,0.0,0.358931303024292,,,
1.0,0.0,0.3665536344051361,,,
1.0,1.0,0.5269630551338196,,,
1.0,0.0,0.39500412344932556,,,
1.0,1.0,0.9202320575714111,,,
1.0,1.0,0.6844797134399414,,,
1.0,1.0,0.719717264175415,,,
0.0,1.0,0.5524994730949402,,,
1.0,1.0,0.7475332021713257,,,
0.0,0.0,0.4443306028842926,,,
0.0,0.0,0.33911970257759094,,,
0.0,0.0,0.3433453440666199,,,
1.0,1.0,0.5380395650863647,,,
1.0,1.0,0.7826345562934875,,,
0.0,0.0,0.3432273864746094,,,
1.0,1.0,0.656714141368866,,,
1.0,1.0,0.5378201007843018,,,
0.0,0.0,0.32925543189048767,,,
1.0,1.0,0.6788061857223511,,,
1.0,1.0,0.7131226062774658,,,
0.0,0.0,0.2640951871871948,,,
0.0,1.0,0.5802014470100403,,,
0.0,0.0,0.46837660670280457,,,
0.0,0.0,0.4548284709453583,,,
0.0,0.0,0.34744352102279663,,,
1.0,1.0,0.8087123036384583,,,
0.0,0.0,0.4005829393863678,,,
0.0,0.0,0.3640969693660736,,,
0.0,0.0,0.34971189498901367,,,
0.0,0.0,0.33247116208076477,,,
0.0,0.0,0.36536577343940735,,,
1.0,0.0,0.4890771508216858,,,
1.0,1.0,0.8353434205055237,,,
0.0,0.0,0.33065617084503174,,,
0.0,0.0,0.3460468053817749,,,
1.0,1.0,0.787227213382721,,,
1.0,0.0,0.4202415645122528,,,
0.0,0.0,0.445936381816864,,,
0.0,0.0,0.37428563833236694,,,
1.0,1.0,0.7726703882217407,,,
0.0,0.0,0.2877707779407501,,,
1.0,1.0,0.853834867477417,,,
1.0,0.0,0.4717648923397064,,,
0.0,0.0,0.2386440634727478,,,
0.0,0.0,0.408838152885437,,,
1.0,1.0,0.7416911125183105,,,
0.0,0.0,0.4012804925441742,,,
1.0,0.0,0.49255144596099854,,,
0.0,0.0,0.46650078892707825,,,
0.0,0.0,0.35446688532829285,,,
1.0,1.0,0.8133061528205872,,,
0.0,0.0,0.23525801301002502,,,
0.0,0.0,0.28474119305610657,,,
1.0,1.0,0.7351148128509521,,,
0.0,1.0,0.7037073373794556,,,
0.0,0.0,0.47502461075782776,,,
1.0,1.0,0.5498016476631165,,,
0.0,0.0,0.27891358733177185,,,
0.0,0.0,0.3157334625720978,,,
1.0,0.0,0.42944586277008057,,,
1.0,0.0,0.4445706605911255,,,
0.0,0.0,0.2989792227745056,,,
1.0,1.0,0.5129224061965942,,,
1.0,0.0,0.43501201272010803,,,
1.0,0.0,0.4608185291290283,,,
0.0,0.0,0.30156269669532776,,,
1.0,1.0,0.8120808005332947,,,
1.0,1.0,0.5850847959518433,,,
1.0,1.0,0.8444420695304871,,,
1.0,1.0,0.8657799959182739,,,
0.0,0.0,0.35762402415275574,,,
0.0,0.0,0.3902902603149414,,,
0.0,0.0,0.3616548776626587,,,
1.0,0.0,0.48899731040000916,,,
1.0,0.0,0.3718312382698059,,,
0.0,0.0,0.360233336687088,,,
0.0,0.0,0.4032604694366455,,,
0.0,0.0,0.2912258505821228,,,
0.0,0.0,0.27028220891952515,,,
0.0,1.0,0.5588392615318298,,,
1.0,1.0,0.9047228097915649,,,
1.0,0.0,0.35791102051734924,,,
0.0,0.0,0.3413836359977722,,,
1.0,1.0,0.5360825061798096,,,
0.0,0.0,0.3871602714061737,,,
0.0,0.0,0.3025652766227722,,,
0.0,0.0,0.3211415410041809,,,
0.0,0.0,0.4099656045436859,,,
0.0,0.0,0.29402196407318115,,,
1.0,1.0,0.617074191570282,,,
0.0,0.0,0.23042015731334686,,,
0.0,0.0,0.2742252051830292,,,
0.0,0.0,0.3799041211605072,,,
0.0,0.0,0.27844443917274475,,,
0.0,0.0,0.3909451961517334,,,
0.0,0.0,0.2922753691673279,,,
0.0,1.0,0.5499845743179321,,,
1.0,0.0,0.328930526971817,,,
0.0,0.0,0.24158969521522522,,,
1.0,1.0,0.8284921646118164,,,
0.0,1.0,0.5735849142074585,,,
1.0,0.0,0.3282633423805237,,,
0.0,0.0,0.4271077811717987,,,
1.0,1.0,0.6874204277992249,,,
1.0,0.0,0.4260199964046478,,,
1.0,1.0,0.8200315833091736,,,
1.0,1.0,0.6849558353424072,,,
0.0,0.0,0.2906423807144165,,,
0.0,0.0,0.4154047966003418,,,
1.0,0.0,0.42470988631248474,,,
0.0,0.0,0.3119652271270752,,,
0.0,0.0,0.3418009877204895,,,
1.0,1.0,0.8432832956314087,,,
0.0,1.0,0.5698099732398987,,,
0.0,1.0,0.5573799014091492,,,
0.0,0.0,0.37248292565345764,,,
1.0,0.0,0.3709173798561096,,,
1.0,1.0,0.5478099584579468,,,
0.0,0.0,0.39266112446784973,,,
1.0,1.0,0.8786508440971375,,,
1.0,0.0,0.42990899085998535,,,
0.0,0.0,0.44726887345314026,,,
1.0,0.0,0.4337325692176819,,,
1.0,1.0,0.9080360531806946,,,
0.0,0.0,0.2695625424385071,,,
1.0,1.0,0.6999843120574951,,,
1.0,0.0,0.4473526179790497,,,
1.0,0.0,0.4377822279930115,,,
0.0,0.0,0.32445207238197327,,,
1.0,1.0,0.6544909477233887,,,
0.0,0.0,0.3525519073009491,,,
0.0,0.0,0.44086453318595886,,,
0.0,0.0,0.28598812222480774,,,
0.0,0.0,0.3845326006412506,,,
1.0,1.0,0.914539098739624,,,
1.0,1.0,0.914638102054596,,,
1.0,1.0,0.555655300617218,,,
1.0,1.0,0.6579492092132568,,,
0.0,1.0,0.5102584362030029,,,
0.0,0.0,0.3128599226474762,,,
1.0,1.0,0.6226404309272766,,,
1.0,1.0,0.6843579411506653,,,
1.0,1.0,0.5105942487716675,,,
1.0,0.0,0.438189297914505,,,
1.0,0.0,0.4728693664073944,,,
0.0,0.0,0.35415220260620117,,,
0.0,0.0,0.35927337408065796,,,
0.0,0.0,0.45173919200897217,,,
0.0,0.0,0.3098834753036499,,,
1.0,0.0,0.48354068398475647,,,
1.0,0.0,0.4560239017009735,,,
1.0,0.0,0.4656216502189636,,,
1.0,0.0,0.3031407594680786,,,
0.0,0.0,0.45843973755836487,,,
0.0,0.0,0.16128189861774445,,,
0.0,1.0,0.5688239932060242,,,
0.0,0.0,0.48043641448020935,,,
0.0,0.0,0.23101142048835754,,,
1.0,1.0,0.645409345626831,,,
1.0,1.0,0.7005607485771179,,,
1.0,1.0,0.7596070766448975,,,
1.0,1.0,0.5967968106269836,,,
1.0,1.0,0.6979631781578064,,,
0.0,0.0,0.33361852169036865,,,
0.0,0.0,0.44946354627609253,,,
1.0,1.0,0.8858340382575989,,,
0.0,0.0,0.3248898684978485,,,
1.0,0.0,0.4232347011566162,,,
1.0,1.0,0.5874500870704651,,,
0.0,0.0,0.4377822279930115,,,
1.0,0.0,0.3637635409832001,,,
0.0,0.0,0.4796372354030609,,,
0.0,0.0,0.3695099651813507,,,
1.0,0.0,0.3584197759628296,,,
0.0,0.0,0.39941975474357605,,,
0.0,1.0,0.5121687650680542,,,
1.0,0.0,0.45143312215805054,,,
0.0,0.0,0.33731335401535034,,,
0.0,0.0,0.40702012181282043,,,
1.0,1.0,0.8149988651275635,,,
0.0,0.0,0.4190463721752167,,,
1.0,1.0,0.5985828042030334,,,
1.0,0.0,0.3130600154399872,,,
1.0,1.0,0.6054259538650513,,,
0.0,0.0,0.22647175192832947,,,
0.0,0.0,0.40649232268333435,,,
1.0,1.0,0.9010250568389893,,,
1.0,1.0,0.749819278717041,,,
1.0,1.0,0.5151111483573914,,,
1.0,1.0,0.7459919452667236,,,
0.0,0.0,0.3460540473461151,,,
0.0,1.0,0.7762096524238586,,,
0.0,0.0,0.2911028563976288,,,
0.0,0.0,0.4614834487438202,,,
1.0,1.0,0.8548330068588257,,,
1.0,0.0,0.4711139500141144,,,
1.0,1.0,0.747446596622467,,,
0.0,0.0,0.31927675008773804,,,
1.0,1.0,0.7690708637237549,,,
0.0,0.0,0.4004933834075928,,,
0.0,0.0,0.2912258505821228,,,
1.0,1.0,0.5472382307052612,,,
1.0,0.0,0.4942857325077057,,,
0.0,0.0,0.335980087518692,,,
1.0,1.0,0.7807002067565918,,,
1.0,0.0,0.4822956621646881,,,
0.0,1.0,0.5735931396484375,,,
0.0,0.0,0.3096081018447876,,,
0.0,0.0,0.17247432470321655,,,
1.0,1.0,0.5376118421554565,,,
0.0,0.0,0.1616452932357788,,,
1.0,0.0,0.46650078892707825,,,
0.0,0.0,0.3430962860584259,,,
1.0,1.0,0.5484614968299866,,,
0.0,0.0,0.35523706674575806,,,
0.0,0.0,0.4361670911312103,,,
0.0,0.0,0.29440855979919434,,,
0.0,0.0,0.450663685798645,,,
0.0,0.0,0.3437039852142334,,,
1.0,1.0,0.8227312564849854,,,
1.0,0.0,0.3903599679470062,,,
0.0,0.0,0.2592989504337311,,,
1.0,1.0,0.8718119859695435,,,
1.0,1.0,0.8748514652252197,,,
0.0,0.0,0.3964541256427765,,,
0.0,0.0,0.2985116243362427,,,
1.0,0.0,0.4901093542575836,,,
1.0,0.0,0.4829673767089844,,,
0.0,0.0,0.40256431698799133,,,
1.0,1.0,0.5470227003097534,,,
1.0,0.0,0.45701324939727783,,,
1.0,0.0,0.3500072956085205,,,
1.0,1.0,0.9151026606559753,,,
1.0,1.0,0.8111162185668945,,,
1.0,0.0,0.4248487651348114,,,
1.0,0.0,0.4377822279930115,,,
0.0,1.0,0.5322489738464355,,,
0.0,0.0,0.3638375997543335,,,
1.0,0.0,0.4598843455314636,,,
0.0,0.0,0.3766624629497528,,,
0.0,0.0,0.2684078812599182,,,
0.0,0.0,0.4504200220108032,,,
0.0,0.0,0.3102865219116211,,,
0.0,0.0,0.48458969593048096,,,
0.0,0.0,0.2877204120159149,,,
1.0,0.0,0.3255491256713867,,,
1.0,1.0,0.5901489853858948,,,
0.0,0.0,0.34957969188690186,,,
1.0,1.0,0.7285999059677124,,,
1.0,1.0,0.746677577495575,,,
0.0,0.0,0.31507566571235657,,,
0.0,0.0,0.3473910093307495,,,
1.0,1.0,0.5766039490699768,,,
0.0,0.0,0.3489319682121277,,,
1.0,1.0,0.5693026781082153,,,
0.0,0.0,0.4034491777420044,,,
0.0,0.0,0.2930644452571869,,,
1.0,1.0,0.6768355369567871,,,
1.0,0.0,0.31450238823890686,,,
1.0,1.0,0.6288991570472717,,,
1.0,1.0,0.686397135257721,,,
1.0,1.0,0.7024991512298584,,,
1.0,1.0,0.5781205892562866,,,
1.0,1.0,0.7159237265586853,,,
0.0,0.0,0.4012220501899719,,,
0.0,0.0,0.2803042531013489,,,
0.0,0.0,0.3195149600505829,,,
0.0,0.0,0.4104720652103424,,,
0.0,0.0,0.3557058870792389,,,
1.0,1.0,0.8354976773262024,,,
1.0,1.0,0.8431258201599121,,,
0.0,0.0,0.4468948245048523,,,
0.0,0.0,0.3552533686161041,,,
1.0,1.0,0.7500280141830444,,,
1.0,1.0,0.8015376925468445,,,
0.0,0.0,0.4136402904987335,,,
1.0,1.0,0.61686110496521,,,
1.0,1.0,0.6848152875900269,,,
1.0,1.0,0.5941581130027771,,,
1.0,1.0,0.7923440337181091,,,
1.0,1.0,0.5262287855148315,,,
1.0,0.0,0.46068891882896423,,,
0.0,0.0,0.48217153549194336,,,
1.0,1.0,0.6301016807556152,,,
0.0,1.0,0.5056658387184143,,,
0.0,0.0,0.31000640988349915,,,
0.0,0.0,0.1837129145860672,,,
0.0,0.0,0.4634837508201599,,,
1.0,1.0,0.5475243926048279,,,
1.0,0.0,0.3841962516307831,,,
1.0,1.0,0.5915961265563965,,,
0.0,0.0,0.27602097392082214,,,
1.0,0.0,0.3960798978805542,,,
1.0,1.0,0.5364628434181213,,,
1.0,1.0,0.8073315024375916,,,
0.0,1.0,0.5610020756721497,,,
0.0,0.0,0.3228728473186493,,,
1.0,0.0,0.328296035528183,,,
1.0,1.0,0.8031893372535706,,,
1.0,1.0,0.5338307023048401,,,
1.0,1.0,0.8060766458511353,,,
0.0,0.0,0.3794413208961487,,,
1.0,1.0,0.7211853861808777,,,
0.0,0.0,0.373075395822525,,,
1.0,1.0,0.5914539694786072,,,
1.0,0.0,0.3914717733860016,,,
0.0,1.0,0.5097711682319641,,,
0.0,0.0,0.32919400930404663,,,
1.0,1.0,0.8000594973564148,,,
1.0,1.0,0.6499709486961365,,,
1.0,0.0,0.432643324136734,,,
0.0,1.0,0.513457179069519,,,
1.0,1.0,0.7205089330673218,,,
1.0,0.0,0.42470988631248474,,,
1.0,1.0,0.7644188404083252,,,
1.0,1.0,0.6272071003913879,,,
1.0,0.0,0.2535198926925659,,,
0.0,0.0,0.2961468994617462,,,
1.0,1.0,0.5068880319595337,,,
0.0,1.0,0.7092944383621216,,,
0.0,0.0,0.29640430212020874,,,
0.0,0.0,0.2069261521100998,,,
1.0,1.0,0.8068380951881409,,,
1.0,1.0,0.61686110496521,,,
0.0,0.0,0.3667919337749481,,,
1.0,1.0,0.9062395095825195,,,
1.0,1.0,0.8958727717399597,,,
0.0,0.0,0.15648974478244781,,,
1.0,1.0,0.6657071709632874,,,
1.0,1.0,0.6169997453689575,,,
1.0,0.0,0.4450663924217224,,,
1.0,0.0,0.40322181582450867,,,
1.0,0.0,0.4581567347049713,,,
1.0,0.0,0.3960894048213959,,,
1.0,0.0,0.4763920307159424,,,
1.0,1.0,0.599941074848175,,,
1.0,0.0,0.4646188020706177,,,
0.0,0.0,0.3247548043727875,,,
0.0,0.0,0.4821794033050537,,,
1.0,1.0,0.504027247428894,,,
0.0,0.0,0.2930644452571869,,,
0.0,0.0,0.26740050315856934,,,
1.0,0.0,0.412535697221756,,,
0.0,0.0,0.4403057396411896,,,
0.0,0.0,0.33306756615638733,,,
1.0,0.0,0.4622054696083069,,,
1.0,0.0,0.4299297034740448,,,
0.0,1.0,0.623866856098175,,,
0.0,0.0,0.3305552005767822,,,
0.0,0.0,0.29765230417251587,,,
1.0,1.0,0.5832059979438782,,,
0.0,0.0,0.22046737372875214,,,
0.0,0.0,0.45657798647880554,,,
0.0,0.0,0.4767788350582123,,,
0.0,0.0,0.1798120141029358,,,
1.0,0.0,0.4203093647956848,,,
0.0,1.0,0.5787544250488281,,,
1.0,1.0,0.6987330913543701,,,
1.0,1.0,0.6103283762931824,,,
0.0,0.0,0.2849873900413513,,,
0.0,1.0,0.6157255172729492,,,
1.0,0.0,0.35415154695510864,,,
0.0,0.0,0.42836567759513855,,,
1.0,1.0,0.7153869271278381,,,
1.0,1.0,0.8039926886558533,,,
0.0,0.0,0.18622061610221863,,,
0.0,0.0,0.25912314653396606,,,
0.0,0.0,0.45442232489585876,,,
1.0,0.0,0.40738117694854736,,,
0.0,0.0,0.2367989420890808,,,
1.0,1.0,0.5856034755706787,,,
0.0,0.0,0.4209349751472473,,,
1.0,0.0,0.3143989145755768,,,
1.0,1.0,0.6463614106178284,,,
1.0,0.0,0.40056052803993225,,,
0.0,0.0,0.2301228642463684,,,
1.0,0.0,0.2912030518054962,,,
0.0,0.0,0.3187626600265503,,,
1.0,0.0,0.33719557523727417,,,
1.0,0.0,0.4152734577655792,,,
1.0,1.0,0.608637809753418,,,
1.0,1.0,0.7877545356750488,,,
0.0,0.0,0.4125119149684906,,,
0.0,0.0,0.39502328634262085,,,
1.0,1.0,0.8137152791023254,,,
0.0,0.0,0.32008829712867737,,,
1.0,1.0,0.8189582228660583,,,
0.0,0.0,0.3415312170982361,,,
0.0,0.0,0.32589325308799744,,,
1.0,1.0,0.5072584748268127,,,
0.0,0.0,0.34770500659942627,,,
0.0,0.0,0.2765503227710724,,,
1.0,0.0,0.46924832463264465,,,
0.0,0.0,0.36798352003097534,,,
1.0,0.0,0.4790365397930145,,,
0.0,0.0,0.21107281744480133,,,
0.0,0.0,0.2912258505821228,,,
1.0,0.0,0.4108264744281769,,,
1.0,1.0,0.5027047991752625,,,
1.0,1.0,0.9339911341667175,,,
0.0,0.0,0.2868642508983612,,,
1.0,0.0,0.493367075920105,,,
0.0,0.0,0.4474482238292694,,,
1.0,1.0,0.8153713941574097,,,
1.0,1.0,0.8500388860702515,,,
1.0,1.0,0.684549868106842,,,
1.0,1.0,0.6674776673316956,,,
0.0,0.0,0.36985084414482117,,,
1.0,0.0,0.3879294693470001,,,
1.0,1.0,0.6805999875068665,,,
0.0,1.0,0.540000855922699,,,
1.0,1.0,0.5259515047073364,,,
1.0,1.0,0.6279963254928589,,,
0.0,0.0,0.16154998540878296,,,
1.0,1.0,0.5769158005714417,,,
0.0,0.0,0.3479410707950592,,,
0.0,1.0,0.5539634823799133,,,
1.0,0.0,0.44797658920288086,,,
0.0,0.0,0.43337497115135193,,,
1.0,0.0,0.4247143268585205,,,
1.0,0.0,0.48034700751304626,,,
1.0,0.0,0.38353589177131653,,,
0.0,0.0,0.40605124831199646,,,
0.0,0.0,0.28249606490135193,,,
1.0,0.0,0.432373583316803,,,
1.0,1.0,0.6621255874633789,,,
1.0,1.0,0.6011627912521362,,,
0.0,0.0,0.4163740575313568,,,
0.0,0.0,0.3919012248516083,,,
1.0,1.0,0.5888083577156067,,,
0.0,1.0,0.7312743067741394,,,
1.0,1.0,0.550728440284729,,,
1.0,0.0,0.34663015604019165,,,
1.0,0.0,0.4123188853263855,,,
1.0,0.0,0.4412669241428375,,,
1.0,1.0,0.8147013187408447,,,
0.0,0.0,0.3228302597999573,,,
0.0,0.0,0.3902144134044647,,,
0.0,0.0,0.35565125942230225,,,
0.0,0.0,0.2524735927581787,,,
1.0,1.0,0.7247461080551147,,,
0.0,0.0,0.17808003723621368,,,
0.0,0.0,0.1798120141029358,,,
1.0,1.0,0.5736525654792786,,,
0.0,1.0,0.6247851848602295,,,
0.0,0.0,0.2721153199672699,,,
1.0,1.0,0.5750150084495544,,,
1.0,1.0,0.5284637808799744,,,
1.0,1.0,0.6165367960929871,,,
1.0,1.0,0.570024847984314,,,
0.0,0.0,0.3029119670391083,,,
0.0,0.0,0.31010353565216064,,,
0.0,0.0,0.3366085886955261,,,
1.0,1.0,0.7192292809486389,,,
0.0,0.0,0.4269639253616333,,,
1.0,1.0,0.5208672881126404,,,
1.0,1.0,0.5151917934417725,,,
0.0,0.0,0.4663154184818268,,,
1.0,1.0,0.6171064972877502,,,
1.0,1.0,0.6180465221405029,,,
1.0,0.0,0.4759548008441925,,,
0.0,0.0,0.26294517517089844,,,
0.0,0.0,0.292890340089798,,,
0.0,0.0,0.25814497470855713,,,
1.0,0.0,0.33146560192108154,,,
0.0,0.0,0.4779305160045624,,,
0.0,0.0,0.27131378650665283,,,
0.0,0.0,0.24947574734687805,,,
1.0,0.0,0.48738566040992737,,,
0.0,0.0,0.25987789034843445,,,
1.0,1.0,0.6350222826004028,,,
1.0,0.0,0.36107614636421204,,,
0.0,0.0,0.28477299213409424,,,
1.0,0.0,0.43792206048965454,,,
1.0,1.0,0.893338143825531,,,
0.0,0.0,0.38479119539260864,,,
0.0,0.0,0.3437384366989136,,,
0.0,0.0,0.4883779287338257,,,
0.0,0.0,0.27425867319107056,,,
1.0,1.0,0.7763715386390686,,,
1.0,1.0,0.8014728426933289,,,
0.0,0.0,0.38020819425582886,,,
1.0,0.0,0.3739350140094757,,,
1.0,1.0,0.8270628452301025,,,
1.0,0.0,0.3475841283798218,,,
1.0,1.0,0.5296502709388733,,,
0.0,0.0,0.38695740699768066,,,
0.0,0.0,0.4748140275478363,,,
1.0,1.0,0.8969338536262512,,,
1.0,0.0,0.3599058985710144,,,
1.0,0.0,0.42049089074134827,,,
1.0,1.0,0.794619083404541,,,
1.0,1.0,0.6309314966201782,,,
1.0,1.0,0.6768333911895752,,,
1.0,0.0,0.46160146594047546,,,
1.0,0.0,0.40178728103637695,,,
1.0,1.0,0.5474585890769958,,,
0.0,0.0,0.39783555269241333,,,
0.0,0.0,0.2891722619533539,,,
0.0,0.0,0.3598509430885315,,,
1.0,1.0,0.5535138249397278,,,
1.0,1.0,0.7268257141113281,,,
0.0,0.0,0.1638975739479065,,,
0.0,0.0,0.3369791507720947,,,
1.0,0.0,0.36698779463768005,,,
1.0,1.0,0.8213847875595093,,,
1.0,1.0,0.6315838694572449,,,
1.0,1.0,0.8913867473602295,,,
1.0,1.0,0.5208812952041626,,,
0.0,1.0,0.5830231308937073,,,
0.0,0.0,0.4246795177459717,,,
0.0,0.0,0.24984221160411835,,,
0.0,0.0,0.43546411395072937,,,
0.0,0.0,0.4346998333930969,,,
0.0,0.0,0.42117008566856384,,,
1.0,1.0,0.5494863390922546,,,
0.0,0.0,0.3079945743083954,,,
1.0,0.0,0.4322011172771454,,,
1.0,1.0,0.5532380938529968,,,
0.0,0.0,0.20671799778938293,,,
1.0,0.0,0.27717265486717224,,,
1.0,1.0,0.5487578511238098,,,
0.0,0.0,0.3061501383781433,,,
0.0,0.0,0.30111876130104065,,,
0.0,0.0,0.2891109585762024,,,
1.0,0.0,0.3999355733394623,,,
1.0,0.0,0.4487675130367279,,,
1.0,0.0,0.4007686972618103,,,
0.0,0.0,0.3872450590133667,,,
1.0,1.0,0.6483718752861023,,,
0.0,0.0,0.4404583275318146,,,
0.0,0.0,0.2570789158344269,,,
1.0,0.0,0.3616105914115906,,,
1.0,1.0,0.7156097888946533,,,
0.0,1.0,0.6155732870101929,,,
0.0,1.0,0.501061737537384,,,
0.0,0.0,0.3228505551815033,,,
0.0,0.0,0.33310452103614807,,,
1.0,0.0,0.4892643690109253,,,
0.0,0.0,0.31320399045944214,,,
1.0,0.0,0.4863888919353485,,,
1.0,1.0,0.6502425074577332,,,
1.0,1.0,0.6202800869941711,,,
0.0,1.0,0.5798978805541992,,,
1.0,1.0,0.5520206689834595,,,
0.0,0.0,0.2039552628993988,,,
0.0,0.0,0.2759387195110321,,,
1.0,0.0,0.4861103594303131,,,
0.0,0.0,0.31533122062683105,,,
1.0,1.0,0.7008957266807556,,,
0.0,0.0,0.3575292229652405,,,
1.0,1.0,0.8176931738853455,,,
0.0,1.0,0.7572273015975952,,,
0.0,0.0,0.3702959716320038,,,
0.0,0.0,0.2446083277463913,,,
1.0,0.0,0.3246062994003296,,,
1.0,1.0,0.7255640625953674,,,
1.0,1.0,0.8180304765701294,,,
1.0,1.0,0.6801969408988953,,,
1.0,0.0,0.38803768157958984,,,
1.0,0.0,0.29199615120887756,,,
0.0,1.0,0.517090916633606,,,
1.0,1.0,0.5540925860404968,,,
0.0,0.0,0.34370073676109314,,,
0.0,0.0,0.341171532869339,,,
0.0,0.0,0.24347765743732452,,,
0.0,0.0,0.43840059638023376,,,
1.0,1.0,0.6917043924331665,,,
0.0,0.0,0.1798120141029358,,,
1.0,1.0,0.8527718782424927,,,
0.0,0.0,0.24057522416114807,,,
1.0,0.0,0.3744383156299591,,,
1.0,0.0,0.371383398771286,,,
1.0,1.0,0.6625561118125916,,,
1.0,1.0,0.5292357206344604,,,
1.0,1.0,0.7692180871963501,,,
1.0,1.0,0.9089697003364563,,,
0.0,1.0,0.5876311659812927,,,
1.0,1.0,0.7822566032409668,,,
1.0,1.0,0.626990795135498,,,
0.0,1.0,0.5107138752937317,,,
1.0,0.0,0.25720295310020447,,,
1.0,1.0,0.5318519473075867,,,
1.0,0.0,0.49457037448883057,,,
1.0,0.0,0.40276920795440674,,,
1.0,0.0,0.49060261249542236,,,
0.0,0.0,0.4619121849536896,,,
0.0,0.0,0.4006718695163727,,,
1.0,1.0,0.5425631999969482,,,
0.0,0.0,0.42554858326911926,,,
1.0,0.0,0.4717648923397064,,,
0.0,0.0,0.2588532865047455,,,
1.0,1.0,0.8892096281051636,,,
0.0,0.0,0.3205573558807373,,,
0.0,0.0,0.45019492506980896,,,
0.0,0.0,0.3902193009853363,,,
1.0,0.0,0.3230178654193878,,,
1.0,1.0,0.5468854308128357,,,
0.0,0.0,0.38840678334236145,,,
1.0,1.0,0.540381908416748,,,
1.0,1.0,0.8965110182762146,,,
1.0,0.0,0.36888983845710754,,,
1.0,1.0,0.6658098101615906,,,
0.0,0.0,0.41424620151519775,,,
1.0,1.0,0.6953659057617188,,,
0.0,0.0,0.38868242502212524,,,
1.0,1.0,0.7238858342170715,,,
1.0,1.0,0.5150150060653687,,,
0.0,0.0,0.4950083792209625,,,
0.0,1.0,0.5205920338630676,,,
0.0,0.0,0.32911330461502075,,,
0.0,0.0,0.4724823236465454,,,
0.0,0.0,0.2386440634727478,,,
1.0,0.0,0.49569249153137207,,,
1.0,1.0,0.7061755657196045,,,
0.0,0.0,0.43817490339279175,,,
1.0,0.0,0.4683094620704651,,,
0.0,0.0,0.1916661113500595,,,
1.0,1.0,0.7692698240280151,,,
0.0,1.0,0.5607151389122009,,,
1.0,0.0,0.30256569385528564,,,
1.0,0.0,0.3173087537288666,,,
1.0,1.0,0.7436690330505371,,,
0.0,1.0,0.6400585174560547,,,
0.0,0.0,0.25910332798957825,,,
0.0,0.0,0.3709924519062042,,,
0.0,0.0,0.4942381978034973,,,
1.0,1.0,0.5512855052947998,,,
0.0,0.0,0.2510264813899994,,,
1.0,0.0,0.37902456521987915,,,
1.0,1.0,0.6529829502105713,,,
0.0,0.0,0.492692768573761,,,
0.0,0.0,0.368652880191803,,,
1.0,1.0,0.523314356803894,,,
0.0,0.0,0.34474611282348633,,,
1.0,1.0,0.8553370833396912,,,
0.0,0.0,0.3267289400100708,,,
0.0,0.0,0.31767407059669495,,,
0.0,0.0,0.32510411739349365,,,
0.0,0.0,0.34856903553009033,,,
1.0,0.0,0.3567163050174713,,,
1.0,1.0,0.7685663104057312,,,
1.0,1.0,0.7356022000312805,,,
1.0,1.0,0.7574461102485657,,,
1.0,1.0,0.6010534763336182,,,
0.0,1.0,0.523394763469696,,,
1.0,0.0,0.38499921560287476,,,
1.0,1.0,0.6350222826004028,,,
0.0,1.0,0.5834452509880066,,,
0.0,0.0,0.24838973581790924,,,
0.0,0.0,0.2598288953304291,,,
0.0,1.0,0.5081611275672913,,,
1.0,1.0,0.80609530210495,,,
0.0,0.0,0.39184945821762085,,,
0.0,0.0,0.31010353565216064,,,
1.0,1.0,0.7631136178970337,,,
1.0,1.0,0.8760554790496826,,,
1.0,0.0,0.4234684109687805,,,
0.0,0.0,0.33921539783477783,,,
0.0,0.0,0.39687466621398926,,,
0.0,0.0,0.33233413100242615,,,
1.0,0.0,0.38049814105033875,,,
1.0,1.0,0.7578006982803345,,,
1.0,1.0,0.6533277630805969,,,
1.0,1.0,0.5896183848381042,,,
1.0,1.0,0.5178155899047852,,,
0.0,0.0,0.4034491777420044,,,
1.0,1.0,0.6077005863189697,,,
1.0,1.0,0.5951225161552429,,,
0.0,0.0,0.4870748221874237,,,
0.0,0.0,0.42588451504707336,,,
1.0,0.0,0.30748334527015686,,,
0.0,0.0,0.38448548316955566,,,
1.0,1.0,0.6825581192970276,,,
1.0,0.0,0.3457385301589966,,,
1.0,0.0,0.44269466400146484,,,
0.0,0.0,0.4987388551235199,,,
0.0,0.0,0.27291131019592285,,,
0.0,0.0,0.3106752932071686,,,
0.0,0.0,0.48313993215560913,,,
0.0,0.0,0.30324286222457886,,,
0.0,0.0,0.3808087706565857,,,
0.0,1.0,0.5490094423294067,,,
1.0,1.0,0.7527921199798584,,,
1.0,1.0,0.6086381673812866,,,
1.0,1.0,0.8184179663658142,,,
1.0,1.0,0.5932512283325195,,,
1.0,0.0,0.4481755197048187,,,
1.0,1.0,0.9284185767173767,,,
0.0,1.0,0.5251383781433105,,,
0.0,0.0,0.2252134382724762,,,
1.0,0.0,0.4452146589756012,,,
1.0,1.0,0.8455699682235718,,,
0.0,0.0,0.3216845393180847,,,
0.0,0.0,0.3658517599105835,,,
1.0,1.0,0.7549898624420166,,,
1.0,0.0,0.29403284192085266,,,
1.0,1.0,0.6117697954177856,,,
1.0,1.0,0.7638736963272095,,,
1.0,0.0,0.4216613173484802,,,
1.0,0.0,0.3601219952106476,,,
1.0,1.0,0.7879321575164795,,,
1.0,0.0,0.3268396556377411,,,
1.0,1.0,0.7112471461296082,,,
0.0,1.0,0.5016667246818542,,,
0.0,0.0,0.24641577899456024,,,
0.0,0.0,0.3224029839038849,,,
0.0,0.0,0.30099746584892273,,,
0.0,1.0,0.54387366771698,,,
0.0,0.0,0.25761401653289795,,,
1.0,1.0,0.5154920816421509,,,
0.0,0.0,0.30610811710357666,,,
0.0,0.0,0.22187133133411407,,,
1.0,1.0,0.5997797846794128,,,
0.0,0.0,0.3119971752166748,,,
1.0,1.0,0.5269239544868469,,,
1.0,1.0,0.6234776377677917,,,
0.0,0.0,0.47169166803359985,,,
0.0,0.0,0.2717999219894409,,,
1.0,1.0,0.6483718752861023,,,
1.0,0.0,0.49683937430381775,,,
0.0,0.0,0.33506765961647034,,,
1.0,0.0,0.47817081212997437,,,
0.0,0.0,0.26393628120422363,,,
1.0,0.0,0.4037756025791168,,,
1.0,1.0,0.7612154483795166,,,
0.0,0.0,0.407701313495636,,,
0.0,0.0,0.43942180275917053,,,
0.0,1.0,0.5577706098556519,,,
0.0,0.0,0.16966412961483002,,,
0.0,0.0,0.27028220891952515,,,
1.0,0.0,0.46044445037841797,,,
0.0,1.0,0.5787941217422485,,,
1.0,0.0,0.4070700407028198,,,
0.0,0.0,0.38547414541244507,,,
1.0,0.0,0.3898662328720093,,,
0.0,1.0,0.5024524331092834,,,
0.0,0.0,0.36300957202911377,,,
0.0,1.0,0.5724471807479858,,,
0.0,1.0,0.6424150466918945,,,
1.0,1.0,0.8655948042869568,,,
1.0,0.0,0.4717648923397064,,,
0.0,0.0,0.430593878030777,,,
0.0,0.0,0.2316516935825348,,,
0.0,0.0,0.4215817451477051,,,
0.0,0.0,0.2656707763671875,,,
1.0,1.0,0.837584376335144,,,
1.0,1.0,0.549758791923523,,,
0.0,0.0,0.28403785824775696,,,
0.0,1.0,0.5708067417144775,,,
0.0,0.0,0.34031885862350464,,,
1.0,1.0,0.506445050239563,,,
1.0,1.0,0.6385977268218994,,,
0.0,0.0,0.45272818207740784,,,
0.0,1.0,0.6485871076583862,,,
1.0,1.0,0.7035647034645081,,,
1.0,0.0,0.4824654757976532,,,
0.0,1.0,0.5382542014122009,,,
0.0,0.0,0.45818257331848145,,,
0.0,0.0,0.3909725844860077,,,
0.0,0.0,0.3556292951107025,,,
0.0,0.0,0.24388577044010162,,,
0.0,0.0,0.27150219678878784,,,
0.0,0.0,0.3620063364505768,,,
1.0,0.0,0.30395886301994324,,,
0.0,0.0,0.37582850456237793,,,
1.0,1.0,0.6909728646278381,,,
1.0,1.0,0.7963659763336182,,,
0.0,0.0,0.24199573695659637,,,
1.0,1.0,0.7446882724761963,,,
0.0,0.0,0.3596034646034241,,,
0.0,0.0,0.22114625573158264,,,
1.0,1.0,0.6257362961769104,,,
1.0,0.0,0.47071322798728943,,,
1.0,1.0,0.9092293381690979,,,
1.0,0.0,0.4087802767753601,,,
0.0,0.0,0.3625909984111786,,,
0.0,1.0,0.5847471356391907,,,
0.0,0.0,0.35065287351608276,,,
1.0,0.0,0.4107707738876343,,,
1.0,1.0,0.6166477203369141,,,
0.0,0.0,0.2687796950340271,,,
0.0,0.0,0.2950589656829834,,,
0.0,0.0,0.3709924519062042,,,
0.0,0.0,0.2891109585762024,,,
0.0,0.0,0.36927127838134766,,,
1.0,1.0,0.6060003042221069,,,
1.0,1.0,0.582795262336731,,,
0.0,0.0,0.44337090849876404,,,
0.0,0.0,0.35907524824142456,,,
1.0,1.0,0.699049711227417,,,
1.0,1.0,0.5386151671409607,,,
1.0,1.0,0.7680745124816895,,,
1.0,1.0,0.8110669255256653,,,
1.0,0.0,0.35279035568237305,,,
1.0,0.0,0.4960240423679352,,,
0.0,0.0,0.4082511365413666,,,
1.0,0.0,0.38803765177726746,,,
1.0,1.0,0.7504869699478149,,,
0.0,0.0,0.33195334672927856,,,
1.0,0.0,0.4602758288383484,,,
1.0,1.0,0.5628026127815247,,,
0.0,1.0,0.634756863117218,,,
0.0,0.0,0.3690943419933319,,,
0.0,0.0,0.4009462893009186,,,
1.0,1.0,0.7191824913024902,,,
0.0,0.0,0.2684277296066284,,,
1.0,0.0,0.4348078966140747,,,
0.0,0.0,0.3228505551815033,,,
0.0,0.0,0.34782689809799194,,,
1.0,1.0,0.5023220777511597,,,
0.0,0.0,0.41907402873039246,,,
0.0,0.0,0.3742998540401459,,,
1.0,1.0,0.7884965538978577,,,
0.0,0.0,0.4891964793205261,,,
1.0,1.0,0.7827756404876709,,,
1.0,1.0,0.6738347411155701,,,
1.0,1.0,0.5385326147079468,,,
1.0,0.0,0.3156614303588867,,,
1.0,0.0,0.44859346747398376,,,
0.0,0.0,0.3547297716140747,,,
0.0,0.0,0.44226571917533875,,,
1.0,0.0,0.4613701403141022,,,
0.0,0.0,0.4117506444454193,,,
0.0,0.0,0.1798120141029358,,,
0.0,0.0,0.44769614934921265,,,
0.0,0.0,0.19057177007198334,,,
1.0,1.0,0.5904591083526611,,,
1.0,1.0,0.5130372643470764,,,
0.0,0.0,0.27027085423469543,,,
0.0,1.0,0.5132417678833008,,,
1.0,1.0,0.8642548322677612,,,
1.0,0.0,0.4507550895214081,,,
0.0,0.0,0.2837107181549072,,,
0.0,0.0,0.4964826703071594,,,
1.0,1.0,0.8017235398292542,,,
1.0,1.0,0.5174718499183655,,,
0.0,0.0,0.3707166016101837,,,
0.0,0.0,0.30903568863868713,,,
0.0,0.0,0.47508618235588074,,,
0.0,0.0,0.26851922273635864,,,
0.0,0.0,0.1962083876132965,,,
1.0,1.0,0.7844046950340271,,,
1.0,0.0,0.44835105538368225,,,
0.0,0.0,0.4500369727611542,,,
1.0,1.0,0.5192415714263916,,,
1.0,0.0,0.45950815081596375,,,
0.0,0.0,0.2868642508983612,,,
1.0,0.0,0.3665847182273865,,,
1.0,0.0,0.4344848692417145,,,
1.0,0.0,0.4959786534309387,,,
0.0,0.0,0.35739248991012573,,,
0.0,0.0,0.37810537219047546,,,
1.0,1.0,0.7228671908378601,,,
1.0,1.0,0.9266777634620667,,,
0.0,0.0,0.3402470350265503,,,
0.0,0.0,0.21399322152137756,,,
0.0,0.0,0.3507578372955322,,,
0.0,0.0,0.35415220260620117,,,
0.0,0.0,0.3094337284564972,,,
0.0,0.0,0.250460684299469,,,
0.0,0.0,0.2633463740348816,,,
1.0,1.0,0.787911593914032,,,
0.0,0.0,0.45420634746551514,,,
0.0,0.0,0.39560210704803467,,,
0.0,0.0,0.43576115369796753,,,
1.0,1.0,0.5440549254417419,,,
1.0,1.0,0.8632093667984009,,,
0.0,0.0,0.32670167088508606,,,
0.0,0.0,0.26266878843307495,,,
1.0,1.0,0.7299920320510864,,,
1.0,1.0,0.6006025075912476,,,
1.0,0.0,0.48127076029777527,,,
1.0,1.0,0.7739571928977966,,,
1.0,1.0,0.5504004955291748,,,
1.0,0.0,0.31238505244255066,,,
1.0,1.0,0.634756863117218,,,
1.0,1.0,0.854831874370575,,,
0.0,0.0,0.28260326385498047,,,
0.0,0.0,0.2322189062833786,,,
0.0,0.0,0.4602065980434418,,,
0.0,0.0,0.28403785824775696,,,
0.0,0.0,0.40287747979164124,,,
1.0,1.0,0.5957492589950562,,,
0.0,0.0,0.3230789005756378,,,
0.0,0.0,0.4639941155910492,,,
1.0,1.0,0.8463183641433716,,,
1.0,1.0,0.7025143504142761,,,
0.0,0.0,0.4078730344772339,,,
0.0,0.0,0.39504149556159973,,,
1.0,0.0,0.4252494275569916,,,
0.0,0.0,0.24573878943920135,,,
0.0,0.0,0.38920360803604126,,,
1.0,1.0,0.5257247686386108,,,
1.0,1.0,0.8535886406898499,,,
0.0,0.0,0.47901859879493713,,,
1.0,1.0,0.5417773723602295,,,
0.0,0.0,0.3534890413284302,,,
1.0,0.0,0.42973458766937256,,,
0.0,0.0,0.37197455763816833,,,
1.0,1.0,0.7693313956260681,,,
1.0,1.0,0.5998752117156982,,,
0.0,1.0,0.5461953282356262,,,
0.0,1.0,0.5971524715423584,,,
0.0,0.0,0.37471070885658264,,,
1.0,1.0,0.8623818159103394,,,
0.0,0.0,0.33911970257759094,,,
0.0,0.0,0.2574808597564697,,,
1.0,1.0,0.7581799626350403,,,
0.0,0.0,0.2164863497018814,,,
0.0,0.0,0.368094265460968,,,
1.0,0.0,0.4515019357204437,,,
0.0,0.0,0.3939116299152374,,,
1.0,0.0,0.38172632455825806,,,
0.0,0.0,0.24015136063098907,,,
0.0,1.0,0.5414661765098572,,,
1.0,1.0,0.5968711376190186,,,
1.0,0.0,0.3854818642139435,,,
1.0,1.0,0.750196099281311,,,
1.0,1.0,0.5403357148170471,,,
0.0,0.0,0.3098794221878052,,,
0.0,0.0,0.3193376362323761,,,
1.0,1.0,0.773773729801178,,,
0.0,0.0,0.4046799838542938,,,
1.0,1.0,0.6677315831184387,,,
1.0,1.0,0.5506691932678223,,,
1.0,1.0,0.7090075016021729,,,
0.0,0.0,0.22548797726631165,,,
0.0,0.0,0.44387561082839966,,,
0.0,1.0,0.5224013328552246,,,
1.0,0.0,0.42506641149520874,,,
0.0,0.0,0.43790245056152344,,,
0.0,0.0,0.22770333290100098,,,
0.0,0.0,0.4373400807380676,,,
0.0,0.0,0.2431786209344864,,,
0.0,0.0,0.32817989587783813,,,
1.0,1.0,0.7600677609443665,,,
0.0,0.0,0.39073553681373596,,,
1.0,1.0,0.8873022794723511,,,
0.0,0.0,0.3057954013347626,,,
0.0,0.0,0.36671558022499084,,,
0.0,0.0,0.35717153549194336,,,
0.0,0.0,0.4027007520198822,,,
1.0,1.0,0.8307098150253296,,,
1.0,0.0,0.4744895100593567,,,
1.0,1.0,0.6516103148460388,,,
0.0,0.0,0.3793904781341553,,,
1.0,0.0,0.4372916519641876,,,
1.0,1.0,0.8084083199501038,,,
1.0,1.0,0.7704319357872009,,,
0.0,0.0,0.4607156813144684,,,
0.0,0.0,0.47373053431510925,,,
1.0,0.0,0.45910879969596863,,,
0.0,0.0,0.1616452932357788,,,
0.0,0.0,0.3288455903530121,,,
0.0,0.0,0.30496904253959656,,,
1.0,1.0,0.6558685302734375,,,
0.0,0.0,0.39228761196136475,,,
1.0,1.0,0.6527978777885437,,,
0.0,0.0,0.40148207545280457,,,
1.0,0.0,0.42821139097213745,,,
1.0,1.0,0.7692291736602783,,,
1.0,1.0,0.5051454901695251,,,
1.0,1.0,0.613764226436615,,,
0.0,1.0,0.5633766651153564,,,
1.0,1.0,0.6995248198509216,,,
0.0,0.0,0.3326951861381531,,,
0.0,1.0,0.5042809844017029,,,
0.0,0.0,0.48433148860931396,,,
1.0,0.0,0.3893379867076874,,,
0.0,0.0,0.16770900785923004,,,
1.0,1.0,0.7123211026191711,,,
0.0,0.0,0.3385430574417114,,,
0.0,0.0,0.31588900089263916,,,
0.0,0.0,0.4717648923397064,,,
1.0,0.0,0.44276973605155945,,,
1.0,1.0,0.6315773725509644,,,
1.0,1.0,0.7065691351890564,,,
1.0,1.0,0.7075064778327942,,,
1.0,0.0,0.4398943781852722,,,
1.0,0.0,0.4237385094165802,,,
1.0,1.0,0.7547135353088379,,,
0.0,1.0,0.5143104791641235,,,
1.0,0.0,0.447496622800827,,,
0.0,0.0,0.44967374205589294,,,
0.0,0.0,0.32351309061050415,,,
0.0,0.0,0.3297124207019806,,,
0.0,0.0,0.30039364099502563,,,
1.0,0.0,0.22860097885131836,,,
1.0,1.0,0.8227843642234802,,,
0.0,1.0,0.6605139970779419,,,
0.0,0.0,0.2649599611759186,,,
0.0,0.0,0.24571114778518677,,,
0.0,0.0,0.2909963130950928,,,
1.0,1.0,0.6032723784446716,,,
1.0,1.0,0.6357129216194153,,,
0.0,0.0,0.38045036792755127,,,
1.0,0.0,0.35415220260620117,,,
1.0,0.0,0.33078238368034363,,,
0.0,1.0,0.588130533695221,,,
0.0,0.0,0.407335102558136,,,
0.0,0.0,0.20021025836467743,,,
0.0,0.0,0.28233858942985535,,,
0.0,0.0,0.3614808917045593,,,
0.0,0.0,0.31791427731513977,,,
1.0,0.0,0.3394937813282013,,,
0.0,0.0,0.30343854427337646,,,
0.0,0.0,0.46875789761543274,,,
0.0,0.0,0.4835583567619324,,,
0.0,0.0,0.1873486042022705,,,
0.0,0.0,0.3699110746383667,,,
0.0,0.0,0.41428518295288086,,,
0.0,0.0,0.3044185936450958,,,
0.0,0.0,0.3043345808982849,,,
1.0,0.0,0.40689295530319214,,,
0.0,0.0,0.34739091992378235,,,
1.0,1.0,0.9072291254997253,,,
0.0,0.0,0.28427231311798096,,,
0.0,0.0,0.3532869517803192,,,
0.0,0.0,0.2749800682067871,,,
1.0,1.0,0.754853367805481,,,
0.0,0.0,0.2707453966140747,,,
1.0,1.0,0.6993786692619324,,,
0.0,0.0,0.4208774268627167,,,
1.0,1.0,0.5066695213317871,,,
1.0,0.0,0.48457086086273193,,,
1.0,1.0,0.6839070916175842,,,
1.0,1.0,0.5830231308937073,,,
1.0,1.0,0.6015154123306274,,,
0.0,0.0,0.4386827051639557,,,
1.0,1.0,0.5245457887649536,,,
0.0,1.0,0.532052755355835,,,
1.0,1.0,0.5915193557739258,,,
0.0,0.0,0.3518984913825989,,,
0.0,0.0,0.3437175452709198,,,
1.0,0.0,0.4077790081501007,,,
1.0,1.0,0.9126903414726257,,,
0.0,0.0,0.24995119869709015,,,
0.0,0.0,0.3411434590816498,,,
1.0,0.0,0.29014429450035095,,,
1.0,1.0,0.9375779032707214,,,
0.0,0.0,0.2682923674583435,,,
0.0,0.0,0.3333614766597748,,,
1.0,0.0,0.4651636779308319,,,
1.0,1.0,0.8463183641433716,,,
1.0,1.0,0.78321772813797,,,
0.0,0.0,0.3672473728656769,,,
0.0,0.0,0.32017871737480164,,,
0.0,0.0,0.35821497440338135,,,
0.0,0.0,0.3225008249282837,,,
0.0,0.0,0.3477742671966553,,,
0.0,0.0,0.44812363386154175,,,
1.0,1.0,0.5119525790214539,,,
0.0,0.0,0.3717330992221832,,,
0.0,0.0,0.17021861672401428,,,
0.0,0.0,0.26907238364219666,,,
0.0,0.0,0.4233919382095337,,,
0.0,0.0,0.36754870414733887,,,
1.0,0.0,0.3868182897567749,,,
0.0,1.0,0.5458579063415527,,,
0.0,0.0,0.26077431440353394,,,
1.0,0.0,0.445716917514801,,,
1.0,1.0,0.684549868106842,,,
1.0,1.0,0.6869370341300964,,,
0.0,0.0,0.31281837821006775,,,
0.0,0.0,0.3853854238986969,,,
0.0,0.0,0.43324682116508484,,,
1.0,1.0,0.8192977905273438,,,
1.0,0.0,0.4895099103450775,,,
0.0,0.0,0.3097745478153229,,,
1.0,0.0,0.4445614218711853,,,
1.0,1.0,0.5221366286277771,,,
0.0,0.0,0.37140586972236633,,,
0.0,0.0,0.32791247963905334,,,
1.0,0.0,0.46182379126548767,,,
0.0,0.0,0.3495194911956787,,,
0.0,0.0,0.3626609146595001,,,
1.0,1.0,0.6321762800216675,,,
0.0,0.0,0.4213658273220062,,,
1.0,0.0,0.4518291652202606,,,
1.0,1.0,0.566000759601593,,,
0.0,0.0,0.2684277296066284,,,
0.0,0.0,0.14830465614795685,,,
0.0,0.0,0.30170705914497375,,,
1.0,1.0,0.7324652671813965,,,
0.0,0.0,0.2935304343700409,,,
0.0,0.0,0.456977903842926,,,
0.0,0.0,0.2931153178215027,,,
0.0,0.0,0.3122335970401764,,,
1.0,1.0,0.6086979508399963,,,
0.0,0.0,0.20741569995880127,,,
0.0,0.0,0.3550470769405365,,,
0.0,0.0,0.353659063577652,,,
0.0,0.0,0.46849170327186584,,,
1.0,1.0,0.6118373274803162,,,
0.0,0.0,0.24597547948360443,,,
0.0,1.0,0.5202410221099854,,,
1.0,1.0,0.5298417210578918,,,
0.0,0.0,0.33847546577453613,,,
0.0,0.0,0.41661161184310913,,,
1.0,1.0,0.5062053203582764,,,
1.0,1.0,0.7148913741111755,,,
0.0,0.0,0.48759302496910095,,,
0.0,1.0,0.5893400311470032,,,
0.0,0.0,0.2546234726905823,,,
0.0,0.0,0.41228029131889343,,,
1.0,1.0,0.7481520175933838,,,
1.0,1.0,0.5110512971878052,,,
0.0,0.0,0.2962869703769684,,,
0.0,0.0,0.2997712194919586,,,
0.0,0.0,0.4883759915828705,,,
0.0,0.0,0.45196616649627686,,,
1.0,1.0,0.7036810517311096,,,
1.0,1.0,0.565290629863739,,,
0.0,0.0,0.22770333290100098,,,
0.0,0.0,0.317719042301178,,,
1.0,1.0,0.788048267364502,,,
0.0,1.0,0.5649178624153137,,,
1.0,0.0,0.43422558903694153,,,
0.0,0.0,0.3354993462562561,,,
1.0,1.0,0.8493865728378296,,,
1.0,1.0,0.632776141166687,,,
1.0,0.0,0.3611074984073639,,,
0.0,0.0,0.3485739529132843,,,
0.0,0.0,0.3843977749347687,,,
0.0,0.0,0.42589661478996277,,,
0.0,0.0,0.39712029695510864,,,
0.0,1.0,0.5182453393936157,,,
1.0,1.0,0.6840324997901917,,,
1.0,1.0,0.549758791923523,,,
0.0,0.0,0.16533631086349487,,,
0.0,0.0,0.3896833062171936,,,
1.0,0.0,0.3926994204521179,,,
1.0,1.0,0.5966953039169312,,,
1.0,1.0,0.796149730682373,,,
0.0,0.0,0.2012241631746292,,,
1.0,1.0,0.7220258712768555,,,
1.0,1.0,0.8126825094223022,,,
0.0,0.0,0.2759387195110321,,,
1.0,1.0,0.5665555000305176,,,
0.0,0.0,0.4092327356338501,,,
0.0,0.0,0.26363348960876465,,,
1.0,0.0,0.4292924404144287,,,
1.0,1.0,0.5366554856300354,,,
0.0,0.0,0.42589420080184937,,,
0.0,0.0,0.384101927280426,,,
1.0,1.0,0.6956357955932617,,,
1.0,1.0,0.6723390817642212,,,
0.0,0.0,0.34254735708236694,,,
1.0,0.0,0.3938792049884796,,,
0.0,0.0,0.3288528025150299,,,
0.0,0.0,0.3350057005882263,,,
0.0,0.0,0.18441236019134521,,,
0.0,0.0,0.4148021936416626,,,
1.0,1.0,0.9357999563217163,,,
0.0,0.0,0.22180551290512085,,,
0.0,1.0,0.5121247172355652,,,
0.0,0.0,0.30296069383621216,,,
1.0,0.0,0.36597058176994324,,,
1.0,1.0,0.6555213928222656,,,
1.0,1.0,0.5510119199752808,,,
1.0,0.0,0.41478243470191956,,,
0.0,0.0,0.4167076349258423,,,
1.0,1.0,0.5343992114067078,,,
1.0,1.0,0.8927165269851685,,,
1.0,1.0,0.6588782668113708,,,
0.0,0.0,0.31838858127593994,,,
1.0,1.0,0.8846032023429871,,,
0.0,0.0,0.40360027551651,,,
1.0,0.0,0.2781483232975006,,,
0.0,0.0,0.35505643486976624,,,
0.0,0.0,0.30165427923202515,,,
0.0,1.0,0.5864284634590149,,,
0.0,0.0,0.22188769280910492,,,
0.0,0.0,0.31495201587677,,,
1.0,0.0,0.4335614740848541,,,
0.0,0.0,0.27258479595184326,,,
0.0,0.0,0.4440404176712036,,,
1.0,0.0,0.3381408154964447,,,
1.0,1.0,0.7825962901115417,,,
0.0,0.0,0.2009921818971634,,,
1.0,1.0,0.7849634885787964,,,
0.0,0.0,0.3644651770591736,,,
0.0,0.0,0.272542268037796,,,
0.0,0.0,0.36100274324417114,,,
0.0,0.0,0.4184860587120056,,,
0.0,0.0,0.37184634804725647,,,
1.0,1.0,0.556415855884552,,,
1.0,1.0,0.9087763428688049,,,
1.0,1.0,0.8343067169189453,,,
1.0,0.0,0.3481570780277252,,,
0.0,0.0,0.48016372323036194,,,
0.0,0.0,0.32448023557662964,,,
0.0,0.0,0.3011937737464905,,,
0.0,0.0,0.3757972717285156,,,
0.0,0.0,0.41957464814186096,,,
1.0,1.0,0.6278563141822815,,,
1.0,0.0,0.4758206605911255,,,
0.0,0.0,0.3769470453262329,,,
1.0,1.0,0.5138935446739197,,,
0.0,0.0,0.30455854535102844,,,
0.0,0.0,0.44848525524139404,,,
1.0,1.0,0.7267000079154968,,,
0.0,1.0,0.5584623217582703,,,
1.0,1.0,0.8239748477935791,,,
0.0,0.0,0.24057522416114807,,,
0.0,0.0,0.4758053421974182,,,
1.0,0.0,0.3348881006240845,,,
1.0,1.0,0.7367082834243774,,,
0.0,0.0,0.34751012921333313,,,
0.0,0.0,0.42345961928367615,,,
0.0,0.0,0.29486697912216187,,,
1.0,1.0,0.5981188416481018,,,
1.0,1.0,0.717553436756134,,,
1.0,1.0,0.9415028691291809,,,
0.0,1.0,0.5100995302200317,,,
0.0,0.0,0.1798120141029358,,,
0.0,0.0,0.38866522908210754,,,
1.0,1.0,0.6307995915412903,,,
0.0,0.0,0.29066503047943115,,,
0.0,0.0,0.48329147696495056,,,
1.0,1.0,0.8470346927642822,,,
0.0,0.0,0.2633115351200104,,,
1.0,1.0,0.8575264811515808,,,
1.0,1.0,0.6900073289871216,,,
0.0,0.0,0.3355471193790436,,,
1.0,0.0,0.46513357758522034,,,
1.0,1.0,0.6393275856971741,,,
1.0,1.0,0.8315304517745972,,,
0.0,0.0,0.21170632541179657,,,
0.0,0.0,0.36172595620155334,,,
0.0,0.0,0.3733949065208435,,,
1.0,1.0,0.6932287216186523,,,
0.0,0.0,0.3039356768131256,,,
0.0,0.0,0.38145896792411804,,,
1.0,0.0,0.4490172266960144,,,
0.0,1.0,0.596402645111084,,,
0.0,0.0,0.4080768823623657,,,
0.0,0.0,0.24161916971206665,,,
1.0,1.0,0.5058689713478088,,,
0.0,0.0,0.18636439740657806,,,
1.0,1.0,0.7580423951148987,,,
1.0,0.0,0.45482417941093445,,,
1.0,1.0,0.7721096873283386,,,
1.0,0.0,0.3415340483188629,,,
1.0,1.0,0.8593632578849792,,,
0.0,1.0,0.5238691568374634,,,
1.0,1.0,0.6177628636360168,,,
1.0,1.0,0.8253533244132996,,,
1.0,1.0,0.7179420590400696,,,
0.0,1.0,0.5819597244262695,,,
1.0,0.0,0.4585736095905304,,,
1.0,0.0,0.40649232268333435,,,
0.0,0.0,0.27088096737861633,,,
0.0,1.0,0.527144193649292,,,
1.0,0.0,0.34770500659942627,,,
1.0,1.0,0.5915193557739258,,,
0.0,0.0,0.26216408610343933,,,
1.0,1.0,0.8870635032653809,,,
0.0,0.0,0.2877163887023926,,,
1.0,1.0,0.7901475429534912,,,
0.0,0.0,0.33034002780914307,,,
1.0,1.0,0.9515560865402222,,,
0.0,0.0,0.2758839428424835,,,
0.0,1.0,0.5506981611251831,,,
1.0,1.0,0.9030742645263672,,,
0.0,0.0,0.39290064573287964,,,
1.0,1.0,0.9169151186943054,,,
1.0,1.0,0.6682202816009521,,,
1.0,0.0,0.4700784385204315,,,
1.0,1.0,0.5783873200416565,,,
0.0,0.0,0.20719847083091736,,,
1.0,1.0,0.6447541117668152,,,
0.0,0.0,0.34696635603904724,,,
1.0,1.0,0.6072648167610168,,,
0.0,0.0,0.3242802917957306,,,
0.0,0.0,0.24817655980587006,,,
1.0,1.0,0.7549372911453247,,,
0.0,0.0,0.20445877313613892,,,
1.0,0.0,0.4189656376838684,,,
1.0,0.0,0.4989655017852783,,,
1.0,0.0,0.4716426432132721,,,
0.0,1.0,0.6255937814712524,,,
1.0,1.0,0.7889299988746643,,,
1.0,1.0,0.6778057217597961,,,
1.0,1.0,0.7377898693084717,,,
1.0,0.0,0.45287466049194336,,,
0.0,0.0,0.35452523827552795,,,
0.0,0.0,0.2718866467475891,,,
0.0,0.0,0.29199105501174927,,,
1.0,1.0,0.5257381796836853,,,
0.0,0.0,0.3565308749675751,,,
0.0,0.0,0.3569202721118927,,,
1.0,0.0,0.4350372850894928,,,
1.0,0.0,0.4478171765804291,,,
0.0,0.0,0.3957782983779907,,,
1.0,1.0,0.7662220597267151,,,
1.0,0.0,0.49060261249542236,,,
0.0,1.0,0.5575822591781616,,,
1.0,1.0,0.8199120759963989,,,
1.0,0.0,0.40969717502593994,,,
0.0,0.0,0.4641168713569641,,,
0.0,0.0,0.2741607129573822,,,
1.0,1.0,0.800929605960846,,,
0.0,0.0,0.3292267620563507,,,
0.0,0.0,0.23629727959632874,,,
1.0,1.0,0.8317699432373047,,,
0.0,0.0,0.45207294821739197,,,
0.0,0.0,0.4552028775215149,,,
0.0,0.0,0.3669458329677582,,,
0.0,0.0,0.49034392833709717,,,
1.0,0.0,0.4850105047225952,,,
0.0,1.0,0.5757518410682678,,,
1.0,0.0,0.20210610330104828,,,
0.0,0.0,0.36970779299736023,,,
1.0,0.0,0.36636677384376526,,,
0.0,0.0,0.2740796208381653,,,
1.0,1.0,0.765227198600769,,,
1.0,1.0,0.7233645915985107,,,
0.0,1.0,0.5672270059585571,,,
0.0,0.0,0.3376620411872864,,,
1.0,1.0,0.6918280720710754,,,
1.0,1.0,0.5315237641334534,,,
0.0,0.0,0.31414568424224854,,,
1.0,1.0,0.9128301739692688,,,
0.0,0.0,0.3115735650062561,,,
1.0,1.0,0.6370905041694641,,,
1.0,1.0,0.83794766664505,,,
1.0,1.0,0.6829668283462524,,,
0.0,0.0,0.3728853464126587,,,
1.0,1.0,0.5810214281082153,,,
1.0,1.0,0.5069360733032227,,,
1.0,1.0,0.6848819851875305,,,
1.0,1.0,0.652768611907959,,,
0.0,0.0,0.24083320796489716,,,
0.0,0.0,0.33906784653663635,,,
1.0,1.0,0.907619297504425,,,
1.0,0.0,0.3462725281715393,,,
0.0,0.0,0.3122138977050781,,,
1.0,1.0,0.860725998878479,,,
0.0,0.0,0.24487315118312836,,,
1.0,1.0,0.8925299644470215,,,
0.0,0.0,0.39625030755996704,,,
0.0,0.0,0.35266679525375366,,,
1.0,1.0,0.6255720257759094,,,
0.0,0.0,0.35762402415275574,,,
1.0,1.0,0.5702555775642395,,,
0.0,1.0,0.5671655535697937,,,
0.0,1.0,0.8343172669410706,,,
0.0,0.0,0.4976339638233185,,,
0.0,1.0,0.5491970181465149,,,
0.0,0.0,0.44779717922210693,,,
1.0,1.0,0.6258535385131836,,,
0.0,0.0,0.3456019461154938,,,
0.0,0.0,0.28880393505096436,,,
0.0,0.0,0.42107054591178894,,,
1.0,0.0,0.2537013590335846,,,
1.0,1.0,0.8632093667984009,,,
0.0,1.0,0.5755786895751953,,,
1.0,1.0,0.7995589375495911,,,
0.0,0.0,0.42915594577789307,,,
0.0,0.0,0.3164101839065552,,,
0.0,0.0,0.16592644155025482,,,
0.0,1.0,0.5043264627456665,,,
1.0,0.0,0.2951675057411194,,,
0.0,0.0,0.2872205078601837,,,
1.0,1.0,0.7857305407524109,,,
1.0,1.0,0.8960041999816895,,,
1.0,0.0,0.3195788264274597,,,
0.0,0.0,0.31878364086151123,,,
0.0,0.0,0.36400869488716125,,,
1.0,0.0,0.45848527550697327,,,
1.0,1.0,0.711239755153656,,,
1.0,1.0,0.6992948651313782,,,
0.0,0.0,0.28598812222480774,,,
0.0,1.0,0.857125997543335,,,
0.0,0.0,0.45668134093284607,,,
1.0,1.0,0.6077507734298706,,,
0.0,1.0,0.5339176058769226,,,
1.0,0.0,0.48657751083374023,,,
0.0,1.0,0.522865891456604,,,
1.0,1.0,0.6126595735549927,,,
0.0,0.0,0.31197965145111084,,,
1.0,0.0,0.3406618535518646,,,
0.0,0.0,0.42912983894348145,,,
0.0,0.0,0.3425501585006714,,,
0.0,0.0,0.4737505316734314,,,
0.0,0.0,0.45308783650398254,,,
0.0,0.0,0.24485154449939728,,,
0.0,0.0,0.26095154881477356,,,
0.0,0.0,0.2699936032295227,,,
0.0,0.0,0.4776040017604828,,,
1.0,1.0,0.8398808240890503,,,
0.0,0.0,0.4680154621601105,,,
1.0,1.0,0.5406917333602905,,,
0.0,0.0,0.47730734944343567,,,
0.0,0.0,0.4758053421974182,,,
0.0,0.0,0.29930731654167175,,,
1.0,0.0,0.3442975580692291,,,
1.0,1.0,0.6495476365089417,,,
0.0,0.0,0.34482571482658386,,,
1.0,1.0,0.6133983731269836,,,
0.0,1.0,0.5080422163009644,,,
1.0,1.0,0.9002213478088379,,,
1.0,0.0,0.49201443791389465,,,
0.0,0.0,0.31590577960014343,,,
1.0,0.0,0.4917713403701782,,,
0.0,1.0,0.5314275622367859,,,
1.0,1.0,0.8044068217277527,,,
0.0,1.0,0.7078770995140076,,,
0.0,0.0,0.1893315613269806,,,
0.0,0.0,0.3705824315547943,,,
1.0,1.0,0.7325177192687988,,,
0.0,0.0,0.38593417406082153,,,
0.0,0.0,0.3678652048110962,,,
1.0,1.0,0.5282852053642273,,,
0.0,0.0,0.32090145349502563,,,
1.0,1.0,0.7050585150718689,,,
0.0,0.0,0.36491844058036804,,,
0.0,0.0,0.09096391499042511,,,
0.0,0.0,0.40299105644226074,,,
0.0,0.0,0.47382840514183044,,,
1.0,1.0,0.6832836866378784,,,
0.0,0.0,0.26790839433670044,,,
0.0,0.0,0.4082695245742798,,,
0.0,0.0,0.20939886569976807,,,
0.0,0.0,0.15518085658550262,,,
0.0,0.0,0.48366039991378784,,,
0.0,0.0,0.3223435580730438,,,
0.0,1.0,0.5807362198829651,,,
0.0,0.0,0.4336095154285431,,,
1.0,1.0,0.6680077910423279,,,
0.0,0.0,0.29658952355384827,,,
0.0,0.0,0.287428081035614,,,
1.0,1.0,0.705906867980957,,,
0.0,0.0,0.3939690589904785,,,
1.0,1.0,0.5522835850715637,,,
1.0,0.0,0.4507020115852356,,,
0.0,1.0,0.6839528679847717,,,
0.0,0.0,0.30084943771362305,,,
0.0,0.0,0.3197058141231537,,,
0.0,0.0,0.3232327103614807,,,
0.0,0.0,0.29214924573898315,,,
0.0,0.0,0.4668572247028351,,,
0.0,0.0,0.4380897879600525,,,
1.0,1.0,0.8453963994979858,,,
0.0,1.0,0.504380464553833,,,
1.0,1.0,0.7367082834243774,,,
0.0,0.0,0.22981365025043488,,,
0.0,0.0,0.41979435086250305,,,
0.0,0.0,0.2515442371368408,,,
0.0,0.0,0.2848225235939026,,,
0.0,0.0,0.34846705198287964,,,
1.0,1.0,0.59065842628479,,,
1.0,1.0,0.7546200752258301,,,
1.0,0.0,0.3462725281715393,,,
0.0,0.0,0.3109637498855591,,,
1.0,0.0,0.3420391082763672,,,
0.0,0.0,0.22409437596797943,,,
0.0,1.0,0.5396833419799805,,,
0.0,0.0,0.250354528427124,,,
1.0,0.0,0.4774179756641388,,,
0.0,0.0,0.31401848793029785,,,
0.0,0.0,0.457427442073822,,,
0.0,0.0,0.30424606800079346,,,
1.0,0.0,0.49482616782188416,,,
1.0,0.0,0.3854818642139435,,,
0.0,0.0,0.2686525881290436,,,
1.0,0.0,0.2796563506126404,,,
1.0,1.0,0.6322993636131287,,,
0.0,0.0,0.18980161845684052,,,
0.0,0.0,0.3750993311405182,,,
0.0,0.0,0.24895870685577393,,,
1.0,1.0,0.5373155474662781,,,
1.0,0.0,0.44860368967056274,,,
0.0,0.0,0.3228302597999573,,,
1.0,1.0,0.765795111656189,,,
1.0,1.0,0.8453322649002075,,,
0.0,1.0,0.5914539694786072,,,
0.0,0.0,0.440304160118103,,,
0.0,1.0,0.7299920320510864,,,
0.0,0.0,0.300302118062973,,,
1.0,0.0,0.4670676589012146,,,
1.0,1.0,0.7942026853561401,,,
1.0,0.0,0.33823907375335693,,,
0.0,1.0,0.5562546253204346,,,
1.0,1.0,0.5584623217582703,,,
1.0,0.0,0.46371063590049744,,,
1.0,1.0,0.6405742168426514,,,
1.0,0.0,0.2537822723388672,,,
1.0,0.0,0.40811455249786377,,,
1.0,1.0,0.7448014616966248,,,
1.0,1.0,0.6848819851875305,,,
0.0,0.0,0.26703080534935,,,
0.0,0.0,0.43064960837364197,,,
0.0,0.0,0.23522450029850006,,,
1.0,1.0,0.9233748316764832,,,
1.0,0.0,0.4605899155139923,,,
1.0,1.0,0.6536386609077454,,,
0.0,0.0,0.4670676589012146,,,
0.0,1.0,0.5683916211128235,,,
0.0,0.0,0.3918724060058594,,,
0.0,0.0,0.2840757966041565,,,
0.0,1.0,0.5306536555290222,,,
1.0,1.0,0.7549719214439392,,,
0.0,1.0,0.5049349069595337,,,
1.0,1.0,0.7744330763816833,,,
1.0,1.0,0.5724961161613464,,,
1.0,1.0,0.6431214809417725,,,
0.0,0.0,0.3301375210285187,,,
0.0,0.0,0.27774375677108765,,,
1.0,1.0,0.5307204127311707,,,
1.0,1.0,0.6511127948760986,,,
1.0,1.0,0.8312124013900757,,,
1.0,0.0,0.4339628517627716,,,
1.0,0.0,0.4823524057865143,,,
1.0,1.0,0.8273029923439026,,,
1.0,1.0,0.8691360950469971,,,
1.0,1.0,0.6990665197372437,,,
1.0,1.0,0.6364158987998962,,,
1.0,1.0,0.8531394600868225,,,
0.0,0.0,0.2954264283180237,,,
1.0,0.0,0.3556833267211914,,,
1.0,1.0,0.6942269802093506,,,
1.0,0.0,0.3927046060562134,,,
1.0,1.0,0.8665311336517334,,,
0.0,0.0,0.31519433856010437,,,
1.0,1.0,0.7738010287284851,,,
0.0,0.0,0.26887595653533936,,,
0.0,0.0,0.3835750222206116,,,
1.0,0.0,0.4945911467075348,,,
1.0,1.0,0.8234982490539551,,,
0.0,0.0,0.40946221351623535,,,
1.0,0.0,0.40266236662864685,,,
1.0,0.0,0.3855590522289276,,,
0.0,0.0,0.37326452136039734,,,
0.0,0.0,0.37330198287963867,,,
0.0,0.0,0.2173750102519989,,,
0.0,0.0,0.38257744908332825,,,
0.0,0.0,0.4180701971054077,,,
0.0,0.0,0.4331132769584656,,,
0.0,0.0,0.2615385949611664,,,
1.0,0.0,0.4767703413963318,,,
1.0,1.0,0.7563452124595642,,,
0.0,0.0,0.20445877313613892,,,
0.0,0.0,0.4017708897590637,,,
1.0,0.0,0.40278899669647217,,,
1.0,1.0,0.6115645170211792,,,
0.0,0.0,0.3387664258480072,,,
0.0,0.0,0.22844134271144867,,,
1.0,1.0,0.7948858141899109,,,
1.0,1.0,0.6357755064964294,,,
0.0,0.0,0.2702161967754364,,,
0.0,0.0,0.3954162299633026,,,
1.0,1.0,0.7778407335281372,,,
1.0,0.0,0.4799688756465912,,,
0.0,0.0,0.24015136063098907,,,
0.0,0.0,0.2835523784160614,,,
1.0,0.0,0.43626391887664795,,,
1.0,0.0,0.475411593914032,,,
0.0,0.0,0.3012639582157135,,,
0.0,0.0,0.3418009877204895,,,
1.0,1.0,0.684549868106842,,,
1.0,1.0,0.6999459862709045,,,
0.0,0.0,0.47240057587623596,,,
1.0,1.0,0.7731020450592041,,,
1.0,0.0,0.35746923089027405,,,
1.0,0.0,0.46200793981552124,,,
1.0,0.0,0.2793296277523041,,,
0.0,0.0,0.30508163571357727,,,
1.0,1.0,0.7867887020111084,,,
1.0,0.0,0.4413638114929199,,,
1.0,0.0,0.4867747128009796,,,
1.0,1.0,0.8785452842712402,,,
0.0,0.0,0.3201746642589569,,,
1.0,0.0,0.4624617099761963,,,
1.0,0.0,0.3524737060070038,,,
0.0,0.0,0.44987669587135315,,,
1.0,0.0,0.34856903553009033,,,
0.0,0.0,0.4434308707714081,,,
1.0,1.0,0.7599467039108276,,,
0.0,0.0,0.3847358524799347,,,
1.0,1.0,0.8395407199859619,,,
0.0,0.0,0.4297441840171814,,,
0.0,0.0,0.19899384677410126,,,
0.0,0.0,0.3378925919532776,,,
0.0,0.0,0.4647115170955658,,,
0.0,0.0,0.45945268869400024,,,
0.0,0.0,0.3749310374259949,,,
1.0,1.0,0.6674159169197083,,,
1.0,1.0,0.6628983020782471,,,
1.0,1.0,0.725272536277771,,,
0.0,0.0,0.4500928819179535,,,
0.0,0.0,0.29319626092910767,,,
0.0,0.0,0.33627545833587646,,,
1.0,1.0,0.531796932220459,,,
0.0,0.0,0.24532201886177063,,,
0.0,0.0,0.44846221804618835,,,
0.0,1.0,0.5088693499565125,,,
1.0,1.0,0.7194076776504517,,,
0.0,0.0,0.3405238091945648,,,
0.0,0.0,0.44387561082839966,,,
0.0,1.0,0.5597499012947083,,,
0.0,0.0,0.282951295375824,,,
1.0,1.0,0.7115485072135925,,,
1.0,0.0,0.3354116678237915,,,
0.0,0.0,0.42060554027557373,,,
1.0,1.0,0.6369544863700867,,,
1.0,1.0,0.7054908871650696,,,
1.0,0.0,0.27145448327064514,,,
0.0,0.0,0.375200480222702,,,
0.0,0.0,0.22114625573158264,,,
1.0,1.0,0.6323145031929016,,,
0.0,0.0,0.29016566276550293,,,
1.0,1.0,0.8036491274833679,,,
1.0,1.0,0.838297963142395,,,
1.0,0.0,0.32614022493362427,,,
0.0,0.0,0.3898308277130127,,,
1.0,0.0,0.46743035316467285,,,
1.0,1.0,0.6027912497520447,,,
0.0,0.0,0.29215919971466064,,,
0.0,0.0,0.3206906318664551,,,
1.0,1.0,0.7950780987739563,,,
0.0,0.0,0.4103418290615082,,,
1.0,0.0,0.37641969323158264,,,
1.0,0.0,0.33834391832351685,,,
1.0,1.0,0.5820584297180176,,,
0.0,0.0,0.3952135443687439,,,
1.0,1.0,0.5171886682510376,,,
1.0,1.0,0.8260172009468079,,,
0.0,0.0,0.3094048798084259,,,
1.0,1.0,0.6516103148460388,,,
1.0,0.0,0.4751829504966736,,,
1.0,0.0,0.3269824683666229,,,
0.0,0.0,0.42261385917663574,,,
1.0,0.0,0.36437496542930603,,,
0.0,0.0,0.38000214099884033,,,
0.0,0.0,0.2237357646226883,,,
1.0,1.0,0.8751561641693115,,,
0.0,0.0,0.27003392577171326,,,
0.0,0.0,0.20783044397830963,,,
0.0,0.0,0.2784460186958313,,,
0.0,0.0,0.48642632365226746,,,
1.0,0.0,0.45570439100265503,,,
1.0,1.0,0.6756311058998108,,,
1.0,1.0,0.7820010185241699,,,
1.0,1.0,0.654564380645752,,,
0.0,1.0,0.5011566877365112,,,
0.0,0.0,0.3234703540802002,,,
0.0,0.0,0.3633508086204529,,,
1.0,1.0,0.8134152293205261,,,
0.0,0.0,0.38344606757164,,,
1.0,1.0,0.5315321087837219,,,
0.0,1.0,0.510345995426178,,,
0.0,0.0,0.31401848793029785,,,
1.0,0.0,0.3344709873199463,,,
1.0,0.0,0.31042033433914185,,,
1.0,1.0,0.7589807510375977,,,
1.0,0.0,0.4444545805454254,,,
0.0,0.0,0.36329981684684753,,,
1.0,0.0,0.35367918014526367,,,
0.0,0.0,0.3835750222206116,,,
0.0,0.0,0.15200720727443695,,,
0.0,0.0,0.3447318971157074,,,
1.0,0.0,0.29860764741897583,,,
1.0,1.0,0.5901081562042236,,,
0.0,0.0,0.30152276158332825,,,
0.0,0.0,0.19310246407985687,,,
0.0,0.0,0.34749889373779297,,,
1.0,1.0,0.7035643458366394,,,
1.0,1.0,0.6757503151893616,,,
0.0,0.0,0.2545890510082245,,,
0.0,0.0,0.41454899311065674,,,
1.0,1.0,0.777833104133606,,,
1.0,0.0,0.43012741208076477,,,
0.0,0.0,0.35059523582458496,,,
0.0,0.0,0.3201028108596802,,,
1.0,1.0,0.5064247250556946,,,
0.0,0.0,0.3189491033554077,,,
1.0,1.0,0.7065691351890564,,,
0.0,0.0,0.33048126101493835,,,
0.0,0.0,0.3197053074836731,,,
0.0,0.0,0.3445414900779724,,,
1.0,0.0,0.46136239171028137,,,
1.0,0.0,0.4579314589500427,,,
0.0,0.0,0.35156574845314026,,,
1.0,0.0,0.34791314601898193,,,
1.0,1.0,0.7818540334701538,,,
0.0,0.0,0.3888235092163086,,,
1.0,0.0,0.4792096018791199,,,
1.0,1.0,0.5897009372711182,,,
1.0,1.0,0.7239139676094055,,,
0.0,0.0,0.22490859031677246,,,
0.0,0.0,0.3073246479034424,,,
0.0,1.0,0.5373659133911133,,,
1.0,1.0,0.6385977268218994,,,
1.0,1.0,0.7549703121185303,,,
1.0,1.0,0.8031432628631592,,,
0.0,0.0,0.2812954783439636,,,
0.0,0.0,0.36639630794525146,,,
1.0,0.0,0.3562283515930176,,,
1.0,1.0,0.822728157043457,,,
0.0,0.0,0.44529595971107483,,,
1.0,1.0,0.7343171834945679,,,
0.0,0.0,0.30498209595680237,,,
0.0,0.0,0.36709287762641907,,,
1.0,1.0,0.6466377377510071,,,
1.0,1.0,0.6977347135543823,,,
1.0,1.0,0.8457409143447876,,,
1.0,1.0,0.570024847984314,,,
0.0,0.0,0.3156816363334656,,,
0.0,0.0,0.46375396847724915,,,
0.0,0.0,0.3557058870792389,,,
1.0,1.0,0.6947590708732605,,,
1.0,1.0,0.578707218170166,,,
0.0,0.0,0.3267289400100708,,,
1.0,0.0,0.4579314589500427,,,
0.0,0.0,0.404382586479187,,,
0.0,0.0,0.15553024411201477,,,
1.0,0.0,0.35454684495925903,,,
0.0,0.0,0.36147764325141907,,,
0.0,0.0,0.4753648638725281,,,
0.0,0.0,0.2972097396850586,,,
0.0,0.0,0.3885236084461212,,,
0.0,0.0,0.3833117187023163,,,
0.0,0.0,0.4432842433452606,,,
0.0,1.0,0.5133334398269653,,,
0.0,0.0,0.23467907309532166,,,
0.0,0.0,0.357511043548584,,,
1.0,1.0,0.7311667799949646,,,
1.0,1.0,0.7189136743545532,,,
1.0,1.0,0.8493745923042297,,,
1.0,1.0,0.5574250221252441,,,
0.0,0.0,0.411969393491745,,,
0.0,1.0,0.6249946355819702,,,
1.0,0.0,0.3385280668735504,,,
1.0,1.0,0.6874014735221863,,,
0.0,0.0,0.3529658913612366,,,
0.0,0.0,0.3583797514438629,,,
0.0,0.0,0.45623376965522766,,,
0.0,0.0,0.4102543890476227,,,
0.0,0.0,0.3394103944301605,,,
1.0,0.0,0.462259978055954,,,
0.0,0.0,0.3554220497608185,,,
0.0,0.0,0.23155438899993896,,,
0.0,0.0,0.3169897198677063,,,
0.0,0.0,0.3114742934703827,,,
0.0,0.0,0.34497833251953125,,,
0.0,0.0,0.4513063430786133,,,
1.0,1.0,0.792879581451416,,,
1.0,0.0,0.3963233232498169,,,
0.0,0.0,0.4210090935230255,,,
0.0,0.0,0.48740315437316895,,,
1.0,1.0,0.7975881099700928,,,
1.0,0.0,0.39527052640914917,,,
1.0,1.0,0.5209218859672546,,,
0.0,0.0,0.2801097631454468,,,
0.0,0.0,0.3894501328468323,,,
1.0,1.0,0.8246273994445801,,,
1.0,0.0,0.4940475821495056,,,
1.0,0.0,0.49981606006622314,,,
0.0,0.0,0.3855608403682709,,,
0.0,1.0,0.6730858087539673,,,
0.0,0.0,0.38241347670555115,,,
1.0,1.0,0.5963588356971741,,,
1.0,1.0,0.741990864276886,,,
1.0,0.0,0.3084413707256317,,,
1.0,0.0,0.45226579904556274,,,
0.0,0.0,0.3916030526161194,,,
1.0,0.0,0.4223732352256775,,,
1.0,0.0,0.4641989469528198,,,
0.0,0.0,0.4568345546722412,,,
1.0,0.0,0.43741023540496826,,,
1.0,1.0,0.888847827911377,,,
1.0,1.0,0.5632075667381287,,,
1.0,0.0,0.4312440752983093,,,
1.0,0.0,0.3524737060070038,,,
1.0,1.0,0.5447238683700562,,,
0.0,0.0,0.37810537219047546,,,
1.0,1.0,0.9095953702926636,,,
0.0,0.0,0.409900426864624,,,
1.0,1.0,0.6930124759674072,,,
0.0,0.0,0.3401566743850708,,,
1.0,0.0,0.42127373814582825,,,
0.0,0.0,0.2036234736442566,,,
1.0,0.0,0.45668134093284607,,,
1.0,0.0,0.3794735074043274,,,
0.0,0.0,0.38287103176116943,,,
0.0,0.0,0.4787001311779022,,,
0.0,0.0,0.21266789734363556,,,
1.0,1.0,0.530868649482727,,,
1.0,0.0,0.3878190815448761,,,
1.0,1.0,0.7910941243171692,,,
0.0,0.0,0.2531668245792389,,,
1.0,0.0,0.23651038110256195,,,
1.0,1.0,0.8430859446525574,,,
1.0,1.0,0.7259577512741089,,,
0.0,0.0,0.22114625573158264,,,
1.0,1.0,0.9228814840316772,,,
1.0,0.0,0.438662052154541,,,
0.0,0.0,0.27327293157577515,,,
0.0,0.0,0.4446772038936615,,,
0.0,0.0,0.2625068724155426,,,
1.0,1.0,0.6445266008377075,,,
1.0,0.0,0.432150661945343,,,
1.0,0.0,0.33487093448638916,,,
1.0,1.0,0.6571506857872009,,,
0.0,0.0,0.371866911649704,,,
1.0,1.0,0.6186110973358154,,,
0.0,1.0,0.5569483637809753,,,
0.0,0.0,0.4614637494087219,,,
0.0,0.0,0.31579354405403137,,,
0.0,0.0,0.35110747814178467,,,
0.0,0.0,0.3429342210292816,,,
0.0,1.0,0.8086744546890259,,,
0.0,0.0,0.2742864787578583,,,
0.0,0.0,0.37225544452667236,,,
1.0,0.0,0.4130367636680603,,,
0.0,0.0,0.29969096183776855,,,
0.0,0.0,0.3017166554927826,,,
1.0,1.0,0.8879386782646179,,,
0.0,0.0,0.4802711009979248,,,
0.0,1.0,0.6624436974525452,,,
0.0,0.0,0.363155722618103,,,
1.0,1.0,0.6617850661277771,,,
0.0,0.0,0.33036142587661743,,,
0.0,0.0,0.34411826729774475,,,
1.0,1.0,0.9638851881027222,,,
1.0,1.0,0.641000509262085,,,
1.0,0.0,0.371383398771286,,,
1.0,1.0,0.61732017993927,,,
0.0,0.0,0.3808816075325012,,,
0.0,1.0,0.688194751739502,,,
1.0,1.0,0.6477340459823608,,,
1.0,1.0,0.5572173595428467,,,
1.0,1.0,0.6706559062004089,,,
0.0,0.0,0.3568359613418579,,,
1.0,1.0,0.5891507863998413,,,
1.0,1.0,0.9212138056755066,,,
1.0,0.0,0.3446728587150574,,,
0.0,0.0,0.4525500535964966,,,
1.0,0.0,0.4873892366886139,,,
0.0,0.0,0.34802931547164917,,,
0.0,0.0,0.33431148529052734,,,
1.0,0.0,0.4983258545398712,,,
1.0,1.0,0.7010138630867004,,,
0.0,0.0,0.31820541620254517,,,
0.0,0.0,0.37325388193130493,,,
0.0,0.0,0.17393715679645538,,,
0.0,1.0,0.546360433101654,,,
1.0,1.0,0.7391866445541382,,,
0.0,0.0,0.3712630569934845,,,
1.0,1.0,0.725272536277771,,,
0.0,0.0,0.3524223566055298,,,
0.0,0.0,0.44825878739356995,,,
0.0,0.0,0.3377460241317749,,,
0.0,0.0,0.3443455696105957,,,
0.0,0.0,0.39202889800071716,,,
1.0,1.0,0.517654538154602,,,
0.0,0.0,0.2566445469856262,,,
1.0,0.0,0.30121904611587524,,,
1.0,1.0,0.7539969086647034,,,
0.0,0.0,0.26876726746559143,,,
1.0,0.0,0.46178290247917175,,,
1.0,1.0,0.5998752117156982,,,
1.0,1.0,0.6000173091888428,,,
0.0,0.0,0.33430519700050354,,,
1.0,1.0,0.5524162650108337,,,
0.0,0.0,0.32642295956611633,,,
0.0,0.0,0.44401732087135315,,,
1.0,0.0,0.4737505316734314,,,
1.0,1.0,0.5656237006187439,,,
0.0,1.0,0.6393275856971741,,,
0.0,0.0,0.35266679525375366,,,
1.0,1.0,0.9133171439170837,,,
0.0,0.0,0.30498209595680237,,,
0.0,0.0,0.23100081086158752,,,
0.0,0.0,0.1798120141029358,,,
0.0,0.0,0.22533772885799408,,,
1.0,0.0,0.3959735631942749,,,
0.0,0.0,0.40823090076446533,,,
1.0,1.0,0.5182481408119202,,,
0.0,1.0,0.5734386444091797,,,
0.0,0.0,0.3453844487667084,,,
1.0,1.0,0.7832612991333008,,,
1.0,1.0,0.5322521328926086,,,
1.0,0.0,0.38375258445739746,,,
0.0,1.0,0.5042861700057983,,,
0.0,0.0,0.3938449025154114,,,
1.0,0.0,0.46840986609458923,,,
0.0,0.0,0.38874420523643494,,,
1.0,0.0,0.4140844941139221,,,
0.0,0.0,0.1624356359243393,,,
0.0,1.0,0.5204805135726929,,,
0.0,0.0,0.4266918897628784,,,
1.0,1.0,0.7441891431808472,,,
0.0,1.0,0.6278563141822815,,,
1.0,1.0,0.729487419128418,,,
1.0,1.0,0.6941508650779724,,,
1.0,1.0,0.5160545706748962,,,
1.0,1.0,0.6303305625915527,,,
1.0,0.0,0.4377822279930115,,,
0.0,0.0,0.46499115228652954,,,
0.0,0.0,0.24415116012096405,,,
0.0,1.0,0.5537086129188538,,,
1.0,1.0,0.7285446524620056,,,
0.0,0.0,0.29372647404670715,,,
1.0,1.0,0.937793493270874,,,
1.0,1.0,0.5510388016700745,,,
0.0,0.0,0.3462725281715393,,,
1.0,1.0,0.7241289019584656,,,
0.0,1.0,0.5721492171287537,,,
1.0,0.0,0.33126527070999146,,,
1.0,0.0,0.44461965560913086,,,
0.0,0.0,0.37364399433135986,,,
0.0,0.0,0.4278240203857422,,,
0.0,0.0,0.2720073461532593,,,
1.0,0.0,0.35902029275894165,,,
1.0,1.0,0.6306659579277039,,,
0.0,0.0,0.34966593980789185,,,
0.0,0.0,0.3487261235713959,,,
0.0,0.0,0.33793413639068604,,,
1.0,0.0,0.4814605116844177,,,
0.0,1.0,0.81789630651474,,,
0.0,0.0,0.3998855948448181,,,
0.0,0.0,0.35098814964294434,,,
0.0,0.0,0.3142569661140442,,,
0.0,0.0,0.4357436001300812,,,
1.0,1.0,0.6819440126419067,,,
1.0,1.0,0.892641544342041,,,
0.0,0.0,0.35405635833740234,,,
1.0,1.0,0.7103404998779297,,,
1.0,0.0,0.4442233145236969,,,
0.0,0.0,0.4001472592353821,,,
1.0,0.0,0.37026408314704895,,,
0.0,0.0,0.3196296989917755,,,
1.0,0.0,0.35040777921676636,,,
1.0,1.0,0.8852307796478271,,,
0.0,0.0,0.4078519642353058,,,
0.0,0.0,0.31201544404029846,,,
0.0,0.0,0.4858037233352661,,,
1.0,1.0,0.7760101556777954,,,
1.0,1.0,0.6822594404220581,,,
0.0,0.0,0.44610393047332764,,,
1.0,1.0,0.5391680002212524,,,
0.0,0.0,0.28686535358428955,,,
0.0,0.0,0.3702959716320038,,,
0.0,0.0,0.2327873557806015,,,
1.0,1.0,0.7032364010810852,,,
0.0,0.0,0.3298821449279785,,,
1.0,0.0,0.34649723768234253,,,
0.0,0.0,0.48486682772636414,,,
1.0,0.0,0.4163968563079834,,,
1.0,1.0,0.5820962190628052,,,
0.0,0.0,0.2682923674583435,,,
1.0,1.0,0.6780781745910645,,,
1.0,1.0,0.6672650575637817,,,
0.0,0.0,0.44070157408714294,,,
1.0,1.0,0.821708083152771,,,
0.0,0.0,0.35023796558380127,,,
0.0,0.0,0.23142126202583313,,,
0.0,1.0,0.6116370558738708,,,
1.0,0.0,0.46496549248695374,,,
1.0,0.0,0.4831816852092743,,,
0.0,0.0,0.2588908076286316,,,
1.0,0.0,0.3934597671031952,,,
0.0,1.0,0.516124427318573,,,
1.0,1.0,0.7548727989196777,,,
0.0,0.0,0.32775944471359253,,,
1.0,1.0,0.8787000179290771,,,
1.0,0.0,0.45226579904556274,,,
1.0,1.0,0.7474057078361511,,,
1.0,1.0,0.5778428912162781,,,
0.0,0.0,0.3201383054256439,,,
0.0,1.0,0.5525360107421875,,,
0.0,0.0,0.3775727450847626,,,
1.0,0.0,0.4250415563583374,,,
1.0,0.0,0.2535198926925659,,,
0.0,0.0,0.4065206050872803,,,
1.0,0.0,0.4937226176261902,,,
0.0,0.0,0.3093430697917938,,,
1.0,0.0,0.365319162607193,,,
0.0,0.0,0.27875813841819763,,,
0.0,0.0,0.40087035298347473,,,
0.0,0.0,0.3221662640571594,,,
1.0,1.0,0.8455699682235718,,,
1.0,1.0,0.5687470436096191,,,
1.0,1.0,0.8867047429084778,,,
0.0,0.0,0.32040175795555115,,,
1.0,1.0,0.6073582768440247,,,
1.0,0.0,0.4025498628616333,,,
0.0,0.0,0.4470771253108978,,,
1.0,1.0,0.5176685452461243,,,
0.0,0.0,0.3399243652820587,,,
1.0,1.0,0.8253092169761658,,,
1.0,1.0,0.7434669733047485,,,
1.0,0.0,0.45540478825569153,,,
1.0,1.0,0.5069036483764648,,,
1.0,1.0,0.5138741135597229,,,
1.0,1.0,0.8319063186645508,,,
1.0,1.0,0.5288700461387634,,,
1.0,1.0,0.7191545963287354,,,
1.0,1.0,0.6260226964950562,,,
1.0,1.0,0.6691036820411682,,,
1.0,1.0,0.511111855506897,,,
0.0,1.0,0.5021163821220398,,,
0.0,0.0,0.18980161845684052,,,
0.0,0.0,0.45767152309417725,,,
0.0,0.0,0.1798120141029358,,,
1.0,1.0,0.7576148509979248,,,
0.0,0.0,0.49531078338623047,,,
1.0,1.0,0.7401672005653381,,,
1.0,0.0,0.44298627972602844,,,
1.0,0.0,0.4366825819015503,,,
0.0,0.0,0.2761649191379547,,,
1.0,1.0,0.7741461992263794,,,
0.0,0.0,0.22462399303913116,,,
1.0,1.0,0.6578393578529358,,,
0.0,0.0,0.40321874618530273,,,
1.0,1.0,0.8447059392929077,,,
0.0,0.0,0.38323959708213806,,,
0.0,0.0,0.19310246407985687,,,
0.0,0.0,0.46866539120674133,,,
1.0,0.0,0.39842572808265686,,,
1.0,1.0,0.6240311861038208,,,
1.0,0.0,0.4330049455165863,,,
0.0,0.0,0.43378567695617676,,,
1.0,1.0,0.5383213758468628,,,
1.0,1.0,0.6022490859031677,,,
0.0,0.0,0.27327293157577515,,,
1.0,0.0,0.380601704120636,,,
0.0,0.0,0.26063260436058044,,,
0.0,0.0,0.3438337743282318,,,
0.0,0.0,0.2833251655101776,,,
0.0,0.0,0.36628296971321106,,,
1.0,1.0,0.6978297233581543,,,
0.0,0.0,0.29117709398269653,,,
0.0,0.0,0.4718095064163208,,,
1.0,1.0,0.7767128348350525,,,
0.0,0.0,0.41899195313453674,,,
0.0,0.0,0.23071223497390747,,,
1.0,1.0,0.6195924878120422,,,
0.0,0.0,0.47731494903564453,,,
0.0,0.0,0.3934604227542877,,,
0.0,1.0,0.7305976748466492,,,
1.0,0.0,0.42728522419929504,,,
0.0,0.0,0.30081677436828613,,,
0.0,0.0,0.45685073733329773,,,
0.0,0.0,0.17863835394382477,,,
0.0,0.0,0.3959735631942749,,,
1.0,0.0,0.4051557183265686,,,
0.0,0.0,0.37713921070098877,,,
1.0,1.0,0.722498893737793,,,
1.0,1.0,0.7078613042831421,,,
1.0,1.0,0.8939610719680786,,,
0.0,0.0,0.4291287958621979,,,
1.0,1.0,0.5570003390312195,,,
0.0,1.0,0.6063749194145203,,,
0.0,0.0,0.41173505783081055,,,
1.0,1.0,0.8572814464569092,,,
0.0,1.0,0.6578393578529358,,,
1.0,1.0,0.7091214656829834,,,
0.0,0.0,0.3411909341812134,,,
0.0,0.0,0.34612610936164856,,,
1.0,0.0,0.3842274844646454,,,
0.0,0.0,0.3633137047290802,,,
0.0,0.0,0.47313788533210754,,,
1.0,0.0,0.47931402921676636,,,
1.0,1.0,0.9211189150810242,,,
1.0,0.0,0.4588773250579834,,,
0.0,0.0,0.3845326006412506,,,
1.0,0.0,0.44461512565612793,,,
0.0,0.0,0.3965240716934204,,,
0.0,0.0,0.24422761797904968,,,
0.0,0.0,0.3252570629119873,,,
0.0,0.0,0.3677997291088104,,,
0.0,0.0,0.491097092628479,,,
0.0,0.0,0.4406532347202301,,,
1.0,0.0,0.4140335023403168,,,
0.0,1.0,0.5112032294273376,,,
1.0,1.0,0.5206387042999268,,,
0.0,0.0,0.4163968563079834,,,
0.0,0.0,0.2568136751651764,,,
1.0,1.0,0.6202800869941711,,,
1.0,0.0,0.3228857219219208,,,
1.0,1.0,0.6870794296264648,,,
1.0,1.0,0.6553108096122742,,,
0.0,0.0,0.4842659533023834,,,
0.0,0.0,0.1798120141029358,,,
1.0,1.0,0.653914213180542,,,
0.0,0.0,0.4693712592124939,,,
1.0,0.0,0.4498537480831146,,,
0.0,0.0,0.37573686242103577,,,
0.0,0.0,0.46362560987472534,,,
1.0,1.0,0.5915598273277283,,,
1.0,0.0,0.4717648923397064,,,
0.0,0.0,0.430292010307312,,,
1.0,0.0,0.32571229338645935,,,
1.0,1.0,0.795170783996582,,,
0.0,0.0,0.256003737449646,,,
1.0,1.0,0.6155823469161987,,,
0.0,0.0,0.31305059790611267,,,
1.0,1.0,0.7696069478988647,,,
0.0,0.0,0.33602210879325867,,,
0.0,0.0,0.41578319668769836,,,
0.0,1.0,0.5360793471336365,,,
1.0,1.0,0.7187265157699585,,,
0.0,0.0,0.4325234889984131,,,
1.0,1.0,0.6836543679237366,,,
0.0,0.0,0.3440237045288086,,,
0.0,0.0,0.34658098220825195,,,
0.0,0.0,0.34874090552330017,,,
0.0,0.0,0.18101650476455688,,,
1.0,0.0,0.49981606006622314,,,
1.0,0.0,0.4627431035041809,,,
1.0,1.0,0.5650050044059753,,,
1.0,1.0,0.8440995216369629,,,
1.0,1.0,0.5406755208969116,,,
0.0,0.0,0.21233965456485748,,,
0.0,0.0,0.29320478439331055,,,
1.0,1.0,0.80377596616745,,,
1.0,1.0,0.8870134949684143,,,
0.0,1.0,0.503781795501709,,,
1.0,0.0,0.4378310739994049,,,
0.0,1.0,0.8459035158157349,,,
1.0,0.0,0.20990940928459167,,,
0.0,0.0,0.3829754889011383,,,
0.0,0.0,0.3667786121368408,,,
1.0,0.0,0.4958876371383667,,,
0.0,0.0,0.4632306694984436,,,
0.0,0.0,0.4559618830680847,,,
0.0,1.0,0.5937926769256592,,,
0.0,0.0,0.2198866307735443,,,
0.0,1.0,0.7014827728271484,,,
1.0,0.0,0.4634837508201599,,,
1.0,0.0,0.2688676118850708,,,
0.0,0.0,0.39117714762687683,,,
1.0,0.0,0.42107850313186646,,,
0.0,0.0,0.27749839425086975,,,
0.0,0.0,0.3051586151123047,,,
0.0,0.0,0.2604915201663971,,,
0.0,0.0,0.44269466400146484,,,
0.0,0.0,0.46953272819519043,,,
1.0,1.0,0.5342236757278442,,,
0.0,0.0,0.323025643825531,,,
0.0,0.0,0.407036691904068,,,
0.0,0.0,0.2364141345024109,,,
1.0,1.0,0.616077184677124,,,
1.0,0.0,0.35067397356033325,,,
0.0,0.0,0.28698769211769104,,,
0.0,0.0,0.21600019931793213,,,
0.0,0.0,0.4288245439529419,,,
0.0,0.0,0.30496904253959656,,,
0.0,0.0,0.30416882038116455,,,
0.0,0.0,0.18846887350082397,,,
1.0,1.0,0.7482917308807373,,,
0.0,0.0,0.3272046446800232,,,
1.0,0.0,0.3925570547580719,,,
0.0,0.0,0.2901182472705841,,,
1.0,1.0,0.6631359457969666,,,
1.0,0.0,0.37014564871788025,,,
0.0,0.0,0.3204059600830078,,,
0.0,0.0,0.48194125294685364,,,
1.0,0.0,0.4895493984222412,,,
0.0,0.0,0.1700262874364853,,,
0.0,0.0,0.2705116271972656,,,
0.0,0.0,0.34649723768234253,,,
1.0,0.0,0.4939759075641632,,,
1.0,0.0,0.45871633291244507,,,
1.0,1.0,0.5129519104957581,,,
1.0,1.0,0.8463183641433716,,,
0.0,0.0,0.27173730731010437,,,
0.0,0.0,0.32760217785835266,,,
1.0,1.0,0.6933078765869141,,,
0.0,0.0,0.2591395080089569,,,
1.0,0.0,0.4851438105106354,,,
0.0,0.0,0.46679091453552246,,,
0.0,0.0,0.33643820881843567,,,
1.0,1.0,0.678731381893158,,,
0.0,0.0,0.41228029131889343,,,
1.0,1.0,0.8228749632835388,,,
1.0,1.0,0.5624302625656128,,,
1.0,0.0,0.44046497344970703,,,
0.0,0.0,0.47367435693740845,,,
1.0,1.0,0.6706559062004089,,,
1.0,0.0,0.3626759350299835,,,
0.0,0.0,0.2727128267288208,,,
1.0,1.0,0.6416375041007996,,,
1.0,0.0,0.412583589553833,,,
1.0,1.0,0.7691805958747864,,,
1.0,1.0,0.8119869828224182,,,
0.0,0.0,0.2306121438741684,,,
1.0,1.0,0.8956695199012756,,,
1.0,1.0,0.581152081489563,,,
1.0,0.0,0.42760971188545227,,,
1.0,1.0,0.685268223285675,,,
0.0,0.0,0.2386440634727478,,,
1.0,0.0,0.4550212621688843,,,
0.0,0.0,0.27521979808807373,,,
0.0,0.0,0.4512098431587219,,,
0.0,0.0,0.3867679834365845,,,
0.0,1.0,0.5800254344940186,,,
0.0,0.0,0.42303231358528137,,,
0.0,0.0,0.4401768147945404,,,
0.0,0.0,0.44210097193717957,,,
0.0,0.0,0.4050678312778473,,,
1.0,1.0,0.8204686045646667,,,
1.0,0.0,0.3294169306755066,,,
0.0,0.0,0.34220656752586365,,,
0.0,0.0,0.4997982084751129,,,
0.0,0.0,0.4090578258037567,,,
0.0,1.0,0.6187605261802673,,,
0.0,0.0,0.3364109992980957,,,
0.0,1.0,0.5106141567230225,,,
0.0,0.0,0.3839030861854553,,,
0.0,0.0,0.3209298253059387,,,
0.0,1.0,0.894463062286377,,,
1.0,1.0,0.7305678725242615,,,
0.0,0.0,0.33526045083999634,,,
0.0,0.0,0.3157828450202942,,,
1.0,1.0,0.7461413741111755,,,
1.0,0.0,0.3269771635532379,,,
0.0,0.0,0.39153245091438293,,,
0.0,0.0,0.3298305869102478,,,
1.0,0.0,0.4070700407028198,,,
0.0,0.0,0.39770618081092834,,,
0.0,0.0,0.3450792133808136,,,
0.0,1.0,0.5174065828323364,,,
0.0,0.0,0.3387530446052551,,,
1.0,1.0,0.6835281252861023,,,
1.0,0.0,0.4764571189880371,,,
0.0,0.0,0.431346595287323,,,
0.0,0.0,0.3746894896030426,,,
0.0,0.0,0.4240627884864807,,,
1.0,0.0,0.37164226174354553,,,
0.0,0.0,0.4567950367927551,,,
0.0,0.0,0.443802148103714,,,
0.0,0.0,0.357511043548584,,,
1.0,1.0,0.5573027729988098,,,
1.0,1.0,0.6115592122077942,,,
1.0,1.0,0.6397622227668762,,,
1.0,0.0,0.4379185438156128,,,
1.0,1.0,0.8355699777603149,,,
1.0,1.0,0.6846140623092651,,,
1.0,0.0,0.4222172796726227,,,
0.0,0.0,0.32042041420936584,,,
0.0,1.0,0.7777612209320068,,,
0.0,1.0,0.5275685787200928,,,
1.0,1.0,0.659479022026062,,,
0.0,0.0,0.23532795906066895,,,
0.0,0.0,0.39399999380111694,,,
1.0,0.0,0.3208957016468048,,,
0.0,0.0,0.35437628626823425,,,
1.0,0.0,0.48458969593048096,,,
1.0,1.0,0.765248715877533,,,
0.0,0.0,0.28231677412986755,,,
1.0,1.0,0.8394324779510498,,,
1.0,0.0,0.3350895643234253,,,
1.0,1.0,0.913465142250061,,,
1.0,0.0,0.41389742493629456,,,
0.0,0.0,0.47201642394065857,,,
1.0,0.0,0.4558248817920685,,,
0.0,0.0,0.4719335734844208,,,
0.0,0.0,0.48841091990470886,,,
0.0,0.0,0.3167068362236023,,,
0.0,0.0,0.3415312170982361,,,
1.0,1.0,0.7065691351890564,,,
1.0,1.0,0.895173192024231,,,
0.0,0.0,0.3432781994342804,,,
0.0,0.0,0.3189994990825653,,,
1.0,1.0,0.5380030274391174,,,
0.0,0.0,0.312398761510849,,,
0.0,0.0,0.13956059515476227,,,
0.0,0.0,0.243937686085701,,,
0.0,0.0,0.33980923891067505,,,
0.0,0.0,0.29331591725349426,,,
0.0,0.0,0.30121931433677673,,,
0.0,0.0,0.3763178586959839,,,
1.0,1.0,0.6785682439804077,,,
1.0,1.0,0.8463183641433716,,,
1.0,1.0,0.8169428706169128,,,
0.0,0.0,0.23021148145198822,,,
1.0,1.0,0.826215386390686,,,
1.0,1.0,0.5618520379066467,,,
0.0,0.0,0.35000383853912354,,,
1.0,1.0,0.6552849411964417,,,
1.0,1.0,0.8854230046272278,,,
1.0,0.0,0.37613075971603394,,,
0.0,0.0,0.42382752895355225,,,
0.0,0.0,0.2948223352432251,,,
1.0,1.0,0.8080533742904663,,,
1.0,1.0,0.6015274524688721,,,
0.0,0.0,0.3523627817630768,,,
0.0,0.0,0.44337883591651917,,,
0.0,0.0,0.3867119550704956,,,
0.0,0.0,0.4606277346611023,,,
1.0,1.0,0.8519188165664673,,,
1.0,1.0,0.7548727989196777,,,
1.0,0.0,0.3563677668571472,,,
1.0,1.0,0.7893343567848206,,,
1.0,1.0,0.8179368376731873,,,
0.0,0.0,0.35128358006477356,,,
1.0,0.0,0.49373435974121094,,,
0.0,0.0,0.3209298253059387,,,
0.0,0.0,0.32427555322647095,,,
0.0,0.0,0.3646709620952606,,,
1.0,0.0,0.41129523515701294,,,
1.0,1.0,0.6838160157203674,,,
1.0,0.0,0.4010707139968872,,,
1.0,1.0,0.8463265895843506,,,
0.0,0.0,0.3136647939682007,,,
0.0,0.0,0.335693895816803,,,
1.0,1.0,0.742446780204773,,,
1.0,0.0,0.3481437563896179,,,
0.0,0.0,0.3721905052661896,,,
1.0,0.0,0.38543063402175903,,,
0.0,0.0,0.2594873011112213,,,
1.0,1.0,0.5143678784370422,,,
1.0,1.0,0.5631586313247681,,,
1.0,0.0,0.48794490098953247,,,
1.0,0.0,0.38220125436782837,,,
0.0,0.0,0.4010038673877716,,,
0.0,0.0,0.27457064390182495,,,
1.0,1.0,0.77218097448349,,,
1.0,1.0,0.6421526074409485,,,
1.0,1.0,0.6870425939559937,,,
0.0,1.0,0.519978404045105,,,
1.0,1.0,0.7061234712600708,,,
1.0,1.0,0.6454278230667114,,,
0.0,0.0,0.3235214054584503,,,
0.0,0.0,0.406526118516922,,,
1.0,0.0,0.3398555815219879,,,
1.0,0.0,0.36962392926216125,,,
0.0,0.0,0.43357208371162415,,,
0.0,1.0,0.5019521713256836,,,
1.0,0.0,0.323575496673584,,,
1.0,0.0,0.38398370146751404,,,
1.0,1.0,0.891106367111206,,,
1.0,1.0,0.5803836584091187,,,
1.0,0.0,0.449310839176178,,,
1.0,1.0,0.7256012558937073,,,
1.0,1.0,0.6457998156547546,,,
1.0,1.0,0.5222821235656738,,,
0.0,0.0,0.2638323903083801,,,
1.0,1.0,0.7061234712600708,,,
0.0,0.0,0.48904645442962646,,,
0.0,0.0,0.3733675181865692,,,
0.0,1.0,0.5028237700462341,,,
1.0,1.0,0.8382363319396973,,,
0.0,0.0,0.23399686813354492,,,
1.0,1.0,0.6134793758392334,,,
0.0,1.0,0.5497822761535645,,,
1.0,1.0,0.5576391220092773,,,
0.0,0.0,0.3947387933731079,,,
1.0,1.0,0.7996789813041687,,,
0.0,0.0,0.35436496138572693,,,
0.0,0.0,0.28890806436538696,,,
1.0,1.0,0.7919212579727173,,,
0.0,0.0,0.3713074028491974,,,
1.0,0.0,0.33362504839897156,,,
0.0,0.0,0.4263432025909424,,,
0.0,1.0,0.5154260993003845,,,
0.0,0.0,0.4462409019470215,,,
1.0,1.0,0.7459919452667236,,,
0.0,0.0,0.2908170223236084,,,
0.0,1.0,0.5178306102752686,,,
1.0,0.0,0.42856207489967346,,,
0.0,1.0,0.6122653484344482,,,
1.0,1.0,0.5860337615013123,,,
1.0,1.0,0.830475926399231,,,
1.0,1.0,0.8967024087905884,,,
1.0,1.0,0.8836760520935059,,,
0.0,0.0,0.33602210879325867,,,
0.0,0.0,0.3134797215461731,,,
0.0,0.0,0.4967120885848999,,,
0.0,0.0,0.48045626282691956,,,
1.0,1.0,0.6597460508346558,,,
0.0,0.0,0.2967514395713806,,,
0.0,0.0,0.3536764979362488,,,
0.0,0.0,0.3308568000793457,,,
1.0,0.0,0.3805409371852875,,,
1.0,0.0,0.4757530391216278,,,
0.0,0.0,0.36128315329551697,,,
0.0,0.0,0.32866543531417847,,,
1.0,0.0,0.43446263670921326,,,
1.0,0.0,0.33682483434677124,,,
1.0,1.0,0.8284211754798889,,,
0.0,0.0,0.4332273006439209,,,
0.0,0.0,0.1798120141029358,,,
0.0,0.0,0.404524028301239,,,
1.0,1.0,0.624351978302002,,,
1.0,0.0,0.2772742509841919,,,
0.0,0.0,0.2502306401729584,,,
1.0,0.0,0.4996955990791321,,,
1.0,0.0,0.3756307363510132,,,
1.0,1.0,0.5354337096214294,,,
1.0,1.0,0.7573105692863464,,,
0.0,0.0,0.41399556398391724,,,
0.0,0.0,0.2384083867073059,,,
1.0,1.0,0.6252747178077698,,,
0.0,0.0,0.2568136751651764,,,
1.0,0.0,0.3658517599105835,,,
1.0,1.0,0.5458490252494812,,,
0.0,0.0,0.24526071548461914,,,
1.0,0.0,0.33160683512687683,,,
0.0,0.0,0.3658585250377655,,,
0.0,0.0,0.3745347559452057,,,
0.0,0.0,0.32676398754119873,,,
0.0,1.0,0.5660416483879089,,,
0.0,1.0,0.5105410814285278,,,
1.0,1.0,0.8112849593162537,,,
1.0,1.0,0.8885301947593689,,,
1.0,1.0,0.6856462955474854,,,
0.0,0.0,0.2932952344417572,,,
1.0,1.0,0.6991222500801086,,,
1.0,0.0,0.33735620975494385,,,
0.0,1.0,0.508615255355835,,,
0.0,0.0,0.3557742238044739,,,
0.0,0.0,0.3859892785549164,,,
0.0,0.0,0.22623340785503387,,,
1.0,0.0,0.4974551498889923,,,
0.0,0.0,0.2639857232570648,,,
0.0,0.0,0.28898510336875916,,,
1.0,0.0,0.49192142486572266,,,
0.0,1.0,0.51665198802948,,,
1.0,1.0,0.7176013588905334,,,
1.0,1.0,0.7373762130737305,,,
0.0,0.0,0.20746810734272003,,,
1.0,1.0,0.5462219715118408,,,
0.0,0.0,0.26359912753105164,,,
1.0,0.0,0.3911226987838745,,,
1.0,1.0,0.5628138184547424,,,
0.0,0.0,0.26444709300994873,,,
0.0,1.0,0.5097101330757141,,,
1.0,1.0,0.7509655356407166,,,
0.0,0.0,0.3122970163822174,,,
1.0,0.0,0.3534214198589325,,,
0.0,0.0,0.41718238592147827,,,
1.0,0.0,0.43473193049430847,,,
1.0,1.0,0.6801969408988953,,,
0.0,0.0,0.31526297330856323,,,
1.0,0.0,0.3522423505783081,,,
1.0,0.0,0.4659859836101532,,,
0.0,0.0,0.31803619861602783,,,
1.0,1.0,0.6013171672821045,,,
0.0,1.0,0.5602222084999084,,,
0.0,0.0,0.3988358676433563,,,
0.0,0.0,0.3626501262187958,,,
1.0,1.0,0.8769311904907227,,,
0.0,0.0,0.43673521280288696,,,
0.0,0.0,0.20684058964252472,,,
0.0,0.0,0.2502005100250244,,,
0.0,0.0,0.3167068362236023,,,
0.0,0.0,0.42917191982269287,,,
1.0,0.0,0.4412393271923065,,,
0.0,0.0,0.34104567766189575,,,
1.0,1.0,0.7073104977607727,,,
1.0,0.0,0.4352448582649231,,,
1.0,1.0,0.7848204374313354,,,
1.0,1.0,0.8555561900138855,,,
1.0,1.0,0.8264166116714478,,,
0.0,0.0,0.3764755129814148,,,
0.0,0.0,0.29014429450035095,,,
1.0,1.0,0.5362033843994141,,,
1.0,0.0,0.3903280794620514,,,
0.0,0.0,0.43426182866096497,,,
0.0,1.0,0.5549923777580261,,,
0.0,0.0,0.39058783650398254,,,
1.0,1.0,0.6726581454277039,,,
1.0,1.0,0.7399296760559082,,,
1.0,1.0,0.670423686504364,,,
0.0,0.0,0.32203757762908936,,,
0.0,0.0,0.2944338619709015,,,
1.0,1.0,0.7665380239486694,,,
0.0,0.0,0.29883435368537903,,,
1.0,0.0,0.4403485357761383,,,
0.0,0.0,0.19338169693946838,,,
1.0,0.0,0.44139063358306885,,,
0.0,0.0,0.37557071447372437,,,
0.0,0.0,0.455352783203125,,,
1.0,1.0,0.7553704977035522,,,
0.0,0.0,0.37609049677848816,,,
0.0,0.0,0.3594032824039459,,,
1.0,1.0,0.8985939621925354,,,
1.0,1.0,0.508604884147644,,,
0.0,0.0,0.31330427527427673,,,
1.0,0.0,0.4981565773487091,,,
1.0,0.0,0.47114014625549316,,,
0.0,0.0,0.2118876874446869,,,
0.0,0.0,0.45133107900619507,,,
1.0,0.0,0.37368783354759216,,,
0.0,1.0,0.5344454646110535,,,
1.0,0.0,0.3609890341758728,,,
0.0,1.0,0.5436134338378906,,,
0.0,0.0,0.4821540117263794,,,
1.0,0.0,0.4716426432132721,,,
0.0,0.0,0.3362783193588257,,,
1.0,1.0,0.593874454498291,,,
1.0,0.0,0.41349607706069946,,,
1.0,1.0,0.7794875502586365,,,
0.0,0.0,0.29423099756240845,,,
1.0,0.0,0.23251178860664368,,,
0.0,0.0,0.2182064801454544,,,
0.0,0.0,0.3543073832988739,,,
0.0,0.0,0.18508917093276978,,,
0.0,0.0,0.3462303876876831,,,
0.0,0.0,0.42049914598464966,,,
0.0,0.0,0.33770665526390076,,,
0.0,0.0,0.3683433532714844,,,
0.0,0.0,0.3263399600982666,,,
1.0,0.0,0.3874984383583069,,,
1.0,1.0,0.5304797887802124,,,
0.0,0.0,0.15652503073215485,,,
1.0,1.0,0.7420660257339478,,,
0.0,1.0,0.5102173686027527,,,
0.0,0.0,0.312635600566864,,,
1.0,0.0,0.4917713403701782,,,
0.0,0.0,0.3886609375476837,,,
0.0,0.0,0.35110747814178467,,,
0.0,1.0,0.5634714365005493,,,
0.0,0.0,0.42111697793006897,,,
0.0,0.0,0.3702425956726074,,,
1.0,0.0,0.4618918299674988,,,
0.0,0.0,0.46798408031463623,,,
1.0,0.0,0.3011206388473511,,,
0.0,0.0,0.43619757890701294,,,
1.0,1.0,0.5153180360794067,,,
0.0,0.0,0.24823014438152313,,,
0.0,0.0,0.47384998202323914,,,
0.0,0.0,0.2929275929927826,,,
1.0,1.0,0.6020727753639221,,,
0.0,0.0,0.33055105805397034,,,
0.0,0.0,0.30502668023109436,,,
1.0,0.0,0.364663302898407,,,
1.0,1.0,0.7976664304733276,,,
0.0,0.0,0.44753339886665344,,,
0.0,0.0,0.2729622423648834,,,
0.0,0.0,0.34622207283973694,,,
1.0,1.0,0.5517511367797852,,,
0.0,1.0,0.6655285358428955,,,
1.0,1.0,0.7314371466636658,,,
1.0,0.0,0.4945141673088074,,,
1.0,1.0,0.6055757999420166,,,
0.0,0.0,0.3156268894672394,,,
0.0,1.0,0.5242477059364319,,,
1.0,1.0,0.7554798722267151,,,
0.0,0.0,0.4396856725215912,,,
0.0,1.0,0.6628715991973877,,,
0.0,0.0,0.253383070230484,,,
0.0,0.0,0.3641372323036194,,,
0.0,0.0,0.31421637535095215,,,
1.0,1.0,0.6676408648490906,,,
1.0,1.0,0.7889624238014221,,,
0.0,0.0,0.35176339745521545,,,
1.0,1.0,0.6913880109786987,,,
0.0,0.0,0.27749839425086975,,,
0.0,0.0,0.24747857451438904,,,
0.0,0.0,0.35837963223457336,,,
1.0,1.0,0.5112277865409851,,,
0.0,0.0,0.3474293351173401,,,
1.0,1.0,0.6344696879386902,,,
1.0,1.0,0.5005505084991455,,,
0.0,0.0,0.40900102257728577,,,
1.0,0.0,0.46907493472099304,,,
1.0,1.0,0.6991222500801086,,,
0.0,0.0,0.35356175899505615,,,
1.0,1.0,0.8030552864074707,,,
1.0,1.0,0.7069445848464966,,,
1.0,0.0,0.4510304927825928,,,
1.0,1.0,0.6713894009590149,,,
0.0,0.0,0.3425501585006714,,,
0.0,0.0,0.31651046872138977,,,
1.0,0.0,0.4733976423740387,,,
0.0,0.0,0.3432781994342804,,,
1.0,0.0,0.43968215584754944,,,
1.0,0.0,0.4334380030632019,,,
0.0,1.0,0.5561938881874084,,,
0.0,1.0,0.7488646507263184,,,
0.0,0.0,0.24078692495822906,,,
1.0,1.0,0.5060713291168213,,,
1.0,0.0,0.48819342255592346,,,
0.0,0.0,0.40633827447891235,,,
0.0,0.0,0.32215195894241333,,,
0.0,0.0,0.33144381642341614,,,
1.0,0.0,0.42160046100616455,,,
0.0,1.0,0.6387702226638794,,,
0.0,0.0,0.32231953740119934,,,
0.0,0.0,0.4417572021484375,,,
0.0,0.0,0.46388310194015503,,,
0.0,0.0,0.34983178973197937,,,
1.0,1.0,0.8874968886375427,,,
1.0,0.0,0.48822376132011414,,,
0.0,1.0,0.5144839882850647,,,
1.0,1.0,0.7013588547706604,,,
1.0,1.0,0.7185462117195129,,,
0.0,1.0,0.5932874083518982,,,
0.0,0.0,0.3469679057598114,,,
0.0,0.0,0.39928343892097473,,,
0.0,0.0,0.3621229827404022,,,
1.0,1.0,0.538758397102356,,,
1.0,1.0,0.920745849609375,,,
1.0,1.0,0.5302174687385559,,,
1.0,1.0,0.7539842128753662,,,
1.0,1.0,0.8927382826805115,,,
0.0,0.0,0.12925653159618378,,,
1.0,1.0,0.6832836866378784,,,
1.0,0.0,0.381565660238266,,,
1.0,1.0,0.8963831663131714,,,
0.0,0.0,0.34378549456596375,,,
1.0,1.0,0.6241819262504578,,,
1.0,1.0,0.5623193979263306,,,
0.0,0.0,0.41388043761253357,,,
1.0,1.0,0.7849634885787964,,,
1.0,0.0,0.4952849745750427,,,
0.0,0.0,0.17863835394382477,,,
1.0,1.0,0.6429981589317322,,,
1.0,1.0,0.7548727989196777,,,
0.0,0.0,0.20397807657718658,,,
1.0,1.0,0.7464333772659302,,,
0.0,0.0,0.34449508786201477,,,
1.0,0.0,0.26997873187065125,,,
0.0,0.0,0.4413193166255951,,,
0.0,0.0,0.22667109966278076,,,
1.0,0.0,0.3074493408203125,,,
0.0,0.0,0.3835599422454834,,,
0.0,0.0,0.40404608845710754,,,
0.0,0.0,0.3880251348018646,,,
1.0,1.0,0.6983367204666138,,,
1.0,1.0,0.6889015436172485,,,
0.0,0.0,0.270620197057724,,,
1.0,1.0,0.8073611259460449,,,
0.0,1.0,0.5073209404945374,,,
1.0,0.0,0.3363431990146637,,,
0.0,0.0,0.4804425835609436,,,
0.0,0.0,0.33632567524909973,,,
0.0,0.0,0.4997906982898712,,,
0.0,1.0,0.6006025075912476,,,
0.0,0.0,0.3844631612300873,,,
1.0,1.0,0.6135688424110413,,,
1.0,1.0,0.7865848541259766,,,
1.0,0.0,0.3660200834274292,,,
0.0,0.0,0.348186731338501,,,
0.0,0.0,0.38368430733680725,,,
1.0,1.0,0.6272274255752563,,,
0.0,0.0,0.3210918605327606,,,
0.0,0.0,0.4383438527584076,,,
0.0,0.0,0.30937322974205017,,,
1.0,1.0,0.7391024231910706,,,
1.0,0.0,0.46026673913002014,,,
0.0,0.0,0.433501273393631,,,
1.0,0.0,0.330398291349411,,,
0.0,0.0,0.24895870685577393,,,
1.0,1.0,0.9612816572189331,,,
0.0,0.0,0.42725950479507446,,,
1.0,1.0,0.5508270263671875,,,
1.0,1.0,0.5953400731086731,,,
0.0,1.0,0.5363543629646301,,,
0.0,0.0,0.3329369127750397,,,
1.0,1.0,0.5999183654785156,,,
0.0,0.0,0.4343603253364563,,,
0.0,0.0,0.37990644574165344,,,
0.0,0.0,0.21189141273498535,,,
0.0,1.0,0.7258737087249756,,,
1.0,0.0,0.35450202226638794,,,
0.0,0.0,0.2267109453678131,,,
1.0,1.0,0.6225272417068481,,,
0.0,1.0,0.7243412733078003,,,
1.0,1.0,0.680095911026001,,,
0.0,0.0,0.26400408148765564,,,
0.0,0.0,0.3043345808982849,,,
1.0,0.0,0.4509235918521881,,,
1.0,1.0,0.5257381796836853,,,
1.0,1.0,0.549758791923523,,,
1.0,1.0,0.7177167534828186,,,
1.0,1.0,0.5064663290977478,,,
0.0,0.0,0.28303176164627075,,,
0.0,0.0,0.26233232021331787,,,
0.0,0.0,0.32718774676322937,,,
1.0,0.0,0.48432502150535583,,,
1.0,0.0,0.43229132890701294,,,
1.0,0.0,0.43881720304489136,,,
1.0,1.0,0.7485852241516113,,,
1.0,0.0,0.32794415950775146,,,
0.0,0.0,0.32399269938468933,,,
1.0,1.0,0.7146573662757874,,,
1.0,1.0,0.8490753173828125,,,
1.0,1.0,0.6920867562294006,,,
0.0,0.0,0.2926556468009949,,,
0.0,0.0,0.3301375210285187,,,
0.0,1.0,0.5192980170249939,,,
0.0,0.0,0.2022370845079422,,,
1.0,0.0,0.48042017221450806,,,
1.0,0.0,0.329071968793869,,,
0.0,0.0,0.2590812146663666,,,
1.0,1.0,0.8516123294830322,,,
1.0,1.0,0.7951058149337769,,,
0.0,0.0,0.37588948011398315,,,
0.0,0.0,0.2797108292579651,,,
0.0,1.0,0.5718923807144165,,,
1.0,1.0,0.5420283079147339,,,
1.0,1.0,0.8133156895637512,,,
1.0,0.0,0.3346274495124817,,,
0.0,0.0,0.4853653311729431,,,
1.0,1.0,0.5022230744361877,,,
0.0,0.0,0.35106775164604187,,,
0.0,0.0,0.31092604994773865,,,
1.0,0.0,0.4593921899795532,,,
0.0,0.0,0.3486478328704834,,,
0.0,0.0,0.3815085291862488,,,
0.0,0.0,0.292738676071167,,,
1.0,1.0,0.5088510513305664,,,
0.0,0.0,0.4128538966178894,,,
1.0,0.0,0.45239877700805664,,,
0.0,0.0,0.45120978355407715,,,
1.0,0.0,0.4567738473415375,,,
1.0,1.0,0.7007092237472534,,,
1.0,0.0,0.4226176142692566,,,
1.0,1.0,0.6077507734298706,,,
0.0,0.0,0.14039547741413116,,,
0.0,0.0,0.41060638427734375,,,
1.0,1.0,0.9103581309318542,,,
1.0,0.0,0.38886117935180664,,,
0.0,0.0,0.2699717879295349,,,
1.0,1.0,0.8116068243980408,,,
0.0,0.0,0.313049852848053,,,
0.0,0.0,0.2906857132911682,,,
0.0,1.0,0.652768611907959,,,
1.0,1.0,0.7069445848464966,,,
1.0,1.0,0.7838687896728516,,,
0.0,1.0,0.5097101330757141,,,
1.0,1.0,0.870101809501648,,,
0.0,0.0,0.3136647939682007,,,
1.0,1.0,0.5797767639160156,,,
0.0,0.0,0.27983343601226807,,,
1.0,1.0,0.7549690008163452,,,
1.0,1.0,0.5147982239723206,,,
1.0,1.0,0.7271783351898193,,,
0.0,0.0,0.158682718873024,,,
0.0,1.0,0.5684669613838196,,,
0.0,0.0,0.29151028394699097,,,
1.0,1.0,0.6946874856948853,,,
1.0,1.0,0.5594630241394043,,,
1.0,0.0,0.207938551902771,,,
0.0,0.0,0.34620508551597595,,,
1.0,1.0,0.6024815440177917,,,
0.0,0.0,0.4779250919818878,,,
1.0,1.0,0.5093848705291748,,,
0.0,0.0,0.2402927726507187,,,
0.0,0.0,0.24487315118312836,,,
0.0,0.0,0.258840411901474,,,
1.0,0.0,0.49602997303009033,,,
1.0,0.0,0.3948557376861572,,,
1.0,1.0,0.6691558957099915,,,
1.0,1.0,0.8686558604240417,,,
0.0,0.0,0.32680267095565796,,,
1.0,1.0,0.6220670938491821,,,
0.0,0.0,0.35550758242607117,,,
0.0,0.0,0.47373053431510925,,,
1.0,1.0,0.654564380645752,,,
1.0,1.0,0.7808825373649597,,,
1.0,1.0,0.6019663214683533,,,
0.0,0.0,0.33025944232940674,,,
0.0,0.0,0.446444571018219,,,
1.0,0.0,0.3222237229347229,,,
1.0,1.0,0.612729012966156,,,
1.0,1.0,0.8018648624420166,,,
0.0,0.0,0.4892005920410156,,,
1.0,0.0,0.3294169306755066,,,
0.0,0.0,0.18619175255298615,,,
0.0,0.0,0.272842675447464,,,
1.0,1.0,0.6949713230133057,,,
1.0,1.0,0.5894193053245544,,,
1.0,1.0,0.5362513661384583,,,
0.0,0.0,0.2622728943824768,,,
0.0,0.0,0.30645301938056946,,,
0.0,0.0,0.31092214584350586,,,
1.0,1.0,0.5491927266120911,,,
0.0,0.0,0.3383127748966217,,,
1.0,1.0,0.9023988842964172,,,
1.0,0.0,0.3535168468952179,,,
1.0,1.0,0.9412264227867126,,,
0.0,1.0,0.5008608102798462,,,
0.0,0.0,0.34749680757522583,,,
1.0,1.0,0.6685940027236938,,,
1.0,1.0,0.5099539160728455,,,
0.0,0.0,0.33116039633750916,,,
0.0,0.0,0.33502817153930664,,,
1.0,0.0,0.28465941548347473,,,
0.0,1.0,0.5434979200363159,,,
1.0,0.0,0.394758015871048,,,
1.0,0.0,0.46867430210113525,,,
0.0,0.0,0.2511555552482605,,,
1.0,1.0,0.5374598503112793,,,
1.0,1.0,0.8376166224479675,,,
1.0,0.0,0.27622339129447937,,,
1.0,1.0,0.6954463124275208,,,
0.0,0.0,0.30827727913856506,,,
1.0,1.0,0.5187668800354004,,,
0.0,1.0,0.5884560346603394,,,
0.0,0.0,0.3500634431838989,,,
1.0,1.0,0.8856342434883118,,,
0.0,0.0,0.2804860472679138,,,
0.0,0.0,0.35351088643074036,,,
0.0,0.0,0.34966593980789185,,,
0.0,0.0,0.33602097630500793,,,
1.0,0.0,0.407335102558136,,,
1.0,1.0,0.710748016834259,,,
0.0,0.0,0.4485324025154114,,,
1.0,1.0,0.5901321172714233,,,
1.0,1.0,0.5930771827697754,,,
1.0,1.0,0.7785888910293579,,,
1.0,1.0,0.8324682712554932,,,
1.0,1.0,0.7612572908401489,,,
0.0,0.0,0.4224080443382263,,,
1.0,1.0,0.7677675485610962,,,
0.0,0.0,0.22409437596797943,,,
1.0,1.0,0.8266677856445312,,,
1.0,0.0,0.45643290877342224,,,
0.0,0.0,0.2942500710487366,,,
1.0,1.0,0.6426334977149963,,,
1.0,0.0,0.44453272223472595,,,
1.0,1.0,0.6873353123664856,,,
1.0,1.0,0.873454213142395,,,
0.0,1.0,0.5519148111343384,,,
1.0,1.0,0.509137749671936,,,
1.0,1.0,0.8989359736442566,,,
1.0,1.0,0.5259515047073364,,,
0.0,0.0,0.3357430100440979,,,
1.0,1.0,0.5529779195785522,,,
0.0,0.0,0.43080776929855347,,,
0.0,0.0,0.45623376965522766,,,
0.0,0.0,0.34744352102279663,,,
0.0,0.0,0.35656800866127014,,,
0.0,0.0,0.45887231826782227,,,
0.0,0.0,0.20785926282405853,,,
1.0,1.0,0.5139412879943848,,,
1.0,0.0,0.39117714762687683,,,
0.0,0.0,0.31320399045944214,,,
0.0,0.0,0.360205739736557,,,
1.0,1.0,0.6615361571311951,,,
1.0,1.0,0.8316332697868347,,,
1.0,1.0,0.8554792404174805,,,
0.0,0.0,0.28754690289497375,,,
0.0,0.0,0.39115220308303833,,,
0.0,0.0,0.2798207998275757,,,
0.0,0.0,0.24748806655406952,,,
1.0,1.0,0.545332670211792,,,
0.0,1.0,0.5704259276390076,,,
0.0,0.0,0.23990756273269653,,,
1.0,1.0,0.7099944949150085,,,
1.0,0.0,0.3859451711177826,,,
1.0,1.0,0.8056210875511169,,,
1.0,0.0,0.32065069675445557,,,
0.0,0.0,0.4099632799625397,,,
1.0,0.0,0.41636061668395996,,,
0.0,0.0,0.35734352469444275,,,
1.0,0.0,0.4536671042442322,,,
0.0,0.0,0.2304852455854416,,,
0.0,0.0,0.48688268661499023,,,
1.0,1.0,0.7258206605911255,,,
1.0,1.0,0.7548727989196777,,,
0.0,0.0,0.34782689809799194,,,
1.0,1.0,0.5838263034820557,,,
1.0,1.0,0.5464780330657959,,,
1.0,1.0,0.6082624197006226,,,
0.0,0.0,0.3377460241317749,,,
1.0,1.0,0.57523512840271,,,
1.0,1.0,0.6180363893508911,,,
1.0,1.0,0.7744473814964294,,,
0.0,0.0,0.28807175159454346,,,
0.0,0.0,0.2709224820137024,,,
1.0,1.0,0.7026528120040894,,,
0.0,0.0,0.30989331007003784,,,
0.0,0.0,0.38241347670555115,,,
1.0,1.0,0.5559110045433044,,,
1.0,0.0,0.4163661003112793,,,
0.0,0.0,0.3435952663421631,,,
0.0,1.0,0.5732362866401672,,,
1.0,1.0,0.6674467921257019,,,
1.0,1.0,0.918120801448822,,,
0.0,0.0,0.31320399045944214,,,
1.0,1.0,0.6781430840492249,,,
0.0,0.0,0.32323336601257324,,,
1.0,0.0,0.4983324706554413,,,
1.0,1.0,0.5490094423294067,,,
0.0,0.0,0.4647871255874634,,,
1.0,1.0,0.8502512574195862,,,
1.0,0.0,0.4929184317588806,,,
1.0,1.0,0.5101221799850464,,,
0.0,0.0,0.34403449296951294,,,
0.0,0.0,0.4274168014526367,,,
0.0,1.0,0.5549794435501099,,,
0.0,0.0,0.29830849170684814,,,
1.0,1.0,0.9365819692611694,,,
0.0,0.0,0.35967007279396057,,,
1.0,1.0,0.7968981266021729,,,
1.0,1.0,0.8566550612449646,,,
0.0,0.0,0.24742622673511505,,,
0.0,0.0,0.4103236496448517,,,
1.0,0.0,0.3896009624004364,,,
0.0,0.0,0.4130241870880127,,,
0.0,0.0,0.42996013164520264,,,
1.0,0.0,0.49409544467926025,,,
0.0,0.0,0.4046832323074341,,,
0.0,0.0,0.3334963321685791,,,
1.0,0.0,0.4679930508136749,,,
1.0,0.0,0.3911727964878082,,,
1.0,1.0,0.7061234712600708,,,
0.0,0.0,0.4771798551082611,,,
1.0,1.0,0.6501423120498657,,,
0.0,0.0,0.2478620707988739,,,
1.0,0.0,0.4230256974697113,,,
0.0,0.0,0.29744645953178406,,,
0.0,0.0,0.3648761808872223,,,
0.0,0.0,0.39816534519195557,,,
0.0,0.0,0.3799046576023102,,,
1.0,1.0,0.6735108494758606,,,
1.0,1.0,0.8784598112106323,,,
0.0,0.0,0.2474254071712494,,,
0.0,1.0,0.5631693601608276,,,
0.0,1.0,0.6603255271911621,,,
1.0,0.0,0.4519031047821045,,,
1.0,1.0,0.7047426104545593,,,
1.0,1.0,0.539430558681488,,,
1.0,0.0,0.31903642416000366,,,
0.0,0.0,0.36337465047836304,,,
0.0,0.0,0.39959296584129333,,,
0.0,0.0,0.322711318731308,,,
0.0,0.0,0.20692595839500427,,,
1.0,1.0,0.689333975315094,,,
0.0,0.0,0.3556880056858063,,,
1.0,1.0,0.7641923427581787,,,
1.0,1.0,0.7055104374885559,,,
0.0,0.0,0.22249655425548553,,,
1.0,1.0,0.776342511177063,,,
1.0,0.0,0.4106580317020416,,,
1.0,0.0,0.42542004585266113,,,
1.0,0.0,0.4480680525302887,,,
0.0,0.0,0.2967907190322876,,,
0.0,0.0,0.37044262886047363,,,
0.0,0.0,0.24770374596118927,,,
0.0,1.0,0.5707577466964722,,,
1.0,1.0,0.7927635312080383,,,
0.0,0.0,0.31419458985328674,,,
0.0,0.0,0.2657453715801239,,,
0.0,0.0,0.34449082612991333,,,
1.0,1.0,0.804795503616333,,,
0.0,0.0,0.3193760812282562,,,
1.0,0.0,0.28397154808044434,,,
1.0,0.0,0.417766273021698,,,
0.0,0.0,0.26063260436058044,,,
0.0,0.0,0.36740466952323914,,,
0.0,0.0,0.2954210340976715,,,
0.0,0.0,0.3334963321685791,,,
0.0,0.0,0.33255237340927124,,,
1.0,1.0,0.9470844268798828,,,
1.0,1.0,0.550931453704834,,,
0.0,0.0,0.4554325342178345,,,
1.0,1.0,0.7004432678222656,,,
0.0,0.0,0.35212987661361694,,,
0.0,1.0,0.614592432975769,,,
0.0,0.0,0.40109992027282715,,,
0.0,1.0,0.718487560749054,,,
1.0,1.0,0.8557159304618835,,,
0.0,0.0,0.39368757605552673,,,
1.0,1.0,0.5370460152626038,,,
0.0,0.0,0.4925398528575897,,,
0.0,0.0,0.3093842566013336,,,
0.0,0.0,0.17863835394382477,,,
1.0,1.0,0.628472089767456,,,
0.0,1.0,0.5559110045433044,,,
0.0,0.0,0.35972461104393005,,,
0.0,0.0,0.13956059515476227,,,
0.0,0.0,0.4296099543571472,,,
1.0,0.0,0.380885511636734,,,
1.0,1.0,0.8610160946846008,,,
0.0,0.0,0.37197476625442505,,,
1.0,0.0,0.4719175398349762,,,
0.0,0.0,0.41820991039276123,,,
0.0,0.0,0.2905956506729126,,,
0.0,0.0,0.4521639943122864,,,
0.0,0.0,0.27507516741752625,,,
1.0,1.0,0.5766039490699768,,,
0.0,0.0,0.34043610095977783,,,
1.0,1.0,0.5655139088630676,,,
1.0,1.0,0.6640667915344238,,,
0.0,1.0,0.5668095350265503,,,
0.0,0.0,0.3691888451576233,,,
0.0,0.0,0.4882705509662628,,,
0.0,0.0,0.44337883591651917,,,
0.0,0.0,0.4615834057331085,,,
1.0,1.0,0.7061234712600708,,,
0.0,0.0,0.2386440634727478,,,
0.0,0.0,0.29859301447868347,,,
0.0,0.0,0.3136938214302063,,,
0.0,0.0,0.301766037940979,,,
1.0,1.0,0.6844773292541504,,,
0.0,0.0,0.4464801251888275,,,
0.0,0.0,0.34223470091819763,,,
0.0,1.0,0.5156165361404419,,,
1.0,1.0,0.8876287341117859,,,
0.0,0.0,0.43590354919433594,,,
1.0,1.0,0.734169602394104,,,
0.0,0.0,0.40823090076446533,,,
0.0,0.0,0.27814170718193054,,,
0.0,0.0,0.24865417182445526,,,
0.0,0.0,0.3712630569934845,,,
1.0,1.0,0.6970626711845398,,,
1.0,0.0,0.36969196796417236,,,
1.0,1.0,0.6528193354606628,,,
1.0,0.0,0.44765371084213257,,,
1.0,1.0,0.5845286250114441,,,
0.0,0.0,0.3664715886116028,,,
1.0,1.0,0.7001579403877258,,,
0.0,1.0,0.5431846976280212,,,
0.0,1.0,0.6463235020637512,,,
1.0,0.0,0.45719000697135925,,,
0.0,0.0,0.48830050230026245,,,
0.0,0.0,0.2932952344417572,,,
1.0,1.0,0.7240517139434814,,,
0.0,0.0,0.33542826771736145,,,
1.0,0.0,0.3963233232498169,,,
1.0,0.0,0.48672589659690857,,,
1.0,1.0,0.6783620119094849,,,
0.0,0.0,0.4432496130466461,,,
1.0,1.0,0.5845780968666077,,,
0.0,0.0,0.2945334017276764,,,
0.0,0.0,0.36592721939086914,,,
0.0,0.0,0.34289848804473877,,,
1.0,1.0,0.5828792452812195,,,
1.0,0.0,0.3896833062171936,,,
0.0,0.0,0.358280748128891,,,
0.0,0.0,0.34849175810813904,,,
0.0,1.0,0.5570264458656311,,,
1.0,1.0,0.7959855794906616,,,
1.0,1.0,0.8208823800086975,,,
1.0,1.0,0.6549785733222961,,,
1.0,0.0,0.26568344235420227,,,
1.0,0.0,0.46982258558273315,,,
1.0,1.0,0.658395528793335,,,
1.0,1.0,0.726812481880188,,,
1.0,0.0,0.2229130119085312,,,
1.0,1.0,0.5461641550064087,,,
0.0,0.0,0.3462122976779938,,,
1.0,1.0,0.6061186194419861,,,
1.0,1.0,0.8126444220542908,,,
0.0,0.0,0.3450792133808136,,,
0.0,0.0,0.28603458404541016,,,
1.0,0.0,0.3525027334690094,,,
1.0,1.0,0.5794336199760437,,,
0.0,0.0,0.27521979808807373,,,
0.0,0.0,0.240900456905365,,,
1.0,0.0,0.4273933470249176,,,
1.0,0.0,0.4716207981109619,,,
1.0,1.0,0.7135887742042542,,,
1.0,0.0,0.29365506768226624,,,
0.0,0.0,0.4163406491279602,,,
0.0,0.0,0.3354133069515228,,,
1.0,0.0,0.4380897879600525,,,
0.0,0.0,0.3849485516548157,,,
1.0,1.0,0.6914874315261841,,,
1.0,0.0,0.3847179114818573,,,
0.0,0.0,0.14263378083705902,,,
0.0,0.0,0.24641577899456024,,,
0.0,0.0,0.4377877116203308,,,
1.0,1.0,0.509259045124054,,,
0.0,0.0,0.29107317328453064,,,
0.0,0.0,0.3269718587398529,,,
1.0,0.0,0.35868585109710693,,,
0.0,1.0,0.5650568008422852,,,
1.0,1.0,0.5179932117462158,,,
0.0,0.0,0.23564130067825317,,,
1.0,1.0,0.590116560459137,,,
0.0,0.0,0.3067531883716583,,,
0.0,0.0,0.4970370829105377,,,
0.0,1.0,0.6277137398719788,,,
1.0,1.0,0.7985638976097107,,,
0.0,0.0,0.31932181119918823,,,
0.0,0.0,0.29926320910453796,,,
0.0,1.0,0.5226706862449646,,,
1.0,1.0,0.7745393514633179,,,
1.0,1.0,0.6358862519264221,,,
1.0,1.0,0.6324687004089355,,,
0.0,0.0,0.3382631838321686,,,
1.0,0.0,0.35967007279396057,,,
1.0,0.0,0.3477086126804352,,,
0.0,0.0,0.27755704522132874,,,
1.0,1.0,0.6330150365829468,,,
0.0,0.0,0.27070245146751404,,,
0.0,0.0,0.31548812985420227,,,
0.0,0.0,0.3699357211589813,,,
0.0,1.0,0.50367271900177,,,
0.0,1.0,0.5325766801834106,,,
0.0,0.0,0.25848039984703064,,,
0.0,0.0,0.3066629469394684,,,
1.0,1.0,0.7528817057609558,,,
0.0,0.0,0.45949769020080566,,,
1.0,0.0,0.3725753128528595,,,
0.0,0.0,0.3210535943508148,,,
0.0,0.0,0.2889898121356964,,,
1.0,1.0,0.6748822331428528,,,
0.0,0.0,0.42693090438842773,,,
1.0,0.0,0.448977530002594,,,
1.0,1.0,0.6832836866378784,,,
0.0,1.0,0.5360206961631775,,,
0.0,0.0,0.3462862968444824,,,
0.0,0.0,0.37070325016975403,,,
0.0,0.0,0.4495683014392853,,,
0.0,0.0,0.2130642682313919,,,
1.0,0.0,0.41200771927833557,,,
0.0,0.0,0.37252277135849,,,
1.0,1.0,0.8913256525993347,,,
1.0,1.0,0.6721242666244507,,,
0.0,0.0,0.26220473647117615,,,
1.0,1.0,0.7924907207489014,,,
0.0,0.0,0.18250250816345215,,,
0.0,0.0,0.2747595012187958,,,
1.0,1.0,0.8094349503517151,,,
0.0,0.0,0.2271917462348938,,,
1.0,1.0,0.5507042407989502,,,
0.0,0.0,0.41876736283302307,,,
0.0,0.0,0.3273443877696991,,,
1.0,1.0,0.6257808804512024,,,
0.0,0.0,0.3000134527683258,,,
0.0,0.0,0.2034740000963211,,,
1.0,1.0,0.6946163773536682,,,
0.0,1.0,0.7598772048950195,,,
1.0,0.0,0.3505910634994507,,,
1.0,1.0,0.5988945364952087,,,
0.0,0.0,0.22620099782943726,,,
1.0,1.0,0.5565193891525269,,,
0.0,0.0,0.4229612946510315,,,
1.0,1.0,0.5713785886764526,,,
1.0,1.0,0.6985989809036255,,,
1.0,0.0,0.49395468831062317,,,
0.0,0.0,0.26046431064605713,,,
0.0,0.0,0.4377822279930115,,,
1.0,0.0,0.4148058593273163,,,
0.0,0.0,0.371866911649704,,,
1.0,0.0,0.4491523504257202,,,
0.0,0.0,0.43365582823753357,,,
1.0,1.0,0.7893343567848206,,,
1.0,0.0,0.409341037273407,,,
1.0,1.0,0.5561529397964478,,,
1.0,1.0,0.7008264064788818,,,
0.0,1.0,0.5438606142997742,,,
1.0,1.0,0.5705987215042114,,,
0.0,0.0,0.37119343876838684,,,
0.0,0.0,0.3816365599632263,,,
0.0,0.0,0.3067471981048584,,,
1.0,1.0,0.7980156540870667,,,
0.0,0.0,0.2889898121356964,,,
0.0,1.0,0.5034019351005554,,,
0.0,0.0,0.4848576784133911,,,
1.0,1.0,0.5110085606575012,,,
0.0,0.0,0.3831322193145752,,,
0.0,0.0,0.1798120141029358,,,
0.0,0.0,0.44888511300086975,,,
0.0,0.0,0.24934393167495728,,,
0.0,0.0,0.3577326834201813,,,
1.0,1.0,0.5612915754318237,,,
0.0,0.0,0.3211520314216614,,,
0.0,0.0,0.4001191258430481,,,
1.0,1.0,0.7550672292709351,,,
1.0,1.0,0.6021691560745239,,,
1.0,0.0,0.4605989158153534,,,
0.0,0.0,0.4259275496006012,,,
1.0,0.0,0.329071968793869,,,
0.0,0.0,0.37445852160453796,,,
1.0,1.0,0.5062822103500366,,,
1.0,0.0,0.3350978195667267,,,
0.0,0.0,0.35947185754776,,,
1.0,1.0,0.928650975227356,,,
0.0,0.0,0.354709267616272,,,
0.0,0.0,0.39723309874534607,,,
1.0,1.0,0.8131128549575806,,,
1.0,0.0,0.44652485847473145,,,
1.0,0.0,0.45889726281166077,,,
0.0,0.0,0.22981365025043488,,,
0.0,0.0,0.3509902358055115,,,
1.0,1.0,0.5545290112495422,,,
0.0,0.0,0.2571956515312195,,,
0.0,0.0,0.3602432906627655,,,
0.0,0.0,0.31592127680778503,,,
1.0,0.0,0.47607406973838806,,,
0.0,0.0,0.2219115048646927,,,
0.0,0.0,0.4514014422893524,,,
1.0,0.0,0.39551010727882385,,,
0.0,0.0,0.22254207730293274,,,
0.0,0.0,0.35791102051734924,,,
0.0,1.0,0.5826119184494019,,,
1.0,1.0,0.7649298906326294,,,
0.0,0.0,0.33831560611724854,,,
0.0,0.0,0.1798120141029358,,,
1.0,1.0,0.8718105554580688,,,
1.0,0.0,0.4147709608078003,,,
1.0,1.0,0.6013171672821045,,,
1.0,1.0,0.7449039816856384,,,
0.0,0.0,0.2684277296066284,,,
0.0,0.0,0.32168295979499817,,,
0.0,0.0,0.32074493169784546,,,
1.0,0.0,0.44345590472221375,,,
0.0,0.0,0.3927568793296814,,,
1.0,1.0,0.7618411183357239,,,
1.0,1.0,0.506212055683136,,,
1.0,1.0,0.7822566032409668,,,
1.0,0.0,0.39862215518951416,,,
1.0,0.0,0.40387585759162903,,,
1.0,1.0,0.772676408290863,,,
0.0,0.0,0.30890586972236633,,,
1.0,0.0,0.3379994034767151,,,
0.0,0.0,0.3260851502418518,,,
1.0,1.0,0.522589921951294,,,
1.0,1.0,0.8973231911659241,,,
0.0,0.0,0.26472851634025574,,,
1.0,0.0,0.4069584906101227,,,
1.0,1.0,0.7573105692863464,,,
0.0,0.0,0.3090904653072357,,,
1.0,1.0,0.9241733551025391,,,
1.0,1.0,0.8689600825309753,,,
0.0,0.0,0.41368407011032104,,,
0.0,0.0,0.31519433856010437,,,
1.0,0.0,0.3281685411930084,,,
0.0,0.0,0.3211601972579956,,,
1.0,0.0,0.4267539381980896,,,
0.0,0.0,0.36020809412002563,,,
1.0,0.0,0.40756893157958984,,,
1.0,0.0,0.37856119871139526,,,
0.0,0.0,0.257645845413208,,,
1.0,1.0,0.8710537552833557,,,
0.0,0.0,0.4408647119998932,,,
0.0,0.0,0.30646806955337524,,,
1.0,0.0,0.33643820881843567,,,
1.0,1.0,0.779397189617157,,,
0.0,0.0,0.3540569841861725,,,
1.0,0.0,0.42843031883239746,,,
1.0,0.0,0.4474482238292694,,,
1.0,1.0,0.6137072443962097,,,
0.0,0.0,0.31716296076774597,,,
0.0,0.0,0.3477086126804352,,,
1.0,0.0,0.3723428249359131,,,
0.0,0.0,0.4285048842430115,,,
1.0,0.0,0.2591395080089569,,,
1.0,1.0,0.9418048858642578,,,
0.0,0.0,0.2599520683288574,,,
1.0,1.0,0.7133915424346924,,,
0.0,0.0,0.48458969593048096,,,
0.0,0.0,0.21504513919353485,,,
0.0,0.0,0.3405066728591919,,,
0.0,0.0,0.43765565752983093,,,
0.0,0.0,0.32497572898864746,,,
0.0,0.0,0.3505910634994507,,,
0.0,0.0,0.3503126800060272,,,
1.0,1.0,0.8258644938468933,,,
1.0,0.0,0.3891964554786682,,,
1.0,0.0,0.3778952658176422,,,
1.0,1.0,0.5392340421676636,,,
1.0,0.0,0.3776400089263916,,,
1.0,0.0,0.46026673913002014,,,
1.0,1.0,0.8616183996200562,,,
1.0,1.0,0.6463614106178284,,,
1.0,1.0,0.828364908695221,,,
0.0,0.0,0.32510411739349365,,,
0.0,0.0,0.4606602191925049,,,
0.0,0.0,0.252402126789093,,,
1.0,1.0,0.5832242965698242,,,
1.0,0.0,0.1843661367893219,,,
0.0,0.0,0.32685619592666626,,,
0.0,0.0,0.4377822279930115,,,
1.0,1.0,0.7108010649681091,,,
1.0,1.0,0.7007227540016174,,,
0.0,0.0,0.3875840902328491,,,
0.0,0.0,0.24984221160411835,,,
0.0,0.0,0.3067531883716583,,,
0.0,0.0,0.3015516400337219,,,
0.0,0.0,0.1798120141029358,,,
0.0,0.0,0.38929513096809387,,,
0.0,0.0,0.20571576058864594,,,
0.0,0.0,0.4623367190361023,,,
1.0,1.0,0.7281326651573181,,,
1.0,1.0,0.7008196711540222,,,
0.0,0.0,0.49416470527648926,,,
1.0,1.0,0.89557284116745,,,
0.0,0.0,0.3609377145767212,,,
0.0,0.0,0.40400150418281555,,,
0.0,1.0,0.5581013560295105,,,
1.0,0.0,0.4939197301864624,,,
0.0,0.0,0.23229213058948517,,,
0.0,0.0,0.36887770891189575,,,
1.0,1.0,0.6274494528770447,,,
0.0,0.0,0.34658098220825195,,,
0.0,1.0,0.7299920320510864,,,
1.0,1.0,0.6015416979789734,,,
0.0,0.0,0.3435947000980377,,,
1.0,1.0,0.5575205683708191,,,
0.0,0.0,0.2973979115486145,,,
0.0,0.0,0.3377460241317749,,,
0.0,0.0,0.34478986263275146,,,
1.0,1.0,0.5615636110305786,,,
1.0,0.0,0.462702214717865,,,
1.0,0.0,0.4364562928676605,,,
0.0,0.0,0.1798120141029358,,,
0.0,0.0,0.4579314589500427,,,
0.0,0.0,0.3231510519981384,,,
1.0,1.0,0.7515590190887451,,,
0.0,0.0,0.408995121717453,,,
0.0,0.0,0.31346866488456726,,,
1.0,1.0,0.694553792476654,,,
1.0,0.0,0.4268239438533783,,,
0.0,0.0,0.3095152974128723,,,
0.0,0.0,0.17807215452194214,,,
0.0,0.0,0.3873061537742615,,,
0.0,1.0,0.5687562823295593,,,
1.0,1.0,0.7023764848709106,,,
0.0,0.0,0.2582855224609375,,,
0.0,0.0,0.40256452560424805,,,
1.0,1.0,0.6313915848731995,,,
1.0,1.0,0.6569288969039917,,,
1.0,1.0,0.8035953640937805,,,
0.0,0.0,0.1851322054862976,,,
1.0,1.0,0.5569499731063843,,,
1.0,0.0,0.4176642596721649,,,
0.0,0.0,0.3260396718978882,,,
0.0,0.0,0.34744352102279663,,,
1.0,1.0,0.6070976853370667,,,
1.0,1.0,0.8983055353164673,,,
0.0,0.0,0.34572118520736694,,,
1.0,1.0,0.6320586204528809,,,
0.0,1.0,0.7008902430534363,,,
0.0,0.0,0.4163968563079834,,,
0.0,0.0,0.37160524725914,,,
1.0,1.0,0.8521397113800049,,,
0.0,0.0,0.3437039852142334,,,
0.0,0.0,0.2912258505821228,,,
0.0,0.0,0.34880614280700684,,,
0.0,0.0,0.3753897249698639,,,
0.0,0.0,0.3612890839576721,,,
1.0,0.0,0.48819342255592346,,,
1.0,1.0,0.8363664746284485,,,
1.0,1.0,0.6653145551681519,,,
1.0,0.0,0.3794735074043274,,,
0.0,0.0,0.28347980976104736,,,
1.0,1.0,0.9371712803840637,,,
1.0,0.0,0.3926231265068054,,,
0.0,0.0,0.24966172873973846,,,
0.0,1.0,0.5061097145080566,,,
0.0,0.0,0.3404214084148407,,,
0.0,0.0,0.31175392866134644,,,
0.0,0.0,0.4606602191925049,,,
0.0,0.0,0.26629579067230225,,,
0.0,0.0,0.35969844460487366,,,
0.0,0.0,0.31727510690689087,,,
0.0,0.0,0.29560235142707825,,,
0.0,0.0,0.44939935207366943,,,
0.0,1.0,0.5140954256057739,,,
0.0,0.0,0.3075634837150574,,,
0.0,0.0,0.43539947271347046,,,
1.0,0.0,0.4442634880542755,,,
1.0,1.0,0.5256932377815247,,,
1.0,1.0,0.8741665482521057,,,
0.0,0.0,0.2921663522720337,,,
1.0,1.0,0.912456750869751,,,
0.0,0.0,0.2961468994617462,,,
1.0,1.0,0.7523881793022156,,,
1.0,0.0,0.46539923548698425,,,
0.0,1.0,0.7358124256134033,,,
0.0,0.0,0.35072314739227295,,,
1.0,1.0,0.7091798782348633,,,
0.0,0.0,0.33799412846565247,,,
1.0,1.0,0.9369598627090454,,,
1.0,1.0,0.5214701294898987,,,
1.0,0.0,0.3980392813682556,,,
0.0,0.0,0.2928229570388794,,,
0.0,0.0,0.3596034646034241,,,
0.0,0.0,0.27105915546417236,,,
1.0,1.0,0.7894304990768433,,,
0.0,0.0,0.359566330909729,,,
1.0,1.0,0.6139277219772339,,,
1.0,1.0,0.641229510307312,,,
0.0,0.0,0.41015151143074036,,,
1.0,0.0,0.35952967405319214,,,
0.0,0.0,0.4065883159637451,,,
0.0,0.0,0.3113766610622406,,,
0.0,0.0,0.17340737581253052,,,
1.0,1.0,0.6023606657981873,,,
0.0,0.0,0.39515194296836853,,,
0.0,0.0,0.4957261085510254,,,
0.0,0.0,0.2746707797050476,,,
1.0,0.0,0.4442634880542755,,,
1.0,0.0,0.3150723874568939,,,
1.0,0.0,0.4059436619281769,,,
0.0,0.0,0.4652479290962219,,,
0.0,0.0,0.25869840383529663,,,
1.0,0.0,0.4211559295654297,,,
1.0,0.0,0.48771828413009644,,,
0.0,0.0,0.4546443223953247,,,
1.0,1.0,0.9525208473205566,,,
1.0,0.0,0.32120752334594727,,,
0.0,0.0,0.2701948881149292,,,
0.0,0.0,0.3483258783817291,,,
0.0,0.0,0.377709299325943,,,
0.0,0.0,0.27590587735176086,,,
0.0,0.0,0.27410683035850525,,,
0.0,0.0,0.36582764983177185,,,
1.0,1.0,0.9375779032707214,,,
1.0,1.0,0.7087880373001099,,,
1.0,1.0,0.8014406561851501,,,
1.0,1.0,0.9353537559509277,,,
0.0,0.0,0.19350281357765198,,,
1.0,1.0,0.8503575325012207,,,
1.0,0.0,0.4717648923397064,,,
0.0,0.0,0.3274551331996918,,,
0.0,0.0,0.17756527662277222,,,
1.0,1.0,0.7756884694099426,,,
1.0,1.0,0.886050820350647,,,
0.0,0.0,0.24502617120742798,,,
1.0,0.0,0.4761335253715515,,,
1.0,1.0,0.7707964181900024,,,
1.0,0.0,0.49367672204971313,,,
1.0,1.0,0.8397768139839172,,,
1.0,1.0,0.6279354095458984,,,
1.0,0.0,0.22860097885131836,,,
0.0,0.0,0.42515578866004944,,,
1.0,0.0,0.4075329601764679,,,
1.0,1.0,0.7371397614479065,,,
1.0,1.0,0.6082696318626404,,,
1.0,1.0,0.7385175824165344,,,
0.0,1.0,0.6191322207450867,,,
0.0,0.0,0.26295995712280273,,,
1.0,0.0,0.42626768350601196,,,
1.0,0.0,0.46066296100616455,,,
0.0,1.0,0.7003790736198425,,,
1.0,1.0,0.8058409094810486,,,
1.0,0.0,0.45728957653045654,,,
1.0,0.0,0.4200807809829712,,,
0.0,0.0,0.29538875818252563,,,
1.0,1.0,0.5561860203742981,,,
1.0,1.0,0.9018329977989197,,,
1.0,0.0,0.42709848284721375,,,
0.0,0.0,0.4195581078529358,,,
1.0,1.0,0.537846565246582,,,
1.0,0.0,0.3299127519130707,,,
1.0,1.0,0.5338103771209717,,,
1.0,1.0,0.8993766903877258,,,
1.0,1.0,0.6314024925231934,,,
1.0,0.0,0.4888220727443695,,,
0.0,0.0,0.3209298253059387,,,
1.0,0.0,0.4267391562461853,,,
0.0,1.0,0.6137307286262512,,,
0.0,0.0,0.380827397108078,,,
1.0,1.0,0.5633150339126587,,,
0.0,0.0,0.33248215913772583,,,
0.0,0.0,0.33028775453567505,,,
1.0,1.0,0.5248490571975708,,,
0.0,0.0,0.3680815100669861,,,
0.0,1.0,0.6124657392501831,,,
0.0,1.0,0.7029457092285156,,,
1.0,1.0,0.5484593510627747,,,
1.0,1.0,0.5820584297180176,,,
0.0,0.0,0.39497289061546326,,,
0.0,1.0,0.5734778642654419,,,
0.0,0.0,0.3698083162307739,,,
0.0,0.0,0.3847179114818573,,,
1.0,1.0,0.5259811878204346,,,
1.0,1.0,0.6995813250541687,,,
1.0,0.0,0.46468794345855713,,,
1.0,1.0,0.8077864050865173,,,
1.0,1.0,0.5674654245376587,,,
1.0,1.0,0.5558530688285828,,,
0.0,0.0,0.29560235142707825,,,
0.0,0.0,0.1798120141029358,,,
1.0,0.0,0.4389727711677551,,,
0.0,0.0,0.3415312170982361,,,
1.0,0.0,0.3706887662410736,,,
0.0,0.0,0.29984453320503235,,,
1.0,1.0,0.7822808027267456,,,
1.0,0.0,0.41482406854629517,,,
1.0,0.0,0.31590577960014343,,,
1.0,0.0,0.488346666097641,,,
0.0,0.0,0.427568644285202,,,
1.0,0.0,0.4167076349258423,,,
1.0,1.0,0.8106816411018372,,,
0.0,0.0,0.3462725281715393,,,
0.0,0.0,0.16785754263401031,,,
1.0,1.0,0.7673887610435486,,,
0.0,0.0,0.18578919768333435,,,
0.0,0.0,0.44860368967056274,,,
1.0,1.0,0.7869946956634521,,,
0.0,0.0,0.2701248526573181,,,
0.0,0.0,0.4508906602859497,,,
0.0,1.0,0.5145925879478455,,,
1.0,1.0,0.5449791550636292,,,
0.0,0.0,0.3134249150753021,,,
0.0,1.0,0.5847318172454834,,,
1.0,0.0,0.4191165268421173,,,
1.0,0.0,0.4568813741207123,,,
1.0,0.0,0.3225008249282837,,,
0.0,0.0,0.1798120141029358,,,
0.0,0.0,0.235336571931839,,,
0.0,0.0,0.31476932764053345,,,
1.0,0.0,0.23674291372299194,,,
1.0,1.0,0.5138818025588989,,,
0.0,0.0,0.2737559378147125,,,
1.0,1.0,0.6079660058021545,,,
0.0,0.0,0.4273265302181244,,,
1.0,1.0,0.5735858678817749,,,
0.0,0.0,0.27327293157577515,,,
0.0,0.0,0.3240487575531006,,,
1.0,1.0,0.9233738780021667,,,
1.0,0.0,0.3808191120624542,,,
0.0,1.0,0.5092007517814636,,,
0.0,0.0,0.3030048906803131,,,
0.0,0.0,0.3462725281715393,,,
1.0,1.0,0.8410115242004395,,,
0.0,1.0,0.5425935983657837,,,
0.0,1.0,0.5524383783340454,,,
0.0,0.0,0.43928858637809753,,,
1.0,1.0,0.685531497001648,,,
0.0,0.0,0.3437143862247467,,,
0.0,0.0,0.31909486651420593,,,
0.0,0.0,0.29396700859069824,,,
1.0,1.0,0.6317443251609802,,,
1.0,0.0,0.40859735012054443,,,
1.0,1.0,0.5780434608459473,,,
1.0,1.0,0.5793558359146118,,,
1.0,1.0,0.7459919452667236,,,
0.0,0.0,0.27990031242370605,,,
0.0,0.0,0.2775813937187195,,,
0.0,0.0,0.3944118320941925,,,
0.0,0.0,0.39139997959136963,,,
0.0,0.0,0.14660902321338654,,,
1.0,0.0,0.45889726281166077,,,
0.0,0.0,0.21928177773952484,,,
0.0,1.0,0.5026510953903198,,,
0.0,0.0,0.20071148872375488,,,
1.0,1.0,0.8312993049621582,,,
0.0,0.0,0.4844447374343872,,,
0.0,1.0,0.6463614106178284,,,
0.0,0.0,0.31959936022758484,,,
0.0,0.0,0.3438647389411926,,,
1.0,0.0,0.4004729986190796,,,
1.0,1.0,0.6134779453277588,,,
0.0,0.0,0.23990756273269653,,,
1.0,1.0,0.9072282314300537,,,
1.0,1.0,0.5977523922920227,,,
0.0,0.0,0.37452298402786255,,,
1.0,1.0,0.7123211026191711,,,
0.0,0.0,0.3766184449195862,,,
1.0,1.0,0.8622833490371704,,,
0.0,0.0,0.35894322395324707,,,
0.0,0.0,0.3702976107597351,,,
1.0,0.0,0.44109049439430237,,,
0.0,1.0,0.5679997801780701,,,
0.0,0.0,0.22882866859436035,,,
0.0,0.0,0.3917047679424286,,,
0.0,0.0,0.3524737060070038,,,
1.0,0.0,0.4262129068374634,,,
0.0,0.0,0.20494364202022552,,,
0.0,0.0,0.438942551612854,,,
0.0,0.0,0.23211118578910828,,,
1.0,1.0,0.876073956489563,,,
0.0,0.0,0.32812875509262085,,,
0.0,1.0,0.7464579343795776,,,
1.0,1.0,0.7908419966697693,,,
0.0,0.0,0.3060005009174347,,,
0.0,0.0,0.31442520022392273,,,
1.0,0.0,0.34819352626800537,,,
0.0,0.0,0.3625369071960449,,,
1.0,1.0,0.7773157358169556,,,
1.0,1.0,0.7422794103622437,,,
0.0,0.0,0.3347022235393524,,,
0.0,0.0,0.428029328584671,,,
0.0,1.0,0.6765586137771606,,,
0.0,0.0,0.3692590892314911,,,
1.0,1.0,0.8155630826950073,,,
0.0,0.0,0.3562716245651245,,,
0.0,0.0,0.3968905806541443,,,
0.0,0.0,0.46816298365592957,,,
1.0,1.0,0.7822808027267456,,,
1.0,0.0,0.4498995840549469,,,
1.0,0.0,0.4780574440956116,,,
1.0,1.0,0.7001708149909973,,,
1.0,1.0,0.6341866850852966,,,
1.0,1.0,0.7431870102882385,,,
1.0,1.0,0.6968286037445068,,,
0.0,0.0,0.3291611075401306,,,
1.0,0.0,0.32175305485725403,,,
0.0,0.0,0.3451923429965973,,,
1.0,1.0,0.6846625208854675,,,
0.0,0.0,0.3767537474632263,,,
1.0,1.0,0.891106367111206,,,
1.0,1.0,0.8521343469619751,,,
1.0,0.0,0.41376733779907227,,,
0.0,0.0,0.42399153113365173,,,
0.0,0.0,0.45449644327163696,,,
0.0,0.0,0.4646364748477936,,,
1.0,0.0,0.46060630679130554,,,
0.0,0.0,0.409341037273407,,,
0.0,0.0,0.3774879276752472,,,
0.0,0.0,0.34070542454719543,,,
1.0,0.0,0.463896244764328,,,
0.0,0.0,0.32510778307914734,,,
1.0,1.0,0.808169424533844,,,
1.0,1.0,0.9075281023979187,,,
0.0,1.0,0.5143846869468689,,,
0.0,0.0,0.3637160658836365,,,
1.0,1.0,0.6967783570289612,,,
1.0,1.0,0.7746005654335022,,,
0.0,1.0,0.5744403600692749,,,
0.0,0.0,0.30798304080963135,,,
0.0,0.0,0.33429431915283203,,,
1.0,1.0,0.5255374908447266,,,
0.0,0.0,0.2877204120159149,,,
0.0,0.0,0.2737754285335541,,,
0.0,0.0,0.33161699771881104,,,
1.0,1.0,0.8253092169761658,,,
0.0,0.0,0.12347008287906647,,,
0.0,0.0,0.2409769743680954,,,
1.0,1.0,0.6950325965881348,,,
0.0,0.0,0.2466602772474289,,,
1.0,1.0,0.8853542804718018,,,
0.0,0.0,0.48407748341560364,,,
1.0,0.0,0.39773133397102356,,,
1.0,0.0,0.4466468095779419,,,
0.0,0.0,0.21822474896907806,,,
0.0,0.0,0.4917713403701782,,,
0.0,0.0,0.47774603962898254,,,
1.0,1.0,0.6645405292510986,,,
0.0,0.0,0.3228309750556946,,,
0.0,0.0,0.45392748713493347,,,
0.0,0.0,0.2601258456707001,,,
0.0,0.0,0.2939896285533905,,,
0.0,1.0,0.5753300786018372,,,
0.0,0.0,0.2508016526699066,,,
0.0,0.0,0.43188849091529846,,,
0.0,0.0,0.34358251094818115,,,
1.0,1.0,0.6419374346733093,,,
1.0,1.0,0.7387393116950989,,,
0.0,0.0,0.41060638427734375,,,
1.0,1.0,0.6527780294418335,,,
1.0,1.0,0.5846519470214844,,,
0.0,0.0,0.3492552936077118,,,
0.0,0.0,0.42319831252098083,,,
0.0,0.0,0.32003241777420044,,,
0.0,0.0,0.21107526123523712,,,
1.0,1.0,0.7608528137207031,,,
0.0,0.0,0.3027002215385437,,,
1.0,1.0,0.8382603526115417,,,
0.0,0.0,0.49246329069137573,,,
0.0,0.0,0.32660043239593506,,,
1.0,0.0,0.3699531555175781,,,
1.0,1.0,0.5930606126785278,,,
1.0,1.0,0.6147211790084839,,,
0.0,0.0,0.1362568587064743,,,
1.0,1.0,0.5866967439651489,,,
0.0,0.0,0.34163403511047363,,,
0.0,0.0,0.4491810202598572,,,
0.0,0.0,0.12150756269693375,,,
1.0,1.0,0.5886675119400024,,,
1.0,1.0,0.8759950995445251,,,
0.0,0.0,0.3787914514541626,,,
0.0,0.0,0.3343416452407837,,,
1.0,1.0,0.5276815295219421,,,
1.0,1.0,0.6625776290893555,,,
0.0,0.0,0.35358676314353943,,,
0.0,0.0,0.19888710975646973,,,
1.0,1.0,0.9023988842964172,,,
1.0,0.0,0.4292924404144287,,,
0.0,0.0,0.2991451621055603,,,
1.0,0.0,0.4693712592124939,,,
1.0,0.0,0.3220786452293396,,,
0.0,0.0,0.3318072557449341,,,
0.0,0.0,0.357511043548584,,,
0.0,0.0,0.1809987872838974,,,
0.0,0.0,0.3476439416408539,,,
0.0,0.0,0.4077984392642975,,,
1.0,1.0,0.9135056138038635,,,
1.0,1.0,0.7884117364883423,,,
0.0,0.0,0.38815173506736755,,,
0.0,0.0,0.29059213399887085,,,
1.0,1.0,0.6665310859680176,,,
0.0,0.0,0.34462934732437134,,,
0.0,0.0,0.30679675936698914,,,
1.0,1.0,0.7324790954589844,,,
0.0,1.0,0.5184657573699951,,,
1.0,1.0,0.6810858845710754,,,
0.0,0.0,0.3500683605670929,,,
0.0,0.0,0.3253178894519806,,,
0.0,0.0,0.48929041624069214,,,
1.0,1.0,0.6155823469161987,,,
1.0,1.0,0.6577520370483398,,,
1.0,1.0,0.7636366486549377,,,
0.0,0.0,0.33615759015083313,,,
0.0,0.0,0.3292267620563507,,,
0.0,0.0,0.48768919706344604,,,
0.0,0.0,0.3222270905971527,,,
0.0,0.0,0.48680317401885986,,,
0.0,0.0,0.2963006794452667,,,
1.0,0.0,0.34236645698547363,,,
0.0,0.0,0.27551954984664917,,,
1.0,1.0,0.7539842128753662,,,
0.0,0.0,0.4384270906448364,,,
1.0,1.0,0.5723868012428284,,,
0.0,0.0,0.3418285846710205,,,
0.0,0.0,0.3795025646686554,,,
1.0,1.0,0.7547226548194885,,,
0.0,0.0,0.3643295168876648,,,
0.0,0.0,0.27285581827163696,,,
1.0,0.0,0.4852806031703949,,,
1.0,1.0,0.9217609167098999,,,
1.0,0.0,0.49181777238845825,,,
0.0,0.0,0.3352964222431183,,,
0.0,0.0,0.3228324353694916,,,
0.0,1.0,0.637912392616272,,,
1.0,0.0,0.2842300236225128,,,
0.0,0.0,0.3153134286403656,,,
0.0,1.0,0.5156333446502686,,,
1.0,0.0,0.48457086086273193,,,
1.0,1.0,0.6037601232528687,,,
1.0,1.0,0.6856462955474854,,,
1.0,1.0,0.5603086352348328,,,
1.0,1.0,0.7897239327430725,,,
1.0,1.0,0.7012072801589966,,,
1.0,0.0,0.46679091453552246,,,
0.0,0.0,0.2833166718482971,,,
0.0,0.0,0.34389546513557434,,,
1.0,1.0,0.5419235229492188,,,
0.0,0.0,0.406526118516922,,,
0.0,0.0,0.263698935508728,,,
0.0,0.0,0.38335004448890686,,,
1.0,1.0,0.8378225564956665,,,
1.0,1.0,0.5811167359352112,,,
0.0,1.0,0.5354337096214294,,,
0.0,0.0,0.435067743062973,,,
1.0,1.0,0.8437128067016602,,,
0.0,0.0,0.39935243129730225,,,
1.0,0.0,0.34856903553009033,,,
0.0,0.0,0.21695086359977722,,,
0.0,0.0,0.4293244779109955,,,
1.0,1.0,0.6556299924850464,,,
0.0,0.0,0.3536764979362488,,,
1.0,1.0,0.688578188419342,,,
1.0,0.0,0.4717648923397064,,,
0.0,1.0,0.5012179017066956,,,
1.0,1.0,0.6277529001235962,,,
0.0,0.0,0.32145363092422485,,,
0.0,1.0,0.5229272246360779,,,
0.0,0.0,0.24929271638393402,,,
1.0,1.0,0.8695840835571289,,,
1.0,0.0,0.4069584906101227,,,
0.0,0.0,0.45888808369636536,,,
0.0,0.0,0.4032604694366455,,,
0.0,0.0,0.4697031080722809,,,
0.0,0.0,0.2306210994720459,,,
0.0,1.0,0.526008665561676,,,
0.0,0.0,0.33719557523727417,,,
0.0,0.0,0.16943638026714325,,,
1.0,1.0,0.6999843120574951,,,
1.0,1.0,0.7170767188072205,,,
0.0,0.0,0.41229358315467834,,,
0.0,0.0,0.35801833868026733,,,
0.0,0.0,0.30595433712005615,,,
0.0,0.0,0.3201274275779724,,,
0.0,0.0,0.45808374881744385,,,
0.0,0.0,0.3018147051334381,,,
1.0,1.0,0.7226230502128601,,,
1.0,1.0,0.7825544476509094,,,
1.0,1.0,0.58736652135849,,,
1.0,0.0,0.37902456521987915,,,
1.0,0.0,0.379647433757782,,,
1.0,1.0,0.7938175201416016,,,
0.0,0.0,0.4014543294906616,,,
1.0,1.0,0.7061234712600708,,,
0.0,0.0,0.3789384663105011,,,
0.0,0.0,0.32173779606819153,,,
1.0,0.0,0.4831254780292511,,,
0.0,0.0,0.2209731638431549,,,
1.0,1.0,0.5026726722717285,,,
1.0,1.0,0.7887428998947144,,,
1.0,1.0,0.8946110606193542,,,
0.0,0.0,0.3555777966976166,,,
0.0,0.0,0.19710664451122284,,,
1.0,0.0,0.3457385301589966,,,
0.0,0.0,0.3514965772628784,,,
0.0,0.0,0.39975371956825256,,,
0.0,0.0,0.40182429552078247,,,
1.0,1.0,0.8961525559425354,,,
1.0,1.0,0.7832643985748291,,,
0.0,0.0,0.4559745788574219,,,
0.0,0.0,0.20592135190963745,,,
1.0,1.0,0.5249994993209839,,,
0.0,0.0,0.3722836673259735,,,
1.0,0.0,0.48607137799263,,,
0.0,0.0,0.42707592248916626,,,
0.0,0.0,0.4579314589500427,,,
0.0,0.0,0.31727510690689087,,,
0.0,0.0,0.3704918324947357,,,
1.0,1.0,0.7677169442176819,,,
1.0,0.0,0.45031416416168213,,,
0.0,1.0,0.6969524025917053,,,
0.0,1.0,0.6628983020782471,,,
0.0,0.0,0.343330055475235,,,
1.0,1.0,0.7022225856781006,,,
1.0,0.0,0.3348881006240845,,,
0.0,0.0,0.2969350516796112,,,
1.0,0.0,0.41388246417045593,,,
1.0,1.0,0.6546992659568787,,,
0.0,0.0,0.198178231716156,,,
0.0,0.0,0.1923123002052307,,,
1.0,1.0,0.5655897855758667,,,
1.0,1.0,0.6991222500801086,,,
0.0,0.0,0.41464805603027344,,,
1.0,1.0,0.8886582851409912,,,
1.0,1.0,0.5860210657119751,,,
0.0,0.0,0.4552503228187561,,,
1.0,1.0,0.5386151671409607,,,
1.0,0.0,0.43968215584754944,,,
1.0,1.0,0.7723014950752258,,,
1.0,1.0,0.700366199016571,,,
1.0,0.0,0.37705913186073303,,,
0.0,0.0,0.4682653248310089,,,
0.0,0.0,0.45547857880592346,,,
0.0,0.0,0.3377865254878998,,,
0.0,0.0,0.3748130202293396,,,
0.0,0.0,0.34728026390075684,,,
1.0,1.0,0.8186368942260742,,,
1.0,1.0,0.7241635322570801,,,
1.0,1.0,0.556150496006012,,,
1.0,1.0,0.6098279356956482,,,
1.0,0.0,0.3301769495010376,,,
0.0,0.0,0.1958075761795044,,,
1.0,1.0,0.8150168061256409,,,
0.0,0.0,0.4163968563079834,,,
1.0,1.0,0.694866955280304,,,
0.0,0.0,0.38939720392227173,,,
0.0,0.0,0.25303611159324646,,,
0.0,0.0,0.37561532855033875,,,
0.0,0.0,0.36362001299858093,,,
1.0,0.0,0.49674803018569946,,,
0.0,0.0,0.4324222803115845,,,
0.0,0.0,0.32329654693603516,,,
0.0,0.0,0.3672618865966797,,,
1.0,0.0,0.4822956621646881,,,
1.0,1.0,0.6960707902908325,,,
1.0,1.0,0.58970707654953,,,
0.0,0.0,0.38526651263237,,,
1.0,0.0,0.44100114703178406,,,
0.0,0.0,0.3440384268760681,,,
0.0,0.0,0.26612985134124756,,,
1.0,0.0,0.3854331970214844,,,
1.0,1.0,0.7959855794906616,,,
1.0,1.0,0.6501287817955017,,,
0.0,0.0,0.48155173659324646,,,
0.0,0.0,0.20350529253482819,,,
0.0,1.0,0.5154260993003845,,,
0.0,1.0,0.5779891014099121,,,
0.0,1.0,0.6561012864112854,,,
1.0,1.0,0.5547544956207275,,,
1.0,1.0,0.8810855150222778,,,
1.0,0.0,0.3845347464084625,,,
0.0,0.0,0.39494186639785767,,,
0.0,0.0,0.21184419095516205,,,
0.0,0.0,0.32966911792755127,,,
0.0,0.0,0.27654045820236206,,,
1.0,1.0,0.5392340421676636,,,
1.0,0.0,0.48325249552726746,,,
0.0,0.0,0.26393628120422363,,,
0.0,0.0,0.2917192578315735,,,
1.0,0.0,0.3828393816947937,,,
1.0,1.0,0.7565611004829407,,,
1.0,1.0,0.6530808210372925,,,
0.0,1.0,0.6660879850387573,,,
0.0,0.0,0.3324825167655945,,,
1.0,1.0,0.8500716090202332,,,
0.0,0.0,0.36175301671028137,,,
0.0,0.0,0.38837930560112,,,
0.0,0.0,0.3108079731464386,,,
1.0,1.0,0.6265199184417725,,,
1.0,1.0,0.6586340665817261,,,
1.0,1.0,0.8343067169189453,,,
1.0,1.0,0.5480900406837463,,,
1.0,1.0,0.8315304517745972,,,
0.0,0.0,0.45392319560050964,,,
1.0,0.0,0.37624645233154297,,,
0.0,0.0,0.33890101313591003,,,
0.0,1.0,0.5947648882865906,,,
0.0,1.0,0.622521162033081,,,
1.0,1.0,0.8038523197174072,,,
0.0,0.0,0.26786261796951294,,,
1.0,1.0,0.7434180974960327,,,
0.0,0.0,0.34964874386787415,,,
0.0,0.0,0.48604848980903625,,,
1.0,1.0,0.5326821804046631,,,
0.0,0.0,0.3465713858604431,,,
0.0,0.0,0.3938055634498596,,,
0.0,0.0,0.40539106726646423,,,
0.0,0.0,0.3621639907360077,,,
0.0,0.0,0.20677772164344788,,,
1.0,0.0,0.4270482659339905,,,
1.0,1.0,0.8647744655609131,,,
0.0,0.0,0.256104052066803,,,
0.0,0.0,0.360641211271286,,,
1.0,1.0,0.513681948184967,,,
0.0,1.0,0.6629714369773865,,,
1.0,1.0,0.5953071117401123,,,
0.0,0.0,0.31328436732292175,,,
0.0,0.0,0.2545415759086609,,,
1.0,1.0,0.6319947838783264,,,
0.0,0.0,0.41938960552215576,,,
1.0,1.0,0.5309351086616516,,,
1.0,0.0,0.45950815081596375,,,
0.0,1.0,0.5450208187103271,,,
0.0,0.0,0.4452497065067291,,,
1.0,1.0,0.7601638436317444,,,
1.0,0.0,0.4719729721546173,,,
1.0,0.0,0.3955894410610199,,,
0.0,0.0,0.4230383336544037,,,
1.0,1.0,0.7425767183303833,,,
1.0,1.0,0.7684510350227356,,,
0.0,1.0,0.7871841788291931,,,
0.0,0.0,0.30247998237609863,,,
1.0,1.0,0.531356930732727,,,
1.0,1.0,0.7484164834022522,,,
0.0,0.0,0.3404664397239685,,,
1.0,0.0,0.48433148860931396,,,
0.0,1.0,0.5767244100570679,,,
0.0,1.0,0.5490094423294067,,,
1.0,1.0,0.7123211026191711,,,
0.0,0.0,0.3167068362236023,,,
1.0,0.0,0.47308632731437683,,,
1.0,1.0,0.657159149646759,,,
0.0,0.0,0.47985488176345825,,,
1.0,1.0,0.6021497845649719,,,
1.0,0.0,0.4043762683868408,,,
1.0,0.0,0.3197058141231537,,,
1.0,1.0,0.5103979110717773,,,
1.0,1.0,0.5425618886947632,,,
0.0,0.0,0.3228728473186493,,,
0.0,0.0,0.31470537185668945,,,
1.0,0.0,0.2639922499656677,,,
0.0,0.0,0.4771333932876587,,,
0.0,0.0,0.3031407594680786,,,
1.0,1.0,0.6227620840072632,,,
0.0,0.0,0.22620099782943726,,,
0.0,0.0,0.3168051242828369,,,
1.0,1.0,0.7144341468811035,,,
1.0,1.0,0.5936122536659241,,,
0.0,0.0,0.36366310715675354,,,
1.0,1.0,0.5356931090354919,,,
0.0,1.0,0.5362401008605957,,,
0.0,0.0,0.43674489855766296,,,
0.0,0.0,0.28964942693710327,,,
1.0,1.0,0.6569947004318237,,,
0.0,0.0,0.3544522225856781,,,
0.0,0.0,0.26382049918174744,,,
1.0,1.0,0.5746732950210571,,,
0.0,0.0,0.3824140131473541,,,
0.0,0.0,0.29628992080688477,,,
1.0,0.0,0.47836288809776306,,,
1.0,0.0,0.3035934567451477,,,
0.0,0.0,0.20977607369422913,,,
1.0,1.0,0.6301897168159485,,,
0.0,0.0,0.35783272981643677,,,
0.0,0.0,0.42826443910598755,,,
1.0,1.0,0.5547628402709961,,,
0.0,0.0,0.31219303607940674,,,
0.0,0.0,0.44825878739356995,,,
0.0,0.0,0.2301228642463684,,,
0.0,0.0,0.4153078496456146,,,
0.0,0.0,0.38766002655029297,,,
1.0,0.0,0.3741109371185303,,,
0.0,0.0,0.43327271938323975,,,
1.0,0.0,0.3257983326911926,,,
0.0,0.0,0.49706676602363586,,,
0.0,0.0,0.31944218277931213,,,
0.0,0.0,0.2835199534893036,,,
0.0,1.0,0.5295724868774414,,,
0.0,0.0,0.45316192507743835,,,
1.0,0.0,0.28978314995765686,,,
1.0,1.0,0.7382370233535767,,,
1.0,0.0,0.3278428316116333,,,
0.0,0.0,0.2977760136127472,,,
1.0,0.0,0.37287938594818115,,,
0.0,0.0,0.4726704955101013,,,
1.0,0.0,0.39030078053474426,,,
1.0,1.0,0.7833218574523926,,,
1.0,1.0,0.9020470380783081,,,
1.0,0.0,0.4889909327030182,,,
1.0,0.0,0.4245162308216095,,,
1.0,1.0,0.687791109085083,,,
1.0,1.0,0.6052566766738892,,,
0.0,0.0,0.28923436999320984,,,
0.0,0.0,0.41121727228164673,,,
0.0,0.0,0.22802715003490448,,,
1.0,1.0,0.5063382983207703,,,
0.0,0.0,0.26105692982673645,,,
1.0,1.0,0.5887296199798584,,,
0.0,0.0,0.31055566668510437,,,
0.0,0.0,0.3108079731464386,,,
1.0,1.0,0.7570346593856812,,,
0.0,0.0,0.30838310718536377,,,
0.0,0.0,0.41155949234962463,,,
1.0,1.0,0.9177377223968506,,,
1.0,1.0,0.8194448947906494,,,
0.0,0.0,0.30490580201148987,,,
1.0,0.0,0.47072121500968933,,,
1.0,1.0,0.5143104791641235,,,
0.0,0.0,0.27105915546417236,,,
0.0,0.0,0.3292412757873535,,,
0.0,0.0,0.4563363194465637,,,
0.0,0.0,0.49213969707489014,,,
0.0,0.0,0.2594463527202606,,,
0.0,0.0,0.40759798884391785,,,
1.0,1.0,0.7893343567848206,,,
1.0,1.0,0.5743188858032227,,,
1.0,0.0,0.4901275634765625,,,
1.0,0.0,0.4031360447406769,,,
0.0,1.0,0.5681560635566711,,,
0.0,1.0,0.5453338623046875,,,
0.0,0.0,0.4974534809589386,,,
1.0,1.0,0.6088799834251404,,,
0.0,0.0,0.19610372185707092,,,
1.0,1.0,0.8507353663444519,,,
0.0,0.0,0.31724798679351807,,,
0.0,1.0,0.5062822103500366,,,
0.0,1.0,0.5348654985427856,,,
0.0,1.0,0.5437252521514893,,,
0.0,0.0,0.2773148715496063,,,
0.0,0.0,0.3259008228778839,,,
1.0,1.0,0.6906799077987671,,,
1.0,1.0,0.5267480611801147,,,
0.0,0.0,0.19310246407985687,,,
0.0,0.0,0.40321874618530273,,,
1.0,0.0,0.45032721757888794,,,
0.0,0.0,0.46371063590049744,,,
1.0,1.0,0.6594383120536804,,,
0.0,0.0,0.22921521961688995,,,
1.0,0.0,0.36690554022789,,,
1.0,0.0,0.44456174969673157,,,
1.0,1.0,0.6464766263961792,,,
0.0,0.0,0.2733338475227356,,,
0.0,0.0,0.47885584831237793,,,
1.0,1.0,0.7118199467658997,,,
0.0,0.0,0.3625444769859314,,,
0.0,0.0,0.27755555510520935,,,
0.0,0.0,0.3565562665462494,,,
1.0,1.0,0.5927837491035461,,,
1.0,0.0,0.449359267950058,,,
0.0,0.0,0.4938212037086487,,,
0.0,0.0,0.3634958565235138,,,
0.0,0.0,0.34370073676109314,,,
1.0,1.0,0.7935882806777954,,,
1.0,0.0,0.46368977427482605,,,
0.0,0.0,0.3807029128074646,,,
0.0,0.0,0.4421551525592804,,,
0.0,0.0,0.43108662962913513,,,
1.0,0.0,0.32645806670188904,,,
0.0,0.0,0.3845326006412506,,,
1.0,1.0,0.8483802080154419,,,
1.0,0.0,0.2885473966598511,,,
1.0,1.0,0.5535138249397278,,,
0.0,0.0,0.19310246407985687,,,
0.0,0.0,0.3104989230632782,,,
1.0,1.0,0.6012141704559326,,,
1.0,1.0,0.6851134896278381,,,
0.0,0.0,0.4907737374305725,,,
0.0,0.0,0.2352612316608429,,,
1.0,1.0,0.6828717589378357,,,
1.0,1.0,0.7858654260635376,,,
1.0,1.0,0.6268156170845032,,,
1.0,0.0,0.48030969500541687,,,
0.0,0.0,0.41042396426200867,,,
0.0,0.0,0.4125119149684906,,,
1.0,1.0,0.8781667351722717,,,
1.0,0.0,0.4424528181552887,,,
0.0,0.0,0.32635629177093506,,,
1.0,1.0,0.6032685041427612,,,
1.0,1.0,0.7155877351760864,,,
0.0,0.0,0.422599732875824,,,
1.0,0.0,0.42207351326942444,,,
1.0,0.0,0.4779250919818878,,,
0.0,1.0,0.7729867696762085,,,
1.0,1.0,0.5434648990631104,,,
0.0,0.0,0.29770463705062866,,,
0.0,0.0,0.3596034646034241,,,
0.0,0.0,0.2954864799976349,,,
0.0,0.0,0.22866207361221313,,,
0.0,1.0,0.507556676864624,,,
1.0,1.0,0.570442259311676,,,
0.0,1.0,0.6215837597846985,,,
1.0,1.0,0.6319645047187805,,,
1.0,0.0,0.4444545805454254,,,
1.0,0.0,0.49817177653312683,,,
0.0,0.0,0.45658430457115173,,,
0.0,0.0,0.4673422873020172,,,
0.0,0.0,0.2913770079612732,,,
0.0,0.0,0.35765543580055237,,,
0.0,0.0,0.36253222823143005,,,
0.0,0.0,0.37200140953063965,,,
0.0,0.0,0.27324485778808594,,,
1.0,1.0,0.7548727989196777,,,
0.0,0.0,0.3193228542804718,,,
1.0,1.0,0.7676599025726318,,,
1.0,1.0,0.5204486846923828,,,
1.0,1.0,0.7197926044464111,,,
1.0,1.0,0.8036311864852905,,,
0.0,0.0,0.3013271689414978,,,
1.0,1.0,0.5832916498184204,,,
1.0,1.0,0.5831383466720581,,,
1.0,1.0,0.6688949465751648,,,
1.0,1.0,0.7485927939414978,,,
0.0,0.0,0.47618886828422546,,,
0.0,0.0,0.34802931547164917,,,
1.0,0.0,0.3505910634994507,,,
1.0,1.0,0.6669643521308899,,,
1.0,1.0,0.6737345457077026,,,
1.0,1.0,0.6704710721969604,,,
1.0,0.0,0.4213658273220062,,,
0.0,0.0,0.297888845205307,,,
1.0,1.0,0.5672190189361572,,,
0.0,0.0,0.31128042936325073,,,
1.0,1.0,0.7324652671813965,,,
0.0,0.0,0.33492571115493774,,,
0.0,0.0,0.29117709398269653,,,
0.0,0.0,0.4953855276107788,,,
0.0,0.0,0.4322474002838135,,,
1.0,1.0,0.6027272343635559,,,
0.0,0.0,0.1749611794948578,,,
0.0,0.0,0.1871579885482788,,,
1.0,1.0,0.640306830406189,,,
0.0,0.0,0.1705188900232315,,,
0.0,0.0,0.49997222423553467,,,
1.0,1.0,0.864630401134491,,,
1.0,1.0,0.5476349592208862,,,
0.0,0.0,0.1838335543870926,,,
0.0,0.0,0.23386138677597046,,,
1.0,0.0,0.46679091453552246,,,
1.0,1.0,0.5130033493041992,,,
1.0,0.0,0.39497289061546326,,,
1.0,0.0,0.48556390404701233,,,
0.0,0.0,0.3093842566013336,,,
1.0,1.0,0.5090247392654419,,,
0.0,0.0,0.37631067633628845,,,
1.0,1.0,0.8356344699859619,,,
1.0,1.0,0.7768971920013428,,,
0.0,1.0,0.6115928888320923,,,
1.0,0.0,0.31476932764053345,,,
0.0,1.0,0.5963588356971741,,,
1.0,1.0,0.5052066445350647,,,
1.0,1.0,0.5695620179176331,,,
0.0,0.0,0.43397215008735657,,,
0.0,1.0,0.6063749194145203,,,
0.0,0.0,0.3480340540409088,,,
1.0,1.0,0.7502667903900146,,,
0.0,0.0,0.3583797514438629,,,
1.0,1.0,0.5584623217582703,,,
0.0,0.0,0.4960356056690216,,,
1.0,1.0,0.5633740425109863,,,
1.0,0.0,0.4365193545818329,,,
0.0,0.0,0.467756986618042,,,
0.0,0.0,0.36241570115089417,,,
0.0,1.0,0.7548727989196777,,,
0.0,1.0,0.5643036365509033,,,
0.0,0.0,0.23416270315647125,,,
0.0,0.0,0.43115362524986267,,,
1.0,1.0,0.9163057804107666,,,
1.0,1.0,0.7846595048904419,,,
1.0,0.0,0.39454078674316406,,,
1.0,1.0,0.678554117679596,,,
1.0,1.0,0.7505092620849609,,,
0.0,0.0,0.29609215259552,,,
1.0,1.0,0.5538987517356873,,,
0.0,0.0,0.38547834753990173,,,
1.0,1.0,0.6474376320838928,,,
0.0,0.0,0.37661054730415344,,,
1.0,0.0,0.27941155433654785,,,
0.0,0.0,0.24304673075675964,,,
1.0,1.0,0.5755813121795654,,,
0.0,0.0,0.3140052855014801,,,
0.0,0.0,0.3613331913948059,,,
0.0,0.0,0.4237861633300781,,,
1.0,1.0,0.6240122318267822,,,
1.0,0.0,0.3347192406654358,,,
0.0,0.0,0.3719591796398163,,,
0.0,0.0,0.33500364422798157,,,
0.0,0.0,0.3905484080314636,,,
0.0,0.0,0.3651145398616791,,,
1.0,1.0,0.9070746302604675,,,
0.0,0.0,0.35875365138053894,,,
0.0,0.0,0.3936493694782257,,,
1.0,1.0,0.5298914313316345,,,
0.0,0.0,0.20907047390937805,,,
1.0,0.0,0.44325724244117737,,,
0.0,0.0,0.26662731170654297,,,
0.0,0.0,0.2817430794239044,,,
0.0,0.0,0.26837867498397827,,,
1.0,1.0,0.517096996307373,,,
1.0,1.0,0.500835120677948,,,
0.0,0.0,0.43091562390327454,,,
1.0,1.0,0.6065880656242371,,,
1.0,1.0,0.7257183790206909,,,
0.0,1.0,0.6317468881607056,,,
1.0,1.0,0.7566993832588196,,,
1.0,1.0,0.5045943856239319,,,
1.0,1.0,0.6611462831497192,,,
0.0,0.0,0.4185635447502136,,,
1.0,1.0,0.6222675442695618,,,
0.0,0.0,0.39128342270851135,,,
1.0,0.0,0.3922163248062134,,,
1.0,1.0,0.5599848031997681,,,
0.0,0.0,0.34826576709747314,,,
1.0,0.0,0.4965580999851227,,,
0.0,0.0,0.3579382002353668,,,
0.0,0.0,0.3872811794281006,,,
1.0,1.0,0.8133317828178406,,,
0.0,1.0,0.7078869938850403,,,
0.0,0.0,0.32835590839385986,,,
0.0,0.0,0.3565032184123993,,,
1.0,1.0,0.9364478588104248,,,
0.0,0.0,0.3396913409233093,,,
1.0,1.0,0.774674117565155,,,
1.0,1.0,0.5258094668388367,,,
1.0,0.0,0.44919052720069885,,,
1.0,1.0,0.8374843001365662,,,
1.0,0.0,0.3961906135082245,,,
0.0,0.0,0.2978338897228241,,,
0.0,0.0,0.3299127519130707,,,
1.0,1.0,0.6110392808914185,,,
1.0,1.0,0.5860174894332886,,,
1.0,0.0,0.4987388551235199,,,
0.0,0.0,0.40500974655151367,,,
1.0,1.0,0.552762508392334,,,
0.0,0.0,0.22720877826213837,,,
1.0,1.0,0.7754063010215759,,,
1.0,1.0,0.6519935727119446,,,
1.0,1.0,0.7601638436317444,,,
0.0,0.0,0.46457332372665405,,,
0.0,0.0,0.22188769280910492,,,
1.0,1.0,0.6586198806762695,,,
0.0,0.0,0.4560397267341614,,,
1.0,1.0,0.528892457485199,,,
1.0,1.0,0.838772714138031,,,
0.0,0.0,0.42764702439308167,,,
0.0,0.0,0.30760353803634644,,,
0.0,0.0,0.4643593430519104,,,
1.0,1.0,0.9008352160453796,,,
1.0,0.0,0.23884907364845276,,,
1.0,0.0,0.3346289396286011,,,
1.0,1.0,0.8225908279418945,,,
0.0,0.0,0.326088547706604,,,
0.0,0.0,0.2897912561893463,,,
1.0,1.0,0.5645124316215515,,,
0.0,0.0,0.4093017280101776,,,
1.0,1.0,0.6400681734085083,,,
0.0,0.0,0.2579520344734192,,,
1.0,1.0,0.753764808177948,,,
0.0,0.0,0.3481437563896179,,,
1.0,1.0,0.784835696220398,,,
1.0,1.0,0.9633904695510864,,,
0.0,0.0,0.3406388461589813,,,
0.0,0.0,0.22766748070716858,,,
0.0,0.0,0.33593007922172546,,,
0.0,0.0,0.2784322202205658,,,
1.0,0.0,0.45189645886421204,,,
0.0,0.0,0.3117077350616455,,,
1.0,1.0,0.8058409094810486,,,
0.0,0.0,0.2749263048171997,,,
1.0,0.0,0.2858245074748993,,,
1.0,0.0,0.47930312156677246,,,
0.0,0.0,0.3346133530139923,,,
0.0,0.0,0.44588881731033325,,,
1.0,1.0,0.716114342212677,,,
0.0,0.0,0.44269466400146484,,,
1.0,1.0,0.8189286589622498,,,
1.0,1.0,0.6951258778572083,,,
0.0,0.0,0.33831995725631714,,,
0.0,0.0,0.3698090612888336,,,
0.0,1.0,0.5050459504127502,,,
0.0,0.0,0.35823333263397217,,,
1.0,1.0,0.814199686050415,,,
1.0,1.0,0.7075029611587524,,,
0.0,0.0,0.39419639110565186,,,
0.0,0.0,0.3734670877456665,,,
1.0,1.0,0.9139837622642517,,,
1.0,0.0,0.4632306694984436,,,
1.0,1.0,0.5214473605155945,,,
1.0,0.0,0.4846881926059723,,,
0.0,0.0,0.4544447362422943,,,
1.0,1.0,0.5074594616889954,,,
1.0,1.0,0.5794336199760437,,,
0.0,0.0,0.3321287930011749,,,
0.0,1.0,0.6660879850387573,,,
1.0,1.0,0.7381187081336975,,,
1.0,0.0,0.2898672819137573,,,
1.0,0.0,0.40859735012054443,,,
0.0,0.0,0.28754690289497375,,,
1.0,0.0,0.40418386459350586,,,
1.0,1.0,0.5739370584487915,,,
0.0,0.0,0.29666703939437866,,,
1.0,1.0,0.6827395558357239,,,
0.0,1.0,0.5105656385421753,,,
0.0,0.0,0.40688103437423706,,,
0.0,0.0,0.47410985827445984,,,
1.0,1.0,0.7199509739875793,,,
0.0,0.0,0.35688385367393494,,,
1.0,1.0,0.7367082834243774,,,
0.0,0.0,0.37055540084838867,,,
0.0,0.0,0.4547402560710907,,,
0.0,1.0,0.5163331031799316,,,
1.0,0.0,0.3962414860725403,,,
1.0,0.0,0.45287466049194336,,,
1.0,0.0,0.4593888819217682,,,
0.0,0.0,0.39605963230133057,,,
1.0,0.0,0.39500412344932556,,,
0.0,1.0,0.8439735770225525,,,
0.0,0.0,0.22564011812210083,,,
1.0,1.0,0.7660484313964844,,,
0.0,1.0,0.6128841638565063,,,
0.0,0.0,0.28329160809516907,,,
1.0,0.0,0.4981369376182556,,,
0.0,0.0,0.3111417293548584,,,
0.0,0.0,0.46048998832702637,,,
0.0,0.0,0.21711350977420807,,,
1.0,0.0,0.2950769364833832,,,
1.0,0.0,0.48284465074539185,,,
0.0,1.0,0.5562049150466919,,,
0.0,0.0,0.37372666597366333,,,
0.0,0.0,0.19310246407985687,,,
1.0,1.0,0.5137544274330139,,,
0.0,0.0,0.27421239018440247,,,
0.0,0.0,0.39954322576522827,,,
1.0,0.0,0.28627240657806396,,,
0.0,0.0,0.4167076349258423,,,
1.0,0.0,0.40443044900894165,,,
0.0,0.0,0.35435566306114197,,,
0.0,0.0,0.22115349769592285,,,
1.0,1.0,0.6090711355209351,,,
1.0,1.0,0.569507896900177,,,
0.0,0.0,0.27285581827163696,,,
1.0,1.0,0.746677577495575,,,
0.0,0.0,0.3894501328468323,,,
1.0,0.0,0.46191972494125366,,,
0.0,1.0,0.5477611422538757,,,
0.0,0.0,0.28535881638526917,,,
0.0,0.0,0.19599266350269318,,,
0.0,1.0,0.5425631999969482,,,
0.0,0.0,0.35740816593170166,,,
0.0,0.0,0.36246201395988464,,,
1.0,1.0,0.9401194453239441,,,
1.0,1.0,0.6345637440681458,,,
1.0,0.0,0.49284592270851135,,,
1.0,1.0,0.6953837871551514,,,
1.0,1.0,0.8951237797737122,,,
1.0,1.0,0.5918221473693848,,,
1.0,1.0,0.9144355058670044,,,
1.0,1.0,0.7549719214439392,,,
0.0,0.0,0.30857154726982117,,,
1.0,1.0,0.7627262473106384,,,
0.0,0.0,0.24116313457489014,,,
1.0,1.0,0.7822808027267456,,,
0.0,0.0,0.2898264527320862,,,
0.0,0.0,0.49507230520248413,,,
1.0,1.0,0.6788395047187805,,,
1.0,1.0,0.6885108947753906,,,
1.0,1.0,0.6064805388450623,,,
1.0,1.0,0.741283655166626,,,
0.0,0.0,0.3081569969654083,,,
0.0,0.0,0.3727300465106964,,,
1.0,1.0,0.7192021608352661,,,
1.0,0.0,0.4755185842514038,,,
1.0,1.0,0.90644770860672,,,
1.0,0.0,0.4118984341621399,,,
0.0,0.0,0.48614561557769775,,,
1.0,1.0,0.7300257682800293,,,
1.0,0.0,0.2939896285533905,,,
0.0,0.0,0.3670048713684082,,,
1.0,1.0,0.6520153880119324,,,
0.0,0.0,0.34767386317253113,,,
1.0,1.0,0.889277994632721,,,
0.0,0.0,0.3250107765197754,,,
0.0,1.0,0.8676746487617493,,,
1.0,0.0,0.40077880024909973,,,
0.0,0.0,0.19824951887130737,,,
1.0,1.0,0.599941074848175,,,
1.0,1.0,0.6836865544319153,,,
1.0,1.0,0.7280190587043762,,,
0.0,0.0,0.3622322976589203,,,
0.0,1.0,0.5684251189231873,,,
1.0,1.0,0.9251039624214172,,,
0.0,0.0,0.4637013077735901,,,
1.0,1.0,0.6655640602111816,,,
1.0,0.0,0.42149657011032104,,,
0.0,0.0,0.34190934896469116,,,
1.0,1.0,0.50218665599823,,,
1.0,0.0,0.41762775182724,,,
1.0,0.0,0.3961397707462311,,,
0.0,0.0,0.32665959000587463,,,
1.0,1.0,0.8869672417640686,,,
1.0,0.0,0.4888176918029785,,,
1.0,0.0,0.4097183048725128,,,
1.0,0.0,0.4324090778827667,,,
1.0,1.0,0.7375404834747314,,,
1.0,1.0,0.9065055847167969,,,
0.0,0.0,0.43783172965049744,,,
1.0,1.0,0.917061448097229,,,
1.0,0.0,0.49981606006622314,,,
0.0,0.0,0.33367446064949036,,,
1.0,1.0,0.8929786086082458,,,
0.0,0.0,0.33227303624153137,,,
1.0,0.0,0.45140862464904785,,,
1.0,1.0,0.8517767786979675,,,
1.0,0.0,0.3039356768131256,,,
1.0,1.0,0.8059919476509094,,,
0.0,0.0,0.36428239941596985,,,
0.0,0.0,0.421259343624115,,,
1.0,0.0,0.35710227489471436,,,
0.0,0.0,0.2559235692024231,,,
1.0,1.0,0.5846409201622009,,,
0.0,0.0,0.30637872219085693,,,
0.0,0.0,0.34244826436042786,,,
1.0,1.0,0.6801356673240662,,,
0.0,0.0,0.44217419624328613,,,
1.0,1.0,0.6381373405456543,,,
1.0,0.0,0.4715522527694702,,,
0.0,0.0,0.24071550369262695,,,
0.0,1.0,0.5318617224693298,,,
0.0,1.0,0.5191433429718018,,,
0.0,0.0,0.2191745936870575,,,
0.0,0.0,0.477613240480423,,,
0.0,0.0,0.3579966723918915,,,
1.0,1.0,0.5272807478904724,,,
1.0,1.0,0.7314949035644531,,,
1.0,1.0,0.6914724111557007,,,
1.0,1.0,0.9047709107398987,,,
1.0,0.0,0.4385768175125122,,,
0.0,0.0,0.31485170125961304,,,
0.0,0.0,0.3377460241317749,,,
1.0,1.0,0.5065723061561584,,,
1.0,1.0,0.797199010848999,,,
0.0,0.0,0.40710827708244324,,,
1.0,1.0,0.8110811114311218,,,
0.0,0.0,0.3072708249092102,,,
0.0,0.0,0.4797465205192566,,,
0.0,0.0,0.43236449360847473,,,
1.0,0.0,0.3679391145706177,,,
1.0,1.0,0.5929163694381714,,,
0.0,0.0,0.3440486490726471,,,
1.0,1.0,0.8336801528930664,,,
0.0,0.0,0.43647500872612,,,
1.0,1.0,0.8796237111091614,,,
1.0,0.0,0.34419307112693787,,,
0.0,0.0,0.26092326641082764,,,
1.0,0.0,0.46403056383132935,,,
1.0,1.0,0.8892096281051636,,,
0.0,0.0,0.32559719681739807,,,
1.0,0.0,0.3461284339427948,,,
1.0,0.0,0.43506741523742676,,,
1.0,1.0,0.7897927165031433,,,
0.0,0.0,0.34874090552330017,,,
1.0,1.0,0.9155620336532593,,,
1.0,1.0,0.5762631893157959,,,
0.0,0.0,0.2881481945514679,,,
1.0,0.0,0.2600468695163727,,,
1.0,1.0,0.8728812336921692,,,
0.0,1.0,0.5745878219604492,,,
0.0,0.0,0.45767152309417725,,,
1.0,1.0,0.5110142230987549,,,
1.0,1.0,0.8892762064933777,,,
1.0,1.0,0.7824482321739197,,,
1.0,1.0,0.9116499423980713,,,
1.0,1.0,0.8030552864074707,,,
1.0,1.0,0.6958217024803162,,,
1.0,0.0,0.41081365942955017,,,
0.0,0.0,0.3177364766597748,,,
1.0,1.0,0.5700653195381165,,,
1.0,0.0,0.4135686457157135,,,
1.0,1.0,0.6148614287376404,,,
0.0,0.0,0.40446826815605164,,,
1.0,0.0,0.4747140407562256,,,
1.0,1.0,0.8394324779510498,,,
1.0,1.0,0.549758791923523,,,
0.0,0.0,0.4864998459815979,,,
0.0,0.0,0.32774126529693604,,,
0.0,0.0,0.3780982792377472,,,
1.0,1.0,0.8090746998786926,,,
1.0,0.0,0.3802148401737213,,,
0.0,0.0,0.35544341802597046,,,
1.0,1.0,0.5571520328521729,,,
0.0,0.0,0.198178231716156,,,
1.0,0.0,0.44600459933280945,,,
0.0,1.0,0.5262347459793091,,,
1.0,1.0,0.7709330916404724,,,
1.0,1.0,0.6448758244514465,,,
1.0,0.0,0.38435450196266174,,,
1.0,1.0,0.8283540606498718,,,
1.0,1.0,0.597022533416748,,,
0.0,0.0,0.2586723566055298,,,
0.0,0.0,0.3339430093765259,,,
1.0,1.0,0.6425553560256958,,,
1.0,1.0,0.6400681734085083,,,
1.0,1.0,0.7264189720153809,,,
1.0,1.0,0.5362240076065063,,,
0.0,0.0,0.39939963817596436,,,
0.0,1.0,0.5429799556732178,,,
0.0,0.0,0.22305946052074432,,,
0.0,0.0,0.3855608403682709,,,
0.0,0.0,0.3924020528793335,,,
1.0,1.0,0.6150996088981628,,,
0.0,0.0,0.24573878943920135,,,
1.0,1.0,0.86582350730896,,,
1.0,1.0,0.585577130317688,,,
0.0,0.0,0.25436532497406006,,,
1.0,0.0,0.43725791573524475,,,
0.0,0.0,0.3745121657848358,,,
1.0,1.0,0.8124733567237854,,,
0.0,0.0,0.48458969593048096,,,
0.0,0.0,0.2835647761821747,,,
1.0,1.0,0.7455045580863953,,,
0.0,0.0,0.35024765133857727,,,
0.0,0.0,0.1798120141029358,,,
1.0,0.0,0.37184464931488037,,,
0.0,0.0,0.43674588203430176,,,
0.0,0.0,0.3403630554676056,,,
0.0,1.0,0.6211339831352234,,,
1.0,1.0,0.7819466590881348,,,
1.0,0.0,0.3604806661605835,,,
1.0,1.0,0.8486190438270569,,,
0.0,0.0,0.445589154958725,,,
0.0,0.0,0.4612492024898529,,,
1.0,1.0,0.5171777606010437,,,
0.0,1.0,0.7548727989196777,,,
1.0,1.0,0.917061448097229,,,
1.0,0.0,0.43573853373527527,,,
1.0,0.0,0.4301767349243164,,,
1.0,0.0,0.4847176969051361,,,
0.0,0.0,0.22276978194713593,,,
1.0,0.0,0.3442975580692291,,,
0.0,0.0,0.3070736229419708,,,
0.0,0.0,0.3782115876674652,,,
1.0,1.0,0.6852651834487915,,,
1.0,1.0,0.5939094424247742,,,
1.0,1.0,0.6404072642326355,,,
1.0,1.0,0.7846032381057739,,,
1.0,0.0,0.43446579575538635,,,
0.0,0.0,0.370246559381485,,,
0.0,1.0,0.5933995246887207,,,
0.0,0.0,0.18980161845684052,,,
0.0,0.0,0.29123198986053467,,,
0.0,0.0,0.40497922897338867,,,
0.0,1.0,0.5689519643783569,,,
1.0,1.0,0.5761196613311768,,,
1.0,0.0,0.31238505244255066,,,
1.0,1.0,0.6324945092201233,,,
0.0,0.0,0.37809106707572937,,,
0.0,0.0,0.34948694705963135,,,
1.0,0.0,0.45226579904556274,,,
0.0,0.0,0.252407968044281,,,
1.0,1.0,0.8234432339668274,,,
1.0,0.0,0.3859919607639313,,,
1.0,1.0,0.645354688167572,,,
0.0,0.0,0.1746167689561844,,,
1.0,1.0,0.703485906124115,,,
0.0,1.0,0.5037281513214111,,,
0.0,0.0,0.375265896320343,,,
1.0,0.0,0.35845711827278137,,,
1.0,1.0,0.8186368942260742,,,
1.0,0.0,0.3847179114818573,,,
0.0,1.0,0.5089814066886902,,,
0.0,0.0,0.33199259638786316,,,
0.0,1.0,0.5603678226470947,,,
1.0,1.0,0.8925091028213501,,,
1.0,0.0,0.43446263670921326,,,
0.0,0.0,0.4307723641395569,,,
1.0,1.0,0.8012290596961975,,,
1.0,0.0,0.46396520733833313,,,
0.0,1.0,0.5597055554389954,,,
0.0,0.0,0.49784231185913086,,,
1.0,1.0,0.6445755362510681,,,
0.0,0.0,0.3889246881008148,,,
0.0,0.0,0.33732718229293823,,,
1.0,1.0,0.7768958806991577,,,
0.0,0.0,0.43532615900039673,,,
0.0,0.0,0.44766145944595337,,,
0.0,0.0,0.3698580861091614,,,
1.0,0.0,0.43419349193573,,,
0.0,0.0,0.3430596888065338,,,
0.0,0.0,0.40700772404670715,,,
1.0,1.0,0.5317795872688293,,,
0.0,0.0,0.25328269600868225,,,
1.0,1.0,0.5523395538330078,,,
1.0,1.0,0.6674103140830994,,,
1.0,0.0,0.47884729504585266,,,
1.0,0.0,0.4147280156612396,,,
1.0,1.0,0.7050844430923462,,,
0.0,0.0,0.25492775440216064,,,
1.0,1.0,0.8285743594169617,,,
1.0,0.0,0.3689146339893341,,,
1.0,1.0,0.5140262842178345,,,
0.0,0.0,0.2784298062324524,,,
1.0,1.0,0.7498201131820679,,,
0.0,0.0,0.41657668352127075,,,
1.0,1.0,0.7245059013366699,,,
1.0,0.0,0.35821107029914856,,,
0.0,1.0,0.5140650868415833,,,
0.0,0.0,0.3593888282775879,,,
0.0,1.0,0.701865017414093,,,
1.0,1.0,0.6310141086578369,,,
0.0,0.0,0.40870797634124756,,,
0.0,0.0,0.3430383503437042,,,
1.0,1.0,0.5590117573738098,,,
1.0,1.0,0.5607417225837708,,,
0.0,0.0,0.3299127519130707,,,
1.0,0.0,0.38220125436782837,,,
1.0,1.0,0.9009307622909546,,,
1.0,1.0,0.5143104791641235,,,
1.0,1.0,0.6329969167709351,,,
0.0,0.0,0.32152339816093445,,,
1.0,0.0,0.4066758155822754,,,
1.0,1.0,0.5148615837097168,,,
0.0,0.0,0.255943238735199,,,
1.0,1.0,0.6310740113258362,,,
0.0,0.0,0.2118794173002243,,,
1.0,1.0,0.6207835674285889,,,
1.0,1.0,0.514186441898346,,,
0.0,0.0,0.3020428717136383,,,
0.0,0.0,0.3013271689414978,,,
1.0,0.0,0.32749173045158386,,,
0.0,0.0,0.23151569068431854,,,
0.0,1.0,0.578118085861206,,,
1.0,1.0,0.9045518040657043,,,
1.0,1.0,0.6859856247901917,,,
1.0,0.0,0.4198727011680603,,,
0.0,0.0,0.46301910281181335,,,
0.0,0.0,0.3006448745727539,,,
0.0,0.0,0.1798120141029358,,,
0.0,1.0,0.5021076798439026,,,
0.0,1.0,0.6022390127182007,,,
1.0,1.0,0.746813178062439,,,
0.0,1.0,0.5525171160697937,,,
0.0,0.0,0.4096479117870331,,,
1.0,1.0,0.5656061768531799,,,
1.0,1.0,0.5905008912086487,,,
0.0,0.0,0.3933829069137573,,,
0.0,1.0,0.5301396250724792,,,
0.0,0.0,0.40105512738227844,,,
0.0,1.0,0.5013296008110046,,,
0.0,0.0,0.38560736179351807,,,
0.0,0.0,0.3336784839630127,,,
0.0,0.0,0.3499138653278351,,,
0.0,0.0,0.3745168447494507,,,
0.0,0.0,0.2248116433620453,,,
0.0,0.0,0.4466886818408966,,,
0.0,0.0,0.4569849669933319,,,
1.0,1.0,0.594118595123291,,,
0.0,0.0,0.15906058251857758,,,
0.0,1.0,0.6187973618507385,,,
0.0,0.0,0.1778229922056198,,,
0.0,0.0,0.34317880868911743,,,
0.0,0.0,0.35710227489471436,,,
1.0,1.0,0.8458966016769409,,,
1.0,1.0,0.5752283334732056,,,
0.0,0.0,0.24333521723747253,,,
1.0,1.0,0.7653177380561829,,,
0.0,0.0,0.32021334767341614,,,
0.0,0.0,0.2237357646226883,,,
1.0,1.0,0.8685415387153625,,,
0.0,0.0,0.39770618081092834,,,
0.0,0.0,0.38228386640548706,,,
1.0,1.0,0.6383581161499023,,,
1.0,1.0,0.6572353839874268,,,
1.0,0.0,0.47781968116760254,,,
1.0,1.0,0.5993427634239197,,,
0.0,0.0,0.27566370368003845,,,
0.0,0.0,0.3263617157936096,,,
0.0,0.0,0.29647162556648254,,,
0.0,0.0,0.3179410398006439,,,
0.0,0.0,0.252402126789093,,,
1.0,1.0,0.7239139676094055,,,
0.0,0.0,0.23790952563285828,,,
0.0,0.0,0.38866522908210754,,,
0.0,0.0,0.2283306121826172,,,
1.0,1.0,0.9583867788314819,,,
1.0,1.0,0.5796195268630981,,,
1.0,0.0,0.4811473786830902,,,
0.0,0.0,0.31419458985328674,,,
1.0,1.0,0.701865017414093,,,
0.0,1.0,0.552086591720581,,,
1.0,1.0,0.7961313128471375,,,
1.0,1.0,0.5961447358131409,,,
0.0,0.0,0.21088111400604248,,,
1.0,1.0,0.6466758251190186,,,
0.0,1.0,0.6245916485786438,,,
1.0,1.0,0.6330847144126892,,,
0.0,0.0,0.29134100675582886,,,
1.0,0.0,0.4715025722980499,,,
1.0,1.0,0.5387657880783081,,,
0.0,0.0,0.297888845205307,,,
0.0,0.0,0.3201274275779724,,,
0.0,0.0,0.44140949845314026,,,
0.0,1.0,0.8327075839042664,,,
1.0,1.0,0.6259216070175171,,,
0.0,0.0,0.2098097801208496,,,
0.0,0.0,0.4852513372898102,,,
1.0,0.0,0.4602758288383484,,,
1.0,0.0,0.22670862078666687,,,
1.0,1.0,0.7205882668495178,,,
0.0,0.0,0.2928575575351715,,,
0.0,0.0,0.3323166072368622,,,
0.0,0.0,0.38014519214630127,,,
0.0,0.0,0.2656707763671875,,,
0.0,1.0,0.645297110080719,,,
1.0,1.0,0.662441074848175,,,
0.0,0.0,0.47079360485076904,,,
0.0,0.0,0.33527716994285583,,,
1.0,0.0,0.39437416195869446,,,
1.0,0.0,0.48333871364593506,,,
0.0,0.0,0.4423999786376953,,,
1.0,1.0,0.8099963665008545,,,
1.0,1.0,0.7375404834747314,,,
1.0,1.0,0.5312090516090393,,,
0.0,0.0,0.2879800796508789,,,
1.0,1.0,0.5639766454696655,,,
0.0,0.0,0.349089652299881,,,
1.0,0.0,0.43030452728271484,,,
0.0,0.0,0.45903390645980835,,,
0.0,0.0,0.38003265857696533,,,
1.0,1.0,0.511111855506897,,,
1.0,1.0,0.9021737575531006,,,
0.0,0.0,0.266411155462265,,,
0.0,0.0,0.21363244950771332,,,
0.0,0.0,0.3633508086204529,,,
0.0,1.0,0.6560620665550232,,,
0.0,0.0,0.2866344749927521,,,
1.0,1.0,0.6391058564186096,,,
1.0,1.0,0.7425797581672668,,,
0.0,0.0,0.29907864332199097,,,
0.0,1.0,0.5434940457344055,,,
1.0,1.0,0.7192460894584656,,,
1.0,0.0,0.38363614678382874,,,
1.0,1.0,0.5572676658630371,,,
0.0,1.0,0.5726990103721619,,,
0.0,0.0,0.48194125294685364,,,
0.0,0.0,0.427632212638855,,,
1.0,1.0,0.5973248481750488,,,
0.0,1.0,0.6648806929588318,,,
0.0,1.0,0.5143104791641235,,,
1.0,1.0,0.7448580861091614,,,
1.0,0.0,0.38503628969192505,,,
0.0,0.0,0.2419818937778473,,,
0.0,0.0,0.4559061825275421,,,
1.0,1.0,0.563145637512207,,,
0.0,0.0,0.3738043010234833,,,
1.0,1.0,0.8795238137245178,,,
1.0,1.0,0.8508009314537048,,,
0.0,0.0,0.4826126992702484,,,
1.0,1.0,0.7389307618141174,,,
1.0,1.0,0.6315773725509644,,,
1.0,1.0,0.7343788146972656,,,
0.0,0.0,0.4554094672203064,,,
0.0,0.0,0.21184419095516205,,,
1.0,1.0,0.8186368942260742,,,
1.0,0.0,0.36360281705856323,,,
1.0,1.0,0.7070944309234619,,,
0.0,0.0,0.23233233392238617,,,
0.0,0.0,0.3218008875846863,,,
1.0,1.0,0.5311185121536255,,,
0.0,0.0,0.1474185287952423,,,
1.0,1.0,0.6903461217880249,,,
0.0,0.0,0.3878049850463867,,,
1.0,0.0,0.269406795501709,,,
1.0,0.0,0.31840652227401733,,,
0.0,0.0,0.4384270906448364,,,
1.0,1.0,0.8260356187820435,,,
1.0,1.0,0.559843897819519,,,
1.0,1.0,0.6115645170211792,,,
1.0,1.0,0.624351978302002,,,
1.0,1.0,0.7829060554504395,,,
0.0,0.0,0.31098565459251404,,,
0.0,0.0,0.22510138154029846,,,
0.0,0.0,0.4584868252277374,,,
0.0,0.0,0.299866259098053,,,
1.0,1.0,0.6884579658508301,,,
0.0,1.0,0.5736311078071594,,,
0.0,0.0,0.38812366127967834,,,
1.0,1.0,0.6324945092201233,,,
1.0,0.0,0.42497938871383667,,,
1.0,0.0,0.4876471757888794,,,
0.0,0.0,0.33412718772888184,,,
0.0,0.0,0.43928858637809753,,,
0.0,1.0,0.5056626796722412,,,
0.0,0.0,0.3213326632976532,,,
1.0,1.0,0.8714404106140137,,,
1.0,1.0,0.6632573008537292,,,
1.0,1.0,0.5991507768630981,,,
1.0,1.0,0.6949204206466675,,,
1.0,1.0,0.8770307302474976,,,
1.0,1.0,0.7144556641578674,,,
0.0,1.0,0.5189881324768066,,,
0.0,0.0,0.3600453734397888,,,
0.0,0.0,0.33034002780914307,,,
0.0,0.0,0.43064960837364197,,,
0.0,0.0,0.1798120141029358,,,
0.0,0.0,0.40676355361938477,,,
0.0,1.0,0.5775080919265747,,,
0.0,0.0,0.46371063590049744,,,
0.0,0.0,0.33760586380958557,,,
0.0,0.0,0.22866207361221313,,,
1.0,1.0,0.7009314894676208,,,
0.0,1.0,0.5835186243057251,,,
1.0,1.0,0.6721242666244507,,,
0.0,0.0,0.4470776915550232,,,
1.0,1.0,0.8552886843681335,,,
1.0,1.0,0.6030046939849854,,,
1.0,0.0,0.4294547438621521,,,
0.0,0.0,0.4528326094150543,,,
0.0,0.0,0.467124342918396,,,
0.0,0.0,0.4154636263847351,,,
1.0,1.0,0.7795856595039368,,,
0.0,0.0,0.29718878865242004,,,
0.0,0.0,0.4550575315952301,,,
1.0,1.0,0.7455558776855469,,,
0.0,0.0,0.19703900814056396,,,
1.0,1.0,0.796956479549408,,,
1.0,1.0,0.6314024925231934,,,
0.0,0.0,0.16240978240966797,,,
0.0,0.0,0.30918705463409424,,,
1.0,1.0,0.6065880656242371,,,
0.0,0.0,0.40591996908187866,,,
1.0,1.0,0.6969811320304871,,,
0.0,0.0,0.2707557678222656,,,
1.0,0.0,0.4667247235774994,,,
1.0,0.0,0.38849401473999023,,,
1.0,0.0,0.4783792495727539,,,
0.0,0.0,0.2684277296066284,,,
1.0,1.0,0.5681180953979492,,,
1.0,1.0,0.9091978073120117,,,
1.0,0.0,0.29494011402130127,,,
1.0,1.0,0.7413316369056702,,,
1.0,1.0,0.564405620098114,,,
1.0,0.0,0.42787301540374756,,,
1.0,1.0,0.69313645362854,,,
1.0,0.0,0.3890230357646942,,,
0.0,0.0,0.28598812222480774,,,
0.0,0.0,0.35077783465385437,,,
1.0,1.0,0.5515379905700684,,,
1.0,1.0,0.5893779993057251,,,
1.0,1.0,0.8500388860702515,,,
0.0,0.0,0.4624306261539459,,,
0.0,0.0,0.4523095488548279,,,
1.0,0.0,0.4550732970237732,,,
0.0,0.0,0.15920329093933105,,,
0.0,0.0,0.2912258505821228,,,
1.0,1.0,0.6320586204528809,,,
1.0,1.0,0.630741536617279,,,
1.0,1.0,0.7923076748847961,,,
1.0,1.0,0.7528997659683228,,,
0.0,1.0,0.5168685913085938,,,
0.0,0.0,0.35787317156791687,,,
0.0,0.0,0.3811240792274475,,,
1.0,0.0,0.36456114053726196,,,
0.0,0.0,0.40995919704437256,,,
1.0,0.0,0.4038166403770447,,,
0.0,0.0,0.4780304729938507,,,
1.0,1.0,0.7726703882217407,,,
0.0,0.0,0.14439541101455688,,,
0.0,0.0,0.4320126473903656,,,
0.0,0.0,0.48333871364593506,,,
0.0,0.0,0.4165007472038269,,,
0.0,0.0,0.310418963432312,,,
0.0,1.0,0.5094391703605652,,,
0.0,0.0,0.3722836673259735,,,
0.0,0.0,0.29308122396469116,,,
1.0,0.0,0.4474482238292694,,,
1.0,1.0,0.8666934370994568,,,
1.0,1.0,0.6645136475563049,,,
0.0,0.0,0.46298089623451233,,,
1.0,0.0,0.3213326632976532,,,
1.0,1.0,0.7313995957374573,,,
0.0,0.0,0.3133988678455353,,,
1.0,1.0,0.6968200206756592,,,
0.0,0.0,0.2920874059200287,,,
1.0,1.0,0.7860940098762512,,,
0.0,0.0,0.3896833062171936,,,
1.0,1.0,0.6978297233581543,,,
1.0,1.0,0.6107351183891296,,,
0.0,1.0,0.6771688461303711,,,
1.0,1.0,0.7253411412239075,,,
0.0,1.0,0.5259135365486145,,,
1.0,0.0,0.2756289839744568,,,
0.0,0.0,0.20538330078125,,,
0.0,0.0,0.4332834780216217,,,
0.0,0.0,0.34553778171539307,,,
0.0,0.0,0.08866346627473831,,,
1.0,1.0,0.5386285781860352,,,
0.0,1.0,0.5886238217353821,,,
0.0,0.0,0.24617303907871246,,,
1.0,0.0,0.37213456630706787,,,
1.0,0.0,0.3754130005836487,,,
1.0,1.0,0.7927780151367188,,,
0.0,0.0,0.24761565029621124,,,
1.0,0.0,0.37803980708122253,,,
0.0,1.0,0.634125828742981,,,
0.0,1.0,0.5339997410774231,,,
1.0,1.0,0.5411756634712219,,,
0.0,1.0,0.8237853050231934,,,
1.0,0.0,0.4596737325191498,,,
1.0,1.0,0.8952100872993469,,,
0.0,0.0,0.4732586443424225,,,
1.0,1.0,0.7925323843955994,,,
1.0,1.0,0.6638946533203125,,,
0.0,0.0,0.48407748341560364,,,
1.0,1.0,0.5100908875465393,,,
0.0,0.0,0.33387988805770874,,,
0.0,0.0,0.18707258999347687,,,
0.0,0.0,0.4229898452758789,,,
1.0,0.0,0.38060620427131653,,,
1.0,1.0,0.8150168061256409,,,
0.0,0.0,0.3015405535697937,,,
1.0,0.0,0.42377811670303345,,,
0.0,0.0,0.26266878843307495,,,
1.0,1.0,0.5199480056762695,,,
1.0,1.0,0.7601738572120667,,,
0.0,0.0,0.22361034154891968,,,
1.0,1.0,0.7239139676094055,,,
0.0,0.0,0.35427793860435486,,,
1.0,1.0,0.5118812322616577,,,
1.0,0.0,0.48018646240234375,,,
0.0,0.0,0.4286011755466461,,,
0.0,0.0,0.28081873059272766,,,
0.0,1.0,0.6728097796440125,,,
0.0,0.0,0.24754555523395538,,,
1.0,1.0,0.9161924123764038,,,
1.0,0.0,0.4983520209789276,,,
0.0,0.0,0.29712092876434326,,,
0.0,0.0,0.4365183115005493,,,
1.0,1.0,0.6290892958641052,,,
1.0,1.0,0.6749625205993652,,,
1.0,1.0,0.7382379770278931,,,
0.0,0.0,0.3445223569869995,,,
1.0,0.0,0.35548171401023865,,,
1.0,1.0,0.7826939225196838,,,
1.0,0.0,0.41200628876686096,,,
1.0,0.0,0.4253542125225067,,,
1.0,1.0,0.6525471210479736,,,
1.0,1.0,0.8192857503890991,,,
0.0,0.0,0.1798120141029358,,,
0.0,0.0,0.33915746212005615,,,
0.0,0.0,0.34449508786201477,,,
1.0,1.0,0.8917402029037476,,,
1.0,0.0,0.36622169613838196,,,
0.0,0.0,0.42171430587768555,,,
1.0,1.0,0.6888532042503357,,,
1.0,0.0,0.47013282775878906,,,
1.0,1.0,0.6820323467254639,,,
1.0,0.0,0.445589154958725,,,
1.0,0.0,0.4315994679927826,,,
0.0,0.0,0.2867235243320465,,,
0.0,0.0,0.48609429597854614,,,
1.0,0.0,0.40666407346725464,,,
0.0,0.0,0.427842915058136,,,
0.0,0.0,0.49471190571784973,,,
0.0,0.0,0.276073157787323,,,
1.0,0.0,0.47515323758125305,,,
1.0,0.0,0.41244202852249146,,,
0.0,0.0,0.2825869023799896,,,
1.0,1.0,0.7412422299385071,,,
0.0,1.0,0.516656756401062,,,
0.0,0.0,0.496591717004776,,,
0.0,0.0,0.28252512216567993,,,
1.0,0.0,0.43273794651031494,,,
0.0,0.0,0.4633232355117798,,,
0.0,1.0,0.5209789872169495,,,
0.0,0.0,0.29200422763824463,,,
1.0,1.0,0.7028577327728271,,,
0.0,0.0,0.34207141399383545,,,
0.0,0.0,0.3652345538139343,,,
0.0,0.0,0.25817373394966125,,,
1.0,1.0,0.7897534370422363,,,
1.0,1.0,0.6238115429878235,,,
0.0,0.0,0.3250497281551361,,,
1.0,1.0,0.7401370406150818,,,
1.0,0.0,0.44109049439430237,,,
1.0,0.0,0.39842313528060913,,,
0.0,0.0,0.3043345808982849,,,
1.0,0.0,0.37201422452926636,,,
1.0,1.0,0.8305368423461914,,,
0.0,1.0,0.564681351184845,,,
1.0,0.0,0.4744375944137573,,,
0.0,0.0,0.3585337698459625,,,
1.0,1.0,0.8853542804718018,,,
1.0,1.0,0.6151255965232849,,,
1.0,1.0,0.5203500986099243,,,
0.0,0.0,0.34363293647766113,,,
0.0,0.0,0.406213641166687,,,
1.0,1.0,0.5774670839309692,,,
0.0,0.0,0.4659859836101532,,,
1.0,1.0,0.7375404834747314,,,
0.0,1.0,0.5039027333259583,,,
0.0,0.0,0.40109992027282715,,,
1.0,1.0,0.8676853179931641,,,
1.0,0.0,0.4145699143409729,,,
1.0,0.0,0.45473799109458923,,,
1.0,1.0,0.6757349967956543,,,
1.0,1.0,0.6485823392868042,,,
1.0,1.0,0.6022155284881592,,,
1.0,0.0,0.39117714762687683,,,
0.0,1.0,0.564841091632843,,,
0.0,0.0,0.3480340540409088,,,
1.0,1.0,0.7081719040870667,,,
1.0,1.0,0.5045943856239319,,,
0.0,0.0,0.26324138045310974,,,
1.0,1.0,0.6291208267211914,,,
0.0,0.0,0.33402979373931885,,,
0.0,0.0,0.2876381576061249,,,
0.0,0.0,0.40690985321998596,,,
1.0,1.0,0.7159114480018616,,,
1.0,1.0,0.954883873462677,,,
0.0,0.0,0.3885236084461212,,,
0.0,0.0,0.2790985703468323,,,
1.0,1.0,0.5995137691497803,,,
0.0,0.0,0.3851472735404968,,,
1.0,1.0,0.8358275890350342,,,
0.0,0.0,0.4059687852859497,,,
0.0,0.0,0.3526792824268341,,,
1.0,1.0,0.5347028970718384,,,
0.0,0.0,0.30091217160224915,,,
1.0,1.0,0.726812481880188,,,
1.0,1.0,0.6524518728256226,,,
1.0,0.0,0.3686046600341797,,,
0.0,0.0,0.3454340100288391,,,
0.0,1.0,0.5509680509567261,,,
0.0,0.0,0.1798120141029358,,,
0.0,0.0,0.2715277075767517,,,
1.0,1.0,0.5048632621765137,,,
0.0,0.0,0.28477299213409424,,,
0.0,0.0,0.4521295726299286,,,
0.0,0.0,0.42303231358528137,,,
0.0,0.0,0.3350701630115509,,,
0.0,0.0,0.20406945049762726,,,
1.0,0.0,0.21782097220420837,,,
0.0,0.0,0.13907742500305176,,,
0.0,0.0,0.4302927553653717,,,
0.0,0.0,0.3462725281715393,,,
0.0,0.0,0.39499974250793457,,,
1.0,1.0,0.743776798248291,,,
1.0,1.0,0.6339303851127625,,,
1.0,0.0,0.3465332090854645,,,
1.0,1.0,0.7050151228904724,,,
0.0,1.0,0.5660468339920044,,,
0.0,0.0,0.4550205171108246,,,
1.0,1.0,0.7814369201660156,,,
0.0,0.0,0.496621698141098,,,
1.0,0.0,0.385558158159256,,,
0.0,0.0,0.30084943771362305,,,
1.0,1.0,0.732621431350708,,,
1.0,0.0,0.4071873426437378,,,
1.0,1.0,0.7555084228515625,,,
1.0,1.0,0.9050713777542114,,,
1.0,0.0,0.35415220260620117,,,
0.0,0.0,0.37474900484085083,,,
1.0,1.0,0.5235169529914856,,,
1.0,1.0,0.5351219177246094,,,
1.0,0.0,0.44730398058891296,,,
1.0,1.0,0.5438835024833679,,,
1.0,0.0,0.32802683115005493,,,
0.0,0.0,0.1306719034910202,,,
1.0,1.0,0.7273457646369934,,,
0.0,0.0,0.29615625739097595,,,
0.0,1.0,0.7061234712600708,,,
0.0,0.0,0.4799460172653198,,,
0.0,0.0,0.3382484018802643,,,
1.0,1.0,0.7539969086647034,,,
0.0,1.0,0.6152529120445251,,,
0.0,0.0,0.35110747814178467,,,
0.0,0.0,0.34623435139656067,,,
0.0,0.0,0.27326712012290955,,,
1.0,1.0,0.6174407601356506,,,
0.0,0.0,0.48140668869018555,,,
1.0,0.0,0.45272818207740784,,,
0.0,0.0,0.4448047876358032,,,
0.0,0.0,0.3565945327281952,,,
0.0,0.0,0.4040716290473938,,,
1.0,1.0,0.6259880065917969,,,
0.0,0.0,0.3171263039112091,,,
0.0,0.0,0.32525649666786194,,,
0.0,1.0,0.5435507297515869,,,
1.0,1.0,0.5154920816421509,,,
0.0,1.0,0.5979293584823608,,,
1.0,1.0,0.8930049538612366,,,
1.0,1.0,0.7549719214439392,,,
1.0,1.0,0.5206387042999268,,,
1.0,0.0,0.41206490993499756,,,
1.0,1.0,0.6500839591026306,,,
0.0,0.0,0.25127944350242615,,,
0.0,0.0,0.3698863983154297,,,
0.0,0.0,0.33320945501327515,,,
0.0,0.0,0.36690983176231384,,,
0.0,0.0,0.32168295979499817,,,
1.0,1.0,0.7266416549682617,,,
1.0,1.0,0.6494266986846924,,,
1.0,1.0,0.6980352401733398,,,
1.0,0.0,0.4327163100242615,,,
0.0,0.0,0.43855518102645874,,,
1.0,0.0,0.43155723810195923,,,
0.0,0.0,0.45766186714172363,,,
1.0,1.0,0.626926600933075,,,
0.0,0.0,0.37057408690452576,,,
1.0,0.0,0.43717747926712036,,,
1.0,0.0,0.3794620633125305,,,
1.0,0.0,0.4972532093524933,,,
0.0,0.0,0.39976340532302856,,,
1.0,1.0,0.835804283618927,,,
1.0,0.0,0.48684820532798767,,,
0.0,0.0,0.15283150970935822,,,
0.0,0.0,0.3218022286891937,,,
1.0,0.0,0.41843360662460327,,,
1.0,1.0,0.7447385787963867,,,
0.0,0.0,0.4522935152053833,,,
1.0,1.0,0.6690601706504822,,,
0.0,0.0,0.3899001479148865,,,
1.0,0.0,0.28118354082107544,,,
1.0,0.0,0.4900268018245697,,,
0.0,0.0,0.19927018880844116,,,
1.0,1.0,0.5331732034683228,,,
0.0,1.0,0.7370775938034058,,,
1.0,1.0,0.7720285058021545,,,
1.0,0.0,0.4893937408924103,,,
1.0,0.0,0.41179755330085754,,,
0.0,0.0,0.24488788843154907,,,
1.0,1.0,0.7375404834747314,,,
0.0,0.0,0.44825878739356995,,,
1.0,1.0,0.6721614003181458,,,
1.0,0.0,0.2922680079936981,,,
0.0,0.0,0.324179083108902,,,
1.0,1.0,0.7324661612510681,,,
1.0,0.0,0.33384719491004944,,,
0.0,1.0,0.6970118880271912,,,
0.0,0.0,0.19899384677410126,,,
0.0,0.0,0.21895401179790497,,,
0.0,1.0,0.5442696213722229,,,
0.0,0.0,0.2485538274049759,,,
0.0,0.0,0.31864696741104126,,,
1.0,1.0,0.5345079302787781,,,
0.0,0.0,0.3649935722351074,,,
1.0,1.0,0.5138584971427917,,,
0.0,0.0,0.22523783147335052,,,
1.0,1.0,0.6438746452331543,,,
1.0,0.0,0.37660983204841614,,,
1.0,0.0,0.27784615755081177,,,
0.0,0.0,0.38967445492744446,,,
0.0,0.0,0.2939246892929077,,,
0.0,0.0,0.2255716770887375,,,
1.0,0.0,0.4602758288383484,,,
0.0,0.0,0.34986308217048645,,,
1.0,1.0,0.6548705101013184,,,
0.0,0.0,0.39958125352859497,,,
1.0,1.0,0.6700280904769897,,,
0.0,0.0,0.3532537519931793,,,
0.0,0.0,0.36782339215278625,,,
0.0,0.0,0.3834492862224579,,,
0.0,0.0,0.322470486164093,,,
0.0,0.0,0.34628772735595703,,,
0.0,0.0,0.27713292837142944,,,
0.0,0.0,0.37533679604530334,,,
0.0,0.0,0.45240721106529236,,,
1.0,1.0,0.8037880659103394,,,
0.0,0.0,0.3504228889942169,,,
1.0,1.0,0.5618518590927124,,,
1.0,1.0,0.5883330702781677,,,
0.0,1.0,0.580308735370636,,,
1.0,1.0,0.6684383153915405,,,
0.0,0.0,0.2573072016239166,,,
1.0,0.0,0.44652485847473145,,,
1.0,1.0,0.769882082939148,,,
1.0,0.0,0.4584302604198456,,,
1.0,0.0,0.37830740213394165,,,
0.0,0.0,0.4573219120502472,,,
1.0,1.0,0.6684383153915405,,,
1.0,1.0,0.6136805415153503,,,
1.0,1.0,0.5987525582313538,,,
1.0,1.0,0.6071228384971619,,,
0.0,0.0,0.3794471323490143,,,
1.0,1.0,0.8913135528564453,,,
0.0,0.0,0.30234187841415405,,,
1.0,1.0,0.8021055459976196,,,
1.0,1.0,0.5034077763557434,,,
0.0,0.0,0.3486478328704834,,,
0.0,0.0,0.31590577960014343,,,
0.0,1.0,0.7459919452667236,,,
1.0,1.0,0.8348032236099243,,,
1.0,0.0,0.4875459372997284,,,
1.0,1.0,0.8008791208267212,,,
1.0,1.0,0.8242133855819702,,,
1.0,0.0,0.4697953760623932,,,
1.0,1.0,0.6964734792709351,,,
1.0,1.0,0.670466423034668,,,
1.0,1.0,0.7476824522018433,,,
1.0,1.0,0.6845586895942688,,,
1.0,1.0,0.8024986982345581,,,
1.0,1.0,0.569832444190979,,,
1.0,1.0,0.8124017119407654,,,
0.0,0.0,0.3865984380245209,,,
1.0,0.0,0.4147709608078003,,,
1.0,0.0,0.40859735012054443,,,
0.0,0.0,0.48936158418655396,,,
1.0,0.0,0.4005257487297058,,,
1.0,1.0,0.551162600517273,,,
1.0,1.0,0.5169282555580139,,,
0.0,0.0,0.2060099095106125,,,
1.0,1.0,0.7242037057876587,,,
1.0,1.0,0.9237937331199646,,,
1.0,0.0,0.31429871916770935,,,
1.0,0.0,0.48264092206954956,,,
1.0,1.0,0.5042470097541809,,,
1.0,1.0,0.5683735609054565,,,
0.0,0.0,0.29510560631752014,,,
1.0,0.0,0.41541770100593567,,,
0.0,0.0,0.3668111264705658,,,
1.0,0.0,0.3180193603038788,,,
1.0,0.0,0.34966593980789185,,,
1.0,1.0,0.5990887880325317,,,
1.0,1.0,0.7357968688011169,,,
0.0,0.0,0.2151280641555786,,,
0.0,0.0,0.2534938156604767,,,
1.0,1.0,0.5968725085258484,,,
0.0,1.0,0.7118615508079529,,,
1.0,0.0,0.4557977616786957,,,
0.0,0.0,0.2642098367214203,,,
1.0,0.0,0.4785509705543518,,,
0.0,0.0,0.4377822279930115,,,
0.0,0.0,0.23603945970535278,,,
0.0,0.0,0.23887081444263458,,,
1.0,1.0,0.699049711227417,,,
0.0,0.0,0.3214917480945587,,,
0.0,0.0,0.35405635833740234,,,
0.0,0.0,0.13865327835083008,,,
0.0,0.0,0.24903208017349243,,,
0.0,0.0,0.38623547554016113,,,
1.0,1.0,0.5555719137191772,,,
0.0,0.0,0.32632264494895935,,,
0.0,0.0,0.21402966976165771,,,
1.0,1.0,0.8249316811561584,,,
0.0,0.0,0.38311219215393066,,,
0.0,0.0,0.3578556776046753,,,
0.0,0.0,0.31995153427124023,,,
0.0,0.0,0.33168938755989075,,,
1.0,1.0,0.5451263189315796,,,
0.0,0.0,0.3339880704879761,,,
0.0,0.0,0.3988499939441681,,,
1.0,1.0,0.5440850853919983,,,
0.0,0.0,0.37313830852508545,,,
0.0,0.0,0.35091203451156616,,,
1.0,1.0,0.6107320785522461,,,
0.0,0.0,0.280664324760437,,,
0.0,0.0,0.407335102558136,,,
0.0,0.0,0.40194129943847656,,,
0.0,0.0,0.3068619966506958,,,
0.0,0.0,0.39558643102645874,,,
1.0,0.0,0.3846750855445862,,,
0.0,0.0,0.2889851927757263,,,
0.0,0.0,0.3263595700263977,,,
0.0,0.0,0.3343634009361267,,,
0.0,0.0,0.4167076349258423,,,
0.0,0.0,0.25866106152534485,,,
0.0,0.0,0.1798120141029358,,,
0.0,0.0,0.3032357692718506,,,
1.0,0.0,0.32719966769218445,,,
1.0,0.0,0.45959731936454773,,,
1.0,1.0,0.8294828534126282,,,
1.0,1.0,0.8872701525688171,,,
0.0,0.0,0.3453638255596161,,,
0.0,1.0,0.5290750861167908,,,
0.0,0.0,0.3746201992034912,,,
0.0,0.0,0.2217293679714203,,,
0.0,0.0,0.3662852644920349,,,
0.0,0.0,0.3228857219219208,,,
1.0,0.0,0.4317866563796997,,,
0.0,0.0,0.40126097202301025,,,
0.0,1.0,0.5819394588470459,,,
1.0,1.0,0.7742109298706055,,,
0.0,0.0,0.3025120496749878,,,
0.0,0.0,0.22396360337734222,,,
1.0,1.0,0.6006513833999634,,,
0.0,0.0,0.2952687740325928,,,
1.0,0.0,0.43974825739860535,,,
0.0,0.0,0.32689014077186584,,,
1.0,1.0,0.60506272315979,,,
0.0,0.0,0.24648290872573853,,,
1.0,1.0,0.5236554741859436,,,
0.0,0.0,0.27774375677108765,,,
0.0,0.0,0.3627728819847107,,,
1.0,0.0,0.42216727137565613,,,
0.0,0.0,0.36685892939567566,,,
0.0,0.0,0.32843124866485596,,,
1.0,1.0,0.6079739332199097,,,
1.0,1.0,0.6495911478996277,,,
0.0,0.0,0.40865784883499146,,,
1.0,1.0,0.6202800869941711,,,
1.0,1.0,0.7367082834243774,,,
1.0,1.0,0.5908995866775513,,,
0.0,0.0,0.3462725281715393,,,
1.0,1.0,0.5228068232536316,,,
0.0,0.0,0.41122037172317505,,,
0.0,0.0,0.3330478370189667,,,
0.0,0.0,0.3545266091823578,,,
1.0,0.0,0.49671757221221924,,,
0.0,0.0,0.3733675181865692,,,
1.0,1.0,0.5048326253890991,,,
1.0,1.0,0.7395810484886169,,,
1.0,1.0,0.5457246899604797,,,
0.0,0.0,0.45441243052482605,,,
0.0,0.0,0.2927173674106598,,,
0.0,0.0,0.42053791880607605,,,
1.0,1.0,0.637114942073822,,,
1.0,0.0,0.4507933557033539,,,
0.0,0.0,0.3535359501838684,,,
0.0,0.0,0.32055020332336426,,,
0.0,1.0,0.6607906818389893,,,
0.0,0.0,0.3954162299633026,,,
1.0,0.0,0.311419278383255,,,
1.0,1.0,0.5607914328575134,,,
1.0,1.0,0.8475913405418396,,,
0.0,1.0,0.5298523902893066,,,
1.0,0.0,0.39117714762687683,,,
0.0,0.0,0.2579945921897888,,,
1.0,0.0,0.38884827494621277,,,
0.0,0.0,0.4870748221874237,,,
1.0,1.0,0.5179030895233154,,,
0.0,0.0,0.29066503047943115,,,
0.0,0.0,0.3391772210597992,,,
0.0,0.0,0.3043971061706543,,,
0.0,0.0,0.4327434003353119,,,
0.0,0.0,0.32911330461502075,,,
1.0,1.0,0.6852426528930664,,,
0.0,0.0,0.3161817193031311,,,
1.0,1.0,0.8174205422401428,,,
0.0,0.0,0.293292373418808,,,
0.0,1.0,0.7879081964492798,,,
1.0,1.0,0.7319967150688171,,,
1.0,1.0,0.7043756246566772,,,
0.0,0.0,0.2162371724843979,,,
0.0,0.0,0.2916686236858368,,,
1.0,1.0,0.7475728988647461,,,
0.0,0.0,0.24125832319259644,,,
0.0,0.0,0.3807871341705322,,,
1.0,0.0,0.3233647048473358,,,
0.0,0.0,0.29658952355384827,,,
0.0,0.0,0.36876875162124634,,,
1.0,0.0,0.4348517656326294,,,
0.0,0.0,0.4026082158088684,,,
1.0,1.0,0.7819466590881348,,,
1.0,0.0,0.45424652099609375,,,
0.0,0.0,0.3347192406654358,,,
0.0,0.0,0.47119346261024475,,,
1.0,1.0,0.9153136610984802,,,
0.0,0.0,0.2678960859775543,,,
0.0,0.0,0.43131139874458313,,,
0.0,0.0,0.4025646448135376,,,
0.0,0.0,0.4698821008205414,,,
1.0,1.0,0.6948541402816772,,,
0.0,0.0,0.2481994777917862,,,
1.0,1.0,0.7726994752883911,,,
0.0,0.0,0.3922317326068878,,,
0.0,0.0,0.48213881254196167,,,
0.0,0.0,0.3224218189716339,,,
1.0,0.0,0.4641363322734833,,,
1.0,0.0,0.45995035767555237,,,
0.0,1.0,0.5583234429359436,,,
0.0,0.0,0.3474426567554474,,,
0.0,0.0,0.3751514256000519,,,
1.0,1.0,0.9138264656066895,,,
1.0,1.0,0.8632087111473083,,,
1.0,1.0,0.5918813943862915,,,
0.0,0.0,0.4818311035633087,,,
0.0,0.0,0.31708577275276184,,,
1.0,1.0,0.6436381340026855,,,
1.0,0.0,0.3208957016468048,,,
0.0,0.0,0.372554212808609,,,
0.0,0.0,0.32324641942977905,,,
0.0,0.0,0.31519433856010437,,,
1.0,0.0,0.45422789454460144,,,
1.0,1.0,0.7008957266807556,,,
0.0,0.0,0.35656675696372986,,,
0.0,0.0,0.30972498655319214,,,
1.0,1.0,0.7170767188072205,,,
0.0,0.0,0.35049158334732056,,,
1.0,1.0,0.7897366285324097,,,
1.0,0.0,0.3511492908000946,,,
0.0,0.0,0.33399927616119385,,,
1.0,1.0,0.8748514652252197,,,
0.0,0.0,0.23532795906066895,,,
0.0,0.0,0.2959246039390564,,,
0.0,0.0,0.38995465636253357,,,
1.0,0.0,0.3604626953601837,,,
0.0,0.0,0.16402435302734375,,,
0.0,0.0,0.3879804015159607,,,
1.0,0.0,0.4697258174419403,,,
1.0,1.0,0.6105546951293945,,,
1.0,1.0,0.6573929190635681,,,
1.0,0.0,0.4375922381877899,,,
1.0,1.0,0.7892816066741943,,,
0.0,0.0,0.3584304749965668,,,
0.0,0.0,0.28197163343429565,,,
0.0,0.0,0.42078861594200134,,,
0.0,0.0,0.3872450590133667,,,
1.0,1.0,0.8014759421348572,,,
1.0,1.0,0.6885108947753906,,,
0.0,1.0,0.8296757936477661,,,
1.0,0.0,0.4394415020942688,,,
1.0,1.0,0.6006025075912476,,,
0.0,0.0,0.44109466671943665,,,
1.0,1.0,0.8981970548629761,,,
1.0,1.0,0.6243696808815002,,,
0.0,0.0,0.3980976939201355,,,
1.0,0.0,0.40386518836021423,,,
0.0,0.0,0.4383828341960907,,,
1.0,1.0,0.7273457646369934,,,
0.0,0.0,0.28754690289497375,,,
0.0,0.0,0.4383438527584076,,,
1.0,0.0,0.3947387933731079,,,
1.0,0.0,0.3329288363456726,,,
1.0,1.0,0.6009427309036255,,,
1.0,0.0,0.496452659368515,,,
0.0,0.0,0.37621814012527466,,,
0.0,1.0,0.7188690304756165,,,
1.0,1.0,0.7172962427139282,,,
1.0,1.0,0.7547135353088379,,,
1.0,1.0,0.6384310722351074,,,
1.0,1.0,0.5150076746940613,,,
0.0,1.0,0.5274174809455872,,,
1.0,1.0,0.8750802874565125,,,
1.0,1.0,0.6010534763336182,,,
0.0,0.0,0.355927437543869,,,
1.0,1.0,0.9110690355300903,,,
0.0,0.0,0.445939838886261,,,
0.0,0.0,0.28235167264938354,,,
0.0,0.0,0.45243802666664124,,,
1.0,0.0,0.41400307416915894,,,
0.0,0.0,0.2852553725242615,,,
0.0,0.0,0.2819060981273651,,,
0.0,0.0,0.2912258505821228,,,
0.0,1.0,0.5507375597953796,,,
1.0,1.0,0.8296352624893188,,,
0.0,0.0,0.38234490156173706,,,
0.0,0.0,0.31032246351242065,,,
0.0,0.0,0.389364093542099,,,
0.0,0.0,0.41600748896598816,,,
1.0,0.0,0.4056565761566162,,,
0.0,0.0,0.37276825308799744,,,
0.0,0.0,0.22185145318508148,,,
1.0,0.0,0.3557742238044739,,,
1.0,1.0,0.7985175251960754,,,
0.0,0.0,0.3452073037624359,,,
0.0,1.0,0.541606068611145,,,
0.0,0.0,0.3893108367919922,,,
1.0,1.0,0.688578188419342,,,
0.0,0.0,0.33793413639068604,,,
0.0,0.0,0.445939838886261,,,
1.0,0.0,0.45797640085220337,,,
1.0,0.0,0.4738781452178955,,,
0.0,0.0,0.3159583508968353,,,
0.0,0.0,0.4162473678588867,,,
0.0,0.0,0.34473899006843567,,,
0.0,0.0,0.22379285097122192,,,
1.0,1.0,0.5909954309463501,,,
1.0,0.0,0.4964247941970825,,,
1.0,1.0,0.692421555519104,,,
0.0,0.0,0.3387755751609802,,,
1.0,1.0,0.7193852066993713,,,
0.0,0.0,0.45316192507743835,,,
0.0,0.0,0.24347765743732452,,,
0.0,0.0,0.3998855948448181,,,
0.0,0.0,0.4296562075614929,,,
1.0,0.0,0.4493499994277954,,,
1.0,0.0,0.4716426432132721,,,
0.0,0.0,0.3050253093242645,,,
0.0,0.0,0.36412346363067627,,,
0.0,0.0,0.25606051087379456,,,
1.0,1.0,0.5051459074020386,,,
0.0,0.0,0.3411434590816498,,,
1.0,1.0,0.8042845129966736,,,
0.0,0.0,0.38596034049987793,,,
0.0,0.0,0.3879294693470001,,,
1.0,0.0,0.4875459372997284,,,
0.0,0.0,0.34356212615966797,,,
1.0,1.0,0.8594422340393066,,,
1.0,1.0,0.8887515664100647,,,
1.0,1.0,0.5392340421676636,,,
0.0,0.0,0.4014543294906616,,,
0.0,0.0,0.33094522356987,,,
1.0,1.0,0.7481628060340881,,,
0.0,1.0,0.5051081776618958,,,
1.0,1.0,0.8075348138809204,,,
0.0,0.0,0.440757691860199,,,
1.0,1.0,0.6487908363342285,,,
1.0,0.0,0.458187460899353,,,
0.0,0.0,0.22162431478500366,,,
0.0,0.0,0.3475484251976013,,,
0.0,1.0,0.609334409236908,,,
1.0,0.0,0.31647899746894836,,,
1.0,1.0,0.7283095717430115,,,
0.0,0.0,0.3123992383480072,,,
1.0,1.0,0.6076313853263855,,,
1.0,1.0,0.892408549785614,,,
1.0,1.0,0.6791710257530212,,,
0.0,0.0,0.3367936611175537,,,
1.0,1.0,0.5711393356323242,,,
1.0,0.0,0.35845863819122314,,,
1.0,0.0,0.40887919068336487,,,
1.0,1.0,0.6004750728607178,,,
0.0,1.0,0.6456181406974792,,,
0.0,0.0,0.26932868361473083,,,
1.0,0.0,0.3652210533618927,,,
1.0,1.0,0.9309340715408325,,,
1.0,0.0,0.371267706155777,,,
1.0,0.0,0.23203197121620178,,,
0.0,0.0,0.22187133133411407,,,
0.0,1.0,0.5564349293708801,,,
0.0,1.0,0.5860188007354736,,,
0.0,0.0,0.30084943771362305,,,
0.0,0.0,0.3384612202644348,,,
1.0,1.0,0.7549719214439392,,,
0.0,0.0,0.4101621210575104,,,
1.0,1.0,0.5510527491569519,,,
0.0,0.0,0.3350028991699219,,,
1.0,0.0,0.3364729583263397,,,
1.0,0.0,0.29155588150024414,,,
1.0,1.0,0.872527539730072,,,
0.0,1.0,0.5248208045959473,,,
1.0,1.0,0.5252741575241089,,,
1.0,0.0,0.2606050968170166,,,
1.0,1.0,0.6946913599967957,,,
1.0,1.0,0.7953154444694519,,,
0.0,0.0,0.2151522934436798,,,
0.0,0.0,0.404514878988266,,,
1.0,0.0,0.4117357134819031,,,
0.0,0.0,0.36005112528800964,,,
1.0,1.0,0.5959896445274353,,,
0.0,0.0,0.2545890510082245,,,
0.0,0.0,0.4320126473903656,,,
1.0,0.0,0.4922841191291809,,,
1.0,1.0,0.5367702841758728,,,
0.0,1.0,0.5141282677650452,,,
0.0,0.0,0.3633508086204529,,,
0.0,0.0,0.43287158012390137,,,
0.0,0.0,0.1623864322900772,,,
0.0,0.0,0.3197058141231537,,,
1.0,1.0,0.5893779993057251,,,
1.0,1.0,0.5866215825080872,,,
1.0,1.0,0.7745741009712219,,,
0.0,0.0,0.3642948269844055,,,
0.0,0.0,0.24931588768959045,,,
0.0,0.0,0.3787427544593811,,,
0.0,0.0,0.3131316006183624,,,
1.0,0.0,0.49395740032196045,,,
0.0,0.0,0.270620197057724,,,
1.0,1.0,0.6115592122077942,,,
0.0,1.0,0.5547430515289307,,,
1.0,0.0,0.3883703947067261,,,
1.0,1.0,0.6520596146583557,,,
0.0,0.0,0.24787764251232147,,,
1.0,1.0,0.5307541489601135,,,
0.0,1.0,0.5300211310386658,,,
0.0,0.0,0.2927582859992981,,,
0.0,0.0,0.4764100909233093,,,
0.0,0.0,0.39557135105133057,,,
1.0,1.0,0.9242421984672546,,,
1.0,0.0,0.37418240308761597,,,
0.0,0.0,0.306179940700531,,,
1.0,1.0,0.6351339817047119,,,
1.0,0.0,0.39738136529922485,,,
0.0,0.0,0.2962763011455536,,,
0.0,0.0,0.4077425003051758,,,
1.0,0.0,0.31286266446113586,,,
1.0,1.0,0.5042470097541809,,,
1.0,0.0,0.44084274768829346,,,
1.0,0.0,0.4183708727359772,,,
0.0,0.0,0.1734868884086609,,,
0.0,0.0,0.18980161845684052,,,
0.0,0.0,0.4267440140247345,,,
1.0,1.0,0.8114798665046692,,,
0.0,0.0,0.2746707797050476,,,
0.0,0.0,0.42038771510124207,,,
0.0,0.0,0.3479117751121521,,,
0.0,1.0,0.5819597244262695,,,
0.0,0.0,0.2790985703468323,,,
0.0,0.0,0.45316192507743835,,,
0.0,0.0,0.3265242278575897,,,
1.0,0.0,0.45629560947418213,,,
0.0,1.0,0.654437243938446,,,
0.0,0.0,0.3614885210990906,,,
0.0,0.0,0.19664667546749115,,,
0.0,0.0,0.34142646193504333,,,
0.0,0.0,0.209749236702919,,,
1.0,0.0,0.4715114235877991,,,
1.0,1.0,0.6642268300056458,,,
1.0,0.0,0.49289295077323914,,,
0.0,0.0,0.4588680565357208,,,
1.0,1.0,0.5351440906524658,,,
0.0,0.0,0.41046053171157837,,,
0.0,0.0,0.3190769553184509,,,
1.0,0.0,0.499199777841568,,,
1.0,0.0,0.29683223366737366,,,
1.0,1.0,0.5288069844245911,,,
1.0,1.0,0.8356232643127441,,,
1.0,1.0,0.8601349592208862,,,
1.0,1.0,0.6344696879386902,,,
0.0,0.0,0.341171532869339,,,
1.0,1.0,0.9017647504806519,,,
0.0,0.0,0.26063254475593567,,,
1.0,1.0,0.9233430624008179,,,
1.0,1.0,0.6628773212432861,,,
0.0,0.0,0.39445286989212036,,,
1.0,1.0,0.7985175251960754,,,
1.0,1.0,0.826270341873169,,,
0.0,0.0,0.33546182513237,,,
1.0,0.0,0.46925967931747437,,,
0.0,0.0,0.4248589873313904,,,
0.0,0.0,0.4922814667224884,,,
1.0,1.0,0.8604308366775513,,,
0.0,1.0,0.5178007483482361,,,
0.0,1.0,0.5746601819992065,,,
1.0,1.0,0.9194591045379639,,,
0.0,0.0,0.1569111943244934,,,
0.0,0.0,0.30619075894355774,,,
0.0,0.0,0.37780657410621643,,,
0.0,1.0,0.5352491140365601,,,
1.0,1.0,0.8912606239318848,,,
0.0,0.0,0.33516716957092285,,,
0.0,1.0,0.6564798355102539,,,
1.0,1.0,0.5383954644203186,,,
0.0,0.0,0.14386726915836334,,,
0.0,0.0,0.17228123545646667,,,
1.0,0.0,0.46090167760849,,,
1.0,0.0,0.21067240834236145,,,
1.0,1.0,0.7187265157699585,,,
0.0,0.0,0.3626609146595001,,,
0.0,0.0,0.25185689330101013,,,
0.0,1.0,0.5010730624198914,,,
1.0,1.0,0.7261584401130676,,,
0.0,0.0,0.2209731638431549,,,
0.0,0.0,0.33823931217193604,,,
0.0,0.0,0.32635629177093506,,,
0.0,0.0,0.4576922357082367,,,
0.0,0.0,0.19310246407985687,,,
0.0,0.0,0.3258710205554962,,,
1.0,1.0,0.6008606553077698,,,
1.0,1.0,0.798974871635437,,,
0.0,0.0,0.4357992708683014,,,
1.0,1.0,0.9195801615715027,,,
0.0,0.0,0.26568475365638733,,,
1.0,1.0,0.626677393913269,,,
1.0,1.0,0.8656617999076843,,,
0.0,0.0,0.26136404275894165,,,
0.0,0.0,0.2797108292579651,,,
1.0,0.0,0.41957029700279236,,,
1.0,1.0,0.7573105692863464,,,
1.0,0.0,0.39226144552230835,,,
1.0,1.0,0.504027247428894,,,
0.0,0.0,0.35059523582458496,,,
0.0,0.0,0.30237722396850586,,,
1.0,1.0,0.823855996131897,,,
0.0,0.0,0.41688308119773865,,,
1.0,1.0,0.5296264886856079,,,
0.0,0.0,0.3637681305408478,,,
0.0,0.0,0.2512858808040619,,,
1.0,0.0,0.49678921699523926,,,
0.0,0.0,0.2504936754703522,,,
1.0,1.0,0.5836055278778076,,,
0.0,0.0,0.2885013818740845,,,
1.0,1.0,0.7409451603889465,,,
0.0,0.0,0.2884446680545807,,,
1.0,1.0,0.9453223347663879,,,
0.0,0.0,0.43635550141334534,,,
1.0,1.0,0.5154920816421509,,,
0.0,0.0,0.3626609146595001,,,
0.0,0.0,0.4386954605579376,,,
1.0,1.0,0.7168716788291931,,,
1.0,1.0,0.7118199467658997,,,
1.0,0.0,0.4064253568649292,,,
0.0,0.0,0.4890133738517761,,,
0.0,0.0,0.3896089494228363,,,
1.0,1.0,0.5143104791641235,,,
0.0,0.0,0.4615834057331085,,,
0.0,0.0,0.29658952355384827,,,
0.0,0.0,0.24641577899456024,,,
0.0,0.0,0.35223814845085144,,,
1.0,1.0,0.688578188419342,,,
1.0,1.0,0.5893546938896179,,,
1.0,1.0,0.8481658697128296,,,
0.0,0.0,0.48948317766189575,,,
0.0,0.0,0.4967561662197113,,,
1.0,1.0,0.6616977453231812,,,
1.0,1.0,0.5307914018630981,,,
0.0,0.0,0.3661423921585083,,,
1.0,0.0,0.45570439100265503,,,
0.0,1.0,0.7459919452667236,,,
1.0,0.0,0.46995583176612854,,,
0.0,0.0,0.48235324025154114,,,
0.0,1.0,0.5694465041160583,,,
1.0,1.0,0.6764004826545715,,,
0.0,0.0,0.36927545070648193,,,
0.0,1.0,0.799605131149292,,,
0.0,1.0,0.5958603024482727,,,
1.0,0.0,0.3177364766597748,,,
0.0,0.0,0.39094242453575134,,,
0.0,0.0,0.18761049211025238,,,
0.0,0.0,0.3067531883716583,,,
0.0,1.0,0.6920827627182007,,,
1.0,0.0,0.4901784360408783,,,
1.0,1.0,0.7416911125183105,,,
1.0,1.0,0.5973248481750488,,,
1.0,0.0,0.4237886369228363,,,
0.0,0.0,0.4764046370983124,,,
0.0,0.0,0.2058660238981247,,,
1.0,1.0,0.7476175427436829,,,
0.0,0.0,0.25470441579818726,,,
0.0,0.0,0.3983009457588196,,,
1.0,1.0,0.8167223930358887,,,
0.0,1.0,0.5100542902946472,,,
0.0,0.0,0.3247548043727875,,,
0.0,0.0,0.31672072410583496,,,
1.0,1.0,0.8453846573829651,,,
0.0,0.0,0.3158400356769562,,,
0.0,0.0,0.17249341309070587,,,
0.0,1.0,0.5503630042076111,,,
1.0,0.0,0.44456174969673157,,,
1.0,1.0,0.8271743059158325,,,
1.0,1.0,0.6426334977149963,,,
0.0,0.0,0.38773801922798157,,,
1.0,0.0,0.31594404578208923,,,
0.0,0.0,0.37272095680236816,,,
0.0,0.0,0.28260326385498047,,,
0.0,0.0,0.4222283363342285,,,
1.0,1.0,0.8729394674301147,,,
0.0,0.0,0.28754690289497375,,,
1.0,0.0,0.495245099067688,,,
0.0,0.0,0.406213641166687,,,
1.0,1.0,0.6584338545799255,,,
0.0,0.0,0.3043345808982849,,,
1.0,0.0,0.4578380584716797,,,
1.0,1.0,0.5960853695869446,,,
0.0,0.0,0.3031407594680786,,,
0.0,1.0,0.552935004234314,,,
0.0,0.0,0.20534390211105347,,,
0.0,0.0,0.4874213933944702,,,
0.0,0.0,0.4163740575313568,,,
0.0,1.0,0.5861684083938599,,,
0.0,0.0,0.39783555269241333,,,
1.0,1.0,0.5791395306587219,,,
1.0,1.0,0.8908675909042358,,,
1.0,1.0,0.7483497262001038,,,
1.0,1.0,0.5744336247444153,,,
1.0,0.0,0.30326130986213684,,,
1.0,1.0,0.553947925567627,,,
1.0,1.0,0.5754655599594116,,,
0.0,0.0,0.38605713844299316,,,
0.0,1.0,0.5185438990592957,,,
1.0,1.0,0.5866215825080872,,,
0.0,0.0,0.2111702710390091,,,
1.0,0.0,0.41772398352622986,,,
1.0,1.0,0.5212933421134949,,,
0.0,0.0,0.2574072778224945,,,
1.0,1.0,0.5606241822242737,,,
0.0,0.0,0.18140040338039398,,,
0.0,0.0,0.3069128692150116,,,
0.0,0.0,0.3290044069290161,,,
1.0,1.0,0.5926072597503662,,,
1.0,1.0,0.5446191430091858,,,
0.0,0.0,0.198178231716156,,,
1.0,0.0,0.4391685724258423,,,
1.0,1.0,0.733127772808075,,,
1.0,1.0,0.5150672793388367,,,
0.0,0.0,0.4628148376941681,,,
1.0,1.0,0.7014196515083313,,,
0.0,0.0,0.26393628120422363,,,
1.0,1.0,0.6970426440238953,,,
1.0,1.0,0.8629998564720154,,,
0.0,0.0,0.4032801687717438,,,
1.0,0.0,0.35693714022636414,,,
1.0,1.0,0.7049278616905212,,,
0.0,0.0,0.33327215909957886,,,
1.0,1.0,0.6081344485282898,,,
1.0,1.0,0.5649762153625488,,,
1.0,0.0,0.31767454743385315,,,
0.0,0.0,0.2312031239271164,,,
1.0,0.0,0.25352245569229126,,,
1.0,0.0,0.3604655861854553,,,
0.0,0.0,0.24370361864566803,,,
1.0,0.0,0.48390907049179077,,,
0.0,0.0,0.30933600664138794,,,
1.0,1.0,0.7098574042320251,,,
1.0,1.0,0.7440767884254456,,,
1.0,1.0,0.5898264646530151,,,
1.0,1.0,0.6579709053039551,,,
0.0,1.0,0.5752004981040955,,,
1.0,1.0,0.5379708409309387,,,
1.0,1.0,0.8069629073143005,,,
0.0,0.0,0.3577107787132263,,,
0.0,0.0,0.29117709398269653,,,
1.0,1.0,0.6154943108558655,,,
0.0,0.0,0.3769252300262451,,,
1.0,1.0,0.7168736457824707,,,
1.0,1.0,0.5294167399406433,,,
0.0,0.0,0.22713539004325867,,,
1.0,1.0,0.7915125489234924,,,
1.0,1.0,0.8982121348381042,,,
1.0,0.0,0.4985945522785187,,,
1.0,0.0,0.22875133156776428,,,
0.0,0.0,0.31546664237976074,,,
0.0,0.0,0.2673394978046417,,,
1.0,1.0,0.8277275562286377,,,
1.0,1.0,0.7301720976829529,,,
1.0,1.0,0.8232839107513428,,,
1.0,1.0,0.7787407636642456,,,
1.0,0.0,0.3804934322834015,,,
0.0,0.0,0.3900149166584015,,,
0.0,0.0,0.3208957016468048,,,
1.0,0.0,0.41531291604042053,,,
0.0,1.0,0.5288962721824646,,,
1.0,1.0,0.8965157270431519,,,
0.0,0.0,0.18784256279468536,,,
0.0,0.0,0.4685552716255188,,,
1.0,0.0,0.3289077579975128,,,
0.0,0.0,0.41923728585243225,,,
1.0,1.0,0.7424493432044983,,,
0.0,0.0,0.496591717004776,,,
0.0,0.0,0.33341243863105774,,,
1.0,1.0,0.8548159599304199,,,
0.0,0.0,0.26790839433670044,,,
0.0,1.0,0.5364538431167603,,,
0.0,1.0,0.5066118836402893,,,
1.0,0.0,0.27174267172813416,,,
0.0,0.0,0.41811877489089966,,,
0.0,0.0,0.30960267782211304,,,
0.0,0.0,0.24252547323703766,,,
1.0,1.0,0.5544861555099487,,,
0.0,0.0,0.17329749464988708,,,
0.0,0.0,0.24078692495822906,,,
0.0,1.0,0.6527780294418335,,,
1.0,0.0,0.33939501643180847,,,
1.0,1.0,0.5265706777572632,,,
1.0,0.0,0.4782506823539734,,,
0.0,0.0,0.24929502606391907,,,
0.0,0.0,0.27470189332962036,,,
0.0,0.0,0.2349821776151657,,,
0.0,1.0,0.5281551480293274,,,
0.0,0.0,0.2709825932979584,,,
1.0,1.0,0.5259515047073364,,,
1.0,0.0,0.35741809010505676,,,
0.0,0.0,0.21972301602363586,,,
0.0,1.0,0.6194347143173218,,,
0.0,0.0,0.48282235860824585,,,
0.0,0.0,0.35630571842193604,,,
1.0,0.0,0.3893379867076874,,,
0.0,0.0,0.3072223663330078,,,
0.0,0.0,0.28271380066871643,,,
1.0,1.0,0.9375833868980408,,,
1.0,0.0,0.44308924674987793,,,
0.0,0.0,0.4732637107372284,,,
0.0,0.0,0.2178255021572113,,,
0.0,0.0,0.3563579022884369,,,
0.0,0.0,0.4833686649799347,,,
0.0,0.0,0.39459356665611267,,,
0.0,0.0,0.1798120141029358,,,
0.0,0.0,0.23618768155574799,,,
0.0,0.0,0.22114625573158264,,,
0.0,0.0,0.22796964645385742,,,
1.0,1.0,0.5288774967193604,,,
1.0,1.0,0.666002631187439,,,
1.0,1.0,0.671220064163208,,,
1.0,0.0,0.4109942615032196,,,
1.0,0.0,0.3573223948478699,,,
0.0,0.0,0.44313353300094604,,,
0.0,0.0,0.16244421899318695,,,
1.0,0.0,0.36006781458854675,,,
1.0,1.0,0.5030347108840942,,,
1.0,0.0,0.3825349807739258,,,
0.0,0.0,0.18512675166130066,,,
0.0,0.0,0.1988537311553955,,,
0.0,0.0,0.34155040979385376,,,
1.0,0.0,0.4248400628566742,,,
0.0,0.0,0.3923274278640747,,,
0.0,0.0,0.44109049439430237,,,
1.0,0.0,0.30395886301994324,,,
1.0,1.0,0.948117733001709,,,
0.0,1.0,0.5027035474777222,,,
0.0,1.0,0.5026528239250183,,,
1.0,1.0,0.5645706057548523,,,
1.0,1.0,0.5597959756851196,,,
0.0,0.0,0.39993637800216675,,,
1.0,0.0,0.3225008249282837,,,
0.0,0.0,0.3677997291088104,,,
1.0,0.0,0.4497802257537842,,,
0.0,0.0,0.3364967405796051,,,
1.0,1.0,0.6432762742042542,,,
0.0,0.0,0.31455129384994507,,,
1.0,0.0,0.43960055708885193,,,
0.0,0.0,0.38620245456695557,,,
1.0,1.0,0.5603837370872498,,,
0.0,0.0,0.35549813508987427,,,
1.0,0.0,0.4997207224369049,,,
0.0,0.0,0.3197058141231537,,,
0.0,0.0,0.3209298253059387,,,
1.0,0.0,0.49374401569366455,,,
1.0,1.0,0.6167342662811279,,,
1.0,1.0,0.5302174687385559,,,
0.0,0.0,0.25051191449165344,,,
0.0,1.0,0.7548727989196777,,,
0.0,0.0,0.26630064845085144,,,
0.0,0.0,0.4435979723930359,,,
1.0,1.0,0.8626137375831604,,,
1.0,0.0,0.49232155084609985,,,
0.0,0.0,0.269499808549881,,,
1.0,1.0,0.7728369235992432,,,
0.0,1.0,0.5240413546562195,,,
1.0,1.0,0.7065691351890564,,,
1.0,1.0,0.8779894709587097,,,
1.0,1.0,0.5504574179649353,,,
1.0,1.0,0.9249686002731323,,,
1.0,1.0,0.7996789813041687,,,
0.0,0.0,0.18138015270233154,,,
0.0,0.0,0.3278433382511139,,,
1.0,1.0,0.6445906758308411,,,
0.0,0.0,0.44340673089027405,,,
1.0,0.0,0.44462063908576965,,,
1.0,1.0,0.822728157043457,,,
0.0,0.0,0.32285958528518677,,,
0.0,0.0,0.3586002588272095,,,
0.0,0.0,0.42483994364738464,,,
0.0,1.0,0.7718372941017151,,,
0.0,0.0,0.33116593956947327,,,
1.0,1.0,0.7248186469078064,,,
0.0,1.0,0.5089830756187439,,,
1.0,0.0,0.48458969593048096,,,
0.0,0.0,0.4099656045436859,,,
1.0,1.0,0.6204563975334167,,,
0.0,0.0,0.35156574845314026,,,
1.0,1.0,0.5017150640487671,,,
0.0,0.0,0.36496105790138245,,,
0.0,0.0,0.2677816152572632,,,
1.0,1.0,0.714133620262146,,,
1.0,1.0,0.6962594985961914,,,
1.0,1.0,0.9158658981323242,,,
0.0,0.0,0.35446977615356445,,,
1.0,1.0,0.7176251411437988,,,
1.0,1.0,0.8038478493690491,,,
1.0,1.0,0.9097975492477417,,,
0.0,0.0,0.3574085235595703,,,
0.0,0.0,0.3584221601486206,,,
1.0,1.0,0.6176397800445557,,,
0.0,0.0,0.2090223729610443,,,
0.0,0.0,0.3848010003566742,,,
1.0,1.0,0.5915626883506775,,,
0.0,0.0,0.38221636414527893,,,
0.0,0.0,0.1777087301015854,,,
1.0,1.0,0.8262420892715454,,,
1.0,1.0,0.8421960473060608,,,
0.0,0.0,0.4890035092830658,,,
1.0,1.0,0.7956200242042542,,,
1.0,0.0,0.398183137178421,,,
1.0,0.0,0.4223530888557434,,,
0.0,0.0,0.3990243077278137,,,
1.0,0.0,0.4127993583679199,,,
1.0,1.0,0.6537118554115295,,,
0.0,0.0,0.4032801687717438,,,
0.0,0.0,0.47315549850463867,,,
1.0,1.0,0.8042802214622498,,,
0.0,0.0,0.33431005477905273,,,
0.0,0.0,0.4157852828502655,,,
1.0,1.0,0.744140625,,,
1.0,1.0,0.6493441462516785,,,
0.0,0.0,0.4320126473903656,,,
0.0,0.0,0.4289737939834595,,,
0.0,0.0,0.26451078057289124,,,
1.0,1.0,0.8688493967056274,,,
1.0,1.0,0.7152292728424072,,,
1.0,1.0,0.7794654369354248,,,
0.0,0.0,0.46328985691070557,,,
0.0,0.0,0.20086270570755005,,,
0.0,0.0,0.3425501585006714,,,
0.0,0.0,0.37064996361732483,,,
0.0,0.0,0.3836611211299896,,,
1.0,0.0,0.3679202198982239,,,
0.0,0.0,0.4323974847793579,,,
0.0,0.0,0.46854543685913086,,,
1.0,0.0,0.3954494297504425,,,
0.0,0.0,0.4659859836101532,,,
0.0,0.0,0.3604423999786377,,,
0.0,0.0,0.33804699778556824,,,
1.0,1.0,0.585577130317688,,,
1.0,1.0,0.5171886682510376,,,
0.0,0.0,0.35405635833740234,,,
0.0,0.0,0.393219530582428,,,
0.0,0.0,0.20918524265289307,,,
1.0,1.0,0.8025384545326233,,,
1.0,0.0,0.42278170585632324,,,
1.0,1.0,0.56490558385849,,,
1.0,1.0,0.8411455154418945,,,
0.0,0.0,0.28524771332740784,,,
1.0,1.0,0.742138147354126,,,
0.0,0.0,0.3789941370487213,,,
0.0,0.0,0.47795742750167847,,,
1.0,1.0,0.7144341468811035,,,
1.0,1.0,0.6073088645935059,,,
1.0,1.0,0.6853014826774597,,,
0.0,1.0,0.5191391110420227,,,
0.0,0.0,0.3652704358100891,,,
1.0,1.0,0.6424150466918945,,,
0.0,1.0,0.5998752117156982,,,
0.0,0.0,0.21711350977420807,,,
1.0,1.0,0.5715577006340027,,,
1.0,1.0,0.9505935907363892,,,
1.0,1.0,0.8295592665672302,,,
1.0,1.0,0.5656331777572632,,,
0.0,1.0,0.5067735910415649,,,
1.0,0.0,0.37579697370529175,,,
0.0,0.0,0.16601036489009857,,,
0.0,0.0,0.2927866578102112,,,
0.0,0.0,0.31648552417755127,,,
0.0,0.0,0.20379237830638885,,,
0.0,0.0,0.3286888301372528,,,
1.0,0.0,0.40278899669647217,,,
0.0,0.0,0.3343634009361267,,,
0.0,0.0,0.41656559705734253,,,
0.0,0.0,0.40418386459350586,,,
0.0,0.0,0.2867578864097595,,,
1.0,0.0,0.3870866298675537,,,
0.0,0.0,0.4011436700820923,,,
1.0,0.0,0.34830474853515625,,,
0.0,0.0,0.35324475169181824,,,
0.0,0.0,0.23995566368103027,,,
0.0,1.0,0.5624222159385681,,,
1.0,0.0,0.3832174837589264,,,
1.0,1.0,0.538943886756897,,,
1.0,1.0,0.7547226548194885,,,
0.0,0.0,0.41301780939102173,,,
1.0,1.0,0.571469247341156,,,
1.0,1.0,0.7652692198753357,,,
0.0,0.0,0.47017666697502136,,,
0.0,0.0,0.34417298436164856,,,
0.0,1.0,0.5883330702781677,,,
1.0,1.0,0.8037880659103394,,,
1.0,0.0,0.31413060426712036,,,
1.0,1.0,0.5605320930480957,,,
1.0,1.0,0.8194448947906494,,,
0.0,0.0,0.3309883177280426,,,
1.0,1.0,0.8076140284538269,,,
0.0,0.0,0.4547520875930786,,,
0.0,0.0,0.30549848079681396,,,
1.0,0.0,0.45212316513061523,,,
0.0,0.0,0.3482929766178131,,,
1.0,1.0,0.6488990187644958,,,
1.0,1.0,0.7507283091545105,,,
1.0,0.0,0.44562143087387085,,,
1.0,0.0,0.49981606006622314,,,
0.0,0.0,0.4333908259868622,,,
1.0,0.0,0.46182379126548767,,,
1.0,0.0,0.48952338099479675,,,
1.0,0.0,0.48652732372283936,,,
0.0,1.0,0.7885828614234924,,,
0.0,0.0,0.2764218747615814,,,
1.0,1.0,0.5695620179176331,,,
0.0,0.0,0.3148081302642822,,,
1.0,1.0,0.762622058391571,,,
0.0,0.0,0.37330198287963867,,,
1.0,1.0,0.6442359685897827,,,
1.0,1.0,0.9530165791511536,,,
1.0,1.0,0.5180281400680542,,,
1.0,1.0,0.6840137243270874,,,
1.0,1.0,0.5763940811157227,,,
0.0,0.0,0.22921521961688995,,,
0.0,0.0,0.2683776915073395,,,
0.0,0.0,0.32901298999786377,,,
1.0,1.0,0.8948864936828613,,,
1.0,1.0,0.7530768513679504,,,
1.0,1.0,0.504027247428894,,,
0.0,0.0,0.3524262011051178,,,
1.0,1.0,0.5621748566627502,,,
0.0,0.0,0.35927048325538635,,,
1.0,1.0,0.7611187100410461,,,
1.0,0.0,0.40138816833496094,,,
0.0,0.0,0.2477734535932541,,,
1.0,0.0,0.339774489402771,,,
1.0,0.0,0.3724958598613739,,,
1.0,1.0,0.8877750635147095,,,
0.0,0.0,0.4718468189239502,,,
0.0,0.0,0.45320871472358704,,,
0.0,0.0,0.22638940811157227,,,
0.0,0.0,0.358718603849411,,,
0.0,0.0,0.23532870411872864,,,
0.0,0.0,0.4042188227176666,,,
0.0,0.0,0.2657901346683502,,,
0.0,0.0,0.4344848692417145,,,
0.0,0.0,0.48583951592445374,,,
1.0,0.0,0.3098681569099426,,,
0.0,1.0,0.6372220516204834,,,
0.0,0.0,0.3699103593826294,,,
1.0,1.0,0.6806998252868652,,,
1.0,0.0,0.4181370735168457,,,
0.0,0.0,0.48297780752182007,,,
0.0,1.0,0.5893400311470032,,,
1.0,1.0,0.5244703888893127,,,
0.0,0.0,0.40938082337379456,,,
0.0,0.0,0.30605584383010864,,,
1.0,1.0,0.6559060215950012,,,
0.0,0.0,0.4646364748477936,,,
0.0,0.0,0.35277315974235535,,,
0.0,0.0,0.31519433856010437,,,
1.0,1.0,0.734775960445404,,,
0.0,0.0,0.3849412500858307,,,
0.0,0.0,0.3833117187023163,,,
1.0,1.0,0.6532318592071533,,,
0.0,0.0,0.3132655620574951,,,
1.0,1.0,0.7014437913894653,,,
0.0,0.0,0.48512938618659973,,,
0.0,0.0,0.32399269938468933,,,
0.0,0.0,0.29759418964385986,,,
1.0,1.0,0.6317558288574219,,,
1.0,1.0,0.9115128517150879,,,
0.0,0.0,0.3414604365825653,,,
1.0,1.0,0.6521202921867371,,,
0.0,0.0,0.38436001539230347,,,
1.0,1.0,0.8596213459968567,,,
0.0,1.0,0.5104822516441345,,,
1.0,1.0,0.8991245031356812,,,
1.0,0.0,0.420867919921875,,,
0.0,0.0,0.3614625334739685,,,
0.0,0.0,0.380827397108078,,,
0.0,0.0,0.2920939326286316,,,
0.0,0.0,0.39266112446784973,,,
1.0,0.0,0.3453453779220581,,,
1.0,1.0,0.552858829498291,,,
1.0,1.0,0.7391866445541382,,,
0.0,0.0,0.358920156955719,,,
0.0,0.0,0.2929275929927826,,,
1.0,1.0,0.6448925733566284,,,
0.0,0.0,0.27200984954833984,,,
0.0,0.0,0.30467939376831055,,,
1.0,0.0,0.3637635409832001,,,
0.0,0.0,0.1849898099899292,,,
1.0,1.0,0.762224555015564,,,
1.0,0.0,0.4900268018245697,,,
1.0,0.0,0.2607177793979645,,,
0.0,0.0,0.19872939586639404,,,
0.0,0.0,0.270127534866333,,,
0.0,0.0,0.37592625617980957,,,
1.0,1.0,0.5462655425071716,,,
1.0,1.0,0.725466787815094,,,
1.0,0.0,0.4397704005241394,,,
1.0,0.0,0.4717648923397064,,,
0.0,0.0,0.3613113760948181,,,
0.0,0.0,0.2896275818347931,,,
0.0,0.0,0.4899635910987854,,,
1.0,0.0,0.49683937430381775,,,
0.0,0.0,0.33376869559288025,,,
0.0,0.0,0.14892733097076416,,,
0.0,0.0,0.406689316034317,,,
0.0,0.0,0.20202341675758362,,,
0.0,0.0,0.3833117187023163,,,
0.0,0.0,0.3049894869327545,,,
1.0,1.0,0.768648087978363,,,
1.0,1.0,0.8263757228851318,,,
1.0,1.0,0.6337890625,,,
0.0,0.0,0.26110175251960754,,,
1.0,1.0,0.5664644241333008,,,
1.0,0.0,0.3725106120109558,,,
0.0,0.0,0.21235966682434082,,,
0.0,0.0,0.2699936032295227,,,
1.0,1.0,0.5206372737884521,,,
0.0,0.0,0.44455453753471375,,,
1.0,0.0,0.3526464104652405,,,
1.0,0.0,0.3644711375236511,,,
1.0,1.0,0.7902750968933105,,,
0.0,0.0,0.3298123776912689,,,
0.0,0.0,0.495245099067688,,,
0.0,0.0,0.4829826056957245,,,
1.0,1.0,0.5275814533233643,,,
1.0,0.0,0.43093419075012207,,,
0.0,1.0,0.6099119186401367,,,
0.0,0.0,0.3710993826389313,,,
0.0,1.0,0.5740523338317871,,,
1.0,1.0,0.8470184206962585,,,
1.0,0.0,0.312110960483551,,,
1.0,1.0,0.9202306270599365,,,
0.0,0.0,0.18488799035549164,,,
1.0,1.0,0.725272536277771,,,
1.0,1.0,0.8792340755462646,,,
0.0,0.0,0.3201851546764374,,,
0.0,0.0,0.39089587330818176,,,
0.0,1.0,0.5390491485595703,,,
0.0,0.0,0.4046187102794647,,,
0.0,0.0,0.2803042531013489,,,
1.0,0.0,0.34472930431365967,,,
0.0,0.0,0.27875813841819763,,,
0.0,1.0,0.5252822041511536,,,
0.0,0.0,0.28331950306892395,,,
0.0,0.0,0.38582924008369446,,,
1.0,1.0,0.7505228519439697,,,
0.0,0.0,0.23088479042053223,,,
0.0,0.0,0.42706024646759033,,,
1.0,1.0,0.6207835674285889,,,
0.0,0.0,0.4581794738769531,,,
0.0,0.0,0.33760586380958557,,,
0.0,0.0,0.25917962193489075,,,
1.0,1.0,0.551300585269928,,,
1.0,0.0,0.4948149621486664,,,
0.0,0.0,0.2671465277671814,,,
1.0,1.0,0.5468451380729675,,,
1.0,1.0,0.7530974745750427,,,
0.0,1.0,0.506212055683136,,,
1.0,1.0,0.9152042865753174,,,
0.0,0.0,0.4144245386123657,,,
0.0,0.0,0.29423362016677856,,,
0.0,0.0,0.3555929362773895,,,
1.0,0.0,0.45442232489585876,,,
1.0,1.0,0.922353208065033,,,
1.0,0.0,0.3870866298675537,,,
1.0,1.0,0.5927475094795227,,,
0.0,1.0,0.6469722390174866,,,
0.0,0.0,0.30496904253959656,,,
1.0,1.0,0.902316689491272,,,
0.0,0.0,0.33031392097473145,,,
0.0,0.0,0.3551420271396637,,,
1.0,1.0,0.7624306082725525,,,
0.0,0.0,0.3338733911514282,,,
1.0,1.0,0.5284930467605591,,,
1.0,1.0,0.7988725304603577,,,
1.0,1.0,0.5437714457511902,,,
1.0,1.0,0.6163263320922852,,,
0.0,0.0,0.3311605155467987,,,
1.0,1.0,0.6992021799087524,,,
0.0,0.0,0.33064505457878113,,,
0.0,0.0,0.33429622650146484,,,
0.0,0.0,0.3677510619163513,,,
0.0,0.0,0.2996780574321747,,,
0.0,0.0,0.34206733107566833,,,
0.0,0.0,0.409341037273407,,,
1.0,1.0,0.805256724357605,,,
0.0,0.0,0.40869301557540894,,,
0.0,0.0,0.4865388572216034,,,
0.0,1.0,0.7303198575973511,,,
0.0,0.0,0.3407328724861145,,,
0.0,0.0,0.38533079624176025,,,
1.0,0.0,0.3566594123840332,,,
0.0,0.0,0.3573223948478699,,,
0.0,0.0,0.36887919902801514,,,
0.0,0.0,0.3782525360584259,,,
1.0,0.0,0.25167959928512573,,,
0.0,0.0,0.42417997121810913,,,
0.0,0.0,0.3194291591644287,,,
0.0,0.0,0.4082511365413666,,,
0.0,1.0,0.5180281400680542,,,
0.0,0.0,0.3068477213382721,,,
1.0,1.0,0.6510340571403503,,,
0.0,0.0,0.1358814239501953,,,
1.0,0.0,0.33285099267959595,,,
1.0,1.0,0.8771971464157104,,,
1.0,1.0,0.707382321357727,,,
1.0,1.0,0.7847356796264648,,,
0.0,0.0,0.39012405276298523,,,
0.0,0.0,0.35362550616264343,,,
0.0,0.0,0.4230095148086548,,,
1.0,0.0,0.44546666741371155,,,
1.0,1.0,0.8141108751296997,,,
1.0,1.0,0.5985828042030334,,,
1.0,0.0,0.33530139923095703,,,
0.0,1.0,0.5231414437294006,,,
1.0,1.0,0.6035213470458984,,,
0.0,0.0,0.316095232963562,,,
0.0,0.0,0.26451078057289124,,,
0.0,0.0,0.3094337284564972,,,
1.0,0.0,0.2885473966598511,,,
1.0,1.0,0.5106023550033569,,,
1.0,1.0,0.8972280025482178,,,
0.0,0.0,0.17953945696353912,,,
0.0,1.0,0.5027623772621155,,,
1.0,0.0,0.28331950306892395,,,
0.0,1.0,0.7233182191848755,,,
1.0,1.0,0.7333992719650269,,,
1.0,1.0,0.8549747467041016,,,
1.0,0.0,0.39475148916244507,,,
1.0,1.0,0.5460408926010132,,,
0.0,0.0,0.33589091897010803,,,
0.0,0.0,0.25938186049461365,,,
1.0,1.0,0.8359107971191406,,,
0.0,0.0,0.1798120141029358,,,
1.0,1.0,0.6950367093086243,,,
0.0,0.0,0.25896620750427246,,,
1.0,1.0,0.9248180389404297,,,
0.0,0.0,0.3768582046031952,,,
1.0,1.0,0.5883956551551819,,,
1.0,1.0,0.5013606548309326,,,
1.0,0.0,0.38084250688552856,,,
0.0,0.0,0.3114604651927948,,,
1.0,1.0,0.6929596662521362,,,
0.0,1.0,0.5740055441856384,,,
1.0,1.0,0.5441617369651794,,,
1.0,1.0,0.5175274610519409,,,
1.0,0.0,0.4060400128364563,,,
0.0,0.0,0.39565935730934143,,,
0.0,0.0,0.3703431785106659,,,
1.0,1.0,0.553160548210144,,,
1.0,0.0,0.34171777963638306,,,
0.0,0.0,0.3110504150390625,,,
0.0,0.0,0.31638380885124207,,,
1.0,1.0,0.7121629118919373,,,
0.0,0.0,0.39570295810699463,,,
1.0,0.0,0.3896833062171936,,,
0.0,0.0,0.29396700859069824,,,
0.0,0.0,0.44892647862434387,,,
0.0,0.0,0.3068619966506958,,,
1.0,1.0,0.5699101686477661,,,
0.0,0.0,0.3761686086654663,,,
0.0,0.0,0.20956291258335114,,,
1.0,0.0,0.40526339411735535,,,
0.0,0.0,0.4971844255924225,,,
1.0,1.0,0.8823691010475159,,,
1.0,1.0,0.8961787819862366,,,
0.0,0.0,0.486763060092926,,,
0.0,0.0,0.3370954394340515,,,
0.0,0.0,0.3420376479625702,,,
0.0,0.0,0.22610393166542053,,,
0.0,0.0,0.32072702050209045,,,
0.0,0.0,0.3067531883716583,,,
1.0,1.0,0.6707600355148315,,,
0.0,0.0,0.31912878155708313,,,
1.0,0.0,0.3838960528373718,,,
0.0,0.0,0.13956059515476227,,,
1.0,1.0,0.6326162815093994,,,
1.0,1.0,0.843190610408783,,,
0.0,1.0,0.753764808177948,,,
0.0,0.0,0.34187808632850647,,,
1.0,1.0,0.6448925733566284,,,
1.0,1.0,0.7728341221809387,,,
1.0,1.0,0.7475624680519104,,,
1.0,1.0,0.5162410736083984,,,
0.0,0.0,0.23520898818969727,,,
1.0,0.0,0.39694491028785706,,,
0.0,0.0,0.3491665720939636,,,
0.0,0.0,0.369974821805954,,,
1.0,1.0,0.8587624430656433,,,
0.0,0.0,0.3785231113433838,,,
1.0,1.0,0.6840137243270874,,,
0.0,0.0,0.2916107475757599,,,
0.0,0.0,0.40604519844055176,,,
1.0,1.0,0.633334219455719,,,
0.0,0.0,0.3306439518928528,,,
1.0,0.0,0.44015243649482727,,,
1.0,1.0,0.5747723579406738,,,
1.0,1.0,0.6427582502365112,,,
1.0,1.0,0.5316151976585388,,,
0.0,0.0,0.31015273928642273,,,
0.0,0.0,0.41694125533103943,,,
1.0,1.0,0.7195413112640381,,,
0.0,0.0,0.34098899364471436,,,
0.0,0.0,0.43667280673980713,,,
1.0,1.0,0.6704066395759583,,,
1.0,1.0,0.7358124256134033,,,
1.0,1.0,0.7951058149337769,,,
1.0,0.0,0.40859735012054443,,,
1.0,0.0,0.4593888819217682,,,
1.0,0.0,0.40482184290885925,,,
1.0,0.0,0.4579314589500427,,,
1.0,0.0,0.47491440176963806,,,
1.0,0.0,0.4759010970592499,,,
1.0,0.0,0.37113049626350403,,,
0.0,0.0,0.42989128828048706,,,
1.0,0.0,0.4803191125392914,,,
0.0,0.0,0.2970820665359497,,,
0.0,1.0,0.6648752093315125,,,
0.0,1.0,0.5658870935440063,,,
1.0,0.0,0.33020809292793274,,,
0.0,0.0,0.3569307327270508,,,
1.0,1.0,0.7741836309432983,,,
0.0,0.0,0.30921241641044617,,,
0.0,0.0,0.35405635833740234,,,
0.0,0.0,0.3253399431705475,,,
0.0,0.0,0.26451078057289124,,,
0.0,0.0,0.4625696539878845,,,
0.0,0.0,0.2402927726507187,,,
0.0,0.0,0.42562854290008545,,,
0.0,0.0,0.33643820881843567,,,
0.0,0.0,0.3123674690723419,,,
1.0,0.0,0.3780982792377472,,,
0.0,0.0,0.27286413311958313,,,
1.0,1.0,0.6494035720825195,,,
1.0,0.0,0.3683491349220276,,,
1.0,1.0,0.5427053570747375,,,
0.0,0.0,0.3521846830844879,,,
1.0,1.0,0.9477421641349792,,,
0.0,0.0,0.30546990036964417,,,
0.0,0.0,0.3842829465866089,,,
1.0,0.0,0.40582510828971863,,,
0.0,0.0,0.24931588768959045,,,
1.0,1.0,0.5294514298439026,,,
0.0,0.0,0.41683295369148254,,,
0.0,0.0,0.3527316153049469,,,
0.0,0.0,0.407335102558136,,,
1.0,0.0,0.39755019545555115,,,
1.0,1.0,0.5521118640899658,,,
1.0,0.0,0.450399786233902,,,
0.0,0.0,0.3213326632976532,,,
0.0,0.0,0.40099430084228516,,,
1.0,0.0,0.3790307343006134,,,
1.0,1.0,0.6935932040214539,,,
0.0,0.0,0.47403356432914734,,,
1.0,1.0,0.6500839591026306,,,
0.0,0.0,0.2611386179924011,,,
1.0,0.0,0.45151764154434204,,,
0.0,0.0,0.2475833147764206,,,
1.0,1.0,0.7090747356414795,,,
0.0,0.0,0.4082540273666382,,,
1.0,1.0,0.6096903681755066,,,
1.0,1.0,0.8238598108291626,,,
1.0,1.0,0.7548727989196777,,,
0.0,0.0,0.45316192507743835,,,
1.0,1.0,0.6553572416305542,,,
1.0,1.0,0.6205376386642456,,,
0.0,0.0,0.4051671028137207,,,
0.0,0.0,0.4271245002746582,,,
1.0,0.0,0.43188273906707764,,,
1.0,0.0,0.4938713312149048,,,
0.0,0.0,0.35980162024497986,,,
1.0,1.0,0.5896183848381042,,,
1.0,1.0,0.7102250456809998,,,
0.0,0.0,0.3633508086204529,,,
1.0,0.0,0.47171759605407715,,,
1.0,1.0,0.6830142736434937,,,
0.0,0.0,0.36328399181365967,,,
1.0,1.0,0.6080573201179504,,,
1.0,1.0,0.5526919960975647,,,
1.0,1.0,0.7014437913894653,,,
0.0,0.0,0.4562610685825348,,,
1.0,1.0,0.520214319229126,,,
0.0,0.0,0.2825343906879425,,,
1.0,0.0,0.3561093807220459,,,
1.0,1.0,0.7034822106361389,,,
1.0,1.0,0.8369348645210266,,,
0.0,1.0,0.5423203110694885,,,
1.0,1.0,0.5435450077056885,,,
0.0,0.0,0.3236229121685028,,,
0.0,0.0,0.3647441565990448,,,
0.0,0.0,0.406213641166687,,,
0.0,0.0,0.3722836673259735,,,
1.0,0.0,0.41236186027526855,,,
1.0,1.0,0.7057433724403381,,,
0.0,0.0,0.3048994243144989,,,
1.0,0.0,0.35390758514404297,,,
0.0,0.0,0.31489887833595276,,,
0.0,0.0,0.4305192828178406,,,
0.0,0.0,0.3953651487827301,,,
0.0,0.0,0.33458212018013,,,
0.0,0.0,0.34556934237480164,,,
1.0,1.0,0.5011274218559265,,,
1.0,1.0,0.5973248481750488,,,
0.0,0.0,0.4000633955001831,,,
1.0,1.0,0.759239137172699,,,
1.0,1.0,0.502183735370636,,,
0.0,0.0,0.19310246407985687,,,
0.0,1.0,0.7258979082107544,,,
0.0,0.0,0.4613701403141022,,,
0.0,0.0,0.4054986834526062,,,
0.0,0.0,0.4114847183227539,,,
0.0,0.0,0.27726513147354126,,,
0.0,0.0,0.2937106490135193,,,
1.0,1.0,0.514009416103363,,,
1.0,1.0,0.5887616872787476,,,
0.0,1.0,0.5916483402252197,,,
0.0,0.0,0.25445887446403503,,,
1.0,0.0,0.48765328526496887,,,
0.0,0.0,0.31352698802948,,,
0.0,0.0,0.40862545371055603,,,
0.0,0.0,0.4097183048725128,,,
0.0,0.0,0.39177483320236206,,,
1.0,1.0,0.8418888449668884,,,
0.0,0.0,0.3703633248806,,,
0.0,0.0,0.1798120141029358,,,
1.0,1.0,0.7239139676094055,,,
0.0,0.0,0.286708801984787,,,
1.0,0.0,0.47991472482681274,,,
1.0,1.0,0.9065704345703125,,,
0.0,0.0,0.22132736444473267,,,
0.0,1.0,0.5882390737533569,,,
0.0,0.0,0.2690160572528839,,,
0.0,0.0,0.3445138931274414,,,
0.0,0.0,0.23553195595741272,,,
1.0,1.0,0.5348840355873108,,,
0.0,0.0,0.4639059007167816,,,
0.0,0.0,0.44291236996650696,,,
0.0,0.0,0.3676818907260895,,,
1.0,1.0,0.5792138576507568,,,
1.0,0.0,0.3495076298713684,,,
0.0,0.0,0.39304518699645996,,,
0.0,0.0,0.29133135080337524,,,
0.0,0.0,0.2709581255912781,,,
0.0,0.0,0.3066379725933075,,,
1.0,0.0,0.41371622681617737,,,
1.0,0.0,0.373075395822525,,,
1.0,1.0,0.8690081834793091,,,
1.0,0.0,0.49069881439208984,,,
1.0,1.0,0.7330622673034668,,,
0.0,0.0,0.31134477257728577,,,
0.0,0.0,0.38972488045692444,,,
0.0,0.0,0.24815498292446136,,,
0.0,0.0,0.35827377438545227,,,
0.0,0.0,0.3007940351963043,,,
1.0,1.0,0.516124427318573,,,
0.0,0.0,0.3223695755004883,,,
1.0,0.0,0.4363778233528137,,,
1.0,1.0,0.7483600974082947,,,
1.0,1.0,0.5235876441001892,,,
1.0,1.0,0.5511696934700012,,,
1.0,0.0,0.4525166153907776,,,
1.0,1.0,0.531673789024353,,,
1.0,1.0,0.5887428522109985,,,
1.0,1.0,0.8057649731636047,,,
0.0,0.0,0.4844719171524048,,,
0.0,0.0,0.3031407594680786,,,
0.0,0.0,0.3393961489200592,,,
0.0,0.0,0.3137998580932617,,,
0.0,0.0,0.3679603636264801,,,
1.0,0.0,0.37252277135849,,,
1.0,1.0,0.7749520540237427,,,
0.0,0.0,0.31320399045944214,,,
0.0,0.0,0.30336758494377136,,,
1.0,1.0,0.6791670322418213,,,
1.0,1.0,0.9126773476600647,,,
0.0,0.0,0.32510411739349365,,,
0.0,0.0,0.2535198926925659,,,
0.0,0.0,0.32720088958740234,,,
1.0,0.0,0.4474482238292694,,,
0.0,0.0,0.37370988726615906,,,
0.0,0.0,0.2535198926925659,,,
0.0,0.0,0.4975813627243042,,,
1.0,1.0,0.808169424533844,,,
1.0,0.0,0.4608554542064667,,,
1.0,1.0,0.7855287194252014,,,
0.0,0.0,0.3228728473186493,,,
1.0,1.0,0.7061547040939331,,,
0.0,0.0,0.3478536009788513,,,
0.0,0.0,0.47242462635040283,,,
1.0,0.0,0.3375803530216217,,,
1.0,0.0,0.49078601598739624,,,
1.0,0.0,0.47640177607536316,,,
0.0,1.0,0.6190833449363708,,,
1.0,1.0,0.5911308526992798,,,
0.0,0.0,0.3701048195362091,,,
0.0,0.0,0.2428913414478302,,,
0.0,1.0,0.6377233862876892,,,
0.0,0.0,0.37466323375701904,,,
0.0,0.0,0.2630927264690399,,,
0.0,0.0,0.2878616452217102,,,
1.0,1.0,0.8132541179656982,,,
1.0,1.0,0.8494225144386292,,,
0.0,0.0,0.3467957675457001,,,
0.0,0.0,0.3546536862850189,,,
1.0,0.0,0.2661936581134796,,,
1.0,0.0,0.3696115016937256,,,
0.0,0.0,0.37452560663223267,,,
0.0,0.0,0.21008937060832977,,,
0.0,0.0,0.27327293157577515,,,
0.0,0.0,0.3005814552307129,,,
1.0,1.0,0.8094605207443237,,,
1.0,0.0,0.3536544740200043,,,
1.0,0.0,0.43968215584754944,,,
0.0,0.0,0.47483891248703003,,,
0.0,0.0,0.3794735074043274,,,
1.0,0.0,0.48765328526496887,,,
0.0,1.0,0.833504855632782,,,
1.0,1.0,0.7107897400856018,,,
0.0,0.0,0.3056500256061554,,,
0.0,1.0,0.739192545413971,,,
1.0,1.0,0.542242705821991,,,
0.0,1.0,0.7297013401985168,,,
1.0,1.0,0.6685659289360046,,,
0.0,0.0,0.49036240577697754,,,
1.0,1.0,0.5687562823295593,,,
0.0,0.0,0.34966593980789185,,,
0.0,0.0,0.4525269567966461,,,
0.0,0.0,0.4506244361400604,,,
0.0,0.0,0.4319637417793274,,,
1.0,1.0,0.7843303084373474,,,
1.0,0.0,0.41388142108917236,,,
0.0,1.0,0.6545922756195068,,,
0.0,0.0,0.34122639894485474,,,
0.0,0.0,0.2881481945514679,,,
0.0,0.0,0.25858351588249207,,,
1.0,0.0,0.44201764464378357,,,
0.0,0.0,0.4881232976913452,,,
1.0,1.0,0.8228269219398499,,,
1.0,1.0,0.5970792174339294,,,
0.0,0.0,0.4208680987358093,,,
1.0,1.0,0.8622265458106995,,,
0.0,0.0,0.3462725281715393,,,
0.0,0.0,0.28266775608062744,,,
1.0,1.0,0.605972409248352,,,
1.0,0.0,0.45716050267219543,,,
0.0,0.0,0.3584197759628296,,,
0.0,1.0,0.5956730842590332,,,
1.0,1.0,0.679251492023468,,,
0.0,0.0,0.2867297828197479,,,
0.0,1.0,0.675588071346283,,,
0.0,0.0,0.4142007827758789,,,
0.0,0.0,0.2950049042701721,,,
0.0,0.0,0.36502355337142944,,,
0.0,0.0,0.3842542767524719,,,
1.0,1.0,0.8400847315788269,,,
0.0,0.0,0.2868216335773468,,,
1.0,1.0,0.8605793118476868,,,
1.0,0.0,0.44015243649482727,,,
0.0,0.0,0.2039552628993988,,,
0.0,0.0,0.24078692495822906,,,
0.0,0.0,0.42160046100616455,,,
1.0,1.0,0.5870106816291809,,,
1.0,1.0,0.8105040192604065,,,
0.0,0.0,0.2986716628074646,,,
0.0,0.0,0.363116979598999,,,
1.0,1.0,0.9050713777542114,,,
0.0,1.0,0.5150672793388367,,,
1.0,1.0,0.7079360485076904,,,
1.0,0.0,0.22667109966278076,,,
1.0,1.0,0.7298517227172852,,,
1.0,0.0,0.4937475621700287,,,
1.0,1.0,0.6202800869941711,,,
1.0,0.0,0.4546355605125427,,,
1.0,1.0,0.5653776526451111,,,
0.0,0.0,0.2332090586423874,,,
0.0,0.0,0.3230232894420624,,,
1.0,0.0,0.4747556746006012,,,
0.0,0.0,0.3679473400115967,,,
0.0,0.0,0.4908413887023926,,,
0.0,0.0,0.46153584122657776,,,
1.0,0.0,0.4683384597301483,,,
1.0,0.0,0.49178725481033325,,,
0.0,0.0,0.3301375210285187,,,
1.0,0.0,0.33873674273490906,,,
0.0,0.0,0.35388049483299255,,,
1.0,1.0,0.8917616009712219,,,
0.0,0.0,0.423658162355423,,,
1.0,1.0,0.7891409993171692,,,
0.0,0.0,0.32573822140693665,,,
1.0,1.0,0.7970079183578491,,,
0.0,0.0,0.23857727646827698,,,
1.0,1.0,0.6328253746032715,,,
0.0,0.0,0.1615830808877945,,,
0.0,0.0,0.3934258818626404,,,
0.0,0.0,0.34134766459465027,,,
1.0,1.0,0.5651606321334839,,,
0.0,0.0,0.2584361135959625,,,
0.0,0.0,0.3536543548107147,,,
0.0,1.0,0.661771297454834,,,
1.0,1.0,0.7834506034851074,,,
1.0,1.0,0.7344068288803101,,,
0.0,0.0,0.31305059790611267,,,
1.0,1.0,0.8620807528495789,,,
1.0,0.0,0.20934802293777466,,,
0.0,0.0,0.49767613410949707,,,
0.0,1.0,0.640466570854187,,,
1.0,1.0,0.7910104990005493,,,
1.0,1.0,0.6123092770576477,,,
0.0,0.0,0.2797108292579651,,,
1.0,1.0,0.5708295106887817,,,
1.0,0.0,0.34966593980789185,,,
1.0,1.0,0.654564380645752,,,
1.0,1.0,0.5462521314620972,,,
0.0,0.0,0.34502288699150085,,,
0.0,0.0,0.396504670381546,,,
0.0,1.0,0.5042809844017029,,,
1.0,1.0,0.857574462890625,,,
1.0,0.0,0.2968977987766266,,,
1.0,1.0,0.7593355774879456,,,
1.0,1.0,0.500835120677948,,,
1.0,1.0,0.7483600974082947,,,
0.0,0.0,0.2498074471950531,,,
0.0,0.0,0.33163943886756897,,,
1.0,0.0,0.46895936131477356,,,
0.0,0.0,0.3031911849975586,,,
1.0,1.0,0.7144824862480164,,,
1.0,1.0,0.8421167731285095,,,
0.0,0.0,0.3152567744255066,,,
1.0,0.0,0.22860097885131836,,,
0.0,0.0,0.4348215162754059,,,
0.0,0.0,0.3093842566013336,,,
1.0,1.0,0.8047200441360474,,,
0.0,0.0,0.3248572051525116,,,
0.0,0.0,0.3048660159111023,,,
1.0,1.0,0.6251569390296936,,,
0.0,0.0,0.2992526888847351,,,
1.0,1.0,0.5776287913322449,,,
0.0,1.0,0.5369135141372681,,,
0.0,0.0,0.3984677195549011,,,
0.0,0.0,0.32682788372039795,,,
0.0,0.0,0.37559419870376587,,,
0.0,0.0,0.2891267240047455,,,
1.0,1.0,0.8947970867156982,,,
0.0,0.0,0.32901281118392944,,,
0.0,0.0,0.2145697921514511,,,
1.0,1.0,0.5271771550178528,,,
0.0,0.0,0.35637351870536804,,,
1.0,1.0,0.6769059300422668,,,
1.0,1.0,0.8751305937767029,,,
0.0,0.0,0.38405781984329224,,,
0.0,0.0,0.4956299364566803,,,
0.0,0.0,0.2819405496120453,,,
0.0,0.0,0.2730093002319336,,,
0.0,0.0,0.4477863907814026,,,
0.0,1.0,0.5421723127365112,,,
0.0,0.0,0.3818025290966034,,,
0.0,0.0,0.3056841492652893,,,
1.0,0.0,0.47158506512641907,,,
1.0,0.0,0.46463775634765625,,,
1.0,1.0,0.9131483435630798,,,
0.0,0.0,0.4473183751106262,,,
0.0,0.0,0.29759180545806885,,,
0.0,0.0,0.23965728282928467,,,
0.0,0.0,0.42385074496269226,,,
0.0,1.0,0.7120628952980042,,,
1.0,1.0,0.785019040107727,,,
0.0,0.0,0.2950049042701721,,,
1.0,1.0,0.6081344485282898,,,
0.0,0.0,0.1434939205646515,,,
0.0,0.0,0.22623340785503387,,,
0.0,0.0,0.23593264818191528,,,
0.0,0.0,0.15944898128509521,,,
0.0,0.0,0.19677866995334625,,,
1.0,1.0,0.7238655090332031,,,
0.0,0.0,0.32309240102767944,,,
1.0,0.0,0.4824235141277313,,,
1.0,1.0,0.88593590259552,,,
0.0,0.0,0.3904193937778473,,,
1.0,1.0,0.9203914403915405,,,
0.0,0.0,0.23478886485099792,,,
1.0,0.0,0.40949517488479614,,,
0.0,0.0,0.38020819425582886,,,
0.0,0.0,0.35895541310310364,,,
1.0,1.0,0.6789590120315552,,,
0.0,0.0,0.35709866881370544,,,
1.0,1.0,0.7575943470001221,,,
0.0,0.0,0.3683415651321411,,,
1.0,1.0,0.5326821804046631,,,
0.0,0.0,0.35517066717147827,,,
0.0,0.0,0.4499618411064148,,,
1.0,1.0,0.629205048084259,,,
1.0,1.0,0.6207835674285889,,,
1.0,0.0,0.48433148860931396,,,
1.0,0.0,0.4615934491157532,,,
0.0,0.0,0.3710678517818451,,,
0.0,1.0,0.6030859351158142,,,
0.0,0.0,0.32376936078071594,,,
1.0,1.0,0.889768660068512,,,
1.0,0.0,0.3359009027481079,,,
1.0,1.0,0.8315304517745972,,,
1.0,1.0,0.8635215759277344,,,
1.0,0.0,0.4942173361778259,,,
1.0,0.0,0.33443325757980347,,,
1.0,1.0,0.6705847978591919,,,
0.0,0.0,0.2710016965866089,,,
1.0,1.0,0.595531165599823,,,
1.0,0.0,0.4624927341938019,,,
0.0,0.0,0.34692156314849854,,,
1.0,1.0,0.6015154123306274,,,
1.0,1.0,0.808169424533844,,,
0.0,0.0,0.26787859201431274,,,
1.0,1.0,0.7304490208625793,,,
1.0,1.0,0.6633517742156982,,,
1.0,1.0,0.5013498663902283,,,
0.0,0.0,0.3118433356285095,,,
0.0,0.0,0.2209731638431549,,,
0.0,0.0,0.37670010328292847,,,
1.0,0.0,0.3505910634994507,,,
0.0,0.0,0.4030611217021942,,,
1.0,1.0,0.613764226436615,,,
0.0,0.0,0.2039552628993988,,,
0.0,1.0,0.5304797887802124,,,
1.0,1.0,0.7860794067382812,,,
1.0,1.0,0.892408549785614,,,
0.0,0.0,0.45767152309417725,,,
1.0,0.0,0.35327258706092834,,,
1.0,1.0,0.8912528157234192,,,
1.0,1.0,0.7107281684875488,,,
0.0,1.0,0.5246254205703735,,,
1.0,1.0,0.5155660510063171,,,
1.0,0.0,0.46371063590049744,,,
1.0,0.0,0.3959735631942749,,,
0.0,0.0,0.30428260564804077,,,
1.0,0.0,0.39497289061546326,,,
0.0,0.0,0.3848298490047455,,,
1.0,1.0,0.5515366792678833,,,
0.0,0.0,0.48407748341560364,,,
1.0,0.0,0.38181817531585693,,,
0.0,0.0,0.27822497487068176,,,
0.0,0.0,0.17021861672401428,,,
0.0,0.0,0.2807583510875702,,,
0.0,0.0,0.28127339482307434,,,
1.0,1.0,0.7301554679870605,,,
0.0,0.0,0.3314391076564789,,,
1.0,0.0,0.35944148898124695,,,
0.0,0.0,0.35359033942222595,,,
1.0,1.0,0.6294287443161011,,,
0.0,0.0,0.35254624485969543,,,
0.0,0.0,0.29821738600730896,,,
0.0,0.0,0.3557742238044739,,,
1.0,1.0,0.8593943119049072,,,
0.0,0.0,0.42143890261650085,,,
1.0,1.0,0.5193502306938171,,,
0.0,0.0,0.38260316848754883,,,
0.0,0.0,0.3351793885231018,,,
1.0,1.0,0.5529979467391968,,,
0.0,0.0,0.32742840051651,,,
0.0,0.0,0.2846570312976837,,,
1.0,1.0,0.6319121718406677,,,
0.0,0.0,0.299988329410553,,,
0.0,0.0,0.4495112895965576,,,
1.0,1.0,0.7061234712600708,,,
0.0,0.0,0.3702976107597351,,,
1.0,1.0,0.795170783996582,,,
1.0,0.0,0.42382436990737915,,,
1.0,1.0,0.781875729560852,,,
1.0,0.0,0.42506641149520874,,,
1.0,0.0,0.4753066897392273,,,
1.0,1.0,0.831877589225769,,,
0.0,0.0,0.2713445723056793,,,
0.0,0.0,0.38930612802505493,,,
0.0,1.0,0.5326821804046631,,,
1.0,0.0,0.45055443048477173,,,
1.0,0.0,0.46102607250213623,,,
1.0,1.0,0.8389686942100525,,,
0.0,0.0,0.3680207133293152,,,
0.0,0.0,0.39573007822036743,,,
0.0,0.0,0.2405156046152115,,,
0.0,0.0,0.3604806661605835,,,
0.0,0.0,0.45808863639831543,,,
0.0,1.0,0.5114137530326843,,,
0.0,0.0,0.45652279257774353,,,
1.0,1.0,0.534493088722229,,,
1.0,1.0,0.6367044448852539,,,
0.0,1.0,0.5524383783340454,,,
0.0,0.0,0.3485228419303894,,,
1.0,1.0,0.5832916498184204,,,
0.0,0.0,0.23495016992092133,,,
1.0,1.0,0.6155823469161987,,,
1.0,1.0,0.8194448947906494,,,
0.0,0.0,0.2535642981529236,,,
0.0,1.0,0.5171777606010437,,,
1.0,0.0,0.36790409684181213,,,
1.0,1.0,0.5937688946723938,,,
1.0,1.0,0.6126595735549927,,,
1.0,1.0,0.5324127674102783,,,
1.0,1.0,0.586739718914032,,,
0.0,0.0,0.4400809407234192,,,
1.0,1.0,0.5270133018493652,,,
0.0,0.0,0.4846794009208679,,,
0.0,0.0,0.27758538722991943,,,
1.0,0.0,0.4940263032913208,,,
0.0,0.0,0.232418030500412,,,
1.0,1.0,0.7375538945198059,,,
0.0,0.0,0.42240336537361145,,,
0.0,0.0,0.493367075920105,,,
0.0,1.0,0.5775911211967468,,,
1.0,0.0,0.3929028809070587,,,
1.0,1.0,0.5850937366485596,,,
1.0,1.0,0.647351861000061,,,
1.0,1.0,0.5412883758544922,,,
0.0,1.0,0.5309186577796936,,,
0.0,0.0,0.39411476254463196,,,
1.0,1.0,0.7070688009262085,,,
1.0,0.0,0.481266051530838,,,
1.0,1.0,0.5822089314460754,,,
1.0,1.0,0.5413885116577148,,,
0.0,0.0,0.286654531955719,,,
0.0,0.0,0.36249643564224243,,,
0.0,0.0,0.4170472323894501,,,
1.0,0.0,0.4392220079898834,,,
1.0,1.0,0.5905129313468933,,,
0.0,0.0,0.3430962860584259,,,
0.0,0.0,0.3895776867866516,,,
0.0,0.0,0.4930328130722046,,,
0.0,0.0,0.4322560429573059,,,
0.0,0.0,0.4976116716861725,,,
1.0,1.0,0.7839207053184509,,,
1.0,1.0,0.5053272843360901,,,
0.0,0.0,0.32872307300567627,,,
1.0,1.0,0.7476139068603516,,,
1.0,1.0,0.8200237154960632,,,
1.0,0.0,0.27150219678878784,,,
1.0,1.0,0.531356930732727,,,
1.0,0.0,0.427829384803772,,,
0.0,0.0,0.3912280201911926,,,
0.0,0.0,0.2378380000591278,,,
1.0,0.0,0.4348522126674652,,,
0.0,0.0,0.3094397485256195,,,
1.0,1.0,0.6825581192970276,,,
0.0,0.0,0.362304151058197,,,
1.0,1.0,0.7005029916763306,,,
0.0,0.0,0.21088111400604248,,,
1.0,0.0,0.46862471103668213,,,
0.0,0.0,0.21862877905368805,,,
1.0,1.0,0.877077043056488,,,
1.0,1.0,0.5140262842178345,,,
1.0,1.0,0.6999459862709045,,,
1.0,0.0,0.47353920340538025,,,
1.0,1.0,0.5587830543518066,,,
0.0,0.0,0.22981365025043488,,,
0.0,0.0,0.2014627605676651,,,
1.0,0.0,0.36122411489486694,,,
1.0,1.0,0.6926083564758301,,,
0.0,0.0,0.37415581941604614,,,
1.0,1.0,0.784076452255249,,,
0.0,0.0,0.34434327483177185,,,
1.0,1.0,0.6631181836128235,,,
1.0,0.0,0.4602970480918884,,,
1.0,0.0,0.38503628969192505,,,
1.0,1.0,0.7637959718704224,,,
1.0,1.0,0.9476467370986938,,,
1.0,0.0,0.47535818815231323,,,
1.0,1.0,0.5351547598838806,,,
0.0,0.0,0.21682770550251007,,,
1.0,0.0,0.36838576197624207,,,
1.0,0.0,0.4888220727443695,,,
1.0,1.0,0.6840137243270874,,,
1.0,0.0,0.3889246881008148,,,
0.0,0.0,0.40424755215644836,,,
1.0,0.0,0.4670676589012146,,,
0.0,0.0,0.22882191836833954,,,
1.0,1.0,0.7286524772644043,,,
1.0,0.0,0.402383953332901,,,
1.0,1.0,0.8513712882995605,,,
1.0,0.0,0.44225257635116577,,,
0.0,0.0,0.46549203991889954,,,
0.0,0.0,0.32932615280151367,,,
1.0,1.0,0.6426334977149963,,,
0.0,0.0,0.37007054686546326,,,
1.0,1.0,0.6273010969161987,,,
1.0,0.0,0.4607551097869873,,,
1.0,1.0,0.743781566619873,,,
1.0,0.0,0.337164044380188,,,
1.0,1.0,0.7125944495201111,,,
0.0,0.0,0.395693302154541,,,
0.0,0.0,0.33551502227783203,,,
0.0,0.0,0.3118007183074951,,,
1.0,1.0,0.7452192306518555,,,
0.0,0.0,0.291149377822876,,,
0.0,0.0,0.20385801792144775,,,
1.0,1.0,0.6968200206756592,,,
0.0,0.0,0.26393628120422363,,,
1.0,1.0,0.9488017559051514,,,
1.0,1.0,0.7538103461265564,,,
1.0,1.0,0.8001587390899658,,,
1.0,1.0,0.8146544694900513,,,
0.0,0.0,0.3926882743835449,,,
0.0,0.0,0.3362480103969574,,,
0.0,0.0,0.489803671836853,,,
1.0,1.0,0.6970133781433105,,,
0.0,0.0,0.43250182271003723,,,
1.0,1.0,0.720711350440979,,,
1.0,1.0,0.541660487651825,,,
0.0,0.0,0.48465362191200256,,,
1.0,0.0,0.3188624083995819,,,
1.0,1.0,0.5347028970718384,,,
0.0,0.0,0.3604423999786377,,,
0.0,0.0,0.2938186526298523,,,
0.0,0.0,0.40413984656333923,,,
0.0,1.0,0.8170886635780334,,,
1.0,0.0,0.43108662962913513,,,
1.0,1.0,0.6657979488372803,,,
0.0,0.0,0.32072702050209045,,,
0.0,0.0,0.3293956518173218,,,
1.0,0.0,0.32377076148986816,,,
1.0,1.0,0.6184298992156982,,,
0.0,0.0,0.3839030861854553,,,
0.0,0.0,0.2559625208377838,,,
1.0,0.0,0.46191197633743286,,,
0.0,0.0,0.26413774490356445,,,
0.0,0.0,0.340859055519104,,,
0.0,0.0,0.37112629413604736,,,
1.0,0.0,0.2997712194919586,,,
0.0,0.0,0.4308833181858063,,,
0.0,0.0,0.3195788264274597,,,
1.0,1.0,0.775026798248291,,,
0.0,0.0,0.26612985134124756,,,
1.0,0.0,0.4571477472782135,,,
0.0,0.0,0.35044893622398376,,,
0.0,0.0,0.42735379934310913,,,
1.0,1.0,0.6623731255531311,,,
1.0,0.0,0.3944432735443115,,,
0.0,0.0,0.31223008036613464,,,
0.0,0.0,0.3674047887325287,,,
1.0,1.0,0.7017378211021423,,,
1.0,0.0,0.49181777238845825,,,
1.0,1.0,0.8431258201599121,,,
1.0,1.0,0.632776141166687,,,
1.0,0.0,0.39352402091026306,,,
1.0,0.0,0.40511423349380493,,,
0.0,0.0,0.477924644947052,,,
1.0,1.0,0.6071578860282898,,,
0.0,0.0,0.31162506341934204,,,
0.0,0.0,0.3839030861854553,,,
0.0,0.0,0.39353877305984497,,,
0.0,0.0,0.3377498984336853,,,
1.0,1.0,0.6376216411590576,,,
0.0,0.0,0.3304832875728607,,,
0.0,0.0,0.3162325322628021,,,
1.0,1.0,0.7405771017074585,,,
1.0,0.0,0.4105483591556549,,,
1.0,1.0,0.8617850542068481,,,
1.0,1.0,0.5251485109329224,,,
1.0,0.0,0.3881627917289734,,,
1.0,1.0,0.5439354181289673,,,
0.0,0.0,0.4102287292480469,,,
0.0,1.0,0.514889121055603,,,
1.0,0.0,0.41555294394493103,,,
0.0,0.0,0.4169275760650635,,,
1.0,0.0,0.4060400128364563,,,
0.0,0.0,0.3691873252391815,,,
1.0,1.0,0.7878275513648987,,,
1.0,1.0,0.5621994733810425,,,
0.0,0.0,0.3462725281715393,,,
0.0,0.0,0.3923662304878235,,,
1.0,0.0,0.4153017997741699,,,
0.0,0.0,0.3924020528793335,,,
0.0,0.0,0.34370073676109314,,,
1.0,0.0,0.41238051652908325,,,
0.0,0.0,0.48812535405158997,,,
1.0,1.0,0.7029279470443726,,,
1.0,1.0,0.7800121307373047,,,
1.0,0.0,0.4084399342536926,,,
0.0,0.0,0.19988764822483063,,,
0.0,0.0,0.23665757477283478,,,
1.0,0.0,0.4607551097869873,,,
1.0,1.0,0.7554848790168762,,,
0.0,1.0,0.5143890380859375,,,
1.0,1.0,0.7123716473579407,,,
1.0,1.0,0.8142361044883728,,,
0.0,0.0,0.26701343059539795,,,
0.0,0.0,0.3971991539001465,,,
0.0,0.0,0.38747668266296387,,,
0.0,0.0,0.21747522056102753,,,
0.0,0.0,0.19252796471118927,,,
0.0,0.0,0.3064339756965637,,,
1.0,0.0,0.4961124658584595,,,
0.0,0.0,0.34058526158332825,,,
0.0,0.0,0.2283196896314621,,,
0.0,0.0,0.3120212256908417,,,
0.0,0.0,0.4261930584907532,,,
1.0,1.0,0.827387809753418,,,
1.0,1.0,0.8731451034545898,,,
0.0,0.0,0.36671558022499084,,,
0.0,0.0,0.33191192150115967,,,
1.0,1.0,0.8925091028213501,,,
1.0,0.0,0.4194931983947754,,,
0.0,0.0,0.38870006799697876,,,
0.0,0.0,0.45656606554985046,,,
1.0,1.0,0.5423166155815125,,,
1.0,1.0,0.913465142250061,,,
0.0,0.0,0.3822105824947357,,,
1.0,0.0,0.4750196635723114,,,
1.0,0.0,0.39330747723579407,,,
1.0,1.0,0.7592992186546326,,,
0.0,0.0,0.321526437997818,,,
1.0,1.0,0.5491774678230286,,,
0.0,0.0,0.36742886900901794,,,
0.0,0.0,0.2944820523262024,,,
1.0,0.0,0.3534007668495178,,,
1.0,1.0,0.5926443934440613,,,
0.0,0.0,0.4521040618419647,,,
1.0,0.0,0.45424652099609375,,,
0.0,0.0,0.25328150391578674,,,
0.0,1.0,0.6224249005317688,,,
1.0,1.0,0.6241382360458374,,,
1.0,1.0,0.6642268300056458,,,
1.0,1.0,0.6267046928405762,,,
0.0,0.0,0.35439059138298035,,,
1.0,0.0,0.4810854494571686,,,
0.0,0.0,0.369186669588089,,,
0.0,0.0,0.34223777055740356,,,
0.0,1.0,0.5375641584396362,,,
0.0,0.0,0.31883862614631653,,,
0.0,0.0,0.33144205808639526,,,
0.0,0.0,0.3584304749965668,,,
1.0,1.0,0.6439489126205444,,,
0.0,0.0,0.30496904253959656,,,
0.0,0.0,0.27327293157577515,,,
0.0,0.0,0.3415340483188629,,,
0.0,1.0,0.5571427941322327,,,
1.0,1.0,0.5135172605514526,,,
0.0,0.0,0.38125231862068176,,,
0.0,1.0,0.7446457147598267,,,
1.0,1.0,0.5805713534355164,,,
0.0,0.0,0.3861484229564667,,,
0.0,0.0,0.2969934642314911,,,
1.0,1.0,0.7448664903640747,,,
0.0,0.0,0.4833086133003235,,,
0.0,0.0,0.15197834372520447,,,
1.0,0.0,0.36576101183891296,,,
0.0,0.0,0.30289486050605774,,,
1.0,1.0,0.5577706098556519,,,
1.0,1.0,0.6623311638832092,,,
0.0,0.0,0.26132240891456604,,,
1.0,1.0,0.5761270523071289,,,
0.0,0.0,0.23107872903347015,,,
1.0,1.0,0.7771860957145691,,,
1.0,0.0,0.3961906135082245,,,
0.0,0.0,0.43553707003593445,,,
0.0,0.0,0.3888712525367737,,,
0.0,0.0,0.37556353211402893,,,
1.0,0.0,0.42470988631248474,,,
0.0,0.0,0.39137667417526245,,,
0.0,0.0,0.38427457213401794,,,
1.0,1.0,0.6341431736946106,,,
1.0,1.0,0.8543875813484192,,,
1.0,0.0,0.36026912927627563,,,
0.0,0.0,0.4185367524623871,,,
0.0,0.0,0.3684048652648926,,,
0.0,0.0,0.335252046585083,,,
0.0,0.0,0.43874600529670715,,,
1.0,1.0,0.7954441905021667,,,
0.0,0.0,0.3344709873199463,,,
1.0,0.0,0.31476932764053345,,,
0.0,1.0,0.5968152284622192,,,
1.0,0.0,0.4235459864139557,,,
0.0,1.0,0.5560951828956604,,,
1.0,0.0,0.4641168713569641,,,
0.0,0.0,0.40412473678588867,,,
0.0,0.0,0.2999054491519928,,,
1.0,0.0,0.3935123383998871,,,
1.0,1.0,0.7903043627738953,,,
0.0,0.0,0.4718468189239502,,,
0.0,1.0,0.5891793966293335,,,
0.0,0.0,0.43226268887519836,,,
0.0,0.0,0.3671018183231354,,,
0.0,0.0,0.43328431248664856,,,
0.0,0.0,0.3145506680011749,,,
1.0,0.0,0.4285004734992981,,,
0.0,0.0,0.47598621249198914,,,
0.0,0.0,0.3955937325954437,,,
0.0,0.0,0.3993892967700958,,,
0.0,1.0,0.8003324866294861,,,
1.0,1.0,0.8468777537345886,,,
1.0,1.0,0.7707159519195557,,,
0.0,0.0,0.370507150888443,,,
1.0,0.0,0.48765328526496887,,,
0.0,0.0,0.44440752267837524,,,
0.0,1.0,0.6015305519104004,,,
1.0,0.0,0.4579314589500427,,,
1.0,1.0,0.5337616205215454,,,
1.0,0.0,0.446929007768631,,,
1.0,1.0,0.5067114233970642,,,
1.0,0.0,0.19799038767814636,,,
0.0,0.0,0.4014511704444885,,,
1.0,1.0,0.6452829241752625,,,
0.0,0.0,0.18697868287563324,,,
0.0,0.0,0.43928828835487366,,,
0.0,0.0,0.29831111431121826,,,
0.0,0.0,0.2775598168373108,,,
0.0,0.0,0.3892214298248291,,,
1.0,1.0,0.905080258846283,,,
1.0,0.0,0.3103218078613281,,,
0.0,0.0,0.4643401801586151,,,
1.0,0.0,0.4202415645122528,,,
1.0,0.0,0.3872450590133667,,,
1.0,1.0,0.7785888910293579,,,
1.0,1.0,0.5114973187446594,,,
1.0,1.0,0.5947742462158203,,,
1.0,0.0,0.2769412696361542,,,
0.0,0.0,0.3724246323108673,,,
0.0,0.0,0.33546182513237,,,
1.0,1.0,0.6515212059020996,,,
0.0,0.0,0.308616578578949,,,
1.0,1.0,0.5312984585762024,,,
1.0,1.0,0.5392340421676636,,,
0.0,0.0,0.4821879267692566,,,
1.0,1.0,0.837019681930542,,,
1.0,1.0,0.7749773859977722,,,
0.0,0.0,0.33458212018013,,,
1.0,1.0,0.5634638667106628,,,
1.0,1.0,0.5720244646072388,,,
1.0,1.0,0.8780881762504578,,,
1.0,0.0,0.4146917164325714,,,
1.0,0.0,0.40807679295539856,,,
0.0,0.0,0.18159152567386627,,,
1.0,0.0,0.48457086086273193,,,
1.0,0.0,0.46057960391044617,,,
0.0,0.0,0.3902401030063629,,,
0.0,0.0,0.3342582583427429,,,
1.0,1.0,0.5223722457885742,,,
1.0,1.0,0.5434775352478027,,,
1.0,0.0,0.37671133875846863,,,
0.0,0.0,0.35255905985832214,,,
1.0,1.0,0.7756884694099426,,,
0.0,0.0,0.18804650008678436,,,
0.0,0.0,0.4125119149684906,,,
0.0,0.0,0.30839118361473083,,,
1.0,1.0,0.5613709688186646,,,
1.0,0.0,0.39954710006713867,,,
0.0,0.0,0.2684277296066284,,,
0.0,0.0,0.2130642682313919,,,
1.0,0.0,0.396509051322937,,,
1.0,1.0,0.7194609045982361,,,
1.0,0.0,0.4892086088657379,,,
0.0,0.0,0.33631110191345215,,,
0.0,1.0,0.5228646993637085,,,
0.0,0.0,0.3942275941371918,,,
0.0,0.0,0.19024038314819336,,,
0.0,0.0,0.39721888303756714,,,
0.0,0.0,0.3175792098045349,,,
0.0,0.0,0.29680901765823364,,,
1.0,1.0,0.6202800869941711,,,
0.0,0.0,0.40030792355537415,,,
1.0,1.0,0.500835120677948,,,
0.0,0.0,0.2977064847946167,,,
1.0,1.0,0.6941165328025818,,,
0.0,0.0,0.21357126533985138,,,
0.0,0.0,0.37416669726371765,,,
0.0,0.0,0.3396050035953522,,,
1.0,0.0,0.43129634857177734,,,
0.0,0.0,0.44405314326286316,,,
1.0,0.0,0.3503260016441345,,,
1.0,1.0,0.5623717904090881,,,
1.0,0.0,0.27325567603111267,,,
0.0,0.0,0.17520010471343994,,,
0.0,0.0,0.4199119508266449,,,
1.0,1.0,0.6300297975540161,,,
1.0,1.0,0.6421526074409485,,,
0.0,0.0,0.286654531955719,,,
0.0,0.0,0.3419383466243744,,,
1.0,0.0,0.325492262840271,,,
0.0,0.0,0.17744193971157074,,,
1.0,1.0,0.8573948740959167,,,
1.0,1.0,0.9105643033981323,,,
0.0,0.0,0.4839347302913666,,,
1.0,0.0,0.4034491777420044,,,
1.0,1.0,0.716803252696991,,,
0.0,0.0,0.30507972836494446,,,
1.0,1.0,0.7926414012908936,,,
1.0,0.0,0.3824407756328583,,,
1.0,0.0,0.2785860002040863,,,
0.0,0.0,0.4602970480918884,,,
0.0,0.0,0.3440380394458771,,,
1.0,1.0,0.654564380645752,,,
1.0,1.0,0.8057489991188049,,,
0.0,0.0,0.22397257387638092,,,
1.0,0.0,0.4212057888507843,,,
1.0,0.0,0.4352143108844757,,,
1.0,0.0,0.3458257019519806,,,
0.0,0.0,0.4680154621601105,,,
1.0,1.0,0.5092460513114929,,,
0.0,0.0,0.38789278268814087,,,
0.0,0.0,0.34474611282348633,,,
0.0,0.0,0.32795247435569763,,,
1.0,1.0,0.748043417930603,,,
1.0,0.0,0.4446810781955719,,,
1.0,0.0,0.3611074984073639,,,
0.0,0.0,0.36010268330574036,,,
1.0,0.0,0.41639214754104614,,,
0.0,0.0,0.33161699771881104,,,
0.0,0.0,0.42883816361427307,,,
1.0,1.0,0.8323736190795898,,,
0.0,0.0,0.4014893174171448,,,
1.0,0.0,0.40604519844055176,,,
0.0,0.0,0.42492806911468506,,,
0.0,0.0,0.36281976103782654,,,
1.0,1.0,0.7951058149337769,,,
0.0,0.0,0.3473699688911438,,,
0.0,0.0,0.31937700510025024,,,
1.0,1.0,0.6188697218894958,,,
1.0,1.0,0.675518810749054,,,
1.0,0.0,0.4846983253955841,,,
0.0,1.0,0.6214041709899902,,,
0.0,0.0,0.38439783453941345,,,
1.0,1.0,0.7915776371955872,,,
0.0,0.0,0.37138262391090393,,,
1.0,1.0,0.8518602848052979,,,
1.0,1.0,0.624351978302002,,,
0.0,0.0,0.2813315987586975,,,
0.0,1.0,0.5489881038665771,,,
0.0,0.0,0.2836945950984955,,,
1.0,1.0,0.8255895376205444,,,
1.0,1.0,0.513272762298584,,,
1.0,1.0,0.511111855506897,,,
0.0,0.0,0.2878972887992859,,,
1.0,1.0,0.7826172113418579,,,
1.0,1.0,0.8680350184440613,,,
0.0,0.0,0.37251120805740356,,,
0.0,0.0,0.16795292496681213,,,
0.0,0.0,0.252808153629303,,,
0.0,0.0,0.365456223487854,,,
1.0,1.0,0.5364949107170105,,,
1.0,0.0,0.4948740005493164,,,
1.0,0.0,0.38145896792411804,,,
1.0,0.0,0.43392685055732727,,,
1.0,1.0,0.9356024861335754,,,
1.0,1.0,0.7340853810310364,,,
1.0,0.0,0.38108405470848083,,,
1.0,1.0,0.658940315246582,,,
1.0,1.0,0.8751505613327026,,,
1.0,1.0,0.8167314529418945,,,
0.0,1.0,0.5186747312545776,,,
1.0,1.0,0.7957665324211121,,,
0.0,0.0,0.3549027740955353,,,
0.0,0.0,0.39025408029556274,,,
1.0,1.0,0.7988261580467224,,,
1.0,1.0,0.6327576637268066,,,
1.0,0.0,0.33998605608940125,,,
1.0,0.0,0.44332921504974365,,,
0.0,0.0,0.4693073630332947,,,
1.0,0.0,0.38767120242118835,,,
1.0,1.0,0.846376895904541,,,
1.0,1.0,0.572518527507782,,,
1.0,1.0,0.842831015586853,,,
1.0,1.0,0.7320201992988586,,,
0.0,1.0,0.6426395773887634,,,
1.0,0.0,0.44425398111343384,,,
1.0,0.0,0.39813148975372314,,,
1.0,1.0,0.5126034617424011,,,
0.0,0.0,0.3065113425254822,,,
0.0,0.0,0.19393105804920197,,,
0.0,0.0,0.4576337933540344,,,
0.0,0.0,0.4135071635246277,,,
1.0,1.0,0.684323251247406,,,
1.0,0.0,0.3877042531967163,,,
0.0,1.0,0.5033785700798035,,,
1.0,1.0,0.8804458379745483,,,
0.0,0.0,0.3885400593280792,,,
1.0,1.0,0.8648349046707153,,,
0.0,1.0,0.5116997361183167,,,
0.0,1.0,0.5135454535484314,,,
0.0,1.0,0.5380592346191406,,,
0.0,0.0,0.331025630235672,,,
1.0,1.0,0.6409875750541687,,,
0.0,0.0,0.43345025181770325,,,
1.0,1.0,0.528832733631134,,,
0.0,0.0,0.2987404465675354,,,
1.0,1.0,0.6991222500801086,,,
0.0,0.0,0.3071002662181854,,,
1.0,1.0,0.7522973418235779,,,
1.0,1.0,0.6317797303199768,,,
1.0,0.0,0.4050754904747009,,,
0.0,0.0,0.30747076869010925,,,
0.0,0.0,0.3490968644618988,,,
0.0,1.0,0.5673745274543762,,,
1.0,0.0,0.3139297366142273,,,
0.0,0.0,0.4868693947792053,,,
0.0,0.0,0.26601117849349976,,,
1.0,1.0,0.5022405385971069,,,
0.0,0.0,0.41693031787872314,,,
0.0,0.0,0.3902401030063629,,,
0.0,0.0,0.40159645676612854,,,
0.0,0.0,0.3096528947353363,,,
1.0,0.0,0.43076804280281067,,,
0.0,0.0,0.43920591473579407,,,
0.0,0.0,0.3532885015010834,,,
1.0,0.0,0.4283117949962616,,,
0.0,0.0,0.28556495904922485,,,
1.0,1.0,0.8741587400436401,,,
1.0,1.0,0.5784255266189575,,,
1.0,0.0,0.4717213809490204,,,
1.0,1.0,0.5993167161941528,,,
1.0,1.0,0.5781670212745667,,,
0.0,0.0,0.34621965885162354,,,
0.0,1.0,0.544931948184967,,,
0.0,1.0,0.5941992402076721,,,
0.0,0.0,0.3638375997543335,,,
1.0,1.0,0.6090858578681946,,,
0.0,0.0,0.32857128977775574,,,
1.0,1.0,0.6548852324485779,,,
1.0,1.0,0.7738010287284851,,,
1.0,1.0,0.8854230046272278,,,
1.0,0.0,0.45668134093284607,,,
0.0,0.0,0.2832717001438141,,,
0.0,0.0,0.1616452932357788,,,
0.0,0.0,0.40557703375816345,,,
0.0,1.0,0.6152430772781372,,,
0.0,1.0,0.531356930732727,,,
0.0,0.0,0.2659229636192322,,,
1.0,1.0,0.8993467092514038,,,
0.0,1.0,0.5061097145080566,,,
1.0,1.0,0.7943268418312073,,,
1.0,1.0,0.5143104791641235,,,
1.0,1.0,0.6185832023620605,,,
0.0,0.0,0.3877030909061432,,,
1.0,1.0,0.59163498878479,,,
0.0,0.0,0.3831925094127655,,,
1.0,1.0,0.7627509832382202,,,
0.0,0.0,0.40815603733062744,,,
1.0,0.0,0.36453893780708313,,,
1.0,0.0,0.3513236939907074,,,
1.0,1.0,0.7692180871963501,,,
1.0,1.0,0.8213968276977539,,,
1.0,1.0,0.7980919480323792,,,
1.0,0.0,0.35327258706092834,,,
1.0,0.0,0.27070245146751404,,,
0.0,0.0,0.38966771960258484,,,
1.0,1.0,0.8585596084594727,,,
1.0,1.0,0.504621148109436,,,
0.0,0.0,0.445939838886261,,,
1.0,0.0,0.4238831698894501,,,
0.0,0.0,0.4333569407463074,,,
0.0,0.0,0.3888712525367737,,,
0.0,0.0,0.39428529143333435,,,
0.0,1.0,0.6693062782287598,,,
1.0,1.0,0.7136309146881104,,,
0.0,0.0,0.49706676602363586,,,
0.0,1.0,0.6177628636360168,,,
0.0,0.0,0.3692165017127991,,,
1.0,1.0,0.6180363893508911,,,
0.0,0.0,0.47491440176963806,,,
1.0,0.0,0.33394086360931396,,,
0.0,0.0,0.4811176061630249,,,
0.0,0.0,0.3094650208950043,,,
0.0,0.0,0.3750748038291931,,,
1.0,0.0,0.45657476782798767,,,
1.0,1.0,0.9151563048362732,,,
0.0,0.0,0.3961310386657715,,,
1.0,0.0,0.4745006561279297,,,
0.0,0.0,0.3603954613208771,,,
1.0,0.0,0.4410310387611389,,,
1.0,1.0,0.8090406060218811,,,
0.0,1.0,0.7271060943603516,,,
1.0,0.0,0.3746299743652344,,,
0.0,0.0,0.2981516420841217,,,
0.0,0.0,0.40723538398742676,,,
1.0,1.0,0.864630401134491,,,
1.0,1.0,0.8357361555099487,,,
1.0,1.0,0.9396324157714844,,,
0.0,0.0,0.3862602114677429,,,
1.0,1.0,0.7548727989196777,,,
0.0,0.0,0.4605613946914673,,,
0.0,1.0,0.8223071098327637,,,
0.0,0.0,0.31722360849380493,,,
1.0,0.0,0.4113050699234009,,,
0.0,0.0,0.31634649634361267,,,
0.0,1.0,0.5498016476631165,,,
1.0,1.0,0.6202800869941711,,,
1.0,1.0,0.7801163196563721,,,
1.0,1.0,0.7548727989196777,,,
0.0,0.0,0.4438095688819885,,,
1.0,1.0,0.5432601571083069,,,
0.0,1.0,0.5755781531333923,,,
1.0,0.0,0.40667757391929626,,,
0.0,0.0,0.32384538650512695,,,
0.0,0.0,0.4413316249847412,,,
0.0,0.0,0.3032870590686798,,,
1.0,0.0,0.4760291278362274,,,
0.0,0.0,0.3980628252029419,,,
1.0,1.0,0.7652692198753357,,,
0.0,0.0,0.23882022500038147,,,
0.0,0.0,0.4260268211364746,,,
0.0,0.0,0.34207141399383545,,,
0.0,0.0,0.35446977615356445,,,
1.0,0.0,0.38397645950317383,,,
1.0,0.0,0.40525075793266296,,,
1.0,0.0,0.333077073097229,,,
1.0,1.0,0.9065704345703125,,,
0.0,0.0,0.3938449025154114,,,
1.0,0.0,0.34322983026504517,,,
1.0,0.0,0.3187906742095947,,,
1.0,1.0,0.8688515424728394,,,
0.0,0.0,0.35482466220855713,,,
1.0,1.0,0.5053005814552307,,,
1.0,0.0,0.40597862005233765,,,
0.0,1.0,0.5218386650085449,,,
1.0,0.0,0.375201940536499,,,
0.0,0.0,0.46164289116859436,,,
1.0,1.0,0.7146787047386169,,,
1.0,1.0,0.7206318974494934,,,
1.0,1.0,0.705529510974884,,,
0.0,0.0,0.3584304749965668,,,
1.0,0.0,0.4223490059375763,,,
1.0,1.0,0.6808622479438782,,,
1.0,1.0,0.7302902936935425,,,
0.0,1.0,0.5258880257606506,,,
0.0,1.0,0.5414661765098572,,,
0.0,0.0,0.2033080905675888,,,
0.0,0.0,0.3875405490398407,,,
1.0,1.0,0.5964502692222595,,,
0.0,0.0,0.1831578016281128,,,
1.0,1.0,0.5410919189453125,,,
0.0,0.0,0.3195071220397949,,,
0.0,0.0,0.3581148684024811,,,
1.0,1.0,0.6122000813484192,,,
1.0,1.0,0.8500889539718628,,,
1.0,1.0,0.5041956901550293,,,
1.0,0.0,0.43000328540802,,,
0.0,0.0,0.3504459261894226,,,
0.0,0.0,0.3140985369682312,,,
1.0,1.0,0.6087292432785034,,,
1.0,0.0,0.445716917514801,,,
0.0,1.0,0.6448632478713989,,,
0.0,0.0,0.42065879702568054,,,
0.0,0.0,0.34905365109443665,,,
1.0,1.0,0.8751505613327026,,,
0.0,0.0,0.3134947121143341,,,
0.0,0.0,0.3568359613418579,,,
1.0,0.0,0.3425789773464203,,,
1.0,1.0,0.5876295566558838,,,
0.0,0.0,0.3357619345188141,,,
1.0,1.0,0.5510388016700745,,,
1.0,0.0,0.4074034094810486,,,
1.0,1.0,0.7951287031173706,,,
1.0,1.0,0.7734201550483704,,,
1.0,0.0,0.44986599683761597,,,
0.0,0.0,0.4295959174633026,,,
1.0,1.0,0.5908596515655518,,,
0.0,0.0,0.4065748155117035,,,
1.0,1.0,0.7463630437850952,,,
1.0,1.0,0.779397189617157,,,
0.0,0.0,0.22491295635700226,,,
0.0,0.0,0.315233439207077,,,
0.0,0.0,0.318768709897995,,,
0.0,0.0,0.4680154621601105,,,
0.0,0.0,0.38781192898750305,,,
1.0,0.0,0.4241885244846344,,,
1.0,0.0,0.3869995176792145,,,
1.0,1.0,0.5191025733947754,,,
0.0,1.0,0.5175936818122864,,,
1.0,1.0,0.7085509300231934,,,
1.0,0.0,0.4826560318470001,,,
0.0,0.0,0.4389093816280365,,,
0.0,0.0,0.29214924573898315,,,
0.0,0.0,0.22061792016029358,,,
1.0,1.0,0.6209254860877991,,,
1.0,0.0,0.4548507034778595,,,
1.0,1.0,0.7568716406822205,,,
1.0,0.0,0.33223187923431396,,,
1.0,1.0,0.6198762655258179,,,
0.0,0.0,0.36114630103111267,,,
0.0,0.0,0.3051491677761078,,,
1.0,1.0,0.8764573335647583,,,
0.0,0.0,0.15396784245967865,,,
0.0,0.0,0.28403785824775696,,,
0.0,0.0,0.46371063590049744,,,
1.0,0.0,0.4579314589500427,,,
1.0,1.0,0.504817545413971,,,
0.0,0.0,0.43532615900039673,,,
1.0,1.0,0.7675772905349731,,,
1.0,0.0,0.27936744689941406,,,
0.0,0.0,0.40830937027931213,,,
0.0,0.0,0.4255739748477936,,,
1.0,0.0,0.4520072937011719,,,
0.0,0.0,0.2590508460998535,,,
0.0,0.0,0.2838689088821411,,,
0.0,0.0,0.4348215162754059,,,
1.0,1.0,0.550929844379425,,,
0.0,0.0,0.3756767511367798,,,
0.0,0.0,0.3845347464084625,,,
0.0,0.0,0.3418356776237488,,,
1.0,0.0,0.4624141454696655,,,
0.0,0.0,0.1871579885482788,,,
1.0,1.0,0.7956200242042542,,,
0.0,0.0,0.3605450391769409,,,
0.0,0.0,0.3763048052787781,,,
1.0,0.0,0.40178728103637695,,,
1.0,1.0,0.8660969734191895,,,
0.0,0.0,0.3905203938484192,,,
1.0,1.0,0.6968402862548828,,,
0.0,0.0,0.2470870167016983,,,
1.0,1.0,0.7965710759162903,,,
1.0,1.0,0.684549868106842,,,
0.0,0.0,0.37372666597366333,,,
0.0,0.0,0.17072907090187073,,,
1.0,1.0,0.578707218170166,,,
0.0,0.0,0.23244816064834595,,,
0.0,0.0,0.4548436105251312,,,
0.0,1.0,0.5567101836204529,,,
1.0,0.0,0.37983274459838867,,,
1.0,1.0,0.9490730166435242,,,
1.0,0.0,0.33048126101493835,,,
0.0,1.0,0.5206387042999268,,,
0.0,0.0,0.33108705282211304,,,
0.0,0.0,0.3043789267539978,,,
1.0,0.0,0.43954986333847046,,,
1.0,1.0,0.8854230046272278,,,
0.0,1.0,0.6311148405075073,,,
1.0,1.0,0.6116424202919006,,,
0.0,0.0,0.33504030108451843,,,
0.0,0.0,0.19310246407985687,,,
1.0,1.0,0.5111596584320068,,,
1.0,0.0,0.4769965410232544,,,
0.0,0.0,0.3173116147518158,,,
0.0,0.0,0.3692748248577118,,,
0.0,0.0,0.23861080408096313,,,
1.0,1.0,0.7435548901557922,,,
1.0,1.0,0.5889365673065186,,,
0.0,0.0,0.3706994950771332,,,
0.0,0.0,0.39822015166282654,,,
1.0,1.0,0.546267569065094,,,
0.0,0.0,0.19310246407985687,,,
0.0,0.0,0.21350115537643433,,,
1.0,1.0,0.7549719214439392,,,
1.0,1.0,0.7789865136146545,,,
1.0,1.0,0.8555575013160706,,,
1.0,1.0,0.6865389347076416,,,
1.0,1.0,0.5093312859535217,,,
1.0,1.0,0.8485365509986877,,,
0.0,0.0,0.4157603979110718,,,
1.0,0.0,0.4191165268421173,,,
0.0,0.0,0.404440313577652,,,
0.0,0.0,0.32357457280158997,,,
1.0,1.0,0.7950627207756042,,,
1.0,1.0,0.8186368942260742,,,
1.0,1.0,0.9528204202651978,,,
1.0,1.0,0.51053786277771,,,
0.0,0.0,0.33808064460754395,,,
0.0,0.0,0.2734680473804474,,,
0.0,0.0,0.44860929250717163,,,
0.0,0.0,0.2992526888847351,,,
1.0,0.0,0.2457495778799057,,,
1.0,1.0,0.5669419169425964,,,
0.0,0.0,0.27905428409576416,,,
0.0,0.0,0.32581716775894165,,,
0.0,0.0,0.3267289400100708,,,
1.0,0.0,0.3348881006240845,,,
1.0,1.0,0.8412574529647827,,,
1.0,0.0,0.33682483434677124,,,
0.0,0.0,0.3357833921909332,,,
0.0,1.0,0.5311384797096252,,,
0.0,0.0,0.40756499767303467,,,
0.0,1.0,0.5760315656661987,,,
1.0,1.0,0.5923394560813904,,,
0.0,0.0,0.4702533483505249,,,
1.0,0.0,0.4253552556037903,,,
0.0,0.0,0.4028884470462799,,,
1.0,0.0,0.42038771510124207,,,
0.0,0.0,0.3108196556568146,,,
0.0,0.0,0.2598288953304291,,,
1.0,1.0,0.5000404119491577,,,
1.0,0.0,0.25281205773353577,,,
0.0,0.0,0.37321528792381287,,,
1.0,1.0,0.6786543130874634,,,
1.0,0.0,0.4720454812049866,,,
0.0,0.0,0.35153111815452576,,,
1.0,1.0,0.8934366703033447,,,
1.0,0.0,0.48543494939804077,,,
1.0,0.0,0.47909584641456604,,,
1.0,1.0,0.5446524024009705,,,
1.0,0.0,0.401653528213501,,,
0.0,0.0,0.3228728473186493,,,
0.0,0.0,0.32309240102767944,,,
1.0,0.0,0.41828081011772156,,,
1.0,0.0,0.2753416895866394,,,
0.0,0.0,0.4307723641395569,,,
0.0,0.0,0.28260326385498047,,,
0.0,0.0,0.20714695751667023,,,
0.0,0.0,0.48996588587760925,,,
0.0,0.0,0.3179410398006439,,,
1.0,1.0,0.6603724360466003,,,
1.0,0.0,0.3885236084461212,,,
1.0,1.0,0.6771495342254639,,,
1.0,1.0,0.5832104682922363,,,
1.0,0.0,0.41574615240097046,,,
0.0,0.0,0.3691454231739044,,,
1.0,1.0,0.6344696879386902,,,
1.0,1.0,0.8531519770622253,,,
1.0,1.0,0.6492924690246582,,,
0.0,0.0,0.468112051486969,,,
0.0,0.0,0.33389198780059814,,,
0.0,0.0,0.3982076942920685,,,
0.0,1.0,0.7397539019584656,,,
0.0,1.0,0.5250772833824158,,,
1.0,1.0,0.6077507734298706,,,
0.0,1.0,0.5159339308738708,,,
1.0,1.0,0.8411033749580383,,,
1.0,1.0,0.9431728720664978,,,
1.0,1.0,0.6524391174316406,,,
1.0,1.0,0.7826939225196838,,,
0.0,0.0,0.28403785824775696,,,
1.0,0.0,0.4606602191925049,,,
0.0,0.0,0.47181349992752075,,,
0.0,0.0,0.2474958300590515,,,
0.0,0.0,0.393219530582428,,,
0.0,0.0,0.23597246408462524,,,
1.0,1.0,0.5012093186378479,,,
1.0,1.0,0.8637707233428955,,,
0.0,0.0,0.31795671582221985,,,
0.0,0.0,0.2225586324930191,,,
0.0,0.0,0.3331882059574127,,,
0.0,0.0,0.432150661945343,,,
0.0,0.0,0.26740050315856934,,,
1.0,0.0,0.3911469578742981,,,
0.0,0.0,0.1967741847038269,,,
0.0,0.0,0.398371160030365,,,
0.0,0.0,0.37314027547836304,,,
0.0,0.0,0.36069267988204956,,,
0.0,0.0,0.22086210548877716,,,
0.0,1.0,0.6165367960929871,,,
1.0,1.0,0.8185599446296692,,,
0.0,0.0,0.23641565442085266,,,
1.0,0.0,0.4528287947177887,,,
0.0,0.0,0.33230215311050415,,,
0.0,1.0,0.7612410187721252,,,
1.0,0.0,0.4817352294921875,,,
1.0,1.0,0.6443153023719788,,,
1.0,0.0,0.35455894470214844,,,
0.0,0.0,0.4606287479400635,,,
0.0,1.0,0.5823362469673157,,,
1.0,0.0,0.37671133875846863,,,
1.0,0.0,0.3030923008918762,,,
0.0,0.0,0.3922317326068878,,,
0.0,1.0,0.6396216750144958,,,
0.0,0.0,0.390264093875885,,,
0.0,0.0,0.4518291652202606,,,
0.0,0.0,0.13582424819469452,,,
0.0,0.0,0.4697515368461609,,,
1.0,0.0,0.4623635411262512,,,
1.0,1.0,0.5258094668388367,,,
0.0,1.0,0.5090582370758057,,,
1.0,0.0,0.42428651452064514,,,
1.0,1.0,0.7912214398384094,,,
0.0,0.0,0.29808327555656433,,,
0.0,0.0,0.3812207281589508,,,
1.0,1.0,0.6899498701095581,,,
0.0,0.0,0.45525047183036804,,,
0.0,0.0,0.370463490486145,,,
0.0,0.0,0.1733701527118683,,,
0.0,0.0,0.41680335998535156,,,
0.0,0.0,0.2720157504081726,,,
1.0,1.0,0.7250623106956482,,,
0.0,0.0,0.2535504400730133,,,
0.0,0.0,0.3439032733440399,,,
1.0,1.0,0.8493000268936157,,,
1.0,1.0,0.9337736368179321,,,
1.0,1.0,0.6257815361022949,,,
0.0,0.0,0.32733237743377686,,,
0.0,0.0,0.3656080663204193,,,
0.0,0.0,0.3111206889152527,,,
1.0,1.0,0.6289827227592468,,,
1.0,1.0,0.6289966106414795,,,
1.0,0.0,0.44026798009872437,,,
0.0,0.0,0.4489317834377289,,,
1.0,1.0,0.6591524481773376,,,
0.0,0.0,0.34032222628593445,,,
1.0,1.0,0.576072633266449,,,
1.0,1.0,0.7051163911819458,,,
0.0,0.0,0.43764805793762207,,,
1.0,1.0,0.9450179934501648,,,
1.0,0.0,0.48276302218437195,,,
0.0,0.0,0.3581106662750244,,,
1.0,1.0,0.7017000317573547,,,
0.0,0.0,0.28403785824775696,,,
0.0,0.0,0.47023892402648926,,,
1.0,0.0,0.40940001606941223,,,
0.0,0.0,0.34731316566467285,,,
0.0,1.0,0.7548727989196777,,,
0.0,1.0,0.7548727989196777,,,
1.0,0.0,0.4503885805606842,,,
1.0,1.0,0.8878699541091919,,,
1.0,1.0,0.726812481880188,,,
0.0,1.0,0.5820875763893127,,,
1.0,1.0,0.5714165568351746,,,
1.0,1.0,0.5823530554771423,,,
0.0,0.0,0.4271322786808014,,,
1.0,0.0,0.39862632751464844,,,
1.0,0.0,0.30254557728767395,,,
1.0,1.0,0.6940294504165649,,,
0.0,0.0,0.4169709384441376,,,
0.0,1.0,0.6930789351463318,,,
0.0,1.0,0.5303824543952942,,,
1.0,1.0,0.5105942487716675,,,
0.0,1.0,0.6527780294418335,,,
0.0,1.0,0.5622097253799438,,,
1.0,0.0,0.2797108292579651,,,
0.0,0.0,0.25735238194465637,,,
0.0,0.0,0.3337833285331726,,,
1.0,1.0,0.6038538813591003,,,
0.0,0.0,0.2565145492553711,,,
0.0,1.0,0.5255706310272217,,,
0.0,0.0,0.4210090935230255,,,
1.0,1.0,0.6753457188606262,,,
0.0,0.0,0.46965882182121277,,,
0.0,0.0,0.37019917368888855,,,
1.0,0.0,0.3443455696105957,,,
0.0,0.0,0.3234703540802002,,,
0.0,0.0,0.35214143991470337,,,
1.0,0.0,0.489291250705719,,,
0.0,1.0,0.5012437105178833,,,
1.0,0.0,0.3171316385269165,,,
1.0,0.0,0.35065287351608276,,,
0.0,0.0,0.3344709873199463,,,
0.0,0.0,0.30991193652153015,,,
0.0,0.0,0.3228012025356293,,,
0.0,0.0,0.3884180784225464,,,
1.0,0.0,0.41000881791114807,,,
1.0,0.0,0.3940809965133667,,,
0.0,0.0,0.4967723488807678,,,
0.0,0.0,0.3043345808982849,,,
0.0,0.0,0.3067531883716583,,,
1.0,1.0,0.6437389850616455,,,
1.0,1.0,0.624351978302002,,,
0.0,0.0,0.438189297914505,,,
0.0,0.0,0.3402470350265503,,,
0.0,0.0,0.3516906201839447,,,
1.0,1.0,0.7570564150810242,,,
0.0,0.0,0.2209731638431549,,,
1.0,1.0,0.571409285068512,,,
0.0,0.0,0.26435431838035583,,,
0.0,0.0,0.19024038314819336,,,
1.0,0.0,0.42671042680740356,,,
1.0,0.0,0.32011687755584717,,,
0.0,0.0,0.33645209670066833,,,
0.0,0.0,0.24599406123161316,,,
0.0,0.0,0.4109106659889221,,,
1.0,1.0,0.7808523774147034,,,
1.0,1.0,0.5299577713012695,,,
1.0,1.0,0.6214613914489746,,,
1.0,1.0,0.9481279850006104,,,
0.0,0.0,0.3473683297634125,,,
1.0,0.0,0.46077772974967957,,,
0.0,0.0,0.3491665720939636,,,
0.0,0.0,0.2565949559211731,,,
0.0,0.0,0.45089948177337646,,,
0.0,0.0,0.3173595070838928,,,
0.0,0.0,0.40418386459350586,,,
0.0,0.0,0.22188769280910492,,,
0.0,0.0,0.3694522976875305,,,
0.0,0.0,0.3088359534740448,,,
0.0,0.0,0.3905455768108368,,,
0.0,0.0,0.25535285472869873,,,
0.0,1.0,0.5324791073799133,,,
1.0,0.0,0.40649232268333435,,,
0.0,0.0,0.2877596318721771,,,
0.0,0.0,0.4474041759967804,,,
1.0,1.0,0.7206173539161682,,,
0.0,1.0,0.6635462641716003,,,
1.0,0.0,0.3817500174045563,,,
1.0,1.0,0.748020589351654,,,
0.0,0.0,0.4464748203754425,,,
1.0,1.0,0.7238282561302185,,,
0.0,0.0,0.3344709873199463,,,
1.0,0.0,0.34966593980789185,,,
1.0,0.0,0.3150723874568939,,,
0.0,0.0,0.29191797971725464,,,
1.0,1.0,0.7119458913803101,,,
1.0,1.0,0.6795061826705933,,,
1.0,1.0,0.7781839966773987,,,
0.0,0.0,0.31274574995040894,,,
0.0,0.0,0.3622322976589203,,,
0.0,1.0,0.5072147846221924,,,
1.0,1.0,0.5110085606575012,,,
1.0,0.0,0.3344709873199463,,,
0.0,0.0,0.16986379027366638,,,
1.0,1.0,0.6484547853469849,,,
1.0,1.0,0.5805713534355164,,,
1.0,0.0,0.40452808141708374,,,
1.0,0.0,0.30226656794548035,,,
1.0,0.0,0.4269154369831085,,,
1.0,1.0,0.9224052429199219,,,
0.0,0.0,0.30848002433776855,,,
1.0,0.0,0.498790442943573,,,
1.0,1.0,0.6735687851905823,,,
0.0,1.0,0.624230682849884,,,
1.0,0.0,0.45396387577056885,,,
0.0,0.0,0.3219969570636749,,,
1.0,0.0,0.2899737060070038,,,
0.0,0.0,0.2141948789358139,,,
0.0,0.0,0.2506122291088104,,,
1.0,1.0,0.566150963306427,,,
1.0,1.0,0.5308870077133179,,,
0.0,0.0,0.3914242386817932,,,
0.0,0.0,0.42856207489967346,,,
1.0,0.0,0.323506623506546,,,
1.0,1.0,0.534296989440918,,,
0.0,1.0,0.5661909580230713,,,
1.0,0.0,0.4876471757888794,,,
0.0,0.0,0.24486641585826874,,,
0.0,0.0,0.42248716950416565,,,
1.0,1.0,0.7863962650299072,,,
0.0,0.0,0.35156574845314026,,,
0.0,0.0,0.1798120141029358,,,
0.0,1.0,0.5279093980789185,,,
0.0,0.0,0.34633946418762207,,,
0.0,0.0,0.31449875235557556,,,
0.0,0.0,0.2759387195110321,,,
0.0,0.0,0.48646655678749084,,,
1.0,1.0,0.7632926106452942,,,
1.0,0.0,0.3228857219219208,,,
1.0,1.0,0.5608344078063965,,,
0.0,0.0,0.4900529086589813,,,
0.0,0.0,0.3149648606777191,,,
1.0,1.0,0.7842150330543518,,,
1.0,0.0,0.3718871474266052,,,
1.0,0.0,0.47648942470550537,,,
0.0,0.0,0.32809510827064514,,,
0.0,0.0,0.38509562611579895,,,
1.0,0.0,0.48765328526496887,,,
0.0,0.0,0.34692156314849854,,,
1.0,1.0,0.6004235148429871,,,
0.0,0.0,0.3107381761074066,,,
1.0,0.0,0.374078631401062,,,
0.0,0.0,0.41997671127319336,,,
0.0,0.0,0.357511043548584,,,
1.0,1.0,0.748214602470398,,,
1.0,1.0,0.9351434707641602,,,
1.0,0.0,0.4395122528076172,,,
0.0,0.0,0.24011607468128204,,,
0.0,0.0,0.4793964624404907,,,
1.0,1.0,0.9258456826210022,,,
1.0,0.0,0.37441495060920715,,,
0.0,0.0,0.26393628120422363,,,
1.0,1.0,0.7921318411827087,,,
0.0,0.0,0.4378589987754822,,,
1.0,1.0,0.8076374530792236,,,
1.0,0.0,0.47117143869400024,,,
0.0,0.0,0.32330796122550964,,,
0.0,0.0,0.3741137683391571,,,
0.0,0.0,0.2171751707792282,,,
0.0,0.0,0.3542797565460205,,,
0.0,0.0,0.282150000333786,,,
1.0,0.0,0.4772028625011444,,,
1.0,1.0,0.6123092770576477,,,
1.0,1.0,0.6768355369567871,,,
0.0,0.0,0.2147223949432373,,,
1.0,1.0,0.8773234486579895,,,
1.0,1.0,0.6274133324623108,,,
1.0,1.0,0.5022628307342529,,,
0.0,1.0,0.5023664832115173,,,
0.0,0.0,0.3495327830314636,,,
1.0,1.0,0.5395428538322449,,,
1.0,1.0,0.8411455154418945,,,
1.0,0.0,0.40446385741233826,,,
0.0,0.0,0.2535198926925659,,,
0.0,0.0,0.469759076833725,,,
1.0,1.0,0.5041956901550293,,,
1.0,0.0,0.40261974930763245,,,
0.0,0.0,0.3278341591358185,,,
0.0,1.0,0.5273573398590088,,,
0.0,0.0,0.45699185132980347,,,
1.0,1.0,0.9116930365562439,,,
0.0,0.0,0.25372177362442017,,,
1.0,1.0,0.6611825227737427,,,
0.0,0.0,0.46994656324386597,,,
1.0,1.0,0.7115088105201721,,,
0.0,1.0,0.5161203742027283,,,
0.0,1.0,0.6144145727157593,,,
0.0,0.0,0.29859301447868347,,,
0.0,0.0,0.22254207730293274,,,
0.0,0.0,0.20907597243785858,,,
1.0,1.0,0.5053037405014038,,,
0.0,0.0,0.4943283498287201,,,
1.0,1.0,0.6005356907844543,,,
0.0,1.0,0.6041655540466309,,,
0.0,0.0,0.3167071044445038,,,
0.0,0.0,0.37470805644989014,,,
1.0,0.0,0.4539717137813568,,,
0.0,0.0,0.31619659066200256,,,
1.0,1.0,0.7597889304161072,,,
0.0,0.0,0.40646249055862427,,,
0.0,0.0,0.3941837251186371,,,
0.0,0.0,0.3248622417449951,,,
0.0,0.0,0.2683129608631134,,,
0.0,0.0,0.36405929923057556,,,
0.0,0.0,0.271633505821228,,,
0.0,0.0,0.25164881348609924,,,
1.0,1.0,0.8130911588668823,,,
1.0,1.0,0.6247273683547974,,,
0.0,0.0,0.4257439374923706,,,
0.0,1.0,0.6272227764129639,,,
0.0,0.0,0.26346611976623535,,,
1.0,1.0,0.7258760333061218,,,
0.0,0.0,0.2986134886741638,,,
1.0,1.0,0.5443394184112549,,,
0.0,0.0,0.2620093822479248,,,
1.0,1.0,0.9541094899177551,,,
1.0,0.0,0.4102942943572998,,,
1.0,1.0,0.6098054051399231,,,
1.0,0.0,0.39838704466819763,,,
0.0,1.0,0.6249946355819702,,,
0.0,0.0,0.4508550763130188,,,
0.0,0.0,0.3111206889152527,,,
1.0,0.0,0.4025646448135376,,,
1.0,1.0,0.7052674293518066,,,
1.0,1.0,0.6684008240699768,,,
0.0,0.0,0.338131308555603,,,
0.0,0.0,0.3217202126979828,,,
0.0,0.0,0.31476306915283203,,,
0.0,0.0,0.4824681580066681,,,
0.0,0.0,0.4117506444454193,,,
1.0,0.0,0.47139912843704224,,,
1.0,1.0,0.5584623217582703,,,
0.0,0.0,0.336662620306015,,,
0.0,0.0,0.3885084390640259,,,
0.0,0.0,0.3744347393512726,,,
1.0,1.0,0.83975750207901,,,
0.0,0.0,0.28161072731018066,,,
0.0,0.0,0.3687509596347809,,,
1.0,1.0,0.5197272896766663,,,
1.0,1.0,0.5357505679130554,,,
1.0,0.0,0.4974534809589386,,,
1.0,1.0,0.6170712113380432,,,
0.0,1.0,0.5193862318992615,,,
1.0,0.0,0.498934268951416,,,
1.0,1.0,0.6150515675544739,,,
0.0,0.0,0.43764805793762207,,,
1.0,0.0,0.35604965686798096,,,
1.0,1.0,0.5397837162017822,,,
1.0,0.0,0.3544972836971283,,,
1.0,1.0,0.8857663869857788,,,
0.0,0.0,0.34177979826927185,,,
1.0,1.0,0.6954915523529053,,,
1.0,1.0,0.8731451034545898,,,
1.0,1.0,0.5323718190193176,,,
1.0,1.0,0.5559619069099426,,,
1.0,1.0,0.5498635768890381,,,
0.0,0.0,0.3095085918903351,,,
0.0,0.0,0.2623271346092224,,,
1.0,1.0,0.7548727989196777,,,
1.0,1.0,0.6202800869941711,,,
0.0,0.0,0.30656668543815613,,,
0.0,0.0,0.1985529363155365,,,
0.0,0.0,0.3562588691711426,,,
0.0,0.0,0.2978430688381195,,,
1.0,0.0,0.34395548701286316,,,
0.0,1.0,0.5506810545921326,,,
0.0,0.0,0.36671558022499084,,,
0.0,0.0,0.28547579050064087,,,
0.0,0.0,0.22665488719940186,,,
0.0,0.0,0.28345030546188354,,,
0.0,1.0,0.6399404406547546,,,
0.0,0.0,0.37972724437713623,,,
0.0,1.0,0.5448923707008362,,,
1.0,0.0,0.4119313061237335,,,
0.0,1.0,0.517600417137146,,,
1.0,0.0,0.33421996235847473,,,
1.0,1.0,0.6041328310966492,,,
0.0,0.0,0.3627728819847107,,,
0.0,0.0,0.2693851888179779,,,
0.0,0.0,0.3231920003890991,,,
1.0,1.0,0.5383195281028748,,,
1.0,0.0,0.47985202074050903,,,
1.0,1.0,0.6878753304481506,,,
0.0,0.0,0.4302448332309723,,,
0.0,0.0,0.30496904253959656,,,
0.0,0.0,0.31352698802948,,,
0.0,0.0,0.35840627551078796,,,
0.0,0.0,0.3622947633266449,,,
1.0,1.0,0.7694212794303894,,,
1.0,1.0,0.5225710272789001,,,
0.0,0.0,0.49189966917037964,,,
0.0,1.0,0.5781055688858032,,,
0.0,0.0,0.3378736972808838,,,
0.0,0.0,0.3240506947040558,,,
0.0,0.0,0.25602030754089355,,,
0.0,0.0,0.33106520771980286,,,
0.0,0.0,0.3838115334510803,,,
0.0,1.0,0.550399661064148,,,
0.0,0.0,0.499845027923584,,,
1.0,1.0,0.8695292472839355,,,
0.0,0.0,0.3992081880569458,,,
0.0,0.0,0.2758532166481018,,,
1.0,0.0,0.4698895812034607,,,
0.0,0.0,0.3147464096546173,,,
0.0,0.0,0.3110159933567047,,,
1.0,1.0,0.715203046798706,,,
1.0,0.0,0.3016679584980011,,,
0.0,1.0,0.5306000113487244,,,
0.0,0.0,0.487449049949646,,,
1.0,0.0,0.3074493408203125,,,
0.0,0.0,0.3139297366142273,,,
0.0,0.0,0.30041953921318054,,,
0.0,0.0,0.31590577960014343,,,
0.0,0.0,0.3518320918083191,,,
1.0,0.0,0.4924282729625702,,,
0.0,0.0,0.3014298975467682,,,
0.0,0.0,0.3622322976589203,,,
1.0,1.0,0.7931190729141235,,,
0.0,0.0,0.31352698802948,,,
1.0,1.0,0.8860882520675659,,,
0.0,0.0,0.3554326891899109,,,
0.0,0.0,0.4413524568080902,,,
1.0,1.0,0.6397558450698853,,,
0.0,0.0,0.3265876770019531,,,
0.0,0.0,0.2078680843114853,,,
1.0,1.0,0.774442732334137,,,
1.0,0.0,0.31816747784614563,,,
0.0,0.0,0.3642745018005371,,,
0.0,0.0,0.2535198926925659,,,
0.0,0.0,0.3948828876018524,,,
0.0,0.0,0.3069431483745575,,,
1.0,1.0,0.5923342704772949,,,
1.0,0.0,0.24347765743732452,,,
0.0,0.0,0.23251178860664368,,,
1.0,1.0,0.8269288539886475,,,
1.0,1.0,0.7044064402580261,,,
0.0,0.0,0.34085720777511597,,,
0.0,0.0,0.48936158418655396,,,
1.0,1.0,0.5442807078361511,,,
1.0,1.0,0.5494863390922546,,,
1.0,1.0,0.8810855150222778,,,
1.0,0.0,0.4606248736381531,,,
1.0,0.0,0.40126943588256836,,,
1.0,1.0,0.7749773859977722,,,
0.0,0.0,0.49715137481689453,,,
0.0,0.0,0.3129136860370636,,,
0.0,1.0,0.5438606142997742,,,
1.0,1.0,0.5710233449935913,,,
1.0,0.0,0.29474174976348877,,,
1.0,1.0,0.8699370622634888,,,
0.0,0.0,0.37553468346595764,,,
0.0,0.0,0.41144564747810364,,,
1.0,0.0,0.47172650694847107,,,
1.0,0.0,0.41843360662460327,,,
0.0,0.0,0.16082359850406647,,,
0.0,0.0,0.32309240102767944,,,
0.0,1.0,0.6209558844566345,,,
0.0,0.0,0.32646530866622925,,,
1.0,0.0,0.46495023369789124,,,
0.0,0.0,0.47946617007255554,,,
0.0,0.0,0.23384684324264526,,,
1.0,1.0,0.8665419816970825,,,
1.0,0.0,0.4578463137149811,,,
1.0,0.0,0.2982814610004425,,,
1.0,1.0,0.7065984606742859,,,
1.0,1.0,0.7568716406822205,,,
0.0,0.0,0.25523173809051514,,,
1.0,1.0,0.9443303346633911,,,
0.0,0.0,0.4268300235271454,,,
0.0,0.0,0.16154998540878296,,,
1.0,1.0,0.6018905639648438,,,
0.0,0.0,0.42643389105796814,,,
1.0,1.0,0.7218688726425171,,,
0.0,0.0,0.3535168766975403,,,
0.0,1.0,0.6202978491783142,,,
1.0,1.0,0.7574390769004822,,,
0.0,0.0,0.2656707763671875,,,
0.0,0.0,0.30847862362861633,,,
0.0,0.0,0.40051472187042236,,,
0.0,0.0,0.32309240102767944,,,
0.0,0.0,0.29741811752319336,,,
0.0,0.0,0.3369072377681732,,,
1.0,1.0,0.6154713034629822,,,
1.0,0.0,0.49057644605636597,,,
0.0,0.0,0.3348881006240845,,,
1.0,1.0,0.6325531005859375,,,
1.0,1.0,0.6704066395759583,,,
0.0,0.0,0.2307768613100052,,,
1.0,1.0,0.6401575803756714,,,
0.0,0.0,0.31707963347435,,,
0.0,0.0,0.40808776021003723,,,
1.0,1.0,0.8127509355545044,,,
0.0,0.0,0.3853854238986969,,,
0.0,0.0,0.29152512550354004,,,
0.0,0.0,0.4616115391254425,,,
0.0,0.0,0.3837594985961914,,,
0.0,0.0,0.33129504323005676,,,
1.0,1.0,0.7024099230766296,,,
0.0,0.0,0.30339181423187256,,,
0.0,0.0,0.4674716293811798,,,
1.0,0.0,0.3458660840988159,,,
1.0,1.0,0.7865848541259766,,,
0.0,0.0,0.39956918358802795,,,
1.0,0.0,0.40148207545280457,,,
1.0,0.0,0.31401848793029785,,,
0.0,1.0,0.5288827419281006,,,
1.0,0.0,0.44969090819358826,,,
0.0,1.0,0.6314024925231934,,,
0.0,0.0,0.4483829438686371,,,
0.0,0.0,0.36805859208106995,,,
1.0,1.0,0.8821284174919128,,,
0.0,1.0,0.8437522649765015,,,
1.0,1.0,0.7008957266807556,,,
1.0,0.0,0.496079683303833,,,
0.0,0.0,0.34961432218551636,,,
1.0,0.0,0.330278605222702,,,
1.0,1.0,0.8946110606193542,,,
1.0,0.0,0.3048747181892395,,,
1.0,1.0,0.9044800400733948,,,
0.0,1.0,0.6329790353775024,,,
1.0,0.0,0.4201113283634186,,,
0.0,0.0,0.33528971672058105,,,
0.0,0.0,0.400043785572052,,,
1.0,0.0,0.45653560757637024,,,
0.0,0.0,0.4937226176261902,,,
1.0,1.0,0.9140361547470093,,,
0.0,1.0,0.5177429914474487,,,
0.0,1.0,0.5748695135116577,,,
1.0,1.0,0.6851577162742615,,,
0.0,0.0,0.4995049238204956,,,
1.0,1.0,0.8020278811454773,,,
0.0,0.0,0.3383340835571289,,,
1.0,1.0,0.6588065028190613,,,
1.0,1.0,0.900074303150177,,,
1.0,1.0,0.6661872267723083,,,
0.0,1.0,0.5653524398803711,,,
0.0,0.0,0.32176417112350464,,,
0.0,0.0,0.240900456905365,,,
1.0,0.0,0.3576505482196808,,,
1.0,1.0,0.5305230021476746,,,
0.0,0.0,0.44380638003349304,,,
0.0,0.0,0.40278899669647217,,,
0.0,0.0,0.26887595653533936,,,
0.0,0.0,0.27413395047187805,,,
0.0,0.0,0.4414873719215393,,,
0.0,0.0,0.45811325311660767,,,
0.0,1.0,0.5820584297180176,,,
1.0,1.0,0.7161762118339539,,,
1.0,1.0,0.7529799938201904,,,
1.0,0.0,0.37255024909973145,,,
1.0,1.0,0.8123888373374939,,,
1.0,1.0,0.9132348299026489,,,
1.0,1.0,0.7456264495849609,,,
0.0,0.0,0.2515442371368408,,,
1.0,1.0,0.5688859820365906,,,
0.0,0.0,0.4908786118030548,,,
1.0,1.0,0.5581380724906921,,,
0.0,0.0,0.43344220519065857,,,
1.0,1.0,0.6372066140174866,,,
1.0,1.0,0.5049311518669128,,,
1.0,1.0,0.699049711227417,,,
0.0,0.0,0.3948557376861572,,,
1.0,1.0,0.9071292877197266,,,
1.0,1.0,0.523314356803894,,,
1.0,0.0,0.4943283498287201,,,
1.0,0.0,0.3625904321670532,,,
1.0,1.0,0.6418359279632568,,,
1.0,0.0,0.33852747082710266,,,
0.0,0.0,0.3436891734600067,,,
0.0,0.0,0.3648928999900818,,,
1.0,0.0,0.32262352108955383,,,
0.0,0.0,0.4746093451976776,,,
0.0,0.0,0.4547172784805298,,,
1.0,1.0,0.8208364844322205,,,
0.0,0.0,0.38387244939804077,,,
1.0,0.0,0.4034491777420044,,,
0.0,0.0,0.2878616452217102,,,
0.0,1.0,0.534508228302002,,,
1.0,0.0,0.4834617078304291,,,
0.0,1.0,0.5549432039260864,,,
1.0,1.0,0.7218405604362488,,,
0.0,0.0,0.19525249302387238,,,
0.0,1.0,0.5804442167282104,,,
1.0,1.0,0.7547982931137085,,,
0.0,0.0,0.3651207983493805,,,
0.0,1.0,0.5080156922340393,,,
0.0,0.0,0.3287752866744995,,,
0.0,0.0,0.25647976994514465,,,
0.0,0.0,0.27326780557632446,,,
0.0,0.0,0.31891220808029175,,,
1.0,1.0,0.6367380023002625,,,
0.0,0.0,0.41921374201774597,,,
0.0,0.0,0.32655054330825806,,,
1.0,1.0,0.7893343567848206,,,
1.0,1.0,0.7466207146644592,,,
0.0,0.0,0.41366246342658997,,,
1.0,1.0,0.6607848405838013,,,
0.0,0.0,0.39242589473724365,,,
1.0,1.0,0.6917961239814758,,,
1.0,1.0,0.6391058564186096,,,
0.0,0.0,0.2684277296066284,,,
1.0,1.0,0.6439580321311951,,,
1.0,1.0,0.6267526745796204,,,
0.0,0.0,0.3069150149822235,,,
1.0,0.0,0.4545093774795532,,,
0.0,0.0,0.20575962960720062,,,
0.0,0.0,0.45031416416168213,,,
0.0,0.0,0.28686535358428955,,,
0.0,0.0,0.2912258505821228,,,
1.0,1.0,0.8388221859931946,,,
1.0,0.0,0.2807336449623108,,,
1.0,1.0,0.6800594925880432,,,
1.0,1.0,0.539279580116272,,,
0.0,0.0,0.316095232963562,,,
1.0,1.0,0.688578188419342,,,
1.0,1.0,0.5010730624198914,,,
0.0,1.0,0.578955352306366,,,
1.0,1.0,0.597145676612854,,,
0.0,0.0,0.36807742714881897,,,
0.0,0.0,0.43009692430496216,,,
1.0,0.0,0.4131506681442261,,,
1.0,0.0,0.4141935706138611,,,
1.0,0.0,0.4224435091018677,,,
0.0,0.0,0.29057037830352783,,,
0.0,0.0,0.36048051714897156,,,
0.0,1.0,0.5039027333259583,,,
0.0,0.0,0.4763110876083374,,,
0.0,1.0,0.6428065299987793,,,
0.0,0.0,0.4563416838645935,,,
0.0,0.0,0.4213658273220062,,,
1.0,1.0,0.5706818103790283,,,
1.0,1.0,0.9439207911491394,,,
0.0,1.0,0.6157163381576538,,,
0.0,0.0,0.4997982084751129,,,
1.0,1.0,0.5379143357276917,,,
0.0,0.0,0.42081624269485474,,,
0.0,0.0,0.2765927314758301,,,
0.0,0.0,0.3449389934539795,,,
1.0,1.0,0.6961068511009216,,,
1.0,1.0,0.7439448833465576,,,
1.0,1.0,0.5693536996841431,,,
0.0,1.0,0.7455558776855469,,,
0.0,0.0,0.3760318160057068,,,
1.0,0.0,0.40689992904663086,,,
1.0,1.0,0.8408612012863159,,,
1.0,1.0,0.5633681416511536,,,
1.0,1.0,0.5207909941673279,,,
1.0,1.0,0.6082624197006226,,,
1.0,1.0,0.8142814636230469,,,
1.0,0.0,0.27495771646499634,,,
1.0,1.0,0.6458687782287598,,,
0.0,0.0,0.47183382511138916,,,
0.0,1.0,0.525783121585846,,,
0.0,0.0,0.40416282415390015,,,
1.0,1.0,0.7001782059669495,,,
0.0,0.0,0.31631842255592346,,,
0.0,0.0,0.29055073857307434,,,
0.0,0.0,0.3698863983154297,,,
0.0,0.0,0.2799111008644104,,,
0.0,0.0,0.26346680521965027,,,
0.0,0.0,0.45848584175109863,,,
1.0,0.0,0.4400067925453186,,,
1.0,0.0,0.35672909021377563,,,
0.0,0.0,0.354145348072052,,,
1.0,1.0,0.5441458821296692,,,
0.0,0.0,0.35522937774658203,,,
1.0,0.0,0.3111911118030548,,,
0.0,0.0,0.3067531883716583,,,
1.0,1.0,0.7710574269294739,,,
0.0,1.0,0.5437252521514893,,,
1.0,0.0,0.26405343413352966,,,
0.0,0.0,0.38754165172576904,,,
1.0,1.0,0.5270213484764099,,,
1.0,1.0,0.8787000179290771,,,
0.0,0.0,0.39242586493492126,,,
0.0,0.0,0.27775508165359497,,,
1.0,0.0,0.37761959433555603,,,
0.0,0.0,0.3365258574485779,,,
1.0,1.0,0.9499262571334839,,,
1.0,0.0,0.36653846502304077,,,
0.0,0.0,0.35155075788497925,,,
0.0,0.0,0.49074703454971313,,,
1.0,1.0,0.5022506713867188,,,
1.0,1.0,0.5969594717025757,,,
1.0,1.0,0.8236022591590881,,,
1.0,1.0,0.8247689008712769,,,
0.0,0.0,0.31472012400627136,,,
0.0,0.0,0.3622656762599945,,,
1.0,0.0,0.3348881006240845,,,
1.0,1.0,0.7935544848442078,,,
0.0,0.0,0.3088144063949585,,,
1.0,1.0,0.6740084886550903,,,
0.0,1.0,0.5514911413192749,,,
1.0,1.0,0.5058633089065552,,,
0.0,0.0,0.390142560005188,,,
0.0,0.0,0.40713998675346375,,,
1.0,1.0,0.7365405559539795,,,
1.0,1.0,0.6676425933837891,,,
1.0,0.0,0.39246463775634766,,,
0.0,0.0,0.4098360538482666,,,
0.0,0.0,0.20445877313613892,,,
1.0,1.0,0.776557207107544,,,
0.0,0.0,0.3815160095691681,,,
0.0,0.0,0.26932868361473083,,,
0.0,0.0,0.3738967180252075,,,
1.0,1.0,0.624222993850708,,,
0.0,0.0,0.1733701527118683,,,
0.0,0.0,0.329071968793869,,,
0.0,0.0,0.2404787242412567,,,
1.0,1.0,0.5832768082618713,,,
1.0,0.0,0.2997712194919586,,,
0.0,0.0,0.33546182513237,,,
1.0,1.0,0.7998446226119995,,,
1.0,1.0,0.7849634885787964,,,
1.0,1.0,0.8210861086845398,,,
0.0,0.0,0.2564629912376404,,,
0.0,0.0,0.2548021078109741,,,
1.0,1.0,0.5132648944854736,,,
0.0,0.0,0.371267706155777,,,
1.0,0.0,0.3750467896461487,,,
0.0,0.0,0.26922211050987244,,,
1.0,1.0,0.8702055811882019,,,
0.0,0.0,0.27327293157577515,,,
0.0,0.0,0.42939475178718567,,,
0.0,0.0,0.35783272981643677,,,
1.0,1.0,0.8727766275405884,,,
1.0,1.0,0.9009655117988586,,,
1.0,1.0,0.6870794296264648,,,
0.0,0.0,0.41508856415748596,,,
1.0,1.0,0.7996835708618164,,,
0.0,0.0,0.3278992474079132,,,
0.0,1.0,0.5140271782875061,,,
0.0,0.0,0.2473645806312561,,,
1.0,1.0,0.6594383120536804,,,
0.0,0.0,0.4729735553264618,,,
0.0,1.0,0.5650982856750488,,,
1.0,1.0,0.7712238430976868,,,
1.0,1.0,0.6688949465751648,,,
0.0,0.0,0.4511725604534149,,,
0.0,0.0,0.3692934811115265,,,
0.0,0.0,0.22720931470394135,,,
0.0,0.0,0.4065595269203186,,,
1.0,0.0,0.46220502257347107,,,
0.0,1.0,0.5277658104896545,,,
0.0,0.0,0.3360261917114258,,,
0.0,1.0,0.5037700533866882,,,
0.0,0.0,0.22548797726631165,,,
1.0,1.0,0.619465708732605,,,
0.0,0.0,0.2776060700416565,,,
1.0,0.0,0.4585736095905304,,,
0.0,0.0,0.38737961649894714,,,
0.0,0.0,0.4134931266307831,,,
1.0,1.0,0.5904820561408997,,,
1.0,0.0,0.39510542154312134,,,
0.0,0.0,0.4031001031398773,,,
0.0,1.0,0.5230969786643982,,,
0.0,1.0,0.5670239329338074,,,
0.0,1.0,0.5192018151283264,,,
1.0,0.0,0.46524471044540405,,,
1.0,0.0,0.37476763129234314,,,
0.0,0.0,0.4240560531616211,,,
1.0,0.0,0.406779944896698,,,
0.0,0.0,0.31320399045944214,,,
0.0,0.0,0.2665322422981262,,,
0.0,1.0,0.6038673520088196,,,
1.0,1.0,0.5034609436988831,,,
0.0,0.0,0.3337833285331726,,,
0.0,0.0,0.2486312985420227,,,
1.0,1.0,0.6887701749801636,,,
1.0,1.0,0.6324945092201233,,,
1.0,1.0,0.856971800327301,,,
1.0,0.0,0.44408512115478516,,,
1.0,1.0,0.9487501382827759,,,
0.0,1.0,0.8174205422401428,,,
0.0,0.0,0.2958163917064667,,,
1.0,1.0,0.942227303981781,,,
1.0,0.0,0.3371564745903015,,,
1.0,1.0,0.5481000542640686,,,
0.0,1.0,0.6885494589805603,,,
0.0,0.0,0.30193787813186646,,,
0.0,0.0,0.22582370042800903,,,
1.0,1.0,0.8283910155296326,,,
0.0,0.0,0.29396700859069824,,,
0.0,0.0,0.3847445249557495,,,
0.0,1.0,0.5031996369361877,,,
0.0,0.0,0.305938184261322,,,
0.0,0.0,0.37674275040626526,,,
0.0,0.0,0.31274574995040894,,,
0.0,1.0,0.5928839445114136,,,
0.0,0.0,0.268818199634552,,,
0.0,0.0,0.2186788022518158,,,
0.0,0.0,0.4220556616783142,,,
1.0,1.0,0.5835576057434082,,,
1.0,0.0,0.4642331302165985,,,
1.0,1.0,0.6295905113220215,,,
0.0,0.0,0.3586694896221161,,,
0.0,0.0,0.34614694118499756,,,
0.0,0.0,0.3114718198776245,,,
0.0,1.0,0.6652419567108154,,,
1.0,1.0,0.7232714891433716,,,
1.0,1.0,0.5510497093200684,,,
1.0,1.0,0.8008962273597717,,,
1.0,0.0,0.3766184449195862,,,
0.0,0.0,0.3895776867866516,,,
1.0,0.0,0.4551057815551758,,,
0.0,0.0,0.41899195313453674,,,
1.0,1.0,0.8445339798927307,,,
1.0,0.0,0.4265787601470947,,,
1.0,1.0,0.6577404141426086,,,
1.0,0.0,0.34744352102279663,,,
0.0,0.0,0.34478673338890076,,,
0.0,0.0,0.28331083059310913,,,
1.0,1.0,0.7923815250396729,,,
1.0,1.0,0.671329915523529,,,
1.0,0.0,0.43790239095687866,,,
1.0,0.0,0.4125344753265381,,,
0.0,0.0,0.4001493752002716,,,
0.0,0.0,0.4722505807876587,,,
0.0,0.0,0.3548775613307953,,,
1.0,0.0,0.32734107971191406,,,
0.0,0.0,0.33906397223472595,,,
0.0,0.0,0.4737505316734314,,,
1.0,0.0,0.42086061835289,,,
1.0,1.0,0.5724213123321533,,,
0.0,0.0,0.3060051202774048,,,
0.0,0.0,0.3257615864276886,,,
0.0,1.0,0.548215925693512,,,
1.0,1.0,0.7362390756607056,,,
0.0,0.0,0.4864998459815979,,,
1.0,1.0,0.7785888910293579,,,
0.0,1.0,0.6303364038467407,,,
0.0,0.0,0.4332273006439209,,,
0.0,0.0,0.2422851324081421,,,
0.0,0.0,0.2889772653579712,,,
1.0,0.0,0.2677103877067566,,,
0.0,0.0,0.2226758897304535,,,
0.0,1.0,0.5038862824440002,,,
0.0,0.0,0.3347381055355072,,,
1.0,1.0,0.6410577297210693,,,
0.0,0.0,0.26540040969848633,,,
0.0,0.0,0.37119343876838684,,,
1.0,1.0,0.6517724990844727,,,
0.0,0.0,0.311651349067688,,,
0.0,1.0,0.699049711227417,,,
1.0,1.0,0.7576294541358948,,,
0.0,0.0,0.31373101472854614,,,
1.0,1.0,0.9453467130661011,,,
0.0,0.0,0.26890164613723755,,,
0.0,0.0,0.3377460241317749,,,
0.0,0.0,0.28061383962631226,,,
0.0,0.0,0.2804173529148102,,,
1.0,0.0,0.3257184624671936,,,
0.0,0.0,0.16933490335941315,,,
1.0,0.0,0.27105915546417236,,,
0.0,0.0,0.40439802408218384,,,
0.0,0.0,0.2910548150539398,,,
0.0,1.0,0.5545721650123596,,,
1.0,1.0,0.7121159434318542,,,
1.0,1.0,0.5392032861709595,,,
1.0,1.0,0.7148913741111755,,,
1.0,1.0,0.546064555644989,,,
0.0,1.0,0.7238974571228027,,,
1.0,1.0,0.9511204957962036,,,
0.0,0.0,0.3301375210285187,,,
1.0,1.0,0.5793070197105408,,,
1.0,0.0,0.39643168449401855,,,
0.0,0.0,0.3111206889152527,,,
1.0,1.0,0.5586747527122498,,,
0.0,0.0,0.4097476005554199,,,
1.0,1.0,0.5702304840087891,,,
0.0,0.0,0.2118116319179535,,,
1.0,1.0,0.7061234712600708,,,
1.0,0.0,0.4596492350101471,,,
1.0,1.0,0.7385684847831726,,,
0.0,0.0,0.3536423146724701,,,
0.0,0.0,0.14458903670310974,,,
1.0,1.0,0.8411033749580383,,,
0.0,0.0,0.36093273758888245,,,
1.0,0.0,0.3268708884716034,,,
1.0,1.0,0.5001364350318909,,,
1.0,1.0,0.6207360029220581,,,
1.0,1.0,0.5675257444381714,,,
1.0,1.0,0.5072584748268127,,,
1.0,0.0,0.3292267620563507,,,
1.0,0.0,0.4284569025039673,,,
0.0,0.0,0.3675372898578644,,,
0.0,1.0,0.7879081964492798,,,
0.0,0.0,0.47588858008384705,,,
0.0,0.0,0.36391502618789673,,,
1.0,0.0,0.49895018339157104,,,
1.0,1.0,0.7846594452857971,,,
0.0,0.0,0.24355047941207886,,,
0.0,0.0,0.3866962790489197,,,
0.0,0.0,0.3108079731464386,,,
1.0,0.0,0.35156574845314026,,,
0.0,1.0,0.5645657181739807,,,
0.0,0.0,0.25428691506385803,,,
1.0,0.0,0.4988285303115845,,,
0.0,0.0,0.2619924545288086,,,
0.0,0.0,0.31968221068382263,,,
0.0,1.0,0.587931752204895,,,
1.0,1.0,0.5883834362030029,,,
0.0,0.0,0.4212780296802521,,,
0.0,0.0,0.3816061019897461,,,
1.0,1.0,0.7692180871963501,,,
1.0,0.0,0.44456174969673157,,,
0.0,0.0,0.2516501843929291,,,
0.0,0.0,0.34362325072288513,,,
0.0,0.0,0.29177549481391907,,,
1.0,0.0,0.40161651372909546,,,
1.0,1.0,0.7987434267997742,,,
0.0,0.0,0.2785007655620575,,,
0.0,0.0,0.34013456106185913,,,
1.0,0.0,0.3506217300891876,,,
0.0,0.0,0.3358891010284424,,,
1.0,0.0,0.4728114902973175,,,
0.0,0.0,0.3957771062850952,,,
0.0,0.0,0.4242163300514221,,,
0.0,0.0,0.428119421005249,,,
1.0,0.0,0.4761335253715515,,,
1.0,0.0,0.34536176919937134,,,
0.0,0.0,0.2602599263191223,,,
0.0,0.0,0.4284898340702057,,,
1.0,1.0,0.700366199016571,,,
1.0,0.0,0.4462893009185791,,,
0.0,0.0,0.3958547115325928,,,
1.0,0.0,0.4737948477268219,,,
1.0,1.0,0.7191905975341797,,,
0.0,0.0,0.23207122087478638,,,
0.0,0.0,0.406213641166687,,,
1.0,1.0,0.8913867473602295,,,
0.0,0.0,0.3943901062011719,,,
0.0,0.0,0.28798797726631165,,,
0.0,0.0,0.25755611062049866,,,
1.0,1.0,0.6587498784065247,,,
0.0,0.0,0.438189297914505,,,
0.0,0.0,0.1798120141029358,,,
1.0,0.0,0.40664342045783997,,,
0.0,0.0,0.46859094500541687,,,
0.0,0.0,0.2671950161457062,,,
0.0,0.0,0.3689470887184143,,,
1.0,0.0,0.43927738070487976,,,
1.0,0.0,0.4912593960762024,,,
0.0,0.0,0.3772934079170227,,,
0.0,0.0,0.34966588020324707,,,
0.0,0.0,0.28973159193992615,,,
0.0,0.0,0.40688103437423706,,,
1.0,1.0,0.7183830738067627,,,
0.0,0.0,0.4278842806816101,,,
1.0,1.0,0.571329653263092,,,
1.0,1.0,0.8907454609870911,,,
1.0,1.0,0.7527921199798584,,,
1.0,1.0,0.7546113133430481,,,
1.0,1.0,0.5427101850509644,,,
0.0,0.0,0.3527107834815979,,,
0.0,0.0,0.395771861076355,,,
1.0,1.0,0.8238598108291626,,,
0.0,1.0,0.52875816822052,,,
0.0,0.0,0.246229887008667,,,
0.0,0.0,0.26304060220718384,,,
0.0,0.0,0.40663379430770874,,,
0.0,0.0,0.3106901943683624,,,
1.0,0.0,0.2875819206237793,,,
1.0,1.0,0.664768636226654,,,
1.0,0.0,0.43485116958618164,,,
0.0,1.0,0.5148473978042603,,,
1.0,1.0,0.6893491148948669,,,
1.0,1.0,0.7563169002532959,,,
1.0,1.0,0.5348771810531616,,,
1.0,0.0,0.45367488265037537,,,
0.0,0.0,0.37589365243911743,,,
1.0,0.0,0.4468865692615509,,,
0.0,0.0,0.24803590774536133,,,
1.0,1.0,0.5065330862998962,,,
1.0,0.0,0.3027009665966034,,,
1.0,1.0,0.7174922823905945,,,
0.0,0.0,0.3903096318244934,,,
1.0,1.0,0.7062686085700989,,,
0.0,0.0,0.33137986063957214,,,
0.0,0.0,0.4737505316734314,,,
1.0,1.0,0.5171407461166382,,,
1.0,1.0,0.7312341332435608,,,
1.0,1.0,0.7933290004730225,,,
0.0,0.0,0.3123825192451477,,,
1.0,1.0,0.5701233744621277,,,
0.0,0.0,0.3394275903701782,,,
0.0,0.0,0.4946995973587036,,,
1.0,1.0,0.5110085606575012,,,
1.0,0.0,0.48370033502578735,,,
1.0,1.0,0.6947590708732605,,,
1.0,1.0,0.7156654596328735,,,
0.0,0.0,0.2920939326286316,,,
0.0,0.0,0.3776371479034424,,,
0.0,1.0,0.6290892958641052,,,
0.0,0.0,0.34191176295280457,,,
0.0,0.0,0.4266935884952545,,,
0.0,0.0,0.30272600054740906,,,
0.0,0.0,0.34694868326187134,,,
0.0,1.0,0.5257605314254761,,,
0.0,0.0,0.33378592133522034,,,
1.0,1.0,0.771019697189331,,,
0.0,0.0,0.3471674919128418,,,
1.0,1.0,0.8231980800628662,,,
1.0,0.0,0.43701910972595215,,,
0.0,1.0,0.5458301305770874,,,
0.0,0.0,0.34955450892448425,,,
0.0,0.0,0.34888240694999695,,,
1.0,0.0,0.481437087059021,,,
0.0,0.0,0.3071762025356293,,,
0.0,0.0,0.21367520093917847,,,
0.0,0.0,0.32846972346305847,,,
0.0,0.0,0.21531037986278534,,,
1.0,1.0,0.9333024024963379,,,
1.0,0.0,0.404440313577652,,,
0.0,0.0,0.45634496212005615,,,
1.0,0.0,0.42984211444854736,,,
1.0,0.0,0.35944148898124695,,,
0.0,0.0,0.36099496483802795,,,
1.0,1.0,0.8950262069702148,,,
0.0,0.0,0.3049894869327545,,,
0.0,0.0,0.33547887206077576,,,
1.0,1.0,0.779397189617157,,,
1.0,1.0,0.630373477935791,,,
0.0,0.0,0.48983749747276306,,,
1.0,1.0,0.7959515452384949,,,
1.0,1.0,0.5338307023048401,,,
0.0,0.0,0.23155438899993896,,,
1.0,0.0,0.3404527008533478,,,
1.0,1.0,0.5970200300216675,,,
0.0,0.0,0.2912575304508209,,,
0.0,0.0,0.32718774676322937,,,
0.0,0.0,0.4572451114654541,,,
0.0,0.0,0.37781473994255066,,,
1.0,0.0,0.4484185576438904,,,
0.0,0.0,0.2008560746908188,,,
0.0,0.0,0.4005773067474365,,,
0.0,0.0,0.3481570780277252,,,
1.0,1.0,0.5973248481750488,,,
0.0,0.0,0.4056221842765808,,,
1.0,0.0,0.4637013077735901,,,
1.0,1.0,0.850715160369873,,,
0.0,1.0,0.5885180234909058,,,
0.0,0.0,0.2620943784713745,,,
1.0,1.0,0.8261754512786865,,,
0.0,0.0,0.4279971122741699,,,
0.0,0.0,0.4098775386810303,,,
0.0,0.0,0.4518291652202606,,,
0.0,0.0,0.3139285147190094,,,
0.0,0.0,0.2508016526699066,,,
0.0,0.0,0.3260851502418518,,,
1.0,1.0,0.8699669241905212,,,
1.0,0.0,0.42715585231781006,,,
0.0,0.0,0.15183737874031067,,,
1.0,0.0,0.407914400100708,,,
0.0,0.0,0.29891830682754517,,,
0.0,0.0,0.3191087543964386,,,
1.0,1.0,0.5672647356987,,,
0.0,0.0,0.2421676218509674,,,
1.0,1.0,0.5777261853218079,,,
1.0,0.0,0.4448389708995819,,,
1.0,0.0,0.3519776165485382,,,
0.0,0.0,0.39873459935188293,,,
1.0,1.0,0.7741167545318604,,,
1.0,0.0,0.30265241861343384,,,
0.0,0.0,0.3216550052165985,,,
0.0,0.0,0.3292267620563507,,,
0.0,0.0,0.4831494092941284,,,
1.0,1.0,0.7517862319946289,,,
0.0,1.0,0.5905375480651855,,,
1.0,1.0,0.6085367202758789,,,
1.0,1.0,0.6284124851226807,,,
1.0,1.0,0.614251434803009,,,
1.0,0.0,0.43480366468429565,,,
0.0,1.0,0.578707218170166,,,
1.0,0.0,0.26997873187065125,,,
0.0,0.0,0.28754690289497375,,,
0.0,0.0,0.446444571018219,,,
1.0,0.0,0.23909667134284973,,,
1.0,1.0,0.5531758069992065,,,
0.0,0.0,0.4079147279262543,,,
1.0,0.0,0.47112056612968445,,,
0.0,1.0,0.524219810962677,,,
0.0,0.0,0.37485596537590027,,,
0.0,0.0,0.399973064661026,,,
0.0,0.0,0.4591121971607208,,,
1.0,0.0,0.22440920770168304,,,
1.0,0.0,0.33875855803489685,,,
0.0,0.0,0.40172278881073,,,
1.0,1.0,0.7455213069915771,,,
0.0,1.0,0.6704865097999573,,,
0.0,0.0,0.35415220260620117,,,
0.0,0.0,0.4221004247665405,,,
0.0,0.0,0.2820550799369812,,,
0.0,1.0,0.5527152419090271,,,
0.0,0.0,0.35204994678497314,,,
1.0,1.0,0.7988085150718689,,,
0.0,0.0,0.36862295866012573,,,
1.0,1.0,0.5631693601608276,,,
1.0,0.0,0.445589154958725,,,
0.0,0.0,0.3702959716320038,,,
0.0,0.0,0.18112418055534363,,,
1.0,0.0,0.3285554349422455,,,
1.0,1.0,0.8972025513648987,,,
1.0,1.0,0.6981573104858398,,,
1.0,1.0,0.7101650238037109,,,
1.0,0.0,0.41949358582496643,,,
1.0,1.0,0.608637809753418,,,
1.0,1.0,0.5263463258743286,,,
0.0,1.0,0.5278990268707275,,,
0.0,0.0,0.2997712194919586,,,
1.0,0.0,0.39338502287864685,,,
1.0,1.0,0.9050713777542114,,,
1.0,0.0,0.2389104962348938,,,
0.0,0.0,0.39158838987350464,,,
0.0,0.0,0.20534390211105347,,,
1.0,1.0,0.6298977732658386,,,
0.0,0.0,0.3941216468811035,,,
0.0,0.0,0.42157265543937683,,,
0.0,0.0,0.3853027820587158,,,
1.0,1.0,0.8214195966720581,,,
0.0,1.0,0.5534728169441223,,,
0.0,0.0,0.35014620423316956,,,
1.0,1.0,0.8797135353088379,,,
0.0,0.0,0.4656723141670227,,,
1.0,0.0,0.4140844941139221,,,
1.0,1.0,0.6791670322418213,,,
1.0,1.0,0.5169873237609863,,,
0.0,0.0,0.4331352412700653,,,
0.0,0.0,0.352834552526474,,,
0.0,0.0,0.3683435022830963,,,
0.0,0.0,0.33658817410469055,,,
0.0,1.0,0.7695313096046448,,,
0.0,0.0,0.3415340483188629,,,
1.0,1.0,0.5408424139022827,,,
0.0,0.0,0.4360431134700775,,,
1.0,1.0,0.7795162200927734,,,
1.0,1.0,0.6769849061965942,,,
0.0,0.0,0.22747373580932617,,,
1.0,1.0,0.633685290813446,,,
0.0,0.0,0.3604423999786377,,,
0.0,0.0,0.4028560519218445,,,
0.0,0.0,0.36402571201324463,,,
1.0,1.0,0.7787407636642456,,,
1.0,1.0,0.6520596146583557,,,
0.0,0.0,0.3609890341758728,,,
1.0,1.0,0.8550446629524231,,,
0.0,0.0,0.38019800186157227,,,
0.0,0.0,0.28477299213409424,,,
0.0,0.0,0.3601846992969513,,,
1.0,1.0,0.7178799510002136,,,
0.0,0.0,0.38406485319137573,,,
1.0,1.0,0.6127750277519226,,,
0.0,0.0,0.35781916975975037,,,
1.0,0.0,0.4070700407028198,,,
0.0,0.0,0.17776037752628326,,,
0.0,0.0,0.344338595867157,,,
1.0,1.0,0.7539969086647034,,,
1.0,0.0,0.38634347915649414,,,
0.0,0.0,0.24517317116260529,,,
0.0,0.0,0.44131141901016235,,,
0.0,0.0,0.27893921732902527,,,
0.0,0.0,0.36134371161460876,,,
1.0,1.0,0.598406195640564,,,
1.0,1.0,0.7188544869422913,,,
0.0,0.0,0.32412320375442505,,,
1.0,0.0,0.4426085650920868,,,
0.0,0.0,0.2426515817642212,,,
1.0,1.0,0.8017605543136597,,,
0.0,0.0,0.4269863963127136,,,
0.0,0.0,0.45627447962760925,,,
0.0,0.0,0.2945858836174011,,,
1.0,1.0,0.8856837153434753,,,
0.0,0.0,0.3656432032585144,,,
0.0,0.0,0.2511555552482605,,,
1.0,0.0,0.1762952208518982,,,
1.0,1.0,0.5644186735153198,,,
0.0,0.0,0.47838351130485535,,,
1.0,0.0,0.35634782910346985,,,
0.0,0.0,0.34365636110305786,,,
0.0,0.0,0.25745028257369995,,,
0.0,0.0,0.19291174411773682,,,
1.0,1.0,0.7651928067207336,,,
0.0,0.0,0.4324090778827667,,,
1.0,0.0,0.4406854510307312,,,
0.0,0.0,0.14855968952178955,,,
0.0,0.0,0.49383509159088135,,,
0.0,0.0,0.3332669138908386,,,
0.0,0.0,0.3452392518520355,,,
1.0,1.0,0.746813178062439,,,
1.0,1.0,0.5725952982902527,,,
1.0,1.0,0.5019343495368958,,,
1.0,1.0,0.6529363989830017,,,
1.0,1.0,0.744664192199707,,,
0.0,0.0,0.3948557376861572,,,
1.0,1.0,0.583339273929596,,,
0.0,0.0,0.33622801303863525,,,
1.0,1.0,0.7239139676094055,,,
0.0,1.0,0.6844384670257568,,,
0.0,0.0,0.28403785824775696,,,
0.0,0.0,0.3213326632976532,,,
1.0,1.0,0.7533159852027893,,,
1.0,1.0,0.772676408290863,,,
1.0,0.0,0.37436848878860474,,,
0.0,0.0,0.30679675936698914,,,
0.0,0.0,0.22747373580932617,,,
0.0,0.0,0.36316630244255066,,,
1.0,1.0,0.8457233309745789,,,
1.0,1.0,0.7026076912879944,,,
1.0,1.0,0.6254914402961731,,,
1.0,1.0,0.917061448097229,,,
0.0,0.0,0.3139805495738983,,,
1.0,1.0,0.8766419887542725,,,
0.0,1.0,0.5296298861503601,,,
0.0,0.0,0.47888317704200745,,,
0.0,1.0,0.650117039680481,,,
1.0,1.0,0.8422766327857971,,,
0.0,0.0,0.32670876383781433,,,
0.0,0.0,0.3398665487766266,,,
1.0,1.0,0.6077737212181091,,,
0.0,0.0,0.34843096137046814,,,
1.0,0.0,0.3394790589809418,,,
0.0,0.0,0.30344638228416443,,,
1.0,1.0,0.5926072597503662,,,
1.0,1.0,0.8150168061256409,,,
0.0,0.0,0.30339181423187256,,,
0.0,1.0,0.5911308526992798,,,
1.0,0.0,0.37877264618873596,,,
0.0,0.0,0.46495023369789124,,,
1.0,1.0,0.8246960639953613,,,
1.0,1.0,0.6800456643104553,,,
1.0,1.0,0.7901475429534912,,,
0.0,0.0,0.30098024010658264,,,
0.0,0.0,0.3172864615917206,,,
1.0,0.0,0.41624507308006287,,,
1.0,1.0,0.9065704345703125,,,
0.0,0.0,0.3425501585006714,,,
0.0,0.0,0.3177364766597748,,,
0.0,0.0,0.27174875140190125,,,
0.0,0.0,0.4735853672027588,,,
1.0,1.0,0.5285303592681885,,,
1.0,1.0,0.5720586776733398,,,
0.0,0.0,0.38945990800857544,,,
0.0,0.0,0.41737523674964905,,,
0.0,0.0,0.4622563123703003,,,
0.0,0.0,0.381546288728714,,,
0.0,0.0,0.4491334855556488,,,
0.0,0.0,0.41408923268318176,,,
1.0,1.0,0.5800710916519165,,,
0.0,0.0,0.27326712012290955,,,
1.0,0.0,0.3722836673259735,,,
0.0,1.0,0.5070027112960815,,,
0.0,0.0,0.39877232909202576,,,
1.0,0.0,0.48156434297561646,,,
1.0,1.0,0.8793953061103821,,,
1.0,1.0,0.8234432339668274,,,
0.0,0.0,0.3299127519130707,,,
0.0,0.0,0.3292267620563507,,,
0.0,1.0,0.5230969786643982,,,
1.0,1.0,0.7822808027267456,,,
1.0,1.0,0.7726030349731445,,,
1.0,0.0,0.3658517599105835,,,
0.0,0.0,0.25508809089660645,,,
1.0,1.0,0.914064347743988,,,
1.0,1.0,0.6112046837806702,,,
1.0,0.0,0.4673979580402374,,,
1.0,1.0,0.6221979856491089,,,
1.0,0.0,0.45999184250831604,,,
1.0,0.0,0.47343653440475464,,,
0.0,0.0,0.228319451212883,,,
1.0,1.0,0.5671637058258057,,,
1.0,1.0,0.8337719440460205,,,
1.0,1.0,0.8743685483932495,,,
1.0,0.0,0.2951135039329529,,,
0.0,0.0,0.32718774676322937,,,
0.0,0.0,0.3182696998119354,,,
0.0,0.0,0.31838858127593994,,,
1.0,1.0,0.8505085706710815,,,
1.0,1.0,0.5839064717292786,,,
1.0,1.0,0.6721242666244507,,,
1.0,0.0,0.49527645111083984,,,
1.0,1.0,0.7450279593467712,,,
0.0,0.0,0.2713182866573334,,,
1.0,1.0,0.8144908547401428,,,
0.0,0.0,0.3385430574417114,,,
1.0,1.0,0.8729463219642639,,,
0.0,0.0,0.3445414900779724,,,
1.0,0.0,0.4328421950340271,,,
0.0,0.0,0.40191295742988586,,,
0.0,0.0,0.3545266091823578,,,
1.0,0.0,0.44340673089027405,,,
1.0,0.0,0.36293330788612366,,,
1.0,0.0,0.272472620010376,,,
1.0,1.0,0.9454270601272583,,,
0.0,0.0,0.4064387381076813,,,
1.0,0.0,0.42692360281944275,,,
0.0,0.0,0.3805776834487915,,,
0.0,0.0,0.3514965772628784,,,
1.0,0.0,0.46178993582725525,,,
0.0,0.0,0.26382049918174744,,,
1.0,1.0,0.7025183439254761,,,
0.0,0.0,0.31162506341934204,,,
0.0,0.0,0.19098049402236938,,,
0.0,0.0,0.4424406886100769,,,
0.0,0.0,0.2510596215724945,,,
0.0,0.0,0.4349665343761444,,,
0.0,0.0,0.4844719171524048,,,
0.0,0.0,0.3868391215801239,,,
0.0,0.0,0.3684963881969452,,,
1.0,0.0,0.4026566743850708,,,
1.0,1.0,0.6448925733566284,,,
0.0,0.0,0.30862078070640564,,,
1.0,1.0,0.7087602615356445,,,
0.0,1.0,0.6378509998321533,,,
1.0,1.0,0.7923154234886169,,,
0.0,0.0,0.46786218881607056,,,
0.0,0.0,0.4471774101257324,,,
1.0,1.0,0.5529921650886536,,,
1.0,1.0,0.8217403292655945,,,
1.0,1.0,0.7148913741111755,,,
1.0,0.0,0.4031789004802704,,,
0.0,0.0,0.34688374400138855,,,
0.0,0.0,0.427262544631958,,,
1.0,0.0,0.4667503833770752,,,
1.0,1.0,0.6924701929092407,,,
0.0,0.0,0.4814355969429016,,,
0.0,0.0,0.4563363194465637,,,
1.0,1.0,0.7626606225967407,,,
1.0,1.0,0.6737402081489563,,,
0.0,0.0,0.4010928273200989,,,
0.0,0.0,0.35177046060562134,,,
0.0,0.0,0.4090535640716553,,,
0.0,0.0,0.17727075517177582,,,
0.0,0.0,0.3030794560909271,,,
0.0,1.0,0.509766697883606,,,
1.0,1.0,0.7231810688972473,,,
0.0,0.0,0.3084864318370819,,,
1.0,0.0,0.32762882113456726,,,
1.0,1.0,0.7723697423934937,,,
0.0,0.0,0.1487324982881546,,,
0.0,0.0,0.23102405667304993,,,
0.0,0.0,0.1798120141029358,,,
0.0,0.0,0.3503667414188385,,,
