tr_y,tr_pred,tr_proba,te_y,te_pred,te_proba
1.0,1.0,0.8999889492988586,0.0,0.0,0.33692288398742676
0.0,0.0,0.45862334966659546,1.0,0.0,0.35549408197402954
0.0,1.0,0.593919038772583,0.0,0.0,0.364106684923172
1.0,1.0,0.7157601118087769,0.0,0.0,0.27403661608695984
1.0,1.0,0.5552253127098083,0.0,0.0,0.25047242641448975
0.0,0.0,0.36504897475242615,0.0,0.0,0.29782626032829285
0.0,0.0,0.48319992423057556,1.0,0.0,0.480966180562973
1.0,1.0,0.5554677844047546,0.0,0.0,0.16512706875801086
1.0,1.0,0.5459930896759033,1.0,1.0,0.851024866104126
1.0,0.0,0.3430263102054596,1.0,0.0,0.4276399314403534
1.0,1.0,0.5310637354850769,0.0,0.0,0.40436986088752747
0.0,0.0,0.2980910539627075,0.0,0.0,0.24986393749713898
0.0,0.0,0.421188622713089,1.0,1.0,0.7447096109390259
0.0,0.0,0.2457493245601654,1.0,1.0,0.9085165858268738
0.0,0.0,0.39433714747428894,1.0,0.0,0.4402986168861389
0.0,0.0,0.3901717960834503,0.0,1.0,0.6271641850471497
0.0,0.0,0.22630761563777924,1.0,1.0,0.7918701171875
1.0,0.0,0.3701765537261963,1.0,1.0,0.7148275375366211
0.0,0.0,0.3617914021015167,1.0,1.0,0.7709532380104065
1.0,1.0,0.5422284007072449,1.0,0.0,0.46898573637008667
0.0,0.0,0.395184189081192,0.0,1.0,0.6770121455192566
1.0,1.0,0.580429196357727,0.0,0.0,0.3147176504135132
0.0,0.0,0.4360605776309967,1.0,1.0,0.7358875870704651
0.0,0.0,0.35555681586265564,1.0,1.0,0.7287113666534424
0.0,1.0,0.516142725944519,0.0,0.0,0.43714791536331177
1.0,0.0,0.3353794813156128,1.0,0.0,0.46721556782722473
1.0,1.0,0.7695446610450745,0.0,0.0,0.41786640882492065
0.0,0.0,0.3741467595100403,1.0,0.0,0.45530515909194946
0.0,0.0,0.31291502714157104,1.0,1.0,0.8960794806480408
0.0,0.0,0.31880682706832886,0.0,0.0,0.3152099549770355
0.0,0.0,0.4613155424594879,0.0,0.0,0.4470806419849396
1.0,1.0,0.6726961731910706,0.0,0.0,0.31055378913879395
0.0,0.0,0.35767629742622375,1.0,1.0,0.5018265247344971
1.0,1.0,0.7664815187454224,1.0,1.0,0.6154397130012512
1.0,0.0,0.37047815322875977,1.0,1.0,0.5627912282943726
1.0,1.0,0.7668007612228394,1.0,1.0,0.8237976431846619
0.0,0.0,0.4253883361816406,1.0,0.0,0.44128328561782837
0.0,0.0,0.3700202703475952,0.0,0.0,0.32936763763427734
0.0,1.0,0.5169652104377747,0.0,0.0,0.27156487107276917
1.0,1.0,0.6423106789588928,1.0,0.0,0.20433251559734344
0.0,1.0,0.5253632664680481,1.0,0.0,0.37882718443870544
1.0,0.0,0.4411011338233948,0.0,1.0,0.544098973274231
1.0,1.0,0.7165182828903198,1.0,1.0,0.6415227651596069
0.0,0.0,0.3996981680393219,0.0,0.0,0.3275607228279114
0.0,1.0,0.5639119148254395,1.0,1.0,0.611757218837738
0.0,0.0,0.3540360927581787,1.0,1.0,0.760254979133606
1.0,1.0,0.6548775434494019,1.0,0.0,0.30985400080680847
0.0,0.0,0.34575557708740234,1.0,0.0,0.3894560635089874
1.0,1.0,0.5998677015304565,1.0,0.0,0.388075590133667
0.0,0.0,0.3701467514038086,0.0,0.0,0.4404204785823822
0.0,0.0,0.3516295552253723,0.0,0.0,0.4691525995731354
0.0,1.0,0.5760568380355835,1.0,0.0,0.4374939203262329
0.0,1.0,0.569108784198761,1.0,0.0,0.390720933675766
0.0,0.0,0.31160587072372437,0.0,0.0,0.3843073844909668
1.0,1.0,0.7979182004928589,0.0,0.0,0.34906789660453796
1.0,0.0,0.3337256610393524,1.0,1.0,0.6398422718048096
1.0,0.0,0.2409537434577942,0.0,0.0,0.4110681116580963
1.0,1.0,0.6528305411338806,1.0,1.0,0.6419025659561157
1.0,0.0,0.39079439640045166,0.0,0.0,0.36027824878692627
1.0,1.0,0.6020079255104065,0.0,0.0,0.4061339795589447
0.0,1.0,0.5119554400444031,0.0,0.0,0.3766835629940033
1.0,0.0,0.3965550363063812,1.0,1.0,0.551600992679596
1.0,1.0,0.8852999806404114,0.0,0.0,0.4564586877822876
1.0,1.0,0.5343971252441406,0.0,0.0,0.3535133898258209
1.0,1.0,0.9076878428459167,0.0,0.0,0.38381579518318176
1.0,1.0,0.6690521240234375,0.0,0.0,0.4877192974090576
1.0,1.0,0.6064885854721069,0.0,0.0,0.4131459891796112
0.0,0.0,0.32886505126953125,1.0,0.0,0.28172627091407776
0.0,0.0,0.3111799359321594,1.0,1.0,0.76678067445755
1.0,1.0,0.6093478798866272,0.0,0.0,0.3323766887187958
1.0,1.0,0.7640650272369385,1.0,1.0,0.8764806389808655
0.0,0.0,0.47399386763572693,0.0,0.0,0.2899228036403656
1.0,1.0,0.8081998229026794,0.0,0.0,0.3076811134815216
0.0,1.0,0.6103041768074036,1.0,1.0,0.6991965174674988
0.0,0.0,0.2917643189430237,0.0,0.0,0.31119993329048157
1.0,0.0,0.378088116645813,0.0,1.0,0.5329664945602417
1.0,1.0,0.6548872590065002,0.0,0.0,0.3915182650089264
1.0,1.0,0.6820945739746094,1.0,0.0,0.4836675524711609
1.0,1.0,0.8055410981178284,1.0,0.0,0.2510005235671997
1.0,0.0,0.42570677399635315,0.0,0.0,0.40721142292022705
1.0,1.0,0.7287758588790894,0.0,0.0,0.36354193091392517
1.0,1.0,0.7215592265129089,0.0,0.0,0.36622846126556396
1.0,1.0,0.6361572742462158,0.0,0.0,0.44527506828308105
1.0,1.0,0.5531538724899292,0.0,1.0,0.6116235256195068
1.0,1.0,0.5901092886924744,0.0,0.0,0.39829015731811523
0.0,1.0,0.516560971736908,0.0,0.0,0.4165748953819275
1.0,0.0,0.36579883098602295,1.0,0.0,0.3959481120109558
0.0,0.0,0.2456563115119934,1.0,0.0,0.3374581038951874
0.0,0.0,0.35038459300994873,1.0,0.0,0.49036911129951477
0.0,0.0,0.4058506488800049,1.0,0.0,0.16014045476913452
1.0,1.0,0.6126629710197449,1.0,0.0,0.4470548927783966
0.0,0.0,0.2105741947889328,1.0,0.0,0.3541586101055145
0.0,0.0,0.35239171981811523,0.0,0.0,0.23107106983661652
1.0,1.0,0.7406389117240906,1.0,0.0,0.43085259199142456
0.0,0.0,0.3968055844306946,0.0,0.0,0.43342113494873047
1.0,0.0,0.36458513140678406,1.0,0.0,0.28045934438705444
1.0,0.0,0.3119478225708008,0.0,0.0,0.4102832078933716
0.0,0.0,0.42855966091156006,1.0,0.0,0.3864896595478058
1.0,0.0,0.34771040081977844,0.0,0.0,0.31244954466819763
1.0,0.0,0.42301687598228455,0.0,0.0,0.4081335961818695
1.0,1.0,0.7586090564727783,1.0,1.0,0.9089398980140686
0.0,1.0,0.5076344609260559,1.0,0.0,0.47036415338516235
0.0,0.0,0.34155866503715515,1.0,1.0,0.7504934072494507
1.0,1.0,0.6964902877807617,1.0,0.0,0.4522665739059448
1.0,1.0,0.5966290235519409,0.0,0.0,0.1810632199048996
0.0,0.0,0.2927442193031311,1.0,1.0,0.7189328670501709
1.0,0.0,0.41825684905052185,1.0,0.0,0.3855641484260559
1.0,1.0,0.9033039212226868,1.0,0.0,0.20128343999385834
1.0,1.0,0.5442057251930237,0.0,1.0,0.6292333602905273
0.0,0.0,0.3870517313480377,1.0,1.0,0.5087051391601562
1.0,1.0,0.7705676555633545,0.0,0.0,0.3982754945755005
0.0,1.0,0.5850698947906494,1.0,1.0,0.6252179145812988
0.0,1.0,0.5059785842895508,1.0,1.0,0.5414131879806519
0.0,0.0,0.15763579308986664,0.0,1.0,0.5067291259765625
0.0,0.0,0.12874425947666168,1.0,1.0,0.6950021386146545
0.0,0.0,0.4098699390888214,0.0,0.0,0.2557999789714813
1.0,1.0,0.672502875328064,1.0,0.0,0.35239362716674805
0.0,0.0,0.2426578402519226,1.0,1.0,0.6216077208518982
0.0,0.0,0.30783647298812866,0.0,0.0,0.3042294681072235
0.0,0.0,0.456081360578537,0.0,0.0,0.37443819642066956
0.0,0.0,0.23726707696914673,0.0,1.0,0.5162750482559204
1.0,0.0,0.49014967679977417,0.0,0.0,0.38801148533821106
0.0,1.0,0.5688823461532593,0.0,0.0,0.34685567021369934
0.0,0.0,0.3279566466808319,1.0,1.0,0.5052497386932373
0.0,0.0,0.22630761563777924,0.0,0.0,0.37559130787849426
0.0,0.0,0.26245200634002686,0.0,0.0,0.4344269037246704
1.0,0.0,0.4956178069114685,1.0,0.0,0.2651674449443817
1.0,0.0,0.3070092797279358,0.0,0.0,0.2540402412414551
1.0,1.0,0.5169731974601746,0.0,1.0,0.6144735813140869
1.0,0.0,0.3995289206504822,1.0,0.0,0.3866720199584961
1.0,1.0,0.6831245422363281,1.0,0.0,0.38558679819107056
0.0,0.0,0.40285640954971313,0.0,1.0,0.5662462115287781
1.0,1.0,0.5908523201942444,1.0,0.0,0.46043717861175537
1.0,0.0,0.33554428815841675,1.0,1.0,0.6526044011116028
1.0,1.0,0.9051247835159302,0.0,0.0,0.41253504157066345
1.0,1.0,0.5213773846626282,0.0,0.0,0.3737010061740875
0.0,0.0,0.34122079610824585,0.0,0.0,0.2826803922653198
1.0,0.0,0.41010582447052,0.0,0.0,0.2080320566892624
1.0,1.0,0.6437574028968811,0.0,1.0,0.6219713091850281
1.0,1.0,0.5194818377494812,0.0,0.0,0.197856605052948
1.0,1.0,0.599805474281311,0.0,0.0,0.29041406512260437
1.0,1.0,0.8656327724456787,0.0,0.0,0.32967689633369446
1.0,1.0,0.8877643942832947,1.0,1.0,0.8558700084686279
1.0,0.0,0.33227285742759705,1.0,1.0,0.723824143409729
1.0,1.0,0.7256009578704834,1.0,1.0,0.6406826972961426
1.0,1.0,0.7657758593559265,0.0,0.0,0.26748955249786377
1.0,1.0,0.550639808177948,1.0,0.0,0.49034979939460754
0.0,1.0,0.53873211145401,1.0,0.0,0.3042612373828888
1.0,0.0,0.42694124579429626,1.0,1.0,0.843742847442627
0.0,0.0,0.2739154100418091,0.0,0.0,0.3112598657608032
0.0,0.0,0.3541076183319092,0.0,0.0,0.3048742711544037
0.0,0.0,0.3749457597732544,0.0,0.0,0.2944244146347046
0.0,0.0,0.17898501455783844,0.0,0.0,0.3265882432460785
0.0,1.0,0.6303805708885193,1.0,0.0,0.47582778334617615
0.0,0.0,0.42623627185821533,0.0,0.0,0.14857295155525208
0.0,0.0,0.2788212299346924,0.0,0.0,0.44980230927467346
0.0,0.0,0.3454707860946655,0.0,0.0,0.26676687598228455
0.0,0.0,0.3530087471008301,0.0,1.0,0.5475215911865234
0.0,0.0,0.37359723448753357,0.0,1.0,0.6733986735343933
1.0,0.0,0.40551045536994934,1.0,1.0,0.6745559573173523
1.0,1.0,0.8140203356742859,0.0,1.0,0.699353814125061
1.0,1.0,0.5905835032463074,0.0,0.0,0.4455995261669159
0.0,0.0,0.35668879747390747,1.0,1.0,0.685440719127655
1.0,1.0,0.6086376309394836,0.0,0.0,0.2105741947889328
0.0,0.0,0.24832384288311005,0.0,0.0,0.46386927366256714
0.0,0.0,0.3206303119659424,0.0,0.0,0.21788828074932098
1.0,0.0,0.4304024875164032,0.0,0.0,0.32347920536994934
0.0,0.0,0.300339013338089,1.0,0.0,0.39987286925315857
0.0,0.0,0.2605236768722534,0.0,0.0,0.3110884726047516
0.0,0.0,0.38613176345825195,0.0,1.0,0.5222824811935425
0.0,0.0,0.3923695385456085,1.0,1.0,0.730818510055542
0.0,0.0,0.37798434495925903,1.0,1.0,0.8359395861625671
0.0,0.0,0.3727145493030548,1.0,1.0,0.8134626150131226
0.0,0.0,0.3194619119167328,1.0,1.0,0.6696505546569824
0.0,0.0,0.25286003947257996,1.0,1.0,0.6655824184417725
1.0,1.0,0.6446413397789001,1.0,1.0,0.6684517860412598
1.0,1.0,0.8764806389808655,0.0,0.0,0.2848460078239441
1.0,0.0,0.4271048903465271,1.0,0.0,0.3255503177642822
1.0,1.0,0.6373199224472046,0.0,0.0,0.39501798152923584
1.0,1.0,0.5569546222686768,1.0,1.0,0.5609110593795776
1.0,1.0,0.6000849008560181,0.0,0.0,0.42027008533477783
0.0,0.0,0.39395174384117126,0.0,0.0,0.44375622272491455
1.0,1.0,0.8098681569099426,1.0,1.0,0.6146796345710754
0.0,0.0,0.09628885239362717,0.0,0.0,0.37080082297325134
0.0,0.0,0.40026360750198364,0.0,0.0,0.26687636971473694
1.0,0.0,0.45018208026885986,1.0,0.0,0.4519989490509033
1.0,1.0,0.7788295745849609,0.0,0.0,0.31979238986968994
1.0,1.0,0.6729937195777893,0.0,1.0,0.5501077175140381
0.0,0.0,0.43066728115081787,1.0,1.0,0.7733993530273438
1.0,1.0,0.7730309367179871,1.0,0.0,0.4116930365562439
0.0,0.0,0.33378270268440247,1.0,0.0,0.47722840309143066
1.0,0.0,0.4366001486778259,1.0,1.0,0.7068742513656616
1.0,0.0,0.3232010304927826,0.0,0.0,0.30536559224128723
1.0,1.0,0.5407965183258057,1.0,1.0,0.5163120627403259
0.0,0.0,0.4960477650165558,1.0,0.0,0.4803227484226227
0.0,0.0,0.2726024091243744,1.0,1.0,0.7804179787635803
0.0,0.0,0.3455963134765625,1.0,1.0,0.5757580399513245
1.0,1.0,0.8769022226333618,0.0,0.0,0.4091067612171173
1.0,1.0,0.7092189192771912,0.0,0.0,0.3561651408672333
0.0,0.0,0.2917933166027069,0.0,1.0,0.5034046173095703
1.0,0.0,0.43661192059516907,1.0,0.0,0.4774395525455475
1.0,0.0,0.38890090584754944,1.0,0.0,0.4367867708206177
1.0,1.0,0.9406902194023132,1.0,0.0,0.20107437670230865
1.0,0.0,0.40705883502960205,1.0,0.0,0.3896844685077667
1.0,0.0,0.49036911129951477,1.0,1.0,0.5034408569335938
1.0,1.0,0.6033540964126587,1.0,1.0,0.7555966973304749
1.0,0.0,0.3214738368988037,0.0,1.0,0.5716159343719482
0.0,0.0,0.3057192265987396,1.0,1.0,0.7363100051879883
1.0,1.0,0.7803804874420166,1.0,1.0,0.6735210418701172
0.0,0.0,0.431353896856308,0.0,1.0,0.7358524203300476
0.0,0.0,0.1539795696735382,0.0,0.0,0.3562202751636505
1.0,1.0,0.5882661938667297,0.0,0.0,0.3959597647190094
1.0,1.0,0.8150309324264526,0.0,0.0,0.3419019877910614
1.0,0.0,0.3672974407672882,1.0,1.0,0.6907050013542175
0.0,0.0,0.4324715733528137,0.0,0.0,0.2666899859905243
1.0,1.0,0.7121719717979431,1.0,0.0,0.370771586894989
1.0,0.0,0.42658668756484985,0.0,0.0,0.33587345480918884
0.0,0.0,0.4094172716140747,1.0,1.0,0.6816309690475464
0.0,0.0,0.4456378221511841,0.0,0.0,0.2529197931289673
1.0,1.0,0.6790884137153625,0.0,0.0,0.4503873586654663
1.0,1.0,0.811269223690033,1.0,1.0,0.802453339099884
1.0,1.0,0.6126629710197449,1.0,1.0,0.8899227976799011
0.0,0.0,0.3456721305847168,1.0,0.0,0.48107418417930603
1.0,1.0,0.7165808081626892,0.0,0.0,0.31485986709594727
1.0,1.0,0.6536567211151123,0.0,1.0,0.5270341038703918
1.0,1.0,0.609470784664154,0.0,0.0,0.4411908984184265
0.0,0.0,0.3640957772731781,1.0,1.0,0.7030236721038818
1.0,0.0,0.32505398988723755,1.0,1.0,0.5260388255119324
0.0,0.0,0.18779894709587097,0.0,0.0,0.39538803696632385
1.0,1.0,0.5998689532279968,0.0,0.0,0.49474024772644043
0.0,0.0,0.23107106983661652,0.0,0.0,0.3368363678455353
1.0,1.0,0.6640062928199768,0.0,1.0,0.522239089012146
0.0,0.0,0.22630761563777924,1.0,1.0,0.541935920715332
1.0,1.0,0.5121102929115295,1.0,1.0,0.6068161725997925
1.0,0.0,0.4762946367263794,1.0,1.0,0.6980976462364197
0.0,0.0,0.45341071486473083,0.0,0.0,0.33940422534942627
1.0,0.0,0.4276082217693329,1.0,0.0,0.402070552110672
1.0,1.0,0.6704958081245422,1.0,0.0,0.3640618622303009
1.0,1.0,0.604483425617218,1.0,1.0,0.8280021548271179
0.0,0.0,0.35787415504455566,1.0,1.0,0.798130214214325
1.0,1.0,0.6832887530326843,1.0,1.0,0.6728700399398804
0.0,0.0,0.18670479953289032,1.0,1.0,0.5552067160606384
1.0,1.0,0.527514636516571,1.0,1.0,0.7006579041481018
1.0,1.0,0.7903811931610107,0.0,0.0,0.4064769446849823
1.0,1.0,0.5823851227760315,1.0,0.0,0.3480387330055237
0.0,0.0,0.3160533010959625,0.0,0.0,0.3053673207759857
0.0,1.0,0.5784476399421692,0.0,0.0,0.3585303723812103
0.0,0.0,0.3316739797592163,0.0,0.0,0.3926497995853424
0.0,0.0,0.301857054233551,1.0,1.0,0.6756987571716309
0.0,0.0,0.408005952835083,0.0,0.0,0.38991570472717285
0.0,0.0,0.32997557520866394,1.0,0.0,0.4987381398677826
0.0,0.0,0.39442962408065796,0.0,0.0,0.20854347944259644
0.0,0.0,0.2927229702472687,1.0,0.0,0.4482526481151581
1.0,1.0,0.8756946921348572,1.0,1.0,0.548313319683075
0.0,1.0,0.513103723526001,1.0,1.0,0.8471136093139648
1.0,0.0,0.4321430027484894,0.0,1.0,0.5373231768608093
0.0,0.0,0.44797492027282715,0.0,0.0,0.4955090880393982
0.0,0.0,0.32165274024009705,1.0,1.0,0.6078689098358154
0.0,0.0,0.16617707908153534,0.0,0.0,0.265366792678833
0.0,0.0,0.1925976425409317,0.0,1.0,0.6479269862174988
1.0,1.0,0.7941425442695618,1.0,1.0,0.715203046798706
0.0,1.0,0.5338088274002075,1.0,1.0,0.599805474281311
0.0,0.0,0.22466810047626495,1.0,0.0,0.32904180884361267
0.0,1.0,0.5026120543479919,0.0,0.0,0.333543062210083
0.0,0.0,0.3384370505809784,1.0,1.0,0.6272269487380981
0.0,1.0,0.5323033332824707,1.0,0.0,0.49036911129951477
0.0,0.0,0.30106642842292786,0.0,0.0,0.3992246687412262
1.0,1.0,0.5172987580299377,0.0,0.0,0.3440537750720978
1.0,0.0,0.24808968603610992,0.0,0.0,0.31463462114334106
1.0,1.0,0.5010457634925842,0.0,0.0,0.4232226312160492
0.0,0.0,0.28454214334487915,1.0,1.0,0.5219890475273132
0.0,0.0,0.3382384777069092,0.0,0.0,0.36103394627571106
1.0,0.0,0.35154861211776733,0.0,0.0,0.3427574038505554
0.0,0.0,0.28250476717948914,0.0,0.0,0.3490716516971588
0.0,0.0,0.40414297580718994,0.0,0.0,0.4366805851459503
1.0,1.0,0.8133499026298523,1.0,0.0,0.4613916575908661
0.0,0.0,0.39665403962135315,0.0,0.0,0.32044169306755066
0.0,1.0,0.5059283971786499,0.0,0.0,0.43810397386550903
1.0,1.0,0.7480937838554382,1.0,0.0,0.4220438599586487
1.0,0.0,0.4126887917518616,1.0,1.0,0.827315092086792
0.0,0.0,0.3572734594345093,0.0,1.0,0.6304006576538086
1.0,0.0,0.38677048683166504,1.0,0.0,0.33859536051750183
0.0,0.0,0.3453298509120941,0.0,0.0,0.27425429224967957
1.0,0.0,0.36087504029273987,0.0,1.0,0.530150294303894
0.0,0.0,0.2481168955564499,1.0,1.0,0.644439160823822
1.0,0.0,0.3047102093696594,1.0,0.0,0.3454241156578064
1.0,1.0,0.7265083193778992,1.0,0.0,0.32201045751571655
1.0,0.0,0.43938809633255005,1.0,1.0,0.6448184251785278
1.0,0.0,0.33217713236808777,1.0,1.0,0.659762442111969
1.0,1.0,0.5979233980178833,0.0,0.0,0.3739190101623535
1.0,1.0,0.626848042011261,0.0,0.0,0.2781350910663605
1.0,0.0,0.49709269404411316,1.0,1.0,0.5576246380805969
1.0,1.0,0.6322217583656311,1.0,0.0,0.3344447612762451
0.0,0.0,0.43752968311309814,0.0,0.0,0.38502538204193115
0.0,0.0,0.42910560965538025,0.0,0.0,0.414646714925766
0.0,0.0,0.38886237144470215,1.0,1.0,0.6738554239273071
0.0,0.0,0.4025368094444275,1.0,1.0,0.5634616613388062
1.0,0.0,0.3073103129863739,1.0,0.0,0.3579879403114319
1.0,1.0,0.5375096201896667,1.0,0.0,0.4115810990333557
0.0,0.0,0.21345597505569458,0.0,1.0,0.5800745487213135
1.0,1.0,0.6122562289237976,1.0,0.0,0.3589562475681305
1.0,1.0,0.8979583382606506,0.0,0.0,0.40198519825935364
1.0,1.0,0.8195844292640686,1.0,0.0,0.48730406165122986
0.0,0.0,0.25045210123062134,1.0,0.0,0.442167729139328
0.0,0.0,0.28463125228881836,1.0,1.0,0.6064558029174805
0.0,0.0,0.4389679431915283,0.0,0.0,0.3928399980068207
0.0,0.0,0.3984019160270691,0.0,0.0,0.26242271065711975
1.0,1.0,0.7412898540496826,1.0,0.0,0.4372612237930298
0.0,0.0,0.2842126190662384,0.0,0.0,0.3798777461051941
1.0,0.0,0.32865267992019653,0.0,0.0,0.34145352244377136
0.0,0.0,0.30577361583709717,0.0,0.0,0.3005532920360565
0.0,0.0,0.331316202878952,1.0,1.0,0.6093478798866272
0.0,0.0,0.3325636684894562,0.0,0.0,0.35589471459388733
1.0,1.0,0.7178457379341125,0.0,1.0,0.5577049851417542
0.0,0.0,0.26687636971473694,0.0,0.0,0.2846221327781677
1.0,1.0,0.7017860412597656,0.0,1.0,0.5109868049621582
1.0,1.0,0.6014559864997864,0.0,0.0,0.4267732799053192
0.0,0.0,0.4338461458683014,0.0,0.0,0.35283392667770386
0.0,0.0,0.3189185857772827,1.0,1.0,0.5028738975524902
1.0,1.0,0.8491951823234558,1.0,0.0,0.4850497841835022
0.0,1.0,0.5698024034500122,1.0,1.0,0.801439642906189
1.0,0.0,0.4430389702320099,1.0,1.0,0.764328122138977
1.0,0.0,0.4450928568840027,0.0,0.0,0.2877648174762726
1.0,0.0,0.32251593470573425,1.0,1.0,0.5162762999534607
1.0,0.0,0.33631056547164917,0.0,1.0,0.5560756325721741
1.0,0.0,0.4334166646003723,0.0,0.0,0.39778533577919006
1.0,0.0,0.22466810047626495,1.0,0.0,0.285790354013443
1.0,1.0,0.8288016319274902,0.0,0.0,0.33668601512908936
0.0,1.0,0.5568471550941467,0.0,0.0,0.3368363678455353
1.0,1.0,0.7409474849700928,1.0,1.0,0.7025267481803894
1.0,1.0,0.5571231842041016,1.0,0.0,0.49350419640541077
1.0,0.0,0.29981815814971924,1.0,1.0,0.6127934455871582
0.0,0.0,0.3108994662761688,1.0,0.0,0.4826472997665405
1.0,0.0,0.48548662662506104,0.0,0.0,0.4324042499065399
1.0,0.0,0.44994908571243286,0.0,0.0,0.2143452763557434
0.0,0.0,0.337570458650589,1.0,1.0,0.6878259778022766
1.0,1.0,0.7204175591468811,1.0,1.0,0.5586739182472229
0.0,0.0,0.2713739573955536,1.0,1.0,0.7507442235946655
1.0,1.0,0.5083045959472656,1.0,1.0,0.6023815870285034
0.0,0.0,0.36531615257263184,1.0,1.0,0.7580385208129883
0.0,0.0,0.3505215644836426,0.0,0.0,0.4578305780887604
1.0,0.0,0.4683252274990082,0.0,1.0,0.5864265561103821
0.0,0.0,0.30479711294174194,0.0,0.0,0.4137633442878723
0.0,1.0,0.7107817530632019,1.0,0.0,0.18270201981067657
1.0,0.0,0.3881969749927521,0.0,1.0,0.7357938885688782
0.0,0.0,0.2901346981525421,1.0,1.0,0.7210513353347778
1.0,0.0,0.4417838752269745,0.0,0.0,0.2587733566761017
1.0,0.0,0.3658393323421478,0.0,0.0,0.24120144546031952
0.0,1.0,0.5524038076400757,0.0,0.0,0.4213605225086212
0.0,0.0,0.24333155155181885,0.0,0.0,0.4015907049179077
0.0,0.0,0.23281994462013245,1.0,0.0,0.2526283860206604
1.0,0.0,0.4638882577419281,0.0,0.0,0.2122618705034256
0.0,1.0,0.6068415641784668,0.0,0.0,0.4175858497619629
1.0,0.0,0.3220733106136322,1.0,0.0,0.46428579092025757
0.0,1.0,0.5417950749397278,0.0,0.0,0.37936705350875854
0.0,0.0,0.38717690110206604,1.0,1.0,0.7539498209953308
0.0,0.0,0.38858649134635925,0.0,0.0,0.3775949776172638
0.0,0.0,0.37591466307640076,0.0,0.0,0.4825078845024109
0.0,0.0,0.3406519889831543,1.0,0.0,0.4126797020435333
0.0,1.0,0.5108294486999512,1.0,1.0,0.8986682295799255
1.0,1.0,0.6701299548149109,1.0,1.0,0.5558032393455505
1.0,1.0,0.9176868200302124,0.0,0.0,0.35212501883506775
1.0,1.0,0.8416234850883484,1.0,1.0,0.6440346240997314
1.0,0.0,0.41559258103370667,0.0,0.0,0.28409528732299805
0.0,0.0,0.38478580117225647,1.0,0.0,0.4643626809120178
1.0,1.0,0.6093478798866272,0.0,0.0,0.37270858883857727
1.0,1.0,0.8002873659133911,0.0,0.0,0.2332676202058792
0.0,0.0,0.4535469114780426,1.0,1.0,0.8621608018875122
1.0,0.0,0.3408598303794861,0.0,0.0,0.268609881401062
0.0,0.0,0.2720125913619995,0.0,0.0,0.39825642108917236
1.0,0.0,0.4542372226715088,1.0,1.0,0.8450542092323303
0.0,0.0,0.4047371447086334,0.0,0.0,0.3110044002532959
0.0,0.0,0.35702580213546753,1.0,1.0,0.6792709827423096
1.0,1.0,0.5479289889335632,0.0,0.0,0.3395293056964874
0.0,0.0,0.46596503257751465,1.0,0.0,0.2791845500469208
0.0,0.0,0.34545397758483887,1.0,1.0,0.5895969867706299
1.0,1.0,0.5330211520195007,0.0,0.0,0.33959582448005676
0.0,1.0,0.518626868724823,0.0,0.0,0.36655840277671814
1.0,1.0,0.6696632504463196,1.0,0.0,0.45953139662742615
0.0,0.0,0.35769668221473694,0.0,0.0,0.4102172553539276
1.0,0.0,0.3850584030151367,0.0,0.0,0.2709016799926758
1.0,1.0,0.8183944225311279,1.0,0.0,0.432859867811203
0.0,0.0,0.4104553759098053,1.0,0.0,0.40558260679244995
0.0,0.0,0.41482311487197876,0.0,0.0,0.29267606139183044
1.0,1.0,0.8746766448020935,0.0,0.0,0.14874230325222015
1.0,0.0,0.3963877558708191,0.0,0.0,0.39429521560668945
0.0,0.0,0.36161720752716064,0.0,1.0,0.6100283861160278
1.0,0.0,0.359945148229599,1.0,0.0,0.4415375590324402
1.0,1.0,0.6632624268531799,1.0,0.0,0.35138973593711853
1.0,1.0,0.8783233165740967,1.0,1.0,0.8523191809654236
0.0,0.0,0.48471716046333313,1.0,0.0,0.4390121102333069
0.0,0.0,0.2388359159231186,1.0,0.0,0.27969521284103394
1.0,1.0,0.741004228591919,0.0,1.0,0.5184805393218994
1.0,1.0,0.7412137389183044,1.0,1.0,0.6747183203697205
0.0,0.0,0.40131208300590515,1.0,0.0,0.37305840849876404
1.0,1.0,0.7502634525299072,1.0,1.0,0.8130321502685547
1.0,0.0,0.4988637864589691,1.0,1.0,0.5796769857406616
1.0,0.0,0.43776842951774597,0.0,0.0,0.19128172099590302
0.0,0.0,0.2861648201942444,1.0,1.0,0.6126719117164612
1.0,0.0,0.4779696464538574,1.0,0.0,0.4517480432987213
1.0,1.0,0.9143444895744324,1.0,1.0,0.6605744361877441
0.0,0.0,0.4034930169582367,0.0,0.0,0.1510937511920929
0.0,0.0,0.22534678876399994,1.0,1.0,0.638526439666748
1.0,1.0,0.7496918439865112,0.0,0.0,0.44997256994247437
1.0,0.0,0.4483911693096161,0.0,0.0,0.29799965023994446
1.0,0.0,0.4661131203174591,1.0,0.0,0.42682746052742004
1.0,1.0,0.513166069984436,0.0,1.0,0.5019005537033081
1.0,1.0,0.8410003781318665,1.0,1.0,0.68958580493927
0.0,0.0,0.3639200031757355,0.0,0.0,0.4946010410785675
1.0,1.0,0.6696632504463196,1.0,1.0,0.5765382051467896
1.0,0.0,0.26865115761756897,0.0,1.0,0.5526304841041565
0.0,0.0,0.2173405885696411,1.0,1.0,0.5038714408874512
1.0,0.0,0.43568286299705505,1.0,1.0,0.6706308722496033
0.0,0.0,0.4653695523738861,0.0,0.0,0.4547998309135437
0.0,0.0,0.49210020899772644,0.0,0.0,0.40311315655708313
1.0,1.0,0.7242522239685059,0.0,0.0,0.40815335512161255
0.0,0.0,0.35539087653160095,1.0,1.0,0.7288792729377747
1.0,1.0,0.6093478798866272,0.0,0.0,0.4029802680015564
0.0,0.0,0.46025654673576355,0.0,0.0,0.4892568290233612
1.0,1.0,0.6476606130599976,0.0,0.0,0.45812922716140747
0.0,0.0,0.36699971556663513,1.0,1.0,0.7339398860931396
1.0,1.0,0.5405385494232178,1.0,1.0,0.7310588359832764
0.0,0.0,0.34332597255706787,1.0,0.0,0.4024660587310791
0.0,0.0,0.3172895610332489,0.0,0.0,0.32606011629104614
1.0,0.0,0.4893723726272583,1.0,0.0,0.31314030289649963
0.0,0.0,0.34994298219680786,0.0,0.0,0.4530201554298401
0.0,0.0,0.3148442804813385,0.0,0.0,0.47075292468070984
1.0,1.0,0.6777812242507935,0.0,0.0,0.16985221207141876
0.0,0.0,0.4272318184375763,0.0,0.0,0.3463784456253052
0.0,0.0,0.29507866501808167,1.0,1.0,0.7705676555633545
1.0,1.0,0.8524570465087891,1.0,1.0,0.5946236252784729
1.0,0.0,0.4480380713939667,0.0,0.0,0.21431241929531097
0.0,1.0,0.6223891377449036,1.0,1.0,0.7558675408363342
1.0,1.0,0.6316477656364441,0.0,0.0,0.42099711298942566
0.0,0.0,0.43341219425201416,0.0,0.0,0.37378284335136414
0.0,0.0,0.2564881443977356,0.0,1.0,0.5758347511291504
0.0,0.0,0.29748064279556274,1.0,1.0,0.713307797908783
0.0,0.0,0.2956630289554596,0.0,0.0,0.20791999995708466
0.0,0.0,0.3039228320121765,0.0,0.0,0.2510256767272949
1.0,0.0,0.40846124291419983,0.0,0.0,0.32137301564216614
1.0,1.0,0.9277817010879517,0.0,0.0,0.39063215255737305
0.0,0.0,0.3211415708065033,0.0,1.0,0.5500196814537048
1.0,0.0,0.38628432154655457,1.0,0.0,0.36809226870536804
0.0,0.0,0.38880038261413574,0.0,0.0,0.33113977313041687
1.0,1.0,0.5576913952827454,1.0,0.0,0.36807531118392944
1.0,1.0,0.8140192031860352,1.0,1.0,0.6881397366523743
1.0,0.0,0.39679187536239624,1.0,0.0,0.351582795381546
0.0,0.0,0.2804773449897766,1.0,0.0,0.33294376730918884
1.0,1.0,0.812828004360199,0.0,0.0,0.31474074721336365
0.0,0.0,0.38449475169181824,1.0,0.0,0.45259982347488403
0.0,1.0,0.5407840609550476,0.0,0.0,0.3604239523410797
0.0,1.0,0.5328924059867859,0.0,0.0,0.34032967686653137
1.0,1.0,0.6481052041053772,0.0,0.0,0.3404916822910309
0.0,0.0,0.48168280720710754,1.0,0.0,0.4987535774707794
0.0,1.0,0.5646880269050598,1.0,1.0,0.6632379293441772
1.0,1.0,0.5988640189170837,0.0,0.0,0.43016287684440613
0.0,0.0,0.25795820355415344,0.0,0.0,0.14659786224365234
1.0,1.0,0.6444400548934937,0.0,0.0,0.2731212079524994
0.0,0.0,0.4452347755432129,1.0,0.0,0.3129535913467407
1.0,1.0,0.5585013628005981,1.0,0.0,0.44790440797805786
1.0,1.0,0.5594924092292786,1.0,1.0,0.7178608179092407
1.0,1.0,0.547278106212616,1.0,1.0,0.6374639868736267
1.0,0.0,0.3814070522785187,1.0,0.0,0.40085333585739136
0.0,0.0,0.4403705894947052,0.0,0.0,0.2269381731748581
0.0,0.0,0.4399435222148895,0.0,0.0,0.3472542464733124
1.0,0.0,0.3161546587944031,1.0,1.0,0.6207969188690186
1.0,1.0,0.6464353203773499,1.0,1.0,0.7583338022232056
0.0,0.0,0.42052915692329407,0.0,0.0,0.4589685797691345
0.0,0.0,0.22466810047626495,1.0,1.0,0.7408144474029541
0.0,0.0,0.3269078731536865,0.0,0.0,0.44855672121047974
1.0,0.0,0.47298818826675415,1.0,1.0,0.8809008002281189
1.0,1.0,0.889660120010376,1.0,1.0,0.5604580640792847
1.0,0.0,0.34865033626556396,0.0,0.0,0.4175753593444824
0.0,0.0,0.40066957473754883,0.0,0.0,0.34677350521087646
1.0,1.0,0.7094334959983826,1.0,1.0,0.7733564376831055
0.0,0.0,0.3795643746852875,0.0,0.0,0.2706233859062195
0.0,0.0,0.17132450640201569,1.0,1.0,0.5895595550537109
1.0,1.0,0.7042847871780396,1.0,0.0,0.31037306785583496
0.0,0.0,0.3523100018501282,1.0,1.0,0.6840591430664062
0.0,0.0,0.29718661308288574,0.0,0.0,0.2726569175720215
1.0,1.0,0.6376833915710449,0.0,1.0,0.59535813331604
1.0,1.0,0.8073339462280273,0.0,0.0,0.2662990391254425
1.0,1.0,0.6876067519187927,1.0,1.0,0.5092928409576416
0.0,0.0,0.2992287576198578,0.0,0.0,0.3387427031993866
0.0,0.0,0.3886721730232239,0.0,0.0,0.43309882283210754
1.0,1.0,0.878525972366333,1.0,0.0,0.3912535607814789
0.0,0.0,0.3624039590358734,1.0,0.0,0.4224730432033539
0.0,0.0,0.3430263102054596,0.0,1.0,0.6297232508659363
0.0,0.0,0.31351831555366516,1.0,0.0,0.44450727105140686
1.0,1.0,0.706577479839325,1.0,1.0,0.7475041151046753
0.0,0.0,0.35230517387390137,0.0,0.0,0.4092455208301544
1.0,1.0,0.5015550255775452,1.0,0.0,0.40576913952827454
0.0,1.0,0.5039198994636536,0.0,1.0,0.7699857950210571
1.0,1.0,0.7415008544921875,0.0,0.0,0.34384021162986755
1.0,1.0,0.5093327760696411,1.0,0.0,0.46983927488327026
1.0,1.0,0.9071936011314392,0.0,1.0,0.5372442007064819
0.0,1.0,0.6303805708885193,0.0,0.0,0.36602717638015747
0.0,0.0,0.4468534290790558,1.0,1.0,0.8549005389213562
1.0,1.0,0.7677518129348755,1.0,0.0,0.48346394300460815
0.0,1.0,0.5062455534934998,1.0,1.0,0.6024835109710693
1.0,1.0,0.7251836061477661,0.0,0.0,0.44221433997154236
0.0,0.0,0.3038589656352997,0.0,0.0,0.38430991768836975
1.0,1.0,0.8125565052032471,0.0,0.0,0.26865115761756897
0.0,0.0,0.32305407524108887,1.0,0.0,0.37762579321861267
1.0,1.0,0.8283644914627075,1.0,1.0,0.5389153361320496
1.0,1.0,0.671990692615509,1.0,1.0,0.8621608018875122
0.0,0.0,0.28852683305740356,1.0,0.0,0.3776419758796692
1.0,1.0,0.6000980734825134,0.0,0.0,0.32407504320144653
1.0,1.0,0.5505273938179016,1.0,1.0,0.6013891100883484
0.0,0.0,0.37952205538749695,0.0,0.0,0.44749853014945984
0.0,0.0,0.31245967745780945,0.0,0.0,0.33125707507133484
0.0,0.0,0.428065687417984,0.0,0.0,0.41131821274757385
0.0,0.0,0.46770399808883667,0.0,0.0,0.38806718587875366
1.0,1.0,0.771453857421875,0.0,0.0,0.25578072667121887
1.0,1.0,0.5871736407279968,0.0,0.0,0.44375842809677124
0.0,0.0,0.42572128772735596,0.0,0.0,0.3569220006465912
0.0,0.0,0.26826512813568115,1.0,0.0,0.2628445327281952
1.0,1.0,0.7372967004776001,1.0,1.0,0.6093478798866272
1.0,0.0,0.4848245084285736,1.0,1.0,0.8770996332168579
0.0,0.0,0.37423691153526306,1.0,1.0,0.6336407661437988
1.0,1.0,0.7139731645584106,1.0,1.0,0.7205073833465576
1.0,0.0,0.43280941247940063,0.0,1.0,0.6149016618728638
0.0,0.0,0.44711363315582275,0.0,0.0,0.40731775760650635
1.0,1.0,0.5007410049438477,1.0,1.0,0.7312281131744385
1.0,1.0,0.5396676063537598,0.0,0.0,0.25725117325782776
1.0,1.0,0.7159993052482605,1.0,1.0,0.7227438688278198
1.0,1.0,0.7675012350082397,1.0,0.0,0.35439160466194153
1.0,1.0,0.7085176706314087,1.0,0.0,0.41084474325180054
1.0,1.0,0.5994603037834167,1.0,1.0,0.6880735158920288
1.0,0.0,0.3392551839351654,1.0,1.0,0.7111524939537048
0.0,0.0,0.36792367696762085,1.0,0.0,0.3365788161754608
1.0,0.0,0.28738048672676086,1.0,0.0,0.3975003957748413
1.0,0.0,0.3396715223789215,1.0,1.0,0.6600511074066162
1.0,0.0,0.29941773414611816,1.0,1.0,0.5036692023277283
0.0,0.0,0.39301714301109314,1.0,1.0,0.8117532730102539
1.0,0.0,0.45769476890563965,1.0,1.0,0.6308172941207886
0.0,0.0,0.16254089772701263,0.0,0.0,0.40329796075820923
0.0,0.0,0.3880375325679779,0.0,1.0,0.5011714696884155
1.0,0.0,0.3220733106136322,1.0,1.0,0.6208861470222473
1.0,1.0,0.9054651856422424,0.0,0.0,0.3562808334827423
1.0,1.0,0.5987090468406677,1.0,0.0,0.47993823885917664
0.0,0.0,0.46106600761413574,0.0,0.0,0.2965015172958374
1.0,0.0,0.42622533440589905,0.0,0.0,0.39589592814445496
1.0,1.0,0.6987805366516113,1.0,0.0,0.40033406019210815
0.0,0.0,0.27595919370651245,1.0,1.0,0.6228941082954407
1.0,0.0,0.38541045784950256,1.0,0.0,0.3249543607234955
1.0,1.0,0.8029550313949585,0.0,0.0,0.35758310556411743
0.0,1.0,0.5286529660224915,0.0,0.0,0.22630761563777924
0.0,0.0,0.3775204122066498,0.0,0.0,0.4319956302642822
0.0,0.0,0.34553655982017517,1.0,1.0,0.732475221157074
0.0,0.0,0.35629040002822876,0.0,1.0,0.7347863912582397
1.0,1.0,0.5872708559036255,0.0,1.0,0.5104231238365173
0.0,0.0,0.46745410561561584,1.0,1.0,0.6236122250556946
0.0,0.0,0.40326330065727234,1.0,0.0,0.3089693784713745
0.0,0.0,0.19765599071979523,0.0,0.0,0.35013362765312195
0.0,0.0,0.2654673159122467,0.0,1.0,0.7974077463150024
0.0,0.0,0.37724438309669495,1.0,0.0,0.4627178907394409
0.0,0.0,0.3359837532043457,0.0,0.0,0.40139445662498474
0.0,0.0,0.27001047134399414,0.0,1.0,0.5964208245277405
0.0,0.0,0.38942670822143555,0.0,0.0,0.2309775948524475
0.0,0.0,0.33367085456848145,0.0,0.0,0.37564653158187866
0.0,0.0,0.45322954654693604,1.0,1.0,0.9300881028175354
0.0,0.0,0.20241867005825043,1.0,1.0,0.5175216794013977
1.0,1.0,0.8266310691833496,0.0,0.0,0.39570972323417664
1.0,0.0,0.3205518424510956,1.0,0.0,0.40800026059150696
1.0,1.0,0.5875891447067261,0.0,0.0,0.368097186088562
1.0,1.0,0.7400518655776978,0.0,0.0,0.3510952591896057
1.0,0.0,0.3987767994403839,0.0,0.0,0.3800431787967682
1.0,1.0,0.8213726282119751,0.0,0.0,0.3138429820537567
0.0,1.0,0.5899100303649902,1.0,0.0,0.15113404393196106
1.0,0.0,0.36077576875686646,0.0,0.0,0.48917677998542786
0.0,0.0,0.42384636402130127,1.0,1.0,0.7001944780349731
1.0,0.0,0.48346394300460815,1.0,0.0,0.4631567597389221
1.0,1.0,0.8464844822883606,1.0,0.0,0.4051366150379181
0.0,1.0,0.5697623491287231,1.0,1.0,0.6301943063735962
1.0,1.0,0.5721975564956665,0.0,1.0,0.6297990679740906
1.0,1.0,0.506746768951416,0.0,1.0,0.6476678848266602
0.0,0.0,0.345509797334671,1.0,1.0,0.6544309258460999
1.0,0.0,0.48666632175445557,0.0,0.0,0.3366793394088745
1.0,1.0,0.8425459265708923,1.0,1.0,0.5416361093521118
1.0,1.0,0.8373183012008667,1.0,1.0,0.7356443405151367
0.0,0.0,0.41638338565826416,1.0,1.0,0.7849430441856384
0.0,0.0,0.29748064279556274,1.0,1.0,0.5994603037834167
1.0,1.0,0.5683923959732056,1.0,1.0,0.5730112195014954
0.0,0.0,0.29748064279556274,1.0,0.0,0.4270646870136261
1.0,1.0,0.5985303521156311,0.0,0.0,0.16373991966247559
1.0,0.0,0.39897799491882324,0.0,0.0,0.4222623407840729
0.0,0.0,0.27534741163253784,1.0,1.0,0.7219661474227905
0.0,0.0,0.38880038261413574,1.0,1.0,0.7757594585418701
0.0,0.0,0.35084250569343567,1.0,1.0,0.5148636102676392
0.0,0.0,0.18387095630168915,1.0,1.0,0.8816749453544617
1.0,1.0,0.8885650634765625,0.0,1.0,0.6386722922325134
0.0,0.0,0.35528120398521423,0.0,0.0,0.29229047894477844
0.0,0.0,0.34385302662849426,1.0,1.0,0.5470082759857178
1.0,1.0,0.7534603476524353,0.0,0.0,0.23480963706970215
1.0,1.0,0.9313476085662842,0.0,0.0,0.36575987935066223
0.0,0.0,0.3925686478614807,0.0,0.0,0.19224749505519867
0.0,0.0,0.3202665448188782,1.0,1.0,0.7156595587730408
1.0,1.0,0.5697198510169983,0.0,0.0,0.3932061791419983
0.0,1.0,0.6057895421981812,0.0,1.0,0.5029237866401672
0.0,0.0,0.39983633160591125,0.0,0.0,0.23867298662662506
1.0,1.0,0.5649358630180359,0.0,1.0,0.7261762619018555
1.0,1.0,0.6481277346611023,0.0,1.0,0.5151782035827637
0.0,0.0,0.3155083656311035,0.0,1.0,0.74568772315979
1.0,0.0,0.3287033140659332,0.0,0.0,0.31448158621788025
1.0,1.0,0.6897333860397339,1.0,1.0,0.6186212301254272
0.0,1.0,0.5252861380577087,1.0,1.0,0.7098249793052673
1.0,1.0,0.5326963663101196,1.0,1.0,0.7055093050003052
1.0,1.0,0.6651710271835327,0.0,0.0,0.2386196255683899
0.0,0.0,0.27672600746154785,1.0,1.0,0.5953850150108337
1.0,1.0,0.656274139881134,0.0,0.0,0.3721686899662018
0.0,0.0,0.3084808588027954,1.0,0.0,0.4529118537902832
0.0,0.0,0.2361295521259308,0.0,1.0,0.5609819293022156
0.0,0.0,0.235969677567482,0.0,0.0,0.318315327167511
0.0,0.0,0.33428698778152466,0.0,0.0,0.3338129222393036
0.0,0.0,0.19058683514595032,0.0,0.0,0.2505757808685303
1.0,1.0,0.5891409516334534,0.0,0.0,0.3570607304573059
0.0,1.0,0.5195203423500061,0.0,0.0,0.3497956693172455
1.0,1.0,0.8862665891647339,1.0,1.0,0.5832136869430542
0.0,0.0,0.3146630525588989,0.0,0.0,0.33692288398742676
1.0,1.0,0.6548775434494019,1.0,1.0,0.8107752799987793
0.0,1.0,0.5128908753395081,1.0,0.0,0.4025241434574127
0.0,0.0,0.38727566599845886,1.0,1.0,0.7207052111625671
0.0,0.0,0.4706709384918213,1.0,1.0,0.9224991798400879
0.0,0.0,0.33873316645622253,1.0,1.0,0.6281315088272095
1.0,1.0,0.8764806389808655,1.0,1.0,0.5706210732460022
1.0,0.0,0.4850420355796814,1.0,1.0,0.6694207787513733
1.0,0.0,0.4170771539211273,1.0,1.0,0.7637744545936584
0.0,1.0,0.7222465872764587,1.0,1.0,0.6520113348960876
0.0,0.0,0.374912828207016,0.0,0.0,0.378111332654953
0.0,0.0,0.4016989767551422,1.0,0.0,0.3996559679508209
0.0,0.0,0.33659255504608154,1.0,0.0,0.49552100896835327
1.0,1.0,0.5877580642700195,1.0,1.0,0.7929258346557617
1.0,0.0,0.46315649151802063,0.0,0.0,0.35698264837265015
1.0,0.0,0.4827140271663666,0.0,0.0,0.17462581396102905
0.0,0.0,0.40756702423095703,0.0,0.0,0.18714909255504608
1.0,0.0,0.40432602167129517,1.0,1.0,0.561661958694458
0.0,0.0,0.3537014424800873,1.0,1.0,0.6379068493843079
1.0,1.0,0.5696091651916504,1.0,0.0,0.352054625749588
0.0,0.0,0.25993144512176514,1.0,0.0,0.33181387186050415
0.0,0.0,0.4067123830318451,0.0,0.0,0.2902160882949829
1.0,0.0,0.3498130440711975,1.0,1.0,0.7476515769958496
0.0,0.0,0.39373138546943665,1.0,1.0,0.9062094688415527
0.0,0.0,0.32705655694007874,1.0,1.0,0.8390994668006897
1.0,1.0,0.5610672831535339,1.0,0.0,0.4917963743209839
0.0,0.0,0.2555910646915436,1.0,0.0,0.45019152760505676
1.0,1.0,0.5640522837638855,0.0,0.0,0.3625601530075073
0.0,0.0,0.3120361864566803,0.0,0.0,0.38664954900741577
1.0,0.0,0.3818831443786621,0.0,0.0,0.34032317996025085
0.0,0.0,0.27627575397491455,1.0,1.0,0.6974005103111267
0.0,0.0,0.35163289308547974,0.0,0.0,0.42628636956214905
0.0,0.0,0.21550974249839783,0.0,1.0,0.5916445851325989
1.0,0.0,0.3559974730014801,0.0,0.0,0.3093108534812927
0.0,1.0,0.5367926359176636,0.0,0.0,0.36055174469947815
0.0,0.0,0.3018152713775635,0.0,0.0,0.2036677747964859
1.0,1.0,0.793112576007843,1.0,0.0,0.4069421887397766
0.0,0.0,0.36117103695869446,1.0,0.0,0.3632962107658386
0.0,0.0,0.30877885222435,0.0,0.0,0.3298947811126709
0.0,1.0,0.5682346224784851,1.0,1.0,0.7241460680961609
0.0,0.0,0.37670302391052246,1.0,0.0,0.44114822149276733
1.0,1.0,0.5028738975524902,1.0,0.0,0.49802401661872864
0.0,0.0,0.19938640296459198,1.0,0.0,0.48742106556892395
1.0,1.0,0.5409459471702576,0.0,0.0,0.44391751289367676
1.0,1.0,0.7059714198112488,1.0,0.0,0.4618944823741913
0.0,1.0,0.5445294976234436,0.0,0.0,0.3191077411174774
0.0,0.0,0.40179821848869324,1.0,1.0,0.5201541781425476
0.0,0.0,0.3595026135444641,1.0,1.0,0.5839931964874268
1.0,0.0,0.38880038261413574,1.0,1.0,0.7259576320648193
1.0,0.0,0.40436169505119324,1.0,0.0,0.354987770318985
1.0,1.0,0.6467041969299316,1.0,1.0,0.5690974593162537
1.0,1.0,0.7961968183517456,1.0,1.0,0.53899085521698
1.0,1.0,0.6552425622940063,0.0,0.0,0.2670418620109558
0.0,0.0,0.33898353576660156,1.0,1.0,0.7002081871032715
1.0,0.0,0.4042319655418396,1.0,1.0,0.551436185836792
0.0,1.0,0.7256551384925842,1.0,1.0,0.7032483816146851
0.0,0.0,0.37632325291633606,1.0,1.0,0.6169775128364563
1.0,0.0,0.38384947180747986,0.0,0.0,0.35646378993988037
0.0,0.0,0.3044080436229706,0.0,0.0,0.37575390934944153
0.0,0.0,0.3412470817565918,1.0,1.0,0.7305465936660767
0.0,0.0,0.4253581166267395,0.0,0.0,0.4139905571937561
1.0,1.0,0.9173136949539185,1.0,0.0,0.2644493281841278
0.0,0.0,0.4615299701690674,1.0,0.0,0.4849795699119568
1.0,0.0,0.4563371241092682,1.0,0.0,0.39239537715911865
1.0,1.0,0.8074971437454224,0.0,0.0,0.3811851739883423
1.0,0.0,0.3628612756729126,1.0,1.0,0.814257025718689
1.0,0.0,0.3002204895019531,0.0,0.0,0.4773302674293518
0.0,0.0,0.3987182378768921,0.0,0.0,0.3734980821609497
0.0,0.0,0.4452863931655884,0.0,0.0,0.3530087471008301
1.0,1.0,0.8532640933990479,1.0,0.0,0.4686969220638275
0.0,0.0,0.3150484561920166,1.0,1.0,0.8932978510856628
0.0,0.0,0.31069236993789673,1.0,0.0,0.44580522179603577
0.0,0.0,0.4147515892982483,1.0,1.0,0.911213219165802
1.0,1.0,0.9375709891319275,0.0,0.0,0.31985917687416077
0.0,1.0,0.5541053414344788,0.0,0.0,0.3326309025287628
1.0,1.0,0.5631756782531738,1.0,1.0,0.6499866843223572
0.0,0.0,0.3350139558315277,1.0,0.0,0.4925963282585144
0.0,0.0,0.38329607248306274,1.0,0.0,0.4087468087673187
1.0,0.0,0.4707303047180176,0.0,0.0,0.26636672019958496
1.0,1.0,0.5939585566520691,0.0,0.0,0.45647132396698
0.0,1.0,0.6798675060272217,0.0,0.0,0.38583818078041077
1.0,1.0,0.7637531161308289,0.0,0.0,0.20241867005825043
0.0,0.0,0.37084487080574036,0.0,0.0,0.3364633619785309
1.0,1.0,0.5009838938713074,0.0,0.0,0.3454277217388153
1.0,1.0,0.7122108340263367,1.0,1.0,0.814003586769104
0.0,1.0,0.8115705847740173,0.0,0.0,0.33435094356536865
1.0,1.0,0.6776881217956543,0.0,0.0,0.37950417399406433
1.0,1.0,0.582062840461731,0.0,0.0,0.43931832909584045
1.0,1.0,0.7011775374412537,1.0,1.0,0.6130126714706421
0.0,1.0,0.5231406688690186,0.0,0.0,0.40679264068603516
0.0,0.0,0.3905225098133087,1.0,1.0,0.8076778650283813
1.0,0.0,0.3050577640533447,0.0,0.0,0.33242788910865784
1.0,0.0,0.4915564954280853,1.0,1.0,0.8399880528450012
1.0,1.0,0.6535822749137878,1.0,1.0,0.6614901423454285
0.0,0.0,0.3285713493824005,0.0,0.0,0.36208733916282654
0.0,0.0,0.4769884943962097,0.0,0.0,0.46238258481025696
1.0,1.0,0.7706663608551025,0.0,0.0,0.3306649625301361
1.0,1.0,0.7142320275306702,0.0,0.0,0.40004220604896545
0.0,0.0,0.3570404648780823,0.0,0.0,0.3204920291900635
1.0,1.0,0.5207112431526184,1.0,1.0,0.5913814306259155
0.0,0.0,0.21806885302066803,0.0,0.0,0.27606937289237976
0.0,0.0,0.20343293249607086,0.0,0.0,0.3567158281803131
1.0,1.0,0.5538667440414429,0.0,0.0,0.37858283519744873
0.0,0.0,0.27360376715660095,0.0,0.0,0.20764896273612976
0.0,0.0,0.3659048080444336,0.0,0.0,0.4090462327003479
0.0,0.0,0.3981068730354309,1.0,0.0,0.34362298250198364
1.0,1.0,0.8927483558654785,0.0,0.0,0.4679916501045227
0.0,0.0,0.4223473072052002,0.0,0.0,0.30174797773361206
0.0,0.0,0.46187669038772583,0.0,0.0,0.4351992905139923
0.0,0.0,0.28479233384132385,1.0,1.0,0.8290722966194153
1.0,1.0,0.6055945754051208,1.0,0.0,0.34074297547340393
1.0,1.0,0.6588736176490784,0.0,0.0,0.23623043298721313
0.0,0.0,0.4527438282966614,0.0,0.0,0.38679394125938416
0.0,0.0,0.36897629499435425,0.0,0.0,0.25227993726730347
1.0,1.0,0.6602336764335632,1.0,1.0,0.5881079435348511
1.0,0.0,0.4803253710269928,0.0,1.0,0.6031153202056885
1.0,1.0,0.6657921075820923,1.0,1.0,0.5027257204055786
0.0,0.0,0.48483896255493164,1.0,1.0,0.5075156092643738
0.0,0.0,0.18910109996795654,1.0,0.0,0.3063807785511017
0.0,0.0,0.2575920820236206,1.0,0.0,0.3985312581062317
0.0,1.0,0.580710232257843,0.0,1.0,0.8237243890762329
0.0,0.0,0.3055131733417511,0.0,0.0,0.2487618625164032
0.0,1.0,0.6464405059814453,1.0,1.0,0.8932978510856628
0.0,0.0,0.356088250875473,1.0,0.0,0.4812958240509033
1.0,1.0,0.6505463123321533,0.0,0.0,0.23122800886631012
1.0,1.0,0.6361428499221802,0.0,0.0,0.30111759901046753
0.0,0.0,0.31183475255966187,1.0,0.0,0.45675599575042725
1.0,0.0,0.47080016136169434,1.0,1.0,0.6263420581817627
0.0,0.0,0.4898013472557068,1.0,0.0,0.46052104234695435
1.0,0.0,0.3143763840198517,1.0,0.0,0.45919090509414673
1.0,1.0,0.6330433487892151,0.0,0.0,0.24077072739601135
0.0,0.0,0.3173646032810211,0.0,1.0,0.5094453692436218
0.0,0.0,0.34877997636795044,0.0,0.0,0.42980194091796875
1.0,0.0,0.3364812433719635,1.0,1.0,0.7222940325737
0.0,0.0,0.45125705003738403,0.0,0.0,0.3506907820701599
0.0,0.0,0.41125378012657166,0.0,0.0,0.3454241156578064
1.0,0.0,0.4406777620315552,0.0,0.0,0.43709397315979004
1.0,1.0,0.5160035490989685,1.0,1.0,0.6999857425689697
1.0,0.0,0.3691798448562622,0.0,0.0,0.33442699909210205
0.0,0.0,0.28361159563064575,0.0,0.0,0.39654219150543213
1.0,1.0,0.8216240406036377,0.0,0.0,0.14779475331306458
1.0,1.0,0.7387295961380005,0.0,0.0,0.29491791129112244
0.0,0.0,0.3533267378807068,0.0,0.0,0.4983370900154114
0.0,0.0,0.2807565927505493,0.0,0.0,0.28663742542266846
0.0,0.0,0.34055161476135254,0.0,0.0,0.31860893964767456
0.0,0.0,0.3332888185977936,1.0,1.0,0.8628627061843872
1.0,0.0,0.45847976207733154,1.0,1.0,0.5698856711387634
0.0,0.0,0.2600906193256378,0.0,0.0,0.3250443935394287
0.0,0.0,0.48079922795295715,0.0,0.0,0.3350023031234741
1.0,1.0,0.6338109970092773,1.0,0.0,0.3480267822742462
1.0,1.0,0.5527178645133972,0.0,0.0,0.46064281463623047
1.0,1.0,0.743893563747406,0.0,0.0,0.3781093955039978
0.0,0.0,0.4854925274848938,1.0,1.0,0.6679225564002991
0.0,0.0,0.38427069783210754,0.0,0.0,0.463102787733078
0.0,0.0,0.3403906524181366,1.0,1.0,0.6414021849632263
1.0,0.0,0.31301528215408325,0.0,0.0,0.39899367094039917
1.0,1.0,0.5957654714584351,1.0,0.0,0.49484437704086304
1.0,1.0,0.5547404885292053,1.0,1.0,0.7551597952842712
1.0,1.0,0.5109190344810486,0.0,0.0,0.3360607922077179
0.0,0.0,0.3801121413707733,0.0,0.0,0.33152350783348083
0.0,0.0,0.36796513199806213,1.0,1.0,0.5638112425804138
0.0,0.0,0.3990015685558319,0.0,0.0,0.4108095169067383
1.0,0.0,0.4627178907394409,1.0,0.0,0.4764564335346222
0.0,0.0,0.305517315864563,1.0,0.0,0.37098121643066406
0.0,0.0,0.18712252378463745,0.0,0.0,0.2545454800128937
0.0,0.0,0.3442383408546448,0.0,0.0,0.40517982840538025
0.0,0.0,0.44501936435699463,1.0,1.0,0.5246694087982178
1.0,0.0,0.4128655791282654,0.0,1.0,0.5157186985015869
1.0,1.0,0.8386589288711548,1.0,1.0,0.6588736176490784
0.0,0.0,0.309569776058197,1.0,1.0,0.7810737490653992
1.0,1.0,0.8459261655807495,0.0,0.0,0.29245424270629883
1.0,1.0,0.7961968183517456,0.0,0.0,0.29288917779922485
1.0,0.0,0.4087468087673187,1.0,1.0,0.8663153648376465
0.0,0.0,0.37113773822784424,1.0,0.0,0.3329758644104004
0.0,1.0,0.5711512565612793,1.0,1.0,0.6546677350997925
0.0,0.0,0.41399604082107544,1.0,1.0,0.509700357913971
1.0,1.0,0.7322354912757874,1.0,1.0,0.5959755778312683
1.0,0.0,0.4364805519580841,0.0,0.0,0.45194289088249207
1.0,0.0,0.42289960384368896,0.0,0.0,0.29463091492652893
1.0,0.0,0.40986204147338867,0.0,0.0,0.4327510893344879
1.0,1.0,0.5316298604011536,1.0,1.0,0.8368667960166931
0.0,0.0,0.46691209077835083,0.0,0.0,0.4487365782260895
0.0,0.0,0.3359035849571228,0.0,0.0,0.277202308177948
0.0,0.0,0.20114640891551971,0.0,0.0,0.2970518469810486
0.0,0.0,0.41822290420532227,0.0,0.0,0.27192822098731995
1.0,1.0,0.8615231513977051,1.0,1.0,0.8513818979263306
1.0,1.0,0.9048222303390503,1.0,0.0,0.498487651348114
0.0,0.0,0.16713890433311462,1.0,0.0,0.49975669384002686
1.0,1.0,0.7573424577713013,1.0,0.0,0.39958280324935913
1.0,0.0,0.3556138575077057,0.0,0.0,0.3622850179672241
0.0,0.0,0.31824326515197754,0.0,0.0,0.36996927857398987
0.0,1.0,0.557828426361084,1.0,0.0,0.3321485221385956
0.0,0.0,0.3517054319381714,0.0,0.0,0.29713013768196106
1.0,1.0,0.58343905210495,1.0,1.0,0.5186730027198792
1.0,1.0,0.5737622380256653,0.0,0.0,0.4161674678325653
0.0,0.0,0.41390469670295715,0.0,0.0,0.492484986782074
1.0,0.0,0.3748697340488434,0.0,0.0,0.4675748944282532
0.0,0.0,0.24118036031723022,1.0,1.0,0.5219963788986206
0.0,0.0,0.37113773822784424,0.0,0.0,0.25561872124671936
1.0,1.0,0.7121719717979431,1.0,0.0,0.2766599953174591
1.0,1.0,0.6100152730941772,1.0,1.0,0.581072986125946
1.0,0.0,0.40755245089530945,0.0,0.0,0.4956578016281128
0.0,0.0,0.2950374186038971,0.0,0.0,0.38513264060020447
0.0,0.0,0.24888472259044647,1.0,1.0,0.8103331327438354
1.0,1.0,0.7427627444267273,0.0,0.0,0.4527418911457062
1.0,1.0,0.8196471929550171,1.0,0.0,0.34977394342422485
0.0,1.0,0.7172937393188477,1.0,1.0,0.7400518655776978
0.0,0.0,0.4993637502193451,0.0,0.0,0.4533084034919739
0.0,0.0,0.34616807103157043,1.0,1.0,0.6521957516670227
0.0,1.0,0.5369924902915955,1.0,1.0,0.856440007686615
0.0,0.0,0.3564446270465851,1.0,0.0,0.38274380564689636
1.0,0.0,0.29844340682029724,0.0,0.0,0.35125449299812317
1.0,1.0,0.662026584148407,0.0,0.0,0.4014166295528412
0.0,0.0,0.2351057231426239,0.0,1.0,0.6467478275299072
1.0,0.0,0.48476240038871765,0.0,0.0,0.41708576679229736
1.0,0.0,0.4365967810153961,0.0,1.0,0.5232629179954529
0.0,0.0,0.42455923557281494,1.0,1.0,0.518620491027832
0.0,0.0,0.47828543186187744,1.0,1.0,0.6716106534004211
0.0,0.0,0.3462747037410736,0.0,0.0,0.23871925473213196
0.0,0.0,0.42880773544311523,1.0,1.0,0.6330277919769287
0.0,0.0,0.24118036031723022,0.0,0.0,0.33959582448005676
0.0,0.0,0.29082053899765015,0.0,0.0,0.26395556330680847
0.0,0.0,0.4228833317756653,1.0,1.0,0.5362295508384705
1.0,1.0,0.8492539525032043,1.0,1.0,0.7873950004577637
1.0,1.0,0.5522851347923279,0.0,0.0,0.3440440595149994
0.0,0.0,0.41416314244270325,0.0,1.0,0.6972855925559998
0.0,0.0,0.3315547704696655,0.0,0.0,0.2750909626483917
1.0,1.0,0.5219882130622864,0.0,0.0,0.3849785625934601
1.0,1.0,0.7971139550209045,0.0,1.0,0.6975126266479492
0.0,0.0,0.2696424424648285,0.0,0.0,0.32664576172828674
1.0,1.0,0.5542013049125671,0.0,0.0,0.28351351618766785
0.0,0.0,0.3230016231536865,0.0,0.0,0.4091470539569855
0.0,0.0,0.3204920291900635,1.0,0.0,0.29692062735557556
1.0,1.0,0.7786790132522583,0.0,0.0,0.4384346604347229
1.0,1.0,0.8269159197807312,0.0,0.0,0.23547841608524323
1.0,1.0,0.8494448661804199,0.0,0.0,0.40604642033576965
1.0,1.0,0.6452111601829529,1.0,1.0,0.6459742188453674
1.0,1.0,0.5732921361923218,1.0,1.0,0.7147847414016724
0.0,0.0,0.18512451648712158,0.0,0.0,0.4810258448123932
1.0,1.0,0.7951574921607971,0.0,0.0,0.38430991768836975
0.0,1.0,0.5688562393188477,0.0,0.0,0.3530087471008301
0.0,0.0,0.31437379121780396,1.0,0.0,0.3432580828666687
0.0,0.0,0.2500278651714325,1.0,1.0,0.6417549252510071
1.0,1.0,0.5079881548881531,0.0,1.0,0.5405030250549316
1.0,1.0,0.8515552878379822,0.0,0.0,0.18739844858646393
1.0,1.0,0.5322962403297424,1.0,0.0,0.430496484041214
0.0,0.0,0.34447595477104187,1.0,1.0,0.7025267481803894
1.0,1.0,0.7948273420333862,0.0,0.0,0.37756624817848206
1.0,0.0,0.48806560039520264,0.0,0.0,0.31336861848831177
1.0,1.0,0.5544708967208862,0.0,0.0,0.4751533567905426
0.0,0.0,0.4577586352825165,1.0,1.0,0.5706034302711487
1.0,0.0,0.4051136374473572,0.0,1.0,0.599612295627594
1.0,0.0,0.3509616553783417,1.0,1.0,0.644671618938446
0.0,0.0,0.36836913228034973,0.0,1.0,0.5225556492805481
0.0,0.0,0.47163522243499756,0.0,0.0,0.38767486810684204
1.0,1.0,0.8221585154533386,1.0,1.0,0.8749674558639526
0.0,1.0,0.5259015560150146,1.0,0.0,0.37741994857788086
0.0,0.0,0.40817806124687195,0.0,0.0,0.3138832151889801
1.0,1.0,0.5810223817825317,1.0,1.0,0.682736873626709
0.0,0.0,0.3694201707839966,1.0,1.0,0.7886430025100708
0.0,0.0,0.22791734337806702,0.0,0.0,0.18590441346168518
1.0,1.0,0.5970047116279602,0.0,0.0,0.3714912533760071
0.0,0.0,0.23480834066867828,0.0,1.0,0.6006040573120117
1.0,1.0,0.5178305506706238,0.0,0.0,0.33046504855155945
0.0,0.0,0.2747952342033386,1.0,1.0,0.7516436576843262
0.0,0.0,0.35716477036476135,0.0,1.0,0.644320547580719
0.0,0.0,0.3193073570728302,1.0,1.0,0.5380520820617676
0.0,0.0,0.3623804450035095,1.0,1.0,0.7442663311958313
0.0,0.0,0.4543708860874176,1.0,0.0,0.3174363076686859
1.0,0.0,0.388075590133667,0.0,0.0,0.3762248754501343
1.0,0.0,0.47753435373306274,0.0,0.0,0.35474151372909546
1.0,0.0,0.48542335629463196,1.0,0.0,0.44980502128601074
0.0,0.0,0.3829410672187805,1.0,0.0,0.4290964901447296
0.0,0.0,0.39308351278305054,1.0,1.0,0.6375426054000854
0.0,0.0,0.3960478901863098,0.0,0.0,0.3237851858139038
0.0,0.0,0.37998026609420776,0.0,0.0,0.31060126423835754
1.0,1.0,0.5119346976280212,0.0,0.0,0.37998026609420776
1.0,0.0,0.44090595841407776,0.0,0.0,0.40088552236557007
0.0,1.0,0.589979350566864,1.0,0.0,0.4549535810947418
1.0,0.0,0.36602717638015747,1.0,1.0,0.790517270565033
0.0,0.0,0.4118848741054535,0.0,0.0,0.3152926564216614
0.0,0.0,0.30276212096214294,1.0,0.0,0.3555286228656769
0.0,0.0,0.42767465114593506,0.0,0.0,0.3169728219509125
0.0,0.0,0.3680577576160431,0.0,0.0,0.2663111984729767
0.0,0.0,0.4975925385951996,1.0,1.0,0.655401349067688
1.0,1.0,0.6789318919181824,1.0,1.0,0.5105413794517517
1.0,0.0,0.441265344619751,0.0,0.0,0.44114822149276733
0.0,0.0,0.3410728871822357,0.0,0.0,0.46447592973709106
1.0,1.0,0.854511022567749,0.0,0.0,0.2706233859062195
1.0,1.0,0.5725441575050354,0.0,0.0,0.3859671354293823
1.0,1.0,0.8108886480331421,1.0,0.0,0.37881505489349365
1.0,1.0,0.5111413598060608,1.0,1.0,0.6674872636795044
1.0,1.0,0.5750234127044678,1.0,1.0,0.5506985187530518
1.0,1.0,0.5141233801841736,1.0,1.0,0.8764806389808655
1.0,1.0,0.7275564670562744,0.0,0.0,0.34884148836135864
1.0,1.0,0.6127919554710388,0.0,0.0,0.369233101606369
1.0,1.0,0.7755705118179321,1.0,1.0,0.6187129616737366
0.0,0.0,0.44822758436203003,0.0,0.0,0.2855665683746338
1.0,1.0,0.5865092873573303,0.0,0.0,0.21712644398212433
0.0,1.0,0.6334887146949768,1.0,1.0,0.5261893272399902
0.0,0.0,0.2855895161628723,0.0,0.0,0.3418208360671997
0.0,0.0,0.476185142993927,0.0,1.0,0.6843465566635132
0.0,0.0,0.2823857367038727,1.0,0.0,0.2157772183418274
0.0,0.0,0.3438887596130371,1.0,1.0,0.737000584602356
0.0,0.0,0.23638999462127686,1.0,1.0,0.850347638130188
1.0,0.0,0.4716995656490326,1.0,1.0,0.9153215289115906
1.0,1.0,0.6476025581359863,0.0,0.0,0.4506547451019287
1.0,1.0,0.7658190727233887,0.0,0.0,0.34245046973228455
0.0,0.0,0.23027047514915466,1.0,1.0,0.5914722084999084
1.0,0.0,0.48771151900291443,0.0,0.0,0.3755594789981842
0.0,0.0,0.25286003947257996,0.0,0.0,0.3566170930862427
1.0,1.0,0.8898574709892273,1.0,1.0,0.7122108340263367
1.0,1.0,0.5855159163475037,1.0,1.0,0.5668565630912781
1.0,0.0,0.49965351819992065,0.0,1.0,0.5524478554725647
0.0,0.0,0.3253858983516693,0.0,1.0,0.6477412581443787
0.0,0.0,0.28956112265586853,0.0,1.0,0.5163843035697937
1.0,0.0,0.4766997694969177,1.0,1.0,0.5563430190086365
0.0,0.0,0.33202245831489563,1.0,1.0,0.8725354075431824
1.0,0.0,0.3365821838378906,1.0,1.0,0.651470422744751
1.0,0.0,0.39343786239624023,0.0,1.0,0.6523904800415039
0.0,0.0,0.34014952182769775,1.0,0.0,0.3545774221420288
1.0,1.0,0.8015431761741638,1.0,1.0,0.7109175324440002
0.0,0.0,0.41208401322364807,0.0,0.0,0.27159011363983154
0.0,0.0,0.36546647548675537,1.0,1.0,0.6533753871917725
1.0,1.0,0.6357114315032959,0.0,1.0,0.6023141741752625
1.0,1.0,0.5238567590713501,1.0,1.0,0.5112140774726868
1.0,1.0,0.5847177505493164,1.0,0.0,0.4628446698188782
0.0,0.0,0.2698042094707489,1.0,0.0,0.29377058148384094
1.0,0.0,0.27168017625808716,1.0,1.0,0.7730183601379395
0.0,0.0,0.42945051193237305,1.0,1.0,0.6763405799865723
0.0,0.0,0.20375396311283112,0.0,0.0,0.30535465478897095
0.0,0.0,0.2752918303012848,0.0,0.0,0.47702503204345703
1.0,0.0,0.4906000792980194,0.0,0.0,0.3672264516353607
1.0,1.0,0.6804934144020081,0.0,0.0,0.41291171312332153
0.0,0.0,0.3493339419364929,1.0,1.0,0.6757685542106628
1.0,1.0,0.6713756918907166,1.0,0.0,0.3871251940727234
0.0,0.0,0.31336861848831177,1.0,1.0,0.5394406914710999
0.0,0.0,0.31754475831985474,1.0,1.0,0.6111342310905457
0.0,0.0,0.43928614258766174,0.0,0.0,0.2789982557296753
0.0,0.0,0.31143420934677124,1.0,0.0,0.44790899753570557
1.0,0.0,0.35406288504600525,0.0,0.0,0.36333954334259033
1.0,0.0,0.377404123544693,1.0,1.0,0.7283609509468079
0.0,0.0,0.32519757747650146,0.0,0.0,0.19855064153671265
1.0,1.0,0.5612011551856995,0.0,0.0,0.35352805256843567
0.0,0.0,0.35474151372909546,0.0,1.0,0.672178328037262
1.0,1.0,0.9108456373214722,0.0,0.0,0.29041406512260437
0.0,1.0,0.556471586227417,1.0,1.0,0.5933075547218323
1.0,1.0,0.8512974977493286,0.0,0.0,0.31485986709594727
0.0,0.0,0.269440621137619,1.0,0.0,0.45122045278549194
1.0,1.0,0.52937251329422,1.0,1.0,0.7187878489494324
1.0,1.0,0.6981580257415771,0.0,0.0,0.3769925832748413
0.0,1.0,0.5781683325767517,1.0,1.0,0.6085717678070068
1.0,1.0,0.6510353088378906,0.0,0.0,0.2997186779975891
1.0,1.0,0.8529629111289978,1.0,0.0,0.23639604449272156
1.0,1.0,0.9048039317131042,0.0,0.0,0.312180757522583
0.0,0.0,0.38517239689826965,1.0,1.0,0.6069086790084839
1.0,1.0,0.5318616032600403,1.0,1.0,0.5196831822395325
0.0,0.0,0.45461544394493103,1.0,0.0,0.36923104524612427
0.0,0.0,0.2844952344894409,1.0,1.0,0.5828254818916321
1.0,1.0,0.6666512489318848,1.0,0.0,0.4751574397087097
0.0,0.0,0.2837256193161011,1.0,1.0,0.6628816723823547
1.0,1.0,0.5554804801940918,1.0,1.0,0.5083675384521484
1.0,1.0,0.842702329158783,1.0,1.0,0.7562184929847717
0.0,0.0,0.2725016176700592,0.0,0.0,0.3680354952812195
0.0,0.0,0.44088882207870483,1.0,0.0,0.4802466928958893
1.0,1.0,0.5813459157943726,0.0,0.0,0.43779921531677246
0.0,0.0,0.404805988073349,1.0,0.0,0.37944990396499634
0.0,0.0,0.30217939615249634,1.0,1.0,0.6280978322029114
1.0,1.0,0.7265169024467468,1.0,1.0,0.5870712995529175
1.0,0.0,0.3362068235874176,1.0,1.0,0.7716845273971558
1.0,1.0,0.7227926850318909,0.0,0.0,0.3534286916255951
0.0,0.0,0.4054332673549652,0.0,0.0,0.4876576066017151
1.0,0.0,0.4324563443660736,0.0,0.0,0.40481340885162354
1.0,0.0,0.3765426576137543,0.0,0.0,0.3006961941719055
0.0,0.0,0.20743881165981293,1.0,0.0,0.42400649189949036
1.0,0.0,0.4465600848197937,1.0,0.0,0.3952931761741638
0.0,0.0,0.2694064676761627,0.0,1.0,0.5515297651290894
1.0,1.0,0.5131003856658936,0.0,0.0,0.35551685094833374
1.0,0.0,0.48025959730148315,1.0,0.0,0.4355006814002991
0.0,0.0,0.2811717689037323,0.0,0.0,0.31548991799354553
0.0,1.0,0.5037966966629028,0.0,0.0,0.488494873046875
1.0,1.0,0.6336407661437988,1.0,0.0,0.3867604732513428
1.0,0.0,0.3932252526283264,1.0,1.0,0.8607980012893677
1.0,1.0,0.6742915511131287,1.0,1.0,0.757988452911377
1.0,0.0,0.37773597240448,0.0,1.0,0.5858971476554871
1.0,0.0,0.3882502615451813,0.0,0.0,0.3173049986362457
1.0,1.0,0.8674095273017883,0.0,0.0,0.4690122604370117
1.0,1.0,0.5717234015464783,1.0,0.0,0.38615554571151733
0.0,0.0,0.2943527400493622,1.0,0.0,0.42945393919944763
1.0,0.0,0.39217686653137207,0.0,0.0,0.35213571786880493
1.0,0.0,0.4810613989830017,0.0,0.0,0.3304509222507477
0.0,0.0,0.26732078194618225,1.0,1.0,0.8541651368141174
1.0,0.0,0.47744232416152954,1.0,1.0,0.7544617056846619
1.0,1.0,0.7190119028091431,1.0,0.0,0.35425135493278503
0.0,0.0,0.3648909032344818,0.0,0.0,0.3915262520313263
0.0,0.0,0.2594763934612274,1.0,1.0,0.728966236114502
1.0,1.0,0.5059592723846436,0.0,0.0,0.4893723726272583
0.0,0.0,0.3463299572467804,1.0,1.0,0.7621064186096191
0.0,0.0,0.2471768856048584,1.0,1.0,0.5290256142616272
0.0,1.0,0.5395815372467041,0.0,0.0,0.3207351565361023
0.0,0.0,0.4569026231765747,0.0,0.0,0.4054102599620819
1.0,0.0,0.4321921169757843,0.0,0.0,0.21301501989364624
1.0,0.0,0.37993088364601135,0.0,0.0,0.4135133624076843
1.0,1.0,0.5985611081123352,0.0,1.0,0.505705714225769
1.0,1.0,0.5370520353317261,0.0,0.0,0.2873331308364868
1.0,0.0,0.4778077006340027,0.0,0.0,0.306336909532547
1.0,1.0,0.5751898288726807,0.0,0.0,0.44839903712272644
1.0,0.0,0.44183728098869324,1.0,0.0,0.43409377336502075
1.0,1.0,0.7519040107727051,1.0,1.0,0.7901756167411804
0.0,0.0,0.45881929993629456,0.0,0.0,0.3106924891471863
0.0,0.0,0.369233101606369,0.0,0.0,0.4374774396419525
0.0,1.0,0.5928898453712463,1.0,0.0,0.29446959495544434
0.0,0.0,0.2858331799507141,0.0,0.0,0.37522056698799133
1.0,0.0,0.2984373867511749,0.0,1.0,0.71394282579422
1.0,1.0,0.5717716217041016,1.0,1.0,0.5403528213500977
1.0,1.0,0.5136101245880127,0.0,0.0,0.38633790612220764
0.0,0.0,0.418025404214859,0.0,0.0,0.4953928589820862
0.0,0.0,0.36809301376342773,1.0,1.0,0.6845544576644897
1.0,0.0,0.48754099011421204,0.0,0.0,0.2903064489364624
0.0,0.0,0.4074041545391083,1.0,1.0,0.5693557858467102
0.0,0.0,0.3517126142978668,0.0,1.0,0.6001467704772949
0.0,0.0,0.4254554510116577,0.0,0.0,0.3154723346233368
1.0,1.0,0.8773831725120544,1.0,1.0,0.5036259293556213
0.0,0.0,0.2535124123096466,0.0,0.0,0.47730332612991333
1.0,1.0,0.6393209099769592,1.0,1.0,0.86335289478302
1.0,0.0,0.3174363076686859,1.0,0.0,0.3164829611778259
0.0,0.0,0.28582561016082764,1.0,1.0,0.5456580519676208
0.0,0.0,0.37526580691337585,0.0,0.0,0.29402875900268555
1.0,0.0,0.47756659984588623,0.0,1.0,0.5557470917701721
1.0,1.0,0.8674095273017883,0.0,0.0,0.4983370900154114
1.0,1.0,0.6117705702781677,0.0,0.0,0.2980002760887146
0.0,1.0,0.7240692973136902,1.0,1.0,0.701110303401947
1.0,0.0,0.3358204662799835,1.0,1.0,0.5780913829803467
0.0,0.0,0.4157802164554596,1.0,0.0,0.37674617767333984
1.0,1.0,0.6594851613044739,1.0,1.0,0.9344115853309631
1.0,0.0,0.2784463167190552,0.0,0.0,0.35090339183807373
1.0,1.0,0.6066438555717468,0.0,0.0,0.293357789516449
1.0,1.0,0.8185763359069824,1.0,1.0,0.5109868049621582
1.0,0.0,0.4599825441837311,0.0,0.0,0.3688194453716278
0.0,0.0,0.27609866857528687,0.0,0.0,0.35024672746658325
1.0,1.0,0.8406227231025696,1.0,0.0,0.34546029567718506
0.0,1.0,0.5155152082443237,0.0,0.0,0.30612438917160034
0.0,0.0,0.27487412095069885,1.0,1.0,0.7554779052734375
0.0,0.0,0.3311704397201538,1.0,1.0,0.8295018076896667
0.0,1.0,0.6652001142501831,1.0,0.0,0.271499902009964
0.0,0.0,0.3679240942001343,1.0,1.0,0.5416882038116455
0.0,0.0,0.3333548307418823,0.0,0.0,0.41691118478775024
0.0,0.0,0.2858331799507141,0.0,0.0,0.3178454041481018
1.0,0.0,0.42187729477882385,0.0,1.0,0.5605249404907227
0.0,0.0,0.314779669046402,0.0,1.0,0.534481942653656
1.0,0.0,0.44128257036209106,1.0,1.0,0.6272704601287842
0.0,0.0,0.17108437418937683,1.0,0.0,0.2271028757095337
1.0,1.0,0.5420911312103271,0.0,0.0,0.39618390798568726
0.0,1.0,0.5883883237838745,0.0,0.0,0.33629903197288513
1.0,0.0,0.39902463555336,1.0,1.0,0.6272720098495483
1.0,1.0,0.6709858179092407,0.0,0.0,0.4262382686138153
1.0,1.0,0.8316292762756348,1.0,1.0,0.7110121250152588
1.0,1.0,0.7979182004928589,1.0,1.0,0.5526013374328613
1.0,1.0,0.6093478798866272,1.0,0.0,0.4607330560684204
1.0,1.0,0.6157334446907043,1.0,1.0,0.7229360938072205
1.0,0.0,0.33695900440216064,0.0,0.0,0.4665948450565338
1.0,1.0,0.6102838516235352,0.0,0.0,0.3688153028488159
0.0,0.0,0.3585450053215027,1.0,0.0,0.4636632800102234
0.0,0.0,0.31874123215675354,0.0,0.0,0.46569526195526123
0.0,0.0,0.3584441840648651,1.0,1.0,0.5126174688339233
0.0,0.0,0.3552374541759491,0.0,0.0,0.356974720954895
0.0,0.0,0.2731613516807556,0.0,0.0,0.42663151025772095
0.0,0.0,0.34677350521087646,0.0,0.0,0.34616807103157043
1.0,1.0,0.5723098516464233,0.0,0.0,0.4594496488571167
0.0,0.0,0.3599950671195984,1.0,1.0,0.6717492341995239
0.0,0.0,0.3372650444507599,0.0,0.0,0.35775044560432434
0.0,0.0,0.22900421917438507,0.0,0.0,0.4419768750667572
0.0,0.0,0.4022795855998993,1.0,1.0,0.8983081579208374
1.0,0.0,0.32149538397789,0.0,0.0,0.3669206202030182
1.0,0.0,0.3670152425765991,1.0,0.0,0.4168255627155304
1.0,1.0,0.6186272501945496,1.0,1.0,0.7514600157737732
0.0,0.0,0.3314131200313568,0.0,0.0,0.33931875228881836
0.0,0.0,0.4661131203174591,0.0,0.0,0.41606366634368896
1.0,0.0,0.49407994747161865,0.0,1.0,0.5551856756210327
1.0,1.0,0.9067520499229431,1.0,1.0,0.513103723526001
1.0,1.0,0.8472340106964111,1.0,0.0,0.4118996858596802
0.0,0.0,0.3970557451248169,1.0,0.0,0.32863563299179077
1.0,0.0,0.4535118043422699,1.0,0.0,0.40207698941230774
0.0,0.0,0.20241867005825043,1.0,1.0,0.5105413794517517
0.0,1.0,0.570884108543396,0.0,0.0,0.400988906621933
0.0,0.0,0.38513264060020447,0.0,0.0,0.3393948972225189
0.0,0.0,0.42537519335746765,1.0,1.0,0.9045162200927734
1.0,1.0,0.6394049525260925,1.0,1.0,0.7081930041313171
1.0,0.0,0.28823912143707275,0.0,0.0,0.33362483978271484
1.0,1.0,0.6137959361076355,0.0,1.0,0.5624050498008728
0.0,0.0,0.37113773822784424,0.0,0.0,0.4017722010612488
1.0,0.0,0.20733803510665894,1.0,1.0,0.8601741790771484
0.0,0.0,0.4410993158817291,0.0,0.0,0.34484991431236267
0.0,0.0,0.24958400428295135,0.0,0.0,0.28699183464050293
0.0,0.0,0.37240317463874817,1.0,1.0,0.5640391111373901
1.0,1.0,0.5144397020339966,0.0,0.0,0.344669908285141
0.0,0.0,0.42611390352249146,0.0,0.0,0.25705838203430176
0.0,0.0,0.3396715223789215,0.0,0.0,0.2971496880054474
0.0,0.0,0.2723909914493561,0.0,0.0,0.21399113535881042
0.0,0.0,0.37841492891311646,1.0,1.0,0.6690338253974915
1.0,0.0,0.4578624963760376,0.0,0.0,0.40399599075317383
0.0,0.0,0.4252281188964844,0.0,0.0,0.39875003695487976
0.0,1.0,0.8554885983467102,0.0,0.0,0.35256877541542053
1.0,0.0,0.408284068107605,1.0,1.0,0.7819617986679077
0.0,0.0,0.30641472339630127,1.0,1.0,0.5035796761512756
1.0,1.0,0.6464313864707947,0.0,1.0,0.5851703882217407
1.0,1.0,0.8288016319274902,1.0,0.0,0.35457757115364075
0.0,0.0,0.4344634413719177,0.0,0.0,0.3953380882740021
1.0,1.0,0.5001183748245239,0.0,0.0,0.3599526584148407
0.0,1.0,0.5008152723312378,1.0,1.0,0.7260668873786926
1.0,1.0,0.6972206830978394,1.0,1.0,0.6169649362564087
1.0,0.0,0.4727477431297302,0.0,0.0,0.18833641707897186
0.0,0.0,0.2706057131290436,1.0,1.0,0.6086304187774658
1.0,0.0,0.4698643684387207,0.0,1.0,0.5551450848579407
1.0,0.0,0.34545397758483887,1.0,1.0,0.9246956706047058
1.0,1.0,0.7998471856117249,0.0,1.0,0.8711653351783752
1.0,0.0,0.32774436473846436,0.0,0.0,0.38676393032073975
0.0,0.0,0.2675330638885498,0.0,0.0,0.44978147745132446
0.0,0.0,0.3420853018760681,0.0,0.0,0.3532714247703552
1.0,1.0,0.5409308671951294,0.0,1.0,0.5500196814537048
0.0,0.0,0.24791164696216583,0.0,0.0,0.30659303069114685
1.0,1.0,0.5166865587234497,0.0,0.0,0.32243606448173523
1.0,0.0,0.42093828320503235,0.0,0.0,0.4860058128833771
0.0,0.0,0.45394954085350037,0.0,1.0,0.5474507212638855
0.0,0.0,0.3112069070339203,1.0,1.0,0.6955690979957581
0.0,0.0,0.2654902935028076,0.0,0.0,0.38043054938316345
0.0,0.0,0.3353401720523834,1.0,1.0,0.5408409237861633
0.0,0.0,0.4822237491607666,1.0,1.0,0.8877212405204773
0.0,1.0,0.5242099165916443,1.0,1.0,0.5796769857406616
1.0,0.0,0.44578540325164795,1.0,1.0,0.7042847871780396
0.0,0.0,0.43714845180511475,0.0,0.0,0.3069794178009033
0.0,0.0,0.32274582982063293,0.0,0.0,0.32501357793807983
1.0,1.0,0.5661393404006958,1.0,1.0,0.7994361519813538
0.0,0.0,0.35906270146369934,0.0,1.0,0.5081625580787659
1.0,1.0,0.6570838689804077,0.0,0.0,0.33031824231147766
0.0,0.0,0.4641323685646057,1.0,0.0,0.42187729477882385
1.0,1.0,0.8183639049530029,0.0,0.0,0.4875972270965576
1.0,0.0,0.3951207101345062,1.0,0.0,0.4541490077972412
1.0,1.0,0.5742409825325012,0.0,1.0,0.519687831401825
1.0,1.0,0.6259400844573975,0.0,0.0,0.3928399980068207
0.0,0.0,0.27641355991363525,0.0,0.0,0.32817745208740234
0.0,0.0,0.20206338167190552,0.0,0.0,0.19151975214481354
0.0,0.0,0.33659034967422485,1.0,1.0,0.7897058725357056
0.0,0.0,0.2896706163883209,1.0,1.0,0.6878679394721985
0.0,0.0,0.4314687252044678,0.0,0.0,0.24746789038181305
0.0,0.0,0.35256877541542053,1.0,1.0,0.5571406483650208
0.0,0.0,0.40631991624832153,0.0,0.0,0.42199546098709106
1.0,1.0,0.7287449836730957,1.0,0.0,0.3861152231693268
0.0,0.0,0.23684801161289215,0.0,0.0,0.265868216753006
0.0,0.0,0.3995770812034607,0.0,0.0,0.4499739706516266
0.0,0.0,0.2927229702472687,0.0,0.0,0.48502084612846375
1.0,1.0,0.5177096128463745,0.0,0.0,0.3552556037902832
1.0,0.0,0.2660605311393738,0.0,0.0,0.3185174763202667
1.0,1.0,0.7204652428627014,0.0,0.0,0.4429163932800293
0.0,0.0,0.37805166840553284,0.0,0.0,0.3742888569831848
1.0,1.0,0.5540048480033875,1.0,1.0,0.5230525135993958
0.0,0.0,0.38550660014152527,0.0,1.0,0.6518495082855225
0.0,1.0,0.5113000869750977,1.0,1.0,0.6481258869171143
1.0,0.0,0.44204115867614746,0.0,0.0,0.3003281354904175
0.0,0.0,0.37305840849876404,1.0,1.0,0.7482007145881653
1.0,1.0,0.5845516920089722,0.0,0.0,0.35249602794647217
0.0,0.0,0.41860824823379517,1.0,1.0,0.8539906144142151
1.0,1.0,0.7862817645072937,0.0,0.0,0.48994413018226624
0.0,0.0,0.4664515256881714,0.0,0.0,0.2762857973575592
1.0,1.0,0.7856991291046143,0.0,0.0,0.19420894980430603
1.0,1.0,0.56693434715271,0.0,0.0,0.41228917241096497
1.0,1.0,0.7365399599075317,0.0,0.0,0.25910720229148865
0.0,0.0,0.4063674807548523,1.0,1.0,0.8197039365768433
1.0,0.0,0.49248018860816956,0.0,0.0,0.33415552973747253
0.0,0.0,0.4421840310096741,1.0,1.0,0.5162762999534607
0.0,0.0,0.29613372683525085,1.0,0.0,0.4883057177066803
1.0,1.0,0.6668214797973633,0.0,0.0,0.3988351821899414
1.0,1.0,0.513103723526001,0.0,0.0,0.34789568185806274
0.0,0.0,0.1456531584262848,0.0,1.0,0.65626060962677
1.0,1.0,0.7086433172225952,1.0,0.0,0.48200884461402893
1.0,1.0,0.8015431761741638,1.0,1.0,0.5670583844184875
1.0,1.0,0.5331019759178162,0.0,0.0,0.37556204199790955
1.0,0.0,0.37931185960769653,0.0,0.0,0.4885302782058716
1.0,0.0,0.37454378604888916,1.0,0.0,0.3070200979709625
1.0,0.0,0.4180449843406677,0.0,0.0,0.2506948709487915
1.0,0.0,0.35660266876220703,1.0,0.0,0.30142292380332947
1.0,1.0,0.5872708559036255,0.0,0.0,0.20832520723342896
0.0,0.0,0.38490164279937744,1.0,1.0,0.5647258162498474
0.0,0.0,0.34546467661857605,0.0,1.0,0.612434983253479
0.0,0.0,0.3852497637271881,0.0,0.0,0.32076597213745117
0.0,0.0,0.28733426332473755,1.0,1.0,0.8304188251495361
1.0,1.0,0.6171963810920715,0.0,0.0,0.49782595038414
1.0,1.0,0.5230346918106079,1.0,0.0,0.46428579092025757
0.0,0.0,0.3256462812423706,0.0,0.0,0.3782977759838104
0.0,0.0,0.22630761563777924,0.0,1.0,0.5111138820648193
1.0,1.0,0.6339657306671143,1.0,1.0,0.9081535339355469
1.0,1.0,0.7457364201545715,0.0,0.0,0.2301713526248932
1.0,0.0,0.40918228030204773,0.0,0.0,0.3601675033569336
0.0,0.0,0.30487895011901855,1.0,1.0,0.504664957523346
0.0,0.0,0.424979567527771,0.0,0.0,0.3355426490306854
1.0,0.0,0.3996706008911133,0.0,0.0,0.27534741163253784
0.0,0.0,0.4255967140197754,0.0,0.0,0.31614309549331665
0.0,0.0,0.39928123354911804,0.0,0.0,0.37670376896858215
0.0,0.0,0.37122848629951477,1.0,0.0,0.2551990747451782
1.0,1.0,0.5988176465034485,0.0,1.0,0.5652204751968384
0.0,0.0,0.33191707730293274,0.0,1.0,0.5912062525749207
1.0,0.0,0.33870312571525574,0.0,1.0,0.5914598703384399
0.0,0.0,0.40627795457839966,1.0,1.0,0.8565477132797241
0.0,0.0,0.2526390850543976,0.0,0.0,0.4102005660533905
0.0,0.0,0.23970432579517365,0.0,1.0,0.6055247783660889
1.0,0.0,0.4537508487701416,1.0,1.0,0.5691914558410645
0.0,0.0,0.31638047099113464,0.0,0.0,0.24822543561458588
1.0,1.0,0.7451685667037964,0.0,0.0,0.3953763246536255
1.0,0.0,0.33008402585983276,0.0,0.0,0.42441970109939575
1.0,0.0,0.43188244104385376,0.0,0.0,0.39161521196365356
0.0,1.0,0.5157040953636169,1.0,0.0,0.33019858598709106
0.0,0.0,0.44623950123786926,0.0,0.0,0.384714812040329
1.0,1.0,0.6772608160972595,0.0,0.0,0.39096713066101074
1.0,0.0,0.39299842715263367,1.0,0.0,0.4729144871234894
1.0,1.0,0.9122716784477234,1.0,1.0,0.5277398228645325
1.0,1.0,0.6480680108070374,1.0,1.0,0.8421618938446045
0.0,0.0,0.491639107465744,1.0,0.0,0.35517582297325134
0.0,0.0,0.40572571754455566,1.0,1.0,0.9339936375617981
1.0,1.0,0.5390408635139465,0.0,0.0,0.4014729857444763
0.0,0.0,0.26886677742004395,1.0,1.0,0.7699118852615356
0.0,0.0,0.34273386001586914,0.0,0.0,0.37034279108047485
1.0,1.0,0.8491520285606384,1.0,1.0,0.5161893367767334
0.0,0.0,0.4474756717681885,1.0,0.0,0.3192678689956665
0.0,0.0,0.27279049158096313,0.0,0.0,0.23741604387760162
0.0,0.0,0.3559861183166504,0.0,0.0,0.35511860251426697
1.0,0.0,0.36772799491882324,0.0,0.0,0.3019006848335266
0.0,0.0,0.37937384843826294,0.0,0.0,0.4524363577365875
0.0,0.0,0.425456702709198,0.0,0.0,0.3100602924823761
1.0,0.0,0.4001930058002472,1.0,1.0,0.7873950004577637
1.0,0.0,0.32980862259864807,1.0,1.0,0.7192235589027405
0.0,0.0,0.42378899455070496,1.0,1.0,0.838347315788269
0.0,0.0,0.4535118043422699,1.0,1.0,0.5081462264060974
1.0,1.0,0.856691837310791,0.0,0.0,0.31343674659729004
0.0,0.0,0.3539920151233673,1.0,0.0,0.4176906645298004
0.0,0.0,0.3697410523891449,1.0,1.0,0.6164551973342896
0.0,0.0,0.4162999987602234,1.0,1.0,0.8225878477096558
1.0,0.0,0.4977640211582184,0.0,1.0,0.526293158531189
0.0,0.0,0.4128844141960144,1.0,0.0,0.47947922348976135
1.0,1.0,0.5094788670539856,0.0,0.0,0.42829909920692444
1.0,1.0,0.5659394860267639,0.0,0.0,0.40719175338745117
0.0,0.0,0.3654627501964569,0.0,0.0,0.3578314781188965
1.0,1.0,0.5240138173103333,1.0,0.0,0.2271028757095337
1.0,0.0,0.4782882630825043,1.0,1.0,0.6084156632423401
1.0,1.0,0.5461617708206177,1.0,1.0,0.73954176902771
0.0,0.0,0.344330757856369,0.0,0.0,0.2757473886013031
1.0,0.0,0.42746102809906006,1.0,1.0,0.7479059100151062
1.0,1.0,0.7290800213813782,1.0,1.0,0.8938308358192444
0.0,0.0,0.4828970730304718,1.0,1.0,0.5761700868606567
1.0,1.0,0.6747561693191528,0.0,0.0,0.4507729113101959
0.0,0.0,0.4926038980484009,0.0,0.0,0.3028772473335266
1.0,1.0,0.8058958053588867,0.0,1.0,0.5010645389556885
1.0,1.0,0.5092424154281616,0.0,0.0,0.3172895610332489
0.0,0.0,0.3212326467037201,1.0,0.0,0.3580140769481659
1.0,1.0,0.7830289006233215,0.0,0.0,0.4206095337867737
1.0,0.0,0.4620507061481476,0.0,0.0,0.4193756580352783
0.0,0.0,0.193499356508255,1.0,1.0,0.5885747075080872
0.0,0.0,0.27917200326919556,0.0,0.0,0.42398715019226074
1.0,1.0,0.5510427951812744,,,
0.0,0.0,0.32058125734329224,,,
0.0,0.0,0.28823912143707275,,,
1.0,1.0,0.8305134177207947,,,
1.0,1.0,0.5018770694732666,,,
0.0,0.0,0.45243898034095764,,,
1.0,0.0,0.4398355185985565,,,
0.0,0.0,0.22630761563777924,,,
0.0,0.0,0.43270814418792725,,,
0.0,1.0,0.5753774642944336,,,
0.0,0.0,0.26156380772590637,,,
0.0,0.0,0.36811596155166626,,,
1.0,0.0,0.4335934817790985,,,
0.0,0.0,0.23457391560077667,,,
1.0,1.0,0.7121595144271851,,,
1.0,1.0,0.6480873227119446,,,
1.0,1.0,0.5850430130958557,,,
1.0,0.0,0.41844847798347473,,,
1.0,1.0,0.5403528213500977,,,
1.0,1.0,0.638979434967041,,,
0.0,0.0,0.15888053178787231,,,
1.0,1.0,0.5965597629547119,,,
0.0,0.0,0.2654902935028076,,,
1.0,0.0,0.4256320297718048,,,
1.0,0.0,0.4808652698993683,,,
0.0,0.0,0.4256245195865631,,,
1.0,1.0,0.6420421600341797,,,
1.0,1.0,0.5104864239692688,,,
0.0,1.0,0.5165243744850159,,,
1.0,0.0,0.41671210527420044,,,
1.0,1.0,0.6530537605285645,,,
1.0,1.0,0.5237473845481873,,,
1.0,0.0,0.4141375422477722,,,
0.0,0.0,0.30067041516304016,,,
0.0,0.0,0.3228210210800171,,,
1.0,0.0,0.4510246217250824,,,
0.0,0.0,0.37954509258270264,,,
0.0,1.0,0.5315697193145752,,,
0.0,1.0,0.5843462944030762,,,
1.0,0.0,0.4319956302642822,,,
0.0,0.0,0.23832865059375763,,,
0.0,0.0,0.31437379121780396,,,
1.0,0.0,0.42643797397613525,,,
1.0,1.0,0.5795859098434448,,,
0.0,0.0,0.43492066860198975,,,
1.0,0.0,0.4170638918876648,,,
0.0,0.0,0.35837045311927795,,,
0.0,0.0,0.2767636477947235,,,
0.0,0.0,0.3488081693649292,,,
1.0,0.0,0.36760246753692627,,,
1.0,1.0,0.8513818979263306,,,
1.0,1.0,0.5334522724151611,,,
0.0,0.0,0.3106597065925598,,,
1.0,1.0,0.6747220754623413,,,
0.0,0.0,0.43511757254600525,,,
1.0,1.0,0.5227338075637817,,,
0.0,0.0,0.2826181948184967,,,
1.0,0.0,0.43086954951286316,,,
0.0,0.0,0.2556712031364441,,,
0.0,0.0,0.43071645498275757,,,
1.0,0.0,0.3125191926956177,,,
0.0,0.0,0.4753376245498657,,,
0.0,0.0,0.4641578495502472,,,
1.0,1.0,0.5082148313522339,,,
0.0,0.0,0.49508047103881836,,,
0.0,0.0,0.26788806915283203,,,
0.0,0.0,0.37786704301834106,,,
0.0,0.0,0.3360750079154968,,,
0.0,0.0,0.3231910169124603,,,
0.0,0.0,0.2767046093940735,,,
0.0,0.0,0.39423903822898865,,,
0.0,0.0,0.386054664850235,,,
0.0,0.0,0.36887797713279724,,,
1.0,1.0,0.5089555978775024,,,
1.0,1.0,0.7785058617591858,,,
0.0,0.0,0.4326874315738678,,,
0.0,0.0,0.3528226912021637,,,
1.0,0.0,0.4628446698188782,,,
0.0,0.0,0.328121155500412,,,
0.0,0.0,0.28018254041671753,,,
1.0,1.0,0.9300881028175354,,,
0.0,0.0,0.3411581814289093,,,
1.0,1.0,0.7238971590995789,,,
1.0,1.0,0.5569635033607483,,,
1.0,0.0,0.4945501983165741,,,
1.0,1.0,0.5796769857406616,,,
1.0,0.0,0.43051549792289734,,,
1.0,1.0,0.5557283163070679,,,
0.0,0.0,0.3106279969215393,,,
1.0,0.0,0.40243980288505554,,,
0.0,0.0,0.39383408427238464,,,
1.0,1.0,0.8225663304328918,,,
1.0,0.0,0.49779969453811646,,,
0.0,0.0,0.2801034450531006,,,
1.0,1.0,0.7273705005645752,,,
0.0,0.0,0.35999223589897156,,,
0.0,0.0,0.45230159163475037,,,
0.0,0.0,0.325245201587677,,,
1.0,1.0,0.5162368416786194,,,
0.0,0.0,0.4050614833831787,,,
1.0,0.0,0.4083317816257477,,,
1.0,1.0,0.5735659003257751,,,
0.0,1.0,0.510708749294281,,,
0.0,0.0,0.3348376154899597,,,
0.0,0.0,0.39271825551986694,,,
1.0,1.0,0.9084285497665405,,,
1.0,0.0,0.4875260889530182,,,
0.0,0.0,0.3049919009208679,,,
1.0,0.0,0.49131831526756287,,,
1.0,1.0,0.8961438536643982,,,
1.0,0.0,0.4477350115776062,,,
1.0,0.0,0.35755133628845215,,,
0.0,0.0,0.4836980104446411,,,
0.0,0.0,0.3873522877693176,,,
1.0,0.0,0.48014259338378906,,,
0.0,1.0,0.5871742963790894,,,
0.0,0.0,0.37830275297164917,,,
0.0,0.0,0.2896284759044647,,,
0.0,0.0,0.26427674293518066,,,
1.0,1.0,0.7425141930580139,,,
1.0,1.0,0.7991998195648193,,,
0.0,0.0,0.3640749752521515,,,
0.0,0.0,0.3575834631919861,,,
1.0,1.0,0.8658949732780457,,,
1.0,1.0,0.7647236585617065,,,
0.0,0.0,0.23086947202682495,,,
0.0,0.0,0.3548280596733093,,,
0.0,0.0,0.31067198514938354,,,
0.0,0.0,0.3998223543167114,,,
0.0,0.0,0.21843239665031433,,,
1.0,0.0,0.41254308819770813,,,
0.0,1.0,0.5634385347366333,,,
0.0,0.0,0.2923770546913147,,,
1.0,0.0,0.43527349829673767,,,
0.0,0.0,0.39433714747428894,,,
0.0,0.0,0.49909886717796326,,,
0.0,0.0,0.36602717638015747,,,
0.0,0.0,0.2594515383243561,,,
0.0,0.0,0.13895905017852783,,,
1.0,0.0,0.34060150384902954,,,
1.0,0.0,0.48492035269737244,,,
0.0,0.0,0.34683331847190857,,,
1.0,1.0,0.5016041994094849,,,
1.0,1.0,0.5755300521850586,,,
0.0,0.0,0.2790659964084625,,,
0.0,0.0,0.30114227533340454,,,
0.0,0.0,0.38267865777015686,,,
0.0,0.0,0.16986282169818878,,,
0.0,0.0,0.35553842782974243,,,
0.0,0.0,0.2902784049510956,,,
0.0,1.0,0.5114803910255432,,,
0.0,1.0,0.5052101612091064,,,
1.0,1.0,0.8254191875457764,,,
1.0,0.0,0.34371644258499146,,,
1.0,1.0,0.622572124004364,,,
0.0,0.0,0.41206732392311096,,,
1.0,1.0,0.7100940942764282,,,
0.0,0.0,0.3942616879940033,,,
1.0,0.0,0.45706215500831604,,,
0.0,0.0,0.37141314148902893,,,
0.0,0.0,0.34068018198013306,,,
0.0,0.0,0.44522929191589355,,,
1.0,1.0,0.7444478869438171,,,
0.0,0.0,0.3340623378753662,,,
1.0,1.0,0.516599714756012,,,
0.0,0.0,0.3344452381134033,,,
1.0,1.0,0.8379791378974915,,,
1.0,1.0,0.6088748574256897,,,
0.0,0.0,0.4926126301288605,,,
0.0,0.0,0.2761814296245575,,,
0.0,0.0,0.44896200299263,,,
1.0,1.0,0.5430546402931213,,,
1.0,1.0,0.6297232508659363,,,
0.0,0.0,0.30869629979133606,,,
1.0,1.0,0.9097715616226196,,,
1.0,1.0,0.6026676297187805,,,
0.0,0.0,0.21338790655136108,,,
1.0,1.0,0.691901445388794,,,
1.0,1.0,0.8904405236244202,,,
1.0,0.0,0.48711180686950684,,,
0.0,0.0,0.48904407024383545,,,
1.0,1.0,0.7128943800926208,,,
1.0,1.0,0.7252467274665833,,,
1.0,1.0,0.6952771544456482,,,
1.0,1.0,0.6805585026741028,,,
1.0,1.0,0.6717492341995239,,,
0.0,0.0,0.39482051134109497,,,
1.0,0.0,0.3053329586982727,,,
0.0,1.0,0.6184499263763428,,,
1.0,0.0,0.4164735972881317,,,
0.0,0.0,0.3126809597015381,,,
0.0,0.0,0.39635801315307617,,,
0.0,0.0,0.4607822000980377,,,
0.0,0.0,0.3596959710121155,,,
1.0,0.0,0.3850584030151367,,,
0.0,0.0,0.14779475331306458,,,
0.0,0.0,0.39260944724082947,,,
0.0,0.0,0.43471449613571167,,,
0.0,0.0,0.33008402585983276,,,
0.0,0.0,0.3583129644393921,,,
1.0,0.0,0.4595479369163513,,,
1.0,0.0,0.49937185645103455,,,
0.0,1.0,0.7433643341064453,,,
1.0,1.0,0.7428006529808044,,,
1.0,1.0,0.8084822297096252,,,
0.0,0.0,0.40436169505119324,,,
1.0,0.0,0.46638891100883484,,,
1.0,0.0,0.41110289096832275,,,
0.0,0.0,0.3693549633026123,,,
1.0,1.0,0.8745704889297485,,,
1.0,1.0,0.5420119166374207,,,
0.0,0.0,0.31155475974082947,,,
1.0,1.0,0.5369771122932434,,,
1.0,1.0,0.5408971905708313,,,
1.0,1.0,0.6253654956817627,,,
1.0,1.0,0.513751745223999,,,
0.0,0.0,0.4310581088066101,,,
1.0,0.0,0.449049711227417,,,
1.0,0.0,0.4400273263454437,,,
0.0,0.0,0.19588734209537506,,,
0.0,0.0,0.3951563537120819,,,
1.0,1.0,0.5778355002403259,,,
0.0,0.0,0.3120761513710022,,,
0.0,0.0,0.16512706875801086,,,
1.0,1.0,0.8118441104888916,,,
0.0,0.0,0.3035653531551361,,,
1.0,0.0,0.46020644903182983,,,
0.0,0.0,0.3146911561489105,,,
0.0,0.0,0.25727900862693787,,,
1.0,1.0,0.5916010141372681,,,
0.0,0.0,0.41397422552108765,,,
0.0,0.0,0.3380262851715088,,,
1.0,1.0,0.7686591148376465,,,
0.0,0.0,0.2516236901283264,,,
1.0,0.0,0.3579879403114319,,,
0.0,0.0,0.36417874693870544,,,
1.0,1.0,0.7499035596847534,,,
0.0,0.0,0.4096595346927643,,,
1.0,0.0,0.36452043056488037,,,
1.0,0.0,0.45505663752555847,,,
0.0,0.0,0.3495071530342102,,,
1.0,0.0,0.45980706810951233,,,
1.0,1.0,0.8444084525108337,,,
1.0,1.0,0.6010860800743103,,,
1.0,0.0,0.47633326053619385,,,
0.0,0.0,0.2752262055873871,,,
0.0,0.0,0.3193538784980774,,,
0.0,0.0,0.25727900862693787,,,
0.0,0.0,0.4628232717514038,,,
1.0,1.0,0.7332877516746521,,,
1.0,1.0,0.7309287190437317,,,
1.0,1.0,0.6551855802536011,,,
0.0,0.0,0.36180973052978516,,,
0.0,0.0,0.31102287769317627,,,
1.0,0.0,0.4437103271484375,,,
0.0,0.0,0.4908098578453064,,,
1.0,0.0,0.4250018298625946,,,
1.0,1.0,0.7948353290557861,,,
1.0,1.0,0.8335124850273132,,,
0.0,0.0,0.3225443661212921,,,
1.0,1.0,0.6404184699058533,,,
0.0,0.0,0.23951922357082367,,,
1.0,1.0,0.7551458477973938,,,
1.0,0.0,0.39709874987602234,,,
0.0,0.0,0.40736111998558044,,,
0.0,0.0,0.3476516008377075,,,
0.0,0.0,0.3583129644393921,,,
1.0,0.0,0.49551892280578613,,,
1.0,1.0,0.8487660884857178,,,
0.0,0.0,0.20552588999271393,,,
0.0,0.0,0.3897194266319275,,,
1.0,1.0,0.5731898546218872,,,
1.0,1.0,0.8306457996368408,,,
0.0,0.0,0.3526594042778015,,,
0.0,0.0,0.38562554121017456,,,
0.0,0.0,0.29068565368652344,,,
0.0,0.0,0.44949448108673096,,,
1.0,1.0,0.5328924059867859,,,
0.0,1.0,0.5765867233276367,,,
1.0,0.0,0.3680060803890228,,,
1.0,1.0,0.5303870439529419,,,
0.0,0.0,0.4221949875354767,,,
0.0,1.0,0.719306230545044,,,
0.0,0.0,0.43716463446617126,,,
0.0,0.0,0.3675488829612732,,,
0.0,0.0,0.422438383102417,,,
1.0,0.0,0.3084914982318878,,,
1.0,1.0,0.8717886805534363,,,
1.0,1.0,0.5844729542732239,,,
0.0,0.0,0.45835360884666443,,,
0.0,0.0,0.3762674927711487,,,
0.0,0.0,0.282975971698761,,,
1.0,1.0,0.6251034736633301,,,
0.0,0.0,0.41546928882598877,,,
1.0,1.0,0.73138028383255,,,
0.0,0.0,0.1568896770477295,,,
0.0,1.0,0.5700603723526001,,,
0.0,1.0,0.7367207407951355,,,
1.0,0.0,0.4013882279396057,,,
0.0,0.0,0.3163306415081024,,,
0.0,0.0,0.39217686653137207,,,
0.0,0.0,0.3024146258831024,,,
0.0,0.0,0.37451544404029846,,,
1.0,1.0,0.7767661213874817,,,
0.0,0.0,0.34483465552330017,,,
0.0,0.0,0.3227877616882324,,,
1.0,1.0,0.6878405809402466,,,
0.0,0.0,0.4020664095878601,,,
0.0,0.0,0.4832957088947296,,,
1.0,1.0,0.5834117531776428,,,
1.0,1.0,0.6144561171531677,,,
0.0,0.0,0.4087468087673187,,,
1.0,0.0,0.42698630690574646,,,
0.0,0.0,0.4101898968219757,,,
0.0,0.0,0.39570972323417664,,,
0.0,1.0,0.6352877616882324,,,
0.0,0.0,0.30678558349609375,,,
0.0,0.0,0.33776232600212097,,,
0.0,1.0,0.7713713645935059,,,
0.0,0.0,0.4439023733139038,,,
1.0,0.0,0.41088688373565674,,,
0.0,1.0,0.5457935333251953,,,
1.0,0.0,0.3575793206691742,,,
1.0,0.0,0.43540769815444946,,,
0.0,0.0,0.3530087471008301,,,
0.0,0.0,0.40028393268585205,,,
0.0,0.0,0.46776801347732544,,,
0.0,0.0,0.48286694288253784,,,
1.0,0.0,0.4608326256275177,,,
0.0,0.0,0.47036415338516235,,,
1.0,1.0,0.5118774175643921,,,
1.0,0.0,0.3936753571033478,,,
0.0,1.0,0.5512703657150269,,,
0.0,0.0,0.36063340306282043,,,
1.0,1.0,0.6375532150268555,,,
1.0,1.0,0.6308329701423645,,,
1.0,1.0,0.9043822288513184,,,
1.0,1.0,0.6006379723548889,,,
1.0,1.0,0.5720710754394531,,,
1.0,1.0,0.7733100652694702,,,
0.0,1.0,0.518110454082489,,,
0.0,0.0,0.29855823516845703,,,
0.0,0.0,0.3615366220474243,,,
1.0,1.0,0.7073013782501221,,,
0.0,0.0,0.16088058054447174,,,
1.0,1.0,0.7204732894897461,,,
1.0,1.0,0.8502232432365417,,,
0.0,1.0,0.5204731822013855,,,
1.0,1.0,0.7118512392044067,,,
0.0,1.0,0.5905970931053162,,,
0.0,1.0,0.5719336867332458,,,
1.0,0.0,0.2873331308364868,,,
0.0,0.0,0.4208104610443115,,,
1.0,1.0,0.6017683744430542,,,
0.0,0.0,0.3507881462574005,,,
1.0,0.0,0.38296496868133545,,,
0.0,0.0,0.3964082896709442,,,
1.0,1.0,0.6535371541976929,,,
1.0,0.0,0.28823912143707275,,,
0.0,0.0,0.39098724722862244,,,
1.0,0.0,0.47036415338516235,,,
0.0,0.0,0.3302898108959198,,,
0.0,0.0,0.4362131655216217,,,
1.0,0.0,0.45674270391464233,,,
0.0,0.0,0.3199186623096466,,,
1.0,1.0,0.693256139755249,,,
1.0,1.0,0.5112140774726868,,,
0.0,1.0,0.5080934762954712,,,
0.0,1.0,0.8105669617652893,,,
1.0,0.0,0.23631048202514648,,,
0.0,1.0,0.5561974048614502,,,
0.0,0.0,0.16512706875801086,,,
1.0,1.0,0.7494529485702515,,,
1.0,0.0,0.4338163435459137,,,
0.0,0.0,0.392665833234787,,,
0.0,0.0,0.29172101616859436,,,
1.0,0.0,0.3759309649467468,,,
0.0,0.0,0.44328469038009644,,,
0.0,0.0,0.39419299364089966,,,
1.0,0.0,0.20657455921173096,,,
1.0,1.0,0.781180739402771,,,
0.0,0.0,0.29017892479896545,,,
0.0,0.0,0.452862411737442,,,
0.0,0.0,0.29267606139183044,,,
0.0,0.0,0.3364006578922272,,,
0.0,0.0,0.4693906009197235,,,
0.0,0.0,0.36404597759246826,,,
0.0,0.0,0.3184523284435272,,,
0.0,0.0,0.38568347692489624,,,
1.0,1.0,0.7488373517990112,,,
0.0,0.0,0.39416778087615967,,,
1.0,1.0,0.5308672785758972,,,
1.0,1.0,0.7298832535743713,,,
0.0,1.0,0.5260928273200989,,,
0.0,1.0,0.5126965641975403,,,
1.0,1.0,0.557925820350647,,,
1.0,0.0,0.4740951955318451,,,
1.0,1.0,0.5576232075691223,,,
0.0,0.0,0.39923495054244995,,,
0.0,0.0,0.3289200961589813,,,
0.0,0.0,0.3455125391483307,,,
0.0,0.0,0.3149612843990326,,,
1.0,0.0,0.38792699575424194,,,
1.0,1.0,0.760254979133606,,,
1.0,0.0,0.42111092805862427,,,
0.0,0.0,0.43979737162590027,,,
1.0,1.0,0.5427932739257812,,,
1.0,1.0,0.6228442788124084,,,
1.0,1.0,0.5788041949272156,,,
0.0,0.0,0.328121155500412,,,
1.0,0.0,0.4174879193305969,,,
0.0,0.0,0.4066809117794037,,,
0.0,0.0,0.36735013127326965,,,
0.0,0.0,0.46854203939437866,,,
1.0,1.0,0.7812376022338867,,,
1.0,0.0,0.29451984167099,,,
1.0,1.0,0.5201396942138672,,,
0.0,1.0,0.6411060690879822,,,
1.0,1.0,0.7835491299629211,,,
0.0,0.0,0.4571552276611328,,,
0.0,0.0,0.19693008065223694,,,
1.0,0.0,0.34186214208602905,,,
0.0,0.0,0.2784579396247864,,,
1.0,0.0,0.4698643684387207,,,
0.0,0.0,0.4838695228099823,,,
0.0,0.0,0.27796992659568787,,,
0.0,0.0,0.42052915692329407,,,
0.0,1.0,0.533583402633667,,,
1.0,1.0,0.6565340757369995,,,
1.0,0.0,0.43583914637565613,,,
0.0,1.0,0.5676330924034119,,,
1.0,1.0,0.6225487589836121,,,
0.0,0.0,0.43338853120803833,,,
1.0,1.0,0.7928280234336853,,,
1.0,1.0,0.5313826203346252,,,
0.0,0.0,0.3530087471008301,,,
0.0,0.0,0.41330376267433167,,,
1.0,1.0,0.7229359149932861,,,
0.0,0.0,0.38603171706199646,,,
0.0,0.0,0.27195435762405396,,,
1.0,1.0,0.6138924956321716,,,
0.0,0.0,0.3452460765838623,,,
1.0,1.0,0.5464416146278381,,,
0.0,0.0,0.35702580213546753,,,
1.0,1.0,0.7423708438873291,,,
1.0,0.0,0.3472243845462799,,,
0.0,0.0,0.49937185645103455,,,
1.0,1.0,0.7774618864059448,,,
0.0,0.0,0.2412918657064438,,,
1.0,1.0,0.5859048366546631,,,
1.0,0.0,0.47053080797195435,,,
0.0,0.0,0.36035168170928955,,,
1.0,1.0,0.5468970537185669,,,
1.0,1.0,0.6055116057395935,,,
0.0,0.0,0.1509183645248413,,,
1.0,0.0,0.42139893770217896,,,
0.0,0.0,0.31869620084762573,,,
1.0,0.0,0.49095210433006287,,,
0.0,0.0,0.3505597710609436,,,
0.0,1.0,0.5468149185180664,,,
1.0,1.0,0.877790629863739,,,
1.0,1.0,0.7100322842597961,,,
1.0,1.0,0.6773144006729126,,,
1.0,0.0,0.4197680950164795,,,
0.0,1.0,0.500347375869751,,,
0.0,0.0,0.31987258791923523,,,
0.0,1.0,0.706566572189331,,,
1.0,0.0,0.3773308992385864,,,
1.0,1.0,0.8674095273017883,,,
0.0,0.0,0.2629188895225525,,,
1.0,0.0,0.4163036346435547,,,
1.0,0.0,0.43714237213134766,,,
1.0,0.0,0.3818870782852173,,,
1.0,0.0,0.45769476890563965,,,
1.0,0.0,0.39215514063835144,,,
1.0,1.0,0.5188059210777283,,,
0.0,0.0,0.41312193870544434,,,
0.0,0.0,0.2908756136894226,,,
1.0,1.0,0.6039618253707886,,,
1.0,1.0,0.6299488544464111,,,
1.0,1.0,0.6049723625183105,,,
0.0,0.0,0.27179548144340515,,,
1.0,1.0,0.6453980803489685,,,
1.0,1.0,0.5556390285491943,,,
0.0,0.0,0.18916626274585724,,,
1.0,1.0,0.9260030388832092,,,
1.0,1.0,0.5937162041664124,,,
0.0,0.0,0.34706440567970276,,,
0.0,0.0,0.29424193501472473,,,
0.0,0.0,0.44778284430503845,,,
1.0,1.0,0.5677728056907654,,,
1.0,1.0,0.5728551745414734,,,
0.0,0.0,0.3909236490726471,,,
0.0,1.0,0.5258395075798035,,,
1.0,1.0,0.6515942215919495,,,
0.0,0.0,0.4342271685600281,,,
1.0,0.0,0.3832719922065735,,,
1.0,1.0,0.6496008038520813,,,
0.0,0.0,0.29312071204185486,,,
0.0,0.0,0.270354688167572,,,
1.0,1.0,0.8771232962608337,,,
0.0,0.0,0.4918127954006195,,,
0.0,0.0,0.37403449416160583,,,
1.0,0.0,0.44113415479660034,,,
1.0,1.0,0.7094442844390869,,,
0.0,0.0,0.43299949169158936,,,
1.0,1.0,0.6073862314224243,,,
1.0,0.0,0.36129626631736755,,,
1.0,0.0,0.4108656644821167,,,
0.0,0.0,0.48063817620277405,,,
1.0,1.0,0.5962768793106079,,,
1.0,1.0,0.6275258660316467,,,
0.0,1.0,0.587332010269165,,,
0.0,0.0,0.40960296988487244,,,
0.0,1.0,0.5026379227638245,,,
1.0,1.0,0.7958764433860779,,,
0.0,0.0,0.48772531747817993,,,
0.0,0.0,0.2139398753643036,,,
1.0,1.0,0.8340667486190796,,,
0.0,0.0,0.3873233497142792,,,
1.0,1.0,0.6856322288513184,,,
0.0,0.0,0.24983333051204681,,,
1.0,0.0,0.4461730420589447,,,
0.0,0.0,0.38478580117225647,,,
0.0,1.0,0.5614633560180664,,,
0.0,0.0,0.30399850010871887,,,
0.0,0.0,0.24881796538829803,,,
1.0,0.0,0.29967164993286133,,,
0.0,0.0,0.2671692371368408,,,
0.0,0.0,0.3010864853858948,,,
0.0,0.0,0.4431455433368683,,,
0.0,1.0,0.5882143974304199,,,
1.0,1.0,0.5638706088066101,,,
0.0,0.0,0.33692288398742676,,,
1.0,0.0,0.4163036346435547,,,
0.0,0.0,0.4095066487789154,,,
1.0,0.0,0.4328032433986664,,,
1.0,1.0,0.530184268951416,,,
0.0,0.0,0.4294753074645996,,,
0.0,0.0,0.3554421067237854,,,
1.0,0.0,0.4241996705532074,,,
0.0,0.0,0.34068018198013306,,,
1.0,0.0,0.4651111960411072,,,
1.0,1.0,0.6070377826690674,,,
0.0,0.0,0.2611580491065979,,,
0.0,0.0,0.44957441091537476,,,
1.0,0.0,0.4326983094215393,,,
1.0,1.0,0.6791167259216309,,,
1.0,0.0,0.36022359132766724,,,
0.0,0.0,0.4241662919521332,,,
0.0,0.0,0.48816636204719543,,,
1.0,0.0,0.32832616567611694,,,
0.0,0.0,0.27201786637306213,,,
1.0,1.0,0.5823861360549927,,,
0.0,0.0,0.4291324019432068,,,
1.0,0.0,0.3435627520084381,,,
1.0,0.0,0.3659038245677948,,,
0.0,0.0,0.37010273337364197,,,
0.0,0.0,0.3925163447856903,,,
1.0,0.0,0.36430761218070984,,,
0.0,0.0,0.20663093030452728,,,
0.0,1.0,0.658302903175354,,,
0.0,0.0,0.29495081305503845,,,
1.0,1.0,0.5508352518081665,,,
0.0,0.0,0.3297905921936035,,,
1.0,1.0,0.6902130246162415,,,
1.0,1.0,0.7412980198860168,,,
1.0,0.0,0.44475364685058594,,,
0.0,0.0,0.4688062071800232,,,
0.0,0.0,0.40085333585739136,,,
1.0,1.0,0.8171878457069397,,,
1.0,1.0,0.599597156047821,,,
1.0,1.0,0.8605859279632568,,,
1.0,0.0,0.31437379121780396,,,
0.0,1.0,0.5120446681976318,,,
0.0,0.0,0.40796995162963867,,,
1.0,0.0,0.4630219340324402,,,
1.0,0.0,0.4433757960796356,,,
0.0,0.0,0.3797777593135834,,,
0.0,0.0,0.37535175681114197,,,
1.0,0.0,0.40168216824531555,,,
1.0,1.0,0.8784924745559692,,,
1.0,1.0,0.5043964385986328,,,
1.0,1.0,0.644439160823822,,,
0.0,0.0,0.39155715703964233,,,
0.0,0.0,0.48694923520088196,,,
1.0,0.0,0.43040522933006287,,,
0.0,0.0,0.2911413013935089,,,
1.0,1.0,0.6639105677604675,,,
1.0,1.0,0.7004784345626831,,,
1.0,1.0,0.5228565335273743,,,
1.0,1.0,0.6623347997665405,,,
1.0,0.0,0.40096017718315125,,,
0.0,0.0,0.4836980104446411,,,
0.0,0.0,0.2868424355983734,,,
0.0,0.0,0.27800869941711426,,,
1.0,0.0,0.34074297547340393,,,
0.0,0.0,0.3061651289463043,,,
0.0,0.0,0.3727169632911682,,,
0.0,0.0,0.2924899160861969,,,
1.0,1.0,0.6034756302833557,,,
0.0,0.0,0.4790973663330078,,,
0.0,1.0,0.5861406326293945,,,
1.0,1.0,0.5332508087158203,,,
0.0,0.0,0.3773345649242401,,,
0.0,0.0,0.47572386264801025,,,
1.0,1.0,0.7870723009109497,,,
1.0,1.0,0.5605146884918213,,,
0.0,0.0,0.35213571786880493,,,
1.0,0.0,0.4758736789226532,,,
0.0,1.0,0.5475215911865234,,,
1.0,0.0,0.3487255871295929,,,
0.0,0.0,0.4786610007286072,,,
0.0,0.0,0.23684801161289215,,,
1.0,1.0,0.8120790719985962,,,
0.0,0.0,0.3749403655529022,,,
1.0,1.0,0.8171609044075012,,,
1.0,1.0,0.8174410462379456,,,
0.0,0.0,0.3439338207244873,,,
0.0,0.0,0.27781233191490173,,,
1.0,0.0,0.47375738620758057,,,
0.0,0.0,0.3156793713569641,,,
0.0,0.0,0.3439338207244873,,,
0.0,0.0,0.27520233392715454,,,
0.0,0.0,0.3872460722923279,,,
1.0,1.0,0.7658770084381104,,,
1.0,1.0,0.6599167585372925,,,
1.0,0.0,0.42287322878837585,,,
1.0,0.0,0.4344460666179657,,,
0.0,0.0,0.36898815631866455,,,
1.0,0.0,0.4880906939506531,,,
1.0,1.0,0.7764398455619812,,,
0.0,0.0,0.4935022294521332,,,
0.0,0.0,0.4844052195549011,,,
0.0,0.0,0.4988604485988617,,,
1.0,0.0,0.4854239821434021,,,
0.0,0.0,0.31799933314323425,,,
0.0,1.0,0.6299598217010498,,,
0.0,0.0,0.26315072178840637,,,
0.0,0.0,0.2924535870552063,,,
0.0,0.0,0.40353235602378845,,,
0.0,0.0,0.480017751455307,,,
0.0,0.0,0.25315114855766296,,,
0.0,1.0,0.5044397115707397,,,
0.0,0.0,0.2882869839668274,,,
0.0,0.0,0.3642294704914093,,,
1.0,0.0,0.35923174023628235,,,
1.0,0.0,0.4732044041156769,,,
0.0,0.0,0.37960028648376465,,,
0.0,1.0,0.5743927359580994,,,
0.0,0.0,0.23084501922130585,,,
0.0,0.0,0.3829324245452881,,,
0.0,0.0,0.4403727650642395,,,
1.0,1.0,0.5413373112678528,,,
0.0,0.0,0.410809725522995,,,
0.0,0.0,0.4349006414413452,,,
0.0,0.0,0.21098852157592773,,,
1.0,1.0,0.9143974184989929,,,
0.0,0.0,0.3989606499671936,,,
1.0,0.0,0.47603359818458557,,,
0.0,0.0,0.3318336606025696,,,
0.0,0.0,0.468351811170578,,,
0.0,0.0,0.3543853759765625,,,
0.0,0.0,0.2827763855457306,,,
0.0,1.0,0.5634385347366333,,,
1.0,1.0,0.8247730731964111,,,
0.0,0.0,0.26363715529441833,,,
0.0,0.0,0.35573557019233704,,,
1.0,0.0,0.45189470052719116,,,
1.0,1.0,0.7351575493812561,,,
1.0,1.0,0.5013606548309326,,,
0.0,0.0,0.20330211520195007,,,
0.0,0.0,0.47259005904197693,,,
0.0,0.0,0.37588149309158325,,,
0.0,0.0,0.22931282222270966,,,
1.0,1.0,0.8520776033401489,,,
1.0,1.0,0.7086308002471924,,,
0.0,0.0,0.3406941592693329,,,
0.0,0.0,0.1702030599117279,,,
1.0,1.0,0.7978098392486572,,,
0.0,0.0,0.19628740847110748,,,
1.0,1.0,0.9042147397994995,,,
1.0,0.0,0.4523124396800995,,,
1.0,1.0,0.552501916885376,,,
1.0,0.0,0.4342714548110962,,,
1.0,1.0,0.6301943063735962,,,
0.0,0.0,0.4319135546684265,,,
1.0,1.0,0.5471481084823608,,,
1.0,1.0,0.6803510189056396,,,
1.0,1.0,0.6081841588020325,,,
1.0,0.0,0.4091496169567108,,,
0.0,1.0,0.502742350101471,,,
0.0,0.0,0.37390121817588806,,,
0.0,0.0,0.40493595600128174,,,
1.0,1.0,0.6127604842185974,,,
0.0,0.0,0.3448978364467621,,,
1.0,1.0,0.7687604427337646,,,
0.0,0.0,0.31583380699157715,,,
0.0,0.0,0.3538767099380493,,,
0.0,0.0,0.20326440036296844,,,
0.0,0.0,0.3786134421825409,,,
0.0,0.0,0.42272189259529114,,,
0.0,0.0,0.3009660840034485,,,
1.0,1.0,0.7494529485702515,,,
0.0,0.0,0.22612489759922028,,,
1.0,0.0,0.38202428817749023,,,
0.0,0.0,0.36070460081100464,,,
1.0,1.0,0.6304146647453308,,,
1.0,0.0,0.4137321412563324,,,
0.0,0.0,0.3458961248397827,,,
0.0,0.0,0.4658396244049072,,,
1.0,1.0,0.5977241396903992,,,
1.0,0.0,0.43229809403419495,,,
1.0,1.0,0.7087481617927551,,,
0.0,0.0,0.3775204122066498,,,
1.0,0.0,0.4420928657054901,,,
0.0,0.0,0.35956713557243347,,,
0.0,0.0,0.4050326943397522,,,
0.0,1.0,0.5177484154701233,,,
1.0,1.0,0.706577479839325,,,
1.0,0.0,0.40600094199180603,,,
0.0,0.0,0.3975830078125,,,
0.0,0.0,0.25430920720100403,,,
0.0,0.0,0.3048040568828583,,,
1.0,1.0,0.5132071375846863,,,
1.0,0.0,0.4432585537433624,,,
0.0,0.0,0.3992246687412262,,,
0.0,0.0,0.3166392743587494,,,
0.0,1.0,0.6367589831352234,,,
0.0,0.0,0.4110717475414276,,,
1.0,1.0,0.5628541111946106,,,
0.0,0.0,0.4902680516242981,,,
1.0,0.0,0.47508376836776733,,,
0.0,0.0,0.2052423357963562,,,
0.0,0.0,0.45304086804389954,,,
0.0,0.0,0.252366304397583,,,
0.0,0.0,0.4407852590084076,,,
0.0,0.0,0.16555947065353394,,,
1.0,0.0,0.482568621635437,,,
1.0,0.0,0.3587976396083832,,,
0.0,0.0,0.4022350013256073,,,
1.0,0.0,0.15843726694583893,,,
1.0,1.0,0.9135966897010803,,,
0.0,1.0,0.5360687971115112,,,
1.0,1.0,0.7979010939598083,,,
1.0,1.0,0.9333223700523376,,,
0.0,0.0,0.28491008281707764,,,
1.0,1.0,0.863484263420105,,,
0.0,0.0,0.3808595836162567,,,
1.0,1.0,0.89752596616745,,,
0.0,1.0,0.5506572723388672,,,
0.0,0.0,0.3727223873138428,,,
0.0,0.0,0.26790347695350647,,,
0.0,0.0,0.37146973609924316,,,
1.0,1.0,0.7406389117240906,,,
0.0,0.0,0.3523100018501282,,,
1.0,1.0,0.6930938959121704,,,
1.0,1.0,0.6554773449897766,,,
1.0,1.0,0.5261439681053162,,,
0.0,0.0,0.4885302782058716,,,
1.0,1.0,0.7127735614776611,,,
0.0,0.0,0.3733743727207184,,,
0.0,0.0,0.23498643934726715,,,
0.0,0.0,0.429629385471344,,,
0.0,0.0,0.16512706875801086,,,
1.0,1.0,0.7058647274971008,,,
1.0,1.0,0.7432945966720581,,,
0.0,0.0,0.2769225835800171,,,
0.0,1.0,0.6116639971733093,,,
1.0,0.0,0.4872697591781616,,,
0.0,0.0,0.2637212574481964,,,
0.0,0.0,0.2859249413013458,,,
0.0,0.0,0.4833262264728546,,,
1.0,0.0,0.43697893619537354,,,
1.0,1.0,0.5385066866874695,,,
0.0,0.0,0.28254833817481995,,,
1.0,1.0,0.8321170806884766,,,
0.0,0.0,0.3030507266521454,,,
1.0,1.0,0.9100261330604553,,,
1.0,0.0,0.40399911999702454,,,
0.0,0.0,0.42283567786216736,,,
1.0,1.0,0.6298772096633911,,,
1.0,1.0,0.5558419227600098,,,
0.0,0.0,0.41052955389022827,,,
1.0,1.0,0.5032164454460144,,,
1.0,1.0,0.6379068493843079,,,
0.0,0.0,0.3748679757118225,,,
0.0,0.0,0.3602938652038574,,,
1.0,1.0,0.5957697033882141,,,
0.0,0.0,0.4201856553554535,,,
1.0,1.0,0.5432040095329285,,,
0.0,0.0,0.4415748417377472,,,
1.0,0.0,0.4333127439022064,,,
1.0,0.0,0.4761850833892822,,,
1.0,0.0,0.37586069107055664,,,
0.0,0.0,0.3631077706813812,,,
1.0,1.0,0.6860754489898682,,,
0.0,0.0,0.2927229702472687,,,
0.0,0.0,0.3462918996810913,,,
0.0,0.0,0.2873331308364868,,,
1.0,0.0,0.40801480412483215,,,
1.0,0.0,0.28726717829704285,,,
1.0,0.0,0.30268582701683044,,,
1.0,1.0,0.6817198991775513,,,
1.0,1.0,0.5613020658493042,,,
0.0,1.0,0.6156967282295227,,,
1.0,0.0,0.3289966285228729,,,
1.0,1.0,0.8029550313949585,,,
0.0,0.0,0.4821319580078125,,,
0.0,0.0,0.3835695683956146,,,
0.0,0.0,0.319785475730896,,,
0.0,1.0,0.7917361855506897,,,
1.0,1.0,0.5037966966629028,,,
0.0,0.0,0.3120711147785187,,,
0.0,0.0,0.23951922357082367,,,
1.0,1.0,0.6263584494590759,,,
1.0,0.0,0.4422001242637634,,,
1.0,0.0,0.4483391344547272,,,
1.0,1.0,0.8501458764076233,,,
1.0,1.0,0.7868423461914062,,,
0.0,0.0,0.475312203168869,,,
1.0,0.0,0.485880047082901,,,
1.0,1.0,0.7516652345657349,,,
1.0,1.0,0.5324486494064331,,,
1.0,1.0,0.7001370191574097,,,
1.0,1.0,0.8066242337226868,,,
0.0,0.0,0.33549901843070984,,,
1.0,0.0,0.45277321338653564,,,
1.0,0.0,0.38079404830932617,,,
0.0,0.0,0.2505757808685303,,,
0.0,1.0,0.586664080619812,,,
1.0,1.0,0.644320547580719,,,
1.0,1.0,0.5107797384262085,,,
1.0,1.0,0.5082433223724365,,,
0.0,0.0,0.36887797713279724,,,
1.0,1.0,0.5095865726470947,,,
1.0,0.0,0.34968334436416626,,,
0.0,1.0,0.5065772533416748,,,
1.0,0.0,0.40436169505119324,,,
1.0,0.0,0.41818830370903015,,,
1.0,0.0,0.4548720121383667,,,
0.0,0.0,0.2208777368068695,,,
1.0,1.0,0.5442756414413452,,,
0.0,0.0,0.30727681517601013,,,
1.0,0.0,0.4567284882068634,,,
0.0,0.0,0.2831973433494568,,,
1.0,1.0,0.790814995765686,,,
0.0,1.0,0.5228677988052368,,,
1.0,1.0,0.5997529029846191,,,
0.0,0.0,0.35835549235343933,,,
0.0,0.0,0.3617061972618103,,,
0.0,0.0,0.4266689121723175,,,
1.0,1.0,0.7344949245452881,,,
1.0,1.0,0.8235700726509094,,,
0.0,0.0,0.38354039192199707,,,
0.0,0.0,0.30047520995140076,,,
1.0,1.0,0.5049811005592346,,,
0.0,1.0,0.509132981300354,,,
0.0,1.0,0.5224128365516663,,,
0.0,0.0,0.31660208106040955,,,
0.0,0.0,0.22401349246501923,,,
0.0,0.0,0.41110289096832275,,,
0.0,0.0,0.24760055541992188,,,
0.0,1.0,0.5884374380111694,,,
0.0,0.0,0.33759963512420654,,,
1.0,1.0,0.6477446556091309,,,
1.0,1.0,0.870553195476532,,,
1.0,1.0,0.7769448161125183,,,
0.0,0.0,0.39673885703086853,,,
1.0,1.0,0.5159105062484741,,,
1.0,1.0,0.89752596616745,,,
0.0,0.0,0.36609262228012085,,,
0.0,0.0,0.28071022033691406,,,
1.0,1.0,0.558332085609436,,,
1.0,1.0,0.6386805772781372,,,
1.0,1.0,0.6637764573097229,,,
0.0,0.0,0.38766732811927795,,,
0.0,0.0,0.2770487666130066,,,
1.0,0.0,0.4483904242515564,,,
0.0,0.0,0.21345597505569458,,,
0.0,0.0,0.2816047966480255,,,
0.0,0.0,0.31226858496665955,,,
1.0,1.0,0.5293144583702087,,,
1.0,1.0,0.805396318435669,,,
0.0,0.0,0.4264129102230072,,,
0.0,0.0,0.29867568612098694,,,
1.0,1.0,0.7952038645744324,,,
1.0,1.0,0.5103424191474915,,,
1.0,1.0,0.6340484023094177,,,
1.0,1.0,0.6963232755661011,,,
1.0,1.0,0.7751677632331848,,,
1.0,1.0,0.6734086871147156,,,
0.0,0.0,0.24820372462272644,,,
1.0,1.0,0.8274763226509094,,,
0.0,0.0,0.36355799436569214,,,
0.0,0.0,0.240435391664505,,,
0.0,0.0,0.3804052770137787,,,
1.0,0.0,0.3273980915546417,,,
1.0,1.0,0.7639825344085693,,,
1.0,1.0,0.6975633502006531,,,
0.0,0.0,0.3261502683162689,,,
0.0,1.0,0.602591872215271,,,
0.0,0.0,0.4063909351825714,,,
1.0,0.0,0.44450727105140686,,,
0.0,0.0,0.24582013487815857,,,
0.0,0.0,0.37583255767822266,,,
0.0,0.0,0.38267865777015686,,,
0.0,1.0,0.5986531376838684,,,
0.0,0.0,0.48257318139076233,,,
0.0,0.0,0.3737010061740875,,,
0.0,0.0,0.3749355673789978,,,
0.0,0.0,0.41711151599884033,,,
1.0,1.0,0.7537027597427368,,,
1.0,1.0,0.8674095273017883,,,
0.0,0.0,0.3488005995750427,,,
1.0,1.0,0.5210992097854614,,,
0.0,0.0,0.4367150664329529,,,
1.0,1.0,0.8603068590164185,,,
1.0,0.0,0.37477150559425354,,,
0.0,1.0,0.5079881548881531,,,
1.0,1.0,0.657624363899231,,,
1.0,0.0,0.41527417302131653,,,
0.0,0.0,0.45223692059516907,,,
1.0,1.0,0.7988683581352234,,,
0.0,0.0,0.46136274933815,,,
1.0,1.0,0.7867077589035034,,,
1.0,1.0,0.5376449227333069,,,
0.0,0.0,0.31648775935173035,,,
1.0,1.0,0.7475836277008057,,,
1.0,0.0,0.4650537669658661,,,
0.0,0.0,0.35277628898620605,,,
0.0,1.0,0.6625925302505493,,,
0.0,0.0,0.3842583894729614,,,
1.0,1.0,0.5173933506011963,,,
1.0,1.0,0.6154397130012512,,,
1.0,1.0,0.8414251208305359,,,
1.0,1.0,0.9137699007987976,,,
1.0,1.0,0.5407920479774475,,,
0.0,1.0,0.5180572867393494,,,
0.0,0.0,0.4738083481788635,,,
1.0,0.0,0.40005141496658325,,,
0.0,0.0,0.2158445417881012,,,
0.0,0.0,0.24387413263320923,,,
1.0,1.0,0.5580618381500244,,,
1.0,1.0,0.8512946963310242,,,
0.0,0.0,0.32681405544281006,,,
0.0,0.0,0.40918195247650146,,,
1.0,1.0,0.7463947534561157,,,
0.0,0.0,0.3368363678455353,,,
1.0,0.0,0.45739132165908813,,,
0.0,0.0,0.4161384403705597,,,
0.0,1.0,0.5506429672241211,,,
1.0,0.0,0.437273234128952,,,
1.0,0.0,0.47492560744285583,,,
0.0,0.0,0.47941774129867554,,,
1.0,0.0,0.4218975603580475,,,
1.0,1.0,0.5474546551704407,,,
0.0,0.0,0.3930591344833374,,,
0.0,0.0,0.3081740438938141,,,
0.0,0.0,0.2519424557685852,,,
1.0,0.0,0.4871702492237091,,,
0.0,0.0,0.385079950094223,,,
1.0,0.0,0.40411123633384705,,,
0.0,0.0,0.27288344502449036,,,
1.0,1.0,0.8884320855140686,,,
0.0,0.0,0.32521605491638184,,,
1.0,1.0,0.7170750498771667,,,
0.0,1.0,0.5136961340904236,,,
1.0,1.0,0.6596118807792664,,,
0.0,0.0,0.16119034588336945,,,
1.0,1.0,0.8972481489181519,,,
0.0,0.0,0.23255442082881927,,,
0.0,0.0,0.2053292840719223,,,
1.0,1.0,0.536794126033783,,,
0.0,1.0,0.5768149495124817,,,
0.0,0.0,0.29562172293663025,,,
0.0,0.0,0.2517988383769989,,,
0.0,0.0,0.3622455298900604,,,
0.0,0.0,0.3446131646633148,,,
0.0,0.0,0.4096595346927643,,,
0.0,0.0,0.40727314352989197,,,
0.0,1.0,0.6544309258460999,,,
1.0,1.0,0.6071276664733887,,,
1.0,0.0,0.45783931016921997,,,
0.0,0.0,0.26732078194618225,,,
1.0,1.0,0.5404711961746216,,,
0.0,0.0,0.16606386005878448,,,
1.0,0.0,0.4519548714160919,,,
1.0,1.0,0.7045904397964478,,,
0.0,0.0,0.33714112639427185,,,
0.0,1.0,0.5288493633270264,,,
0.0,1.0,0.5318397879600525,,,
0.0,0.0,0.3750465512275696,,,
1.0,1.0,0.5994603037834167,,,
1.0,1.0,0.6348699331283569,,,
0.0,0.0,0.3468441069126129,,,
0.0,0.0,0.35802122950553894,,,
1.0,1.0,0.883216917514801,,,
1.0,1.0,0.5241824388504028,,,
0.0,0.0,0.3991366922855377,,,
1.0,1.0,0.624201774597168,,,
0.0,1.0,0.6570838689804077,,,
1.0,1.0,0.5420504808425903,,,
0.0,0.0,0.45635807514190674,,,
1.0,1.0,0.7002030611038208,,,
1.0,0.0,0.33293482661247253,,,
0.0,0.0,0.37938326597213745,,,
1.0,1.0,0.7278630137443542,,,
1.0,1.0,0.589040994644165,,,
0.0,1.0,0.6250295639038086,,,
0.0,0.0,0.3561134338378906,,,
1.0,1.0,0.7766199111938477,,,
0.0,0.0,0.22024807333946228,,,
0.0,0.0,0.298124760389328,,,
0.0,0.0,0.49173179268836975,,,
1.0,1.0,0.8712390661239624,,,
1.0,1.0,0.6044864058494568,,,
0.0,1.0,0.5478875637054443,,,
0.0,0.0,0.3172895610332489,,,
0.0,0.0,0.34043532609939575,,,
1.0,0.0,0.4734726548194885,,,
1.0,1.0,0.7510989308357239,,,
1.0,1.0,0.6218321919441223,,,
0.0,1.0,0.5050426125526428,,,
0.0,0.0,0.3097124993801117,,,
0.0,0.0,0.390079140663147,,,
0.0,0.0,0.32801553606987,,,
0.0,0.0,0.31417956948280334,,,
0.0,1.0,0.6338376402854919,,,
1.0,0.0,0.33081290125846863,,,
1.0,1.0,0.5819222331047058,,,
0.0,0.0,0.28265607357025146,,,
1.0,1.0,0.5542759895324707,,,
1.0,1.0,0.7965443730354309,,,
0.0,0.0,0.3831711411476135,,,
0.0,0.0,0.3805083930492401,,,
0.0,0.0,0.31289273500442505,,,
0.0,0.0,0.45346641540527344,,,
1.0,1.0,0.7503113746643066,,,
1.0,1.0,0.9312530159950256,,,
0.0,0.0,0.40278360247612,,,
1.0,0.0,0.34471285343170166,,,
0.0,0.0,0.21166661381721497,,,
1.0,1.0,0.7911515831947327,,,
0.0,0.0,0.45190614461898804,,,
1.0,0.0,0.3845166563987732,,,
1.0,1.0,0.7865030765533447,,,
1.0,1.0,0.8236399292945862,,,
0.0,0.0,0.3356948792934418,,,
1.0,1.0,0.8349436521530151,,,
1.0,1.0,0.5348151922225952,,,
0.0,0.0,0.4415435194969177,,,
1.0,0.0,0.3706262707710266,,,
0.0,0.0,0.24269244074821472,,,
1.0,1.0,0.5426920652389526,,,
0.0,0.0,0.21165205538272858,,,
0.0,0.0,0.2956630289554596,,,
0.0,0.0,0.41110289096832275,,,
0.0,0.0,0.43209153413772583,,,
0.0,0.0,0.3346894383430481,,,
1.0,0.0,0.4400314390659332,,,
1.0,1.0,0.7843749523162842,,,
1.0,1.0,0.8295323848724365,,,
0.0,0.0,0.32404905557632446,,,
1.0,1.0,0.578328549861908,,,
0.0,1.0,0.5094285011291504,,,
0.0,0.0,0.4178098142147064,,,
0.0,0.0,0.34048718214035034,,,
0.0,0.0,0.29199427366256714,,,
0.0,0.0,0.46660611033439636,,,
1.0,1.0,0.5938405990600586,,,
1.0,0.0,0.40485668182373047,,,
1.0,1.0,0.6275781393051147,,,
1.0,1.0,0.5833157896995544,,,
0.0,0.0,0.4462602436542511,,,
0.0,0.0,0.27113306522369385,,,
1.0,0.0,0.4517480432987213,,,
0.0,0.0,0.45262980461120605,,,
1.0,1.0,0.7557886242866516,,,
1.0,0.0,0.43105292320251465,,,
0.0,0.0,0.40753766894340515,,,
0.0,0.0,0.3353401720523834,,,
0.0,0.0,0.3910311460494995,,,
0.0,0.0,0.2936311364173889,,,
0.0,0.0,0.3234560787677765,,,
1.0,0.0,0.43954089283943176,,,
1.0,0.0,0.48506447672843933,,,
1.0,0.0,0.4943724572658539,,,
0.0,0.0,0.3661462068557739,,,
1.0,1.0,0.762421190738678,,,
1.0,1.0,0.7865234613418579,,,
1.0,0.0,0.3885621726512909,,,
1.0,1.0,0.5757277011871338,,,
0.0,0.0,0.2435292899608612,,,
0.0,0.0,0.433520644903183,,,
0.0,0.0,0.2920997142791748,,,
0.0,0.0,0.35802122950553894,,,
0.0,0.0,0.3439108729362488,,,
1.0,1.0,0.526978611946106,,,
0.0,0.0,0.35702580213546753,,,
1.0,1.0,0.7497008442878723,,,
0.0,0.0,0.4647667706012726,,,
1.0,1.0,0.6877440214157104,,,
0.0,0.0,0.24713319540023804,,,
0.0,0.0,0.2810803949832916,,,
1.0,1.0,0.8026602864265442,,,
1.0,1.0,0.8898574709892273,,,
0.0,0.0,0.30678558349609375,,,
1.0,0.0,0.36105573177337646,,,
1.0,0.0,0.3218444287776947,,,
1.0,1.0,0.5388269424438477,,,
0.0,0.0,0.37515193223953247,,,
1.0,0.0,0.47401440143585205,,,
1.0,1.0,0.5295915007591248,,,
1.0,1.0,0.5561954975128174,,,
1.0,0.0,0.2847047448158264,,,
0.0,0.0,0.23684801161289215,,,
1.0,0.0,0.36891067028045654,,,
0.0,0.0,0.3134203851222992,,,
1.0,1.0,0.6754209995269775,,,
1.0,1.0,0.5013673901557922,,,
0.0,0.0,0.36785492300987244,,,
1.0,1.0,0.5611212849617004,,,
1.0,0.0,0.4278765022754669,,,
0.0,1.0,0.6837460398674011,,,
0.0,0.0,0.4508952796459198,,,
1.0,1.0,0.6912811994552612,,,
1.0,1.0,0.6495309472084045,,,
1.0,0.0,0.4742794930934906,,,
0.0,0.0,0.3025338053703308,,,
0.0,1.0,0.5727341771125793,,,
0.0,0.0,0.2923820912837982,,,
0.0,0.0,0.389407217502594,,,
0.0,0.0,0.21806885302066803,,,
0.0,0.0,0.24582013487815857,,,
1.0,1.0,0.6751902103424072,,,
1.0,1.0,0.6160091161727905,,,
1.0,0.0,0.3925837576389313,,,
0.0,1.0,0.5169731974601746,,,
0.0,0.0,0.37234678864479065,,,
1.0,1.0,0.9228934049606323,,,
1.0,1.0,0.8073209524154663,,,
0.0,0.0,0.15471439063549042,,,
1.0,0.0,0.45227742195129395,,,
1.0,0.0,0.35363808274269104,,,
0.0,0.0,0.39476993680000305,,,
0.0,0.0,0.20992180705070496,,,
1.0,0.0,0.2923700213432312,,,
1.0,0.0,0.3980335593223572,,,
0.0,0.0,0.40088552236557007,,,
0.0,0.0,0.3951769769191742,,,
1.0,1.0,0.5821301937103271,,,
0.0,0.0,0.24932092428207397,,,
0.0,0.0,0.3112015724182129,,,
1.0,1.0,0.6393897533416748,,,
0.0,0.0,0.2999774217605591,,,
0.0,0.0,0.2653231918811798,,,
1.0,1.0,0.6341303586959839,,,
0.0,0.0,0.414328932762146,,,
1.0,0.0,0.449411541223526,,,
1.0,1.0,0.8513858914375305,,,
1.0,1.0,0.8722356557846069,,,
0.0,0.0,0.3484461009502411,,,
1.0,1.0,0.5369777083396912,,,
1.0,1.0,0.513103723526001,,,
1.0,0.0,0.37420377135276794,,,
0.0,0.0,0.2817228138446808,,,
1.0,0.0,0.4553110897541046,,,
0.0,0.0,0.36095714569091797,,,
1.0,1.0,0.7579853534698486,,,
0.0,0.0,0.4202381372451782,,,
0.0,0.0,0.33132749795913696,,,
0.0,0.0,0.42315107583999634,,,
1.0,1.0,0.6859913468360901,,,
1.0,1.0,0.7445197105407715,,,
0.0,0.0,0.4122702181339264,,,
1.0,1.0,0.5215705037117004,,,
0.0,0.0,0.3961396813392639,,,
1.0,1.0,0.7925708293914795,,,
0.0,0.0,0.3440250754356384,,,
0.0,0.0,0.38329607248306274,,,
1.0,1.0,0.5296464562416077,,,
0.0,0.0,0.46309277415275574,,,
0.0,0.0,0.29297494888305664,,,
0.0,0.0,0.37296760082244873,,,
1.0,1.0,0.7424058318138123,,,
1.0,1.0,0.772301971912384,,,
0.0,0.0,0.4360574781894684,,,
0.0,0.0,0.39325636625289917,,,
1.0,0.0,0.3820986747741699,,,
0.0,0.0,0.2824802100658417,,,
0.0,0.0,0.39139580726623535,,,
0.0,0.0,0.33717137575149536,,,
0.0,1.0,0.5176631808280945,,,
0.0,0.0,0.395504355430603,,,
0.0,0.0,0.3926866352558136,,,
0.0,0.0,0.4873303174972534,,,
1.0,1.0,0.7520605325698853,,,
1.0,0.0,0.4139905571937561,,,
1.0,0.0,0.44314315915107727,,,
0.0,0.0,0.25350743532180786,,,
0.0,1.0,0.569108784198761,,,
1.0,0.0,0.36602717638015747,,,
1.0,0.0,0.4429571032524109,,,
0.0,1.0,0.6264808177947998,,,
0.0,0.0,0.28901687264442444,,,
0.0,0.0,0.35201242566108704,,,
0.0,1.0,0.5346736311912537,,,
1.0,0.0,0.4768512547016144,,,
0.0,1.0,0.501126766204834,,,
1.0,0.0,0.45207616686820984,,,
1.0,1.0,0.689624547958374,,,
0.0,1.0,0.5129647254943848,,,
1.0,1.0,0.5052947998046875,,,
0.0,1.0,0.534602701663971,,,
1.0,1.0,0.7097020149230957,,,
0.0,0.0,0.45216137170791626,,,
1.0,0.0,0.44638776779174805,,,
0.0,0.0,0.38096827268600464,,,
1.0,0.0,0.4173184633255005,,,
0.0,0.0,0.31203845143318176,,,
1.0,1.0,0.8441141247749329,,,
1.0,0.0,0.3957635462284088,,,
0.0,0.0,0.29440534114837646,,,
1.0,1.0,0.7512128949165344,,,
1.0,1.0,0.7818106412887573,,,
1.0,1.0,0.7571521997451782,,,
0.0,1.0,0.6624894738197327,,,
0.0,0.0,0.335075318813324,,,
0.0,0.0,0.2834443747997284,,,
1.0,1.0,0.574094295501709,,,
1.0,1.0,0.7564809322357178,,,
1.0,1.0,0.8662808537483215,,,
0.0,0.0,0.38083526492118835,,,
0.0,0.0,0.2942468523979187,,,
0.0,0.0,0.36811596155166626,,,
0.0,1.0,0.5390440821647644,,,
1.0,1.0,0.8930016160011292,,,
0.0,0.0,0.40525466203689575,,,
1.0,0.0,0.38070735335350037,,,
1.0,1.0,0.6546550989151001,,,
0.0,0.0,0.2716158628463745,,,
1.0,1.0,0.8225224614143372,,,
1.0,1.0,0.7510388493537903,,,
1.0,1.0,0.563866138458252,,,
0.0,0.0,0.293157160282135,,,
1.0,0.0,0.4194803237915039,,,
1.0,0.0,0.43633216619491577,,,
0.0,0.0,0.45746007561683655,,,
1.0,1.0,0.590449333190918,,,
0.0,0.0,0.36471834778785706,,,
1.0,1.0,0.5577751994132996,,,
0.0,0.0,0.44114822149276733,,,
0.0,0.0,0.34261491894721985,,,
0.0,0.0,0.41261109709739685,,,
0.0,0.0,0.4096595346927643,,,
0.0,0.0,0.2349187135696411,,,
1.0,1.0,0.8776348829269409,,,
0.0,0.0,0.18119525909423828,,,
0.0,0.0,0.3711325526237488,,,
1.0,0.0,0.448242723941803,,,
1.0,1.0,0.6162192821502686,,,
1.0,0.0,0.46780917048454285,,,
0.0,0.0,0.4874718189239502,,,
1.0,1.0,0.7767998576164246,,,
0.0,0.0,0.1904391646385193,,,
0.0,1.0,0.7131683826446533,,,
1.0,0.0,0.39045751094818115,,,
0.0,0.0,0.16512706875801086,,,
1.0,1.0,0.7475810647010803,,,
0.0,0.0,0.19072836637496948,,,
0.0,0.0,0.3966372013092041,,,
0.0,0.0,0.22973006963729858,,,
0.0,0.0,0.3724953830242157,,,
0.0,0.0,0.3466682732105255,,,
1.0,0.0,0.44969823956489563,,,
0.0,0.0,0.32519757747650146,,,
0.0,0.0,0.3598349392414093,,,
0.0,0.0,0.4471149146556854,,,
0.0,0.0,0.22970238327980042,,,
0.0,0.0,0.349122017621994,,,
1.0,1.0,0.691251277923584,,,
0.0,0.0,0.21193747222423553,,,
0.0,0.0,0.3006303310394287,,,
0.0,0.0,0.20414908230304718,,,
1.0,1.0,0.611339807510376,,,
0.0,0.0,0.30882352590560913,,,
0.0,0.0,0.39481866359710693,,,
1.0,1.0,0.6759394407272339,,,
0.0,0.0,0.2837960422039032,,,
1.0,1.0,0.6987437605857849,,,
1.0,1.0,0.6008087992668152,,,
1.0,1.0,0.5097308158874512,,,
0.0,0.0,0.45019057393074036,,,
0.0,0.0,0.39770618081092834,,,
0.0,0.0,0.40775904059410095,,,
0.0,1.0,0.5759772062301636,,,
0.0,0.0,0.417079895734787,,,
0.0,0.0,0.4136161208152771,,,
0.0,0.0,0.3530087471008301,,,
0.0,0.0,0.31028836965560913,,,
0.0,0.0,0.38303083181381226,,,
1.0,1.0,0.7733100652694702,,,
0.0,1.0,0.518223226070404,,,
0.0,0.0,0.496460884809494,,,
1.0,0.0,0.34665098786354065,,,
0.0,0.0,0.2649070918560028,,,
1.0,1.0,0.6071276664733887,,,
1.0,1.0,0.8904129266738892,,,
0.0,0.0,0.3929253816604614,,,
0.0,0.0,0.4610642194747925,,,
1.0,1.0,0.6128408908843994,,,
1.0,1.0,0.7447205185890198,,,
1.0,0.0,0.41205400228500366,,,
1.0,0.0,0.4822452664375305,,,
1.0,1.0,0.5604292750358582,,,
1.0,1.0,0.837174654006958,,,
1.0,1.0,0.8415419459342957,,,
0.0,0.0,0.37922441959381104,,,
0.0,0.0,0.2102733850479126,,,
0.0,0.0,0.37047967314720154,,,
0.0,0.0,0.41590461134910583,,,
1.0,1.0,0.6546550989151001,,,
1.0,1.0,0.7173814177513123,,,
0.0,0.0,0.3764684200286865,,,
1.0,1.0,0.5529491901397705,,,
0.0,0.0,0.21917212009429932,,,
0.0,0.0,0.2388359159231186,,,
0.0,0.0,0.3892231285572052,,,
1.0,1.0,0.5872029066085815,,,
1.0,0.0,0.34865033626556396,,,
1.0,1.0,0.6564812660217285,,,
1.0,1.0,0.7156331539154053,,,
1.0,0.0,0.4016073942184448,,,
0.0,0.0,0.29179856181144714,,,
1.0,1.0,0.8768198490142822,,,
1.0,1.0,0.6632338166236877,,,
0.0,0.0,0.45494523644447327,,,
0.0,1.0,0.678779125213623,,,
0.0,0.0,0.2823042571544647,,,
0.0,0.0,0.24181436002254486,,,
0.0,0.0,0.3815169334411621,,,
0.0,0.0,0.3870997428894043,,,
0.0,1.0,0.5654900670051575,,,
1.0,1.0,0.5007410049438477,,,
1.0,1.0,0.7676302194595337,,,
1.0,1.0,0.8046713471412659,,,
0.0,0.0,0.1427529901266098,,,
1.0,0.0,0.4619355797767639,,,
0.0,1.0,0.5051876902580261,,,
0.0,1.0,0.5905365943908691,,,
0.0,0.0,0.4064124524593353,,,
0.0,1.0,0.5096419453620911,,,
1.0,0.0,0.28959357738494873,,,
0.0,0.0,0.3422018587589264,,,
0.0,0.0,0.2787682116031647,,,
1.0,0.0,0.2841250002384186,,,
1.0,0.0,0.38592877984046936,,,
1.0,1.0,0.6499677896499634,,,
1.0,1.0,0.6095070838928223,,,
1.0,1.0,0.9038639068603516,,,
0.0,0.0,0.336173951625824,,,
0.0,0.0,0.2984352111816406,,,
1.0,1.0,0.89752596616745,,,
0.0,0.0,0.29091358184814453,,,
1.0,1.0,0.5921481847763062,,,
1.0,0.0,0.4034578204154968,,,
0.0,0.0,0.37729373574256897,,,
0.0,0.0,0.301292359828949,,,
0.0,0.0,0.42211809754371643,,,
1.0,1.0,0.8027331233024597,,,
1.0,1.0,0.7216185331344604,,,
0.0,0.0,0.3760397434234619,,,
1.0,1.0,0.51333087682724,,,
0.0,1.0,0.5042911171913147,,,
1.0,0.0,0.43400564789772034,,,
0.0,0.0,0.4375203847885132,,,
0.0,0.0,0.46621960401535034,,,
0.0,0.0,0.2911727726459503,,,
0.0,0.0,0.21283778548240662,,,
1.0,1.0,0.5031590461730957,,,
0.0,1.0,0.5257405638694763,,,
0.0,0.0,0.2967667877674103,,,
0.0,1.0,0.5061718821525574,,,
0.0,0.0,0.41437235474586487,,,
0.0,0.0,0.32966697216033936,,,
0.0,1.0,0.551513135433197,,,
1.0,1.0,0.5526735782623291,,,
0.0,0.0,0.49301981925964355,,,
1.0,1.0,0.7260023355484009,,,
1.0,0.0,0.35239362716674805,,,
1.0,1.0,0.691251277923584,,,
1.0,1.0,0.7130095958709717,,,
1.0,0.0,0.4061093330383301,,,
0.0,0.0,0.38613176345825195,,,
0.0,0.0,0.1983533352613449,,,
0.0,0.0,0.3361652195453644,,,
0.0,0.0,0.4533275067806244,,,
1.0,0.0,0.4725387394428253,,,
0.0,0.0,0.3811926543712616,,,
0.0,0.0,0.38015660643577576,,,
0.0,0.0,0.45785731077194214,,,
1.0,0.0,0.4849969446659088,,,
0.0,0.0,0.4526154398918152,,,
0.0,0.0,0.40642017126083374,,,
1.0,1.0,0.6608729362487793,,,
1.0,1.0,0.8971258997917175,,,
1.0,0.0,0.33889222145080566,,,
1.0,0.0,0.3715842366218567,,,
0.0,0.0,0.3874256908893585,,,
0.0,0.0,0.27019360661506653,,,
1.0,1.0,0.5036233067512512,,,
1.0,1.0,0.643711507320404,,,
0.0,0.0,0.46364641189575195,,,
0.0,0.0,0.36377671360969543,,,
0.0,0.0,0.4010833203792572,,,
0.0,0.0,0.3338254690170288,,,
1.0,0.0,0.46886128187179565,,,
1.0,0.0,0.28863033652305603,,,
0.0,0.0,0.3580140769481659,,,
0.0,0.0,0.16512706875801086,,,
1.0,1.0,0.7677389979362488,,,
0.0,0.0,0.394390344619751,,,
0.0,0.0,0.29035744071006775,,,
1.0,1.0,0.5289621353149414,,,
0.0,0.0,0.23032811284065247,,,
1.0,1.0,0.5670666098594666,,,
1.0,0.0,0.46578505635261536,,,
0.0,0.0,0.32498395442962646,,,
1.0,0.0,0.43429437279701233,,,
0.0,0.0,0.13161884248256683,,,
1.0,1.0,0.7278763651847839,,,
1.0,1.0,0.5212640166282654,,,
0.0,0.0,0.44146329164505005,,,
0.0,0.0,0.39581602811813354,,,
1.0,1.0,0.6562396883964539,,,
1.0,1.0,0.8341681957244873,,,
1.0,1.0,0.7254635691642761,,,
0.0,1.0,0.7014127969741821,,,
1.0,0.0,0.28425416350364685,,,
1.0,0.0,0.4373031556606293,,,
1.0,1.0,0.7627995610237122,,,
1.0,0.0,0.3798941373825073,,,
0.0,0.0,0.2545454800128937,,,
0.0,1.0,0.5298218727111816,,,
0.0,1.0,0.5074918270111084,,,
0.0,0.0,0.24135930836200714,,,
0.0,0.0,0.40085333585739136,,,
1.0,0.0,0.3278176188468933,,,
1.0,1.0,0.6220481395721436,,,
1.0,1.0,0.8848313093185425,,,
1.0,1.0,0.5092928409576416,,,
0.0,0.0,0.37840980291366577,,,
1.0,0.0,0.45518559217453003,,,
0.0,1.0,0.5599767565727234,,,
0.0,0.0,0.33924543857574463,,,
1.0,1.0,0.6617706418037415,,,
0.0,0.0,0.4207596778869629,,,
0.0,0.0,0.21669532358646393,,,
1.0,1.0,0.6367505788803101,,,
0.0,0.0,0.4750388264656067,,,
0.0,0.0,0.45159274339675903,,,
1.0,0.0,0.39630818367004395,,,
0.0,0.0,0.3327426612377167,,,
1.0,0.0,0.2613084018230438,,,
0.0,0.0,0.4034082293510437,,,
1.0,1.0,0.5211129784584045,,,
1.0,0.0,0.3101535737514496,,,
0.0,0.0,0.2970087230205536,,,
0.0,0.0,0.3001519739627838,,,
1.0,1.0,0.5763527750968933,,,
1.0,1.0,0.6821419596672058,,,
0.0,0.0,0.3455977141857147,,,
1.0,1.0,0.645575761795044,,,
0.0,1.0,0.5225556492805481,,,
0.0,0.0,0.3818591237068176,,,
1.0,1.0,0.8021110892295837,,,
0.0,0.0,0.4628545343875885,,,
0.0,0.0,0.38431358337402344,,,
0.0,0.0,0.43624892830848694,,,
1.0,1.0,0.5589077472686768,,,
1.0,1.0,0.5900933742523193,,,
0.0,0.0,0.27539199590682983,,,
0.0,0.0,0.3041088283061981,,,
1.0,1.0,0.5410059690475464,,,
0.0,0.0,0.40971994400024414,,,
0.0,0.0,0.3983377516269684,,,
1.0,0.0,0.4626487195491791,,,
1.0,1.0,0.8474903702735901,,,
1.0,1.0,0.5718544125556946,,,
1.0,0.0,0.44706863164901733,,,
0.0,0.0,0.36812394857406616,,,
0.0,0.0,0.37670376896858215,,,
0.0,0.0,0.2680452764034271,,,
0.0,1.0,0.6350590586662292,,,
1.0,0.0,0.32624369859695435,,,
1.0,1.0,0.7824336886405945,,,
0.0,0.0,0.2484639436006546,,,
0.0,0.0,0.3069067597389221,,,
0.0,0.0,0.37612754106521606,,,
1.0,0.0,0.36949434876441956,,,
1.0,0.0,0.3655415177345276,,,
1.0,0.0,0.390720933675766,,,
1.0,1.0,0.7031170725822449,,,
1.0,1.0,0.5808355212211609,,,
1.0,1.0,0.8205885887145996,,,
0.0,1.0,0.5311424136161804,,,
1.0,1.0,0.6584389209747314,,,
1.0,0.0,0.3772699534893036,,,
1.0,1.0,0.6260274648666382,,,
1.0,1.0,0.6093478798866272,,,
0.0,0.0,0.2050527185201645,,,
0.0,0.0,0.38132694363594055,,,
1.0,0.0,0.43080171942710876,,,
1.0,1.0,0.6060758829116821,,,
1.0,1.0,0.5180994272232056,,,
1.0,1.0,0.6866613030433655,,,
0.0,0.0,0.3921748101711273,,,
1.0,1.0,0.7337502241134644,,,
1.0,1.0,0.5395815372467041,,,
1.0,0.0,0.3260766565799713,,,
0.0,0.0,0.34553655982017517,,,
0.0,0.0,0.27637454867362976,,,
1.0,1.0,0.681323766708374,,,
1.0,1.0,0.6882991790771484,,,
1.0,0.0,0.4568262994289398,,,
1.0,1.0,0.5536141991615295,,,
0.0,0.0,0.22522515058517456,,,
1.0,0.0,0.4936344623565674,,,
1.0,1.0,0.7604048252105713,,,
0.0,0.0,0.2794942259788513,,,
1.0,0.0,0.4803227484226227,,,
1.0,1.0,0.5975037813186646,,,
1.0,1.0,0.5890954732894897,,,
0.0,0.0,0.21323208510875702,,,
1.0,1.0,0.6247594952583313,,,
0.0,0.0,0.2646627724170685,,,
1.0,1.0,0.7377257943153381,,,
1.0,1.0,0.6439869999885559,,,
0.0,1.0,0.6126510500907898,,,
1.0,0.0,0.44027310609817505,,,
0.0,1.0,0.7253394722938538,,,
0.0,0.0,0.28823912143707275,,,
0.0,0.0,0.3288760185241699,,,
0.0,0.0,0.27034497261047363,,,
0.0,0.0,0.2880098521709442,,,
0.0,0.0,0.3592368960380554,,,
0.0,1.0,0.6797159910202026,,,
0.0,0.0,0.27189818024635315,,,
0.0,1.0,0.5654863119125366,,,
0.0,0.0,0.4454127550125122,,,
0.0,0.0,0.3281170725822449,,,
1.0,0.0,0.40198570489883423,,,
1.0,1.0,0.5361042022705078,,,
1.0,0.0,0.44529128074645996,,,
0.0,0.0,0.30273085832595825,,,
0.0,0.0,0.4890510141849518,,,
0.0,0.0,0.4654441177845001,,,
1.0,1.0,0.6554911732673645,,,
1.0,1.0,0.8067842125892639,,,
0.0,0.0,0.32363808155059814,,,
1.0,1.0,0.5148528814315796,,,
1.0,0.0,0.390079140663147,,,
1.0,1.0,0.5090374946594238,,,
0.0,0.0,0.21769729256629944,,,
0.0,0.0,0.4169529378414154,,,
0.0,0.0,0.40118029713630676,,,
0.0,0.0,0.3271517753601074,,,
0.0,1.0,0.5102553367614746,,,
0.0,1.0,0.6464706063270569,,,
1.0,1.0,0.6598003506660461,,,
0.0,0.0,0.3559803366661072,,,
0.0,0.0,0.2819570302963257,,,
0.0,1.0,0.5572314262390137,,,
1.0,1.0,0.5545365214347839,,,
0.0,0.0,0.3873306214809418,,,
0.0,1.0,0.5300759077072144,,,
0.0,0.0,0.3327152729034424,,,
0.0,0.0,0.39849767088890076,,,
1.0,1.0,0.5894542336463928,,,
1.0,0.0,0.3335094749927521,,,
0.0,0.0,0.16512706875801086,,,
1.0,1.0,0.7849481105804443,,,
0.0,0.0,0.4081067442893982,,,
0.0,0.0,0.47265371680259705,,,
0.0,1.0,0.6580871939659119,,,
0.0,0.0,0.34412193298339844,,,
1.0,1.0,0.7073204517364502,,,
1.0,0.0,0.43224796652793884,,,
0.0,0.0,0.3625992238521576,,,
1.0,0.0,0.49780359864234924,,,
1.0,1.0,0.5752535462379456,,,
1.0,1.0,0.6850693225860596,,,
1.0,1.0,0.8152909278869629,,,
1.0,1.0,0.5957146883010864,,,
1.0,0.0,0.4323011338710785,,,
1.0,0.0,0.3177810311317444,,,
1.0,1.0,0.6380572319030762,,,
1.0,1.0,0.8677697777748108,,,
1.0,1.0,0.8084896206855774,,,
0.0,0.0,0.4137602150440216,,,
1.0,1.0,0.6947154998779297,,,
1.0,1.0,0.6954123377799988,,,
0.0,1.0,0.8113512992858887,,,
0.0,0.0,0.3468782901763916,,,
1.0,1.0,0.5345208048820496,,,
0.0,0.0,0.29209840297698975,,,
1.0,0.0,0.3727169632911682,,,
1.0,1.0,0.767996609210968,,,
1.0,1.0,0.8081998229026794,,,
1.0,1.0,0.6909512281417847,,,
1.0,0.0,0.45390796661376953,,,
0.0,0.0,0.42585355043411255,,,
1.0,1.0,0.6465657949447632,,,
1.0,0.0,0.4672318696975708,,,
0.0,0.0,0.39592990279197693,,,
1.0,1.0,0.5282618999481201,,,
1.0,0.0,0.40561971068382263,,,
0.0,0.0,0.3741159439086914,,,
0.0,1.0,0.5912062525749207,,,
0.0,0.0,0.43754202127456665,,,
1.0,0.0,0.4430624544620514,,,
1.0,1.0,0.7740288972854614,,,
1.0,1.0,0.6746915578842163,,,
0.0,0.0,0.36180737614631653,,,
0.0,1.0,0.7584330439567566,,,
0.0,0.0,0.3809715509414673,,,
1.0,1.0,0.8984510898590088,,,
0.0,0.0,0.40350770950317383,,,
0.0,0.0,0.30276212096214294,,,
1.0,1.0,0.7490366697311401,,,
1.0,1.0,0.6757208704948425,,,
0.0,0.0,0.260005384683609,,,
0.0,0.0,0.41632330417633057,,,
1.0,0.0,0.4355663061141968,,,
1.0,1.0,0.7177460789680481,,,
0.0,0.0,0.3018662929534912,,,
0.0,0.0,0.26656901836395264,,,
0.0,0.0,0.23684801161289215,,,
1.0,1.0,0.8706689476966858,,,
1.0,1.0,0.7359058260917664,,,
0.0,0.0,0.32666894793510437,,,
0.0,0.0,0.2801358103752136,,,
1.0,1.0,0.5480270385742188,,,
1.0,0.0,0.41815632581710815,,,
1.0,1.0,0.5466852188110352,,,
0.0,1.0,0.5897800326347351,,,
1.0,1.0,0.5450408458709717,,,
0.0,0.0,0.29440534114837646,,,
0.0,0.0,0.30727681517601013,,,
0.0,0.0,0.37979206442832947,,,
0.0,1.0,0.6792709827423096,,,
1.0,0.0,0.4351997673511505,,,
1.0,1.0,0.6268847584724426,,,
0.0,0.0,0.47383177280426025,,,
1.0,0.0,0.4716055393218994,,,
1.0,1.0,0.7305560111999512,,,
1.0,0.0,0.41211819648742676,,,
1.0,1.0,0.5642488598823547,,,
1.0,0.0,0.47116878628730774,,,
1.0,1.0,0.7467063069343567,,,
0.0,0.0,0.24293293058872223,,,
0.0,0.0,0.2135368287563324,,,
1.0,1.0,0.6803510189056396,,,
0.0,0.0,0.3409084379673004,,,
0.0,0.0,0.31354036927223206,,,
0.0,1.0,0.6095991134643555,,,
1.0,0.0,0.4135177433490753,,,
1.0,1.0,0.6584371328353882,,,
1.0,1.0,0.5680689215660095,,,
0.0,0.0,0.34546467661857605,,,
0.0,0.0,0.43471449613571167,,,
0.0,0.0,0.4112769067287445,,,
0.0,0.0,0.4133681058883667,,,
1.0,1.0,0.9327751994132996,,,
1.0,1.0,0.6920602917671204,,,
0.0,0.0,0.4003877341747284,,,
1.0,1.0,0.5030009150505066,,,
0.0,0.0,0.3960632383823395,,,
1.0,1.0,0.6464353203773499,,,
1.0,1.0,0.557079017162323,,,
1.0,1.0,0.6729574203491211,,,
1.0,0.0,0.49410998821258545,,,
1.0,1.0,0.8483067154884338,,,
0.0,0.0,0.36896654963493347,,,
1.0,1.0,0.5481584072113037,,,
0.0,0.0,0.41418713331222534,,,
1.0,1.0,0.7393051385879517,,,
0.0,0.0,0.39195388555526733,,,
1.0,1.0,0.7892156839370728,,,
1.0,0.0,0.4096835255622864,,,
1.0,1.0,0.6016436815261841,,,
0.0,0.0,0.34553655982017517,,,
0.0,0.0,0.33668601512908936,,,
1.0,1.0,0.6646725535392761,,,
0.0,0.0,0.4732044041156769,,,
1.0,0.0,0.45227742195129395,,,
1.0,1.0,0.8513818979263306,,,
1.0,1.0,0.5230759382247925,,,
1.0,1.0,0.8875042796134949,,,
1.0,1.0,0.6380572319030762,,,
1.0,1.0,0.7512154579162598,,,
0.0,1.0,0.5606446266174316,,,
1.0,1.0,0.5843682289123535,,,
0.0,0.0,0.19093714654445648,,,
0.0,0.0,0.37297356128692627,,,
0.0,0.0,0.3797522783279419,,,
0.0,0.0,0.32987743616104126,,,
0.0,0.0,0.38430991768836975,,,
1.0,0.0,0.45418858528137207,,,
1.0,0.0,0.44954439997673035,,,
0.0,0.0,0.40533459186553955,,,
1.0,1.0,0.6777675151824951,,,
0.0,1.0,0.5988176465034485,,,
0.0,0.0,0.3040352165699005,,,
0.0,0.0,0.38383641839027405,,,
1.0,1.0,0.5049967765808105,,,
0.0,0.0,0.33229824900627136,,,
0.0,0.0,0.19765599071979523,,,
1.0,1.0,0.6821107864379883,,,
1.0,0.0,0.4836980104446411,,,
1.0,1.0,0.752816915512085,,,
1.0,0.0,0.2674243748188019,,,
1.0,1.0,0.730054497718811,,,
0.0,0.0,0.4200175702571869,,,
0.0,0.0,0.3718150854110718,,,
0.0,0.0,0.49768179655075073,,,
1.0,0.0,0.40345558524131775,,,
0.0,0.0,0.2697747051715851,,,
0.0,0.0,0.37998026609420776,,,
1.0,1.0,0.6931807398796082,,,
0.0,0.0,0.32774436473846436,,,
0.0,0.0,0.4254594147205353,,,
1.0,0.0,0.47036415338516235,,,
0.0,0.0,0.3757398724555969,,,
1.0,1.0,0.5875231623649597,,,
1.0,1.0,0.7191367745399475,,,
0.0,0.0,0.35994768142700195,,,
1.0,0.0,0.34759578108787537,,,
0.0,0.0,0.3640514314174652,,,
1.0,1.0,0.8379791378974915,,,
1.0,1.0,0.8416507840156555,,,
1.0,0.0,0.3652420938014984,,,
0.0,1.0,0.5776093006134033,,,
0.0,0.0,0.3557222783565521,,,
0.0,0.0,0.3249891996383667,,,
1.0,1.0,0.5694304704666138,,,
0.0,0.0,0.3378354012966156,,,
1.0,0.0,0.47215500473976135,,,
1.0,0.0,0.3539640009403229,,,
0.0,0.0,0.3388034403324127,,,
1.0,1.0,0.7199550271034241,,,
0.0,0.0,0.36077576875686646,,,
0.0,0.0,0.2570607364177704,,,
0.0,0.0,0.2555410861968994,,,
1.0,0.0,0.44994908571243286,,,
0.0,0.0,0.28559941053390503,,,
0.0,0.0,0.31350213289260864,,,
1.0,1.0,0.7564971446990967,,,
1.0,1.0,0.6902983784675598,,,
0.0,0.0,0.39292803406715393,,,
0.0,0.0,0.36206984519958496,,,
0.0,0.0,0.31691643595695496,,,
0.0,0.0,0.32832616567611694,,,
0.0,0.0,0.3628118336200714,,,
0.0,0.0,0.34378039836883545,,,
1.0,1.0,0.7289771437644958,,,
0.0,0.0,0.31430289149284363,,,
0.0,0.0,0.32157933712005615,,,
1.0,1.0,0.7057363390922546,,,
0.0,0.0,0.36581143736839294,,,
0.0,0.0,0.4615299701690674,,,
0.0,0.0,0.2984035015106201,,,
1.0,0.0,0.38753655552864075,,,
1.0,0.0,0.49965351819992065,,,
1.0,1.0,0.7205073833465576,,,
1.0,1.0,0.8845090866088867,,,
1.0,1.0,0.8679193258285522,,,
1.0,0.0,0.36152347922325134,,,
1.0,1.0,0.7342239022254944,,,
1.0,1.0,0.8370367288589478,,,
0.0,0.0,0.2899228036403656,,,
0.0,0.0,0.2414717823266983,,,
1.0,0.0,0.30731844902038574,,,
1.0,1.0,0.510396420955658,,,
1.0,1.0,0.6170292496681213,,,
0.0,0.0,0.35086166858673096,,,
1.0,1.0,0.6544309258460999,,,
1.0,1.0,0.6263150572776794,,,
1.0,1.0,0.6397343873977661,,,
0.0,0.0,0.3517061471939087,,,
1.0,1.0,0.7935798764228821,,,
1.0,1.0,0.675326943397522,,,
0.0,0.0,0.4385190010070801,,,
0.0,0.0,0.32846522331237793,,,
1.0,1.0,0.8516860008239746,,,
1.0,0.0,0.3262389898300171,,,
1.0,0.0,0.4560790956020355,,,
0.0,0.0,0.26209762692451477,,,
1.0,1.0,0.6833979487419128,,,
1.0,0.0,0.38738179206848145,,,
1.0,1.0,0.7050453424453735,,,
0.0,0.0,0.20011882483959198,,,
1.0,1.0,0.780724823474884,,,
1.0,0.0,0.4828970730304718,,,
0.0,0.0,0.2989965081214905,,,
0.0,0.0,0.2617228627204895,,,
1.0,1.0,0.7746120691299438,,,
1.0,1.0,0.6470636129379272,,,
0.0,0.0,0.4250757098197937,,,
1.0,1.0,0.8124867677688599,,,
0.0,1.0,0.5476577877998352,,,
1.0,1.0,0.6853736639022827,,,
0.0,0.0,0.2214956283569336,,,
0.0,0.0,0.4011109173297882,,,
1.0,1.0,0.7516825199127197,,,
0.0,0.0,0.23643697798252106,,,
0.0,1.0,0.563678503036499,,,
1.0,0.0,0.3831101655960083,,,
0.0,0.0,0.39390310645103455,,,
1.0,0.0,0.3912678062915802,,,
0.0,0.0,0.4295557737350464,,,
1.0,1.0,0.8782196044921875,,,
0.0,0.0,0.2564878463745117,,,
0.0,0.0,0.30256378650665283,,,
0.0,0.0,0.262022465467453,,,
0.0,0.0,0.3445621430873871,,,
0.0,0.0,0.4493151605129242,,,
0.0,0.0,0.32131510972976685,,,
1.0,1.0,0.5818955302238464,,,
0.0,1.0,0.5062316060066223,,,
0.0,0.0,0.3006915748119354,,,
0.0,0.0,0.405321329832077,,,
1.0,1.0,0.5806018710136414,,,
0.0,0.0,0.370771586894989,,,
1.0,1.0,0.6341758966445923,,,
0.0,0.0,0.2409537434577942,,,
0.0,1.0,0.5393203496932983,,,
1.0,1.0,0.7709844708442688,,,
1.0,0.0,0.3857429325580597,,,
1.0,1.0,0.5885177254676819,,,
1.0,1.0,0.599805474281311,,,
0.0,0.0,0.3757355809211731,,,
0.0,0.0,0.4583296775817871,,,
0.0,0.0,0.2949252426624298,,,
1.0,1.0,0.734534740447998,,,
1.0,1.0,0.6827223896980286,,,
0.0,0.0,0.1537688970565796,,,
1.0,1.0,0.8035975694656372,,,
1.0,0.0,0.3524361848831177,,,
0.0,0.0,0.2621764540672302,,,
0.0,0.0,0.38717541098594666,,,
1.0,1.0,0.6359411478042603,,,
0.0,0.0,0.3406204283237457,,,
0.0,0.0,0.35551130771636963,,,
1.0,0.0,0.4185667335987091,,,
1.0,0.0,0.49279478192329407,,,
1.0,0.0,0.492188036441803,,,
0.0,0.0,0.49087315797805786,,,
0.0,0.0,0.3179134130477905,,,
1.0,1.0,0.7921156883239746,,,
0.0,0.0,0.2581107020378113,,,
1.0,0.0,0.3454241156578064,,,
0.0,0.0,0.4285593032836914,,,
1.0,0.0,0.35482409596443176,,,
1.0,1.0,0.5414459705352783,,,
0.0,0.0,0.2752262055873871,,,
1.0,1.0,0.614568293094635,,,
0.0,0.0,0.27265357971191406,,,
0.0,0.0,0.46869975328445435,,,
1.0,1.0,0.6388581395149231,,,
0.0,0.0,0.3591286242008209,,,
1.0,0.0,0.42528805136680603,,,
0.0,0.0,0.4972750246524811,,,
1.0,0.0,0.4882436990737915,,,
0.0,0.0,0.3840049207210541,,,
1.0,1.0,0.6746950745582581,,,
0.0,0.0,0.42269495129585266,,,
0.0,0.0,0.25507381558418274,,,
1.0,0.0,0.40615370869636536,,,
1.0,1.0,0.8251819014549255,,,
0.0,0.0,0.3058589696884155,,,
0.0,1.0,0.7343989610671997,,,
1.0,1.0,0.7828678488731384,,,
1.0,1.0,0.6640628576278687,,,
0.0,0.0,0.44526436924934387,,,
0.0,0.0,0.46268758177757263,,,
1.0,0.0,0.36519479751586914,,,
1.0,1.0,0.6898100972175598,,,
1.0,1.0,0.6863683462142944,,,
0.0,0.0,0.4519548714160919,,,
1.0,0.0,0.43248996138572693,,,
1.0,1.0,0.557925820350647,,,
1.0,0.0,0.30934834480285645,,,
1.0,0.0,0.38990870118141174,,,
0.0,0.0,0.33403265476226807,,,
1.0,1.0,0.5468780994415283,,,
1.0,1.0,0.5279722213745117,,,
0.0,0.0,0.2768935561180115,,,
0.0,0.0,0.18472404778003693,,,
1.0,0.0,0.46248549222946167,,,
0.0,0.0,0.4604817032814026,,,
0.0,0.0,0.3805083930492401,,,
0.0,0.0,0.41460728645324707,,,
1.0,1.0,0.5241348743438721,,,
1.0,0.0,0.4728837013244629,,,
0.0,0.0,0.3584280014038086,,,
1.0,0.0,0.4861474335193634,,,
1.0,1.0,0.56103515625,,,
0.0,0.0,0.20011882483959198,,,
0.0,0.0,0.42607399821281433,,,
1.0,1.0,0.598552405834198,,,
1.0,0.0,0.44529226422309875,,,
1.0,0.0,0.4301198720932007,,,
0.0,0.0,0.22630761563777924,,,
0.0,0.0,0.41194799542427063,,,
1.0,1.0,0.8006755709648132,,,
0.0,0.0,0.3269078731536865,,,
0.0,0.0,0.28031423687934875,,,
0.0,0.0,0.26340362429618835,,,
1.0,1.0,0.9300881028175354,,,
1.0,1.0,0.6056015491485596,,,
0.0,0.0,0.3122999370098114,,,
0.0,0.0,0.4627178907394409,,,
1.0,1.0,0.9167116284370422,,,
1.0,1.0,0.7231988310813904,,,
1.0,0.0,0.37674403190612793,,,
0.0,0.0,0.4677945673465729,,,
0.0,1.0,0.5994817018508911,,,
0.0,0.0,0.38720831274986267,,,
0.0,0.0,0.3992246687412262,,,
0.0,1.0,0.6163204312324524,,,
0.0,0.0,0.2793412506580353,,,
1.0,1.0,0.7911868095397949,,,
0.0,0.0,0.40085333585739136,,,
1.0,0.0,0.425673246383667,,,
0.0,0.0,0.4023260772228241,,,
0.0,0.0,0.39521166682243347,,,
1.0,1.0,0.5623903870582581,,,
0.0,1.0,0.5094681978225708,,,
1.0,1.0,0.5422549247741699,,,
1.0,0.0,0.3375150263309479,,,
0.0,0.0,0.23813197016716003,,,
1.0,1.0,0.6651358008384705,,,
0.0,0.0,0.414328932762146,,,
0.0,0.0,0.49541065096855164,,,
0.0,0.0,0.25147533416748047,,,
0.0,0.0,0.3589611053466797,,,
1.0,1.0,0.6524153351783752,,,
1.0,0.0,0.49095749855041504,,,
1.0,1.0,0.5895969867706299,,,
0.0,1.0,0.6093478798866272,,,
1.0,1.0,0.5055875182151794,,,
0.0,0.0,0.3002397418022156,,,
1.0,1.0,0.8049466013908386,,,
0.0,0.0,0.21790951490402222,,,
1.0,1.0,0.5283265709877014,,,
0.0,0.0,0.27468353509902954,,,
1.0,1.0,0.8770259022712708,,,
1.0,1.0,0.6333515048027039,,,
1.0,0.0,0.37030714750289917,,,
0.0,0.0,0.24366895854473114,,,
0.0,1.0,0.644439160823822,,,
0.0,0.0,0.2679755389690399,,,
0.0,0.0,0.2416599988937378,,,
1.0,1.0,0.7693492770195007,,,
0.0,0.0,0.33041059970855713,,,
0.0,0.0,0.4791273772716522,,,
1.0,1.0,0.5684779286384583,,,
1.0,1.0,0.630132257938385,,,
1.0,1.0,0.6468307971954346,,,
0.0,0.0,0.3411172330379486,,,
0.0,0.0,0.3049904406070709,,,
1.0,1.0,0.7298778295516968,,,
0.0,1.0,0.5846790671348572,,,
1.0,1.0,0.5444783568382263,,,
0.0,0.0,0.23038658499717712,,,
0.0,1.0,0.7017645239830017,,,
0.0,0.0,0.4761613607406616,,,
0.0,0.0,0.3345407545566559,,,
1.0,1.0,0.8067653179168701,,,
1.0,1.0,0.7254635691642761,,,
0.0,0.0,0.22630761563777924,,,
0.0,1.0,0.5048229694366455,,,
1.0,0.0,0.41039547324180603,,,
0.0,0.0,0.4572755694389343,,,
0.0,0.0,0.3946710228919983,,,
0.0,0.0,0.28641781210899353,,,
1.0,0.0,0.41242244839668274,,,
1.0,1.0,0.5511302351951599,,,
1.0,1.0,0.5588423013687134,,,
1.0,0.0,0.2784463167190552,,,
0.0,0.0,0.39502236247062683,,,
1.0,0.0,0.4984722435474396,,,
0.0,0.0,0.27567100524902344,,,
0.0,0.0,0.316806435585022,,,
1.0,0.0,0.2956630289554596,,,
0.0,1.0,0.5210675001144409,,,
0.0,0.0,0.37952205538749695,,,
1.0,0.0,0.3596786856651306,,,
0.0,0.0,0.2535124123096466,,,
0.0,0.0,0.4643613398075104,,,
1.0,1.0,0.5265881419181824,,,
1.0,0.0,0.4902995824813843,,,
1.0,1.0,0.7261977195739746,,,
0.0,0.0,0.406811386346817,,,
0.0,0.0,0.2224445939064026,,,
0.0,0.0,0.4183005392551422,,,
1.0,0.0,0.4468161165714264,,,
0.0,0.0,0.333291232585907,,,
0.0,0.0,0.38158416748046875,,,
1.0,1.0,0.7411638498306274,,,
0.0,1.0,0.7585891485214233,,,
1.0,1.0,0.8578762412071228,,,
0.0,0.0,0.3658106327056885,,,
1.0,0.0,0.3632878363132477,,,
1.0,1.0,0.5327500700950623,,,
0.0,0.0,0.401818186044693,,,
0.0,0.0,0.3107926547527313,,,
1.0,0.0,0.47309765219688416,,,
0.0,0.0,0.3734573423862457,,,
0.0,1.0,0.6709703207015991,,,
1.0,0.0,0.4197680950164795,,,
0.0,0.0,0.472698837518692,,,
1.0,0.0,0.38666418194770813,,,
0.0,0.0,0.4095204174518585,,,
1.0,1.0,0.5705877542495728,,,
1.0,1.0,0.7582365274429321,,,
1.0,0.0,0.48566973209381104,,,
1.0,0.0,0.43154242634773254,,,
1.0,0.0,0.32613733410835266,,,
0.0,0.0,0.3700450658798218,,,
0.0,0.0,0.19199393689632416,,,
1.0,1.0,0.641620934009552,,,
0.0,0.0,0.3017059862613678,,,
0.0,0.0,0.29036298394203186,,,
1.0,0.0,0.3583466112613678,,,
1.0,0.0,0.3869887590408325,,,
0.0,0.0,0.4501996636390686,,,
1.0,0.0,0.4720163345336914,,,
1.0,1.0,0.7889922261238098,,,
0.0,0.0,0.17886516451835632,,,
1.0,1.0,0.5375619530677795,,,
0.0,0.0,0.47631075978279114,,,
0.0,0.0,0.39996832609176636,,,
1.0,1.0,0.8987783789634705,,,
0.0,0.0,0.4551895558834076,,,
0.0,1.0,0.54658442735672,,,
1.0,1.0,0.5638867616653442,,,
0.0,0.0,0.21093779802322388,,,
1.0,1.0,0.8249386548995972,,,
1.0,0.0,0.4400005638599396,,,
1.0,1.0,0.75525963306427,,,
0.0,0.0,0.3302931487560272,,,
1.0,1.0,0.7555639743804932,,,
1.0,1.0,0.6510353088378906,,,
1.0,1.0,0.5889864563941956,,,
0.0,0.0,0.30850985646247864,,,
1.0,1.0,0.5634385347366333,,,
1.0,0.0,0.487912654876709,,,
1.0,0.0,0.3180093765258789,,,
0.0,0.0,0.2608555555343628,,,
1.0,0.0,0.24995054304599762,,,
1.0,0.0,0.4870069921016693,,,
1.0,1.0,0.8947777152061462,,,
0.0,0.0,0.3346632122993469,,,
0.0,0.0,0.3940217196941376,,,
0.0,0.0,0.35702580213546753,,,
1.0,1.0,0.7873950004577637,,,
0.0,0.0,0.23145556449890137,,,
0.0,0.0,0.36531469225883484,,,
0.0,0.0,0.49844926595687866,,,
0.0,0.0,0.3929558992385864,,,
1.0,1.0,0.6206473112106323,,,
1.0,1.0,0.5383597612380981,,,
0.0,0.0,0.3437260687351227,,,
1.0,1.0,0.7363578081130981,,,
0.0,1.0,0.5215041041374207,,,
1.0,0.0,0.3970601558685303,,,
1.0,0.0,0.42305684089660645,,,
0.0,0.0,0.4637167453765869,,,
0.0,0.0,0.3478892147541046,,,
1.0,0.0,0.43374672532081604,,,
0.0,0.0,0.3621123731136322,,,
1.0,0.0,0.49260181188583374,,,
1.0,1.0,0.7941425442695618,,,
1.0,1.0,0.662026584148407,,,
1.0,0.0,0.45769476890563965,,,
0.0,1.0,0.5585477948188782,,,
1.0,0.0,0.2943541705608368,,,
0.0,0.0,0.40594199299812317,,,
0.0,1.0,0.6661952137947083,,,
1.0,0.0,0.3713679611682892,,,
0.0,1.0,0.5054870843887329,,,
0.0,0.0,0.2846221327781677,,,
1.0,1.0,0.5819788575172424,,,
1.0,1.0,0.6112077832221985,,,
1.0,1.0,0.5583800077438354,,,
1.0,0.0,0.4972750246524811,,,
1.0,0.0,0.4462886154651642,,,
0.0,0.0,0.34019336104393005,,,
0.0,0.0,0.4047166407108307,,,
1.0,0.0,0.4768235981464386,,,
0.0,0.0,0.33027172088623047,,,
0.0,0.0,0.3940529227256775,,,
0.0,0.0,0.43334725499153137,,,
0.0,0.0,0.36504897475242615,,,
0.0,0.0,0.36489295959472656,,,
1.0,1.0,0.5885317921638489,,,
0.0,0.0,0.3368363678455353,,,
1.0,0.0,0.48548662662506104,,,
1.0,1.0,0.8522243499755859,,,
0.0,0.0,0.4286579489707947,,,
0.0,0.0,0.28823912143707275,,,
0.0,0.0,0.2835444211959839,,,
1.0,0.0,0.39429521560668945,,,
0.0,0.0,0.4631202220916748,,,
0.0,0.0,0.407921701669693,,,
1.0,1.0,0.57505202293396,,,
1.0,0.0,0.43864428997039795,,,
0.0,0.0,0.4926126301288605,,,
0.0,0.0,0.3106279969215393,,,
0.0,0.0,0.25473901629447937,,,
1.0,0.0,0.48253440856933594,,,
1.0,0.0,0.4631202220916748,,,
1.0,1.0,0.5219297409057617,,,
0.0,0.0,0.2650561034679413,,,
0.0,0.0,0.23951922357082367,,,
1.0,0.0,0.3133578896522522,,,
1.0,1.0,0.554762065410614,,,
0.0,1.0,0.6696926355361938,,,
0.0,1.0,0.5358905792236328,,,
0.0,0.0,0.2989865839481354,,,
1.0,1.0,0.5346763134002686,,,
1.0,0.0,0.3842583894729614,,,
0.0,0.0,0.33507558703422546,,,
1.0,1.0,0.67989581823349,,,
1.0,1.0,0.5760666728019714,,,
0.0,0.0,0.24895599484443665,,,
0.0,0.0,0.23741038143634796,,,
0.0,0.0,0.4107043743133545,,,
1.0,1.0,0.7225664854049683,,,
0.0,0.0,0.4159261882305145,,,
0.0,0.0,0.31012609601020813,,,
0.0,0.0,0.3049919009208679,,,
1.0,1.0,0.7827267646789551,,,
1.0,1.0,0.5796818733215332,,,
0.0,0.0,0.2787894308567047,,,
1.0,1.0,0.548160970211029,,,
1.0,0.0,0.3581186830997467,,,
0.0,0.0,0.20681875944137573,,,
0.0,0.0,0.38585585355758667,,,
1.0,1.0,0.6256510019302368,,,
1.0,1.0,0.5118557214736938,,,
1.0,1.0,0.7260668873786926,,,
1.0,0.0,0.489286869764328,,,
0.0,0.0,0.4222317039966583,,,
1.0,1.0,0.9306142330169678,,,
1.0,1.0,0.7875388860702515,,,
0.0,0.0,0.38880038261413574,,,
0.0,0.0,0.21564316749572754,,,
0.0,0.0,0.34546124935150146,,,
1.0,1.0,0.545714795589447,,,
1.0,1.0,0.6562958359718323,,,
0.0,0.0,0.4698884189128876,,,
1.0,1.0,0.6055104732513428,,,
1.0,0.0,0.3282060921192169,,,
0.0,0.0,0.3899311125278473,,,
0.0,0.0,0.46824854612350464,,,
0.0,0.0,0.3633979260921478,,,
0.0,1.0,0.5182100534439087,,,
0.0,0.0,0.3538762927055359,,,
1.0,1.0,0.5606208443641663,,,
1.0,0.0,0.39902463555336,,,
0.0,0.0,0.3839087188243866,,,
0.0,0.0,0.35454484820365906,,,
0.0,0.0,0.37477150559425354,,,
0.0,0.0,0.376624196767807,,,
1.0,1.0,0.590583324432373,,,
1.0,1.0,0.5258340835571289,,,
0.0,0.0,0.38152965903282166,,,
1.0,1.0,0.7563796639442444,,,
1.0,0.0,0.41150739789009094,,,
0.0,0.0,0.28910592198371887,,,
1.0,1.0,0.9081498384475708,,,
1.0,1.0,0.9025401473045349,,,
0.0,1.0,0.519817590713501,,,
1.0,0.0,0.33600154519081116,,,
0.0,0.0,0.3341343402862549,,,
0.0,0.0,0.3499489724636078,,,
1.0,1.0,0.7160295248031616,,,
1.0,1.0,0.7831322550773621,,,
1.0,1.0,0.5548314452171326,,,
0.0,0.0,0.4065473973751068,,,
1.0,1.0,0.6138010025024414,,,
0.0,0.0,0.33578991889953613,,,
0.0,0.0,0.4533678889274597,,,
1.0,1.0,0.800322949886322,,,
0.0,0.0,0.3421247899532318,,,
0.0,0.0,0.32737335562705994,,,
0.0,0.0,0.356315940618515,,,
1.0,0.0,0.29863351583480835,,,
0.0,0.0,0.34534329175949097,,,
1.0,1.0,0.6908931732177734,,,
0.0,0.0,0.19128172099590302,,,
1.0,1.0,0.5216096043586731,,,
1.0,0.0,0.34619754552841187,,,
0.0,0.0,0.4377148747444153,,,
0.0,0.0,0.3332888185977936,,,
1.0,1.0,0.5177942514419556,,,
1.0,1.0,0.8971258997917175,,,
1.0,1.0,0.6636362671852112,,,
1.0,1.0,0.777557373046875,,,
0.0,0.0,0.4880169928073883,,,
1.0,1.0,0.5370520353317261,,,
1.0,1.0,0.6485687494277954,,,
1.0,0.0,0.2271028757095337,,,
1.0,1.0,0.6465914845466614,,,
1.0,1.0,0.6748635768890381,,,
1.0,1.0,0.8674095273017883,,,
0.0,0.0,0.2599916160106659,,,
1.0,1.0,0.5777957439422607,,,
0.0,1.0,0.7773513793945312,,,
1.0,0.0,0.305661141872406,,,
0.0,0.0,0.3590037226676941,,,
1.0,1.0,0.6442884802818298,,,
0.0,0.0,0.235006183385849,,,
1.0,1.0,0.7192579507827759,,,
1.0,1.0,0.6374639868736267,,,
1.0,1.0,0.7371559739112854,,,
1.0,1.0,0.667110800743103,,,
1.0,0.0,0.39592990279197693,,,
1.0,1.0,0.7407963871955872,,,
0.0,0.0,0.41402238607406616,,,
1.0,1.0,0.7259506583213806,,,
0.0,0.0,0.34494876861572266,,,
0.0,0.0,0.39019206166267395,,,
0.0,0.0,0.2706456184387207,,,
0.0,0.0,0.33416441082954407,,,
1.0,0.0,0.3480387330055237,,,
0.0,0.0,0.21383512020111084,,,
1.0,1.0,0.6601672768592834,,,
1.0,1.0,0.7903352975845337,,,
0.0,0.0,0.3261704444885254,,,
0.0,0.0,0.28906187415122986,,,
0.0,0.0,0.4601207673549652,,,
1.0,1.0,0.6816350817680359,,,
1.0,0.0,0.42824387550354004,,,
0.0,0.0,0.38162341713905334,,,
1.0,1.0,0.6013802289962769,,,
0.0,0.0,0.3884928822517395,,,
1.0,1.0,0.5657554864883423,,,
1.0,0.0,0.4279312193393707,,,
0.0,0.0,0.40071117877960205,,,
1.0,1.0,0.9406902194023132,,,
1.0,0.0,0.4072577953338623,,,
1.0,0.0,0.38626018166542053,,,
0.0,0.0,0.4989466369152069,,,
1.0,1.0,0.85053551197052,,,
1.0,0.0,0.36225271224975586,,,
0.0,0.0,0.4215519428253174,,,
0.0,0.0,0.31749361753463745,,,
0.0,0.0,0.24888774752616882,,,
1.0,0.0,0.4570688307285309,,,
1.0,1.0,0.5112140774726868,,,
1.0,1.0,0.8130591511726379,,,
0.0,0.0,0.14844173192977905,,,
0.0,0.0,0.4717690348625183,,,
1.0,1.0,0.5877746939659119,,,
1.0,0.0,0.4708089828491211,,,
1.0,1.0,0.7431196570396423,,,
1.0,0.0,0.32481321692466736,,,
0.0,0.0,0.30648452043533325,,,
0.0,1.0,0.5454385876655579,,,
0.0,0.0,0.3798159658908844,,,
0.0,0.0,0.44711363315582275,,,
1.0,1.0,0.7897472381591797,,,
1.0,0.0,0.32859113812446594,,,
0.0,0.0,0.20011882483959198,,,
0.0,0.0,0.292938768863678,,,
1.0,1.0,0.8620309233665466,,,
0.0,0.0,0.445665568113327,,,
1.0,0.0,0.4138619303703308,,,
0.0,0.0,0.4570908546447754,,,
1.0,0.0,0.489826500415802,,,
1.0,1.0,0.599805474281311,,,
0.0,0.0,0.2820420563220978,,,
0.0,0.0,0.3282751142978668,,,
0.0,0.0,0.2788129448890686,,,
1.0,1.0,0.5785670876502991,,,
0.0,1.0,0.5387152433395386,,,
0.0,0.0,0.347348153591156,,,
1.0,1.0,0.6414074897766113,,,
1.0,1.0,0.6093478798866272,,,
0.0,0.0,0.43305259943008423,,,
1.0,1.0,0.7804570198059082,,,
1.0,0.0,0.42287322878837585,,,
1.0,1.0,0.6792709827423096,,,
1.0,0.0,0.42089807987213135,,,
0.0,0.0,0.23951859772205353,,,
1.0,1.0,0.5401267409324646,,,
0.0,0.0,0.3498881161212921,,,
1.0,0.0,0.42508015036582947,,,
0.0,0.0,0.36081963777542114,,,
0.0,0.0,0.24104496836662292,,,
1.0,1.0,0.6111189126968384,,,
1.0,0.0,0.472698837518692,,,
0.0,0.0,0.4069209098815918,,,
0.0,0.0,0.29953840374946594,,,
0.0,0.0,0.35487085580825806,,,
1.0,1.0,0.6856322288513184,,,
0.0,1.0,0.6016552448272705,,,
0.0,1.0,0.5648096203804016,,,
1.0,0.0,0.34471285343170166,,,
0.0,0.0,0.27656319737434387,,,
0.0,0.0,0.48723936080932617,,,
0.0,0.0,0.30620846152305603,,,
0.0,0.0,0.21166661381721497,,,
0.0,0.0,0.3844841718673706,,,
0.0,0.0,0.4570910334587097,,,
1.0,1.0,0.5099121928215027,,,
0.0,1.0,0.5903943181037903,,,
0.0,0.0,0.46020644903182983,,,
1.0,0.0,0.40341848134994507,,,
1.0,1.0,0.7181011438369751,,,
1.0,1.0,0.8355168104171753,,,
1.0,1.0,0.6510592699050903,,,
0.0,0.0,0.47375738620758057,,,
0.0,0.0,0.31628790497779846,,,
0.0,0.0,0.37740179896354675,,,
1.0,0.0,0.47790586948394775,,,
0.0,0.0,0.4771684408187866,,,
0.0,1.0,0.7016932368278503,,,
0.0,0.0,0.49531564116477966,,,
0.0,0.0,0.4689013659954071,,,
0.0,1.0,0.516480565071106,,,
0.0,0.0,0.15611876547336578,,,
0.0,0.0,0.35766884684562683,,,
0.0,0.0,0.3649163544178009,,,
0.0,0.0,0.4494139850139618,,,
0.0,0.0,0.42052820324897766,,,
1.0,1.0,0.5374410152435303,,,
0.0,0.0,0.34487345814704895,,,
0.0,0.0,0.31484127044677734,,,
1.0,1.0,0.6672317981719971,,,
0.0,0.0,0.24276885390281677,,,
0.0,1.0,0.6837460398674011,,,
1.0,1.0,0.5012314319610596,,,
1.0,1.0,0.6279813051223755,,,
0.0,0.0,0.3731767237186432,,,
0.0,0.0,0.3549664616584778,,,
1.0,0.0,0.45919090509414673,,,
1.0,0.0,0.4407249093055725,,,
0.0,0.0,0.2295919954776764,,,
1.0,1.0,0.6473254561424255,,,
1.0,0.0,0.33019858598709106,,,
1.0,0.0,0.37461230158805847,,,
0.0,0.0,0.38792887330055237,,,
0.0,1.0,0.5654442310333252,,,
1.0,1.0,0.8785122632980347,,,
1.0,0.0,0.46973493695259094,,,
0.0,0.0,0.3570094704627991,,,
1.0,1.0,0.759998083114624,,,
0.0,0.0,0.33026251196861267,,,
1.0,1.0,0.6841716766357422,,,
1.0,1.0,0.5888498425483704,,,
0.0,0.0,0.35399606823921204,,,
0.0,0.0,0.2660458981990814,,,
0.0,0.0,0.3959676921367645,,,
0.0,0.0,0.33823102712631226,,,
1.0,1.0,0.791022777557373,,,
1.0,1.0,0.8303799033164978,,,
1.0,1.0,0.5542347431182861,,,
0.0,0.0,0.35276684165000916,,,
1.0,0.0,0.2878980040550232,,,
1.0,1.0,0.6971893310546875,,,
1.0,1.0,0.8492539525032043,,,
0.0,0.0,0.32855355739593506,,,
0.0,0.0,0.2692941427230835,,,
1.0,1.0,0.8136762380599976,,,
0.0,0.0,0.2747150957584381,,,
1.0,1.0,0.5690974593162537,,,
0.0,0.0,0.33055293560028076,,,
1.0,1.0,0.8519681692123413,,,
0.0,0.0,0.3496151268482208,,,
1.0,1.0,0.6380572319030762,,,
0.0,0.0,0.33343976736068726,,,
0.0,0.0,0.41816437244415283,,,
1.0,1.0,0.5855351090431213,,,
0.0,0.0,0.43115031719207764,,,
0.0,0.0,0.3281800448894501,,,
1.0,0.0,0.4376600682735443,,,
0.0,0.0,0.3097389340400696,,,
1.0,0.0,0.3615374267101288,,,
1.0,0.0,0.4361148476600647,,,
1.0,0.0,0.42560291290283203,,,
1.0,1.0,0.7585874795913696,,,
0.0,0.0,0.3357609212398529,,,
0.0,0.0,0.49731016159057617,,,
0.0,1.0,0.5381599068641663,,,
1.0,1.0,0.8513818979263306,,,
1.0,1.0,0.5454956293106079,,,
1.0,1.0,0.83966064453125,,,
1.0,1.0,0.812828004360199,,,
1.0,1.0,0.5037966966629028,,,
1.0,1.0,0.5779708027839661,,,
0.0,0.0,0.2724671959877014,,,
0.0,0.0,0.36984631419181824,,,
0.0,0.0,0.4337770640850067,,,
0.0,0.0,0.4165821373462677,,,
1.0,1.0,0.7973593473434448,,,
0.0,0.0,0.4578624963760376,,,
0.0,0.0,0.39502763748168945,,,
0.0,0.0,0.3930491805076599,,,
1.0,1.0,0.6455942988395691,,,
0.0,0.0,0.3661331236362457,,,
0.0,1.0,0.5950679183006287,,,
0.0,0.0,0.41341108083724976,,,
0.0,0.0,0.3173690438270569,,,
1.0,1.0,0.6093478798866272,,,
1.0,0.0,0.36744385957717896,,,
0.0,0.0,0.14152134954929352,,,
0.0,0.0,0.47242698073387146,,,
0.0,0.0,0.2906803786754608,,,
0.0,0.0,0.3612483739852905,,,
1.0,1.0,0.7550851702690125,,,
1.0,1.0,0.7709847092628479,,,
1.0,1.0,0.5055873990058899,,,
0.0,0.0,0.4696471393108368,,,
0.0,0.0,0.3490716516971588,,,
0.0,0.0,0.4000033438205719,,,
0.0,1.0,0.6757110357284546,,,
0.0,0.0,0.40719175338745117,,,
1.0,0.0,0.41279545426368713,,,
1.0,1.0,0.7477540969848633,,,
1.0,0.0,0.46604305505752563,,,
0.0,0.0,0.39589592814445496,,,
1.0,1.0,0.7498636245727539,,,
0.0,0.0,0.41773706674575806,,,
0.0,0.0,0.4254594147205353,,,
0.0,0.0,0.47180160880088806,,,
1.0,0.0,0.48257318139076233,,,
1.0,1.0,0.7218795418739319,,,
0.0,0.0,0.4005489945411682,,,
1.0,0.0,0.43938809633255005,,,
1.0,1.0,0.8603068590164185,,,
1.0,0.0,0.4239882826805115,,,
1.0,1.0,0.6164771318435669,,,
0.0,0.0,0.30909353494644165,,,
1.0,0.0,0.4651922583580017,,,
0.0,1.0,0.5472198128700256,,,
0.0,0.0,0.27327704429626465,,,
1.0,1.0,0.5570133328437805,,,
1.0,1.0,0.644662618637085,,,
1.0,1.0,0.7881670594215393,,,
1.0,0.0,0.3721010386943817,,,
0.0,0.0,0.3125194013118744,,,
1.0,0.0,0.46511924266815186,,,
1.0,1.0,0.6099935173988342,,,
0.0,0.0,0.30704450607299805,,,
0.0,1.0,0.5369924902915955,,,
1.0,0.0,0.480381041765213,,,
0.0,0.0,0.18529725074768066,,,
1.0,0.0,0.2462601512670517,,,
1.0,0.0,0.2516273260116577,,,
0.0,0.0,0.3842722475528717,,,
1.0,1.0,0.6938709020614624,,,
1.0,1.0,0.5866466164588928,,,
0.0,1.0,0.5286340117454529,,,
1.0,1.0,0.6380572319030762,,,
1.0,1.0,0.5085299611091614,,,
1.0,1.0,0.6584349274635315,,,
1.0,0.0,0.3688288629055023,,,
1.0,1.0,0.5638408660888672,,,
0.0,0.0,0.2214956283569336,,,
1.0,1.0,0.6185097694396973,,,
1.0,1.0,0.8646940588951111,,,
0.0,0.0,0.16512706875801086,,,
1.0,0.0,0.29843613505363464,,,
0.0,0.0,0.3479903042316437,,,
0.0,0.0,0.41981595754623413,,,
1.0,1.0,0.6643230319023132,,,
1.0,1.0,0.6389604806900024,,,
0.0,0.0,0.449411541223526,,,
0.0,1.0,0.8037903308868408,,,
0.0,1.0,0.5421876311302185,,,
0.0,0.0,0.3700768053531647,,,
0.0,0.0,0.4282548427581787,,,
0.0,0.0,0.4597407877445221,,,
1.0,1.0,0.540313720703125,,,
1.0,1.0,0.9480912685394287,,,
0.0,0.0,0.33195531368255615,,,
0.0,1.0,0.5202313661575317,,,
0.0,0.0,0.31638094782829285,,,
1.0,0.0,0.3840886950492859,,,
0.0,1.0,0.5855351090431213,,,
0.0,0.0,0.24822543561458588,,,
1.0,1.0,0.5723971724510193,,,
1.0,1.0,0.8326466083526611,,,
0.0,0.0,0.40411123633384705,,,
1.0,1.0,0.5927777886390686,,,
1.0,0.0,0.32757434248924255,,,
0.0,0.0,0.374571293592453,,,
1.0,1.0,0.5648133754730225,,,
0.0,0.0,0.16512706875801086,,,
0.0,1.0,0.7468633651733398,,,
0.0,1.0,0.5195395350456238,,,
1.0,1.0,0.7481448650360107,,,
0.0,0.0,0.4700538218021393,,,
1.0,1.0,0.687189519405365,,,
0.0,0.0,0.4962388575077057,,,
1.0,1.0,0.5048099756240845,,,
0.0,1.0,0.5216158628463745,,,
0.0,0.0,0.4313974976539612,,,
0.0,0.0,0.38047680258750916,,,
1.0,1.0,0.5141773819923401,,,
0.0,0.0,0.34887149930000305,,,
1.0,0.0,0.4176720976829529,,,
0.0,1.0,0.5753774642944336,,,
0.0,0.0,0.2575901448726654,,,
0.0,0.0,0.33229824900627136,,,
0.0,0.0,0.2734282910823822,,,
0.0,0.0,0.3312978148460388,,,
0.0,0.0,0.3515111804008484,,,
1.0,0.0,0.3220842778682709,,,
1.0,1.0,0.6055116057395935,,,
0.0,1.0,0.6093670725822449,,,
0.0,0.0,0.3520665168762207,,,
0.0,0.0,0.265868216753006,,,
1.0,1.0,0.6878259778022766,,,
0.0,0.0,0.30620500445365906,,,
0.0,0.0,0.3407130837440491,,,
1.0,1.0,0.6875907182693481,,,
1.0,1.0,0.8935768604278564,,,
1.0,0.0,0.41229283809661865,,,
1.0,1.0,0.5885317921638489,,,
0.0,0.0,0.29474520683288574,,,
0.0,0.0,0.3673284649848938,,,
1.0,1.0,0.5648705363273621,,,
0.0,1.0,0.5233917832374573,,,
0.0,0.0,0.3274535536766052,,,
0.0,0.0,0.48435941338539124,,,
0.0,0.0,0.3629671633243561,,,
0.0,0.0,0.4839998483657837,,,
1.0,1.0,0.8354681134223938,,,
0.0,0.0,0.20228959619998932,,,
1.0,1.0,0.6696632504463196,,,
1.0,0.0,0.4708572328090668,,,
1.0,1.0,0.6922223567962646,,,
1.0,1.0,0.6663497686386108,,,
1.0,1.0,0.651241660118103,,,
0.0,0.0,0.36317163705825806,,,
0.0,0.0,0.4569026231765747,,,
0.0,0.0,0.35808828473091125,,,
1.0,1.0,0.5308966636657715,,,
0.0,1.0,0.6920116543769836,,,
1.0,0.0,0.40002548694610596,,,
0.0,0.0,0.48404598236083984,,,
1.0,0.0,0.3051975667476654,,,
1.0,0.0,0.40525466203689575,,,
0.0,0.0,0.3440302610397339,,,
0.0,0.0,0.3311028778553009,,,
1.0,1.0,0.7782005071640015,,,
1.0,1.0,0.5630490779876709,,,
1.0,0.0,0.41205400228500366,,,
1.0,1.0,0.7568582892417908,,,
0.0,0.0,0.24791164696216583,,,
1.0,0.0,0.34223002195358276,,,
1.0,0.0,0.28614938259124756,,,
0.0,0.0,0.35870715975761414,,,
1.0,1.0,0.7602342367172241,,,
1.0,1.0,0.6718388199806213,,,
0.0,0.0,0.3977823555469513,,,
1.0,0.0,0.40341848134994507,,,
0.0,0.0,0.23369571566581726,,,
1.0,1.0,0.5689191222190857,,,
1.0,1.0,0.8912711143493652,,,
0.0,0.0,0.25630810856819153,,,
0.0,0.0,0.4061926603317261,,,
0.0,0.0,0.33839380741119385,,,
1.0,1.0,0.5033217668533325,,,
0.0,1.0,0.5268722176551819,,,
1.0,0.0,0.3375459313392639,,,
0.0,0.0,0.3376644253730774,,,
0.0,0.0,0.32271650433540344,,,
0.0,1.0,0.7167607545852661,,,
1.0,1.0,0.7916284203529358,,,
0.0,0.0,0.3762666881084442,,,
1.0,1.0,0.5088300108909607,,,
0.0,0.0,0.4757741391658783,,,
1.0,1.0,0.7916970252990723,,,
1.0,1.0,0.6837273240089417,,,
1.0,1.0,0.7860860228538513,,,
1.0,1.0,0.5378191471099854,,,
1.0,0.0,0.26588717103004456,,,
0.0,1.0,0.5400463938713074,,,
1.0,1.0,0.8122336864471436,,,
0.0,0.0,0.2983700931072235,,,
1.0,1.0,0.644439160823822,,,
1.0,1.0,0.5425358414649963,,,
0.0,0.0,0.2505757808685303,,,
0.0,0.0,0.3724667429924011,,,
0.0,1.0,0.5290043950080872,,,
0.0,0.0,0.32708051800727844,,,
0.0,0.0,0.24915380775928497,,,
1.0,1.0,0.7093715667724609,,,
1.0,1.0,0.736208438873291,,,
1.0,1.0,0.5098597407341003,,,
1.0,1.0,0.8238425850868225,,,
0.0,0.0,0.31434720754623413,,,
0.0,0.0,0.47702503204345703,,,
1.0,0.0,0.31826943159103394,,,
1.0,1.0,0.7373275756835938,,,
0.0,0.0,0.4734988510608673,,,
1.0,1.0,0.5082433223724365,,,
0.0,0.0,0.27406272292137146,,,
1.0,1.0,0.6284921765327454,,,
1.0,0.0,0.3484872877597809,,,
0.0,1.0,0.5727205276489258,,,
0.0,0.0,0.3789208233356476,,,
1.0,1.0,0.5829980373382568,,,
0.0,0.0,0.42983973026275635,,,
1.0,1.0,0.5618675947189331,,,
0.0,0.0,0.3489149212837219,,,
0.0,0.0,0.37133657932281494,,,
1.0,1.0,0.5752535462379456,,,
1.0,0.0,0.4424804449081421,,,
0.0,0.0,0.48978978395462036,,,
1.0,1.0,0.884714663028717,,,
1.0,1.0,0.7564231157302856,,,
0.0,0.0,0.3157407343387604,,,
1.0,1.0,0.908007800579071,,,
0.0,0.0,0.24934156239032745,,,
1.0,1.0,0.7979182004928589,,,
0.0,0.0,0.2710128128528595,,,
1.0,1.0,0.6684386134147644,,,
1.0,1.0,0.649105966091156,,,
0.0,0.0,0.38478580117225647,,,
0.0,0.0,0.37821993231773376,,,
0.0,1.0,0.545337438583374,,,
1.0,0.0,0.4926827549934387,,,
1.0,1.0,0.9159004092216492,,,
0.0,0.0,0.23322241008281708,,,
1.0,0.0,0.4947717785835266,,,
0.0,0.0,0.1839675009250641,,,
0.0,0.0,0.36172741651535034,,,
1.0,0.0,0.4748362898826599,,,
0.0,0.0,0.440334677696228,,,
0.0,0.0,0.18092219531536102,,,
1.0,1.0,0.5377873182296753,,,
1.0,0.0,0.28959357738494873,,,
0.0,0.0,0.254702091217041,,,
1.0,1.0,0.559159517288208,,,
0.0,0.0,0.2653866410255432,,,
0.0,0.0,0.331199049949646,,,
1.0,1.0,0.7366771697998047,,,
0.0,0.0,0.15096211433410645,,,
0.0,0.0,0.31826943159103394,,,
0.0,0.0,0.2857372462749481,,,
1.0,0.0,0.32206812500953674,,,
0.0,0.0,0.4943118095397949,,,
0.0,0.0,0.39725881814956665,,,
0.0,0.0,0.3859671354293823,,,
1.0,1.0,0.7418330907821655,,,
1.0,0.0,0.4495723247528076,,,
0.0,0.0,0.45956045389175415,,,
0.0,0.0,0.37017500400543213,,,
1.0,1.0,0.6383813619613647,,,
1.0,0.0,0.3018130362033844,,,
1.0,1.0,0.7537756562232971,,,
0.0,0.0,0.35174140334129333,,,
1.0,0.0,0.4521992802619934,,,
0.0,0.0,0.28780612349510193,,,
0.0,0.0,0.31466132402420044,,,
1.0,0.0,0.4663506746292114,,,
1.0,1.0,0.6572768092155457,,,
1.0,1.0,0.6575689315795898,,,
0.0,1.0,0.5410059690475464,,,
0.0,0.0,0.3706537187099457,,,
1.0,1.0,0.6093478798866272,,,
1.0,1.0,0.8337886333465576,,,
1.0,0.0,0.4544311463832855,,,
1.0,1.0,0.5477128028869629,,,
0.0,0.0,0.47094446420669556,,,
1.0,0.0,0.4367867708206177,,,
0.0,0.0,0.2519424557685852,,,
0.0,0.0,0.2794942259788513,,,
1.0,0.0,0.42256981134414673,,,
0.0,1.0,0.6085653305053711,,,
0.0,0.0,0.33101966977119446,,,
1.0,1.0,0.5683923959732056,,,
0.0,0.0,0.28183653950691223,,,
1.0,0.0,0.47786927223205566,,,
0.0,0.0,0.15949346125125885,,,
1.0,1.0,0.5110063552856445,,,
1.0,1.0,0.8477005362510681,,,
1.0,0.0,0.3595564067363739,,,
0.0,1.0,0.5433247685432434,,,
0.0,0.0,0.2842535674571991,,,
1.0,1.0,0.5415270328521729,,,
1.0,1.0,0.6679905652999878,,,
1.0,1.0,0.5109498500823975,,,
1.0,1.0,0.5558419227600098,,,
0.0,0.0,0.41733303666114807,,,
1.0,0.0,0.4108656644821167,,,
1.0,1.0,0.6875413656234741,,,
1.0,1.0,0.7613971829414368,,,
1.0,1.0,0.7227708697319031,,,
1.0,1.0,0.7368893027305603,,,
0.0,1.0,0.7852350473403931,,,
1.0,1.0,0.5627651810646057,,,
0.0,0.0,0.28672128915786743,,,
0.0,0.0,0.18207888305187225,,,
0.0,1.0,0.5389122366905212,,,
0.0,0.0,0.4564722180366516,,,
1.0,1.0,0.717877984046936,,,
1.0,0.0,0.38079404830932617,,,
1.0,1.0,0.7851811647415161,,,
1.0,0.0,0.4218282103538513,,,
1.0,1.0,0.7962630987167358,,,
1.0,1.0,0.8790355324745178,,,
1.0,0.0,0.31437379121780396,,,
0.0,0.0,0.45744678378105164,,,
0.0,0.0,0.45434144139289856,,,
0.0,0.0,0.3153422176837921,,,
1.0,1.0,0.519517183303833,,,
0.0,0.0,0.47015124559402466,,,
1.0,1.0,0.7013658285140991,,,
0.0,0.0,0.30511757731437683,,,
0.0,0.0,0.21499103307724,,,
1.0,1.0,0.7562747597694397,,,
0.0,0.0,0.44356420636177063,,,
1.0,1.0,0.825151264667511,,,
1.0,1.0,0.8311189413070679,,,
0.0,0.0,0.3799121677875519,,,
0.0,0.0,0.41330376267433167,,,
1.0,0.0,0.34856873750686646,,,
1.0,0.0,0.43827998638153076,,,
0.0,0.0,0.3989013433456421,,,
0.0,0.0,0.29179856181144714,,,
0.0,0.0,0.31806716322898865,,,
1.0,1.0,0.6748944520950317,,,
1.0,1.0,0.597806453704834,,,
0.0,0.0,0.3739389479160309,,,
1.0,1.0,0.7159656286239624,,,
0.0,0.0,0.25433728098869324,,,
1.0,1.0,0.591279923915863,,,
0.0,1.0,0.5740842223167419,,,
0.0,0.0,0.27656319737434387,,,
0.0,0.0,0.3871251940727234,,,
1.0,1.0,0.5463694334030151,,,
1.0,1.0,0.695136547088623,,,
0.0,0.0,0.2855665683746338,,,
1.0,0.0,0.3756231367588043,,,
0.0,1.0,0.7045612931251526,,,
0.0,0.0,0.4143381714820862,,,
1.0,1.0,0.5165144205093384,,,
0.0,0.0,0.4358017146587372,,,
0.0,0.0,0.33182838559150696,,,
0.0,0.0,0.3524192273616791,,,
0.0,0.0,0.4292265474796295,,,
1.0,1.0,0.6313011050224304,,,
1.0,1.0,0.6380636692047119,,,
1.0,1.0,0.8355140089988708,,,
0.0,1.0,0.5150530338287354,,,
1.0,1.0,0.8355140089988708,,,
1.0,0.0,0.4743921458721161,,,
1.0,0.0,0.4361054003238678,,,
1.0,0.0,0.4121945798397064,,,
0.0,0.0,0.2369062900543213,,,
1.0,0.0,0.32176655530929565,,,
1.0,1.0,0.6445557475090027,,,
1.0,0.0,0.45819997787475586,,,
0.0,0.0,0.32522135972976685,,,
0.0,0.0,0.42214804887771606,,,
1.0,1.0,0.6668654680252075,,,
1.0,0.0,0.47036415338516235,,,
1.0,1.0,0.543482780456543,,,
1.0,1.0,0.6168317794799805,,,
1.0,0.0,0.41781753301620483,,,
0.0,0.0,0.37632325291633606,,,
1.0,0.0,0.3737737536430359,,,
1.0,0.0,0.40314680337905884,,,
1.0,1.0,0.8611635565757751,,,
0.0,0.0,0.16512706875801086,,,
0.0,0.0,0.16512706875801086,,,
1.0,0.0,0.4713711738586426,,,
0.0,1.0,0.505952000617981,,,
0.0,0.0,0.4006824791431427,,,
0.0,0.0,0.3123031556606293,,,
0.0,0.0,0.4850420355796814,,,
0.0,0.0,0.16512706875801086,,,
0.0,0.0,0.3735519349575043,,,
0.0,0.0,0.45860838890075684,,,
0.0,0.0,0.35412177443504333,,,
1.0,1.0,0.7215468883514404,,,
1.0,1.0,0.744223415851593,,,
0.0,0.0,0.42088058590888977,,,
1.0,0.0,0.3377877175807953,,,
0.0,0.0,0.3533208668231964,,,
0.0,0.0,0.4336424171924591,,,
0.0,0.0,0.29402875900268555,,,
1.0,0.0,0.37170687317848206,,,
1.0,0.0,0.32332727313041687,,,
0.0,0.0,0.37793880701065063,,,
1.0,1.0,0.5569546222686768,,,
1.0,1.0,0.599805474281311,,,
1.0,1.0,0.9070700407028198,,,
1.0,1.0,0.8326502442359924,,,
0.0,0.0,0.3143104016780853,,,
1.0,1.0,0.647212028503418,,,
1.0,1.0,0.5640965104103088,,,
0.0,0.0,0.35240453481674194,,,
1.0,1.0,0.8836151957511902,,,
0.0,1.0,0.5522939562797546,,,
0.0,0.0,0.2768438160419464,,,
1.0,1.0,0.8225224614143372,,,
0.0,0.0,0.3482336103916168,,,
0.0,0.0,0.4917779862880707,,,
0.0,0.0,0.2750909626483917,,,
0.0,0.0,0.4399435222148895,,,
0.0,0.0,0.26733294129371643,,,
0.0,0.0,0.2827296257019043,,,
0.0,0.0,0.23727081716060638,,,
1.0,1.0,0.5051286816596985,,,
1.0,1.0,0.8328258991241455,,,
0.0,0.0,0.2122618705034256,,,
1.0,0.0,0.44994908571243286,,,
1.0,1.0,0.63077712059021,,,
1.0,1.0,0.812828004360199,,,
0.0,0.0,0.47702503204345703,,,
1.0,1.0,0.6467016935348511,,,
0.0,0.0,0.26452651619911194,,,
0.0,0.0,0.411876916885376,,,
1.0,0.0,0.47702503204345703,,,
0.0,0.0,0.2983339726924896,,,
0.0,0.0,0.47262415289878845,,,
0.0,0.0,0.32501357793807983,,,
0.0,1.0,0.5323033332824707,,,
0.0,0.0,0.3747835159301758,,,
0.0,1.0,0.6135264039039612,,,
1.0,0.0,0.4160826802253723,,,
0.0,1.0,0.5697198510169983,,,
1.0,0.0,0.31437379121780396,,,
1.0,0.0,0.4962374269962311,,,
1.0,0.0,0.27145349979400635,,,
1.0,1.0,0.6842061281204224,,,
0.0,0.0,0.3104501962661743,,,
0.0,0.0,0.37135422229766846,,,
1.0,0.0,0.4885200262069702,,,
0.0,0.0,0.3093177378177643,,,
0.0,0.0,0.26156380772590637,,,
0.0,1.0,0.535005509853363,,,
1.0,1.0,0.7511308193206787,,,
0.0,0.0,0.3803742229938507,,,
1.0,0.0,0.46049484610557556,,,
1.0,1.0,0.8184775114059448,,,
0.0,0.0,0.27393895387649536,,,
0.0,0.0,0.310992956161499,,,
1.0,0.0,0.4437888562679291,,,
0.0,0.0,0.16512706875801086,,,
0.0,0.0,0.3818591237068176,,,
0.0,0.0,0.4806006848812103,,,
1.0,0.0,0.48138922452926636,,,
0.0,0.0,0.24672190845012665,,,
0.0,0.0,0.4564661383628845,,,
0.0,0.0,0.358781099319458,,,
1.0,1.0,0.5131645202636719,,,
0.0,0.0,0.35262390971183777,,,
1.0,1.0,0.7057363390922546,,,
0.0,0.0,0.15723362565040588,,,
0.0,0.0,0.48561227321624756,,,
1.0,0.0,0.3874831199645996,,,
1.0,1.0,0.8710862994194031,,,
0.0,0.0,0.3738132119178772,,,
0.0,0.0,0.3405764400959015,,,
0.0,1.0,0.5247287154197693,,,
0.0,1.0,0.5212551951408386,,,
1.0,1.0,0.5631697773933411,,,
0.0,0.0,0.4103337228298187,,,
0.0,0.0,0.259353905916214,,,
0.0,0.0,0.47370004653930664,,,
0.0,0.0,0.37127888202667236,,,
1.0,0.0,0.45383304357528687,,,
0.0,0.0,0.4917981028556824,,,
0.0,0.0,0.2744158208370209,,,
1.0,1.0,0.89752596616745,,,
0.0,0.0,0.3960188627243042,,,
1.0,1.0,0.5468780994415283,,,
0.0,0.0,0.3172895610332489,,,
1.0,0.0,0.4217699468135834,,,
0.0,0.0,0.4509126842021942,,,
1.0,0.0,0.39228880405426025,,,
0.0,1.0,0.5118963122367859,,,
1.0,1.0,0.7735216617584229,,,
1.0,1.0,0.5525190830230713,,,
0.0,0.0,0.3517550528049469,,,
1.0,1.0,0.6248328685760498,,,
1.0,1.0,0.6151940822601318,,,
0.0,0.0,0.1727459728717804,,,
1.0,1.0,0.7908200621604919,,,
0.0,0.0,0.20971843600273132,,,
1.0,1.0,0.7118378281593323,,,
1.0,1.0,0.89752596616745,,,
0.0,0.0,0.3808496594429016,,,
1.0,1.0,0.5985890626907349,,,
1.0,0.0,0.4472333788871765,,,
0.0,0.0,0.40745365619659424,,,
0.0,0.0,0.2670608460903168,,,
0.0,0.0,0.45312681794166565,,,
0.0,0.0,0.43659669160842896,,,
1.0,0.0,0.456528902053833,,,
1.0,1.0,0.5115713477134705,,,
0.0,1.0,0.525347113609314,,,
0.0,0.0,0.37034744024276733,,,
0.0,0.0,0.3392791152000427,,,
1.0,1.0,0.684980571269989,,,
1.0,1.0,0.8960794806480408,,,
1.0,0.0,0.3374408781528473,,,
1.0,1.0,0.5637860894203186,,,
0.0,0.0,0.18119525909423828,,,
1.0,1.0,0.7163476943969727,,,
0.0,0.0,0.29551002383232117,,,
0.0,0.0,0.3080213665962219,,,
0.0,0.0,0.32712382078170776,,,
1.0,1.0,0.7665337324142456,,,
0.0,0.0,0.23951922357082367,,,
0.0,1.0,0.5391167402267456,,,
1.0,1.0,0.517115592956543,,,
1.0,1.0,0.7861839532852173,,,
1.0,1.0,0.8224393129348755,,,
1.0,1.0,0.5416085124015808,,,
0.0,1.0,0.6082675457000732,,,
0.0,0.0,0.4332500398159027,,,
1.0,0.0,0.36138659715652466,,,
0.0,0.0,0.4690916836261749,,,
0.0,0.0,0.400004118680954,,,
1.0,1.0,0.5146545767784119,,,
0.0,0.0,0.2349187135696411,,,
1.0,0.0,0.3334505558013916,,,
0.0,0.0,0.46666625142097473,,,
0.0,0.0,0.37897151708602905,,,
1.0,1.0,0.856438934803009,,,
1.0,0.0,0.34552040696144104,,,
0.0,0.0,0.45220333337783813,,,
0.0,1.0,0.6738002300262451,,,
0.0,0.0,0.39680203795433044,,,
0.0,0.0,0.2118799090385437,,,
0.0,0.0,0.4095284044742584,,,
1.0,1.0,0.6816350817680359,,,
0.0,0.0,0.3451686203479767,,,
0.0,1.0,0.6341710686683655,,,
1.0,1.0,0.7476763129234314,,,
1.0,1.0,0.7392483353614807,,,
1.0,0.0,0.460685133934021,,,
0.0,0.0,0.334948867559433,,,
1.0,0.0,0.4237681031227112,,,
0.0,0.0,0.4975878596305847,,,
1.0,1.0,0.8852999806404114,,,
0.0,0.0,0.25358858704566956,,,
0.0,0.0,0.2748490571975708,,,
1.0,1.0,0.518258273601532,,,
0.0,0.0,0.43527117371559143,,,
1.0,1.0,0.6606103181838989,,,
1.0,0.0,0.47036415338516235,,,
1.0,1.0,0.5945572257041931,,,
1.0,0.0,0.4242022633552551,,,
0.0,0.0,0.36735013127326965,,,
0.0,0.0,0.3062018156051636,,,
1.0,1.0,0.5109868049621582,,,
0.0,0.0,0.3341277837753296,,,
1.0,1.0,0.7673279643058777,,,
1.0,1.0,0.5206104516983032,,,
0.0,0.0,0.3561970591545105,,,
1.0,1.0,0.6154397130012512,,,
1.0,0.0,0.3894560635089874,,,
0.0,0.0,0.24878209829330444,,,
1.0,1.0,0.5436961650848389,,,
1.0,1.0,0.5673037171363831,,,
1.0,0.0,0.49937185645103455,,,
1.0,1.0,0.8397324681282043,,,
1.0,0.0,0.4035724103450775,,,
0.0,0.0,0.2335750013589859,,,
0.0,1.0,0.5161269903182983,,,
0.0,0.0,0.4000033438205719,,,
0.0,0.0,0.40893253684043884,,,
1.0,0.0,0.3211117684841156,,,
1.0,0.0,0.48678797483444214,,,
1.0,1.0,0.7336732745170593,,,
0.0,0.0,0.396631121635437,,,
1.0,1.0,0.5169731974601746,,,
1.0,0.0,0.45334193110466003,,,
0.0,0.0,0.3466772735118866,,,
0.0,1.0,0.5642291307449341,,,
0.0,0.0,0.4137720763683319,,,
0.0,0.0,0.24384796619415283,,,
0.0,0.0,0.3172694444656372,,,
0.0,0.0,0.3724953830242157,,,
0.0,0.0,0.18245309591293335,,,
1.0,1.0,0.6882579326629639,,,
1.0,1.0,0.8609722852706909,,,
0.0,0.0,0.38804373145103455,,,
0.0,0.0,0.3734573423862457,,,
1.0,1.0,0.5432459712028503,,,
0.0,0.0,0.27845680713653564,,,
0.0,1.0,0.5654863119125366,,,
1.0,0.0,0.348246693611145,,,
1.0,1.0,0.6833142638206482,,,
1.0,1.0,0.8823161125183105,,,
1.0,1.0,0.640072762966156,,,
1.0,1.0,0.7916970252990723,,,
0.0,0.0,0.352672278881073,,,
0.0,0.0,0.23714199662208557,,,
1.0,0.0,0.27772045135498047,,,
0.0,0.0,0.42328885197639465,,,
0.0,0.0,0.3115566074848175,,,
0.0,1.0,0.5995544791221619,,,
1.0,1.0,0.7590380311012268,,,
1.0,1.0,0.7886708974838257,,,
1.0,1.0,0.6593611240386963,,,
0.0,0.0,0.30213138461112976,,,
1.0,1.0,0.9191868901252747,,,
0.0,0.0,0.452709436416626,,,
0.0,0.0,0.49243462085723877,,,
0.0,0.0,0.2636687159538269,,,
0.0,0.0,0.275259792804718,,,
0.0,0.0,0.43484747409820557,,,
0.0,0.0,0.38717690110206604,,,
1.0,1.0,0.646174967288971,,,
0.0,1.0,0.5120459198951721,,,
0.0,0.0,0.3291851878166199,,,
1.0,1.0,0.8764806389808655,,,
0.0,0.0,0.4363822937011719,,,
1.0,0.0,0.44328030943870544,,,
0.0,0.0,0.28010293841362,,,
1.0,1.0,0.5327684283256531,,,
0.0,0.0,0.36829668283462524,,,
0.0,0.0,0.40921229124069214,,,
1.0,1.0,0.5377873182296753,,,
0.0,1.0,0.5447093844413757,,,
0.0,0.0,0.2732461392879486,,,
0.0,0.0,0.32483944296836853,,,
0.0,0.0,0.30678558349609375,,,
0.0,0.0,0.2653231918811798,,,
0.0,0.0,0.36519449949264526,,,
0.0,1.0,0.5013323426246643,,,
0.0,0.0,0.252366304397583,,,
1.0,0.0,0.47612205147743225,,,
1.0,1.0,0.7582717537879944,,,
0.0,0.0,0.44432711601257324,,,
1.0,1.0,0.6587033271789551,,,
1.0,1.0,0.7806637287139893,,,
1.0,1.0,0.6336507797241211,,,
1.0,0.0,0.38804373145103455,,,
0.0,0.0,0.2535662055015564,,,
0.0,0.0,0.27186623215675354,,,
0.0,0.0,0.24582013487815857,,,
1.0,0.0,0.4631514251232147,,,
1.0,1.0,0.5687410235404968,,,
0.0,0.0,0.42637020349502563,,,
0.0,1.0,0.5108781456947327,,,
1.0,0.0,0.3168349266052246,,,
1.0,1.0,0.5552024841308594,,,
0.0,1.0,0.5401269793510437,,,
0.0,0.0,0.3186047077178955,,,
0.0,0.0,0.3232010304927826,,,
0.0,0.0,0.22534678876399994,,,
0.0,1.0,0.5167688727378845,,,
1.0,1.0,0.6368204355239868,,,
1.0,1.0,0.8725287914276123,,,
0.0,0.0,0.3046727478504181,,,
1.0,1.0,0.6481258869171143,,,
1.0,1.0,0.854511022567749,,,
0.0,0.0,0.3501245379447937,,,
1.0,1.0,0.8157429099082947,,,
0.0,0.0,0.39577609300613403,,,
0.0,0.0,0.3521207571029663,,,
0.0,0.0,0.40719175338745117,,,
0.0,0.0,0.36621028184890747,,,
1.0,1.0,0.6546570062637329,,,
0.0,1.0,0.5206972360610962,,,
1.0,0.0,0.4694264829158783,,,
0.0,0.0,0.2549884021282196,,,
1.0,1.0,0.8771232962608337,,,
1.0,1.0,0.5471481084823608,,,
1.0,1.0,0.5231799483299255,,,
1.0,1.0,0.5340064167976379,,,
1.0,1.0,0.9089379906654358,,,
1.0,1.0,0.6110586524009705,,,
0.0,0.0,0.42970824241638184,,,
0.0,0.0,0.37219175696372986,,,
0.0,0.0,0.42844513058662415,,,
1.0,0.0,0.3117137849330902,,,
0.0,0.0,0.3088197410106659,,,
0.0,0.0,0.33964604139328003,,,
0.0,0.0,0.43779921531677246,,,
1.0,0.0,0.4571318030357361,,,
1.0,1.0,0.9043202996253967,,,
0.0,0.0,0.37416690587997437,,,
0.0,0.0,0.44314485788345337,,,
0.0,0.0,0.19593070447444916,,,
0.0,0.0,0.32251736521720886,,,
0.0,0.0,0.4242876470088959,,,
0.0,1.0,0.5387152433395386,,,
0.0,0.0,0.4387364685535431,,,
0.0,0.0,0.2959577143192291,,,
0.0,0.0,0.2408122420310974,,,
1.0,0.0,0.4617293179035187,,,
1.0,1.0,0.5193607807159424,,,
1.0,1.0,0.6816229224205017,,,
0.0,0.0,0.2675490081310272,,,
0.0,1.0,0.5383378863334656,,,
0.0,0.0,0.18119525909423828,,,
0.0,0.0,0.37636032700538635,,,
0.0,0.0,0.39231792092323303,,,
0.0,0.0,0.45472362637519836,,,
1.0,1.0,0.8928556442260742,,,
1.0,0.0,0.47159498929977417,,,
1.0,0.0,0.33019858598709106,,,
1.0,1.0,0.6742234826087952,,,
1.0,1.0,0.7774612903594971,,,
0.0,0.0,0.15044152736663818,,,
0.0,0.0,0.4983150064945221,,,
1.0,1.0,0.5156687498092651,,,
1.0,1.0,0.543122410774231,,,
0.0,0.0,0.3837628662586212,,,
0.0,0.0,0.20180800557136536,,,
0.0,0.0,0.4131860136985779,,,
1.0,0.0,0.39619484543800354,,,
1.0,1.0,0.8049100041389465,,,
1.0,1.0,0.7057681679725647,,,
0.0,1.0,0.5899100303649902,,,
0.0,0.0,0.3911951184272766,,,
1.0,1.0,0.8975741863250732,,,
1.0,0.0,0.4143517017364502,,,
1.0,1.0,0.5346701145172119,,,
1.0,1.0,0.9277817010879517,,,
0.0,0.0,0.3448771834373474,,,
1.0,0.0,0.436740517616272,,,
0.0,0.0,0.2787682116031647,,,
0.0,0.0,0.3305526077747345,,,
1.0,0.0,0.3919665813446045,,,
1.0,1.0,0.8366426229476929,,,
0.0,1.0,0.5330227017402649,,,
0.0,0.0,0.4888625741004944,,,
0.0,0.0,0.3870520293712616,,,
1.0,1.0,0.7979182004928589,,,
1.0,0.0,0.47737592458724976,,,
0.0,0.0,0.37046733498573303,,,
0.0,0.0,0.18446782231330872,,,
0.0,1.0,0.6546347141265869,,,
0.0,1.0,0.538329005241394,,,
1.0,1.0,0.5665920376777649,,,
0.0,0.0,0.4585517346858978,,,
0.0,0.0,0.16512706875801086,,,
0.0,0.0,0.41963088512420654,,,
0.0,1.0,0.5740945935249329,,,
0.0,0.0,0.29987552762031555,,,
0.0,1.0,0.5215431451797485,,,
1.0,1.0,0.6194224953651428,,,
1.0,1.0,0.5456239581108093,,,
1.0,1.0,0.8135503530502319,,,
1.0,0.0,0.3480394780635834,,,
0.0,0.0,0.24613894522190094,,,
1.0,1.0,0.7567065954208374,,,
1.0,0.0,0.44927674531936646,,,
0.0,0.0,0.20764896273612976,,,
1.0,1.0,0.6514283418655396,,,
0.0,0.0,0.3446527123451233,,,
1.0,1.0,0.8443323969841003,,,
0.0,1.0,0.5578330755233765,,,
0.0,0.0,0.4728333353996277,,,
0.0,0.0,0.26491519808769226,,,
0.0,1.0,0.5406935811042786,,,
0.0,0.0,0.2943609952926636,,,
0.0,1.0,0.7148134708404541,,,
0.0,0.0,0.2924899160861969,,,
1.0,1.0,0.8911298513412476,,,
0.0,1.0,0.5917700529098511,,,
1.0,1.0,0.5517445206642151,,,
1.0,1.0,0.6441416144371033,,,
0.0,0.0,0.30800601840019226,,,
1.0,1.0,0.7530571222305298,,,
1.0,1.0,0.8195807933807373,,,
0.0,0.0,0.36576157808303833,,,
0.0,0.0,0.24867944419384003,,,
0.0,1.0,0.6638491749763489,,,
0.0,0.0,0.3454272449016571,,,
1.0,1.0,0.6757208704948425,,,
0.0,0.0,0.4583943784236908,,,
0.0,0.0,0.25486549735069275,,,
0.0,0.0,0.278839111328125,,,
1.0,1.0,0.6998980641365051,,,
1.0,1.0,0.87168288230896,,,
1.0,1.0,0.519040048122406,,,
0.0,0.0,0.43338853120803833,,,
1.0,1.0,0.6761348247528076,,,
0.0,0.0,0.3658106327056885,,,
1.0,1.0,0.5045956373214722,,,
0.0,0.0,0.4511968195438385,,,
0.0,0.0,0.37061676383018494,,,
1.0,0.0,0.3244727849960327,,,
1.0,1.0,0.5301991105079651,,,
0.0,0.0,0.4630376696586609,,,
0.0,0.0,0.3830444812774658,,,
1.0,0.0,0.3062116801738739,,,
1.0,0.0,0.4326309561729431,,,
0.0,0.0,0.21859537065029144,,,
0.0,0.0,0.3861818015575409,,,
0.0,1.0,0.7233116030693054,,,
0.0,0.0,0.3871176242828369,,,
0.0,0.0,0.2113809734582901,,,
0.0,0.0,0.3110044002532959,,,
1.0,0.0,0.32116350531578064,,,
0.0,0.0,0.44501957297325134,,,
0.0,0.0,0.3825811743736267,,,
1.0,1.0,0.7160511016845703,,,
0.0,0.0,0.28047794103622437,,,
1.0,1.0,0.674526035785675,,,
0.0,0.0,0.42700356245040894,,,
1.0,0.0,0.4319760203361511,,,
0.0,0.0,0.42956697940826416,,,
0.0,0.0,0.23107106983661652,,,
1.0,1.0,0.519257128238678,,,
1.0,1.0,0.6476606130599976,,,
0.0,0.0,0.3150910437107086,,,
0.0,0.0,0.3527386486530304,,,
1.0,1.0,0.6101512908935547,,,
0.0,0.0,0.28256529569625854,,,
0.0,1.0,0.6371904611587524,,,
1.0,0.0,0.4412570595741272,,,
0.0,0.0,0.22534678876399994,,,
1.0,1.0,0.6095991134643555,,,
0.0,0.0,0.3951455354690552,,,
1.0,0.0,0.34619754552841187,,,
1.0,0.0,0.3871835172176361,,,
1.0,1.0,0.6772695183753967,,,
0.0,0.0,0.3288775384426117,,,
1.0,1.0,0.5052711963653564,,,
0.0,0.0,0.4545600712299347,,,
0.0,0.0,0.2846173644065857,,,
0.0,0.0,0.28730493783950806,,,
1.0,1.0,0.5300759077072144,,,
1.0,0.0,0.38854506611824036,,,
0.0,0.0,0.3217136561870575,,,
0.0,0.0,0.37177759408950806,,,
1.0,1.0,0.7676462531089783,,,
0.0,0.0,0.4046325087547302,,,
0.0,0.0,0.4087234139442444,,,
1.0,1.0,0.6561723351478577,,,
0.0,0.0,0.4398176968097687,,,
1.0,0.0,0.49671638011932373,,,
1.0,0.0,0.4863682985305786,,,
1.0,0.0,0.3843199908733368,,,
0.0,0.0,0.3511102795600891,,,
0.0,0.0,0.3105621337890625,,,
1.0,1.0,0.6088167428970337,,,
0.0,0.0,0.411387175321579,,,
1.0,1.0,0.8537637591362,,,
1.0,0.0,0.49030885100364685,,,
1.0,1.0,0.8130916357040405,,,
1.0,0.0,0.47804829478263855,,,
1.0,0.0,0.49241942167282104,,,
1.0,0.0,0.3760036826133728,,,
0.0,0.0,0.42968711256980896,,,
0.0,0.0,0.3433017432689667,,,
1.0,1.0,0.8090778589248657,,,
1.0,0.0,0.354341596364975,,,
0.0,0.0,0.3269078731536865,,,
0.0,0.0,0.2351057231426239,,,
0.0,0.0,0.2847893238067627,,,
0.0,0.0,0.3849848210811615,,,
1.0,1.0,0.6297500133514404,,,
0.0,1.0,0.5137777924537659,,,
1.0,1.0,0.52557373046875,,,
0.0,0.0,0.37152183055877686,,,
0.0,1.0,0.6153268218040466,,,
0.0,0.0,0.36824873089790344,,,
0.0,0.0,0.3595259189605713,,,
0.0,0.0,0.23380935192108154,,,
1.0,1.0,0.736208438873291,,,
0.0,0.0,0.3950192630290985,,,
1.0,0.0,0.4837948679924011,,,
1.0,1.0,0.694615364074707,,,
0.0,0.0,0.2814968228340149,,,
1.0,1.0,0.802105188369751,,,
0.0,1.0,0.5404635071754456,,,
0.0,0.0,0.26422497630119324,,,
1.0,1.0,0.7240911722183228,,,
1.0,1.0,0.6655622720718384,,,
0.0,0.0,0.2349187135696411,,,
0.0,1.0,0.5019896030426025,,,
1.0,0.0,0.34588557481765747,,,
1.0,0.0,0.34792089462280273,,,
1.0,1.0,0.7432736158370972,,,
0.0,0.0,0.32399845123291016,,,
1.0,1.0,0.5346019268035889,,,
0.0,0.0,0.4392659366130829,,,
1.0,1.0,0.5119346976280212,,,
1.0,1.0,0.5387529134750366,,,
1.0,1.0,0.6210305690765381,,,
1.0,1.0,0.527514636516571,,,
0.0,0.0,0.3606363832950592,,,
0.0,0.0,0.4924556612968445,,,
1.0,1.0,0.6327565312385559,,,
0.0,0.0,0.4403373599052429,,,
0.0,0.0,0.3344687223434448,,,
1.0,1.0,0.6911811828613281,,,
0.0,0.0,0.3020061254501343,,,
1.0,0.0,0.4991789162158966,,,
1.0,1.0,0.5615371465682983,,,
0.0,0.0,0.31651562452316284,,,
1.0,0.0,0.4980793297290802,,,
0.0,0.0,0.293384850025177,,,
0.0,0.0,0.40806958079338074,,,
0.0,0.0,0.32471513748168945,,,
0.0,0.0,0.35662776231765747,,,
1.0,1.0,0.8407297134399414,,,
1.0,1.0,0.5991171002388,,,
0.0,0.0,0.34127077460289,,,
1.0,0.0,0.4763270318508148,,,
0.0,0.0,0.4242643415927887,,,
1.0,1.0,0.5941640734672546,,,
0.0,0.0,0.4473288655281067,,,
1.0,1.0,0.7175774574279785,,,
1.0,0.0,0.29145702719688416,,,
1.0,1.0,0.5079412460327148,,,
0.0,1.0,0.528847873210907,,,
0.0,0.0,0.3484630882740021,,,
1.0,0.0,0.4256320297718048,,,
0.0,0.0,0.20971843600273132,,,
0.0,0.0,0.34528830647468567,,,
1.0,1.0,0.7215468883514404,,,
0.0,0.0,0.4048094153404236,,,
1.0,1.0,0.8263199329376221,,,
0.0,0.0,0.45035502314567566,,,
0.0,1.0,0.7226676940917969,,,
1.0,1.0,0.9032030701637268,,,
0.0,0.0,0.27183762192726135,,,
1.0,1.0,0.8695523738861084,,,
0.0,0.0,0.27507755160331726,,,
0.0,0.0,0.2794390320777893,,,
1.0,1.0,0.5322673320770264,,,
1.0,1.0,0.6575549840927124,,,
1.0,0.0,0.49036911129951477,,,
0.0,0.0,0.41268014907836914,,,
0.0,0.0,0.33788448572158813,,,
1.0,1.0,0.5500196814537048,,,
0.0,0.0,0.321434885263443,,,
1.0,1.0,0.513103723526001,,,
1.0,1.0,0.6942285299301147,,,
0.0,0.0,0.3830444812774658,,,
1.0,1.0,0.509700357913971,,,
0.0,0.0,0.45472368597984314,,,
0.0,0.0,0.3567008972167969,,,
1.0,1.0,0.7729927897453308,,,
0.0,0.0,0.3717103600502014,,,
1.0,1.0,0.6418747305870056,,,
0.0,0.0,0.4349506199359894,,,
0.0,1.0,0.6009211540222168,,,
1.0,1.0,0.8830719590187073,,,
0.0,0.0,0.2843032479286194,,,
1.0,1.0,0.7278630137443542,,,
0.0,0.0,0.2624114155769348,,,
0.0,0.0,0.37840980291366577,,,
0.0,0.0,0.4114170968532562,,,
1.0,1.0,0.870548665523529,,,
0.0,0.0,0.49316492676734924,,,
1.0,1.0,0.8357263803482056,,,
0.0,0.0,0.2889133095741272,,,
0.0,0.0,0.4642876386642456,,,
1.0,0.0,0.4587869346141815,,,
1.0,1.0,0.631557047367096,,,
0.0,0.0,0.3123713433742523,,,
1.0,0.0,0.4930289089679718,,,
0.0,0.0,0.40734487771987915,,,
0.0,0.0,0.33898982405662537,,,
1.0,1.0,0.8003301620483398,,,
0.0,0.0,0.26131418347358704,,,
0.0,0.0,0.31877779960632324,,,
0.0,0.0,0.4554848372936249,,,
1.0,1.0,0.625991940498352,,,
1.0,1.0,0.509208083152771,,,
1.0,1.0,0.8111298680305481,,,
0.0,0.0,0.287082314491272,,,
1.0,1.0,0.6297500133514404,,,
1.0,0.0,0.35575664043426514,,,
0.0,1.0,0.5473960041999817,,,
0.0,0.0,0.34469228982925415,,,
0.0,0.0,0.4989784359931946,,,
0.0,0.0,0.3457004129886627,,,
0.0,0.0,0.3907358646392822,,,
1.0,0.0,0.4916220009326935,,,
0.0,0.0,0.39592990279197693,,,
0.0,0.0,0.34408122301101685,,,
0.0,0.0,0.3096984624862671,,,
0.0,1.0,0.5174212455749512,,,
1.0,1.0,0.6360901594161987,,,
1.0,1.0,0.5620388388633728,,,
0.0,0.0,0.4337227940559387,,,
0.0,0.0,0.42484357953071594,,,
0.0,0.0,0.30215582251548767,,,
0.0,0.0,0.23334112763404846,,,
0.0,0.0,0.37556204199790955,,,
0.0,0.0,0.3397071957588196,,,
0.0,0.0,0.30800893902778625,,,
1.0,1.0,0.700577974319458,,,
0.0,0.0,0.32481256127357483,,,
0.0,0.0,0.32992908358573914,,,
0.0,0.0,0.3288550078868866,,,
0.0,0.0,0.41122516989707947,,,
1.0,0.0,0.4695083498954773,,,
0.0,0.0,0.40958982706069946,,,
0.0,0.0,0.20546144247055054,,,
1.0,1.0,0.7981321215629578,,,
1.0,0.0,0.39719781279563904,,,
1.0,1.0,0.717877984046936,,,
1.0,1.0,0.6754617691040039,,,
1.0,1.0,0.5382614731788635,,,
0.0,0.0,0.4105182886123657,,,
0.0,0.0,0.3943960964679718,,,
0.0,0.0,0.3607363998889923,,,
1.0,0.0,0.3392050564289093,,,
1.0,1.0,0.59535813331604,,,
1.0,0.0,0.3718758821487427,,,
1.0,0.0,0.3989875912666321,,,
0.0,0.0,0.3659656047821045,,,
0.0,0.0,0.3241766691207886,,,
0.0,0.0,0.3887383043766022,,,
0.0,0.0,0.2878103256225586,,,
0.0,0.0,0.41341108083724976,,,
0.0,0.0,0.45604580640792847,,,
0.0,0.0,0.393771231174469,,,
0.0,1.0,0.6703049540519714,,,
0.0,0.0,0.32393449544906616,,,
0.0,0.0,0.35239991545677185,,,
1.0,0.0,0.3212975859642029,,,
1.0,1.0,0.7062129974365234,,,
0.0,0.0,0.22178775072097778,,,
0.0,0.0,0.3933666944503784,,,
1.0,1.0,0.5539420247077942,,,
1.0,0.0,0.3225257396697998,,,
0.0,0.0,0.43119052052497864,,,
1.0,1.0,0.5329664945602417,,,
0.0,0.0,0.1986522674560547,,,
0.0,0.0,0.1836417019367218,,,
1.0,0.0,0.388075590133667,,,
0.0,0.0,0.41606366634368896,,,
0.0,0.0,0.37282198667526245,,,
1.0,0.0,0.4934527575969696,,,
0.0,0.0,0.20598271489143372,,,
1.0,1.0,0.8667464852333069,,,
0.0,0.0,0.29800066351890564,,,
0.0,0.0,0.16512706875801086,,,
0.0,0.0,0.42937174439430237,,,
0.0,0.0,0.2966477572917938,,,
0.0,0.0,0.4718782603740692,,,
0.0,0.0,0.3928857147693634,,,
1.0,1.0,0.6643108129501343,,,
1.0,1.0,0.5325900912284851,,,
0.0,0.0,0.3284560441970825,,,
1.0,1.0,0.7668352127075195,,,
0.0,1.0,0.5098496079444885,,,
1.0,1.0,0.7081472277641296,,,
0.0,0.0,0.3701467514038086,,,
0.0,0.0,0.3462671935558319,,,
0.0,0.0,0.1570642739534378,,,
1.0,0.0,0.28689658641815186,,,
0.0,0.0,0.36090198159217834,,,
0.0,0.0,0.4265940189361572,,,
0.0,0.0,0.3166438341140747,,,
1.0,1.0,0.7886708974838257,,,
0.0,0.0,0.4068149924278259,,,
0.0,0.0,0.37224605679512024,,,
1.0,0.0,0.3690241575241089,,,
1.0,1.0,0.5552471876144409,,,
1.0,1.0,0.7025267481803894,,,
1.0,1.0,0.7282840013504028,,,
0.0,0.0,0.3956710696220398,,,
0.0,1.0,0.6643108129501343,,,
1.0,1.0,0.6845544576644897,,,
1.0,0.0,0.3792188763618469,,,
1.0,1.0,0.56832355260849,,,
0.0,0.0,0.470819354057312,,,
0.0,0.0,0.2651588022708893,,,
1.0,1.0,0.6590833067893982,,,
0.0,0.0,0.38819625973701477,,,
1.0,1.0,0.6723456382751465,,,
0.0,1.0,0.6704958081245422,,,
0.0,0.0,0.16213855147361755,,,
0.0,0.0,0.40956345200538635,,,
0.0,0.0,0.38049882650375366,,,
0.0,0.0,0.30241143703460693,,,
1.0,1.0,0.595009982585907,,,
0.0,0.0,0.23159241676330566,,,
0.0,1.0,0.5461345911026001,,,
1.0,0.0,0.49300578236579895,,,
1.0,1.0,0.5051876902580261,,,
0.0,0.0,0.471011757850647,,,
0.0,0.0,0.25745338201522827,,,
0.0,0.0,0.4145737886428833,,,
0.0,0.0,0.28257060050964355,,,
1.0,1.0,0.5065772533416748,,,
1.0,1.0,0.7076532244682312,,,
0.0,0.0,0.375605970621109,,,
1.0,1.0,0.5114156007766724,,,
1.0,1.0,0.731952428817749,,,
0.0,0.0,0.447884202003479,,,
1.0,0.0,0.48958802223205566,,,
1.0,1.0,0.8318111300468445,,,
1.0,1.0,0.7954677939414978,,,
0.0,0.0,0.16512706875801086,,,
0.0,0.0,0.23919205367565155,,,
0.0,0.0,0.39761629700660706,,,
1.0,0.0,0.40085333585739136,,,
0.0,0.0,0.374385803937912,,,
1.0,0.0,0.3800113797187805,,,
0.0,0.0,0.33250412344932556,,,
0.0,0.0,0.42296844720840454,,,
0.0,0.0,0.4426037073135376,,,
0.0,0.0,0.38763073086738586,,,
1.0,1.0,0.6878281831741333,,,
1.0,1.0,0.7506210207939148,,,
0.0,0.0,0.30375200510025024,,,
1.0,1.0,0.9068437814712524,,,
0.0,0.0,0.4698643684387207,,,
0.0,0.0,0.24964240193367004,,,
0.0,1.0,0.5058255195617676,,,
1.0,1.0,0.6866485476493835,,,
0.0,0.0,0.44696044921875,,,
1.0,0.0,0.44134652614593506,,,
0.0,0.0,0.48483896255493164,,,
1.0,1.0,0.8793492913246155,,,
0.0,0.0,0.25708794593811035,,,
1.0,1.0,0.61689692735672,,,
0.0,0.0,0.4720849096775055,,,
0.0,0.0,0.359972208738327,,,
0.0,0.0,0.28681743144989014,,,
1.0,1.0,0.5007410049438477,,,
1.0,0.0,0.43924906849861145,,,
1.0,1.0,0.5740182399749756,,,
1.0,1.0,0.7083490490913391,,,
0.0,0.0,0.4131813645362854,,,
0.0,0.0,0.30614012479782104,,,
0.0,0.0,0.46313050389289856,,,
1.0,1.0,0.812828004360199,,,
0.0,0.0,0.2852820158004761,,,
1.0,0.0,0.4547434151172638,,,
0.0,1.0,0.5320864319801331,,,
0.0,1.0,0.7233116030693054,,,
0.0,0.0,0.307886004447937,,,
0.0,0.0,0.40644487738609314,,,
0.0,0.0,0.36548101902008057,,,
1.0,0.0,0.3516068458557129,,,
0.0,0.0,0.36000582575798035,,,
0.0,0.0,0.22331908345222473,,,
0.0,0.0,0.31532061100006104,,,
1.0,0.0,0.44602566957473755,,,
1.0,1.0,0.6667906045913696,,,
1.0,1.0,0.7461747527122498,,,
0.0,0.0,0.33972153067588806,,,
1.0,1.0,0.7424058318138123,,,
0.0,0.0,0.27053794264793396,,,
0.0,0.0,0.24219170212745667,,,
0.0,0.0,0.31474074721336365,,,
1.0,1.0,0.8460903167724609,,,
0.0,0.0,0.34222352504730225,,,
0.0,0.0,0.25211530923843384,,,
1.0,1.0,0.8298524022102356,,,
1.0,1.0,0.8527547121047974,,,
0.0,0.0,0.40642473101615906,,,
0.0,0.0,0.29178571701049805,,,
1.0,1.0,0.7649481296539307,,,
0.0,0.0,0.2398296445608139,,,
0.0,0.0,0.3447907269001007,,,
0.0,0.0,0.40615734457969666,,,
0.0,0.0,0.2349187135696411,,,
1.0,1.0,0.5623040199279785,,,
1.0,1.0,0.719994068145752,,,
1.0,1.0,0.7528529763221741,,,
0.0,0.0,0.23731063306331635,,,
0.0,0.0,0.24738891422748566,,,
1.0,0.0,0.4803227484226227,,,
0.0,0.0,0.3046727478504181,,,
1.0,0.0,0.4703243374824524,,,
1.0,0.0,0.33686262369155884,,,
0.0,0.0,0.43927812576293945,,,
1.0,1.0,0.5646657943725586,,,
0.0,0.0,0.44371867179870605,,,
0.0,1.0,0.5646808743476868,,,
0.0,0.0,0.4560941755771637,,,
1.0,1.0,0.6708875894546509,,,
1.0,1.0,0.8512794375419617,,,
0.0,0.0,0.3970557451248169,,,
0.0,1.0,0.6057116389274597,,,
0.0,0.0,0.4288932979106903,,,
1.0,1.0,0.843957781791687,,,
0.0,1.0,0.530586838722229,,,
1.0,0.0,0.36232638359069824,,,
0.0,0.0,0.3463740348815918,,,
0.0,0.0,0.18119525909423828,,,
0.0,0.0,0.39316293597221375,,,
0.0,0.0,0.256720632314682,,,
0.0,0.0,0.26164665818214417,,,
0.0,0.0,0.45783931016921997,,,
0.0,0.0,0.20438966155052185,,,
1.0,1.0,0.6442200541496277,,,
0.0,1.0,0.5550577640533447,,,
1.0,1.0,0.6435720920562744,,,
0.0,0.0,0.37612754106521606,,,
0.0,0.0,0.425673246383667,,,
0.0,0.0,0.27338069677352905,,,
0.0,0.0,0.41956374049186707,,,
0.0,1.0,0.5211955308914185,,,
1.0,1.0,0.8643266558647156,,,
1.0,1.0,0.5161269903182983,,,
1.0,1.0,0.8618001341819763,,,
0.0,0.0,0.3362571895122528,,,
0.0,1.0,0.5177937746047974,,,
1.0,0.0,0.4165821373462677,,,
0.0,0.0,0.4144168794155121,,,
0.0,0.0,0.4177856743335724,,,
0.0,0.0,0.23498643934726715,,,
0.0,0.0,0.4206252992153168,,,
1.0,0.0,0.3756207525730133,,,
0.0,0.0,0.361290842294693,,,
0.0,0.0,0.3438362777233124,,,
0.0,0.0,0.38837504386901855,,,
1.0,1.0,0.6351494789123535,,,
0.0,0.0,0.45176056027412415,,,
0.0,0.0,0.3739634156227112,,,
1.0,1.0,0.5101448893547058,,,
1.0,0.0,0.42266079783439636,,,
1.0,1.0,0.8930016160011292,,,
0.0,1.0,0.5364961624145508,,,
1.0,1.0,0.673056423664093,,,
1.0,1.0,0.58343905210495,,,
1.0,0.0,0.42628106474876404,,,
0.0,0.0,0.47298818826675415,,,
1.0,0.0,0.3721994459629059,,,
0.0,0.0,0.31768518686294556,,,
0.0,0.0,0.3580140769481659,,,
0.0,0.0,0.37658417224884033,,,
0.0,0.0,0.45783931016921997,,,
0.0,0.0,0.43521377444267273,,,
1.0,1.0,0.6999443769454956,,,
1.0,1.0,0.7306900024414062,,,
0.0,0.0,0.2951325476169586,,,
0.0,0.0,0.47236478328704834,,,
0.0,0.0,0.28010293841362,,,
0.0,0.0,0.35279354453086853,,,
1.0,0.0,0.2884860932826996,,,
0.0,0.0,0.27824831008911133,,,
1.0,1.0,0.590268075466156,,,
0.0,0.0,0.30505284667015076,,,
0.0,1.0,0.5128993988037109,,,
1.0,1.0,0.5532994270324707,,,
0.0,0.0,0.2846221327781677,,,
1.0,0.0,0.39948782324790955,,,
0.0,0.0,0.3475327491760254,,,
0.0,0.0,0.36095789074897766,,,
0.0,1.0,0.6326962113380432,,,
1.0,1.0,0.6218352317810059,,,
1.0,1.0,0.525773823261261,,,
1.0,0.0,0.32399845123291016,,,
0.0,0.0,0.37670302391052246,,,
1.0,1.0,0.6750442981719971,,,
0.0,0.0,0.3649088442325592,,,
1.0,0.0,0.4572329521179199,,,
1.0,0.0,0.4440489113330841,,,
0.0,0.0,0.2904183566570282,,,
1.0,0.0,0.4942057132720947,,,
1.0,1.0,0.6253748536109924,,,
0.0,0.0,0.40119144320487976,,,
0.0,0.0,0.40399599075317383,,,
0.0,0.0,0.26656901836395264,,,
1.0,1.0,0.8549639582633972,,,
1.0,1.0,0.7604101896286011,,,
1.0,1.0,0.6842061281204224,,,
0.0,0.0,0.4100258946418762,,,
0.0,0.0,0.4017966687679291,,,
0.0,0.0,0.39498087763786316,,,
1.0,1.0,0.6966035962104797,,,
0.0,0.0,0.1468857228755951,,,
1.0,1.0,0.5850762724876404,,,
1.0,1.0,0.8173521757125854,,,
1.0,1.0,0.634926974773407,,,
1.0,1.0,0.845514178276062,,,
0.0,0.0,0.3332888185977936,,,
1.0,1.0,0.5555168390274048,,,
0.0,0.0,0.3074781894683838,,,
1.0,1.0,0.5350423455238342,,,
0.0,0.0,0.20419564843177795,,,
1.0,1.0,0.8254191875457764,,,
1.0,1.0,0.8183944225311279,,,
0.0,0.0,0.2800377607345581,,,
1.0,1.0,0.7838134169578552,,,
1.0,0.0,0.4523991346359253,,,
1.0,1.0,0.5389153361320496,,,
1.0,1.0,0.6045747399330139,,,
1.0,1.0,0.9073575139045715,,,
0.0,0.0,0.3329205811023712,,,
1.0,1.0,0.6696505546569824,,,
1.0,0.0,0.3171399235725403,,,
1.0,1.0,0.6656678318977356,,,
0.0,0.0,0.4263967275619507,,,
0.0,0.0,0.35692036151885986,,,
1.0,1.0,0.513103723526001,,,
0.0,0.0,0.3498186469078064,,,
1.0,1.0,0.5391144752502441,,,
1.0,1.0,0.5747814178466797,,,
1.0,0.0,0.3110044002532959,,,
1.0,1.0,0.7771727442741394,,,
0.0,0.0,0.18779894709587097,,,
1.0,1.0,0.5545365214347839,,,
1.0,1.0,0.9258325695991516,,,
1.0,1.0,0.7220134735107422,,,
1.0,1.0,0.7284263372421265,,,
0.0,0.0,0.41928306221961975,,,
1.0,1.0,0.7965742349624634,,,
1.0,0.0,0.3505944609642029,,,
0.0,0.0,0.4993988275527954,,,
1.0,1.0,0.5751655101776123,,,
1.0,1.0,0.709592342376709,,,
1.0,1.0,0.7143591046333313,,,
0.0,0.0,0.2856745421886444,,,
0.0,0.0,0.2522395849227905,,,
0.0,0.0,0.45091918110847473,,,
1.0,0.0,0.42780616879463196,,,
0.0,0.0,0.34063562750816345,,,
1.0,1.0,0.5374813079833984,,,
0.0,0.0,0.3586200177669525,,,
0.0,0.0,0.3921493887901306,,,
1.0,1.0,0.7680947184562683,,,
1.0,0.0,0.4325450658798218,,,
0.0,0.0,0.4636779725551605,,,
1.0,1.0,0.6385735869407654,,,
1.0,1.0,0.543133556842804,,,
0.0,1.0,0.5388393402099609,,,
0.0,0.0,0.2551990747451782,,,
0.0,0.0,0.44375842809677124,,,
0.0,0.0,0.42167866230010986,,,
0.0,0.0,0.4212381839752197,,,
0.0,0.0,0.2536359131336212,,,
1.0,1.0,0.7592583298683167,,,
0.0,0.0,0.2887977659702301,,,
1.0,1.0,0.6933637261390686,,,
0.0,0.0,0.1927381455898285,,,
1.0,0.0,0.40740400552749634,,,
0.0,0.0,0.4718782603740692,,,
1.0,1.0,0.5592219829559326,,,
1.0,0.0,0.2613751292228699,,,
0.0,0.0,0.3024146258831024,,,
1.0,1.0,0.7013059854507446,,,
1.0,1.0,0.510903537273407,,,
1.0,1.0,0.6809685230255127,,,
0.0,0.0,0.3198119103908539,,,
0.0,0.0,0.295078843832016,,,
0.0,0.0,0.45494306087493896,,,
0.0,0.0,0.4583964943885803,,,
1.0,1.0,0.7061912417411804,,,
0.0,0.0,0.3436632454395294,,,
1.0,1.0,0.5326526165008545,,,
1.0,1.0,0.7563174962997437,,,
1.0,1.0,0.6548872590065002,,,
1.0,1.0,0.6328940391540527,,,
0.0,0.0,0.3986184597015381,,,
0.0,0.0,0.40811777114868164,,,
1.0,1.0,0.5021723508834839,,,
0.0,0.0,0.32904061675071716,,,
1.0,1.0,0.5646657943725586,,,
1.0,0.0,0.3483089804649353,,,
1.0,1.0,0.5645664930343628,,,
1.0,0.0,0.2322249561548233,,,
0.0,0.0,0.3640749752521515,,,
0.0,0.0,0.37201517820358276,,,
0.0,0.0,0.3861098885536194,,,
1.0,0.0,0.3839958608150482,,,
0.0,1.0,0.6085636615753174,,,
0.0,1.0,0.5612184405326843,,,
0.0,0.0,0.43316009640693665,,,
1.0,0.0,0.26102447509765625,,,
1.0,1.0,0.6292920708656311,,,
0.0,0.0,0.35201242566108704,,,
1.0,0.0,0.4389679431915283,,,
1.0,0.0,0.4837561249732971,,,
0.0,0.0,0.4390585124492645,,,
1.0,1.0,0.751035213470459,,,
1.0,1.0,0.5464902520179749,,,
0.0,0.0,0.34980183839797974,,,
0.0,1.0,0.5953459739685059,,,
1.0,0.0,0.2981741428375244,,,
1.0,1.0,0.8082806468009949,,,
0.0,0.0,0.351074755191803,,,
1.0,1.0,0.7850214838981628,,,
0.0,0.0,0.37577834725379944,,,
0.0,0.0,0.2692941427230835,,,
0.0,0.0,0.34133175015449524,,,
1.0,0.0,0.31337878108024597,,,
1.0,1.0,0.8613057136535645,,,
0.0,0.0,0.34546467661857605,,,
0.0,0.0,0.18048149347305298,,,
0.0,0.0,0.28826287388801575,,,
1.0,1.0,0.5602099895477295,,,
1.0,1.0,0.6175563335418701,,,
0.0,0.0,0.4792099893093109,,,
1.0,1.0,0.5899620652198792,,,
0.0,0.0,0.2710750699043274,,,
1.0,1.0,0.5854570269584656,,,
1.0,1.0,0.6393209099769592,,,
1.0,1.0,0.58343905210495,,,
0.0,0.0,0.4245951771736145,,,
1.0,0.0,0.4395456910133362,,,
1.0,1.0,0.5041326284408569,,,
0.0,0.0,0.2750367522239685,,,
0.0,0.0,0.26131418347358704,,,
1.0,1.0,0.8632197380065918,,,
1.0,1.0,0.8174410462379456,,,
1.0,1.0,0.7927687764167786,,,
1.0,1.0,0.8095794320106506,,,
0.0,1.0,0.5338088274002075,,,
1.0,0.0,0.4113820493221283,,,
0.0,0.0,0.3492394685745239,,,
1.0,1.0,0.7565973401069641,,,
1.0,1.0,0.7680198550224304,,,
0.0,0.0,0.34071066975593567,,,
1.0,1.0,0.7686166763305664,,,
1.0,0.0,0.3797823190689087,,,
0.0,0.0,0.39514535665512085,,,
0.0,0.0,0.31543368101119995,,,
0.0,0.0,0.223592609167099,,,
0.0,0.0,0.3614254295825958,,,
1.0,0.0,0.3581351041793823,,,
0.0,0.0,0.3876005709171295,,,
0.0,0.0,0.2229924350976944,,,
0.0,0.0,0.3964117169380188,,,
0.0,0.0,0.30973905324935913,,,
0.0,0.0,0.3348429799079895,,,
0.0,0.0,0.2721044421195984,,,
1.0,1.0,0.5212966203689575,,,
1.0,1.0,0.6832338571548462,,,
1.0,1.0,0.9074949026107788,,,
1.0,1.0,0.713265061378479,,,
0.0,0.0,0.40525466203689575,,,
1.0,0.0,0.33322426676750183,,,
0.0,0.0,0.4333495795726776,,,
1.0,1.0,0.5158252716064453,,,
1.0,1.0,0.7557886242866516,,,
0.0,1.0,0.5006006956100464,,,
0.0,0.0,0.3823292553424835,,,
1.0,1.0,0.5484505891799927,,,
0.0,0.0,0.3819963335990906,,,
0.0,0.0,0.20286379754543304,,,
0.0,0.0,0.3892231285572052,,,
1.0,1.0,0.6301943063735962,,,
1.0,1.0,0.8941226601600647,,,
1.0,1.0,0.5881379246711731,,,
0.0,0.0,0.39044538140296936,,,
1.0,0.0,0.24804353713989258,,,
0.0,1.0,0.6608014106750488,,,
0.0,0.0,0.3076811134815216,,,
0.0,0.0,0.3388622999191284,,,
1.0,0.0,0.43036651611328125,,,
0.0,1.0,0.5204414129257202,,,
0.0,0.0,0.19952736794948578,,,
0.0,0.0,0.40570294857025146,,,
1.0,1.0,0.8674095273017883,,,
1.0,1.0,0.7910031080245972,,,
1.0,1.0,0.644427478313446,,,
0.0,0.0,0.3466029465198517,,,
0.0,0.0,0.3439089357852936,,,
1.0,1.0,0.8241133689880371,,,
0.0,1.0,0.529201328754425,,,
1.0,1.0,0.7360501289367676,,,
1.0,0.0,0.4218268096446991,,,
0.0,0.0,0.4145321249961853,,,
1.0,1.0,0.5023473501205444,,,
1.0,1.0,0.5360658168792725,,,
0.0,0.0,0.3970497250556946,,,
1.0,1.0,0.6069969534873962,,,
0.0,0.0,0.3831711411476135,,,
0.0,0.0,0.3891572952270508,,,
1.0,0.0,0.49267616868019104,,,
0.0,0.0,0.31644538044929504,,,
0.0,0.0,0.3162368834018707,,,
1.0,1.0,0.5516685247421265,,,
1.0,0.0,0.3886738717556,,,
1.0,1.0,0.6969477534294128,,,
1.0,1.0,0.5368996262550354,,,
0.0,0.0,0.3818543255329132,,,
0.0,0.0,0.43599045276641846,,,
1.0,1.0,0.5582476258277893,,,
0.0,0.0,0.3810097277164459,,,
1.0,0.0,0.3497373163700104,,,
1.0,1.0,0.6501952409744263,,,
0.0,0.0,0.2636687159538269,,,
0.0,0.0,0.42969459295272827,,,
0.0,0.0,0.3647194802761078,,,
0.0,0.0,0.3770761787891388,,,
0.0,0.0,0.32768410444259644,,,
0.0,0.0,0.355085551738739,,,
1.0,0.0,0.43374672532081604,,,
1.0,0.0,0.38532859086990356,,,
0.0,0.0,0.31437674164772034,,,
1.0,1.0,0.6055116057395935,,,
0.0,0.0,0.28654247522354126,,,
1.0,1.0,0.8641726970672607,,,
1.0,1.0,0.5398640036582947,,,
0.0,0.0,0.3547733724117279,,,
1.0,1.0,0.5049310326576233,,,
1.0,0.0,0.3699660897254944,,,
0.0,0.0,0.3099135756492615,,,
1.0,0.0,0.33074286580085754,,,
0.0,0.0,0.4790973663330078,,,
0.0,0.0,0.3580825626850128,,,
1.0,0.0,0.378743052482605,,,
0.0,0.0,0.2861648201942444,,,
0.0,0.0,0.3827122449874878,,,
0.0,0.0,0.24503950774669647,,,
1.0,1.0,0.7602410912513733,,,
0.0,0.0,0.18035542964935303,,,
0.0,0.0,0.25578072667121887,,,
1.0,0.0,0.36525046825408936,,,
0.0,0.0,0.43196284770965576,,,
1.0,0.0,0.48638296127319336,,,
0.0,0.0,0.45023202896118164,,,
0.0,0.0,0.33280789852142334,,,
1.0,1.0,0.8286007046699524,,,
1.0,1.0,0.5619521141052246,,,
1.0,0.0,0.40426886081695557,,,
1.0,0.0,0.3332888185977936,,,
0.0,0.0,0.36622846126556396,,,
1.0,0.0,0.3674743175506592,,,
0.0,0.0,0.49780160188674927,,,
0.0,0.0,0.3084847927093506,,,
1.0,0.0,0.4698643684387207,,,
0.0,0.0,0.42144498229026794,,,
0.0,0.0,0.41815322637557983,,,
1.0,1.0,0.6021193861961365,,,
0.0,0.0,0.3139151334762573,,,
0.0,0.0,0.3904353380203247,,,
1.0,1.0,0.6679096221923828,,,
0.0,0.0,0.4725934863090515,,,
0.0,1.0,0.5123776197433472,,,
0.0,0.0,0.35230958461761475,,,
0.0,0.0,0.4204310178756714,,,
0.0,0.0,0.3995542824268341,,,
1.0,1.0,0.7575961947441101,,,
1.0,1.0,0.5469059944152832,,,
1.0,0.0,0.4974988102912903,,,
0.0,0.0,0.22024807333946228,,,
1.0,1.0,0.7999964952468872,,,
1.0,0.0,0.4049588739871979,,,
1.0,1.0,0.6601488590240479,,,
0.0,0.0,0.3069680631160736,,,
1.0,1.0,0.7477540969848633,,,
0.0,1.0,0.5525915622711182,,,
1.0,1.0,0.5337892770767212,,,
0.0,0.0,0.30085012316703796,,,
1.0,1.0,0.5806018710136414,,,
1.0,0.0,0.4740569293498993,,,
0.0,0.0,0.3444218635559082,,,
0.0,0.0,0.2310645431280136,,,
0.0,1.0,0.6696632504463196,,,
1.0,1.0,0.6845904588699341,,,
1.0,1.0,0.7481448650360107,,,
1.0,1.0,0.5200775861740112,,,
1.0,1.0,0.6286492347717285,,,
0.0,0.0,0.4446374177932739,,,
0.0,0.0,0.38571685552597046,,,
0.0,0.0,0.43175482749938965,,,
0.0,0.0,0.32786858081817627,,,
1.0,0.0,0.4972158372402191,,,
1.0,1.0,0.5063185095787048,,,
1.0,0.0,0.4217231273651123,,,
0.0,0.0,0.3969319760799408,,,
1.0,1.0,0.5420656800270081,,,
0.0,0.0,0.42237937450408936,,,
1.0,0.0,0.2938707172870636,,,
1.0,1.0,0.6140792965888977,,,
0.0,0.0,0.2750641405582428,,,
0.0,0.0,0.36262667179107666,,,
0.0,0.0,0.2846221327781677,,,
0.0,0.0,0.24754664301872253,,,
0.0,0.0,0.4515823423862457,,,
0.0,0.0,0.30444690585136414,,,
0.0,0.0,0.2600625157356262,,,
0.0,1.0,0.646081805229187,,,
1.0,0.0,0.3678795397281647,,,
1.0,1.0,0.9078266620635986,,,
0.0,0.0,0.27737677097320557,,,
0.0,0.0,0.399282842874527,,,
0.0,0.0,0.2896284759044647,,,
0.0,0.0,0.2846221327781677,,,
0.0,1.0,0.7048444747924805,,,
1.0,1.0,0.8189225196838379,,,
1.0,1.0,0.5875891447067261,,,
0.0,1.0,0.5223252177238464,,,
1.0,0.0,0.42148450016975403,,,
0.0,1.0,0.5420911312103271,,,
1.0,1.0,0.6792709827423096,,,
1.0,0.0,0.3629032075405121,,,
0.0,0.0,0.15816284716129303,,,
1.0,1.0,0.8518972396850586,,,
1.0,0.0,0.36035168170928955,,,
0.0,1.0,0.7401270866394043,,,
0.0,0.0,0.3096065819263458,,,
1.0,1.0,0.591279923915863,,,
0.0,0.0,0.42336225509643555,,,
0.0,0.0,0.3852604329586029,,,
1.0,1.0,0.7550560832023621,,,
0.0,0.0,0.4014729857444763,,,
0.0,0.0,0.3079521656036377,,,
0.0,0.0,0.279687762260437,,,
0.0,0.0,0.3808149993419647,,,
1.0,1.0,0.5615329146385193,,,
0.0,0.0,0.24706046283245087,,,
1.0,1.0,0.5015550255775452,,,
0.0,0.0,0.45618218183517456,,,
0.0,0.0,0.44312024116516113,,,
0.0,0.0,0.4577586352825165,,,
1.0,1.0,0.8811454772949219,,,
1.0,1.0,0.5276119112968445,,,
1.0,1.0,0.5143651962280273,,,
1.0,1.0,0.7097020149230957,,,
1.0,0.0,0.4738706648349762,,,
1.0,0.0,0.29532819986343384,,,
1.0,1.0,0.521988034248352,,,
0.0,0.0,0.27249452471733093,,,
1.0,1.0,0.5630017518997192,,,
1.0,1.0,0.6175857782363892,,,
1.0,1.0,0.7350893020629883,,,
1.0,0.0,0.37784543633461,,,
0.0,0.0,0.25791364908218384,,,
1.0,0.0,0.4954771101474762,,,
0.0,0.0,0.22742977738380432,,,
0.0,0.0,0.2948460280895233,,,
0.0,0.0,0.4000949263572693,,,
1.0,1.0,0.6858366131782532,,,
1.0,0.0,0.3789234161376953,,,
0.0,0.0,0.4197840988636017,,,
1.0,1.0,0.5545365214347839,,,
0.0,0.0,0.3904769718647003,,,
0.0,0.0,0.27813345193862915,,,
0.0,0.0,0.3103368878364563,,,
0.0,0.0,0.4171907603740692,,,
1.0,1.0,0.8843994140625,,,
0.0,0.0,0.4261864721775055,,,
1.0,1.0,0.8663281798362732,,,
0.0,1.0,0.6618242859840393,,,
1.0,1.0,0.6811243891716003,,,
1.0,1.0,0.6471481919288635,,,
0.0,0.0,0.33240312337875366,,,
1.0,0.0,0.32332727313041687,,,
1.0,1.0,0.9088754057884216,,,
1.0,1.0,0.7481448650360107,,,
1.0,1.0,0.5441819429397583,,,
0.0,0.0,0.37307655811309814,,,
0.0,0.0,0.3897741138935089,,,
0.0,1.0,0.5600024461746216,,,
1.0,0.0,0.37670376896858215,,,
1.0,0.0,0.37622693181037903,,,
1.0,0.0,0.34437379240989685,,,
0.0,0.0,0.3690831661224365,,,
1.0,1.0,0.7539046406745911,,,
0.0,0.0,0.39048048853874207,,,
1.0,1.0,0.619884192943573,,,
1.0,1.0,0.5069448947906494,,,
1.0,1.0,0.6326082348823547,,,
1.0,0.0,0.3956027030944824,,,
0.0,0.0,0.46186497807502747,,,
0.0,0.0,0.3555377721786499,,,
1.0,1.0,0.7131668925285339,,,
1.0,0.0,0.32472145557403564,,,
0.0,0.0,0.30348995327949524,,,
0.0,1.0,0.6596121191978455,,,
0.0,0.0,0.27918684482574463,,,
1.0,1.0,0.7542443871498108,,,
0.0,0.0,0.3327426612377167,,,
0.0,0.0,0.20764896273612976,,,
1.0,1.0,0.9456761479377747,,,
0.0,0.0,0.26637235283851624,,,
1.0,1.0,0.6889679431915283,,,
1.0,1.0,0.8982070684432983,,,
1.0,1.0,0.7993109822273254,,,
0.0,0.0,0.31898805499076843,,,
1.0,1.0,0.6070377826690674,,,
1.0,1.0,0.5276634693145752,,,
1.0,1.0,0.5416469573974609,,,
1.0,1.0,0.5016509294509888,,,
1.0,0.0,0.2841147780418396,,,
0.0,0.0,0.3842169940471649,,,
0.0,0.0,0.2507350444793701,,,
1.0,0.0,0.301146924495697,,,
0.0,0.0,0.3705918788909912,,,
1.0,0.0,0.3131140470504761,,,
0.0,0.0,0.3741084337234497,,,
1.0,1.0,0.6394904255867004,,,
0.0,0.0,0.2724671959877014,,,
1.0,1.0,0.5551633238792419,,,
0.0,0.0,0.41034141182899475,,,
1.0,1.0,0.7046837210655212,,,
0.0,0.0,0.21661049127578735,,,
0.0,0.0,0.22144685685634613,,,
0.0,0.0,0.3596581518650055,,,
0.0,1.0,0.5151122808456421,,,
0.0,0.0,0.35213571786880493,,,
0.0,0.0,0.32869112491607666,,,
0.0,0.0,0.4028743505477905,,,
1.0,1.0,0.7105044722557068,,,
1.0,1.0,0.6918848156929016,,,
0.0,0.0,0.31269556283950806,,,
0.0,1.0,0.661681056022644,,,
1.0,0.0,0.29996824264526367,,,
1.0,1.0,0.6989573836326599,,,
0.0,0.0,0.2967667877674103,,,
1.0,0.0,0.28630146384239197,,,
1.0,1.0,0.7948273420333862,,,
0.0,0.0,0.2023278921842575,,,
0.0,0.0,0.37515193223953247,,,
1.0,1.0,0.7745634317398071,,,
0.0,0.0,0.35777607560157776,,,
0.0,0.0,0.3074398338794708,,,
0.0,0.0,0.43547478318214417,,,
0.0,0.0,0.34275883436203003,,,
1.0,0.0,0.48904532194137573,,,
1.0,1.0,0.6283411979675293,,,
1.0,0.0,0.3853074312210083,,,
0.0,0.0,0.24582013487815857,,,
0.0,0.0,0.2734282910823822,,,
0.0,0.0,0.2480279803276062,,,
1.0,1.0,0.5986740589141846,,,
0.0,0.0,0.3776279091835022,,,
0.0,0.0,0.4319838583469391,,,
0.0,0.0,0.4869956970214844,,,
1.0,0.0,0.43016427755355835,,,
0.0,0.0,0.3197490870952606,,,
1.0,1.0,0.8717886805534363,,,
1.0,1.0,0.89000004529953,,,
0.0,0.0,0.40399599075317383,,,
0.0,0.0,0.3306826651096344,,,
1.0,1.0,0.7222940325737,,,
0.0,0.0,0.3644874691963196,,,
0.0,0.0,0.44761157035827637,,,
0.0,0.0,0.49003928899765015,,,
1.0,0.0,0.3851434588432312,,,
1.0,1.0,0.7122017741203308,,,
1.0,1.0,0.7873950004577637,,,
0.0,0.0,0.20011882483959198,,,
0.0,0.0,0.4284771680831909,,,
0.0,0.0,0.37180131673812866,,,
1.0,1.0,0.7082892060279846,,,
1.0,1.0,0.625108540058136,,,
0.0,0.0,0.3610423803329468,,,
0.0,0.0,0.301565021276474,,,
1.0,0.0,0.35088321566581726,,,
0.0,0.0,0.3498186469078064,,,
0.0,0.0,0.22448500990867615,,,
0.0,0.0,0.2971762418746948,,,
1.0,1.0,0.8747138977050781,,,
0.0,1.0,0.6185578107833862,,,
1.0,0.0,0.2723909914493561,,,
1.0,0.0,0.3839621841907501,,,
1.0,1.0,0.531912624835968,,,
1.0,1.0,0.7888209819793701,,,
1.0,1.0,0.5423413515090942,,,
1.0,1.0,0.515254557132721,,,
0.0,0.0,0.2726569175720215,,,
0.0,0.0,0.29155871272087097,,,
1.0,1.0,0.5871426463127136,,,
1.0,0.0,0.403291255235672,,,
0.0,1.0,0.5816144347190857,,,
1.0,1.0,0.8112860918045044,,,
1.0,1.0,0.6856322288513184,,,
0.0,0.0,0.4756826162338257,,,
0.0,0.0,0.3679649829864502,,,
1.0,1.0,0.7461517453193665,,,
1.0,1.0,0.5782447457313538,,,
0.0,0.0,0.39117297530174255,,,
0.0,0.0,0.31538936495780945,,,
1.0,1.0,0.8821767568588257,,,
0.0,0.0,0.37141314148902893,,,
0.0,0.0,0.31710872054100037,,,
0.0,0.0,0.30494239926338196,,,
0.0,0.0,0.30317988991737366,,,
1.0,1.0,0.8693254590034485,,,
1.0,0.0,0.40923917293548584,,,
0.0,1.0,0.5158646106719971,,,
0.0,0.0,0.16512706875801086,,,
0.0,0.0,0.2988034784793854,,,
1.0,0.0,0.408383309841156,,,
1.0,0.0,0.45903101563453674,,,
0.0,0.0,0.4611175060272217,,,
0.0,0.0,0.46918267011642456,,,
1.0,0.0,0.44232794642448425,,,
1.0,1.0,0.5286529660224915,,,
1.0,0.0,0.4445543885231018,,,
0.0,0.0,0.20992180705070496,,,
0.0,1.0,0.5951326489448547,,,
0.0,0.0,0.39149102568626404,,,
0.0,0.0,0.25671079754829407,,,
1.0,0.0,0.4972856938838959,,,
0.0,0.0,0.3038589656352997,,,
1.0,1.0,0.8980613350868225,,,
0.0,0.0,0.44602590799331665,,,
1.0,0.0,0.4546976685523987,,,
0.0,1.0,0.6548418402671814,,,
0.0,0.0,0.36347129940986633,,,
0.0,0.0,0.37847045063972473,,,
0.0,0.0,0.293357789516449,,,
0.0,0.0,0.40127816796302795,,,
0.0,0.0,0.20064041018486023,,,
0.0,0.0,0.37443819642066956,,,
0.0,0.0,0.4596989154815674,,,
0.0,0.0,0.35424548387527466,,,
0.0,1.0,0.5161737203598022,,,
1.0,1.0,0.5536141991615295,,,
0.0,0.0,0.16186554729938507,,,
1.0,0.0,0.4494251310825348,,,
1.0,0.0,0.3063852787017822,,,
1.0,0.0,0.4017007350921631,,,
0.0,0.0,0.2900690734386444,,,
1.0,1.0,0.6402072906494141,,,
1.0,0.0,0.4299311339855194,,,
0.0,0.0,0.38705652952194214,,,
1.0,1.0,0.8159590363502502,,,
1.0,1.0,0.7159725427627563,,,
0.0,0.0,0.22901393473148346,,,
0.0,1.0,0.5442548990249634,,,
0.0,0.0,0.3171117603778839,,,
1.0,1.0,0.8198019862174988,,,
1.0,1.0,0.6756982803344727,,,
1.0,1.0,0.7273305058479309,,,
0.0,0.0,0.2761046588420868,,,
0.0,0.0,0.4258877635002136,,,
1.0,0.0,0.4372612237930298,,,
1.0,1.0,0.5299299359321594,,,
0.0,0.0,0.2650112509727478,,,
0.0,0.0,0.417595773935318,,,
0.0,0.0,0.281494677066803,,,
0.0,0.0,0.31677019596099854,,,
1.0,1.0,0.7667871117591858,,,
0.0,0.0,0.4276082217693329,,,
1.0,1.0,0.6733107566833496,,,
0.0,0.0,0.43054765462875366,,,
0.0,0.0,0.3102078139781952,,,
0.0,0.0,0.2708732783794403,,,
0.0,0.0,0.3124752342700958,,,
0.0,0.0,0.3038589656352997,,,
0.0,0.0,0.46249842643737793,,,
1.0,1.0,0.8992047309875488,,,
0.0,0.0,0.43763163685798645,,,
0.0,0.0,0.2532978355884552,,,
1.0,1.0,0.7350718975067139,,,
0.0,0.0,0.4547693431377411,,,
1.0,0.0,0.4399781823158264,,,
1.0,0.0,0.40892335772514343,,,
0.0,0.0,0.3481661379337311,,,
0.0,1.0,0.6932589411735535,,,
0.0,0.0,0.3464321792125702,,,
1.0,1.0,0.8595050573348999,,,
0.0,0.0,0.4549401104450226,,,
1.0,0.0,0.4541303217411041,,,
0.0,1.0,0.8388189673423767,,,
1.0,1.0,0.5324332118034363,,,
1.0,1.0,0.7655244469642639,,,
0.0,0.0,0.3992246687412262,,,
0.0,0.0,0.4145229458808899,,,
1.0,1.0,0.7163186073303223,,,
1.0,1.0,0.68907231092453,,,
0.0,0.0,0.2287333756685257,,,
0.0,0.0,0.25371450185775757,,,
0.0,1.0,0.6834591627120972,,,
1.0,1.0,0.5477063655853271,,,
0.0,0.0,0.2574783265590668,,,
0.0,0.0,0.28823912143707275,,,
0.0,0.0,0.2922665774822235,,,
1.0,0.0,0.421474426984787,,,
0.0,0.0,0.28045934438705444,,,
1.0,0.0,0.4984312653541565,,,
1.0,0.0,0.3223120868206024,,,
0.0,0.0,0.29503175616264343,,,
0.0,0.0,0.38599324226379395,,,
1.0,1.0,0.5454956293106079,,,
0.0,0.0,0.2255997657775879,,,
1.0,1.0,0.5434604287147522,,,
1.0,1.0,0.7302626967430115,,,
1.0,1.0,0.6597852110862732,,,
1.0,1.0,0.7345455884933472,,,
0.0,0.0,0.44673827290534973,,,
1.0,1.0,0.5214709043502808,,,
0.0,0.0,0.4241671562194824,,,
1.0,1.0,0.643676221370697,,,
1.0,1.0,0.5375487208366394,,,
0.0,0.0,0.3644223213195801,,,
1.0,1.0,0.731952428817749,,,
1.0,1.0,0.8147301077842712,,,
1.0,0.0,0.38042792677879333,,,
1.0,1.0,0.7104697823524475,,,
0.0,0.0,0.46945154666900635,,,
0.0,0.0,0.36923155188560486,,,
0.0,1.0,0.6554930210113525,,,
0.0,0.0,0.2873331308364868,,,
0.0,1.0,0.5067030787467957,,,
1.0,0.0,0.43080171942710876,,,
0.0,0.0,0.2750909626483917,,,
0.0,0.0,0.3031086027622223,,,
1.0,1.0,0.7819176316261292,,,
1.0,1.0,0.7074008584022522,,,
1.0,0.0,0.4143986999988556,,,
1.0,0.0,0.4031512439250946,,,
1.0,0.0,0.2967667877674103,,,
0.0,0.0,0.4954555928707123,,,
0.0,0.0,0.3150605857372284,,,
0.0,0.0,0.3533978760242462,,,
1.0,1.0,0.8130591511726379,,,
1.0,1.0,0.6548775434494019,,,
1.0,1.0,0.6689968705177307,,,
0.0,0.0,0.3646579682826996,,,
1.0,1.0,0.5697363018989563,,,
1.0,1.0,0.6906923651695251,,,
0.0,0.0,0.3279893100261688,,,
0.0,1.0,0.5362140536308289,,,
0.0,0.0,0.32582226395606995,,,
0.0,0.0,0.27857881784439087,,,
1.0,1.0,0.789383590221405,,,
1.0,1.0,0.5157244801521301,,,
1.0,0.0,0.3519687056541443,,,
0.0,0.0,0.38947364687919617,,,
0.0,1.0,0.5144397020339966,,,
0.0,0.0,0.343900203704834,,,
1.0,1.0,0.7399110198020935,,,
1.0,1.0,0.7784212231636047,,,
1.0,1.0,0.630712628364563,,,
0.0,0.0,0.45295172929763794,,,
0.0,1.0,0.5771266222000122,,,
1.0,1.0,0.91886305809021,,,
0.0,0.0,0.3919239640235901,,,
0.0,0.0,0.30960720777511597,,,
0.0,0.0,0.26778459548950195,,,
1.0,1.0,0.8915960192680359,,,
1.0,1.0,0.6709194779396057,,,
1.0,1.0,0.6552779674530029,,,
0.0,0.0,0.27962514758110046,,,
1.0,0.0,0.3779444098472595,,,
0.0,0.0,0.28451988101005554,,,
0.0,1.0,0.5483288168907166,,,
1.0,0.0,0.3686099946498871,,,
0.0,0.0,0.49014952778816223,,,
0.0,0.0,0.356315940618515,,,
1.0,1.0,0.6439105868339539,,,
0.0,0.0,0.26944205164909363,,,
0.0,0.0,0.32741641998291016,,,
0.0,0.0,0.26156380772590637,,,
0.0,0.0,0.2983086407184601,,,
0.0,1.0,0.5397143363952637,,,
1.0,0.0,0.35925325751304626,,,
1.0,1.0,0.6908851861953735,,,
1.0,1.0,0.8216941952705383,,,
0.0,0.0,0.3924286365509033,,,
0.0,1.0,0.5835093259811401,,,
0.0,0.0,0.3430263102054596,,,
0.0,0.0,0.27800869941711426,,,
1.0,1.0,0.6079740524291992,,,
0.0,0.0,0.40436169505119324,,,
0.0,0.0,0.3537212610244751,,,
1.0,1.0,0.6260743141174316,,,
1.0,1.0,0.7585874795913696,,,
1.0,0.0,0.46428126096725464,,,
0.0,0.0,0.253238320350647,,,
0.0,0.0,0.3205346465110779,,,
0.0,0.0,0.3256184160709381,,,
0.0,0.0,0.28403234481811523,,,
0.0,0.0,0.25782790780067444,,,
1.0,1.0,0.672578752040863,,,
1.0,1.0,0.7481448650360107,,,
0.0,0.0,0.2089364379644394,,,
0.0,1.0,0.6925950050354004,,,
1.0,0.0,0.3545202910900116,,,
0.0,0.0,0.3897510766983032,,,
0.0,0.0,0.31808215379714966,,,
0.0,0.0,0.29855823516845703,,,
0.0,0.0,0.3729526102542877,,,
1.0,0.0,0.47036415338516235,,,
0.0,0.0,0.4913945496082306,,,
0.0,0.0,0.2519424557685852,,,
1.0,1.0,0.6663497686386108,,,
0.0,0.0,0.40916717052459717,,,
1.0,1.0,0.7918701171875,,,
0.0,1.0,0.5578581094741821,,,
0.0,0.0,0.3697342574596405,,,
1.0,0.0,0.44499436020851135,,,
0.0,1.0,0.524060070514679,,,
0.0,0.0,0.3047151565551758,,,
0.0,0.0,0.4388323128223419,,,
1.0,0.0,0.3128165006637573,,,
0.0,0.0,0.2664828598499298,,,
0.0,0.0,0.3640364408493042,,,
0.0,0.0,0.41722553968429565,,,
0.0,0.0,0.26353198289871216,,,
0.0,0.0,0.3483114242553711,,,
1.0,1.0,0.5534412264823914,,,
0.0,0.0,0.4139435887336731,,,
1.0,0.0,0.40112483501434326,,,
0.0,0.0,0.2208777368068695,,,
1.0,1.0,0.6377582550048828,,,
1.0,1.0,0.7998164892196655,,,
0.0,0.0,0.3063611090183258,,,
0.0,0.0,0.40013229846954346,,,
1.0,1.0,0.6464353203773499,,,
1.0,1.0,0.5837998390197754,,,
1.0,1.0,0.640383243560791,,,
0.0,0.0,0.28711286187171936,,,
1.0,0.0,0.3853074312210083,,,
0.0,0.0,0.22340163588523865,,,
0.0,0.0,0.4069666266441345,,,
0.0,0.0,0.44114822149276733,,,
0.0,1.0,0.5316401720046997,,,
0.0,0.0,0.277202308177948,,,
1.0,1.0,0.509337842464447,,,
1.0,1.0,0.5097852945327759,,,
0.0,0.0,0.3637467920780182,,,
1.0,0.0,0.4971648156642914,,,
1.0,0.0,0.4510011076927185,,,
0.0,0.0,0.275505006313324,,,
1.0,1.0,0.877103865146637,,,
1.0,1.0,0.5969110131263733,,,
0.0,0.0,0.1669052541255951,,,
0.0,0.0,0.32301804423332214,,,
0.0,0.0,0.2055886685848236,,,
1.0,1.0,0.5686547756195068,,,
1.0,1.0,0.5409690737724304,,,
1.0,1.0,0.7298104763031006,,,
1.0,0.0,0.3454707860946655,,,
1.0,1.0,0.8697910308837891,,,
0.0,0.0,0.2752262055873871,,,
0.0,0.0,0.4000849425792694,,,
1.0,0.0,0.44434547424316406,,,
1.0,1.0,0.7424058318138123,,,
1.0,0.0,0.3743070065975189,,,
1.0,0.0,0.39265862107276917,,,
0.0,0.0,0.36426785588264465,,,
1.0,1.0,0.7475041151046753,,,
1.0,1.0,0.5828051567077637,,,
1.0,1.0,0.5775856971740723,,,
1.0,0.0,0.3956136405467987,,,
0.0,0.0,0.3307929039001465,,,
1.0,1.0,0.8153585195541382,,,
0.0,0.0,0.21935272216796875,,,
1.0,1.0,0.6176681518554688,,,
1.0,1.0,0.7282958626747131,,,
1.0,1.0,0.8056700825691223,,,
0.0,0.0,0.22227823734283447,,,
0.0,0.0,0.320107102394104,,,
1.0,1.0,0.6944651007652283,,,
1.0,1.0,0.8204809427261353,,,
0.0,0.0,0.3947387933731079,,,
0.0,0.0,0.42991700768470764,,,
0.0,0.0,0.3981068730354309,,,
0.0,0.0,0.4099286198616028,,,
1.0,0.0,0.46333256363868713,,,
1.0,1.0,0.5087461471557617,,,
0.0,0.0,0.3261704444885254,,,
0.0,0.0,0.3024146258831024,,,
0.0,0.0,0.4028683304786682,,,
0.0,0.0,0.19392088055610657,,,
0.0,0.0,0.4299009442329407,,,
0.0,0.0,0.3483089804649353,,,
0.0,0.0,0.2774515450000763,,,
0.0,0.0,0.35811975598335266,,,
1.0,1.0,0.6598357558250427,,,
0.0,0.0,0.3662227690219879,,,
1.0,1.0,0.5500554442405701,,,
0.0,0.0,0.39433714747428894,,,
0.0,0.0,0.21303148567676544,,,
1.0,0.0,0.3295883536338806,,,
1.0,0.0,0.29659780859947205,,,
1.0,0.0,0.3350347578525543,,,
0.0,0.0,0.44572779536247253,,,
1.0,1.0,0.6258088946342468,,,
1.0,0.0,0.49407780170440674,,,
1.0,1.0,0.7191689014434814,,,
0.0,0.0,0.2506948709487915,,,
0.0,1.0,0.6591803431510925,,,
0.0,0.0,0.30981022119522095,,,
0.0,0.0,0.4303863048553467,,,
1.0,1.0,0.7846617698669434,,,
1.0,1.0,0.7225627899169922,,,
1.0,0.0,0.4728333353996277,,,
1.0,1.0,0.5287538170814514,,,
1.0,1.0,0.6017431616783142,,,
0.0,1.0,0.5835992097854614,,,
1.0,0.0,0.36675986647605896,,,
1.0,1.0,0.7774612903594971,,,
1.0,1.0,0.8903416991233826,,,
1.0,1.0,0.7413551211357117,,,
1.0,1.0,0.5840383172035217,,,
0.0,0.0,0.3635271191596985,,,
0.0,0.0,0.2792416214942932,,,
1.0,1.0,0.8941364884376526,,,
0.0,1.0,0.5850217342376709,,,
0.0,0.0,0.4247303009033203,,,
0.0,0.0,0.26077157258987427,,,
1.0,1.0,0.5875891447067261,,,
1.0,0.0,0.47651195526123047,,,
0.0,0.0,0.35734421014785767,,,
0.0,0.0,0.29968398809432983,,,
1.0,1.0,0.7134485244750977,,,
0.0,0.0,0.18446782231330872,,,
1.0,1.0,0.7090330719947815,,,
1.0,1.0,0.5874632000923157,,,
1.0,1.0,0.6317004561424255,,,
0.0,0.0,0.16512706875801086,,,
0.0,0.0,0.21608348190784454,,,
1.0,1.0,0.8434410095214844,,,
0.0,0.0,0.3720616102218628,,,
1.0,1.0,0.9028432369232178,,,
1.0,0.0,0.49080464243888855,,,
1.0,1.0,0.6837460398674011,,,
1.0,1.0,0.6687036156654358,,,
0.0,0.0,0.43851831555366516,,,
1.0,0.0,0.42515432834625244,,,
1.0,0.0,0.32893747091293335,,,
0.0,0.0,0.2716962695121765,,,
1.0,1.0,0.7110121250152588,,,
0.0,0.0,0.4374517500400543,,,
1.0,1.0,0.7533026337623596,,,
1.0,1.0,0.6325381994247437,,,
0.0,0.0,0.44144853949546814,,,
0.0,0.0,0.4288932979106903,,,
0.0,0.0,0.3760036826133728,,,
0.0,0.0,0.3439134657382965,,,
1.0,0.0,0.4692871868610382,,,
0.0,0.0,0.18750035762786865,,,
1.0,0.0,0.32080233097076416,,,
0.0,0.0,0.2975558936595917,,,
0.0,0.0,0.39433714747428894,,,
1.0,1.0,0.8230191469192505,,,
1.0,1.0,0.729753851890564,,,
1.0,0.0,0.48084160685539246,,,
0.0,0.0,0.29585176706314087,,,
1.0,0.0,0.276295930147171,,,
0.0,0.0,0.4215462803840637,,,
1.0,1.0,0.6976227164268494,,,
0.0,0.0,0.3279627561569214,,,
1.0,1.0,0.6958340406417847,,,
1.0,0.0,0.38827836513519287,,,
1.0,1.0,0.5340002775192261,,,
0.0,1.0,0.5550577640533447,,,
0.0,0.0,0.48502084612846375,,,
0.0,1.0,0.6219713091850281,,,
0.0,0.0,0.3087325692176819,,,
0.0,0.0,0.24333155155181885,,,
1.0,1.0,0.7600594758987427,,,
1.0,1.0,0.5140386819839478,,,
1.0,1.0,0.5093653202056885,,,
1.0,1.0,0.5051794648170471,,,
0.0,0.0,0.40235039591789246,,,
0.0,0.0,0.32737335562705994,,,
1.0,1.0,0.7106343507766724,,,
1.0,1.0,0.6077082753181458,,,
1.0,1.0,0.6731069087982178,,,
0.0,0.0,0.27527377009391785,,,
1.0,1.0,0.7049230337142944,,,
1.0,1.0,0.527514636516571,,,
1.0,1.0,0.5766021013259888,,,
0.0,0.0,0.3429856300354004,,,
1.0,1.0,0.8712390661239624,,,
1.0,1.0,0.8123186230659485,,,
1.0,0.0,0.43532073497772217,,,
1.0,1.0,0.5891687870025635,,,
0.0,0.0,0.3194373846054077,,,
1.0,1.0,0.6919199228286743,,,
1.0,1.0,0.6308489441871643,,,
0.0,0.0,0.3987444043159485,,,
0.0,0.0,0.30411770939826965,,,
1.0,1.0,0.7386595010757446,,,
0.0,0.0,0.28489452600479126,,,
1.0,1.0,0.6043050289154053,,,
1.0,1.0,0.5847177505493164,,,
0.0,0.0,0.4263143539428711,,,
1.0,1.0,0.7733100652694702,,,
0.0,1.0,0.6327565312385559,,,
0.0,0.0,0.3504940867424011,,,
0.0,0.0,0.47377461194992065,,,
1.0,0.0,0.47988957166671753,,,
0.0,0.0,0.40525466203689575,,,
0.0,0.0,0.27474361658096313,,,
0.0,1.0,0.6240013837814331,,,
0.0,1.0,0.5897800326347351,,,
1.0,1.0,0.860274076461792,,,
0.0,1.0,0.5905390381813049,,,
0.0,0.0,0.35129398107528687,,,
0.0,0.0,0.21673740446567535,,,
1.0,1.0,0.5239065289497375,,,
1.0,1.0,0.6412559747695923,,,
1.0,0.0,0.39762428402900696,,,
1.0,1.0,0.5434828400611877,,,
1.0,1.0,0.6319368481636047,,,
1.0,0.0,0.4214026927947998,,,
0.0,1.0,0.5808824896812439,,,
1.0,1.0,0.7705756425857544,,,
1.0,1.0,0.615588903427124,,,
1.0,1.0,0.5210385322570801,,,
1.0,0.0,0.48548662662506104,,,
1.0,0.0,0.3339146673679352,,,
0.0,0.0,0.2956630289554596,,,
1.0,0.0,0.3071986734867096,,,
0.0,0.0,0.3198365569114685,,,
0.0,0.0,0.40879932045936584,,,
1.0,0.0,0.3392013609409332,,,
1.0,1.0,0.5036692023277283,,,
1.0,1.0,0.7039784789085388,,,
0.0,0.0,0.3722835183143616,,,
1.0,1.0,0.7940545082092285,,,
1.0,1.0,0.786494255065918,,,
1.0,1.0,0.7183941602706909,,,
1.0,1.0,0.6691214442253113,,,
1.0,0.0,0.4533573389053345,,,
1.0,0.0,0.4692623019218445,,,
1.0,1.0,0.5273331999778748,,,
0.0,0.0,0.37082064151763916,,,
0.0,0.0,0.2979956865310669,,,
0.0,0.0,0.3566465675830841,,,
0.0,0.0,0.40389958024024963,,,
1.0,1.0,0.5108746290206909,,,
1.0,1.0,0.6690338253974915,,,
1.0,1.0,0.5814250111579895,,,
0.0,0.0,0.33199575543403625,,,
1.0,1.0,0.7533026337623596,,,
1.0,0.0,0.49407994747161865,,,
1.0,1.0,0.8030126094818115,,,
1.0,0.0,0.4875132739543915,,,
1.0,0.0,0.3222803473472595,,,
0.0,0.0,0.49740269780158997,,,
0.0,0.0,0.4511968195438385,,,
0.0,0.0,0.49014952778816223,,,
1.0,0.0,0.38313719630241394,,,
0.0,0.0,0.40235039591789246,,,
1.0,1.0,0.6016436815261841,,,
0.0,0.0,0.3092421889305115,,,
1.0,1.0,0.861443281173706,,,
0.0,0.0,0.40697231888771057,,,
0.0,0.0,0.43582969903945923,,,
0.0,0.0,0.36155205965042114,,,
1.0,1.0,0.9360058307647705,,,
1.0,0.0,0.3625817596912384,,,
0.0,0.0,0.4433757960796356,,,
1.0,1.0,0.5163552761077881,,,
0.0,0.0,0.2983086407184601,,,
0.0,0.0,0.15377256274223328,,,
1.0,1.0,0.8208068013191223,,,
0.0,0.0,0.3456757366657257,,,
0.0,0.0,0.36871272325515747,,,
0.0,0.0,0.24909423291683197,,,
0.0,0.0,0.27839943766593933,,,
0.0,0.0,0.35702580213546753,,,
0.0,0.0,0.4322865605354309,,,
1.0,1.0,0.7082822918891907,,,
0.0,0.0,0.21431241929531097,,,
1.0,0.0,0.4816068112850189,,,
1.0,0.0,0.2551990747451782,,,
1.0,0.0,0.32730400562286377,,,
0.0,0.0,0.27562734484672546,,,
1.0,0.0,0.4479590654373169,,,
0.0,0.0,0.21166661381721497,,,
1.0,1.0,0.5068711042404175,,,
0.0,0.0,0.4241812229156494,,,
0.0,0.0,0.4136090874671936,,,
0.0,0.0,0.2850381135940552,,,
0.0,0.0,0.44270995259284973,,,
1.0,0.0,0.3229447305202484,,,
1.0,1.0,0.5204827785491943,,,
0.0,0.0,0.3530087471008301,,,
0.0,0.0,0.258533775806427,,,
1.0,1.0,0.5956234335899353,,,
0.0,0.0,0.34744858741760254,,,
1.0,0.0,0.4675121605396271,,,
0.0,1.0,0.5106780529022217,,,
1.0,1.0,0.7215592265129089,,,
0.0,1.0,0.5175323486328125,,,
1.0,1.0,0.6820966601371765,,,
1.0,1.0,0.55986487865448,,,
0.0,0.0,0.49264881014823914,,,
0.0,0.0,0.4342747926712036,,,
1.0,1.0,0.527837336063385,,,
1.0,1.0,0.6135185956954956,,,
1.0,1.0,0.8317824006080627,,,
1.0,1.0,0.6541236042976379,,,
0.0,0.0,0.1659516990184784,,,
0.0,0.0,0.3396715223789215,,,
0.0,0.0,0.18472404778003693,,,
1.0,0.0,0.4946722090244293,,,
0.0,0.0,0.4406561851501465,,,
1.0,0.0,0.43365442752838135,,,
0.0,0.0,0.39820852875709534,,,
0.0,0.0,0.2533848285675049,,,
1.0,1.0,0.9063112139701843,,,
1.0,1.0,0.597806453704834,,,
1.0,0.0,0.4278161823749542,,,
0.0,0.0,0.3115594685077667,,,
1.0,1.0,0.5301750898361206,,,
1.0,1.0,0.7130095958709717,,,
0.0,0.0,0.49596986174583435,,,
0.0,0.0,0.4303448796272278,,,
0.0,0.0,0.384917289018631,,,
1.0,1.0,0.5781030058860779,,,
0.0,0.0,0.3333759903907776,,,
0.0,0.0,0.4675748944282532,,,
1.0,1.0,0.717877984046936,,,
1.0,0.0,0.43754735589027405,,,
0.0,0.0,0.4080759286880493,,,
1.0,1.0,0.6514163613319397,,,
0.0,0.0,0.36586472392082214,,,
0.0,0.0,0.2588023245334625,,,
1.0,1.0,0.816993236541748,,,
0.0,0.0,0.404805988073349,,,
0.0,0.0,0.30419212579727173,,,
0.0,0.0,0.26132676005363464,,,
0.0,0.0,0.26410579681396484,,,
1.0,1.0,0.6514283418655396,,,
0.0,0.0,0.3789481222629547,,,
0.0,0.0,0.34652814269065857,,,
0.0,0.0,0.39433833956718445,,,
0.0,0.0,0.3351726830005646,,,
1.0,0.0,0.40395575761795044,,,
1.0,0.0,0.33853426575660706,,,
0.0,0.0,0.3449857831001282,,,
0.0,1.0,0.7362198233604431,,,
0.0,0.0,0.4683252274990082,,,
1.0,1.0,0.7487825155258179,,,
1.0,0.0,0.43795520067214966,,,
0.0,0.0,0.46513068675994873,,,
1.0,1.0,0.5181611180305481,,,
0.0,0.0,0.38912689685821533,,,
1.0,1.0,0.6913960576057434,,,
1.0,1.0,0.591036319732666,,,
1.0,0.0,0.37004226446151733,,,
0.0,0.0,0.4025241434574127,,,
0.0,1.0,0.5231565833091736,,,
0.0,0.0,0.37473031878471375,,,
1.0,1.0,0.7130963802337646,,,
1.0,1.0,0.5115155577659607,,,
0.0,0.0,0.35766884684562683,,,
0.0,0.0,0.2665087580680847,,,
0.0,0.0,0.1908230185508728,,,
1.0,1.0,0.6612301468849182,,,
0.0,0.0,0.36709633469581604,,,
1.0,1.0,0.7127735614776611,,,
1.0,0.0,0.37327057123184204,,,
1.0,1.0,0.7296562194824219,,,
1.0,0.0,0.4902603328227997,,,
0.0,0.0,0.3306035101413727,,,
1.0,1.0,0.6878281831741333,,,
1.0,1.0,0.8559300303459167,,,
0.0,0.0,0.30604562163352966,,,
0.0,0.0,0.31747207045555115,,,
1.0,1.0,0.597430944442749,,,
0.0,0.0,0.3701467514038086,,,
0.0,1.0,0.5552067160606384,,,
1.0,0.0,0.4532051384449005,,,
0.0,0.0,0.2556712031364441,,,
0.0,0.0,0.3124699592590332,,,
1.0,1.0,0.5673418641090393,,,
1.0,0.0,0.4961188733577728,,,
1.0,1.0,0.566153883934021,,,
1.0,0.0,0.3480387330055237,,,
1.0,0.0,0.39953118562698364,,,
0.0,0.0,0.3698204755783081,,,
0.0,0.0,0.4317890703678131,,,
0.0,0.0,0.4813162088394165,,,
1.0,1.0,0.7327435612678528,,,
0.0,0.0,0.32143914699554443,,,
1.0,1.0,0.8027331233024597,,,
1.0,0.0,0.49272316694259644,,,
0.0,0.0,0.4149763882160187,,,
1.0,1.0,0.7231542468070984,,,
1.0,1.0,0.7521558403968811,,,
0.0,1.0,0.6843465566635132,,,
0.0,0.0,0.4154313802719116,,,
1.0,1.0,0.6799674034118652,,,
0.0,0.0,0.48818522691726685,,,
0.0,0.0,0.31406426429748535,,,
1.0,1.0,0.8458510041236877,,,
1.0,1.0,0.9059844613075256,,,
1.0,1.0,0.8893320560455322,,,
1.0,1.0,0.7710861563682556,,,
0.0,0.0,0.15377256274223328,,,
1.0,0.0,0.45350319147109985,,,
1.0,1.0,0.5886406898498535,,,
1.0,1.0,0.541060209274292,,,
1.0,0.0,0.40735509991645813,,,
0.0,0.0,0.39308351278305054,,,
0.0,0.0,0.4697836935520172,,,
0.0,1.0,0.57014000415802,,,
1.0,0.0,0.4547484517097473,,,
0.0,0.0,0.3477112054824829,,,
0.0,0.0,0.34878838062286377,,,
0.0,0.0,0.28494173288345337,,,
1.0,1.0,0.6914464235305786,,,
1.0,1.0,0.716701090335846,,,
1.0,1.0,0.5701649785041809,,,
1.0,1.0,0.5152803063392639,,,
0.0,0.0,0.2270289808511734,,,
1.0,0.0,0.31345033645629883,,,
0.0,0.0,0.3636932671070099,,,
1.0,0.0,0.3727169632911682,,,
1.0,1.0,0.7699118852615356,,,
1.0,1.0,0.8036460876464844,,,
1.0,1.0,0.6595854759216309,,,
1.0,1.0,0.5107797384262085,,,
0.0,1.0,0.6570838689804077,,,
0.0,0.0,0.4379972219467163,,,
0.0,0.0,0.3124629855155945,,,
1.0,0.0,0.4108656644821167,,,
1.0,1.0,0.8123186230659485,,,
1.0,0.0,0.41527417302131653,,,
1.0,1.0,0.9064277410507202,,,
1.0,1.0,0.5356104969978333,,,
1.0,1.0,0.7098249793052673,,,
0.0,0.0,0.277320921421051,,,
0.0,0.0,0.3445636034011841,,,
0.0,0.0,0.38450053334236145,,,
0.0,0.0,0.26732078194618225,,,
0.0,0.0,0.37028107047080994,,,
1.0,1.0,0.5185195803642273,,,
1.0,1.0,0.6544309258460999,,,
0.0,0.0,0.2984035015106201,,,
1.0,0.0,0.44756439328193665,,,
1.0,1.0,0.7733993530273438,,,
0.0,0.0,0.35769668221473694,,,
1.0,0.0,0.4369427263736725,,,
1.0,1.0,0.5020495653152466,,,
0.0,0.0,0.33360233902931213,,,
0.0,0.0,0.4117881953716278,,,
0.0,0.0,0.4138447642326355,,,
0.0,0.0,0.32730796933174133,,,
1.0,1.0,0.7193074226379395,,,
0.0,0.0,0.19772137701511383,,,
1.0,0.0,0.2896668314933777,,,
0.0,0.0,0.3859999179840088,,,
1.0,1.0,0.7821648120880127,,,
1.0,0.0,0.2799958288669586,,,
1.0,1.0,0.5019471049308777,,,
1.0,1.0,0.672113299369812,,,
1.0,1.0,0.5920159816741943,,,
0.0,0.0,0.3580140769481659,,,
1.0,0.0,0.37500566244125366,,,
1.0,1.0,0.6561723351478577,,,
1.0,1.0,0.7079042792320251,,,
0.0,0.0,0.378848671913147,,,
0.0,1.0,0.5051876902580261,,,
1.0,1.0,0.6462433338165283,,,
0.0,0.0,0.34545397758483887,,,
1.0,1.0,0.5226987600326538,,,
0.0,0.0,0.3870520293712616,,,
1.0,1.0,0.8460903167724609,,,
1.0,1.0,0.5775415301322937,,,
0.0,0.0,0.32943010330200195,,,
1.0,1.0,0.5684162974357605,,,
0.0,0.0,0.3370441794395447,,,
1.0,1.0,0.5447512269020081,,,
1.0,1.0,0.8720291256904602,,,
1.0,1.0,0.5823784470558167,,,
1.0,1.0,0.7829494476318359,,,
0.0,0.0,0.236704483628273,,,
1.0,1.0,0.7083545923233032,,,
0.0,0.0,0.16512706875801086,,,
0.0,0.0,0.3711252510547638,,,
0.0,0.0,0.3432103097438812,,,
0.0,0.0,0.2091423124074936,,,
1.0,1.0,0.5418668389320374,,,
1.0,1.0,0.799239993095398,,,
1.0,1.0,0.7491289973258972,,,
0.0,0.0,0.37912166118621826,,,
0.0,0.0,0.2808215320110321,,,
1.0,0.0,0.35870715975761414,,,
0.0,0.0,0.3850288391113281,,,
0.0,0.0,0.2388359159231186,,,
1.0,0.0,0.3615715801715851,,,
0.0,0.0,0.36155205965042114,,,
0.0,0.0,0.3089570999145508,,,
1.0,0.0,0.4860803186893463,,,
0.0,0.0,0.3538168668746948,,,
1.0,1.0,0.8797175288200378,,,
0.0,0.0,0.37070366740226746,,,
0.0,0.0,0.459041953086853,,,
0.0,0.0,0.3714362382888794,,,
0.0,0.0,0.28205978870391846,,,
1.0,1.0,0.875347375869751,,,
1.0,1.0,0.8221926689147949,,,
0.0,0.0,0.27186623215675354,,,
0.0,0.0,0.43524178862571716,,,
1.0,1.0,0.6840411424636841,,,
1.0,0.0,0.47036415338516235,,,
1.0,1.0,0.6294030547142029,,,
0.0,1.0,0.6169535517692566,,,
1.0,0.0,0.4213731288909912,,,
0.0,0.0,0.2984463572502136,,,
1.0,1.0,0.5877580642700195,,,
0.0,0.0,0.3957965672016144,,,
1.0,1.0,0.8714847564697266,,,
1.0,1.0,0.6060023307800293,,,
1.0,0.0,0.4926058053970337,,,
1.0,1.0,0.892362654209137,,,
1.0,0.0,0.40583840012550354,,,
0.0,1.0,0.5357754826545715,,,
0.0,0.0,0.3464735448360443,,,
1.0,1.0,0.5037966966629028,,,
1.0,1.0,0.6722952723503113,,,
0.0,0.0,0.33047056198120117,,,
1.0,0.0,0.3497867286205292,,,
1.0,1.0,0.8214676976203918,,,
0.0,0.0,0.32165274024009705,,,
0.0,0.0,0.3412129878997803,,,
1.0,0.0,0.48818522691726685,,,
0.0,0.0,0.3329296112060547,,,
0.0,0.0,0.28091779351234436,,,
1.0,1.0,0.6712678670883179,,,
1.0,1.0,0.9158785939216614,,,
1.0,0.0,0.397184818983078,,,
0.0,0.0,0.30800411105155945,,,
1.0,1.0,0.7536548376083374,,,
1.0,1.0,0.5819547176361084,,,
1.0,1.0,0.6842061281204224,,,
0.0,0.0,0.43520388007164,,,
1.0,0.0,0.46696117520332336,,,
0.0,0.0,0.40794241428375244,,,
1.0,1.0,0.8681014180183411,,,
0.0,0.0,0.2287333756685257,,,
1.0,1.0,0.7934642434120178,,,
0.0,0.0,0.4595870077610016,,,
1.0,0.0,0.30787479877471924,,,
0.0,0.0,0.2887851595878601,,,
0.0,0.0,0.3938918709754944,,,
1.0,0.0,0.419590026140213,,,
0.0,1.0,0.6632624268531799,,,
1.0,1.0,0.6946169137954712,,,
1.0,0.0,0.3616192638874054,,,
1.0,1.0,0.5728591680526733,,,
1.0,0.0,0.37174898386001587,,,
0.0,0.0,0.3651832342147827,,,
1.0,1.0,0.8209913372993469,,,
0.0,0.0,0.34063562750816345,,,
1.0,1.0,0.7637531161308289,,,
0.0,1.0,0.5105413794517517,,,
0.0,0.0,0.44345760345458984,,,
1.0,0.0,0.4447515308856964,,,
1.0,1.0,0.8596141338348389,,,
0.0,0.0,0.34957703948020935,,,
1.0,1.0,0.5589053630828857,,,
1.0,0.0,0.2523652911186218,,,
0.0,0.0,0.4107184112071991,,,
0.0,0.0,0.41522809863090515,,,
1.0,0.0,0.3685772120952606,,,
1.0,1.0,0.5697198510169983,,,
0.0,0.0,0.37454378604888916,,,
1.0,0.0,0.3118155300617218,,,
1.0,0.0,0.4665948450565338,,,
0.0,0.0,0.3528544008731842,,,
1.0,1.0,0.590269148349762,,,
1.0,1.0,0.8531416058540344,,,
0.0,0.0,0.1468857228755951,,,
1.0,1.0,0.711376428604126,,,
1.0,0.0,0.3949808180332184,,,
1.0,0.0,0.49833935499191284,,,
0.0,0.0,0.3231370747089386,,,
1.0,1.0,0.7843310236930847,,,
1.0,1.0,0.839439868927002,,,
1.0,1.0,0.6034756302833557,,,
0.0,0.0,0.13839679956436157,,,
0.0,0.0,0.35912325978279114,,,
1.0,0.0,0.3337487578392029,,,
0.0,0.0,0.48204606771469116,,,
0.0,0.0,0.34643304347991943,,,
0.0,0.0,0.3913418650627136,,,
1.0,1.0,0.5282304883003235,,,
0.0,1.0,0.5022280812263489,,,
0.0,0.0,0.37548214197158813,,,
0.0,0.0,0.46320703625679016,,,
1.0,1.0,0.7835491299629211,,,
1.0,1.0,0.5732921361923218,,,
1.0,0.0,0.2904980182647705,,,
1.0,1.0,0.7343936562538147,,,
0.0,0.0,0.2497711479663849,,,
0.0,0.0,0.3496272563934326,,,
0.0,0.0,0.26481878757476807,,,
0.0,1.0,0.5394962430000305,,,
0.0,0.0,0.30718517303466797,,,
0.0,0.0,0.2958030104637146,,,
0.0,1.0,0.5080493092536926,,,
1.0,1.0,0.8925507664680481,,,
0.0,0.0,0.3679457902908325,,,
1.0,1.0,0.877423107624054,,,
1.0,1.0,0.6687036156654358,,,
1.0,0.0,0.40122339129447937,,,
0.0,1.0,0.5491480827331543,,,
0.0,0.0,0.29507866501808167,,,
1.0,1.0,0.812957227230072,,,
0.0,0.0,0.48317423462867737,,,
1.0,1.0,0.8771232962608337,,,
0.0,0.0,0.2285415381193161,,,
1.0,1.0,0.75525963306427,,,
1.0,0.0,0.4666891098022461,,,
0.0,0.0,0.3286341726779938,,,
1.0,0.0,0.4856358766555786,,,
1.0,0.0,0.4867321252822876,,,
0.0,1.0,0.6497573256492615,,,
0.0,0.0,0.3281101882457733,,,
0.0,0.0,0.2920834422111511,,,
1.0,0.0,0.37836283445358276,,,
0.0,0.0,0.2922055125236511,,,
0.0,0.0,0.3347482681274414,,,
0.0,0.0,0.3745233416557312,,,
0.0,0.0,0.46836769580841064,,,
0.0,0.0,0.291573166847229,,,
1.0,1.0,0.7177460789680481,,,
1.0,0.0,0.4924590289592743,,,
0.0,0.0,0.3921493887901306,,,
0.0,0.0,0.2873736321926117,,,
1.0,0.0,0.4351176619529724,,,
0.0,0.0,0.36249905824661255,,,
0.0,0.0,0.40414297580718994,,,
0.0,0.0,0.3228608965873718,,,
0.0,0.0,0.16512706875801086,,,
1.0,1.0,0.7381501197814941,,,
1.0,0.0,0.3615095615386963,,,
0.0,0.0,0.34863799810409546,,,
0.0,0.0,0.3745637536048889,,,
1.0,1.0,0.833031415939331,,,
1.0,0.0,0.4372612237930298,,,
0.0,0.0,0.39217686653137207,,,
0.0,1.0,0.5269985795021057,,,
1.0,0.0,0.48279234766960144,,,
0.0,0.0,0.425456702709198,,,
0.0,0.0,0.3108050227165222,,,
0.0,0.0,0.43241235613822937,,,
1.0,1.0,0.7314676642417908,,,
1.0,1.0,0.5999240875244141,,,
1.0,0.0,0.4716881513595581,,,
1.0,0.0,0.4914284646511078,,,
1.0,0.0,0.40702319145202637,,,
1.0,0.0,0.4600988030433655,,,
0.0,0.0,0.3208860754966736,,,
0.0,0.0,0.3672264516353607,,,
0.0,0.0,0.41486063599586487,,,
1.0,1.0,0.6565861105918884,,,
0.0,0.0,0.3924252986907959,,,
0.0,0.0,0.29432424902915955,,,
0.0,0.0,0.28699105978012085,,,
0.0,0.0,0.3967883884906769,,,
1.0,0.0,0.4915231764316559,,,
1.0,1.0,0.8275612592697144,,,
0.0,0.0,0.18928760290145874,,,
1.0,1.0,0.7916970252990723,,,
0.0,0.0,0.3720353841781616,,,
0.0,0.0,0.4089381992816925,,,
1.0,1.0,0.8130916357040405,,,
1.0,0.0,0.2628445327281952,,,
0.0,0.0,0.3480387330055237,,,
1.0,0.0,0.37648653984069824,,,
0.0,1.0,0.52937251329422,,,
0.0,0.0,0.3074398338794708,,,
1.0,1.0,0.535427451133728,,,
0.0,0.0,0.44357433915138245,,,
0.0,0.0,0.2354804277420044,,,
0.0,0.0,0.27207618951797485,,,
1.0,1.0,0.584688127040863,,,
0.0,0.0,0.41762301325798035,,,
0.0,1.0,0.5936300158500671,,,
0.0,0.0,0.36649999022483826,,,
0.0,0.0,0.3439338207244873,,,
1.0,1.0,0.7149810791015625,,,
0.0,0.0,0.32978567481040955,,,
0.0,0.0,0.285847008228302,,,
0.0,0.0,0.3761548101902008,,,
1.0,1.0,0.7382311820983887,,,
0.0,0.0,0.33132123947143555,,,
0.0,0.0,0.3363116681575775,,,
0.0,0.0,0.4813823997974396,,,
1.0,1.0,0.7290365695953369,,,
0.0,0.0,0.3908631503582001,,,
1.0,1.0,0.7390496730804443,,,
1.0,0.0,0.4679817259311676,,,
0.0,0.0,0.46824905276298523,,,
0.0,0.0,0.3501626253128052,,,
0.0,0.0,0.37185072898864746,,,
0.0,0.0,0.3049919009208679,,,
1.0,1.0,0.6690521240234375,,,
0.0,0.0,0.26376646757125854,,,
0.0,0.0,0.4523466229438782,,,
0.0,1.0,0.59535813331604,,,
1.0,0.0,0.4342271685600281,,,
1.0,1.0,0.7659331560134888,,,
0.0,1.0,0.707098662853241,,,
1.0,1.0,0.5260394215583801,,,
1.0,0.0,0.4381530284881592,,,
1.0,1.0,0.6005628705024719,,,
0.0,1.0,0.5907283425331116,,,
0.0,0.0,0.47140973806381226,,,
0.0,1.0,0.5105634331703186,,,
0.0,0.0,0.3998599052429199,,,
0.0,0.0,0.3041727542877197,,,
1.0,1.0,0.7366292476654053,,,
0.0,0.0,0.37793880701065063,,,
0.0,0.0,0.447884202003479,,,
0.0,0.0,0.33227288722991943,,,
1.0,1.0,0.7267902493476868,,,
1.0,1.0,0.8311189413070679,,,
1.0,1.0,0.7254202961921692,,,
1.0,1.0,0.60575932264328,,,
1.0,0.0,0.2641841471195221,,,
0.0,1.0,0.7473512291908264,,,
1.0,1.0,0.5661334991455078,,,
1.0,1.0,0.6349185109138489,,,
0.0,1.0,0.6254584193229675,,,
0.0,0.0,0.3384101390838623,,,
0.0,0.0,0.3808595836162567,,,
0.0,0.0,0.3894241154193878,,,
0.0,0.0,0.28614938259124756,,,
0.0,0.0,0.4188612401485443,,,
0.0,0.0,0.30512121319770813,,,
0.0,0.0,0.3664061427116394,,,
1.0,1.0,0.7816639542579651,,,
0.0,0.0,0.41596952080726624,,,
1.0,1.0,0.6175212860107422,,,
1.0,0.0,0.46104180812835693,,,
0.0,0.0,0.4098498225212097,,,
0.0,0.0,0.37647518515586853,,,
1.0,1.0,0.6004878282546997,,,
0.0,0.0,0.4219389259815216,,,
0.0,0.0,0.3540360927581787,,,
0.0,0.0,0.25716620683670044,,,
0.0,0.0,0.2901920676231384,,,
0.0,0.0,0.45165595412254333,,,
0.0,0.0,0.3908692002296448,,,
1.0,1.0,0.7471058964729309,,,
0.0,0.0,0.49036911129951477,,,
1.0,0.0,0.4584210216999054,,,
1.0,0.0,0.47124141454696655,,,
0.0,0.0,0.2414717823266983,,,
0.0,0.0,0.15096211433410645,,,
0.0,1.0,0.5609819293022156,,,
1.0,0.0,0.40525466203689575,,,
0.0,0.0,0.22630761563777924,,,
1.0,1.0,0.8330393433570862,,,
1.0,1.0,0.6690436601638794,,,
1.0,0.0,0.44580167531967163,,,
1.0,0.0,0.48127180337905884,,,
0.0,1.0,0.5915012359619141,,,
0.0,0.0,0.2416599988937378,,,
1.0,1.0,0.6227983832359314,,,
1.0,1.0,0.848653256893158,,,
0.0,0.0,0.29190877079963684,,,
1.0,1.0,0.5705877542495728,,,
1.0,0.0,0.3969651162624359,,,
1.0,1.0,0.6283789873123169,,,
0.0,0.0,0.32450854778289795,,,
0.0,0.0,0.3773275911808014,,,
0.0,0.0,0.34138238430023193,,,
1.0,1.0,0.7468942403793335,,,
0.0,0.0,0.22612489759922028,,,
0.0,0.0,0.37230250239372253,,,
1.0,1.0,0.7042847871780396,,,
1.0,0.0,0.44510552287101746,,,
0.0,0.0,0.328121155500412,,,
1.0,1.0,0.8822799921035767,,,
1.0,1.0,0.771518349647522,,,
1.0,1.0,0.7324804663658142,,,
0.0,0.0,0.3589611053466797,,,
0.0,0.0,0.3796576261520386,,,
0.0,0.0,0.35428833961486816,,,
0.0,0.0,0.2386995255947113,,,
0.0,0.0,0.16186554729938507,,,
1.0,0.0,0.4378959536552429,,,
1.0,1.0,0.7797017693519592,,,
0.0,1.0,0.5990569591522217,,,
0.0,0.0,0.20075969398021698,,,
0.0,0.0,0.26353156566619873,,,
1.0,1.0,0.8576427698135376,,,
0.0,0.0,0.2414717823266983,,,
1.0,0.0,0.46428579092025757,,,
1.0,1.0,0.630286693572998,,,
1.0,0.0,0.37808236479759216,,,
0.0,1.0,0.6428346633911133,,,
0.0,0.0,0.3154839873313904,,,
0.0,0.0,0.24276885390281677,,,
1.0,1.0,0.7304992079734802,,,
1.0,0.0,0.40689048171043396,,,
1.0,1.0,0.8960794806480408,,,
1.0,1.0,0.5054884552955627,,,
0.0,1.0,0.6284489035606384,,,
0.0,0.0,0.39217686653137207,,,
0.0,0.0,0.2784094214439392,,,
0.0,0.0,0.3734857141971588,,,
0.0,0.0,0.38816961646080017,,,
1.0,0.0,0.41330376267433167,,,
1.0,1.0,0.7734756469726562,,,
0.0,1.0,0.5384242534637451,,,
0.0,0.0,0.1836417019367218,,,
1.0,1.0,0.8198155760765076,,,
1.0,1.0,0.7081400752067566,,,
1.0,1.0,0.6643230319023132,,,
0.0,1.0,0.671031653881073,,,
0.0,0.0,0.4212474226951599,,,
0.0,1.0,0.5148401260375977,,,
1.0,1.0,0.7240911722183228,,,
0.0,0.0,0.4339991807937622,,,
0.0,0.0,0.37420377135276794,,,
0.0,0.0,0.40967872738838196,,,
1.0,1.0,0.891048789024353,,,
1.0,1.0,0.9124594330787659,,,
1.0,1.0,0.6690704822540283,,,
0.0,0.0,0.4704526960849762,,,
1.0,1.0,0.5024168491363525,,,
0.0,0.0,0.4469504952430725,,,
0.0,0.0,0.3028477728366852,,,
1.0,0.0,0.4580487310886383,,,
1.0,1.0,0.6872292160987854,,,
1.0,0.0,0.3380838930606842,,,
0.0,0.0,0.40396353602409363,,,
1.0,1.0,0.7733100652694702,,,
0.0,0.0,0.29809853434562683,,,
1.0,1.0,0.5703349709510803,,,
0.0,0.0,0.2412557750940323,,,
0.0,0.0,0.36741453409194946,,,
0.0,0.0,0.38201218843460083,,,
0.0,0.0,0.2749055325984955,,,
0.0,0.0,0.3871251940727234,,,
1.0,0.0,0.42130160331726074,,,
1.0,0.0,0.44745123386383057,,,
1.0,1.0,0.7025573253631592,,,
0.0,0.0,0.38523465394973755,,,
0.0,0.0,0.4506547451019287,,,
0.0,0.0,0.490660697221756,,,
1.0,0.0,0.23334097862243652,,,
0.0,0.0,0.30350056290626526,,,
1.0,1.0,0.8046713471412659,,,
1.0,0.0,0.33743247389793396,,,
0.0,1.0,0.5470379590988159,,,
0.0,0.0,0.17769914865493774,,,
0.0,0.0,0.37342458963394165,,,
0.0,0.0,0.45199695229530334,,,
1.0,1.0,0.5497636198997498,,,
0.0,0.0,0.420865923166275,,,
0.0,0.0,0.3213706612586975,,,
0.0,0.0,0.31109166145324707,,,
0.0,0.0,0.371211975812912,,,
0.0,1.0,0.729908287525177,,,
1.0,0.0,0.31437379121780396,,,
0.0,0.0,0.2530287504196167,,,
1.0,1.0,0.5773552656173706,,,
0.0,0.0,0.4263174831867218,,,
0.0,0.0,0.40421923995018005,,,
1.0,1.0,0.6555332541465759,,,
1.0,1.0,0.8383349180221558,,,
0.0,0.0,0.3808833062648773,,,
0.0,0.0,0.41825684905052185,,,
0.0,0.0,0.3430943191051483,,,
0.0,0.0,0.2956630289554596,,,
0.0,0.0,0.42605695128440857,,,
1.0,1.0,0.6162578463554382,,,
1.0,1.0,0.6816132664680481,,,
0.0,0.0,0.2927067279815674,,,
1.0,1.0,0.7134249806404114,,,
0.0,0.0,0.2809644341468811,,,
0.0,0.0,0.30642375349998474,,,
0.0,0.0,0.40878531336784363,,,
1.0,0.0,0.2951402962207794,,,
0.0,0.0,0.39888450503349304,,,
0.0,1.0,0.5236072540283203,,,
1.0,1.0,0.576776921749115,,,
1.0,0.0,0.4746398329734802,,,
1.0,1.0,0.9097715616226196,,,
0.0,0.0,0.475845068693161,,,
0.0,0.0,0.3151232600212097,,,
0.0,0.0,0.47743460536003113,,,
0.0,0.0,0.44179514050483704,,,
0.0,0.0,0.2606590986251831,,,
0.0,0.0,0.33250105381011963,,,
1.0,1.0,0.7962906360626221,,,
0.0,0.0,0.3989203870296478,,,
1.0,1.0,0.6561723351478577,,,
1.0,0.0,0.4575681686401367,,,
1.0,0.0,0.3925837576389313,,,
1.0,1.0,0.5722194910049438,,,
0.0,0.0,0.27178090810775757,,,
0.0,0.0,0.3777979612350464,,,
0.0,0.0,0.3101799488067627,,,
0.0,0.0,0.21601535379886627,,,
0.0,0.0,0.3222277760505676,,,
1.0,1.0,0.6798753142356873,,,
1.0,0.0,0.44581809639930725,,,
1.0,0.0,0.39164191484451294,,,
0.0,0.0,0.18078403174877167,,,
0.0,0.0,0.44642195105552673,,,
1.0,1.0,0.8019145727157593,,,
1.0,1.0,0.5877746939659119,,,
1.0,1.0,0.8206077218055725,,,
0.0,1.0,0.5284473299980164,,,
1.0,1.0,0.7954677939414978,,,
0.0,1.0,0.6481865048408508,,,
1.0,1.0,0.5771769881248474,,,
0.0,0.0,0.19952736794948578,,,
1.0,1.0,0.7216356992721558,,,
0.0,0.0,0.346364289522171,,,
1.0,0.0,0.3647793233394623,,,
0.0,0.0,0.24791164696216583,,,
1.0,1.0,0.5559280514717102,,,
1.0,0.0,0.4368093013763428,,,
0.0,0.0,0.34719765186309814,,,
1.0,1.0,0.5200960040092468,,,
0.0,0.0,0.44422245025634766,,,
1.0,1.0,0.6769339442253113,,,
0.0,0.0,0.389734148979187,,,
0.0,0.0,0.29692772030830383,,,
1.0,1.0,0.5749387145042419,,,
1.0,0.0,0.3655131161212921,,,
1.0,1.0,0.6904075145721436,,,
0.0,0.0,0.19207392632961273,,,
1.0,0.0,0.4256405234336853,,,
0.0,0.0,0.19952736794948578,,,
0.0,0.0,0.4526541233062744,,,
0.0,0.0,0.32943010330200195,,,
1.0,1.0,0.7062799334526062,,,
0.0,0.0,0.16058258712291718,,,
1.0,1.0,0.5131938457489014,,,
0.0,0.0,0.46242573857307434,,,
0.0,0.0,0.16512706875801086,,,
1.0,1.0,0.7400518655776978,,,
0.0,0.0,0.26732078194618225,,,
0.0,0.0,0.44098997116088867,,,
1.0,1.0,0.5598311424255371,,,
0.0,0.0,0.44679564237594604,,,
1.0,1.0,0.8395434617996216,,,
0.0,0.0,0.3255259096622467,,,
1.0,1.0,0.601248562335968,,,
0.0,1.0,0.5003229379653931,,,
0.0,0.0,0.37944990396499634,,,
1.0,1.0,0.5475782752037048,,,
0.0,1.0,0.5027021765708923,,,
0.0,0.0,0.3184650242328644,,,
0.0,0.0,0.41510874032974243,,,
1.0,0.0,0.43324244022369385,,,
1.0,1.0,0.9234676361083984,,,
1.0,0.0,0.2388359159231186,,,
0.0,0.0,0.4077311158180237,,,
1.0,1.0,0.8491520285606384,,,
0.0,0.0,0.2542406916618347,,,
0.0,0.0,0.46920087933540344,,,
0.0,1.0,0.6561723351478577,,,
0.0,0.0,0.3958962559700012,,,
0.0,0.0,0.35328909754753113,,,
1.0,0.0,0.49802833795547485,,,
1.0,1.0,0.7067416906356812,,,
0.0,0.0,0.41430845856666565,,,
0.0,0.0,0.3007532060146332,,,
0.0,0.0,0.4206252992153168,,,
1.0,1.0,0.8390811681747437,,,
1.0,1.0,0.6638118028640747,,,
0.0,1.0,0.5176475048065186,,,
1.0,1.0,0.7065995335578918,,,
1.0,1.0,0.8520776033401489,,,
0.0,0.0,0.296146035194397,,,
0.0,0.0,0.49841615557670593,,,
1.0,0.0,0.43196284770965576,,,
0.0,0.0,0.4587525725364685,,,
0.0,0.0,0.2966879606246948,,,
1.0,1.0,0.5092213749885559,,,
1.0,0.0,0.4001305401325226,,,
1.0,1.0,0.6915379166603088,,,
1.0,0.0,0.4436715841293335,,,
1.0,0.0,0.44374656677246094,,,
1.0,1.0,0.5724666714668274,,,
1.0,0.0,0.4447248876094818,,,
1.0,0.0,0.3580615222454071,,,
0.0,0.0,0.3428192138671875,,,
1.0,1.0,0.7038282155990601,,,
0.0,0.0,0.3166469931602478,,,
1.0,0.0,0.37461230158805847,,,
0.0,0.0,0.3293635845184326,,,
0.0,0.0,0.27647870779037476,,,
0.0,1.0,0.6734817624092102,,,
1.0,0.0,0.38057035207748413,,,
1.0,1.0,0.7267103791236877,,,
0.0,0.0,0.49372634291648865,,,
0.0,1.0,0.5089506506919861,,,
1.0,0.0,0.41730797290802,,,
0.0,0.0,0.3439100980758667,,,
1.0,0.0,0.49095210433006287,,,
0.0,0.0,0.3955664336681366,,,
0.0,0.0,0.33019858598709106,,,
0.0,1.0,0.5133219957351685,,,
0.0,0.0,0.1429113894701004,,,
0.0,0.0,0.4142425060272217,,,
0.0,0.0,0.3136456310749054,,,
1.0,1.0,0.5698580741882324,,,
1.0,1.0,0.7732328772544861,,,
0.0,0.0,0.17295533418655396,,,
1.0,0.0,0.3785904049873352,,,
1.0,0.0,0.4370613694190979,,,
0.0,0.0,0.35624033212661743,,,
0.0,0.0,0.46569716930389404,,,
1.0,0.0,0.40705883502960205,,,
1.0,0.0,0.43774089217185974,,,
0.0,0.0,0.28309065103530884,,,
1.0,0.0,0.3999082148075104,,,
0.0,0.0,0.43726441264152527,,,
1.0,0.0,0.390848845243454,,,
0.0,0.0,0.41766077280044556,,,
1.0,0.0,0.33165183663368225,,,
1.0,0.0,0.48676103353500366,,,
0.0,0.0,0.47687217593193054,,,
0.0,0.0,0.4563027620315552,,,
1.0,1.0,0.8232354521751404,,,
1.0,1.0,0.7657861709594727,,,
0.0,0.0,0.20947147905826569,,,
1.0,1.0,0.8725327253341675,,,
1.0,1.0,0.707076907157898,,,
1.0,1.0,0.7183941602706909,,,
1.0,1.0,0.62664794921875,,,
1.0,1.0,0.6309536695480347,,,
0.0,0.0,0.35490331053733826,,,
0.0,0.0,0.4027293026447296,,,
1.0,0.0,0.38126349449157715,,,
0.0,0.0,0.17367282509803772,,,
0.0,0.0,0.48742106556892395,,,
1.0,1.0,0.8397388458251953,,,
0.0,0.0,0.2206389456987381,,,
1.0,1.0,0.5550042390823364,,,
0.0,0.0,0.21590666472911835,,,
0.0,0.0,0.4665374159812927,,,
0.0,0.0,0.2794071137905121,,,
1.0,1.0,0.6118479371070862,,,
0.0,0.0,0.1959916651248932,,,
1.0,1.0,0.6243165135383606,,,
1.0,0.0,0.49780160188674927,,,
0.0,0.0,0.4028491973876953,,,
1.0,1.0,0.6371373534202576,,,
1.0,1.0,0.6070377826690674,,,
0.0,0.0,0.37507960200309753,,,
1.0,1.0,0.5275754332542419,,,
1.0,0.0,0.4859851896762848,,,
0.0,0.0,0.3186436891555786,,,
1.0,1.0,0.6741247773170471,,,
0.0,0.0,0.40814876556396484,,,
1.0,1.0,0.7267760634422302,,,
0.0,0.0,0.3111966550350189,,,
0.0,0.0,0.42217308282852173,,,
1.0,1.0,0.7370560765266418,,,
1.0,1.0,0.8518972396850586,,,
1.0,1.0,0.9014201760292053,,,
1.0,1.0,0.5004520416259766,,,
1.0,1.0,0.5263214111328125,,,
1.0,0.0,0.38286545872688293,,,
0.0,0.0,0.29956865310668945,,,
0.0,0.0,0.3589611053466797,,,
0.0,0.0,0.4348849356174469,,,
0.0,0.0,0.2287333756685257,,,
0.0,0.0,0.3376157581806183,,,
1.0,1.0,0.6379068493843079,,,
0.0,0.0,0.28301700949668884,,,
0.0,0.0,0.2551990747451782,,,
0.0,0.0,0.40906286239624023,,,
1.0,1.0,0.6386352181434631,,,
1.0,1.0,0.7365174889564514,,,
1.0,1.0,0.7683110237121582,,,
1.0,1.0,0.6964549422264099,,,
0.0,0.0,0.3482734262943268,,,
1.0,0.0,0.45953139662742615,,,
0.0,0.0,0.3298083245754242,,,
0.0,0.0,0.4684327244758606,,,
1.0,1.0,0.6754549145698547,,,
0.0,0.0,0.39213842153549194,,,
1.0,1.0,0.5148528814315796,,,
1.0,1.0,0.5049569010734558,,,
0.0,0.0,0.29900309443473816,,,
1.0,1.0,0.5634385347366333,,,
1.0,1.0,0.5947673320770264,,,
1.0,0.0,0.4183567762374878,,,
1.0,1.0,0.8559300303459167,,,
0.0,0.0,0.2887977659702301,,,
0.0,0.0,0.20031115412712097,,,
0.0,0.0,0.22036750614643097,,,
0.0,0.0,0.4945284426212311,,,
0.0,0.0,0.32956328988075256,,,
1.0,1.0,0.7544643878936768,,,
0.0,0.0,0.34048521518707275,,,
1.0,1.0,0.7342920303344727,,,
1.0,1.0,0.6174406409263611,,,
1.0,1.0,0.7174679040908813,,,
1.0,1.0,0.7057455778121948,,,
0.0,0.0,0.220545694231987,,,
1.0,0.0,0.3550703823566437,,,
0.0,0.0,0.2706628143787384,,,
0.0,0.0,0.3766569495201111,,,
0.0,0.0,0.38952577114105225,,,
0.0,0.0,0.4493919014930725,,,
0.0,0.0,0.32243606448173523,,,
1.0,0.0,0.3277660012245178,,,
1.0,1.0,0.72547447681427,,,
0.0,0.0,0.24276885390281677,,,
1.0,1.0,0.8947842717170715,,,
0.0,0.0,0.3074398338794708,,,
1.0,0.0,0.3697758913040161,,,
1.0,1.0,0.605202853679657,,,
0.0,0.0,0.4731343686580658,,,
0.0,0.0,0.31129005551338196,,,
1.0,1.0,0.6416758894920349,,,
1.0,1.0,0.6379068493843079,,,
0.0,1.0,0.5332270264625549,,,
1.0,1.0,0.5276233553886414,,,
0.0,0.0,0.30167528986930847,,,
0.0,0.0,0.38533055782318115,,,
0.0,1.0,0.5540163516998291,,,
0.0,0.0,0.3554355800151825,,,
1.0,1.0,0.7677897810935974,,,
0.0,0.0,0.30055156350135803,,,
1.0,1.0,0.7679219245910645,,,
1.0,1.0,0.7660132646560669,,,
0.0,0.0,0.38079404830932617,,,
0.0,0.0,0.2580169141292572,,,
0.0,0.0,0.22466810047626495,,,
0.0,0.0,0.21859537065029144,,,
0.0,0.0,0.15982361137866974,,,
0.0,0.0,0.3291851878166199,,,
0.0,0.0,0.3131836950778961,,,
1.0,1.0,0.7779311537742615,,,
0.0,0.0,0.4227711856365204,,,
1.0,0.0,0.32149538397789,,,
1.0,1.0,0.6196468472480774,,,
0.0,0.0,0.3907639682292938,,,
0.0,0.0,0.18914683163166046,,,
0.0,0.0,0.39961007237434387,,,
0.0,0.0,0.4492388963699341,,,
1.0,0.0,0.3132114112377167,,,
1.0,1.0,0.5300759077072144,,,
1.0,1.0,0.8615401387214661,,,
0.0,0.0,0.43802937865257263,,,
0.0,0.0,0.4491502344608307,,,
0.0,0.0,0.37361830472946167,,,
1.0,1.0,0.6610757112503052,,,
1.0,1.0,0.7426271438598633,,,
0.0,0.0,0.43917959928512573,,,
1.0,1.0,0.6767746210098267,,,
1.0,1.0,0.8391790986061096,,,
1.0,1.0,0.8963178396224976,,,
0.0,0.0,0.36744385957717896,,,
1.0,0.0,0.30799031257629395,,,
0.0,0.0,0.2653624415397644,,,
0.0,0.0,0.263105183839798,,,
0.0,0.0,0.4726303219795227,,,
1.0,1.0,0.5399255156517029,,,
0.0,1.0,0.7240692973136902,,,
1.0,1.0,0.6517003178596497,,,
0.0,0.0,0.3521207571029663,,,
0.0,0.0,0.36916473507881165,,,
0.0,1.0,0.5561974048614502,,,
1.0,0.0,0.4285615384578705,,,
1.0,0.0,0.4849793314933777,,,
1.0,1.0,0.7984118461608887,,,
1.0,0.0,0.46909666061401367,,,
1.0,0.0,0.37135615944862366,,,
1.0,1.0,0.8124867677688599,,,
0.0,0.0,0.29807543754577637,,,
1.0,1.0,0.6315628886222839,,,
1.0,0.0,0.44452759623527527,,,
0.0,0.0,0.19098474085330963,,,
1.0,1.0,0.9072474837303162,,,
1.0,1.0,0.5730471611022949,,,
1.0,1.0,0.736409068107605,,,
1.0,0.0,0.420163094997406,,,
0.0,0.0,0.3796576261520386,,,
0.0,0.0,0.44472116231918335,,,
0.0,0.0,0.39630186557769775,,,
0.0,0.0,0.49393391609191895,,,
1.0,0.0,0.4402111768722534,,,
0.0,0.0,0.385079950094223,,,
1.0,1.0,0.5643592476844788,,,
0.0,0.0,0.3062359392642975,,,
1.0,1.0,0.599805474281311,,,
0.0,1.0,0.5420911312103271,,,
0.0,0.0,0.29955345392227173,,,
1.0,1.0,0.7355231642723083,,,
0.0,0.0,0.326186865568161,,,
1.0,1.0,0.702150821685791,,,
1.0,0.0,0.421670138835907,,,
0.0,0.0,0.1803850531578064,,,
1.0,1.0,0.6858157515525818,,,
0.0,0.0,0.343900203704834,,,
0.0,0.0,0.37784543633461,,,
1.0,0.0,0.3989499509334564,,,
0.0,0.0,0.49148672819137573,,,
1.0,0.0,0.46424734592437744,,,
1.0,1.0,0.8674797415733337,,,
0.0,0.0,0.352981835603714,,,
0.0,0.0,0.3308331370353699,,,
1.0,1.0,0.6110211610794067,,,
1.0,0.0,0.47817638516426086,,,
0.0,0.0,0.46122443675994873,,,
0.0,0.0,0.3834129571914673,,,
0.0,0.0,0.3264271020889282,,,
0.0,0.0,0.38106080889701843,,,
0.0,0.0,0.272614985704422,,,
0.0,0.0,0.4578305780887604,,,
0.0,0.0,0.2797166109085083,,,
0.0,0.0,0.34906789660453796,,,
1.0,0.0,0.4952456057071686,,,
0.0,1.0,0.5094767808914185,,,
0.0,0.0,0.23293840885162354,,,
0.0,0.0,0.2951402962207794,,,
1.0,0.0,0.36525046825408936,,,
1.0,1.0,0.6887229681015015,,,
1.0,1.0,0.6750257015228271,,,
0.0,1.0,0.5079881548881531,,,
0.0,0.0,0.37305840849876404,,,
1.0,1.0,0.8020941019058228,,,
1.0,0.0,0.43375685811042786,,,
0.0,0.0,0.16632097959518433,,,
0.0,0.0,0.3053869307041168,,,
0.0,0.0,0.37365350127220154,,,
0.0,0.0,0.35689783096313477,,,
1.0,1.0,0.7853898406028748,,,
1.0,0.0,0.4633702337741852,,,
1.0,1.0,0.5243905186653137,,,
0.0,0.0,0.37535038590431213,,,
1.0,1.0,0.5202780365943909,,,
0.0,0.0,0.26738953590393066,,,
1.0,1.0,0.664730966091156,,,
0.0,0.0,0.367283433675766,,,
0.0,0.0,0.365320086479187,,,
1.0,1.0,0.838230311870575,,,
1.0,1.0,0.7400685548782349,,,
0.0,0.0,0.2929176688194275,,,
1.0,1.0,0.5409624576568604,,,
0.0,1.0,0.6807063817977905,,,
1.0,0.0,0.22711394727230072,,,
1.0,0.0,0.45783931016921997,,,
1.0,1.0,0.9110825657844543,,,
0.0,0.0,0.15370461344718933,,,
0.0,0.0,0.49544283747673035,,,
0.0,1.0,0.6184320449829102,,,
1.0,0.0,0.3494589924812317,,,
0.0,0.0,0.4417005777359009,,,
1.0,1.0,0.6267555356025696,,,
0.0,0.0,0.2917182147502899,,,
0.0,0.0,0.4626695513725281,,,
0.0,1.0,0.5496638417243958,,,
1.0,1.0,0.6897135376930237,,,
0.0,1.0,0.5175043344497681,,,
1.0,1.0,0.6648042798042297,,,
0.0,1.0,0.5200773477554321,,,
1.0,0.0,0.4959089756011963,,,
0.0,1.0,0.6551410555839539,,,
1.0,0.0,0.36777785420417786,,,
1.0,1.0,0.8747138977050781,,,
1.0,0.0,0.4224027097225189,,,
1.0,1.0,0.7714441418647766,,,
1.0,1.0,0.6964549422264099,,,
1.0,1.0,0.5010332465171814,,,
0.0,0.0,0.291920930147171,,,
1.0,1.0,0.5515894889831543,,,
1.0,0.0,0.37495747208595276,,,
1.0,1.0,0.7557886242866516,,,
0.0,0.0,0.420163094997406,,,
0.0,0.0,0.3585071861743927,,,
0.0,1.0,0.7090668082237244,,,
0.0,1.0,0.5148041248321533,,,
1.0,1.0,0.5669276118278503,,,
0.0,0.0,0.44226256012916565,,,
0.0,0.0,0.26328012347221375,,,
0.0,0.0,0.458683580160141,,,
1.0,0.0,0.3101535737514496,,,
0.0,1.0,0.5608422160148621,,,
0.0,0.0,0.39213842153549194,,,
1.0,1.0,0.7529887557029724,,,
1.0,1.0,0.544658362865448,,,
0.0,0.0,0.41722553968429565,,,
0.0,0.0,0.4061778783798218,,,
1.0,1.0,0.5114575624465942,,,
0.0,0.0,0.3502129912376404,,,
0.0,0.0,0.34496474266052246,,,
0.0,0.0,0.3780364692211151,,,
0.0,0.0,0.3463784456253052,,,
0.0,0.0,0.32118159532546997,,,
0.0,0.0,0.4490356743335724,,,
1.0,1.0,0.8047592639923096,,,
0.0,0.0,0.38675400614738464,,,
1.0,1.0,0.6297319531440735,,,
0.0,0.0,0.43680229783058167,,,
1.0,0.0,0.4713209569454193,,,
1.0,1.0,0.7790678143501282,,,
1.0,0.0,0.49823206663131714,,,
0.0,0.0,0.3571554124355316,,,
1.0,1.0,0.7321285605430603,,,
0.0,1.0,0.7199321389198303,,,
0.0,1.0,0.5541053414344788,,,
1.0,1.0,0.8087764382362366,,,
0.0,0.0,0.25697147846221924,,,
1.0,0.0,0.4576011002063751,,,
0.0,0.0,0.33497753739356995,,,
0.0,0.0,0.2812109887599945,,,
0.0,0.0,0.38479217886924744,,,
1.0,0.0,0.49054989218711853,,,
1.0,1.0,0.7890146374702454,,,
1.0,0.0,0.3862681984901428,,,
0.0,0.0,0.3808690905570984,,,
1.0,1.0,0.9261599183082581,,,
0.0,0.0,0.4489744305610657,,,
1.0,0.0,0.4370729923248291,,,
1.0,0.0,0.346410870552063,,,
1.0,1.0,0.6229014992713928,,,
0.0,0.0,0.40946492552757263,,,
1.0,1.0,0.5021562576293945,,,
1.0,0.0,0.42187729477882385,,,
0.0,0.0,0.48323869705200195,,,
1.0,1.0,0.6884368062019348,,,
1.0,0.0,0.4532485902309418,,,
1.0,0.0,0.358638197183609,,,
0.0,0.0,0.16512706875801086,,,
1.0,1.0,0.9202085137367249,,,
0.0,0.0,0.22466810047626495,,,
0.0,0.0,0.3403065502643585,,,
1.0,0.0,0.4319760203361511,,,
1.0,1.0,0.851678192615509,,,
1.0,1.0,0.5427538156509399,,,
0.0,0.0,0.26583948731422424,,,
1.0,1.0,0.5366964936256409,,,
0.0,0.0,0.29655885696411133,,,
1.0,1.0,0.5899012088775635,,,
1.0,0.0,0.48666656017303467,,,
0.0,0.0,0.3368505537509918,,,
1.0,1.0,0.5395644307136536,,,
1.0,0.0,0.40551045536994934,,,
1.0,0.0,0.2853929102420807,,,
0.0,0.0,0.3495059311389923,,,
1.0,1.0,0.8335124850273132,,,
0.0,0.0,0.3922397494316101,,,
0.0,0.0,0.34640297293663025,,,
1.0,1.0,0.6314396858215332,,,
0.0,0.0,0.4140757918357849,,,
0.0,0.0,0.3284805119037628,,,
0.0,0.0,0.3049962520599365,,,
1.0,0.0,0.414219468832016,,,
0.0,0.0,0.32666894793510437,,,
0.0,0.0,0.369233101606369,,,
1.0,1.0,0.8004265427589417,,,
0.0,0.0,0.2733024060726166,,,
1.0,0.0,0.4639268219470978,,,
0.0,0.0,0.43374672532081604,,,
1.0,1.0,0.7193930745124817,,,
0.0,0.0,0.36202260851860046,,,
0.0,0.0,0.3029833436012268,,,
1.0,1.0,0.620699405670166,,,
1.0,1.0,0.7644261717796326,,,
0.0,0.0,0.353738009929657,,,
0.0,0.0,0.3556174635887146,,,
1.0,1.0,0.6063984632492065,,,
1.0,0.0,0.4413667619228363,,,
0.0,0.0,0.24932092428207397,,,
0.0,0.0,0.22876760363578796,,,
1.0,1.0,0.7457699179649353,,,
1.0,0.0,0.46812212467193604,,,
0.0,0.0,0.24932092428207397,,,
0.0,1.0,0.5933871865272522,,,
0.0,0.0,0.3352610170841217,,,
1.0,0.0,0.42716559767723083,,,
1.0,1.0,0.744223415851593,,,
0.0,0.0,0.30907654762268066,,,
1.0,1.0,0.6643230319023132,,,
0.0,0.0,0.41990700364112854,,,
0.0,0.0,0.285534143447876,,,
0.0,0.0,0.2727561891078949,,,
0.0,0.0,0.4265443980693817,,,
0.0,0.0,0.4096037745475769,,,
0.0,0.0,0.4159261882305145,,,
0.0,0.0,0.4258020222187042,,,
0.0,0.0,0.3435867130756378,,,
0.0,0.0,0.34275883436203003,,,
1.0,1.0,0.651470422744751,,,
0.0,0.0,0.39897632598876953,,,
1.0,1.0,0.7964860200881958,,,
1.0,1.0,0.8801955580711365,,,
0.0,0.0,0.2105741947889328,,,
1.0,1.0,0.5083450675010681,,,
0.0,1.0,0.5395815372467041,,,
0.0,0.0,0.2500995099544525,,,
0.0,0.0,0.42727699875831604,,,
1.0,0.0,0.4983249008655548,,,
1.0,1.0,0.8036559820175171,,,
0.0,0.0,0.16512706875801086,,,
1.0,0.0,0.4723567068576813,,,
0.0,0.0,0.4274604916572571,,,
0.0,0.0,0.4168841242790222,,,
1.0,1.0,0.7495797276496887,,,
1.0,1.0,0.5655604600906372,,,
0.0,0.0,0.4350240230560303,,,
1.0,1.0,0.8285302519798279,,,
1.0,0.0,0.35032570362091064,,,
1.0,1.0,0.662026584148407,,,
0.0,0.0,0.3881772458553314,,,
0.0,0.0,0.4022049009799957,,,
1.0,1.0,0.5670550465583801,,,
0.0,0.0,0.3829410672187805,,,
1.0,0.0,0.3672946095466614,,,
1.0,0.0,0.43492066860198975,,,
0.0,0.0,0.4898854196071625,,,
0.0,0.0,0.37709885835647583,,,
1.0,0.0,0.35425135493278503,,,
0.0,0.0,0.32135382294654846,,,
0.0,0.0,0.2416599988937378,,,
0.0,0.0,0.4841921627521515,,,
1.0,0.0,0.49248018860816956,,,
1.0,0.0,0.3364572823047638,,,
0.0,0.0,0.31780198216438293,,,
0.0,1.0,0.5556557178497314,,,
0.0,0.0,0.16512706875801086,,,
1.0,1.0,0.8288016319274902,,,
0.0,0.0,0.3056196868419647,,,
0.0,0.0,0.32435357570648193,,,
1.0,1.0,0.9344627857208252,,,
0.0,0.0,0.2846221327781677,,,
1.0,1.0,0.8090778589248657,,,
1.0,1.0,0.8539906144142151,,,
1.0,0.0,0.3530087471008301,,,
0.0,0.0,0.35921767354011536,,,
1.0,1.0,0.578369140625,,,
1.0,1.0,0.657909095287323,,,
1.0,1.0,0.7664974331855774,,,
0.0,0.0,0.35342371463775635,,,
0.0,0.0,0.2888600826263428,,,
1.0,1.0,0.8768198490142822,,,
1.0,0.0,0.33810219168663025,,,
1.0,1.0,0.7200728058815002,,,
1.0,1.0,0.5421282649040222,,,
1.0,1.0,0.5847177505493164,,,
0.0,1.0,0.5878328084945679,,,
0.0,0.0,0.3846157491207123,,,
1.0,1.0,0.9091626405715942,,,
1.0,0.0,0.48040932416915894,,,
1.0,1.0,0.7516652345657349,,,
0.0,0.0,0.3640749752521515,,,
0.0,0.0,0.37605103850364685,,,
1.0,0.0,0.42705583572387695,,,
1.0,0.0,0.3382422924041748,,,
1.0,1.0,0.5759670734405518,,,
0.0,0.0,0.3899191617965698,,,
0.0,0.0,0.37998026609420776,,,
0.0,0.0,0.4603618085384369,,,
1.0,1.0,0.8078858852386475,,,
0.0,1.0,0.5096419453620911,,,
0.0,0.0,0.3489971458911896,,,
0.0,0.0,0.29799965023994446,,,
1.0,1.0,0.5313522815704346,,,
1.0,0.0,0.4985581636428833,,,
0.0,0.0,0.2644794285297394,,,
1.0,1.0,0.6361984610557556,,,
1.0,1.0,0.8563785552978516,,,
1.0,1.0,0.7344623804092407,,,
1.0,0.0,0.34552040696144104,,,
1.0,1.0,0.7568788528442383,,,
0.0,0.0,0.43854328989982605,,,
1.0,1.0,0.5297457575798035,,,
1.0,1.0,0.7635491490364075,,,
1.0,1.0,0.7372967004776001,,,
1.0,1.0,0.6052165627479553,,,
1.0,1.0,0.7298929691314697,,,
1.0,0.0,0.47658494114875793,,,
0.0,0.0,0.2054058313369751,,,
0.0,0.0,0.2538490295410156,,,
0.0,0.0,0.3698160946369171,,,
1.0,1.0,0.79897540807724,,,
0.0,0.0,0.4453168511390686,,,
0.0,1.0,0.5275670289993286,,,
1.0,1.0,0.8302196264266968,,,
1.0,1.0,0.7460281848907471,,,
0.0,0.0,0.24877318739891052,,,
0.0,0.0,0.38587966561317444,,,
0.0,0.0,0.2644924521446228,,,
0.0,0.0,0.35977792739868164,,,
1.0,1.0,0.6471481919288635,,,
0.0,0.0,0.4125162959098816,,,
0.0,0.0,0.3701362907886505,,,
0.0,0.0,0.4063667953014374,,,
0.0,0.0,0.25725117325782776,,,
1.0,1.0,0.9309545755386353,,,
1.0,1.0,0.7399933934211731,,,
1.0,1.0,0.6638219952583313,,,
0.0,0.0,0.32361912727355957,,,
1.0,1.0,0.5916010141372681,,,
0.0,0.0,0.28995585441589355,,,
0.0,0.0,0.3434075713157654,,,
0.0,0.0,0.2360692173242569,,,
1.0,0.0,0.44450727105140686,,,
1.0,0.0,0.4810308814048767,,,
1.0,0.0,0.35896897315979004,,,
0.0,0.0,0.48305758833885193,,,
0.0,0.0,0.2656624913215637,,,
1.0,0.0,0.45740237832069397,,,
1.0,1.0,0.9222667217254639,,,
0.0,0.0,0.22408056259155273,,,
1.0,0.0,0.3556492030620575,,,
0.0,0.0,0.28707385063171387,,,
0.0,0.0,0.2717188894748688,,,
1.0,1.0,0.6039031147956848,,,
0.0,0.0,0.33607080578804016,,,
0.0,0.0,0.4161951541900635,,,
0.0,0.0,0.3718150854110718,,,
0.0,0.0,0.2896237075328827,,,
0.0,0.0,0.32897496223449707,,,
0.0,0.0,0.374786376953125,,,
0.0,0.0,0.39301714301109314,,,
0.0,0.0,0.2505252957344055,,,
1.0,1.0,0.6191949248313904,,,
0.0,0.0,0.3541150689125061,,,
0.0,0.0,0.32911691069602966,,,
0.0,0.0,0.30082467198371887,,,
0.0,0.0,0.14747357368469238,,,
1.0,0.0,0.41832417249679565,,,
0.0,1.0,0.6535261869430542,,,
0.0,0.0,0.37862661480903625,,,
1.0,1.0,0.8358133435249329,,,
0.0,0.0,0.18837904930114746,,,
1.0,1.0,0.7072235345840454,,,
1.0,0.0,0.30979108810424805,,,
0.0,0.0,0.45967838168144226,,,
1.0,1.0,0.5875891447067261,,,
0.0,0.0,0.3011210858821869,,,
1.0,0.0,0.4158754050731659,,,
0.0,1.0,0.6053124070167542,,,
1.0,0.0,0.421123743057251,,,
0.0,0.0,0.3949808180332184,,,
0.0,0.0,0.3271971046924591,,,
0.0,0.0,0.1562073826789856,,,
0.0,0.0,0.33881866931915283,,,
1.0,1.0,0.6299704909324646,,,
0.0,1.0,0.704078733921051,,,
1.0,1.0,0.6391234993934631,,,
0.0,0.0,0.2624706029891968,,,
0.0,0.0,0.3307929039001465,,,
1.0,1.0,0.6380572319030762,,,
0.0,0.0,0.22919383645057678,,,
1.0,0.0,0.3539640009403229,,,
0.0,0.0,0.46389931440353394,,,
1.0,0.0,0.45783931016921997,,,
0.0,1.0,0.6575544476509094,,,
1.0,1.0,0.6686941385269165,,,
1.0,1.0,0.6608510613441467,,,
1.0,0.0,0.43789511919021606,,,
1.0,1.0,0.7786204814910889,,,
0.0,0.0,0.31991642713546753,,,
1.0,1.0,0.6089316010475159,,,
1.0,0.0,0.4434807598590851,,,
0.0,0.0,0.29942139983177185,,,
1.0,1.0,0.7988054752349854,,,
0.0,1.0,0.6552183032035828,,,
1.0,1.0,0.6514283418655396,,,
0.0,0.0,0.32322925329208374,,,
1.0,1.0,0.6241917610168457,,,
0.0,0.0,0.4426847994327545,,,
0.0,0.0,0.2651293873786926,,,
0.0,1.0,0.5928423404693604,,,
0.0,1.0,0.5272548198699951,,,
1.0,1.0,0.6572514176368713,,,
1.0,0.0,0.4718050956726074,,,
1.0,1.0,0.7032068371772766,,,
1.0,1.0,0.7174679040908813,,,
1.0,1.0,0.7080256342887878,,,
1.0,0.0,0.4001520276069641,,,
1.0,1.0,0.7206478714942932,,,
1.0,1.0,0.7017714381217957,,,
1.0,0.0,0.39699485898017883,,,
0.0,0.0,0.33876562118530273,,,
0.0,0.0,0.39681369066238403,,,
1.0,0.0,0.35450854897499084,,,
0.0,1.0,0.5083752870559692,,,
0.0,0.0,0.37847045063972473,,,
0.0,0.0,0.44904932379722595,,,
1.0,1.0,0.751656174659729,,,
0.0,1.0,0.5177484154701233,,,
1.0,1.0,0.70213383436203,,,
0.0,0.0,0.3514803349971771,,,
1.0,1.0,0.7146862745285034,,,
1.0,1.0,0.596663236618042,,,
0.0,0.0,0.3194619119167328,,,
1.0,1.0,0.8125572800636292,,,
1.0,1.0,0.5445441603660583,,,
0.0,0.0,0.4125596284866333,,,
0.0,0.0,0.324833482503891,,,
1.0,0.0,0.31176429986953735,,,
1.0,0.0,0.4170638918876648,,,
0.0,1.0,0.6465666890144348,,,
1.0,1.0,0.7771727442741394,,,
1.0,1.0,0.5886848568916321,,,
1.0,0.0,0.27145349979400635,,,
0.0,0.0,0.45062676072120667,,,
0.0,0.0,0.32088348269462585,,,
1.0,1.0,0.6119117140769958,,,
0.0,0.0,0.333578497171402,,,
0.0,0.0,0.2459232658147812,,,
0.0,0.0,0.2670738697052002,,,
1.0,0.0,0.445192813873291,,,
0.0,0.0,0.3564446270465851,,,
1.0,0.0,0.41412103176116943,,,
1.0,1.0,0.6971302032470703,,,
0.0,0.0,0.44803741574287415,,,
1.0,1.0,0.6856780648231506,,,
0.0,0.0,0.38326728343963623,,,
1.0,1.0,0.5812839269638062,,,
0.0,0.0,0.33385568857192993,,,
0.0,0.0,0.29300644993782043,,,
1.0,0.0,0.40810784697532654,,,
1.0,1.0,0.633463978767395,,,
0.0,0.0,0.4477471709251404,,,
1.0,1.0,0.510589599609375,,,
0.0,0.0,0.24677352607250214,,,
1.0,0.0,0.4641243815422058,,,
1.0,0.0,0.4910869002342224,,,
0.0,0.0,0.2802135646343231,,,
1.0,0.0,0.495899498462677,,,
0.0,1.0,0.6643230319023132,,,
0.0,0.0,0.2004452496767044,,,
0.0,1.0,0.5077214241027832,,,
1.0,1.0,0.8194506168365479,,,
0.0,0.0,0.3669080436229706,,,
0.0,0.0,0.2951402962207794,,,
0.0,0.0,0.49175339937210083,,,
1.0,1.0,0.6494252681732178,,,
0.0,0.0,0.362499862909317,,,
0.0,0.0,0.24822543561458588,,,
0.0,1.0,0.6747083067893982,,,
1.0,0.0,0.32786357402801514,,,
1.0,0.0,0.46052104234695435,,,
1.0,0.0,0.38880038261413574,,,
1.0,0.0,0.4754297435283661,,,
1.0,0.0,0.4911537766456604,,,
0.0,0.0,0.21117077767848969,,,
0.0,1.0,0.59535813331604,,,
0.0,0.0,0.3078822195529938,,,
1.0,1.0,0.7686522603034973,,,
0.0,0.0,0.18426132202148438,,,
1.0,0.0,0.4723833501338959,,,
1.0,0.0,0.47036415338516235,,,
0.0,0.0,0.14870686829090118,,,
1.0,0.0,0.389734148979187,,,
0.0,0.0,0.2378026694059372,,,
1.0,1.0,0.6776881217956543,,,
1.0,1.0,0.7743542790412903,,,
1.0,1.0,0.5011588335037231,,,
1.0,1.0,0.6789191961288452,,,
1.0,1.0,0.590449333190918,,,
1.0,1.0,0.6684517860412598,,,
0.0,0.0,0.3378180265426636,,,
0.0,0.0,0.3311968147754669,,,
0.0,0.0,0.3870517313480377,,,
1.0,1.0,0.8012202978134155,,,
0.0,0.0,0.4533703029155731,,,
1.0,1.0,0.5645312666893005,,,
0.0,1.0,0.5121810436248779,,,
0.0,0.0,0.3360918462276459,,,
1.0,1.0,0.7674554586410522,,,
0.0,1.0,0.5570448040962219,,,
0.0,0.0,0.28926658630371094,,,
0.0,0.0,0.3899213969707489,,,
1.0,1.0,0.776343822479248,,,
0.0,0.0,0.3259752094745636,,,
0.0,0.0,0.3394887149333954,,,
0.0,0.0,0.2860081195831299,,,
0.0,0.0,0.3106279969215393,,,
1.0,0.0,0.3824387788772583,,,
1.0,0.0,0.34796562790870667,,,
0.0,0.0,0.36632534861564636,,,
1.0,1.0,0.8711598515510559,,,
1.0,1.0,0.8467276692390442,,,
1.0,1.0,0.5155491232872009,,,
0.0,0.0,0.28870630264282227,,,
1.0,1.0,0.7692933082580566,,,
0.0,0.0,0.3684934675693512,,,
0.0,1.0,0.5633791089057922,,,
0.0,0.0,0.25469422340393066,,,
0.0,0.0,0.21661049127578735,,,
1.0,1.0,0.5927350521087646,,,
1.0,0.0,0.29438138008117676,,,
1.0,1.0,0.6077155470848083,,,
0.0,0.0,0.30887165665626526,,,
0.0,0.0,0.40679919719696045,,,
1.0,1.0,0.7787594199180603,,,
0.0,0.0,0.35298192501068115,,,
0.0,0.0,0.42209258675575256,,,
1.0,0.0,0.4472185969352722,,,
1.0,0.0,0.37852993607521057,,,
0.0,0.0,0.368618369102478,,,
0.0,0.0,0.36519449949264526,,,
1.0,1.0,0.7196670174598694,,,
0.0,0.0,0.2743239104747772,,,
0.0,0.0,0.3085266649723053,,,
1.0,0.0,0.2675330638885498,,,
0.0,0.0,0.3392694890499115,,,
1.0,1.0,0.7080978155136108,,,
1.0,1.0,0.5883216857910156,,,
1.0,1.0,0.7935798764228821,,,
1.0,0.0,0.41709330677986145,,,
0.0,0.0,0.40633147954940796,,,
0.0,0.0,0.3188093900680542,,,
0.0,0.0,0.3639874756336212,,,
0.0,0.0,0.45087137818336487,,,
1.0,0.0,0.3049919009208679,,,
0.0,0.0,0.4211902916431427,,,
1.0,1.0,0.5655173063278198,,,
1.0,1.0,0.8234074115753174,,,
0.0,0.0,0.3342803120613098,,,
1.0,1.0,0.8492217063903809,,,
1.0,0.0,0.3973812162876129,,,
1.0,1.0,0.5613306164741516,,,
0.0,0.0,0.2933119535446167,,,
0.0,1.0,0.6852571368217468,,,
0.0,0.0,0.36032921075820923,,,
0.0,0.0,0.265757292509079,,,
0.0,0.0,0.3237699270248413,,,
1.0,1.0,0.7216356992721558,,,
0.0,0.0,0.37690871953964233,,,
0.0,0.0,0.24251294136047363,,,
1.0,0.0,0.38890141248703003,,,
1.0,0.0,0.445255309343338,,,
0.0,0.0,0.36519449949264526,,,
1.0,0.0,0.3850584030151367,,,
0.0,0.0,0.3366793394088745,,,
0.0,0.0,0.38032835721969604,,,
0.0,0.0,0.3498132526874542,,,
0.0,1.0,0.533875048160553,,,
1.0,0.0,0.42369145154953003,,,
1.0,0.0,0.41105562448501587,,,
0.0,0.0,0.28397366404533386,,,
0.0,0.0,0.37474146485328674,,,
0.0,0.0,0.35026049613952637,,,
0.0,0.0,0.20079350471496582,,,
0.0,0.0,0.292295902967453,,,
0.0,0.0,0.4187302887439728,,,
1.0,0.0,0.4954721927642822,,,
0.0,0.0,0.29981303215026855,,,
1.0,0.0,0.3076133728027344,,,
1.0,1.0,0.8403564691543579,,,
1.0,1.0,0.5840874314308167,,,
1.0,0.0,0.4378959536552429,,,
1.0,1.0,0.5388299822807312,,,
1.0,0.0,0.473567932844162,,,
0.0,0.0,0.23697435855865479,,,
0.0,1.0,0.72254878282547,,,
1.0,1.0,0.8641202449798584,,,
0.0,1.0,0.518426239490509,,,
0.0,0.0,0.2948475182056427,,,
0.0,1.0,0.5556675791740417,,,
0.0,0.0,0.3961317539215088,,,
0.0,1.0,0.6601563692092896,,,
0.0,0.0,0.3100176453590393,,,
0.0,0.0,0.31525784730911255,,,
1.0,1.0,0.8324119448661804,,,
1.0,1.0,0.5744069814682007,,,
0.0,0.0,0.32308652997016907,,,
1.0,1.0,0.8613057136535645,,,
1.0,0.0,0.4026202857494354,,,
1.0,1.0,0.7951352000236511,,,
0.0,0.0,0.32729819416999817,,,
0.0,0.0,0.27726560831069946,,,
0.0,0.0,0.3889335095882416,,,
1.0,0.0,0.31584489345550537,,,
1.0,1.0,0.8092817664146423,,,
1.0,1.0,0.5409690737724304,,,
0.0,0.0,0.40360814332962036,,,
1.0,0.0,0.38079404830932617,,,
1.0,0.0,0.3112058937549591,,,
0.0,0.0,0.4836980104446411,,,
1.0,1.0,0.6186584830284119,,,
1.0,1.0,0.5634565353393555,,,
1.0,1.0,0.8603068590164185,,,
0.0,0.0,0.36857864260673523,,,
0.0,0.0,0.42247629165649414,,,
0.0,0.0,0.4398154616355896,,,
0.0,0.0,0.36679041385650635,,,
0.0,1.0,0.5249865651130676,,,
1.0,1.0,0.7828678488731384,,,
0.0,0.0,0.37565305829048157,,,
1.0,0.0,0.31551408767700195,,,
1.0,0.0,0.384313702583313,,,
0.0,0.0,0.42768627405166626,,,
1.0,0.0,0.44823122024536133,,,
0.0,0.0,0.4327950179576874,,,
0.0,0.0,0.26208874583244324,,,
1.0,0.0,0.43667885661125183,,,
0.0,1.0,0.5054946541786194,,,
1.0,0.0,0.36295872926712036,,,
0.0,0.0,0.2882869839668274,,,
0.0,0.0,0.31648775935173035,,,
0.0,0.0,0.3101903796195984,,,
1.0,1.0,0.6129336953163147,,,
0.0,1.0,0.5157046914100647,,,
0.0,0.0,0.4532437026500702,,,
1.0,0.0,0.48331451416015625,,,
0.0,0.0,0.19709336757659912,,,
1.0,1.0,0.78857421875,,,
1.0,0.0,0.4377018213272095,,,
0.0,0.0,0.21518026292324066,,,
1.0,0.0,0.484791100025177,,,
1.0,0.0,0.45670440793037415,,,
0.0,0.0,0.334710031747818,,,
1.0,0.0,0.39314958453178406,,,
1.0,1.0,0.8099974989891052,,,
0.0,0.0,0.21592409908771515,,,
0.0,0.0,0.35163742303848267,,,
0.0,0.0,0.3540211617946625,,,
0.0,0.0,0.39217686653137207,,,
1.0,1.0,0.6393209099769592,,,
0.0,0.0,0.26331788301467896,,,
1.0,1.0,0.5289486050605774,,,
1.0,1.0,0.8794947862625122,,,
0.0,1.0,0.7226676940917969,,,
0.0,0.0,0.3843911588191986,,,
1.0,1.0,0.7640068531036377,,,
1.0,0.0,0.4372612237930298,,,
0.0,0.0,0.3489186465740204,,,
1.0,1.0,0.5154596567153931,,,
1.0,1.0,0.732475221157074,,,
1.0,1.0,0.8768198490142822,,,
1.0,0.0,0.2956630289554596,,,
0.0,1.0,0.5409467816352844,,,
1.0,1.0,0.5198943614959717,,,
1.0,0.0,0.45151886343955994,,,
1.0,0.0,0.45783931016921997,,,
0.0,1.0,0.5732226371765137,,,
0.0,0.0,0.36519449949264526,,,
0.0,0.0,0.25509122014045715,,,
0.0,0.0,0.275764137506485,,,
0.0,1.0,0.6592602729797363,,,
0.0,0.0,0.36459746956825256,,,
1.0,0.0,0.3532005250453949,,,
0.0,0.0,0.3429810702800751,,,
1.0,0.0,0.4961802661418915,,,
1.0,1.0,0.5341921448707581,,,
1.0,1.0,0.8385108113288879,,,
0.0,0.0,0.32365408539772034,,,
0.0,0.0,0.44172102212905884,,,
0.0,0.0,0.3737010061740875,,,
1.0,1.0,0.6729578375816345,,,
0.0,0.0,0.3440302610397339,,,
1.0,1.0,0.7216356992721558,,,
0.0,0.0,0.40630796551704407,,,
1.0,0.0,0.4492987096309662,,,
0.0,0.0,0.3427777588367462,,,
0.0,0.0,0.30300477147102356,,,
0.0,0.0,0.32653021812438965,,,
0.0,0.0,0.36407727003097534,,,
1.0,0.0,0.41773706674575806,,,
1.0,0.0,0.4856824278831482,,,
0.0,0.0,0.37892094254493713,,,
1.0,1.0,0.6077155470848083,,,
1.0,1.0,0.8474903702735901,,,
1.0,1.0,0.8337886333465576,,,
0.0,0.0,0.45586737990379333,,,
0.0,0.0,0.30889448523521423,,,
1.0,1.0,0.6293990612030029,,,
0.0,0.0,0.18119525909423828,,,
0.0,0.0,0.34861356019973755,,,
1.0,0.0,0.3566748797893524,,,
1.0,1.0,0.7400518655776978,,,
1.0,1.0,0.7712354063987732,,,
1.0,1.0,0.7863010764122009,,,
0.0,0.0,0.47560742497444153,,,
1.0,1.0,0.5078119039535522,,,
1.0,1.0,0.8968209028244019,,,
1.0,1.0,0.5490444898605347,,,
0.0,0.0,0.3343822658061981,,,
0.0,0.0,0.3507442772388458,,,
1.0,1.0,0.8754602074623108,,,
0.0,0.0,0.3473774492740631,,,
1.0,0.0,0.39488106966018677,,,
1.0,1.0,0.7064099311828613,,,
0.0,0.0,0.3050704300403595,,,
1.0,0.0,0.4617420434951782,,,
1.0,1.0,0.6939825415611267,,,
0.0,0.0,0.4191787540912628,,,
1.0,0.0,0.4265906512737274,,,
0.0,0.0,0.2990320026874542,,,
0.0,0.0,0.35005834698677063,,,
1.0,1.0,0.8258066177368164,,,
1.0,1.0,0.6140186786651611,,,
1.0,1.0,0.6873200535774231,,,
1.0,1.0,0.686656653881073,,,
1.0,0.0,0.390898197889328,,,
0.0,0.0,0.43402770161628723,,,
1.0,1.0,0.5092424154281616,,,
0.0,0.0,0.3286341726779938,,,
0.0,0.0,0.24746789038181305,,,
1.0,0.0,0.3462918996810913,,,
0.0,0.0,0.35365957021713257,,,
0.0,0.0,0.39288005232810974,,,
0.0,0.0,0.48106691241264343,,,
1.0,1.0,0.8541651368141174,,,
1.0,0.0,0.44907134771347046,,,
1.0,1.0,0.6272402405738831,,,
0.0,1.0,0.6842061281204224,,,
1.0,1.0,0.8712963461875916,,,
0.0,0.0,0.3307391405105591,,,
0.0,0.0,0.383353054523468,,,
1.0,1.0,0.5051876902580261,,,
0.0,0.0,0.19489924609661102,,,
0.0,0.0,0.3020908832550049,,,
0.0,1.0,0.587316632270813,,,
0.0,0.0,0.242156520485878,,,
1.0,1.0,0.6226171851158142,,,
0.0,0.0,0.3589611053466797,,,
1.0,1.0,0.6064558029174805,,,
1.0,1.0,0.5752535462379456,,,
1.0,0.0,0.4827609062194824,,,
0.0,0.0,0.35808926820755005,,,
1.0,1.0,0.5338088274002075,,,
0.0,0.0,0.3343122899532318,,,
0.0,0.0,0.24791164696216583,,,
0.0,0.0,0.3796226978302002,,,
1.0,0.0,0.40016576647758484,,,
0.0,0.0,0.38858211040496826,,,
0.0,0.0,0.4952456057071686,,,
1.0,1.0,0.5704138278961182,,,
0.0,0.0,0.3435627520084381,,,
0.0,0.0,0.36295872926712036,,,
0.0,0.0,0.3022027909755707,,,
0.0,0.0,0.31715139746665955,,,
1.0,0.0,0.38808679580688477,,,
0.0,0.0,0.18716898560523987,,,
1.0,1.0,0.5129497051239014,,,
1.0,1.0,0.5769895911216736,,,
0.0,0.0,0.4852185547351837,,,
0.0,0.0,0.37305840849876404,,,
1.0,1.0,0.6528305411338806,,,
1.0,1.0,0.5169767737388611,,,
1.0,1.0,0.7806735038757324,,,
0.0,0.0,0.288143128156662,,,
0.0,0.0,0.3677826225757599,,,
1.0,1.0,0.5668025612831116,,,
1.0,1.0,0.9298117160797119,,,
0.0,0.0,0.34278807044029236,,,
1.0,1.0,0.5614976286888123,,,
0.0,0.0,0.46886739134788513,,,
0.0,0.0,0.36641064286231995,,,
1.0,1.0,0.7538601756095886,,,
1.0,0.0,0.45106270909309387,,,
0.0,0.0,0.1583017110824585,,,
1.0,0.0,0.41336455941200256,,,
1.0,0.0,0.39636340737342834,,,
1.0,1.0,0.5115155577659607,,,
0.0,0.0,0.4581072926521301,,,
1.0,1.0,0.8488779067993164,,,
1.0,1.0,0.8141939640045166,,,
1.0,0.0,0.37944990396499634,,,
1.0,1.0,0.6195578575134277,,,
0.0,0.0,0.37539947032928467,,,
1.0,1.0,0.606343150138855,,,
0.0,0.0,0.3202076852321625,,,
0.0,0.0,0.4685264527797699,,,
1.0,1.0,0.6371373534202576,,,
1.0,0.0,0.3985251188278198,,,
0.0,0.0,0.3078822195529938,,,
0.0,0.0,0.37546682357788086,,,
1.0,1.0,0.5080680251121521,,,
0.0,0.0,0.30435121059417725,,,
0.0,0.0,0.3468164801597595,,,
1.0,1.0,0.5463366508483887,,,
1.0,1.0,0.546247124671936,,,
0.0,0.0,0.2730914056301117,,,
0.0,0.0,0.3993832767009735,,,
1.0,1.0,0.7056783437728882,,,
1.0,1.0,0.9144712090492249,,,
1.0,0.0,0.38676294684410095,,,
0.0,0.0,0.2805395722389221,,,
0.0,0.0,0.4164115786552429,,,
1.0,0.0,0.4072124660015106,,,
0.0,0.0,0.2786562442779541,,,
0.0,0.0,0.17600944638252258,,,
1.0,1.0,0.5386725664138794,,,
0.0,1.0,0.7560057640075684,,,
1.0,1.0,0.7448979616165161,,,
0.0,0.0,0.18119525909423828,,,
0.0,0.0,0.35562822222709656,,,
0.0,0.0,0.4319177567958832,,,
1.0,1.0,0.8515205383300781,,,
0.0,0.0,0.40335074067115784,,,
0.0,0.0,0.4387231767177582,,,
0.0,0.0,0.2109760344028473,,,
0.0,0.0,0.4732044041156769,,,
0.0,0.0,0.4549538195133209,,,
1.0,1.0,0.7568788528442383,,,
0.0,0.0,0.3996753394603729,,,
0.0,0.0,0.20969568192958832,,,
0.0,0.0,0.2739545702934265,,,
0.0,0.0,0.4653205871582031,,,
0.0,0.0,0.4585809111595154,,,
0.0,0.0,0.3823292553424835,,,
0.0,0.0,0.18119525909423828,,,
0.0,0.0,0.38020631670951843,,,
1.0,1.0,0.5269578695297241,,,
1.0,1.0,0.8702132105827332,,,
0.0,0.0,0.23922954499721527,,,
1.0,0.0,0.49103647470474243,,,
0.0,1.0,0.5051876902580261,,,
0.0,0.0,0.3706769645214081,,,
0.0,0.0,0.3192448914051056,,,
1.0,0.0,0.45516344904899597,,,
1.0,0.0,0.41995880007743835,,,
1.0,0.0,0.4703472852706909,,,
0.0,0.0,0.4050499200820923,,,
1.0,1.0,0.7192849516868591,,,
1.0,1.0,0.8212593197822571,,,
0.0,1.0,0.5471686124801636,,,
1.0,0.0,0.46874499320983887,,,
1.0,1.0,0.9097715616226196,,,
0.0,0.0,0.3358883857727051,,,
0.0,0.0,0.36724087595939636,,,
0.0,0.0,0.4903702437877655,,,
0.0,0.0,0.2616943418979645,,,
0.0,0.0,0.33943137526512146,,,
0.0,0.0,0.43096891045570374,,,
0.0,0.0,0.3406394422054291,,,
0.0,0.0,0.3269416391849518,,,
0.0,0.0,0.4013234078884125,,,
1.0,1.0,0.5023605823516846,,,
0.0,0.0,0.3098936676979065,,,
0.0,0.0,0.36426931619644165,,,
0.0,0.0,0.4851756691932678,,,
0.0,1.0,0.5835093259811401,,,
1.0,1.0,0.902607262134552,,,
0.0,1.0,0.6673542857170105,,,
1.0,1.0,0.7322282791137695,,,
0.0,1.0,0.6540477871894836,,,
1.0,0.0,0.4065548777580261,,,
0.0,0.0,0.3427565097808838,,,
1.0,0.0,0.45705556869506836,,,
0.0,0.0,0.4593600034713745,,,
0.0,0.0,0.28871506452560425,,,
0.0,0.0,0.33915477991104126,,,
1.0,1.0,0.8048436641693115,,,
0.0,0.0,0.28149548172950745,,,
1.0,1.0,0.5393203496932983,,,
1.0,1.0,0.6510353088378906,,,
0.0,0.0,0.3481868505477905,,,
0.0,0.0,0.35217857360839844,,,
1.0,1.0,0.5340064167976379,,,
0.0,0.0,0.3569689095020294,,,
0.0,0.0,0.4327705502510071,,,
0.0,0.0,0.1528015434741974,,,
1.0,1.0,0.5500194430351257,,,
1.0,1.0,0.7680901288986206,,,
1.0,1.0,0.6734055280685425,,,
1.0,1.0,0.6718782782554626,,,
1.0,1.0,0.6457333564758301,,,
0.0,0.0,0.15517356991767883,,,
1.0,1.0,0.6937468647956848,,,
1.0,0.0,0.45686501264572144,,,
1.0,1.0,0.7012823224067688,,,
1.0,0.0,0.475064218044281,,,
1.0,1.0,0.8328156471252441,,,
1.0,1.0,0.5785016417503357,,,
1.0,1.0,0.7337400913238525,,,
0.0,0.0,0.24135930836200714,,,
1.0,0.0,0.33217713236808777,,,
1.0,0.0,0.45637306571006775,,,
0.0,0.0,0.48262113332748413,,,
1.0,1.0,0.5459178686141968,,,
1.0,1.0,0.786496639251709,,,
0.0,1.0,0.5411565899848938,,,
1.0,1.0,0.6950749158859253,,,
1.0,1.0,0.8667464852333069,,,
1.0,0.0,0.4855451285839081,,,
0.0,0.0,0.4226846992969513,,,
1.0,1.0,0.5423786044120789,,,
1.0,1.0,0.6476606130599976,,,
0.0,0.0,0.45335251092910767,,,
0.0,0.0,0.3883104920387268,,,
0.0,1.0,0.5584217309951782,,,
1.0,0.0,0.25795820355415344,,,
1.0,1.0,0.7322354912757874,,,
0.0,0.0,0.36963072419166565,,,
1.0,1.0,0.6057068109512329,,,
1.0,1.0,0.6689293384552002,,,
1.0,0.0,0.49781081080436707,,,
0.0,0.0,0.23704689741134644,,,
0.0,0.0,0.37910568714141846,,,
1.0,1.0,0.7727575898170471,,,
0.0,0.0,0.23299260437488556,,,
0.0,1.0,0.5055428147315979,,,
1.0,0.0,0.4569254219532013,,,
0.0,0.0,0.310396283864975,,,
1.0,0.0,0.49248018860816956,,,
0.0,0.0,0.39390310645103455,,,
0.0,0.0,0.17813973128795624,,,
0.0,0.0,0.46589845418930054,,,
0.0,0.0,0.40808284282684326,,,
0.0,0.0,0.4320497512817383,,,
0.0,0.0,0.4312920868396759,,,
0.0,1.0,0.6864579916000366,,,
1.0,0.0,0.4695083498954773,,,
0.0,0.0,0.40736111998558044,,,
0.0,0.0,0.443747878074646,,,
1.0,0.0,0.33907392621040344,,,
1.0,0.0,0.4134941101074219,,,
1.0,1.0,0.5385846495628357,,,
1.0,1.0,0.5452967286109924,,,
0.0,0.0,0.3278563916683197,,,
1.0,1.0,0.7676302194595337,,,
1.0,1.0,0.7246683239936829,,,
1.0,0.0,0.46597304940223694,,,
0.0,0.0,0.3200950622558594,,,
1.0,1.0,0.7816381454467773,,,
0.0,0.0,0.3386498689651489,,,
0.0,0.0,0.4072086811065674,,,
1.0,1.0,0.5549749135971069,,,
1.0,0.0,0.34994298219680786,,,
1.0,0.0,0.45236697793006897,,,
0.0,0.0,0.3627603352069855,,,
0.0,0.0,0.37943875789642334,,,
0.0,0.0,0.12123095244169235,,,
0.0,0.0,0.2858331799507141,,,
0.0,0.0,0.33959582448005676,,,
0.0,0.0,0.36061981320381165,,,
0.0,0.0,0.32370007038116455,,,
1.0,1.0,0.7884467840194702,,,
0.0,0.0,0.2943771183490753,,,
0.0,0.0,0.3800707459449768,,,
0.0,1.0,0.6074255108833313,,,
1.0,0.0,0.4730960428714752,,,
0.0,0.0,0.39305752515792847,,,
0.0,0.0,0.32930925488471985,,,
1.0,1.0,0.6696632504463196,,,
1.0,1.0,0.602823793888092,,,
1.0,0.0,0.32165274024009705,,,
1.0,0.0,0.29212087392807007,,,
1.0,0.0,0.4768512547016144,,,
1.0,1.0,0.6816908121109009,,,
0.0,0.0,0.3445757329463959,,,
0.0,1.0,0.7209857106208801,,,
1.0,1.0,0.8628149628639221,,,
0.0,0.0,0.18119525909423828,,,
1.0,1.0,0.8966616988182068,,,
1.0,0.0,0.49963465332984924,,,
0.0,0.0,0.40084928274154663,,,
1.0,0.0,0.484721839427948,,,
0.0,1.0,0.7653560638427734,,,
1.0,1.0,0.5389153361320496,,,
0.0,0.0,0.4134072959423065,,,
0.0,0.0,0.32249119877815247,,,
1.0,1.0,0.730765700340271,,,
1.0,1.0,0.6294974088668823,,,
0.0,0.0,0.32455262541770935,,,
1.0,1.0,0.8518972396850586,,,
1.0,1.0,0.8935130834579468,,,
0.0,0.0,0.3644118010997772,,,
1.0,1.0,0.5816059112548828,,,
1.0,1.0,0.6208038926124573,,,
0.0,0.0,0.4850420355796814,,,
1.0,0.0,0.43195635080337524,,,
0.0,0.0,0.2723909914493561,,,
0.0,0.0,0.35680055618286133,,,
1.0,1.0,0.6066849827766418,,,
0.0,0.0,0.340638130903244,,,
0.0,1.0,0.5311535000801086,,,
0.0,0.0,0.20553527772426605,,,
1.0,1.0,0.8204340934753418,,,
0.0,0.0,0.3599950671195984,,,
1.0,1.0,0.6329168677330017,,,
0.0,1.0,0.5220713019371033,,,
1.0,0.0,0.31358250975608826,,,
0.0,0.0,0.33716097474098206,,,
1.0,0.0,0.4191918671131134,,,
0.0,0.0,0.3110044002532959,,,
0.0,0.0,0.3506907820701599,,,
0.0,1.0,0.6590721011161804,,,
1.0,1.0,0.6251174807548523,,,
0.0,0.0,0.4223731458187103,,,
1.0,1.0,0.5643713474273682,,,
0.0,0.0,0.40525466203689575,,,
0.0,1.0,0.5069116950035095,,,
1.0,1.0,0.7400685548782349,,,
1.0,0.0,0.40976983308792114,,,
1.0,1.0,0.6882351040840149,,,
1.0,0.0,0.4361667335033417,,,
1.0,0.0,0.36597421765327454,,,
1.0,1.0,0.6210969090461731,,,
1.0,1.0,0.7242558002471924,,,
1.0,0.0,0.47463735938072205,,,
0.0,0.0,0.3957676887512207,,,
1.0,1.0,0.5938147902488708,,,
0.0,0.0,0.3804733455181122,,,
1.0,1.0,0.6200071573257446,,,
0.0,0.0,0.4470367431640625,,,
0.0,0.0,0.2884206473827362,,,
0.0,1.0,0.5062255263328552,,,
1.0,1.0,0.5207774043083191,,,
0.0,0.0,0.37180131673812866,,,
1.0,1.0,0.5694513320922852,,,
1.0,0.0,0.3896844685077667,,,
1.0,0.0,0.39347976446151733,,,
0.0,0.0,0.3192635774612427,,,
1.0,0.0,0.31826943159103394,,,
0.0,1.0,0.5701649785041809,,,
0.0,0.0,0.35662776231765747,,,
0.0,0.0,0.3580140769481659,,,
0.0,0.0,0.3548380136489868,,,
0.0,0.0,0.3929558992385864,,,
1.0,0.0,0.4819352924823761,,,
0.0,1.0,0.6499677896499634,,,
0.0,0.0,0.39798498153686523,,,
0.0,0.0,0.4146609306335449,,,
1.0,1.0,0.7942361831665039,,,
1.0,1.0,0.6123984456062317,,,
0.0,1.0,0.5004971027374268,,,
1.0,1.0,0.7092189192771912,,,
0.0,1.0,0.6679225564002991,,,
0.0,0.0,0.34391313791275024,,,
1.0,1.0,0.6972686052322388,,,
0.0,0.0,0.32201045751571655,,,
0.0,0.0,0.30603352189064026,,,
0.0,0.0,0.3859999179840088,,,
1.0,0.0,0.42821618914604187,,,
0.0,0.0,0.4457220137119293,,,
1.0,1.0,0.5198943614959717,,,
0.0,0.0,0.33343183994293213,,,
0.0,0.0,0.3934510350227356,,,
1.0,1.0,0.771393895149231,,,
1.0,1.0,0.5277749300003052,,,
1.0,0.0,0.4377102851867676,,,
0.0,1.0,0.6631264686584473,,,
0.0,0.0,0.3201567828655243,,,
1.0,1.0,0.7679219245910645,,,
0.0,0.0,0.2846221327781677,,,
0.0,0.0,0.3757079243659973,,,
0.0,1.0,0.5270956754684448,,,
0.0,1.0,0.5038350224494934,,,
1.0,1.0,0.7803583741188049,,,
0.0,0.0,0.35690638422966003,,,
1.0,0.0,0.49512407183647156,,,
1.0,0.0,0.414371132850647,,,
1.0,1.0,0.6336407661437988,,,
1.0,1.0,0.8621608018875122,,,
0.0,1.0,0.5696250200271606,,,
1.0,1.0,0.6935514807701111,,,
0.0,1.0,0.5899100303649902,,,
1.0,0.0,0.343077689409256,,,
0.0,0.0,0.46017029881477356,,,
0.0,0.0,0.27390962839126587,,,
0.0,0.0,0.22842031717300415,,,
1.0,1.0,0.5656485557556152,,,
1.0,1.0,0.5740931630134583,,,
1.0,1.0,0.7082892060279846,,,
0.0,0.0,0.4960545599460602,,,
1.0,1.0,0.6602087020874023,,,
1.0,1.0,0.6858915090560913,,,
1.0,0.0,0.37695345282554626,,,
1.0,0.0,0.43076688051223755,,,
1.0,1.0,0.6100542545318604,,,
1.0,1.0,0.5912062525749207,,,
0.0,0.0,0.48829197883605957,,,
1.0,1.0,0.721926748752594,,,
0.0,0.0,0.293357789516449,,,
1.0,1.0,0.701553463935852,,,
1.0,0.0,0.408436119556427,,,
0.0,0.0,0.23741038143634796,,,
0.0,1.0,0.5258234143257141,,,
1.0,0.0,0.45802199840545654,,,
0.0,0.0,0.153484046459198,,,
1.0,1.0,0.5827311277389526,,,
1.0,0.0,0.4546663463115692,,,
0.0,0.0,0.40961992740631104,,,
0.0,0.0,0.3892231285572052,,,
1.0,0.0,0.3961396813392639,,,
0.0,0.0,0.3385881185531616,,,
1.0,0.0,0.3504836857318878,,,
0.0,0.0,0.360211580991745,,,
0.0,0.0,0.3364572823047638,,,
0.0,0.0,0.4445546865463257,,,
1.0,1.0,0.6019894480705261,,,
0.0,0.0,0.23741038143634796,,,
0.0,1.0,0.6064037680625916,,,
0.0,1.0,0.5986738204956055,,,
1.0,0.0,0.3542133867740631,,,
1.0,0.0,0.4248095154762268,,,
0.0,0.0,0.23397968709468842,,,
1.0,1.0,0.6670500636100769,,,
0.0,1.0,0.5470691323280334,,,
1.0,0.0,0.4490894377231598,,,
1.0,0.0,0.45609214901924133,,,
0.0,0.0,0.15370461344718933,,,
0.0,0.0,0.4098934233188629,,,
1.0,1.0,0.5147824883460999,,,
1.0,1.0,0.6010867357254028,,,
1.0,0.0,0.49070650339126587,,,
1.0,1.0,0.801813006401062,,,
0.0,1.0,0.6866881847381592,,,
0.0,0.0,0.37375274300575256,,,
0.0,0.0,0.42867791652679443,,,
0.0,0.0,0.3759598135948181,,,
1.0,1.0,0.8568287491798401,,,
1.0,0.0,0.4224664270877838,,,
1.0,1.0,0.5797500610351562,,,
1.0,1.0,0.8573429584503174,,,
0.0,0.0,0.19693008065223694,,,
0.0,0.0,0.3531316816806793,,,
1.0,1.0,0.8529335856437683,,,
1.0,1.0,0.5052754878997803,,,
0.0,0.0,0.3581761121749878,,,
1.0,0.0,0.46625763177871704,,,
1.0,0.0,0.3521207571029663,,,
0.0,0.0,0.39589592814445496,,,
0.0,0.0,0.47485262155532837,,,
1.0,1.0,0.7330750226974487,,,
0.0,0.0,0.20076817274093628,,,
0.0,0.0,0.3500044345855713,,,
0.0,1.0,0.550556480884552,,,
1.0,0.0,0.39139097929000854,,,
0.0,0.0,0.4577406346797943,,,
0.0,0.0,0.28122690320014954,,,
0.0,0.0,0.24118036031723022,,,
1.0,0.0,0.48128098249435425,,,
0.0,0.0,0.26156380772590637,,,
1.0,1.0,0.5109190344810486,,,
1.0,1.0,0.5017784237861633,,,
1.0,1.0,0.6797137260437012,,,
0.0,0.0,0.4164365231990814,,,
0.0,0.0,0.49541065096855164,,,
1.0,1.0,0.5561846494674683,,,
1.0,1.0,0.5144526958465576,,,
0.0,0.0,0.3197490870952606,,,
1.0,0.0,0.4464075267314911,,,
1.0,1.0,0.5552067160606384,,,
0.0,0.0,0.3069794178009033,,,
1.0,0.0,0.3978019952774048,,,
0.0,0.0,0.48257318139076233,,,
0.0,1.0,0.5059242248535156,,,
1.0,0.0,0.42287322878837585,,,
1.0,0.0,0.4373801350593567,,,
1.0,1.0,0.5004433989524841,,,
1.0,1.0,0.6481488943099976,,,
0.0,0.0,0.2976193428039551,,,
0.0,0.0,0.3107387125492096,,,
0.0,1.0,0.5184715986251831,,,
1.0,1.0,0.7304955720901489,,,
0.0,0.0,0.4342271685600281,,,
1.0,1.0,0.8036460876464844,,,
1.0,0.0,0.32831406593322754,,,
0.0,0.0,0.4536782503128052,,,
0.0,0.0,0.3286341726779938,,,
0.0,1.0,0.8281873464584351,,,
0.0,0.0,0.38193026185035706,,,
0.0,0.0,0.26724040508270264,,,
1.0,0.0,0.3581768572330475,,,
0.0,1.0,0.7234809994697571,,,
1.0,0.0,0.43164679408073425,,,
1.0,0.0,0.36909031867980957,,,
0.0,0.0,0.23145556449890137,,,
1.0,1.0,0.6920116543769836,,,
0.0,0.0,0.40810689330101013,,,
0.0,1.0,0.8080744743347168,,,
1.0,1.0,0.5048211812973022,,,
1.0,1.0,0.6460503339767456,,,
0.0,0.0,0.2865069806575775,,,
0.0,0.0,0.247001051902771,,,
0.0,1.0,0.5517301559448242,,,
0.0,0.0,0.4203476011753082,,,
0.0,1.0,0.6034079790115356,,,
0.0,0.0,0.2500883638858795,,,
1.0,0.0,0.3668178915977478,,,
0.0,0.0,0.2694064676761627,,,
1.0,0.0,0.2973637282848358,,,
1.0,1.0,0.5695083737373352,,,
1.0,1.0,0.7065995335578918,,,
0.0,0.0,0.32267695665359497,,,
0.0,0.0,0.4885200262069702,,,
0.0,0.0,0.41292423009872437,,,
0.0,0.0,0.3049919009208679,,,
0.0,1.0,0.5882625579833984,,,
1.0,0.0,0.48038819432258606,,,
1.0,0.0,0.32813891768455505,,,
1.0,1.0,0.761684238910675,,,
1.0,1.0,0.9236952662467957,,,
0.0,0.0,0.4282101094722748,,,
1.0,1.0,0.8230191469192505,,,
1.0,1.0,0.5723443627357483,,,
1.0,1.0,0.69963139295578,,,
0.0,0.0,0.2515181005001068,,,
0.0,0.0,0.2990313470363617,,,
1.0,1.0,0.5668801665306091,,,
1.0,1.0,0.8000788688659668,,,
0.0,0.0,0.333219051361084,,,
1.0,1.0,0.6420418620109558,,,
0.0,1.0,0.5200861096382141,,,
0.0,0.0,0.3926386535167694,,,
1.0,0.0,0.4774695932865143,,,
1.0,1.0,0.8764806389808655,,,
1.0,0.0,0.36728405952453613,,,
1.0,1.0,0.6291733980178833,,,
1.0,1.0,0.6713166832923889,,,
0.0,0.0,0.31054988503456116,,,
0.0,0.0,0.3600294888019562,,,
0.0,0.0,0.3156897723674774,,,
0.0,0.0,0.37870848178863525,,,
0.0,0.0,0.4901440143585205,,,
0.0,0.0,0.4138619303703308,,,
1.0,1.0,0.521986722946167,,,
0.0,0.0,0.31584590673446655,,,
1.0,0.0,0.22318962216377258,,,
0.0,0.0,0.34654608368873596,,,
1.0,1.0,0.6893174648284912,,,
1.0,1.0,0.6028742790222168,,,
0.0,0.0,0.2646193504333496,,,
0.0,0.0,0.3808482587337494,,,
0.0,0.0,0.24995054304599762,,,
0.0,1.0,0.5135740041732788,,,
0.0,1.0,0.6589851379394531,,,
1.0,0.0,0.46052104234695435,,,
0.0,0.0,0.3135101795196533,,,
1.0,0.0,0.44465091824531555,,,
1.0,1.0,0.8309801816940308,,,
1.0,1.0,0.5340002775192261,,,
0.0,1.0,0.5165024399757385,,,
1.0,1.0,0.8159288763999939,,,
0.0,1.0,0.6168371438980103,,,
0.0,0.0,0.419779896736145,,,
0.0,0.0,0.2688254714012146,,,
1.0,0.0,0.40551045536994934,,,
1.0,1.0,0.5572413802146912,,,
1.0,1.0,0.6100906133651733,,,
1.0,1.0,0.8530119061470032,,,
1.0,1.0,0.6333528161048889,,,
0.0,0.0,0.2730371356010437,,,
0.0,0.0,0.3978109657764435,,,
1.0,1.0,0.5968081951141357,,,
1.0,1.0,0.5544251203536987,,,
0.0,0.0,0.3070119023323059,,,
1.0,0.0,0.427874892950058,,,
1.0,1.0,0.5378701090812683,,,
0.0,0.0,0.42885205149650574,,,
0.0,0.0,0.3843240737915039,,,
0.0,0.0,0.39139097929000854,,,
1.0,0.0,0.4041827619075775,,,
1.0,1.0,0.6101536154747009,,,
1.0,0.0,0.4635511040687561,,,
0.0,0.0,0.2984035015106201,,,
0.0,0.0,0.26156380772590637,,,
0.0,0.0,0.3111799359321594,,,
1.0,1.0,0.8048436641693115,,,
0.0,0.0,0.4104754626750946,,,
1.0,1.0,0.8482641577720642,,,
1.0,1.0,0.5810946226119995,,,
0.0,0.0,0.41583698987960815,,,
1.0,0.0,0.42274123430252075,,,
0.0,0.0,0.39444780349731445,,,
1.0,1.0,0.8768198490142822,,,
0.0,0.0,0.4295461177825928,,,
0.0,0.0,0.34157121181488037,,,
1.0,0.0,0.37091296911239624,,,
1.0,1.0,0.5885317921638489,,,
0.0,0.0,0.3520849049091339,,,
0.0,0.0,0.3420429825782776,,,
0.0,0.0,0.46528559923171997,,,
1.0,1.0,0.7818557620048523,,,
1.0,0.0,0.4576011002063751,,,
0.0,0.0,0.3767259418964386,,,
1.0,1.0,0.519412100315094,,,
1.0,1.0,0.5448963046073914,,,
1.0,0.0,0.42643263936042786,,,
0.0,0.0,0.18119525909423828,,,
1.0,0.0,0.22467933595180511,,,
1.0,1.0,0.8632197380065918,,,
0.0,0.0,0.19228683412075043,,,
0.0,1.0,0.5748067498207092,,,
1.0,1.0,0.7999964952468872,,,
1.0,0.0,0.33402541279792786,,,
0.0,0.0,0.4004259407520294,,,
0.0,0.0,0.3523100018501282,,,
1.0,0.0,0.49301332235336304,,,
0.0,0.0,0.19635921716690063,,,
1.0,1.0,0.6678382158279419,,,
1.0,0.0,0.4857542812824249,,,
1.0,1.0,0.5609110593795776,,,
1.0,0.0,0.36513885855674744,,,
0.0,0.0,0.3024579882621765,,,
0.0,0.0,0.2957143187522888,,,
1.0,1.0,0.870555579662323,,,
0.0,0.0,0.31457579135894775,,,
1.0,1.0,0.8701918125152588,,,
1.0,1.0,0.5380340814590454,,,
0.0,0.0,0.4363401532173157,,,
0.0,0.0,0.3795616030693054,,,
1.0,1.0,0.6302469968795776,,,
1.0,0.0,0.42318275570869446,,,
0.0,0.0,0.20552588999271393,,,
1.0,1.0,0.67989581823349,,,
1.0,1.0,0.6462433338165283,,,
1.0,1.0,0.5310439467430115,,,
0.0,0.0,0.3062768876552582,,,
0.0,0.0,0.4412868916988373,,,
1.0,1.0,0.714760422706604,,,
0.0,0.0,0.42438119649887085,,,
1.0,1.0,0.7922793626785278,,,
0.0,0.0,0.3609640300273895,,,
0.0,0.0,0.36887797713279724,,,
1.0,1.0,0.5405429601669312,,,
0.0,0.0,0.2646735608577728,,,
1.0,1.0,0.5634385347366333,,,
0.0,0.0,0.20739737153053284,,,
1.0,1.0,0.5636033415794373,,,
0.0,0.0,0.46918293833732605,,,
0.0,0.0,0.47302791476249695,,,
1.0,1.0,0.5917896032333374,,,
0.0,0.0,0.14502432942390442,,,
0.0,0.0,0.32768914103507996,,,
1.0,0.0,0.49107861518859863,,,
0.0,0.0,0.3466254770755768,,,
0.0,1.0,0.5298280715942383,,,
1.0,1.0,0.8607285618782043,,,
1.0,1.0,0.8584988713264465,,,
1.0,1.0,0.5614252090454102,,,
1.0,1.0,0.7680769562721252,,,
1.0,1.0,0.8727188110351562,,,
1.0,1.0,0.6303293704986572,,,
1.0,1.0,0.8040711283683777,,,
1.0,1.0,0.6101604700088501,,,
1.0,1.0,0.6325381994247437,,,
0.0,0.0,0.39827853441238403,,,
1.0,1.0,0.5631304383277893,,,
0.0,0.0,0.44709068536758423,,,
1.0,0.0,0.426529198884964,,,
0.0,0.0,0.3644123077392578,,,
1.0,0.0,0.4890802204608917,,,
1.0,1.0,0.6759272813796997,,,
1.0,1.0,0.8908559679985046,,,
1.0,1.0,0.7733100652694702,,,
1.0,1.0,0.7832610607147217,,,
1.0,1.0,0.5240976214408875,,,
1.0,1.0,0.9068437814712524,,,
1.0,0.0,0.29092371463775635,,,
0.0,0.0,0.25998029112815857,,,
0.0,0.0,0.34074297547340393,,,
1.0,1.0,0.7271393537521362,,,
0.0,0.0,0.2971267104148865,,,
1.0,1.0,0.9417909979820251,,,
1.0,1.0,0.7709144353866577,,,
0.0,0.0,0.1964884251356125,,,
0.0,0.0,0.2453235685825348,,,
1.0,0.0,0.4146871268749237,,,
0.0,0.0,0.3597058951854706,,,
1.0,1.0,0.6186796426773071,,,
0.0,0.0,0.2846197783946991,,,
0.0,0.0,0.41566184163093567,,,
1.0,0.0,0.49248018860816956,,,
0.0,0.0,0.349372535943985,,,
1.0,1.0,0.7683417797088623,,,
0.0,0.0,0.2969030737876892,,,
1.0,1.0,0.8854893445968628,,,
1.0,1.0,0.7998877167701721,,,
1.0,1.0,0.6382873058319092,,,
0.0,0.0,0.30237171053886414,,,
1.0,1.0,0.6318890452384949,,,
0.0,0.0,0.430420845746994,,,
0.0,0.0,0.28769978880882263,,,
0.0,0.0,0.3882550597190857,,,
0.0,1.0,0.5104978680610657,,,
1.0,1.0,0.6529484987258911,,,
0.0,0.0,0.29867568612098694,,,
0.0,0.0,0.36585643887519836,,,
0.0,0.0,0.3342953026294708,,,
1.0,1.0,0.7747714519500732,,,
0.0,1.0,0.5106314420700073,,,
1.0,0.0,0.35690823197364807,,,
0.0,0.0,0.19823884963989258,,,
0.0,0.0,0.46274662017822266,,,
0.0,0.0,0.33042991161346436,,,
1.0,1.0,0.8630405068397522,,,
1.0,1.0,0.5834117531776428,,,
0.0,0.0,0.23884421586990356,,,
0.0,0.0,0.17529769241809845,,,
1.0,0.0,0.33052417635917664,,,
0.0,0.0,0.49240896105766296,,,
0.0,0.0,0.4625680148601532,,,
1.0,1.0,0.5020987391471863,,,
0.0,1.0,0.5155465602874756,,,
0.0,0.0,0.4412152171134949,,,
0.0,0.0,0.31128066778182983,,,
1.0,0.0,0.33036869764328003,,,
0.0,0.0,0.27779853343963623,,,
0.0,0.0,0.4567910134792328,,,
1.0,1.0,0.7934642434120178,,,
0.0,0.0,0.32924899458885193,,,
0.0,0.0,0.289180189371109,,,
1.0,0.0,0.49780359864234924,,,
0.0,0.0,0.31102967262268066,,,
0.0,0.0,0.38011762499809265,,,
0.0,0.0,0.21038532257080078,,,
1.0,1.0,0.7968981862068176,,,
1.0,1.0,0.8511409759521484,,,
1.0,1.0,0.7042847871780396,,,
0.0,1.0,0.5274103283882141,,,
1.0,0.0,0.42457765340805054,,,
1.0,1.0,0.7604391574859619,,,
0.0,0.0,0.3320874571800232,,,
1.0,0.0,0.406379371881485,,,
0.0,0.0,0.3045692443847656,,,
0.0,0.0,0.4195684492588043,,,
1.0,1.0,0.7205352783203125,,,
1.0,1.0,0.7073204517364502,,,
0.0,0.0,0.2856166660785675,,,
0.0,0.0,0.29369959235191345,,,
0.0,0.0,0.26732078194618225,,,
1.0,1.0,0.6960650086402893,,,
1.0,1.0,0.5094431638717651,,,
1.0,1.0,0.6501478552818298,,,
0.0,1.0,0.5637445449829102,,,
0.0,0.0,0.27754539251327515,,,
1.0,0.0,0.42148450016975403,,,
0.0,0.0,0.2817844748497009,,,
1.0,1.0,0.523908257484436,,,
0.0,0.0,0.3935297727584839,,,
1.0,1.0,0.5293330550193787,,,
1.0,0.0,0.46761828660964966,,,
0.0,0.0,0.3788699507713318,,,
1.0,1.0,0.6934173703193665,,,
0.0,0.0,0.2017798125743866,,,
1.0,1.0,0.9040064811706543,,,
0.0,0.0,0.34055161476135254,,,
1.0,1.0,0.7097127437591553,,,
0.0,0.0,0.19952736794948578,,,
0.0,0.0,0.33776232600212097,,,
0.0,0.0,0.16512706875801086,,,
0.0,0.0,0.378848671913147,,,
1.0,0.0,0.38099509477615356,,,
1.0,1.0,0.8800637125968933,,,
1.0,1.0,0.872255265712738,,,
0.0,1.0,0.5109190344810486,,,
0.0,0.0,0.34002450108528137,,,
1.0,0.0,0.37840980291366577,,,
0.0,0.0,0.45548033714294434,,,
1.0,1.0,0.5634385347366333,,,
0.0,0.0,0.3286341726779938,,,
1.0,1.0,0.6353089809417725,,,
1.0,0.0,0.3692382276058197,,,
1.0,0.0,0.3868633806705475,,,
1.0,0.0,0.4660952091217041,,,
0.0,0.0,0.3379284143447876,,,
1.0,0.0,0.42040401697158813,,,
1.0,1.0,0.7076532244682312,,,
0.0,0.0,0.3976249694824219,,,
0.0,0.0,0.4560511112213135,,,
0.0,0.0,0.3629581034183502,,,
0.0,1.0,0.6932039260864258,,,
0.0,0.0,0.32705655694007874,,,
1.0,1.0,0.5684857964515686,,,
1.0,1.0,0.6600424647331238,,,
0.0,0.0,0.36635464429855347,,,
0.0,0.0,0.2850630581378937,,,
1.0,1.0,0.552540123462677,,,
1.0,0.0,0.4947717785835266,,,
0.0,0.0,0.4641323685646057,,,
0.0,0.0,0.2652902901172638,,,
0.0,0.0,0.13149361312389374,,,
1.0,1.0,0.8360069990158081,,,
0.0,0.0,0.23368588089942932,,,
0.0,1.0,0.6148806214332581,,,
1.0,0.0,0.33353376388549805,,,
0.0,0.0,0.46565350890159607,,,
1.0,0.0,0.42450278997421265,,,
1.0,1.0,0.8640821576118469,,,
1.0,1.0,0.7662354707717896,,,
0.0,0.0,0.43900686502456665,,,
0.0,0.0,0.28952059149742126,,,
0.0,0.0,0.3850087821483612,,,
1.0,0.0,0.40951842069625854,,,
0.0,0.0,0.3189185857772827,,,
1.0,1.0,0.6360669136047363,,,
1.0,1.0,0.5226448774337769,,,
1.0,0.0,0.3876495063304901,,,
0.0,0.0,0.15840677917003632,,,
1.0,1.0,0.6926333904266357,,,
0.0,0.0,0.24039550125598907,,,
1.0,1.0,0.8910698294639587,,,
1.0,1.0,0.8049466013908386,,,
1.0,0.0,0.46065816283226013,,,
0.0,1.0,0.5137412548065186,,,
1.0,0.0,0.4810308814048767,,,
1.0,1.0,0.585576593875885,,,
1.0,1.0,0.8481055498123169,,,
1.0,0.0,0.40085670351982117,,,
0.0,0.0,0.28738483786582947,,,
0.0,0.0,0.3558264374732971,,,
0.0,0.0,0.44574448466300964,,,
1.0,1.0,0.8505845665931702,,,
1.0,1.0,0.7481448650360107,,,
1.0,1.0,0.7728211879730225,,,
0.0,0.0,0.3608536720275879,,,
0.0,1.0,0.5080370306968689,,,
1.0,0.0,0.45530515909194946,,,
0.0,0.0,0.3733484447002411,,,
1.0,0.0,0.3975003957748413,,,
0.0,0.0,0.32553544640541077,,,
1.0,1.0,0.5147569179534912,,,
1.0,1.0,0.5851680636405945,,,
0.0,0.0,0.30536559224128723,,,
0.0,0.0,0.3442133367061615,,,
0.0,0.0,0.43364790081977844,,,
0.0,0.0,0.4138335585594177,,,
0.0,0.0,0.35163289308547974,,,
1.0,1.0,0.5161861181259155,,,
0.0,0.0,0.3698326647281647,,,
0.0,0.0,0.4519178867340088,,,
0.0,0.0,0.265757292509079,,,
0.0,0.0,0.37464335560798645,,,
1.0,1.0,0.7372967004776001,,,
1.0,1.0,0.7771727442741394,,,
1.0,1.0,0.8697910308837891,,,
1.0,1.0,0.8172937035560608,,,
0.0,0.0,0.47363540530204773,,,
0.0,0.0,0.39392024278640747,,,
0.0,0.0,0.3947061598300934,,,
0.0,0.0,0.3308935761451721,,,
0.0,1.0,0.5785016417503357,,,
0.0,1.0,0.6472640633583069,,,
0.0,0.0,0.4024907648563385,,,
0.0,0.0,0.3775998651981354,,,
1.0,0.0,0.39388978481292725,,,
0.0,0.0,0.3959670662879944,,,
1.0,0.0,0.3469565510749817,,,
1.0,1.0,0.9249421954154968,,,
0.0,0.0,0.16512706875801086,,,
1.0,0.0,0.43204614520072937,,,
1.0,0.0,0.47974148392677307,,,
1.0,1.0,0.5880211591720581,,,
0.0,0.0,0.35225164890289307,,,
0.0,0.0,0.3393622934818268,,,
0.0,0.0,0.31441769003868103,,,
0.0,0.0,0.346826434135437,,,
1.0,0.0,0.49036911129951477,,,
1.0,1.0,0.591679036617279,,,
0.0,0.0,0.329649955034256,,,
0.0,0.0,0.3585135340690613,,,
0.0,1.0,0.5135794281959534,,,
1.0,1.0,0.7487722635269165,,,
0.0,0.0,0.2678687572479248,,,
0.0,1.0,0.6366709470748901,,,
1.0,1.0,0.58343905210495,,,
1.0,0.0,0.42450273036956787,,,
1.0,1.0,0.716158926486969,,,
1.0,1.0,0.54864501953125,,,
0.0,0.0,0.46655693650245667,,,
1.0,1.0,0.7830820679664612,,,
0.0,0.0,0.3429344892501831,,,
0.0,0.0,0.29093000292778015,,,
1.0,1.0,0.8482024073600769,,,
0.0,0.0,0.34261491894721985,,,
0.0,1.0,0.5140387415885925,,,
0.0,0.0,0.4358538091182709,,,
0.0,0.0,0.22478918731212616,,,
0.0,0.0,0.3954349458217621,,,
0.0,0.0,0.28392091393470764,,,
1.0,0.0,0.49448665976524353,,,
1.0,1.0,0.7599808573722839,,,
1.0,1.0,0.6064558029174805,,,
0.0,1.0,0.8101951479911804,,,
1.0,1.0,0.5356825590133667,,,
0.0,1.0,0.64605712890625,,,
1.0,1.0,0.6686009764671326,,,
0.0,0.0,0.3307929039001465,,,
0.0,0.0,0.43800851702690125,,,
0.0,0.0,0.34381547570228577,,,
1.0,1.0,0.5634385347366333,,,
1.0,1.0,0.558140754699707,,,
1.0,0.0,0.37282124161720276,,,
0.0,0.0,0.441265344619751,,,
0.0,0.0,0.3322625756263733,,,
0.0,0.0,0.3495568633079529,,,
0.0,0.0,0.3637373447418213,,,
1.0,1.0,0.6150910258293152,,,
0.0,0.0,0.2701006531715393,,,
0.0,0.0,0.4457261860370636,,,
0.0,1.0,0.6310104131698608,,,
1.0,1.0,0.8446922302246094,,,
0.0,1.0,0.5042413473129272,,,
1.0,1.0,0.7584307193756104,,,
0.0,0.0,0.49517667293548584,,,
1.0,0.0,0.38647976517677307,,,
0.0,0.0,0.2622499465942383,,,
0.0,0.0,0.27082833647727966,,,
0.0,1.0,0.5019117593765259,,,
0.0,0.0,0.29600414633750916,,,
0.0,0.0,0.2885802090167999,,,
1.0,1.0,0.5971472263336182,,,
0.0,1.0,0.6198861598968506,,,
0.0,0.0,0.42741501331329346,,,
1.0,1.0,0.5088810920715332,,,
0.0,0.0,0.3677547872066498,,,
1.0,1.0,0.8200711011886597,,,
0.0,0.0,0.3949415385723114,,,
1.0,1.0,0.7688812017440796,,,
0.0,0.0,0.2583518922328949,,,
0.0,0.0,0.21938154101371765,,,
1.0,1.0,0.7990719079971313,,,
1.0,1.0,0.7699118852615356,,,
1.0,0.0,0.4729144871234894,,,
1.0,1.0,0.8723896145820618,,,
1.0,0.0,0.486372709274292,,,
0.0,0.0,0.4435957074165344,,,
0.0,1.0,0.503821074962616,,,
1.0,0.0,0.45215991139411926,,,
0.0,0.0,0.31997883319854736,,,
0.0,0.0,0.462717741727829,,,
0.0,0.0,0.3490716516971588,,,
1.0,1.0,0.5891687870025635,,,
0.0,0.0,0.3173690438270569,,,
0.0,0.0,0.2704263925552368,,,
0.0,0.0,0.47480452060699463,,,
1.0,1.0,0.7093769311904907,,,
0.0,0.0,0.3692382276058197,,,
0.0,0.0,0.40123817324638367,,,
0.0,0.0,0.3065827190876007,,,
0.0,0.0,0.15607227385044098,,,
1.0,1.0,0.5194403529167175,,,
1.0,1.0,0.6260594725608826,,,
0.0,0.0,0.4626695513725281,,,
0.0,0.0,0.3333955407142639,,,
1.0,1.0,0.6964902877807617,,,
0.0,0.0,0.46591687202453613,,,
0.0,0.0,0.34553655982017517,,,
0.0,0.0,0.2694064676761627,,,
0.0,0.0,0.21800115704536438,,,
1.0,0.0,0.4576569199562073,,,
1.0,1.0,0.7216185331344604,,,
0.0,0.0,0.2252478152513504,,,
1.0,1.0,0.672578752040863,,,
0.0,0.0,0.23741038143634796,,,
0.0,0.0,0.41958943009376526,,,
1.0,0.0,0.2986636757850647,,,
0.0,0.0,0.42803746461868286,,,
0.0,0.0,0.37033599615097046,,,
1.0,1.0,0.5416882038116455,,,
0.0,1.0,0.5014171004295349,,,
0.0,1.0,0.574823796749115,,,
1.0,0.0,0.48399171233177185,,,
0.0,1.0,0.682095468044281,,,
0.0,0.0,0.3412695527076721,,,
0.0,0.0,0.2728467881679535,,,
1.0,1.0,0.7267103791236877,,,
1.0,1.0,0.7140519022941589,,,
1.0,1.0,0.8002873659133911,,,
1.0,0.0,0.4099771976470947,,,
0.0,0.0,0.3935810923576355,,,
0.0,1.0,0.6127574443817139,,,
0.0,0.0,0.3811226189136505,,,
0.0,0.0,0.4182985723018646,,,
0.0,0.0,0.4173910319805145,,,
0.0,0.0,0.4025145173072815,,,
0.0,0.0,0.34406572580337524,,,
1.0,0.0,0.3830759525299072,,,
1.0,1.0,0.7038630247116089,,,
1.0,1.0,0.8196713924407959,,,
1.0,1.0,0.6786102056503296,,,
0.0,0.0,0.3490411043167114,,,
0.0,0.0,0.3148150146007538,,,
0.0,0.0,0.30642375349998474,,,
0.0,0.0,0.1831662654876709,,,
0.0,0.0,0.26156380772590637,,,
1.0,1.0,0.7205874919891357,,,
0.0,0.0,0.4112100899219513,,,
0.0,0.0,0.2805188000202179,,,
1.0,0.0,0.4759613871574402,,,
1.0,0.0,0.35827940702438354,,,
1.0,1.0,0.7611879110336304,,,
0.0,0.0,0.35958918929100037,,,
0.0,0.0,0.3130398988723755,,,
0.0,0.0,0.2561093270778656,,,
0.0,1.0,0.5456580519676208,,,
0.0,0.0,0.25418081879615784,,,
0.0,0.0,0.29103589057922363,,,
1.0,1.0,0.5059958100318909,,,
0.0,1.0,0.5418668389320374,,,
0.0,0.0,0.49229568243026733,,,
0.0,1.0,0.608089029788971,,,
1.0,0.0,0.46776801347732544,,,
0.0,0.0,0.33776232600212097,,,
1.0,1.0,0.7496694922447205,,,
1.0,0.0,0.44644320011138916,,,
0.0,0.0,0.2658233940601349,,,
0.0,0.0,0.3974432349205017,,,
1.0,1.0,0.671031653881073,,,
0.0,0.0,0.43126988410949707,,,
1.0,1.0,0.8237513303756714,,,
0.0,1.0,0.6173187494277954,,,
1.0,1.0,0.6729937195777893,,,
1.0,1.0,0.796890139579773,,,
0.0,0.0,0.29761210083961487,,,
0.0,1.0,0.6088814735412598,,,
1.0,1.0,0.5172082185745239,,,
1.0,1.0,0.75362628698349,,,
1.0,1.0,0.8958417177200317,,,
1.0,0.0,0.49275702238082886,,,
0.0,0.0,0.38391679525375366,,,
0.0,1.0,0.5393170118331909,,,
0.0,0.0,0.2911890149116516,,,
0.0,0.0,0.4193756580352783,,,
1.0,1.0,0.7207667827606201,,,
0.0,0.0,0.42186546325683594,,,
1.0,1.0,0.6027395129203796,,,
1.0,1.0,0.578369140625,,,
0.0,1.0,0.5051876902580261,,,
1.0,0.0,0.4107673466205597,,,
0.0,0.0,0.2542406916618347,,,
1.0,1.0,0.5494608879089355,,,
0.0,0.0,0.16512706875801086,,,
1.0,0.0,0.47687217593193054,,,
1.0,1.0,0.5863918662071228,,,
0.0,0.0,0.2746407389640808,,,
1.0,1.0,0.6548775434494019,,,
1.0,0.0,0.4836980104446411,,,
1.0,1.0,0.6517493724822998,,,
0.0,0.0,0.3589611053466797,,,
1.0,1.0,0.5031278729438782,,,
1.0,0.0,0.39014747738838196,,,
1.0,1.0,0.8114554286003113,,,
0.0,1.0,0.5069565176963806,,,
1.0,1.0,0.6635692715644836,,,
0.0,1.0,0.6045876741409302,,,
0.0,1.0,0.7090668082237244,,,
0.0,0.0,0.29630258679389954,,,
0.0,0.0,0.3573678433895111,,,
0.0,0.0,0.30692845582962036,,,
1.0,1.0,0.8603068590164185,,,
1.0,0.0,0.49726712703704834,,,
1.0,1.0,0.5112140774726868,,,
1.0,1.0,0.6887229681015015,,,
0.0,0.0,0.3635215163230896,,,
1.0,0.0,0.3964552581310272,,,
0.0,0.0,0.3904769718647003,,,
1.0,1.0,0.8181682825088501,,,
1.0,1.0,0.651131808757782,,,
1.0,1.0,0.8376865386962891,,,
0.0,0.0,0.2943771183490753,,,
1.0,0.0,0.2542787492275238,,,
0.0,0.0,0.3341003656387329,,,
0.0,0.0,0.3281250596046448,,,
1.0,1.0,0.6342909336090088,,,
1.0,1.0,0.7145712375640869,,,
0.0,0.0,0.32236605882644653,,,
0.0,0.0,0.40528643131256104,,,
0.0,0.0,0.3800126016139984,,,
0.0,0.0,0.33217713236808777,,,
1.0,1.0,0.6715664267539978,,,
1.0,1.0,0.6437869071960449,,,
1.0,1.0,0.5501077175140381,,,
0.0,0.0,0.37558114528656006,,,
1.0,0.0,0.33337774872779846,,,
1.0,1.0,0.9103602170944214,,,
0.0,0.0,0.4166531562805176,,,
0.0,0.0,0.16512706875801086,,,
1.0,1.0,0.6885562539100647,,,
1.0,0.0,0.4562190771102905,,,
1.0,0.0,0.38145390152931213,,,
1.0,0.0,0.4666728079319,,,
0.0,0.0,0.16437962651252747,,,
0.0,0.0,0.29402875900268555,,,
0.0,0.0,0.28014588356018066,,,
0.0,0.0,0.4886009395122528,,,
0.0,1.0,0.6284006834030151,,,
0.0,1.0,0.7324804663658142,,,
0.0,0.0,0.4026256799697876,,,
0.0,0.0,0.23038390278816223,,,
0.0,0.0,0.3226013779640198,,,
0.0,1.0,0.5399988889694214,,,
0.0,0.0,0.39096713066101074,,,
1.0,0.0,0.4142840802669525,,,
0.0,0.0,0.4776919484138489,,,
1.0,1.0,0.7216185331344604,,,
0.0,0.0,0.3267715573310852,,,
0.0,0.0,0.19979222118854523,,,
1.0,0.0,0.49762123823165894,,,
0.0,0.0,0.32012948393821716,,,
0.0,0.0,0.43425896763801575,,,
0.0,0.0,0.4135843813419342,,,
1.0,1.0,0.8670306205749512,,,
1.0,0.0,0.32874903082847595,,,
1.0,0.0,0.23524397611618042,,,
0.0,0.0,0.3395293056964874,,,
1.0,1.0,0.5365128517150879,,,
0.0,0.0,0.3110044002532959,,,
1.0,1.0,0.5829336047172546,,,
1.0,1.0,0.5333282351493835,,,
0.0,0.0,0.40085333585739136,,,
1.0,0.0,0.36788874864578247,,,
1.0,1.0,0.8149641156196594,,,
1.0,0.0,0.4201071560382843,,,
1.0,0.0,0.4515764117240906,,,
1.0,1.0,0.7252089381217957,,,
0.0,0.0,0.26680707931518555,,,
1.0,0.0,0.41441604495048523,,,
1.0,1.0,0.87168288230896,,,
1.0,0.0,0.2745235562324524,,,
1.0,0.0,0.2608192265033722,,,
1.0,0.0,0.48439911007881165,,,
0.0,0.0,0.22141583263874054,,,
0.0,0.0,0.29476112127304077,,,
0.0,1.0,0.570851743221283,,,
1.0,0.0,0.3049919009208679,,,
1.0,1.0,0.7299728989601135,,,
0.0,0.0,0.25151652097702026,,,
0.0,0.0,0.28894463181495667,,,
0.0,1.0,0.5289486050605774,,,
1.0,1.0,0.8891302943229675,,,
0.0,0.0,0.3281101882457733,,,
1.0,1.0,0.5443764925003052,,,
0.0,1.0,0.6009395718574524,,,
0.0,0.0,0.3034181594848633,,,
0.0,0.0,0.46559590101242065,,,
0.0,0.0,0.27627575397491455,,,
1.0,0.0,0.4035254120826721,,,
0.0,0.0,0.43492066860198975,,,
1.0,1.0,0.5390238761901855,,,
0.0,1.0,0.5505920052528381,,,
1.0,1.0,0.8232354521751404,,,
1.0,1.0,0.7431744337081909,,,
0.0,0.0,0.38193026185035706,,,
1.0,0.0,0.4418993890285492,,,
1.0,0.0,0.41076210141181946,,,
0.0,1.0,0.6560409665107727,,,
0.0,0.0,0.38804373145103455,,,
1.0,1.0,0.5025869607925415,,,
1.0,1.0,0.5643592476844788,,,
0.0,0.0,0.368618369102478,,,
0.0,0.0,0.2620314955711365,,,
0.0,0.0,0.22731171548366547,,,
1.0,1.0,0.8191542625427246,,,
0.0,0.0,0.2835424840450287,,,
0.0,0.0,0.386231392621994,,,
1.0,1.0,0.6850693225860596,,,
1.0,1.0,0.8677697777748108,,,
1.0,1.0,0.7113674283027649,,,
1.0,1.0,0.5132502317428589,,,
1.0,1.0,0.6735855340957642,,,
0.0,1.0,0.5217702984809875,,,
0.0,0.0,0.33826228976249695,,,
0.0,0.0,0.3408230245113373,,,
1.0,0.0,0.48204994201660156,,,
0.0,0.0,0.2755853533744812,,,
0.0,0.0,0.36857864260673523,,,
1.0,1.0,0.6263281106948853,,,
1.0,0.0,0.4880963861942291,,,
0.0,0.0,0.39065441489219666,,,
0.0,0.0,0.4063330590724945,,,
0.0,0.0,0.3823283314704895,,,
1.0,0.0,0.49965351819992065,,,
1.0,0.0,0.44728660583496094,,,
1.0,0.0,0.40628913044929504,,,
0.0,0.0,0.2480044662952423,,,
0.0,0.0,0.4555852711200714,,,
1.0,1.0,0.7123157382011414,,,
0.0,0.0,0.2113628089427948,,,
1.0,1.0,0.7847996950149536,,,
1.0,0.0,0.3091646432876587,,,
1.0,1.0,0.8038333058357239,,,
0.0,1.0,0.6843465566635132,,,
0.0,0.0,0.26401522755622864,,,
0.0,0.0,0.3126891553401947,,,
0.0,0.0,0.47257861495018005,,,
0.0,0.0,0.36732563376426697,,,
1.0,1.0,0.7931594252586365,,,
1.0,1.0,0.5500194430351257,,,
0.0,0.0,0.23344983160495758,,,
1.0,1.0,0.6008298397064209,,,
0.0,0.0,0.47302791476249695,,,
0.0,0.0,0.469031423330307,,,
1.0,1.0,0.7826439738273621,,,
1.0,1.0,0.742946207523346,,,
1.0,0.0,0.4447515308856964,,,
1.0,1.0,0.7544535994529724,,,
0.0,0.0,0.22762271761894226,,,
0.0,0.0,0.4796310067176819,,,
0.0,0.0,0.3393948972225189,,,
0.0,1.0,0.5512703657150269,,,
1.0,1.0,0.5896165370941162,,,
0.0,1.0,0.6607884764671326,,,
0.0,0.0,0.385829359292984,,,
1.0,1.0,0.5818631649017334,,,
0.0,0.0,0.21703886985778809,,,
0.0,0.0,0.4076409339904785,,,
1.0,0.0,0.4290117919445038,,,
0.0,0.0,0.3207789957523346,,,
1.0,0.0,0.3958391845226288,,,
0.0,0.0,0.41507282853126526,,,
0.0,0.0,0.3680236041545868,,,
1.0,1.0,0.6157951354980469,,,
0.0,1.0,0.5465251803398132,,,
1.0,1.0,0.8366801738739014,,,
1.0,1.0,0.6760280132293701,,,
1.0,0.0,0.3056812882423401,,,
0.0,0.0,0.16453038156032562,,,
0.0,0.0,0.17108437418937683,,,
0.0,1.0,0.6205126643180847,,,
0.0,0.0,0.4542701542377472,,,
0.0,0.0,0.4793154001235962,,,
1.0,0.0,0.47036415338516235,,,
0.0,0.0,0.32768410444259644,,,
1.0,1.0,0.6331679821014404,,,
1.0,1.0,0.8006755709648132,,,
0.0,0.0,0.46615171432495117,,,
1.0,1.0,0.8111343383789062,,,
0.0,0.0,0.27779853343963623,,,
0.0,0.0,0.24812772870063782,,,
0.0,0.0,0.25535333156585693,,,
1.0,1.0,0.7778552174568176,,,
1.0,1.0,0.5435563921928406,,,
1.0,1.0,0.7310805916786194,,,
0.0,0.0,0.37461230158805847,,,
0.0,0.0,0.24236571788787842,,,
1.0,1.0,0.8823161125183105,,,
0.0,0.0,0.25843313336372375,,,
0.0,0.0,0.28902676701545715,,,
0.0,0.0,0.2773750126361847,,,
0.0,1.0,0.5752997994422913,,,
1.0,1.0,0.5059592723846436,,,
1.0,1.0,0.753276526927948,,,
1.0,1.0,0.6541769504547119,,,
0.0,0.0,0.4170364439487457,,,
1.0,1.0,0.6009817719459534,,,
1.0,1.0,0.642985463142395,,,
1.0,1.0,0.7412307262420654,,,
0.0,0.0,0.38993582129478455,,,
1.0,0.0,0.436259925365448,,,
0.0,0.0,0.1695704460144043,,,
0.0,0.0,0.2294907420873642,,,
1.0,1.0,0.5443268418312073,,,
0.0,0.0,0.40378618240356445,,,
1.0,0.0,0.3497067093849182,,,
1.0,1.0,0.6086880564689636,,,
0.0,0.0,0.3154529929161072,,,
0.0,1.0,0.7676597237586975,,,
0.0,0.0,0.35942769050598145,,,
0.0,0.0,0.31941482424736023,,,
1.0,1.0,0.8909823894500732,,,
1.0,1.0,0.5770565867424011,,,
1.0,0.0,0.4734668433666229,,,
1.0,1.0,0.5362069010734558,,,
0.0,0.0,0.20598344504833221,,,
0.0,1.0,0.530648946762085,,,
1.0,1.0,0.51959627866745,,,
1.0,1.0,0.8663836717605591,,,
1.0,0.0,0.23027047514915466,,,
1.0,0.0,0.46705642342567444,,,
0.0,0.0,0.3851780891418457,,,
0.0,0.0,0.3603293299674988,,,
0.0,0.0,0.420623779296875,,,
0.0,0.0,0.4209701716899872,,,
1.0,0.0,0.41412103176116943,,,
0.0,0.0,0.35285985469818115,,,
1.0,0.0,0.2775820791721344,,,
1.0,1.0,0.9116324782371521,,,
0.0,0.0,0.435854434967041,,,
1.0,1.0,0.5668386816978455,,,
0.0,0.0,0.3274536430835724,,,
0.0,0.0,0.4029868543148041,,,
0.0,0.0,0.4052294194698334,,,
0.0,0.0,0.49916645884513855,,,
1.0,0.0,0.3575722575187683,,,
0.0,0.0,0.22466810047626495,,,
0.0,0.0,0.44940701127052307,,,
1.0,1.0,0.6752008199691772,,,
0.0,0.0,0.19909892976284027,,,
1.0,1.0,0.8352854251861572,,,
1.0,0.0,0.44278499484062195,,,
0.0,0.0,0.2922969460487366,,,
1.0,0.0,0.4434698224067688,,,
0.0,1.0,0.6921396851539612,,,
1.0,1.0,0.74005526304245,,,
0.0,1.0,0.6182034611701965,,,
1.0,0.0,0.487979531288147,,,
0.0,0.0,0.228044331073761,,,
0.0,0.0,0.38607168197631836,,,
1.0,1.0,0.8517494797706604,,,
1.0,1.0,0.8827530741691589,,,
0.0,0.0,0.4264426529407501,,,
1.0,1.0,0.7538299560546875,,,
0.0,0.0,0.36596956849098206,,,
0.0,0.0,0.3952668607234955,,,
1.0,1.0,0.6116187572479248,,,
0.0,0.0,0.3675578534603119,,,
1.0,1.0,0.7254070043563843,,,
0.0,0.0,0.270923912525177,,,
1.0,1.0,0.8332428336143494,,,
1.0,1.0,0.51165771484375,,,
1.0,1.0,0.7558286190032959,,,
1.0,1.0,0.8248924016952515,,,
1.0,0.0,0.3928399980068207,,,
1.0,0.0,0.4415804147720337,,,
1.0,0.0,0.42996475100517273,,,
0.0,0.0,0.38083311915397644,,,
1.0,1.0,0.7276524305343628,,,
0.0,0.0,0.2391625940799713,,,
0.0,1.0,0.5617076754570007,,,
0.0,0.0,0.3258199691772461,,,
0.0,0.0,0.23694828152656555,,,
1.0,0.0,0.2847878038883209,,,
1.0,1.0,0.6504411697387695,,,
1.0,1.0,0.5565754771232605,,,
0.0,0.0,0.2519770860671997,,,
0.0,0.0,0.44766250252723694,,,
1.0,1.0,0.6053751707077026,,,
1.0,1.0,0.8710271120071411,,,
1.0,1.0,0.7056783437728882,,,
0.0,0.0,0.38042792677879333,,,
0.0,1.0,0.63972008228302,,,
1.0,1.0,0.5207966566085815,,,
0.0,0.0,0.40551045536994934,,,
1.0,0.0,0.3944462537765503,,,
0.0,0.0,0.1482149064540863,,,
1.0,1.0,0.7707026600837708,,,
0.0,0.0,0.3605760931968689,,,
1.0,0.0,0.4285254180431366,,,
0.0,0.0,0.4223473072052002,,,
0.0,0.0,0.31474074721336365,,,
0.0,0.0,0.3419073820114136,,,
0.0,0.0,0.3842583894729614,,,
1.0,0.0,0.3257584273815155,,,
1.0,0.0,0.48696041107177734,,,
0.0,0.0,0.4852808713912964,,,
0.0,0.0,0.4941657483577728,,,
0.0,1.0,0.521833062171936,,,
1.0,0.0,0.3992246687412262,,,
0.0,0.0,0.2701534628868103,,,
0.0,0.0,0.47673705220222473,,,
0.0,0.0,0.44412946701049805,,,
1.0,1.0,0.8720147013664246,,,
0.0,0.0,0.42808157205581665,,,
0.0,0.0,0.3734121024608612,,,
1.0,1.0,0.5837163925170898,,,
1.0,1.0,0.8057631850242615,,,
0.0,0.0,0.36422768235206604,,,
0.0,1.0,0.5985636711120605,,,
1.0,1.0,0.7038630247116089,,,
1.0,1.0,0.8464219570159912,,,
1.0,1.0,0.8511409759521484,,,
0.0,0.0,0.21081668138504028,,,
0.0,0.0,0.4526154398918152,,,
1.0,1.0,0.7351575493812561,,,
1.0,1.0,0.5357944965362549,,,
0.0,0.0,0.332980215549469,,,
0.0,0.0,0.49569958448410034,,,
1.0,1.0,0.5260509252548218,,,
0.0,0.0,0.3777726888656616,,,
0.0,0.0,0.3496151268482208,,,
1.0,1.0,0.5587613582611084,,,
0.0,0.0,0.4707795977592468,,,
1.0,1.0,0.5235635638237,,,
1.0,1.0,0.8954470753669739,,,
0.0,0.0,0.4033038020133972,,,
1.0,0.0,0.30787479877471924,,,
1.0,0.0,0.3708701431751251,,,
0.0,0.0,0.35875868797302246,,,
1.0,1.0,0.5834506154060364,,,
1.0,1.0,0.5264760851860046,,,
1.0,0.0,0.3032435178756714,,,
1.0,1.0,0.8069035410881042,,,
0.0,0.0,0.2792768180370331,,,
1.0,0.0,0.30715805292129517,,,
0.0,1.0,0.5527992248535156,,,
1.0,1.0,0.7215468883514404,,,
1.0,0.0,0.45189791917800903,,,
0.0,0.0,0.34590327739715576,,,
1.0,1.0,0.7995632290840149,,,
0.0,0.0,0.43624138832092285,,,
0.0,0.0,0.46314382553100586,,,
1.0,1.0,0.5882167220115662,,,
1.0,0.0,0.46172216534614563,,,
1.0,0.0,0.444265216588974,,,
1.0,1.0,0.5176727771759033,,,
1.0,1.0,0.6304969191551208,,,
1.0,1.0,0.6575515866279602,,,
0.0,0.0,0.33481067419052124,,,
0.0,1.0,0.7066155672073364,,,
1.0,0.0,0.34769922494888306,,,
1.0,1.0,0.5956234335899353,,,
0.0,0.0,0.32311803102493286,,,
0.0,0.0,0.4129333794116974,,,
0.0,0.0,0.4341481029987335,,,
0.0,0.0,0.3788941204547882,,,
1.0,0.0,0.4713127017021179,,,
0.0,0.0,0.33759963512420654,,,
0.0,1.0,0.6006641983985901,,,
0.0,0.0,0.33695560693740845,,,
1.0,0.0,0.3908335864543915,,,
1.0,1.0,0.5915448069572449,,,
1.0,1.0,0.7971139550209045,,,
0.0,0.0,0.297290176153183,,,
1.0,0.0,0.3254883885383606,,,
0.0,0.0,0.3379511833190918,,,
1.0,1.0,0.5885317921638489,,,
1.0,1.0,0.5733336806297302,,,
0.0,0.0,0.2582169771194458,,,
0.0,0.0,0.18554604053497314,,,
1.0,1.0,0.8255385756492615,,,
0.0,0.0,0.3640957772731781,,,
0.0,1.0,0.5588331818580627,,,
0.0,0.0,0.4170512557029724,,,
0.0,1.0,0.7183712124824524,,,
1.0,0.0,0.4999002516269684,,,
1.0,1.0,0.7256597876548767,,,
1.0,0.0,0.47459107637405396,,,
0.0,0.0,0.3770044445991516,,,
0.0,1.0,0.5691254138946533,,,
0.0,0.0,0.4109286963939667,,,
1.0,0.0,0.3056735396385193,,,
1.0,1.0,0.8975754976272583,,,
1.0,0.0,0.43907028436660767,,,
1.0,1.0,0.6077155470848083,,,
0.0,0.0,0.3522084057331085,,,
1.0,1.0,0.5146268010139465,,,
1.0,0.0,0.4461730420589447,,,
1.0,0.0,0.31191179156303406,,,
0.0,0.0,0.4511968195438385,,,
0.0,0.0,0.28823912143707275,,,
0.0,0.0,0.38192224502563477,,,
1.0,1.0,0.5917350649833679,,,
0.0,0.0,0.30047470331192017,,,
0.0,0.0,0.38815316557884216,,,
0.0,0.0,0.43002188205718994,,,
1.0,1.0,0.7466222643852234,,,
1.0,1.0,0.6056076884269714,,,
0.0,0.0,0.3309459686279297,,,
0.0,0.0,0.2917933166027069,,,
1.0,1.0,0.8254191875457764,,,
0.0,0.0,0.4858757555484772,,,
0.0,0.0,0.3526823818683624,,,
1.0,0.0,0.49594417214393616,,,
0.0,0.0,0.253618448972702,,,
1.0,0.0,0.49191176891326904,,,
0.0,0.0,0.3008706271648407,,,
0.0,0.0,0.31376582384109497,,,
1.0,0.0,0.38958874344825745,,,
1.0,1.0,0.6306065320968628,,,
0.0,1.0,0.7813245058059692,,,
1.0,1.0,0.5143680572509766,,,
0.0,0.0,0.43459758162498474,,,
1.0,1.0,0.5192436575889587,,,
1.0,1.0,0.7174679040908813,,,
1.0,1.0,0.6581987738609314,,,
0.0,0.0,0.2609194219112396,,,
1.0,1.0,0.5292433500289917,,,
0.0,0.0,0.33873316645622253,,,
1.0,0.0,0.40061771869659424,,,
0.0,0.0,0.4451821446418762,,,
0.0,0.0,0.44429445266723633,,,
0.0,0.0,0.24595597386360168,,,
0.0,1.0,0.5101461410522461,,,
0.0,0.0,0.4263567328453064,,,
1.0,1.0,0.6758934855461121,,,
0.0,0.0,0.28023621439933777,,,
0.0,1.0,0.6495748162269592,,,
0.0,0.0,0.3491481840610504,,,
0.0,0.0,0.32025498151779175,,,
0.0,0.0,0.3134106695652008,,,
1.0,1.0,0.5463957786560059,,,
0.0,1.0,0.527377188205719,,,
1.0,0.0,0.3101535737514496,,,
0.0,0.0,0.353855699300766,,,
0.0,0.0,0.23498643934726715,,,
1.0,1.0,0.576076090335846,,,
1.0,1.0,0.5403338074684143,,,
0.0,0.0,0.44624602794647217,,,
0.0,0.0,0.34923747181892395,,,
1.0,0.0,0.4395802319049835,,,
0.0,0.0,0.42458873987197876,,,
0.0,0.0,0.299532413482666,,,
0.0,0.0,0.420052170753479,,,
0.0,0.0,0.2814001142978668,,,
1.0,1.0,0.6643230319023132,,,
0.0,0.0,0.2745642066001892,,,
1.0,0.0,0.49054834246635437,,,
1.0,0.0,0.4053759276866913,,,
1.0,1.0,0.8691458106040955,,,
0.0,0.0,0.2812168002128601,,,
1.0,1.0,0.5277841687202454,,,
0.0,0.0,0.3498186469078064,,,
1.0,1.0,0.510941743850708,,,
1.0,1.0,0.8992047309875488,,,
0.0,0.0,0.4828437268733978,,,
1.0,1.0,0.6842061281204224,,,
0.0,1.0,0.7177460789680481,,,
0.0,0.0,0.22337089478969574,,,
1.0,0.0,0.44880399107933044,,,
1.0,0.0,0.4329538941383362,,,
0.0,0.0,0.3006961941719055,,,
0.0,0.0,0.4453253448009491,,,
1.0,1.0,0.735711395740509,,,
1.0,1.0,0.7838818430900574,,,
0.0,0.0,0.2983466386795044,,,
0.0,1.0,0.5311535000801086,,,
0.0,0.0,0.15763579308986664,,,
1.0,1.0,0.6248328685760498,,,
0.0,0.0,0.3106379508972168,,,
0.0,0.0,0.26156380772590637,,,
0.0,0.0,0.44622060656547546,,,
0.0,0.0,0.31620165705680847,,,
1.0,1.0,0.7501955032348633,,,
0.0,0.0,0.3920009136199951,,,
1.0,0.0,0.3944101929664612,,,
1.0,1.0,0.5112656354904175,,,
1.0,1.0,0.8942998051643372,,,
0.0,1.0,0.5048682689666748,,,
1.0,1.0,0.692568302154541,,,
1.0,1.0,0.7826300859451294,,,
1.0,1.0,0.6038545370101929,,,
1.0,1.0,0.5790706276893616,,,
1.0,1.0,0.8367263674736023,,,
0.0,0.0,0.46215975284576416,,,
0.0,0.0,0.46238523721694946,,,
1.0,0.0,0.344148188829422,,,
1.0,0.0,0.4013882279396057,,,
1.0,1.0,0.7455671429634094,,,
1.0,0.0,0.3309670090675354,,,
1.0,1.0,0.5712777376174927,,,
0.0,0.0,0.24149756133556366,,,
0.0,0.0,0.30628588795661926,,,
0.0,0.0,0.3824717104434967,,,
1.0,1.0,0.6779348254203796,,,
0.0,0.0,0.2878103256225586,,,
1.0,0.0,0.30189600586891174,,,
1.0,0.0,0.34197261929512024,,,
1.0,0.0,0.41292423009872437,,,
0.0,1.0,0.5215041041374207,,,
1.0,1.0,0.6533142924308777,,,
0.0,0.0,0.2710750699043274,,,
0.0,0.0,0.36772799491882324,,,
1.0,0.0,0.45862334966659546,,,
0.0,0.0,0.21677015721797943,,,
0.0,0.0,0.16825975477695465,,,
1.0,0.0,0.41730934381484985,,,
1.0,0.0,0.4147154688835144,,,
0.0,0.0,0.2989965081214905,,,
0.0,0.0,0.48393508791923523,,,
1.0,1.0,0.7764390707015991,,,
0.0,0.0,0.4384920001029968,,,
1.0,1.0,0.9229660034179688,,,
1.0,0.0,0.40399599075317383,,,
0.0,0.0,0.4346238970756531,,,
1.0,1.0,0.5846333503723145,,,
0.0,0.0,0.34468236565589905,,,
1.0,1.0,0.5726380348205566,,,
1.0,0.0,0.49248018860816956,,,
0.0,1.0,0.5053061842918396,,,
0.0,0.0,0.37799447774887085,,,
0.0,1.0,0.524824321269989,,,
1.0,1.0,0.6160174608230591,,,
1.0,0.0,0.48433294892311096,,,
1.0,0.0,0.4131547510623932,,,
1.0,1.0,0.5375487208366394,,,
1.0,1.0,0.5340166687965393,,,
1.0,0.0,0.4479811191558838,,,
0.0,0.0,0.4283648133277893,,,
0.0,0.0,0.3486175239086151,,,
1.0,1.0,0.7163086533546448,,,
0.0,0.0,0.29555895924568176,,,
0.0,0.0,0.3099781274795532,,,
0.0,0.0,0.3624422252178192,,,
0.0,0.0,0.3549782633781433,,,
0.0,0.0,0.3403952121734619,,,
1.0,0.0,0.4072827696800232,,,
0.0,0.0,0.19765599071979523,,,
1.0,1.0,0.5783377289772034,,,
0.0,0.0,0.4332500398159027,,,
0.0,0.0,0.3569151759147644,,,
0.0,0.0,0.29641956090927124,,,
0.0,0.0,0.4051136374473572,,,
1.0,0.0,0.4305843412876129,,,
1.0,1.0,0.7859304547309875,,,
0.0,1.0,0.5637754797935486,,,
0.0,0.0,0.22031466662883759,,,
0.0,0.0,0.3718097507953644,,,
1.0,1.0,0.7480937838554382,,,
0.0,0.0,0.2224327027797699,,,
0.0,1.0,0.6544797420501709,,,
0.0,0.0,0.3104396462440491,,,
0.0,0.0,0.2755424678325653,,,
0.0,0.0,0.43471449613571167,,,
1.0,1.0,0.8711024522781372,,,
1.0,1.0,0.5550577640533447,,,
1.0,0.0,0.44032201170921326,,,
1.0,1.0,0.6362294554710388,,,
1.0,0.0,0.36375415325164795,,,
1.0,1.0,0.7447205185890198,,,
1.0,1.0,0.6960251331329346,,,
0.0,0.0,0.37158846855163574,,,
1.0,1.0,0.6717303395271301,,,
0.0,0.0,0.33613893389701843,,,
0.0,1.0,0.6003498435020447,,,
0.0,0.0,0.3022908568382263,,,
1.0,1.0,0.7192052602767944,,,
0.0,0.0,0.24457764625549316,,,
1.0,1.0,0.8656648993492126,,,
0.0,0.0,0.2316732406616211,,,
1.0,1.0,0.6397867798805237,,,
0.0,0.0,0.2184285819530487,,,
1.0,1.0,0.7481441497802734,,,
0.0,0.0,0.4420839846134186,,,
1.0,1.0,0.7756938934326172,,,
0.0,0.0,0.42892950773239136,,,
1.0,1.0,0.8723896145820618,,,
1.0,1.0,0.8491520285606384,,,
0.0,0.0,0.1852976679801941,,,
0.0,0.0,0.38604193925857544,,,
1.0,1.0,0.7345148324966431,,,
1.0,0.0,0.4936344623565674,,,
0.0,0.0,0.39469826221466064,,,
0.0,1.0,0.508461058139801,,,
1.0,1.0,0.6116845011711121,,,
1.0,1.0,0.7475041151046753,,,
1.0,1.0,0.8425201177597046,,,
1.0,1.0,0.808375895023346,,,
1.0,0.0,0.4483121335506439,,,
1.0,0.0,0.4211299419403076,,,
0.0,0.0,0.29880431294441223,,,
0.0,0.0,0.34063562750816345,,,
1.0,0.0,0.42091938853263855,,,
1.0,1.0,0.7775385975837708,,,
1.0,0.0,0.4371328353881836,,,
1.0,1.0,0.7858964204788208,,,
0.0,0.0,0.35521194338798523,,,
0.0,0.0,0.3583611249923706,,,
0.0,1.0,0.5482437610626221,,,
1.0,0.0,0.39404669404029846,,,
0.0,1.0,0.5352309346199036,,,
0.0,0.0,0.452709436416626,,,
1.0,0.0,0.470479279756546,,,
1.0,1.0,0.7400518655776978,,,
0.0,1.0,0.5571615695953369,,,
1.0,0.0,0.4517688751220703,,,
1.0,1.0,0.6786439418792725,,,
1.0,1.0,0.6515458822250366,,,
0.0,0.0,0.39727583527565,,,
0.0,0.0,0.29748064279556274,,,
0.0,1.0,0.518110454082489,,,
0.0,0.0,0.46232205629348755,,,
1.0,1.0,0.5278058052062988,,,
1.0,1.0,0.5096419453620911,,,
0.0,0.0,0.36853697896003723,,,
0.0,0.0,0.36145085096359253,,,
0.0,0.0,0.35496389865875244,,,
1.0,1.0,0.6977001428604126,,,
0.0,0.0,0.4512430727481842,,,
1.0,1.0,0.7308337688446045,,,
0.0,0.0,0.4260523319244385,,,
1.0,1.0,0.565357506275177,,,
0.0,0.0,0.4709565341472626,,,
1.0,1.0,0.7264143228530884,,,
1.0,1.0,0.5407920479774475,,,
0.0,0.0,0.26094865798950195,,,
0.0,0.0,0.38818520307540894,,,
0.0,0.0,0.48907867074012756,,,
0.0,1.0,0.5085206627845764,,,
0.0,0.0,0.22849638760089874,,,
0.0,0.0,0.39228880405426025,,,
0.0,0.0,0.34775105118751526,,,
0.0,0.0,0.4453761875629425,,,
0.0,0.0,0.3477030098438263,,,
0.0,0.0,0.26975294947624207,,,
0.0,0.0,0.36221855878829956,,,
1.0,0.0,0.41010582447052,,,
0.0,0.0,0.3784584105014801,,,
1.0,1.0,0.6126191020011902,,,
1.0,1.0,0.5584743022918701,,,
0.0,0.0,0.3499352037906647,,,
0.0,0.0,0.3777581453323364,,,
0.0,0.0,0.49402308464050293,,,
1.0,1.0,0.8086038827896118,,,
0.0,1.0,0.5135698318481445,,,
0.0,0.0,0.3013608157634735,,,
0.0,0.0,0.2823857367038727,,,
1.0,1.0,0.524547278881073,,,
1.0,0.0,0.4697704315185547,,,
0.0,0.0,0.3353784680366516,,,
1.0,1.0,0.6800828576087952,,,
0.0,0.0,0.16512706875801086,,,
1.0,1.0,0.6173103451728821,,,
1.0,1.0,0.793291449546814,,,
1.0,1.0,0.824356198310852,,,
1.0,1.0,0.8198251724243164,,,
1.0,1.0,0.7351312041282654,,,
0.0,1.0,0.5383415818214417,,,
0.0,0.0,0.2988310158252716,,,
1.0,0.0,0.43860533833503723,,,
0.0,0.0,0.3457004129886627,,,
1.0,0.0,0.28823912143707275,,,
1.0,0.0,0.4094046950340271,,,
1.0,1.0,0.552474319934845,,,
1.0,1.0,0.6412373781204224,,,
1.0,1.0,0.5092928409576416,,,
1.0,1.0,0.912754476070404,,,
1.0,1.0,0.8992047309875488,,,
1.0,1.0,0.7604391574859619,,,
0.0,0.0,0.2896284759044647,,,
0.0,0.0,0.39720720052719116,,,
0.0,0.0,0.38941097259521484,,,
1.0,1.0,0.5328540802001953,,,
0.0,0.0,0.19880381226539612,,,
0.0,0.0,0.3033791482448578,,,
0.0,0.0,0.46341148018836975,,,
0.0,0.0,0.3924148976802826,,,
0.0,0.0,0.43188244104385376,,,
1.0,0.0,0.41292423009872437,,,
1.0,0.0,0.4978232681751251,,,
1.0,1.0,0.6667269468307495,,,
1.0,1.0,0.7784212231636047,,,
0.0,0.0,0.3581297695636749,,,
0.0,0.0,0.4382009208202362,,,
1.0,0.0,0.46069782972335815,,,
0.0,0.0,0.36113813519477844,,,
0.0,1.0,0.5430353283882141,,,
0.0,1.0,0.5209740996360779,,,
0.0,0.0,0.15804244577884674,,,
1.0,0.0,0.48009440302848816,,,
1.0,1.0,0.8237518072128296,,,
0.0,1.0,0.5117078423500061,,,
1.0,1.0,0.9160933494567871,,,
0.0,0.0,0.29120680689811707,,,
0.0,0.0,0.23485396802425385,,,
1.0,1.0,0.533794641494751,,,
1.0,1.0,0.5102688074111938,,,
0.0,0.0,0.32685819268226624,,,
0.0,0.0,0.3935925364494324,,,
1.0,0.0,0.47299402952194214,,,
1.0,0.0,0.3792107105255127,,,
1.0,1.0,0.6548775434494019,,,
0.0,0.0,0.38893938064575195,,,
0.0,0.0,0.30750471353530884,,,
1.0,1.0,0.5890803337097168,,,
1.0,1.0,0.6577519774436951,,,
1.0,0.0,0.48833033442497253,,,
1.0,1.0,0.658546507358551,,,
0.0,1.0,0.576883852481842,,,
0.0,1.0,0.5291196703910828,,,
1.0,0.0,0.3575793206691742,,,
1.0,0.0,0.4544069766998291,,,
1.0,1.0,0.5656847953796387,,,
1.0,1.0,0.694623589515686,,,
1.0,1.0,0.5566683411598206,,,
0.0,0.0,0.4429488480091095,,,
1.0,1.0,0.8941226601600647,,,
1.0,1.0,0.533815324306488,,,
0.0,0.0,0.41099441051483154,,,
1.0,1.0,0.8599121570587158,,,
1.0,0.0,0.36922353506088257,,,
0.0,0.0,0.21251659095287323,,,
1.0,1.0,0.7135749459266663,,,
0.0,0.0,0.2519424557685852,,,
1.0,1.0,0.7309287190437317,,,
1.0,0.0,0.42211204767227173,,,
1.0,1.0,0.5988176465034485,,,
1.0,1.0,0.5534889101982117,,,
0.0,0.0,0.3576294779777527,,,
0.0,0.0,0.1926107555627823,,,
0.0,1.0,0.5346483588218689,,,
0.0,0.0,0.3002397418022156,,,
1.0,0.0,0.37882718443870544,,,
1.0,1.0,0.8062841892242432,,,
1.0,1.0,0.6731948256492615,,,
1.0,0.0,0.38478580117225647,,,
0.0,0.0,0.16512706875801086,,,
0.0,0.0,0.4391689896583557,,,
0.0,0.0,0.37983474135398865,,,
1.0,1.0,0.6175419092178345,,,
1.0,1.0,0.5405933260917664,,,
0.0,0.0,0.22852087020874023,,,
0.0,0.0,0.1702030599117279,,,
1.0,0.0,0.40035516023635864,,,
0.0,0.0,0.40859290957450867,,,
0.0,0.0,0.3621861934661865,,,
1.0,1.0,0.6803949475288391,,,
1.0,0.0,0.42381900548934937,,,
1.0,1.0,0.6721581220626831,,,
0.0,0.0,0.303619384765625,,,
0.0,0.0,0.3368363678455353,,,
1.0,1.0,0.7146950960159302,,,
0.0,0.0,0.28876760601997375,,,
1.0,1.0,0.6086282134056091,,,
0.0,0.0,0.2943771183490753,,,
0.0,0.0,0.33435675501823425,,,
0.0,0.0,0.3673284649848938,,,
0.0,0.0,0.3302898108959198,,,
0.0,1.0,0.6559842228889465,,,
1.0,1.0,0.7835491299629211,,,
0.0,0.0,0.3569151759147644,,,
0.0,1.0,0.6987787485122681,,,
0.0,0.0,0.16512706875801086,,,
1.0,1.0,0.5913025736808777,,,
0.0,0.0,0.356592059135437,,,
0.0,0.0,0.3765830993652344,,,
0.0,0.0,0.34831011295318604,,,
1.0,1.0,0.8335964679718018,,,
0.0,0.0,0.28562596440315247,,,
1.0,1.0,0.5770565867424011,,,
1.0,0.0,0.3963431715965271,,,
0.0,0.0,0.4646410048007965,,,
1.0,1.0,0.9097715616226196,,,
0.0,1.0,0.6850625872612,,,
0.0,0.0,0.3298565149307251,,,
1.0,1.0,0.7025267481803894,,,
0.0,0.0,0.410504549741745,,,
0.0,0.0,0.4014865458011627,,,
0.0,0.0,0.3668138384819031,,,
0.0,0.0,0.4453168511390686,,,
0.0,0.0,0.26732078194618225,,,
0.0,0.0,0.32239294052124023,,,
1.0,1.0,0.5376821160316467,,,
1.0,0.0,0.39895111322402954,,,
1.0,1.0,0.8921228647232056,,,
1.0,0.0,0.4001384377479553,,,
0.0,1.0,0.9102205634117126,,,
1.0,1.0,0.8057224154472351,,,
1.0,1.0,0.5119746327400208,,,
1.0,0.0,0.4299011528491974,,,
0.0,0.0,0.338500052690506,,,
0.0,0.0,0.2724671959877014,,,
1.0,0.0,0.3726649582386017,,,
0.0,1.0,0.5189955234527588,,,
0.0,0.0,0.33707118034362793,,,
0.0,0.0,0.20079350471496582,,,
0.0,0.0,0.3523100018501282,,,
0.0,0.0,0.4138404130935669,,,
1.0,1.0,0.625844419002533,,,
1.0,1.0,0.8058079481124878,,,
0.0,0.0,0.29101133346557617,,,
0.0,0.0,0.3336296081542969,,,
1.0,0.0,0.4145492613315582,,,
0.0,0.0,0.43536266684532166,,,
1.0,0.0,0.474439799785614,,,
1.0,1.0,0.6781945824623108,,,
1.0,1.0,0.608536422252655,,,
1.0,1.0,0.8254191875457764,,,
0.0,0.0,0.18453098833560944,,,
0.0,1.0,0.5885648727416992,,,
1.0,1.0,0.608790934085846,,,
1.0,1.0,0.7573225498199463,,,
0.0,0.0,0.2989865839481354,,,
1.0,0.0,0.2714892625808716,,,
1.0,1.0,0.6732955574989319,,,
0.0,0.0,0.3865445852279663,,,
1.0,0.0,0.4490894377231598,,,
1.0,1.0,0.7448503971099854,,,
1.0,1.0,0.8171330690383911,,,
1.0,1.0,0.7892002463340759,,,
0.0,0.0,0.3069680631160736,,,
0.0,0.0,0.3595161736011505,,,
0.0,0.0,0.36242377758026123,,,
1.0,0.0,0.33039504289627075,,,
0.0,0.0,0.31290140748023987,,,
0.0,0.0,0.34885695576667786,,,
0.0,0.0,0.33603182435035706,,,
0.0,1.0,0.5378701090812683,,,
0.0,1.0,0.6512970924377441,,,
1.0,1.0,0.812828004360199,,,
1.0,0.0,0.2551990747451782,,,
0.0,0.0,0.14569272100925446,,,
0.0,0.0,0.24635298550128937,,,
0.0,0.0,0.29620692133903503,,,
0.0,0.0,0.34275883436203003,,,
0.0,0.0,0.3926866352558136,,,
0.0,0.0,0.3818734586238861,,,
0.0,0.0,0.3548947274684906,,,
0.0,0.0,0.4132084846496582,,,
1.0,0.0,0.2908201515674591,,,
0.0,0.0,0.33435294032096863,,,
0.0,0.0,0.2220320701599121,,,
1.0,1.0,0.8651226162910461,,,
1.0,1.0,0.717877984046936,,,
0.0,0.0,0.36811596155166626,,,
0.0,1.0,0.5324311852455139,,,
1.0,0.0,0.36221325397491455,,,
1.0,1.0,0.671031653881073,,,
0.0,0.0,0.4470086991786957,,,
0.0,0.0,0.3569151759147644,,,
1.0,1.0,0.5476195216178894,,,
0.0,0.0,0.45380228757858276,,,
1.0,1.0,0.5932586789131165,,,
1.0,1.0,0.7424058318138123,,,
1.0,0.0,0.3583664298057556,,,
1.0,1.0,0.6165128946304321,,,
1.0,0.0,0.43784099817276,,,
1.0,1.0,0.5187608003616333,,,
0.0,0.0,0.3766630291938782,,,
0.0,0.0,0.2314136028289795,,,
1.0,1.0,0.5967884063720703,,,
0.0,1.0,0.7454735636711121,,,
0.0,0.0,0.1965562105178833,,,
1.0,1.0,0.6476606130599976,,,
1.0,0.0,0.43211647868156433,,,
0.0,0.0,0.45198655128479004,,,
0.0,0.0,0.4226916432380676,,,
1.0,1.0,0.5099182724952698,,,
1.0,0.0,0.41332048177719116,,,
1.0,1.0,0.6514283418655396,,,
0.0,0.0,0.4423236548900604,,,
1.0,1.0,0.644439160823822,,,
0.0,0.0,0.3000660538673401,,,
0.0,0.0,0.2332676202058792,,,
0.0,0.0,0.3699847161769867,,,
1.0,0.0,0.40435248613357544,,,
1.0,1.0,0.6380572319030762,,,
1.0,1.0,0.8535380959510803,,,
0.0,0.0,0.31777775287628174,,,
1.0,1.0,0.8606699109077454,,,
0.0,0.0,0.4784108102321625,,,
1.0,1.0,0.5501077175140381,,,
1.0,1.0,0.8349436521530151,,,
1.0,0.0,0.32009583711624146,,,
0.0,0.0,0.47260135412216187,,,
0.0,0.0,0.21818487346172333,,,
0.0,0.0,0.3520859479904175,,,
1.0,0.0,0.39895111322402954,,,
1.0,1.0,0.6228717565536499,,,
0.0,0.0,0.41187652945518494,,,
0.0,0.0,0.35636231303215027,,,
0.0,0.0,0.3370448648929596,,,
0.0,0.0,0.48430386185646057,,,
1.0,1.0,0.6010818481445312,,,
0.0,1.0,0.657381534576416,,,
1.0,1.0,0.8333591222763062,,,
1.0,1.0,0.6286525130271912,,,
1.0,0.0,0.2988837659358978,,,
1.0,1.0,0.6939478516578674,,,
0.0,0.0,0.34259676933288574,,,
0.0,0.0,0.29911041259765625,,,
1.0,1.0,0.7023018598556519,,,
1.0,0.0,0.43476030230522156,,,
1.0,0.0,0.4538976550102234,,,
1.0,1.0,0.6638744473457336,,,
0.0,1.0,0.5370258092880249,,,
1.0,0.0,0.373227596282959,,,
1.0,0.0,0.4520552158355713,,,
1.0,1.0,0.6499060988426208,,,
1.0,1.0,0.5115086436271667,,,
0.0,1.0,0.551172137260437,,,
0.0,0.0,0.3530087471008301,,,
1.0,0.0,0.33838731050491333,,,
0.0,0.0,0.3240371346473694,,,
1.0,1.0,0.8712390661239624,,,
0.0,1.0,0.5058515071868896,,,
0.0,0.0,0.2727150022983551,,,
1.0,1.0,0.8322510719299316,,,
1.0,1.0,0.5614643692970276,,,
1.0,0.0,0.47362086176872253,,,
0.0,0.0,0.40350770950317383,,,
0.0,0.0,0.440712034702301,,,
0.0,0.0,0.2866085171699524,,,
0.0,1.0,0.6309601664543152,,,
0.0,0.0,0.44069379568099976,,,
1.0,1.0,0.5622924566268921,,,
0.0,0.0,0.265868216753006,,,
1.0,0.0,0.4902907609939575,,,
1.0,0.0,0.4536498486995697,,,
1.0,1.0,0.6182634234428406,,,
0.0,0.0,0.48276713490486145,,,
0.0,1.0,0.6844065189361572,,,
0.0,0.0,0.16838081181049347,,,
1.0,1.0,0.6785985827445984,,,
1.0,0.0,0.49036911129951477,,,
0.0,0.0,0.3949808180332184,,,
0.0,0.0,0.31703194975852966,,,
0.0,0.0,0.3512038588523865,,,
1.0,1.0,0.6250823140144348,,,
1.0,1.0,0.89752596616745,,,
0.0,0.0,0.3038589656352997,,,
0.0,0.0,0.3907037377357483,,,
1.0,1.0,0.9005739092826843,,,
0.0,1.0,0.6522267460823059,,,
0.0,1.0,0.6672475337982178,,,
1.0,1.0,0.5241824388504028,,,
0.0,1.0,0.6679225564002991,,,
0.0,0.0,0.4136873483657837,,,
0.0,1.0,0.5518514513969421,,,
0.0,0.0,0.370344877243042,,,
0.0,0.0,0.3307929039001465,,,
1.0,1.0,0.7055093050003052,,,
1.0,1.0,0.6552904844284058,,,
1.0,1.0,0.5684707760810852,,,
1.0,0.0,0.34437379240989685,,,
1.0,0.0,0.48419299721717834,,,
1.0,1.0,0.7006522417068481,,,
0.0,0.0,0.33464422821998596,,,
0.0,0.0,0.3565049171447754,,,
1.0,1.0,0.8393768668174744,,,
0.0,0.0,0.3729317784309387,,,
0.0,0.0,0.33445215225219727,,,
1.0,1.0,0.6842031478881836,,,
0.0,1.0,0.5393203496932983,,,
0.0,0.0,0.34057989716529846,,,
0.0,0.0,0.3832719922065735,,,
0.0,1.0,0.5153514742851257,,,
0.0,0.0,0.4963391423225403,,,
1.0,1.0,0.5927350521087646,,,
1.0,0.0,0.4885200262069702,,,
1.0,0.0,0.4520244300365448,,,
0.0,0.0,0.27585574984550476,,,
0.0,0.0,0.3569151759147644,,,
0.0,0.0,0.16512706875801086,,,
1.0,1.0,0.7958423495292664,,,
0.0,0.0,0.28019800782203674,,,
0.0,0.0,0.4071018099784851,,,
0.0,0.0,0.40032291412353516,,,
0.0,0.0,0.4082777202129364,,,
0.0,0.0,0.38342922925949097,,,
1.0,1.0,0.8219605684280396,,,
0.0,0.0,0.49307718873023987,,,
0.0,0.0,0.3069782555103302,,,
1.0,1.0,0.7512261271476746,,,
0.0,1.0,0.5342985391616821,,,
1.0,1.0,0.6303293704986572,,,
1.0,1.0,0.7132308483123779,,,
0.0,0.0,0.4363822937011719,,,
1.0,1.0,0.5286904573440552,,,
1.0,1.0,0.7863380312919617,,,
0.0,1.0,0.7145295739173889,,,
1.0,1.0,0.5219824910163879,,,
1.0,1.0,0.7756690382957458,,,
0.0,0.0,0.4536498486995697,,,
0.0,1.0,0.5109190344810486,,,
0.0,1.0,0.677318811416626,,,
1.0,0.0,0.3993990123271942,,,
1.0,1.0,0.8144011497497559,,,
1.0,1.0,0.7568788528442383,,,
0.0,0.0,0.1058281809091568,,,
0.0,0.0,0.21627196669578552,,,
1.0,1.0,0.7855725884437561,,,
0.0,0.0,0.38768333196640015,,,
1.0,0.0,0.4299812912940979,,,
1.0,1.0,0.7400518655776978,,,
1.0,1.0,0.9087177515029907,,,
0.0,0.0,0.48875901103019714,,,
1.0,0.0,0.3451896905899048,,,
0.0,0.0,0.31226426362991333,,,
0.0,0.0,0.2544535994529724,,,
0.0,0.0,0.4299311339855194,,,
1.0,1.0,0.6863299012184143,,,
0.0,0.0,0.43602851033210754,,,
0.0,0.0,0.3540291488170624,,,
1.0,1.0,0.6185175180435181,,,
1.0,1.0,0.5123945474624634,,,
1.0,1.0,0.5425934195518494,,,
0.0,0.0,0.37610870599746704,,,
1.0,0.0,0.4910637438297272,,,
0.0,0.0,0.29134488105773926,,,
0.0,0.0,0.29408594965934753,,,
0.0,0.0,0.3141758143901825,,,
1.0,1.0,0.5666053295135498,,,
0.0,0.0,0.4538232982158661,,,
1.0,1.0,0.5385066866874695,,,
0.0,1.0,0.5766708254814148,,,
0.0,0.0,0.14471650123596191,,,
1.0,1.0,0.7537035942077637,,,
0.0,0.0,0.3299421966075897,,,
1.0,1.0,0.6299982070922852,,,
0.0,0.0,0.38267865777015686,,,
0.0,0.0,0.3037874400615692,,,
1.0,1.0,0.6645888686180115,,,
1.0,1.0,0.9104729294776917,,,
0.0,0.0,0.3384384214878082,,,
0.0,0.0,0.37636902928352356,,,
0.0,0.0,0.19952519237995148,,,
0.0,0.0,0.2898640036582947,,,
0.0,0.0,0.23077836632728577,,,
0.0,0.0,0.3736438453197479,,,
1.0,1.0,0.8558682799339294,,,
0.0,0.0,0.391767680644989,,,
1.0,1.0,0.6866806745529175,,,
0.0,0.0,0.2988406717777252,,,
0.0,0.0,0.33935603499412537,,,
1.0,0.0,0.4306870102882385,,,
0.0,0.0,0.31076061725616455,,,
1.0,0.0,0.43803054094314575,,,
0.0,0.0,0.39074063301086426,,,
1.0,0.0,0.41530245542526245,,,
0.0,1.0,0.5282831788063049,,,
0.0,1.0,0.5038360953330994,,,
1.0,0.0,0.4374619126319885,,,
0.0,0.0,0.4098218083381653,,,
0.0,0.0,0.24177801609039307,,,
1.0,1.0,0.5787283182144165,,,
0.0,0.0,0.40075981616973877,,,
1.0,1.0,0.6362520456314087,,,
1.0,1.0,0.6613336205482483,,,
1.0,0.0,0.434364914894104,,,
1.0,0.0,0.49177905917167664,,,
1.0,0.0,0.4635511040687561,,,
0.0,0.0,0.39702078700065613,,,
0.0,0.0,0.44008055329322815,,,
0.0,0.0,0.366032212972641,,,
1.0,1.0,0.5507264733314514,,,
0.0,0.0,0.3393557071685791,,,
1.0,1.0,0.7909789085388184,,,
1.0,1.0,0.616359531879425,,,
0.0,0.0,0.27222707867622375,,,
0.0,0.0,0.4926736354827881,,,
0.0,0.0,0.4590781331062317,,,
0.0,1.0,0.524466872215271,,,
1.0,1.0,0.6471481919288635,,,
1.0,0.0,0.3891695737838745,,,
0.0,0.0,0.3196338713169098,,,
0.0,0.0,0.4109571874141693,,,
0.0,0.0,0.3554147183895111,,,
0.0,0.0,0.45253339409828186,,,
1.0,1.0,0.7216899394989014,,,
1.0,1.0,0.6565806269645691,,,
1.0,1.0,0.5184246301651001,,,
1.0,1.0,0.7608376741409302,,,
0.0,1.0,0.5406272411346436,,,
1.0,0.0,0.4388763904571533,,,
1.0,0.0,0.4757930338382721,,,
0.0,0.0,0.27178090810775757,,,
0.0,0.0,0.262943834066391,,,
0.0,1.0,0.5673788189888,,,
1.0,1.0,0.6554595232009888,,,
0.0,1.0,0.5209551453590393,,,
1.0,0.0,0.3800113797187805,,,
0.0,0.0,0.43149736523628235,,,
0.0,0.0,0.3667947053909302,,,
0.0,0.0,0.27210310101509094,,,
1.0,1.0,0.7520785331726074,,,
1.0,1.0,0.724414050579071,,,
0.0,0.0,0.48081180453300476,,,
0.0,0.0,0.3046395480632782,,,
0.0,0.0,0.4146166145801544,,,
1.0,1.0,0.568270206451416,,,
0.0,0.0,0.27864187955856323,,,
0.0,0.0,0.39053794741630554,,,
0.0,0.0,0.36742791533470154,,,
0.0,0.0,0.3947065472602844,,,
0.0,0.0,0.2300560623407364,,,
1.0,1.0,0.5335384011268616,,,
0.0,0.0,0.4247097671031952,,,
0.0,0.0,0.29221102595329285,,,
1.0,1.0,0.601926326751709,,,
0.0,0.0,0.31446945667266846,,,
0.0,0.0,0.35922229290008545,,,
1.0,1.0,0.5941342711448669,,,
1.0,1.0,0.779410183429718,,,
0.0,0.0,0.42720407247543335,,,
0.0,0.0,0.3545750677585602,,,
0.0,0.0,0.29761210083961487,,,
1.0,1.0,0.6236403584480286,,,
0.0,0.0,0.15717504918575287,,,
1.0,1.0,0.5433679223060608,,,
1.0,1.0,0.8332428336143494,,,
1.0,1.0,0.603679358959198,,,
1.0,0.0,0.45669466257095337,,,
0.0,0.0,0.3393948972225189,,,
1.0,1.0,0.6636184453964233,,,
0.0,0.0,0.330463171005249,,,
1.0,1.0,0.8032209277153015,,,
0.0,0.0,0.3746246099472046,,,
0.0,0.0,0.35374850034713745,,,
0.0,0.0,0.4999047815799713,,,
1.0,0.0,0.43938809633255005,,,
1.0,0.0,0.47749820351600647,,,
0.0,0.0,0.27595919370651245,,,
1.0,1.0,0.5623331665992737,,,
1.0,1.0,0.5370520353317261,,,
1.0,1.0,0.5668386816978455,,,
1.0,1.0,0.5037966966629028,,,
1.0,0.0,0.42449188232421875,,,
1.0,0.0,0.4371497333049774,,,
1.0,0.0,0.4129309058189392,,,
0.0,0.0,0.21993035078048706,,,
0.0,0.0,0.36792367696762085,,,
0.0,0.0,0.34074297547340393,,,
1.0,0.0,0.4023173153400421,,,
0.0,0.0,0.42314791679382324,,,
0.0,0.0,0.46830156445503235,,,
1.0,1.0,0.5899100303649902,,,
1.0,1.0,0.7245932817459106,,,
0.0,0.0,0.24052555859088898,,,
1.0,1.0,0.5729641914367676,,,
0.0,0.0,0.43339017033576965,,,
0.0,0.0,0.2961762845516205,,,
0.0,0.0,0.42350006103515625,,,
0.0,0.0,0.31244954466819763,,,
1.0,0.0,0.3566748797893524,,,
1.0,1.0,0.7279363870620728,,,
0.0,0.0,0.24416986107826233,,,
1.0,1.0,0.6227189898490906,,,
0.0,0.0,0.3501967191696167,,,
0.0,0.0,0.2943771183490753,,,
0.0,0.0,0.4960393011569977,,,
0.0,0.0,0.2861648201942444,,,
0.0,0.0,0.37724652886390686,,,
1.0,0.0,0.4400784373283386,,,
0.0,0.0,0.2409537434577942,,,
1.0,1.0,0.5164366364479065,,,
1.0,1.0,0.5820861458778381,,,
0.0,0.0,0.3253587484359741,,,
0.0,0.0,0.3548283576965332,,,
1.0,0.0,0.4236917197704315,,,
0.0,0.0,0.32243606448173523,,,
1.0,1.0,0.8367711901664734,,,
0.0,0.0,0.28638380765914917,,,
1.0,1.0,0.8571897745132446,,,
1.0,1.0,0.61957848072052,,,
0.0,0.0,0.41690653562545776,,,
0.0,1.0,0.5071784257888794,,,
1.0,1.0,0.551172137260437,,,
0.0,0.0,0.49502402544021606,,,
0.0,0.0,0.22190657258033752,,,
1.0,0.0,0.4578624963760376,,,
0.0,0.0,0.398812860250473,,,
1.0,0.0,0.32459592819213867,,,
0.0,0.0,0.3052332103252411,,,
0.0,0.0,0.18878181278705597,,,
0.0,0.0,0.3456721305847168,,,
1.0,1.0,0.6447960734367371,,,
0.0,0.0,0.3292272388935089,,,
0.0,0.0,0.27534741163253784,,,
0.0,1.0,0.5474129319190979,,,
1.0,1.0,0.6070377826690674,,,
0.0,0.0,0.1605793535709381,,,
0.0,0.0,0.20090705156326294,,,
0.0,0.0,0.27213606238365173,,,
1.0,1.0,0.6435261368751526,,,
1.0,0.0,0.3800113797187805,,,
1.0,1.0,0.6862505078315735,,,
1.0,1.0,0.576076090335846,,,
1.0,0.0,0.44151777029037476,,,
0.0,0.0,0.289303719997406,,,
0.0,1.0,0.6587620973587036,,,
0.0,0.0,0.26826512813568115,,,
1.0,1.0,0.7510315179824829,,,
0.0,0.0,0.32407504320144653,,,
1.0,1.0,0.6324250102043152,,,
0.0,0.0,0.30729490518569946,,,
0.0,0.0,0.3462918996810913,,,
0.0,0.0,0.3822686970233917,,,
1.0,0.0,0.4713870584964752,,,
1.0,1.0,0.5619843602180481,,,
1.0,1.0,0.9227526783943176,,,
1.0,1.0,0.6696505546569824,,,
1.0,0.0,0.4150426387786865,,,
1.0,1.0,0.7778094410896301,,,
1.0,0.0,0.4546310305595398,,,
1.0,1.0,0.5529493093490601,,,
1.0,1.0,0.8194506168365479,,,
1.0,0.0,0.3118742108345032,,,
0.0,0.0,0.36626312136650085,,,
0.0,0.0,0.30852580070495605,,,
1.0,1.0,0.5107797384262085,,,
1.0,1.0,0.8868852853775024,,,
1.0,1.0,0.8001667261123657,,,
1.0,1.0,0.6411243081092834,,,
0.0,0.0,0.32782116532325745,,,
0.0,0.0,0.4605047404766083,,,
0.0,0.0,0.23887977004051208,,,
1.0,0.0,0.37261801958084106,,,
0.0,0.0,0.4134628176689148,,,
1.0,1.0,0.6943358182907104,,,
0.0,0.0,0.4657004475593567,,,
0.0,0.0,0.2802135646343231,,,
1.0,1.0,0.73331218957901,,,
0.0,0.0,0.40123096108436584,,,
1.0,1.0,0.5899730920791626,,,
0.0,0.0,0.27257850766181946,,,
0.0,1.0,0.6257918477058411,,,
0.0,1.0,0.5592007040977478,,,
0.0,0.0,0.3669470548629761,,,
0.0,1.0,0.571755051612854,,,
1.0,1.0,0.732475221157074,,,
1.0,1.0,0.8491225242614746,,,
0.0,0.0,0.30009570717811584,,,
1.0,1.0,0.6906478404998779,,,
1.0,1.0,0.6563687324523926,,,
1.0,1.0,0.6221500039100647,,,
1.0,1.0,0.5185003876686096,,,
1.0,1.0,0.8528982400894165,,,
0.0,0.0,0.36001861095428467,,,
0.0,0.0,0.23729215562343597,,,
0.0,0.0,0.37032368779182434,,,
0.0,0.0,0.371042937040329,,,
1.0,1.0,0.5391549468040466,,,
0.0,0.0,0.383831262588501,,,
0.0,0.0,0.36936527490615845,,,
1.0,1.0,0.5305951237678528,,,
1.0,0.0,0.3566748797893524,,,
0.0,0.0,0.40697231888771057,,,
1.0,1.0,0.7533481121063232,,,
0.0,0.0,0.3396715223789215,,,
1.0,0.0,0.32199132442474365,,,
1.0,0.0,0.2798367142677307,,,
1.0,0.0,0.414328932762146,,,
1.0,0.0,0.3426819443702698,,,
0.0,1.0,0.7401699423789978,,,
1.0,1.0,0.5929861068725586,,,
1.0,1.0,0.7625265717506409,,,
0.0,0.0,0.3186047077178955,,,
0.0,0.0,0.3668774366378784,,,
0.0,0.0,0.3344424366950989,,,
0.0,0.0,0.18779894709587097,,,
0.0,0.0,0.4024907648563385,,,
0.0,0.0,0.19973956048488617,,,
0.0,0.0,0.4442715644836426,,,
0.0,0.0,0.39625832438468933,,,
1.0,1.0,0.6558535099029541,,,
0.0,0.0,0.3482016324996948,,,
0.0,0.0,0.2349187135696411,,,
0.0,0.0,0.3265400826931,,,
1.0,1.0,0.7896230816841125,,,
0.0,1.0,0.7116653919219971,,,
1.0,0.0,0.43820202350616455,,,
1.0,1.0,0.5016986131668091,,,
1.0,1.0,0.5491068959236145,,,
1.0,1.0,0.8034080862998962,,,
0.0,0.0,0.4159261882305145,,,
1.0,1.0,0.6289532780647278,,,
1.0,0.0,0.49036911129951477,,,
1.0,0.0,0.4371168613433838,,,
0.0,1.0,0.5480035543441772,,,
0.0,0.0,0.3719610869884491,,,
0.0,0.0,0.3217960000038147,,,
1.0,1.0,0.8614200949668884,,,
1.0,1.0,0.5875891447067261,,,
1.0,1.0,0.5049967765808105,,,
0.0,0.0,0.44497087597846985,,,
0.0,0.0,0.4796481132507324,,,
0.0,0.0,0.47025784850120544,,,
1.0,1.0,0.6347247362136841,,,
1.0,1.0,0.603226900100708,,,
1.0,1.0,0.9068437814712524,,,
0.0,0.0,0.385079950094223,,,
0.0,0.0,0.3191264271736145,,,
0.0,0.0,0.2747151255607605,,,
0.0,0.0,0.2967667877674103,,,
1.0,1.0,0.5316289663314819,,,
1.0,1.0,0.6284050345420837,,,
0.0,0.0,0.43300628662109375,,,
1.0,1.0,0.8046108484268188,,,
1.0,1.0,0.5195395350456238,,,
1.0,1.0,0.8592225909233093,,,
0.0,1.0,0.7176355719566345,,,
1.0,0.0,0.38262709975242615,,,
0.0,0.0,0.35395297408103943,,,
1.0,1.0,0.7328583002090454,,,
1.0,1.0,0.7056047916412354,,,
0.0,0.0,0.36597248911857605,,,
1.0,0.0,0.33865952491760254,,,
0.0,0.0,0.34616807103157043,,,
1.0,0.0,0.4950667917728424,,,
1.0,0.0,0.4721277952194214,,,
1.0,1.0,0.6782339811325073,,,
0.0,0.0,0.252366304397583,,,
1.0,0.0,0.4361228346824646,,,
1.0,1.0,0.6544309258460999,,,
1.0,0.0,0.4918529987335205,,,
1.0,1.0,0.5309368371963501,,,
0.0,0.0,0.3227670192718506,,,
1.0,1.0,0.5552984476089478,,,
0.0,0.0,0.4024575650691986,,,
0.0,0.0,0.2875579297542572,,,
0.0,1.0,0.5691254138946533,,,
0.0,0.0,0.27860623598098755,,,
1.0,0.0,0.4618474245071411,,,
0.0,0.0,0.37758997082710266,,,
1.0,0.0,0.36118215322494507,,,
1.0,0.0,0.4996708333492279,,,
0.0,1.0,0.5037477612495422,,,
1.0,1.0,0.8760464191436768,,,
1.0,1.0,0.626731276512146,,,
0.0,0.0,0.4658396244049072,,,
0.0,1.0,0.6104253530502319,,,
0.0,0.0,0.26356714963912964,,,
0.0,0.0,0.33032211661338806,,,
0.0,1.0,0.5224693417549133,,,
1.0,0.0,0.4767526686191559,,,
0.0,0.0,0.2720089256763458,,,
1.0,1.0,0.6034756302833557,,,
0.0,0.0,0.14575576782226562,,,
1.0,1.0,0.5466667413711548,,,
1.0,1.0,0.5638782382011414,,,
0.0,0.0,0.43594616651535034,,,
0.0,0.0,0.3636859655380249,,,
1.0,1.0,0.6368433237075806,,,
0.0,0.0,0.3878479301929474,,,
1.0,0.0,0.4699130654335022,,,
1.0,1.0,0.545337438583374,,,
0.0,0.0,0.22258280217647552,,,
0.0,0.0,0.3421652317047119,,,
1.0,0.0,0.4184342622756958,,,
1.0,1.0,0.6687430143356323,,,
1.0,0.0,0.46112069487571716,,,
0.0,0.0,0.4710218012332916,,,
0.0,0.0,0.2941628396511078,,,
1.0,1.0,0.7009415626525879,,,
1.0,1.0,0.6878611445426941,,,
1.0,0.0,0.34623825550079346,,,
0.0,0.0,0.3654524087905884,,,
1.0,1.0,0.7786414623260498,,,
1.0,1.0,0.8469139933586121,,,
0.0,0.0,0.41900721192359924,,,
0.0,1.0,0.5776362419128418,,,
1.0,1.0,0.6342432498931885,,,
0.0,0.0,0.379736065864563,,,
0.0,0.0,0.2855084538459778,,,
1.0,0.0,0.4387490451335907,,,
0.0,0.0,0.18261906504631042,,,
1.0,1.0,0.5338236093521118,,,
1.0,1.0,0.8443323969841003,,,
1.0,1.0,0.5309666395187378,,,
1.0,1.0,0.8140203356742859,,,
0.0,0.0,0.24727682769298553,,,
1.0,1.0,0.9097715616226196,,,
1.0,1.0,0.9277817010879517,,,
0.0,0.0,0.4775702953338623,,,
1.0,1.0,0.7494567036628723,,,
0.0,0.0,0.385079950094223,,,
1.0,1.0,0.6629897952079773,,,
1.0,1.0,0.6211987137794495,,,
0.0,0.0,0.3933659791946411,,,
1.0,1.0,0.817682683467865,,,
0.0,0.0,0.1927381455898285,,,
1.0,0.0,0.4929746091365814,,,
1.0,0.0,0.43307819962501526,,,
0.0,0.0,0.40619200468063354,,,
1.0,0.0,0.32399845123291016,,,
0.0,0.0,0.4289845824241638,,,
1.0,0.0,0.47983479499816895,,,
1.0,0.0,0.46608299016952515,,,
0.0,0.0,0.27819350361824036,,,
0.0,0.0,0.33413028717041016,,,
0.0,0.0,0.28582561016082764,,,
0.0,0.0,0.4240521490573883,,,
1.0,1.0,0.7510989308357239,,,
0.0,0.0,0.4689013659954071,,,
0.0,0.0,0.470819354057312,,,
0.0,0.0,0.45721471309661865,,,
0.0,0.0,0.37691593170166016,,,
1.0,0.0,0.2543545961380005,,,
0.0,1.0,0.5102986693382263,,,
0.0,1.0,0.5971029996871948,,,
1.0,1.0,0.7442346215248108,,,
1.0,1.0,0.6346482038497925,,,
0.0,0.0,0.28492218255996704,,,
0.0,0.0,0.42412400245666504,,,
0.0,0.0,0.3834000825881958,,,
1.0,1.0,0.8185968399047852,,,
0.0,0.0,0.2936214506626129,,,
1.0,1.0,0.7534603476524353,,,
0.0,0.0,0.2101750373840332,,,
0.0,0.0,0.3941915035247803,,,
0.0,0.0,0.36459746956825256,,,
0.0,0.0,0.33427664637565613,,,
1.0,1.0,0.6657940149307251,,,
1.0,1.0,0.5969110131263733,,,
0.0,0.0,0.39301714301109314,,,
1.0,0.0,0.4786941707134247,,,
0.0,0.0,0.26788806915283203,,,
0.0,0.0,0.39820075035095215,,,
0.0,0.0,0.34677350521087646,,,
0.0,0.0,0.39543941617012024,,,
1.0,1.0,0.6315320730209351,,,
1.0,1.0,0.8471249938011169,,,
0.0,0.0,0.2739740014076233,,,
1.0,0.0,0.36955294013023376,,,
0.0,0.0,0.3815217614173889,,,
1.0,1.0,0.577944815158844,,,
0.0,0.0,0.36811596155166626,,,
1.0,1.0,0.593919038772583,,,
1.0,1.0,0.6801723837852478,,,
1.0,0.0,0.4015360176563263,,,
1.0,1.0,0.6408954858779907,,,
0.0,0.0,0.4582725763320923,,,
0.0,0.0,0.30569159984588623,,,
0.0,0.0,0.38603171706199646,,,
0.0,0.0,0.32212400436401367,,,
1.0,0.0,0.4538003206253052,,,
1.0,1.0,0.5290256142616272,,,
1.0,1.0,0.6879693865776062,,,
0.0,1.0,0.5536295175552368,,,
1.0,1.0,0.8828694820404053,,,
0.0,0.0,0.35966840386390686,,,
0.0,0.0,0.4822816252708435,,,
1.0,0.0,0.45520615577697754,,,
0.0,0.0,0.4287562668323517,,,
1.0,1.0,0.7932895421981812,,,
1.0,0.0,0.36519449949264526,,,
1.0,0.0,0.41107094287872314,,,
0.0,0.0,0.35995349287986755,,,
1.0,0.0,0.38079404830932617,,,
0.0,0.0,0.3205518424510956,,,
0.0,0.0,0.32966697216033936,,,
1.0,1.0,0.6178528666496277,,,
0.0,0.0,0.470220148563385,,,
0.0,0.0,0.4001520276069641,,,
1.0,1.0,0.6372599005699158,,,
0.0,0.0,0.32514965534210205,,,
0.0,0.0,0.30421993136405945,,,
1.0,1.0,0.5486012101173401,,,
1.0,1.0,0.5785670876502991,,,
0.0,1.0,0.6643230319023132,,,
0.0,0.0,0.4421822130680084,,,
0.0,0.0,0.30082467198371887,,,
1.0,0.0,0.4150591492652893,,,
0.0,0.0,0.23956722021102905,,,
0.0,0.0,0.31991156935691833,,,
1.0,0.0,0.3653560280799866,,,
1.0,1.0,0.5626184344291687,,,
0.0,0.0,0.4265597462654114,,,
0.0,0.0,0.40151864290237427,,,
1.0,0.0,0.4732044041156769,,,
1.0,1.0,0.7259506583213806,,,
0.0,0.0,0.4143199622631073,,,
0.0,0.0,0.38997113704681396,,,
0.0,0.0,0.4253164529800415,,,
0.0,0.0,0.2548845708370209,,,
1.0,0.0,0.40085333585739136,,,
0.0,1.0,0.6485046744346619,,,
0.0,0.0,0.3375677764415741,,,
1.0,0.0,0.35673245787620544,,,
0.0,1.0,0.5114095211029053,,,
0.0,0.0,0.23831188678741455,,,
1.0,0.0,0.4305735230445862,,,
1.0,1.0,0.6283476948738098,,,
1.0,0.0,0.49801313877105713,,,
0.0,0.0,0.3150484561920166,,,
1.0,0.0,0.34850043058395386,,,
0.0,0.0,0.16512706875801086,,,
1.0,1.0,0.7317632436752319,,,
0.0,1.0,0.5164185166358948,,,
1.0,0.0,0.40600520372390747,,,
0.0,0.0,0.45653611421585083,,,
1.0,0.0,0.4380508065223694,,,
0.0,0.0,0.38766732811927795,,,
1.0,0.0,0.4889039993286133,,,
0.0,0.0,0.2882346510887146,,,
1.0,1.0,0.9005043506622314,,,
1.0,1.0,0.7647578716278076,,,
0.0,0.0,0.27604788541793823,,,
0.0,0.0,0.31002357602119446,,,
1.0,1.0,0.6729432940483093,,,
0.0,0.0,0.37047967314720154,,,
0.0,1.0,0.7357955574989319,,,
0.0,0.0,0.4821663796901703,,,
0.0,0.0,0.4064502418041229,,,
1.0,1.0,0.5066059827804565,,,
0.0,0.0,0.4146609306335449,,,
0.0,0.0,0.4665374159812927,,,
0.0,0.0,0.4052698016166687,,,
1.0,1.0,0.7231435775756836,,,
1.0,1.0,0.9435726404190063,,,
0.0,0.0,0.17176781594753265,,,
0.0,0.0,0.3550034463405609,,,
0.0,0.0,0.3979354500770569,,,
0.0,0.0,0.24820372462272644,,,
0.0,0.0,0.28730323910713196,,,
0.0,0.0,0.13203763961791992,,,
0.0,0.0,0.3449692130088806,,,
1.0,0.0,0.4114273190498352,,,
1.0,0.0,0.39388978481292725,,,
0.0,0.0,0.2686397135257721,,,
1.0,1.0,0.5064798593521118,,,
1.0,1.0,0.552491307258606,,,
0.0,1.0,0.7121114730834961,,,
0.0,0.0,0.3955177664756775,,,
0.0,0.0,0.348615437746048,,,
0.0,1.0,0.6294429898262024,,,
0.0,0.0,0.2745235562324524,,,
1.0,0.0,0.3652569353580475,,,
1.0,1.0,0.5313552618026733,,,
1.0,1.0,0.7797192335128784,,,
1.0,0.0,0.4201071560382843,,,
1.0,1.0,0.6535264253616333,,,
1.0,1.0,0.5375665426254272,,,
1.0,0.0,0.47025564312934875,,,
1.0,0.0,0.24747608602046967,,,
0.0,0.0,0.3746945261955261,,,
0.0,0.0,0.3692382276058197,,,
1.0,1.0,0.5186273455619812,,,
1.0,1.0,0.7372905611991882,,,
0.0,0.0,0.43222013115882874,,,
1.0,1.0,0.5775901675224304,,,
1.0,1.0,0.5172986388206482,,,
0.0,0.0,0.26687636971473694,,,
1.0,1.0,0.7367967367172241,,,
1.0,1.0,0.7138245701789856,,,
1.0,1.0,0.8400270342826843,,,
1.0,1.0,0.8332428336143494,,,
0.0,1.0,0.5988176465034485,,,
0.0,1.0,0.5316401720046997,,,
1.0,1.0,0.575758695602417,,,
1.0,1.0,0.6393209099769592,,,
1.0,1.0,0.7059991359710693,,,
1.0,1.0,0.7889094948768616,,,
0.0,1.0,0.510010302066803,,,
0.0,0.0,0.41310256719589233,,,
0.0,0.0,0.39987286925315857,,,
0.0,0.0,0.23087061941623688,,,
1.0,1.0,0.7329729199409485,,,
0.0,0.0,0.3358948826789856,,,
0.0,0.0,0.4130839407444,,,
1.0,0.0,0.45611539483070374,,,
0.0,0.0,0.42300042510032654,,,
0.0,0.0,0.43726080656051636,,,
0.0,0.0,0.36212560534477234,,,
1.0,1.0,0.9035273194313049,,,
0.0,0.0,0.2559712827205658,,,
0.0,0.0,0.21431241929531097,,,
0.0,0.0,0.3985329568386078,,,
0.0,0.0,0.4214016795158386,,,
1.0,1.0,0.5627570152282715,,,
1.0,1.0,0.6125116348266602,,,
1.0,0.0,0.41782689094543457,,,
1.0,1.0,0.8767625689506531,,,
0.0,0.0,0.2587006390094757,,,
0.0,0.0,0.4167238473892212,,,
0.0,0.0,0.47510936856269836,,,
1.0,1.0,0.6965434551239014,,,
0.0,0.0,0.3388056457042694,,,
1.0,1.0,0.8495327830314636,,,
0.0,0.0,0.28491008281707764,,,
0.0,0.0,0.2651396691799164,,,
0.0,0.0,0.3675774931907654,,,
0.0,1.0,0.5875719785690308,,,
0.0,0.0,0.3263188302516937,,,
1.0,0.0,0.4653241038322449,,,
1.0,1.0,0.9274659752845764,,,
1.0,0.0,0.4885144531726837,,,
0.0,0.0,0.4941662847995758,,,
1.0,1.0,0.8254191875457764,,,
1.0,1.0,0.7681295275688171,,,
1.0,1.0,0.6297319531440735,,,
0.0,0.0,0.26614028215408325,,,
1.0,0.0,0.4457874596118927,,,
0.0,1.0,0.5510033965110779,,,
0.0,1.0,0.5404744744300842,,,
1.0,1.0,0.532820463180542,,,
0.0,0.0,0.40235385298728943,,,
0.0,0.0,0.47571781277656555,,,
0.0,0.0,0.30754709243774414,,,
1.0,0.0,0.4962374269962311,,,
1.0,0.0,0.3975003957748413,,,
0.0,0.0,0.3428668677806854,,,
0.0,1.0,0.5201172828674316,,,
0.0,0.0,0.22210712730884552,,,
1.0,1.0,0.6419705152511597,,,
0.0,0.0,0.413395494222641,,,
0.0,0.0,0.3029826879501343,,,
0.0,0.0,0.1871432363986969,,,
0.0,0.0,0.22570937871932983,,,
0.0,0.0,0.36077576875686646,,,
1.0,1.0,0.9005191922187805,,,
1.0,1.0,0.7544079422950745,,,
0.0,0.0,0.2763778269290924,,,
0.0,0.0,0.33118700981140137,,,
1.0,0.0,0.36622846126556396,,,
1.0,1.0,0.7399933934211731,,,
1.0,1.0,0.5304098725318909,,,
0.0,0.0,0.47941774129867554,,,
1.0,1.0,0.5842656493186951,,,
1.0,1.0,0.7240721583366394,,,
1.0,0.0,0.35977792739868164,,,
1.0,1.0,0.6857631802558899,,,
0.0,1.0,0.6561723351478577,,,
1.0,1.0,0.6240749955177307,,,
1.0,1.0,0.5828249454498291,,,
0.0,0.0,0.13149361312389374,,,
1.0,0.0,0.2654902935028076,,,
0.0,0.0,0.14019732177257538,,,
0.0,0.0,0.39761629700660706,,,
0.0,0.0,0.35813379287719727,,,
1.0,1.0,0.7136490941047668,,,
1.0,1.0,0.7682249546051025,,,
0.0,0.0,0.3963819742202759,,,
1.0,0.0,0.3805409371852875,,,
1.0,0.0,0.3540383279323578,,,
1.0,1.0,0.579607367515564,,,
1.0,1.0,0.592845618724823,,,
1.0,0.0,0.40976983308792114,,,
0.0,0.0,0.369971364736557,,,
1.0,1.0,0.632117748260498,,,
1.0,1.0,0.7501718401908875,,,
0.0,0.0,0.39931121468544006,,,
1.0,1.0,0.6580994129180908,,,
0.0,0.0,0.4707795977592468,,,
1.0,0.0,0.38013866543769836,,,
1.0,0.0,0.44114822149276733,,,
0.0,0.0,0.38926956057548523,,,
1.0,1.0,0.7713713645935059,,,
0.0,0.0,0.25578072667121887,,,
0.0,0.0,0.28699010610580444,,,
1.0,0.0,0.47961628437042236,,,
0.0,0.0,0.3629654049873352,,,
1.0,1.0,0.8782799243927002,,,
0.0,0.0,0.22721609473228455,,,
0.0,0.0,0.3408598303794861,,,
0.0,0.0,0.3835844397544861,,,
0.0,0.0,0.4916660785675049,,,
0.0,0.0,0.36015474796295166,,,
1.0,1.0,0.7989397644996643,,,
0.0,0.0,0.29782140254974365,,,
0.0,0.0,0.29585176706314087,,,
1.0,0.0,0.4790495038032532,,,
0.0,1.0,0.5168198943138123,,,
0.0,0.0,0.3286341726779938,,,
1.0,0.0,0.4760558605194092,,,
0.0,0.0,0.43474245071411133,,,
1.0,0.0,0.4703729748725891,,,
1.0,1.0,0.9103602170944214,,,
0.0,0.0,0.32185426354408264,,,
1.0,1.0,0.517115592956543,,,
0.0,0.0,0.48025959730148315,,,
1.0,1.0,0.8141859173774719,,,
0.0,0.0,0.41989371180534363,,,
0.0,0.0,0.3091411888599396,,,
0.0,0.0,0.4019356667995453,,,
1.0,1.0,0.6034079790115356,,,
1.0,0.0,0.368480384349823,,,
1.0,1.0,0.7218109965324402,,,
1.0,1.0,0.6070865988731384,,,
0.0,0.0,0.3259813189506531,,,
0.0,0.0,0.47384923696517944,,,
1.0,0.0,0.42585355043411255,,,
0.0,0.0,0.38009580969810486,,,
0.0,0.0,0.32243606448173523,,,
1.0,0.0,0.38595327734947205,,,
0.0,0.0,0.3110218048095703,,,
1.0,1.0,0.8139249682426453,,,
0.0,0.0,0.27150851488113403,,,
0.0,0.0,0.40781548619270325,,,
1.0,1.0,0.815872311592102,,,
0.0,0.0,0.26687636971473694,,,
0.0,0.0,0.47534051537513733,,,
0.0,1.0,0.6687036156654358,,,
0.0,0.0,0.3105952739715576,,,
1.0,0.0,0.47044169902801514,,,
0.0,0.0,0.24704678356647491,,,
0.0,0.0,0.37515223026275635,,,
0.0,0.0,0.15262764692306519,,,
0.0,0.0,0.36193862557411194,,,
1.0,1.0,0.6818009614944458,,,
0.0,1.0,0.5093653202056885,,,
1.0,1.0,0.5025742053985596,,,
1.0,1.0,0.5018529295921326,,,
0.0,0.0,0.27627718448638916,,,
1.0,1.0,0.6648042798042297,,,
1.0,0.0,0.3549817204475403,,,
1.0,1.0,0.5888167023658752,,,
1.0,1.0,0.7174679040908813,,,
0.0,0.0,0.37751907110214233,,,
1.0,1.0,0.5477128028869629,,,
1.0,0.0,0.3795819878578186,,,
1.0,0.0,0.4538976550102234,,,
1.0,1.0,0.882621705532074,,,
0.0,0.0,0.30678558349609375,,,
0.0,0.0,0.34789013862609863,,,
1.0,0.0,0.4698123335838318,,,
