Molecule ChEMBL ID,MIC,Units,Smiles,Label
CHEMBL4459523,1.91,ug.mL-1,COc1ccccc1C(=O)/C=C/C(=O)OC(C)C,1
CHEMBL276840,256.0,ug.mL-1,CCCCCNCc1cccc(C(F)(F)F)c1.Cl,0
CHEMBL1669612,12.5,ug.mL-1,O=C1CCCc2nc(-c3cccs3)ccc21,0
CHEMBL4782232,0.037,ug.mL-1,O=c1nc(N2CCC3(CC2)CN(C(c2ccc(F)cc2)c2ccc(F)cc2)C3)sc2c([N+](=O)[O-])cc(C(F)(F)F)cc12,1
CHEMBL3099388,12.5,ug.mL-1,O=C(Cn1cc(-c2cc3ccccc3c3ccccc23)nn1)N1c2ccccc2Sc2ccc(C(F)(F)F)cc21,0
CHEMBL4748896,50.0,ug.mL-1,CC(=O)OC[C@]12CCC(=O)OC(C)(C)[C@@H]1CCC1=C2CC[C@]2(C)[C@@H]([C@H](C)[C@H](C/C=C(/C)C(=O)O)OC(C)=O)CC[C@@]12C,0
CHEMBL476469,6.25,ug.mL-1,CCOC(=O)C1=NOC(c2ccc(N3CCN(C(=O)Nc4ccccc4)CC3)cc2)C1,1
CHEMBL247781,32.0,ug.mL-1,N#CCSc1ncnc2c1cnn2Cc1ccccc1,0
CHEMBL2299169,6.25,ug.mL-1,O=C1C(=O)N(CCSC(=S)N2CCN(c3ccc(Cl)c(Cl)c3)CC2)c2ccc(Cl)cc21,1
CHEMBL550385,12.5,ug.mL-1,CC(C)=CCc1c(O)c2c(c3c1OC(C)(C)C=C3)O[C@H](c1ccc(O)cc1O)CC2=O,0
CHEMBL396835,250.0,ug.mL-1,c1ccc(CSc2ncnc3c2cnn3CC2CC2)cc1,0
CHEMBL1306725,256.0,ug.mL-1,CCOc1ccc(/C=C/C(=O)c2c(O)cc(C)oc2=O)cc1,0
CHEMBL475872,0.39,ug.mL-1,CCOC(=O)c1cc(COc2cc(C(F)(F)F)nc3cc(C(F)(F)F)cc(C(F)(F)F)c23)on1,1
CHEMBL5284669,1.0,ug.mL-1,CCCCCCCCCN1CCC(C2c3ccccc3-c3ccccc32)C1,1
CHEMBL2030504,32.0,ug.mL-1,CCc1nc(-c2ccc3cc(OC)ccc3c2)c(-c2ccncc2)[nH]1,0
CHEMBL261295,100.0,ug.mL-1,COc1ccc(/C=C/C(=O)CC(=O)/C=C/c2ccc(OC)c(OC)c2)cc1OC,0
CHEMBL2282562,200.0,ug.mL-1,CC(=O)N1N=C(c2ccc(Nc3cc(=O)oc4ccccc34)cc2)CC1c1ccc(C)cc1,0
CHEMBL3216563,2.0,ug.mL-1,CC(C)=CCC/C(C)=C/CNCCN[C@]12O[C@H]3C4C5CC(C6C5C3C61)C42.Cl.Cl,1
CHEMBL1077789,3.9,ug.mL-1,CCC(C)CCN1CCN([C@@H](Cc2ccccc2)CN2CCCC2CN2CCNC[C@@H]2Cc2ccccc2)C[C@@H]1Cc1ccccc1,1
CHEMBL5187959,0.057,ug.mL-1,CCOC(=O)NC(=O)c1ccsc1NC(=O)c1ccc(S(=O)(=O)N2CCCC2)cc1,1
CHEMBL510960,1.3,ug.mL-1,CCCCCCCCCCNC[C@H]1O[C@H](O[C@H]2O[C@H](CNCCCCCCCCCC)[C@@H](O)[C@H](O)[C@H]2O)[C@H](O)[C@@H](O)[C@@H]1O,1
CHEMBL2281755,100.0,ug.mL-1,COc1cccc(C(=O)O[C@H]2CCC(=O)c3ccccc32)c1,0
CHEMBL4451468,2.0,ug.mL-1,CC(C)c1ccc(-c2nc(CN3CCN(c4ccnc5cc(-c6ccncc6)ccc45)CC3)no2)cc1,1
CHEMBL3246529,7.5,ug.mL-1,CO[C@H]1/C=C/O[C@@]2(C)Oc3c(C)c(O)c4c(O)c(c(/C=N/NC(=O)CN5CCN(c6ccc(C(C)(C)C)cc6)CC5)c(O)c4c3C2=O)NC(=O)/C(C)=C\C=C\[C@H](C)[C@H](O)[C@@H](C)[C@@H](O)[C@@H](C)[C@H](OC(C)=O)[C@@H]1C,1
CHEMBL452694,10.0,ug.mL-1,CO[C@H]1/C=C/O[C@@]2(C)Oc3c(C)c(O)c4c(c3[C@H]2O)C2=NC3(CC[N+]([O-])(CC(C)C)CC3)NC2=C(NC(=O)/C(C)=C\C=C\[C@H](C)[C@H](O)[C@@H](C)[C@@H](O)[C@@H](C)[C@H](OC(C)=O)[C@@H]1C)C4=O,1
CHEMBL3740437,1.6,ug.mL-1,N=c1sc(-c2ccc(Cl)cc2)nn1CC(=O)N1c2ccccc2Sc2ccc(Cl)cc21,1
CHEMBL4468960,1.48,ug.mL-1,COc1ccc(OC)c(C(=O)/C=C/C(=O)OC(C)C)c1,1
CHEMBL4085273,18.8,ug.mL-1,CCCCCCc1cc2c(=O)n(CCSc3nc(-c4cc(OC)c(OC)c(OC)c4)c(C#N)c(=O)[nH]3)cnc2s1,0
CHEMBL4245107,0.066,ug.mL-1,O=C(NCc1ccc2c(c1)CN(c1ccc(F)cc1)C2)c1cc([N+](=O)[O-])cc([N+](=O)[O-])c1,1
CHEMBL2392729,25.0,ug.mL-1,CCn1ccc(NC(=O)NC23CC4CC(CC(C4)C2)C3)n1,0
CHEMBL4204194,0.78,ug.mL-1,CCCCCc1ccc(-c2cn(CC(O)COc3ccc4c(c3)OC3(CCCCC3)CC4=O)nn2)cc1,1
CHEMBL3126164,100.0,ug.mL-1,CCN(CC)c1cc2[nH]c(C3CCCCC3)nc2cc1NC(=O)c1ccc(OC(F)(F)F)cc1,0
CHEMBL5427860,8.0,ug.mL-1,COc1ccc(-c2ccn(-c3ccc(NC(=S)Nc4ccccc4)cc3)n2)cc1OC,1
CHEMBL331600,0.5,ug.mL-1,CCCCCCCCCCCC(C)OC(=O)c1cnc(Cl)cn1,1
CHEMBL2205106,25.0,ug.mL-1,COc1c(-c2ccc(O)cc2)oc2c3c(ccc2c1=O)OC(C)(C)[C@H](OC(C)=O)[C@@H]3OC(C)=O,0
CHEMBL1098813,25.0,ug.mL-1,CS(=O)(=O)C1=C(N)C(=O)c2cccnc2C1=O,0
CHEMBL4585835,7.9,ug.mL-1,CCOC(=O)c1nc(C(C)C)sc1-c1ccc2c(c1)OCO2,1
CHEMBL4646703,1.0,ug.mL-1,Cc1cc(CNCCNc2ccccc2)c(C)n1-c1ccc(Cl)cc1,1
CHEMBL5268279,2.0,ug.mL-1,Cc1cc(-c2cn(C[C@@]3(C)Cn4cc([N+](=O)[O-])nc4O3)nn2)ccc1F,1
CHEMBL1630926,12.1,ug.mL-1,O=C1Nc2ccc(Cl)cc2[C@]12N1CSC[C@H]1[C@H](c1ccc([N+](=O)[O-])cc1)[C@]21Cc2ccccc2C1=O,1
CHEMBL2031950,79.0,ug.mL-1,O=C(NC12CC3CC(CC(C3)C1)C2)N[C@H]1CC[C@H](OC(=O)c2ccccc2)CC1,0
CHEMBL117541,0.25,ug.mL-1,CCCCCCCCCCCOC(=O)c1cnc(Cl)cn1,1
CHEMBL598709,1.0,ug.mL-1,CCCCCCCC/C=N/NC(=O)c1cnc2ccc(F)cc2c1N[C@@H](CSc1ccccc1)CC(=O)N(C)C,1
CHEMBL4794861,0.45,ug.mL-1,O=c1cc(-c2ccc(O)cc2)oc2ccc(O)c(CN3CCC3)c12,1
CHEMBL409409,8.0,ug.mL-1,O[C@H]1[C@H](O)[C@@H](CN(CC2CCCCC2)CC2CCCCC2)O[C@@H]1/C=C/[C@H]1O[C@H](CN(CC2CCCCC2)CC2CCCCC2)[C@@H](O)[C@@H]1O,1
CHEMBL463284,50.0,ug.mL-1,COc1cc2c(cc1OC)-c1c3c(cc4ccnc(c14)C2=O)OCO3,0
CHEMBL3098884,2.5,ug.mL-1,COc1cc(NC(=O)c2cccc(C(C)C#N)c2)ccc1-n1cnc(Cl)c1,1
CHEMBL1834611,62.5,ug.mL-1,CC1=C(c2nnc(/N=C3\C(=O)Nc4ccc(Cl)cc43)s2)C(c2ccccc2)NC(=S)N1,0
CHEMBL323698,30.0,ug.mL-1,CC(C)C[C@H](NC(=O)N[C@@H](Cc1c[nH]c2ccccc12)C(=O)O)C(=O)N[C@H](C(=O)NC[C@H]1C[C@@H](O)[C@H](n2ccc(=O)[nH]c2=O)O1)[C@H](C)N(C)C(=O)CN,0
CHEMBL552132,50.0,ug.mL-1,C=CC(C)(C)c1c2c(c(OC)c3ccc(=O)oc13)C=CC(C)(C)O2,0
CHEMBL4237578,0.015,ug.mL-1,CNc1cc(F)cc2c1[nH]c1nc(CNC(=O)c3cnc(C)o3)nc(N3CCC(CN)C3)c12,1
CHEMBL5271117,4.0,ug.mL-1,C[C@]1(Cn2cc(-c3ccc(C(F)(F)F)cc3)nn2)Cn2cc([N+](=O)[O-])nc2O1,1
CHEMBL3823294,3.12,ug.mL-1,O=C(Cn1cc(-c2ccccc2)nn1)Nc1nc(-c2ccc3oc4ccccc4c3c2)cs1,1
CHEMBL5315124,6.25,ug.mL-1,C[C@H]1COc2c(N3CCN(C)CC3)c(F)cc3c(=O)c(C(=O)O)cn1c23.C[C@H]1COc2c(N3CCN(C)CC3)c(F)cc3c(=O)c(C(=O)O)cn1c23.O,1
CHEMBL15616,12.5,ug.mL-1,CCCCCCCC/C=C\CCCCCCCC(=O)N1CCCC1,0
CHEMBL1210232,3.12,ug.mL-1,O=C(NNc1nc(N2CCCCC2)nc(N2CCc3ccccc3C2)n1)c1ccncc1,1
CHEMBL5177127,0.4,ug.mL-1,COc1ncc(-c2ccccc2)cc1[C@@H](c1ccccc1)[C@@](O)(CCN(C)C)c1cc(F)cc(F)c1,1
CHEMBL4573580,0.02,ug.mL-1,C[C@]1(CN2CCc3nc(-c4cccc(F)c4)ccc3C2)Cn2cc([N+](=O)[O-])nc2O1,1
CHEMBL4126763,25.0,ug.mL-1,CO[C@@H]1C[C@H]2C(C)(C)C(=O)CC[C@]2(C)C2=C1[C@]1(C)CC[C@H]([C@H](C)CC/C=C(\C)C(=O)O)[C@@]1(C)CC2,0
CHEMBL468021,4.0,ug.mL-1,Clc1ccc(C2=NN(c3ccccc3)[C@H](c3ccc(Cl)cc3Cl)[C@H]2n2ccnc2)c(Cl)c1,1
CHEMBL177,5.0,ug.mL-1,NCC[C@H](O)C(=O)N[C@@H]1C[C@H](N)[C@@H](O[C@H]2O[C@H](CN)[C@@H](O)[C@H](O)[C@H]2O)[C@H](O)[C@H]1O[C@H]1O[C@H](CO)[C@@H](O)[C@H](N)[C@H]1O,1
CHEMBL1818082,310.0,ug.mL-1,Cc1ccc2nc(Oc3ccc(Cl)cc3)c(C=O)cc2c1,0
CHEMBL3398353,25.0,ug.mL-1,CCCc1cc(=O)oc2c1c1c(c3oc(C(=O)NNC(=O)c4ccncc4)cc32)C=CC(C)(C)O1,0
CHEMBL485711,3.9,ug.mL-1,O=C1c2ccccc2C(=O)N1c1ccc(S(=O)(=O)Nc2ncccn2)cc1,1
CHEMBL4173510,25.0,ug.mL-1,N#Cc1ccc(-c2nnc(-c3n[nH]cc3-c3ccc(Cl)cc3)o2)cc1,0
CHEMBL168899,8.0,ug.mL-1,O=C1Nc2ccccc2B(O)N1c1ccccc1,1
CHEMBL214300,0.5,ug.mL-1,Cc1c(CN2CCSCC2)cc(-c2ccccc2F)n1-c1ccc(F)cc1,1
CHEMBL387847,0.62,ug.mL-1,C=CB(Oc1cccc2cccnc12)c1cccc(C#N)c1,1
CHEMBL234342,6.25,ug.mL-1,CC(=O)NNC(=O)CSc1nnc(Cc2csc(NC(=O)CCl)n2)n1NC(=O)c1ccc(Cl)cc1,1
CHEMBL5194301,0.709,ug.mL-1,CC(C)c1nnc(-c2ccc([N+](=O)[O-])o2)o1,1
CHEMBL4555174,8.0,ug.mL-1,CO/N=C1/C(=O)N(Cc2cn(CC(=O)N3CCN(c4cc5c(cc4F)c(=O)c(C(=O)O)cn5C4CC4)CC3)nn2)c2ccc(C)cc21,1
CHEMBL4204642,1.6,ug.mL-1,Cn1c(-c2cccc(Cl)c2Cl)nc2cc(-c3nc(-c4ccc(Cl)cc4)no3)ccc21,1
CHEMBL242151,6.25,ug.mL-1,CC(=O)Nc1nc(Cc2nnc(SCC#N)n2NC(=O)c2ccccc2)cs1,1
CHEMBL1289213,12.5,ug.mL-1,COc1ccc(C2CC2C(=O)c2ccc(N3CCN(C)CC3)cc2)cc1OC,0
CHEMBL389723,35.87,ug.mL-1,c1ccc(-c2nnc(-c3ccncc3)o2)cc1,0
CHEMBL4585082,1.85,ug.mL-1,COC(=O)/C=C/C(=O)c1ccc(Cl)cc1Cl,1
CHEMBL2283358,500.0,ug.mL-1,O=C(CSc1nnc(-c2cc3ccccc3oc2=O)o1)Nc1ccccc1,0
CHEMBL178000,6.25,ug.mL-1,COC(=O)c1c(C(C)(C)C)[n+]([O-])c2ccc(Cl)cc2[n+]1[O-],1
CHEMBL2159994,1.0,ug.mL-1,O=C(O)c1cn(C2CC2)c2cc(N3CCN(Cc4ccccc4)CC3)c(F)cc2c1=O,1
CHEMBL204148,6.25,ug.mL-1,O=C(O)CCSc1nnc(-c2ccc([N+](=O)[O-])o2)s1,1
CHEMBL3394649,125.0,ug.mL-1,COc1ccccc1SC1CC(=O)N1C(=O)NCc1ccccc1,0
CHEMBL454449,128.0,ug.mL-1,CC[C@H](CC[C@@H](C)[C@H]1CC[C@@]2(C)[C@@H]3CC=C4C[C@@H](O[C@@H]5O[C@H](CO)[C@@H](O)[C@H](O)[C@H]5O)CC[C@]4(C)[C@H]3CC[C@]12C)C(C)C,0
CHEMBL3735773,6.25,ug.mL-1,Cc1cc(C)c2c(Cn3cc(COc4ccc(OCc5cn(Cc6cc(=O)oc7cc(C)cc(C)c67)nn5)cc4)nn3)cc(=O)oc2c1,1
CHEMBL3358777,12.5,ug.mL-1,c1ccc(-c2ccnc(-c3nc4ccccc4[nH]3)c2)cc1,0
CHEMBL498403,1.25,ug.mL-1,CCOc1cccc(/C=N/NC(=O)c2ccncc2)c1,1
CHEMBL3937714,100.0,ug.mL-1,OC1(CNc2ccc(N3CCOCC3)c(F)c2)CCN(Cc2ccccc2)C1,0
CHEMBL4563615,100.0,ug.mL-1,COc1ccc2cc1Oc1cc(ccc1OC)CCC(NC(=O)NCCc1ccccc1)CCCC2,0
CHEMBL64089,32.0,ug.mL-1,CCCCCCCCCCCCCCCCCC/N=C(\S)c1cccnc1S,0
CHEMBL501716,6.25,ug.mL-1,C/C(=N\Nc1csc(-c2ccc3c(c2)CCC3)n1)c1ccc(Cl)cc1,1
CHEMBL3126146,6.25,ug.mL-1,O=C(Nc1cc2nc(C3CCCCC3)[nH]c2cc1N1CCCC1)c1ccccc1,1
CHEMBL5182664,32.0,ug.mL-1,CC(=O)c1cccc(-n2cc(CSc3nc(=O)c4cc(Cl)cc([N+](=O)[O-])c4s3)nn2)c1,0
CHEMBL2282287,50.0,ug.mL-1,Cc1cccc2sc(Nn3c(-c4ccc(Cl)cc4)nnc3-c3cccnc3)nc12,0
CHEMBL378611,0.125,ug.mL-1,Cc1ccc(-c2cc(CN3CCSCC3)c(C)n2-c2ccc(F)cc2)cc1,1
CHEMBL4463705,2.682,ug.mL-1,CCCc1nc2ccc(F)cn2c1C(=O)NCCOc1ccc(Br)cc1,1
CHEMBL301576,12.5,ug.mL-1,COC1=C(OC)/C(=C/Cn2cnc3c(N)ncnc32)OC1=O,0
CHEMBL479907,64.0,ug.mL-1,Oc1c(Cl)cc(Cl)cc1-c1c(Cl)cc(Cl)c(Oc2ccc(Cl)cc2Cl)c1O,0
CHEMBL4451912,1000.0,ug.mL-1,CC1=C(C(=O)NNC(=O)c2ccncc2)C(c2ccccn2)N2C(=N1)Sc1cccc(C)c12,0
CHEMBL1215754,6.25,ug.mL-1,CC(=O)O[C@@H]1C[C@H]2C(C)(C)C(=O)C=C[C@]2(C)[C@H]2CC[C@]3(C)C(=CC(=O)[C@H]3c3ccoc3)[C@@]21C,1
CHEMBL3260380,32.0,ug.mL-1,Cc1cc(C)n2nc(C(=O)NS(=O)(=O)c3ccccc3Cl)nc2n1,0
CHEMBL49190,3.13,ug.mL-1,Cc1cc(NC(=N)c2ccccc2)ccc1-c1ccc(-c2ccc(NC(=N)c3ccccc3)cc2C)o1,1
CHEMBL1089099,3.464,ug.mL-1,COc1ccc(CCNC(=O)c2c(C)[n+]([O-])c3ccccc3[n+]2[O-])cc1,1
CHEMBL1258343,0.25,ug.mL-1,CCOC(=O)C1=C(C)NC(=O)NC1c1cn(-c2ccccc2)nc1-c1ccc(Cl)cc1,1
CHEMBL4561578,8.1,ug.mL-1,CCOC(=O)c1nc(C(C)C)sc1-c1ccc2nccnc2c1,1
CHEMBL1801843,1.55,ug.mL-1,CC(C)(C)OC(=O)NCC(=O)O/N=C1\c2ccccc2-c2c1c(N1CCN(c3ccccn3)CC1)nc1ccc(Br)cc21,1
CHEMBL2430627,24.22,ug.mL-1,N#Cc1c(NC(=O)c2ccco2)[n+]([O-])c2ccc(C(F)(F)F)cc2[n+]1[O-],0
CHEMBL275353,256.0,ug.mL-1,CCNCc1ccc(C(F)(F)F)cc1.Cl,0
CHEMBL2418903,1.0,ug.mL-1,O=[N+]([O-])c1ccc(OCc2nc3cc(Br)ccc3n2S(=O)(=O)c2ccccc2[N+](=O)[O-])cc1,1
CHEMBL1077700,2.0,ug.mL-1,c1ccc(C[C@H]2CNCCN2CC2CCCN2C[C@H](Cc2ccccc2)N2CCN(CCCC3CCCCC3)[C@@H](Cc3ccccc3)C2)cc1,1
CHEMBL2023785,4.0,ug.mL-1,CCCCCCc1cn(Cc2cccc(OC)c2)nn1,1
CHEMBL440973,1.56,ug.mL-1,CO/N=c1\[nH]cnc2c1[n+](C/C=C(\C)CC/C=C(\C)CC/C=C(\C)CCC=C(C)C)cn2Cc1ccccc1,1
CHEMBL1669324,100.0,ug.mL-1,CCCCCCCCCCCCCCCCCC(=O)N[C@@H]1[C@@H](O)[C@H](O)[C@@H](CO)O[C@H]1SC(=S)N(C)C,0
CHEMBL2282493,100.0,ug.mL-1,COc1ccc(C2CC(c3ccc(Nc4cc(=O)oc5ccccc45)cc3)=NN2C(C)=O)cc1,0
CHEMBL520400,6.25,ug.mL-1,CN1CCC(N(Cc2ccccc2)c2ccccc2)CC1,1
CHEMBL2296053,50.0,ug.mL-1,CCC1=C(O)C(=O)C(CC)=C(O)C1=O,0
CHEMBL4458695,0.05,ug.mL-1,COc1ccc(-c2cn3cc(C4=CCN(C(=O)c5ccccc5)CC4)ccc3n2)cc1OC,1
CHEMBL4449945,64.0,ug.mL-1,N#Cc1ccc(/C=C/c2nc3ccccc3c(=O)n2-c2cccnc2)cc1,0
CHEMBL539189,6.25,ug.mL-1,CC(O)c1cc(F)ccc1Oc1nc2ccc(NC(=O)Nc3cccc([N+](=O)[O-])c3)cc2cc1Cc1ccccc1,1
CHEMBL2297343,8.0,ug.mL-1,CC(C)c1csc(-c2nnc(S(=O)(=O)Cc3ccc(Br)cc3)n2/N=C/c2ccc(F)cc2)n1,1
CHEMBL455416,16.0,ug.mL-1,COc1cc(NC(C)CCCNC(=O)NC2CCCC2)c2ncccc2c1,0
CHEMBL4569233,0.03,ug.mL-1,C[C@]1(CN2CCc3nc(-c4cccc(Cl)c4F)ccc3C2)Cn2cc([N+](=O)[O-])nc2O1,1
CHEMBL439029,6.25,ug.mL-1,O=C(Nc1nc(Cc2nnc(SCSc3nnc(Cc4csc(NC(=O)c5ccccc5)n4)n3NC(=O)c3ccc(Cl)cc3)n2NC(=O)c2ccc(Cl)cc2)cs1)c1ccccc1,1
CHEMBL241938,6.25,ug.mL-1,O=C(CSc1nnc(Cc2csc(NC(=O)c3ccccc3)n2)n1NC(=O)c1ccccc1)N/N=C/c1ccccc1,1
CHEMBL13825,76.8,ug.mL-1,Cl.NCc1cc(Cl)ccc1Cl,0
CHEMBL560307,0.78,ug.mL-1,Clc1ccc(C2Cc3[nH]c4ccccc4c3S2)c(Cl)c1,1
CHEMBL467002,0.35,ug.mL-1,CN1C/C(=C\c2ccccc2Cl)C(=O)[C@]2(C1)[C@@H](c1ccccc1Cl)[C@@H]1CCCN1[C@@]21C(=O)Nc2ccccc21,1
CHEMBL1927996,50.0,ug.mL-1,CNC(=S)NNC(=O)CCC1CCCCC1,0
CHEMBL5432059,25.0,ug.mL-1,O=C(Nc1ncc([N+](=O)[O-])s1)c1ccc(-n2cc(CN3CCOCC3)nn2)cc1O,0
CHEMBL3120346,6.25,ug.mL-1,O=c1cc(COc2ccccc2I)c2cc(Cl)ccc2o1,1
CHEMBL5405081,16.0,ug.mL-1,O=C(CNc1ccccc1)NC1C2CC3CC(C2)CC1C3,0
CHEMBL4550974,4.0,ug.mL-1,CCOC(=O)/C=C/C(=O)C1CC1,1
CHEMBL4528158,64.0,ug.mL-1,C#CCOc1ccc2nc(/C=C/c3ccc(C#N)cc3)n(CC(=O)OC)c(=O)c2c1,0
CHEMBL2260334,8.0,ug.mL-1,O=C(c1ccncc1)N1N=C(c2ccccn2)CC1c1ccc(Cl)cc1,1
CHEMBL5590251,25.0,ug.mL-1,CC(C)(C)c1ccc(S(=O)(=O)NC[C@H]2CN(c3ccc(N4CCOCC4)c(F)c3)C(=O)O2)cc1,0
CHEMBL5198943,3.61,ug.mL-1,CCOC(=O)NC(=O)c1ccsc1NC(=O)c1ccc(S(=O)(=O)Nc2ccc([N+](=O)[O-])cc2)cc1,1
CHEMBL4588545,12.5,ug.mL-1,COc1ccc2cc1Oc1ccc(cc1)CCC(NCCc1ccc(F)cc1)CCCC2,0
CHEMBL3310388,42.1,ug.mL-1,Cn1cc([N+](=O)[O-])cc1C(=O)NNC(=O)NCCc1ccccc1,0
CHEMBL5280880,64.0,ug.mL-1,COc1ccc(S(=O)(=O)N2CCN(Cc3cc(OC)c4cc(F)ccc4n3)CC2)cc1,0
CHEMBL3091891,0.03,ug.mL-1,CCCCCC/C=N/NC(=O)c1ccncc1,1
CHEMBL1829651,12.5,ug.mL-1,COc1ccc(-c2csc(Nc3cc(OC)ccc3OC)n2)cc1,0
CHEMBL1823573,160.0,ug.mL-1,COC(=O)[C@]1(O)C=C(OCc2cc3cc(C)ccc3s2)[C@@H](O)[C@H](O)C1,0
CHEMBL460403,3.13,ug.mL-1,C[C@H](NC(=O)OCc1ccccc1)C(=O)Oc1ccc(Cl)cc1C(=O)Nc1ccc(C(F)(F)F)cc1,1
CHEMBL3958709,1.25,ug.mL-1,COC(=O)c1cc2occc2n1CC(=O)c1ccccc1,1
CHEMBL4078500,4.0,ug.mL-1,O=C(c1cn2ccn(Cc3ccc(Cl)c(Cl)c3)c(=O)c2n1)N1CCCCC1,1
CHEMBL48492,12.5,ug.mL-1,O=C(NCc1ccco1)c1ccccc1SSc1ccccc1C(=O)NCc1ccco1,0
CHEMBL4088787,1.56,ug.mL-1,COc1ccc([C@@H]2[C@H]3CSCN3[C@]3(C(=O)Nc4ccccc43)[C@@]23C(=O)Oc2ccccc23)cc1,1
CHEMBL3747255,3.13,ug.mL-1,O=[N+]([O-])c1cn2c(n1)OC[C@@H](OCc1ccc(N3CCSCC3)c(F)c1)C2,1
CHEMBL3120354,25.0,ug.mL-1,O=c1cc(COc2cccc(I)c2)c2c(ccc3ccccc32)o1,0
CHEMBL4552194,0.96,ug.mL-1,CN(C)C(=O)/C=C/C(=O)c1cccc(Br)c1,1
CHEMBL2059764,1.25,ug.mL-1,O=C(NN1C(=O)[C@H](Cl)[C@H]1c1ccccc1)c1cc(-c2ccc(Cl)cc2)n[nH]1,1
CHEMBL4094973,7.8,ug.mL-1,Cc1cn(C2CCN(Cc3cc(Oc4ccccc4)c4ccccc4n3)CC2)c(=O)[nH]c1=O,1
CHEMBL5433065,0.78,ug.mL-1,N#Cc1c(Cl)nc(SCc2ccc(Cl)cc2)nc1-c1cccs1,1
CHEMBL3246528,9.0,ug.mL-1,CO[C@H]1/C=C/O[C@@]2(C)Oc3c(C)c(O)c4c(O)c(c(/C=N/NC(=O)CN5CCN(c6ccc(C(C)C)cc6)CC5)c(O)c4c3C2=O)NC(=O)/C(C)=C\C=C\[C@H](C)[C@H](O)[C@@H](C)[C@@H](O)[C@@H](C)[C@H](OC(C)=O)[C@@H]1C,1
CHEMBL4865275,32.0,ug.mL-1,C#CCOc1ccc(-c2noc(NC3CCCCC3)n2)cc1,0
CHEMBL3394652,50.0,ug.mL-1,COc1ccc(OC)c(SC2CC(=O)N2C(=O)NCc2ccccc2)c1,0
CHEMBL1630921,24.6,ug.mL-1,O=C1Nc2ccc(Cl)cc2[C@]12N1CSC[C@H]1[C@H](c1ccc(Cl)cc1)[C@]21Cc2ccccc2C1=O,0
CHEMBL197728,25.0,ug.mL-1,Oc1ccc(-c2cc(-c3ccccc3)nc(N3CCCCC3)n2)cc1,0
CHEMBL130295,8.0,ug.mL-1,CCCCCCCCCCC(OC(=O)c1cnc(Cl)cn1)C(C)(C)C,1
CHEMBL2282060,250.0,ug.mL-1,O=C1C(Cl)C(c2cc3ccccc3nc2S)N1c1cccc([N+](=O)[O-])c1,0
CHEMBL5394182,25.0,ug.mL-1,Cc1ccc(-c2cn(-c3ccc(C(=O)Nc4ncc([N+](=O)[O-])s4)c(O)c3)nn2)cc1,0
CHEMBL3745936,100.0,ug.mL-1,CCCCCCCCNc1nccnc1C(=O)NCc1ccccc1,0
CHEMBL2441327,3.12,ug.mL-1,Brc1ccc(COc2ccc(C(Nn3cnnc3)C3CC3)cc2)cc1,1
CHEMBL3358707,25.0,ug.mL-1,COc1cc(O)cc2cc3c(c(O)c12)C(=O)C[C@@](C)(O)C3,0
CHEMBL1689329,6.25,ug.mL-1,O=C1O[C@@H](CNC2=NS(=O)(=O)c3ccccc3N2c2ccccc2)CN1c1ccc(N2CCSCC2)c(F)c1,1
CHEMBL4587056,256.0,ug.mL-1,CC=C1C[N@]2CC[C@H]1C[C@H]2[C@H](O)c1ccnc2ccc(OC3CCC3)cc12,0
CHEMBL1242897,11.5,ug.mL-1,CN(C)c1ccc(C2CC(c3cc4ccccc4o3)=NN2C(=O)c2ccncc2)cc1,1
CHEMBL4277881,128.0,ug.mL-1,COc1cc(NC(C)CCCNC(=O)NNC(=O)NC(c2ccccc2)(c2ccccc2)c2ccccc2)c2ncccc2c1,0
CHEMBL380835,0.025,ug.mL-1,O=C(c1ccc([N+](=O)[O-])o1)N1CCc2cc(N3CCN(Cc4ccccc4)CC3)ccc2C1,1
CHEMBL4177389,6.25,ug.mL-1,COc1ccc(-n2cc(C3C4=C(CC(C)(C)CC4=O)Oc4ccc5ccccc5c43)nn2)cc1,1
CHEMBL4520747,3.125,ug.mL-1,COc1cccc(-c2cn(C3CCCCc4ccccc43)nn2)c1,1
CHEMBL4875040,0.12,ug.mL-1,CCOC(=O)NC(=O)c1ccsc1NC(=O)c1ccc(C(=O)Nc2ccccc2)cc1,1
CHEMBL4852775,32.0,ug.mL-1,NC[C@@H]1OC(=O)N2Cc3cc(N4CCOCC4)ccc3O[C@@H]12,0
CHEMBL5271483,64.0,ug.mL-1,COc1cc(CN2CCN(S(=O)(=O)c3ccc(C)cc3)CC2)nc2ccc(F)cc12,0
CHEMBL360741,16.0,ug.mL-1,COc1ccccc1N1CCN(C(=O)CN(/N=C/c2ccc(Cl)cc2Cl)C(=O)c2ccncc2)CC1,0
CHEMBL2338305,100.0,ug.mL-1,CCOC(=O)CSc1nnc(-c2cccnc2SCc2ccccc2)o1,0
CHEMBL5219372,3.12,ug.mL-1,CCc1nn(-c2ccccc2)c(=O)n1N(Cc1ccccc1)Cn1nnc2ccccc21,1
CHEMBL4525642,100.0,ug.mL-1,COc1ccc2cc1Oc1cc(ccc1OC)CCC(OS(=O)(=O)c1ccc(C)cc1)CCCC2,0
CHEMBL4789006,6.25,ug.mL-1,N/C(=N\NC(=S)N1CCCC1)c1cc(N2CCOCC2)ccn1,1
CHEMBL5266679,0.0005,ug.mL-1,O=C1CCc2c(cccc2OC[C@]2(O)CCN(c3c(F)cc(Cl)cc3F)C[C@H]2O)N1,1
CHEMBL225757,6.25,ug.mL-1,CCC(CO)N1CCN(C(CC)CO)C1OS(=O)(=O)c1ccc(C)cc1,1
CHEMBL5270599,0.8,ug.mL-1,O=C(NNS(=O)(=O)c1ccc(F)cc1F)N1N=C(c2ccccc2)CC1c1ccc(Br)cc1,1
CHEMBL3330323,0.00019,ug.mL-1,CCCCCCCN1CCN(c2nc(=O)c3cc(C(F)(F)F)cc([N+](=O)[O-])c3s2)CC1,1
CHEMBL2338301,25.0,ug.mL-1,O=C(CSc1nnc(-c2cccnc2SCc2ccccc2)o1)Nn1cnnc1,0
CHEMBL397220,25.0,ug.mL-1,COc1ccc(C(c2ccc(OCCN(C)C)cc2)c2cccnc2)cc1,0
CHEMBL2235889,62.5,ug.mL-1,N#Cc1ccc(Nc2nc(Oc3ncnc4ccccc34)nc(N3CCN(C(c4ccccc4)c4ccccc4)CC3)n2)cc1C(F)(F)F,0
CHEMBL4584488,34.0,ug.mL-1,CC(C)c1nc(C(=O)NCc2ccc(Cl)c(F)c2)c(-c2ccc(C#N)cc2)s1,0
CHEMBL2282084,100.0,ug.mL-1,O=C1C(Cl)C(c2cc3ccccc3nc2Cl)N1c1cccc([N+](=O)[O-])c1,0
CHEMBL3828755,25.0,ug.mL-1,COc1cc(C(=O)NCCSCC(=O)c2c(C)[n+]([O-])c3ccccc3[n+]2[O-])cc(OC)c1OC,0
CHEMBL113546,25.0,ug.mL-1,CCCCCCCCCCS(=O)(=O)C(C)C(N)=O,0
CHEMBL1927990,50.0,ug.mL-1,CSC(=S)NNC(=O)CCC1CCCCC1,0
CHEMBL3260393,32.0,ug.mL-1,Cc1cc(C)n2nc(C(=O)NS(=O)(=O)c3ccc(C(F)(F)F)cc3)nc2n1,0
CHEMBL453434,128.0,ug.mL-1,CCCCCCCC/C=C/CCCCCCCC(=O)OC(COC(=O)CCCCCCCCC)CO[C@@H]1O[C@H](CO)[C@H](O)[C@H](O)[C@H]1O,0
CHEMBL4852651,1.86,ug.mL-1,CCOC(=O)NC(=O)c1ccsc1NC(=O)c1ccc(C(=O)N2CCCCC2)cc1[N+](=O)[O-],1
CHEMBL1215995,25.0,ug.mL-1,C=CCC/C=C/C#CC#CCCCCCCCCCC[C@H]1C[C@@H](CO)OC1=O,0
CHEMBL4514429,1.14,ug.mL-1,CC(C)OC(=O)/C=C/C(=O)c1ccc(OCc2ccccc2)cc1,1
CHEMBL5171404,4.0,ug.mL-1,COc1c(O)c2c3c(c1OC)CCN[C@H]3Cc1cc3c(cc1-2)OCO3.Cl,1
CHEMBL4476070,12.5,ug.mL-1,C[C@@H](NC(=O)N1C(=O)C[C@H]1Sc1ccc(F)cc1F)c1ccccc1,0
CHEMBL7563,1.0,ug.mL-1,COc1ccc(-c2ccc(N3C[C@H](CNC(C)=O)OC3=O)cc2F)ccc1=O,1
CHEMBL1096534,12.5,ug.mL-1,CNC1=C(Sc2ccccc2)C(=O)c2ncccc2C1=O,0
CHEMBL1077684,3.9,ug.mL-1,N=C1NC[C@H](Cc2ccccc2)N1C[C@@H]1CCCN1C[C@H](Cc1ccccc1)N1C[C@H](Cc2ccccc2)N(CC23CC4CC(CC(C4)C2)C3)C1=N,1
CHEMBL1652551,32.0,ug.mL-1,Cn1nnc2c3c(ccc21)c(=O)c(C(=O)O)cn3CC1CCC1,0
CHEMBL3099153,0.8,ug.mL-1,C/C(=N\NC(=O)COc1ccccc1)c1ccc(-n2c(C)ccc2C)cc1,1
CHEMBL4287434,4.0,ug.mL-1,Cc1cc(O)c(C(=O)/C=C/c2cc(Br)cs2)c(=O)o1,1
CHEMBL5641877,64.0,ug.mL-1,COc1ccc(-n2c(C)cc(/C=C3\S/C(=N/c4nc(C)c(C)s4)NC3=O)c2C)cc1OC,0
CHEMBL2282085,50.0,ug.mL-1,O=C1C(Cl)C(c2cc3ccccc3nc2Cl)N1c1ccc([N+](=O)[O-])cc1,0
CHEMBL1276657,125.0,ug.mL-1,COc1ccc(C2c3ccc4cccnc4c3OC3NC(=S)NC(=S)C32)cc1,0
CHEMBL3398365,50.0,ug.mL-1,CCCc1cc(=O)oc2c1c(OCCN1CCOCC1)cc1oc(-c3noc(C(F)(F)F)n3)cc12,0
CHEMBL1797577,1.56,ug.mL-1,CC1(C)CCc2c(c3ccccc3c3nc(-c4c[nH]c5ccccc45)[nH]c23)O1,1
CHEMBL1911467,10.0,ug.mL-1,COC(=O)Cc1cc(/C=N/NC(=O)c2cnc3c(C(F)(F)F)cccc3c2O)co1,1
CHEMBL2057347,100.0,ug.mL-1,O/N=C\Nc1nc2c(s1)CCc1ccccc1-2,0
CHEMBL1823281,100.0,ug.mL-1,OCc1cn(-c2cccc(Cl)c2)nn1,0
CHEMBL2281676,62.5,ug.mL-1,CC1CC(C)CN(c2nc(-c3ccc(NCC(=O)Nc4ccc(C#N)cc4)cc3)nc(N3CC(C)CC(C)C3)n2)C1,0
CHEMBL1823765,40.0,ug.mL-1,CCOC(=O)[C@]1(O)C=C(OCc2cc3ccccc3s2)[C@@H](O)[C@H](O)C1,0
CHEMBL3126258,32.0,ug.mL-1,O=C1O[C@H](COc2ccccc2F)CN1c1ccccc1,0
CHEMBL3291456,28.33,ug.mL-1,C/C(=N\n1c(/N=C/c2cccc([N+](=O)[O-])c2)c(C#N)c(-c2ccc([N+](=O)[O-])cc2)c(C#N)c1=O)c1nc2ccccc2[nH]1,0
CHEMBL311441,52.0,ug.mL-1,CC(C)(C)C(=O)OCn1nnnc1-c1ccncc1,0
CHEMBL4777395,100.0,ug.mL-1,CCCCCC(=O)Oc1cccc(Nc2nc3ccccc3c(=O)o2)c1,0
CHEMBL561317,6.25,ug.mL-1,CCCn1c(-c2ccc(-n3cncn3)cc2)nc2c(F)cc(F)cc21,1
CHEMBL5268288,0.5,ug.mL-1,Clc1ccc(CN2CCC(C3c4ccccc4-c4ccccc43)C2)cc1,1
CHEMBL397327,64.0,ug.mL-1,COc1ccc(C(O)C(Cn2ccnc2)Cn2ccnc2)cc1,0
CHEMBL2159762,32.0,ug.mL-1,COc1cc(CN2CCN(c3cc4c(cc3F)c(=O)c(C(=O)O)cn4C3CC3)CC2)c([N+](=O)[O-])cc1OC,0
CHEMBL2424960,12.5,ug.mL-1,COc1cc(C2CC(c3ccc(Cl)cc3Cl)=NN2C(C)=O)cc(N)c1O,0
CHEMBL3098894,50.0,ug.mL-1,COc1cc(NS(=O)(=O)c2cccs2)ccc1-n1cnc(Cl)c1,0
CHEMBL2059849,1.1,ug.mL-1,O=C(N/N=C/c1ccc(Cl)cc1)c1cc(-c2ccc(Cl)cc2)n[nH]1,1
CHEMBL3417011,12.5,ug.mL-1,COc1ccc(-c2nc3sc(-c4ccc(C)cc4)nn3c2-c2nc3cc([N+](=O)[O-])ccc3[nH]2)cc1,0
CHEMBL5202951,3.12,ug.mL-1,COc1ccc2c(c1)C1=NN(CCCN(C)C)C3=CC=C([N+](=O)[O-])C(N2)C31,1
CHEMBL577402,64.0,ug.mL-1,CC1/C(=N/N=C2\NC(=O)CS2)CC(c2ccccc2)NC1c1ccccc1,0
CHEMBL2338295,200.0,ug.mL-1,Cc1ccc2sc(-c3ccc(NC(=O)CCl)cc3)nc2c1,0
CHEMBL4757789,512.0,ug.mL-1,CCOc1cc(/C=N/NC(=O)c2cccnc2)ccc1OC(=O)CC1SC(=O)NC1=O,0
CHEMBL4780609,25.0,ug.mL-1,N#C/C(=C\c1ccc(N2CCN(Cc3ccc(F)cc3)CC2)cc1)c1nc2ccccc2[nH]1,0
CHEMBL4860317,0.2,ug.mL-1,CCOC(=O)NC(=O)c1ccsc1NC(=O)c1ccc(C(=O)N2CCCC2)cc1,1
CHEMBL4171680,12.48,ug.mL-1,Cc1nc(-c2ccc(Cl)cc2)ccc1C(=O)N/N=C/c1ccc(Cl)cc1,1
CHEMBL1242802,6.5,ug.mL-1,COc1ccccc1C1CC(c2cc3ccccc3o2)=NN1C(=O)c1ccncc1,1
CHEMBL4584181,64.0,ug.mL-1,COc1ccc(-c2cn(-c3ccc4c(=O)n(-c5ccccc5)c(/C=C/c5ccc(C#N)cc5)nc4c3)nn2)cc1,0
CHEMBL3084316,25.0,ug.mL-1,CCCCCCCCC[S@@+]([O-])CC(=O)OC,0
CHEMBL2338622,25.0,ug.mL-1,O=C1CC2(CCCC2)Oc2cc(OCC(O)CNc3ccccc3)ccc21,0
CHEMBL274812,19.2,ug.mL-1,CCCNCc1cc(F)cc(F)c1.Cl,0
CHEMBL2031942,116.0,ug.mL-1,CCOCCOCCOc1ccc(C(OC(=O)CCCNC(=O)NC23CC4CC(CC(C4)C2)C3)c2ccccc2)cc1,0
CHEMBL13615,256.0,ug.mL-1,CCCCNCc1cccc(C(F)(F)F)c1.Cl,0
CHEMBL2059839,0.39,ug.mL-1,O=C(NN1C(=O)CSC1c1ccc(O)cc1)c1cc(-c2ccc(Cl)cc2)n[nH]1,1
CHEMBL2059844,1.99,ug.mL-1,O=C(NN1C(=O)[C@H](Cl)[C@H]1c1cccc([N+](=O)[O-])c1)c1cc(-c2ccc(Cl)cc2)n[nH]1,1
CHEMBL4872491,12.5,ug.mL-1,CO[C@H]1CC=C2C(=O)c3c(O)cc(C)c(-c4c(C)cc(O)c5c4O[C@]4(C)C(=CC(=O)[C@H](OC)[C@H]4O)C5=O)c3O[C@@]2(C)[C@@H]1O,0
CHEMBL574293,256.0,ug.mL-1,CCOC(=O)Cc1csc(N/N=C2\CC(c3ccc(C)cc3)NC(c3ccc(C)cc3)C2C)n1,0
CHEMBL5220070,1.56,ug.mL-1,Cc1ccc(Cn2cc(CNC(=O)c3c(C)nc4ncccn34)nn2)cc1,1
CHEMBL3126287,0.02,ug.mL-1,Cc1nn(-c2ccc3c(c2)Nc2ccccc2S3)c2c1C(c1ccc(Cl)cc1)NC(N)=N2,1
CHEMBL4438606,0.1,ug.mL-1,CO/N=C1/C(=O)N(CCn2cc(CN3CCC[C@H]4CN(c5c(F)cc6c(=O)c(C(=O)O)cn(C7CC7)c6c5OC)C[C@H]43)nn2)c2ccccc21,1
CHEMBL4552444,3.12,ug.mL-1,Clc1ccc(Cn2cc(Cn3ccc4cncnc43)nn2)cc1,1
CHEMBL4205705,25.0,ug.mL-1,Cc1cc2c(cc1C)-c1nc(C)c(Cn3cc(-c4ccccn4)nn3)cc1CCC2,0
CHEMBL3358753,100.0,ug.mL-1,CN1C(=O)C(C2C3=C(CCCC3=O)Oc3ccc([N+](=O)[O-])cc32)C(=O)N(C)C1=O,0
CHEMBL3618261,50.0,ug.mL-1,Cc1nn2c(COCc3cn(Cc4ccccc4F)nn3)c(-c3ccc(Cl)cc3)nc2s1,0
CHEMBL4073124,5.0,ug.mL-1,CC1CCC(NC(=O)c2cc3ccccc3[nH]2)CC1,1
CHEMBL584952,1.0,ug.mL-1,Cc1c(CN2CCSCC2)cc(-c2ccc(F)cc2)n1-c1ccc(F)cc1,1
CHEMBL509308,0.4,ug.mL-1,O=C1c2cccc3cccc(c23)[C@]12N1CSC[C@H]1[C@H](c1ccc(Cl)cc1Cl)[C@]21CCC/C(=C\c2ccc(Cl)cc2Cl)C1=O,1
CHEMBL1823288,100.0,ug.mL-1,COc1cccc(-n2cc(CO)nn2)c1,0
CHEMBL2299178,6.25,ug.mL-1,O=C1C(=O)N(CCSC(=S)N2CCN(c3ccc(Cl)c(Cl)c3)CC2)c2ccccc21,1
CHEMBL372795,1.0,ug.mL-1,CN[C@@H]1[C@H](O[C@H]2[C@H](O[C@H]3[C@H](O)[C@@H](O)[C@H](N=C(N)N)[C@@H](O)[C@@H]3N=C(N)N)O[C@@H](C)[C@]2(O)C=O)O[C@@H](CO)[C@H](O)[C@H]1O,1
CHEMBL2048548,6.25,ug.mL-1,COc1ccc2c(CS(=O)(=O)c3ccccc3)cc(=O)oc2c1OC,1
CHEMBL2281660,62.5,ug.mL-1,CC(=O)Nc1ccc(NC(=O)CNc2ccc(-c3nc(N4CC(C)CC(C)C4)nc(N4CC(C)CC(C)C4)n3)cc2)cc1,0
CHEMBL169,256.0,ug.mL-1,C[C@H]1[C@H](C)CC[C@]2(C(=O)O)CC[C@]3(C)C(=CC[C@@H]4[C@@]5(C)CC[C@H](O)C(C)(C)[C@@H]5CC[C@]43C)[C@H]12,0
CHEMBL3126149,1.56,ug.mL-1,O=C(Nc1cc2nc(C3CCCCC3)[nH]c2cc1N1CCCC1)c1ccc(Br)cc1,1
CHEMBL4782587,32.0,ug.mL-1,O=c1c(-c2ccc(O)cc2)coc2ccc(O)c(CN3CCCCC3)c12,0
CHEMBL3357486,200.0,ug.mL-1,CCC(C)C(=O)c1c(O)cc(O)cc1OC/C=C(\C)CCC=C(C)C,0
CHEMBL3617214,100.0,ug.mL-1,CCNC(=S)Nc1cccc(C(F)(F)F)c1,0
CHEMBL517786,128.0,ug.mL-1,C=C1C(=O)O[C@@H]2[C@@H]3[C@@H](CC[C@]34CO4)[C@]3(CC[C@@H]12)CO3,0
CHEMBL2297350,2.0,ug.mL-1,CC(C)c1csc(-c2nnc(S(=O)(=O)Cc3ccccc3C(F)(F)F)o2)n1,1
CHEMBL5188256,2.0,ug.mL-1,Nc1ccc2c(c1)-c1cc(N)ccc1S2(=O)=O,1
CHEMBL3357504,200.0,ug.mL-1,CCCCCCCCCC1CC(O)c2ccc(O)cc2O1,0
CHEMBL2177988,0.12,ug.mL-1,COC1CCC(/N=c2\cc3n(-c4ccc(F)cc4)c4ccccc4nc-3cc2Nc2cccnc2)CC1,1
CHEMBL3246137,25.0,ug.mL-1,Nc1nc(N)c2c(Cl)c([S+]([O-])c3ccc4ccccc4c3)ccc2n1,0
CHEMBL5612074,0.33,ug.mL-1,CC(=O)NC[C@@H]1OC(=O)N2Cc3c(cc(F)c(-c4ccc(-c5nnn(C)n5)nc4)c3F)O[C@@H]12,1
CHEMBL4463706,25.0,ug.mL-1,ClC1=C(c2cn(Cc3ccc(Cl)c(Cl)c3)nn2)CCc2nc(-c3cccs3)ccc21,0
CHEMBL2070289,50.0,ug.mL-1,CCCCCCn1cc(COc2ccc(-c3cc(-c4ccccc4)nc(N)n3)c(O)c2)nn1,0
CHEMBL4793956,50.0,ug.mL-1,CC(=O)OC[C@@]1(CCC(=O)O)C2=C(CC[C@H]1C(C)(C)O)[C@]1(C)CC[C@H]([C@H](C)[C@H]3OC(=O)C(C)=C[C@@H]3O)[C@@]1(C)CC2,0
CHEMBL2261072,25.0,ug.mL-1,O=C(N/N=C/c1ccc([N+](=O)[O-])cc1)c1cccnc1,0
CHEMBL4241358,0.03,ug.mL-1,CNc1cc(F)cc2c1[nH]c1nc(CNC(=O)c3cnco3)nc(N3CCC(CN)C3)c12,1
CHEMBL4446640,4.0,ug.mL-1,COc1ccc(OC)c(C(=O)/C=C/C(=O)O)c1,1
CHEMBL198382,50.0,ug.mL-1,OC(c1ccc(OCc2ccccc2)cc1)C1CC1,0
CHEMBL2151450,3.5,ug.mL-1,Brc1cc(-c2nnc(-c3cc(Br)c(Br)[nH]3)o2)[nH]c1Br,1
CHEMBL1270979,3.13,ug.mL-1,O=C1Oc2ccc(F)cc2N/C1=C\C(=O)c1ccccc1Cl,1
CHEMBL3220025,64.0,ug.mL-1,COc1cc(NC(C)CCCNC(=O)/C=C/c2ccc(Cl)cc2)c2ncccc2c1,0
CHEMBL551527,16.0,ug.mL-1,CSc1ncc(C2C(C(=O)Nc3cccnc3)=C(C)NC(C)=C2C(=O)Nc2cccnc2)n1Nc1ccccc1,0
CHEMBL3929574,0.3,ug.mL-1,Cc1nn2ccsc2c1C(=O)NCc1ccc(N2CCC(c3ccc(OC(F)(F)F)cc3)CC2)cc1,1
CHEMBL2262800,1000.0,ug.mL-1,Nc1nc(=O)[nH]c2c1C(c1ccccc1)c1ccc3ccccc3c1O2,0
CHEMBL1277015,0.25,ug.mL-1,CCCc1ccc(-c2cc(CN3CCSCC3)c(C)n2-c2ccc(OC)cc2)cc1,1
CHEMBL333384,1.0,ug.mL-1,O=C(OCc1ccccc1)c1cnc(Cl)cn1,1
CHEMBL437749,6.25,ug.mL-1,CC(=O)NNC(=O)CSc1nnc(Cc2csc(NC(=O)c3ccccc3)n2)n1NC(=O)c1cccc([N+](=O)[O-])c1,1
CHEMBL4470011,0.96,ug.mL-1,CCCN(CCC)C(=O)/C=C/C(=O)c1cccc(F)c1,1
CHEMBL3126793,128.0,ug.mL-1,O=C(NN1CCOCC1)C(=O)c1c[nH]c2ccccc12,0
CHEMBL561977,18.8,ug.mL-1,O[C@@H](COc1ccccc1)CN1CCC(O)(c2ccc(Cl)c(C(F)(F)F)c2)CC1,0
CHEMBL2418891,10.0,ug.mL-1,O=[N+]([O-])c1ccc(OCc2nc3ccc(Br)cc3n2S(=O)(=O)c2cc(Cl)ccc2Cl)cc1,1
CHEMBL451569,60.0,ug.mL-1,O=C(CO)N1CCCC(O)C1,0
CHEMBL3394619,100.0,ug.mL-1,O=C1CC(Sc2ccccc2C(F)(F)F)N1,0
CHEMBL4579114,100.0,ug.mL-1,c1cncc(CN2CCN(Cc3cccnc3)C(Cn3ccnc3)C2)c1,0
CHEMBL3091645,1.62,ug.mL-1,C/C(=N\NC(=O)c1ccncc1)c1cccc(CN2CCCCC2)c1O,1
CHEMBL5178543,0.016,ug.mL-1,O=C(NC1C2CC3CC(C2)CC1C3)c1cc(-c2ccc(F)nc2F)c[nH]1,1
CHEMBL4787655,128.0,ug.mL-1,O=C(CC1SC(=O)NC1=O)Oc1ccc(/C=N/NC(=O)c2ccc(Cl)cc2)cc1,0
CHEMBL276011,17.9,ug.mL-1,CCCNCc1cccc(Cl)c1.Cl,0
CHEMBL5269978,21.11,ug.mL-1,O=C(OCc1ccccc1)c1ccsc1NC(=O)[C@@H]1CCCN1,0
CHEMBL5632246,60.0,ug.mL-1,CCCCCCc1ccc(Oc2ccc(Cn3cc(CNC(=O)c4cc5ccc(N(CC)CC)cc5oc4=O)nn3)cc2)c(O)c1,0
CHEMBL234497,800.0,ug.mL-1,OC[C@H](O)[C@@H](O)[C@H](O)[C@H](O)CO[C@H]1O[C@H](CO[C@H]2O[C@H](CO)[C@H](O)[C@H](O)[C@H]2O)[C@H](O)[C@H](O)[C@H]1O,0
CHEMBL483774,250.0,ug.mL-1,COc1cnc(NS(=O)(=O)c2ccc(N3C(=O)c4ccccc4C3=O)cc2)nc1,0
CHEMBL426220,12.8,ug.mL-1,c1ccc2nc(Sc3[nH]cnc4ncnc3-4)ccc2c1,0
CHEMBL1278094,4.0,ug.mL-1,COc1ccc(-n2c(-c3ccc(F)cc3)cc(CN3CCSCC3)c2C)cc1,1
CHEMBL3091900,0.08,ug.mL-1,CCN(CC)CCN(C)c1ccc(/C=N/NC(=O)c2ccncc2)cc1,1
CHEMBL2018941,16.0,ug.mL-1,CC1=C(C(=O)Nc2ccccc2Cl)C(c2cn(-c3ccccc3)nc2-c2ccccc2)NC(=S)N1,0
CHEMBL3805829,6.25,ug.mL-1,CC(C)(C)c1ccc(-c2cn(C(CN3CCOCC3)c3ccc4sc5ccccc5c4c3)nn2)cc1,1
CHEMBL4289049,12.5,ug.mL-1,Cc1cnc(CC2CCN(C(=O)c3ccc([N+](=O)[O-])o3)C2)n1CC1CC1,0
CHEMBL2177972,0.011,ug.mL-1,COC1CCC(/N=c2\cc3n(-c4ccc(C(F)(F)F)cc4)c4ccccc4nc-3cc2Nc2cccnc2C)CC1,1
CHEMBL1242804,10.8,ug.mL-1,CCn1cc(C(=O)N2N=C(c3cc4ccccc4o3)CC2c2ccccc2)c(=O)c2ccc(C)nc21,1
CHEMBL4634225,8.0,ug.mL-1,CC(C)(C)n1cc(C(=O)O)c(=O)c2cc(F)c(-c3ccc(F)cc3F)cc21,1
CHEMBL461844,0.08,ug.mL-1,CN1C/C(=C\c2ccccc2Cl)C(=O)[C@]2(C1)[C@@H](c1ccccc1Cl)CN(C)[C@@]21C(=O)Nc2ccccc21,1
CHEMBL4563814,0.93,ug.mL-1,CN(C)C(=O)/C=C/C(=O)c1ccc([N+](=O)[O-])cc1,1
CHEMBL456865,25.0,ug.mL-1,C=C1C(=O)C2=C[C@H]1C[C@H](OC(C)=O)C(=O)[C@]1(C)CCCC(C)(C)[C@H]1C[C@H]2OC(C)=O,0
CHEMBL3338456,50.0,ug.mL-1,NNC(=O)CC(=O)Nc1ccc(F)c(Cl)c1,0
CHEMBL3291444,30.18,ug.mL-1,C/C(=N\n1c(/N=C/c2cccc(O)c2)c(C#N)c(-c2ccc([N+](=O)[O-])cc2)c(C#N)c1=O)c1nc2ccccc2[nH]1,0
CHEMBL2046686,15.5,ug.mL-1,COc1ccc(CCNCCCOCCCCOc2ccc(C(=O)c3ccc(Cl)cc3)c(Cl)c2)cc1,0
CHEMBL2296054,115.0,ug.mL-1,CCCC1=C(O)C(=O)C=C(O)C1=O,0
CHEMBL3246127,25.0,ug.mL-1,Nc1nc(N)c2c(Cl)c([S+]([O-])c3ccccc3Cl)ccc2n1,0
CHEMBL431011,100.0,ug.mL-1,CCC[C@]1(C(=O)OCC)CC[C@@]2(c3ccccc3)O[N@@]12,0
CHEMBL447504,6.25,ug.mL-1,Cc1ccc(/C=C2\CCC[C@@]3(C2=O)[C@@H](c2ccc(C)cc2)[C@@H]2CCCN2[C@@]32C(=O)c3cccc4cccc2c34)cc1,1
CHEMBL2407531,8.0,ug.mL-1,COc1cc(/C=C/C(=O)c2c(O)cc(C)oc2=O)cc(OC)c1OC,1
CHEMBL4644199,400.0,ug.mL-1,FC(F)(F)c1ccc(NC(=S)N/N=C/c2ccc(Cl)cc2)cc1,0
CHEMBL2418268,6.25,ug.mL-1,COc1ccccc1N/N=C1\C(=O)Nc2c(cccc2[N+](=O)[O-])C1=O,1
CHEMBL578247,200.0,ug.mL-1,CCOC(=O)C1=C(Nc2ccccc2OC)N=C(c2ccccc2)N2CCN=C12,0
CHEMBL5282015,25.0,ug.mL-1,O=C(Cc1ccccc1Br)NNC(=O)c1ccncc1,0
CHEMBL601059,1.0,ug.mL-1,CN(C)C(=O)C[C@H](CSc1ccccc1)Nc1c(C(=O)N/N=C/c2cccc(OC(F)(F)C(F)F)c2)cnc2c(C(F)(F)F)cccc12,1
CHEMBL2204434,25.0,ug.mL-1,C=C(C)C(CC[C@@H](C)[C@H]1CC[C@@]2(C)[C@@H]3CC[C@H]4C(C)(C)[C@@H](O)CC[C@@]45C[C@@]35CC[C@]12C)OO,0
CHEMBL3099096,25.0,ug.mL-1,CC(c1ccc2sc3ccccc3c2c1)n1cc(-c2ccc3oc4ccccc4c3c2)nn1,0
CHEMBL3264454,125.0,ug.mL-1,CCCCCCCC(=O)NCC#Cc1cn([C@H]2C[C@H](O)[C@@H](COP(=O)(N[C@@H](C)C(=O)OCCC)Oc3ccccc3)O2)c(=O)[nH]c1=O,0
CHEMBL13752,256.0,ug.mL-1,CCCNCc1ccc(C(F)(F)F)cc1.Cl,0
CHEMBL308333,56.0,ug.mL-1,CCCCC[C@H](CC(=O)NO)C(=O)N[C@H](C(=O)N1CCC[C@H]1CO)C(C)C,0
CHEMBL214721,12.5,ug.mL-1,COc1ccc(Nc2c3c(nc4ccccc24)CCCC3)cc1,0
CHEMBL4546943,12.5,ug.mL-1,COC(=O)CC[C@]1(COC(C)=O)C2=C(CC[C@H]1C(C)(C)O)[C@]1(C)CC[C@H]([C@H](C)[C@@H]3CC=C(C)C(=O)O3)[C@@]1(C)CC2,0
CHEMBL3923155,50.0,ug.mL-1,C/C(=N/NC(=O)c1ccc(-n2cccc2)cc1)C(N)=O,0
CHEMBL3099180,12.5,ug.mL-1,C/C(=N\NC(=O)COc1ccc(C)cc1)c1ccc(-n2cccc2)cc1,0
CHEMBL1818387,6.0,ug.mL-1,CCCCCCCNC(=O)Nc1ccc(F)c(F)c1F,1
CHEMBL250034,12.5,ug.mL-1,Fc1ccc(C(c2ccccc2)c2ccc(OCCN3CCCCC3)c3ccccc23)cc1,0
CHEMBL4783701,3.125,ug.mL-1,Cc1ccc(-n2cc(COc3ccc([N+](=O)[O-])cc3/C=N/NC(=O)c3ccncc3)nn2)c(C)c1,1
CHEMBL469327,62.0,ug.mL-1,CC(C)=CCC/C(C)=C/CC/C(C)=C/COCc1cn([C@@H]2O[C@H](CO)[C@@H](O)[C@@H]2O)nn1,0
CHEMBL1922826,3.13,ug.mL-1,CCOC(=O)c1nnn(CC(=O)c2ccccc2)c1C(=O)OCC,1
CHEMBL3126145,25.0,ug.mL-1,CCCOCC(=O)Nc1cc2nc(C3CCCCC3)[nH]c2cc1N(CC)CC,0
CHEMBL1929503,50.0,ug.mL-1,Cc1ccc2c3c([nH]c2c1)-c1nc(S)ncc1CCC3,0
CHEMBL516310,16.0,ug.mL-1,c1ccc(C2=NN[C@H](c3ccccc3)[C@H]2n2ccnc2)cc1,0
CHEMBL4437447,100.0,ug.mL-1,CS(=O)(=O)NC1CCOC2(CCN(C(=O)c3ccc([N+](=O)[O-])o3)CC2)C1,0
CHEMBL331092,6.25,ug.mL-1,c1ccc2c(N3CCNCC3)noc2c1,1
CHEMBL522394,3.1,ug.mL-1,CC1(C)CC[C@]23CO[C@@]4(CC[C@@H]5[C@@]6(C)CC[C@H](O)C(C)(C)[C@@H]6CC[C@@]5(C)[C@]4(C)CC2=O)[C@@H]3C1,1
CHEMBL399314,8.0,ug.mL-1,CCN1C(N/N=C\c2ccc([N+](=O)[O-])o2)=NS(=O)(=O)c2ccccc21,1
CHEMBL4467166,10.6,ug.mL-1,CC(C)c1nc(C(=O)NCc2ccc3c(c2)OCO3)c(-c2ccc3c(c2)OCO3)s1,1
CHEMBL1929504,50.0,ug.mL-1,Cc1cccc2c3c([nH]c12)-c1nc(S)ncc1CCC3,0
CHEMBL4160885,6.25,ug.mL-1,COc1ccccc1Nc1nnc(NC(=O)c2cc3cc(Oc4ccccc4)ccc3s2)s1,1
CHEMBL476201,200.0,ug.mL-1,O=C(O)C1=NOC(c2ccc(N3CCN(C(=O)NCCc4ccccc4)CC3)cc2)C1,0
CHEMBL4099216,50.0,ug.mL-1,COc1ccc(/C=C2\SC(=O)N(CNNC(=O)c3ccncc3)C2=O)cc1,0
CHEMBL214297,8.0,ug.mL-1,Cc1ccccc1-n1c(-c2ccc(F)cc2)cc(CN2CCSCC2)c1C,1
CHEMBL4460207,0.16,ug.mL-1,O=c1nc(N2CCN(CC3CCCCC3)CC2)sc2c(-n3cccc3)cc(C(F)(F)F)cc12,1
CHEMBL386213,3.13,ug.mL-1,O=[N+]([O-])c1cn2c(n1)OC(COCc1ccccc1)C2,1
CHEMBL1270978,100.0,ug.mL-1,Cc1ccc2c(c1)N/C(=C\C(=O)c1ccccc1Cl)C(=O)O2,0
CHEMBL2418316,6.25,ug.mL-1,O=C1Nc2c(Cl)cccc2C(=O)/C1=N/Nc1ccccc1,1
CHEMBL2205096,28.5,ug.mL-1,CCCCCCC[C@@H]1C[C@@H]2CCC3=C(C(=O)OCCCCCCC[C@@H]4C[C@@H]5CC[C@@H]6C[C@H](C)NC(=N4)N65)C(C)N=C(N1)N32,0
CHEMBL262777,4.0,ug.mL-1,CN[C@H](CC(C)C)C(=O)N[C@H]1C(=O)N[C@@H](CC(N)=O)C(=O)N[C@H]2C(=O)N[C@H]3C(=O)N[C@H](C(=O)N[C@H](C(=O)O)c4cc(O)cc(O)c4-c4cc3ccc4O)[C@H](O)c3ccc(c(Cl)c3)Oc3cc2cc(c3O[C@@H]2O[C@H](CO)[C@@H](O)[C@H](O)[C@H]2O[C@H]2C[C@](C)(N)[C@H](O)[C@H](C)O2)Oc2ccc(cc2Cl)[C@H]1O,1
CHEMBL2204372,3.18,ug.mL-1,CCCCCCC[C@@H]1C[C@@H]2CCC3=C(C(=O)OC(C)CCCCCCC[C@@H]4C[C@@H]5CC[C@@H]6C[C@H](C)NC(=N4)N65)C(C)N=C(N1)N32,1
CHEMBL5220034,1.56,ug.mL-1,Cc1ccc(Cn2cc(CNC(=O)c3c(C)nc4ccccn34)nn2)cc1,1
CHEMBL3236827,50.0,ug.mL-1,O=C(Cn1cc(-c2ccc(C(F)(F)F)cc2)nn1)NC12CC3CC(CC(C3)C1)C2,0
CHEMBL2205113,50.0,ug.mL-1,C=C1C(=O)O[C@@H]2/C=C(\C(=O)O)CC/C=C(\C)CC[C@@H]12,0
CHEMBL4794796,256.0,ug.mL-1,COc1ccc(Nc2nnnn2-c2cccc(F)c2)cc1,0
CHEMBL2204403,6.25,ug.mL-1,COC1=CC(=O)c2c(cc(OC)c(C(C)C3=C(O)C(=O)c4cc(O)cc(O)c4C3=O)c2O)C1=O,1
CHEMBL1823299,6.25,ug.mL-1,O=Cc1cn(-c2ccc(Cl)cc2)nn1,1
CHEMBL2023904,4.0,ug.mL-1,CCCCCCCCc1c2[n+](cc3c(OCC)c(OC)ccc13)CCc1cc3c(cc1-2)OCO3.[Cl-],1
CHEMBL5270665,0.25,ug.mL-1,Cc1ccc(OCCc2cn(C[C@@]3(C)Cn4cc([N+](=O)[O-])nc4O3)nn2)cc1,1
CHEMBL3912869,32.0,ug.mL-1,NC(=O)c1nc([N+](=O)[O-])cn1Cc1ccc(OC(F)(F)F)cc1,0
CHEMBL3091660,0.6,ug.mL-1,O=C(N/N=C/C(O)C(O)C(O)C(O)CO)c1cccs1,1
CHEMBL476583,0.78,ug.mL-1,CCCCOc1ccc2nc(C)cc(N/N=C/c3cccc4c(OC)cccc34)c2c1,1
CHEMBL1579150,31.25,ug.mL-1,O=C(NCCc1ccccc1)Oc1ccc(Cl)cc1,0
CHEMBL1956058,128.0,ug.mL-1,O=C(N/N=C/c1ccc([N+](=O)[O-])cc1)c1coc2ccccc12,0
CHEMBL1818418,25.0,ug.mL-1,CC(C)OCCNC(=O)NC12CC3CC(CC(C3)C1)C2,0
CHEMBL3246534,15.0,ug.mL-1,CO[C@H]1/C=C/O[C@@]2(C)Oc3c(C)c(O)c4c(O)c(c(/C=N/NC(=O)CN5CCN(c6ccc(F)cc6)CC5)c(O)c4c3C2=O)NC(=O)/C(C)=C\C=C\[C@H](C)[C@H](O)[C@@H](C)[C@@H](O)[C@@H](C)[C@H](OC(C)=O)[C@@H]1C,0
CHEMBL1928579,50.0,ug.mL-1,CC(=O)O[C@H]1CC[C@]2(C)C3=C(CC[C@H]2C1(C)C)[C@]1(C)CC[C@H]([C@H]2CC[C@H](C(C)(C)O)OC2)[C@@]1(C)C[C@H]3O,0
CHEMBL4452460,25.0,ug.mL-1,CCc1ccc(Cn2cc(C3=C(Cl)c4ccc(-c5cccs5)nc4CC3)nn2)cc1,0
CHEMBL2235891,12.5,ug.mL-1,N#Cc1ccc(Nc2nc(Oc3ncnc4ccccc34)nc(N3CCN(c4ccccc4F)CC3)n2)cc1C(F)(F)F,0
CHEMBL2177266,0.125,ug.mL-1,Cc1ccc(CNc2nc(=O)c3cc(C(F)(F)F)cc([N+](=O)[O-])c3s2)n1C,1
CHEMBL2262472,0.92,ug.mL-1,Cc1cc(C2=NN(c3ccccc3)C(c3c(Cl)cccc3Cl)C2)ccc1O,1
CHEMBL2347953,0.0156,ug.mL-1,Cc1cc(C)c2cc(C(=O)NC3CCCCCC3)[nH]c2c1,1
CHEMBL244692,6.25,ug.mL-1,O=C(CSc1nnc(Cc2csc(NC(=O)CCl)n2)n1NC(=O)c1ccccc1)NNC(=O)c1ccccc1,1
CHEMBL2441298,4.78,ug.mL-1,Brc1ccc(COc2ccc(/C=C/CCn3cncn3)cc2)cc1,1
CHEMBL4454624,4.0,ug.mL-1,CC(C)(C)OC(=O)NCCOC(=O)/C=C/C(=O)c1ccc2c(c1)OCO2,1
CHEMBL2151452,112.5,ug.mL-1,COc1cc(/C=C/c2nnc(-c3cc(Br)c(Br)[nH]3)o2)ccc1O,0
CHEMBL4084813,64.0,ug.mL-1,CSc1ccc2c(c1)N(CCCN1CCN(C34CC5CC(CC(C5)C3)C4)CC1)c1ccccc1S2,0
CHEMBL3941228,100.0,ug.mL-1,COc1ccc(/C=C/C(=O)CC(C)=O)c(OC)c1OC,0
CHEMBL115764,8.0,ug.mL-1,COC(=O)c1cnc(C)cn1,1
CHEMBL4761523,9.71,ug.mL-1,COc1ccc(C(=O)OCCCOc2cccc(Nc3nc4ccccc4c(=O)o3)c2)cc1,1
CHEMBL2147093,6.0,ug.mL-1,O=[N+]([O-])c1ccc(C2=NOC(c3ccc(N4CCOCC4)cc3)C2)o1,1
CHEMBL3741575,2.0,ug.mL-1,COc1ccc(NC(=S)Nc2ccc(OC[C@@]3(C)Cn4cc([N+](=O)[O-])nc4O3)cc2)cc1,1
CHEMBL319488,100.0,ug.mL-1,O=C(/C=C/c1ccc(O)c(O)c1)CC(=O)/C=C/c1ccc(O)c(O)c1,0
CHEMBL1797672,6.25,ug.mL-1,COc1cc(OC)c(/C=C/C(=O)C[C@@H]2O[C@H](CO)[C@H](O)[C@H](O)[C@H]2O)c(OC)c1,1
CHEMBL4870250,1.0,ug.mL-1,COC(=O)c1cc(-c2cccc(NC(=O)c3ccc(/C=C/C(=O)c4ccc(Br)cc4)cc3)c2)on1,1
CHEMBL2441316,12.5,ug.mL-1,c1ccc(COc2ccc(C(Nn3cnnc3)C3CC3)cc2)cc1,0
CHEMBL583060,200.0,ug.mL-1,CCOC(=O)C1=C(Nc2cccc(Cl)c2)N=CN2CCN=C12,0
CHEMBL2281675,6.25,ug.mL-1,CC1CC(C)CN(c2nc(-c3ccc(NCC(=O)Nc4ccc([N+](=O)[O-])cc4)cc3)nc(N3CC(C)CC(C)C3)n2)C1,1
CHEMBL5416757,8.0,ug.mL-1,COc1ccc(NC(=S)Nc2ccc(-n3ccc(-c4ccc(OC)c(OC)c4)n3)cc2)cc1,1
CHEMBL1818385,0.1,ug.mL-1,O=C(Nc1ccc(F)c(F)c1F)NC12CC3CC(CC(C3)C1)C2,1
CHEMBL1092283,12.5,ug.mL-1,C/C(=N\NC(=S)Nc1ccncc1)c1ccc(Br)cc1,0
CHEMBL1783118,100.0,ug.mL-1,COc1ccc2nc(C)cc(-n3cc(CNC(=O)c4ccc(C)cc4)nn3)c2c1,0
CHEMBL4277976,50.0,ug.mL-1,O=C(O)c1cc(Cc2ccccc2)cc(NC(=O)c2ccccc2)c1,0
CHEMBL3331312,16.0,ug.mL-1,CO/N=C1/CCN(c2c(F)cc3c(=O)c(C(=O)O)cn([C@@H]4C[C@@H]4F)c3c2Cl)CC1N,0
CHEMBL1684643,250.0,ug.mL-1,COc1ccc(C2CC(c3cccc([N+](=O)[O-])c3)=NN2C(C)=O)cc1,0
CHEMBL395083,6.25,ug.mL-1,O=C(CCl)Nc1nc(Cc2nnc(SCSc3nnc(Cc4csc(NC(=O)CCl)n4)n3NC(=O)c3ccccc3)n2NC(=O)c2ccccc2)cs1,1
CHEMBL2023787,4.0,ug.mL-1,CCCCCCCCCCCCc1cn(Cc2cccc(OC)c2)nn1,1
CHEMBL3805105,50.0,ug.mL-1,Cc1ccc(-c2cn(C(CN3CCN(CCO)CC3)c3ccc4sc5ccccc5c4c3)nn2)cc1,0
CHEMBL4851041,1.6,ug.mL-1,Cc1ccc(C2SC=C3SC(N4C(=O)CSC4c4ccc(C)cc4)=NN32)cc1,1
CHEMBL3215670,8.0,ug.mL-1,CC(C)=CCC/C(C)=C/CNCCN[C@@H]1C2C3CC4C5C3CC2C5C41.Cl.Cl,1
CHEMBL1797378,500.0,ug.mL-1,COc1ccc2c(c1)CCC/C2=N\O,0
CHEMBL1823782,160.0,ug.mL-1,CCOC(=O)[C@@]1(O)C[C@@H](O)[C@H](O)C(OCc2ccc3sccc3c2)=C1Cc1ccc2sccc2c1,0
CHEMBL2260333,8.0,ug.mL-1,O=C(c1ccncc1)N1N=C(c2ccccn2)CC1c1cccc(Cl)c1,1
CHEMBL481833,12.5,ug.mL-1,C[C@@H]1CCC2=C(CCC[C@]2(C)C(=O)O)[C@@]1(C)CCc1ccoc1,0
CHEMBL4859848,0.78,ug.mL-1,CCCCCc1ccc(-c2cn(CC(O)COc3cccc4c3OCC3(CCCCC3)C4=O)nn2)cc1,1
CHEMBL5182722,0.12,ug.mL-1,O=c1nc(NCc2cn(-c3ccc(Cl)cc3)nn2)sc2c([N+](=O)[O-])cc(Br)cc12,1
CHEMBL1824064,8.0,ug.mL-1,CCC(CN1CCC(CN2CCC(O)CC2)CC1)c1ccccc1,1
CHEMBL2204379,25.0,ug.mL-1,CCCCCC(CC(=O)N1N=CCCC1C(=O)N[C@H]1COC(=O)[C@H]2CCCNN2C(=O)[C@H](C)NC(=O)[C@@H](CC(C)C)NC1=O)C(=O)O,0
CHEMBL234631,16.0,ug.mL-1,FC(F)(F)c1ccc2c(c1)N(CCCN1CCN(c3ncccn3)CC1)c1ccccc1S2,0
CHEMBL4288148,80.0,ug.mL-1,CC1(C)CC(=O)C(=CNc2ccccc2C(F)(F)F)C(=O)C1,0
CHEMBL5420733,64.0,ug.mL-1,O=C(CCN1C(=O)c2cccc3cccc(c23)C1=O)NC1CCN(C(=S)Nc2ccc(Cl)cc2)CC1,0
CHEMBL3310578,0.67,ug.mL-1,Cc1ccccc1NC(=S)NNC(=O)c1cc([N+](=O)[O-])c[nH]1,1
CHEMBL3394632,25.0,ug.mL-1,O=C1CC([Se]c2ccccc2)N1,0
CHEMBL293560,200.0,ug.mL-1,C/C(=C\C1OC(C)(C)O[C@@H]1[C@H](C)C1=CC[C@@]2(C)C[C@@H]3[C@H](C)CC[C@@H]3/C(C(=O)O)=C\C[C@H]12)C(=O)O,0
CHEMBL441552,0.012,ug.mL-1,C[C@]1(COc2ccc(Cl)cc2)Cn2cc([N+](=O)[O-])nc2O1,1
CHEMBL4793223,512.0,ug.mL-1,O=C(CC1SC(=O)NC1=O)Oc1ccc(/C=N/NC(=O)c2cccnc2)cc1Cl,0
CHEMBL3338544,12.5,ug.mL-1,CS(=O)(=O)N1CCN(c2noc3ccccc23)CC1,0
CHEMBL460580,0.39,ug.mL-1,CCOC(=O)c1c(-c2ccc(F)cc2)[n+]([O-])c2ccccc2[n+]1[O-],1
CHEMBL3246126,2.5,ug.mL-1,Nc1nc(N)c2c(Cl)c([S+]([O-])c3ccc(F)cc3)ccc2n1,1
CHEMBL3086007,1.8,ug.mL-1,O=[N+]([O-])c1c[nH]c(-c2nnc(-c3cccc([N+](=O)[O-])c3O)o2)c1,1
CHEMBL4294286,8.0,ug.mL-1,CC1(C)CC(=O)C(=CNc2ccccc2O)C(=O)C1,1
CHEMBL1929494,25.0,ug.mL-1,Cc1cccc2c3c([nH]c12)-c1c(cnn1-c1ccccc1)CCC3,0
CHEMBL199275,25.0,ug.mL-1,CN1CCN(c2nc(-c3ccccc3)cc(-c3ccc(O)cc3)n2)CC1,0
CHEMBL4877714,25.0,ug.mL-1,Cc1ccc2oc(=O)cc(C3SCC(=O)N3c3ccccc3)c2c1,0
CHEMBL467954,4.0,ug.mL-1,Cc1ccc(C2=NN(c3ccccc3)[C@H](c3ccc(C)cc3)[C@H]2n2ccnc2)cc1,1
CHEMBL3298910,0.0625,ug.mL-1,CCc1nc2ccc(Cl)cn2c1C(=O)NCc1ccc(N2CCC(c3ccc(OC(F)(F)F)cc3)CC2)cc1,1
CHEMBL488064,6.25,ug.mL-1,Fc1ccc(-n2cc(Cn3c(-c4cccc(F)c4)nc4ccccc43)nn2)cc1,1
CHEMBL3797888,8.0,ug.mL-1,Cc1cc(CN2CCN(C34CC5CC(CC(C5)C3)C4)CC2)c(C)n1-c1ccc(Cl)cc1,1
CHEMBL5408431,1.56,ug.mL-1,Cc1ccc(C(=O)C2[C@H]3CCCN3[C@]3(C(=O)Nc4ccccc43)C23c2ccccc2-n2c3nc3ccccc3c2=O)cc1,1
CHEMBL2281714,8.0,ug.mL-1,O=C(NNC(=O)c1ccc(-n2cccc2)cc1)c1ccc(Cl)cc1,1
CHEMBL1829645,12.5,ug.mL-1,COc1ccc(-c2csc(N/N=C/c3cn(Cc4ccc(Cl)cc4Cl)c4ccccc34)n2)cc1OC,0
CHEMBL3264456,125.0,ug.mL-1,CCCCCCCC(=O)NCC#Cc1cn([C@H]2C[C@H](O)[C@@H](COP(=O)(N[C@H](C)C(=O)OCc3ccccc3)Oc3ccccc3)O2)c(=O)[nH]c1=O,0
CHEMBL466696,100.0,ug.mL-1,Cc1c(C(=O)N/N=C/c2ccccc2)nnn1Nc1ccccc1,0
CHEMBL2296060,49.7,ug.mL-1,COc1cc(O)cc(O)c1C/C=C/c1ccccc1,0
CHEMBL2206810,25.0,ug.mL-1,O=C1/C(=C/c2ccc3oc4ccccc4c3c2)COc2ccc3oc4ccccc4c3c21,0
CHEMBL372578,3.12,ug.mL-1,COc1ccc(C(c2ccc(OCC(O)CNC3CCCCCC3)cc2)c2cc3ccccc3c3ccccc23)cc1,1
CHEMBL1927992,1.5,ug.mL-1,c1ccc2c(c1)ccc1nc(CCC3CCCCC3)[nH]c12,1
CHEMBL413191,1.0,ug.mL-1,C=CCCN1[C@@H](c2ccccc2)C[C@@]2(C[C@H]1c1ccccc1)N=C1C(=C3NC(=O)/C(C)=C\C=C\[C@H](C)[C@H](O)[C@@H](C)[C@H](O)[C@H](C)[C@H](OC(C)=O)[C@H](C)[C@@H](OC)/C=C/O[C@@]4(C)Oc5c(C)c(O)c(c1c5C4=O)C3=O)N2,1
CHEMBL3331306,0.25,ug.mL-1,CO/N=C1/CN(c2cc3c(cc2F)c(=O)c(C(=O)O)cn3[C@@H]2C[C@@H]2F)[C@H]1CN,1
CHEMBL4751036,12.5,ug.mL-1,O=C(N/N=C/c1cc([N+](=O)[O-])ccc1OCc1cn(-c2ccccc2F)nn1)c1ccncc1,0
CHEMBL1773755,50.0,ug.mL-1,CC1(C)C(=O)CC[C@]2(C)[C@H]3Cc4c(O)cc5c(c4O[C@@]3(C)CC[C@@H]12)COC5=O,0
CHEMBL384752,12.5,ug.mL-1,O=[N+]([O-])c1cn2c(n1)OC(COC/C=C/c1ccccc1)C2,0
CHEMBL4460463,64.0,ug.mL-1,N#Cc1ccc(/C=C/c2nc3ncccc3c(=O)n2Cc2ccc(F)cc2)cc1,0
CHEMBL3091888,0.04,ug.mL-1,O=C(NNC(O)C(Cl)(Cl)Cl)c1ccncc1,1
CHEMBL4752483,25.0,ug.mL-1,N#C/C(=C\c1ccc(N2CCN(C3CCCCC3)CC2)cc1)c1nc2ccccc2[nH]1,0
CHEMBL2437126,12.5,ug.mL-1,COc1nc(C)nc(/N=C/c2ccc(Cl)cc2)n1,0
CHEMBL3797969,30.74,ug.mL-1,CO/N=C1\CCN(c2nc3c(cc2F)c(=O)c(C(=O)O)cn3-c2nc(N)c(F)cc2F)CC1O,0
CHEMBL5625089,0.001,ug.mL-1,CN(C1CCC(C)(C)CC1)N1CCN(c2nc(=O)c3cc(C(F)(F)F)cc([N+](=O)[O-])c3s2)CC1(C)C,1
CHEMBL3091838,4.0,ug.mL-1,CC(C)=NNC(=O)c1ccco1,1
CHEMBL5192804,0.63,ug.mL-1,COc1nc(-c2ccc(C(F)(F)F)cc2)ccc1[C@@H](c1ccccc1)[C@@](O)(CCN(C)C)c1cccc2ccccc12,1
CHEMBL1783331,6.25,ug.mL-1,CC(C)CCO[C@@H]1C=C([C@H](O)c2ccc(C#N)cc2)C(=O)[C@@H](COC(=O)C(C)(C)C)O1,1
CHEMBL1911478,1.25,ug.mL-1,COc1ccc(/C=N/NC(=O)c2cnc3c(C(F)(F)F)cccc3c2O)cc1,1
CHEMBL514540,0.8,ug.mL-1,CCOC(=O)C1=NOC(c2ccc(N3CCN(C(=O)OC(C)(C)C)CC3)cc2)C1,1
CHEMBL521933,50.0,ug.mL-1,COc1cccc2c1C(=O)c1nccc3cc4c(c-2c13)OCO4,0
CHEMBL2037399,6.25,ug.mL-1,O=C(CSc1nnc(Cn2cnc3ccccc32)o1)Nc1nc2ccccc2s1,1
CHEMBL5267831,1.5,ug.mL-1,Cc1cc(SCC(=O)Nc2cc(Cl)ccc2Cl)nc(N)n1,1
CHEMBL508901,12.5,ug.mL-1,CCCCCCCCCCCCNC(=O)CS[C@@H]1O[C@H](COC(C)=O)[C@@H](O[C@@H]2O[C@H](COC(C)=O)[C@H](OC(C)=O)[C@H](OC(C)=O)[C@H]2OC(C)=O)[C@H](OC(C)=O)[C@H]1OC(C)=O,0
CHEMBL1243070,50.0,ug.mL-1,Cc1ccc(-c2nnc(-c3cccnc3)n2Nc2nc3ccc(Br)cc3s2)cc1,0
CHEMBL451639,62.5,ug.mL-1,CC(C)=NNC(=O)c1ccc(-n2cccc2)cc1,0
CHEMBL520225,1.0,ug.mL-1,CCc1ccc(-c2cc(CN3CCSCC3)c(C)n2-c2ccc(F)cc2)cc1,1
CHEMBL4633393,25.0,ug.mL-1,CCCCCCCCC[S@+]([O-])CC(=O)OC,0
CHEMBL5288946,1.0,ug.mL-1,Cc1ccc(-c2cc3c(cc2F)c(=O)c(C(=O)O)cn3C(C)(C)C)cc1,1
CHEMBL4779095,12.5,ug.mL-1,Cl.Cn1nc(C(F)(F)F)c(N)c1-c1ccccc1,0
CHEMBL379436,12.5,ug.mL-1,Clc1ccc(Cn2ccnc2)cc1Cl,0
CHEMBL1823770,5.0,ug.mL-1,CCCC(=O)O[C@@H]1C(OCc2ccc3ccccc3c2)=C[C@@](O)(C(=O)OCC)C[C@H]1OC(=O)CCC,1
CHEMBL4174465,25.0,ug.mL-1,CC(C)(C)C1CCc2c(sc3nc(SCc4ccc(C(=O)O)cc4)nc(N)c23)C1,0
CHEMBL5090082,1.56,ug.mL-1,Clc1ccc2c(CNCC3CCCCC3)cn(C3CCCCCCC3)c2c1,1
CHEMBL3427206,50.0,ug.mL-1,COc1cccc(C(=O)On2c(-c3ccccc3)nc3ccccc3c2=O)c1,0
CHEMBL4177252,0.005,ug.mL-1,CCN(c1cnc2sc3c4c(=O)c5c(O)c(C)c6c(c5c-3nc2c1)C(=O)[C@@](C)(O/C=C/[C@H](OC)[C@@H](C)[C@@H](OC(C)=O)[C@H](C)[C@H](O)[C@H](C)[C@@H](O)[C@@H](C)/C=C/C=C(/C)C(=O)N4)O6)C(C)C,1
CHEMBL2347768,32.0,ug.mL-1,O=C1c2ccc(N3CCCCC3)cc2-n2c1nc1ccncc1c2=O,0
CHEMBL198603,3.12,ug.mL-1,COc1ccc(COc2ccc(C(O)C3CC3)cc2)cc1,1
CHEMBL2418278,6.25,ug.mL-1,CN1C(=O)/C(=N\Nc2ccc([N+](=O)[O-])cc2)C(=O)c2ccccc21,1
CHEMBL4530220,3.125,ug.mL-1,COc1ccc(-c2cn3cc(C4=CCN(S(=O)(=O)c5ccc(Br)s5)CC4)ccc3n2)cc1OC,1
CHEMBL233840,10.0,ug.mL-1,CN1CCCC(CN2c3ccccc3Sc3cccnc32)C1,1
CHEMBL474294,32.0,ug.mL-1,CC(C)=CCC/C(C)=C/COc1ccc(/C=C/C(=O)NCCc2c[nH]c3ccccc23)cc1,0
CHEMBL3792977,28.03,ug.mL-1,Nc1nccnc1C(=O)NN1C(=O)CSC1c1ccccc1,0
CHEMBL3805590,12.5,ug.mL-1,COC(=O)CC[C@H](NC(=O)CNc1nc(NC(C)=O)nc2[nH]cnc12)C(=O)OC,0
CHEMBL2177981,0.02,ug.mL-1,CC(C)/N=c1\cc2n(-c3ccc(Br)cc3)c3ccccc3nc-2cc1Nc1cccnc1,1
CHEMBL5268450,50.0,ug.mL-1,Cc1cc(O)n2nc(Nc3cccc(C)c3C)c(C(=O)Nc3cccc(Cl)c3)c2n1,0
CHEMBL1277292,1.0,ug.mL-1,CCc1ccc(-c2cc(CN3CCSCC3)c(C)n2-c2ccc(SC)cc2)cc1,1
CHEMBL2283346,250.0,ug.mL-1,CC(=O)Nc1ccc(NC(=O)CSc2nnc(-c3cc4ccccc4oc3=O)o2)cc1,0
CHEMBL1084420,10.0,ug.mL-1,Fc1ccc(-c2nc3ccccc3c3oc(NCc4ccccc4)nc23)cc1,1
CHEMBL4743712,0.016,ug.mL-1,CC(c1cc(F)cc(F)c1)N1CC2(CCN(c3nc(=O)c4cc(C(F)(F)F)cc([N+](=O)[O-])c4s3)CC2)C1,1
CHEMBL3780072,30.0,ug.mL-1,O=C(/C=C\c1cccc(O)c1)N1N=C(c2ccncc2)OC1c1c[nH]c2ccccc12,0
CHEMBL4284066,256.0,ug.mL-1,Cc1cc(O)c(C(=O)/C=C/c2ccc(C(F)(F)F)cc2)c(=O)o1,0
CHEMBL564373,5.2,ug.mL-1,O[C@H](CSc1ccccc1)CN1CCC(O)(c2ccc(Cl)c(C(F)(F)F)c2)CC1,1
CHEMBL2437112,6.25,ug.mL-1,COc1nc(C)nc(/N=C(\C)c2cc(O)ccc2O)n1,1
CHEMBL5173401,64.0,ug.mL-1,CN(C)c1ccc(/C=C/C(=O)c2ccc(Nc3nc4ccccc4o3)cc2)cc1,0
CHEMBL2046498,6.2,ug.mL-1,CCCCCC[C@@H](O)CN1CCC(COc2cccc(C(=O)c3ccc(Cl)cc3)c2)CC1,1
CHEMBL1210163,3.12,ug.mL-1,CCNC1CN(c2nc(N3CCc4ccccc4C3)nc(N3CCc4ccccc4C3)n2)CCO1,1
CHEMBL593774,50.0,ug.mL-1,C/C(=C\C=O)CCCC(C)CCCC(C)CCCC(C)C,0
CHEMBL2392750,200.0,ug.mL-1,O=C(Nc1ncccn1)NC12CC3CC(CC(C3)C1)C2,0
CHEMBL3260392,32.0,ug.mL-1,Cc1cc(C)n2nc(C(=O)NS(=O)(=O)c3ccc(OC(F)(F)F)cc3)nc2n1,0
CHEMBL2030513,2.0,ug.mL-1,COc1ccc2cc(-c3nc(C(C)(C)C)[nH]c3-c3ccnc(N)c3)ccc2c1,1
CHEMBL4226779,0.935,ug.mL-1,CCON=C1CCN(Cc2ccc([N+](=O)[O-])o2)CC1,1
CHEMBL2235893,6.25,ug.mL-1,N#Cc1ccc(Nc2nc(Oc3ncnc4ccccc34)nc(N3CCN(c4cccc(C(F)(F)F)c4)CC3)n2)cc1C(F)(F)F,1
CHEMBL4848645,0.85,ug.mL-1,CC(=O)NC[C@@H]1OC(=O)N2Cc3cc(-c4ccc(-c5nnn(C)n5)nc4)c(F)cc3O[C@@H]12,1
CHEMBL4754978,11.72,ug.mL-1,CCCOc1ccc(C(=O)OCCCOc2cccc(Nc3nc4ccccc4c(=O)o3)c2)cc1,1
CHEMBL1681915,256.0,ug.mL-1,O=[N+]([O-])c1cn(CC(OCc2ccc(Cl)cc2)c2ccc(F)cc2F)c(Br)n1,0
CHEMBL5220297,3.125,ug.mL-1,CC1(C)OC2C3OC(C)(C)O[C@H]3C(Cn3cc(N4CCCC4=O)nn3)O[C@@H]2O1,1
CHEMBL1096533,50.0,ug.mL-1,CNC1=C(SC)C(=O)c2cccnc2C1=O,0
CHEMBL5411477,4.0,ug.mL-1,CC1=C(C2CCNCC2)C=C(OC(C)C)C(Nc2nc(-c3ccccc3)ncc2C(F)(F)F)C1,1
CHEMBL4780331,1.62,ug.mL-1,Cc1[nH]nc(C(F)(F)F)c1N=O,1
CHEMBL5220992,23.26,ug.mL-1,COC(=O)c1c(NC(=O)N[C@@H](C(=O)N[C@@H]2C(=O)N3[C@@H]2SC(C)(C)[C@@H]3C(=O)O)c2ccccc2)sc2c1CCCCCC2,0
CHEMBL232205,20.0,ug.mL-1,FC(F)(F)c1ccc2c(c1)N(Cc1ccc(CNc3cccc(Oc4ccccc4)c3)cc1)c1ccccc1S2,0
CHEMBL1096545,25.0,ug.mL-1,CNC1=C([S+](C)[O-])C(=O)c2ncccc2C1=O,0
CHEMBL4455189,0.39,ug.mL-1,CCO/N=C1\C(=O)N(CN2CCC[C@H]3CN(c4c(F)cc5c(=O)c(C(=O)O)cn(C6CC6)c5c4OC)C[C@H]32)c2ccc(F)cc21,1
CHEMBL1682118,4.0,ug.mL-1,COc1nc([N+](=O)[O-])cn1CC(O)c1ccc(Cl)cc1Cl,1
CHEMBL2031795,85.0,ug.mL-1,COC(=O)c1cccc(O[C@H]2CC[C@@H](NC(=O)NC34CC5CC(CC(C5)C3)C4)CC2)c1,0
CHEMBL475290,0.2,ug.mL-1,N#Cc1c(-c2ccc(F)cc2)[n+]([O-])c2ccccc2[n+]1[O-],1
CHEMBL111939,25.0,ug.mL-1,CCCCCCCCS(=O)(=O)CC(=O)O,0
CHEMBL2426714,6.25,ug.mL-1,Cc1ccc(-c2cc3c(ccc4oc5ccccc5c43)o2)cc1,1
CHEMBL77939,0.5,ug.mL-1,O=C1c2ccccc2-n2c1nc1ccc(Br)cc1c2=O,1
CHEMBL4541670,0.5,ug.mL-1,COc1ccc2nc(C)c(C(=O)NCCOc3ccc(N4CCN(C)CC4)cc3)n2c1,1
CHEMBL399694,2.6,ug.mL-1,O=C1CCCN2[C@@H](CC1)C[C@]13CN4CCCC/C=C\CC[C@](O)(C=C(c5nccc6c5[nH]c5c(O)cccc56)C1CC4)[C@H]23,1
CHEMBL4225746,0.235,ug.mL-1,O=[N+]([O-])c1ccc(S(=O)(=O)N2CC3CN(Cc4ccc([N+](=O)[O-])o4)CC3C2)cc1,1
CHEMBL1929483,25.0,ug.mL-1,Cc1ccc2c3c([nH]c2c1)-c1n[nH]cc1CCC3,0
CHEMBL4545867,2.0,ug.mL-1,CCOC(=O)c1c(-c2ccccc2)oc2ccc(OCCCCCCN3C(=O)C(=O)c4ccccc43)cc12,1
CHEMBL4292052,4.0,ug.mL-1,CC1CC(C)CC(C(=O)Nc2nc3ccc(C(F)(F)F)cc3s2)C1,1
CHEMBL4876930,0.25,ug.mL-1,CC(=O)c1c(C(F)(F)F)[n+]([O-])c2cc(-n3ccnc3)c(F)cc2[n+]1[O-],1
CHEMBL3357503,25.0,ug.mL-1,CCCCCCCC1CC(O)c2ccc(O)cc2O1,0
CHEMBL2414327,4.0,ug.mL-1,CCN(CC)CCNC(=O)c1cccn2cc(-c3cccc(-c4cncc(OC)c4)c3)nc12,1
CHEMBL3098888,6.25,ug.mL-1,COc1cc(NS(=O)(=O)c2cc(F)cc(C(F)(F)F)c2)ccc1-n1cnc(Cl)c1,1
CHEMBL1957829,50.0,ug.mL-1,O=C1NC(=O)/C(=C/c2c(-c3ccc([N+](=O)[O-])cc3)nc3sc(C(F)(F)F)nn23)S1,0
CHEMBL4435061,0.78,ug.mL-1,Cc1nn(-c2ccccc2)c(-n2cncn2)c1C1C2CCCN2C2(C(=O)Nc3ccc(Cl)cc32)C1C(=O)c1ccccc1,1
CHEMBL570627,2.5,ug.mL-1,Oc1ccccc1/C=N/Nc1ccnc2cc(Cl)ccc12,1
CHEMBL4437045,13.6,ug.mL-1,CCOC(=O)c1nc(C)sc1-c1ccc2c(c1)OCO2,0
CHEMBL463264,100.0,ug.mL-1,COc1ccc2c(c1)[nH]c1cc(O)c(C=O)cc12,0
CHEMBL4168383,24.96,ug.mL-1,COc1ccc(/C=N/NC(=O)c2c[nH]c3ccc(Cl)cc3c2=O)cc1OC,0
CHEMBL5218771,1.6,ug.mL-1,COc1ccc2nc(Cl)c(C(=O)NCc3cn(CC(=O)c4ccc(F)cc4)nn3)cc2c1,1
CHEMBL490075,0.2,ug.mL-1,Cc1ccc2c(c1)[n+]([O-])c(C#N)c(-c1ccc(OC(F)(F)F)cc1)[n+]2[O-],1
CHEMBL575662,200.0,ug.mL-1,CCOC(=O)C1=C(NCc2ccccc2)N=C(c2ccccc2)N2CCN=C12,0
CHEMBL364543,0.78,ug.mL-1,CN(C)CCc1c2c(nc3ccccc13)C(=O)c1ccccc1C2=O,1
CHEMBL448704,1.7,ug.mL-1,O[C@]12C=C(c3nccc4c3[nH]c3ccccc34)[C@@H]3CCN(CCCC/C=C\CC1)C[C@@]31CC/C=C\CCCCN[C@H]12,1
CHEMBL1077802,3.9,ug.mL-1,c1ccc(C[C@H]2CNCCN2CC2CCCN2C[C@H](Cc2ccccc2)N2CCN(CC3CCCCC3)[C@@H](Cc3ccccc3)C2)cc1,1
CHEMBL550106,4.0,ug.mL-1,CN(Cc1ccc(F)cc1)Cn1nc(-c2ccncc2)oc1=O,1
CHEMBL4853231,64.0,ug.mL-1,CCOC(=O)c1c(C)[n+]([O-])c2cc(N3CCOCC3)c(F)cc2[n+]1[O-],0
CHEMBL489999,6.25,ug.mL-1,CC1=C(C(=O)Nc2ccccc2)C(c2ccc([N+](=O)[O-])cc2)NC(=O)N1,1
CHEMBL2206806,12.5,ug.mL-1,O=C1/C(=C/c2ccc3oc4ccccc4c3c2)COc2ccc(F)cc21,0
CHEMBL3427222,50.0,ug.mL-1,Cc1ccccc1-c1nc2ccccc2c(=O)n1OC(=O)c1cccc(F)c1,0
CHEMBL4866048,100.0,ug.mL-1,CCOC(=O)CCCc1cn(CC2Cc3cn(Cc4ccccc4)c4cccc(c34)C(=O)O2)nn1,0
CHEMBL4576377,0.625,ug.mL-1,CCCCCCCCCCCCCCCCC(=O)N(O)CCCC[C@H](NC(=O)[C@@H]1COC(c2ccccc2O)=N1)C(=O)NC[C@H](NC(=O)CCCO[C@H]1O[C@@H]2O[C@@]3(C)CC[C@H]4[C@H](C)CC[C@@H]([C@H]1C)[C@@]24OO3)C(=O)N[C@H]1CCCCN(O)C1=O,1
CHEMBL3885322,14.42,ug.mL-1,Brc1ccc(OCc2nn3c(-c4ccc(Br)cc4)nnc3s2)cc1,0
CHEMBL2281696,1.0,ug.mL-1,Fc1ccc(-c2nnc(-c3ccc(-n4cccc4)cc3)o2)cc1C(F)(F)F,1
CHEMBL98549,16.0,ug.mL-1,Cn1cc(-c2ccccc2Cl)c([N+](=O)[O-])c1,0
CHEMBL2018950,32.0,ug.mL-1,CC1=C(C(=O)Nc2ccc(Cl)cc2)C(c2cn(-c3ccccc3)nc2-c2ccc(Cl)cc2)NC(=O)N1,0
CHEMBL1077803,3.9,ug.mL-1,c1ccc(C[C@H]2CNCCN2CC2CCCN2C[C@H](Cc2ccccc2)N2CCN(CCC3CCCCC3)[C@@H](Cc3ccccc3)C2)cc1,1
CHEMBL3893242,100.0,ug.mL-1,O=C(NC[C@H]1CN(c2ccc(N3CC4(COC4)C3)c(F)c2)C(=O)O1)c1ccc(F)cc1,0
CHEMBL2283344,50.0,ug.mL-1,COc1ccc(NC(=O)CSc2nnc(-c3cc4ccccc4oc3=O)o2)cc1,0
CHEMBL571788,125.0,ug.mL-1,C/C(=N/NC(=O)c1nc(C(C)C)cs1)c1ccccc1,0
CHEMBL4550482,25.0,ug.mL-1,FC(F)(F)Oc1ccc(-c2cn(C3CCCCc4ccccc43)nn2)cc1,0
CHEMBL5173740,5.0,ug.mL-1,CCCC/C=C\CCCCCCCc1cc(=O)c2ccccc2n1C,1
CHEMBL288494,131.0,ug.mL-1,Oc1nc(-c2cnccn2)no1,0
CHEMBL4434797,25.0,ug.mL-1,COc1ccc2cc(-c3cn(C4CCCCc5ccccc54)nn3)ccc2c1,0
CHEMBL4163360,0.78,ug.mL-1,COc1ccc(/C=N/NC(=O)c2ccc(-c3cccc(Cl)c3)nc2C)cc1OC,1
CHEMBL4227618,50.0,ug.mL-1,Cc1ccc(/C=C/C(=O)Nc2nc(-c3ccc4oc5ccccc5c4c3)cs2)cc1,0
CHEMBL3746944,100.0,ug.mL-1,CCCCCCNc1nccnc1C(=O)NCc1ccccc1,0
CHEMBL1085451,100.0,ug.mL-1,Cc1cc(C)cc(NC(=O)Nc2c(-c3ccc(F)cc3)nc3ccccc3c2O)c1,0
CHEMBL5280606,0.62,ug.mL-1,CN(C)c1ccc(C2C(Cl)C(=O)N2NC(=O)c2cc(O)c(O)c(O)c2)cc1,1
CHEMBL5187840,25.0,ug.mL-1,C/C(=N\NC(=O)Cn1c(=O)c(C)nc2ccccc21)c1ccc(O)cc1,0
CHEMBL3249247,10.0,ug.mL-1,Cc1cc(OCCCCC[N+](C)(C)Cc2ccc(Br)o2)c(C(C)C)cc1Cl.[Br-],1
CHEMBL1922955,25.0,ug.mL-1,CCOC(=O)Cn1nnc(C(=O)OC)c1C(=O)OC,0
CHEMBL478311,0.8,ug.mL-1,CCOC(=O)C1=NOC(c2ccc(N3CCN(C(=O)NCCc4ccccc4)CC3)cc2)C1,1
CHEMBL5177142,8.0,ug.mL-1,Cc1ccc(-n2cc(CSc3nc(=O)c4cc(Cl)cc([N+](=O)[O-])c4s3)nn2)cc1,1
CHEMBL471260,32.0,ug.mL-1,Brc1ccc([C@@H](c2cn(Cc3ccccc3)nn2)n2ccnc2)cc1,0
CHEMBL2297035,6.25,ug.mL-1,COc1ccccc1-c1nc2ccccc2c(=O)n1/N=C/c1cn(-c2ccc(C)cc2)nc1-c1ccncc1,1
CHEMBL4295249,64.0,ug.mL-1,CCC(C)(C)c1ccc(-c2cn(-c3cccc(-n4c(/C=C/c5ccc(C#N)cc5)nc5ccccc5c4=O)c3)nn2)cc1,0
CHEMBL561246,6.25,ug.mL-1,Clc1ccccc1C1Cc2[nH]c3ccccc3c2S1,1
CHEMBL3236823,50.0,ug.mL-1,COc1ccc(-c2cn(CC(=O)NC34CC5CC(CC(C5)C3)C4)nn2)c(C)c1,0
CHEMBL1689336,6.25,ug.mL-1,CC(=O)NC[C@H]1CN(c2ccc(N3CCN(C4=NS(=O)(=O)c5ccccc5N4c4ccccc4)CC3)c(F)c2)C(=O)O1,1
CHEMBL512401,6.25,ug.mL-1,O=C1C=C[C@@H]2O[C@H](c3ccccc3)[C@@H](O)[C@@H]2O1,1
CHEMBL2418886,1.25,ug.mL-1,COc1ccc(S(=O)(=O)n2c(COc3ccc([N+](=O)[O-])cc3)nc3cc(Br)ccc32)c(OC)c1,1
CHEMBL4853183,1.0,ug.mL-1,Cc1ccc(C2SC(C)C(=O)N2c2nc(N3CCN(C)CC3)n[nH]2)cc1,1
CHEMBL468047,1.49,ug.mL-1,CN1C/C(=C\c2ccccc2)C(=O)[C@]2(C1)[C@@H](c1ccccc1)[C@H](c1ccccc1)N[C@@]21C(=O)Nc2ccccc21,1
CHEMBL1801846,2.03,ug.mL-1,CC(C)(C)OC(=O)NCC(=O)OC1(C)c2ccccc2-c2c1c(-n1ccnc1)nc1ccc(Br)cc21,1
CHEMBL4453350,12.5,ug.mL-1,C[C@@H](NC(=O)N1C(=O)C[C@@H]1Sc1ccc(F)cc1F)c1ccccc1,0
CHEMBL13936,256.0,ug.mL-1,CNCc1ccc(Cl)cc1.Cl,0
CHEMBL4533492,64.0,ug.mL-1,Cc1nc2cc(-n3cc(-c4ccc(Br)cc4)nn3)ccc2c(=O)n1-c1ccccc1,0
CHEMBL4869954,0.016,ug.mL-1,O=C(OC1CCC(CN2CCN(c3cc(=O)c4cc(C(F)(F)F)cc([N+](=O)[O-])c4s3)CC2)CC1)c1cccs1,1
CHEMBL4444182,16.0,ug.mL-1,Cc1nc2cc(-c3ccccc3)ccc2c(=O)n1-c1cccc(Cl)c1,0
CHEMBL2430601,2.88,ug.mL-1,N#Cc1c(NC(=O)c2ccc([N+](=O)[O-])s2)[n+]([O-])c2ccccc2[n+]1[O-],1
CHEMBL3247270,10.0,ug.mL-1,C/C(=C\c1cnc([N+](=O)[O-])n1C)[N+](=O)[O-],1
CHEMBL13978,179.2,ug.mL-1,Cl.NCc1cccc([N+](=O)[O-])c1,0
CHEMBL3357499,100.0,ug.mL-1,COCOc1ccc2c(c1)OC(C1=CCC3CC1C3(C)C)CC2=O,0
CHEMBL4218685,1.6,ug.mL-1,Cn1c(-c2cccc(Cl)c2F)nc2cc(-c3nc(-c4ccc(Cl)cc4)no3)ccc21,1
CHEMBL3326726,6.25,ug.mL-1,COc1ccc(C(c2nnnn2C(C)(C)C)N2CCN(C3=NC(=O)/C(=C/c4ccccc4)S3)CC2)cc1OC,1
CHEMBL2426716,12.5,ug.mL-1,CCCCCc1ccc(-c2cc3c(ccc4oc5ccccc5c43)o2)cc1,0
CHEMBL2338299,250.0,ug.mL-1,COc1cc(OC)nc(NC(=O)CSc2nnc(-c3cccnc3SCc3ccccc3)o2)n1,0
CHEMBL4227445,0.126,ug.mL-1,CC(C)(C)c1ccc(S(=O)(=O)N2CC3CN(Cc4ccc([N+](=O)[O-])o4)CC3C2)cc1,1
CHEMBL50331,25.0,ug.mL-1,Nc1nc(N)c2cc(S(=O)(=O)Nc3ccc(Cl)c(Cl)c3)ccc2n1,0
CHEMBL505842,6.25,ug.mL-1,CC1=C(C(=O)Nc2ccccc2Cl)C(c2cccc([N+](=O)[O-])c2)NC(=O)N1,1
CHEMBL4292881,6.25,ug.mL-1,O=C(Nc1ccc(Br)cc1)c1c(-c2ccccc2)c2ccccc2n(Cc2ccccc2)c1=O,1
CHEMBL1290499,3.13,ug.mL-1,COc1ccc(/C(=C\SC2CCCCC2)n2cc(SC3CCCCC3)c(-c3ccc(OC)cc3)n2)cc1,1
CHEMBL4846137,25.0,ug.mL-1,O=C(C1=CN(CCc2ccccc2)C(NCCc2ccccc2)CC1)C(F)(F)F,0
CHEMBL3126162,6.25,ug.mL-1,CCCCNC(=O)Nc1cc2nc(C3CCCCC3)[nH]c2cc1N(C)C,1
CHEMBL4475550,4.0,ug.mL-1,CS(=O)(=NSC(F)(F)F)c1ccccc1,1
CHEMBL4069542,0.31,ug.mL-1,COc1ccc(C2C(Cl)C(=O)N2NC(=O)c2ccncc2)cc1,1
CHEMBL1549276,250.0,ug.mL-1,COc1cc(OC)nc(NC(=O)CCl)n1,0
CHEMBL1922825,12.5,ug.mL-1,CCOC(=O)c1nnn(Cc2ccccc2)c1C(=O)OCC,0
CHEMBL4865497,6.3,ug.mL-1,CO[C@H]1CC=C2C(=O)c3c(O)cc(C)c(-c4c(C)cc(O)c5c4O[C@]4(C)C(=CC[C@H](OC)[C@@H]4O)C5=O)c3O[C@@]2(C)[C@@H]1O,1
CHEMBL2282559,500.0,ug.mL-1,O=C(/C=C/c1ccc(O)cc1O)c1ccc(Nc2cc(=O)oc3ccccc23)cc1,0
CHEMBL3355714,100.0,ug.mL-1,COCCNc1cnc(C(=O)Nc2ccccc2Cl)cn1,0
CHEMBL244948,128.0,ug.mL-1,O=c1ccc2ccc(O)c(O)c2o1,0
CHEMBL2282201,100.0,ug.mL-1,O=C1CSC(c2cc3ccccc3nc2Cl)N1c1ccccc1Cl,0
CHEMBL3793466,173.65,ug.mL-1,O=C(O)CCN1C(=O)/C(=C/c2cc3ccccc3n3nnnc23)SC1=S,0
CHEMBL2235907,6.25,ug.mL-1,N#Cc1ccc(Nc2nc(Oc3ncnc4ccccc34)nc(N3CCN(Cc4ccccc4)CC3)n2)cc1C(F)(F)F,1
CHEMBL3326975,6.25,ug.mL-1,O=C1N=C(N2CCN(C(c3ccoc3)c3nnnn3C3CCCCC3)CC2)S/C1=C\c1ccccc1,1
CHEMBL4437932,1.95,ug.mL-1,CN(C)C(=O)/C=C/C(=O)c1cccc(C(F)(F)F)c1,1
CHEMBL3310376,15.2,ug.mL-1,O=C(NCc1ccccc1)NNC(=O)c1cc([N+](=O)[O-])c[nH]1,0
CHEMBL4292238,3.12,ug.mL-1,CCCN1C(=O)Cc2cc(C(=O)CN3CCN(c4noc5ccccc45)CC3)ccc21,1
CHEMBL4449094,9.5,ug.mL-1,CC(C)c1nc(C(=O)NCc2cccnc2)c(-c2ccc3c(c2)OCO3)s1,1
CHEMBL2281713,12.5,ug.mL-1,O=C(NNC(=O)c1ccc([N+](=O)[O-])cc1)c1ccc(-n2cccc2)cc1,0
CHEMBL3099192,12.5,ug.mL-1,C/C(=N\Nc1ccc([N+](=O)[O-])cc1[N+](=O)[O-])c1ccc(-n2cccc2)cc1,0
CHEMBL2030514,8.0,ug.mL-1,CNc1cc(-c2[nH]c(C(C)(C)C)nc2-c2ccc3cc(OC)ccc3c2)ccn1,1
CHEMBL526911,16.0,ug.mL-1,CCCCC[C@H]1CCCCCCCCCC(=O)O[C@H]2[C@H](O)[C@@H](CO)O[C@@H](O[C@H]3[C@H](O1)O[C@H](C)[C@@H](O)[C@@H]3O)[C@@H]2O[C@@H]1O[C@@H](C)[C@H](OC(=O)[C@@H](C)CC)[C@@H](O[C@@H]2O[C@@H](C)[C@H](O)[C@@H](O)[C@H]2O)[C@H]1OC(=O)[C@@H](C)CC,0
CHEMBL2057358,200.0,ug.mL-1,COc1ccc(-c2csc(N/C=N\O)n2)cc1OC,0
CHEMBL5220354,2.0,ug.mL-1,CC1=CN([C@H]2C[C@H](O)[C@@H](Cn3nnc(C(=O)c4ccc(Cl)cc4)c3-c3ccc(C(C)(C)C)cc3)O2)C(=O)CC1=O,1
CHEMBL5440845,16.0,ug.mL-1,COc1ccc(-c2ccn(-c3ccc(NC(=S)Nc4ccc([N+](=O)[O-])cc4)cc3)n2)cc1OC,0
CHEMBL1940153,12.5,ug.mL-1,CCOc1ccc(Nc2nnc(CNc3c(C)n(C)n(-c4ccccc4)c3=O)o2)cc1,0
CHEMBL5647244,64.0,ug.mL-1,Cc1nc(/N=C2\NC(=O)/C(=C/c3cc(C)n(-c4ccc(C#N)c(Cl)c4)c3C)S2)sc1C,0
CHEMBL4287601,50.0,ug.mL-1,CCCCCc1cc(O)cc(NC(=O)C2CCCCC2)c1,0
CHEMBL158597,1.6,ug.mL-1,O=C(N/N=C/c1ccc(C(F)(F)F)cc1)c1ccncc1,1
CHEMBL4446869,2.5,ug.mL-1,O=C1c2ccccc2C(=O)c2oc(C(=O)N3CCN(c4cccc(C(F)(F)F)c4)CC3)cc21,1
CHEMBL4175798,6.25,ug.mL-1,O=c1[nH]c2c(Cl)ccc(Cl)c2c2c1Sc1cc(Cl)ccc1N2,1
CHEMBL120273,1.56,ug.mL-1,O=C(NCc1ccc(N2CCN(Cc3ccccc3)CC2)cc1)c1ccc([N+](=O)[O-])o1,1
CHEMBL4448682,32.0,ug.mL-1,Cc1cn2cc([N+](=O)[O-])nc2c(OCCO)n1,0
CHEMBL2418892,50.0,ug.mL-1,O=[N+]([O-])c1ccc(OCc2nc3ccc(Br)cc3n2S(=O)(=O)c2ccccc2[N+](=O)[O-])cc1,0
CHEMBL4562532,25.0,ug.mL-1,CC(C)(C)c1nn(-c2cc(Cl)cc(Cl)c2OCc2cn(CC3=C(Cl)c4ccc(-c5cccs5)nc4CC3)nn2)c(=O)o1,0
CHEMBL1290608,1.56,ug.mL-1,Clc1ccc(/C(=C\SC2CCCCC2)n2cc(SC3CCCCC3)c(-c3ccc(Cl)cc3)n2)cc1,1
CHEMBL5423678,64.0,ug.mL-1,O=C1CCCC2=C1C(c1cccc([N+](=O)[O-])c1)C1=C(CCCC1=O)O2,0
CHEMBL3298184,19.0,ug.mL-1,COc1ccccc1N1CN2C(=C(O)[C@H]1c1ccccc1O)Nc1ccccc12,0
CHEMBL2151456,89.5,ug.mL-1,CSc1nnc(-c2cc(Br)c(Br)[nH]2)o1,0
CHEMBL232225,6.25,ug.mL-1,Nn1c(S)nnc1CSc1nnc(Cc2csc(NC(=O)c3ccccc3)n2)n1NC(=O)c1cccc([N+](=O)[O-])c1,1
CHEMBL1957830,6.25,ug.mL-1,O=C1NC(=S)S/C1=C\c1c(-c2ccccc2)nc2sc(C(F)(F)F)nn12,1
CHEMBL242470,61.0,ug.mL-1,CO[C@H]1CC[C@@H](NC(=O)NC23CC4CC(CC(C4)C2)C3)CC1,0
CHEMBL1741,0.5,ug.mL-1,CC[C@H]1OC(=O)[C@H](C)[C@@H](O[C@H]2C[C@@](C)(OC)[C@@H](O)[C@H](C)O2)[C@H](C)[C@@H](O[C@@H]2O[C@H](C)C[C@H](N(C)C)[C@H]2O)[C@](C)(OC)C[C@@H](C)C(=O)[C@H](C)[C@@H](O)[C@]1(C)O,1
CHEMBL476184,200.0,ug.mL-1,CCCNC(=O)C1=NOC(c2ccc(N3CCN(Cc4ccccc4)CC3)cc2)C1,0
CHEMBL3417596,1.34,ug.mL-1,CC(C)N(CCOc1ccc(C(c2cccc(Cl)c2)c2cccs2)cc1)C(C)C,1
CHEMBL2031812,0.1,ug.mL-1,O=C(Nc1ccc(Oc2ccccc2)cc1)NC12CC3CC(CC(C3)C1)C2,1
CHEMBL1682120,16.0,ug.mL-1,COc1nc([N+](=O)[O-])cn1CC(O)c1ccc(F)cc1,0
CHEMBL424785,16.0,ug.mL-1,CC1=C(OCCCN2CCOCC2)C(C)SC1=O,0
CHEMBL48489,100.0,ug.mL-1,O=C(O)Cc1ccc(NC(=O)c2ccccc2SSc2ccccc2C(=O)Nc2ccc(CC(=O)O)cc2)cc1,0
CHEMBL215744,1.0,ug.mL-1,Cc1ccc(-n2c(-c3ccc(F)cc3)cc(CN3CCSCC3)c2C)cc1,1
CHEMBL4551584,0.03,ug.mL-1,C[C@]1(CN2CCc3nc(-c4ccc(Cl)c(F)c4)ccc3C2)Cn2cc([N+](=O)[O-])nc2O1,1
CHEMBL13934,256.0,ug.mL-1,CC(C)NCc1cccc(C#N)c1.Cl,0
CHEMBL3806233,50.0,ug.mL-1,c1ccc(-c2cn(C(CN3CCSCC3)c3ccc4sc5ccccc5c4c3)nn2)cc1,0
CHEMBL5270530,50.0,ug.mL-1,C=CC(=O)NNC(=O)c1ccncc1,0
CHEMBL256417,100.0,ug.mL-1,O=C(/C=C/c1ccc(Cl)cc1Cl)NNC(=O)c1ccncc1,0
CHEMBL3338546,50.0,ug.mL-1,Cc1ccc(S(=O)(=O)N2CCN(c3noc4ccccc34)CC2)cc1,0
CHEMBL5220125,64.0,ug.mL-1,CO/N=C1/C(=O)C(CCOCCOCCOCCn2cc(CN3C(=O)/C(=N/OC)c4cc(F)ccc43)nn2)c2ccccc21,0
CHEMBL3805702,12.5,ug.mL-1,OCCN1CCN(CC(c2ccc3sc4ccccc4c3c2)n2cc(-c3ccccc3)nn2)CC1,0
CHEMBL127618,16.0,ug.mL-1,O=C(OC(c1ccccc1)c1ccccc1)c1cnc(Cl)cn1,0
CHEMBL4278135,64.0,ug.mL-1,N#Cc1ccc(/C=C/c2nc3ccccc3c(=O)n2-c2ccc(OCc3cn(Cc4ccc(Br)cc4)nn3)cc2)cc1,0
CHEMBL1682128,256.0,ug.mL-1,CSc1nc([N+](=O)[O-])cn1CC(OCc1ccc(F)cc1)c1ccc(Cl)cc1Cl,0
CHEMBL372549,6.25,ug.mL-1,OC(COc1ccc(C(c2ccc(OCC(O)CN3CCCCC3)cc2)c2cc3ccccc3c3ccccc23)cc1)CN1CCCCC1,1
CHEMBL4576560,64.0,ug.mL-1,N#Cc1ccc(/C=C/c2nc3ncccc3c(=O)n2-c2ccc(S)cc2)cc1,0
CHEMBL234556,6.25,ug.mL-1,CC(=O)NNC(=O)CSc1nnc(Cc2csc(NC(=O)c3ccccc3)n2)n1NC(=O)c1ccc(Cl)cc1,1
CHEMBL5271787,40.0,ug.mL-1,O=C1Nc2cc3c(-c4ccccc4)c(-c4ccccc4)oc(=O)c3cc2C(c2ccc([N+](=O)[O-])cc2)N1,0
CHEMBL3577401,12.5,ug.mL-1,O=Cc1ccc(OCCOc2ccc(-n3cccc3)cc2)cc1,0
CHEMBL3613262,0.19,ug.mL-1,COc1cccc(-c2cc(-c3cc4c(ccc5ccccc54)oc3=O)nc(Cc3ccc(F)cc3)n2)c1,1
CHEMBL5633565,250.0,ug.mL-1,O=C(Nc1cncc(Cl)n1)c1cnc(C(F)(F)F)cn1,0
CHEMBL4077502,12.5,ug.mL-1,O=C(NN1C(=O)C(Cl)C1c1cc2ccccc2nc1Cl)c1ccncc1,0
CHEMBL5280332,64.0,ug.mL-1,COc1ccc2nc(CN3CCN(C(=O)C4CCC4)CC3)cc(OC)c2c1,0
CHEMBL1801942,128.0,ug.mL-1,CC(=O)N[C@@H](CCCN)CC(=O)N[C@@H]1[C@H](O)[C@@H](O)[C@@H](COC(N)=O)O[C@H]1/N=C1\N[C@@H]2[C@H](O)CNC(=O)[C@@H]2N1,0
CHEMBL2418294,6.25,ug.mL-1,COc1ccc(N/N=C2\C(=O)Nc3c(cccc3[N+](=O)[O-])C2=O)cc1,1
CHEMBL4468086,32.0,ug.mL-1,O=C(NCCOc1ccc(Br)cc1)c1c(C2CC2)nc2cc(Cl)ccn12,0
CHEMBL1797674,1.56,ug.mL-1,O=C(/C=C/c1ccc(C(=O)O)cc1)C[C@@H]1O[C@H](CO)[C@H](O)[C@H](O)[C@H]1O,1
CHEMBL1210398,6.25,ug.mL-1,CC(C)(C)Nc1nc(NNC(=O)c2ccncc2)nc(N2CCCCC2)n1,1
CHEMBL512239,25.56,ug.mL-1,CN1C/C(=C\c2ccccc2)C(=O)[C@]2(C1)[C@@H](c1ccccc1)[C@@H]1CCCN1[C@@]21C(=O)Nc2ccccc21,0
CHEMBL4580234,8.0,ug.mL-1,C[C@]1(CN2CCc3nc(-c4ccc(C(F)(F)F)cc4)ccc3C2)Cn2cc([N+](=O)[O-])nc2O1,1
CHEMBL214045,6.25,ug.mL-1,COc1cc(C2=NN(C(=O)COc3ccccc3)C(Cc3ccccc3)C2)c(C)cc1OCC(=O)O,1
CHEMBL3086189,51.8,ug.mL-1,COc1cc(/C=C/c2nnc(-c3cc([N+](=O)[O-])cn3C)o2)ccc1O,0
CHEMBL511412,5.96,ug.mL-1,CN1C/C(=C\c2cccc(F)c2)C(=O)[C@]2(C1)[C@@H](c1cccc(F)c1)[C@@H]1CCCN1[C@@]21C(=O)Nc2ccccc21,1
CHEMBL3298741,100.0,ug.mL-1,OC1=C2Nc3ccccc3N2CN(c2cc(Cl)cc(Cl)c2)[C@@H]1c1ccc(Cl)cc1,0
CHEMBL1077786,3.9,ug.mL-1,c1ccc(CCN2CCN([C@@H](Cc3ccc4ccccc4c3)CN3CCCC3CN3CCNC[C@@H]3Cc3ccccc3)C[C@@H]2Cc2ccccc2)cc1,1
CHEMBL4213052,128.0,ug.mL-1,CC1=C(O)[C@@](C)(CCCCC[C@H](C)CCCCc2ccc(O)cc2)OC1=O,0
CHEMBL4543527,0.25,ug.mL-1,CCN(C)C(=O)/C=C/C(=O)c1ccc(F)cc1,1
CHEMBL4554352,1.0,ug.mL-1,O=C1C(=O)N(Cc2cn(CC(=O)N3CCN(c4cc5c(cc4F)c(=O)c(C(=O)O)cn5C4CC4)CC3)nn2)c2ccc(F)cc21,1
CHEMBL229371,1.56,ug.mL-1,CCCCCCCCC[C@@H](O)C1=C[C@@H](OC(C)C)O[C@H](COC(=O)C(C)(C)C)[C@H]1O,1
CHEMBL3099157,50.0,ug.mL-1,C/C(=N\NC(=O)COc1ccccc1Cl)c1ccc(-n2c(C)ccc2C)cc1,0
CHEMBL319888,16.0,ug.mL-1,O=C(O)c1cn(Cc2ccc(Cl)cc2)cc1-c1ccc(Cl)cc1,0
CHEMBL3398359,50.0,ug.mL-1,CCCc1cc(=O)oc2c1c1c(c3oc(C(=O)N=[N+]=[N-])cc32)C=CC(C)(C)O1,0
CHEMBL4082497,12.5,ug.mL-1,CSc1ccc([C@@H]2[C@H]3CSCN3[C@]3(C(=O)Nc4ccccc43)[C@@]23C(=O)Oc2ccccc23)cc1,0
CHEMBL1986842,3.12,ug.mL-1,N/C(COc1ccc(Cl)cc1)=N\NC(=O)c1ccncc1,1
CHEMBL1783315,3.125,ug.mL-1,CC(C)CO[C@@H]1C=CC(=O)[C@@H](COC(=O)C(C)(C)C)O1,1
CHEMBL3099148,25.0,ug.mL-1,C/C(=N\NC(=O)c1ccc(C)cc1)c1ccc(-n2c(C)ccc2C)cc1,0
CHEMBL419755,12.5,ug.mL-1,CCCCCCCCCCCCNCC(O)COCC1O[C@@H]2OC(C)(C)O[C@@H]2[C@H]2OC(C)(C)O[C@@H]12,0
CHEMBL5280245,25.0,ug.mL-1,Cc1cc(SCC(=O)Nc2cc(C(F)(F)F)ccc2Cl)nc(N)n1,0
CHEMBL1818275,100.0,ug.mL-1,Cc1c(C(=O)N/N=C/c2ccccc2)nnn1Nc1ccc(Br)cc1,0
CHEMBL1094371,1.0,ug.mL-1,COc1ccccc1Nc1nc2c(-c3cccc(F)c3)nc3ccccc3c2o1,1
CHEMBL4163097,128.0,ug.mL-1,COc1cc(NC(C)CCCNC(=O)NNC(=O)NCCc2ccccc2)c2ncccc2c1,0
CHEMBL1077788,3.9,ug.mL-1,CCCCCCCN1CCN([C@@H](Cc2ccccc2)CN2CCCC2CN2CCNC[C@@H]2Cc2ccccc2)C[C@@H]1Cc1ccccc1,1
CHEMBL1940152,12.5,ug.mL-1,COc1ccc(Nc2nnc(CNc3c(C)n(C)n(-c4ccccc4)c3=O)o2)cc1,0
CHEMBL3617126,100.0,ug.mL-1,CCOC(=O)c1ccc(NC(=S)Nc2cccc(C(F)(F)F)c2)cc1,0
CHEMBL4444604,25.0,ug.mL-1,ClC1=C(CN2CCN(c3ccc(Cl)cc3)CC2)CCc2nc(-c3cccs3)ccc21,0
CHEMBL3798457,62.0,ug.mL-1,Cc1cc(CN2CCN(C3C4CC5CC(C4)CC3C5)CC2)c(C)n1-c1ccc(C(C)C)cc1,0
CHEMBL2262809,200.0,ug.mL-1,Oc1ccc2c(c1)Oc1[nH]c(=S)[nH]c(=S)c1C2c1ccccc1,0
CHEMBL1938416,32.0,ug.mL-1,Cc1ccc(NC(=O)Cc2cccc(Oc3ccccc3)c2)nc1,0
CHEMBL512296,8.0,ug.mL-1,Fc1ccc(N2N=C(c3ccccc3)[C@H](n3ccnc3)[C@H]2c2ccccc2)cc1,1
CHEMBL3356378,16.0,ug.mL-1,Cl.Clc1ccc(Nc2cc3nc4ccccc4n(-c4ccc(Cl)cc4)c-3c/c2=N/CCC23CCCN2CCC3)cc1,0
CHEMBL521615,3.1,ug.mL-1,COC(=O)CCCC#CCCCCCCCCCCCCCc1ccco1,1
CHEMBL2151446,78.5,ug.mL-1,Brc1cc(-c2nnc(/C=C/c3ccccc3)o2)[nH]c1Br,0
CHEMBL3613329,1.56,ug.mL-1,O=c1oc2ccc3ccccc3c2cc1-c1cc(-c2cccc(Cl)c2)nc(Cc2ccc(F)cc2)n1,1
CHEMBL2393491,4.0,ug.mL-1,Cc1c(CN2CCN(c3ccc(N4C[C@H](Cn5cc(-c6ccccn6)nn5)OC4=O)cc3F)CC2)cc(-c2ccc(F)cc2F)n1-c1ccc(F)cc1,1
CHEMBL4530636,0.031,ug.mL-1,C[C@]1(CN2CCc3nc(-c4ccc(F)cc4)ccc3C2)Cn2cc([N+](=O)[O-])nc2O1,1
CHEMBL3746488,50.0,ug.mL-1,Clc1ccc(-c2cc(-c3ccc(-n4cccc4)cc3)on2)c(Cl)c1,0
CHEMBL4213279,15.62,ug.mL-1,COC(=O)[C@H]1[C@@H](C(=O)OC)C(c2ccccc2)(c2ccccc2)N(c2nc(-c3ccccc3)c(C(=O)c3ccc(OC)cc3)s2)[C@H]1C(=O)OC,0
CHEMBL5428014,4.0,ug.mL-1,Cc1cc(Nc2cc(-c3ccccc3)nc3ncnn23)c(OC(C)C)cc1C1CCNCC1,1
CHEMBL2430932,250.0,ug.mL-1,CC(=O)N1N=C(c2cccc([N+](=O)[O-])c2)CC1/C=C/c1ccccc1,0
CHEMBL5410956,64.0,ug.mL-1,Cc1ccc(NC(=S)N2CCN(C(=O)CN3C(=O)c4cccc5cccc(c45)C3=O)CC2)cc1,0
CHEMBL3338543,25.0,ug.mL-1,Clc1cccc2c(N3CCNCC3)noc12,0
CHEMBL5633320,500.0,ug.mL-1,Cc1cc(C(=O)Nc2cnccn2)cc(Cl)n1,0
CHEMBL4586172,64.0,ug.mL-1,Cc1cccc(-c2nc(CN3CCN(c4ccnc5cc(Cl)ccc45)CC3)no2)c1C,0
CHEMBL2414340,2.0,ug.mL-1,COc1cccc(-c2cccc(-c3cn4cccc(C(N)=O)c4n3)c2)c1,1
CHEMBL229774,6.25,ug.mL-1,COc1ccccc1NC(=S)N1N=C(c2ccc(O)c(C)c2)CC1c1ccccc1,1
CHEMBL1922606,200.0,ug.mL-1,CCOP(=O)(CCCN(O)C(C)=O)OCC,0
CHEMBL4441478,5.89,ug.mL-1,CCOC(=O)c1c(-c2ccc(F)cc2)oc2ccc(OCCCCCCN3C(=O)C(=O)c4cc(F)ccc43)cc12,1
CHEMBL242256,61.0,ug.mL-1,CO[C@H]1CC[C@H](NC(=O)NC23CC4CC(CC(C4)C2)C3)CC1,0
CHEMBL198374,25.0,ug.mL-1,O=C(c1ccc(OCC2CCCC2)cc1)C1CC1,0
CHEMBL511455,6.3,ug.mL-1,CC(C)=CCc1c([C@@H]2CC(=O)c3c(O)cc(O)c(CC=C(C)C)c3O2)cc2c(c1O)OC(C)(C)C=C2,1
CHEMBL4089577,25.0,ug.mL-1,COc1cc(C[C@@H](C)[C@@H](C)Cc2ccc(OCCN3CCOCC3)c(OC)c2)ccc1OCCN1CCOCC1,0
CHEMBL1669613,6.25,ug.mL-1,O=C1CCCc2nc(-c3ccc(Cl)s3)ccc21,1
CHEMBL234457,4.6,ug.mL-1,CC(CO)NCCCN1c2ccccc2Sc2ccc(C(F)(F)F)cc21,1
CHEMBL5597784,32.0,ug.mL-1,CCC[S+]([O-])c1nc2c(c(=O)[nH]1)[C@@H](c1ccc(OC)cc1)CC(=O)N2,0
CHEMBL4125957,50.0,ug.mL-1,CC(=O)O[C@@H](C/C=C(\C)C(=O)O)[C@@H](C)[C@H]1CC[C@@]2(C)C3=C(CC[C@]12C)[C@@]1(C)CC[C@@H](O)C(C)(C)[C@@H]1CC3=O,0
CHEMBL558308,6.25,ug.mL-1,Fc1cc(F)c2nc(-c3ccc(-n4cncn4)cc3)n(Cc3ccccc3)c2c1,1
CHEMBL234630,20.0,ug.mL-1,FC(F)(F)c1ccc2c(c1)N(CCCNc1ccccn1)c1ccccc1S2,0
CHEMBL4460211,0.031,ug.mL-1,C[C@]1(CN2CCc3nc(-c4ccccc4)ccc3C2)Cn2cc([N+](=O)[O-])nc2O1,1
CHEMBL2282548,100.0,ug.mL-1,N#Cc1c(-c2ccc(O)cc2O)cc(-c2ccc(Nc3cc(=O)oc4ccccc34)cc2)nc1N,0
CHEMBL4745427,50.0,ug.mL-1,CC(=O)OC[C@@]1(CCC(=O)O)C2=C(CC[C@H]1C(C)(C)O)[C@]1(C)CC[C@H]([C@H](C)[C@H](C/C=C(/C)C(=O)O)OC(C)=O)[C@@]1(C)CC2,0
CHEMBL3902258,12.5,ug.mL-1,C/C(=N\NC(=O)c1ccc(-n2cccc2)cc1)C(=O)Nc1cccc(F)c1,0
CHEMBL3799030,125.0,ug.mL-1,Cc1c(CN2CCN(c3ccccc3)CC2)cc(-c2ccc(Cl)cc2)n1-c1ccc(Cl)cc1,0
CHEMBL1818405,6.0,ug.mL-1,Cc1ccc(NC(=O)NCc2cccc(F)c2)cc1Cl,1
CHEMBL5199684,0.7,ug.mL-1,COc1ncc(-c2ccccc2)cc1[C@@H](c1ccccc1)[C@@](O)(CCN(C)C)c1cc(F)ccc1F,1
CHEMBL4466209,125.0,ug.mL-1,COc1cccc2c1N1C(=NC(C)=C(C(=O)NNC(=O)c3ccncc3)C1c1ccccn1)S2,0
CHEMBL1824063,14.0,ug.mL-1,OC1CCN(CC2CCN(CC3CCCCCC3)CC2)CC1,0
CHEMBL4581844,25.0,ug.mL-1,CC(C)(C)OC(=O)NC1CCOC2(CCN(C(=O)c3ccc([N+](=O)[O-])o3)CC2)C1,0
CHEMBL1629807,12.5,ug.mL-1,CC(C)N(CCOc1ccc(COc2ccc(C(O)C3CC3)cc2)cc1)C(C)C,0
CHEMBL504351,128.0,ug.mL-1,CC/C=C\C/C=C\C/C=C\CCCCCCCC(=O)OC[C@H](CO[C@@H]1O[C@H](CO)[C@H](O)[C@H](O)[C@H]1O)OC(=O)CCCCCCC/C=C\C/C=C\C/C=C\CC,0
CHEMBL243459,6.25,ug.mL-1,CC(=O)Nc1nc(Cc2nnc(SCC(=O)N/N=C/c3ccccc3)n2NC(=O)c2ccccc2)cs1,1
CHEMBL4790468,0.78,ug.mL-1,Cc1cc(C)c(-n2cc(COc3ccc([N+](=O)[O-])cc3/C=N/NC(=O)c3ccncc3)nn2)c(C)c1,1
CHEMBL1797258,125.0,ug.mL-1,O=CC1=C(Cl)c2ccc(Cl)cc2C1,0
CHEMBL512040,31.25,ug.mL-1,O=C(N/N=C/c1c(Cl)cccc1Cl)c1ccc(-n2cccc2)cc1,0
CHEMBL241495,0.39,ug.mL-1,CN(C)[C@@H]1C(O)=C(C(=O)NCN2CCN(c3cc4c(cc3F)c(=O)c(C(=O)O)cn4C3CC3)CC2)C(=O)[C@@]2(O)C(O)=C3C(=O)c4c(O)cccc4[C@@](C)(O)[C@H]3C[C@@H]12,1
CHEMBL3427315,50.0,ug.mL-1,Cc1ccc(C(=O)On2c(-c3cccc(C)c3)nc3ccccc3c2=O)cc1,0
CHEMBL2236087,64.0,ug.mL-1,CCOC(=O)N1CCN(CC(=O)N2C(c3ccc(F)cc3)CC(=O)C(CC)C2c2ccc(F)cc2)CC1,0
CHEMBL2059850,1.0,ug.mL-1,O=C(NN1C(=O)[C@H](Cl)[C@H]1c1ccc(Cl)cc1)c1cc(-c2ccc(Cl)cc2)n[nH]1,1
CHEMBL1796004,25.0,ug.mL-1,CC(=O)O[C@H]1[C@@H]2[C@@H](O)[C@]3(OC2(C)C)[C@H](C)CC[C@H](OC(C)=O)[C@@]3(C)[C@H]1OC(=O)c1ccccc1,0
CHEMBL561867,32.0,ug.mL-1,CC1CCCN(Cn2nc(-c3cccnc3)oc2=O)C1,0
CHEMBL243336,41.0,ug.mL-1,O=C(NC12CC3CC(CC(C3)C1)C2)N[C@H]1CC[C@H](Oc2cc(F)cc(F)c2)CC1,0
CHEMBL4549464,100.0,ug.mL-1,COc1ccc2cc1Oc1cc(ccc1OC)CCC(OS(=O)(=O)c1ccc(OC(F)(F)F)cc1)CCCC2,0
CHEMBL3746983,25.0,ug.mL-1,O=C(/C=C/c1cccc(Oc2ccccc2)c1)c1ccc(-n2cccc2)cc1,0
CHEMBL4283393,64.0,ug.mL-1,Cc1nc2ccccc2c(=O)n1-c1cccc(OCc2cn(-c3ccc(Cl)cc3)nn2)c1,0
CHEMBL4845697,0.016,ug.mL-1,O=c1nc(N2CCN(/N=C/c3ccc(OC(F)(F)F)cc3)CC2)sc2c([N+](=O)[O-])cc(C(F)(F)F)cc12,1
CHEMBL5395289,64.0,ug.mL-1,O=C(Nc1ccc(-n2ccc(-c3ccc4ccccc4c3)n2)cc1)Nc1ccc(F)cc1F,0
CHEMBL2298309,50.0,ug.mL-1,Nc1nc(-c2ccc(NC(=O)c3ccccc3)cc2)cs1,0
CHEMBL327008,2.0,ug.mL-1,CCOC(=O)c1cnc(Cl)cn1,1
CHEMBL478962,100.0,ug.mL-1,C=C1CC[C@@H]2[C@@]3(C)CCC[C@@]2(C(=O)OC3)[C@@H]1CCc1ccoc1,0
CHEMBL4160783,12.5,ug.mL-1,O=C1CCCC2=C1C(c1cn(-c3ccccc3)nn1)c1c(ccc3ccccc13)O2,0
CHEMBL3781110,30.0,ug.mL-1,Cc1ccc(/C=C\C(=O)N2N=C(c3ccncc3)OC2c2c[nH]c3ccccc23)cc1,0
CHEMBL2418883,50.0,ug.mL-1,N#Cc1cccc(S(=O)(=O)n2c(COc3ccc([N+](=O)[O-])cc3)nc3cc(Br)ccc32)c1,0
CHEMBL3358755,100.0,ug.mL-1,COC(=O)C1=C(C)Oc2c(cc(C(C)(C)C)cc2C(C)(C)C)[C@@H]1[C@H](C(C)=O)C(=O)OC,0
CHEMBL230431,8.0,ug.mL-1,O=C(NNC(=O)c1ccncc1)c1ccncc1,1
CHEMBL3298037,100.0,ug.mL-1,Cc1cn(-c2c(-c3cc(-c4ccco4)nc(N)c3C#N)c(C)nn2-c2ccccc2)cn1,0
CHEMBL250534,12.5,ug.mL-1,CCCCCCCCNCCNc1c(F)cc2c(=O)c(C(=O)O)cn(C3CC3)c2c1OC,0
CHEMBL13654,256.0,ug.mL-1,CCNCc1cccc([N+](=O)[O-])c1.Cl,0
CHEMBL2024073,8.0,ug.mL-1,CCCCCCCCc1c2[n+](cc3c(OCc4ccccc4)c(OC)ccc13)CCc1cc(OCc3ccccc3)c(OCc3ccccc3)cc1-2.[Cl-],1
CHEMBL4539018,16.0,ug.mL-1,CO/N=C1/C(=O)N(Cc2cn(CC(=O)N3CCC[C@@H]4CN(c5c(F)cc6c(=O)c(C(=O)O)cn(C7CC7)c6c5OC)C[C@@H]43)nn2)c2c(F)cccc21,0
CHEMBL4093968,6.25,ug.mL-1,CCn1cc(C(=O)O)c(=O)c2cc(F)c(N3CCN(CN4C(=O)/C(=N\NC(=O)c5ccncc5)c5ccccc54)CC3)cc21,1
CHEMBL4796571,3.12,ug.mL-1,CN1CCN(Cc2nnc(-c3ccc(O)cc3)o2)CC1,1
CHEMBL4859938,0.25,ug.mL-1,CC(C)c1ccc(-c2nc(CN3CCN(c4ccnc5c(-c6cccnc6)cccc45)CC3)no2)cc1,1
CHEMBL2418902,50.0,ug.mL-1,O=[N+]([O-])c1ccc(OCc2nc3cc(Br)ccc3n2S(=O)(=O)c2cc(Cl)ccc2Cl)cc1,0
CHEMBL4581476,0.1,ug.mL-1,COc1c(N2C[C@@H]3CCCN(Cc4cn(CCN5C(=O)/C(=N/NC(N)=O)c6cc(Br)ccc65)nn4)[C@@H]3C2)c(F)cc2c(=O)c(C(=O)O)cn(C3CC3)c12,1
CHEMBL289191,100.0,ug.mL-1,C=C(C)[C@@H]1CC[C@]2(C)CC[C@]3(C)[C@H](CC[C@@H]4[C@@]5(C)CC[C@H](O)C(C)(C)[C@@H]5CC[C@]43C)[C@@H]12,0
CHEMBL503125,200.0,ug.mL-1,CNc1ccccc1C(=O)O[C@@H]1[C@@H](C)[C@]2(O)[C@@H]3C=C(C)C(=O)[C@@H]3CC(C)=C[C@H]2[C@@H]2C(C)(C)[C@]12OC(C)=O,0
CHEMBL2281854,0.9,ug.mL-1,OC1CCC(C(O)c2nnc(-c3ccncc3)[nH]2)CC1O,1
CHEMBL5281381,12.5,ug.mL-1,O=C(/C=C/c1ccco1)NNC(=O)c1ccncc1,0
CHEMBL4522690,1.56,ug.mL-1,Cc1ccc2c(c1)C=CC1(CCc3c(nnn3-c3ccccc3)C1)O2,1
CHEMBL5281987,3.5,ug.mL-1,COC(=O)c1c(NC(=O)c2c(F)c(F)c(F)c(F)c2F)sc(-c2ccc(Cl)cc2)c1C(=O)OC,1
CHEMBL340492,0.06,ug.mL-1,NNC(=O)c1ccco1,1
CHEMBL1090887,0.8,ug.mL-1,C/C(=N\NC(=S)Nc1ccc(Br)cc1)c1ccc(Br)cc1,1
CHEMBL250331,0.62,ug.mL-1,CCCCC(CC)CNCCNc1c(F)cc2c(=O)c(C(=O)O)cn(C3CC3)c2c1OC,1
CHEMBL1090825,16.36,ug.mL-1,Cc1cc2c(cc1C)[n+]([O-])c(C(=O)NCCc1ccccc1)c(C)[n+]2[O-],0
CHEMBL3394648,6.25,ug.mL-1,O=C1CC(Sc2cc(C(F)(F)F)cc(C(F)(F)F)c2)N1C(=O)NCc1ccccc1,1
CHEMBL4524706,0.1,ug.mL-1,Cc1ccc2c(c1)/C(=N\NC(N)=S)C(=O)N2CCCN1CCN(c2cc3c(cc2F)c(=O)c(C(=O)O)cn3C2CC2)CC1,1
CHEMBL499594,25.0,ug.mL-1,Cc1ccc(/C=C2\CCC[C@@]3(C2=O)[C@@H](c2ccc(C)cc2)CN(C)[C@@]32C(=O)c3cccc4cccc2c34)cc1,0
CHEMBL1258565,1.56,ug.mL-1,CCOC(=O)C1=C(C)NC(=S)NC1c1cn(-c2ccccc2)nc1-c1ccc(C)cc1,1
CHEMBL299816,50.0,ug.mL-1,Cc1cc(Nc2ccccc2)nc(Cl)n1,0
CHEMBL226070,6.25,ug.mL-1,O=C(N/N=C/NCc1ccccc1)c1ccncc1,1
CHEMBL4068649,0.25,ug.mL-1,COc1nc2ccc(Br)cc2cc1C(c1ccccc1)C(O)(CCN(C)C)c1cccc2ccccc12,1
CHEMBL253465,50.0,ug.mL-1,COc1c(O)cc2c(c1O)C(=O)C[C@@H](c1ccccc1)O2,0
CHEMBL1831141,0.625,ug.mL-1,COc1ccc2nc(C)cc(NC(=O)CN3CC(CN(C)C)OC3=O)c2c1,1
CHEMBL1783088,1.0,ug.mL-1,COc1ccc2nc(C)cc(-n3cc(CNC(=O)c4ccccc4F)nn3)c2c1,1
CHEMBL3414603,3.1,ug.mL-1,c1ccc(C(c2ccc(OCCN3CCCCCC3)cc2)c2cccs2)cc1,1
CHEMBL4091330,5.0,ug.mL-1,O=C(NCc1cccc(Cl)c1)c1cc2ccccc2[nH]1,1
CHEMBL1950115,200.0,ug.mL-1,N#Cc1cnc(C#N)c(NC2CCCC2)n1,0
CHEMBL1873240,25.0,ug.mL-1,Nc1nc(N)c2cc(S(=O)(=O)c3cccc(C(F)(F)F)c3)ccc2n1,0
CHEMBL37085,100.0,ug.mL-1,CN1CCN(c2cc3c(cc2F)c(=O)c(C(=O)O)cn3N2CC2c2cccc(C(F)(F)F)c2)CC1,0
CHEMBL3577500,100.0,ug.mL-1,Nc1cccc(OCCCOc2ccc(-n3cccc3)cc2)c1,0
CHEMBL3800180,25.0,ug.mL-1,Cc1cc(/C=N\OCc2ccccc2)c(C)n1-c1ccc(F)cc1,0
CHEMBL4760497,16.0,ug.mL-1,COc1ccc(Nc2nnnn2-c2ccccc2F)cc1,0
CHEMBL2282556,500.0,ug.mL-1,O=C(/C=C/c1ccccc1Br)c1ccc(Nc2cc(=O)oc3ccccc23)cc1,0
CHEMBL4285898,50.0,ug.mL-1,COc1cc(Cc2ccccc2)cc(NC(=O)c2ccccc2)c1,0
CHEMBL4637114,50.0,ug.mL-1,COc1ccc2c(c1)c(I)c1n2C/C(=C\C#CCCCC(=O)O)OC1=O,0
CHEMBL3315161,1.6,ug.mL-1,CN[C@@H]1[C@H](O)[C@H](NC)[C@H]2O[C@]3(O)[C@H](O[C@@H]2[C@H]1O)O[C@H](C)C[C@H]3NC(=O)Cc1ccccc1,1
CHEMBL4288622,5.0,ug.mL-1,C[C@@]12CC[C@@H]3[C@@](CC[C@H]4[C@@]3(C)CCC[C@@]4(C)C(=O)NNC(=O)CCCCC(=O)NNC(=O)[C@]3(C)CCC[C@H]4[C@@H]5CC[C@@]6(C)C[C@]5(CC[C@@H]43)CC6=O)(CC1=O)C2,1
CHEMBL5429689,1.25,ug.mL-1,Clc1ccc(COc2ccc(CNCc3cccnc3)cc2)cc1,1
CHEMBL4588329,0.39,ug.mL-1,CC(=O)c1sc(/N=C2\NC(=O)/C(=C3/C(=O)N(C)c4ccc(Cl)cc43)S2)nc1C,1
CHEMBL2164537,20.0,ug.mL-1,C[C@@H]1C[C@]23CC[C@@H]4[C@]5(C)CCC[C@]4(C)C(=O)OCCCOC(=O)CC(=O)OCCCOC(=O)[C@]4(C)CCC[C@@]6(C)[C@@H]7CC[C@@]8(C[C@@]7(CC[C@@H]64)C[C@@H]8C)OC(=O)CCCCCCCCC(=O)O[C@]1(CC[C@@H]25)C3,0
CHEMBL3577495,1.6,ug.mL-1,c1ccc2c(OCCCOc3ccc(-n4cccc4)cc3)cccc2c1,1
CHEMBL4471960,12.5,ug.mL-1,FC(F)(F)c1ccccc1-c1cn(CC2=C(Cl)c3ccc(-c4cccs4)nc3CC2)nn1,0
CHEMBL2282546,62.5,ug.mL-1,COc1ccc(-c2cc(-c3ccc(Nc4cc(=O)oc5ccccc45)cc3)nc(N)c2C#N)cc1,0
CHEMBL4847341,1.0,ug.mL-1,O=c1nc(NN2CCN(Cc3ccncc3)CC2)sc2c([N+](=O)[O-])cc(C(F)(F)F)cc12,1
CHEMBL407881,4.0,ug.mL-1,C[C@H](N)C(=O)N(C)[C@@H](C)[C@H](NC(=O)[C@H](Cc1ccc(C(F)(F)F)cc1)NC(=O)N[C@@H](Cc1c[nH]c2ccccc12)C(=O)O)C(=O)NC[C@H]1C[C@@H](O)[C@H](n2ccc(=O)[nH]c2=O)O1,1
CHEMBL3786774,50.0,ug.mL-1,CO[C@@H]1C[C@H]2C(C)(C)C(=O)CC[C@]2(C)C2=C1[C@]1(C)CC[C@H]([C@H](C)[C@H](C/C=C(\C)C(=O)O)OC(C)=O)[C@@]1(C)CC2,0
CHEMBL4437102,1.22,ug.mL-1,COc1c(N2CCN(CN3C(=O)/C(=N\c4ccc(S(=O)(=O)Nc5nc(C)cc(C)n5)cc4)c4cc(F)ccc43)C(C)C2)c(F)cc2c(=O)c(C(=O)O)cn(C3CC3)c12,1
CHEMBL3827339,50.0,ug.mL-1,Cc1c(C(=O)CN(C)C2CCCCC2)[n+]([O-])c2ccccc2[n+]1[O-],0
CHEMBL5396890,32.0,ug.mL-1,COc1ccccc1NC(=O)Nc1ccc(-n2ccc(-c3ccc(OC)c(OC)c3)n2)cc1,0
CHEMBL4520987,15.0,ug.mL-1,CCOC(=O)c1nc(C(C)C)sc1-c1cccc(C#N)c1,0
CHEMBL552294,12.5,ug.mL-1,CCCNc1nc(NCCC)nc(Nc2nc(SC)cc(-c3ccc(OC)c(OC)c3)n2)n1,0
CHEMBL399387,6.25,ug.mL-1,COC(=O)CSc1nnc(Cc2csc(NC(=O)c3ccccc3)n2)n1NC(=O)c1ccc(Cl)cc1,1
CHEMBL4553961,5.4,ug.mL-1,COc1ccc(CCNC(=O)c2nc(C(C)C)sc2-c2ccc(C#N)cc2)cc1OC,1
CHEMBL1800189,32.0,ug.mL-1,CC(=O)N(O)CCC(c1ccccc1Br)P(=O)(O)O,0
CHEMBL4279417,32.0,ug.mL-1,CC(C)=CCc1c(-c2ccc(O)cc2O)oc2c([C@@H]3C=C(C)C[C@H](c4ccc(O)cc4O)[C@H]3C(=O)c3ccc(O)cc3O)c(O)cc(O)c2c1=O,0
CHEMBL385228,6.25,ug.mL-1,COc1cc(C2=NN(C(=O)Cc3ccccc3)C(c3ccc(O)cc3)C2)c(C)cc1OCC(=O)O,1
CHEMBL572257,3.12,ug.mL-1,Fc1ccccc1/C=N/Nc1ccnc2cc(Cl)ccc12,1
CHEMBL279335,16.0,ug.mL-1,COc1cc(-c2ccccc2)nc2ccccc12,0
CHEMBL1087679,100.0,ug.mL-1,C=CCOc1ccc(/C=C/C(=O)CC(=O)/C=C/c2ccc(O)c(OC)c2)cc1OC,0
CHEMBL2282805,3.125,ug.mL-1,CCN(CC)c1ccc2cc(-c3cn4nc(S(N)(=O)=O)sc4n3)c(=O)oc2c1,1
CHEMBL125487,600.0,ug.mL-1,CN(C)C(=O)N1CCC(C(=O)NN)CC1,0
CHEMBL1762214,25.0,ug.mL-1,COc1cc(/C=C/C(=O)CC(C)=O)ccc1O,0
CHEMBL3091912,5.0,ug.mL-1,O=C(NNC1CCCCC1)c1ccncc1,1
CHEMBL563814,12.5,ug.mL-1,O=C(Cn1ccnc1)NCc1ccccc1,0
CHEMBL3091850,100.0,ug.mL-1,NNC(=O)C(O)(c1ccccc1)c1ccccc1,0
CHEMBL2018949,16.0,ug.mL-1,COc1ccc(NC(=O)C2=C(C)NC(=S)NC2c2cn(-c3ccccc3)nc2-c2ccc(Cl)cc2)cc1,0
CHEMBL5419221,8.0,ug.mL-1,Cc1cc2nc(-c3ccccc3)cc(Nc3cc(C)c(C4CCNCC4)cc3OC(C)C)n2n1,1
CHEMBL5274247,0.44,ug.mL-1,CN(C)CCN1CCN(c2ccc(-c3cc4cc(Br)ccc4nc3OCc3ccc4ccccc4c3)cc2)CC1,1
CHEMBL255658,3.13,ug.mL-1,COC(=O)C[C@@]1(C)C(C(C)(C)C(=O)OC)CC[C@@]2(C)C3=CC[C@@]4(C(=O)O)CCC(C)(C)CC4[C@]3(C)CCC12,1
CHEMBL401638,12.5,ug.mL-1,CCN(CC)CCOc1ccc(C(c2ccccc2)c2ccc(F)cc2)c2ccccc12,0
CHEMBL4103144,30.0,ug.mL-1,CCCCCCCCn1c(SCCCn2cnc3sc4c(c3c2=O)CCCC4)nc(-c2cc(OC)c(OC)c(OC)c2)c(C#N)c1=O,0
CHEMBL2158105,1.56,ug.mL-1,CC1(C)CCc2c(c3ccccc3c3nc(-c4cccc(C(F)(F)F)c4)[nH]c23)O1,1
CHEMBL112108,30.0,ug.mL-1,CC(C)C[C@H](N)C(=O)N(C)[C@@H](C)[C@H](NC(=O)[C@H](Cc1ccccc1)NC(=O)N[C@@H](Cc1c[nH]c2ccccc12)C(=O)O)C(=O)NC[C@H]1C[C@@H](O)[C@H](n2ccc(=O)[nH]c2=O)O1,0
CHEMBL4524170,32.0,ug.mL-1,CCO/N=C1/C(=O)N(Cc2cn(CC(=O)N3CCN(c4cc5c(cc4F)c(=O)c(C(=O)O)cn5C4CC4)CC3)nn2)c2ccccc21,0
CHEMBL5405567,8.0,ug.mL-1,O=C(CNc1ccccc1)NC1CCCCCCC1,1
CHEMBL322846,16.0,ug.mL-1,COc1ccc(-c2c[nH]cc2[N+](=O)[O-])c(Cl)c1,0
CHEMBL4580561,6.25,ug.mL-1,c1ccc(Cn2cc(CN3c4ccccc4Sc4ccccc43)nn2)cc1,1
CHEMBL1652473,1.0,ug.mL-1,CCCCCCCCCC(=O)O[C@@H]1[C@H](OC)[C@@H]([C@@H](CC(N)=O)O[C@H]2OC(C(=O)N[C@H]3CCC[C@@H](C)NC3=O)=C[C@@H](O)[C@H]2O)O[C@H]1n1ccc(=O)[nH]c1=O,1
CHEMBL5434860,25.0,ug.mL-1,O=C(Nc1ncc([N+](=O)[O-])s1)c1ccc(-n2cc(CN3C(=O)C(=O)c4ccccc43)nn2)cc1O,0
CHEMBL4859615,0.016,ug.mL-1,CCCC(=O)OC1CCC(CN2CCN(c3cc(=O)c4cc(C(F)(F)F)cc([N+](=O)[O-])c4s3)CC2)CC1,1
CHEMBL1818393,0.4,ug.mL-1,N#Cc1ccc(NC(=O)NC2C3CC4CC(C3)CC2C4)cc1,1
CHEMBL456480,3.13,ug.mL-1,CCCCCCCCCCCCCCCCOCCCCOP(=O)(O)C[C@@H]1O[C@H](CO)[C@@H](O)[C@@H]1O,1
CHEMBL5598206,64.0,ug.mL-1,CC1=C[C@H]2C[C@@H](C)CC[C@@H]2[C@@](C)(C(=O)C2=C(O)[C@H](CO)N(C)C2=O)[C@H]1/C=C/C=C/C=C/C[C@@H](C)O,0
CHEMBL574073,75.0,ug.mL-1,O=[N+]([O-])c1ccc2[nH]c(/C=C/c3ccccc3)nc2c1,0
CHEMBL4436090,0.43,ug.mL-1,CN(C)CCc1ccc(-c2cc3cc(Br)ccc3nc2OCc2cccc3ccccc23)cc1,1
CHEMBL478907,25.0,ug.mL-1,CCCNC(=O)N1CCN(c2ccc(C3CC(C(=O)OCC)=NO3)cc2)CC1,0
CHEMBL3326719,12.5,ug.mL-1,CC(C)(C)n1nnnc1C(c1ccccc1)N1CCN(C2=NC(=O)/C(=C/c3ccccc3)S2)CC1,0
CHEMBL2059845,2.0,ug.mL-1,O=C(NN1C(=O)CSC1c1cccc([N+](=O)[O-])c1)c1cc(-c2ccc(Cl)cc2)n[nH]1,1
CHEMBL3394243,32.0,ug.mL-1,CCCc1cc2[nH]c(=O)c(C#N)c(-c3ccc(NS(C)(=O)=O)cc3)c2c(C)n1,0
CHEMBL2283360,62.5,ug.mL-1,O=C(CSc1nnc(-c2cc3ccccc3oc2=O)o1)Nc1ccc(Br)cc1,0
CHEMBL3358728,100.0,ug.mL-1,CCN(CC)c1ccc2c(c1)OC1=C(C(=O)CC(C)(C)C1)C2c1c[nH]c2ccccc12,0
CHEMBL274785,102.4,ug.mL-1,CCNCc1cc(Cl)cc([N+](=O)[O-])c1.Cl,0
CHEMBL2035137,1.0,ug.mL-1,Cn1c(=O)n(C)c(=O)n(CCC[S+]([O-])CC(=O)NN)c1=O,1
CHEMBL200496,50.0,ug.mL-1,O=C(NCc1ccc(N2CCS(=O)(=O)CC2)cc1)c1ccc([N+](=O)[O-])o1,0
CHEMBL4786521,1.56,ug.mL-1,O=c1[nH]nc(Cc2coc3cc(Br)ccc23)o1,1
CHEMBL1630915,24.2,ug.mL-1,O=C1Nc2ccccc2[C@]12N1CSC[C@H]1[C@H](c1ccc(Br)cc1)[C@]21Cc2ccccc2C1=O,0
CHEMBL4744901,0.03,ug.mL-1,O=C(NC[C@@H]1OC(=O)N2c3cc(F)c(N4CCSCC4)cc3OC[C@@H]12)C1CC1,1
CHEMBL2397461,12.5,ug.mL-1,O=C(NCc1ccc(Cl)cc1Cl)c1cnc(Cl)cn1,0
CHEMBL14004,256.0,ug.mL-1,CNCc1c(Cl)cccc1Cl.Cl,0
CHEMBL3427218,50.0,ug.mL-1,Cc1cccc(-c2nc3ccccc3c(=O)n2OC(=O)c2cccc(C(F)(F)F)c2)c1,0
CHEMBL4092781,3.125,ug.mL-1,O=C1Oc2ccccc2[C@@]12[C@H](c1ccc(Br)cc1)[C@H]1CSCN1[C@]21C(=O)Nc2ccccc21,1
CHEMBL3900648,16.0,ug.mL-1,NC(=O)c1c(F)ccc(OCC2COc3cc(Cl)c(Cl)cc3O2)c1F,0
CHEMBL2297043,6.25,ug.mL-1,Cc1ccc(-n2cc(/C=N/n3c(-c4ccc(Cl)cc4)nc4ccccc4c3=O)c(-c3ccncc3)n2)cc1,1
CHEMBL3355717,100.0,ug.mL-1,O=C(Nc1ccccc1Cl)c1cnc(NCCCO)cn1,0
CHEMBL1957834,25.0,ug.mL-1,COc1ccc(-c2nc3sc(C(F)(F)F)nn3c2/C=C2\SC(=S)NC2=O)cc1,0
CHEMBL5630442,3.12,ug.mL-1,COc1ccc(Nc2nc(-c3cn(-c4ccc(F)cc4)nc3-c3ccc(F)cc3)cs2)cc1,1
CHEMBL3338542,12.5,ug.mL-1,Clc1ccc2c(N3CCNCC3)noc2c1,0
CHEMBL2441312,12.5,ug.mL-1,c1ccc(COc2ccc(C(C3CC3)n3cnc4ccccc43)cc2)cc1,0
CHEMBL490791,6.25,ug.mL-1,CC1=C(C(=O)Nc2ccc(Cl)cc2)C(c2cccc([N+](=O)[O-])c2)NC(=O)N1,1
CHEMBL1682130,16.0,ug.mL-1,COc1nc([N+](=O)[O-])cn1CC(OCc1ccc(Cl)cc1)c1ccc(F)cc1F,0
CHEMBL4062366,3.125,ug.mL-1,CSc1ccc([C@@H]2CN(C)[C@]3(C(=O)Nc4ccccc43)[C@@]23C(=O)Oc2ccccc23)cc1,1
CHEMBL474320,16.0,ug.mL-1,Cc1c(C(=O)c2ccc(Cl)cc2)c(=O)n(-c2ccc(Cl)cc2)n1Cc1ccccc1,0
CHEMBL5430254,8.0,ug.mL-1,O=C(CN1C(=O)c2cccc3cccc(c23)C1=O)N1CCN(C(=S)Nc2ccc(Cl)cc2)CC1,1
CHEMBL5433212,1.0,ug.mL-1,Cc1cc(C)cc(-c2ncc(Cl)c(Nc3cc(C)c(C4CCNCC4)cc3OC(C)C)n2)c1,1
CHEMBL3314793,16.0,ug.mL-1,C[C@@H]([C@H](NC(=O)[C@H](Cc1ccccc1)NC(=O)N[C@@H](Cc1c[nH]c2ccccc12)C(=O)O)C(=O)N/C=C1/C[C@@H](O)[C@H](n2ccc(=O)[nH]c2=O)O1)N(C)C(=O)C1Cc2cccc(O)c2CN1,0
CHEMBL3338463,100.0,ug.mL-1,COc1ccc(OC)c(NC(=O)CC(=O)NN)c1,0
CHEMBL3120353,25.0,ug.mL-1,COc1ccc2c(COc3cccc(I)c3)cc(=O)oc2c1,0
CHEMBL451386,0.71,ug.mL-1,COc1ccccc1/C=C1\CN(C)C[C@@]2(C1=O)[C@@H](c1ccccc1OC)[C@@H]1CCCN1[C@@]21C(=O)Nc2ccccc21,1
CHEMBL444259,5.0,ug.mL-1,O=C(N/N=C/c1ccccc1Br)c1ccncc1,1
CHEMBL380530,6.25,ug.mL-1,COC(=O)CCSc1nnc(-c2ccc([N+](=O)[O-])o2)s1,1
CHEMBL395112,10.8,ug.mL-1,CN1CCCC(CN2c3ccccc3Sc3cc(F)ccc32)C1,1
CHEMBL4240056,0.468,ug.mL-1,CCC(C)C(=O)N1CCc2cc(CNC(=O)c3cc([N+](=O)[O-])cc([N+](=O)[O-])c3)ccc2C1,1
CHEMBL3398252,0.195,ug.mL-1,O=C(/C=C(\O)C(=O)N1CCN(c2ccc(-n3cccc3)cc2)CC1)c1cc(Cc2cc(F)cc(F)c2)cn(Cc2ccccc2F)c1=O,1
CHEMBL2205110,3.1,ug.mL-1,C=C1C(=O)O[C@H]2[C@H]1[C@@H](OC(=O)/C(C)=C\C)C[C@@]1(C)OC(=CC1=O)C(=C)[C@H]2O,1
CHEMBL3103255,200.0,ug.mL-1,CCOP(=O)(CCCCCN(O)C(C)=O)OCC,0
CHEMBL428572,6.25,ug.mL-1,COC(=O)CSc1nnc(Cc2csc(NCCC(=O)O)n2)n1NC(=O)c1ccccc1,1
CHEMBL550565,12.5,ug.mL-1,CC(C)=CCc1c2c(c(O)c3c1O[C@H](c1ccc(O)cc1O)CC3=O)C=CC(C)(C)O2,0
CHEMBL2347948,0.04,ug.mL-1,Cc1cc(C)c2cc(C(=O)NC3C4CC5CC(C4)CC3C5)[nH]c2c1,1
CHEMBL2023906,8.0,ug.mL-1,CCCCCCCCc1c2[n+](cc3c(OCCCC)c(OC)ccc13)CCc1cc3c(cc1-2)OCO3.[Cl-],1
CHEMBL3893502,62.5,ug.mL-1,NC(=S)N/N=C1\CSC(n2nc(-c3cn(-c4ccccc4)nc3-c3ccc([N+](=O)[O-])cc3)c(O)c2-c2ccc([N+](=O)[O-])cc2)=N1,0
CHEMBL560861,4.0,ug.mL-1,Cc1ccc(CN(C)Cn2nc(-c3ccncc3)oc2=O)cc1,1
CHEMBL1090163,0.195,ug.mL-1,COc1ccc(CCNC(=O)c2c(C)[n+]([O-])c3ccc(Cl)cc3[n+]2[O-])cc1,1
CHEMBL4452151,0.39,ug.mL-1,COc1c(N2C[C@@H]3CCCN(CCN4C(=O)/C(=N\NC(N)=S)c5cc(F)ccc54)[C@@H]3C2)c(F)cc2c(=O)c(C(=O)O)cn(C3CC3)c12,1
CHEMBL5191919,0.25,ug.mL-1,COc1ccc(C(=O)/C=C/c2ccc([N+](=O)[O-])o2)cc1Nc1nc2ccccc2o1,1
CHEMBL4281907,40.0,ug.mL-1,O=C1CCCC(=O)C1=CSc1ccccc1O,0
CHEMBL4082015,5.0,ug.mL-1,O=C(NCC12CC3CC(CC(C3)C1)C2)c1cc2ccccc2[nH]1,1
CHEMBL564441,6.25,ug.mL-1,Fc1cc(F)c2nc(-c3ccc(-n4cncn4)cc3)n(Cc3cccc(C(F)(F)F)c3)c2c1,1
CHEMBL4865869,32.0,ug.mL-1,CS(=O)(=O)NC1CCC(CN2CCN(c3cc(=O)c4cc(C(F)(F)F)cc([N+](=O)[O-])c4s3)CC2)CC1,0
CHEMBL3805580,6.25,ug.mL-1,O=C(O)CNc1ncnc2[nH]cnc12,1
CHEMBL2437128,12.5,ug.mL-1,COc1nc(C)nc(/N=C/c2cccc(Br)c2)n1,0
CHEMBL5206664,0.5,ug.mL-1,COc1ncc(-c2ccccc2)cc1[C@@H](c1ccccc1)[C@@](O)(CCN(C)C)c1cccc(F)c1F,1
CHEMBL4636341,25.0,ug.mL-1,CCCCCCCC[S+]([O-])CC(=O)O,0
CHEMBL1940341,32.0,ug.mL-1,COc1ccc(NC(=O)Cc2cccc(Oc3ccccc3)c2)c(OC)c1,0
CHEMBL549742,32.0,ug.mL-1,O=c1[nH]nc(-c2cccnc2)o1,0
CHEMBL380767,25.0,ug.mL-1,COc1ccc(-c2cc(-c3ccc(O)cc3)nc(N3CCCC3)n2)cc1OC,0
CHEMBL2036042,15.6,ug.mL-1,COc1ccc2[nH]c3ccc(C=O)cc3c2c1,0
CHEMBL234219,4.5,ug.mL-1,CN1CCCC(CN2c3ccccc3Sc3ccc(-c4ccccc4)cc32)C1,1
CHEMBL3126090,2.0,ug.mL-1,CC(=O)NC[C@H]1CN(c2ccc(OC[C@@H]3CN(c4ccccc4)C(=O)O3)c(F)c2)C(=O)O1,1
CHEMBL4280868,64.0,ug.mL-1,Cc1cc(O)c(C(=O)/C=C/c2ccc(O)cc2)c(=O)o1,0
CHEMBL197898,25.0,ug.mL-1,Oc1ccc(-c2cc(-c3ccccc3)nc(N3CCCC3)n2)cc1,0
CHEMBL373215,25.0,ug.mL-1,COc1ccc(-c2cc(-c3ccc(O)cc3)nc(N3CCN(C)CC3)n2)cc1,0
CHEMBL457476,8.0,ug.mL-1,Clc1ccc(C2=NN[C@H](c3ccc(Cl)cc3Cl)[C@H]2n2ccnc2)c(Cl)c1,1
CHEMBL4855871,6.3,ug.mL-1,CO[C@H]1CC=C2C(=O)c3c(cc(C)c(-c4c(C)cc5c(c4O)C(=O)C4=CC[C@H](OC)[C@H](OC(C)=O)[C@]4(C)O5)c3O)O[C@@]2(C)[C@@H]1O,1
CHEMBL572492,50.0,ug.mL-1,CCOC(=O)C1=C(Nc2ccccc2)N=C(c2ccccc2)N2CCN=C12,0
CHEMBL4591530,3.1,ug.mL-1,Cc1ccc(CC2CCOC3(CCN(C(=O)c4ccc([N+](=O)[O-])o4)CC3)C2)cc1,1
CHEMBL81001,128.0,ug.mL-1,[O-][S+](CC1NC(CO)C(O)C1O)c1ccccc1,0
CHEMBL512155,50.0,ug.mL-1,COc1cc2c(cc1O)-c1cc(O)c(OC)c(OC)c1C=CC2,0
CHEMBL2164529,12.5,ug.mL-1,C[C@]12CC[C@H]3[C@](CC[C@@H]4[C@]3(C)CCC[C@]4(C)C(=O)O)(C[C@@H]1OC(=O)CCCCCCC(=O)O[C@@H]1C[C@]34CC[C@H]5[C@@](C)(CCC[C@@]5(C)C(=O)O)[C@@H]3CC[C@@]1(C)C4)C2,0
CHEMBL5612370,0.93,ug.mL-1,CC(=O)NC[C@@H]1OC(=O)N2Cc3c(cc(F)c(-c4ccc(C(C)=O)cc4)c3F)O[C@@H]12,1
CHEMBL2282058,250.0,ug.mL-1,Cc1ccc(N2C(=O)C(Cl)C2c2cc3ccccc3nc2S)cc1,0
CHEMBL537018,3.13,ug.mL-1,C=CCNC(=O)C(CCCC)N(CC=C)C(=O)c1cccnc1.Cl,1
CHEMBL4525537,0.156,ug.mL-1,CN(C)c1ccc(C2C(Cl)C(=O)N2NC(=O)Cn2nnnc2-c2ccccc2)cc1,1
CHEMBL514296,0.78,ug.mL-1,COc1ccc2c(c1)[n+]([O-])c(C#N)c(-c1ccc(Cl)cc1)[n+]2[O-],1
CHEMBL5185337,2.7,ug.mL-1,COc1nc(C(C)(C)C)ccc1[C@@H](c1ccccc1)[C@@](O)(CCN(C)C)c1cccc2ccccc12,1
CHEMBL1210655,12.5,ug.mL-1,CCCCNc1cc(-c2cc(OC)c(OC)c(OC)c2)nc(N)n1,0
CHEMBL4224846,0.948,ug.mL-1,CC(C)(C)C(=O)N1CCN(Cc2ccc([N+](=O)[O-])o2)CC1,1
CHEMBL1802154,50.0,ug.mL-1,C/C=C(\C)C(=O)C1=C2C3=COC(/C=C/[C@@H](C)CC)=CC3=C(Cl)C(=O)[C@@]2(C)OC1=O,0
CHEMBL4740187,50.0,ug.mL-1,CC(=O)OC[C@]12CC[C@H](O)C(C)(C)[C@@H]1CCC1=C2CC[C@]2(C)[C@@H]([C@H](C)[C@H](C/C=C(/C)C(=O)O)OC(C)=O)CC[C@@]12C,0
CHEMBL268730,51.2,ug.mL-1,CCCNCc1ccccc1.Cl,0
CHEMBL2392761,0.78,ug.mL-1,O=C(Nc1cc(C(F)(F)F)no1)NC12CC3CC(CC(C3)C1)C2,1
CHEMBL577950,125.0,ug.mL-1,C/C(=N/NC(=O)c1nc(C(C)C)cs1)c1ccc(C)cc1,0
CHEMBL3091832,12.0,ug.mL-1,NNC(=O)c1ccc(Br)o1,1
CHEMBL4876224,1.0,ug.mL-1,O=c1nc(N2CCN(NS(=O)(=O)C3CCCCC3)CC2)sc2c([N+](=O)[O-])cc(C(F)(F)F)cc12,1
CHEMBL2441292,25.0,ug.mL-1,C(=C/c1ccc(OCc2ccccc2)cc1)\CCSc1nc2ccccc2[nH]1,0
CHEMBL4862970,625.0,ug.mL-1,Cc1ccc(C2SC=C3SC(N4C(=O)CSC4c4ccccc4)=NN32)cc1,0
CHEMBL4168493,0.05,ug.mL-1,CO/N=C1/C(=O)N(CCCn2cc(CN3CCC[C@@H]4CN(c5c(F)cc6c(=O)c(C(=O)O)cn(C7CC7)c6c5OC)C[C@@H]43)nn2)c2ccc(F)cc21,1
CHEMBL5274313,9.08,ug.mL-1,CCOC(=O)c1ccsc1NC(=O)[C@@H]1CCCN1,1
CHEMBL4443174,50.0,ug.mL-1,CC(C)=CCC/C(C)=C/C[n+]1cn(C)c2nc[nH]/c(=N\O)c21.[Br-],0
CHEMBL243438,6.25,ug.mL-1,O=C(CCl)NNC(=O)CSc1nnc(Cc2csc(NC(=O)CCl)n2)n1NC(=O)c1ccccc1,1
CHEMBL3099183,25.0,ug.mL-1,C/C(=N\NC(=O)COc1ccccc1Cl)c1ccc(-n2cccc2)cc1,0
CHEMBL3099150,25.0,ug.mL-1,C/C(=N\NC(=O)c1ccc(Br)cc1)c1ccc(-n2c(C)ccc2C)cc1,0
CHEMBL5187120,9.861,ug.mL-1,O=C(NCc1nnc(-c2ccc(OC(F)(F)F)cc2)o1)c1ccc([N+](=O)[O-])o1,1
CHEMBL174,12.5,ug.mL-1,CC1(C)S[C@@H]2[C@H](NC(=O)[C@H](N)c3ccccc3)C(=O)N2[C@H]1C(=O)O,0
CHEMBL2281662,6.25,ug.mL-1,CC1CC(C)CN(c2nc(-c3ccc(NCC(=O)Nc4nc5ccc(Cl)cc5s4)cc3)nc(N3CC(C)CC(C)C3)n2)C1,1
CHEMBL1797669,1.56,ug.mL-1,O=C(/C=C/c1ccc2c(c1)OCO2)C[C@@H]1O[C@H](CO)[C@H](O)[C@H](O)[C@H]1O,1
CHEMBL4079504,0.31,ug.mL-1,Cc1cc(C)c2cc(C(=O)N[C@H]3CC[C@H](C)CC3)[nH]c2c1,1
CHEMBL4228323,0.78,ug.mL-1,Cn1c2ccccc2c2cc(-c3csc(NC(=O)/C=C/c4ccc(Br)cc4)n3)ccc21,1
CHEMBL112583,6.25,ug.mL-1,CCCCCCCC[S+]([O-])CC(=O)OCc1ccccc1,1
CHEMBL1077692,3.9,ug.mL-1,N=C1NC[C@H](Cc2ccccc2)N1CC1CCCN1C[C@H](Cc1ccccc1)N1C[C@H](Cc2ccccc2)N(CCC2CCCCC2)C1=N,1
CHEMBL4522285,4.0,ug.mL-1,CC(c1ccc(F)cc1)n1ccn2cc([N+](=O)[O-])nc2c1=O,1
CHEMBL4476147,12.5,ug.mL-1,ClC1=C(CN2CCN(Cc3ccc(Cl)cc3)CC2)CCc2nc(-c3cccs3)ccc21,0
CHEMBL3747018,3.13,ug.mL-1,O=C1COCCN1c1ccc(CO[C@@H]2COc3nc([N+](=O)[O-])cn3C2)cn1,1
CHEMBL2018942,16.0,ug.mL-1,CC1=C(C(=O)Nc2ccc([N+](=O)[O-])cc2)C(c2cn(-c3ccccc3)nc2-c2ccccc2)NC(=O)N1,0
CHEMBL3319181,3.125,ug.mL-1,Nc1nc(-c2ccc(CCN3CCN(CCCN4CCN(c5ccccc5)CC4)CC3)cc2)cs1,1
CHEMBL1290305,6.25,ug.mL-1,CN(C)CCCNc1ccc(C(=O)C2CC2c2ccc(Cl)cc2)cc1,1
CHEMBL3417126,3.125,ug.mL-1,Cc1ccc(-c2nc3sc(C)nn3c2-c2nc3ccccc3[nH]2)cc1,1
CHEMBL288372,56.0,ug.mL-1,CC(C)(C)C(=O)OCn1c(-c2cnccn2)noc1=O,0
CHEMBL4634608,50.0,ug.mL-1,COCC(=O)Nc1c(C(=O)OC)n(CCC(C)C)c2ncc(N[C@@H](C)C(C)(C)O)cc12,0
CHEMBL3310576,7.3,ug.mL-1,O=C(NNC(=S)NCc1ccccc1)c1cc([N+](=O)[O-])c[nH]1,1
CHEMBL4557728,0.39,ug.mL-1,COc1c(N2C[C@@H]3CCCN(CN4C(=O)/C(=N\O)c5cc(F)ccc54)[C@@H]3C2)c(F)cc2c(=O)c(C(=O)O)cn(C3CC3)c12,1
CHEMBL4864015,0.473,ug.mL-1,O=C(NN1CCN(c2nc(=O)c3cc(C(F)(F)F)cc([N+](=O)[O-])c3s2)CC1)C1CCCCC1,1
CHEMBL1796143,25.0,ug.mL-1,CC(=O)O[C@H]1[C@@H]2[C@@H](OC(=O)c3ccccc3)[C@@]3(OC2(C)C)[C@](C)([C@H]1OC(=O)c1ccccc1)[C@@H](OC(C)=O)[C@@H](O)C[C@]3(C)O,0
CHEMBL25,33.0,ug.mL-1,CC(=O)Oc1ccccc1C(=O)O,0
CHEMBL13991,51.2,ug.mL-1,CNCc1cccc(C#N)c1.Cl,0
CHEMBL3338458,100.0,ug.mL-1,NNC(=O)CC(=O)Nc1cccc([N+](=O)[O-])c1,0
CHEMBL3794100,250.0,ug.mL-1,COc1ccc2c(c1)cc(/C=C1\SC(=S)N(CCC(=O)O)C1=O)c1nnnn12,0
CHEMBL2206813,25.0,ug.mL-1,COc1ccc2c(c1)C(=O)/C(=C/c1ccc3oc4ccccc4c3c1)CO2,0
CHEMBL3126091,0.25,ug.mL-1,CC(=O)NC[C@H]1CN(c2ccc(OC[C@H]3CN(c4ccccc4)C(=O)O3)c(F)c2)C(=O)O1,1
CHEMBL4855280,0.5892,ug.mL-1,O=C(NN1CCN(c2nc(=O)c3cc(C(F)(F)F)cc([N+](=O)[O-])c3s2)CC1)c1ccc(C(F)(F)F)cc1,1
CHEMBL295702,12.5,ug.mL-1,S/C(=N\C1CCCCC1)Nc1ccc(-c2nnc(S)n2-c2ccccc2)cc1,0
CHEMBL4514125,34.0,ug.mL-1,Cc1ccc(C(C)NC(=O)c2nc(C(C)C)sc2-c2ccc(C#N)cc2)cc1,0
CHEMBL1079718,2.0,ug.mL-1,CC(C)(C)C1CCC(CN2CCN([C@@H](Cc3ccccc3)CN3CCCC3CN3CCNC[C@@H]3Cc3ccccc3)C[C@@H]2Cc2ccccc2)CC1,1
CHEMBL4093815,0.05,ug.mL-1,C[C@@H]1[C@H]2C[C@@H](C[C@H]1NC(=O)c1cc3ccccc3[nH]1)C2(C)C,1
CHEMBL80276,128.0,ug.mL-1,OCC1NC(CSc2ccc3ccccc3c2)C(O)C1O,0
CHEMBL5277273,12.5,ug.mL-1,CCCC(=O)Nc1nc2cc(C3=NN(C(C)=O)C(c4cccs4)C3)ccc2o1,0
CHEMBL447570,10.0,ug.mL-1,CO[C@H]1/C=C/O[C@@]2(C)Oc3c(C)c(O)c4c(c3C2=O)C2=NC3(CC[N+]([O-])(CC(C)C)CC3)NC2=C(NC(=O)/C(C)=C\C=C\[C@H](C)[C@H](O)[C@@H](C)[C@@H](O)[C@@H](C)[C@H](O)[C@@H]1C)C4=O,1
CHEMBL5629947,2.2,ug.mL-1,O=c1ccc2ccc(OCc3cn(Cc4ccc(Oc5ccccc5O)cc4)nn3)cc2o1,1
CHEMBL1276538,250.0,ug.mL-1,COc1ccc(C2C(C#N)=C(N)Oc3cc(O)ccc32)cc1,0
CHEMBL5172684,0.22,ug.mL-1,COc1nc(-c2ccc(Br)cc2)ccc1[C@@H](c1ccccc1)[C@@](O)(CCN(C)C)c1cccc2ccccc12,1
CHEMBL4764450,12.5,ug.mL-1,O=C(Nc1ccc(-c2csc(N/C=C\c3ccc(F)cc3)n2)cc1)c1ccccc1,0
CHEMBL4289303,50.0,ug.mL-1,Oc1cccc(Cc2ccccc2)c1,0
CHEMBL4850203,0.12,ug.mL-1,COC(=O)c1cc(-c2cccc(NC(=O)c3ccc(/C=C/C(=O)c4ccc(F)cc4F)cc3)c2)on1,1
CHEMBL2147096,400.0,ug.mL-1,O=[N+]([O-])c1ccc(C2=NOC(c3ccc(N4CC[S+]([O-])CC4)cc3)C2)o1,0
CHEMBL4175337,64.0,ug.mL-1,COc1cc(NC(C)CCCNC(=O)/C=C/c2ccc3c(c2)OCO3)c2ncccc2c1,0
CHEMBL4090981,0.04,ug.mL-1,C[C@]12CC[C@@H](O)C[C@@H]1CC[C@@H]1[C@@H]2CC[C@]2(C)/C(=N/NC(=O)c3ccncc3)CC[C@@H]12,1
CHEMBL13706,179.2,ug.mL-1,Cl.NCc1cccc(I)c1,0
CHEMBL43829,4.0,ug.mL-1,O=C(O)/C=C/C(=O)c1ccc(-c2ccccc2)cc1,1
CHEMBL5414203,0.12,ug.mL-1,CCOC(=O)Cc1csc(N2C(=O)CSC2c2ccc(OC)cc2)n1,1
CHEMBL248084,0.2,ug.mL-1,COc1ccc(Cn2cnc3c(-c4ccco4)nc(C)nc32)cc1,1
CHEMBL3417601,1.24,ug.mL-1,Fc1ccccc1C(c1ccc(OCCN2CCCCC2)cc1)c1cccs1,1
CHEMBL2347790,0.5,ug.mL-1,O=C1c2cc(Cl)ccc2-n2c1nc1cc(F)ccc1c2=O,1
CHEMBL5597684,25.0,ug.mL-1,CCCc1cc(-c2nc(C)c(C(=O)OCc3cn(-c4ccc(Br)cc4)nn3)s2)ccn1,0
CHEMBL183233,16.0,ug.mL-1,O=C(CN(/N=C/c1ccc(Cl)cc1Cl)C(=O)c1ccncc1)N1CCN(c2cccc(Cl)c2)CC1,0
CHEMBL4246107,0.974,ug.mL-1,O=C(NCc1ccc2c(c1)CCN(C(=O)c1ccccc1)C2)c1cc([N+](=O)[O-])cc([N+](=O)[O-])c1,1
CHEMBL5172856,32.0,ug.mL-1,O=c1nc(SCc2cn(-c3cccc([N+](=O)[O-])c3)nn2)sc2c([N+](=O)[O-])cc(Cl)cc12,0
CHEMBL2283342,200.0,ug.mL-1,N#Cc1ccc(NC(=O)CSc2nnc(-c3cc4ccccc4oc3=O)o2)cc1,0
CHEMBL512585,6.25,ug.mL-1,Cl.O=C1/C(=C/c2ccc(Cl)cc2)CNC/C1=C\c1ccc(Cl)cc1,1
CHEMBL388360,8.0,ug.mL-1,Clc1ccc(-n2nnnc2SCc2ccccc2)cc1,1
CHEMBL5279108,0.57,ug.mL-1,O=C(NN1C(=O)C(Cl)C1c1cccc(Cl)c1)c1cc(O)c(O)c(O)c1,1
CHEMBL1269433,100.0,ug.mL-1,COC(=O)/C=C1\Nc2ccccc2NC1=O,0
CHEMBL5220508,1.56,ug.mL-1,COc1ccc(Cn2cc(COCc3c(-c4ccc(OC)cc4)nc4ccccn34)nn2)cc1,1
CHEMBL213108,2.0,ug.mL-1,Cc1cccc(-c2cc(CN3CCSCC3)c(C)n2-c2ccc(F)cc2)c1,1
CHEMBL4103502,64.0,ug.mL-1,CSc1ccc2c(c1)N(CCCN1CCSCC1)c1ccccc1S2,0
CHEMBL179667,16.0,ug.mL-1,O=C(CN(/N=C/c1ccc(Cl)cc1Cl)C(=O)c1ccncc1)N1CCN(c2ccc(F)cc2)CC1,0
CHEMBL2338609,6.25,ug.mL-1,CC(C)c1ccc(NCC(O)COc2ccc3c(c2)OC2(CCCC2)CC3=O)cc1,1
CHEMBL1796010,25.0,ug.mL-1,CC(=O)O[C@H]1[C@@H]2[C@@H](OC(C)=O)[C@@]3(OC2(C)C)[C@@](C)([C@@H](OC(C)=O)CC[C@]3(C)O)[C@H]1O,0
CHEMBL2282077,62.5,ug.mL-1,O=C1CSC(c2cc3ccccc3nc2S)N1c1ccc(F)cc1,0
CHEMBL410849,200.0,ug.mL-1,C/C(O)=C1\C(=O)[C@@H](Cc2ccccc2)N(Cc2ccccc2)C1=O,0
CHEMBL5091806,6.07,ug.mL-1,Clc1ccc2c(CNC3C4CC5CC(C4)CC3C5)c[nH]c2c1,1
CHEMBL5202774,0.037,ug.mL-1,O=C(Nc1nnc(-c2cccnc2)o1)c1ccc([N+](=O)[O-])o1,1
CHEMBL3884818,8.0,ug.mL-1,Fc1ccc(C2=Nn3c(nnc3-c3ccc(Br)cc3)SC2)cc1,1
CHEMBL3823252,50.0,ug.mL-1,O=C(Cn1cc(CCc2ccccc2)nn1)Nc1nc(-c2ccc3oc4ccccc4c3c2)cs1,0
CHEMBL476856,3.125,ug.mL-1,CCOC(=O)C1=NOC(c2ccc(-c3noc(-c4ccccc4)n3)cc2)C1,1
CHEMBL3797586,32.0,ug.mL-1,CCO/N=C1\CN(c2nc3c(cc2F)c(=O)c(C(=O)O)cn3-c2nc(N)c(F)cc2F)[C@@H]1CN,0
CHEMBL3417029,12.5,ug.mL-1,COc1ccc(-c2nc3sc(C)nn3c2-c2nc3cc([N+](=O)[O-])ccc3[nH]2)cc1,0
CHEMBL271027,12.5,ug.mL-1,Clc1ccc(C(c2ccc(OCCN3CCOCC3)cc2)c2cccs2)cc1,0
CHEMBL4567947,4.0,ug.mL-1,CCOC(=O)c1c(-c2ccccc2)oc2ccc(OCCCN3C(=O)C(=O)c4ccccc43)cc12,1
CHEMBL1946520,1.0,ug.mL-1,Nc1nc(COC(=O)C2(c3ccc(Cl)cc3)CC2)cs1,1
CHEMBL2282531,200.0,ug.mL-1,Nc1nc(-c2ccc(Cl)cc2)cc(-c2ccc(Nc3cc(=O)oc4ccccc34)cc2)n1,0
CHEMBL5289448,3.12,ug.mL-1,O=C(NN1C(=O)CSC1c1ccc([N+](=O)[O-])cc1)c1ccc(NCN2c3ccccc3Sc3ccccc32)cc1,1
CHEMBL513918,50.0,ug.mL-1,C=C1CC[C@@H]2[C@](C)(COC(C)=O)CCC[C@@]2(CO)[C@@H]1CCc1ccoc1,0
CHEMBL3806171,12.5,ug.mL-1,CC(=O)Nc1nc(N[C@@H](CC(=O)OC(C)(C)C)C(=O)OC(C)(C)C)c2nc[nH]c2n1,0
CHEMBL395770,12.5,ug.mL-1,COc1c2ccoc2cc2oc(-c3ccccc3)cc(=O)c12,0
CHEMBL180793,16.0,ug.mL-1,CC1=C(OCCCCN2CCN(C)CC2)C(C)SC1=O,0
CHEMBL462427,64.0,ug.mL-1,C[C@H]([C@@H]1CC[C@H](C)[C@@H](O)O1)[C@H]1CC[C@@]2(C)C3=C(CC[C@]12C)[C@@]1(C)CC[C@H](O)C(C)(C)[C@@H]1CC3,0
CHEMBL234341,6.25,ug.mL-1,NNC(=O)CSc1nnc(Cc2csc(NCCC(=O)O)n2)n1NC(=O)c1cccc([N+](=O)[O-])c1,1
CHEMBL2297357,1.0,ug.mL-1,CC(C)c1csc(-c2nnc(S(=O)(=O)Cc3ccc(OC(F)(F)F)cc3)n2-c2ccccc2)n1,1
CHEMBL3105650,100.0,ug.mL-1,CCCNc1cncc(C(N)=O)n1,0
CHEMBL174227,12.8,ug.mL-1,c1ccc2cc(Sc3[nH]cnc4ncnc3-4)ccc2c1,0
CHEMBL4292243,64.0,ug.mL-1,Cc1ccc(-n2cc(COc3cccc(-n4c(C)nc5ccccc5c4=O)c3)nn2)cc1[N+](=O)[O-],0
CHEMBL527070,6.25,ug.mL-1,CN1C[C@H](c2ccccc2Cl)[C@]2(CCC/C(=C\c3ccccc3Cl)C2=O)[C@]12C(=O)c1cccc3cccc2c13,1
CHEMBL560109,10.4,ug.mL-1,O[C@@H](COc1ccc(F)cc1)CN1CCC(O)(c2ccc(Cl)c(C(F)(F)F)c2)CC1,1
CHEMBL1927994,25.0,ug.mL-1,S=c1[nH]nc(CCC2CCCCC2)o1,0
CHEMBL1182273,4.0,ug.mL-1,c1cc2c[n+](c1)CCCCCCCCCCCCCc1ccc[n+](c1)CCCCCCCCCCCC2,1
CHEMBL514073,0.3,ug.mL-1,O=C(COc1cnccn1)N/N=c1\scc(-c2ccc(Br)cc2)n1-c1ccc(Cl)cc1[N+](=O)[O-],1
CHEMBL116222,1.0,ug.mL-1,O=C(OCc1ccccc1)c1cnccn1,1
CHEMBL2338612,25.0,ug.mL-1,O=C1CC2(CCCC2)Oc2cc(OCC(O)CN3CCOCC3)ccc21,0
CHEMBL5078602,17.14,ug.mL-1,Clc1ccc2c(CNC3CCCCCC3)c[nH]c2c1,0
CHEMBL3895821,0.016,ug.mL-1,Cn1c(NCCc2ccc(-c3ccc(F)cc3)cc2)nc2cc(Cl)ccc2c1=O,1
CHEMBL4560498,2.524,ug.mL-1,Cc1nc2cccc(Cl)n2c1C(=O)NCCOc1ccc(Br)cc1,1
CHEMBL158997,0.05,ug.mL-1,O=C(N/N=C/c1ccccc1F)c1ccncc1,1
CHEMBL2426712,12.5,ug.mL-1,Cc1cccc(-c2cc3c(ccc4oc5ccccc5c43)o2)c1,0
CHEMBL1783342,12.5,ug.mL-1,CC(C)CCO[C@H]1O[C@H](COC(=O)C(C)(C)C)C(=O)[C@@H]2O[C@H]12,0
CHEMBL424977,4.0,ug.mL-1,O=C(CN(/N=C/c1ccccc1Cl)C(=O)c1ccncc1)N1CCN(Cc2ccc3c(c2)OCO3)CC1,1
CHEMBL4086725,30.0,ug.mL-1,CCCCCCCCCCCn1c(SCCCn2cnc3sc4c(c3c2=O)CCCC4)nc(-c2cc(OC)c(OC)c(OC)c2)c(C#N)c1=O,0
CHEMBL3326721,1.56,ug.mL-1,CC(C)(C)n1nnnc1C(c1ccc(F)cc1)N1CCN(C2=NC(=O)/C(=C/c3ccccc3)S2)CC1,1
CHEMBL3745904,0.8,ug.mL-1,Cc1ccc(C)n1-c1ccccc1NC(=S)Nc1ccccc1F,1
CHEMBL5273302,3.0,ug.mL-1,C=C1CCCC(C)(C)[C@H]1CC/C(C)=C/CC/C(C)=C/C[n+]1cn(C)c2nc[nH]/c(=N\OC)c21.[Cl-],1
CHEMBL52229,32.0,ug.mL-1,COc1ccc2ccc(=O)oc2c1CC=C(C)C,0
CHEMBL5624795,0.8,ug.mL-1,Cc1ccc(-c2nn(-c3ccccc3)cc2-c2csc(Nc3ccc(Cl)cc3)n2)cc1,1
CHEMBL5220039,1.56,ug.mL-1,O=C1Nc2ccccc2/C1=N\OCc1cn(Cc2ccc(C(F)(F)F)cc2)nn1,1
CHEMBL3805452,12.5,ug.mL-1,O=[N+]([O-])c1ccc(-c2cn(C(CN3CCN(CCO)CC3)c3ccc4sc5ccccc5c4c3)nn2)cc1,0
CHEMBL14013,204.8,ug.mL-1,CCNCc1ccccc1.Cl,0
CHEMBL4065292,11.7,ug.mL-1,COc1cc(-c2nc(SCCCn3cnc4sc5c(c4c3=O)CCCC5)n(CCC(F)(F)C(F)(F)C(F)(F)C(F)(F)C(F)(F)C(F)(F)F)c(=O)c2C#N)cc(OC)c1OC,1
CHEMBL4570976,1.141,ug.mL-1,CCCc1nc2ccc(F)cn2c1C(=O)NCCOc1ccc(Cl)cc1,1
CHEMBL3358781,6.5,ug.mL-1,Brc1ccc2[nH]c(-c3cc(-c4ccccc4)ccn3)nc2c1,1
CHEMBL3785840,50.0,ug.mL-1,CO[C@@H]1C[C@H]2C(C)(C)[C@@H](OC(C)=O)CC[C@]2(C)C2=C1[C@]1(C)[C@@H](O)C[C@H]([C@H](C)CC/C=C(\C)C(=O)O)[C@@]1(C)CC2,0
CHEMBL911,3.12,ug.mL-1,Cc1ccc(-c2nc3ccc(C)cn3c2CC(=O)N(C)C)cc1,1
CHEMBL4464356,32.0,ug.mL-1,Clc1ccc2c(N3CCN(Cc4noc(C5CCCC5)n4)CC3)ccnc2c1,0
CHEMBL1243195,25.0,ug.mL-1,Cc1ccc(-c2nnc(-c3cccnc3)n2Nc2nc3c(Cl)cccc3s2)cc1,0
CHEMBL1241541,7.5,ug.mL-1,O=C(c1ccncc1)N1N=C(c2cc3ccccc3o2)CC1c1cccc([N+](=O)[O-])c1,1
CHEMBL2281833,0.59,ug.mL-1,CC1CCC(O)(c2nnc(-c3ccncc3)[nH]2)CC1,1
CHEMBL2418884,100.0,ug.mL-1,Cc1c(F)cccc1S(=O)(=O)n1c(COc2ccc([N+](=O)[O-])cc2)nc2cc(Br)ccc21,0
CHEMBL3085856,32.0,ug.mL-1,COc1cccc(OC)c1-c1nnc(-c2cc([N+](=O)[O-])cn2C)o1,0
CHEMBL275553,6.25,ug.mL-1,Cc1cc(C2CCCCC2)nc2c(C3CCCCC3)cccc12,1
CHEMBL5398691,32.0,ug.mL-1,COc1ccc(NC(=S)Nc2ccc(-n3ccc(-c4ccc(OC)c(OC)c4)n3)cc2)c(OC)c1,0
CHEMBL258020,2.0,ug.mL-1,O[C@@H]1CCCN2CC[C@@H]1O[C@@]13CC[C@@H](OC[C@]45CN6CCCC/C=C\CC[C@](O)(C=C(c7nccc8c7[nH]c7ccccc78)[C@@H]4CC6)[C@H]25)[C@@H](O)CCN1[C@@H]1[C@]2(CN4CCCC/C=C\CC[C@]1(O)C=C(c1nccc5c1[nH]c1ccccc15)[C@@H]2CC4)C3,1
CHEMBL400027,20.0,ug.mL-1,CC1CN(CCCN2c3ccccc3Sc3ccc(C(F)(F)F)cc32)CC(C)O1,0
CHEMBL5597154,2.0,ug.mL-1,CCCSc1nc2c(c(=O)[nH]1)C(c1ccc(OC(C)C)cc1)CC(=O)N2,1
CHEMBL504966,12.5,ug.mL-1,CNc1ccccc1C(=O)O[C@@H]1[C@@H](C)[C@]2(O)[C@@H]3C=C(C)C(=O)[C@H]3[C@H](O)C(CO)=C[C@H]2[C@@H]2C(C)(C)[C@]12OC(C)=O,0
CHEMBL3822494,12.5,ug.mL-1,O=C(Cn1cc(C2(O)CCCC2)nn1)Nc1nc(-c2ccc3oc4ccccc4c3c2)cs1,0
CHEMBL2431660,15.4,ug.mL-1,CC1=C[C@@]2(C)C(=C(C)[C@H]3[C@H]4C[C@@H](C)C[C@@H](C)[C@@H]4[C@@H]4Oc5ccc(cc5)C[C@H]5C(=O)NC(=O)[C@@H]5C(=O)[C@H]2[C@H]43)[C@H]1C,0
CHEMBL3319198,6.25,ug.mL-1,Nc1nc(-c2ccc(CCN3CCN(CCCCCN4CCN(c5ccc([N+](=O)[O-])cc5)CC4)CC3)cc2)cs1,1
CHEMBL3746371,25.0,ug.mL-1,O=C(/C=C/c1ccc(Cl)cc1Cl)c1ccc(-n2cccc2)cc1,0
CHEMBL374837,1.56,ug.mL-1,CC(=O)OC[C@H]1O[C@H](OC(C)C)C=C([C@H](O)c2ccc([N+](=O)[O-])cc2)C1=O,1
CHEMBL1807575,6.25,ug.mL-1,Nc1nc2c(c(-c3ccccc3)n1)CCC/C2=C\c1ccccc1,1
CHEMBL4096741,10.0,ug.mL-1,C=C1C[C@]23CC[C@@H]4[C@](C)(CCC[C@@]4(C)C(=O)NNc4cccnc4)[C@H]2CC[C@]1(O[C@@H]1O[C@H](COC(C)=O)[C@@H](OC(C)=O)[C@H](OC(C)=O)[C@H]1O[C@@H]1O[C@H](COC(C)=O)[C@@H](OC(C)=O)[C@H](OC(C)=O)[C@H]1O)C3,1
CHEMBL214749,6.25,ug.mL-1,CCCCCCNc1c2c(nc3ccccc13)CCCC2,1
CHEMBL3249255,10.0,ug.mL-1,C[N+](C)(CCCCCCCOc1c(Br)cc(Br)cc1Br)Cc1ccc([N+](=O)[O-])o1.[Br-],1
CHEMBL1808707,6.25,ug.mL-1,O=C1Nc2c(cccc2[N+](=O)[O-])C(=O)/C1=N/Nc1cccc(Cl)c1,1
CHEMBL3249266,100.0,ug.mL-1,C[N+](C)(CCCCCCCCCCCCOc1c(Br)cc(Br)cc1Br)Cc1ccc([N+](=O)[O-])o1.[Br-],0
CHEMBL4285926,80.0,ug.mL-1,CC1(C)CC(=O)C(=CNc2ccc([N+](=O)[O-])cc2F)C(=O)C1,0
CHEMBL4279199,100.0,ug.mL-1,O=C(Nc1nc(-c2ccccc2)cs1)c1cnc(Cl)cn1,0
CHEMBL1802117,0.39,ug.mL-1,CC(C)(C)OC(=O)N1CCC[C@H]1C(=O)O/N=C1\c2ccccc2-c2c1c(-n1ccnc1)nc1ccc(Br)cc21,1
CHEMBL472720,0.2,ug.mL-1,Cc1ccc2c(c1)[n+]([O-])c(C#N)c(-c1ccc(F)cc1)[n+]2[O-],1
CHEMBL575445,5.0,ug.mL-1,CCOC(=O)C1=C(Nc2ccc(F)cc2)N=CN2CCN=C12,1
CHEMBL5432425,0.78,ug.mL-1,CCCSc1nc(Cl)c(C#N)c(-c2cccc(F)c2)n1,1
CHEMBL5436694,8.0,ug.mL-1,O=C(Nc1ccc(Cl)cc1)N1CCN(CCN2C(=O)c3cccc4cccc(c34)C2=O)CC1,1
CHEMBL4096789,25.0,ug.mL-1,Nc1cccc(C(=O)NNC(=O)c2ccc(-n3cccc3)cc2)c1,0
CHEMBL5434907,0.5,ug.mL-1,Cc1cc(Nc2nc(Nc3cccc(F)c3)ncc2Cl)c(OC(C)C)cc1C1CCNCC1,1
CHEMBL2204383,8.0,ug.mL-1,C/C=C(C)/C=C(\C)C(O)C(C)[C@H](O)[C@@H](O)[C@H]1C/C=C\C=C\[C@H](O)C[C@@H](O)[C@H](C)c2nc(cs2)/C=C(\CCCCCC)C(=O)O1,1
CHEMBL4520125,0.39,ug.mL-1,COc1c(N2C[C@@H]3CCCN(CN4C(=O)/C(=N\NC(N)=S)c5ccccc54)[C@@H]3C2)c(F)cc2c(=O)c(C(=O)O)cn(C3CC3)c12,1
CHEMBL3357541,50.0,ug.mL-1,C=CCOc1ccc(/C=C/C(=O)c2ccc(O)cc2O)cc1,0
CHEMBL286096,0.25,ug.mL-1,COC1/C=C/OC2(C)Oc3c(C)c(O)c4c(O)c(c5sc(N6CCCCC6)nc5c4c3C2=O)N(C)C(=O)/C(C)=C\C=C\C(C)C(O)C(C)C(O)C(C)C(OC(C)=O)C1C,1
CHEMBL4281052,5.0,ug.mL-1,O=C(Nc1cc(O)cc(Cc2ccccc2)c1)c1ccc(Cl)cc1Cl,1
CHEMBL1822990,3.12,ug.mL-1,O=C(/C=C/c1ccc(OCc2ccc(Cl)cc2Cl)cc1)c1ccc(-n2ccnc2)cc1,1
CHEMBL5192523,10.0,ug.mL-1,N=C(N)NCCCC(=O)c1ccc(F)cc1,1
CHEMBL3417597,5.18,ug.mL-1,Clc1cccc(C(c2ccc(OCCN3CCOCC3)cc2)c2cccs2)c1,1
CHEMBL5272050,2.0,ug.mL-1,CCCCC/C=C\C/C=C\CCCCc1cc(=O)c2ccccc2n1C,1
CHEMBL399678,4.0,ug.mL-1,CN1C(NNC(=O)c2ccc([N+](=O)[O-])o2)=NS(=O)(=O)c2cc(Cl)ccc21,1
CHEMBL1783336,6.25,ug.mL-1,Cc1ccc(S(=O)(=O)OC[C@H]2O[C@H](OC(C)C)C=C([C@H](O)c3ccc([N+](=O)[O-])cc3)C2=O)cc1,1
CHEMBL5198262,26.31,ug.mL-1,CCOC(=O)NC(=O)c1ccsc1NC(=O)c1ccc(S(=O)(=O)Nc2ccc(OC(F)(F)F)cc2)cc1,0
CHEMBL5275795,1.0,ug.mL-1,CCc1c(C)sc(NC(=O)c2c(F)c(F)c(F)c(F)c2F)c1C(=O)OC(C)C,1
CHEMBL1210654,12.5,ug.mL-1,CCCNC1COCCN1c1cc(-c2cc(OC)c(OC)c(OC)c2)nc(N)n1,0
CHEMBL3899105,1.25,ug.mL-1,O=C(CN1C(=O)C2(OCCO2)c2ccccc21)c1ccccc1F,1
CHEMBL229856,25.0,ug.mL-1,CC(=O)OC[C@H]1O[C@H](OC(C)C)C=C([C@H](O)c2ccc([N+](=O)[O-])cc2)[C@@H]1O,0
CHEMBL523618,0.2,ug.mL-1,N#Cc1c(-c2ccc(OC(F)(F)F)cc2)[n+]([O-])c2cc(Cl)c(Cl)cc2[n+]1[O-],1
CHEMBL3354890,25.0,ug.mL-1,Nc1ncccc1-c1ccc2nc(C(=O)NCc3ccc(F)cc3)cn2c1,0
CHEMBL2177953,0.06,ug.mL-1,Cc1ccc(Nc2cc3nc4ccccc4n(-c4ccc(Cl)cc4)c-3c/c2=N\C(C)C)cn1,1
CHEMBL392193,15.0,ug.mL-1,COc1c(C)cc(Cl)c2c1C(=O)C=CC2=O,0
CHEMBL1241634,4.5,ug.mL-1,O=C(c1ccncc1)N1N=C(c2cc3ccccc3o2)CC1c1ccc(O)cc1,1
CHEMBL5288991,20.0,ug.mL-1,CCCC[C@H](CC(=O)N1N=CCC[C@H]1C(=O)N[C@H]1COC(=O)[C@@H]2CCCNN2C(=O)[C@H](C)NC(=O)[C@@H](CC(C)C)NC1=O)C(=O)O,0
CHEMBL4483716,6.25,ug.mL-1,Cc1ccc(Cn2cc(CN3c4ccccc4Sc4ccccc43)nn2)cc1,1
CHEMBL1672864,200.0,ug.mL-1,CNc1nc(C(N)=O)cnc1C#N,0
CHEMBL1950116,200.0,ug.mL-1,N#Cc1cnc(C#N)c(NC2CCCCC2)n1,0
CHEMBL507552,128.0,ug.mL-1,CCCCCCCC/C=C/CCCCCCCC(=O)OCC(CO[C@@H]1O[C@H](CO)[C@H](O)[C@H](O)[C@H]1O)OC(=O)CCCCCCC/C=C/CCCCCCCC,0
CHEMBL4518688,32.0,ug.mL-1,Cc1ccc2nc(C)c(C(=O)NCCOc3ccncc3)n2c1,0
CHEMBL3249254,10.0,ug.mL-1,Cc1cc(OCCCCCC[N+](C)(C)Cc2ccc(Br)o2)c(C(C)C)cc1Cl.Cc1ccc(S(=O)(=O)[O-])cc1,1
CHEMBL1823773,40.0,ug.mL-1,CCCOC(=O)[C@]1(O)C=C(OCc2cc3ccc(Cl)cc3s2)[C@@H](O)[C@H](O)C1,0
CHEMBL487232,500.0,ug.mL-1,O=C(/C=C/c1ccc2ccccc2c1)c1cccc([N+](=O)[O-])c1,0
CHEMBL2035136,0.5,ug.mL-1,Cn1c(=O)n(C)c(=O)n(CC[S+]([O-])CC(=O)NN)c1=O,1
CHEMBL395988,77.0,ug.mL-1,O=C(NC12CC3CC(CC(C3)C1)C2)N[C@H]1CC[C@H](OCc2ccccc2)CC1,0
CHEMBL461587,31.25,ug.mL-1,Cc1ccc(C)n1NC(=O)c1ccc(-n2cccc2)cc1,0
CHEMBL4870640,31.7,ug.mL-1,CC(=O)NC[C@@H]1OC(=O)N2Cc3cc(N4CCOCC4)c(F)cc3O[C@@H]12,0
CHEMBL5641518,8.0,ug.mL-1,Cc1cc(/C=C2\S/C(=N/c3nccs3)NC2=O)c(C)n1-c1ccccc1,1
CHEMBL3086187,12.8,ug.mL-1,Cn1cc([N+](=O)[O-])cc1-c1nnc(-c2ccccc2Br)o1,0
CHEMBL4858327,12.0,ug.mL-1,N=C1S/C(=C\c2ccccc2)C(=O)N1NC(=O)c1ccncc1,1
CHEMBL2203595,50.0,ug.mL-1,C/C(=C\CC[C@@H](C)[C@H]1C[C@H](O)[C@@]2(C)C3=CC[C@H]4C(C)(C)C(=O)CC[C@]4(C)C3=CC[C@]12C)C(=O)O,0
CHEMBL437596,50.0,ug.mL-1,O[C@]12C=C(c3nccc4c3[nH]c3ccccc34)[C@@H]3CCN(CCCCCCCC1)C[C@@]31C[C@@H]3CCCCCCN3[C@H]12,0
CHEMBL4440909,0.13,ug.mL-1,CCc1nc2ccc(Br)cn2c1C(=O)NCCOc1ccc(N2CCC(C(F)(F)F)CC2)cc1,1
CHEMBL1991229,6.25,ug.mL-1,CCn1cc(C(=O)O)c(=O)c2cc(F)c(N3CCN(CN4C(=O)/C(=N\NC(=O)c5ccncc5)c5cc(Cl)ccc54)CC3)cc21,1
CHEMBL2235165,12.5,ug.mL-1,CCOC(=O)[C@H]1N[C@@H](c2ccc(OC)cc2)[C@@H]([N+](=O)[O-])[C@@H]1c1ccc2c(c1)CCC(C)(C)O2,0
CHEMBL4520907,31.25,ug.mL-1,O=C(NCc1ccccc1)Oc1ccc(Cl)cc1,0
CHEMBL4580257,25.0,ug.mL-1,ClC1=C(Cn2cc(-c3ccc(Cl)c(Cl)c3)nn2)CCc2nc(-c3cccs3)ccc21,0
CHEMBL5219199,1.56,ug.mL-1,Cc1cc(=O)oc2cc(OCc3cn(CCCCCCCCn4cc(COc5cc6oc(=O)cc(C)c6cc5Cl)nn4)nn3)c(Cl)cc12,1
CHEMBL2023903,4.0,ug.mL-1,CCCCCCCCc1c2[n+](cc3c(O)c(OC)ccc13)CCc1cc3c(cc1-2)OCO3.[Cl-],1
CHEMBL3740142,8.2,ug.mL-1,Clc1ccc(Cn2cc(COc3ccc(Cl)cc3)nn2)cc1,1
CHEMBL2177965,0.125,ug.mL-1,Cc1ccc(Nc2cc3nc4ccccc4n(-c4ccc(F)cc4)c-3c/c2=N\C2CCOCC2)cn1,1
CHEMBL234384,16.0,ug.mL-1,CC(C)(C)[Si](C)(C)O[C@H]1[C@H](O[Si](C)(C)C(C)(C)C)[C@@H](CO[C@H]2O[C@H](CN=[N+]=[N-])[C@@H](O)[C@@H]2O)O[C@@H]1CN=[N+]=[N-],0
CHEMBL2296046,81.7,ug.mL-1,CC(C)CCc1cc2c(cc1O)OCC1c3cc(O)cc(CCC(C)C)c3OC21,0
CHEMBL5421835,200.0,ug.mL-1,COc1cc(C=O)ccc1OCc1cn(CCNc2ccnc3cc(Cl)ccc23)nn1,0
CHEMBL1092591,0.764,ug.mL-1,COc1ccc(CNC(=O)c2c(C)[n+]([O-])c3cc(F)c(F)cc3[n+]2[O-])cc1,1
CHEMBL2281754,100.0,ug.mL-1,CCCCCCCCCCCCCCCC(=O)O[C@H]1CCC(=O)c2ccccc21,0
CHEMBL47720,12.5,ug.mL-1,C=CCn1c(-c2ccc(NC(=S)Nc3ccccc3)cc2)n[nH]c1=S,0
CHEMBL245159,17.0,ug.mL-1,O=C(Nc1ccc(OCCCN2CCOCC2)cc1)NC12CC3CC(CC(C3)C1)C2,0
CHEMBL5416773,16.0,ug.mL-1,Cc1cc(Nc2nc(Cl)ncc2Cl)c(OC(C)C)cc1C1CCNCC1,0
CHEMBL578248,2.0,ug.mL-1,CCOC(=O)C1=C(Nc2ccc(OC)cc2)N=CN2CCN=C12,1
CHEMBL1940345,32.0,ug.mL-1,O=C(Cc1cccc(Oc2ccccc2)c1)NC(c1ccccc1)c1ccccc1,0
CHEMBL1945005,8.0,ug.mL-1,O=[N+]([O-])c1cccc(-n2cc(CSc3nc4ccccc4s3)nn2)c1,1
CHEMBL487602,16.0,ug.mL-1,CC(C)c1c(O)ccc2c1CC[C@H]1C(C)(C)CCC[C@]21C,0
CHEMBL1783332,6.25,ug.mL-1,CC(C)CCO[C@@H]1C=C([C@H](O)c2ccc([N+](=O)[O-])cc2[N+](=O)[O-])C(=O)[C@@H](COC(=O)C(C)(C)C)O1,1
CHEMBL3764939,30.0,ug.mL-1,O=C1CSc2ccccc2N1Cc1cn(Cc2ccc(Cl)cc2)nn1,0
CHEMBL572976,12.5,ug.mL-1,Cc1ccc(C)c2c1CC(CN=[N+]=[N-])O2,0
CHEMBL5439246,1.0,ug.mL-1,O=C(CNc1ccccc1OC(F)(F)F)NC12CC3CC(CC(C3)C1)C2,1
CHEMBL5440094,64.0,ug.mL-1,O=C(CNc1ccc(Cl)cc1)NC1CCCCCCC1,0
CHEMBL4276986,12.5,ug.mL-1,Cc1cnc(C)n1C1CCN(C(=O)c2ccc([N+](=O)[O-])o2)C1,0
CHEMBL2425274,100.0,ug.mL-1,Cc1cccc(Oc2nc(-c3ccc(NC(=O)Nc4ccc(Cl)cc4)cc3)nc3ccccc23)c1,0
CHEMBL1255051,25.0,ug.mL-1,CCCOc1ccc(/C=C/C(=O)CC(=O)/C=C/c2ccc(O)c(OC)c2)cc1OC,0
CHEMBL386712,12.5,ug.mL-1,c1ccc2c(N3CCOCC3)c3c(cc2c1)CCCC3,0
CHEMBL1802120,3.13,ug.mL-1,CCC(=O)O/N=C1\c2ccccc2-c2c1c(N1CCN(c3ccccn3)CC1)nc1ccc(Br)cc21,1
CHEMBL1276379,31.25,ug.mL-1,Cc1ccc(C(=O)Nn2c(-c3nc(C(C)C)cs3)n[nH]c2=S)cc1,0
CHEMBL487808,12.5,ug.mL-1,CC(C)=CCCC1(C)C=Cc2cc(O)ccc2O1,0
CHEMBL4786048,29.89,ug.mL-1,CCN(CC)Cc1c(O)ccc2oc(-c3ccc(O)cc3)cc(=O)c12,0
CHEMBL4211089,12.5,ug.mL-1,Cc1ccc(-c2cn(Cc3cc4c(nc3C)-c3ccccc3CCC4)nn2)cc1,0
CHEMBL3785967,0.781,ug.mL-1,CC(=O)O[C@@H](C/C=C(\C)C(=O)O)[C@@H](C)[C@H]1C[C@H](OC(C)=O)[C@@]2(C)C3=CC[C@H]4C(C)(C)[C@@H](OC(C)=O)CC[C@]4(C)C3=CC[C@]12C,1
CHEMBL3828064,1.56,ug.mL-1,Cc1c(C(=O)CSc2nc3ccccc3s2)[n+]([O-])c2ccccc2[n+]1[O-],1
CHEMBL3746180,100.0,ug.mL-1,CCCCCCCNc1nccnc1C(=O)NCc1ccccc1,0
CHEMBL396538,400.0,ug.mL-1,C/C=C/CO[C@@H]1O[C@H](CO[C@H]2O[C@H](CO[C@H]3O[C@H](COC(C)=O)[C@H](OC(C)=O)[C@H](OC(C)=O)[C@H]3OC(C)=O)[C@H](OC(C)=O)[C@H](OC(C)=O)[C@H]2OC(C)=O)[C@@H](OC(C)=O)[C@H](OC(C)=O)[C@H]1OC(C)=O,0
CHEMBL236058,50.0,ug.mL-1,O=C(Cc1cccs1)Nc1ccc([N+](=O)[O-])cc1,0
CHEMBL1455,6.25,ug.mL-1,CN(C)c1nc(N(C)C)nc(N(C)C)n1,1
CHEMBL2282573,1.0,ug.mL-1,O=C(CSc1nnc(N2CCN(c3cc4c(cc3F)c(=O)c(C(=O)O)cn4C3CC3)CC2)s1)c1ccc(Cl)cc1,1
CHEMBL1243132,100.0,ug.mL-1,Cc1ccc(-c2nnc(-c3cccnc3)n2Nc2nc3ccc(Cl)cc3s2)cc1,0
CHEMBL1276770,31.25,ug.mL-1,Cc1ccc(C2Nn3c(nnc3-c3nc(C(C)C)cs3)S2)cc1,0
CHEMBL359862,32.0,ug.mL-1,CCCCCC(=O)N[C@H](Cc1ccccc1)C(=O)N[C@@H]1C(=O)N[C@H](CC(C)C)C(=O)N[C@H](Cc2ccccc2)C(=O)N[C@H](CC(C)C)C(=O)N[C@@H]([C@@H](C)O)C(=O)N[C@@H](CO)C(=O)O[C@@H]1C,0
CHEMBL603681,100.0,ug.mL-1,CSCC/C=N/NC(=O)c1cnc2ccc(F)cc2c1N[C@@H](CSc1ccccc1)CC(=O)N(C)C,0
CHEMBL5439227,2.0,ug.mL-1,Cc1cc(Nc2nc(Nc3cccc4ccccc34)ncc2Cl)c(OC(C)C)cc1C1CCNCC1,1
CHEMBL4549102,16.0,ug.mL-1,Cc1nc2cc(-c3ccc(F)cc3)ccc2c(=O)n1-c1cccc(Cl)c1,0
CHEMBL4790495,1.0,ug.mL-1,O=C(CC1SC(=O)NC1=O)Oc1ccc(/C=N/NC(=O)c2ccncc2)cc1Br,1
CHEMBL234459,4.2,ug.mL-1,FC(F)(F)c1ccc2c(c1)N(CCCNCc1ccccc1)c1ccccc1S2,1
CHEMBL1783333,12.5,ug.mL-1,CCCCCCCCCCO[C@@H]1C=C([C@H](O)c2ccc(C#N)cc2)C(=O)[C@@H](COC(=O)C(C)(C)C)O1,0
CHEMBL4097202,8.0,ug.mL-1,O=C(c1cc2n(n1)CCN(Cc1cccc(-c3ccccc3)c1)C2=O)N1CCCCC1,1
CHEMBL3126137,100.0,ug.mL-1,COc1ccc(CC(=O)Nc2cc3nc(C4CCCCC4)[nH]c3cc2N(C)C)cc1,0
CHEMBL477956,1.56,ug.mL-1,CCOC(=O)C1=NOC(c2ccc(N3CCN(C(=O)OCC)CC3)cc2)C1,1
CHEMBL4068005,30.0,ug.mL-1,COc1cc(-c2nc(SCCCn3cnc4sc5c(c4c3=O)CCCC5)n(Cc3c(F)c(F)c(F)c(F)c3F)c(=O)c2C#N)cc(OC)c1OC,0
CHEMBL4159375,6.25,ug.mL-1,COc1ccc(-n2cc(C3C4=C(CCCC4=O)Oc4ccc5ccccc5c43)nn2)cc1,1
CHEMBL517732,128.0,ug.mL-1,C[C@@H]1CC[C@]2(C(=O)O)CC[C@]3(C)C(=CC[C@@H]4[C@@]5(C)C[C@@H](O)[C@H](O)[C@@](C)(CO)[C@@H]5CC[C@]43C)[C@@H]2C1,0
CHEMBL1339927,32.0,ug.mL-1,COc1ccc(-c2cc(=O)c3cc(O)ccc3o2)cc1,0
CHEMBL511430,4.0,ug.mL-1,Fc1ccc(N2N=C(c3ccc(Br)cc3)[C@H](n3ccnc3)[C@H]2c2ccc(Br)cc2)cc1,1
CHEMBL5281888,4.0,ug.mL-1,CC(C)c1ccc(OCc2cn(C[C@@]3(C)Cn4cc([N+](=O)[O-])nc4O3)nn2)cc1,1
CHEMBL578914,64.0,ug.mL-1,COc1ccc2[nH]c3c(c2c1)CCNC3C1=C[C@@]2(O)CC/C=C\CCCCN3CC[C@@H]1[C@]1(C[C@@H]4/C=C\CCCCN4[C@H]12)C3,0
CHEMBL3797515,32.0,ug.mL-1,Cc1cccc(-n2c(C)cc(CN3CCN(C4C5CC6CC(C5)CC4C6)CC3)c2C)c1,0
CHEMBL378128,0.78,ug.mL-1,C/C(=N\N=C(/S)Nc1ncc(C2CCC2)o1)c1ccc(C)cc1,1
CHEMBL1629821,6.25,ug.mL-1,OC(c1ccc(OCc2ccc(Br)cc2)cc1)C1CC1,1
CHEMBL5614285,0.99,ug.mL-1,N#Cc1ccc(-c2c(F)cc3c(c2F)CN2C(=O)O[C@@H](CN)[C@@H]2O3)cc1,1
CHEMBL3120339,12.5,ug.mL-1,Cc1ccc2oc(=O)cc(COc3ccccc3I)c2c1,0
CHEMBL242493,0.58,ug.mL-1,COc1cc(C2=NN(C(N)=S)C(c3ccccc3O)C2)ccc1OCC(=O)O,1
CHEMBL181529,1.56,ug.mL-1,COc1cc(/C=C/c2cc(/C=C/c3ccc(O)c(OC)c3)on2)ccc1O,1
CHEMBL1682114,256.0,ug.mL-1,O=[N+]([O-])c1cn(CC(OCc2cc(F)cc(F)c2)c2ccc(Cl)cc2Cl)c(Br)n1,0
CHEMBL3358731,100.0,ug.mL-1,O=C1CCCC2=C1C(c1c[nH]c3ccccc13)c1ccccc1O2,0
CHEMBL3105665,100.0,ug.mL-1,CNc1cnc(C(N)=O)cn1,0
CHEMBL4577340,22.0,ug.mL-1,CCC/C=C/C=C/CCc1cccc(O)c1,0
CHEMBL3357523,100.0,ug.mL-1,CCCCCCCC1C/C(=N\O)c2c(O)cc(O)cc2O1,0
CHEMBL1956065,32.0,ug.mL-1,O=C(N/N=C/c1ccccc1O)c1coc2c(Cl)cc(Cl)cc12,0
CHEMBL3357489,100.0,ug.mL-1,CCCCCCCCOc1cc(O)cc(O)c1C(=O)C(C)CC,0
CHEMBL4543135,4.0,ug.mL-1,COc1ccccc1C(=O)/C=C/C(=O)O,1
CHEMBL19384,6.25,ug.mL-1,O=C(OCCCl)c1cnccn1,1
CHEMBL5413071,16.0,ug.mL-1,C[C@@H]1[C@H]2C[C@@H](C[C@H]1NC(=O)CNc1ccc(C(F)(F)F)cc1)C2(C)C,0
CHEMBL5625146,0.001,ug.mL-1,CN(C1CCCCC1)N1CCN(c2nc(=O)c3cc(C(F)(F)F)cc([N+](=O)[O-])c3s2)CC1(C)C,1
CHEMBL1981645,3.1,ug.mL-1,O=C1c2scnc2-c2nccc3c2c1nc1ccccc13,1
CHEMBL3927142,1.25,ug.mL-1,O=C(CN1C(=O)C2(OCCO2)c2ccccc21)c1ccccc1,1
CHEMBL397988,0.58,ug.mL-1,COc1cc(C2=NN(C(N)=O)C(c3ccccc3O)C2)ccc1OCC(=O)O,1
CHEMBL3798392,32.0,ug.mL-1,Nc1nc(-n2cc(C(=O)O)c(=O)c3cc(F)c(N4CC/C(=N\OCc5ccccc5)C(N)C4)nc32)c(F)cc1F,0
CHEMBL4461813,3.12,ug.mL-1,COc1cccc(Cn2cc(C3=C(Cl)c4ccc(-c5cccs5)nc4CC3)nn2)c1,1
CHEMBL4278259,32.0,ug.mL-1,Cc1cccc(/C=C/C(=O)c2c(O)cc(C)oc2=O)c1,0
CHEMBL405368,100.0,ug.mL-1,C/C(O)=C1\C(=O)[C@H](CC(C)C)N(Cc2ccc(F)cc2)C1=O,0
CHEMBL5271858,12.5,ug.mL-1,O=C([C@H]1[C@H](/C=C/c2ccc3c(c2)OCO3)[C@H](c2ccc3c(c2)OCO3)C=C[C@H]1C(=O)N1CCCCC1)N1CCCCC1,0
CHEMBL4846838,0.016,ug.mL-1,O=C(OC1CCC(CN2CCN(c3cc(=O)c4cc(C(F)(F)F)cc([N+](=O)[O-])c4s3)CC2)CC1)c1ccc(C(F)(F)F)cc1,1
CHEMBL3310375,14.5,ug.mL-1,COc1ccc(OC)c(NC(=O)NNC(=O)c2cc([N+](=O)[O-])c[nH]2)c1,0
CHEMBL374165,5.0,ug.mL-1,Clc1ccc(C(Oc2cccc3cccnc23)c2ccc(Cl)cc2)cc1,1
CHEMBL473059,0.6,ug.mL-1,CC(=O)NCCSC(=O)/C=C/c1ccc(OC/C=C(\C)CCC=C(C)C)cc1,1
CHEMBL2236159,500.0,ug.mL-1,COc1cc(/C=N/NC(=O)c2c[nH]c3c(ccc4nc(Cl)cc(C)c43)c2=O)ccc1O,0
CHEMBL288437,25.0,ug.mL-1,CCn1cc(C(=O)O)c(=O)c2ccc(C)cc21,0
CHEMBL3577414,3.125,ug.mL-1,Oc1cc(O)cc(OCCOc2ccc(-n3cccc3)cc2)c1,1
CHEMBL3115425,37.5,ug.mL-1,O=[N+]([O-])c1ccc2nc3c(c(-c4ccccc4)c2c1)CCCCC3,0
CHEMBL507358,2.67,ug.mL-1,COc1ccccc1/C=C1\CN(C)C[C@@]2(C1=O)[C@@H](c1ccccc1OC)[C@H](c1ccccc1)N[C@@]21C(=O)Nc2ccccc21,1
CHEMBL2147094,50.0,ug.mL-1,O=[N+]([O-])c1ccc(C2=NOC(c3ccc(N4CCOCC4)c(F)c3)C2)o1,0
CHEMBL4560353,25.0,ug.mL-1,O=C(c1ccc([N+](=O)[O-])o1)N1CCC2(CC1)CC(OCC1CC1)CCO2,0
CHEMBL201083,121.0,ug.mL-1,CC(=O)c1ccc(O)cc1,0
CHEMBL424340,0.05,ug.mL-1,C/C(=N\NC(=O)c1ccncc1)c1cccc(F)c1,1
CHEMBL181579,16.0,ug.mL-1,COC(=O)CSCCCCOC1=C(C)C(=O)SC1C,0
CHEMBL3884992,8.0,ug.mL-1,Fc1cnccc1-c1nnc2n1N=C(c1ccccc1)CS2,1
CHEMBL2281849,12.5,ug.mL-1,CC1CC(C)(C)CC(O)(c2nnc(-c3cccnc3)[nH]2)C1,0
CHEMBL253467,18.0,ug.mL-1,CC(C)=CCc1c(O)ccc(C(=O)/C=C/c2ccc(O)cc2)c1O,0
CHEMBL592610,37.0,ug.mL-1,CCCn1c2ccccc2c2ccnc(C3=C[C@@]4(O)CC/C=C\CCCCN5CC[C@@H]3[C@]3(C[C@@H]6/C=C\CCCCN6[C@H]34)C5)c21,0
CHEMBL4592697,50.0,ug.mL-1,COc1ccc(S(=O)(=O)NC2CCOC3(CCN(C(=O)c4ccc([N+](=O)[O-])o4)CC3)C2)cc1,0
CHEMBL4646471,12.5,ug.mL-1,C[C@H]1COc2c(-c3cc4ccccc4oc3=O)c(F)cc3c(=O)c(C(=O)O)cn1c23,0
CHEMBL2235148,25.0,ug.mL-1,O=C(N/N=C/c1ccc(Cl)cc1)c1cccnc1,0
CHEMBL4101536,0.31,ug.mL-1,Cc1cc(C)c2cc(C(=O)NC(C)C34CC5CC(CC(C5)C3)C4)[nH]c2c1,1
CHEMBL3338550,50.0,ug.mL-1,CS(=O)(=O)N1CCN(c2noc3cccc(Cl)c23)CC1,0
CHEMBL447999,13.75,ug.mL-1,O=C(CO)N1CCOCC1,0
CHEMBL2046517,1.5,ug.mL-1,CCCCCC[C@@H](CN1CCC(COc2ccc(C(=O)c3ccc(Cl)cc3)c(Cl)c2)CC1)OC(N)=O,1
CHEMBL1269430,0.63,ug.mL-1,COC(=O)/C=C1\Nc2ccc(F)cc2OC1=O,1
CHEMBL2392736,1.56,ug.mL-1,Cc1csc(NC(=O)NC2C3CC4CC(C3)CC2C4)n1,1
CHEMBL4743062,1.0,ug.mL-1,CC(=O)N(C)C[C@@H]1OC(=O)N2c3cc(F)c(N4CCSCC4)cc3OC[C@@H]12,1
CHEMBL1630913,53.4,ug.mL-1,COc1ccc([C@H]2[C@@H]3CSCN3[C@@]3(C(=O)Nc4ccccc43)[C@@]23Cc2ccccc2C3=O)cc1,0
CHEMBL272416,100.0,ug.mL-1,CC(C)NCCNc1ccnc2cc(Cl)ccc12,0
CHEMBL4061328,0.2,ug.mL-1,COc1c(N2CCN(CN3C(=O)/C(=N\NC(=O)c4ccncc4)c4ccccc43)C(C)C2)c(F)cc2c(=O)c(C(=O)O)cn(C3CC3)c12,1
CHEMBL4856728,0.79,ug.mL-1,O=C(NN1C(=O)CSC1c1ccccc1O)c1cc(O)c(O)c(O)c1,1
CHEMBL2437119,50.0,ug.mL-1,COc1nc(C)nc(/N=C(\C)c2ccc3ccccc3c2)n1,0
CHEMBL5266768,50.0,ug.mL-1,COc1ccc(NC(=O)c2c(Nc3cccc(C)c3C)nn3c(O)cc(C)nc23)cc1,0
CHEMBL3115456,16.0,ug.mL-1,COc1ccc(-c2c3c(nc4[nH]nc(-c5ccc(Cl)cc5)c24)-c2ccccc2C(=O)C3=O)cc1,0
CHEMBL5625006,1.6,ug.mL-1,Fc1ccc(-n2cc(-c3csc(Nc4ccccc4)n3)c(-c3ccc(Cl)cc3)n2)cc1,1
CHEMBL47881,12.5,ug.mL-1,C=CCNC(=S)Nc1ccc(-c2nnc(SCc3ccc(Cl)cc3Cl)n2-c2ccccc2)cc1,0
CHEMBL3804948,12.5,ug.mL-1,CC(C)C[C@H](NC(=O)CNc1ncnc2[nH]cnc12)C(=O)O.O,0
CHEMBL4863818,16.0,ug.mL-1,CC(=O)c1c(C)[n+]([O-])c2cc(N3CCNC(C)C3)c(F)cc2[n+]1[O-],0
CHEMBL4073721,6.25,ug.mL-1,CN1C[C@@H](c2ccc(Cl)cc2)[C@]2(C(=O)Oc3ccccc32)[C@@]12C(=O)Nc1ccccc12,1
CHEMBL4443235,25.0,ug.mL-1,Cc1ccc(-c2cn(C3CCCCc4ccccc43)nn2)cc1,0
CHEMBL5087606,23.87,ug.mL-1,CC(C)n1cc(CNC2CCCCC2)c2ccc(Cl)cc21,0
CHEMBL4865605,0.25,ug.mL-1,COC(=O)c1cc(-c2cccc(NC(=O)c3ccc(/C=C/C(=O)c4cccc(Cl)c4)cc3)c2)on1,1
