tr_y,tr_pred,tr_proba,te_y,te_pred,te_proba
0.0,0.0,0.4316735275708639,0.0,0.0,0.32673034928861017
1.0,1.0,0.5922243678974694,0.0,0.0,0.4657255705760559
1.0,1.0,0.561992172429757,0.0,0.0,0.4957652673959568
1.0,1.0,0.5970307581001352,0.0,0.0,0.3352309907854919
1.0,1.0,0.5210477780426283,0.0,1.0,0.5729933856825741
1.0,1.0,0.7066332344710793,1.0,1.0,0.7266280111009061
0.0,0.0,0.4626207280611113,1.0,1.0,0.8456190598637484
1.0,0.0,0.45853639468402646,0.0,1.0,0.5661828008922233
0.0,1.0,0.5144266028303419,0.0,0.0,0.4027097551808581
1.0,0.0,0.47574032660076854,1.0,0.0,0.44104445607263587
0.0,0.0,0.39453621669474626,0.0,0.0,0.4259692158297378
0.0,0.0,0.42960663055792236,1.0,0.0,0.48511578781881165
0.0,0.0,0.3513344267065884,1.0,0.0,0.4456053470812401
1.0,1.0,0.5475326395547627,0.0,0.0,0.355369778389733
1.0,1.0,0.5319608762359661,1.0,1.0,0.5425951927535374
0.0,0.0,0.3175649121255543,0.0,1.0,0.5509325798612874
0.0,0.0,0.3075500832313139,0.0,0.0,0.46344105813354386
1.0,1.0,0.5090396179210781,0.0,0.0,0.485015435423261
0.0,1.0,0.6294364633731212,1.0,1.0,0.5190382742518571
0.0,0.0,0.3510545417881474,0.0,0.0,0.40635412031676665
0.0,0.0,0.38752983585251966,0.0,0.0,0.47504051700898425
1.0,1.0,0.5369450343231689,1.0,1.0,0.6273374067534628
0.0,0.0,0.4729237973469582,1.0,1.0,0.5885624850993311
1.0,0.0,0.4646122316101308,1.0,1.0,0.6466729829841642
1.0,1.0,0.5611355861796347,0.0,0.0,0.3648149786086054
0.0,1.0,0.7599751304915406,1.0,0.0,0.45893747441375193
0.0,0.0,0.325061667007235,0.0,0.0,0.4616117471559299
0.0,0.0,0.3089482369822251,1.0,0.0,0.444064344109472
1.0,1.0,0.8177331579463006,0.0,0.0,0.48311066206741377
1.0,0.0,0.42022082628460666,0.0,1.0,0.6726499646005357
0.0,0.0,0.42634619502830995,0.0,0.0,0.331712881608992
0.0,0.0,0.4154125422208802,0.0,0.0,0.4172176974717504
0.0,0.0,0.3618358289343596,1.0,1.0,0.5609682167114306
0.0,1.0,0.5668385172765303,1.0,1.0,0.693989271874516
1.0,1.0,0.5093904750939482,1.0,0.0,0.48390509841773205
1.0,1.0,0.574973541626972,1.0,1.0,0.6570410927140061
1.0,1.0,0.6196158774129128,1.0,1.0,0.614041016266285
1.0,0.0,0.4453658257820693,1.0,1.0,0.5835478054502442
1.0,1.0,0.5728070467883857,0.0,0.0,0.4110055911476871
0.0,0.0,0.47032628049262176,0.0,1.0,0.5128219004643421
1.0,1.0,0.5067774719493614,1.0,0.0,0.4442324062215917
1.0,1.0,0.564326763209093,0.0,0.0,0.4074429127880672
1.0,1.0,0.5685059409745669,0.0,0.0,0.40272382483970875
0.0,0.0,0.46488280487930345,1.0,0.0,0.35453375667838044
0.0,0.0,0.27972295267806535,1.0,0.0,0.48009639642647967
0.0,0.0,0.4495679612340349,1.0,1.0,0.5181226909387431
0.0,0.0,0.3470753357198505,0.0,0.0,0.480534115703672
1.0,0.0,0.4386427101065829,0.0,0.0,0.3201798970905024
1.0,1.0,0.5261731868661083,1.0,1.0,0.6459481860836809
1.0,0.0,0.41118977159716774,1.0,1.0,0.834812333505428
0.0,0.0,0.4216499448871853,0.0,0.0,0.4266873266737321
0.0,0.0,0.44514984927276463,0.0,0.0,0.4162653423584107
0.0,0.0,0.42456165387336553,0.0,0.0,0.4936126273902758
1.0,1.0,0.8363321154035039,0.0,0.0,0.4128258529231971
1.0,0.0,0.46545653505915013,0.0,0.0,0.3624137833890832
1.0,0.0,0.4262998682007751,1.0,1.0,0.716266358668363
1.0,1.0,0.5299355628249313,1.0,1.0,0.641193541982579
1.0,1.0,0.6349326625229493,1.0,0.0,0.45565373754353417
0.0,1.0,0.5095638221232698,0.0,0.0,0.37923422709549476
0.0,1.0,0.5082769748930013,1.0,1.0,0.5252416466897029
0.0,0.0,0.3588894103101987,0.0,0.0,0.46716132210592454
0.0,0.0,0.4970122841803085,0.0,1.0,0.5066963270485586
0.0,0.0,0.4117822332458678,1.0,1.0,0.6954011102244684
1.0,1.0,0.5902379751083624,0.0,0.0,0.4203933676232273
0.0,0.0,0.3460978510650696,0.0,0.0,0.33771973907888875
0.0,0.0,0.4222754140909663,1.0,1.0,0.5912641235789108
0.0,0.0,0.48857841743940406,1.0,1.0,0.6495902205216421
0.0,0.0,0.42325822661175366,1.0,1.0,0.7199658506045465
1.0,1.0,0.5201681984538529,0.0,0.0,0.3942108419069917
0.0,0.0,0.4123042104084569,0.0,0.0,0.42588248959836356
0.0,0.0,0.39690370147779275,1.0,1.0,0.5360190952969378
0.0,0.0,0.458231613942399,0.0,0.0,0.4045542884297539
0.0,0.0,0.4641440825559468,0.0,0.0,0.3866104085337775
1.0,0.0,0.42603141136034023,0.0,0.0,0.40924108495649403
1.0,0.0,0.44678446092590196,0.0,0.0,0.42357998243075146
0.0,0.0,0.44122421709222226,1.0,1.0,0.5247233881053249
1.0,1.0,0.5738808930438939,0.0,0.0,0.4161865040309606
0.0,0.0,0.41894210755044115,0.0,0.0,0.47253894120803
0.0,0.0,0.37659814910010525,1.0,0.0,0.4860438253756184
0.0,0.0,0.3514161998043801,0.0,0.0,0.3964778068858245
0.0,0.0,0.3542274836729992,0.0,1.0,0.503915574218572
1.0,1.0,0.5003759456381037,1.0,1.0,0.5012238706216425
1.0,0.0,0.47787308994405464,1.0,0.0,0.4620717958564433
1.0,0.0,0.41925938092073883,1.0,1.0,0.7035808501763667
0.0,0.0,0.42181520377293097,0.0,0.0,0.48736919347900737
1.0,0.0,0.4432538149553256,1.0,1.0,0.5104800475010713
0.0,0.0,0.2998861125347069,0.0,1.0,0.5626483963726947
0.0,1.0,0.5087628197835065,0.0,0.0,0.36912683202385965
0.0,0.0,0.41079515685086326,1.0,0.0,0.46808191741369204
0.0,1.0,0.5507831936284325,0.0,0.0,0.40359811325596945
0.0,0.0,0.3141685327194161,0.0,0.0,0.375994502738892
1.0,0.0,0.4996278816269298,1.0,1.0,0.5845076059685711
0.0,0.0,0.3992638669928092,0.0,1.0,0.6246204557832035
1.0,1.0,0.5805482657681859,0.0,0.0,0.36643952161759175
0.0,0.0,0.3616568994562823,1.0,1.0,0.6827793630930964
0.0,0.0,0.48651493612658053,0.0,0.0,0.3582567402466143
0.0,0.0,0.38555529476398753,0.0,0.0,0.34035581950046667
1.0,0.0,0.4129484178181622,1.0,0.0,0.4832298161172838
0.0,0.0,0.37461308561350176,0.0,0.0,0.3270492412173837
0.0,0.0,0.3713333021321746,0.0,0.0,0.47520952179475423
1.0,0.0,0.41766324144329203,1.0,1.0,0.7874572078172305
0.0,0.0,0.41496920272101195,1.0,1.0,0.6893699333473146
0.0,0.0,0.44018113920585294,0.0,0.0,0.40720977092273386
0.0,0.0,0.32957878574243593,0.0,0.0,0.41272482323865706
0.0,0.0,0.41860478538859236,0.0,0.0,0.4773752688905307
1.0,1.0,0.6147674643516097,1.0,1.0,0.627657451669745
0.0,0.0,0.40805254460985696,1.0,1.0,0.6289947481147856
1.0,0.0,0.4968628947352085,1.0,1.0,0.6196711357531103
0.0,0.0,0.4876026200686352,0.0,0.0,0.4548881864512162
1.0,1.0,0.6573510848212734,1.0,1.0,0.5801081630148823
0.0,0.0,0.3645319528838212,0.0,0.0,0.3624945844072457
0.0,0.0,0.4174541297756109,1.0,0.0,0.37130919231466203
1.0,1.0,0.6464724177126075,1.0,0.0,0.45993820771571786
0.0,0.0,0.4282748078808908,0.0,0.0,0.4869161615852611
0.0,1.0,0.5083284891419529,0.0,0.0,0.38004208623950547
0.0,0.0,0.37498334889844,0.0,0.0,0.3997040038636597
0.0,0.0,0.4474498972172541,1.0,0.0,0.486618895573742
0.0,0.0,0.21499503419251792,1.0,1.0,0.5864576749283181
0.0,0.0,0.42535058511825624,1.0,1.0,0.6853354985743341
0.0,0.0,0.35301229450866084,1.0,1.0,0.722684087723417
0.0,0.0,0.38235639756104584,1.0,1.0,0.6386638072724681
1.0,1.0,0.5108892140081989,0.0,0.0,0.4125908971168499
1.0,1.0,0.8115098951623219,0.0,0.0,0.3978389891711376
1.0,0.0,0.46989948927652014,1.0,0.0,0.42779309530288656
0.0,0.0,0.4773286434032889,0.0,0.0,0.36903418509753944
0.0,0.0,0.3293683654542415,1.0,0.0,0.41332477190300265
1.0,0.0,0.48091780392563815,0.0,0.0,0.46813112281691616
0.0,0.0,0.49993672835771047,1.0,0.0,0.36493312141488776
1.0,1.0,0.629929245420265,1.0,0.0,0.4380240734779567
1.0,0.0,0.4205084159206712,1.0,1.0,0.6509977158053121
1.0,1.0,0.5072636029416061,0.0,0.0,0.37005208817942686
1.0,0.0,0.4853604741203264,0.0,0.0,0.3542255801848094
0.0,0.0,0.3746294513671087,1.0,1.0,0.7528325010287424
1.0,1.0,0.6264590700106307,1.0,1.0,0.5542416496914783
0.0,0.0,0.37355038114541006,0.0,0.0,0.4011663672196002
0.0,0.0,0.3928047621042865,1.0,1.0,0.5021169608523864
0.0,0.0,0.3255765574513997,0.0,0.0,0.408478569954584
0.0,1.0,0.5172565548919689,1.0,1.0,0.7126353946631446
1.0,0.0,0.4069359184292603,1.0,0.0,0.4754043738994703
0.0,0.0,0.36967649794361324,0.0,0.0,0.43297791944024255
1.0,0.0,0.40727592888503483,0.0,0.0,0.4643492310082822
1.0,1.0,0.5663897957325745,0.0,0.0,0.4166860911880632
1.0,1.0,0.8286144427739272,1.0,0.0,0.42436200939073876
1.0,0.0,0.47600887466319436,1.0,1.0,0.7133502474303111
1.0,0.0,0.38953794626418603,1.0,0.0,0.46818266723786406
0.0,0.0,0.37441414742507506,1.0,1.0,0.5252932714710375
1.0,0.0,0.47531709949616935,0.0,0.0,0.44690047192143595
0.0,1.0,0.5404035338846565,0.0,0.0,0.38707085940477526
1.0,1.0,0.6452804752356428,0.0,0.0,0.49100772588186714
0.0,0.0,0.4072752936316627,0.0,0.0,0.40465548914712085
0.0,0.0,0.4406754167243894,0.0,0.0,0.4067778605630132
1.0,1.0,0.7922452487460353,1.0,0.0,0.40078331202885104
0.0,0.0,0.3172046730917005,0.0,0.0,0.4180537722395083
0.0,0.0,0.44486645698499205,0.0,0.0,0.3429493992966645
1.0,0.0,0.4366145694660855,1.0,0.0,0.4740542352410018
0.0,0.0,0.3261461496257912,1.0,1.0,0.62286345350765
1.0,0.0,0.4079898952226625,1.0,1.0,0.6979564960633958
1.0,1.0,0.6024311322154597,0.0,0.0,0.3993480359751282
0.0,0.0,0.48935462446942474,0.0,0.0,0.3756900755816339
0.0,0.0,0.37960607581809125,0.0,0.0,0.4095290131053808
1.0,0.0,0.39605954604566,0.0,1.0,0.5404424196156988
1.0,1.0,0.6122665928213005,1.0,0.0,0.47008482316879413
1.0,0.0,0.45947368140110784,1.0,1.0,0.5074415747354725
0.0,0.0,0.32346471599112114,0.0,1.0,0.5538823805322287
1.0,1.0,0.7553486659514934,1.0,0.0,0.37355998280953767
0.0,0.0,0.48162074323650866,0.0,0.0,0.3594144554800372
1.0,1.0,0.6503538785434442,1.0,0.0,0.3969875275274434
1.0,0.0,0.4580071712157797,0.0,0.0,0.38587377904088493
0.0,0.0,0.4051991244732906,1.0,1.0,0.5488734967849287
1.0,0.0,0.43231950344204534,1.0,0.0,0.39051622392215407
0.0,1.0,0.5096589991334532,1.0,1.0,0.5736146044270684
1.0,1.0,0.5221221775509786,0.0,1.0,0.5106761866518413
1.0,0.0,0.44265856233477646,1.0,0.0,0.4193817870004228
0.0,0.0,0.4138427705198969,1.0,1.0,0.6567331434714239
1.0,1.0,0.5681481092676185,0.0,0.0,0.3884185949166917
1.0,0.0,0.3980622637169963,1.0,1.0,0.5552925104320688
1.0,0.0,0.4773123703181511,1.0,1.0,0.5138592507261143
0.0,0.0,0.4551095202006203,0.0,0.0,0.3880118752597726
1.0,0.0,0.4156088456457794,1.0,0.0,0.46031355533297863
0.0,0.0,0.38385117782717776,0.0,0.0,0.33576359260836947
1.0,1.0,0.5349469077621982,1.0,0.0,0.4428237088941889
0.0,1.0,0.509015362535061,1.0,0.0,0.3561046498235762
0.0,0.0,0.49445029025318293,0.0,0.0,0.446324605337201
1.0,1.0,0.7043152975429633,0.0,0.0,0.3261779174465076
0.0,1.0,0.587779541414605,0.0,0.0,0.4211580596454003
1.0,0.0,0.462860384623203,0.0,1.0,0.5220896773842056
0.0,1.0,0.5263472283904929,0.0,0.0,0.35547170860959854
0.0,0.0,0.3492770086621434,0.0,0.0,0.4540657678770808
0.0,0.0,0.41872342700982684,1.0,1.0,0.6206012088185561
0.0,0.0,0.4272869944647847,1.0,1.0,0.5204441714876733
0.0,0.0,0.46918702008738616,0.0,0.0,0.43511644835834756
0.0,0.0,0.4038722706363537,0.0,1.0,0.5355908206153429
0.0,0.0,0.4793690604169082,1.0,1.0,0.65711092367999
0.0,1.0,0.5164081281484932,0.0,0.0,0.38629366981754654
0.0,0.0,0.3291835973484388,1.0,0.0,0.42639434019710154
0.0,0.0,0.46675916462961603,1.0,1.0,0.5065761876814282
0.0,0.0,0.36791720374826364,0.0,0.0,0.45496134536543337
0.0,0.0,0.3540880890888992,1.0,0.0,0.48942468956367113
1.0,1.0,0.5507766350618769,0.0,1.0,0.519668785027284
1.0,0.0,0.45993820771571786,0.0,0.0,0.499793949761563
0.0,0.0,0.45304369235582903,0.0,1.0,0.5014974557233342
0.0,1.0,0.6235482961788527,1.0,1.0,0.5753462693621146
1.0,0.0,0.48020900039928066,1.0,0.0,0.4977923575812358
0.0,0.0,0.35166156815731137,1.0,1.0,0.5245518240567307
1.0,1.0,0.725024674282046,1.0,1.0,0.5218915981803999
0.0,0.0,0.3510218619437924,1.0,1.0,0.7299834241336834
0.0,0.0,0.483058302306715,1.0,1.0,0.5545564995877132
1.0,0.0,0.47209736019299453,0.0,0.0,0.3872748530143683
0.0,0.0,0.23045730202844175,1.0,1.0,0.5794710538346165
0.0,0.0,0.36112129172643836,1.0,0.0,0.3295027983782722
0.0,0.0,0.3752703568544448,0.0,1.0,0.5499148942966775
1.0,0.0,0.42457152761013234,0.0,0.0,0.3576904962112624
0.0,0.0,0.443349028029489,1.0,1.0,0.541646645813138
0.0,0.0,0.4650383166140154,0.0,0.0,0.3785648407631917
1.0,1.0,0.681024867408917,1.0,0.0,0.4292667890471848
0.0,0.0,0.41101398285265967,1.0,1.0,0.6504070658696633
1.0,1.0,0.5377924435115979,1.0,1.0,0.6036539333972298
1.0,0.0,0.4592999511138219,0.0,0.0,0.42870267793919387
1.0,0.0,0.447025655307722,0.0,0.0,0.3504294845087519
1.0,0.0,0.39445244778428196,1.0,0.0,0.41500868160891197
1.0,0.0,0.44275497173564454,1.0,0.0,0.48481414517099736
0.0,0.0,0.39797100006524977,1.0,1.0,0.5799180721680041
0.0,0.0,0.40876095913959,0.0,0.0,0.39758366113123317
1.0,0.0,0.49238208206830175,0.0,0.0,0.39194902426230666
1.0,1.0,0.5075305775667674,1.0,0.0,0.4835998553105453
0.0,0.0,0.23045730202844175,1.0,0.0,0.4164088559069387
1.0,0.0,0.4673467185879479,1.0,1.0,0.5855038279509499
0.0,0.0,0.26331631963268104,0.0,1.0,0.5113521378677953
0.0,0.0,0.4018928891168325,1.0,0.0,0.4947836162861236
0.0,1.0,0.5822735959455233,0.0,0.0,0.4981807746510912
0.0,0.0,0.3803380376053641,1.0,1.0,0.5340454365422341
0.0,0.0,0.3679046663530303,1.0,1.0,0.5468241665767936
1.0,1.0,0.53980492992522,0.0,0.0,0.4602234534177436
1.0,1.0,0.7898635159272441,0.0,1.0,0.5781000172292972
0.0,0.0,0.3981688254636133,0.0,0.0,0.45262749977203576
0.0,0.0,0.3526803033305758,1.0,0.0,0.3772443050406655
0.0,0.0,0.3684539703226127,0.0,0.0,0.4082602688862829
0.0,0.0,0.33258966765239634,1.0,1.0,0.6023999836913912
0.0,1.0,0.5495213722220225,0.0,1.0,0.5499148942966775
0.0,0.0,0.34586541126867526,0.0,0.0,0.4003071046827043
1.0,1.0,0.574364803244515,0.0,0.0,0.37121752394283386
0.0,0.0,0.4544628684513732,1.0,1.0,0.5398454112027348
1.0,1.0,0.5757193435550931,1.0,1.0,0.5815931344536314
1.0,1.0,0.5329580385374701,0.0,0.0,0.4190776199164109
1.0,1.0,0.8270557372730953,0.0,0.0,0.4222809276706847
0.0,0.0,0.4198917964817448,0.0,0.0,0.39028664234263555
0.0,0.0,0.4142147968405594,1.0,1.0,0.658650003585345
1.0,1.0,0.5239360536840458,0.0,0.0,0.4547001110804784
0.0,0.0,0.3165936853290893,0.0,0.0,0.3946897536584539
0.0,0.0,0.33200759703853905,0.0,0.0,0.4707421723062746
0.0,0.0,0.38990894354972,1.0,0.0,0.3436066608206672
0.0,0.0,0.37597135659718,0.0,0.0,0.4501901001247509
1.0,0.0,0.46472757772349943,0.0,0.0,0.4073284630265218
1.0,0.0,0.49743893993668786,1.0,1.0,0.514476954860988
1.0,0.0,0.48094381092101596,1.0,0.0,0.40063827398345175
0.0,0.0,0.4155347867893383,0.0,0.0,0.39776545661698376
0.0,0.0,0.29937603679044417,1.0,1.0,0.7182519514908424
1.0,1.0,0.557505087314032,0.0,0.0,0.3896237729799619
0.0,0.0,0.40664805356043676,0.0,0.0,0.4726063549488242
1.0,1.0,0.5999862797032298,1.0,1.0,0.7403574022517992
1.0,1.0,0.6818166901674474,1.0,1.0,0.6799407312392881
1.0,1.0,0.651733604726069,0.0,0.0,0.4362187630614397
0.0,0.0,0.38636864973356744,0.0,0.0,0.4944680668727248
1.0,0.0,0.4965979109807037,1.0,1.0,0.5154343680638215
0.0,0.0,0.3505308424497128,0.0,0.0,0.4237430458134948
0.0,1.0,0.5015747691655753,0.0,0.0,0.4260407418492357
0.0,0.0,0.3659596679424658,1.0,0.0,0.3758765752761698
1.0,1.0,0.5414249141499003,1.0,0.0,0.39955729166483234
1.0,1.0,0.5780177299107248,1.0,0.0,0.49314597636228286
0.0,1.0,0.5066360027740698,0.0,0.0,0.47350829321352855
1.0,0.0,0.4494816088965217,0.0,1.0,0.5912045676333584
0.0,0.0,0.38725522439437715,0.0,1.0,0.5533908380583284
1.0,0.0,0.39700837670101496,0.0,0.0,0.41163338177791725
1.0,0.0,0.4693401318472823,0.0,0.0,0.42675028669263
0.0,0.0,0.3851184174271796,1.0,1.0,0.5070674476058066
1.0,1.0,0.5801421545267289,0.0,0.0,0.44255346506884985
0.0,0.0,0.42154356431559553,1.0,1.0,0.669043107140066
0.0,0.0,0.4834129185856159,1.0,1.0,0.5190788477731928
1.0,0.0,0.4494103476740528,0.0,0.0,0.39801701333382705
1.0,1.0,0.5101259753984572,1.0,0.0,0.46286792168335616
0.0,1.0,0.5320308017429964,1.0,1.0,0.5035285306933375
0.0,0.0,0.3820082114017832,1.0,1.0,0.5514240486910946
1.0,1.0,0.7630032434721484,1.0,0.0,0.4566171301531454
0.0,0.0,0.4986398607465442,1.0,1.0,0.68349200298016
1.0,0.0,0.440998035965819,0.0,1.0,0.5053369116115061
0.0,0.0,0.3637161469177933,0.0,0.0,0.3466986089253369
0.0,0.0,0.4236503834319913,0.0,0.0,0.3779427812873193
0.0,0.0,0.4473905181358829,0.0,0.0,0.3906914480487486
1.0,1.0,0.6598737319134234,0.0,1.0,0.5389051522310194
1.0,1.0,0.5031402255710228,0.0,0.0,0.39303358858831416
1.0,1.0,0.5387075647856618,0.0,0.0,0.45117475531177675
1.0,1.0,0.6889896350932089,0.0,0.0,0.3979838749595945
0.0,0.0,0.45197259370622245,1.0,0.0,0.4891638625102648
1.0,0.0,0.450915946009337,0.0,0.0,0.38094025386540015
0.0,0.0,0.40386414508968566,0.0,0.0,0.43925016893130486
0.0,0.0,0.383108915039427,0.0,0.0,0.4710686241643354
0.0,0.0,0.45235317117283996,0.0,0.0,0.33567933123616767
1.0,0.0,0.46127223330070566,1.0,1.0,0.7288766716202475
0.0,0.0,0.37821116736343485,1.0,1.0,0.728391967090209
1.0,0.0,0.43972322148001347,1.0,1.0,0.62828608522048
1.0,0.0,0.4589667070379213,0.0,0.0,0.38490988537911885
1.0,1.0,0.5017821632163566,0.0,0.0,0.2708933034197413
1.0,0.0,0.48484354811196745,0.0,0.0,0.38778803024836517
1.0,1.0,0.5303745913394518,0.0,0.0,0.45664695050051
1.0,0.0,0.4071381950621569,1.0,0.0,0.42503323365224704
1.0,1.0,0.6106176074190236,1.0,1.0,0.8455741187200225
0.0,0.0,0.335568853337943,1.0,1.0,0.5119920067007739
1.0,0.0,0.4608036510639672,0.0,0.0,0.4065057625429569
0.0,0.0,0.40879792193076814,1.0,1.0,0.6850799382822119
1.0,1.0,0.6493277966696823,0.0,0.0,0.30732637370473453
0.0,0.0,0.3290174110523432,1.0,1.0,0.5842940673453891
0.0,0.0,0.3838530373899727,0.0,0.0,0.3289436817369178
1.0,0.0,0.48353788533731035,1.0,1.0,0.5195747752485252
0.0,0.0,0.3312866171119453,1.0,1.0,0.531486020551466
1.0,0.0,0.4835998553105453,1.0,0.0,0.4724578870711306
0.0,0.0,0.3997472110929596,1.0,1.0,0.5202231712055658
0.0,0.0,0.3357906461462692,0.0,0.0,0.3504521543457369
0.0,0.0,0.3514874655799159,0.0,0.0,0.3340317267372564
1.0,1.0,0.5175247530296933,0.0,1.0,0.6523926457661908
1.0,1.0,0.6031399033130525,1.0,0.0,0.46740306809988924
0.0,0.0,0.450235631463432,0.0,0.0,0.38105405163963574
1.0,1.0,0.5585028477948849,1.0,1.0,0.5045540722405869
1.0,1.0,0.5234555732926958,0.0,0.0,0.37797899665278045
1.0,1.0,0.5050450911953019,0.0,0.0,0.41432708185722944
1.0,1.0,0.5290399357085479,0.0,0.0,0.46766547171729644
1.0,0.0,0.4966722555230408,0.0,1.0,0.6016296987474559
0.0,0.0,0.29962706114025994,1.0,0.0,0.49470141480761265
0.0,0.0,0.43215471197936894,1.0,0.0,0.4750646633602609
1.0,1.0,0.5152377963349016,1.0,0.0,0.4578736806244885
0.0,0.0,0.4805344371941018,0.0,0.0,0.4006598163020005
0.0,0.0,0.49104832598799764,1.0,0.0,0.42171559745179205
1.0,1.0,0.5518298611520484,1.0,0.0,0.4719016806619842
1.0,0.0,0.4487401132671354,0.0,0.0,0.4081602455423071
0.0,0.0,0.4038234628229777,0.0,0.0,0.316121921395241
1.0,1.0,0.6712468418390206,0.0,0.0,0.37373490811766213
0.0,0.0,0.3725800631370918,0.0,0.0,0.43245690599387693
0.0,0.0,0.4368616743133794,0.0,0.0,0.48345784653963947
0.0,0.0,0.3400927283092003,0.0,1.0,0.6041832703329434
0.0,0.0,0.43533608887582553,0.0,0.0,0.3803624473461674
1.0,0.0,0.3867498821568653,0.0,0.0,0.39305136841851207
1.0,0.0,0.4859386754681553,1.0,0.0,0.4482062042611464
1.0,1.0,0.8286144427739272,0.0,0.0,0.49904496128604287
1.0,1.0,0.6387958221078783,0.0,0.0,0.345197359838582
0.0,0.0,0.472217843708487,1.0,0.0,0.3925321141774451
1.0,1.0,0.5550877235639017,1.0,0.0,0.49890441602049923
0.0,0.0,0.438463299742687,1.0,0.0,0.4886474553294824
0.0,0.0,0.34143494401309155,1.0,1.0,0.5355031125742217
0.0,0.0,0.41964900345032835,1.0,0.0,0.4274767375398155
0.0,0.0,0.3623625888366453,0.0,0.0,0.3356803963932591
0.0,0.0,0.3846844416155894,0.0,1.0,0.5335202605977178
1.0,0.0,0.4667232022716694,1.0,0.0,0.4744251687079167
0.0,0.0,0.3945117913687801,0.0,0.0,0.4691012012463671
1.0,1.0,0.6851685358221971,0.0,0.0,0.4847233684983686
1.0,1.0,0.5584924130608201,1.0,0.0,0.46499249182392166
0.0,0.0,0.41802087765009593,1.0,1.0,0.6449283328748402
0.0,0.0,0.3956805386552855,1.0,1.0,0.5542434965895828
1.0,1.0,0.5068355184241788,0.0,1.0,0.507488543121533
1.0,1.0,0.5066121370063466,1.0,1.0,0.548152890268763
1.0,0.0,0.4920714988715995,1.0,0.0,0.4082310906687503
1.0,1.0,0.674906724801214,1.0,1.0,0.6162952305511921
1.0,0.0,0.3967795068710613,1.0,0.0,0.40081858812436477
0.0,0.0,0.3813679228605966,0.0,1.0,0.5344251286232508
1.0,0.0,0.39157397563419155,0.0,0.0,0.3857885197606123
0.0,1.0,0.6884317162956776,1.0,1.0,0.5194679072625549
1.0,1.0,0.5266219435917748,0.0,1.0,0.5346773323856547
1.0,1.0,0.5104290594376713,0.0,0.0,0.37955114618433644
1.0,0.0,0.4637234541950616,0.0,0.0,0.3541034419688523
0.0,0.0,0.3444171342009857,0.0,0.0,0.4844809096075023
0.0,0.0,0.39681865492303053,1.0,1.0,0.5473972868013749
0.0,0.0,0.38182992898538687,1.0,1.0,0.6438630948404159
0.0,0.0,0.3931182949418069,1.0,0.0,0.4872913051054159
1.0,1.0,0.5259188793377755,1.0,1.0,0.5422587336960337
1.0,1.0,0.6579948771463818,1.0,0.0,0.45203620764979036
1.0,1.0,0.5031440426443562,0.0,0.0,0.3276254375995646
0.0,0.0,0.4190883500583513,0.0,0.0,0.4560779154945301
0.0,0.0,0.38750418669361014,0.0,0.0,0.4512078473676938
1.0,0.0,0.4304150736054363,1.0,1.0,0.5140406356356456
1.0,1.0,0.7127916542167907,0.0,0.0,0.4124782677275329
1.0,1.0,0.5287161120884591,1.0,1.0,0.8286144427739272
1.0,0.0,0.45198350000863,0.0,0.0,0.38593454952180045
1.0,1.0,0.5761627710257695,0.0,0.0,0.376666728067853
0.0,1.0,0.5126141203930271,1.0,1.0,0.6879685374145482
0.0,1.0,0.6072478919476089,0.0,0.0,0.47428408271153516
0.0,0.0,0.3903879112916302,1.0,1.0,0.594352297025387
1.0,1.0,0.5769203785892161,1.0,1.0,0.6665611491996849
0.0,0.0,0.4853263175896642,1.0,0.0,0.4726664140889497
1.0,1.0,0.6321833786208177,0.0,0.0,0.42022699153040854
1.0,1.0,0.5140360380565033,0.0,0.0,0.4598103302341114
0.0,0.0,0.45818393757661857,0.0,0.0,0.3253760669734011
1.0,1.0,0.5956985815771434,0.0,0.0,0.43920499947266367
1.0,0.0,0.47725945275093,1.0,0.0,0.39146104349390726
0.0,0.0,0.362768806285625,1.0,1.0,0.521179493823881
0.0,0.0,0.332471406095763,0.0,0.0,0.4439312235877866
1.0,1.0,0.5185877673183078,0.0,0.0,0.39956574367460806
0.0,0.0,0.39099152496513107,1.0,1.0,0.6598737319134234
0.0,0.0,0.34096090440541743,0.0,0.0,0.3965515884953186
0.0,0.0,0.3931494091296489,1.0,1.0,0.5894179033773638
0.0,0.0,0.430456534029489,1.0,1.0,0.6898407048346572
0.0,0.0,0.48045863922947246,1.0,0.0,0.49902537669671054
1.0,1.0,0.7238525213810613,0.0,0.0,0.4477197004990356
0.0,1.0,0.5786684078240143,1.0,0.0,0.3887916338289211
0.0,1.0,0.5181774071791388,0.0,0.0,0.40983483217603933
0.0,0.0,0.43538009054114374,1.0,1.0,0.6851795096744274
1.0,0.0,0.4216269457012875,1.0,0.0,0.4835998553105453
0.0,1.0,0.5082297243755047,1.0,1.0,0.5324501208417376
0.0,0.0,0.42309297601519025,1.0,1.0,0.5072353527709427
0.0,1.0,0.5361267652555416,1.0,0.0,0.4124064134265652
0.0,0.0,0.45332961493452373,0.0,1.0,0.5769974289296621
0.0,0.0,0.35688536429222284,1.0,1.0,0.6526702429929091
0.0,0.0,0.4622994414150488,1.0,1.0,0.7031264888432558
0.0,1.0,0.5128040127673793,1.0,1.0,0.5061897376243406
0.0,0.0,0.4088072560744596,1.0,0.0,0.40743813806258167
1.0,1.0,0.561433218562488,0.0,0.0,0.40226439792926383
0.0,0.0,0.457047360571756,1.0,1.0,0.5183070032514326
1.0,1.0,0.5089531207235758,0.0,0.0,0.4191802922442125
1.0,1.0,0.5342897960516898,0.0,0.0,0.43788758539916073
0.0,0.0,0.43774587754812216,0.0,0.0,0.44671060448874594
0.0,1.0,0.6136460928720169,1.0,1.0,0.8256984318345629
1.0,0.0,0.44928070664766667,0.0,0.0,0.42342257399519617
1.0,1.0,0.5624040453034715,0.0,0.0,0.4614647870052624
0.0,1.0,0.6250043264720556,0.0,0.0,0.4102714953178355
1.0,1.0,0.5242016525339632,1.0,1.0,0.659184635641461
0.0,1.0,0.5722123108692936,0.0,0.0,0.36747943361537594
1.0,1.0,0.6788869530536983,1.0,1.0,0.6366366582419248
0.0,0.0,0.3861240742820493,1.0,0.0,0.4609680488243588
0.0,0.0,0.35956695237090514,0.0,1.0,0.5350214945997717
0.0,0.0,0.35836725786352797,1.0,0.0,0.4882582431467635
0.0,0.0,0.4207306440630635,1.0,1.0,0.7398291944506619
0.0,1.0,0.5051775018599877,1.0,0.0,0.46662069524246297
1.0,1.0,0.654335636989397,1.0,0.0,0.46395638873965733
0.0,0.0,0.4206826309259994,1.0,1.0,0.6577357499360901
1.0,0.0,0.4796050074230367,0.0,0.0,0.41240515942000233
1.0,1.0,0.7157540893923061,0.0,0.0,0.39855502719888547
1.0,1.0,0.6074505977662905,1.0,1.0,0.5607317736645921
1.0,0.0,0.49317303746971614,1.0,0.0,0.45186496298831175
1.0,1.0,0.627346020056423,0.0,1.0,0.5920980534817566
0.0,1.0,0.5053547519403119,1.0,0.0,0.4193414096935544
0.0,0.0,0.3119919985574605,1.0,1.0,0.5518919956148279
0.0,0.0,0.4159667638022039,1.0,0.0,0.44628213482789963
0.0,0.0,0.43282350769075306,0.0,0.0,0.48503554183219766
0.0,0.0,0.373151146070072,0.0,1.0,0.5538089354731203
0.0,0.0,0.3914463143534839,0.0,0.0,0.36903418509753944
0.0,0.0,0.40242522433085187,1.0,1.0,0.506591115083946
0.0,0.0,0.3745165297358387,0.0,0.0,0.4828805878004379
0.0,0.0,0.40522470874824273,1.0,0.0,0.4641639473758944
1.0,1.0,0.5409783964319442,0.0,0.0,0.3920907361100342
0.0,0.0,0.474083060856929,0.0,0.0,0.43160586126032596
1.0,1.0,0.5658723522121635,0.0,0.0,0.3311984992775547
0.0,0.0,0.386039274906294,1.0,0.0,0.466015639238628
0.0,0.0,0.43642145473868504,0.0,0.0,0.4271289593765948
0.0,1.0,0.7249760711254136,0.0,0.0,0.4604142018405328
1.0,0.0,0.39763480605663987,0.0,0.0,0.4521517494250601
1.0,1.0,0.5664212201297006,1.0,0.0,0.4725285590752577
0.0,0.0,0.42114166032739764,1.0,1.0,0.7244062316488908
0.0,0.0,0.4287137482590294,0.0,0.0,0.36930455133786394
1.0,0.0,0.4775438487255816,0.0,0.0,0.3966305285012182
1.0,1.0,0.5541510779567916,0.0,0.0,0.3908752717200092
0.0,0.0,0.4453630195623258,0.0,0.0,0.4505948014322893
1.0,0.0,0.48098852157768024,1.0,1.0,0.5560665760004218
1.0,0.0,0.40020454672439804,0.0,0.0,0.4903491917963977
0.0,0.0,0.3052043677683566,0.0,0.0,0.44861234468815164
0.0,0.0,0.3554384441419985,1.0,1.0,0.5813736016618071
1.0,0.0,0.45314770888891676,1.0,0.0,0.42037398882975413
0.0,1.0,0.5105332431843963,1.0,0.0,0.4657194367642677
1.0,0.0,0.492469323110378,1.0,1.0,0.5163485305536138
1.0,1.0,0.5245808369890246,1.0,0.0,0.49560728122879255
0.0,0.0,0.35447210843518884,0.0,0.0,0.3625084418340887
0.0,0.0,0.3120004677471481,1.0,1.0,0.6122068017974752
0.0,0.0,0.48787201831416604,0.0,0.0,0.44512277080774904
1.0,0.0,0.4719765793665487,1.0,0.0,0.47000372511940247
1.0,1.0,0.5900632119633635,1.0,0.0,0.41678946449219906
1.0,0.0,0.42138302374546166,1.0,1.0,0.7739415567482434
0.0,0.0,0.4557635404543017,1.0,1.0,0.57942538211791
0.0,0.0,0.3995284310258024,1.0,0.0,0.4984396424096877
0.0,0.0,0.3839729222252835,0.0,0.0,0.43272327966216617
1.0,0.0,0.41221139285437985,0.0,0.0,0.3407374754054806
0.0,0.0,0.36409920662671347,1.0,0.0,0.44887522446912864
1.0,1.0,0.6930369399284898,0.0,0.0,0.3910376238140094
1.0,1.0,0.6260587268741005,0.0,0.0,0.33843168853824035
1.0,0.0,0.4987378806141028,1.0,1.0,0.5896241663940376
0.0,0.0,0.4916439643708205,0.0,0.0,0.35289262955835515
1.0,1.0,0.6255607121632656,0.0,0.0,0.4728893549945716
0.0,0.0,0.47116886866961116,0.0,0.0,0.22361071201525046
0.0,0.0,0.3969135115242615,1.0,1.0,0.7225412370890963
0.0,0.0,0.41327083953140276,0.0,0.0,0.3985974287297743
1.0,1.0,0.7273318623889166,0.0,0.0,0.4206566381371601
0.0,0.0,0.35837403699465503,1.0,1.0,0.5283957880357221
0.0,0.0,0.3607926239751652,1.0,0.0,0.36313340383152054
0.0,0.0,0.28166881500555174,1.0,0.0,0.4830567282231912
1.0,1.0,0.510664949500803,0.0,0.0,0.3927713128660343
0.0,0.0,0.415775129267312,1.0,1.0,0.5751151622253181
0.0,0.0,0.3978546593153133,1.0,0.0,0.48842761790367806
0.0,0.0,0.4269415365694107,1.0,1.0,0.5863256616892882
1.0,1.0,0.6934635461020338,0.0,0.0,0.39601464669805364
0.0,0.0,0.2601093743034497,1.0,0.0,0.4673968221101804
1.0,1.0,0.5610991669549955,1.0,0.0,0.3846594217037703
0.0,0.0,0.34475146344826296,1.0,1.0,0.5773986921406828
1.0,0.0,0.4523003774494001,0.0,0.0,0.457071577858254
1.0,1.0,0.6140570768043861,1.0,1.0,0.6929947705744264
1.0,0.0,0.4064119872648241,1.0,0.0,0.48450715393338817
0.0,0.0,0.3818235739239043,0.0,0.0,0.3755159277352355
1.0,0.0,0.49751532698047257,0.0,0.0,0.4322662372525872
1.0,1.0,0.5255585593983543,0.0,0.0,0.4982617591432322
1.0,1.0,0.7008216457545501,1.0,1.0,0.7483610471188379
1.0,1.0,0.5482801548965064,0.0,1.0,0.5025398034405973
1.0,1.0,0.5266787001658045,0.0,0.0,0.3631689597822862
0.0,0.0,0.4217515242415076,1.0,1.0,0.5820765699843492
0.0,0.0,0.4066158926841568,1.0,1.0,0.7437479923322227
1.0,0.0,0.47880287561632945,1.0,0.0,0.45511830868215514
1.0,0.0,0.4652014856532257,0.0,0.0,0.4700705145626684
0.0,0.0,0.33791706049483,0.0,0.0,0.37606952057608967
0.0,0.0,0.4122799898062317,0.0,0.0,0.43765884161419044
1.0,1.0,0.6372547985163834,1.0,1.0,0.6580120774865075
1.0,1.0,0.5606812454149713,1.0,1.0,0.5257725936001758
1.0,1.0,0.5264602046141189,0.0,1.0,0.5720372317898553
1.0,1.0,0.6362586762329026,0.0,0.0,0.38911303646659423
0.0,0.0,0.4834154953400496,0.0,0.0,0.4358494492613417
0.0,0.0,0.3812297798198659,1.0,1.0,0.5412857007139412
1.0,1.0,0.5909798928159122,0.0,0.0,0.4883449327627329
0.0,0.0,0.39304143899793403,1.0,1.0,0.6707219153997958
1.0,1.0,0.8002687450941443,0.0,0.0,0.44221012605192056
0.0,0.0,0.4532142760340563,1.0,1.0,0.5724276070464693
0.0,0.0,0.21973724144811788,1.0,1.0,0.6596521820480875
1.0,0.0,0.4992405262059295,1.0,1.0,0.7351354378976634
0.0,0.0,0.42736346363123967,0.0,0.0,0.21973724144811788
0.0,0.0,0.28656038193825073,1.0,1.0,0.6354795611448871
1.0,1.0,0.593772720732386,0.0,0.0,0.4098154843684742
1.0,0.0,0.4267483268683117,0.0,0.0,0.4226405740117862
0.0,0.0,0.3905071231706613,1.0,0.0,0.3560334420933987
0.0,0.0,0.4124058650448939,1.0,1.0,0.7410778286737096
1.0,1.0,0.529612653009974,0.0,0.0,0.4079008872107488
1.0,1.0,0.5178197425064985,1.0,0.0,0.4972512546180282
0.0,0.0,0.47241418702466964,1.0,0.0,0.4855260005019553
0.0,0.0,0.4354054822008333,1.0,0.0,0.3566122705292188
0.0,0.0,0.4511710041661233,1.0,0.0,0.39719849947256175
0.0,0.0,0.36389680290915577,0.0,0.0,0.40514265224071866
0.0,0.0,0.47682158094605287,1.0,1.0,0.5419677416512391
1.0,0.0,0.4667653925838196,1.0,1.0,0.6921982537889466
0.0,1.0,0.6679900052909148,0.0,0.0,0.48779251429787424
1.0,1.0,0.5286249438842318,1.0,0.0,0.4823628196257567
0.0,1.0,0.567575455321959,0.0,0.0,0.41325664256822525
0.0,0.0,0.48906356822318203,1.0,1.0,0.5321703595592014
0.0,0.0,0.3261111914489478,1.0,0.0,0.4582998861925492
1.0,1.0,0.618189098186046,0.0,0.0,0.4656434259926564
0.0,0.0,0.32349671808449,0.0,0.0,0.4061283170703995
1.0,1.0,0.5597539178568104,0.0,0.0,0.41198457329904387
1.0,0.0,0.45609327195208993,0.0,0.0,0.21973724144811788
0.0,0.0,0.4855605368752006,0.0,0.0,0.4571538445105399
0.0,0.0,0.4654955148004561,1.0,0.0,0.4420103948148082
0.0,0.0,0.46195312136061323,1.0,0.0,0.42857333440883827
1.0,1.0,0.8069499013987695,0.0,0.0,0.4086254065700617
1.0,0.0,0.46344781444752375,0.0,0.0,0.38802914219196316
1.0,1.0,0.6024424367432076,0.0,0.0,0.480352171247584
1.0,1.0,0.5294115698458878,0.0,1.0,0.517083447164797
0.0,0.0,0.4990196031822067,0.0,0.0,0.3830836198157727
1.0,0.0,0.4957850690382306,0.0,0.0,0.4298957980107606
1.0,0.0,0.4004054254207744,0.0,0.0,0.4225199970487112
1.0,0.0,0.40863901576865,1.0,1.0,0.5184898218648509
1.0,1.0,0.5850751546772964,1.0,1.0,0.7078884022085963
0.0,0.0,0.4992577099656531,1.0,0.0,0.4199640539631447
0.0,0.0,0.4120758989659903,0.0,0.0,0.37764321684503743
1.0,0.0,0.44074604414249297,1.0,0.0,0.43544589512057236
0.0,1.0,0.5086213127000057,1.0,0.0,0.3718261000756425
1.0,0.0,0.4453007476442144,1.0,0.0,0.46920237557646427
1.0,1.0,0.6173415787510939,0.0,0.0,0.3910701370430321
1.0,1.0,0.8225683564268805,1.0,1.0,0.82804102300637
0.0,0.0,0.4206332885369625,1.0,1.0,0.8261113959268085
0.0,1.0,0.5695049206309992,1.0,1.0,0.6541106856880189
1.0,0.0,0.37144532360732585,0.0,0.0,0.4216575362024228
0.0,0.0,0.47073703467285677,1.0,1.0,0.6497400956977574
0.0,0.0,0.49858260850876285,1.0,0.0,0.41278423022697597
0.0,0.0,0.3411858814192428,1.0,1.0,0.582324192529128
0.0,0.0,0.33972503251643293,1.0,0.0,0.4884986621081652
1.0,0.0,0.4284025183566687,0.0,1.0,0.518184998663594
1.0,1.0,0.5498038740488145,0.0,1.0,0.651125942886626
1.0,1.0,0.7467191489963304,1.0,1.0,0.6817311343425617
1.0,1.0,0.5799134376439986,0.0,0.0,0.3874212222686286
0.0,0.0,0.4125026805955039,0.0,0.0,0.3949647924660532
1.0,1.0,0.5612095101687281,1.0,0.0,0.43860946144841806
0.0,0.0,0.3728401159502351,0.0,0.0,0.34177492539839954
0.0,0.0,0.47324926825631203,1.0,0.0,0.4040163362877827
0.0,0.0,0.43378964393218944,1.0,1.0,0.6405855130710495
1.0,1.0,0.5408292254163615,0.0,0.0,0.32805479297508366
0.0,0.0,0.41840509758356337,0.0,0.0,0.4112616295173381
1.0,0.0,0.4752845771492943,0.0,0.0,0.4288221792222694
1.0,1.0,0.5341083504230282,0.0,0.0,0.48681973633634934
0.0,0.0,0.3504521543457369,0.0,0.0,0.3872316368012111
1.0,1.0,0.6653321063590368,0.0,0.0,0.4232393407847186
0.0,0.0,0.41256708153428284,1.0,1.0,0.5796809080987692
0.0,0.0,0.40930975355311866,1.0,1.0,0.5495774684649467
0.0,0.0,0.41417649578996135,0.0,1.0,0.5443791075040756
1.0,1.0,0.6514490403956771,0.0,0.0,0.46348300220423067
0.0,0.0,0.39105639799367137,1.0,0.0,0.4812464944952793
1.0,1.0,0.5028300847579619,0.0,1.0,0.5758904102001373
0.0,0.0,0.49007767920468054,1.0,1.0,0.5447977994467061
0.0,0.0,0.45231979993090504,0.0,0.0,0.40054858836551127
1.0,0.0,0.42553621740449066,0.0,0.0,0.40125687592536957
0.0,0.0,0.429021461493064,0.0,0.0,0.3544428700436959
1.0,0.0,0.33973833050651253,0.0,0.0,0.481790844896914
0.0,0.0,0.3162602215900829,0.0,0.0,0.34786231570247383
0.0,0.0,0.3328505195286704,1.0,1.0,0.6106831450028
0.0,0.0,0.4573574792481449,1.0,0.0,0.3727429848432248
1.0,1.0,0.8253613641909122,1.0,1.0,0.6923808606047843
0.0,0.0,0.37379859452187164,1.0,1.0,0.726065178281872
0.0,0.0,0.48018175436506727,1.0,0.0,0.4529972589213493
0.0,0.0,0.39205764517000546,1.0,0.0,0.44597493707231867
0.0,0.0,0.37490788251873647,0.0,0.0,0.4155596508638468
1.0,0.0,0.42340855174882974,0.0,0.0,0.3791076509756193
0.0,0.0,0.4473004948348578,0.0,1.0,0.6313957330250682
1.0,0.0,0.46300293486498295,0.0,0.0,0.3710847696097049
1.0,0.0,0.38698370758842643,0.0,0.0,0.45968405255276973
1.0,0.0,0.4522383092915935,0.0,0.0,0.4776077340723228
0.0,0.0,0.37047601118245754,1.0,1.0,0.6771244876893671
1.0,1.0,0.5373481771148477,0.0,0.0,0.3875214950711247
1.0,0.0,0.4601732692971477,1.0,0.0,0.46586961089812434
0.0,0.0,0.34434608006966655,0.0,0.0,0.36522436875071956
1.0,0.0,0.4025984278007222,0.0,0.0,0.451930744719274
0.0,0.0,0.3926552664444618,1.0,0.0,0.38546779614963567
0.0,0.0,0.3905458317541087,0.0,0.0,0.4928118360276307
0.0,1.0,0.5079206873478074,1.0,1.0,0.6406936412632686
1.0,1.0,0.5107676722740578,0.0,0.0,0.41145907050692815
0.0,0.0,0.3929182252649706,1.0,1.0,0.55485521907372
0.0,0.0,0.4633016725303128,0.0,0.0,0.4827465619958696
1.0,1.0,0.6173819356298148,0.0,0.0,0.38683989439562905
1.0,1.0,0.5371955265794967,0.0,0.0,0.4631178631683585
1.0,1.0,0.8419079820582066,0.0,0.0,0.3932233775336756
0.0,0.0,0.3403415053637383,0.0,0.0,0.36742134579305513
1.0,1.0,0.5398176689282959,1.0,1.0,0.6121986118966182
1.0,0.0,0.4809170056495673,0.0,0.0,0.43334608717848033
1.0,1.0,0.5104594499561106,0.0,1.0,0.5016752544302872
1.0,1.0,0.6849339782700496,0.0,0.0,0.497035832737213
1.0,0.0,0.434045993121271,1.0,1.0,0.5227970424808713
1.0,1.0,0.7160671710338393,0.0,0.0,0.3361257226729939
1.0,1.0,0.6738763319065583,1.0,0.0,0.44660348629342533
0.0,0.0,0.47005052909430317,0.0,0.0,0.3948307977936533
1.0,0.0,0.4281810853044865,0.0,0.0,0.34978012041210216
0.0,0.0,0.4128795956584118,0.0,0.0,0.497348078876428
1.0,1.0,0.5395495476024167,0.0,0.0,0.3659157141147171
1.0,0.0,0.45183248393352193,0.0,0.0,0.411480870958852
0.0,0.0,0.41556544088828223,0.0,0.0,0.4327214785224192
0.0,0.0,0.4716882087579088,0.0,1.0,0.5646786691780468
0.0,0.0,0.32376266313264257,1.0,1.0,0.5130135650500234
0.0,1.0,0.6657490834427033,0.0,0.0,0.4604804489171229
1.0,0.0,0.4137145974819028,0.0,0.0,0.39910527346759356
0.0,0.0,0.3293883818618809,1.0,0.0,0.4835998553105453
0.0,0.0,0.3980441625481368,0.0,0.0,0.44659281208696594
0.0,0.0,0.37049016735111523,1.0,1.0,0.5333180987200716
0.0,0.0,0.4349683405611956,1.0,0.0,0.41994800273028887
0.0,0.0,0.4411867522321217,1.0,0.0,0.36768748811201535
0.0,0.0,0.47187106145376106,1.0,1.0,0.5897917707708172
1.0,1.0,0.6677941302284268,0.0,0.0,0.4885908089622596
0.0,0.0,0.4813261533278628,0.0,0.0,0.3289436817369178
1.0,1.0,0.6650869393904516,0.0,0.0,0.4224924183648879
0.0,0.0,0.3339951738834333,1.0,1.0,0.5494826351726039
1.0,0.0,0.45597867193743635,1.0,1.0,0.6280227631814134
0.0,0.0,0.4403984274717194,1.0,0.0,0.482923724535025
1.0,1.0,0.5451029481659192,0.0,0.0,0.40882390886625686
0.0,0.0,0.3728075157986804,1.0,1.0,0.6858959072561945
1.0,0.0,0.46602003237808604,0.0,0.0,0.4628488250418758
1.0,0.0,0.4746702159421566,0.0,1.0,0.5646786691780468
0.0,0.0,0.4188034846187291,1.0,0.0,0.4269347668432332
1.0,0.0,0.4193617889669249,0.0,0.0,0.38954314942030466
1.0,1.0,0.6625554595487855,1.0,0.0,0.46836468476672305
0.0,0.0,0.49609564383096977,0.0,0.0,0.39110586365608463
0.0,0.0,0.445583107741943,0.0,0.0,0.309861681709023
1.0,1.0,0.7438228559318348,0.0,0.0,0.3973278832757208
1.0,1.0,0.6462640152347139,0.0,0.0,0.35809957932085607
1.0,1.0,0.6552873451219694,0.0,0.0,0.391867948643997
0.0,1.0,0.649630603898621,1.0,1.0,0.8456190598637484
0.0,0.0,0.42645824688153255,0.0,0.0,0.3678071331371013
1.0,1.0,0.8064504003537744,0.0,0.0,0.31694921844289975
0.0,0.0,0.4175030864256842,1.0,1.0,0.7941934703195138
1.0,0.0,0.4627373892341314,1.0,1.0,0.7647968764367992
0.0,0.0,0.4235448514815722,0.0,0.0,0.4418443753339941
0.0,0.0,0.43885049834999934,1.0,0.0,0.463406749578966
1.0,1.0,0.5027422149907773,0.0,0.0,0.42897099779389325
1.0,1.0,0.7467989521377073,0.0,0.0,0.4097780479544576
0.0,0.0,0.43914943424821773,0.0,0.0,0.445338968980277
0.0,0.0,0.4567640781071723,0.0,0.0,0.30683677282935545
0.0,1.0,0.5053502995947753,0.0,1.0,0.6368891793243064
1.0,1.0,0.5563033353128655,1.0,0.0,0.44763470377856357
1.0,0.0,0.41417649578996135,1.0,1.0,0.5379478554728698
0.0,0.0,0.4628444362338131,0.0,1.0,0.501678237973125
1.0,1.0,0.7610470083883792,1.0,1.0,0.733266470932523
1.0,0.0,0.42651613436686187,0.0,0.0,0.3721992189804265
0.0,0.0,0.36885125713703903,0.0,0.0,0.3661397794532211
1.0,0.0,0.49341188920836987,1.0,0.0,0.4026866244992085
0.0,0.0,0.3320457964898917,1.0,0.0,0.4976579444189639
0.0,0.0,0.42418778426113257,1.0,0.0,0.4754265074289151
0.0,0.0,0.3980264556705285,1.0,1.0,0.5796217077030469
1.0,1.0,0.5079875382162807,1.0,0.0,0.36807384084746136
0.0,0.0,0.32680248844811444,0.0,1.0,0.5182240919505215
0.0,0.0,0.4067387376358773,0.0,0.0,0.3766092175424914
1.0,0.0,0.43704867278948384,0.0,0.0,0.38258920241799316
1.0,0.0,0.3949219404698141,1.0,1.0,0.5196551243544624
0.0,1.0,0.581252993970585,0.0,0.0,0.26948417521720824
0.0,0.0,0.3451898506036694,1.0,0.0,0.44554583872110337
1.0,0.0,0.4858956185062283,1.0,1.0,0.5588057449987974
0.0,0.0,0.34429175592545336,1.0,1.0,0.6149779816316766
0.0,0.0,0.380791579934796,0.0,0.0,0.46871415583154075
0.0,0.0,0.3672615673919002,1.0,0.0,0.35015712156158485
0.0,1.0,0.5615933192335656,1.0,1.0,0.8377385107629752
0.0,0.0,0.4058748947933941,1.0,0.0,0.42707670457059477
0.0,0.0,0.432349041166348,1.0,1.0,0.693636057558679
1.0,0.0,0.48009663972076055,1.0,1.0,0.5315683923802255
0.0,0.0,0.4591730701582778,0.0,1.0,0.5725358118779608
0.0,0.0,0.4240378752149541,0.0,0.0,0.37828083408883045
0.0,0.0,0.3545396789631053,1.0,1.0,0.7647968764367992
1.0,1.0,0.6526702429929091,0.0,0.0,0.43157145240949796
1.0,0.0,0.41964900345032835,1.0,1.0,0.5885709915377154
0.0,0.0,0.33266627287187556,0.0,0.0,0.3140465685559624
1.0,1.0,0.5720956877650644,1.0,1.0,0.667462261748181
1.0,0.0,0.4419960647608449,1.0,1.0,0.7074449600756222
0.0,0.0,0.332471406095763,1.0,1.0,0.6609357028338282
0.0,0.0,0.492469323110378,1.0,0.0,0.428282289839717
0.0,0.0,0.38563481820573386,1.0,1.0,0.5475995045754382
0.0,0.0,0.4277789213834252,0.0,0.0,0.3361820154874336
1.0,1.0,0.5670365861437182,0.0,0.0,0.4583410719131191
1.0,0.0,0.46523175759378127,1.0,0.0,0.4756239512415402
1.0,0.0,0.4951856338336559,0.0,0.0,0.34135634626706407
0.0,0.0,0.37136653450462437,1.0,0.0,0.4278074219968406
0.0,0.0,0.36997838329609306,1.0,1.0,0.6049996545358846
1.0,0.0,0.4950328830274795,1.0,1.0,0.7403374671984064
0.0,0.0,0.4244701826925789,1.0,0.0,0.38462991342059666
0.0,0.0,0.44541236828428854,0.0,1.0,0.5406398606140824
0.0,1.0,0.5154693437393828,0.0,1.0,0.5322969440318883
1.0,0.0,0.49997374580883686,1.0,1.0,0.6370447358791139
0.0,0.0,0.3663896774221606,1.0,0.0,0.40307373060497287
0.0,0.0,0.4994129241525783,1.0,1.0,0.584568677399529
1.0,0.0,0.44542278060488333,1.0,0.0,0.35375299898554946
1.0,1.0,0.7155663958387635,1.0,1.0,0.8078091611636558
1.0,1.0,0.6005832812899121,0.0,0.0,0.4095847397661526
0.0,0.0,0.39256916536831693,0.0,1.0,0.5155603729198838
1.0,0.0,0.3846852927320974,0.0,1.0,0.5084008692624417
1.0,1.0,0.5022578647016783,1.0,0.0,0.4659061982734339
0.0,0.0,0.45601116049176244,0.0,0.0,0.44683361721953524
0.0,0.0,0.4264652485830352,0.0,0.0,0.4561391341767932
1.0,0.0,0.4841842373619049,1.0,1.0,0.5678356045939423
0.0,0.0,0.4744086497611152,0.0,0.0,0.3940622276198165
0.0,0.0,0.48627913981735055,0.0,0.0,0.33833501761189305
0.0,0.0,0.46207909920834006,1.0,0.0,0.4250307592537644
0.0,1.0,0.626347265407769,1.0,0.0,0.40091509856935786
0.0,0.0,0.382330398366762,0.0,1.0,0.6556377824500023
1.0,1.0,0.6579948771463818,0.0,0.0,0.40118861861145216
1.0,1.0,0.620099672932666,1.0,1.0,0.5241030084330016
0.0,0.0,0.4435384521525328,1.0,0.0,0.47923029234418757
1.0,0.0,0.40254037534374176,1.0,1.0,0.5236364134419246
1.0,0.0,0.48340284189816074,1.0,0.0,0.4379953108104271
1.0,1.0,0.7507896976605888,1.0,0.0,0.373126048935981
0.0,0.0,0.48591976974109413,0.0,0.0,0.3561138300116596
0.0,0.0,0.3908222491053143,0.0,0.0,0.4028806393307714
1.0,0.0,0.4174774698626343,1.0,1.0,0.6919587125187934
0.0,0.0,0.3193721412087622,1.0,1.0,0.7241118771967412
0.0,0.0,0.44690047192143595,1.0,1.0,0.724559413533757
1.0,1.0,0.779537929340966,0.0,0.0,0.4887063687941528
0.0,0.0,0.3605012867813099,1.0,1.0,0.5839843424649698
1.0,1.0,0.5049907813085543,0.0,0.0,0.4088172633880603
0.0,0.0,0.441605321430361,1.0,1.0,0.6615887367237505
1.0,0.0,0.43689589376318827,0.0,0.0,0.44283229733709806
0.0,0.0,0.34308689450163443,1.0,0.0,0.4282299950268573
0.0,1.0,0.6179700304976372,0.0,0.0,0.46014999786937044
0.0,1.0,0.5288650940746248,1.0,1.0,0.5843768216992757
1.0,0.0,0.37459071629629703,1.0,0.0,0.45617443643593153
0.0,0.0,0.4956331872008023,0.0,0.0,0.4644658238830789
1.0,1.0,0.7049290104361352,0.0,0.0,0.39398192211300853
0.0,0.0,0.39455582833138664,1.0,0.0,0.495172332086915
1.0,0.0,0.40519059295054377,1.0,1.0,0.806259839088695
1.0,1.0,0.625786678634858,1.0,0.0,0.39700164040776525
1.0,1.0,0.5283742639804898,0.0,0.0,0.3893522505142405
1.0,0.0,0.471935782468245,1.0,0.0,0.4946140916515777
1.0,1.0,0.6231730763131504,0.0,0.0,0.3884179808932392
1.0,1.0,0.6288926890174175,1.0,1.0,0.7923796252706631
1.0,1.0,0.5689517155626872,1.0,0.0,0.4156898681932507
1.0,1.0,0.6325636313779758,1.0,1.0,0.6614164055421737
0.0,0.0,0.33349587937475694,1.0,0.0,0.45927112083188076
0.0,0.0,0.3801095712800727,1.0,1.0,0.6499583061684443
1.0,0.0,0.3660667124931936,1.0,0.0,0.4410118013294172
0.0,0.0,0.4982655737068616,0.0,0.0,0.4710626105333152
0.0,0.0,0.3730546109089381,0.0,0.0,0.40926453085146625
0.0,0.0,0.48347473435500693,1.0,1.0,0.5643604144770125
0.0,0.0,0.433824345968859,1.0,0.0,0.4637268528437356
0.0,0.0,0.39352127256642516,1.0,1.0,0.5089717733859546
1.0,0.0,0.4953219079038633,1.0,0.0,0.41964900345032835
1.0,0.0,0.4930360815527513,0.0,0.0,0.45020372024981414
0.0,0.0,0.4293292684663656,0.0,0.0,0.36887146129660725
1.0,1.0,0.7661525163575064,0.0,0.0,0.3920704656223512
0.0,0.0,0.42085950386936927,0.0,0.0,0.45859640386357087
1.0,1.0,0.5505811029117637,0.0,0.0,0.4402214434844104
0.0,0.0,0.4238262211842253,1.0,1.0,0.686875084526945
0.0,0.0,0.3668816580222639,1.0,1.0,0.5097258473682683
1.0,1.0,0.6539752679842469,0.0,0.0,0.4578606085056863
0.0,0.0,0.35166610680160276,1.0,0.0,0.3879664979078622
1.0,0.0,0.4672823272173006,0.0,0.0,0.4114003881128463
0.0,0.0,0.39242445834806994,1.0,0.0,0.4957681701690656
0.0,0.0,0.4914380936936018,1.0,0.0,0.4169981996369027
0.0,0.0,0.40349994909622305,1.0,0.0,0.36697942266881206
1.0,0.0,0.4536931511016897,0.0,0.0,0.4371527303186111
0.0,0.0,0.38644011748439716,1.0,0.0,0.48360088004013174
0.0,0.0,0.3659319629790738,0.0,0.0,0.46493976140576043
0.0,0.0,0.36313340383152054,0.0,0.0,0.3404260993691313
1.0,0.0,0.3872105266347099,0.0,0.0,0.3387404724917984
0.0,0.0,0.3864540484045979,1.0,0.0,0.4455404851800512
0.0,0.0,0.4054661746435555,0.0,0.0,0.4065897790946944
1.0,1.0,0.711743862507088,0.0,0.0,0.40909203248830045
0.0,0.0,0.42217972724101777,1.0,1.0,0.5904933510079637
0.0,0.0,0.4595447822777553,0.0,0.0,0.3468088589923163
1.0,0.0,0.45850640174363366,1.0,1.0,0.5220027807997519
0.0,0.0,0.3600745390473438,1.0,0.0,0.4306729498102781
0.0,0.0,0.37596796283574246,1.0,1.0,0.5947104304998738
0.0,0.0,0.4126431349222831,1.0,1.0,0.5329580385374701
0.0,0.0,0.31077874626321,1.0,1.0,0.5403656101918879
1.0,1.0,0.5298762417267645,1.0,0.0,0.4145733320173948
1.0,0.0,0.46940127157129735,1.0,1.0,0.5430674764754124
1.0,0.0,0.4339495155245786,0.0,0.0,0.41339239600254
0.0,1.0,0.5138683570939359,1.0,1.0,0.5177150080420482
1.0,1.0,0.5888318011719692,0.0,0.0,0.4767080687725877
0.0,0.0,0.4034980951027459,0.0,0.0,0.4035490806943474
0.0,1.0,0.6610591144092499,0.0,0.0,0.43991531295396896
1.0,1.0,0.7952101946362836,0.0,0.0,0.41671155454340125
0.0,0.0,0.40356859075769425,1.0,1.0,0.5054968871342604
1.0,1.0,0.5196204991408155,1.0,0.0,0.40525205902974115
1.0,1.0,0.582795534218871,1.0,1.0,0.5575454331570432
1.0,1.0,0.5748918144570142,1.0,0.0,0.4279362771932334
1.0,1.0,0.6057109066631126,1.0,1.0,0.5464642487459686
0.0,0.0,0.41315813924944006,0.0,0.0,0.422247665873757
0.0,0.0,0.3760989844240008,1.0,1.0,0.5231395122598893
0.0,0.0,0.37994145332883666,1.0,1.0,0.687866450791075
0.0,0.0,0.3436155431410493,0.0,0.0,0.39571368234670296
0.0,0.0,0.4148832651196816,1.0,0.0,0.4735333204558999
1.0,0.0,0.3728415226150223,0.0,0.0,0.45421378791654604
1.0,0.0,0.43848895164684953,0.0,0.0,0.3699063225541086
1.0,1.0,0.6353170275918012,1.0,1.0,0.5005574205138826
0.0,0.0,0.4412636565679309,0.0,0.0,0.21973724144811788
1.0,1.0,0.5202031455066026,1.0,1.0,0.5506631619213616
0.0,0.0,0.4032205950458582,1.0,0.0,0.44462984466485067
0.0,0.0,0.4219365732852949,0.0,1.0,0.5058612230682592
0.0,0.0,0.39186298627643673,1.0,0.0,0.45908979431444064
0.0,0.0,0.43429090972459033,0.0,1.0,0.5295414720123945
1.0,0.0,0.40008778608349144,1.0,0.0,0.492256810653164
0.0,0.0,0.4351970813894736,0.0,0.0,0.42782847594644413
1.0,1.0,0.575131144288489,0.0,0.0,0.3636199560335695
0.0,0.0,0.3308691359125815,0.0,1.0,0.5025528919129749
1.0,1.0,0.6324227021175334,1.0,1.0,0.5553947763376482
1.0,0.0,0.4593230030828521,0.0,0.0,0.3036708696137447
1.0,1.0,0.5643261525217443,0.0,0.0,0.47585007930523376
0.0,0.0,0.3727089152471525,1.0,1.0,0.5582668056399457
0.0,0.0,0.4973781337870313,0.0,0.0,0.4519859670375074
0.0,0.0,0.42334033444759145,0.0,0.0,0.3131231303103299
0.0,0.0,0.344748928187241,0.0,0.0,0.3351137975218347
0.0,0.0,0.3577951805529437,0.0,0.0,0.38636864973356744
0.0,0.0,0.3745598564581297,1.0,1.0,0.6379436939144151
0.0,1.0,0.5257449741804661,1.0,1.0,0.5471852427318525
1.0,0.0,0.4682684334367451,1.0,1.0,0.7289202195418482
0.0,0.0,0.49496023344257367,0.0,0.0,0.3531785283013263
1.0,1.0,0.5813269786971903,1.0,0.0,0.4601077343211958
1.0,1.0,0.7473475118788793,1.0,0.0,0.43230489467330535
0.0,1.0,0.5190437920315454,0.0,0.0,0.3439395061473644
1.0,1.0,0.5615257104592193,1.0,0.0,0.4158132317821939
0.0,0.0,0.37716581165245855,0.0,0.0,0.4325158506938642
0.0,0.0,0.3959555030793276,0.0,0.0,0.3484060204088377
0.0,0.0,0.3975935017914893,1.0,0.0,0.3950617216818501
0.0,0.0,0.3314560732950832,0.0,0.0,0.3798652157469288
0.0,0.0,0.39805943817096373,0.0,1.0,0.607289267878487
1.0,1.0,0.6172843921088079,0.0,0.0,0.4647999051372807
1.0,1.0,0.5686613208417247,0.0,0.0,0.4056935776158161
0.0,0.0,0.47498189314104905,1.0,1.0,0.8275470829171512
1.0,1.0,0.6081028685275163,0.0,1.0,0.5577237596843713
0.0,0.0,0.45674469313360344,0.0,0.0,0.37884710122819515
0.0,0.0,0.39960037920659125,1.0,1.0,0.6859096236549811
0.0,0.0,0.3914356085812571,1.0,1.0,0.5907272276392072
1.0,0.0,0.4498896019450126,0.0,0.0,0.37036433132257734
0.0,0.0,0.4062813524448233,1.0,0.0,0.46869415732996317
1.0,1.0,0.6469139012196038,0.0,0.0,0.3260208121406177
0.0,0.0,0.46543828897716377,0.0,0.0,0.42898889624973524
1.0,0.0,0.41744786274577833,0.0,1.0,0.5396545202545158
0.0,0.0,0.3718113163418272,1.0,1.0,0.500828394754272
1.0,0.0,0.48721883711376496,0.0,0.0,0.31253071905076185
1.0,0.0,0.4210494992839,1.0,1.0,0.5685101443526491
1.0,0.0,0.43322509430383505,1.0,1.0,0.6599608855568551
1.0,0.0,0.4932216704903915,1.0,1.0,0.5130469543739105
0.0,0.0,0.40758294798095296,0.0,0.0,0.3766603714290722
1.0,1.0,0.5131813671114507,1.0,0.0,0.41597975558824624
1.0,0.0,0.44631820592782967,0.0,0.0,0.4025754050985894
1.0,0.0,0.4886510159700154,1.0,1.0,0.515175485330443
1.0,0.0,0.4657763091510092,0.0,1.0,0.6419591798005042
0.0,0.0,0.449531808925076,1.0,1.0,0.6541719971974944
1.0,0.0,0.43885648841516234,1.0,0.0,0.4475850322795258
1.0,0.0,0.4307401354925484,1.0,0.0,0.48082414995184813
0.0,0.0,0.3340440963597474,0.0,0.0,0.4444290564513363
0.0,0.0,0.3445993605476163,0.0,0.0,0.44899481425561916
1.0,0.0,0.48913744566052,1.0,1.0,0.5087308951383956
1.0,1.0,0.5577346693668176,0.0,1.0,0.5134710092968017
1.0,0.0,0.4860576660544819,1.0,0.0,0.4498200255386725
0.0,0.0,0.3397198254814131,0.0,0.0,0.36856207322667556
0.0,0.0,0.3303886779705782,1.0,0.0,0.4113307815021912
1.0,1.0,0.7068065627762881,0.0,0.0,0.33625920637032697
1.0,0.0,0.4852463665817642,1.0,1.0,0.5489022310299104
0.0,0.0,0.34684176199516853,1.0,0.0,0.48695787441809457
1.0,0.0,0.42325337770455496,1.0,0.0,0.46073341857035377
0.0,0.0,0.46506171937465773,1.0,1.0,0.637837913683234
1.0,1.0,0.5894005381413675,0.0,0.0,0.39701352307338666
0.0,0.0,0.39678735744128946,1.0,1.0,0.7403353370603273
0.0,0.0,0.2965038060991352,1.0,0.0,0.492469323110378
1.0,0.0,0.4186381629033724,0.0,1.0,0.5990377206633674
0.0,0.0,0.43306134370446525,0.0,0.0,0.4707450807220467
0.0,0.0,0.2731520758456102,0.0,0.0,0.4354054822008333
0.0,0.0,0.3766563172929697,1.0,0.0,0.4617134716289473
0.0,0.0,0.36188228440518794,0.0,0.0,0.4519659316799699
1.0,0.0,0.4130681558433402,0.0,0.0,0.38534777027402456
0.0,0.0,0.3609212245419,1.0,1.0,0.5858582133262304
1.0,0.0,0.35345950753242006,1.0,0.0,0.46603873108222577
0.0,1.0,0.5208031906721858,1.0,1.0,0.8296596228417448
0.0,0.0,0.44203573261176704,0.0,0.0,0.44505895316691063
0.0,0.0,0.3685374225396207,1.0,1.0,0.6424930707317655
1.0,1.0,0.6569030634795218,0.0,0.0,0.3601121889823922
0.0,0.0,0.38377560478046446,1.0,0.0,0.4823072687720555
0.0,0.0,0.2840597201270196,0.0,0.0,0.41876391027314414
1.0,1.0,0.592177741523674,1.0,1.0,0.5143251166298353
1.0,0.0,0.4911346506241021,0.0,0.0,0.4113728117819295
0.0,0.0,0.40380858464496455,0.0,0.0,0.39122829081671484
0.0,0.0,0.41167106514014823,1.0,0.0,0.37632088984369727
0.0,0.0,0.42902915700349475,1.0,0.0,0.42272167019352325
0.0,0.0,0.37072387261271705,1.0,0.0,0.42230324708192335
0.0,0.0,0.4125500878280097,0.0,0.0,0.3989633731160725
1.0,1.0,0.5632826021121071,1.0,1.0,0.5464339178657135
0.0,0.0,0.4474759791589804,1.0,1.0,0.7329922990961633
0.0,0.0,0.3884179808932392,1.0,1.0,0.6606486817411225
0.0,0.0,0.35265129012014673,0.0,0.0,0.43354410139209
1.0,0.0,0.3956137422823894,1.0,1.0,0.5118594178878246
1.0,0.0,0.461704994709323,1.0,0.0,0.4477892279504871
1.0,1.0,0.5591044494005023,0.0,0.0,0.34022852447855384
0.0,0.0,0.4510614583127449,0.0,0.0,0.4147584999623601
0.0,0.0,0.4247927909511947,0.0,1.0,0.5153327874665214
1.0,0.0,0.3965263014932893,1.0,0.0,0.4840880013309041
0.0,0.0,0.4099175407524133,0.0,0.0,0.332471406095763
0.0,0.0,0.37549638726983103,1.0,1.0,0.6338819248411626
1.0,0.0,0.49395361602086246,0.0,0.0,0.3907084031215952
0.0,0.0,0.41088790440130096,1.0,1.0,0.5675069060976348
1.0,0.0,0.4028816305372531,1.0,1.0,0.5957983082178875
0.0,0.0,0.28548871664773884,0.0,0.0,0.40059980606850243
1.0,0.0,0.4576573348605967,1.0,1.0,0.5195677680985358
0.0,0.0,0.3788032072030605,1.0,0.0,0.49006748534129757
0.0,0.0,0.38636864973356744,1.0,0.0,0.4290554851041331
1.0,1.0,0.6855720499438511,0.0,0.0,0.3089149679413397
1.0,0.0,0.4974144812397053,0.0,0.0,0.4260660202207715
1.0,0.0,0.4706882795124502,0.0,0.0,0.4055833662393626
1.0,0.0,0.40631693479602965,0.0,0.0,0.4556340925037083
0.0,0.0,0.32063346386466834,0.0,0.0,0.3904215842475054
1.0,1.0,0.6629599832444188,1.0,1.0,0.5185071493919211
0.0,0.0,0.38296671882030736,1.0,1.0,0.5777744848448803
1.0,0.0,0.4745068386954456,1.0,0.0,0.3678250273624102
0.0,0.0,0.4567640781071723,1.0,0.0,0.4702564549846859
1.0,1.0,0.6107018640850891,1.0,1.0,0.6518991257312832
0.0,0.0,0.4067467556882572,0.0,0.0,0.4044601729828966
1.0,1.0,0.7403353370603273,1.0,1.0,0.5739723490805353
1.0,1.0,0.5902253271159528,0.0,0.0,0.42956302650432104
0.0,0.0,0.4993147445223113,0.0,0.0,0.3302048056238303
1.0,0.0,0.4926193048522286,1.0,1.0,0.5142061226882695
0.0,0.0,0.3441364490406646,0.0,1.0,0.6136448755997946
1.0,0.0,0.4159332425550092,0.0,0.0,0.43888880391878965
0.0,0.0,0.42984762571359675,1.0,0.0,0.4910814745881116
1.0,1.0,0.6477989131018074,0.0,0.0,0.46997921423226885
0.0,0.0,0.39541343318823713,0.0,1.0,0.5764719989395299
1.0,0.0,0.4845760172770187,1.0,0.0,0.45114365245834015
1.0,0.0,0.44353263542571963,0.0,0.0,0.4952563098580307
1.0,1.0,0.8234089822756733,0.0,0.0,0.44663007152817197
1.0,1.0,0.6103044108707382,0.0,0.0,0.38816582156275437
0.0,1.0,0.537110416900931,1.0,1.0,0.5527628000197908
1.0,0.0,0.4194321735803785,0.0,0.0,0.3940883195166002
0.0,0.0,0.43030747811104236,1.0,0.0,0.45325620235070285
1.0,1.0,0.5329090750805487,0.0,0.0,0.3913917887443749
1.0,0.0,0.4253622870179881,1.0,1.0,0.5367080838740867
0.0,0.0,0.41002283676550083,1.0,1.0,0.6658077828770158
0.0,0.0,0.48594265609173876,1.0,1.0,0.5435018540414825
0.0,0.0,0.3459790671834079,0.0,0.0,0.35805015813120455
0.0,0.0,0.40647452424196967,0.0,0.0,0.31417276131162775
1.0,0.0,0.49994904472204543,1.0,0.0,0.41417124205197764
1.0,1.0,0.5002597737694306,1.0,1.0,0.5210452891255534
0.0,0.0,0.4196411320205385,0.0,0.0,0.4416058114108798
1.0,1.0,0.5025504465764072,0.0,1.0,0.5839924264056924
0.0,1.0,0.5128980180832015,1.0,0.0,0.42902440576517126
0.0,0.0,0.3625089801446093,1.0,0.0,0.44682780479218376
1.0,1.0,0.5976686541698502,1.0,0.0,0.47672751540491287
0.0,0.0,0.4836252978570604,1.0,0.0,0.40149562658113663
0.0,0.0,0.3922923500184222,0.0,0.0,0.4477159951431037
0.0,0.0,0.3554955816428926,0.0,0.0,0.44055036422817934
0.0,0.0,0.43997872456194265,1.0,0.0,0.46986522796194713
1.0,0.0,0.4201435878441068,0.0,0.0,0.3746274595047194
0.0,0.0,0.4295209701766132,0.0,0.0,0.41345875850470004
0.0,1.0,0.5007322634132694,1.0,1.0,0.5982808888763583
0.0,0.0,0.4663156125927103,1.0,0.0,0.4740031863388835
1.0,0.0,0.4356660473717962,1.0,1.0,0.6279889770962988
1.0,0.0,0.33704272270147495,0.0,0.0,0.3713333021321746
0.0,0.0,0.4930839110225114,0.0,0.0,0.47537714474581855
1.0,0.0,0.4749090706659463,1.0,1.0,0.7831902052195768
1.0,0.0,0.44140964268681476,0.0,0.0,0.4777928207961151
0.0,0.0,0.3628292792643136,1.0,0.0,0.35591589612534436
1.0,1.0,0.5282562022740778,1.0,0.0,0.4781783188097846
0.0,0.0,0.4236284864375639,1.0,1.0,0.6004760712707138
0.0,0.0,0.3683765712373498,0.0,0.0,0.4022804914542715
1.0,0.0,0.45256664022514254,1.0,0.0,0.4638025815819868
1.0,1.0,0.5260226617660325,0.0,0.0,0.3769903424111985
1.0,1.0,0.7799563486493643,1.0,0.0,0.41684293140797096
1.0,0.0,0.3837989634118028,0.0,1.0,0.5503034930682252
1.0,1.0,0.5783747083403048,0.0,0.0,0.36749435260818536
0.0,0.0,0.4981679747481941,1.0,1.0,0.7332590788928375
0.0,0.0,0.47174100105216865,0.0,0.0,0.4173729469772376
1.0,0.0,0.4470439229799695,0.0,0.0,0.3921836986607957
0.0,1.0,0.656787363908302,1.0,0.0,0.49113950038086635
0.0,0.0,0.4734576491069838,0.0,0.0,0.429007435339907
0.0,0.0,0.40437995817233907,0.0,1.0,0.5885131615554612
1.0,1.0,0.7048494622029171,0.0,0.0,0.36022248334195844
0.0,0.0,0.3901715848284001,0.0,0.0,0.46490290645503385
0.0,1.0,0.5344351576350632,0.0,0.0,0.40467968710778823
0.0,0.0,0.39866711608678224,1.0,1.0,0.5062433661019424
1.0,1.0,0.5702656251483355,0.0,0.0,0.4466894244936158
0.0,0.0,0.44520956905735337,0.0,1.0,0.5075319020632072
1.0,1.0,0.6776284080648343,0.0,0.0,0.3459963961493798
1.0,0.0,0.4234876086616973,0.0,0.0,0.40709645736337896
0.0,0.0,0.3985362621895159,1.0,0.0,0.43373237206480664
1.0,1.0,0.5079549505153225,0.0,0.0,0.4519989261448101
0.0,0.0,0.45788111569501505,0.0,0.0,0.4002675037896264
1.0,0.0,0.4873786843805329,0.0,0.0,0.48476067920591076
1.0,0.0,0.49803417835340663,1.0,1.0,0.5258471864578862
1.0,0.0,0.48411813971179135,1.0,0.0,0.3821597388503554
1.0,1.0,0.8086447103477484,0.0,0.0,0.37905724048168643
0.0,0.0,0.3825716153443253,1.0,0.0,0.4766331336642681
1.0,1.0,0.7937044026074117,1.0,0.0,0.4753692445643667
0.0,0.0,0.4814548943317666,1.0,1.0,0.6082142798606787
1.0,1.0,0.506697622163944,1.0,1.0,0.7695972728951693
1.0,1.0,0.5905274224556075,0.0,0.0,0.3470753357198505
0.0,0.0,0.4055229691408529,0.0,0.0,0.41436464303694004
0.0,0.0,0.4030367544358468,0.0,0.0,0.37622808676376596
0.0,0.0,0.4597835378179118,1.0,0.0,0.4964144318451258
0.0,0.0,0.436651717166646,1.0,1.0,0.5131861928542302
1.0,0.0,0.43524478208072104,0.0,0.0,0.37035664788844846
0.0,0.0,0.39884296012564674,0.0,0.0,0.48699255242658707
0.0,0.0,0.4561146775239576,1.0,0.0,0.49643539069821097
1.0,1.0,0.5923998119911994,0.0,0.0,0.3788342537870368
0.0,0.0,0.3425658671616093,0.0,0.0,0.44027308574819196
0.0,0.0,0.4218361047521441,0.0,0.0,0.49873316948988516
1.0,1.0,0.5172711533644119,0.0,1.0,0.5225840730157618
1.0,1.0,0.5451697562744456,0.0,0.0,0.4154859480368568
1.0,0.0,0.43089730442888324,0.0,0.0,0.44325377015114864
0.0,1.0,0.5115455381778902,1.0,1.0,0.6511070527951577
1.0,1.0,0.7490547076376849,1.0,1.0,0.5221064172757506
1.0,0.0,0.4790116623070886,0.0,0.0,0.45073778324788133
1.0,0.0,0.45249686084516955,0.0,0.0,0.4281280385535686
1.0,1.0,0.5774098286420156,0.0,0.0,0.34495522439687354
0.0,0.0,0.42876724339757943,0.0,0.0,0.32874137564254136
0.0,0.0,0.33578078398251426,1.0,1.0,0.6577842826484901
1.0,0.0,0.450051744427039,0.0,0.0,0.3905116355189995
1.0,1.0,0.5795879511395169,0.0,0.0,0.3670756473624291
1.0,1.0,0.5555593144765281,0.0,0.0,0.48209606937146743
1.0,0.0,0.4590619484234448,1.0,0.0,0.47278638791647376
0.0,0.0,0.4137454517888193,0.0,0.0,0.42834249089745813
0.0,0.0,0.4820058179384431,0.0,0.0,0.4355209177657936
1.0,0.0,0.49136078457264837,0.0,0.0,0.47333240118096104
0.0,0.0,0.3836533210267648,0.0,1.0,0.5144651689683499
0.0,0.0,0.3556707511132736,0.0,0.0,0.4247520102058746
0.0,0.0,0.37999413552403943,0.0,0.0,0.357418046304106
0.0,0.0,0.3807259629166541,0.0,0.0,0.4529949416656836
0.0,0.0,0.4279788139641771,1.0,1.0,0.5306212651953125
0.0,0.0,0.38334790385457207,0.0,0.0,0.49413521895276213
0.0,0.0,0.44959666715111374,1.0,0.0,0.47376154684647276
0.0,0.0,0.39944368652866746,1.0,1.0,0.5468240772949832
0.0,0.0,0.4360092264857087,0.0,0.0,0.37810600406300543
0.0,0.0,0.4455683409816229,1.0,1.0,0.7233144940280043
0.0,0.0,0.34718545796727635,0.0,0.0,0.39011907412010216
1.0,1.0,0.5527094356398474,0.0,0.0,0.3270492412173837
0.0,0.0,0.3705140016434661,0.0,0.0,0.3912786889316258
1.0,0.0,0.4386262867883497,0.0,0.0,0.2929116272650175
0.0,0.0,0.3607471577126544,0.0,0.0,0.4487455466335525
0.0,1.0,0.5118013245961086,0.0,0.0,0.3504825707214975
0.0,0.0,0.42427758551071854,1.0,0.0,0.363178046336855
0.0,0.0,0.3299228465806703,0.0,0.0,0.3867876512173408
0.0,0.0,0.42310748909674833,1.0,1.0,0.8282353722741709
1.0,0.0,0.4509707002330371,1.0,1.0,0.6664046430629331
1.0,1.0,0.5815438254518072,1.0,0.0,0.45541928437074053
1.0,0.0,0.4566675263443794,1.0,1.0,0.6232601382692086
0.0,0.0,0.46921284589786044,1.0,1.0,0.5455415022592657
0.0,0.0,0.42630412166680653,1.0,1.0,0.6835036858805574
1.0,1.0,0.5377467872417194,0.0,0.0,0.34492174046856594
0.0,0.0,0.4590810112976938,0.0,0.0,0.33968093478112654
0.0,0.0,0.4431504014822454,0.0,0.0,0.463905580173403
0.0,0.0,0.3941849748904067,1.0,1.0,0.6777991117286607
0.0,0.0,0.3202132247725664,1.0,1.0,0.8210302268572756
1.0,0.0,0.45903613198412246,1.0,1.0,0.6256703377330393
0.0,0.0,0.28912264267039556,0.0,0.0,0.4683521863807769
0.0,0.0,0.4066848024164926,1.0,1.0,0.7109541674656942
0.0,0.0,0.3948739945229195,0.0,0.0,0.46784511072306756
0.0,0.0,0.3936877278934159,0.0,0.0,0.4746069987539332
1.0,0.0,0.4270859932582297,0.0,0.0,0.3258609398120342
1.0,0.0,0.42840236244969543,0.0,0.0,0.4992450652057288
1.0,0.0,0.4993217242386867,0.0,0.0,0.4241084419849756
1.0,1.0,0.7661405748888158,1.0,0.0,0.4527669583183217
0.0,0.0,0.4750506822176217,0.0,0.0,0.3768588834159266
1.0,0.0,0.4549483592636762,1.0,1.0,0.5233967406352437
0.0,0.0,0.3598248803716989,1.0,1.0,0.7723104125034302
0.0,0.0,0.494661016282859,1.0,1.0,0.5241446138229531
0.0,0.0,0.4494550431748729,0.0,1.0,0.5406398606140824
0.0,0.0,0.3439802709270671,0.0,0.0,0.43431029120292813
1.0,0.0,0.41523319008662174,1.0,0.0,0.4806356181030255
1.0,1.0,0.8434009562970824,1.0,1.0,0.5165301226199305
1.0,1.0,0.7010582542843612,0.0,0.0,0.33428545709553753
0.0,0.0,0.3445329558437382,0.0,0.0,0.4831533157534528
0.0,0.0,0.3897395963905429,1.0,1.0,0.7480369974599572
0.0,0.0,0.4003319255589889,0.0,0.0,0.44571848435504585
1.0,1.0,0.712089677792846,0.0,0.0,0.35045958685987344
0.0,0.0,0.4018998781691164,1.0,1.0,0.5194471287350315
1.0,1.0,0.5680910216044653,0.0,0.0,0.45443837800069015
1.0,0.0,0.4413870801198984,1.0,0.0,0.42566826266184227
1.0,1.0,0.6377240636261369,0.0,0.0,0.4286917697676527
0.0,0.0,0.456332815564949,1.0,0.0,0.4312415007510256
0.0,0.0,0.36530448772369534,0.0,0.0,0.34486043475036565
1.0,1.0,0.6235012892186138,0.0,0.0,0.34519075242616815
1.0,1.0,0.5429232197251614,0.0,0.0,0.410907799483893
1.0,1.0,0.5642376752466305,0.0,0.0,0.38563935423793494
0.0,0.0,0.49649988371950776,1.0,1.0,0.6275374843251773
1.0,1.0,0.5828508985587738,0.0,1.0,0.5897685856562245
0.0,0.0,0.3675103790302724,0.0,1.0,0.5161786000186361
0.0,0.0,0.3633056415739124,1.0,1.0,0.6189319761215362
1.0,0.0,0.48181574392512516,0.0,0.0,0.3606779975573553
0.0,0.0,0.4061120745045173,0.0,0.0,0.42751319182873543
1.0,1.0,0.5811070236435667,1.0,1.0,0.5170217913494228
0.0,0.0,0.4691323547676235,1.0,0.0,0.4836001153889677
1.0,1.0,0.672341322909345,0.0,0.0,0.3194829454301978
0.0,0.0,0.3931057467465232,0.0,1.0,0.6203721071027971
1.0,1.0,0.5402839914020212,0.0,0.0,0.4368140649649466
1.0,0.0,0.41448929843444693,1.0,0.0,0.4950419069290139
1.0,1.0,0.5065444200712867,1.0,1.0,0.6432521235419646
1.0,0.0,0.34532516834750326,0.0,0.0,0.3619923999397037
1.0,1.0,0.6113428284852719,0.0,1.0,0.8352653796611529
1.0,0.0,0.4839175022741034,1.0,1.0,0.6730596621738152
1.0,1.0,0.5875810747445435,0.0,0.0,0.3990859678875015
0.0,0.0,0.4962997725222271,0.0,0.0,0.43250118264385445
0.0,0.0,0.3465287052806349,0.0,0.0,0.4235586963946245
0.0,0.0,0.45213732472616547,1.0,0.0,0.47633937635076606
0.0,0.0,0.4083897899089684,1.0,0.0,0.3507168094439434
0.0,0.0,0.36404286193387264,1.0,0.0,0.42910535420802737
0.0,0.0,0.3226256387063372,0.0,1.0,0.5616289136075016
0.0,0.0,0.39605315717564843,0.0,0.0,0.3625494075493331
0.0,1.0,0.5104520113732698,0.0,1.0,0.5052538404023492
0.0,0.0,0.46026578510039357,1.0,0.0,0.4469331972892091
1.0,0.0,0.4237165010089723,0.0,0.0,0.4482138966565435
1.0,0.0,0.45642841988766364,1.0,0.0,0.49428708680327943
0.0,1.0,0.5667379390248033,1.0,1.0,0.5721416580804576
0.0,1.0,0.5000214676943593,0.0,0.0,0.42822941911022017
0.0,0.0,0.38176963245361484,0.0,0.0,0.4144061582941124
1.0,0.0,0.4952202478984072,1.0,0.0,0.46157157683469785
0.0,0.0,0.42643665056827146,0.0,0.0,0.45527750406024425
1.0,1.0,0.5705405423312092,1.0,1.0,0.5107745706664707
1.0,1.0,0.5348580617990973,0.0,0.0,0.4524961928057114
1.0,1.0,0.5156904468350183,0.0,0.0,0.3798623556003558
0.0,0.0,0.4468469950154607,0.0,0.0,0.3774665254953473
1.0,0.0,0.41462747379147674,0.0,0.0,0.3469974332570627
0.0,0.0,0.46624669794721896,0.0,0.0,0.38201902790017395
1.0,0.0,0.39288068371975016,0.0,0.0,0.42942129896652287
1.0,0.0,0.4366316452729556,1.0,0.0,0.47900300597025786
1.0,0.0,0.40354900934350063,1.0,0.0,0.4227837799145582
0.0,1.0,0.5339539484248466,1.0,1.0,0.594911848385677
1.0,0.0,0.36546595653025477,1.0,0.0,0.4938313964846407
1.0,0.0,0.44559908125660097,0.0,0.0,0.4296874415480347
1.0,0.0,0.4128493908023436,0.0,1.0,0.5058587633010955
0.0,0.0,0.4654788275648221,0.0,0.0,0.34586541126867526
1.0,1.0,0.6351884417844811,1.0,0.0,0.47421138574175986
1.0,1.0,0.6773832166750459,1.0,0.0,0.3680819446276363
0.0,1.0,0.5519310511369484,0.0,0.0,0.3574765581093444
1.0,1.0,0.5133439154956654,1.0,1.0,0.5110967458051419
1.0,1.0,0.60992470523279,1.0,0.0,0.47413137849490183
1.0,1.0,0.5757072699827713,0.0,0.0,0.4542919164430932
0.0,0.0,0.43164616529907196,0.0,0.0,0.3632854963981618
0.0,0.0,0.43866670395546403,0.0,0.0,0.37569003883801494
1.0,0.0,0.3925193286317657,1.0,1.0,0.7067523441305701
0.0,0.0,0.3258609398120342,1.0,1.0,0.7360560254644632
1.0,1.0,0.7227285086529829,1.0,0.0,0.4145595076353084
1.0,0.0,0.3542255801848094,1.0,1.0,0.6741387455217591
0.0,0.0,0.4662877237420509,1.0,0.0,0.4222453998902879
0.0,1.0,0.5048247344560041,0.0,0.0,0.484894658613114
0.0,0.0,0.35986002766682085,1.0,0.0,0.4293211654722819
1.0,0.0,0.37894839056331736,0.0,0.0,0.4744667792354675
0.0,0.0,0.3809242559697671,1.0,1.0,0.5032892119345257
1.0,1.0,0.6305645061605328,0.0,0.0,0.3648088076104283
1.0,1.0,0.5394099355591385,0.0,0.0,0.4249429915913353
1.0,1.0,0.6356036180447038,1.0,1.0,0.6940416218433865
0.0,0.0,0.4505301009657143,0.0,0.0,0.3425154607011299
1.0,0.0,0.4189104610462767,1.0,1.0,0.5242017208063063
1.0,0.0,0.48838480175030796,0.0,0.0,0.4774858974856153
1.0,1.0,0.7104704169113284,0.0,0.0,0.34701046361208454
1.0,1.0,0.7919849630903735,0.0,0.0,0.47516217928829707
1.0,1.0,0.5489761232934413,1.0,0.0,0.4116722778904481
1.0,1.0,0.6299304020227089,0.0,0.0,0.40588760841370125
1.0,0.0,0.43315409918140635,1.0,0.0,0.4209711746066035
1.0,0.0,0.48092924757727795,1.0,1.0,0.5218915981803999
0.0,0.0,0.40898682688370397,1.0,0.0,0.4343906925295353
0.0,0.0,0.4520638992951988,0.0,0.0,0.3827545131324735
0.0,0.0,0.3941894486307783,0.0,0.0,0.43178754077297204
1.0,1.0,0.611019215576773,1.0,0.0,0.4735484452006383
0.0,0.0,0.4438521402850241,0.0,0.0,0.3910391841669723
1.0,0.0,0.4386577008822816,0.0,1.0,0.5307439143275733
0.0,0.0,0.43547921513544346,1.0,0.0,0.4191790944246711
0.0,0.0,0.3988179956016991,1.0,1.0,0.6111551509365637
0.0,0.0,0.36868888693792656,0.0,0.0,0.3524535759471411
1.0,1.0,0.7365929734543843,0.0,0.0,0.41074767731967515
0.0,0.0,0.45842063488097223,0.0,0.0,0.4730262115014548
1.0,1.0,0.5398221268552026,1.0,1.0,0.5156243538029032
1.0,1.0,0.5218915981803999,1.0,0.0,0.46747429970415716
1.0,0.0,0.430308954178378,0.0,0.0,0.45289250542994897
0.0,0.0,0.3351859108101765,0.0,1.0,0.5772564113133946
1.0,1.0,0.5502837214853685,1.0,1.0,0.5158841781090125
0.0,0.0,0.42133193206480457,1.0,0.0,0.4090677677359125
1.0,1.0,0.6078981010973614,0.0,1.0,0.501438809368253
0.0,0.0,0.39855502719888547,0.0,0.0,0.3716766719225714
1.0,1.0,0.5706740444379258,1.0,1.0,0.678815215711469
0.0,0.0,0.38109941296316246,0.0,1.0,0.5190304504019783
1.0,0.0,0.3679999715296571,0.0,0.0,0.4648487368326137
0.0,0.0,0.471394392638401,1.0,0.0,0.49094462429552915
1.0,1.0,0.6633579675195435,0.0,0.0,0.4363468288980335
1.0,1.0,0.7123209190400837,0.0,0.0,0.4202218461283671
0.0,0.0,0.3654615353607352,1.0,0.0,0.4703456504178807
0.0,0.0,0.3532590298140518,1.0,0.0,0.4037699131031704
0.0,0.0,0.3732813213336231,1.0,1.0,0.6854373590025932
1.0,0.0,0.4366145694660855,1.0,1.0,0.5119249488693361
0.0,0.0,0.3705915233328091,1.0,1.0,0.5454046877950074
0.0,0.0,0.49485573202413874,1.0,1.0,0.6556518700112115
1.0,1.0,0.6740047139230622,0.0,0.0,0.376693388490795
0.0,0.0,0.4040088094321463,0.0,0.0,0.4120050976551874
1.0,1.0,0.6379590116964705,0.0,0.0,0.4290952652719973
0.0,0.0,0.4160845572521848,0.0,0.0,0.4470749035807036
1.0,1.0,0.5016836876892864,0.0,0.0,0.4262555121562288
0.0,0.0,0.3404852997370271,1.0,1.0,0.5250816937704572
1.0,1.0,0.5442018563096789,1.0,1.0,0.5338213917855748
0.0,0.0,0.43632515232800584,0.0,0.0,0.40822602130295615
0.0,0.0,0.44839409888625853,1.0,1.0,0.8032765113160937
0.0,0.0,0.4444234190342623,0.0,0.0,0.39723497530963564
0.0,0.0,0.35964831886953796,0.0,0.0,0.38810177618399855
1.0,0.0,0.45993820771571786,0.0,0.0,0.40363541658082774
1.0,0.0,0.3665061831373269,1.0,1.0,0.5216988571126565
1.0,0.0,0.495127726552335,1.0,0.0,0.49906570959683083
0.0,0.0,0.3090723377929537,0.0,0.0,0.4094507546247757
1.0,1.0,0.6623209361080126,1.0,1.0,0.5354094531372621
1.0,1.0,0.8242025152376,0.0,0.0,0.36598005108507187
1.0,0.0,0.39068856847826205,1.0,1.0,0.5437158223557207
0.0,0.0,0.4732087679335179,0.0,0.0,0.40828075506445854
0.0,0.0,0.4257880151906441,0.0,0.0,0.41962314854495797
0.0,0.0,0.42451575061622226,0.0,0.0,0.3157663584964106
0.0,1.0,0.7195502118679923,0.0,0.0,0.3980545002025612
1.0,1.0,0.6107276202777573,0.0,0.0,0.4917308016977115
1.0,0.0,0.4942616951564713,1.0,1.0,0.7265239854450368
0.0,0.0,0.3340812733352147,1.0,1.0,0.8288841008549528
0.0,0.0,0.410808382872315,0.0,0.0,0.38819492529484684
0.0,0.0,0.3737747154520202,0.0,0.0,0.4690104895711689
0.0,1.0,0.5071547659520151,0.0,0.0,0.3839793968869006
1.0,0.0,0.48406758607179784,0.0,0.0,0.35777646912499156
1.0,1.0,0.6009957574366319,0.0,0.0,0.43155426128701996
0.0,1.0,0.5052431236615316,1.0,1.0,0.5118244323736841
0.0,0.0,0.39186127045876384,0.0,0.0,0.22361071201525046
1.0,1.0,0.6321715234418399,1.0,1.0,0.5714947336310353
1.0,0.0,0.48501919463164933,1.0,0.0,0.4428548991443036
1.0,0.0,0.45002617410623674,1.0,1.0,0.6014602396
1.0,1.0,0.5784103393002318,1.0,1.0,0.5480650329104068
1.0,1.0,0.6833586096253087,0.0,0.0,0.4092541391943068
0.0,0.0,0.40688756307236024,0.0,0.0,0.38191642210858356
0.0,0.0,0.36722225257898444,0.0,1.0,0.516818525095174
1.0,0.0,0.48273736659259087,1.0,0.0,0.4620070751970707
0.0,0.0,0.40356405200637185,1.0,0.0,0.46819156544899015
1.0,0.0,0.4484643143331312,0.0,0.0,0.408602561001435
1.0,0.0,0.36468522523623,1.0,1.0,0.5133376651123438
1.0,1.0,0.5855742322544902,0.0,0.0,0.40820949212295704
0.0,0.0,0.4595647865156267,0.0,0.0,0.4420463287788641
0.0,0.0,0.3723398212046585,1.0,1.0,0.6449738248207616
1.0,1.0,0.5105185332841066,0.0,0.0,0.45206441095133787
0.0,0.0,0.39178393028422537,0.0,1.0,0.5113935857687218
1.0,1.0,0.6516846758541247,0.0,0.0,0.43221647644331407
1.0,1.0,0.6071352734336152,0.0,1.0,0.5003025374943141
1.0,1.0,0.6734002716829005,0.0,0.0,0.49524916498753474
1.0,0.0,0.4665672898596388,,,
0.0,0.0,0.4046821833903226,,,
1.0,1.0,0.662712498301204,,,
0.0,0.0,0.41136377820219155,,,
1.0,0.0,0.43186469733561744,,,
1.0,0.0,0.44629092694640066,,,
0.0,0.0,0.3331667162793299,,,
0.0,0.0,0.40415273237072574,,,
0.0,0.0,0.3419617449066923,,,
0.0,1.0,0.5368698585122897,,,
1.0,0.0,0.442306613932477,,,
0.0,0.0,0.3476834216039787,,,
1.0,1.0,0.5012444739689214,,,
0.0,0.0,0.39186127045876384,,,
1.0,1.0,0.6937771184654403,,,
1.0,1.0,0.7177096024732955,,,
0.0,0.0,0.48434917635640773,,,
1.0,1.0,0.5391326040178883,,,
1.0,1.0,0.5201681984538529,,,
1.0,1.0,0.5341957057863302,,,
1.0,1.0,0.5146539693749288,,,
0.0,0.0,0.30998862600375304,,,
0.0,0.0,0.4851729689656876,,,
1.0,1.0,0.558537246554036,,,
0.0,0.0,0.446576917653276,,,
1.0,1.0,0.5121528446028963,,,
0.0,0.0,0.32144672449320305,,,
0.0,0.0,0.49946103149179394,,,
1.0,1.0,0.6233549684566412,,,
0.0,0.0,0.3397151097118869,,,
1.0,0.0,0.49305814755540006,,,
1.0,0.0,0.41858891658915165,,,
1.0,1.0,0.54329680920665,,,
0.0,0.0,0.3903318221924175,,,
1.0,1.0,0.7011529750028248,,,
0.0,1.0,0.5604675291685894,,,
0.0,0.0,0.4128201011131802,,,
0.0,0.0,0.43779158812980834,,,
0.0,0.0,0.462197230229127,,,
0.0,0.0,0.47705649049875865,,,
1.0,1.0,0.643408905320095,,,
1.0,1.0,0.597275934397531,,,
0.0,0.0,0.4661522106666037,,,
1.0,0.0,0.49509723711899006,,,
0.0,0.0,0.39159276201876714,,,
0.0,0.0,0.3940297870258005,,,
0.0,0.0,0.3415145542799665,,,
1.0,0.0,0.42120439466930937,,,
0.0,0.0,0.38544930664266447,,,
0.0,0.0,0.45426472873760515,,,
1.0,1.0,0.6847388372236444,,,
1.0,1.0,0.6188483567716521,,,
1.0,0.0,0.388640855862376,,,
1.0,1.0,0.5592653925120968,,,
0.0,0.0,0.4597048270618413,,,
0.0,0.0,0.3922487437597881,,,
1.0,0.0,0.319943184722578,,,
1.0,1.0,0.5076683339823861,,,
0.0,1.0,0.522690667315972,,,
0.0,0.0,0.48152861799511676,,,
0.0,0.0,0.44846662700707024,,,
1.0,1.0,0.783014443161305,,,
1.0,1.0,0.6581581549753658,,,
1.0,1.0,0.8340723741011593,,,
1.0,1.0,0.6486723541797165,,,
1.0,0.0,0.4629581285042583,,,
1.0,1.0,0.5132718858528665,,,
0.0,0.0,0.43225559248955636,,,
0.0,0.0,0.3152529117234173,,,
1.0,0.0,0.4396348245271721,,,
0.0,0.0,0.43104358531798304,,,
0.0,0.0,0.4235845860149719,,,
1.0,1.0,0.5684502887486105,,,
1.0,1.0,0.7168977226127836,,,
0.0,0.0,0.40521311586511777,,,
1.0,1.0,0.6598702789450284,,,
1.0,0.0,0.44024015596074484,,,
0.0,0.0,0.40920878464063104,,,
1.0,0.0,0.4474445893020464,,,
0.0,0.0,0.46996561957041627,,,
0.0,0.0,0.45207790403521164,,,
0.0,0.0,0.4324541392209846,,,
0.0,0.0,0.36696052436916876,,,
0.0,0.0,0.3610845506949265,,,
0.0,0.0,0.4691762355439737,,,
0.0,0.0,0.3753121386184705,,,
1.0,1.0,0.5679176891850293,,,
0.0,0.0,0.382384405009994,,,
1.0,1.0,0.647838440061151,,,
1.0,1.0,0.6658044515358094,,,
0.0,0.0,0.39169788745538375,,,
0.0,1.0,0.5005200503480948,,,
1.0,1.0,0.7957801715703171,,,
0.0,0.0,0.3681440880475026,,,
1.0,0.0,0.4962964779521399,,,
0.0,0.0,0.42691254039543935,,,
0.0,0.0,0.38057235312225085,,,
0.0,0.0,0.3772808659473223,,,
0.0,0.0,0.48940632153918845,,,
0.0,0.0,0.4499288263659794,,,
0.0,0.0,0.363903645688427,,,
0.0,0.0,0.35676658292757807,,,
0.0,0.0,0.36814897522127965,,,
1.0,0.0,0.49396712701919715,,,
1.0,1.0,0.5704541548054285,,,
0.0,0.0,0.22361071201525046,,,
0.0,0.0,0.21973724144811788,,,
0.0,0.0,0.4320151879907341,,,
0.0,0.0,0.3817675060757659,,,
1.0,0.0,0.4052700848782172,,,
1.0,1.0,0.5011303239175761,,,
0.0,0.0,0.4990521109889879,,,
1.0,0.0,0.4551071736509036,,,
1.0,1.0,0.6526702429929091,,,
1.0,1.0,0.5513476789457002,,,
0.0,0.0,0.4962769970387224,,,
1.0,1.0,0.5145068339042855,,,
1.0,1.0,0.812830549569546,,,
0.0,0.0,0.4904115304493308,,,
0.0,0.0,0.33635296756728655,,,
0.0,0.0,0.356117627596807,,,
1.0,0.0,0.47829486077120437,,,
0.0,0.0,0.4120643486588631,,,
0.0,0.0,0.388320821733672,,,
0.0,0.0,0.36550643160148605,,,
1.0,1.0,0.5148265180382948,,,
0.0,0.0,0.4821133393089134,,,
1.0,1.0,0.7661334233994598,,,
1.0,0.0,0.4587402449231875,,,
0.0,0.0,0.403921192907612,,,
0.0,1.0,0.6213247221830067,,,
0.0,0.0,0.42420246297927,,,
0.0,0.0,0.45699582099676783,,,
1.0,1.0,0.8440603543629167,,,
0.0,0.0,0.3315990217213592,,,
0.0,1.0,0.5214233414462307,,,
0.0,0.0,0.36990629884835996,,,
1.0,1.0,0.5521945121331882,,,
1.0,1.0,0.5602167182800996,,,
1.0,1.0,0.6967964720292539,,,
1.0,1.0,0.5181148212705962,,,
1.0,1.0,0.611566518533057,,,
1.0,1.0,0.8083895994277261,,,
1.0,0.0,0.3458831845257911,,,
0.0,0.0,0.4231449062139641,,,
1.0,1.0,0.6626702181928305,,,
1.0,1.0,0.6056964363647622,,,
1.0,0.0,0.46873916349997913,,,
0.0,0.0,0.4305821251528939,,,
1.0,0.0,0.4720125570449503,,,
0.0,0.0,0.4135113743850596,,,
0.0,0.0,0.48583198477014633,,,
1.0,1.0,0.6474912482516044,,,
0.0,0.0,0.3646269273862614,,,
1.0,1.0,0.5696172284879988,,,
1.0,0.0,0.4551127123794378,,,
1.0,1.0,0.7855159852544302,,,
0.0,0.0,0.41853039097727895,,,
0.0,1.0,0.7061427357848017,,,
1.0,0.0,0.48506010739025346,,,
0.0,0.0,0.40655541182538124,,,
0.0,0.0,0.45097545968346076,,,
1.0,1.0,0.6130859666094515,,,
0.0,0.0,0.39776545661698376,,,
0.0,0.0,0.32590081632000184,,,
0.0,0.0,0.4950728554193624,,,
0.0,1.0,0.574419715368784,,,
0.0,0.0,0.4654390466051512,,,
0.0,0.0,0.4200058652813637,,,
1.0,0.0,0.3853303323103973,,,
0.0,0.0,0.39015408273649926,,,
1.0,1.0,0.6759189756530131,,,
0.0,0.0,0.4239261001903963,,,
1.0,1.0,0.6028228991818556,,,
1.0,0.0,0.47318189550102807,,,
1.0,1.0,0.5218915981803999,,,
0.0,0.0,0.4333782770715939,,,
1.0,1.0,0.5234966970653475,,,
0.0,0.0,0.422643052092153,,,
0.0,0.0,0.41703399125413176,,,
0.0,0.0,0.3901629689742027,,,
0.0,0.0,0.38212268302024754,,,
1.0,0.0,0.45352865462932007,,,
0.0,0.0,0.4632896193760388,,,
1.0,0.0,0.4391167820215053,,,
0.0,0.0,0.3976637824556015,,,
0.0,0.0,0.4516647920952911,,,
0.0,0.0,0.48520050444665913,,,
0.0,0.0,0.40858185617371756,,,
0.0,0.0,0.45346070676265576,,,
0.0,0.0,0.4232547463318024,,,
1.0,0.0,0.4313450182160041,,,
0.0,0.0,0.39679571203823083,,,
1.0,0.0,0.4702731831521218,,,
0.0,0.0,0.416789780720424,,,
0.0,0.0,0.4037664821460545,,,
0.0,0.0,0.3647512092464822,,,
1.0,1.0,0.5979544131847622,,,
0.0,0.0,0.4281549311653641,,,
1.0,1.0,0.7598100066318108,,,
1.0,1.0,0.5593974212135719,,,
1.0,1.0,0.6797638702469531,,,
0.0,0.0,0.3807347836182153,,,
1.0,0.0,0.4782412306001488,,,
1.0,0.0,0.4727764557072081,,,
0.0,0.0,0.42464960237694543,,,
1.0,1.0,0.5920875023685864,,,
0.0,0.0,0.4317673543955267,,,
1.0,0.0,0.4004991678775843,,,
1.0,1.0,0.5050516340460327,,,
0.0,0.0,0.46117552843216886,,,
1.0,1.0,0.5439609870395155,,,
0.0,0.0,0.47418658865028923,,,
1.0,0.0,0.4947697316850534,,,
1.0,1.0,0.5195747752485252,,,
1.0,1.0,0.6467089204348558,,,
1.0,1.0,0.5502904008845734,,,
0.0,0.0,0.45011873292168136,,,
1.0,1.0,0.8365452338365333,,,
0.0,0.0,0.370755582762422,,,
0.0,0.0,0.3737701339238111,,,
1.0,1.0,0.6036258672468893,,,
0.0,0.0,0.37639513853900497,,,
1.0,0.0,0.4626240021515273,,,
1.0,1.0,0.5143772948135997,,,
0.0,1.0,0.6043277273610981,,,
0.0,0.0,0.3384044857457887,,,
1.0,1.0,0.5076010840716969,,,
1.0,1.0,0.5995193100872644,,,
1.0,0.0,0.4315929403921499,,,
1.0,0.0,0.34863302522457373,,,
1.0,0.0,0.4495765912105652,,,
0.0,0.0,0.37358493791513026,,,
0.0,0.0,0.42822941911022017,,,
0.0,0.0,0.22361071201525046,,,
1.0,1.0,0.5732518038009092,,,
1.0,1.0,0.5138955263082908,,,
1.0,1.0,0.5299803238273241,,,
1.0,0.0,0.4600160757351166,,,
0.0,0.0,0.370449901786837,,,
0.0,0.0,0.38589985163060075,,,
0.0,0.0,0.4442408508805929,,,
1.0,1.0,0.8162328208003035,,,
0.0,0.0,0.3771012371671771,,,
0.0,0.0,0.3637658987206466,,,
1.0,1.0,0.6124172404014541,,,
0.0,0.0,0.4003492262909729,,,
0.0,0.0,0.4027137375083685,,,
1.0,1.0,0.507449517688869,,,
0.0,0.0,0.40219570637753116,,,
0.0,0.0,0.3937856431657195,,,
0.0,0.0,0.31327974939962877,,,
0.0,0.0,0.45936783906823686,,,
1.0,1.0,0.5480903860552675,,,
0.0,1.0,0.6726499646005357,,,
0.0,0.0,0.37593869220650006,,,
0.0,0.0,0.4408679464873528,,,
1.0,0.0,0.4707717837138536,,,
1.0,0.0,0.4194321735803785,,,
1.0,0.0,0.44694363063560916,,,
1.0,0.0,0.436664201463297,,,
0.0,0.0,0.3960551932917668,,,
1.0,0.0,0.401957578024675,,,
0.0,0.0,0.4057924814740644,,,
1.0,1.0,0.791824714112406,,,
1.0,0.0,0.4103367371573389,,,
1.0,0.0,0.45458604368683553,,,
1.0,1.0,0.5258471864578862,,,
1.0,1.0,0.5119920067007739,,,
1.0,1.0,0.5843107310795177,,,
0.0,0.0,0.427445730268095,,,
1.0,1.0,0.5027623598661636,,,
0.0,0.0,0.3270455800736057,,,
1.0,0.0,0.4998141613445473,,,
1.0,1.0,0.5540179930399456,,,
1.0,0.0,0.4278207773385281,,,
0.0,1.0,0.5240258488661061,,,
0.0,0.0,0.44951455633228043,,,
1.0,1.0,0.8391106811942245,,,
1.0,1.0,0.537836360311732,,,
0.0,0.0,0.47448438828768014,,,
1.0,1.0,0.607500045202867,,,
1.0,0.0,0.29681229326567665,,,
0.0,0.0,0.48098338175660527,,,
1.0,1.0,0.6075422224586929,,,
1.0,0.0,0.4371531032677653,,,
1.0,0.0,0.45967805643330695,,,
0.0,0.0,0.39792202718968434,,,
0.0,0.0,0.47073703467285677,,,
0.0,0.0,0.39460757373532557,,,
0.0,1.0,0.6257630155499875,,,
1.0,1.0,0.5480237671822751,,,
1.0,0.0,0.4088222064297287,,,
1.0,0.0,0.4392178220461064,,,
1.0,1.0,0.5172565548919689,,,
0.0,0.0,0.46370971916792375,,,
1.0,0.0,0.4185110617766631,,,
0.0,0.0,0.3764977398893729,,,
1.0,1.0,0.6879017577232833,,,
1.0,1.0,0.5477177278959,,,
0.0,0.0,0.30406502675358715,,,
0.0,0.0,0.48417196168907284,,,
0.0,0.0,0.33648585864123864,,,
1.0,0.0,0.4926738052574528,,,
1.0,1.0,0.7726680509914685,,,
0.0,0.0,0.39950442627266347,,,
1.0,0.0,0.46269781141636285,,,
1.0,1.0,0.6313220002327145,,,
0.0,0.0,0.43767308478794065,,,
1.0,1.0,0.6527075191395665,,,
0.0,1.0,0.5126127121988199,,,
0.0,0.0,0.40990464893484724,,,
1.0,0.0,0.4652725040459624,,,
0.0,0.0,0.48058794254845544,,,
1.0,1.0,0.5097182440041257,,,
0.0,0.0,0.49341997779179564,,,
0.0,0.0,0.40492814286371787,,,
1.0,1.0,0.7795739540939639,,,
1.0,1.0,0.7157458955055139,,,
1.0,1.0,0.5704505591374663,,,
0.0,0.0,0.3089482369822251,,,
0.0,0.0,0.3978591793241815,,,
0.0,0.0,0.45127644075669676,,,
1.0,1.0,0.5481284422561902,,,
0.0,1.0,0.6147966254068541,,,
0.0,0.0,0.48810819595050037,,,
1.0,1.0,0.672212327279336,,,
1.0,1.0,0.6149779816316766,,,
1.0,1.0,0.5979633543856037,,,
0.0,0.0,0.387169412588991,,,
0.0,0.0,0.4641386344995842,,,
1.0,0.0,0.47896497182078307,,,
1.0,1.0,0.5483337197625994,,,
0.0,1.0,0.5009090219618546,,,
0.0,0.0,0.3074409024705622,,,
0.0,0.0,0.49620821768209716,,,
1.0,1.0,0.5637903777247653,,,
1.0,1.0,0.5239439234886115,,,
0.0,0.0,0.4479988051548171,,,
0.0,0.0,0.36000472008304,,,
1.0,1.0,0.6268059256879427,,,
0.0,0.0,0.37871689959476584,,,
0.0,0.0,0.3802673381510966,,,
1.0,1.0,0.692575188418719,,,
1.0,1.0,0.5248266020673104,,,
1.0,0.0,0.49034609677637675,,,
1.0,1.0,0.5734751736891553,,,
1.0,1.0,0.5605832758092838,,,
0.0,0.0,0.43841919396883483,,,
1.0,1.0,0.8083895994277261,,,
1.0,0.0,0.3063289337373109,,,
0.0,0.0,0.4448025995872253,,,
0.0,0.0,0.3879991996014596,,,
1.0,1.0,0.7978248674669103,,,
0.0,0.0,0.4904594354143609,,,
1.0,1.0,0.5222662692332417,,,
0.0,0.0,0.41795002117325064,,,
1.0,1.0,0.794365049617098,,,
0.0,0.0,0.3596347100155167,,,
0.0,0.0,0.3244797059712629,,,
1.0,0.0,0.44046528706497146,,,
0.0,0.0,0.33427325793645846,,,
0.0,0.0,0.39213222050285984,,,
1.0,1.0,0.549581528566437,,,
0.0,0.0,0.4005450257504362,,,
0.0,0.0,0.46808185953469084,,,
1.0,1.0,0.5806862066377508,,,
1.0,0.0,0.47240314098366737,,,
0.0,0.0,0.42696004831165263,,,
1.0,1.0,0.7577419454594123,,,
0.0,0.0,0.48443635048508754,,,
1.0,1.0,0.5000074482950613,,,
0.0,0.0,0.4516194686590591,,,
1.0,0.0,0.4101133832362763,,,
0.0,0.0,0.44666816022323313,,,
0.0,0.0,0.40869802935603844,,,
0.0,0.0,0.3234537024508398,,,
1.0,1.0,0.5267333296192642,,,
1.0,1.0,0.6345477368176835,,,
0.0,0.0,0.25297584046252364,,,
1.0,1.0,0.6249036420320403,,,
0.0,0.0,0.36957061237531497,,,
0.0,0.0,0.38631162659420243,,,
1.0,1.0,0.5966759433767902,,,
0.0,0.0,0.41141264132825,,,
1.0,1.0,0.5252231608800333,,,
1.0,1.0,0.5424420064947046,,,
1.0,1.0,0.6124046456919761,,,
1.0,1.0,0.5633193543018831,,,
1.0,1.0,0.7314416165921163,,,
1.0,0.0,0.4685092652908472,,,
0.0,0.0,0.3234415855463139,,,
1.0,0.0,0.41258350831676716,,,
0.0,0.0,0.43404897198769266,,,
0.0,0.0,0.4449721214654536,,,
1.0,1.0,0.6432783398072989,,,
1.0,1.0,0.5165616556060405,,,
0.0,0.0,0.41749530254289957,,,
1.0,1.0,0.5001152819017008,,,
1.0,0.0,0.38043372274438436,,,
1.0,0.0,0.45213441084149075,,,
0.0,0.0,0.39722003522844745,,,
1.0,1.0,0.8010688103766065,,,
0.0,0.0,0.3891359208532014,,,
0.0,0.0,0.4103955622587422,,,
1.0,1.0,0.5667902662181851,,,
0.0,0.0,0.3960173324693859,,,
1.0,0.0,0.4073284630265218,,,
1.0,0.0,0.42873707347224255,,,
0.0,0.0,0.43264880127325733,,,
1.0,1.0,0.6915620425014442,,,
0.0,0.0,0.3641897572586889,,,
1.0,1.0,0.6832719780701779,,,
0.0,0.0,0.4009689177644144,,,
0.0,0.0,0.43705017617937836,,,
0.0,0.0,0.42696502446252155,,,
0.0,0.0,0.44874035236493354,,,
1.0,1.0,0.5439556080967574,,,
0.0,0.0,0.49441073102629196,,,
1.0,1.0,0.5398579095018485,,,
0.0,0.0,0.3927931168112224,,,
1.0,0.0,0.44550680258599795,,,
0.0,1.0,0.5559636915763246,,,
0.0,0.0,0.39328985066430183,,,
1.0,1.0,0.6477084645907432,,,
1.0,1.0,0.582996851887726,,,
0.0,0.0,0.32042284462600773,,,
1.0,0.0,0.36997838329609306,,,
1.0,1.0,0.7628133469410924,,,
1.0,1.0,0.6012418927634805,,,
0.0,0.0,0.4137467479308581,,,
0.0,0.0,0.39268820486482114,,,
0.0,0.0,0.45093498734884246,,,
0.0,0.0,0.3679001801100008,,,
1.0,1.0,0.556091212305218,,,
0.0,0.0,0.42949628857462774,,,
0.0,0.0,0.4423877278622467,,,
0.0,0.0,0.32503425926045937,,,
1.0,0.0,0.49533196185616596,,,
0.0,0.0,0.465850576952176,,,
0.0,0.0,0.40488913735271886,,,
0.0,0.0,0.36303427205262384,,,
0.0,0.0,0.49739843235542397,,,
1.0,0.0,0.42065529133183654,,,
1.0,0.0,0.4487947655210955,,,
0.0,1.0,0.5759256325095112,,,
1.0,1.0,0.6921887860750356,,,
0.0,0.0,0.38797385659657463,,,
0.0,0.0,0.40427103400235426,,,
1.0,1.0,0.6840554195963409,,,
1.0,1.0,0.6555570461799876,,,
0.0,0.0,0.3207947666636005,,,
1.0,1.0,0.6316975723455369,,,
0.0,0.0,0.44708736062118987,,,
1.0,1.0,0.6109648396241809,,,
1.0,1.0,0.5060290061834279,,,
0.0,0.0,0.32890045757465164,,,
0.0,0.0,0.45246856722090206,,,
0.0,0.0,0.46365232666713346,,,
1.0,0.0,0.4659692749290385,,,
1.0,1.0,0.6091285558291937,,,
0.0,0.0,0.4471055158282102,,,
1.0,1.0,0.5205648844545858,,,
0.0,0.0,0.43036237516454623,,,
0.0,0.0,0.4454257757022749,,,
1.0,1.0,0.5066036206548808,,,
0.0,0.0,0.34750295590482044,,,
0.0,0.0,0.3413696820579974,,,
0.0,0.0,0.37116389371196606,,,
1.0,0.0,0.47365229810484855,,,
1.0,0.0,0.3489430766858274,,,
1.0,0.0,0.4798677780116023,,,
1.0,1.0,0.5316945591134183,,,
1.0,1.0,0.6432257778451214,,,
1.0,0.0,0.4667183895038227,,,
1.0,1.0,0.6558174896227298,,,
0.0,0.0,0.4128598849477376,,,
0.0,0.0,0.39596518924238727,,,
0.0,0.0,0.367087853102305,,,
0.0,1.0,0.5632429153368477,,,
1.0,1.0,0.5264833582400503,,,
0.0,0.0,0.45062460486834455,,,
0.0,0.0,0.3661397794532211,,,
1.0,0.0,0.3875245476816807,,,
1.0,0.0,0.4557231341171811,,,
1.0,0.0,0.3813383930469113,,,
1.0,0.0,0.4361736618482785,,,
1.0,1.0,0.5385450282295368,,,
1.0,0.0,0.45496129304907074,,,
1.0,0.0,0.41997791345815194,,,
1.0,1.0,0.6675439993262601,,,
0.0,0.0,0.4132074079592612,,,
0.0,1.0,0.5791489247133907,,,
0.0,0.0,0.3587052073006422,,,
0.0,0.0,0.34964574109468066,,,
0.0,0.0,0.36333585241915317,,,
1.0,1.0,0.6293379580388868,,,
1.0,0.0,0.3712989004208171,,,
1.0,1.0,0.5503034930682252,,,
1.0,1.0,0.7293969260455251,,,
0.0,0.0,0.4268309573008383,,,
0.0,0.0,0.3796032092232219,,,
0.0,0.0,0.3666610366321767,,,
1.0,1.0,0.5220045494515705,,,
0.0,0.0,0.373089990623722,,,
1.0,0.0,0.4884458117882878,,,
0.0,0.0,0.4075582134371185,,,
0.0,0.0,0.4479012460302146,,,
0.0,0.0,0.40434230960766016,,,
0.0,1.0,0.5159219700496991,,,
1.0,1.0,0.611034761753123,,,
0.0,1.0,0.5459638399787072,,,
0.0,0.0,0.41093755280331634,,,
0.0,0.0,0.36194664648875197,,,
0.0,0.0,0.34669550344518835,,,
0.0,0.0,0.4709827990790767,,,
1.0,0.0,0.4315021310552603,,,
0.0,0.0,0.36034542209011944,,,
0.0,0.0,0.4234797924341791,,,
0.0,0.0,0.49939868309565744,,,
1.0,0.0,0.4821805330480731,,,
1.0,0.0,0.445991630680372,,,
1.0,0.0,0.47679532906126576,,,
0.0,0.0,0.377927563299377,,,
1.0,0.0,0.4681839820717692,,,
1.0,1.0,0.5922127592490809,,,
0.0,0.0,0.3763675914485861,,,
0.0,0.0,0.40069735625562525,,,
1.0,1.0,0.6667995904038407,,,
1.0,0.0,0.46989406959139696,,,
0.0,0.0,0.33094945499547873,,,
0.0,0.0,0.38228231298902093,,,
1.0,1.0,0.5311636934060093,,,
1.0,0.0,0.36263696762868464,,,
1.0,1.0,0.5528763773922218,,,
0.0,0.0,0.39752006680031476,,,
0.0,0.0,0.3659596679424658,,,
1.0,0.0,0.4419266062958501,,,
1.0,0.0,0.42699140053104384,,,
1.0,0.0,0.49601629588860124,,,
1.0,1.0,0.5256519276035408,,,
1.0,0.0,0.4749090706659463,,,
1.0,0.0,0.45588285499168996,,,
0.0,0.0,0.478703193799952,,,
1.0,1.0,0.6630063605869095,,,
0.0,0.0,0.3891010090620667,,,
0.0,0.0,0.3620321974172042,,,
1.0,1.0,0.5655054047216733,,,
0.0,0.0,0.41393125247384543,,,
1.0,1.0,0.518253808735391,,,
0.0,0.0,0.4197205830304716,,,
0.0,0.0,0.34906721767104343,,,
0.0,0.0,0.3590392355829841,,,
1.0,0.0,0.48399751156065207,,,
1.0,1.0,0.6087547775918951,,,
1.0,0.0,0.46510302122742186,,,
1.0,1.0,0.5092102668569405,,,
0.0,0.0,0.4237238822940001,,,
1.0,1.0,0.5617875459628214,,,
1.0,1.0,0.592707419879613,,,
1.0,1.0,0.5499822815036618,,,
0.0,0.0,0.4978901780977135,,,
0.0,0.0,0.35689875302917595,,,
1.0,0.0,0.37535146247124657,,,
1.0,1.0,0.8156543497756269,,,
1.0,1.0,0.5502917283531715,,,
0.0,0.0,0.37769772299286875,,,
1.0,0.0,0.43511392338693833,,,
0.0,0.0,0.418205256813668,,,
0.0,0.0,0.4865834348375436,,,
1.0,1.0,0.5078857802961602,,,
0.0,1.0,0.5919107333252865,,,
1.0,1.0,0.7177928868748865,,,
1.0,1.0,0.7878787973920757,,,
0.0,0.0,0.44043064521779696,,,
0.0,0.0,0.3627750246892037,,,
0.0,0.0,0.4275556619375085,,,
1.0,0.0,0.45689704938739406,,,
0.0,0.0,0.4535139066921591,,,
1.0,1.0,0.5087137060391366,,,
1.0,1.0,0.5159964086007442,,,
0.0,0.0,0.3319740704662518,,,
1.0,0.0,0.4421929593769289,,,
0.0,0.0,0.39012258100447544,,,
0.0,0.0,0.43208495467723657,,,
0.0,0.0,0.4272657615549812,,,
0.0,0.0,0.4859044093029241,,,
1.0,1.0,0.52561822703764,,,
0.0,0.0,0.3231340947338353,,,
1.0,0.0,0.4331820790188097,,,
1.0,1.0,0.8288841008549528,,,
0.0,0.0,0.38856547700631106,,,
1.0,1.0,0.5379407625918894,,,
1.0,0.0,0.37542977218657814,,,
0.0,0.0,0.40573376877023476,,,
0.0,0.0,0.4370472109704437,,,
1.0,1.0,0.5841452586445499,,,
1.0,1.0,0.6612145001222468,,,
0.0,0.0,0.39926429797770824,,,
0.0,0.0,0.41384413453002367,,,
0.0,0.0,0.3477298636427709,,,
0.0,1.0,0.6488280925547818,,,
1.0,1.0,0.6155991908968013,,,
0.0,0.0,0.3213083326615768,,,
1.0,1.0,0.6779816721342407,,,
0.0,0.0,0.4597865831946837,,,
0.0,0.0,0.4465386287927707,,,
0.0,0.0,0.3529989288335318,,,
0.0,0.0,0.4074625521528163,,,
1.0,1.0,0.5944673305802778,,,
0.0,0.0,0.47227844489559456,,,
0.0,0.0,0.40323866318818974,,,
1.0,1.0,0.5993746559267965,,,
1.0,1.0,0.6730320080897434,,,
1.0,1.0,0.5430922294013677,,,
0.0,0.0,0.3061741841821533,,,
0.0,0.0,0.43967873405882824,,,
0.0,0.0,0.41421678376128973,,,
1.0,1.0,0.5106198833327776,,,
1.0,0.0,0.492469323110378,,,
0.0,0.0,0.4402088744643409,,,
1.0,1.0,0.6973263553001192,,,
0.0,0.0,0.39544130209562856,,,
1.0,1.0,0.628903909923555,,,
1.0,1.0,0.7224120299034106,,,
0.0,0.0,0.3785829395436306,,,
1.0,1.0,0.8309003983504978,,,
0.0,0.0,0.42190365572611904,,,
0.0,0.0,0.4287297617034731,,,
1.0,0.0,0.41644857745586245,,,
0.0,0.0,0.4768186643163301,,,
1.0,0.0,0.49618952191618393,,,
1.0,0.0,0.4902520720462304,,,
0.0,0.0,0.3388482817753329,,,
0.0,0.0,0.3855827618955388,,,
0.0,1.0,0.5836016264718291,,,
0.0,0.0,0.3766563172929697,,,
1.0,1.0,0.5857186598369881,,,
0.0,0.0,0.4739288370525688,,,
0.0,0.0,0.41914036729478515,,,
0.0,0.0,0.35801704871441353,,,
0.0,0.0,0.39300100862284865,,,
0.0,0.0,0.38089473381337724,,,
1.0,1.0,0.6913219774566778,,,
1.0,1.0,0.543773398387906,,,
0.0,0.0,0.3485843506039834,,,
1.0,1.0,0.8089322453178537,,,
1.0,0.0,0.31617901728009523,,,
1.0,1.0,0.6429052097664577,,,
0.0,1.0,0.5392592152975189,,,
1.0,1.0,0.6137902278337479,,,
0.0,1.0,0.5518214469810157,,,
1.0,0.0,0.4997221241697319,,,
1.0,1.0,0.6622352375128008,,,
1.0,1.0,0.6391249937558034,,,
1.0,0.0,0.4823292481508708,,,
1.0,0.0,0.4516905116257966,,,
0.0,0.0,0.38091421742032255,,,
0.0,0.0,0.3491043948474533,,,
1.0,0.0,0.35650317321200903,,,
0.0,0.0,0.38601644647161915,,,
1.0,1.0,0.6561003460703191,,,
1.0,1.0,0.5799152021137933,,,
0.0,0.0,0.45325030320548376,,,
1.0,0.0,0.4322462345908333,,,
0.0,0.0,0.38404558220562585,,,
0.0,0.0,0.3691460197116584,,,
0.0,0.0,0.4040312366867033,,,
1.0,0.0,0.48261142829489945,,,
0.0,0.0,0.4180942173542889,,,
1.0,1.0,0.5424171157889894,,,
1.0,1.0,0.5171846685720614,,,
1.0,1.0,0.6621017628595242,,,
1.0,1.0,0.5787978188833751,,,
1.0,1.0,0.5124160687196045,,,
0.0,1.0,0.5540139272818556,,,
0.0,0.0,0.44424204212117346,,,
1.0,0.0,0.4706735154292197,,,
0.0,0.0,0.3629148657275651,,,
1.0,1.0,0.7038187699386764,,,
1.0,1.0,0.6405467807355757,,,
0.0,1.0,0.6097439974120648,,,
0.0,0.0,0.3487885105269344,,,
1.0,0.0,0.4046768081996443,,,
1.0,0.0,0.40225833566837316,,,
0.0,0.0,0.3942004892193096,,,
1.0,0.0,0.4908957195807207,,,
0.0,0.0,0.38174346967072287,,,
0.0,0.0,0.40013653104215563,,,
0.0,0.0,0.39851195976617304,,,
1.0,0.0,0.43465480910162074,,,
0.0,0.0,0.4023295047079977,,,
1.0,1.0,0.6157101596230683,,,
0.0,0.0,0.37250729915023495,,,
0.0,1.0,0.5337712490220479,,,
1.0,1.0,0.5498302594496002,,,
1.0,1.0,0.534113718263454,,,
1.0,0.0,0.4379468966290699,,,
1.0,1.0,0.5040218332942215,,,
1.0,0.0,0.44531059417318597,,,
0.0,1.0,0.5880921183640889,,,
1.0,1.0,0.6908776796158396,,,
1.0,1.0,0.5432673186197103,,,
0.0,0.0,0.36514897661152446,,,
0.0,0.0,0.4161326678731248,,,
1.0,1.0,0.5055140605760944,,,
0.0,0.0,0.43838266485451216,,,
1.0,1.0,0.7723104125034302,,,
0.0,0.0,0.4234527082139446,,,
0.0,0.0,0.40896956311855126,,,
1.0,1.0,0.6980674907237293,,,
1.0,1.0,0.5940640685132497,,,
0.0,0.0,0.4006834495751332,,,
1.0,0.0,0.46853941465130433,,,
1.0,1.0,0.514589025893703,,,
1.0,0.0,0.4546156792590921,,,
0.0,0.0,0.41434327213063177,,,
0.0,0.0,0.4040766158063681,,,
0.0,1.0,0.5040999575095887,,,
0.0,0.0,0.3833854589286075,,,
0.0,0.0,0.39119719094552347,,,
1.0,0.0,0.4144563389078089,,,
0.0,0.0,0.47421311335915045,,,
0.0,0.0,0.3980034831062448,,,
0.0,0.0,0.41925005609381893,,,
1.0,1.0,0.5366633155647734,,,
1.0,0.0,0.4002972622824881,,,
0.0,0.0,0.46190655768506284,,,
0.0,0.0,0.3403428776172817,,,
0.0,0.0,0.38636864973356744,,,
0.0,0.0,0.23868934886601467,,,
1.0,0.0,0.464028405060442,,,
1.0,0.0,0.4580076909952622,,,
0.0,0.0,0.3957875940168328,,,
0.0,1.0,0.5927839153777609,,,
1.0,0.0,0.49858578867133446,,,
0.0,0.0,0.35622021694186706,,,
0.0,0.0,0.4138817555703462,,,
0.0,0.0,0.43517663445729116,,,
1.0,1.0,0.7853238704841924,,,
0.0,0.0,0.4276180687448315,,,
1.0,1.0,0.5084710002701022,,,
0.0,0.0,0.34089977431186425,,,
1.0,0.0,0.38832065004053096,,,
1.0,0.0,0.49641278558197827,,,
0.0,0.0,0.42049374003005235,,,
1.0,0.0,0.44969208944054057,,,
1.0,1.0,0.5495896769238792,,,
0.0,0.0,0.4198620384291477,,,
0.0,0.0,0.45834728334658337,,,
1.0,1.0,0.686239361219496,,,
1.0,0.0,0.4809548721867112,,,
0.0,0.0,0.40869802935603844,,,
0.0,0.0,0.43157145240949796,,,
1.0,1.0,0.7554090960329501,,,
0.0,0.0,0.3573853413653039,,,
0.0,0.0,0.3801473566276337,,,
1.0,1.0,0.5986772047370236,,,
1.0,1.0,0.5489607113881506,,,
0.0,0.0,0.4573647826173784,,,
1.0,1.0,0.520874917695617,,,
0.0,0.0,0.4346583644213117,,,
1.0,1.0,0.5699020073051986,,,
0.0,0.0,0.4250755375750724,,,
1.0,0.0,0.3777891471874352,,,
1.0,0.0,0.4394411785315977,,,
0.0,0.0,0.3582177890330077,,,
0.0,0.0,0.3832037768661079,,,
0.0,0.0,0.3987019992301408,,,
1.0,1.0,0.7389684200143192,,,
1.0,0.0,0.4214375877626834,,,
1.0,0.0,0.44428988240376965,,,
0.0,0.0,0.3714240281672981,,,
0.0,0.0,0.38046194846578835,,,
0.0,0.0,0.49287671591575344,,,
0.0,0.0,0.4702398319046179,,,
1.0,1.0,0.5658457501242568,,,
0.0,0.0,0.456248940792554,,,
1.0,1.0,0.7914931607749874,,,
1.0,0.0,0.46730262693519276,,,
1.0,1.0,0.5242532628458663,,,
0.0,0.0,0.437949005454816,,,
1.0,0.0,0.4215454790729491,,,
1.0,1.0,0.5611355861796347,,,
1.0,1.0,0.605246809578573,,,
0.0,0.0,0.40989767865293436,,,
1.0,1.0,0.5103061279605128,,,
1.0,0.0,0.42726436921896105,,,
1.0,1.0,0.5633363427381782,,,
0.0,0.0,0.49835543373560826,,,
0.0,0.0,0.42645335124702793,,,
1.0,0.0,0.44711009248170086,,,
0.0,0.0,0.37554346747121803,,,
0.0,1.0,0.5347475605715049,,,
0.0,0.0,0.32574698355013654,,,
1.0,1.0,0.7989416250805809,,,
1.0,1.0,0.644177864788256,,,
0.0,0.0,0.4042645283945363,,,
0.0,0.0,0.39658805158163724,,,
0.0,0.0,0.29480739239227427,,,
1.0,0.0,0.47170797254300495,,,
0.0,0.0,0.46816709822474273,,,
1.0,1.0,0.6251106062167283,,,
1.0,1.0,0.6178166990978169,,,
0.0,0.0,0.41199824445027816,,,
1.0,1.0,0.5265120258538667,,,
0.0,0.0,0.3611211361239504,,,
1.0,0.0,0.46313682936740036,,,
1.0,0.0,0.4255725530725488,,,
0.0,0.0,0.4721048049129491,,,
1.0,1.0,0.5216445813956853,,,
1.0,1.0,0.5316120868683702,,,
1.0,1.0,0.6593231589048455,,,
1.0,1.0,0.6869392631854501,,,
1.0,0.0,0.45114038370616805,,,
0.0,0.0,0.27573911228720427,,,
1.0,0.0,0.4996519724996087,,,
0.0,0.0,0.3827549428588244,,,
0.0,0.0,0.3403344651837679,,,
0.0,0.0,0.43415773159807436,,,
0.0,0.0,0.47549841946877447,,,
0.0,0.0,0.41319431376628757,,,
1.0,0.0,0.4664885785858593,,,
1.0,1.0,0.8393206700003026,,,
1.0,1.0,0.7368291722417907,,,
0.0,1.0,0.5074440847853189,,,
0.0,0.0,0.41576372881311613,,,
0.0,0.0,0.37342750982401157,,,
0.0,0.0,0.39798424701816304,,,
0.0,0.0,0.38143736197881173,,,
0.0,1.0,0.5068213789960265,,,
0.0,0.0,0.37656232730787886,,,
1.0,1.0,0.833128948359197,,,
1.0,1.0,0.5784316653786643,,,
0.0,0.0,0.43648983625662846,,,
1.0,1.0,0.5329649911660109,,,
1.0,0.0,0.4105176896462315,,,
0.0,0.0,0.4031490017432318,,,
0.0,0.0,0.3835883089873567,,,
1.0,0.0,0.4073933599253152,,,
0.0,0.0,0.3289157983821478,,,
1.0,0.0,0.4686907309396976,,,
0.0,0.0,0.3442774088268092,,,
1.0,0.0,0.4720869876463223,,,
0.0,0.0,0.43000068251075335,,,
1.0,1.0,0.5597922126112312,,,
0.0,0.0,0.43167512016173865,,,
1.0,1.0,0.6604438527072866,,,
0.0,0.0,0.39011017939702053,,,
1.0,1.0,0.6198481796115838,,,
0.0,0.0,0.49621866578994556,,,
0.0,0.0,0.366039043731243,,,
1.0,0.0,0.49378226866362807,,,
0.0,0.0,0.4084915696966243,,,
1.0,1.0,0.7283163850957124,,,
0.0,0.0,0.32659908192090986,,,
0.0,0.0,0.37703565372104947,,,
0.0,0.0,0.41845091396407624,,,
1.0,0.0,0.4789731307410135,,,
0.0,0.0,0.4352352662511179,,,
0.0,0.0,0.48417435917353413,,,
0.0,0.0,0.37129638492591444,,,
1.0,0.0,0.4817034012572552,,,
1.0,0.0,0.3891448899870418,,,
0.0,0.0,0.4382673989374988,,,
1.0,0.0,0.3889809977383854,,,
0.0,1.0,0.5369361497335086,,,
0.0,0.0,0.41320255972885733,,,
1.0,1.0,0.6007163211705231,,,
1.0,1.0,0.8311912747938887,,,
1.0,0.0,0.39669084219674017,,,
0.0,0.0,0.3937752236774104,,,
0.0,0.0,0.4222680462562381,,,
0.0,0.0,0.38456915682704246,,,
1.0,0.0,0.40510020728703017,,,
0.0,1.0,0.6389987475500676,,,
1.0,1.0,0.6528629600937771,,,
0.0,0.0,0.3676078617236495,,,
1.0,0.0,0.44976370543568894,,,
1.0,0.0,0.3788342537870368,,,
1.0,0.0,0.4060203176527887,,,
0.0,0.0,0.3512969987550353,,,
0.0,0.0,0.39779904763998,,,
1.0,0.0,0.4983191095656615,,,
0.0,0.0,0.44992972843764995,,,
1.0,1.0,0.596575997752565,,,
0.0,0.0,0.41789999069714023,,,
1.0,1.0,0.5887762222721479,,,
0.0,0.0,0.42005004501706983,,,
0.0,0.0,0.3389298382183359,,,
1.0,1.0,0.5818842848029883,,,
0.0,0.0,0.3538060807135922,,,
0.0,0.0,0.4984042534682141,,,
1.0,0.0,0.4951470416802,,,
0.0,0.0,0.3643537434583461,,,
0.0,0.0,0.4081538842200034,,,
1.0,1.0,0.642155847211059,,,
0.0,0.0,0.36253617921752745,,,
0.0,0.0,0.39582936600747093,,,
1.0,1.0,0.5096924568232897,,,
0.0,0.0,0.3571071191727169,,,
1.0,1.0,0.7463345014454761,,,
1.0,0.0,0.47202857757619654,,,
0.0,0.0,0.35230935621366266,,,
0.0,0.0,0.38709560760867573,,,
0.0,0.0,0.44216036524918156,,,
0.0,0.0,0.45519445383412704,,,
0.0,0.0,0.33970589776718235,,,
0.0,0.0,0.38462991342059666,,,
0.0,0.0,0.35435216427774774,,,
0.0,0.0,0.4025753006241978,,,
1.0,1.0,0.5162104334400436,,,
0.0,1.0,0.51390872964826,,,
0.0,0.0,0.4494344471441509,,,
1.0,1.0,0.5164154069176504,,,
0.0,0.0,0.33106197877340116,,,
1.0,1.0,0.8032765113160937,,,
1.0,1.0,0.5438766378739607,,,
0.0,1.0,0.6171507725614602,,,
0.0,0.0,0.4214175731212514,,,
0.0,0.0,0.4460303077461624,,,
0.0,0.0,0.3130154388020929,,,
0.0,0.0,0.4096940251090156,,,
0.0,0.0,0.4197189712454096,,,
1.0,0.0,0.4122296562839479,,,
0.0,0.0,0.45941729401896375,,,
0.0,0.0,0.4106509351830361,,,
1.0,0.0,0.4626748972912331,,,
1.0,1.0,0.6085521528978012,,,
0.0,0.0,0.4121076844066698,,,
1.0,1.0,0.5211601945838599,,,
1.0,1.0,0.5613734757592261,,,
0.0,0.0,0.45430291476732004,,,
1.0,0.0,0.4695654753542676,,,
1.0,1.0,0.5599166050516112,,,
0.0,0.0,0.32255392882780465,,,
1.0,1.0,0.5678599193389258,,,
1.0,0.0,0.3916890421219904,,,
0.0,0.0,0.46962174276532825,,,
0.0,1.0,0.5043125174113574,,,
1.0,0.0,0.49982242853101766,,,
1.0,1.0,0.6537467776792768,,,
0.0,0.0,0.4758929363507491,,,
0.0,0.0,0.4812331205336048,,,
0.0,0.0,0.4737562848124152,,,
0.0,0.0,0.3548397334936008,,,
0.0,0.0,0.4314356525958945,,,
1.0,1.0,0.5773986921406828,,,
0.0,0.0,0.4468485937080556,,,
1.0,1.0,0.679106734936441,,,
1.0,1.0,0.5218915981803999,,,
0.0,0.0,0.38658782469743835,,,
1.0,0.0,0.4137396155763265,,,
1.0,0.0,0.48695335421710473,,,
1.0,1.0,0.5007381094645668,,,
1.0,1.0,0.5497111869789506,,,
1.0,0.0,0.39194902426230666,,,
0.0,0.0,0.40954930920500815,,,
1.0,0.0,0.49290856318558623,,,
1.0,1.0,0.6318163909563086,,,
1.0,1.0,0.8177992443738964,,,
0.0,0.0,0.44638043198658567,,,
1.0,1.0,0.5283667144653654,,,
1.0,0.0,0.4368934426555868,,,
1.0,0.0,0.4757026457251251,,,
0.0,1.0,0.5330014974648064,,,
0.0,1.0,0.5802971081905467,,,
0.0,0.0,0.40857723769609017,,,
1.0,1.0,0.7031364812378349,,,
0.0,1.0,0.6218511599805833,,,
0.0,1.0,0.6909065344441109,,,
0.0,0.0,0.3441364490406646,,,
1.0,1.0,0.5388419647090475,,,
1.0,1.0,0.7383986470040368,,,
1.0,0.0,0.46221468975753915,,,
0.0,0.0,0.3551007493910748,,,
0.0,0.0,0.3545466501239411,,,
0.0,0.0,0.37075451569088047,,,
0.0,0.0,0.42700859150187676,,,
1.0,1.0,0.6355721564843176,,,
1.0,1.0,0.5629654536273632,,,
1.0,0.0,0.49610072709302455,,,
1.0,1.0,0.6552362305190526,,,
1.0,1.0,0.5518407099649015,,,
0.0,1.0,0.6510094757280644,,,
1.0,0.0,0.445682159675301,,,
1.0,0.0,0.43603525487188904,,,
0.0,0.0,0.4935289479518211,,,
0.0,0.0,0.4217410154232815,,,
0.0,0.0,0.4119687742892156,,,
1.0,1.0,0.5261634779033129,,,
0.0,0.0,0.3910397251290563,,,
0.0,1.0,0.5057007841788567,,,
1.0,1.0,0.5393084086249843,,,
1.0,0.0,0.47257948489132673,,,
0.0,0.0,0.346158028778064,,,
0.0,0.0,0.42398590960326465,,,
1.0,1.0,0.539460223982394,,,
0.0,0.0,0.43342785663344013,,,
1.0,1.0,0.5428552607639932,,,
1.0,0.0,0.4835670626987705,,,
0.0,0.0,0.40379713348189944,,,
0.0,0.0,0.43815286386634156,,,
1.0,1.0,0.5745070275864627,,,
0.0,0.0,0.41449174122071025,,,
1.0,1.0,0.5264024111820155,,,
1.0,0.0,0.4949082766965054,,,
0.0,0.0,0.41868241463319544,,,
1.0,1.0,0.5623189335826687,,,
0.0,0.0,0.4919667197587137,,,
0.0,0.0,0.4319244802907316,,,
1.0,0.0,0.37632088984369727,,,
0.0,0.0,0.3613687352595474,,,
1.0,0.0,0.45102972551033704,,,
1.0,0.0,0.4440969838027062,,,
0.0,1.0,0.5828069880128148,,,
1.0,1.0,0.5303672379048645,,,
0.0,0.0,0.4364241002734649,,,
0.0,1.0,0.5807306851262999,,,
1.0,0.0,0.427840752875183,,,
0.0,0.0,0.35692064305688764,,,
1.0,1.0,0.5332064119443314,,,
0.0,0.0,0.4269321331349792,,,
1.0,1.0,0.5465079178068412,,,
0.0,0.0,0.48865161656034795,,,
1.0,1.0,0.7475848651556747,,,
1.0,1.0,0.6362406977515409,,,
0.0,0.0,0.3772403744710113,,,
1.0,0.0,0.4385183949540506,,,
1.0,0.0,0.4236487778182949,,,
1.0,1.0,0.7487282316368056,,,
0.0,0.0,0.33140412654045587,,,
0.0,0.0,0.3157663584964106,,,
1.0,0.0,0.45473071172361823,,,
0.0,0.0,0.423147621337645,,,
0.0,0.0,0.38476859005843983,,,
0.0,1.0,0.5959289339167642,,,
1.0,1.0,0.8436980664719513,,,
0.0,0.0,0.42413431434951315,,,
0.0,0.0,0.4229772007454213,,,
1.0,1.0,0.6920109723950272,,,
1.0,0.0,0.45618451546678385,,,
0.0,0.0,0.34563040528842254,,,
0.0,0.0,0.39479914497440166,,,
1.0,0.0,0.4548606381132263,,,
0.0,0.0,0.44955018993351764,,,
1.0,1.0,0.803101762028762,,,
0.0,0.0,0.3733069259635723,,,
1.0,1.0,0.6552362305190526,,,
0.0,0.0,0.3865719430516186,,,
0.0,0.0,0.4607787676175576,,,
1.0,0.0,0.36129393758718875,,,
0.0,0.0,0.43396679516123926,,,
0.0,0.0,0.48860831550167083,,,
0.0,0.0,0.42161612675602106,,,
1.0,0.0,0.36997838329609306,,,
0.0,0.0,0.3644713788367792,,,
0.0,0.0,0.49862152934409576,,,
1.0,1.0,0.6459919189151144,,,
1.0,0.0,0.4870662432518683,,,
1.0,1.0,0.5068133768726154,,,
1.0,1.0,0.5301368537970369,,,
0.0,0.0,0.3574942263953429,,,
0.0,0.0,0.4849178883832858,,,
0.0,0.0,0.41289470135938566,,,
1.0,0.0,0.47508162984788427,,,
0.0,0.0,0.4162475584877728,,,
1.0,0.0,0.49077453744552374,,,
1.0,1.0,0.5234877402451827,,,
0.0,0.0,0.34035581950046667,,,
1.0,0.0,0.36882030324022946,,,
0.0,0.0,0.3543386645655946,,,
1.0,0.0,0.4710837551620691,,,
1.0,1.0,0.6084883781931241,,,
0.0,0.0,0.3244294532913744,,,
1.0,0.0,0.41280894579775784,,,
1.0,1.0,0.5936507800334253,,,
0.0,0.0,0.3856258338556975,,,
0.0,1.0,0.5226771080549538,,,
0.0,1.0,0.5135037131632193,,,
1.0,0.0,0.3736515999388259,,,
0.0,0.0,0.3396089883402378,,,
1.0,1.0,0.5558197540893012,,,
0.0,0.0,0.37099448953400754,,,
0.0,0.0,0.46245270877102396,,,
0.0,0.0,0.4154155230443423,,,
1.0,1.0,0.597308895181035,,,
1.0,1.0,0.5201681984538529,,,
1.0,1.0,0.5222662692332417,,,
0.0,0.0,0.4961900793782191,,,
0.0,1.0,0.5182977114046946,,,
1.0,0.0,0.426721532562139,,,
0.0,1.0,0.5804286436457277,,,
0.0,1.0,0.513120438054588,,,
1.0,1.0,0.5727264550009571,,,
0.0,0.0,0.4831533157534528,,,
0.0,0.0,0.4173431908842421,,,
0.0,0.0,0.372371088385974,,,
0.0,1.0,0.5249533749786139,,,
0.0,0.0,0.41579071420239566,,,
0.0,0.0,0.4380099999572017,,,
0.0,0.0,0.3432392928370849,,,
0.0,1.0,0.6379600064475314,,,
0.0,0.0,0.4041874744561792,,,
1.0,1.0,0.5956993932542485,,,
0.0,0.0,0.4074076564496698,,,
1.0,1.0,0.5461890919660601,,,
1.0,0.0,0.4580071712157797,,,
1.0,1.0,0.7446192636569713,,,
0.0,0.0,0.3916614844960722,,,
1.0,1.0,0.6420194959048839,,,
1.0,1.0,0.6779688086847676,,,
0.0,0.0,0.4789751272610717,,,
1.0,1.0,0.5032770275105143,,,
1.0,0.0,0.4562776693109312,,,
1.0,0.0,0.44211226939497145,,,
0.0,0.0,0.383409749131783,,,
1.0,0.0,0.47548400396797563,,,
0.0,0.0,0.45858266644724005,,,
1.0,0.0,0.42422442076626,,,
0.0,0.0,0.37166152019815074,,,
0.0,1.0,0.5099830679028424,,,
0.0,0.0,0.3679303059227819,,,
0.0,0.0,0.4112408281221866,,,
1.0,1.0,0.5111759355336856,,,
1.0,1.0,0.5276802294426102,,,
1.0,0.0,0.4125782836070258,,,
1.0,1.0,0.5896241663940376,,,
1.0,1.0,0.6205075505879872,,,
0.0,1.0,0.6458836650400333,,,
1.0,1.0,0.5276033886602806,,,
0.0,0.0,0.4737707787992201,,,
0.0,0.0,0.39007578965703793,,,
1.0,0.0,0.4239045993911396,,,
0.0,0.0,0.40327858474521544,,,
0.0,0.0,0.4705197551010269,,,
1.0,1.0,0.5192925378459678,,,
0.0,0.0,0.4249263252820529,,,
0.0,0.0,0.34282451562202915,,,
0.0,0.0,0.42967140368421475,,,
1.0,0.0,0.39288075519831384,,,
0.0,1.0,0.5077888222071022,,,
1.0,0.0,0.4485515050019148,,,
1.0,1.0,0.6770781856489971,,,
0.0,0.0,0.37279298859760845,,,
1.0,1.0,0.6193053996188614,,,
0.0,0.0,0.40385801260852905,,,
1.0,0.0,0.42291532984480273,,,
1.0,1.0,0.628149950652021,,,
0.0,0.0,0.4530039182079362,,,
0.0,0.0,0.3879715101065014,,,
0.0,0.0,0.48733248198474755,,,
1.0,1.0,0.6637763931702425,,,
1.0,1.0,0.5638755747184734,,,
0.0,0.0,0.3940382251095652,,,
1.0,1.0,0.5971609654703657,,,
1.0,0.0,0.4563077127655292,,,
0.0,0.0,0.39239764685983897,,,
0.0,0.0,0.4553194069119402,,,
0.0,0.0,0.4935289479518211,,,
0.0,0.0,0.4418435595452687,,,
1.0,0.0,0.42422442076626,,,
1.0,0.0,0.4808034709669608,,,
0.0,0.0,0.32900912435697394,,,
1.0,0.0,0.4604922664459426,,,
1.0,1.0,0.7558130563300436,,,
1.0,0.0,0.4268037312473963,,,
1.0,1.0,0.7904508124616371,,,
0.0,0.0,0.4036723281486782,,,
1.0,1.0,0.6748987033217622,,,
0.0,1.0,0.5089743410048054,,,
0.0,0.0,0.49283364580088757,,,
0.0,1.0,0.5097605407292096,,,
0.0,0.0,0.43419677637659326,,,
0.0,0.0,0.46399542910504865,,,
0.0,0.0,0.3076583217811859,,,
1.0,1.0,0.5191509125291408,,,
0.0,1.0,0.5202947819286461,,,
0.0,0.0,0.44872023523722965,,,
0.0,0.0,0.3544151644064434,,,
0.0,0.0,0.3944940686074685,,,
0.0,0.0,0.33488543870233756,,,
1.0,1.0,0.526265554844535,,,
0.0,1.0,0.5488755818085044,,,
1.0,1.0,0.5115565640191024,,,
0.0,0.0,0.3627441379843146,,,
1.0,1.0,0.5969960601405463,,,
1.0,0.0,0.43031012378458267,,,
0.0,0.0,0.44688321387918517,,,
1.0,1.0,0.7288390563011832,,,
1.0,1.0,0.5209947409335514,,,
0.0,0.0,0.3748502357941328,,,
1.0,1.0,0.6229206309102363,,,
0.0,0.0,0.44644596538237236,,,
0.0,0.0,0.4053724904552671,,,
0.0,0.0,0.3961201763835743,,,
0.0,0.0,0.37865486946907945,,,
1.0,1.0,0.5008790200101488,,,
0.0,0.0,0.4296248957537069,,,
0.0,0.0,0.40381955608189596,,,
1.0,1.0,0.5661376751483412,,,
0.0,0.0,0.4114891876811564,,,
0.0,1.0,0.5177064156493,,,
1.0,1.0,0.6326347096893026,,,
0.0,0.0,0.42458718890961505,,,
0.0,0.0,0.48429432355864055,,,
0.0,0.0,0.39583842712626427,,,
0.0,0.0,0.4050586774524297,,,
1.0,1.0,0.5612319716332546,,,
1.0,1.0,0.5519018785027899,,,
1.0,0.0,0.4826447007084667,,,
1.0,0.0,0.39375054379193647,,,
1.0,1.0,0.6346936882238101,,,
1.0,1.0,0.6214313372616501,,,
0.0,1.0,0.5805500110994318,,,
0.0,0.0,0.35561931855710416,,,
1.0,1.0,0.7965144131726963,,,
0.0,0.0,0.48284770233506213,,,
0.0,0.0,0.4072243975016832,,,
1.0,1.0,0.6687749162749252,,,
1.0,0.0,0.46577127969140764,,,
0.0,0.0,0.4701076516307412,,,
0.0,0.0,0.33753798596566237,,,
1.0,1.0,0.5556177818919381,,,
0.0,0.0,0.4081077247260524,,,
0.0,0.0,0.35913886636905645,,,
1.0,1.0,0.7681004566206553,,,
1.0,1.0,0.5012038772494422,,,
0.0,0.0,0.3366703154372146,,,
1.0,0.0,0.48659623104370064,,,
1.0,1.0,0.7060210913437565,,,
1.0,1.0,0.5260259254617634,,,
1.0,1.0,0.5864397583048915,,,
0.0,1.0,0.5731985306683883,,,
0.0,0.0,0.34944875420761473,,,
0.0,1.0,0.5951439346455458,,,
1.0,1.0,0.6452246846324923,,,
0.0,0.0,0.419950945320035,,,
1.0,0.0,0.4882075806666271,,,
1.0,1.0,0.7152086460912236,,,
1.0,1.0,0.7558422092338888,,,
1.0,1.0,0.5962072323032904,,,
1.0,0.0,0.3618198692515569,,,
1.0,1.0,0.5144709674793059,,,
0.0,0.0,0.4055899437639378,,,
0.0,0.0,0.4879878427050456,,,
0.0,0.0,0.38358022588315804,,,
0.0,0.0,0.327182623269579,,,
0.0,0.0,0.47604196271283306,,,
0.0,0.0,0.21499503419251792,,,
0.0,0.0,0.37042169122404633,,,
1.0,0.0,0.46072153782760633,,,
1.0,0.0,0.43461212569344937,,,
1.0,0.0,0.44932177145458546,,,
0.0,0.0,0.3737261168312631,,,
1.0,1.0,0.5497068097718376,,,
0.0,0.0,0.40370698772561114,,,
0.0,0.0,0.3822266372952994,,,
1.0,0.0,0.49662165316983137,,,
1.0,0.0,0.4453401155243099,,,
0.0,0.0,0.3502075096070156,,,
0.0,0.0,0.4388561206826222,,,
1.0,0.0,0.476034694212244,,,
0.0,1.0,0.5213620525259728,,,
0.0,0.0,0.36440624749779377,,,
1.0,0.0,0.4740031863388835,,,
1.0,1.0,0.6502367013667354,,,
0.0,0.0,0.4347932639983682,,,
0.0,0.0,0.44965797118488526,,,
1.0,1.0,0.5254633003335972,,,
1.0,0.0,0.4203572254555788,,,
0.0,0.0,0.4056617297468481,,,
0.0,0.0,0.37666074919279613,,,
0.0,0.0,0.45300080990091546,,,
1.0,1.0,0.6719075894441509,,,
1.0,1.0,0.6087716658138613,,,
1.0,1.0,0.5176542106945206,,,
1.0,1.0,0.5265560820695161,,,
1.0,1.0,0.5292850861991708,,,
0.0,0.0,0.38239263152209,,,
0.0,0.0,0.39008698148808074,,,
1.0,1.0,0.5533766811010767,,,
1.0,1.0,0.6777072019245591,,,
0.0,0.0,0.4176355711766996,,,
0.0,0.0,0.32965438319005663,,,
0.0,0.0,0.40463385545176894,,,
1.0,1.0,0.6157418489133135,,,
1.0,1.0,0.528757301517108,,,
1.0,1.0,0.5083319401684686,,,
0.0,0.0,0.425810635473795,,,
0.0,0.0,0.37416090811099334,,,
0.0,0.0,0.33362086346601405,,,
1.0,1.0,0.5207052477884514,,,
1.0,1.0,0.6092673252726647,,,
1.0,1.0,0.6713288842053334,,,
1.0,1.0,0.5092243424822426,,,
0.0,0.0,0.4176698103862086,,,
0.0,0.0,0.3592202650037215,,,
1.0,0.0,0.3752957516598119,,,
0.0,0.0,0.3658357651424998,,,
0.0,1.0,0.5103052406377624,,,
0.0,0.0,0.37733681742714453,,,
1.0,1.0,0.749460044908238,,,
0.0,0.0,0.3892603501088027,,,
1.0,0.0,0.44470141619476067,,,
0.0,0.0,0.3684391230522535,,,
1.0,1.0,0.7848680521221987,,,
1.0,0.0,0.4097818396246676,,,
1.0,0.0,0.4174052890049824,,,
0.0,0.0,0.38076819800816636,,,
1.0,0.0,0.49920527241835627,,,
1.0,1.0,0.6837372748669728,,,
0.0,0.0,0.4439094184588894,,,
1.0,1.0,0.5171964546367378,,,
0.0,1.0,0.5062029991525259,,,
0.0,0.0,0.40935227346472,,,
1.0,1.0,0.5313069792281341,,,
0.0,0.0,0.3510545417881474,,,
1.0,0.0,0.49365207226400654,,,
0.0,1.0,0.6489354299474442,,,
1.0,0.0,0.4955308800220281,,,
1.0,1.0,0.6397889350473543,,,
0.0,0.0,0.3266553197811719,,,
0.0,0.0,0.45484382740666934,,,
0.0,0.0,0.3040382416178991,,,
0.0,0.0,0.3631665605779886,,,
0.0,0.0,0.3944117270810822,,,
0.0,0.0,0.43005526648928416,,,
1.0,1.0,0.6580343942906773,,,
1.0,1.0,0.539193180117561,,,
0.0,1.0,0.6114651480506255,,,
0.0,0.0,0.44071102252384,,,
1.0,0.0,0.42519196065952347,,,
1.0,0.0,0.4835998553105453,,,
1.0,1.0,0.6203437164545653,,,
1.0,0.0,0.41517377747210166,,,
0.0,0.0,0.438703496157383,,,
1.0,0.0,0.4456992028002339,,,
0.0,0.0,0.4124437102497176,,,
1.0,1.0,0.512563585196938,,,
0.0,0.0,0.40156296053433954,,,
1.0,1.0,0.527030894130393,,,
1.0,1.0,0.6620219631810956,,,
1.0,1.0,0.5579786761042305,,,
1.0,1.0,0.6919183665468784,,,
1.0,0.0,0.46819156544899015,,,
0.0,0.0,0.46476513781598683,,,
0.0,0.0,0.49894488881270416,,,
1.0,1.0,0.5329023282257737,,,
1.0,0.0,0.3458713252672912,,,
1.0,1.0,0.6812195228977741,,,
0.0,0.0,0.422155236707547,,,
0.0,0.0,0.3439505323751524,,,
1.0,0.0,0.4214622173764161,,,
0.0,0.0,0.488075750132699,,,
0.0,0.0,0.4254018753602467,,,
1.0,0.0,0.4422805575513463,,,
1.0,1.0,0.6770333188020539,,,
1.0,0.0,0.44880516158840666,,,
1.0,1.0,0.5401517699586612,,,
1.0,1.0,0.6298316503843923,,,
0.0,0.0,0.4039381870659847,,,
0.0,0.0,0.3946900139030287,,,
1.0,1.0,0.6445806029543308,,,
1.0,1.0,0.5409727905556831,,,
1.0,1.0,0.5590647018737182,,,
1.0,0.0,0.4369185255615664,,,
1.0,1.0,0.5055708270602491,,,
0.0,0.0,0.35925855300840065,,,
1.0,0.0,0.42903043634718574,,,
0.0,0.0,0.4265402163464686,,,
1.0,1.0,0.8124480093650241,,,
1.0,0.0,0.49708990097232647,,,
0.0,0.0,0.39176482612566677,,,
1.0,1.0,0.7348589507817841,,,
1.0,1.0,0.6646601688006942,,,
1.0,1.0,0.5479651391587257,,,
0.0,0.0,0.45672502477035176,,,
0.0,0.0,0.39217268401552113,,,
0.0,0.0,0.38690764461574284,,,
1.0,1.0,0.6502367013667354,,,
1.0,1.0,0.5408688887781422,,,
1.0,1.0,0.6515429765866836,,,
0.0,0.0,0.4754790328665085,,,
1.0,0.0,0.39571745122257074,,,
0.0,0.0,0.432547973083544,,,
1.0,1.0,0.8134232437895301,,,
1.0,0.0,0.4788730182788585,,,
0.0,0.0,0.3495068522364249,,,
1.0,0.0,0.4614459983898934,,,
0.0,0.0,0.45523820416481087,,,
1.0,0.0,0.4181366838783556,,,
1.0,0.0,0.49858578867133446,,,
1.0,1.0,0.7986373496842515,,,
1.0,1.0,0.6582147964669537,,,
1.0,1.0,0.8223933998623721,,,
1.0,1.0,0.5458943406975937,,,
0.0,0.0,0.40394383400580297,,,
0.0,0.0,0.4065488698354756,,,
0.0,0.0,0.38091421742032255,,,
1.0,1.0,0.5107197235457324,,,
1.0,1.0,0.5163579759797972,,,
0.0,0.0,0.4695629622932611,,,
0.0,1.0,0.612974512096285,,,
0.0,0.0,0.4836462502905391,,,
0.0,0.0,0.4061859779137993,,,
0.0,0.0,0.44998776662126994,,,
0.0,1.0,0.5616772845530189,,,
1.0,0.0,0.4286753806512322,,,
1.0,1.0,0.5660202551602698,,,
0.0,0.0,0.4193912999492094,,,
0.0,0.0,0.36584508553377965,,,
0.0,0.0,0.37906591980967397,,,
1.0,1.0,0.5099049334785504,,,
1.0,0.0,0.4801195356422316,,,
1.0,1.0,0.5148595182975712,,,
1.0,0.0,0.3660057788248678,,,
1.0,1.0,0.6424266340140097,,,
1.0,1.0,0.712654900996772,,,
0.0,0.0,0.380454948110107,,,
0.0,0.0,0.3876504297068683,,,
0.0,0.0,0.38677518392571797,,,
1.0,0.0,0.44120453736537557,,,
1.0,1.0,0.8103560688201275,,,
1.0,0.0,0.3629304882007388,,,
1.0,1.0,0.5208614150700532,,,
0.0,0.0,0.4747249207043801,,,
1.0,0.0,0.43866302071557933,,,
0.0,0.0,0.44676583875553166,,,
0.0,0.0,0.3571799214848541,,,
1.0,1.0,0.592302590325766,,,
0.0,0.0,0.40909308797784716,,,
0.0,1.0,0.6321991236727027,,,
0.0,0.0,0.33016572722572,,,
1.0,0.0,0.4611138591861609,,,
1.0,1.0,0.7819875903927822,,,
1.0,1.0,0.538128234950705,,,
0.0,1.0,0.520097836818876,,,
0.0,0.0,0.3739971909419211,,,
0.0,0.0,0.49482609158285495,,,
0.0,0.0,0.4305478235722164,,,
0.0,0.0,0.38181529403889725,,,
1.0,1.0,0.5013596434584261,,,
1.0,1.0,0.56845210117264,,,
0.0,0.0,0.3551089325402248,,,
0.0,0.0,0.4496140478197351,,,
1.0,1.0,0.6293966186500868,,,
1.0,1.0,0.5058546167614101,,,
0.0,0.0,0.39455749155098285,,,
1.0,1.0,0.5703955693546532,,,
0.0,0.0,0.41415769825707066,,,
0.0,0.0,0.40980031246151044,,,
1.0,1.0,0.5079714658175993,,,
1.0,0.0,0.3682932984157195,,,
0.0,0.0,0.405631487293823,,,
0.0,1.0,0.5454385149088654,,,
1.0,1.0,0.5894005381413675,,,
1.0,0.0,0.4572477953950803,,,
1.0,1.0,0.6580120774865075,,,
0.0,0.0,0.32590081632000184,,,
1.0,1.0,0.6027192468997702,,,
1.0,1.0,0.614438457828254,,,
1.0,0.0,0.45758363950871167,,,
0.0,0.0,0.36901373301156976,,,
0.0,0.0,0.4368662581293822,,,
1.0,1.0,0.5607164783692753,,,
0.0,0.0,0.3800535105260518,,,
0.0,1.0,0.5040979912321806,,,
0.0,0.0,0.32369991688210253,,,
1.0,1.0,0.7695972728951693,,,
0.0,0.0,0.36911252044217663,,,
1.0,0.0,0.47811093434862406,,,
0.0,1.0,0.5089629153203927,,,
0.0,0.0,0.3390488675258852,,,
1.0,0.0,0.44597778674812116,,,
1.0,0.0,0.4922899436401488,,,
1.0,0.0,0.4149724157146042,,,
1.0,1.0,0.6632848076789074,,,
1.0,0.0,0.4314075607035229,,,
1.0,0.0,0.3748694380701673,,,
0.0,0.0,0.47718279266357166,,,
0.0,0.0,0.4923037805841093,,,
0.0,0.0,0.46850958140942184,,,
0.0,0.0,0.37451158381690525,,,
0.0,0.0,0.43684359637858333,,,
1.0,0.0,0.4519796212557081,,,
1.0,0.0,0.402153164871548,,,
0.0,0.0,0.44165178580748005,,,
1.0,1.0,0.5140998901795121,,,
1.0,0.0,0.49365157744019916,,,
0.0,0.0,0.3944372836220637,,,
1.0,1.0,0.5051476202825411,,,
0.0,0.0,0.38127324926533057,,,
1.0,1.0,0.5935665369081167,,,
0.0,0.0,0.40445800558493683,,,
0.0,0.0,0.45304369235582903,,,
1.0,0.0,0.4785500163288689,,,
0.0,0.0,0.405257414572744,,,
1.0,1.0,0.5546156821016126,,,
0.0,0.0,0.3661755681331763,,,
1.0,1.0,0.6014307015620818,,,
0.0,0.0,0.3449150683762891,,,
0.0,0.0,0.44645524860672703,,,
1.0,1.0,0.5128421156392827,,,
1.0,0.0,0.4562831463507675,,,
1.0,1.0,0.5331817151597099,,,
0.0,0.0,0.36559631655699926,,,
0.0,0.0,0.45594141963727325,,,
1.0,0.0,0.4383496156577708,,,
0.0,0.0,0.4609748963207485,,,
1.0,1.0,0.5690321003813934,,,
1.0,1.0,0.5009439665514035,,,
0.0,0.0,0.29340027253171297,,,
0.0,0.0,0.350173452052736,,,
0.0,0.0,0.4585989697859565,,,
0.0,0.0,0.3750150467620016,,,
0.0,1.0,0.5366752109260551,,,
1.0,0.0,0.4422250845495942,,,
0.0,0.0,0.453190542106587,,,
1.0,0.0,0.42650129161610395,,,
1.0,0.0,0.48850311987089073,,,
0.0,0.0,0.42117157316394,,,
1.0,0.0,0.4177247718936834,,,
1.0,1.0,0.6159459157273286,,,
0.0,0.0,0.42659386868299115,,,
1.0,1.0,0.8146346747124857,,,
1.0,0.0,0.4218031120282329,,,
1.0,1.0,0.579440099413574,,,
0.0,0.0,0.3238664757734278,,,
0.0,0.0,0.32956423009608743,,,
0.0,0.0,0.3632562045473527,,,
0.0,0.0,0.41056029946942524,,,
1.0,1.0,0.6696890967771827,,,
1.0,0.0,0.41076811498762134,,,
1.0,0.0,0.40086595785731044,,,
0.0,0.0,0.4808034709669608,,,
1.0,1.0,0.5108892140081989,,,
0.0,0.0,0.4453574402382855,,,
1.0,0.0,0.46452315282815126,,,
1.0,0.0,0.3131907240747927,,,
0.0,0.0,0.4027894466870821,,,
1.0,1.0,0.5216203087852325,,,
1.0,1.0,0.6715071806995543,,,
0.0,0.0,0.3968218199928897,,,
1.0,1.0,0.616219583750034,,,
0.0,0.0,0.384426007760973,,,
0.0,0.0,0.412180448964432,,,
1.0,1.0,0.627828207753976,,,
0.0,0.0,0.4005609773956294,,,
0.0,0.0,0.423722188330007,,,
0.0,0.0,0.28846961562938145,,,
1.0,0.0,0.42902440576517126,,,
0.0,1.0,0.626347265407769,,,
1.0,1.0,0.6645626474017438,,,
1.0,1.0,0.5999862797032298,,,
1.0,0.0,0.4880033687763531,,,
0.0,0.0,0.36998110954292734,,,
1.0,1.0,0.5539941053629166,,,
0.0,0.0,0.4455296158382587,,,
0.0,0.0,0.3806266398026012,,,
1.0,1.0,0.5369720847323601,,,
0.0,1.0,0.5516186088151929,,,
0.0,0.0,0.4626405507543676,,,
1.0,1.0,0.6523624049853146,,,
0.0,0.0,0.44104545584394106,,,
0.0,0.0,0.43591020092837773,,,
0.0,0.0,0.42439837944880554,,,
1.0,1.0,0.5302230054523213,,,
0.0,0.0,0.37837982239228807,,,
1.0,0.0,0.4672521513352145,,,
1.0,0.0,0.40977683698797934,,,
0.0,0.0,0.3988780934620391,,,
0.0,0.0,0.43717551624074374,,,
1.0,1.0,0.8326031036596062,,,
0.0,0.0,0.3050505123458311,,,
1.0,1.0,0.5787573981393536,,,
1.0,0.0,0.4227352418665627,,,
1.0,1.0,0.7414420209625335,,,
1.0,1.0,0.5427483929550453,,,
0.0,0.0,0.3642576748444894,,,
0.0,0.0,0.38126092481594404,,,
1.0,1.0,0.6327816424994539,,,
1.0,1.0,0.5192088498791361,,,
0.0,0.0,0.3500751529578296,,,
0.0,0.0,0.4481709116548477,,,
1.0,0.0,0.39219468539964525,,,
0.0,0.0,0.4622522884572684,,,
1.0,1.0,0.6113741382600122,,,
1.0,0.0,0.37896814715402954,,,
0.0,0.0,0.3715512084298506,,,
0.0,1.0,0.6197620595821326,,,
1.0,1.0,0.5312915313078216,,,
1.0,1.0,0.5571260726440953,,,
1.0,0.0,0.4306029523849964,,,
1.0,0.0,0.4074024779033459,,,
1.0,1.0,0.5556177818919381,,,
1.0,0.0,0.4639527844713429,,,
0.0,0.0,0.23045730202844175,,,
1.0,1.0,0.648651129598629,,,
1.0,1.0,0.7173902871535675,,,
0.0,0.0,0.39205764517000546,,,
1.0,0.0,0.40906087227974225,,,
1.0,1.0,0.5397675897395096,,,
0.0,0.0,0.382786534973978,,,
0.0,0.0,0.3916390604634765,,,
0.0,0.0,0.43271903828417285,,,
1.0,1.0,0.5113840268042403,,,
0.0,0.0,0.3608053542457891,,,
0.0,0.0,0.4100255195516862,,,
1.0,1.0,0.7306056572213568,,,
0.0,0.0,0.41433825298390575,,,
1.0,1.0,0.6580337310309113,,,
1.0,1.0,0.6528592909441054,,,
1.0,1.0,0.6641377825018933,,,
0.0,0.0,0.35412358713330155,,,
0.0,0.0,0.411678416360079,,,
0.0,0.0,0.34429175592545336,,,
1.0,1.0,0.5534159018361354,,,
0.0,0.0,0.4384255921574839,,,
1.0,0.0,0.4623312667767538,,,
1.0,0.0,0.45494273470686925,,,
0.0,0.0,0.30428248198545754,,,
1.0,1.0,0.5198527094022609,,,
1.0,1.0,0.7938752627264952,,,
1.0,1.0,0.5715266456856684,,,
1.0,1.0,0.6844763129616336,,,
1.0,1.0,0.54042639046538,,,
0.0,0.0,0.40898687490892777,,,
1.0,0.0,0.4893302388249165,,,
0.0,1.0,0.6203884066774964,,,
1.0,1.0,0.7604400651499958,,,
0.0,0.0,0.3643159321209387,,,
0.0,0.0,0.4767313458633036,,,
0.0,0.0,0.39953008973320564,,,
1.0,0.0,0.39587494345671115,,,
1.0,1.0,0.6013587275240514,,,
0.0,0.0,0.3824053563408118,,,
1.0,1.0,0.5185557759599387,,,
0.0,0.0,0.4277862992375502,,,
0.0,0.0,0.4985919424677266,,,
0.0,0.0,0.39169788745538375,,,
1.0,1.0,0.549828068658545,,,
0.0,0.0,0.4251786830385659,,,
1.0,1.0,0.5374660505768301,,,
0.0,1.0,0.6443222944518704,,,
1.0,0.0,0.4904168551021379,,,
0.0,0.0,0.4165278161311745,,,
1.0,0.0,0.4411340183219259,,,
1.0,0.0,0.41706089788692624,,,
0.0,0.0,0.4012950185121335,,,
0.0,0.0,0.4456075425696893,,,
0.0,0.0,0.3794832422137347,,,
0.0,1.0,0.5056152367073663,,,
0.0,1.0,0.5016339672617651,,,
1.0,1.0,0.5281352956815988,,,
1.0,0.0,0.4749379193722926,,,
0.0,0.0,0.3922710190014928,,,
1.0,0.0,0.4753645799343905,,,
1.0,1.0,0.5528617914900069,,,
1.0,1.0,0.7527388909324721,,,
1.0,0.0,0.45219475988032815,,,
0.0,0.0,0.44385073974061523,,,
1.0,1.0,0.6984885713432496,,,
0.0,0.0,0.35805723428956854,,,
1.0,0.0,0.4537992181359174,,,
0.0,0.0,0.38959520547400367,,,
1.0,0.0,0.4729617163792549,,,
1.0,1.0,0.8011743814951355,,,
0.0,0.0,0.4019703390239905,,,
0.0,0.0,0.32123587054728464,,,
0.0,0.0,0.4224704603011539,,,
0.0,0.0,0.4846041994758855,,,
1.0,0.0,0.3251782711204638,,,
0.0,0.0,0.3283780276341978,,,
0.0,0.0,0.3204111034010238,,,
0.0,0.0,0.35483391152124255,,,
0.0,0.0,0.36615003862477596,,,
0.0,0.0,0.40700951083575015,,,
0.0,0.0,0.4274396860868193,,,
0.0,0.0,0.4145002629195461,,,
1.0,0.0,0.47514469912287416,,,
0.0,0.0,0.38017549990484045,,,
0.0,0.0,0.3170854102690499,,,
0.0,0.0,0.3488191606876244,,,
0.0,0.0,0.36263830963678884,,,
0.0,0.0,0.35881995412036627,,,
1.0,1.0,0.5183409375510385,,,
1.0,0.0,0.43951529121480026,,,
1.0,1.0,0.5160694938586072,,,
1.0,1.0,0.7639765679302134,,,
1.0,0.0,0.36956157164036657,,,
1.0,1.0,0.5484505772028372,,,
0.0,0.0,0.46006842677397314,,,
0.0,0.0,0.38696541507340315,,,
1.0,1.0,0.606226919649316,,,
1.0,1.0,0.7318178324981918,,,
1.0,1.0,0.5714914357667672,,,
1.0,0.0,0.42006849317660844,,,
0.0,0.0,0.37690056693098434,,,
0.0,0.0,0.4305529595994619,,,
1.0,1.0,0.5730508101905039,,,
1.0,1.0,0.5218142293072802,,,
1.0,0.0,0.45502028409958534,,,
1.0,0.0,0.46009029133183627,,,
1.0,1.0,0.5606083774705055,,,
1.0,1.0,0.648097731742339,,,
1.0,0.0,0.49631869131450485,,,
0.0,0.0,0.40472236180388843,,,
0.0,0.0,0.40674109933292424,,,
0.0,0.0,0.4742648189818422,,,
0.0,1.0,0.5278956292860045,,,
1.0,1.0,0.68450460775305,,,
1.0,1.0,0.6411346250452993,,,
1.0,0.0,0.4567640781071723,,,
1.0,0.0,0.37922628630906624,,,
1.0,0.0,0.44250617592853325,,,
0.0,0.0,0.3949580149486405,,,
1.0,1.0,0.6702390139653175,,,
1.0,0.0,0.42253313578823326,,,
0.0,1.0,0.5261952283150033,,,
0.0,1.0,0.5042269984121864,,,
1.0,0.0,0.44859209466766364,,,
1.0,0.0,0.4275770848840453,,,
0.0,0.0,0.4314887920205269,,,
0.0,0.0,0.3706087564162848,,,
0.0,0.0,0.38570539389952907,,,
0.0,0.0,0.32228593817002293,,,
0.0,0.0,0.378294450206356,,,
1.0,1.0,0.5828213075632452,,,
0.0,0.0,0.3604829159261437,,,
1.0,0.0,0.44146998024513795,,,
1.0,0.0,0.431376201614905,,,
1.0,1.0,0.5143489660933321,,,
1.0,0.0,0.4484651839758192,,,
0.0,0.0,0.4050605117142353,,,
0.0,0.0,0.34429175592545336,,,
1.0,1.0,0.7903085317077232,,,
0.0,0.0,0.4832405951082475,,,
1.0,0.0,0.4706634106057596,,,
1.0,0.0,0.4761940061954786,,,
1.0,1.0,0.6554939268743318,,,
0.0,1.0,0.5509313803700981,,,
0.0,0.0,0.4382028287973203,,,
0.0,0.0,0.3089482369822251,,,
0.0,0.0,0.38902784368505816,,,
0.0,0.0,0.3718543305205038,,,
0.0,0.0,0.3182626670501109,,,
0.0,0.0,0.4783975446386351,,,
1.0,1.0,0.5641177036224456,,,
1.0,0.0,0.4849529570454261,,,
1.0,1.0,0.5500626064972027,,,
0.0,0.0,0.43949246671617503,,,
1.0,1.0,0.589441097191623,,,
1.0,0.0,0.4594755792517546,,,
1.0,1.0,0.6083012782370023,,,
1.0,1.0,0.5405751730743441,,,
1.0,0.0,0.4835998553105453,,,
1.0,1.0,0.5416924073658582,,,
1.0,1.0,0.546646217269227,,,
1.0,1.0,0.5059197601047519,,,
1.0,1.0,0.6058997996605561,,,
0.0,0.0,0.3636215175616363,,,
1.0,0.0,0.43489003896518746,,,
1.0,1.0,0.5448078512040742,,,
1.0,1.0,0.579181136295442,,,
0.0,1.0,0.5129271307638764,,,
0.0,0.0,0.4371561980826727,,,
0.0,0.0,0.44710425706725,,,
0.0,0.0,0.4218406720000341,,,
0.0,0.0,0.475949410683752,,,
1.0,1.0,0.7466412393972381,,,
0.0,0.0,0.4611508830301923,,,
1.0,0.0,0.40066268166164704,,,
1.0,1.0,0.7404610210850532,,,
0.0,0.0,0.4436903834386029,,,
1.0,0.0,0.43008213182410704,,,
1.0,0.0,0.467897148469248,,,
0.0,0.0,0.4948576188762719,,,
1.0,1.0,0.6135235968418443,,,
0.0,0.0,0.353739010198376,,,
0.0,0.0,0.37093426141988883,,,
1.0,0.0,0.49114169976011346,,,
1.0,0.0,0.3533268690180742,,,
0.0,0.0,0.43908110426989183,,,
0.0,0.0,0.4354248623845385,,,
1.0,1.0,0.6828208804393823,,,
1.0,0.0,0.4405963722527807,,,
1.0,0.0,0.49707567137683356,,,
1.0,1.0,0.6149388699874556,,,
0.0,0.0,0.406263591818182,,,
0.0,0.0,0.39474308680997744,,,
1.0,0.0,0.4818739384608066,,,
1.0,0.0,0.49919701524730237,,,
1.0,0.0,0.3826145696723988,,,
0.0,0.0,0.40910276178050414,,,
1.0,0.0,0.3903024577710539,,,
1.0,1.0,0.5654938896066181,,,
0.0,0.0,0.41815401059487495,,,
1.0,1.0,0.5322427224604858,,,
1.0,0.0,0.40063832844838837,,,
0.0,0.0,0.38158891495013947,,,
1.0,1.0,0.7333548801577414,,,
1.0,1.0,0.6457421088805678,,,
0.0,0.0,0.3861972204866471,,,
1.0,1.0,0.8019108788237541,,,
1.0,1.0,0.5730127121581751,,,
1.0,0.0,0.4771701203814932,,,
1.0,1.0,0.6580343942906773,,,
0.0,0.0,0.3241369420337053,,,
0.0,0.0,0.3748030738060581,,,
0.0,0.0,0.41693981756850435,,,
1.0,1.0,0.5718130306968363,,,
1.0,1.0,0.5045745400449997,,,
0.0,0.0,0.40458593087200007,,,
0.0,0.0,0.3920573329069833,,,
1.0,1.0,0.6357077226972706,,,
0.0,0.0,0.3686898987141401,,,
0.0,0.0,0.4861065539299097,,,
0.0,0.0,0.21973724144811788,,,
1.0,1.0,0.5642156960303277,,,
0.0,0.0,0.4006984061230314,,,
1.0,1.0,0.7056467480888904,,,
0.0,0.0,0.43520771250715407,,,
1.0,1.0,0.8228538553238204,,,
1.0,0.0,0.46932727311410116,,,
0.0,0.0,0.39406718714022504,,,
0.0,0.0,0.4634229652510521,,,
1.0,1.0,0.5315676243039487,,,
1.0,0.0,0.4482707743162497,,,
1.0,1.0,0.6801065914923065,,,
1.0,1.0,0.7331317028746356,,,
1.0,1.0,0.516651187522537,,,
1.0,1.0,0.7325484609957654,,,
1.0,0.0,0.44919270850890924,,,
0.0,0.0,0.45653024414834503,,,
1.0,1.0,0.5108770476910978,,,
0.0,0.0,0.3948906654863359,,,
0.0,0.0,0.43193068678748947,,,
1.0,1.0,0.611499991064969,,,
0.0,1.0,0.5378923173949183,,,
0.0,0.0,0.412688015589292,,,
1.0,1.0,0.5317733906648136,,,
1.0,1.0,0.6183233224536406,,,
0.0,0.0,0.4886510159700154,,,
0.0,0.0,0.3613961117401318,,,
0.0,0.0,0.39576872532178053,,,
1.0,1.0,0.62816541795239,,,
0.0,0.0,0.3316619078784512,,,
0.0,1.0,0.509956533614559,,,
0.0,0.0,0.4027785146495562,,,
1.0,0.0,0.44749455200580157,,,
0.0,0.0,0.4840039321242095,,,
0.0,0.0,0.40165371594743915,,,
1.0,0.0,0.4075558255391844,,,
1.0,0.0,0.42960663055792236,,,
0.0,0.0,0.44712388159139727,,,
0.0,0.0,0.4750368078545151,,,
0.0,0.0,0.3665980356933651,,,
0.0,0.0,0.4375335206334105,,,
1.0,1.0,0.7420969228163803,,,
0.0,0.0,0.44442265504673045,,,
1.0,0.0,0.45837810779453014,,,
0.0,0.0,0.3920971875531213,,,
1.0,0.0,0.496830017425499,,,
0.0,0.0,0.38195650343481213,,,
1.0,0.0,0.41093755280331634,,,
1.0,1.0,0.5193750468674979,,,
0.0,0.0,0.347307625249498,,,
0.0,0.0,0.3737262945277397,,,
0.0,1.0,0.5137709525023302,,,
1.0,1.0,0.6822682044287571,,,
1.0,0.0,0.4299329741246003,,,
0.0,0.0,0.40797369912184306,,,
1.0,1.0,0.6687617899927469,,,
0.0,0.0,0.44677651863348766,,,
0.0,0.0,0.41851700157767274,,,
0.0,0.0,0.46602003237808604,,,
0.0,0.0,0.41405525117180453,,,
0.0,0.0,0.3808872172023119,,,
1.0,1.0,0.6775886250406562,,,
1.0,0.0,0.42362431138924567,,,
0.0,0.0,0.45552409279429334,,,
0.0,0.0,0.42567853768623276,,,
0.0,0.0,0.41324037910019074,,,
0.0,0.0,0.4293391356809023,,,
0.0,0.0,0.4010810874589151,,,
0.0,1.0,0.5334480551469297,,,
0.0,0.0,0.47271591111213485,,,
0.0,0.0,0.4279893296996711,,,
0.0,0.0,0.4505142950603069,,,
0.0,0.0,0.32138636864176057,,,
0.0,0.0,0.38215146516857984,,,
0.0,1.0,0.576011656181727,,,
0.0,0.0,0.3542667202606762,,,
0.0,0.0,0.3333272914397473,,,
0.0,1.0,0.5875517539920099,,,
1.0,0.0,0.42201993533305987,,,
0.0,1.0,0.6510191317775766,,,
0.0,1.0,0.6785752602905746,,,
0.0,0.0,0.43295853688624564,,,
0.0,1.0,0.5520996774817686,,,
1.0,1.0,0.5027292873836919,,,
0.0,0.0,0.492600812677032,,,
0.0,1.0,0.5214233414462307,,,
1.0,1.0,0.6432565700870857,,,
1.0,1.0,0.5178006923844283,,,
1.0,0.0,0.3569772635675887,,,
1.0,0.0,0.3779894529723989,,,
0.0,0.0,0.37690670655820424,,,
1.0,1.0,0.6157418489133135,,,
0.0,0.0,0.42478210991786547,,,
1.0,1.0,0.7739415567482434,,,
0.0,0.0,0.44756262297982435,,,
0.0,0.0,0.42852727948479213,,,
0.0,0.0,0.37604805898754184,,,
0.0,0.0,0.42353595292167867,,,
0.0,0.0,0.49267347338244666,,,
1.0,1.0,0.5475549788884978,,,
0.0,0.0,0.4335247843864544,,,
1.0,1.0,0.5785043966220195,,,
1.0,1.0,0.5623994346741098,,,
0.0,0.0,0.35434209388159826,,,
1.0,1.0,0.5040592594437094,,,
1.0,1.0,0.7341849749425043,,,
1.0,0.0,0.4401842955795683,,,
0.0,0.0,0.34777768176722385,,,
0.0,0.0,0.3935135465719893,,,
1.0,0.0,0.4304609715219788,,,
0.0,0.0,0.3589746870391179,,,
1.0,1.0,0.6204723416584903,,,
0.0,1.0,0.5110263957854068,,,
0.0,0.0,0.3834875556597565,,,
1.0,1.0,0.597016253836494,,,
1.0,1.0,0.5280999436844506,,,
0.0,0.0,0.3191427828644449,,,
1.0,0.0,0.4277317843390973,,,
0.0,1.0,0.5187951508902977,,,
0.0,0.0,0.448860025015065,,,
0.0,0.0,0.4358246280569066,,,
1.0,1.0,0.6846688946424836,,,
0.0,0.0,0.38484092711088097,,,
1.0,1.0,0.553179648342344,,,
0.0,0.0,0.45832665909750003,,,
1.0,1.0,0.5287161120884591,,,
0.0,0.0,0.42114210673461494,,,
0.0,0.0,0.3989232861356432,,,
0.0,0.0,0.3862623052061629,,,
0.0,0.0,0.3964244036661629,,,
1.0,1.0,0.5381805704033015,,,
1.0,1.0,0.5799180721680041,,,
0.0,0.0,0.41448425015425006,,,
1.0,1.0,0.7141859023894287,,,
0.0,0.0,0.45688304389095274,,,
1.0,1.0,0.534777974269876,,,
0.0,0.0,0.47614449645389617,,,
1.0,0.0,0.40538971961159914,,,
0.0,0.0,0.343701049616083,,,
0.0,0.0,0.3640117631353851,,,
1.0,0.0,0.43555421832321084,,,
1.0,1.0,0.5139635070686307,,,
1.0,0.0,0.4762449674702383,,,
0.0,0.0,0.4186453550035272,,,
0.0,0.0,0.43115817260241623,,,
1.0,1.0,0.7981150459116965,,,
0.0,1.0,0.5956520389574194,,,
0.0,0.0,0.44203929488894494,,,
1.0,0.0,0.41581398379156836,,,
0.0,0.0,0.3284902377611364,,,
0.0,0.0,0.3606808740365053,,,
0.0,1.0,0.7521336253259469,,,
1.0,1.0,0.6792625949239403,,,
1.0,1.0,0.6935345127147825,,,
1.0,1.0,0.6569392093728527,,,
0.0,0.0,0.4818773083230721,,,
1.0,1.0,0.562237704913681,,,
1.0,1.0,0.6214160032775943,,,
0.0,1.0,0.6457421088805678,,,
0.0,0.0,0.4311193989195319,,,
0.0,0.0,0.4323805401910503,,,
1.0,1.0,0.6979339769528944,,,
1.0,1.0,0.7083319211812474,,,
1.0,0.0,0.43912189894980974,,,
1.0,1.0,0.5254620824000286,,,
1.0,1.0,0.5029683516768381,,,
0.0,1.0,0.5131688008384111,,,
1.0,1.0,0.678731322358821,,,
1.0,0.0,0.4730399376785018,,,
0.0,0.0,0.405474727869994,,,
1.0,0.0,0.34532516834750326,,,
1.0,0.0,0.4922522015673665,,,
0.0,0.0,0.44636044854122375,,,
0.0,0.0,0.4405740547770388,,,
1.0,1.0,0.6328569681606548,,,
0.0,0.0,0.4087126332603868,,,
0.0,0.0,0.4562217233246147,,,
0.0,0.0,0.33034825609009677,,,
0.0,0.0,0.32937057608841847,,,
0.0,0.0,0.3340581601044707,,,
1.0,1.0,0.6268081725040742,,,
1.0,1.0,0.5641887198586515,,,
0.0,0.0,0.417683109114099,,,
0.0,1.0,0.5110681110645464,,,
1.0,1.0,0.6312805979587266,,,
1.0,1.0,0.588484640776748,,,
1.0,1.0,0.5119142634758829,,,
0.0,0.0,0.4787481601064283,,,
0.0,1.0,0.5246726165713514,,,
0.0,0.0,0.21499503419251792,,,
1.0,1.0,0.5637253155266638,,,
0.0,1.0,0.7096575122894712,,,
0.0,0.0,0.3925801099036539,,,
0.0,0.0,0.4675569034186915,,,
1.0,1.0,0.729360468886028,,,
1.0,1.0,0.5880489206004877,,,
0.0,0.0,0.4071911288146497,,,
1.0,0.0,0.49088736539815025,,,
1.0,1.0,0.641675355531785,,,
0.0,0.0,0.3986900673861305,,,
0.0,0.0,0.41189972215685877,,,
0.0,0.0,0.4538921370874566,,,
0.0,0.0,0.43475549678008585,,,
1.0,1.0,0.7273452163415516,,,
1.0,1.0,0.6125432548504937,,,
0.0,0.0,0.321268964226444,,,
0.0,0.0,0.39331006888661924,,,
0.0,0.0,0.3749081356193419,,,
1.0,0.0,0.4383488532538668,,,
1.0,1.0,0.5585028477948849,,,
1.0,1.0,0.6086582497895484,,,
1.0,1.0,0.7051666068019083,,,
1.0,1.0,0.6389303924584618,,,
1.0,0.0,0.3993130489404938,,,
0.0,0.0,0.3766982183680784,,,
1.0,1.0,0.5560388613583086,,,
0.0,0.0,0.3871435789094475,,,
1.0,0.0,0.4787767774528607,,,
1.0,0.0,0.4939469583878221,,,
0.0,0.0,0.3414619329978814,,,
0.0,0.0,0.4952515787735308,,,
1.0,0.0,0.4735984687654904,,,
1.0,1.0,0.5862032505863557,,,
1.0,0.0,0.42056731893807564,,,
1.0,1.0,0.5502870254754727,,,
0.0,0.0,0.39645909592225614,,,
0.0,0.0,0.42017288189485963,,,
1.0,1.0,0.5941898388778899,,,
1.0,1.0,0.5635530579296258,,,
0.0,0.0,0.39942124824714553,,,
0.0,0.0,0.4161249061655689,,,
0.0,0.0,0.3983421152006145,,,
0.0,0.0,0.3692312489123311,,,
0.0,0.0,0.44638841895870945,,,
0.0,0.0,0.39659441753343116,,,
1.0,1.0,0.7700788251641084,,,
1.0,1.0,0.676436496670569,,,
0.0,0.0,0.3688948518235018,,,
0.0,0.0,0.3714732339113849,,,
1.0,1.0,0.5778091268160688,,,
0.0,0.0,0.4112324244311231,,,
0.0,0.0,0.4689484701166231,,,
1.0,1.0,0.5322062349857226,,,
0.0,0.0,0.33003471757122876,,,
0.0,0.0,0.49101697703457026,,,
1.0,1.0,0.5533931642249843,,,
0.0,0.0,0.45841868679830516,,,
1.0,1.0,0.8344363181359484,,,
0.0,0.0,0.37602404312657167,,,
0.0,0.0,0.4578004284678063,,,
1.0,1.0,0.5706500127185221,,,
1.0,0.0,0.4063647873689575,,,
0.0,0.0,0.4212559846439918,,,
0.0,0.0,0.3964477256661957,,,
0.0,0.0,0.2578702963135867,,,
1.0,1.0,0.5474565454712638,,,
0.0,1.0,0.5207609553088631,,,
1.0,0.0,0.37067458340023957,,,
0.0,0.0,0.33381705402431866,,,
1.0,1.0,0.5708427583508313,,,
1.0,0.0,0.3763499317404905,,,
0.0,0.0,0.3875319895125464,,,
1.0,0.0,0.45239736438648626,,,
0.0,0.0,0.49044611237087027,,,
1.0,1.0,0.8165184521605328,,,
1.0,0.0,0.49907027104745944,,,
1.0,0.0,0.4916992267181976,,,
0.0,0.0,0.40004052677547514,,,
0.0,0.0,0.44487572069976405,,,
0.0,0.0,0.39075407253887445,,,
0.0,0.0,0.3414591301908038,,,
0.0,0.0,0.40660501170119057,,,
1.0,1.0,0.5453299437723387,,,
0.0,0.0,0.33847316564789653,,,
0.0,0.0,0.4395099626783006,,,
0.0,0.0,0.45055849328602987,,,
0.0,0.0,0.3944772839462436,,,
1.0,1.0,0.5105683603064557,,,
1.0,0.0,0.4916389099728552,,,
0.0,0.0,0.43438097760298583,,,
1.0,0.0,0.4980140110999582,,,
1.0,0.0,0.4429082627730739,,,
1.0,1.0,0.811866702590705,,,
1.0,1.0,0.6488024682395513,,,
0.0,0.0,0.43810518256176056,,,
0.0,0.0,0.37770404409973907,,,
0.0,0.0,0.44769432743149484,,,
1.0,1.0,0.6684435223323302,,,
1.0,1.0,0.6447090006005008,,,
1.0,0.0,0.491016267799702,,,
1.0,0.0,0.4564945657043586,,,
1.0,1.0,0.5051890409924878,,,
1.0,1.0,0.6652272240726802,,,
1.0,1.0,0.7695045742483451,,,
1.0,1.0,0.5565616264069215,,,
1.0,1.0,0.5985725619559426,,,
0.0,0.0,0.39341515745452865,,,
1.0,0.0,0.3782141591104355,,,
0.0,1.0,0.5063006677835467,,,
1.0,1.0,0.5453637414910031,,,
1.0,1.0,0.5084639599249604,,,
1.0,1.0,0.689640048819441,,,
1.0,0.0,0.4070425029040645,,,
1.0,0.0,0.48984902939167707,,,
1.0,1.0,0.7852459659848061,,,
0.0,1.0,0.5204955564270147,,,
0.0,0.0,0.3682260782691599,,,
0.0,0.0,0.4567640781071723,,,
1.0,0.0,0.42552007730691715,,,
0.0,0.0,0.3313276792931801,,,
1.0,0.0,0.49691234617184066,,,
0.0,0.0,0.4624003121318832,,,
0.0,0.0,0.4347502900766698,,,
0.0,0.0,0.3873062414999097,,,
0.0,0.0,0.4104143860385292,,,
1.0,1.0,0.5155442781624533,,,
1.0,1.0,0.5248877070147432,,,
0.0,0.0,0.45505468641403835,,,
0.0,0.0,0.4556983157164878,,,
1.0,1.0,0.598669770039691,,,
1.0,1.0,0.5115517541552084,,,
0.0,1.0,0.592500677457956,,,
1.0,1.0,0.513898510574355,,,
1.0,0.0,0.4328970552394922,,,
1.0,0.0,0.49422161494014644,,,
1.0,1.0,0.5362871781527736,,,
0.0,0.0,0.43456426604951687,,,
0.0,0.0,0.4232134380304171,,,
1.0,1.0,0.5014973672016595,,,
0.0,0.0,0.3749369627722349,,,
0.0,0.0,0.3495040995397954,,,
1.0,1.0,0.8229933903209382,,,
1.0,1.0,0.5181635079564866,,,
0.0,1.0,0.5064521801482975,,,
0.0,1.0,0.5058888474250032,,,
1.0,0.0,0.41907390482525675,,,
1.0,0.0,0.4615142908491012,,,
1.0,1.0,0.6849376597131556,,,
0.0,0.0,0.40344149325849743,,,
1.0,1.0,0.7331570312877156,,,
0.0,0.0,0.40600120117293814,,,
0.0,0.0,0.37855425221098793,,,
0.0,0.0,0.33536526555180135,,,
0.0,1.0,0.5153768766638689,,,
1.0,1.0,0.5226332237137611,,,
1.0,1.0,0.5961696670124118,,,
0.0,0.0,0.4697457158569245,,,
1.0,1.0,0.5358500905321691,,,
0.0,0.0,0.3836776187004601,,,
0.0,0.0,0.36683901804747776,,,
0.0,0.0,0.3609802092588387,,,
1.0,1.0,0.5140002660498172,,,
1.0,0.0,0.4392365948638069,,,
0.0,0.0,0.4151275403552242,,,
1.0,1.0,0.6869392631854501,,,
0.0,0.0,0.39856044946817815,,,
1.0,1.0,0.7726226833282581,,,
1.0,1.0,0.5027248873742787,,,
1.0,1.0,0.6133957409092567,,,
0.0,0.0,0.46569057227519084,,,
1.0,1.0,0.6673820178484908,,,
1.0,1.0,0.5425637814525338,,,
0.0,0.0,0.3314262319361883,,,
1.0,1.0,0.6444739434552758,,,
0.0,0.0,0.35131822587714545,,,
0.0,0.0,0.44620007669397754,,,
1.0,1.0,0.6665510169767853,,,
0.0,1.0,0.6443788667401177,,,
1.0,0.0,0.4488215282359323,,,
1.0,0.0,0.4254687081589413,,,
0.0,0.0,0.40665396848417945,,,
0.0,0.0,0.3712415911867335,,,
0.0,1.0,0.5352136053949518,,,
1.0,0.0,0.4272745155771434,,,
0.0,0.0,0.42122237661591455,,,
1.0,0.0,0.41214991558446645,,,
0.0,0.0,0.35210012779733624,,,
0.0,0.0,0.3721691674031122,,,
0.0,0.0,0.40760252732369373,,,
0.0,0.0,0.31803426729542056,,,
1.0,1.0,0.5590293387975631,,,
0.0,0.0,0.46207021997463177,,,
1.0,0.0,0.3718622677661474,,,
0.0,0.0,0.407835724162462,,,
0.0,0.0,0.40975913517654133,,,
0.0,0.0,0.40370428466804686,,,
0.0,1.0,0.5282449844461952,,,
0.0,0.0,0.37918729496118136,,,
0.0,0.0,0.42155734303591785,,,
0.0,0.0,0.4612971256114745,,,
1.0,1.0,0.5712577601406412,,,
1.0,0.0,0.38474986687837465,,,
0.0,0.0,0.39008698148808074,,,
0.0,0.0,0.48917928257051774,,,
1.0,0.0,0.41713577684314684,,,
0.0,0.0,0.49842486647456274,,,
0.0,0.0,0.4769933968990179,,,
0.0,0.0,0.3978009442577771,,,
0.0,0.0,0.36348140512279775,,,
1.0,0.0,0.4192867412826097,,,
1.0,1.0,0.6151980032671786,,,
1.0,0.0,0.4884547978589232,,,
0.0,0.0,0.3781787796817494,,,
1.0,0.0,0.4041043238414429,,,
1.0,1.0,0.686547634119493,,,
0.0,0.0,0.41721402025747906,,,
0.0,0.0,0.357526615984345,,,
0.0,0.0,0.3915227225599238,,,
1.0,0.0,0.38079979252375656,,,
0.0,1.0,0.5844705276042282,,,
0.0,0.0,0.41141068604332703,,,
1.0,0.0,0.48018379411160134,,,
0.0,0.0,0.4098565129159347,,,
0.0,0.0,0.32728335893666943,,,
1.0,1.0,0.7914931607749874,,,
1.0,1.0,0.7641490939117416,,,
0.0,0.0,0.3684524743502104,,,
0.0,0.0,0.2995611464631751,,,
1.0,1.0,0.5009802384709463,,,
0.0,0.0,0.47517439116879856,,,
0.0,1.0,0.5250179356670638,,,
0.0,0.0,0.33973833050651253,,,
1.0,0.0,0.4834328510615657,,,
0.0,0.0,0.3281387820032025,,,
1.0,1.0,0.559384153187977,,,
1.0,1.0,0.6405770391755887,,,
1.0,1.0,0.6733301412633746,,,
0.0,0.0,0.4301831754482446,,,
0.0,0.0,0.3409849306125339,,,
1.0,1.0,0.5969578261518426,,,
0.0,0.0,0.3500514706484493,,,
1.0,0.0,0.48440716430494196,,,
1.0,1.0,0.5774288656457554,,,
0.0,0.0,0.3443375621212594,,,
0.0,0.0,0.4200054154213165,,,
1.0,1.0,0.7215863223905161,,,
0.0,0.0,0.35753313109116974,,,
0.0,0.0,0.39120608582635436,,,
1.0,0.0,0.48006414276646187,,,
0.0,0.0,0.46014999786937044,,,
1.0,0.0,0.46089809859140524,,,
0.0,0.0,0.3542826352649047,,,
1.0,1.0,0.7518896956502753,,,
1.0,1.0,0.584129011108643,,,
1.0,1.0,0.5585042398326568,,,
1.0,1.0,0.7052632980024311,,,
1.0,1.0,0.6206012088185561,,,
1.0,1.0,0.5811292522922277,,,
1.0,0.0,0.464986633830291,,,
1.0,0.0,0.3936450507015033,,,
1.0,1.0,0.6560402737018721,,,
0.0,0.0,0.31218044146427704,,,
1.0,1.0,0.5689404478045698,,,
0.0,0.0,0.38775007168170006,,,
0.0,0.0,0.42869407206350524,,,
1.0,1.0,0.5043285915406713,,,
1.0,0.0,0.49203726850530083,,,
0.0,0.0,0.4256688446432969,,,
1.0,0.0,0.42320483157612865,,,
0.0,0.0,0.4433905607993867,,,
0.0,0.0,0.3884248417447642,,,
0.0,0.0,0.33836935055318534,,,
1.0,1.0,0.5074841019994194,,,
1.0,0.0,0.4361723958907771,,,
0.0,0.0,0.41211062457975683,,,
0.0,1.0,0.523439813554159,,,
1.0,0.0,0.4918349162632022,,,
0.0,0.0,0.32680248844811444,,,
0.0,0.0,0.397320880763692,,,
1.0,0.0,0.4630631701835489,,,
0.0,1.0,0.554934517577097,,,
0.0,0.0,0.3666178296310784,,,
1.0,1.0,0.5951322226730119,,,
0.0,0.0,0.4665386529476853,,,
1.0,0.0,0.42414160277337437,,,
1.0,0.0,0.3959190997510762,,,
1.0,1.0,0.5377773309143152,,,
0.0,0.0,0.3251508066674827,,,
1.0,1.0,0.6902402775240749,,,
1.0,0.0,0.48203466942292417,,,
1.0,1.0,0.5596875799999315,,,
0.0,0.0,0.41261169370417,,,
0.0,0.0,0.4353323313779809,,,
1.0,1.0,0.5245938846475435,,,
0.0,0.0,0.3286925577661233,,,
1.0,0.0,0.4948512498432514,,,
1.0,1.0,0.7772794508132228,,,
0.0,0.0,0.40774937996375876,,,
0.0,0.0,0.33238851624770055,,,
1.0,0.0,0.4847158549019689,,,
0.0,0.0,0.44172798745692626,,,
0.0,1.0,0.5993557472551291,,,
1.0,0.0,0.35208033850739234,,,
0.0,0.0,0.37128833807490685,,,
0.0,0.0,0.3382797798110776,,,
0.0,0.0,0.36620945827949597,,,
0.0,0.0,0.41612477077945675,,,
1.0,0.0,0.3944410728325469,,,
0.0,0.0,0.4144235131132528,,,
0.0,0.0,0.42732324445775954,,,
0.0,0.0,0.43971485169617064,,,
1.0,1.0,0.5903435288214409,,,
0.0,0.0,0.35583051556927864,,,
0.0,0.0,0.3061857446340315,,,
0.0,0.0,0.4565633803552405,,,
1.0,1.0,0.5476658476664493,,,
1.0,0.0,0.46055722736907917,,,
0.0,0.0,0.34494320198402034,,,
0.0,0.0,0.47774917848805426,,,
1.0,0.0,0.4611953093540322,,,
1.0,1.0,0.548800617788206,,,
0.0,0.0,0.31548532908490184,,,
1.0,1.0,0.8456190598637484,,,
0.0,1.0,0.5737550866433028,,,
0.0,0.0,0.4057986153695627,,,
1.0,1.0,0.6029010410296124,,,
0.0,0.0,0.43126848509300797,,,
1.0,1.0,0.5225833551561111,,,
0.0,0.0,0.42872576311883387,,,
0.0,0.0,0.4374528296979873,,,
1.0,1.0,0.6721925851115848,,,
1.0,0.0,0.4828551951466156,,,
0.0,1.0,0.6428903507312064,,,
1.0,0.0,0.4723453886676482,,,
1.0,1.0,0.5427976572169628,,,
0.0,0.0,0.49100669975047556,,,
0.0,0.0,0.4143429389215472,,,
1.0,0.0,0.4391678832636754,,,
0.0,0.0,0.43063067539046074,,,
0.0,0.0,0.4734689230806488,,,
0.0,0.0,0.36355688243452516,,,
1.0,1.0,0.5735275585195989,,,
0.0,0.0,0.2498011465157029,,,
0.0,0.0,0.4534935962068185,,,
1.0,0.0,0.38866801403605267,,,
1.0,1.0,0.6553704150626523,,,
0.0,0.0,0.44166265916511166,,,
0.0,0.0,0.43221507678769194,,,
0.0,0.0,0.36709103866237525,,,
1.0,1.0,0.5070432032945662,,,
0.0,1.0,0.5725257169750395,,,
1.0,0.0,0.3773710038887467,,,
1.0,0.0,0.46268970819143984,,,
0.0,0.0,0.41018793105474477,,,
0.0,0.0,0.4515657269771473,,,
0.0,0.0,0.47390629168321863,,,
1.0,1.0,0.5540544453177856,,,
0.0,0.0,0.39225928045249325,,,
0.0,0.0,0.376187505810671,,,
1.0,1.0,0.5621805973706452,,,
0.0,0.0,0.3102786959869219,,,
0.0,0.0,0.39784500679008655,,,
1.0,0.0,0.4016401061885443,,,
0.0,0.0,0.33732639046891827,,,
0.0,1.0,0.5415330474186459,,,
1.0,0.0,0.494866546263501,,,
1.0,0.0,0.4532335709830421,,,
1.0,1.0,0.6129261330821804,,,
1.0,0.0,0.4344777178399989,,,
1.0,0.0,0.481552837857614,,,
0.0,0.0,0.4307011005860112,,,
1.0,0.0,0.49663587635055456,,,
0.0,0.0,0.4701429620234892,,,
0.0,0.0,0.34675682469459174,,,
1.0,0.0,0.4449390977842947,,,
1.0,0.0,0.4105199850561229,,,
0.0,0.0,0.41272482323865706,,,
1.0,1.0,0.7332670714601239,,,
0.0,0.0,0.49919701524730237,,,
0.0,0.0,0.41353747341556407,,,
1.0,1.0,0.516725389434129,,,
1.0,1.0,0.8287952576322812,,,
0.0,0.0,0.21499503419251792,,,
0.0,0.0,0.3305621903237234,,,
0.0,0.0,0.4973875812667571,,,
1.0,0.0,0.48913744566052,,,
1.0,0.0,0.4864670071141011,,,
0.0,0.0,0.3956598803641401,,,
0.0,0.0,0.333527021568663,,,
1.0,1.0,0.7614353670284929,,,
0.0,0.0,0.4235769968272612,,,
0.0,0.0,0.364853498310587,,,
0.0,0.0,0.43924246886764845,,,
0.0,0.0,0.47022832626968625,,,
0.0,0.0,0.39532216133529496,,,
1.0,0.0,0.4833835457459745,,,
1.0,1.0,0.6865595040775068,,,
1.0,0.0,0.4992308151087667,,,
0.0,0.0,0.4163160532992393,,,
1.0,1.0,0.6475253914974073,,,
1.0,0.0,0.37370617795395905,,,
1.0,1.0,0.5212428200458791,,,
1.0,1.0,0.5741355811895233,,,
1.0,0.0,0.4397616212594009,,,
0.0,0.0,0.3936181354420283,,,
1.0,1.0,0.5218915981803999,,,
0.0,0.0,0.4660392375849536,,,
0.0,0.0,0.36161136234295227,,,
0.0,0.0,0.3417454899472265,,,
1.0,1.0,0.5532577601621758,,,
0.0,0.0,0.4216898227951238,,,
1.0,0.0,0.43195652900486525,,,
0.0,0.0,0.3860736922468068,,,
0.0,1.0,0.5894005381413675,,,
1.0,1.0,0.611509227514679,,,
1.0,0.0,0.45981024207801113,,,
1.0,0.0,0.4798048696932639,,,
1.0,1.0,0.7277059084931805,,,
0.0,1.0,0.5010953918434543,,,
1.0,1.0,0.551053913663905,,,
0.0,0.0,0.36533865091536444,,,
0.0,0.0,0.458168008799433,,,
1.0,1.0,0.5428260976931236,,,
1.0,1.0,0.6730054889060079,,,
1.0,1.0,0.5271092794034206,,,
1.0,1.0,0.5572157164630163,,,
1.0,0.0,0.46447726779014015,,,
0.0,0.0,0.4389895579283077,,,
1.0,1.0,0.5816599040541993,,,
0.0,0.0,0.4643336173186148,,,
1.0,0.0,0.45835671606495054,,,
0.0,0.0,0.3815214445406718,,,
0.0,0.0,0.4346761880443772,,,
1.0,0.0,0.43534807762592487,,,
1.0,1.0,0.5201664188513697,,,
0.0,1.0,0.5113030248934672,,,
1.0,1.0,0.7318373388249443,,,
1.0,0.0,0.42414160277337437,,,
1.0,1.0,0.5378200160728824,,,
1.0,1.0,0.7102948527922661,,,
0.0,0.0,0.4258452819494724,,,
0.0,0.0,0.3408574641340821,,,
0.0,0.0,0.38504215528653507,,,
1.0,0.0,0.48737168501631967,,,
0.0,0.0,0.36212550812162425,,,
0.0,0.0,0.4679672695438571,,,
1.0,0.0,0.4835303251386666,,,
0.0,0.0,0.30566889992051344,,,
0.0,0.0,0.3824293217811758,,,
0.0,0.0,0.47931120729479865,,,
1.0,0.0,0.4003985435854613,,,
1.0,0.0,0.46960549804286833,,,
0.0,0.0,0.3650374209135186,,,
1.0,1.0,0.5076243268555869,,,
1.0,0.0,0.49555435045965895,,,
0.0,0.0,0.463843398886388,,,
0.0,0.0,0.29535644849970777,,,
1.0,1.0,0.5069486924482127,,,
1.0,1.0,0.6429801231902977,,,
1.0,0.0,0.41853730583170506,,,
1.0,0.0,0.38374612636940414,,,
0.0,0.0,0.48131299803514127,,,
1.0,1.0,0.532102835008334,,,
0.0,0.0,0.4454407318883328,,,
1.0,1.0,0.5068213789960265,,,
1.0,1.0,0.6225205280187648,,,
0.0,1.0,0.5464796179588847,,,
0.0,0.0,0.4777794549052144,,,
0.0,0.0,0.4531110582180027,,,
0.0,1.0,0.5360065913125928,,,
0.0,0.0,0.3418707368934173,,,
1.0,0.0,0.41466848337656825,,,
1.0,0.0,0.4547694562986743,,,
0.0,0.0,0.448860025015065,,,
0.0,0.0,0.4312314727065165,,,
0.0,0.0,0.4323133261486556,,,
0.0,0.0,0.3620800926707371,,,
0.0,0.0,0.4858768414573567,,,
1.0,0.0,0.43449663538164235,,,
0.0,0.0,0.44893068547052306,,,
0.0,0.0,0.350617882877383,,,
0.0,0.0,0.3371036409696845,,,
1.0,1.0,0.5216629804234237,,,
1.0,0.0,0.41318757340285767,,,
1.0,0.0,0.49423140761510964,,,
0.0,0.0,0.28111204412876345,,,
1.0,1.0,0.5139579805837864,,,
1.0,0.0,0.40394968415230154,,,
0.0,0.0,0.48499752555171494,,,
0.0,0.0,0.3590671412113439,,,
1.0,1.0,0.6829306759680884,,,
1.0,1.0,0.5462190853630622,,,
0.0,0.0,0.42367058461586915,,,
0.0,0.0,0.3742647703823355,,,
0.0,0.0,0.474372038750675,,,
0.0,0.0,0.46150017362311074,,,
0.0,0.0,0.3941970953577965,,,
0.0,0.0,0.42268643880750717,,,
0.0,0.0,0.34881001182197857,,,
1.0,1.0,0.5303228312139155,,,
1.0,1.0,0.7238572324145237,,,
0.0,0.0,0.445884780814872,,,
1.0,1.0,0.5702099842527494,,,
1.0,1.0,0.7260940832813052,,,
1.0,1.0,0.5028320547952186,,,
0.0,0.0,0.33984419641168945,,,
1.0,0.0,0.4415559824153043,,,
1.0,1.0,0.6912183492915556,,,
0.0,0.0,0.4678883662986061,,,
0.0,0.0,0.25905595568633644,,,
1.0,1.0,0.6516846758541247,,,
1.0,1.0,0.5330553511034543,,,
0.0,0.0,0.4341456253750987,,,
0.0,0.0,0.4797915238728264,,,
0.0,1.0,0.5999862797032298,,,
0.0,0.0,0.3993127592017829,,,
1.0,1.0,0.6706157558761188,,,
1.0,0.0,0.4486927767455336,,,
1.0,1.0,0.6133192902356991,,,
1.0,1.0,0.6739819921547517,,,
0.0,1.0,0.607708062175631,,,
1.0,0.0,0.471670100254298,,,
0.0,0.0,0.3474475404472763,,,
0.0,0.0,0.41353632431156595,,,
1.0,1.0,0.5833883882437915,,,
1.0,0.0,0.4252354173715701,,,
1.0,1.0,0.6264121416293912,,,
0.0,0.0,0.4815852960302833,,,
0.0,0.0,0.4449189104403218,,,
1.0,1.0,0.518376953243084,,,
1.0,1.0,0.710383492451188,,,
1.0,1.0,0.5258584729560201,,,
1.0,0.0,0.3504521543457369,,,
1.0,1.0,0.5654577385046515,,,
1.0,0.0,0.41174594805353665,,,
0.0,0.0,0.4233673294971791,,,
0.0,0.0,0.44394532539101267,,,
1.0,0.0,0.4554265570687972,,,
1.0,0.0,0.4651746461674181,,,
1.0,1.0,0.5011612064392295,,,
1.0,1.0,0.5379371682056663,,,
1.0,0.0,0.3703315783348318,,,
0.0,0.0,0.44768585654865206,,,
0.0,0.0,0.39763329795468216,,,
1.0,1.0,0.553440596328766,,,
0.0,0.0,0.38328456024738217,,,
1.0,1.0,0.5178364758755306,,,
1.0,0.0,0.49215214947103203,,,
0.0,0.0,0.3822386998681333,,,
0.0,0.0,0.32061245087497875,,,
0.0,0.0,0.3851604953479111,,,
0.0,0.0,0.35921871237524466,,,
0.0,0.0,0.387085307884766,,,
0.0,0.0,0.36354083250082875,,,
0.0,0.0,0.343701049616083,,,
1.0,1.0,0.7083891356997777,,,
0.0,1.0,0.5077878238744649,,,
0.0,0.0,0.3216399059412561,,,
1.0,1.0,0.6963325829211539,,,
0.0,0.0,0.379736934851231,,,
0.0,0.0,0.4822085243505505,,,
1.0,0.0,0.4936036123738755,,,
1.0,1.0,0.566344103606762,,,
1.0,1.0,0.5586599643412689,,,
1.0,1.0,0.5031137065804543,,,
1.0,1.0,0.7083282018851187,,,
1.0,0.0,0.3601185468160077,,,
0.0,0.0,0.4217125147959095,,,
0.0,0.0,0.4213161888894937,,,
1.0,1.0,0.5835818440020205,,,
0.0,0.0,0.4865247871381053,,,
1.0,1.0,0.6571484412872493,,,
0.0,0.0,0.4128549648960929,,,
0.0,0.0,0.3149790196950413,,,
1.0,0.0,0.47252815596689574,,,
1.0,0.0,0.39859967046173506,,,
1.0,1.0,0.5490968115076812,,,
1.0,1.0,0.5138897850744235,,,
1.0,1.0,0.6519918025152439,,,
1.0,0.0,0.4353738429689682,,,
0.0,0.0,0.4438351079753702,,,
1.0,1.0,0.5526585010303101,,,
1.0,0.0,0.49484664058081124,,,
1.0,1.0,0.6460413975078936,,,
1.0,1.0,0.531946475225503,,,
0.0,0.0,0.4209956428466082,,,
1.0,1.0,0.7506213532697656,,,
0.0,0.0,0.3828830135354882,,,
0.0,0.0,0.41922548970600987,,,
1.0,1.0,0.5047621277600051,,,
1.0,1.0,0.7367439989893081,,,
0.0,0.0,0.3991366393011509,,,
0.0,0.0,0.3526144247607009,,,
0.0,0.0,0.48517979915038406,,,
0.0,0.0,0.4285265492218748,,,
0.0,0.0,0.3813988852879899,,,
1.0,0.0,0.39815186196584906,,,
0.0,0.0,0.3836567846854633,,,
0.0,0.0,0.4602958058225751,,,
0.0,0.0,0.38734834547029257,,,
1.0,1.0,0.7251406181994935,,,
1.0,1.0,0.691319896868845,,,
0.0,0.0,0.4088270459512442,,,
1.0,0.0,0.42482102863159593,,,
1.0,1.0,0.5811590084888596,,,
1.0,1.0,0.5032272062264285,,,
0.0,1.0,0.5385592664075597,,,
0.0,0.0,0.37593869220650006,,,
0.0,1.0,0.5084717218054347,,,
1.0,1.0,0.5092275445785897,,,
1.0,1.0,0.8389595443164741,,,
0.0,0.0,0.45144991285403,,,
0.0,0.0,0.35531004240652914,,,
1.0,1.0,0.5629035536850685,,,
1.0,1.0,0.5143603316995854,,,
0.0,0.0,0.4033347427797581,,,
0.0,0.0,0.380815056979472,,,
0.0,0.0,0.464032772943207,,,
0.0,0.0,0.4284620073229839,,,
0.0,0.0,0.3609403302211644,,,
1.0,0.0,0.48452599733867074,,,
1.0,1.0,0.5117000689877036,,,
1.0,1.0,0.6203270256061755,,,
1.0,1.0,0.6624389669747348,,,
1.0,1.0,0.5108892140081989,,,
1.0,0.0,0.38776985779791096,,,
0.0,0.0,0.468643559210383,,,
1.0,1.0,0.515369540550971,,,
1.0,1.0,0.6031877000001837,,,
0.0,0.0,0.421176596393907,,,
0.0,0.0,0.3980745201367374,,,
1.0,0.0,0.47917947446428766,,,
0.0,0.0,0.4152254217458227,,,
0.0,0.0,0.38692825275265025,,,
0.0,0.0,0.4991993968138879,,,
1.0,1.0,0.7681993226558977,,,
1.0,1.0,0.5026763741286556,,,
0.0,0.0,0.39522161573109055,,,
0.0,0.0,0.3579259920809675,,,
1.0,1.0,0.5089205125313558,,,
1.0,1.0,0.6756392401329524,,,
1.0,0.0,0.48697871120690694,,,
0.0,0.0,0.3734406219752069,,,
0.0,1.0,0.6276774378077061,,,
1.0,1.0,0.5179354286062993,,,
0.0,0.0,0.31122772350595396,,,
0.0,0.0,0.42379447243742646,,,
0.0,0.0,0.4299654998469217,,,
1.0,1.0,0.5065707860017707,,,
0.0,0.0,0.3250142069069624,,,
1.0,1.0,0.6435295781911251,,,
1.0,1.0,0.5245221888316873,,,
0.0,0.0,0.40745662067054594,,,
1.0,0.0,0.49412246336786814,,,
1.0,0.0,0.4439831653445808,,,
1.0,1.0,0.6809543810394802,,,
0.0,0.0,0.3067029615812803,,,
1.0,0.0,0.378435803194528,,,
0.0,0.0,0.4670987029577036,,,
0.0,0.0,0.3409207125474661,,,
1.0,0.0,0.4666321548607446,,,
0.0,0.0,0.383203274274557,,,
0.0,0.0,0.3946578561185101,,,
0.0,0.0,0.3392277129940927,,,
0.0,0.0,0.4733323718491097,,,
1.0,1.0,0.5040382745238579,,,
0.0,1.0,0.5326531897305243,,,
1.0,0.0,0.46468417756015007,,,
1.0,1.0,0.5239165273561325,,,
1.0,0.0,0.48212661278536034,,,
0.0,0.0,0.43405279554508663,,,
0.0,1.0,0.5753296148639118,,,
0.0,0.0,0.42726108609706903,,,
0.0,0.0,0.48808000602294865,,,
0.0,1.0,0.5156361318133047,,,
1.0,1.0,0.6332049971664329,,,
0.0,0.0,0.38028358477061885,,,
0.0,0.0,0.3736026692572035,,,
0.0,0.0,0.453076557552086,,,
0.0,0.0,0.4038415242363836,,,
0.0,0.0,0.4966479914291392,,,
1.0,0.0,0.3881826000020423,,,
1.0,0.0,0.49587556901921226,,,
1.0,0.0,0.4036201786362449,,,
1.0,1.0,0.5511708847852865,,,
1.0,1.0,0.5188578015494615,,,
0.0,0.0,0.42617673365322684,,,
0.0,0.0,0.4879378919752768,,,
1.0,0.0,0.4067533778967479,,,
0.0,0.0,0.38101790558973414,,,
1.0,1.0,0.8093232298148603,,,
0.0,0.0,0.3734722570536422,,,
0.0,1.0,0.5843400733527081,,,
1.0,0.0,0.3838464065240188,,,
1.0,0.0,0.4466133668660142,,,
1.0,1.0,0.5945282847501483,,,
0.0,0.0,0.37556439788095586,,,
1.0,1.0,0.5104481924827584,,,
1.0,1.0,0.6123927317884442,,,
1.0,0.0,0.49551736206221114,,,
1.0,0.0,0.4673761073041745,,,
1.0,1.0,0.7889130340413795,,,
0.0,0.0,0.46190692255072313,,,
1.0,0.0,0.34076178259144674,,,
0.0,0.0,0.405277424615249,,,
0.0,0.0,0.4388298630311264,,,
0.0,0.0,0.35249646591150746,,,
1.0,1.0,0.5332845360784203,,,
0.0,0.0,0.39141813827764094,,,
1.0,0.0,0.3744496338989299,,,
1.0,1.0,0.5965188472607567,,,
0.0,0.0,0.37056094932317435,,,
0.0,0.0,0.4536260806110204,,,
0.0,0.0,0.3961715107673202,,,
1.0,0.0,0.43715897889158545,,,
0.0,0.0,0.3532590298140518,,,
0.0,1.0,0.6074315596780377,,,
1.0,0.0,0.49909531440474836,,,
1.0,1.0,0.5156708768164705,,,
0.0,0.0,0.4049389199585432,,,
1.0,0.0,0.459997775750544,,,
1.0,1.0,0.6554022972765993,,,
0.0,0.0,0.4184060004089027,,,
0.0,0.0,0.3648303470489271,,,
0.0,0.0,0.32323456787979366,,,
1.0,0.0,0.4717163259865299,,,
1.0,0.0,0.43504176030290653,,,
1.0,0.0,0.4922022906424665,,,
1.0,1.0,0.6429156629722469,,,
1.0,1.0,0.5294733987239029,,,
0.0,0.0,0.4392457606942595,,,
0.0,0.0,0.38409664793903986,,,
1.0,1.0,0.6146650129442335,,,
1.0,1.0,0.6062200083344973,,,
0.0,0.0,0.38768454108201045,,,
1.0,0.0,0.49243671509589393,,,
0.0,0.0,0.4569150813577726,,,
1.0,1.0,0.7595400965896961,,,
0.0,0.0,0.4598171690669838,,,
0.0,0.0,0.3594107449824836,,,
0.0,0.0,0.4463970272341034,,,
1.0,0.0,0.3950281979674983,,,
1.0,0.0,0.3403344651837679,,,
0.0,0.0,0.49956822934349776,,,
0.0,0.0,0.40561157534574444,,,
0.0,0.0,0.4354398606600721,,,
0.0,0.0,0.41808225302115487,,,
1.0,1.0,0.6924888223464425,,,
0.0,0.0,0.4002523323249968,,,
1.0,0.0,0.3980106836627773,,,
0.0,0.0,0.45472705163694993,,,
0.0,0.0,0.471930409536471,,,
0.0,0.0,0.44864119752547776,,,
0.0,1.0,0.5084971219762908,,,
0.0,0.0,0.3276385491147337,,,
0.0,0.0,0.4117301779258417,,,
0.0,0.0,0.478558699736932,,,
1.0,1.0,0.754647014050283,,,
1.0,1.0,0.5667902662181851,,,
0.0,0.0,0.47132600519432605,,,
1.0,1.0,0.5255194634562522,,,
1.0,1.0,0.5538506628212455,,,
1.0,0.0,0.3995880529646246,,,
0.0,0.0,0.32434476175501187,,,
1.0,1.0,0.5694506276061593,,,
1.0,0.0,0.4642467823349575,,,
1.0,0.0,0.42547125189401674,,,
0.0,1.0,0.5181574992727347,,,
1.0,1.0,0.5638832204287384,,,
1.0,1.0,0.5384058629683146,,,
0.0,0.0,0.3631665605779886,,,
0.0,0.0,0.4721166259157682,,,
1.0,1.0,0.6427814802384303,,,
1.0,1.0,0.5552202548505549,,,
1.0,1.0,0.661255853761336,,,
1.0,0.0,0.48740477193059856,,,
0.0,0.0,0.41442138428563224,,,
1.0,1.0,0.519207229384634,,,
0.0,0.0,0.3655891011337218,,,
1.0,0.0,0.46484603218544446,,,
0.0,1.0,0.552397396670278,,,
0.0,0.0,0.43619624022196263,,,
0.0,0.0,0.4069770821937354,,,
0.0,0.0,0.42296458757818706,,,
0.0,0.0,0.3230326365791987,,,
1.0,1.0,0.7187805310002494,,,
0.0,0.0,0.43836376039228925,,,
0.0,1.0,0.521090937703702,,,
0.0,0.0,0.3292451607021754,,,
1.0,1.0,0.8431164529815794,,,
1.0,1.0,0.5789651933804606,,,
1.0,1.0,0.5853619781288515,,,
1.0,1.0,0.6167960062406277,,,
0.0,0.0,0.4561846578074035,,,
1.0,0.0,0.43067553269328923,,,
0.0,0.0,0.4713020649261733,,,
0.0,0.0,0.4117945685497632,,,
1.0,0.0,0.4294698460277941,,,
0.0,0.0,0.3788311102225009,,,
1.0,1.0,0.6562949248683455,,,
0.0,0.0,0.3301849968438196,,,
1.0,1.0,0.6111654807856882,,,
1.0,1.0,0.5151708227444496,,,
1.0,1.0,0.5127868374186518,,,
0.0,0.0,0.4591660313461072,,,
1.0,1.0,0.51962543126864,,,
1.0,0.0,0.48953200226670684,,,
1.0,1.0,0.508045431998471,,,
1.0,1.0,0.5673891144008079,,,
1.0,0.0,0.37336228767220714,,,
1.0,0.0,0.3978462111694746,,,
1.0,1.0,0.5892633180155837,,,
1.0,1.0,0.534752391235222,,,
1.0,1.0,0.5559876147242221,,,
0.0,0.0,0.362863475968372,,,
1.0,0.0,0.4791634212150233,,,
1.0,0.0,0.4699183721613089,,,
0.0,0.0,0.44594316119374033,,,
1.0,1.0,0.7006810399587402,,,
1.0,0.0,0.49494961415507094,,,
1.0,0.0,0.441102018680539,,,
0.0,0.0,0.45051446952548074,,,
1.0,1.0,0.711240820632244,,,
0.0,0.0,0.37578912628238864,,,
1.0,0.0,0.46608777200050217,,,
1.0,1.0,0.7710013356168042,,,
1.0,1.0,0.5652319451285548,,,
0.0,0.0,0.46602003237808604,,,
1.0,0.0,0.4279949205487041,,,
1.0,1.0,0.6768492980999853,,,
0.0,0.0,0.4164950343291911,,,
1.0,1.0,0.5504891025333364,,,
1.0,0.0,0.4767122101917501,,,
1.0,1.0,0.6758156800670244,,,
1.0,1.0,0.5936659649836511,,,
1.0,0.0,0.4717711995123433,,,
1.0,1.0,0.5020531294796613,,,
0.0,0.0,0.4255671610975358,,,
0.0,0.0,0.47132831850218154,,,
0.0,0.0,0.3806222564010684,,,
0.0,0.0,0.456746048107839,,,
0.0,0.0,0.45926424040574126,,,
0.0,0.0,0.3911160245277212,,,
0.0,0.0,0.3459435754290302,,,
0.0,0.0,0.3694167803003207,,,
1.0,0.0,0.43815092876076583,,,
0.0,0.0,0.44232128855039976,,,
1.0,1.0,0.5702273994855901,,,
1.0,1.0,0.5353735420676465,,,
1.0,1.0,0.5384515477643008,,,
1.0,1.0,0.7940372027739374,,,
1.0,1.0,0.8133997229628777,,,
0.0,0.0,0.49758503726659414,,,
1.0,0.0,0.4998812614068272,,,
0.0,0.0,0.40423570654463226,,,
0.0,0.0,0.41186469208794846,,,
1.0,1.0,0.5540355519763993,,,
1.0,1.0,0.5287674193194883,,,
1.0,1.0,0.571955967872598,,,
1.0,0.0,0.3630235538749528,,,
0.0,0.0,0.3612784906875133,,,
1.0,0.0,0.40040679966479664,,,
1.0,0.0,0.46685155847907883,,,
1.0,1.0,0.7363230296321251,,,
1.0,0.0,0.4788551065694601,,,
1.0,0.0,0.48173880840332484,,,
0.0,0.0,0.4022568152618135,,,
1.0,0.0,0.4141881366118639,,,
1.0,0.0,0.48836253852712547,,,
0.0,0.0,0.4225480740973956,,,
0.0,0.0,0.3696347733205643,,,
1.0,0.0,0.38501860867291166,,,
1.0,1.0,0.5152615982500108,,,
1.0,1.0,0.5253489286588148,,,
0.0,0.0,0.43289505835214,,,
1.0,1.0,0.5512241645950634,,,
1.0,1.0,0.5188922199563605,,,
0.0,0.0,0.41210493633344186,,,
0.0,0.0,0.38803160857883234,,,
1.0,1.0,0.5570214455819045,,,
1.0,1.0,0.5441728792569138,,,
0.0,0.0,0.3619975312558134,,,
1.0,1.0,0.5530556494066343,,,
0.0,0.0,0.4818337512910575,,,
0.0,0.0,0.3393708858727608,,,
0.0,0.0,0.3899113571711602,,,
1.0,1.0,0.5025895184775125,,,
0.0,0.0,0.35228782653446655,,,
1.0,0.0,0.48517806219851056,,,
0.0,0.0,0.32586008831727287,,,
1.0,0.0,0.47008482316879413,,,
1.0,1.0,0.6257630155499875,,,
0.0,0.0,0.3809060247950944,,,
1.0,1.0,0.6875147476608598,,,
0.0,0.0,0.35447945471159115,,,
1.0,1.0,0.5301773654102663,,,
0.0,0.0,0.4895568480130519,,,
0.0,0.0,0.4539779805665021,,,
1.0,0.0,0.40142483870455875,,,
0.0,0.0,0.36621744248378013,,,
1.0,1.0,0.5880252900801671,,,
1.0,1.0,0.7138917959443615,,,
0.0,0.0,0.4774967532722893,,,
0.0,0.0,0.3602744053220258,,,
0.0,0.0,0.40037945608285463,,,
0.0,0.0,0.42919498328364614,,,
1.0,1.0,0.7996156759943038,,,
1.0,1.0,0.5323195622184346,,,
1.0,0.0,0.4608236827822969,,,
1.0,0.0,0.43163722150674483,,,
1.0,1.0,0.5641178903206406,,,
1.0,0.0,0.3939726641771831,,,
0.0,0.0,0.3511329806990776,,,
0.0,0.0,0.40401649069230355,,,
0.0,0.0,0.2997687827716424,,,
0.0,1.0,0.5417287219874106,,,
1.0,0.0,0.4810855151025592,,,
1.0,0.0,0.4620245309991096,,,
1.0,1.0,0.5112678633702968,,,
1.0,1.0,0.6684721233497372,,,
1.0,1.0,0.5143286034330341,,,
1.0,1.0,0.5642713991292533,,,
1.0,0.0,0.4504386823985045,,,
0.0,0.0,0.3208365865695291,,,
0.0,0.0,0.43593773863270097,,,
1.0,1.0,0.6844692064395891,,,
0.0,0.0,0.47680129345328554,,,
0.0,0.0,0.3762759835456861,,,
0.0,0.0,0.35610848403166995,,,
1.0,0.0,0.43541443339795266,,,
0.0,0.0,0.3464552946999916,,,
0.0,0.0,0.38623878796001826,,,
0.0,0.0,0.39812966368548264,,,
1.0,1.0,0.5222603298688286,,,
1.0,1.0,0.6815255283990029,,,
1.0,1.0,0.5937555853856797,,,
0.0,0.0,0.34500430078038585,,,
1.0,0.0,0.49397639174779573,,,
0.0,1.0,0.52561822703764,,,
0.0,0.0,0.40453220735026907,,,
0.0,0.0,0.45530426366663124,,,
1.0,1.0,0.6001601191419285,,,
1.0,0.0,0.4927666302979964,,,
0.0,0.0,0.4015462759105664,,,
0.0,1.0,0.5001207242514489,,,
1.0,1.0,0.5143473226773325,,,
0.0,0.0,0.35771241148861127,,,
1.0,1.0,0.6693442268240606,,,
1.0,0.0,0.37150690403459236,,,
0.0,0.0,0.40173857030796156,,,
1.0,1.0,0.67008803853269,,,
1.0,1.0,0.6754817597030951,,,
0.0,1.0,0.5332451620387219,,,
0.0,0.0,0.49097666685525315,,,
1.0,1.0,0.8238097943956076,,,
1.0,0.0,0.4343890706981518,,,
0.0,0.0,0.38278793991272725,,,
0.0,0.0,0.35221166049116437,,,
1.0,1.0,0.8215389432676116,,,
1.0,1.0,0.5992614266412433,,,
1.0,1.0,0.612783878708219,,,
1.0,1.0,0.7599782357423441,,,
1.0,1.0,0.7249375622041359,,,
1.0,1.0,0.7951602288315608,,,
0.0,0.0,0.43639016200441844,,,
0.0,1.0,0.5024678834870193,,,
0.0,0.0,0.439376457654121,,,
1.0,1.0,0.7320891171705577,,,
0.0,0.0,0.47592570039310567,,,
0.0,0.0,0.4241557671401068,,,
0.0,0.0,0.4755484488884687,,,
1.0,0.0,0.43429902110654783,,,
0.0,0.0,0.4411427370431549,,,
1.0,0.0,0.49510253891476724,,,
0.0,0.0,0.39819567294724184,,,
0.0,0.0,0.33492258652473744,,,
0.0,0.0,0.4209476238539536,,,
0.0,0.0,0.46432977378617846,,,
0.0,0.0,0.4467008448278036,,,
0.0,0.0,0.3754155034385969,,,
1.0,1.0,0.6275429446982992,,,
0.0,0.0,0.33492258652473744,,,
0.0,0.0,0.45349538207511036,,,
0.0,0.0,0.40498193768226753,,,
1.0,1.0,0.670117901076628,,,
0.0,0.0,0.3816283320164318,,,
1.0,0.0,0.41616027006317413,,,
0.0,0.0,0.38841206686692004,,,
1.0,1.0,0.5924231145196749,,,
0.0,0.0,0.48402919094211866,,,
0.0,0.0,0.36135394332630166,,,
0.0,0.0,0.3625060313708965,,,
1.0,1.0,0.8434009562970824,,,
0.0,0.0,0.42777825576560463,,,
0.0,0.0,0.361659921228657,,,
0.0,0.0,0.42420585245634934,,,
1.0,0.0,0.45690364079997037,,,
1.0,0.0,0.3775588049437065,,,
1.0,0.0,0.46888873652292995,,,
1.0,0.0,0.4302413990040115,,,
1.0,0.0,0.42997779040655515,,,
1.0,0.0,0.45866507630929315,,,
1.0,0.0,0.413643107723038,,,
1.0,0.0,0.44626423003775956,,,
1.0,0.0,0.4943609956594971,,,
0.0,0.0,0.4232170856897042,,,
0.0,0.0,0.41755624486370885,,,
1.0,1.0,0.5155694423572122,,,
1.0,0.0,0.3731561723999434,,,
0.0,0.0,0.4404231621462048,,,
0.0,0.0,0.44975785347601244,,,
0.0,0.0,0.3216399059412561,,,
1.0,0.0,0.4962835570181441,,,
1.0,1.0,0.8078091611636558,,,
1.0,1.0,0.5126355282819753,,,
0.0,0.0,0.3630398293062583,,,
0.0,0.0,0.4721356953834676,,,
0.0,0.0,0.46089809859140524,,,
0.0,0.0,0.40869802935603844,,,
1.0,0.0,0.494681756900205,,,
0.0,0.0,0.4715210669298035,,,
1.0,1.0,0.6220638838432954,,,
1.0,1.0,0.6311246394456442,,,
0.0,0.0,0.3709264885121162,,,
1.0,1.0,0.5318246704635056,,,
1.0,1.0,0.6291970161130326,,,
0.0,0.0,0.45111323731049535,,,
0.0,0.0,0.3465235759066749,,,
0.0,0.0,0.4786419258376043,,,
1.0,0.0,0.4706882795124502,,,
0.0,0.0,0.27972295267806535,,,
1.0,1.0,0.5160256588518614,,,
1.0,1.0,0.5563275720236376,,,
1.0,0.0,0.45609082381923244,,,
1.0,1.0,0.7027820889684221,,,
0.0,0.0,0.3810881883116146,,,
0.0,0.0,0.3486992475160846,,,
1.0,0.0,0.38842316402572674,,,
1.0,1.0,0.5652680273876473,,,
1.0,0.0,0.3355809797728589,,,
1.0,1.0,0.6390293113443237,,,
1.0,1.0,0.5550244454490045,,,
0.0,0.0,0.3511516779550369,,,
1.0,1.0,0.5782236154503355,,,
0.0,0.0,0.3441833322919428,,,
1.0,1.0,0.5030932797110211,,,
1.0,1.0,0.6049927095580904,,,
0.0,0.0,0.4370988039287001,,,
0.0,0.0,0.45545437475276435,,,
1.0,1.0,0.5533629187091693,,,
1.0,1.0,0.6478301833537199,,,
1.0,0.0,0.4290815905208084,,,
0.0,0.0,0.4559424883433054,,,
0.0,0.0,0.41449739457828855,,,
1.0,1.0,0.5447914285743234,,,
1.0,1.0,0.5739862060501971,,,
0.0,1.0,0.5564472989614206,,,
0.0,0.0,0.3586896831488569,,,
1.0,0.0,0.4462336958148839,,,
1.0,0.0,0.3251782711204638,,,
1.0,1.0,0.5667929397435324,,,
0.0,1.0,0.5062213293511987,,,
1.0,1.0,0.584113645791591,,,
0.0,0.0,0.416515594737827,,,
1.0,1.0,0.6429898816593475,,,
1.0,0.0,0.4691340519674806,,,
1.0,1.0,0.5270265155750896,,,
0.0,0.0,0.35915441673755555,,,
0.0,0.0,0.3813071182362527,,,
0.0,0.0,0.35891370485245416,,,
0.0,0.0,0.37409134790768994,,,
0.0,1.0,0.509412060585948,,,
0.0,0.0,0.40274352405192965,,,
0.0,0.0,0.36709103866237525,,,
1.0,1.0,0.5061590522204839,,,
1.0,1.0,0.5799180721680041,,,
1.0,1.0,0.5887949160589232,,,
0.0,1.0,0.510639822933316,,,
0.0,0.0,0.45641690821192105,,,
0.0,0.0,0.40378725674867705,,,
0.0,0.0,0.4032093349786353,,,
1.0,0.0,0.4077051147710022,,,
1.0,1.0,0.8408353566076875,,,
0.0,0.0,0.3130718199824915,,,
0.0,0.0,0.41270710917633074,,,
0.0,0.0,0.33973833050651253,,,
1.0,1.0,0.5947618818062987,,,
1.0,0.0,0.4889802182569033,,,
1.0,0.0,0.39972961118907824,,,
1.0,1.0,0.5905367430096773,,,
1.0,1.0,0.7472769303951895,,,
1.0,0.0,0.41667751566268924,,,
0.0,0.0,0.3713184404961751,,,
0.0,0.0,0.45643904745264896,,,
1.0,0.0,0.4876876175620826,,,
1.0,1.0,0.6753269379658444,,,
1.0,1.0,0.816239790966307,,,
1.0,1.0,0.6105486580179991,,,
0.0,0.0,0.49044286788738256,,,
0.0,0.0,0.48059993648745536,,,
0.0,0.0,0.43847230504294404,,,
0.0,0.0,0.3385973464908232,,,
0.0,1.0,0.5375913128321441,,,
1.0,1.0,0.5690919196017253,,,
0.0,0.0,0.39466672568008404,,,
0.0,0.0,0.43271903828417285,,,
1.0,1.0,0.788367878471412,,,
1.0,1.0,0.517547727045177,,,
1.0,0.0,0.4608409091880225,,,
0.0,0.0,0.41165881625833567,,,
1.0,0.0,0.4952180802122508,,,
1.0,0.0,0.4399602520691379,,,
0.0,0.0,0.4065841153731171,,,
0.0,0.0,0.43257898526418764,,,
1.0,0.0,0.4556739202588711,,,
0.0,0.0,0.42641866530400746,,,
0.0,0.0,0.39260130959831735,,,
1.0,1.0,0.5340397469135744,,,
1.0,0.0,0.44004786911396815,,,
0.0,0.0,0.41724458660702474,,,
0.0,0.0,0.46937632156569425,,,
0.0,0.0,0.4209998318989946,,,
1.0,0.0,0.4208904464426681,,,
0.0,0.0,0.4071860646763156,,,
0.0,0.0,0.3816346882787519,,,
0.0,0.0,0.39158644892599737,,,
0.0,0.0,0.4049900800758376,,,
0.0,0.0,0.30848992197235464,,,
1.0,0.0,0.4644209998122487,,,
0.0,0.0,0.3716284543478617,,,
0.0,0.0,0.3914907043289335,,,
0.0,0.0,0.4830505213761585,,,
1.0,0.0,0.3718757851598453,,,
0.0,0.0,0.49556916662324885,,,
1.0,1.0,0.5636811342347312,,,
0.0,0.0,0.34386150221271944,,,
1.0,1.0,0.6714357493966955,,,
0.0,1.0,0.5020558109707256,,,
1.0,1.0,0.6327816424994539,,,
1.0,0.0,0.4574040817457975,,,
0.0,0.0,0.39364132858494677,,,
0.0,0.0,0.45480003923419193,,,
1.0,0.0,0.43264461244923474,,,
0.0,0.0,0.39650641581138785,,,
1.0,0.0,0.4017614806203535,,,
1.0,0.0,0.469470930174545,,,
0.0,0.0,0.3979622811905328,,,
1.0,1.0,0.5979008495043283,,,
1.0,0.0,0.35232509456021455,,,
1.0,0.0,0.4720912475888156,,,
0.0,0.0,0.4000300662675021,,,
0.0,0.0,0.35034298908672584,,,
1.0,1.0,0.7730156931537999,,,
0.0,0.0,0.4352734001299128,,,
1.0,0.0,0.4938423733561499,,,
1.0,0.0,0.4171244372464497,,,
0.0,0.0,0.3206873061868451,,,
1.0,0.0,0.4757889964017516,,,
0.0,0.0,0.4864136010247352,,,
0.0,0.0,0.41236976290948696,,,
1.0,1.0,0.8424974294286417,,,
0.0,1.0,0.5000204622069219,,,
0.0,0.0,0.39445447938322625,,,
0.0,0.0,0.4469798801875476,,,
0.0,0.0,0.4649446737421743,,,
1.0,1.0,0.7185625070830873,,,
0.0,0.0,0.42422442076626,,,
1.0,0.0,0.46697611658052346,,,
0.0,0.0,0.39834822256422253,,,
1.0,1.0,0.5294812860867837,,,
1.0,1.0,0.6017736315465668,,,
0.0,0.0,0.37498077969732324,,,
1.0,1.0,0.6362105246582974,,,
0.0,0.0,0.4884987451972219,,,
0.0,0.0,0.3702699367930989,,,
0.0,0.0,0.32018646942446666,,,
0.0,0.0,0.3794832422137347,,,
1.0,1.0,0.7318178324981918,,,
0.0,0.0,0.3425111092996022,,,
0.0,0.0,0.2825462683992942,,,
0.0,0.0,0.30612912989822255,,,
0.0,0.0,0.34721630834566525,,,
1.0,0.0,0.4781673320298364,,,
0.0,0.0,0.4185639289702473,,,
1.0,1.0,0.5559664588239366,,,
0.0,0.0,0.3698377688065737,,,
1.0,0.0,0.4836281589207799,,,
0.0,0.0,0.4064427528459901,,,
1.0,0.0,0.4883891806957845,,,
1.0,0.0,0.4864486552650749,,,
0.0,0.0,0.4172186093333239,,,
1.0,1.0,0.5212660751850114,,,
0.0,0.0,0.3270308349896277,,,
0.0,0.0,0.37021565320679245,,,
0.0,0.0,0.48702017301572453,,,
0.0,0.0,0.37951049802415,,,
0.0,0.0,0.4345640124942992,,,
1.0,1.0,0.7194802825834741,,,
0.0,0.0,0.45366068586999164,,,
1.0,1.0,0.5888091199869185,,,
1.0,1.0,0.7144608350286611,,,
0.0,0.0,0.43247131259354155,,,
0.0,0.0,0.4777714733872183,,,
1.0,1.0,0.6148089879001934,,,
1.0,1.0,0.5713594768526211,,,
1.0,0.0,0.47063245126636427,,,
0.0,0.0,0.45165228200815777,,,
0.0,0.0,0.33016572722572,,,
1.0,0.0,0.46853509056800674,,,
1.0,1.0,0.5111767606728382,,,
0.0,0.0,0.4036323100095093,,,
1.0,1.0,0.833922294644746,,,
0.0,0.0,0.451563180443129,,,
1.0,1.0,0.5016388511558902,,,
0.0,0.0,0.3984711760139412,,,
1.0,0.0,0.392372931740285,,,
0.0,0.0,0.3832352325702274,,,
1.0,1.0,0.5068276292831626,,,
0.0,1.0,0.6678984964626594,,,
0.0,1.0,0.5218622323473243,,,
0.0,0.0,0.40665784502689534,,,
1.0,1.0,0.5246707717981854,,,
0.0,0.0,0.32195729278569263,,,
1.0,1.0,0.5037290059699309,,,
0.0,0.0,0.43600784615779514,,,
1.0,0.0,0.4254689996277153,,,
0.0,0.0,0.4017945112237191,,,
0.0,0.0,0.3959561735534422,,,
1.0,0.0,0.4113882414621997,,,
0.0,0.0,0.4087706323605681,,,
1.0,1.0,0.5356524995358203,,,
1.0,1.0,0.5965676429120442,,,
0.0,0.0,0.39156460340788185,,,
1.0,1.0,0.7017543441003953,,,
0.0,0.0,0.38522410457023465,,,
0.0,0.0,0.34566347119660507,,,
1.0,0.0,0.3972294776347483,,,
1.0,1.0,0.7852459659848061,,,
1.0,1.0,0.5447152360453424,,,
1.0,1.0,0.588388413815657,,,
1.0,1.0,0.5556847652380309,,,
1.0,1.0,0.5126160627609276,,,
0.0,0.0,0.3265352475118245,,,
0.0,0.0,0.4008185229337023,,,
1.0,1.0,0.7097271918366838,,,
0.0,0.0,0.3743985392229248,,,
1.0,0.0,0.45509307543176986,,,
0.0,0.0,0.4059361499873521,,,
1.0,0.0,0.4178891911046541,,,
0.0,0.0,0.3643169776459255,,,
1.0,1.0,0.655609675084105,,,
1.0,0.0,0.479777709498955,,,
1.0,1.0,0.5316535903390918,,,
1.0,0.0,0.476641106098024,,,
0.0,0.0,0.43419253775904876,,,
0.0,0.0,0.40344384440131276,,,
1.0,0.0,0.46708204975541634,,,
0.0,0.0,0.4034540178400556,,,
0.0,0.0,0.4717086206113407,,,
0.0,0.0,0.3542255801848094,,,
1.0,1.0,0.5025443444182986,,,
1.0,1.0,0.6470386461274865,,,
0.0,0.0,0.39740338145689663,,,
0.0,0.0,0.4482157432410503,,,
1.0,1.0,0.6983600479038646,,,
0.0,0.0,0.482095334395,,,
0.0,0.0,0.4043705461173421,,,
1.0,1.0,0.6527075191395665,,,
0.0,0.0,0.4633231367575939,,,
0.0,0.0,0.49121550070482567,,,
1.0,0.0,0.4315632547360474,,,
1.0,1.0,0.801252586639114,,,
0.0,0.0,0.4344544275245621,,,
1.0,1.0,0.5300807079855717,,,
1.0,1.0,0.5158392056911141,,,
1.0,0.0,0.4090774614007176,,,
1.0,1.0,0.7156430242084039,,,
1.0,1.0,0.5171846685720614,,,
0.0,0.0,0.4664400254473974,,,
1.0,1.0,0.610329431450561,,,
0.0,0.0,0.43268939400980244,,,
0.0,0.0,0.23045730202844175,,,
0.0,0.0,0.4450434095722348,,,
0.0,1.0,0.5138231087794036,,,
0.0,1.0,0.593772720732386,,,
1.0,0.0,0.3965515884953186,,,
0.0,0.0,0.4688346052615125,,,
0.0,0.0,0.49815652895268475,,,
0.0,0.0,0.41121676482909114,,,
0.0,0.0,0.3960481488831493,,,
1.0,0.0,0.472780874773749,,,
0.0,0.0,0.40286933422202836,,,
1.0,1.0,0.5651156085337256,,,
1.0,1.0,0.7914931607749874,,,
0.0,0.0,0.4460134009495037,,,
1.0,0.0,0.4551057278206579,,,
0.0,0.0,0.4734410983785609,,,
0.0,1.0,0.5254479481702066,,,
1.0,1.0,0.658815071703107,,,
0.0,0.0,0.48305735308619635,,,
1.0,0.0,0.3619654895241691,,,
0.0,1.0,0.6505438741470185,,,
0.0,0.0,0.45829261042609976,,,
0.0,0.0,0.4097843623219824,,,
1.0,1.0,0.5182858342514249,,,
0.0,0.0,0.4134621199402548,,,
0.0,0.0,0.3759915820433143,,,
0.0,0.0,0.48253092158995076,,,
1.0,0.0,0.4952743799169738,,,
1.0,0.0,0.46413272696505053,,,
0.0,0.0,0.35166156815731137,,,
0.0,0.0,0.4207917878345373,,,
1.0,1.0,0.6140667333611645,,,
1.0,1.0,0.7289946374650363,,,
1.0,0.0,0.40845979719050707,,,
1.0,0.0,0.43521696413911476,,,
1.0,1.0,0.5196374601969568,,,
1.0,1.0,0.8150391149360333,,,
0.0,0.0,0.3157410542693398,,,
0.0,0.0,0.4474914412486911,,,
0.0,0.0,0.35340176362354175,,,
0.0,0.0,0.49993233089078765,,,
0.0,0.0,0.3791602415330588,,,
0.0,0.0,0.4472908459623975,,,
1.0,0.0,0.4564019989497908,,,
0.0,0.0,0.422228942228945,,,
1.0,1.0,0.5209928464413105,,,
0.0,0.0,0.3663911538253603,,,
1.0,0.0,0.45912070596547344,,,
0.0,0.0,0.37250729915023495,,,
1.0,0.0,0.48654800465864206,,,
1.0,1.0,0.651733604726069,,,
0.0,0.0,0.4989753610246668,,,
0.0,0.0,0.49459977897748825,,,
0.0,0.0,0.47995860584847483,,,
0.0,0.0,0.45924966176999554,,,
1.0,1.0,0.503298580915754,,,
0.0,0.0,0.39951634944944764,,,
0.0,0.0,0.4462331044835152,,,
0.0,0.0,0.420376366715016,,,
0.0,0.0,0.37988355544285135,,,
1.0,1.0,0.5164748753486569,,,
1.0,0.0,0.486342597100141,,,
1.0,0.0,0.4876307269716025,,,
1.0,0.0,0.48104394753378615,,,
1.0,0.0,0.4517204993715055,,,
0.0,0.0,0.31485422200410035,,,
0.0,0.0,0.4038971463043352,,,
0.0,0.0,0.4195602281460455,,,
0.0,0.0,0.42960907564264644,,,
1.0,0.0,0.4783856614680613,,,
0.0,0.0,0.392133847442902,,,
0.0,0.0,0.3371506393782264,,,
1.0,1.0,0.6830122117152637,,,
0.0,0.0,0.40137386289972254,,,
1.0,1.0,0.6166200940169339,,,
0.0,0.0,0.49825900264386674,,,
1.0,0.0,0.484894658613114,,,
0.0,0.0,0.354485870885479,,,
0.0,0.0,0.4293192519939237,,,
1.0,1.0,0.5442384918384638,,,
1.0,1.0,0.5006794452708057,,,
1.0,0.0,0.39642291592038503,,,
1.0,1.0,0.5585028477948849,,,
0.0,1.0,0.5319451189946364,,,
1.0,1.0,0.5805880738165882,,,
1.0,1.0,0.5386209318186338,,,
1.0,0.0,0.423686109985414,,,
0.0,0.0,0.33678831217393024,,,
0.0,0.0,0.4032025230276182,,,
0.0,0.0,0.3910676049149305,,,
0.0,0.0,0.3504521543457369,,,
0.0,0.0,0.3120958139618228,,,
0.0,0.0,0.4063734885554593,,,
0.0,0.0,0.39432205649934793,,,
0.0,0.0,0.37189214974527346,,,
0.0,0.0,0.4046165428396228,,,
1.0,0.0,0.43255239322560246,,,
0.0,0.0,0.45107509786591776,,,
0.0,0.0,0.4688647430252037,,,
1.0,1.0,0.5210338718927632,,,
0.0,0.0,0.48040951201993026,,,
0.0,0.0,0.33732639046891827,,,
0.0,0.0,0.48594288840473354,,,
1.0,1.0,0.5666304532602352,,,
0.0,1.0,0.5961368639011622,,,
1.0,0.0,0.4705052443246298,,,
1.0,1.0,0.5910577360553955,,,
0.0,0.0,0.21499503419251792,,,
1.0,1.0,0.5361988413598776,,,
1.0,1.0,0.6487835855711004,,,
0.0,0.0,0.44838813031715513,,,
0.0,0.0,0.309536553178071,,,
1.0,1.0,0.5876804434177119,,,
0.0,0.0,0.37193602357485656,,,
0.0,0.0,0.3969638984828672,,,
1.0,1.0,0.5076628397430442,,,
0.0,0.0,0.46017494614928683,,,
0.0,0.0,0.32369991688210253,,,
0.0,0.0,0.3320441353578878,,,
0.0,1.0,0.5101124868114174,,,
1.0,1.0,0.5570359617322315,,,
1.0,1.0,0.5043973049063784,,,
0.0,0.0,0.39386568864112315,,,
1.0,0.0,0.4658411166707621,,,
0.0,0.0,0.40493770997900136,,,
1.0,1.0,0.737092877580091,,,
0.0,0.0,0.4983952712957391,,,
1.0,0.0,0.47327048078826317,,,
1.0,1.0,0.7408176808799712,,,
0.0,0.0,0.38784535606643666,,,
1.0,0.0,0.45494273470686925,,,
1.0,0.0,0.481552837857614,,,
0.0,0.0,0.4588468263660941,,,
0.0,0.0,0.3720730078537839,,,
0.0,0.0,0.393402257713555,,,
1.0,0.0,0.478966368005763,,,
0.0,0.0,0.4056046044672363,,,
1.0,1.0,0.5264304497356577,,,
1.0,1.0,0.8421439028222055,,,
0.0,0.0,0.4188530519384803,,,
0.0,0.0,0.3884873238606961,,,
0.0,1.0,0.5240592868935786,,,
1.0,0.0,0.4606967273152606,,,
0.0,0.0,0.3814874669688322,,,
0.0,0.0,0.4370497983191178,,,
1.0,1.0,0.5784187431890668,,,
1.0,0.0,0.46616115322417145,,,
1.0,0.0,0.41964900345032835,,,
0.0,0.0,0.3542274836729992,,,
0.0,1.0,0.501235922846383,,,
0.0,0.0,0.4107673907511346,,,
1.0,0.0,0.44038335629362607,,,
1.0,0.0,0.37845109885243533,,,
0.0,0.0,0.4862907503613827,,,
0.0,0.0,0.4519659316799699,,,
1.0,1.0,0.6226656338087587,,,
0.0,0.0,0.3802121533078705,,,
1.0,1.0,0.6574842954914992,,,
1.0,1.0,0.5398845547339066,,,
1.0,1.0,0.5053342514599429,,,
1.0,1.0,0.5438009479208554,,,
0.0,0.0,0.40669641269291995,,,
0.0,0.0,0.3199551672966265,,,
0.0,0.0,0.36795935957707093,,,
0.0,0.0,0.35203910946360917,,,
0.0,0.0,0.47120407911152723,,,
0.0,0.0,0.4218624373844225,,,
1.0,0.0,0.4917556788291633,,,
0.0,1.0,0.51312671481602,,,
1.0,0.0,0.4013076039302902,,,
1.0,1.0,0.5792285283461631,,,
0.0,0.0,0.33423487753329306,,,
0.0,1.0,0.6526702429929091,,,
1.0,1.0,0.5505727524228098,,,
0.0,0.0,0.46865684784789424,,,
1.0,0.0,0.4567559340219597,,,
1.0,1.0,0.6359727713723338,,,
1.0,0.0,0.46887755170181833,,,
0.0,0.0,0.4054481287892161,,,
0.0,0.0,0.4449818739775672,,,
0.0,0.0,0.3969947635575035,,,
1.0,0.0,0.3790708775500241,,,
0.0,0.0,0.3506196403812269,,,
1.0,0.0,0.38239263152209,,,
0.0,0.0,0.39778315668679165,,,
0.0,0.0,0.4392178220461064,,,
1.0,1.0,0.6072665745224023,,,
1.0,0.0,0.48157629252344064,,,
1.0,1.0,0.5206066840113154,,,
0.0,0.0,0.4451821750902902,,,
0.0,0.0,0.3546387402873093,,,
0.0,0.0,0.358063504212638,,,
1.0,1.0,0.5220861110153231,,,
1.0,0.0,0.4325321562724289,,,
1.0,1.0,0.8234651265963433,,,
1.0,0.0,0.408989764226137,,,
0.0,0.0,0.4340895681503515,,,
0.0,0.0,0.42918135481556724,,,
0.0,0.0,0.4105943488696963,,,
0.0,0.0,0.4690682731137722,,,
0.0,0.0,0.42130138507726717,,,
0.0,1.0,0.5211562042053169,,,
0.0,0.0,0.37724761463987605,,,
1.0,0.0,0.4668276383815356,,,
1.0,1.0,0.6400363432449302,,,
1.0,1.0,0.6139492260787677,,,
1.0,1.0,0.8083276579005677,,,
0.0,0.0,0.42947970830299464,,,
1.0,0.0,0.39837045212035305,,,
1.0,0.0,0.41820837002464956,,,
0.0,0.0,0.4637734220253173,,,
1.0,0.0,0.48411813971179135,,,
0.0,0.0,0.4084992360140664,,,
1.0,1.0,0.6115438861740508,,,
1.0,0.0,0.4042774281536911,,,
0.0,0.0,0.4310599626268092,,,
1.0,0.0,0.4359930861679589,,,
0.0,0.0,0.4182115680294551,,,
1.0,0.0,0.3884400980105925,,,
1.0,1.0,0.6600764178004643,,,
0.0,0.0,0.3026067822926697,,,
0.0,0.0,0.4491427841857128,,,
0.0,0.0,0.388796856915157,,,
1.0,1.0,0.6953359465501959,,,
1.0,0.0,0.4681452499709566,,,
1.0,0.0,0.41379127698787327,,,
1.0,0.0,0.43824884395419056,,,
1.0,1.0,0.5644121952644248,,,
0.0,0.0,0.4226141965577521,,,
1.0,1.0,0.5605493813718048,,,
0.0,0.0,0.41591973883178135,,,
1.0,1.0,0.6401998032801239,,,
0.0,0.0,0.4400142468889219,,,
0.0,0.0,0.34424039127033335,,,
0.0,0.0,0.4164077912019852,,,
1.0,1.0,0.5533644711251086,,,
1.0,0.0,0.4920454813495207,,,
0.0,0.0,0.377319318146274,,,
0.0,0.0,0.43280944725146714,,,
1.0,0.0,0.470809737016562,,,
1.0,1.0,0.5018837612841376,,,
0.0,1.0,0.5529686638264337,,,
0.0,0.0,0.39659344719758927,,,
0.0,1.0,0.52877782915777,,,
1.0,0.0,0.4355780332895066,,,
1.0,1.0,0.6269800752502706,,,
0.0,0.0,0.35851647695193045,,,
0.0,0.0,0.43282698794845353,,,
1.0,0.0,0.4965021681775781,,,
0.0,1.0,0.5035468253334198,,,
0.0,1.0,0.5177087506639405,,,
0.0,0.0,0.3545396789631053,,,
1.0,1.0,0.6325041361443285,,,
1.0,1.0,0.6008423894121702,,,
0.0,0.0,0.41455253001637454,,,
0.0,0.0,0.34424039127033335,,,
1.0,1.0,0.5155101555037435,,,
1.0,1.0,0.5282562022740778,,,
0.0,0.0,0.39113593526367463,,,
1.0,0.0,0.46398421733351025,,,
0.0,0.0,0.4516175948202448,,,
0.0,0.0,0.41769252265182427,,,
1.0,1.0,0.7485763786469067,,,
0.0,0.0,0.3338351637780515,,,
1.0,0.0,0.46819156544899015,,,
0.0,1.0,0.5101894764505633,,,
1.0,1.0,0.5225041304480378,,,
1.0,1.0,0.5142911800283909,,,
0.0,0.0,0.398805800625115,,,
1.0,0.0,0.40317467955311176,,,
0.0,1.0,0.5989231862145781,,,
0.0,0.0,0.3730546905086911,,,
1.0,0.0,0.45244168497418774,,,
1.0,1.0,0.6325040488631332,,,
1.0,1.0,0.5415065331062091,,,
1.0,1.0,0.697280634979689,,,
1.0,0.0,0.4150163336970545,,,
0.0,0.0,0.43378399779678656,,,
0.0,0.0,0.3394718177034417,,,
0.0,0.0,0.38694364845580775,,,
0.0,0.0,0.42917478479997745,,,
0.0,0.0,0.44354168087377527,,,
0.0,0.0,0.43116141019075355,,,
1.0,1.0,0.5016298947696952,,,
0.0,0.0,0.3979275593426855,,,
0.0,0.0,0.4182122715576192,,,
1.0,1.0,0.7624250904231213,,,
0.0,0.0,0.46762235925906004,,,
0.0,0.0,0.49930549467511615,,,
1.0,0.0,0.3753276668612193,,,
1.0,0.0,0.4271885814647536,,,
1.0,0.0,0.4607787676175576,,,
0.0,0.0,0.30003683376261037,,,
1.0,1.0,0.7512602482850292,,,
0.0,0.0,0.32058292180977116,,,
0.0,0.0,0.36396632135047025,,,
0.0,0.0,0.3969638373235221,,,
1.0,1.0,0.7342531709124303,,,
1.0,1.0,0.5428322330904175,,,
0.0,0.0,0.37346798734312125,,,
1.0,0.0,0.4402561929044244,,,
0.0,0.0,0.41135349183323944,,,
0.0,0.0,0.4192658538642833,,,
1.0,1.0,0.7369896452734356,,,
1.0,1.0,0.5340750403452601,,,
1.0,1.0,0.6539923976214002,,,
0.0,0.0,0.316026132418889,,,
0.0,0.0,0.46245439119145754,,,
1.0,1.0,0.6239850981267208,,,
0.0,0.0,0.40213800646139836,,,
0.0,0.0,0.35118064810292315,,,
0.0,0.0,0.4302274589152182,,,
1.0,1.0,0.6228494527874776,,,
0.0,0.0,0.4327811598761238,,,
1.0,1.0,0.6325911876258377,,,
0.0,0.0,0.47540802742618626,,,
0.0,0.0,0.39939486165896404,,,
1.0,1.0,0.6519676279929136,,,
0.0,0.0,0.34469142041369505,,,
1.0,0.0,0.405560920479558,,,
0.0,0.0,0.40988205386298737,,,
0.0,0.0,0.352225224348711,,,
0.0,0.0,0.4197031809342687,,,
1.0,1.0,0.5903591719807879,,,
0.0,0.0,0.3730484930008368,,,
1.0,1.0,0.5015621252160707,,,
1.0,1.0,0.6073583552350792,,,
1.0,1.0,0.703583121915584,,,
1.0,1.0,0.6151393877286195,,,
0.0,0.0,0.4121504119688897,,,
0.0,0.0,0.4852315412662623,,,
0.0,0.0,0.33314130904263356,,,
0.0,0.0,0.3551904345245417,,,
0.0,0.0,0.32767363204923894,,,
0.0,0.0,0.33674469222645054,,,
1.0,0.0,0.4329878642099596,,,
0.0,0.0,0.4257344402661433,,,
1.0,1.0,0.5034761551518666,,,
1.0,0.0,0.4817034012572552,,,
0.0,0.0,0.3837989634118028,,,
0.0,0.0,0.41391722505904377,,,
1.0,1.0,0.8163978757459148,,,
0.0,0.0,0.35906882406173335,,,
0.0,0.0,0.4004905283697274,,,
0.0,0.0,0.38640533861749443,,,
1.0,1.0,0.5815211195925718,,,
0.0,0.0,0.40782893475712534,,,
1.0,1.0,0.665687320017391,,,
0.0,0.0,0.4133498966937095,,,
0.0,0.0,0.32586456923000895,,,
1.0,0.0,0.42632559144421833,,,
0.0,0.0,0.4706997724504197,,,
1.0,0.0,0.4347653282423581,,,
0.0,0.0,0.39567456596287,,,
0.0,1.0,0.5908831818099752,,,
0.0,0.0,0.37279378033401417,,,
0.0,0.0,0.45178841542225245,,,
0.0,0.0,0.37849662089756275,,,
0.0,0.0,0.42946123817709025,,,
1.0,0.0,0.4890365434490651,,,
1.0,0.0,0.45755228810361687,,,
0.0,0.0,0.3231340947338353,,,
0.0,0.0,0.41109565348418453,,,
1.0,0.0,0.4094507546247757,,,
1.0,0.0,0.4873473608488564,,,
0.0,0.0,0.3504521543457369,,,
1.0,1.0,0.5050991127043054,,,
1.0,0.0,0.45036434682226145,,,
0.0,0.0,0.46889073689133787,,,
0.0,0.0,0.4344656853218106,,,
1.0,1.0,0.574775102319136,,,
1.0,1.0,0.5659785267548625,,,
1.0,0.0,0.47626289161360374,,,
0.0,0.0,0.3650042467816528,,,
1.0,0.0,0.4735984687654904,,,
0.0,0.0,0.4156562367170261,,,
0.0,0.0,0.46227063210297337,,,
0.0,0.0,0.32209474573581914,,,
0.0,1.0,0.5095817316899145,,,
0.0,0.0,0.4684033636898623,,,
0.0,0.0,0.48219900414847405,,,
1.0,1.0,0.7174202584236801,,,
1.0,0.0,0.428590062070353,,,
1.0,1.0,0.5201434963052689,,,
1.0,1.0,0.8012726884595512,,,
1.0,1.0,0.6078864675565344,,,
0.0,0.0,0.3964955807636181,,,
0.0,0.0,0.38467481115941243,,,
0.0,0.0,0.21499503419251792,,,
1.0,1.0,0.6576867535570028,,,
1.0,1.0,0.5003525389006197,,,
0.0,0.0,0.436276410332193,,,
0.0,0.0,0.4898063936181785,,,
0.0,1.0,0.5078389923665652,,,
1.0,1.0,0.6938424786802271,,,
1.0,0.0,0.3714126373845244,,,
0.0,1.0,0.5078579492006571,,,
1.0,1.0,0.5017839335052778,,,
0.0,1.0,0.5052127784588204,,,
0.0,0.0,0.24093705801586215,,,
1.0,0.0,0.47709412814892815,,,
0.0,1.0,0.5127780715962797,,,
0.0,0.0,0.4372523453089181,,,
0.0,0.0,0.3893184091293055,,,
0.0,1.0,0.5779229980644006,,,
0.0,0.0,0.4146712879677612,,,
1.0,1.0,0.5387361073278617,,,
0.0,0.0,0.3882840979979956,,,
0.0,0.0,0.46571925063507374,,,
1.0,1.0,0.5820097033343637,,,
0.0,1.0,0.5896241663940376,,,
0.0,1.0,0.5067912544051572,,,
0.0,1.0,0.5184220491250817,,,
0.0,0.0,0.4140315132293258,,,
1.0,1.0,0.5853936952723744,,,
0.0,0.0,0.44315207987307376,,,
0.0,1.0,0.5546890599605641,,,
1.0,1.0,0.5320874627924216,,,
0.0,1.0,0.5200455263221833,,,
1.0,1.0,0.515756908865052,,,
0.0,0.0,0.40476318156988067,,,
1.0,1.0,0.6500382346990181,,,
0.0,0.0,0.36509447427972946,,,
0.0,0.0,0.38025953844882526,,,
1.0,1.0,0.6933907240586117,,,
1.0,1.0,0.5149908776484601,,,
1.0,1.0,0.5016298947696952,,,
1.0,1.0,0.7230996542658478,,,
0.0,0.0,0.4503508061374497,,,
1.0,1.0,0.5117000669522314,,,
0.0,0.0,0.41772821768921575,,,
1.0,1.0,0.5349092131839804,,,
0.0,0.0,0.41011132897424507,,,
0.0,0.0,0.44944616321412045,,,
0.0,0.0,0.3571799214848541,,,
0.0,0.0,0.35239876355233724,,,
0.0,0.0,0.3947249537730441,,,
0.0,0.0,0.3538060807135922,,,
0.0,0.0,0.46628106571270606,,,
1.0,0.0,0.45632033927095106,,,
0.0,0.0,0.4421154824545307,,,
0.0,0.0,0.4351319863715623,,,
0.0,0.0,0.46413973958554094,,,
1.0,0.0,0.45993820771571786,,,
0.0,0.0,0.39624702398187894,,,
0.0,0.0,0.48316614268099806,,,
0.0,0.0,0.3710936342082347,,,
1.0,0.0,0.45165228200815777,,,
1.0,0.0,0.4454051090372294,,,
1.0,1.0,0.5190968982585159,,,
1.0,1.0,0.5081688092482981,,,
0.0,0.0,0.3939076490418453,,,
0.0,0.0,0.3542274836729992,,,
0.0,0.0,0.3743465233896276,,,
1.0,1.0,0.6469171976872625,,,
0.0,0.0,0.3012024328046321,,,
0.0,0.0,0.49608952395459627,,,
1.0,1.0,0.5859138111499204,,,
1.0,1.0,0.5705703931367494,,,
1.0,1.0,0.5347538321446331,,,
0.0,0.0,0.405925956974773,,,
1.0,1.0,0.6027519053363979,,,
0.0,0.0,0.43209740283983455,,,
0.0,0.0,0.40524469135034374,,,
0.0,0.0,0.38203466526385566,,,
1.0,0.0,0.4088209776762274,,,
0.0,0.0,0.38480804927241774,,,
1.0,0.0,0.46535327530502135,,,
1.0,1.0,0.8234651265963433,,,
1.0,1.0,0.6615479928294158,,,
1.0,1.0,0.6313220002327145,,,
1.0,1.0,0.6618299757243076,,,
0.0,0.0,0.4636590300208985,,,
0.0,0.0,0.4682007007665613,,,
0.0,0.0,0.458168008799433,,,
1.0,1.0,0.6007504289757165,,,
0.0,1.0,0.5142754905294606,,,
0.0,0.0,0.4261082915254443,,,
0.0,0.0,0.35423324049687616,,,
1.0,1.0,0.8226043198381162,,,
1.0,1.0,0.5072774171604115,,,
0.0,0.0,0.39981553157772404,,,
0.0,1.0,0.5063383918679244,,,
1.0,1.0,0.6433752704706251,,,
0.0,0.0,0.4204566528552907,,,
0.0,0.0,0.3838418100402795,,,
1.0,0.0,0.37236896196746133,,,
1.0,1.0,0.779069688628095,,,
1.0,1.0,0.5590285040787559,,,
0.0,0.0,0.4293192519939237,,,
1.0,0.0,0.45588285499168996,,,
0.0,0.0,0.40562628731926004,,,
1.0,1.0,0.6217398320796357,,,
1.0,1.0,0.6662095467784672,,,
0.0,1.0,0.5939546882109492,,,
1.0,1.0,0.5094730652402578,,,
1.0,1.0,0.5529686638264337,,,
1.0,1.0,0.6710265772898298,,,
1.0,0.0,0.4576125146664791,,,
1.0,1.0,0.6648324234379596,,,
0.0,0.0,0.36265002094139137,,,
0.0,0.0,0.32638014611117655,,,
1.0,1.0,0.8238561110933498,,,
1.0,1.0,0.5833503246024033,,,
1.0,0.0,0.4495488492623667,,,
0.0,0.0,0.39801633291685373,,,
0.0,0.0,0.3402181041296187,,,
1.0,0.0,0.4870421949727559,,,
1.0,1.0,0.5068536544391774,,,
1.0,0.0,0.4347493998009355,,,
0.0,0.0,0.41872345486020013,,,
1.0,1.0,0.6366366582419248,,,
0.0,0.0,0.4515821802766669,,,
0.0,0.0,0.3299178088142179,,,
0.0,0.0,0.4390778828699652,,,
0.0,0.0,0.40774028238425447,,,
0.0,0.0,0.3811013169682095,,,
1.0,1.0,0.7182307020045359,,,
0.0,0.0,0.2760005970648943,,,
1.0,0.0,0.4677400111699702,,,
1.0,1.0,0.8076185998985764,,,
1.0,0.0,0.4722575935432104,,,
0.0,0.0,0.38860051616851266,,,
1.0,0.0,0.4089051278715458,,,
0.0,0.0,0.42779797338615855,,,
1.0,1.0,0.6098037685505807,,,
1.0,1.0,0.5015138724850817,,,
1.0,1.0,0.7703935293546536,,,
0.0,0.0,0.4811317026448881,,,
1.0,1.0,0.6521681778615107,,,
0.0,0.0,0.37273694553691245,,,
1.0,1.0,0.7135250279486329,,,
1.0,1.0,0.7136900565338863,,,
1.0,0.0,0.4290399086308452,,,
1.0,1.0,0.5587909664701884,,,
1.0,1.0,0.6430857483306376,,,
0.0,0.0,0.44435588259548425,,,
0.0,0.0,0.4255477903714793,,,
1.0,0.0,0.40132607959542826,,,
0.0,0.0,0.3870758309788167,,,
0.0,0.0,0.4550386888538437,,,
0.0,0.0,0.3957809103228831,,,
1.0,1.0,0.5238098052779382,,,
1.0,0.0,0.45329906261587505,,,
0.0,0.0,0.387040659683668,,,
1.0,1.0,0.5900280352378673,,,
0.0,0.0,0.42624162467031895,,,
1.0,0.0,0.4316007441312028,,,
0.0,0.0,0.34873625080311604,,,
1.0,1.0,0.538005608422147,,,
0.0,0.0,0.4182573247337964,,,
0.0,0.0,0.43693053996691167,,,
0.0,0.0,0.3571799214848541,,,
0.0,0.0,0.4549395302584513,,,
0.0,0.0,0.3776573535790031,,,
1.0,1.0,0.5353813617605642,,,
1.0,1.0,0.6193902830240218,,,
1.0,1.0,0.5112465589771301,,,
0.0,0.0,0.476765811171848,,,
1.0,0.0,0.39803105891089247,,,
1.0,0.0,0.4951768591949716,,,
1.0,0.0,0.4783274221118549,,,
0.0,0.0,0.46342383226989614,,,
0.0,0.0,0.3804650637947837,,,
1.0,0.0,0.41623850588568256,,,
0.0,0.0,0.43445844656620686,,,
0.0,0.0,0.4458719031367582,,,
1.0,1.0,0.7906865449653534,,,
0.0,0.0,0.37688569073040645,,,
1.0,1.0,0.5803381316244375,,,
0.0,0.0,0.3977857403564509,,,
0.0,0.0,0.32366047145572735,,,
0.0,0.0,0.46697611658052346,,,
0.0,0.0,0.41644841148575873,,,
0.0,0.0,0.42482938182912794,,,
1.0,0.0,0.46108705477588563,,,
1.0,0.0,0.47471821222778865,,,
0.0,0.0,0.42788820933595967,,,
0.0,0.0,0.39365915907726595,,,
0.0,0.0,0.43388851955015934,,,
1.0,1.0,0.8109939038572489,,,
1.0,0.0,0.49834669766268413,,,
0.0,1.0,0.6213247221830067,,,
0.0,0.0,0.4255854920829736,,,
0.0,0.0,0.42026365741355176,,,
1.0,1.0,0.6952463719950371,,,
1.0,0.0,0.43109602604621694,,,
1.0,1.0,0.6239566560859912,,,
0.0,1.0,0.5044537230768068,,,
0.0,0.0,0.41201197353003377,,,
0.0,0.0,0.4352642760569906,,,
0.0,0.0,0.37530604429418674,,,
1.0,1.0,0.6389244119339633,,,
0.0,0.0,0.47274387069983753,,,
0.0,0.0,0.34586541126867526,,,
0.0,0.0,0.3701106833482825,,,
0.0,0.0,0.3783659758201751,,,
1.0,1.0,0.5063193931070306,,,
1.0,1.0,0.6438350053207139,,,
0.0,0.0,0.3767727668942647,,,
1.0,0.0,0.4777155835849063,,,
1.0,1.0,0.5992965367577924,,,
0.0,0.0,0.4557372241284968,,,
0.0,0.0,0.4518079904318536,,,
1.0,1.0,0.6877103842728667,,,
1.0,1.0,0.67523824907577,,,
1.0,1.0,0.8133968518773069,,,
0.0,0.0,0.3835545592650838,,,
0.0,0.0,0.3479679300264478,,,
1.0,0.0,0.4067934363611436,,,
0.0,0.0,0.44192514221320156,,,
1.0,1.0,0.5344921419158956,,,
1.0,1.0,0.5917027521853772,,,
1.0,1.0,0.6513048345276864,,,
0.0,0.0,0.36467624126012504,,,
1.0,0.0,0.48551085251131554,,,
1.0,0.0,0.46126714444852185,,,
1.0,1.0,0.5098969774844375,,,
0.0,1.0,0.5976134657945832,,,
0.0,0.0,0.4299550535857288,,,
0.0,0.0,0.44964350280812077,,,
1.0,0.0,0.4065897790946944,,,
0.0,0.0,0.43112266388327697,,,
1.0,1.0,0.6195990514633944,,,
1.0,1.0,0.5519745869455498,,,
1.0,1.0,0.5409902523356513,,,
1.0,0.0,0.4944632477272214,,,
0.0,0.0,0.340489967242823,,,
0.0,0.0,0.22361071201525046,,,
1.0,1.0,0.6461715375933232,,,
0.0,0.0,0.47330290490053445,,,
0.0,0.0,0.4202676950132565,,,
1.0,1.0,0.5028715564807718,,,
0.0,0.0,0.3636313715428327,,,
1.0,0.0,0.3848717560179971,,,
0.0,0.0,0.40577685488759846,,,
0.0,0.0,0.41064533610631726,,,
1.0,1.0,0.7857622202891382,,,
0.0,0.0,0.4945182657338202,,,
1.0,1.0,0.5426165747357973,,,
1.0,1.0,0.6429898816593475,,,
0.0,0.0,0.4829822925700874,,,
1.0,1.0,0.5880252900801671,,,
0.0,0.0,0.39622716017723925,,,
0.0,0.0,0.3810881883116146,,,
0.0,0.0,0.4392178220461064,,,
0.0,0.0,0.42860472053509785,,,
1.0,1.0,0.6513660257370119,,,
1.0,1.0,0.5522234859151928,,,
0.0,0.0,0.49518838775301555,,,
1.0,0.0,0.43039034866883835,,,
1.0,0.0,0.4389512197700461,,,
0.0,0.0,0.435853666585242,,,
0.0,1.0,0.5228679755803162,,,
1.0,1.0,0.7199658506045465,,,
1.0,1.0,0.6184677492440306,,,
1.0,1.0,0.7842025185368112,,,
0.0,0.0,0.44897982745737447,,,
0.0,0.0,0.4128423672817163,,,
1.0,1.0,0.5741129256046134,,,
1.0,1.0,0.6821660243625004,,,
1.0,1.0,0.5841827414925137,,,
1.0,1.0,0.6063779934864343,,,
0.0,0.0,0.36152383743598376,,,
0.0,0.0,0.4714635519156504,,,
0.0,0.0,0.4136253492074563,,,
1.0,1.0,0.7319673576573146,,,
0.0,0.0,0.43062893960502147,,,
1.0,1.0,0.6095971902918808,,,
0.0,1.0,0.578644754903073,,,
1.0,1.0,0.6046466258148822,,,
0.0,1.0,0.5790204126168481,,,
0.0,0.0,0.3224954283183313,,,
1.0,1.0,0.5662928446258099,,,
1.0,1.0,0.8147556126871884,,,
1.0,1.0,0.539375646393876,,,
0.0,0.0,0.34038488632838854,,,
1.0,0.0,0.47128218796053095,,,
0.0,0.0,0.3954723920881892,,,
1.0,1.0,0.6601576003476094,,,
1.0,1.0,0.7595400965896961,,,
0.0,0.0,0.40869802935603844,,,
0.0,1.0,0.6457421088805678,,,
0.0,1.0,0.5009776056690587,,,
0.0,1.0,0.5595124603494426,,,
1.0,1.0,0.5823211473628517,,,
0.0,0.0,0.37248464799531417,,,
0.0,0.0,0.3358248208540392,,,
0.0,0.0,0.33809835248417625,,,
1.0,0.0,0.3989678759457032,,,
1.0,1.0,0.5144903181383881,,,
1.0,1.0,0.6062223076959912,,,
1.0,0.0,0.4999866324376384,,,
0.0,0.0,0.43990297628964764,,,
1.0,1.0,0.631423577101498,,,
0.0,0.0,0.4485010009750872,,,
0.0,0.0,0.42827102388373867,,,
1.0,1.0,0.5754646169019337,,,
0.0,0.0,0.4103528211843894,,,
1.0,0.0,0.39881232547930584,,,
1.0,0.0,0.4976415772430677,,,
0.0,1.0,0.5520996774817686,,,
0.0,1.0,0.5068032698509384,,,
0.0,0.0,0.42094121999884865,,,
1.0,0.0,0.3484988191992107,,,
0.0,0.0,0.45741044673671255,,,
1.0,0.0,0.4033687329394332,,,
0.0,1.0,0.5450702444435878,,,
1.0,1.0,0.5015272731547975,,,
1.0,0.0,0.4727973738122271,,,
0.0,0.0,0.4396595381601154,,,
0.0,0.0,0.36287678525291966,,,
1.0,0.0,0.46414302074645664,,,
1.0,1.0,0.6052735832090705,,,
1.0,0.0,0.4873433515799113,,,
0.0,0.0,0.4721940568305122,,,
0.0,0.0,0.4380283408285371,,,
0.0,0.0,0.42399580099289363,,,
0.0,0.0,0.3903136497171871,,,
1.0,1.0,0.523511842619969,,,
0.0,0.0,0.3677122853381371,,,
1.0,1.0,0.5220277528414857,,,
0.0,0.0,0.40508505281706514,,,
0.0,0.0,0.4809790585487832,,,
0.0,0.0,0.4048145176499576,,,
0.0,0.0,0.4088395205373086,,,
1.0,0.0,0.43753671529849253,,,
1.0,1.0,0.63333137011633,,,
1.0,1.0,0.6754213882144415,,,
1.0,0.0,0.468118115967946,,,
1.0,0.0,0.43469200235852595,,,
1.0,1.0,0.8234651265963433,,,
1.0,1.0,0.685890205198147,,,
0.0,0.0,0.4297473833139542,,,
1.0,0.0,0.3352244743698971,,,
0.0,0.0,0.35941033176287585,,,
1.0,0.0,0.4133697463459245,,,
0.0,0.0,0.4789731307410135,,,
0.0,0.0,0.382853075406912,,,
1.0,0.0,0.3822573483842441,,,
0.0,0.0,0.4580811732594671,,,
1.0,1.0,0.6755912347416009,,,
1.0,1.0,0.623601792351327,,,
0.0,0.0,0.44149346387100863,,,
1.0,1.0,0.5543198931366402,,,
1.0,1.0,0.5918451782228791,,,
1.0,1.0,0.5514278934360816,,,
1.0,0.0,0.4961284153560339,,,
0.0,0.0,0.38026218956353713,,,
1.0,1.0,0.5673891144008079,,,
1.0,1.0,0.5295393883153952,,,
1.0,0.0,0.4829269834377853,,,
0.0,0.0,0.39729625090865317,,,
1.0,0.0,0.4324185643960829,,,
0.0,0.0,0.4664497159165754,,,
0.0,0.0,0.44886524697992725,,,
1.0,1.0,0.5929445402525694,,,
0.0,0.0,0.37778557766939586,,,
0.0,0.0,0.3994149223108308,,,
1.0,0.0,0.4797545095687378,,,
1.0,1.0,0.5330375849575383,,,
0.0,0.0,0.4234401532008363,,,
0.0,0.0,0.49545101579184375,,,
1.0,1.0,0.5447839109842384,,,
1.0,0.0,0.4944177841805174,,,
0.0,0.0,0.35664617366051726,,,
0.0,0.0,0.4123880368004671,,,
1.0,1.0,0.5604647142618411,,,
0.0,0.0,0.3997972357250165,,,
0.0,1.0,0.5166339287295053,,,
1.0,1.0,0.637934432561186,,,
1.0,1.0,0.794365049617098,,,
1.0,0.0,0.3936518860072912,,,
0.0,0.0,0.33947137878916533,,,
0.0,0.0,0.4742078708530867,,,
0.0,0.0,0.35392153533379683,,,
1.0,1.0,0.7433878706464784,,,
1.0,0.0,0.3794832422137347,,,
0.0,0.0,0.34557690720755324,,,
1.0,0.0,0.4007855494236229,,,
1.0,0.0,0.47842274565530557,,,
0.0,0.0,0.40976232691267334,,,
1.0,1.0,0.5430225137739008,,,
0.0,0.0,0.3912152382755082,,,
1.0,1.0,0.5225415187014989,,,
1.0,1.0,0.6779688086847676,,,
0.0,0.0,0.3255765574513997,,,
0.0,0.0,0.42049358452583946,,,
1.0,1.0,0.5882993253345915,,,
1.0,1.0,0.5055335143281751,,,
1.0,1.0,0.5244360535610173,,,
0.0,0.0,0.3614386003632053,,,
0.0,0.0,0.4251390294244433,,,
1.0,1.0,0.5408799531355348,,,
0.0,0.0,0.3900563762403694,,,
1.0,0.0,0.3871492395864129,,,
0.0,0.0,0.4172284481060681,,,
0.0,0.0,0.3426246614985339,,,
0.0,1.0,0.5509313803700981,,,
1.0,1.0,0.5006708203249667,,,
0.0,0.0,0.3455892556270226,,,
1.0,1.0,0.5231229493372127,,,
1.0,1.0,0.5495896769238792,,,
0.0,0.0,0.48132496223996263,,,
0.0,0.0,0.3756232899510025,,,
1.0,0.0,0.4387040086819845,,,
1.0,0.0,0.4568923090708793,,,
0.0,0.0,0.3900227222770953,,,
1.0,1.0,0.648191257054761,,,
1.0,1.0,0.5672369846134034,,,
1.0,1.0,0.5354460812608391,,,
1.0,1.0,0.8002687450941443,,,
1.0,1.0,0.7183290859093854,,,
0.0,0.0,0.3948252824019306,,,
0.0,0.0,0.47529362929358804,,,
0.0,0.0,0.3802734909033522,,,
0.0,0.0,0.3976583787706235,,,
1.0,0.0,0.4277850572576261,,,
1.0,1.0,0.5504812753563785,,,
0.0,1.0,0.6965903243837401,,,
1.0,1.0,0.6141495654509562,,,
1.0,0.0,0.47187832119609296,,,
1.0,0.0,0.3957988854820357,,,
1.0,1.0,0.6256969467367681,,,
1.0,1.0,0.8434009562970824,,,
0.0,0.0,0.4705203249617606,,,
1.0,1.0,0.8052281459174624,,,
0.0,0.0,0.444811360305198,,,
0.0,0.0,0.38921529315614894,,,
1.0,1.0,0.5202696692230848,,,
1.0,1.0,0.5627015795100426,,,
0.0,0.0,0.33567933123616767,,,
1.0,0.0,0.43334745742148556,,,
0.0,0.0,0.4091240392599235,,,
1.0,0.0,0.39758535828356606,,,
0.0,0.0,0.4360931291178813,,,
0.0,0.0,0.47212483842868175,,,
0.0,0.0,0.3961201763835743,,,
1.0,1.0,0.5062304127987894,,,
1.0,1.0,0.507298255344306,,,
1.0,1.0,0.6246518521604097,,,
0.0,0.0,0.38623928033144417,,,
0.0,0.0,0.4179377823321948,,,
0.0,0.0,0.4384490737247515,,,
0.0,1.0,0.6193883571095745,,,
1.0,1.0,0.5059338803312118,,,
0.0,1.0,0.531596598937686,,,
0.0,0.0,0.41382058267944827,,,
1.0,1.0,0.6503156107732125,,,
1.0,0.0,0.46149242744218955,,,
1.0,1.0,0.5603741776734886,,,
1.0,1.0,0.5067021879363834,,,
0.0,0.0,0.45978073057742475,,,
0.0,0.0,0.41616100904919634,,,
0.0,0.0,0.321719041582923,,,
1.0,0.0,0.4107831241629865,,,
0.0,0.0,0.3928971002822547,,,
1.0,0.0,0.48228118337645964,,,
0.0,0.0,0.44071594057185154,,,
1.0,0.0,0.4478848175026296,,,
0.0,0.0,0.39326254713158637,,,
1.0,0.0,0.39186127045876384,,,
0.0,0.0,0.4272651738395566,,,
1.0,1.0,0.6015814639677945,,,
1.0,1.0,0.6499485634730345,,,
0.0,0.0,0.4078041407051762,,,
1.0,1.0,0.7781760038546925,,,
0.0,0.0,0.4542220065962107,,,
0.0,0.0,0.41578170188542013,,,
0.0,0.0,0.3601523993866654,,,
0.0,0.0,0.36310723951964197,,,
0.0,0.0,0.3910771910948028,,,
1.0,0.0,0.42598982438127003,,,
1.0,0.0,0.40973999969383296,,,
1.0,1.0,0.631919253764231,,,
1.0,0.0,0.4362604756942514,,,
1.0,0.0,0.47039947013741823,,,
0.0,0.0,0.40374810225661734,,,
0.0,0.0,0.3611775099315706,,,
1.0,0.0,0.44729090476973904,,,
0.0,0.0,0.44578944487994016,,,
0.0,0.0,0.4971347803918456,,,
0.0,0.0,0.4040604102225249,,,
1.0,1.0,0.5858847230809066,,,
1.0,0.0,0.42171187196015336,,,
0.0,0.0,0.42856319453019637,,,
0.0,1.0,0.5688693286606588,,,
1.0,1.0,0.5264056502397173,,,
0.0,0.0,0.4615724262129393,,,
0.0,0.0,0.4594755792517546,,,
1.0,1.0,0.6758676395862815,,,
0.0,0.0,0.43936175392518606,,,
1.0,1.0,0.6173886471034381,,,
0.0,0.0,0.4178253658540229,,,
0.0,0.0,0.48134763382161827,,,
1.0,0.0,0.4556526264212389,,,
0.0,0.0,0.43609510910113364,,,
0.0,0.0,0.4970711415200576,,,
0.0,0.0,0.4571231224726581,,,
0.0,0.0,0.43089940980899616,,,
0.0,0.0,0.44597688664470253,,,
0.0,0.0,0.3419617449066923,,,
1.0,1.0,0.5545623590510159,,,
0.0,0.0,0.41623139788965197,,,
1.0,1.0,0.8122261599794698,,,
0.0,0.0,0.46448399294208814,,,
1.0,1.0,0.7541188126035513,,,
1.0,1.0,0.5143603316995854,,,
1.0,1.0,0.7983767964163491,,,
0.0,0.0,0.44749594879345583,,,
1.0,0.0,0.3884605179817139,,,
0.0,0.0,0.40854269105559393,,,
0.0,0.0,0.3595407751381257,,,
0.0,0.0,0.34990321956212905,,,
0.0,0.0,0.4602612226090629,,,
1.0,1.0,0.5076683339823861,,,
1.0,1.0,0.5238700619443022,,,
0.0,0.0,0.3973574006154931,,,
1.0,1.0,0.6081552429825433,,,
0.0,0.0,0.3923083424323339,,,
0.0,0.0,0.3750632390518553,,,
0.0,0.0,0.3964647192083272,,,
0.0,0.0,0.38393623454352377,,,
0.0,0.0,0.3922875573695025,,,
1.0,1.0,0.5234291473551352,,,
0.0,0.0,0.3837989634118028,,,
1.0,0.0,0.36898584794093703,,,
0.0,0.0,0.4261632930156442,,,
0.0,0.0,0.22361071201525046,,,
1.0,1.0,0.6412096385515552,,,
0.0,0.0,0.34566431883809134,,,
0.0,0.0,0.41306808727960426,,,
0.0,0.0,0.4327320898851253,,,
0.0,0.0,0.36574922608075067,,,
0.0,0.0,0.4784858189086616,,,
0.0,0.0,0.4495961079980121,,,
1.0,0.0,0.45036434682226145,,,
1.0,1.0,0.5429108146096893,,,
1.0,0.0,0.40954930920500815,,,
0.0,0.0,0.35445559909958463,,,
0.0,0.0,0.48853246675478823,,,
1.0,1.0,0.8242487113434269,,,
0.0,1.0,0.5113866806861341,,,
1.0,1.0,0.526394746872143,,,
1.0,0.0,0.3618400735956581,,,
1.0,0.0,0.4977753612674182,,,
0.0,0.0,0.4026684677649086,,,
1.0,1.0,0.5605403345521556,,,
1.0,1.0,0.758626420354077,,,
0.0,0.0,0.32728307919627,,,
1.0,0.0,0.39432672888848497,,,
1.0,1.0,0.6822577037963272,,,
1.0,1.0,0.671755220601926,,,
0.0,0.0,0.3185428422955764,,,
1.0,0.0,0.45938815603177513,,,
0.0,0.0,0.3764118331626504,,,
0.0,0.0,0.3893619566606297,,,
1.0,0.0,0.44776321290666493,,,
1.0,1.0,0.5226544725705492,,,
0.0,0.0,0.3715233668438839,,,
0.0,0.0,0.33628037752846773,,,
0.0,0.0,0.3261904520466131,,,
0.0,0.0,0.4042735103462876,,,
1.0,0.0,0.45152100860310773,,,
0.0,0.0,0.44394292615588576,,,
0.0,0.0,0.4713643503070096,,,
1.0,0.0,0.4820971897853979,,,
0.0,0.0,0.3695643320718009,,,
0.0,0.0,0.4288800452788483,,,
0.0,0.0,0.48985808689229204,,,
1.0,0.0,0.42857437658504544,,,
0.0,0.0,0.467383006986947,,,
0.0,0.0,0.23045730202844175,,,
0.0,0.0,0.3959220738109601,,,
1.0,0.0,0.4660468072105757,,,
1.0,0.0,0.33567933123616767,,,
0.0,0.0,0.3469974332570627,,,
1.0,0.0,0.4008136948305479,,,
0.0,0.0,0.45722806119052267,,,
1.0,0.0,0.34863302522457373,,,
0.0,0.0,0.23045730202844175,,,
0.0,0.0,0.25660758913402704,,,
0.0,0.0,0.39324256158165527,,,
1.0,1.0,0.6961360522433652,,,
0.0,0.0,0.4180942173542889,,,
0.0,0.0,0.37253705201183257,,,
0.0,0.0,0.34365023234610126,,,
0.0,0.0,0.42092331115023995,,,
0.0,0.0,0.34404184353462647,,,
0.0,1.0,0.5103967806307839,,,
1.0,1.0,0.7083521614797033,,,
0.0,0.0,0.420376366715016,,,
0.0,0.0,0.3884018952302463,,,
1.0,0.0,0.4403294962512918,,,
0.0,0.0,0.3496748728903558,,,
1.0,0.0,0.42179862032843746,,,
1.0,0.0,0.3348842524938893,,,
0.0,1.0,0.5044682729750855,,,
0.0,0.0,0.35761707098204076,,,
1.0,1.0,0.5433247307685444,,,
0.0,0.0,0.38205549496728086,,,
1.0,0.0,0.446774608572069,,,
1.0,0.0,0.4822304817902056,,,
1.0,1.0,0.5474565454712638,,,
1.0,0.0,0.4383665743041903,,,
1.0,1.0,0.5015799504019186,,,
0.0,0.0,0.40099654601192697,,,
1.0,1.0,0.504621070422868,,,
0.0,0.0,0.4283233175624579,,,
1.0,1.0,0.5425651534367095,,,
1.0,0.0,0.4741412714139438,,,
1.0,1.0,0.5466495816993936,,,
1.0,1.0,0.722912702547104,,,
0.0,0.0,0.41028514107972247,,,
1.0,0.0,0.4912976233713531,,,
1.0,1.0,0.5280818280065044,,,
0.0,0.0,0.3782748735536868,,,
0.0,0.0,0.40026025309017454,,,
1.0,1.0,0.6066364520121652,,,
1.0,1.0,0.5048075826680845,,,
0.0,0.0,0.3385554744143516,,,
0.0,0.0,0.41118453723912446,,,
0.0,0.0,0.42485098540465055,,,
0.0,0.0,0.31218044146427704,,,
1.0,1.0,0.7366882143392607,,,
1.0,1.0,0.7445626547652603,,,
0.0,0.0,0.34459171563365887,,,
0.0,0.0,0.41063070179293126,,,
0.0,0.0,0.4371691661623573,,,
1.0,1.0,0.646215743723796,,,
0.0,0.0,0.45471228811083303,,,
1.0,1.0,0.7854336727672054,,,
1.0,1.0,0.5231905141604538,,,
1.0,1.0,0.567264415106051,,,
0.0,0.0,0.499185473380674,,,
1.0,1.0,0.678672259328604,,,
1.0,0.0,0.3570457422099768,,,
0.0,0.0,0.40162670844172293,,,
0.0,0.0,0.4011748446926875,,,
0.0,0.0,0.4651337064870411,,,
1.0,0.0,0.4928526855105672,,,
0.0,0.0,0.3968897757097991,,,
0.0,0.0,0.45839789354052213,,,
0.0,0.0,0.42960663055792236,,,
0.0,0.0,0.313644806821975,,,
0.0,0.0,0.3958423728605241,,,
1.0,1.0,0.6864503463753306,,,
0.0,0.0,0.42692670739371263,,,
0.0,0.0,0.4626405507543676,,,
0.0,0.0,0.47856006287565406,,,
0.0,0.0,0.4364452103614247,,,
1.0,1.0,0.5567147860106713,,,
1.0,1.0,0.6941146331685004,,,
0.0,0.0,0.36079770790401877,,,
0.0,0.0,0.3692312489123311,,,
1.0,0.0,0.4732895188077491,,,
1.0,0.0,0.42802512125190295,,,
0.0,1.0,0.5141285564142648,,,
0.0,1.0,0.5467303554162142,,,
1.0,0.0,0.445866655664869,,,
1.0,1.0,0.5265089918534689,,,
1.0,1.0,0.5651884892259402,,,
1.0,1.0,0.51307916982581,,,
0.0,0.0,0.4484520754552149,,,
1.0,1.0,0.6702390139653175,,,
1.0,0.0,0.39309853213292806,,,
0.0,0.0,0.3977414324506403,,,
1.0,0.0,0.40358405400694836,,,
1.0,0.0,0.4657004883140445,,,
1.0,1.0,0.6410824447838632,,,
0.0,0.0,0.4028141849788447,,,
0.0,0.0,0.408581578303129,,,
0.0,0.0,0.341217090168016,,,
0.0,0.0,0.4805300699037754,,,
0.0,0.0,0.47164144838729394,,,
1.0,0.0,0.38503944408999813,,,
0.0,0.0,0.32623361312813925,,,
1.0,1.0,0.5709525885632706,,,
1.0,0.0,0.45960944535354836,,,
1.0,0.0,0.4440065662796659,,,
1.0,1.0,0.662487859250721,,,
1.0,0.0,0.4885776481872478,,,
0.0,0.0,0.25660758913402704,,,
0.0,0.0,0.39055856550909146,,,
0.0,0.0,0.34165385668176357,,,
0.0,0.0,0.3650492804498742,,,
1.0,0.0,0.4785696076794951,,,
1.0,0.0,0.45664695050051,,,
0.0,1.0,0.5256708477154662,,,
1.0,1.0,0.6741688549570466,,,
1.0,1.0,0.6450963271415644,,,
0.0,0.0,0.41897844715210586,,,
0.0,1.0,0.5250179356670638,,,
0.0,0.0,0.4343032851415683,,,
0.0,0.0,0.42556353806755015,,,
1.0,0.0,0.42314517219060604,,,
1.0,0.0,0.43666716376620945,,,
0.0,0.0,0.4000799846475114,,,
0.0,0.0,0.41335670688116155,,,
0.0,0.0,0.41477670133548505,,,
1.0,1.0,0.6196955774625656,,,
0.0,0.0,0.4374603596383653,,,
1.0,1.0,0.691003652736868,,,
1.0,0.0,0.45889022083230485,,,
0.0,0.0,0.4993801313741445,,,
0.0,0.0,0.43561665264259997,,,
0.0,0.0,0.3687976231297868,,,
1.0,1.0,0.5564393536019975,,,
0.0,0.0,0.37131646204327123,,,
1.0,1.0,0.6125226305155509,,,
0.0,0.0,0.4355958180008335,,,
1.0,0.0,0.44428080170653794,,,
0.0,0.0,0.38647869145624475,,,
0.0,0.0,0.21499503419251792,,,
1.0,1.0,0.504801764617941,,,
1.0,0.0,0.4274963828756493,,,
1.0,1.0,0.6461498698579609,,,
1.0,1.0,0.6613128334224578,,,
1.0,1.0,0.7914931607749874,,,
0.0,0.0,0.41124156780030663,,,
1.0,1.0,0.5518072739700214,,,
0.0,0.0,0.39953482867582873,,,
1.0,1.0,0.5271202780628036,,,
0.0,0.0,0.39903805299684825,,,
0.0,0.0,0.40008559479684014,,,
0.0,0.0,0.4646464785621372,,,
1.0,0.0,0.4074491542793955,,,
1.0,0.0,0.421035781194477,,,
0.0,0.0,0.49246539481891544,,,
1.0,0.0,0.46697611658052346,,,
1.0,0.0,0.4945044905151827,,,
1.0,0.0,0.34459677234944786,,,
1.0,0.0,0.4706113292715298,,,
0.0,1.0,0.5096881401629555,,,
0.0,0.0,0.43107861936685876,,,
1.0,0.0,0.44828647133002764,,,
0.0,0.0,0.4458854302111465,,,
1.0,1.0,0.5642538561732895,,,
0.0,1.0,0.5211021657394616,,,
0.0,0.0,0.3848931256089558,,,
0.0,0.0,0.454363412584443,,,
1.0,0.0,0.44831277511206924,,,
1.0,1.0,0.6325040488631332,,,
1.0,0.0,0.4448724317871031,,,
1.0,1.0,0.5108307583910651,,,
1.0,1.0,0.5644830822313107,,,
1.0,1.0,0.6185150627283243,,,
0.0,0.0,0.3952847288890783,,,
0.0,0.0,0.4443014123045888,,,
1.0,0.0,0.4610885292056435,,,
1.0,1.0,0.5357939419022527,,,
1.0,1.0,0.599112645097132,,,
0.0,0.0,0.43654192176766315,,,
0.0,0.0,0.3916697348144455,,,
1.0,1.0,0.5257566912990752,,,
0.0,0.0,0.3765496625514274,,,
0.0,0.0,0.3580961667087097,,,
0.0,0.0,0.3995498164335046,,,
0.0,0.0,0.45482406632084665,,,
1.0,1.0,0.805591140588888,,,
0.0,1.0,0.608509484242014,,,
0.0,0.0,0.4991993968138879,,,
0.0,0.0,0.4437968983363559,,,
0.0,0.0,0.4594163165513051,,,
1.0,0.0,0.4173969841247957,,,
0.0,0.0,0.44280697311375966,,,
0.0,0.0,0.4404474228825195,,,
1.0,0.0,0.4520328130192787,,,
0.0,0.0,0.4147209204233763,,,
1.0,0.0,0.45036434682226145,,,
0.0,0.0,0.44882257222042576,,,
1.0,1.0,0.5608089336192562,,,
1.0,0.0,0.4651564683700755,,,
1.0,1.0,0.610463082983212,,,
0.0,0.0,0.3765063674362212,,,
0.0,0.0,0.4959434124487509,,,
1.0,1.0,0.6859229254020239,,,
0.0,0.0,0.3942623004001602,,,
0.0,0.0,0.361430515463303,,,
1.0,1.0,0.5856987111372981,,,
1.0,1.0,0.500323440664716,,,
0.0,0.0,0.4180506005039672,,,
1.0,1.0,0.7292038792904421,,,
1.0,0.0,0.45780292760216706,,,
1.0,1.0,0.7023580939542232,,,
0.0,0.0,0.37248311885382357,,,
0.0,0.0,0.49530608506219453,,,
0.0,0.0,0.49533893991857497,,,
1.0,1.0,0.7620732656269409,,,
1.0,0.0,0.45417725079173343,,,
1.0,1.0,0.5977791835168469,,,
0.0,0.0,0.39008698148808074,,,
1.0,1.0,0.53980492992522,,,
1.0,0.0,0.4089051278715458,,,
1.0,0.0,0.46487690702168993,,,
1.0,1.0,0.5251484926050384,,,
0.0,0.0,0.3912633812833354,,,
0.0,0.0,0.45060387019871784,,,
0.0,0.0,0.34745024081252573,,,
1.0,0.0,0.4899623063085005,,,
1.0,1.0,0.5178432586457169,,,
0.0,0.0,0.3650235934605186,,,
1.0,1.0,0.6136083091882109,,,
0.0,0.0,0.4341951031758822,,,
0.0,0.0,0.43700944071353315,,,
0.0,0.0,0.4558095163044722,,,
0.0,0.0,0.40626944988662694,,,
0.0,0.0,0.40632117654003225,,,
1.0,1.0,0.7177550529106637,,,
1.0,0.0,0.4408278425640375,,,
0.0,1.0,0.5295773884927801,,,
0.0,0.0,0.4163731753160135,,,
0.0,0.0,0.457209423435605,,,
1.0,1.0,0.5654864057672587,,,
0.0,0.0,0.3920327161113903,,,
1.0,1.0,0.6624385831589837,,,
0.0,0.0,0.4495679612340349,,,
0.0,0.0,0.40388690815299144,,,
1.0,1.0,0.5651429723108343,,,
1.0,0.0,0.49083595327966684,,,
0.0,0.0,0.3675787669253196,,,
1.0,0.0,0.48019129020115403,,,
1.0,1.0,0.6633049124333563,,,
0.0,0.0,0.32680248844811444,,,
0.0,0.0,0.37209998534267125,,,
1.0,0.0,0.4868423446555286,,,
0.0,0.0,0.49055415042852846,,,
1.0,1.0,0.7454629972518441,,,
1.0,1.0,0.5933910780027318,,,
0.0,1.0,0.6879304714221778,,,
1.0,0.0,0.4212247409593872,,,
0.0,1.0,0.5051250991514137,,,
1.0,0.0,0.3781839701768454,,,
0.0,0.0,0.46939456476035235,,,
1.0,0.0,0.45046320002571566,,,
1.0,0.0,0.4242190424751642,,,
1.0,1.0,0.8234651265963433,,,
0.0,0.0,0.4807595498813795,,,
1.0,0.0,0.38749647410661714,,,
0.0,1.0,0.62816541795239,,,
0.0,0.0,0.4375188499785171,,,
0.0,0.0,0.42713298252035115,,,
1.0,0.0,0.48723976480591824,,,
0.0,0.0,0.49884412228376523,,,
1.0,0.0,0.4723324673547209,,,
0.0,0.0,0.4402264472157226,,,
0.0,0.0,0.41408366784470313,,,
0.0,0.0,0.3660036170431067,,,
1.0,1.0,0.8208874767518751,,,
1.0,1.0,0.5347957526710849,,,
0.0,0.0,0.42348391366855614,,,
1.0,0.0,0.4577282364863485,,,
0.0,0.0,0.43778082345092656,,,
1.0,0.0,0.45742712231035665,,,
1.0,0.0,0.43760332423139875,,,
1.0,1.0,0.540030789088844,,,
0.0,0.0,0.35490107706298596,,,
0.0,0.0,0.3767112635294297,,,
0.0,0.0,0.3631600689226891,,,
1.0,0.0,0.4601077343211958,,,
1.0,1.0,0.648780504866256,,,
0.0,0.0,0.34586541126867526,,,
1.0,0.0,0.41758300409445215,,,
0.0,0.0,0.4323078396010726,,,
1.0,0.0,0.48999491784617166,,,
0.0,0.0,0.4567640781071723,,,
1.0,1.0,0.7269289895300738,,,
0.0,0.0,0.4079137968908514,,,
0.0,0.0,0.4657143883004706,,,
0.0,1.0,0.6128106737731787,,,
1.0,1.0,0.6821465881629387,,,
1.0,1.0,0.6521909697309832,,,
1.0,1.0,0.5969070821192283,,,
0.0,0.0,0.4482582925214677,,,
1.0,0.0,0.4835177193108331,,,
0.0,0.0,0.3563085274711972,,,
0.0,0.0,0.39726645675813455,,,
0.0,0.0,0.35121021003292335,,,
1.0,0.0,0.4646220054650108,,,
0.0,0.0,0.442669312853842,,,
1.0,1.0,0.6387368409671323,,,
0.0,0.0,0.3610728256229274,,,
1.0,0.0,0.49524703101592626,,,
0.0,0.0,0.4226141965577521,,,
1.0,1.0,0.5091110661235904,,,
0.0,0.0,0.436372528517616,,,
0.0,0.0,0.43421666558597066,,,
0.0,0.0,0.4828991352702162,,,
1.0,0.0,0.4731679637512207,,,
1.0,1.0,0.7127901379755017,,,
0.0,0.0,0.31421333932677714,,,
0.0,0.0,0.35261456896182786,,,
0.0,0.0,0.4692404833334794,,,
1.0,0.0,0.4664201348223527,,,
0.0,0.0,0.4939525415688013,,,
1.0,1.0,0.5235489314118414,,,
1.0,0.0,0.45771323620628734,,,
0.0,0.0,0.35646754521148816,,,
1.0,1.0,0.6509829339767053,,,
1.0,1.0,0.7551778435744934,,,
0.0,0.0,0.46262797269986117,,,
0.0,0.0,0.35284681850847854,,,
0.0,0.0,0.37224991985169176,,,
0.0,0.0,0.3669559326166884,,,
0.0,0.0,0.4647653224795649,,,
0.0,0.0,0.42454618947423634,,,
1.0,0.0,0.42042136243042394,,,
0.0,0.0,0.4557664694710567,,,
1.0,1.0,0.5584729116504021,,,
1.0,0.0,0.4244961873637439,,,
0.0,0.0,0.46086821405055006,,,
1.0,0.0,0.4114878192150285,,,
1.0,1.0,0.5616289136075016,,,
0.0,0.0,0.4157903203313635,,,
0.0,0.0,0.3304041105207519,,,
0.0,0.0,0.36404286193387264,,,
1.0,1.0,0.5706589950734275,,,
0.0,0.0,0.498986618875635,,,
1.0,1.0,0.5425228459898889,,,
1.0,1.0,0.6952957797779261,,,
1.0,1.0,0.6194978731519224,,,
1.0,1.0,0.6057057494698385,,,
1.0,1.0,0.5055399427634131,,,
1.0,1.0,0.5349776608797653,,,
0.0,0.0,0.4033595951639274,,,
0.0,0.0,0.46441046812415093,,,
0.0,1.0,0.526122844215937,,,
1.0,1.0,0.6784212001771047,,,
0.0,1.0,0.6930814429946567,,,
0.0,0.0,0.3784261676790534,,,
1.0,0.0,0.38480449446736537,,,
0.0,0.0,0.34191092763671055,,,
0.0,0.0,0.48658275670191814,,,
1.0,0.0,0.4150658283944118,,,
0.0,0.0,0.46736812821018886,,,
0.0,1.0,0.5841452586445499,,,
1.0,1.0,0.7803386944367987,,,
0.0,0.0,0.4317216082233642,,,
1.0,1.0,0.5822590069599092,,,
0.0,0.0,0.4891782307708892,,,
1.0,0.0,0.47630832780574517,,,
0.0,0.0,0.49242464350745996,,,
0.0,0.0,0.22361071201525046,,,
1.0,1.0,0.6018285004751073,,,
1.0,1.0,0.5101945274159619,,,
0.0,0.0,0.45961112965649503,,,
1.0,1.0,0.7607947398337493,,,
0.0,0.0,0.4312515164649,,,
1.0,1.0,0.6819371349453482,,,
0.0,0.0,0.4385183949540506,,,
0.0,0.0,0.35723925061982603,,,
1.0,0.0,0.4819280125141008,,,
1.0,0.0,0.4595108666630295,,,
1.0,1.0,0.6713875939057049,,,
0.0,1.0,0.5819207129399413,,,
0.0,0.0,0.410102353991531,,,
0.0,0.0,0.3523753063824729,,,
0.0,0.0,0.4906213389802598,,,
1.0,1.0,0.6636039505517086,,,
1.0,1.0,0.5725229039456747,,,
0.0,0.0,0.4127245347750457,,,
0.0,0.0,0.4512923334417627,,,
1.0,1.0,0.5954174667915538,,,
0.0,0.0,0.34873844852290015,,,
0.0,1.0,0.5560586885121809,,,
1.0,1.0,0.5641704344684058,,,
0.0,0.0,0.3688918404119375,,,
0.0,0.0,0.46369361265388875,,,
0.0,0.0,0.36313340383152054,,,
0.0,0.0,0.4162159814017977,,,
1.0,1.0,0.5699036025208853,,,
0.0,0.0,0.40078331202885104,,,
1.0,1.0,0.5948110161241137,,,
0.0,0.0,0.4255477903714793,,,
1.0,0.0,0.4286887990014661,,,
1.0,1.0,0.617403309650043,,,
0.0,0.0,0.36252175859009506,,,
0.0,0.0,0.3388639340390576,,,
0.0,0.0,0.3999129972270193,,,
1.0,1.0,0.5713994768755009,,,
0.0,0.0,0.47576460868347925,,,
1.0,0.0,0.37370760954458143,,,
0.0,0.0,0.4613702989700152,,,
1.0,1.0,0.508787242908333,,,
1.0,1.0,0.5133561805816982,,,
0.0,0.0,0.3939469989019999,,,
1.0,0.0,0.43338462984308607,,,
0.0,0.0,0.31448448839570753,,,
1.0,0.0,0.39637374067293996,,,
1.0,0.0,0.43467331786519364,,,
0.0,0.0,0.38739884971112765,,,
0.0,0.0,0.39941070733563483,,,
0.0,0.0,0.45829545022512946,,,
0.0,0.0,0.45358289824630044,,,
1.0,1.0,0.8318359137052147,,,
0.0,0.0,0.4688543563529152,,,
0.0,0.0,0.3717938781867737,,,
1.0,0.0,0.4492831649038574,,,
0.0,0.0,0.37417534019313364,,,
0.0,1.0,0.5786449481629651,,,
0.0,0.0,0.35087209043921586,,,
1.0,0.0,0.4616912256792379,,,
0.0,0.0,0.47982114556594696,,,
0.0,0.0,0.403354809124667,,,
0.0,0.0,0.3501819807784522,,,
0.0,0.0,0.39417015970292096,,,
0.0,1.0,0.5971579463815355,,,
0.0,0.0,0.41052235536072385,,,
1.0,0.0,0.32845658055537214,,,
0.0,0.0,0.42698881524264626,,,
1.0,1.0,0.5269048215023082,,,
1.0,0.0,0.29535644849970777,,,
1.0,1.0,0.648597302226006,,,
0.0,0.0,0.46895935232035435,,,
0.0,0.0,0.48820144451207514,,,
0.0,0.0,0.3405447573463205,,,
1.0,0.0,0.46904085017716435,,,
1.0,1.0,0.6618574801962478,,,
0.0,0.0,0.47410319920052524,,,
0.0,0.0,0.3938607982032571,,,
1.0,1.0,0.5813918851848018,,,
1.0,1.0,0.5860704459080963,,,
1.0,1.0,0.5681856376381319,,,
1.0,1.0,0.5895651299423338,,,
1.0,0.0,0.37176063602326775,,,
1.0,0.0,0.45825985087724824,,,
0.0,0.0,0.4692255675675288,,,
0.0,0.0,0.3977929328088137,,,
0.0,0.0,0.44968211465076896,,,
0.0,0.0,0.43164559588991214,,,
1.0,1.0,0.6208216803285944,,,
0.0,0.0,0.3787836369865345,,,
0.0,0.0,0.4651557075927197,,,
1.0,1.0,0.7938285369689483,,,
0.0,1.0,0.5694356147566713,,,
0.0,0.0,0.32311296877909,,,
0.0,0.0,0.3944098831341341,,,
0.0,0.0,0.3867276415318037,,,
1.0,0.0,0.4512529227049477,,,
0.0,0.0,0.4123854502888003,,,
1.0,0.0,0.41570988964562006,,,
0.0,0.0,0.42299434237577377,,,
1.0,1.0,0.5352136053949518,,,
0.0,0.0,0.4150550297259983,,,
1.0,1.0,0.718969977521807,,,
1.0,1.0,0.5324099969570725,,,
0.0,0.0,0.4165847955533001,,,
0.0,0.0,0.4980159101419805,,,
0.0,0.0,0.4124782677275329,,,
0.0,0.0,0.36672901320929346,,,
1.0,1.0,0.5446240363139174,,,
0.0,0.0,0.40391731174223927,,,
1.0,1.0,0.7986344785986808,,,
1.0,0.0,0.4520119254946486,,,
1.0,1.0,0.5578136349037527,,,
1.0,0.0,0.35789076765357736,,,
1.0,1.0,0.5038858593377835,,,
1.0,0.0,0.37491787404266874,,,
0.0,0.0,0.3063289337373109,,,
0.0,0.0,0.35739368620095063,,,
0.0,0.0,0.40329394358910786,,,
1.0,1.0,0.5261757342405855,,,
0.0,0.0,0.3287990713475141,,,
1.0,1.0,0.5866576039981708,,,
0.0,0.0,0.3953030866305794,,,
0.0,0.0,0.3435662659780759,,,
1.0,0.0,0.4592729355919368,,,
0.0,0.0,0.33531208456467115,,,
1.0,1.0,0.5658300411610252,,,
1.0,0.0,0.4356230486658012,,,
0.0,0.0,0.48940632153918845,,,
0.0,0.0,0.3587534904422047,,,
0.0,0.0,0.4309041430680347,,,
0.0,0.0,0.39902741916655005,,,
1.0,1.0,0.5588927991783205,,,
0.0,0.0,0.3693313763953384,,,
1.0,1.0,0.5233479676294752,,,
0.0,0.0,0.46705639221496237,,,
1.0,1.0,0.661839196651135,,,
0.0,0.0,0.4182650312078685,,,
0.0,0.0,0.4333260922947059,,,
1.0,0.0,0.43872102392165924,,,
1.0,0.0,0.4379130545740054,,,
0.0,0.0,0.4010326346821617,,,
0.0,0.0,0.37232110218288617,,,
1.0,0.0,0.3933227436529448,,,
0.0,0.0,0.3749639482699492,,,
1.0,1.0,0.6775539221683892,,,
0.0,0.0,0.3920907361100342,,,
1.0,1.0,0.5498548983760886,,,
1.0,1.0,0.5905619690375593,,,
1.0,1.0,0.5110374264753249,,,
1.0,1.0,0.7930874197606358,,,
0.0,0.0,0.4531661560364002,,,
0.0,0.0,0.428496413408362,,,
0.0,1.0,0.5028786080406397,,,
0.0,0.0,0.4220396510529251,,,
0.0,0.0,0.3611215302088375,,,
1.0,1.0,0.54329680920665,,,
0.0,0.0,0.3867579324421376,,,
0.0,0.0,0.3444733478421386,,,
1.0,1.0,0.8003855781319168,,,
0.0,0.0,0.484894658613114,,,
0.0,0.0,0.44165848206573166,,,
1.0,1.0,0.5978629655856368,,,
0.0,0.0,0.36482819819464973,,,
1.0,1.0,0.6462094914607167,,,
1.0,0.0,0.4777282694699292,,,
1.0,1.0,0.7131396594065771,,,
1.0,1.0,0.7445986876761298,,,
0.0,0.0,0.22361071201525046,,,
0.0,0.0,0.3253760669734011,,,
0.0,0.0,0.37788044441203555,,,
0.0,0.0,0.44452835154619913,,,
1.0,0.0,0.42204636038775273,,,
1.0,1.0,0.5679831594830873,,,
0.0,0.0,0.2923074253471525,,,
1.0,1.0,0.5619299178266205,,,
1.0,1.0,0.532523110263276,,,
0.0,1.0,0.5066928227928976,,,
0.0,0.0,0.3521023415072948,,,
0.0,1.0,0.5121360825731744,,,
0.0,0.0,0.42874693159799887,,,
0.0,0.0,0.36206647053830054,,,
1.0,1.0,0.531885861539272,,,
0.0,1.0,0.502777170793413,,,
0.0,0.0,0.41320572309081205,,,
1.0,1.0,0.6633626998127569,,,
0.0,0.0,0.43791730743610846,,,
0.0,1.0,0.5703895315832931,,,
0.0,0.0,0.39736419779922,,,
0.0,0.0,0.39591784726642876,,,
1.0,1.0,0.6144530820852125,,,
1.0,1.0,0.5036626089189856,,,
1.0,0.0,0.3788253473508187,,,
0.0,0.0,0.39374728235961076,,,
1.0,1.0,0.7558812858144146,,,
1.0,0.0,0.47931471213415194,,,
0.0,0.0,0.3440370791806598,,,
1.0,0.0,0.45446580749058607,,,
0.0,0.0,0.44803669275591923,,,
0.0,0.0,0.3995525957409848,,,
0.0,1.0,0.5566539489171323,,,
1.0,1.0,0.6179524175149346,,,
1.0,1.0,0.5084971219762908,,,
1.0,1.0,0.5525455404997792,,,
0.0,0.0,0.3334520540333853,,,
1.0,0.0,0.39291205850894717,,,
0.0,0.0,0.3439130012356152,,,
1.0,0.0,0.4335966903537111,,,
1.0,1.0,0.5722367511087333,,,
0.0,0.0,0.40287384296130146,,,
0.0,0.0,0.45343844323133337,,,
0.0,0.0,0.4290088944510912,,,
0.0,0.0,0.40455834114570194,,,
1.0,1.0,0.5432569143676588,,,
0.0,0.0,0.38732505936337713,,,
1.0,1.0,0.5252112577382011,,,
0.0,0.0,0.41112472600993755,,,
0.0,0.0,0.3004915216175384,,,
1.0,1.0,0.724559413533757,,,
1.0,1.0,0.6953706914030698,,,
0.0,0.0,0.4925659795061701,,,
1.0,1.0,0.5440096454316798,,,
1.0,1.0,0.522558987441867,,,
1.0,0.0,0.4656040268979851,,,
0.0,0.0,0.4048032029566967,,,
1.0,1.0,0.7730536214751542,,,
0.0,0.0,0.37217505461590633,,,
0.0,0.0,0.3356912505276143,,,
0.0,0.0,0.4967542509097219,,,
0.0,1.0,0.5257708629733878,,,
0.0,0.0,0.3856174503401772,,,
1.0,0.0,0.48346772739705646,,,
1.0,1.0,0.6739407378681748,,,
0.0,1.0,0.5136031084476753,,,
1.0,1.0,0.5658494953162544,,,
1.0,0.0,0.46464640534568147,,,
1.0,1.0,0.5216863745820932,,,
1.0,0.0,0.4585889253374731,,,
1.0,1.0,0.5434339236938467,,,
1.0,0.0,0.40045975550990004,,,
1.0,1.0,0.6248540829400815,,,
0.0,0.0,0.4946872024373571,,,
0.0,0.0,0.43977663907257963,,,
1.0,0.0,0.49775937479035925,,,
1.0,1.0,0.5459835371395615,,,
0.0,1.0,0.509773328836307,,,
1.0,0.0,0.4659909594601003,,,
1.0,1.0,0.5189277976767576,,,
0.0,0.0,0.4029355829490944,,,
0.0,0.0,0.4174360870351975,,,
0.0,0.0,0.46100615525543187,,,
1.0,1.0,0.6689012981438175,,,
1.0,1.0,0.6533427684831867,,,
0.0,0.0,0.3798941089214157,,,
1.0,1.0,0.7537694047855223,,,
0.0,0.0,0.4409818881329827,,,
1.0,0.0,0.4949082766965054,,,
0.0,0.0,0.3822175377644454,,,
1.0,1.0,0.7283123238574775,,,
1.0,1.0,0.5061002256128545,,,
0.0,0.0,0.3983677436476886,,,
1.0,1.0,0.6813478214326654,,,
0.0,0.0,0.46884642122775244,,,
0.0,0.0,0.4161631630794473,,,
0.0,0.0,0.46783320249868005,,,
1.0,1.0,0.5033826445832058,,,
1.0,1.0,0.521421011987324,,,
1.0,1.0,0.5353735420676465,,,
1.0,0.0,0.43058424016833236,,,
1.0,0.0,0.4416319851672879,,,
1.0,1.0,0.5773986921406828,,,
1.0,0.0,0.4298199149136243,,,
1.0,1.0,0.6567801708995699,,,
0.0,0.0,0.4959799790588168,,,
1.0,1.0,0.6236770591127888,,,
1.0,1.0,0.6711261064750165,,,
0.0,0.0,0.464616754460877,,,
1.0,1.0,0.5921037738779398,,,
0.0,1.0,0.5730447918099264,,,
0.0,0.0,0.3842501864645383,,,
1.0,0.0,0.4149342606603628,,,
0.0,0.0,0.4385792355480759,,,
0.0,0.0,0.41623269731967955,,,
0.0,0.0,0.38899635794737525,,,
0.0,1.0,0.5253995211930845,,,
1.0,1.0,0.533529215717515,,,
0.0,0.0,0.29681229326567665,,,
1.0,1.0,0.5884631581015338,,,
1.0,1.0,0.7898674458869509,,,
0.0,0.0,0.3717924296487135,,,
1.0,1.0,0.5294906366740134,,,
1.0,1.0,0.6002857300325058,,,
0.0,0.0,0.4356918855461388,,,
1.0,1.0,0.5268770001562273,,,
0.0,0.0,0.37439231033450887,,,
0.0,0.0,0.38803328142299126,,,
1.0,0.0,0.46796438976883276,,,
1.0,0.0,0.47936030455839945,,,
0.0,0.0,0.3797941595168407,,,
1.0,1.0,0.724559413533757,,,
0.0,0.0,0.3304177429844513,,,
0.0,1.0,0.5226771080549538,,,
1.0,1.0,0.6005832812899121,,,
0.0,0.0,0.35584925315539234,,,
0.0,0.0,0.340489967242823,,,
0.0,0.0,0.44106702189241404,,,
1.0,0.0,0.4776232153538885,,,
1.0,1.0,0.6556073971962844,,,
0.0,0.0,0.4349183564827721,,,
1.0,0.0,0.44882455678062405,,,
1.0,1.0,0.7577532195778591,,,
0.0,0.0,0.43715807584663785,,,
0.0,0.0,0.41004896440128946,,,
1.0,1.0,0.5374699023301839,,,
1.0,0.0,0.4671584164040302,,,
1.0,1.0,0.5602933449767225,,,
0.0,1.0,0.5862315461062554,,,
0.0,0.0,0.31860087593151487,,,
0.0,0.0,0.38644819981718226,,,
1.0,1.0,0.5301788959250754,,,
0.0,0.0,0.4515051643999322,,,
0.0,0.0,0.39573846053123946,,,
0.0,0.0,0.4588763183988142,,,
1.0,0.0,0.419922395602731,,,
1.0,1.0,0.5268354991362849,,,
1.0,0.0,0.4703946483896633,,,
1.0,1.0,0.6498719066129871,,,
0.0,0.0,0.3984415889259564,,,
0.0,0.0,0.36483482032365583,,,
0.0,0.0,0.43602956772840995,,,
0.0,0.0,0.4618086176082518,,,
0.0,0.0,0.44668599037374723,,,
0.0,0.0,0.412971494792551,,,
0.0,0.0,0.4079786135394146,,,
0.0,0.0,0.4160849985016431,,,
0.0,1.0,0.5115500160501474,,,
0.0,0.0,0.37643494143172346,,,
0.0,0.0,0.36303498250385896,,,
1.0,1.0,0.5108892140081989,,,
0.0,1.0,0.5158569348427534,,,
1.0,0.0,0.41964900345032835,,,
1.0,0.0,0.4604982155767508,,,
1.0,1.0,0.5623549789216087,,,
1.0,1.0,0.6115308562091136,,,
0.0,0.0,0.35532323136524635,,,
1.0,0.0,0.3883895800958005,,,
0.0,0.0,0.3789361452863037,,,
0.0,0.0,0.4350756593519819,,,
0.0,0.0,0.4291720359294813,,,
0.0,0.0,0.4663946741753932,,,
0.0,0.0,0.4183339576530443,,,
1.0,1.0,0.511617162360388,,,
1.0,1.0,0.5319139198361438,,,
0.0,0.0,0.41216101215161494,,,
0.0,0.0,0.3918673047129937,,,
0.0,0.0,0.3696077767663005,,,
0.0,0.0,0.22361071201525046,,,
0.0,1.0,0.5097808815561349,,,
0.0,1.0,0.6057109066631126,,,
1.0,1.0,0.5318776756594704,,,
0.0,0.0,0.4468273953274369,,,
0.0,0.0,0.4068679385845458,,,
1.0,1.0,0.5087343564369983,,,
1.0,0.0,0.4444227061132156,,,
1.0,0.0,0.4207922191231853,,,
0.0,0.0,0.4209800026430909,,,
0.0,0.0,0.4638635998425846,,,
0.0,0.0,0.3976550346454014,,,
1.0,1.0,0.5933910780027318,,,
1.0,1.0,0.513409004272409,,,
1.0,0.0,0.4029895625692604,,,
1.0,1.0,0.693706504212789,,,
0.0,0.0,0.40022040148894583,,,
1.0,1.0,0.5478811376768123,,,
1.0,0.0,0.43562179560852593,,,
0.0,0.0,0.4774850507621978,,,
1.0,1.0,0.5832059443160087,,,
0.0,0.0,0.42741473260033624,,,
0.0,0.0,0.3897599215612319,,,
0.0,1.0,0.5005838094513476,,,
0.0,0.0,0.34564887370175584,,,
0.0,0.0,0.46137003774212837,,,
1.0,0.0,0.4640984737268303,,,
0.0,0.0,0.3062619291672008,,,
0.0,0.0,0.4090360385718262,,,
1.0,1.0,0.7062560819833329,,,
0.0,0.0,0.35067907121176906,,,
1.0,0.0,0.48711312640507864,,,
1.0,1.0,0.6679900052909148,,,
0.0,0.0,0.38719165259882526,,,
1.0,0.0,0.48914244469525964,,,
1.0,1.0,0.5438116397104442,,,
1.0,0.0,0.41526669684667267,,,
0.0,0.0,0.37854317950162336,,,
0.0,0.0,0.4767216772344483,,,
0.0,0.0,0.35911940468120346,,,
1.0,1.0,0.779069688628095,,,
0.0,0.0,0.473641361572056,,,
1.0,1.0,0.5784444607546964,,,
1.0,1.0,0.5153078857722075,,,
1.0,0.0,0.4652473895245833,,,
1.0,1.0,0.691819473731349,,,
1.0,1.0,0.7941533800210299,,,
1.0,1.0,0.5904447716334043,,,
1.0,0.0,0.4591613420956627,,,
0.0,0.0,0.39924716473367244,,,
0.0,0.0,0.4604180559493913,,,
0.0,0.0,0.34672651170952085,,,
1.0,1.0,0.7441270857238951,,,
0.0,0.0,0.48405897768493306,,,
0.0,0.0,0.3982915523784349,,,
0.0,0.0,0.4047116483976139,,,
0.0,0.0,0.38614830124512334,,,
0.0,0.0,0.377464224350505,,,
1.0,0.0,0.4792629010082981,,,
1.0,0.0,0.40151286577067297,,,
0.0,0.0,0.44918806138138895,,,
0.0,0.0,0.35769921164062307,,,
1.0,0.0,0.4932278424889473,,,
1.0,1.0,0.6592827115029236,,,
0.0,1.0,0.526122844215937,,,
0.0,0.0,0.37027378761482826,,,
1.0,1.0,0.5291775554502529,,,
0.0,0.0,0.442313696784277,,,
0.0,0.0,0.35869616843403973,,,
0.0,0.0,0.2992671806436332,,,
0.0,0.0,0.3883641075311188,,,
0.0,0.0,0.4758927733015017,,,
1.0,0.0,0.3911186990903034,,,
0.0,0.0,0.4226141965577521,,,
1.0,1.0,0.7131396594065771,,,
1.0,1.0,0.55270148570665,,,
0.0,1.0,0.5300554895522177,,,
0.0,0.0,0.4176547065701152,,,
1.0,1.0,0.6234876112240793,,,
0.0,0.0,0.32369991688210253,,,
1.0,1.0,0.5474763026393268,,,
1.0,0.0,0.46006842677397314,,,
1.0,1.0,0.8419687083729006,,,
1.0,0.0,0.45175977537996626,,,
1.0,0.0,0.46823390409684823,,,
1.0,1.0,0.6684721233497372,,,
1.0,0.0,0.43560100426157056,,,
1.0,1.0,0.7052138471882727,,,
0.0,1.0,0.5875853814531555,,,
1.0,0.0,0.35314442615639735,,,
1.0,1.0,0.7957245013252242,,,
1.0,0.0,0.3919475892331758,,,
0.0,0.0,0.41734519836264966,,,
1.0,0.0,0.4648261743185465,,,
0.0,0.0,0.3997096546290234,,,
0.0,1.0,0.5418028608814922,,,
1.0,1.0,0.6485248948301067,,,
1.0,0.0,0.46127223330070566,,,
1.0,0.0,0.44166265916511166,,,
1.0,1.0,0.7489254932967977,,,
0.0,0.0,0.4377081977166671,,,
0.0,0.0,0.37721405647574746,,,
1.0,1.0,0.7466929846844518,,,
1.0,1.0,0.7119449531045392,,,
0.0,0.0,0.38480449446736537,,,
1.0,1.0,0.7174952741928416,,,
0.0,1.0,0.5064450971893805,,,
1.0,0.0,0.3997411707740046,,,
1.0,1.0,0.7059257510682229,,,
0.0,0.0,0.40644918872701835,,,
0.0,0.0,0.45565373754353417,,,
1.0,1.0,0.7382076623139312,,,
1.0,0.0,0.40323782129029606,,,
0.0,0.0,0.32620569437224706,,,
1.0,1.0,0.5919857978675072,,,
1.0,1.0,0.5055424730019636,,,
0.0,0.0,0.4452921528573769,,,
1.0,1.0,0.5251177198995397,,,
1.0,1.0,0.5585206879951067,,,
1.0,1.0,0.7161353098045299,,,
0.0,0.0,0.4275485470431318,,,
0.0,0.0,0.3579173683242823,,,
0.0,0.0,0.32369991688210253,,,
0.0,0.0,0.3348842524938893,,,
0.0,0.0,0.39107153217329654,,,
0.0,1.0,0.5416608876507478,,,
0.0,0.0,0.4922264644579751,,,
0.0,0.0,0.38286786282019997,,,
0.0,0.0,0.47497900733324677,,,
1.0,1.0,0.6323660259002116,,,
0.0,0.0,0.38930488148791914,,,
1.0,0.0,0.3869261198409065,,,
1.0,1.0,0.6014077133539852,,,
1.0,1.0,0.5556226069624083,,,
0.0,0.0,0.43050942012150034,,,
0.0,0.0,0.45510953293392825,,,
0.0,0.0,0.42959937476133775,,,
1.0,1.0,0.5015850155342363,,,
0.0,0.0,0.3544151644064434,,,
1.0,0.0,0.4769399936767354,,,
0.0,0.0,0.34067562225262343,,,
1.0,1.0,0.5031895004506791,,,
1.0,0.0,0.4952708805191996,,,
1.0,0.0,0.4581440700616008,,,
0.0,0.0,0.474957182171012,,,
0.0,0.0,0.4006080929104539,,,
1.0,1.0,0.7443081646488047,,,
0.0,0.0,0.4584312630455713,,,
1.0,0.0,0.4387460942812836,,,
1.0,1.0,0.6911563713281672,,,
1.0,0.0,0.44645228354354966,,,
0.0,0.0,0.4208880723927188,,,
0.0,0.0,0.3824313498949344,,,
1.0,0.0,0.4409042157941256,,,
1.0,1.0,0.6686441815264038,,,
0.0,0.0,0.4014666578762234,,,
0.0,0.0,0.4247882882637172,,,
0.0,0.0,0.44333628680532394,,,
1.0,1.0,0.5235851702745725,,,
0.0,0.0,0.2539569637991261,,,
1.0,1.0,0.5762995913919373,,,
0.0,0.0,0.32887341075351356,,,
0.0,0.0,0.4625046871374849,,,
0.0,0.0,0.42384901238182626,,,
0.0,0.0,0.3946895438853394,,,
0.0,0.0,0.39427805859637205,,,
1.0,0.0,0.4621805785207083,,,
1.0,1.0,0.7467191489963304,,,
1.0,0.0,0.4155752934059109,,,
1.0,0.0,0.4394797920132665,,,
0.0,0.0,0.44333972335505567,,,
0.0,0.0,0.4530161480311634,,,
1.0,0.0,0.44814557407818056,,,
1.0,1.0,0.6636206474588141,,,
0.0,1.0,0.5069257639594184,,,
1.0,0.0,0.4576278492651377,,,
0.0,0.0,0.46292226111074036,,,
1.0,1.0,0.5401154928923689,,,
0.0,0.0,0.3197955189596906,,,
0.0,0.0,0.4206217834654149,,,
1.0,1.0,0.6929175341396507,,,
0.0,0.0,0.4256865339519607,,,
0.0,1.0,0.5274179165288957,,,
1.0,1.0,0.5733975604428686,,,
0.0,0.0,0.4820512809058058,,,
0.0,0.0,0.3849649991520467,,,
0.0,0.0,0.42284279850091094,,,
0.0,1.0,0.5020439294331727,,,
1.0,1.0,0.6770257493154409,,,
1.0,1.0,0.5000435161788828,,,
0.0,0.0,0.40505921106679305,,,
0.0,0.0,0.48097394486335543,,,
1.0,0.0,0.41751071149282776,,,
1.0,1.0,0.5441550028130651,,,
0.0,0.0,0.32590081632000184,,,
0.0,0.0,0.37910136949394474,,,
0.0,0.0,0.47635690604012615,,,
1.0,1.0,0.6622532229247307,,,
0.0,0.0,0.4314332644096987,,,
0.0,1.0,0.5147054683737933,,,
1.0,1.0,0.676048813517015,,,
1.0,0.0,0.45751500488613733,,,
0.0,1.0,0.5044478888683581,,,
1.0,0.0,0.4691340519674806,,,
0.0,0.0,0.36801539018185336,,,
1.0,0.0,0.4334261237984859,,,
0.0,0.0,0.4482990808853134,,,
1.0,1.0,0.5173337940242467,,,
1.0,1.0,0.7537548649774799,,,
0.0,0.0,0.37527027382273104,,,
0.0,0.0,0.3582679615872452,,,
0.0,0.0,0.39522161573109055,,,
0.0,1.0,0.5071446218910137,,,
0.0,0.0,0.35630637228560863,,,
0.0,0.0,0.4557387541559385,,,
0.0,0.0,0.3433302597818993,,,
0.0,0.0,0.37917087798071886,,,
0.0,0.0,0.3930550700982336,,,
0.0,0.0,0.45451738458637464,,,
1.0,1.0,0.592500677457956,,,
1.0,0.0,0.4734889914282306,,,
1.0,1.0,0.5478614394888158,,,
1.0,0.0,0.469663419691762,,,
0.0,0.0,0.46186540168843765,,,
0.0,0.0,0.4897485430948323,,,
0.0,0.0,0.4005350869397767,,,
0.0,0.0,0.4681594291917997,,,
1.0,1.0,0.5726019617472197,,,
1.0,1.0,0.5282562022740778,,,
1.0,1.0,0.7662514712540437,,,
1.0,0.0,0.44376428066994233,,,
0.0,0.0,0.4879619154484203,,,
1.0,1.0,0.6228774265471095,,,
1.0,0.0,0.408226537676728,,,
0.0,0.0,0.3089482369822251,,,
0.0,1.0,0.5050445183911377,,,
0.0,0.0,0.2995045319164492,,,
0.0,1.0,0.5576632018292904,,,
1.0,1.0,0.7277299627521757,,,
1.0,0.0,0.460852771968385,,,
1.0,0.0,0.4830095150211406,,,
0.0,0.0,0.38520213527883157,,,
1.0,0.0,0.4575297455000115,,,
0.0,0.0,0.45503485846969427,,,
1.0,0.0,0.45494273470686925,,,
0.0,0.0,0.38765470193884927,,,
0.0,1.0,0.5217078867789969,,,
1.0,1.0,0.5185229325469648,,,
0.0,0.0,0.3888106773344802,,,
0.0,0.0,0.40523671816589196,,,
1.0,1.0,0.5837056134141628,,,
0.0,0.0,0.38025727150549166,,,
1.0,0.0,0.41846615567784673,,,
0.0,0.0,0.4922575590057019,,,
0.0,0.0,0.49587869146642455,,,
1.0,1.0,0.5714707049374734,,,
1.0,0.0,0.48602614902055025,,,
1.0,1.0,0.5596740694955039,,,
1.0,0.0,0.3833944982393895,,,
0.0,0.0,0.4560439610007596,,,
1.0,1.0,0.7635519527237737,,,
0.0,0.0,0.40334629052102056,,,
0.0,0.0,0.43115817260241623,,,
1.0,1.0,0.5470009048818196,,,
1.0,0.0,0.40749833076779757,,,
0.0,0.0,0.3747021565209424,,,
1.0,0.0,0.42391313583930923,,,
1.0,0.0,0.435561831253567,,,
1.0,1.0,0.522842228632681,,,
1.0,0.0,0.4889724356129476,,,
1.0,1.0,0.5346545575582276,,,
0.0,0.0,0.39273420847729384,,,
0.0,0.0,0.4662085119836872,,,
0.0,0.0,0.448611377844374,,,
0.0,0.0,0.34028818131842997,,,
0.0,0.0,0.3980345174740301,,,
0.0,0.0,0.47066218880222355,,,
1.0,1.0,0.5400690386147016,,,
0.0,0.0,0.2995851153542853,,,
1.0,0.0,0.40003435152305766,,,
1.0,1.0,0.5966857001940787,,,
1.0,1.0,0.6305745588521333,,,
1.0,0.0,0.4706113292715298,,,
0.0,0.0,0.44854730310595387,,,
1.0,1.0,0.6513312765764843,,,
0.0,0.0,0.4903971840823727,,,
1.0,1.0,0.7313991506647143,,,
0.0,0.0,0.32311296877909,,,
1.0,1.0,0.5050503335352793,,,
1.0,1.0,0.6528592909441054,,,
0.0,0.0,0.48047663629922266,,,
1.0,1.0,0.5703997993126908,,,
1.0,1.0,0.5884545831674757,,,
1.0,0.0,0.4500485565141268,,,
0.0,0.0,0.3433371290485835,,,
0.0,0.0,0.3907966966200243,,,
1.0,1.0,0.5114644040133429,,,
1.0,0.0,0.449556099254313,,,
1.0,1.0,0.5159979492367985,,,
0.0,0.0,0.37067749294960084,,,
1.0,1.0,0.6979456378185037,,,
0.0,0.0,0.37164179748886395,,,
0.0,0.0,0.4597865831946837,,,
0.0,0.0,0.4712770803195812,,,
0.0,0.0,0.48881547197354963,,,
0.0,0.0,0.35634137352981937,,,
0.0,0.0,0.423338866461228,,,
0.0,0.0,0.3542274836729992,,,
0.0,0.0,0.4386130951882526,,,
0.0,0.0,0.4469775965172065,,,
1.0,0.0,0.43234565654876045,,,
0.0,0.0,0.42222630390039756,,,
0.0,0.0,0.42176370716466033,,,
0.0,0.0,0.4636407563629278,,,
0.0,0.0,0.41190129913409534,,,
0.0,0.0,0.3718145758296542,,,
1.0,0.0,0.39079127286541077,,,
0.0,0.0,0.4392178220461064,,,
1.0,0.0,0.4658132848189002,,,
1.0,1.0,0.5586045528171458,,,
1.0,1.0,0.5406244048735163,,,
0.0,1.0,0.5866675888707967,,,
0.0,0.0,0.46220321186402435,,,
0.0,1.0,0.7098395147601476,,,
0.0,1.0,0.5758572311834452,,,
1.0,0.0,0.4846630070831315,,,
0.0,0.0,0.4107635559377897,,,
0.0,0.0,0.3458963688636509,,,
1.0,0.0,0.4331050015813783,,,
1.0,0.0,0.35635674414814206,,,
1.0,1.0,0.7799126544430255,,,
0.0,0.0,0.37165992098699624,,,
1.0,0.0,0.4659787045074976,,,
0.0,0.0,0.3980480305585674,,,
1.0,1.0,0.5642156960303277,,,
0.0,0.0,0.4372090609714195,,,
0.0,0.0,0.3156042734008145,,,
0.0,0.0,0.4068015516235033,,,
1.0,1.0,0.6891147186330093,,,
0.0,0.0,0.3255765574513997,,,
0.0,0.0,0.3424300192427969,,,
1.0,1.0,0.6109034953488249,,,
0.0,0.0,0.4984804200558852,,,
0.0,0.0,0.37784746852805906,,,
1.0,1.0,0.5970399290945944,,,
1.0,0.0,0.4911134972581479,,,
0.0,0.0,0.42956531231528544,,,
1.0,0.0,0.39212386198455546,,,
1.0,1.0,0.6493277966696823,,,
1.0,1.0,0.7262362071877747,,,
1.0,0.0,0.436439402818968,,,
1.0,0.0,0.3951000977901343,,,
0.0,0.0,0.3956778204371198,,,
0.0,0.0,0.4577071395197024,,,
0.0,0.0,0.43399467793229635,,,
1.0,0.0,0.40954930920500815,,,
0.0,0.0,0.38906352881213935,,,
1.0,1.0,0.5556177818919381,,,
0.0,0.0,0.416230294473922,,,
0.0,0.0,0.3616759474103399,,,
1.0,1.0,0.5735304181088857,,,
1.0,0.0,0.43649539527140785,,,
0.0,0.0,0.4266023828577201,,,
0.0,0.0,0.37250897809805184,,,
1.0,1.0,0.6113741382600122,,,
0.0,0.0,0.32259968513406845,,,
0.0,0.0,0.41964900345032835,,,
1.0,1.0,0.7606623038688775,,,
1.0,1.0,0.8096485101350016,,,
1.0,1.0,0.6462396102936734,,,
0.0,0.0,0.40392374611706955,,,
1.0,1.0,0.5893664219086632,,,
1.0,1.0,0.5140729967025545,,,
1.0,1.0,0.6083661496135448,,,
1.0,1.0,0.7571056717821248,,,
1.0,1.0,0.6389244119339633,,,
1.0,0.0,0.426120769078142,,,
1.0,0.0,0.4711667196501541,,,
1.0,1.0,0.5973920014333393,,,
1.0,1.0,0.6794131435304949,,,
1.0,0.0,0.3756824671052452,,,
1.0,1.0,0.5955333827704211,,,
0.0,0.0,0.4339434178706682,,,
0.0,0.0,0.49061036176299727,,,
1.0,1.0,0.8212784612488817,,,
0.0,0.0,0.45735404758501397,,,
0.0,0.0,0.27665870458535863,,,
1.0,1.0,0.6246637193377118,,,
1.0,1.0,0.6334181909370984,,,
0.0,1.0,0.5538880729482996,,,
0.0,1.0,0.5593743488611747,,,
1.0,0.0,0.48938068967019915,,,
1.0,1.0,0.627186584054464,,,
0.0,1.0,0.6443320621304142,,,
1.0,1.0,0.5333863953655369,,,
1.0,1.0,0.6461910928795969,,,
0.0,0.0,0.22361071201525046,,,
0.0,0.0,0.3504521543457369,,,
1.0,1.0,0.8212784612488817,,,
0.0,1.0,0.5808828050474208,,,
1.0,1.0,0.5108401816040007,,,
1.0,0.0,0.4556135824903307,,,
1.0,0.0,0.4167733779630094,,,
1.0,0.0,0.42984978469438806,,,
0.0,0.0,0.4783350381283613,,,
0.0,0.0,0.36970937969257145,,,
0.0,0.0,0.353900380654422,,,
1.0,1.0,0.5356089206119705,,,
1.0,0.0,0.44743224248200536,,,
0.0,0.0,0.36519981197009405,,,
1.0,1.0,0.519264647286963,,,
1.0,1.0,0.663436618465461,,,
0.0,0.0,0.4144801171254319,,,
0.0,0.0,0.37183362617636634,,,
1.0,1.0,0.6808209942970012,,,
1.0,0.0,0.4978619816568581,,,
1.0,0.0,0.49794857323334585,,,
0.0,0.0,0.4082294868637096,,,
1.0,0.0,0.3482823777442516,,,
0.0,0.0,0.41240088988538176,,,
0.0,0.0,0.3820646907829487,,,
0.0,0.0,0.4012007017981361,,,
0.0,0.0,0.44353824587605467,,,
1.0,1.0,0.5694984921819416,,,
0.0,0.0,0.36304032028479244,,,
0.0,0.0,0.3692312489123311,,,
1.0,0.0,0.41989136744087124,,,
1.0,1.0,0.577222534046084,,,
0.0,0.0,0.44690047192143595,,,
1.0,0.0,0.4252603918003437,,,
1.0,0.0,0.45084173809535216,,,
1.0,0.0,0.4378961375935904,,,
1.0,0.0,0.45762558474355747,,,
0.0,0.0,0.4726607391326403,,,
0.0,1.0,0.6232152848162261,,,
1.0,1.0,0.7654520482603168,,,
1.0,1.0,0.7149718193173726,,,
1.0,0.0,0.47040807989968975,,,
1.0,1.0,0.5954130683570771,,,
1.0,1.0,0.5204609148211056,,,
1.0,1.0,0.6777261973938876,,,
0.0,0.0,0.49657728851277433,,,
0.0,0.0,0.47923585610755587,,,
0.0,0.0,0.4542113079421482,,,
0.0,1.0,0.5026844606232658,,,
1.0,0.0,0.47745606175436156,,,
0.0,0.0,0.3746182120337056,,,
0.0,0.0,0.28116188661017694,,,
0.0,0.0,0.46298818437388706,,,
1.0,0.0,0.4578556612992764,,,
1.0,0.0,0.4979420656750847,,,
0.0,0.0,0.36709103866237525,,,
0.0,1.0,0.5026652309343815,,,
1.0,0.0,0.47104483870948255,,,
0.0,1.0,0.5037145311887435,,,
0.0,1.0,0.5169920921095,,,
1.0,1.0,0.6527150055433691,,,
0.0,0.0,0.4403135671564218,,,
0.0,0.0,0.43853422305840867,,,
0.0,0.0,0.4597083817700524,,,
0.0,0.0,0.3457763838900505,,,
0.0,0.0,0.35716030802584614,,,
0.0,0.0,0.4496140478197351,,,
1.0,1.0,0.5070389005493005,,,
0.0,1.0,0.5211601945838599,,,
0.0,0.0,0.3685752920370251,,,
0.0,0.0,0.4768886756107575,,,
1.0,0.0,0.45078258102667323,,,
1.0,1.0,0.5516511478105723,,,
0.0,0.0,0.44453312763732933,,,
1.0,0.0,0.4373424316832277,,,
0.0,0.0,0.48995652762344133,,,
0.0,0.0,0.3947221252892991,,,
0.0,0.0,0.3096122420448677,,,
0.0,1.0,0.5187375760888057,,,
1.0,1.0,0.5210228437990393,,,
1.0,1.0,0.5421091573558989,,,
0.0,0.0,0.45175977537996626,,,
0.0,0.0,0.4299483713521771,,,
0.0,0.0,0.4637070301709586,,,
1.0,1.0,0.5336851055973503,,,
0.0,0.0,0.45466945005818543,,,
1.0,0.0,0.49375270053648523,,,
1.0,1.0,0.5139027582129577,,,
1.0,1.0,0.6189925438651461,,,
1.0,1.0,0.8064504003537744,,,
0.0,0.0,0.4865943872334982,,,
0.0,0.0,0.34505706061608066,,,
1.0,0.0,0.4762234649206863,,,
0.0,0.0,0.4685363643681831,,,
0.0,0.0,0.3258609398120342,,,
1.0,1.0,0.5853469272098766,,,
0.0,0.0,0.3809597581687501,,,
1.0,1.0,0.7373943650481332,,,
0.0,0.0,0.4122929345509406,,,
0.0,0.0,0.3289622462193297,,,
0.0,1.0,0.5474736973986113,,,
1.0,1.0,0.5214495031931015,,,
1.0,1.0,0.5559842711289487,,,
1.0,0.0,0.44248110419391845,,,
0.0,0.0,0.3898406443505139,,,
0.0,0.0,0.4280047673053482,,,
1.0,1.0,0.6890552528267386,,,
0.0,0.0,0.420376366715016,,,
0.0,0.0,0.424062925610085,,,
1.0,0.0,0.31179825530010186,,,
0.0,0.0,0.4114445489426271,,,
1.0,1.0,0.5194223671057593,,,
0.0,0.0,0.39956299733899536,,,
1.0,1.0,0.5156230988778449,,,
1.0,0.0,0.3844129946227193,,,
1.0,0.0,0.48784469719497026,,,
1.0,0.0,0.4353121706518344,,,
0.0,0.0,0.3723876540541669,,,
0.0,0.0,0.35893569772157563,,,
0.0,1.0,0.5152251680939383,,,
0.0,0.0,0.4780539074012447,,,
1.0,1.0,0.5513981356652711,,,
1.0,1.0,0.5391855992761035,,,
0.0,0.0,0.3960210076351051,,,
0.0,0.0,0.30936771541274843,,,
1.0,0.0,0.4811305765685087,,,
1.0,1.0,0.5909630135551769,,,
1.0,1.0,0.5343529422270408,,,
0.0,0.0,0.43157145240949796,,,
0.0,0.0,0.470809737016562,,,
0.0,0.0,0.3900978321063382,,,
1.0,0.0,0.4799103274334126,,,
0.0,0.0,0.34880754978591044,,,
1.0,1.0,0.6162461707039869,,,
0.0,0.0,0.36956157164036657,,,
1.0,0.0,0.46943615704692093,,,
0.0,0.0,0.33536331083552445,,,
0.0,1.0,0.5899306830588377,,,
1.0,0.0,0.4018149165185891,,,
0.0,0.0,0.467647365728464,,,
0.0,1.0,0.508773605013832,,,
0.0,0.0,0.3602301515323387,,,
1.0,0.0,0.4742226162160841,,,
0.0,0.0,0.40103686803515787,,,
1.0,0.0,0.42414160277337437,,,
0.0,0.0,0.4354433599702205,,,
1.0,0.0,0.459784710113832,,,
1.0,0.0,0.407023412997383,,,
0.0,0.0,0.43851336188358314,,,
1.0,0.0,0.45417842866869224,,,
0.0,0.0,0.3400062593974181,,,
0.0,0.0,0.40243992338332063,,,
0.0,0.0,0.36916094000329885,,,
0.0,0.0,0.413945817437342,,,
1.0,1.0,0.6509159050076059,,,
1.0,1.0,0.6284304438727623,,,
0.0,0.0,0.33354420600292073,,,
1.0,1.0,0.6659539705089467,,,
1.0,0.0,0.4244228203564784,,,
1.0,0.0,0.4641385949056982,,,
0.0,0.0,0.21973724144811788,,,
0.0,0.0,0.37855254077227496,,,
0.0,0.0,0.4574688065740593,,,
0.0,0.0,0.33247541484734827,,,
0.0,0.0,0.48984066614096816,,,
0.0,0.0,0.4037664821460545,,,
0.0,0.0,0.36870370092835775,,,
1.0,1.0,0.6445167564804897,,,
0.0,0.0,0.49496539715629495,,,
1.0,1.0,0.6644751614320344,,,
0.0,1.0,0.5136446099337556,,,
0.0,0.0,0.43557966187625125,,,
1.0,1.0,0.7292038792904421,,,
1.0,0.0,0.42248717195140956,,,
0.0,0.0,0.31694921844289975,,,
1.0,0.0,0.4004919384857448,,,
0.0,0.0,0.3961715107673202,,,
0.0,0.0,0.3264082849381058,,,
0.0,0.0,0.3858337160856472,,,
1.0,1.0,0.6820677201756135,,,
0.0,0.0,0.48507788168072474,,,
0.0,0.0,0.4091625890964693,,,
0.0,0.0,0.47491498592705944,,,
0.0,0.0,0.492469323110378,,,
1.0,1.0,0.5104520113732698,,,
0.0,0.0,0.3434705250166794,,,
1.0,1.0,0.5489761232934413,,,
0.0,0.0,0.4318259657184126,,,
0.0,0.0,0.4157247317068685,,,
0.0,0.0,0.41675684033442534,,,
0.0,0.0,0.41867720150949334,,,
1.0,1.0,0.6028190336474247,,,
1.0,1.0,0.5057739607045927,,,
1.0,0.0,0.4971109512227252,,,
0.0,1.0,0.5244256608775822,,,
0.0,0.0,0.4624231168084364,,,
1.0,1.0,0.5499148942966775,,,
0.0,0.0,0.44348103181739107,,,
1.0,1.0,0.5698101402816611,,,
0.0,0.0,0.37107778639029554,,,
1.0,1.0,0.6236759256560083,,,
1.0,1.0,0.6025212738609359,,,
1.0,1.0,0.5720435763216584,,,
1.0,0.0,0.45726237043710966,,,
1.0,1.0,0.5853619781288515,,,
1.0,1.0,0.5220547778261397,,,
1.0,0.0,0.4852450989716179,,,
0.0,0.0,0.3453277144770146,,,
0.0,0.0,0.4009741316008436,,,
0.0,0.0,0.4640627147577495,,,
0.0,0.0,0.3009696166896741,,,
0.0,0.0,0.4160599761644367,,,
0.0,0.0,0.43368450966157795,,,
1.0,0.0,0.4676695197006287,,,
1.0,1.0,0.5523726614141465,,,
1.0,1.0,0.5784316653786643,,,
0.0,0.0,0.37165309116456324,,,
0.0,0.0,0.34590835946880916,,,
0.0,0.0,0.2809667216588949,,,
0.0,0.0,0.462859546815351,,,
1.0,1.0,0.5017558284323028,,,
1.0,0.0,0.42459032908880906,,,
0.0,1.0,0.502820245321577,,,
0.0,0.0,0.37777711115644225,,,
1.0,0.0,0.42899651882565976,,,
1.0,1.0,0.6483457880402115,,,
0.0,0.0,0.3959531845752572,,,
0.0,1.0,0.5173382428126208,,,
0.0,0.0,0.42311772758776833,,,
1.0,0.0,0.403065384304819,,,
1.0,1.0,0.5162500054957695,,,
0.0,0.0,0.3149589459038754,,,
0.0,0.0,0.4110975348163769,,,
1.0,0.0,0.49446265525720484,,,
0.0,0.0,0.3360309916502377,,,
1.0,0.0,0.4546411721623408,,,
0.0,0.0,0.41094110171159876,,,
0.0,0.0,0.40755457626901154,,,
1.0,1.0,0.5123161226107272,,,
0.0,0.0,0.37340214792165155,,,
0.0,0.0,0.38886070898101677,,,
0.0,0.0,0.4920535939687916,,,
0.0,0.0,0.4807743215892483,,,
1.0,1.0,0.6539629651712359,,,
1.0,1.0,0.7681729040564823,,,
1.0,0.0,0.478577361005945,,,
0.0,0.0,0.4734527759382958,,,
1.0,0.0,0.4575464658371941,,,
1.0,1.0,0.5478546441339915,,,
1.0,1.0,0.511459589629347,,,
0.0,0.0,0.3866775098117647,,,
0.0,0.0,0.373639520666803,,,
0.0,0.0,0.39087249901517723,,,
0.0,0.0,0.4263780634567189,,,
0.0,0.0,0.34842542495304907,,,
0.0,0.0,0.3946646351324637,,,
1.0,0.0,0.4130081318150883,,,
1.0,0.0,0.47896084334433675,,,
0.0,0.0,0.38732505936337713,,,
0.0,0.0,0.47873678979820744,,,
0.0,0.0,0.4392178220461064,,,
1.0,1.0,0.6194354760649868,,,
1.0,1.0,0.6495902205216421,,,
1.0,1.0,0.5278870104791562,,,
1.0,1.0,0.6613681129733985,,,
1.0,1.0,0.779069688628095,,,
0.0,0.0,0.41044116653423485,,,
1.0,1.0,0.5017463669252672,,,
0.0,0.0,0.42642146880929793,,,
0.0,0.0,0.47334075125142894,,,
0.0,0.0,0.40664669328064335,,,
1.0,1.0,0.5306309584485132,,,
1.0,1.0,0.5012508275624725,,,
0.0,0.0,0.4246398400796561,,,
1.0,1.0,0.5809422404375524,,,
1.0,1.0,0.6009133215619417,,,
1.0,1.0,0.5296829069710004,,,
1.0,1.0,0.7582886625226488,,,
0.0,0.0,0.39170501483077313,,,
1.0,1.0,0.5660202551602698,,,
1.0,0.0,0.4712623412319985,,,
0.0,0.0,0.3922873360614132,,,
0.0,0.0,0.44566130426119605,,,
1.0,1.0,0.5136907723828202,,,
1.0,1.0,0.6705236601747901,,,
1.0,1.0,0.5034981112364236,,,
1.0,0.0,0.43882645362586153,,,
0.0,0.0,0.36535541075854877,,,
1.0,1.0,0.5767219038480291,,,
0.0,1.0,0.5120506343428158,,,
0.0,0.0,0.3945117913687801,,,
1.0,0.0,0.33742287888283296,,,
1.0,1.0,0.647653916770786,,,
0.0,0.0,0.39425959398056,,,
0.0,0.0,0.40700533637173014,,,
0.0,0.0,0.3338250781954099,,,
0.0,0.0,0.39685751338253666,,,
1.0,1.0,0.5268491653947903,,,
0.0,0.0,0.41381244165898096,,,
0.0,0.0,0.4393871660156985,,,
0.0,0.0,0.3419442032907382,,,
1.0,0.0,0.4229912565045268,,,
0.0,0.0,0.3548970565345807,,,
0.0,0.0,0.44174979860301106,,,
1.0,1.0,0.5183833880791819,,,
0.0,0.0,0.4891782307708892,,,
1.0,0.0,0.46224284039204905,,,
1.0,1.0,0.5908720237759201,,,
1.0,0.0,0.4487919784679388,,,
0.0,0.0,0.4210290877275166,,,
0.0,0.0,0.35016223338005,,,
0.0,0.0,0.40611456937528867,,,
1.0,1.0,0.5896108441382689,,,
1.0,1.0,0.5370200200081876,,,
0.0,0.0,0.4896255701644631,,,
1.0,0.0,0.4323602693671346,,,
0.0,0.0,0.3971439742957381,,,
0.0,0.0,0.3888475854333571,,,
1.0,0.0,0.4896676092058835,,,
0.0,0.0,0.4293193874346027,,,
1.0,1.0,0.5265255849005077,,,
0.0,0.0,0.4601599232301995,,,
1.0,0.0,0.46236071720208805,,,
1.0,1.0,0.6008778975020618,,,
0.0,0.0,0.45660617782678675,,,
0.0,0.0,0.45697004527163404,,,
1.0,1.0,0.8208874767518751,,,
0.0,0.0,0.38380708946101305,,,
0.0,0.0,0.38658898420005283,,,
0.0,0.0,0.3468790853970143,,,
1.0,1.0,0.7124754023218384,,,
1.0,1.0,0.6711788051665679,,,
0.0,0.0,0.3073103106029858,,,
1.0,0.0,0.3573148142304947,,,
1.0,1.0,0.5806604549300215,,,
0.0,0.0,0.3463896938130745,,,
0.0,0.0,0.3959801212099121,,,
0.0,0.0,0.42649071699632446,,,
0.0,0.0,0.42495281780879246,,,
1.0,1.0,0.6486395800837801,,,
1.0,0.0,0.4628123718062764,,,
1.0,0.0,0.3877647475595742,,,
0.0,0.0,0.42579300827951977,,,
1.0,0.0,0.40880116529738686,,,
1.0,0.0,0.39220916385113425,,,
0.0,0.0,0.49362798228937277,,,
1.0,1.0,0.7507349975032551,,,
1.0,1.0,0.6486237635614792,,,
1.0,1.0,0.5101945274159619,,,
1.0,1.0,0.5763195867182335,,,
1.0,1.0,0.7856709196631974,,,
1.0,1.0,0.5916315746346908,,,
0.0,0.0,0.48492178981306183,,,
1.0,1.0,0.5130844656681688,,,
0.0,0.0,0.28074454550698963,,,
1.0,1.0,0.5950519391248899,,,
0.0,0.0,0.2900185027389288,,,
1.0,1.0,0.6162417947575592,,,
0.0,0.0,0.47330569520031784,,,
0.0,1.0,0.558078494997521,,,
1.0,0.0,0.3871685432025598,,,
0.0,0.0,0.4678080480242004,,,
1.0,1.0,0.5097761108119653,,,
1.0,1.0,0.5562632678127845,,,
1.0,0.0,0.4975107915553908,,,
0.0,0.0,0.42694723426834275,,,
0.0,0.0,0.42917421952869844,,,
1.0,0.0,0.4625523317668534,,,
0.0,0.0,0.4623852850157796,,,
1.0,0.0,0.43907098224679003,,,
1.0,1.0,0.571551830376456,,,
0.0,0.0,0.46106723151564594,,,
1.0,1.0,0.7392674679962536,,,
0.0,0.0,0.3955536067732942,,,
1.0,0.0,0.4668595969387785,,,
0.0,0.0,0.43478790653991134,,,
0.0,0.0,0.44531603787508,,,
0.0,1.0,0.5679328527053542,,,
0.0,0.0,0.389434188630542,,,
0.0,0.0,0.41367049409453255,,,
0.0,0.0,0.4733323718491097,,,
0.0,0.0,0.41761412648460505,,,
1.0,0.0,0.492469323110378,,,
1.0,0.0,0.4337167454312932,,,
0.0,0.0,0.4707820158409092,,,
0.0,1.0,0.5469560667670118,,,
1.0,0.0,0.49477575260730283,,,
1.0,0.0,0.48773335010637403,,,
0.0,0.0,0.4292113608449482,,,
1.0,1.0,0.5610996324820332,,,
0.0,0.0,0.4141059736286211,,,
1.0,0.0,0.3781602090077232,,,
0.0,0.0,0.33921410992255363,,,
1.0,0.0,0.4644337804919505,,,
1.0,1.0,0.5153184747995785,,,
1.0,0.0,0.41077338764420396,,,
1.0,1.0,0.7672161073655211,,,
0.0,0.0,0.4128308599699819,,,
1.0,0.0,0.4323140157233525,,,
1.0,1.0,0.6231741569545981,,,
1.0,1.0,0.5707639569532031,,,
0.0,0.0,0.4019458319812916,,,
0.0,0.0,0.33576359260836947,,,
0.0,0.0,0.4260541106152779,,,
1.0,1.0,0.6360163630943425,,,
1.0,1.0,0.5422521720171966,,,
0.0,0.0,0.3941216722965759,,,
0.0,0.0,0.39772579781883594,,,
0.0,0.0,0.4689206233402232,,,
1.0,1.0,0.640518811230143,,,
0.0,0.0,0.4169321559456223,,,
1.0,1.0,0.5057566001468939,,,
0.0,0.0,0.3604433696639271,,,
1.0,1.0,0.66179695617636,,,
0.0,0.0,0.4943651083686336,,,
0.0,0.0,0.450193515934039,,,
1.0,0.0,0.49853881337333783,,,
1.0,0.0,0.39242446114269597,,,
0.0,0.0,0.3442279289043033,,,
1.0,1.0,0.6289809327597972,,,
1.0,1.0,0.5218152872111723,,,
1.0,1.0,0.5287809358634922,,,
1.0,1.0,0.6012695377721832,,,
1.0,0.0,0.32845658055537214,,,
1.0,0.0,0.41339007194025634,,,
1.0,1.0,0.5560158641138934,,,
0.0,0.0,0.4104855896517269,,,
0.0,1.0,0.506504261044182,,,
0.0,0.0,0.461667569621254,,,
1.0,1.0,0.5184680570384852,,,
1.0,0.0,0.49641278558197827,,,
0.0,0.0,0.4730262115014548,,,
1.0,0.0,0.4345309234077191,,,
0.0,0.0,0.4083759296888077,,,
1.0,1.0,0.6683361345952472,,,
0.0,0.0,0.36132571932521895,,,
1.0,0.0,0.4979408700204379,,,
1.0,0.0,0.46078377012803895,,,
0.0,0.0,0.4521796035803977,,,
0.0,0.0,0.29624610707862287,,,
1.0,1.0,0.5915028536006735,,,
1.0,1.0,0.5962567790146464,,,
0.0,0.0,0.4301440622698128,,,
0.0,0.0,0.3907101326201343,,,
1.0,1.0,0.6927491784494942,,,
1.0,1.0,0.5509344141017637,,,
1.0,1.0,0.7438436320169431,,,
0.0,1.0,0.5380282850301187,,,
1.0,1.0,0.5730380571309471,,,
1.0,1.0,0.6204723416584903,,,
0.0,0.0,0.3973673786149306,,,
0.0,0.0,0.34020985825324374,,,
0.0,0.0,0.4572395015569925,,,
1.0,0.0,0.3959070011014521,,,
1.0,0.0,0.41291490731925473,,,
1.0,1.0,0.5706193356791075,,,
1.0,1.0,0.6458166869114409,,,
0.0,0.0,0.4027205785756914,,,
0.0,0.0,0.460139422076772,,,
0.0,0.0,0.39033926940665326,,,
0.0,0.0,0.40160706838249194,,,
1.0,1.0,0.5076683339823861,,,
1.0,1.0,0.5086102195721095,,,
1.0,0.0,0.471888391388876,,,
1.0,0.0,0.4573957905413985,,,
1.0,0.0,0.46023737875949533,,,
0.0,0.0,0.38429092981780055,,,
1.0,0.0,0.42551460934784435,,,
1.0,1.0,0.730945037527174,,,
1.0,0.0,0.49987081430563274,,,
0.0,0.0,0.3856354123143025,,,
1.0,1.0,0.5681894583827705,,,
0.0,0.0,0.4150644403262731,,,
1.0,1.0,0.5666268667831056,,,
1.0,1.0,0.5342792995959151,,,
0.0,0.0,0.45911252562805244,,,
1.0,0.0,0.4392178220461064,,,
0.0,0.0,0.48735488185339276,,,
1.0,0.0,0.4441696146599634,,,
1.0,1.0,0.5813741135076598,,,
0.0,0.0,0.45923049551941475,,,
0.0,0.0,0.34029390158873424,,,
0.0,0.0,0.4965829535756574,,,
0.0,0.0,0.454643091443943,,,
0.0,0.0,0.3929746392906515,,,
0.0,0.0,0.38783448072540133,,,
0.0,0.0,0.4821809653866565,,,
1.0,1.0,0.6831824152307406,,,
0.0,0.0,0.3988042371102692,,,
1.0,1.0,0.5194525001801941,,,
1.0,1.0,0.7617612011486282,,,
1.0,0.0,0.45690364079997037,,,
0.0,0.0,0.39565547022848285,,,
1.0,1.0,0.6636039505517086,,,
0.0,1.0,0.5110541155972902,,,
0.0,0.0,0.4887892542106693,,,
1.0,0.0,0.40764435989483044,,,
1.0,0.0,0.35631435229734804,,,
1.0,1.0,0.5733589502857122,,,
0.0,0.0,0.36450702123642237,,,
1.0,0.0,0.37256317437133774,,,
0.0,0.0,0.39860335981705486,,,
1.0,0.0,0.4643324206734991,,,
1.0,1.0,0.6428499191223166,,,
0.0,0.0,0.4615918915391424,,,
1.0,1.0,0.5587800047649745,,,
1.0,0.0,0.48783136007923084,,,
1.0,1.0,0.5017821632163566,,,
1.0,1.0,0.6310364867828567,,,
0.0,0.0,0.3475654687435001,,,
1.0,1.0,0.5322045704281528,,,
0.0,0.0,0.39789169579204126,,,
0.0,0.0,0.39929783216060283,,,
0.0,0.0,0.4115475139266862,,,
0.0,1.0,0.5156494063483852,,,
1.0,1.0,0.5466026592232198,,,
0.0,0.0,0.37589118338406663,,,
0.0,0.0,0.21973724144811788,,,
1.0,1.0,0.6277493168785763,,,
1.0,1.0,0.8081842916964737,,,
1.0,1.0,0.5715394917269577,,,
1.0,1.0,0.5660150320009827,,,
0.0,0.0,0.37273416844791235,,,
0.0,0.0,0.37720031189223935,,,
1.0,1.0,0.5308059191384955,,,
0.0,0.0,0.4037228365887972,,,
0.0,0.0,0.34672651170952085,,,
1.0,1.0,0.5074298883843946,,,
1.0,1.0,0.5663360824503041,,,
1.0,0.0,0.37361724648767747,,,
1.0,1.0,0.5209942177393158,,,
0.0,0.0,0.36481390777730444,,,
0.0,0.0,0.3705608395654834,,,
0.0,0.0,0.34837779720976764,,,
0.0,1.0,0.5106825817007105,,,
1.0,1.0,0.5429072235639314,,,
0.0,0.0,0.4315491826380125,,,
1.0,0.0,0.3676990828751529,,,
1.0,1.0,0.6897860316934451,,,
0.0,0.0,0.43003869141816936,,,
0.0,0.0,0.30549424193880537,,,
1.0,0.0,0.41780296665500577,,,
1.0,0.0,0.45735822323763264,,,
1.0,0.0,0.4899099227964045,,,
1.0,0.0,0.4437568600383601,,,
1.0,0.0,0.42943747561353984,,,
0.0,0.0,0.3962829606498844,,,
1.0,1.0,0.5822590069599092,,,
1.0,1.0,0.6853857845664688,,,
1.0,1.0,0.7625055199111818,,,
1.0,0.0,0.48786431386634255,,,
1.0,1.0,0.5037877000442367,,,
1.0,1.0,0.7012105116316402,,,
1.0,1.0,0.6860761881073605,,,
0.0,0.0,0.2868192503690011,,,
1.0,0.0,0.48466020620625766,,,
1.0,1.0,0.6848939964543612,,,
0.0,0.0,0.43115817260241623,,,
0.0,0.0,0.32199460042261374,,,
0.0,0.0,0.4845689887134937,,,
0.0,0.0,0.44371811147663426,,,
0.0,0.0,0.3914881505276189,,,
0.0,0.0,0.3965906793439276,,,
1.0,0.0,0.4417062493974116,,,
1.0,1.0,0.7047925637278616,,,
1.0,1.0,0.5130026522766044,,,
0.0,0.0,0.37727271429076065,,,
0.0,0.0,0.4950670248665367,,,
1.0,1.0,0.611816314163253,,,
0.0,1.0,0.5907622082593723,,,
1.0,1.0,0.6082450487294833,,,
0.0,0.0,0.3289436817369178,,,
1.0,0.0,0.4459084997043814,,,
0.0,0.0,0.3734627126922279,,,
1.0,1.0,0.5296254940702723,,,
0.0,1.0,0.5239729555919671,,,
1.0,0.0,0.36718782407340256,,,
0.0,0.0,0.4667035848605894,,,
1.0,1.0,0.7099410069466845,,,
0.0,0.0,0.39867052991358937,,,
1.0,1.0,0.6684721233497372,,,
0.0,0.0,0.4184636431709121,,,
1.0,0.0,0.48193160856297673,,,
1.0,1.0,0.6486754233878927,,,
1.0,1.0,0.7782053473911252,,,
1.0,1.0,0.6241386355714772,,,
0.0,0.0,0.38579775061028165,,,
0.0,0.0,0.39809075163241164,,,
1.0,0.0,0.4474947639437432,,,
0.0,0.0,0.42170236012919615,,,
0.0,1.0,0.5070432032945662,,,
0.0,0.0,0.46033954314041664,,,
1.0,1.0,0.6406936412632686,,,
1.0,1.0,0.5793399177331583,,,
0.0,0.0,0.3941631577287315,,,
0.0,0.0,0.3911509083146602,,,
0.0,1.0,0.500985464272236,,,
1.0,0.0,0.4657433199682437,,,
1.0,1.0,0.5895937829127148,,,
0.0,0.0,0.4160118234300129,,,
1.0,1.0,0.5381272121831563,,,
0.0,0.0,0.3983845331602763,,,
1.0,0.0,0.33569806717366796,,,
0.0,0.0,0.3797894167789378,,,
1.0,1.0,0.5936662487943248,,,
0.0,0.0,0.4656436407952292,,,
0.0,1.0,0.5013269744584493,,,
0.0,0.0,0.3758240971658912,,,
1.0,0.0,0.49906886942502715,,,
0.0,0.0,0.38136075184502727,,,
0.0,0.0,0.41051424577209167,,,
0.0,0.0,0.42304913045726994,,,
1.0,1.0,0.717944335039636,,,
0.0,0.0,0.4102567862727465,,,
0.0,0.0,0.41315813924944006,,,
1.0,0.0,0.3821521316761271,,,
0.0,0.0,0.4066107814685925,,,
0.0,0.0,0.3521235327718856,,,
1.0,1.0,0.5419984242748697,,,
1.0,0.0,0.4829964992284815,,,
0.0,1.0,0.5019665180560843,,,
0.0,0.0,0.3654828689765226,,,
1.0,1.0,0.5044146519815222,,,
0.0,0.0,0.3929443656413784,,,
0.0,0.0,0.43849438908230587,,,
1.0,1.0,0.5471645120484869,,,
1.0,1.0,0.5643356999085446,,,
0.0,0.0,0.41359580748841845,,,
1.0,1.0,0.5631551314802637,,,
1.0,0.0,0.46218791322874314,,,
1.0,1.0,0.5654577385046515,,,
0.0,0.0,0.36083735563759256,,,
0.0,0.0,0.49723826615785266,,,
0.0,0.0,0.40232769583505706,,,
1.0,0.0,0.465398536863528,,,
1.0,0.0,0.47406003956476245,,,
0.0,0.0,0.40297244825344797,,,
0.0,0.0,0.44406485616846425,,,
0.0,0.0,0.4659271418754415,,,
1.0,1.0,0.6400891345033434,,,
1.0,1.0,0.5093961939339194,,,
0.0,0.0,0.4023892529069725,,,
0.0,0.0,0.4904872205396538,,,
1.0,0.0,0.4285157424402186,,,
1.0,1.0,0.666746066532017,,,
1.0,0.0,0.45853639468402646,,,
1.0,1.0,0.5484505772028372,,,
0.0,0.0,0.4206927819123007,,,
0.0,1.0,0.5028247600524516,,,
1.0,1.0,0.5309258437923018,,,
1.0,1.0,0.769370799088199,,,
1.0,0.0,0.48999958166384605,,,
0.0,0.0,0.48024158747193874,,,
1.0,0.0,0.486869665885621,,,
1.0,1.0,0.5729437620709571,,,
0.0,0.0,0.4357272729164659,,,
0.0,0.0,0.4371119436063321,,,
1.0,0.0,0.48760131343539215,,,
0.0,0.0,0.3903180869068645,,,
1.0,1.0,0.6740247195037131,,,
0.0,0.0,0.38475027928593053,,,
1.0,1.0,0.6166200940169339,,,
1.0,1.0,0.6035284937435155,,,
0.0,0.0,0.4982177087337388,,,
0.0,0.0,0.49252700461557536,,,
1.0,1.0,0.5001060966939045,,,
0.0,0.0,0.3200803276699784,,,
1.0,1.0,0.8378450921341327,,,
1.0,1.0,0.8355653483400352,,,
0.0,0.0,0.3931308389334827,,,
0.0,0.0,0.4143385997614204,,,
0.0,0.0,0.45913394625085774,,,
0.0,1.0,0.6337522430059164,,,
0.0,0.0,0.45284244675366414,,,
0.0,0.0,0.39357537999631964,,,
0.0,0.0,0.34245470256534705,,,
0.0,0.0,0.42482336100564694,,,
0.0,0.0,0.44076199446292763,,,
1.0,1.0,0.8411385755322719,,,
0.0,0.0,0.33656276912971844,,,
0.0,0.0,0.3290777340169967,,,
0.0,0.0,0.40205262296836464,,,
0.0,0.0,0.38176963245361484,,,
0.0,1.0,0.5300964079683939,,,
1.0,0.0,0.4464562534463322,,,
0.0,0.0,0.38088862825250264,,,
0.0,0.0,0.3989822170791195,,,
0.0,0.0,0.4355428792607687,,,
1.0,1.0,0.7094540246996903,,,
0.0,0.0,0.4252770642877088,,,
1.0,1.0,0.5730447918099264,,,
0.0,0.0,0.40319784853232665,,,
1.0,1.0,0.5007206098483923,,,
1.0,1.0,0.8133968518773069,,,
1.0,1.0,0.5101488514677028,,,
1.0,0.0,0.4635843743670394,,,
0.0,0.0,0.41610821238175255,,,
1.0,0.0,0.44396046764897096,,,
1.0,1.0,0.5201497461683384,,,
0.0,0.0,0.3803779794421783,,,
0.0,0.0,0.3600806489614106,,,
1.0,0.0,0.4458444131331059,,,
1.0,0.0,0.4351638484010278,,,
0.0,0.0,0.32976970967653,,,
1.0,0.0,0.4943858484130747,,,
1.0,0.0,0.37336209733648246,,,
0.0,0.0,0.4405279076810311,,,
1.0,1.0,0.5470326312849986,,,
0.0,0.0,0.3542727409446701,,,
1.0,1.0,0.6639420379760108,,,
0.0,0.0,0.44074955814648686,,,
0.0,0.0,0.29942792140482793,,,
0.0,0.0,0.4508804937301022,,,
1.0,1.0,0.6228814378663063,,,
0.0,0.0,0.42939889677372123,,,
1.0,1.0,0.7874572078172305,,,
0.0,0.0,0.3714462284357287,,,
0.0,0.0,0.3998831305216614,,,
0.0,0.0,0.3299178088142179,,,
0.0,0.0,0.43587284137870563,,,
0.0,0.0,0.41243111585487296,,,
0.0,0.0,0.48094047688448455,,,
0.0,0.0,0.4442752667948346,,,
0.0,0.0,0.36488405345746944,,,
1.0,0.0,0.4310794860912,,,
1.0,1.0,0.6493663103422355,,,
1.0,1.0,0.5020398861886533,,,
0.0,0.0,0.45736304087807866,,,
0.0,0.0,0.43538476856146396,,,
0.0,0.0,0.34883054720919215,,,
1.0,1.0,0.5349281832189956,,,
0.0,0.0,0.35692062309799083,,,
1.0,0.0,0.4601509003782496,,,
0.0,0.0,0.3852204972529701,,,
1.0,1.0,0.5130844656681688,,,
1.0,1.0,0.7119896657408809,,,
0.0,0.0,0.30038744766717596,,,
0.0,0.0,0.4133842241469059,,,
1.0,0.0,0.43895672458287804,,,
0.0,1.0,0.5425103547170107,,,
1.0,1.0,0.6349747946908054,,,
0.0,0.0,0.4388601612455743,,,
0.0,0.0,0.39305247302939433,,,
0.0,0.0,0.4837605705727056,,,
1.0,1.0,0.5024610148279688,,,
0.0,0.0,0.3562459978357079,,,
0.0,0.0,0.40690140344453923,,,
0.0,0.0,0.47284104279805866,,,
1.0,0.0,0.4962631358082508,,,
0.0,1.0,0.5219962345838035,,,
0.0,0.0,0.40634724237134573,,,
0.0,0.0,0.3468267099424151,,,
1.0,0.0,0.39739838900425145,,,
0.0,0.0,0.32796996020775604,,,
1.0,1.0,0.5661963201005831,,,
1.0,0.0,0.42764926371383516,,,
0.0,0.0,0.42578196298661924,,,
1.0,1.0,0.5177512318467173,,,
0.0,0.0,0.3596976799173166,,,
0.0,1.0,0.5337556042636064,,,
1.0,1.0,0.6389303924584618,,,
1.0,0.0,0.4713762674692738,,,
0.0,0.0,0.36636682352349276,,,
0.0,0.0,0.4076961900777614,,,
0.0,0.0,0.43441054779575533,,,
1.0,1.0,0.5436277916861052,,,
0.0,0.0,0.4094551976046493,,,
1.0,1.0,0.5185978688930272,,,
0.0,0.0,0.4587383429408353,,,
0.0,0.0,0.4307536633619913,,,
1.0,1.0,0.630630021718701,,,
0.0,0.0,0.4508163921020395,,,
0.0,0.0,0.3857221074465174,,,
0.0,1.0,0.5417366345564639,,,
1.0,1.0,0.6666060348738669,,,
0.0,0.0,0.4202969457359031,,,
1.0,1.0,0.7049767625539393,,,
0.0,0.0,0.48237225007890633,,,
0.0,0.0,0.3813449116598485,,,
0.0,0.0,0.40677511147844275,,,
1.0,1.0,0.5790638455922251,,,
1.0,0.0,0.4282430853989263,,,
0.0,0.0,0.4731755322661898,,,
0.0,0.0,0.42009339288699,,,
0.0,0.0,0.40927098595206235,,,
0.0,0.0,0.4022502963629131,,,
1.0,1.0,0.6349064512655356,,,
0.0,0.0,0.38266116979262493,,,
0.0,0.0,0.494600159935689,,,
1.0,0.0,0.433730200689936,,,
0.0,0.0,0.48111777045893395,,,
0.0,0.0,0.49712345073386777,,,
0.0,0.0,0.40047271687189046,,,
0.0,0.0,0.4590012258232089,,,
0.0,0.0,0.3955538322927593,,,
0.0,0.0,0.44364974253083533,,,
1.0,1.0,0.5342466208002977,,,
1.0,1.0,0.6021136515978962,,,
1.0,0.0,0.4153493155434342,,,
0.0,0.0,0.41686448581919233,,,
1.0,1.0,0.5055547059598172,,,
1.0,1.0,0.6724184374817886,,,
1.0,0.0,0.42941777144313037,,,
0.0,0.0,0.3618663080496522,,,
1.0,0.0,0.39884954842610265,,,
1.0,1.0,0.6722182019763152,,,
0.0,0.0,0.428619036477656,,,
0.0,0.0,0.3755159277352355,,,
0.0,0.0,0.39237677634270884,,,
1.0,0.0,0.4085538558134177,,,
0.0,0.0,0.40052645088832345,,,
0.0,0.0,0.4022133287402361,,,
0.0,0.0,0.3542274836729992,,,
0.0,0.0,0.35294724458134247,,,
1.0,1.0,0.6652928309753925,,,
1.0,0.0,0.4206084905690387,,,
1.0,0.0,0.44256170572016107,,,
0.0,0.0,0.37052724344388,,,
0.0,0.0,0.44306331828957696,,,
0.0,1.0,0.6077936249650578,,,
0.0,0.0,0.41289310872604773,,,
0.0,0.0,0.4986367140140199,,,
1.0,1.0,0.5613734757592261,,,
0.0,0.0,0.3996571309724799,,,
0.0,0.0,0.4504548948608136,,,
0.0,0.0,0.44933524665705854,,,
0.0,0.0,0.3305338060838631,,,
0.0,1.0,0.5056385750568737,,,
1.0,0.0,0.41539913429182374,,,
0.0,0.0,0.4536122977083974,,,
1.0,0.0,0.47214240148259745,,,
1.0,1.0,0.7249760711254136,,,
0.0,0.0,0.352887582439571,,,
1.0,1.0,0.5921373775363069,,,
0.0,0.0,0.38597427100028614,,,
0.0,1.0,0.5819628973933529,,,
0.0,0.0,0.44527408551368125,,,
0.0,0.0,0.40580586615062497,,,
1.0,1.0,0.5764457286070274,,,
1.0,1.0,0.585766050732819,,,
1.0,0.0,0.41476518618882846,,,
1.0,0.0,0.4873621156409221,,,
1.0,1.0,0.5714665812749455,,,
0.0,1.0,0.5969521989344994,,,
0.0,0.0,0.481552837857614,,,
1.0,0.0,0.34155666254366207,,,
1.0,1.0,0.5195896228910901,,,
0.0,0.0,0.46602003237808604,,,
0.0,0.0,0.4896676092058835,,,
0.0,0.0,0.3710251985352519,,,
0.0,0.0,0.41623430787762067,,,
1.0,0.0,0.4476915388642814,,,
0.0,0.0,0.3917992752126412,,,
1.0,1.0,0.7653733471477288,,,
1.0,1.0,0.5813439938771273,,,
1.0,0.0,0.4074691837266576,,,
1.0,0.0,0.4307722073335541,,,
0.0,0.0,0.45511491255589226,,,
0.0,0.0,0.4361823534422743,,,
0.0,1.0,0.5110794003780951,,,
0.0,0.0,0.4483861231876171,,,
1.0,0.0,0.46904410048003414,,,
0.0,0.0,0.3903630917940008,,,
1.0,0.0,0.4673706465252471,,,
0.0,0.0,0.4241859502166527,,,
1.0,0.0,0.48975255422834046,,,
1.0,0.0,0.4369261310202461,,,
0.0,0.0,0.36583548444944736,,,
1.0,1.0,0.7969950866255251,,,
1.0,1.0,0.5633110535751932,,,
0.0,0.0,0.3901723919935895,,,
1.0,0.0,0.4909497331163087,,,
0.0,0.0,0.44682780479218376,,,
0.0,0.0,0.3702752351067752,,,
0.0,0.0,0.4724256905387069,,,
1.0,0.0,0.48938964944236696,,,
0.0,0.0,0.3477079528969952,,,
0.0,0.0,0.35956513760529063,,,
1.0,1.0,0.5463042122885063,,,
0.0,0.0,0.334443368083461,,,
0.0,0.0,0.4302414691884657,,,
0.0,0.0,0.35362745623521735,,,
0.0,0.0,0.45751128871621705,,,
0.0,0.0,0.3496748728903558,,,
0.0,1.0,0.5504366573260641,,,
1.0,1.0,0.5960309944280756,,,
1.0,1.0,0.6668775207698332,,,
1.0,1.0,0.5932235065413144,,,
1.0,0.0,0.4990647929298749,,,
1.0,0.0,0.4258889893125407,,,
1.0,1.0,0.5398873762484316,,,
1.0,1.0,0.5623838529367771,,,
1.0,1.0,0.5313786866714102,,,
0.0,0.0,0.44251945115979097,,,
0.0,0.0,0.35584925315539234,,,
0.0,0.0,0.4103243483939787,,,
1.0,1.0,0.6729898598813925,,,
0.0,0.0,0.39953777517849537,,,
0.0,0.0,0.4667183895038227,,,
0.0,1.0,0.5113840268042403,,,
0.0,0.0,0.43482639920811117,,,
0.0,0.0,0.3591668310573008,,,
1.0,1.0,0.6569198266802487,,,
1.0,0.0,0.4218388185105277,,,
0.0,1.0,0.5308689576792881,,,
0.0,0.0,0.36709103866237525,,,
0.0,1.0,0.5139904131117183,,,
1.0,0.0,0.48386450914953444,,,
0.0,0.0,0.3458963688636509,,,
1.0,1.0,0.6798049669607582,,,
1.0,0.0,0.4918672095084012,,,
0.0,0.0,0.34162812722228314,,,
0.0,1.0,0.5255328436019042,,,
0.0,0.0,0.37305883909969284,,,
1.0,1.0,0.5040359227502499,,,
1.0,1.0,0.6977235737712533,,,
1.0,1.0,0.6198537087014896,,,
0.0,0.0,0.38779623450421014,,,
1.0,1.0,0.5105800800574831,,,
0.0,0.0,0.421272160570023,,,
1.0,1.0,0.6784272024905914,,,
0.0,0.0,0.35455567748290145,,,
0.0,0.0,0.41877913096641806,,,
0.0,0.0,0.3876788677493048,,,
1.0,1.0,0.6647961393875254,,,
0.0,0.0,0.3965602335106943,,,
0.0,0.0,0.33968093478112654,,,
1.0,0.0,0.40539596621708285,,,
0.0,0.0,0.3689613784339321,,,
0.0,1.0,0.5003444192693965,,,
0.0,0.0,0.3208365865695291,,,
0.0,0.0,0.37218014937824356,,,
0.0,0.0,0.4099485752432558,,,
1.0,1.0,0.6218441095288308,,,
0.0,0.0,0.30068571243212944,,,
1.0,1.0,0.5718520494312409,,,
1.0,0.0,0.4598948457618019,,,
0.0,0.0,0.433263333176827,,,
1.0,1.0,0.616880748952578,,,
0.0,0.0,0.36427636215757386,,,
0.0,0.0,0.40796067810163456,,,
0.0,0.0,0.36891718405437435,,,
1.0,1.0,0.5529506659834305,,,
1.0,0.0,0.3575251062062474,,,
0.0,0.0,0.39316153679007765,,,
0.0,0.0,0.42500628270730834,,,
0.0,0.0,0.47202857757619654,,,
1.0,1.0,0.6249036420320403,,,
0.0,0.0,0.43125031328345453,,,
0.0,0.0,0.32604019573007126,,,
0.0,0.0,0.4135205101081891,,,
0.0,0.0,0.3659252146963116,,,
1.0,1.0,0.6567331434714239,,,
1.0,0.0,0.4342728003668169,,,
0.0,0.0,0.3659443857151543,,,
1.0,1.0,0.52561822703764,,,
0.0,0.0,0.3645643153713946,,,
1.0,1.0,0.6392713373146878,,,
1.0,1.0,0.634336573608269,,,
1.0,1.0,0.7393089798532804,,,
1.0,1.0,0.6310778794104066,,,
0.0,0.0,0.4365219828805715,,,
1.0,0.0,0.4956726825300211,,,
0.0,0.0,0.42610885415910355,,,
1.0,0.0,0.4823506905738455,,,
0.0,0.0,0.4352734001299128,,,
0.0,0.0,0.3801320249943323,,,
1.0,0.0,0.4451650923467149,,,
1.0,0.0,0.4030247623282148,,,
1.0,1.0,0.6591466373632782,,,
0.0,0.0,0.39922951573596094,,,
0.0,0.0,0.3560057722213182,,,
0.0,0.0,0.42182525645756436,,,
0.0,0.0,0.4734900275458876,,,
1.0,1.0,0.5186397663201764,,,
1.0,0.0,0.3808299959485476,,,
0.0,0.0,0.3497000094219379,,,
1.0,1.0,0.519900058330414,,,
1.0,1.0,0.5337824966783448,,,
0.0,0.0,0.45769179066182397,,,
1.0,1.0,0.5020854825174246,,,
0.0,0.0,0.4318152414030179,,,
1.0,1.0,0.5792020927826133,,,
0.0,1.0,0.513469745767604,,,
0.0,0.0,0.3884656183607366,,,
0.0,0.0,0.4077385834475487,,,
0.0,1.0,0.5289213246860441,,,
0.0,0.0,0.44746955569165714,,,
0.0,0.0,0.30546864182689504,,,
1.0,1.0,0.62511412546179,,,
1.0,1.0,0.6822447481158963,,,
1.0,1.0,0.5114731631958662,,,
0.0,0.0,0.37566924763805537,,,
1.0,0.0,0.4310566592357536,,,
1.0,1.0,0.5920582298055591,,,
0.0,0.0,0.35631435229734804,,,
0.0,0.0,0.3833903538532297,,,
1.0,0.0,0.40952707479830763,,,
1.0,0.0,0.4725777908831342,,,
0.0,0.0,0.392044927251573,,,
1.0,1.0,0.645433339137597,,,
1.0,1.0,0.5072303560281517,,,
0.0,0.0,0.39490168227137473,,,
1.0,1.0,0.5089966260170515,,,
0.0,0.0,0.37445336253394473,,,
0.0,0.0,0.40677140939286893,,,
1.0,0.0,0.4152280149633472,,,
0.0,0.0,0.3137907936319313,,,
0.0,1.0,0.516325014254826,,,
0.0,0.0,0.421166140455663,,,
0.0,0.0,0.4420747344521999,,,
0.0,0.0,0.4433912276538521,,,
0.0,0.0,0.48387130757572966,,,
1.0,1.0,0.6625604560763454,,,
1.0,0.0,0.4318464460856301,,,
0.0,1.0,0.5907596651305989,,,
0.0,0.0,0.46796835649019897,,,
0.0,0.0,0.44214182125411394,,,
1.0,0.0,0.4918349162632022,,,
0.0,0.0,0.37368780659018397,,,
1.0,1.0,0.5965950447128601,,,
0.0,0.0,0.32886551647912465,,,
1.0,1.0,0.5126584608233362,,,
0.0,0.0,0.38279596460403864,,,
0.0,0.0,0.4546899363344367,,,
0.0,0.0,0.4732087679335179,,,
1.0,1.0,0.5346043541754032,,,
0.0,0.0,0.41209625951836326,,,
1.0,1.0,0.721760283130664,,,
0.0,0.0,0.4771542501101342,,,
0.0,0.0,0.29543955827878865,,,
1.0,0.0,0.44471939608984956,,,
0.0,0.0,0.42618852969081167,,,
1.0,1.0,0.5267464888396428,,,
0.0,0.0,0.3837989634118028,,,
0.0,0.0,0.4271610772460939,,,
1.0,1.0,0.6394043511819459,,,
1.0,1.0,0.7093122411009734,,,
0.0,0.0,0.26669048001383155,,,
1.0,0.0,0.40829465475042936,,,
0.0,0.0,0.38819819722766863,,,
0.0,1.0,0.5088846570898449,,,
0.0,0.0,0.3509809692786526,,,
1.0,1.0,0.7896942754365069,,,
1.0,1.0,0.5419931692788653,,,
0.0,0.0,0.4228440184238807,,,
0.0,0.0,0.38205670342978154,,,
1.0,0.0,0.48638573449787076,,,
1.0,1.0,0.5138955263082908,,,
1.0,1.0,0.6582655136413481,,,
0.0,0.0,0.45153898636714657,,,
0.0,0.0,0.42137080436957053,,,
1.0,1.0,0.6159593906795863,,,
0.0,0.0,0.40125687592536957,,,
0.0,0.0,0.3723295204808491,,,
0.0,0.0,0.3310031602948766,,,
1.0,0.0,0.4801412924458321,,,
0.0,1.0,0.541264474872157,,,
1.0,0.0,0.4438011116824514,,,
1.0,0.0,0.49268961486390644,,,
1.0,1.0,0.5017884929803744,,,
1.0,1.0,0.6278659961667905,,,
1.0,1.0,0.534797513427428,,,
1.0,0.0,0.40157012311527146,,,
1.0,1.0,0.5097490530228911,,,
1.0,1.0,0.6131614839047186,,,
0.0,0.0,0.39926581326104177,,,
1.0,0.0,0.44628809563812544,,,
1.0,0.0,0.4780946470444978,,,
0.0,0.0,0.37626168008534316,,,
1.0,0.0,0.4543523900922219,,,
1.0,1.0,0.6347874289467305,,,
1.0,0.0,0.47275644268764205,,,
1.0,1.0,0.607924129871535,,,
1.0,0.0,0.4541710640407377,,,
0.0,0.0,0.3273193948408151,,,
0.0,0.0,0.4380762222908109,,,
1.0,1.0,0.6723717534496642,,,
1.0,0.0,0.49209313753636497,,,
1.0,0.0,0.4665724554028746,,,
1.0,1.0,0.5814277933011632,,,
0.0,0.0,0.4002500164911829,,,
0.0,0.0,0.3956805386552855,,,
0.0,1.0,0.5568062566590268,,,
1.0,1.0,0.6060033062654774,,,
0.0,0.0,0.3318982546497641,,,
0.0,0.0,0.49091101343468474,,,
1.0,0.0,0.4567640781071723,,,
0.0,0.0,0.3302975916308693,,,
1.0,1.0,0.5646394953378673,,,
1.0,1.0,0.6798280107560786,,,
0.0,0.0,0.49073028866776663,,,
0.0,0.0,0.4400697995156642,,,
1.0,0.0,0.4575445589945629,,,
0.0,0.0,0.37574135211126103,,,
1.0,1.0,0.5634137760504743,,,
0.0,0.0,0.37973390562850007,,,
1.0,1.0,0.6111794541428216,,,
1.0,0.0,0.39747621317467796,,,
0.0,0.0,0.47254905462444413,,,
0.0,0.0,0.402110611543402,,,
0.0,0.0,0.32666406215567695,,,
0.0,0.0,0.48109206570177115,,,
0.0,0.0,0.4172382982008278,,,
0.0,0.0,0.4659061982734339,,,
0.0,0.0,0.319196084870734,,,
0.0,0.0,0.47869908449652315,,,
1.0,1.0,0.6520651692322748,,,
0.0,0.0,0.4126374294894578,,,
0.0,0.0,0.3596103422500327,,,
0.0,0.0,0.3788112451149789,,,
0.0,0.0,0.39333307035494247,,,
0.0,0.0,0.40125687592536957,,,
0.0,0.0,0.360869096265992,,,
0.0,1.0,0.5065539581471491,,,
1.0,1.0,0.5408029915879909,,,
1.0,1.0,0.6362698438714209,,,
1.0,0.0,0.43767308478794065,,,
1.0,1.0,0.7033537287664994,,,
0.0,0.0,0.2995851153542853,,,
0.0,0.0,0.4005685040340509,,,
0.0,0.0,0.4168352364883864,,,
0.0,0.0,0.4846176409997233,,,
0.0,1.0,0.5040999575095887,,,
1.0,1.0,0.509765495730108,,,
1.0,1.0,0.5218068426188494,,,
1.0,0.0,0.4371843898408268,,,
0.0,0.0,0.4279336982550894,,,
0.0,0.0,0.3755159277352355,,,
1.0,1.0,0.6131838645329459,,,
1.0,1.0,0.7420969228163803,,,
0.0,0.0,0.402037371546674,,,
1.0,1.0,0.5594471104300847,,,
1.0,1.0,0.6382233867813382,,,
1.0,0.0,0.39492105903555297,,,
1.0,1.0,0.6152671266561398,,,
0.0,0.0,0.46177738330824436,,,
1.0,0.0,0.4883788464889326,,,
0.0,0.0,0.38820350430093137,,,
0.0,0.0,0.45585443269800796,,,
1.0,1.0,0.5021727269728613,,,
1.0,1.0,0.5122050708825998,,,
1.0,1.0,0.5075205067902305,,,
1.0,1.0,0.5056578247451937,,,
1.0,1.0,0.5786269519349462,,,
0.0,0.0,0.39328062589167234,,,
1.0,0.0,0.49618952191618393,,,
1.0,0.0,0.4514099583069049,,,
1.0,1.0,0.5111761261640382,,,
1.0,1.0,0.5073214910533405,,,
0.0,0.0,0.39320556915541177,,,
0.0,0.0,0.42241603845090986,,,
1.0,0.0,0.46855477166122766,,,
0.0,0.0,0.4061241908336097,,,
1.0,0.0,0.47269541568882606,,,
0.0,0.0,0.42829522627170963,,,
1.0,1.0,0.6300162054210916,,,
1.0,1.0,0.6015725401601059,,,
0.0,0.0,0.4070251817549983,,,
1.0,0.0,0.37074213437320075,,,
0.0,0.0,0.39325740149255467,,,
0.0,0.0,0.3648324042379513,,,
1.0,1.0,0.7857736398410056,,,
1.0,1.0,0.7287806181127295,,,
1.0,1.0,0.6406936412632686,,,
0.0,0.0,0.43393729533054576,,,
1.0,1.0,0.6109473314189788,,,
1.0,0.0,0.46102639479761426,,,
0.0,0.0,0.3759461902379894,,,
0.0,0.0,0.42181329549617613,,,
1.0,0.0,0.4430569300024367,,,
0.0,0.0,0.4045930183481444,,,
1.0,0.0,0.4201910594069579,,,
0.0,0.0,0.3380979265056967,,,
0.0,0.0,0.4175030864256842,,,
1.0,0.0,0.45796733558118996,,,
0.0,0.0,0.39480160903491585,,,
1.0,0.0,0.41875208332799146,,,
0.0,0.0,0.3986148485875022,,,
1.0,1.0,0.6034404660826874,,,
1.0,0.0,0.44375298346810144,,,
0.0,0.0,0.36040291135661967,,,
1.0,1.0,0.5951445944705629,,,
1.0,0.0,0.468118115967946,,,
1.0,1.0,0.5646786691780468,,,
0.0,0.0,0.4452951070645383,,,
1.0,1.0,0.5736266760432827,,,
0.0,0.0,0.3498192920961889,,,
0.0,0.0,0.43073796376939244,,,
1.0,0.0,0.42192472737263537,,,
1.0,0.0,0.4811305765685087,,,
1.0,0.0,0.3940297870258005,,,
1.0,1.0,0.5031211837555025,,,
0.0,0.0,0.39551900684374863,,,
0.0,0.0,0.4054015180149736,,,
1.0,0.0,0.39728617640469366,,,
0.0,0.0,0.39826904074523684,,,
0.0,0.0,0.3621023578025033,,,
0.0,0.0,0.44318221095924465,,,
1.0,1.0,0.6277938070158996,,,
1.0,1.0,0.5504051096434934,,,
0.0,0.0,0.43127935819299984,,,
0.0,1.0,0.756997669070009,,,
0.0,0.0,0.42960663055792236,,,
0.0,0.0,0.39568896005153203,,,
1.0,1.0,0.531418728599395,,,
1.0,1.0,0.7732907345507847,,,
0.0,0.0,0.3444342600315355,,,
0.0,0.0,0.4073026438503352,,,
1.0,1.0,0.5301478858208587,,,
1.0,1.0,0.6421623649493676,,,
1.0,1.0,0.6825626607577239,,,
1.0,1.0,0.5642657577973903,,,
0.0,0.0,0.4163310180413085,,,
1.0,0.0,0.3424174535275966,,,
0.0,0.0,0.42051737769424835,,,
1.0,0.0,0.466009177746923,,,
1.0,1.0,0.6272574351238775,,,
0.0,0.0,0.48019597587731155,,,
0.0,0.0,0.3810081138335534,,,
0.0,0.0,0.38291546271565247,,,
1.0,1.0,0.5506966702657557,,,
0.0,0.0,0.49954877455351193,,,
0.0,0.0,0.48397632980702504,,,
0.0,0.0,0.43423001980069525,,,
0.0,0.0,0.40366284332852076,,,
0.0,0.0,0.36749435260818536,,,
0.0,0.0,0.40300198689343575,,,
1.0,0.0,0.4798677780116023,,,
1.0,0.0,0.3596356836468885,,,
0.0,0.0,0.4948105437124903,,,
0.0,0.0,0.42169023502595565,,,
0.0,0.0,0.49397259936720306,,,
1.0,1.0,0.5265619028388121,,,
0.0,0.0,0.43567337734368866,,,
1.0,0.0,0.4657456768059327,,,
1.0,0.0,0.37632088984369727,,,
0.0,0.0,0.437826693804918,,,
1.0,1.0,0.6365216107578571,,,
0.0,1.0,0.5341083504230282,,,
0.0,1.0,0.5384976952548122,,,
0.0,0.0,0.4283367242439015,,,
0.0,0.0,0.42394175274065354,,,
1.0,1.0,0.6901443394075063,,,
0.0,0.0,0.4079250397073346,,,
1.0,1.0,0.5542399172516012,,,
0.0,0.0,0.48220606974936464,,,
0.0,0.0,0.26385138594223345,,,
1.0,0.0,0.4835998553105453,,,
1.0,0.0,0.45370116818965683,,,
1.0,1.0,0.6862294787409366,,,
0.0,0.0,0.41125007370104133,,,
0.0,0.0,0.46952475162829815,,,
1.0,1.0,0.5102111867243865,,,
0.0,0.0,0.23045730202844175,,,
1.0,1.0,0.7112630285092679,,,
1.0,0.0,0.4684573293264516,,,
0.0,0.0,0.45135032550648885,,,
0.0,0.0,0.3659374774330958,,,
0.0,0.0,0.45950025325703164,,,
1.0,0.0,0.48767902857573814,,,
0.0,0.0,0.2739951882006334,,,
0.0,0.0,0.4261526427084287,,,
1.0,0.0,0.43464263322468655,,,
0.0,0.0,0.376029190218082,,,
0.0,0.0,0.3388262168970235,,,
0.0,0.0,0.35929644438925934,,,
0.0,1.0,0.5130260387130072,,,
0.0,0.0,0.3647713565804209,,,
0.0,0.0,0.4578744098381247,,,
0.0,0.0,0.4120945346097379,,,
1.0,0.0,0.4911167043194303,,,
1.0,0.0,0.4704097862116288,,,
1.0,1.0,0.5226518186730318,,,
1.0,0.0,0.43903097505521926,,,
1.0,0.0,0.44836337163213663,,,
0.0,0.0,0.3797793279284265,,,
0.0,0.0,0.37569318195518,,,
1.0,0.0,0.49059896079540694,,,
0.0,0.0,0.37868336005843545,,,
1.0,0.0,0.48913744566052,,,
0.0,0.0,0.35096923526165413,,,
0.0,0.0,0.3966896683665923,,,
0.0,0.0,0.3664551665335705,,,
0.0,0.0,0.4820945652301422,,,
1.0,0.0,0.4623395617469473,,,
0.0,0.0,0.4057867066653004,,,
1.0,1.0,0.8276842322510712,,,
0.0,0.0,0.3817118784668212,,,
0.0,0.0,0.3331667162793299,,,
0.0,0.0,0.47516968015327266,,,
0.0,0.0,0.38339188088645515,,,
0.0,0.0,0.44147132434390773,,,
0.0,0.0,0.462411791841146,,,
0.0,0.0,0.3668816580222639,,,
0.0,0.0,0.43000201690149903,,,
0.0,0.0,0.39154493035772303,,,
1.0,0.0,0.4267780576488239,,,
1.0,1.0,0.5667328036525445,,,
0.0,0.0,0.4286671703738292,,,
1.0,0.0,0.4617216396789911,,,
1.0,1.0,0.5231873691898622,,,
1.0,1.0,0.6704810539655427,,,
1.0,1.0,0.6514422643567628,,,
0.0,0.0,0.30605443900293894,,,
1.0,1.0,0.6203990385118837,,,
0.0,0.0,0.4231648214226956,,,
0.0,0.0,0.335568853337943,,,
0.0,0.0,0.41901104878985834,,,
1.0,1.0,0.561173268153443,,,
1.0,1.0,0.5834500803874472,,,
1.0,0.0,0.4721950721068346,,,
1.0,1.0,0.7398291944506619,,,
0.0,0.0,0.39681972548073735,,,
1.0,1.0,0.5698022842897187,,,
0.0,1.0,0.5251591036076649,,,
0.0,0.0,0.4413905180307338,,,
1.0,0.0,0.465333837503459,,,
0.0,1.0,0.6243617075574524,,,
1.0,1.0,0.7898674458869509,,,
1.0,1.0,0.5071743611623181,,,
0.0,0.0,0.4077176292524567,,,
1.0,0.0,0.4918065253800572,,,
1.0,1.0,0.8052281459174624,,,
1.0,0.0,0.39941901788677925,,,
0.0,0.0,0.47218011466599463,,,
0.0,0.0,0.3686898987141401,,,
1.0,0.0,0.3819152724309831,,,
0.0,1.0,0.5410432181114193,,,
0.0,0.0,0.39981220124542427,,,
0.0,0.0,0.38170959839212903,,,
1.0,1.0,0.5917240715974462,,,
0.0,0.0,0.3919775572827004,,,
1.0,0.0,0.40543214278820866,,,
0.0,0.0,0.45423191292939813,,,
0.0,0.0,0.41703528594301076,,,
1.0,0.0,0.4993217242386867,,,
1.0,1.0,0.7810628085599363,,,
0.0,0.0,0.4317016193965526,,,
1.0,1.0,0.515189455007274,,,
1.0,0.0,0.37991222952477793,,,
0.0,0.0,0.3683068064473483,,,
1.0,0.0,0.3891560899373892,,,
1.0,0.0,0.4520201341119196,,,
1.0,1.0,0.6249861255780453,,,
0.0,0.0,0.3306365406874442,,,
1.0,1.0,0.6405942243739683,,,
1.0,1.0,0.7483872114307164,,,
0.0,0.0,0.42532366685047523,,,
0.0,0.0,0.36346893972643374,,,
1.0,1.0,0.7485213951946404,,,
1.0,1.0,0.6153857703174048,,,
0.0,0.0,0.4157762036860498,,,
0.0,1.0,0.589788454845983,,,
1.0,1.0,0.6185832423436746,,,
1.0,0.0,0.45301677736947055,,,
1.0,1.0,0.6694955747349638,,,
1.0,0.0,0.40820080045832424,,,
0.0,1.0,0.5254357002264862,,,
1.0,1.0,0.6286395966799326,,,
1.0,1.0,0.6803604829597362,,,
0.0,0.0,0.4005003893478035,,,
1.0,0.0,0.4017674026495305,,,
0.0,1.0,0.5360361904165504,,,
1.0,1.0,0.5094395483303661,,,
1.0,1.0,0.719477751993809,,,
0.0,0.0,0.4100470552673886,,,
0.0,0.0,0.40979830608692575,,,
1.0,1.0,0.5546456372621402,,,
0.0,0.0,0.3428572487225659,,,
1.0,1.0,0.5604866965371887,,,
0.0,0.0,0.46512949237488765,,,
1.0,1.0,0.5363264915069568,,,
0.0,0.0,0.332471406095763,,,
0.0,0.0,0.40457280249153516,,,
0.0,0.0,0.4193433576020578,,,
0.0,0.0,0.4214538757037757,,,
0.0,0.0,0.35630377703145566,,,
1.0,0.0,0.47730854582898374,,,
0.0,0.0,0.3659596679424658,,,
0.0,0.0,0.40634351347786996,,,
1.0,1.0,0.5477188053392084,,,
1.0,1.0,0.5461250193202833,,,
0.0,0.0,0.43682638788561823,,,
0.0,0.0,0.4250780251089593,,,
1.0,1.0,0.5220657292250648,,,
1.0,1.0,0.5861542662809902,,,
1.0,0.0,0.3619652113364018,,,
0.0,0.0,0.3970111225830627,,,
1.0,0.0,0.4742705616766167,,,
0.0,1.0,0.605088010564444,,,
1.0,1.0,0.5608425187099856,,,
1.0,1.0,0.7567732441201666,,,
1.0,1.0,0.5879946097466949,,,
0.0,0.0,0.4435714699756727,,,
0.0,0.0,0.324291409432474,,,
0.0,0.0,0.37822358457174343,,,
0.0,0.0,0.3540384726834262,,,
1.0,0.0,0.4693770908155031,,,
0.0,0.0,0.4067736454714238,,,
1.0,0.0,0.3481580446840185,,,
1.0,1.0,0.6204396181314427,,,
0.0,0.0,0.39211134024604394,,,
0.0,0.0,0.3448717652357538,,,
0.0,0.0,0.36717268195714314,,,
1.0,1.0,0.7199520361052327,,,
1.0,0.0,0.48887476341137853,,,
1.0,1.0,0.534586581346551,,,
0.0,0.0,0.37009865802604297,,,
0.0,0.0,0.44781746604716083,,,
0.0,0.0,0.41170133584220125,,,
0.0,0.0,0.41313658022098243,,,
0.0,0.0,0.37827058827780574,,,
0.0,0.0,0.3975333467536842,,,
1.0,1.0,0.6677795800558269,,,
1.0,1.0,0.6584694108953744,,,
1.0,1.0,0.6716757821182893,,,
0.0,0.0,0.367656562395769,,,
1.0,0.0,0.49077060802917905,,,
1.0,0.0,0.37680583842617243,,,
1.0,1.0,0.5705077519538111,,,
0.0,0.0,0.3654828689765226,,,
1.0,1.0,0.6595226970572696,,,
1.0,0.0,0.49907027104745944,,,
0.0,1.0,0.7251812916425708,,,
0.0,0.0,0.34265751929219024,,,
0.0,0.0,0.3646305209522895,,,
0.0,0.0,0.3355809797728589,,,
1.0,0.0,0.4462582236834707,,,
1.0,1.0,0.5104481924827584,,,
1.0,0.0,0.49065452185882574,,,
1.0,0.0,0.47945951689196653,,,
1.0,1.0,0.7177550529106637,,,
1.0,1.0,0.6698814551693829,,,
0.0,0.0,0.31915102256025857,,,
0.0,0.0,0.21499503419251792,,,
1.0,1.0,0.525471338811298,,,
1.0,0.0,0.3407021621531388,,,
1.0,0.0,0.38827684750008895,,,
0.0,0.0,0.3172470922181837,,,
0.0,0.0,0.3404228281673041,,,
1.0,1.0,0.7429870892870325,,,
1.0,0.0,0.40132607959542826,,,
0.0,0.0,0.4401221705443664,,,
0.0,0.0,0.4912410331660913,,,
1.0,0.0,0.4160012240179413,,,
0.0,0.0,0.44497892946004064,,,
1.0,1.0,0.7378005507247033,,,
1.0,0.0,0.483378934693701,,,
1.0,1.0,0.5086453464255964,,,
0.0,0.0,0.4219500227943807,,,
1.0,0.0,0.46461499396235745,,,
1.0,1.0,0.5264602046141189,,,
0.0,0.0,0.46326399433894516,,,
1.0,1.0,0.7399195300460132,,,
0.0,0.0,0.3714240281672981,,,
1.0,1.0,0.62816541795239,,,
0.0,1.0,0.5726781856240649,,,
0.0,0.0,0.4710097574220731,,,
0.0,0.0,0.44210366841667403,,,
1.0,1.0,0.559179331541033,,,
0.0,1.0,0.5523135936460649,,,
0.0,0.0,0.3589223213198197,,,
0.0,0.0,0.3701291456299864,,,
1.0,1.0,0.510265369317611,,,
0.0,0.0,0.4077626684611646,,,
0.0,0.0,0.3435245144312385,,,
1.0,1.0,0.6774237277389648,,,
0.0,0.0,0.41312172094467076,,,
1.0,1.0,0.5255655316253991,,,
0.0,0.0,0.3665348164710522,,,
1.0,1.0,0.7273452163415516,,,
0.0,0.0,0.47253309042756686,,,
1.0,0.0,0.4249484798006964,,,
0.0,0.0,0.3714340808805507,,,
0.0,0.0,0.41155840011047695,,,
1.0,1.0,0.5610991669549955,,,
0.0,0.0,0.4257216296143846,,,
1.0,1.0,0.7195462400010733,,,
1.0,0.0,0.41392984195034255,,,
0.0,0.0,0.4712137803829944,,,
0.0,0.0,0.4058444429296153,,,
1.0,0.0,0.33672180757724224,,,
0.0,0.0,0.3970453345649677,,,
0.0,0.0,0.31218044146427704,,,
0.0,0.0,0.37279298859760845,,,
0.0,0.0,0.4887551614556278,,,
1.0,0.0,0.4493900862671427,,,
0.0,0.0,0.3465062086795529,,,
1.0,1.0,0.5138278844723684,,,
1.0,1.0,0.5843107310795177,,,
0.0,1.0,0.5495896769238792,,,
0.0,1.0,0.5758159390335942,,,
0.0,0.0,0.23045730202844175,,,
0.0,0.0,0.4778005160928383,,,
1.0,0.0,0.46823390409684823,,,
1.0,1.0,0.6488720561791077,,,
0.0,0.0,0.43885258990080034,,,
0.0,0.0,0.366711085714469,,,
1.0,1.0,0.5766656420253269,,,
0.0,1.0,0.5244256608775822,,,
0.0,0.0,0.466703766455919,,,
0.0,0.0,0.4335857957117925,,,
1.0,1.0,0.5668628683543346,,,
1.0,1.0,0.7388579008507876,,,
0.0,0.0,0.4439523504210051,,,
0.0,0.0,0.3826381878673309,,,
0.0,0.0,0.44224706573899614,,,
0.0,0.0,0.4434136658058385,,,
0.0,1.0,0.5800682009648725,,,
0.0,0.0,0.3819436435362566,,,
1.0,1.0,0.8238561110933498,,,
1.0,0.0,0.461821691231001,,,
0.0,1.0,0.7636801879513013,,,
1.0,1.0,0.6636206474588141,,,
1.0,1.0,0.5503284314639861,,,
0.0,0.0,0.4572584598805469,,,
0.0,0.0,0.4196400084308026,,,
1.0,0.0,0.49531654630313304,,,
0.0,0.0,0.4397137304501998,,,
1.0,0.0,0.38191763345341934,,,
0.0,1.0,0.5256593554936698,,,
1.0,0.0,0.43939071142002595,,,
1.0,1.0,0.5571293983286647,,,
1.0,0.0,0.3850059906575826,,,
0.0,1.0,0.611816314163253,,,
1.0,1.0,0.6794057560745083,,,
1.0,1.0,0.7058372714929776,,,
1.0,0.0,0.42794403269537923,,,
0.0,0.0,0.41611100326475986,,,
0.0,0.0,0.45225168763366796,,,
0.0,0.0,0.3299014716414068,,,
0.0,0.0,0.3575739539549927,,,
1.0,1.0,0.607982330874832,,,
1.0,0.0,0.3720929301684863,,,
1.0,0.0,0.45601529982502087,,,
1.0,1.0,0.679443911424183,,,
0.0,0.0,0.3923034861458605,,,
0.0,1.0,0.5598901779427262,,,
1.0,1.0,0.6733276424114935,,,
1.0,1.0,0.5056459225334304,,,
0.0,0.0,0.31158578594384895,,,
1.0,1.0,0.511052633451127,,,
0.0,0.0,0.4216259791392577,,,
1.0,1.0,0.7098957987899592,,,
0.0,0.0,0.45850046480611084,,,
0.0,0.0,0.40768442242181685,,,
1.0,0.0,0.47670003967630864,,,
1.0,1.0,0.646447187639668,,,
0.0,1.0,0.5392867444619315,,,
0.0,0.0,0.3703702510744026,,,
1.0,1.0,0.6557381772268729,,,
0.0,0.0,0.4028152944923631,,,
0.0,0.0,0.37884710122819515,,,
1.0,1.0,0.6758478807696037,,,
1.0,0.0,0.48433770673266496,,,
1.0,1.0,0.5526926304684648,,,
0.0,0.0,0.38474918049578205,,,
0.0,0.0,0.34429175592545336,,,
1.0,0.0,0.46866630780665536,,,
1.0,0.0,0.4854514138754446,,,
0.0,0.0,0.41139920367746635,,,
0.0,0.0,0.3058773749307849,,,
0.0,0.0,0.43477675945453353,,,
0.0,0.0,0.398095589883489,,,
1.0,1.0,0.655989671378921,,,
0.0,0.0,0.3456094573288683,,,
1.0,1.0,0.5757149490842596,,,
0.0,0.0,0.36592136908267203,,,
0.0,1.0,0.5257708629733878,,,
1.0,1.0,0.7639925209526492,,,
1.0,0.0,0.4616000139100698,,,
1.0,1.0,0.8286144427739272,,,
0.0,0.0,0.4853636168570692,,,
0.0,0.0,0.496243916847925,,,
0.0,0.0,0.3978672490079526,,,
1.0,0.0,0.44418194604294414,,,
0.0,0.0,0.4219717123769169,,,
1.0,1.0,0.5006756996632735,,,
1.0,1.0,0.5173042105940127,,,
1.0,0.0,0.4786523948515843,,,
1.0,1.0,0.6266135338541361,,,
0.0,0.0,0.41242833879802543,,,
0.0,0.0,0.41495548799237597,,,
1.0,0.0,0.42516564455059935,,,
1.0,0.0,0.4262026832592109,,,
1.0,1.0,0.5048168367411381,,,
0.0,0.0,0.37464558612902144,,,
1.0,1.0,0.5502010238955276,,,
1.0,0.0,0.44128703439074235,,,
0.0,0.0,0.3608394235805369,,,
0.0,0.0,0.4308335522521939,,,
0.0,0.0,0.35178599668823063,,,
0.0,0.0,0.3948451025375012,,,
1.0,0.0,0.4835998553105453,,,
1.0,1.0,0.7325484609957654,,,
1.0,1.0,0.5064577722389765,,,
0.0,0.0,0.34564887370175584,,,
0.0,1.0,0.5050528519161342,,,
0.0,0.0,0.3592971033572126,,,
0.0,0.0,0.4891637056769424,,,
0.0,0.0,0.4073349581598996,,,
1.0,1.0,0.6073885579788586,,,
0.0,0.0,0.35091813328294585,,,
0.0,0.0,0.35956666718441466,,,
1.0,1.0,0.6528592909441054,,,
0.0,0.0,0.47876548660608537,,,
0.0,0.0,0.45445819145485744,,,
0.0,0.0,0.4493759791898699,,,
0.0,0.0,0.31385227724682024,,,
0.0,0.0,0.4366339783076655,,,
1.0,0.0,0.40422470217001905,,,
0.0,0.0,0.39186127045876384,,,
0.0,0.0,0.39378785616754075,,,
0.0,0.0,0.4376599341217673,,,
0.0,0.0,0.41246893905389026,,,
1.0,1.0,0.6274771454422832,,,
1.0,0.0,0.4939051196118205,,,
1.0,1.0,0.5017535482611613,,,
1.0,1.0,0.6371130264876843,,,
1.0,1.0,0.7068205237022417,,,
0.0,0.0,0.21499503419251792,,,
0.0,0.0,0.42268838286213023,,,
0.0,0.0,0.4984291208052734,,,
0.0,0.0,0.4380283408285371,,,
1.0,1.0,0.5875263463824281,,,
0.0,0.0,0.4417343957049258,,,
1.0,0.0,0.44518455035501053,,,
0.0,0.0,0.4018138974701518,,,
0.0,0.0,0.46187509819843636,,,
0.0,0.0,0.36994179817704537,,,
0.0,0.0,0.3523753063824729,,,
1.0,1.0,0.576707242409892,,,
1.0,1.0,0.5464642487459686,,,
0.0,1.0,0.5113866806861341,,,
1.0,0.0,0.4636596096943404,,,
0.0,0.0,0.43547847190767924,,,
1.0,1.0,0.7139379688224711,,,
1.0,1.0,0.7230503792216239,,,
0.0,0.0,0.3891137737363801,,,
0.0,1.0,0.5124974635878665,,,
1.0,0.0,0.4956043368181128,,,
1.0,1.0,0.6994666025889579,,,
0.0,0.0,0.43937396721427613,,,
0.0,0.0,0.3836533210267648,,,
1.0,1.0,0.7553900201632017,,,
1.0,0.0,0.47145953226708925,,,
1.0,1.0,0.6250294800700971,,,
0.0,0.0,0.38966393364048635,,,
1.0,1.0,0.5785287236778146,,,
1.0,0.0,0.4464021055029765,,,
0.0,0.0,0.4708753525643567,,,
0.0,0.0,0.39008698148808074,,,
0.0,0.0,0.4726307700282364,,,
0.0,1.0,0.6185318104489009,,,
1.0,0.0,0.4752861666995556,,,
1.0,1.0,0.7140431525559404,,,
0.0,0.0,0.42909495224280236,,,
1.0,0.0,0.4837493476395476,,,
1.0,1.0,0.7550518787833709,,,
0.0,0.0,0.3524691498462607,,,
1.0,1.0,0.5372889439275229,,,
0.0,0.0,0.49659259195223,,,
0.0,0.0,0.21973724144811788,,,
0.0,0.0,0.4640106563779935,,,
1.0,1.0,0.6388163910267886,,,
1.0,1.0,0.5094579997532342,,,
1.0,1.0,0.51136294622716,,,
0.0,0.0,0.42277457777975325,,,
1.0,1.0,0.7926381795667221,,,
1.0,1.0,0.7520033643407921,,,
1.0,0.0,0.48237195234202,,,
0.0,0.0,0.3494633182974143,,,
0.0,0.0,0.43034514752920966,,,
1.0,1.0,0.7008518887780977,,,
0.0,0.0,0.4303211233010601,,,
1.0,0.0,0.4822085243505505,,,
1.0,1.0,0.5347695668397204,,,
1.0,1.0,0.5549406280664512,,,
1.0,0.0,0.49569030010813037,,,
0.0,0.0,0.3331667162793299,,,
0.0,0.0,0.3901110646743856,,,
0.0,0.0,0.4514317849250882,,,
0.0,0.0,0.3890990687608128,,,
1.0,1.0,0.7682032342609426,,,
1.0,0.0,0.48452599733867074,,,
0.0,0.0,0.38921529315614894,,,
1.0,1.0,0.5192925378459678,,,
1.0,1.0,0.5976556750518581,,,
0.0,0.0,0.45552809799048427,,,
0.0,0.0,0.43292750024443993,,,
1.0,0.0,0.4325485751854031,,,
1.0,1.0,0.5698116512024083,,,
1.0,1.0,0.7392949257903888,,,
0.0,0.0,0.3489452236232868,,,
0.0,0.0,0.34403242436828035,,,
0.0,0.0,0.4294172308591437,,,
0.0,0.0,0.3789504038770453,,,
1.0,0.0,0.49520081889332973,,,
1.0,0.0,0.4922771167195408,,,
1.0,1.0,0.5021597893639675,,,
0.0,0.0,0.3705960755051026,,,
0.0,1.0,0.5023179417408589,,,
1.0,1.0,0.5223639982709413,,,
1.0,1.0,0.7248107792297757,,,
1.0,0.0,0.4289865489425611,,,
0.0,0.0,0.39741776271185386,,,
0.0,0.0,0.4139213297352366,,,
0.0,0.0,0.3974322862456403,,,
0.0,0.0,0.4269100941481432,,,
0.0,0.0,0.3419338420001593,,,
1.0,1.0,0.6174432060313468,,,
1.0,1.0,0.5234346709000052,,,
0.0,0.0,0.35451151571723927,,,
0.0,0.0,0.37593869220650006,,,
0.0,0.0,0.48138040672042604,,,
0.0,0.0,0.36519417213051836,,,
1.0,1.0,0.7202598617068611,,,
0.0,0.0,0.40508841944288076,,,
0.0,0.0,0.47128478820908587,,,
1.0,1.0,0.5538310700348104,,,
1.0,1.0,0.787467619855799,,,
0.0,0.0,0.4798520934931385,,,
0.0,0.0,0.43789283097769455,,,
1.0,0.0,0.3885092025526212,,,
1.0,1.0,0.5142922421053852,,,
1.0,1.0,0.5537940206235634,,,
0.0,0.0,0.4354848601485033,,,
1.0,0.0,0.45055711684148314,,,
1.0,1.0,0.534701219197867,,,
0.0,0.0,0.42897326265296726,,,
1.0,1.0,0.6779688086847676,,,
1.0,0.0,0.45251388112805435,,,
1.0,0.0,0.4506219655016663,,,
0.0,0.0,0.35325154290626587,,,
1.0,1.0,0.6525213212083625,,,
0.0,0.0,0.3524981059729561,,,
1.0,1.0,0.6523029024170129,,,
1.0,0.0,0.4347047771963737,,,
1.0,0.0,0.4852050125468998,,,
1.0,1.0,0.6228147532695959,,,
1.0,1.0,0.5065799718724495,,,
1.0,0.0,0.38814099195177737,,,
1.0,1.0,0.7703935293546536,,,
1.0,0.0,0.4243260785839941,,,
0.0,1.0,0.5943097152800811,,,
0.0,0.0,0.45874096999623026,,,
1.0,0.0,0.434976739498284,,,
1.0,1.0,0.5415113322259476,,,
0.0,0.0,0.3579183926431381,,,
1.0,1.0,0.5067138696377309,,,
1.0,1.0,0.557883200517791,,,
1.0,1.0,0.6648136281369196,,,
0.0,0.0,0.3729592531136913,,,
0.0,0.0,0.43266747369792097,,,
0.0,0.0,0.38465810886158774,,,
0.0,1.0,0.5179928660177647,,,
0.0,1.0,0.5176258103881514,,,
0.0,1.0,0.5245607341479839,,,
0.0,0.0,0.39446235645655897,,,
0.0,0.0,0.37009865802604297,,,
0.0,0.0,0.3136666366655527,,,
1.0,0.0,0.38631605280216463,,,
1.0,1.0,0.52561822703764,,,
1.0,1.0,0.5972629572186757,,,
1.0,1.0,0.5325484972326406,,,
1.0,1.0,0.5538066441804609,,,
1.0,1.0,0.6728183211143974,,,
0.0,1.0,0.5184174571463662,,,
0.0,0.0,0.3624694597613589,,,
0.0,0.0,0.3891246805536092,,,
0.0,0.0,0.35147819169174327,,,
0.0,0.0,0.37719634552837555,,,
1.0,1.0,0.7983767964163491,,,
1.0,1.0,0.5329580385374701,,,
1.0,0.0,0.4942995510132285,,,
0.0,0.0,0.47837827232446295,,,
1.0,0.0,0.390656411705908,,,
0.0,0.0,0.39648987301802513,,,
0.0,0.0,0.322329198566822,,,
0.0,0.0,0.45738648559863,,,
0.0,0.0,0.32607974018129865,,,
1.0,1.0,0.5055172738236392,,,
0.0,1.0,0.5077673433319163,,,
0.0,0.0,0.3676765924029699,,,
1.0,1.0,0.5432213163248042,,,
0.0,0.0,0.4076215089858213,,,
1.0,1.0,0.6728613654878036,,,
0.0,0.0,0.4870076295331987,,,
1.0,1.0,0.6321250276020455,,,
1.0,0.0,0.46607192535378883,,,
1.0,1.0,0.644690392556658,,,
0.0,0.0,0.4029587946617715,,,
0.0,0.0,0.4836070906589151,,,
1.0,0.0,0.32086519940914265,,,
0.0,0.0,0.41871445416758407,,,
1.0,1.0,0.6623895303887483,,,
0.0,0.0,0.37639603777291425,,,
1.0,1.0,0.711663040543172,,,
0.0,0.0,0.49400785652786783,,,
0.0,0.0,0.4268040166541709,,,
0.0,0.0,0.39325410414411766,,,
0.0,0.0,0.4492810483423406,,,
0.0,1.0,0.5013855169179909,,,
0.0,0.0,0.4168739645561501,,,
1.0,1.0,0.769907747441245,,,
1.0,1.0,0.5806780583084591,,,
1.0,1.0,0.719146175747995,,,
1.0,0.0,0.4918349162632022,,,
0.0,1.0,0.6159092683988903,,,
0.0,0.0,0.48720589949804854,,,
0.0,0.0,0.33164347475512596,,,
1.0,0.0,0.4848525250131675,,,
0.0,0.0,0.3666070882242298,,,
1.0,1.0,0.6317693247099094,,,
0.0,0.0,0.4171467031241576,,,
0.0,0.0,0.4428688369303312,,,
1.0,0.0,0.40291244724423,,,
0.0,0.0,0.3430582338264333,,,
1.0,1.0,0.5499238638006846,,,
0.0,0.0,0.45729612804282677,,,
0.0,0.0,0.431525414710872,,,
0.0,1.0,0.5905169427844089,,,
0.0,1.0,0.507390260594711,,,
1.0,1.0,0.6465216601075323,,,
1.0,1.0,0.6260340000814815,,,
1.0,0.0,0.3366053524858582,,,
1.0,1.0,0.6213247221830067,,,
0.0,0.0,0.34167723754636814,,,
0.0,0.0,0.42665375469459177,,,
1.0,0.0,0.4330837242953914,,,
0.0,0.0,0.3481979733281777,,,
0.0,0.0,0.49068833028043557,,,
0.0,0.0,0.4397213855064128,,,
0.0,0.0,0.4711592431325847,,,
1.0,1.0,0.6753145128102791,,,
0.0,0.0,0.30683677282935545,,,
1.0,0.0,0.4008668490709761,,,
0.0,0.0,0.3810739240458672,,,
0.0,0.0,0.35387876333451246,,,
1.0,1.0,0.5355105777116109,,,
0.0,1.0,0.5340943875386477,,,
1.0,1.0,0.6848159906049567,,,
0.0,0.0,0.4475737925782875,,,
1.0,0.0,0.4558595127909173,,,
1.0,0.0,0.483826729776545,,,
0.0,0.0,0.40082628290281297,,,
0.0,0.0,0.4657961686013268,,,
1.0,1.0,0.5094579997532342,,,
0.0,0.0,0.45375079872640983,,,
0.0,0.0,0.47848238011622907,,,
0.0,0.0,0.41259891416257294,,,
1.0,0.0,0.4194321735803785,,,
1.0,1.0,0.6188483567716521,,,
0.0,0.0,0.4426642366894615,,,
0.0,0.0,0.33583657374928616,,,
0.0,0.0,0.3796918072452625,,,
1.0,0.0,0.46190692255072313,,,
0.0,0.0,0.40970653701818627,,,
0.0,0.0,0.31422158510498804,,,
1.0,1.0,0.6121005451469503,,,
0.0,0.0,0.23045730202844175,,,
1.0,1.0,0.5309907678020382,,,
1.0,1.0,0.6520242802821901,,,
1.0,0.0,0.32845658055537214,,,
1.0,1.0,0.5038700237523026,,,
1.0,0.0,0.42206888442975354,,,
1.0,1.0,0.6125654471055108,,,
1.0,0.0,0.4922741691333741,,,
0.0,0.0,0.4174018383021862,,,
1.0,1.0,0.5046342309081243,,,
0.0,0.0,0.4045819849397294,,,
1.0,1.0,0.6001717881213611,,,
1.0,0.0,0.49555435045965895,,,
1.0,1.0,0.5473615067722166,,,
0.0,0.0,0.34669550344518835,,,
0.0,0.0,0.3928548802790002,,,
1.0,1.0,0.557483957045894,,,
1.0,0.0,0.4251431927563577,,,
1.0,1.0,0.6913047300839783,,,
0.0,1.0,0.5349491360110523,,,
0.0,1.0,0.5860012430619618,,,
1.0,0.0,0.4309752069692972,,,
1.0,1.0,0.6683733963850299,,,
1.0,0.0,0.43004378294788526,,,
1.0,1.0,0.7829296075589579,,,
0.0,0.0,0.4063389036454224,,,
1.0,1.0,0.5118817173337492,,,
1.0,1.0,0.5222851961544535,,,
0.0,0.0,0.38717769536708646,,,
0.0,0.0,0.3751226958824675,,,
1.0,0.0,0.495611219732782,,,
0.0,0.0,0.4284779142175209,,,
0.0,1.0,0.5190279165654564,,,
1.0,1.0,0.6166200940169339,,,
0.0,1.0,0.5664717312741661,,,
0.0,0.0,0.39353947768148784,,,
1.0,1.0,0.6934186462776435,,,
0.0,0.0,0.46415428320456237,,,
1.0,0.0,0.38923712171257807,,,
0.0,1.0,0.5505017594963082,,,
0.0,0.0,0.21973724144811788,,,
0.0,0.0,0.4306143330709863,,,
0.0,0.0,0.332471406095763,,,
1.0,0.0,0.3443725857550753,,,
1.0,1.0,0.6579873100608609,,,
1.0,0.0,0.49377228356461383,,,
0.0,0.0,0.3722914951861437,,,
1.0,1.0,0.6514422643567628,,,
0.0,0.0,0.40285984562086713,,,
1.0,1.0,0.7804148754277047,,,
0.0,0.0,0.41984022271805166,,,
0.0,0.0,0.44614577559630164,,,
1.0,1.0,0.6493580433703993,,,
1.0,0.0,0.4399353131899273,,,
1.0,0.0,0.49289486307131514,,,
0.0,0.0,0.3835134725538694,,,
0.0,0.0,0.36031873348699783,,,
0.0,0.0,0.3512776447647619,,,
1.0,0.0,0.4569401183036264,,,
1.0,1.0,0.6483105987721751,,,
0.0,0.0,0.371806125973206,,,
1.0,0.0,0.49702734333548815,,,
0.0,0.0,0.3321919489347941,,,
0.0,0.0,0.3468631973776152,,,
0.0,0.0,0.34250337539253295,,,
1.0,1.0,0.6250294800700971,,,
0.0,0.0,0.4184550205524614,,,
0.0,0.0,0.3795226308907454,,,
1.0,0.0,0.4608025315752183,,,
0.0,0.0,0.38981021284157763,,,
1.0,1.0,0.559928301281805,,,
0.0,1.0,0.5268172288664296,,,
1.0,1.0,0.595641121803339,,,
0.0,0.0,0.4425740919010596,,,
0.0,0.0,0.3489159522229031,,,
1.0,1.0,0.6306041794687928,,,
1.0,1.0,0.5018797933815283,,,
1.0,1.0,0.7027525654690843,,,
0.0,0.0,0.4113853635798145,,,
0.0,0.0,0.4839725131623492,,,
1.0,1.0,0.7067554802708947,,,
1.0,0.0,0.44752817171021037,,,
1.0,1.0,0.6501631352022802,,,
1.0,1.0,0.7550518787833709,,,
0.0,0.0,0.42636320086659324,,,
0.0,0.0,0.33694254526882367,,,
0.0,1.0,0.523439813554159,,,
1.0,1.0,0.61438004852062,,,
0.0,0.0,0.41228358256093417,,,
0.0,0.0,0.46676358156852543,,,
0.0,0.0,0.42552604890754075,,,
0.0,0.0,0.3796778250572901,,,
1.0,1.0,0.6726499646005357,,,
1.0,0.0,0.3680493720050451,,,
1.0,1.0,0.5223680923767576,,,
1.0,1.0,0.5639639947523415,,,
0.0,0.0,0.4663681150019082,,,
1.0,1.0,0.5131649887015228,,,
0.0,0.0,0.37628281984191614,,,
1.0,0.0,0.394979371191881,,,
1.0,0.0,0.43517933533362174,,,
1.0,0.0,0.4958388708333809,,,
1.0,1.0,0.5335843692555576,,,
1.0,1.0,0.503528346335748,,,
1.0,0.0,0.4677682560544758,,,
0.0,0.0,0.3580763690558873,,,
0.0,0.0,0.4483023650176845,,,
0.0,0.0,0.3355809797728589,,,
1.0,1.0,0.6240209993248984,,,
0.0,0.0,0.44039899224553625,,,
1.0,0.0,0.4837493476395476,,,
0.0,0.0,0.3374609593752862,,,
0.0,0.0,0.3755159277352355,,,
1.0,1.0,0.6406936412632686,,,
0.0,0.0,0.44580042681730253,,,
1.0,1.0,0.5507859328646829,,,
0.0,0.0,0.39681866140123184,,,
1.0,1.0,0.546181815873853,,,
0.0,0.0,0.36643952161759175,,,
0.0,0.0,0.47096707226478696,,,
0.0,0.0,0.32906358596951857,,,
0.0,0.0,0.44200351613202304,,,
1.0,1.0,0.5194096839346708,,,
1.0,1.0,0.726919570580485,,,
1.0,0.0,0.42822941911022017,,,
1.0,1.0,0.5117842306793393,,,
0.0,1.0,0.6379724255182808,,,
1.0,1.0,0.8489076512792689,,,
0.0,0.0,0.33288655579834153,,,
0.0,0.0,0.3489292343960263,,,
0.0,0.0,0.38712973051767235,,,
0.0,0.0,0.40455834114570194,,,
0.0,0.0,0.39244968256138585,,,
0.0,0.0,0.43535799743493725,,,
0.0,0.0,0.4218308196202321,,,
1.0,1.0,0.6015815461824798,,,
0.0,0.0,0.3441019574585309,,,
0.0,0.0,0.3697901130650802,,,
1.0,0.0,0.4572744613566773,,,
1.0,0.0,0.4275784434825526,,,
0.0,0.0,0.39867950248772294,,,
0.0,0.0,0.44955648107237095,,,
0.0,0.0,0.4247118382575197,,,
0.0,0.0,0.3161798644183545,,,
1.0,1.0,0.6034677128892216,,,
1.0,1.0,0.5854402540244616,,,
0.0,0.0,0.3518290640976723,,,
0.0,1.0,0.5097082172830666,,,
1.0,0.0,0.48410938738121995,,,
0.0,0.0,0.4045343006114034,,,
0.0,0.0,0.49056008800086043,,,
0.0,0.0,0.4267494400374279,,,
1.0,1.0,0.5099539385406117,,,
1.0,0.0,0.49718724559763167,,,
0.0,1.0,0.5908533021790862,,,
1.0,1.0,0.5276747141356728,,,
0.0,0.0,0.36981163390432054,,,
1.0,0.0,0.3963622409003929,,,
1.0,0.0,0.411197221696313,,,
0.0,0.0,0.38337022499922324,,,
1.0,1.0,0.6696492374499485,,,
1.0,0.0,0.40072573058370486,,,
1.0,1.0,0.5148803682118338,,,
1.0,1.0,0.5725083934620734,,,
0.0,0.0,0.25690451963125444,,,
0.0,0.0,0.457071577858254,,,
0.0,0.0,0.4302820229771734,,,
0.0,0.0,0.44738111526132557,,,
0.0,0.0,0.48922963226557103,,,
0.0,0.0,0.44567756658577945,,,
1.0,1.0,0.5138978057515077,,,
1.0,1.0,0.6469139012196038,,,
0.0,1.0,0.5149216051372141,,,
0.0,1.0,0.5888353314314453,,,
1.0,1.0,0.6695863581942261,,,
0.0,0.0,0.4306466720313965,,,
0.0,0.0,0.4651786313318964,,,
0.0,0.0,0.42553445402604545,,,
1.0,1.0,0.5811590084888596,,,
1.0,0.0,0.48376318723833206,,,
1.0,1.0,0.5221108313463756,,,
0.0,0.0,0.394323524106446,,,
0.0,0.0,0.464105135896043,,,
0.0,0.0,0.4196269690007806,,,
1.0,0.0,0.40745662067054594,,,
0.0,0.0,0.3915520323427572,,,
1.0,1.0,0.5081046624353563,,,
0.0,0.0,0.31907028494850936,,,
1.0,1.0,0.5466833711038787,,,
1.0,1.0,0.539515765311941,,,
0.0,0.0,0.45107509786591776,,,
1.0,0.0,0.48306353660310564,,,
0.0,0.0,0.4399757716018863,,,
1.0,1.0,0.6118806058163662,,,
1.0,1.0,0.5324226113867693,,,
0.0,0.0,0.40067543739280476,,,
0.0,1.0,0.5342376274521659,,,
0.0,0.0,0.4132209503336436,,,
0.0,1.0,0.5486588692298598,,,
0.0,0.0,0.3708064355008092,,,
1.0,1.0,0.5277755295607286,,,
1.0,1.0,0.7063534938728633,,,
1.0,1.0,0.5877768834864328,,,
0.0,1.0,0.5108907032836504,,,
0.0,0.0,0.47170452530174356,,,
1.0,1.0,0.6995963177334849,,,
1.0,0.0,0.3669151009492036,,,
1.0,0.0,0.4586722748402061,,,
0.0,0.0,0.47451095988229586,,,
0.0,0.0,0.4307703352314053,,,
1.0,0.0,0.49159275303069855,,,
0.0,0.0,0.4469656521978906,,,
1.0,0.0,0.4411062639171958,,,
0.0,0.0,0.481552837857614,,,
1.0,1.0,0.7175231958772781,,,
0.0,0.0,0.386318193342452,,,
1.0,0.0,0.4283879090628855,,,
1.0,1.0,0.567147343286114,,,
0.0,0.0,0.4737869570993295,,,
0.0,0.0,0.41456039647369564,,,
1.0,1.0,0.8336370987440194,,,
1.0,1.0,0.5253934235228347,,,
0.0,0.0,0.41319661169620314,,,
0.0,0.0,0.39205764517000546,,,
1.0,1.0,0.5477288175098866,,,
1.0,1.0,0.6652206606281116,,,
1.0,1.0,0.6691718539715795,,,
1.0,1.0,0.564945153267981,,,
1.0,0.0,0.4692137110393141,,,
1.0,0.0,0.32274449605822336,,,
1.0,1.0,0.748244324255472,,,
1.0,0.0,0.3883722051489995,,,
1.0,0.0,0.3801572900313398,,,
1.0,1.0,0.6211946328588055,,,
1.0,1.0,0.685905505046395,,,
0.0,0.0,0.3900077295764204,,,
1.0,0.0,0.46310476611986695,,,
1.0,1.0,0.7639765679302134,,,
0.0,0.0,0.36520047032624997,,,
1.0,0.0,0.409953598343101,,,
1.0,1.0,0.7438436320169431,,,
0.0,0.0,0.4142483879502985,,,
1.0,1.0,0.5043864104010097,,,
0.0,0.0,0.36648747530094405,,,
0.0,0.0,0.394290251735635,,,
0.0,0.0,0.34272283818937654,,,
1.0,0.0,0.3554463044733162,,,
1.0,1.0,0.6086743348641885,,,
0.0,0.0,0.466537479699465,,,
0.0,0.0,0.28272824690059384,,,
0.0,0.0,0.3760880288644791,,,
0.0,0.0,0.47029884811245676,,,
0.0,0.0,0.45312490028906605,,,
1.0,0.0,0.4072371928353518,,,
0.0,1.0,0.5062897866986684,,,
0.0,0.0,0.31825325192545434,,,
0.0,0.0,0.4339533777027477,,,
0.0,0.0,0.4923027582533709,,,
0.0,1.0,0.5413868820412514,,,
1.0,0.0,0.43718925079305765,,,
0.0,0.0,0.47784454674615406,,,
1.0,1.0,0.5007178660568514,,,
1.0,1.0,0.8212784612488817,,,
1.0,1.0,0.6555397878379774,,,
1.0,0.0,0.43762057956356776,,,
0.0,0.0,0.4830770882645518,,,
1.0,0.0,0.48510960848736184,,,
0.0,0.0,0.42889872638085885,,,
0.0,0.0,0.3792976051976601,,,
1.0,0.0,0.36657207803435604,,,
1.0,1.0,0.5850427143146538,,,
0.0,0.0,0.3960110230552447,,,
0.0,0.0,0.3363536262849083,,,
0.0,0.0,0.4141834456153149,,,
1.0,1.0,0.5158569348427534,,,
0.0,1.0,0.6463601073322935,,,
1.0,0.0,0.44597976571742876,,,
1.0,0.0,0.4295445076642722,,,
0.0,0.0,0.43791183116046534,,,
0.0,0.0,0.38626357087771174,,,
1.0,0.0,0.4547871162563735,,,
1.0,0.0,0.4487153974960413,,,
0.0,0.0,0.4860814531112186,,,
0.0,0.0,0.3802696228571382,,,
0.0,0.0,0.3197135001970537,,,
0.0,0.0,0.40713795292951394,,,
0.0,0.0,0.3810364355193697,,,
0.0,0.0,0.3368248070023156,,,
0.0,0.0,0.3634760296753364,,,
1.0,1.0,0.511897746332906,,,
1.0,1.0,0.6807576856088328,,,
0.0,0.0,0.39445447938322625,,,
0.0,1.0,0.5262739963779645,,,
1.0,0.0,0.4437579814597863,,,
0.0,0.0,0.469714265638964,,,
1.0,1.0,0.5995408114653422,,,
0.0,0.0,0.4573957913236772,,,
1.0,1.0,0.6684721233497372,,,
1.0,0.0,0.44687875859576537,,,
0.0,0.0,0.43137618820600604,,,
1.0,1.0,0.7793193980727305,,,
1.0,0.0,0.4981679747481941,,,
1.0,1.0,0.6059095318672387,,,
0.0,0.0,0.49474141925678655,,,
1.0,1.0,0.6172993604747647,,,
1.0,0.0,0.4909620966614073,,,
1.0,1.0,0.6237805011929007,,,
0.0,0.0,0.4359816815750009,,,
1.0,1.0,0.5129563497283111,,,
0.0,0.0,0.3699105599093945,,,
0.0,0.0,0.39445447938322625,,,
1.0,0.0,0.47613812227382807,,,
0.0,0.0,0.38637219566534586,,,
1.0,1.0,0.710479592133393,,,
0.0,0.0,0.38011338239026693,,,
0.0,1.0,0.5175419126887578,,,
1.0,0.0,0.4931120101913157,,,
0.0,1.0,0.52561822703764,,,
1.0,1.0,0.5370530425545973,,,
0.0,0.0,0.4612115638759308,,,
1.0,0.0,0.44861126214393526,,,
0.0,0.0,0.4113735418655551,,,
1.0,1.0,0.7310748325752697,,,
0.0,0.0,0.36575885676147013,,,
0.0,0.0,0.3737247609498531,,,
1.0,1.0,0.5153680358643845,,,
1.0,1.0,0.6192191530203065,,,
0.0,0.0,0.3830948683560687,,,
0.0,0.0,0.4201259501097469,,,
1.0,1.0,0.6163369336930173,,,
0.0,0.0,0.44055036422817934,,,
1.0,0.0,0.44181799250379733,,,
1.0,1.0,0.7162782067892355,,,
0.0,0.0,0.40861410301948625,,,
1.0,0.0,0.46253447776561235,,,
0.0,0.0,0.36750828939304897,,,
1.0,0.0,0.4589271455492611,,,
1.0,1.0,0.5115772794975637,,,
0.0,0.0,0.4190351579212391,,,
0.0,0.0,0.4180353786264447,,,
0.0,0.0,0.3709797301588304,,,
0.0,0.0,0.3790251049898155,,,
0.0,0.0,0.3627508643634873,,,
0.0,1.0,0.5077886140605963,,,
1.0,1.0,0.8082537258507418,,,
0.0,0.0,0.4033418753605937,,,
0.0,0.0,0.39801427122178606,,,
0.0,0.0,0.43178677486779116,,,
0.0,0.0,0.37410394446143086,,,
0.0,0.0,0.37190696493679826,,,
0.0,0.0,0.4898035667205546,,,
0.0,0.0,0.4199450685771,,,
1.0,0.0,0.42987032000979686,,,
1.0,1.0,0.6767073352762767,,,
1.0,1.0,0.7739118049173517,,,
1.0,1.0,0.6542339600920959,,,
1.0,0.0,0.43519698505842525,,,
1.0,0.0,0.49410739196477577,,,
0.0,0.0,0.4564539297326704,,,
0.0,0.0,0.3807502941952672,,,
0.0,0.0,0.49094166192304717,,,
0.0,0.0,0.3806775980147431,,,
1.0,1.0,0.6255607121632656,,,
1.0,1.0,0.5689342814329369,,,
0.0,0.0,0.33567933123616767,,,
0.0,0.0,0.4367878521839825,,,
0.0,0.0,0.3317749942580125,,,
0.0,0.0,0.43071719212573206,,,
1.0,1.0,0.6013096168582505,,,
1.0,1.0,0.5092452776640637,,,
1.0,0.0,0.3850067642176628,,,
1.0,1.0,0.5006708203249667,,,
1.0,1.0,0.6141361907665728,,,
1.0,0.0,0.4733323718491097,,,
0.0,0.0,0.4733472234327411,,,
1.0,1.0,0.583841677078907,,,
0.0,0.0,0.41445447528655627,,,
1.0,0.0,0.4749547058274196,,,
0.0,0.0,0.4627247759097181,,,
0.0,0.0,0.46874164874900603,,,
0.0,0.0,0.4383799832713592,,,
1.0,1.0,0.6421785691608299,,,
1.0,1.0,0.5136384403042952,,,
0.0,0.0,0.31167413733751737,,,
1.0,1.0,0.730176488354182,,,
1.0,1.0,0.6228814378663063,,,
1.0,1.0,0.6321023506990653,,,
1.0,1.0,0.6238974864483873,,,
1.0,1.0,0.5241981471605001,,,
0.0,0.0,0.4383360283312954,,,
1.0,1.0,0.6154580593720468,,,
1.0,1.0,0.5421753490047543,,,
1.0,0.0,0.41866889586453804,,,
0.0,0.0,0.34985297943033605,,,
0.0,0.0,0.3869178603658337,,,
1.0,0.0,0.46263865876862686,,,
0.0,1.0,0.5071009335949602,,,
0.0,0.0,0.22361071201525046,,,
1.0,0.0,0.4701931713227449,,,
0.0,0.0,0.3707478102129779,,,
1.0,1.0,0.5542710959657955,,,
0.0,0.0,0.3994845179463428,,,
1.0,1.0,0.5711867190753785,,,
1.0,1.0,0.7288489277467138,,,
1.0,0.0,0.49706635433012847,,,
1.0,1.0,0.5674229023228374,,,
0.0,0.0,0.3798967908876523,,,
1.0,1.0,0.6661892729312395,,,
0.0,0.0,0.3900563762403694,,,
0.0,0.0,0.3781834138350683,,,
0.0,0.0,0.4127581319843018,,,
1.0,1.0,0.601469242052567,,,
0.0,0.0,0.41883821639743074,,,
1.0,1.0,0.5578648301256687,,,
0.0,0.0,0.39182348784971993,,,
1.0,1.0,0.5996828535167994,,,
0.0,0.0,0.3500264828897371,,,
0.0,0.0,0.4273834236130897,,,
0.0,0.0,0.3484066625904096,,,
1.0,1.0,0.5275625325050486,,,
1.0,1.0,0.6732507605220754,,,
0.0,0.0,0.362066607896111,,,
0.0,0.0,0.38720250558907265,,,
0.0,0.0,0.42748330015409164,,,
0.0,0.0,0.3884672009957664,,,
1.0,0.0,0.45626881758700605,,,
1.0,1.0,0.6457421088805678,,,
0.0,0.0,0.35885756088036747,,,
0.0,0.0,0.4667038062625699,,,
0.0,0.0,0.4147416322504045,,,
1.0,1.0,0.5483504349179249,,,
1.0,0.0,0.44950915162885785,,,
1.0,1.0,0.6055689452068628,,,
0.0,0.0,0.44316413082187717,,,
0.0,0.0,0.4097213267624807,,,
0.0,0.0,0.4165719510393414,,,
1.0,1.0,0.5474565454712638,,,
1.0,0.0,0.48116076458845375,,,
0.0,0.0,0.41860822911625806,,,
1.0,1.0,0.6429801231902977,,,
1.0,1.0,0.6005832812899121,,,
1.0,1.0,0.5610800223295728,,,
0.0,0.0,0.4257755605536287,,,
1.0,1.0,0.7855619702449375,,,
1.0,0.0,0.47214146140442953,,,
0.0,0.0,0.3978197030836448,,,
0.0,0.0,0.4081106734457279,,,
1.0,1.0,0.5146278353308342,,,
0.0,0.0,0.4444751949626126,,,
0.0,0.0,0.4940236177412293,,,
0.0,0.0,0.45953636033262685,,,
1.0,1.0,0.5174352093573678,,,
1.0,1.0,0.5389490238664933,,,
1.0,1.0,0.7480369974599572,,,
0.0,1.0,0.5540776443760949,,,
1.0,1.0,0.611566518533057,,,
1.0,1.0,0.560013259756596,,,
0.0,0.0,0.4241124663514406,,,
1.0,0.0,0.49612248365823847,,,
0.0,0.0,0.39863585480261005,,,
1.0,1.0,0.5904390079800959,,,
1.0,1.0,0.6054146153659126,,,
0.0,0.0,0.3244531696383516,,,
0.0,0.0,0.3941647675397962,,,
0.0,0.0,0.30204270714050563,,,
1.0,1.0,0.680010151117825,,,
0.0,1.0,0.542162636640303,,,
1.0,1.0,0.6723443513694942,,,
1.0,0.0,0.4567640781071723,,,
0.0,0.0,0.41225063324527894,,,
0.0,0.0,0.38613434604878394,,,
1.0,1.0,0.7595400965896961,,,
0.0,0.0,0.4286869884688987,,,
0.0,0.0,0.36277637639927296,,,
1.0,0.0,0.421108279800486,,,
1.0,1.0,0.5727956952516621,,,
1.0,0.0,0.4932655512638103,,,
0.0,0.0,0.3545687041604673,,,
0.0,1.0,0.557426206407616,,,
0.0,0.0,0.4190818616360341,,,
1.0,0.0,0.406598924680812,,,
1.0,1.0,0.8343128107230142,,,
0.0,0.0,0.3874461056429847,,,
1.0,0.0,0.4085798540771479,,,
0.0,0.0,0.41234124333436856,,,
0.0,0.0,0.36313340383152054,,,
1.0,0.0,0.44970110664438545,,,
1.0,1.0,0.6931223807069825,,,
1.0,1.0,0.6489473501707331,,,
0.0,0.0,0.4895580505056129,,,
1.0,1.0,0.6082265924724675,,,
0.0,0.0,0.43428807142360215,,,
0.0,0.0,0.43418306035476595,,,
1.0,1.0,0.5824080347999199,,,
1.0,1.0,0.5685067862019922,,,
0.0,0.0,0.40463035360245475,,,
1.0,0.0,0.4281379170313111,,,
1.0,0.0,0.4289371537289741,,,
1.0,0.0,0.38520055819980037,,,
0.0,0.0,0.3836012833901925,,,
1.0,1.0,0.530358828098277,,,
1.0,0.0,0.49554254672998227,,,
0.0,0.0,0.4569489840672789,,,
0.0,0.0,0.35756815753599747,,,
1.0,1.0,0.5842346953660926,,,
0.0,0.0,0.3258609398120342,,,
1.0,1.0,0.6211499555523166,,,
0.0,0.0,0.3523717349262578,,,
1.0,0.0,0.4567640781071723,,,
1.0,0.0,0.4889156509539453,,,
1.0,1.0,0.5296882055713011,,,
0.0,0.0,0.3930070045134572,,,
0.0,0.0,0.396980705770863,,,
0.0,0.0,0.43762397709601236,,,
0.0,0.0,0.38909585311890843,,,
0.0,0.0,0.3424085928642328,,,
0.0,0.0,0.3743180859488855,,,
0.0,0.0,0.4165868630759841,,,
1.0,0.0,0.3890447291970836,,,
0.0,0.0,0.4137209747803133,,,
0.0,0.0,0.36132083137992865,,,
1.0,0.0,0.4170454541445319,,,
1.0,0.0,0.40861933235438586,,,
1.0,0.0,0.409032727213669,,,
1.0,0.0,0.4409759351903344,,,
0.0,0.0,0.4378981837107249,,,
1.0,1.0,0.6415082911930118,,,
1.0,1.0,0.5031686558958777,,,
0.0,0.0,0.4205106211985468,,,
0.0,0.0,0.4247732366804304,,,
0.0,0.0,0.3904144205663052,,,
0.0,0.0,0.451900125844601,,,
1.0,1.0,0.7286672638102756,,,
0.0,0.0,0.3814071494663485,,,
1.0,1.0,0.7093705191429365,,,
0.0,0.0,0.4931895852257537,,,
0.0,0.0,0.4609542123105448,,,
0.0,0.0,0.38400108480592215,,,
1.0,0.0,0.4652725040459624,,,
1.0,1.0,0.622759541404264,,,
0.0,0.0,0.4925307367196251,,,
0.0,0.0,0.4877236989345509,,,
1.0,1.0,0.5807003248389432,,,
0.0,0.0,0.4035964509726885,,,
1.0,1.0,0.5399289881664877,,,
1.0,0.0,0.48835341419435624,,,
1.0,0.0,0.4428981128006474,,,
0.0,0.0,0.478040895594304,,,
0.0,0.0,0.4534328148639255,,,
0.0,0.0,0.4349818777730435,,,
0.0,0.0,0.4173141411238689,,,
1.0,1.0,0.5465028381666771,,,
0.0,0.0,0.40092924537413754,,,
0.0,1.0,0.5274043618716937,,,
1.0,0.0,0.38250655139918505,,,
1.0,1.0,0.6933423034536689,,,
1.0,0.0,0.44310262121921906,,,
0.0,0.0,0.42041423396366623,,,
1.0,0.0,0.4694692813537982,,,
0.0,0.0,0.4055185000697717,,,
0.0,0.0,0.3807315147306687,,,
1.0,1.0,0.8212784612488817,,,
0.0,0.0,0.3842454382798173,,,
0.0,0.0,0.47280685752676005,,,
1.0,0.0,0.42610883453339443,,,
1.0,1.0,0.5688701489698863,,,
1.0,1.0,0.5568941423860483,,,
1.0,1.0,0.6563198426442837,,,
0.0,0.0,0.40486246775661294,,,
0.0,1.0,0.5125910892213031,,,
1.0,1.0,0.6024484072068449,,,
1.0,0.0,0.4978089823264493,,,
1.0,1.0,0.5491612361901326,,,
0.0,0.0,0.43949246671617503,,,
0.0,0.0,0.4118577343798553,,,
1.0,1.0,0.5439838689334155,,,
0.0,0.0,0.40075764543644066,,,
1.0,0.0,0.4279614199164111,,,
1.0,1.0,0.7394090701354262,,,
1.0,1.0,0.5645971071110225,,,
0.0,0.0,0.41553590673568497,,,
1.0,1.0,0.6335413303620352,,,
0.0,0.0,0.4067420907292106,,,
1.0,0.0,0.45932783740945343,,,
0.0,0.0,0.3305087740373039,,,
1.0,1.0,0.5153680358643845,,,
0.0,0.0,0.3389259862736734,,,
0.0,0.0,0.45350339481827273,,,
0.0,0.0,0.3848392598696031,,,
0.0,0.0,0.4352734001299128,,,
0.0,0.0,0.41055363807328754,,,
0.0,0.0,0.3466401497279376,,,
1.0,0.0,0.49022379740356997,,,
0.0,0.0,0.3742007804865355,,,
1.0,1.0,0.5995510033277264,,,
0.0,0.0,0.4182811069450262,,,
0.0,0.0,0.3748598128830146,,,
0.0,0.0,0.41134535964624624,,,
1.0,0.0,0.43578980978989157,,,
1.0,0.0,0.4887477811059795,,,
0.0,0.0,0.48281119252088334,,,
0.0,0.0,0.44677301263265845,,,
0.0,0.0,0.3239294985332704,,,
1.0,0.0,0.4319665253178467,,,
0.0,1.0,0.7758403474924784,,,
1.0,1.0,0.6791799888089913,,,
1.0,0.0,0.35865523200881594,,,
0.0,0.0,0.40053125122593525,,,
1.0,0.0,0.45090662283153793,,,
1.0,0.0,0.3769482697889815,,,
1.0,1.0,0.5407138094938697,,,
0.0,0.0,0.4891782307708892,,,
0.0,0.0,0.44570149196685654,,,
1.0,1.0,0.61757317510881,,,
0.0,0.0,0.4311235531740064,,,
0.0,0.0,0.3940297870258005,,,
0.0,0.0,0.3877924392803315,,,
1.0,1.0,0.5020737623182143,,,
0.0,0.0,0.47090320217997117,,,
1.0,1.0,0.7842025185368112,,,
1.0,1.0,0.5071403630517453,,,
1.0,1.0,0.5819287926270136,,,
0.0,0.0,0.4043420917036972,,,
0.0,0.0,0.44423947858571267,,,
0.0,0.0,0.3301542570591516,,,
1.0,1.0,0.8163978757459148,,,
1.0,0.0,0.41064218003111796,,,
1.0,0.0,0.4841704170305187,,,
1.0,0.0,0.49272059851534816,,,
0.0,1.0,0.5173592464111422,,,
1.0,0.0,0.45484046181203297,,,
1.0,0.0,0.4338081236196375,,,
0.0,0.0,0.4282338239265783,,,
0.0,0.0,0.423907427824702,,,
1.0,1.0,0.6962403663038498,,,
0.0,0.0,0.43098738468297976,,,
1.0,1.0,0.5590104774511515,,,
0.0,0.0,0.34361266116498695,,,
1.0,1.0,0.5368748420042861,,,
1.0,0.0,0.49368647832412577,,,
0.0,1.0,0.5239763322137395,,,
1.0,1.0,0.547118489717214,,,
1.0,1.0,0.8343128107230142,,,
1.0,0.0,0.4890902818371101,,,
0.0,1.0,0.5001071730669645,,,
0.0,0.0,0.4011941449128937,,,
1.0,0.0,0.47853363668962223,,,
0.0,1.0,0.5506032103784911,,,
0.0,0.0,0.44699858618885363,,,
1.0,0.0,0.49232077155350584,,,
0.0,0.0,0.3827931040637618,,,
0.0,0.0,0.39667033465772256,,,
0.0,0.0,0.3700879226273139,,,
1.0,0.0,0.48837437950781737,,,
0.0,0.0,0.3938564737824389,,,
0.0,0.0,0.43271903828417285,,,
0.0,0.0,0.44842442377092445,,,
1.0,1.0,0.6569031579831258,,,
1.0,0.0,0.4737897735589617,,,
1.0,0.0,0.3827235390802772,,,
1.0,1.0,0.6036835695087132,,,
0.0,0.0,0.3847060082170742,,,
1.0,0.0,0.3655984367349977,,,
1.0,1.0,0.5463594455846353,,,
1.0,1.0,0.5931740148786536,,,
1.0,1.0,0.7483872114307164,,,
0.0,0.0,0.3460429837058777,,,
1.0,0.0,0.4978508579983367,,,
1.0,0.0,0.46208450156412745,,,
0.0,1.0,0.5772938421400927,,,
1.0,1.0,0.6423164216691628,,,
1.0,0.0,0.4931636653568133,,,
0.0,0.0,0.4581440700616008,,,
0.0,0.0,0.35856551203058307,,,
0.0,0.0,0.4285162241755985,,,
0.0,0.0,0.37873243123202144,,,
0.0,0.0,0.433389095549424,,,
0.0,0.0,0.37593869220650006,,,
0.0,0.0,0.39776545661698376,,,
0.0,0.0,0.2971419888053379,,,
1.0,1.0,0.5642127047821544,,,
1.0,0.0,0.4121164122288408,,,
1.0,1.0,0.6769998128588347,,,
0.0,0.0,0.3213218977858506,,,
0.0,0.0,0.37699578488663427,,,
0.0,0.0,0.4447878131728919,,,
0.0,0.0,0.48281358696890475,,,
0.0,0.0,0.36333585241915317,,,
0.0,0.0,0.44990553222818,,,
1.0,1.0,0.5905767139502804,,,
1.0,1.0,0.735023429868957,,,
0.0,0.0,0.4379476961395048,,,
1.0,0.0,0.4788691001987781,,,
1.0,0.0,0.4996627533037497,,,
0.0,0.0,0.3769091046811401,,,
0.0,0.0,0.3711383798780093,,,
1.0,1.0,0.6750042666395893,,,
1.0,1.0,0.7637859926777916,,,
0.0,0.0,0.4350778517190158,,,
0.0,0.0,0.39205764517000546,,,
1.0,1.0,0.5640970960487537,,,
1.0,1.0,0.7301416913823588,,,
1.0,0.0,0.48703848922252685,,,
1.0,1.0,0.8046604675295939,,,
0.0,0.0,0.385244059345908,,,
0.0,0.0,0.3836577592329154,,,
1.0,1.0,0.586393175195669,,,
1.0,0.0,0.4852315412662623,,,
0.0,0.0,0.4367822768295028,,,
0.0,0.0,0.3924085748156525,,,
0.0,1.0,0.52817709257309,,,
1.0,1.0,0.776957802607358,,,
0.0,0.0,0.3125433485987921,,,
0.0,0.0,0.41170920203438366,,,
0.0,0.0,0.45372100444622354,,,
0.0,0.0,0.34863302522457373,,,
1.0,0.0,0.4733323718491097,,,
1.0,1.0,0.5199140987250566,,,
1.0,1.0,0.6997172554500926,,,
1.0,1.0,0.6604886887284114,,,
1.0,1.0,0.6988877044688114,,,
0.0,0.0,0.34817479462150563,,,
0.0,0.0,0.40116310511302544,,,
1.0,1.0,0.5691049692310262,,,
0.0,0.0,0.3585838450389341,,,
0.0,0.0,0.3450840907611596,,,
0.0,0.0,0.45662008571992724,,,
1.0,0.0,0.42831798901276086,,,
0.0,0.0,0.33368578988402303,,,
1.0,0.0,0.4595555921770742,,,
0.0,0.0,0.48265696413865883,,,
0.0,0.0,0.3623316439878751,,,
0.0,0.0,0.47376960942218055,,,
0.0,0.0,0.4132471075603064,,,
1.0,0.0,0.4699372940681802,,,
0.0,0.0,0.4843859952211866,,,
0.0,0.0,0.4507052479963121,,,
1.0,1.0,0.5597299085931594,,,
0.0,0.0,0.34810868475882156,,,
0.0,0.0,0.39459090467863456,,,
1.0,1.0,0.6380808315875613,,,
1.0,0.0,0.4280502432480331,,,
1.0,0.0,0.4563762998027296,,,
0.0,0.0,0.37131646204327123,,,
0.0,0.0,0.4104821101729463,,,
0.0,1.0,0.6509579273848157,,,
0.0,0.0,0.39751353788254995,,,
1.0,1.0,0.5580832449494376,,,
1.0,1.0,0.5020855894728915,,,
0.0,0.0,0.4013094983701583,,,
0.0,0.0,0.49696074322991146,,,
1.0,1.0,0.6621499134173742,,,
0.0,0.0,0.4241414798596855,,,
0.0,0.0,0.3848718250017498,,,
1.0,0.0,0.39587841956463815,,,
1.0,0.0,0.3867498821568653,,,
1.0,0.0,0.49496503742953646,,,
0.0,0.0,0.4100380840382156,,,
1.0,0.0,0.45618300998748945,,,
1.0,0.0,0.41855754130506057,,,
1.0,0.0,0.46620321853315433,,,
1.0,0.0,0.4599579157835645,,,
1.0,0.0,0.48997395338771416,,,
0.0,0.0,0.4302811216906335,,,
0.0,0.0,0.4853636807466135,,,
1.0,1.0,0.5370020702190618,,,
0.0,0.0,0.352691526505682,,,
1.0,1.0,0.6373427860241236,,,
0.0,1.0,0.5106825817007105,,,
0.0,1.0,0.6720399448545185,,,
0.0,0.0,0.4065057625429569,,,
0.0,0.0,0.38244561572430125,,,
1.0,1.0,0.5889271845201964,,,
1.0,0.0,0.43696311322506776,,,
0.0,0.0,0.43543680439914667,,,
0.0,1.0,0.5852906652562694,,,
0.0,0.0,0.49474141925678655,,,
0.0,0.0,0.37593869220650006,,,
0.0,0.0,0.3966775468509338,,,
0.0,0.0,0.41267543031781584,,,
1.0,1.0,0.5102056966583712,,,
0.0,0.0,0.4102069592608813,,,
0.0,1.0,0.5879644791649768,,,
0.0,0.0,0.39586578911292286,,,
0.0,0.0,0.4305936755193889,,,
0.0,0.0,0.3879631180219362,,,
1.0,0.0,0.46127223330070566,,,
1.0,1.0,0.6245380146665518,,,
0.0,0.0,0.441321862409758,,,
0.0,0.0,0.3757654666082912,,,
0.0,0.0,0.3746996402624247,,,
0.0,0.0,0.4139542967023357,,,
1.0,0.0,0.3356860158957508,,,
0.0,0.0,0.4103721081100576,,,
0.0,0.0,0.44203126910521173,,,
0.0,0.0,0.39819859758959003,,,
0.0,0.0,0.31092713185626714,,,
0.0,1.0,0.6726499646005357,,,
0.0,0.0,0.4835998553105453,,,
1.0,0.0,0.4379267859584308,,,
0.0,0.0,0.35149862216827793,,,
0.0,0.0,0.3799127535719598,,,
1.0,1.0,0.557751031765402,,,
1.0,1.0,0.5835966193787792,,,
0.0,0.0,0.3958632121281101,,,
0.0,0.0,0.30781170765993365,,,
1.0,1.0,0.5328300870036611,,,
0.0,1.0,0.5474931249809364,,,
1.0,0.0,0.436010570043898,,,
0.0,0.0,0.3660980778495641,,,
0.0,0.0,0.44377409420825514,,,
0.0,0.0,0.46135807684473773,,,
1.0,0.0,0.37067458340023957,,,
1.0,1.0,0.737571663855173,,,
0.0,0.0,0.38484269800290005,,,
1.0,0.0,0.4090863145923881,,,
0.0,0.0,0.42428415518765394,,,
1.0,1.0,0.5888468536715743,,,
1.0,0.0,0.42726436921896105,,,
0.0,0.0,0.3967756764979044,,,
1.0,0.0,0.4603076773881951,,,
1.0,1.0,0.642268458560367,,,
0.0,0.0,0.4768669742378516,,,
0.0,0.0,0.4297321364099306,,,
0.0,0.0,0.40078331202885104,,,
1.0,1.0,0.508378450880661,,,
0.0,0.0,0.4024320404532754,,,
0.0,0.0,0.4098024095064089,,,
1.0,0.0,0.41265381074850666,,,
1.0,1.0,0.6434029471827447,,,
1.0,1.0,0.6048658531508826,,,
0.0,0.0,0.4780128729648422,,,
1.0,1.0,0.5531021117368545,,,
0.0,0.0,0.400156523396127,,,
0.0,0.0,0.42735440508871597,,,
0.0,0.0,0.40394614494849035,,,
1.0,1.0,0.5481644420574534,,,
0.0,0.0,0.48607374810173243,,,
0.0,0.0,0.38030811296789785,,,
1.0,0.0,0.482220210009446,,,
1.0,0.0,0.4372577154238341,,,
1.0,1.0,0.53812961277952,,,
0.0,1.0,0.5012991304634896,,,
1.0,1.0,0.514207873949918,,,
0.0,0.0,0.2999676193036422,,,
1.0,0.0,0.4571236181224458,,,
1.0,0.0,0.47482248970088725,,,
0.0,0.0,0.46514702936955654,,,
0.0,0.0,0.42109347374347444,,,
0.0,0.0,0.364884569035901,,,
1.0,1.0,0.5282501940508736,,,
1.0,1.0,0.6528592909441054,,,
1.0,0.0,0.4935143169566737,,,
0.0,0.0,0.4533716965107001,,,
0.0,0.0,0.34429175592545336,,,
1.0,0.0,0.49045610248101323,,,
1.0,0.0,0.419922395602731,,,
0.0,1.0,0.5769869363308803,,,
1.0,1.0,0.5565416049477893,,,
1.0,1.0,0.5112679329612548,,,
1.0,1.0,0.58580709100475,,,
1.0,1.0,0.6867370544901276,,,
0.0,0.0,0.4200271238046678,,,
1.0,0.0,0.4529833091822024,,,
0.0,0.0,0.35885756088036747,,,
0.0,0.0,0.4636105670828771,,,
1.0,1.0,0.6577733556119644,,,
1.0,1.0,0.6474912482516044,,,
1.0,0.0,0.3997972357250165,,,
0.0,0.0,0.4499313417217171,,,
1.0,1.0,0.5162977674419427,,,
1.0,0.0,0.35034298908672584,,,
1.0,1.0,0.5099636653467243,,,
0.0,0.0,0.39693479983679403,,,
0.0,0.0,0.3850067642176628,,,
1.0,1.0,0.5069036464116804,,,
0.0,0.0,0.40532191800062245,,,
0.0,0.0,0.40442617562541167,,,
0.0,0.0,0.3563176863241729,,,
0.0,0.0,0.40239156113000646,,,
1.0,0.0,0.4497709354799212,,,
0.0,1.0,0.5057116231384987,,,
1.0,0.0,0.49867306278618184,,,
0.0,0.0,0.4377151054558607,,,
0.0,1.0,0.5140902343759504,,,
1.0,1.0,0.6922714370252352,,,
0.0,1.0,0.6081931188794177,,,
0.0,0.0,0.3372228737193437,,,
0.0,0.0,0.4295812060703862,,,
1.0,0.0,0.41989638463679757,,,
1.0,0.0,0.49179180337769984,,,
1.0,1.0,0.6854507105932521,,,
0.0,0.0,0.37409453396743214,,,
1.0,1.0,0.5128004919880763,,,
1.0,1.0,0.5722049918327838,,,
0.0,0.0,0.3557162092262277,,,
0.0,0.0,0.3783380139927751,,,
0.0,0.0,0.4615812004605194,,,
1.0,1.0,0.5100432036897725,,,
0.0,1.0,0.5548801068838459,,,
0.0,0.0,0.4272103267191967,,,
0.0,0.0,0.38331099299472576,,,
1.0,0.0,0.40981188410991454,,,
0.0,0.0,0.39640556316702025,,,
1.0,1.0,0.5411391362147019,,,
1.0,1.0,0.7461548411256677,,,
0.0,0.0,0.40664191211116796,,,
0.0,0.0,0.3320441353578878,,,
0.0,0.0,0.44951656555187636,,,
0.0,0.0,0.43694623013348644,,,
0.0,0.0,0.42504218845888947,,,
1.0,1.0,0.5005852336598067,,,
1.0,1.0,0.552275789719594,,,
0.0,0.0,0.39942023348775774,,,
1.0,0.0,0.48360088004013174,,,
1.0,1.0,0.5789888569328685,,,
0.0,0.0,0.4156255584579133,,,
1.0,1.0,0.548060788066524,,,
0.0,0.0,0.4293192519939237,,,
1.0,1.0,0.5835478054502442,,,
1.0,1.0,0.5974609242716623,,,
0.0,0.0,0.3418404632301249,,,
0.0,0.0,0.477436676350156,,,
0.0,0.0,0.4690432141977904,,,
0.0,0.0,0.34347127505990294,,,
1.0,1.0,0.56439115087382,,,
1.0,0.0,0.38570096364258993,,,
1.0,0.0,0.43584729895565544,,,
1.0,1.0,0.5018536259767767,,,
1.0,1.0,0.5129158030920473,,,
0.0,0.0,0.36538573362292215,,,
1.0,1.0,0.6632878469073108,,,
1.0,1.0,0.6835708009509265,,,
0.0,0.0,0.43125090199411625,,,
1.0,0.0,0.47345683022920704,,,
1.0,1.0,0.5209968719963277,,,
1.0,1.0,0.5282501940508736,,,
0.0,0.0,0.40894306548094284,,,
0.0,0.0,0.3801987838987341,,,
1.0,1.0,0.6289444618799217,,,
1.0,1.0,0.6942457634708867,,,
1.0,0.0,0.4515107940426014,,,
0.0,0.0,0.34942460626690675,,,
0.0,0.0,0.45926786663494995,,,
0.0,0.0,0.3857985729495549,,,
0.0,0.0,0.4084871779628706,,,
0.0,0.0,0.4372072034905753,,,
1.0,1.0,0.7690955218011751,,,
0.0,0.0,0.39443604286535855,,,
1.0,1.0,0.6679685880254954,,,
0.0,0.0,0.400501751601764,,,
1.0,1.0,0.5346915137173978,,,
1.0,0.0,0.4772210617170463,,,
0.0,0.0,0.40185636246543344,,,
0.0,0.0,0.4472577817667308,,,
0.0,0.0,0.49433192376439966,,,
0.0,0.0,0.4556992104672853,,,
1.0,0.0,0.4489187520768825,,,
0.0,0.0,0.4733323718491097,,,
0.0,1.0,0.5166710895412787,,,
1.0,0.0,0.4667355909516324,,,
0.0,0.0,0.42023644443204855,,,
0.0,0.0,0.4329220108384287,,,
1.0,1.0,0.5288642696581941,,,
1.0,1.0,0.5198931314611891,,,
0.0,0.0,0.41428822170370433,,,
0.0,0.0,0.450461871250602,,,
1.0,1.0,0.6855323570153165,,,
0.0,0.0,0.36944625963490246,,,
1.0,1.0,0.6172832551789382,,,
0.0,0.0,0.46636553625453814,,,
1.0,1.0,0.6908298746689056,,,
0.0,0.0,0.3857050037788016,,,
0.0,0.0,0.4173161190047129,,,
0.0,0.0,0.4706027290445838,,,
0.0,0.0,0.3456896150992263,,,
1.0,0.0,0.4820582723456506,,,
0.0,0.0,0.469768423237689,,,
1.0,1.0,0.5764797152281178,,,
1.0,1.0,0.6489473501707331,,,
0.0,0.0,0.4020547088250915,,,
1.0,1.0,0.6714369088705142,,,
1.0,1.0,0.515366137716528,,,
1.0,1.0,0.7595402145993558,,,
0.0,1.0,0.6741889534459121,,,
0.0,0.0,0.3675451010806888,,,
0.0,0.0,0.45832221259770795,,,
0.0,0.0,0.4964872213306616,,,
0.0,0.0,0.33769752050684326,,,
1.0,0.0,0.4483784771381275,,,
1.0,1.0,0.6500621410087821,,,
0.0,0.0,0.3895501687931242,,,
0.0,0.0,0.32169267810030283,,,
1.0,1.0,0.5599642119745232,,,
0.0,0.0,0.38917194544268496,,,
0.0,0.0,0.43968182929154287,,,
0.0,0.0,0.38388935560461757,,,
1.0,1.0,0.5140479304875745,,,
1.0,0.0,0.44468064105022487,,,
1.0,1.0,0.5956850883267947,,,
1.0,1.0,0.729975630046074,,,
1.0,1.0,0.7053108171035304,,,
1.0,1.0,0.5849650078772693,,,
0.0,0.0,0.3875367766972019,,,
0.0,0.0,0.40904137278696007,,,
0.0,1.0,0.5699687952011946,,,
1.0,1.0,0.5145068339042855,,,
1.0,1.0,0.6809358563123289,,,
0.0,0.0,0.414514065614177,,,
1.0,1.0,0.5943518222564407,,,
1.0,1.0,0.5894005381413675,,,
1.0,1.0,0.6877103842728667,,,
1.0,0.0,0.4230856588704724,,,
1.0,1.0,0.6536807525381269,,,
0.0,0.0,0.4166830624973226,,,
0.0,0.0,0.4062525352667616,,,
0.0,0.0,0.21499503419251792,,,
0.0,0.0,0.36198645265845103,,,
0.0,1.0,0.5031785210338813,,,
0.0,0.0,0.41531131810234695,,,
0.0,0.0,0.47428634132158487,,,
0.0,0.0,0.3629521845439174,,,
0.0,0.0,0.4662360612890759,,,
1.0,1.0,0.6017263700314555,,,
0.0,0.0,0.44577664140785844,,,
1.0,0.0,0.4931153137185434,,,
0.0,0.0,0.3980993872039835,,,
0.0,0.0,0.40845617459206573,,,
1.0,1.0,0.8234350120922276,,,
1.0,0.0,0.482220210009446,,,
0.0,0.0,0.48698291598077587,,,
0.0,0.0,0.47897613061152994,,,
1.0,0.0,0.43908235117130595,,,
1.0,1.0,0.6663899973216787,,,
1.0,1.0,0.5509325798612874,,,
1.0,1.0,0.8120570248680176,,,
1.0,1.0,0.6648636097068188,,,
0.0,1.0,0.5106396847839376,,,
1.0,0.0,0.4041741183955549,,,
1.0,0.0,0.49904624187029134,,,
1.0,1.0,0.5503034930682252,,,
0.0,0.0,0.35063150025444595,,,
0.0,0.0,0.40371327916116645,,,
1.0,1.0,0.7507096447058387,,,
1.0,1.0,0.5365617473426635,,,
1.0,0.0,0.34581989390625545,,,
1.0,1.0,0.6792068844031746,,,
1.0,0.0,0.4179614624984881,,,
0.0,0.0,0.408743628015798,,,
0.0,0.0,0.3909234294511816,,,
0.0,0.0,0.3482871781803464,,,
0.0,0.0,0.36627854086873,,,
0.0,0.0,0.37892515808961436,,,
1.0,0.0,0.4575113713393025,,,
1.0,0.0,0.3682870863474895,,,
1.0,1.0,0.5601041397813488,,,
0.0,0.0,0.31218044146427704,,,
0.0,0.0,0.445811148829785,,,
0.0,0.0,0.39112548645486606,,,
1.0,0.0,0.4902626300768409,,,
0.0,1.0,0.5426258411044911,,,
0.0,0.0,0.3713175377616045,,,
1.0,0.0,0.39148402445794517,,,
1.0,1.0,0.5322143644212607,,,
1.0,0.0,0.45739131284530016,,,
1.0,1.0,0.63170772193352,,,
1.0,0.0,0.49201535087513304,,,
1.0,0.0,0.45640105461974106,,,
0.0,0.0,0.4853779614983983,,,
1.0,1.0,0.7530283579334806,,,
0.0,0.0,0.3319484429943412,,,
0.0,0.0,0.4833902754584427,,,
0.0,0.0,0.3740866003172004,,,
0.0,0.0,0.36972881433985666,,,
1.0,0.0,0.4421106416580172,,,
0.0,0.0,0.47696466312680114,,,
1.0,1.0,0.5340103270038014,,,
0.0,0.0,0.484371134057194,,,
1.0,0.0,0.46756389749127525,,,
0.0,0.0,0.47506300493319104,,,
0.0,0.0,0.3825498398164384,,,
0.0,0.0,0.3738058448399169,,,
0.0,0.0,0.3549347567640716,,,
0.0,0.0,0.4712556010631695,,,
1.0,1.0,0.5140882500727171,,,
1.0,1.0,0.69105535957848,,,
1.0,0.0,0.42676633140169756,,,
0.0,0.0,0.32309703440310844,,,
0.0,0.0,0.4757666728596053,,,
1.0,1.0,0.6130243928643401,,,
0.0,0.0,0.36319926995482454,,,
1.0,1.0,0.602497660005525,,,
1.0,1.0,0.6001027867713915,,,
0.0,0.0,0.34637581406273454,,,
1.0,1.0,0.5905644393933059,,,
0.0,0.0,0.33032057484669386,,,
1.0,1.0,0.510200362062948,,,
0.0,0.0,0.49961147895451086,,,
1.0,0.0,0.4751039729549816,,,
0.0,1.0,0.5288297746951259,,,
1.0,1.0,0.5292678477279952,,,
1.0,1.0,0.6178030255973478,,,
0.0,0.0,0.43853010345104415,,,
1.0,0.0,0.4664845746808164,,,
1.0,1.0,0.5242315984167552,,,
1.0,0.0,0.4302157801930311,,,
1.0,1.0,0.6846366822175972,,,
0.0,0.0,0.41074140517171553,,,
1.0,1.0,0.680781019335722,,,
0.0,0.0,0.4976763668685233,,,
0.0,0.0,0.41150703920703974,,,
0.0,0.0,0.4220488053429205,,,
1.0,0.0,0.49858578867133446,,,
1.0,0.0,0.43265035788024314,,,
1.0,1.0,0.5094786686582929,,,
0.0,0.0,0.3679549211705166,,,
0.0,0.0,0.4232830712874822,,,
1.0,0.0,0.42960663055792236,,,
1.0,1.0,0.6024424367432076,,,
1.0,0.0,0.35297661313773554,,,
0.0,1.0,0.5101046046928586,,,
1.0,1.0,0.6402530484030213,,,
0.0,0.0,0.3314262319361883,,,
0.0,0.0,0.443992370569522,,,
0.0,0.0,0.34740963425408006,,,
0.0,0.0,0.4226746060998865,,,
1.0,1.0,0.5935740176593303,,,
0.0,1.0,0.6164433734457127,,,
0.0,1.0,0.667811130684503,,,
0.0,1.0,0.5509364993035245,,,
1.0,1.0,0.778643118319303,,,
1.0,1.0,0.5272043645068412,,,
1.0,1.0,0.5163455142471636,,,
0.0,0.0,0.469768423237689,,,
0.0,0.0,0.3657285933502618,,,
1.0,1.0,0.6610245534104819,,,
0.0,0.0,0.37243481311305987,,,
0.0,0.0,0.3664386917681703,,,
1.0,1.0,0.5435747796805207,,,
1.0,0.0,0.4141677448321388,,,
0.0,0.0,0.47960127576342465,,,
1.0,1.0,0.6362227868144582,,,
1.0,1.0,0.5464431717835061,,,
1.0,1.0,0.7723104125034302,,,
0.0,0.0,0.4551684958621367,,,
1.0,1.0,0.503298580915754,,,
0.0,0.0,0.40266171655871874,,,
1.0,0.0,0.3730788165389562,,,
0.0,0.0,0.4212770441164045,,,
1.0,1.0,0.6349064512655356,,,
1.0,0.0,0.38288148550365647,,,
1.0,1.0,0.5193604732107971,,,
1.0,1.0,0.5848251065551117,,,
0.0,0.0,0.3367499252681368,,,
1.0,0.0,0.43727849626486776,,,
0.0,0.0,0.3725237243808884,,,
0.0,0.0,0.34883054720919215,,,
0.0,0.0,0.35629498219229216,,,
1.0,0.0,0.4895538339210268,,,
1.0,1.0,0.6616621587407041,,,
0.0,0.0,0.3511516779550369,,,
1.0,1.0,0.7255163886287128,,,
0.0,0.0,0.4004688120012538,,,
0.0,0.0,0.4067350834776393,,,
1.0,1.0,0.51910165657911,,,
0.0,0.0,0.395074358050469,,,
1.0,1.0,0.7695024744108748,,,
0.0,0.0,0.21973724144811788,,,
1.0,1.0,0.6286144338757954,,,
0.0,0.0,0.3591628080648147,,,
0.0,1.0,0.5317531244411787,,,
1.0,0.0,0.41964900345032835,,,
0.0,1.0,0.5047651490420986,,,
1.0,0.0,0.38519571176689504,,,
1.0,1.0,0.5165137331866089,,,
0.0,0.0,0.3511516779550369,,,
0.0,0.0,0.42786861745057636,,,
1.0,1.0,0.641417671622309,,,
0.0,0.0,0.43032854762429096,,,
1.0,1.0,0.5108892140081989,,,
0.0,0.0,0.380075229541757,,,
0.0,0.0,0.45998600875759177,,,
1.0,1.0,0.7069495273045568,,,
0.0,0.0,0.3815508590502528,,,
0.0,0.0,0.4186027042259409,,,
0.0,0.0,0.36709103866237525,,,
0.0,0.0,0.43508745172917035,,,
1.0,0.0,0.4291415332665526,,,
0.0,0.0,0.3045443776918327,,,
1.0,1.0,0.6956866503703013,,,
1.0,0.0,0.46905376686475636,,,
1.0,1.0,0.7186086729554836,,,
0.0,0.0,0.42789670608432406,,,
1.0,0.0,0.458056686632614,,,
0.0,0.0,0.41307014956382815,,,
1.0,0.0,0.4593475233083738,,,
0.0,0.0,0.47812518875984916,,,
1.0,1.0,0.5372380482588415,,,
1.0,0.0,0.47719156964488535,,,
1.0,1.0,0.5807058557819995,,,
0.0,0.0,0.27595697323562945,,,
0.0,0.0,0.4171922799893262,,,
0.0,1.0,0.5792337751737358,,,
0.0,0.0,0.40476791472007173,,,
0.0,0.0,0.36095661621196456,,,
1.0,1.0,0.5387270141661364,,,
1.0,1.0,0.7692883230450289,,,
1.0,0.0,0.4113853635798145,,,
1.0,1.0,0.6526702429929091,,,
0.0,0.0,0.4531052453494532,,,
1.0,1.0,0.6801711093061072,,,
1.0,1.0,0.7650440309002895,,,
1.0,1.0,0.7485309204615822,,,
1.0,1.0,0.5316945591134183,,,
0.0,0.0,0.27972295267806535,,,
1.0,1.0,0.576560301385694,,,
1.0,1.0,0.5130347929456182,,,
1.0,0.0,0.41927205670019546,,,
0.0,0.0,0.4539888346903691,,,
0.0,0.0,0.3911941124373732,,,
1.0,1.0,0.5128878447476649,,,
0.0,0.0,0.358640932193705,,,
1.0,0.0,0.4395300470068412,,,
1.0,1.0,0.52561822703764,,,
0.0,0.0,0.31871420782738896,,,
0.0,0.0,0.37985601203166336,,,
1.0,0.0,0.4835998553105453,,,
0.0,0.0,0.39552068829654796,,,
0.0,0.0,0.3430582338264333,,,
1.0,1.0,0.5449441754234263,,,
1.0,0.0,0.3720883903602635,,,
1.0,1.0,0.657205339900315,,,
0.0,0.0,0.41750884057670623,,,
1.0,1.0,0.6816443823073068,,,
1.0,0.0,0.4599664909980676,,,
1.0,1.0,0.5752074255234045,,,
1.0,0.0,0.4895810303617382,,,
0.0,0.0,0.4722362144955713,,,
1.0,1.0,0.5568793026323764,,,
1.0,0.0,0.46590227262936273,,,
0.0,0.0,0.3958124671630048,,,
0.0,0.0,0.44195400375168487,,,
1.0,1.0,0.6206774614116021,,,
1.0,1.0,0.5246206539303772,,,
1.0,0.0,0.4746074535845358,,,
1.0,0.0,0.4122246146047142,,,
0.0,0.0,0.37837327935753384,,,
0.0,0.0,0.3152529117234173,,,
0.0,0.0,0.3960042877152981,,,
1.0,0.0,0.46793179380982236,,,
1.0,1.0,0.530192186495305,,,
0.0,0.0,0.45757773963828907,,,
0.0,0.0,0.33478340108283117,,,
0.0,0.0,0.4486805579523762,,,
0.0,0.0,0.3668047621854445,,,
0.0,0.0,0.4260388157065406,,,
1.0,1.0,0.5029877125403611,,,
0.0,1.0,0.5078390883291957,,,
1.0,0.0,0.48248329533884526,,,
1.0,0.0,0.4063421431692458,,,
1.0,0.0,0.4484163122233266,,,
0.0,1.0,0.5590325949933863,,,
1.0,1.0,0.5860704459080963,,,
1.0,1.0,0.6035708533856816,,,
0.0,0.0,0.3398676695072531,,,
1.0,1.0,0.5093503746300174,,,
1.0,0.0,0.47911383496729415,,,
0.0,0.0,0.37883810813330787,,,
0.0,1.0,0.5001207242514489,,,
0.0,0.0,0.413945817437342,,,
1.0,0.0,0.4765057533888316,,,
0.0,1.0,0.5104646928399151,,,
0.0,0.0,0.41387438840042917,,,
1.0,1.0,0.5286484390835601,,,
1.0,1.0,0.534114446169176,,,
0.0,0.0,0.44964554027748715,,,
0.0,0.0,0.48707469170124307,,,
1.0,1.0,0.6234424758415241,,,
0.0,1.0,0.5005024349133523,,,
0.0,0.0,0.42266177071132666,,,
0.0,0.0,0.4737798627281473,,,
1.0,1.0,0.7794292003557435,,,
1.0,1.0,0.5164566815431858,,,
0.0,0.0,0.4142317594420834,,,
1.0,0.0,0.4081545557306865,,,
0.0,0.0,0.4053799164908017,,,
0.0,0.0,0.449531808925076,,,
0.0,0.0,0.3647096690574587,,,
0.0,0.0,0.48716388260600973,,,
1.0,1.0,0.5911021752656086,,,
1.0,1.0,0.5310085627088118,,,
0.0,1.0,0.5040199536247303,,,
0.0,1.0,0.6928745097578481,,,
0.0,1.0,0.5698771964801486,,,
0.0,0.0,0.3584329526508692,,,
1.0,1.0,0.6087431823094652,,,
0.0,0.0,0.3837989634118028,,,
0.0,0.0,0.33708805997218905,,,
0.0,0.0,0.4398242241872945,,,
1.0,1.0,0.7546757310238771,,,
0.0,0.0,0.4195539639002037,,,
0.0,1.0,0.5001118834599909,,,
1.0,1.0,0.6411346250452993,,,
0.0,0.0,0.3179701751525027,,,
1.0,1.0,0.5395984726006555,,,
1.0,1.0,0.5290917876685024,,,
1.0,1.0,0.5405363354475401,,,
1.0,1.0,0.5179553858930486,,,
1.0,1.0,0.5761759207543883,,,
0.0,0.0,0.4088157847171522,,,
1.0,1.0,0.6736701634134149,,,
1.0,1.0,0.5397590909953199,,,
0.0,1.0,0.5320941668728899,,,
0.0,0.0,0.3900822337643435,,,
1.0,1.0,0.7205109153720702,,,
1.0,0.0,0.45598588909789656,,,
0.0,0.0,0.3819436435362566,,,
1.0,1.0,0.6743839596743915,,,
1.0,1.0,0.763568039109173,,,
0.0,0.0,0.39725431618552626,,,
1.0,0.0,0.46077762471728817,,,
1.0,0.0,0.4287431008708771,,,
1.0,0.0,0.431144377932226,,,
0.0,0.0,0.33838964478606276,,,
1.0,1.0,0.7379153149164553,,,
1.0,0.0,0.43460320923037277,,,
0.0,0.0,0.3360487911843311,,,
0.0,0.0,0.4058130266956025,,,
0.0,0.0,0.3339136936654455,,,
1.0,0.0,0.45842897830490426,,,
1.0,1.0,0.5610113166200446,,,
1.0,0.0,0.4089051278715458,,,
1.0,0.0,0.4073284630265218,,,
1.0,0.0,0.4567640781071723,,,
0.0,1.0,0.5113145531802592,,,
0.0,0.0,0.370449901786837,,,
0.0,0.0,0.3540459660807361,,,
0.0,0.0,0.4006980632385893,,,
0.0,1.0,0.7147997682271884,,,
0.0,1.0,0.5155370013728281,,,
1.0,1.0,0.5757590953675508,,,
1.0,1.0,0.6375463768823888,,,
1.0,1.0,0.7038253765043173,,,
1.0,0.0,0.39965143716445894,,,
0.0,0.0,0.3090723377929537,,,
1.0,1.0,0.7447219438437525,,,
1.0,1.0,0.8417559891961622,,,
1.0,1.0,0.8126076284472084,,,
0.0,0.0,0.37216025387628127,,,
1.0,1.0,0.5886932109580234,,,
1.0,1.0,0.6406409322807403,,,
1.0,0.0,0.49559532305799814,,,
0.0,1.0,0.5296072172441749,,,
1.0,1.0,0.5468891398886124,,,
0.0,0.0,0.4192083251232645,,,
0.0,0.0,0.42787403227263004,,,
0.0,0.0,0.39186127045876384,,,
0.0,0.0,0.43085923492444794,,,
0.0,0.0,0.4875118967678936,,,
0.0,0.0,0.361290302973808,,,
1.0,1.0,0.5571842125892769,,,
1.0,1.0,0.6046282687775216,,,
0.0,0.0,0.3770805920902096,,,
1.0,1.0,0.5824866339642828,,,
1.0,0.0,0.48185512570987143,,,
1.0,1.0,0.5785311242003153,,,
1.0,1.0,0.6249812043795293,,,
0.0,0.0,0.4742705616766167,,,
0.0,0.0,0.40423496794545805,,,
1.0,1.0,0.6445160942133933,,,
0.0,0.0,0.38349830281391206,,,
0.0,0.0,0.3284264225163293,,,
0.0,0.0,0.4387633676453415,,,
1.0,1.0,0.6963624839048215,,,
0.0,0.0,0.39301037602253364,,,
0.0,0.0,0.46215981880220247,,,
1.0,0.0,0.48873078321923824,,,
1.0,0.0,0.3769484607062315,,,
1.0,0.0,0.463409292167504,,,
1.0,1.0,0.8275042370473419,,,
1.0,1.0,0.5273998813300957,,,
1.0,1.0,0.5030617078763272,,,
0.0,0.0,0.41815571467444945,,,
0.0,0.0,0.4306814672809584,,,
1.0,1.0,0.5544121279396607,,,
0.0,0.0,0.40947363257926817,,,
0.0,0.0,0.4427629697595235,,,
1.0,0.0,0.46132306791344657,,,
0.0,0.0,0.4742705616766167,,,
0.0,0.0,0.3363428187982541,,,
1.0,0.0,0.4356828382351162,,,
1.0,0.0,0.43049036321153417,,,
1.0,0.0,0.4557399196929816,,,
0.0,0.0,0.4094551976046493,,,
1.0,1.0,0.7090850059228702,,,
0.0,0.0,0.37275943935330563,,,
1.0,0.0,0.4445191232544521,,,
1.0,0.0,0.4061942813419931,,,
1.0,1.0,0.7054774409085629,,,
0.0,0.0,0.47151096579035184,,,
1.0,0.0,0.40624128488785527,,,
0.0,0.0,0.39226859676041415,,,
1.0,1.0,0.5613943638939788,,,
0.0,0.0,0.4276185969565953,,,
0.0,0.0,0.3850574744865021,,,
1.0,1.0,0.6228880599042803,,,
1.0,0.0,0.46140956284926293,,,
0.0,0.0,0.35711771140867343,,,
1.0,0.0,0.46460888916110943,,,
0.0,0.0,0.41198457329904387,,,
0.0,0.0,0.4077476695624935,,,
0.0,0.0,0.4182758213703493,,,
1.0,1.0,0.592177741523674,,,
0.0,0.0,0.446839792243056,,,
1.0,0.0,0.42886578055498387,,,
1.0,0.0,0.462254172149526,,,
0.0,0.0,0.43944409920820376,,,
0.0,0.0,0.4471237402853299,,,
1.0,0.0,0.41094414294345366,,,
1.0,1.0,0.7212833628792529,,,
1.0,1.0,0.5524884642259714,,,
1.0,0.0,0.4523626514669718,,,
1.0,1.0,0.5570105871081195,,,
0.0,0.0,0.4770074835548027,,,
0.0,0.0,0.455666483505955,,,
0.0,0.0,0.4734809151019651,,,
0.0,0.0,0.291148344363623,,,
1.0,1.0,0.5068213789960265,,,
0.0,0.0,0.40397436856105784,,,
1.0,1.0,0.8039488775301616,,,
1.0,1.0,0.5702099842527494,,,
0.0,0.0,0.3292998171977671,,,
1.0,0.0,0.4621786890569715,,,
0.0,0.0,0.41359992931855316,,,
0.0,0.0,0.3648240593261523,,,
0.0,0.0,0.4407543120187275,,,
1.0,1.0,0.5560038186478072,,,
0.0,0.0,0.43345549877861644,,,
1.0,0.0,0.47767213276755993,,,
0.0,0.0,0.4492029725793572,,,
0.0,1.0,0.7109492264534498,,,
0.0,0.0,0.4759099053237237,,,
1.0,1.0,0.5612226277005421,,,
1.0,0.0,0.48615485118733515,,,
0.0,0.0,0.4022943003915406,,,
1.0,0.0,0.38658898420005283,,,
0.0,0.0,0.3683981567699374,,,
0.0,0.0,0.3068898264131053,,,
1.0,1.0,0.5561916225695928,,,
0.0,0.0,0.49919226674438316,,,
0.0,0.0,0.4225534021748003,,,
0.0,1.0,0.6000169744561642,,,
1.0,0.0,0.40307689977798666,,,
0.0,0.0,0.40112060191196897,,,
1.0,0.0,0.4696273938990287,,,
1.0,1.0,0.5432673186197103,,,
0.0,0.0,0.46443094975065935,,,
0.0,0.0,0.36240523938940544,,,
0.0,0.0,0.4357040888581926,,,
1.0,1.0,0.5510167903006148,,,
0.0,0.0,0.43775153870809536,,,
1.0,1.0,0.6117039854421178,,,
0.0,0.0,0.34321472796851427,,,
1.0,1.0,0.6307026447755352,,,
0.0,0.0,0.4128414748088929,,,
1.0,1.0,0.8150391149360333,,,
0.0,0.0,0.4771369532927308,,,
1.0,1.0,0.5209947409335514,,,
0.0,0.0,0.38497911605503743,,,
0.0,0.0,0.3643740131914459,,,
1.0,1.0,0.6547705737367996,,,
1.0,0.0,0.4362923359887359,,,
0.0,0.0,0.44433602574416164,,,
1.0,0.0,0.4708297246370172,,,
1.0,0.0,0.4471993236914446,,,
1.0,0.0,0.49459134640850216,,,
1.0,0.0,0.4062011308516701,,,
1.0,1.0,0.5894402436748127,,,
1.0,0.0,0.49213122679518556,,,
0.0,1.0,0.5205150392036663,,,
1.0,1.0,0.6984357332518614,,,
0.0,0.0,0.3856182930314956,,,
0.0,0.0,0.4581092652930164,,,
0.0,0.0,0.45291869769012166,,,
1.0,1.0,0.5393916551775859,,,
0.0,0.0,0.4089969693113495,,,
0.0,0.0,0.4386082667928652,,,
1.0,1.0,0.6009695536474039,,,
1.0,0.0,0.3957145412830508,,,
1.0,1.0,0.664659352411014,,,
0.0,0.0,0.35790039682258834,,,
1.0,1.0,0.6972210956254603,,,
0.0,0.0,0.42496428718742457,,,
1.0,0.0,0.4681307891574016,,,
1.0,1.0,0.5297341961047771,,,
0.0,0.0,0.4629292201947988,,,
0.0,1.0,0.5551054669052654,,,
1.0,0.0,0.4368307107175297,,,
1.0,0.0,0.46286570818708617,,,
0.0,0.0,0.477298165359384,,,
0.0,0.0,0.48472076989888313,,,
1.0,1.0,0.5354646989313221,,,
1.0,0.0,0.47755422175934786,,,
1.0,0.0,0.4511939642375123,,,
0.0,0.0,0.3813679228605966,,,
1.0,1.0,0.5412097927318488,,,
0.0,0.0,0.41131158363802756,,,
1.0,0.0,0.39740861031469366,,,
0.0,1.0,0.6239105699708373,,,
0.0,0.0,0.42354188808531434,,,
1.0,1.0,0.5915726679161009,,,
0.0,0.0,0.3532590298140518,,,
1.0,0.0,0.48115028730044673,,,
1.0,1.0,0.5139115725062665,,,
1.0,1.0,0.5381349311896128,,,
1.0,0.0,0.49357816926797804,,,
1.0,1.0,0.5723099196480564,,,
1.0,1.0,0.5673583830489957,,,
0.0,0.0,0.45071933913068035,,,
0.0,0.0,0.4870427004177868,,,
1.0,0.0,0.4331865682446589,,,
0.0,0.0,0.4672576462299535,,,
1.0,1.0,0.5799180721680041,,,
0.0,0.0,0.42371717160022176,,,
1.0,1.0,0.5766536305068858,,,
1.0,1.0,0.577340470451349,,,
0.0,0.0,0.4470603172110639,,,
1.0,1.0,0.5366302146693958,,,
1.0,0.0,0.49630721626417057,,,
1.0,1.0,0.5987577847827821,,,
1.0,1.0,0.7541912739491009,,,
0.0,0.0,0.4773172983616214,,,
0.0,0.0,0.45614362947352494,,,
0.0,0.0,0.3944263410474783,,,
1.0,0.0,0.4440233196730425,,,
1.0,1.0,0.5133439154956654,,,
1.0,0.0,0.488280695061982,,,
0.0,0.0,0.3963761140916191,,,
0.0,0.0,0.34233185352416,,,
1.0,1.0,0.5435345705990184,,,
1.0,1.0,0.5225446459527424,,,
0.0,0.0,0.4964739803441002,,,
1.0,0.0,0.42450379066099453,,,
1.0,1.0,0.581158153777697,,,
1.0,1.0,0.510255720775578,,,
0.0,0.0,0.3463948019362003,,,
0.0,0.0,0.3242504997944136,,,
1.0,0.0,0.37917124856600654,,,
0.0,0.0,0.3672944545030826,,,
0.0,0.0,0.41034258311351207,,,
1.0,1.0,0.663506341214556,,,
0.0,0.0,0.39245188584684365,,,
0.0,1.0,0.5043693670113549,,,
1.0,0.0,0.4096461259057818,,,
1.0,0.0,0.4323360446443521,,,
1.0,1.0,0.5816912483078572,,,
0.0,0.0,0.38466357597368744,,,
1.0,1.0,0.6366366582419248,,,
0.0,0.0,0.288596457772518,,,
1.0,0.0,0.48365557312056484,,,
1.0,0.0,0.451895681317695,,,
1.0,1.0,0.5468308718408054,,,
0.0,0.0,0.3934292598184293,,,
0.0,0.0,0.36108546466214647,,,
0.0,0.0,0.4585849790764742,,,
1.0,0.0,0.4731681424448365,,,
0.0,0.0,0.3922183355900038,,,
1.0,0.0,0.3730765068275024,,,
0.0,1.0,0.5272912773285512,,,
1.0,1.0,0.66892969474647,,,
1.0,0.0,0.4639878616131858,,,
0.0,0.0,0.312330118339071,,,
1.0,1.0,0.5348237425827133,,,
1.0,1.0,0.5585028477948849,,,
0.0,0.0,0.37593254229099915,,,
1.0,1.0,0.6088582152986504,,,
0.0,1.0,0.5018810126314612,,,
0.0,0.0,0.3820007437811766,,,
1.0,1.0,0.564945659624771,,,
0.0,1.0,0.5277377800113232,,,
0.0,1.0,0.5988826033280418,,,
1.0,1.0,0.5656353303864584,,,
0.0,0.0,0.40497867239562224,,,
0.0,0.0,0.42747991603754326,,,
0.0,0.0,0.32840313689625855,,,
0.0,0.0,0.4426695607775049,,,
1.0,1.0,0.6256046171105831,,,
1.0,1.0,0.5213307754046562,,,
0.0,0.0,0.4542370919722069,,,
1.0,1.0,0.5689215906875122,,,
1.0,1.0,0.5065718948598572,,,
0.0,0.0,0.42186992920485233,,,
0.0,0.0,0.3131692619534016,,,
0.0,1.0,0.5634589127218789,,,
1.0,0.0,0.42407967836614235,,,
1.0,1.0,0.5747612546479797,,,
1.0,0.0,0.44409207780079124,,,
0.0,0.0,0.42537793869582424,,,
0.0,0.0,0.4004689174311116,,,
1.0,1.0,0.536749153349661,,,
0.0,0.0,0.3916605988331113,,,
0.0,0.0,0.4957989423034931,,,
0.0,0.0,0.3917274354302396,,,
1.0,0.0,0.4499722591043013,,,
0.0,0.0,0.3490646521684127,,,
1.0,1.0,0.5170220249827533,,,
0.0,0.0,0.4136231432027463,,,
0.0,0.0,0.3838767099096034,,,
1.0,1.0,0.6594405756266221,,,
1.0,1.0,0.6721786122280219,,,
0.0,0.0,0.44533016684483046,,,
0.0,0.0,0.3731705493833628,,,
1.0,1.0,0.601617293347017,,,
1.0,0.0,0.4397213855064128,,,
0.0,0.0,0.36403384510806464,,,
0.0,0.0,0.4215288641175418,,,
1.0,0.0,0.4795024998911725,,,
1.0,0.0,0.38921529315614894,,,
0.0,0.0,0.4344654374138601,,,
0.0,0.0,0.46080804946664905,,,
0.0,0.0,0.4170948451407767,,,
1.0,1.0,0.5499993103625768,,,
1.0,0.0,0.3913490685030786,,,
1.0,1.0,0.655609675084105,,,
0.0,0.0,0.47955293321630615,,,
1.0,0.0,0.4461230131178873,,,
0.0,0.0,0.3990151893312044,,,
0.0,1.0,0.6573485428961271,,,
1.0,0.0,0.42057100735115,,,
1.0,1.0,0.5142824544237743,,,
0.0,0.0,0.421055113419825,,,
1.0,1.0,0.6806105814713815,,,
0.0,0.0,0.37709526385228614,,,
1.0,0.0,0.4449818739775672,,,
0.0,0.0,0.4952222665669262,,,
0.0,0.0,0.41789355036015746,,,
1.0,0.0,0.40004582859654914,,,
1.0,1.0,0.5288382438213519,,,
1.0,0.0,0.402965209367236,,,
1.0,1.0,0.5030958220354773,,,
1.0,0.0,0.4831113176114964,,,
1.0,0.0,0.4559036467615736,,,
0.0,0.0,0.442475779752967,,,
0.0,0.0,0.32792617663732476,,,
1.0,1.0,0.608531289154287,,,
0.0,0.0,0.44677823823238544,,,
0.0,0.0,0.38668956117573117,,,
0.0,0.0,0.40425493307100363,,,
0.0,0.0,0.3419617449066923,,,
0.0,0.0,0.37858318590415396,,,
1.0,0.0,0.40717460230483266,,,
1.0,1.0,0.5349281832189956,,,
1.0,1.0,0.5073214910533405,,,
1.0,1.0,0.7025642460112835,,,
0.0,0.0,0.37624682813514304,,,
1.0,1.0,0.535148544617725,,,
1.0,0.0,0.42960663055792236,,,
0.0,0.0,0.44456193395679644,,,
1.0,1.0,0.6481618291049929,,,
1.0,0.0,0.43511909386446646,,,
0.0,0.0,0.363285925920125,,,
0.0,0.0,0.3741611741007299,,,
0.0,0.0,0.4090848054902685,,,
1.0,1.0,0.7991836282767917,,,
0.0,0.0,0.4617829962011677,,,
0.0,0.0,0.44877547678663504,,,
1.0,1.0,0.7643936979363368,,,
0.0,0.0,0.43864967234500113,,,
1.0,1.0,0.8100394946320082,,,
0.0,0.0,0.3001525690095286,,,
0.0,0.0,0.41129007329810724,,,
1.0,1.0,0.587412855964634,,,
0.0,0.0,0.3428331457012539,,,
0.0,0.0,0.3089482369822251,,,
0.0,0.0,0.4639316154711216,,,
1.0,1.0,0.6161676597125428,,,
1.0,1.0,0.7773762219157564,,,
0.0,0.0,0.4090584051908557,,,
1.0,1.0,0.5006552926453862,,,
0.0,0.0,0.3436324532717303,,,
0.0,0.0,0.3265676898756859,,,
1.0,0.0,0.4430759396291254,,,
0.0,0.0,0.47815530238245746,,,
1.0,1.0,0.7316661845887827,,,
1.0,1.0,0.7889130340413795,,,
0.0,0.0,0.4934060396981639,,,
0.0,0.0,0.4458345041000053,,,
0.0,0.0,0.3195349656821146,,,
1.0,1.0,0.6491176950646029,,,
1.0,1.0,0.6501119511845412,,,
1.0,0.0,0.47407643088485674,,,
0.0,0.0,0.4825679515601217,,,
0.0,0.0,0.4016561053899612,,,
0.0,0.0,0.4098593222600643,,,
0.0,0.0,0.4497852115856749,,,
0.0,1.0,0.5512794387796819,,,
0.0,0.0,0.4293296449191755,,,
0.0,0.0,0.47776360921234023,,,
0.0,0.0,0.39552068829654796,,,
0.0,1.0,0.6458836650400333,,,
1.0,0.0,0.42394909076121595,,,
0.0,0.0,0.39202498155637855,,,
0.0,0.0,0.3999101709823088,,,
1.0,1.0,0.7689792097873999,,,
0.0,0.0,0.36114702640838414,,,
0.0,0.0,0.21499503419251792,,,
0.0,0.0,0.32278265066859374,,,
0.0,0.0,0.3842454382798173,,,
0.0,1.0,0.519785645866972,,,
1.0,0.0,0.41523319008662174,,,
0.0,0.0,0.42406855171247265,,,
0.0,0.0,0.37442614380863637,,,
0.0,0.0,0.383918509284336,,,
0.0,0.0,0.33505434554546054,,,
0.0,0.0,0.38317473869801405,,,
1.0,1.0,0.5052881051269574,,,
1.0,1.0,0.5019638912075836,,,
0.0,0.0,0.43943717171174423,,,
0.0,0.0,0.4314495936899144,,,
1.0,0.0,0.45431534537394025,,,
1.0,0.0,0.46126714444852185,,,
1.0,1.0,0.558348083507037,,,
0.0,1.0,0.5216118324142948,,,
0.0,0.0,0.4574061369422889,,,
0.0,1.0,0.5139050962749752,,,
0.0,0.0,0.33926443657790717,,,
1.0,1.0,0.6791799888089913,,,
0.0,0.0,0.4463484136623679,,,
1.0,1.0,0.52682251150363,,,
1.0,1.0,0.5064912752181128,,,
1.0,0.0,0.4791339347039079,,,
1.0,1.0,0.6992284720033465,,,
1.0,1.0,0.5211442857572101,,,
0.0,0.0,0.41919307390810834,,,
1.0,0.0,0.37016024356094546,,,
0.0,0.0,0.32155970751293256,,,
0.0,1.0,0.6313957330250682,,,
1.0,0.0,0.43145469669358927,,,
0.0,0.0,0.36305029103546127,,,
0.0,0.0,0.3821057783645798,,,
0.0,0.0,0.41006822699151896,,,
0.0,0.0,0.30037943061170547,,,
1.0,0.0,0.47843773924636596,,,
0.0,0.0,0.37553756659068,,,
1.0,1.0,0.5677881973923212,,,
0.0,0.0,0.3578211758423039,,,
1.0,1.0,0.7318178324981918,,,
1.0,0.0,0.3700490029165597,,,
0.0,0.0,0.4117141317113979,,,
1.0,0.0,0.3542255801848094,,,
0.0,0.0,0.34413168222738577,,,
1.0,1.0,0.6719439549221553,,,
0.0,0.0,0.41809855744801994,,,
1.0,0.0,0.44777905583436717,,,
1.0,1.0,0.6912562386044064,,,
1.0,1.0,0.5357704848599043,,,
1.0,1.0,0.5008368300266703,,,
0.0,0.0,0.417841209963496,,,
0.0,0.0,0.3701679000888753,,,
0.0,0.0,0.354601945700578,,,
1.0,1.0,0.632963154533331,,,
1.0,0.0,0.38956453193722906,,,
0.0,0.0,0.3950975116881017,,,
1.0,0.0,0.39539830925290365,,,
0.0,0.0,0.21499503419251792,,,
1.0,1.0,0.5399523849096995,,,
0.0,0.0,0.39009056450465773,,,
0.0,0.0,0.45095787196016773,,,
0.0,0.0,0.4677428407606657,,,
0.0,0.0,0.4885286699027887,,,
0.0,1.0,0.5139816876222897,,,
1.0,1.0,0.5930139346153493,,,
1.0,0.0,0.46217541193886963,,,
0.0,0.0,0.3542274836729992,,,
1.0,0.0,0.4835998553105453,,,
0.0,0.0,0.39359364823771315,,,
0.0,0.0,0.3885805390893821,,,
0.0,0.0,0.4484649356541856,,,
1.0,0.0,0.43118728262333683,,,
0.0,0.0,0.3826632973428594,,,
0.0,0.0,0.41675684033442534,,,
0.0,0.0,0.3501948099030453,,,
1.0,0.0,0.4487091756885994,,,
0.0,0.0,0.22361071201525046,,,
0.0,1.0,0.5207052477884514,,,
1.0,1.0,0.5060985437565193,,,
1.0,1.0,0.5574876981022481,,,
1.0,0.0,0.45902810459301246,,,
1.0,1.0,0.7282463262346158,,,
1.0,1.0,0.6580343942906773,,,
1.0,0.0,0.4893961536995639,,,
0.0,0.0,0.39838260941844295,,,
1.0,1.0,0.5060694937234473,,,
0.0,0.0,0.3759162117493513,,,
1.0,1.0,0.7938396546742837,,,
0.0,0.0,0.39793604861956433,,,
0.0,0.0,0.4566730086509496,,,
0.0,1.0,0.5052370894573314,,,
0.0,0.0,0.3178394693332104,,,
0.0,0.0,0.4715384220475244,,,
1.0,0.0,0.4220482732586671,,,
0.0,1.0,0.5396912063822114,,,
1.0,0.0,0.4668008471865684,,,
0.0,0.0,0.47356325298913304,,,
1.0,0.0,0.40573376877023476,,,
1.0,1.0,0.5126355282819753,,,
0.0,0.0,0.4290406527198654,,,
0.0,0.0,0.42749323592091876,,,
1.0,0.0,0.4302996802645985,,,
1.0,1.0,0.6973072226658075,,,
1.0,1.0,0.6925242588944108,,,
1.0,0.0,0.4352734001299128,,,
