tr_y,tr_pred,tr_proba,te_y,te_pred,te_proba
0.0,0.0,0.3431510627269745,1.0,0.0,0.4308067262172699
1.0,1.0,0.5900949239730835,0.0,0.0,0.3432801067829132
0.0,0.0,0.46747514605522156,0.0,0.0,0.3290843069553375
0.0,0.0,0.21336613595485687,0.0,0.0,0.335273802280426
1.0,0.0,0.37236833572387695,1.0,0.0,0.2963217496871948
1.0,1.0,0.8646418452262878,1.0,0.0,0.4894912838935852
1.0,1.0,0.7314013242721558,1.0,1.0,0.6560357809066772
1.0,1.0,0.593543291091919,0.0,0.0,0.36984968185424805
1.0,0.0,0.47370848059654236,0.0,0.0,0.4190292954444885
1.0,0.0,0.37429746985435486,0.0,0.0,0.45359399914741516
0.0,0.0,0.3194669783115387,1.0,1.0,0.6725320219993591
0.0,0.0,0.22674579918384552,1.0,1.0,0.5603135228157043
1.0,1.0,0.7456668615341187,0.0,1.0,0.5028164982795715
1.0,0.0,0.3933698534965515,1.0,1.0,0.5385323166847229
1.0,1.0,0.774093508720398,0.0,0.0,0.32697540521621704
1.0,0.0,0.37551942467689514,1.0,0.0,0.3287999629974365
1.0,0.0,0.4396016001701355,1.0,1.0,0.5088973045349121
1.0,0.0,0.3764551877975464,1.0,0.0,0.36562082171440125
0.0,0.0,0.3503139615058899,0.0,0.0,0.4707367420196533
1.0,0.0,0.43251413106918335,0.0,0.0,0.308780312538147
0.0,1.0,0.6767147779464722,0.0,0.0,0.39093106985092163
1.0,1.0,0.763857901096344,0.0,0.0,0.33253076672554016
0.0,0.0,0.2516075670719147,0.0,1.0,0.5872347354888916
0.0,1.0,0.5599353909492493,0.0,1.0,0.6583170890808105
1.0,0.0,0.3050435185432434,0.0,1.0,0.5831327438354492
1.0,0.0,0.40454718470573425,0.0,1.0,0.7325304746627808
1.0,1.0,0.8316131234169006,1.0,0.0,0.38163527846336365
1.0,1.0,0.5424533486366272,0.0,0.0,0.468578040599823
0.0,0.0,0.38871246576309204,1.0,0.0,0.38124677538871765
1.0,1.0,0.6162436604499817,0.0,0.0,0.4082023799419403
1.0,1.0,0.7383557558059692,1.0,1.0,0.5172227025032043
0.0,0.0,0.19147862493991852,0.0,0.0,0.34420856833457947
0.0,0.0,0.3359128534793854,0.0,0.0,0.3502681255340576
1.0,0.0,0.4232805669307709,1.0,1.0,0.5807695984840393
1.0,1.0,0.583214521408081,0.0,0.0,0.25466740131378174
0.0,0.0,0.2608945369720459,1.0,1.0,0.7864242196083069
0.0,0.0,0.24899424612522125,0.0,1.0,0.500937283039093
0.0,0.0,0.3939329981803894,1.0,1.0,0.5049518346786499
1.0,1.0,0.7217452526092529,1.0,1.0,0.8135485649108887
0.0,0.0,0.335273802280426,1.0,1.0,0.7732164263725281
1.0,1.0,0.6294482946395874,0.0,0.0,0.24405406415462494
0.0,0.0,0.18307414650917053,1.0,0.0,0.4221718907356262
0.0,0.0,0.43153202533721924,0.0,0.0,0.47713372111320496
1.0,1.0,0.7259550094604492,0.0,1.0,0.5315026044845581
0.0,1.0,0.5931361317634583,0.0,1.0,0.613789975643158
1.0,1.0,0.7465457916259766,1.0,1.0,0.8364498019218445
0.0,0.0,0.35763952136039734,1.0,1.0,0.6923410296440125
0.0,0.0,0.41022610664367676,0.0,0.0,0.3770855665206909
1.0,1.0,0.594535768032074,1.0,0.0,0.41738927364349365
0.0,0.0,0.49274492263793945,1.0,0.0,0.4268399178981781
1.0,1.0,0.5553627014160156,0.0,0.0,0.3492562770843506
0.0,1.0,0.5224769115447998,1.0,0.0,0.3516765534877777
0.0,0.0,0.3235505223274231,1.0,1.0,0.7856671810150146
0.0,0.0,0.3014145493507385,0.0,0.0,0.22770224511623383
1.0,0.0,0.49628227949142456,0.0,0.0,0.4044736921787262
0.0,0.0,0.4584490954875946,1.0,1.0,0.8086152672767639
0.0,0.0,0.35300251841545105,0.0,1.0,0.6312457919120789
0.0,0.0,0.49957430362701416,1.0,1.0,0.7880460023880005
0.0,0.0,0.45798254013061523,0.0,0.0,0.18591473996639252
0.0,0.0,0.4268399178981781,1.0,0.0,0.33933892846107483
1.0,1.0,0.8142315149307251,0.0,0.0,0.44936108589172363
1.0,1.0,0.7538881301879883,0.0,0.0,0.2562286853790283
0.0,0.0,0.3425412178039551,1.0,0.0,0.4540088474750519
0.0,0.0,0.35514700412750244,0.0,0.0,0.4313843250274658
1.0,0.0,0.37182530760765076,0.0,0.0,0.40314310789108276
0.0,0.0,0.21464860439300537,1.0,1.0,0.82719886302948
0.0,0.0,0.41736719012260437,1.0,1.0,0.7647870182991028
0.0,0.0,0.45286598801612854,1.0,0.0,0.4828775227069855
0.0,0.0,0.22136317193508148,0.0,0.0,0.4245259761810303
0.0,0.0,0.2672644257545471,1.0,1.0,0.885852038860321
0.0,0.0,0.4702063798904419,0.0,1.0,0.6698285341262817
0.0,1.0,0.6278552412986755,0.0,0.0,0.3644244968891144
1.0,1.0,0.7755552530288696,0.0,0.0,0.3263487219810486
1.0,1.0,0.585547924041748,1.0,0.0,0.4039928615093231
0.0,0.0,0.3379962146282196,0.0,1.0,0.5924996733665466
1.0,0.0,0.2419724017381668,0.0,0.0,0.32284435629844666
0.0,0.0,0.34039175510406494,0.0,0.0,0.3721219301223755
1.0,0.0,0.42241978645324707,0.0,0.0,0.354494571685791
1.0,1.0,0.6000155210494995,1.0,1.0,0.7244316339492798
1.0,1.0,0.7523340582847595,0.0,0.0,0.34430837631225586
1.0,0.0,0.42670103907585144,0.0,0.0,0.2639988362789154
0.0,0.0,0.25377631187438965,1.0,0.0,0.2976333200931549
0.0,0.0,0.3586740493774414,1.0,1.0,0.6361522674560547
0.0,0.0,0.35675108432769775,1.0,1.0,0.6286509037017822
1.0,0.0,0.2955058217048645,1.0,1.0,0.6753290891647339
0.0,0.0,0.2713641822338104,1.0,1.0,0.6753226518630981
0.0,0.0,0.36869606375694275,0.0,0.0,0.3713259994983673
1.0,0.0,0.40951618552207947,1.0,1.0,0.9033100008964539
1.0,1.0,0.6239786148071289,0.0,0.0,0.37689700722694397
0.0,0.0,0.2779981195926666,0.0,1.0,0.5392681956291199
1.0,1.0,0.5489029288291931,0.0,0.0,0.36983469128608704
0.0,0.0,0.427183598279953,1.0,0.0,0.4437004625797272
1.0,0.0,0.3171461522579193,1.0,1.0,0.8254555463790894
1.0,1.0,0.5107438564300537,1.0,1.0,0.8948167562484741
1.0,0.0,0.45650023221969604,0.0,0.0,0.3520341217517853
0.0,0.0,0.46366405487060547,0.0,0.0,0.38273704051971436
1.0,1.0,0.8713595271110535,0.0,0.0,0.3374064564704895
1.0,1.0,0.758357584476471,1.0,1.0,0.9126430749893188
0.0,0.0,0.25880175828933716,1.0,1.0,0.8421367406845093
1.0,0.0,0.39901381731033325,1.0,0.0,0.4706927537918091
1.0,1.0,0.7579488754272461,1.0,1.0,0.5548916459083557
1.0,1.0,0.8078755140304565,0.0,0.0,0.28128188848495483
1.0,0.0,0.40550267696380615,1.0,1.0,0.6092783808708191
0.0,0.0,0.4048249125480652,1.0,1.0,0.6817821860313416
0.0,0.0,0.28381240367889404,1.0,1.0,0.6526991128921509
1.0,1.0,0.5596799850463867,0.0,1.0,0.5542744994163513
1.0,0.0,0.39725732803344727,1.0,0.0,0.2849697470664978
1.0,0.0,0.38214385509490967,1.0,1.0,0.6532766222953796
0.0,0.0,0.21303436160087585,1.0,1.0,0.5198758244514465
1.0,0.0,0.484214186668396,0.0,0.0,0.3676888346672058
0.0,0.0,0.41629788279533386,0.0,0.0,0.36562463641166687
0.0,0.0,0.4540748596191406,0.0,0.0,0.27228790521621704
1.0,0.0,0.3867020905017853,0.0,1.0,0.5627819299697876
1.0,1.0,0.8395601511001587,1.0,1.0,0.7953697443008423
1.0,1.0,0.6615328788757324,0.0,0.0,0.3595723509788513
0.0,0.0,0.4269581437110901,0.0,0.0,0.34430837631225586
0.0,0.0,0.32380107045173645,1.0,1.0,0.8245184421539307
0.0,0.0,0.27026087045669556,0.0,0.0,0.23601464927196503
1.0,1.0,0.605299711227417,1.0,1.0,0.7933256030082703
0.0,0.0,0.2927532196044922,1.0,0.0,0.38068103790283203
1.0,1.0,0.529086709022522,0.0,0.0,0.33697041869163513
0.0,0.0,0.34607136249542236,1.0,0.0,0.21303436160087585
1.0,1.0,0.7289013862609863,1.0,0.0,0.3129102289676666
0.0,0.0,0.2779981195926666,1.0,1.0,0.7478147745132446
0.0,0.0,0.3354753851890564,1.0,1.0,0.643999457359314
0.0,0.0,0.32751694321632385,0.0,0.0,0.36930471658706665
0.0,0.0,0.24835295975208282,1.0,1.0,0.6016969680786133
1.0,1.0,0.7020017504692078,0.0,0.0,0.3115059435367584
0.0,0.0,0.2547491192817688,0.0,1.0,0.7399712204933167
0.0,0.0,0.31152793765068054,1.0,0.0,0.3274783790111542
0.0,1.0,0.5009722709655762,1.0,1.0,0.8831732273101807
1.0,1.0,0.5168936848640442,1.0,1.0,0.6793538928031921
0.0,1.0,0.7907799482345581,0.0,1.0,0.5585921406745911
1.0,1.0,0.8560659885406494,1.0,1.0,0.7177248597145081
0.0,0.0,0.31651198863983154,0.0,0.0,0.3853398859500885
0.0,0.0,0.2641143500804901,0.0,0.0,0.13873553276062012
0.0,0.0,0.32344985008239746,1.0,0.0,0.44709789752960205
1.0,0.0,0.33958831429481506,0.0,0.0,0.29230448603630066
1.0,1.0,0.6642787456512451,1.0,0.0,0.4769093692302704
0.0,0.0,0.19631466269493103,1.0,1.0,0.7848672866821289
1.0,1.0,0.6618426442146301,1.0,1.0,0.7586737871170044
1.0,1.0,0.5431819558143616,1.0,0.0,0.4604245722293854
1.0,0.0,0.39109617471694946,1.0,1.0,0.6673594117164612
1.0,1.0,0.5175836086273193,1.0,0.0,0.3852357268333435
1.0,1.0,0.702899158000946,0.0,0.0,0.30000388622283936
1.0,1.0,0.7494498491287231,1.0,1.0,0.8106021285057068
0.0,0.0,0.363676518201828,0.0,0.0,0.44808584451675415
0.0,0.0,0.3768645226955414,1.0,1.0,0.788044810295105
1.0,1.0,0.8284845352172852,0.0,0.0,0.3565210998058319
0.0,0.0,0.2441791296005249,0.0,0.0,0.21227556467056274
1.0,1.0,0.8161640167236328,0.0,0.0,0.2596345543861389
0.0,0.0,0.28155815601348877,1.0,0.0,0.4314485788345337
0.0,0.0,0.341470330953598,0.0,1.0,0.7441708445549011
0.0,0.0,0.3073515295982361,0.0,0.0,0.2982472777366638
1.0,1.0,0.583214521408081,1.0,0.0,0.38556167483329773
0.0,0.0,0.4017040431499481,1.0,1.0,0.669860303401947
1.0,1.0,0.5033701062202454,1.0,1.0,0.6528658270835876
0.0,0.0,0.25377631187438965,0.0,0.0,0.33259978890419006
0.0,0.0,0.3469087779521942,0.0,0.0,0.29056450724601746
1.0,1.0,0.775967538356781,0.0,0.0,0.3651255965232849
0.0,1.0,0.5022364258766174,1.0,0.0,0.4571346938610077
0.0,0.0,0.33838704228401184,1.0,1.0,0.529586672782898
1.0,1.0,0.5168375372886658,0.0,0.0,0.3675476014614105
1.0,0.0,0.36797279119491577,1.0,1.0,0.7133022546768188
0.0,0.0,0.27599093317985535,1.0,1.0,0.5589100122451782
0.0,0.0,0.4586203396320343,1.0,1.0,0.6486693024635315
0.0,0.0,0.4062453806400299,0.0,0.0,0.3825066089630127
1.0,0.0,0.32133549451828003,0.0,0.0,0.34612104296684265
0.0,0.0,0.35837140679359436,0.0,0.0,0.38181719183921814
1.0,1.0,0.6898283362388611,1.0,0.0,0.3469303548336029
1.0,1.0,0.8386011719703674,1.0,1.0,0.5994765162467957
0.0,0.0,0.3427696228027344,1.0,1.0,0.7199413776397705
1.0,1.0,0.5227699279785156,0.0,0.0,0.30809733271598816
0.0,0.0,0.30596673488616943,1.0,1.0,0.9565962553024292
1.0,1.0,0.8469544649124146,1.0,0.0,0.3287917673587799
0.0,1.0,0.5212777256965637,0.0,0.0,0.39606449007987976
0.0,0.0,0.39914846420288086,0.0,1.0,0.5641033053398132
0.0,1.0,0.5611984133720398,0.0,0.0,0.32624489068984985
1.0,1.0,0.6986851096153259,0.0,0.0,0.4340655207633972
0.0,0.0,0.34051766991615295,0.0,0.0,0.2585706412792206
0.0,0.0,0.4524209797382355,0.0,0.0,0.3216743469238281
1.0,0.0,0.3817792534828186,0.0,0.0,0.42918071150779724
1.0,1.0,0.691914975643158,0.0,1.0,0.5249198079109192
1.0,1.0,0.6338816285133362,1.0,0.0,0.4344072937965393
0.0,0.0,0.3725582957267761,0.0,0.0,0.4650422930717468
1.0,1.0,0.8848751783370972,0.0,0.0,0.35813432931900024
0.0,0.0,0.3698124289512634,1.0,1.0,0.6123441457748413
1.0,1.0,0.8153988122940063,1.0,1.0,0.7728326320648193
1.0,0.0,0.453044593334198,0.0,0.0,0.34705033898353577
0.0,0.0,0.35763952136039734,0.0,1.0,0.5111616849899292
1.0,0.0,0.428055077791214,1.0,1.0,0.6061422228813171
0.0,0.0,0.4352215528488159,1.0,1.0,0.6370415687561035
1.0,1.0,0.5701242089271545,0.0,0.0,0.3416440188884735
1.0,1.0,0.5601922869682312,1.0,1.0,0.5642141103744507
1.0,1.0,0.6719306707382202,1.0,1.0,0.7739098072052002
0.0,0.0,0.3326624631881714,0.0,0.0,0.4283694326877594
1.0,0.0,0.26080209016799927,1.0,1.0,0.9064778089523315
1.0,1.0,0.8742785453796387,1.0,1.0,0.7903691530227661
0.0,0.0,0.3345712125301361,1.0,1.0,0.8282655477523804
0.0,0.0,0.40557610988616943,0.0,0.0,0.37491902709007263
1.0,1.0,0.8467687964439392,1.0,1.0,0.5813188552856445
1.0,0.0,0.4192277491092682,0.0,0.0,0.20195768773555756
0.0,0.0,0.39149805903434753,0.0,1.0,0.5751351118087769
0.0,0.0,0.3064363896846771,0.0,0.0,0.35511791706085205
1.0,0.0,0.3721378743648529,0.0,1.0,0.551864743232727
1.0,1.0,0.789137065410614,1.0,1.0,0.6347448825836182
0.0,0.0,0.32042503356933594,0.0,0.0,0.3400059640407562
1.0,1.0,0.5971984267234802,1.0,0.0,0.4127618074417114
0.0,0.0,0.43642550706863403,0.0,0.0,0.3836376368999481
0.0,0.0,0.3649522364139557,0.0,0.0,0.30479511618614197
1.0,1.0,0.9428472518920898,1.0,1.0,0.632705569267273
1.0,0.0,0.4886811077594757,1.0,1.0,0.7910082936286926
0.0,0.0,0.48093363642692566,0.0,0.0,0.25377631187438965
1.0,1.0,0.6522596478462219,0.0,0.0,0.30530494451522827
0.0,0.0,0.3941098153591156,0.0,0.0,0.4549367129802704
1.0,1.0,0.7673379778862,0.0,0.0,0.24293623864650726
1.0,1.0,0.613213837146759,0.0,0.0,0.3128931224346161
0.0,0.0,0.31558677554130554,0.0,0.0,0.34658417105674744
0.0,0.0,0.41225549578666687,0.0,1.0,0.6016959547996521
0.0,0.0,0.30626779794692993,1.0,1.0,0.6797366142272949
1.0,1.0,0.5309271216392517,0.0,0.0,0.3233315646648407
0.0,0.0,0.24124889075756073,1.0,0.0,0.33929339051246643
1.0,0.0,0.38136056065559387,0.0,0.0,0.3544990122318268
0.0,0.0,0.35354456305503845,1.0,0.0,0.28378528356552124
0.0,0.0,0.4239490330219269,1.0,1.0,0.6348885893821716
1.0,0.0,0.4976441264152527,0.0,1.0,0.5243827700614929
1.0,1.0,0.5004192590713501,1.0,1.0,0.730714738368988
1.0,1.0,0.689347505569458,0.0,0.0,0.24899424612522125
1.0,0.0,0.38527923822402954,0.0,0.0,0.26600220799446106
0.0,0.0,0.4683811068534851,0.0,1.0,0.5462720990180969
1.0,1.0,0.8527801036834717,0.0,0.0,0.24071770906448364
1.0,1.0,0.5051116943359375,0.0,0.0,0.3591490387916565
1.0,1.0,0.9267517328262329,1.0,1.0,0.5340271592140198
1.0,1.0,0.8753359913825989,0.0,0.0,0.3371262550354004
0.0,1.0,0.7721566557884216,0.0,0.0,0.4108131527900696
0.0,1.0,0.5526758432388306,0.0,0.0,0.4481291174888611
1.0,1.0,0.668957531452179,1.0,1.0,0.6117873787879944
1.0,1.0,0.5726959109306335,0.0,0.0,0.34752556681632996
0.0,0.0,0.4073618948459625,0.0,0.0,0.37180978059768677
0.0,0.0,0.3895038962364197,0.0,0.0,0.27851441502571106
1.0,1.0,0.5815345644950867,0.0,0.0,0.34907135367393494
1.0,0.0,0.3567360043525696,1.0,1.0,0.5080779194831848
0.0,0.0,0.3987812399864197,1.0,1.0,0.8655184507369995
1.0,0.0,0.39555829763412476,0.0,0.0,0.28962430357933044
0.0,0.0,0.33025696873664856,0.0,0.0,0.22757434844970703
1.0,0.0,0.4208771586418152,1.0,1.0,0.939176619052887
0.0,0.0,0.39602965116500854,0.0,0.0,0.294528603553772
1.0,0.0,0.4374026656150818,0.0,0.0,0.3866569697856903
1.0,1.0,0.6558955907821655,0.0,0.0,0.4297897219657898
1.0,1.0,0.7911334037780762,1.0,1.0,0.6826633810997009
0.0,0.0,0.4978516399860382,1.0,1.0,0.7961438894271851
0.0,0.0,0.486313134431839,1.0,1.0,0.5895093083381653
0.0,0.0,0.28813087940216064,1.0,1.0,0.5449479222297668
0.0,0.0,0.4877762496471405,1.0,0.0,0.49007055163383484
0.0,0.0,0.43654006719589233,1.0,1.0,0.6708089113235474
0.0,0.0,0.37777796387672424,0.0,0.0,0.34907135367393494
0.0,0.0,0.38225942850112915,0.0,0.0,0.418545663356781
0.0,0.0,0.22267600893974304,1.0,0.0,0.32321175932884216
1.0,1.0,0.5941494107246399,1.0,1.0,0.5977546572685242
1.0,1.0,0.7262524366378784,1.0,1.0,0.663345456123352
0.0,0.0,0.41713860630989075,1.0,1.0,0.7377715706825256
0.0,0.0,0.2612152099609375,0.0,0.0,0.3794269561767578
0.0,1.0,0.5020049214363098,1.0,0.0,0.466827392578125
0.0,0.0,0.4389955401420593,1.0,1.0,0.6002292037010193
0.0,0.0,0.19147862493991852,1.0,1.0,0.6631453633308411
1.0,1.0,0.5159901976585388,1.0,0.0,0.37879425287246704
0.0,0.0,0.4398631751537323,1.0,1.0,0.6293127536773682
1.0,1.0,0.7332347631454468,0.0,0.0,0.2829347252845764
1.0,1.0,0.5115159749984741,0.0,0.0,0.37990492582321167
1.0,1.0,0.5804567337036133,0.0,1.0,0.5329328775405884
0.0,0.0,0.4364459812641144,1.0,0.0,0.4510180950164795
1.0,0.0,0.48589062690734863,1.0,1.0,0.7343757748603821
1.0,0.0,0.440302312374115,0.0,0.0,0.3776789605617523
1.0,1.0,0.5596669912338257,0.0,0.0,0.36984968185424805
0.0,0.0,0.25158658623695374,1.0,0.0,0.46258434653282166
1.0,1.0,0.551864743232727,0.0,0.0,0.3735506534576416
0.0,0.0,0.3688347041606903,0.0,0.0,0.369061678647995
0.0,0.0,0.34762242436408997,1.0,1.0,0.5360642671585083
0.0,0.0,0.4189218282699585,1.0,1.0,0.802760899066925
0.0,0.0,0.4812707006931305,0.0,0.0,0.2989382743835449
1.0,1.0,0.7846605181694031,1.0,0.0,0.3364429771900177
1.0,1.0,0.7007229924201965,0.0,0.0,0.21905919909477234
0.0,1.0,0.5140745043754578,0.0,0.0,0.48064738512039185
1.0,1.0,0.80672687292099,0.0,0.0,0.2773408591747284
0.0,0.0,0.4167906939983368,0.0,1.0,0.5536526441574097
1.0,1.0,0.8767039179801941,1.0,0.0,0.4943138659000397
1.0,0.0,0.4145236313343048,0.0,0.0,0.35705050826072693
1.0,0.0,0.45672407746315,1.0,1.0,0.780951976776123
1.0,1.0,0.6383141875267029,0.0,1.0,0.690839409828186
1.0,0.0,0.4109877347946167,0.0,0.0,0.35539019107818604
1.0,1.0,0.6666445732116699,1.0,0.0,0.41228216886520386
1.0,0.0,0.44117841124534607,1.0,1.0,0.582190752029419
1.0,1.0,0.5710240602493286,0.0,1.0,0.5531500577926636
0.0,0.0,0.3212786912918091,1.0,0.0,0.4176688492298126
1.0,1.0,0.8653227090835571,0.0,0.0,0.4106888771057129
0.0,0.0,0.34389644861221313,0.0,1.0,0.6733956336975098
1.0,1.0,0.6123669743537903,0.0,0.0,0.24454878270626068
1.0,0.0,0.4916442930698395,1.0,1.0,0.6895345449447632
1.0,1.0,0.8424206972122192,1.0,0.0,0.4103459119796753
1.0,1.0,0.7592186331748962,1.0,1.0,0.5410228967666626
1.0,0.0,0.2583802044391632,0.0,0.0,0.34771767258644104
0.0,0.0,0.20735393464565277,1.0,1.0,0.5776886940002441
1.0,1.0,0.5555317401885986,1.0,1.0,0.6639691591262817
0.0,0.0,0.32410961389541626,0.0,1.0,0.5318176746368408
1.0,1.0,0.5948352217674255,0.0,0.0,0.4682537019252777
1.0,1.0,0.5776886940002441,0.0,0.0,0.31465208530426025
1.0,0.0,0.2901823818683624,1.0,1.0,0.9437569379806519
0.0,0.0,0.2612152099609375,1.0,0.0,0.4366893172264099
1.0,1.0,0.7106917500495911,1.0,1.0,0.5502839684486389
1.0,0.0,0.3021455705165863,1.0,1.0,0.6558955907821655
0.0,0.0,0.28711384534835815,0.0,0.0,0.43770739436149597
0.0,0.0,0.34605270624160767,0.0,0.0,0.24059659242630005
1.0,1.0,0.615138828754425,0.0,0.0,0.36048194766044617
0.0,0.0,0.4156395196914673,1.0,0.0,0.4943138659000397
0.0,0.0,0.23275569081306458,0.0,0.0,0.29381826519966125
0.0,1.0,0.5000947117805481,0.0,1.0,0.8814617395401001
0.0,1.0,0.549620509147644,1.0,1.0,0.5715170502662659
0.0,0.0,0.3545684218406677,1.0,1.0,0.7126916646957397
0.0,0.0,0.3152766823768616,0.0,0.0,0.2988533079624176
0.0,0.0,0.24649350345134735,0.0,1.0,0.7259550094604492
1.0,1.0,0.5755199193954468,0.0,1.0,0.5562026500701904
0.0,0.0,0.3552067279815674,0.0,0.0,0.2206530123949051
1.0,1.0,0.6818739175796509,1.0,0.0,0.4396452009677887
0.0,0.0,0.2451976239681244,0.0,1.0,0.5095559358596802
1.0,1.0,0.719145655632019,1.0,1.0,0.5975802540779114
0.0,0.0,0.3543086349964142,0.0,1.0,0.6032888293266296
0.0,0.0,0.42896148562431335,0.0,0.0,0.3452012538909912
0.0,0.0,0.3640912175178528,0.0,0.0,0.2506333589553833
0.0,0.0,0.343066930770874,0.0,1.0,0.5495178699493408
0.0,0.0,0.27171170711517334,1.0,1.0,0.616913378238678
0.0,0.0,0.3076513111591339,0.0,0.0,0.47952210903167725
1.0,1.0,0.6434653401374817,1.0,0.0,0.40729835629463196
0.0,0.0,0.2893444299697876,0.0,0.0,0.38843342661857605
1.0,1.0,0.6515870690345764,0.0,0.0,0.3145950138568878
0.0,0.0,0.21540561318397522,0.0,0.0,0.3839799165725708
0.0,0.0,0.3016846477985382,1.0,1.0,0.7997574806213379
0.0,1.0,0.7404779195785522,0.0,1.0,0.5951613187789917
1.0,1.0,0.5765290856361389,0.0,0.0,0.4429003894329071
1.0,1.0,0.5031753182411194,0.0,0.0,0.4132043123245239
0.0,0.0,0.17079585790634155,0.0,0.0,0.30612677335739136
0.0,0.0,0.277717649936676,0.0,0.0,0.2881244421005249
1.0,1.0,0.5150495767593384,0.0,0.0,0.244129478931427
0.0,0.0,0.39176857471466064,0.0,0.0,0.3168579638004303
0.0,0.0,0.3581986129283905,1.0,1.0,0.8966031074523926
0.0,0.0,0.2952156364917755,1.0,0.0,0.3489091098308563
0.0,0.0,0.25588536262512207,1.0,1.0,0.7615119814872742
1.0,1.0,0.7502340078353882,0.0,0.0,0.3818603754043579
0.0,1.0,0.5322743058204651,0.0,0.0,0.443655401468277
1.0,1.0,0.6903265714645386,0.0,0.0,0.19147862493991852
0.0,0.0,0.3568461537361145,0.0,0.0,0.44584810733795166
0.0,0.0,0.4521661400794983,1.0,1.0,0.5803468823432922
1.0,1.0,0.5855759978294373,0.0,0.0,0.3367101848125458
0.0,0.0,0.30164438486099243,0.0,0.0,0.25554707646369934
0.0,1.0,0.5256227254867554,0.0,1.0,0.5961370468139648
0.0,0.0,0.18728822469711304,0.0,0.0,0.39149805903434753
0.0,0.0,0.44107547402381897,1.0,0.0,0.49681439995765686
0.0,1.0,0.5894951820373535,1.0,0.0,0.3659152388572693
0.0,0.0,0.316712349653244,1.0,1.0,0.7370176315307617
0.0,0.0,0.21790620684623718,1.0,1.0,0.9001700282096863
1.0,1.0,0.8181683421134949,0.0,0.0,0.21706780791282654
1.0,1.0,0.6157898902893066,1.0,0.0,0.4037581980228424
0.0,0.0,0.23207268118858337,1.0,1.0,0.5813188552856445
1.0,1.0,0.7234238982200623,0.0,0.0,0.2313922792673111
1.0,1.0,0.6790449023246765,1.0,1.0,0.9012563824653625
1.0,1.0,0.7270170450210571,0.0,0.0,0.3212248980998993
1.0,1.0,0.7933201789855957,0.0,0.0,0.22169268131256104
0.0,1.0,0.5602945685386658,0.0,0.0,0.49303627014160156
1.0,1.0,0.5243523120880127,0.0,0.0,0.390890896320343
0.0,0.0,0.4947289824485779,0.0,0.0,0.2714788615703583
1.0,0.0,0.48970961570739746,0.0,1.0,0.6279752850532532
1.0,1.0,0.6725320219993591,0.0,0.0,0.4541691541671753
0.0,0.0,0.31288689374923706,1.0,1.0,0.7714553475379944
1.0,1.0,0.5148412585258484,0.0,0.0,0.19386184215545654
0.0,0.0,0.47048842906951904,0.0,0.0,0.2745480239391327
0.0,0.0,0.4315352141857147,1.0,1.0,0.5726051926612854
1.0,1.0,0.5716876983642578,1.0,0.0,0.4013647437095642
0.0,0.0,0.2673852741718292,0.0,0.0,0.4634777009487152
1.0,0.0,0.31378889083862305,1.0,1.0,0.5450882315635681
1.0,0.0,0.4333224594593048,0.0,0.0,0.27363884449005127
0.0,0.0,0.2611865699291229,1.0,1.0,0.677992582321167
1.0,1.0,0.7183158993721008,0.0,1.0,0.5728079080581665
0.0,0.0,0.16634874045848846,0.0,1.0,0.5077321529388428
1.0,0.0,0.37032684683799744,1.0,0.0,0.3689277768135071
1.0,1.0,0.6481443047523499,1.0,0.0,0.3602760434150696
1.0,1.0,0.7392187118530273,1.0,0.0,0.41779497265815735
1.0,0.0,0.4601745307445526,1.0,0.0,0.3668234348297119
0.0,0.0,0.33933892846107483,0.0,1.0,0.6065683960914612
1.0,1.0,0.8149260878562927,0.0,1.0,0.5528729557991028
1.0,1.0,0.7111181020736694,0.0,0.0,0.17274391651153564
1.0,1.0,0.8042201399803162,1.0,1.0,0.5602717995643616
0.0,0.0,0.41566547751426697,1.0,1.0,0.8084055185317993
0.0,0.0,0.285783976316452,1.0,0.0,0.42137783765792847
0.0,0.0,0.2975769639015198,0.0,0.0,0.44121137261390686
0.0,0.0,0.32084769010543823,0.0,1.0,0.5145458579063416
1.0,1.0,0.6827163100242615,0.0,1.0,0.6254226565361023
1.0,1.0,0.8459697961807251,1.0,0.0,0.4968540668487549
1.0,1.0,0.705313503742218,0.0,0.0,0.35425689816474915
1.0,0.0,0.420086532831192,1.0,1.0,0.7115361094474792
1.0,1.0,0.6593348383903503,0.0,0.0,0.31499433517456055
0.0,0.0,0.2612152099609375,1.0,0.0,0.36797279119491577
1.0,1.0,0.6389992237091064,0.0,0.0,0.3941439092159271
0.0,0.0,0.28057143092155457,1.0,0.0,0.4111798405647278
0.0,0.0,0.38519927859306335,0.0,0.0,0.3859477937221527
0.0,0.0,0.1891023963689804,0.0,0.0,0.2289528250694275
1.0,1.0,0.5419690012931824,0.0,0.0,0.40542036294937134
1.0,0.0,0.3690219819545746,1.0,0.0,0.395425021648407
0.0,0.0,0.24540863931179047,0.0,1.0,0.6500326991081238
1.0,1.0,0.5905323624610901,1.0,1.0,0.6293127536773682
1.0,1.0,0.7184380888938904,1.0,1.0,0.8351635932922363
1.0,1.0,0.6490805745124817,0.0,0.0,0.3303758203983307
0.0,0.0,0.473201721906662,0.0,0.0,0.36853572726249695
1.0,1.0,0.5632219314575195,0.0,0.0,0.2666742205619812
0.0,0.0,0.360213965177536,1.0,0.0,0.3508300185203552
0.0,0.0,0.4967901110649109,1.0,0.0,0.33753716945648193
1.0,0.0,0.40124815702438354,1.0,0.0,0.42659860849380493
0.0,0.0,0.33785703778266907,0.0,0.0,0.18307414650917053
1.0,0.0,0.48855793476104736,0.0,0.0,0.18591473996639252
1.0,0.0,0.43908214569091797,1.0,1.0,0.7468606233596802
0.0,0.0,0.24242155253887177,1.0,1.0,0.5064370036125183
1.0,1.0,0.513473391532898,0.0,0.0,0.22551704943180084
0.0,0.0,0.4377175271511078,0.0,0.0,0.48787832260131836
0.0,0.0,0.2621839642524719,1.0,0.0,0.48784467577934265
1.0,1.0,0.9017324447631836,0.0,0.0,0.3122488558292389
0.0,0.0,0.33714759349823,1.0,0.0,0.49888846278190613
1.0,1.0,0.8005443215370178,1.0,1.0,0.8324061632156372
0.0,0.0,0.16255377233028412,1.0,1.0,0.5869522094726562
0.0,0.0,0.38617366552352905,0.0,0.0,0.31290727853775024
1.0,1.0,0.7792770862579346,1.0,0.0,0.4942789673805237
0.0,0.0,0.3401143550872803,0.0,0.0,0.40285617113113403
1.0,1.0,0.5506513118743896,0.0,0.0,0.31290727853775024
1.0,1.0,0.5648395419120789,1.0,0.0,0.42871806025505066
0.0,0.0,0.3679432272911072,0.0,0.0,0.39509737491607666
0.0,0.0,0.39708200097084045,1.0,0.0,0.42801645398139954
1.0,1.0,0.7705118060112,1.0,1.0,0.7172666788101196
0.0,1.0,0.6480148434638977,0.0,0.0,0.2639988362789154
1.0,1.0,0.7865796685218811,0.0,0.0,0.3472232222557068
1.0,1.0,0.543840765953064,1.0,0.0,0.3658377528190613
0.0,0.0,0.32284435629844666,0.0,0.0,0.3907890021800995
1.0,1.0,0.7205102443695068,0.0,0.0,0.40850400924682617
0.0,0.0,0.3944071829319,1.0,0.0,0.4253097176551819
0.0,0.0,0.343765527009964,0.0,0.0,0.4397471249103546
1.0,0.0,0.47390973567962646,1.0,1.0,0.6168297529220581
1.0,1.0,0.633780837059021,0.0,0.0,0.25287237763404846
1.0,0.0,0.29035502672195435,0.0,1.0,0.6714759469032288
0.0,0.0,0.45915302634239197,1.0,1.0,0.6312906742095947
1.0,1.0,0.5265222787857056,1.0,1.0,0.7165585160255432
1.0,1.0,0.5568170547485352,1.0,0.0,0.3375588059425354
1.0,0.0,0.3249846398830414,0.0,0.0,0.36186617612838745
1.0,1.0,0.6562492847442627,1.0,0.0,0.4070848226547241
1.0,1.0,0.7874846458435059,0.0,1.0,0.5414660573005676
0.0,0.0,0.3603854477405548,1.0,1.0,0.6012573838233948
0.0,0.0,0.29220232367515564,0.0,1.0,0.5387586355209351
0.0,0.0,0.4832800030708313,0.0,0.0,0.4914616644382477
0.0,0.0,0.19147862493991852,0.0,0.0,0.3175230324268341
1.0,1.0,0.608153760433197,0.0,1.0,0.516619086265564
1.0,0.0,0.37310880422592163,0.0,0.0,0.44066932797431946
1.0,0.0,0.43747401237487793,0.0,0.0,0.4157105088233948
0.0,0.0,0.28901442885398865,0.0,0.0,0.2689136564731598
1.0,1.0,0.618509829044342,0.0,0.0,0.26295292377471924
0.0,0.0,0.3803751766681671,1.0,1.0,0.8913198709487915
0.0,0.0,0.3360825777053833,0.0,1.0,0.5010749101638794
0.0,0.0,0.343066930770874,1.0,1.0,0.9419140219688416
0.0,0.0,0.32550355792045593,1.0,0.0,0.30560174584388733
1.0,1.0,0.7363347411155701,1.0,1.0,0.5638841986656189
1.0,1.0,0.6759578585624695,0.0,0.0,0.3030209243297577
0.0,1.0,0.5019699335098267,1.0,1.0,0.6865583062171936
1.0,1.0,0.5854780077934265,1.0,1.0,0.8819751143455505
1.0,1.0,0.6437415480613708,0.0,0.0,0.32886803150177
0.0,0.0,0.28901442885398865,0.0,0.0,0.29801276326179504
0.0,0.0,0.33529114723205566,0.0,1.0,0.6171087026596069
0.0,0.0,0.37682992219924927,1.0,1.0,0.6900743842124939
1.0,0.0,0.4097103476524353,0.0,0.0,0.193261981010437
0.0,0.0,0.20398347079753876,0.0,0.0,0.38659054040908813
1.0,1.0,0.6100487112998962,1.0,0.0,0.3949905335903168
0.0,0.0,0.31207209825515747,0.0,0.0,0.1738831251859665
0.0,0.0,0.40751418471336365,1.0,0.0,0.39406445622444153
0.0,0.0,0.3513868749141693,0.0,0.0,0.32793402671813965
1.0,1.0,0.591989278793335,0.0,0.0,0.3875507712364197
1.0,1.0,0.7657531499862671,0.0,0.0,0.35602468252182007
1.0,1.0,0.5138586163520813,1.0,1.0,0.5904709100723267
0.0,0.0,0.35057544708251953,1.0,1.0,0.5815967917442322
0.0,0.0,0.3862476348876953,1.0,1.0,0.6907373070716858
0.0,0.0,0.20065408945083618,0.0,0.0,0.29736974835395813
0.0,0.0,0.3289431035518646,0.0,0.0,0.33296507596969604
1.0,1.0,0.6806533336639404,1.0,1.0,0.8144861459732056
1.0,1.0,0.5576097965240479,1.0,1.0,0.5168936848640442
0.0,0.0,0.4194316267967224,0.0,0.0,0.4325110912322998
1.0,1.0,0.557982861995697,0.0,0.0,0.29947495460510254
1.0,1.0,0.5328348875045776,1.0,0.0,0.41240498423576355
0.0,0.0,0.25377631187438965,0.0,0.0,0.36244097352027893
0.0,0.0,0.24388954043388367,0.0,0.0,0.247786745429039
0.0,0.0,0.29590895771980286,1.0,1.0,0.5266773700714111
0.0,0.0,0.3953709304332733,0.0,0.0,0.39368778467178345
0.0,0.0,0.38519927859306335,0.0,0.0,0.3876107335090637
0.0,0.0,0.3290308117866516,0.0,0.0,0.31337669491767883
1.0,1.0,0.5003753900527954,1.0,1.0,0.7494498491287231
0.0,1.0,0.542627215385437,0.0,0.0,0.2434605062007904
1.0,1.0,0.6550808548927307,0.0,0.0,0.17981906235218048
1.0,1.0,0.7167942523956299,0.0,0.0,0.3190421462059021
0.0,0.0,0.24359185993671417,0.0,0.0,0.43553510308265686
0.0,0.0,0.3278030455112457,1.0,1.0,0.6068383455276489
0.0,0.0,0.31263217329978943,1.0,0.0,0.24280624091625214
0.0,0.0,0.3545200526714325,0.0,0.0,0.2999038100242615
0.0,0.0,0.42334601283073425,1.0,1.0,0.8550951480865479
1.0,0.0,0.4419371485710144,1.0,0.0,0.4023963212966919
1.0,0.0,0.36720624566078186,0.0,0.0,0.362402081489563
0.0,0.0,0.4940153658390045,0.0,1.0,0.5166110396385193
1.0,1.0,0.8097119927406311,0.0,0.0,0.4374503791332245
1.0,1.0,0.8579575419425964,1.0,0.0,0.20003430545330048
1.0,1.0,0.870121419429779,1.0,1.0,0.7468606233596802
0.0,0.0,0.31479915976524353,0.0,0.0,0.37346845865249634
0.0,0.0,0.46737977862358093,1.0,1.0,0.8426578044891357
0.0,1.0,0.5754587054252625,1.0,0.0,0.3152766823768616
1.0,1.0,0.5115154981613159,0.0,0.0,0.3805743455886841
1.0,1.0,0.5548916459083557,1.0,1.0,0.9016790390014648
1.0,0.0,0.47117289900779724,1.0,1.0,0.796210527420044
0.0,0.0,0.20686228573322296,0.0,0.0,0.33650124073028564
1.0,1.0,0.8367688059806824,0.0,0.0,0.34430837631225586
0.0,0.0,0.19639916718006134,0.0,0.0,0.48520419001579285
0.0,0.0,0.3579476773738861,0.0,0.0,0.16440449655056
0.0,0.0,0.37688925862312317,1.0,1.0,0.9067944884300232
0.0,0.0,0.4988647401332855,1.0,0.0,0.47915759682655334
0.0,1.0,0.7190744280815125,1.0,1.0,0.8034972548484802
1.0,1.0,0.6246349811553955,1.0,1.0,0.8072722554206848
1.0,0.0,0.3464920222759247,0.0,0.0,0.4879634976387024
0.0,0.0,0.38012659549713135,1.0,1.0,0.6530162692070007
1.0,1.0,0.5511823296546936,1.0,0.0,0.4056992530822754
0.0,0.0,0.46750861406326294,0.0,0.0,0.28621774911880493
0.0,0.0,0.22134488821029663,0.0,0.0,0.2425857037305832
0.0,0.0,0.1757812798023224,0.0,0.0,0.21831457316875458
0.0,0.0,0.3451062738895416,0.0,0.0,0.34047332406044006
0.0,0.0,0.37674060463905334,0.0,1.0,0.5512258410453796
1.0,1.0,0.5273826122283936,1.0,1.0,0.6819292902946472
1.0,1.0,0.7610288858413696,0.0,0.0,0.2703605592250824
1.0,1.0,0.8703145980834961,1.0,1.0,0.5601299405097961
1.0,0.0,0.26948127150535583,1.0,0.0,0.388283908367157
1.0,1.0,0.554132878780365,1.0,0.0,0.4592224955558777
0.0,0.0,0.2631264328956604,0.0,0.0,0.27269113063812256
1.0,1.0,0.8122420907020569,1.0,0.0,0.286834716796875
1.0,0.0,0.35297051072120667,0.0,0.0,0.44117841124534607
0.0,0.0,0.19147862493991852,1.0,0.0,0.3547442853450775
0.0,0.0,0.37879425287246704,1.0,1.0,0.7363347411155701
0.0,1.0,0.7171686291694641,0.0,0.0,0.478421151638031
0.0,1.0,0.637417733669281,0.0,0.0,0.35728296637535095
0.0,1.0,0.5091497898101807,0.0,0.0,0.3550891578197479
0.0,0.0,0.328402042388916,1.0,1.0,0.7037985920906067
1.0,1.0,0.5037765502929688,1.0,0.0,0.36423128843307495
1.0,1.0,0.739814817905426,1.0,1.0,0.7145802974700928
0.0,0.0,0.4045846462249756,1.0,0.0,0.39815497398376465
1.0,1.0,0.6966408491134644,0.0,0.0,0.3649522364139557
0.0,1.0,0.5287899374961853,0.0,0.0,0.26141107082366943
0.0,1.0,0.5490460395812988,1.0,0.0,0.3933432400226593
0.0,0.0,0.35763952136039734,1.0,0.0,0.4907674193382263
0.0,0.0,0.34084275364875793,0.0,1.0,0.5953061580657959
0.0,0.0,0.3896947503089905,1.0,1.0,0.8067888617515564
0.0,0.0,0.2582338750362396,1.0,1.0,0.6466878056526184
0.0,0.0,0.26294007897377014,1.0,1.0,0.7390833497047424
1.0,0.0,0.456846684217453,0.0,0.0,0.4113696217536926
1.0,1.0,0.8120089769363403,1.0,0.0,0.3468952476978302
1.0,1.0,0.8376540541648865,1.0,1.0,0.7847111821174622
0.0,1.0,0.5278810262680054,0.0,0.0,0.3773321211338043
1.0,0.0,0.39681586623191833,1.0,1.0,0.8912111520767212
1.0,1.0,0.6471284031867981,0.0,0.0,0.3627327084541321
1.0,1.0,0.7687494158744812,1.0,1.0,0.7501811981201172
0.0,0.0,0.40097373723983765,1.0,1.0,0.664389967918396
1.0,1.0,0.6982932090759277,0.0,0.0,0.24540923535823822
1.0,1.0,0.7514238953590393,0.0,0.0,0.4342237114906311
0.0,1.0,0.6168802380561829,0.0,0.0,0.48200297355651855
0.0,0.0,0.49163058400154114,0.0,0.0,0.22354699671268463
0.0,0.0,0.39107248187065125,1.0,0.0,0.39480841159820557
0.0,0.0,0.38548359274864197,1.0,0.0,0.2690131366252899
0.0,1.0,0.5706821084022522,0.0,1.0,0.600889265537262
1.0,0.0,0.4575037658214569,1.0,1.0,0.5733067989349365
1.0,1.0,0.7712831497192383,1.0,0.0,0.4546549618244171
1.0,1.0,0.5137449502944946,0.0,0.0,0.4219396710395813
0.0,0.0,0.4758533835411072,0.0,1.0,0.6724730134010315
1.0,1.0,0.6149327754974365,1.0,1.0,0.5971984267234802
1.0,0.0,0.42456161975860596,1.0,0.0,0.48919716477394104
1.0,0.0,0.45096415281295776,1.0,0.0,0.49771061539649963
0.0,1.0,0.711392879486084,1.0,1.0,0.6748331785202026
0.0,0.0,0.43924638628959656,1.0,1.0,0.5136440396308899
0.0,0.0,0.3174017667770386,1.0,1.0,0.6373040676116943
1.0,0.0,0.3889457583427429,1.0,1.0,0.5390540957450867
0.0,0.0,0.34603726863861084,1.0,0.0,0.43908214569091797
1.0,1.0,0.5069161653518677,1.0,1.0,0.638288676738739
0.0,0.0,0.2280489206314087,1.0,1.0,0.623839795589447
0.0,0.0,0.467540979385376,0.0,0.0,0.3120531141757965
0.0,0.0,0.3519059717655182,1.0,0.0,0.45792925357818604
1.0,1.0,0.8406428694725037,1.0,0.0,0.49331775307655334
1.0,1.0,0.7066240310668945,1.0,0.0,0.4442595839500427
0.0,0.0,0.39149805903434753,1.0,1.0,0.8194760084152222
1.0,0.0,0.3891703188419342,0.0,0.0,0.3572319447994232
0.0,0.0,0.4348612427711487,1.0,0.0,0.4442528486251831
0.0,0.0,0.2615234851837158,1.0,1.0,0.6188572645187378
0.0,0.0,0.34780001640319824,0.0,0.0,0.3447457253932953
0.0,0.0,0.2823391556739807,0.0,0.0,0.3697754144668579
1.0,1.0,0.7377715706825256,0.0,1.0,0.590980589389801
0.0,1.0,0.6051344871520996,1.0,1.0,0.8136820793151855
1.0,1.0,0.8831732273101807,0.0,0.0,0.3800203800201416
0.0,0.0,0.2976333200931549,0.0,0.0,0.47423627972602844
0.0,0.0,0.3793182969093323,1.0,1.0,0.6687926650047302
0.0,0.0,0.3407368063926697,0.0,1.0,0.50663822889328
1.0,1.0,0.5197860598564148,1.0,0.0,0.3574639558792114
0.0,0.0,0.3251008689403534,0.0,0.0,0.30895474553108215
0.0,0.0,0.434722900390625,1.0,1.0,0.5765629410743713
0.0,0.0,0.2640409469604492,0.0,0.0,0.36787545680999756
0.0,0.0,0.35719576478004456,1.0,0.0,0.45127302408218384
0.0,1.0,0.6776762008666992,1.0,0.0,0.44993045926094055
0.0,0.0,0.25671231746673584,0.0,0.0,0.3046262264251709
0.0,0.0,0.2623541057109833,1.0,1.0,0.5888620615005493
0.0,0.0,0.41255974769592285,0.0,0.0,0.4098815619945526
0.0,0.0,0.3509786128997803,1.0,1.0,0.8399192690849304
1.0,0.0,0.3419813811779022,0.0,0.0,0.3605547547340393
0.0,0.0,0.306244432926178,0.0,0.0,0.39680832624435425
1.0,1.0,0.8320420384407043,1.0,0.0,0.45503172278404236
0.0,0.0,0.3397853970527649,1.0,1.0,0.6647148132324219
0.0,0.0,0.29426348209381104,0.0,1.0,0.6592628955841064
1.0,0.0,0.343066930770874,0.0,0.0,0.3402608335018158
0.0,0.0,0.29817521572113037,1.0,0.0,0.3447786569595337
0.0,0.0,0.21323463320732117,0.0,0.0,0.3592417538166046
1.0,1.0,0.7476951479911804,1.0,1.0,0.7545245289802551
0.0,0.0,0.21278902888298035,0.0,0.0,0.259149968624115
0.0,1.0,0.7037985920906067,0.0,1.0,0.6903102397918701
1.0,1.0,0.828386664390564,0.0,0.0,0.24676623940467834
0.0,1.0,0.5729779601097107,0.0,0.0,0.3749437630176544
0.0,0.0,0.31382322311401367,0.0,0.0,0.39879682660102844
0.0,0.0,0.23418471217155457,1.0,0.0,0.46416500210762024
0.0,0.0,0.3987896144390106,1.0,0.0,0.46940094232559204
0.0,0.0,0.3657245635986328,1.0,1.0,0.6823123097419739
0.0,0.0,0.19259537756443024,1.0,0.0,0.47713446617126465
0.0,0.0,0.3440837562084198,1.0,0.0,0.35727033019065857
0.0,0.0,0.45368096232414246,0.0,0.0,0.2596569061279297
0.0,0.0,0.23172670602798462,0.0,1.0,0.51598060131073
0.0,0.0,0.2078070342540741,1.0,1.0,0.5426890850067139
0.0,0.0,0.44155481457710266,1.0,1.0,0.8073457479476929
0.0,0.0,0.30906248092651367,0.0,0.0,0.44882455468177795
0.0,1.0,0.7255848050117493,0.0,0.0,0.40073513984680176
0.0,0.0,0.466764360666275,0.0,1.0,0.5504090189933777
1.0,0.0,0.4050755798816681,0.0,0.0,0.27011755108833313
0.0,0.0,0.35057544708251953,0.0,0.0,0.40288543701171875
0.0,0.0,0.49479272961616516,0.0,0.0,0.4568592309951782
1.0,1.0,0.7230069637298584,0.0,0.0,0.449595183134079
1.0,1.0,0.836826503276825,1.0,1.0,0.7310279607772827
1.0,0.0,0.3400071859359741,0.0,0.0,0.3426959812641144
0.0,0.0,0.34774523973464966,0.0,0.0,0.3461606800556183
0.0,0.0,0.4102432429790497,1.0,1.0,0.76851487159729
0.0,0.0,0.22607697546482086,0.0,0.0,0.37727436423301697
0.0,0.0,0.2886071503162384,0.0,0.0,0.21890713274478912
0.0,0.0,0.27457842230796814,1.0,1.0,0.5840600728988647
0.0,0.0,0.24319373071193695,1.0,1.0,0.6244373917579651
1.0,1.0,0.8975954055786133,0.0,0.0,0.30308789014816284
0.0,0.0,0.4302770793437958,1.0,1.0,0.7126916646957397
0.0,0.0,0.3552825152873993,1.0,1.0,0.9246152639389038
0.0,0.0,0.44771328568458557,0.0,0.0,0.3245943486690521
1.0,0.0,0.48193129897117615,0.0,0.0,0.46130895614624023
1.0,1.0,0.5258004665374756,1.0,1.0,0.8477181792259216
1.0,1.0,0.6750369071960449,0.0,0.0,0.22519102692604065
1.0,0.0,0.21853123605251312,0.0,0.0,0.3115243911743164
1.0,1.0,0.7286675572395325,0.0,0.0,0.37337103486061096
0.0,0.0,0.31756702065467834,0.0,1.0,0.5010749101638794
1.0,0.0,0.4268399178981781,1.0,0.0,0.3704930245876312
1.0,1.0,0.5148431658744812,1.0,1.0,0.705313503742218
1.0,1.0,0.7514238953590393,0.0,0.0,0.3510414659976959
0.0,1.0,0.7316263318061829,1.0,1.0,0.7464650869369507
0.0,0.0,0.277944952249527,0.0,0.0,0.4124729037284851
0.0,0.0,0.2229960411787033,1.0,1.0,0.535385251045227
1.0,1.0,0.8092702627182007,1.0,1.0,0.5049277544021606
1.0,1.0,0.5544799566268921,1.0,1.0,0.8948167562484741
0.0,0.0,0.455828994512558,1.0,1.0,0.5542832016944885
0.0,1.0,0.512182354927063,1.0,1.0,0.7017680406570435
1.0,1.0,0.8044447898864746,1.0,0.0,0.2223336100578308
1.0,1.0,0.8167322278022766,1.0,1.0,0.7316147089004517
0.0,0.0,0.42869046330451965,1.0,0.0,0.34564805030822754
1.0,1.0,0.8292384743690491,1.0,1.0,0.9248232245445251
1.0,0.0,0.47654250264167786,1.0,1.0,0.5965621471405029
1.0,1.0,0.6216328144073486,0.0,0.0,0.33048152923583984
1.0,0.0,0.42606276273727417,0.0,0.0,0.45508310198783875
1.0,1.0,0.8541198372840881,0.0,0.0,0.2967356741428375
0.0,0.0,0.4067516624927521,0.0,0.0,0.4828244745731354
1.0,1.0,0.5749353766441345,1.0,1.0,0.6805343627929688
0.0,0.0,0.3601648509502411,0.0,0.0,0.3532344102859497
0.0,0.0,0.21587449312210083,0.0,0.0,0.31227195262908936
1.0,1.0,0.8724335432052612,1.0,0.0,0.4473651349544525
1.0,1.0,0.8699998259544373,0.0,1.0,0.5000286102294922
1.0,0.0,0.26921963691711426,0.0,1.0,0.5120391249656677
0.0,0.0,0.38113632798194885,1.0,1.0,0.501366138458252
0.0,0.0,0.22370432317256927,0.0,0.0,0.3100736141204834
0.0,0.0,0.36327749490737915,0.0,0.0,0.3303822875022888
0.0,0.0,0.31600654125213623,1.0,1.0,0.8011304140090942
0.0,0.0,0.48351216316223145,0.0,0.0,0.45144468545913696
0.0,0.0,0.3318333923816681,1.0,1.0,0.9067056179046631
0.0,0.0,0.26589080691337585,1.0,0.0,0.29662686586380005
1.0,1.0,0.884361743927002,0.0,0.0,0.3489793539047241
0.0,0.0,0.313001811504364,1.0,1.0,0.7805980443954468
0.0,0.0,0.24956026673316956,1.0,1.0,0.7363347411155701
0.0,0.0,0.3461301922798157,0.0,0.0,0.23980562388896942
1.0,0.0,0.41557812690734863,0.0,0.0,0.47676464915275574
1.0,1.0,0.7839351892471313,1.0,1.0,0.8205526471138
0.0,1.0,0.5614053010940552,1.0,0.0,0.4675057828426361
0.0,0.0,0.3977423906326294,1.0,1.0,0.8521876335144043
1.0,1.0,0.8443241715431213,0.0,0.0,0.25627490878105164
0.0,1.0,0.7538748383522034,0.0,0.0,0.37097543478012085
0.0,0.0,0.38755908608436584,0.0,0.0,0.21409739553928375
1.0,1.0,0.5697677135467529,1.0,1.0,0.7205102443695068
0.0,0.0,0.2830694317817688,0.0,0.0,0.2294284552335739
0.0,0.0,0.28466492891311646,1.0,1.0,0.6094987392425537
0.0,0.0,0.20806144177913666,1.0,1.0,0.769797682762146
1.0,1.0,0.8501365780830383,1.0,1.0,0.6514924764633179
1.0,0.0,0.4909017086029053,1.0,1.0,0.6072116494178772
1.0,1.0,0.7521919012069702,0.0,0.0,0.4380728602409363
1.0,0.0,0.3860408067703247,1.0,0.0,0.2924218475818634
1.0,1.0,0.7254094481468201,0.0,0.0,0.3249059021472931
1.0,1.0,0.7344854474067688,1.0,1.0,0.8440101742744446
1.0,1.0,0.6577751636505127,0.0,1.0,0.5037938952445984
1.0,1.0,0.6590414643287659,1.0,1.0,0.5884616374969482
0.0,0.0,0.40998613834381104,1.0,1.0,0.5356510877609253
1.0,0.0,0.4039238393306732,0.0,1.0,0.7826525568962097
0.0,0.0,0.3264443874359131,1.0,0.0,0.4303635358810425
1.0,1.0,0.8852131962776184,1.0,1.0,0.7703379392623901
0.0,0.0,0.3802879750728607,1.0,1.0,0.5178159475326538
1.0,1.0,0.6368736624717712,0.0,1.0,0.5077859163284302
1.0,1.0,0.7961220145225525,0.0,0.0,0.2627828121185303
0.0,0.0,0.4451328217983246,1.0,1.0,0.7528432011604309
1.0,1.0,0.6304010152816772,1.0,1.0,0.903084933757782
0.0,0.0,0.242851123213768,0.0,0.0,0.2772108018398285
1.0,1.0,0.535328209400177,0.0,0.0,0.28821781277656555
1.0,1.0,0.7185861468315125,1.0,1.0,0.8755394220352173
1.0,1.0,0.5377830862998962,0.0,0.0,0.4169203042984009
1.0,0.0,0.4152786135673523,1.0,0.0,0.38900765776634216
0.0,0.0,0.30907124280929565,1.0,0.0,0.4414876401424408
0.0,0.0,0.2250741720199585,0.0,0.0,0.41632217168807983
1.0,1.0,0.8302536606788635,0.0,0.0,0.34878653287887573
1.0,1.0,0.7820220589637756,0.0,0.0,0.295444518327713
1.0,1.0,0.624875545501709,0.0,0.0,0.35531264543533325
0.0,1.0,0.5786476731300354,0.0,0.0,0.3943510949611664
1.0,1.0,0.746101438999176,0.0,0.0,0.28901442885398865
0.0,0.0,0.39274439215660095,0.0,1.0,0.6597369313240051
1.0,1.0,0.7792770862579346,0.0,1.0,0.776078462600708
1.0,0.0,0.4136790335178375,0.0,0.0,0.3767218291759491
0.0,0.0,0.4549367129802704,0.0,0.0,0.3162214159965515
1.0,0.0,0.341470330953598,1.0,0.0,0.2885705828666687
0.0,0.0,0.4945945739746094,1.0,0.0,0.3428957760334015
0.0,0.0,0.4972078204154968,1.0,1.0,0.504468560218811
0.0,0.0,0.15283070504665375,1.0,1.0,0.6655747890472412
0.0,0.0,0.4096065163612366,1.0,1.0,0.8491842746734619
1.0,1.0,0.6041615605354309,0.0,0.0,0.18728822469711304
1.0,1.0,0.7095507383346558,1.0,1.0,0.6688671708106995
1.0,1.0,0.8150151968002319,1.0,0.0,0.41841915249824524
1.0,0.0,0.48634251952171326,1.0,0.0,0.4363101124763489
0.0,0.0,0.2893902659416199,1.0,1.0,0.7037985920906067
1.0,0.0,0.3726893663406372,0.0,0.0,0.32160383462905884
0.0,0.0,0.3544990122318268,1.0,0.0,0.4607681632041931
0.0,0.0,0.4705633223056793,1.0,1.0,0.5610913038253784
1.0,1.0,0.6936131715774536,1.0,1.0,0.9010834097862244
1.0,1.0,0.535692036151886,0.0,0.0,0.32751694321632385
0.0,0.0,0.3574424386024475,1.0,1.0,0.6550391316413879
1.0,1.0,0.651135265827179,0.0,0.0,0.3438052237033844
1.0,1.0,0.8243871927261353,1.0,0.0,0.4118657112121582
0.0,0.0,0.21217571198940277,0.0,0.0,0.30417370796203613
1.0,0.0,0.45222312211990356,0.0,0.0,0.25920867919921875
1.0,0.0,0.3728036880493164,1.0,1.0,0.5590258836746216
0.0,0.0,0.31236502528190613,0.0,1.0,0.5718965530395508
1.0,1.0,0.636231005191803,0.0,0.0,0.3835426867008209
0.0,0.0,0.2824039161205292,0.0,0.0,0.4496760666370392
0.0,0.0,0.4134214520454407,0.0,0.0,0.414532870054245
1.0,1.0,0.8319087624549866,0.0,0.0,0.38423919677734375
1.0,1.0,0.7879346013069153,0.0,0.0,0.18706856667995453
0.0,0.0,0.4331338107585907,1.0,0.0,0.42287009954452515
0.0,0.0,0.460967481136322,0.0,0.0,0.3395376205444336
0.0,0.0,0.24398958683013916,0.0,0.0,0.4733268916606903
0.0,1.0,0.5904696583747864,0.0,0.0,0.4173728823661804
1.0,0.0,0.3851204216480255,0.0,0.0,0.2878224849700928
1.0,1.0,0.5784207582473755,0.0,0.0,0.2803703248500824
0.0,0.0,0.41910144686698914,1.0,0.0,0.4123484492301941
0.0,0.0,0.44423502683639526,1.0,0.0,0.39948293566703796
1.0,0.0,0.2405368685722351,0.0,0.0,0.37792491912841797
1.0,0.0,0.3564608097076416,1.0,1.0,0.6141440868377686
1.0,1.0,0.8614007234573364,0.0,1.0,0.6132526993751526
1.0,1.0,0.6131300926208496,1.0,1.0,0.5948352217674255
1.0,1.0,0.5020164251327515,0.0,0.0,0.27560538053512573
1.0,1.0,0.6342002153396606,1.0,1.0,0.8005925416946411
0.0,1.0,0.7325304746627808,1.0,1.0,0.5180598497390747
0.0,0.0,0.33933892846107483,0.0,0.0,0.30354371666908264
0.0,0.0,0.3545200526714325,1.0,1.0,0.783328652381897
1.0,1.0,0.8354003429412842,0.0,0.0,0.4627395272254944
1.0,1.0,0.5848305225372314,1.0,1.0,0.7473531365394592
1.0,1.0,0.7902736663818359,1.0,1.0,0.6353331804275513
0.0,0.0,0.1878998577594757,1.0,1.0,0.699043333530426
0.0,0.0,0.3987525999546051,1.0,0.0,0.4648948311805725
0.0,0.0,0.38538360595703125,1.0,1.0,0.5360045433044434
0.0,1.0,0.5608223676681519,0.0,0.0,0.2443787008523941
1.0,1.0,0.667417585849762,1.0,0.0,0.4138216972351074
0.0,0.0,0.296426385641098,0.0,0.0,0.39045315980911255
1.0,0.0,0.3244452178478241,0.0,0.0,0.45485958456993103
1.0,0.0,0.45252713561058044,0.0,0.0,0.20686228573322296
0.0,0.0,0.33171963691711426,1.0,1.0,0.5059957504272461
0.0,0.0,0.2899314761161804,1.0,1.0,0.6161946058273315
0.0,1.0,0.658402681350708,0.0,0.0,0.44511109590530396
0.0,0.0,0.3643949031829834,1.0,1.0,0.6907373070716858
0.0,0.0,0.2106645107269287,0.0,0.0,0.38996371626853943
1.0,1.0,0.8107169270515442,1.0,0.0,0.3876076936721802
1.0,1.0,0.6371635794639587,1.0,1.0,0.5795164108276367
1.0,1.0,0.6344895362854004,0.0,0.0,0.4540748596191406
1.0,0.0,0.46851274371147156,0.0,0.0,0.3424595892429352
1.0,1.0,0.516619086265564,1.0,1.0,0.6647223234176636
0.0,0.0,0.2773408591747284,1.0,1.0,0.522828996181488
1.0,0.0,0.3965243697166443,1.0,0.0,0.3672058880329132
0.0,0.0,0.4566807448863983,1.0,0.0,0.4988809823989868
1.0,1.0,0.9342983365058899,0.0,0.0,0.2153707891702652
1.0,0.0,0.34471961855888367,0.0,1.0,0.5018717050552368
1.0,0.0,0.42744290828704834,0.0,1.0,0.7880458235740662
1.0,0.0,0.3048873841762543,1.0,0.0,0.39455461502075195
0.0,0.0,0.35010936856269836,0.0,0.0,0.4143505394458771
0.0,0.0,0.37941974401474,0.0,1.0,0.5121605396270752
1.0,0.0,0.47692495584487915,1.0,1.0,0.8181458115577698
0.0,0.0,0.33950477838516235,0.0,0.0,0.34866634011268616
1.0,1.0,0.5161312818527222,1.0,1.0,0.8595722913742065
0.0,0.0,0.33079490065574646,0.0,0.0,0.19076573848724365
1.0,0.0,0.4829789400100708,0.0,0.0,0.323912650346756
1.0,1.0,0.5813188552856445,1.0,0.0,0.37182530760765076
1.0,1.0,0.5451716780662537,0.0,0.0,0.4328819513320923
0.0,1.0,0.5240166187286377,1.0,0.0,0.45731401443481445
1.0,1.0,0.5020250082015991,1.0,1.0,0.7373427152633667
0.0,0.0,0.3594793975353241,1.0,0.0,0.4238564074039459
1.0,1.0,0.6953172087669373,0.0,0.0,0.3110257685184479
0.0,0.0,0.32732608914375305,1.0,1.0,0.8761076331138611
1.0,1.0,0.9030902981758118,1.0,1.0,0.7623589634895325
1.0,0.0,0.41250306367874146,0.0,0.0,0.2465495616197586
1.0,1.0,0.7818729281425476,1.0,1.0,0.5715170502662659
0.0,0.0,0.26872363686561584,0.0,1.0,0.6285404562950134
1.0,1.0,0.645731508731842,1.0,1.0,0.522880494594574
0.0,0.0,0.3885011374950409,1.0,1.0,0.6725484728813171
0.0,0.0,0.343066930770874,1.0,0.0,0.4757774770259857
1.0,0.0,0.37247908115386963,0.0,0.0,0.24222342669963837
1.0,0.0,0.3614940345287323,0.0,0.0,0.37363821268081665
1.0,1.0,0.6127572655677795,0.0,0.0,0.3504026234149933
0.0,0.0,0.43975526094436646,0.0,0.0,0.18307414650917053
0.0,0.0,0.34571337699890137,0.0,0.0,0.19147862493991852
0.0,0.0,0.3552067279815674,1.0,0.0,0.466764360666275
0.0,0.0,0.42121678590774536,1.0,1.0,0.7422794103622437
0.0,0.0,0.4354073107242584,1.0,1.0,0.6342002153396606
0.0,0.0,0.2542639672756195,0.0,1.0,0.5215792655944824
0.0,0.0,0.46355074644088745,1.0,0.0,0.4886271357536316
1.0,1.0,0.6307387948036194,0.0,0.0,0.4861653447151184
1.0,1.0,0.7764670252799988,1.0,1.0,0.7804304361343384
1.0,1.0,0.625950038433075,0.0,0.0,0.31164512038230896
1.0,0.0,0.3269311189651489,0.0,0.0,0.34624776244163513
1.0,0.0,0.41250133514404297,1.0,1.0,0.8486462235450745
0.0,0.0,0.4702811539173126,1.0,1.0,0.7022178769111633
0.0,0.0,0.30817562341690063,0.0,1.0,0.7170295119285583
0.0,0.0,0.36552777886390686,0.0,1.0,0.5555435419082642
1.0,1.0,0.6253706812858582,0.0,0.0,0.2793162167072296
0.0,0.0,0.4185090661048889,0.0,0.0,0.3871809244155884
1.0,1.0,0.780951976776123,1.0,0.0,0.40247678756713867
1.0,1.0,0.6878737211227417,0.0,0.0,0.30479511618614197
0.0,0.0,0.43916571140289307,1.0,0.0,0.26697254180908203
0.0,0.0,0.35721084475517273,0.0,0.0,0.3047627806663513
1.0,1.0,0.782439112663269,0.0,0.0,0.35810473561286926
0.0,0.0,0.48185092210769653,0.0,0.0,0.4422597587108612
1.0,0.0,0.47392088174819946,0.0,0.0,0.32317209243774414
1.0,1.0,0.7194861173629761,0.0,1.0,0.5431774258613586
0.0,0.0,0.21303872764110565,0.0,0.0,0.4368414282798767
0.0,1.0,0.7124180197715759,0.0,0.0,0.390881210565567
1.0,0.0,0.38518568873405457,1.0,1.0,0.6992606520652771
0.0,0.0,0.44513967633247375,0.0,0.0,0.26826590299606323
1.0,0.0,0.463924378156662,0.0,0.0,0.2803560793399811
1.0,1.0,0.7373806834220886,0.0,0.0,0.32158467173576355
0.0,1.0,0.5037977695465088,1.0,0.0,0.3509786128997803
1.0,1.0,0.5772134065628052,1.0,0.0,0.46299365162849426
1.0,1.0,0.6406874656677246,0.0,1.0,0.5249037146568298
1.0,0.0,0.4853290617465973,1.0,0.0,0.4674483835697174
0.0,1.0,0.5582119226455688,0.0,1.0,0.8360758423805237
1.0,0.0,0.44028180837631226,0.0,0.0,0.18307414650917053
1.0,1.0,0.833351194858551,0.0,0.0,0.2472565621137619
0.0,0.0,0.24622580409049988,1.0,1.0,0.6305891871452332
1.0,0.0,0.4781588912010193,0.0,1.0,0.5060619711875916
1.0,1.0,0.5749830603599548,0.0,0.0,0.28848740458488464
0.0,0.0,0.34419140219688416,1.0,1.0,0.5129929780960083
0.0,1.0,0.7721566557884216,0.0,0.0,0.41521742939949036
1.0,1.0,0.5057104229927063,0.0,0.0,0.343066930770874
0.0,1.0,0.6295580267906189,1.0,1.0,0.7495356202125549
1.0,0.0,0.47891369462013245,1.0,0.0,0.39417240023612976
0.0,0.0,0.30313640832901,0.0,0.0,0.4917810261249542
0.0,1.0,0.515535295009613,0.0,0.0,0.342094749212265
1.0,0.0,0.4252356290817261,1.0,1.0,0.6029090881347656
1.0,1.0,0.5548167824745178,0.0,1.0,0.5067198276519775
1.0,0.0,0.46466970443725586,1.0,0.0,0.4159480929374695
0.0,0.0,0.3692062497138977,1.0,1.0,0.7476314902305603
1.0,1.0,0.596259593963623,0.0,1.0,0.8378341197967529
1.0,1.0,0.8595722913742065,0.0,0.0,0.3809067904949188
0.0,0.0,0.3082190155982971,0.0,0.0,0.3819282054901123
1.0,0.0,0.45657530426979065,0.0,0.0,0.4312206506729126
1.0,1.0,0.5733067989349365,1.0,1.0,0.7390833497047424
1.0,1.0,0.7819178700447083,1.0,1.0,0.5333266854286194
1.0,1.0,0.7770734429359436,0.0,0.0,0.3210383951663971
1.0,0.0,0.43176043033599854,0.0,0.0,0.32697540521621704
0.0,0.0,0.32172608375549316,1.0,1.0,0.5486387014389038
0.0,0.0,0.33312398195266724,1.0,1.0,0.7126916646957397
1.0,1.0,0.7687476873397827,1.0,0.0,0.2779923379421234
0.0,0.0,0.35062941908836365,0.0,0.0,0.3570694923400879
1.0,1.0,0.7015505433082581,0.0,0.0,0.3288543224334717
0.0,0.0,0.3044334650039673,0.0,0.0,0.3694741129875183
1.0,0.0,0.3801599442958832,0.0,0.0,0.29365381598472595
0.0,0.0,0.21729472279548645,0.0,0.0,0.4594229757785797
0.0,0.0,0.2933228015899658,1.0,1.0,0.7887806296348572
0.0,0.0,0.2772601842880249,1.0,0.0,0.4203469157218933
1.0,1.0,0.5776886940002441,0.0,0.0,0.4087045192718506
1.0,1.0,0.8395601511001587,1.0,0.0,0.3014068007469177
1.0,1.0,0.6304712891578674,0.0,0.0,0.40597328543663025
0.0,0.0,0.36438220739364624,1.0,0.0,0.3430068790912628
1.0,1.0,0.8465430736541748,0.0,1.0,0.5864040851593018
1.0,1.0,0.5449474453926086,1.0,0.0,0.38327017426490784
0.0,0.0,0.2213488072156906,0.0,1.0,0.5873080492019653
1.0,1.0,0.7981429100036621,1.0,0.0,0.2787401080131531
0.0,0.0,0.3000134229660034,1.0,1.0,0.8848812580108643
0.0,0.0,0.3739117383956909,0.0,0.0,0.39687082171440125
1.0,1.0,0.6593348383903503,1.0,1.0,0.7131853103637695
1.0,1.0,0.6080681681632996,1.0,1.0,0.6335702538490295
0.0,0.0,0.2419724017381668,1.0,1.0,0.5395360589027405
1.0,1.0,0.7531204223632812,0.0,0.0,0.4830554723739624
1.0,1.0,0.8421367406845093,1.0,1.0,0.5830898284912109
1.0,1.0,0.5866198539733887,0.0,0.0,0.443655401468277
0.0,0.0,0.36944499611854553,0.0,0.0,0.4164125621318817
1.0,1.0,0.7797868251800537,0.0,0.0,0.464694619178772
0.0,0.0,0.4660135805606842,0.0,0.0,0.29788461327552795
1.0,0.0,0.49449387192726135,0.0,0.0,0.3462659418582916
0.0,0.0,0.1868007332086563,0.0,0.0,0.2013695240020752
1.0,0.0,0.3961907923221588,1.0,0.0,0.41342681646347046
1.0,1.0,0.7012022733688354,1.0,1.0,0.7703698873519897
1.0,0.0,0.3754361867904663,1.0,1.0,0.5016269683837891
1.0,0.0,0.4538041055202484,1.0,0.0,0.31554290652275085
0.0,0.0,0.2639988362789154,0.0,1.0,0.5814499258995056
1.0,1.0,0.9142566323280334,0.0,0.0,0.36869606375694275
0.0,0.0,0.38940921425819397,1.0,0.0,0.4367694854736328
0.0,0.0,0.23891811072826385,0.0,0.0,0.2622740864753723
0.0,0.0,0.28248491883277893,0.0,0.0,0.4235720932483673
0.0,0.0,0.3063533306121826,1.0,1.0,0.7482401132583618
1.0,1.0,0.7587604522705078,1.0,0.0,0.4954064190387726
1.0,1.0,0.690377414226532,0.0,0.0,0.24898336827754974
1.0,1.0,0.7126809358596802,0.0,0.0,0.43523961305618286
0.0,0.0,0.22354699671268463,1.0,1.0,0.9035297632217407
0.0,0.0,0.3392649292945862,0.0,1.0,0.5332817435264587
0.0,0.0,0.31411489844322205,0.0,1.0,0.6900234222412109
1.0,0.0,0.4304184317588806,1.0,1.0,0.7190299034118652
1.0,1.0,0.5197860598564148,1.0,1.0,0.7961220145225525
1.0,0.0,0.44004255533218384,1.0,1.0,0.6729581952095032
0.0,0.0,0.349837064743042,1.0,1.0,0.5726224780082703
1.0,1.0,0.7763091921806335,0.0,0.0,0.46424242854118347
0.0,0.0,0.20787975192070007,0.0,0.0,0.27292612195014954
1.0,1.0,0.5343692898750305,0.0,0.0,0.3708319365978241
0.0,0.0,0.35072386264801025,1.0,0.0,0.37382063269615173
0.0,0.0,0.2512547969818115,0.0,0.0,0.3868037760257721
1.0,1.0,0.9086913466453552,0.0,0.0,0.25506067276000977
1.0,1.0,0.5497838854789734,1.0,0.0,0.37948742508888245
1.0,1.0,0.7606449723243713,1.0,1.0,0.5603135228157043
1.0,0.0,0.42970603704452515,0.0,0.0,0.33797967433929443
0.0,0.0,0.27962955832481384,1.0,0.0,0.37537455558776855
0.0,0.0,0.42518192529678345,1.0,1.0,0.6257955431938171
1.0,1.0,0.7368505001068115,0.0,0.0,0.2677382528781891
0.0,0.0,0.42857474088668823,1.0,1.0,0.5427858233451843
0.0,0.0,0.24439790844917297,0.0,1.0,0.584572970867157
1.0,1.0,0.7263763546943665,1.0,1.0,0.8456001281738281
0.0,0.0,0.3942893147468567,0.0,0.0,0.402989000082016
1.0,1.0,0.5925993919372559,1.0,0.0,0.3309437334537506
0.0,1.0,0.6327803730964661,1.0,1.0,0.7603192329406738
1.0,1.0,0.554783284664154,1.0,1.0,0.520336925983429
0.0,1.0,0.5115970969200134,0.0,0.0,0.3096334636211395
0.0,0.0,0.3597816228866577,1.0,1.0,0.7227384448051453
1.0,0.0,0.47059357166290283,0.0,0.0,0.3348839282989502
0.0,0.0,0.40124815702438354,0.0,0.0,0.41157418489456177
0.0,0.0,0.48824167251586914,0.0,0.0,0.2871655523777008
1.0,1.0,0.8204452395439148,1.0,1.0,0.5999014973640442
0.0,0.0,0.49988630414009094,1.0,1.0,0.6343196034431458
0.0,0.0,0.47172126173973083,1.0,0.0,0.40760400891304016
1.0,1.0,0.9206876754760742,0.0,0.0,0.3824650049209595
1.0,0.0,0.400210976600647,0.0,0.0,0.31878212094306946
0.0,0.0,0.35538217425346375,1.0,1.0,0.7977726459503174
0.0,0.0,0.28997233510017395,1.0,1.0,0.7860872149467468
1.0,1.0,0.5115159749984741,1.0,1.0,0.5287837386131287
1.0,0.0,0.4129783511161804,1.0,1.0,0.5863191485404968
0.0,0.0,0.3301801383495331,1.0,0.0,0.3436698913574219
1.0,1.0,0.5542832016944885,1.0,0.0,0.4719353914260864
0.0,0.0,0.3585187792778015,1.0,1.0,0.6354278922080994
1.0,1.0,0.6997784972190857,0.0,0.0,0.33259978890419006
0.0,0.0,0.4549367129802704,0.0,0.0,0.38041359186172485
1.0,0.0,0.3563051223754883,1.0,1.0,0.6389017105102539
0.0,0.0,0.3707928955554962,0.0,0.0,0.3741636872291565
1.0,1.0,0.7268722057342529,0.0,1.0,0.711392879486084
0.0,0.0,0.3081235885620117,1.0,1.0,0.5318300724029541
1.0,0.0,0.44660696387290955,0.0,0.0,0.3408343493938446
1.0,1.0,0.6797429919242859,0.0,0.0,0.3756312131881714
0.0,0.0,0.3451206088066101,0.0,0.0,0.45930519700050354
0.0,1.0,0.6560176610946655,0.0,1.0,0.5027300119400024
0.0,1.0,0.657042384147644,0.0,0.0,0.38086313009262085
1.0,0.0,0.3539280891418457,1.0,1.0,0.8187033534049988
1.0,1.0,0.885765790939331,0.0,0.0,0.45245587825775146
1.0,1.0,0.7343757748603821,1.0,0.0,0.4858360290527344
0.0,0.0,0.3346482217311859,0.0,0.0,0.3738437294960022
1.0,0.0,0.4059750437736511,0.0,0.0,0.3438052237033844
0.0,0.0,0.4766961932182312,0.0,0.0,0.4108131527900696
1.0,0.0,0.348163366317749,1.0,1.0,0.5403919219970703
0.0,0.0,0.37762635946273804,1.0,1.0,0.5625981092453003
1.0,0.0,0.2951478064060211,0.0,0.0,0.2920156419277191
0.0,0.0,0.39110130071640015,1.0,1.0,0.8081113696098328
0.0,0.0,0.3876107335090637,1.0,0.0,0.3969530463218689
0.0,0.0,0.39051729440689087,1.0,0.0,0.3638160228729248
0.0,0.0,0.4359852075576782,0.0,0.0,0.3954199552536011
0.0,0.0,0.21937796473503113,1.0,1.0,0.5562381744384766
0.0,0.0,0.2566445767879486,0.0,0.0,0.3532077670097351
1.0,1.0,0.7214357256889343,1.0,1.0,0.5056250095367432
1.0,1.0,0.6079517602920532,1.0,1.0,0.7220844030380249
0.0,0.0,0.3777405023574829,1.0,1.0,0.8544108271598816
0.0,0.0,0.44317084550857544,0.0,1.0,0.5098704099655151
1.0,1.0,0.6821934580802917,1.0,1.0,0.7999656200408936
1.0,0.0,0.3533713221549988,0.0,0.0,0.4667269289493561
0.0,0.0,0.40580061078071594,0.0,0.0,0.36462968587875366
0.0,0.0,0.36010807752609253,1.0,0.0,0.3947293758392334
1.0,1.0,0.6932769417762756,1.0,1.0,0.6349889636039734
1.0,1.0,0.753018856048584,0.0,0.0,0.49954932928085327
0.0,0.0,0.2974473834037781,0.0,0.0,0.2502792775630951
0.0,0.0,0.3692120909690857,0.0,1.0,0.58612459897995
1.0,1.0,0.5208120942115784,0.0,0.0,0.31180495023727417
1.0,1.0,0.5181121826171875,1.0,1.0,0.5786476731300354
1.0,1.0,0.626312255859375,1.0,1.0,0.6020255088806152
1.0,1.0,0.5848747491836548,0.0,1.0,0.8081614971160889
1.0,0.0,0.41157588362693787,0.0,0.0,0.230447456240654
1.0,0.0,0.3584733307361603,1.0,1.0,0.7378153204917908
0.0,1.0,0.6869670152664185,1.0,0.0,0.3498519957065582
1.0,0.0,0.45228931307792664,0.0,0.0,0.34771692752838135
0.0,0.0,0.2661927044391632,1.0,0.0,0.3868517577648163
0.0,0.0,0.4490990936756134,0.0,0.0,0.45215916633605957
0.0,0.0,0.4121157228946686,1.0,1.0,0.7815260291099548
1.0,1.0,0.7460154294967651,0.0,0.0,0.2974473834037781
0.0,1.0,0.5045362710952759,0.0,0.0,0.41255974769592285
0.0,0.0,0.46157363057136536,1.0,1.0,0.5030456781387329
1.0,1.0,0.7834675908088684,0.0,0.0,0.2779981195926666
0.0,0.0,0.2798767685890198,1.0,0.0,0.48378318548202515
1.0,0.0,0.26514309644699097,1.0,1.0,0.8514231443405151
0.0,0.0,0.24622170627117157,1.0,0.0,0.33762601017951965
1.0,1.0,0.5093708634376526,1.0,0.0,0.4764910042285919
1.0,1.0,0.7337278127670288,0.0,0.0,0.4553927183151245
0.0,0.0,0.33901309967041016,1.0,0.0,0.36935529112815857
0.0,0.0,0.38487398624420166,1.0,0.0,0.3049188256263733
1.0,0.0,0.36442914605140686,1.0,1.0,0.5566418766975403
1.0,0.0,0.4560648500919342,0.0,1.0,0.5449348092079163
1.0,1.0,0.5603135228157043,1.0,0.0,0.3982786536216736
1.0,1.0,0.5695443749427795,0.0,0.0,0.39500826597213745
0.0,0.0,0.22884969413280487,1.0,0.0,0.4719739854335785
0.0,0.0,0.3374224305152893,1.0,0.0,0.2336997389793396
0.0,0.0,0.398209810256958,0.0,0.0,0.2751615643501282
0.0,0.0,0.4200524091720581,0.0,0.0,0.37689700722694397
0.0,0.0,0.4237794876098633,1.0,1.0,0.572652280330658
0.0,0.0,0.3877895176410675,1.0,0.0,0.3663114011287689
1.0,1.0,0.5884173512458801,0.0,0.0,0.30576181411743164
0.0,0.0,0.4677676260471344,1.0,0.0,0.41605985164642334
0.0,0.0,0.250002920627594,0.0,0.0,0.45001378655433655
1.0,0.0,0.378079891204834,0.0,0.0,0.24490706622600555
0.0,0.0,0.4696633219718933,1.0,1.0,0.5532757639884949
0.0,0.0,0.354336142539978,0.0,0.0,0.45381632447242737
0.0,0.0,0.2792050242424011,0.0,1.0,0.5486963987350464
1.0,1.0,0.5859452486038208,0.0,0.0,0.2967390716075897
1.0,1.0,0.6216109991073608,1.0,1.0,0.8536297082901001
1.0,0.0,0.48086801171302795,1.0,1.0,0.6809771656990051
1.0,1.0,0.550223171710968,0.0,0.0,0.2791772186756134
0.0,0.0,0.3362452983856201,1.0,1.0,0.577288806438446
0.0,0.0,0.37311655282974243,0.0,0.0,0.3408343493938446
1.0,1.0,0.663137674331665,0.0,0.0,0.2684536576271057
1.0,0.0,0.39680910110473633,1.0,1.0,0.664389967918396
1.0,1.0,0.6986728310585022,0.0,1.0,0.5767324566841125
1.0,0.0,0.3471267521381378,1.0,1.0,0.5931660532951355
1.0,1.0,0.7887806296348572,1.0,0.0,0.4231075048446655
1.0,1.0,0.63045334815979,1.0,0.0,0.39944106340408325
1.0,1.0,0.5737189054489136,1.0,0.0,0.4809589982032776
0.0,0.0,0.2773366868495941,1.0,1.0,0.7141680121421814
1.0,0.0,0.3770855665206909,1.0,0.0,0.41023924946784973
0.0,0.0,0.414781391620636,0.0,0.0,0.484274685382843
0.0,0.0,0.23252826929092407,0.0,0.0,0.30741292238235474
0.0,0.0,0.4353615939617157,1.0,1.0,0.6736584305763245
0.0,0.0,0.4824294149875641,1.0,0.0,0.303035706281662
0.0,0.0,0.35266613960266113,1.0,1.0,0.8474352359771729
0.0,0.0,0.39449387788772583,1.0,1.0,0.6526895761489868
1.0,0.0,0.4268399178981781,0.0,0.0,0.3219931721687317
1.0,1.0,0.6286122798919678,0.0,0.0,0.4510482847690582
1.0,1.0,0.917221188545227,0.0,0.0,0.43760454654693604
1.0,1.0,0.5050102472305298,1.0,1.0,0.5811536312103271
0.0,0.0,0.4630478024482727,0.0,0.0,0.19238491356372833
1.0,1.0,0.917221188545227,1.0,0.0,0.3762151598930359
0.0,0.0,0.28596845269203186,0.0,0.0,0.35057544708251953
0.0,0.0,0.15014779567718506,1.0,1.0,0.8658439517021179
0.0,0.0,0.3424803912639618,0.0,0.0,0.36466795206069946
1.0,1.0,0.5084636211395264,0.0,0.0,0.4759410321712494
0.0,1.0,0.6378333568572998,0.0,0.0,0.2813074290752411
1.0,1.0,0.5537253022193909,0.0,0.0,0.3820430636405945
0.0,0.0,0.29571571946144104,1.0,1.0,0.6465675830841064
0.0,0.0,0.313137948513031,0.0,0.0,0.21665214002132416
1.0,1.0,0.5574188828468323,1.0,1.0,0.6499934196472168
1.0,0.0,0.4709419906139374,0.0,0.0,0.29024839401245117
0.0,0.0,0.2866177558898926,0.0,1.0,0.6747077703475952
1.0,1.0,0.53855961561203,0.0,0.0,0.4281732738018036
0.0,0.0,0.4102184474468231,1.0,1.0,0.5677109360694885
0.0,0.0,0.312568336725235,1.0,1.0,0.8474105596542358
1.0,1.0,0.7404385805130005,0.0,0.0,0.23601464927196503
1.0,0.0,0.479373037815094,1.0,1.0,0.664389967918396
0.0,0.0,0.24956026673316956,1.0,1.0,0.5629277229309082
1.0,1.0,0.7419991493225098,1.0,1.0,0.5561553835868835
1.0,1.0,0.8684487342834473,0.0,1.0,0.7037985920906067
1.0,1.0,0.9035297632217407,0.0,0.0,0.4029054641723633
1.0,0.0,0.35057544708251953,0.0,0.0,0.3654192388057709
1.0,1.0,0.742731511592865,0.0,0.0,0.309510737657547
1.0,0.0,0.42586860060691833,0.0,0.0,0.2976333200931549
1.0,1.0,0.7386574745178223,0.0,0.0,0.45735061168670654
1.0,1.0,0.625517725944519,1.0,1.0,0.5140486359596252
0.0,0.0,0.33490505814552307,0.0,0.0,0.30567750334739685
1.0,1.0,0.6205987334251404,0.0,0.0,0.3981958031654358
1.0,1.0,0.8495813012123108,0.0,0.0,0.4610225260257721
0.0,0.0,0.3903501033782959,0.0,0.0,0.45520010590553284
0.0,0.0,0.40922626852989197,1.0,1.0,0.5931556820869446
1.0,1.0,0.6903265714645386,1.0,1.0,0.5033695697784424
0.0,0.0,0.37387192249298096,1.0,1.0,0.6226593852043152
0.0,0.0,0.4223746359348297,1.0,0.0,0.369061678647995
0.0,0.0,0.32203665375709534,1.0,1.0,0.8282655477523804
0.0,0.0,0.31210654973983765,0.0,0.0,0.3110623359680176
0.0,0.0,0.35300251841545105,1.0,0.0,0.3950716257095337
0.0,0.0,0.31829288601875305,0.0,1.0,0.587897002696991
0.0,1.0,0.5402986407279968,0.0,0.0,0.4873296618461609
1.0,1.0,0.6253791451454163,0.0,0.0,0.4142179787158966
1.0,1.0,0.6978523135185242,1.0,0.0,0.41659078001976013
0.0,0.0,0.27723896503448486,1.0,1.0,0.5712116956710815
1.0,1.0,0.836826503276825,0.0,0.0,0.3512150049209595
0.0,0.0,0.29438894987106323,0.0,0.0,0.4652768671512604
0.0,0.0,0.20775754749774933,0.0,0.0,0.474555104970932
1.0,0.0,0.2618277668952942,0.0,0.0,0.48735761642456055
0.0,0.0,0.3342283070087433,1.0,1.0,0.8064315319061279
0.0,0.0,0.352305144071579,1.0,0.0,0.47376155853271484
0.0,0.0,0.3511839807033539,1.0,0.0,0.38962846994400024
0.0,0.0,0.3229323625564575,1.0,0.0,0.2787504494190216
0.0,0.0,0.4464762210845947,0.0,1.0,0.5689239501953125
0.0,0.0,0.2634577453136444,0.0,1.0,0.5147393345832825
0.0,0.0,0.3779580593109131,1.0,1.0,0.652806282043457
0.0,0.0,0.2658274471759796,1.0,0.0,0.45506104826927185
0.0,1.0,0.5338230729103088,1.0,1.0,0.7190299034118652
0.0,0.0,0.18307414650917053,0.0,0.0,0.25485560297966003
1.0,1.0,0.7887806296348572,1.0,0.0,0.4695395827293396
0.0,0.0,0.343066930770874,1.0,1.0,0.5443992018699646
0.0,0.0,0.3195090889930725,0.0,0.0,0.3062179386615753
1.0,1.0,0.7055584192276001,0.0,0.0,0.4578208923339844
1.0,1.0,0.7514238953590393,0.0,0.0,0.33179807662963867
0.0,0.0,0.31055667996406555,0.0,1.0,0.6729581952095032
0.0,0.0,0.45351511240005493,0.0,0.0,0.36021167039871216
1.0,1.0,0.6257473826408386,0.0,0.0,0.44012942910194397
1.0,1.0,0.5784111618995667,0.0,0.0,0.3627327084541321
0.0,0.0,0.32261428236961365,1.0,1.0,0.6335702538490295
0.0,0.0,0.2562286853790283,0.0,0.0,0.15293101966381073
0.0,1.0,0.5562865734100342,0.0,0.0,0.29482772946357727
1.0,0.0,0.3502681255340576,0.0,1.0,0.5944735407829285
1.0,0.0,0.4549367129802704,0.0,0.0,0.2189965397119522
1.0,1.0,0.6457720994949341,0.0,0.0,0.45224443078041077
1.0,1.0,0.5843098759651184,1.0,1.0,0.648373544216156
0.0,0.0,0.2911417484283447,1.0,0.0,0.31830352544784546
1.0,0.0,0.32288575172424316,1.0,1.0,0.5068901777267456
0.0,0.0,0.31412193179130554,1.0,0.0,0.38195914030075073
0.0,0.0,0.3997403085231781,1.0,1.0,0.5919046998023987
0.0,0.0,0.3736826181411743,1.0,0.0,0.28814756870269775
1.0,1.0,0.7584956288337708,0.0,1.0,0.7039929628372192
1.0,1.0,0.7018037438392639,1.0,0.0,0.2538534998893738
0.0,0.0,0.28695517778396606,0.0,0.0,0.33410346508026123
0.0,0.0,0.48723816871643066,0.0,0.0,0.31546032428741455
1.0,1.0,0.5137702822685242,0.0,1.0,0.6000592112541199
1.0,1.0,0.865388035774231,1.0,0.0,0.42075636982917786
0.0,0.0,0.31510022282600403,1.0,0.0,0.37883231043815613
1.0,0.0,0.3541669547557831,1.0,1.0,0.9120256900787354
0.0,0.0,0.3903496265411377,1.0,1.0,0.577288806438446
1.0,1.0,0.5222144722938538,1.0,1.0,0.550843358039856
1.0,1.0,0.7701103091239929,1.0,1.0,0.8993794918060303
1.0,1.0,0.7634475827217102,0.0,0.0,0.466764360666275
1.0,1.0,0.6460830569267273,1.0,1.0,0.519005298614502
1.0,1.0,0.769797682762146,0.0,0.0,0.49924832582473755
0.0,0.0,0.34795230627059937,1.0,0.0,0.4460461139678955
1.0,1.0,0.8062953352928162,1.0,0.0,0.35241004824638367
0.0,0.0,0.35518425703048706,1.0,1.0,0.9260023236274719
0.0,0.0,0.44440892338752747,0.0,1.0,0.7444033026695251
1.0,0.0,0.39350178837776184,1.0,1.0,0.5249665379524231
1.0,0.0,0.3800875246524811,0.0,0.0,0.2342170625925064
1.0,1.0,0.7386815547943115,1.0,1.0,0.577146589756012
1.0,1.0,0.5662439465522766,1.0,1.0,0.6134943962097168
0.0,0.0,0.4580528140068054,1.0,1.0,0.8127121925354004
1.0,1.0,0.8223782777786255,0.0,0.0,0.3396390974521637
0.0,0.0,0.2448955774307251,1.0,0.0,0.42170634865760803
1.0,1.0,0.7407351732254028,0.0,1.0,0.5922927856445312
0.0,1.0,0.5170630812644958,0.0,0.0,0.2992100417613983
0.0,0.0,0.26946359872817993,0.0,0.0,0.4896146059036255
1.0,1.0,0.9020882844924927,0.0,0.0,0.3661595284938812
1.0,1.0,0.8667871952056885,0.0,1.0,0.5501981377601624
0.0,0.0,0.43329793214797974,0.0,1.0,0.5396271347999573
0.0,0.0,0.3737418055534363,1.0,1.0,0.5538419485092163
0.0,0.0,0.3297824263572693,0.0,0.0,0.3962176442146301
0.0,0.0,0.2614458203315735,1.0,1.0,0.7037985920906067
0.0,0.0,0.19147862493991852,0.0,1.0,0.5902133584022522
0.0,1.0,0.5712752342224121,0.0,0.0,0.4785420596599579
1.0,1.0,0.5889968872070312,0.0,0.0,0.40538135170936584
1.0,1.0,0.5474245548248291,1.0,1.0,0.5267186164855957
0.0,0.0,0.19455161690711975,0.0,0.0,0.4963592290878296
0.0,0.0,0.4113696217536926,1.0,0.0,0.38014066219329834
1.0,1.0,0.724443256855011,1.0,0.0,0.33941441774368286
0.0,1.0,0.5802448391914368,0.0,0.0,0.39783844351768494
0.0,1.0,0.5548916459083557,0.0,0.0,0.20801840722560883
1.0,1.0,0.8830514550209045,1.0,1.0,0.5054618716239929
1.0,0.0,0.46115535497665405,0.0,0.0,0.3804264962673187
1.0,1.0,0.8440349102020264,1.0,1.0,0.773247480392456
1.0,1.0,0.6711905002593994,0.0,0.0,0.3778778612613678
1.0,0.0,0.420797735452652,1.0,0.0,0.4941798448562622
1.0,1.0,0.7389981746673584,1.0,1.0,0.6246349811553955
0.0,0.0,0.31782668828964233,1.0,1.0,0.5772050023078918
1.0,0.0,0.4709100127220154,1.0,1.0,0.7382267117500305
0.0,0.0,0.20080511271953583,0.0,0.0,0.4819062650203705
0.0,1.0,0.5389180183410645,0.0,0.0,0.48193129897117615
1.0,0.0,0.4725807011127472,1.0,1.0,0.8119085431098938
0.0,0.0,0.40357816219329834,0.0,0.0,0.34262245893478394
1.0,1.0,0.7968642711639404,1.0,1.0,0.7443472743034363
0.0,0.0,0.4431154131889343,1.0,1.0,0.6020955443382263
1.0,0.0,0.42049652338027954,0.0,0.0,0.3169512450695038
1.0,1.0,0.7714459896087646,1.0,0.0,0.3336949646472931
1.0,1.0,0.6972531676292419,0.0,0.0,0.4459046423435211
0.0,0.0,0.37955760955810547,0.0,0.0,0.3583546578884125
0.0,0.0,0.3504104018211365,0.0,0.0,0.3585646450519562
0.0,1.0,0.5331020355224609,0.0,0.0,0.3615582287311554
0.0,0.0,0.4332849383354187,1.0,1.0,0.6746757626533508
0.0,0.0,0.47809070348739624,1.0,0.0,0.411090612411499
1.0,1.0,0.8448687195777893,0.0,0.0,0.3671100437641144
1.0,1.0,0.5738528370857239,0.0,1.0,0.6424857974052429
0.0,0.0,0.40488943457603455,1.0,0.0,0.3287999629974365
0.0,0.0,0.30891290307044983,0.0,0.0,0.39489635825157166
1.0,0.0,0.39848431944847107,0.0,0.0,0.366225004196167
1.0,0.0,0.4303787052631378,0.0,0.0,0.3527151644229889
0.0,1.0,0.6932595372200012,0.0,0.0,0.3819282054901123
1.0,1.0,0.5333374738693237,1.0,1.0,0.64906907081604
1.0,1.0,0.8751816153526306,1.0,0.0,0.46495911478996277
1.0,0.0,0.40172088146209717,0.0,0.0,0.46815821528434753
0.0,0.0,0.39149805903434753,0.0,0.0,0.294369637966156
1.0,1.0,0.8280266523361206,0.0,0.0,0.3777465224266052
0.0,0.0,0.2740750014781952,0.0,1.0,0.6826817393302917
0.0,0.0,0.3227924108505249,1.0,1.0,0.5469138622283936
1.0,0.0,0.39382463693618774,1.0,1.0,0.6771059632301331
1.0,1.0,0.6997784972190857,0.0,0.0,0.24830108880996704
1.0,1.0,0.5961101055145264,0.0,0.0,0.36841920018196106
1.0,1.0,0.8448644280433655,1.0,1.0,0.5954611897468567
1.0,1.0,0.8006995916366577,0.0,0.0,0.474816232919693
0.0,0.0,0.3000134229660034,1.0,1.0,0.9245354533195496
0.0,0.0,0.3953573405742645,1.0,1.0,0.7605966925621033
0.0,0.0,0.31186968088150024,0.0,0.0,0.316137433052063
1.0,0.0,0.31073734164237976,1.0,0.0,0.38073259592056274
0.0,0.0,0.3684614598751068,0.0,0.0,0.25398287177085876
1.0,0.0,0.46594715118408203,0.0,0.0,0.358930379152298
1.0,0.0,0.4990595281124115,0.0,0.0,0.31954845786094666
1.0,0.0,0.4622989594936371,1.0,1.0,0.8519766330718994
1.0,1.0,0.5766215324401855,0.0,0.0,0.4405292868614197
1.0,1.0,0.5983095765113831,0.0,0.0,0.46887463331222534
1.0,0.0,0.4034861624240875,1.0,1.0,0.5904158353805542
1.0,0.0,0.4424484372138977,0.0,0.0,0.2966630756855011
1.0,1.0,0.6374731063842773,1.0,0.0,0.4405449330806732
1.0,1.0,0.7158247232437134,0.0,0.0,0.37097543478012085
1.0,0.0,0.34196311235427856,1.0,0.0,0.49734365940093994
1.0,0.0,0.4212034046649933,1.0,1.0,0.8278420567512512
0.0,0.0,0.29646238684654236,1.0,1.0,0.7743678092956543
0.0,0.0,0.4271164834499359,1.0,0.0,0.4002452790737152
1.0,1.0,0.7258158922195435,0.0,0.0,0.2575508952140808
0.0,0.0,0.33457881212234497,1.0,1.0,0.6738556623458862
0.0,0.0,0.41861385107040405,1.0,0.0,0.3589962422847748
0.0,0.0,0.3383592367172241,0.0,0.0,0.21544185280799866
0.0,0.0,0.38808321952819824,0.0,0.0,0.3039214015007019
1.0,1.0,0.7494522929191589,1.0,1.0,0.5996518135070801
1.0,1.0,0.6407914757728577,1.0,0.0,0.3039168119430542
0.0,0.0,0.38841962814331055,1.0,1.0,0.7508214712142944
1.0,1.0,0.7846605181694031,1.0,0.0,0.38492724299430847
0.0,0.0,0.31785884499549866,0.0,0.0,0.4061751067638397
0.0,0.0,0.4673957824707031,0.0,0.0,0.3453761041164398
0.0,0.0,0.4566793143749237,,,
0.0,0.0,0.2994014620780945,,,
0.0,0.0,0.4329944849014282,,,
1.0,1.0,0.518051266670227,,,
0.0,0.0,0.1820525825023651,,,
0.0,0.0,0.33770719170570374,,,
0.0,0.0,0.20869684219360352,,,
1.0,1.0,0.505207896232605,,,
1.0,1.0,0.9007881879806519,,,
1.0,1.0,0.5479263663291931,,,
1.0,1.0,0.6042345762252808,,,
0.0,0.0,0.32077309489250183,,,
0.0,0.0,0.44502872228622437,,,
1.0,1.0,0.8616332411766052,,,
0.0,1.0,0.5324578881263733,,,
0.0,0.0,0.3367427587509155,,,
0.0,0.0,0.4448382258415222,,,
0.0,0.0,0.3360914885997772,,,
1.0,1.0,0.6706642508506775,,,
1.0,0.0,0.34034156799316406,,,
0.0,0.0,0.3890041410923004,,,
1.0,0.0,0.4759838581085205,,,
0.0,0.0,0.33027541637420654,,,
0.0,0.0,0.1994723528623581,,,
0.0,0.0,0.41157588362693787,,,
0.0,0.0,0.3534383177757263,,,
1.0,0.0,0.42431944608688354,,,
0.0,1.0,0.5221583843231201,,,
1.0,1.0,0.5551863312721252,,,
1.0,0.0,0.3686700761318207,,,
0.0,0.0,0.4108131527900696,,,
0.0,0.0,0.36171287298202515,,,
0.0,1.0,0.5052073001861572,,,
1.0,1.0,0.8883650302886963,,,
0.0,0.0,0.46858030557632446,,,
0.0,1.0,0.5271411538124084,,,
0.0,0.0,0.29898253083229065,,,
0.0,1.0,0.6252615451812744,,,
1.0,1.0,0.6821849942207336,,,
0.0,0.0,0.3948057293891907,,,
1.0,0.0,0.3830977976322174,,,
1.0,1.0,0.7316147089004517,,,
0.0,0.0,0.341470330953598,,,
0.0,0.0,0.2651323974132538,,,
0.0,0.0,0.3544990122318268,,,
0.0,1.0,0.7063488960266113,,,
0.0,0.0,0.2959945797920227,,,
1.0,0.0,0.4886172413825989,,,
0.0,0.0,0.30479511618614197,,,
0.0,0.0,0.2576030492782593,,,
0.0,1.0,0.8228421211242676,,,
0.0,0.0,0.37447047233581543,,,
1.0,1.0,0.7587604522705078,,,
1.0,1.0,0.5019699335098267,,,
1.0,1.0,0.8338616490364075,,,
0.0,0.0,0.30111047625541687,,,
0.0,1.0,0.529430091381073,,,
1.0,1.0,0.7817394137382507,,,
1.0,1.0,0.7679985165596008,,,
1.0,0.0,0.34834760427474976,,,
0.0,0.0,0.3776506185531616,,,
0.0,0.0,0.325434148311615,,,
1.0,1.0,0.5681278109550476,,,
0.0,0.0,0.30021095275878906,,,
1.0,0.0,0.4934462606906891,,,
0.0,0.0,0.33449235558509827,,,
0.0,0.0,0.43317872285842896,,,
1.0,1.0,0.8393842577934265,,,
1.0,1.0,0.6725484728813171,,,
1.0,1.0,0.5561584234237671,,,
0.0,1.0,0.6900684833526611,,,
1.0,1.0,0.8757714033126831,,,
0.0,0.0,0.3826920986175537,,,
0.0,0.0,0.21573182940483093,,,
0.0,0.0,0.382167249917984,,,
1.0,1.0,0.8827770352363586,,,
1.0,0.0,0.35585451126098633,,,
0.0,0.0,0.49052080512046814,,,
0.0,1.0,0.5761633515357971,,,
1.0,1.0,0.5410228967666626,,,
1.0,1.0,0.6977503895759583,,,
1.0,1.0,0.6558955907821655,,,
1.0,1.0,0.7147883176803589,,,
0.0,0.0,0.34054896235466003,,,
0.0,1.0,0.5299172401428223,,,
0.0,0.0,0.15094876289367676,,,
0.0,0.0,0.4123489558696747,,,
0.0,0.0,0.3411095440387726,,,
0.0,1.0,0.5215792655944824,,,
1.0,1.0,0.6685155630111694,,,
0.0,0.0,0.3308877646923065,,,
0.0,0.0,0.3823438286781311,,,
0.0,0.0,0.28498777747154236,,,
0.0,0.0,0.3571253716945648,,,
1.0,1.0,0.6707735657691956,,,
0.0,0.0,0.38685595989227295,,,
1.0,1.0,0.5172781944274902,,,
0.0,0.0,0.2556054890155792,,,
0.0,0.0,0.4682537019252777,,,
0.0,0.0,0.40030530095100403,,,
1.0,1.0,0.5442100763320923,,,
1.0,1.0,0.5046916604042053,,,
0.0,0.0,0.3600800633430481,,,
1.0,1.0,0.5025996565818787,,,
1.0,1.0,0.6201087832450867,,,
0.0,0.0,0.2591383159160614,,,
0.0,0.0,0.19105684757232666,,,
1.0,0.0,0.4274768531322479,,,
0.0,0.0,0.2773408591747284,,,
1.0,0.0,0.45594194531440735,,,
0.0,0.0,0.38133135437965393,,,
1.0,1.0,0.8785219192504883,,,
1.0,0.0,0.477939635515213,,,
1.0,0.0,0.4854477643966675,,,
1.0,0.0,0.36723101139068604,,,
0.0,0.0,0.33412882685661316,,,
1.0,1.0,0.8192851543426514,,,
0.0,0.0,0.35065120458602905,,,
1.0,0.0,0.36113056540489197,,,
0.0,0.0,0.40166211128234863,,,
0.0,0.0,0.36967235803604126,,,
0.0,0.0,0.27965953946113586,,,
1.0,1.0,0.8162393569946289,,,
0.0,0.0,0.38888466358184814,,,
0.0,0.0,0.2640409469604492,,,
0.0,0.0,0.32880911231040955,,,
0.0,1.0,0.5993410348892212,,,
1.0,1.0,0.8488397598266602,,,
1.0,1.0,0.750752866268158,,,
1.0,0.0,0.49172648787498474,,,
1.0,1.0,0.5962141752243042,,,
0.0,0.0,0.49680230021476746,,,
0.0,0.0,0.3657618761062622,,,
1.0,1.0,0.5876774787902832,,,
1.0,0.0,0.38934189081192017,,,
0.0,0.0,0.344961941242218,,,
1.0,1.0,0.9033176898956299,,,
1.0,1.0,0.665756106376648,,,
1.0,1.0,0.8480051755905151,,,
0.0,0.0,0.41845864057540894,,,
1.0,0.0,0.4013647437095642,,,
0.0,0.0,0.36574700474739075,,,
0.0,0.0,0.3665905296802521,,,
0.0,0.0,0.2957061231136322,,,
0.0,0.0,0.25029081106185913,,,
1.0,1.0,0.5972145795822144,,,
1.0,0.0,0.3950794041156769,,,
0.0,0.0,0.36956995725631714,,,
0.0,0.0,0.3889457583427429,,,
0.0,0.0,0.44105419516563416,,,
1.0,0.0,0.4922892153263092,,,
0.0,0.0,0.3681364357471466,,,
0.0,0.0,0.3504742383956909,,,
0.0,0.0,0.41006121039390564,,,
1.0,1.0,0.8501365780830383,,,
0.0,1.0,0.5154095888137817,,,
0.0,0.0,0.29002508521080017,,,
0.0,0.0,0.39594876766204834,,,
0.0,0.0,0.22458304464817047,,,
0.0,0.0,0.36976855993270874,,,
1.0,1.0,0.5450479388237,,,
1.0,1.0,0.9076172709465027,,,
1.0,1.0,0.6550319194793701,,,
1.0,0.0,0.36402422189712524,,,
1.0,1.0,0.6168321967124939,,,
1.0,0.0,0.4613111913204193,,,
0.0,0.0,0.4463626742362976,,,
1.0,1.0,0.7465457916259766,,,
1.0,1.0,0.908289909362793,,,
0.0,0.0,0.4594102203845978,,,
0.0,1.0,0.541316032409668,,,
0.0,1.0,0.6300002336502075,,,
1.0,1.0,0.8807845711708069,,,
0.0,0.0,0.4052535891532898,,,
0.0,0.0,0.43421512842178345,,,
1.0,1.0,0.6060149669647217,,,
1.0,0.0,0.4621695280075073,,,
0.0,0.0,0.4238819181919098,,,
0.0,1.0,0.5244612693786621,,,
0.0,0.0,0.34724125266075134,,,
0.0,0.0,0.43436384201049805,,,
1.0,0.0,0.35663333535194397,,,
0.0,0.0,0.25857865810394287,,,
1.0,1.0,0.6896233558654785,,,
0.0,0.0,0.3816664218902588,,,
0.0,0.0,0.35463660955429077,,,
0.0,0.0,0.2929072678089142,,,
1.0,1.0,0.6304923892021179,,,
0.0,0.0,0.1718505620956421,,,
1.0,1.0,0.8203751444816589,,,
0.0,0.0,0.3896947503089905,,,
1.0,0.0,0.45566585659980774,,,
0.0,0.0,0.3447212874889374,,,
1.0,0.0,0.3602831959724426,,,
0.0,0.0,0.356198787689209,,,
1.0,1.0,0.798473060131073,,,
0.0,0.0,0.4558521807193756,,,
0.0,0.0,0.2529275119304657,,,
1.0,1.0,0.5502113699913025,,,
0.0,0.0,0.3579157590866089,,,
0.0,0.0,0.2761358320713043,,,
1.0,1.0,0.6872816681861877,,,
0.0,0.0,0.3292158544063568,,,
0.0,0.0,0.3813856244087219,,,
0.0,0.0,0.3980577886104584,,,
0.0,0.0,0.26768946647644043,,,
1.0,1.0,0.5037047863006592,,,
1.0,1.0,0.8996403217315674,,,
0.0,0.0,0.2733753025531769,,,
0.0,0.0,0.3594581186771393,,,
1.0,1.0,0.5179511904716492,,,
1.0,1.0,0.8177996873855591,,,
1.0,1.0,0.5740208625793457,,,
1.0,1.0,0.6703835725784302,,,
1.0,0.0,0.19878320395946503,,,
0.0,0.0,0.33152398467063904,,,
0.0,1.0,0.5752291679382324,,,
0.0,0.0,0.4638892114162445,,,
1.0,0.0,0.4460681676864624,,,
0.0,0.0,0.2302582859992981,,,
0.0,0.0,0.25259658694267273,,,
0.0,0.0,0.3979724049568176,,,
0.0,0.0,0.23980562388896942,,,
1.0,1.0,0.9261502623558044,,,
0.0,0.0,0.2032264769077301,,,
0.0,0.0,0.39644357562065125,,,
1.0,0.0,0.44412899017333984,,,
1.0,1.0,0.7047410607337952,,,
1.0,0.0,0.35463449358940125,,,
0.0,0.0,0.28334659337997437,,,
0.0,0.0,0.2586318254470825,,,
1.0,1.0,0.8324441313743591,,,
0.0,0.0,0.3026553988456726,,,
1.0,0.0,0.3698578476905823,,,
1.0,1.0,0.8768512606620789,,,
1.0,1.0,0.5099552273750305,,,
1.0,0.0,0.34307798743247986,,,
0.0,0.0,0.19476456940174103,,,
1.0,1.0,0.9011245369911194,,,
0.0,0.0,0.22452880442142487,,,
0.0,0.0,0.41320720314979553,,,
1.0,0.0,0.48634251952171326,,,
1.0,0.0,0.2980310022830963,,,
1.0,1.0,0.7549022436141968,,,
1.0,0.0,0.377352237701416,,,
1.0,1.0,0.8391433954238892,,,
1.0,0.0,0.4342564344406128,,,
0.0,0.0,0.2352684587240219,,,
0.0,0.0,0.203946053981781,,,
0.0,1.0,0.5727248191833496,,,
0.0,0.0,0.4083065688610077,,,
0.0,0.0,0.46828633546829224,,,
1.0,0.0,0.4976441264152527,,,
0.0,0.0,0.4677352011203766,,,
0.0,0.0,0.28068169951438904,,,
1.0,1.0,0.5770487785339355,,,
1.0,0.0,0.49806830286979675,,,
0.0,1.0,0.50663822889328,,,
0.0,0.0,0.39012789726257324,,,
1.0,1.0,0.6005535125732422,,,
1.0,1.0,0.7094963192939758,,,
0.0,0.0,0.33678120374679565,,,
0.0,1.0,0.5255972743034363,,,
1.0,1.0,0.552532434463501,,,
1.0,1.0,0.8400518298149109,,,
1.0,0.0,0.41373786330223083,,,
1.0,0.0,0.4025302529335022,,,
1.0,0.0,0.4964263141155243,,,
1.0,1.0,0.5656417608261108,,,
1.0,0.0,0.41459187865257263,,,
1.0,1.0,0.9346546530723572,,,
1.0,1.0,0.7370282411575317,,,
1.0,1.0,0.6956319808959961,,,
0.0,0.0,0.23891928791999817,,,
1.0,0.0,0.3766867518424988,,,
0.0,1.0,0.511102020740509,,,
1.0,0.0,0.4226696491241455,,,
1.0,0.0,0.47123199701309204,,,
1.0,0.0,0.4368642568588257,,,
0.0,0.0,0.4785560369491577,,,
1.0,1.0,0.6205498576164246,,,
1.0,1.0,0.5073592662811279,,,
0.0,0.0,0.33378079533576965,,,
0.0,0.0,0.39666441082954407,,,
0.0,1.0,0.5095452070236206,,,
0.0,0.0,0.3946110010147095,,,
0.0,0.0,0.39917126297950745,,,
0.0,0.0,0.3823036551475525,,,
0.0,1.0,0.5264574885368347,,,
0.0,0.0,0.47954261302948,,,
0.0,1.0,0.5023465752601624,,,
1.0,1.0,0.5250177383422852,,,
0.0,0.0,0.37607282400131226,,,
0.0,0.0,0.38559120893478394,,,
1.0,0.0,0.46243801712989807,,,
1.0,0.0,0.42456161975860596,,,
1.0,0.0,0.3962920606136322,,,
0.0,0.0,0.439083069562912,,,
1.0,1.0,0.8888589143753052,,,
1.0,0.0,0.34104272723197937,,,
1.0,1.0,0.7109847664833069,,,
0.0,0.0,0.4962920546531677,,,
1.0,0.0,0.4506392776966095,,,
1.0,1.0,0.7572967410087585,,,
0.0,0.0,0.3393896520137787,,,
0.0,0.0,0.3500479459762573,,,
1.0,1.0,0.7840068936347961,,,
1.0,1.0,0.601416826248169,,,
1.0,0.0,0.42907923460006714,,,
0.0,0.0,0.2328781932592392,,,
0.0,0.0,0.39874494075775146,,,
0.0,0.0,0.3678808808326721,,,
0.0,0.0,0.34739255905151367,,,
0.0,0.0,0.3470743000507355,,,
0.0,0.0,0.3610946238040924,,,
0.0,0.0,0.3868831694126129,,,
0.0,1.0,0.5151143074035645,,,
0.0,0.0,0.4213865101337433,,,
1.0,1.0,0.6366040706634521,,,
0.0,0.0,0.291601300239563,,,
0.0,0.0,0.3061387240886688,,,
1.0,1.0,0.6666341423988342,,,
1.0,1.0,0.6342002153396606,,,
1.0,1.0,0.5209624171257019,,,
1.0,1.0,0.5785252451896667,,,
0.0,1.0,0.5666344165802002,,,
1.0,1.0,0.5741798877716064,,,
1.0,1.0,0.604451596736908,,,
1.0,1.0,0.822551965713501,,,
0.0,0.0,0.3436324894428253,,,
1.0,1.0,0.5615489482879639,,,
0.0,0.0,0.3832118511199951,,,
0.0,0.0,0.3925131857395172,,,
1.0,0.0,0.4675600528717041,,,
0.0,0.0,0.28477954864501953,,,
1.0,0.0,0.4085642397403717,,,
0.0,0.0,0.3566877543926239,,,
0.0,0.0,0.3023238480091095,,,
0.0,0.0,0.41219496726989746,,,
1.0,0.0,0.2470536231994629,,,
1.0,1.0,0.7128491401672363,,,
1.0,1.0,0.8034107685089111,,,
0.0,0.0,0.26380908489227295,,,
0.0,0.0,0.40088245272636414,,,
1.0,0.0,0.49482840299606323,,,
0.0,0.0,0.4428429901599884,,,
0.0,0.0,0.22411133348941803,,,
1.0,0.0,0.46413904428482056,,,
0.0,0.0,0.4955603778362274,,,
1.0,0.0,0.36936652660369873,,,
1.0,1.0,0.6910998821258545,,,
1.0,0.0,0.341470330953598,,,
0.0,0.0,0.38991889357566833,,,
1.0,1.0,0.5968743562698364,,,
1.0,1.0,0.5165263414382935,,,
1.0,1.0,0.5692310929298401,,,
0.0,0.0,0.42314040660858154,,,
1.0,1.0,0.5626260042190552,,,
1.0,1.0,0.7615084648132324,,,
0.0,0.0,0.33942747116088867,,,
0.0,0.0,0.3953573405742645,,,
0.0,1.0,0.523091197013855,,,
1.0,1.0,0.7114647626876831,,,
0.0,1.0,0.6514002084732056,,,
0.0,0.0,0.3644353747367859,,,
0.0,0.0,0.34603726863861084,,,
1.0,1.0,0.7363347411155701,,,
1.0,0.0,0.48170149326324463,,,
0.0,0.0,0.2831651270389557,,,
1.0,1.0,0.749832808971405,,,
0.0,0.0,0.3341482877731323,,,
0.0,0.0,0.3123604357242584,,,
1.0,1.0,0.6932769417762756,,,
0.0,0.0,0.24320651590824127,,,
1.0,0.0,0.4614066481590271,,,
1.0,1.0,0.6005955338478088,,,
1.0,0.0,0.29156169295310974,,,
0.0,0.0,0.3197704255580902,,,
0.0,0.0,0.37891462445259094,,,
0.0,1.0,0.5127979516983032,,,
0.0,0.0,0.45587098598480225,,,
0.0,0.0,0.39472171664237976,,,
0.0,0.0,0.35656747221946716,,,
0.0,0.0,0.39734214544296265,,,
0.0,0.0,0.450269877910614,,,
0.0,0.0,0.45701175928115845,,,
0.0,0.0,0.21039621531963348,,,
0.0,0.0,0.26065748929977417,,,
1.0,0.0,0.30095672607421875,,,
1.0,1.0,0.9248232245445251,,,
0.0,0.0,0.4928441643714905,,,
0.0,0.0,0.15816794335842133,,,
1.0,1.0,0.8149260878562927,,,
0.0,0.0,0.34692031145095825,,,
1.0,0.0,0.468356192111969,,,
1.0,1.0,0.8477779626846313,,,
0.0,1.0,0.5635263323783875,,,
0.0,0.0,0.4108131527900696,,,
0.0,0.0,0.49734365940093994,,,
0.0,0.0,0.29381826519966125,,,
1.0,1.0,0.6214735507965088,,,
0.0,0.0,0.19147862493991852,,,
1.0,1.0,0.8346458673477173,,,
1.0,0.0,0.4294828772544861,,,
1.0,1.0,0.7792770862579346,,,
0.0,0.0,0.3122866451740265,,,
0.0,0.0,0.37114712595939636,,,
1.0,0.0,0.36980584263801575,,,
1.0,1.0,0.8500910401344299,,,
1.0,1.0,0.802139937877655,,,
0.0,0.0,0.2534137964248657,,,
1.0,0.0,0.48564058542251587,,,
1.0,0.0,0.45531871914863586,,,
0.0,0.0,0.42456161975860596,,,
0.0,0.0,0.25591185688972473,,,
0.0,1.0,0.7031224966049194,,,
0.0,0.0,0.21091897785663605,,,
0.0,0.0,0.4238819181919098,,,
0.0,0.0,0.26229947805404663,,,
1.0,0.0,0.4524376392364502,,,
1.0,1.0,0.529086709022522,,,
1.0,1.0,0.6932769417762756,,,
0.0,0.0,0.45147451758384705,,,
1.0,0.0,0.30409836769104004,,,
1.0,1.0,0.5605858564376831,,,
0.0,1.0,0.7343757748603821,,,
0.0,0.0,0.341470330953598,,,
0.0,0.0,0.3666442632675171,,,
1.0,1.0,0.5180598497390747,,,
0.0,0.0,0.33185601234436035,,,
0.0,1.0,0.6606135368347168,,,
0.0,0.0,0.35891100764274597,,,
1.0,1.0,0.5041447281837463,,,
0.0,1.0,0.6391261219978333,,,
0.0,0.0,0.30354994535446167,,,
0.0,1.0,0.503783106803894,,,
0.0,1.0,0.5160819292068481,,,
1.0,1.0,0.886168360710144,,,
1.0,1.0,0.6978875994682312,,,
1.0,1.0,0.6280511617660522,,,
1.0,0.0,0.4283522963523865,,,
0.0,0.0,0.30398717522621155,,,
1.0,1.0,0.6340235471725464,,,
1.0,0.0,0.3411095440387726,,,
1.0,1.0,0.665521502494812,,,
0.0,0.0,0.34907135367393494,,,
1.0,1.0,0.6074367165565491,,,
0.0,1.0,0.5934860110282898,,,
0.0,0.0,0.43003979325294495,,,
0.0,0.0,0.4107547402381897,,,
0.0,0.0,0.40095067024230957,,,
1.0,1.0,0.8021436929702759,,,
1.0,0.0,0.21664437651634216,,,
0.0,0.0,0.30807217955589294,,,
0.0,0.0,0.334317147731781,,,
1.0,0.0,0.45512643456459045,,,
1.0,1.0,0.5271411538124084,,,
0.0,0.0,0.2823649048805237,,,
0.0,0.0,0.37092146277427673,,,
1.0,1.0,0.5891961455345154,,,
1.0,1.0,0.5646981596946716,,,
1.0,0.0,0.47073838114738464,,,
0.0,0.0,0.3549882769584656,,,
0.0,0.0,0.2823649048805237,,,
0.0,1.0,0.6003085970878601,,,
0.0,0.0,0.4316704273223877,,,
1.0,0.0,0.4495985507965088,,,
1.0,1.0,0.9038820862770081,,,
0.0,0.0,0.210160031914711,,,
0.0,0.0,0.4294434189796448,,,
1.0,1.0,0.7762972116470337,,,
0.0,0.0,0.43520721793174744,,,
1.0,1.0,0.5973485708236694,,,
1.0,1.0,0.667538046836853,,,
0.0,0.0,0.3815820813179016,,,
0.0,0.0,0.2967390716075897,,,
1.0,1.0,0.8222742080688477,,,
0.0,1.0,0.5657894611358643,,,
0.0,0.0,0.37970295548439026,,,
0.0,0.0,0.39680910110473633,,,
0.0,0.0,0.1946350336074829,,,
0.0,0.0,0.3145950138568878,,,
1.0,1.0,0.7697259187698364,,,
1.0,0.0,0.3359452486038208,,,
0.0,1.0,0.5197736620903015,,,
0.0,0.0,0.3012959063053131,,,
1.0,0.0,0.45785295963287354,,,
1.0,1.0,0.8395601511001587,,,
1.0,1.0,0.5666216611862183,,,
0.0,0.0,0.27924415469169617,,,
1.0,1.0,0.7662869691848755,,,
1.0,1.0,0.7076443433761597,,,
0.0,1.0,0.5544854402542114,,,
0.0,1.0,0.5150427222251892,,,
0.0,0.0,0.3658377528190613,,,
0.0,0.0,0.36900070309638977,,,
1.0,1.0,0.7521919012069702,,,
1.0,1.0,0.5227260589599609,,,
1.0,0.0,0.350314736366272,,,
1.0,0.0,0.48165833950042725,,,
1.0,1.0,0.5150495767593384,,,
0.0,0.0,0.24418288469314575,,,
0.0,0.0,0.27769240736961365,,,
0.0,0.0,0.2791772186756134,,,
1.0,0.0,0.4259437918663025,,,
1.0,1.0,0.8333147764205933,,,
1.0,0.0,0.4879406988620758,,,
0.0,0.0,0.18307414650917053,,,
0.0,0.0,0.2873801290988922,,,
0.0,0.0,0.39517226815223694,,,
0.0,0.0,0.20685411989688873,,,
1.0,1.0,0.7071244716644287,,,
0.0,0.0,0.30460867285728455,,,
0.0,1.0,0.5452566146850586,,,
0.0,0.0,0.3405183255672455,,,
1.0,0.0,0.43707311153411865,,,
1.0,1.0,0.551864743232727,,,
0.0,0.0,0.3640912175178528,,,
1.0,1.0,0.7251166701316833,,,
0.0,0.0,0.34185245633125305,,,
0.0,0.0,0.29736974835395813,,,
0.0,0.0,0.304424524307251,,,
0.0,0.0,0.341470330953598,,,
0.0,0.0,0.1557103395462036,,,
0.0,0.0,0.2476375699043274,,,
0.0,0.0,0.28620636463165283,,,
0.0,0.0,0.4891546070575714,,,
0.0,0.0,0.34856122732162476,,,
0.0,1.0,0.7116365432739258,,,
1.0,1.0,0.535516619682312,,,
1.0,1.0,0.603740394115448,,,
0.0,1.0,0.8378341197967529,,,
0.0,0.0,0.3490539491176605,,,
0.0,0.0,0.28742125630378723,,,
1.0,1.0,0.5335718989372253,,,
0.0,0.0,0.31381720304489136,,,
0.0,0.0,0.45785295963287354,,,
0.0,0.0,0.32910147309303284,,,
0.0,0.0,0.18307414650917053,,,
1.0,1.0,0.5232208371162415,,,
1.0,1.0,0.7380173802375793,,,
0.0,1.0,0.519188642501831,,,
1.0,0.0,0.3625892400741577,,,
0.0,0.0,0.295377641916275,,,
0.0,0.0,0.42893821001052856,,,
0.0,1.0,0.5215792655944824,,,
1.0,1.0,0.7542695999145508,,,
0.0,0.0,0.30479511618614197,,,
0.0,0.0,0.33334076404571533,,,
1.0,1.0,0.6666191220283508,,,
0.0,0.0,0.31905463337898254,,,
1.0,0.0,0.4424484372138977,,,
1.0,1.0,0.6238115429878235,,,
0.0,0.0,0.2069471776485443,,,
1.0,1.0,0.602679431438446,,,
1.0,1.0,0.6016929149627686,,,
0.0,0.0,0.39547836780548096,,,
0.0,0.0,0.43560221791267395,,,
1.0,1.0,0.6727153062820435,,,
1.0,1.0,0.5794216990470886,,,
0.0,0.0,0.43314579129219055,,,
1.0,1.0,0.7324675917625427,,,
1.0,1.0,0.8587676286697388,,,
0.0,0.0,0.40409350395202637,,,
1.0,0.0,0.3534378111362457,,,
1.0,1.0,0.8484876751899719,,,
0.0,1.0,0.6566446423530579,,,
0.0,0.0,0.2994462549686432,,,
0.0,0.0,0.4750820994377136,,,
0.0,0.0,0.3529260754585266,,,
1.0,1.0,0.6334945559501648,,,
0.0,0.0,0.3349865674972534,,,
1.0,0.0,0.4739697277545929,,,
0.0,0.0,0.44466468691825867,,,
0.0,0.0,0.30292877554893494,,,
1.0,1.0,0.7989485263824463,,,
0.0,0.0,0.33911874890327454,,,
1.0,0.0,0.42289307713508606,,,
0.0,0.0,0.31869956851005554,,,
1.0,1.0,0.7967284321784973,,,
0.0,0.0,0.24503904581069946,,,
0.0,0.0,0.4021545648574829,,,
1.0,1.0,0.9125148057937622,,,
1.0,1.0,0.7622042894363403,,,
0.0,0.0,0.42176350951194763,,,
0.0,0.0,0.23641954362392426,,,
0.0,0.0,0.45738333463668823,,,
1.0,1.0,0.6591675877571106,,,
1.0,1.0,0.6372142434120178,,,
0.0,0.0,0.22745850682258606,,,
1.0,0.0,0.47590500116348267,,,
1.0,1.0,0.6143231987953186,,,
1.0,1.0,0.5357786417007446,,,
0.0,0.0,0.37456342577934265,,,
0.0,0.0,0.3603278398513794,,,
1.0,0.0,0.4049516022205353,,,
0.0,0.0,0.3121579587459564,,,
0.0,0.0,0.3547743856906891,,,
0.0,0.0,0.17693433165550232,,,
0.0,0.0,0.40633633732795715,,,
1.0,1.0,0.5315828919410706,,,
0.0,0.0,0.3513927757740021,,,
0.0,1.0,0.5808970928192139,,,
0.0,0.0,0.33048152923583984,,,
1.0,1.0,0.560926079750061,,,
0.0,1.0,0.5837192535400391,,,
1.0,1.0,0.5222170948982239,,,
0.0,0.0,0.2146337479352951,,,
1.0,1.0,0.8216082453727722,,,
0.0,0.0,0.44795578718185425,,,
0.0,0.0,0.42238178849220276,,,
1.0,1.0,0.5146782994270325,,,
1.0,0.0,0.4154607653617859,,,
0.0,0.0,0.3430311679840088,,,
1.0,0.0,0.3617737889289856,,,
0.0,0.0,0.38046929240226746,,,
0.0,0.0,0.488933801651001,,,
1.0,1.0,0.558771550655365,,,
0.0,0.0,0.4787961542606354,,,
0.0,0.0,0.4143584966659546,,,
0.0,0.0,0.40264832973480225,,,
1.0,1.0,0.5297197699546814,,,
0.0,0.0,0.2142343670129776,,,
0.0,0.0,0.4810132682323456,,,
0.0,0.0,0.4502283036708832,,,
1.0,1.0,0.8506903052330017,,,
1.0,0.0,0.40767186880111694,,,
1.0,1.0,0.5395154356956482,,,
0.0,0.0,0.4336077570915222,,,
0.0,0.0,0.3259059488773346,,,
1.0,0.0,0.31654292345046997,,,
1.0,1.0,0.7071753740310669,,,
1.0,0.0,0.311423659324646,,,
1.0,1.0,0.5011225342750549,,,
0.0,0.0,0.35162368416786194,,,
1.0,1.0,0.5686604976654053,,,
0.0,0.0,0.2919774651527405,,,
1.0,1.0,0.6272572875022888,,,
0.0,0.0,0.24707594513893127,,,
1.0,0.0,0.40264633297920227,,,
1.0,0.0,0.30966150760650635,,,
0.0,0.0,0.3629453480243683,,,
0.0,1.0,0.7627020478248596,,,
0.0,1.0,0.6194712519645691,,,
0.0,0.0,0.3261689245700836,,,
0.0,0.0,0.4027482867240906,,,
0.0,0.0,0.2341756969690323,,,
1.0,0.0,0.4014384150505066,,,
0.0,0.0,0.30708545446395874,,,
0.0,1.0,0.5044539570808411,,,
0.0,0.0,0.40451496839523315,,,
0.0,0.0,0.2599465847015381,,,
1.0,1.0,0.5946805477142334,,,
1.0,0.0,0.379824697971344,,,
0.0,0.0,0.3217557370662689,,,
0.0,0.0,0.3058622181415558,,,
0.0,0.0,0.35257598757743835,,,
1.0,0.0,0.3573324382305145,,,
1.0,0.0,0.49925854802131653,,,
0.0,0.0,0.41250306367874146,,,
1.0,1.0,0.5683762431144714,,,
1.0,0.0,0.4599651098251343,,,
0.0,1.0,0.5394800901412964,,,
0.0,0.0,0.37313002347946167,,,
0.0,0.0,0.4434680640697479,,,
1.0,0.0,0.3283599615097046,,,
0.0,0.0,0.3557625114917755,,,
0.0,0.0,0.3121945261955261,,,
0.0,0.0,0.33300405740737915,,,
1.0,0.0,0.3651370406150818,,,
1.0,1.0,0.6482775807380676,,,
1.0,0.0,0.39272692799568176,,,
0.0,0.0,0.39567476511001587,,,
1.0,1.0,0.848858654499054,,,
0.0,0.0,0.3935844302177429,,,
1.0,0.0,0.42674943804740906,,,
0.0,0.0,0.4106719195842743,,,
0.0,1.0,0.5027776956558228,,,
1.0,0.0,0.41431376338005066,,,
0.0,1.0,0.5507229566574097,,,
0.0,0.0,0.28244370222091675,,,
0.0,0.0,0.37701615691185,,,
0.0,0.0,0.2918015122413635,,,
0.0,0.0,0.4653114080429077,,,
1.0,1.0,0.7494522929191589,,,
1.0,1.0,0.508452832698822,,,
0.0,0.0,0.41614797711372375,,,
0.0,0.0,0.3932207524776459,,,
1.0,1.0,0.5909148454666138,,,
1.0,1.0,0.9010834097862244,,,
0.0,1.0,0.5876460671424866,,,
1.0,1.0,0.8291338086128235,,,
0.0,0.0,0.30986636877059937,,,
1.0,0.0,0.3512805700302124,,,
1.0,1.0,0.7806743383407593,,,
0.0,0.0,0.3678869903087616,,,
1.0,1.0,0.867615818977356,,,
1.0,0.0,0.35829901695251465,,,
1.0,1.0,0.5019699335098267,,,
1.0,0.0,0.3963969647884369,,,
1.0,0.0,0.48777255415916443,,,
0.0,0.0,0.37836238741874695,,,
1.0,1.0,0.9049097299575806,,,
1.0,0.0,0.46296045184135437,,,
0.0,0.0,0.2815510630607605,,,
0.0,0.0,0.37866201996803284,,,
1.0,1.0,0.7432558536529541,,,
0.0,0.0,0.24059659242630005,,,
1.0,0.0,0.4372429847717285,,,
1.0,1.0,0.8723738193511963,,,
0.0,0.0,0.43344971537590027,,,
0.0,0.0,0.20890209078788757,,,
0.0,0.0,0.2830694317817688,,,
1.0,1.0,0.7307273745536804,,,
1.0,0.0,0.2791772186756134,,,
0.0,1.0,0.5222031474113464,,,
1.0,0.0,0.3716026246547699,,,
1.0,0.0,0.44100478291511536,,,
0.0,0.0,0.4761216342449188,,,
1.0,1.0,0.5914002656936646,,,
1.0,1.0,0.5743484497070312,,,
1.0,0.0,0.4402104318141937,,,
0.0,0.0,0.25930720567703247,,,
1.0,0.0,0.4156361520290375,,,
0.0,0.0,0.4556921124458313,,,
0.0,0.0,0.40180501341819763,,,
0.0,0.0,0.3922163248062134,,,
1.0,1.0,0.7890711426734924,,,
0.0,0.0,0.39228785037994385,,,
0.0,0.0,0.331243097782135,,,
0.0,0.0,0.29111647605895996,,,
1.0,1.0,0.5476985573768616,,,
0.0,1.0,0.7673127055168152,,,
1.0,1.0,0.615878701210022,,,
1.0,1.0,0.9275755882263184,,,
0.0,0.0,0.3745523691177368,,,
1.0,0.0,0.36977285146713257,,,
0.0,0.0,0.3360980153083801,,,
1.0,1.0,0.7363347411155701,,,
0.0,0.0,0.2042710930109024,,,
1.0,1.0,0.7669017314910889,,,
0.0,0.0,0.3920470178127289,,,
1.0,1.0,0.9087555408477783,,,
1.0,1.0,0.8459540605545044,,,
0.0,0.0,0.31481778621673584,,,
1.0,0.0,0.3675695061683655,,,
0.0,1.0,0.5977399349212646,,,
0.0,0.0,0.20972055196762085,,,
1.0,1.0,0.5160438418388367,,,
0.0,0.0,0.44148221611976624,,,
1.0,0.0,0.4899666905403137,,,
0.0,0.0,0.3484697639942169,,,
1.0,0.0,0.2317170649766922,,,
1.0,0.0,0.33703985810279846,,,
0.0,0.0,0.35376957058906555,,,
0.0,0.0,0.3589435815811157,,,
0.0,0.0,0.22211964428424835,,,
1.0,1.0,0.6029540300369263,,,
0.0,0.0,0.2964543104171753,,,
0.0,0.0,0.47253724932670593,,,
1.0,1.0,0.58815997838974,,,
0.0,0.0,0.29526495933532715,,,
0.0,0.0,0.46157363057136536,,,
0.0,0.0,0.385487824678421,,,
1.0,0.0,0.3103693723678589,,,
0.0,0.0,0.4098442792892456,,,
1.0,1.0,0.7089024186134338,,,
0.0,1.0,0.632863461971283,,,
0.0,0.0,0.44801774621009827,,,
1.0,1.0,0.7879435420036316,,,
0.0,0.0,0.2930675148963928,,,
1.0,1.0,0.5797364711761475,,,
0.0,0.0,0.3451206088066101,,,
0.0,0.0,0.23844289779663086,,,
1.0,1.0,0.5248161554336548,,,
1.0,0.0,0.36597660183906555,,,
0.0,0.0,0.3421032428741455,,,
1.0,1.0,0.833110511302948,,,
1.0,0.0,0.3962920606136322,,,
1.0,0.0,0.3583105206489563,,,
0.0,0.0,0.33807501196861267,,,
0.0,0.0,0.23934298753738403,,,
1.0,0.0,0.25466740131378174,,,
1.0,1.0,0.7944884896278381,,,
1.0,1.0,0.7497674226760864,,,
1.0,1.0,0.6633297204971313,,,
0.0,0.0,0.21736176311969757,,,
1.0,0.0,0.3209308683872223,,,
0.0,1.0,0.5511237978935242,,,
1.0,0.0,0.3520341217517853,,,
1.0,1.0,0.5450882315635681,,,
0.0,0.0,0.3483946919441223,,,
0.0,0.0,0.38399016857147217,,,
1.0,1.0,0.6055772304534912,,,
1.0,1.0,0.7322390079498291,,,
0.0,0.0,0.3869594633579254,,,
1.0,1.0,0.8290678262710571,,,
0.0,0.0,0.361189603805542,,,
0.0,0.0,0.40681278705596924,,,
0.0,0.0,0.3148529827594757,,,
1.0,1.0,0.5567249059677124,,,
0.0,0.0,0.3546547591686249,,,
0.0,0.0,0.2954969108104706,,,
0.0,0.0,0.3961021602153778,,,
0.0,1.0,0.5364571213722229,,,
1.0,1.0,0.6737030744552612,,,
1.0,0.0,0.40550267696380615,,,
1.0,1.0,0.583214521408081,,,
1.0,0.0,0.3898802697658539,,,
1.0,1.0,0.6058439016342163,,,
0.0,1.0,0.5022364258766174,,,
1.0,1.0,0.7798652648925781,,,
1.0,1.0,0.6143231987953186,,,
1.0,1.0,0.575110673904419,,,
1.0,1.0,0.7431634068489075,,,
1.0,1.0,0.6264679431915283,,,
0.0,0.0,0.4788443446159363,,,
1.0,0.0,0.40584227442741394,,,
1.0,1.0,0.8927648663520813,,,
1.0,1.0,0.7270721197128296,,,
1.0,0.0,0.41250306367874146,,,
0.0,0.0,0.31421875953674316,,,
0.0,0.0,0.19509927928447723,,,
0.0,1.0,0.5059434771537781,,,
1.0,1.0,0.5377071499824524,,,
0.0,0.0,0.33870890736579895,,,
0.0,0.0,0.27391207218170166,,,
1.0,0.0,0.34229642152786255,,,
1.0,1.0,0.5319193005561829,,,
0.0,0.0,0.24858304858207703,,,
0.0,0.0,0.3018598258495331,,,
1.0,1.0,0.5194594860076904,,,
1.0,1.0,0.621863067150116,,,
1.0,0.0,0.30560174584388733,,,
0.0,0.0,0.47376155853271484,,,
0.0,0.0,0.2855882942676544,,,
0.0,0.0,0.2687937617301941,,,
1.0,0.0,0.3944071829319,,,
0.0,0.0,0.33027541637420654,,,
0.0,0.0,0.2161051332950592,,,
0.0,0.0,0.36724159121513367,,,
0.0,0.0,0.4080786406993866,,,
0.0,0.0,0.20787975192070007,,,
0.0,0.0,0.1833973377943039,,,
1.0,1.0,0.5414464473724365,,,
1.0,1.0,0.5477630496025085,,,
0.0,0.0,0.21252964437007904,,,
0.0,0.0,0.198911651968956,,,
0.0,0.0,0.3745523691177368,,,
1.0,1.0,0.7791924476623535,,,
0.0,0.0,0.35104605555534363,,,
0.0,0.0,0.31830352544784546,,,
0.0,0.0,0.3659341335296631,,,
1.0,1.0,0.7659830451011658,,,
1.0,0.0,0.32155758142471313,,,
1.0,1.0,0.7950822114944458,,,
0.0,0.0,0.4131176173686981,,,
0.0,0.0,0.4279883801937103,,,
0.0,0.0,0.29688265919685364,,,
1.0,1.0,0.6201335787773132,,,
1.0,1.0,0.7890306711196899,,,
1.0,1.0,0.5627641081809998,,,
0.0,0.0,0.25554707646369934,,,
0.0,0.0,0.42193713784217834,,,
0.0,0.0,0.23805247247219086,,,
0.0,0.0,0.20198071002960205,,,
1.0,1.0,0.6275893449783325,,,
0.0,0.0,0.3037000000476837,,,
1.0,1.0,0.7854464650154114,,,
0.0,0.0,0.3292158544063568,,,
1.0,0.0,0.37449803948402405,,,
1.0,1.0,0.5967070460319519,,,
0.0,0.0,0.3751538395881653,,,
1.0,0.0,0.4691089987754822,,,
1.0,0.0,0.3985167145729065,,,
0.0,0.0,0.27171507477760315,,,
0.0,0.0,0.4520122706890106,,,
0.0,0.0,0.4682047367095947,,,
1.0,1.0,0.55574631690979,,,
1.0,1.0,0.7093793749809265,,,
0.0,0.0,0.3717525601387024,,,
1.0,1.0,0.553239107131958,,,
1.0,0.0,0.4056406319141388,,,
1.0,1.0,0.5128165483474731,,,
0.0,0.0,0.46775099635124207,,,
0.0,0.0,0.3416440188884735,,,
0.0,1.0,0.5160170793533325,,,
1.0,1.0,0.6903265714645386,,,
0.0,0.0,0.21853573620319366,,,
1.0,1.0,0.8630698323249817,,,
1.0,1.0,0.5083169341087341,,,
1.0,1.0,0.5201908946037292,,,
0.0,0.0,0.331292062997818,,,
1.0,0.0,0.430508017539978,,,
1.0,1.0,0.7791483998298645,,,
1.0,1.0,0.8690325021743774,,,
0.0,0.0,0.372799277305603,,,
0.0,0.0,0.2547655403614044,,,
1.0,1.0,0.6740514636039734,,,
0.0,1.0,0.7247345447540283,,,
1.0,0.0,0.4003026485443115,,,
1.0,0.0,0.37695959210395813,,,
0.0,0.0,0.23411987721920013,,,
1.0,1.0,0.5381895899772644,,,
0.0,0.0,0.3416440188884735,,,
1.0,1.0,0.6256017684936523,,,
1.0,1.0,0.8229876756668091,,,
1.0,0.0,0.3969530463218689,,,
0.0,0.0,0.341470330953598,,,
0.0,0.0,0.35179129242897034,,,
1.0,1.0,0.6264679431915283,,,
0.0,0.0,0.37409427762031555,,,
0.0,0.0,0.3625068962574005,,,
0.0,0.0,0.3092356324195862,,,
0.0,0.0,0.49415260553359985,,,
0.0,1.0,0.6952964067459106,,,
1.0,0.0,0.461838036775589,,,
0.0,1.0,0.6013793349266052,,,
0.0,0.0,0.45119401812553406,,,
1.0,1.0,0.5390540957450867,,,
1.0,0.0,0.4382641017436981,,,
0.0,0.0,0.37685227394104004,,,
1.0,1.0,0.6312257051467896,,,
1.0,1.0,0.7467176914215088,,,
1.0,1.0,0.800483226776123,,,
1.0,0.0,0.2891199290752411,,,
1.0,1.0,0.8643335103988647,,,
0.0,0.0,0.3895038962364197,,,
0.0,0.0,0.22339721024036407,,,
1.0,0.0,0.3671944737434387,,,
0.0,0.0,0.3885011374950409,,,
0.0,0.0,0.29900527000427246,,,
1.0,1.0,0.9003626704216003,,,
0.0,0.0,0.39189884066581726,,,
0.0,0.0,0.40897032618522644,,,
0.0,0.0,0.3895127773284912,,,
0.0,0.0,0.46660810708999634,,,
1.0,1.0,0.8059202432632446,,,
0.0,0.0,0.39357757568359375,,,
0.0,0.0,0.4744471609592438,,,
1.0,1.0,0.5662657022476196,,,
1.0,1.0,0.5864725112915039,,,
0.0,0.0,0.3291284739971161,,,
1.0,0.0,0.3212786912918091,,,
1.0,0.0,0.38940921425819397,,,
1.0,0.0,0.4333774447441101,,,
0.0,0.0,0.44789645075798035,,,
1.0,0.0,0.3606118857860565,,,
0.0,0.0,0.2615663707256317,,,
0.0,0.0,0.2574111223220825,,,
1.0,0.0,0.33048152923583984,,,
0.0,0.0,0.42283934354782104,,,
1.0,1.0,0.7563239336013794,,,
1.0,0.0,0.3484298586845398,,,
0.0,1.0,0.5643573999404907,,,
0.0,0.0,0.3464057743549347,,,
0.0,0.0,0.4519605338573456,,,
0.0,0.0,0.3706495761871338,,,
1.0,1.0,0.7114647626876831,,,
1.0,1.0,0.8339790105819702,,,
0.0,0.0,0.40619438886642456,,,
1.0,1.0,0.6087550520896912,,,
1.0,1.0,0.7902736663818359,,,
0.0,0.0,0.3320864140987396,,,
1.0,1.0,0.8459380865097046,,,
1.0,1.0,0.5011183619499207,,,
0.0,0.0,0.4342650771141052,,,
1.0,0.0,0.4807018041610718,,,
0.0,0.0,0.35725265741348267,,,
0.0,0.0,0.28743496537208557,,,
1.0,1.0,0.6605290770530701,,,
0.0,0.0,0.33270037174224854,,,
0.0,0.0,0.46406304836273193,,,
0.0,0.0,0.31818869709968567,,,
1.0,1.0,0.8715951442718506,,,
1.0,1.0,0.7330979108810425,,,
1.0,1.0,0.504361629486084,,,
0.0,0.0,0.3067682683467865,,,
1.0,1.0,0.5596250295639038,,,
1.0,1.0,0.6446053385734558,,,
0.0,0.0,0.28518787026405334,,,
1.0,0.0,0.4569056034088135,,,
0.0,0.0,0.38215765357017517,,,
0.0,1.0,0.7188977003097534,,,
0.0,1.0,0.5132673382759094,,,
0.0,0.0,0.3569929599761963,,,
1.0,1.0,0.5947672724723816,,,
0.0,0.0,0.42375409603118896,,,
1.0,1.0,0.7792770862579346,,,
0.0,1.0,0.5052251219749451,,,
1.0,0.0,0.3672182857990265,,,
1.0,1.0,0.5386967658996582,,,
1.0,1.0,0.5786646008491516,,,
1.0,1.0,0.7853447198867798,,,
1.0,1.0,0.7859249711036682,,,
0.0,0.0,0.3966025114059448,,,
1.0,1.0,0.8668992519378662,,,
0.0,0.0,0.33365175127983093,,,
0.0,0.0,0.30911752581596375,,,
0.0,0.0,0.36715462803840637,,,
1.0,1.0,0.5120391249656677,,,
1.0,1.0,0.777144193649292,,,
1.0,0.0,0.4776570796966553,,,
1.0,0.0,0.4657263457775116,,,
0.0,0.0,0.35294121503829956,,,
0.0,0.0,0.296927809715271,,,
1.0,1.0,0.6980157494544983,,,
1.0,0.0,0.4915318191051483,,,
1.0,0.0,0.49355942010879517,,,
1.0,1.0,0.5621770620346069,,,
0.0,0.0,0.28308627009391785,,,
0.0,0.0,0.23349201679229736,,,
0.0,1.0,0.5225264430046082,,,
0.0,1.0,0.5287541151046753,,,
1.0,1.0,0.8008273243904114,,,
0.0,0.0,0.48560798168182373,,,
1.0,1.0,0.8566686511039734,,,
1.0,1.0,0.7591109275817871,,,
1.0,1.0,0.5020164251327515,,,
1.0,1.0,0.7957358360290527,,,
0.0,0.0,0.28829225897789,,,
1.0,1.0,0.5476989150047302,,,
0.0,0.0,0.274122029542923,,,
1.0,0.0,0.4505619704723358,,,
1.0,0.0,0.4801318347454071,,,
0.0,0.0,0.38921284675598145,,,
0.0,0.0,0.2849353849887848,,,
1.0,1.0,0.7522642016410828,,,
0.0,0.0,0.380639910697937,,,
1.0,1.0,0.8486767411231995,,,
0.0,0.0,0.4129558205604553,,,
0.0,0.0,0.465730220079422,,,
0.0,0.0,0.3249345123767853,,,
1.0,0.0,0.4396704435348511,,,
0.0,1.0,0.6498814821243286,,,
0.0,0.0,0.29658564925193787,,,
1.0,0.0,0.4244055449962616,,,
0.0,0.0,0.2773692011833191,,,
1.0,1.0,0.5917560458183289,,,
0.0,0.0,0.2643638253211975,,,
0.0,0.0,0.28829225897789,,,
1.0,1.0,0.5590518712997437,,,
1.0,1.0,0.6744357347488403,,,
0.0,0.0,0.2779027819633484,,,
0.0,0.0,0.4312439262866974,,,
0.0,0.0,0.30417531728744507,,,
0.0,0.0,0.3317362070083618,,,
1.0,0.0,0.37704089283943176,,,
1.0,1.0,0.7404779195785522,,,
1.0,1.0,0.8621734380722046,,,
0.0,0.0,0.3750024139881134,,,
1.0,1.0,0.5719631314277649,,,
0.0,0.0,0.4655192196369171,,,
1.0,1.0,0.5331488847732544,,,
0.0,0.0,0.4615333080291748,,,
0.0,0.0,0.36758509278297424,,,
0.0,0.0,0.4852283298969269,,,
1.0,0.0,0.46032246947288513,,,
0.0,0.0,0.28901442885398865,,,
0.0,0.0,0.262444406747818,,,
1.0,1.0,0.5758612155914307,,,
0.0,0.0,0.43424955010414124,,,
0.0,0.0,0.20529519021511078,,,
0.0,0.0,0.4029039144515991,,,
0.0,0.0,0.2911078631877899,,,
1.0,1.0,0.6309943795204163,,,
1.0,1.0,0.5209548473358154,,,
1.0,1.0,0.5510060787200928,,,
0.0,0.0,0.4029846787452698,,,
1.0,1.0,0.8107993602752686,,,
0.0,0.0,0.3969530463218689,,,
0.0,0.0,0.24693287909030914,,,
1.0,0.0,0.4672124981880188,,,
0.0,0.0,0.21335749328136444,,,
0.0,0.0,0.3930990397930145,,,
1.0,1.0,0.5358007550239563,,,
1.0,1.0,0.7259550094604492,,,
0.0,1.0,0.5059293508529663,,,
1.0,1.0,0.7795467972755432,,,
1.0,1.0,0.7638416290283203,,,
0.0,0.0,0.3626604676246643,,,
1.0,1.0,0.8231949210166931,,,
1.0,1.0,0.6990454792976379,,,
0.0,0.0,0.34774523973464966,,,
1.0,1.0,0.6353585720062256,,,
0.0,0.0,0.3810708820819855,,,
0.0,0.0,0.4206734001636505,,,
1.0,1.0,0.508782684803009,,,
1.0,1.0,0.50129234790802,,,
0.0,0.0,0.40948745608329773,,,
0.0,0.0,0.48911967873573303,,,
1.0,0.0,0.26514309644699097,,,
0.0,0.0,0.37487566471099854,,,
0.0,0.0,0.2727745473384857,,,
0.0,0.0,0.24262550473213196,,,
1.0,1.0,0.5922927856445312,,,
1.0,1.0,0.8977442979812622,,,
0.0,1.0,0.7404779195785522,,,
1.0,1.0,0.7113989591598511,,,
0.0,0.0,0.2723972499370575,,,
0.0,0.0,0.4653032124042511,,,
0.0,0.0,0.33601000905036926,,,
1.0,0.0,0.41058218479156494,,,
1.0,1.0,0.7546660900115967,,,
0.0,0.0,0.22611089050769806,,,
1.0,1.0,0.5195695757865906,,,
0.0,0.0,0.38543856143951416,,,
0.0,0.0,0.4639553725719452,,,
0.0,0.0,0.37990471720695496,,,
1.0,1.0,0.8921718001365662,,,
1.0,0.0,0.4514300227165222,,,
0.0,0.0,0.24972760677337646,,,
1.0,0.0,0.4511013329029083,,,
1.0,0.0,0.30527862906455994,,,
1.0,1.0,0.5020328164100647,,,
0.0,0.0,0.4952365458011627,,,
1.0,0.0,0.3596276342868805,,,
1.0,0.0,0.382497102022171,,,
0.0,0.0,0.3051092028617859,,,
1.0,1.0,0.840494692325592,,,
1.0,0.0,0.2857665419578552,,,
0.0,0.0,0.44679364562034607,,,
0.0,0.0,0.21363991498947144,,,
1.0,1.0,0.5886607766151428,,,
0.0,0.0,0.2993967533111572,,,
1.0,1.0,0.7773032188415527,,,
1.0,0.0,0.44979777932167053,,,
1.0,1.0,0.6294695734977722,,,
1.0,1.0,0.5787931680679321,,,
0.0,0.0,0.4147961437702179,,,
0.0,0.0,0.3677087724208832,,,
0.0,0.0,0.25586944818496704,,,
0.0,0.0,0.2958756387233734,,,
1.0,0.0,0.28334659337997437,,,
1.0,1.0,0.6313861608505249,,,
0.0,0.0,0.3408343493938446,,,
0.0,0.0,0.27701613306999207,,,
1.0,0.0,0.350314736366272,,,
0.0,0.0,0.18491308391094208,,,
0.0,0.0,0.4966070055961609,,,
0.0,0.0,0.3723432719707489,,,
1.0,1.0,0.5101641416549683,,,
1.0,1.0,0.7124375104904175,,,
1.0,0.0,0.464694619178772,,,
1.0,1.0,0.7343757748603821,,,
1.0,1.0,0.5902912616729736,,,
0.0,1.0,0.6753116250038147,,,
1.0,1.0,0.5371838212013245,,,
0.0,0.0,0.49523603916168213,,,
0.0,0.0,0.25192728638648987,,,
1.0,0.0,0.26826590299606323,,,
0.0,0.0,0.40492236614227295,,,
1.0,1.0,0.6201874017715454,,,
0.0,0.0,0.2641947865486145,,,
0.0,0.0,0.37070199847221375,,,
1.0,1.0,0.836428701877594,,,
1.0,0.0,0.34907135367393494,,,
0.0,0.0,0.27659809589385986,,,
0.0,0.0,0.2418581247329712,,,
1.0,1.0,0.5460312962532043,,,
1.0,1.0,0.6124390363693237,,,
1.0,1.0,0.5451716780662537,,,
1.0,0.0,0.3654341995716095,,,
0.0,1.0,0.5206822156906128,,,
1.0,1.0,0.7350088953971863,,,
1.0,1.0,0.6962804794311523,,,
1.0,1.0,0.6243814826011658,,,
0.0,0.0,0.33348020911216736,,,
0.0,0.0,0.19845640659332275,,,
0.0,0.0,0.315316379070282,,,
0.0,1.0,0.6444767117500305,,,
1.0,0.0,0.21525663137435913,,,
0.0,0.0,0.38441479206085205,,,
1.0,1.0,0.7405934929847717,,,
0.0,0.0,0.41654714941978455,,,
1.0,0.0,0.39982178807258606,,,
1.0,1.0,0.5668468475341797,,,
0.0,0.0,0.35334908962249756,,,
1.0,1.0,0.5518018007278442,,,
1.0,1.0,0.5484948754310608,,,
1.0,0.0,0.42829185724258423,,,
1.0,1.0,0.6772427558898926,,,
0.0,0.0,0.37891095876693726,,,
0.0,0.0,0.3468555212020874,,,
1.0,0.0,0.45785295963287354,,,
0.0,0.0,0.28377360105514526,,,
0.0,0.0,0.4669535756111145,,,
1.0,1.0,0.6592594981193542,,,
1.0,0.0,0.2773692011833191,,,
1.0,0.0,0.356084406375885,,,
1.0,1.0,0.5481115579605103,,,
0.0,0.0,0.2523181736469269,,,
1.0,1.0,0.8731014132499695,,,
0.0,0.0,0.22134488821029663,,,
1.0,1.0,0.704047441482544,,,
0.0,0.0,0.3444860875606537,,,
0.0,0.0,0.36782756447792053,,,
0.0,0.0,0.4380546510219574,,,
1.0,0.0,0.49520158767700195,,,
1.0,1.0,0.741336464881897,,,
0.0,0.0,0.27168411016464233,,,
1.0,1.0,0.7303196787834167,,,
1.0,1.0,0.520033061504364,,,
0.0,0.0,0.45547568798065186,,,
0.0,0.0,0.3145126700401306,,,
0.0,0.0,0.3657618761062622,,,
1.0,0.0,0.45364779233932495,,,
1.0,0.0,0.4447295069694519,,,
0.0,0.0,0.3666115999221802,,,
0.0,1.0,0.5202282071113586,,,
0.0,0.0,0.36277303099632263,,,
0.0,0.0,0.42914754152297974,,,
0.0,0.0,0.3893131613731384,,,
0.0,0.0,0.3559989333152771,,,
0.0,0.0,0.40426644682884216,,,
1.0,1.0,0.8438462615013123,,,
1.0,1.0,0.5262880325317383,,,
0.0,0.0,0.31905463337898254,,,
0.0,0.0,0.3096265196800232,,,
0.0,0.0,0.24956026673316956,,,
1.0,0.0,0.4122195243835449,,,
0.0,0.0,0.46528953313827515,,,
0.0,0.0,0.39463767409324646,,,
1.0,1.0,0.5671869516372681,,,
0.0,0.0,0.39623376727104187,,,
0.0,0.0,0.32842352986335754,,,
1.0,1.0,0.5660231709480286,,,
1.0,1.0,0.8440101742744446,,,
1.0,1.0,0.8282655477523804,,,
0.0,0.0,0.46626919507980347,,,
1.0,1.0,0.750365138053894,,,
1.0,1.0,0.7094963192939758,,,
0.0,0.0,0.30984073877334595,,,
1.0,1.0,0.7763465642929077,,,
0.0,0.0,0.4319770038127899,,,
1.0,0.0,0.420086532831192,,,
0.0,0.0,0.3323204219341278,,,
1.0,1.0,0.8639929890632629,,,
0.0,0.0,0.346122145652771,,,
0.0,0.0,0.3489793539047241,,,
1.0,1.0,0.6235635280609131,,,
0.0,1.0,0.5034278631210327,,,
1.0,0.0,0.46121886372566223,,,
1.0,1.0,0.8595722913742065,,,
0.0,0.0,0.3445831537246704,,,
1.0,1.0,0.7057033181190491,,,
1.0,0.0,0.31164512038230896,,,
1.0,0.0,0.47894299030303955,,,
0.0,1.0,0.5212070345878601,,,
1.0,0.0,0.22689589858055115,,,
1.0,1.0,0.6089726686477661,,,
1.0,0.0,0.3084213137626648,,,
0.0,0.0,0.27706247568130493,,,
1.0,1.0,0.6387204527854919,,,
1.0,1.0,0.933201789855957,,,
1.0,1.0,0.5442852973937988,,,
0.0,0.0,0.42314040660858154,,,
0.0,0.0,0.30705317854881287,,,
1.0,1.0,0.6448671817779541,,,
0.0,0.0,0.48733654618263245,,,
1.0,1.0,0.658494770526886,,,
0.0,0.0,0.4605051577091217,,,
1.0,1.0,0.6612765789031982,,,
1.0,1.0,0.5124395489692688,,,
1.0,0.0,0.4331396222114563,,,
0.0,0.0,0.45383626222610474,,,
0.0,0.0,0.3560759425163269,,,
1.0,0.0,0.40893611311912537,,,
1.0,0.0,0.4241751432418823,,,
1.0,1.0,0.7858580350875854,,,
0.0,1.0,0.5249402523040771,,,
0.0,1.0,0.5063484907150269,,,
0.0,0.0,0.4320642948150635,,,
1.0,1.0,0.5962590575218201,,,
0.0,0.0,0.3270038366317749,,,
0.0,1.0,0.5630090236663818,,,
1.0,1.0,0.85984867811203,,,
0.0,0.0,0.3982029855251312,,,
1.0,1.0,0.7266728281974792,,,
1.0,0.0,0.47073838114738464,,,
1.0,1.0,0.722134530544281,,,
0.0,0.0,0.3214785158634186,,,
1.0,1.0,0.8466424345970154,,,
1.0,1.0,0.5975287556648254,,,
0.0,0.0,0.35994407534599304,,,
0.0,0.0,0.418844074010849,,,
0.0,1.0,0.5311641693115234,,,
0.0,0.0,0.4592064619064331,,,
1.0,1.0,0.7985372543334961,,,
1.0,1.0,0.6091143488883972,,,
0.0,0.0,0.3564413785934448,,,
0.0,0.0,0.3593939244747162,,,
1.0,1.0,0.6544703245162964,,,
1.0,1.0,0.7991749048233032,,,
1.0,1.0,0.7930134534835815,,,
0.0,0.0,0.43646320700645447,,,
0.0,0.0,0.3812837302684784,,,
1.0,1.0,0.63045334815979,,,
0.0,0.0,0.28924816846847534,,,
1.0,1.0,0.6382864117622375,,,
1.0,1.0,0.6559202075004578,,,
0.0,0.0,0.37812283635139465,,,
1.0,1.0,0.8966996073722839,,,
1.0,1.0,0.8730683922767639,,,
0.0,0.0,0.4856172204017639,,,
1.0,0.0,0.47664007544517517,,,
1.0,1.0,0.7141988277435303,,,
1.0,0.0,0.42453375458717346,,,
1.0,1.0,0.5022364258766174,,,
0.0,0.0,0.46468135714530945,,,
1.0,0.0,0.35293087363243103,,,
0.0,0.0,0.47150957584381104,,,
0.0,0.0,0.3495504558086395,,,
1.0,1.0,0.7686711549758911,,,
1.0,0.0,0.4308067262172699,,,
0.0,0.0,0.46576693654060364,,,
0.0,0.0,0.36744534969329834,,,
1.0,0.0,0.3600057363510132,,,
1.0,1.0,0.8765507340431213,,,
1.0,1.0,0.5132207274436951,,,
0.0,0.0,0.3774079978466034,,,
1.0,1.0,0.836826503276825,,,
1.0,1.0,0.7867051362991333,,,
1.0,0.0,0.46398863196372986,,,
1.0,0.0,0.31143540143966675,,,
0.0,0.0,0.45967423915863037,,,
0.0,0.0,0.3511745035648346,,,
0.0,0.0,0.23935845494270325,,,
1.0,1.0,0.7269358038902283,,,
1.0,0.0,0.3655337989330292,,,
0.0,0.0,0.2792050242424011,,,
1.0,0.0,0.48209378123283386,,,
0.0,0.0,0.3819282054901123,,,
0.0,0.0,0.4711032807826996,,,
1.0,1.0,0.5972352623939514,,,
0.0,0.0,0.2779981195926666,,,
1.0,1.0,0.7014577388763428,,,
0.0,0.0,0.2921082079410553,,,
1.0,0.0,0.4537211060523987,,,
0.0,0.0,0.4115316569805145,,,
0.0,0.0,0.3610527217388153,,,
0.0,0.0,0.4482264518737793,,,
1.0,1.0,0.5272960066795349,,,
0.0,0.0,0.25153934955596924,,,
0.0,0.0,0.2490016371011734,,,
1.0,0.0,0.3692120909690857,,,
1.0,0.0,0.4402177035808563,,,
0.0,0.0,0.18307414650917053,,,
0.0,0.0,0.39589637517929077,,,
1.0,1.0,0.6902043223381042,,,
0.0,0.0,0.46229055523872375,,,
0.0,0.0,0.27599093317985535,,,
0.0,0.0,0.2662245035171509,,,
1.0,1.0,0.633181631565094,,,
0.0,0.0,0.40195801854133606,,,
1.0,0.0,0.3446258306503296,,,
1.0,1.0,0.6016969680786133,,,
1.0,1.0,0.5792331695556641,,,
0.0,1.0,0.6018366813659668,,,
1.0,0.0,0.3983176648616791,,,
0.0,1.0,0.6076636910438538,,,
1.0,1.0,0.6274183988571167,,,
0.0,0.0,0.32437825202941895,,,
1.0,1.0,0.8626419305801392,,,
1.0,0.0,0.49680230021476746,,,
1.0,1.0,0.5104964971542358,,,
0.0,0.0,0.19367778301239014,,,
0.0,0.0,0.2680039703845978,,,
1.0,0.0,0.33714759349823,,,
0.0,0.0,0.18057718873023987,,,
0.0,0.0,0.4246084988117218,,,
0.0,0.0,0.33678120374679565,,,
0.0,1.0,0.5886931419372559,,,
1.0,0.0,0.36155593395233154,,,
1.0,1.0,0.7447059750556946,,,
1.0,0.0,0.46239641308784485,,,
1.0,1.0,0.7025223970413208,,,
1.0,0.0,0.39459165930747986,,,
0.0,0.0,0.4003069996833801,,,
1.0,0.0,0.45467859506607056,,,
0.0,1.0,0.5127979516983032,,,
0.0,0.0,0.3564608097076416,,,
0.0,1.0,0.5715552568435669,,,
0.0,0.0,0.3365119993686676,,,
0.0,0.0,0.39347976446151733,,,
0.0,0.0,0.3655501902103424,,,
0.0,0.0,0.3783181309700012,,,
0.0,0.0,0.389691561460495,,,
0.0,0.0,0.3560323715209961,,,
0.0,1.0,0.6592628955841064,,,
1.0,0.0,0.4604814946651459,,,
0.0,0.0,0.31195947527885437,,,
0.0,0.0,0.32699865102767944,,,
0.0,0.0,0.4542399048805237,,,
1.0,1.0,0.5231825709342957,,,
0.0,0.0,0.42276763916015625,,,
0.0,0.0,0.3451206088066101,,,
0.0,0.0,0.3201986849308014,,,
0.0,0.0,0.4211409091949463,,,
0.0,0.0,0.2733011841773987,,,
0.0,0.0,0.34672972559928894,,,
0.0,0.0,0.4788724482059479,,,
0.0,0.0,0.18418826162815094,,,
0.0,0.0,0.4997316896915436,,,
1.0,1.0,0.7198886871337891,,,
1.0,1.0,0.7618007659912109,,,
0.0,1.0,0.6949347853660583,,,
1.0,0.0,0.42823052406311035,,,
1.0,1.0,0.6989902853965759,,,
1.0,1.0,0.5505924224853516,,,
0.0,1.0,0.6404848098754883,,,
1.0,0.0,0.47413012385368347,,,
1.0,1.0,0.6777471303939819,,,
0.0,0.0,0.3274223506450653,,,
0.0,0.0,0.3435373604297638,,,
0.0,0.0,0.25510483980178833,,,
0.0,0.0,0.35111555457115173,,,
1.0,1.0,0.8827770352363586,,,
0.0,0.0,0.37952515482902527,,,
1.0,0.0,0.4836072027683258,,,
0.0,0.0,0.420073539018631,,,
1.0,1.0,0.5156483054161072,,,
1.0,1.0,0.5284572839736938,,,
1.0,1.0,0.7997602224349976,,,
1.0,1.0,0.781062126159668,,,
0.0,0.0,0.22761650383472443,,,
1.0,1.0,0.5320622324943542,,,
0.0,0.0,0.3319866955280304,,,
1.0,1.0,0.8813757300376892,,,
0.0,1.0,0.5105859041213989,,,
0.0,0.0,0.20957784354686737,,,
0.0,1.0,0.6424857974052429,,,
0.0,0.0,0.4247035086154938,,,
1.0,0.0,0.29790860414505005,,,
1.0,0.0,0.3997536599636078,,,
0.0,0.0,0.3452857434749603,,,
0.0,0.0,0.2639988362789154,,,
0.0,1.0,0.5446663498878479,,,
1.0,1.0,0.775967538356781,,,
0.0,0.0,0.3472813665866852,,,
1.0,0.0,0.4747025966644287,,,
0.0,0.0,0.28506940603256226,,,
1.0,1.0,0.685707151889801,,,
0.0,0.0,0.40397605299949646,,,
0.0,0.0,0.4386533796787262,,,
1.0,1.0,0.730485737323761,,,
0.0,0.0,0.3865601122379303,,,
0.0,0.0,0.23892715573310852,,,
0.0,0.0,0.22479060292243958,,,
0.0,0.0,0.3657657504081726,,,
0.0,1.0,0.7116365432739258,,,
1.0,1.0,0.7753124237060547,,,
0.0,0.0,0.371477335691452,,,
0.0,0.0,0.23088499903678894,,,
0.0,0.0,0.4777158498764038,,,
1.0,0.0,0.43617361783981323,,,
0.0,0.0,0.27686449885368347,,,
0.0,0.0,0.34452372789382935,,,
0.0,1.0,0.687396764755249,,,
0.0,1.0,0.7711666226387024,,,
0.0,0.0,0.2940268814563751,,,
0.0,0.0,0.31785985827445984,,,
0.0,0.0,0.3501245379447937,,,
0.0,0.0,0.43142426013946533,,,
0.0,0.0,0.3727623522281647,,,
1.0,0.0,0.42456161975860596,,,
1.0,1.0,0.5172317028045654,,,
1.0,1.0,0.7126916646957397,,,
1.0,1.0,0.7733514904975891,,,
0.0,0.0,0.30128535628318787,,,
1.0,0.0,0.3589962422847748,,,
0.0,0.0,0.4697002172470093,,,
0.0,0.0,0.17166739702224731,,,
1.0,1.0,0.5733067989349365,,,
0.0,0.0,0.29297974705696106,,,
1.0,1.0,0.5765629410743713,,,
0.0,0.0,0.48193928599357605,,,
1.0,0.0,0.3783530592918396,,,
0.0,0.0,0.4719935953617096,,,
0.0,0.0,0.40495815873146057,,,
1.0,1.0,0.7240705490112305,,,
0.0,0.0,0.4176679253578186,,,
1.0,1.0,0.7390902638435364,,,
1.0,1.0,0.6960130929946899,,,
0.0,0.0,0.47894299030303955,,,
1.0,0.0,0.49846744537353516,,,
1.0,0.0,0.4160776138305664,,,
0.0,0.0,0.36069121956825256,,,
1.0,0.0,0.39501842856407166,,,
0.0,1.0,0.506819486618042,,,
0.0,0.0,0.3949383795261383,,,
1.0,1.0,0.8981935977935791,,,
0.0,0.0,0.335273802280426,,,
0.0,0.0,0.47976288199424744,,,
1.0,0.0,0.39553284645080566,,,
0.0,0.0,0.3751499652862549,,,
0.0,0.0,0.3146018385887146,,,
1.0,0.0,0.40119725465774536,,,
0.0,0.0,0.414781391620636,,,
1.0,0.0,0.43555253744125366,,,
0.0,0.0,0.34907135367393494,,,
0.0,0.0,0.376047283411026,,,
1.0,0.0,0.29167038202285767,,,
0.0,0.0,0.48656120896339417,,,
1.0,0.0,0.4004040062427521,,,
1.0,1.0,0.9060390591621399,,,
1.0,1.0,0.842903196811676,,,
1.0,1.0,0.7544484734535217,,,
0.0,0.0,0.3158429265022278,,,
1.0,0.0,0.4946269392967224,,,
0.0,1.0,0.7247271537780762,,,
0.0,0.0,0.2696543037891388,,,
1.0,0.0,0.4398645758628845,,,
1.0,1.0,0.7267398834228516,,,
1.0,1.0,0.7418379187583923,,,
0.0,1.0,0.665270984172821,,,
0.0,0.0,0.17200687527656555,,,
1.0,1.0,0.5824132561683655,,,
1.0,0.0,0.46121329069137573,,,
1.0,0.0,0.3973187506198883,,,
0.0,0.0,0.4594229757785797,,,
0.0,0.0,0.3288543224334717,,,
0.0,0.0,0.30920079350471497,,,
1.0,1.0,0.7346077561378479,,,
0.0,1.0,0.6074609160423279,,,
1.0,0.0,0.24502530694007874,,,
0.0,0.0,0.443068265914917,,,
0.0,0.0,0.23265136778354645,,,
1.0,1.0,0.8146600723266602,,,
1.0,1.0,0.6489361524581909,,,
0.0,0.0,0.3735506534576416,,,
1.0,0.0,0.38748183846473694,,,
0.0,0.0,0.2419724017381668,,,
0.0,1.0,0.599961519241333,,,
0.0,0.0,0.4359270930290222,,,
1.0,1.0,0.5647963285446167,,,
1.0,1.0,0.770153820514679,,,
0.0,0.0,0.46960559487342834,,,
1.0,1.0,0.9076172709465027,,,
1.0,1.0,0.5944032073020935,,,
1.0,1.0,0.5232139229774475,,,
0.0,0.0,0.4204919636249542,,,
0.0,0.0,0.34531792998313904,,,
1.0,1.0,0.6762309074401855,,,
0.0,0.0,0.2521858513355255,,,
0.0,0.0,0.2492312639951706,,,
1.0,0.0,0.4120957851409912,,,
1.0,1.0,0.5899524092674255,,,
0.0,0.0,0.40087592601776123,,,
1.0,1.0,0.8274543285369873,,,
0.0,0.0,0.30087989568710327,,,
1.0,1.0,0.7414025664329529,,,
0.0,1.0,0.557083249092102,,,
0.0,0.0,0.39729616045951843,,,
1.0,0.0,0.33933892846107483,,,
0.0,0.0,0.4446922540664673,,,
1.0,1.0,0.7662977576255798,,,
1.0,0.0,0.34521010518074036,,,
0.0,0.0,0.3324042558670044,,,
0.0,0.0,0.47344017028808594,,,
1.0,1.0,0.7380857467651367,,,
0.0,0.0,0.25791990756988525,,,
0.0,0.0,0.40866366028785706,,,
0.0,0.0,0.4293237328529358,,,
0.0,0.0,0.35112741589546204,,,
0.0,0.0,0.36869606375694275,,,
0.0,0.0,0.4239479899406433,,,
0.0,0.0,0.3362452983856201,,,
0.0,0.0,0.3899022936820984,,,
0.0,0.0,0.28901442885398865,,,
1.0,0.0,0.31429341435432434,,,
1.0,1.0,0.8193339705467224,,,
0.0,0.0,0.39953720569610596,,,
0.0,0.0,0.351479172706604,,,
0.0,0.0,0.4462670385837555,,,
0.0,0.0,0.43222707509994507,,,
0.0,0.0,0.4874413311481476,,,
0.0,0.0,0.3276320993900299,,,
1.0,1.0,0.7332016825675964,,,
1.0,1.0,0.6039196252822876,,,
1.0,1.0,0.6559990048408508,,,
0.0,0.0,0.4413556158542633,,,
0.0,1.0,0.552979588508606,,,
1.0,1.0,0.5152725577354431,,,
1.0,1.0,0.6008569002151489,,,
0.0,0.0,0.3801599442958832,,,
1.0,0.0,0.33581334352493286,,,
1.0,0.0,0.4458053708076477,,,
0.0,0.0,0.31408724188804626,,,
0.0,0.0,0.2959277331829071,,,
0.0,1.0,0.5504974126815796,,,
0.0,0.0,0.3963969647884369,,,
1.0,0.0,0.35919782519340515,,,
1.0,1.0,0.5087796449661255,,,
0.0,0.0,0.2961600720882416,,,
1.0,1.0,0.9286373853683472,,,
0.0,0.0,0.18797777593135834,,,
1.0,1.0,0.5083169341087341,,,
0.0,0.0,0.1738831251859665,,,
1.0,1.0,0.775967538356781,,,
0.0,0.0,0.39081674814224243,,,
1.0,1.0,0.7294209599494934,,,
1.0,1.0,0.7192509770393372,,,
1.0,0.0,0.3935832381248474,,,
0.0,0.0,0.4536161720752716,,,
0.0,0.0,0.2233666032552719,,,
0.0,0.0,0.24505463242530823,,,
1.0,1.0,0.5180407762527466,,,
1.0,1.0,0.5733739137649536,,,
1.0,0.0,0.3369472324848175,,,
0.0,0.0,0.2741740345954895,,,
0.0,0.0,0.4704958498477936,,,
0.0,0.0,0.4301568865776062,,,
1.0,1.0,0.5132173299789429,,,
1.0,1.0,0.719682514667511,,,
1.0,1.0,0.7516084313392639,,,
1.0,1.0,0.5329234004020691,,,
0.0,0.0,0.3953896164894104,,,
1.0,0.0,0.4875835180282593,,,
1.0,1.0,0.5309661626815796,,,
1.0,1.0,0.7054781317710876,,,
1.0,0.0,0.4652768671512604,,,
1.0,1.0,0.5707671642303467,,,
1.0,0.0,0.4724888205528259,,,
0.0,0.0,0.4196114242076874,,,
1.0,0.0,0.39901381731033325,,,
1.0,0.0,0.45880094170570374,,,
0.0,0.0,0.35805878043174744,,,
0.0,0.0,0.2213999330997467,,,
0.0,0.0,0.400968462228775,,,
0.0,0.0,0.3421492278575897,,,
0.0,0.0,0.3375837504863739,,,
0.0,0.0,0.45127302408218384,,,
1.0,1.0,0.7961220145225525,,,
0.0,0.0,0.4059392511844635,,,
1.0,1.0,0.7388269305229187,,,
0.0,0.0,0.18307414650917053,,,
0.0,1.0,0.5116761922836304,,,
1.0,1.0,0.8572388291358948,,,
0.0,0.0,0.3016040623188019,,,
1.0,1.0,0.7791001796722412,,,
0.0,0.0,0.3602851331233978,,,
1.0,1.0,0.6928236484527588,,,
0.0,0.0,0.41157588362693787,,,
0.0,0.0,0.366083025932312,,,
0.0,0.0,0.3058585524559021,,,
1.0,1.0,0.8432700037956238,,,
1.0,0.0,0.414781391620636,,,
1.0,1.0,0.653991162776947,,,
0.0,0.0,0.33600467443466187,,,
0.0,0.0,0.3831580579280853,,,
1.0,1.0,0.9129865169525146,,,
1.0,1.0,0.5772106647491455,,,
1.0,1.0,0.5972151756286621,,,
0.0,0.0,0.3797169327735901,,,
0.0,1.0,0.5543991327285767,,,
1.0,1.0,0.5486494302749634,,,
1.0,1.0,0.7977465391159058,,,
1.0,0.0,0.40999025106430054,,,
0.0,0.0,0.27041006088256836,,,
0.0,0.0,0.4707477390766144,,,
0.0,0.0,0.36216607689857483,,,
1.0,1.0,0.8830514550209045,,,
1.0,0.0,0.35111042857170105,,,
1.0,1.0,0.5297197699546814,,,
1.0,1.0,0.5306767225265503,,,
0.0,0.0,0.41157588362693787,,,
1.0,1.0,0.7024402022361755,,,
1.0,1.0,0.5028974413871765,,,
0.0,0.0,0.38847434520721436,,,
0.0,0.0,0.23722907900810242,,,
0.0,1.0,0.5099552273750305,,,
1.0,0.0,0.42703476548194885,,,
0.0,0.0,0.24540923535823822,,,
0.0,0.0,0.24622580409049988,,,
1.0,1.0,0.7453930377960205,,,
1.0,1.0,0.8973112106323242,,,
1.0,0.0,0.31475895643234253,,,
0.0,0.0,0.27041006088256836,,,
0.0,0.0,0.48586922883987427,,,
0.0,0.0,0.31806880235671997,,,
0.0,1.0,0.6837799549102783,,,
1.0,1.0,0.701762855052948,,,
1.0,1.0,0.5605858564376831,,,
1.0,1.0,0.7494522929191589,,,
1.0,1.0,0.7911186218261719,,,
0.0,0.0,0.15620113909244537,,,
0.0,1.0,0.6986339092254639,,,
0.0,0.0,0.4973578155040741,,,
0.0,0.0,0.27397415041923523,,,
1.0,1.0,0.7069396376609802,,,
1.0,1.0,0.6563090682029724,,,
0.0,0.0,0.2540535628795624,,,
1.0,0.0,0.3263458013534546,,,
0.0,0.0,0.4693000018596649,,,
1.0,0.0,0.41255974769592285,,,
0.0,0.0,0.2885858118534088,,,
1.0,0.0,0.40515047311782837,,,
1.0,0.0,0.2976333200931549,,,
0.0,0.0,0.3819282054901123,,,
0.0,0.0,0.4728950560092926,,,
1.0,1.0,0.8198019862174988,,,
1.0,1.0,0.8963900208473206,,,
0.0,0.0,0.3015500009059906,,,
0.0,0.0,0.3866516947746277,,,
0.0,0.0,0.24571911990642548,,,
0.0,0.0,0.3799911141395569,,,
1.0,0.0,0.4020530879497528,,,
0.0,0.0,0.3733690679073334,,,
0.0,0.0,0.31936153769493103,,,
0.0,0.0,0.42592936754226685,,,
1.0,1.0,0.7559267282485962,,,
1.0,1.0,0.6759524941444397,,,
0.0,0.0,0.49464666843414307,,,
1.0,0.0,0.4514300227165222,,,
1.0,1.0,0.5390898585319519,,,
0.0,1.0,0.5817554593086243,,,
1.0,0.0,0.39929062128067017,,,
1.0,1.0,0.7091623544692993,,,
0.0,0.0,0.28195470571517944,,,
0.0,0.0,0.343066930770874,,,
0.0,0.0,0.25810688734054565,,,
0.0,1.0,0.5073351263999939,,,
0.0,1.0,0.5274986624717712,,,
0.0,0.0,0.28303608298301697,,,
0.0,0.0,0.49814385175704956,,,
1.0,1.0,0.6056591868400574,,,
1.0,0.0,0.3916233479976654,,,
1.0,0.0,0.3128931224346161,,,
0.0,0.0,0.24242003262043,,,
0.0,1.0,0.5046647787094116,,,
1.0,1.0,0.7548511624336243,,,
0.0,0.0,0.3524717390537262,,,
1.0,1.0,0.8952372074127197,,,
0.0,0.0,0.4081383943557739,,,
1.0,1.0,0.7287283539772034,,,
1.0,1.0,0.5415816307067871,,,
0.0,0.0,0.32019221782684326,,,
0.0,0.0,0.42841091752052307,,,
1.0,0.0,0.28729569911956787,,,
1.0,0.0,0.4057883620262146,,,
0.0,1.0,0.5247946381568909,,,
0.0,1.0,0.5082865953445435,,,
1.0,0.0,0.4088993966579437,,,
1.0,0.0,0.46903932094573975,,,
0.0,0.0,0.24487413465976715,,,
1.0,0.0,0.41761869192123413,,,
1.0,0.0,0.379646360874176,,,
0.0,0.0,0.4771117866039276,,,
0.0,0.0,0.4640004634857178,,,
0.0,0.0,0.2644712030887604,,,
1.0,1.0,0.8558010458946228,,,
0.0,0.0,0.47176089882850647,,,
0.0,0.0,0.23970596492290497,,,
1.0,1.0,0.6330058574676514,,,
1.0,0.0,0.42702752351760864,,,
1.0,1.0,0.7581344246864319,,,
1.0,1.0,0.701762855052948,,,
0.0,0.0,0.41423720121383667,,,
0.0,0.0,0.3946180045604706,,,
1.0,1.0,0.5430611968040466,,,
1.0,0.0,0.4582429826259613,,,
1.0,0.0,0.425438791513443,,,
0.0,0.0,0.4237794876098633,,,
1.0,1.0,0.7777002453804016,,,
1.0,1.0,0.5511823296546936,,,
1.0,1.0,0.5943042635917664,,,
0.0,0.0,0.33706027269363403,,,
1.0,1.0,0.8059202432632446,,,
0.0,0.0,0.40620219707489014,,,
0.0,0.0,0.2409607470035553,,,
0.0,0.0,0.3733366131782532,,,
0.0,0.0,0.48387277126312256,,,
0.0,0.0,0.35118645429611206,,,
1.0,0.0,0.37562718987464905,,,
1.0,1.0,0.699069619178772,,,
1.0,1.0,0.6986053586006165,,,
1.0,0.0,0.4216165244579315,,,
1.0,1.0,0.7842827439308167,,,
1.0,1.0,0.5284799933433533,,,
0.0,1.0,0.5446518063545227,,,
0.0,0.0,0.28861185908317566,,,
1.0,1.0,0.7367750406265259,,,
0.0,0.0,0.2697041928768158,,,
0.0,0.0,0.26767420768737793,,,
0.0,0.0,0.3352470099925995,,,
1.0,0.0,0.3641658425331116,,,
1.0,1.0,0.5546928644180298,,,
0.0,0.0,0.2141282558441162,,,
0.0,0.0,0.3379434049129486,,,
1.0,0.0,0.48605817556381226,,,
0.0,0.0,0.4535439908504486,,,
1.0,1.0,0.6840896010398865,,,
0.0,0.0,0.3641076385974884,,,
0.0,1.0,0.5613219141960144,,,
0.0,0.0,0.4282054305076599,,,
0.0,0.0,0.48532208800315857,,,
0.0,0.0,0.43045878410339355,,,
1.0,1.0,0.6198835372924805,,,
1.0,1.0,0.5016534924507141,,,
1.0,0.0,0.4460461139678955,,,
0.0,0.0,0.2773408591747284,,,
1.0,0.0,0.35917946696281433,,,
0.0,0.0,0.3196718990802765,,,
0.0,0.0,0.24956026673316956,,,
1.0,1.0,0.5779252648353577,,,
0.0,0.0,0.4732203185558319,,,
1.0,0.0,0.4335654675960541,,,
0.0,1.0,0.5057104229927063,,,
1.0,1.0,0.8143513202667236,,,
1.0,1.0,0.7178568243980408,,,
1.0,0.0,0.4595758318901062,,,
0.0,1.0,0.5761814117431641,,,
1.0,1.0,0.602888286113739,,,
1.0,1.0,0.8121588230133057,,,
1.0,1.0,0.5146982073783875,,,
1.0,1.0,0.8129788637161255,,,
1.0,1.0,0.7933729290962219,,,
0.0,0.0,0.4132820963859558,,,
0.0,0.0,0.375977486371994,,,
1.0,1.0,0.5774018168449402,,,
1.0,0.0,0.4268399178981781,,,
1.0,1.0,0.6477180123329163,,,
0.0,0.0,0.3980397582054138,,,
1.0,1.0,0.5112814903259277,,,
0.0,0.0,0.35089483857154846,,,
0.0,0.0,0.33093222975730896,,,
1.0,0.0,0.4517371356487274,,,
0.0,0.0,0.3812248706817627,,,
1.0,1.0,0.5004116892814636,,,
1.0,0.0,0.381420373916626,,,
0.0,1.0,0.5613813996315002,,,
1.0,1.0,0.6103156805038452,,,
0.0,0.0,0.36404120922088623,,,
1.0,1.0,0.5474051237106323,,,
1.0,1.0,0.5749327540397644,,,
0.0,0.0,0.29995259642601013,,,
1.0,0.0,0.4839630424976349,,,
1.0,1.0,0.629311740398407,,,
0.0,0.0,0.20198071002960205,,,
0.0,0.0,0.33689990639686584,,,
1.0,1.0,0.5228292942047119,,,
0.0,0.0,0.24956026673316956,,,
0.0,1.0,0.5127297639846802,,,
1.0,1.0,0.5817309617996216,,,
0.0,0.0,0.37704595923423767,,,
0.0,0.0,0.44766125082969666,,,
0.0,0.0,0.3896947503089905,,,
1.0,0.0,0.3596400320529938,,,
0.0,0.0,0.47221657633781433,,,
0.0,0.0,0.3759044408798218,,,
0.0,0.0,0.3231261968612671,,,
0.0,0.0,0.3657618761062622,,,
0.0,0.0,0.3960908353328705,,,
0.0,1.0,0.5104284882545471,,,
0.0,0.0,0.23962563276290894,,,
0.0,0.0,0.2703302502632141,,,
1.0,0.0,0.43892019987106323,,,
1.0,1.0,0.6847299933433533,,,
0.0,1.0,0.5724311470985413,,,
0.0,0.0,0.34907135367393494,,,
1.0,1.0,0.7263501286506653,,,
0.0,0.0,0.19900168478488922,,,
1.0,1.0,0.5761448740959167,,,
0.0,1.0,0.6799827218055725,,,
0.0,1.0,0.5114630460739136,,,
0.0,0.0,0.42437344789505005,,,
1.0,1.0,0.6563684344291687,,,
0.0,0.0,0.25554707646369934,,,
1.0,1.0,0.7478363513946533,,,
0.0,0.0,0.31213289499282837,,,
1.0,1.0,0.7249814867973328,,,
0.0,0.0,0.325088769197464,,,
1.0,1.0,0.5446782112121582,,,
0.0,0.0,0.3730399012565613,,,
1.0,1.0,0.7801733016967773,,,
0.0,0.0,0.28309836983680725,,,
0.0,0.0,0.4747558832168579,,,
1.0,1.0,0.6058005094528198,,,
1.0,1.0,0.8966996073722839,,,
0.0,0.0,0.3733690679073334,,,
1.0,0.0,0.3838897943496704,,,
0.0,0.0,0.4232158958911896,,,
0.0,0.0,0.4673461318016052,,,
0.0,0.0,0.31452423334121704,,,
0.0,0.0,0.29149124026298523,,,
0.0,0.0,0.3291284739971161,,,
1.0,1.0,0.941929042339325,,,
1.0,1.0,0.5425886511802673,,,
0.0,0.0,0.39593809843063354,,,
0.0,1.0,0.6204062700271606,,,
1.0,0.0,0.19154538214206696,,,
1.0,0.0,0.4483228325843811,,,
0.0,0.0,0.26330551505088806,,,
0.0,0.0,0.3592081367969513,,,
1.0,1.0,0.858329713344574,,,
1.0,0.0,0.46226152777671814,,,
0.0,1.0,0.5512645244598389,,,
1.0,1.0,0.7973337173461914,,,
0.0,0.0,0.36337804794311523,,,
0.0,0.0,0.29322072863578796,,,
1.0,1.0,0.8257508277893066,,,
0.0,0.0,0.46421900391578674,,,
0.0,0.0,0.44012942910194397,,,
0.0,0.0,0.20198071002960205,,,
0.0,0.0,0.31898990273475647,,,
0.0,1.0,0.5575287938117981,,,
0.0,0.0,0.2684536576271057,,,
0.0,0.0,0.3196718990802765,,,
1.0,0.0,0.2865540385246277,,,
0.0,0.0,0.3622836470603943,,,
1.0,1.0,0.6779709458351135,,,
1.0,0.0,0.44040587544441223,,,
1.0,1.0,0.5273556709289551,,,
0.0,0.0,0.27257513999938965,,,
1.0,1.0,0.8108917474746704,,,
0.0,0.0,0.41926243901252747,,,
0.0,0.0,0.4085642397403717,,,
0.0,0.0,0.4427611231803894,,,
1.0,0.0,0.43980544805526733,,,
0.0,0.0,0.30062219500541687,,,
1.0,1.0,0.5190073251724243,,,
0.0,0.0,0.26234859228134155,,,
0.0,0.0,0.27897465229034424,,,
0.0,0.0,0.3768898546695709,,,
0.0,0.0,0.40096840262413025,,,
1.0,0.0,0.3815695345401764,,,
0.0,0.0,0.37697941064834595,,,
1.0,0.0,0.48359939455986023,,,
1.0,0.0,0.3295733332633972,,,
0.0,0.0,0.4316844046115875,,,
1.0,1.0,0.535328209400177,,,
0.0,1.0,0.610518217086792,,,
0.0,1.0,0.5917485952377319,,,
0.0,0.0,0.3218553960323334,,,
1.0,0.0,0.4121754467487335,,,
1.0,1.0,0.6911917328834534,,,
1.0,1.0,0.6062448024749756,,,
1.0,0.0,0.4305175244808197,,,
0.0,0.0,0.27686449885368347,,,
0.0,0.0,0.4395897686481476,,,
1.0,1.0,0.6969987154006958,,,
0.0,0.0,0.3321266770362854,,,
0.0,0.0,0.42557892203330994,,,
0.0,0.0,0.49470406770706177,,,
0.0,0.0,0.490398645401001,,,
0.0,0.0,0.3162214159965515,,,
1.0,0.0,0.44122010469436646,,,
1.0,1.0,0.5171145796775818,,,
0.0,0.0,0.21924255788326263,,,
0.0,0.0,0.29191261529922485,,,
0.0,0.0,0.43248647451400757,,,
0.0,0.0,0.37935322523117065,,,
1.0,0.0,0.30866768956184387,,,
1.0,1.0,0.8053221702575684,,,
0.0,0.0,0.3191550076007843,,,
1.0,1.0,0.5979918241500854,,,
1.0,1.0,0.5244415998458862,,,
0.0,0.0,0.283218652009964,,,
0.0,0.0,0.22805839776992798,,,
1.0,0.0,0.4087614119052887,,,
0.0,0.0,0.48955824971199036,,,
1.0,0.0,0.42997410893440247,,,
0.0,0.0,0.1718505620956421,,,
0.0,0.0,0.3344496190547943,,,
0.0,0.0,0.2088327556848526,,,
0.0,0.0,0.33156827092170715,,,
0.0,0.0,0.23087643086910248,,,
0.0,1.0,0.5242171287536621,,,
1.0,1.0,0.608002245426178,,,
1.0,1.0,0.6606714129447937,,,
0.0,0.0,0.36110031604766846,,,
0.0,0.0,0.42048215866088867,,,
1.0,1.0,0.5071495175361633,,,
0.0,0.0,0.27075064182281494,,,
0.0,0.0,0.4289713203907013,,,
1.0,1.0,0.5497013330459595,,,
1.0,0.0,0.4779905080795288,,,
1.0,1.0,0.8345542550086975,,,
0.0,0.0,0.4899666905403137,,,
0.0,0.0,0.45508310198783875,,,
1.0,1.0,0.7759397029876709,,,
1.0,1.0,0.7082118391990662,,,
1.0,1.0,0.5284092426300049,,,
0.0,0.0,0.4274158179759979,,,
1.0,0.0,0.43585479259490967,,,
0.0,0.0,0.439157634973526,,,
0.0,0.0,0.22905565798282623,,,
0.0,0.0,0.2761358320713043,,,
0.0,0.0,0.4012089967727661,,,
1.0,1.0,0.659334123134613,,,
1.0,0.0,0.34825965762138367,,,
0.0,0.0,0.39687052369117737,,,
0.0,0.0,0.395348459482193,,,
1.0,0.0,0.34616562724113464,,,
1.0,0.0,0.37015193700790405,,,
1.0,1.0,0.7682222723960876,,,
1.0,1.0,0.5320622324943542,,,
1.0,0.0,0.494109183549881,,,
0.0,0.0,0.35383373498916626,,,
1.0,1.0,0.8527275919914246,,,
0.0,1.0,0.6160517334938049,,,
0.0,0.0,0.36109381914138794,,,
0.0,0.0,0.31418341398239136,,,
1.0,0.0,0.3464653491973877,,,
0.0,0.0,0.4316626787185669,,,
1.0,1.0,0.8579397201538086,,,
0.0,0.0,0.45508310198783875,,,
0.0,1.0,0.7034044861793518,,,
0.0,0.0,0.4989091157913208,,,
1.0,1.0,0.62031489610672,,,
1.0,1.0,0.9133382439613342,,,
0.0,0.0,0.34774523973464966,,,
0.0,0.0,0.36150622367858887,,,
0.0,0.0,0.4986000657081604,,,
1.0,0.0,0.39727362990379333,,,
0.0,0.0,0.344889372587204,,,
0.0,0.0,0.3299742639064789,,,
0.0,1.0,0.7479634881019592,,,
1.0,1.0,0.7571048736572266,,,
1.0,1.0,0.5824804306030273,,,
0.0,0.0,0.3449152410030365,,,
1.0,0.0,0.2970179617404938,,,
1.0,0.0,0.3801599442958832,,,
0.0,0.0,0.2713641822338104,,,
0.0,0.0,0.3325293958187103,,,
1.0,0.0,0.41308918595314026,,,
0.0,0.0,0.47193092107772827,,,
1.0,1.0,0.827526330947876,,,
0.0,0.0,0.34221333265304565,,,
1.0,1.0,0.7147147059440613,,,
0.0,0.0,0.29452040791511536,,,
1.0,1.0,0.8944790363311768,,,
1.0,0.0,0.31174221634864807,,,
0.0,0.0,0.24278762936592102,,,
0.0,0.0,0.22465874254703522,,,
0.0,1.0,0.5464744567871094,,,
1.0,1.0,0.6410431861877441,,,
0.0,0.0,0.2634766101837158,,,
0.0,1.0,0.5108861923217773,,,
1.0,0.0,0.4422597587108612,,,
0.0,0.0,0.4046599864959717,,,
1.0,1.0,0.7470098733901978,,,
0.0,0.0,0.26030710339546204,,,
0.0,0.0,0.36241158843040466,,,
1.0,1.0,0.5715320706367493,,,
0.0,0.0,0.2859475314617157,,,
1.0,1.0,0.6980157494544983,,,
1.0,1.0,0.7308136820793152,,,
0.0,0.0,0.25554707646369934,,,
0.0,0.0,0.2710958421230316,,,
0.0,0.0,0.40689700841903687,,,
0.0,0.0,0.313652902841568,,,
0.0,0.0,0.3509786128997803,,,
1.0,1.0,0.6043732762336731,,,
0.0,0.0,0.31013035774230957,,,
0.0,0.0,0.4244941174983978,,,
1.0,0.0,0.43100813031196594,,,
1.0,1.0,0.8834695816040039,,,
0.0,0.0,0.36697879433631897,,,
1.0,0.0,0.3163662552833557,,,
0.0,1.0,0.5091497898101807,,,
1.0,1.0,0.7725278735160828,,,
0.0,0.0,0.4335082471370697,,,
0.0,0.0,0.33496353030204773,,,
0.0,0.0,0.33405178785324097,,,
1.0,1.0,0.7917379140853882,,,
0.0,0.0,0.3803064525127411,,,
1.0,1.0,0.7581344246864319,,,
0.0,1.0,0.7508214712142944,,,
0.0,0.0,0.32917875051498413,,,
0.0,0.0,0.42833301424980164,,,
0.0,0.0,0.40126827359199524,,,
0.0,0.0,0.2623541057109833,,,
0.0,0.0,0.33756712079048157,,,
0.0,0.0,0.29773929715156555,,,
0.0,0.0,0.360622763633728,,,
1.0,0.0,0.38748183846473694,,,
0.0,1.0,0.6761848330497742,,,
1.0,0.0,0.4804246723651886,,,
1.0,1.0,0.7107085585594177,,,
0.0,0.0,0.30111628770828247,,,
1.0,1.0,0.5195467472076416,,,
1.0,1.0,0.5401736497879028,,,
0.0,0.0,0.3667599856853485,,,
0.0,0.0,0.1678653508424759,,,
0.0,0.0,0.20012837648391724,,,
0.0,0.0,0.36724159121513367,,,
1.0,0.0,0.3533717095851898,,,
1.0,0.0,0.4831562936306,,,
1.0,1.0,0.6891784071922302,,,
0.0,1.0,0.5316846370697021,,,
1.0,1.0,0.8012720942497253,,,
0.0,0.0,0.4468132555484772,,,
1.0,1.0,0.8387288451194763,,,
1.0,0.0,0.3995300531387329,,,
0.0,0.0,0.4306977689266205,,,
0.0,1.0,0.7363347411155701,,,
0.0,0.0,0.4374683201313019,,,
0.0,0.0,0.26213565468788147,,,
1.0,1.0,0.7823420763015747,,,
1.0,1.0,0.5588101744651794,,,
1.0,0.0,0.42660999298095703,,,
1.0,1.0,0.8179672360420227,,,
0.0,0.0,0.3828166723251343,,,
1.0,1.0,0.7500167489051819,,,
1.0,1.0,0.551864743232727,,,
0.0,0.0,0.4055297374725342,,,
1.0,0.0,0.49461594223976135,,,
0.0,0.0,0.2570488154888153,,,
0.0,0.0,0.3127504587173462,,,
1.0,1.0,0.8210169076919556,,,
0.0,0.0,0.419790655374527,,,
0.0,0.0,0.2977868616580963,,,
0.0,0.0,0.3269311189651489,,,
1.0,1.0,0.7767278552055359,,,
0.0,0.0,0.30941206216812134,,,
0.0,0.0,0.2819373309612274,,,
1.0,0.0,0.3893813490867615,,,
1.0,1.0,0.6306179761886597,,,
0.0,0.0,0.354336142539978,,,
1.0,1.0,0.7653161287307739,,,
0.0,0.0,0.3396522104740143,,,
1.0,0.0,0.2611282467842102,,,
1.0,1.0,0.7741959095001221,,,
1.0,1.0,0.8785088658332825,,,
0.0,0.0,0.2135760635137558,,,
1.0,0.0,0.4093552529811859,,,
0.0,0.0,0.3250943124294281,,,
0.0,0.0,0.3567728102207184,,,
0.0,0.0,0.36089757084846497,,,
0.0,0.0,0.2761867046356201,,,
0.0,0.0,0.3402608335018158,,,
0.0,0.0,0.466764360666275,,,
1.0,0.0,0.38794493675231934,,,
0.0,0.0,0.2585565745830536,,,
1.0,1.0,0.6666191220283508,,,
1.0,0.0,0.34229642152786255,,,
0.0,0.0,0.3368622958660126,,,
1.0,1.0,0.7539896965026855,,,
0.0,1.0,0.7416090965270996,,,
0.0,1.0,0.7503005266189575,,,
0.0,0.0,0.47376012802124023,,,
0.0,1.0,0.6048839688301086,,,
1.0,1.0,0.780951976776123,,,
0.0,0.0,0.32110679149627686,,,
0.0,0.0,0.2927532196044922,,,
0.0,0.0,0.26672953367233276,,,
1.0,1.0,0.6956319808959961,,,
1.0,0.0,0.4511300027370453,,,
0.0,0.0,0.3709597587585449,,,
1.0,1.0,0.5544312000274658,,,
1.0,1.0,0.744960606098175,,,
1.0,0.0,0.2816314399242401,,,
0.0,0.0,0.3122134804725647,,,
1.0,1.0,0.5765746235847473,,,
0.0,0.0,0.4862680435180664,,,
0.0,0.0,0.30642402172088623,,,
1.0,1.0,0.8024442195892334,,,
1.0,1.0,0.7198886871337891,,,
0.0,0.0,0.42318224906921387,,,
0.0,1.0,0.5083405375480652,,,
1.0,1.0,0.718950092792511,,,
0.0,0.0,0.3514115512371063,,,
0.0,0.0,0.3604414165019989,,,
1.0,1.0,0.7273035645484924,,,
0.0,1.0,0.5002268552780151,,,
0.0,0.0,0.36872047185897827,,,
1.0,0.0,0.44122010469436646,,,
1.0,0.0,0.44322118163108826,,,
1.0,1.0,0.7350088953971863,,,
1.0,0.0,0.4598909616470337,,,
1.0,0.0,0.2969152629375458,,,
0.0,0.0,0.3723432719707489,,,
0.0,0.0,0.2873525023460388,,,
0.0,0.0,0.29601791501045227,,,
0.0,0.0,0.3423757255077362,,,
0.0,1.0,0.5184873342514038,,,
1.0,0.0,0.44975215196609497,,,
0.0,1.0,0.5022364258766174,,,
0.0,0.0,0.37079644203186035,,,
1.0,1.0,0.8701005578041077,,,
1.0,1.0,0.7781747579574585,,,
0.0,0.0,0.34774523973464966,,,
1.0,1.0,0.7247605919837952,,,
1.0,1.0,0.6806795001029968,,,
0.0,0.0,0.36239367723464966,,,
0.0,0.0,0.31968560814857483,,,
0.0,0.0,0.31236502528190613,,,
0.0,0.0,0.3359634280204773,,,
1.0,1.0,0.5230370759963989,,,
1.0,0.0,0.4916089177131653,,,
0.0,0.0,0.2152821570634842,,,
1.0,1.0,0.6827515959739685,,,
0.0,0.0,0.245658278465271,,,
0.0,0.0,0.3460696041584015,,,
0.0,1.0,0.5026754140853882,,,
1.0,1.0,0.7531023025512695,,,
1.0,1.0,0.8946744203567505,,,
0.0,1.0,0.681393563747406,,,
1.0,1.0,0.563421905040741,,,
0.0,0.0,0.41139647364616394,,,
0.0,0.0,0.2753508985042572,,,
1.0,0.0,0.33960583806037903,,,
1.0,1.0,0.7660275101661682,,,
1.0,0.0,0.37003666162490845,,,
0.0,0.0,0.35237646102905273,,,
1.0,1.0,0.9276596307754517,,,
0.0,0.0,0.3204284906387329,,,
0.0,0.0,0.3554462492465973,,,
0.0,0.0,0.27318400144577026,,,
0.0,0.0,0.3147493898868561,,,
1.0,0.0,0.4234825372695923,,,
1.0,0.0,0.45115217566490173,,,
0.0,0.0,0.25527480244636536,,,
1.0,1.0,0.6675186157226562,,,
1.0,1.0,0.6806156635284424,,,
1.0,1.0,0.575270414352417,,,
1.0,0.0,0.36725109815597534,,,
1.0,1.0,0.7071753740310669,,,
1.0,1.0,0.7066075801849365,,,
0.0,0.0,0.2504459619522095,,,
0.0,1.0,0.6321700215339661,,,
0.0,0.0,0.3323204219341278,,,
1.0,1.0,0.5019699335098267,,,
0.0,0.0,0.47924432158470154,,,
0.0,0.0,0.26295292377471924,,,
1.0,0.0,0.3181166350841522,,,
0.0,0.0,0.2834415137767792,,,
0.0,0.0,0.1812966763973236,,,
0.0,0.0,0.3774079978466034,,,
1.0,0.0,0.4475899338722229,,,
0.0,0.0,0.485028475522995,,,
0.0,0.0,0.4139614999294281,,,
1.0,1.0,0.8672784566879272,,,
1.0,1.0,0.5571456551551819,,,
1.0,1.0,0.5250177383422852,,,
0.0,0.0,0.2741740345954895,,,
1.0,1.0,0.689347505569458,,,
0.0,0.0,0.4785713851451874,,,
0.0,0.0,0.46293357014656067,,,
0.0,0.0,0.3185597062110901,,,
0.0,0.0,0.3226301074028015,,,
1.0,0.0,0.41048985719680786,,,
1.0,0.0,0.4075022339820862,,,
0.0,0.0,0.44844794273376465,,,
1.0,1.0,0.7221208810806274,,,
1.0,0.0,0.42159613966941833,,,
0.0,0.0,0.4022442400455475,,,
1.0,1.0,0.6243910789489746,,,
1.0,0.0,0.3637462258338928,,,
0.0,0.0,0.3194669783115387,,,
0.0,0.0,0.3152138888835907,,,
1.0,1.0,0.7490606904029846,,,
1.0,0.0,0.49645498394966125,,,
0.0,0.0,0.35609492659568787,,,
0.0,0.0,0.308032751083374,,,
1.0,1.0,0.8355553150177002,,,
0.0,0.0,0.2791772186756134,,,
0.0,0.0,0.41418564319610596,,,
1.0,0.0,0.4925263822078705,,,
0.0,0.0,0.23593100905418396,,,
0.0,0.0,0.44429340958595276,,,
0.0,0.0,0.36973726749420166,,,
0.0,0.0,0.31195947527885437,,,
1.0,1.0,0.5674511194229126,,,
0.0,0.0,0.23880624771118164,,,
0.0,0.0,0.18591473996639252,,,
1.0,1.0,0.7824912071228027,,,
0.0,0.0,0.4083687663078308,,,
1.0,1.0,0.507009744644165,,,
1.0,1.0,0.5184174180030823,,,
0.0,0.0,0.37800413370132446,,,
0.0,0.0,0.2668735980987549,,,
0.0,0.0,0.2211153507232666,,,
0.0,0.0,0.31749776005744934,,,
0.0,0.0,0.2567843198776245,,,
0.0,0.0,0.22136317193508148,,,
1.0,0.0,0.3269311189651489,,,
0.0,0.0,0.19147862493991852,,,
1.0,0.0,0.42170634865760803,,,
1.0,1.0,0.8517657518386841,,,
1.0,1.0,0.720615565776825,,,
0.0,0.0,0.3890387713909149,,,
1.0,1.0,0.6825404167175293,,,
0.0,0.0,0.21925672888755798,,,
0.0,0.0,0.3810722529888153,,,
1.0,0.0,0.40700578689575195,,,
1.0,1.0,0.5088099241256714,,,
1.0,1.0,0.611388087272644,,,
1.0,1.0,0.717790424823761,,,
0.0,0.0,0.2511909306049347,,,
1.0,1.0,0.8366743326187134,,,
1.0,1.0,0.6342332363128662,,,
1.0,1.0,0.9125813245773315,,,
0.0,0.0,0.4370139241218567,,,
1.0,1.0,0.766168475151062,,,
1.0,1.0,0.8922879695892334,,,
0.0,0.0,0.2514997124671936,,,
0.0,0.0,0.434955894947052,,,
0.0,0.0,0.43086859583854675,,,
1.0,1.0,0.5361032485961914,,,
1.0,1.0,0.5376306772232056,,,
1.0,1.0,0.6550828814506531,,,
1.0,0.0,0.4601745307445526,,,
0.0,0.0,0.2820097804069519,,,
0.0,0.0,0.2510799169540405,,,
0.0,0.0,0.3615582287311554,,,
0.0,0.0,0.24826082587242126,,,
0.0,1.0,0.5155982375144958,,,
1.0,0.0,0.4819304645061493,,,
0.0,0.0,0.27083852887153625,,,
1.0,0.0,0.448685884475708,,,
1.0,0.0,0.4009151756763458,,,
0.0,0.0,0.3759772777557373,,,
1.0,1.0,0.5237986445426941,,,
0.0,0.0,0.3713884651660919,,,
1.0,1.0,0.758758008480072,,,
1.0,0.0,0.46683773398399353,,,
1.0,0.0,0.3608788847923279,,,
0.0,0.0,0.3039214015007019,,,
0.0,0.0,0.32049649953842163,,,
0.0,0.0,0.49487578868865967,,,
0.0,0.0,0.26296573877334595,,,
1.0,0.0,0.394875168800354,,,
0.0,0.0,0.4966636896133423,,,
1.0,1.0,0.5152725577354431,,,
0.0,1.0,0.5479263663291931,,,
1.0,0.0,0.34528738260269165,,,
0.0,0.0,0.488190233707428,,,
1.0,1.0,0.5948352217674255,,,
1.0,1.0,0.5388420224189758,,,
1.0,1.0,0.5603135228157043,,,
1.0,1.0,0.7616029977798462,,,
1.0,0.0,0.43395891785621643,,,
0.0,1.0,0.6056228280067444,,,
1.0,1.0,0.7083212733268738,,,
1.0,1.0,0.5497834086418152,,,
0.0,0.0,0.4920177161693573,,,
1.0,0.0,0.49435481429100037,,,
0.0,0.0,0.343066930770874,,,
1.0,1.0,0.6977125406265259,,,
1.0,1.0,0.5124738216400146,,,
0.0,0.0,0.3475003242492676,,,
1.0,1.0,0.6852374076843262,,,
1.0,1.0,0.8539716601371765,,,
0.0,0.0,0.3457353413105011,,,
1.0,0.0,0.4331396222114563,,,
1.0,1.0,0.7696272730827332,,,
1.0,1.0,0.5085968971252441,,,
1.0,1.0,0.7559267282485962,,,
1.0,1.0,0.6559990048408508,,,
0.0,0.0,0.4239884316921234,,,
1.0,1.0,0.7891183495521545,,,
0.0,0.0,0.3491540849208832,,,
1.0,0.0,0.4947490692138672,,,
1.0,0.0,0.33110150694847107,,,
0.0,0.0,0.40656110644340515,,,
0.0,0.0,0.29426348209381104,,,
0.0,0.0,0.20927120745182037,,,
0.0,0.0,0.37926185131073,,,
1.0,1.0,0.5590518712997437,,,
1.0,1.0,0.9098036289215088,,,
0.0,0.0,0.29344579577445984,,,
1.0,1.0,0.7463924884796143,,,
1.0,1.0,0.5553627014160156,,,
1.0,0.0,0.45857852697372437,,,
0.0,0.0,0.3650497794151306,,,
0.0,0.0,0.44100478291511536,,,
0.0,0.0,0.4755857586860657,,,
0.0,0.0,0.3063546419143677,,,
0.0,0.0,0.36956995725631714,,,
0.0,0.0,0.47510120272636414,,,
0.0,1.0,0.7969146370887756,,,
1.0,1.0,0.7318691611289978,,,
0.0,0.0,0.3617144525051117,,,
1.0,0.0,0.37236806750297546,,,
0.0,0.0,0.25153934955596924,,,
1.0,1.0,0.6862460374832153,,,
0.0,0.0,0.3822948932647705,,,
1.0,0.0,0.46683409810066223,,,
1.0,1.0,0.8797694444656372,,,
0.0,0.0,0.34698694944381714,,,
0.0,0.0,0.36637604236602783,,,
0.0,0.0,0.2993070185184479,,,
0.0,0.0,0.33574846386909485,,,
1.0,0.0,0.4424484372138977,,,
0.0,0.0,0.4643380045890808,,,
0.0,0.0,0.2568260431289673,,,
0.0,0.0,0.37946560978889465,,,
1.0,1.0,0.5780509114265442,,,
1.0,1.0,0.7721566557884216,,,
1.0,1.0,0.6089451313018799,,,
1.0,1.0,0.8092453479766846,,,
1.0,1.0,0.8150472640991211,,,
1.0,1.0,0.8505862355232239,,,
1.0,1.0,0.7418739795684814,,,
1.0,1.0,0.6148039102554321,,,
0.0,0.0,0.2135760635137558,,,
1.0,1.0,0.6409226059913635,,,
1.0,1.0,0.7508214712142944,,,
0.0,0.0,0.3942404091358185,,,
1.0,1.0,0.5687575936317444,,,
0.0,0.0,0.33765724301338196,,,
0.0,0.0,0.29414764046669006,,,
0.0,0.0,0.28151437640190125,,,
0.0,0.0,0.4496789574623108,,,
0.0,0.0,0.4646590054035187,,,
1.0,0.0,0.3734053671360016,,,
0.0,0.0,0.3601648509502411,,,
1.0,1.0,0.6437952518463135,,,
0.0,0.0,0.3719731569290161,,,
1.0,0.0,0.36660730838775635,,,
1.0,1.0,0.6899662017822266,,,
1.0,1.0,0.5892726182937622,,,
1.0,1.0,0.6546093225479126,,,
0.0,0.0,0.2583986222743988,,,
1.0,0.0,0.2611865699291229,,,
1.0,1.0,0.7386576533317566,,,
1.0,1.0,0.6317448616027832,,,
1.0,0.0,0.49031487107276917,,,
1.0,1.0,0.7806743383407593,,,
0.0,0.0,0.46751412749290466,,,
1.0,0.0,0.49979278445243835,,,
1.0,0.0,0.45308947563171387,,,
0.0,0.0,0.3054859936237335,,,
1.0,1.0,0.7214263677597046,,,
0.0,0.0,0.2597488462924957,,,
1.0,1.0,0.817594051361084,,,
0.0,0.0,0.46775099635124207,,,
0.0,0.0,0.22476065158843994,,,
0.0,1.0,0.5394389629364014,,,
0.0,0.0,0.3495146632194519,,,
0.0,0.0,0.47398504614830017,,,
0.0,0.0,0.22128334641456604,,,
0.0,0.0,0.45494648814201355,,,
1.0,1.0,0.8517698645591736,,,
0.0,0.0,0.21000109612941742,,,
1.0,1.0,0.5599800944328308,,,
1.0,1.0,0.7131348252296448,,,
0.0,0.0,0.30035343766212463,,,
1.0,1.0,0.6457270383834839,,,
0.0,0.0,0.27860018610954285,,,
1.0,1.0,0.5331488847732544,,,
0.0,0.0,0.4318837821483612,,,
0.0,0.0,0.34286022186279297,,,
1.0,0.0,0.3628336191177368,,,
1.0,0.0,0.41209933161735535,,,
1.0,1.0,0.652103066444397,,,
0.0,0.0,0.3023180067539215,,,
1.0,1.0,0.6054778099060059,,,
1.0,0.0,0.4444635212421417,,,
1.0,1.0,0.7363347411155701,,,
1.0,1.0,0.7404779195785522,,,
0.0,0.0,0.377370685338974,,,
0.0,0.0,0.2178853154182434,,,
1.0,1.0,0.8038412928581238,,,
0.0,0.0,0.23337577283382416,,,
0.0,0.0,0.46576693654060364,,,
1.0,0.0,0.46143054962158203,,,
0.0,0.0,0.2720242738723755,,,
1.0,1.0,0.5726228952407837,,,
0.0,1.0,0.5325372815132141,,,
0.0,0.0,0.23085983097553253,,,
0.0,0.0,0.23275569081306458,,,
0.0,0.0,0.1718505620956421,,,
1.0,0.0,0.348163366317749,,,
1.0,1.0,0.7714671492576599,,,
0.0,0.0,0.37792491912841797,,,
0.0,0.0,0.2393481731414795,,,
0.0,0.0,0.38086313009262085,,,
1.0,1.0,0.851263701915741,,,
0.0,0.0,0.4475017786026001,,,
0.0,0.0,0.4500170648097992,,,
1.0,0.0,0.3023674786090851,,,
1.0,1.0,0.5070269107818604,,,
0.0,1.0,0.6137689352035522,,,
0.0,0.0,0.32302939891815186,,,
1.0,1.0,0.904326319694519,,,
1.0,1.0,0.5983338952064514,,,
0.0,1.0,0.5476061105728149,,,
0.0,1.0,0.5221583843231201,,,
0.0,0.0,0.3691060543060303,,,
0.0,0.0,0.41564470529556274,,,
0.0,0.0,0.22519060969352722,,,
0.0,0.0,0.444886177778244,,,
1.0,1.0,0.5563715696334839,,,
0.0,0.0,0.30290234088897705,,,
1.0,1.0,0.5247108340263367,,,
1.0,0.0,0.41023924946784973,,,
0.0,0.0,0.37475889921188354,,,
0.0,0.0,0.2139541506767273,,,
0.0,0.0,0.31589099764823914,,,
1.0,1.0,0.8569372296333313,,,
0.0,0.0,0.300504207611084,,,
1.0,1.0,0.600939929485321,,,
1.0,0.0,0.43112558126449585,,,
1.0,1.0,0.5020164251327515,,,
1.0,1.0,0.582368791103363,,,
1.0,1.0,0.6842466592788696,,,
1.0,0.0,0.3876168727874756,,,
0.0,1.0,0.522610068321228,,,
1.0,1.0,0.6513575315475464,,,
0.0,0.0,0.3544990122318268,,,
1.0,1.0,0.7528170347213745,,,
0.0,1.0,0.5329895615577698,,,
1.0,1.0,0.7278679013252258,,,
0.0,0.0,0.23409533500671387,,,
0.0,0.0,0.23265136778354645,,,
1.0,1.0,0.9090141654014587,,,
1.0,0.0,0.414781391620636,,,
0.0,0.0,0.39373353123664856,,,
0.0,0.0,0.36673444509506226,,,
1.0,0.0,0.33620181679725647,,,
0.0,0.0,0.3466361165046692,,,
0.0,0.0,0.3780783712863922,,,
0.0,0.0,0.387100487947464,,,
0.0,0.0,0.48635610938072205,,,
1.0,1.0,0.7037985920906067,,,
0.0,0.0,0.4418121576309204,,,
1.0,0.0,0.29836612939834595,,,
0.0,1.0,0.5265046954154968,,,
0.0,0.0,0.4267592132091522,,,
0.0,0.0,0.28362974524497986,,,
0.0,0.0,0.23558774590492249,,,
0.0,1.0,0.614192008972168,,,
1.0,0.0,0.2607870101928711,,,
1.0,1.0,0.5875594019889832,,,
0.0,0.0,0.29223281145095825,,,
0.0,0.0,0.3526400029659271,,,
1.0,0.0,0.3753947913646698,,,
0.0,0.0,0.2966926395893097,,,
1.0,0.0,0.4088033139705658,,,
0.0,0.0,0.21312768757343292,,,
1.0,0.0,0.46400392055511475,,,
1.0,1.0,0.5099552273750305,,,
1.0,1.0,0.7363347411155701,,,
1.0,0.0,0.45066121220588684,,,
0.0,0.0,0.4397403299808502,,,
1.0,1.0,0.8540628552436829,,,
1.0,1.0,0.8268805146217346,,,
1.0,1.0,0.6701700091362,,,
0.0,1.0,0.6143231987953186,,,
0.0,0.0,0.27851441502571106,,,
1.0,1.0,0.6958827972412109,,,
1.0,1.0,0.5343760251998901,,,
1.0,1.0,0.5106337070465088,,,
0.0,0.0,0.354892760515213,,,
1.0,1.0,0.7225183248519897,,,
0.0,1.0,0.5574188828468323,,,
0.0,1.0,0.5220183730125427,,,
0.0,0.0,0.2997516393661499,,,
0.0,0.0,0.4009151756763458,,,
0.0,1.0,0.502927839756012,,,
0.0,0.0,0.30713146924972534,,,
0.0,0.0,0.2054981291294098,,,
0.0,0.0,0.2966148853302002,,,
0.0,0.0,0.484274685382843,,,
0.0,0.0,0.40812814235687256,,,
0.0,1.0,0.6052923202514648,,,
0.0,0.0,0.2140156775712967,,,
1.0,0.0,0.4851936399936676,,,
0.0,0.0,0.3594989776611328,,,
1.0,1.0,0.5526758432388306,,,
0.0,0.0,0.4579069912433624,,,
0.0,0.0,0.34132155776023865,,,
0.0,0.0,0.42203307151794434,,,
0.0,0.0,0.2968229353427887,,,
1.0,1.0,0.6020955443382263,,,
0.0,0.0,0.42688000202178955,,,
1.0,1.0,0.6958662867546082,,,
0.0,0.0,0.4038134515285492,,,
1.0,1.0,0.6714004278182983,,,
0.0,0.0,0.4621380567550659,,,
0.0,0.0,0.34955671429634094,,,
0.0,0.0,0.3312337398529053,,,
0.0,0.0,0.27357447147369385,,,
0.0,0.0,0.3161037266254425,,,
0.0,0.0,0.32029420137405396,,,
1.0,1.0,0.5387787818908691,,,
1.0,0.0,0.4302505552768707,,,
0.0,0.0,0.4134956896305084,,,
0.0,0.0,0.34450945258140564,,,
1.0,1.0,0.7271988987922668,,,
0.0,0.0,0.3367427587509155,,,
0.0,0.0,0.3000134229660034,,,
0.0,0.0,0.20138007402420044,,,
1.0,0.0,0.4268878400325775,,,
1.0,1.0,0.6199908256530762,,,
1.0,1.0,0.8414599299430847,,,
1.0,1.0,0.663450300693512,,,
0.0,0.0,0.46028897166252136,,,
0.0,0.0,0.4017040431499481,,,
0.0,0.0,0.19076573848724365,,,
1.0,1.0,0.6863436102867126,,,
0.0,0.0,0.44155067205429077,,,
1.0,0.0,0.4075675308704376,,,
0.0,0.0,0.21303872764110565,,,
1.0,0.0,0.38195914030075073,,,
1.0,1.0,0.8390010595321655,,,
1.0,1.0,0.8852787017822266,,,
0.0,0.0,0.38538360595703125,,,
0.0,0.0,0.3592910170555115,,,
0.0,0.0,0.4413205683231354,,,
1.0,1.0,0.5356510877609253,,,
1.0,1.0,0.7185861468315125,,,
1.0,0.0,0.4422597587108612,,,
0.0,0.0,0.29726511240005493,,,
0.0,0.0,0.35886216163635254,,,
0.0,0.0,0.3583175539970398,,,
0.0,1.0,0.6064766049385071,,,
0.0,0.0,0.34774523973464966,,,
1.0,1.0,0.5435367226600647,,,
0.0,0.0,0.1615736186504364,,,
0.0,0.0,0.301287442445755,,,
1.0,1.0,0.8900112509727478,,,
0.0,0.0,0.24502158164978027,,,
1.0,1.0,0.6409457921981812,,,
1.0,0.0,0.44481518864631653,,,
1.0,1.0,0.7080683708190918,,,
0.0,0.0,0.3549882769584656,,,
0.0,0.0,0.35491812229156494,,,
1.0,1.0,0.536740779876709,,,
0.0,0.0,0.4132019579410553,,,
0.0,0.0,0.45703715085983276,,,
1.0,0.0,0.4040638208389282,,,
1.0,1.0,0.6872816681861877,,,
1.0,1.0,0.889880895614624,,,
0.0,0.0,0.2863667905330658,,,
0.0,0.0,0.3795432448387146,,,
1.0,0.0,0.48688116669654846,,,
1.0,0.0,0.3878938555717468,,,
1.0,0.0,0.48209378123283386,,,
1.0,1.0,0.7931123971939087,,,
1.0,1.0,0.5095951557159424,,,
1.0,1.0,0.747305154800415,,,
1.0,0.0,0.41209933161735535,,,
1.0,1.0,0.5375654101371765,,,
1.0,1.0,0.8151508569717407,,,
0.0,0.0,0.3705609142780304,,,
0.0,0.0,0.25349244475364685,,,
0.0,0.0,0.30910682678222656,,,
0.0,0.0,0.3594581186771393,,,
0.0,1.0,0.5262797474861145,,,
0.0,1.0,0.541979968547821,,,
1.0,0.0,0.47310298681259155,,,
1.0,0.0,0.35132959485054016,,,
0.0,0.0,0.4146547317504883,,,
0.0,0.0,0.37087342143058777,,,
0.0,0.0,0.3561277985572815,,,
1.0,0.0,0.3717493712902069,,,
1.0,1.0,0.9248232245445251,,,
0.0,0.0,0.3570694923400879,,,
1.0,1.0,0.7944077253341675,,,
1.0,1.0,0.7008125185966492,,,
1.0,0.0,0.3963969647884369,,,
0.0,0.0,0.49517831206321716,,,
1.0,1.0,0.5752004384994507,,,
1.0,1.0,0.7754663228988647,,,
0.0,0.0,0.3373592495918274,,,
1.0,1.0,0.5092386603355408,,,
1.0,1.0,0.8296541571617126,,,
0.0,0.0,0.47335949540138245,,,
1.0,0.0,0.4638608992099762,,,
1.0,1.0,0.8519103527069092,,,
0.0,0.0,0.35675108432769775,,,
0.0,0.0,0.3912753164768219,,,
1.0,0.0,0.35877725481987,,,
1.0,1.0,0.6199829578399658,,,
1.0,1.0,0.5620279312133789,,,
1.0,1.0,0.5793799161911011,,,
0.0,0.0,0.35793739557266235,,,
0.0,0.0,0.3437723219394684,,,
0.0,1.0,0.5913868546485901,,,
1.0,0.0,0.3851204216480255,,,
0.0,0.0,0.276076078414917,,,
1.0,1.0,0.5367513298988342,,,
1.0,0.0,0.47691962122917175,,,
0.0,0.0,0.259149968624115,,,
0.0,0.0,0.44770556688308716,,,
1.0,0.0,0.42505931854248047,,,
0.0,0.0,0.1700267791748047,,,
0.0,0.0,0.18061016499996185,,,
0.0,1.0,0.6595069766044617,,,
1.0,1.0,0.868527352809906,,,
0.0,0.0,0.4083940386772156,,,
1.0,1.0,0.7123834490776062,,,
0.0,0.0,0.24573826789855957,,,
1.0,0.0,0.49536043405532837,,,
1.0,0.0,0.4268399178981781,,,
1.0,1.0,0.6335135698318481,,,
0.0,0.0,0.4232598841190338,,,
1.0,1.0,0.6262588500976562,,,
1.0,1.0,0.594880223274231,,,
0.0,1.0,0.5230051875114441,,,
0.0,0.0,0.28846773505210876,,,
0.0,0.0,0.3064788579940796,,,
1.0,0.0,0.4674631655216217,,,
1.0,0.0,0.4136444926261902,,,
1.0,1.0,0.5201625823974609,,,
1.0,1.0,0.6247913241386414,,,
0.0,0.0,0.4880911707878113,,,
1.0,1.0,0.840283215045929,,,
1.0,1.0,0.6727212071418762,,,
0.0,0.0,0.4359270930290222,,,
1.0,0.0,0.3489970564842224,,,
0.0,0.0,0.3435642421245575,,,
0.0,0.0,0.2771036922931671,,,
1.0,1.0,0.5449885129928589,,,
0.0,0.0,0.36164772510528564,,,
0.0,0.0,0.390638530254364,,,
1.0,1.0,0.6530435085296631,,,
0.0,0.0,0.4747675955295563,,,
1.0,1.0,0.8270003199577332,,,
1.0,0.0,0.43068328499794006,,,
0.0,0.0,0.35604503750801086,,,
0.0,0.0,0.4308593273162842,,,
1.0,1.0,0.741813600063324,,,
0.0,0.0,0.31495267152786255,,,
0.0,1.0,0.5130413770675659,,,
1.0,1.0,0.7146795392036438,,,
0.0,0.0,0.20753401517868042,,,
1.0,1.0,0.7459474802017212,,,
0.0,0.0,0.20176753401756287,,,
0.0,0.0,0.24549685418605804,,,
0.0,0.0,0.3464653491973877,,,
0.0,0.0,0.42232540249824524,,,
1.0,0.0,0.4936511516571045,,,
0.0,0.0,0.1743537038564682,,,
1.0,1.0,0.5962590575218201,,,
1.0,1.0,0.7903988361358643,,,
1.0,1.0,0.6566953659057617,,,
1.0,1.0,0.7447524666786194,,,
1.0,0.0,0.38679617643356323,,,
0.0,0.0,0.18595881760120392,,,
0.0,0.0,0.19062575697898865,,,
1.0,0.0,0.3416440188884735,,,
0.0,1.0,0.502068042755127,,,
1.0,0.0,0.3808087706565857,,,
0.0,0.0,0.4580782353878021,,,
0.0,0.0,0.3804371654987335,,,
1.0,1.0,0.9100568294525146,,,
0.0,1.0,0.5546928644180298,,,
0.0,0.0,0.46799153089523315,,,
1.0,1.0,0.7363347411155701,,,
0.0,0.0,0.25492578744888306,,,
1.0,1.0,0.5518018007278442,,,
1.0,1.0,0.7496991753578186,,,
1.0,1.0,0.753523051738739,,,
1.0,0.0,0.40348103642463684,,,
0.0,1.0,0.5451716780662537,,,
0.0,0.0,0.21745066344738007,,,
1.0,0.0,0.3763057589530945,,,
1.0,1.0,0.5107438564300537,,,
1.0,1.0,0.5380043387413025,,,
0.0,0.0,0.47077372670173645,,,
1.0,1.0,0.5587388873100281,,,
0.0,0.0,0.4736972451210022,,,
1.0,0.0,0.496864378452301,,,
0.0,0.0,0.271807998418808,,,
1.0,1.0,0.6808320879936218,,,
0.0,0.0,0.25013798475265503,,,
0.0,0.0,0.26405981183052063,,,
0.0,0.0,0.21441084146499634,,,
0.0,0.0,0.35928472876548767,,,
1.0,1.0,0.7806743383407593,,,
0.0,0.0,0.36165526509284973,,,
1.0,0.0,0.4842710494995117,,,
1.0,1.0,0.6977627277374268,,,
1.0,1.0,0.5187050104141235,,,
0.0,0.0,0.37922531366348267,,,
0.0,0.0,0.4352707266807556,,,
1.0,0.0,0.4951729476451874,,,
0.0,0.0,0.42521920800209045,,,
1.0,0.0,0.4650004506111145,,,
1.0,1.0,0.5504376888275146,,,
1.0,1.0,0.5836637020111084,,,
0.0,0.0,0.3645576238632202,,,
0.0,0.0,0.2668202519416809,,,
1.0,1.0,0.6168612837791443,,,
0.0,0.0,0.4703351557254791,,,
0.0,0.0,0.3917129933834076,,,
0.0,0.0,0.22181859612464905,,,
1.0,0.0,0.47376155853271484,,,
1.0,1.0,0.7094141840934753,,,
1.0,1.0,0.5630877017974854,,,
0.0,0.0,0.38587552309036255,,,
0.0,0.0,0.2805861532688141,,,
0.0,0.0,0.4137924015522003,,,
1.0,0.0,0.4829992949962616,,,
1.0,0.0,0.4673461318016052,,,
1.0,1.0,0.6057063341140747,,,
0.0,0.0,0.3894738256931305,,,
0.0,0.0,0.26585593819618225,,,
1.0,1.0,0.6376419067382812,,,
1.0,1.0,0.5681716799736023,,,
1.0,1.0,0.6271770000457764,,,
1.0,1.0,0.5905072689056396,,,
0.0,1.0,0.5083723068237305,,,
0.0,0.0,0.4550127685070038,,,
1.0,0.0,0.37973254919052124,,,
0.0,0.0,0.2331947386264801,,,
0.0,0.0,0.2504130005836487,,,
0.0,0.0,0.33365175127983093,,,
0.0,0.0,0.45240452885627747,,,
0.0,0.0,0.40919023752212524,,,
1.0,0.0,0.4898574650287628,,,
1.0,1.0,0.5000895857810974,,,
1.0,1.0,0.7720568180084229,,,
0.0,0.0,0.3012959063053131,,,
0.0,1.0,0.5393929481506348,,,
0.0,0.0,0.21390783786773682,,,
0.0,0.0,0.40154165029525757,,,
0.0,0.0,0.43220409750938416,,,
0.0,0.0,0.49690374732017517,,,
0.0,0.0,0.19147862493991852,,,
1.0,1.0,0.7494522929191589,,,
1.0,1.0,0.5160516500473022,,,
1.0,0.0,0.4984593391418457,,,
1.0,0.0,0.4388520121574402,,,
0.0,1.0,0.5351335406303406,,,
0.0,0.0,0.3219930827617645,,,
1.0,0.0,0.4661620259284973,,,
0.0,0.0,0.22056333720684052,,,
1.0,0.0,0.4874383807182312,,,
1.0,0.0,0.4685322046279907,,,
0.0,0.0,0.4325183928012848,,,
1.0,0.0,0.4090946316719055,,,
0.0,0.0,0.47045332193374634,,,
1.0,1.0,0.618607223033905,,,
0.0,1.0,0.5666250586509705,,,
1.0,1.0,0.5693061947822571,,,
0.0,1.0,0.6577445864677429,,,
1.0,1.0,0.5327666997909546,,,
1.0,1.0,0.7493176460266113,,,
0.0,0.0,0.455910325050354,,,
1.0,0.0,0.4981539249420166,,,
0.0,0.0,0.3659919500350952,,,
1.0,1.0,0.5337136387825012,,,
0.0,0.0,0.3541477918624878,,,
0.0,0.0,0.3722556233406067,,,
0.0,0.0,0.3664599061012268,,,
0.0,0.0,0.281817764043808,,,
1.0,1.0,0.6002292037010193,,,
0.0,0.0,0.4971831738948822,,,
1.0,1.0,0.745898425579071,,,
0.0,1.0,0.503134548664093,,,
1.0,0.0,0.4868788421154022,,,
0.0,0.0,0.17587314546108246,,,
1.0,1.0,0.8061388731002808,,,
0.0,0.0,0.272186279296875,,,
0.0,0.0,0.31331977248191833,,,
0.0,0.0,0.41105905175209045,,,
1.0,0.0,0.49091917276382446,,,
0.0,0.0,0.38368555903434753,,,
0.0,0.0,0.3484814763069153,,,
0.0,0.0,0.4496789574623108,,,
0.0,0.0,0.22161756455898285,,,
0.0,0.0,0.1647721230983734,,,
1.0,1.0,0.9463822245597839,,,
0.0,0.0,0.42376041412353516,,,
0.0,0.0,0.408443421125412,,,
1.0,1.0,0.6821849942207336,,,
0.0,0.0,0.3665071427822113,,,
0.0,0.0,0.3694853186607361,,,
1.0,1.0,0.8006995916366577,,,
1.0,0.0,0.37913089990615845,,,
1.0,0.0,0.44709789752960205,,,
0.0,0.0,0.1952590048313141,,,
0.0,0.0,0.22790047526359558,,,
0.0,0.0,0.23275569081306458,,,
1.0,0.0,0.47289058566093445,,,
1.0,1.0,0.7494522929191589,,,
0.0,1.0,0.5754027366638184,,,
0.0,0.0,0.4823981821537018,,,
1.0,1.0,0.6412488222122192,,,
1.0,1.0,0.8595277070999146,,,
1.0,1.0,0.5083540081977844,,,
0.0,0.0,0.4422597587108612,,,
1.0,1.0,0.7575746774673462,,,
0.0,0.0,0.4459046423435211,,,
1.0,0.0,0.3966025114059448,,,
1.0,0.0,0.37518423795700073,,,
0.0,0.0,0.45732489228248596,,,
0.0,0.0,0.4997040033340454,,,
1.0,0.0,0.4861653447151184,,,
0.0,1.0,0.5341404676437378,,,
0.0,0.0,0.41157588362693787,,,
0.0,0.0,0.36926570534706116,,,
0.0,0.0,0.3086039125919342,,,
0.0,0.0,0.3089006841182709,,,
0.0,0.0,0.3653077185153961,,,
1.0,0.0,0.3076782822608948,,,
1.0,0.0,0.4111526608467102,,,
1.0,1.0,0.6708089113235474,,,
0.0,1.0,0.6076636910438538,,,
0.0,0.0,0.2713641822338104,,,
0.0,0.0,0.36013028025627136,,,
0.0,0.0,0.3558919429779053,,,
1.0,1.0,0.7497674226760864,,,
0.0,0.0,0.40165069699287415,,,
0.0,0.0,0.31337669491767883,,,
0.0,1.0,0.5696461200714111,,,
0.0,0.0,0.280493825674057,,,
0.0,0.0,0.3627327084541321,,,
0.0,1.0,0.7697017192840576,,,
0.0,0.0,0.3347682058811188,,,
1.0,1.0,0.7559673190116882,,,
0.0,0.0,0.2925792336463928,,,
1.0,0.0,0.45094573497772217,,,
0.0,0.0,0.23934298753738403,,,
1.0,1.0,0.5070143938064575,,,
1.0,1.0,0.7037985920906067,,,
1.0,1.0,0.8746081590652466,,,
0.0,0.0,0.27851441502571106,,,
0.0,0.0,0.38873904943466187,,,
1.0,0.0,0.42829185724258423,,,
1.0,0.0,0.4628538191318512,,,
1.0,0.0,0.23449300229549408,,,
1.0,0.0,0.40767186880111694,,,
1.0,0.0,0.4998798668384552,,,
1.0,0.0,0.4958667755126953,,,
1.0,1.0,0.7674652934074402,,,
0.0,0.0,0.3410763740539551,,,
0.0,0.0,0.2945592403411865,,,
0.0,0.0,0.336887925863266,,,
0.0,0.0,0.3787913918495178,,,
1.0,0.0,0.4267621636390686,,,
1.0,0.0,0.46519002318382263,,,
1.0,1.0,0.6647995114326477,,,
0.0,0.0,0.3995300531387329,,,
1.0,1.0,0.7728326320648193,,,
1.0,0.0,0.47221463918685913,,,
0.0,0.0,0.3271617889404297,,,
0.0,0.0,0.21790620684623718,,,
1.0,1.0,0.6942548155784607,,,
1.0,1.0,0.6029818654060364,,,
0.0,1.0,0.6521021127700806,,,
1.0,1.0,0.6267952919006348,,,
0.0,1.0,0.5235759019851685,,,
0.0,0.0,0.30183860659599304,,,
0.0,0.0,0.38993045687675476,,,
1.0,1.0,0.6602552533149719,,,
1.0,0.0,0.3764025568962097,,,
0.0,0.0,0.2526402473449707,,,
1.0,1.0,0.6198835372924805,,,
0.0,0.0,0.3187800943851471,,,
0.0,0.0,0.2540535628795624,,,
0.0,0.0,0.3244935870170593,,,
1.0,1.0,0.7434542775154114,,,
0.0,0.0,0.4533563256263733,,,
0.0,0.0,0.3111506700515747,,,
0.0,0.0,0.30715882778167725,,,
0.0,0.0,0.3076627552509308,,,
0.0,0.0,0.38398411870002747,,,
0.0,0.0,0.49910444021224976,,,
0.0,0.0,0.47910284996032715,,,
1.0,1.0,0.834944486618042,,,
0.0,0.0,0.3813325762748718,,,
1.0,0.0,0.4630811810493469,,,
1.0,1.0,0.6224415898323059,,,
1.0,1.0,0.56059730052948,,,
0.0,0.0,0.22872579097747803,,,
1.0,1.0,0.5026769042015076,,,
1.0,1.0,0.6903265714645386,,,
0.0,0.0,0.4160776138305664,,,
0.0,1.0,0.5465757250785828,,,
1.0,1.0,0.6988657712936401,,,
0.0,0.0,0.43223732709884644,,,
1.0,1.0,0.8395601511001587,,,
0.0,0.0,0.3763057589530945,,,
0.0,0.0,0.3204284906387329,,,
0.0,0.0,0.4255236089229584,,,
0.0,0.0,0.39169618487358093,,,
1.0,1.0,0.5135148763656616,,,
0.0,0.0,0.34310129284858704,,,
1.0,0.0,0.4210818111896515,,,
0.0,0.0,0.49753257632255554,,,
0.0,0.0,0.4682486951351166,,,
0.0,0.0,0.2648769021034241,,,
0.0,1.0,0.5522916316986084,,,
1.0,0.0,0.3091919720172882,,,
0.0,0.0,0.441694438457489,,,
1.0,1.0,0.5069161653518677,,,
0.0,0.0,0.3801599442958832,,,
0.0,0.0,0.4449627101421356,,,
0.0,0.0,0.4260862171649933,,,
0.0,0.0,0.2932978570461273,,,
1.0,1.0,0.6674385070800781,,,
1.0,0.0,0.4443835914134979,,,
0.0,0.0,0.3670063316822052,,,
0.0,0.0,0.2658425569534302,,,
0.0,0.0,0.3617144525051117,,,
0.0,0.0,0.48688846826553345,,,
0.0,0.0,0.3014642894268036,,,
1.0,1.0,0.6936743259429932,,,
0.0,0.0,0.3181212842464447,,,
1.0,0.0,0.4889514744281769,,,
1.0,0.0,0.4029247462749481,,,
0.0,0.0,0.4882800281047821,,,
1.0,0.0,0.37784916162490845,,,
0.0,0.0,0.4862099885940552,,,
1.0,1.0,0.7517715692520142,,,
1.0,1.0,0.7278169989585876,,,
1.0,1.0,0.7714869976043701,,,
0.0,0.0,0.39697036147117615,,,
0.0,0.0,0.4064296782016754,,,
1.0,0.0,0.3425714075565338,,,
0.0,0.0,0.3401344120502472,,,
0.0,0.0,0.3589034676551819,,,
0.0,0.0,0.3742002844810486,,,
1.0,1.0,0.5666660666465759,,,
0.0,0.0,0.2890879511833191,,,
0.0,0.0,0.36256396770477295,,,
0.0,0.0,0.2909862995147705,,,
0.0,0.0,0.2741740345954895,,,
1.0,1.0,0.5451716780662537,,,
0.0,0.0,0.25312456488609314,,,
0.0,0.0,0.3534383177757263,,,
0.0,1.0,0.7140259742736816,,,
1.0,1.0,0.8292773962020874,,,
0.0,0.0,0.48578864336013794,,,
0.0,0.0,0.4939817190170288,,,
1.0,1.0,0.5103805661201477,,,
1.0,0.0,0.4933536648750305,,,
0.0,0.0,0.27706247568130493,,,
0.0,0.0,0.4183787703514099,,,
1.0,1.0,0.6216555833816528,,,
1.0,1.0,0.5855926871299744,,,
0.0,0.0,0.27480199933052063,,,
1.0,0.0,0.3757665455341339,,,
1.0,1.0,0.7363347411155701,,,
0.0,0.0,0.30479511618614197,,,
0.0,0.0,0.26319921016693115,,,
1.0,1.0,0.8806599974632263,,,
0.0,0.0,0.281808465719223,,,
0.0,0.0,0.3963577151298523,,,
0.0,0.0,0.3910561203956604,,,
1.0,1.0,0.7141484618186951,,,
1.0,1.0,0.528229832649231,,,
0.0,0.0,0.30642256140708923,,,
0.0,0.0,0.48403704166412354,,,
1.0,1.0,0.633996307849884,,,
1.0,1.0,0.7344179749488831,,,
1.0,0.0,0.43276989459991455,,,
0.0,0.0,0.47013112902641296,,,
1.0,1.0,0.5733739137649536,,,
0.0,0.0,0.28739261627197266,,,
1.0,1.0,0.6005455851554871,,,
0.0,0.0,0.25947436690330505,,,
1.0,1.0,0.7063968777656555,,,
1.0,1.0,0.7460397481918335,,,
1.0,1.0,0.5536922216415405,,,
1.0,1.0,0.8969974517822266,,,
1.0,1.0,0.563421905040741,,,
1.0,1.0,0.545505702495575,,,
0.0,1.0,0.5192860960960388,,,
1.0,1.0,0.6734479665756226,,,
0.0,0.0,0.23207268118858337,,,
0.0,0.0,0.41258764266967773,,,
0.0,0.0,0.2612670361995697,,,
1.0,1.0,0.5048984885215759,,,
1.0,1.0,0.8244907259941101,,,
1.0,1.0,0.5000991821289062,,,
0.0,0.0,0.41326090693473816,,,
0.0,0.0,0.335273802280426,,,
0.0,0.0,0.42260193824768066,,,
1.0,1.0,0.9038652777671814,,,
0.0,0.0,0.37955760955810547,,,
0.0,0.0,0.2879393696784973,,,
1.0,1.0,0.7404779195785522,,,
1.0,1.0,0.6346204876899719,,,
1.0,1.0,0.7405934929847717,,,
1.0,0.0,0.42034396529197693,,,
0.0,0.0,0.36928054690361023,,,
1.0,0.0,0.29469355940818787,,,
1.0,1.0,0.6777511835098267,,,
0.0,0.0,0.19768700003623962,,,
0.0,0.0,0.24086330831050873,,,
0.0,0.0,0.22474044561386108,,,
1.0,0.0,0.4080343246459961,,,
1.0,0.0,0.4957413673400879,,,
0.0,0.0,0.31610438227653503,,,
0.0,0.0,0.2718503773212433,,,
0.0,0.0,0.24956026673316956,,,
0.0,1.0,0.5025824904441833,,,
0.0,0.0,0.33306217193603516,,,
1.0,1.0,0.7750787734985352,,,
0.0,0.0,0.38098081946372986,,,
1.0,1.0,0.5666660666465759,,,
0.0,0.0,0.35258767008781433,,,
0.0,0.0,0.3358488976955414,,,
1.0,1.0,0.708336591720581,,,
1.0,0.0,0.47264906764030457,,,
0.0,1.0,0.5568170547485352,,,
0.0,0.0,0.24222342669963837,,,
1.0,1.0,0.9213781356811523,,,
0.0,1.0,0.5413849949836731,,,
0.0,0.0,0.30979639291763306,,,
0.0,0.0,0.29824286699295044,,,
0.0,0.0,0.19714559614658356,,,
0.0,0.0,0.36020153760910034,,,
0.0,0.0,0.23690558969974518,,,
1.0,1.0,0.5208362936973572,,,
0.0,0.0,0.29926374554634094,,,
1.0,1.0,0.5772492289543152,,,
0.0,0.0,0.466597318649292,,,
1.0,0.0,0.36850059032440186,,,
0.0,0.0,0.28596845269203186,,,
0.0,0.0,0.3884069323539734,,,
0.0,0.0,0.20462898910045624,,,
0.0,0.0,0.35746967792510986,,,
1.0,0.0,0.476985365152359,,,
1.0,1.0,0.5897420048713684,,,
1.0,1.0,0.5483198165893555,,,
1.0,0.0,0.4110299050807953,,,
0.0,0.0,0.22476065158843994,,,
1.0,1.0,0.7076367735862732,,,
0.0,0.0,0.27897006273269653,,,
0.0,0.0,0.33733102679252625,,,
0.0,1.0,0.6718008518218994,,,
1.0,1.0,0.6176635026931763,,,
1.0,0.0,0.37967243790626526,,,
0.0,0.0,0.3698124289512634,,,
1.0,1.0,0.5567807555198669,,,
0.0,0.0,0.32697540521621704,,,
1.0,1.0,0.6528990864753723,,,
0.0,1.0,0.5571642518043518,,,
0.0,0.0,0.45458993315696716,,,
0.0,0.0,0.3489994704723358,,,
0.0,0.0,0.3534737527370453,,,
1.0,0.0,0.45477861166000366,,,
1.0,1.0,0.5120391249656677,,,
0.0,1.0,0.6230424046516418,,,
0.0,0.0,0.4299277663230896,,,
0.0,0.0,0.3012959063053131,,,
1.0,1.0,0.7893787622451782,,,
1.0,0.0,0.44921255111694336,,,
0.0,1.0,0.5069547891616821,,,
1.0,1.0,0.8766017556190491,,,
0.0,0.0,0.4608907997608185,,,
0.0,0.0,0.3654617667198181,,,
1.0,1.0,0.5515546798706055,,,
1.0,1.0,0.643999457359314,,,
0.0,0.0,0.4999964237213135,,,
0.0,0.0,0.3235838711261749,,,
0.0,0.0,0.3758282959461212,,,
0.0,0.0,0.18307414650917053,,,
1.0,0.0,0.4976849853992462,,,
0.0,0.0,0.46174418926239014,,,
0.0,1.0,0.5217034816741943,,,
1.0,1.0,0.8902314305305481,,,
0.0,0.0,0.2655453681945801,,,
1.0,1.0,0.9030901789665222,,,
0.0,0.0,0.19631466269493103,,,
1.0,0.0,0.43016913533210754,,,
1.0,0.0,0.4356890916824341,,,
0.0,1.0,0.6148680448532104,,,
1.0,1.0,0.7875503301620483,,,
1.0,0.0,0.24439790844917297,,,
0.0,0.0,0.41358861327171326,,,
1.0,1.0,0.5610880255699158,,,
1.0,1.0,0.8407542705535889,,,
1.0,1.0,0.752698540687561,,,
1.0,0.0,0.4797273278236389,,,
1.0,1.0,0.5653742551803589,,,
0.0,0.0,0.358525812625885,,,
0.0,0.0,0.36241158843040466,,,
1.0,1.0,0.857837438583374,,,
0.0,1.0,0.6626470685005188,,,
0.0,1.0,0.5100558400154114,,,
1.0,1.0,0.5534665584564209,,,
1.0,1.0,0.7084649801254272,,,
0.0,0.0,0.33121293783187866,,,
1.0,0.0,0.3857246935367584,,,
1.0,1.0,0.6481019258499146,,,
0.0,0.0,0.4020285904407501,,,
0.0,0.0,0.43595990538597107,,,
0.0,0.0,0.3539649248123169,,,
0.0,0.0,0.1766367405653,,,
1.0,0.0,0.46751469373703003,,,
0.0,0.0,0.4940548241138458,,,
1.0,1.0,0.7636200785636902,,,
1.0,1.0,0.7792770862579346,,,
1.0,1.0,0.5025879144668579,,,
0.0,0.0,0.26179882884025574,,,
0.0,0.0,0.4693168103694916,,,
1.0,1.0,0.5416544675827026,,,
0.0,0.0,0.44823122024536133,,,
0.0,0.0,0.3165103495121002,,,
1.0,1.0,0.5802921056747437,,,
0.0,0.0,0.3701910674571991,,,
1.0,1.0,0.5035107135772705,,,
1.0,1.0,0.8695710301399231,,,
0.0,0.0,0.4027422368526459,,,
1.0,1.0,0.8841131329536438,,,
1.0,1.0,0.6065661311149597,,,
0.0,0.0,0.25554707646369934,,,
0.0,0.0,0.36368560791015625,,,
1.0,1.0,0.6025001406669617,,,
0.0,0.0,0.2135760635137558,,,
0.0,0.0,0.3105241656303406,,,
0.0,0.0,0.35841676592826843,,,
1.0,1.0,0.5534665584564209,,,
0.0,0.0,0.3889418840408325,,,
0.0,0.0,0.4548403024673462,,,
0.0,1.0,0.5773891806602478,,,
0.0,0.0,0.3769032061100006,,,
0.0,0.0,0.4036758840084076,,,
1.0,1.0,0.7297691702842712,,,
0.0,1.0,0.665270984172821,,,
1.0,0.0,0.4112442433834076,,,
1.0,1.0,0.6253815293312073,,,
0.0,0.0,0.3903439939022064,,,
0.0,0.0,0.2961728274822235,,,
0.0,0.0,0.4666481018066406,,,
0.0,0.0,0.4829789400100708,,,
0.0,0.0,0.4054238200187683,,,
0.0,0.0,0.30863916873931885,,,
0.0,0.0,0.21390783786773682,,,
1.0,1.0,0.5390294194221497,,,
0.0,0.0,0.30414018034935,,,
1.0,1.0,0.7540873289108276,,,
0.0,0.0,0.29468637704849243,,,
1.0,1.0,0.6294695734977722,,,
1.0,0.0,0.2956588566303253,,,
1.0,1.0,0.5150495767593384,,,
1.0,1.0,0.5189687609672546,,,
1.0,0.0,0.3971901834011078,,,
1.0,1.0,0.8189874291419983,,,
0.0,0.0,0.2880181670188904,,,
1.0,0.0,0.4137408137321472,,,
1.0,0.0,0.4016452729701996,,,
1.0,1.0,0.5441544651985168,,,
1.0,1.0,0.7147384881973267,,,
0.0,0.0,0.3696017861366272,,,
0.0,0.0,0.3577396869659424,,,
0.0,0.0,0.26432621479034424,,,
0.0,0.0,0.3177148401737213,,,
0.0,0.0,0.44083958864212036,,,
1.0,0.0,0.46519002318382263,,,
1.0,0.0,0.19515646994113922,,,
0.0,0.0,0.2116486132144928,,,
0.0,0.0,0.24581760168075562,,,
0.0,0.0,0.3350435197353363,,,
1.0,1.0,0.5417081713676453,,,
0.0,0.0,0.24405406415462494,,,
0.0,0.0,0.4002196192741394,,,
1.0,0.0,0.4887676537036896,,,
1.0,1.0,0.899864137172699,,,
0.0,0.0,0.3414997458457947,,,
1.0,1.0,0.5719631314277649,,,
0.0,0.0,0.38196510076522827,,,
1.0,1.0,0.9367433786392212,,,
1.0,1.0,0.7111181020736694,,,
1.0,1.0,0.7365800142288208,,,
0.0,0.0,0.2646787166595459,,,
0.0,0.0,0.3668113052845001,,,
0.0,0.0,0.23536279797554016,,,
1.0,1.0,0.5637078285217285,,,
0.0,0.0,0.23619645833969116,,,
0.0,1.0,0.699333131313324,,,
1.0,0.0,0.3727964162826538,,,
0.0,0.0,0.44946619868278503,,,
1.0,1.0,0.8056414127349854,,,
1.0,1.0,0.7726055383682251,,,
1.0,0.0,0.3720960319042206,,,
0.0,1.0,0.6407914757728577,,,
0.0,0.0,0.3967262804508209,,,
0.0,0.0,0.2651323974132538,,,
0.0,0.0,0.4521174132823944,,,
0.0,0.0,0.2402506172657013,,,
0.0,0.0,0.37931886315345764,,,
1.0,1.0,0.5915042757987976,,,
1.0,1.0,0.8408151268959045,,,
1.0,1.0,0.5685497522354126,,,
1.0,1.0,0.6147081255912781,,,
1.0,0.0,0.42933428287506104,,,
1.0,0.0,0.39217570424079895,,,
1.0,0.0,0.47808709740638733,,,
1.0,1.0,0.6994885802268982,,,
0.0,0.0,0.2223336100578308,,,
1.0,1.0,0.5813188552856445,,,
1.0,1.0,0.7763730883598328,,,
0.0,0.0,0.3548993468284607,,,
1.0,1.0,0.6152678728103638,,,
1.0,1.0,0.6349889636039734,,,
0.0,0.0,0.4807018041610718,,,
0.0,0.0,0.2612152099609375,,,
1.0,0.0,0.3171461522579193,,,
1.0,1.0,0.5504376888275146,,,
0.0,0.0,0.3732685148715973,,,
1.0,1.0,0.508513331413269,,,
1.0,1.0,0.8650778532028198,,,
1.0,0.0,0.3134441673755646,,,
1.0,1.0,0.6027591228485107,,,
0.0,0.0,0.3988293409347534,,,
0.0,0.0,0.22770224511623383,,,
0.0,0.0,0.22273769974708557,,,
0.0,0.0,0.472369521856308,,,
0.0,0.0,0.4128853380680084,,,
0.0,0.0,0.2567523121833801,,,
1.0,0.0,0.36436671018600464,,,
1.0,1.0,0.5668166279792786,,,
0.0,0.0,0.31210121512413025,,,
0.0,0.0,0.32903653383255005,,,
1.0,1.0,0.5485167503356934,,,
1.0,1.0,0.8960784673690796,,,
0.0,0.0,0.44501662254333496,,,
1.0,0.0,0.4457859694957733,,,
1.0,1.0,0.8307626247406006,,,
0.0,0.0,0.34196311235427856,,,
0.0,0.0,0.436355322599411,,,
0.0,0.0,0.38980644941329956,,,
0.0,0.0,0.2839181423187256,,,
0.0,0.0,0.11064799875020981,,,
1.0,1.0,0.7494727969169617,,,
0.0,1.0,0.6249164938926697,,,
0.0,0.0,0.4540017247200012,,,
1.0,1.0,0.6776918172836304,,,
0.0,0.0,0.4080786406993866,,,
1.0,0.0,0.39042505621910095,,,
0.0,0.0,0.3510490655899048,,,
1.0,1.0,0.5230390429496765,,,
0.0,1.0,0.5148431658744812,,,
0.0,0.0,0.37862521409988403,,,
0.0,0.0,0.37909218668937683,,,
1.0,0.0,0.47376155853271484,,,
0.0,0.0,0.3711301386356354,,,
1.0,0.0,0.4380073845386505,,,
0.0,0.0,0.24878139793872833,,,
0.0,0.0,0.29963645339012146,,,
0.0,0.0,0.4141633212566376,,,
1.0,1.0,0.7337585687637329,,,
1.0,1.0,0.7788528203964233,,,
1.0,1.0,0.7743498682975769,,,
1.0,0.0,0.46424242854118347,,,
0.0,0.0,0.48909297585487366,,,
1.0,0.0,0.36885759234428406,,,
0.0,0.0,0.2737810015678406,,,
1.0,1.0,0.8310384154319763,,,
1.0,1.0,0.6521021127700806,,,
0.0,0.0,0.20410440862178802,,,
1.0,1.0,0.8183963298797607,,,
0.0,0.0,0.4286195635795593,,,
1.0,0.0,0.38019075989723206,,,
0.0,0.0,0.2215990424156189,,,
1.0,0.0,0.35564079880714417,,,
1.0,0.0,0.41976991295814514,,,
0.0,1.0,0.536673903465271,,,
0.0,1.0,0.6393287181854248,,,
0.0,0.0,0.341470330953598,,,
1.0,1.0,0.6293127536773682,,,
0.0,0.0,0.14572642743587494,,,
0.0,0.0,0.44933557510375977,,,
0.0,0.0,0.26296573877334595,,,
0.0,0.0,0.47680923342704773,,,
0.0,0.0,0.33027541637420654,,,
1.0,1.0,0.5971778035163879,,,
1.0,1.0,0.7716286182403564,,,
1.0,1.0,0.8733949065208435,,,
1.0,0.0,0.4682692289352417,,,
0.0,0.0,0.39220720529556274,,,
0.0,0.0,0.22354699671268463,,,
1.0,0.0,0.4991520643234253,,,
0.0,0.0,0.4381462633609772,,,
0.0,0.0,0.3842701315879822,,,
0.0,0.0,0.3250254690647125,,,
1.0,0.0,0.3876168727874756,,,
0.0,0.0,0.4496264159679413,,,
0.0,0.0,0.20627178251743317,,,
1.0,1.0,0.6918666362762451,,,
1.0,0.0,0.4650220572948456,,,
0.0,0.0,0.36737269163131714,,,
1.0,1.0,0.5433578491210938,,,
0.0,0.0,0.3826789855957031,,,
1.0,1.0,0.6823108792304993,,,
1.0,1.0,0.7775045037269592,,,
1.0,0.0,0.464694619178772,,,
0.0,1.0,0.5201812982559204,,,
0.0,0.0,0.2975769639015198,,,
0.0,0.0,0.29635536670684814,,,
0.0,0.0,0.3196307420730591,,,
1.0,1.0,0.6581353545188904,,,
1.0,0.0,0.3121579587459564,,,
0.0,0.0,0.37725576758384705,,,
1.0,1.0,0.6715059280395508,,,
1.0,1.0,0.9036240577697754,,,
0.0,0.0,0.354602187871933,,,
1.0,1.0,0.7273035645484924,,,
1.0,1.0,0.5037800073623657,,,
1.0,0.0,0.35957565903663635,,,
0.0,0.0,0.4628108739852905,,,
0.0,0.0,0.47810518741607666,,,
0.0,0.0,0.3554462492465973,,,
1.0,1.0,0.7792770862579346,,,
1.0,0.0,0.48064589500427246,,,
1.0,0.0,0.367220938205719,,,
1.0,1.0,0.5603135228157043,,,
0.0,0.0,0.4092988073825836,,,
1.0,1.0,0.5219265222549438,,,
0.0,0.0,0.38877516984939575,,,
1.0,1.0,0.5274986624717712,,,
1.0,1.0,0.7351871132850647,,,
0.0,0.0,0.28541985154151917,,,
0.0,0.0,0.3187312185764313,,,
1.0,1.0,0.8334031105041504,,,
0.0,0.0,0.22163397073745728,,,
0.0,0.0,0.29567384719848633,,,
0.0,0.0,0.33518359065055847,,,
1.0,0.0,0.48996028304100037,,,
1.0,1.0,0.8967791199684143,,,
1.0,0.0,0.27381423115730286,,,
1.0,1.0,0.7862297892570496,,,
1.0,0.0,0.3995415270328522,,,
0.0,0.0,0.49258410930633545,,,
0.0,0.0,0.3407791256904602,,,
0.0,0.0,0.18307414650917053,,,
0.0,0.0,0.3717649281024933,,,
1.0,0.0,0.31297439336776733,,,
1.0,1.0,0.8764691948890686,,,
0.0,0.0,0.34350061416625977,,,
1.0,1.0,0.532085657119751,,,
0.0,0.0,0.24803760647773743,,,
0.0,0.0,0.49142366647720337,,,
0.0,0.0,0.38515570759773254,,,
0.0,0.0,0.47264906764030457,,,
1.0,0.0,0.40962231159210205,,,
1.0,1.0,0.6505128741264343,,,
1.0,0.0,0.4159901738166809,,,
0.0,0.0,0.3589104413986206,,,
0.0,0.0,0.335273802280426,,,
1.0,1.0,0.796424388885498,,,
0.0,1.0,0.5304270386695862,,,
1.0,1.0,0.5853502154350281,,,
1.0,1.0,0.543441116809845,,,
1.0,1.0,0.7573555111885071,,,
0.0,0.0,0.2263665646314621,,,
1.0,1.0,0.8054940700531006,,,
1.0,0.0,0.37866827845573425,,,
0.0,0.0,0.36859017610549927,,,
0.0,0.0,0.39780518412590027,,,
1.0,0.0,0.4797273278236389,,,
0.0,0.0,0.33177274465560913,,,
0.0,0.0,0.37475889921188354,,,
0.0,0.0,0.4071234166622162,,,
1.0,0.0,0.34350061416625977,,,
1.0,1.0,0.742788553237915,,,
0.0,0.0,0.37501853704452515,,,
1.0,1.0,0.8407267928123474,,,
1.0,1.0,0.7648389935493469,,,
1.0,1.0,0.8167416453361511,,,
1.0,1.0,0.7202611565589905,,,
1.0,1.0,0.8149260878562927,,,
1.0,1.0,0.6034883260726929,,,
0.0,0.0,0.42864304780960083,,,
0.0,0.0,0.3493669927120209,,,
0.0,0.0,0.44801774621009827,,,
0.0,0.0,0.2636171281337738,,,
0.0,0.0,0.256198525428772,,,
0.0,0.0,0.35461679100990295,,,
0.0,0.0,0.4106508493423462,,,
1.0,0.0,0.4060613214969635,,,
1.0,1.0,0.7196303009986877,,,
1.0,1.0,0.8755618333816528,,,
0.0,1.0,0.8118929862976074,,,
0.0,1.0,0.508529007434845,,,
1.0,0.0,0.477678507566452,,,
0.0,0.0,0.29823583364486694,,,
0.0,0.0,0.39445531368255615,,,
0.0,1.0,0.5194195508956909,,,
0.0,0.0,0.3271148204803467,,,
1.0,1.0,0.6790449023246765,,,
0.0,0.0,0.400476336479187,,,
0.0,0.0,0.2622740864753723,,,
1.0,1.0,0.7004079818725586,,,
0.0,0.0,0.2989914119243622,,,
0.0,0.0,0.3123108744621277,,,
0.0,0.0,0.32503584027290344,,,
1.0,0.0,0.49331405758857727,,,
1.0,0.0,0.4829789400100708,,,
0.0,1.0,0.5739476084709167,,,
1.0,1.0,0.7408987283706665,,,
0.0,0.0,0.40709105134010315,,,
1.0,1.0,0.6283168792724609,,,
0.0,0.0,0.3673386871814728,,,
0.0,0.0,0.33186137676239014,,,
0.0,0.0,0.47927945852279663,,,
1.0,1.0,0.7357040047645569,,,
0.0,0.0,0.39600563049316406,,,
1.0,1.0,0.6080681681632996,,,
0.0,0.0,0.4599651098251343,,,
0.0,0.0,0.35988855361938477,,,
0.0,0.0,0.41102710366249084,,,
0.0,0.0,0.34478941559791565,,,
1.0,0.0,0.4384436011314392,,,
0.0,0.0,0.32755258679389954,,,
1.0,0.0,0.35460594296455383,,,
1.0,1.0,0.5682796835899353,,,
1.0,0.0,0.4540402591228485,,,
1.0,1.0,0.5018098950386047,,,
0.0,1.0,0.5155467391014099,,,
0.0,0.0,0.3825250566005707,,,
1.0,1.0,0.6761252880096436,,,
1.0,0.0,0.4463803470134735,,,
0.0,0.0,0.34906747937202454,,,
1.0,0.0,0.4557366669178009,,,
1.0,1.0,0.8929728865623474,,,
1.0,1.0,0.6866874098777771,,,
0.0,0.0,0.4624146521091461,,,
1.0,1.0,0.5100558400154114,,,
0.0,0.0,0.47116783261299133,,,
0.0,0.0,0.2257913202047348,,,
0.0,0.0,0.4670070707798004,,,
0.0,0.0,0.26234859228134155,,,
1.0,1.0,0.7306585907936096,,,
1.0,1.0,0.5248912572860718,,,
1.0,0.0,0.4189419150352478,,,
1.0,1.0,0.6143231987953186,,,
1.0,1.0,0.600939929485321,,,
1.0,0.0,0.43788468837738037,,,
0.0,0.0,0.304339200258255,,,
1.0,1.0,0.9345008134841919,,,
1.0,1.0,0.721895694732666,,,
0.0,0.0,0.3820970952510834,,,
0.0,0.0,0.33536508679389954,,,
1.0,1.0,0.5972956418991089,,,
1.0,1.0,0.5761407017707825,,,
1.0,1.0,0.6844538450241089,,,
0.0,0.0,0.37539148330688477,,,
1.0,1.0,0.5369405150413513,,,
0.0,0.0,0.29093900322914124,,,
1.0,1.0,0.5483664870262146,,,
0.0,0.0,0.42456161975860596,,,
1.0,0.0,0.4311853349208832,,,
1.0,1.0,0.5985257029533386,,,
1.0,1.0,0.7903988361358643,,,
1.0,1.0,0.5769757032394409,,,
0.0,0.0,0.30390995740890503,,,
0.0,1.0,0.5446715354919434,,,
0.0,0.0,0.30354371666908264,,,
1.0,1.0,0.6264679431915283,,,
0.0,0.0,0.2805096209049225,,,
1.0,1.0,0.8151503801345825,,,
0.0,1.0,0.6821215152740479,,,
1.0,1.0,0.8439106941223145,,,
0.0,0.0,0.33593836426734924,,,
1.0,0.0,0.3407791256904602,,,
0.0,1.0,0.5048882365226746,,,
0.0,0.0,0.358525812625885,,,
0.0,0.0,0.33686938881874084,,,
1.0,0.0,0.3809984028339386,,,
1.0,1.0,0.6388980746269226,,,
0.0,1.0,0.5965217351913452,,,
1.0,1.0,0.9040020108222961,,,
0.0,0.0,0.3875507712364197,,,
0.0,0.0,0.3192999064922333,,,
1.0,1.0,0.8026425838470459,,,
0.0,0.0,0.34952470660209656,,,
0.0,0.0,0.4386042356491089,,,
1.0,1.0,0.5188602209091187,,,
1.0,1.0,0.5776886940002441,,,
0.0,1.0,0.7460397481918335,,,
0.0,0.0,0.27683940529823303,,,
1.0,0.0,0.29416927695274353,,,
0.0,0.0,0.3928176760673523,,,
1.0,1.0,0.8868347406387329,,,
1.0,0.0,0.4374683201313019,,,
1.0,0.0,0.35057544708251953,,,
1.0,1.0,0.6439133882522583,,,
0.0,0.0,0.3663063049316406,,,
1.0,1.0,0.6614670753479004,,,
0.0,0.0,0.37994444370269775,,,
0.0,0.0,0.3216743469238281,,,
0.0,0.0,0.28111809492111206,,,
0.0,0.0,0.4609285295009613,,,
0.0,0.0,0.14958953857421875,,,
0.0,0.0,0.4985208213329315,,,
1.0,1.0,0.7141286134719849,,,
1.0,0.0,0.4866564869880676,,,
1.0,1.0,0.7069252133369446,,,
0.0,0.0,0.45426371693611145,,,
0.0,0.0,0.3627327084541321,,,
1.0,0.0,0.30889400839805603,,,
0.0,0.0,0.2330910563468933,,,
1.0,0.0,0.40423327684402466,,,
0.0,0.0,0.29923510551452637,,,
1.0,1.0,0.7494696378707886,,,
0.0,0.0,0.4127284288406372,,,
1.0,0.0,0.4849415421485901,,,
0.0,0.0,0.18772070109844208,,,
0.0,0.0,0.38538360595703125,,,
0.0,0.0,0.3291136920452118,,,
0.0,0.0,0.3400295376777649,,,
1.0,1.0,0.6823508739471436,,,
1.0,1.0,0.7901009321212769,,,
1.0,1.0,0.5106591582298279,,,
0.0,0.0,0.343066930770874,,,
1.0,1.0,0.6532766222953796,,,
0.0,0.0,0.3288169205188751,,,
0.0,0.0,0.2005632370710373,,,
1.0,0.0,0.42829665541648865,,,
1.0,1.0,0.5990533232688904,,,
0.0,0.0,0.4857090413570404,,,
0.0,0.0,0.3711301386356354,,,
0.0,0.0,0.2397587150335312,,,
0.0,0.0,0.369978666305542,,,
1.0,1.0,0.5450479388237,,,
1.0,0.0,0.2586837410926819,,,
1.0,1.0,0.5312497615814209,,,
0.0,0.0,0.3743610978126526,,,
1.0,1.0,0.5251511335372925,,,
1.0,1.0,0.5792544484138489,,,
1.0,1.0,0.769797682762146,,,
0.0,1.0,0.609014630317688,,,
1.0,1.0,0.8721461892127991,,,
1.0,1.0,0.5709790587425232,,,
1.0,1.0,0.6913354396820068,,,
1.0,1.0,0.5951613187789917,,,
0.0,0.0,0.37311655282974243,,,
0.0,0.0,0.3327188491821289,,,
1.0,0.0,0.411090612411499,,,
1.0,1.0,0.6157898902893066,,,
0.0,0.0,0.41846737265586853,,,
0.0,0.0,0.4526306688785553,,,
1.0,0.0,0.34071213006973267,,,
0.0,0.0,0.4030267596244812,,,
0.0,0.0,0.3775435984134674,,,
0.0,0.0,0.2623577415943146,,,
1.0,0.0,0.22631514072418213,,,
1.0,0.0,0.40548622608184814,,,
1.0,1.0,0.7506251335144043,,,
1.0,1.0,0.5296797156333923,,,
0.0,0.0,0.3216743469238281,,,
0.0,0.0,0.3267495036125183,,,
1.0,1.0,0.6132075190544128,,,
1.0,0.0,0.38752126693725586,,,
0.0,0.0,0.3395679295063019,,,
1.0,0.0,0.4713905453681946,,,
0.0,0.0,0.35638871788978577,,,
0.0,0.0,0.47221657633781433,,,
0.0,0.0,0.44402870535850525,,,
1.0,0.0,0.48916909098625183,,,
1.0,1.0,0.5475330352783203,,,
1.0,1.0,0.8268786072731018,,,
1.0,0.0,0.4381754994392395,,,
1.0,1.0,0.5576819181442261,,,
1.0,1.0,0.7290228605270386,,,
1.0,1.0,0.5420792698860168,,,
1.0,1.0,0.7240130305290222,,,
1.0,0.0,0.3584733307361603,,,
0.0,0.0,0.38046354055404663,,,
0.0,0.0,0.46130895614624023,,,
1.0,1.0,0.6593254208564758,,,
0.0,0.0,0.24786314368247986,,,
0.0,0.0,0.3174017667770386,,,
1.0,0.0,0.2237105816602707,,,
1.0,1.0,0.9304185509681702,,,
1.0,0.0,0.4345899522304535,,,
0.0,0.0,0.24262550473213196,,,
0.0,0.0,0.2517261207103729,,,
1.0,0.0,0.30480778217315674,,,
0.0,0.0,0.20046991109848022,,,
1.0,1.0,0.8264286518096924,,,
1.0,0.0,0.39800363779067993,,,
1.0,0.0,0.48209378123283386,,,
1.0,0.0,0.3564608097076416,,,
1.0,0.0,0.3526400029659271,,,
1.0,1.0,0.8587676286697388,,,
0.0,0.0,0.3491540849208832,,,
0.0,1.0,0.5150977969169617,,,
0.0,0.0,0.33794260025024414,,,
0.0,0.0,0.40227797627449036,,,
0.0,0.0,0.4371744394302368,,,
1.0,0.0,0.34907135367393494,,,
0.0,0.0,0.3739541471004486,,,
1.0,1.0,0.6796084046363831,,,
1.0,1.0,0.6657863259315491,,,
0.0,0.0,0.408745139837265,,,
0.0,0.0,0.17689275741577148,,,
0.0,0.0,0.33253076672554016,,,
0.0,0.0,0.3554656505584717,,,
1.0,1.0,0.5403592586517334,,,
0.0,0.0,0.2779981195926666,,,
1.0,1.0,0.8254164457321167,,,
0.0,0.0,0.33576056361198425,,,
1.0,1.0,0.7332546710968018,,,
0.0,0.0,0.2748011350631714,,,
0.0,0.0,0.3469187021255493,,,
0.0,0.0,0.45471787452697754,,,
1.0,0.0,0.4598267376422882,,,
0.0,0.0,0.3117191195487976,,,
1.0,1.0,0.8426578044891357,,,
0.0,0.0,0.3217417895793915,,,
0.0,0.0,0.19147862493991852,,,
0.0,1.0,0.5148188471794128,,,
0.0,0.0,0.2921082079410553,,,
1.0,1.0,0.599193811416626,,,
0.0,0.0,0.35383135080337524,,,
1.0,1.0,0.7850756645202637,,,
0.0,1.0,0.5673669576644897,,,
1.0,1.0,0.6872816681861877,,,
1.0,0.0,0.39431247115135193,,,
1.0,0.0,0.3075839579105377,,,
0.0,0.0,0.3646109402179718,,,
0.0,1.0,0.5849828124046326,,,
1.0,1.0,0.7988908290863037,,,
0.0,0.0,0.43229472637176514,,,
1.0,0.0,0.31870996952056885,,,
0.0,1.0,0.6149967312812805,,,
1.0,1.0,0.5548916459083557,,,
1.0,1.0,0.7893027067184448,,,
0.0,0.0,0.41245967149734497,,,
1.0,1.0,0.8485802412033081,,,
1.0,1.0,0.901049792766571,,,
1.0,1.0,0.6819927096366882,,,
1.0,0.0,0.48209378123283386,,,
0.0,0.0,0.40827882289886475,,,
0.0,0.0,0.2860371768474579,,,
0.0,0.0,0.2612152099609375,,,
0.0,0.0,0.34588104486465454,,,
1.0,1.0,0.8814928531646729,,,
1.0,0.0,0.47426679730415344,,,
1.0,1.0,0.5401056408882141,,,
1.0,1.0,0.5578836798667908,,,
1.0,1.0,0.5624228119850159,,,
1.0,1.0,0.7485591173171997,,,
0.0,0.0,0.18772070109844208,,,
0.0,0.0,0.4816969633102417,,,
1.0,1.0,0.7540358304977417,,,
0.0,0.0,0.281867116689682,,,
1.0,1.0,0.7820026278495789,,,
1.0,1.0,0.611024022102356,,,
0.0,0.0,0.39794525504112244,,,
0.0,0.0,0.4428541660308838,,,
0.0,0.0,0.4525158703327179,,,
0.0,1.0,0.504482090473175,,,
0.0,0.0,0.368996262550354,,,
0.0,0.0,0.28238144516944885,,,
0.0,0.0,0.36925482749938965,,,
0.0,1.0,0.5642789602279663,,,
0.0,0.0,0.298954576253891,,,
1.0,1.0,0.6347448825836182,,,
1.0,1.0,0.8241083025932312,,,
1.0,0.0,0.4668630361557007,,,
1.0,0.0,0.42189493775367737,,,
0.0,0.0,0.44749715924263,,,
1.0,0.0,0.45364779233932495,,,
0.0,0.0,0.3221651017665863,,,
1.0,1.0,0.5219599008560181,,,
0.0,0.0,0.24836483597755432,,,
1.0,1.0,0.7126916646957397,,,
1.0,1.0,0.8581698536872864,,,
1.0,1.0,0.5600414276123047,,,
1.0,1.0,0.5450121760368347,,,
1.0,1.0,0.5849588513374329,,,
1.0,0.0,0.35377857089042664,,,
1.0,1.0,0.5381895899772644,,,
1.0,1.0,0.732725203037262,,,
1.0,1.0,0.5749881863594055,,,
1.0,1.0,0.5022857785224915,,,
0.0,0.0,0.3888344168663025,,,
0.0,0.0,0.3353773355484009,,,
0.0,0.0,0.3642391264438629,,,
1.0,0.0,0.28309836983680725,,,
1.0,1.0,0.6852374076843262,,,
1.0,1.0,0.6477180123329163,,,
0.0,0.0,0.3622792661190033,,,
0.0,0.0,0.19631466269493103,,,
1.0,1.0,0.537882924079895,,,
0.0,0.0,0.21112148463726044,,,
1.0,1.0,0.611871063709259,,,
0.0,1.0,0.5513702034950256,,,
0.0,0.0,0.40950533747673035,,,
0.0,0.0,0.479397177696228,,,
0.0,0.0,0.41549450159072876,,,
0.0,0.0,0.4422597587108612,,,
1.0,1.0,0.6810789108276367,,,
0.0,0.0,0.4281991422176361,,,
1.0,0.0,0.39131051301956177,,,
0.0,0.0,0.26589882373809814,,,
1.0,1.0,0.7021454572677612,,,
1.0,1.0,0.7680190205574036,,,
1.0,0.0,0.4650220572948456,,,
0.0,0.0,0.4117029011249542,,,
0.0,0.0,0.3082190155982971,,,
0.0,0.0,0.22181859612464905,,,
0.0,0.0,0.4861653447151184,,,
1.0,1.0,0.6244472861289978,,,
1.0,0.0,0.4039326310157776,,,
0.0,0.0,0.36949190497398376,,,
1.0,1.0,0.5072954893112183,,,
0.0,0.0,0.4039590060710907,,,
0.0,0.0,0.4298114776611328,,,
0.0,0.0,0.2529275119304657,,,
1.0,1.0,0.5962154865264893,,,
1.0,1.0,0.7790200710296631,,,
0.0,1.0,0.549976646900177,,,
0.0,0.0,0.29655197262763977,,,
0.0,0.0,0.27769240736961365,,,
0.0,0.0,0.3861425220966339,,,
0.0,0.0,0.2237105816602707,,,
1.0,0.0,0.49852022528648376,,,
1.0,1.0,0.868844747543335,,,
1.0,1.0,0.8453071713447571,,,
1.0,0.0,0.40339377522468567,,,
1.0,1.0,0.8771041035652161,,,
0.0,0.0,0.23514476418495178,,,
0.0,0.0,0.2779981195926666,,,
0.0,0.0,0.3911043405532837,,,
0.0,0.0,0.4063936471939087,,,
1.0,1.0,0.6611344218254089,,,
0.0,0.0,0.4130297303199768,,,
0.0,0.0,0.396165132522583,,,
1.0,1.0,0.5394882559776306,,,
1.0,0.0,0.373744934797287,,,
1.0,1.0,0.6378312110900879,,,
0.0,0.0,0.22520342469215393,,,
0.0,0.0,0.298954576253891,,,
1.0,0.0,0.4160597324371338,,,
0.0,0.0,0.35342147946357727,,,
0.0,0.0,0.23733600974082947,,,
1.0,1.0,0.7143709659576416,,,
1.0,1.0,0.7164548635482788,,,
1.0,1.0,0.865388035774231,,,
0.0,0.0,0.3246411681175232,,,
1.0,1.0,0.5800794363021851,,,
1.0,1.0,0.6906782984733582,,,
0.0,0.0,0.26515883207321167,,,
1.0,1.0,0.6709989309310913,,,
0.0,0.0,0.31807494163513184,,,
1.0,1.0,0.5278810262680054,,,
0.0,1.0,0.61933434009552,,,
1.0,1.0,0.6442924737930298,,,
1.0,1.0,0.5045291781425476,,,
0.0,0.0,0.4512828588485718,,,
0.0,0.0,0.4496264159679413,,,
1.0,1.0,0.508073091506958,,,
0.0,1.0,0.5217248797416687,,,
1.0,1.0,0.7300244569778442,,,
1.0,1.0,0.7205525636672974,,,
1.0,1.0,0.5271035432815552,,,
1.0,0.0,0.46824848651885986,,,
0.0,0.0,0.4875580668449402,,,
0.0,0.0,0.3858558237552643,,,
0.0,0.0,0.31663116812705994,,,
1.0,1.0,0.7347801923751831,,,
1.0,1.0,0.7500723600387573,,,
0.0,0.0,0.39823466539382935,,,
1.0,0.0,0.3930008113384247,,,
0.0,0.0,0.3554462492465973,,,
0.0,1.0,0.5586984157562256,,,
0.0,0.0,0.36881011724472046,,,
1.0,1.0,0.6087550520896912,,,
0.0,0.0,0.42444881796836853,,,
1.0,1.0,0.6746642589569092,,,
0.0,0.0,0.4364214241504669,,,
0.0,0.0,0.4402177035808563,,,
1.0,1.0,0.7913685441017151,,,
0.0,0.0,0.40095067024230957,,,
0.0,0.0,0.4600204825401306,,,
0.0,0.0,0.3581254184246063,,,
1.0,1.0,0.5481430292129517,,,
0.0,0.0,0.26234859228134155,,,
1.0,1.0,0.814799427986145,,,
0.0,0.0,0.42914754152297974,,,
1.0,1.0,0.8131099939346313,,,
0.0,0.0,0.47803664207458496,,,
1.0,1.0,0.5531548261642456,,,
1.0,0.0,0.4259210228919983,,,
1.0,0.0,0.4527018666267395,,,
0.0,0.0,0.16561634838581085,,,
1.0,1.0,0.5824434757232666,,,
1.0,1.0,0.926548182964325,,,
1.0,1.0,0.6497689485549927,,,
0.0,0.0,0.32886803150177,,,
1.0,1.0,0.8617584705352783,,,
1.0,1.0,0.510187029838562,,,
0.0,0.0,0.36095720529556274,,,
0.0,0.0,0.3737371563911438,,,
1.0,1.0,0.5713286399841309,,,
1.0,1.0,0.655968427658081,,,
0.0,1.0,0.5055676698684692,,,
1.0,1.0,0.6041176319122314,,,
0.0,0.0,0.458576500415802,,,
0.0,0.0,0.2860371768474579,,,
1.0,0.0,0.2463209629058838,,,
1.0,0.0,0.38964608311653137,,,
1.0,1.0,0.5941781997680664,,,
0.0,1.0,0.5573345422744751,,,
1.0,0.0,0.48468220233917236,,,
1.0,1.0,0.8831732273101807,,,
1.0,0.0,0.4487098753452301,,,
0.0,1.0,0.6906713843345642,,,
1.0,1.0,0.8223737478256226,,,
0.0,0.0,0.343487948179245,,,
0.0,0.0,0.33027541637420654,,,
1.0,0.0,0.318157821893692,,,
0.0,0.0,0.3841172754764557,,,
0.0,0.0,0.3288731873035431,,,
1.0,1.0,0.5692310929298401,,,
0.0,0.0,0.27306684851646423,,,
1.0,1.0,0.8957259654998779,,,
1.0,0.0,0.3960009515285492,,,
0.0,0.0,0.4147961437702179,,,
1.0,0.0,0.49842900037765503,,,
0.0,0.0,0.3515644669532776,,,
1.0,0.0,0.3935122787952423,,,
1.0,0.0,0.44745853543281555,,,
0.0,0.0,0.3790949881076813,,,
0.0,0.0,0.37286341190338135,,,
1.0,0.0,0.3947540819644928,,,
0.0,0.0,0.45378971099853516,,,
1.0,0.0,0.41696861386299133,,,
0.0,0.0,0.44637560844421387,,,
0.0,0.0,0.13882683217525482,,,
0.0,0.0,0.3346482217311859,,,
1.0,1.0,0.5259226560592651,,,
1.0,0.0,0.4459046423435211,,,
0.0,0.0,0.3609694540500641,,,
0.0,0.0,0.3272475600242615,,,
0.0,0.0,0.4925788640975952,,,
1.0,0.0,0.49120956659317017,,,
1.0,1.0,0.6725125312805176,,,
1.0,1.0,0.7204961776733398,,,
0.0,0.0,0.23892317712306976,,,
1.0,1.0,0.505098283290863,,,
1.0,0.0,0.42274922132492065,,,
1.0,1.0,0.5692310929298401,,,
1.0,1.0,0.507395327091217,,,
1.0,1.0,0.5159064531326294,,,
1.0,1.0,0.7483944296836853,,,
0.0,0.0,0.4418901205062866,,,
1.0,1.0,0.5006159543991089,,,
0.0,1.0,0.5406827330589294,,,
0.0,0.0,0.3918919563293457,,,
1.0,0.0,0.46734875440597534,,,
0.0,0.0,0.32531896233558655,,,
1.0,1.0,0.5567807555198669,,,
0.0,0.0,0.40066221356391907,,,
0.0,0.0,0.32697540521621704,,,
1.0,1.0,0.5977546572685242,,,
1.0,0.0,0.2876778244972229,,,
1.0,0.0,0.4071637690067291,,,
1.0,1.0,0.6540394425392151,,,
0.0,0.0,0.2331947386264801,,,
0.0,0.0,0.4941798448562622,,,
0.0,0.0,0.2880452573299408,,,
0.0,0.0,0.3000437319278717,,,
1.0,1.0,0.6589767336845398,,,
1.0,1.0,0.5957489013671875,,,
0.0,1.0,0.5107688307762146,,,
1.0,0.0,0.4615333080291748,,,
0.0,1.0,0.5431774258613586,,,
1.0,1.0,0.7192546129226685,,,
0.0,0.0,0.31205546855926514,,,
1.0,1.0,0.8233339786529541,,,
0.0,0.0,0.4429894685745239,,,
1.0,1.0,0.7268722057342529,,,
1.0,1.0,0.8966664671897888,,,
1.0,0.0,0.4591441750526428,,,
0.0,0.0,0.2862098515033722,,,
1.0,1.0,0.6083242893218994,,,
1.0,1.0,0.6121594309806824,,,
0.0,0.0,0.3719867169857025,,,
1.0,1.0,0.6656013131141663,,,
0.0,0.0,0.30700451135635376,,,
1.0,1.0,0.5336087942123413,,,
0.0,0.0,0.4896146059036255,,,
0.0,0.0,0.38268232345581055,,,
1.0,1.0,0.6428444385528564,,,
1.0,1.0,0.7023199200630188,,,
1.0,1.0,0.7621279954910278,,,
0.0,0.0,0.18449950218200684,,,
1.0,1.0,0.5991135239601135,,,
1.0,1.0,0.7077926397323608,,,
1.0,1.0,0.5744982361793518,,,
1.0,0.0,0.3001631200313568,,,
1.0,1.0,0.7363703846931458,,,
1.0,1.0,0.7198886871337891,,,
1.0,0.0,0.34394019842147827,,,
0.0,0.0,0.3207046687602997,,,
0.0,0.0,0.45364779233932495,,,
1.0,1.0,0.6911935806274414,,,
0.0,0.0,0.3778824210166931,,,
1.0,1.0,0.7178048491477966,,,
0.0,0.0,0.14867423474788666,,,
1.0,0.0,0.2570943236351013,,,
1.0,1.0,0.7957961559295654,,,
0.0,0.0,0.2623541057109833,,,
1.0,1.0,0.5267186164855957,,,
1.0,0.0,0.4122195243835449,,,
0.0,0.0,0.32380685210227966,,,
0.0,0.0,0.17186450958251953,,,
1.0,1.0,0.7465457916259766,,,
1.0,0.0,0.44626399874687195,,,
0.0,0.0,0.443659245967865,,,
1.0,1.0,0.8290727734565735,,,
0.0,0.0,0.3832218647003174,,,
1.0,1.0,0.5356510877609253,,,
1.0,1.0,0.7974900007247925,,,
0.0,0.0,0.31753721833229065,,,
1.0,1.0,0.6134251356124878,,,
0.0,1.0,0.56167072057724,,,
1.0,0.0,0.3945312201976776,,,
0.0,0.0,0.3742002844810486,,,
0.0,0.0,0.3706497550010681,,,
0.0,0.0,0.23760589957237244,,,
0.0,0.0,0.4276813268661499,,,
0.0,0.0,0.36397624015808105,,,
0.0,1.0,0.583214521408081,,,
0.0,0.0,0.4351624846458435,,,
0.0,1.0,0.5757620930671692,,,
0.0,0.0,0.2494337558746338,,,
0.0,0.0,0.4361552894115448,,,
1.0,0.0,0.46130114793777466,,,
0.0,0.0,0.4018089771270752,,,
0.0,1.0,0.5487492084503174,,,
1.0,0.0,0.4376319646835327,,,
1.0,1.0,0.7273308038711548,,,
0.0,0.0,0.3704930245876312,,,
0.0,0.0,0.43616101145744324,,,
1.0,1.0,0.749908983707428,,,
1.0,0.0,0.4728371798992157,,,
0.0,0.0,0.34151560068130493,,,
1.0,1.0,0.6423294544219971,,,
0.0,0.0,0.3546924591064453,,,
0.0,0.0,0.28313472867012024,,,
1.0,1.0,0.6375437378883362,,,
0.0,0.0,0.3808087706565857,,,
0.0,0.0,0.380372017621994,,,
1.0,1.0,0.7699563503265381,,,
1.0,1.0,0.5413907766342163,,,
1.0,0.0,0.4636635184288025,,,
0.0,0.0,0.4253900349140167,,,
0.0,0.0,0.49523666501045227,,,
0.0,0.0,0.37784916162490845,,,
1.0,0.0,0.4056510925292969,,,
0.0,0.0,0.47888219356536865,,,
1.0,1.0,0.7077487707138062,,,
0.0,0.0,0.28678464889526367,,,
1.0,1.0,0.6092182993888855,,,
0.0,1.0,0.5434337854385376,,,
0.0,0.0,0.36263495683670044,,,
1.0,1.0,0.7479634881019592,,,
0.0,0.0,0.3873608708381653,,,
1.0,1.0,0.5708897113800049,,,
1.0,1.0,0.6562713384628296,,,
1.0,1.0,0.7104741334915161,,,
0.0,0.0,0.37325188517570496,,,
1.0,0.0,0.29322072863578796,,,
0.0,0.0,0.35651177167892456,,,
0.0,0.0,0.4411618709564209,,,
1.0,1.0,0.6621363162994385,,,
0.0,0.0,0.4150172770023346,,,
0.0,0.0,0.14243854582309723,,,
0.0,1.0,0.5702735781669617,,,
0.0,0.0,0.38195332884788513,,,
1.0,1.0,0.710671067237854,,,
1.0,0.0,0.2500022053718567,,,
0.0,0.0,0.1412733793258667,,,
1.0,0.0,0.420195072889328,,,
1.0,1.0,0.7017965912818909,,,
0.0,0.0,0.25855040550231934,,,
1.0,0.0,0.4896557629108429,,,
0.0,0.0,0.24222342669963837,,,
1.0,0.0,0.40991681814193726,,,
0.0,0.0,0.3394016623497009,,,
0.0,0.0,0.48911911249160767,,,
1.0,1.0,0.703774631023407,,,
1.0,0.0,0.3969530463218689,,,
1.0,1.0,0.671516478061676,,,
0.0,0.0,0.3967010974884033,,,
1.0,0.0,0.459743469953537,,,
0.0,1.0,0.5578858852386475,,,
1.0,0.0,0.43084511160850525,,,
0.0,0.0,0.29353293776512146,,,
1.0,1.0,0.5563715696334839,,,
0.0,0.0,0.36164772510528564,,,
0.0,0.0,0.3387637138366699,,,
0.0,0.0,0.25554707646369934,,,
0.0,0.0,0.4388844668865204,,,
0.0,0.0,0.3124235272407532,,,
0.0,1.0,0.5398768186569214,,,
1.0,1.0,0.742731511592865,,,
0.0,0.0,0.2829655706882477,,,
0.0,0.0,0.3885514736175537,,,
0.0,0.0,0.34239447116851807,,,
0.0,0.0,0.41649338603019714,,,
1.0,1.0,0.5904158353805542,,,
0.0,1.0,0.5181381702423096,,,
1.0,0.0,0.41164034605026245,,,
1.0,0.0,0.4691827893257141,,,
1.0,1.0,0.6704151034355164,,,
1.0,1.0,0.8953819870948792,,,
0.0,0.0,0.418080598115921,,,
0.0,0.0,0.4055277705192566,,,
0.0,0.0,0.42200419306755066,,,
0.0,0.0,0.3544990122318268,,,
0.0,0.0,0.3887439966201782,,,
0.0,0.0,0.27393507957458496,,,
0.0,0.0,0.3664255142211914,,,
1.0,1.0,0.6281408667564392,,,
1.0,1.0,0.6757323741912842,,,
0.0,1.0,0.5547895431518555,,,
0.0,0.0,0.33114713430404663,,,
0.0,0.0,0.30895474553108215,,,
0.0,0.0,0.36027926206588745,,,
1.0,1.0,0.7343757748603821,,,
1.0,1.0,0.5580732226371765,,,
0.0,0.0,0.43423324823379517,,,
0.0,0.0,0.30230042338371277,,,
1.0,1.0,0.530978262424469,,,
1.0,1.0,0.7689469456672668,,,
1.0,1.0,0.7559267282485962,,,
0.0,0.0,0.4076670706272125,,,
0.0,0.0,0.33502060174942017,,,
0.0,0.0,0.37092146277427673,,,
1.0,0.0,0.3879372775554657,,,
0.0,0.0,0.41605985164642334,,,
1.0,1.0,0.510715901851654,,,
1.0,1.0,0.6076640486717224,,,
1.0,1.0,0.507570743560791,,,
1.0,1.0,0.539133608341217,,,
1.0,0.0,0.37485891580581665,,,
0.0,0.0,0.3847050070762634,,,
0.0,0.0,0.2181035280227661,,,
1.0,0.0,0.4059750437736511,,,
0.0,1.0,0.5824132561683655,,,
0.0,0.0,0.3725046217441559,,,
0.0,0.0,0.3081592619419098,,,
0.0,0.0,0.4240506887435913,,,
1.0,0.0,0.42325443029403687,,,
0.0,0.0,0.2708301842212677,,,
0.0,0.0,0.32232949137687683,,,
1.0,0.0,0.2908056080341339,,,
0.0,0.0,0.343066930770874,,,
0.0,0.0,0.40447157621383667,,,
1.0,0.0,0.44190117716789246,,,
1.0,1.0,0.8751809597015381,,,
0.0,0.0,0.49112990498542786,,,
0.0,0.0,0.3912690579891205,,,
0.0,0.0,0.30056288838386536,,,
0.0,0.0,0.4422597587108612,,,
0.0,0.0,0.30440473556518555,,,
1.0,1.0,0.6199836134910583,,,
1.0,1.0,0.5643672943115234,,,
1.0,1.0,0.8002203702926636,,,
0.0,0.0,0.4051082134246826,,,
0.0,0.0,0.2773692011833191,,,
1.0,1.0,0.5287338495254517,,,
1.0,1.0,0.8457874655723572,,,
0.0,1.0,0.63294917345047,,,
1.0,1.0,0.5120999813079834,,,
1.0,1.0,0.577521562576294,,,
1.0,1.0,0.730349063873291,,,
1.0,1.0,0.800011396408081,,,
0.0,0.0,0.4370139241218567,,,
0.0,1.0,0.6098235845565796,,,
1.0,1.0,0.563421905040741,,,
1.0,1.0,0.6592627167701721,,,
1.0,1.0,0.5776886940002441,,,
0.0,0.0,0.4617486000061035,,,
0.0,0.0,0.2640409469604492,,,
1.0,0.0,0.49052080512046814,,,
1.0,1.0,0.5553627014160156,,,
1.0,0.0,0.38137441873550415,,,
1.0,1.0,0.5253764986991882,,,
0.0,0.0,0.43930813670158386,,,
1.0,0.0,0.44401639699935913,,,
1.0,0.0,0.4289860725402832,,,
0.0,0.0,0.2829347252845764,,,
0.0,0.0,0.3767518103122711,,,
0.0,0.0,0.2809048891067505,,,
1.0,1.0,0.5874443054199219,,,
0.0,0.0,0.36983469128608704,,,
1.0,1.0,0.5670579671859741,,,
1.0,1.0,0.7444033026695251,,,
1.0,1.0,0.628824770450592,,,
1.0,1.0,0.736806333065033,,,
1.0,1.0,0.5551543831825256,,,
0.0,0.0,0.29841694235801697,,,
1.0,0.0,0.4169783890247345,,,
1.0,1.0,0.7552759051322937,,,
0.0,1.0,0.5568170547485352,,,
1.0,1.0,0.7606571912765503,,,
0.0,0.0,0.32245007157325745,,,
1.0,1.0,0.6002731919288635,,,
0.0,1.0,0.5163531303405762,,,
0.0,1.0,0.5966445207595825,,,
1.0,1.0,0.5724068284034729,,,
0.0,0.0,0.36809486150741577,,,
1.0,1.0,0.5436003804206848,,,
1.0,0.0,0.40555667877197266,,,
1.0,1.0,0.7853338718414307,,,
1.0,0.0,0.2787504494190216,,,
0.0,0.0,0.19101689755916595,,,
0.0,0.0,0.27834591269493103,,,
1.0,1.0,0.5184454917907715,,,
1.0,1.0,0.6956919431686401,,,
1.0,1.0,0.5083313584327698,,,
1.0,0.0,0.47630947828292847,,,
1.0,0.0,0.4710554778575897,,,
0.0,0.0,0.4270167350769043,,,
0.0,0.0,0.24693287909030914,,,
0.0,0.0,0.34699150919914246,,,
1.0,0.0,0.31830352544784546,,,
1.0,1.0,0.9248232245445251,,,
1.0,0.0,0.4127512574195862,,,
1.0,1.0,0.5211280584335327,,,
1.0,1.0,0.5876979827880859,,,
0.0,1.0,0.564434826374054,,,
0.0,1.0,0.5422110557556152,,,
1.0,0.0,0.4953765869140625,,,
0.0,1.0,0.6790307760238647,,,
1.0,1.0,0.5479190349578857,,,
1.0,0.0,0.3745323717594147,,,
1.0,1.0,0.7022703289985657,,,
1.0,1.0,0.6175750494003296,,,
1.0,1.0,0.8327881693840027,,,
1.0,1.0,0.8043369650840759,,,
1.0,1.0,0.5726228952407837,,,
0.0,0.0,0.33538883924484253,,,
0.0,0.0,0.3343850374221802,,,
0.0,0.0,0.48069584369659424,,,
1.0,0.0,0.3161516785621643,,,
1.0,1.0,0.7805849313735962,,,
1.0,0.0,0.46196600794792175,,,
1.0,1.0,0.6143231987953186,,,
0.0,0.0,0.38172394037246704,,,
1.0,1.0,0.7559267282485962,,,
0.0,0.0,0.39134183526039124,,,
0.0,0.0,0.37562063336372375,,,
1.0,0.0,0.45838502049446106,,,
1.0,0.0,0.4667242169380188,,,
0.0,0.0,0.29736974835395813,,,
0.0,0.0,0.3238219618797302,,,
0.0,1.0,0.811065137386322,,,
0.0,0.0,0.36563459038734436,,,
0.0,0.0,0.34244170784950256,,,
1.0,1.0,0.7991377115249634,,,
0.0,0.0,0.4812469482421875,,,
0.0,0.0,0.47400757670402527,,,
1.0,1.0,0.685355007648468,,,
1.0,1.0,0.5377071499824524,,,
0.0,0.0,0.2640409469604492,,,
0.0,0.0,0.4485790729522705,,,
0.0,0.0,0.4749128520488739,,,
1.0,0.0,0.3925453722476959,,,
0.0,0.0,0.3561532199382782,,,
1.0,1.0,0.7969684600830078,,,
0.0,0.0,0.42178913950920105,,,
0.0,0.0,0.35095593333244324,,,
0.0,0.0,0.3348030149936676,,,
0.0,0.0,0.40833044052124023,,,
1.0,1.0,0.5418184399604797,,,
1.0,1.0,0.5991135239601135,,,
0.0,0.0,0.37289875745773315,,,
1.0,0.0,0.4980836808681488,,,
1.0,1.0,0.7762109637260437,,,
1.0,1.0,0.5144157409667969,,,
0.0,0.0,0.3443186283111572,,,
0.0,0.0,0.3232790231704712,,,
1.0,0.0,0.4982836842536926,,,
0.0,0.0,0.36832836270332336,,,
0.0,0.0,0.435154527425766,,,
0.0,0.0,0.22435936331748962,,,
0.0,0.0,0.35365328192710876,,,
0.0,0.0,0.35057544708251953,,,
0.0,1.0,0.5341230034828186,,,
1.0,1.0,0.6846087574958801,,,
1.0,0.0,0.4902693033218384,,,
1.0,1.0,0.563421905040741,,,
1.0,0.0,0.47799527645111084,,,
1.0,0.0,0.45470407605171204,,,
1.0,0.0,0.2632184326648712,,,
1.0,0.0,0.38638725876808167,,,
0.0,0.0,0.3289385437965393,,,
0.0,0.0,0.39604803919792175,,,
1.0,1.0,0.7390833497047424,,,
1.0,0.0,0.4550550580024719,,,
1.0,0.0,0.47891369462013245,,,
1.0,0.0,0.35833045840263367,,,
0.0,0.0,0.39125731587409973,,,
0.0,0.0,0.39249929785728455,,,
1.0,1.0,0.5552462339401245,,,
0.0,0.0,0.26700514554977417,,,
1.0,1.0,0.6432908177375793,,,
1.0,1.0,0.5205472111701965,,,
0.0,0.0,0.35591742396354675,,,
1.0,1.0,0.7205102443695068,,,
0.0,0.0,0.34624776244163513,,,
1.0,0.0,0.47722893953323364,,,
1.0,1.0,0.7458178400993347,,,
1.0,1.0,0.6748013496398926,,,
0.0,0.0,0.2698378264904022,,,
0.0,0.0,0.472922682762146,,,
0.0,0.0,0.27684932947158813,,,
1.0,1.0,0.6178582906723022,,,
0.0,0.0,0.39275380969047546,,,
1.0,1.0,0.5308663845062256,,,
0.0,0.0,0.2599380910396576,,,
1.0,0.0,0.30824488401412964,,,
1.0,0.0,0.45419371128082275,,,
0.0,1.0,0.5469348430633545,,,
1.0,0.0,0.45190706849098206,,,
1.0,1.0,0.7178817391395569,,,
1.0,1.0,0.6835505962371826,,,
1.0,0.0,0.3266619145870209,,,
0.0,0.0,0.4793778359889984,,,
0.0,0.0,0.33911973237991333,,,
1.0,0.0,0.3682776689529419,,,
1.0,0.0,0.46414029598236084,,,
1.0,0.0,0.3969530463218689,,,
0.0,1.0,0.604451596736908,,,
0.0,0.0,0.4543275833129883,,,
0.0,0.0,0.350314736366272,,,
0.0,0.0,0.19059574604034424,,,
0.0,0.0,0.38212957978248596,,,
0.0,1.0,0.5684840083122253,,,
0.0,1.0,0.6201865673065186,,,
0.0,0.0,0.3358488976955414,,,
1.0,1.0,0.7579488754272461,,,
0.0,0.0,0.37274014949798584,,,
0.0,0.0,0.3644216060638428,,,
1.0,1.0,0.5824033617973328,,,
0.0,0.0,0.3904247283935547,,,
0.0,0.0,0.3285731077194214,,,
1.0,1.0,0.6824067831039429,,,
0.0,0.0,0.3025550842285156,,,
0.0,0.0,0.3596400320529938,,,
1.0,1.0,0.7805136442184448,,,
1.0,1.0,0.5581152439117432,,,
1.0,1.0,0.5307875871658325,,,
1.0,1.0,0.5730642080307007,,,
1.0,1.0,0.5312241315841675,,,
1.0,1.0,0.5454705357551575,,,
0.0,0.0,0.2570488154888153,,,
1.0,0.0,0.4670393168926239,,,
0.0,0.0,0.40086832642555237,,,
0.0,0.0,0.227824866771698,,,
0.0,0.0,0.2798767685890198,,,
1.0,1.0,0.5496494174003601,,,
0.0,0.0,0.3080083727836609,,,
1.0,0.0,0.3494921624660492,,,
0.0,0.0,0.18797996640205383,,,
1.0,1.0,0.623778223991394,,,
0.0,0.0,0.4156144857406616,,,
1.0,0.0,0.37233197689056396,,,
1.0,1.0,0.726814866065979,,,
0.0,0.0,0.4761151373386383,,,
0.0,0.0,0.3544990122318268,,,
0.0,0.0,0.25791990756988525,,,
0.0,0.0,0.49970608949661255,,,
0.0,0.0,0.3159268796443939,,,
1.0,1.0,0.5603135228157043,,,
0.0,0.0,0.33744341135025024,,,
1.0,1.0,0.742731511592865,,,
1.0,1.0,0.689347505569458,,,
0.0,0.0,0.4388108253479004,,,
1.0,0.0,0.4145236313343048,,,
1.0,0.0,0.47376155853271484,,,
1.0,1.0,0.7261437773704529,,,
1.0,1.0,0.8099505305290222,,,
1.0,1.0,0.6257784962654114,,,
1.0,1.0,0.7919923663139343,,,
0.0,0.0,0.3667946755886078,,,
1.0,0.0,0.45448076725006104,,,
1.0,1.0,0.8084537386894226,,,
1.0,1.0,0.8004449605941772,,,
1.0,0.0,0.46917927265167236,,,
1.0,1.0,0.5556157231330872,,,
1.0,0.0,0.47689110040664673,,,
0.0,0.0,0.48975375294685364,,,
0.0,0.0,0.4723886549472809,,,
1.0,0.0,0.38855159282684326,,,
0.0,0.0,0.3498499393463135,,,
1.0,0.0,0.4004040062427521,,,
0.0,0.0,0.4569505751132965,,,
1.0,0.0,0.43642160296440125,,,
0.0,0.0,0.499299019575119,,,
0.0,0.0,0.3239521086215973,,,
0.0,0.0,0.24089540541172028,,,
0.0,0.0,0.3975064754486084,,,
0.0,0.0,0.478711873292923,,,
1.0,1.0,0.6244806051254272,,,
0.0,0.0,0.37586405873298645,,,
1.0,1.0,0.6631494760513306,,,
0.0,0.0,0.4995746612548828,,,
0.0,0.0,0.3530851900577545,,,
1.0,0.0,0.4940095841884613,,,
1.0,0.0,0.4494050443172455,,,
0.0,0.0,0.3787913918495178,,,
1.0,1.0,0.8901036977767944,,,
0.0,0.0,0.3156246542930603,,,
0.0,0.0,0.29224133491516113,,,
0.0,0.0,0.40915441513061523,,,
1.0,1.0,0.5236812233924866,,,
1.0,1.0,0.7130030393600464,,,
0.0,0.0,0.35775914788246155,,,
0.0,0.0,0.23231318593025208,,,
1.0,1.0,0.7498518824577332,,,
1.0,0.0,0.3341630697250366,,,
0.0,0.0,0.4628538191318512,,,
1.0,1.0,0.6877961754798889,,,
0.0,0.0,0.41133007407188416,,,
0.0,0.0,0.24609456956386566,,,
0.0,0.0,0.25181320309638977,,,
1.0,1.0,0.7631178498268127,,,
0.0,0.0,0.45090046525001526,,,
1.0,0.0,0.4340435266494751,,,
0.0,1.0,0.6275655031204224,,,
1.0,1.0,0.8480370044708252,,,
0.0,0.0,0.23192770779132843,,,
1.0,1.0,0.6352410912513733,,,
0.0,0.0,0.2985747754573822,,,
1.0,0.0,0.4407222270965576,,,
0.0,0.0,0.48222941160202026,,,
0.0,0.0,0.4120772182941437,,,
1.0,0.0,0.4842042326927185,,,
1.0,0.0,0.28331437706947327,,,
0.0,0.0,0.19147862493991852,,,
1.0,0.0,0.40807878971099854,,,
1.0,0.0,0.3457176685333252,,,
0.0,0.0,0.4650220572948456,,,
0.0,0.0,0.41402268409729004,,,
0.0,0.0,0.46009331941604614,,,
0.0,0.0,0.49249857664108276,,,
0.0,0.0,0.26767420768737793,,,
1.0,1.0,0.6644082069396973,,,
0.0,0.0,0.49463436007499695,,,
0.0,0.0,0.2656216025352478,,,
1.0,0.0,0.47109857201576233,,,
1.0,1.0,0.6089341044425964,,,
0.0,0.0,0.33554962277412415,,,
0.0,0.0,0.3494126498699188,,,
0.0,0.0,0.45860955119132996,,,
1.0,1.0,0.5172317028045654,,,
1.0,1.0,0.8624448776245117,,,
0.0,0.0,0.312568336725235,,,
0.0,0.0,0.3176043629646301,,,
1.0,1.0,0.5252127051353455,,,
0.0,0.0,0.265114426612854,,,
0.0,0.0,0.21979522705078125,,,
0.0,0.0,0.48974916338920593,,,
0.0,0.0,0.3408343493938446,,,
0.0,0.0,0.3176078796386719,,,
1.0,1.0,0.7609745860099792,,,
0.0,1.0,0.647516667842865,,,
0.0,0.0,0.19726960361003876,,,
1.0,1.0,0.8527231812477112,,,
0.0,1.0,0.54311203956604,,,
0.0,0.0,0.2061668485403061,,,
0.0,0.0,0.3701538145542145,,,
0.0,0.0,0.45784276723861694,,,
1.0,1.0,0.7657956480979919,,,
1.0,1.0,0.9062548279762268,,,
0.0,0.0,0.26306650042533875,,,
0.0,1.0,0.5355103611946106,,,
1.0,0.0,0.3826349973678589,,,
1.0,0.0,0.3394615352153778,,,
1.0,0.0,0.4521440267562866,,,
1.0,0.0,0.42833301424980164,,,
1.0,0.0,0.45981502532958984,,,
0.0,0.0,0.443655401468277,,,
0.0,0.0,0.44906091690063477,,,
1.0,1.0,0.759831428527832,,,
0.0,0.0,0.42912063002586365,,,
0.0,0.0,0.3540500998497009,,,
0.0,0.0,0.43451228737831116,,,
1.0,1.0,0.5906120538711548,,,
0.0,0.0,0.4029463827610016,,,
0.0,0.0,0.3006311058998108,,,
0.0,0.0,0.29097265005111694,,,
0.0,0.0,0.31174999475479126,,,
0.0,0.0,0.20735393464565277,,,
0.0,0.0,0.3871094584465027,,,
1.0,0.0,0.3701762855052948,,,
1.0,1.0,0.608061671257019,,,
0.0,0.0,0.335273802280426,,,
0.0,0.0,0.21464860439300537,,,
1.0,1.0,0.7727862000465393,,,
1.0,1.0,0.5342979431152344,,,
0.0,0.0,0.3147377073764801,,,
0.0,0.0,0.2942867875099182,,,
0.0,0.0,0.31670013070106506,,,
0.0,1.0,0.7721566557884216,,,
0.0,0.0,0.41151750087738037,,,
0.0,0.0,0.35557201504707336,,,
0.0,0.0,0.30338847637176514,,,
1.0,1.0,0.7733107209205627,,,
0.0,0.0,0.44028282165527344,,,
1.0,1.0,0.52108234167099,,,
1.0,1.0,0.5436755418777466,,,
0.0,0.0,0.3016846477985382,,,
1.0,1.0,0.5550630688667297,,,
0.0,0.0,0.33365175127983093,,,
0.0,0.0,0.3282686471939087,,,
0.0,0.0,0.3224219083786011,,,
0.0,1.0,0.5031609535217285,,,
0.0,0.0,0.4585927128791809,,,
1.0,0.0,0.3302485942840576,,,
0.0,1.0,0.5050027370452881,,,
0.0,1.0,0.5873044729232788,,,
0.0,0.0,0.21954208612442017,,,
0.0,1.0,0.7719309329986572,,,
1.0,0.0,0.4987221360206604,,,
0.0,0.0,0.3924326002597809,,,
0.0,0.0,0.3124300241470337,,,
1.0,1.0,0.8058274984359741,,,
1.0,1.0,0.5543699860572815,,,
0.0,0.0,0.2803937494754791,,,
1.0,0.0,0.46689796447753906,,,
1.0,0.0,0.43916893005371094,,,
0.0,0.0,0.3660796582698822,,,
0.0,0.0,0.3657618761062622,,,
1.0,0.0,0.39241930842399597,,,
0.0,0.0,0.41012194752693176,,,
1.0,1.0,0.6143231987953186,,,
0.0,0.0,0.3553084433078766,,,
0.0,0.0,0.4917810261249542,,,
0.0,0.0,0.38538360595703125,,,
0.0,0.0,0.40594232082366943,,,
1.0,1.0,0.8784112930297852,,,
0.0,0.0,0.31393954157829285,,,
1.0,1.0,0.5274986624717712,,,
1.0,0.0,0.4740542471408844,,,
1.0,0.0,0.18762025237083435,,,
1.0,1.0,0.6358752846717834,,,
1.0,0.0,0.37689700722694397,,,
0.0,0.0,0.21303872764110565,,,
0.0,0.0,0.4003545045852661,,,
0.0,0.0,0.2849924564361572,,,
1.0,0.0,0.3770855665206909,,,
0.0,0.0,0.45563289523124695,,,
1.0,1.0,0.5989199876785278,,,
0.0,0.0,0.2672385573387146,,,
1.0,1.0,0.5361513495445251,,,
0.0,0.0,0.38765257596969604,,,
1.0,0.0,0.4377070367336273,,,
0.0,0.0,0.229338601231575,,,
1.0,1.0,0.7924885749816895,,,
1.0,1.0,0.514638364315033,,,
0.0,0.0,0.17112265527248383,,,
0.0,0.0,0.3626631200313568,,,
1.0,1.0,0.774081289768219,,,
0.0,0.0,0.3124235272407532,,,
0.0,1.0,0.5293793082237244,,,
1.0,1.0,0.8765239715576172,,,
0.0,1.0,0.5584874749183655,,,
1.0,1.0,0.6937503814697266,,,
0.0,0.0,0.42097750306129456,,,
0.0,0.0,0.3574661314487457,,,
0.0,0.0,0.45951932668685913,,,
0.0,0.0,0.3147377073764801,,,
1.0,0.0,0.45748236775398254,,,
1.0,1.0,0.7631178498268127,,,
0.0,0.0,0.36152195930480957,,,
1.0,1.0,0.664167046546936,,,
0.0,0.0,0.343066930770874,,,
0.0,0.0,0.3286883533000946,,,
1.0,1.0,0.7555725574493408,,,
0.0,0.0,0.3705151379108429,,,
0.0,0.0,0.431721568107605,,,
0.0,0.0,0.3192129135131836,,,
0.0,0.0,0.3115244507789612,,,
1.0,0.0,0.4847518801689148,,,
0.0,0.0,0.32410648465156555,,,
0.0,0.0,0.38654857873916626,,,
0.0,0.0,0.343066930770874,,,
1.0,0.0,0.4934605360031128,,,
1.0,1.0,0.8905861973762512,,,
1.0,1.0,0.6770843267440796,,,
0.0,0.0,0.4424128234386444,,,
1.0,0.0,0.46679818630218506,,,
1.0,0.0,0.4341852366924286,,,
1.0,1.0,0.6020955443382263,,,
0.0,1.0,0.5643758773803711,,,
1.0,1.0,0.7545656561851501,,,
1.0,1.0,0.5416508316993713,,,
0.0,0.0,0.26234859228134155,,,
1.0,1.0,0.6011232733726501,,,
0.0,0.0,0.24063871800899506,,,
0.0,0.0,0.23088499903678894,,,
0.0,1.0,0.6074318885803223,,,
1.0,1.0,0.5234584212303162,,,
1.0,1.0,0.7535043954849243,,,
1.0,1.0,0.6650777459144592,,,
1.0,0.0,0.4415651857852936,,,
1.0,0.0,0.29481470584869385,,,
0.0,0.0,0.12771344184875488,,,
0.0,0.0,0.2752514183521271,,,
0.0,0.0,0.3634919226169586,,,
0.0,0.0,0.3938158452510834,,,
0.0,0.0,0.37155625224113464,,,
0.0,0.0,0.3884069323539734,,,
1.0,1.0,0.6828819513320923,,,
1.0,1.0,0.7205102443695068,,,
0.0,0.0,0.4314534068107605,,,
1.0,1.0,0.7035403251647949,,,
1.0,0.0,0.2922852635383606,,,
0.0,0.0,0.4223642349243164,,,
0.0,0.0,0.34269610047340393,,,
1.0,1.0,0.6799662113189697,,,
0.0,0.0,0.45058074593544006,,,
0.0,0.0,0.2820664346218109,,,
1.0,1.0,0.7645890712738037,,,
1.0,1.0,0.7581907510757446,,,
0.0,0.0,0.36530232429504395,,,
1.0,1.0,0.5965586304664612,,,
0.0,0.0,0.313079297542572,,,
0.0,0.0,0.38015803694725037,,,
0.0,0.0,0.36725109815597534,,,
1.0,1.0,0.7354157567024231,,,
1.0,0.0,0.4460461139678955,,,
1.0,1.0,0.8639929890632629,,,
1.0,0.0,0.33924898505210876,,,
1.0,1.0,0.8595722913742065,,,
1.0,0.0,0.31565284729003906,,,
1.0,1.0,0.6087280511856079,,,
1.0,1.0,0.7347223162651062,,,
0.0,1.0,0.6102141737937927,,,
1.0,1.0,0.8360576629638672,,,
1.0,1.0,0.7376061677932739,,,
1.0,0.0,0.33093222975730896,,,
1.0,1.0,0.7277141213417053,,,
0.0,0.0,0.4618447422981262,,,
0.0,0.0,0.36869606375694275,,,
1.0,1.0,0.7708514332771301,,,
0.0,0.0,0.3835502564907074,,,
1.0,1.0,0.7193838357925415,,,
1.0,1.0,0.5885628461837769,,,
1.0,1.0,0.7444033026695251,,,
0.0,0.0,0.28846773505210876,,,
0.0,1.0,0.5099966526031494,,,
0.0,0.0,0.3554462492465973,,,
1.0,1.0,0.7797659039497375,,,
0.0,0.0,0.4826279878616333,,,
1.0,0.0,0.47899577021598816,,,
1.0,0.0,0.4700826406478882,,,
0.0,0.0,0.38328564167022705,,,
0.0,0.0,0.42853742837905884,,,
0.0,0.0,0.2947719693183899,,,
0.0,0.0,0.3490689694881439,,,
1.0,1.0,0.6499674320220947,,,
0.0,1.0,0.8894160985946655,,,
1.0,1.0,0.7781747579574585,,,
1.0,0.0,0.43134501576423645,,,
1.0,1.0,0.527640163898468,,,
0.0,0.0,0.3842538297176361,,,
0.0,0.0,0.448517769575119,,,
0.0,1.0,0.5664974451065063,,,
0.0,0.0,0.4140459895133972,,,
1.0,0.0,0.39107248187065125,,,
0.0,0.0,0.3728752136230469,,,
0.0,0.0,0.370896577835083,,,
0.0,0.0,0.30596673488616943,,,
1.0,1.0,0.5106380581855774,,,
0.0,0.0,0.3554462492465973,,,
0.0,0.0,0.3850618600845337,,,
0.0,1.0,0.536673903465271,,,
1.0,1.0,0.7109407186508179,,,
0.0,0.0,0.20464180409908295,,,
0.0,1.0,0.5719476342201233,,,
1.0,1.0,0.7042319178581238,,,
0.0,0.0,0.32369372248649597,,,
0.0,1.0,0.5263676643371582,,,
0.0,1.0,0.6448357701301575,,,
0.0,0.0,0.4051057696342468,,,
0.0,0.0,0.3270038366317749,,,
1.0,0.0,0.4191027581691742,,,
1.0,0.0,0.27510765194892883,,,
1.0,1.0,0.5701613426208496,,,
1.0,1.0,0.5892229676246643,,,
1.0,1.0,0.7328159213066101,,,
0.0,0.0,0.28093045949935913,,,
1.0,0.0,0.3083896040916443,,,
0.0,0.0,0.29958251118659973,,,
0.0,1.0,0.6213397979736328,,,
0.0,0.0,0.2135760635137558,,,
0.0,0.0,0.3136341869831085,,,
0.0,0.0,0.39081674814224243,,,
0.0,0.0,0.4483087956905365,,,
1.0,0.0,0.2744937837123871,,,
1.0,1.0,0.7092830538749695,,,
0.0,0.0,0.30829375982284546,,,
1.0,0.0,0.23938678205013275,,,
0.0,0.0,0.24652564525604248,,,
0.0,1.0,0.5471983551979065,,,
1.0,1.0,0.687804102897644,,,
0.0,1.0,0.6214735507965088,,,
1.0,1.0,0.7603192329406738,,,
0.0,1.0,0.5353928804397583,,,
0.0,1.0,0.5037765502929688,,,
0.0,0.0,0.3777344822883606,,,
1.0,1.0,0.5266711115837097,,,
1.0,0.0,0.48511719703674316,,,
0.0,0.0,0.33106550574302673,,,
1.0,1.0,0.5922927856445312,,,
1.0,0.0,0.3930140733718872,,,
1.0,1.0,0.6907373070716858,,,
1.0,1.0,0.7726171612739563,,,
1.0,1.0,0.858329713344574,,,
0.0,0.0,0.4462924897670746,,,
0.0,0.0,0.1399308145046234,,,
0.0,0.0,0.15816794335842133,,,
0.0,1.0,0.663836658000946,,,
0.0,0.0,0.2998720109462738,,,
0.0,0.0,0.4034351110458374,,,
0.0,0.0,0.33256176114082336,,,
1.0,1.0,0.6195816397666931,,,
0.0,0.0,0.46381130814552307,,,
0.0,1.0,0.5891332030296326,,,
1.0,0.0,0.4580499529838562,,,
1.0,1.0,0.6506842970848083,,,
0.0,0.0,0.246088907122612,,,
0.0,0.0,0.48089900612831116,,,
0.0,0.0,0.3972890079021454,,,
0.0,1.0,0.5022364258766174,,,
1.0,1.0,0.901613175868988,,,
1.0,1.0,0.5596421360969543,,,
0.0,0.0,0.47487038373947144,,,
1.0,0.0,0.3937218487262726,,,
0.0,0.0,0.31649595499038696,,,
1.0,1.0,0.7964094877243042,,,
0.0,0.0,0.180219367146492,,,
0.0,0.0,0.48312631249427795,,,
1.0,1.0,0.584640622138977,,,
0.0,0.0,0.48154598474502563,,,
1.0,1.0,0.5179151296615601,,,
0.0,0.0,0.221352681517601,,,
0.0,0.0,0.22741268575191498,,,
1.0,1.0,0.5481473207473755,,,
0.0,0.0,0.3681727945804596,,,
1.0,0.0,0.3115534782409668,,,
0.0,0.0,0.32302939891815186,,,
0.0,0.0,0.4923776090145111,,,
0.0,0.0,0.47423627972602844,,,
1.0,1.0,0.6395108103752136,,,
0.0,0.0,0.271807998418808,,,
0.0,0.0,0.40108200907707214,,,
0.0,0.0,0.27011755108833313,,,
1.0,1.0,0.5108679533004761,,,
1.0,0.0,0.3362286686897278,,,
1.0,0.0,0.4797273278236389,,,
0.0,0.0,0.353464812040329,,,
0.0,0.0,0.24924655258655548,,,
1.0,1.0,0.7289459109306335,,,
1.0,1.0,0.7494522929191589,,,
0.0,1.0,0.5332063436508179,,,
0.0,0.0,0.42062151432037354,,,
0.0,0.0,0.36935529112815857,,,
1.0,0.0,0.4934605360031128,,,
1.0,1.0,0.6780170202255249,,,
0.0,0.0,0.42009851336479187,,,
1.0,1.0,0.6997185945510864,,,
1.0,1.0,0.6783729791641235,,,
0.0,0.0,0.344057559967041,,,
1.0,1.0,0.689347505569458,,,
0.0,0.0,0.4186547100543976,,,
0.0,0.0,0.42174285650253296,,,
1.0,1.0,0.6642594337463379,,,
1.0,1.0,0.5060269832611084,,,
1.0,0.0,0.388234943151474,,,
0.0,1.0,0.5576819181442261,,,
0.0,0.0,0.3223801851272583,,,
1.0,1.0,0.7316147089004517,,,
0.0,0.0,0.3290838301181793,,,
1.0,0.0,0.42255204916000366,,,
1.0,1.0,0.8868302702903748,,,
0.0,0.0,0.21814924478530884,,,
0.0,0.0,0.34728509187698364,,,
1.0,0.0,0.4816257059574127,,,
1.0,0.0,0.3634676933288574,,,
1.0,1.0,0.5611490607261658,,,
1.0,1.0,0.8124778270721436,,,
0.0,0.0,0.22913293540477753,,,
0.0,0.0,0.4331134855747223,,,
1.0,1.0,0.8446913957595825,,,
0.0,0.0,0.2766379415988922,,,
0.0,1.0,0.5479263663291931,,,
0.0,0.0,0.34892216324806213,,,
1.0,0.0,0.4940447509288788,,,
1.0,1.0,0.6583092212677002,,,
0.0,1.0,0.5518041253089905,,,
1.0,1.0,0.7451826333999634,,,
1.0,1.0,0.5926907062530518,,,
0.0,0.0,0.32638970017433167,,,
0.0,0.0,0.42357730865478516,,,
0.0,0.0,0.2824039161205292,,,
1.0,1.0,0.758135974407196,,,
0.0,0.0,0.3307410180568695,,,
1.0,1.0,0.8808341026306152,,,
1.0,0.0,0.3358488976955414,,,
1.0,1.0,0.7852858304977417,,,
0.0,0.0,0.43841496109962463,,,
0.0,1.0,0.7848672866821289,,,
0.0,0.0,0.4791603088378906,,,
1.0,1.0,0.6727970242500305,,,
1.0,1.0,0.6165992021560669,,,
1.0,0.0,0.42243722081184387,,,
0.0,0.0,0.3173656761646271,,,
0.0,1.0,0.8447484374046326,,,
0.0,0.0,0.17026790976524353,,,
1.0,1.0,0.5544062852859497,,,
0.0,0.0,0.25554707646369934,,,
1.0,0.0,0.3889487683773041,,,
0.0,0.0,0.19726960361003876,,,
1.0,0.0,0.23938678205013275,,,
0.0,0.0,0.4059130847454071,,,
1.0,1.0,0.5150495767593384,,,
0.0,0.0,0.3743191063404083,,,
1.0,0.0,0.32155758142471313,,,
0.0,0.0,0.24858304858207703,,,
0.0,0.0,0.34820637106895447,,,
1.0,1.0,0.7519245147705078,,,
1.0,1.0,0.7320829629898071,,,
1.0,1.0,0.5948352217674255,,,
0.0,1.0,0.588373601436615,,,
0.0,0.0,0.3451206088066101,,,
0.0,0.0,0.33838266134262085,,,
0.0,0.0,0.2106359601020813,,,
1.0,1.0,0.5519919991493225,,,
0.0,0.0,0.2521858513355255,,,
0.0,1.0,0.6139087080955505,,,
0.0,0.0,0.39444202184677124,,,
0.0,0.0,0.3591346740722656,,,
1.0,1.0,0.8141502141952515,,,
1.0,1.0,0.717876136302948,,,
0.0,0.0,0.4021591544151306,,,
0.0,1.0,0.5043063759803772,,,
1.0,0.0,0.4939400851726532,,,
1.0,1.0,0.5915974974632263,,,
0.0,0.0,0.25325262546539307,,,
0.0,1.0,0.5997573137283325,,,
1.0,1.0,0.9035879969596863,,,
0.0,0.0,0.341470330953598,,,
1.0,0.0,0.35434603691101074,,,
0.0,0.0,0.4838828146457672,,,
1.0,1.0,0.8092453479766846,,,
0.0,0.0,0.4589990973472595,,,
0.0,0.0,0.26432621479034424,,,
1.0,0.0,0.48457664251327515,,,
1.0,0.0,0.492553174495697,,,
0.0,0.0,0.19147862493991852,,,
1.0,1.0,0.532085657119751,,,
1.0,1.0,0.6974486112594604,,,
0.0,0.0,0.31367024779319763,,,
1.0,0.0,0.31055667996406555,,,
1.0,0.0,0.3048873841762543,,,
1.0,0.0,0.34533801674842834,,,
1.0,1.0,0.5879862308502197,,,
0.0,0.0,0.3605746626853943,,,
1.0,0.0,0.48468220233917236,,,
1.0,0.0,0.4043903946876526,,,
1.0,0.0,0.3728879988193512,,,
1.0,0.0,0.3924326002597809,,,
1.0,1.0,0.778224527835846,,,
1.0,1.0,0.5145258903503418,,,
0.0,0.0,0.2608945369720459,,,
0.0,0.0,0.20776063203811646,,,
1.0,0.0,0.48680248856544495,,,
0.0,0.0,0.32280969619750977,,,
0.0,0.0,0.3759044408798218,,,
1.0,1.0,0.806656539440155,,,
1.0,0.0,0.43555253744125366,,,
1.0,0.0,0.47376155853271484,,,
0.0,1.0,0.6182441711425781,,,
0.0,0.0,0.36264723539352417,,,
1.0,1.0,0.6050302982330322,,,
0.0,0.0,0.44117841124534607,,,
1.0,1.0,0.6308605074882507,,,
1.0,1.0,0.665909469127655,,,
1.0,1.0,0.9202747344970703,,,
1.0,0.0,0.48165833950042725,,,
0.0,0.0,0.3869594633579254,,,
1.0,0.0,0.3616318106651306,,,
0.0,0.0,0.22970636188983917,,,
1.0,0.0,0.40699875354766846,,,
0.0,0.0,0.45508310198783875,,,
1.0,0.0,0.4159659147262573,,,
0.0,0.0,0.3494470715522766,,,
0.0,0.0,0.2509286403656006,,,
1.0,1.0,0.5517407059669495,,,
1.0,1.0,0.5302038192749023,,,
0.0,0.0,0.3126208186149597,,,
1.0,1.0,0.836898684501648,,,
0.0,0.0,0.4072924256324768,,,
0.0,0.0,0.33224624395370483,,,
1.0,0.0,0.4935239255428314,,,
0.0,0.0,0.2011777013540268,,,
0.0,0.0,0.2773408591747284,,,
1.0,1.0,0.91839200258255,,,
0.0,0.0,0.4325110912322998,,,
0.0,0.0,0.475033164024353,,,
0.0,0.0,0.33204853534698486,,,
0.0,0.0,0.47986048460006714,,,
1.0,1.0,0.5929625630378723,,,
1.0,1.0,0.5733739137649536,,,
1.0,1.0,0.7494498491287231,,,
0.0,0.0,0.4169377088546753,,,
1.0,0.0,0.4263093173503876,,,
1.0,0.0,0.32844483852386475,,,
1.0,1.0,0.616595983505249,,,
1.0,0.0,0.42820408940315247,,,
1.0,1.0,0.6280088424682617,,,
1.0,1.0,0.8118178248405457,,,
1.0,1.0,0.8981583118438721,,,
1.0,0.0,0.4174939692020416,,,
1.0,1.0,0.6788389086723328,,,
0.0,1.0,0.57534259557724,,,
0.0,0.0,0.32686835527420044,,,
0.0,0.0,0.3947046101093292,,,
1.0,0.0,0.398607075214386,,,
1.0,0.0,0.46368905901908875,,,
1.0,0.0,0.3769032061100006,,,
0.0,0.0,0.321271687746048,,,
1.0,1.0,0.8634726405143738,,,
0.0,1.0,0.5466901063919067,,,
1.0,1.0,0.6469334959983826,,,
1.0,1.0,0.7420344948768616,,,
1.0,0.0,0.3196718990802765,,,
0.0,0.0,0.4433803856372833,,,
1.0,0.0,0.49572232365608215,,,
1.0,1.0,0.5459244847297668,,,
1.0,1.0,0.6387119293212891,,,
0.0,0.0,0.3726698160171509,,,
0.0,0.0,0.31800684332847595,,,
1.0,1.0,0.6196236610412598,,,
0.0,0.0,0.41810908913612366,,,
0.0,0.0,0.28996092081069946,,,
1.0,0.0,0.3285893201828003,,,
1.0,1.0,0.7179687023162842,,,
1.0,0.0,0.48193928599357605,,,
1.0,0.0,0.49833235144615173,,,
1.0,1.0,0.7227384448051453,,,
0.0,0.0,0.3289957046508789,,,
1.0,0.0,0.4549367129802704,,,
1.0,1.0,0.5482366681098938,,,
0.0,0.0,0.278559148311615,,,
0.0,0.0,0.4047524631023407,,,
0.0,0.0,0.35236048698425293,,,
0.0,0.0,0.45672407746315,,,
1.0,0.0,0.3624599575996399,,,
0.0,1.0,0.5542656183242798,,,
1.0,1.0,0.5317043662071228,,,
0.0,0.0,0.19263961911201477,,,
0.0,1.0,0.541843056678772,,,
1.0,1.0,0.9282193779945374,,,
1.0,0.0,0.44882455468177795,,,
1.0,0.0,0.3894738256931305,,,
1.0,1.0,0.7875788807868958,,,
1.0,1.0,0.5805190205574036,,,
0.0,0.0,0.2929072678089142,,,
0.0,0.0,0.42348089814186096,,,
1.0,1.0,0.5500648617744446,,,
0.0,0.0,0.176426500082016,,,
1.0,0.0,0.39846307039260864,,,
1.0,1.0,0.8508002758026123,,,
1.0,0.0,0.45930519700050354,,,
1.0,0.0,0.47283315658569336,,,
1.0,1.0,0.9264225363731384,,,
1.0,1.0,0.5256019830703735,,,
1.0,1.0,0.74153733253479,,,
1.0,1.0,0.72346031665802,,,
0.0,0.0,0.22188405692577362,,,
0.0,0.0,0.49421700835227966,,,
0.0,0.0,0.38538360595703125,,,
0.0,1.0,0.5517407059669495,,,
0.0,0.0,0.4455368220806122,,,
1.0,1.0,0.7848672866821289,,,
0.0,0.0,0.2113790065050125,,,
0.0,0.0,0.3908504843711853,,,
1.0,1.0,0.5401973128318787,,,
0.0,1.0,0.650238573551178,,,
1.0,1.0,0.8988149762153625,,,
0.0,0.0,0.26589882373809814,,,
0.0,0.0,0.20972055196762085,,,
1.0,1.0,0.6862460374832153,,,
1.0,1.0,0.6725320219993591,,,
1.0,0.0,0.4422597587108612,,,
1.0,1.0,0.600009560585022,,,
0.0,0.0,0.4065912663936615,,,
1.0,1.0,0.5548916459083557,,,
0.0,0.0,0.3155125677585602,,,
0.0,0.0,0.39680910110473633,,,
1.0,0.0,0.49744996428489685,,,
0.0,1.0,0.6305295825004578,,,
0.0,0.0,0.3270038366317749,,,
0.0,0.0,0.3622792661190033,,,
0.0,0.0,0.2509007453918457,,,
1.0,1.0,0.6878737211227417,,,
0.0,1.0,0.7333872318267822,,,
1.0,1.0,0.6264903545379639,,,
0.0,0.0,0.4819304645061493,,,
1.0,1.0,0.841464638710022,,,
0.0,0.0,0.30091655254364014,,,
1.0,1.0,0.5819320678710938,,,
1.0,1.0,0.5851123929023743,,,
1.0,0.0,0.26514309644699097,,,
1.0,0.0,0.2642988860607147,,,
1.0,1.0,0.5722399353981018,,,
0.0,0.0,0.3717869520187378,,,
0.0,1.0,0.6546311974525452,,,
1.0,1.0,0.7223885655403137,,,
0.0,0.0,0.43340131640434265,,,
0.0,0.0,0.3222529888153076,,,
1.0,0.0,0.44898515939712524,,,
0.0,0.0,0.3736826181411743,,,
0.0,0.0,0.3777075409889221,,,
0.0,0.0,0.4152955412864685,,,
1.0,1.0,0.5246452689170837,,,
1.0,1.0,0.5901355743408203,,,
0.0,0.0,0.21924255788326263,,,
1.0,1.0,0.822134256362915,,,
1.0,1.0,0.6453063488006592,,,
1.0,0.0,0.39680910110473633,,,
0.0,0.0,0.462089478969574,,,
1.0,1.0,0.6923410296440125,,,
1.0,0.0,0.37331855297088623,,,
0.0,0.0,0.283191442489624,,,
1.0,1.0,0.5178549885749817,,,
0.0,0.0,0.3720967173576355,,,
0.0,0.0,0.34350550174713135,,,
1.0,1.0,0.5315500497817993,,,
1.0,1.0,0.8439562916755676,,,
1.0,1.0,0.7692636847496033,,,
0.0,0.0,0.3641173243522644,,,
0.0,0.0,0.4248048663139343,,,
0.0,0.0,0.37942299246788025,,,
1.0,0.0,0.42741280794143677,,,
0.0,0.0,0.23233264684677124,,,
1.0,1.0,0.7521919012069702,,,
0.0,0.0,0.354336142539978,,,
1.0,1.0,0.6276084184646606,,,
1.0,0.0,0.4221779406070709,,,
1.0,1.0,0.6730603575706482,,,
1.0,1.0,0.6226914525032043,,,
1.0,1.0,0.8129788637161255,,,
1.0,0.0,0.45419079065322876,,,
0.0,0.0,0.3759044408798218,,,
1.0,1.0,0.7205102443695068,,,
1.0,1.0,0.6403713226318359,,,
0.0,0.0,0.4264373183250427,,,
0.0,0.0,0.3814409673213959,,,
0.0,0.0,0.2900193929672241,,,
1.0,1.0,0.5553627014160156,,,
1.0,1.0,0.5619240403175354,,,
1.0,0.0,0.3169633746147156,,,
0.0,0.0,0.3243807852268219,,,
1.0,1.0,0.6063409447669983,,,
0.0,0.0,0.4063054323196411,,,
1.0,1.0,0.5530460476875305,,,
0.0,0.0,0.2135760635137558,,,
0.0,1.0,0.5308183431625366,,,
1.0,1.0,0.9020082354545593,,,
0.0,0.0,0.34783944487571716,,,
0.0,0.0,0.2019599825143814,,,
0.0,0.0,0.17923623323440552,,,
1.0,1.0,0.828642725944519,,,
0.0,0.0,0.42180031538009644,,,
1.0,1.0,0.5166816711425781,,,
0.0,0.0,0.3987223505973816,,,
1.0,1.0,0.5536568760871887,,,
0.0,0.0,0.3217332661151886,,,
0.0,0.0,0.37390172481536865,,,
0.0,0.0,0.20439130067825317,,,
1.0,0.0,0.3622945249080658,,,
1.0,1.0,0.6758312582969666,,,
0.0,0.0,0.45012664794921875,,,
1.0,0.0,0.41278427839279175,,,
1.0,1.0,0.5071495175361633,,,
0.0,0.0,0.33723944425582886,,,
1.0,1.0,0.8135302066802979,,,
0.0,0.0,0.3590683043003082,,,
1.0,1.0,0.5740967988967896,,,
1.0,1.0,0.6699652671813965,,,
0.0,0.0,0.18444359302520752,,,
1.0,1.0,0.6129114627838135,,,
0.0,0.0,0.2834886312484741,,,
0.0,1.0,0.6157457828521729,,,
1.0,0.0,0.4356890916824341,,,
0.0,0.0,0.22402381896972656,,,
0.0,0.0,0.35901176929473877,,,
1.0,0.0,0.44100478291511536,,,
0.0,0.0,0.3700284957885742,,,
0.0,0.0,0.403824120759964,,,
1.0,1.0,0.8470423817634583,,,
1.0,1.0,0.6528990864753723,,,
0.0,0.0,0.34528130292892456,,,
1.0,1.0,0.5274986624717712,,,
1.0,1.0,0.6599349975585938,,,
0.0,0.0,0.2649371027946472,,,
0.0,0.0,0.15506267547607422,,,
0.0,1.0,0.5567519068717957,,,
1.0,1.0,0.5649635195732117,,,
0.0,0.0,0.3266507685184479,,,
1.0,0.0,0.36708205938339233,,,
1.0,0.0,0.35766470432281494,,,
0.0,0.0,0.2717662453651428,,,
1.0,1.0,0.5210012793540955,,,
1.0,1.0,0.6020955443382263,,,
0.0,0.0,0.427828848361969,,,
0.0,0.0,0.4643949866294861,,,
0.0,0.0,0.2537025213241577,,,
0.0,0.0,0.3610685169696808,,,
0.0,0.0,0.25434210896492004,,,
0.0,0.0,0.4201456606388092,,,
0.0,0.0,0.2274998128414154,,,
0.0,0.0,0.3631228804588318,,,
0.0,0.0,0.3740939497947693,,,
1.0,0.0,0.4716814160346985,,,
1.0,1.0,0.7793557643890381,,,
0.0,0.0,0.38825443387031555,,,
1.0,1.0,0.7883045673370361,,,
0.0,0.0,0.29433074593544006,,,
0.0,1.0,0.6895782351493835,,,
1.0,1.0,0.6868585348129272,,,
1.0,0.0,0.42330124974250793,,,
1.0,1.0,0.528350830078125,,,
0.0,0.0,0.4121157228946686,,,
1.0,1.0,0.6780441999435425,,,
0.0,0.0,0.37067633867263794,,,
0.0,0.0,0.24512384831905365,,,
0.0,0.0,0.390638530254364,,,
0.0,0.0,0.25325262546539307,,,
1.0,0.0,0.4991820156574249,,,
1.0,1.0,0.677765965461731,,,
0.0,0.0,0.3323204219341278,,,
0.0,0.0,0.29766690731048584,,,
0.0,0.0,0.3669781982898712,,,
1.0,1.0,0.5758469700813293,,,
1.0,0.0,0.3962920606136322,,,
1.0,1.0,0.5948352217674255,,,
0.0,0.0,0.44457313418388367,,,
1.0,0.0,0.4496879279613495,,,
0.0,1.0,0.5010749101638794,,,
1.0,1.0,0.6196494102478027,,,
0.0,0.0,0.47043871879577637,,,
0.0,1.0,0.5191837549209595,,,
1.0,1.0,0.768345832824707,,,
0.0,0.0,0.21790620684623718,,,
1.0,0.0,0.4943099617958069,,,
1.0,0.0,0.24553923308849335,,,
1.0,1.0,0.7797028422355652,,,
0.0,0.0,0.29507967829704285,,,
1.0,1.0,0.6856799125671387,,,
0.0,0.0,0.3070765435695648,,,
0.0,0.0,0.4541044533252716,,,
0.0,0.0,0.26119568943977356,,,
1.0,1.0,0.530167281627655,,,
1.0,0.0,0.353464812040329,,,
1.0,1.0,0.5239784717559814,,,
1.0,1.0,0.5063886642456055,,,
1.0,1.0,0.662022054195404,,,
0.0,0.0,0.3415415585041046,,,
1.0,0.0,0.45190706849098206,,,
1.0,0.0,0.4680471122264862,,,
1.0,0.0,0.4012420177459717,,,
0.0,0.0,0.2971315383911133,,,
1.0,1.0,0.8806599974632263,,,
1.0,0.0,0.4422597587108612,,,
1.0,1.0,0.858329713344574,,,
0.0,0.0,0.4323635697364807,,,
1.0,0.0,0.41001883149147034,,,
1.0,1.0,0.6852721571922302,,,
1.0,1.0,0.6100178360939026,,,
0.0,0.0,0.3121579587459564,,,
0.0,0.0,0.386087030172348,,,
0.0,0.0,0.4433867633342743,,,
0.0,0.0,0.4233008921146393,,,
0.0,0.0,0.46003517508506775,,,
1.0,1.0,0.6716364622116089,,,
0.0,0.0,0.28521081805229187,,,
1.0,1.0,0.6214735507965088,,,
1.0,1.0,0.8304404020309448,,,
1.0,1.0,0.6488162875175476,,,
0.0,0.0,0.37087342143058777,,,
0.0,0.0,0.3111121952533722,,,
1.0,1.0,0.7441960573196411,,,
0.0,0.0,0.18228262662887573,,,
1.0,0.0,0.4189419150352478,,,
0.0,0.0,0.36720624566078186,,,
0.0,0.0,0.2976730763912201,,,
0.0,1.0,0.6225445866584778,,,
0.0,0.0,0.3990175426006317,,,
1.0,0.0,0.4128947854042053,,,
0.0,0.0,0.4082789123058319,,,
0.0,0.0,0.34502512216567993,,,
0.0,0.0,0.3384269177913666,,,
1.0,0.0,0.43745705485343933,,,
0.0,0.0,0.47434502840042114,,,
1.0,0.0,0.4546948969364166,,,
1.0,1.0,0.501923143863678,,,
1.0,1.0,0.5597152709960938,,,
1.0,0.0,0.4336908161640167,,,
0.0,0.0,0.38403621315956116,,,
0.0,0.0,0.23999199271202087,,,
0.0,0.0,0.31164512038230896,,,
1.0,1.0,0.7307273745536804,,,
0.0,0.0,0.28539717197418213,,,
0.0,0.0,0.4026680290699005,,,
0.0,0.0,0.47312071919441223,,,
0.0,0.0,0.44617512822151184,,,
0.0,0.0,0.38796180486679077,,,
1.0,1.0,0.8034775257110596,,,
0.0,0.0,0.476838082075119,,,
0.0,0.0,0.34951916337013245,,,
0.0,0.0,0.3355960249900818,,,
0.0,0.0,0.33581334352493286,,,
0.0,0.0,0.23978646099567413,,,
0.0,0.0,0.39067506790161133,,,
1.0,1.0,0.688045859336853,,,
1.0,0.0,0.36430057883262634,,,
0.0,0.0,0.26609736680984497,,,
1.0,1.0,0.6113603711128235,,,
0.0,0.0,0.4712037146091461,,,
0.0,0.0,0.21955150365829468,,,
1.0,1.0,0.5211732983589172,,,
1.0,0.0,0.350314736366272,,,
1.0,0.0,0.3424541652202606,,,
0.0,0.0,0.468976765871048,,,
1.0,1.0,0.8631036281585693,,,
1.0,1.0,0.608153760433197,,,
1.0,1.0,0.509499192237854,,,
1.0,1.0,0.5395650267601013,,,
1.0,1.0,0.5553352236747742,,,
1.0,0.0,0.46421128511428833,,,
0.0,0.0,0.4435586631298065,,,
1.0,1.0,0.748910129070282,,,
0.0,0.0,0.47977742552757263,,,
0.0,0.0,0.26491662859916687,,,
1.0,1.0,0.5297197699546814,,,
1.0,1.0,0.5761419534683228,,,
0.0,0.0,0.43013712763786316,,,
0.0,0.0,0.3162175118923187,,,
0.0,0.0,0.36832836270332336,,,
1.0,1.0,0.5064370036125183,,,
0.0,0.0,0.41699573397636414,,,
1.0,1.0,0.5044782161712646,,,
0.0,1.0,0.6807466149330139,,,
0.0,0.0,0.36313164234161377,,,
1.0,1.0,0.5481115579605103,,,
1.0,0.0,0.44312578439712524,,,
1.0,1.0,0.8601943254470825,,,
0.0,0.0,0.3593043386936188,,,
0.0,0.0,0.4004040062427521,,,
0.0,0.0,0.29921308159828186,,,
0.0,0.0,0.308032751083374,,,
0.0,0.0,0.45874714851379395,,,
0.0,0.0,0.444181352853775,,,
1.0,0.0,0.3399619162082672,,,
1.0,1.0,0.5175491571426392,,,
1.0,1.0,0.5903396010398865,,,
0.0,0.0,0.3243807852268219,,,
0.0,0.0,0.3673991858959198,,,
1.0,1.0,0.7092206478118896,,,
0.0,0.0,0.3491651713848114,,,
1.0,1.0,0.7547246217727661,,,
1.0,1.0,0.715736448764801,,,
0.0,0.0,0.21059972047805786,,,
0.0,0.0,0.4082023799419403,,,
1.0,1.0,0.8806599974632263,,,
0.0,0.0,0.3657792806625366,,,
0.0,0.0,0.32155758142471313,,,
0.0,0.0,0.31795457005500793,,,
1.0,1.0,0.7782769203186035,,,
0.0,0.0,0.34244170784950256,,,
0.0,0.0,0.3212050795555115,,,
0.0,0.0,0.2314397543668747,,,
0.0,0.0,0.370473176240921,,,
1.0,1.0,0.6056203246116638,,,
1.0,1.0,0.5191677808761597,,,
0.0,0.0,0.3544990122318268,,,
1.0,0.0,0.4749128520488739,,,
0.0,0.0,0.41839712858200073,,,
0.0,0.0,0.34672972559928894,,,
0.0,0.0,0.18307414650917053,,,
1.0,0.0,0.3366684913635254,,,
0.0,0.0,0.18307414650917053,,,
1.0,1.0,0.5418798327445984,,,
1.0,1.0,0.6708478331565857,,,
1.0,1.0,0.5112807750701904,,,
1.0,1.0,0.5296797156333923,,,
0.0,0.0,0.3574639558792114,,,
0.0,0.0,0.3232501447200775,,,
0.0,0.0,0.2596345543861389,,,
0.0,0.0,0.44886940717697144,,,
1.0,0.0,0.2223336100578308,,,
0.0,1.0,0.518302321434021,,,
1.0,0.0,0.4132498800754547,,,
1.0,1.0,0.6719306707382202,,,
0.0,0.0,0.2045612782239914,,,
0.0,0.0,0.3342283070087433,,,
0.0,0.0,0.2720242738723755,,,
1.0,1.0,0.7504163980484009,,,
1.0,1.0,0.7016355395317078,,,
1.0,0.0,0.2556054890155792,,,
0.0,1.0,0.5394983291625977,,,
0.0,0.0,0.30629199743270874,,,
1.0,1.0,0.8149260878562927,,,
1.0,1.0,0.6264679431915283,,,
0.0,1.0,0.5308810472488403,,,
0.0,0.0,0.3692120909690857,,,
1.0,1.0,0.7202611565589905,,,
0.0,0.0,0.31869956851005554,,,
1.0,0.0,0.3212786912918091,,,
1.0,0.0,0.3022436499595642,,,
1.0,1.0,0.5142262578010559,,,
0.0,0.0,0.18307414650917053,,,
1.0,1.0,0.5399512648582458,,,
0.0,0.0,0.2798515260219574,,,
1.0,0.0,0.3812987804412842,,,
0.0,0.0,0.2027740478515625,,,
1.0,1.0,0.6450770497322083,,,
0.0,0.0,0.180219367146492,,,
1.0,1.0,0.5137702822685242,,,
0.0,0.0,0.38526180386543274,,,
0.0,0.0,0.3121945261955261,,,
1.0,1.0,0.5680972337722778,,,
1.0,1.0,0.5184454917907715,,,
0.0,1.0,0.5617554187774658,,,
0.0,1.0,0.5336402654647827,,,
1.0,1.0,0.5495353937149048,,,
0.0,1.0,0.5190783739089966,,,
0.0,0.0,0.27026087045669556,,,
0.0,0.0,0.37193727493286133,,,
0.0,0.0,0.4877762496471405,,,
1.0,1.0,0.8913714289665222,,,
0.0,0.0,0.41430044174194336,,,
0.0,0.0,0.40829500555992126,,,
0.0,1.0,0.6973993182182312,,,
0.0,0.0,0.4014531672000885,,,
1.0,1.0,0.8215504884719849,,,
1.0,1.0,0.8565177321434021,,,
0.0,0.0,0.3673386871814728,,,
1.0,1.0,0.8573582172393799,,,
0.0,1.0,0.5139151811599731,,,
1.0,1.0,0.8781839609146118,,,
0.0,0.0,0.2791772186756134,,,
1.0,1.0,0.8098168969154358,,,
1.0,1.0,0.6053370237350464,,,
1.0,0.0,0.4251982569694519,,,
0.0,0.0,0.4368642568588257,,,
1.0,1.0,0.6198835372924805,,,
1.0,0.0,0.3881545066833496,,,
0.0,0.0,0.3426186442375183,,,
0.0,0.0,0.4948388934135437,,,
1.0,1.0,0.7494240999221802,,,
0.0,0.0,0.2830694317817688,,,
0.0,0.0,0.19440513849258423,,,
1.0,1.0,0.8302615284919739,,,
1.0,1.0,0.6497689485549927,,,
0.0,0.0,0.36698755621910095,,,
1.0,1.0,0.7643555402755737,,,
1.0,0.0,0.474758505821228,,,
0.0,0.0,0.3452156186103821,,,
1.0,1.0,0.9028977155685425,,,
1.0,0.0,0.44251564145088196,,,
0.0,0.0,0.3106900453567505,,,
0.0,0.0,0.2583986222743988,,,
1.0,1.0,0.5941393375396729,,,
0.0,0.0,0.46986091136932373,,,
0.0,0.0,0.376047283411026,,,
0.0,0.0,0.3712564706802368,,,
1.0,1.0,0.8627877235412598,,,
0.0,0.0,0.23990775644779205,,,
0.0,0.0,0.34221333265304565,,,
0.0,0.0,0.22415336966514587,,,
0.0,0.0,0.34401705861091614,,,
1.0,1.0,0.5794646739959717,,,
1.0,0.0,0.43585479259490967,,,
1.0,1.0,0.545475423336029,,,
0.0,0.0,0.34255847334861755,,,
0.0,0.0,0.2264450043439865,,,
1.0,1.0,0.6650938391685486,,,
0.0,0.0,0.3078772723674774,,,
0.0,0.0,0.13882683217525482,,,
1.0,1.0,0.6276856064796448,,,
0.0,0.0,0.3174017667770386,,,
0.0,0.0,0.30382516980171204,,,
1.0,0.0,0.31290408968925476,,,
1.0,1.0,0.6261739134788513,,,
0.0,0.0,0.3705609142780304,,,
0.0,0.0,0.3051324486732483,,,
0.0,0.0,0.48269006609916687,,,
0.0,0.0,0.2673455476760864,,,
1.0,0.0,0.3449937403202057,,,
0.0,0.0,0.3944205939769745,,,
0.0,0.0,0.49123305082321167,,,
0.0,0.0,0.23271358013153076,,,
1.0,0.0,0.41441383957862854,,,
1.0,0.0,0.3355030417442322,,,
1.0,0.0,0.3301144540309906,,,
1.0,1.0,0.6256474852561951,,,
1.0,0.0,0.38940921425819397,,,
0.0,0.0,0.2521858513355255,,,
0.0,0.0,0.37089329957962036,,,
0.0,0.0,0.4761216342449188,,,
1.0,1.0,0.6416053771972656,,,
0.0,0.0,0.2823649048805237,,,
0.0,0.0,0.44946056604385376,,,
0.0,0.0,0.4421951472759247,,,
0.0,1.0,0.7895106673240662,,,
0.0,0.0,0.3231585621833801,,,
0.0,0.0,0.28378528356552124,,,
0.0,0.0,0.3476630747318268,,,
1.0,1.0,0.6074714064598083,,,
0.0,0.0,0.2379911094903946,,,
1.0,1.0,0.6441667675971985,,,
1.0,0.0,0.3471267521381378,,,
0.0,0.0,0.20764900743961334,,,
0.0,0.0,0.4324987828731537,,,
1.0,1.0,0.5331405997276306,,,
0.0,0.0,0.341470330953598,,,
1.0,1.0,0.8210011720657349,,,
0.0,0.0,0.4023963212966919,,,
0.0,0.0,0.30345121026039124,,,
1.0,1.0,0.778224527835846,,,
1.0,1.0,0.5228351354598999,,,
0.0,0.0,0.23722225427627563,,,
1.0,0.0,0.4287562668323517,,,
0.0,1.0,0.537777841091156,,,
0.0,0.0,0.38168954849243164,,,
0.0,0.0,0.21745066344738007,,,
0.0,0.0,0.28381240367889404,,,
0.0,0.0,0.25902020931243896,,,
0.0,1.0,0.6811007261276245,,,
1.0,0.0,0.4983321726322174,,,
1.0,1.0,0.8950904011726379,,,
1.0,0.0,0.30409836769104004,,,
0.0,0.0,0.26610398292541504,,,
0.0,0.0,0.4020337462425232,,,
1.0,0.0,0.49963775277137756,,,
0.0,0.0,0.30062663555145264,,,
0.0,0.0,0.3090713918209076,,,
1.0,1.0,0.5735144019126892,,,
1.0,0.0,0.36636844277381897,,,
0.0,0.0,0.2309282273054123,,,
0.0,0.0,0.38178086280822754,,,
1.0,0.0,0.43327322602272034,,,
0.0,0.0,0.3430531919002533,,,
0.0,0.0,0.34769558906555176,,,
0.0,1.0,0.5197632908821106,,,
1.0,0.0,0.3667575716972351,,,
1.0,1.0,0.6540394425392151,,,
0.0,1.0,0.703276515007019,,,
1.0,1.0,0.6933221817016602,,,
0.0,1.0,0.6375437378883362,,,
1.0,0.0,0.47808709740638733,,,
0.0,0.0,0.4544699490070343,,,
0.0,0.0,0.2266058623790741,,,
1.0,0.0,0.38086313009262085,,,
0.0,0.0,0.19726960361003876,,,
1.0,1.0,0.5624228119850159,,,
0.0,1.0,0.5296226143836975,,,
1.0,1.0,0.8263550996780396,,,
0.0,0.0,0.3997536599636078,,,
1.0,1.0,0.5972352623939514,,,
1.0,0.0,0.40548622608184814,,,
0.0,0.0,0.35015445947647095,,,
0.0,0.0,0.4068540930747986,,,
1.0,0.0,0.44584402441978455,,,
0.0,0.0,0.34499332308769226,,,
1.0,0.0,0.43120959401130676,,,
1.0,1.0,0.5064370036125183,,,
0.0,1.0,0.6000074148178101,,,
1.0,1.0,0.5814181566238403,,,
0.0,0.0,0.35588717460632324,,,
1.0,1.0,0.5805190205574036,,,
1.0,1.0,0.5063260197639465,,,
0.0,0.0,0.341470330953598,,,
1.0,1.0,0.667453408241272,,,
0.0,0.0,0.3447457253932953,,,
1.0,1.0,0.7946553826332092,,,
0.0,0.0,0.23207268118858337,,,
1.0,0.0,0.42050766944885254,,,
1.0,0.0,0.45891568064689636,,,
1.0,0.0,0.39092567563056946,,,
1.0,1.0,0.6629678606987,,,
1.0,1.0,0.6583302021026611,,,
1.0,1.0,0.6812241673469543,,,
0.0,0.0,0.46492353081703186,,,
0.0,0.0,0.33991995453834534,,,
1.0,1.0,0.7462656497955322,,,
0.0,0.0,0.3539179861545563,,,
0.0,0.0,0.34051766991615295,,,
1.0,1.0,0.5894632339477539,,,
0.0,0.0,0.4169203042984009,,,
1.0,1.0,0.7037985920906067,,,
0.0,0.0,0.3508904278278351,,,
0.0,0.0,0.34132155776023865,,,
0.0,0.0,0.3776736557483673,,,
0.0,0.0,0.21745066344738007,,,
1.0,0.0,0.38849854469299316,,,
1.0,0.0,0.31795534491539,,,
1.0,0.0,0.3763057589530945,,,
0.0,0.0,0.41464492678642273,,,
1.0,1.0,0.5771697163581848,,,
1.0,1.0,0.5271905064582825,,,
0.0,0.0,0.2935238480567932,,,
0.0,0.0,0.34185245633125305,,,
1.0,1.0,0.5506492853164673,,,
1.0,1.0,0.8507062792778015,,,
0.0,0.0,0.4470812976360321,,,
1.0,0.0,0.4634694457054138,,,
0.0,0.0,0.33183982968330383,,,
0.0,0.0,0.1553122103214264,,,
0.0,0.0,0.381821870803833,,,
1.0,1.0,0.715736448764801,,,
0.0,0.0,0.3211159408092499,,,
1.0,1.0,0.5514376759529114,,,
0.0,0.0,0.40673139691352844,,,
1.0,1.0,0.7574747800827026,,,
1.0,1.0,0.8652295470237732,,,
0.0,0.0,0.23601464927196503,,,
1.0,1.0,0.5174190998077393,,,
1.0,0.0,0.3679017126560211,,,
1.0,0.0,0.4760778546333313,,,
1.0,1.0,0.7314009666442871,,,
0.0,1.0,0.5662524700164795,,,
0.0,1.0,0.5953061580657959,,,
0.0,0.0,0.32074806094169617,,,
1.0,0.0,0.4700183868408203,,,
1.0,1.0,0.8627686500549316,,,
1.0,1.0,0.6125284433364868,,,
1.0,1.0,0.7338837385177612,,,
0.0,0.0,0.3199026882648468,,,
0.0,0.0,0.32288575172424316,,,
0.0,0.0,0.39527180790901184,,,
0.0,0.0,0.2989135682582855,,,
1.0,1.0,0.6907373070716858,,,
0.0,0.0,0.3722948133945465,,,
0.0,0.0,0.3805634677410126,,,
0.0,0.0,0.23038730025291443,,,
0.0,0.0,0.2978813350200653,,,
0.0,0.0,0.295377641916275,,,
0.0,0.0,0.33048152923583984,,,
1.0,1.0,0.5237986445426941,,,
0.0,0.0,0.4153151214122772,,,
1.0,0.0,0.48167118430137634,,,
1.0,1.0,0.6598294377326965,,,
1.0,1.0,0.8415972590446472,,,
1.0,0.0,0.46062394976615906,,,
0.0,0.0,0.39443808794021606,,,
1.0,0.0,0.3369828164577484,,,
0.0,0.0,0.4682967960834503,,,
1.0,0.0,0.36858704686164856,,,
1.0,0.0,0.4101218581199646,,,
1.0,0.0,0.48710083961486816,,,
0.0,0.0,0.2314397543668747,,,
0.0,0.0,0.2798515260219574,,,
0.0,0.0,0.2639988362789154,,,
0.0,0.0,0.3115992248058319,,,
0.0,0.0,0.3214578628540039,,,
0.0,0.0,0.28155815601348877,,,
1.0,1.0,0.6509166359901428,,,
1.0,1.0,0.9048256874084473,,,
0.0,0.0,0.32648831605911255,,,
1.0,1.0,0.8865661025047302,,,
0.0,0.0,0.3106900453567505,,,
1.0,0.0,0.3981105387210846,,,
1.0,1.0,0.6381838917732239,,,
0.0,0.0,0.32167938351631165,,,
0.0,0.0,0.44117841124534607,,,
0.0,0.0,0.27769240736961365,,,
1.0,1.0,0.6551334261894226,,,
1.0,1.0,0.5638335943222046,,,
0.0,0.0,0.2597633898258209,,,
1.0,1.0,0.5891178250312805,,,
1.0,0.0,0.33714759349823,,,
0.0,1.0,0.7363347411155701,,,
1.0,0.0,0.41558486223220825,,,
1.0,1.0,0.7885656356811523,,,
0.0,0.0,0.438935786485672,,,
1.0,1.0,0.5978431701660156,,,
1.0,0.0,0.3892725110054016,,,
1.0,0.0,0.39526909589767456,,,
1.0,1.0,0.7997320890426636,,,
1.0,0.0,0.46271955966949463,,,
1.0,0.0,0.3223932087421417,,,
1.0,0.0,0.31174221634864807,,,
1.0,1.0,0.6155316829681396,,,
0.0,1.0,0.531856119632721,,,
1.0,1.0,0.5301185846328735,,,
0.0,0.0,0.36579403281211853,,,
1.0,0.0,0.488077312707901,,,
1.0,1.0,0.7782769203186035,,,
0.0,0.0,0.37530919909477234,,,
1.0,0.0,0.43892019987106323,,,
0.0,0.0,0.29510369896888733,,,
1.0,1.0,0.8688100576400757,,,
0.0,0.0,0.3554462492465973,,,
1.0,1.0,0.621863067150116,,,
1.0,1.0,0.5066550374031067,,,
0.0,0.0,0.22134488821029663,,,
0.0,0.0,0.29705652594566345,,,
0.0,0.0,0.4103080928325653,,,
1.0,1.0,0.6689856648445129,,,
1.0,0.0,0.3957163095474243,,,
0.0,0.0,0.3447457253932953,,,
1.0,1.0,0.9259752631187439,,,
0.0,0.0,0.2864992320537567,,,
0.0,0.0,0.4626482129096985,,,
0.0,0.0,0.3938102126121521,,,
0.0,0.0,0.29453492164611816,,,
1.0,1.0,0.5329152345657349,,,
1.0,1.0,0.6428444385528564,,,
0.0,0.0,0.3723641037940979,,,
0.0,0.0,0.39843401312828064,,,
0.0,0.0,0.46015292406082153,,,
1.0,1.0,0.5816928148269653,,,
1.0,1.0,0.6148459911346436,,,
1.0,1.0,0.7792770862579346,,,
0.0,0.0,0.37182438373565674,,,
0.0,0.0,0.4289713203907013,,,
1.0,0.0,0.41048985719680786,,,
0.0,1.0,0.5964294672012329,,,
1.0,0.0,0.4053528308868408,,,
1.0,0.0,0.402955025434494,,,
1.0,0.0,0.37167781591415405,,,
1.0,1.0,0.8058422207832336,,,
1.0,1.0,0.7782769203186035,,,
0.0,0.0,0.25483429431915283,,,
0.0,0.0,0.3197353184223175,,,
1.0,0.0,0.428731769323349,,,
0.0,0.0,0.2708357274532318,,,
1.0,1.0,0.6714049577713013,,,
1.0,0.0,0.42982563376426697,,,
0.0,0.0,0.2418636679649353,,,
1.0,0.0,0.38086313009262085,,,
0.0,0.0,0.3857671916484833,,,
0.0,0.0,0.47713154554367065,,,
0.0,0.0,0.20224352180957794,,,
0.0,0.0,0.2615663707256317,,,
0.0,0.0,0.3056830167770386,,,
0.0,0.0,0.45785295963287354,,,
0.0,0.0,0.4176885485649109,,,
1.0,0.0,0.28814756870269775,,,
1.0,1.0,0.8339790105819702,,,
0.0,0.0,0.2829655706882477,,,
0.0,0.0,0.3396390974521637,,,
0.0,0.0,0.40574800968170166,,,
0.0,0.0,0.3605547547340393,,,
1.0,1.0,0.8922850489616394,,,
1.0,0.0,0.42329517006874084,,,
0.0,1.0,0.6410216093063354,,,
1.0,1.0,0.7038347721099854,,,
1.0,1.0,0.7190299034118652,,,
1.0,1.0,0.5484825968742371,,,
1.0,1.0,0.5843403935432434,,,
1.0,1.0,0.8344557285308838,,,
0.0,0.0,0.28578102588653564,,,
1.0,1.0,0.5937517881393433,,,
1.0,1.0,0.706626296043396,,,
0.0,0.0,0.43884527683258057,,,
1.0,1.0,0.6797575950622559,,,
1.0,1.0,0.9020503163337708,,,
1.0,1.0,0.6216555833816528,,,
0.0,1.0,0.6406053304672241,,,
1.0,1.0,0.5770854353904724,,,
0.0,1.0,0.5021695494651794,,,
1.0,1.0,0.7284985184669495,,,
1.0,1.0,0.5794941782951355,,,
1.0,1.0,0.7135035991668701,,,
1.0,1.0,0.6406874656677246,,,
0.0,0.0,0.3222529888153076,,,
0.0,0.0,0.30354371666908264,,,
0.0,0.0,0.2500682771205902,,,
1.0,1.0,0.5075613260269165,,,
0.0,0.0,0.3526930510997772,,,
1.0,1.0,0.8882347345352173,,,
0.0,0.0,0.3791740834712982,,,
0.0,1.0,0.5724940896034241,,,
1.0,1.0,0.5153113603591919,,,
0.0,0.0,0.2791772186756134,,,
1.0,0.0,0.43176043033599854,,,
1.0,0.0,0.3969530463218689,,,
1.0,0.0,0.47539493441581726,,,
0.0,0.0,0.3738633096218109,,,
0.0,0.0,0.36964139342308044,,,
1.0,1.0,0.8701571226119995,,,
0.0,0.0,0.2716871201992035,,,
0.0,0.0,0.4372100830078125,,,
1.0,1.0,0.5087831020355225,,,
0.0,0.0,0.37190431356430054,,,
1.0,0.0,0.45477861166000366,,,
1.0,1.0,0.9029287695884705,,,
0.0,0.0,0.31610438227653503,,,
0.0,0.0,0.4155728816986084,,,
1.0,1.0,0.7483518123626709,,,
1.0,1.0,0.7486453652381897,,,
1.0,0.0,0.32456228137016296,,,
1.0,1.0,0.6130837798118591,,,
1.0,0.0,0.4129783511161804,,,
1.0,0.0,0.24278569221496582,,,
1.0,0.0,0.49825817346572876,,,
1.0,0.0,0.37792491912841797,,,
0.0,0.0,0.3627327084541321,,,
1.0,1.0,0.6366804838180542,,,
1.0,1.0,0.7092830538749695,,,
1.0,0.0,0.4995373487472534,,,
0.0,0.0,0.3493451476097107,,,
0.0,0.0,0.4206734001636505,,,
1.0,1.0,0.6579969525337219,,,
1.0,1.0,0.6903265714645386,,,
0.0,0.0,0.4865569770336151,,,
1.0,1.0,0.9182986617088318,,,
1.0,0.0,0.4851192235946655,,,
1.0,0.0,0.3454424738883972,,,
1.0,0.0,0.47025066614151,,,
0.0,0.0,0.4139679968357086,,,
1.0,1.0,0.770365297794342,,,
1.0,1.0,0.7655265927314758,,,
1.0,1.0,0.644747257232666,,,
0.0,0.0,0.3975345492362976,,,
1.0,1.0,0.7815568447113037,,,
1.0,0.0,0.37313002347946167,,,
1.0,1.0,0.8021011352539062,,,
1.0,1.0,0.687758207321167,,,
0.0,0.0,0.36216607689857483,,,
0.0,0.0,0.4887368977069855,,,
1.0,1.0,0.7508214712142944,,,
1.0,1.0,0.7693479657173157,,,
0.0,0.0,0.42916351556777954,,,
1.0,1.0,0.5023658871650696,,,
1.0,1.0,0.5916787981987,,,
1.0,1.0,0.7918148040771484,,,
1.0,1.0,0.5198213458061218,,,
1.0,1.0,0.7310411334037781,,,
1.0,1.0,0.6784778833389282,,,
1.0,1.0,0.8233208060264587,,,
1.0,1.0,0.8705684542655945,,,
0.0,0.0,0.30479511618614197,,,
0.0,0.0,0.20681963860988617,,,
1.0,0.0,0.2516317069530487,,,
1.0,0.0,0.37899917364120483,,,
1.0,1.0,0.5409424901008606,,,
1.0,1.0,0.6339583992958069,,,
1.0,1.0,0.5631702542304993,,,
0.0,0.0,0.24831967055797577,,,
1.0,1.0,0.7579387426376343,,,
0.0,0.0,0.257086843252182,,,
0.0,1.0,0.818082332611084,,,
0.0,1.0,0.5470567941665649,,,
1.0,1.0,0.6192499995231628,,,
0.0,0.0,0.39181554317474365,,,
0.0,1.0,0.5186117887496948,,,
0.0,0.0,0.24553923308849335,,,
0.0,1.0,0.5442882180213928,,,
0.0,0.0,0.35763952136039734,,,
0.0,0.0,0.32669758796691895,,,
0.0,0.0,0.2208840698003769,,,
1.0,1.0,0.9161547422409058,,,
1.0,1.0,0.8208238482475281,,,
0.0,0.0,0.3804264962673187,,,
0.0,0.0,0.19147862493991852,,,
1.0,0.0,0.37210965156555176,,,
1.0,0.0,0.28478601574897766,,,
0.0,0.0,0.4524778425693512,,,
0.0,0.0,0.43058207631111145,,,
0.0,0.0,0.2545405626296997,,,
1.0,1.0,0.6770843267440796,,,
0.0,0.0,0.4102790951728821,,,
1.0,1.0,0.7077110409736633,,,
1.0,1.0,0.8669675588607788,,,
1.0,0.0,0.49120956659317017,,,
0.0,0.0,0.2636527121067047,,,
1.0,1.0,0.858329713344574,,,
0.0,0.0,0.28996092081069946,,,
0.0,0.0,0.41848477721214294,,,
1.0,0.0,0.4475230276584625,,,
0.0,0.0,0.3713929355144501,,,
1.0,0.0,0.4365498721599579,,,
0.0,0.0,0.46299299597740173,,,
0.0,1.0,0.5155467391014099,,,
1.0,1.0,0.5201625823974609,,,
1.0,1.0,0.5948352217674255,,,
1.0,1.0,0.6554816961288452,,,
1.0,0.0,0.40840351581573486,,,
0.0,0.0,0.3759838044643402,,,
0.0,0.0,0.3297359347343445,,,
0.0,0.0,0.3864576518535614,,,
0.0,0.0,0.31186968088150024,,,
0.0,0.0,0.27457842230796814,,,
0.0,0.0,0.3046784996986389,,,
1.0,1.0,0.9419140219688416,,,
1.0,0.0,0.37565502524375916,,,
1.0,0.0,0.3227934241294861,,,
0.0,0.0,0.3993225395679474,,,
0.0,0.0,0.20895113050937653,,,
0.0,1.0,0.6428170204162598,,,
0.0,0.0,0.4574989676475525,,,
0.0,0.0,0.15521934628486633,,,
0.0,0.0,0.3124300241470337,,,
1.0,0.0,0.49916917085647583,,,
0.0,0.0,0.38682621717453003,,,
1.0,1.0,0.8902314305305481,,,
0.0,1.0,0.5599353909492493,,,
1.0,1.0,0.6093267798423767,,,
1.0,0.0,0.33053481578826904,,,
1.0,1.0,0.6660643815994263,,,
0.0,0.0,0.47944799065589905,,,
0.0,1.0,0.5043063759803772,,,
0.0,0.0,0.37310293316841125,,,
0.0,0.0,0.3570229113101959,,,
1.0,0.0,0.4651799201965332,,,
0.0,0.0,0.38277265429496765,,,
1.0,1.0,0.6582858562469482,,,
0.0,0.0,0.3980577886104584,,,
1.0,0.0,0.3247787058353424,,,
1.0,1.0,0.5108364820480347,,,
0.0,0.0,0.3196718990802765,,,
0.0,0.0,0.3537209928035736,,,
0.0,1.0,0.5735489726066589,,,
0.0,0.0,0.2920657992362976,,,
1.0,1.0,0.5958093404769897,,,
1.0,1.0,0.7184117436408997,,,
1.0,0.0,0.4850318133831024,,,
0.0,0.0,0.4909745752811432,,,
1.0,0.0,0.17923623323440552,,,
1.0,0.0,0.481091171503067,,,
0.0,0.0,0.3972890079021454,,,
0.0,1.0,0.5326517820358276,,,
0.0,0.0,0.44203194975852966,,,
1.0,1.0,0.5887696146965027,,,
0.0,0.0,0.29500025510787964,,,
1.0,0.0,0.46275991201400757,,,
1.0,1.0,0.5197860598564148,,,
1.0,1.0,0.5127431750297546,,,
0.0,0.0,0.3634919226169586,,,
1.0,1.0,0.8219216465950012,,,
1.0,1.0,0.7903988361358643,,,
0.0,0.0,0.3464057743549347,,,
1.0,1.0,0.6495062708854675,,,
0.0,0.0,0.26649346947669983,,,
0.0,0.0,0.3001593053340912,,,
0.0,0.0,0.3746090829372406,,,
0.0,1.0,0.6520193219184875,,,
1.0,0.0,0.4139847755432129,,,
1.0,1.0,0.7092206478118896,,,
1.0,1.0,0.8623090386390686,,,
0.0,0.0,0.22788412868976593,,,
0.0,0.0,0.3174724876880646,,,
0.0,0.0,0.3849153220653534,,,
1.0,0.0,0.49682241678237915,,,
1.0,1.0,0.6341589093208313,,,
1.0,0.0,0.2773408591747284,,,
1.0,0.0,0.26657724380493164,,,
1.0,1.0,0.5338897705078125,,,
1.0,0.0,0.42989128828048706,,,
0.0,0.0,0.2832105755805969,,,
0.0,0.0,0.23641954362392426,,,
1.0,0.0,0.3689277768135071,,,
0.0,0.0,0.35837140679359436,,,
0.0,0.0,0.4240644872188568,,,
0.0,0.0,0.2846202552318573,,,
1.0,0.0,0.4740351736545563,,,
0.0,0.0,0.39685431122779846,,,
1.0,0.0,0.4789762496948242,,,
0.0,0.0,0.316712349653244,,,
1.0,1.0,0.5703513026237488,,,
0.0,1.0,0.637968897819519,,,
0.0,0.0,0.46828633546829224,,,
1.0,1.0,0.6933117508888245,,,
0.0,0.0,0.39421728253364563,,,
0.0,0.0,0.36953821778297424,,,
0.0,0.0,0.43957000970840454,,,
1.0,0.0,0.28803136944770813,,,
0.0,0.0,0.22376562654972076,,,
1.0,1.0,0.9152933955192566,,,
1.0,1.0,0.5863664746284485,,,
0.0,0.0,0.41046687960624695,,,
1.0,1.0,0.7404779195785522,,,
1.0,1.0,0.7601157426834106,,,
1.0,0.0,0.43233463168144226,,,
0.0,0.0,0.33827367424964905,,,
1.0,0.0,0.4381270408630371,,,
0.0,0.0,0.27430248260498047,,,
1.0,1.0,0.7190326452255249,,,
1.0,1.0,0.6645945906639099,,,
0.0,0.0,0.3471267521381378,,,
0.0,0.0,0.42643848061561584,,,
0.0,0.0,0.23449300229549408,,,
1.0,0.0,0.46940094232559204,,,
1.0,1.0,0.8585879802703857,,,
0.0,0.0,0.3565210998058319,,,
1.0,1.0,0.8418391346931458,,,
0.0,0.0,0.3547092378139496,,,
0.0,0.0,0.3136431574821472,,,
0.0,1.0,0.5807731747627258,,,
1.0,1.0,0.5274986624717712,,,
1.0,0.0,0.4268399178981781,,,
0.0,0.0,0.3104112148284912,,,
0.0,0.0,0.2864561080932617,,,
1.0,0.0,0.3683326542377472,,,
1.0,1.0,0.6705908179283142,,,
0.0,0.0,0.3688066005706787,,,
1.0,1.0,0.8174547553062439,,,
0.0,0.0,0.35602515935897827,,,
0.0,0.0,0.2800326347351074,,,
0.0,0.0,0.26596128940582275,,,
0.0,0.0,0.23041950166225433,,,
1.0,1.0,0.5222198963165283,,,
0.0,1.0,0.5951613187789917,,,
0.0,0.0,0.3244955837726593,,,
0.0,1.0,0.6835505962371826,,,
0.0,0.0,0.4896146059036255,,,
1.0,1.0,0.6540394425392151,,,
1.0,1.0,0.5664974451065063,,,
0.0,1.0,0.6432908177375793,,,
0.0,0.0,0.32765746116638184,,,
0.0,0.0,0.3417017161846161,,,
0.0,0.0,0.4610472023487091,,,
0.0,0.0,0.39073610305786133,,,
1.0,0.0,0.30231019854545593,,,
0.0,0.0,0.2888313829898834,,,
0.0,0.0,0.366279274225235,,,
0.0,0.0,0.26910826563835144,,,
1.0,1.0,0.7646790146827698,,,
0.0,1.0,0.5278810262680054,,,
0.0,0.0,0.33870890736579895,,,
1.0,0.0,0.437950074672699,,,
0.0,1.0,0.5006402134895325,,,
0.0,0.0,0.3291284739971161,,,
1.0,1.0,0.8015702962875366,,,
1.0,1.0,0.6616671085357666,,,
0.0,0.0,0.3197784125804901,,,
1.0,0.0,0.4082789123058319,,,
0.0,0.0,0.4396255612373352,,,
0.0,0.0,0.3768957257270813,,,
1.0,1.0,0.8136460185050964,,,
0.0,0.0,0.43596068024635315,,,
0.0,0.0,0.4551255404949188,,,
0.0,0.0,0.35942572355270386,,,
1.0,1.0,0.7250632047653198,,,
1.0,1.0,0.9074310064315796,,,
1.0,0.0,0.47386980056762695,,,
1.0,1.0,0.7200499773025513,,,
1.0,1.0,0.6347761154174805,,,
1.0,0.0,0.4235555827617645,,,
0.0,0.0,0.33755990862846375,,,
0.0,0.0,0.3509786128997803,,,
1.0,1.0,0.5463712811470032,,,
1.0,1.0,0.7035403251647949,,,
0.0,0.0,0.2719840109348297,,,
1.0,1.0,0.5818935632705688,,,
1.0,1.0,0.7501744031906128,,,
0.0,0.0,0.38987383246421814,,,
0.0,0.0,0.41243913769721985,,,
1.0,0.0,0.43562158942222595,,,
1.0,1.0,0.8634726405143738,,,
1.0,1.0,0.572310209274292,,,
1.0,1.0,0.8415972590446472,,,
0.0,0.0,0.4633907079696655,,,
0.0,1.0,0.6700007915496826,,,
0.0,0.0,0.3445740044116974,,,
1.0,1.0,0.5438641309738159,,,
0.0,0.0,0.2135760635137558,,,
0.0,0.0,0.4490990936756134,,,
1.0,1.0,0.6627533435821533,,,
0.0,0.0,0.24331268668174744,,,
0.0,0.0,0.28689447045326233,,,
0.0,0.0,0.4407820701599121,,,
1.0,0.0,0.406926691532135,,,
1.0,1.0,0.662561297416687,,,
1.0,0.0,0.48100170493125916,,,
1.0,1.0,0.6661903262138367,,,
1.0,1.0,0.5789937376976013,,,
0.0,0.0,0.24724440276622772,,,
1.0,0.0,0.36368051171302795,,,
1.0,1.0,0.8669268488883972,,,
1.0,1.0,0.5446715354919434,,,
0.0,0.0,0.28482091426849365,,,
0.0,0.0,0.2853401303291321,,,
1.0,0.0,0.45379653573036194,,,
1.0,1.0,0.8758264780044556,,,
1.0,1.0,0.747370719909668,,,
0.0,0.0,0.29363226890563965,,,
1.0,0.0,0.4687044620513916,,,
0.0,0.0,0.31588640809059143,,,
0.0,0.0,0.3622451424598694,,,
0.0,0.0,0.2824167311191559,,,
0.0,0.0,0.3226606249809265,,,
1.0,0.0,0.282532274723053,,,
1.0,0.0,0.43494442105293274,,,
0.0,0.0,0.36365804076194763,,,
1.0,0.0,0.40873610973358154,,,
0.0,0.0,0.36869606375694275,,,
0.0,0.0,0.4676777124404907,,,
0.0,1.0,0.523400604724884,,,
0.0,1.0,0.659821093082428,,,
0.0,0.0,0.3653888702392578,,,
0.0,1.0,0.5578845143318176,,,
0.0,0.0,0.28634652495384216,,,
1.0,0.0,0.4056831896305084,,,
1.0,1.0,0.6401475071907043,,,
1.0,1.0,0.8328335285186768,,,
1.0,1.0,0.5331586003303528,,,
0.0,0.0,0.3590683043003082,,,
1.0,1.0,0.5777528285980225,,,
1.0,0.0,0.4313170611858368,,,
0.0,0.0,0.34747177362442017,,,
0.0,0.0,0.2545405626296997,,,
1.0,0.0,0.4021417200565338,,,
0.0,0.0,0.31269708275794983,,,
0.0,0.0,0.36039718985557556,,,
1.0,0.0,0.458651065826416,,,
0.0,0.0,0.3309873938560486,,,
0.0,0.0,0.25036805868148804,,,
1.0,1.0,0.699872612953186,,,
1.0,1.0,0.601416826248169,,,
1.0,1.0,0.7256813645362854,,,
1.0,1.0,0.7071753740310669,,,
0.0,0.0,0.3962920606136322,,,
1.0,1.0,0.7248449921607971,,,
0.0,0.0,0.49382609128952026,,,
1.0,1.0,0.5052956938743591,,,
1.0,0.0,0.4532247483730316,,,
1.0,0.0,0.49535611271858215,,,
0.0,0.0,0.3413989543914795,,,
1.0,1.0,0.604337751865387,,,
1.0,0.0,0.44465309381484985,,,
0.0,0.0,0.27318400144577026,,,
1.0,0.0,0.41342827677726746,,,
1.0,0.0,0.4962145984172821,,,
1.0,1.0,0.7084916830062866,,,
1.0,1.0,0.6486737728118896,,,
1.0,1.0,0.8827770352363586,,,
1.0,1.0,0.7278679013252258,,,
1.0,1.0,0.8367103934288025,,,
1.0,1.0,0.9222466349601746,,,
0.0,0.0,0.4110431373119354,,,
0.0,0.0,0.4139474630355835,,,
0.0,0.0,0.2622740864753723,,,
1.0,0.0,0.4280991554260254,,,
0.0,1.0,0.5386673808097839,,,
0.0,0.0,0.28997233510017395,,,
1.0,1.0,0.9328621625900269,,,
1.0,1.0,0.8053470849990845,,,
1.0,1.0,0.7820220589637756,,,
1.0,0.0,0.4278339147567749,,,
0.0,0.0,0.47238266468048096,,,
0.0,1.0,0.6034862399101257,,,
1.0,1.0,0.5233064293861389,,,
0.0,0.0,0.21183054149150848,,,
0.0,0.0,0.3300781846046448,,,
1.0,1.0,0.5103068351745605,,,
1.0,0.0,0.45613840222358704,,,
0.0,0.0,0.42469602823257446,,,
0.0,0.0,0.4014190137386322,,,
0.0,0.0,0.2876124680042267,,,
0.0,0.0,0.39587292075157166,,,
1.0,0.0,0.4677352011203766,,,
1.0,0.0,0.40127530694007874,,,
1.0,1.0,0.7591326236724854,,,
0.0,0.0,0.35099753737449646,,,
0.0,0.0,0.3046784996986389,,,
1.0,0.0,0.45446503162384033,,,
0.0,0.0,0.2113286554813385,,,
0.0,0.0,0.34479376673698425,,,
1.0,1.0,0.7610421180725098,,,
0.0,0.0,0.34925931692123413,,,
1.0,1.0,0.651556134223938,,,
0.0,0.0,0.3828839957714081,,,
0.0,0.0,0.3009316325187683,,,
1.0,1.0,0.584037184715271,,,
0.0,0.0,0.3623071610927582,,,
0.0,0.0,0.4980635941028595,,,
0.0,0.0,0.47370007634162903,,,
1.0,0.0,0.38706186413764954,,,
0.0,0.0,0.3868037760257721,,,
1.0,0.0,0.32454755902290344,,,
1.0,1.0,0.6129114627838135,,,
0.0,0.0,0.36656489968299866,,,
1.0,1.0,0.5193426012992859,,,
1.0,1.0,0.7587604522705078,,,
0.0,0.0,0.36636844277381897,,,
1.0,0.0,0.3673759996891022,,,
1.0,1.0,0.5682232975959778,,,
1.0,1.0,0.5065017342567444,,,
1.0,1.0,0.5042904019355774,,,
0.0,0.0,0.4108131527900696,,,
0.0,1.0,0.5385101437568665,,,
0.0,0.0,0.4367232322692871,,,
0.0,0.0,0.16936025023460388,,,
0.0,0.0,0.34907135367393494,,,
1.0,1.0,0.5637162327766418,,,
1.0,1.0,0.7695492506027222,,,
1.0,0.0,0.41404426097869873,,,
0.0,1.0,0.525639533996582,,,
1.0,1.0,0.7808679938316345,,,
1.0,1.0,0.8029648065567017,,,
1.0,1.0,0.7804304361343384,,,
1.0,0.0,0.4909017086029053,,,
1.0,1.0,0.7782769203186035,,,
0.0,0.0,0.36724159121513367,,,
0.0,0.0,0.36730310320854187,,,
0.0,0.0,0.23580382764339447,,,
1.0,1.0,0.6044644117355347,,,
1.0,1.0,0.5293996930122375,,,
1.0,0.0,0.3138153851032257,,,
1.0,1.0,0.6662975549697876,,,
1.0,0.0,0.4106888771057129,,,
1.0,1.0,0.6325708627700806,,,
0.0,0.0,0.22112536430358887,,,
1.0,1.0,0.8208330273628235,,,
0.0,0.0,0.33235400915145874,,,
1.0,0.0,0.46736034750938416,,,
1.0,1.0,0.6811345815658569,,,
0.0,0.0,0.3966295123100281,,,
0.0,0.0,0.4126068651676178,,,
0.0,0.0,0.3213052749633789,,,
1.0,0.0,0.4612903892993927,,,
1.0,1.0,0.5974807739257812,,,
1.0,0.0,0.4757108986377716,,,
1.0,0.0,0.4586327075958252,,,
1.0,1.0,0.6708089113235474,,,
0.0,0.0,0.36543434858322144,,,
0.0,0.0,0.3861038386821747,,,
0.0,1.0,0.5144297480583191,,,
0.0,0.0,0.23284417390823364,,,
0.0,0.0,0.45106202363967896,,,
1.0,1.0,0.8144650459289551,,,
0.0,0.0,0.33372047543525696,,,
0.0,1.0,0.7269725799560547,,,
1.0,1.0,0.5610435009002686,,,
1.0,1.0,0.7399758696556091,,,
0.0,0.0,0.1768701672554016,,,
1.0,1.0,0.5888178944587708,,,
0.0,0.0,0.30486318469047546,,,
1.0,1.0,0.5333374738693237,,,
0.0,0.0,0.371477335691452,,,
0.0,0.0,0.36575618386268616,,,
0.0,0.0,0.3246605396270752,,,
1.0,1.0,0.917221188545227,,,
0.0,0.0,0.30848249793052673,,,
0.0,0.0,0.4961646497249603,,,
0.0,0.0,0.4452208876609802,,,
1.0,0.0,0.42055758833885193,,,
0.0,0.0,0.36340323090553284,,,
0.0,0.0,0.466764360666275,,,
1.0,0.0,0.3259056806564331,,,
0.0,0.0,0.31047323346138,,,
0.0,0.0,0.3473294675350189,,,
1.0,1.0,0.804105818271637,,,
0.0,0.0,0.44938236474990845,,,
1.0,0.0,0.38748183846473694,,,
0.0,1.0,0.5363157391548157,,,
0.0,0.0,0.25153934955596924,,,
1.0,1.0,0.5667957067489624,,,
1.0,1.0,0.8181683421134949,,,
1.0,1.0,0.7405934929847717,,,
0.0,0.0,0.3243807852268219,,,
0.0,1.0,0.5238498449325562,,,
0.0,0.0,0.2514322102069855,,,
1.0,1.0,0.9160321950912476,,,
0.0,0.0,0.18307414650917053,,,
1.0,0.0,0.442098468542099,,,
1.0,1.0,0.8294932246208191,,,
0.0,0.0,0.343066930770874,,,
1.0,1.0,0.5079161524772644,,,
0.0,0.0,0.4136641025543213,,,
1.0,1.0,0.6684332489967346,,,
1.0,1.0,0.8882768154144287,,,
0.0,0.0,0.49734365940093994,,,
0.0,0.0,0.46389198303222656,,,
1.0,1.0,0.6729555726051331,,,
1.0,1.0,0.8276379704475403,,,
0.0,0.0,0.3526400029659271,,,
1.0,0.0,0.42405858635902405,,,
0.0,0.0,0.4047703444957733,,,
1.0,1.0,0.7749790549278259,,,
0.0,0.0,0.3382314145565033,,,
0.0,0.0,0.3012959063053131,,,
1.0,1.0,0.7037985920906067,,,
0.0,0.0,0.2318602204322815,,,
0.0,0.0,0.2930796444416046,,,
0.0,0.0,0.2992265224456787,,,
1.0,1.0,0.5390540957450867,,,
1.0,1.0,0.8296435475349426,,,
0.0,0.0,0.2158493995666504,,,
0.0,0.0,0.3191498816013336,,,
0.0,0.0,0.407143235206604,,,
0.0,0.0,0.28946447372436523,,,
1.0,1.0,0.7494498491287231,,,
1.0,1.0,0.5246337056159973,,,
0.0,0.0,0.37591803073883057,,,
0.0,0.0,0.44511109590530396,,,
1.0,0.0,0.2774962782859802,,,
1.0,1.0,0.5401736497879028,,,
0.0,0.0,0.3291284739971161,,,
0.0,0.0,0.40873610973358154,,,
0.0,0.0,0.44121137261390686,,,
0.0,0.0,0.33933892846107483,,,
0.0,0.0,0.20432797074317932,,,
1.0,0.0,0.36314934492111206,,,
0.0,0.0,0.4334917366504669,,,
0.0,1.0,0.5982245206832886,,,
0.0,0.0,0.35993456840515137,,,
0.0,0.0,0.4904634952545166,,,
0.0,0.0,0.332805871963501,,,
0.0,0.0,0.49913567304611206,,,
0.0,1.0,0.5107880234718323,,,
0.0,0.0,0.478211373090744,,,
0.0,0.0,0.23476289212703705,,,
0.0,0.0,0.26432621479034424,,,
0.0,0.0,0.36262059211730957,,,
0.0,1.0,0.5102869272232056,,,
0.0,0.0,0.3718533217906952,,,
1.0,1.0,0.5056652426719666,,,
1.0,1.0,0.8066821098327637,,,
0.0,0.0,0.3416440188884735,,,
0.0,0.0,0.39729616045951843,,,
1.0,0.0,0.35198333859443665,,,
0.0,1.0,0.5213427543640137,,,
1.0,1.0,0.6439133882522583,,,
0.0,0.0,0.2667687237262726,,,
0.0,0.0,0.45358386635780334,,,
1.0,1.0,0.8478277921676636,,,
0.0,0.0,0.28111809492111206,,,
1.0,1.0,0.7902736663818359,,,
0.0,0.0,0.3229323625564575,,,
0.0,1.0,0.5683447122573853,,,
1.0,1.0,0.9133336544036865,,,
0.0,0.0,0.3574139475822449,,,
0.0,0.0,0.3857339918613434,,,
1.0,1.0,0.9402150511741638,,,
0.0,1.0,0.5606866478919983,,,
0.0,0.0,0.26234859228134155,,,
1.0,0.0,0.4934462606906891,,,
0.0,0.0,0.41499459743499756,,,
1.0,1.0,0.9168192148208618,,,
0.0,0.0,0.19983918964862823,,,
0.0,0.0,0.38275355100631714,,,
1.0,1.0,0.9366756677627563,,,
1.0,0.0,0.490665465593338,,,
0.0,0.0,0.4749128520488739,,,
0.0,0.0,0.487352192401886,,,
0.0,0.0,0.3099743723869324,,,
1.0,0.0,0.44275134801864624,,,
0.0,0.0,0.26263344287872314,,,
0.0,0.0,0.42744290828704834,,,
0.0,0.0,0.4106767475605011,,,
1.0,0.0,0.43995869159698486,,,
1.0,0.0,0.31157276034355164,,,
0.0,0.0,0.3448258638381958,,,
0.0,0.0,0.30705317854881287,,,
1.0,1.0,0.8733949065208435,,,
0.0,0.0,0.443655401468277,,,
0.0,0.0,0.2963200509548187,,,
0.0,0.0,0.3769995868206024,,,
1.0,0.0,0.49839678406715393,,,
0.0,0.0,0.45842623710632324,,,
0.0,0.0,0.40898191928863525,,,
0.0,0.0,0.242851123213768,,,
0.0,0.0,0.3527151644229889,,,
0.0,0.0,0.339964359998703,,,
1.0,1.0,0.6858516335487366,,,
0.0,0.0,0.4624146521091461,,,
0.0,0.0,0.49737027287483215,,,
0.0,0.0,0.437663733959198,,,
1.0,0.0,0.4402132034301758,,,
1.0,1.0,0.9495006203651428,,,
1.0,0.0,0.39198940992355347,,,
0.0,0.0,0.3774079978466034,,,
0.0,0.0,0.37524324655532837,,,
1.0,1.0,0.7042319178581238,,,
0.0,0.0,0.3396875858306885,,,
0.0,0.0,0.2658938467502594,,,
1.0,0.0,0.32072874903678894,,,
0.0,0.0,0.33791545033454895,,,
1.0,1.0,0.7010912299156189,,,
1.0,1.0,0.862495481967926,,,
0.0,0.0,0.42485520243644714,,,
1.0,0.0,0.37473106384277344,,,
0.0,1.0,0.6714759469032288,,,
1.0,1.0,0.760482668876648,,,
1.0,0.0,0.4424484372138977,,,
0.0,0.0,0.2958756387233734,,,
0.0,0.0,0.20927120745182037,,,
1.0,1.0,0.8781455159187317,,,
0.0,0.0,0.22476065158843994,,,
0.0,0.0,0.45498043298721313,,,
1.0,0.0,0.49257487058639526,,,
1.0,1.0,0.6710922122001648,,,
0.0,0.0,0.2741740345954895,,,
0.0,0.0,0.32697540521621704,,,
0.0,0.0,0.2535652816295624,,,
0.0,0.0,0.36859017610549927,,,
1.0,1.0,0.7337717413902283,,,
1.0,1.0,0.8576523661613464,,,
0.0,0.0,0.4541044533252716,,,
1.0,1.0,0.7415651679039001,,,
1.0,1.0,0.5630537867546082,,,
0.0,0.0,0.2787646949291229,,,
0.0,0.0,0.3670656383037567,,,
0.0,0.0,0.42432481050491333,,,
0.0,0.0,0.33294129371643066,,,
0.0,0.0,0.36221885681152344,,,
0.0,1.0,0.5163717865943909,,,
0.0,0.0,0.37852680683135986,,,
1.0,1.0,0.7046446204185486,,,
1.0,0.0,0.337417870759964,,,
1.0,1.0,0.5293183922767639,,,
0.0,0.0,0.4592103064060211,,,
0.0,0.0,0.2823649048805237,,,
0.0,0.0,0.3180767893791199,,,
0.0,0.0,0.3447457253932953,,,
1.0,0.0,0.48963767290115356,,,
1.0,0.0,0.44873571395874023,,,
0.0,0.0,0.40809744596481323,,,
1.0,1.0,0.6432600021362305,,,
0.0,0.0,0.26761379837989807,,,
1.0,1.0,0.5590258836746216,,,
0.0,0.0,0.36097443103790283,,,
0.0,0.0,0.2861629128456116,,,
0.0,0.0,0.31767237186431885,,,
0.0,1.0,0.5150495767593384,,,
0.0,0.0,0.25749245285987854,,,
0.0,0.0,0.4118657112121582,,,
1.0,1.0,0.5969053506851196,,,
1.0,1.0,0.8616543412208557,,,
1.0,1.0,0.6872062683105469,,,
1.0,1.0,0.7457535266876221,,,
0.0,0.0,0.21390783786773682,,,
1.0,1.0,0.7844542860984802,,,
1.0,0.0,0.4218186140060425,,,
1.0,0.0,0.46561115980148315,,,
1.0,1.0,0.5158891677856445,,,
1.0,0.0,0.39457765221595764,,,
1.0,1.0,0.5806008577346802,,,
1.0,1.0,0.73969566822052,,,
0.0,1.0,0.5365538001060486,,,
0.0,0.0,0.41530030965805054,,,
0.0,1.0,0.7235780358314514,,,
1.0,0.0,0.23340573906898499,,,
0.0,0.0,0.2539913058280945,,,
0.0,0.0,0.3544990122318268,,,
0.0,0.0,0.24956026673316956,,,
0.0,0.0,0.257086843252182,,,
0.0,1.0,0.6410216093063354,,,
0.0,0.0,0.40443727374076843,,,
1.0,1.0,0.7975425124168396,,,
1.0,0.0,0.4116230607032776,,,
1.0,0.0,0.3587397336959839,,,
0.0,0.0,0.3291284739971161,,,
0.0,0.0,0.3322494626045227,,,
0.0,0.0,0.4701932668685913,,,
0.0,0.0,0.22376562654972076,,,
1.0,1.0,0.6144753098487854,,,
1.0,1.0,0.5432336330413818,,,
0.0,0.0,0.3445831537246704,,,
0.0,0.0,0.4379878640174866,,,
1.0,0.0,0.3480563759803772,,,
1.0,0.0,0.37987184524536133,,,
0.0,0.0,0.30310413241386414,,,
1.0,0.0,0.33093222975730896,,,
1.0,1.0,0.8478968143463135,,,
1.0,1.0,0.9052871465682983,,,
0.0,0.0,0.44749021530151367,,,
0.0,0.0,0.21270431578159332,,,
0.0,0.0,0.3910937011241913,,,
1.0,1.0,0.5248912572860718,,,
1.0,0.0,0.3969537019729614,,,
1.0,1.0,0.5843778848648071,,,
1.0,0.0,0.492553174495697,,,
0.0,0.0,0.4152906537055969,,,
1.0,0.0,0.34896162152290344,,,
0.0,0.0,0.2763947546482086,,,
0.0,0.0,0.49121740460395813,,,
1.0,0.0,0.3586587607860565,,,
0.0,0.0,0.3387278616428375,,,
1.0,1.0,0.829888641834259,,,
1.0,0.0,0.40550267696380615,,,
0.0,0.0,0.4804563820362091,,,
1.0,1.0,0.5653254985809326,,,
0.0,0.0,0.2775259017944336,,,
1.0,1.0,0.8395601511001587,,,
1.0,1.0,0.6402855515480042,,,
1.0,1.0,0.5360819697380066,,,
1.0,1.0,0.6997060775756836,,,
1.0,0.0,0.4909017086029053,,,
0.0,0.0,0.2718503773212433,,,
0.0,0.0,0.2594093978404999,,,
1.0,1.0,0.8268805146217346,,,
1.0,0.0,0.4700183868408203,,,
0.0,0.0,0.36493152379989624,,,
1.0,1.0,0.7109628319740295,,,
0.0,0.0,0.2533022165298462,,,
1.0,1.0,0.7050771117210388,,,
1.0,0.0,0.3558919429779053,,,
0.0,0.0,0.21924255788326263,,,
1.0,1.0,0.8092453479766846,,,
1.0,1.0,0.6280998587608337,,,
0.0,0.0,0.259149968624115,,,
1.0,1.0,0.7063041925430298,,,
1.0,0.0,0.34521010518074036,,,
0.0,0.0,0.40474095940589905,,,
0.0,0.0,0.29133135080337524,,,
1.0,0.0,0.3339173197746277,,,
1.0,1.0,0.7039510607719421,,,
1.0,1.0,0.8889100551605225,,,
1.0,1.0,0.5132207274436951,,,
0.0,0.0,0.490870863199234,,,
0.0,0.0,0.312568336725235,,,
1.0,1.0,0.8108068704605103,,,
1.0,1.0,0.5776886940002441,,,
0.0,0.0,0.3608231842517853,,,
1.0,1.0,0.5323920845985413,,,
0.0,0.0,0.3290994167327881,,,
0.0,0.0,0.3235642910003662,,,
0.0,0.0,0.3098452687263489,,,
0.0,0.0,0.38940921425819397,,,
1.0,1.0,0.8059202432632446,,,
0.0,0.0,0.34813281893730164,,,
0.0,0.0,0.4639571011066437,,,
0.0,1.0,0.573403537273407,,,
0.0,0.0,0.44390538334846497,,,
0.0,0.0,0.4562210142612457,,,
1.0,1.0,0.667792797088623,,,
0.0,0.0,0.41863611340522766,,,
0.0,0.0,0.3668113052845001,,,
0.0,1.0,0.5978908538818359,,,
1.0,0.0,0.4954984188079834,,,
0.0,0.0,0.38349246978759766,,,
1.0,1.0,0.5467678308486938,,,
1.0,1.0,0.5958093404769897,,,
1.0,1.0,0.5409594774246216,,,
1.0,0.0,0.4630478024482727,,,
1.0,0.0,0.41157588362693787,,,
1.0,0.0,0.37689700722694397,,,
0.0,0.0,0.23652634024620056,,,
0.0,0.0,0.1610286384820938,,,
1.0,0.0,0.3923780620098114,,,
1.0,1.0,0.7609745860099792,,,
0.0,0.0,0.40873610973358154,,,
0.0,0.0,0.3037129342556,,,
1.0,1.0,0.825141429901123,,,
1.0,1.0,0.5504376888275146,,,
0.0,0.0,0.29056182503700256,,,
1.0,1.0,0.5486294627189636,,,
0.0,0.0,0.3227052688598633,,,
0.0,0.0,0.19601503014564514,,,
1.0,1.0,0.7996507287025452,,,
0.0,0.0,0.27576878666877747,,,
1.0,1.0,0.8128318190574646,,,
0.0,0.0,0.34045857191085815,,,
0.0,0.0,0.3054315447807312,,,
1.0,1.0,0.7888542413711548,,,
1.0,0.0,0.2955058217048645,,,
0.0,1.0,0.5749881863594055,,,
1.0,1.0,0.6002633571624756,,,
1.0,1.0,0.5424386262893677,,,
1.0,1.0,0.5517125725746155,,,
1.0,1.0,0.7198446989059448,,,
0.0,0.0,0.3394172191619873,,,
0.0,0.0,0.3721298575401306,,,
1.0,1.0,0.6856876015663147,,,
1.0,1.0,0.5544799566268921,,,
1.0,1.0,0.5150012373924255,,,
0.0,0.0,0.47073838114738464,,,
1.0,1.0,0.6907523274421692,,,
0.0,0.0,0.3233315646648407,,,
0.0,0.0,0.39181554317474365,,,
1.0,0.0,0.4316004514694214,,,
0.0,0.0,0.39729616045951843,,,
1.0,1.0,0.5961019396781921,,,
0.0,0.0,0.42446765303611755,,,
0.0,0.0,0.3809148073196411,,,
0.0,0.0,0.25287237763404846,,,
1.0,0.0,0.45672407746315,,,
0.0,0.0,0.25625279545783997,,,
0.0,0.0,0.4752097725868225,,,
0.0,0.0,0.4599463939666748,,,
0.0,0.0,0.25916433334350586,,,
1.0,0.0,0.23449300229549408,,,
1.0,0.0,0.42287930846214294,,,
1.0,0.0,0.4195593595504761,,,
0.0,1.0,0.5906120538711548,,,
0.0,0.0,0.4165738821029663,,,
1.0,0.0,0.4963846206665039,,,
1.0,1.0,0.5156863927841187,,,
0.0,0.0,0.34724125266075134,,,
1.0,1.0,0.7590675950050354,,,
1.0,1.0,0.6369539499282837,,,
0.0,1.0,0.597541868686676,,,
1.0,1.0,0.6416539549827576,,,
0.0,1.0,0.607990562915802,,,
0.0,0.0,0.2876890301704407,,,
1.0,1.0,0.670000433921814,,,
0.0,0.0,0.34488821029663086,,,
1.0,1.0,0.7960256338119507,,,
0.0,0.0,0.4183619022369385,,,
0.0,0.0,0.4426257610321045,,,
0.0,0.0,0.37031087279319763,,,
1.0,0.0,0.25671231746673584,,,
0.0,1.0,0.5016534924507141,,,
1.0,1.0,0.5170283913612366,,,
0.0,0.0,0.42456161975860596,,,
0.0,0.0,0.34471961855888367,,,
1.0,1.0,0.5119064450263977,,,
1.0,1.0,0.7830130457878113,,,
1.0,1.0,0.8238877654075623,,,
0.0,1.0,0.5466200113296509,,,
0.0,0.0,0.3982786536216736,,,
0.0,1.0,0.7673127055168152,,,
1.0,0.0,0.42583462595939636,,,
1.0,1.0,0.5070143938064575,,,
0.0,0.0,0.39888009428977966,,,
1.0,1.0,0.7214357256889343,,,
0.0,0.0,0.386165976524353,,,
1.0,0.0,0.3639499545097351,,,
1.0,1.0,0.5967390537261963,,,
0.0,0.0,0.37699899077415466,,,
1.0,0.0,0.4254074692726135,,,
1.0,1.0,0.5068557262420654,,,
1.0,1.0,0.5121384263038635,,,
0.0,0.0,0.31381720304489136,,,
1.0,1.0,0.5677109360694885,,,
1.0,1.0,0.8785721659660339,,,
1.0,0.0,0.2976333200931549,,,
0.0,0.0,0.23588944971561432,,,
1.0,0.0,0.46158522367477417,,,
0.0,0.0,0.2976730763912201,,,
0.0,0.0,0.3177728056907654,,,
1.0,0.0,0.3965243101119995,,,
1.0,0.0,0.4422597587108612,,,
0.0,0.0,0.36594417691230774,,,
1.0,1.0,0.917972981929779,,,
1.0,1.0,0.8500379323959351,,,
0.0,0.0,0.361878901720047,,,
1.0,1.0,0.5301185846328735,,,
0.0,0.0,0.39606449007987976,,,
0.0,1.0,0.683437168598175,,,
0.0,0.0,0.32074806094169617,,,
1.0,1.0,0.5416662096977234,,,
1.0,0.0,0.43322068452835083,,,
0.0,0.0,0.2863484025001526,,,
0.0,0.0,0.34208375215530396,,,
0.0,0.0,0.48972195386886597,,,
0.0,0.0,0.34519413113594055,,,
0.0,0.0,0.33485889434814453,,,
0.0,1.0,0.50663822889328,,,
0.0,0.0,0.31836998462677,,,
0.0,1.0,0.529888927936554,,,
1.0,1.0,0.7502999305725098,,,
0.0,0.0,0.4804246723651886,,,
0.0,0.0,0.20775754749774933,,,
1.0,0.0,0.4476644992828369,,,
0.0,0.0,0.41880887746810913,,,
1.0,1.0,0.7963563799858093,,,
0.0,0.0,0.47871339321136475,,,
0.0,0.0,0.30181044340133667,,,
1.0,1.0,0.905079185962677,,,
0.0,0.0,0.34970372915267944,,,
0.0,0.0,0.3625918924808502,,,
1.0,1.0,0.5614133477210999,,,
1.0,1.0,0.5159158706665039,,,
1.0,0.0,0.44660696387290955,,,
1.0,0.0,0.39230024814605713,,,
0.0,0.0,0.3140003979206085,,,
0.0,0.0,0.20974226295948029,,,
1.0,1.0,0.6877961754798889,,,
0.0,0.0,0.2583986222743988,,,
0.0,0.0,0.27965953946113586,,,
0.0,0.0,0.28619271516799927,,,
0.0,1.0,0.6143231987953186,,,
1.0,0.0,0.361969530582428,,,
1.0,0.0,0.36977285146713257,,,
1.0,1.0,0.7074334025382996,,,
1.0,1.0,0.8332200050354004,,,
0.0,0.0,0.2861938774585724,,,
1.0,1.0,0.6774135231971741,,,
0.0,0.0,0.25791990756988525,,,
1.0,1.0,0.518561601638794,,,
0.0,0.0,0.3014642894268036,,,
1.0,0.0,0.4364013373851776,,,
1.0,1.0,0.8260650634765625,,,
0.0,0.0,0.2280489206314087,,,
0.0,0.0,0.36208704113960266,,,
1.0,0.0,0.4675627052783966,,,
0.0,0.0,0.4419798254966736,,,
1.0,1.0,0.5615199208259583,,,
0.0,0.0,0.3216743469238281,,,
1.0,0.0,0.4633885622024536,,,
1.0,0.0,0.29877984523773193,,,
0.0,0.0,0.37549737095832825,,,
1.0,1.0,0.5526435971260071,,,
0.0,0.0,0.43716442584991455,,,
1.0,0.0,0.3933698534965515,,,
1.0,0.0,0.2927532196044922,,,
1.0,0.0,0.4553828835487366,,,
1.0,1.0,0.5915086269378662,,,
0.0,0.0,0.3628447651863098,,,
1.0,0.0,0.47359606623649597,,,
1.0,0.0,0.3983624577522278,,,
0.0,0.0,0.3299245834350586,,,
0.0,0.0,0.41934934258461,,,
0.0,0.0,0.36630579829216003,,,
0.0,0.0,0.4646756947040558,,,
0.0,0.0,0.31697890162467957,,,
0.0,0.0,0.18307414650917053,,,
0.0,0.0,0.4134214520454407,,,
0.0,0.0,0.39888671040534973,,,
1.0,1.0,0.7445679903030396,,,
0.0,0.0,0.39988672733306885,,,
0.0,0.0,0.4256848096847534,,,
1.0,0.0,0.49952659010887146,,,
0.0,0.0,0.3002763092517853,,,
0.0,1.0,0.5964556932449341,,,
1.0,1.0,0.8051729798316956,,,
0.0,0.0,0.336271733045578,,,
0.0,0.0,0.35738080739974976,,,
1.0,1.0,0.5618557929992676,,,
0.0,0.0,0.48086097836494446,,,
1.0,1.0,0.6708851456642151,,,
1.0,1.0,0.6821581721305847,,,
0.0,0.0,0.44421181082725525,,,
1.0,1.0,0.7126916646957397,,,
0.0,0.0,0.28465571999549866,,,
1.0,1.0,0.5899603962898254,,,
1.0,1.0,0.5049287676811218,,,
1.0,0.0,0.3432317078113556,,,
0.0,0.0,0.4989473521709442,,,
1.0,1.0,0.9079561829566956,,,
1.0,1.0,0.5969098806381226,,,
0.0,0.0,0.22047819197177887,,,
0.0,0.0,0.39297810196876526,,,
1.0,1.0,0.575270414352417,,,
0.0,0.0,0.2454521209001541,,,
1.0,1.0,0.5390540957450867,,,
1.0,1.0,0.8646860122680664,,,
0.0,0.0,0.18307414650917053,,,
1.0,1.0,0.689347505569458,,,
0.0,0.0,0.2714788615703583,,,
1.0,1.0,0.605597734451294,,,
1.0,1.0,0.5061233043670654,,,
0.0,0.0,0.49532708525657654,,,
0.0,0.0,0.39026322960853577,,,
0.0,0.0,0.180219367146492,,,
1.0,1.0,0.8421367406845093,,,
0.0,0.0,0.3899022936820984,,,
1.0,1.0,0.5579350590705872,,,
0.0,0.0,0.2403898388147354,,,
1.0,0.0,0.29836612939834595,,,
0.0,0.0,0.22332116961479187,,,
1.0,0.0,0.4959016740322113,,,
1.0,0.0,0.39523810148239136,,,
0.0,0.0,0.19147862493991852,,,
0.0,0.0,0.2280489206314087,,,
0.0,0.0,0.3622030019760132,,,
0.0,0.0,0.42889031767845154,,,
1.0,1.0,0.6325593590736389,,,
0.0,0.0,0.4108603000640869,,,
0.0,0.0,0.1946350336074829,,,
0.0,0.0,0.49767035245895386,,,
0.0,0.0,0.4755675196647644,,,
1.0,1.0,0.7792770862579346,,,
1.0,0.0,0.40773993730545044,,,
1.0,1.0,0.7694357633590698,,,
0.0,0.0,0.46660810708999634,,,
1.0,0.0,0.372388631105423,,,
0.0,0.0,0.30891290307044983,,,
0.0,0.0,0.4707353711128235,,,
0.0,0.0,0.38091588020324707,,,
0.0,0.0,0.3511839807033539,,,
0.0,0.0,0.48845744132995605,,,
0.0,0.0,0.3903656601905823,,,
1.0,1.0,0.8718105554580688,,,
1.0,0.0,0.4070071578025818,,,
1.0,1.0,0.746583104133606,,,
0.0,0.0,0.2750709056854248,,,
1.0,1.0,0.7122395634651184,,,
0.0,1.0,0.5331405997276306,,,
0.0,1.0,0.5793083906173706,,,
1.0,0.0,0.43941986560821533,,,
0.0,0.0,0.38605615496635437,,,
1.0,1.0,0.7232031226158142,,,
0.0,0.0,0.2997497618198395,,,
0.0,0.0,0.24959760904312134,,,
0.0,0.0,0.34350061416625977,,,
0.0,0.0,0.3897559344768524,,,
1.0,0.0,0.46524927020072937,,,
0.0,0.0,0.265114426612854,,,
0.0,0.0,0.2696543037891388,,,
0.0,0.0,0.26935628056526184,,,
1.0,1.0,0.5331488847732544,,,
0.0,0.0,0.46736034750938416,,,
0.0,0.0,0.24793723225593567,,,
0.0,0.0,0.33337464928627014,,,
1.0,0.0,0.3811938464641571,,,
0.0,0.0,0.4286275804042816,,,
0.0,0.0,0.4966578185558319,,,
1.0,0.0,0.4267691671848297,,,
0.0,0.0,0.3394172191619873,,,
0.0,0.0,0.25377631187438965,,,
1.0,1.0,0.5274986624717712,,,
1.0,1.0,0.539227306842804,,,
1.0,0.0,0.469807893037796,,,
1.0,0.0,0.3482557535171509,,,
0.0,0.0,0.35667744278907776,,,
0.0,0.0,0.35354456305503845,,,
1.0,1.0,0.6094564199447632,,,
0.0,0.0,0.3201986849308014,,,
0.0,0.0,0.3288629949092865,,,
1.0,1.0,0.7657531499862671,,,
0.0,0.0,0.3920021653175354,,,
1.0,1.0,0.7596113681793213,,,
0.0,0.0,0.3021946847438812,,,
0.0,0.0,0.40073513984680176,,,
1.0,1.0,0.9210056662559509,,,
1.0,1.0,0.6793169379234314,,,
1.0,0.0,0.40275838971138,,,
1.0,1.0,0.6487890481948853,,,
1.0,1.0,0.7911186218261719,,,
0.0,1.0,0.5775513052940369,,,
0.0,0.0,0.484445720911026,,,
0.0,0.0,0.39149805903434753,,,
1.0,1.0,0.853634238243103,,,
1.0,1.0,0.6135966181755066,,,
0.0,0.0,0.42196759581565857,,,
1.0,0.0,0.4711909592151642,,,
1.0,0.0,0.4549367129802704,,,
0.0,0.0,0.4819592237472534,,,
1.0,0.0,0.4415944218635559,,,
1.0,1.0,0.7543693780899048,,,
0.0,0.0,0.33269810676574707,,,
0.0,0.0,0.3605215847492218,,,
1.0,1.0,0.7585715651512146,,,
0.0,0.0,0.4998842775821686,,,
1.0,1.0,0.590164303779602,,,
0.0,0.0,0.2476179003715515,,,
1.0,1.0,0.8359927535057068,,,
1.0,1.0,0.5392752885818481,,,
0.0,1.0,0.5320622324943542,,,
0.0,0.0,0.2897483706474304,,,
0.0,0.0,0.3411232531070709,,,
0.0,0.0,0.25533899664878845,,,
1.0,1.0,0.7063488960266113,,,
1.0,0.0,0.4460461139678955,,,
0.0,0.0,0.4417690336704254,,,
1.0,1.0,0.893618643283844,,,
0.0,0.0,0.3898058533668518,,,
1.0,1.0,0.6524744033813477,,,
1.0,0.0,0.4125536382198334,,,
0.0,0.0,0.32030346989631653,,,
0.0,0.0,0.3416440188884735,,,
1.0,0.0,0.34279659390449524,,,
1.0,0.0,0.4587859809398651,,,
1.0,1.0,0.684990406036377,,,
0.0,0.0,0.24232986569404602,,,
0.0,1.0,0.6049467325210571,,,
0.0,1.0,0.6219174861907959,,,
0.0,0.0,0.3039076030254364,,,
0.0,1.0,0.6248805522918701,,,
1.0,1.0,0.7011255621910095,,,
1.0,0.0,0.4268399178981781,,,
0.0,0.0,0.2958536446094513,,,
1.0,1.0,0.5811597108840942,,,
0.0,0.0,0.25523826479911804,,,
1.0,1.0,0.5024622678756714,,,
0.0,1.0,0.5051800608634949,,,
1.0,1.0,0.7749806046485901,,,
1.0,1.0,0.6139435768127441,,,
0.0,0.0,0.3602421283721924,,,
0.0,0.0,0.34691599011421204,,,
0.0,0.0,0.3102685809135437,,,
0.0,0.0,0.3809624910354614,,,
1.0,1.0,0.80672687292099,,,
0.0,0.0,0.32322290539741516,,,
1.0,1.0,0.613235592842102,,,
1.0,1.0,0.5025180578231812,,,
0.0,0.0,0.4156144857406616,,,
1.0,0.0,0.3553084433078766,,,
1.0,1.0,0.6469343900680542,,,
1.0,0.0,0.36599740386009216,,,
1.0,1.0,0.5474245548248291,,,
1.0,0.0,0.33269810676574707,,,
0.0,1.0,0.5091497898101807,,,
1.0,1.0,0.7884912490844727,,,
0.0,0.0,0.4114617109298706,,,
1.0,1.0,0.8000488877296448,,,
1.0,1.0,0.8588477373123169,,,
0.0,0.0,0.3360246419906616,,,
1.0,0.0,0.45730265974998474,,,
0.0,0.0,0.3177824914455414,,,
0.0,0.0,0.40166211128234863,,,
1.0,1.0,0.5043583512306213,,,
1.0,1.0,0.594535768032074,,,
0.0,0.0,0.4061097502708435,,,
1.0,1.0,0.6532766222953796,,,
1.0,1.0,0.5360045433044434,,,
0.0,0.0,0.42052704095840454,,,
1.0,1.0,0.7983270287513733,,,
0.0,0.0,0.25614532828330994,,,
1.0,0.0,0.3115163743495941,,,
0.0,0.0,0.37401083111763,,,
1.0,1.0,0.5113121867179871,,,
1.0,0.0,0.43060269951820374,,,
0.0,0.0,0.3217557370662689,,,
0.0,0.0,0.35366854071617126,,,
1.0,1.0,0.510695219039917,,,
0.0,1.0,0.5287812948226929,,,
0.0,0.0,0.4460461139678955,,,
1.0,1.0,0.7881097793579102,,,
0.0,0.0,0.3474421203136444,,,
1.0,0.0,0.4967457950115204,,,
0.0,0.0,0.3975319564342499,,,
0.0,0.0,0.2881300747394562,,,
0.0,0.0,0.37042850255966187,,,
0.0,0.0,0.3591346740722656,,,
0.0,0.0,0.2575873136520386,,,
1.0,0.0,0.4368946850299835,,,
1.0,0.0,0.42336344718933105,,,
0.0,0.0,0.34863579273223877,,,
1.0,1.0,0.6662878394126892,,,
0.0,1.0,0.7739098072052002,,,
0.0,0.0,0.321269690990448,,,
1.0,1.0,0.7883384227752686,,,
0.0,0.0,0.27971282601356506,,,
0.0,0.0,0.4129951000213623,,,
0.0,0.0,0.451365202665329,,,
0.0,0.0,0.3380136787891388,,,
0.0,1.0,0.6523137092590332,,,
0.0,0.0,0.3600581884384155,,,
0.0,0.0,0.3114626109600067,,,
0.0,0.0,0.3735506534576416,,,
1.0,1.0,0.8299778699874878,,,
0.0,0.0,0.31164512038230896,,,
0.0,0.0,0.28908735513687134,,,
0.0,0.0,0.4416586458683014,,,
1.0,0.0,0.47930076718330383,,,
1.0,1.0,0.7847569584846497,,,
1.0,1.0,0.8441150784492493,,,
0.0,0.0,0.3445807099342346,,,
1.0,1.0,0.5482383966445923,,,
0.0,0.0,0.2958963215351105,,,
0.0,0.0,0.21335749328136444,,,
1.0,1.0,0.7077467441558838,,,
1.0,1.0,0.8282655477523804,,,
1.0,1.0,0.7917379140853882,,,
0.0,0.0,0.30594077706336975,,,
1.0,1.0,0.7481095790863037,,,
1.0,0.0,0.49640539288520813,,,
1.0,0.0,0.4730912446975708,,,
0.0,0.0,0.27357447147369385,,,
0.0,0.0,0.3963969647884369,,,
0.0,0.0,0.34809282422065735,,,
1.0,1.0,0.8869485855102539,,,
1.0,1.0,0.7623187899589539,,,
1.0,1.0,0.7367444038391113,,,
0.0,0.0,0.2314397543668747,,,
0.0,0.0,0.38681578636169434,,,
1.0,1.0,0.7709332704544067,,,
1.0,1.0,0.5645262598991394,,,
1.0,1.0,0.8979950547218323,,,
0.0,0.0,0.23815342783927917,,,
0.0,0.0,0.43549755215644836,,,
0.0,0.0,0.24806177616119385,,,
1.0,1.0,0.8123834133148193,,,
1.0,1.0,0.6907004714012146,,,
0.0,1.0,0.5996082425117493,,,
0.0,0.0,0.3323204219341278,,,
1.0,1.0,0.7493215203285217,,,
0.0,0.0,0.38634762167930603,,,
1.0,1.0,0.5684025287628174,,,
0.0,0.0,0.4153289496898651,,,
1.0,0.0,0.444254070520401,,,
0.0,0.0,0.4451645016670227,,,
0.0,0.0,0.42048412561416626,,,
1.0,0.0,0.33983945846557617,,,
1.0,0.0,0.341580331325531,,,
1.0,1.0,0.5988889336585999,,,
0.0,0.0,0.37510746717453003,,,
1.0,1.0,0.5059293508529663,,,
0.0,0.0,0.3607490062713623,,,
0.0,1.0,0.6571230292320251,,,
1.0,1.0,0.6997784972190857,,,
0.0,0.0,0.3585485517978668,,,
0.0,0.0,0.3112027943134308,,,
0.0,1.0,0.648855447769165,,,
0.0,0.0,0.41195908188819885,,,
0.0,0.0,0.3467318117618561,,,
0.0,0.0,0.39107248187065125,,,
0.0,0.0,0.28614482283592224,,,
1.0,1.0,0.7587264180183411,,,
0.0,0.0,0.3431510627269745,,,
1.0,0.0,0.3189059793949127,,,
1.0,0.0,0.4379057288169861,,,
0.0,0.0,0.23601464927196503,,,
1.0,1.0,0.9322124719619751,,,
0.0,0.0,0.36734458804130554,,,
1.0,1.0,0.8432700037956238,,,
0.0,0.0,0.4914616644382477,,,
1.0,1.0,0.5716533660888672,,,
1.0,1.0,0.5431728959083557,,,
0.0,0.0,0.4757876396179199,,,
0.0,0.0,0.36419883370399475,,,
0.0,0.0,0.3315877616405487,,,
1.0,1.0,0.9293141961097717,,,
1.0,1.0,0.8951131105422974,,,
1.0,1.0,0.7064480781555176,,,
0.0,0.0,0.3434567451477051,,,
1.0,0.0,0.35393592715263367,,,
1.0,1.0,0.5563715696334839,,,
1.0,1.0,0.6229667067527771,,,
0.0,0.0,0.45916980504989624,,,
0.0,0.0,0.41869741678237915,,,
1.0,0.0,0.4544329047203064,,,
1.0,1.0,0.773347795009613,,,
1.0,0.0,0.3605547547340393,,,
0.0,0.0,0.42413070797920227,,,
1.0,0.0,0.3469087779521942,,,
1.0,0.0,0.293408066034317,,,
0.0,0.0,0.3503139615058899,,,
1.0,0.0,0.48209378123283386,,,
0.0,0.0,0.35705050826072693,,,
0.0,0.0,0.21335749328136444,,,
0.0,0.0,0.20149117708206177,,,
1.0,0.0,0.40710657835006714,,,
0.0,1.0,0.6871756911277771,,,
0.0,0.0,0.26788240671157837,,,
0.0,0.0,0.3137335777282715,,,
0.0,0.0,0.40665873885154724,,,
0.0,1.0,0.5215792655944824,,,
1.0,1.0,0.8324625492095947,,,
0.0,0.0,0.29672175645828247,,,
1.0,1.0,0.5003907084465027,,,
0.0,1.0,0.5712387561798096,,,
1.0,0.0,0.35602515935897827,,,
1.0,1.0,0.7022114396095276,,,
0.0,0.0,0.3566027581691742,,,
0.0,1.0,0.5057104229927063,,,
1.0,1.0,0.540097177028656,,,
1.0,1.0,0.5178896188735962,,,
0.0,0.0,0.36869606375694275,,,
0.0,0.0,0.28522419929504395,,,
1.0,0.0,0.4159359037876129,,,
1.0,1.0,0.6044829487800598,,,
0.0,0.0,0.49083662033081055,,,
0.0,1.0,0.5096791386604309,,,
0.0,0.0,0.1678653508424759,,,
0.0,0.0,0.47808709740638733,,,
1.0,1.0,0.5792313814163208,,,
0.0,0.0,0.4262087345123291,,,
0.0,0.0,0.2791772186756134,,,
1.0,1.0,0.6907373070716858,,,
1.0,1.0,0.6065661311149597,,,
0.0,0.0,0.4077298641204834,,,
1.0,0.0,0.31800252199172974,,,
0.0,1.0,0.6826043128967285,,,
1.0,1.0,0.5841692090034485,,,
0.0,0.0,0.40292397141456604,,,
0.0,0.0,0.2805435061454773,,,
0.0,0.0,0.3585786819458008,,,
1.0,1.0,0.6748294830322266,,,
0.0,0.0,0.4498591423034668,,,
1.0,0.0,0.4659847021102905,,,
0.0,1.0,0.6537057161331177,,,
1.0,1.0,0.7300258874893188,,,
0.0,0.0,0.4807736575603485,,,
0.0,0.0,0.2719840109348297,,,
1.0,0.0,0.28575024008750916,,,
0.0,1.0,0.541316032409668,,,
1.0,1.0,0.6309678554534912,,,
1.0,0.0,0.44001245498657227,,,
1.0,0.0,0.4268399178981781,,,
1.0,1.0,0.5300634503364563,,,
0.0,1.0,0.5001777410507202,,,
1.0,0.0,0.44723308086395264,,,
1.0,0.0,0.43075770139694214,,,
1.0,1.0,0.7444033026695251,,,
1.0,0.0,0.48770540952682495,,,
1.0,1.0,0.7363347411155701,,,
1.0,0.0,0.28711384534835815,,,
1.0,0.0,0.3220261037349701,,,
0.0,0.0,0.19927676022052765,,,
1.0,1.0,0.8279565572738647,,,
1.0,0.0,0.40003854036331177,,,
0.0,0.0,0.4757644236087799,,,
0.0,0.0,0.3323248624801636,,,
1.0,1.0,0.8249539732933044,,,
0.0,0.0,0.34391921758651733,,,
1.0,0.0,0.4309829771518707,,,
0.0,1.0,0.5652289986610413,,,
1.0,1.0,0.835705578327179,,,
0.0,1.0,0.5162723660469055,,,
1.0,1.0,0.8468888998031616,,,
0.0,0.0,0.4693237245082855,,,
0.0,0.0,0.3706473410129547,,,
0.0,0.0,0.4807018041610718,,,
0.0,0.0,0.15249674022197723,,,
0.0,1.0,0.5361032485961914,,,
0.0,0.0,0.3719775974750519,,,
1.0,1.0,0.5885628461837769,,,
0.0,0.0,0.42278406023979187,,,
0.0,0.0,0.33356285095214844,,,
0.0,0.0,0.4103202223777771,,,
0.0,0.0,0.3568728566169739,,,
0.0,1.0,0.5334501266479492,,,
0.0,0.0,0.36008596420288086,,,
1.0,0.0,0.3076387643814087,,,
1.0,1.0,0.5023892521858215,,,
1.0,0.0,0.4004040062427521,,,
0.0,1.0,0.5434117317199707,,,
1.0,1.0,0.5582636594772339,,,
0.0,1.0,0.7635917067527771,,,
1.0,1.0,0.5817309617996216,,,
1.0,1.0,0.7677739262580872,,,
1.0,1.0,0.6608565449714661,,,
0.0,0.0,0.44583043456077576,,,
1.0,1.0,0.8902314305305481,,,
0.0,0.0,0.2735576331615448,,,
0.0,0.0,0.28378528356552124,,,
1.0,1.0,0.6442394852638245,,,
1.0,1.0,0.5043460726737976,,,
0.0,0.0,0.26584264636039734,,,
1.0,1.0,0.5272097587585449,,,
0.0,0.0,0.3503749370574951,,,
1.0,1.0,0.5695443749427795,,,
1.0,1.0,0.7444280982017517,,,
0.0,0.0,0.420244425535202,,,
1.0,1.0,0.5187757015228271,,,
1.0,1.0,0.6978647708892822,,,
0.0,0.0,0.3047410547733307,,,
1.0,0.0,0.37149137258529663,,,
1.0,0.0,0.3464885354042053,,,
0.0,0.0,0.35141634941101074,,,
1.0,1.0,0.6956168413162231,,,
0.0,1.0,0.5675523281097412,,,
1.0,0.0,0.39969566464424133,,,
0.0,0.0,0.29031169414520264,,,
0.0,0.0,0.19147862493991852,,,
1.0,1.0,0.8753254413604736,,,
0.0,0.0,0.2611865699291229,,,
1.0,1.0,0.5283604860305786,,,
1.0,1.0,0.837952196598053,,,
1.0,1.0,0.6714759469032288,,,
1.0,1.0,0.8587507605552673,,,
1.0,1.0,0.5692310929298401,,,
1.0,0.0,0.39569950103759766,,,
0.0,0.0,0.42376041412353516,,,
0.0,0.0,0.30911752581596375,,,
1.0,1.0,0.6699274778366089,,,
1.0,1.0,0.7283685803413391,,,
0.0,0.0,0.3422556519508362,,,
1.0,0.0,0.40586596727371216,,,
0.0,0.0,0.278778076171875,,,
0.0,1.0,0.5421934723854065,,,
1.0,0.0,0.4446065127849579,,,
0.0,0.0,0.37357592582702637,,,
1.0,0.0,0.3721509873867035,,,
1.0,0.0,0.39207369089126587,,,
0.0,0.0,0.33034923672676086,,,
1.0,1.0,0.6954147815704346,,,
0.0,1.0,0.5337988138198853,,,
1.0,0.0,0.36468034982681274,,,
1.0,1.0,0.5658671259880066,,,
0.0,0.0,0.285300076007843,,,
1.0,0.0,0.451652854681015,,,
1.0,0.0,0.40364131331443787,,,
1.0,1.0,0.6671466827392578,,,
1.0,0.0,0.37486472725868225,,,
0.0,0.0,0.39336708188056946,,,
0.0,0.0,0.23378972709178925,,,
0.0,0.0,0.3446704149246216,,,
0.0,0.0,0.49595949053764343,,,
1.0,1.0,0.6186033487319946,,,
1.0,0.0,0.3845057189464569,,,
0.0,0.0,0.19996868073940277,,,
0.0,0.0,0.3126988708972931,,,
0.0,0.0,0.27877727150917053,,,
0.0,1.0,0.6601910591125488,,,
1.0,1.0,0.5351904034614563,,,
0.0,0.0,0.38765257596969604,,,
0.0,0.0,0.2956538200378418,,,
0.0,0.0,0.2631264328956604,,,
0.0,0.0,0.4493294060230255,,,
1.0,0.0,0.366456001996994,,,
0.0,0.0,0.38687291741371155,,,
0.0,1.0,0.6588431000709534,,,
0.0,0.0,0.37411177158355713,,,
0.0,1.0,0.5031436085700989,,,
1.0,0.0,0.2538534998893738,,,
0.0,0.0,0.32615262269973755,,,
0.0,0.0,0.2984043061733246,,,
0.0,1.0,0.5658104419708252,,,
1.0,1.0,0.6301171183586121,,,
1.0,0.0,0.4107935130596161,,,
1.0,0.0,0.4747615158557892,,,
0.0,0.0,0.4812690317630768,,,
0.0,0.0,0.4909017086029053,,,
1.0,1.0,0.5140042304992676,,,
0.0,1.0,0.611900269985199,,,
0.0,0.0,0.3641026020050049,,,
0.0,0.0,0.2627638578414917,,,
0.0,0.0,0.33746930956840515,,,
1.0,1.0,0.5981238484382629,,,
1.0,1.0,0.769797682762146,,,
0.0,0.0,0.3491515517234802,,,
0.0,0.0,0.3842701315879822,,,
1.0,1.0,0.7569653391838074,,,
1.0,0.0,0.4739459455013275,,,
1.0,1.0,0.7085185050964355,,,
1.0,1.0,0.9425067901611328,,,
1.0,1.0,0.5247946381568909,,,
1.0,1.0,0.7185861468315125,,,
0.0,1.0,0.7067212462425232,,,
0.0,0.0,0.2931724190711975,,,
1.0,1.0,0.6098891496658325,,,
1.0,0.0,0.39797425270080566,,,
1.0,1.0,0.684074878692627,,,
0.0,0.0,0.45887935161590576,,,
1.0,1.0,0.7579488754272461,,,
0.0,0.0,0.43674299120903015,,,
1.0,1.0,0.9467883110046387,,,
0.0,0.0,0.39198368787765503,,,
0.0,1.0,0.5551543831825256,,,
1.0,1.0,0.8569146394729614,,,
0.0,0.0,0.3700239956378937,,,
1.0,0.0,0.33697041869163513,,,
1.0,1.0,0.6291840076446533,,,
1.0,1.0,0.5239375233650208,,,
1.0,0.0,0.43451863527297974,,,
1.0,1.0,0.8220422267913818,,,
1.0,0.0,0.43036162853240967,,,
0.0,1.0,0.5597752332687378,,,
1.0,1.0,0.5997110605239868,,,
1.0,0.0,0.4526249170303345,,,
1.0,0.0,0.36935529112815857,,,
1.0,1.0,0.742731511592865,,,
0.0,1.0,0.5190755724906921,,,
1.0,1.0,0.50146484375,,,
0.0,0.0,0.4067516624927521,,,
0.0,0.0,0.1712334305047989,,,
1.0,1.0,0.6397420167922974,,,
0.0,1.0,0.624875545501709,,,
0.0,0.0,0.20686228573322296,,,
0.0,0.0,0.34478941559791565,,,
1.0,0.0,0.4719410240650177,,,
1.0,0.0,0.48421934247016907,,,
1.0,0.0,0.40337178111076355,,,
1.0,0.0,0.4209562838077545,,,
0.0,0.0,0.3869960904121399,,,
1.0,1.0,0.6803815364837646,,,
0.0,0.0,0.38464421033859253,,,
1.0,0.0,0.4501394033432007,,,
0.0,0.0,0.2763359546661377,,,
0.0,0.0,0.319031298160553,,,
0.0,0.0,0.37182116508483887,,,
1.0,1.0,0.7220513224601746,,,
1.0,0.0,0.44054150581359863,,,
0.0,0.0,0.18307414650917053,,,
1.0,0.0,0.39689967036247253,,,
1.0,0.0,0.2925826609134674,,,
1.0,1.0,0.5589100122451782,,,
1.0,1.0,0.9126430749893188,,,
0.0,0.0,0.19620206952095032,,,
0.0,1.0,0.5848747491836548,,,
0.0,0.0,0.35797128081321716,,,
1.0,1.0,0.6583055257797241,,,
0.0,0.0,0.33371466398239136,,,
1.0,0.0,0.47598952054977417,,,
0.0,0.0,0.3769320547580719,,,
1.0,1.0,0.6152300834655762,,,
0.0,0.0,0.357288658618927,,,
1.0,0.0,0.38564345240592957,,,
1.0,1.0,0.6470356583595276,,,
1.0,0.0,0.4815002679824829,,,
0.0,0.0,0.35985681414604187,,,
0.0,0.0,0.199612095952034,,,
1.0,1.0,0.5919423699378967,,,
1.0,1.0,0.8604664206504822,,,
0.0,0.0,0.3162742555141449,,,
0.0,1.0,0.5625469088554382,,,
1.0,0.0,0.3288150429725647,,,
0.0,0.0,0.263346791267395,,,
1.0,1.0,0.5611621141433716,,,
0.0,0.0,0.22996550798416138,,,
0.0,0.0,0.444401353597641,,,
1.0,1.0,0.6841319799423218,,,
0.0,0.0,0.34603726863861084,,,
1.0,1.0,0.662619948387146,,,
0.0,0.0,0.36537835001945496,,,
1.0,0.0,0.44779905676841736,,,
1.0,0.0,0.46239009499549866,,,
0.0,0.0,0.4415101110935211,,,
1.0,0.0,0.4745981693267822,,,
1.0,0.0,0.47238266468048096,,,
0.0,0.0,0.19147862493991852,,,
1.0,0.0,0.4558712840080261,,,
1.0,0.0,0.30427441000938416,,,
1.0,0.0,0.47522732615470886,,,
0.0,0.0,0.4676218330860138,,,
1.0,0.0,0.23736386001110077,,,
1.0,1.0,0.5743348002433777,,,
1.0,1.0,0.7386576533317566,,,
0.0,0.0,0.39411115646362305,,,
1.0,0.0,0.4023963212966919,,,
1.0,1.0,0.7764837145805359,,,
1.0,0.0,0.4876834452152252,,,
0.0,0.0,0.2830694317817688,,,
0.0,0.0,0.4090946316719055,,,
0.0,0.0,0.25282421708106995,,,
0.0,0.0,0.30409836769104004,,,
0.0,0.0,0.3616318106651306,,,
0.0,0.0,0.49896538257598877,,,
1.0,0.0,0.37973254919052124,,,
0.0,0.0,0.4378158748149872,,,
0.0,0.0,0.4647187292575836,,,
1.0,0.0,0.3806726336479187,,,
1.0,1.0,0.8228685259819031,,,
0.0,0.0,0.4550084173679352,,,
0.0,0.0,0.48015278577804565,,,
0.0,1.0,0.5538824200630188,,,
1.0,1.0,0.6731913685798645,,,
1.0,1.0,0.6220524907112122,,,
0.0,1.0,0.6021007299423218,,,
0.0,1.0,0.7181416749954224,,,
1.0,1.0,0.8467687964439392,,,
0.0,1.0,0.5976917743682861,,,
0.0,0.0,0.35498321056365967,,,
0.0,0.0,0.3923683762550354,,,
0.0,1.0,0.5532266497612,,,
1.0,1.0,0.5676636099815369,,,
0.0,0.0,0.3530851900577545,,,
1.0,1.0,0.7165971398353577,,,
0.0,0.0,0.3408343493938446,,,
0.0,1.0,0.6155127882957458,,,
0.0,0.0,0.4997541904449463,,,
0.0,1.0,0.6307387948036194,,,
1.0,1.0,0.5272486209869385,,,
0.0,1.0,0.507807731628418,,,
0.0,0.0,0.246088907122612,,,
1.0,0.0,0.42330124974250793,,,
1.0,0.0,0.2904875874519348,,,
0.0,0.0,0.3875479996204376,,,
1.0,0.0,0.3858729302883148,,,
0.0,0.0,0.3923133909702301,,,
1.0,1.0,0.6453063488006592,,,
1.0,0.0,0.356338232755661,,,
0.0,1.0,0.5103400349617004,,,
0.0,0.0,0.2745676338672638,,,
1.0,1.0,0.6390947103500366,,,
0.0,0.0,0.47222399711608887,,,
1.0,1.0,0.5925714373588562,,,
0.0,0.0,0.44907432794570923,,,
0.0,0.0,0.45774874091148376,,,
0.0,0.0,0.37369632720947266,,,
1.0,0.0,0.3253229260444641,,,
1.0,0.0,0.3787573575973511,,,
1.0,1.0,0.847196102142334,,,
1.0,0.0,0.3655828833580017,,,
1.0,1.0,0.6275731921195984,,,
0.0,0.0,0.18307414650917053,,,
0.0,0.0,0.24998629093170166,,,
0.0,0.0,0.3208811283111572,,,
0.0,0.0,0.28206560015678406,,,
1.0,0.0,0.4616667628288269,,,
1.0,0.0,0.46534448862075806,,,
1.0,1.0,0.6073759198188782,,,
0.0,0.0,0.4544888138771057,,,
1.0,1.0,0.8759551644325256,,,
0.0,0.0,0.35338541865348816,,,
0.0,0.0,0.4779905080795288,,,
1.0,0.0,0.35057544708251953,,,
0.0,0.0,0.4831940829753876,,,
1.0,1.0,0.5564395785331726,,,
0.0,1.0,0.6392242908477783,,,
0.0,0.0,0.36801132559776306,,,
0.0,0.0,0.4316733479499817,,,
1.0,1.0,0.6904259324073792,,,
0.0,0.0,0.4364619255065918,,,
1.0,1.0,0.6531917452812195,,,
0.0,0.0,0.30961695313453674,,,
0.0,0.0,0.35957565903663635,,,
0.0,0.0,0.3694853186607361,,,
1.0,1.0,0.9004102349281311,,,
1.0,1.0,0.5262870788574219,,,
0.0,0.0,0.15193386375904083,,,
1.0,1.0,0.7635446786880493,,,
0.0,0.0,0.42398011684417725,,,
0.0,0.0,0.286552369594574,,,
0.0,0.0,0.33243298530578613,,,
1.0,0.0,0.49839678406715393,,,
0.0,0.0,0.4153151214122772,,,
0.0,0.0,0.4238509237766266,,,
1.0,0.0,0.3509786128997803,,,
1.0,0.0,0.3461645245552063,,,
1.0,1.0,0.5598328113555908,,,
1.0,0.0,0.4544764459133148,,,
0.0,0.0,0.19991573691368103,,,
0.0,1.0,0.5258669853210449,,,
0.0,1.0,0.563421905040741,,,
1.0,1.0,0.7742124795913696,,,
1.0,1.0,0.8513451218605042,,,
1.0,1.0,0.7351246476173401,,,
0.0,0.0,0.36220353841781616,,,
0.0,0.0,0.35705050826072693,,,
1.0,1.0,0.8282655477523804,,,
1.0,1.0,0.5138482451438904,,,
1.0,1.0,0.6278805136680603,,,
1.0,1.0,0.6275628209114075,,,
0.0,0.0,0.3466361165046692,,,
1.0,1.0,0.6228839755058289,,,
1.0,1.0,0.680953860282898,,,
0.0,1.0,0.5051190853118896,,,
1.0,1.0,0.731027364730835,,,
1.0,1.0,0.6846626996994019,,,
1.0,1.0,0.6932485699653625,,,
1.0,1.0,0.7623425722122192,,,
1.0,1.0,0.8012022972106934,,,
0.0,1.0,0.5341230034828186,,,
0.0,1.0,0.6065102815628052,,,
0.0,1.0,0.7108187675476074,,,
1.0,1.0,0.5568906664848328,,,
1.0,0.0,0.4575434923171997,,,
0.0,0.0,0.21318764984607697,,,
0.0,1.0,0.7214472889900208,,,
1.0,1.0,0.8701083064079285,,,
0.0,0.0,0.23802167177200317,,,
1.0,1.0,0.6243814826011658,,,
0.0,0.0,0.31030645966529846,,,
1.0,1.0,0.6029364466667175,,,
1.0,1.0,0.6907804012298584,,,
0.0,1.0,0.6410216093063354,,,
0.0,0.0,0.23802167177200317,,,
1.0,1.0,0.5507548451423645,,,
0.0,0.0,0.25377631187438965,,,
0.0,0.0,0.317023366689682,,,
0.0,0.0,0.36934617161750793,,,
0.0,0.0,0.4364719092845917,,,
1.0,0.0,0.48735761642456055,,,
0.0,0.0,0.3732084035873413,,,
1.0,1.0,0.6466878056526184,,,
1.0,0.0,0.21213398873806,,,
0.0,0.0,0.2925397455692291,,,
0.0,0.0,0.332478404045105,,,
0.0,0.0,0.46732982993125916,,,
0.0,0.0,0.452396035194397,,,
0.0,0.0,0.3471267521381378,,,
0.0,0.0,0.28308627009391785,,,
1.0,0.0,0.4995373487472534,,,
1.0,1.0,0.7615084648132324,,,
0.0,0.0,0.3605547547340393,,,
1.0,1.0,0.626340925693512,,,
0.0,0.0,0.4503576159477234,,,
1.0,0.0,0.3142659068107605,,,
1.0,0.0,0.45870471000671387,,,
0.0,0.0,0.34401991963386536,,,
1.0,1.0,0.5819320678710938,,,
0.0,0.0,0.3370695412158966,,,
1.0,1.0,0.5086888074874878,,,
1.0,1.0,0.6995640397071838,,,
0.0,0.0,0.30996426939964294,,,
0.0,0.0,0.2794085443019867,,,
0.0,0.0,0.3531247675418854,,,
1.0,1.0,0.6364452242851257,,,
0.0,0.0,0.40711724758148193,,,
0.0,0.0,0.2161545753479004,,,
1.0,0.0,0.4826754629611969,,,
1.0,1.0,0.5104275345802307,,,
1.0,0.0,0.3839257061481476,,,
1.0,1.0,0.8053462505340576,,,
0.0,0.0,0.3972890079021454,,,
0.0,1.0,0.519249439239502,,,
0.0,0.0,0.29131805896759033,,,
0.0,0.0,0.28842246532440186,,,
0.0,0.0,0.3133029043674469,,,
0.0,0.0,0.18307414650917053,,,
0.0,0.0,0.42543068528175354,,,
1.0,1.0,0.7636200785636902,,,
1.0,1.0,0.5894761681556702,,,
0.0,0.0,0.43023449182510376,,,
1.0,1.0,0.8380919098854065,,,
0.0,0.0,0.48207128047943115,,,
1.0,0.0,0.4362959861755371,,,
1.0,1.0,0.5730414390563965,,,
0.0,0.0,0.33502060174942017,,,
0.0,0.0,0.39906954765319824,,,
0.0,0.0,0.4450601637363434,,,
0.0,0.0,0.40730658173561096,,,
0.0,0.0,0.3459506928920746,,,
0.0,0.0,0.3315509855747223,,,
1.0,1.0,0.8695330619812012,,,
0.0,0.0,0.3657618761062622,,,
0.0,0.0,0.24262550473213196,,,
0.0,0.0,0.42341378331184387,,,
0.0,0.0,0.33480292558670044,,,
0.0,0.0,0.24956026673316956,,,
0.0,0.0,0.48590120673179626,,,
1.0,1.0,0.8830514550209045,,,
1.0,1.0,0.857081949710846,,,
1.0,1.0,0.573403537273407,,,
0.0,0.0,0.3605053722858429,,,
0.0,0.0,0.33678120374679565,,,
0.0,1.0,0.6383297443389893,,,
0.0,0.0,0.30226051807403564,,,
1.0,1.0,0.7404779195785522,,,
0.0,0.0,0.411455899477005,,,
1.0,1.0,0.5175036787986755,,,
1.0,1.0,0.8316948413848877,,,
0.0,0.0,0.30895987153053284,,,
1.0,1.0,0.8822481036186218,,,
0.0,0.0,0.30616849660873413,,,
0.0,0.0,0.38573676347732544,,,
0.0,1.0,0.5312732458114624,,,
1.0,0.0,0.442075252532959,,,
1.0,0.0,0.360849529504776,,,
0.0,0.0,0.2540535628795624,,,
0.0,0.0,0.32240235805511475,,,
0.0,1.0,0.7115069627761841,,,
1.0,1.0,0.828386664390564,,,
0.0,0.0,0.1610286384820938,,,
0.0,0.0,0.36686787009239197,,,
1.0,1.0,0.73966383934021,,,
0.0,0.0,0.29785531759262085,,,
0.0,0.0,0.3148529827594757,,,
0.0,0.0,0.4240990877151489,,,
0.0,0.0,0.3995300531387329,,,
0.0,0.0,0.4433867633342743,,,
0.0,0.0,0.34856122732162476,,,
0.0,0.0,0.27168604731559753,,,
1.0,0.0,0.37600356340408325,,,
0.0,0.0,0.43713250756263733,,,
1.0,1.0,0.5979499816894531,,,
0.0,0.0,0.45169225335121155,,,
1.0,1.0,0.6708040833473206,,,
1.0,1.0,0.574731171131134,,,
0.0,0.0,0.3445831537246704,,,
0.0,0.0,0.3554462492465973,,,
0.0,0.0,0.32842352986335754,,,
0.0,0.0,0.4457594156265259,,,
1.0,1.0,0.9331803321838379,,,
1.0,1.0,0.7199618220329285,,,
1.0,0.0,0.40209928154945374,,,
1.0,1.0,0.7118231654167175,,,
0.0,0.0,0.31151288747787476,,,
1.0,1.0,0.742731511592865,,,
1.0,0.0,0.4473651349544525,,,
0.0,0.0,0.3602637052536011,,,
1.0,1.0,0.7111181020736694,,,
1.0,1.0,0.6514253616333008,,,
1.0,0.0,0.4209972321987152,,,
0.0,0.0,0.3532344102859497,,,
0.0,0.0,0.3406130373477936,,,
0.0,0.0,0.3594336211681366,,,
1.0,1.0,0.7384219765663147,,,
0.0,1.0,0.778969407081604,,,
1.0,1.0,0.8094803094863892,,,
1.0,0.0,0.26065748929977417,,,
0.0,0.0,0.4505079686641693,,,
0.0,0.0,0.36736834049224854,,,
1.0,1.0,0.8379294276237488,,,
0.0,0.0,0.29804205894470215,,,
0.0,0.0,0.2818838357925415,,,
1.0,1.0,0.7903526425361633,,,
0.0,1.0,0.5065387487411499,,,
1.0,1.0,0.795047402381897,,,
0.0,0.0,0.3782011568546295,,,
0.0,0.0,0.19730746746063232,,,
1.0,1.0,0.9385585188865662,,,
0.0,0.0,0.32066020369529724,,,
1.0,1.0,0.551473081111908,,,
0.0,0.0,0.3152998387813568,,,
1.0,1.0,0.824133038520813,,,
0.0,0.0,0.3457559645175934,,,
0.0,0.0,0.19691132009029388,,,
1.0,1.0,0.5723028182983398,,,
0.0,0.0,0.28031012415885925,,,
0.0,0.0,0.4470812976360321,,,
0.0,0.0,0.29877305030822754,,,
0.0,0.0,0.4092090129852295,,,
1.0,0.0,0.4672243595123291,,,
1.0,0.0,0.3743346035480499,,,
0.0,0.0,0.38981688022613525,,,
1.0,1.0,0.768345832824707,,,
0.0,0.0,0.24363645911216736,,,
1.0,0.0,0.33575671911239624,,,
0.0,0.0,0.40266886353492737,,,
0.0,1.0,0.5371969938278198,,,
1.0,1.0,0.8807846307754517,,,
0.0,0.0,0.29804205894470215,,,
1.0,1.0,0.7887563109397888,,,
0.0,0.0,0.277944952249527,,,
0.0,0.0,0.39354240894317627,,,
1.0,1.0,0.5984081625938416,,,
0.0,0.0,0.4636056125164032,,,
0.0,0.0,0.39941760897636414,,,
1.0,1.0,0.751834511756897,,,
0.0,0.0,0.43770739436149597,,,
1.0,0.0,0.4549367129802704,,,
0.0,0.0,0.31353238224983215,,,
0.0,0.0,0.3121579587459564,,,
0.0,0.0,0.345196008682251,,,
1.0,1.0,0.7126916646957397,,,
0.0,0.0,0.27686449885368347,,,
1.0,1.0,0.5739918351173401,,,
0.0,0.0,0.354336142539978,,,
1.0,0.0,0.4728337526321411,,,
0.0,0.0,0.4520997107028961,,,
0.0,0.0,0.3330790102481842,,,
0.0,1.0,0.5388413071632385,,,
1.0,1.0,0.8869485855102539,,,
1.0,0.0,0.3923889100551605,,,
1.0,1.0,0.6899625658988953,,,
1.0,0.0,0.26638084650039673,,,
0.0,0.0,0.45584216713905334,,,
1.0,1.0,0.5153322815895081,,,
1.0,1.0,0.5100535750389099,,,
0.0,0.0,0.46994492411613464,,,
0.0,0.0,0.2729247808456421,,,
0.0,0.0,0.2684536576271057,,,
1.0,1.0,0.6647441387176514,,,
1.0,1.0,0.7136857509613037,,,
0.0,0.0,0.34724125266075134,,,
0.0,0.0,0.39081674814224243,,,
0.0,0.0,0.40678471326828003,,,
1.0,1.0,0.7700313329696655,,,
1.0,1.0,0.6561302542686462,,,
1.0,0.0,0.22890426218509674,,,
0.0,0.0,0.22757434844970703,,,
1.0,1.0,0.8235775232315063,,,
1.0,0.0,0.44422778487205505,,,
1.0,1.0,0.7205102443695068,,,
1.0,1.0,0.576044499874115,,,
0.0,0.0,0.19147862493991852,,,
1.0,0.0,0.40550267696380615,,,
1.0,1.0,0.843460202217102,,,
0.0,0.0,0.18176409602165222,,,
1.0,0.0,0.4587647020816803,,,
1.0,1.0,0.8232577443122864,,,
1.0,1.0,0.6982574462890625,,,
0.0,0.0,0.29348284006118774,,,
0.0,0.0,0.32777291536331177,,,
0.0,0.0,0.25630828738212585,,,
0.0,0.0,0.3830740451812744,,,
1.0,1.0,0.6098719239234924,,,
0.0,0.0,0.4292233884334564,,,
0.0,0.0,0.34774523973464966,,,
1.0,1.0,0.6074932217597961,,,
0.0,0.0,0.23596325516700745,,,
0.0,0.0,0.44866302609443665,,,
0.0,0.0,0.4026200473308563,,,
0.0,1.0,0.5220183730125427,,,
1.0,1.0,0.8283527493476868,,,
0.0,0.0,0.48672398924827576,,,
0.0,1.0,0.5744380354881287,,,
1.0,1.0,0.5404292941093445,,,
0.0,0.0,0.41255974769592285,,,
1.0,1.0,0.5286186933517456,,,
1.0,1.0,0.87721186876297,,,
0.0,0.0,0.4009915888309479,,,
1.0,0.0,0.3689277768135071,,,
1.0,1.0,0.7341364026069641,,,
0.0,0.0,0.2973834276199341,,,
0.0,0.0,0.343723326921463,,,
0.0,0.0,0.3118913471698761,,,
1.0,0.0,0.3751795291900635,,,
1.0,0.0,0.3866320252418518,,,
0.0,0.0,0.3216301202774048,,,
0.0,0.0,0.44351598620414734,,,
1.0,1.0,0.6792327165603638,,,
0.0,0.0,0.45785295963287354,,,
0.0,1.0,0.5381708741188049,,,
0.0,0.0,0.42139291763305664,,,
1.0,1.0,0.5020164251327515,,,
1.0,1.0,0.6102921366691589,,,
0.0,1.0,0.5336241722106934,,,
0.0,1.0,0.5548916459083557,,,
1.0,1.0,0.5242228507995605,,,
0.0,0.0,0.4717753827571869,,,
1.0,1.0,0.5194594860076904,,,
0.0,0.0,0.3413935601711273,,,
1.0,1.0,0.5932604670524597,,,
0.0,0.0,0.4058785140514374,,,
1.0,1.0,0.617124617099762,,,
1.0,0.0,0.38173526525497437,,,
0.0,0.0,0.46532782912254333,,,
1.0,1.0,0.5486294627189636,,,
0.0,0.0,0.31238749623298645,,,
0.0,0.0,0.37497836351394653,,,
0.0,1.0,0.5969098806381226,,,
1.0,0.0,0.4595341682434082,,,
1.0,1.0,0.8400834798812866,,,
0.0,0.0,0.3899405300617218,,,
0.0,0.0,0.2264450043439865,,,
0.0,0.0,0.434722900390625,,,
0.0,1.0,0.5083723068237305,,,
1.0,1.0,0.6849287748336792,,,
1.0,1.0,0.5843778848648071,,,
0.0,0.0,0.3413374125957489,,,
0.0,0.0,0.41479140520095825,,,
0.0,0.0,0.3073124587535858,,,
0.0,0.0,0.3622792661190033,,,
0.0,1.0,0.8097074627876282,,,
1.0,0.0,0.40550267696380615,,,
1.0,1.0,0.7928204536437988,,,
0.0,0.0,0.3347276449203491,,,
1.0,1.0,0.714929461479187,,,
1.0,1.0,0.5497838854789734,,,
1.0,1.0,0.6584604382514954,,,
1.0,1.0,0.7454047203063965,,,
0.0,0.0,0.3767853379249573,,,
0.0,0.0,0.40685728192329407,,,
0.0,1.0,0.6143697500228882,,,
1.0,1.0,0.7390833497047424,,,
0.0,0.0,0.2570488154888153,,,
0.0,0.0,0.3535284399986267,,,
1.0,0.0,0.4270697236061096,,,
0.0,0.0,0.1971699446439743,,,
0.0,0.0,0.3084491789340973,,,
1.0,1.0,0.6176494359970093,,,
1.0,1.0,0.9285767078399658,,,
1.0,0.0,0.33271923661231995,,,
1.0,1.0,0.6797575950622559,,,
1.0,1.0,0.7170906066894531,,,
0.0,0.0,0.3466460406780243,,,
1.0,0.0,0.44798368215560913,,,
0.0,0.0,0.19601503014564514,,,
1.0,0.0,0.37683579325675964,,,
1.0,0.0,0.49145233631134033,,,
1.0,1.0,0.6584604382514954,,,
0.0,1.0,0.5366835594177246,,,
1.0,0.0,0.45448076725006104,,,
1.0,0.0,0.44643735885620117,,,
1.0,0.0,0.4364134669303894,,,
0.0,0.0,0.49776691198349,,,
1.0,1.0,0.7185861468315125,,,
0.0,0.0,0.4022509753704071,,,
0.0,0.0,0.40763548016548157,,,
0.0,0.0,0.30795562267303467,,,
1.0,0.0,0.39593183994293213,,,
0.0,1.0,0.7015742659568787,,,
1.0,0.0,0.3783000707626343,,,
0.0,0.0,0.2855882942676544,,,
1.0,1.0,0.7591109275817871,,,
0.0,0.0,0.466764360666275,,,
0.0,0.0,0.2607002854347229,,,
0.0,0.0,0.2947719693183899,,,
1.0,1.0,0.5917063355445862,,,
1.0,1.0,0.7065474390983582,,,
0.0,0.0,0.3643219769001007,,,
1.0,0.0,0.313652902841568,,,
1.0,1.0,0.5883837342262268,,,
0.0,0.0,0.2023797631263733,,,
1.0,1.0,0.7107764482498169,,,
0.0,1.0,0.5531500577926636,,,
1.0,1.0,0.5018424391746521,,,
1.0,1.0,0.7288987636566162,,,
1.0,1.0,0.6186257600784302,,,
0.0,1.0,0.5853061079978943,,,
1.0,1.0,0.7309563755989075,,,
1.0,1.0,0.6342002153396606,,,
1.0,0.0,0.3592910170555115,,,
0.0,0.0,0.323141872882843,,,
0.0,0.0,0.38611045479774475,,,
0.0,0.0,0.3799499273300171,,,
0.0,0.0,0.1944761425256729,,,
1.0,1.0,0.726548433303833,,,
1.0,0.0,0.41125231981277466,,,
1.0,0.0,0.45708855986595154,,,
1.0,0.0,0.4148702025413513,,,
0.0,0.0,0.2647276222705841,,,
0.0,0.0,0.414781391620636,,,
0.0,0.0,0.1623789668083191,,,
1.0,1.0,0.8418391346931458,,,
0.0,0.0,0.369061678647995,,,
1.0,0.0,0.3893131613731384,,,
0.0,0.0,0.386788010597229,,,
0.0,0.0,0.3451206088066101,,,
0.0,0.0,0.42052704095840454,,,
0.0,1.0,0.5785237550735474,,,
0.0,0.0,0.49770838022232056,,,
0.0,0.0,0.27108144760131836,,,
0.0,0.0,0.39770978689193726,,,
0.0,0.0,0.3677510619163513,,,
1.0,1.0,0.5705221891403198,,,
0.0,0.0,0.33950477838516235,,,
1.0,0.0,0.44541123509407043,,,
0.0,0.0,0.35374516248703003,,,
1.0,1.0,0.6901716589927673,,,
1.0,1.0,0.5443992018699646,,,
0.0,0.0,0.4563012719154358,,,
0.0,0.0,0.35351839661598206,,,
1.0,1.0,0.7194406390190125,,,
0.0,0.0,0.33911973237991333,,,
0.0,0.0,0.34950384497642517,,,
1.0,1.0,0.5993092060089111,,,
1.0,1.0,0.6708089113235474,,,
0.0,0.0,0.39950627088546753,,,
0.0,0.0,0.35062941908836365,,,
1.0,1.0,0.806435227394104,,,
0.0,1.0,0.6871756911277771,,,
1.0,1.0,0.670000433921814,,,
1.0,0.0,0.4846259653568268,,,
1.0,0.0,0.3554367125034332,,,
1.0,1.0,0.6271536350250244,,,
0.0,0.0,0.3174186050891876,,,
1.0,1.0,0.647516667842865,,,
0.0,0.0,0.4644736647605896,,,
1.0,1.0,0.6787771582603455,,,
0.0,0.0,0.32071253657341003,,,
1.0,1.0,0.7849090695381165,,,
1.0,0.0,0.43927958607673645,,,
0.0,0.0,0.30398717522621155,,,
1.0,1.0,0.5750701427459717,,,
0.0,0.0,0.2596345543861389,,,
1.0,1.0,0.7040290832519531,,,
1.0,1.0,0.6528990864753723,,,
1.0,1.0,0.5150495767593384,,,
1.0,1.0,0.6020955443382263,,,
1.0,0.0,0.41125231981277466,,,
0.0,0.0,0.4697808623313904,,,
1.0,0.0,0.39725732803344727,,,
1.0,0.0,0.4976849853992462,,,
1.0,1.0,0.6740990877151489,,,
1.0,1.0,0.788258969783783,,,
1.0,0.0,0.313858300447464,,,
1.0,1.0,0.7317277789115906,,,
1.0,1.0,0.769797682762146,,,
0.0,0.0,0.34907135367393494,,,
0.0,0.0,0.47417354583740234,,,
1.0,1.0,0.7097702026367188,,,
0.0,0.0,0.30323976278305054,,,
0.0,0.0,0.36712339520454407,,,
1.0,1.0,0.7002755999565125,,,
1.0,1.0,0.6445342302322388,,,
1.0,0.0,0.3111165761947632,,,
1.0,1.0,0.5172781944274902,,,
1.0,0.0,0.4916089177131653,,,
1.0,1.0,0.8150151968002319,,,
1.0,1.0,0.8829150795936584,,,
0.0,1.0,0.543088972568512,,,
0.0,0.0,0.47438859939575195,,,
1.0,0.0,0.34584569931030273,,,
1.0,0.0,0.3909129798412323,,,
1.0,0.0,0.44065552949905396,,,
0.0,0.0,0.45322689414024353,,,
1.0,1.0,0.7878855466842651,,,
1.0,1.0,0.8824048042297363,,,
1.0,0.0,0.48745718598365784,,,
0.0,1.0,0.6226474642753601,,,
1.0,1.0,0.5536405444145203,,,
0.0,0.0,0.45264241099357605,,,
1.0,0.0,0.3138153851032257,,,
1.0,1.0,0.562549889087677,,,
0.0,0.0,0.2945997714996338,,,
0.0,0.0,0.43084511160850525,,,
1.0,1.0,0.670000433921814,,,
1.0,1.0,0.7796072363853455,,,
1.0,1.0,0.5335323810577393,,,
0.0,0.0,0.21401932835578918,,,
0.0,0.0,0.343066930770874,,,
0.0,0.0,0.2158486694097519,,,
1.0,0.0,0.48882582783699036,,,
1.0,1.0,0.5520733594894409,,,
1.0,1.0,0.790433406829834,,,
0.0,0.0,0.29651710391044617,,,
1.0,1.0,0.7932789921760559,,,
1.0,1.0,0.7734595537185669,,,
1.0,0.0,0.36554229259490967,,,
1.0,1.0,0.7340837717056274,,,
0.0,0.0,0.24782896041870117,,,
0.0,1.0,0.583214521408081,,,
0.0,0.0,0.3509293496608734,,,
1.0,0.0,0.4485790729522705,,,
0.0,0.0,0.286257266998291,,,
1.0,0.0,0.4126068651676178,,,
1.0,0.0,0.4669535756111145,,,
0.0,0.0,0.24262550473213196,,,
0.0,0.0,0.37673014402389526,,,
1.0,1.0,0.6277302503585815,,,
1.0,1.0,0.70600825548172,,,
0.0,0.0,0.26194366812705994,,,
1.0,0.0,0.3969530463218689,,,
1.0,1.0,0.7404779195785522,,,
0.0,0.0,0.40557920932769775,,,
0.0,0.0,0.3124235272407532,,,
1.0,1.0,0.8536971807479858,,,
1.0,1.0,0.6577983498573303,,,
1.0,0.0,0.4060031473636627,,,
1.0,0.0,0.3634919226169586,,,
0.0,0.0,0.3430068790912628,,,
0.0,0.0,0.41139647364616394,,,
1.0,1.0,0.9168961644172668,,,
1.0,0.0,0.24436207115650177,,,
1.0,1.0,0.7343757748603821,,,
0.0,1.0,0.5010688900947571,,,
1.0,1.0,0.6620214581489563,,,
0.0,0.0,0.4522615969181061,,,
1.0,1.0,0.6020955443382263,,,
0.0,0.0,0.30479511618614197,,,
1.0,0.0,0.4266684949398041,,,
0.0,0.0,0.2534137964248657,,,
0.0,0.0,0.42932114005088806,,,
0.0,0.0,0.3564608097076416,,,
0.0,1.0,0.6823108792304993,,,
1.0,1.0,0.8624285459518433,,,
1.0,1.0,0.6997784972190857,,,
0.0,0.0,0.30409836769104004,,,
1.0,1.0,0.5151422619819641,,,
1.0,1.0,0.5514848232269287,,,
0.0,0.0,0.2526402473449707,,,
1.0,1.0,0.5885628461837769,,,
1.0,0.0,0.4266025125980377,,,
1.0,1.0,0.6733501553535461,,,
1.0,1.0,0.8708986639976501,,,
1.0,0.0,0.4354071319103241,,,
1.0,1.0,0.5829514265060425,,,
1.0,0.0,0.45333534479141235,,,
0.0,1.0,0.5471291542053223,,,
1.0,1.0,0.7674059271812439,,,
0.0,0.0,0.20775754749774933,,,
1.0,0.0,0.35377857089042664,,,
1.0,0.0,0.36936652660369873,,,
0.0,0.0,0.2976333200931549,,,
0.0,1.0,0.5153976678848267,,,
1.0,1.0,0.7941851019859314,,,
1.0,1.0,0.7088964581489563,,,
0.0,0.0,0.36869606375694275,,,
1.0,1.0,0.778224527835846,,,
0.0,0.0,0.2721489667892456,,,
0.0,0.0,0.378079891204834,,,
0.0,0.0,0.3796173334121704,,,
1.0,1.0,0.5641677379608154,,,
0.0,0.0,0.4509872794151306,,,
0.0,0.0,0.2824039161205292,,,
1.0,1.0,0.7864171266555786,,,
0.0,0.0,0.38098081946372986,,,
1.0,0.0,0.30052682757377625,,,
1.0,0.0,0.45448076725006104,,,
0.0,1.0,0.6009340882301331,,,
0.0,0.0,0.30520766973495483,,,
0.0,0.0,0.30602872371673584,,,
1.0,1.0,0.6756505966186523,,,
0.0,0.0,0.2902172803878784,,,
0.0,0.0,0.4880482256412506,,,
0.0,0.0,0.4422597587108612,,,
1.0,1.0,0.7284637093544006,,,
0.0,0.0,0.45891332626342773,,,
0.0,0.0,0.42592447996139526,,,
1.0,1.0,0.7628232836723328,,,
1.0,1.0,0.5172700881958008,,,
0.0,0.0,0.4415612816810608,,,
1.0,1.0,0.6340773105621338,,,
1.0,1.0,0.7165448665618896,,,
0.0,0.0,0.44466882944107056,,,
1.0,1.0,0.8376867771148682,,,
1.0,1.0,0.868808388710022,,,
0.0,0.0,0.40850400924682617,,,
0.0,0.0,0.35958725214004517,,,
1.0,1.0,0.502052903175354,,,
0.0,0.0,0.2297915369272232,,,
0.0,0.0,0.3331892788410187,,,
1.0,1.0,0.5642711520195007,,,
1.0,0.0,0.4247506558895111,,,
1.0,1.0,0.9089311957359314,,,
0.0,1.0,0.5233064889907837,,,
0.0,0.0,0.4623526334762573,,,
0.0,0.0,0.2907123565673828,,,
0.0,0.0,0.4701932668685913,,,
1.0,0.0,0.4224134385585785,,,
0.0,0.0,0.29836857318878174,,,
0.0,0.0,0.4559101462364197,,,
0.0,0.0,0.4254637360572815,,,
1.0,0.0,0.36430057883262634,,,
0.0,0.0,0.3657618761062622,,,
0.0,1.0,0.6389954090118408,,,
0.0,0.0,0.38904261589050293,,,
1.0,1.0,0.5681813359260559,,,
0.0,1.0,0.6896471381187439,,,
1.0,0.0,0.3328950107097626,,,
1.0,0.0,0.342353880405426,,,
0.0,0.0,0.4134214520454407,,,
0.0,0.0,0.25226667523384094,,,
1.0,0.0,0.34203556180000305,,,
1.0,0.0,0.42214852571487427,,,
0.0,0.0,0.19601503014564514,,,
1.0,1.0,0.7205102443695068,,,
1.0,1.0,0.6310155987739563,,,
0.0,0.0,0.25174880027770996,,,
1.0,0.0,0.4621519446372986,,,
0.0,0.0,0.30713146924972534,,,
0.0,1.0,0.577288806438446,,,
0.0,0.0,0.45570072531700134,,,
1.0,0.0,0.4067428410053253,,,
0.0,0.0,0.46211230754852295,,,
0.0,0.0,0.2545316815376282,,,
0.0,0.0,0.28042900562286377,,,
0.0,0.0,0.24775506556034088,,,
0.0,0.0,0.41430044174194336,,,
0.0,0.0,0.28204017877578735,,,
0.0,0.0,0.4996453523635864,,,
1.0,0.0,0.3810676634311676,,,
0.0,0.0,0.2508600056171417,,,
1.0,0.0,0.48265567421913147,,,
1.0,0.0,0.4421951472759247,,,
1.0,0.0,0.402989000082016,,,
1.0,1.0,0.7894140481948853,,,
1.0,1.0,0.6358412504196167,,,
0.0,0.0,0.3299742639064789,,,
0.0,0.0,0.4237472116947174,,,
0.0,0.0,0.33284685015678406,,,
0.0,1.0,0.6026544570922852,,,
1.0,1.0,0.7902736663818359,,,
1.0,1.0,0.5968285202980042,,,
0.0,1.0,0.5024915337562561,,,
0.0,0.0,0.4655192196369171,,,
0.0,0.0,0.3367427587509155,,,
1.0,0.0,0.4255947172641754,,,
0.0,0.0,0.3774857819080353,,,
0.0,1.0,0.5392793416976929,,,
0.0,0.0,0.28829225897789,,,
1.0,1.0,0.6468544602394104,,,
1.0,0.0,0.29342496395111084,,,
1.0,1.0,0.546348512172699,,,
0.0,0.0,0.2813074290752411,,,
0.0,0.0,0.281593382358551,,,
1.0,0.0,0.4366278648376465,,,
1.0,0.0,0.46456992626190186,,,
1.0,1.0,0.808035671710968,,,
0.0,1.0,0.5056596398353577,,,
1.0,1.0,0.6620214581489563,,,
0.0,0.0,0.3872416317462921,,,
0.0,1.0,0.6803120374679565,,,
0.0,0.0,0.3413240313529968,,,
1.0,1.0,0.8012720942497253,,,
0.0,0.0,0.34086304903030396,,,
0.0,1.0,0.5240166187286377,,,
0.0,0.0,0.22997528314590454,,,
0.0,0.0,0.3258834779262543,,,
1.0,0.0,0.3105241656303406,,,
1.0,1.0,0.703276515007019,,,
1.0,1.0,0.7132260203361511,,,
1.0,0.0,0.35057544708251953,,,
0.0,0.0,0.3232259750366211,,,
0.0,0.0,0.29442527890205383,,,
1.0,1.0,0.8607032895088196,,,
1.0,0.0,0.3960905969142914,,,
1.0,0.0,0.4395099878311157,,,
0.0,0.0,0.2991926670074463,,,
1.0,1.0,0.5380653738975525,,,
1.0,1.0,0.808076798915863,,,
0.0,1.0,0.5288230776786804,,,
0.0,0.0,0.34359896183013916,,,
0.0,0.0,0.3130788803100586,,,
1.0,1.0,0.7773277163505554,,,
1.0,1.0,0.8214453458786011,,,
1.0,1.0,0.6698619723320007,,,
1.0,1.0,0.8511538505554199,,,
1.0,1.0,0.8380556702613831,,,
0.0,0.0,0.3474421203136444,,,
0.0,0.0,0.3268125057220459,,,
1.0,0.0,0.38487398624420166,,,
0.0,1.0,0.7236465811729431,,,
1.0,0.0,0.3416440188884735,,,
0.0,1.0,0.5474051237106323,,,
1.0,0.0,0.39880022406578064,,,
1.0,0.0,0.46663957834243774,,,
1.0,1.0,0.7876675128936768,,,
0.0,0.0,0.21036063134670258,,,
0.0,0.0,0.1697946935892105,,,
0.0,0.0,0.30125361680984497,,,
0.0,0.0,0.33010557293891907,,,
1.0,1.0,0.6532766222953796,,,
1.0,1.0,0.6246065497398376,,,
0.0,0.0,0.33563748002052307,,,
1.0,0.0,0.35795968770980835,,,
0.0,0.0,0.32757237553596497,,,
1.0,0.0,0.4787839949131012,,,
1.0,0.0,0.4582902491092682,,,
1.0,0.0,0.43176043033599854,,,
0.0,0.0,0.22222673892974854,,,
1.0,1.0,0.70084148645401,,,
1.0,1.0,0.7543754577636719,,,
1.0,0.0,0.41250306367874146,,,
1.0,0.0,0.43052002787590027,,,
0.0,0.0,0.49258410930633545,,,
1.0,0.0,0.411090612411499,,,
1.0,1.0,0.8345542550086975,,,
0.0,0.0,0.29963821172714233,,,
0.0,0.0,0.4676613509654999,,,
0.0,0.0,0.26835811138153076,,,
0.0,0.0,0.3287551999092102,,,
0.0,0.0,0.17154081165790558,,,
0.0,0.0,0.24764606356620789,,,
0.0,0.0,0.42702528834342957,,,
0.0,1.0,0.5315043926239014,,,
1.0,0.0,0.4851856827735901,,,
0.0,0.0,0.3014642894268036,,,
1.0,1.0,0.671795666217804,,,
0.0,1.0,0.650931715965271,,,
1.0,1.0,0.6309361457824707,,,
1.0,1.0,0.7500723600387573,,,
0.0,0.0,0.35780245065689087,,,
1.0,0.0,0.4822688698768616,,,
1.0,0.0,0.4413297176361084,,,
0.0,0.0,0.49547523260116577,,,
1.0,1.0,0.552730917930603,,,
1.0,1.0,0.6688421368598938,,,
1.0,1.0,0.5506885647773743,,,
1.0,1.0,0.5811721682548523,,,
1.0,1.0,0.8645976185798645,,,
0.0,0.0,0.35990098118782043,,,
0.0,1.0,0.690839409828186,,,
1.0,1.0,0.7612619996070862,,,
1.0,0.0,0.47728660702705383,,,
0.0,0.0,0.38764557242393494,,,
1.0,0.0,0.29690566658973694,,,
0.0,0.0,0.3638995587825775,,,
1.0,1.0,0.5342437028884888,,,
1.0,1.0,0.6336101293563843,,,
0.0,0.0,0.4840052127838135,,,
0.0,0.0,0.21605904400348663,,,
0.0,0.0,0.3160446882247925,,,
0.0,0.0,0.3875507712364197,,,
0.0,0.0,0.24275048077106476,,,
0.0,0.0,0.3359111249446869,,,
0.0,0.0,0.4826430678367615,,,
0.0,1.0,0.5584043264389038,,,
1.0,1.0,0.6692137718200684,,,
1.0,0.0,0.4025907516479492,,,
1.0,0.0,0.4219396710395813,,,
0.0,0.0,0.4495684802532196,,,
0.0,0.0,0.3086586892604828,,,
1.0,0.0,0.39555609226226807,,,
1.0,1.0,0.8696035742759705,,,
1.0,1.0,0.6057063341140747,,,
1.0,1.0,0.9616233706474304,,,
0.0,0.0,0.4234825372695923,,,
0.0,0.0,0.3995300531387329,,,
0.0,0.0,0.3261689245700836,,,
1.0,0.0,0.2816029191017151,,,
1.0,0.0,0.39474672079086304,,,
1.0,1.0,0.5338531136512756,,,
0.0,0.0,0.3476630747318268,,,
0.0,0.0,0.3093007802963257,,,
0.0,0.0,0.35562482476234436,,,
1.0,1.0,0.6076636910438538,,,
0.0,0.0,0.4178803265094757,,,
0.0,0.0,0.462124764919281,,,
0.0,0.0,0.3400862514972687,,,
0.0,0.0,0.4894912838935852,,,
1.0,1.0,0.6170706152915955,,,
0.0,0.0,0.3579157590866089,,,
0.0,1.0,0.5074117183685303,,,
0.0,0.0,0.41057512164115906,,,
1.0,1.0,0.7928204536437988,,,
1.0,1.0,0.7025514841079712,,,
1.0,0.0,0.40591755509376526,,,
0.0,0.0,0.3803400695323944,,,
0.0,0.0,0.45257803797721863,,,
0.0,1.0,0.5028164982795715,,,
1.0,0.0,0.4643486440181732,,,
1.0,1.0,0.6608565449714661,,,
0.0,0.0,0.454973429441452,,,
0.0,0.0,0.22376562654972076,,,
0.0,0.0,0.32110679149627686,,,
1.0,1.0,0.7056837677955627,,,
1.0,1.0,0.5842247605323792,,,
0.0,0.0,0.44664862751960754,,,
0.0,0.0,0.42114487290382385,,,
0.0,0.0,0.3628336191177368,,,
1.0,0.0,0.44898515939712524,,,
1.0,0.0,0.41202637553215027,,,
0.0,0.0,0.4714463949203491,,,
1.0,1.0,0.8004449605941772,,,
0.0,0.0,0.27890193462371826,,,
1.0,1.0,0.5920743346214294,,,
1.0,1.0,0.6403785347938538,,,
0.0,0.0,0.3568468689918518,,,
1.0,1.0,0.7461671233177185,,,
1.0,1.0,0.5440527200698853,,,
1.0,1.0,0.5661963820457458,,,
1.0,1.0,0.8375571966171265,,,
1.0,1.0,0.6708089113235474,,,
1.0,0.0,0.3616693317890167,,,
0.0,0.0,0.28739261627197266,,,
1.0,0.0,0.44129034876823425,,,
0.0,0.0,0.23699837923049927,,,
0.0,0.0,0.3136846423149109,,,
1.0,1.0,0.7386576533317566,,,
1.0,1.0,0.689347505569458,,,
1.0,0.0,0.41537806391716003,,,
0.0,0.0,0.4355325698852539,,,
1.0,1.0,0.5940605401992798,,,
0.0,1.0,0.518302321434021,,,
0.0,1.0,0.5462720990180969,,,
1.0,1.0,0.610518217086792,,,
1.0,0.0,0.27923673391342163,,,
0.0,0.0,0.32380107045173645,,,
0.0,1.0,0.663836658000946,,,
1.0,1.0,0.6391602158546448,,,
1.0,1.0,0.6462044715881348,,,
0.0,0.0,0.3965914249420166,,,
1.0,1.0,0.5603135228157043,,,
1.0,1.0,0.6040694117546082,,,
0.0,0.0,0.3649522364139557,,,
0.0,1.0,0.5243467688560486,,,
1.0,0.0,0.21370358765125275,,,
0.0,1.0,0.547674298286438,,,
0.0,0.0,0.4504733383655548,,,
0.0,0.0,0.3852192461490631,,,
1.0,1.0,0.724739670753479,,,
0.0,0.0,0.29797765612602234,,,
1.0,0.0,0.4549367129802704,,,
1.0,1.0,0.733914315700531,,,
1.0,1.0,0.7424380779266357,,,
0.0,0.0,0.41712483763694763,,,
0.0,0.0,0.3893747329711914,,,
1.0,0.0,0.49703770875930786,,,
0.0,0.0,0.31408724188804626,,,
0.0,0.0,0.47438859939575195,,,
0.0,0.0,0.3367427587509155,,,
1.0,0.0,0.29655197262763977,,,
0.0,0.0,0.31352758407592773,,,
0.0,0.0,0.3125218152999878,,,
1.0,0.0,0.46594712138175964,,,
0.0,0.0,0.3742295205593109,,,
1.0,1.0,0.6858351826667786,,,
0.0,1.0,0.5447543263435364,,,
1.0,0.0,0.3533713221549988,,,
0.0,0.0,0.33353668451309204,,,
0.0,0.0,0.3704470098018646,,,
0.0,0.0,0.4162180423736572,,,
1.0,1.0,0.8128184080123901,,,
0.0,0.0,0.2511468231678009,,,
0.0,0.0,0.30877986550331116,,,
1.0,1.0,0.5419178605079651,,,
0.0,0.0,0.2985333204269409,,,
1.0,0.0,0.3755481243133545,,,
0.0,0.0,0.38021236658096313,,,
1.0,0.0,0.31318584084510803,,,
0.0,0.0,0.2313922792673111,,,
0.0,0.0,0.2139972597360611,,,
1.0,0.0,0.41151806712150574,,,
1.0,1.0,0.5442220568656921,,,
0.0,0.0,0.3211159408092499,,,
0.0,0.0,0.3038334548473358,,,
0.0,0.0,0.47376155853271484,,,
0.0,0.0,0.278870165348053,,,
0.0,1.0,0.516424298286438,,,
0.0,0.0,0.1768701672554016,,,
0.0,0.0,0.4371734857559204,,,
1.0,1.0,0.8596187233924866,,,
1.0,0.0,0.4136444926261902,,,
0.0,0.0,0.4441376328468323,,,
0.0,0.0,0.2697772979736328,,,
0.0,0.0,0.3793463706970215,,,
1.0,1.0,0.7377715706825256,,,
0.0,0.0,0.2265729457139969,,,
0.0,0.0,0.20728062093257904,,,
0.0,0.0,0.37607282400131226,,,
0.0,0.0,0.43344318866729736,,,
1.0,0.0,0.38068103790283203,,,
0.0,0.0,0.36877819895744324,,,
1.0,1.0,0.9104527831077576,,,
0.0,0.0,0.26105350255966187,,,
1.0,1.0,0.7546460628509521,,,
1.0,1.0,0.7046446204185486,,,
1.0,1.0,0.6812567710876465,,,
1.0,0.0,0.4129749834537506,,,
0.0,0.0,0.3312368392944336,,,
1.0,1.0,0.5950438976287842,,,
0.0,0.0,0.3639410436153412,,,
0.0,0.0,0.33048152923583984,,,
1.0,1.0,0.5559319257736206,,,
1.0,1.0,0.8728324174880981,,,
1.0,1.0,0.6770239472389221,,,
0.0,0.0,0.2803937494754791,,,
0.0,1.0,0.6437952518463135,,,
1.0,0.0,0.40391919016838074,,,
1.0,0.0,0.35393592715263367,,,
0.0,0.0,0.23949971795082092,,,
1.0,1.0,0.6554816961288452,,,
1.0,0.0,0.4510427713394165,,,
1.0,1.0,0.5413587689399719,,,
0.0,0.0,0.3515564203262329,,,
1.0,0.0,0.418844074010849,,,
1.0,0.0,0.41847464442253113,,,
1.0,1.0,0.8701571226119995,,,
0.0,0.0,0.2719840109348297,,,
0.0,0.0,0.3164754807949066,,,
0.0,0.0,0.4822428822517395,,,
0.0,0.0,0.2932983636856079,,,
0.0,0.0,0.2643638253211975,,,
0.0,0.0,0.4380240738391876,,,
0.0,0.0,0.2207600474357605,,,
0.0,0.0,0.1847621351480484,,,
1.0,1.0,0.6293127536773682,,,
0.0,0.0,0.3122866451740265,,,
0.0,0.0,0.25511690974235535,,,
0.0,0.0,0.370896577835083,,,
0.0,0.0,0.31653472781181335,,,
1.0,1.0,0.5105881094932556,,,
1.0,1.0,0.6166912913322449,,,
0.0,0.0,0.3949905335903168,,,
0.0,0.0,0.36869606375694275,,,
0.0,1.0,0.5022357106208801,,,
1.0,0.0,0.4599651098251343,,,
0.0,0.0,0.3208138942718506,,,
0.0,0.0,0.4635160565376282,,,
1.0,1.0,0.749319314956665,,,
0.0,1.0,0.6651992201805115,,,
0.0,0.0,0.4788641333580017,,,
0.0,0.0,0.47329896688461304,,,
1.0,1.0,0.7941997647285461,,,
1.0,1.0,0.5819320678710938,,,
0.0,0.0,0.24071770906448364,,,
0.0,0.0,0.3188059329986572,,,
0.0,0.0,0.32699865102767944,,,
0.0,0.0,0.32046112418174744,,,
0.0,0.0,0.34752097725868225,,,
1.0,1.0,0.8568289279937744,,,
0.0,1.0,0.5604788064956665,,,
0.0,0.0,0.23060379922389984,,,
1.0,1.0,0.6458530426025391,,,
0.0,0.0,0.18912184238433838,,,
1.0,1.0,0.5465887188911438,,,
0.0,0.0,0.37765446305274963,,,
1.0,1.0,0.5617958903312683,,,
1.0,1.0,0.5125305652618408,,,
1.0,1.0,0.8932124376296997,,,
0.0,0.0,0.4083687663078308,,,
0.0,0.0,0.34513193368911743,,,
0.0,0.0,0.29322072863578796,,,
0.0,0.0,0.39626744389533997,,,
1.0,0.0,0.4443594217300415,,,
1.0,1.0,0.5610605478286743,,,
1.0,0.0,0.4981539249420166,,,
1.0,0.0,0.4680444896221161,,,
1.0,1.0,0.5780935287475586,,,
1.0,1.0,0.8905861973762512,,,
1.0,1.0,0.5989577174186707,,,
1.0,0.0,0.49353131651878357,,,
0.0,0.0,0.39085301756858826,,,
0.0,1.0,0.5180402994155884,,,
1.0,1.0,0.7891488671302795,,,
0.0,0.0,0.46686094999313354,,,
1.0,0.0,0.441488116979599,,,
1.0,1.0,0.5592709183692932,,,
0.0,0.0,0.3059861660003662,,,
0.0,0.0,0.4335654675960541,,,
1.0,1.0,0.5439026951789856,,,
1.0,0.0,0.31501880288124084,,,
1.0,0.0,0.4740351736545563,,,
1.0,0.0,0.4966053068637848,,,
0.0,0.0,0.3124203085899353,,,
0.0,1.0,0.5315024256706238,,,
0.0,1.0,0.7029067873954773,,,
1.0,1.0,0.9121186137199402,,,
0.0,0.0,0.3613716959953308,,,
1.0,1.0,0.7800447344779968,,,
0.0,0.0,0.22159481048583984,,,
1.0,1.0,0.919785737991333,,,
0.0,0.0,0.2819904386997223,,,
0.0,0.0,0.2848410904407501,,,
1.0,0.0,0.41408130526542664,,,
1.0,0.0,0.38998737931251526,,,
0.0,0.0,0.4721704125404358,,,
0.0,0.0,0.39399945735931396,,,
1.0,1.0,0.5692310929298401,,,
1.0,0.0,0.41258445382118225,,,
0.0,1.0,0.5107438564300537,,,
1.0,1.0,0.6032406687736511,,,
0.0,0.0,0.3438052237033844,,,
0.0,0.0,0.35988855361938477,,,
1.0,0.0,0.48700961470603943,,,
0.0,0.0,0.4488365054130554,,,
1.0,1.0,0.6956919431686401,,,
1.0,1.0,0.8038412928581238,,,
1.0,1.0,0.5106236338615417,,,
1.0,1.0,0.6134251356124878,,,
0.0,0.0,0.239339679479599,,,
1.0,1.0,0.6025583148002625,,,
0.0,0.0,0.38560280203819275,,,
0.0,0.0,0.34567326307296753,,,
0.0,0.0,0.3634357154369354,,,
1.0,1.0,0.5082607865333557,,,
0.0,0.0,0.23705622553825378,,,
0.0,1.0,0.5858287215232849,,,
1.0,1.0,0.6787771582603455,,,
0.0,0.0,0.47613725066185,,,
0.0,0.0,0.31244611740112305,,,
1.0,1.0,0.7784804701805115,,,
1.0,1.0,0.9098036289215088,,,
1.0,1.0,0.7319349646568298,,,
1.0,0.0,0.41255974769592285,,,
0.0,0.0,0.36442914605140686,,,
1.0,1.0,0.5819320678710938,,,
1.0,1.0,0.8151862621307373,,,
0.0,1.0,0.5547418594360352,,,
0.0,1.0,0.503105878829956,,,
1.0,0.0,0.48582059144973755,,,
1.0,1.0,0.7936471104621887,,,
1.0,1.0,0.611264705657959,,,
0.0,0.0,0.44640234112739563,,,
1.0,0.0,0.32288575172424316,,,
0.0,0.0,0.42833301424980164,,,
1.0,1.0,0.5536405444145203,,,
1.0,0.0,0.38158905506134033,,,
1.0,0.0,0.3937593996524811,,,
0.0,0.0,0.298954576253891,,,
1.0,1.0,0.9014419913291931,,,
0.0,0.0,0.30895474553108215,,,
0.0,0.0,0.34820637106895447,,,
0.0,0.0,0.4368349611759186,,,
1.0,0.0,0.2081160992383957,,,
0.0,0.0,0.3686825633049011,,,
1.0,1.0,0.9154846668243408,,,
0.0,0.0,0.3705659806728363,,,
1.0,1.0,0.8538962006568909,,,
0.0,0.0,0.2214437872171402,,,
1.0,1.0,0.7404865622520447,,,
1.0,0.0,0.3932631313800812,,,
1.0,1.0,0.9087555408477783,,,
0.0,1.0,0.6068854928016663,,,
1.0,1.0,0.5783864259719849,,,
1.0,1.0,0.7559267282485962,,,
1.0,1.0,0.6677183508872986,,,
0.0,0.0,0.3025550842285156,,,
0.0,0.0,0.19147862493991852,,,
0.0,0.0,0.4008651375770569,,,
1.0,1.0,0.6620214581489563,,,
0.0,0.0,0.2759395241737366,,,
1.0,1.0,0.6416188478469849,,,
1.0,1.0,0.9017324447631836,,,
0.0,0.0,0.4428541660308838,,,
0.0,0.0,0.45594722032546997,,,
0.0,0.0,0.31567642092704773,,,
1.0,1.0,0.5198872685432434,,,
1.0,1.0,0.5887071490287781,,,
0.0,0.0,0.41412144899368286,,,
0.0,0.0,0.204772487282753,,,
1.0,1.0,0.6552253365516663,,,
0.0,0.0,0.3475799262523651,,,
1.0,0.0,0.45248526334762573,,,
0.0,1.0,0.5079718828201294,,,
0.0,0.0,0.4878859221935272,,,
0.0,0.0,0.21627937257289886,,,
1.0,0.0,0.43142426013946533,,,
0.0,0.0,0.42317843437194824,,,
1.0,0.0,0.4976849853992462,,,
0.0,0.0,0.42456161975860596,,,
0.0,0.0,0.49406516551971436,,,
1.0,1.0,0.8041576743125916,,,
1.0,1.0,0.8192048668861389,,,
1.0,1.0,0.689487099647522,,,
1.0,1.0,0.6260002255439758,,,
0.0,0.0,0.47984445095062256,,,
0.0,0.0,0.22332116961479187,,,
1.0,1.0,0.5779246687889099,,,
1.0,1.0,0.5704882144927979,,,
0.0,0.0,0.29869478940963745,,,
0.0,0.0,0.3155534863471985,,,
1.0,1.0,0.802760899066925,,,
0.0,0.0,0.2597633898258209,,,
1.0,1.0,0.7608351707458496,,,
1.0,1.0,0.8723913431167603,,,
1.0,1.0,0.5284460186958313,,,
0.0,0.0,0.3519645631313324,,,
1.0,1.0,0.9281430840492249,,,
0.0,0.0,0.3526400029659271,,,
1.0,1.0,0.6516706943511963,,,
0.0,0.0,0.39966702461242676,,,
0.0,1.0,0.5037765502929688,,,
1.0,1.0,0.6386305689811707,,,
0.0,0.0,0.3205586075782776,,,
0.0,1.0,0.519478976726532,,,
0.0,0.0,0.3997902572154999,,,
0.0,0.0,0.2661474347114563,,,
0.0,0.0,0.3250037133693695,,,
1.0,0.0,0.4791789948940277,,,
1.0,1.0,0.529247522354126,,,
0.0,0.0,0.2783370018005371,,,
0.0,0.0,0.20735393464565277,,,
1.0,1.0,0.5286504626274109,,,
0.0,0.0,0.3555178940296173,,,
0.0,0.0,0.34057098627090454,,,
0.0,0.0,0.4726235270500183,,,
1.0,1.0,0.5406246781349182,,,
0.0,0.0,0.46416762471199036,,,
0.0,1.0,0.5599353909492493,,,
1.0,0.0,0.4021417200565338,,,
1.0,0.0,0.4105353355407715,,,
1.0,1.0,0.8253737092018127,,,
0.0,0.0,0.28829225897789,,,
1.0,0.0,0.3813555836677551,,,
0.0,1.0,0.5057104229927063,,,
0.0,1.0,0.5590258836746216,,,
1.0,0.0,0.4431992173194885,,,
0.0,0.0,0.35578230023384094,,,
0.0,0.0,0.4292522966861725,,,
0.0,0.0,0.3609694540500641,,,
1.0,0.0,0.4862099885940552,,,
1.0,1.0,0.6934658288955688,,,
0.0,0.0,0.3328172564506531,,,
0.0,1.0,0.6516121029853821,,,
1.0,0.0,0.4827031195163727,,,
1.0,0.0,0.49793741106987,,,
0.0,0.0,0.30033233761787415,,,
0.0,0.0,0.4209595322608948,,,
1.0,1.0,0.5692929625511169,,,
0.0,0.0,0.3274783790111542,,,
0.0,0.0,0.36801132559776306,,,
0.0,1.0,0.7164849042892456,,,
0.0,0.0,0.4536161720752716,,,
1.0,1.0,0.5020087361335754,,,
0.0,0.0,0.4001366198062897,,,
1.0,1.0,0.7962181568145752,,,
1.0,0.0,0.36152195930480957,,,
0.0,0.0,0.31150534749031067,,,
0.0,0.0,0.4985724985599518,,,
0.0,0.0,0.3250254690647125,,,
0.0,0.0,0.32288575172424316,,,
1.0,1.0,0.6598917841911316,,,
1.0,1.0,0.5263016819953918,,,
1.0,0.0,0.43566954135894775,,,
1.0,1.0,0.7124198079109192,,,
1.0,0.0,0.3673047721385956,,,
1.0,1.0,0.9011245369911194,,,
1.0,1.0,0.8055040836334229,,,
1.0,1.0,0.6081121563911438,,,
1.0,0.0,0.4437412619590759,,,
1.0,0.0,0.43096181750297546,,,
1.0,0.0,0.4242132008075714,,,
1.0,1.0,0.8162462115287781,,,
1.0,1.0,0.8147704005241394,,,
0.0,0.0,0.29322072863578796,,,
0.0,0.0,0.3090713918209076,,,
1.0,0.0,0.3966137766838074,,,
1.0,1.0,0.6929848194122314,,,
1.0,1.0,0.5848747491836548,,,
0.0,0.0,0.36860883235931396,,,
1.0,1.0,0.8048575520515442,,,
0.0,1.0,0.5526758432388306,,,
1.0,1.0,0.7764957547187805,,,
0.0,0.0,0.3912614583969116,,,
1.0,0.0,0.3416440188884735,,,
0.0,0.0,0.44749563932418823,,,
1.0,1.0,0.5166349411010742,,,
1.0,0.0,0.3444245755672455,,,
0.0,1.0,0.5140824913978577,,,
1.0,1.0,0.632590651512146,,,
0.0,1.0,0.54498690366745,,,
1.0,0.0,0.2969152629375458,,,
0.0,0.0,0.3566877543926239,,,
1.0,0.0,0.4156361520290375,,,
0.0,0.0,0.3478676378726959,,,
1.0,1.0,0.6232401728630066,,,
1.0,0.0,0.33581680059432983,,,
0.0,0.0,0.2820097804069519,,,
1.0,1.0,0.5305708646774292,,,
1.0,0.0,0.418410986661911,,,
0.0,0.0,0.409638375043869,,,
0.0,0.0,0.30894890427589417,,,
0.0,0.0,0.35923004150390625,,,
0.0,0.0,0.31010404229164124,,,
1.0,1.0,0.5171145796775818,,,
0.0,0.0,0.4498855471611023,,,
1.0,1.0,0.72188401222229,,,
0.0,0.0,0.2568260431289673,,,
1.0,1.0,0.562549889087677,,,
1.0,0.0,0.48214149475097656,,,
0.0,0.0,0.3405745327472687,,,
0.0,0.0,0.4293231964111328,,,
1.0,1.0,0.7818694114685059,,,
0.0,0.0,0.2504459619522095,,,
1.0,1.0,0.9035297632217407,,,
0.0,0.0,0.3886364996433258,,,
1.0,0.0,0.34856122732162476,,,
1.0,1.0,0.7782769203186035,,,
0.0,0.0,0.47272446751594543,,,
0.0,0.0,0.19699814915657043,,,
0.0,1.0,0.6265525817871094,,,
1.0,0.0,0.33620181679725647,,,
0.0,1.0,0.7346277832984924,,,
1.0,1.0,0.5635106563568115,,,
0.0,0.0,0.3476625084877014,,,
0.0,0.0,0.4107935130596161,,,
1.0,0.0,0.3416024148464203,,,
0.0,0.0,0.4581197202205658,,,
0.0,0.0,0.3738529682159424,,,
0.0,1.0,0.5859452486038208,,,
0.0,0.0,0.37296539545059204,,,
0.0,1.0,0.545045018196106,,,
1.0,1.0,0.7553609609603882,,,
1.0,1.0,0.8615976572036743,,,
1.0,1.0,0.843460202217102,,,
0.0,0.0,0.3065153956413269,,,
1.0,1.0,0.8757691979408264,,,
0.0,0.0,0.3215591013431549,,,
1.0,1.0,0.5679467916488647,,,
1.0,1.0,0.5993092060089111,,,
1.0,1.0,0.9417136311531067,,,
1.0,1.0,0.9017324447631836,,,
1.0,0.0,0.3948204517364502,,,
0.0,0.0,0.3217557370662689,,,
0.0,0.0,0.4005124270915985,,,
0.0,0.0,0.48474231362342834,,,
1.0,0.0,0.4475017786026001,,,
1.0,1.0,0.9076172709465027,,,
1.0,0.0,0.4345618486404419,,,
0.0,0.0,0.4733426570892334,,,
0.0,0.0,0.34662333130836487,,,
0.0,0.0,0.4493294060230255,,,
1.0,1.0,0.6269621253013611,,,
1.0,1.0,0.8996403217315674,,,
1.0,1.0,0.6927365660667419,,,
1.0,1.0,0.5199918746948242,,,
1.0,1.0,0.657042384147644,,,
1.0,1.0,0.8595722913742065,,,
1.0,1.0,0.891865074634552,,,
1.0,1.0,0.7322927117347717,,,
1.0,0.0,0.32130101323127747,,,
0.0,0.0,0.230484277009964,,,
1.0,1.0,0.5297197699546814,,,
0.0,1.0,0.6269729137420654,,,
1.0,0.0,0.34130680561065674,,,
1.0,1.0,0.5186327695846558,,,
0.0,0.0,0.27561867237091064,,,
0.0,0.0,0.1768701672554016,,,
0.0,0.0,0.45871463418006897,,,
1.0,0.0,0.355387419462204,,,
0.0,0.0,0.4014417231082916,,,
0.0,0.0,0.355557918548584,,,
1.0,1.0,0.6554816961288452,,,
0.0,0.0,0.39941340684890747,,,
0.0,0.0,0.2133234441280365,,,
1.0,1.0,0.8646913766860962,,,
1.0,1.0,0.6482155323028564,,,
1.0,1.0,0.687396764755249,,,
1.0,0.0,0.4360770285129547,,,
1.0,1.0,0.5155982375144958,,,
0.0,1.0,0.5105859041213989,,,
0.0,0.0,0.38587263226509094,,,
1.0,1.0,0.6195448637008667,,,
0.0,1.0,0.703276515007019,,,
1.0,1.0,0.7255848050117493,,,
1.0,1.0,0.6487445831298828,,,
0.0,1.0,0.5214726328849792,,,
0.0,1.0,0.505375862121582,,,
0.0,1.0,0.6072424054145813,,,
0.0,0.0,0.47522732615470886,,,
0.0,0.0,0.35015445947647095,,,
1.0,1.0,0.5589700937271118,,,
0.0,0.0,0.3465503752231598,,,
0.0,0.0,0.3416440188884735,,,
1.0,1.0,0.6055772304534912,,,
1.0,1.0,0.7395669221878052,,,
0.0,0.0,0.4382622539997101,,,
1.0,1.0,0.6347448825836182,,,
1.0,1.0,0.7047410607337952,,,
1.0,0.0,0.45672407746315,,,
1.0,1.0,0.5438653230667114,,,
0.0,0.0,0.3996892273426056,,,
0.0,0.0,0.41200873255729675,,,
1.0,0.0,0.4917810261249542,,,
1.0,1.0,0.9276095628738403,,,
0.0,1.0,0.876140832901001,,,
0.0,1.0,0.5215792655944824,,,
1.0,1.0,0.768345832824707,,,
1.0,1.0,0.7139571309089661,,,
1.0,0.0,0.4719353914260864,,,
0.0,0.0,0.3357817828655243,,,
1.0,1.0,0.8044062852859497,,,
1.0,1.0,0.5839136242866516,,,
1.0,1.0,0.6932769417762756,,,
1.0,1.0,0.503327488899231,,,
1.0,1.0,0.6111026406288147,,,
0.0,0.0,0.39495840668678284,,,
0.0,0.0,0.4411703944206238,,,
1.0,1.0,0.6079517602920532,,,
0.0,0.0,0.28155815601348877,,,
1.0,1.0,0.7646446228027344,,,
1.0,1.0,0.7477308511734009,,,
1.0,0.0,0.4899911880493164,,,
0.0,0.0,0.1979406774044037,,,
0.0,0.0,0.367420494556427,,,
0.0,0.0,0.38640597462654114,,,
0.0,0.0,0.2352897822856903,,,
1.0,1.0,0.6362345814704895,,,
0.0,1.0,0.6267334818840027,,,
1.0,1.0,0.5326517820358276,,,
1.0,0.0,0.2787504494190216,,,
1.0,1.0,0.5406273603439331,,,
1.0,1.0,0.8351971507072449,,,
1.0,1.0,0.8346680998802185,,,
0.0,0.0,0.1889946609735489,,,
0.0,0.0,0.3902740478515625,,,
1.0,1.0,0.5599353909492493,,,
0.0,0.0,0.3681914210319519,,,
0.0,0.0,0.3542327880859375,,,
1.0,0.0,0.4609982371330261,,,
0.0,0.0,0.3895871341228485,,,
1.0,1.0,0.7038171291351318,,,
1.0,0.0,0.43494775891304016,,,
1.0,1.0,0.707676351070404,,,
0.0,0.0,0.4951619505882263,,,
0.0,0.0,0.25527113676071167,,,
0.0,0.0,0.33521440625190735,,,
0.0,0.0,0.33819517493247986,,,
1.0,1.0,0.8030316233634949,,,
0.0,0.0,0.2791772186756134,,,
0.0,0.0,0.307954877614975,,,
0.0,0.0,0.4194382429122925,,,
0.0,0.0,0.23159095644950867,,,
0.0,0.0,0.2899149954319,,,
0.0,0.0,0.38169267773628235,,,
0.0,0.0,0.20138007402420044,,,
0.0,0.0,0.24697495996952057,,,
1.0,0.0,0.4650220572948456,,,
1.0,1.0,0.7350088953971863,,,
0.0,0.0,0.3167635500431061,,,
0.0,0.0,0.366183340549469,,,
1.0,1.0,0.8587676286697388,,,
1.0,1.0,0.613789975643158,,,
1.0,1.0,0.5342556238174438,,,
0.0,0.0,0.35988855361938477,,,
0.0,1.0,0.5079825520515442,,,
0.0,0.0,0.2112875133752823,,,
0.0,0.0,0.23934298753738403,,,
0.0,0.0,0.23934298753738403,,,
1.0,0.0,0.3989160656929016,,,
0.0,0.0,0.3155030608177185,,,
1.0,1.0,0.6193112730979919,,,
0.0,0.0,0.4193524122238159,,,
1.0,0.0,0.3787573575973511,,,
0.0,0.0,0.434000700712204,,,
0.0,0.0,0.298954576253891,,,
0.0,1.0,0.5466329455375671,,,
0.0,1.0,0.5931627154350281,,,
1.0,1.0,0.6582701802253723,,,
0.0,0.0,0.43341800570487976,,,
1.0,1.0,0.8216718435287476,,,
1.0,1.0,0.6064926981925964,,,
1.0,0.0,0.35438576340675354,,,
1.0,1.0,0.6132919192314148,,,
0.0,1.0,0.5591918230056763,,,
0.0,0.0,0.384718120098114,,,
1.0,0.0,0.39680910110473633,,,
1.0,1.0,0.5866490006446838,,,
1.0,1.0,0.5125506520271301,,,
1.0,1.0,0.569307267665863,,,
0.0,1.0,0.5877822041511536,,,
1.0,0.0,0.3811006546020508,,,
1.0,1.0,0.7111181020736694,,,
0.0,0.0,0.28244370222091675,,,
0.0,0.0,0.42818665504455566,,,
1.0,0.0,0.4196849465370178,,,
0.0,0.0,0.15509238839149475,,,
1.0,1.0,0.9298558235168457,,,
1.0,1.0,0.7580530047416687,,,
0.0,0.0,0.4096311330795288,,,
1.0,0.0,0.3354753851890564,,,
0.0,0.0,0.4066993296146393,,,
1.0,1.0,0.6615328788757324,,,
0.0,0.0,0.4777771830558777,,,
1.0,0.0,0.3912939131259918,,,
1.0,0.0,0.4963146448135376,,,
0.0,0.0,0.3688647150993347,,,
1.0,1.0,0.6622472405433655,,,
0.0,0.0,0.35593193769454956,,,
1.0,1.0,0.7494522929191589,,,
0.0,0.0,0.31164512038230896,,,
1.0,1.0,0.5305864214897156,,,
0.0,0.0,0.2380596548318863,,,
0.0,0.0,0.31720826029777527,,,
0.0,0.0,0.3365991413593292,,,
0.0,0.0,0.36869606375694275,,,
0.0,0.0,0.3644216060638428,,,
1.0,1.0,0.858329713344574,,,
1.0,1.0,0.8231940865516663,,,
1.0,1.0,0.5972352623939514,,,
0.0,1.0,0.543840765953064,,,
1.0,0.0,0.21303872764110565,,,
0.0,1.0,0.5532689690589905,,,
0.0,0.0,0.2646044194698334,,,
1.0,1.0,0.5026769042015076,,,
1.0,1.0,0.6436650156974792,,,
0.0,1.0,0.521894097328186,,,
1.0,0.0,0.2976324260234833,,,
1.0,0.0,0.40873610973358154,,,
0.0,0.0,0.45357194542884827,,,
1.0,1.0,0.7795169353485107,,,
0.0,0.0,0.2639988362789154,,,
1.0,1.0,0.735193133354187,,,
1.0,1.0,0.716712474822998,,,
0.0,0.0,0.40891292691230774,,,
1.0,0.0,0.3744959831237793,,,
0.0,0.0,0.4981445074081421,,,
0.0,0.0,0.36367830634117126,,,
1.0,0.0,0.46487170457839966,,,
1.0,0.0,0.21543695032596588,,,
0.0,1.0,0.6169189214706421,,,
1.0,0.0,0.477593332529068,,,
1.0,1.0,0.6531147360801697,,,
1.0,1.0,0.5991135239601135,,,
0.0,0.0,0.44571441411972046,,,
0.0,0.0,0.44203194975852966,,,
0.0,0.0,0.37604212760925293,,,
1.0,0.0,0.3682212233543396,,,
0.0,0.0,0.347220778465271,,,
0.0,0.0,0.29736974835395813,,,
0.0,0.0,0.4262959063053131,,,
0.0,0.0,0.3619292378425598,,,
1.0,0.0,0.36724159121513367,,,
1.0,1.0,0.9208914041519165,,,
1.0,1.0,0.6139087080955505,,,
0.0,0.0,0.32492882013320923,,,
1.0,1.0,0.5245373249053955,,,
0.0,0.0,0.359470009803772,,,
1.0,0.0,0.37316077947616577,,,
0.0,1.0,0.5150495767593384,,,
0.0,0.0,0.3712778091430664,,,
1.0,1.0,0.5727617740631104,,,
0.0,0.0,0.3622451424598694,,,
0.0,0.0,0.39389553666114807,,,
1.0,0.0,0.4828437268733978,,,
0.0,0.0,0.2570488154888153,,,
0.0,0.0,0.31651121377944946,,,
0.0,1.0,0.6057738065719604,,,
0.0,0.0,0.3430531919002533,,,
1.0,0.0,0.39839884638786316,,,
1.0,1.0,0.9001745581626892,,,
0.0,0.0,0.3678048551082611,,,
0.0,0.0,0.25588536262512207,,,
0.0,0.0,0.40026628971099854,,,
1.0,1.0,0.7107816338539124,,,
1.0,1.0,0.6448357701301575,,,
1.0,1.0,0.5695443749427795,,,
0.0,1.0,0.5912346243858337,,,
0.0,0.0,0.3366343080997467,,,
0.0,0.0,0.25726744532585144,,,
1.0,1.0,0.7205102443695068,,,
1.0,1.0,0.6551446318626404,,,
1.0,1.0,0.6444644331932068,,,
1.0,1.0,0.750467836856842,,,
1.0,1.0,0.9209809899330139,,,
0.0,0.0,0.2749578058719635,,,
1.0,0.0,0.4484821856021881,,,
0.0,0.0,0.32773756980895996,,,
0.0,0.0,0.24114763736724854,,,
1.0,1.0,0.5521474480628967,,,
1.0,1.0,0.7721566557884216,,,
1.0,1.0,0.9044982194900513,,,
1.0,1.0,0.7362118363380432,,,
0.0,1.0,0.6843277812004089,,,
1.0,1.0,0.519005298614502,,,
0.0,1.0,0.5543991327285767,,,
0.0,0.0,0.35726410150527954,,,
0.0,1.0,0.7928204536437988,,,
0.0,1.0,0.5884616374969482,,,
1.0,0.0,0.35588717460632324,,,
0.0,0.0,0.3617185354232788,,,
0.0,1.0,0.5257775783538818,,,
1.0,0.0,0.37990471720695496,,,
0.0,0.0,0.16283303499221802,,,
0.0,0.0,0.3968658745288849,,,
1.0,1.0,0.5094302892684937,,,
1.0,1.0,0.7700544595718384,,,
1.0,1.0,0.5194656848907471,,,
1.0,0.0,0.3479633927345276,,,
1.0,0.0,0.2912951111793518,,,
0.0,0.0,0.3112560510635376,,,
0.0,1.0,0.6817500591278076,,,
0.0,0.0,0.4208707809448242,,,
0.0,0.0,0.4531020522117615,,,
0.0,0.0,0.32344985008239746,,,
1.0,1.0,0.8837881684303284,,,
0.0,0.0,0.2985607385635376,,,
0.0,0.0,0.3075057864189148,,,
1.0,0.0,0.3246573209762573,,,
1.0,1.0,0.5613741278648376,,,
0.0,0.0,0.40216344594955444,,,
1.0,1.0,0.8179939389228821,,,
1.0,1.0,0.7623810172080994,,,
1.0,1.0,0.701171338558197,,,
0.0,0.0,0.470599889755249,,,
1.0,0.0,0.4097025394439697,,,
1.0,1.0,0.9251952171325684,,,
0.0,0.0,0.3964351713657379,,,
0.0,1.0,0.6964375972747803,,,
0.0,0.0,0.4537211060523987,,,
1.0,1.0,0.6373823285102844,,,
0.0,0.0,0.29816973209381104,,,
0.0,0.0,0.16068269312381744,,,
1.0,1.0,0.5707671642303467,,,
1.0,0.0,0.3751872777938843,,,
1.0,1.0,0.6921254396438599,,,
1.0,1.0,0.5686119198799133,,,
0.0,0.0,0.3756425082683563,,,
1.0,1.0,0.8098088502883911,,,
0.0,0.0,0.42685550451278687,,,
0.0,0.0,0.4714506268501282,,,
0.0,1.0,0.5216727256774902,,,
0.0,0.0,0.34405192732810974,,,
0.0,0.0,0.20010311901569366,,,
1.0,0.0,0.42645972967147827,,,
0.0,0.0,0.38119515776634216,,,
1.0,1.0,0.6362882256507874,,,
1.0,1.0,0.6335239410400391,,,
1.0,0.0,0.48214149475097656,,,
0.0,1.0,0.5637333393096924,,,
0.0,0.0,0.4368920624256134,,,
0.0,0.0,0.44048023223876953,,,
0.0,0.0,0.3705790638923645,,,
0.0,1.0,0.5571376085281372,,,
1.0,1.0,0.6079503893852234,,,
1.0,0.0,0.47680923342704773,,,
0.0,0.0,0.40956100821495056,,,
1.0,0.0,0.43426570296287537,,,
0.0,0.0,0.20180881023406982,,,
1.0,1.0,0.509136438369751,,,
1.0,0.0,0.4923895299434662,,,
1.0,1.0,0.5465226173400879,,,
0.0,0.0,0.4112212657928467,,,
0.0,1.0,0.5600095391273499,,,
1.0,0.0,0.2762608528137207,,,
0.0,0.0,0.45754650235176086,,,
1.0,1.0,0.7674617171287537,,,
1.0,1.0,0.8010970950126648,,,
1.0,1.0,0.6090393662452698,,,
0.0,0.0,0.35118338465690613,,,
1.0,0.0,0.279931902885437,,,
0.0,1.0,0.5447039604187012,,,
0.0,0.0,0.18535116314888,,,
0.0,0.0,0.39795929193496704,,,
0.0,0.0,0.4701932668685913,,,
0.0,0.0,0.47195056080818176,,,
1.0,1.0,0.8701571226119995,,,
0.0,0.0,0.2684536576271057,,,
0.0,0.0,0.3369978964328766,,,
0.0,0.0,0.39325612783432007,,,
0.0,0.0,0.3636978566646576,,,
0.0,0.0,0.37772437930107117,,,
0.0,0.0,0.43681275844573975,,,
1.0,0.0,0.29426348209381104,,,
1.0,1.0,0.602739155292511,,,
1.0,1.0,0.5285228490829468,,,
1.0,0.0,0.4606737494468689,,,
1.0,0.0,0.4414873719215393,,,
0.0,0.0,0.1780715435743332,,,
0.0,0.0,0.4564918875694275,,,
0.0,0.0,0.3376176953315735,,,
1.0,1.0,0.7079311013221741,,,
0.0,0.0,0.304339200258255,,,
1.0,1.0,0.8977680206298828,,,
0.0,0.0,0.38753288984298706,,,
1.0,1.0,0.551864743232727,,,
1.0,1.0,0.6566953659057617,,,
0.0,1.0,0.5148654580116272,,,
0.0,0.0,0.1678653508424759,,,
1.0,1.0,0.5992359519004822,,,
1.0,0.0,0.42099565267562866,,,
1.0,1.0,0.837952196598053,,,
0.0,0.0,0.4019903838634491,,,
1.0,0.0,0.2520378828048706,,,
0.0,0.0,0.2773408591747284,,,
1.0,1.0,0.8294829726219177,,,
0.0,0.0,0.31639814376831055,,,
0.0,0.0,0.26519450545310974,,,
1.0,0.0,0.36918848752975464,,,
0.0,0.0,0.2832105755805969,,,
0.0,0.0,0.3452560603618622,,,
0.0,0.0,0.3843827545642853,,,
1.0,1.0,0.6804463267326355,,,
1.0,1.0,0.7682748436927795,,,
1.0,1.0,0.7618936896324158,,,
0.0,0.0,0.4627828896045685,,,
1.0,1.0,0.6590282320976257,,,
0.0,0.0,0.20111984014511108,,,
0.0,0.0,0.4943976402282715,,,
0.0,0.0,0.2135760635137558,,,
1.0,1.0,0.7261533141136169,,,
0.0,0.0,0.3676649034023285,,,
0.0,0.0,0.2672385573387146,,,
1.0,1.0,0.67931067943573,,,
1.0,1.0,0.6325562596321106,,,
1.0,1.0,0.6483626365661621,,,
1.0,1.0,0.7543053030967712,,,
0.0,0.0,0.44364047050476074,,,
0.0,0.0,0.35574132204055786,,,
0.0,0.0,0.3962230682373047,,,
0.0,0.0,0.42044544219970703,,,
1.0,1.0,0.7480989694595337,,,
0.0,0.0,0.3509786128997803,,,
0.0,0.0,0.3312174081802368,,,
1.0,1.0,0.6297869086265564,,,
1.0,1.0,0.5895801782608032,,,
1.0,1.0,0.5004116892814636,,,
0.0,0.0,0.2846202552318573,,,
1.0,0.0,0.4268399178981781,,,
1.0,1.0,0.7361444234848022,,,
1.0,1.0,0.5267186164855957,,,
0.0,1.0,0.8766382336616516,,,
0.0,0.0,0.32939544320106506,,,
0.0,0.0,0.37216612696647644,,,
0.0,0.0,0.19121986627578735,,,
1.0,1.0,0.5369341373443604,,,
0.0,0.0,0.33820056915283203,,,
0.0,0.0,0.19823478162288666,,,
1.0,1.0,0.8831732273101807,,,
0.0,0.0,0.2536689341068268,,,
0.0,1.0,0.5070164203643799,,,
0.0,1.0,0.5698845386505127,,,
1.0,1.0,0.670000433921814,,,
1.0,0.0,0.40988296270370483,,,
0.0,0.0,0.4187559485435486,,,
1.0,1.0,0.7912762761116028,,,
0.0,0.0,0.44190117716789246,,,
0.0,0.0,0.4245583117008209,,,
0.0,0.0,0.1825086623430252,,,
0.0,0.0,0.466764360666275,,,
1.0,1.0,0.6660082340240479,,,
1.0,0.0,0.4422597587108612,,,
0.0,0.0,0.3123700022697449,,,
1.0,0.0,0.24317242205142975,,,
1.0,1.0,0.5022364258766174,,,
1.0,0.0,0.33283039927482605,,,
0.0,0.0,0.3900619447231293,,,
1.0,1.0,0.5328103303909302,,,
0.0,0.0,0.3266967535018921,,,
0.0,0.0,0.20686228573322296,,,
1.0,1.0,0.5311874151229858,,,
1.0,1.0,0.8533365726470947,,,
0.0,0.0,0.39084509015083313,,,
0.0,0.0,0.41496768593788147,,,
1.0,1.0,0.7807171940803528,,,
0.0,0.0,0.4227566421031952,,,
0.0,0.0,0.3592163026332855,,,
0.0,0.0,0.13436153531074524,,,
0.0,0.0,0.38787028193473816,,,
1.0,1.0,0.5895682573318481,,,
1.0,1.0,0.69508296251297,,,
0.0,1.0,0.7766724228858948,,,
0.0,0.0,0.3869594633579254,,,
1.0,0.0,0.39542558789253235,,,
0.0,0.0,0.27904605865478516,,,
0.0,0.0,0.39966702461242676,,,
1.0,0.0,0.46500736474990845,,,
1.0,1.0,0.9024811387062073,,,
1.0,1.0,0.5000813603401184,,,
0.0,0.0,0.20828713476657867,,,
1.0,1.0,0.7661346197128296,,,
1.0,1.0,0.6660963296890259,,,
1.0,1.0,0.5248159766197205,,,
0.0,0.0,0.4178585410118103,,,
0.0,0.0,0.39067506790161133,,,
0.0,0.0,0.4363996684551239,,,
1.0,0.0,0.3060290515422821,,,
1.0,0.0,0.46667352318763733,,,
1.0,1.0,0.6118744015693665,,,
0.0,0.0,0.28620636463165283,,,
0.0,0.0,0.32309526205062866,,,
0.0,0.0,0.35067009925842285,,,
0.0,1.0,0.5114057660102844,,,
0.0,0.0,0.38765257596969604,,,
0.0,0.0,0.36005231738090515,,,
1.0,0.0,0.33899998664855957,,,
1.0,1.0,0.6823108792304993,,,
0.0,0.0,0.4657423794269562,,,
0.0,1.0,0.5735779404640198,,,
0.0,0.0,0.31205546855926514,,,
0.0,0.0,0.32561931014060974,,,
0.0,0.0,0.3402973413467407,,,
1.0,1.0,0.7748982310295105,,,
1.0,1.0,0.7308022975921631,,,
1.0,1.0,0.7337879538536072,,,
0.0,0.0,0.22332116961479187,,,
0.0,0.0,0.4563869833946228,,,
0.0,0.0,0.3506876826286316,,,
1.0,0.0,0.4858536422252655,,,
1.0,1.0,0.7657831311225891,,,
0.0,0.0,0.343066930770874,,,
0.0,0.0,0.2868422567844391,,,
1.0,1.0,0.9206852316856384,,,
0.0,0.0,0.22752392292022705,,,
0.0,0.0,0.3244844675064087,,,
0.0,0.0,0.3934752643108368,,,
1.0,1.0,0.7581338286399841,,,
0.0,0.0,0.4481744170188904,,,
0.0,0.0,0.2094849795103073,,,
1.0,1.0,0.7485165596008301,,,
0.0,0.0,0.33048152923583984,,,
0.0,0.0,0.37785276770591736,,,
0.0,0.0,0.33327606320381165,,,
0.0,0.0,0.3292945325374603,,,
1.0,1.0,0.8626419305801392,,,
1.0,1.0,0.8639929890632629,,,
1.0,0.0,0.43531545996665955,,,
0.0,0.0,0.3918779194355011,,,
0.0,0.0,0.31210654973983765,,,
0.0,0.0,0.3622792661190033,,,
0.0,0.0,0.31651198863983154,,,
1.0,1.0,0.8081458210945129,,,
0.0,0.0,0.4670070707798004,,,
1.0,1.0,0.7308136820793152,,,
1.0,0.0,0.42425090074539185,,,
1.0,1.0,0.5925153493881226,,,
0.0,0.0,0.18772070109844208,,,
0.0,0.0,0.4393256902694702,,,
0.0,1.0,0.6136106252670288,,,
1.0,1.0,0.7164753675460815,,,
1.0,0.0,0.2860371768474579,,,
1.0,1.0,0.573276698589325,,,
1.0,1.0,0.7077943682670593,,,
1.0,1.0,0.6999443769454956,,,
0.0,0.0,0.23619645833969116,,,
1.0,1.0,0.7553749680519104,,,
0.0,0.0,0.40896138548851013,,,
0.0,0.0,0.36838263273239136,,,
0.0,0.0,0.38765257596969604,,,
1.0,1.0,0.6528093814849854,,,
1.0,0.0,0.4043596088886261,,,
0.0,0.0,0.4349497854709625,,,
0.0,0.0,0.3162429630756378,,,
1.0,0.0,0.2737810015678406,,,
0.0,0.0,0.21401932835578918,,,
0.0,0.0,0.367889404296875,,,
1.0,0.0,0.3562704920768738,,,
1.0,0.0,0.3910806477069855,,,
1.0,1.0,0.5164098739624023,,,
1.0,0.0,0.46534448862075806,,,
1.0,0.0,0.42331692576408386,,,
0.0,0.0,0.18307414650917053,,,
1.0,0.0,0.3572242856025696,,,
0.0,0.0,0.48975077271461487,,,
0.0,0.0,0.27083852887153625,,,
1.0,1.0,0.9237564206123352,,,
0.0,1.0,0.5352771282196045,,,
1.0,0.0,0.44805243611335754,,,
1.0,0.0,0.3845211863517761,,,
0.0,0.0,0.2189965397119522,,,
0.0,1.0,0.5284799933433533,,,
1.0,1.0,0.5977546572685242,,,
1.0,1.0,0.7273001074790955,,,
1.0,0.0,0.37689700722694397,,,
1.0,0.0,0.42415526509284973,,,
1.0,1.0,0.7254557013511658,,,
0.0,0.0,0.34598997235298157,,,
0.0,0.0,0.36152195930480957,,,
0.0,0.0,0.2133234441280365,,,
0.0,0.0,0.18591473996639252,,,
0.0,0.0,0.3814672529697418,,,
0.0,0.0,0.39067506790161133,,,
1.0,1.0,0.8151965141296387,,,
0.0,0.0,0.2996152639389038,,,
1.0,0.0,0.38123059272766113,,,
1.0,0.0,0.44119107723236084,,,
1.0,0.0,0.39272692799568176,,,
0.0,0.0,0.2909862995147705,,,
0.0,0.0,0.33095723390579224,,,
1.0,0.0,0.47706955671310425,,,
