y,probs,preds
1.0,0.975501,1.0
1.0,0.7243346,1.0
1.0,0.46225822,0.0
0.0,0.13246629,0.0
1.0,0.64220923,1.0
0.0,0.5358404,1.0
1.0,0.14091794,0.0
1.0,0.8663925,1.0
1.0,0.9927498,1.0
0.0,0.18216728,0.0
0.0,0.43844065,0.0
0.0,0.04980971,0.0
1.0,0.6206169,1.0
1.0,0.7335922,1.0
0.0,0.16173229,0.0
0.0,0.031896234,0.0
1.0,0.77312213,1.0
0.0,0.025572812,0.0
0.0,0.20081618,0.0
0.0,0.006985288,0.0
1.0,0.99496424,1.0
0.0,0.5582833,1.0
0.0,0.08423661,0.0
0.0,0.5949469,1.0
0.0,0.26710185,0.0
1.0,0.9589977,1.0
0.0,0.025072154,0.0
1.0,0.9966,1.0
1.0,0.9847296,1.0
0.0,0.3044756,0.0
0.0,0.069452934,0.0
1.0,0.7016598,1.0
1.0,0.55078626,1.0
0.0,0.14902866,0.0
1.0,0.23613498,0.0
1.0,0.94259834,1.0
0.0,0.037929237,0.0
0.0,0.019917574,0.0
0.0,0.35429353,0.0
0.0,0.71886283,1.0
1.0,0.99056315,1.0
1.0,0.99390113,1.0
1.0,0.8196888,1.0
0.0,0.038239542,0.0
1.0,0.9653656,1.0
0.0,0.5138015,1.0
1.0,0.995884,1.0
1.0,0.9989555,1.0
0.0,0.01934337,0.0
0.0,0.1183923,0.0
0.0,0.03336833,0.0
0.0,0.35918894,0.0
0.0,0.11538587,0.0
0.0,0.03882162,0.0
0.0,0.1276444,0.0
0.0,0.053996176,0.0
1.0,0.95171237,1.0
0.0,0.27384877,0.0
0.0,0.29058757,0.0
1.0,0.99869776,1.0
1.0,0.9564493,1.0
1.0,0.87986755,1.0
1.0,0.8567261,1.0
0.0,0.36510378,0.0
0.0,0.30047873,0.0
0.0,0.115445,0.0
0.0,0.107079476,0.0
1.0,0.9978606,1.0
1.0,0.9564183,1.0
0.0,0.054492857,0.0
0.0,0.06857834,0.0
1.0,0.9627398,1.0
0.0,0.09861398,0.0
0.0,0.14652978,0.0
1.0,0.9048271,1.0
0.0,0.048807934,0.0
1.0,0.7836692,1.0
1.0,0.9990158,1.0
1.0,0.7572832,1.0
1.0,0.9935642,1.0
0.0,0.008705411,0.0
1.0,0.28242114,0.0
0.0,0.11126504,0.0
1.0,0.9170773,1.0
1.0,0.9708589,1.0
0.0,0.3268735,0.0
0.0,0.0231558,0.0
1.0,0.8585265,1.0
0.0,0.08368895,0.0
0.0,0.024356788,0.0
0.0,0.06402483,0.0
1.0,0.8815708,1.0
0.0,0.7184507,1.0
0.0,0.20729879,0.0
0.0,0.00979323,0.0
1.0,0.15158708,0.0
0.0,0.2864443,0.0
0.0,0.051451117,0.0
0.0,0.051558852,0.0
1.0,0.98783445,1.0
1.0,0.99190253,1.0
0.0,0.23180237,0.0
1.0,0.9972479,1.0
1.0,0.84554696,1.0
0.0,0.6947726,1.0
0.0,0.24701047,0.0
0.0,0.45231292,0.0
1.0,0.96898377,1.0
1.0,0.99913824,1.0
1.0,0.9729748,1.0
0.0,0.1676939,0.0
1.0,0.91674155,1.0
0.0,0.0021315007,0.0
0.0,0.22392465,0.0
1.0,0.59152675,1.0
0.0,0.06644575,0.0
0.0,0.4917943,0.0
1.0,0.9582773,1.0
0.0,0.012265792,0.0
1.0,0.8030914,1.0
0.0,0.42477024,0.0
0.0,0.08986113,0.0
1.0,0.20827469,0.0
0.0,0.21751119,0.0
1.0,0.9795324,1.0
0.0,0.037494928,0.0
0.0,0.040680043,0.0
1.0,0.3775867,0.0
1.0,0.97251433,1.0
0.0,0.9645135,1.0
1.0,0.46436587,0.0
0.0,0.052549,0.0
0.0,0.10968554,0.0
1.0,0.12857784,0.0
1.0,0.106882,0.0
0.0,0.15913577,0.0
0.0,0.18266885,0.0
0.0,0.3162122,0.0
1.0,0.6878652,1.0
0.0,0.122825585,0.0
0.0,0.034978174,0.0
0.0,0.0038482868,0.0
0.0,0.028171387,0.0
1.0,0.9708642,1.0
1.0,0.47813913,0.0
1.0,0.2027466,0.0
0.0,0.47850108,0.0
1.0,0.7424394,1.0
1.0,0.87213355,1.0
1.0,0.9929114,1.0
1.0,0.8015412,1.0
0.0,0.56628335,1.0
0.0,0.08046668,0.0
0.0,0.6263854,1.0
1.0,0.95175546,1.0
0.0,0.13636743,0.0
0.0,0.07712321,0.0
1.0,0.79244345,1.0
0.0,0.061296646,0.0
1.0,0.98713684,1.0
0.0,0.13040665,0.0
0.0,0.048034504,0.0
1.0,0.9574922,1.0
0.0,0.55174154,1.0
1.0,0.75195795,1.0
0.0,0.049356103,0.0
0.0,0.32815358,0.0
0.0,0.22440667,0.0
0.0,0.21727145,0.0
0.0,0.28624505,0.0
0.0,0.042593624,0.0
1.0,0.6628419,1.0
1.0,0.9468697,1.0
1.0,0.75835913,1.0
1.0,0.6064995,1.0
1.0,0.9629611,1.0
0.0,0.027665935,0.0
1.0,0.9288277,1.0
1.0,0.6624434,1.0
0.0,0.12455932,0.0
0.0,0.1906927,0.0
1.0,0.17288876,0.0
0.0,0.084778346,0.0
1.0,0.42440116,0.0
0.0,0.3252383,0.0
1.0,0.4347759,0.0
0.0,0.43039462,0.0
1.0,0.9788551,1.0
0.0,0.16743541,0.0
1.0,0.9911123,1.0
0.0,0.087127484,0.0
1.0,0.83790565,1.0
0.0,0.015953671,0.0
0.0,0.48322344,0.0
0.0,0.20544542,0.0
0.0,0.004479011,0.0
0.0,0.1157269,0.0
1.0,0.5164575,1.0
1.0,0.9973404,1.0
1.0,0.7688512,1.0
0.0,0.123759136,0.0
1.0,0.6572544,1.0
0.0,0.7170307,1.0
1.0,0.9727411,1.0
0.0,0.3191848,0.0
1.0,0.99091184,1.0
0.0,0.16462092,0.0
0.0,0.85121316,1.0
1.0,0.49976224,0.0
0.0,0.03330461,0.0
1.0,0.52145815,1.0
0.0,0.038841452,0.0
0.0,0.14667284,0.0
0.0,0.061275285,0.0
0.0,0.48198867,0.0
1.0,0.9715341,1.0
0.0,0.02339475,0.0
1.0,0.25434312,0.0
0.0,0.10860256,0.0
0.0,0.323916,0.0
0.0,0.057949748,0.0
1.0,0.9171774,1.0
1.0,0.22930034,0.0
0.0,0.3554621,0.0
0.0,0.4392864,0.0
1.0,0.99174505,1.0
0.0,0.840525,1.0
0.0,0.9232316,1.0
1.0,0.75466573,1.0
1.0,0.43558258,0.0
1.0,0.9971445,1.0
1.0,0.98347825,1.0
0.0,0.1326488,0.0
1.0,0.9800483,1.0
1.0,0.99078584,1.0
0.0,0.060215812,0.0
0.0,0.36085814,0.0
0.0,0.8393235,1.0
0.0,0.4494926,0.0
0.0,0.41163656,0.0
0.0,0.013319244,0.0
1.0,0.93393284,1.0
1.0,0.88149494,1.0
1.0,0.99801207,1.0
0.0,0.07687824,0.0
1.0,0.58490074,1.0
1.0,0.9560875,1.0
0.0,0.45077726,0.0
1.0,0.9935021,1.0
0.0,0.09421521,0.0
0.0,0.7044949,1.0
1.0,0.99804544,1.0
0.0,0.24117038,0.0
0.0,0.5909996,1.0
0.0,0.0020415364,0.0
0.0,0.027750956,0.0
0.0,0.5486377,1.0
0.0,0.049674544,0.0
1.0,0.93506944,1.0
0.0,0.14162233,0.0
0.0,0.24166405,0.0
1.0,0.6250282,1.0
0.0,0.030789122,0.0
0.0,0.12966104,0.0
0.0,0.78112423,1.0
0.0,0.22627431,0.0
1.0,0.2922602,0.0
0.0,0.2117293,0.0
1.0,0.77446127,1.0
0.0,0.16887733,0.0
1.0,0.96065396,1.0
1.0,0.5381661,1.0
1.0,0.42588183,0.0
1.0,0.55656683,1.0
1.0,0.93156886,1.0
0.0,0.032252237,0.0
1.0,0.9790302,1.0
1.0,0.7186548,1.0
0.0,0.65018165,1.0
1.0,0.98702186,1.0
0.0,0.43778798,0.0
0.0,0.07147117,0.0
1.0,0.9981274,1.0
0.0,0.027600963,0.0
0.0,0.07784909,0.0
0.0,0.8533895,1.0
1.0,0.445447,0.0
1.0,0.59734654,1.0
0.0,0.028206361,0.0
0.0,0.031766705,0.0
0.0,0.18605661,0.0
1.0,0.9918583,1.0
1.0,0.774542,1.0
1.0,0.9172826,1.0
0.0,0.07248824,0.0
0.0,0.52546966,1.0
0.0,0.53891075,1.0
1.0,0.98360485,1.0
1.0,0.99211484,1.0
0.0,0.56407833,1.0
0.0,0.15420194,0.0
0.0,0.14373794,0.0
0.0,0.8660273,1.0
0.0,0.35303235,0.0
0.0,0.2524885,0.0
0.0,0.012373805,0.0
0.0,0.008549814,0.0
0.0,0.11288698,0.0
1.0,0.91358006,1.0
1.0,0.9441165,1.0
1.0,0.9850605,1.0
1.0,0.9905839,1.0
0.0,0.4756617,0.0
1.0,0.9932728,1.0
1.0,0.9244527,1.0
0.0,0.050928913,0.0
1.0,0.9453334,1.0
0.0,0.13717782,0.0
0.0,0.028396584,0.0
1.0,0.9928644,1.0
0.0,0.094634876,0.0
1.0,0.69671506,1.0
1.0,0.99420136,1.0
1.0,0.99370736,1.0
0.0,0.73807216,1.0
1.0,0.7355396,1.0
0.0,0.011411812,0.0
1.0,0.99057794,1.0
0.0,0.07242517,0.0
0.0,0.021988153,0.0
1.0,0.824236,1.0
1.0,0.9604532,1.0
0.0,0.021838428,0.0
0.0,0.57574797,1.0
1.0,0.94358665,1.0
0.0,0.10986574,0.0
1.0,0.9987274,1.0
0.0,0.17367277,0.0
1.0,0.99857044,1.0
1.0,0.78296053,1.0
0.0,0.9273717,1.0
1.0,0.516374,1.0
1.0,0.34253716,0.0
0.0,0.5765923,1.0
1.0,0.9929981,1.0
0.0,0.46027723,0.0
1.0,0.9780878,1.0
0.0,0.69385517,1.0
0.0,0.036967438,0.0
0.0,0.19735438,0.0
1.0,0.62575346,1.0
1.0,0.29508173,0.0
0.0,0.014019535,0.0
0.0,0.07282036,0.0
1.0,0.39106256,0.0
1.0,0.9764588,1.0
1.0,0.9832411,1.0
0.0,0.19798812,0.0
0.0,0.15990715,0.0
0.0,0.031045834,0.0
0.0,0.15030989,0.0
1.0,0.9325869,1.0
0.0,0.11504714,0.0
0.0,0.23128217,0.0
0.0,0.1884626,0.0
0.0,0.055372275,0.0
1.0,0.47583038,0.0
1.0,0.8518195,1.0
1.0,0.89042455,1.0
0.0,0.41057813,0.0
1.0,0.6937652,1.0
1.0,0.47853327,0.0
1.0,0.92685306,1.0
1.0,0.9671952,1.0
1.0,0.97772205,1.0
1.0,0.92850655,1.0
1.0,0.99607986,1.0
0.0,0.24146077,0.0
0.0,0.016139086,0.0
1.0,0.44772488,0.0
0.0,0.019558318,0.0
0.0,0.023764245,0.0
1.0,0.99834895,1.0
1.0,0.9100908,1.0
0.0,0.04072147,0.0
1.0,0.995918,1.0
0.0,0.15348242,0.0
1.0,0.9785655,1.0
0.0,0.022871414,0.0
0.0,0.655686,1.0
1.0,0.42817637,0.0
0.0,0.008465673,0.0
1.0,0.93408895,1.0
1.0,0.85558134,1.0
0.0,0.40893045,0.0
0.0,0.21122852,0.0
0.0,0.5483495,1.0
1.0,0.98998415,1.0
1.0,0.53275114,1.0
0.0,0.19633406,0.0
0.0,0.18075323,0.0
1.0,0.9801405,1.0
1.0,0.9772853,1.0
1.0,0.42205077,0.0
1.0,0.78251946,1.0
0.0,0.11734984,0.0
0.0,0.88408667,1.0
1.0,0.68558383,1.0
1.0,0.994107,1.0
1.0,0.95381075,1.0
0.0,0.07439799,0.0
1.0,0.9846481,1.0
1.0,0.19996789,0.0
1.0,0.78498197,1.0
1.0,0.3476296,0.0
1.0,0.9556715,1.0
0.0,0.73911214,1.0
1.0,0.9946279,1.0
0.0,0.00344747,0.0
1.0,0.7265083,1.0
1.0,0.9934465,1.0
1.0,0.5731113,1.0
0.0,0.03302825,0.0
0.0,0.13807361,0.0
0.0,0.4111132,0.0
0.0,0.431502,0.0
0.0,0.1598113,0.0
1.0,0.83597493,1.0
0.0,0.0084151095,0.0
0.0,0.19258735,0.0
0.0,0.27193487,0.0
1.0,0.5947811,1.0
0.0,0.0056174546,0.0
0.0,0.19215176,0.0
1.0,0.9798095,1.0
0.0,0.014755437,0.0
0.0,0.44042313,0.0
1.0,0.41273445,0.0
1.0,0.5430069,1.0
1.0,0.51496726,1.0
0.0,0.28206664,0.0
0.0,0.20497115,0.0
1.0,0.8449381,1.0
0.0,0.26892316,0.0
1.0,0.64661354,1.0
0.0,0.08922566,0.0
1.0,0.75652474,1.0
1.0,0.8107602,1.0
0.0,0.007303573,0.0
1.0,0.9907121,1.0
1.0,0.95155424,1.0
0.0,0.13778594,0.0
0.0,0.14642282,0.0
1.0,0.9808977,1.0
1.0,0.13544862,0.0
0.0,0.044965707,0.0
0.0,0.07153306,0.0
1.0,0.7079082,1.0
0.0,0.18433432,0.0
1.0,0.42999372,0.0
1.0,0.9931652,1.0
1.0,0.98546,1.0
1.0,0.5473888,1.0
1.0,0.73465353,1.0
1.0,0.3296323,0.0
1.0,0.98866206,1.0
1.0,0.99080384,1.0
1.0,0.5477483,1.0
1.0,0.65821403,1.0
0.0,0.39599973,0.0
1.0,0.87916094,1.0
1.0,0.99558204,1.0
0.0,0.021314872,0.0
1.0,0.7809026,1.0
1.0,0.84967744,1.0
0.0,0.10173012,0.0
1.0,0.81064624,1.0
0.0,0.034615196,0.0
0.0,0.11680326,0.0
0.0,0.0033730376,0.0
0.0,0.24978572,0.0
1.0,0.99664646,1.0
0.0,0.3589318,0.0
1.0,0.93432,1.0
1.0,0.9129913,1.0
0.0,0.14117281,0.0
0.0,0.002559389,0.0
0.0,0.35679635,0.0
0.0,0.24676824,0.0
0.0,0.1348554,0.0
1.0,0.7935533,1.0
1.0,0.99729663,1.0
0.0,0.01762838,0.0
0.0,0.15021656,0.0
1.0,0.7626156,1.0
1.0,0.9959518,1.0
0.0,0.6646378,1.0
0.0,0.016430365,0.0
1.0,0.24167734,0.0
0.0,0.03759277,0.0
0.0,0.038737964,0.0
0.0,0.08604401,0.0
0.0,0.78960127,1.0
1.0,0.92759234,1.0
0.0,0.4981399,0.0
0.0,0.08179835,0.0
0.0,0.10266104,0.0
1.0,0.9833332,1.0
0.0,0.38028416,0.0
0.0,0.44856092,0.0
1.0,0.85101706,1.0
0.0,0.004572625,0.0
0.0,0.11240159,0.0
0.0,0.3346133,0.0
0.0,0.0042402865,0.0
1.0,0.36009014,0.0
0.0,0.043622248,0.0
1.0,0.9848455,1.0
0.0,0.0075566405,0.0
0.0,0.04742709,0.0
0.0,0.29290044,0.0
1.0,0.96903336,1.0
1.0,0.9859294,1.0
0.0,0.029126082,0.0
0.0,0.16885129,0.0
1.0,0.7882443,1.0
1.0,0.9863739,1.0
0.0,0.50541055,1.0
1.0,0.99496967,1.0
0.0,0.3159104,0.0
1.0,0.9209708,1.0
0.0,0.17922816,0.0
0.0,0.19796473,0.0
1.0,0.93586695,1.0
1.0,0.29895028,0.0
1.0,0.9984257,1.0
0.0,0.48942697,0.0
1.0,0.9636413,1.0
0.0,0.388707,0.0
1.0,0.99036425,1.0
1.0,0.6432633,1.0
1.0,0.9989268,1.0
1.0,0.19863941,0.0
1.0,0.8971262,1.0
0.0,0.1590347,0.0
1.0,0.97525746,1.0
1.0,0.34584832,0.0
0.0,0.08815748,0.0
0.0,0.07918334,0.0
0.0,0.22963229,0.0
0.0,0.057878386,0.0
1.0,0.99686074,1.0
0.0,0.3384452,0.0
1.0,0.6271722,1.0
0.0,0.027120726,0.0
1.0,0.79846656,1.0
0.0,0.028468518,0.0
0.0,0.0032888283,0.0
0.0,0.11618743,0.0
0.0,0.11234266,0.0
1.0,0.8959203,1.0
0.0,0.08313444,0.0
0.0,0.35179153,0.0
1.0,0.97677165,1.0
0.0,0.035867132,0.0
1.0,0.9451155,1.0
0.0,0.3357383,0.0
0.0,0.7713887,1.0
1.0,0.97009754,1.0
0.0,0.093489096,0.0
0.0,0.77314574,1.0
0.0,0.021674855,0.0
1.0,0.9554974,1.0
0.0,0.27002946,0.0
0.0,0.12799744,0.0
1.0,0.9971595,1.0
0.0,0.07636908,0.0
1.0,0.9928255,1.0
1.0,0.505992,1.0
0.0,0.19961703,0.0
1.0,0.9867525,1.0
1.0,0.82523227,1.0
1.0,0.87729526,1.0
1.0,0.9247638,1.0
0.0,0.007323503,0.0
0.0,0.02076721,0.0
1.0,0.9947686,1.0
1.0,0.9207223,1.0
0.0,0.07156646,0.0
0.0,0.093860224,0.0
0.0,0.23673938,0.0
0.0,0.027422674,0.0
1.0,0.9797983,1.0
0.0,0.6914491,1.0
0.0,0.062839046,0.0
1.0,0.4520178,0.0
1.0,0.6206506,1.0
1.0,0.96837944,1.0
0.0,0.17321739,0.0
1.0,0.82171226,1.0
1.0,0.96895516,1.0
0.0,0.47415265,0.0
1.0,0.7638892,1.0
1.0,0.075655006,0.0
1.0,0.9076064,1.0
0.0,0.12639295,0.0
1.0,0.99633825,1.0
0.0,0.16395162,0.0
0.0,0.5217346,1.0
0.0,0.1422706,0.0
0.0,0.64885515,1.0
1.0,0.6615018,1.0
1.0,0.09632919,0.0
1.0,0.9649314,1.0
0.0,0.46113515,0.0
1.0,0.97023004,1.0
1.0,0.84189826,1.0
1.0,0.9890648,1.0
0.0,0.080785275,0.0
0.0,0.45294645,0.0
1.0,0.99767655,1.0
1.0,0.787169,1.0
1.0,0.95346534,1.0
0.0,0.12828593,0.0
0.0,0.009311337,0.0
0.0,0.083992116,0.0
0.0,0.14133039,0.0
0.0,0.73605126,1.0
1.0,0.4934055,0.0
0.0,0.07094781,0.0
0.0,0.59042746,1.0
1.0,0.10719023,0.0
0.0,0.7708995,1.0
1.0,0.4679295,0.0
0.0,0.12008586,0.0
0.0,0.8124503,1.0
0.0,0.10139851,0.0
1.0,0.9278799,1.0
1.0,0.8661894,1.0
1.0,0.7932587,1.0
1.0,0.59154177,1.0
0.0,0.108649835,0.0
1.0,0.30836815,0.0
0.0,0.33879343,0.0
0.0,0.022547165,0.0
1.0,0.99286884,1.0
1.0,0.74900967,1.0
1.0,0.9434334,1.0
0.0,0.0107588265,0.0
0.0,0.10028611,0.0
0.0,0.20136878,0.0
0.0,0.08769504,0.0
0.0,0.15035464,0.0
0.0,0.15635839,0.0
0.0,0.056939285,0.0
0.0,0.6477401,1.0
1.0,0.94771475,1.0
1.0,0.86638284,1.0
1.0,0.98742956,1.0
0.0,0.2840586,0.0
1.0,0.7734239,1.0
1.0,0.97280306,1.0
1.0,0.99373525,1.0
1.0,0.704163,1.0
0.0,0.21761262,0.0
1.0,0.9953696,1.0
1.0,0.30813193,0.0
1.0,0.8938661,1.0
1.0,0.81918913,1.0
0.0,0.41350356,0.0
1.0,0.48673144,0.0
1.0,0.9989059,1.0
0.0,0.2211217,0.0
1.0,0.33615038,0.0
0.0,0.71257603,1.0
0.0,0.29897067,0.0
1.0,0.99715626,1.0
1.0,0.8500787,1.0
1.0,0.9920442,1.0
0.0,0.32459098,0.0
1.0,0.9740235,1.0
1.0,0.38701466,0.0
1.0,0.8098588,1.0
0.0,0.4419729,0.0
1.0,0.18030418,0.0
0.0,0.32970676,0.0
1.0,0.99034214,1.0
1.0,0.7807278,1.0
1.0,0.17668062,0.0
0.0,0.55164474,1.0
1.0,0.9395488,1.0
0.0,0.17914397,0.0
0.0,0.030454352,0.0
0.0,0.28137672,0.0
1.0,0.9979411,1.0
0.0,0.03831715,0.0
1.0,0.9948112,1.0
0.0,0.09027287,0.0
1.0,0.9477473,1.0
1.0,0.9906123,1.0
0.0,0.19403088,0.0
0.0,0.015128569,0.0
0.0,0.12854677,0.0
1.0,0.9262235,1.0
0.0,0.010159851,0.0
1.0,0.95745826,1.0
1.0,0.9827183,1.0
0.0,0.037086695,0.0
0.0,0.077753805,0.0
1.0,0.9974596,1.0
1.0,0.9764554,1.0
0.0,0.17615406,0.0
1.0,0.9400913,1.0
0.0,0.016019449,0.0
1.0,0.72255325,1.0
0.0,0.24271697,0.0
0.0,0.02855774,0.0
0.0,0.16732341,0.0
1.0,0.98511535,1.0
0.0,0.12389873,0.0
1.0,0.51506865,1.0
0.0,0.027584355,0.0
0.0,0.008307053,0.0
0.0,0.05796135,0.0
0.0,0.008347655,0.0
0.0,0.21105188,0.0
1.0,0.98399365,1.0
0.0,0.46147278,0.0
1.0,0.98763937,1.0
0.0,0.0634846,0.0
0.0,0.092654705,0.0
1.0,0.61209214,1.0
0.0,0.043032184,0.0
0.0,0.33314836,0.0
1.0,0.90791786,1.0
1.0,0.9988827,1.0
1.0,0.48391074,0.0
1.0,0.49656874,0.0
1.0,0.8637378,1.0
1.0,0.99851996,1.0
1.0,0.99139905,1.0
0.0,0.13273114,0.0
0.0,0.015398054,0.0
1.0,0.16905677,0.0
1.0,0.97701955,1.0
0.0,0.26467264,0.0
1.0,0.9914129,1.0
0.0,0.019350953,0.0
0.0,0.3996936,0.0
0.0,0.21347058,0.0
1.0,0.99048764,1.0
0.0,0.03949076,0.0
1.0,0.6008026,1.0
1.0,0.99714905,1.0
1.0,0.99404943,1.0
1.0,0.9790677,1.0
1.0,0.91141707,1.0
1.0,0.012385937,0.0
1.0,0.940841,1.0
1.0,0.9968579,1.0
0.0,0.13740462,0.0
1.0,0.76947385,1.0
0.0,0.01880678,0.0
1.0,0.9932019,1.0
1.0,0.98138016,1.0
0.0,0.0044481475,0.0
1.0,0.74932426,1.0
1.0,0.98681635,1.0
0.0,0.0455616,0.0
1.0,0.50337744,1.0
0.0,0.024256604,0.0
0.0,0.045355067,0.0
0.0,0.59016955,1.0
1.0,0.683011,1.0
1.0,0.53280455,1.0
1.0,0.9616225,1.0
0.0,0.28856653,0.0
0.0,0.11040266,0.0
0.0,0.30658126,0.0
1.0,0.2061399,0.0
1.0,0.9112102,1.0
0.0,0.90446717,1.0
1.0,0.3580432,0.0
0.0,0.3589912,0.0
0.0,0.5733523,1.0
1.0,0.38775268,0.0
1.0,0.991521,1.0
1.0,0.7511354,1.0
0.0,0.006020773,0.0
0.0,0.59904945,1.0
0.0,0.3910242,0.0
1.0,0.7559395,1.0
1.0,0.47653762,0.0
1.0,0.9915809,1.0
0.0,0.098665744,0.0
1.0,0.1238438,0.0
0.0,0.4047366,0.0
0.0,0.0048054066,0.0
1.0,0.9904941,1.0
1.0,0.98975396,1.0
1.0,0.47420636,0.0
1.0,0.96078146,1.0
1.0,0.7088323,1.0
0.0,0.108863235,0.0
1.0,0.93025005,1.0
0.0,0.16206329,0.0
1.0,0.79739445,1.0
1.0,0.93965286,1.0
1.0,0.8650427,1.0
0.0,0.27927756,0.0
0.0,0.054889243,0.0
0.0,0.6538534,1.0
0.0,0.07252044,0.0
0.0,0.06297544,0.0
1.0,0.9477291,1.0
0.0,0.042125758,0.0
0.0,0.016533822,0.0
1.0,0.6040657,1.0
0.0,0.3477255,0.0
1.0,0.95505476,1.0
0.0,0.03898094,0.0
1.0,0.9399342,1.0
0.0,0.05144425,0.0
1.0,0.98749465,1.0
1.0,0.7161127,1.0
0.0,0.56752294,1.0
1.0,0.94527507,1.0
1.0,0.97461784,1.0
0.0,0.37995106,0.0
1.0,0.9918059,1.0
0.0,0.026882343,0.0
1.0,0.9683659,1.0
1.0,0.43869874,0.0
1.0,0.9636027,1.0
1.0,0.99709225,1.0
0.0,0.44968078,0.0
0.0,0.10468674,0.0
1.0,0.9619679,1.0
0.0,0.3306338,0.0
0.0,0.39839944,0.0
0.0,0.15268473,0.0
0.0,0.4644351,0.0
1.0,0.9875842,1.0
1.0,0.98722535,1.0
0.0,0.06300252,0.0
0.0,0.0714377,0.0
1.0,0.9991792,1.0
1.0,0.9622325,1.0
0.0,0.6884129,1.0
1.0,0.37174207,0.0
0.0,0.0590706,0.0
0.0,0.07565878,0.0
1.0,0.89557,1.0
0.0,0.009890441,0.0
1.0,0.99182045,1.0
1.0,0.93176204,1.0
0.0,0.52268124,1.0
1.0,0.9869168,1.0
0.0,0.027630374,0.0
0.0,0.021517465,0.0
0.0,0.031931166,0.0
1.0,0.8196839,1.0
0.0,0.044487067,0.0
0.0,0.056838933,0.0
0.0,0.11885683,0.0
1.0,0.45067585,0.0
1.0,0.8682707,1.0
0.0,0.037441757,0.0
0.0,0.099826425,0.0
0.0,0.43901613,0.0
1.0,0.9699767,1.0
0.0,0.17834742,0.0
0.0,0.02454647,0.0
1.0,0.9732649,1.0
1.0,0.9367327,1.0
1.0,0.97371393,1.0
0.0,0.20559026,0.0
1.0,0.982579,1.0
0.0,0.038259998,0.0
1.0,0.51953286,1.0
1.0,0.9879594,1.0
1.0,0.9850063,1.0
1.0,0.99793375,1.0
1.0,0.5909525,1.0
1.0,0.9310153,1.0
0.0,0.43530172,0.0
0.0,0.019025533,0.0
0.0,0.49472275,0.0
0.0,0.1692092,0.0
1.0,0.95956296,1.0
0.0,0.004632158,0.0
0.0,0.1933568,0.0
1.0,0.904783,1.0
1.0,0.99625707,1.0
1.0,0.26527765,0.0
1.0,0.98859286,1.0
1.0,0.9959304,1.0
0.0,0.32074413,0.0
1.0,0.23331027,0.0
1.0,0.94690096,1.0
0.0,0.036501806,0.0
0.0,0.05140795,0.0
0.0,0.13916528,0.0
0.0,0.0021816574,0.0
1.0,0.9909966,1.0
1.0,0.9894748,1.0
0.0,0.033956416,0.0
1.0,0.26958612,0.0
0.0,0.043609895,0.0
1.0,0.86318153,1.0
1.0,0.8560476,1.0
1.0,0.5772758,1.0
0.0,0.33536136,0.0
1.0,0.9057183,1.0
0.0,0.0068153376,0.0
1.0,0.26769263,0.0
0.0,0.09966748,0.0
0.0,0.10706378,0.0
0.0,0.37141508,0.0
0.0,0.0066831135,0.0
1.0,0.9410013,1.0
1.0,0.8001967,1.0
0.0,0.100537,0.0
0.0,0.013101206,0.0
0.0,0.1703392,0.0
1.0,0.99553347,1.0
0.0,0.07616143,0.0
0.0,0.29323393,0.0
0.0,0.91010815,1.0
0.0,0.0067943805,0.0
0.0,0.17752539,0.0
0.0,0.9262424,1.0
0.0,0.30388173,0.0
1.0,0.084970616,0.0
0.0,0.74882776,1.0
1.0,0.9493917,1.0
0.0,0.033484694,0.0
0.0,0.14145023,0.0
0.0,0.33062613,0.0
1.0,0.90728223,1.0
1.0,0.65961605,1.0
1.0,0.9941088,1.0
0.0,0.48907593,0.0
0.0,0.054664917,0.0
1.0,0.51414734,1.0
0.0,0.16194972,0.0
1.0,0.71292245,1.0
1.0,0.9926709,1.0
0.0,0.014266703,0.0
0.0,0.07115511,0.0
1.0,0.93489033,1.0
1.0,0.9988912,1.0
0.0,0.16557683,0.0
0.0,0.032180026,0.0
1.0,0.9810457,1.0
1.0,0.38025042,0.0
0.0,0.10207998,0.0
0.0,0.020933567,0.0
0.0,0.22320366,0.0
0.0,0.3470156,0.0
0.0,0.09906722,0.0
1.0,0.76877046,1.0
0.0,0.7179462,1.0
1.0,0.97956836,1.0
1.0,0.9988568,1.0
0.0,0.2463268,0.0
1.0,0.99256825,1.0
1.0,0.59054345,1.0
0.0,0.0037588552,0.0
0.0,0.18712279,0.0
0.0,0.09120514,0.0
0.0,0.4547228,0.0
0.0,0.040289562,0.0
1.0,0.59631264,1.0
1.0,0.9962132,1.0
1.0,0.9945932,1.0
1.0,0.90002275,1.0
0.0,0.6968259,1.0
1.0,0.8513221,1.0
1.0,0.9657849,1.0
0.0,0.25683725,0.0
1.0,0.70447934,1.0
0.0,0.1377319,0.0
1.0,0.99851936,1.0
1.0,0.99926764,1.0
0.0,0.16644156,0.0
1.0,0.9072617,1.0
0.0,0.025515951,0.0
0.0,0.2463859,0.0
1.0,0.24526149,0.0
0.0,0.5450998,1.0
1.0,0.815987,1.0
1.0,0.9055335,1.0
1.0,0.86107165,1.0
1.0,0.9989851,1.0
1.0,0.9804884,1.0
1.0,0.5514671,1.0
0.0,0.08867581,0.0
0.0,0.30693358,0.0
1.0,0.98876244,1.0
1.0,0.98613167,1.0
0.0,0.13152644,0.0
0.0,0.2092319,0.0
1.0,0.9239367,1.0
0.0,0.04452077,0.0
1.0,0.98586035,1.0
0.0,0.092139624,0.0
1.0,0.9990896,1.0
0.0,0.52225155,1.0
0.0,0.41811773,0.0
1.0,0.95545614,1.0
0.0,0.34768954,0.0
1.0,0.33259952,0.0
1.0,0.7427814,1.0
0.0,0.5982937,1.0
1.0,0.98679334,1.0
1.0,0.99865353,1.0
0.0,0.071646936,0.0
1.0,0.9950629,1.0
1.0,0.9986003,1.0
0.0,0.07404137,0.0
1.0,0.9981927,1.0
1.0,0.98879427,1.0
1.0,0.65269923,1.0
0.0,0.03191516,0.0
0.0,0.017320585,0.0
1.0,0.99853694,1.0
1.0,0.41099417,0.0
0.0,0.23367414,0.0
0.0,0.16052714,0.0
1.0,0.964144,1.0
0.0,0.3262668,0.0
0.0,0.08554667,0.0
0.0,0.019415185,0.0
1.0,0.86745954,1.0
1.0,0.9938258,1.0
0.0,0.010290058,0.0
1.0,0.56060463,1.0
0.0,0.13326621,0.0
0.0,0.14624126,0.0
1.0,0.9409584,1.0
0.0,0.26410687,0.0
0.0,0.47555706,0.0
1.0,0.790657,1.0
1.0,0.9937657,1.0
0.0,0.18980977,0.0
1.0,0.9994802,1.0
1.0,0.99431086,1.0
1.0,0.7998515,1.0
1.0,0.99882776,1.0
0.0,0.06483182,0.0
0.0,0.15143317,0.0
0.0,0.70034176,1.0
0.0,0.0040344894,0.0
0.0,0.007706075,0.0
1.0,0.11053446,0.0
0.0,0.13520941,0.0
1.0,0.99808466,1.0
0.0,0.0018631429,0.0
0.0,0.024491431,0.0
0.0,0.009693318,0.0
0.0,0.006638129,0.0
0.0,0.14442948,0.0
0.0,0.062088918,0.0
1.0,0.98079383,1.0
1.0,0.9909457,1.0
1.0,0.9248977,1.0
1.0,0.7178124,1.0
0.0,0.07521976,0.0
1.0,0.96840054,1.0
0.0,0.20330818,0.0
0.0,0.16030078,0.0
0.0,0.19688268,0.0
0.0,0.13154015,0.0
1.0,0.69021034,1.0
1.0,0.08924464,0.0
0.0,0.2860325,0.0
1.0,0.9636856,1.0
1.0,0.96560764,1.0
0.0,0.024103697,0.0
0.0,0.43679443,0.0
1.0,0.9530942,1.0
1.0,0.77634454,1.0
1.0,0.9920288,1.0
0.0,0.05468508,0.0
1.0,0.89769346,1.0
1.0,0.8675186,1.0
1.0,0.5619898,1.0
0.0,0.042190574,0.0
0.0,0.41739842,0.0
0.0,0.2792149,0.0
1.0,0.14609334,0.0
0.0,0.31910074,0.0
0.0,0.2605357,0.0
1.0,0.97118056,1.0
0.0,0.53945625,1.0
1.0,0.9802337,1.0
1.0,0.9799486,1.0
1.0,0.86042786,1.0
0.0,0.2440791,0.0
0.0,0.07762485,0.0
0.0,0.06778472,0.0
0.0,0.47752514,0.0
0.0,0.047886275,0.0
1.0,0.9986613,1.0
1.0,0.28488916,0.0
1.0,0.92839634,1.0
1.0,0.94950104,1.0
1.0,0.52415055,1.0
1.0,0.30923876,0.0
0.0,0.025816547,0.0
0.0,0.835224,1.0
1.0,0.82505554,1.0
1.0,0.90231454,1.0
0.0,0.029932939,0.0
0.0,0.67500454,1.0
0.0,0.28040183,0.0
0.0,0.7478131,1.0
0.0,0.014420097,0.0
0.0,0.12206822,0.0
0.0,0.39237672,0.0
1.0,0.9869479,1.0
1.0,0.9949169,1.0
0.0,0.014519891,0.0
0.0,0.325082,0.0
0.0,0.0029213307,0.0
1.0,0.86172104,1.0
0.0,0.026096273,0.0
1.0,0.9871651,1.0
0.0,0.026986258,0.0
1.0,0.34888384,0.0
1.0,0.5225249,1.0
1.0,0.608613,1.0
1.0,0.9927054,1.0
1.0,0.9903352,1.0
0.0,0.22481239,0.0
1.0,0.09707636,0.0
0.0,0.022003382,0.0
0.0,0.008775715,0.0
0.0,0.67659193,1.0
1.0,0.9991393,1.0
1.0,0.7447614,1.0
1.0,0.8410172,1.0
0.0,0.04337949,0.0
0.0,0.014842516,0.0
1.0,0.9902902,1.0
1.0,0.7537124,1.0
0.0,0.28651324,0.0
0.0,0.010651028,0.0
1.0,0.7395143,1.0
1.0,0.25181615,0.0
0.0,0.5035752,1.0
1.0,0.97137386,1.0
1.0,0.68235224,1.0
1.0,0.07535289,0.0
0.0,0.01251238,0.0
0.0,0.07846442,0.0
0.0,0.06257552,0.0
1.0,0.37525582,0.0
0.0,0.38384062,0.0
1.0,0.3223187,0.0
0.0,0.030484391,0.0
0.0,0.10104268,0.0
1.0,0.91510653,1.0
0.0,0.010487477,0.0
0.0,0.08563321,0.0
1.0,0.97153556,1.0
0.0,0.0065580015,0.0
1.0,0.80374557,1.0
1.0,0.9430871,1.0
1.0,0.8352364,1.0
1.0,0.9843536,1.0
0.0,0.13455161,0.0
0.0,0.009727291,0.0
1.0,0.9991703,1.0
1.0,0.26570213,0.0
1.0,0.9974316,1.0
1.0,0.9774409,1.0
1.0,0.6189863,1.0
1.0,0.99358,1.0
1.0,0.99894637,1.0
0.0,0.012552643,0.0
0.0,0.15011626,0.0
0.0,0.19460233,0.0
1.0,0.9819369,1.0
1.0,0.21754532,0.0
1.0,0.49799344,0.0
0.0,0.93506944,1.0
0.0,0.38147655,0.0
0.0,0.37102118,0.0
0.0,0.03769969,0.0
1.0,0.6072643,1.0
0.0,0.35783416,0.0
1.0,0.74545014,1.0
0.0,0.050600864,0.0
1.0,0.9754353,1.0
1.0,0.9628903,1.0
1.0,0.368274,0.0
1.0,0.9303849,1.0
0.0,0.4198458,0.0
1.0,0.92379546,1.0
1.0,0.8466433,1.0
1.0,0.34794715,0.0
0.0,0.027954968,0.0
0.0,0.12990218,0.0
0.0,0.3704224,0.0
0.0,0.0636051,0.0
1.0,0.90878993,1.0
0.0,0.31905407,0.0
0.0,0.19209878,0.0
1.0,0.18832566,0.0
1.0,0.65359986,1.0
0.0,0.08507527,0.0
1.0,0.8757971,1.0
0.0,0.0129868975,0.0
0.0,0.13560209,0.0
0.0,0.19233984,0.0
1.0,0.7591921,1.0
1.0,0.9889852,1.0
0.0,0.011789803,0.0
0.0,0.024614165,0.0
0.0,0.48067448,0.0
1.0,0.92522436,1.0
0.0,0.46943077,0.0
0.0,0.053322263,0.0
1.0,0.43600732,0.0
0.0,0.06715826,0.0
0.0,0.107165255,0.0
1.0,0.5191756,1.0
0.0,0.028704891,0.0
0.0,0.42573467,0.0
1.0,0.6127433,1.0
0.0,0.44052023,0.0
1.0,0.3180671,0.0
0.0,0.022405243,0.0
1.0,0.9826508,1.0
1.0,0.9665113,1.0
0.0,0.34971744,0.0
1.0,0.99740654,1.0
0.0,0.08626751,0.0
0.0,0.19004872,0.0
1.0,0.27404106,0.0
0.0,0.033465274,0.0
0.0,0.2259759,0.0
0.0,0.9124192,1.0
0.0,0.4919412,0.0
1.0,0.9987482,1.0
0.0,0.05379491,0.0
0.0,0.2846495,0.0
1.0,0.887521,1.0
1.0,0.758795,1.0
1.0,0.5859361,1.0
1.0,0.99470127,1.0
1.0,0.8877602,1.0
0.0,0.33265674,0.0
0.0,0.31126472,0.0
0.0,0.19816074,0.0
1.0,0.89473855,1.0
0.0,0.02780844,0.0
1.0,0.39450154,0.0
0.0,0.57995033,1.0
1.0,0.9810626,1.0
0.0,0.09428812,0.0
1.0,0.6757765,1.0
0.0,0.008338388,0.0
1.0,0.54534256,1.0
1.0,0.40128294,0.0
0.0,0.22486715,0.0
0.0,0.049875233,0.0
0.0,0.14908674,0.0
0.0,0.1150789,0.0
0.0,0.024056934,0.0
1.0,0.83285725,1.0
0.0,0.02875299,0.0
0.0,0.30267882,0.0
1.0,0.1587159,0.0
1.0,0.83269477,1.0
1.0,0.7564373,1.0
1.0,0.6906511,1.0
0.0,0.020022113,0.0
1.0,0.9719207,1.0
0.0,0.34053487,0.0
1.0,0.82097745,1.0
0.0,0.5628741,1.0
1.0,0.86960596,1.0
1.0,0.87133396,1.0
0.0,0.28838697,0.0
0.0,0.05709397,0.0
1.0,0.38679498,0.0
1.0,0.80252564,1.0
1.0,0.95659584,1.0
1.0,0.5443186,1.0
0.0,0.099024504,0.0
0.0,0.031865656,0.0
0.0,0.4145014,0.0
0.0,0.10156778,0.0
0.0,0.087502964,0.0
1.0,0.88151133,1.0
1.0,0.7727049,1.0
1.0,0.7171167,1.0
0.0,0.119620994,0.0
0.0,0.055784762,0.0
1.0,0.99472165,1.0
0.0,0.2140411,0.0
0.0,0.58612216,1.0
1.0,0.39528304,0.0
1.0,0.8890445,1.0
1.0,0.9568255,1.0
0.0,0.37805596,0.0
0.0,0.42246166,0.0
1.0,0.7400596,1.0
0.0,0.06016831,0.0
0.0,0.31809583,0.0
1.0,0.3121479,0.0
1.0,0.9251745,1.0
0.0,0.009061873,0.0
1.0,0.9947455,1.0
1.0,0.66249925,1.0
1.0,0.92948484,1.0
1.0,0.99359787,1.0
0.0,0.13430944,0.0
0.0,0.529303,1.0
0.0,0.18558511,0.0
1.0,0.49873292,0.0
1.0,0.05161568,0.0
0.0,0.105998054,0.0
0.0,0.6759845,1.0
0.0,0.3023631,0.0
0.0,0.0062091905,0.0
0.0,0.03740152,0.0
1.0,0.29192752,0.0
1.0,0.32621,0.0
1.0,0.98465234,1.0
0.0,0.26970854,0.0
1.0,0.9438076,1.0
1.0,0.834269,1.0
1.0,0.84227794,1.0
1.0,0.72966194,1.0
1.0,0.9774261,1.0
1.0,0.7191339,1.0
1.0,0.6925413,1.0
1.0,0.9958852,1.0
1.0,0.5939198,1.0
1.0,0.99429274,1.0
0.0,0.28288707,0.0
0.0,0.024901558,0.0
1.0,0.90528107,1.0
0.0,0.09997737,0.0
1.0,0.9208792,1.0
0.0,0.0036817838,0.0
0.0,0.38926104,0.0
1.0,0.99852365,1.0
0.0,0.06255485,0.0
1.0,0.87798154,1.0
1.0,0.96880174,1.0
0.0,0.19034845,0.0
0.0,0.60100585,1.0
0.0,0.27164778,0.0
1.0,0.91610223,1.0
0.0,0.39136717,0.0
1.0,0.80157673,1.0
1.0,0.8041879,1.0
1.0,0.96502256,1.0
1.0,0.8129487,1.0
1.0,0.9814897,1.0
1.0,0.8772192,1.0
0.0,0.4773997,0.0
1.0,0.9938207,1.0
1.0,0.97996557,1.0
1.0,0.99637336,1.0
1.0,0.614877,1.0
0.0,0.35276175,0.0
1.0,0.26129907,0.0
1.0,0.5326649,1.0
0.0,0.20282958,0.0
1.0,0.765201,1.0
1.0,0.99912876,1.0
0.0,0.27551436,0.0
1.0,0.9749887,1.0
1.0,0.99615073,1.0
1.0,0.7689599,1.0
1.0,0.9550517,1.0
0.0,0.028864684,0.0
1.0,0.9861032,1.0
1.0,0.494609,0.0
1.0,0.99549854,1.0
0.0,0.8889927,1.0
1.0,0.74535763,1.0
0.0,0.05165822,0.0
0.0,0.26003298,0.0
1.0,0.6805669,1.0
0.0,0.028605865,0.0
1.0,0.92400885,1.0
1.0,0.53354245,1.0
1.0,0.7461312,1.0
1.0,0.9676326,1.0
1.0,0.9933696,1.0
1.0,0.84071517,1.0
0.0,0.15491477,0.0
1.0,0.9630114,1.0
1.0,0.8235495,1.0
0.0,0.02220062,0.0
1.0,0.8065131,1.0
0.0,0.019840073,0.0
1.0,0.92521346,1.0
0.0,0.7286213,1.0
1.0,0.96934813,1.0
0.0,0.36138678,0.0
0.0,0.081383735,0.0
1.0,0.8395645,1.0
0.0,0.26999262,0.0
1.0,0.9985241,1.0
1.0,0.5483782,1.0
1.0,0.9322248,1.0
1.0,0.974893,1.0
1.0,0.6301707,1.0
1.0,0.9472335,1.0
0.0,0.10190445,0.0
0.0,0.02050438,0.0
0.0,0.17325614,0.0
1.0,0.9389099,1.0
0.0,0.05686601,0.0
0.0,0.039573897,0.0
1.0,0.7217743,1.0
0.0,0.42691377,0.0
0.0,0.0260805,0.0
0.0,0.09985838,0.0
1.0,0.99683833,1.0
0.0,0.20143308,0.0
1.0,0.030653019,0.0
1.0,0.96933216,1.0
0.0,0.043518413,0.0
0.0,0.010077973,0.0
0.0,0.03796016,0.0
0.0,0.035584565,0.0
0.0,0.021879936,0.0
1.0,0.5644968,1.0
1.0,0.6196867,1.0
0.0,0.11693229,0.0
1.0,0.5467986,1.0
1.0,0.97801137,1.0
1.0,0.9583016,1.0
1.0,0.9934633,1.0
0.0,0.0433756,0.0
0.0,0.28565198,0.0
1.0,0.9442813,1.0
1.0,0.97877717,1.0
1.0,0.41654062,0.0
0.0,0.23886205,0.0
1.0,0.7627799,1.0
0.0,0.02348009,0.0
1.0,0.31761327,0.0
1.0,0.9439584,1.0
1.0,0.6788685,1.0
0.0,0.90122736,1.0
1.0,0.93838865,1.0
1.0,0.7004744,1.0
1.0,0.82766145,1.0
1.0,0.97695017,1.0
1.0,0.5263024,1.0
1.0,0.90359956,1.0
0.0,0.8530933,1.0
1.0,0.9105352,1.0
1.0,0.9321146,1.0
1.0,0.94536495,1.0
0.0,0.0092503065,0.0
0.0,0.03836527,0.0
1.0,0.9932462,1.0
1.0,0.94165474,1.0
1.0,0.38024545,0.0
0.0,0.013204804,0.0
1.0,0.56613785,1.0
1.0,0.7255003,1.0
0.0,0.15446553,0.0
0.0,0.056403723,0.0
1.0,0.93597084,1.0
0.0,0.35247424,0.0
0.0,0.30229488,0.0
0.0,0.19019453,0.0
1.0,0.9814166,1.0
1.0,0.71218956,1.0
1.0,0.52899414,1.0
0.0,0.06907454,0.0
0.0,0.011467304,0.0
0.0,0.06883127,0.0
0.0,0.004880704,0.0
0.0,0.6083695,1.0
0.0,0.4390376,0.0
1.0,0.9271468,1.0
1.0,0.2556203,0.0
1.0,0.99471575,1.0
1.0,0.99434507,1.0
0.0,0.013491312,0.0
0.0,0.13089809,0.0
0.0,0.21012203,0.0
0.0,0.04359195,0.0
0.0,0.14960092,0.0
0.0,0.20069574,0.0
1.0,0.9856646,1.0
1.0,0.45163384,0.0
1.0,0.9981719,1.0
0.0,0.015557591,0.0
0.0,0.07676914,0.0
1.0,0.99856323,1.0
1.0,0.61407983,1.0
0.0,0.26493514,0.0
1.0,0.92276424,1.0
0.0,0.024584444,0.0
1.0,0.8453561,1.0
1.0,0.8961257,1.0
0.0,0.44918224,0.0
1.0,0.698261,1.0
0.0,0.0044477545,0.0
1.0,0.9991479,1.0
0.0,0.0044565,0.0
0.0,0.13051198,0.0
1.0,0.9964167,1.0
0.0,0.17863125,0.0
1.0,0.9964889,1.0
1.0,0.9952773,1.0
1.0,0.63976884,1.0
0.0,0.051893365,0.0
0.0,0.7575617,1.0
1.0,0.8033306,1.0
1.0,0.908955,1.0
1.0,0.99603975,1.0
0.0,0.6147578,1.0
0.0,0.08554917,0.0
0.0,0.18696618,0.0
1.0,0.99393326,1.0
0.0,0.091273524,0.0
0.0,0.4756563,0.0
1.0,0.9985863,1.0
1.0,0.67401713,1.0
1.0,0.9264031,1.0
0.0,0.05686094,0.0
1.0,0.9951931,1.0
0.0,0.008073164,0.0
0.0,0.0050944355,0.0
1.0,0.98345804,1.0
1.0,0.40620542,0.0
1.0,0.9880344,1.0
1.0,0.10599191,0.0
0.0,0.6406998,1.0
1.0,0.9985902,1.0
1.0,0.99614584,1.0
0.0,0.40302643,0.0
0.0,0.07793238,0.0
0.0,0.014561223,0.0
1.0,0.9491744,1.0
1.0,0.81317073,1.0
1.0,0.79620486,1.0
0.0,0.49287626,0.0
0.0,0.32319844,0.0
0.0,0.14943582,0.0
0.0,0.097548574,0.0
1.0,0.8359919,1.0
0.0,0.11675004,0.0
1.0,0.84419954,1.0
0.0,0.22732358,0.0
0.0,0.12479573,0.0
1.0,0.8889934,1.0
1.0,0.993529,1.0
0.0,0.15075012,0.0
1.0,0.9939587,1.0
0.0,0.07140878,0.0
1.0,0.9918554,1.0
1.0,0.99262625,1.0
0.0,0.08277285,0.0
0.0,0.039367966,0.0
1.0,0.6002288,1.0
0.0,0.025410257,0.0
0.0,0.39142084,0.0
0.0,0.12165533,0.0
0.0,0.48101726,0.0
1.0,0.99412656,1.0
1.0,0.7682371,1.0
1.0,0.8235214,1.0
1.0,0.570593,1.0
1.0,0.3980503,0.0
1.0,0.62065804,1.0
0.0,0.47264344,0.0
1.0,0.41922876,0.0
0.0,0.060889848,0.0
0.0,0.45039698,0.0
0.0,0.565609,1.0
0.0,0.5840195,1.0
1.0,0.4602587,0.0
1.0,0.7337479,1.0
1.0,0.17231554,0.0
0.0,0.35367662,0.0
1.0,0.96894115,1.0
0.0,0.5873978,1.0
0.0,0.28762,0.0
0.0,0.038072683,0.0
0.0,0.101142,0.0
1.0,0.3477228,0.0
0.0,0.14425956,0.0
1.0,0.9769934,1.0
0.0,0.006676393,0.0
1.0,0.62435323,1.0
0.0,0.24668877,0.0
1.0,0.98998696,1.0
0.0,0.021596232,0.0
1.0,0.3569889,0.0
0.0,0.4212157,0.0
0.0,0.31232646,0.0
0.0,0.2551755,0.0
1.0,0.9456707,1.0
0.0,0.48773482,0.0
1.0,0.97686005,1.0
1.0,0.82583904,1.0
0.0,0.5080975,1.0
0.0,0.16849293,0.0
1.0,0.9630943,1.0
1.0,0.7705853,1.0
1.0,0.9925287,1.0
1.0,0.9907733,1.0
0.0,0.4270163,0.0
0.0,0.18499236,0.0
0.0,0.30031574,0.0
1.0,0.39283103,0.0
0.0,0.273738,0.0
0.0,0.054352622,0.0
1.0,0.90256965,1.0
1.0,0.9936619,1.0
1.0,0.8834185,1.0
1.0,0.9988017,1.0
0.0,0.44196463,0.0
1.0,0.880403,1.0
0.0,0.014510028,0.0
0.0,0.69898057,1.0
0.0,0.008310169,0.0
0.0,0.30707145,0.0
0.0,0.40512204,0.0
0.0,0.43808016,0.0
0.0,0.053102426,0.0
1.0,0.8831955,1.0
1.0,0.39367345,0.0
0.0,0.20203371,0.0
0.0,0.55649257,1.0
0.0,0.10166354,0.0
1.0,0.9978398,1.0
1.0,0.8318548,1.0
0.0,0.010980188,0.0
1.0,0.90474313,1.0
0.0,0.016519064,0.0
0.0,0.12422828,0.0
0.0,0.06036305,0.0
0.0,0.43545598,0.0
0.0,0.12946613,0.0
0.0,0.0158258,0.0
0.0,0.13506187,0.0
1.0,0.96770984,1.0
1.0,0.93628675,1.0
0.0,0.002238687,0.0
1.0,0.99912745,1.0
1.0,0.9953774,1.0
1.0,0.99198544,1.0
0.0,0.6632551,1.0
0.0,0.19438602,0.0
0.0,0.5052267,1.0
0.0,0.20261997,0.0
1.0,0.9836997,1.0
0.0,0.07151707,0.0
0.0,0.10069179,0.0
1.0,0.8171018,1.0
1.0,0.973631,1.0
1.0,0.85501087,1.0
1.0,0.7359724,1.0
0.0,0.3674879,0.0
1.0,0.90008134,1.0
1.0,0.9973719,1.0
1.0,0.99257773,1.0
1.0,0.9452326,1.0
0.0,0.0075040124,0.0
1.0,0.99874794,1.0
1.0,0.8182201,1.0
0.0,0.48870832,0.0
1.0,0.84040445,1.0
1.0,0.88280785,1.0
1.0,0.4818186,0.0
1.0,0.21758418,0.0
1.0,0.62129384,1.0
1.0,0.9899997,1.0
1.0,0.84491587,1.0
1.0,0.27727383,0.0
1.0,0.98316735,1.0
1.0,0.9835541,1.0
1.0,0.9847075,1.0
1.0,0.5116945,1.0
1.0,0.9989875,1.0
0.0,0.31006584,0.0
1.0,0.9968471,1.0
1.0,0.97700477,1.0
0.0,0.54212904,1.0
0.0,0.036131002,0.0
0.0,0.028555783,0.0
0.0,0.0824925,0.0
1.0,0.56838554,1.0
0.0,0.37927106,0.0
0.0,0.15530147,0.0
0.0,0.072052024,0.0
1.0,0.9658224,1.0
1.0,0.9285629,1.0
0.0,0.7253435,1.0
1.0,0.99101263,1.0
0.0,0.30081463,0.0
0.0,0.21655183,0.0
0.0,0.20716952,0.0
1.0,0.99658954,1.0
1.0,0.93609536,1.0
1.0,0.317275,0.0
1.0,0.22620896,0.0
1.0,0.9899102,1.0
0.0,0.108440205,0.0
0.0,0.44854414,0.0
1.0,0.9974636,1.0
1.0,0.9361827,1.0
1.0,0.88039994,1.0
1.0,0.981486,1.0
1.0,0.70129925,1.0
1.0,0.997919,1.0
1.0,0.998425,1.0
0.0,0.18904124,0.0
0.0,0.112679735,0.0
0.0,0.0050223386,0.0
0.0,0.28986993,0.0
0.0,0.19717789,0.0
1.0,0.94023305,1.0
0.0,0.01953034,0.0
0.0,0.44211197,0.0
1.0,0.9118465,1.0
0.0,0.1630155,0.0
0.0,0.11757781,0.0
1.0,0.99623257,1.0
1.0,0.69577616,1.0
0.0,0.48312113,0.0
0.0,0.40078744,0.0
1.0,0.51861817,1.0
1.0,0.8616504,1.0
0.0,0.18322973,0.0
0.0,0.10112729,0.0
0.0,0.31575644,0.0
0.0,0.22090362,0.0
0.0,0.3170403,0.0
1.0,0.6605025,1.0
1.0,0.99763334,1.0
0.0,0.7869124,1.0
1.0,0.9950153,1.0
1.0,0.8145916,1.0
1.0,0.81691533,1.0
0.0,0.008239156,0.0
0.0,0.5656321,1.0
0.0,0.18526435,0.0
0.0,0.32929316,0.0
1.0,0.9676666,1.0
0.0,0.7959053,1.0
0.0,0.3462214,0.0
0.0,0.05192713,0.0
1.0,0.9485973,1.0
1.0,0.8920923,1.0
1.0,0.74336505,1.0
1.0,0.29227003,0.0
1.0,0.9703442,1.0
0.0,0.0045793015,0.0
1.0,0.5495407,1.0
0.0,0.64049083,1.0
0.0,0.08434564,0.0
1.0,0.8424249,1.0
0.0,0.2219216,0.0
0.0,0.09723858,0.0
1.0,0.35427955,0.0
1.0,0.80408055,1.0
1.0,0.98170954,1.0
0.0,0.004618093,0.0
0.0,0.12964769,0.0
0.0,0.16440806,0.0
0.0,0.08500368,0.0
1.0,0.99583554,1.0
0.0,0.11268957,0.0
0.0,0.0055100056,0.0
1.0,0.37702557,0.0
1.0,0.9875825,1.0
0.0,0.023381477,0.0
1.0,0.95981133,1.0
1.0,0.9820672,1.0
0.0,0.012476849,0.0
1.0,0.7440506,1.0
0.0,0.51921564,1.0
1.0,0.26663792,0.0
0.0,0.12872711,0.0
0.0,0.21744356,0.0
0.0,0.18292573,0.0
1.0,0.9902222,1.0
1.0,0.99678206,1.0
0.0,0.010943493,0.0
1.0,0.987223,1.0
1.0,0.71879417,1.0
0.0,0.056187633,0.0
0.0,0.26279593,0.0
1.0,0.91864645,1.0
0.0,0.21342674,0.0
1.0,0.8258489,1.0
0.0,0.02309964,0.0
1.0,0.95704985,1.0
0.0,0.056429513,0.0
1.0,0.95785713,1.0
1.0,0.9434224,1.0
1.0,0.99113536,1.0
0.0,0.015860217,0.0
0.0,0.2494297,0.0
1.0,0.9851188,1.0
0.0,0.4697977,0.0
1.0,0.98365146,1.0
1.0,0.11432135,0.0
0.0,0.032052606,0.0
1.0,0.9926878,1.0
1.0,0.9103745,1.0
1.0,0.9938245,1.0
0.0,0.3871018,0.0
1.0,0.6819048,1.0
0.0,0.45049027,0.0
0.0,0.5169467,1.0
1.0,0.9967583,1.0
0.0,0.15121637,0.0
1.0,0.67551047,1.0
1.0,0.5388901,1.0
0.0,0.78359944,1.0
1.0,0.9371583,1.0
0.0,0.09209895,0.0
0.0,0.03981642,0.0
0.0,0.60690457,1.0
0.0,0.42743915,0.0
1.0,0.91387784,1.0
0.0,0.14788096,0.0
1.0,0.9928268,1.0
1.0,0.9979044,1.0
0.0,0.0036783393,0.0
0.0,0.21225728,0.0
1.0,0.9318149,1.0
0.0,0.0035345743,0.0
1.0,0.51462156,1.0
1.0,0.99784446,1.0
0.0,0.1278029,0.0
1.0,0.99483514,1.0
0.0,0.025828188,0.0
1.0,0.9051232,1.0
1.0,0.9920799,1.0
0.0,0.014495294,0.0
1.0,0.99873155,1.0
0.0,0.003414591,0.0
0.0,0.08175863,0.0
1.0,0.7542581,1.0
0.0,0.0321561,0.0
0.0,0.55043715,1.0
1.0,0.9716683,1.0
1.0,0.99616337,1.0
1.0,0.9797894,1.0
0.0,0.3910412,0.0
1.0,0.9966127,1.0
0.0,0.033479556,0.0
1.0,0.9651401,1.0
0.0,0.26626408,0.0
0.0,0.1911679,0.0
1.0,0.96280843,1.0
0.0,0.02401858,0.0
1.0,0.9580278,1.0
1.0,0.8961033,1.0
0.0,0.0052989484,0.0
0.0,0.02538892,0.0
1.0,0.8664357,1.0
1.0,0.87951064,1.0
1.0,0.4763411,0.0
0.0,0.050594956,0.0
1.0,0.27071226,0.0
1.0,0.9980471,1.0
0.0,0.016978648,0.0
0.0,0.04194279,0.0
1.0,0.9479661,1.0
0.0,0.10866654,0.0
0.0,0.0232187,0.0
0.0,0.5830107,1.0
1.0,0.9427009,1.0
1.0,0.44402495,0.0
0.0,0.022153843,0.0
0.0,0.11513859,0.0
0.0,0.024444953,0.0
0.0,0.14215443,0.0
1.0,0.97560704,1.0
0.0,0.0050732093,0.0
1.0,0.8067787,1.0
1.0,0.9564924,1.0
0.0,0.16186401,0.0
1.0,0.9272148,1.0
1.0,0.27681285,0.0
1.0,0.99912554,1.0
0.0,0.31119305,0.0
0.0,0.21035624,0.0
0.0,0.12023722,0.0
0.0,0.5130587,1.0
1.0,0.9427148,1.0
1.0,0.76263434,1.0
0.0,0.0028581452,0.0
1.0,0.8349244,1.0
0.0,0.77776223,1.0
1.0,0.9003368,1.0
1.0,0.97416615,1.0
1.0,0.91588926,1.0
0.0,0.08535755,0.0
1.0,0.3113614,0.0
0.0,0.19555485,0.0
1.0,0.24486104,0.0
1.0,0.86851835,1.0
0.0,0.0069673574,0.0
0.0,0.34472227,0.0
0.0,0.017187113,0.0
0.0,0.1598126,0.0
0.0,0.21664447,0.0
0.0,0.23340034,0.0
0.0,0.009202298,0.0
1.0,0.99772924,1.0
0.0,0.47396317,0.0
0.0,0.02256226,0.0
0.0,0.6367739,1.0
1.0,0.15988329,0.0
1.0,0.604543,1.0
0.0,0.6975111,1.0
1.0,0.9981141,1.0
1.0,0.984874,1.0
1.0,0.96586734,1.0
0.0,0.14198746,0.0
1.0,0.74242973,1.0
1.0,0.5567097,1.0
0.0,0.7979598,1.0
0.0,0.16766919,0.0
1.0,0.99009925,1.0
1.0,0.959305,1.0
0.0,0.057774324,0.0
0.0,0.18083428,0.0
0.0,0.31651247,0.0
1.0,0.9176194,1.0
0.0,0.005766733,0.0
1.0,0.333613,0.0
0.0,0.1420927,0.0
0.0,0.09772971,0.0
0.0,0.07326703,0.0
0.0,0.013028936,0.0
1.0,0.59175235,1.0
0.0,0.4541733,0.0
0.0,0.012305729,0.0
0.0,0.40627033,0.0
1.0,0.2881512,0.0
0.0,0.27981773,0.0
1.0,0.9806291,1.0
1.0,0.907521,1.0
0.0,0.33859268,0.0
0.0,0.23669808,0.0
1.0,0.9739983,1.0
0.0,0.1725806,0.0
0.0,0.35618213,0.0
1.0,0.44229487,0.0
0.0,0.017421814,0.0
1.0,0.7532891,1.0
1.0,0.9852539,1.0
0.0,0.66321766,1.0
1.0,0.89385295,1.0
0.0,0.014294553,0.0
0.0,0.3550915,0.0
1.0,0.98640513,1.0
0.0,0.031562984,0.0
0.0,0.69540673,1.0
1.0,0.92464614,1.0
1.0,0.7708609,1.0
1.0,0.8111775,1.0
0.0,0.029019924,0.0
0.0,0.1483573,0.0
0.0,0.022478765,0.0
0.0,0.007496597,0.0
1.0,0.70053405,1.0
1.0,0.6079455,1.0
1.0,0.99406475,1.0
1.0,0.8762828,1.0
0.0,0.050390806,0.0
0.0,0.10415345,0.0
1.0,0.9950912,1.0
1.0,0.8931262,1.0
0.0,0.028474316,0.0
0.0,0.0059201205,0.0
1.0,0.20928997,0.0
1.0,0.9976858,1.0
0.0,0.004920082,0.0
1.0,0.69688237,1.0
0.0,0.09361335,0.0
1.0,0.9005852,1.0
0.0,0.18794967,0.0
0.0,0.003961465,0.0
0.0,0.017897058,0.0
0.0,0.086345494,0.0
0.0,0.012413529,0.0
0.0,0.05948293,0.0
1.0,0.79194605,1.0
1.0,0.9991696,1.0
0.0,0.07398518,0.0
0.0,0.20234464,0.0
0.0,0.07518751,0.0
0.0,0.10561682,0.0
0.0,0.538499,1.0
0.0,0.009192578,0.0
0.0,0.68974507,1.0
0.0,0.2759841,0.0
1.0,0.9319051,1.0
1.0,0.6253642,1.0
1.0,0.74318916,1.0
0.0,0.32222173,0.0
1.0,0.85757715,1.0
0.0,0.4605913,0.0
1.0,0.5987333,1.0
0.0,0.11888118,0.0
0.0,0.86648613,1.0
1.0,0.97143877,1.0
1.0,0.6936491,1.0
1.0,0.9840702,1.0
1.0,0.99614257,1.0
0.0,0.79329664,1.0
1.0,0.86680984,1.0
0.0,0.37151894,0.0
0.0,0.58276165,1.0
0.0,0.06333297,0.0
0.0,0.6409698,1.0
0.0,0.034015514,0.0
0.0,0.29885787,0.0
1.0,0.97532666,1.0
0.0,0.026157452,0.0
0.0,0.14681862,0.0
1.0,0.99267286,1.0
0.0,0.25223953,0.0
0.0,0.02868271,0.0
1.0,0.6712778,1.0
0.0,0.09336502,0.0
0.0,0.014289018,0.0
0.0,0.6240385,1.0
0.0,0.13397554,0.0
0.0,0.18381613,0.0
0.0,0.04929049,0.0
1.0,0.47513115,0.0
1.0,0.9841801,1.0
0.0,0.06385387,0.0
1.0,0.81502444,1.0
1.0,0.86728024,1.0
0.0,0.035650942,0.0
1.0,0.8193542,1.0
1.0,0.9578543,1.0
1.0,0.4336927,0.0
0.0,0.12211257,0.0
1.0,0.93026346,1.0
1.0,0.97365516,1.0
1.0,0.65780485,1.0
0.0,0.015345846,0.0
1.0,0.98493224,1.0
0.0,0.045414362,0.0
0.0,0.18986027,0.0
0.0,0.63443416,1.0
0.0,0.13970156,0.0
0.0,0.229494,0.0
0.0,0.036693368,0.0
0.0,0.07675323,0.0
0.0,0.07438397,0.0
1.0,0.998987,1.0
0.0,0.08848779,0.0
0.0,0.02712343,0.0
0.0,0.17527072,0.0
1.0,0.63902754,1.0
1.0,0.64012295,1.0
1.0,0.2098433,0.0
0.0,0.0061469153,0.0
0.0,0.026832264,0.0
0.0,0.11059042,0.0
0.0,0.25483325,0.0
0.0,0.8829795,1.0
1.0,0.69679755,1.0
1.0,0.8417469,1.0
0.0,0.028791612,0.0
0.0,0.34663606,0.0
1.0,0.98430276,1.0
0.0,0.75072396,1.0
1.0,0.9954873,1.0
1.0,0.42772982,0.0
1.0,0.92278457,1.0
1.0,0.92535156,1.0
1.0,0.98345435,1.0
0.0,0.24498667,0.0
0.0,0.025539314,0.0
1.0,0.9979907,1.0
1.0,0.9576991,1.0
0.0,0.4339475,0.0
0.0,0.059349377,0.0
1.0,0.9786119,1.0
1.0,0.9956381,1.0
0.0,0.002332953,0.0
0.0,0.1355676,0.0
0.0,0.08807223,0.0
0.0,0.37822622,0.0
0.0,0.32049972,0.0
1.0,0.8838097,1.0
0.0,0.3643792,0.0
0.0,0.04972789,0.0
1.0,0.77744615,1.0
0.0,0.031192662,0.0
1.0,0.47321332,0.0
0.0,0.18909897,0.0
0.0,0.21833052,0.0
1.0,0.984649,1.0
1.0,0.9308973,1.0
1.0,0.8217403,1.0
1.0,0.86253774,1.0
1.0,0.9580711,1.0
1.0,0.9222216,1.0
0.0,0.24025275,0.0
1.0,0.99520135,1.0
0.0,0.1944853,0.0
0.0,0.07358259,0.0
0.0,0.22041994,0.0
1.0,0.9843881,1.0
1.0,0.9204119,1.0
1.0,0.9907836,1.0
0.0,0.026036508,0.0
1.0,0.7925614,1.0
1.0,0.74773175,1.0
0.0,0.003942288,0.0
0.0,0.03697135,0.0
1.0,0.088748366,0.0
0.0,0.17596792,0.0
0.0,0.21581055,0.0
0.0,0.09828952,0.0
0.0,0.62383723,1.0
0.0,0.2624392,0.0
0.0,0.0869415,0.0
1.0,0.16680458,0.0
0.0,0.79281133,1.0
0.0,0.045098655,0.0
0.0,0.013180767,0.0
1.0,0.993954,1.0
0.0,0.048906818,0.0
1.0,0.107126854,0.0
0.0,0.0074048364,0.0
1.0,0.9807726,1.0
1.0,0.36406404,0.0
1.0,0.8927458,1.0
0.0,0.09301234,0.0
1.0,0.6199456,1.0
0.0,0.21706116,0.0
1.0,0.9977617,1.0
1.0,0.7177186,1.0
0.0,0.0070191803,0.0
1.0,0.9414655,1.0
0.0,0.3134602,0.0
1.0,0.45431733,0.0
0.0,0.07776672,0.0
0.0,0.069697365,0.0
0.0,0.040129997,0.0
1.0,0.7926534,1.0
0.0,0.3321926,0.0
1.0,0.99753714,1.0
0.0,0.4315215,0.0
1.0,0.26621246,0.0
1.0,0.51942635,1.0
0.0,0.6179104,1.0
1.0,0.99401397,1.0
0.0,0.81184125,1.0
0.0,0.0078063468,0.0
1.0,0.8390967,1.0
0.0,0.043882705,0.0
1.0,0.9922994,1.0
1.0,0.98268384,1.0
0.0,0.27879122,0.0
1.0,0.7629775,1.0
1.0,0.93313414,1.0
0.0,0.013513536,0.0
0.0,0.30526805,0.0
1.0,0.9201315,1.0
1.0,0.99616015,1.0
0.0,0.05317121,0.0
1.0,0.9723374,1.0
1.0,0.5986698,1.0
0.0,0.09319134,0.0
1.0,0.23663488,0.0
0.0,0.401603,0.0
0.0,0.093124576,0.0
1.0,0.92330366,1.0
0.0,0.06369318,0.0
1.0,0.77945596,1.0
1.0,0.9589003,1.0
1.0,0.95498735,1.0
1.0,0.83788717,1.0
1.0,0.92410606,1.0
0.0,0.1507965,0.0
0.0,0.7354599,1.0
0.0,0.10729489,0.0
1.0,0.58546346,1.0
1.0,0.97302026,1.0
1.0,0.7611993,1.0
1.0,0.9836838,1.0
1.0,0.9934366,1.0
0.0,0.174742,0.0
0.0,0.5126752,1.0
0.0,0.045642313,0.0
1.0,0.99928963,1.0
1.0,0.99378294,1.0
1.0,0.9599527,1.0
1.0,0.9621123,1.0
0.0,0.6049072,1.0
0.0,0.47152522,0.0
1.0,0.9936373,1.0
1.0,0.42427143,0.0
0.0,0.033690713,0.0
0.0,0.34111145,0.0
1.0,0.9833829,1.0
0.0,0.06960893,0.0
0.0,0.6055202,1.0
1.0,0.9986964,1.0
0.0,0.017267682,0.0
1.0,0.9940923,1.0
1.0,0.34011382,0.0
1.0,0.24776484,0.0
1.0,0.69681376,1.0
1.0,0.48172113,0.0
0.0,0.8322155,1.0
0.0,0.1619435,0.0
1.0,0.99583095,1.0
0.0,0.15335044,0.0
0.0,0.4728265,0.0
0.0,0.20009823,0.0
1.0,0.9934528,1.0
1.0,0.9246084,1.0
0.0,0.07642629,0.0
1.0,0.81704247,1.0
1.0,0.99581486,1.0
1.0,0.97356987,1.0
0.0,0.15559587,0.0
0.0,0.018378984,0.0
1.0,0.902605,1.0
0.0,0.10777827,0.0
1.0,0.98613644,1.0
0.0,0.07295416,0.0
0.0,0.04191044,0.0
0.0,0.03265422,0.0
1.0,0.993009,1.0
0.0,0.19364293,0.0
0.0,0.07585928,0.0
1.0,0.8735378,1.0
1.0,0.61192304,1.0
0.0,0.0123699475,0.0
0.0,0.19252703,0.0
0.0,0.07762593,0.0
1.0,0.7573655,1.0
1.0,0.9927406,1.0
0.0,0.022203762,0.0
0.0,0.79573756,1.0
0.0,0.045299187,0.0
1.0,0.99455523,1.0
0.0,0.013499902,0.0
0.0,0.0977055,0.0
0.0,0.037530728,0.0
0.0,0.3385179,0.0
1.0,0.86753017,1.0
1.0,0.9807643,1.0
0.0,0.04344226,0.0
0.0,0.30519152,0.0
1.0,0.7854369,1.0
0.0,0.28730908,0.0
1.0,0.91846853,1.0
0.0,0.40071553,0.0
0.0,0.55941963,1.0
0.0,0.039994862,0.0
1.0,0.91748375,1.0
1.0,0.9993461,1.0
1.0,0.87282085,1.0
0.0,0.01213596,0.0
1.0,0.97988987,1.0
1.0,0.97159946,1.0
0.0,0.052998796,0.0
0.0,0.004919333,0.0
1.0,0.9987024,1.0
0.0,0.03266501,0.0
1.0,0.99884963,1.0
0.0,0.099259876,0.0
0.0,0.48405614,0.0
1.0,0.75268984,1.0
0.0,0.011681658,0.0
0.0,0.009641668,0.0
0.0,0.15695654,0.0
1.0,0.66297704,1.0
0.0,0.5595583,1.0
0.0,0.087117605,0.0
1.0,0.68362087,1.0
1.0,0.9754871,1.0
0.0,0.2168312,0.0
0.0,0.06824918,0.0
0.0,0.09094847,0.0
1.0,0.9887503,1.0
0.0,0.15892139,0.0
0.0,0.3067059,0.0
1.0,0.5970829,1.0
0.0,0.03241372,0.0
1.0,0.9908325,1.0
0.0,0.8245707,1.0
0.0,0.052789267,0.0
1.0,0.94086623,1.0
1.0,0.95267355,1.0
0.0,0.8200389,1.0
0.0,0.59983605,1.0
0.0,0.2968251,0.0
1.0,0.62272,1.0
1.0,0.21047181,0.0
0.0,0.08470405,0.0
1.0,0.95359445,1.0
0.0,0.2980753,0.0
0.0,0.7874113,1.0
0.0,0.4351203,0.0
1.0,0.9942714,1.0
0.0,0.13468911,0.0
0.0,0.012055619,0.0
1.0,0.90365666,1.0
0.0,0.20368946,0.0
1.0,0.30193904,0.0
1.0,0.98278654,1.0
0.0,0.043169517,0.0
0.0,0.27847978,0.0
1.0,0.8513986,1.0
0.0,0.31156778,0.0
0.0,0.59447193,1.0
1.0,0.80988836,1.0
0.0,0.19636545,0.0
0.0,0.021864865,0.0
1.0,0.96908015,1.0
0.0,0.01121883,0.0
0.0,0.22135764,0.0
0.0,0.002222862,0.0
0.0,0.1454863,0.0
0.0,0.727101,1.0
0.0,0.035134844,0.0
0.0,0.06261329,0.0
1.0,0.9936627,1.0
0.0,0.27897543,0.0
0.0,0.02561607,0.0
1.0,0.22851703,0.0
1.0,0.97534853,1.0
1.0,0.9263884,1.0
0.0,0.675459,1.0
0.0,0.3638277,0.0
0.0,0.84938645,1.0
0.0,0.4391997,0.0
1.0,0.99822205,1.0
0.0,0.64283085,1.0
0.0,0.2053255,0.0
1.0,0.9971661,1.0
0.0,0.18680717,0.0
1.0,0.9340958,1.0
1.0,0.9763229,1.0
1.0,0.99174577,1.0
1.0,0.8193271,1.0
1.0,0.9925088,1.0
1.0,0.53492165,1.0
1.0,0.9898637,1.0
1.0,0.99211615,1.0
1.0,0.71149915,1.0
0.0,0.5079313,1.0
1.0,0.9843268,1.0
0.0,0.008052384,0.0
1.0,0.4910973,0.0
1.0,0.9899184,1.0
0.0,0.29083347,0.0
0.0,0.29944527,0.0
1.0,0.92478967,1.0
0.0,0.5243139,1.0
0.0,0.47252905,0.0
0.0,0.006450046,0.0
0.0,0.05111796,0.0
1.0,0.9588338,1.0
0.0,0.60165936,1.0
1.0,0.2968289,0.0
0.0,0.0057565747,0.0
1.0,0.24727674,0.0
0.0,0.5402982,1.0
0.0,0.08600999,0.0
0.0,0.024104273,0.0
1.0,0.95914674,1.0
0.0,0.13328724,0.0
0.0,0.64416385,1.0
1.0,0.9856009,1.0
0.0,0.41986173,0.0
0.0,0.1641272,0.0
1.0,0.98653966,1.0
1.0,0.9981567,1.0
0.0,0.28302383,0.0
0.0,0.12583303,0.0
0.0,0.23908557,0.0
0.0,0.0069206236,0.0
0.0,0.10906728,0.0
0.0,0.07730068,0.0
0.0,0.47593135,0.0
1.0,0.981814,1.0
1.0,0.92502695,1.0
0.0,0.5870102,1.0
1.0,0.4533911,0.0
1.0,0.7639703,1.0
1.0,0.35511225,0.0
0.0,0.42520744,0.0
0.0,0.7102698,1.0
0.0,0.3422046,0.0
1.0,0.9261421,1.0
1.0,0.86779636,1.0
0.0,0.4214332,0.0
1.0,0.5517898,1.0
0.0,0.013311099,0.0
0.0,0.19479677,0.0
1.0,0.9871682,1.0
1.0,0.983198,1.0
0.0,0.01402082,0.0
0.0,0.095086284,0.0
0.0,0.01626759,0.0
1.0,0.95320344,1.0
1.0,0.96719724,1.0
0.0,0.038560215,0.0
0.0,0.011186635,0.0
1.0,0.90935314,1.0
0.0,0.29788345,0.0
1.0,0.46908438,0.0
1.0,0.9462821,1.0
1.0,0.63172185,1.0
1.0,0.99626106,1.0
1.0,0.22561002,0.0
0.0,0.6985244,1.0
1.0,0.99646854,1.0
0.0,0.63743156,1.0
1.0,0.9873853,1.0
1.0,0.9988613,1.0
0.0,0.27396262,0.0
1.0,0.9991117,1.0
1.0,0.9597785,1.0
1.0,0.7508502,1.0
0.0,0.006949515,0.0
0.0,0.012565871,0.0
1.0,0.9913531,1.0
1.0,0.9982664,1.0
0.0,0.15657698,0.0
0.0,0.4255157,0.0
1.0,0.22690615,0.0
1.0,0.82128173,1.0
1.0,0.9901668,1.0
1.0,0.37572387,0.0
1.0,0.67467237,1.0
1.0,0.9940189,1.0
1.0,0.9130158,1.0
1.0,0.9993624,1.0
0.0,0.13167423,0.0
0.0,0.76228195,1.0
0.0,0.064376794,0.0
0.0,0.20736419,0.0
0.0,0.011021691,0.0
0.0,0.038772993,0.0
0.0,0.04491807,0.0
1.0,0.95934963,1.0
1.0,0.18153255,0.0
1.0,0.95706457,1.0
1.0,0.6390244,1.0
0.0,0.23017357,0.0
1.0,0.5877729,1.0
1.0,0.9970438,1.0
0.0,0.07833703,0.0
0.0,0.041901257,0.0
0.0,0.005647979,0.0
0.0,0.4166934,0.0
1.0,0.0981291,0.0
0.0,0.20372187,0.0
1.0,0.42059004,0.0
0.0,0.10130524,0.0
0.0,0.26981688,0.0
1.0,0.5328681,1.0
0.0,0.028556079,0.0
0.0,0.2205354,0.0
0.0,0.26341757,0.0
0.0,0.29122704,0.0
0.0,0.4364334,0.0
0.0,0.10283231,0.0
0.0,0.14518039,0.0
1.0,0.89246756,1.0
1.0,0.4084428,0.0
1.0,0.13454452,0.0
0.0,0.51323766,1.0
1.0,0.98939705,1.0
1.0,0.94380724,1.0
0.0,0.46515247,0.0
1.0,0.7598456,1.0
1.0,0.9981013,1.0
1.0,0.98961955,1.0
0.0,0.2823471,0.0
0.0,0.63480663,1.0
0.0,0.015353644,0.0
0.0,0.05546317,0.0
0.0,0.3069729,0.0
1.0,0.960508,1.0
1.0,0.9257964,1.0
0.0,0.4445935,0.0
0.0,0.020239146,0.0
0.0,0.011231181,0.0
0.0,0.77286327,1.0
1.0,0.73016405,1.0
0.0,0.5396867,1.0
1.0,0.41878128,0.0
1.0,0.9637525,1.0
0.0,0.023482272,0.0
0.0,0.26162022,0.0
1.0,0.9762755,1.0
1.0,0.24899507,0.0
1.0,0.5105645,1.0
1.0,0.9738316,1.0
0.0,0.43291795,0.0
1.0,0.8996592,1.0
1.0,0.9911752,1.0
0.0,0.18802643,0.0
0.0,0.20251147,0.0
1.0,0.94963485,1.0
0.0,0.06071759,0.0
1.0,0.97724366,1.0
0.0,0.013865408,0.0
1.0,0.8183204,1.0
1.0,0.7432167,1.0
0.0,0.084648885,0.0
0.0,0.24177223,0.0
1.0,0.8812104,1.0
1.0,0.43552384,0.0
1.0,0.9302551,1.0
0.0,0.4241028,0.0
0.0,0.08335546,0.0
1.0,0.7430338,1.0
0.0,0.04522297,0.0
1.0,0.9840821,1.0
1.0,0.5567866,1.0
1.0,0.88008404,1.0
0.0,0.07127161,0.0
1.0,0.52932715,1.0
0.0,0.00551005,0.0
1.0,0.83437896,1.0
0.0,0.42872423,0.0
0.0,0.24166952,0.0
1.0,0.9946203,1.0
1.0,0.96746504,1.0
1.0,0.9984327,1.0
0.0,0.38990688,0.0
0.0,0.19993009,0.0
1.0,0.3327105,0.0
0.0,0.07483471,0.0
1.0,0.9869752,1.0
1.0,0.971456,1.0
1.0,0.9902654,1.0
1.0,0.025936231,0.0
0.0,0.32701653,0.0
0.0,0.082826436,0.0
1.0,0.8432234,1.0
1.0,0.9928496,1.0
1.0,0.5098943,1.0
0.0,0.8507055,1.0
0.0,0.011625243,0.0
1.0,0.91614187,1.0
0.0,0.89816695,1.0
0.0,0.32725382,0.0
0.0,0.2777676,0.0
0.0,0.003868461,0.0
0.0,0.037035782,0.0
0.0,0.042370036,0.0
0.0,0.040824115,0.0
0.0,0.36363623,0.0
0.0,0.192531,0.0
1.0,0.9915701,1.0
0.0,0.08652214,0.0
0.0,0.45404676,0.0
0.0,0.35548174,0.0
0.0,0.01792211,0.0
0.0,0.0061450894,0.0
0.0,0.19131973,0.0
1.0,0.30525473,0.0
1.0,0.9762867,1.0
1.0,0.9573431,1.0
0.0,0.19984852,0.0
1.0,0.21026781,0.0
1.0,0.6704195,1.0
1.0,0.97792006,1.0
0.0,0.45155337,0.0
0.0,0.3874582,0.0
0.0,0.18548252,0.0
0.0,0.7430638,1.0
1.0,0.49544656,0.0
1.0,0.46282533,0.0
0.0,0.06761515,0.0
0.0,0.43674794,0.0
1.0,0.8009767,1.0
1.0,0.40226457,0.0
0.0,0.35991678,0.0
0.0,0.2957184,0.0
0.0,0.41994706,0.0
0.0,0.013138139,0.0
0.0,0.16962558,0.0
0.0,0.11735654,0.0
1.0,0.31569716,0.0
0.0,0.026408257,0.0
0.0,0.018163862,0.0
0.0,0.00754508,0.0
0.0,0.0025464091,0.0
1.0,0.99075246,1.0
1.0,0.94525564,1.0
1.0,0.83360076,1.0
0.0,0.0044781608,0.0
0.0,0.3863612,0.0
1.0,0.99805427,1.0
1.0,0.04338717,0.0
0.0,0.014565629,0.0
1.0,0.99609876,1.0
1.0,0.8937403,1.0
1.0,0.8306949,1.0
1.0,0.19868504,0.0
1.0,0.9964401,1.0
0.0,0.09937223,0.0
1.0,0.98412806,1.0
0.0,0.06793864,0.0
0.0,0.026124919,0.0
1.0,0.67967594,1.0
1.0,0.9452216,1.0
0.0,0.40919024,0.0
1.0,0.76082456,1.0
0.0,0.012495677,0.0
0.0,0.3797866,0.0
1.0,0.98021024,1.0
0.0,0.029877635,0.0
1.0,0.9710684,1.0
0.0,0.03190256,0.0
1.0,0.82141656,1.0
0.0,0.23532347,0.0
1.0,0.8956785,1.0
1.0,0.9895174,1.0
0.0,0.038863268,0.0
0.0,0.22084272,0.0
0.0,0.10536596,0.0
0.0,0.38802138,0.0
1.0,0.85541284,1.0
1.0,0.4719452,0.0
1.0,0.8406865,1.0
0.0,0.007895592,0.0
1.0,0.11844525,0.0
0.0,0.08036485,0.0
1.0,0.54842144,1.0
0.0,0.30523032,0.0
0.0,0.20234433,0.0
0.0,0.028077012,0.0
1.0,0.9984957,1.0
1.0,0.78903425,1.0
1.0,0.9468162,1.0
1.0,0.63419884,1.0
1.0,0.96201015,1.0
1.0,0.9994579,1.0
0.0,0.29508537,0.0
0.0,0.020587517,0.0
0.0,0.94729906,1.0
1.0,0.88020545,1.0
0.0,0.0071677547,0.0
1.0,0.94104177,1.0
1.0,0.944434,1.0
0.0,0.11186289,0.0
1.0,0.6445125,1.0
1.0,0.44564748,0.0
1.0,0.3072014,0.0
0.0,0.6115224,1.0
0.0,0.60232663,1.0
0.0,0.6546592,1.0
0.0,0.2424036,0.0
0.0,0.22105981,0.0
0.0,0.15641364,0.0
1.0,0.37769535,0.0
1.0,0.76737577,1.0
1.0,0.5309432,1.0
1.0,0.9454145,1.0
0.0,0.6305381,1.0
1.0,0.45855975,0.0
0.0,0.16507469,0.0
1.0,0.9735121,1.0
0.0,0.12558043,0.0
0.0,0.19756044,0.0
0.0,0.013467636,0.0
0.0,0.17207015,0.0
1.0,0.15812059,0.0
1.0,0.78634435,1.0
0.0,0.022979526,0.0
1.0,0.9140415,1.0
0.0,0.05340934,0.0
1.0,0.82038194,1.0
1.0,0.7540005,1.0
0.0,0.0961065,0.0
0.0,0.05368038,0.0
0.0,0.17721663,0.0
0.0,0.3573484,0.0
0.0,0.08339461,0.0
0.0,0.3192448,0.0
0.0,0.5362186,1.0
0.0,0.014797881,0.0
1.0,0.9578467,1.0
1.0,0.96249336,1.0
1.0,0.8610283,1.0
0.0,0.0862098,0.0
0.0,0.3527046,0.0
1.0,0.9983741,1.0
0.0,0.3451159,0.0
1.0,0.6831101,1.0
1.0,0.9754742,1.0
0.0,0.055415753,0.0
1.0,0.3949969,0.0
1.0,0.9949291,1.0
0.0,0.17874148,0.0
1.0,0.7739108,1.0
0.0,0.0032202855,0.0
0.0,0.17674085,0.0
0.0,0.006747152,0.0
0.0,0.01918523,0.0
0.0,0.024471724,0.0
0.0,0.08525055,0.0
1.0,0.94441366,1.0
1.0,0.961142,1.0
0.0,0.115859695,0.0
0.0,0.44096196,0.0
0.0,0.2752664,0.0
0.0,0.02308603,0.0
0.0,0.46014506,0.0
1.0,0.88013434,1.0
0.0,0.6218796,1.0
1.0,0.36199012,0.0
0.0,0.04391898,0.0
0.0,0.05418818,0.0
1.0,0.61838144,1.0
0.0,0.074386135,0.0
1.0,0.44412118,0.0
0.0,0.33481646,0.0
0.0,0.30447072,0.0
0.0,0.6887761,1.0
1.0,0.953521,1.0
1.0,0.99324095,1.0
0.0,0.39828935,0.0
0.0,0.3331008,0.0
0.0,0.050867435,0.0
0.0,0.28790197,0.0
1.0,0.89314973,1.0
1.0,0.9791099,1.0
0.0,0.49412838,0.0
0.0,0.04699759,0.0
1.0,0.9991241,1.0
1.0,0.7836292,1.0
0.0,0.19072235,0.0
0.0,0.3085263,0.0
0.0,0.079351775,0.0
1.0,0.81271887,1.0
0.0,0.02977667,0.0
0.0,0.57092655,1.0
0.0,0.6213735,1.0
0.0,0.07443552,0.0
0.0,0.37692124,0.0
0.0,0.09592431,0.0
0.0,0.3305964,0.0
1.0,0.45376635,0.0
1.0,0.18576111,0.0
1.0,0.9837863,1.0
0.0,0.010219718,0.0
1.0,0.071412325,0.0
1.0,0.99902785,1.0
1.0,0.99044096,1.0
1.0,0.986801,1.0
0.0,0.19185272,0.0
0.0,0.08649012,0.0
0.0,0.5581812,1.0
0.0,0.36136353,0.0
1.0,0.5858437,1.0
1.0,0.99895835,1.0
0.0,0.0603502,0.0
1.0,0.91366774,1.0
1.0,0.34646538,0.0
1.0,0.6554787,1.0
0.0,0.060520988,0.0
0.0,0.12037769,0.0
1.0,0.9473008,1.0
1.0,0.485341,0.0
1.0,0.8473617,1.0
1.0,0.99075764,1.0
0.0,0.09864509,0.0
1.0,0.93482363,1.0
1.0,0.9270066,1.0
0.0,0.54069734,1.0
1.0,0.38824588,0.0
0.0,0.008450772,0.0
0.0,0.2787063,0.0
0.0,0.07835621,0.0
1.0,0.9898032,1.0
1.0,0.9954425,1.0
1.0,0.88490385,1.0
0.0,0.09346327,0.0
0.0,0.18449463,0.0
0.0,0.24833816,0.0
0.0,0.392852,0.0
1.0,0.9639716,1.0
0.0,0.17490397,0.0
1.0,0.74795586,1.0
0.0,0.13741061,0.0
1.0,0.98390436,1.0
0.0,0.9557662,1.0
0.0,0.24001317,0.0
1.0,0.71662384,1.0
0.0,0.09800462,0.0
0.0,0.25794402,0.0
1.0,0.9313949,1.0
0.0,0.34686792,0.0
1.0,0.719386,1.0
0.0,0.32758474,0.0
1.0,0.96845084,1.0
1.0,0.8280931,1.0
1.0,0.97738636,1.0
1.0,0.9983494,1.0
1.0,0.93126637,1.0
0.0,0.4129703,0.0
0.0,0.3389163,0.0
0.0,0.109027125,0.0
1.0,0.28818426,0.0
1.0,0.8066681,1.0
1.0,0.992516,1.0
0.0,0.04002208,0.0
1.0,0.7151905,1.0
1.0,0.7886707,1.0
0.0,0.010468528,0.0
0.0,0.005977598,0.0
1.0,0.7821596,1.0
0.0,0.3112875,0.0
1.0,0.44156778,0.0
1.0,0.15790175,0.0
1.0,0.9928669,1.0
0.0,0.0150115825,0.0
1.0,0.9897725,1.0
0.0,0.08455328,0.0
1.0,0.9656123,1.0
0.0,0.060270645,0.0
1.0,0.9934098,1.0
0.0,0.0674839,0.0
0.0,0.046193685,0.0
0.0,0.16852796,0.0
0.0,0.33334568,0.0
0.0,0.26481596,0.0
0.0,0.007079032,0.0
0.0,0.100171246,0.0
0.0,0.07061961,0.0
0.0,0.24426371,0.0
1.0,0.97391486,1.0
1.0,0.94592196,1.0
1.0,0.99953806,1.0
0.0,0.018027918,0.0
0.0,0.33181944,0.0
1.0,0.5583294,1.0
0.0,0.9796474,1.0
0.0,0.9237753,1.0
0.0,0.054156393,0.0
1.0,0.6049375,1.0
1.0,0.29719928,0.0
1.0,0.9259837,1.0
1.0,0.5576031,1.0
0.0,0.0368147,0.0
0.0,0.019030878,0.0
0.0,0.05766243,0.0
0.0,0.08645401,0.0
1.0,0.8535182,1.0
1.0,0.96595275,1.0
1.0,0.9931217,1.0
1.0,0.966931,1.0
1.0,0.56645226,1.0
0.0,0.23188072,0.0
1.0,0.8159023,1.0
1.0,0.8800064,1.0
0.0,0.17691272,0.0
1.0,0.9905241,1.0
0.0,0.08798325,0.0
0.0,0.09734189,0.0
0.0,0.2068663,0.0
0.0,0.034406714,0.0
0.0,0.016029358,0.0
1.0,0.47135007,0.0
1.0,0.9383743,1.0
0.0,0.022922017,0.0
1.0,0.7774489,1.0
1.0,0.6461474,1.0
0.0,0.013415165,0.0
0.0,0.4504393,0.0
1.0,0.8606189,1.0
1.0,0.5645584,1.0
0.0,0.0073261242,0.0
0.0,0.033712212,0.0
1.0,0.9837552,1.0
0.0,0.9391989,1.0
0.0,0.025262967,0.0
0.0,0.0040553045,0.0
1.0,0.9945669,1.0
1.0,0.7177091,1.0
0.0,0.17455178,0.0
0.0,0.022311807,0.0
1.0,0.33297694,0.0
0.0,0.045154832,0.0
1.0,0.9757734,1.0
0.0,0.64652646,1.0
1.0,0.8865637,1.0
1.0,0.46400017,0.0
1.0,0.18857959,0.0
1.0,0.686792,1.0
1.0,0.97138196,1.0
0.0,0.0045182994,0.0
0.0,0.2765578,0.0
1.0,0.34925732,0.0
0.0,0.15693346,0.0
0.0,0.43436176,0.0
0.0,0.51855665,1.0
0.0,0.089767165,0.0
0.0,0.73457634,1.0
0.0,0.054848347,0.0
0.0,0.73187935,1.0
0.0,0.10172839,0.0
0.0,0.42082557,0.0
1.0,0.9817447,1.0
1.0,0.98596394,1.0
0.0,0.461647,0.0
1.0,0.8294693,1.0
0.0,0.062893644,0.0
0.0,0.0414652,0.0
0.0,0.3804422,0.0
0.0,0.04888157,0.0
0.0,0.09550491,0.0
0.0,0.8796368,1.0
0.0,0.03365176,0.0
0.0,0.34541148,0.0
0.0,0.08147781,0.0
0.0,0.013514992,0.0
1.0,0.99483204,1.0
1.0,0.9451745,1.0
0.0,0.11941774,0.0
1.0,0.9980698,1.0
1.0,0.9870516,1.0
1.0,0.98099995,1.0
1.0,0.717423,1.0
0.0,0.10438008,0.0
0.0,0.25231946,0.0
1.0,0.9720052,1.0
1.0,0.9972453,1.0
0.0,0.008586159,0.0
0.0,0.053765643,0.0
1.0,0.634681,1.0
1.0,0.38554287,0.0
0.0,0.4317364,0.0
0.0,0.02701296,0.0
1.0,0.90037584,1.0
0.0,0.31877398,0.0
0.0,0.5847525,1.0
1.0,0.2584662,0.0
0.0,0.069151685,0.0
0.0,0.19727786,0.0
1.0,0.9804596,1.0
0.0,0.03727864,0.0
1.0,0.98577315,1.0
0.0,0.14695589,0.0
0.0,0.44588634,0.0
1.0,0.9630745,1.0
1.0,0.94810474,1.0
0.0,0.013361068,0.0
1.0,0.6279846,1.0
0.0,0.055747624,0.0
1.0,0.5556265,1.0
0.0,0.053192303,0.0
0.0,0.026966432,0.0
1.0,0.99212146,1.0
0.0,0.5206413,1.0
0.0,0.2738216,0.0
0.0,0.010724492,0.0
1.0,0.9566889,1.0
0.0,0.19818561,0.0
0.0,0.2902875,0.0
1.0,0.99381566,1.0
0.0,0.50107926,1.0
0.0,0.49567786,0.0
0.0,0.22577761,0.0
1.0,0.99915683,1.0
0.0,0.36243188,0.0
1.0,0.86029935,1.0
0.0,0.049880974,0.0
0.0,0.0025682857,0.0
0.0,0.20538773,0.0
0.0,0.027943159,0.0
0.0,0.02330685,0.0
1.0,0.3359225,0.0
1.0,0.9961583,1.0
1.0,0.8043548,1.0
0.0,0.26319164,0.0
1.0,0.99412966,1.0
0.0,0.30200842,0.0
0.0,0.7513043,1.0
1.0,0.95223093,1.0
1.0,0.6812758,1.0
0.0,0.051291835,0.0
1.0,0.98406917,1.0
0.0,0.01979051,0.0
1.0,0.97354436,1.0
1.0,0.787397,1.0
0.0,0.043440882,0.0
0.0,0.02007103,0.0
0.0,0.08077189,0.0
0.0,0.09579153,0.0
0.0,0.4690652,0.0
0.0,0.047844768,0.0
1.0,0.9897837,1.0
0.0,0.26627716,0.0
1.0,0.8896692,1.0
1.0,0.99509096,1.0
1.0,0.97625107,1.0
0.0,0.30901408,0.0
0.0,0.13738073,0.0
0.0,0.05013554,0.0
0.0,0.1882343,0.0
0.0,0.052645035,0.0
1.0,0.99641705,1.0
1.0,0.69777435,1.0
0.0,0.07504374,0.0
0.0,0.7292538,1.0
1.0,0.9950597,1.0
0.0,0.12526992,0.0
1.0,0.8019947,1.0
0.0,0.5709443,1.0
0.0,0.5020274,1.0
1.0,0.9502803,1.0
1.0,0.5367552,1.0
1.0,0.9827874,1.0
1.0,0.9347403,1.0
0.0,0.17869532,0.0
0.0,0.65305424,1.0
0.0,0.43989328,0.0
1.0,0.84465736,1.0
0.0,0.131838,0.0
1.0,0.9919429,1.0
0.0,0.2588656,0.0
1.0,0.18575057,0.0
1.0,0.53724086,1.0
0.0,0.0053351275,0.0
0.0,0.04007546,0.0
0.0,0.014064573,0.0
0.0,0.0773396,0.0
0.0,0.2035883,0.0
1.0,0.99882394,1.0
0.0,0.003283019,0.0
0.0,0.06352572,0.0
1.0,0.92127866,1.0
1.0,0.99846494,1.0
1.0,0.98457205,1.0
1.0,0.9786733,1.0
1.0,0.99744594,1.0
1.0,0.5002918,1.0
1.0,0.6708394,1.0
0.0,0.11186868,0.0
0.0,0.3537849,0.0
1.0,0.9890709,1.0
0.0,0.49229014,0.0
1.0,0.97433585,1.0
1.0,0.8646556,1.0
0.0,0.1990929,0.0
0.0,0.22018512,0.0
0.0,0.2043493,0.0
0.0,0.37606704,0.0
1.0,0.99757737,1.0
0.0,0.01167414,0.0
1.0,0.9017878,1.0
0.0,0.26065317,0.0
1.0,0.5284015,1.0
0.0,0.28652495,0.0
0.0,0.2967822,0.0
1.0,0.9985726,1.0
1.0,0.9696591,1.0
1.0,0.3871442,0.0
1.0,0.9659373,1.0
0.0,0.37022734,0.0
1.0,0.9842539,1.0
0.0,0.18988504,0.0
0.0,0.47117418,0.0
0.0,0.014730303,0.0
0.0,0.016494084,0.0
0.0,0.003425203,0.0
1.0,0.6157835,1.0
1.0,0.66143894,1.0
0.0,0.050491497,0.0
1.0,0.14638153,0.0
0.0,0.11309757,0.0
1.0,0.99348336,1.0
1.0,0.95307624,1.0
0.0,0.5296552,1.0
1.0,0.95506084,1.0
0.0,0.18065895,0.0
0.0,0.5849293,1.0
1.0,0.93531203,1.0
0.0,0.027709676,0.0
0.0,0.038986612,0.0
1.0,0.9409528,1.0
0.0,0.04667572,0.0
0.0,0.39043427,0.0
1.0,0.670079,1.0
1.0,0.33630815,0.0
1.0,0.7942291,1.0
0.0,0.18827224,0.0
1.0,0.20334871,0.0
0.0,0.30405846,0.0
0.0,0.36786374,0.0
1.0,0.89900005,1.0
0.0,0.3207923,0.0
0.0,0.087569155,0.0
1.0,0.976789,1.0
0.0,0.09631054,0.0
0.0,0.4468499,0.0
1.0,0.2721961,0.0
0.0,0.13630736,0.0
1.0,0.38209274,0.0
1.0,0.9588517,1.0
0.0,0.015846388,0.0
0.0,0.019968446,0.0
0.0,0.16221873,0.0
1.0,0.9247136,1.0
1.0,0.9944819,1.0
1.0,0.99935645,1.0
0.0,0.11979323,0.0
0.0,0.24033675,0.0
0.0,0.56853473,1.0
1.0,0.9837384,1.0
0.0,0.105161674,0.0
0.0,0.090095356,0.0
0.0,0.01649468,0.0
0.0,0.31699237,0.0
0.0,0.11394449,0.0
1.0,0.582627,1.0
1.0,0.8745289,1.0
1.0,0.954505,1.0
0.0,0.04171243,0.0
0.0,0.054273907,0.0
0.0,0.14740789,0.0
1.0,0.9876894,1.0
0.0,0.17590992,0.0
0.0,0.08631373,0.0
1.0,0.9883803,1.0
1.0,0.56819904,1.0
0.0,0.05562672,0.0
1.0,0.99260664,1.0
0.0,0.3759743,0.0
1.0,0.9962941,1.0
0.0,0.041579176,0.0
0.0,0.0683775,0.0
1.0,0.92328966,1.0
1.0,0.99764603,1.0
0.0,0.062295467,0.0
1.0,0.9951627,1.0
1.0,0.46418247,0.0
0.0,0.06988099,0.0
0.0,0.004492648,0.0
0.0,0.19908684,0.0
0.0,0.49412745,0.0
1.0,0.74159825,1.0
1.0,0.92262834,1.0
0.0,0.35056263,0.0
1.0,0.98047215,1.0
0.0,0.6848175,1.0
0.0,0.06261269,0.0
0.0,0.5386959,1.0
1.0,0.6621767,1.0
1.0,0.67115116,1.0
0.0,0.11043049,0.0
1.0,0.6100234,1.0
0.0,0.019431837,0.0
0.0,0.0069534197,0.0
0.0,0.0823716,0.0
1.0,0.43579957,0.0
0.0,0.71677214,1.0
1.0,0.47034612,0.0
1.0,0.83792263,1.0
1.0,0.8077262,1.0
1.0,0.78751796,1.0
0.0,0.0034516107,0.0
1.0,0.72267854,1.0
0.0,0.0055046044,0.0
1.0,0.93334883,1.0
1.0,0.3524701,0.0
0.0,0.042444643,0.0
0.0,0.05052983,0.0
1.0,0.44821724,0.0
1.0,0.6491866,1.0
0.0,0.42393783,0.0
1.0,0.9352298,1.0
1.0,0.9951351,1.0
0.0,0.005027672,0.0
1.0,0.9857287,1.0
0.0,0.28723451,0.0
1.0,0.93904907,1.0
1.0,0.45712766,0.0
1.0,0.92260724,1.0
0.0,0.049101382,0.0
1.0,0.99809855,1.0
0.0,0.007953518,0.0
0.0,0.018391794,0.0
0.0,0.049089484,0.0
1.0,0.989527,1.0
0.0,0.25047195,0.0
1.0,0.27168533,0.0
0.0,0.088205785,0.0
0.0,0.23135188,0.0
1.0,0.92844886,1.0
1.0,0.9052262,1.0
1.0,0.8564844,1.0
0.0,0.14946334,0.0
1.0,0.90023184,1.0
0.0,0.14266524,0.0
0.0,0.037000444,0.0
1.0,0.87553775,1.0
0.0,0.31585562,0.0
1.0,0.9867144,1.0
1.0,0.9329633,1.0
0.0,0.009386039,0.0
0.0,0.10483943,0.0
0.0,0.006369269,0.0
0.0,0.4137755,0.0
1.0,0.9732686,1.0
1.0,0.54790014,1.0
1.0,0.9670032,1.0
0.0,0.12442678,0.0
0.0,0.7683873,1.0
1.0,0.7401354,1.0
1.0,0.15716855,0.0
1.0,0.96159285,1.0
1.0,0.96962917,1.0
0.0,0.81177247,1.0
1.0,0.91603833,1.0
0.0,0.05680713,0.0
1.0,0.995125,1.0
0.0,0.041888297,0.0
0.0,0.5027177,1.0
0.0,0.81302965,1.0
1.0,0.9984195,1.0
0.0,0.04426996,0.0
1.0,0.34106377,0.0
0.0,0.43057135,0.0
0.0,0.13787039,0.0
1.0,0.96346295,1.0
0.0,0.70811653,1.0
1.0,0.6462237,1.0
0.0,0.12023156,0.0
1.0,0.73625886,1.0
1.0,0.5592187,1.0
1.0,0.36589745,0.0
0.0,0.10413921,0.0
1.0,0.97611326,1.0
1.0,0.99560505,1.0
1.0,0.5113734,1.0
1.0,0.97630364,1.0
1.0,0.9354925,1.0
0.0,0.03087031,0.0
0.0,0.17190482,0.0
0.0,0.3531255,0.0
1.0,0.39608312,0.0
1.0,0.9681364,1.0
1.0,0.6295877,1.0
0.0,0.017673109,0.0
0.0,0.37939045,0.0
0.0,0.1784982,0.0
1.0,0.25360098,0.0
0.0,0.14228168,0.0
0.0,0.83942866,1.0
1.0,0.24785204,0.0
0.0,0.18464454,0.0
1.0,0.8680116,1.0
1.0,0.95071036,1.0
0.0,0.046748888,0.0
0.0,0.047553856,0.0
0.0,0.036358476,0.0
0.0,0.5314896,1.0
1.0,0.89301217,1.0
0.0,0.53155077,1.0
1.0,0.86825925,1.0
0.0,0.3077016,0.0
0.0,0.23263542,0.0
0.0,0.20212941,0.0
0.0,0.16254008,0.0
1.0,0.9387896,1.0
0.0,0.6256445,1.0
0.0,0.1323652,0.0
0.0,0.3437347,0.0
0.0,0.06471473,0.0
0.0,0.3542253,0.0
0.0,0.16067076,0.0
1.0,0.3714187,0.0
0.0,0.118474595,0.0
1.0,0.91051346,1.0
0.0,0.14153962,0.0
0.0,0.02502597,0.0
0.0,0.037091915,0.0
1.0,0.77753866,1.0
0.0,0.0038191355,0.0
0.0,0.029087868,0.0
1.0,0.3927732,0.0
1.0,0.992289,1.0
1.0,0.9651854,1.0
1.0,0.8019552,1.0
0.0,0.24106586,0.0
1.0,0.80463266,1.0
1.0,0.4137298,0.0
1.0,0.906457,1.0
1.0,0.5154017,1.0
0.0,0.60735935,1.0
0.0,0.18605529,0.0
1.0,0.8241507,1.0
0.0,0.09219187,0.0
1.0,0.9864574,1.0
1.0,0.54665464,1.0
1.0,0.94856465,1.0
0.0,0.4175144,0.0
1.0,0.38742396,0.0
1.0,0.9892476,1.0
0.0,0.65559685,1.0
1.0,0.9921346,1.0
1.0,0.68796897,1.0
1.0,0.45816264,0.0
1.0,0.16840525,0.0
1.0,0.95558375,1.0
1.0,0.90157306,1.0
0.0,0.059920423,0.0
0.0,0.0042551807,0.0
1.0,0.98333377,1.0
0.0,0.022691157,0.0
1.0,0.7556891,1.0
1.0,0.27472767,0.0
0.0,0.11168106,0.0
0.0,0.053175636,0.0
0.0,0.05383557,0.0
0.0,0.09913943,0.0
0.0,0.06712235,0.0
1.0,0.98164684,1.0
0.0,0.028401453,0.0
1.0,0.9726829,1.0
1.0,0.959313,1.0
1.0,0.9314042,1.0
1.0,0.8007342,1.0
0.0,0.05053864,0.0
0.0,0.11575184,0.0
1.0,0.49081624,0.0
0.0,0.2918556,0.0
0.0,0.37039888,0.0
0.0,0.14119104,0.0
0.0,0.3783627,0.0
1.0,0.9553712,1.0
0.0,0.4137375,0.0
0.0,0.61589795,1.0
1.0,0.9949024,1.0
1.0,0.9932487,1.0
0.0,0.045188546,0.0
0.0,0.048362374,0.0
1.0,0.100758135,0.0
0.0,0.058930524,0.0
0.0,0.054419175,0.0
1.0,0.99966526,1.0
0.0,0.017882517,0.0
0.0,0.2642876,0.0
1.0,0.8153161,1.0
0.0,0.007964489,0.0
0.0,0.39000103,0.0
1.0,0.090316325,0.0
0.0,0.027901825,0.0
0.0,0.099551745,0.0
0.0,0.27024984,0.0
1.0,0.18597911,0.0
0.0,0.035258956,0.0
1.0,0.92522264,1.0
1.0,0.8951131,1.0
1.0,0.98340446,1.0
1.0,0.7096022,1.0
1.0,0.9970612,1.0
1.0,0.97514355,1.0
1.0,0.99462444,1.0
1.0,0.20422147,0.0
0.0,0.03039176,0.0
1.0,0.931247,1.0
0.0,0.03023607,0.0
0.0,0.15684949,0.0
0.0,0.011545126,0.0
1.0,0.9508268,1.0
0.0,0.034330294,0.0
1.0,0.99251187,1.0
1.0,0.9961443,1.0
0.0,0.015788013,0.0
0.0,0.010269973,0.0
0.0,0.031900365,0.0
0.0,0.019211527,0.0
0.0,0.2009074,0.0
1.0,0.3831295,0.0
0.0,0.25696546,0.0
1.0,0.39303687,0.0
1.0,0.610769,1.0
0.0,0.16514747,0.0
0.0,0.0049610073,0.0
1.0,0.73101676,1.0
0.0,0.7003701,1.0
1.0,0.6983209,1.0
0.0,0.17870675,0.0
0.0,0.08270054,0.0
1.0,0.9667928,1.0
1.0,0.9418848,1.0
1.0,0.97154003,1.0
0.0,0.22973354,0.0
0.0,0.22652934,0.0
0.0,0.033142757,0.0
0.0,0.05081101,0.0
0.0,0.32224083,0.0
1.0,0.84242266,1.0
0.0,0.10552362,0.0
0.0,0.04812376,0.0
1.0,0.6556681,1.0
1.0,0.9726836,1.0
0.0,0.18133593,0.0
1.0,0.12524647,0.0
0.0,0.0023960674,0.0
1.0,0.9765877,1.0
1.0,0.954243,1.0
0.0,0.13347997,0.0
1.0,0.5636058,1.0
0.0,0.90944755,1.0
1.0,0.8194127,1.0
0.0,0.0030876598,0.0
0.0,0.042526755,0.0
0.0,0.028318226,0.0
1.0,0.44587195,0.0
0.0,0.12290595,0.0
0.0,0.91757107,1.0
1.0,0.49709988,0.0
1.0,0.9913839,1.0
1.0,0.9053782,1.0
0.0,0.011050253,0.0
1.0,0.50201654,1.0
1.0,0.96079564,1.0
1.0,0.98946315,1.0
0.0,0.04590671,0.0
0.0,0.2215265,0.0
1.0,0.94365096,1.0
0.0,0.05832111,0.0
0.0,0.33700806,0.0
0.0,0.035438616,0.0
0.0,0.009564051,0.0
0.0,0.0145134665,0.0
1.0,0.473181,0.0
0.0,0.069145374,0.0
0.0,0.44054604,0.0
0.0,0.009949186,0.0
1.0,0.8807772,1.0
0.0,0.04313635,0.0
0.0,0.11735994,0.0
1.0,0.3310703,0.0
0.0,0.036109187,0.0
1.0,0.5181744,1.0
0.0,0.07646226,0.0
0.0,0.64697576,1.0
1.0,0.9707917,1.0
0.0,0.015065776,0.0
1.0,0.9664582,1.0
1.0,0.267751,0.0
0.0,0.3917121,0.0
0.0,0.010472504,0.0
1.0,0.87474674,1.0
0.0,0.084493,0.0
1.0,0.7890257,1.0
1.0,0.9085036,1.0
0.0,0.22579403,0.0
1.0,0.97956353,1.0
1.0,0.50710917,1.0
0.0,0.0940009,0.0
0.0,0.43399608,0.0
0.0,0.5971126,1.0
1.0,0.16466488,0.0
0.0,0.16590582,0.0
1.0,0.99232954,1.0
0.0,0.2578569,0.0
0.0,0.20831247,0.0
1.0,0.586683,1.0
0.0,0.007830612,0.0
1.0,0.85522735,1.0
0.0,0.0062653194,0.0
0.0,0.5843102,1.0
0.0,0.011630965,0.0
0.0,0.58260113,1.0
0.0,0.25558028,0.0
0.0,0.011267391,0.0
0.0,0.022599205,0.0
1.0,0.04813643,0.0
1.0,0.92192596,1.0
0.0,0.20763303,0.0
1.0,0.22655492,0.0
1.0,0.99362826,1.0
0.0,0.30668235,0.0
1.0,0.99817264,1.0
1.0,0.8196929,1.0
0.0,0.0056708627,0.0
0.0,0.22215307,0.0
1.0,0.9980617,1.0
1.0,0.9763556,1.0
0.0,0.6704696,1.0
0.0,0.041913085,0.0
0.0,0.81916326,1.0
0.0,0.07588327,0.0
0.0,0.019365855,0.0
1.0,0.9035805,1.0
1.0,0.43694025,0.0
1.0,0.87951237,1.0
1.0,0.9510128,1.0
0.0,0.4607204,0.0
0.0,0.62952584,1.0
0.0,0.0046363985,0.0
1.0,0.97222185,1.0
1.0,0.8755507,1.0
1.0,0.95259815,1.0
0.0,0.015647395,0.0
1.0,0.99738055,1.0
1.0,0.98241615,1.0
0.0,0.087491535,0.0
0.0,0.11774069,0.0
1.0,0.9735467,1.0
1.0,0.56945086,1.0
1.0,0.61970174,1.0
0.0,0.015532103,0.0
0.0,0.22885409,0.0
1.0,0.99244666,1.0
0.0,0.7426687,1.0
1.0,0.7942007,1.0
0.0,0.36476147,0.0
1.0,0.65859205,1.0
1.0,0.9170791,1.0
0.0,0.48570144,0.0
1.0,0.50617,1.0
0.0,0.06488596,0.0
0.0,0.6096235,1.0
1.0,0.7338506,1.0
0.0,0.23146279,0.0
0.0,0.19822557,0.0
1.0,0.9675844,1.0
0.0,0.53574866,1.0
0.0,0.22450684,0.0
0.0,0.013737074,0.0
1.0,0.9862061,1.0
0.0,0.78206706,1.0
0.0,0.019575842,0.0
0.0,0.78644717,1.0
1.0,0.75986,1.0
0.0,0.17798321,0.0
0.0,0.05086143,0.0
0.0,0.38405973,0.0
0.0,0.036720127,0.0
0.0,0.004484181,0.0
0.0,0.053593934,0.0
1.0,0.99649966,1.0
0.0,0.009498428,0.0
0.0,0.524462,1.0
1.0,0.849253,1.0
1.0,0.2768359,0.0
0.0,0.112654366,0.0
1.0,0.8071224,1.0
1.0,0.96017027,1.0
0.0,0.007783703,0.0
1.0,0.8952453,1.0
1.0,0.93835884,1.0
0.0,0.037794095,0.0
0.0,0.048319254,0.0
1.0,0.9428526,1.0
1.0,0.79746217,1.0
0.0,0.22592665,0.0
1.0,0.9628755,1.0
0.0,0.028278328,0.0
0.0,0.058964774,0.0
1.0,0.99695456,1.0
1.0,0.98250234,1.0
1.0,0.54424953,1.0
0.0,0.15910487,0.0
0.0,0.0681922,0.0
0.0,0.1833634,0.0
0.0,0.257067,0.0
0.0,0.62175584,1.0
0.0,0.87613195,1.0
1.0,0.856127,1.0
1.0,0.76069146,1.0
0.0,0.4186603,0.0
1.0,0.9546297,1.0
1.0,0.41785023,0.0
0.0,0.030872524,0.0
0.0,0.5686943,1.0
0.0,0.018508954,0.0
0.0,0.0673039,0.0
0.0,0.47190776,0.0
0.0,0.74967647,1.0
0.0,0.019804992,0.0
1.0,0.66132516,1.0
0.0,0.55221593,1.0
1.0,0.89210343,1.0
1.0,0.9648149,1.0
1.0,0.7623785,1.0
0.0,0.005764191,0.0
1.0,0.9977912,1.0
1.0,0.86012065,1.0
0.0,0.3446045,0.0
0.0,0.1650802,0.0
1.0,0.9917155,1.0
0.0,0.013488304,0.0
0.0,0.07261834,0.0
0.0,0.019148322,0.0
0.0,0.1044194,0.0
0.0,0.026638333,0.0
0.0,0.10746177,0.0
0.0,0.040419266,0.0
0.0,0.026601192,0.0
1.0,0.32223153,0.0
0.0,0.11249048,0.0
1.0,0.8159928,1.0
0.0,0.4280711,0.0
0.0,0.6705374,1.0
1.0,0.95722294,1.0
1.0,0.7201887,1.0
0.0,0.022942338,0.0
1.0,0.9973328,1.0
0.0,0.4335934,0.0
0.0,0.12759554,0.0
0.0,0.03266428,0.0
0.0,0.094997145,0.0
0.0,0.12693231,0.0
0.0,0.019024119,0.0
0.0,0.1307954,0.0
1.0,0.48825583,0.0
0.0,0.0719826,0.0
0.0,0.05996568,0.0
1.0,0.47326902,0.0
1.0,0.93147194,1.0
1.0,0.9760358,1.0
1.0,0.9831813,1.0
0.0,0.062351312,0.0
1.0,0.49941126,0.0
0.0,0.23469564,0.0
1.0,0.997787,1.0
0.0,0.45647073,0.0
1.0,0.99186057,1.0
1.0,0.93671805,1.0
0.0,0.10696735,0.0
0.0,0.7544947,1.0
0.0,0.02396256,0.0
0.0,0.10554973,0.0
0.0,0.21771528,0.0
0.0,0.08703287,0.0
0.0,0.19735141,0.0
0.0,0.072977155,0.0
0.0,0.094301485,0.0
1.0,0.99423486,1.0
0.0,0.0021615608,0.0
0.0,0.06750848,0.0
0.0,0.43495986,0.0
0.0,0.024845593,0.0
1.0,0.97543496,1.0
1.0,0.95742124,1.0
1.0,0.95324236,1.0
0.0,0.19935879,0.0
0.0,0.31885612,0.0
0.0,0.33684966,0.0
0.0,0.3961927,0.0
1.0,0.96979225,1.0
0.0,0.30179596,0.0
0.0,0.03322798,0.0
0.0,0.42885622,0.0
1.0,0.98663217,1.0
0.0,0.14881383,0.0
1.0,0.9848779,1.0
0.0,0.015696414,0.0
1.0,0.809834,1.0
0.0,0.38705647,0.0
1.0,0.9918994,1.0
1.0,0.9311757,1.0
0.0,0.03380872,0.0
0.0,0.05217165,0.0
0.0,0.012077277,0.0
1.0,0.94082624,1.0
0.0,0.28453347,0.0
0.0,0.24155495,0.0
0.0,0.17405719,0.0
1.0,0.97258717,1.0
0.0,0.01238322,0.0
0.0,0.19457987,0.0
1.0,0.9797823,1.0
1.0,0.98438084,1.0
0.0,0.37902302,0.0
1.0,0.7983177,1.0
0.0,0.28945318,0.0
0.0,0.19183964,0.0
1.0,0.5903389,1.0
0.0,0.0070311907,0.0
0.0,0.03421305,0.0
0.0,0.02263967,0.0
1.0,0.9960996,1.0
0.0,0.1962366,0.0
1.0,0.7710458,1.0
0.0,0.07904356,0.0
0.0,0.33771765,0.0
0.0,0.1032624,0.0
1.0,0.9957897,1.0
1.0,0.8538036,1.0
0.0,0.64463973,1.0
1.0,0.998336,1.0
0.0,0.12642972,0.0
0.0,0.14740036,0.0
1.0,0.6798826,1.0
1.0,0.28038862,0.0
0.0,0.08037218,0.0
1.0,0.9966456,1.0
0.0,0.72031397,1.0
0.0,0.1459851,0.0
0.0,0.073189445,0.0
1.0,0.9784389,1.0
1.0,0.99483716,1.0
1.0,0.9247643,1.0
0.0,0.2852886,0.0
1.0,0.7202542,1.0
1.0,0.8617454,1.0
0.0,0.0038654523,0.0
0.0,0.5152455,1.0
1.0,0.9919058,1.0
1.0,0.6534909,1.0
0.0,0.13382503,0.0
1.0,0.28602144,0.0
0.0,0.16097063,0.0
1.0,0.56090355,1.0
0.0,0.1779694,0.0
1.0,0.9985078,1.0
0.0,0.098946944,0.0
0.0,0.5124333,1.0
1.0,0.65659297,1.0
1.0,0.98581946,1.0
0.0,0.3121197,0.0
1.0,0.9394614,1.0
1.0,0.9789571,1.0
0.0,0.06470131,0.0
0.0,0.09642581,0.0
0.0,0.13184357,0.0
1.0,0.5934221,1.0
0.0,0.10398054,0.0
1.0,0.997109,1.0
1.0,0.6516033,1.0
1.0,0.92881566,1.0
1.0,0.95459765,1.0
0.0,0.036974438,0.0
1.0,0.99791366,1.0
1.0,0.35317,0.0
1.0,0.7514737,1.0
1.0,0.9375834,1.0
0.0,0.33857048,0.0
1.0,0.95000386,1.0
1.0,0.5681215,1.0
1.0,0.9812136,1.0
0.0,0.21342343,0.0
1.0,0.52262074,1.0
0.0,0.07094258,0.0
1.0,0.9132281,1.0
0.0,0.13125677,0.0
0.0,0.007600699,0.0
1.0,0.92766035,1.0
1.0,0.8397747,1.0
1.0,0.938833,1.0
0.0,0.06269377,0.0
0.0,0.30753773,0.0
0.0,0.20402744,0.0
1.0,0.36942953,0.0
1.0,0.97830826,1.0
0.0,0.05938964,0.0
0.0,0.015257977,0.0
0.0,0.021447651,0.0
1.0,0.4118085,0.0
1.0,0.38311768,0.0
1.0,0.99520564,1.0
1.0,0.94541526,1.0
0.0,0.012221021,0.0
1.0,0.7057208,1.0
0.0,0.21694179,0.0
1.0,0.99734014,1.0
1.0,0.99699485,1.0
1.0,0.97076964,1.0
0.0,0.02291168,0.0
1.0,0.9517194,1.0
0.0,0.2440562,0.0
0.0,0.05128189,0.0
1.0,0.6549345,1.0
1.0,0.5411515,1.0
0.0,0.23358174,0.0
1.0,0.5522436,1.0
0.0,0.24292961,0.0
0.0,0.014710053,0.0
0.0,0.04119567,0.0
1.0,0.5788723,1.0
0.0,0.46978253,0.0
0.0,0.1622492,0.0
0.0,0.07387827,0.0
0.0,0.09737915,0.0
0.0,0.16596116,0.0
1.0,0.9692217,1.0
0.0,0.09837104,0.0
1.0,0.058666844,0.0
1.0,0.9989121,1.0
1.0,0.79167575,1.0
0.0,0.25881523,0.0
0.0,0.4732264,0.0
0.0,0.29408696,0.0
1.0,0.40907866,0.0
0.0,0.3718735,0.0
0.0,0.019161712,0.0
0.0,0.03742963,0.0
1.0,0.98536855,1.0
1.0,0.92613864,1.0
0.0,0.17845708,0.0
0.0,0.123862095,0.0
1.0,0.99377316,1.0
1.0,0.8390448,1.0
0.0,0.08141451,0.0
1.0,0.3158535,0.0
0.0,0.13506867,0.0
0.0,0.009504598,0.0
0.0,0.0042990614,0.0
0.0,0.018505208,0.0
1.0,0.80441904,1.0
1.0,0.10902273,0.0
1.0,0.9983626,1.0
0.0,0.1897891,0.0
0.0,0.35479894,0.0
1.0,0.64580435,1.0
0.0,0.01402493,0.0
1.0,0.85835534,1.0
0.0,0.07653646,0.0
0.0,0.1174609,0.0
0.0,0.0034143555,0.0
0.0,0.09550619,0.0
1.0,0.99004805,1.0
1.0,0.97057796,1.0
1.0,0.81501216,1.0
0.0,0.41836604,0.0
1.0,0.19605204,0.0
0.0,0.29637295,0.0
1.0,0.9969361,1.0
0.0,0.21168014,0.0
1.0,0.123508185,0.0
1.0,0.99418974,1.0
1.0,0.8724192,1.0
1.0,0.81112456,1.0
1.0,0.99921536,1.0
0.0,0.14847015,0.0
0.0,0.8120162,1.0
0.0,0.22896017,0.0
1.0,0.8425663,1.0
0.0,0.066502385,0.0
1.0,0.51862466,1.0
1.0,0.9684728,1.0
0.0,0.024838604,0.0
1.0,0.9949274,1.0
0.0,0.024219265,0.0
1.0,0.46892312,0.0
1.0,0.9954277,1.0
1.0,0.37772962,0.0
1.0,0.81143105,1.0
1.0,0.9976005,1.0
1.0,0.44094285,0.0
0.0,0.081760146,0.0
1.0,0.9787121,1.0
1.0,0.994348,1.0
0.0,0.30318254,0.0
0.0,0.032749705,0.0
1.0,0.9991818,1.0
1.0,0.9992711,1.0
0.0,0.054795023,0.0
0.0,0.46927774,0.0
0.0,0.052226666,0.0
1.0,0.98312736,1.0
0.0,0.44460905,0.0
0.0,0.004407922,0.0
1.0,0.9915063,1.0
1.0,0.9930768,1.0
1.0,0.88888663,1.0
1.0,0.48817116,0.0
0.0,0.24012782,0.0
0.0,0.059902485,0.0
0.0,0.7765577,1.0
0.0,0.33594492,0.0
1.0,0.75538564,1.0
0.0,0.01427066,0.0
0.0,0.04333438,0.0
0.0,0.9969709,1.0
1.0,0.9960188,1.0
0.0,0.120000705,0.0
0.0,0.07383397,0.0
0.0,0.18584591,0.0
1.0,0.71695167,1.0
0.0,0.36059073,0.0
1.0,0.8200523,1.0
1.0,0.79421824,1.0
1.0,0.9909383,1.0
1.0,0.82832336,1.0
0.0,0.18513404,0.0
0.0,0.0122163575,0.0
1.0,0.99965465,1.0
0.0,0.10248925,0.0
0.0,0.95583874,1.0
1.0,0.8512665,1.0
0.0,0.037430223,0.0
0.0,0.015989417,0.0
0.0,0.2911436,0.0
1.0,0.99851257,1.0
1.0,0.9394193,1.0
1.0,0.7046372,1.0
0.0,0.0050283805,0.0
0.0,0.1279443,0.0
0.0,0.14180636,0.0
1.0,0.9749215,1.0
1.0,0.9686719,1.0
1.0,0.8186407,1.0
0.0,0.23363277,0.0
1.0,0.94695526,1.0
1.0,0.86107403,1.0
1.0,0.98293984,1.0
0.0,0.056086145,0.0
1.0,0.6230268,1.0
0.0,0.7812064,1.0
0.0,0.14242314,0.0
1.0,0.77249867,1.0
1.0,0.85566837,1.0
0.0,0.5767191,1.0
0.0,0.072653905,0.0
1.0,0.9977422,1.0
0.0,0.09046861,0.0
1.0,0.8021473,1.0
0.0,0.13030326,0.0
0.0,0.026879812,0.0
1.0,0.76464725,1.0
0.0,0.4279887,0.0
0.0,0.1637691,0.0
1.0,0.9429934,1.0
1.0,0.7463,1.0
0.0,0.08525125,0.0
1.0,0.9975389,1.0
0.0,0.6331045,1.0
1.0,0.9944312,1.0
0.0,0.70736206,1.0
1.0,0.9844488,1.0
1.0,0.99084973,1.0
1.0,0.9292867,1.0
1.0,0.99718094,1.0
0.0,0.1833944,0.0
0.0,0.05531984,0.0
0.0,0.16428347,0.0
0.0,0.42269582,0.0
1.0,0.857,1.0
0.0,0.0047073513,0.0
0.0,0.022551356,0.0
0.0,0.025303936,0.0
1.0,0.9958247,1.0
1.0,0.94921446,1.0
0.0,0.38505346,0.0
0.0,0.74158067,1.0
0.0,0.15035866,0.0
1.0,0.7616774,1.0
1.0,0.32655495,0.0
0.0,0.006431868,0.0
1.0,0.63572395,1.0
0.0,0.42025676,0.0
1.0,0.916122,1.0
1.0,0.99915266,1.0
0.0,0.44811913,0.0
1.0,0.9899857,1.0
0.0,0.7827479,1.0
1.0,0.9514653,1.0
0.0,0.08846605,0.0
0.0,0.06865448,0.0
1.0,0.98923725,1.0
0.0,0.60256094,1.0
1.0,0.8592466,1.0
1.0,0.6942061,1.0
1.0,0.48176104,0.0
0.0,0.028912239,0.0
1.0,0.57499784,1.0
0.0,0.20449983,0.0
0.0,0.60318583,1.0
1.0,0.9934871,1.0
0.0,0.33493638,0.0
0.0,0.0073505356,0.0
0.0,0.3698966,0.0
0.0,0.023067607,0.0
0.0,0.9017909,1.0
0.0,0.20345408,0.0
1.0,0.46837065,0.0
1.0,0.97469044,1.0
1.0,0.97994244,1.0
1.0,0.48558965,0.0
1.0,0.7047528,1.0
0.0,0.031775605,0.0
1.0,0.98184615,1.0
1.0,0.15622824,0.0
1.0,0.95384264,1.0
1.0,0.7930429,1.0
0.0,0.2673455,0.0
1.0,0.16815765,0.0
0.0,0.0024150708,0.0
0.0,0.18836963,0.0
1.0,0.84107006,1.0
0.0,0.21952641,0.0
1.0,0.9652804,1.0
0.0,0.324299,0.0
1.0,0.7210111,1.0
0.0,0.040832143,0.0
0.0,0.41593564,0.0
0.0,0.10430132,0.0
1.0,0.8946422,1.0
0.0,0.3444594,0.0
1.0,0.77141976,1.0
1.0,0.9621131,1.0
0.0,0.25423554,0.0
1.0,0.99877053,1.0
0.0,0.21774034,0.0
0.0,0.09044892,0.0
1.0,0.94738656,1.0
0.0,0.060640227,0.0
0.0,0.19431777,0.0
1.0,0.9948085,1.0
1.0,0.9782736,1.0
0.0,0.06419815,0.0
0.0,0.013493579,0.0
0.0,0.11782864,0.0
0.0,0.025505733,0.0
1.0,0.91546977,1.0
0.0,0.98474926,1.0
1.0,0.30953816,0.0
1.0,0.98774904,1.0
0.0,0.32899672,0.0
1.0,0.9932821,1.0
1.0,0.8448277,1.0
1.0,0.9533974,1.0
0.0,0.033861175,0.0
1.0,0.9865376,1.0
0.0,0.38561794,0.0
1.0,0.9041928,1.0
0.0,0.7446978,1.0
0.0,0.22791193,0.0
0.0,0.017191302,0.0
0.0,0.43529102,0.0
1.0,0.81574976,1.0
0.0,0.016605204,0.0
1.0,0.9893712,1.0
0.0,0.90513927,1.0
0.0,0.039809246,0.0
1.0,0.9952453,1.0
0.0,0.4154768,0.0
1.0,0.998156,1.0
1.0,0.8719148,1.0
1.0,0.9982845,1.0
1.0,0.862396,1.0
1.0,0.9973328,1.0
0.0,0.079677075,0.0
0.0,0.27441603,0.0
1.0,0.36463463,0.0
0.0,0.6758624,1.0
1.0,0.9298945,1.0
0.0,0.052514546,0.0
0.0,0.089857735,0.0
1.0,0.86257637,1.0
0.0,0.0022978813,0.0
0.0,0.669939,1.0
0.0,0.32094452,0.0
1.0,0.79768926,1.0
1.0,0.99735814,1.0
1.0,0.96945065,1.0
1.0,0.87436837,1.0
1.0,0.99151903,1.0
0.0,0.02636819,0.0
0.0,0.20492531,0.0
0.0,0.041945487,0.0
0.0,0.72050947,1.0
1.0,0.99705267,1.0
1.0,0.99170977,1.0
1.0,0.7962031,1.0
0.0,0.06312511,0.0
1.0,0.39381316,0.0
1.0,0.86171424,1.0
0.0,0.2804445,0.0
1.0,0.9898775,1.0
0.0,0.04614708,0.0
0.0,0.8176256,1.0
0.0,0.02767327,0.0
0.0,0.056729425,0.0
0.0,0.0023597663,0.0
0.0,0.40184933,0.0
0.0,0.021670809,0.0
0.0,0.025518958,0.0
0.0,0.14667441,0.0
0.0,0.5213332,1.0
1.0,0.5994228,1.0
0.0,0.01149995,0.0
1.0,0.9961725,1.0
0.0,0.117506415,0.0
1.0,0.7691484,1.0
0.0,0.5705974,1.0
1.0,0.9118866,1.0
1.0,0.5835973,1.0
1.0,0.8242856,1.0
0.0,0.009480133,0.0
1.0,0.96725756,1.0
0.0,0.12119262,0.0
1.0,0.25515583,0.0
0.0,0.007990384,0.0
0.0,0.4838663,0.0
1.0,0.96653515,1.0
0.0,0.011159368,0.0
0.0,0.19207299,0.0
1.0,0.9992894,1.0
0.0,0.3311174,0.0
0.0,0.09148832,0.0
1.0,0.8061293,1.0
0.0,0.101241075,0.0
0.0,0.36452767,0.0
0.0,0.48161677,0.0
1.0,0.9943867,1.0
1.0,0.91566634,1.0
0.0,0.0632628,0.0
1.0,0.97028303,1.0
1.0,0.9895934,1.0
1.0,0.273283,0.0
0.0,0.028512591,0.0
0.0,0.3859778,0.0
0.0,0.25266466,0.0
1.0,0.14093989,0.0
1.0,0.9762138,1.0
0.0,0.10152322,0.0
1.0,0.9659126,1.0
1.0,0.9919179,1.0
0.0,0.21630011,0.0
1.0,0.6132751,1.0
0.0,0.05328477,0.0
1.0,0.6378113,1.0
1.0,0.97479445,1.0
1.0,0.9497393,1.0
1.0,0.78386575,1.0
1.0,0.0701853,0.0
1.0,0.43919244,0.0
0.0,0.002654001,0.0
1.0,0.7701141,1.0
0.0,0.11078565,0.0
0.0,0.03676293,0.0
0.0,0.62209547,1.0
0.0,0.13649689,0.0
0.0,0.0069262036,0.0
1.0,0.9653301,1.0
1.0,0.70215833,1.0
0.0,0.6544506,1.0
1.0,0.9932995,1.0
0.0,0.40489492,0.0
0.0,0.35382026,0.0
0.0,0.27225,0.0
0.0,0.005165251,0.0
0.0,0.01565081,0.0
0.0,0.084956095,0.0
0.0,0.23033138,0.0
1.0,0.8408574,1.0
0.0,0.21617922,0.0
0.0,0.16818064,0.0
1.0,0.9754882,1.0
1.0,0.98467803,1.0
0.0,0.0038168628,0.0
0.0,0.050856244,0.0
0.0,0.15300986,0.0
1.0,0.69375026,1.0
0.0,0.037183248,0.0
0.0,0.40157533,0.0
0.0,0.77973795,1.0
1.0,0.962351,1.0
0.0,0.3717563,0.0
0.0,0.043244414,0.0
0.0,0.44131318,0.0
0.0,0.044662606,0.0
0.0,0.34937474,0.0
1.0,0.42672196,0.0
0.0,0.19523312,0.0
0.0,0.5551247,1.0
0.0,0.038583957,0.0
0.0,0.12353796,0.0
1.0,0.83961946,1.0
0.0,0.0026186807,0.0
1.0,0.73365974,1.0
1.0,0.49426523,0.0
1.0,0.61893964,1.0
0.0,0.5964242,1.0
0.0,0.049109068,0.0
1.0,0.9843717,1.0
1.0,0.95394427,1.0
0.0,0.8221447,1.0
0.0,0.79923224,1.0
0.0,0.6265778,1.0
0.0,0.17962399,0.0
0.0,0.020596975,0.0
1.0,0.9846598,1.0
0.0,0.21132599,0.0
1.0,0.43254766,0.0
0.0,0.5306184,1.0
1.0,0.8992202,1.0
1.0,0.9163242,1.0
0.0,0.22142349,0.0
0.0,0.0050785984,0.0
0.0,0.47691268,0.0
0.0,0.025636971,0.0
0.0,0.87292385,1.0
0.0,0.4095081,0.0
1.0,0.69182044,1.0
0.0,0.27542815,0.0
1.0,0.7722694,1.0
1.0,0.917123,1.0
1.0,0.84042317,1.0
1.0,0.1861401,0.0
1.0,0.9373006,1.0
0.0,0.2967475,0.0
0.0,0.061115414,0.0
1.0,0.9482977,1.0
1.0,0.97754765,1.0
0.0,0.0051049427,0.0
1.0,0.8776134,1.0
1.0,0.64550275,1.0
0.0,0.8140032,1.0
1.0,0.969115,1.0
1.0,0.9605149,1.0
1.0,0.97698194,1.0
0.0,0.010958719,0.0
1.0,0.63484496,1.0
0.0,0.31253996,0.0
0.0,0.27080998,0.0
0.0,0.3754446,0.0
1.0,0.3877131,0.0
1.0,0.92475533,1.0
0.0,0.14776348,0.0
1.0,0.9946602,1.0
1.0,0.9959919,1.0
1.0,0.9991788,1.0
0.0,0.10584237,0.0
1.0,0.9903503,1.0
0.0,0.008146164,0.0
1.0,0.8481188,1.0
1.0,0.9744392,1.0
1.0,0.8516796,1.0
0.0,0.04730386,0.0
0.0,0.707418,1.0
0.0,0.12292646,0.0
1.0,0.8413683,1.0
1.0,0.97991884,1.0
0.0,0.047736306,0.0
1.0,0.9231215,1.0
0.0,0.07114968,0.0
0.0,0.6545851,1.0
1.0,0.78796357,1.0
0.0,0.075053945,0.0
1.0,0.9847512,1.0
1.0,0.7766169,1.0
0.0,0.27223003,0.0
0.0,0.09424076,0.0
1.0,0.9491062,1.0
0.0,0.12347882,0.0
0.0,0.014363658,0.0
0.0,0.049287908,0.0
0.0,0.21220866,0.0
1.0,0.5744514,1.0
1.0,0.6418505,1.0
1.0,0.5674673,1.0
0.0,0.036130965,0.0
0.0,0.05455709,0.0
1.0,0.9936241,1.0
0.0,0.2468958,0.0
0.0,0.020476665,0.0
1.0,0.91401756,1.0
1.0,0.9740986,1.0
1.0,0.92983276,1.0
0.0,0.0066393954,0.0
1.0,0.9175831,1.0
0.0,0.1063437,0.0
0.0,0.20602648,0.0
1.0,0.99822146,1.0
0.0,0.10558625,0.0
1.0,0.9593873,1.0
0.0,0.2183859,0.0
0.0,0.010855486,0.0
0.0,0.17676741,0.0
1.0,0.93964213,1.0
1.0,0.9923373,1.0
0.0,0.07328482,0.0
0.0,0.27862498,0.0
1.0,0.7953398,1.0
0.0,0.62512493,1.0
1.0,0.92082924,1.0
1.0,0.7593225,1.0
1.0,0.93892986,1.0
0.0,0.22620305,0.0
0.0,0.0034948906,0.0
1.0,0.9975848,1.0
0.0,0.07002219,0.0
1.0,0.6407824,1.0
1.0,0.5736874,1.0
1.0,0.59000564,1.0
0.0,0.39959767,0.0
1.0,0.9627937,1.0
0.0,0.3185666,0.0
1.0,0.9656983,1.0
0.0,0.13415003,0.0
0.0,0.260666,0.0
0.0,0.15063396,0.0
0.0,0.007416492,0.0
0.0,0.048153184,0.0
1.0,0.8302109,1.0
1.0,0.95289,1.0
0.0,0.2511908,0.0
0.0,0.83590186,1.0
1.0,0.99658453,1.0
0.0,0.06003498,0.0
1.0,0.71819425,1.0
0.0,0.11535004,0.0
1.0,0.9863042,1.0
0.0,0.0073164823,0.0
1.0,0.7243109,1.0
0.0,0.01265039,0.0
1.0,0.9853843,1.0
1.0,0.85774827,1.0
0.0,0.016108444,0.0
0.0,0.010237479,0.0
0.0,0.09977132,0.0
0.0,0.37031606,0.0
1.0,0.9812842,1.0
0.0,0.58237207,1.0
0.0,0.16384085,0.0
0.0,0.010884936,0.0
1.0,0.8354817,1.0
0.0,0.028202953,0.0
1.0,0.9981158,1.0
0.0,0.03598584,0.0
0.0,0.002450812,0.0
0.0,0.12186742,0.0
1.0,0.66800183,1.0
0.0,0.50835,1.0
1.0,0.9539968,1.0
0.0,0.20776986,0.0
0.0,0.019638954,0.0
0.0,0.31923366,0.0
0.0,0.14338943,0.0
0.0,0.17876254,0.0
1.0,0.9976888,1.0
0.0,0.12744543,0.0
0.0,0.954758,1.0
0.0,0.6296038,1.0
1.0,0.94262105,1.0
1.0,0.39508674,0.0
1.0,0.8530903,1.0
1.0,0.98447996,1.0
0.0,0.049039815,0.0
1.0,0.75537544,1.0
1.0,0.9945825,1.0
0.0,0.13875733,0.0
0.0,0.6216272,1.0
0.0,0.14249405,0.0
0.0,0.061354555,0.0
0.0,0.5077699,1.0
0.0,0.36415136,0.0
1.0,0.96877015,1.0
0.0,0.25619176,0.0
0.0,0.039862975,0.0
0.0,0.0054271906,0.0
0.0,0.0031586317,0.0
1.0,0.9788023,1.0
1.0,0.6139634,1.0
0.0,0.024310824,0.0
1.0,0.9532485,1.0
1.0,0.6054786,1.0
1.0,0.98016423,1.0
0.0,0.49152687,0.0
1.0,0.37489069,0.0
0.0,0.15091279,0.0
1.0,0.93988997,1.0
1.0,0.98811775,1.0
0.0,0.30348358,0.0
0.0,0.4735628,0.0
0.0,0.53687614,1.0
0.0,0.11165639,0.0
0.0,0.80948687,1.0
0.0,0.104122855,0.0
1.0,0.74593717,1.0
0.0,0.11473402,0.0
1.0,0.4173365,0.0
1.0,0.81164354,1.0
0.0,0.013384025,0.0
0.0,0.4763184,0.0
1.0,0.05195072,0.0
1.0,0.9299515,1.0
1.0,0.9919229,1.0
1.0,0.94056195,1.0
1.0,0.98479223,1.0
1.0,0.8937601,1.0
1.0,0.98003745,1.0
0.0,0.24922055,0.0
0.0,0.06140076,0.0
1.0,0.70558107,1.0
0.0,0.41020554,0.0
1.0,0.7361357,1.0
0.0,0.6462734,1.0
0.0,0.5148982,1.0
1.0,0.97189593,1.0
0.0,0.047022235,0.0
1.0,0.8109441,1.0
1.0,0.9819651,1.0
1.0,0.97523856,1.0
0.0,0.24278452,0.0
1.0,0.95388937,1.0
0.0,0.03693788,0.0
1.0,0.9027001,1.0
1.0,0.9411253,1.0
1.0,0.68379676,1.0
0.0,0.00589494,0.0
0.0,0.1254137,0.0
0.0,0.13848431,0.0
1.0,0.99220943,1.0
0.0,0.11551014,0.0
0.0,0.21706828,0.0
0.0,0.3291982,0.0
1.0,0.9884524,1.0
0.0,0.052195627,0.0
1.0,0.8529701,1.0
0.0,0.018886926,0.0
0.0,0.34513703,0.0
0.0,0.4820996,0.0
0.0,0.1422377,0.0
0.0,0.07345969,0.0
0.0,0.042488784,0.0
1.0,0.7347632,1.0
0.0,0.004379454,0.0
0.0,0.18980424,0.0
0.0,0.9236942,1.0
0.0,0.38707107,0.0
0.0,0.6885918,1.0
0.0,0.05463841,0.0
0.0,0.40112275,0.0
0.0,0.14719275,0.0
1.0,0.67168564,1.0
1.0,0.98348814,1.0
0.0,0.16385533,0.0
0.0,0.3203125,0.0
1.0,0.9430814,1.0
1.0,0.3644569,0.0
0.0,0.15501451,0.0
0.0,0.20083226,0.0
0.0,0.13019444,0.0
1.0,0.9897317,1.0
0.0,0.09477,0.0
0.0,0.037995726,0.0
1.0,0.91777253,1.0
1.0,0.9623186,1.0
0.0,0.3575325,0.0
0.0,0.29606816,0.0
1.0,0.9249156,1.0
1.0,0.7488278,1.0
0.0,0.23519489,0.0
1.0,0.9309372,1.0
1.0,0.21964139,0.0
1.0,0.91427326,1.0
1.0,0.9669602,1.0
0.0,0.32273516,0.0
0.0,0.243541,0.0
0.0,0.141459,0.0
1.0,0.992796,1.0
0.0,0.08335652,0.0
1.0,0.98348397,1.0
0.0,0.009752024,0.0
1.0,0.8651352,1.0
0.0,0.027487058,0.0
1.0,0.99301976,1.0
0.0,0.02877233,0.0
1.0,0.8745628,1.0
0.0,0.10879407,0.0
0.0,0.1301769,0.0
0.0,0.02045391,0.0
0.0,0.018062856,0.0
1.0,0.9158879,1.0
0.0,0.01501259,0.0
0.0,0.0034782486,0.0
1.0,0.9930462,1.0
1.0,0.8823601,1.0
1.0,0.63714415,1.0
0.0,0.024258455,0.0
1.0,0.8835998,1.0
1.0,0.95268804,1.0
1.0,0.99158746,1.0
1.0,0.997424,1.0
0.0,0.10609135,0.0
1.0,0.94162685,1.0
1.0,0.9981172,1.0
0.0,0.017195217,0.0
1.0,0.9964896,1.0
1.0,0.996335,1.0
0.0,0.031255826,0.0
0.0,0.21729402,0.0
0.0,0.14931186,0.0
0.0,0.118759975,0.0
0.0,0.22723301,0.0
0.0,0.17050804,0.0
0.0,0.058203842,0.0
1.0,0.62560606,1.0
0.0,0.297575,0.0
0.0,0.40834332,0.0
0.0,0.89063054,1.0
1.0,0.43280897,0.0
1.0,0.98002255,1.0
0.0,0.0043990165,0.0
0.0,0.23509999,0.0
0.0,0.6109784,1.0
0.0,0.24025701,0.0
0.0,0.6375211,1.0
0.0,0.039022222,0.0
0.0,0.101310104,0.0
0.0,0.053290702,0.0
1.0,0.44571823,0.0
0.0,0.13069555,0.0
0.0,0.1758114,0.0
1.0,0.5727634,1.0
1.0,0.9964489,1.0
1.0,0.9655235,1.0
1.0,0.92999923,1.0
0.0,0.35111922,0.0
1.0,0.9921336,1.0
0.0,0.16320956,0.0
1.0,0.852095,1.0
0.0,0.6019565,1.0
1.0,0.99027795,1.0
0.0,0.25239107,0.0
1.0,0.73818004,1.0
0.0,0.12355015,0.0
1.0,0.99825794,1.0
0.0,0.03293724,0.0
0.0,0.62027913,1.0
0.0,0.05920676,0.0
1.0,0.9913107,1.0
0.0,0.007545374,0.0
1.0,0.97866404,1.0
0.0,0.66756666,1.0
1.0,0.7906532,1.0
0.0,0.5506483,1.0
0.0,0.35574707,0.0
1.0,0.92991656,1.0
1.0,0.22673921,0.0
0.0,0.087801084,0.0
1.0,0.3777724,0.0
0.0,0.025775757,0.0
0.0,0.18094502,0.0
1.0,0.5680613,1.0
1.0,0.90210116,1.0
1.0,0.660597,1.0
0.0,0.26534736,0.0
0.0,0.011128744,0.0
0.0,0.1693812,0.0
1.0,0.6319419,1.0
1.0,0.9056723,1.0
1.0,0.84032845,1.0
1.0,0.41495436,0.0
0.0,0.3889872,0.0
0.0,0.08020203,0.0
1.0,0.7940075,1.0
0.0,0.17853393,0.0
0.0,0.2665817,0.0
1.0,0.8095701,1.0
0.0,0.01556006,0.0
0.0,0.014831475,0.0
1.0,0.88062775,1.0
0.0,0.059078205,0.0
1.0,0.99412125,1.0
1.0,0.99851125,1.0
1.0,0.9843088,1.0
0.0,0.17596589,0.0
1.0,0.8741888,1.0
0.0,0.025536478,0.0
1.0,0.8862121,1.0
1.0,0.9816248,1.0
0.0,0.04529039,0.0
1.0,0.9984207,1.0
0.0,0.20566943,0.0
0.0,0.12042234,0.0
1.0,0.9713425,1.0
1.0,0.3928378,0.0
1.0,0.93523467,1.0
1.0,0.17508082,0.0
0.0,0.052717842,0.0
1.0,0.9905647,1.0
0.0,0.1843119,0.0
1.0,0.6229275,1.0
1.0,0.9850943,1.0
0.0,0.12444499,0.0
0.0,0.22785838,0.0
1.0,0.47523648,0.0
0.0,0.026220364,0.0
1.0,0.98706216,1.0
1.0,0.9943954,1.0
1.0,0.9519517,1.0
0.0,0.18949296,0.0
0.0,0.062909365,0.0
1.0,0.8506825,1.0
1.0,0.9694038,1.0
0.0,0.28075665,0.0
1.0,0.9836341,1.0
1.0,0.39375457,0.0
1.0,0.3675257,0.0
1.0,0.5125527,1.0
1.0,0.9749119,1.0
1.0,0.20669326,0.0
1.0,0.20122957,0.0
0.0,0.15616341,0.0
1.0,0.82785267,1.0
1.0,0.9845079,1.0
1.0,0.96441156,1.0
0.0,0.35132676,0.0
0.0,0.5888515,1.0
1.0,0.9811157,1.0
1.0,0.97094554,1.0
0.0,0.037741847,0.0
1.0,0.48463213,0.0
1.0,0.9738598,1.0
0.0,0.39836782,0.0
0.0,0.3154043,0.0
0.0,0.44113782,0.0
0.0,0.26830855,0.0
1.0,0.84825885,1.0
1.0,0.27700272,0.0
1.0,0.9967945,1.0
1.0,0.5043854,1.0
0.0,0.5069999,1.0
0.0,0.03844751,0.0
0.0,0.7447502,1.0
0.0,0.22737457,0.0
1.0,0.9989254,1.0
0.0,0.004118921,0.0
1.0,0.71505016,1.0
0.0,0.11128951,0.0
1.0,0.9987888,1.0
0.0,0.168312,0.0
0.0,0.7895453,1.0
1.0,0.23606709,0.0
1.0,0.9989759,1.0
0.0,0.023559416,0.0
0.0,0.14691639,0.0
0.0,0.19651607,0.0
0.0,0.17018308,0.0
0.0,0.38960737,0.0
1.0,0.9932822,1.0
0.0,0.0042260834,0.0
1.0,0.977409,1.0
1.0,0.72421694,1.0
0.0,0.1042182,0.0
1.0,0.98984396,1.0
1.0,0.22259109,0.0
0.0,0.20355025,0.0
1.0,0.9925875,1.0
1.0,0.96940225,1.0
0.0,0.15346564,0.0
0.0,0.101757884,0.0
0.0,0.057532072,0.0
0.0,0.22176184,0.0
1.0,0.99784946,1.0
1.0,0.99511766,1.0
1.0,0.77910125,1.0
0.0,0.034906033,0.0
0.0,0.02707501,0.0
1.0,0.8904029,1.0
1.0,0.9940221,1.0
1.0,0.9173804,1.0
1.0,0.99873465,1.0
0.0,0.4130415,0.0
1.0,0.3194717,0.0
0.0,0.24888219,0.0
0.0,0.08375985,0.0
0.0,0.041455742,0.0
0.0,0.17028552,0.0
0.0,0.29561028,0.0
1.0,0.9944931,1.0
1.0,0.6040287,1.0
0.0,0.021166226,0.0
0.0,0.2753113,0.0
0.0,0.7818442,1.0
1.0,0.7359511,1.0
0.0,0.12724817,0.0
0.0,0.12906322,0.0
0.0,0.05575006,0.0
1.0,0.8340599,1.0
1.0,0.994859,1.0
1.0,0.9961547,1.0
0.0,0.37926382,0.0
0.0,0.13725789,0.0
0.0,0.013647525,0.0
0.0,0.24014431,0.0
0.0,0.17421632,0.0
1.0,0.9799503,1.0
0.0,0.008945337,0.0
0.0,0.014563172,0.0
0.0,0.32703537,0.0
0.0,0.10533225,0.0
1.0,0.36950925,0.0
1.0,0.9912583,1.0
0.0,0.028378578,0.0
1.0,0.9297908,1.0
1.0,0.907395,1.0
1.0,0.99081707,1.0
0.0,0.16195957,0.0
1.0,0.4581154,0.0
1.0,0.46201622,0.0
0.0,0.01921085,0.0
0.0,0.31738895,0.0
0.0,0.3312003,0.0
1.0,0.6072256,1.0
1.0,0.26294798,0.0
1.0,0.99791354,1.0
1.0,0.9717882,1.0
0.0,0.075558655,0.0
0.0,0.0917121,0.0
0.0,0.049343877,0.0
0.0,0.3521258,0.0
1.0,0.90357316,1.0
1.0,0.8238004,1.0
1.0,0.98673207,1.0
0.0,0.0794451,0.0
0.0,0.05401312,0.0
0.0,0.03426896,0.0
1.0,0.20094623,0.0
1.0,0.6108065,1.0
0.0,0.42191482,0.0
0.0,0.013395028,0.0
0.0,0.093499,0.0
1.0,0.99619055,1.0
0.0,0.1334017,0.0
0.0,0.05448458,0.0
0.0,0.07051729,0.0
0.0,0.10919805,0.0
0.0,0.3935229,0.0
0.0,0.25046387,0.0
0.0,0.2503439,0.0
0.0,0.29979745,0.0
0.0,0.020951863,0.0
1.0,0.9713514,1.0
1.0,0.95820034,1.0
1.0,0.81380844,1.0
0.0,0.007445123,0.0
1.0,0.98204803,1.0
0.0,0.024681821,0.0
0.0,0.7405606,1.0
1.0,0.3080449,0.0
0.0,0.1512038,0.0
1.0,0.9920082,1.0
0.0,0.56054264,1.0
0.0,0.0036007483,0.0
0.0,0.3004448,0.0
0.0,0.09384013,0.0
1.0,0.6976349,1.0
0.0,0.79135406,1.0
1.0,0.69249755,1.0
0.0,0.0597384,0.0
1.0,0.902246,1.0
0.0,0.070782475,0.0
1.0,0.6579798,1.0
0.0,0.47413617,0.0
0.0,0.07066328,0.0
1.0,0.93878394,1.0
1.0,0.792749,1.0
0.0,0.08703497,0.0
0.0,0.012571168,0.0
0.0,0.5359865,1.0
1.0,0.73753476,1.0
1.0,0.7184659,1.0
0.0,0.1399001,0.0
0.0,0.34244975,0.0
0.0,0.025904875,0.0
0.0,0.0033781498,0.0
1.0,0.32716507,0.0
0.0,0.06999907,0.0
1.0,0.9435925,1.0
1.0,0.7890701,1.0
0.0,0.053068344,0.0
1.0,0.5724477,1.0
0.0,0.0133704115,0.0
0.0,0.041304313,0.0
0.0,0.0044163424,0.0
0.0,0.0725279,0.0
0.0,0.26152128,0.0
1.0,0.99755573,1.0
1.0,0.99711716,1.0
0.0,0.9511939,1.0
1.0,0.23489153,0.0
0.0,0.51868707,1.0
1.0,0.8451438,1.0
0.0,0.34423763,0.0
1.0,0.7685196,1.0
0.0,0.097641245,0.0
1.0,0.9953151,1.0
1.0,0.9663558,1.0
1.0,0.3543854,0.0
0.0,0.7718775,1.0
0.0,0.0048811305,0.0
1.0,0.9935247,1.0
1.0,0.4556218,0.0
0.0,0.5947761,1.0
1.0,0.99871063,1.0
1.0,0.99893075,1.0
0.0,0.009915436,0.0
0.0,0.1046389,0.0
1.0,0.988934,1.0
0.0,0.2659107,0.0
1.0,0.9977093,1.0
1.0,0.99953663,1.0
0.0,0.07038585,0.0
1.0,0.38155824,0.0
1.0,0.9817461,1.0
1.0,0.99453765,1.0
0.0,0.9198116,1.0
1.0,0.98176837,1.0
0.0,0.009883635,0.0
1.0,0.9112462,1.0
0.0,0.9097855,1.0
1.0,0.89860576,1.0
1.0,0.9969695,1.0
0.0,0.14274411,0.0
0.0,0.1331641,0.0
0.0,0.59334666,1.0
0.0,0.2473102,0.0
0.0,0.076987654,0.0
1.0,0.29760802,0.0
1.0,0.8830254,1.0
1.0,0.99954563,1.0
0.0,0.8621106,1.0
1.0,0.8289429,1.0
1.0,0.95317435,1.0
0.0,0.06505509,0.0
0.0,0.47438034,0.0
0.0,0.4863781,0.0
0.0,0.05900895,0.0
0.0,0.11405236,0.0
1.0,0.9615363,1.0
0.0,0.16476098,0.0
0.0,0.17932144,0.0
1.0,0.9961786,1.0
0.0,0.34243816,0.0
0.0,0.08760452,0.0
0.0,0.04316816,0.0
1.0,0.6413603,1.0
1.0,0.058013454,0.0
1.0,0.9969408,1.0
0.0,0.08832093,0.0
1.0,0.98649305,1.0
1.0,0.42274147,0.0
1.0,0.5719893,1.0
0.0,0.01459869,0.0
0.0,0.056787528,0.0
0.0,0.07310888,0.0
0.0,0.20780325,0.0
1.0,0.98953605,1.0
0.0,0.02192418,0.0
1.0,0.99904376,1.0
0.0,0.20765305,0.0
0.0,0.23279718,0.0
0.0,0.31771728,0.0
1.0,0.9912465,1.0
1.0,0.9670001,1.0
1.0,0.99610007,1.0
0.0,0.20195772,0.0
1.0,0.97630537,1.0
1.0,0.27130947,0.0
0.0,0.22995597,0.0
1.0,0.99128485,1.0
1.0,0.9812594,1.0
0.0,0.60971725,1.0
1.0,0.8923846,1.0
0.0,0.009005135,0.0
1.0,0.7712583,1.0
0.0,0.2283539,0.0
0.0,0.012747733,0.0
0.0,0.2522905,0.0
0.0,0.05477169,0.0
1.0,0.43509305,0.0
0.0,0.12369937,0.0
0.0,0.29183972,0.0
0.0,0.25067672,0.0
1.0,0.9907246,1.0
1.0,0.13627039,0.0
1.0,0.7680918,1.0
0.0,0.11176171,0.0
1.0,0.9990256,1.0
0.0,0.18017109,0.0
0.0,0.38753673,0.0
0.0,0.4427853,0.0
1.0,0.8238458,1.0
0.0,0.004821757,0.0
1.0,0.9929335,1.0
1.0,0.9795058,1.0
1.0,0.5823274,1.0
1.0,0.92075074,1.0
0.0,0.021684796,0.0
1.0,0.13708606,0.0
0.0,0.18920167,0.0
1.0,0.9300967,1.0
1.0,0.99300003,1.0
0.0,0.0029343518,0.0
1.0,0.88560987,1.0
1.0,0.83416206,1.0
0.0,0.14265764,0.0
1.0,0.5234925,1.0
0.0,0.6549888,1.0
1.0,0.8546427,1.0
0.0,0.018480416,0.0
0.0,0.6438259,1.0
1.0,0.9356528,1.0
0.0,0.004629261,0.0
0.0,0.70996624,1.0
1.0,0.98558235,1.0
1.0,0.99467164,1.0
0.0,0.6247729,1.0
1.0,0.7424857,1.0
1.0,0.9141092,1.0
1.0,0.74155587,1.0
1.0,0.9970529,1.0
1.0,0.9778896,1.0
0.0,0.1859973,0.0
0.0,0.11413,0.0
1.0,0.9428978,1.0
1.0,0.7204435,1.0
0.0,0.21878096,0.0
0.0,0.021477252,0.0
0.0,0.08970293,0.0
0.0,0.07280904,0.0
1.0,0.811753,1.0
1.0,0.9985481,1.0
0.0,0.00519201,0.0
1.0,0.998156,1.0
1.0,0.76910526,1.0
0.0,0.19034365,0.0
0.0,0.08277364,0.0
0.0,0.70193315,1.0
1.0,0.644234,1.0
0.0,0.8470964,1.0
0.0,0.2730645,0.0
0.0,0.22836442,0.0
1.0,0.99769837,1.0
1.0,0.9168791,1.0
1.0,0.99799,1.0
0.0,0.64632857,1.0
0.0,0.18049838,0.0
0.0,0.2902562,0.0
0.0,0.37532258,0.0
0.0,0.3886146,0.0
0.0,0.108879864,0.0
0.0,0.03416942,0.0
1.0,0.9976447,1.0
1.0,0.57338685,1.0
0.0,0.015022718,0.0
0.0,0.023928985,0.0
0.0,0.06954095,0.0
1.0,0.74041164,1.0
0.0,0.043355986,0.0
0.0,0.4637226,0.0
1.0,0.33116278,0.0
0.0,0.2938342,0.0
1.0,0.997436,1.0
0.0,0.20565745,0.0
1.0,0.8005557,1.0
0.0,0.051271897,0.0
0.0,0.18784183,0.0
0.0,0.018786285,0.0
1.0,0.91264355,1.0
1.0,0.8847425,1.0
0.0,0.35076356,0.0
1.0,0.06798104,0.0
0.0,0.43938822,0.0
1.0,0.9984505,1.0
1.0,0.9682699,1.0
0.0,0.074858256,0.0
1.0,0.799521,1.0
0.0,0.17242107,0.0
0.0,0.012023019,0.0
1.0,0.3032967,0.0
0.0,0.0875583,0.0
1.0,0.30637208,0.0
0.0,0.067047276,0.0
0.0,0.17810932,0.0
0.0,0.10225377,0.0
1.0,0.99791497,1.0
1.0,0.6361683,1.0
0.0,0.55058134,1.0
1.0,0.2823991,0.0
0.0,0.034212515,0.0
0.0,0.078164406,0.0
0.0,0.36372378,0.0
0.0,0.7605247,1.0
0.0,0.20537804,0.0
1.0,0.9990693,1.0
1.0,0.88988936,1.0
0.0,0.0030792595,0.0
0.0,0.121673174,0.0
1.0,0.8299507,1.0
1.0,0.9351106,1.0
0.0,0.028601307,0.0
0.0,0.22492006,0.0
0.0,0.005574885,0.0
1.0,0.75481194,1.0
0.0,0.18272972,0.0
1.0,0.99706274,1.0
1.0,0.13393386,0.0
1.0,0.9969572,1.0
1.0,0.9985661,1.0
1.0,0.9988433,1.0
0.0,0.08633672,0.0
1.0,0.9760652,1.0
0.0,0.09275601,0.0
1.0,0.95825505,1.0
1.0,0.4477705,0.0
0.0,0.2981491,0.0
0.0,0.2997686,0.0
1.0,0.9571766,1.0
1.0,0.99907184,1.0
0.0,0.46889937,0.0
1.0,0.9724821,1.0
1.0,0.99918574,1.0
0.0,0.3022997,0.0
0.0,0.52265686,1.0
0.0,0.19510877,0.0
1.0,0.91723305,1.0
0.0,0.448614,0.0
0.0,0.009642956,0.0
0.0,0.09985197,0.0
0.0,0.0025702445,0.0
1.0,0.96440446,1.0
1.0,0.99868745,1.0
0.0,0.31545,0.0
0.0,0.24619985,0.0
1.0,0.967378,1.0
1.0,0.8547548,1.0
1.0,0.9817923,1.0
1.0,0.7616273,1.0
1.0,0.88517755,1.0
0.0,0.7394947,1.0
1.0,0.85373694,1.0
1.0,0.23861936,0.0
0.0,0.34871125,0.0
1.0,0.9469732,1.0
1.0,0.58353204,1.0
1.0,0.9821744,1.0
1.0,0.9356178,1.0
1.0,0.9676774,1.0
0.0,0.10717027,0.0
0.0,0.0867775,0.0
0.0,0.26025328,0.0
0.0,0.28559786,0.0
0.0,0.27411714,0.0
0.0,0.04618063,0.0
1.0,0.36704352,0.0
1.0,0.98923206,1.0
0.0,0.9640813,1.0
0.0,0.108866796,0.0
1.0,0.9604022,1.0
0.0,0.16372013,0.0
1.0,0.98662996,1.0
0.0,0.32652792,0.0
0.0,0.052356824,0.0
0.0,0.022526734,0.0
0.0,0.3082325,0.0
0.0,0.047914047,0.0
1.0,0.99932945,1.0
1.0,0.47477245,0.0
0.0,0.032511096,0.0
0.0,0.0024471448,0.0
1.0,0.9992716,1.0
1.0,0.9729013,1.0
1.0,0.99056166,1.0
0.0,0.037003253,0.0
0.0,0.76730347,1.0
1.0,0.9784112,1.0
0.0,0.0030005404,0.0
1.0,0.9498867,1.0
1.0,0.9953843,1.0
0.0,0.23032895,0.0
1.0,0.09598211,0.0
1.0,0.976534,1.0
1.0,0.98858786,1.0
1.0,0.69424593,1.0
0.0,0.096972555,0.0
1.0,0.7826331,1.0
1.0,0.8132089,1.0
1.0,0.9389652,1.0
0.0,0.21532471,0.0
1.0,0.9979614,1.0
0.0,0.20086251,0.0
0.0,0.2742221,0.0
1.0,0.9275876,1.0
1.0,0.978966,1.0
0.0,0.060749136,0.0
1.0,0.97536194,1.0
1.0,0.87917274,1.0
0.0,0.21622352,0.0
0.0,0.2657407,0.0
0.0,0.114061795,0.0
0.0,0.4105588,0.0
0.0,0.28939086,0.0
0.0,0.32879618,0.0
0.0,0.0504431,0.0
1.0,0.15811212,0.0
0.0,0.07173951,0.0
1.0,0.94632554,1.0
0.0,0.16749027,0.0
0.0,0.21975335,0.0
0.0,0.031831745,0.0
1.0,0.80702114,1.0
0.0,0.17618121,0.0
0.0,0.23561253,0.0
0.0,0.016744317,0.0
0.0,0.13053791,0.0
1.0,0.9279048,1.0
1.0,0.19553566,0.0
1.0,0.9933931,1.0
1.0,0.35606185,0.0
1.0,0.9985745,1.0
0.0,0.0049521313,0.0
1.0,0.28124106,0.0
0.0,0.2772679,0.0
1.0,0.49172434,0.0
0.0,0.0039669853,0.0
0.0,0.26642466,0.0
1.0,0.73457134,1.0
1.0,0.8925063,1.0
0.0,0.52119243,1.0
1.0,0.9908035,1.0
0.0,0.0056475047,0.0
0.0,0.02297812,0.0
1.0,0.77245975,1.0
1.0,0.95525074,1.0
1.0,0.28078845,0.0
1.0,0.9956852,1.0
0.0,0.51541424,1.0
1.0,0.9981055,1.0
1.0,0.92832905,1.0
0.0,0.46186894,0.0
1.0,0.9900039,1.0
1.0,0.9309057,1.0
0.0,0.14264667,0.0
1.0,0.99935013,1.0
0.0,0.10138914,0.0
0.0,0.0850491,0.0
0.0,0.12753557,0.0
0.0,0.14369863,0.0
1.0,0.99888057,1.0
0.0,0.43368575,0.0
1.0,0.9437786,1.0
0.0,0.050435655,0.0
0.0,0.1415859,0.0
1.0,0.9983646,1.0
1.0,0.96434283,1.0
1.0,0.98845994,1.0
1.0,0.9031361,1.0
1.0,0.96557295,1.0
0.0,0.24130405,0.0
0.0,0.31867093,0.0
0.0,0.14543672,0.0
0.0,0.06869268,0.0
1.0,0.48820677,0.0
1.0,0.9839103,1.0
1.0,0.9273614,1.0
1.0,0.41181406,0.0
1.0,0.82515717,1.0
1.0,0.28550112,0.0
0.0,0.010033008,0.0
1.0,0.9610716,1.0
0.0,0.040299617,0.0
1.0,0.9591078,1.0
1.0,0.95105094,1.0
1.0,0.9417403,1.0
0.0,0.2754899,0.0
1.0,0.9586585,1.0
0.0,0.0125073325,0.0
0.0,0.06878828,0.0
0.0,0.012237482,0.0
1.0,0.992004,1.0
0.0,0.043534365,0.0
1.0,0.97113943,1.0
1.0,0.6425005,1.0
0.0,0.14774519,0.0
1.0,0.9683903,1.0
1.0,0.9754871,1.0
0.0,0.011576539,0.0
1.0,0.37670937,0.0
0.0,0.58124626,1.0
0.0,0.13992329,0.0
0.0,0.04500763,0.0
1.0,0.98904175,1.0
0.0,0.86160344,1.0
0.0,0.1823481,0.0
0.0,0.3976572,0.0
0.0,0.91089875,1.0
0.0,0.014621351,0.0
0.0,0.10028151,0.0
1.0,0.9959992,1.0
1.0,0.9459929,1.0
0.0,0.42262426,0.0
0.0,0.57806456,1.0
1.0,0.97681457,1.0
0.0,0.20339072,0.0
1.0,0.9733858,1.0
1.0,0.64314336,1.0
0.0,0.111996144,0.0
1.0,0.90607136,1.0
0.0,0.03144596,0.0
0.0,0.5667847,1.0
1.0,0.9983531,1.0
1.0,0.973458,1.0
1.0,0.97333175,1.0
0.0,0.18578477,0.0
1.0,0.23012273,0.0
0.0,0.30892137,0.0
1.0,0.6865955,1.0
1.0,0.16140807,0.0
0.0,0.10339092,0.0
0.0,0.008789962,0.0
0.0,0.41682956,0.0
0.0,0.026004894,0.0
0.0,0.059677668,0.0
0.0,0.009882981,0.0
1.0,0.93872225,1.0
1.0,0.9398138,1.0
1.0,0.6450658,1.0
1.0,0.31231195,0.0
0.0,0.27528068,0.0
1.0,0.43779784,0.0
0.0,0.18116054,0.0
1.0,0.996539,1.0
1.0,0.4926479,0.0
0.0,0.086106546,0.0
1.0,0.98898005,1.0
1.0,0.75763315,1.0
1.0,0.7491353,1.0
1.0,0.98890275,1.0
1.0,0.80889565,1.0
0.0,0.3064164,0.0
0.0,0.088362224,0.0
0.0,0.048515834,0.0
0.0,0.25718763,0.0
0.0,0.651199,1.0
0.0,0.17845097,0.0
1.0,0.91003263,1.0
1.0,0.9945469,1.0
1.0,0.99284816,1.0
0.0,0.42372057,0.0
1.0,0.99596786,1.0
1.0,0.927024,1.0
0.0,0.75302655,1.0
1.0,0.43879256,0.0
1.0,0.8394315,1.0
1.0,0.81941086,1.0
0.0,0.1007339,0.0
0.0,0.3297482,0.0
0.0,0.935478,1.0
0.0,0.10608575,0.0
1.0,0.5059902,1.0
0.0,0.020825803,0.0
1.0,0.94234985,1.0
0.0,0.32142746,0.0
1.0,0.3870004,0.0
1.0,0.90859395,1.0
0.0,0.060914926,0.0
0.0,0.055318695,0.0
1.0,0.99836916,1.0
0.0,0.28829855,0.0
1.0,0.9864225,1.0
1.0,0.9902062,1.0
1.0,0.98914576,1.0
0.0,0.5706848,1.0
1.0,0.6227157,1.0
1.0,0.9148684,1.0
0.0,0.1661552,0.0
0.0,0.026417417,0.0
0.0,0.030225618,0.0
1.0,0.5283573,1.0
0.0,0.036513515,0.0
0.0,0.040673636,0.0
0.0,0.3204827,0.0
1.0,0.9636351,1.0
1.0,0.99932134,1.0
1.0,0.935157,1.0
1.0,0.3694634,0.0
0.0,0.25397828,0.0
0.0,0.002327303,0.0
0.0,0.0114204325,0.0
0.0,0.11957823,0.0
1.0,0.6721638,1.0
1.0,0.9631269,1.0
0.0,0.08459044,0.0
1.0,0.99190784,1.0
0.0,0.1701185,0.0
0.0,0.39175415,0.0
0.0,0.5706365,1.0
1.0,0.7202847,1.0
0.0,0.027657587,0.0
0.0,0.060337223,0.0
0.0,0.071647346,0.0
1.0,0.97272563,1.0
1.0,0.9685962,1.0
0.0,0.105030365,0.0
1.0,0.9987118,1.0
0.0,0.08546315,0.0
0.0,0.038656577,0.0
1.0,0.9857393,1.0
0.0,0.06143269,0.0
0.0,0.01983254,0.0
1.0,0.8193892,1.0
0.0,0.5649649,1.0
1.0,0.3297463,0.0
1.0,0.98898715,1.0
0.0,0.0077340924,0.0
1.0,0.956848,1.0
1.0,0.92845935,1.0
0.0,0.4906661,0.0
0.0,0.03702506,0.0
0.0,0.08859251,0.0
1.0,0.875289,1.0
1.0,0.62663805,1.0
1.0,0.9447354,1.0
0.0,0.26092488,0.0
0.0,0.41343477,0.0
1.0,0.61925703,1.0
1.0,0.96026456,1.0
1.0,0.618453,1.0
1.0,0.9849775,1.0
1.0,0.26422366,0.0
1.0,0.9034631,1.0
0.0,0.027082078,0.0
0.0,0.26598185,0.0
0.0,0.085769705,0.0
0.0,0.8456177,1.0
1.0,0.9567704,1.0
0.0,0.12970807,0.0
1.0,0.9732799,1.0
1.0,0.38324335,0.0
1.0,0.9284947,1.0
0.0,0.4051709,0.0
0.0,0.08525986,0.0
0.0,0.12244516,0.0
0.0,0.07889393,0.0
1.0,0.98614895,1.0
1.0,0.96562654,1.0
1.0,0.4770846,0.0
1.0,0.9931039,1.0
0.0,0.17642002,0.0
1.0,0.9906917,1.0
1.0,0.98805094,1.0
1.0,0.99507385,1.0
0.0,0.049668986,0.0
1.0,0.3071017,0.0
0.0,0.429809,0.0
0.0,0.007098048,0.0
1.0,0.99506736,1.0
0.0,0.006826609,0.0
0.0,0.63960433,1.0
1.0,0.9244047,1.0
0.0,0.04757592,0.0
0.0,0.21693988,0.0
1.0,0.8501567,1.0
1.0,0.839326,1.0
0.0,0.05889156,0.0
1.0,0.98298454,1.0
0.0,0.031852193,0.0
0.0,0.07303765,0.0
0.0,0.47335473,0.0
1.0,0.9776448,1.0
0.0,0.37134954,0.0
1.0,0.99319756,1.0
1.0,0.15825872,0.0
0.0,0.14673002,0.0
0.0,0.77679837,1.0
1.0,0.99904007,1.0
0.0,0.04168086,0.0
0.0,0.12803073,0.0
0.0,0.04944265,0.0
1.0,0.9445639,1.0
1.0,0.7762365,1.0
1.0,0.03663161,0.0
1.0,0.99400204,1.0
1.0,0.93099743,1.0
0.0,0.71303105,1.0
1.0,0.7369792,1.0
1.0,0.70574826,1.0
0.0,0.23970182,0.0
1.0,0.9934464,1.0
0.0,0.0048046606,0.0
0.0,0.41525725,0.0
1.0,0.3286687,0.0
1.0,0.9991714,1.0
0.0,0.19685675,0.0
1.0,0.5660751,1.0
0.0,0.08260981,0.0
1.0,0.96482396,1.0
0.0,0.057262793,0.0
1.0,0.9986419,1.0
0.0,0.18910863,0.0
0.0,0.38352278,0.0
1.0,0.99216026,1.0
1.0,0.9468871,1.0
0.0,0.07304643,0.0
1.0,0.9694569,1.0
0.0,0.1961675,0.0
1.0,0.86570406,1.0
0.0,0.53984654,1.0
1.0,0.9764263,1.0
0.0,0.45679545,0.0
0.0,0.445526,0.0
0.0,0.1289871,0.0
0.0,0.21534283,0.0
1.0,0.74996847,1.0
0.0,0.2925251,0.0
1.0,0.8938344,1.0
0.0,0.81244326,1.0
0.0,0.19158036,0.0
1.0,0.9770881,1.0
0.0,0.33344236,0.0
0.0,0.0053300913,0.0
1.0,0.9858467,1.0
1.0,0.18667975,0.0
1.0,0.98440754,1.0
0.0,0.05776891,0.0
0.0,0.6527082,1.0
0.0,0.62262577,1.0
1.0,0.9856694,1.0
1.0,0.99454343,1.0
0.0,0.04338231,0.0
1.0,0.98579425,1.0
0.0,0.036397405,0.0
0.0,0.026071792,0.0
0.0,0.014783274,0.0
0.0,0.24918453,0.0
0.0,0.43975338,0.0
1.0,0.9982529,1.0
0.0,0.0364869,0.0
0.0,0.05608044,0.0
0.0,0.04987208,0.0
0.0,0.2577789,0.0
1.0,0.57375354,1.0
0.0,0.12688589,0.0
1.0,0.94855994,1.0
0.0,0.49012816,0.0
0.0,0.89844495,1.0
1.0,0.9926157,1.0
1.0,0.77552694,1.0
0.0,0.2285497,0.0
1.0,0.97353315,1.0
1.0,0.55877954,1.0
0.0,0.5532757,1.0
1.0,0.9624368,1.0
0.0,0.2392771,0.0
0.0,0.09554466,0.0
0.0,0.0053473273,0.0
1.0,0.53746533,1.0
0.0,0.18472119,0.0
1.0,0.3279838,0.0
0.0,0.24966493,0.0
1.0,0.99275887,1.0
0.0,0.8652814,1.0
1.0,0.9983197,1.0
0.0,0.002560626,0.0
0.0,0.038843438,0.0
0.0,0.55038756,1.0
0.0,0.64962757,1.0
0.0,0.018695671,0.0
1.0,0.64936584,1.0
1.0,0.96268934,1.0
1.0,0.15208198,0.0
0.0,0.16206667,0.0
0.0,0.031699233,0.0
1.0,0.6037922,1.0
1.0,0.98411,1.0
1.0,0.96653473,1.0
0.0,0.0040245955,0.0
1.0,0.9530145,1.0
0.0,0.1268766,0.0
0.0,0.48753828,0.0
0.0,0.5210159,1.0
1.0,0.89205647,1.0
0.0,0.3325803,0.0
0.0,0.6216252,1.0
1.0,0.9576959,1.0
0.0,0.54500896,1.0
0.0,0.017700952,0.0
0.0,0.11469486,0.0
0.0,0.110572964,0.0
0.0,0.7275539,1.0
0.0,0.057671744,0.0
1.0,0.9535777,1.0
0.0,0.060127556,0.0
0.0,0.31431356,0.0
1.0,0.9987657,1.0
1.0,0.9854683,1.0
1.0,0.9926036,1.0
0.0,0.086240694,0.0
1.0,0.9034638,1.0
1.0,0.99281013,1.0
0.0,0.07407297,0.0
0.0,0.09248653,0.0
0.0,0.14598893,0.0
1.0,0.8836326,1.0
0.0,0.04099578,0.0
1.0,0.749263,1.0
1.0,0.92513186,1.0
0.0,0.10006043,0.0
1.0,0.14619382,0.0
1.0,0.73908573,1.0
1.0,0.8948265,1.0
1.0,0.8904555,1.0
0.0,0.7993681,1.0
1.0,0.9807916,1.0
1.0,0.99963665,1.0
0.0,0.22203161,0.0
1.0,0.993536,1.0
1.0,0.55201745,1.0
0.0,0.11284536,0.0
1.0,0.2659848,0.0
1.0,0.982003,1.0
0.0,0.3857096,0.0
0.0,0.3222686,0.0
0.0,0.06453611,0.0
0.0,0.0025011399,0.0
1.0,0.94624066,1.0
0.0,0.22853097,0.0
1.0,0.8720983,1.0
0.0,0.08545562,0.0
0.0,0.8461836,1.0
0.0,0.04269011,0.0
1.0,0.9177447,1.0
1.0,0.7461631,1.0
1.0,0.9596566,1.0
1.0,0.98555297,1.0
1.0,0.993568,1.0
1.0,0.60665077,1.0
1.0,0.97044915,1.0
0.0,0.45323825,0.0
0.0,0.22357035,0.0
1.0,0.3521323,0.0
0.0,0.024708208,0.0
1.0,0.99761933,1.0
1.0,0.89152867,1.0
0.0,0.705124,1.0
1.0,0.88538194,1.0
0.0,0.0025544283,0.0
1.0,0.99337864,1.0
0.0,0.22134359,0.0
0.0,0.16447811,0.0
1.0,0.5987075,1.0
1.0,0.49189937,0.0
0.0,0.0091897845,0.0
0.0,0.012737858,0.0
1.0,0.8845833,1.0
0.0,0.108105086,0.0
0.0,0.22549735,0.0
0.0,0.5866725,1.0
0.0,0.18505284,0.0
0.0,0.019059666,0.0
1.0,0.6534723,1.0
1.0,0.6541583,1.0
0.0,0.5859208,1.0
1.0,0.9313476,1.0
1.0,0.99022406,1.0
0.0,0.48501927,0.0
1.0,0.9939714,1.0
1.0,0.2045333,0.0
1.0,0.8825009,1.0
0.0,0.030894423,0.0
1.0,0.78117114,1.0
0.0,0.03588807,0.0
1.0,0.99582183,1.0
1.0,0.99642193,1.0
1.0,0.81691957,1.0
1.0,0.7068004,1.0
1.0,0.97082394,1.0
1.0,0.63233036,1.0
1.0,0.9472997,1.0
0.0,0.3097677,0.0
0.0,0.16139098,0.0
0.0,0.08284698,0.0
1.0,0.9908138,1.0
0.0,0.48244295,0.0
1.0,0.97906893,1.0
0.0,0.016352003,0.0
0.0,0.15316233,0.0
0.0,0.061599884,0.0
1.0,0.93631667,1.0
1.0,0.99895465,1.0
1.0,0.5910409,1.0
0.0,0.11129215,0.0
0.0,0.10429666,0.0
0.0,0.0873287,0.0
0.0,0.14599916,0.0
0.0,0.3428107,0.0
0.0,0.03600825,0.0
0.0,0.3641652,0.0
1.0,0.9885352,1.0
0.0,0.045673437,0.0
0.0,0.003393858,0.0
1.0,0.98529774,1.0
0.0,0.04257267,0.0
1.0,0.93449974,1.0
1.0,0.8032966,1.0
0.0,0.29507947,0.0
1.0,0.96911645,1.0
1.0,0.82808983,1.0
1.0,0.99658185,1.0
0.0,0.044449788,0.0
0.0,0.036149006,0.0
1.0,0.9288542,1.0
1.0,0.8325498,1.0
0.0,0.05951885,0.0
0.0,0.036134653,0.0
0.0,0.33948952,0.0
1.0,0.99929404,1.0
0.0,0.38370737,0.0
0.0,0.27885127,0.0
1.0,0.79484326,1.0
0.0,0.7699738,1.0
0.0,0.26239103,0.0
1.0,0.9726706,1.0
1.0,0.6632573,1.0
0.0,0.04597402,0.0
1.0,0.16265474,0.0
0.0,0.0023882838,0.0
1.0,0.27139518,0.0
0.0,0.0355992,0.0
1.0,0.991356,1.0
0.0,0.105992176,0.0
0.0,0.21707454,0.0
1.0,0.54309875,1.0
0.0,0.0048774467,0.0
0.0,0.11348171,0.0
1.0,0.9763164,1.0
0.0,0.88580453,1.0
0.0,0.15951425,0.0
1.0,0.9455688,1.0
0.0,0.88375705,1.0
0.0,0.19522414,0.0
1.0,0.99388653,1.0
1.0,0.8947335,1.0
1.0,0.15098001,0.0
0.0,0.7200673,1.0
0.0,0.71900535,1.0
1.0,0.8532775,1.0
0.0,0.14797305,0.0
0.0,0.3979425,0.0
1.0,0.8778364,1.0
1.0,0.841376,1.0
0.0,0.23323312,0.0
1.0,0.983445,1.0
0.0,0.3269785,0.0
0.0,0.048796337,0.0
0.0,0.2602185,0.0
0.0,0.039756402,0.0
0.0,0.21765323,0.0
0.0,0.7811045,1.0
0.0,0.33522207,0.0
0.0,0.44625345,0.0
1.0,0.79621345,1.0
1.0,0.8353987,1.0
1.0,0.97127354,1.0
1.0,0.88828385,1.0
0.0,0.44904944,0.0
0.0,0.10364817,0.0
1.0,0.6966956,1.0
0.0,0.32362065,0.0
1.0,0.14211378,0.0
1.0,0.9920589,1.0
0.0,0.007310875,0.0
1.0,0.5275659,1.0
0.0,0.36870417,0.0
0.0,0.021704389,0.0
1.0,0.24394685,0.0
0.0,0.18015176,0.0
0.0,0.04774872,0.0
1.0,0.3607736,0.0
1.0,0.6529387,1.0
0.0,0.24018694,0.0
1.0,0.92600304,1.0
0.0,0.923026,1.0
0.0,0.23856436,0.0
0.0,0.06252664,0.0
0.0,0.06215017,0.0
0.0,0.5351371,1.0
1.0,0.7849265,1.0
1.0,0.6962098,1.0
1.0,0.8441804,1.0
1.0,0.7026,1.0
0.0,0.29238683,0.0
0.0,0.45075324,0.0
1.0,0.74033105,1.0
0.0,0.01056668,0.0
1.0,0.9765934,1.0
1.0,0.9649586,1.0
1.0,0.95946276,1.0
0.0,0.44538304,0.0
0.0,0.09373306,0.0
1.0,0.99500185,1.0
0.0,0.11402926,0.0
0.0,0.012293181,0.0
0.0,0.62676233,1.0
0.0,0.08436505,0.0
0.0,0.1978001,0.0
1.0,0.8871458,1.0
0.0,0.49863967,0.0
0.0,0.24665305,0.0
1.0,0.040806774,0.0
0.0,0.49065772,0.0
0.0,0.17330681,0.0
1.0,0.36079207,0.0
0.0,0.090121835,0.0
0.0,0.28078458,0.0
0.0,0.6034871,1.0
0.0,0.9097795,1.0
0.0,0.4152098,0.0
0.0,0.63666946,1.0
1.0,0.73906124,1.0
0.0,0.06588729,0.0
0.0,0.010279711,0.0
0.0,0.045283213,0.0
0.0,0.63872385,1.0
0.0,0.010880829,0.0
1.0,0.8789101,1.0
1.0,0.98414665,1.0
1.0,0.73580164,1.0
1.0,0.9927543,1.0
0.0,0.40952104,0.0
0.0,0.06786827,0.0
0.0,0.45938122,0.0
0.0,0.6060203,1.0
1.0,0.9804483,1.0
1.0,0.2262119,0.0
1.0,0.0532815,0.0
0.0,0.09381049,0.0
0.0,0.267586,0.0
0.0,0.17928733,0.0
0.0,0.56076866,1.0
1.0,0.43664086,0.0
1.0,0.82354337,1.0
1.0,0.99617434,1.0
0.0,0.020511905,0.0
0.0,0.57169676,1.0
1.0,0.89520395,1.0
0.0,0.8928945,1.0
1.0,0.9937636,1.0
1.0,0.98633677,1.0
1.0,0.83532643,1.0
1.0,0.96518743,1.0
1.0,0.5804702,1.0
0.0,0.39187077,0.0
0.0,0.09718594,0.0
1.0,0.9918355,1.0
1.0,0.97992676,1.0
1.0,0.9988475,1.0
1.0,0.99213684,1.0
0.0,0.22174959,0.0
0.0,0.1010045,0.0
0.0,0.0062686224,0.0
0.0,0.21534054,0.0
1.0,0.93961644,1.0
1.0,0.99777764,1.0
0.0,0.040196776,0.0
1.0,0.89622223,1.0
0.0,0.07063123,0.0
0.0,0.06293327,0.0
0.0,0.011059731,0.0
0.0,0.85692215,1.0
1.0,0.789709,1.0
1.0,0.936013,1.0
0.0,0.53324515,1.0
0.0,0.6940085,1.0
1.0,0.9167418,1.0
0.0,0.38451597,0.0
1.0,0.9838604,1.0
1.0,0.3171995,0.0
0.0,0.027677905,0.0
0.0,0.024688056,0.0
0.0,0.008137064,0.0
0.0,0.5181401,1.0
0.0,0.8411573,1.0
0.0,0.12825763,0.0
0.0,0.32156,0.0
0.0,0.92257845,1.0
0.0,0.002589416,0.0
1.0,0.4850067,0.0
0.0,0.32494426,0.0
0.0,0.08881034,0.0
1.0,0.99813914,1.0
1.0,0.7585875,1.0
1.0,0.9846453,1.0
1.0,0.72154015,1.0
1.0,0.79913044,1.0
1.0,0.9502118,1.0
0.0,0.1973331,0.0
0.0,0.50490713,1.0
0.0,0.6409233,1.0
0.0,0.16038722,0.0
1.0,0.033588212,0.0
0.0,0.118146375,0.0
0.0,0.08378569,0.0
1.0,0.4897453,0.0
1.0,0.850737,1.0
0.0,0.05474644,0.0
0.0,0.63383734,1.0
0.0,0.004565384,0.0
1.0,0.93823445,1.0
0.0,0.08440623,0.0
0.0,0.25743634,0.0
0.0,0.037543733,0.0
0.0,0.051168185,0.0
1.0,0.3783119,0.0
1.0,0.9362083,1.0
0.0,0.18817702,0.0
0.0,0.15721044,0.0
0.0,0.09190726,0.0
1.0,0.92791176,1.0
1.0,0.47419038,0.0
0.0,0.029885331,0.0
0.0,0.43269023,0.0
0.0,0.0140980035,0.0
0.0,0.060477957,0.0
1.0,0.40867075,0.0
0.0,0.5209775,1.0
0.0,0.78025913,1.0
1.0,0.5368109,1.0
0.0,0.12824175,0.0
0.0,0.015583771,0.0
1.0,0.99238855,1.0
0.0,0.215717,0.0
0.0,0.18826468,0.0
1.0,0.9298039,1.0
1.0,0.550105,1.0
1.0,0.9968874,1.0
1.0,0.8912063,1.0
0.0,0.03697901,0.0
0.0,0.15414457,0.0
0.0,0.037472226,0.0
1.0,0.99319685,1.0
1.0,0.96388245,1.0
0.0,0.22291905,0.0
1.0,0.88005096,1.0
0.0,0.30926418,0.0
0.0,0.053851746,0.0
1.0,0.8112936,1.0
1.0,0.119857445,0.0
1.0,0.9875525,1.0
0.0,0.096430525,0.0
1.0,0.9454601,1.0
1.0,0.9517572,1.0
0.0,0.3688084,0.0
1.0,0.59483904,1.0
1.0,0.39183328,0.0
0.0,0.01443793,0.0
0.0,0.12756176,0.0
1.0,0.9911844,1.0
1.0,0.97937196,1.0
0.0,0.0057741194,0.0
0.0,0.37695816,0.0
1.0,0.995934,1.0
1.0,0.90024674,1.0
0.0,0.027356917,0.0
0.0,0.2658378,0.0
0.0,0.06726563,0.0
1.0,0.37766704,0.0
1.0,0.8866841,1.0
0.0,0.12113559,0.0
0.0,0.016457206,0.0
1.0,0.0923278,0.0
0.0,0.5218719,1.0
1.0,0.9846607,1.0
1.0,0.37659848,0.0
1.0,0.6615046,1.0
0.0,0.1283511,0.0
0.0,0.82217264,1.0
1.0,0.7968381,1.0
1.0,0.99392575,1.0
0.0,0.025842777,0.0
0.0,0.22938411,0.0
0.0,0.020881144,0.0
0.0,0.35128224,0.0
0.0,0.1849655,0.0
0.0,0.0989395,0.0
1.0,0.6250167,1.0
0.0,0.4232916,0.0
0.0,0.37978867,0.0
0.0,0.26343873,0.0
1.0,0.91760707,1.0
0.0,0.5834,1.0
1.0,0.8616662,1.0
1.0,0.9312522,1.0
0.0,0.48427022,0.0
0.0,0.7212738,1.0
1.0,0.68076056,1.0
0.0,0.49758136,0.0
0.0,0.16635732,0.0
1.0,0.8514907,1.0
1.0,0.9739614,1.0
0.0,0.12883155,0.0
1.0,0.9438923,1.0
1.0,0.7777524,1.0
1.0,0.99946064,1.0
1.0,0.4082926,0.0
1.0,0.93087244,1.0
0.0,0.11755671,0.0
0.0,0.0030427522,0.0
0.0,0.26163703,0.0
1.0,0.99707294,1.0
1.0,0.48423475,0.0
0.0,0.0046217744,0.0
0.0,0.06871487,0.0
1.0,0.9942017,1.0
0.0,0.12145491,0.0
0.0,0.20218335,0.0
0.0,0.06618491,0.0
1.0,0.62115717,1.0
0.0,0.6012758,1.0
1.0,0.47967285,0.0
0.0,0.27213326,0.0
1.0,0.992447,1.0
1.0,0.9931427,1.0
1.0,0.8877654,1.0
1.0,0.5257615,1.0
0.0,0.35786638,0.0
0.0,0.5803694,1.0
1.0,0.9582555,1.0
1.0,0.7977413,1.0
0.0,0.004497308,0.0
1.0,0.9943106,1.0
1.0,0.9983558,1.0
1.0,0.20365314,0.0
0.0,0.0076139825,0.0
0.0,0.35632697,0.0
1.0,0.9377343,1.0
0.0,0.53616226,1.0
1.0,0.4772714,0.0
0.0,0.63678855,1.0
1.0,0.86370903,1.0
1.0,0.71131635,1.0
1.0,0.95233494,1.0
1.0,0.9256577,1.0
0.0,0.53325087,1.0
1.0,0.9773706,1.0
0.0,0.29826894,0.0
1.0,0.9958074,1.0
1.0,0.99552864,1.0
0.0,0.15216468,0.0
0.0,0.27226445,0.0
0.0,0.09913093,0.0
1.0,0.99196666,1.0
1.0,0.99463886,1.0
1.0,0.9707149,1.0
1.0,0.9968009,1.0
1.0,0.9966409,1.0
0.0,0.5487912,1.0
1.0,0.9406104,1.0
0.0,0.0047171824,0.0
1.0,0.9944477,1.0
0.0,0.018274413,0.0
1.0,0.93326575,1.0
1.0,0.8964938,1.0
0.0,0.5411557,1.0
0.0,0.5251867,1.0
0.0,0.06580828,0.0
0.0,0.0053363773,0.0
0.0,0.2877837,0.0
1.0,0.35513818,0.0
0.0,0.031995405,0.0
0.0,0.35420376,0.0
1.0,0.99467033,1.0
1.0,0.30745068,0.0
0.0,0.16247763,0.0
0.0,0.0572691,0.0
1.0,0.51255006,1.0
1.0,0.624249,1.0
1.0,0.84196174,1.0
1.0,0.98473996,1.0
0.0,0.037411682,0.0
0.0,0.84022534,1.0
0.0,0.013855573,0.0
0.0,0.09094857,0.0
1.0,0.80840844,1.0
0.0,0.34397614,0.0
1.0,0.7270571,1.0
0.0,0.14074422,0.0
0.0,0.071387894,0.0
0.0,0.008788384,0.0
1.0,0.45961657,0.0
0.0,0.5541622,1.0
1.0,0.77985406,1.0
1.0,0.98090726,1.0
0.0,0.111477114,0.0
0.0,0.054653686,0.0
1.0,0.6687937,1.0
0.0,0.03686945,0.0
0.0,0.120964594,0.0
0.0,0.047492772,0.0
0.0,0.19451486,0.0
1.0,0.49124077,0.0
1.0,0.9900864,1.0
0.0,0.06259744,0.0
0.0,0.66961795,1.0
1.0,0.4756238,0.0
0.0,0.16730763,0.0
0.0,0.0106608365,0.0
1.0,0.95117444,1.0
1.0,0.70771503,1.0
1.0,0.9541017,1.0
1.0,0.37699407,0.0
1.0,0.24269432,0.0
0.0,0.12704714,0.0
0.0,0.6330698,1.0
1.0,0.98808295,1.0
0.0,0.6901522,1.0
0.0,0.45671207,0.0
0.0,0.42583886,0.0
0.0,0.17248738,0.0
1.0,0.9918835,1.0
0.0,0.004004496,0.0
1.0,0.90604454,1.0
0.0,0.034964945,0.0
0.0,0.020982232,0.0
0.0,0.08227312,0.0
0.0,0.20857295,0.0
1.0,0.9982229,1.0
1.0,0.7988919,1.0
1.0,0.5434322,1.0
0.0,0.049148455,0.0
0.0,0.9879358,1.0
0.0,0.6113117,1.0
0.0,0.70973635,1.0
0.0,0.017942987,0.0
0.0,0.81785256,1.0
0.0,0.4046774,0.0
0.0,0.23151651,0.0
1.0,0.88470787,1.0
0.0,0.06500939,0.0
1.0,0.99867296,1.0
1.0,0.8752053,1.0
0.0,0.10289204,0.0
1.0,0.8769043,1.0
1.0,0.32073358,0.0
1.0,0.8351345,1.0
0.0,0.20526357,0.0
1.0,0.8830374,1.0
0.0,0.0048343535,0.0
1.0,0.5641594,1.0
1.0,0.9883498,1.0
0.0,0.79698974,1.0
0.0,0.7529607,1.0
0.0,0.67842644,1.0
0.0,0.04534072,0.0
0.0,0.07411596,0.0
0.0,0.16880925,0.0
0.0,0.019381309,0.0
0.0,0.3718199,0.0
0.0,0.1975185,0.0
0.0,0.4835522,0.0
0.0,0.10253634,0.0
0.0,0.4342684,0.0
0.0,0.52035344,1.0
1.0,0.83363324,1.0
0.0,0.3703219,0.0
0.0,0.2137756,0.0
1.0,0.8822738,1.0
0.0,0.0361443,0.0
1.0,0.89024305,1.0
1.0,0.31873244,0.0
0.0,0.011650381,0.0
1.0,0.99790925,1.0
1.0,0.7901567,1.0
1.0,0.9907973,1.0
1.0,0.50157714,1.0
0.0,0.19640605,0.0
1.0,0.9992174,1.0
1.0,0.985543,1.0
0.0,0.3330734,0.0
1.0,0.4658163,0.0
0.0,0.12508748,0.0
1.0,0.45535815,0.0
0.0,0.6915288,1.0
0.0,0.63759905,1.0
0.0,0.07507855,0.0
1.0,0.69020486,1.0
1.0,0.9955591,1.0
1.0,0.6934803,1.0
1.0,0.9953294,1.0
0.0,0.0160745,0.0
1.0,0.9597664,1.0
0.0,0.27199528,0.0
0.0,0.1126381,0.0
0.0,0.07083437,0.0
1.0,0.43644622,0.0
1.0,0.23932593,0.0
1.0,0.9953246,1.0
0.0,0.08266132,0.0
1.0,0.9408632,1.0
1.0,0.534935,1.0
0.0,0.20810986,0.0
0.0,0.065878496,0.0
0.0,0.046130586,0.0
0.0,0.17139082,0.0
1.0,0.6328539,1.0
1.0,0.99191636,1.0
0.0,0.2568172,0.0
1.0,0.6406514,1.0
1.0,0.9660348,1.0
1.0,0.9903501,1.0
0.0,0.1076681,0.0
1.0,0.80974275,1.0
0.0,0.0034262384,0.0
0.0,0.17935921,0.0
0.0,0.2286247,0.0
0.0,0.4549292,0.0
0.0,0.13834748,0.0
1.0,0.6049402,1.0
0.0,0.31513014,0.0
0.0,0.41981095,0.0
0.0,0.54585874,1.0
1.0,0.42501208,0.0
0.0,0.38652086,0.0
1.0,0.41288224,0.0
1.0,0.9680762,1.0
0.0,0.52633315,1.0
0.0,0.30596873,0.0
0.0,0.15283625,0.0
0.0,0.6122157,1.0
0.0,0.060672052,0.0
0.0,0.17342012,0.0
0.0,0.44435093,0.0
1.0,0.92484176,1.0
1.0,0.9979547,1.0
0.0,0.021959338,0.0
0.0,0.04780651,0.0
1.0,0.9893965,1.0
0.0,0.5681505,1.0
1.0,0.8413599,1.0
0.0,0.018438423,0.0
0.0,0.06668069,0.0
1.0,0.9877665,1.0
0.0,0.3511561,0.0
0.0,0.93555194,1.0
1.0,0.36715296,0.0
1.0,0.9648464,1.0
0.0,0.033775114,0.0
0.0,0.25321057,0.0
1.0,0.7933158,1.0
0.0,0.11675955,0.0
0.0,0.28627217,0.0
1.0,0.9971215,1.0
0.0,0.15996313,0.0
1.0,0.9880127,1.0
1.0,0.91798383,1.0
0.0,0.06027388,0.0
1.0,0.8810557,1.0
1.0,0.17148043,0.0
0.0,0.037942093,0.0
1.0,0.9921216,1.0
0.0,0.030188091,0.0
0.0,0.04548447,0.0
1.0,0.99144405,1.0
1.0,0.9181788,1.0
1.0,0.998779,1.0
1.0,0.6414982,1.0
1.0,0.7939418,1.0
1.0,0.68946797,1.0
0.0,0.1127334,0.0
0.0,0.025611252,0.0
0.0,0.18314229,0.0
1.0,0.973525,1.0
1.0,0.85210186,1.0
0.0,0.022341266,0.0
1.0,0.9834451,1.0
1.0,0.9907149,1.0
1.0,0.9951749,1.0
1.0,0.9802254,1.0
1.0,0.6720574,1.0
1.0,0.96672165,1.0
1.0,0.8506554,1.0
0.0,0.30257457,0.0
1.0,0.26761454,0.0
1.0,0.87697536,1.0
0.0,0.07900611,0.0
1.0,0.72950315,1.0
0.0,0.22068408,0.0
1.0,0.68355966,1.0
0.0,0.06562903,0.0
1.0,0.7945037,1.0
1.0,0.7434065,1.0
1.0,0.8605782,1.0
1.0,0.9045362,1.0
1.0,0.8760017,1.0
1.0,0.7995693,1.0
0.0,0.039228395,0.0
1.0,0.7887107,1.0
0.0,0.08250802,0.0
0.0,0.29209632,0.0
0.0,0.04114182,0.0
0.0,0.24498872,0.0
0.0,0.117284514,0.0
0.0,0.32041618,0.0
1.0,0.96511215,1.0
1.0,0.9872565,1.0
1.0,0.83185184,1.0
1.0,0.26773039,0.0
0.0,0.020929286,0.0
1.0,0.80923384,1.0
1.0,0.8802821,1.0
1.0,0.3258063,0.0
0.0,0.59744704,1.0
0.0,0.017062407,0.0
1.0,0.73125744,1.0
1.0,0.82197297,1.0
0.0,0.06322125,0.0
0.0,0.30155873,0.0
0.0,0.0031901984,0.0
0.0,0.03832592,0.0
1.0,0.34743196,0.0
1.0,0.7044629,1.0
0.0,0.108209774,0.0
1.0,0.9374591,1.0
0.0,0.019200696,0.0
1.0,0.99731284,1.0
1.0,0.96572244,1.0
1.0,0.81264824,1.0
0.0,0.52139854,1.0
0.0,0.116581306,0.0
1.0,0.82101506,1.0
0.0,0.059555363,0.0
1.0,0.9575151,1.0
1.0,0.6720124,1.0
1.0,0.18139227,0.0
1.0,0.9877993,1.0
0.0,0.18533525,0.0
0.0,0.24564806,0.0
1.0,0.2709759,0.0
1.0,0.78753835,1.0
0.0,0.7162436,1.0
1.0,0.45355174,0.0
0.0,0.062407956,0.0
1.0,0.9988261,1.0
1.0,0.6338232,1.0
0.0,0.0073997704,0.0
1.0,0.9305168,1.0
0.0,0.19124173,0.0
0.0,0.12268087,0.0
0.0,0.38695797,0.0
0.0,0.0044133617,0.0
1.0,0.94698787,1.0
0.0,0.50999314,1.0
1.0,0.71272296,1.0
1.0,0.9923902,1.0
0.0,0.27542737,0.0
0.0,0.040085737,0.0
0.0,0.026924944,0.0
1.0,0.66277045,1.0
1.0,0.99371123,1.0
1.0,0.5570019,1.0
1.0,0.95187575,1.0
0.0,0.022640212,0.0
1.0,0.988785,1.0
0.0,0.06185382,0.0
0.0,0.4679241,0.0
1.0,0.99092954,1.0
1.0,0.9947596,1.0
1.0,0.99482477,1.0
0.0,0.09923897,0.0
1.0,0.58487767,1.0
1.0,0.9939003,1.0
0.0,0.0293332,0.0
1.0,0.99889696,1.0
0.0,0.18194573,0.0
1.0,0.5791742,1.0
1.0,0.96333736,1.0
0.0,0.020307742,0.0
0.0,0.3772625,0.0
1.0,0.2942358,0.0
1.0,0.5597552,1.0
0.0,0.060730923,0.0
0.0,0.19322759,0.0
0.0,0.010479134,0.0
1.0,0.719723,1.0
0.0,0.006259308,0.0
0.0,0.17694043,0.0
0.0,0.06945052,0.0
0.0,0.10552113,0.0
1.0,0.99616194,1.0
0.0,0.11277654,0.0
0.0,0.6703732,1.0
1.0,0.9984199,1.0
1.0,0.94461435,1.0
0.0,0.3213567,0.0
0.0,0.103037454,0.0
0.0,0.0026065465,0.0
1.0,0.7701272,1.0
1.0,0.08894685,0.0
0.0,0.44565666,0.0
1.0,0.99696726,1.0
1.0,0.99705255,1.0
1.0,0.84055865,1.0
1.0,0.4482815,0.0
1.0,0.9846639,1.0
1.0,0.43945596,0.0
1.0,0.9707926,1.0
1.0,0.99597484,1.0
0.0,0.34212583,0.0
0.0,0.053329308,0.0
0.0,0.39444953,0.0
1.0,0.6845751,1.0
0.0,0.19637816,0.0
0.0,0.33056402,0.0
1.0,0.91217536,1.0
1.0,0.99084115,1.0
0.0,0.016896797,0.0
1.0,0.53147435,1.0
1.0,0.9466486,1.0
0.0,0.8865987,1.0
0.0,0.09318174,0.0
1.0,0.99683374,1.0
1.0,0.9908127,1.0
1.0,0.04078108,0.0
0.0,0.06957857,0.0
1.0,0.8597009,1.0
0.0,0.21523757,0.0
0.0,0.6445263,1.0
1.0,0.5571454,1.0
1.0,0.45955014,0.0
0.0,0.10655089,0.0
1.0,0.9924426,1.0
0.0,0.011368936,0.0
1.0,0.93965894,1.0
1.0,0.8601966,1.0
1.0,0.99550074,1.0
0.0,0.0757017,0.0
0.0,0.1220502,0.0
0.0,0.8052956,1.0
0.0,0.14892422,0.0
1.0,0.97402555,1.0
1.0,0.43875098,0.0
0.0,0.04331352,0.0
0.0,0.01874815,0.0
0.0,0.36570618,0.0
1.0,0.8280717,1.0
1.0,0.7600809,1.0
1.0,0.9920035,1.0
0.0,0.9153313,1.0
0.0,0.014811359,0.0
0.0,0.0034451887,0.0
1.0,0.80213505,1.0
1.0,0.99432373,1.0
1.0,0.9231875,1.0
1.0,0.99535596,1.0
1.0,0.7338981,1.0
1.0,0.690713,1.0
0.0,0.5783738,1.0
0.0,0.21887992,0.0
0.0,0.81537396,1.0
1.0,0.697073,1.0
0.0,0.35487452,0.0
1.0,0.9527931,1.0
1.0,0.32311797,0.0
0.0,0.47177362,0.0
0.0,0.06164958,0.0
0.0,0.1567567,0.0
0.0,0.45475677,0.0
0.0,0.68174696,1.0
0.0,0.8394569,1.0
0.0,0.3616905,0.0
0.0,0.08777317,0.0
0.0,0.107304916,0.0
1.0,0.9344174,1.0
0.0,0.0057856995,0.0
0.0,0.078820534,0.0
1.0,0.42688656,0.0
1.0,0.9507857,1.0
0.0,0.30822888,0.0
0.0,0.115179196,0.0
0.0,0.32167673,0.0
1.0,0.9573419,1.0
1.0,0.8532266,1.0
0.0,0.057322245,0.0
1.0,0.80377674,1.0
0.0,0.080657445,0.0
0.0,0.33558235,0.0
1.0,0.9740029,1.0
1.0,0.9378602,1.0
0.0,0.0114671,0.0
1.0,0.920197,1.0
0.0,0.14050554,0.0
1.0,0.960947,1.0
0.0,0.117114864,0.0
0.0,0.1883186,0.0
1.0,0.9950754,1.0
0.0,0.08161138,0.0
1.0,0.98262745,1.0
1.0,0.6288154,1.0
1.0,0.9171615,1.0
1.0,0.66879827,1.0
0.0,0.3314201,0.0
0.0,0.5991335,1.0
0.0,0.048107512,0.0
1.0,0.3170503,0.0
1.0,0.99401253,1.0
0.0,0.47696123,0.0
1.0,0.65810376,1.0
0.0,0.22292228,0.0
1.0,0.87296045,1.0
0.0,0.3112613,0.0
1.0,0.93444157,1.0
0.0,0.40789315,0.0
1.0,0.8327062,1.0
0.0,0.5819488,1.0
0.0,0.18612672,0.0
1.0,0.8146344,1.0
0.0,0.55484825,1.0
0.0,0.13748099,0.0
0.0,0.5922937,1.0
1.0,0.29280895,0.0
0.0,0.39508525,0.0
1.0,0.9645797,1.0
1.0,0.052114725,0.0
0.0,0.26416498,0.0
0.0,0.32778737,0.0
0.0,0.07446775,0.0
0.0,0.38489443,0.0
0.0,0.05095206,0.0
1.0,0.87592584,1.0
1.0,0.35247695,0.0
0.0,0.33062878,0.0
1.0,0.99439335,1.0
1.0,0.29694912,0.0
0.0,0.22924098,0.0
0.0,0.5605318,1.0
1.0,0.78730476,1.0
0.0,0.010506288,0.0
1.0,0.27532253,0.0
1.0,0.93927586,1.0
0.0,0.038735338,0.0
0.0,0.032515854,0.0
0.0,0.008315944,0.0
0.0,0.58482987,1.0
1.0,0.9969465,1.0
1.0,0.8443589,1.0
0.0,0.06099092,0.0
0.0,0.09372613,0.0
0.0,0.64981747,1.0
0.0,0.023984682,0.0
0.0,0.09867664,0.0
1.0,0.87583494,1.0
0.0,0.3449301,0.0
1.0,0.35027918,0.0
0.0,0.0065525365,0.0
1.0,0.794723,1.0
0.0,0.01871146,0.0
0.0,0.16109806,0.0
1.0,0.96582365,1.0
1.0,0.9940666,1.0
0.0,0.20085393,0.0
1.0,0.7547847,1.0
1.0,0.84490633,1.0
1.0,0.96753025,1.0
1.0,0.99415874,1.0
0.0,0.06625947,0.0
0.0,0.36434045,0.0
0.0,0.022683302,0.0
0.0,0.32958496,0.0
1.0,0.66998225,1.0
0.0,0.4209589,0.0
0.0,0.007884998,0.0
1.0,0.9905303,1.0
0.0,0.01599071,0.0
1.0,0.99528104,1.0
0.0,0.3148749,0.0
1.0,0.978901,1.0
0.0,0.009564589,0.0
1.0,0.99451965,1.0
0.0,0.4169651,0.0
1.0,0.9945412,1.0
0.0,0.21347731,0.0
1.0,0.99937624,1.0
0.0,0.09939744,0.0
0.0,0.12850806,0.0
0.0,0.41257992,0.0
0.0,0.026351636,0.0
0.0,0.10176503,0.0
1.0,0.8987601,1.0
1.0,0.98925555,1.0
1.0,0.18696448,0.0
0.0,0.009855188,0.0
1.0,0.98351073,1.0
1.0,0.4127277,0.0
1.0,0.9874265,1.0
1.0,0.9847653,1.0
1.0,0.9925162,1.0
1.0,0.9921192,1.0
0.0,0.496813,0.0
1.0,0.9973347,1.0
1.0,0.8884034,1.0
1.0,0.94865113,1.0
1.0,0.2744145,0.0
1.0,0.7762548,1.0
1.0,0.17244919,0.0
0.0,0.05933986,0.0
1.0,0.97330624,1.0
0.0,0.024857657,0.0
1.0,0.65806204,1.0
0.0,0.013395135,0.0
1.0,0.65579015,1.0
1.0,0.9985954,1.0
0.0,0.022640252,0.0
1.0,0.6708654,1.0
1.0,0.9760829,1.0
1.0,0.52477926,1.0
0.0,0.13011774,0.0
1.0,0.9597764,1.0
1.0,0.559978,1.0
0.0,0.3008412,0.0
0.0,0.104584195,0.0
1.0,0.53188145,1.0
0.0,0.18062031,0.0
1.0,0.9745969,1.0
0.0,0.0965397,0.0
0.0,0.16929339,0.0
0.0,0.06398952,0.0
1.0,0.8398417,1.0
0.0,0.030811016,0.0
1.0,0.9751593,1.0
1.0,0.98979795,1.0
0.0,0.5339047,1.0
1.0,0.93333066,1.0
1.0,0.99436617,1.0
0.0,0.50441206,1.0
0.0,0.025575796,0.0
1.0,0.99903476,1.0
1.0,0.960687,1.0
0.0,0.07854385,0.0
0.0,0.50548595,1.0
0.0,0.033826623,0.0
1.0,0.993956,1.0
1.0,0.98025,1.0
1.0,0.9626132,1.0
0.0,0.04711736,0.0
0.0,0.1361591,0.0
0.0,0.10887825,0.0
1.0,0.426056,0.0
1.0,0.7045736,1.0
0.0,0.20823081,0.0
1.0,0.9800314,1.0
1.0,0.70744985,1.0
0.0,0.28983006,0.0
0.0,0.25459233,0.0
1.0,0.97218174,1.0
1.0,0.97690636,1.0
1.0,0.9914287,1.0
1.0,0.94123083,1.0
0.0,0.0064702886,0.0
0.0,0.10250525,0.0
1.0,0.88766694,1.0
0.0,0.23255338,0.0
0.0,0.55464906,1.0
0.0,0.30432078,0.0
1.0,0.8336574,1.0
0.0,0.11164762,0.0
0.0,0.0666096,0.0
1.0,0.99516064,1.0
0.0,0.028985078,0.0
0.0,0.48743862,0.0
1.0,0.83452547,1.0
1.0,0.8570249,1.0
1.0,0.992312,1.0
1.0,0.98420745,1.0
1.0,0.9050512,1.0
0.0,0.036898464,0.0
0.0,0.12768017,0.0
1.0,0.6255222,1.0
1.0,0.99653035,1.0
0.0,0.042727143,0.0
1.0,0.99161315,1.0
0.0,0.11222842,0.0
0.0,0.0912563,0.0
0.0,0.0035850808,0.0
1.0,0.14011444,0.0
1.0,0.96710426,1.0
1.0,0.9601402,1.0
1.0,0.7218302,1.0
0.0,0.33689496,0.0
0.0,0.1993531,0.0
0.0,0.045642585,0.0
0.0,0.07288952,0.0
0.0,0.017050255,0.0
1.0,0.89152944,1.0
0.0,0.6565212,1.0
0.0,0.620754,1.0
1.0,0.9595319,1.0
1.0,0.31071866,0.0
1.0,0.7924128,1.0
0.0,0.09511778,0.0
1.0,0.9847291,1.0
1.0,0.43342194,0.0
0.0,0.00781921,0.0
1.0,0.48808736,0.0
0.0,0.6283732,1.0
0.0,0.12028492,0.0
1.0,0.9733482,1.0
0.0,0.051238943,0.0
0.0,0.57013273,1.0
1.0,0.49997628,0.0
0.0,0.027451238,0.0
0.0,0.12981993,0.0
0.0,0.64415836,1.0
0.0,0.9256047,1.0
0.0,0.16706164,0.0
1.0,0.53585273,1.0
0.0,0.12567149,0.0
1.0,0.96423477,1.0
1.0,0.9141233,1.0
0.0,0.13650557,0.0
0.0,0.004637255,0.0
1.0,0.95585704,1.0
0.0,0.59077287,1.0
0.0,0.005592828,0.0
0.0,0.084962465,0.0
1.0,0.3897859,0.0
1.0,0.47516605,0.0
0.0,0.19456469,0.0
0.0,0.26483494,0.0
0.0,0.33218443,0.0
0.0,0.056745853,0.0
1.0,0.4604722,0.0
0.0,0.18468952,0.0
0.0,0.046197984,0.0
0.0,0.4484399,0.0
0.0,0.06752867,0.0
0.0,0.1145733,0.0
1.0,0.06609809,0.0
0.0,0.13180684,0.0
1.0,0.68282783,1.0
0.0,0.010959856,0.0
0.0,0.038826574,0.0
0.0,0.059458062,0.0
0.0,0.26125014,0.0
1.0,0.5405728,1.0
1.0,0.9965904,1.0
1.0,0.77101815,1.0
0.0,0.3074252,0.0
1.0,0.8999932,1.0
1.0,0.7005776,1.0
0.0,0.76873183,1.0
0.0,0.005004414,0.0
0.0,0.009924525,0.0
1.0,0.8834143,1.0
1.0,0.9613915,1.0
0.0,0.9253134,1.0
0.0,0.031203812,0.0
1.0,0.9158215,1.0
1.0,0.98244435,1.0
1.0,0.30598596,0.0
0.0,0.59361774,1.0
1.0,0.85428315,1.0
1.0,0.895044,1.0
1.0,0.9979132,1.0
0.0,0.6980367,1.0
1.0,0.9733097,1.0
1.0,0.9993742,1.0
1.0,0.99633586,1.0
0.0,0.1129794,0.0
1.0,0.9949911,1.0
1.0,0.86423075,1.0
0.0,0.6658945,1.0
0.0,0.43000466,0.0
1.0,0.73394024,1.0
1.0,0.8838259,1.0
0.0,0.7620799,1.0
0.0,0.56589264,1.0
0.0,0.38988832,0.0
0.0,0.28016588,0.0
0.0,0.47958297,0.0
1.0,0.8945468,1.0
1.0,0.9983188,1.0
1.0,0.9703733,1.0
0.0,0.00482208,0.0
0.0,0.06653803,0.0
1.0,0.9694359,1.0
0.0,0.23683785,0.0
0.0,0.11362819,0.0
1.0,0.7016839,1.0
0.0,0.19179928,0.0
0.0,0.28649017,0.0
0.0,0.11914118,0.0
0.0,0.19193597,0.0
1.0,0.8990088,1.0
0.0,0.14661972,0.0
0.0,0.39467317,0.0
0.0,0.0069087762,0.0
0.0,0.16940624,0.0
1.0,0.61894995,1.0
1.0,0.9412702,1.0
0.0,0.1418195,0.0
1.0,0.91093564,1.0
1.0,0.99750537,1.0
0.0,0.061294317,0.0
1.0,0.98907053,1.0
0.0,0.007893784,0.0
0.0,0.027181618,0.0
1.0,0.9785129,1.0
0.0,0.33575895,0.0
0.0,0.07159557,0.0
1.0,0.92828995,1.0
0.0,0.041823763,0.0
1.0,0.9501319,1.0
0.0,0.05256806,0.0
1.0,0.8243726,1.0
1.0,0.77877843,1.0
1.0,0.46330634,0.0
0.0,0.14208964,0.0
0.0,0.0031730176,0.0
0.0,0.91226333,1.0
0.0,0.91333586,1.0
0.0,0.14399539,0.0
0.0,0.04117552,0.0
1.0,0.8149939,1.0
1.0,0.90892935,1.0
1.0,0.9687827,1.0
0.0,0.014290342,0.0
0.0,0.0072236825,0.0
0.0,0.3130196,0.0
1.0,0.9532678,1.0
1.0,0.101790234,0.0
0.0,0.24324828,0.0
1.0,0.9377448,1.0
0.0,0.038759243,0.0
0.0,0.0069303177,0.0
0.0,0.19323762,0.0
1.0,0.41721815,0.0
0.0,0.23322903,0.0
1.0,0.86749905,1.0
1.0,0.98154736,1.0
1.0,0.9935789,1.0
1.0,0.446908,0.0
1.0,0.9165048,1.0
0.0,0.034845676,0.0
1.0,0.30299252,0.0
0.0,0.09554538,0.0
1.0,0.9682788,1.0
1.0,0.9457001,1.0
1.0,0.82611567,1.0
1.0,0.7283604,1.0
1.0,0.4298264,0.0
1.0,0.99070626,1.0
0.0,0.49412513,0.0
1.0,0.6883178,1.0
0.0,0.04649534,0.0
1.0,0.87363863,1.0
0.0,0.012023013,0.0
0.0,0.22933589,0.0
1.0,0.20732348,0.0
0.0,0.021913022,0.0
1.0,0.97766656,1.0
0.0,0.8204548,1.0
0.0,0.26507324,0.0
1.0,0.98313326,1.0
1.0,0.8147687,1.0
0.0,0.45337147,0.0
0.0,0.29515803,0.0
1.0,0.84977204,1.0
1.0,0.6419266,1.0
1.0,0.3814251,0.0
0.0,0.23071665,0.0
1.0,0.932254,1.0
0.0,0.025149956,0.0
1.0,0.99435943,1.0
0.0,0.19145682,0.0
0.0,0.18482111,0.0
0.0,0.64532334,1.0
1.0,0.7722053,1.0
0.0,0.13391046,0.0
0.0,0.010774234,0.0
1.0,0.9653086,1.0
1.0,0.9926369,1.0
1.0,0.99618536,1.0
1.0,0.982202,1.0
1.0,0.85213745,1.0
1.0,0.39603934,0.0
0.0,0.15895136,0.0
0.0,0.00663572,0.0
1.0,0.9963953,1.0
0.0,0.33773538,0.0
0.0,0.07256572,0.0
0.0,0.18184131,0.0
1.0,0.98860604,1.0
1.0,0.9988268,1.0
0.0,0.119935095,0.0
0.0,0.8777064,1.0
1.0,0.62559843,1.0
1.0,0.9768968,1.0
1.0,0.10413588,0.0
1.0,0.9965668,1.0
1.0,0.9671485,1.0
1.0,0.58927876,1.0
1.0,0.9963547,1.0
0.0,0.09520204,0.0
0.0,0.7396826,1.0
0.0,0.51414585,1.0
1.0,0.46301743,0.0
1.0,0.9970703,1.0
1.0,0.5863868,1.0
0.0,0.27634418,0.0
0.0,0.10795011,0.0
0.0,0.004618007,0.0
0.0,0.05754934,0.0
1.0,0.9772544,1.0
0.0,0.013936262,0.0
1.0,0.82797617,1.0
1.0,0.64718515,1.0
1.0,0.945714,1.0
0.0,0.049229734,0.0
1.0,0.52847916,1.0
0.0,0.01796499,0.0
1.0,0.99443036,1.0
0.0,0.02831458,0.0
1.0,0.57021475,1.0
0.0,0.12665544,0.0
1.0,0.8117108,1.0
1.0,0.9829038,1.0
0.0,0.730969,1.0
0.0,0.18776217,0.0
0.0,0.5099125,1.0
1.0,0.9928318,1.0
1.0,0.6799987,1.0
0.0,0.41034502,0.0
1.0,0.64032334,1.0
1.0,0.99103314,1.0
0.0,0.37900874,0.0
1.0,0.10266162,0.0
1.0,0.7253674,1.0
0.0,0.83053815,1.0
0.0,0.108192384,0.0
1.0,0.87498957,1.0
0.0,0.7512063,1.0
1.0,0.2897507,0.0
1.0,0.14968444,0.0
1.0,0.5617402,1.0
0.0,0.6899176,1.0
0.0,0.01243552,0.0
1.0,0.99232906,1.0
0.0,0.18342218,0.0
0.0,0.03510305,0.0
1.0,0.9716342,1.0
0.0,0.32789192,0.0
0.0,0.35356963,0.0
0.0,0.116172604,0.0
0.0,0.14160353,0.0
0.0,0.05995652,0.0
0.0,0.37329265,0.0
1.0,0.9897301,1.0
1.0,0.99721473,1.0
1.0,0.82065666,1.0
1.0,0.17115495,0.0
0.0,0.41265267,0.0
0.0,0.19765763,0.0
1.0,0.11963624,0.0
0.0,0.09625755,0.0
0.0,0.3169981,0.0
0.0,0.33625934,0.0
1.0,0.8647612,1.0
0.0,0.4026807,0.0
1.0,0.37519032,0.0
1.0,0.6110917,1.0
0.0,0.634167,1.0
0.0,0.31526816,0.0
0.0,0.65513355,1.0
0.0,0.11670954,0.0
0.0,0.0960812,0.0
1.0,0.68682116,1.0
0.0,0.0017774615,0.0
1.0,0.3826364,0.0
1.0,0.90015465,1.0
0.0,0.047562107,0.0
1.0,0.9944179,1.0
0.0,0.141421,0.0
1.0,0.47149166,0.0
0.0,0.1069953,0.0
0.0,0.24536571,0.0
1.0,0.11714323,0.0
1.0,0.853326,1.0
1.0,0.9963446,1.0
0.0,0.4676567,0.0
0.0,0.4537587,0.0
1.0,0.94790924,1.0
1.0,0.9803019,1.0
0.0,0.49460268,0.0
0.0,0.09284626,0.0
0.0,0.050938062,0.0
0.0,0.56232196,1.0
0.0,0.17885596,0.0
0.0,0.1991977,0.0
0.0,0.45901725,0.0
0.0,0.021011025,0.0
0.0,0.29870555,0.0
1.0,0.9875985,1.0
0.0,0.031037824,0.0
1.0,0.8849353,1.0
1.0,0.9533505,1.0
0.0,0.050214555,0.0
1.0,0.9975197,1.0
1.0,0.9953916,1.0
1.0,0.9413443,1.0
0.0,0.13133924,0.0
0.0,0.113975085,0.0
1.0,0.79310006,1.0
0.0,0.091514125,0.0
0.0,0.0962868,0.0
0.0,0.17655784,0.0
1.0,0.98967886,1.0
0.0,0.29059464,0.0
1.0,0.094498195,0.0
0.0,0.007617443,0.0
1.0,0.79058,1.0
1.0,0.96409667,1.0
1.0,0.95063895,1.0
0.0,0.034218095,0.0
1.0,0.98722446,1.0
0.0,0.18998234,0.0
1.0,0.5808712,1.0
0.0,0.013463202,0.0
0.0,0.024788642,0.0
0.0,0.10288071,0.0
1.0,0.9974463,1.0
1.0,0.9799193,1.0
1.0,0.96925396,1.0
1.0,0.9616562,1.0
0.0,0.029864145,0.0
0.0,0.6947864,1.0
0.0,0.56836134,1.0
1.0,0.7598467,1.0
1.0,0.82495797,1.0
0.0,0.6617229,1.0
0.0,0.054837257,0.0
0.0,0.20327777,0.0
1.0,0.74035805,1.0
0.0,0.24232225,0.0
1.0,0.99873465,1.0
1.0,0.3070525,0.0
1.0,0.28407678,0.0
0.0,0.3614281,0.0
0.0,0.26627368,0.0
0.0,0.0277104,0.0
1.0,0.159365,0.0
1.0,0.064856574,0.0
0.0,0.3414522,0.0
0.0,0.0025545962,0.0
0.0,0.5164948,1.0
0.0,0.25704345,0.0
0.0,0.21937074,0.0
1.0,0.119184196,0.0
1.0,0.99660987,1.0
1.0,0.9944541,1.0
1.0,0.93418455,1.0
0.0,0.04187607,0.0
1.0,0.7384257,1.0
0.0,0.2900707,0.0
1.0,0.99391854,1.0
0.0,0.7522538,1.0
1.0,0.22981717,0.0
1.0,0.91739714,1.0
1.0,0.94471806,1.0
0.0,0.3836984,0.0
0.0,0.81439483,1.0
0.0,0.60655636,1.0
0.0,0.55442256,1.0
1.0,0.99675494,1.0
1.0,0.28711298,0.0
0.0,0.06825458,0.0
1.0,0.883565,1.0
0.0,0.11206121,0.0
1.0,0.71047693,1.0
1.0,0.3117367,0.0
1.0,0.32304937,0.0
0.0,0.03046787,0.0
1.0,0.8858845,1.0
0.0,0.19484368,0.0
1.0,0.98436695,1.0
0.0,0.009441381,0.0
1.0,0.98046976,1.0
0.0,0.21478346,0.0
0.0,0.076029725,0.0
1.0,0.97019506,1.0
0.0,0.33731622,0.0
1.0,0.8518923,1.0
1.0,0.8448704,1.0
1.0,0.11344666,0.0
1.0,0.95143366,1.0
0.0,0.43898883,0.0
0.0,0.49968043,0.0
0.0,0.02654986,0.0
0.0,0.17947592,0.0
1.0,0.9629709,1.0
0.0,0.14785884,0.0
1.0,0.9469943,1.0
1.0,0.82275087,1.0
1.0,0.5504936,1.0
1.0,0.9382409,1.0
1.0,0.9061851,1.0
1.0,0.99504745,1.0
0.0,0.026572669,0.0
1.0,0.5600479,1.0
1.0,0.7953249,1.0
1.0,0.54610765,1.0
1.0,0.26637623,0.0
1.0,0.51838785,1.0
0.0,0.047754876,0.0
0.0,0.08310944,0.0
0.0,0.4570951,0.0
0.0,0.009609402,0.0
1.0,0.98858637,1.0
0.0,0.38835108,0.0
0.0,0.7265838,1.0
1.0,0.98686206,1.0
0.0,0.23298603,0.0
0.0,0.48962307,0.0
1.0,0.97270375,1.0
0.0,0.15808964,0.0
0.0,0.039515924,0.0
1.0,0.27786145,0.0
1.0,0.9986083,1.0
1.0,0.83086234,1.0
0.0,0.33555523,0.0
0.0,0.45838395,0.0
1.0,0.47119653,0.0
1.0,0.9996369,1.0
0.0,0.08106998,0.0
0.0,0.012366249,0.0
0.0,0.24589166,0.0
1.0,0.982346,1.0
1.0,0.98835295,1.0
0.0,0.38494128,0.0
0.0,0.08114107,0.0
1.0,0.49167612,0.0
0.0,0.071619585,0.0
0.0,0.4224614,0.0
1.0,0.7388236,1.0
1.0,0.9928027,1.0
0.0,0.4000582,0.0
0.0,0.48171133,0.0
1.0,0.99793893,1.0
0.0,0.76622975,1.0
0.0,0.27452257,0.0
0.0,0.8826743,1.0
1.0,0.23617117,0.0
1.0,0.9562618,1.0
0.0,0.21432766,0.0
0.0,0.0070445267,0.0
0.0,0.11735402,0.0
0.0,0.2350209,0.0
1.0,0.7084281,1.0
0.0,0.024121737,0.0
0.0,0.14995393,0.0
0.0,0.0430353,0.0
1.0,0.99434483,1.0
1.0,0.9925504,1.0
1.0,0.9927557,1.0
1.0,0.98242056,1.0
1.0,0.42618036,0.0
1.0,0.99920756,1.0
1.0,0.97253925,1.0
0.0,0.5277202,1.0
0.0,0.063150086,0.0
1.0,0.8577723,1.0
0.0,0.07595178,0.0
0.0,0.25194976,0.0
0.0,0.042858865,0.0
1.0,0.9973476,1.0
0.0,0.119068146,0.0
0.0,0.084942244,0.0
1.0,0.6314039,1.0
1.0,0.6153886,1.0
1.0,0.9958301,1.0
1.0,0.8572606,1.0
1.0,0.99871325,1.0
1.0,0.93857175,1.0
1.0,0.9852064,1.0
0.0,0.4261966,0.0
0.0,0.07526859,0.0
1.0,0.90343994,1.0
1.0,0.8381289,1.0
0.0,0.5899833,1.0
1.0,0.9633042,1.0
1.0,0.98528045,1.0
0.0,0.034138456,0.0
1.0,0.49911726,0.0
0.0,0.27013773,0.0
1.0,0.6297832,1.0
0.0,0.3865434,0.0
1.0,0.9751746,1.0
1.0,0.7989149,1.0
1.0,0.9136192,1.0
1.0,0.2926268,0.0
1.0,0.8799002,1.0
0.0,0.41067192,0.0
1.0,0.8473609,1.0
0.0,0.0064443615,0.0
0.0,0.2634689,0.0
1.0,0.83945656,1.0
1.0,0.51095194,1.0
0.0,0.07144904,0.0
0.0,0.061707113,0.0
0.0,0.01186396,0.0
0.0,0.394123,0.0
0.0,0.80017483,1.0
1.0,0.32041657,0.0
0.0,0.61992574,1.0
1.0,0.9441641,1.0
1.0,0.9958561,1.0
1.0,0.9810465,1.0
1.0,0.8219072,1.0
0.0,0.29289752,0.0
0.0,0.7166655,1.0
0.0,0.6955249,1.0
1.0,0.99390984,1.0
0.0,0.25123084,0.0
0.0,0.23887517,0.0
1.0,0.9309592,1.0
1.0,0.98737866,1.0
0.0,0.102965355,0.0
1.0,0.99174386,1.0
1.0,0.8964574,1.0
1.0,0.7586202,1.0
1.0,0.9192708,1.0
0.0,0.0045976657,0.0
1.0,0.17122814,0.0
1.0,0.9935823,1.0
0.0,0.72017837,1.0
1.0,0.64743,1.0
1.0,0.9991462,1.0
1.0,0.96775556,1.0
0.0,0.16212238,0.0
1.0,0.85099703,1.0
1.0,0.98777264,1.0
1.0,0.98867303,1.0
1.0,0.8903028,1.0
0.0,0.033560973,0.0
0.0,0.21334879,0.0
0.0,0.016985245,0.0
0.0,0.42987895,0.0
0.0,0.021528352,0.0
1.0,0.97529024,1.0
1.0,0.93748724,1.0
1.0,0.83354247,1.0
0.0,0.18165633,0.0
1.0,0.28775907,0.0
0.0,0.21565594,0.0
0.0,0.74007547,1.0
1.0,0.99952006,1.0
1.0,0.8671398,1.0
0.0,0.08934573,0.0
1.0,0.9911642,1.0
0.0,0.42170542,0.0
1.0,0.9807278,1.0
1.0,0.99871767,1.0
0.0,0.05539783,0.0
0.0,0.025055446,0.0
0.0,0.016093887,0.0
0.0,0.50226307,1.0
0.0,0.13378358,0.0
1.0,0.9984291,1.0
0.0,0.25404552,0.0
0.0,0.020503446,0.0
0.0,0.01333943,0.0
1.0,0.90236676,1.0
1.0,0.9904446,1.0
1.0,0.97638834,1.0
1.0,0.5658284,1.0
1.0,0.9564114,1.0
0.0,0.013620413,0.0
1.0,0.79050463,1.0
0.0,0.02845392,0.0
1.0,0.9853559,1.0
0.0,0.005286702,0.0
0.0,0.77069557,1.0
0.0,0.722675,1.0
1.0,0.9214174,1.0
1.0,0.76528454,1.0
1.0,0.8421564,1.0
1.0,0.8536453,1.0
1.0,0.8992055,1.0
1.0,0.9791672,1.0
1.0,0.9929906,1.0
0.0,0.75043446,1.0
0.0,0.8019472,1.0
0.0,0.20753945,0.0
0.0,0.39483294,0.0
1.0,0.8896875,1.0
1.0,0.67298657,1.0
0.0,0.51597494,1.0
0.0,0.31378847,0.0
0.0,0.14958106,0.0
1.0,0.52764446,1.0
0.0,0.03985168,0.0
0.0,0.008973853,0.0
1.0,0.95295453,1.0
1.0,0.9918846,1.0
0.0,0.11893006,0.0
1.0,0.8004585,1.0
1.0,0.42410758,0.0
1.0,0.24008724,0.0
0.0,0.17274538,0.0
0.0,0.37866664,0.0
0.0,0.29122734,0.0
0.0,0.13413693,0.0
0.0,0.012060856,0.0
0.0,0.14094265,0.0
0.0,0.05972373,0.0
0.0,0.19114305,0.0
0.0,0.08844319,0.0
0.0,0.42532593,0.0
0.0,0.40974718,0.0
1.0,0.82741475,1.0
0.0,0.0046287426,0.0
0.0,0.4001302,0.0
0.0,0.02670795,0.0
1.0,0.8400689,1.0
0.0,0.057281125,0.0
0.0,0.07287036,0.0
1.0,0.9635194,1.0
0.0,0.11596704,0.0
0.0,0.024866777,0.0
0.0,0.0125406375,0.0
1.0,0.9800693,1.0
1.0,0.7058814,1.0
0.0,0.07950137,0.0
0.0,0.3969991,0.0
1.0,0.780206,1.0
1.0,0.9720104,1.0
0.0,0.10002981,0.0
1.0,0.27147278,0.0
1.0,0.75601244,1.0
0.0,0.05246038,0.0
1.0,0.7024949,1.0
1.0,0.66255724,1.0
0.0,0.13842815,0.0
1.0,0.82127345,1.0
0.0,0.077854,0.0
0.0,0.47450614,0.0
0.0,0.5216654,1.0
0.0,0.09942092,0.0
0.0,0.006469197,0.0
0.0,0.13959138,0.0
0.0,0.06832412,0.0
1.0,0.9734109,1.0
1.0,0.7814928,1.0
0.0,0.18408358,0.0
1.0,0.96474886,1.0
1.0,0.81073654,1.0
0.0,0.6210625,1.0
1.0,0.6214546,1.0
1.0,0.14138311,0.0
0.0,0.36888325,0.0
1.0,0.2184234,0.0
0.0,0.260842,0.0
0.0,0.027270246,0.0
1.0,0.7462256,1.0
1.0,0.37845814,0.0
0.0,0.20597939,0.0
1.0,0.52969676,1.0
0.0,0.5352893,1.0
0.0,0.09375366,0.0
1.0,0.9969189,1.0
1.0,0.87660754,1.0
0.0,0.19141814,0.0
0.0,0.20505716,0.0
1.0,0.99411017,1.0
0.0,0.018825047,0.0
0.0,0.46593076,0.0
1.0,0.99951446,1.0
1.0,0.87288845,1.0
1.0,0.9965396,1.0
1.0,0.6601583,1.0
1.0,0.612699,1.0
1.0,0.5119583,1.0
0.0,0.19521847,0.0
1.0,0.6423827,1.0
0.0,0.70754075,1.0
0.0,0.023215856,0.0
1.0,0.99899966,1.0
1.0,0.94574034,1.0
1.0,0.90680075,1.0
1.0,0.991824,1.0
0.0,0.27580827,0.0
1.0,0.7584013,1.0
0.0,0.08827605,0.0
1.0,0.99269086,1.0
0.0,0.009714337,0.0
1.0,0.37749904,0.0
0.0,0.034334563,0.0
0.0,0.16800597,0.0
1.0,0.64194125,1.0
1.0,0.99506736,1.0
1.0,0.91997874,1.0
1.0,0.40458864,0.0
1.0,0.99768853,1.0
0.0,0.100724734,0.0
0.0,0.124011,0.0
1.0,0.81180793,1.0
1.0,0.52990127,1.0
1.0,0.6070032,1.0
1.0,0.2850552,0.0
1.0,0.5636008,1.0
0.0,0.03448795,0.0
1.0,0.9952898,1.0
0.0,0.6073824,1.0
1.0,0.5922181,1.0
0.0,0.09243924,0.0
1.0,0.90952677,1.0
0.0,0.19319965,0.0
0.0,0.025444206,0.0
1.0,0.98943335,1.0
1.0,0.99515945,1.0
0.0,0.062426683,0.0
0.0,0.36935195,0.0
0.0,0.19662838,0.0
1.0,0.07507374,0.0
0.0,0.14447807,0.0
0.0,0.13481122,0.0
0.0,0.0540055,0.0
0.0,0.6084274,1.0
0.0,0.019830408,0.0
0.0,0.6500598,1.0
0.0,0.039286133,0.0
0.0,0.08795577,0.0
0.0,0.1295618,0.0
1.0,0.4853744,0.0
0.0,0.5473939,1.0
1.0,0.9788858,1.0
1.0,0.7099067,1.0
1.0,0.9995443,1.0
1.0,0.59249145,1.0
0.0,0.041324314,0.0
1.0,0.81635064,1.0
0.0,0.021752123,0.0
0.0,0.14060129,0.0
0.0,0.033084422,0.0
1.0,0.97179544,1.0
0.0,0.09537063,0.0
0.0,0.56319547,1.0
1.0,0.9186314,1.0
1.0,0.99856216,1.0
1.0,0.9241102,1.0
1.0,0.9991283,1.0
0.0,0.16197883,0.0
1.0,0.49788976,0.0
1.0,0.9930034,1.0
0.0,0.028874189,0.0
1.0,0.55134696,1.0
1.0,0.98531127,1.0
1.0,0.9886076,1.0
0.0,0.2920773,0.0
1.0,0.9943368,1.0
0.0,0.18128514,0.0
1.0,0.8875241,1.0
0.0,0.0141660115,0.0
0.0,0.007833773,0.0
1.0,0.8954465,1.0
0.0,0.48549068,0.0
1.0,0.95630676,1.0
1.0,0.8458231,1.0
0.0,0.019707974,0.0
0.0,0.16570589,0.0
1.0,0.99330854,1.0
1.0,0.9871121,1.0
1.0,0.9680678,1.0
1.0,0.86287796,1.0
0.0,0.20006946,0.0
0.0,0.009589107,0.0
0.0,0.70965415,1.0
1.0,0.9007578,1.0
0.0,0.5680307,1.0
1.0,0.40424377,0.0
0.0,0.003819872,0.0
0.0,0.82832295,1.0
1.0,0.98409295,1.0
0.0,0.33012277,0.0
1.0,0.07548671,0.0
0.0,0.027161539,0.0
1.0,0.65063345,1.0
1.0,0.85492986,1.0
1.0,0.8174252,1.0
1.0,0.4063096,0.0
0.0,0.15442412,0.0
1.0,0.9976121,1.0
1.0,0.9150731,1.0
1.0,0.8748139,1.0
0.0,0.51657254,1.0
0.0,0.49621683,0.0
1.0,0.79933876,1.0
1.0,0.86636925,1.0
1.0,0.3918097,0.0
0.0,0.7100033,1.0
0.0,0.05163017,0.0
0.0,0.35487983,0.0
0.0,0.023373432,0.0
0.0,0.68252134,1.0
0.0,0.7566714,1.0
0.0,0.035814993,0.0
0.0,0.015072826,0.0
0.0,0.2997396,0.0
0.0,0.036363207,0.0
1.0,0.27705044,0.0
0.0,0.27984267,0.0
1.0,0.397646,0.0
0.0,0.023121165,0.0
1.0,0.82772493,1.0
0.0,0.16789001,0.0
0.0,0.640676,1.0
1.0,0.9909383,1.0
1.0,0.9034515,1.0
1.0,0.9981906,1.0
0.0,0.09528086,0.0
0.0,0.029704215,0.0
1.0,0.47605425,0.0
0.0,0.08658837,0.0
0.0,0.010688492,0.0
0.0,0.23562455,0.0
1.0,0.99174994,1.0
0.0,0.0060534324,0.0
1.0,0.7895684,1.0
1.0,0.9580313,1.0
1.0,0.989379,1.0
1.0,0.98511916,1.0
0.0,0.0033362852,0.0
0.0,0.32140675,0.0
0.0,0.14371458,0.0
0.0,0.10850871,0.0
0.0,0.89417166,1.0
1.0,0.99860424,1.0
0.0,0.0024297256,0.0
1.0,0.92486775,1.0
0.0,0.018341709,0.0
1.0,0.9338939,1.0
1.0,0.88006645,1.0
1.0,0.9693406,1.0
0.0,0.40006852,0.0
0.0,0.031465437,0.0
0.0,0.5071693,1.0
0.0,0.714654,1.0
0.0,0.8399616,1.0
0.0,0.50276506,1.0
0.0,0.13866018,0.0
1.0,0.45300147,0.0
1.0,0.99075025,1.0
1.0,0.9941858,1.0
1.0,0.75796276,1.0
1.0,0.80274004,1.0
0.0,0.26204458,0.0
0.0,0.168442,0.0
1.0,0.99741554,1.0
0.0,0.0065705427,0.0
0.0,0.55608815,1.0
1.0,0.82256013,1.0
1.0,0.9512672,1.0
0.0,0.13830149,0.0
1.0,0.6355344,1.0
0.0,0.058769315,0.0
1.0,0.9967968,1.0
1.0,0.98728704,1.0
0.0,0.12662284,0.0
1.0,0.9944646,1.0
1.0,0.88117945,1.0
1.0,0.86654234,1.0
1.0,0.85763836,1.0
0.0,0.47282773,0.0
1.0,0.79836476,1.0
1.0,0.56053907,1.0
1.0,0.97458696,1.0
1.0,0.57415605,1.0
1.0,0.97138184,1.0
1.0,0.99305516,1.0
0.0,0.09913806,0.0
1.0,0.48118478,0.0
0.0,0.7456388,1.0
0.0,0.010669087,0.0
1.0,0.14913242,0.0
1.0,0.90561336,1.0
1.0,0.9443294,1.0
0.0,0.043295145,0.0
1.0,0.6901802,1.0
1.0,0.99763525,1.0
1.0,0.6894767,1.0
1.0,0.95481074,1.0
1.0,0.30763948,0.0
1.0,0.85954285,1.0
0.0,0.012455599,0.0
1.0,0.5266694,1.0
0.0,0.14768639,0.0
0.0,0.08756721,0.0
0.0,0.07068362,0.0
0.0,0.015782235,0.0
1.0,0.95373946,1.0
0.0,0.0029033853,0.0
1.0,0.9408387,1.0
1.0,0.8300002,1.0
0.0,0.04101651,0.0
1.0,0.97857225,1.0
1.0,0.6554016,1.0
0.0,0.38034502,0.0
1.0,0.85659254,1.0
0.0,0.12008939,0.0
0.0,0.056861088,0.0
0.0,0.12788491,0.0
0.0,0.0036463074,0.0
0.0,0.0076088393,0.0
0.0,0.3199052,0.0
0.0,0.18393697,0.0
1.0,0.9987037,1.0
0.0,0.2498472,0.0
1.0,0.77622795,1.0
1.0,0.99447,1.0
0.0,0.027540032,0.0
1.0,0.9945484,1.0
0.0,0.16346751,0.0
1.0,0.9436117,1.0
1.0,0.96213204,1.0
1.0,0.9160159,1.0
1.0,0.9974612,1.0
0.0,0.18345656,0.0
0.0,0.2071062,0.0
1.0,0.99136364,1.0
1.0,0.50735873,1.0
0.0,0.24486633,0.0
1.0,0.9657717,1.0
0.0,0.7181038,1.0
0.0,0.24999744,0.0
1.0,0.6833785,1.0
1.0,0.9971917,1.0
0.0,0.03557067,0.0
1.0,0.60651076,1.0
0.0,0.024550352,0.0
0.0,0.7819826,1.0
1.0,0.8594901,1.0
0.0,0.18374975,0.0
0.0,0.94003063,1.0
0.0,0.07085993,0.0
0.0,0.103414826,0.0
0.0,0.028532773,0.0
1.0,0.9909322,1.0
0.0,0.19841938,0.0
0.0,0.38296583,0.0
1.0,0.9986737,1.0
0.0,0.3567744,0.0
1.0,0.64512795,1.0
1.0,0.95448935,1.0
0.0,0.03531105,0.0
0.0,0.027489584,0.0
0.0,0.020134233,0.0
1.0,0.98850363,1.0
0.0,0.69358283,1.0
0.0,0.10533731,0.0
0.0,0.0076284553,0.0
1.0,0.68904567,1.0
0.0,0.037462693,0.0
0.0,0.12176592,0.0
1.0,0.9857098,1.0
0.0,0.7504324,1.0
0.0,0.17390475,0.0
0.0,0.30344197,0.0
0.0,0.008595735,0.0
1.0,0.100687556,0.0
1.0,0.99412847,1.0
0.0,0.49129993,0.0
1.0,0.99806756,1.0
1.0,0.817499,1.0
1.0,0.97123057,1.0
0.0,0.13081297,0.0
0.0,0.22267233,0.0
0.0,0.4441946,0.0
1.0,0.9426185,1.0
0.0,0.27482364,0.0
0.0,0.08959801,0.0
1.0,0.7890107,1.0
1.0,0.52932686,1.0
1.0,0.7378332,1.0
0.0,0.021031529,0.0
0.0,0.03437331,0.0
1.0,0.7213071,1.0
1.0,0.73003316,1.0
1.0,0.9780935,1.0
0.0,0.017926661,0.0
0.0,0.13601482,0.0
0.0,0.31734613,0.0
1.0,0.990593,1.0
1.0,0.7848687,1.0
0.0,0.28889814,0.0
0.0,0.84916353,1.0
0.0,0.5554181,1.0
1.0,0.41206247,0.0
1.0,0.97497034,1.0
0.0,0.28486425,0.0
0.0,0.02914079,0.0
0.0,0.46141085,0.0
1.0,0.34900835,0.0
0.0,0.00868806,0.0
0.0,0.06598909,0.0
1.0,0.99591607,1.0
1.0,0.21219006,0.0
1.0,0.9931131,1.0
0.0,0.45198703,0.0
1.0,0.98084086,1.0
0.0,0.4645537,0.0
0.0,0.09655917,0.0
1.0,0.38195914,0.0
1.0,0.9941129,1.0
1.0,0.7710576,1.0
1.0,0.8353625,1.0
1.0,0.41167453,0.0
0.0,0.17850977,0.0
1.0,0.85755885,1.0
1.0,0.6466746,1.0
0.0,0.24061428,0.0
0.0,0.3219808,0.0
0.0,0.1875856,0.0
0.0,0.21989729,0.0
1.0,0.9137244,1.0
0.0,0.0981759,0.0
1.0,0.6065791,1.0
1.0,0.9848551,1.0
1.0,0.8887358,1.0
1.0,0.8505832,1.0
1.0,0.99600947,1.0
1.0,0.94575113,1.0
1.0,0.98877186,1.0
1.0,0.35092187,0.0
1.0,0.69066817,1.0
0.0,0.03568893,0.0
1.0,0.5395011,1.0
0.0,0.4630564,0.0
0.0,0.0038412646,0.0
1.0,0.7208423,1.0
1.0,0.8896637,1.0
0.0,0.07386613,0.0
1.0,0.9233566,1.0
1.0,0.57953966,1.0
0.0,0.03174921,0.0
1.0,0.9626449,1.0
1.0,0.71466225,1.0
1.0,0.94868624,1.0
0.0,0.2009242,0.0
0.0,0.50649416,1.0
0.0,0.6587915,1.0
0.0,0.025878055,0.0
1.0,0.9524621,1.0
1.0,0.9017794,1.0
1.0,0.9705006,1.0
0.0,0.4117624,0.0
0.0,0.08147575,0.0
1.0,0.810302,1.0
1.0,0.9980586,1.0
0.0,0.011935923,0.0
1.0,0.9300567,1.0
0.0,0.012601978,0.0
0.0,0.060539465,0.0
0.0,0.75329494,1.0
0.0,0.031288676,0.0
1.0,0.8725623,1.0
1.0,0.28931606,0.0
1.0,0.8933981,1.0
0.0,0.47784898,0.0
1.0,0.98500615,1.0
1.0,0.9957545,1.0
1.0,0.87909687,1.0
1.0,0.6017017,1.0
0.0,0.08830927,0.0
1.0,0.7985299,1.0
0.0,0.4140204,0.0
1.0,0.3752642,0.0
1.0,0.99849534,1.0
0.0,0.3891446,0.0
0.0,0.2981282,0.0
1.0,0.2860645,0.0
0.0,0.35614386,0.0
1.0,0.6321592,1.0
1.0,0.90612775,1.0
1.0,0.99782735,1.0
1.0,0.97514355,1.0
1.0,0.8127673,1.0
0.0,0.2105152,0.0
1.0,0.52139586,1.0
0.0,0.0430003,0.0
0.0,0.25861847,0.0
0.0,0.18938452,0.0
0.0,0.03505021,0.0
1.0,0.8831737,1.0
0.0,0.26440486,0.0
1.0,0.78860074,1.0
0.0,0.0048847008,0.0
1.0,0.9853285,1.0
0.0,0.14108707,0.0
0.0,0.3830813,0.0
1.0,0.8010458,1.0
0.0,0.64763963,1.0
0.0,0.047502607,0.0
0.0,0.4951104,0.0
1.0,0.874327,1.0
1.0,0.6483079,1.0
1.0,0.9966319,1.0
1.0,0.95685065,1.0
0.0,0.315954,0.0
1.0,0.9992581,1.0
1.0,0.8561485,1.0
0.0,0.011551505,0.0
1.0,0.9983418,1.0
1.0,0.6878653,1.0
1.0,0.99380565,1.0
1.0,0.9990453,1.0
1.0,0.5865838,1.0
1.0,0.99907744,1.0
0.0,0.24034396,0.0
1.0,0.9847429,1.0
1.0,0.7757699,1.0
1.0,0.96434236,1.0
0.0,0.13023914,0.0
1.0,0.8121587,1.0
0.0,0.060431737,0.0
0.0,0.3029995,0.0
0.0,0.021780832,0.0
0.0,0.074114926,0.0
0.0,0.24037018,0.0
0.0,0.29338157,0.0
1.0,0.96397746,1.0
0.0,0.3786938,0.0
1.0,0.28587708,0.0
1.0,0.9981741,1.0
1.0,0.28182262,0.0
0.0,0.60475343,1.0
1.0,0.3401165,0.0
0.0,0.023277609,0.0
0.0,0.03928933,0.0
1.0,0.5344405,1.0
0.0,0.042755984,0.0
0.0,0.059715595,0.0
1.0,0.67793345,1.0
1.0,0.7882403,1.0
1.0,0.97075945,1.0
0.0,0.0049337903,0.0
0.0,0.17089042,0.0
0.0,0.08865021,0.0
1.0,0.24679822,0.0
1.0,0.9233636,1.0
1.0,0.395704,0.0
1.0,0.9900776,1.0
0.0,0.6032929,1.0
0.0,0.13753822,0.0
0.0,0.1929737,0.0
1.0,0.4098034,0.0
1.0,0.3485946,0.0
1.0,0.99599826,1.0
1.0,0.8986596,1.0
0.0,0.18862963,0.0
0.0,0.1883569,0.0
1.0,0.9589502,1.0
1.0,0.9845206,1.0
0.0,0.47683975,0.0
0.0,0.15142806,0.0
1.0,0.79349315,1.0
1.0,0.21902089,0.0
0.0,0.044623062,0.0
0.0,0.33756462,0.0
0.0,0.35838532,0.0
1.0,0.46949038,0.0
0.0,0.49978718,0.0
1.0,0.9736472,1.0
1.0,0.99178046,1.0
0.0,0.033237066,0.0
0.0,0.36976656,0.0
1.0,0.99407095,1.0
0.0,0.020414965,0.0
1.0,0.61702204,1.0
1.0,0.999067,1.0
0.0,0.34840596,0.0
0.0,0.34446618,0.0
1.0,0.10843228,0.0
0.0,0.034644525,0.0
1.0,0.98799986,1.0
0.0,0.012481686,0.0
1.0,0.1220119,0.0
0.0,0.03696262,0.0
1.0,0.88665044,1.0
1.0,0.97898656,1.0
0.0,0.10492384,0.0
1.0,0.994772,1.0
0.0,0.092933424,0.0
1.0,0.8588808,1.0
1.0,0.69745415,1.0
1.0,0.621894,1.0
1.0,0.75867534,1.0
0.0,0.4459052,0.0
0.0,0.07451635,0.0
0.0,0.09617885,0.0
0.0,0.0023387845,0.0
0.0,0.05072639,0.0
0.0,0.043687403,0.0
0.0,0.3018352,0.0
1.0,0.95400923,1.0
1.0,0.99602973,1.0
1.0,0.38076827,0.0
0.0,0.094016455,0.0
0.0,0.11915203,0.0
1.0,0.352512,0.0
0.0,0.13515522,0.0
0.0,0.051285207,0.0
0.0,0.42204252,0.0
1.0,0.93497515,1.0
0.0,0.3174427,0.0
1.0,0.17142884,0.0
1.0,0.9809616,1.0
1.0,0.8833639,1.0
0.0,0.008790822,0.0
1.0,0.99080163,1.0
0.0,0.1534349,0.0
0.0,0.047640808,0.0
1.0,0.9957747,1.0
0.0,0.03578498,0.0
0.0,0.27637142,0.0
0.0,0.03553638,0.0
1.0,0.9432184,1.0
0.0,0.82000554,1.0
0.0,0.090280786,0.0
1.0,0.9369952,1.0
1.0,0.8701236,1.0
0.0,0.13171417,0.0
0.0,0.08353226,0.0
0.0,0.08100002,0.0
1.0,0.50705975,1.0
0.0,0.34513476,0.0
0.0,0.31391943,0.0
0.0,0.48636267,0.0
0.0,0.04974984,0.0
0.0,0.2063584,0.0
1.0,0.9506765,1.0
1.0,0.57471746,1.0
1.0,0.83572334,1.0
1.0,0.94332236,1.0
0.0,0.43779147,0.0
0.0,0.004307622,0.0
1.0,0.9973653,1.0
0.0,0.31079495,0.0
0.0,0.2210537,0.0
1.0,0.44031894,0.0
1.0,0.8377343,1.0
1.0,0.9649134,1.0
1.0,0.94112706,1.0
0.0,0.013538336,0.0
1.0,0.3007602,0.0
1.0,0.8544384,1.0
0.0,0.76978904,1.0
0.0,0.09142891,0.0
1.0,0.38181955,0.0
1.0,0.98321635,1.0
1.0,0.79969394,1.0
1.0,0.9512301,1.0
0.0,0.14493904,0.0
1.0,0.8549302,1.0
1.0,0.98918426,1.0
1.0,0.9131717,1.0
1.0,0.91791195,1.0
1.0,0.35237107,0.0
1.0,0.98863983,1.0
1.0,0.9808116,1.0
0.0,0.19877332,0.0
1.0,0.9894713,1.0
1.0,0.835433,1.0
1.0,0.23164427,0.0
1.0,0.9990865,1.0
1.0,0.6413578,1.0
1.0,0.9016997,1.0
1.0,0.40360615,0.0
0.0,0.7491003,1.0
1.0,0.84120095,1.0
1.0,0.762465,1.0
0.0,0.35963145,0.0
1.0,0.9989736,1.0
1.0,0.99859995,1.0
0.0,0.010785727,0.0
0.0,0.40454802,0.0
1.0,0.8847069,1.0
1.0,0.6246695,1.0
0.0,0.36180317,0.0
0.0,0.5033064,1.0
0.0,0.34181035,0.0
0.0,0.46130216,0.0
1.0,0.8241021,1.0
0.0,0.33761495,0.0
0.0,0.43697694,0.0
1.0,0.19653258,0.0
0.0,0.013058236,0.0
0.0,0.32409617,0.0
1.0,0.76583946,1.0
1.0,0.9835171,1.0
1.0,0.705831,1.0
0.0,0.15790015,0.0
0.0,0.013369595,0.0
1.0,0.9232867,1.0
0.0,0.079217605,0.0
1.0,0.35825548,0.0
1.0,0.9527614,1.0
0.0,0.18035848,0.0
1.0,0.2781869,0.0
1.0,0.98562485,1.0
1.0,0.9992888,1.0
0.0,0.04902579,0.0
1.0,0.45833468,0.0
0.0,0.2382618,0.0
0.0,0.15226589,0.0
1.0,0.98133427,1.0
0.0,0.08020653,0.0
0.0,0.1496958,0.0
1.0,0.8475958,1.0
0.0,0.056976438,0.0
1.0,0.27233234,0.0
1.0,0.93774736,1.0
0.0,0.0032551466,0.0
1.0,0.90653676,1.0
0.0,0.022487393,0.0
1.0,0.91230905,1.0
0.0,0.018612305,0.0
0.0,0.052990243,0.0
1.0,0.99470156,1.0
1.0,0.9514921,1.0
0.0,0.33943546,0.0
0.0,0.2746962,0.0
0.0,0.2707328,0.0
1.0,0.11985498,0.0
0.0,0.0041542687,0.0
0.0,0.014469425,0.0
0.0,0.04802986,0.0
0.0,0.17768887,0.0
0.0,0.45140553,0.0
0.0,0.70992434,1.0
0.0,0.008868727,0.0
1.0,0.53791463,1.0
0.0,0.19287258,0.0
1.0,0.56013083,1.0
1.0,0.98269445,1.0
0.0,0.1888831,0.0
0.0,0.15543534,0.0
1.0,0.9289075,1.0
1.0,0.98494685,1.0
0.0,0.10968775,0.0
0.0,0.019043608,0.0
1.0,0.9618543,1.0
1.0,0.99706954,1.0
1.0,0.74070585,1.0
0.0,0.47330078,0.0
0.0,0.16925478,0.0
1.0,0.99833304,1.0
1.0,0.65921223,1.0
1.0,0.9920685,1.0
0.0,0.003752054,0.0
1.0,0.39567384,0.0
0.0,0.25104448,0.0
1.0,0.77306867,1.0
1.0,0.46652192,0.0
1.0,0.9959895,1.0
1.0,0.96318406,1.0
0.0,0.050313964,0.0
1.0,0.7612383,1.0
1.0,0.39407247,0.0
1.0,0.47463167,0.0
0.0,0.052397083,0.0
0.0,0.12585533,0.0
0.0,0.5011919,1.0
0.0,0.004402844,0.0
1.0,0.92156076,1.0
1.0,0.8378954,1.0
1.0,0.9346747,1.0
0.0,0.027481373,0.0
1.0,0.99954396,1.0
1.0,0.82693595,1.0
1.0,0.98740745,1.0
0.0,0.05382158,0.0
0.0,0.37920123,0.0
1.0,0.9523038,1.0
0.0,0.1441756,0.0
1.0,0.70074916,1.0
1.0,0.7974504,1.0
0.0,0.101809874,0.0
0.0,0.44156945,0.0
1.0,0.98709536,1.0
1.0,0.9850655,1.0
0.0,0.19440536,0.0
1.0,0.27828154,0.0
1.0,0.99635005,1.0
1.0,0.25049382,0.0
0.0,0.0031032485,0.0
0.0,0.04517926,0.0
1.0,0.98577166,1.0
0.0,0.006757229,0.0
0.0,0.3195037,0.0
0.0,0.73774254,1.0
1.0,0.8553422,1.0
1.0,0.80622363,1.0
1.0,0.7971546,1.0
0.0,0.20608987,0.0
1.0,0.07905731,0.0
1.0,0.8864565,1.0
1.0,0.78645205,1.0
0.0,0.044283725,0.0
0.0,0.6340026,1.0
1.0,0.7584981,1.0
0.0,0.038048543,0.0
1.0,0.9950138,1.0
1.0,0.44688457,0.0
0.0,0.20087859,0.0
1.0,0.9688644,1.0
1.0,0.9739512,1.0
1.0,0.9919968,1.0
1.0,0.98305076,1.0
1.0,0.29170272,0.0
1.0,0.58042204,1.0
1.0,0.7706569,1.0
0.0,0.024526613,0.0
1.0,0.9904665,1.0
1.0,0.4967714,0.0
1.0,0.51494527,1.0
0.0,0.01044613,0.0
1.0,0.6689777,1.0
0.0,0.2729837,0.0
1.0,0.99933475,1.0
1.0,0.9007966,1.0
0.0,0.690401,1.0
0.0,0.015679441,0.0
0.0,0.3419886,0.0
0.0,0.30219743,0.0
1.0,0.6680033,1.0
1.0,0.5106545,1.0
1.0,0.9712583,1.0
1.0,0.6381774,1.0
1.0,0.9642361,1.0
0.0,0.024039838,0.0
0.0,0.06684145,0.0
0.0,0.081749745,0.0
0.0,0.29817113,0.0
0.0,0.015644494,0.0
1.0,0.9844583,1.0
0.0,0.9319131,1.0
1.0,0.9960819,1.0
1.0,0.71069664,1.0
0.0,0.23456816,0.0
1.0,0.9712092,1.0
0.0,0.28826696,0.0
1.0,0.9517644,1.0
0.0,0.06259692,0.0
0.0,0.024930777,0.0
0.0,0.009351944,0.0
0.0,0.29650602,0.0
0.0,0.086781524,0.0
1.0,0.9497512,1.0
0.0,0.07754144,0.0
1.0,0.76304287,1.0
1.0,0.4725853,0.0
1.0,0.9697777,1.0
0.0,0.36500427,0.0
0.0,0.3571322,0.0
0.0,0.24270272,0.0
1.0,0.9948165,1.0
1.0,0.6713634,1.0
0.0,0.62182146,1.0
0.0,0.13382176,0.0
0.0,0.080587044,0.0
1.0,0.9700342,1.0
1.0,0.8357098,1.0
1.0,0.9273378,1.0
0.0,0.028169457,0.0
0.0,0.017325593,0.0
0.0,0.20370136,0.0
1.0,0.9958782,1.0
0.0,0.08826469,0.0
1.0,0.97888124,1.0
1.0,0.7435297,1.0
1.0,0.9794948,1.0
1.0,0.6474112,1.0
0.0,0.5417749,1.0
0.0,0.6219108,1.0
1.0,0.83281744,1.0
0.0,0.0042367987,0.0
1.0,0.74053836,1.0
0.0,0.081362925,0.0
1.0,0.4513078,0.0
1.0,0.6350853,1.0
0.0,0.28579935,0.0
1.0,0.17182446,0.0
0.0,0.03156979,0.0
1.0,0.9990804,1.0
1.0,0.80496377,1.0
0.0,0.25764996,0.0
1.0,0.97345454,1.0
0.0,0.6992716,1.0
0.0,0.6432051,1.0
0.0,0.6967742,1.0
1.0,0.9909711,1.0
1.0,0.8486324,1.0
0.0,0.13147628,0.0
0.0,0.059022672,0.0
0.0,0.27961004,0.0
0.0,0.011325034,0.0
0.0,0.6278675,1.0
1.0,0.8190373,1.0
1.0,0.35307875,0.0
0.0,0.5541146,1.0
1.0,0.9989446,1.0
1.0,0.9964108,1.0
1.0,0.6841976,1.0
1.0,0.99684805,1.0
1.0,0.9430443,1.0
0.0,0.035895634,0.0
0.0,0.043341268,0.0
1.0,0.859986,1.0
1.0,0.987708,1.0
0.0,0.80125594,1.0
1.0,0.553865,1.0
1.0,0.358297,0.0
1.0,0.83314866,1.0
1.0,0.5901889,1.0
1.0,0.97883177,1.0
0.0,0.8153084,1.0
1.0,0.66533124,1.0
1.0,0.998162,1.0
1.0,0.41401172,0.0
1.0,0.8228627,1.0
1.0,0.6897163,1.0
1.0,0.9987602,1.0
0.0,0.042061754,0.0
1.0,0.9712288,1.0
0.0,0.07431249,0.0
0.0,0.9537822,1.0
0.0,0.06778001,0.0
1.0,0.9461798,1.0
0.0,0.00548579,0.0
1.0,0.44439885,0.0
1.0,0.98321116,1.0
1.0,0.6673072,1.0
1.0,0.99849343,1.0
0.0,0.004561495,0.0
0.0,0.08538924,0.0
0.0,0.4604303,0.0
0.0,0.19306011,0.0
0.0,0.34063807,0.0
1.0,0.921803,1.0
0.0,0.028575776,0.0
0.0,0.04209587,0.0
0.0,0.00861928,0.0
0.0,0.020430878,0.0
1.0,0.9095726,1.0
0.0,0.0034739277,0.0
1.0,0.74039155,1.0
0.0,0.12931257,0.0
0.0,0.28211755,0.0
0.0,0.31394,0.0
1.0,0.9232029,1.0
1.0,0.9986052,1.0
1.0,0.9926933,1.0
0.0,0.24710979,0.0
1.0,0.9075099,1.0
0.0,0.007994269,0.0
1.0,0.33016944,0.0
0.0,0.38834125,0.0
1.0,0.597345,1.0
0.0,0.86508375,1.0
1.0,0.8960333,1.0
1.0,0.9038268,1.0
0.0,0.11713985,0.0
0.0,0.051675413,0.0
1.0,0.41911295,0.0
0.0,0.18857078,0.0
0.0,0.03767505,0.0
1.0,0.29096588,0.0
0.0,0.06938399,0.0
1.0,0.97378236,1.0
1.0,0.6443879,1.0
0.0,0.023419496,0.0
1.0,0.99809855,1.0
1.0,0.81681216,1.0
1.0,0.9921186,1.0
1.0,0.09882046,0.0
1.0,0.6358286,1.0
1.0,0.96679336,1.0
1.0,0.88615936,1.0
0.0,0.013852766,0.0
0.0,0.006838966,0.0
0.0,0.08383153,0.0
0.0,0.1151665,0.0
1.0,0.9559284,1.0
1.0,0.98523456,1.0
1.0,0.92622054,1.0
0.0,0.41356352,0.0
1.0,0.44567487,0.0
1.0,0.32285148,0.0
1.0,0.7836739,1.0
0.0,0.020700345,0.0
0.0,0.3686019,0.0
0.0,0.5653417,1.0
1.0,0.9570673,1.0
1.0,0.9574076,1.0
0.0,0.3830204,0.0
0.0,0.10139684,0.0
1.0,0.99599236,1.0
1.0,0.92726964,1.0
1.0,0.9920494,1.0
0.0,0.0058830986,0.0
1.0,0.9866399,1.0
1.0,0.79655474,1.0
1.0,0.8039133,1.0
1.0,0.99885654,1.0
1.0,0.9982905,1.0
0.0,0.5259941,1.0
1.0,0.82410365,1.0
1.0,0.66372186,1.0
0.0,0.052343868,0.0
0.0,0.11902988,0.0
0.0,0.3596071,0.0
0.0,0.12584676,0.0
0.0,0.06974284,0.0
1.0,0.85993356,1.0
0.0,0.014276168,0.0
1.0,0.99341834,1.0
1.0,0.99564666,1.0
1.0,0.49868965,0.0
0.0,0.80586916,1.0
0.0,0.15121019,0.0
1.0,0.99735546,1.0
1.0,0.9040235,1.0
1.0,0.483486,0.0
0.0,0.023716886,0.0
1.0,0.97685313,1.0
0.0,0.3324644,0.0
0.0,0.0044391947,0.0
1.0,0.94413286,1.0
1.0,0.5736013,1.0
0.0,0.01660359,0.0
1.0,0.9193638,1.0
1.0,0.5165305,1.0
1.0,0.7166934,1.0
1.0,0.62097883,1.0
1.0,0.9308685,1.0
0.0,0.013966883,0.0
1.0,0.98147446,1.0
0.0,0.01690587,0.0
0.0,0.44232586,0.0
0.0,0.062074546,0.0
0.0,0.14810808,0.0
0.0,0.32680508,0.0
0.0,0.083416104,0.0
0.0,0.11740549,0.0
1.0,0.8148775,1.0
0.0,0.0071052904,0.0
1.0,0.9788599,1.0
1.0,0.9461349,1.0
0.0,0.64498025,1.0
0.0,0.77132356,1.0
0.0,0.006405117,0.0
1.0,0.9922122,1.0
0.0,0.22610345,0.0
1.0,0.97627807,1.0
1.0,0.46179512,0.0
1.0,0.86173975,1.0
1.0,0.9739421,1.0
0.0,0.14434779,0.0
1.0,0.98622084,1.0
0.0,0.09338419,0.0
1.0,0.9408098,1.0
1.0,0.96190083,1.0
1.0,0.57046777,1.0
1.0,0.99839133,1.0
1.0,0.9878757,1.0
1.0,0.99401677,1.0
1.0,0.24807012,0.0
0.0,0.05916223,0.0
1.0,0.69461834,1.0
0.0,0.48741284,0.0
1.0,0.35385185,0.0
1.0,0.9885323,1.0
1.0,0.99694115,1.0
1.0,0.28865844,0.0
0.0,0.3403684,0.0
1.0,0.8471932,1.0
0.0,0.010549842,0.0
0.0,0.22981642,0.0
0.0,0.016232656,0.0
1.0,0.13943915,0.0
0.0,0.02034116,0.0
0.0,0.033289965,0.0
1.0,0.61109364,1.0
0.0,0.14195769,0.0
0.0,0.282575,0.0
1.0,0.9979291,1.0
0.0,0.0924182,0.0
0.0,0.3047431,0.0
0.0,0.72290474,1.0
0.0,0.018938301,0.0
1.0,0.9825218,1.0
1.0,0.94079614,1.0
0.0,0.8161251,1.0
0.0,0.17105646,0.0
0.0,0.034115218,0.0
0.0,0.014505235,0.0
0.0,0.104380354,0.0
1.0,0.9756975,1.0
0.0,0.05848122,0.0
1.0,0.87369084,1.0
0.0,0.5793473,1.0
0.0,0.28028187,0.0
1.0,0.9389988,1.0
0.0,0.5507171,1.0
0.0,0.03471804,0.0
0.0,0.95711285,1.0
1.0,0.96459144,1.0
1.0,0.33594432,0.0
1.0,0.6273118,1.0
1.0,0.9996319,1.0
0.0,0.23122363,0.0
0.0,0.11215939,0.0
0.0,0.06677099,0.0
0.0,0.056242473,0.0
0.0,0.013309533,0.0
1.0,0.08650368,0.0
0.0,0.0043988368,0.0
0.0,0.27463704,0.0
1.0,0.99715996,1.0
1.0,0.97623426,1.0
0.0,0.5226475,1.0
0.0,0.105300285,0.0
1.0,0.99879277,1.0
1.0,0.9222574,1.0
0.0,0.060429566,0.0
1.0,0.9321149,1.0
0.0,0.1494689,0.0
0.0,0.12332199,0.0
1.0,0.710272,1.0
0.0,0.1122352,0.0
1.0,0.7779673,1.0
1.0,0.9682795,1.0
0.0,0.38023853,0.0
0.0,0.05485752,0.0
0.0,0.4385339,0.0
0.0,0.3717602,0.0
0.0,0.10235344,0.0
1.0,0.9015272,1.0
0.0,0.11989139,0.0
0.0,0.0796174,0.0
0.0,0.07389813,0.0
1.0,0.34401864,0.0
0.0,0.2830106,0.0
1.0,0.6550141,1.0
0.0,0.03280342,0.0
1.0,0.9924359,1.0
1.0,0.9202529,1.0
1.0,0.9075137,1.0
1.0,0.6496424,1.0
0.0,0.10186138,0.0
0.0,0.12716404,0.0
1.0,0.57467663,1.0
0.0,0.08707038,0.0
1.0,0.71208286,1.0
1.0,0.28358003,0.0
1.0,0.7450781,1.0
0.0,0.025644846,0.0
0.0,0.22648036,0.0
0.0,0.04330648,0.0
1.0,0.967383,1.0
1.0,0.9166522,1.0
1.0,0.9947582,1.0
1.0,0.9913328,1.0
1.0,0.961935,1.0
1.0,0.9163989,1.0
0.0,0.023746539,0.0
1.0,0.3584662,0.0
0.0,0.2965813,0.0
1.0,0.961825,1.0
1.0,0.9753186,1.0
1.0,0.99219805,1.0
1.0,0.996523,1.0
0.0,0.023675479,0.0
1.0,0.9635153,1.0
0.0,0.021528834,0.0
0.0,0.11450238,0.0
1.0,0.7105399,1.0
0.0,0.0099873785,0.0
1.0,0.2729003,0.0
0.0,0.075229876,0.0
1.0,0.9255588,1.0
1.0,0.69732594,1.0
1.0,0.98331904,1.0
1.0,0.98464453,1.0
1.0,0.95840055,1.0
1.0,0.16594522,0.0
0.0,0.045689713,0.0
0.0,0.3158599,0.0
0.0,0.41588408,0.0
0.0,0.008145436,0.0
0.0,0.32240435,0.0
0.0,0.021292677,0.0
1.0,0.9947655,1.0
0.0,0.055160467,0.0
1.0,0.85110813,1.0
1.0,0.940334,1.0
1.0,0.84931546,1.0
1.0,0.74298537,1.0
0.0,0.02579613,0.0
0.0,0.06563069,0.0
0.0,0.10473035,0.0
0.0,0.18739586,0.0
1.0,0.99896,1.0
1.0,0.28215566,0.0
0.0,0.44344085,0.0
1.0,0.3555737,0.0
1.0,0.7357007,1.0
1.0,0.84766954,1.0
1.0,0.8331714,1.0
1.0,0.787574,1.0
0.0,0.3591616,0.0
0.0,0.24111891,0.0
1.0,0.9856274,1.0
0.0,0.025912799,0.0
1.0,0.88112277,1.0
0.0,0.028930254,0.0
0.0,0.26302722,0.0
0.0,0.31190428,0.0
0.0,0.0972241,0.0
0.0,0.24743667,0.0
0.0,0.07253171,0.0
1.0,0.9134947,1.0
0.0,0.32160512,0.0
1.0,0.8492355,1.0
0.0,0.15856884,0.0
0.0,0.18598413,0.0
0.0,0.11003416,0.0
0.0,0.012705607,0.0
0.0,0.49898076,0.0
0.0,0.15184787,0.0
1.0,0.9964192,1.0
0.0,0.1994365,0.0
0.0,0.56761044,1.0
1.0,0.997959,1.0
0.0,0.075898215,0.0
0.0,0.41180688,0.0
0.0,0.003907942,0.0
0.0,0.81953126,1.0
0.0,0.3926815,0.0
0.0,0.12168235,0.0
0.0,0.4873561,0.0
1.0,0.99709487,1.0
0.0,0.8213853,1.0
0.0,0.31206822,0.0
1.0,0.3607993,0.0
1.0,0.97076774,1.0
0.0,0.004280901,0.0
1.0,0.9919031,1.0
0.0,0.4909775,0.0
1.0,0.995501,1.0
0.0,0.34540153,0.0
0.0,0.057958055,0.0
1.0,0.98789376,1.0
0.0,0.4416678,0.0
1.0,0.99608946,1.0
0.0,0.121682495,0.0
0.0,0.17747045,0.0
1.0,0.78297734,1.0
0.0,0.3109414,0.0
0.0,0.20336197,0.0
0.0,0.25503632,0.0
1.0,0.998955,1.0
0.0,0.046576813,0.0
1.0,0.92901987,1.0
0.0,0.12743573,0.0
0.0,0.17981218,0.0
1.0,0.99380636,1.0
1.0,0.9919126,1.0
1.0,0.8064895,1.0
0.0,0.03504634,0.0
0.0,0.028605044,0.0
1.0,0.3928789,0.0
0.0,0.04957652,0.0
1.0,0.32480082,0.0
1.0,0.9936021,1.0
0.0,0.15181412,0.0
0.0,0.3563376,0.0
0.0,0.1503536,0.0
1.0,0.43558195,0.0
0.0,0.32831785,0.0
0.0,0.3597448,0.0
0.0,0.80422884,1.0
1.0,0.9872214,1.0
1.0,0.73758113,1.0
0.0,0.0063354624,0.0
0.0,0.10565445,0.0
0.0,0.07607989,0.0
1.0,0.32740206,0.0
1.0,0.780697,1.0
1.0,0.48405594,0.0
1.0,0.4418157,0.0
0.0,0.46197268,0.0
0.0,0.08267165,0.0
1.0,0.82253337,1.0
1.0,0.57100606,1.0
1.0,0.85131526,1.0
1.0,0.9593555,1.0
0.0,0.5339225,1.0
0.0,0.406642,0.0
0.0,0.16092521,0.0
1.0,0.57247347,1.0
1.0,0.73414856,1.0
1.0,0.99156743,1.0
0.0,0.15780598,0.0
0.0,0.2781093,0.0
1.0,0.9943657,1.0
0.0,0.19403909,0.0
0.0,0.007790688,0.0
0.0,0.16986814,0.0
0.0,0.26605305,0.0
0.0,0.030220812,0.0
1.0,0.74507004,1.0
0.0,0.19695687,0.0
0.0,0.74202645,1.0
1.0,0.56773853,1.0
0.0,0.22521022,0.0
0.0,0.041596852,0.0
1.0,0.7614602,1.0
0.0,0.23928744,0.0
0.0,0.07765805,0.0
0.0,0.15449665,0.0
1.0,0.16022947,0.0
0.0,0.17088507,0.0
0.0,0.019027526,0.0
0.0,0.80477285,1.0
1.0,0.89137346,1.0
0.0,0.084548265,0.0
0.0,0.034298684,0.0
1.0,0.94377273,1.0
0.0,0.19158486,0.0
0.0,0.09958049,0.0
0.0,0.42976603,0.0
0.0,0.08746883,0.0
0.0,0.090290196,0.0
1.0,0.4892968,0.0
1.0,0.9204903,1.0
0.0,0.235287,0.0
1.0,0.9917024,1.0
0.0,0.20719448,0.0
0.0,0.053909745,0.0
0.0,0.07337056,0.0
0.0,0.52256054,1.0
1.0,0.9919991,1.0
1.0,0.9491965,1.0
0.0,0.04576664,0.0
0.0,0.19994706,0.0
0.0,0.97368103,1.0
0.0,0.3776317,0.0
1.0,0.915803,1.0
1.0,0.99927634,1.0
0.0,0.12205318,0.0
1.0,0.9782783,1.0
0.0,0.9414116,1.0
0.0,0.0023536806,0.0
0.0,0.4465869,0.0
0.0,0.08347282,0.0
1.0,0.5476161,1.0
0.0,0.004595093,0.0
1.0,0.5648102,1.0
0.0,0.9039047,1.0
1.0,0.7595982,1.0
1.0,0.9215564,1.0
0.0,0.1964113,0.0
1.0,0.991435,1.0
0.0,0.12147291,0.0
0.0,0.1745088,0.0
0.0,0.037478365,0.0
0.0,0.046378367,0.0
1.0,0.5338878,1.0
0.0,0.6970906,1.0
1.0,0.8103639,1.0
1.0,0.9738594,1.0
1.0,0.8727331,1.0
1.0,0.96541214,1.0
0.0,0.55719084,1.0
1.0,0.36288646,0.0
1.0,0.9984006,1.0
0.0,0.0105066355,0.0
1.0,0.54734,1.0
1.0,0.50708526,1.0
1.0,0.8214781,1.0
1.0,0.5950373,1.0
0.0,0.021712368,0.0
1.0,0.95269305,1.0
0.0,0.43853226,0.0
1.0,0.5813568,1.0
0.0,0.13565323,0.0
1.0,0.8033294,1.0
0.0,0.016716622,0.0
1.0,0.8462854,1.0
1.0,0.5714349,1.0
0.0,0.098243274,0.0
0.0,0.1990805,0.0
0.0,0.76440334,1.0
0.0,0.53472567,1.0
1.0,0.99885106,1.0
1.0,0.8634674,1.0
1.0,0.9880261,1.0
1.0,0.8435949,1.0
1.0,0.9375706,1.0
0.0,0.06452332,0.0
0.0,0.015470626,0.0
1.0,0.68278545,1.0
1.0,0.16606191,0.0
1.0,0.99593484,1.0
0.0,0.73710215,1.0
0.0,0.11662873,0.0
1.0,0.34348908,0.0
1.0,0.79030854,1.0
1.0,0.9985337,1.0
0.0,0.016495205,0.0
1.0,0.90016073,1.0
1.0,0.9309257,1.0
0.0,0.042480335,0.0
0.0,0.45762148,0.0
0.0,0.012183076,0.0
1.0,0.6630299,1.0
0.0,0.021791533,0.0
0.0,0.37767306,0.0
1.0,0.9978771,1.0
0.0,0.17506912,0.0
0.0,0.22112349,0.0
0.0,0.30462977,0.0
0.0,0.14041576,0.0
1.0,0.9806754,1.0
1.0,0.8205109,1.0
0.0,0.118434556,0.0
0.0,0.051648933,0.0
1.0,0.8099355,1.0
1.0,0.96396947,1.0
0.0,0.067265704,0.0
0.0,0.07062953,0.0
0.0,0.16519593,0.0
0.0,0.03513281,0.0
1.0,0.9210099,1.0
1.0,0.6518639,1.0
0.0,0.011448913,0.0
0.0,0.25517714,0.0
1.0,0.9147678,1.0
0.0,0.16394673,0.0
0.0,0.31094775,0.0
0.0,0.023699958,0.0
0.0,0.1949146,0.0
0.0,0.45597368,0.0
1.0,0.84704685,1.0
1.0,0.35129488,0.0
1.0,0.9597678,1.0
0.0,0.12922028,0.0
0.0,0.19208771,0.0
0.0,0.022062471,0.0
0.0,0.2641868,0.0
1.0,0.9862683,1.0
0.0,0.015232269,0.0
0.0,0.04190171,0.0
0.0,0.16176762,0.0
0.0,0.21854027,0.0
1.0,0.9492115,1.0
0.0,0.02730105,0.0
0.0,0.22176172,0.0
0.0,0.036348637,0.0
0.0,0.040250085,0.0
1.0,0.9942316,1.0
0.0,0.6819624,1.0
1.0,0.77091014,1.0
1.0,0.98139864,1.0
1.0,0.83842474,1.0
0.0,0.55123633,1.0
1.0,0.9816943,1.0
0.0,0.017940434,0.0
1.0,0.99169534,1.0
0.0,0.24959534,0.0
0.0,0.4605799,0.0
1.0,0.92414516,1.0
0.0,0.17452382,0.0
0.0,0.5793581,1.0
0.0,0.15197977,0.0
0.0,0.59678966,1.0
0.0,0.016287558,0.0
1.0,0.23392676,0.0
0.0,0.08084669,0.0
0.0,0.23570698,0.0
1.0,0.9707225,1.0
1.0,0.78926295,1.0
1.0,0.42121136,0.0
1.0,0.99524397,1.0
1.0,0.9834767,1.0
1.0,0.7890894,1.0
1.0,0.98118913,1.0
1.0,0.99173903,1.0
0.0,0.6188337,1.0
1.0,0.99254394,1.0
0.0,0.08002817,0.0
1.0,0.99288416,1.0
1.0,0.78982323,1.0
0.0,0.2628845,0.0
1.0,0.80801326,1.0
1.0,0.9938205,1.0
1.0,0.23427102,0.0
1.0,0.9988593,1.0
0.0,0.010912226,0.0
1.0,0.959279,1.0
1.0,0.9850397,1.0
0.0,0.10061342,0.0
1.0,0.98354095,1.0
1.0,0.98027647,1.0
0.0,0.058767807,0.0
0.0,0.38510722,0.0
0.0,0.10898018,0.0
0.0,0.008263986,0.0
0.0,0.036497064,0.0
1.0,0.95135987,1.0
0.0,0.112903975,0.0
1.0,0.7833003,1.0
0.0,0.16967648,0.0
0.0,0.021443333,0.0
0.0,0.1588485,0.0
0.0,0.24124706,0.0
1.0,0.23836415,0.0
0.0,0.27429676,0.0
1.0,0.86780846,1.0
1.0,0.9911971,1.0
0.0,0.005603417,0.0
0.0,0.19911799,0.0
0.0,0.16158105,0.0
1.0,0.15227494,0.0
1.0,0.8185197,1.0
0.0,0.4913055,0.0
1.0,0.8666718,1.0
1.0,0.9778737,1.0
1.0,0.65042824,1.0
0.0,0.6653226,1.0
0.0,0.017653251,0.0
0.0,0.102218635,0.0
1.0,0.43977228,0.0
0.0,0.11006451,0.0
0.0,0.28659937,0.0
0.0,0.35173783,0.0
1.0,0.97872126,1.0
0.0,0.05104442,0.0
0.0,0.021787671,0.0
0.0,0.024254259,0.0
1.0,0.99826163,1.0
1.0,0.7738906,1.0
0.0,0.18374522,0.0
0.0,0.020338913,0.0
0.0,0.17706493,0.0
1.0,0.99388933,1.0
0.0,0.108263716,0.0
0.0,0.47680837,0.0
0.0,0.2510594,0.0
0.0,0.7682453,1.0
1.0,0.97787297,1.0
1.0,0.13489789,0.0
0.0,0.27071795,0.0
0.0,0.16263136,0.0
0.0,0.004653343,0.0
0.0,0.5224332,1.0
0.0,0.18457724,0.0
1.0,0.9708595,1.0
1.0,0.9882769,1.0
0.0,0.70091075,1.0
1.0,0.97248626,1.0
0.0,0.37425396,0.0
1.0,0.99406886,1.0
0.0,0.028841916,0.0
0.0,0.04952434,0.0
1.0,0.8891863,1.0
1.0,0.84861463,1.0
0.0,0.26335683,0.0
1.0,0.9991893,1.0
0.0,0.18926685,0.0
1.0,0.9700827,1.0
0.0,0.19239229,0.0
0.0,0.06738614,0.0
1.0,0.95009553,1.0
1.0,0.9128893,1.0
0.0,0.36764896,0.0
1.0,0.9821293,1.0
1.0,0.95339924,1.0
1.0,0.9964765,1.0
1.0,0.9887505,1.0
1.0,0.99695325,1.0
0.0,0.16633864,0.0
0.0,0.3859067,0.0
1.0,0.9889403,1.0
1.0,0.5522446,1.0
0.0,0.496523,0.0
1.0,0.93805987,1.0
0.0,0.0049613602,0.0
1.0,0.96401346,1.0
1.0,0.85498565,1.0
1.0,0.71852446,1.0
0.0,0.9008616,1.0
0.0,0.053879865,0.0
0.0,0.31202075,0.0
0.0,0.013328176,0.0
1.0,0.9548246,1.0
1.0,0.38482308,0.0
1.0,0.51857686,1.0
0.0,0.11164939,0.0
0.0,0.021214886,0.0
0.0,0.15863587,0.0
0.0,0.83649594,1.0
0.0,0.2703643,0.0
0.0,0.7914395,1.0
0.0,0.029329488,0.0
1.0,0.97498703,1.0
1.0,0.9817285,1.0
1.0,0.9021999,1.0
0.0,0.0035009754,0.0
0.0,0.15023084,0.0
1.0,0.9037035,1.0
0.0,0.052682314,0.0
1.0,0.55012274,1.0
1.0,0.87062514,1.0
1.0,0.9893288,1.0
0.0,0.03793311,0.0
1.0,0.86975485,1.0
0.0,0.0032636048,0.0
0.0,0.078617975,0.0
1.0,0.97323227,1.0
0.0,0.02718362,0.0
1.0,0.34354684,0.0
0.0,0.6769614,1.0
1.0,0.9954867,1.0
0.0,0.13133992,0.0
0.0,0.12357691,0.0
0.0,0.7414615,1.0
0.0,0.098735906,0.0
1.0,0.90136886,1.0
0.0,0.33570284,0.0
1.0,0.5023091,1.0
0.0,0.14898582,0.0
0.0,0.2477527,0.0
0.0,0.0026480854,0.0
1.0,0.9751535,1.0
0.0,0.13591002,0.0
0.0,0.79903,1.0
0.0,0.43238303,0.0
1.0,0.99935335,1.0
0.0,0.45366514,0.0
0.0,0.019361036,0.0
1.0,0.78246933,1.0
0.0,0.04083034,0.0
1.0,0.12713806,0.0
0.0,0.5280134,1.0
1.0,0.9703894,1.0
1.0,0.81043243,1.0
0.0,0.21357791,0.0
1.0,0.38255668,0.0
1.0,0.73205596,1.0
1.0,0.9992472,1.0
1.0,0.8162101,1.0
1.0,0.52868134,1.0
0.0,0.7483277,1.0
1.0,0.9621506,1.0
1.0,0.8922461,1.0
0.0,0.1554751,0.0
0.0,0.043440804,0.0
1.0,0.48650923,0.0
0.0,0.88876384,1.0
1.0,0.58088404,1.0
0.0,0.29724276,0.0
0.0,0.47721297,0.0
0.0,0.057188276,0.0
0.0,0.08864502,0.0
1.0,0.9910382,1.0
0.0,0.37895274,0.0
0.0,0.06547259,0.0
1.0,0.22121614,0.0
1.0,0.9886972,1.0
1.0,0.9234782,1.0
1.0,0.93919384,1.0
0.0,0.42600322,0.0
0.0,0.11637211,0.0
1.0,0.9409958,1.0
1.0,0.8497532,1.0
0.0,0.25577608,0.0
1.0,0.6446018,1.0
1.0,0.74237114,1.0
0.0,0.0656138,0.0
1.0,0.9440771,1.0
1.0,0.99756515,1.0
0.0,0.055900875,0.0
0.0,0.6490972,1.0
0.0,0.06808447,0.0
1.0,0.6213041,1.0
1.0,0.9965469,1.0
1.0,0.9929715,1.0
0.0,0.038409673,0.0
0.0,0.27881196,0.0
1.0,0.9760139,1.0
0.0,0.30742875,0.0
1.0,0.9945135,1.0
1.0,0.8992063,1.0
0.0,0.7674528,1.0
1.0,0.9107791,1.0
0.0,0.13286795,0.0
0.0,0.89449584,1.0
0.0,0.06955728,0.0
0.0,0.02757835,0.0
1.0,0.9105708,1.0
1.0,0.9315849,1.0
1.0,0.99245244,1.0
0.0,0.13980633,0.0
1.0,0.9185062,1.0
1.0,0.6173659,1.0
1.0,0.9950899,1.0
1.0,0.51197094,1.0
0.0,0.63688225,1.0
0.0,0.28334606,0.0
0.0,0.17909367,0.0
1.0,0.89538777,1.0
0.0,0.06289504,0.0
0.0,0.116263054,0.0
1.0,0.73177236,1.0
1.0,0.19611672,0.0
1.0,0.1987902,0.0
1.0,0.9949787,1.0
0.0,0.28874648,0.0
1.0,0.9838049,1.0
1.0,0.9740563,1.0
1.0,0.9388038,1.0
1.0,0.91612405,1.0
0.0,0.09520569,0.0
1.0,0.9983498,1.0
1.0,0.3255029,0.0
0.0,0.14225085,0.0
1.0,0.96349275,1.0
0.0,0.14355983,0.0
0.0,0.53874063,1.0
1.0,0.6052654,1.0
0.0,0.8042112,1.0
1.0,0.985277,1.0
0.0,0.20484051,0.0
1.0,0.33332443,0.0
0.0,0.049711466,0.0
1.0,0.91837096,1.0
0.0,0.019176984,0.0
0.0,0.02037599,0.0
1.0,0.9136972,1.0
1.0,0.8200549,1.0
0.0,0.0579442,0.0
1.0,0.99624455,1.0
0.0,0.6954795,1.0
0.0,0.20447706,0.0
0.0,0.0061696903,0.0
0.0,0.014532772,0.0
1.0,0.90803295,1.0
1.0,0.4640632,0.0
1.0,0.93223786,1.0
0.0,0.40871224,0.0
1.0,0.9725815,1.0
0.0,0.35036027,0.0
1.0,0.9934714,1.0
0.0,0.013422015,0.0
1.0,0.7976363,1.0
1.0,0.8444572,1.0
1.0,0.9936366,1.0
0.0,0.3925112,0.0
1.0,0.9853791,1.0
1.0,0.81764746,1.0
1.0,0.9849665,1.0
1.0,0.9937767,1.0
1.0,0.8407926,1.0
0.0,0.012749869,0.0
1.0,0.886115,1.0
1.0,0.9906109,1.0
0.0,0.19043337,0.0
0.0,0.010900873,0.0
1.0,0.9814937,1.0
0.0,0.018220669,0.0
0.0,0.110968605,0.0
1.0,0.9670182,1.0
1.0,0.9620183,1.0
1.0,0.8359037,1.0
1.0,0.8869,1.0
0.0,0.50844276,1.0
1.0,0.42374256,0.0
1.0,0.99942833,1.0
0.0,0.12843588,0.0
0.0,0.012343295,0.0
1.0,0.99494225,1.0
1.0,0.91945124,1.0
0.0,0.008564689,0.0
1.0,0.929213,1.0
0.0,0.11027374,0.0
0.0,0.7313995,1.0
0.0,0.04409555,0.0
0.0,0.1844813,0.0
1.0,0.9761686,1.0
1.0,0.99360764,1.0
1.0,0.47810295,0.0
1.0,0.90818197,1.0
1.0,0.8040958,1.0
1.0,0.97167057,1.0
1.0,0.81846106,1.0
0.0,0.0032785705,0.0
0.0,0.036113054,0.0
0.0,0.01783227,0.0
0.0,0.5595254,1.0
0.0,0.14452024,0.0
1.0,0.8220393,1.0
0.0,0.023870852,0.0
1.0,0.9968297,1.0
1.0,0.9654281,1.0
0.0,0.5375214,1.0
0.0,0.201161,0.0
0.0,0.04450915,0.0
1.0,0.37667453,0.0
1.0,0.95940036,1.0
1.0,0.9622331,1.0
1.0,0.28657892,0.0
1.0,0.47465864,0.0
0.0,0.09496214,0.0
1.0,0.95114607,1.0
0.0,0.18753462,0.0
0.0,0.11561431,0.0
0.0,0.12216713,0.0
0.0,0.2291738,0.0
0.0,0.011143641,0.0
1.0,0.36728445,0.0
0.0,0.20749973,0.0
1.0,0.99735993,1.0
0.0,0.048055895,0.0
1.0,0.10153847,0.0
1.0,0.7897584,1.0
0.0,0.16917104,0.0
0.0,0.031961106,0.0
1.0,0.9813564,1.0
1.0,0.99671054,1.0
1.0,0.99329877,1.0
1.0,0.9942625,1.0
0.0,0.18434142,0.0
1.0,0.7410953,1.0
0.0,0.025473384,0.0
0.0,0.003191585,0.0
0.0,0.31335935,0.0
0.0,0.21885069,0.0
1.0,0.9898657,1.0
1.0,0.97844213,1.0
0.0,0.14802796,0.0
1.0,0.66764086,1.0
0.0,0.2759749,0.0
1.0,0.9804991,1.0
0.0,0.089527,0.0
1.0,0.61568,1.0
0.0,0.059318997,0.0
0.0,0.10059826,0.0
1.0,0.9096669,1.0
0.0,0.0763647,0.0
1.0,0.9802556,1.0
1.0,0.99383426,1.0
0.0,0.8221696,1.0
0.0,0.066913255,0.0
0.0,0.10490232,0.0
1.0,0.94272983,1.0
0.0,0.08768296,0.0
0.0,0.012300884,0.0
1.0,0.98850083,1.0
0.0,0.0054711504,0.0
1.0,0.98190826,1.0
0.0,0.023090275,0.0
1.0,0.8719221,1.0
1.0,0.11400657,0.0
0.0,0.52288413,1.0
1.0,0.98950446,1.0
0.0,0.091032416,0.0
0.0,0.07658143,0.0
1.0,0.9938692,1.0
1.0,0.995741,1.0
0.0,0.25741962,0.0
1.0,0.9319746,1.0
0.0,0.09517416,0.0
1.0,0.994706,1.0
1.0,0.9913536,1.0
0.0,0.21860224,0.0
1.0,0.93180037,1.0
0.0,0.01852132,0.0
1.0,0.85480446,1.0
0.0,0.02397565,0.0
0.0,0.27507636,0.0
1.0,0.7756355,1.0
0.0,0.0039737094,0.0
0.0,0.2610326,0.0
1.0,0.45349956,0.0
0.0,0.33594364,0.0
0.0,0.2423435,0.0
1.0,0.997996,1.0
0.0,0.3695693,0.0
0.0,0.37806043,0.0
0.0,0.005008136,0.0
1.0,0.98080015,1.0
1.0,0.3367475,0.0
1.0,0.96644896,1.0
1.0,0.92819387,1.0
0.0,0.59393984,1.0
0.0,0.46680313,0.0
0.0,0.56940824,1.0
1.0,0.42640746,0.0
1.0,0.86474025,1.0
1.0,0.9250311,1.0
1.0,0.75165606,1.0
1.0,0.1739638,0.0
0.0,0.14628828,0.0
0.0,0.18800937,0.0
1.0,0.98699737,1.0
0.0,0.08293964,0.0
0.0,0.05330799,0.0
0.0,0.07312981,0.0
0.0,0.93211335,1.0
0.0,0.097238675,0.0
1.0,0.9699662,1.0
1.0,0.8248412,1.0
1.0,0.98994434,1.0
1.0,0.9948921,1.0
1.0,0.94309974,1.0
1.0,0.70715725,1.0
1.0,0.95225364,1.0
0.0,0.10699813,0.0
1.0,0.8834524,1.0
0.0,0.0041969633,0.0
1.0,0.30724823,0.0
0.0,0.10476971,0.0
1.0,0.7362149,1.0
0.0,0.03749875,0.0
1.0,0.8778733,1.0
1.0,0.4811146,0.0
0.0,0.32529652,0.0
0.0,0.66515195,1.0
0.0,0.14535272,0.0
0.0,0.49418828,0.0
1.0,0.81580025,1.0
1.0,0.9702763,1.0
1.0,0.8032514,1.0
0.0,0.10573306,0.0
1.0,0.6873251,1.0
0.0,0.36481237,0.0
0.0,0.22096442,0.0
1.0,0.9731794,1.0
0.0,0.17526737,0.0
1.0,0.07728305,0.0
0.0,0.019856349,0.0
0.0,0.09631876,0.0
1.0,0.93803567,1.0
0.0,0.107909575,0.0
0.0,0.012119034,0.0
0.0,0.0811878,0.0
0.0,0.50311756,1.0
0.0,0.10397389,0.0
1.0,0.44911578,0.0
0.0,0.88204175,1.0
0.0,0.018268602,0.0
1.0,0.9200988,1.0
0.0,0.20980655,0.0
1.0,0.5088488,1.0
0.0,0.00997187,0.0
1.0,0.9439725,1.0
0.0,0.016743926,0.0
1.0,0.93167716,1.0
1.0,0.46874782,0.0
1.0,0.9546684,1.0
0.0,0.0142451,0.0
0.0,0.6282313,1.0
1.0,0.8633761,1.0
1.0,0.9297649,1.0
0.0,0.05689249,0.0
0.0,0.33467677,0.0
1.0,0.984344,1.0
1.0,0.8663487,1.0
1.0,0.6247835,1.0
1.0,0.21531622,0.0
1.0,0.8648953,1.0
1.0,0.9938526,1.0
0.0,0.060504604,0.0
0.0,0.8511575,1.0
1.0,0.9992853,1.0
0.0,0.3229221,0.0
0.0,0.21711725,0.0
1.0,0.99184763,1.0
0.0,0.34213495,0.0
0.0,0.026144166,0.0
1.0,0.3617779,0.0
1.0,0.71991515,1.0
0.0,0.10517602,0.0
1.0,0.7091717,1.0
0.0,0.29266575,0.0
1.0,0.61298466,1.0
0.0,0.05837482,0.0
1.0,0.9723547,1.0
0.0,0.31701586,0.0
1.0,0.6469732,1.0
0.0,0.1695342,0.0
0.0,0.23989801,0.0
1.0,0.956654,1.0
1.0,0.99880195,1.0
0.0,0.5217013,1.0
1.0,0.8053543,1.0
0.0,0.09014181,0.0
0.0,0.37579504,0.0
0.0,0.18999422,0.0
1.0,0.9356411,1.0
1.0,0.9923901,1.0
1.0,0.9927406,1.0
1.0,0.39162058,0.0
1.0,0.9983181,1.0
0.0,0.42707765,0.0
1.0,0.9919233,1.0
0.0,0.023006596,0.0
0.0,0.053138826,0.0
1.0,0.9967405,1.0
1.0,0.99174225,1.0
1.0,0.99666303,1.0
0.0,0.111096375,0.0
0.0,0.10528654,0.0
0.0,0.07815168,0.0
1.0,0.99127895,1.0
1.0,0.96357584,1.0
1.0,0.9883875,1.0
0.0,0.15088855,0.0
0.0,0.014955597,0.0
0.0,0.013316555,0.0
1.0,0.9960306,1.0
1.0,0.98884124,1.0
1.0,0.8980972,1.0
1.0,0.87038916,1.0
0.0,0.7755143,1.0
0.0,0.039406735,0.0
0.0,0.03648611,0.0
1.0,0.9590547,1.0
0.0,0.17882699,0.0
0.0,0.05088742,0.0
1.0,0.9835332,1.0
1.0,0.95065206,1.0
0.0,0.75752765,1.0
0.0,0.050959636,0.0
1.0,0.9841719,1.0
1.0,0.9432356,1.0
1.0,0.83042,1.0
1.0,0.9933662,1.0
0.0,0.31238183,0.0
1.0,0.98512113,1.0
1.0,0.99308926,1.0
0.0,0.067318276,0.0
0.0,0.04979304,0.0
0.0,0.3330785,0.0
0.0,0.30118802,0.0
0.0,0.046843074,0.0
0.0,0.039339107,0.0
0.0,0.29940882,0.0
1.0,0.7153454,1.0
1.0,0.17662524,0.0
0.0,0.9303067,1.0
0.0,0.06108192,0.0
1.0,0.9969669,1.0
1.0,0.6654305,1.0
1.0,0.9825355,1.0
0.0,0.0057781776,0.0
0.0,0.11899439,0.0
1.0,0.9986374,1.0
1.0,0.65352464,1.0
1.0,0.9606754,1.0
1.0,0.9567511,1.0
1.0,0.997274,1.0
1.0,0.9747736,1.0
1.0,0.66027594,1.0
0.0,0.05006946,0.0
1.0,0.92491674,1.0
0.0,0.48138946,0.0
0.0,0.37041426,0.0
1.0,0.98439145,1.0
0.0,0.7268858,1.0
0.0,0.17356572,0.0
0.0,0.3742182,0.0
1.0,0.9890267,1.0
0.0,0.067457855,0.0
0.0,0.19471546,0.0
0.0,0.0404262,0.0
1.0,0.99923086,1.0
0.0,0.017542712,0.0
0.0,0.005281451,0.0
1.0,0.6552264,1.0
0.0,0.2612974,0.0
0.0,0.25717217,0.0
0.0,0.009264756,0.0
0.0,0.7998885,1.0
0.0,0.12932852,0.0
0.0,0.61068004,1.0
0.0,0.086587526,0.0
0.0,0.0398763,0.0
0.0,0.02041429,0.0
0.0,0.051660754,0.0
0.0,0.71978873,1.0
1.0,0.99857295,1.0
1.0,0.9848643,1.0
0.0,0.036832925,0.0
1.0,0.9654412,1.0
1.0,0.9728194,1.0
1.0,0.9179936,1.0
0.0,0.53913647,1.0
1.0,0.999173,1.0
1.0,0.9986683,1.0
1.0,0.31958628,0.0
0.0,0.01962635,0.0
0.0,0.3618186,0.0
1.0,0.98282075,1.0
0.0,0.77786016,1.0
0.0,0.4331255,0.0
0.0,0.38894042,0.0
1.0,0.7183857,1.0
0.0,0.45113465,0.0
0.0,0.37020543,0.0
0.0,0.16932587,0.0
0.0,0.011195004,0.0
0.0,0.52619714,1.0
0.0,0.08413582,0.0
1.0,0.8940775,1.0
0.0,0.124494694,0.0
1.0,0.99475753,1.0
0.0,0.27503493,0.0
1.0,0.2110795,0.0
1.0,0.92147946,1.0
1.0,0.8952168,1.0
1.0,0.3823891,0.0
1.0,0.9634685,1.0
0.0,0.78682274,1.0
0.0,0.7062314,1.0
0.0,0.50076246,1.0
1.0,0.9893534,1.0
0.0,0.050168414,0.0
0.0,0.2921823,0.0
0.0,0.017431807,0.0
1.0,0.9968971,1.0
1.0,0.9231409,1.0
0.0,0.0023896499,0.0
0.0,0.08150713,0.0
1.0,0.99401605,1.0
1.0,0.3749256,0.0
0.0,0.117388174,0.0
0.0,0.043155257,0.0
0.0,0.34133965,0.0
1.0,0.4354452,0.0
1.0,0.5286648,1.0
0.0,0.29374376,0.0
0.0,0.08931063,0.0
1.0,0.9942094,1.0
0.0,0.1892265,0.0
0.0,0.14839381,0.0
1.0,0.93725926,1.0
1.0,0.84337056,1.0
1.0,0.56124544,1.0
0.0,0.40215734,0.0
1.0,0.466207,0.0
0.0,0.018916333,0.0
0.0,0.0075935163,0.0
1.0,0.9429459,1.0
1.0,0.7239688,1.0
0.0,0.089791305,0.0
1.0,0.22300714,0.0
1.0,0.025235493,0.0
1.0,0.5429876,1.0
0.0,0.0970067,0.0
0.0,0.025619572,0.0
0.0,0.16448966,0.0
1.0,0.99398285,1.0
1.0,0.8289764,1.0
0.0,0.1093934,0.0
0.0,0.0072318083,0.0
1.0,0.507751,1.0
1.0,0.9961324,1.0
1.0,0.9864238,1.0
1.0,0.8643193,1.0
0.0,0.03599583,0.0
1.0,0.896747,1.0
0.0,0.4656799,0.0
0.0,0.09096187,0.0
0.0,0.009837768,0.0
1.0,0.7953601,1.0
0.0,0.08084995,0.0
1.0,0.9966246,1.0
1.0,0.97822934,1.0
1.0,0.64061874,1.0
1.0,0.9996537,1.0
1.0,0.95158577,1.0
1.0,0.99777526,1.0
0.0,0.12539126,0.0
1.0,0.9863535,1.0
0.0,0.08022625,0.0
1.0,0.99174446,1.0
1.0,0.95156425,1.0
1.0,0.9795416,1.0
1.0,0.48407817,0.0
0.0,0.21432981,0.0
0.0,0.18026729,0.0
1.0,0.86624104,1.0
1.0,0.9853914,1.0
1.0,0.99654835,1.0
0.0,0.043300062,0.0
1.0,0.4519832,0.0
1.0,0.37346485,0.0
1.0,0.75673765,1.0
0.0,0.24527796,0.0
0.0,0.03861949,0.0
0.0,0.011475902,0.0
0.0,0.5590078,1.0
0.0,0.048244853,0.0
0.0,0.017565746,0.0
1.0,0.61731637,1.0
0.0,0.15729602,0.0
1.0,0.9968696,1.0
1.0,0.9363343,1.0
0.0,0.079006985,0.0
0.0,0.38956147,0.0
0.0,0.07776583,0.0
0.0,0.06669068,0.0
0.0,0.40480566,0.0
0.0,0.22208141,0.0
0.0,0.11872473,0.0
0.0,0.7135298,1.0
1.0,0.5889145,1.0
1.0,0.95751655,1.0
0.0,0.021880038,0.0
0.0,0.096946664,0.0
0.0,0.44316536,0.0
0.0,0.025887836,0.0
1.0,0.2518363,0.0
0.0,0.17384209,0.0
1.0,0.98603487,1.0
0.0,0.028765121,0.0
0.0,0.51858723,1.0
1.0,0.8951572,1.0
1.0,0.9345123,1.0
1.0,0.7786408,1.0
1.0,0.85519,1.0
0.0,0.4937233,0.0
0.0,0.063197315,0.0
0.0,0.6794391,1.0
0.0,0.01568067,0.0
0.0,0.114842765,0.0
1.0,0.5223844,1.0
1.0,0.8951488,1.0
0.0,0.09276905,0.0
1.0,0.23922679,0.0
1.0,0.9960567,1.0
0.0,0.43665376,0.0
1.0,0.98824185,1.0
0.0,0.02947756,0.0
1.0,0.9484567,1.0
0.0,0.3526647,0.0
0.0,0.045744207,0.0
0.0,0.36556664,0.0
0.0,0.09630668,0.0
1.0,0.9541314,1.0
0.0,0.0030186048,0.0
1.0,0.98782617,1.0
1.0,0.990637,1.0
1.0,0.5778378,1.0
0.0,0.41027638,0.0
0.0,0.6934724,1.0
0.0,0.65794563,1.0
0.0,0.033418402,0.0
0.0,0.0066375122,0.0
1.0,0.8663211,1.0
1.0,0.99886024,1.0
1.0,0.9165659,1.0
1.0,0.9908524,1.0
1.0,0.72331965,1.0
0.0,0.06402229,0.0
0.0,0.032518208,0.0
1.0,0.6722496,1.0
1.0,0.9938019,1.0
0.0,0.03123332,0.0
1.0,0.91488004,1.0
1.0,0.961531,1.0
0.0,0.0058622113,0.0
1.0,0.7573448,1.0
0.0,0.043532796,0.0
1.0,0.99912065,1.0
1.0,0.9268067,1.0
1.0,0.9948618,1.0
1.0,0.7945539,1.0
1.0,0.93183357,1.0
0.0,0.13603315,0.0
0.0,0.01935469,0.0
0.0,0.062079888,0.0
1.0,0.996108,1.0
0.0,0.09112901,0.0
0.0,0.43255234,0.0
0.0,0.1271632,0.0
1.0,0.9891929,1.0
0.0,0.032461837,0.0
1.0,0.56337327,1.0
0.0,0.15418908,0.0
1.0,0.5049396,1.0
0.0,0.28877378,0.0
0.0,0.10896563,0.0
0.0,0.06147724,0.0
1.0,0.8933327,1.0
0.0,0.0033791775,0.0
1.0,0.9988751,1.0
0.0,0.101916485,0.0
0.0,0.38600364,0.0
0.0,0.39257953,0.0
1.0,0.99843496,1.0
1.0,0.887165,1.0
0.0,0.012582804,0.0
1.0,0.6096932,1.0
0.0,0.13565403,0.0
0.0,0.278069,0.0
1.0,0.9547941,1.0
1.0,0.9633534,1.0
0.0,0.12162736,0.0
1.0,0.95838535,1.0
0.0,0.009243028,0.0
0.0,0.018925982,0.0
0.0,0.07690887,0.0
1.0,0.8670005,1.0
1.0,0.99357694,1.0
0.0,0.003959136,0.0
1.0,0.9640684,1.0
0.0,0.014422555,0.0
0.0,0.72690177,1.0
1.0,0.9861909,1.0
0.0,0.13902225,0.0
0.0,0.029243354,0.0
0.0,0.10019634,0.0
0.0,0.023871224,0.0
0.0,0.013233485,0.0
1.0,0.22805576,0.0
0.0,0.14499234,0.0
1.0,0.94617724,1.0
1.0,0.99686146,1.0
0.0,0.014044551,0.0
1.0,0.7602992,1.0
1.0,0.95840913,1.0
1.0,0.9943175,1.0
1.0,0.9992021,1.0
0.0,0.059073485,0.0
0.0,0.051127233,0.0
0.0,0.8144409,1.0
0.0,0.18261686,0.0
1.0,0.9752202,1.0
1.0,0.87333757,1.0
1.0,0.9971535,1.0
1.0,0.95614207,1.0
1.0,0.6480007,1.0
1.0,0.87994415,1.0
0.0,0.03887625,0.0
0.0,0.06387033,0.0
0.0,0.026173435,0.0
0.0,0.13110003,0.0
0.0,0.6152819,1.0
0.0,0.12337319,0.0
1.0,0.7635719,1.0
1.0,0.75443,1.0
1.0,0.9769208,1.0
0.0,0.11999488,0.0
1.0,0.99085695,1.0
0.0,0.070519246,0.0
1.0,0.9594301,1.0
1.0,0.93356013,1.0
0.0,0.015804175,0.0
1.0,0.9954733,1.0
0.0,0.17589496,0.0
1.0,0.36257508,0.0
1.0,0.9809884,1.0
0.0,0.17263496,0.0
1.0,0.76181924,1.0
0.0,0.0061596585,0.0
0.0,0.13963048,0.0
1.0,0.99948263,1.0
0.0,0.010281787,0.0
1.0,0.47180262,0.0
1.0,0.91623634,1.0
1.0,0.9990382,1.0
1.0,0.8724278,1.0
0.0,0.32738483,0.0
0.0,0.09327392,0.0
0.0,0.5227711,1.0
0.0,0.018350512,0.0
1.0,0.9995585,1.0
0.0,0.013471399,0.0
1.0,0.9810878,1.0
1.0,0.18204743,0.0
1.0,0.9872953,1.0
0.0,0.46345276,0.0
1.0,0.76596874,1.0
1.0,0.91501254,1.0
1.0,0.90445614,1.0
1.0,0.780143,1.0
1.0,0.6255133,1.0
0.0,0.22179265,0.0
1.0,0.9971403,1.0
0.0,0.2986898,0.0
0.0,0.02320712,0.0
0.0,0.09347039,0.0
0.0,0.08820386,0.0
0.0,0.5197796,1.0
0.0,0.030965604,0.0
1.0,0.98962843,1.0
0.0,0.6410602,1.0
0.0,0.12203364,0.0
1.0,0.9983937,1.0
1.0,0.9984352,1.0
1.0,0.8329023,1.0
1.0,0.31163874,0.0
1.0,0.7915687,1.0
0.0,0.13892546,0.0
0.0,0.025214829,0.0
1.0,0.9935463,1.0
0.0,0.9948945,1.0
0.0,0.0065563214,0.0
1.0,0.9919246,1.0
0.0,0.009750541,0.0
0.0,0.0046246825,0.0
0.0,0.28051925,0.0
1.0,0.81666714,1.0
0.0,0.09854021,0.0
0.0,0.01236548,0.0
1.0,0.7472554,1.0
0.0,0.7854418,1.0
0.0,0.12437556,0.0
0.0,0.5240921,1.0
0.0,0.017252274,0.0
0.0,0.017162096,0.0
0.0,0.025724558,0.0
0.0,0.3577145,0.0
0.0,0.011680331,0.0
0.0,0.0198502,0.0
0.0,0.184451,0.0
1.0,0.86899847,1.0
0.0,0.15790124,0.0
0.0,0.73011434,1.0
1.0,0.9618561,1.0
1.0,0.7220418,1.0
1.0,0.9248195,1.0
0.0,0.22716054,0.0
1.0,0.7113703,1.0
1.0,0.9611182,1.0
1.0,0.9988392,1.0
1.0,0.7955124,1.0
0.0,0.082538396,0.0
1.0,0.9939959,1.0
1.0,0.25175142,0.0
1.0,0.9966641,1.0
0.0,0.8787455,1.0
1.0,0.7033584,1.0
0.0,0.6419362,1.0
0.0,0.2442974,0.0
0.0,0.006147274,0.0
0.0,0.747332,1.0
0.0,0.43834278,0.0
0.0,0.2779555,0.0
0.0,0.19125555,0.0
1.0,0.09812705,0.0
0.0,0.8592053,1.0
0.0,0.21320398,0.0
0.0,0.29380208,0.0
1.0,0.94651496,1.0
0.0,0.1313182,0.0
0.0,0.02053615,0.0
0.0,0.12735203,0.0
1.0,0.9954464,1.0
1.0,0.9789908,1.0
0.0,0.22921954,0.0
0.0,0.24204075,0.0
0.0,0.15944056,0.0
1.0,0.9361378,1.0
0.0,0.21059993,0.0
1.0,0.7329211,1.0
1.0,0.99317616,1.0
1.0,0.9562483,1.0
0.0,0.15110703,0.0
1.0,0.6314911,1.0
0.0,0.29647177,0.0
0.0,0.038977955,0.0
0.0,0.3487393,0.0
1.0,0.98057497,1.0
1.0,0.48552018,0.0
0.0,0.630595,1.0
1.0,0.9655836,1.0
0.0,0.0053468533,0.0
1.0,0.59477174,1.0
0.0,0.1456372,0.0
0.0,0.4402052,0.0
0.0,0.14488065,0.0
1.0,0.9759197,1.0
0.0,0.76577103,1.0
1.0,0.70993704,1.0
0.0,0.026704093,0.0
0.0,0.05689167,0.0
0.0,0.060616516,0.0
0.0,0.45618436,0.0
0.0,0.0049201753,0.0
0.0,0.02367132,0.0
1.0,0.86568403,1.0
1.0,0.82492614,1.0
0.0,0.6063003,1.0
0.0,0.15752491,0.0
0.0,0.14021946,0.0
1.0,0.7654122,1.0
0.0,0.15715542,0.0
1.0,0.95615697,1.0
1.0,0.99964476,1.0
0.0,0.19196656,0.0
0.0,0.3163936,0.0
0.0,0.1994347,0.0
1.0,0.9489866,1.0
1.0,0.6981308,1.0
0.0,0.0075263144,0.0
0.0,0.50894815,1.0
1.0,0.7895231,1.0
1.0,0.86261827,1.0
1.0,0.9962035,1.0
1.0,0.8888879,1.0
0.0,0.8628729,1.0
1.0,0.9923725,1.0
0.0,0.51019925,1.0
1.0,0.9701389,1.0
1.0,0.99532133,1.0
1.0,0.9917863,1.0
1.0,0.7071129,1.0
1.0,0.9849764,1.0
0.0,0.1940987,0.0
1.0,0.9694075,1.0
0.0,0.11681024,0.0
1.0,0.98107374,1.0
0.0,0.2641362,0.0
1.0,0.8771422,1.0
1.0,0.34092873,0.0
1.0,0.67038685,1.0
1.0,0.9929404,1.0
0.0,0.03140529,0.0
0.0,0.21671577,0.0
0.0,0.010943896,0.0
0.0,0.08066474,0.0
1.0,0.9206271,1.0
1.0,0.19690233,0.0
0.0,0.32822177,0.0
1.0,0.43680257,0.0
1.0,0.520135,1.0
0.0,0.024135396,0.0
1.0,0.98551977,1.0
0.0,0.26940387,0.0
0.0,0.059499703,0.0
0.0,0.09082481,0.0
1.0,0.5702804,1.0
0.0,0.017294154,0.0
0.0,0.07543408,0.0
1.0,0.5390159,1.0
0.0,0.461487,0.0
1.0,0.9230132,1.0
1.0,0.9958444,1.0
1.0,0.74329454,1.0
0.0,0.1971149,0.0
0.0,0.64737093,1.0
0.0,0.48603848,0.0
1.0,0.77753216,1.0
1.0,0.9093649,1.0
1.0,0.3290174,0.0
1.0,0.9209369,1.0
0.0,0.057778247,0.0
0.0,0.08364776,0.0
1.0,0.952893,1.0
0.0,0.05136251,0.0
1.0,0.9991597,1.0
1.0,0.9965688,1.0
0.0,0.035726726,0.0
1.0,0.93486124,1.0
0.0,0.5239086,1.0
0.0,0.075329624,0.0
0.0,0.28680933,0.0
0.0,0.04360706,0.0
0.0,0.003601371,0.0
1.0,0.7655524,1.0
1.0,0.8284878,1.0
1.0,0.9993082,1.0
0.0,0.122525364,0.0
1.0,0.6322859,1.0
0.0,0.77398133,1.0
1.0,0.99695635,1.0
1.0,0.76727986,1.0
0.0,0.32815468,0.0
1.0,0.19886838,0.0
0.0,0.28268248,0.0
1.0,0.033482086,0.0
0.0,0.032422077,0.0
1.0,0.468132,0.0
1.0,0.97859746,1.0
0.0,0.009976291,0.0
0.0,0.13751687,0.0
0.0,0.18286937,0.0
0.0,0.37515518,0.0
0.0,0.02588783,0.0
1.0,0.917184,1.0
0.0,0.45630455,0.0
0.0,0.06516219,0.0
0.0,0.30546543,0.0
0.0,0.004947908,0.0
0.0,0.064868204,0.0
0.0,0.25529432,0.0
0.0,0.08218071,0.0
0.0,0.39098087,0.0
1.0,0.84874785,1.0
1.0,0.99342006,1.0
1.0,0.96065867,1.0
1.0,0.9383801,1.0
0.0,0.7455581,1.0
0.0,0.42436475,0.0
1.0,0.9696508,1.0
1.0,0.981752,1.0
1.0,0.9389532,1.0
1.0,0.8214429,1.0
1.0,0.93684644,1.0
0.0,0.3903846,0.0
0.0,0.0278731,0.0
0.0,0.022193886,0.0
0.0,0.07172628,0.0
1.0,0.682779,1.0
1.0,0.8827944,1.0
0.0,0.91497403,1.0
0.0,0.22597028,0.0
0.0,0.00506948,0.0
0.0,0.47667977,0.0
1.0,0.9973678,1.0
1.0,0.3397426,0.0
0.0,0.040018223,0.0
1.0,0.1897629,0.0
0.0,0.059457295,0.0
1.0,0.9942492,1.0
1.0,0.5582097,1.0
1.0,0.8212959,1.0
0.0,0.052391157,0.0
1.0,0.9580315,1.0
0.0,0.4677181,0.0
0.0,0.055999562,0.0
0.0,0.12882802,0.0
0.0,0.32375547,0.0
1.0,0.38272724,0.0
1.0,0.87224156,1.0
1.0,0.91369647,1.0
1.0,0.31395462,0.0
1.0,0.85359895,1.0
1.0,0.3879062,0.0
0.0,0.2862427,0.0
0.0,0.12525782,0.0
0.0,0.03246856,0.0
0.0,0.34334216,0.0
0.0,0.2894492,0.0
1.0,0.98807484,1.0
0.0,0.8507101,1.0
1.0,0.9967482,1.0
0.0,0.35587958,0.0
1.0,0.9987618,1.0
1.0,0.98630005,1.0
1.0,0.99295735,1.0
0.0,0.22804822,0.0
1.0,0.2800666,0.0
0.0,0.18337747,0.0
0.0,0.069087245,0.0
1.0,0.96460706,1.0
0.0,0.012223017,0.0
0.0,0.037858013,0.0
1.0,0.66877615,1.0
1.0,0.943744,1.0
0.0,0.0411726,0.0
1.0,0.7515898,1.0
0.0,0.54876333,1.0
1.0,0.9381239,1.0
1.0,0.6990902,1.0
1.0,0.9287201,1.0
0.0,0.47318134,0.0
1.0,0.9758959,1.0
0.0,0.42171338,0.0
1.0,0.87341356,1.0
1.0,0.9918085,1.0
0.0,0.33703977,0.0
0.0,0.056399155,0.0
1.0,0.99877554,1.0
1.0,0.85760224,1.0
0.0,0.43528178,0.0
1.0,0.99349976,1.0
0.0,0.05551397,0.0
1.0,0.9986841,1.0
0.0,0.20061888,0.0
0.0,0.015529703,0.0
0.0,0.22982453,0.0
0.0,0.26463783,0.0
1.0,0.98565936,1.0
0.0,0.39863795,0.0
0.0,0.3976546,0.0
1.0,0.98497146,1.0
1.0,0.99904007,1.0
1.0,0.60257727,1.0
0.0,0.6701483,1.0
1.0,0.9555414,1.0
0.0,0.26148018,0.0
0.0,0.058975585,0.0
0.0,0.0036431625,0.0
0.0,0.6000706,1.0
0.0,0.019095484,0.0
1.0,0.9485307,1.0
0.0,0.037844174,0.0
0.0,0.41304767,0.0
1.0,0.63453716,1.0
1.0,0.07042746,0.0
0.0,0.3084966,0.0
1.0,0.99880135,1.0
1.0,0.9807798,1.0
0.0,0.10872123,0.0
1.0,0.88959455,1.0
0.0,0.06647969,0.0
1.0,0.9288751,1.0
1.0,0.9979784,1.0
0.0,0.6764718,1.0
1.0,0.9991128,1.0
0.0,0.029959632,0.0
1.0,0.99199474,1.0
0.0,0.07114917,0.0
0.0,0.14695747,0.0
0.0,0.26561317,0.0
1.0,0.7271423,1.0
1.0,0.99858105,1.0
0.0,0.19244197,0.0
1.0,0.2123743,0.0
1.0,0.91884476,1.0
0.0,0.4894461,0.0
0.0,0.22143,0.0
1.0,0.611088,1.0
1.0,0.5899276,1.0
1.0,0.82145983,1.0
1.0,0.68218493,1.0
0.0,0.34203154,0.0
1.0,0.5981692,1.0
0.0,0.36233342,0.0
0.0,0.005453822,0.0
0.0,0.15367922,0.0
1.0,0.8175589,1.0
1.0,0.6530781,1.0
1.0,0.864158,1.0
1.0,0.9948757,1.0
1.0,0.74034905,1.0
1.0,0.76397336,1.0
1.0,0.8413693,1.0
0.0,0.14080633,0.0
0.0,0.26831985,0.0
0.0,0.41336396,0.0
1.0,0.85358703,1.0
0.0,0.08737478,0.0
0.0,0.43363023,0.0
0.0,0.009466811,0.0
0.0,0.14581119,0.0
0.0,0.11900604,0.0
1.0,0.97314644,1.0
0.0,0.08754485,0.0
0.0,0.5350171,1.0
1.0,0.4139564,0.0
0.0,0.34250823,0.0
0.0,0.28848898,0.0
0.0,0.3504985,0.0
0.0,0.041905064,0.0
0.0,0.034241837,0.0
1.0,0.49191156,0.0
0.0,0.61250967,1.0
0.0,0.02675768,0.0
0.0,0.033803105,0.0
0.0,0.24759322,0.0
0.0,0.1993892,0.0
0.0,0.033969104,0.0
1.0,0.94732755,1.0
1.0,0.7133346,1.0
1.0,0.9643734,1.0
0.0,0.84107983,1.0
1.0,0.95060027,1.0
1.0,0.99595225,1.0
0.0,0.9460053,1.0
1.0,0.9779098,1.0
0.0,0.2484095,0.0
1.0,0.9969236,1.0
0.0,0.4630284,0.0
1.0,0.46953726,0.0
1.0,0.87970996,1.0
0.0,0.1056959,0.0
0.0,0.498375,0.0
1.0,0.9913317,1.0
1.0,0.9553789,1.0
1.0,0.71126413,1.0
1.0,0.97275794,1.0
0.0,0.06974637,0.0
0.0,0.25544733,0.0
0.0,0.04773404,0.0
0.0,0.6897608,1.0
1.0,0.45223477,0.0
0.0,0.3603009,0.0
1.0,0.9951047,1.0
1.0,0.9972089,1.0
0.0,0.3225591,0.0
0.0,0.026071457,0.0
1.0,0.3294654,0.0
0.0,0.011094445,0.0
1.0,0.91938865,1.0
0.0,0.18646358,0.0
0.0,0.039300833,0.0
1.0,0.81713736,1.0
1.0,0.99570066,1.0
0.0,0.0579271,0.0
0.0,0.3628013,0.0
1.0,0.74738306,1.0
1.0,0.98937935,1.0
0.0,0.015229007,0.0
0.0,0.055220302,0.0
1.0,0.9489442,1.0
0.0,0.0116769085,0.0
1.0,0.8683503,1.0
0.0,0.3691552,0.0
1.0,0.6192582,1.0
1.0,0.90326047,1.0
0.0,0.18569604,0.0
1.0,0.52943915,1.0
0.0,0.029872611,0.0
0.0,0.39256248,0.0
0.0,0.15565091,0.0
0.0,0.84013444,1.0
1.0,0.9963953,1.0
1.0,0.96683586,1.0
1.0,0.97927135,1.0
0.0,0.07393531,0.0
1.0,0.86193615,1.0
0.0,0.1295095,0.0
1.0,0.9752772,1.0
1.0,0.786853,1.0
0.0,0.1021927,0.0
1.0,0.1057655,0.0
1.0,0.93532354,1.0
0.0,0.093830824,0.0
0.0,0.75307363,1.0
0.0,0.1472869,0.0
0.0,0.4825799,0.0
0.0,0.09179693,0.0
0.0,0.03358952,0.0
0.0,0.3927382,0.0
0.0,0.10801699,0.0
0.0,0.29528752,0.0
1.0,0.97555375,1.0
0.0,0.013445866,0.0
0.0,0.10194877,0.0
0.0,0.24189034,0.0
1.0,0.9652403,1.0
1.0,0.9621078,1.0
0.0,0.11835489,0.0
0.0,0.6108315,1.0
0.0,0.4891797,0.0
1.0,0.99565506,1.0
0.0,0.20178337,0.0
1.0,0.4434102,0.0
0.0,0.088764615,0.0
0.0,0.064266995,0.0
1.0,0.9991671,1.0
1.0,0.9434018,1.0
1.0,0.8707586,1.0
0.0,0.049804777,0.0
1.0,0.83040947,1.0
0.0,0.44715762,0.0
1.0,0.9801441,1.0
0.0,0.05065298,0.0
0.0,0.08159313,0.0
0.0,0.44942203,0.0
1.0,0.74530655,1.0
1.0,0.9992945,1.0
1.0,0.99563086,1.0
0.0,0.65662444,1.0
0.0,0.40574217,0.0
1.0,0.986834,1.0
0.0,0.036042187,0.0
0.0,0.04795744,0.0
1.0,0.9288728,1.0
0.0,0.027547482,0.0
1.0,0.9821822,1.0
1.0,0.8916026,1.0
0.0,0.11110902,0.0
0.0,0.048307035,0.0
0.0,0.66760033,1.0
0.0,0.3485519,0.0
1.0,0.2775767,0.0
1.0,0.9971072,1.0
1.0,0.9616684,1.0
0.0,0.21520685,0.0
0.0,0.47192094,0.0
0.0,0.13487504,0.0
0.0,0.58879703,1.0
1.0,0.79913455,1.0
1.0,0.9960747,1.0
1.0,0.99918,1.0
1.0,0.92589533,1.0
1.0,0.9510064,1.0
0.0,0.02404288,0.0
0.0,0.02373024,0.0
0.0,0.47438774,0.0
0.0,0.15777616,0.0
0.0,0.1713326,0.0
0.0,0.011289542,0.0
0.0,0.06659143,0.0
1.0,0.5833996,1.0
0.0,0.021424595,0.0
0.0,0.4283733,0.0
1.0,0.6520923,1.0
0.0,0.7452239,1.0
1.0,0.74900335,1.0
1.0,0.9928631,1.0
0.0,0.18471424,0.0
0.0,0.111615956,0.0
0.0,0.17271139,0.0
0.0,0.34816608,0.0
0.0,0.027950278,0.0
1.0,0.9892369,1.0
0.0,0.027157256,0.0
1.0,0.9951721,1.0
1.0,0.9254537,1.0
0.0,0.4126102,0.0
0.0,0.3424224,0.0
1.0,0.9777018,1.0
1.0,0.8839341,1.0
1.0,0.7847076,1.0
1.0,0.7526455,1.0
0.0,0.41101506,0.0
1.0,0.70355034,1.0
1.0,0.68365055,1.0
1.0,0.93497056,1.0
0.0,0.11386067,0.0
0.0,0.039818108,0.0
0.0,0.54296,1.0
0.0,0.22491238,0.0
0.0,0.1974275,0.0
1.0,0.858275,1.0
0.0,0.10024219,0.0
1.0,0.81759804,1.0
1.0,0.80006576,1.0
0.0,0.018164137,0.0
0.0,0.057968013,0.0
0.0,0.12737972,0.0
1.0,0.298665,0.0
1.0,0.97782725,1.0
1.0,0.91640466,1.0
0.0,0.07173635,0.0
0.0,0.038750485,0.0
0.0,0.508512,1.0
0.0,0.39535585,0.0
1.0,0.8236054,1.0
1.0,0.976181,1.0
0.0,0.21350813,0.0
1.0,0.9620768,1.0
1.0,0.26503378,0.0
0.0,0.036487434,0.0
1.0,0.7930614,1.0
1.0,0.33102253,0.0
0.0,0.0032369802,0.0
0.0,0.12197375,0.0
0.0,0.8333417,1.0
0.0,0.012949269,0.0
1.0,0.391976,0.0
0.0,0.32152078,0.0
1.0,0.7671098,1.0
1.0,0.32462543,0.0
1.0,0.9382267,1.0
0.0,0.0049848473,0.0
0.0,0.27322018,0.0
1.0,0.99721485,1.0
1.0,0.9169869,1.0
0.0,0.003225977,0.0
1.0,0.4191029,0.0
1.0,0.46135908,0.0
0.0,0.28239468,0.0
1.0,0.9133301,1.0
1.0,0.7570501,1.0
1.0,0.99392635,1.0
0.0,0.1322874,0.0
0.0,0.16914369,0.0
1.0,0.9396659,1.0
0.0,0.4073941,0.0
0.0,0.60238945,1.0
0.0,0.03544241,0.0
0.0,0.49160558,0.0
1.0,0.7174048,1.0
0.0,0.41928852,0.0
1.0,0.46071517,0.0
0.0,0.07781926,0.0
0.0,0.031204758,0.0
0.0,0.11710575,0.0
1.0,0.97986734,1.0
1.0,0.8792722,1.0
0.0,0.2345896,0.0
0.0,0.28147048,0.0
1.0,0.9990176,1.0
1.0,0.9684825,1.0
0.0,0.41890898,0.0
1.0,0.88546866,1.0
0.0,0.033910755,0.0
1.0,0.99661547,1.0
1.0,0.80164254,1.0
1.0,0.7323455,1.0
0.0,0.39287636,0.0
0.0,0.03428835,0.0
1.0,0.4999991,0.0
0.0,0.21560103,0.0
1.0,0.812301,1.0
1.0,0.3474706,0.0
0.0,0.009858486,0.0
0.0,0.028900674,0.0
0.0,0.038418524,0.0
0.0,0.09355466,0.0
0.0,0.327799,0.0
1.0,0.19061674,0.0
1.0,0.99505013,1.0
1.0,0.21350734,0.0
1.0,0.9262457,1.0
1.0,0.90785664,1.0
0.0,0.43578213,0.0
0.0,0.010369771,0.0
1.0,0.9975031,1.0
1.0,0.64929074,1.0
1.0,0.48068604,0.0
0.0,0.087352574,0.0
0.0,0.14250407,0.0
1.0,0.38572398,0.0
1.0,0.55602425,1.0
1.0,0.5591142,1.0
1.0,0.40470794,0.0
1.0,0.5323508,1.0
1.0,0.9920232,1.0
1.0,0.6521462,1.0
1.0,0.93261945,1.0
0.0,0.11005254,0.0
0.0,0.44800735,0.0
1.0,0.95594776,1.0
0.0,0.17246647,0.0
1.0,0.96733844,1.0
0.0,0.55697936,1.0
0.0,0.035695724,0.0
1.0,0.95882136,1.0
1.0,0.99530375,1.0
0.0,0.016497001,0.0
0.0,0.42837343,0.0
1.0,0.9240889,1.0
0.0,0.47647017,0.0
1.0,0.37008807,0.0
1.0,0.9973156,1.0
0.0,0.21768473,0.0
1.0,0.84873456,1.0
0.0,0.08019627,0.0
1.0,0.8954591,1.0
1.0,0.93187237,1.0
0.0,0.021981744,0.0
1.0,0.9279149,1.0
0.0,0.0032562686,0.0
0.0,0.61220884,1.0
0.0,0.22501732,0.0
1.0,0.9132238,1.0
0.0,0.031506997,0.0
1.0,0.9855575,1.0
0.0,0.013733953,0.0
0.0,0.36427495,0.0
0.0,0.49314886,0.0
1.0,0.983959,1.0
1.0,0.8558409,1.0
0.0,0.023129346,0.0
0.0,0.16621038,0.0
1.0,0.2685358,0.0
1.0,0.9121273,1.0
1.0,0.96637905,1.0
0.0,0.1504688,0.0
0.0,0.014300245,0.0
0.0,0.29574332,0.0
0.0,0.40025255,0.0
1.0,0.9963295,1.0
0.0,0.14817882,0.0
1.0,0.9895298,1.0
1.0,0.59098846,1.0
1.0,0.6122858,1.0
0.0,0.030634634,0.0
0.0,0.28625506,0.0
1.0,0.28063852,0.0
1.0,0.8755194,1.0
0.0,0.0907765,0.0
1.0,0.7442414,1.0
0.0,0.59070426,1.0
1.0,0.8680317,1.0
0.0,0.01944211,0.0
0.0,0.9222938,1.0
1.0,0.9753287,1.0
1.0,0.9966061,1.0
0.0,0.5472086,1.0
1.0,0.8874282,1.0
0.0,0.30239722,0.0
0.0,0.159787,0.0
0.0,0.078569874,0.0
1.0,0.2374674,0.0
0.0,0.067352615,0.0
0.0,0.02264937,0.0
0.0,0.871115,1.0
1.0,0.99830544,1.0
0.0,0.017220281,0.0
1.0,0.12167024,0.0
1.0,0.99704856,1.0
0.0,0.34662116,0.0
0.0,0.06582516,0.0
0.0,0.14243965,0.0
0.0,0.010641189,0.0
1.0,0.42205203,0.0
0.0,0.4894542,0.0
1.0,0.9976169,1.0
1.0,0.99610364,1.0
0.0,0.037819955,0.0
1.0,0.8640304,1.0
