y,probs,preds
0.0,0.1693936,0.0
0.0,0.20729147,0.0
1.0,0.85626125,1.0
1.0,0.84648836,1.0
0.0,0.24010803,0.0
0.0,0.7078399,1.0
0.0,0.71259546,1.0
1.0,0.8589802,1.0
0.0,0.04937703,0.0
1.0,0.91057247,1.0
1.0,0.59015673,1.0
0.0,0.4226157,0.0
1.0,0.934114,1.0
1.0,0.9820577,1.0
1.0,0.92998266,1.0
1.0,0.9991966,1.0
0.0,0.36534247,0.0
0.0,0.044661332,0.0
0.0,0.0071897465,0.0
1.0,0.4659902,0.0
0.0,0.20038438,0.0
0.0,0.1988825,0.0
1.0,0.9262285,1.0
1.0,0.98017913,1.0
0.0,0.07138028,0.0
0.0,0.076328576,0.0
1.0,0.22696795,0.0
1.0,0.5770671,1.0
0.0,0.17508744,0.0
0.0,0.0024620546,0.0
1.0,0.34080505,0.0
1.0,0.9750727,1.0
1.0,0.99976665,1.0
1.0,0.841504,1.0
0.0,0.27388108,0.0
1.0,0.8800931,1.0
1.0,0.97309905,1.0
1.0,0.97827804,1.0
0.0,0.5975023,1.0
1.0,0.4931769,0.0
1.0,0.19372244,0.0
0.0,0.0074864184,0.0
1.0,0.99934036,1.0
0.0,0.52116406,1.0
1.0,0.93331844,1.0
1.0,0.38673905,0.0
0.0,0.09054846,0.0
0.0,0.032121915,0.0
1.0,0.99923813,1.0
0.0,0.24785805,0.0
1.0,0.6798523,1.0
1.0,0.96210414,1.0
1.0,0.99921703,1.0
1.0,0.9989279,1.0
1.0,0.88852304,1.0
1.0,0.88903785,1.0
0.0,0.6955143,1.0
1.0,0.95652485,1.0
0.0,0.49724886,0.0
1.0,0.99964964,1.0
0.0,0.13750547,0.0
1.0,0.9977355,1.0
1.0,0.64029175,1.0
1.0,0.8263407,1.0
1.0,0.40815377,0.0
0.0,0.039660875,0.0
0.0,0.25820297,0.0
0.0,0.05385666,0.0
1.0,0.9906679,1.0
0.0,0.27141404,0.0
1.0,0.82036716,1.0
1.0,0.9843997,1.0
1.0,0.9843865,1.0
0.0,0.003012617,0.0
0.0,0.0674039,0.0
1.0,0.44709998,0.0
1.0,0.41863868,0.0
0.0,0.11581918,0.0
0.0,0.14629246,0.0
1.0,0.78491867,1.0
0.0,0.1484854,0.0
0.0,0.05028224,0.0
1.0,0.23838148,0.0
0.0,0.5387251,1.0
1.0,0.94093513,1.0
1.0,0.31967154,0.0
0.0,0.539881,1.0
0.0,0.12115417,0.0
1.0,0.78320926,1.0
1.0,0.9951143,1.0
1.0,0.9877626,1.0
0.0,0.02474859,0.0
0.0,0.5505395,1.0
0.0,0.022467498,0.0
0.0,0.0013778927,0.0
1.0,0.2906731,0.0
1.0,0.99011946,1.0
1.0,0.67766935,1.0
1.0,0.6921885,1.0
0.0,0.05464516,0.0
0.0,0.48929247,0.0
1.0,0.99428767,1.0
0.0,0.66079956,1.0
0.0,0.4697212,0.0
0.0,0.6511394,1.0
1.0,0.54253423,1.0
1.0,0.7781505,1.0
1.0,0.8814609,1.0
1.0,0.8209352,1.0
1.0,0.96532947,1.0
1.0,0.9986891,1.0
1.0,0.77719057,1.0
1.0,0.91387725,1.0
1.0,0.99915695,1.0
0.0,0.017204246,0.0
1.0,0.99386966,1.0
0.0,0.041829698,0.0
0.0,0.37240073,0.0
1.0,0.4617301,0.0
0.0,0.015251629,0.0
1.0,0.7054197,1.0
0.0,0.22361478,0.0
0.0,0.54154813,1.0
0.0,0.9114753,1.0
0.0,0.13628088,0.0
0.0,0.46976432,0.0
0.0,0.031584416,0.0
0.0,0.06776743,0.0
1.0,0.9795999,1.0
0.0,0.24580687,0.0
0.0,0.65648925,1.0
0.0,0.60601187,1.0
1.0,0.95948637,1.0
0.0,0.44911337,0.0
1.0,0.99047965,1.0
1.0,0.99761164,1.0
0.0,0.0077518094,0.0
0.0,0.35521203,0.0
0.0,0.12690468,0.0
0.0,0.008346361,0.0
0.0,0.0020436312,0.0
1.0,0.80186796,1.0
1.0,0.9903228,1.0
1.0,0.998176,1.0
0.0,0.055862714,0.0
0.0,0.119827576,0.0
1.0,0.9927088,1.0
1.0,0.97548133,1.0
0.0,0.046018682,0.0
0.0,0.4997086,0.0
1.0,0.97822964,1.0
0.0,0.36737865,0.0
0.0,0.014639265,0.0
0.0,0.92690194,1.0
0.0,0.20212269,0.0
1.0,0.15302832,0.0
0.0,0.5492903,1.0
0.0,0.38033178,0.0
1.0,0.98468924,1.0
0.0,0.34842482,0.0
1.0,0.96322674,1.0
0.0,0.26347947,0.0
1.0,0.6623794,1.0
0.0,0.7589858,1.0
1.0,0.98177874,1.0
0.0,0.1586499,0.0
1.0,0.96651846,1.0
0.0,0.0072542904,0.0
0.0,0.019189585,0.0
1.0,0.44359636,0.0
0.0,0.024921285,0.0
0.0,0.065839775,0.0
1.0,0.99890184,1.0
0.0,0.3366814,0.0
0.0,0.018363066,0.0
0.0,0.40965036,0.0
0.0,0.24319622,0.0
0.0,0.18624988,0.0
1.0,0.9215904,1.0
0.0,0.43643808,0.0
1.0,0.7459779,1.0
0.0,0.8654321,1.0
0.0,0.23092766,0.0
1.0,0.07019561,0.0
0.0,0.0029758546,0.0
0.0,0.0064126444,0.0
0.0,0.31275818,0.0
0.0,0.13375252,0.0
1.0,0.6245742,1.0
0.0,0.041243132,0.0
0.0,0.0057745515,0.0
0.0,0.16433379,0.0
0.0,0.0025780764,0.0
1.0,0.8559405,1.0
0.0,0.006371016,0.0
0.0,0.0077501046,0.0
0.0,0.060420103,0.0
1.0,0.091554195,0.0
1.0,0.9875565,1.0
0.0,0.022323122,0.0
0.0,0.013727561,0.0
0.0,0.027362868,0.0
1.0,0.98552126,1.0
0.0,0.25481966,0.0
0.0,0.32190368,0.0
1.0,0.9998957,1.0
1.0,0.9543143,1.0
1.0,0.5813152,1.0
0.0,0.46022463,0.0
1.0,0.4297361,0.0
0.0,0.32985467,0.0
0.0,0.16680343,0.0
1.0,0.9490167,1.0
1.0,0.9295903,1.0
1.0,0.95101094,1.0
0.0,0.008588063,0.0
0.0,0.025684448,0.0
0.0,0.1261775,0.0
0.0,0.028167982,0.0
1.0,0.87949616,1.0
0.0,0.16898145,0.0
1.0,0.99677974,1.0
1.0,0.99925715,1.0
0.0,0.0061519807,0.0
1.0,0.99973494,1.0
1.0,0.9962423,1.0
1.0,0.984772,1.0
1.0,0.7702553,1.0
1.0,0.9624769,1.0
0.0,0.1346529,0.0
1.0,0.31231117,0.0
1.0,0.9063656,1.0
1.0,0.8981827,1.0
1.0,0.9983664,1.0
0.0,0.015554328,0.0
0.0,0.02713082,0.0
0.0,0.27169383,0.0
1.0,0.9726835,1.0
0.0,0.2939639,0.0
1.0,0.9996039,1.0
1.0,0.95582384,1.0
0.0,0.045798875,0.0
1.0,0.9886905,1.0
0.0,0.5250234,1.0
0.0,0.21558218,0.0
0.0,0.00825823,0.0
1.0,0.9376753,1.0
1.0,0.88264936,1.0
0.0,0.114900045,0.0
0.0,0.52947134,1.0
1.0,0.9809413,1.0
1.0,0.8545115,1.0
1.0,0.23884465,0.0
1.0,0.9244791,1.0
0.0,0.42388082,0.0
0.0,0.0051767724,0.0
1.0,0.8135041,1.0
1.0,0.529265,1.0
0.0,0.07078753,0.0
1.0,0.9886154,1.0
1.0,0.99917644,1.0
1.0,0.9396211,1.0
1.0,0.9926842,1.0
1.0,0.28696352,0.0
1.0,0.9903026,1.0
0.0,0.007162341,0.0
1.0,0.48853675,0.0
0.0,0.007896671,0.0
0.0,0.07640566,0.0
1.0,0.7214271,1.0
0.0,0.041859895,0.0
1.0,0.99768317,1.0
0.0,0.1873585,0.0
1.0,0.9973132,1.0
0.0,0.0748684,0.0
1.0,0.9985176,1.0
0.0,0.60953987,1.0
1.0,0.9799141,1.0
0.0,0.35789886,0.0
1.0,0.99342453,1.0
1.0,0.95365655,1.0
0.0,0.028213833,0.0
1.0,0.9860189,1.0
1.0,0.8450574,1.0
0.0,0.0012945123,0.0
1.0,0.9883553,1.0
0.0,0.2623204,0.0
0.0,0.20815115,0.0
0.0,0.024580896,0.0
1.0,0.99346936,1.0
1.0,0.61823165,1.0
0.0,0.89394057,1.0
0.0,0.02137818,0.0
0.0,0.15003672,0.0
0.0,0.13169967,0.0
0.0,0.017006638,0.0
1.0,0.9770865,1.0
0.0,0.113176964,0.0
0.0,0.24869785,0.0
1.0,0.9786568,1.0
0.0,0.1272375,0.0
1.0,0.55107504,1.0
1.0,0.9882834,1.0
1.0,0.90815216,1.0
0.0,0.21537882,0.0
0.0,0.05945653,0.0
1.0,0.9911378,1.0
0.0,0.31659868,0.0
1.0,0.91849303,1.0
0.0,0.35257667,0.0
0.0,0.24389067,0.0
0.0,0.81723624,1.0
1.0,0.62301105,1.0
1.0,0.8121497,1.0
0.0,0.19099438,0.0
0.0,0.48493895,0.0
0.0,0.2911057,0.0
1.0,0.7339465,1.0
1.0,0.48003414,0.0
1.0,0.96504116,1.0
0.0,0.15738758,0.0
1.0,0.96818626,1.0
0.0,0.4635836,0.0
0.0,0.23834994,0.0
1.0,0.6642329,1.0
0.0,0.003301887,0.0
0.0,0.027343718,0.0
0.0,0.028817205,0.0
0.0,0.013952259,0.0
0.0,0.043606307,0.0
1.0,0.99915254,1.0
0.0,0.08436522,0.0
1.0,0.9834607,1.0
1.0,0.9276864,1.0
0.0,0.019033978,0.0
0.0,0.1463002,0.0
1.0,0.9971348,1.0
0.0,0.18424878,0.0
1.0,0.526459,1.0
1.0,0.9991635,1.0
0.0,0.08353102,0.0
0.0,0.02934894,0.0
1.0,0.92897564,1.0
0.0,0.005480717,0.0
0.0,0.5015003,1.0
1.0,0.5472242,1.0
1.0,0.30396414,0.0
0.0,0.23480001,0.0
0.0,0.006645207,0.0
0.0,0.03477087,0.0
0.0,0.6260578,1.0
0.0,0.117943,0.0
0.0,0.11723385,0.0
1.0,0.9955082,1.0
0.0,0.13106163,0.0
0.0,0.008668119,0.0
0.0,0.14319322,0.0
0.0,0.0022900368,0.0
0.0,0.0144484015,0.0
0.0,0.0032488296,0.0
1.0,0.99557745,1.0
0.0,0.18758391,0.0
1.0,0.25408491,0.0
1.0,0.8246042,1.0
1.0,0.9996911,1.0
1.0,0.7979388,1.0
0.0,0.008360604,0.0
1.0,0.9999095,1.0
0.0,0.21015501,0.0
0.0,0.0315933,0.0
0.0,0.34110117,0.0
0.0,0.044025805,0.0
1.0,0.12535316,0.0
1.0,0.92992127,1.0
0.0,0.0232173,0.0
0.0,0.072752506,0.0
0.0,0.21719398,0.0
0.0,0.20925464,0.0
0.0,0.224207,0.0
1.0,0.9987871,1.0
1.0,0.8409949,1.0
1.0,0.9994987,1.0
0.0,0.014860787,0.0
0.0,0.030524403,0.0
0.0,0.6247693,1.0
1.0,0.4598358,0.0
1.0,0.9899323,1.0
0.0,0.03130474,0.0
0.0,0.007491029,0.0
0.0,0.02646101,0.0
1.0,0.5609749,1.0
1.0,0.96933293,1.0
1.0,0.38721856,0.0
0.0,0.059119288,0.0
1.0,0.9353812,1.0
1.0,0.9993279,1.0
1.0,0.6014379,1.0
0.0,0.11860171,0.0
0.0,0.52132285,1.0
0.0,0.080311425,0.0
0.0,0.004455918,0.0
0.0,0.0048613558,0.0
1.0,0.28739095,0.0
0.0,0.07536753,0.0
0.0,0.42284128,0.0
1.0,0.27859795,0.0
0.0,0.5094475,1.0
0.0,0.007299674,0.0
0.0,0.050439507,0.0
0.0,0.1530403,0.0
0.0,0.026244517,0.0
0.0,0.34226397,0.0
0.0,0.039118107,0.0
0.0,0.0516934,0.0
1.0,0.9857582,1.0
0.0,0.29777294,0.0
0.0,0.5089651,1.0
1.0,0.99758947,1.0
1.0,0.9993333,1.0
0.0,0.093008816,0.0
0.0,0.014454541,0.0
0.0,0.005710489,0.0
1.0,0.9942807,1.0
1.0,0.81310606,1.0
1.0,0.98511815,1.0
1.0,0.8711854,1.0
1.0,0.99868137,1.0
0.0,0.01031563,0.0
0.0,0.12795055,0.0
1.0,0.88932246,1.0
0.0,0.01121765,0.0
0.0,0.34112164,0.0
1.0,0.92074627,1.0
1.0,0.98175055,1.0
1.0,0.37610194,0.0
1.0,0.6470807,1.0
1.0,0.39095306,0.0
1.0,0.99920976,1.0
1.0,0.5445815,1.0
1.0,0.99729997,1.0
0.0,0.08016805,0.0
0.0,0.44038424,0.0
1.0,0.9927816,1.0
0.0,0.20930032,0.0
1.0,0.99649245,1.0
1.0,0.60875046,1.0
1.0,0.9898838,1.0
0.0,0.40422767,0.0
1.0,0.77245414,1.0
1.0,0.99279284,1.0
0.0,0.021246916,0.0
0.0,0.30906758,0.0
1.0,0.7801389,1.0
0.0,0.40696877,0.0
0.0,0.004527896,0.0
1.0,0.99963593,1.0
1.0,0.45416656,0.0
0.0,0.10023638,0.0
0.0,0.5117656,1.0
1.0,0.97228247,1.0
0.0,0.09972709,0.0
1.0,0.9993567,1.0
1.0,0.9989642,1.0
1.0,0.9892917,1.0
0.0,0.5765743,1.0
1.0,0.9992749,1.0
0.0,0.35498026,0.0
0.0,0.13240533,0.0
0.0,0.031485222,0.0
0.0,0.01920344,0.0
0.0,0.40402925,0.0
1.0,0.99261695,1.0
0.0,0.008935441,0.0
1.0,0.99990964,1.0
1.0,0.9997553,1.0
1.0,0.72240716,1.0
1.0,0.96432805,1.0
1.0,0.9736602,1.0
1.0,0.79119945,1.0
1.0,0.3724444,0.0
0.0,0.26385993,0.0
1.0,0.93324405,1.0
0.0,0.0065138163,0.0
0.0,0.6180062,1.0
1.0,0.9969373,1.0
1.0,0.9091846,1.0
0.0,0.006754068,0.0
0.0,0.053959318,0.0
0.0,0.37207857,0.0
0.0,0.14080247,0.0
0.0,0.08153837,0.0
0.0,0.012502074,0.0
1.0,0.8818667,1.0
1.0,0.4712759,0.0
0.0,0.06648193,0.0
0.0,0.01752653,0.0
0.0,0.07926687,0.0
1.0,0.514847,1.0
0.0,0.43988907,0.0
0.0,0.0054832594,0.0
0.0,0.013487284,0.0
0.0,0.010891319,0.0
0.0,0.037759315,0.0
1.0,0.7948096,1.0
1.0,0.99601305,1.0
1.0,0.99718577,1.0
0.0,0.26584163,0.0
1.0,0.9277697,1.0
0.0,0.11717323,0.0
0.0,0.19927691,0.0
1.0,0.9957625,1.0
0.0,0.31050253,0.0
1.0,0.99301684,1.0
1.0,0.52645427,1.0
1.0,0.9981515,1.0
1.0,0.99875295,1.0
0.0,0.36473185,0.0
0.0,0.5061231,1.0
1.0,0.4045762,0.0
1.0,0.65714127,1.0
1.0,0.99269366,1.0
1.0,0.99510574,1.0
0.0,0.04505113,0.0
0.0,0.101642534,0.0
0.0,0.40791452,0.0
1.0,0.99223536,1.0
1.0,0.8225682,1.0
1.0,0.72310454,1.0
1.0,0.9971571,1.0
1.0,0.9969031,1.0
1.0,0.9134323,1.0
0.0,0.031977087,0.0
1.0,0.30120414,0.0
1.0,0.9334505,1.0
1.0,0.98536843,1.0
0.0,0.013707491,0.0
1.0,0.98612344,1.0
0.0,0.0297966,0.0
1.0,0.99855596,1.0
0.0,0.40190738,0.0
0.0,0.009586259,0.0
1.0,0.99252397,1.0
1.0,0.5621249,1.0
0.0,0.06709928,0.0
1.0,0.9972289,1.0
0.0,0.4215883,0.0
0.0,0.018295426,0.0
0.0,0.3730687,0.0
0.0,0.2112809,0.0
1.0,0.99867225,1.0
0.0,0.0060224314,0.0
0.0,0.03902486,0.0
0.0,0.24358818,0.0
0.0,0.0034029777,0.0
1.0,0.9996817,1.0
0.0,0.12222661,0.0
1.0,0.98171,1.0
0.0,0.06269641,0.0
1.0,0.9752319,1.0
0.0,0.19876035,0.0
1.0,0.98792064,1.0
0.0,0.17620066,0.0
1.0,0.9754396,1.0
1.0,0.8728403,1.0
1.0,0.9981596,1.0
1.0,0.99972814,1.0
0.0,0.14614129,0.0
0.0,0.047448732,0.0
0.0,0.016449766,0.0
1.0,0.0686688,0.0
1.0,0.18493645,0.0
1.0,0.9984812,1.0
1.0,0.92684275,1.0
1.0,0.34679252,0.0
1.0,0.9193251,1.0
1.0,0.9988348,1.0
0.0,0.02734944,0.0
1.0,0.9939956,1.0
1.0,0.9936219,1.0
1.0,0.45001486,0.0
0.0,0.1559891,0.0
0.0,0.005246461,0.0
1.0,0.94312155,1.0
0.0,0.17117305,0.0
0.0,0.0037604426,0.0
0.0,0.004832007,0.0
1.0,0.8961327,1.0
0.0,0.05154877,0.0
1.0,0.47320756,0.0
1.0,0.94447577,1.0
1.0,0.27445054,0.0
0.0,0.25182265,0.0
1.0,0.7654624,1.0
0.0,0.2043519,0.0
0.0,0.5986004,1.0
0.0,0.050496176,0.0
1.0,0.96988904,1.0
1.0,0.9995578,1.0
0.0,0.9444915,1.0
0.0,0.08846326,0.0
0.0,0.67898417,1.0
1.0,0.85619515,1.0
0.0,0.48748812,0.0
1.0,0.99862325,1.0
1.0,0.9236097,1.0
0.0,0.022374671,0.0
0.0,0.11055247,0.0
0.0,0.088519484,0.0
1.0,0.5888304,1.0
0.0,0.015799835,0.0
1.0,0.32389382,0.0
0.0,0.06523018,0.0
1.0,0.6243972,1.0
1.0,0.73636377,1.0
0.0,0.012148567,0.0
0.0,0.0029774779,0.0
0.0,0.115012944,0.0
1.0,0.80956817,1.0
0.0,0.53269565,1.0
0.0,0.050471194,0.0
0.0,0.9266779,1.0
1.0,0.99275875,1.0
0.0,0.21912816,0.0
1.0,0.7759391,1.0
0.0,0.37607172,0.0
0.0,0.3301632,0.0
1.0,0.98204,1.0
1.0,0.25859216,0.0
0.0,0.0070762443,0.0
0.0,0.05329843,0.0
0.0,0.029609151,0.0
0.0,0.13417666,0.0
0.0,0.0030025025,0.0
1.0,0.9963148,1.0
0.0,0.0070383027,0.0
0.0,0.013445796,0.0
0.0,0.58388704,1.0
1.0,0.9825645,1.0
0.0,0.26158404,0.0
0.0,0.1798289,0.0
1.0,0.99928087,1.0
1.0,0.9991786,1.0
0.0,0.006432703,0.0
0.0,0.076615274,0.0
0.0,0.13579719,0.0
0.0,0.015930248,0.0
0.0,0.04853928,0.0
1.0,0.96680003,1.0
0.0,0.011934045,0.0
0.0,0.6316837,1.0
1.0,0.989153,1.0
1.0,0.97845596,1.0
1.0,0.99882597,1.0
1.0,0.5141434,1.0
1.0,0.9811385,1.0
0.0,0.5270817,1.0
0.0,0.07748101,0.0
1.0,0.9736239,1.0
1.0,0.9997279,1.0
0.0,0.28262684,0.0
1.0,0.79370165,1.0
0.0,0.21457951,0.0
1.0,0.82600325,1.0
0.0,0.17909971,0.0
1.0,0.67318386,1.0
0.0,0.028469512,0.0
0.0,0.48234126,0.0
0.0,0.20203483,0.0
1.0,0.77103883,1.0
1.0,0.9988048,1.0
1.0,0.44507897,0.0
0.0,0.11267799,0.0
0.0,0.36369947,0.0
1.0,0.99701947,1.0
1.0,0.9926887,1.0
1.0,0.9610028,1.0
0.0,0.13616717,0.0
0.0,0.25134787,0.0
1.0,0.5437012,1.0
1.0,0.99804,1.0
0.0,0.13403289,0.0
1.0,0.7530315,1.0
1.0,0.9816222,1.0
0.0,0.06964549,0.0
0.0,0.86560225,1.0
0.0,0.0011960845,0.0
0.0,0.37700164,0.0
0.0,0.41494557,0.0
1.0,0.9984913,1.0
1.0,0.960912,1.0
0.0,0.029171783,0.0
0.0,0.029193992,0.0
0.0,0.6413594,1.0
1.0,0.7135885,1.0
0.0,0.0021939813,0.0
0.0,0.2987162,0.0
1.0,0.97835565,1.0
1.0,0.3643654,0.0
1.0,0.25694677,0.0
1.0,0.97906643,1.0
0.0,0.39971876,0.0
0.0,0.08180365,0.0
1.0,0.9784718,1.0
0.0,0.31897688,0.0
1.0,0.8082718,1.0
0.0,0.011412915,0.0
0.0,0.14254896,0.0
1.0,0.99447834,1.0
1.0,0.36313727,0.0
1.0,0.9305737,1.0
1.0,0.9998348,1.0
0.0,0.21560353,0.0
0.0,0.003753889,0.0
0.0,0.3224954,0.0
0.0,0.29968214,0.0
0.0,0.13460176,0.0
0.0,0.1329051,0.0
0.0,0.0069888546,0.0
1.0,0.99815935,1.0
0.0,0.10774911,0.0
0.0,0.033391703,0.0
1.0,0.91212636,1.0
0.0,0.017767994,0.0
0.0,0.21298684,0.0
1.0,0.9998293,1.0
1.0,0.89524186,1.0
1.0,0.9116137,1.0
0.0,0.33998728,0.0
0.0,0.45321113,0.0
1.0,0.8189591,1.0
1.0,0.2808461,0.0
1.0,0.9992448,1.0
0.0,0.19131792,0.0
1.0,0.9865074,1.0
0.0,0.038571015,0.0
1.0,0.9938309,1.0
1.0,0.9996233,1.0
1.0,0.66287637,1.0
0.0,0.0073638973,0.0
1.0,0.9956838,1.0
0.0,0.70501226,1.0
0.0,0.0076583517,0.0
1.0,0.8378686,1.0
1.0,0.9079021,1.0
1.0,0.99311477,1.0
1.0,0.9595983,1.0
0.0,0.13013138,0.0
0.0,0.0032638002,0.0
0.0,0.013299855,0.0
0.0,0.027129974,0.0
1.0,0.372178,0.0
0.0,0.022939667,0.0
1.0,0.98355365,1.0
1.0,0.98601365,1.0
0.0,0.3986542,0.0
1.0,0.9895112,1.0
0.0,0.77361274,1.0
1.0,0.998968,1.0
0.0,0.4276424,0.0
1.0,0.99574983,1.0
0.0,0.06276696,0.0
1.0,0.9066034,1.0
1.0,0.9932024,1.0
0.0,0.16748232,0.0
1.0,0.940109,1.0
1.0,0.99317473,1.0
0.0,0.0008709647,0.0
0.0,0.0070181396,0.0
1.0,0.6436176,1.0
0.0,0.12370514,0.0
0.0,0.86103255,1.0
0.0,0.5961457,1.0
0.0,0.8165991,1.0
0.0,0.22405341,0.0
1.0,0.9422982,1.0
0.0,0.06898117,0.0
1.0,0.88758075,1.0
0.0,0.013275274,0.0
0.0,0.47185212,0.0
0.0,0.0036711567,0.0
0.0,0.091098286,0.0
1.0,0.20843002,0.0
0.0,0.30022964,0.0
1.0,0.962974,1.0
1.0,0.98219097,1.0
1.0,0.595396,1.0
0.0,0.62874544,1.0
0.0,0.18535422,0.0
1.0,0.5970926,1.0
0.0,0.012555563,0.0
0.0,0.21877621,0.0
0.0,0.11228024,0.0
0.0,0.60477483,1.0
0.0,0.259586,0.0
1.0,0.9632947,1.0
1.0,0.6030756,1.0
0.0,0.7283356,1.0
0.0,0.056386404,0.0
0.0,0.03905807,0.0
1.0,0.9994054,1.0
1.0,0.9898864,1.0
0.0,0.013241194,0.0
0.0,0.08431197,0.0
1.0,0.64858294,1.0
0.0,0.023490192,0.0
0.0,0.39169565,0.0
0.0,0.5496282,1.0
0.0,0.3360272,0.0
0.0,0.004007862,0.0
0.0,0.37924767,0.0
1.0,0.51369137,1.0
0.0,0.46092528,0.0
0.0,0.04047977,0.0
0.0,0.044919413,0.0
1.0,0.8225442,1.0
1.0,0.16372114,0.0
1.0,0.9994149,1.0
0.0,0.04104313,0.0
0.0,0.6454017,1.0
1.0,0.99565494,1.0
0.0,0.020616304,0.0
1.0,0.99486756,1.0
0.0,0.070079684,0.0
1.0,0.98800206,1.0
0.0,0.090493895,0.0
0.0,0.96989554,1.0
1.0,0.99804866,1.0
0.0,0.15663598,0.0
0.0,0.025403582,0.0
1.0,0.99764293,1.0
0.0,0.02397568,0.0
0.0,0.17948405,0.0
1.0,0.99802667,1.0
0.0,0.07080013,0.0
1.0,0.9950236,1.0
1.0,0.8609502,1.0
0.0,0.07300853,0.0
1.0,0.3182739,0.0
1.0,0.94013894,1.0
0.0,0.23101026,0.0
1.0,0.87593675,1.0
1.0,0.99763274,1.0
1.0,0.9834115,1.0
1.0,0.6899578,1.0
0.0,0.5680895,1.0
0.0,0.12766783,0.0
0.0,0.3016044,0.0
0.0,0.00960885,0.0
1.0,0.94564223,1.0
0.0,0.0010858766,0.0
0.0,0.028895823,0.0
0.0,0.58143675,1.0
0.0,0.6493521,1.0
1.0,0.9724563,1.0
1.0,0.8720679,1.0
1.0,0.98887336,1.0
0.0,0.104890116,0.0
1.0,0.7543454,1.0
1.0,0.5206314,1.0
0.0,0.12493725,0.0
1.0,0.9974728,1.0
1.0,0.7720215,1.0
0.0,0.21840483,0.0
1.0,0.5852536,1.0
1.0,0.9706265,1.0
1.0,0.7386684,1.0
1.0,0.52015376,1.0
0.0,0.013457984,0.0
1.0,0.642773,1.0
1.0,0.36333454,0.0
0.0,0.36680967,0.0
1.0,0.99937516,1.0
1.0,0.19692983,0.0
0.0,0.031736203,0.0
0.0,0.0457011,0.0
0.0,0.3271842,0.0
0.0,0.2852101,0.0
0.0,0.7902972,1.0
1.0,0.99264705,1.0
0.0,0.4548783,0.0
1.0,0.71816087,1.0
0.0,0.15620351,0.0
0.0,0.05340338,0.0
0.0,0.0028938623,0.0
0.0,0.44746536,0.0
0.0,0.06323407,0.0
0.0,0.1567006,0.0
1.0,0.9902022,1.0
1.0,0.9944517,1.0
1.0,0.950852,1.0
1.0,0.13479109,0.0
1.0,0.99990857,1.0
0.0,0.11751555,0.0
0.0,0.582856,1.0
1.0,0.58054435,1.0
0.0,0.10478223,0.0
0.0,0.74847776,1.0
0.0,0.27918196,0.0
0.0,0.010714092,0.0
1.0,0.38582844,0.0
0.0,0.11153596,0.0
0.0,0.6703716,1.0
1.0,0.6811845,1.0
1.0,0.9850522,1.0
0.0,0.06655433,0.0
0.0,0.096792854,0.0
1.0,0.98352206,1.0
1.0,0.9933954,1.0
0.0,0.29124478,0.0
0.0,0.30116072,0.0
0.0,0.118063726,0.0
0.0,0.23221464,0.0
0.0,0.2408263,0.0
0.0,0.06724341,0.0
1.0,0.9846681,1.0
1.0,0.76785916,1.0
0.0,0.61018294,1.0
0.0,0.020427343,0.0
0.0,0.0284074,0.0
1.0,0.5912153,1.0
0.0,0.044318177,0.0
1.0,0.033170503,0.0
1.0,0.9953945,1.0
0.0,0.064165205,0.0
0.0,0.10829058,0.0
0.0,0.012951239,0.0
1.0,0.99756795,1.0
0.0,0.01601481,0.0
1.0,0.7067233,1.0
1.0,0.88581705,1.0
1.0,0.5725849,1.0
1.0,0.5900814,1.0
1.0,0.58721685,1.0
0.0,0.2519637,0.0
1.0,0.5006073,1.0
0.0,0.010182179,0.0
0.0,0.16471772,0.0
0.0,0.62131524,1.0
0.0,0.0057388814,0.0
0.0,0.405265,0.0
1.0,0.9954922,1.0
1.0,0.5414109,1.0
0.0,0.016357144,0.0
1.0,0.7094166,1.0
1.0,0.998993,1.0
0.0,0.24115773,0.0
0.0,0.813474,1.0
0.0,0.5228942,1.0
0.0,0.009354405,0.0
1.0,0.9786841,1.0
0.0,0.16519646,0.0
1.0,0.99963963,1.0
0.0,0.10938707,0.0
0.0,0.06085005,0.0
0.0,0.056303892,0.0
1.0,0.9881715,1.0
0.0,0.013662174,0.0
1.0,0.98295724,1.0
0.0,0.1488241,0.0
0.0,0.19289246,0.0
0.0,0.00718797,0.0
0.0,0.31628773,0.0
0.0,0.62576485,1.0
1.0,0.98979807,1.0
1.0,0.93148685,1.0
0.0,0.025389075,0.0
0.0,0.06367552,0.0
1.0,0.40329,0.0
0.0,0.2335706,0.0
1.0,0.9992625,1.0
0.0,0.15358868,0.0
1.0,0.7220135,1.0
1.0,0.62668306,1.0
1.0,0.99647886,1.0
0.0,0.06445807,0.0
0.0,0.16855721,0.0
0.0,0.124026604,0.0
1.0,0.46441525,0.0
0.0,0.0537477,0.0
0.0,0.15401982,0.0
1.0,0.9990996,1.0
1.0,0.90336823,1.0
1.0,0.96483207,1.0
0.0,0.025267728,0.0
0.0,0.11355792,0.0
0.0,0.27717337,0.0
1.0,0.382607,0.0
1.0,0.9994272,1.0
1.0,0.99819285,1.0
0.0,0.09653172,0.0
0.0,0.66386807,1.0
0.0,0.0030031248,0.0
1.0,0.9514713,1.0
0.0,0.007085192,0.0
1.0,0.9949072,1.0
0.0,0.005669408,0.0
0.0,0.008144996,0.0
0.0,0.65023696,1.0
1.0,0.8960437,1.0
0.0,0.04127476,0.0
0.0,0.18173689,0.0
0.0,0.0020162726,0.0
1.0,0.7755713,1.0
0.0,0.038571805,0.0
1.0,0.38994595,0.0
0.0,0.009354273,0.0
0.0,0.14169876,0.0
1.0,0.55672,1.0
0.0,0.6239457,1.0
0.0,0.010707887,0.0
1.0,0.5433117,1.0
1.0,0.9916475,1.0
0.0,0.08900906,0.0
0.0,0.41171005,0.0
1.0,0.90300506,1.0
1.0,0.8090194,1.0
0.0,0.010503032,0.0
0.0,0.061143033,0.0
0.0,0.08131851,0.0
1.0,0.90407276,1.0
1.0,0.8722599,1.0
1.0,0.9961636,1.0
0.0,0.2448133,0.0
0.0,0.0015677492,0.0
0.0,0.17785875,0.0
1.0,0.91896987,1.0
0.0,0.058155004,0.0
1.0,0.7337393,1.0
1.0,0.5505651,1.0
0.0,0.02151739,0.0
0.0,0.22114775,0.0
0.0,0.0047417195,0.0
0.0,0.3242145,0.0
0.0,0.021376416,0.0
1.0,0.3748377,0.0
0.0,0.06271284,0.0
1.0,0.9604204,1.0
1.0,0.21697292,0.0
0.0,0.2885162,0.0
0.0,0.026812784,0.0
0.0,0.01787997,0.0
1.0,0.9858183,1.0
0.0,0.13840629,0.0
1.0,0.9098294,1.0
0.0,0.07802175,0.0
1.0,0.9982443,1.0
0.0,0.5188722,1.0
1.0,0.99250495,1.0
1.0,0.07809278,0.0
1.0,0.6769153,1.0
1.0,0.9839713,1.0
1.0,0.99709296,1.0
1.0,0.80357057,1.0
1.0,0.9729437,1.0
0.0,0.022431683,0.0
0.0,0.019557416,0.0
1.0,0.44694743,0.0
0.0,0.16042508,0.0
1.0,0.3676198,0.0
1.0,0.8328699,1.0
0.0,0.104448296,0.0
1.0,0.040833894,0.0
1.0,0.98812383,1.0
1.0,0.86825395,1.0
0.0,0.55171514,1.0
1.0,0.9610398,1.0
1.0,0.7943475,1.0
0.0,0.050178967,0.0
0.0,0.0027967044,0.0
0.0,0.010387555,0.0
0.0,0.004126474,0.0
0.0,0.10451247,0.0
0.0,0.3591556,0.0
0.0,0.5121525,1.0
0.0,0.0089568505,0.0
1.0,0.8291111,1.0
1.0,0.98797745,1.0
1.0,0.9936585,1.0
1.0,0.9810326,1.0
0.0,0.03593593,0.0
0.0,0.14775208,0.0
0.0,0.14577362,0.0
1.0,0.7076233,1.0
1.0,0.9812757,1.0
0.0,0.46075526,0.0
0.0,0.0020956884,0.0
0.0,0.010836364,0.0
0.0,0.34594414,0.0
0.0,0.08765421,0.0
0.0,0.051253825,0.0
1.0,0.9826872,1.0
0.0,0.07630098,0.0
0.0,0.5907442,1.0
1.0,0.9794806,1.0
0.0,0.004857549,0.0
1.0,0.9196214,1.0
1.0,0.9374927,1.0
0.0,0.10604666,0.0
0.0,0.10554678,0.0
0.0,0.019144261,0.0
0.0,0.004104063,0.0
1.0,0.997974,1.0
0.0,0.57084394,1.0
1.0,0.90578246,1.0
1.0,0.056238182,0.0
1.0,0.9938564,1.0
1.0,0.948541,1.0
1.0,0.94029164,1.0
0.0,0.09463524,0.0
0.0,0.03464527,0.0
0.0,0.016678281,0.0
1.0,0.6208369,1.0
0.0,0.4477641,0.0
1.0,0.7693283,1.0
1.0,0.95850074,1.0
0.0,0.14189504,0.0
1.0,0.17325553,0.0
0.0,0.51022375,1.0
1.0,0.9976642,1.0
1.0,0.9991935,1.0
1.0,0.99954754,1.0
0.0,0.0023764805,0.0
1.0,0.5444513,1.0
0.0,0.14635934,0.0
0.0,0.0067610806,0.0
0.0,0.19353418,0.0
0.0,0.014177609,0.0
0.0,0.10547743,0.0
0.0,0.07517457,0.0
0.0,0.5639327,1.0
1.0,0.78013563,1.0
1.0,0.9114144,1.0
0.0,0.014279377,0.0
1.0,0.99951136,1.0
1.0,0.99281657,1.0
1.0,0.44433248,0.0
1.0,0.94023126,1.0
0.0,0.031250004,0.0
1.0,0.9935633,1.0
1.0,0.7655656,1.0
1.0,0.7193559,1.0
0.0,0.16111767,0.0
1.0,0.995663,1.0
1.0,0.83398426,1.0
0.0,0.017263079,0.0
1.0,0.9790795,1.0
0.0,0.17440541,0.0
1.0,0.99517137,1.0
1.0,0.6359588,1.0
1.0,0.99825245,1.0
0.0,0.15764517,0.0
1.0,0.7537188,1.0
0.0,0.26644862,0.0
1.0,0.9861984,1.0
0.0,0.19450986,0.0
0.0,0.11309944,0.0
1.0,0.9757083,1.0
0.0,0.0035058232,0.0
0.0,0.107051745,0.0
0.0,0.19524342,0.0
1.0,0.960507,1.0
1.0,0.99966025,1.0
0.0,0.021572284,0.0
1.0,0.9925196,1.0
1.0,0.9865767,1.0
1.0,0.84825474,1.0
1.0,0.99536717,1.0
1.0,0.98839206,1.0
1.0,0.99979514,1.0
0.0,0.831243,1.0
0.0,0.0384176,0.0
0.0,0.008355825,0.0
1.0,0.99942964,1.0
1.0,0.9994771,1.0
0.0,0.26755092,0.0
0.0,0.9139539,1.0
1.0,0.34832853,0.0
0.0,0.20943585,0.0
1.0,0.997603,1.0
1.0,0.99013734,1.0
0.0,0.0027504915,0.0
1.0,0.33968166,0.0
0.0,0.17414089,0.0
0.0,0.13890176,0.0
1.0,0.19550186,0.0
0.0,0.1382453,0.0
0.0,0.0057144486,0.0
0.0,0.60671204,1.0
0.0,0.49014527,0.0
0.0,0.48466763,0.0
1.0,0.9857846,1.0
1.0,0.99972314,1.0
0.0,0.03622137,0.0
0.0,0.002565778,0.0
1.0,0.9456046,1.0
0.0,0.0036987734,0.0
1.0,0.4058777,0.0
0.0,0.0040406077,0.0
0.0,0.050525013,0.0
0.0,0.033196922,0.0
1.0,0.98806816,1.0
0.0,0.0055884067,0.0
1.0,0.9865122,1.0
0.0,0.0120756095,0.0
0.0,0.23020804,0.0
1.0,0.99611783,1.0
1.0,0.49013215,0.0
1.0,0.8598432,1.0
0.0,0.041764576,0.0
0.0,0.0039604735,0.0
1.0,0.98531485,1.0
1.0,0.71717477,1.0
0.0,0.020594865,0.0
0.0,0.04519573,0.0
0.0,0.19387174,0.0
1.0,0.9997973,1.0
0.0,0.71648973,1.0
1.0,0.9747003,1.0
1.0,0.9996933,1.0
1.0,0.997139,1.0
0.0,0.15704018,0.0
1.0,0.99230003,1.0
0.0,0.008250767,0.0
1.0,0.9994686,1.0
1.0,0.9767569,1.0
1.0,0.2937866,0.0
0.0,0.0064693624,0.0
0.0,0.14818268,0.0
1.0,0.9969566,1.0
0.0,0.14367971,0.0
0.0,0.39357454,0.0
0.0,0.094154246,0.0
1.0,0.98576736,1.0
0.0,0.01078787,0.0
0.0,0.035249703,0.0
1.0,0.7182888,1.0
1.0,0.78029853,1.0
1.0,0.7167039,1.0
1.0,0.59693396,1.0
0.0,0.4228592,0.0
0.0,0.017045196,0.0
0.0,0.08270262,0.0
0.0,0.06380617,0.0
0.0,0.00865399,0.0
1.0,0.99952507,1.0
1.0,0.9377909,1.0
0.0,0.0484627,0.0
0.0,0.27145952,0.0
1.0,0.97852385,1.0
1.0,0.965185,1.0
0.0,0.019368453,0.0
1.0,0.9945673,1.0
1.0,0.90704226,1.0
1.0,0.8547395,1.0
1.0,0.92290354,1.0
0.0,0.018675307,0.0
1.0,0.99967873,1.0
1.0,0.27823472,0.0
0.0,0.120794766,0.0
0.0,0.009889717,0.0
0.0,0.33708182,0.0
1.0,0.9732434,1.0
0.0,0.08012046,0.0
0.0,0.042412862,0.0
0.0,0.015240783,0.0
1.0,0.9659465,1.0
1.0,0.9960382,1.0
0.0,0.0053445864,0.0
0.0,0.6462326,1.0
0.0,0.013825193,0.0
0.0,0.0022650247,0.0
0.0,0.07157778,0.0
0.0,0.0031846627,0.0
1.0,0.8363106,1.0
1.0,0.46987054,0.0
1.0,0.9989361,1.0
1.0,0.4280021,0.0
1.0,0.99965274,1.0
0.0,0.08135997,0.0
0.0,0.3490253,0.0
1.0,0.5349058,1.0
1.0,0.7792644,1.0
0.0,0.2967751,0.0
0.0,0.050670452,0.0
0.0,0.018434763,0.0
0.0,0.15369289,0.0
0.0,0.25836682,0.0
1.0,0.92908025,1.0
1.0,0.81338346,1.0
1.0,0.99625814,1.0
0.0,0.015657835,0.0
1.0,0.9994671,1.0
1.0,0.99588144,1.0
1.0,0.99160844,1.0
0.0,0.014074866,0.0
0.0,0.06081924,0.0
0.0,0.10704156,0.0
1.0,0.99778795,1.0
1.0,0.2973812,0.0
1.0,0.9987679,1.0
0.0,0.002373464,0.0
0.0,0.0024610409,0.0
0.0,0.05234709,0.0
0.0,0.48838124,0.0
0.0,0.038715623,0.0
0.0,0.3579869,0.0
0.0,0.0017695896,0.0
0.0,0.16815883,0.0
1.0,0.9802727,1.0
1.0,0.9444662,1.0
1.0,0.9875936,1.0
1.0,0.9951982,1.0
1.0,0.99966395,1.0
1.0,0.99937326,1.0
1.0,0.9987857,1.0
0.0,0.3326606,0.0
1.0,0.9871155,1.0
1.0,0.9525051,1.0
0.0,0.037130956,0.0
0.0,0.23413669,0.0
1.0,0.86596555,1.0
0.0,0.2049626,0.0
0.0,0.2475818,0.0
0.0,0.4195211,0.0
0.0,0.30267543,0.0
0.0,0.15922073,0.0
1.0,0.35832477,0.0
1.0,0.99923885,1.0
1.0,0.99760973,1.0
1.0,0.9272132,1.0
0.0,0.04656443,0.0
1.0,0.9899496,1.0
0.0,0.17807986,0.0
1.0,0.9615168,1.0
1.0,0.9902761,1.0
1.0,0.98731345,1.0
0.0,0.16512789,0.0
1.0,0.34698918,0.0
1.0,0.46602705,0.0
1.0,0.87703514,1.0
1.0,0.9224048,1.0
0.0,0.010158245,0.0
0.0,0.12259215,0.0
1.0,0.9175407,1.0
1.0,0.27838734,0.0
0.0,0.0065134023,0.0
1.0,0.8910125,1.0
1.0,0.9089325,1.0
1.0,0.9723994,1.0
1.0,0.75837797,1.0
0.0,0.004334236,0.0
0.0,0.026838208,0.0
0.0,0.38355023,0.0
0.0,0.035601016,0.0
1.0,0.99643576,1.0
1.0,0.3109356,0.0
0.0,0.14400248,0.0
0.0,0.11031704,0.0
0.0,0.014444614,0.0
1.0,0.9979259,1.0
1.0,0.8015565,1.0
0.0,0.0041571734,0.0
0.0,0.0042725187,0.0
0.0,0.29778177,0.0
1.0,0.25219622,0.0
1.0,0.9943013,1.0
1.0,0.99839956,1.0
0.0,0.027002523,0.0
1.0,0.89155036,1.0
1.0,0.74238306,1.0
1.0,0.41471508,0.0
0.0,0.6076478,1.0
0.0,0.010678448,0.0
1.0,0.99239606,1.0
0.0,0.29271075,0.0
0.0,0.37711915,0.0
0.0,0.23379326,0.0
1.0,0.9928671,1.0
0.0,0.57313836,1.0
1.0,0.43137953,0.0
0.0,0.305161,0.0
0.0,0.019591002,0.0
1.0,0.8521531,1.0
1.0,0.45455623,0.0
1.0,0.97664976,1.0
0.0,0.08562188,0.0
1.0,0.937386,1.0
0.0,0.09272731,0.0
0.0,0.015093462,0.0
1.0,0.99807453,1.0
0.0,0.24716365,0.0
0.0,0.16327664,0.0
1.0,0.99279344,1.0
1.0,0.8747306,1.0
1.0,0.8228066,1.0
0.0,0.05627941,0.0
0.0,0.042553917,0.0
1.0,0.9261977,1.0
0.0,0.19314225,0.0
1.0,0.59955543,1.0
0.0,0.004947411,0.0
1.0,0.99448836,1.0
0.0,0.03289371,0.0
1.0,0.053082936,0.0
1.0,0.27826133,0.0
0.0,0.058872323,0.0
0.0,0.0069309506,0.0
0.0,0.010705251,0.0
0.0,0.2148715,0.0
1.0,0.89763016,1.0
0.0,0.23164846,0.0
0.0,0.609624,1.0
1.0,0.999696,1.0
0.0,0.21715857,0.0
1.0,0.9806064,1.0
1.0,0.99711096,1.0
0.0,0.008083878,0.0
1.0,0.25354716,0.0
1.0,0.99913883,1.0
1.0,0.989027,1.0
0.0,0.011732083,0.0
1.0,0.9964281,1.0
1.0,0.87784344,1.0
0.0,0.012517607,0.0
0.0,0.2546508,0.0
1.0,0.6844431,1.0
1.0,0.9087342,1.0
0.0,0.16561478,0.0
0.0,0.0033822735,0.0
1.0,0.9902568,1.0
0.0,0.025576726,0.0
0.0,0.27106014,0.0
0.0,0.13353762,0.0
1.0,0.98242986,1.0
0.0,0.08291442,0.0
0.0,0.20685253,0.0
0.0,0.6069834,1.0
0.0,0.14447151,0.0
1.0,0.9531933,1.0
0.0,0.61446434,1.0
1.0,0.4894986,0.0
0.0,0.08362353,0.0
0.0,0.026983012,0.0
0.0,0.0066383863,0.0
1.0,0.9971512,1.0
1.0,0.99394155,1.0
0.0,0.007817616,0.0
1.0,0.8897114,1.0
0.0,0.015882785,0.0
0.0,0.23183377,0.0
1.0,0.9132183,1.0
1.0,0.4103998,0.0
1.0,0.94560933,1.0
0.0,0.011292976,0.0
0.0,0.0021321785,0.0
1.0,0.9957682,1.0
0.0,0.00095737283,0.0
1.0,0.30522716,0.0
0.0,0.36190376,0.0
0.0,0.18751785,0.0
1.0,0.99250925,1.0
0.0,0.42207792,0.0
1.0,0.92053694,1.0
1.0,0.89668447,1.0
1.0,0.8252801,1.0
0.0,0.19493942,0.0
0.0,0.24162965,0.0
0.0,0.020856,0.0
0.0,0.112182416,0.0
0.0,0.2946284,0.0
1.0,0.99870074,1.0
0.0,0.112339936,0.0
0.0,0.12917131,0.0
1.0,0.9985668,1.0
1.0,0.94875747,1.0
1.0,0.06330561,0.0
1.0,0.34765553,0.0
1.0,0.9923543,1.0
0.0,0.023304284,0.0
1.0,0.9845137,1.0
0.0,0.02474638,0.0
0.0,0.79694134,1.0
1.0,0.91731036,1.0
0.0,0.11646579,0.0
1.0,0.44835848,0.0
0.0,0.20958008,0.0
1.0,0.80276304,1.0
0.0,0.4956406,0.0
1.0,0.99582326,1.0
1.0,0.99909484,1.0
1.0,0.9954371,1.0
1.0,0.9267779,1.0
1.0,0.99851483,1.0
1.0,0.9991172,1.0
1.0,0.4679527,0.0
0.0,0.19572875,0.0
1.0,0.9955006,1.0
1.0,0.92916054,1.0
1.0,0.938279,1.0
1.0,0.94106054,1.0
1.0,0.9967849,1.0
1.0,0.6254385,1.0
0.0,0.30198586,0.0
1.0,0.9928871,1.0
1.0,0.9984224,1.0
1.0,0.99894184,1.0
0.0,0.71278363,1.0
1.0,0.9237413,1.0
0.0,0.056830857,0.0
0.0,0.012373974,0.0
0.0,0.0041039847,0.0
0.0,0.21522027,0.0
1.0,0.999468,1.0
0.0,0.120308094,0.0
0.0,0.0058469195,0.0
0.0,0.04013829,0.0
0.0,0.078791074,0.0
0.0,0.13987117,0.0
1.0,0.8172011,1.0
0.0,0.036194332,0.0
0.0,0.048508104,0.0
1.0,0.63927203,1.0
0.0,0.01099041,0.0
0.0,0.1193292,0.0
0.0,0.8665565,1.0
1.0,0.9918395,1.0
0.0,0.6163584,1.0
1.0,0.88070625,1.0
0.0,0.023067322,0.0
1.0,0.65480804,1.0
0.0,0.0074437563,0.0
1.0,0.9902901,1.0
1.0,0.569427,1.0
1.0,0.64452577,1.0
0.0,0.020689087,0.0
1.0,0.99796486,1.0
0.0,0.026106304,0.0
0.0,0.01113424,0.0
0.0,0.023801636,0.0
1.0,0.13360429,0.0
0.0,0.023874186,0.0
1.0,0.9499233,1.0
0.0,0.03088587,0.0
1.0,0.9991002,1.0
1.0,0.99409264,1.0
1.0,0.97878724,1.0
1.0,0.9945937,1.0
0.0,0.0025840546,0.0
1.0,0.9861115,1.0
1.0,0.9146362,1.0
0.0,0.0020774088,0.0
1.0,0.92954487,1.0
0.0,0.011878241,0.0
0.0,0.8785696,1.0
0.0,0.059605602,0.0
0.0,0.019771336,0.0
1.0,0.8987861,1.0
1.0,0.72671056,1.0
1.0,0.97758764,1.0
1.0,0.73512757,1.0
0.0,0.13740659,0.0
0.0,0.22339666,0.0
0.0,0.0037949714,0.0
0.0,0.5902028,1.0
1.0,0.9388185,1.0
1.0,0.9973236,1.0
0.0,0.6773626,1.0
1.0,0.9990706,1.0
1.0,0.948817,1.0
1.0,0.8177114,1.0
0.0,0.09818951,0.0
1.0,0.9374026,1.0
1.0,0.61931646,1.0
1.0,0.69115144,1.0
1.0,0.9599126,1.0
1.0,0.049155556,0.0
1.0,0.98080516,1.0
0.0,0.37966275,0.0
1.0,0.16645463,0.0
0.0,0.06822081,0.0
0.0,0.31127262,0.0
0.0,0.003165341,0.0
1.0,0.7653794,1.0
1.0,0.9963128,1.0
1.0,0.99920696,1.0
0.0,0.029230604,0.0
1.0,0.74878055,1.0
0.0,0.10571901,0.0
0.0,0.2758774,0.0
1.0,0.9714751,1.0
1.0,0.5108099,1.0
1.0,0.99927396,1.0
0.0,0.1283633,0.0
1.0,0.3274244,0.0
1.0,0.46276635,0.0
1.0,0.8771363,1.0
1.0,0.7716773,1.0
0.0,0.021695679,0.0
1.0,0.7362498,1.0
1.0,0.99969923,1.0
1.0,0.254993,0.0
1.0,0.9813415,1.0
1.0,0.9996574,1.0
0.0,0.33127055,0.0
1.0,0.91840976,1.0
0.0,0.0027819644,0.0
1.0,0.90509963,1.0
1.0,0.8332363,1.0
0.0,0.22815499,0.0
0.0,0.008979822,0.0
1.0,0.9995857,1.0
0.0,0.06498069,0.0
0.0,0.17797922,0.0
0.0,0.33865157,0.0
1.0,0.99855083,1.0
0.0,0.0073769726,0.0
0.0,0.15763284,0.0
1.0,0.9986578,1.0
0.0,0.003272682,0.0
0.0,0.025192574,0.0
0.0,0.3003922,0.0
0.0,0.11767233,0.0
0.0,0.884688,1.0
1.0,0.99988127,1.0
1.0,0.9996494,1.0
1.0,0.9984112,1.0
0.0,0.023170874,0.0
0.0,0.0064282096,0.0
0.0,0.119862325,0.0
1.0,0.9748855,1.0
0.0,0.04906829,0.0
0.0,0.6017188,1.0
1.0,0.98807317,1.0
1.0,0.9381218,1.0
0.0,0.34606725,0.0
0.0,0.19128968,0.0
0.0,0.045089435,0.0
0.0,0.07644496,0.0
1.0,0.9939585,1.0
1.0,0.61725086,1.0
1.0,0.9887579,1.0
0.0,0.07109232,0.0
0.0,0.018011238,0.0
0.0,0.93670046,1.0
0.0,0.060163,0.0
0.0,0.31619352,0.0
0.0,0.25584957,0.0
0.0,0.0046261023,0.0
0.0,0.104416244,0.0
1.0,0.99914074,1.0
0.0,0.0030937982,0.0
0.0,0.062382057,0.0
0.0,0.016049594,0.0
1.0,0.9499036,1.0
0.0,0.2727794,0.0
0.0,0.30263558,0.0
0.0,0.009830366,0.0
0.0,0.23987623,0.0
1.0,0.97279525,1.0
0.0,0.13082598,0.0
1.0,0.91304857,1.0
0.0,0.37672943,0.0
0.0,0.009544535,0.0
1.0,0.5089868,1.0
0.0,0.072342135,0.0
0.0,0.040449772,0.0
0.0,0.1756365,0.0
1.0,0.9965592,1.0
0.0,0.01698129,0.0
1.0,0.77767533,1.0
0.0,0.021337379,0.0
0.0,0.10377133,0.0
0.0,0.49392134,0.0
1.0,0.9940089,1.0
1.0,0.9878494,1.0
0.0,0.016446903,0.0
1.0,0.3934998,0.0
0.0,0.00991214,0.0
1.0,0.7582657,1.0
1.0,0.961438,1.0
1.0,0.74589646,1.0
1.0,0.7833065,1.0
0.0,0.1721788,0.0
1.0,0.41444004,0.0
0.0,0.0150293745,0.0
0.0,0.26463285,0.0
1.0,0.9962768,1.0
0.0,0.0962781,0.0
0.0,0.026375512,0.0
0.0,0.004112282,0.0
1.0,0.98450327,1.0
1.0,0.6714885,1.0
1.0,0.6332383,1.0
0.0,0.67438513,1.0
0.0,0.47032255,0.0
0.0,0.3703258,0.0
1.0,0.998517,1.0
0.0,0.016678728,0.0
1.0,0.9990582,1.0
0.0,0.042011097,0.0
0.0,0.5403079,1.0
1.0,0.85112303,1.0
1.0,0.38834637,0.0
0.0,0.012949324,0.0
1.0,0.9979329,1.0
0.0,0.016974557,0.0
1.0,0.9982821,1.0
1.0,0.9906204,1.0
0.0,0.13180512,0.0
1.0,0.9943078,1.0
0.0,0.020370314,0.0
1.0,0.43087673,0.0
0.0,0.30364585,0.0
0.0,0.2766695,0.0
0.0,0.015991976,0.0
1.0,0.99949574,1.0
1.0,0.9927442,1.0
1.0,0.99032885,1.0
0.0,0.0066046375,0.0
1.0,0.9923557,1.0
1.0,0.99827003,1.0
1.0,0.98177105,1.0
0.0,0.63163376,1.0
1.0,0.9994716,1.0
1.0,0.90155435,1.0
0.0,0.30873248,0.0
0.0,0.059720833,0.0
0.0,0.18370515,0.0
0.0,0.019227052,0.0
0.0,0.0075158332,0.0
1.0,0.70697665,1.0
0.0,0.3115373,0.0
1.0,0.9939568,1.0
0.0,0.013378603,0.0
0.0,0.25421372,0.0
1.0,0.79200274,1.0
1.0,0.43274644,0.0
0.0,0.14054334,0.0
1.0,0.6866906,1.0
0.0,0.21753773,0.0
0.0,0.034052745,0.0
1.0,0.99896646,1.0
0.0,0.026661705,0.0
1.0,0.9996203,1.0
0.0,0.029731344,0.0
0.0,0.30330622,0.0
0.0,0.44149294,0.0
1.0,0.6681712,1.0
0.0,0.32430208,0.0
1.0,0.99318695,1.0
0.0,0.0039510736,0.0
0.0,0.027643995,0.0
1.0,0.999841,1.0
0.0,0.40433148,0.0
0.0,0.015038087,0.0
0.0,0.07457802,0.0
0.0,0.029481567,0.0
0.0,0.20202258,0.0
0.0,0.22188178,0.0
0.0,0.26507106,0.0
0.0,0.064943135,0.0
0.0,0.428532,0.0
0.0,0.4752608,0.0
1.0,0.9892496,1.0
0.0,0.06439023,0.0
1.0,0.35276175,0.0
1.0,0.94104767,1.0
0.0,0.014991402,0.0
0.0,0.2633288,0.0
0.0,0.02239727,0.0
1.0,0.99435645,1.0
0.0,0.23921303,0.0
1.0,0.34651378,0.0
0.0,0.099582985,0.0
0.0,0.0053379545,0.0
0.0,0.013961972,0.0
1.0,0.94342303,1.0
1.0,0.91768277,1.0
1.0,0.9996722,1.0
1.0,0.15866807,0.0
0.0,0.0213715,0.0
1.0,0.99973327,1.0
0.0,0.43159232,0.0
0.0,0.003591399,0.0
0.0,0.22911589,0.0
0.0,0.030275298,0.0
1.0,0.83979917,1.0
0.0,0.100177936,0.0
1.0,0.88987046,1.0
0.0,0.150318,0.0
1.0,0.9597983,1.0
1.0,0.29933956,0.0
0.0,0.03855572,0.0
1.0,0.96540684,1.0
0.0,0.022341194,0.0
1.0,0.9501868,1.0
0.0,0.12918735,0.0
0.0,0.16949648,0.0
1.0,0.990384,1.0
0.0,0.040212095,0.0
0.0,0.020808136,0.0
1.0,0.94840145,1.0
0.0,0.019077428,0.0
0.0,0.14448379,0.0
1.0,0.8943755,1.0
0.0,0.10709057,0.0
0.0,0.050561626,0.0
0.0,0.086979024,0.0
1.0,0.9989662,1.0
1.0,0.869607,1.0
0.0,0.006950658,0.0
0.0,0.011970867,0.0
0.0,0.24109885,0.0
0.0,0.0114776,0.0
1.0,0.78976595,1.0
1.0,0.6984973,1.0
1.0,0.99979967,1.0
1.0,0.9936061,1.0
0.0,0.42369208,0.0
0.0,0.19310045,0.0
0.0,0.4063438,0.0
0.0,0.5077196,1.0
0.0,0.00556178,0.0
0.0,0.4218848,0.0
1.0,0.99824226,1.0
0.0,0.03584412,0.0
1.0,0.47861606,0.0
0.0,0.04088401,0.0
1.0,0.887746,1.0
0.0,0.25906196,0.0
1.0,0.48177066,0.0
0.0,0.03763391,0.0
0.0,0.32335526,0.0
0.0,0.084127024,0.0
0.0,0.6998634,1.0
0.0,0.19254032,0.0
0.0,0.29152268,0.0
1.0,0.9576086,1.0
1.0,0.9896791,1.0
1.0,0.6476612,1.0
0.0,0.0066237682,0.0
0.0,0.01330012,0.0
1.0,0.64758086,1.0
0.0,0.46131122,0.0
1.0,0.7257419,1.0
0.0,0.67948294,1.0
0.0,0.28867877,0.0
1.0,0.9222259,1.0
0.0,0.010924882,0.0
1.0,0.9995894,1.0
1.0,0.95519406,1.0
1.0,0.82146347,1.0
0.0,0.023230452,0.0
0.0,0.023660507,0.0
1.0,0.20485505,0.0
0.0,0.5228974,1.0
1.0,0.9997601,1.0
0.0,0.7523085,1.0
1.0,0.75821507,1.0
0.0,0.066059716,0.0
1.0,0.94206166,1.0
1.0,0.9991798,1.0
0.0,0.006048245,0.0
1.0,0.99908483,1.0
0.0,0.0022867585,0.0
0.0,0.27150688,0.0
1.0,0.9867489,1.0
1.0,0.9998872,1.0
0.0,0.08706968,0.0
1.0,0.9943948,1.0
1.0,0.93581516,1.0
1.0,0.74587184,1.0
1.0,0.7119911,1.0
1.0,0.9795233,1.0
0.0,0.5257373,1.0
0.0,0.0059322747,0.0
1.0,0.5819007,1.0
1.0,0.7878744,1.0
0.0,0.044310708,0.0
1.0,0.99837047,1.0
1.0,0.8640388,1.0
0.0,0.07507023,0.0
1.0,0.9811032,1.0
1.0,0.99978274,1.0
1.0,0.6479452,1.0
1.0,0.74935013,1.0
0.0,0.7490766,1.0
0.0,0.058378827,0.0
0.0,0.53481424,1.0
0.0,0.006364237,0.0
0.0,0.0575576,0.0
1.0,0.83449346,1.0
1.0,0.9753211,1.0
1.0,0.9405146,1.0
1.0,0.85810477,1.0
1.0,0.9997367,1.0
0.0,0.6121984,1.0
0.0,0.29301056,0.0
0.0,0.26361498,0.0
0.0,0.018760417,0.0
1.0,0.99518245,1.0
0.0,0.022419395,0.0
0.0,0.011779447,0.0
1.0,0.89806885,1.0
0.0,0.012116048,0.0
0.0,0.1266249,0.0
1.0,0.997026,1.0
0.0,0.046074122,0.0
0.0,0.17411585,0.0
0.0,0.6746128,1.0
0.0,0.026443373,0.0
1.0,0.8372018,1.0
1.0,0.9475953,1.0
1.0,0.8273606,1.0
0.0,0.086702876,0.0
0.0,0.006857384,0.0
0.0,0.23234242,0.0
0.0,0.18051991,0.0
1.0,0.9933929,1.0
0.0,0.2303951,0.0
0.0,0.057527345,0.0
0.0,0.122907326,0.0
0.0,0.251189,0.0
1.0,0.76637644,1.0
1.0,0.9696222,1.0
1.0,0.5161828,1.0
0.0,0.08601657,0.0
1.0,0.20411175,0.0
0.0,0.0038348653,0.0
0.0,0.012118161,0.0
1.0,0.98919183,1.0
0.0,0.071687825,0.0
0.0,0.061571606,0.0
0.0,0.43696657,0.0
1.0,0.56128347,1.0
1.0,0.5451544,1.0
0.0,0.003025983,0.0
1.0,0.99620074,1.0
0.0,0.6466757,1.0
1.0,0.99976915,1.0
0.0,0.1431843,0.0
1.0,0.9685845,1.0
0.0,0.22308128,0.0
1.0,0.99254495,1.0
0.0,0.34779787,0.0
0.0,0.12114692,0.0
0.0,0.016688624,0.0
1.0,0.9954744,1.0
0.0,0.87861407,1.0
0.0,0.27023575,0.0
1.0,0.6914724,1.0
0.0,0.0034720562,0.0
1.0,0.9982734,1.0
1.0,0.8926388,1.0
0.0,0.030648617,0.0
0.0,0.09328405,0.0
0.0,0.0143323755,0.0
1.0,0.93083304,1.0
1.0,0.7372621,1.0
1.0,0.97474086,1.0
0.0,0.008508821,0.0
0.0,0.057277262,0.0
1.0,0.5190453,1.0
0.0,0.016073974,0.0
0.0,0.016372005,0.0
1.0,0.74352247,1.0
1.0,0.9848899,1.0
1.0,0.3217608,0.0
0.0,0.033208124,0.0
1.0,0.36981916,0.0
0.0,0.14382519,0.0
1.0,0.89120775,1.0
1.0,0.853803,1.0
1.0,0.9413011,1.0
0.0,0.3862837,0.0
0.0,0.657201,1.0
0.0,0.11152292,0.0
0.0,0.0420405,0.0
0.0,0.0013693841,0.0
1.0,0.8827603,1.0
1.0,0.98917377,1.0
1.0,0.9130833,1.0
1.0,0.99600035,1.0
1.0,0.99173534,1.0
1.0,0.996933,1.0
0.0,0.51562214,1.0
0.0,0.012595292,0.0
0.0,0.0028983734,0.0
1.0,0.9956346,1.0
0.0,0.62252843,1.0
1.0,0.9406318,1.0
1.0,0.9953105,1.0
0.0,0.006745098,0.0
0.0,0.013710721,0.0
0.0,0.064163,0.0
1.0,0.88104194,1.0
0.0,0.37788558,0.0
0.0,0.33276603,0.0
1.0,0.8205211,1.0
1.0,0.78430325,1.0
1.0,0.9894559,1.0
1.0,0.98641115,1.0
0.0,0.037336178,0.0
0.0,0.4566837,0.0
1.0,0.9336294,1.0
0.0,0.029635672,0.0
0.0,0.18942621,0.0
1.0,0.61874974,1.0
0.0,0.0020513595,0.0
1.0,0.9903198,1.0
0.0,0.010674298,0.0
0.0,0.09297579,0.0
0.0,0.0063476167,0.0
0.0,0.0042138533,0.0
1.0,0.99847645,1.0
1.0,0.29658154,0.0
0.0,0.60523397,1.0
0.0,0.58675313,1.0
0.0,0.4885639,0.0
0.0,0.21114214,0.0
0.0,0.756738,1.0
1.0,0.66299605,1.0
1.0,0.8688866,1.0
1.0,0.55479693,1.0
1.0,0.99871826,1.0
1.0,0.65645164,1.0
0.0,0.062748015,0.0
0.0,0.09672794,0.0
1.0,0.1641044,0.0
0.0,0.046503488,0.0
0.0,0.048526816,0.0
0.0,0.041744627,0.0
0.0,0.0024262504,0.0
0.0,0.679224,1.0
0.0,0.43998566,0.0
1.0,0.5988116,1.0
0.0,0.023369187,0.0
0.0,0.018337987,0.0
0.0,0.4513847,0.0
0.0,0.16389678,0.0
0.0,0.18464524,0.0
0.0,0.8331157,1.0
1.0,0.630674,1.0
1.0,0.10370817,0.0
0.0,0.09694888,0.0
0.0,0.010323928,0.0
1.0,0.987369,1.0
0.0,0.025739457,0.0
1.0,0.99923825,1.0
1.0,0.7874085,1.0
0.0,0.22619168,0.0
1.0,0.99313325,1.0
1.0,0.9876123,1.0
1.0,0.97894955,1.0
1.0,0.9225145,1.0
1.0,0.54857296,1.0
0.0,0.18356682,0.0
0.0,0.2787119,0.0
0.0,0.21799572,0.0
0.0,0.005321397,0.0
0.0,0.07893684,0.0
1.0,0.989437,1.0
0.0,0.42485744,0.0
0.0,0.07988548,0.0
1.0,0.86768305,1.0
1.0,0.8177407,1.0
0.0,0.006517872,0.0
0.0,0.25372174,0.0
1.0,0.68616235,1.0
0.0,0.44038674,0.0
0.0,0.13375384,0.0
0.0,0.3434182,0.0
1.0,0.98399496,1.0
1.0,0.27725798,0.0
1.0,0.82731456,1.0
1.0,0.8763006,1.0
1.0,0.953535,1.0
1.0,0.82913685,1.0
0.0,0.06523637,0.0
0.0,0.0035164624,0.0
0.0,0.003620796,0.0
0.0,0.4349351,0.0
0.0,0.007838273,0.0
0.0,0.23530503,0.0
0.0,0.019773325,0.0
0.0,0.016662726,0.0
0.0,0.24913728,0.0
1.0,0.7897341,1.0
1.0,0.9983701,1.0
0.0,0.052294925,0.0
0.0,0.06908425,0.0
0.0,0.168383,0.0
0.0,0.068355225,0.0
1.0,0.99512285,1.0
0.0,0.02280847,0.0
1.0,0.99051195,1.0
0.0,0.0060117026,0.0
1.0,0.9972414,1.0
0.0,0.1320389,0.0
0.0,0.02711544,0.0
1.0,0.18627119,0.0
0.0,0.1634081,0.0
1.0,0.99788046,1.0
0.0,0.1712424,0.0
1.0,0.5893175,1.0
0.0,0.13834041,0.0
0.0,0.087408185,0.0
0.0,0.004222979,0.0
1.0,0.98029906,1.0
1.0,0.3774129,0.0
1.0,0.87335664,1.0
0.0,0.06422347,0.0
0.0,0.1021605,0.0
0.0,0.21427427,0.0
1.0,0.9568315,1.0
0.0,0.2774114,0.0
1.0,0.6006997,1.0
0.0,0.7542001,1.0
0.0,0.16223095,0.0
0.0,0.26768774,0.0
1.0,0.9877763,1.0
0.0,0.09531249,0.0
1.0,0.6260366,1.0
0.0,0.2719831,0.0
1.0,0.6202977,1.0
1.0,0.98000526,1.0
1.0,0.94374514,1.0
0.0,0.006217414,0.0
1.0,0.8425018,1.0
0.0,0.33142602,0.0
1.0,0.99887556,1.0
0.0,0.52828,1.0
1.0,0.999514,1.0
0.0,0.22170529,0.0
1.0,0.996425,1.0
0.0,0.36219564,0.0
1.0,0.97094226,1.0
1.0,0.95736945,1.0
0.0,0.056490697,0.0
0.0,0.032468073,0.0
0.0,0.18193638,0.0
0.0,0.23062657,0.0
1.0,0.9972632,1.0
0.0,0.063340634,0.0
1.0,0.87771136,1.0
1.0,0.9999058,1.0
0.0,0.04660505,0.0
0.0,0.13022426,0.0
0.0,0.11553087,0.0
0.0,0.2513829,0.0
1.0,0.8772527,1.0
1.0,0.99951065,1.0
0.0,0.108115174,0.0
0.0,0.15535937,0.0
0.0,0.09550124,0.0
0.0,0.3233486,0.0
0.0,0.19032675,0.0
0.0,0.14243568,0.0
0.0,0.014888477,0.0
0.0,0.061986614,0.0
0.0,0.017572626,0.0
1.0,0.9988464,1.0
1.0,0.9817868,1.0
1.0,0.9661691,1.0
1.0,0.999521,1.0
1.0,0.9882119,1.0
0.0,0.31570706,0.0
1.0,0.81438273,1.0
1.0,0.98447,1.0
1.0,0.9994367,1.0
1.0,0.96190983,1.0
0.0,0.3631272,0.0
0.0,0.06870238,0.0
0.0,0.27111635,0.0
1.0,0.9988102,1.0
1.0,0.7227772,1.0
0.0,0.009378408,0.0
1.0,0.99979717,1.0
0.0,0.3047234,0.0
0.0,0.09261825,0.0
0.0,0.007942219,0.0
1.0,0.93699783,1.0
1.0,0.9998958,1.0
1.0,0.24454236,0.0
1.0,0.9946085,1.0
1.0,0.8828724,1.0
1.0,0.31034636,0.0
1.0,0.98101014,1.0
0.0,0.0090743285,0.0
1.0,0.74288154,1.0
1.0,0.65243495,1.0
1.0,0.9932614,1.0
1.0,0.97066563,1.0
0.0,0.34738693,0.0
1.0,0.9996892,1.0
1.0,0.71553814,1.0
0.0,0.23025642,0.0
1.0,0.9876742,1.0
1.0,0.90267456,1.0
1.0,0.73183,1.0
0.0,0.22873364,0.0
1.0,0.79451287,1.0
1.0,0.989179,1.0
1.0,0.99933475,1.0
1.0,0.9972191,1.0
1.0,0.61062515,1.0
0.0,0.044892482,0.0
1.0,0.9259869,1.0
1.0,0.7550731,1.0
1.0,0.98687184,1.0
0.0,0.02030148,0.0
1.0,0.9935289,1.0
1.0,0.99972814,1.0
1.0,0.3044448,0.0
1.0,0.9871274,1.0
0.0,0.26743388,0.0
0.0,0.0036250819,0.0
1.0,0.9954254,1.0
0.0,0.07826715,0.0
0.0,0.13271196,0.0
1.0,0.99951005,1.0
0.0,0.07374827,0.0
1.0,0.96976817,1.0
0.0,0.75025064,1.0
0.0,0.3006695,0.0
0.0,0.018397328,0.0
0.0,0.091373734,0.0
0.0,0.1489233,0.0
1.0,0.99150324,1.0
0.0,0.19145548,0.0
1.0,0.9517018,1.0
0.0,0.26188412,0.0
0.0,0.0039314074,0.0
1.0,0.5960487,1.0
0.0,0.29844418,0.0
0.0,0.79672533,1.0
0.0,0.54498696,1.0
0.0,0.06507934,0.0
0.0,0.057415422,0.0
1.0,0.9948841,1.0
0.0,0.0056523965,0.0
0.0,0.0042620576,0.0
1.0,0.99814105,1.0
1.0,0.82614154,1.0
1.0,0.9858024,1.0
0.0,0.1478526,0.0
0.0,0.31661376,0.0
1.0,0.9072625,1.0
0.0,0.71456695,1.0
0.0,0.057988312,0.0
1.0,0.4216328,0.0
1.0,0.9221782,1.0
0.0,0.46636662,0.0
0.0,0.20794272,0.0
0.0,0.024010938,0.0
0.0,0.0063741924,0.0
1.0,0.5383849,1.0
0.0,0.37679178,0.0
0.0,0.3369557,0.0
0.0,0.00808519,0.0
0.0,0.52953285,1.0
1.0,0.9900115,1.0
0.0,0.53743035,1.0
0.0,0.014592553,0.0
0.0,0.0141311865,0.0
1.0,0.9974005,1.0
0.0,0.016849944,0.0
0.0,0.67465895,1.0
1.0,0.9097798,1.0
1.0,0.9992219,1.0
1.0,0.94313675,1.0
1.0,0.92611766,1.0
0.0,0.0901538,0.0
0.0,0.5064049,1.0
1.0,0.98618525,1.0
0.0,0.5250796,1.0
0.0,0.7159317,1.0
0.0,0.12437708,0.0
0.0,0.20443282,0.0
1.0,0.99960035,1.0
0.0,0.6728798,1.0
1.0,0.9615049,1.0
1.0,0.9990715,1.0
1.0,0.7614512,1.0
0.0,0.15803932,0.0
0.0,0.07575936,0.0
1.0,0.99565023,1.0
1.0,0.42807266,0.0
0.0,0.18186425,0.0
1.0,0.54138005,1.0
0.0,0.47568068,0.0
0.0,0.03666635,0.0
1.0,0.9195965,1.0
1.0,0.9982059,1.0
0.0,0.058161836,0.0
0.0,0.010298385,0.0
0.0,0.22153549,0.0
1.0,0.076833546,0.0
1.0,0.84976625,1.0
0.0,0.031832304,0.0
1.0,0.9995437,1.0
0.0,0.0074269003,0.0
1.0,0.9659123,1.0
0.0,0.05169154,0.0
0.0,0.2536008,0.0
0.0,0.00953356,0.0
1.0,0.9969375,1.0
1.0,0.98579353,1.0
0.0,0.010228698,0.0
0.0,0.17428704,0.0
1.0,0.9845732,1.0
0.0,0.09261067,0.0
1.0,0.99747026,1.0
1.0,0.9786699,1.0
1.0,0.99910563,1.0
1.0,0.99583447,1.0
1.0,0.60931283,1.0
1.0,0.8732083,1.0
0.0,0.012152538,0.0
0.0,0.13336313,0.0
0.0,0.1414236,0.0
0.0,0.065242976,0.0
0.0,0.03517978,0.0
0.0,0.006875906,0.0
0.0,0.40854925,0.0
0.0,0.064343214,0.0
0.0,0.05585791,0.0
0.0,0.0048445454,0.0
0.0,0.05830175,0.0
0.0,0.07060395,0.0
0.0,0.15978964,0.0
1.0,0.8588726,1.0
0.0,0.0076426547,0.0
1.0,0.97450465,1.0
0.0,0.16296583,0.0
0.0,0.04682763,0.0
1.0,0.9965239,1.0
0.0,0.09024325,0.0
1.0,0.8841915,1.0
0.0,0.03249204,0.0
0.0,0.009476994,0.0
0.0,0.0917857,0.0
1.0,0.2998469,0.0
0.0,0.23311715,0.0
1.0,0.43032825,0.0
1.0,0.95797545,1.0
1.0,0.981448,1.0
0.0,0.015646007,0.0
1.0,0.8700205,1.0
0.0,0.09674249,0.0
1.0,0.9716821,1.0
0.0,0.6512558,1.0
0.0,0.0010151404,0.0
0.0,0.12899174,0.0
0.0,0.012241212,0.0
0.0,0.53463435,1.0
0.0,0.27461728,0.0
1.0,0.8628164,1.0
1.0,0.99137056,1.0
0.0,0.06861044,0.0
0.0,0.035415985,0.0
0.0,0.6277051,1.0
0.0,0.19117343,0.0
0.0,0.42105,0.0
1.0,0.36533144,0.0
1.0,0.9991047,1.0
1.0,0.99737823,1.0
0.0,0.030601704,0.0
1.0,0.5660667,1.0
0.0,0.15025401,0.0
0.0,0.08801631,0.0
0.0,0.62565106,1.0
0.0,0.055924173,0.0
0.0,0.10629833,0.0
0.0,0.23593296,0.0
0.0,0.6526256,1.0
1.0,0.9702271,1.0
0.0,0.06683587,0.0
1.0,0.49178085,0.0
0.0,0.013922685,0.0
1.0,0.62424517,1.0
1.0,0.50550354,1.0
1.0,0.76720244,1.0
0.0,0.0044840313,0.0
0.0,0.032293897,0.0
0.0,0.32402405,0.0
0.0,0.051810842,0.0
0.0,0.38752887,0.0
0.0,0.08591105,0.0
0.0,0.31078172,0.0
0.0,0.0023351316,0.0
0.0,0.0030030422,0.0
0.0,0.7238834,1.0
1.0,0.7051772,1.0
0.0,0.009746218,0.0
1.0,0.9759187,1.0
0.0,0.6116856,1.0
0.0,0.0014128488,0.0
1.0,0.9991704,1.0
1.0,0.9963236,1.0
0.0,0.112268634,0.0
0.0,0.23841166,0.0
1.0,0.9702066,1.0
1.0,0.90867496,1.0
0.0,0.41242597,0.0
0.0,0.009734605,0.0
1.0,0.9984585,1.0
0.0,0.029779846,0.0
1.0,0.96324223,1.0
0.0,0.008773181,0.0
1.0,0.8105003,1.0
0.0,0.34680212,0.0
1.0,0.41431567,0.0
0.0,0.1268002,0.0
0.0,0.010787503,0.0
0.0,0.6708271,1.0
1.0,0.98306483,1.0
0.0,0.12482113,0.0
1.0,0.9997384,1.0
0.0,0.022542156,0.0
0.0,0.028202625,0.0
1.0,0.8123162,1.0
1.0,0.7656691,1.0
1.0,0.9999269,1.0
1.0,0.96051383,1.0
1.0,0.8224,1.0
0.0,0.65624785,1.0
1.0,0.9981077,1.0
0.0,0.13078146,0.0
1.0,0.91792107,1.0
0.0,0.5208515,1.0
1.0,0.5172266,1.0
1.0,0.9071099,1.0
1.0,0.9960211,1.0
1.0,0.5259267,1.0
0.0,0.8896931,1.0
0.0,0.0026047507,0.0
1.0,0.7991507,1.0
0.0,0.058717594,0.0
0.0,0.06820793,0.0
1.0,0.96099466,1.0
0.0,0.2943657,0.0
1.0,0.9777519,1.0
1.0,0.9635889,1.0
1.0,0.990728,1.0
1.0,0.97332823,1.0
0.0,0.09593511,0.0
1.0,0.978974,1.0
1.0,0.95636964,1.0
0.0,0.06314103,0.0
1.0,0.97539335,1.0
0.0,0.6769492,1.0
1.0,0.98310673,1.0
1.0,0.9858797,1.0
1.0,0.97434604,1.0
1.0,0.4398132,0.0
1.0,0.99957055,1.0
0.0,0.15316547,0.0
0.0,0.015418364,0.0
0.0,0.49151373,0.0
1.0,0.9257964,1.0
1.0,0.9811032,1.0
0.0,0.2738528,0.0
1.0,0.29581273,0.0
0.0,0.8194302,1.0
1.0,0.84707546,1.0
0.0,0.058263138,0.0
0.0,0.42483222,0.0
0.0,0.007306595,0.0
1.0,0.9575113,1.0
0.0,0.03840166,0.0
1.0,0.99084395,1.0
0.0,0.21566756,0.0
0.0,0.26487458,0.0
0.0,0.010611607,0.0
1.0,0.9812398,1.0
0.0,0.04124689,0.0
0.0,0.064468294,0.0
1.0,0.9994622,1.0
1.0,0.96985304,1.0
0.0,0.54225516,1.0
1.0,0.81785285,1.0
1.0,0.9858446,1.0
0.0,0.035309643,0.0
0.0,0.01334896,0.0
0.0,0.27797362,0.0
0.0,0.7685157,1.0
0.0,0.004906595,0.0
1.0,0.55032456,1.0
0.0,0.057630893,0.0
0.0,0.45786017,0.0
0.0,0.004960011,0.0
0.0,0.13139264,0.0
1.0,0.7947432,1.0
0.0,0.0020948967,0.0
1.0,0.762714,1.0
0.0,0.30360916,0.0
0.0,0.09253919,0.0
1.0,0.9728124,1.0
1.0,0.9710359,1.0
0.0,0.07537346,0.0
1.0,0.99882096,1.0
0.0,0.19736613,0.0
0.0,0.55228454,1.0
0.0,0.9219477,1.0
0.0,0.015722184,0.0
0.0,0.012672596,0.0
0.0,0.17801656,0.0
1.0,0.99785113,1.0
0.0,0.052355904,0.0
1.0,0.99970955,1.0
0.0,0.5788994,1.0
0.0,0.0044462956,0.0
1.0,0.80912596,1.0
1.0,0.9944917,1.0
0.0,0.010019816,0.0
0.0,0.19491465,0.0
0.0,0.0024259745,0.0
0.0,0.3156169,0.0
0.0,0.62755376,1.0
0.0,0.6261845,1.0
1.0,0.76353467,1.0
0.0,0.4159112,0.0
0.0,0.36176604,0.0
0.0,0.053561054,0.0
1.0,0.7503946,1.0
1.0,0.9994266,1.0
0.0,0.80714756,1.0
1.0,0.03069655,0.0
0.0,0.26973164,0.0
1.0,0.91161406,1.0
0.0,0.16482745,0.0
1.0,0.9966048,1.0
0.0,0.012487006,0.0
0.0,0.0146134375,0.0
0.0,0.0018910024,0.0
1.0,0.999461,1.0
0.0,0.0019370199,0.0
1.0,0.19649586,0.0
0.0,0.008006386,0.0
1.0,0.92290384,1.0
0.0,0.09375764,0.0
0.0,0.04894205,0.0
1.0,0.99446857,1.0
0.0,0.60231316,1.0
0.0,0.2813209,0.0
0.0,0.007623411,0.0
0.0,0.09315394,0.0
1.0,0.9336151,1.0
0.0,0.30264854,0.0
0.0,0.21491304,0.0
0.0,0.010742821,0.0
1.0,0.97852933,1.0
1.0,0.9951742,1.0
0.0,0.049532846,0.0
1.0,0.72209746,1.0
1.0,0.56333673,1.0
1.0,0.99798775,1.0
1.0,0.9970282,1.0
0.0,0.025879707,0.0
0.0,0.14449017,0.0
0.0,0.24968946,0.0
0.0,0.0057875705,0.0
0.0,0.015821712,0.0
0.0,0.07505017,0.0
1.0,0.89738685,1.0
0.0,0.28969422,0.0
0.0,0.003550381,0.0
1.0,0.18655528,0.0
0.0,0.24072112,0.0
0.0,0.01423809,0.0
0.0,0.0056271693,0.0
0.0,0.023260435,0.0
1.0,0.9343085,1.0
1.0,0.47109503,0.0
0.0,0.07229342,0.0
1.0,0.8375941,1.0
0.0,0.054693032,0.0
0.0,0.010889809,0.0
1.0,0.9710925,1.0
0.0,0.032971304,0.0
1.0,0.98038334,1.0
0.0,0.0014587187,0.0
1.0,0.80003875,1.0
1.0,0.99387723,1.0
1.0,0.97907454,1.0
0.0,0.25289267,0.0
1.0,0.5389612,1.0
0.0,0.0014573878,0.0
1.0,0.81339055,1.0
1.0,0.9652632,1.0
1.0,0.31952,0.0
1.0,0.9436877,1.0
1.0,0.99846774,1.0
1.0,0.7051196,1.0
0.0,0.059714235,0.0
1.0,0.7432156,1.0
1.0,0.97062725,1.0
1.0,0.99897647,1.0
1.0,0.67032814,1.0
1.0,0.9648728,1.0
1.0,0.9966086,1.0
0.0,0.36775133,0.0
1.0,0.98408866,1.0
0.0,0.10117242,0.0
0.0,0.0060090134,0.0
0.0,0.20414594,0.0
1.0,0.20307796,0.0
0.0,0.0037828346,0.0
1.0,0.99776924,1.0
1.0,0.36817822,0.0
0.0,0.07924083,0.0
1.0,0.99785656,1.0
1.0,0.9719972,1.0
1.0,0.9657876,1.0
0.0,0.12503965,0.0
1.0,0.9924798,1.0
1.0,0.86579525,1.0
0.0,0.48671845,0.0
1.0,0.9956787,1.0
1.0,0.61944795,1.0
1.0,0.79475063,1.0
0.0,0.40112308,0.0
1.0,0.99607444,1.0
0.0,0.49314255,0.0
0.0,0.12513691,0.0
0.0,0.01869886,0.0
1.0,0.7550256,1.0
0.0,0.14484414,0.0
0.0,0.015970733,0.0
0.0,0.07354194,0.0
1.0,0.29337928,0.0
0.0,0.2295957,0.0
1.0,0.9784717,1.0
0.0,0.38341454,0.0
1.0,0.88390756,1.0
1.0,0.7012485,1.0
0.0,0.12536518,0.0
1.0,0.29740888,0.0
0.0,0.017021127,0.0
0.0,0.013273152,0.0
0.0,0.021883223,0.0
1.0,0.57295877,1.0
1.0,0.90240633,1.0
1.0,0.97504264,1.0
0.0,0.051589284,0.0
0.0,0.95407605,1.0
0.0,0.116779774,0.0
1.0,0.9975441,1.0
0.0,0.0206976,0.0
1.0,0.99781525,1.0
0.0,0.011721169,0.0
0.0,0.17486955,0.0
1.0,0.12754135,0.0
0.0,0.02131504,0.0
1.0,0.92583996,1.0
0.0,0.033921357,0.0
0.0,0.5549105,1.0
1.0,0.99496126,1.0
1.0,0.7984843,1.0
0.0,0.0229072,0.0
1.0,0.99961567,1.0
1.0,0.33970985,0.0
1.0,0.9131717,1.0
0.0,0.0019782183,0.0
0.0,0.013354538,0.0
1.0,0.9965647,1.0
0.0,0.004456756,0.0
0.0,0.06368534,0.0
0.0,0.31228042,0.0
0.0,0.10504831,0.0
0.0,0.36934748,0.0
0.0,0.13930424,0.0
0.0,0.34984013,0.0
0.0,0.059939686,0.0
1.0,0.99949646,1.0
1.0,0.99974746,1.0
1.0,0.76248735,1.0
1.0,0.3698414,0.0
0.0,0.00799039,0.0
1.0,0.97898495,1.0
1.0,0.43184358,0.0
1.0,0.94631314,1.0
0.0,0.0031234573,0.0
1.0,0.42149818,0.0
1.0,0.897493,1.0
1.0,0.99488914,1.0
0.0,0.00632757,0.0
1.0,0.99836916,1.0
0.0,0.43322685,0.0
0.0,0.49860996,0.0
1.0,0.86999804,1.0
0.0,0.25067237,0.0
0.0,0.009709784,0.0
0.0,0.071399815,0.0
1.0,0.9967727,1.0
0.0,0.15648168,0.0
1.0,0.9285311,1.0
0.0,0.18501379,0.0
1.0,0.53128505,1.0
0.0,0.035925765,0.0
1.0,0.9439607,1.0
0.0,0.013758777,0.0
0.0,0.15084562,0.0
0.0,0.008647631,0.0
1.0,0.9358254,1.0
0.0,0.15557082,0.0
1.0,0.101206586,0.0
1.0,0.8034902,1.0
1.0,0.7234359,1.0
1.0,0.98685974,1.0
1.0,0.09767461,0.0
1.0,0.868402,1.0
0.0,0.10591545,0.0
1.0,0.6486646,1.0
0.0,0.08021768,0.0
0.0,0.1507269,0.0
0.0,0.04052191,0.0
0.0,0.30942997,0.0
1.0,0.69630814,1.0
1.0,0.99922776,1.0
1.0,0.9966851,1.0
0.0,0.32751498,0.0
0.0,0.03393532,0.0
0.0,0.6426362,1.0
0.0,0.13620828,0.0
0.0,0.017405258,0.0
0.0,0.0030414662,0.0
0.0,0.17317486,0.0
1.0,0.94575804,1.0
1.0,0.7495453,1.0
0.0,0.0073157833,0.0
1.0,0.5519253,1.0
0.0,0.21376461,0.0
1.0,0.9813208,1.0
1.0,0.9476872,1.0
0.0,0.8862433,1.0
1.0,0.83568805,1.0
0.0,0.008664952,0.0
0.0,0.03143354,0.0
0.0,0.5771216,1.0
1.0,0.96082944,1.0
0.0,0.10398709,0.0
0.0,0.2318043,0.0
0.0,0.2365817,0.0
0.0,0.50337046,1.0
0.0,0.6582337,1.0
0.0,0.09865575,0.0
0.0,0.051040906,0.0
0.0,0.042212393,0.0
0.0,0.022841685,0.0
1.0,0.9650199,1.0
0.0,0.020263333,0.0
1.0,0.82325155,1.0
0.0,0.008537208,0.0
1.0,0.74199146,1.0
0.0,0.19167964,0.0
0.0,0.36000365,0.0
1.0,0.28867212,0.0
1.0,0.32409298,0.0
0.0,0.046908405,0.0
1.0,0.9917258,1.0
1.0,0.12564133,0.0
1.0,0.99945384,1.0
1.0,0.5049673,1.0
1.0,0.31294885,0.0
0.0,0.008899024,0.0
0.0,0.48735377,0.0
0.0,0.3236685,0.0
1.0,0.9883642,1.0
1.0,0.94696766,1.0
1.0,0.96489745,1.0
0.0,0.27908358,0.0
0.0,0.03653657,0.0
1.0,0.3031613,0.0
0.0,0.30625728,0.0
0.0,0.19189185,0.0
1.0,0.5801154,1.0
1.0,0.8794982,1.0
0.0,0.23724239,0.0
1.0,0.99968266,1.0
0.0,0.15718313,0.0
0.0,0.009138309,0.0
0.0,0.024530755,0.0
0.0,0.0027097706,0.0
1.0,0.31409505,0.0
0.0,0.27962258,0.0
1.0,0.9965229,1.0
0.0,0.2793726,0.0
1.0,0.998338,1.0
1.0,0.99060786,1.0
1.0,0.9949515,1.0
0.0,0.016183289,0.0
1.0,0.9977986,1.0
0.0,0.15056534,0.0
0.0,0.0475888,0.0
0.0,0.0492842,0.0
0.0,0.31350276,0.0
1.0,0.9977362,1.0
0.0,0.22476126,0.0
0.0,0.22810084,0.0
1.0,0.994467,1.0
0.0,0.05891961,0.0
1.0,0.9222907,1.0
1.0,0.5216235,1.0
1.0,0.90274197,1.0
0.0,0.1250698,0.0
1.0,0.47742265,0.0
0.0,0.8280859,1.0
0.0,0.013276836,0.0
0.0,0.3100192,0.0
1.0,0.62956965,1.0
1.0,0.9985226,1.0
0.0,0.075943165,0.0
0.0,0.019000474,0.0
0.0,0.054562517,0.0
0.0,0.36572513,0.0
0.0,0.06891113,0.0
0.0,0.24388699,0.0
0.0,0.5354728,1.0
1.0,0.88200414,1.0
1.0,0.94435096,1.0
0.0,0.0048210844,0.0
0.0,0.016226834,0.0
1.0,0.93888354,1.0
0.0,0.04636017,0.0
0.0,0.014517837,0.0
1.0,0.96716034,1.0
0.0,0.46075538,0.0
1.0,0.10690812,0.0
1.0,0.94040656,1.0
0.0,0.107345164,0.0
0.0,0.020549256,0.0
1.0,0.8326486,1.0
0.0,0.13480903,0.0
1.0,0.99991727,1.0
0.0,0.04882581,0.0
1.0,0.99489105,1.0
0.0,0.34818125,0.0
1.0,0.8564636,1.0
0.0,0.07688869,0.0
0.0,0.065231234,0.0
1.0,0.5024074,1.0
1.0,0.99640995,1.0
1.0,0.9864543,1.0
0.0,0.009976465,0.0
0.0,0.10036847,0.0
0.0,0.98561007,1.0
1.0,0.9612344,1.0
1.0,0.39713493,0.0
0.0,0.023352258,0.0
0.0,0.12701787,0.0
1.0,0.9993262,1.0
1.0,0.75206125,1.0
1.0,0.984886,1.0
1.0,0.9936613,1.0
0.0,0.27106372,0.0
1.0,0.40245852,0.0
0.0,0.17076078,0.0
0.0,0.48820522,0.0
0.0,0.02966672,0.0
1.0,0.99925965,1.0
0.0,0.011284046,0.0
1.0,0.99936396,1.0
1.0,0.9240224,1.0
0.0,0.05651555,0.0
0.0,0.07239063,0.0
1.0,0.99565,1.0
0.0,0.08505354,0.0
1.0,0.39228934,0.0
0.0,0.07985835,0.0
1.0,0.9417747,1.0
1.0,0.9043907,1.0
0.0,0.45138764,0.0
1.0,0.6817914,1.0
0.0,0.09957159,0.0
1.0,0.9602543,1.0
0.0,0.26024032,0.0
0.0,0.62039894,1.0
0.0,0.014791861,0.0
1.0,0.37997887,0.0
1.0,0.99992704,1.0
1.0,0.9332368,1.0
1.0,0.8819904,1.0
0.0,0.06301049,0.0
0.0,0.007814654,0.0
1.0,0.99097776,1.0
1.0,0.978879,1.0
1.0,0.9907486,1.0
1.0,0.9900752,1.0
1.0,0.3987718,0.0
1.0,0.1804808,0.0
1.0,0.599827,1.0
0.0,0.5133432,1.0
0.0,0.5657795,1.0
0.0,0.23533933,0.0
1.0,0.97129065,1.0
0.0,0.05025356,0.0
1.0,0.9997986,1.0
0.0,0.36365297,0.0
1.0,0.8696441,1.0
1.0,0.9958488,1.0
0.0,0.055740565,0.0
1.0,0.9812391,1.0
0.0,0.020214878,0.0
1.0,0.9988921,1.0
1.0,0.9973131,1.0
1.0,0.93265843,1.0
1.0,0.92658526,1.0
1.0,0.8809934,1.0
1.0,0.8859964,1.0
1.0,0.9988158,1.0
0.0,0.07487636,0.0
0.0,0.17815182,0.0
0.0,0.011111194,0.0
1.0,0.9310986,1.0
0.0,0.6735085,1.0
1.0,0.9982926,1.0
0.0,0.0025354174,0.0
1.0,0.85474896,1.0
1.0,0.9788143,1.0
0.0,0.2971071,0.0
0.0,0.23232727,0.0
0.0,0.12358244,0.0
1.0,0.9340807,1.0
1.0,0.990742,1.0
0.0,0.46157584,0.0
1.0,0.8980426,1.0
1.0,0.5420019,1.0
1.0,0.83297217,1.0
0.0,0.0417835,0.0
0.0,0.282183,0.0
1.0,0.75986,1.0
1.0,0.9774417,1.0
1.0,0.9997491,1.0
0.0,0.04085974,0.0
0.0,0.004218686,0.0
1.0,0.15138695,0.0
1.0,0.96483415,1.0
0.0,0.5775916,1.0
1.0,0.602859,1.0
1.0,0.8688499,1.0
1.0,0.9898645,1.0
0.0,0.11483591,0.0
1.0,0.911707,1.0
0.0,0.0075750975,0.0
1.0,0.3126032,0.0
0.0,0.027456878,0.0
1.0,0.9758473,1.0
0.0,0.12893017,0.0
0.0,0.20270243,0.0
1.0,0.19821495,0.0
1.0,0.67399067,1.0
1.0,0.9992149,1.0
0.0,0.004254924,0.0
0.0,0.05198918,0.0
0.0,0.12350506,0.0
0.0,0.3340399,0.0
1.0,0.99068767,1.0
0.0,0.17538169,0.0
0.0,0.032504432,0.0
0.0,0.011836238,0.0
0.0,0.11043768,0.0
1.0,0.99858344,1.0
0.0,0.2393603,0.0
0.0,0.8146616,1.0
0.0,0.47936392,0.0
1.0,0.96500325,1.0
1.0,0.99936754,1.0
0.0,0.03177215,0.0
1.0,0.999632,1.0
0.0,0.26384792,0.0
1.0,0.9943323,1.0
0.0,0.023035109,0.0
1.0,0.9079776,1.0
1.0,0.9997372,1.0
0.0,0.19481231,0.0
1.0,0.64847386,1.0
0.0,0.14236853,0.0
1.0,0.4889183,0.0
1.0,0.117204145,0.0
1.0,0.9182255,1.0
1.0,0.9982747,1.0
1.0,0.6333689,1.0
0.0,0.6657516,1.0
1.0,0.9052986,1.0
1.0,0.9346471,1.0
1.0,0.9869245,1.0
0.0,0.0059490753,0.0
0.0,0.030311292,0.0
0.0,0.28274992,0.0
0.0,0.26679045,0.0
0.0,0.54118097,1.0
0.0,0.050202087,0.0
1.0,0.82866794,1.0
1.0,0.97262913,1.0
0.0,0.07435973,0.0
0.0,0.075931266,0.0
1.0,0.9628664,1.0
0.0,0.033462055,0.0
0.0,0.050067242,0.0
1.0,0.9994025,1.0
0.0,0.010313103,0.0
0.0,0.01687135,0.0
0.0,0.10960778,0.0
1.0,0.99904317,1.0
0.0,0.06575885,0.0
1.0,0.9827476,1.0
0.0,0.27763182,0.0
0.0,0.18984595,0.0
1.0,0.84506595,1.0
1.0,0.999188,1.0
1.0,0.4705195,0.0
0.0,0.07402719,0.0
1.0,0.99813604,1.0
1.0,0.98798996,1.0
1.0,0.99455136,1.0
0.0,0.3002513,0.0
1.0,0.98843145,1.0
0.0,0.48994482,0.0
1.0,0.9352555,1.0
0.0,0.0173813,0.0
0.0,0.18769509,0.0
1.0,0.99865025,1.0
0.0,0.23744401,0.0
1.0,0.5456504,1.0
0.0,0.29854977,0.0
1.0,0.48486125,0.0
1.0,0.9824746,1.0
0.0,0.00345965,0.0
0.0,0.064128146,0.0
0.0,0.017910473,0.0
0.0,0.026174938,0.0
0.0,0.024558015,0.0
1.0,0.87492174,1.0
0.0,0.25621346,0.0
0.0,0.09816623,0.0
1.0,0.9981791,1.0
1.0,0.92003334,1.0
0.0,0.60417956,1.0
1.0,0.18232206,0.0
0.0,0.37046382,0.0
0.0,0.023969203,0.0
1.0,0.05011067,0.0
0.0,0.28719643,0.0
1.0,0.8076117,1.0
1.0,0.85061663,1.0
0.0,0.035717994,0.0
1.0,0.9744829,1.0
1.0,0.9761134,1.0
0.0,0.21709739,0.0
1.0,0.99707127,1.0
1.0,0.9953406,1.0
0.0,0.039340854,0.0
0.0,0.24526694,0.0
0.0,0.2589364,0.0
0.0,0.011970727,0.0
1.0,0.9961462,1.0
1.0,0.9848999,1.0
1.0,0.95866954,1.0
1.0,0.999376,1.0
1.0,0.99653554,1.0
1.0,0.9609241,1.0
0.0,0.076218985,0.0
0.0,0.22905846,0.0
0.0,0.43343383,0.0
0.0,0.41871834,0.0
1.0,0.9239245,1.0
1.0,0.995501,1.0
0.0,0.12616257,0.0
1.0,0.81030875,1.0
0.0,0.027929997,0.0
0.0,0.12516147,0.0
0.0,0.04489959,0.0
0.0,0.05692262,0.0
0.0,0.06362255,0.0
0.0,0.17894843,0.0
1.0,0.8488333,1.0
1.0,0.9939663,1.0
0.0,0.01850403,0.0
1.0,0.9899831,1.0
1.0,0.93469876,1.0
1.0,0.9468733,1.0
1.0,0.99086,1.0
1.0,0.97902566,1.0
1.0,0.7342277,1.0
0.0,0.0153864,0.0
0.0,0.40377888,0.0
0.0,0.06726428,0.0
1.0,0.77425694,1.0
0.0,0.205233,0.0
1.0,0.98126465,1.0
0.0,0.2215222,0.0
1.0,0.9977174,1.0
0.0,0.020529322,0.0
0.0,0.0027646061,0.0
1.0,0.999889,1.0
0.0,0.39167103,0.0
1.0,0.8088627,1.0
0.0,0.26018146,0.0
1.0,0.9733373,1.0
0.0,0.0037959646,0.0
1.0,0.9967096,1.0
0.0,0.022431986,0.0
0.0,0.45783582,0.0
1.0,0.9984339,1.0
0.0,0.009546636,0.0
0.0,0.1482546,0.0
1.0,0.9994599,1.0
1.0,0.99964476,1.0
1.0,0.9928885,1.0
1.0,0.8541364,1.0
0.0,0.05024943,0.0
0.0,0.19464576,0.0
0.0,0.055553354,0.0
1.0,0.36427945,0.0
1.0,0.9918108,1.0
0.0,0.012940478,0.0
1.0,0.996055,1.0
0.0,0.015477179,0.0
0.0,0.54073364,1.0
0.0,0.35939136,0.0
0.0,0.21497521,0.0
1.0,0.93624604,1.0
1.0,0.8391238,1.0
0.0,0.3620501,0.0
1.0,0.7665662,1.0
1.0,0.8252225,1.0
1.0,0.9407314,1.0
1.0,0.98610073,1.0
0.0,0.30469978,0.0
0.0,0.01244105,0.0
1.0,0.98419327,1.0
1.0,0.9579979,1.0
0.0,0.19496472,0.0
1.0,0.3237675,0.0
0.0,0.21239822,0.0
0.0,0.006672508,0.0
1.0,0.77648,1.0
1.0,0.9989704,1.0
0.0,0.06255713,0.0
1.0,0.9982022,1.0
1.0,0.97605383,1.0
1.0,0.9995987,1.0
1.0,0.9901682,1.0
1.0,0.75842154,1.0
1.0,0.7326615,1.0
0.0,0.014112061,0.0
1.0,0.39868495,0.0
0.0,0.0020320069,0.0
1.0,0.59744865,1.0
1.0,0.6069922,1.0
1.0,0.9985372,1.0
1.0,0.83278894,1.0
1.0,0.86814743,1.0
1.0,0.99562585,1.0
0.0,0.16676672,0.0
1.0,0.99993014,1.0
0.0,0.06044766,0.0
0.0,0.023983,0.0
1.0,0.7266023,1.0
1.0,0.9975326,1.0
0.0,0.5703083,1.0
0.0,0.07144586,0.0
1.0,0.99001455,1.0
1.0,0.8832999,1.0
0.0,0.10315608,0.0
1.0,0.598018,1.0
1.0,0.8398103,1.0
1.0,0.94357,1.0
0.0,0.022595234,0.0
0.0,0.012755092,0.0
0.0,0.091766596,0.0
1.0,0.7917832,1.0
1.0,0.7623062,1.0
0.0,0.027386934,0.0
0.0,0.6787253,1.0
1.0,0.99731296,1.0
1.0,0.33821133,0.0
0.0,0.12107874,0.0
0.0,0.13289656,0.0
1.0,0.33276927,0.0
1.0,0.2748094,0.0
0.0,0.02396676,0.0
1.0,0.49140328,0.0
1.0,0.9935821,1.0
1.0,0.93667316,1.0
0.0,0.002687142,0.0
1.0,0.6840499,1.0
1.0,0.94046783,1.0
0.0,0.029166704,0.0
1.0,0.63004804,1.0
1.0,0.9983425,1.0
1.0,0.98804504,1.0
1.0,0.98287785,1.0
0.0,0.5206397,1.0
1.0,0.9998392,1.0
1.0,0.99961996,1.0
1.0,0.9953074,1.0
0.0,0.007377525,0.0
1.0,0.9977202,1.0
0.0,0.08616096,0.0
0.0,0.20999348,0.0
0.0,0.041692864,0.0
1.0,0.9997304,1.0
0.0,0.017897211,0.0
0.0,0.3048817,0.0
0.0,0.30149713,0.0
1.0,0.9204769,1.0
1.0,0.4089768,0.0
1.0,0.67601645,1.0
1.0,0.997294,1.0
1.0,0.533317,1.0
0.0,0.33809987,0.0
1.0,0.5584011,1.0
1.0,0.8727478,1.0
1.0,0.7847246,1.0
0.0,0.022700995,0.0
0.0,0.10527933,0.0
0.0,0.001943901,0.0
1.0,0.9415376,1.0
0.0,0.023379637,0.0
0.0,0.31427267,0.0
1.0,0.9971464,1.0
1.0,0.98961765,1.0
0.0,0.05548233,0.0
0.0,0.030406833,0.0
0.0,0.01417661,0.0
0.0,0.7517602,1.0
1.0,0.9969795,1.0
0.0,0.0025282032,0.0
1.0,0.52986914,1.0
1.0,0.99635506,1.0
1.0,0.9688117,1.0
1.0,0.99954116,1.0
1.0,0.9789427,1.0
1.0,0.9981456,1.0
1.0,0.9983469,1.0
0.0,0.047558054,0.0
0.0,0.13480704,0.0
0.0,0.018932167,0.0
1.0,0.9900429,1.0
1.0,0.29934344,0.0
0.0,0.05522741,0.0
1.0,0.69064826,1.0
1.0,0.99096745,1.0
1.0,0.9909334,1.0
0.0,0.013062286,0.0
1.0,0.99972993,1.0
1.0,0.56004035,1.0
1.0,0.21927874,0.0
1.0,0.9959616,1.0
0.0,0.004365241,0.0
0.0,0.37275937,0.0
0.0,0.043564364,0.0
1.0,0.998909,1.0
1.0,0.16732548,0.0
1.0,0.97638834,1.0
0.0,0.1257306,0.0
1.0,0.99882764,1.0
0.0,0.005050884,0.0
1.0,0.99212235,1.0
1.0,0.7870238,1.0
0.0,0.18626562,0.0
1.0,0.5364006,1.0
1.0,0.9937218,1.0
0.0,0.70381737,1.0
1.0,0.9631142,1.0
0.0,0.23548134,0.0
0.0,0.029171128,0.0
1.0,0.9982297,1.0
1.0,0.9443362,1.0
0.0,0.19636135,0.0
0.0,0.015602465,0.0
0.0,0.23048909,0.0
0.0,0.72265345,1.0
0.0,0.013402498,0.0
1.0,0.98947984,1.0
1.0,0.5232023,1.0
1.0,0.36355618,0.0
1.0,0.96596867,1.0
1.0,0.93612933,1.0
0.0,0.026763855,0.0
0.0,0.020489506,0.0
0.0,0.4044268,0.0
0.0,0.33981413,0.0
1.0,0.9994553,1.0
1.0,0.3758073,0.0
1.0,0.6535704,1.0
0.0,0.031829998,0.0
1.0,0.9719045,1.0
1.0,0.9963223,1.0
0.0,0.0056343293,0.0
1.0,0.99872464,1.0
1.0,0.99690753,1.0
0.0,0.0116336895,0.0
0.0,0.1815534,0.0
0.0,0.029221464,0.0
0.0,0.038547896,0.0
0.0,0.053723164,0.0
0.0,0.18909542,0.0
1.0,0.9538845,1.0
0.0,0.3676619,0.0
0.0,0.0032482785,0.0
0.0,0.03857763,0.0
1.0,0.99976736,1.0
0.0,0.0018165178,0.0
0.0,0.72364724,1.0
0.0,0.34742314,0.0
0.0,0.004899202,0.0
0.0,0.036953818,0.0
1.0,0.5517441,1.0
0.0,0.3962155,0.0
1.0,0.99421257,1.0
0.0,0.18053555,0.0
1.0,0.9860665,1.0
1.0,0.98203546,1.0
0.0,0.010755128,0.0
0.0,0.049325213,0.0
1.0,0.99972564,1.0
1.0,0.8475227,1.0
0.0,0.055432968,0.0
0.0,0.044002138,0.0
0.0,0.0044310717,0.0
0.0,0.1726664,0.0
0.0,0.1955626,0.0
1.0,0.9939877,1.0
0.0,0.03318438,0.0
0.0,0.34369215,0.0
0.0,0.0030995645,0.0
1.0,0.98684627,1.0
1.0,0.9981376,1.0
0.0,0.09612243,0.0
0.0,0.1711418,0.0
0.0,0.16769572,0.0
0.0,0.071843155,0.0
1.0,0.99940515,1.0
1.0,0.61396396,1.0
0.0,0.006500142,0.0
1.0,0.2757169,0.0
0.0,0.08051982,0.0
1.0,0.2038041,0.0
1.0,0.93834096,1.0
0.0,0.11240034,0.0
0.0,0.07439143,0.0
1.0,0.40869695,0.0
0.0,0.65115434,1.0
1.0,0.57415617,1.0
0.0,0.0030913446,0.0
0.0,0.093432516,0.0
1.0,0.35859287,0.0
0.0,0.47555706,0.0
0.0,0.085202545,0.0
0.0,0.09697961,0.0
0.0,0.0050921426,0.0
1.0,0.94977045,1.0
0.0,0.07444128,0.0
1.0,0.99941826,1.0
1.0,0.92431694,1.0
0.0,0.863949,1.0
1.0,0.9989328,1.0
0.0,0.009719587,0.0
1.0,0.9993032,1.0
0.0,0.11416323,0.0
1.0,0.88130194,1.0
0.0,0.012976993,0.0
0.0,0.020238895,0.0
1.0,0.8061876,1.0
0.0,0.23628578,0.0
1.0,0.5154273,1.0
1.0,0.982512,1.0
0.0,0.10175194,0.0
1.0,0.99667966,1.0
0.0,0.07445764,0.0
1.0,0.9883887,1.0
0.0,0.047378782,0.0
1.0,0.99256766,1.0
1.0,0.8068777,1.0
1.0,0.9962929,1.0
0.0,0.70282626,1.0
1.0,0.99898845,1.0
0.0,0.017446464,0.0
0.0,0.040875036,0.0
0.0,0.38602513,0.0
1.0,0.9990326,1.0
1.0,0.99909997,1.0
0.0,0.10307465,0.0
0.0,0.09068035,0.0
0.0,0.13874319,0.0
0.0,0.2983003,0.0
1.0,0.9525303,1.0
1.0,0.25582382,0.0
0.0,0.64869255,1.0
0.0,0.08972584,0.0
1.0,0.91280055,1.0
1.0,0.9984471,1.0
0.0,0.33215955,0.0
1.0,0.7551539,1.0
0.0,0.09962781,0.0
1.0,0.9997968,1.0
0.0,0.58268815,1.0
1.0,0.996053,1.0
1.0,0.99299735,1.0
1.0,0.99956805,1.0
0.0,0.076631166,0.0
0.0,0.0013409785,0.0
0.0,0.769253,1.0
1.0,0.67603326,1.0
1.0,0.9947678,1.0
1.0,0.9878663,1.0
1.0,0.9990901,1.0
0.0,0.09928514,0.0
1.0,0.99802077,1.0
0.0,0.013154353,0.0
0.0,0.012324364,0.0
0.0,0.13891895,0.0
0.0,0.027531791,0.0
1.0,0.9895427,1.0
0.0,0.32816836,0.0
0.0,0.1810576,0.0
1.0,0.9951748,1.0
1.0,0.75900334,1.0
0.0,0.006119129,0.0
0.0,0.047510743,0.0
1.0,0.9945951,1.0
1.0,0.9614346,1.0
0.0,0.02469809,0.0
0.0,0.015548326,0.0
1.0,0.99761295,1.0
1.0,0.1578589,0.0
1.0,0.28918737,0.0
0.0,0.62945527,1.0
1.0,0.8149803,1.0
1.0,0.6329624,1.0
1.0,0.9787144,1.0
0.0,0.35074922,0.0
1.0,0.8720476,1.0
1.0,0.9982851,1.0
0.0,0.6169169,1.0
1.0,0.74186045,1.0
1.0,0.90737504,1.0
0.0,0.06616612,0.0
0.0,0.22428301,0.0
0.0,0.13925369,0.0
0.0,0.21501012,0.0
1.0,0.99177366,1.0
0.0,0.18929286,0.0
1.0,0.9788889,1.0
1.0,0.7045104,1.0
1.0,0.68928576,1.0
0.0,0.1956021,0.0
0.0,0.0050029918,0.0
1.0,0.2892013,0.0
1.0,0.92455953,1.0
1.0,0.76933014,1.0
0.0,0.25910294,0.0
1.0,0.9512606,1.0
1.0,0.9985258,1.0
1.0,0.82096595,1.0
1.0,0.9634225,1.0
0.0,0.04247864,0.0
0.0,0.08023638,0.0
0.0,0.120131835,0.0
0.0,0.02136789,0.0
0.0,0.0036963334,0.0
1.0,0.99586725,1.0
0.0,0.037691165,0.0
0.0,0.13617699,0.0
0.0,0.23777843,0.0
1.0,0.71267,1.0
0.0,0.05973766,0.0
1.0,0.99456114,1.0
1.0,0.7877604,1.0
1.0,0.9982779,1.0
1.0,0.999629,1.0
0.0,0.5333092,1.0
0.0,0.0323963,0.0
1.0,0.82594615,1.0
1.0,0.98546094,1.0
0.0,0.13948919,0.0
0.0,0.009562316,0.0
1.0,0.7455128,1.0
0.0,0.2072285,0.0
0.0,0.09780305,0.0
1.0,0.9987986,1.0
0.0,0.5609104,1.0
1.0,0.96373457,1.0
1.0,0.98562163,1.0
1.0,0.22128281,0.0
0.0,0.17830867,0.0
0.0,0.05121098,0.0
0.0,0.02892845,0.0
0.0,0.038660325,0.0
0.0,0.8940052,1.0
1.0,0.47996536,0.0
1.0,0.8366535,1.0
0.0,0.447451,0.0
0.0,0.0013474334,0.0
0.0,0.82628876,1.0
1.0,0.22214976,0.0
1.0,0.9908213,1.0
0.0,0.20943837,0.0
0.0,0.65917873,1.0
1.0,0.6591792,1.0
0.0,0.044336587,0.0
0.0,0.58720636,1.0
1.0,0.9434403,1.0
0.0,0.16833134,0.0
0.0,0.011396378,0.0
0.0,0.17331107,0.0
1.0,0.9984769,1.0
0.0,0.052505847,0.0
0.0,0.0031957624,0.0
0.0,0.044296708,0.0
0.0,0.17796843,0.0
0.0,0.01792541,0.0
1.0,0.9700973,1.0
0.0,0.5993398,1.0
0.0,0.7967146,1.0
0.0,0.0103117945,0.0
1.0,0.9697193,1.0
0.0,0.034152806,0.0
0.0,0.07981813,0.0
0.0,0.10955998,0.0
0.0,0.23466606,0.0
1.0,0.988918,1.0
1.0,0.9993081,1.0
0.0,0.016426235,0.0
0.0,0.07982202,0.0
1.0,0.98175055,1.0
0.0,0.21634123,0.0
0.0,0.1789977,0.0
1.0,0.49541545,0.0
1.0,0.79368234,1.0
0.0,0.16223295,0.0
1.0,0.9993249,1.0
0.0,0.1285176,0.0
1.0,0.8623358,1.0
1.0,0.97339004,1.0
0.0,0.022382908,0.0
1.0,0.99675745,1.0
0.0,0.026750168,0.0
1.0,0.94718075,1.0
0.0,0.061680693,0.0
0.0,0.007203381,0.0
0.0,0.3034262,0.0
1.0,0.29158455,0.0
1.0,0.9961875,1.0
1.0,0.8493182,1.0
1.0,0.12719256,0.0
1.0,0.90918994,1.0
1.0,0.76764834,1.0
1.0,0.5251581,1.0
0.0,0.22332288,0.0
0.0,0.07288187,0.0
1.0,0.23849513,0.0
1.0,0.99887544,1.0
1.0,0.9991379,1.0
1.0,0.99761295,1.0
0.0,0.4231476,0.0
0.0,0.77966464,1.0
1.0,0.68820333,1.0
1.0,0.96522665,1.0
0.0,0.18403952,0.0
0.0,0.018925345,0.0
1.0,0.99799335,1.0
0.0,0.009377375,0.0
1.0,0.9824532,1.0
0.0,0.0127371745,0.0
1.0,0.984006,1.0
0.0,0.62501603,1.0
1.0,0.5770558,1.0
0.0,0.0034371468,0.0
0.0,0.5194784,1.0
1.0,0.80546826,1.0
0.0,0.024394477,0.0
1.0,0.99872464,1.0
1.0,0.66889274,1.0
1.0,0.59298164,1.0
0.0,0.85463864,1.0
1.0,0.9868197,1.0
1.0,0.24420011,0.0
1.0,0.98567605,1.0
1.0,0.67101294,1.0
0.0,0.04042499,0.0
0.0,0.040279526,0.0
1.0,0.56063825,1.0
1.0,0.7134053,1.0
0.0,0.03054516,0.0
0.0,0.8558533,1.0
1.0,0.99013644,1.0
0.0,0.18573813,0.0
1.0,0.97170043,1.0
0.0,0.01220937,0.0
1.0,0.99921465,1.0
1.0,0.7512846,1.0
0.0,0.0014804411,0.0
0.0,0.009410273,0.0
1.0,0.3221648,0.0
0.0,0.39105475,0.0
1.0,0.9909087,1.0
1.0,0.7208804,1.0
0.0,0.9487426,1.0
1.0,0.21908553,0.0
1.0,0.9974589,1.0
1.0,0.83619404,1.0
0.0,0.09804109,0.0
1.0,0.5306814,1.0
0.0,0.005287221,0.0
0.0,0.23219584,0.0
0.0,0.16299044,0.0
1.0,0.975173,1.0
0.0,0.0047236546,0.0
0.0,0.054875646,0.0
0.0,0.89001733,1.0
1.0,0.1975295,0.0
0.0,0.16494696,0.0
0.0,0.13352108,0.0
0.0,0.05208969,0.0
1.0,0.9918365,1.0
0.0,0.040025268,0.0
1.0,0.74753666,1.0
0.0,0.051654365,0.0
0.0,0.04489687,0.0
0.0,0.7829129,1.0
1.0,0.82458603,1.0
0.0,0.17475145,0.0
0.0,0.032093767,0.0
1.0,0.75442797,1.0
0.0,0.014499552,0.0
0.0,0.0033970803,0.0
0.0,0.14355803,0.0
0.0,0.41075224,0.0
1.0,0.68731755,1.0
0.0,0.4743802,0.0
1.0,0.7886465,1.0
1.0,0.25987536,0.0
0.0,0.009068611,0.0
1.0,0.99951124,1.0
0.0,0.3214714,0.0
0.0,0.70932806,1.0
1.0,0.39400634,0.0
1.0,0.9108164,1.0
1.0,0.99968135,1.0
0.0,0.26801893,0.0
0.0,0.016502239,0.0
1.0,0.99596393,1.0
0.0,0.1754619,0.0
1.0,0.42691648,0.0
0.0,0.008745442,0.0
0.0,0.035007823,0.0
0.0,0.6493202,1.0
0.0,0.3496543,0.0
0.0,0.41409937,0.0
0.0,0.53661287,1.0
1.0,0.9610648,1.0
0.0,0.11599374,0.0
0.0,0.30926317,0.0
0.0,0.1353175,0.0
0.0,0.00444896,0.0
1.0,0.9918697,1.0
0.0,0.54592925,1.0
1.0,0.17067021,0.0
1.0,0.99679875,1.0
1.0,0.9992849,1.0
0.0,0.008293712,0.0
0.0,0.007216549,0.0
1.0,0.9315368,1.0
1.0,0.9989637,1.0
0.0,0.021968937,0.0
1.0,0.31259638,0.0
1.0,0.9882505,1.0
0.0,0.08804255,0.0
0.0,0.6239762,1.0
0.0,0.011005845,0.0
1.0,0.9989505,1.0
0.0,0.010778871,0.0
1.0,0.9918373,1.0
1.0,0.9984491,1.0
1.0,0.50734955,1.0
1.0,0.39297926,0.0
1.0,0.96453464,1.0
1.0,0.9083779,1.0
0.0,0.015428231,0.0
1.0,0.9355892,1.0
0.0,0.009369384,0.0
0.0,0.0022307648,0.0
1.0,0.29192206,0.0
0.0,0.31173286,0.0
1.0,0.99900717,1.0
1.0,0.90314347,1.0
1.0,0.9830214,1.0
1.0,0.9990601,1.0
1.0,0.9938431,1.0
1.0,0.698881,1.0
0.0,0.029422328,0.0
1.0,0.85002863,1.0
1.0,0.51871526,1.0
0.0,0.19159399,0.0
0.0,0.07656026,0.0
1.0,0.9994849,1.0
1.0,0.9986072,1.0
1.0,0.9609489,1.0
1.0,0.6013469,1.0
1.0,0.609776,1.0
1.0,0.9996408,1.0
1.0,0.6792773,1.0
1.0,0.93669087,1.0
1.0,0.5074384,1.0
0.0,0.005935803,0.0
1.0,0.9437959,1.0
1.0,0.316573,0.0
0.0,0.1927986,0.0
0.0,0.19925119,0.0
1.0,0.94986796,1.0
0.0,0.039154686,0.0
0.0,0.5109568,1.0
0.0,0.112489134,0.0
0.0,0.13482483,0.0
1.0,0.9911164,1.0
1.0,0.7525616,1.0
0.0,0.01954149,0.0
1.0,0.9532584,1.0
0.0,0.04545857,0.0
0.0,0.008985043,0.0
0.0,0.014523542,0.0
1.0,0.9530054,1.0
0.0,0.22645088,0.0
0.0,0.8053601,1.0
0.0,0.009859516,0.0
0.0,0.25655907,0.0
1.0,0.8919015,1.0
0.0,0.507815,1.0
1.0,0.7994564,1.0
1.0,0.6895296,1.0
0.0,0.02994111,0.0
1.0,0.9305417,1.0
0.0,0.007646084,0.0
1.0,0.69057083,1.0
1.0,0.5208863,1.0
1.0,0.33492446,0.0
0.0,0.17448445,0.0
0.0,0.41680536,0.0
0.0,0.20009544,0.0
1.0,0.97651416,1.0
1.0,0.8578528,1.0
0.0,0.011676919,0.0
0.0,0.01767973,0.0
0.0,0.11644696,0.0
0.0,0.53080875,1.0
0.0,0.095826246,0.0
0.0,0.0013944024,0.0
1.0,0.90215755,1.0
1.0,0.41824085,0.0
1.0,0.62992334,1.0
0.0,0.008412763,0.0
1.0,0.9980179,1.0
1.0,0.9114208,1.0
1.0,0.9768752,1.0
1.0,0.053516418,0.0
1.0,0.7701416,1.0
0.0,0.51363266,1.0
1.0,0.99854183,1.0
0.0,0.004130642,0.0
0.0,0.49645466,0.0
1.0,0.98316044,1.0
1.0,0.9934924,1.0
0.0,0.4070723,0.0
0.0,0.02225762,0.0
0.0,0.008385987,0.0
0.0,0.0050642733,0.0
1.0,0.6773003,1.0
1.0,0.98796123,1.0
1.0,0.7456001,1.0
1.0,0.8895873,1.0
1.0,0.75041205,1.0
0.0,0.024514684,0.0
0.0,0.0031503802,0.0
1.0,0.8601489,1.0
0.0,0.0024136158,0.0
0.0,0.005158358,0.0
1.0,0.6219077,1.0
1.0,0.8465741,1.0
0.0,0.13599679,0.0
0.0,0.02129311,0.0
0.0,0.17074165,0.0
0.0,0.1630711,0.0
0.0,0.2547397,0.0
0.0,0.25493595,0.0
1.0,0.8681587,1.0
1.0,0.9987111,1.0
1.0,0.9981323,1.0
0.0,0.11746939,0.0
1.0,0.95047694,1.0
0.0,0.04826306,0.0
1.0,0.9953237,1.0
0.0,0.008139397,0.0
0.0,0.3544692,0.0
0.0,0.12385295,0.0
0.0,0.16189705,0.0
1.0,0.9488828,1.0
1.0,0.99670994,1.0
1.0,0.9985606,1.0
1.0,0.9695923,1.0
0.0,0.052258056,0.0
0.0,0.076323114,0.0
1.0,0.9990707,1.0
1.0,0.9463835,1.0
1.0,0.9499069,1.0
0.0,0.03280153,0.0
0.0,0.008551819,0.0
1.0,0.3426115,0.0
1.0,0.81665397,1.0
1.0,0.997785,1.0
1.0,0.98671395,1.0
1.0,0.7634296,1.0
1.0,0.17866494,0.0
0.0,0.017144186,0.0
1.0,0.8530778,1.0
1.0,0.8292236,1.0
0.0,0.686173,1.0
1.0,0.17071572,0.0
0.0,0.0035894099,0.0
0.0,0.013092756,0.0
0.0,0.03415191,0.0
1.0,0.9996691,1.0
0.0,0.15778175,0.0
1.0,0.9990262,1.0
1.0,0.93532664,1.0
1.0,0.9573605,1.0
1.0,0.98757344,1.0
1.0,0.9717497,1.0
1.0,0.35242343,0.0
0.0,0.6830258,1.0
1.0,0.89055854,1.0
0.0,0.2292526,0.0
1.0,0.5357148,1.0
0.0,0.01944869,0.0
0.0,0.22648585,0.0
1.0,0.9986927,1.0
1.0,0.37064028,0.0
0.0,0.018915204,0.0
0.0,0.09392923,0.0
0.0,0.04156473,0.0
1.0,0.64629847,1.0
0.0,0.7000578,1.0
1.0,0.9732819,1.0
1.0,0.74781275,1.0
1.0,0.19907048,0.0
0.0,0.10094992,0.0
0.0,0.27769554,0.0
1.0,0.7251371,1.0
1.0,0.99968135,1.0
1.0,0.5448151,1.0
1.0,0.9836098,1.0
1.0,0.9933576,1.0
1.0,0.9059781,1.0
0.0,0.12164458,0.0
0.0,0.21321967,0.0
0.0,0.1029636,0.0
0.0,0.055113506,0.0
0.0,0.0023118255,0.0
1.0,0.45943123,0.0
1.0,0.7882791,1.0
0.0,0.1264187,0.0
1.0,0.9794515,1.0
1.0,0.5561106,1.0
0.0,0.5953431,1.0
0.0,0.03808351,0.0
0.0,0.894859,1.0
1.0,0.14171617,0.0
1.0,0.9473209,1.0
1.0,0.9815316,1.0
1.0,0.9990277,1.0
0.0,0.27119544,0.0
1.0,0.988429,1.0
0.0,0.09224688,0.0
0.0,0.3426761,0.0
1.0,0.8946961,1.0
1.0,0.16130567,0.0
1.0,0.921939,1.0
1.0,0.999286,1.0
1.0,0.4399706,0.0
0.0,0.03384753,0.0
1.0,0.96247125,1.0
0.0,0.122166745,0.0
0.0,0.0026163992,0.0
1.0,0.98808414,1.0
1.0,0.9583962,1.0
1.0,0.9713127,1.0
0.0,0.36176696,0.0
0.0,0.0018261917,0.0
1.0,0.5690122,1.0
0.0,0.16079336,0.0
1.0,0.94920677,1.0
1.0,0.9989291,1.0
0.0,0.2066013,0.0
0.0,0.11505311,0.0
1.0,0.9758246,1.0
1.0,0.97294134,1.0
1.0,0.9911863,1.0
1.0,0.999894,1.0
1.0,0.98819214,1.0
0.0,0.034741655,0.0
0.0,0.03247101,0.0
1.0,0.83814424,1.0
0.0,0.11130982,0.0
1.0,0.9902226,1.0
0.0,0.114990935,0.0
1.0,0.78882676,1.0
1.0,0.80905795,1.0
1.0,0.24751858,0.0
1.0,0.68605775,1.0
0.0,0.1735596,0.0
0.0,0.0077715954,0.0
0.0,0.37981728,0.0
0.0,0.010619349,0.0
1.0,0.65226394,1.0
1.0,0.92200214,1.0
1.0,0.40788108,0.0
0.0,0.78541785,1.0
0.0,0.47345722,0.0
0.0,0.0518334,0.0
0.0,0.024352143,0.0
1.0,0.5659488,1.0
1.0,0.94887894,1.0
1.0,0.9691162,1.0
0.0,0.07414084,0.0
1.0,0.99311805,1.0
1.0,0.3691573,0.0
0.0,0.035022136,0.0
0.0,0.0052465107,0.0
0.0,0.7146287,1.0
1.0,0.999509,1.0
0.0,0.23707244,0.0
1.0,0.9810017,1.0
0.0,0.004516826,0.0
0.0,0.0040882095,0.0
1.0,0.95065355,1.0
0.0,0.5216412,1.0
1.0,0.82116777,1.0
0.0,0.13095292,0.0
0.0,0.01646535,0.0
0.0,0.115301795,0.0
1.0,0.99955994,1.0
0.0,0.40170857,0.0
0.0,0.0031447758,0.0
0.0,0.44323775,0.0
0.0,0.031104995,0.0
1.0,0.7766149,1.0
0.0,0.031307604,0.0
0.0,0.014871017,0.0
0.0,0.22635113,0.0
0.0,0.008769616,0.0
1.0,0.7584127,1.0
1.0,0.9998958,1.0
1.0,0.8358915,1.0
1.0,0.98231655,1.0
0.0,0.16063954,0.0
0.0,0.2525276,0.0
0.0,0.12049376,0.0
1.0,0.7514705,1.0
0.0,0.7171317,1.0
1.0,0.90875113,1.0
1.0,0.15957427,0.0
0.0,0.10229913,0.0
1.0,0.22894418,0.0
0.0,0.0029140217,0.0
1.0,0.45659718,0.0
1.0,0.8861408,1.0
1.0,0.8991653,1.0
0.0,0.051421233,0.0
0.0,0.28024647,0.0
0.0,0.5326962,1.0
0.0,0.0031152852,0.0
0.0,0.020023441,0.0
0.0,0.06525407,0.0
0.0,0.027011186,0.0
1.0,0.49397162,0.0
1.0,0.9887522,1.0
1.0,0.8832282,1.0
0.0,0.006610848,0.0
0.0,0.03228857,0.0
0.0,0.7762765,1.0
0.0,0.39967537,0.0
0.0,0.19384575,0.0
1.0,0.99878913,1.0
1.0,0.36822644,0.0
0.0,0.22478783,0.0
0.0,0.23814088,0.0
1.0,0.9846635,1.0
0.0,0.013081504,0.0
1.0,0.9995516,1.0
0.0,0.23123683,0.0
1.0,0.99107856,1.0
0.0,0.5398864,1.0
0.0,0.022899404,0.0
0.0,0.0401916,0.0
1.0,0.9961791,1.0
1.0,0.98127854,1.0
1.0,0.99298453,1.0
0.0,0.027202487,0.0
0.0,0.32768354,0.0
0.0,0.003428926,0.0
0.0,0.3615858,0.0
1.0,0.9386411,1.0
0.0,0.3351735,0.0
1.0,0.40420187,0.0
1.0,0.99324083,1.0
0.0,0.16397655,0.0
0.0,0.28615722,0.0
1.0,0.795222,1.0
0.0,0.0050292583,0.0
1.0,0.9997886,1.0
1.0,0.9970456,1.0
0.0,0.027580013,0.0
1.0,0.9062229,1.0
0.0,0.27093366,0.0
0.0,0.1585431,0.0
0.0,0.08075274,0.0
1.0,0.9835038,1.0
0.0,0.11736907,0.0
0.0,0.06107453,0.0
0.0,0.010312718,0.0
0.0,0.049265392,0.0
0.0,0.47941566,0.0
1.0,0.5603254,1.0
1.0,0.59076124,1.0
0.0,0.036107667,0.0
1.0,0.68837696,1.0
1.0,0.5646607,1.0
1.0,0.26142496,0.0
1.0,0.98993695,1.0
0.0,0.44827914,0.0
0.0,0.13798316,0.0
1.0,0.98797834,1.0
0.0,0.3245311,0.0
0.0,0.21955486,0.0
1.0,0.984999,1.0
1.0,0.62011105,1.0
1.0,0.6456749,1.0
1.0,0.94339615,1.0
1.0,0.39587837,0.0
0.0,0.33409664,0.0
0.0,0.0075214054,0.0
0.0,0.003917962,0.0
1.0,0.98449546,1.0
0.0,0.03246287,0.0
1.0,0.99973017,1.0
1.0,0.99990857,1.0
1.0,0.79625654,1.0
1.0,0.62830925,1.0
1.0,0.9908652,1.0
0.0,0.040270198,0.0
0.0,0.28938785,0.0
1.0,0.326424,0.0
0.0,0.02331776,0.0
1.0,0.78956354,1.0
0.0,0.019550826,0.0
0.0,0.17455079,0.0
0.0,0.10828381,0.0
0.0,0.018627623,0.0
0.0,0.011457821,0.0
0.0,0.45046744,0.0
0.0,0.25572392,0.0
1.0,0.99966145,1.0
1.0,0.9210469,1.0
1.0,0.5609343,1.0
1.0,0.99520445,1.0
1.0,0.88509566,1.0
1.0,0.8492974,1.0
1.0,0.99696606,1.0
1.0,0.88341904,1.0
0.0,0.023657857,0.0
0.0,0.47874314,0.0
1.0,0.59494984,1.0
0.0,0.040421404,0.0
0.0,0.2916735,0.0
1.0,0.33496514,0.0
0.0,0.031624842,0.0
1.0,0.89743936,1.0
1.0,0.64728504,1.0
1.0,0.45574477,0.0
1.0,0.99883217,1.0
1.0,0.9797024,1.0
1.0,0.4138961,0.0
0.0,0.2731659,0.0
1.0,0.9906042,1.0
1.0,0.99241275,1.0
1.0,0.8999355,1.0
0.0,0.81490237,1.0
0.0,0.05942129,0.0
0.0,0.0056481743,0.0
0.0,0.012030797,0.0
1.0,0.96529305,1.0
1.0,0.5513235,1.0
0.0,0.11219351,0.0
0.0,0.26741397,0.0
1.0,0.9995159,1.0
1.0,0.9990196,1.0
0.0,0.26265466,0.0
1.0,0.60139096,1.0
1.0,0.9971546,1.0
1.0,0.88322866,1.0
0.0,0.015303212,0.0
0.0,0.043387942,0.0
0.0,0.07269558,0.0
1.0,0.91916364,1.0
1.0,0.97498864,1.0
1.0,0.99391866,1.0
1.0,0.9833196,1.0
1.0,0.840691,1.0
1.0,0.846198,1.0
0.0,0.00909092,0.0
0.0,0.6343058,1.0
0.0,0.0012209051,0.0
0.0,0.014714835,0.0
1.0,0.99550736,1.0
0.0,0.016423209,0.0
1.0,0.7453563,1.0
0.0,0.005662061,0.0
0.0,0.079521455,0.0
0.0,0.09157715,0.0
1.0,0.99933773,1.0
1.0,0.99719465,1.0
1.0,0.806667,1.0
1.0,0.88887686,1.0
0.0,0.010672238,0.0
1.0,0.6700059,1.0
0.0,0.48498684,0.0
0.0,0.022133004,0.0
1.0,0.99962866,1.0
1.0,0.5392163,1.0
0.0,0.046833996,0.0
0.0,0.004348127,0.0
1.0,0.99645483,1.0
0.0,0.60580975,1.0
1.0,0.87844086,1.0
0.0,0.025730629,0.0
0.0,0.24103345,0.0
0.0,0.48350263,0.0
1.0,0.8305287,1.0
0.0,0.047151025,0.0
0.0,0.103570715,0.0
0.0,0.17781362,0.0
0.0,0.024895974,0.0
1.0,0.9849128,1.0
0.0,0.0028992663,0.0
1.0,0.98707145,1.0
1.0,0.9383146,1.0
0.0,0.012060675,0.0
0.0,0.011206195,0.0
0.0,0.14554836,0.0
1.0,0.9973212,1.0
1.0,0.9774789,1.0
1.0,0.51865375,1.0
0.0,0.187733,0.0
0.0,0.24447483,0.0
0.0,0.33348873,0.0
1.0,0.9915724,1.0
1.0,0.99852633,1.0
0.0,0.01107084,0.0
1.0,0.9892568,1.0
0.0,0.5413872,1.0
1.0,0.9949763,1.0
1.0,0.913696,1.0
1.0,0.6821202,1.0
0.0,0.45222738,0.0
1.0,0.99960405,1.0
0.0,0.30090144,0.0
0.0,0.031703647,0.0
0.0,0.0028020528,0.0
0.0,0.005218162,0.0
1.0,0.967223,1.0
1.0,0.99322456,1.0
0.0,0.28101906,0.0
1.0,0.9767899,1.0
1.0,0.9979911,1.0
1.0,0.9975751,1.0
1.0,0.9547792,1.0
0.0,0.005787252,0.0
1.0,0.9736303,1.0
0.0,0.07534823,0.0
1.0,0.988187,1.0
1.0,0.96362764,1.0
0.0,0.26913273,0.0
1.0,0.8238924,1.0
1.0,0.9983339,1.0
1.0,0.15487066,0.0
0.0,0.06500804,0.0
1.0,0.8507631,1.0
1.0,0.7664355,1.0
0.0,0.056251656,0.0
0.0,0.07144741,0.0
0.0,0.017023815,0.0
0.0,0.0044903113,0.0
0.0,0.00204602,0.0
0.0,0.08078474,0.0
1.0,0.9181243,1.0
1.0,0.99904495,1.0
0.0,0.1230255,0.0
0.0,0.09489262,0.0
0.0,0.06788974,0.0
0.0,0.010296825,0.0
1.0,0.92769766,1.0
1.0,0.6790755,1.0
1.0,0.9790511,1.0
1.0,0.9314383,1.0
0.0,0.0326659,0.0
0.0,0.009853415,0.0
1.0,0.9998221,1.0
1.0,0.9981123,1.0
1.0,0.9979595,1.0
0.0,0.024565728,0.0
0.0,0.026972258,0.0
1.0,0.99321645,1.0
0.0,0.0027323554,0.0
1.0,0.9717442,1.0
1.0,0.9021715,1.0
1.0,0.9995478,1.0
1.0,0.62581164,1.0
1.0,0.9183786,1.0
1.0,0.8929092,1.0
0.0,0.4676843,0.0
1.0,0.99963164,1.0
1.0,0.99678,1.0
1.0,0.8553554,1.0
1.0,0.9664336,1.0
1.0,0.98014796,1.0
0.0,0.026837755,0.0
0.0,0.5305854,1.0
0.0,0.08803424,0.0
0.0,0.029981438,0.0
0.0,0.27525285,0.0
0.0,0.0031816273,0.0
1.0,0.99741614,1.0
0.0,0.647876,1.0
0.0,0.3118148,0.0
0.0,0.3601698,0.0
0.0,0.21079274,0.0
0.0,0.017667785,0.0
0.0,0.427369,0.0
0.0,0.173507,0.0
1.0,0.9994246,1.0
0.0,0.025304412,0.0
0.0,0.05090104,0.0
0.0,0.029826144,0.0
1.0,0.7716633,1.0
1.0,0.99115026,1.0
1.0,0.9978259,1.0
1.0,0.99942446,1.0
0.0,0.31127053,0.0
1.0,0.08050896,0.0
1.0,0.99823916,1.0
1.0,0.9990878,1.0
0.0,0.19691098,0.0
0.0,0.007146817,0.0
0.0,0.35088143,0.0
0.0,0.15217878,0.0
0.0,0.35113728,0.0
0.0,0.0059231296,0.0
0.0,0.013989622,0.0
0.0,0.39904958,0.0
1.0,0.99211055,1.0
0.0,0.052859526,0.0
0.0,0.0050935317,0.0
0.0,0.03529407,0.0
0.0,0.69244957,1.0
0.0,0.022333067,0.0
0.0,0.40406534,0.0
0.0,0.030975362,0.0
0.0,0.16416082,0.0
0.0,0.021113856,0.0
0.0,0.2077424,0.0
1.0,0.9981098,1.0
0.0,0.30369976,0.0
0.0,0.1444715,0.0
0.0,0.057336602,0.0
0.0,0.06270413,0.0
0.0,0.00281873,0.0
0.0,0.004315368,0.0
0.0,0.6396679,1.0
1.0,0.79963684,1.0
1.0,0.99945563,1.0
0.0,0.06618354,0.0
1.0,0.076131,0.0
0.0,0.11248703,0.0
0.0,0.002261724,0.0
0.0,0.007259681,0.0
0.0,0.5363532,1.0
1.0,0.8932556,1.0
1.0,0.97558266,1.0
1.0,0.95650315,1.0
1.0,0.99027073,1.0
1.0,0.85689896,1.0
0.0,0.0073240055,0.0
1.0,0.99397177,1.0
1.0,0.95723027,1.0
0.0,0.08423668,0.0
1.0,0.7263182,1.0
0.0,0.448954,0.0
0.0,0.0055831624,0.0
0.0,0.022924885,0.0
1.0,0.99932086,1.0
0.0,0.120414644,0.0
0.0,0.03775213,0.0
1.0,0.99760807,1.0
1.0,0.78373885,1.0
1.0,0.9993156,1.0
1.0,0.81895584,1.0
1.0,0.9898566,1.0
1.0,0.9882356,1.0
1.0,0.9321263,1.0
1.0,0.99963963,1.0
0.0,0.06687112,0.0
1.0,0.9987627,1.0
0.0,0.09367686,0.0
0.0,0.01484451,0.0
0.0,0.036786526,0.0
1.0,0.33892375,0.0
1.0,0.99906,1.0
1.0,0.7419203,1.0
1.0,0.93075645,1.0
1.0,0.99409604,1.0
0.0,0.003388765,0.0
1.0,0.9958188,1.0
0.0,0.11530664,0.0
1.0,0.9878997,1.0
1.0,0.8290604,1.0
0.0,0.23388548,0.0
0.0,0.024232853,0.0
0.0,0.14979105,0.0
0.0,0.3483812,0.0
1.0,0.49067205,0.0
1.0,0.9889271,1.0
0.0,0.36495245,0.0
0.0,0.43133384,0.0
1.0,0.7269001,1.0
1.0,0.99801195,1.0
1.0,0.9412256,1.0
0.0,0.029492656,0.0
1.0,0.98868316,1.0
0.0,0.15863118,0.0
0.0,0.10923801,0.0
1.0,0.9983695,1.0
0.0,0.6218058,1.0
0.0,0.057561994,0.0
0.0,0.17878914,0.0
1.0,0.99186337,1.0
1.0,0.99843115,1.0
0.0,0.1408429,0.0
0.0,0.57841915,1.0
0.0,0.48601905,0.0
0.0,0.6776127,1.0
0.0,0.03159283,0.0
0.0,0.18479876,0.0
0.0,0.0022308242,0.0
0.0,0.10713824,0.0
0.0,0.02212828,0.0
0.0,0.6284193,1.0
0.0,0.0013521288,0.0
0.0,0.11969416,0.0
1.0,0.8734836,1.0
1.0,0.8981479,1.0
1.0,0.8084231,1.0
1.0,0.55728096,1.0
1.0,0.77840656,1.0
0.0,0.0025160045,0.0
1.0,0.9425404,1.0
0.0,0.02315702,0.0
1.0,0.995455,1.0
0.0,0.11089432,0.0
0.0,0.3648022,0.0
1.0,0.99743074,1.0
1.0,0.99914086,1.0
0.0,0.053388245,0.0
1.0,0.97336864,1.0
1.0,0.82606995,1.0
1.0,0.9864058,1.0
1.0,0.99425644,1.0
1.0,0.7076545,1.0
0.0,0.003966092,0.0
1.0,0.9971547,1.0
1.0,0.9994141,1.0
1.0,0.99919933,1.0
1.0,0.96572554,1.0
1.0,0.46262193,0.0
1.0,0.99941397,1.0
1.0,0.9727295,1.0
1.0,0.9973232,1.0
0.0,0.054865073,0.0
1.0,0.6814432,1.0
1.0,0.93419546,1.0
0.0,0.035830516,0.0
1.0,0.9673716,1.0
0.0,0.4057484,0.0
0.0,0.16598979,0.0
0.0,0.5028609,1.0
1.0,0.9996706,1.0
1.0,0.96686846,1.0
0.0,0.0031329559,0.0
0.0,0.38323483,0.0
1.0,0.8557387,1.0
0.0,0.060690627,0.0
0.0,0.0061985427,0.0
0.0,0.28075463,0.0
0.0,0.0018931212,0.0
1.0,0.99905246,1.0
0.0,0.0037468725,0.0
0.0,0.36581853,0.0
1.0,0.8140949,1.0
1.0,0.955156,1.0
1.0,0.98983395,1.0
0.0,0.5579558,1.0
0.0,0.01620313,0.0
0.0,0.043119546,0.0
0.0,0.041469265,0.0
1.0,0.7571673,1.0
0.0,0.35058653,0.0
0.0,0.039704293,0.0
0.0,0.011831046,0.0
0.0,0.0058286297,0.0
1.0,0.7288204,1.0
1.0,0.8659504,1.0
0.0,0.017771425,0.0
1.0,0.6245663,1.0
0.0,0.2210672,0.0
1.0,0.6118603,1.0
0.0,0.16726418,0.0
1.0,0.96411884,1.0
0.0,0.504338,1.0
1.0,0.41914713,0.0
0.0,0.20704436,0.0
1.0,0.9417214,1.0
0.0,0.03817035,0.0
1.0,0.7698366,1.0
0.0,0.030677319,0.0
1.0,0.9294304,1.0
0.0,0.13810751,0.0
1.0,0.998823,1.0
0.0,0.045648783,0.0
1.0,0.22210412,0.0
0.0,0.6210973,1.0
0.0,0.0838764,0.0
1.0,0.97242886,1.0
1.0,0.9983302,1.0
1.0,0.9978637,1.0
1.0,0.99866605,1.0
1.0,0.94270134,1.0
0.0,0.28390196,0.0
0.0,0.028961541,0.0
1.0,0.9507753,1.0
0.0,0.029153707,0.0
1.0,0.9949569,1.0
1.0,0.99881434,1.0
0.0,0.13251778,0.0
1.0,0.54934126,1.0
0.0,0.006810592,0.0
0.0,0.032283116,0.0
0.0,0.027552582,0.0
1.0,0.9988452,1.0
0.0,0.016746478,0.0
0.0,0.011891741,0.0
0.0,0.00852207,0.0
1.0,0.99914575,1.0
1.0,0.18193218,0.0
1.0,0.99860245,1.0
0.0,0.40088826,0.0
0.0,0.36723188,0.0
0.0,0.001075589,0.0
0.0,0.0068569714,0.0
1.0,0.6841963,1.0
0.0,0.010982311,0.0
0.0,0.1409496,0.0
1.0,0.7075653,1.0
1.0,0.4111102,0.0
1.0,0.9213648,1.0
0.0,0.044743765,0.0
0.0,0.49765086,0.0
1.0,0.99467444,1.0
0.0,0.1478344,0.0
0.0,0.18464774,0.0
0.0,0.62825656,1.0
0.0,0.15092,0.0
1.0,0.9949816,1.0
1.0,0.95478064,1.0
1.0,0.12726781,0.0
1.0,0.5663444,1.0
1.0,0.9973053,1.0
0.0,0.0056193513,0.0
0.0,0.35004205,0.0
1.0,0.45072177,0.0
0.0,0.4336832,0.0
0.0,0.0070311213,0.0
1.0,0.9809089,1.0
1.0,0.99980634,1.0
1.0,0.9941421,1.0
1.0,0.5245339,1.0
0.0,0.17780888,0.0
1.0,0.98915803,1.0
1.0,0.80059767,1.0
0.0,0.12170198,0.0
1.0,0.9609941,1.0
1.0,0.18543945,0.0
0.0,0.15627593,0.0
1.0,0.07825648,0.0
1.0,0.9995784,1.0
1.0,0.9955237,1.0
0.0,0.280491,0.0
1.0,0.9997956,1.0
1.0,0.3842737,0.0
1.0,0.8430011,1.0
0.0,0.072422065,0.0
0.0,0.048953272,0.0
0.0,0.0010819106,0.0
0.0,0.013247009,0.0
0.0,0.49344438,0.0
1.0,0.6043412,1.0
0.0,0.012700853,0.0
1.0,0.98967373,1.0
0.0,0.8205902,1.0
1.0,0.33561373,0.0
0.0,0.36694688,0.0
0.0,0.52764195,1.0
0.0,0.51831293,1.0
0.0,0.055735618,0.0
1.0,0.99601513,1.0
1.0,0.49166718,0.0
0.0,0.008597105,0.0
1.0,0.94582915,1.0
0.0,0.035777282,0.0
1.0,0.2770681,0.0
0.0,0.15268552,0.0
0.0,0.11848536,0.0
1.0,0.21243095,0.0
1.0,0.9978721,1.0
1.0,0.9386352,1.0
0.0,0.0030630718,0.0
0.0,0.02671168,0.0
1.0,0.8349789,1.0
0.0,0.008207384,0.0
0.0,0.00724223,0.0
0.0,0.7747534,1.0
1.0,0.9928866,1.0
0.0,0.015059955,0.0
1.0,0.92357475,1.0
0.0,0.60738015,1.0
0.0,0.024239434,0.0
0.0,0.01313493,0.0
0.0,0.5193192,1.0
0.0,0.004081168,0.0
1.0,0.40621752,0.0
0.0,0.22317085,0.0
0.0,0.010416849,0.0
0.0,0.13881208,0.0
1.0,0.9786985,1.0
0.0,0.52644193,1.0
1.0,0.9942841,1.0
1.0,0.9998411,1.0
1.0,0.38816854,0.0
1.0,0.38388896,0.0
1.0,0.9871678,1.0
0.0,0.025031587,0.0
0.0,0.2276252,0.0
1.0,0.9984321,1.0
0.0,0.04656243,0.0
1.0,0.9967795,1.0
1.0,0.997428,1.0
0.0,0.011225486,0.0
1.0,0.99721116,1.0
0.0,0.058503512,0.0
1.0,0.9994312,1.0
1.0,0.9979377,1.0
1.0,0.99942905,1.0
1.0,0.16532646,0.0
0.0,0.013137095,0.0
1.0,0.99862266,1.0
1.0,0.56524473,1.0
1.0,0.1370881,0.0
0.0,0.04208443,0.0
0.0,0.06927613,0.0
1.0,0.85921466,1.0
0.0,0.013646223,0.0
0.0,0.6571989,1.0
1.0,0.97844267,1.0
0.0,0.06984593,0.0
0.0,0.59683406,1.0
1.0,0.9667577,1.0
0.0,0.4042516,0.0
1.0,0.9898213,1.0
0.0,0.32067916,0.0
1.0,0.94825214,1.0
0.0,0.14836632,0.0
0.0,0.16684337,0.0
1.0,0.9935155,1.0
0.0,0.093925275,0.0
1.0,0.9511269,1.0
0.0,0.035826687,0.0
0.0,0.28602067,0.0
0.0,0.1661533,0.0
0.0,0.033682626,0.0
0.0,0.12730001,0.0
1.0,0.98974,1.0
0.0,0.13549516,0.0
1.0,0.98936075,1.0
0.0,0.4039163,0.0
0.0,0.16818263,0.0
0.0,0.73660344,1.0
1.0,0.98054194,1.0
1.0,0.8996766,1.0
0.0,0.058225267,0.0
1.0,0.30758777,0.0
1.0,0.6430615,1.0
0.0,0.005054154,0.0
1.0,0.9962082,1.0
0.0,0.9712191,1.0
0.0,0.037278153,0.0
0.0,0.31168386,0.0
1.0,0.98283374,1.0
0.0,0.2311649,0.0
1.0,0.98826283,1.0
0.0,0.004497306,0.0
1.0,0.9877965,1.0
1.0,0.99475276,1.0
1.0,0.9368584,1.0
0.0,0.41974482,0.0
1.0,0.61517036,1.0
0.0,0.010909014,0.0
0.0,0.0045145713,0.0
1.0,0.9793243,1.0
1.0,0.99986804,1.0
1.0,0.9601096,1.0
0.0,0.038434047,0.0
0.0,0.04220442,0.0
0.0,0.034892302,0.0
0.0,0.00729727,0.0
0.0,0.020648958,0.0
1.0,0.8429282,1.0
1.0,0.9477392,1.0
0.0,0.2542287,0.0
1.0,0.9332484,1.0
1.0,0.6501225,1.0
1.0,0.93566227,1.0
1.0,0.8173801,1.0
0.0,0.46794987,0.0
0.0,0.034985058,0.0
1.0,0.99387807,1.0
0.0,0.13635041,0.0
1.0,0.93035674,1.0
0.0,0.81489664,1.0
1.0,0.99275017,1.0
1.0,0.9886691,1.0
0.0,0.9352558,1.0
1.0,0.96492064,1.0
0.0,0.18111148,0.0
0.0,0.07907399,0.0
1.0,0.7621999,1.0
1.0,0.8020875,1.0
1.0,0.51525533,1.0
1.0,0.9563738,1.0
0.0,0.24213773,0.0
0.0,0.024814576,0.0
1.0,0.9979048,1.0
0.0,0.06118976,0.0
0.0,0.051063485,0.0
0.0,0.15945391,0.0
1.0,0.67097116,1.0
0.0,0.14731288,0.0
0.0,0.008970108,0.0
1.0,0.7786901,1.0
1.0,0.75165874,1.0
0.0,0.0039062663,0.0
1.0,0.7466531,1.0
1.0,0.5138847,1.0
0.0,0.011362936,0.0
1.0,0.9966253,1.0
0.0,0.013446277,0.0
0.0,0.046535626,0.0
0.0,0.27616858,0.0
0.0,0.09230393,0.0
0.0,0.23355979,0.0
1.0,0.36519244,0.0
0.0,0.011021758,0.0
1.0,0.98844564,1.0
0.0,0.25881478,0.0
1.0,0.9989926,1.0
1.0,0.99548966,1.0
1.0,0.9878435,1.0
0.0,0.19394399,0.0
1.0,0.96412235,1.0
0.0,0.33940855,0.0
1.0,0.5712428,1.0
1.0,0.99904233,1.0
0.0,0.23657541,0.0
0.0,0.0029725553,0.0
1.0,0.32616177,0.0
0.0,0.0784456,0.0
0.0,0.076672025,0.0
0.0,0.038410466,0.0
0.0,0.24993838,0.0
1.0,0.9899356,1.0
0.0,0.2256088,0.0
1.0,0.9940696,1.0
0.0,0.08743504,0.0
0.0,0.8344097,1.0
1.0,0.99991584,1.0
0.0,0.064379595,0.0
0.0,0.74119157,1.0
0.0,0.016006788,0.0
0.0,0.041475125,0.0
1.0,0.24172762,0.0
1.0,0.73645306,1.0
1.0,0.33395687,0.0
1.0,0.9673717,1.0
1.0,0.23952937,0.0
1.0,0.89702064,1.0
1.0,0.9342537,1.0
1.0,0.75006974,1.0
0.0,0.016210094,0.0
0.0,0.059846375,0.0
0.0,0.25873572,0.0
1.0,0.9913361,1.0
1.0,0.8661919,1.0
0.0,0.01759363,0.0
0.0,0.18181191,0.0
1.0,0.9583482,1.0
1.0,0.99953043,1.0
0.0,0.01992965,0.0
1.0,0.84728914,1.0
0.0,0.94918644,1.0
1.0,0.84097064,1.0
1.0,0.9529795,1.0
1.0,0.929491,1.0
0.0,0.32924175,0.0
0.0,0.015673283,0.0
1.0,0.19748089,0.0
1.0,0.9837234,1.0
0.0,0.1935071,0.0
0.0,0.0714165,0.0
1.0,0.9994461,1.0
0.0,0.024182461,0.0
0.0,0.054145087,0.0
1.0,0.997718,1.0
1.0,0.8987841,1.0
0.0,0.006207025,0.0
0.0,0.080627665,0.0
1.0,0.9328775,1.0
1.0,0.62932557,1.0
0.0,0.016799102,0.0
0.0,0.4038363,0.0
1.0,0.93825305,1.0
1.0,0.98737353,1.0
1.0,0.83317846,1.0
1.0,0.7839778,1.0
1.0,0.9861457,1.0
0.0,0.057754613,0.0
1.0,0.96830654,1.0
1.0,0.9975702,1.0
0.0,0.030582912,0.0
0.0,0.349472,0.0
1.0,0.99844164,1.0
0.0,0.17109235,0.0
1.0,0.9827139,1.0
1.0,0.9099297,1.0
1.0,0.9455013,1.0
0.0,0.23383135,0.0
0.0,0.042216998,0.0
0.0,0.08740723,0.0
1.0,0.978392,1.0
0.0,0.003181718,0.0
1.0,0.96355504,1.0
1.0,0.99972075,1.0
0.0,0.0037902491,0.0
1.0,0.49321902,0.0
0.0,0.081686854,0.0
1.0,0.99947757,1.0
0.0,0.1745123,0.0
0.0,0.35160312,0.0
1.0,0.9989041,1.0
0.0,0.12313644,0.0
1.0,0.996872,1.0
0.0,0.12844664,0.0
0.0,0.009095844,0.0
0.0,0.12783712,0.0
0.0,0.0024692477,0.0
1.0,0.93306094,1.0
1.0,0.64708745,1.0
1.0,0.9755148,1.0
0.0,0.15612516,0.0
1.0,0.54180276,1.0
1.0,0.99684805,1.0
0.0,0.22849876,0.0
1.0,0.99960226,1.0
1.0,0.9361288,1.0
0.0,0.25308198,0.0
0.0,0.008999511,0.0
0.0,0.8977021,1.0
1.0,0.9992219,1.0
1.0,0.98385036,1.0
0.0,0.07419083,0.0
0.0,0.05102631,0.0
1.0,0.335888,0.0
0.0,0.12059725,0.0
0.0,0.556111,1.0
0.0,0.08850401,0.0
1.0,0.74948186,1.0
1.0,0.97373986,1.0
0.0,0.05707807,0.0
1.0,0.9921067,1.0
1.0,0.7810913,1.0
1.0,0.86570317,1.0
1.0,0.76570153,1.0
0.0,0.11951243,0.0
0.0,0.47756094,0.0
0.0,0.031744193,0.0
0.0,0.0086905155,0.0
1.0,0.97887003,1.0
1.0,0.84187126,1.0
0.0,0.17131752,0.0
0.0,0.019427348,0.0
0.0,0.07032646,0.0
1.0,0.99900913,1.0
0.0,0.5691464,1.0
1.0,0.994972,1.0
0.0,0.050483033,0.0
1.0,0.7756965,1.0
0.0,0.022778533,0.0
0.0,0.0046472005,0.0
0.0,0.063704185,0.0
0.0,0.23312832,0.0
0.0,0.0017660402,0.0
1.0,0.4809494,0.0
1.0,0.81781316,1.0
0.0,0.002729153,0.0
1.0,0.96110696,1.0
1.0,0.15915135,0.0
0.0,0.011800203,0.0
1.0,0.68307155,1.0
0.0,0.5799793,1.0
0.0,0.100587055,0.0
1.0,0.9435584,1.0
1.0,0.94612914,1.0
0.0,0.21686359,0.0
1.0,0.7169911,1.0
0.0,0.97677666,1.0
0.0,0.18220828,0.0
0.0,0.033084337,0.0
0.0,0.059048165,0.0
0.0,0.15091982,0.0
1.0,0.95120645,1.0
0.0,0.0046702623,0.0
0.0,0.0048134057,0.0
0.0,0.76182395,1.0
1.0,0.98067904,1.0
0.0,0.18050459,0.0
1.0,0.9952501,1.0
1.0,0.8298365,1.0
0.0,0.016845973,0.0
1.0,0.99746835,1.0
0.0,0.006226778,0.0
0.0,0.34282196,0.0
0.0,0.026564337,0.0
0.0,0.030878069,0.0
0.0,0.054260105,0.0
1.0,0.19541676,0.0
0.0,0.01458194,0.0
0.0,0.009954312,0.0
0.0,0.3465653,0.0
1.0,0.37793204,0.0
1.0,0.9969324,1.0
1.0,0.49522632,0.0
1.0,0.33859688,0.0
0.0,0.0063816025,0.0
1.0,0.57346535,1.0
0.0,0.8514595,1.0
1.0,0.58514184,1.0
0.0,0.09700568,0.0
0.0,0.28844804,0.0
0.0,0.39018705,0.0
0.0,0.08677691,0.0
1.0,0.991213,1.0
0.0,0.0073299115,0.0
0.0,0.13126005,0.0
1.0,0.99491006,1.0
0.0,0.12595525,0.0
0.0,0.15566766,0.0
1.0,0.84808517,1.0
0.0,0.23500562,0.0
0.0,0.006838361,0.0
0.0,0.25201997,0.0
1.0,0.13085485,0.0
0.0,0.002651846,0.0
0.0,0.00463917,0.0
1.0,0.99789596,1.0
1.0,0.99413246,1.0
1.0,0.99827456,1.0
0.0,0.06247829,0.0
0.0,0.08503834,0.0
0.0,0.056386277,0.0
1.0,0.9334503,1.0
1.0,0.22141834,0.0
1.0,0.46385565,0.0
0.0,0.20461121,0.0
1.0,0.8517501,1.0
1.0,0.82279533,1.0
0.0,0.08853542,0.0
0.0,0.44897136,0.0
1.0,0.99910647,1.0
1.0,0.9966432,1.0
0.0,0.2429786,0.0
0.0,0.0115853585,0.0
0.0,0.48517776,0.0
0.0,0.005802326,0.0
1.0,0.974591,1.0
1.0,0.5407759,1.0
1.0,0.99216545,1.0
0.0,0.5071768,1.0
1.0,0.834979,1.0
1.0,0.99004376,1.0
1.0,0.9945663,1.0
0.0,0.36233866,0.0
0.0,0.011803839,0.0
1.0,0.82692194,1.0
1.0,0.4150226,0.0
1.0,0.73171234,1.0
0.0,0.00480095,0.0
0.0,0.75400406,1.0
1.0,0.9992793,1.0
1.0,0.8615396,1.0
0.0,0.6884862,1.0
0.0,0.44713658,0.0
0.0,0.03226604,0.0
0.0,0.030172858,0.0
0.0,0.38277,0.0
0.0,0.010808008,0.0
0.0,0.37567487,0.0
0.0,0.0056652753,0.0
0.0,0.003963322,0.0
0.0,0.20768033,0.0
1.0,0.9658889,1.0
1.0,0.9862432,1.0
0.0,0.005371312,0.0
0.0,0.070667304,0.0
1.0,0.9983247,1.0
0.0,0.0026700457,0.0
1.0,0.5285674,1.0
1.0,0.81618035,1.0
0.0,0.0248257,0.0
0.0,0.032758888,0.0
0.0,0.12604478,0.0
1.0,0.9983828,1.0
0.0,0.020713132,0.0
0.0,0.00899194,0.0
0.0,0.04591305,0.0
0.0,0.85034394,1.0
0.0,0.007784192,0.0
1.0,0.99695945,1.0
1.0,0.9945028,1.0
0.0,0.05197146,0.0
0.0,0.023771076,0.0
0.0,0.017675385,0.0
1.0,0.87412417,1.0
1.0,0.99258476,1.0
1.0,0.9605776,1.0
1.0,0.9900035,1.0
1.0,0.98968035,1.0
0.0,0.0848014,0.0
1.0,0.9886708,1.0
1.0,0.9986958,1.0
0.0,0.24726793,0.0
0.0,0.20456108,0.0
1.0,0.9993492,1.0
0.0,0.022550385,0.0
1.0,0.9600705,1.0
1.0,0.5398812,1.0
0.0,0.1892701,0.0
1.0,0.9390931,1.0
1.0,0.96525604,1.0
0.0,0.002431867,0.0
0.0,0.044563398,0.0
0.0,0.2418549,0.0
1.0,0.99348587,1.0
1.0,0.99502385,1.0
1.0,0.3575625,0.0
0.0,0.1953372,0.0
0.0,0.01434764,0.0
1.0,0.8714727,1.0
0.0,0.0624418,0.0
1.0,0.99581796,1.0
1.0,0.92291147,1.0
0.0,0.048466396,0.0
1.0,0.29957768,0.0
0.0,0.040253945,0.0
0.0,0.0038127857,0.0
1.0,0.9791453,1.0
1.0,0.9995567,1.0
0.0,0.083001405,0.0
1.0,0.5326299,1.0
0.0,0.0019298354,0.0
0.0,0.0037079803,0.0
0.0,0.119029246,0.0
1.0,0.96752095,1.0
1.0,0.9980459,1.0
0.0,0.043709055,0.0
1.0,0.4735643,0.0
0.0,0.0057855924,0.0
0.0,0.22752939,0.0
1.0,0.9742904,1.0
1.0,0.9997172,1.0
0.0,0.36327973,0.0
1.0,0.4569704,0.0
1.0,0.17283547,0.0
0.0,0.01981281,0.0
0.0,0.16031915,0.0
1.0,0.98867714,1.0
1.0,0.7143781,1.0
1.0,0.9900378,1.0
1.0,0.9914261,1.0
0.0,0.008670258,0.0
1.0,0.7296985,1.0
1.0,0.9598211,1.0
0.0,0.13876376,0.0
0.0,0.048596345,0.0
1.0,0.6787804,1.0
1.0,0.23875426,0.0
1.0,0.90456134,1.0
1.0,0.98461145,1.0
0.0,0.050950963,0.0
1.0,0.98754984,1.0
1.0,0.9976114,1.0
0.0,0.04831378,0.0
0.0,0.021937467,0.0
0.0,0.08236721,0.0
1.0,0.62113595,1.0
1.0,0.9998784,1.0
1.0,0.98158514,1.0
1.0,0.6878115,1.0
1.0,0.9284345,1.0
0.0,0.019761337,0.0
1.0,0.69899964,1.0
1.0,0.69380575,1.0
1.0,0.79274356,1.0
0.0,0.25572118,0.0
0.0,0.09766109,0.0
0.0,0.06839761,0.0
1.0,0.8136329,1.0
1.0,0.9674144,1.0
0.0,0.007010046,0.0
0.0,0.0072684144,0.0
0.0,0.544699,1.0
1.0,0.8789573,1.0
1.0,0.99875987,1.0
1.0,0.3861303,0.0
0.0,0.22186746,0.0
1.0,0.3436494,0.0
0.0,0.85701704,1.0
0.0,0.030406622,0.0
1.0,0.90891063,1.0
1.0,0.99932694,1.0
1.0,0.93345445,1.0
1.0,0.99983156,1.0
1.0,0.2649559,0.0
0.0,0.28680292,0.0
1.0,0.9947069,1.0
1.0,0.99798775,1.0
1.0,0.9620741,1.0
1.0,0.51821136,1.0
0.0,0.11604776,0.0
1.0,0.87784964,1.0
0.0,0.069548145,0.0
0.0,0.17515178,0.0
0.0,0.62251264,1.0
0.0,0.04161483,0.0
0.0,0.023352413,0.0
1.0,0.96727484,1.0
1.0,0.3816109,0.0
1.0,0.9876003,1.0
0.0,0.003408667,0.0
0.0,0.032252256,0.0
0.0,0.07811982,0.0
0.0,0.33782983,0.0
1.0,0.9945798,1.0
1.0,0.63282937,1.0
0.0,0.06846824,0.0
1.0,0.42487982,0.0
0.0,0.20259109,0.0
1.0,0.9537728,1.0
0.0,0.010478847,0.0
1.0,0.9728696,1.0
1.0,0.9986046,1.0
0.0,0.09711241,0.0
1.0,0.993378,1.0
1.0,0.99446857,1.0
0.0,0.0029056075,0.0
0.0,0.058052555,0.0
1.0,0.29290962,0.0
1.0,0.7070249,1.0
0.0,0.01055252,0.0
1.0,0.8997072,1.0
0.0,0.36630222,0.0
0.0,0.034504108,0.0
0.0,0.012201585,0.0
1.0,0.8615496,1.0
1.0,0.99875724,1.0
0.0,0.105127834,0.0
0.0,0.13364059,0.0
1.0,0.9537037,1.0
1.0,0.65696204,1.0
1.0,0.56284624,1.0
0.0,0.039747402,0.0
1.0,0.99878293,1.0
0.0,0.015069223,0.0
0.0,0.11067255,0.0
0.0,0.06428129,0.0
1.0,0.9032817,1.0
1.0,0.9970509,1.0
0.0,0.10984047,0.0
1.0,0.99886477,1.0
1.0,0.72708225,1.0
0.0,0.001983574,0.0
1.0,0.9569754,1.0
1.0,0.9998338,1.0
1.0,0.90911514,1.0
1.0,0.99959844,1.0
1.0,0.13223831,0.0
1.0,0.9343791,1.0
1.0,0.99636686,1.0
0.0,0.26210225,0.0
0.0,0.18746786,0.0
0.0,0.2357487,0.0
0.0,0.018104171,0.0
0.0,0.0014209822,0.0
0.0,0.01644021,0.0
1.0,0.7175967,1.0
1.0,0.738693,1.0
0.0,0.6018614,1.0
0.0,0.04021767,0.0
0.0,0.20276076,0.0
1.0,0.99605644,1.0
0.0,0.008252847,0.0
0.0,0.18847533,0.0
0.0,0.19487609,0.0
1.0,0.9963791,1.0
0.0,0.21768174,0.0
0.0,0.039090075,0.0
0.0,0.34414873,0.0
1.0,0.9998858,1.0
0.0,0.13541892,0.0
1.0,0.99390876,1.0
0.0,0.11979192,0.0
0.0,0.03150402,0.0
1.0,0.99447846,1.0
1.0,0.992413,1.0
1.0,0.99844056,1.0
1.0,0.91793144,1.0
1.0,0.9983767,1.0
1.0,0.9738931,1.0
0.0,0.36199576,0.0
0.0,0.11564931,0.0
0.0,0.006827087,0.0
0.0,0.8593395,1.0
0.0,0.46740878,0.0
0.0,0.23121428,0.0
0.0,0.41247848,0.0
1.0,0.5046241,1.0
0.0,0.036757357,0.0
1.0,0.9993383,1.0
0.0,0.20370516,0.0
1.0,0.9998085,1.0
0.0,0.013214916,0.0
0.0,0.24021798,0.0
0.0,0.016276246,0.0
1.0,0.41542888,0.0
0.0,0.0058866055,0.0
0.0,0.10367225,0.0
0.0,0.0859309,0.0
0.0,0.38974175,0.0
1.0,0.75749713,1.0
1.0,0.99957794,1.0
0.0,0.021659445,0.0
0.0,0.041122306,0.0
0.0,0.005088375,0.0
1.0,0.5602778,1.0
1.0,0.63794595,1.0
1.0,0.8247382,1.0
1.0,0.8159669,1.0
1.0,0.99983156,1.0
0.0,0.751413,1.0
0.0,0.96867484,1.0
0.0,0.02959946,0.0
0.0,0.024502348,0.0
1.0,0.8176604,1.0
0.0,0.34020048,0.0
0.0,0.8219421,1.0
1.0,0.7891677,1.0
1.0,0.8542496,1.0
0.0,0.01588292,0.0
0.0,0.395533,0.0
0.0,0.4973412,0.0
1.0,0.5563121,1.0
0.0,0.002941972,0.0
1.0,0.51320976,1.0
1.0,0.60417306,1.0
0.0,0.076596506,0.0
1.0,0.29359588,0.0
1.0,0.41733795,0.0
0.0,0.011690077,0.0
0.0,0.004457708,0.0
0.0,0.032027796,0.0
0.0,0.064135,0.0
0.0,0.11602416,0.0
0.0,0.007586358,0.0
0.0,0.017036324,0.0
1.0,0.9965192,1.0
1.0,0.90066016,1.0
0.0,0.2593412,0.0
0.0,0.05372522,0.0
0.0,0.00944764,0.0
0.0,0.12218913,0.0
1.0,0.97630095,1.0
0.0,0.03083579,0.0
1.0,0.96458036,1.0
0.0,0.029779721,0.0
0.0,0.049414873,0.0
0.0,0.0041908417,0.0
0.0,0.4652984,0.0
0.0,0.0649677,0.0
0.0,0.029156946,0.0
0.0,0.022622956,0.0
1.0,0.99958044,1.0
1.0,0.9981633,1.0
0.0,0.16920194,0.0
0.0,0.24138045,0.0
0.0,0.21024098,0.0
1.0,0.99381626,1.0
0.0,0.014821523,0.0
1.0,0.99832636,1.0
1.0,0.8933799,1.0
0.0,0.029131604,0.0
1.0,0.891462,1.0
0.0,0.0054426654,0.0
0.0,0.0019208586,0.0
1.0,0.9871725,1.0
1.0,0.99041533,1.0
1.0,0.975844,1.0
1.0,0.9669321,1.0
0.0,0.53679645,1.0
1.0,0.9997886,1.0
0.0,0.36983162,0.0
0.0,0.3022398,0.0
0.0,0.60333514,1.0
1.0,0.7805456,1.0
1.0,0.99864274,1.0
1.0,0.8776495,1.0
1.0,0.796222,1.0
0.0,0.049958453,0.0
1.0,0.8777854,1.0
1.0,0.97745687,1.0
0.0,0.16690956,0.0
0.0,0.017748706,0.0
1.0,0.9958346,1.0
0.0,0.10972279,0.0
1.0,0.6868001,1.0
0.0,0.7580927,1.0
1.0,0.83499163,1.0
0.0,0.20451853,0.0
0.0,0.13378942,0.0
0.0,0.2905876,0.0
0.0,0.07921575,0.0
0.0,0.029353831,0.0
1.0,0.90714616,1.0
0.0,0.23863798,0.0
0.0,0.009691612,0.0
0.0,0.041672204,0.0
1.0,0.6430587,1.0
0.0,0.11759811,0.0
1.0,0.89736205,1.0
0.0,0.005804078,0.0
0.0,0.035741437,0.0
1.0,0.9970613,1.0
1.0,0.9964306,1.0
0.0,0.017590532,0.0
1.0,0.9959816,1.0
1.0,0.9994041,1.0
0.0,0.23666286,0.0
0.0,0.06602582,0.0
1.0,0.99816704,1.0
0.0,0.638459,1.0
0.0,0.060267955,0.0
1.0,0.9991197,1.0
0.0,0.20616995,0.0
1.0,0.7785257,1.0
0.0,0.007354723,0.0
0.0,0.004384345,0.0
1.0,0.48987457,0.0
1.0,0.93879646,1.0
1.0,0.5122811,1.0
0.0,0.045462903,0.0
1.0,0.9462874,1.0
1.0,0.97877276,1.0
0.0,0.23317245,0.0
1.0,0.9971802,1.0
0.0,0.68425316,1.0
1.0,0.86248374,1.0
1.0,0.7953156,1.0
1.0,0.9996636,1.0
1.0,0.98698294,1.0
1.0,0.96689546,1.0
1.0,0.80485517,1.0
1.0,0.18856539,0.0
1.0,0.43698385,0.0
1.0,0.9909168,1.0
1.0,0.6834749,1.0
1.0,0.9857125,1.0
0.0,0.16396025,0.0
1.0,0.99991524,1.0
0.0,0.017530315,0.0
1.0,0.98201007,1.0
0.0,0.14710833,0.0
1.0,0.9122153,1.0
1.0,0.7149117,1.0
0.0,0.049341224,0.0
1.0,0.9167604,1.0
0.0,0.36579308,0.0
0.0,0.032110307,0.0
0.0,0.076268524,0.0
0.0,0.0385852,0.0
1.0,0.9847911,1.0
0.0,0.2645612,0.0
0.0,0.058302153,0.0
0.0,0.45328695,0.0
1.0,0.9908409,1.0
0.0,0.0052551534,0.0
1.0,0.9990102,1.0
0.0,0.21932809,0.0
1.0,0.53246516,1.0
0.0,0.28985217,0.0
1.0,0.9125969,1.0
1.0,0.99410254,1.0
0.0,0.044697847,0.0
1.0,0.99303126,1.0
0.0,0.070585124,0.0
1.0,0.9948656,1.0
1.0,0.9809265,1.0
0.0,0.40506688,0.0
1.0,0.9863625,1.0
0.0,0.13447888,0.0
1.0,0.2602146,0.0
1.0,0.69058436,1.0
0.0,0.4312492,0.0
1.0,0.91421515,1.0
1.0,0.999818,1.0
1.0,0.4427456,0.0
1.0,0.4421123,0.0
0.0,0.22267355,0.0
0.0,0.036957707,0.0
0.0,0.20192187,0.0
1.0,0.30101126,0.0
0.0,0.0036692913,0.0
0.0,0.033303753,0.0
0.0,0.4459438,0.0
0.0,0.07284661,0.0
0.0,0.047850363,0.0
0.0,0.05206893,0.0
0.0,0.008958336,0.0
1.0,0.9996413,1.0
0.0,0.016315721,0.0
1.0,0.9690647,1.0
1.0,0.75670874,1.0
1.0,0.54656994,1.0
0.0,0.10934291,0.0
0.0,0.034584623,0.0
0.0,0.0034039612,0.0
0.0,0.2317294,0.0
0.0,0.05826078,0.0
0.0,0.0087985415,0.0
0.0,0.02630302,0.0
1.0,0.97795767,1.0
0.0,0.38000944,0.0
0.0,0.07142859,0.0
1.0,0.99886763,1.0
0.0,0.025932347,0.0
0.0,0.15585916,0.0
1.0,0.51626587,1.0
1.0,0.99423593,1.0
1.0,0.96988475,1.0
1.0,0.96370536,1.0
0.0,0.006850146,0.0
0.0,0.097133145,0.0
1.0,0.94928944,1.0
0.0,0.18651457,0.0
1.0,0.99420655,1.0
1.0,0.9240491,1.0
1.0,0.9862476,1.0
0.0,0.01918861,0.0
0.0,0.3207567,0.0
0.0,0.008077821,0.0
0.0,0.23742315,0.0
1.0,0.9991763,1.0
1.0,0.6186857,1.0
1.0,0.9942662,1.0
1.0,0.18441674,0.0
0.0,0.011152556,0.0
1.0,0.74481076,1.0
1.0,0.97505796,1.0
0.0,0.012293581,0.0
1.0,0.88487154,1.0
0.0,0.07256201,0.0
1.0,0.9633795,1.0
0.0,0.3213026,0.0
1.0,0.99954754,1.0
1.0,0.97461504,1.0
1.0,0.96195817,1.0
0.0,0.0038345526,0.0
0.0,0.525983,1.0
1.0,0.99928075,1.0
0.0,0.0050222958,0.0
0.0,0.058000516,0.0
1.0,0.72476065,1.0
0.0,0.09218019,0.0
0.0,0.001974226,0.0
0.0,0.02090436,0.0
0.0,0.78878146,1.0
0.0,0.10723254,0.0
0.0,0.44821328,0.0
1.0,0.9997923,1.0
0.0,0.47854462,0.0
1.0,0.99723405,1.0
0.0,0.004871703,0.0
0.0,0.013117932,0.0
1.0,0.7369824,1.0
0.0,0.0016236316,0.0
0.0,0.022762535,0.0
0.0,0.008150222,0.0
1.0,0.99943656,1.0
0.0,0.848756,1.0
1.0,0.9997899,1.0
1.0,0.7257437,1.0
1.0,0.99953365,1.0
0.0,0.5700887,1.0
0.0,0.36571687,0.0
1.0,0.9867884,1.0
1.0,0.7471606,1.0
1.0,0.36553082,0.0
0.0,0.28946593,0.0
0.0,0.05386323,0.0
0.0,0.025063729,0.0
1.0,0.96267956,1.0
0.0,0.10289204,0.0
1.0,0.99839765,1.0
0.0,0.14964913,0.0
0.0,0.31824034,0.0
1.0,0.8115404,1.0
1.0,0.47488698,0.0
1.0,0.9992791,1.0
1.0,0.95699704,1.0
1.0,0.9862118,1.0
0.0,0.19371815,0.0
0.0,0.01684009,0.0
1.0,0.7775032,1.0
0.0,0.060633864,0.0
1.0,0.051511344,0.0
0.0,0.33202195,0.0
0.0,0.08262094,0.0
1.0,0.67698425,1.0
1.0,0.9812883,1.0
0.0,0.8618781,1.0
1.0,0.7686576,1.0
0.0,0.093086585,0.0
1.0,0.9969087,1.0
0.0,0.22231518,0.0
1.0,0.7259803,1.0
1.0,0.95710194,1.0
1.0,0.33349887,0.0
1.0,0.9843476,1.0
1.0,0.77369255,1.0
0.0,0.0051134187,0.0
0.0,0.7657932,1.0
1.0,0.97046787,1.0
0.0,0.41806942,0.0
1.0,0.9422347,1.0
1.0,0.90859807,1.0
0.0,0.17044275,0.0
0.0,0.004928075,0.0
0.0,0.6273713,1.0
0.0,0.055378772,0.0
0.0,0.07977302,0.0
1.0,0.1828603,0.0
0.0,0.1371213,0.0
0.0,0.23985241,0.0
0.0,0.10343508,0.0
0.0,0.037934046,0.0
0.0,0.035940133,0.0
0.0,0.92980886,1.0
1.0,0.9992773,1.0
0.0,0.02044554,0.0
0.0,0.003009854,0.0
0.0,0.018131621,0.0
0.0,0.005574107,0.0
1.0,0.21450427,0.0
1.0,0.95654523,1.0
1.0,0.3251301,0.0
0.0,0.02987358,0.0
0.0,0.18591204,0.0
0.0,0.040336262,0.0
0.0,0.24898142,0.0
0.0,0.04558479,0.0
1.0,0.99849117,1.0
0.0,0.02233546,0.0
0.0,0.08448613,0.0
1.0,0.9981261,1.0
0.0,0.106995784,0.0
1.0,0.969822,1.0
0.0,0.41021773,0.0
1.0,0.96034503,1.0
0.0,0.10969074,0.0
1.0,0.63071066,1.0
0.0,0.18546839,0.0
1.0,0.9435456,1.0
0.0,0.38342416,0.0
0.0,0.49838772,0.0
0.0,0.2822794,0.0
1.0,0.9756924,1.0
0.0,0.7204213,1.0
0.0,0.025320236,0.0
1.0,0.7263376,1.0
1.0,0.6039389,1.0
0.0,0.367248,0.0
0.0,0.18215138,0.0
0.0,0.0036716454,0.0
0.0,0.01641701,0.0
1.0,0.99974865,1.0
0.0,0.27923802,0.0
0.0,0.44183037,0.0
0.0,0.2720373,0.0
0.0,0.14507565,0.0
0.0,0.43336713,0.0
0.0,0.022526335,0.0
0.0,0.33106586,0.0
0.0,0.019010782,0.0
0.0,0.36126357,0.0
0.0,0.053569946,0.0
1.0,0.999,1.0
1.0,0.6154421,1.0
1.0,0.96772856,1.0
1.0,0.9519715,1.0
0.0,0.057553098,0.0
0.0,0.012945047,0.0
1.0,0.21622786,0.0
0.0,0.28739482,0.0
0.0,0.31668833,0.0
1.0,0.99668413,1.0
1.0,0.8744786,1.0
1.0,0.99495524,1.0
1.0,0.98839605,1.0
0.0,0.007099793,0.0
1.0,0.59449697,1.0
0.0,0.3842295,0.0
0.0,0.0033964766,0.0
0.0,0.1788775,0.0
1.0,0.9946795,1.0
1.0,0.9995591,1.0
1.0,0.99678075,1.0
0.0,0.7835821,1.0
0.0,0.06882959,0.0
1.0,0.7742054,1.0
1.0,0.9953702,1.0
1.0,0.99972016,1.0
0.0,0.023974082,0.0
0.0,0.029036585,0.0
1.0,0.3310676,0.0
0.0,0.008986206,0.0
1.0,0.79229957,1.0
0.0,0.004460928,0.0
0.0,0.50671697,1.0
1.0,0.5434341,1.0
0.0,0.0060138055,0.0
0.0,0.02236488,0.0
1.0,0.9948449,1.0
0.0,0.8579055,1.0
1.0,0.99943155,1.0
1.0,0.27701136,0.0
0.0,0.4722716,0.0
0.0,0.00953942,0.0
0.0,0.048171446,0.0
1.0,0.9586031,1.0
0.0,0.4519394,0.0
1.0,0.6291663,1.0
0.0,0.46514463,0.0
0.0,0.5388018,1.0
0.0,0.052228924,0.0
1.0,0.3001982,0.0
0.0,0.05347905,0.0
0.0,0.024600727,0.0
1.0,0.70688576,1.0
1.0,0.63994306,1.0
1.0,0.9867453,1.0
0.0,0.29941028,0.0
0.0,0.6962303,1.0
0.0,0.0027075072,0.0
0.0,0.20806417,0.0
1.0,0.3503805,0.0
0.0,0.2929028,0.0
0.0,0.07984701,0.0
1.0,0.75349236,1.0
0.0,0.16827406,0.0
1.0,0.8099795,1.0
0.0,0.008211265,0.0
0.0,0.018716153,0.0
0.0,0.35042223,0.0
1.0,0.9440659,1.0
0.0,0.01559802,0.0
0.0,0.060577594,0.0
0.0,0.5968454,1.0
1.0,0.9993906,1.0
1.0,0.9960074,1.0
0.0,0.030356748,0.0
1.0,0.8848676,1.0
1.0,0.9716471,1.0
0.0,0.37244722,0.0
1.0,0.7337433,1.0
0.0,0.049846116,0.0
1.0,0.992902,1.0
0.0,0.07366603,0.0
1.0,0.8859042,1.0
0.0,0.035297748,0.0
0.0,0.06873993,0.0
0.0,0.039822407,0.0
1.0,0.23758844,0.0
1.0,0.9549166,1.0
0.0,0.21068323,0.0
1.0,0.9979728,1.0
0.0,0.31557518,0.0
1.0,0.99289554,1.0
1.0,0.43491903,0.0
0.0,0.011982897,0.0
0.0,0.060834654,0.0
1.0,0.99021965,1.0
0.0,0.012479165,0.0
0.0,0.393935,0.0
0.0,0.39556465,0.0
1.0,0.5843972,1.0
0.0,0.0036689306,0.0
0.0,0.0762508,0.0
0.0,0.004808703,0.0
0.0,0.022407237,0.0
1.0,0.99916685,1.0
1.0,0.060377344,0.0
1.0,0.91392064,1.0
1.0,0.9604225,1.0
1.0,0.9926392,1.0
1.0,0.9976305,1.0
1.0,0.8989464,1.0
1.0,0.67068136,1.0
1.0,0.99757177,1.0
0.0,0.10300456,0.0
0.0,0.03872718,0.0
0.0,0.17757569,0.0
0.0,0.004255605,0.0
0.0,0.3732058,0.0
0.0,0.19255187,0.0
1.0,0.73777735,1.0
1.0,0.78445476,1.0
1.0,0.987542,1.0
1.0,0.5539474,1.0
0.0,0.009282464,0.0
0.0,0.049991395,0.0
1.0,0.9970276,1.0
0.0,0.0062796907,0.0
0.0,0.6543254,1.0
0.0,0.027152697,0.0
0.0,0.003656878,0.0
1.0,0.6433341,1.0
1.0,0.9960914,1.0
0.0,0.67966545,1.0
1.0,0.94650525,1.0
0.0,0.4635774,0.0
1.0,0.4074932,0.0
0.0,0.012924128,0.0
1.0,0.8518078,1.0
0.0,0.03596161,0.0
1.0,0.41589302,0.0
1.0,0.99555004,1.0
0.0,0.08764716,0.0
0.0,0.021569708,0.0
0.0,0.021244239,0.0
1.0,0.46266538,0.0
0.0,0.31196025,0.0
1.0,0.92690766,1.0
1.0,0.79970235,1.0
1.0,0.9620451,1.0
1.0,0.8037718,1.0
1.0,0.9897558,1.0
0.0,0.116146274,0.0
1.0,0.51161677,1.0
1.0,0.84406585,1.0
1.0,0.96828985,1.0
0.0,0.24142514,0.0
1.0,0.3994412,0.0
0.0,0.7295484,1.0
1.0,0.9595629,1.0
1.0,0.8461621,1.0
0.0,0.025222149,0.0
1.0,0.999587,1.0
1.0,0.99679923,1.0
0.0,0.24031325,0.0
0.0,0.07229956,0.0
0.0,0.08929975,0.0
1.0,0.8979973,1.0
0.0,0.5069198,1.0
1.0,0.8931371,1.0
1.0,0.29693592,0.0
0.0,0.53881484,1.0
1.0,0.8190259,1.0
1.0,0.9943175,1.0
0.0,0.00797429,0.0
0.0,0.12833522,0.0
1.0,0.9979832,1.0
0.0,0.6671385,1.0
1.0,0.9877943,1.0
1.0,0.99897885,1.0
0.0,0.0599879,0.0
0.0,0.05224207,0.0
1.0,0.71245116,1.0
0.0,0.018184872,0.0
0.0,0.09684217,0.0
1.0,0.5848863,1.0
0.0,0.7060997,1.0
0.0,0.10724169,0.0
0.0,0.10499889,0.0
1.0,0.9996847,1.0
1.0,0.9929468,1.0
0.0,0.0029692124,0.0
1.0,0.9995378,1.0
0.0,0.057096116,0.0
1.0,0.9983365,1.0
1.0,0.26364288,0.0
1.0,0.9179756,1.0
0.0,0.08049036,0.0
0.0,0.017357275,0.0
0.0,0.23199394,0.0
1.0,0.5587301,1.0
1.0,0.8495039,1.0
0.0,0.0031554368,0.0
0.0,0.15433486,0.0
1.0,0.51260936,1.0
0.0,0.33161098,0.0
1.0,0.9306878,1.0
0.0,0.2768041,0.0
0.0,0.049855676,0.0
0.0,0.0041809394,0.0
0.0,0.054020315,0.0
1.0,0.527688,1.0
0.0,0.7304327,1.0
0.0,0.49930146,0.0
0.0,0.8231891,1.0
0.0,0.25912225,0.0
0.0,0.038127597,0.0
1.0,0.7643228,1.0
1.0,0.9998549,1.0
0.0,0.15921693,0.0
1.0,0.61489356,1.0
1.0,0.9970379,1.0
0.0,0.13075289,0.0
1.0,0.6082607,1.0
1.0,0.9980811,1.0
1.0,0.6172372,1.0
0.0,0.070650555,0.0
1.0,0.997624,1.0
0.0,0.19218151,0.0
1.0,0.9079324,1.0
0.0,0.56864154,1.0
0.0,0.05687441,0.0
1.0,0.53008926,1.0
0.0,0.004788236,0.0
1.0,0.85077107,1.0
0.0,0.018981352,0.0
0.0,0.006348257,0.0
1.0,0.94887865,1.0
1.0,0.99931574,1.0
1.0,0.13343842,0.0
1.0,0.98265946,1.0
0.0,0.009605959,0.0
1.0,0.85868925,1.0
1.0,0.9998466,1.0
1.0,0.9987703,1.0
0.0,0.0030123761,0.0
1.0,0.99288553,1.0
1.0,0.99000335,1.0
1.0,0.5888316,1.0
1.0,0.99944586,1.0
1.0,0.8548932,1.0
1.0,0.9984875,1.0
1.0,0.96394944,1.0
1.0,0.6621725,1.0
0.0,0.0058754957,0.0
0.0,0.3082117,0.0
0.0,0.1444177,0.0
0.0,0.3754732,0.0
1.0,0.8197735,1.0
1.0,0.9868873,1.0
0.0,0.011502786,0.0
1.0,0.9486815,1.0
1.0,0.95872575,1.0
0.0,0.7280515,1.0
0.0,0.39120016,0.0
0.0,0.038690995,0.0
0.0,0.16914052,0.0
1.0,0.99968994,1.0
1.0,0.9848792,1.0
1.0,0.99696475,1.0
1.0,0.9399451,1.0
0.0,0.3989619,0.0
1.0,0.77010536,1.0
0.0,0.0024715648,0.0
0.0,0.21359068,0.0
1.0,0.86579376,1.0
0.0,0.0390001,0.0
0.0,0.45953918,0.0
1.0,0.96439004,1.0
0.0,0.2591015,0.0
1.0,0.9904998,1.0
1.0,0.18361667,0.0
0.0,0.55324507,1.0
1.0,0.3499538,0.0
1.0,0.8480532,1.0
0.0,0.5294769,1.0
1.0,0.6383202,1.0
1.0,0.93588096,1.0
0.0,0.009986177,0.0
0.0,0.04607023,0.0
0.0,0.011735732,0.0
0.0,0.0033212123,0.0
1.0,0.70774955,1.0
0.0,0.26210427,0.0
0.0,0.0063640834,0.0
1.0,0.99301416,1.0
1.0,0.9880705,1.0
1.0,0.78145796,1.0
1.0,0.5149753,1.0
1.0,0.5457693,1.0
0.0,0.090234496,0.0
0.0,0.1846414,0.0
0.0,0.9778726,1.0
0.0,0.112221435,0.0
1.0,0.9957975,1.0
0.0,0.010366347,0.0
1.0,0.9977843,1.0
1.0,0.99388194,1.0
1.0,0.9973544,1.0
1.0,0.96066713,1.0
1.0,0.99971265,1.0
1.0,0.98926824,1.0
0.0,0.09065633,0.0
0.0,0.13197567,0.0
0.0,0.3065428,0.0
1.0,0.99935514,1.0
0.0,0.0020724603,0.0
1.0,0.9974547,1.0
0.0,0.0078039058,0.0
0.0,0.109154634,0.0
0.0,0.11857009,0.0
0.0,0.29979828,0.0
1.0,0.9221994,1.0
1.0,0.9959388,1.0
0.0,0.083316095,0.0
0.0,0.014372199,0.0
1.0,0.9769189,1.0
0.0,0.031976417,0.0
0.0,0.1607713,0.0
0.0,0.5186988,1.0
1.0,0.9982108,1.0
1.0,0.4050459,0.0
1.0,0.9893805,1.0
1.0,0.3943724,0.0
0.0,0.009789139,0.0
0.0,0.21195863,0.0
1.0,0.99499375,1.0
1.0,0.9988102,1.0
0.0,0.07071851,0.0
0.0,0.012932216,0.0
0.0,0.105968766,0.0
1.0,0.2502269,0.0
1.0,0.97025496,1.0
0.0,0.07818398,0.0
1.0,0.594117,1.0
0.0,0.055330683,0.0
1.0,0.98401755,1.0
0.0,0.072664544,0.0
1.0,0.9338004,1.0
0.0,0.06880458,0.0
1.0,0.9968675,1.0
0.0,0.020909043,0.0
1.0,0.99340653,1.0
0.0,0.007809989,0.0
1.0,0.9954354,1.0
0.0,0.33717853,0.0
0.0,0.29727405,0.0
0.0,0.013443361,0.0
1.0,0.9872398,1.0
0.0,0.0469898,0.0
0.0,0.35985434,0.0
0.0,0.017575476,0.0
0.0,0.047758017,0.0
1.0,0.785446,1.0
0.0,0.10963664,0.0
0.0,0.21522252,0.0
1.0,0.76451254,1.0
1.0,0.9787839,1.0
0.0,0.15002018,0.0
1.0,0.9576301,1.0
0.0,0.0034235758,0.0
0.0,0.06279353,0.0
1.0,0.41631788,0.0
0.0,0.2754108,0.0
0.0,0.07607784,0.0
1.0,0.9902407,1.0
0.0,0.012103242,0.0
1.0,0.9970252,1.0
0.0,0.40239266,0.0
1.0,0.9904489,1.0
0.0,0.32833442,0.0
0.0,0.099238575,0.0
1.0,0.94482374,1.0
0.0,0.60278785,1.0
0.0,0.085440025,0.0
1.0,0.91260374,1.0
0.0,0.059463497,0.0
0.0,0.003909667,0.0
0.0,0.29659843,0.0
0.0,0.017287372,0.0
1.0,0.60623723,1.0
1.0,0.99869615,1.0
0.0,0.7697656,1.0
1.0,0.9997025,1.0
0.0,0.035488028,0.0
0.0,0.013953453,0.0
0.0,0.010991342,0.0
1.0,0.69016063,1.0
0.0,0.009429441,0.0
0.0,0.32192293,0.0
1.0,0.9994393,1.0
0.0,0.071051374,0.0
1.0,0.9964051,1.0
1.0,0.99817574,1.0
1.0,0.9834503,1.0
1.0,0.9996679,1.0
0.0,0.060056683,0.0
1.0,0.9873465,1.0
0.0,0.109245434,0.0
0.0,0.62960577,1.0
0.0,0.05089464,0.0
0.0,0.0020478026,0.0
1.0,0.97801137,1.0
0.0,0.24790238,0.0
0.0,0.0012425766,0.0
1.0,0.99978644,1.0
0.0,0.29865652,0.0
0.0,0.018585915,0.0
1.0,0.9971842,1.0
0.0,0.0034050194,0.0
0.0,0.036537386,0.0
0.0,0.3973418,0.0
1.0,0.90408766,1.0
0.0,0.19434005,0.0
1.0,0.58553654,1.0
0.0,0.45724636,0.0
1.0,0.9155793,1.0
1.0,0.9989532,1.0
1.0,0.37790507,0.0
1.0,0.91697717,1.0
0.0,0.18114638,0.0
0.0,0.22567819,0.0
1.0,0.988533,1.0
0.0,0.019461961,0.0
0.0,0.40624058,0.0
0.0,0.09475788,0.0
1.0,0.8964219,1.0
1.0,0.9747693,1.0
1.0,0.6501114,1.0
0.0,0.37896597,0.0
0.0,0.09672606,0.0
0.0,0.26702973,0.0
0.0,0.017343778,0.0
1.0,0.9864993,1.0
1.0,0.98039436,1.0
0.0,0.04669935,0.0
0.0,0.24821098,0.0
0.0,0.029307729,0.0
0.0,0.0451722,0.0
0.0,0.4313263,0.0
1.0,0.5927661,1.0
0.0,0.12648411,0.0
0.0,0.009585941,0.0
0.0,0.22988851,0.0
0.0,0.19655123,0.0
1.0,0.5126686,1.0
0.0,0.13587059,0.0
1.0,0.4546072,0.0
0.0,0.38546818,0.0
1.0,0.99575365,1.0
1.0,0.8046679,1.0
1.0,0.6180702,1.0
0.0,0.09720778,0.0
0.0,0.3628626,0.0
0.0,0.4568478,0.0
1.0,0.4099855,0.0
0.0,0.2490651,0.0
1.0,0.5647908,1.0
0.0,0.74913734,1.0
0.0,0.44147593,0.0
1.0,0.33061635,0.0
1.0,0.9482163,1.0
1.0,0.99992573,1.0
1.0,0.8525116,1.0
1.0,0.9499551,1.0
1.0,0.95040584,1.0
0.0,0.004706194,0.0
0.0,0.3138439,0.0
1.0,0.9983448,1.0
1.0,0.999498,1.0
0.0,0.06954421,0.0
0.0,0.2877824,0.0
0.0,0.76083577,1.0
1.0,0.9871235,1.0
1.0,0.87775207,1.0
1.0,0.9944014,1.0
0.0,0.008513641,0.0
1.0,0.8880755,1.0
1.0,0.5443433,1.0
1.0,0.97386634,1.0
1.0,0.3462926,0.0
1.0,0.74108016,1.0
0.0,0.19724908,0.0
1.0,0.6038477,1.0
1.0,0.5933168,1.0
0.0,0.27101877,0.0
0.0,0.1097021,0.0
1.0,0.99814785,1.0
0.0,0.5519575,1.0
1.0,0.4876845,0.0
0.0,0.00828472,0.0
0.0,0.31116232,0.0
1.0,0.64630187,1.0
1.0,0.9236938,1.0
1.0,0.62303436,1.0
0.0,0.39664593,0.0
1.0,0.43374443,0.0
1.0,0.94402975,1.0
1.0,0.46204785,0.0
1.0,0.20695153,0.0
0.0,0.1633234,0.0
1.0,0.59532064,1.0
1.0,0.9625327,1.0
1.0,0.8145166,1.0
1.0,0.70925987,1.0
0.0,0.019728076,0.0
0.0,0.0055029267,0.0
0.0,0.015159827,0.0
1.0,0.99903274,1.0
1.0,0.85478103,1.0
0.0,0.110023595,0.0
1.0,0.9992932,1.0
0.0,0.38065276,0.0
0.0,0.04713676,0.0
1.0,0.9710604,1.0
0.0,0.037947867,0.0
1.0,0.9992648,1.0
1.0,0.77786785,1.0
0.0,0.5672303,1.0
0.0,0.020409178,0.0
0.0,0.41264123,0.0
0.0,0.03808988,0.0
1.0,0.61315817,1.0
1.0,0.7050184,1.0
0.0,0.51742953,1.0
0.0,0.051808327,0.0
0.0,0.044073664,0.0
1.0,0.37272418,0.0
1.0,0.9960836,1.0
0.0,0.08065068,0.0
0.0,0.16623226,0.0
0.0,0.009990062,0.0
0.0,0.0017952961,0.0
1.0,0.9841176,1.0
0.0,0.026612839,0.0
0.0,0.15997133,0.0
1.0,0.60992956,1.0
0.0,0.12597889,0.0
0.0,0.033363394,0.0
1.0,0.9494946,1.0
0.0,0.007989128,0.0
0.0,0.52925485,1.0
1.0,0.92696154,1.0
1.0,0.9328911,1.0
0.0,0.21145757,0.0
1.0,0.5727296,1.0
0.0,0.37933356,0.0
0.0,0.20905304,0.0
1.0,0.87476045,1.0
1.0,0.94067556,1.0
0.0,0.1115174,0.0
1.0,0.9953637,1.0
1.0,0.84653455,1.0
1.0,0.94919956,1.0
0.0,0.014284721,0.0
0.0,0.13117138,0.0
0.0,0.4705183,0.0
1.0,0.26292548,0.0
1.0,0.1162406,0.0
0.0,0.07810537,0.0
0.0,0.00433894,0.0
1.0,0.4046927,0.0
1.0,0.9791116,1.0
0.0,0.21860483,0.0
0.0,0.09497608,0.0
1.0,0.92578334,1.0
0.0,0.007003006,0.0
1.0,0.999154,1.0
1.0,0.83234173,1.0
1.0,0.10334694,0.0
1.0,0.5992089,1.0
0.0,0.28627813,0.0
1.0,0.9950406,1.0
0.0,0.39274952,0.0
0.0,0.029072525,0.0
0.0,0.44315225,0.0
1.0,0.9600132,1.0
0.0,0.019582907,0.0
1.0,0.4863532,0.0
0.0,0.029117962,0.0
0.0,0.048654925,0.0
1.0,0.16645606,0.0
0.0,0.10456199,0.0
1.0,0.6875503,1.0
1.0,0.8177086,1.0
0.0,0.1845723,0.0
0.0,0.40854767,0.0
1.0,0.99026006,1.0
1.0,0.78943634,1.0
1.0,0.63559484,1.0
1.0,0.99283093,1.0
1.0,0.98578656,1.0
0.0,0.56030655,1.0
0.0,0.040845696,0.0
0.0,0.30172497,0.0
0.0,0.2629398,0.0
1.0,0.24996018,0.0
1.0,0.98400223,1.0
1.0,0.98179805,1.0
0.0,0.34947714,0.0
0.0,0.17249037,0.0
1.0,0.74088275,1.0
0.0,0.3096727,0.0
0.0,0.06436687,0.0
0.0,0.015561462,0.0
0.0,0.02364854,0.0
0.0,0.016135188,0.0
0.0,0.3146987,0.0
0.0,0.14461215,0.0
0.0,0.05294763,0.0
1.0,0.85839915,1.0
0.0,0.124621525,0.0
1.0,0.96986187,1.0
1.0,0.9171092,1.0
1.0,0.9864868,1.0
1.0,0.90527505,1.0
1.0,0.99753535,1.0
1.0,0.9832907,1.0
1.0,0.99775726,1.0
1.0,0.99682426,1.0
1.0,0.9649003,1.0
1.0,0.91136104,1.0
1.0,0.99755824,1.0
1.0,0.24268577,0.0
0.0,0.06677303,0.0
1.0,0.37131152,0.0
0.0,0.18311521,0.0
0.0,0.20176914,0.0
0.0,0.06435717,0.0
1.0,0.99982506,1.0
0.0,0.10154955,0.0
0.0,0.29844573,0.0
1.0,0.997934,1.0
1.0,0.7296632,1.0
1.0,0.99177116,1.0
0.0,0.06669398,0.0
1.0,0.71445304,1.0
1.0,0.7306282,1.0
0.0,0.7654755,1.0
0.0,0.022310773,0.0
0.0,0.0028460799,0.0
0.0,0.44256777,0.0
0.0,0.0077457675,0.0
0.0,0.008760033,0.0
0.0,0.7912488,1.0
1.0,0.2620772,0.0
0.0,0.07522049,0.0
1.0,0.5720536,1.0
1.0,0.9806085,1.0
0.0,0.4157388,0.0
1.0,0.22778648,0.0
1.0,0.9992968,1.0
1.0,0.9774556,1.0
1.0,0.81078684,1.0
1.0,0.9989785,1.0
0.0,0.22681476,0.0
1.0,0.9793946,1.0
0.0,0.01693032,0.0
1.0,0.7680629,1.0
0.0,0.07634502,0.0
1.0,0.86792994,1.0
0.0,0.011496465,0.0
1.0,0.99850935,1.0
0.0,0.23604816,0.0
0.0,0.5327828,1.0
1.0,0.97440493,1.0
1.0,0.94758683,1.0
0.0,0.024425058,0.0
1.0,0.430948,0.0
1.0,0.9863224,1.0
0.0,0.24036671,0.0
1.0,0.66433203,1.0
0.0,0.20908539,0.0
1.0,0.8545568,1.0
1.0,0.11415729,0.0
0.0,0.13194062,0.0
0.0,0.20273176,0.0
0.0,0.4461569,0.0
0.0,0.102476366,0.0
1.0,0.9984226,1.0
0.0,0.011629212,0.0
1.0,0.99969304,1.0
0.0,0.043299466,0.0
1.0,0.39231268,0.0
0.0,0.045968182,0.0
0.0,0.09284489,0.0
1.0,0.27898255,0.0
1.0,0.99314475,1.0
1.0,0.9479658,1.0
0.0,0.008869812,0.0
0.0,0.8281737,1.0
0.0,0.024411516,0.0
0.0,0.06903808,0.0
1.0,0.99976724,1.0
1.0,0.88670546,1.0
0.0,0.0152294515,0.0
1.0,0.5552734,1.0
0.0,0.34565678,0.0
0.0,0.081724025,0.0
1.0,0.9498683,1.0
0.0,0.06170725,0.0
1.0,0.9936864,1.0
0.0,0.00621643,0.0
1.0,0.9987406,1.0
0.0,0.005263653,0.0
0.0,0.6281775,1.0
1.0,0.9999254,1.0
1.0,0.99948657,1.0
0.0,0.13979843,0.0
0.0,0.37476292,0.0
0.0,0.584866,1.0
1.0,0.43343332,0.0
0.0,0.6686155,1.0
1.0,0.9970331,1.0
0.0,0.010508936,0.0
1.0,0.99235076,1.0
0.0,0.027153963,0.0
0.0,0.183926,0.0
0.0,0.004467029,0.0
1.0,0.8426797,1.0
1.0,0.9426295,1.0
0.0,0.08800324,0.0
1.0,0.9254472,1.0
0.0,0.006524264,0.0
0.0,0.38539484,0.0
1.0,0.97300345,1.0
1.0,0.99929893,1.0
1.0,0.53555924,1.0
0.0,0.19623423,0.0
1.0,0.5722291,1.0
1.0,0.6065068,1.0
1.0,0.4056492,0.0
0.0,0.17148888,0.0
0.0,0.006325783,0.0
0.0,0.39853534,0.0
1.0,0.865564,1.0
0.0,0.0040576314,0.0
1.0,0.27529058,0.0
1.0,0.933348,1.0
1.0,0.94048995,1.0
0.0,0.350399,0.0
1.0,0.6659189,1.0
1.0,0.69187075,1.0
0.0,0.29647183,0.0
0.0,0.007141027,0.0
1.0,0.99990964,1.0
0.0,0.010317236,0.0
1.0,0.97221226,1.0
1.0,0.96680886,1.0
0.0,0.5858712,1.0
1.0,0.7449341,1.0
1.0,0.47958273,0.0
1.0,0.9825095,1.0
1.0,0.9632992,1.0
0.0,0.015169325,0.0
1.0,0.99920964,1.0
0.0,0.008289956,0.0
1.0,0.9911925,1.0
0.0,0.021265188,0.0
1.0,0.948915,1.0
1.0,0.996429,1.0
1.0,0.996323,1.0
1.0,0.9319868,1.0
1.0,0.9123259,1.0
0.0,0.28804946,0.0
0.0,0.066365,0.0
0.0,0.15908743,0.0
0.0,0.0044196667,0.0
0.0,0.016039161,0.0
0.0,0.011302681,0.0
0.0,0.07501283,0.0
0.0,0.061417483,0.0
1.0,0.81679636,1.0
0.0,0.16069193,0.0
0.0,0.0076992707,0.0
0.0,0.076285556,0.0
1.0,0.9768926,1.0
0.0,0.011756712,0.0
0.0,0.003977903,0.0
1.0,0.44823095,0.0
1.0,0.9968047,1.0
0.0,0.24017666,0.0
1.0,0.8754623,1.0
0.0,0.15478233,0.0
1.0,0.7069737,1.0
1.0,0.16609655,0.0
0.0,0.1586548,0.0
0.0,0.42093635,0.0
0.0,0.03649476,0.0
0.0,0.58287424,1.0
0.0,0.3531159,0.0
0.0,0.089664854,0.0
1.0,0.9747565,1.0
0.0,0.081309035,0.0
1.0,0.9813132,1.0
1.0,0.5685567,1.0
0.0,0.07606766,0.0
0.0,0.54243046,1.0
1.0,0.9874347,1.0
0.0,0.32673895,0.0
1.0,0.86768216,1.0
0.0,0.07037667,0.0
1.0,0.8981281,1.0
1.0,0.997593,1.0
1.0,0.4149626,0.0
0.0,0.13319294,0.0
0.0,0.090986334,0.0
1.0,0.98595273,1.0
1.0,0.99347633,1.0
0.0,0.5055377,1.0
0.0,0.0054716016,0.0
0.0,0.23276725,0.0
1.0,0.99449015,1.0
1.0,0.9967121,1.0
1.0,0.8278207,1.0
0.0,0.05086885,0.0
0.0,0.06010721,0.0
0.0,0.024554897,0.0
0.0,0.05678562,0.0
0.0,0.13924637,0.0
1.0,0.5828866,1.0
0.0,0.601249,1.0
0.0,0.026204998,0.0
0.0,0.028883426,0.0
0.0,0.0033794874,0.0
0.0,0.11928208,0.0
0.0,0.8657543,1.0
1.0,0.9982759,1.0
0.0,0.02739474,0.0
1.0,0.996442,1.0
1.0,0.68399155,1.0
0.0,0.6603322,1.0
0.0,0.30951977,0.0
0.0,0.2497021,0.0
0.0,0.064218745,0.0
0.0,0.0060386495,0.0
0.0,0.0027192894,0.0
0.0,0.25882012,0.0
0.0,0.5515064,1.0
1.0,0.9198496,1.0
1.0,0.71258825,1.0
0.0,0.027047936,0.0
1.0,0.91700876,1.0
0.0,0.03259845,0.0
1.0,0.24618477,0.0
0.0,0.109164886,0.0
1.0,0.99765044,1.0
1.0,0.073192775,0.0
0.0,0.45045727,0.0
1.0,0.98592806,1.0
0.0,0.0025653702,0.0
0.0,0.06222424,0.0
0.0,0.688059,1.0
0.0,0.003958841,0.0
0.0,0.073340304,0.0
1.0,0.9961979,1.0
0.0,0.04175226,0.0
1.0,0.8916993,1.0
1.0,0.9939383,1.0
1.0,0.5956473,1.0
0.0,0.16594543,0.0
1.0,0.98501277,1.0
0.0,0.5464777,1.0
0.0,0.011058887,0.0
1.0,0.22881652,0.0
1.0,0.99915874,1.0
1.0,0.9799882,1.0
1.0,0.7447323,1.0
0.0,0.025917085,0.0
0.0,0.027219199,0.0
1.0,0.9051299,1.0
0.0,0.21296413,0.0
1.0,0.62028253,1.0
1.0,0.9988166,1.0
0.0,0.09909124,0.0
1.0,0.81802654,1.0
0.0,0.42685217,0.0
0.0,0.011031379,0.0
1.0,0.9361958,1.0
0.0,0.8450503,1.0
1.0,0.99117154,1.0
1.0,0.996953,1.0
0.0,0.83949244,1.0
1.0,0.3954142,0.0
0.0,0.89393497,1.0
0.0,0.09288442,0.0
0.0,0.013105837,0.0
1.0,0.75842917,1.0
1.0,0.9979467,1.0
1.0,0.99636453,1.0
1.0,0.99107087,1.0
1.0,0.98685604,1.0
0.0,0.21801019,0.0
0.0,0.11623026,0.0
0.0,0.05853022,0.0
0.0,0.027257802,0.0
0.0,0.07285736,0.0
1.0,0.9930321,1.0
1.0,0.9235557,1.0
1.0,0.8409741,1.0
1.0,0.96840423,1.0
0.0,0.016236853,0.0
0.0,0.24352437,0.0
1.0,0.99960464,1.0
0.0,0.37749055,0.0
1.0,0.9777688,1.0
1.0,0.9872214,1.0
1.0,0.9922161,1.0
1.0,0.99701786,1.0
1.0,0.99446565,1.0
0.0,0.22176655,0.0
0.0,0.0071017016,0.0
1.0,0.9342912,1.0
0.0,0.04870536,0.0
1.0,0.9762229,1.0
1.0,0.9986519,1.0
1.0,0.8399119,1.0
1.0,0.8822747,1.0
0.0,0.007033062,0.0
1.0,0.46303827,0.0
0.0,0.25308615,0.0
0.0,0.3567331,0.0
1.0,0.7875134,1.0
1.0,0.9883459,1.0
0.0,0.026784774,0.0
0.0,0.010261515,0.0
1.0,0.99857605,1.0
0.0,0.0018408113,0.0
1.0,0.998013,1.0
0.0,0.12974946,0.0
0.0,0.19433066,0.0
0.0,0.2246341,0.0
0.0,0.041014243,0.0
1.0,0.99185795,1.0
0.0,0.10017522,0.0
1.0,0.99444455,1.0
1.0,0.9967154,1.0
1.0,0.25449303,0.0
1.0,0.9954853,1.0
0.0,0.1998477,0.0
1.0,0.9991316,1.0
1.0,0.8750382,1.0
1.0,0.999298,1.0
0.0,0.19606052,0.0
1.0,0.8573112,1.0
1.0,0.9221364,1.0
1.0,0.93781304,1.0
1.0,0.67156565,1.0
0.0,0.46586245,0.0
0.0,0.23851126,0.0
1.0,0.9916967,1.0
0.0,0.1740595,0.0
0.0,0.24121942,0.0
0.0,0.44547775,0.0
1.0,0.9926374,1.0
0.0,0.009417596,0.0
0.0,0.023414275,0.0
1.0,0.9409416,1.0
0.0,0.3482114,0.0
0.0,0.28833604,0.0
0.0,0.010866597,0.0
1.0,0.99625266,1.0
0.0,0.017849332,0.0
0.0,0.028618619,0.0
1.0,0.5457931,1.0
0.0,0.24377897,0.0
1.0,0.12652995,0.0
1.0,0.9989716,1.0
1.0,0.9660917,1.0
0.0,0.3773903,0.0
1.0,0.9927776,1.0
0.0,0.1795531,0.0
0.0,0.0014605527,0.0
1.0,0.3393616,0.0
0.0,0.020515492,0.0
0.0,0.008744467,0.0
0.0,0.0072586294,0.0
1.0,0.36454502,0.0
0.0,0.007373482,0.0
0.0,0.43257862,0.0
1.0,0.34792054,0.0
0.0,0.0014905168,0.0
0.0,0.5328955,1.0
0.0,0.007987756,0.0
0.0,0.012730036,0.0
0.0,0.0708634,0.0
1.0,0.98713624,1.0
0.0,0.297699,0.0
0.0,0.0020291207,0.0
1.0,0.99774396,1.0
1.0,0.99510574,1.0
1.0,0.7796929,1.0
1.0,0.9479205,1.0
1.0,0.9817523,1.0
1.0,0.99715424,1.0
1.0,0.9443309,1.0
1.0,0.995501,1.0
1.0,0.5739811,1.0
0.0,0.0070047905,0.0
1.0,0.998638,1.0
0.0,0.10001266,0.0
0.0,0.2526313,0.0
1.0,0.8431374,1.0
1.0,0.9963638,1.0
0.0,0.15393518,0.0
0.0,0.0016386361,0.0
0.0,0.0056448625,0.0
0.0,0.07067255,0.0
0.0,0.051160187,0.0
0.0,0.030706733,0.0
0.0,0.009341969,0.0
0.0,0.19124715,0.0
0.0,0.07346922,0.0
0.0,0.009589288,0.0
0.0,0.057775814,0.0
0.0,0.013083794,0.0
0.0,0.122813515,0.0
0.0,0.2890848,0.0
0.0,0.045102775,0.0
1.0,0.16183251,0.0
1.0,0.9887395,1.0
0.0,0.01627243,0.0
0.0,0.16621806,0.0
1.0,0.08587743,0.0
1.0,0.9901064,1.0
0.0,0.081922695,0.0
0.0,0.16452101,0.0
0.0,0.12355329,0.0
0.0,0.79107124,1.0
1.0,0.96994126,1.0
0.0,0.013722796,0.0
1.0,0.9215422,1.0
0.0,0.117315836,0.0
1.0,0.4070093,0.0
1.0,0.53710854,1.0
0.0,0.56530136,1.0
0.0,0.012857573,0.0
1.0,0.9994991,1.0
1.0,0.8298387,1.0
0.0,0.76461226,1.0
1.0,0.97717243,1.0
1.0,0.9887748,1.0
1.0,0.68637973,1.0
1.0,0.99672747,1.0
0.0,0.02312325,0.0
0.0,0.170079,0.0
0.0,0.03653903,0.0
1.0,0.9995316,1.0
1.0,0.43251055,0.0
0.0,0.05097253,0.0
0.0,0.031577677,0.0
1.0,0.98103195,1.0
0.0,0.45529026,0.0
1.0,0.99591655,1.0
1.0,0.015645273,0.0
1.0,0.9881859,1.0
1.0,0.034182835,0.0
1.0,0.96835226,1.0
0.0,0.015304982,0.0
0.0,0.04967742,0.0
0.0,0.0032992517,0.0
0.0,0.5450443,1.0
0.0,0.2810709,0.0
1.0,0.61222917,1.0
1.0,0.47065488,0.0
1.0,0.9624263,1.0
0.0,0.082214594,0.0
0.0,0.65484285,1.0
0.0,0.8516799,1.0
0.0,0.23190832,0.0
1.0,0.98938984,1.0
0.0,0.29815212,0.0
0.0,0.2198442,0.0
0.0,0.19648147,0.0
0.0,0.64717084,1.0
1.0,0.47452867,0.0
1.0,0.8285509,1.0
0.0,0.24454555,0.0
0.0,0.043756153,0.0
1.0,0.8915446,1.0
0.0,0.27641925,0.0
1.0,0.9145021,1.0
0.0,0.012898798,0.0
1.0,0.39086637,0.0
0.0,0.93311495,1.0
1.0,0.8735229,1.0
0.0,0.002341286,0.0
0.0,0.30973944,0.0
1.0,0.522318,1.0
0.0,0.3973116,0.0
0.0,0.37577978,0.0
1.0,0.9999068,1.0
0.0,0.18484971,0.0
1.0,0.9739813,1.0
1.0,0.826352,1.0
1.0,0.9890209,1.0
0.0,0.9415056,1.0
0.0,0.062499493,0.0
0.0,0.0036605317,0.0
1.0,0.99727684,1.0
0.0,0.33415955,0.0
1.0,0.9995714,1.0
0.0,0.004703682,0.0
1.0,0.30504906,0.0
1.0,0.98394704,1.0
1.0,0.6174387,1.0
0.0,0.013010004,0.0
0.0,0.71111184,1.0
1.0,0.8124516,1.0
1.0,0.8802947,1.0
0.0,0.08705478,0.0
1.0,0.70514536,1.0
0.0,0.032937765,0.0
1.0,0.9992743,1.0
1.0,0.9980026,1.0
0.0,0.019672293,0.0
0.0,0.5452015,1.0
0.0,0.014441905,0.0
1.0,0.999734,1.0
1.0,0.9866095,1.0
0.0,0.06726573,0.0
0.0,0.069055766,0.0
0.0,0.11291093,0.0
0.0,0.04968854,0.0
1.0,0.97286624,1.0
1.0,0.6979968,1.0
1.0,0.95482105,1.0
0.0,0.0023728488,0.0
1.0,0.97288156,1.0
0.0,0.22194494,0.0
0.0,0.13628916,0.0
0.0,0.43083644,0.0
1.0,0.99920195,1.0
0.0,0.2127664,0.0
1.0,0.9982255,1.0
0.0,0.040948853,0.0
0.0,0.05807497,0.0
1.0,0.9966807,1.0
0.0,0.18712148,0.0
1.0,0.9981996,1.0
0.0,0.044757124,0.0
0.0,0.1456928,0.0
1.0,0.82027495,1.0
0.0,0.287821,0.0
0.0,0.115868926,0.0
0.0,0.038308263,0.0
1.0,0.848514,1.0
1.0,0.3100562,0.0
1.0,0.9988463,1.0
1.0,0.79583985,1.0
0.0,0.01080208,0.0
1.0,0.99606496,1.0
0.0,0.0103071,0.0
1.0,0.26958475,0.0
1.0,0.78583133,1.0
0.0,0.26534352,0.0
1.0,0.91947955,1.0
0.0,0.19906384,0.0
1.0,0.32700318,0.0
1.0,0.9991974,1.0
1.0,0.98094535,1.0
0.0,0.1057989,0.0
0.0,0.05147337,0.0
1.0,0.40739766,0.0
0.0,0.66142195,1.0
0.0,0.70127535,1.0
0.0,0.008778084,0.0
1.0,0.40045118,0.0
0.0,0.22685528,0.0
1.0,0.99109006,1.0
0.0,0.5293459,1.0
0.0,0.033760857,0.0
0.0,0.97434753,1.0
1.0,0.9178827,1.0
1.0,0.67386216,1.0
0.0,0.0020105583,0.0
0.0,0.52757037,1.0
1.0,0.75489324,1.0
0.0,0.006186921,0.0
0.0,0.012861333,0.0
1.0,0.8607772,1.0
0.0,0.0026740357,0.0
1.0,0.5768484,1.0
1.0,0.7229875,1.0
0.0,0.008241814,0.0
0.0,0.015964814,0.0
1.0,0.9996044,1.0
0.0,0.37983006,0.0
0.0,0.017224154,0.0
1.0,0.9996309,1.0
1.0,0.98122394,1.0
0.0,0.007860358,0.0
1.0,0.7060586,1.0
0.0,0.1819742,0.0
1.0,0.53431094,1.0
0.0,0.025750922,0.0
0.0,0.16911003,0.0
0.0,0.009881889,0.0
0.0,0.015177627,0.0
0.0,0.25128555,0.0
1.0,0.9045907,1.0
0.0,0.16281676,0.0
1.0,0.82907236,1.0
0.0,0.039446503,0.0
1.0,0.97873,1.0
1.0,0.99832064,1.0
1.0,0.79787195,1.0
0.0,0.22513331,0.0
0.0,0.7711861,1.0
0.0,0.16557914,0.0
1.0,0.9979279,1.0
0.0,0.0027952418,0.0
0.0,0.36508965,0.0
1.0,0.56621903,1.0
1.0,0.996689,1.0
1.0,0.9480717,1.0
1.0,0.60735375,1.0
0.0,0.25237805,0.0
0.0,0.009687548,0.0
1.0,0.9991566,1.0
1.0,0.6748587,1.0
1.0,0.8377334,1.0
1.0,0.56424075,1.0
1.0,0.752688,1.0
0.0,0.3148124,0.0
0.0,0.017560882,0.0
1.0,0.21072656,0.0
1.0,0.9671865,1.0
0.0,0.008270334,0.0
1.0,0.21870452,0.0
0.0,0.07430549,0.0
1.0,0.55192643,1.0
0.0,0.21682635,0.0
1.0,0.730581,1.0
1.0,0.45455742,0.0
1.0,0.9993228,1.0
0.0,0.05595322,0.0
0.0,0.16370937,0.0
1.0,0.99769765,1.0
1.0,0.33097902,0.0
1.0,0.97741014,1.0
0.0,0.023463428,0.0
1.0,0.9991555,1.0
0.0,0.5728547,1.0
1.0,0.96927845,1.0
0.0,0.56430453,1.0
0.0,0.12082415,0.0
0.0,0.050725978,0.0
1.0,0.7128429,1.0
0.0,0.21113347,0.0
0.0,0.29521745,0.0
0.0,0.055591818,0.0
0.0,0.008414589,0.0
0.0,0.35395586,0.0
0.0,0.0040817168,0.0
0.0,0.19448058,0.0
0.0,0.06957356,0.0
1.0,0.34628063,0.0
0.0,0.024422126,0.0
0.0,0.78373915,1.0
0.0,0.7615463,1.0
1.0,0.996333,1.0
1.0,0.97470254,1.0
0.0,0.011545485,0.0
0.0,0.017115245,0.0
1.0,0.9506903,1.0
0.0,0.005263855,0.0
0.0,0.0024155786,0.0
0.0,0.1415994,0.0
1.0,0.96436113,1.0
1.0,0.9776649,1.0
0.0,0.96721274,1.0
0.0,0.029837655,0.0
0.0,0.09484647,0.0
0.0,0.30641448,0.0
1.0,0.58865666,1.0
1.0,0.99181795,1.0
1.0,0.9872794,1.0
1.0,0.3866576,0.0
0.0,0.46725914,0.0
1.0,0.9963379,1.0
0.0,0.13107017,0.0
0.0,0.025496563,0.0
1.0,0.9997304,1.0
0.0,0.014263465,0.0
1.0,0.59578335,1.0
0.0,0.016915714,0.0
1.0,0.6366273,1.0
0.0,0.19660734,0.0
0.0,0.6507909,1.0
0.0,0.0035485327,0.0
1.0,0.9871106,1.0
1.0,0.9993237,1.0
1.0,0.996874,1.0
1.0,0.83772165,1.0
0.0,0.014430217,0.0
0.0,0.0029693153,0.0
0.0,0.44350088,0.0
0.0,0.12383824,0.0
0.0,0.067488715,0.0
0.0,0.065562576,0.0
1.0,0.9393145,1.0
1.0,0.99917716,1.0
1.0,0.6090769,1.0
0.0,0.018595783,0.0
0.0,0.42522028,0.0
1.0,0.8935943,1.0
0.0,0.3792441,0.0
0.0,0.099191524,0.0
1.0,0.86866784,1.0
0.0,0.6446091,1.0
1.0,0.64210296,1.0
0.0,0.14038199,0.0
1.0,0.57484573,1.0
0.0,0.05532763,0.0
1.0,0.23439986,0.0
1.0,0.86466277,1.0
1.0,0.9976719,1.0
1.0,0.18179874,0.0
1.0,0.99482995,1.0
0.0,0.73598856,1.0
0.0,0.0025211244,0.0
0.0,0.85386604,1.0
0.0,0.27414647,0.0
1.0,0.62823623,1.0
1.0,0.9971776,1.0
0.0,0.8086305,1.0
1.0,0.99991906,1.0
0.0,0.01897063,0.0
1.0,0.76588774,1.0
0.0,0.13300754,0.0
1.0,0.75473386,1.0
1.0,0.9832586,1.0
0.0,0.58083934,1.0
0.0,0.053236336,0.0
0.0,0.82663155,1.0
0.0,0.28215766,0.0
1.0,0.99417096,1.0
0.0,0.25858438,0.0
1.0,0.98416716,1.0
0.0,0.078145,0.0
1.0,0.94170326,1.0
1.0,0.9512343,1.0
0.0,0.08181507,0.0
1.0,0.96299005,1.0
0.0,0.33201307,0.0
0.0,0.8119512,1.0
1.0,0.820391,1.0
0.0,0.12851477,0.0
1.0,0.6311925,1.0
0.0,0.002221421,0.0
0.0,0.056263912,0.0
1.0,0.6826779,1.0
1.0,0.9917191,1.0
1.0,0.9784959,1.0
0.0,0.19457494,0.0
1.0,0.9852883,1.0
0.0,0.40371484,0.0
1.0,0.988467,1.0
1.0,0.993505,1.0
0.0,0.2758614,0.0
1.0,0.818548,1.0
1.0,0.6738012,1.0
1.0,0.4344388,0.0
1.0,0.67136395,1.0
1.0,0.5120249,1.0
0.0,0.36289403,0.0
0.0,0.0018560676,0.0
1.0,0.99943036,1.0
0.0,0.03106104,0.0
0.0,0.09359763,0.0
0.0,0.681401,1.0
0.0,0.31695932,0.0
0.0,0.108893216,0.0
0.0,0.034750704,0.0
0.0,0.01589534,0.0
1.0,0.9964755,1.0
0.0,0.004030274,0.0
1.0,0.99594384,1.0
0.0,0.015246818,0.0
1.0,0.68010235,1.0
0.0,0.06650559,0.0
0.0,0.029564094,0.0
0.0,0.026973166,0.0
0.0,0.067655675,0.0
0.0,0.045895956,0.0
0.0,0.16612117,0.0
0.0,0.050785575,0.0
0.0,0.2843535,0.0
0.0,0.075412184,0.0
0.0,0.124429755,0.0
1.0,0.5299273,1.0
1.0,0.99532133,1.0
0.0,0.63029325,1.0
1.0,0.76195925,1.0
1.0,0.3332692,0.0
0.0,0.59295106,1.0
1.0,0.99922705,1.0
1.0,0.99968755,1.0
1.0,0.9591543,1.0
1.0,0.9947891,1.0
0.0,0.015324165,0.0
1.0,0.9983993,1.0
0.0,0.033183366,0.0
0.0,0.022636741,0.0
1.0,0.9938797,1.0
0.0,0.049520187,0.0
0.0,0.055201266,0.0
1.0,0.9876902,1.0
0.0,0.16199337,0.0
1.0,0.99866223,1.0
0.0,0.104708746,0.0
0.0,0.002741707,0.0
1.0,0.9909825,1.0
0.0,0.015007112,0.0
0.0,0.752258,1.0
1.0,0.3858775,0.0
0.0,0.1576028,0.0
0.0,0.27157822,0.0
0.0,0.04084075,0.0
0.0,0.40627483,0.0
1.0,0.31534082,0.0
0.0,0.22269885,0.0
1.0,0.48908442,0.0
1.0,0.98011976,1.0
1.0,0.2548976,0.0
1.0,0.22552733,0.0
0.0,0.068996534,0.0
1.0,0.30628377,0.0
1.0,0.9740573,1.0
1.0,0.66590893,1.0
1.0,0.9831919,1.0
0.0,0.5454423,1.0
0.0,0.013832696,0.0
1.0,0.99770606,1.0
1.0,0.051772706,0.0
0.0,0.072120056,0.0
1.0,0.89718455,1.0
0.0,0.011280365,0.0
1.0,0.9528242,1.0
0.0,0.011540017,0.0
1.0,0.99982196,1.0
0.0,0.18135978,0.0
0.0,0.1486844,0.0
1.0,0.14171268,0.0
1.0,0.9990588,1.0
0.0,0.34600908,0.0
0.0,0.008206645,0.0
1.0,0.9718024,1.0
1.0,0.840186,1.0
1.0,0.74610615,1.0
0.0,0.14348634,0.0
1.0,0.9540506,1.0
0.0,0.12780055,0.0
1.0,0.9907685,1.0
0.0,0.16512965,0.0
0.0,0.124996364,0.0
0.0,0.057841606,0.0
1.0,0.9994431,1.0
0.0,0.0039736284,0.0
1.0,0.94188416,1.0
1.0,0.7704612,1.0
0.0,0.0678756,0.0
1.0,0.99027705,1.0
0.0,0.03457846,0.0
1.0,0.60610074,1.0
1.0,0.998393,1.0
1.0,0.41071084,0.0
0.0,0.012903833,0.0
1.0,0.9959079,1.0
0.0,0.002807362,0.0
1.0,0.98720455,1.0
1.0,0.95854324,1.0
1.0,0.99127555,1.0
0.0,0.12776421,0.0
0.0,0.063542634,0.0
0.0,0.20595132,0.0
0.0,0.00263168,0.0
1.0,0.87071216,1.0
0.0,0.025145413,0.0
0.0,0.5280523,1.0
0.0,0.12205773,0.0
0.0,0.06695808,0.0
1.0,0.9216734,1.0
0.0,0.16294973,0.0
0.0,0.015053611,0.0
1.0,0.9961908,1.0
1.0,0.9458555,1.0
1.0,0.29725108,0.0
0.0,0.006871053,0.0
0.0,0.41885138,0.0
0.0,0.15144202,0.0
1.0,0.99985933,1.0
1.0,0.64152414,1.0
1.0,0.9792637,1.0
1.0,0.9995384,1.0
0.0,0.17617825,0.0
0.0,0.15382825,0.0
0.0,0.03140087,0.0
1.0,0.98801607,1.0
0.0,0.09068652,0.0
1.0,0.84183204,1.0
0.0,0.050437044,0.0
0.0,0.0553192,0.0
0.0,0.049827423,0.0
0.0,0.017336158,0.0
1.0,0.9908846,1.0
1.0,0.99966884,1.0
0.0,0.12239293,0.0
1.0,0.99940276,1.0
1.0,0.99954623,1.0
1.0,0.7652876,1.0
1.0,0.9993556,1.0
0.0,0.5262258,1.0
0.0,0.06517579,0.0
0.0,0.029882623,0.0
0.0,0.32302818,0.0
0.0,0.01927231,0.0
1.0,0.5447965,1.0
0.0,0.007739682,0.0
1.0,0.9995202,1.0
0.0,0.9096967,1.0
0.0,0.12907006,0.0
1.0,0.98918307,1.0
1.0,0.99960536,1.0
0.0,0.67101455,1.0
1.0,0.94245934,1.0
1.0,0.9583814,1.0
1.0,0.5227563,1.0
0.0,0.08671254,0.0
1.0,0.9135063,1.0
1.0,0.9714427,1.0
0.0,0.7135327,1.0
1.0,0.46353102,0.0
1.0,0.9740071,1.0
0.0,0.02176379,0.0
1.0,0.7526577,1.0
1.0,0.9300357,1.0
1.0,0.20478694,0.0
0.0,0.4370343,0.0
0.0,0.411918,0.0
0.0,0.35187033,0.0
1.0,0.72612226,1.0
0.0,0.22538064,0.0
1.0,0.84690505,1.0
0.0,0.005580399,0.0
1.0,0.25885013,0.0
0.0,0.41085523,0.0
0.0,0.04351132,0.0
0.0,0.65011185,1.0
0.0,0.00926744,0.0
0.0,0.2381935,0.0
0.0,0.11607412,0.0
0.0,0.8609539,1.0
0.0,0.0057845255,0.0
1.0,0.9979328,1.0
0.0,0.08704102,0.0
1.0,0.41456285,0.0
1.0,0.9086374,1.0
1.0,0.9999248,1.0
0.0,0.28556532,0.0
0.0,0.07675247,0.0
1.0,0.55110866,1.0
0.0,0.036549203,0.0
0.0,0.38140216,0.0
0.0,0.20173691,0.0
1.0,0.9144767,1.0
0.0,0.3035488,0.0
1.0,0.14587344,0.0
1.0,0.99849546,1.0
0.0,0.0026519657,0.0
0.0,0.0015895996,0.0
0.0,0.06916571,0.0
1.0,0.7903278,1.0
1.0,0.7688084,1.0
1.0,0.9712749,1.0
1.0,0.97894806,1.0
0.0,0.21810853,0.0
1.0,0.47135496,0.0
0.0,0.13344225,0.0
0.0,0.052678697,0.0
0.0,0.003127079,0.0
1.0,0.9917869,1.0
1.0,0.95721805,1.0
0.0,0.21666507,0.0
1.0,0.889692,1.0
1.0,0.9912579,1.0
1.0,0.33564427,0.0
0.0,0.006960829,0.0
1.0,0.9989135,1.0
1.0,0.98776,1.0
0.0,0.31336504,0.0
1.0,0.98550814,1.0
0.0,0.024804289,0.0
1.0,0.9928664,1.0
0.0,0.009054618,0.0
0.0,0.03419349,0.0
0.0,0.058489148,0.0
0.0,0.08302393,0.0
0.0,0.17868479,0.0
1.0,0.91411555,1.0
0.0,0.00950493,0.0
0.0,0.08326739,0.0
1.0,0.9933183,1.0
0.0,0.0012763591,0.0
1.0,0.95602065,1.0
0.0,0.667879,1.0
1.0,0.96502376,1.0
1.0,0.99643975,1.0
1.0,0.7680515,1.0
0.0,0.5184442,1.0
0.0,0.50031084,1.0
1.0,0.99713314,1.0
0.0,0.003024696,0.0
0.0,0.1375466,0.0
0.0,0.13689882,0.0
0.0,0.35691375,0.0
1.0,0.99836594,1.0
0.0,0.076791264,0.0
1.0,0.99976534,1.0
0.0,0.0757744,0.0
1.0,0.98652136,1.0
1.0,0.75899756,1.0
0.0,0.19848011,0.0
0.0,0.017381145,0.0
1.0,0.4585446,0.0
1.0,0.992717,1.0
1.0,0.997969,1.0
0.0,0.027715907,0.0
1.0,0.6398925,1.0
1.0,0.8058774,1.0
1.0,0.99957234,1.0
0.0,0.09111505,0.0
0.0,0.0024892455,0.0
1.0,0.990967,1.0
0.0,0.6464046,1.0
1.0,0.9844222,1.0
0.0,0.0043519232,0.0
0.0,0.18604133,0.0
0.0,0.08637326,0.0
1.0,0.99770004,1.0
1.0,0.88640946,1.0
0.0,0.0037407405,0.0
1.0,0.957135,1.0
1.0,0.5468538,1.0
0.0,0.14375515,0.0
0.0,0.08291966,0.0
0.0,0.015481974,0.0
1.0,0.9991549,1.0
0.0,0.12121299,0.0
1.0,0.93773043,1.0
0.0,0.13834648,0.0
0.0,0.124057375,0.0
1.0,0.8071809,1.0
0.0,0.022781305,0.0
0.0,0.011185744,0.0
1.0,0.641738,1.0
0.0,0.25309378,0.0
1.0,0.57826364,1.0
1.0,0.93595904,1.0
1.0,0.99682164,1.0
1.0,0.5441945,1.0
0.0,0.22180541,0.0
0.0,0.038889993,0.0
0.0,0.05309769,0.0
0.0,0.23494919,0.0
1.0,0.9819803,1.0
0.0,0.06823049,0.0
0.0,0.57011163,1.0
1.0,0.9950617,1.0
1.0,0.2775564,0.0
0.0,0.014007506,0.0
0.0,0.3511351,0.0
0.0,0.03462931,0.0
0.0,0.012245254,0.0
0.0,0.08668766,0.0
1.0,0.99926347,1.0
0.0,0.0062455703,0.0
1.0,0.9993729,1.0
0.0,0.0023843527,0.0
0.0,0.53717625,1.0
0.0,0.23091766,0.0
0.0,0.2452956,0.0
0.0,0.050464563,0.0
0.0,0.10102707,0.0
0.0,0.019571522,0.0
1.0,0.7116587,1.0
1.0,0.9993205,1.0
0.0,0.020600973,0.0
1.0,0.79163754,1.0
1.0,0.85078126,1.0
1.0,0.98260176,1.0
0.0,0.029396042,0.0
1.0,0.99379915,1.0
0.0,0.016635194,0.0
0.0,0.04801645,0.0
0.0,0.0033728757,0.0
1.0,0.6986741,1.0
1.0,0.54049754,1.0
0.0,0.023488728,0.0
1.0,0.9592153,1.0
0.0,0.18591066,0.0
1.0,0.05242002,0.0
1.0,0.9949656,1.0
1.0,0.70797503,1.0
1.0,0.15949869,0.0
0.0,0.1253229,0.0
1.0,0.99671626,1.0
1.0,0.99882776,1.0
0.0,0.16188367,0.0
0.0,0.21347713,0.0
0.0,0.1185085,0.0
0.0,0.0039105215,0.0
1.0,0.9441804,1.0
0.0,0.009126784,0.0
1.0,0.99428296,1.0
0.0,0.09211827,0.0
1.0,0.9652083,1.0
0.0,0.06823527,0.0
0.0,0.071513616,0.0
0.0,0.43035656,0.0
0.0,0.43635204,0.0
1.0,0.99756336,1.0
0.0,0.32378078,0.0
1.0,0.7878525,1.0
1.0,0.9821001,1.0
1.0,0.7570407,1.0
1.0,0.6793345,1.0
1.0,0.61188006,1.0
1.0,0.75940776,1.0
0.0,0.024319574,0.0
0.0,0.010335588,0.0
1.0,0.9734346,1.0
0.0,0.03362116,0.0
0.0,0.06635308,0.0
0.0,0.03193823,0.0
1.0,0.99994826,1.0
1.0,0.9997019,1.0
0.0,0.04465019,0.0
1.0,0.99945444,1.0
0.0,0.22784379,0.0
1.0,0.99873763,1.0
0.0,0.41527006,0.0
0.0,0.75149024,1.0
0.0,0.123977646,0.0
1.0,0.040081415,0.0
1.0,0.99877256,1.0
1.0,0.98535734,1.0
1.0,0.9988996,1.0
0.0,0.48315033,0.0
1.0,0.2351709,0.0
1.0,0.8702325,1.0
0.0,0.17151137,0.0
1.0,0.97787046,1.0
0.0,0.13458537,0.0
1.0,0.794883,1.0
1.0,0.99922097,1.0
1.0,0.9785316,1.0
0.0,0.8160943,1.0
1.0,0.98197305,1.0
0.0,0.041090608,0.0
1.0,0.83442914,1.0
1.0,0.65678394,1.0
1.0,0.44486693,0.0
1.0,0.92518175,1.0
1.0,0.8332704,1.0
1.0,0.9813829,1.0
1.0,0.5081108,1.0
0.0,0.08541226,0.0
0.0,0.044112675,0.0
1.0,0.4601716,0.0
0.0,0.40182108,0.0
0.0,0.016616061,0.0
1.0,0.7641108,1.0
1.0,0.4435414,0.0
1.0,0.22332303,0.0
0.0,0.03893627,0.0
1.0,0.41040638,0.0
0.0,0.12848964,0.0
1.0,0.5873645,1.0
0.0,0.35025766,0.0
0.0,0.05911299,0.0
0.0,0.3826105,0.0
0.0,0.015891792,0.0
1.0,0.99918455,1.0
1.0,0.9680126,1.0
1.0,0.9225441,1.0
1.0,0.92960525,1.0
1.0,0.86543566,1.0
0.0,0.47342104,0.0
0.0,0.026575351,0.0
0.0,0.052392643,0.0
1.0,0.5650153,1.0
0.0,0.0016584584,0.0
0.0,0.05158736,0.0
0.0,0.23970689,0.0
0.0,0.25840178,0.0
1.0,0.9987447,1.0
1.0,0.21689467,0.0
1.0,0.423935,0.0
1.0,0.5622384,1.0
0.0,0.0046932395,0.0
0.0,0.018464461,0.0
0.0,0.01049727,0.0
0.0,0.004410561,0.0
1.0,0.997652,1.0
0.0,0.106964305,0.0
0.0,0.0036127577,0.0
1.0,0.41793302,0.0
0.0,0.009566296,0.0
1.0,0.99746525,1.0
1.0,0.5448266,1.0
0.0,0.6128047,1.0
0.0,0.07004254,0.0
0.0,0.015794491,0.0
1.0,0.9854974,1.0
0.0,0.058160346,0.0
1.0,0.48787576,0.0
1.0,0.7645953,1.0
0.0,0.627712,1.0
0.0,0.34141546,0.0
1.0,0.9864151,1.0
1.0,0.58538496,1.0
1.0,0.9963264,1.0
1.0,0.9478803,1.0
0.0,0.25319776,0.0
0.0,0.044806294,0.0
0.0,0.0027882166,0.0
1.0,0.9172874,1.0
0.0,0.5002089,1.0
0.0,0.20022723,0.0
0.0,0.202184,0.0
1.0,0.9983399,1.0
1.0,0.9516027,1.0
1.0,0.98217356,1.0
1.0,0.8737043,1.0
1.0,0.9442416,1.0
0.0,0.2057997,0.0
1.0,0.97794855,1.0
0.0,0.08336312,0.0
0.0,0.0017965877,0.0
1.0,0.9998568,1.0
1.0,0.9744495,1.0
0.0,0.007649945,0.0
0.0,0.093952775,0.0
0.0,0.36887148,0.0
1.0,0.69718343,1.0
0.0,0.004794985,0.0
0.0,0.06684942,0.0
0.0,0.12916856,0.0
1.0,0.52164596,1.0
0.0,0.0832383,0.0
1.0,0.9623768,1.0
0.0,0.0093629295,0.0
1.0,0.672685,1.0
0.0,0.45946234,0.0
1.0,0.80710864,1.0
1.0,0.9998017,1.0
0.0,0.091146745,0.0
0.0,0.0071628466,0.0
1.0,0.9896395,1.0
1.0,0.9988826,1.0
0.0,0.30958337,0.0
0.0,0.310193,0.0
1.0,0.30761325,0.0
1.0,0.73394257,1.0
0.0,0.00823164,0.0
1.0,0.81981343,1.0
1.0,0.9948108,1.0
1.0,0.99202114,1.0
0.0,0.3014418,0.0
1.0,0.90042657,1.0
1.0,0.42203674,0.0
0.0,0.018895606,0.0
1.0,0.9979207,1.0
1.0,0.9892296,1.0
1.0,0.93199486,1.0
0.0,0.24036661,0.0
0.0,0.030361192,0.0
1.0,0.99403054,1.0
1.0,0.85466665,1.0
0.0,0.012456807,0.0
1.0,0.99782217,1.0
1.0,0.3624197,0.0
1.0,0.80311775,1.0
0.0,0.034718595,0.0
1.0,0.9958954,1.0
1.0,0.9994153,1.0
0.0,0.051081017,0.0
1.0,0.4785964,0.0
0.0,0.08781813,0.0
0.0,0.14422414,0.0
0.0,0.45384574,0.0
1.0,0.3286072,0.0
1.0,0.95819235,1.0
1.0,0.16344802,0.0
1.0,0.5860867,1.0
0.0,0.044760816,0.0
1.0,0.9941346,1.0
0.0,0.05974958,0.0
0.0,0.07966499,0.0
0.0,0.23113279,0.0
1.0,0.82139593,1.0
0.0,0.14376694,0.0
0.0,0.2527971,0.0
0.0,0.021179482,0.0
1.0,0.916492,1.0
1.0,0.75908065,1.0
0.0,0.18309443,0.0
0.0,0.0065432624,0.0
0.0,0.03314637,0.0
0.0,0.71321744,1.0
1.0,0.9999138,1.0
1.0,0.9557929,1.0
1.0,0.9975273,1.0
0.0,0.3023509,0.0
0.0,0.010371769,0.0
0.0,0.0028313594,0.0
0.0,0.13445653,0.0
1.0,0.9931171,1.0
1.0,0.9458282,1.0
0.0,0.39903623,0.0
0.0,0.10404812,0.0
0.0,0.41987488,0.0
0.0,0.033287525,0.0
1.0,0.9210478,1.0
0.0,0.004529945,0.0
0.0,0.42474368,0.0
1.0,0.9933803,1.0
1.0,0.98146987,1.0
0.0,0.1637647,0.0
1.0,0.4269923,0.0
0.0,0.0020109066,0.0
0.0,0.054513827,0.0
0.0,0.04663257,0.0
1.0,0.9963813,1.0
1.0,0.9868996,1.0
1.0,0.90392107,1.0
0.0,0.008778715,0.0
1.0,0.99797255,1.0
1.0,0.8407504,1.0
0.0,0.002747754,0.0
0.0,0.034959644,0.0
1.0,0.7055903,1.0
1.0,0.65306765,1.0
0.0,0.84203327,1.0
0.0,0.5624982,1.0
1.0,0.7456731,1.0
1.0,0.43157157,0.0
0.0,0.5998112,1.0
1.0,0.9855737,1.0
1.0,0.7711882,1.0
0.0,0.052938364,0.0
0.0,0.09033282,0.0
1.0,0.31768605,0.0
1.0,0.35514495,0.0
0.0,0.014707379,0.0
1.0,0.88718545,1.0
1.0,0.9907058,1.0
0.0,0.053621076,0.0
1.0,0.99974877,1.0
1.0,0.97388196,1.0
0.0,0.20830257,0.0
1.0,0.98179907,1.0
0.0,0.23577997,0.0
1.0,0.996358,1.0
0.0,0.010947277,0.0
0.0,0.07816985,0.0
0.0,0.052639827,0.0
0.0,0.5483266,1.0
0.0,0.5945024,1.0
0.0,0.049895283,0.0
1.0,0.849005,1.0
0.0,0.043677,0.0
1.0,0.4353014,0.0
1.0,0.9498613,1.0
1.0,0.37485248,0.0
1.0,0.98961943,1.0
1.0,0.50861305,1.0
0.0,0.13117538,0.0
1.0,0.54226357,1.0
1.0,0.9974704,1.0
1.0,0.9898732,1.0
1.0,0.9959061,1.0
1.0,0.99561405,1.0
1.0,0.99436593,1.0
0.0,0.29585338,0.0
0.0,0.36879626,0.0
0.0,0.0036948747,0.0
1.0,0.59692013,1.0
0.0,0.2830272,0.0
1.0,0.9804843,1.0
1.0,0.9541301,1.0
0.0,0.053485826,0.0
1.0,0.97359407,1.0
0.0,0.18223406,0.0
0.0,0.43078166,0.0
0.0,0.17235804,0.0
1.0,0.98765326,1.0
0.0,0.00870996,0.0
1.0,0.36914667,0.0
1.0,0.9998567,1.0
1.0,0.97533685,1.0
0.0,0.56610113,1.0
1.0,0.8378511,1.0
0.0,0.20162128,0.0
0.0,0.026399365,0.0
0.0,0.63796943,1.0
1.0,0.9893695,1.0
1.0,0.31148458,0.0
1.0,0.99732286,1.0
0.0,0.0046174703,0.0
1.0,0.8301248,1.0
0.0,0.68005455,1.0
1.0,0.88744324,1.0
0.0,0.62420356,1.0
0.0,0.60417724,1.0
1.0,0.9909622,1.0
1.0,0.5075572,1.0
0.0,0.15470658,0.0
0.0,0.055459484,0.0
0.0,0.16153693,0.0
0.0,0.13351037,0.0
1.0,0.8776612,1.0
0.0,0.051355585,0.0
0.0,0.6016063,1.0
0.0,0.18589434,0.0
1.0,0.999099,1.0
1.0,0.9998915,1.0
0.0,0.42232907,0.0
0.0,0.013325035,0.0
1.0,0.38416016,0.0
1.0,0.5807999,1.0
1.0,0.5992329,1.0
1.0,0.80133706,1.0
1.0,0.5604641,1.0
0.0,0.015491376,0.0
0.0,0.25586277,0.0
0.0,0.003936667,0.0
1.0,0.9821796,1.0
1.0,0.6008911,1.0
0.0,0.09082215,0.0
0.0,0.013037016,0.0
1.0,0.8925338,1.0
0.0,0.22341199,0.0
1.0,0.9920074,1.0
1.0,0.69634056,1.0
1.0,0.97804296,1.0
0.0,0.9171039,1.0
1.0,0.9969537,1.0
1.0,0.16778749,0.0
0.0,0.0056031006,0.0
0.0,0.04473205,0.0
1.0,0.35908076,0.0
0.0,0.16216843,0.0
1.0,0.4045831,0.0
1.0,0.8770833,1.0
1.0,0.7381805,1.0
1.0,0.8728411,1.0
0.0,0.06270464,0.0
1.0,0.62039936,1.0
0.0,0.09081605,0.0
0.0,0.008395532,0.0
0.0,0.8040981,1.0
1.0,0.91291344,1.0
1.0,0.91926104,1.0
1.0,0.89691085,1.0
1.0,0.88401246,1.0
0.0,0.006302206,0.0
0.0,0.017391995,0.0
0.0,0.18733336,0.0
1.0,0.4178303,0.0
1.0,0.4604021,0.0
0.0,0.62945336,1.0
1.0,0.912471,1.0
0.0,0.020886395,0.0
1.0,0.9949366,1.0
1.0,0.99881554,1.0
1.0,0.9949109,1.0
1.0,0.998689,1.0
1.0,0.99960977,1.0
1.0,0.9880784,1.0
1.0,0.9897682,1.0
1.0,0.7890692,1.0
1.0,0.38177815,0.0
0.0,0.37121537,0.0
0.0,0.0930405,0.0
0.0,0.079789475,0.0
0.0,0.07251625,0.0
0.0,0.0022006563,0.0
1.0,0.9908326,1.0
0.0,0.035245843,0.0
0.0,0.047818743,0.0
1.0,0.14224923,0.0
1.0,0.9714398,1.0
0.0,0.6696429,1.0
1.0,0.99873894,1.0
1.0,0.7887092,1.0
0.0,0.17446202,0.0
1.0,0.9631962,1.0
1.0,0.87834525,1.0
1.0,0.04122564,0.0
1.0,0.9110903,1.0
1.0,0.8211851,1.0
1.0,0.562602,1.0
1.0,0.9905607,1.0
1.0,0.99865866,1.0
0.0,0.07561788,0.0
1.0,0.9932475,1.0
0.0,0.11449239,0.0
0.0,0.04360367,0.0
1.0,0.9883365,1.0
0.0,0.03169182,0.0
0.0,0.046633862,0.0
0.0,0.007949523,0.0
1.0,0.9783019,1.0
1.0,0.71271455,1.0
1.0,0.8240299,1.0
0.0,0.007841682,0.0
1.0,0.9975024,1.0
0.0,0.5709626,1.0
1.0,0.9604451,1.0
1.0,0.9891539,1.0
1.0,0.31115305,0.0
0.0,0.16939752,0.0
0.0,0.21464686,0.0
1.0,0.712039,1.0
1.0,0.99451125,1.0
1.0,0.5046309,1.0
1.0,0.97068405,1.0
1.0,0.35738057,0.0
1.0,0.9934655,1.0
1.0,0.75524133,1.0
0.0,0.0131082,0.0
1.0,0.9959863,1.0
0.0,0.05504,0.0
1.0,0.7513632,1.0
0.0,0.03193119,0.0
0.0,0.37806815,0.0
1.0,0.99759954,1.0
0.0,0.35730922,0.0
1.0,0.13781929,0.0
0.0,0.0057835355,0.0
1.0,0.8197876,1.0
0.0,0.05105889,0.0
1.0,0.9975435,1.0
0.0,0.013353338,0.0
1.0,0.9924832,1.0
1.0,0.99893576,1.0
1.0,0.9896634,1.0
0.0,0.0014897748,0.0
1.0,0.46349874,0.0
0.0,0.25715184,0.0
1.0,0.9932434,1.0
0.0,0.009785368,0.0
0.0,0.045478288,0.0
1.0,0.8660344,1.0
0.0,0.46608055,0.0
0.0,0.08115538,0.0
0.0,0.23492968,0.0
1.0,0.9926702,1.0
0.0,0.21892495,0.0
0.0,0.25194672,0.0
1.0,0.8184594,1.0
0.0,0.04565718,0.0
0.0,0.029620375,0.0
1.0,0.9996158,1.0
0.0,0.29991233,0.0
1.0,0.9925045,1.0
1.0,0.9921072,1.0
0.0,0.0034468493,0.0
1.0,0.87277246,1.0
1.0,0.8231063,1.0
0.0,0.050832972,0.0
1.0,0.38109973,0.0
0.0,0.023172842,0.0
0.0,0.40134937,0.0
0.0,0.01785267,0.0
1.0,0.9880756,1.0
0.0,0.05572914,0.0
1.0,0.99810433,1.0
0.0,0.25275445,0.0
1.0,0.97863996,1.0
1.0,0.97091585,1.0
0.0,0.51802254,1.0
1.0,0.797366,1.0
0.0,0.12933001,0.0
0.0,0.17333815,0.0
0.0,0.019325394,0.0
0.0,0.4090505,0.0
1.0,0.42437214,0.0
1.0,0.99742484,1.0
0.0,0.0134003805,0.0
0.0,0.008631508,0.0
0.0,0.0016333403,0.0
0.0,0.03232923,0.0
0.0,0.033603515,0.0
0.0,0.24914004,0.0
0.0,0.15608767,0.0
0.0,0.1666921,0.0
0.0,0.10076335,0.0
0.0,0.19438167,0.0
1.0,0.9992694,1.0
0.0,0.28772566,0.0
1.0,0.5619737,1.0
0.0,0.50877863,1.0
1.0,0.9979309,1.0
0.0,0.013452768,0.0
0.0,0.013646851,0.0
0.0,0.07245851,0.0
1.0,0.73051775,1.0
0.0,0.8861334,1.0
1.0,0.95905143,1.0
0.0,0.07444297,0.0
0.0,0.28936213,0.0
1.0,0.99890745,1.0
1.0,0.9871406,1.0
1.0,0.9743723,1.0
0.0,0.0061718053,0.0
1.0,0.7336887,1.0
0.0,0.2543395,0.0
1.0,0.9403632,1.0
0.0,0.0048299464,0.0
0.0,0.8357417,1.0
0.0,0.6091586,1.0
1.0,0.8662764,1.0
0.0,0.7445091,1.0
0.0,0.11238648,0.0
1.0,0.99864227,1.0
0.0,0.69343466,1.0
0.0,0.36307177,0.0
1.0,0.9610028,1.0
0.0,0.10937673,0.0
1.0,0.72145665,1.0
1.0,0.5260158,1.0
1.0,0.7053806,1.0
0.0,0.018864496,0.0
1.0,0.355605,0.0
0.0,0.46868885,0.0
1.0,0.268379,0.0
0.0,0.051803727,0.0
1.0,0.9281261,1.0
1.0,0.96029156,1.0
0.0,0.18115644,0.0
1.0,0.76845896,1.0
0.0,0.52182966,1.0
0.0,0.17671357,0.0
0.0,0.0851245,0.0
0.0,0.030071603,0.0
1.0,0.768764,1.0
1.0,0.9997054,1.0
1.0,0.9900649,1.0
0.0,0.048837427,0.0
1.0,0.9995883,1.0
1.0,0.6314393,1.0
1.0,0.98974365,1.0
0.0,0.5601287,1.0
0.0,0.07430603,0.0
0.0,0.13043599,0.0
1.0,0.918209,1.0
0.0,0.016318949,0.0
0.0,0.041783158,0.0
1.0,0.9946602,1.0
0.0,0.033681717,0.0
0.0,0.45624757,0.0
0.0,0.07464792,0.0
1.0,0.9914587,1.0
1.0,0.14725785,0.0
0.0,0.007907224,0.0
0.0,0.15415812,0.0
0.0,0.0073325317,0.0
0.0,0.17681453,0.0
0.0,0.052741054,0.0
1.0,0.28922755,0.0
1.0,0.9810586,1.0
1.0,0.99772936,1.0
1.0,0.9913783,1.0
0.0,0.13664012,0.0
0.0,0.09024462,0.0
1.0,0.9995128,1.0
1.0,0.44417587,0.0
0.0,0.28200707,0.0
1.0,0.99601245,1.0
0.0,0.0053256894,0.0
1.0,0.9664187,1.0
1.0,0.9929362,1.0
0.0,0.26352024,0.0
1.0,0.9355141,1.0
0.0,0.010595944,0.0
1.0,0.6687583,1.0
0.0,0.023117978,0.0
1.0,0.61070037,1.0
1.0,0.9890463,1.0
1.0,0.25609726,0.0
0.0,0.29953617,0.0
1.0,0.9890315,1.0
1.0,0.9973573,1.0
0.0,0.28111127,0.0
0.0,0.45943904,0.0
1.0,0.99947435,1.0
1.0,0.99923384,1.0
1.0,0.9986449,1.0
1.0,0.73426664,1.0
1.0,0.97288686,1.0
1.0,0.8952332,1.0
0.0,0.014474676,0.0
1.0,0.43868408,0.0
1.0,0.5070843,1.0
1.0,0.999331,1.0
0.0,0.0031541758,0.0
1.0,0.9954177,1.0
0.0,0.0484997,0.0
1.0,0.70306176,1.0
1.0,0.9906335,1.0
0.0,0.02402307,0.0
1.0,0.95970833,1.0
1.0,0.9995468,1.0
1.0,0.9962607,1.0
1.0,0.9974988,1.0
1.0,0.24560916,0.0
0.0,0.32678574,0.0
1.0,0.84380686,1.0
1.0,0.18059574,0.0
1.0,0.9941824,1.0
0.0,0.048557427,0.0
0.0,0.89249057,1.0
0.0,0.39547074,0.0
1.0,0.02071972,0.0
1.0,0.91701406,1.0
0.0,0.18117893,0.0
0.0,0.08801378,0.0
0.0,0.61395144,1.0
0.0,0.028486082,0.0
0.0,0.33542296,0.0
1.0,0.5751699,1.0
1.0,0.9344831,1.0
0.0,0.06912437,0.0
0.0,0.10018711,0.0
1.0,0.99774724,1.0
0.0,0.14285457,0.0
0.0,0.023995386,0.0
0.0,0.14777206,0.0
1.0,0.99979776,1.0
0.0,0.0016029534,0.0
0.0,0.008007405,0.0
0.0,0.32271895,0.0
0.0,0.19823876,0.0
1.0,0.9490899,1.0
1.0,0.9980445,1.0
0.0,0.20490581,0.0
0.0,0.1894958,0.0
1.0,0.98622465,1.0
0.0,0.02733377,0.0
1.0,0.99853563,1.0
1.0,0.6983982,1.0
1.0,0.7134032,1.0
0.0,0.13881405,0.0
1.0,0.59282005,1.0
1.0,0.83660275,1.0
1.0,0.8564449,1.0
1.0,0.88957727,1.0
1.0,0.9796419,1.0
0.0,0.11449248,0.0
0.0,0.7350209,1.0
0.0,0.113564946,0.0
1.0,0.9628122,1.0
1.0,0.93361527,1.0
1.0,0.54697895,1.0
1.0,0.9659028,1.0
1.0,0.9835984,1.0
0.0,0.63606036,1.0
1.0,0.9985349,1.0
1.0,0.92663133,1.0
1.0,0.24984024,0.0
0.0,0.011548027,0.0
0.0,0.010815321,0.0
1.0,0.3847,0.0
0.0,0.14690748,0.0
1.0,0.6808096,1.0
0.0,0.009446436,0.0
0.0,0.008297191,0.0
1.0,0.93731105,1.0
0.0,0.013745366,0.0
0.0,0.010890887,0.0
0.0,0.0018386994,0.0
0.0,0.08026472,0.0
1.0,0.99862385,1.0
0.0,0.1329013,0.0
1.0,0.7207464,1.0
0.0,0.8082621,1.0
0.0,0.07495981,0.0
1.0,0.5837571,1.0
0.0,0.09750989,0.0
1.0,0.7834859,1.0
0.0,0.004676899,0.0
0.0,0.50272286,1.0
1.0,0.9700686,1.0
0.0,0.85929185,1.0
0.0,0.015476786,0.0
1.0,0.99429494,1.0
0.0,0.11236142,0.0
1.0,0.981369,1.0
0.0,0.009261085,0.0
1.0,0.9867278,1.0
0.0,0.4695449,0.0
1.0,0.67350626,1.0
1.0,0.79445326,1.0
1.0,0.9859676,1.0
1.0,0.73181677,1.0
1.0,0.3429418,0.0
0.0,0.2729406,0.0
1.0,0.9975541,1.0
1.0,0.97938,1.0
1.0,0.5614912,1.0
1.0,0.99603313,1.0
1.0,0.9917116,1.0
1.0,0.9898421,1.0
0.0,0.39837977,0.0
1.0,0.9538564,1.0
1.0,0.6014399,1.0
0.0,0.82579565,1.0
1.0,0.9988758,1.0
1.0,0.9983183,1.0
0.0,0.17107905,0.0
1.0,0.99514717,1.0
0.0,0.27851126,0.0
0.0,0.29873753,0.0
0.0,0.34452048,0.0
1.0,0.63932717,1.0
0.0,0.18505496,0.0
1.0,0.98938644,1.0
0.0,0.0790426,0.0
1.0,0.8158055,1.0
1.0,0.86981887,1.0
1.0,0.9927521,1.0
1.0,0.9666227,1.0
1.0,0.91003215,1.0
1.0,0.9995473,1.0
1.0,0.73888063,1.0
0.0,0.032355558,0.0
1.0,0.33169827,0.0
0.0,0.08434098,0.0
1.0,0.42218524,0.0
1.0,0.9992131,1.0
1.0,0.820161,1.0
0.0,0.0034401547,0.0
1.0,0.9978382,1.0
0.0,0.016013218,0.0
0.0,0.031123437,0.0
1.0,0.8457217,1.0
0.0,0.14720346,0.0
0.0,0.0038076544,0.0
1.0,0.99506015,1.0
1.0,0.87797356,1.0
0.0,0.079536475,0.0
0.0,0.0036447938,0.0
0.0,0.418603,0.0
0.0,0.011498194,0.0
0.0,0.8947643,1.0
0.0,0.4680857,0.0
1.0,0.6505301,1.0
0.0,0.02183207,0.0
0.0,0.4975486,0.0
1.0,0.7379776,1.0
1.0,0.31352457,0.0
1.0,0.99907804,1.0
0.0,0.14661953,0.0
0.0,0.10083314,0.0
0.0,0.060309906,0.0
0.0,0.0028330453,0.0
1.0,0.8147984,1.0
1.0,0.98941517,1.0
0.0,0.55743164,1.0
0.0,0.120719805,0.0
0.0,0.008374412,0.0
1.0,0.99943167,1.0
0.0,0.18677782,0.0
1.0,0.9967719,1.0
1.0,0.79415894,1.0
1.0,0.9979365,1.0
1.0,0.9958443,1.0
1.0,0.7727199,1.0
1.0,0.99954623,1.0
0.0,0.14149752,0.0
0.0,0.075543724,0.0
1.0,0.99835604,1.0
0.0,0.7763062,1.0
0.0,0.24045865,0.0
1.0,0.24556197,0.0
1.0,0.75476635,1.0
0.0,0.31300217,0.0
0.0,0.0142025845,0.0
1.0,0.5970607,1.0
0.0,0.0045347647,0.0
1.0,0.4249143,0.0
1.0,0.99667716,1.0
0.0,0.051293746,0.0
1.0,0.77720577,1.0
0.0,0.2671345,0.0
0.0,0.007095571,0.0
1.0,0.9997217,1.0
1.0,0.5016762,1.0
0.0,0.45276102,0.0
1.0,0.8970573,1.0
0.0,0.029126994,0.0
0.0,0.022557607,0.0
0.0,0.006837254,0.0
1.0,0.5266091,1.0
0.0,0.26785418,0.0
0.0,0.065960616,0.0
1.0,0.97088856,1.0
1.0,0.7338123,1.0
1.0,0.37221104,0.0
1.0,0.9685997,1.0
0.0,0.007271863,0.0
0.0,0.0047675893,0.0
1.0,0.99923503,1.0
0.0,0.27744582,0.0
0.0,0.12216954,0.0
0.0,0.35647815,0.0
0.0,0.1734825,0.0
0.0,0.038419623,0.0
1.0,0.9067447,1.0
0.0,0.059634686,0.0
1.0,0.43821326,0.0
1.0,0.9963355,1.0
0.0,0.097363494,0.0
0.0,0.018209588,0.0
1.0,0.95034534,1.0
0.0,0.25767663,0.0
0.0,0.39038283,0.0
0.0,0.00588824,0.0
1.0,0.99891067,1.0
0.0,0.25946605,0.0
1.0,0.34608644,0.0
0.0,0.022378573,0.0
0.0,0.009081586,0.0
0.0,0.040817928,0.0
0.0,0.041255742,0.0
1.0,0.98639244,1.0
0.0,0.015084306,0.0
1.0,0.99754995,1.0
1.0,0.9252251,1.0
1.0,0.88908994,1.0
0.0,0.19215755,0.0
0.0,0.3001991,0.0
1.0,0.7576541,1.0
0.0,0.0552844,0.0
0.0,0.0063326745,0.0
1.0,0.8361656,1.0
1.0,0.9056982,1.0
1.0,0.69373745,1.0
1.0,0.99761176,1.0
1.0,0.9705557,1.0
1.0,0.29065633,0.0
1.0,0.99979013,1.0
0.0,0.11553869,0.0
1.0,0.69816947,1.0
1.0,0.9638119,1.0
0.0,0.78603613,1.0
0.0,0.19822755,0.0
0.0,0.05705741,0.0
0.0,0.22845803,0.0
0.0,0.5951666,1.0
1.0,0.9972837,1.0
0.0,0.1693989,0.0
0.0,0.3257086,0.0
1.0,0.9981217,1.0
0.0,0.006538614,0.0
1.0,0.9997261,1.0
1.0,0.92544436,1.0
1.0,0.9211501,1.0
0.0,0.006718291,0.0
1.0,0.62932813,1.0
1.0,0.15326333,0.0
1.0,0.7711514,1.0
1.0,0.99892586,1.0
0.0,0.082879186,0.0
0.0,0.58211285,1.0
0.0,0.0079991715,0.0
1.0,0.99874556,1.0
0.0,0.06084129,0.0
0.0,0.6311128,1.0
1.0,0.99670523,1.0
0.0,0.15272172,0.0
0.0,0.36214286,0.0
1.0,0.6794443,1.0
0.0,0.015619541,0.0
1.0,0.92517346,1.0
0.0,0.2710974,0.0
1.0,0.9934268,1.0
1.0,0.9661049,1.0
1.0,0.72824717,1.0
0.0,0.07713475,0.0
1.0,0.9312551,1.0
1.0,0.9980982,1.0
1.0,0.37054354,0.0
1.0,0.9814503,1.0
0.0,0.04346196,0.0
0.0,0.005101865,0.0
0.0,0.0049393396,0.0
1.0,0.26886612,0.0
1.0,0.9974304,1.0
0.0,0.16448864,0.0
0.0,0.021715822,0.0
0.0,0.35013717,0.0
1.0,0.7370829,1.0
1.0,0.9991003,1.0
1.0,0.81994426,1.0
1.0,0.9996284,1.0
0.0,0.0015720511,0.0
0.0,0.17225406,0.0
1.0,0.8625283,1.0
1.0,0.9968363,1.0
0.0,0.055491388,0.0
0.0,0.7975547,1.0
0.0,0.02307039,0.0
0.0,0.6078105,1.0
0.0,0.062447295,0.0
0.0,0.020424305,0.0
0.0,0.0024874974,0.0
1.0,0.9771557,1.0
0.0,0.13844371,0.0
1.0,0.9430676,1.0
1.0,0.6186121,1.0
1.0,0.9947772,1.0
0.0,0.0020294818,0.0
1.0,0.717703,1.0
0.0,0.39661968,0.0
1.0,0.85053724,1.0
0.0,0.046514,0.0
1.0,0.4460564,0.0
0.0,0.009405523,0.0
0.0,0.043832164,0.0
0.0,0.50503016,1.0
0.0,0.007898637,0.0
1.0,0.6446458,1.0
1.0,0.9980484,1.0
1.0,0.91341126,1.0
0.0,0.02604331,0.0
0.0,0.13329367,0.0
1.0,0.99940395,1.0
1.0,0.38498953,0.0
1.0,0.98183054,1.0
0.0,0.0087702,0.0
1.0,0.9058475,1.0
0.0,0.11747413,0.0
1.0,0.98847264,1.0
0.0,0.38617107,0.0
1.0,0.9958717,1.0
0.0,0.1941137,0.0
1.0,0.94932157,1.0
0.0,0.011552523,0.0
1.0,0.37282655,0.0
1.0,0.20543596,0.0
0.0,0.05777005,0.0
0.0,0.07811384,0.0
1.0,0.9620493,1.0
1.0,0.67954797,1.0
0.0,0.8556411,1.0
1.0,0.6402159,1.0
1.0,0.906188,1.0
0.0,0.21024515,0.0
0.0,0.006505989,0.0
1.0,0.83609617,1.0
0.0,0.2246879,0.0
0.0,0.11352021,0.0
1.0,0.9855864,1.0
1.0,0.9985103,1.0
1.0,0.99925715,1.0
1.0,0.48588702,0.0
0.0,0.4594546,0.0
0.0,0.0068526445,0.0
0.0,0.07396347,0.0
0.0,0.013243694,0.0
0.0,0.0011452232,0.0
0.0,0.74168646,1.0
0.0,0.04646617,0.0
1.0,0.9767969,1.0
0.0,0.006613855,0.0
0.0,0.011648915,0.0
0.0,0.008143221,0.0
1.0,0.9076859,1.0
1.0,0.9992945,1.0
1.0,0.695241,1.0
0.0,0.010173522,0.0
0.0,0.32134044,0.0
0.0,0.121694215,0.0
0.0,0.16483091,0.0
0.0,0.048185255,0.0
1.0,0.9008585,1.0
1.0,0.99922204,1.0
1.0,0.7954297,1.0
1.0,0.69033974,1.0
1.0,0.9994261,1.0
1.0,0.82501036,1.0
1.0,0.98609966,1.0
1.0,0.7610796,1.0
1.0,0.95177674,1.0
1.0,0.99486476,1.0
0.0,0.0038309277,0.0
0.0,0.0028757106,0.0
1.0,0.9893764,1.0
1.0,0.71178645,1.0
0.0,0.12747747,0.0
1.0,0.9954983,1.0
0.0,0.6694919,1.0
1.0,0.99818665,1.0
1.0,0.9908015,1.0
1.0,0.82860786,1.0
1.0,0.9986345,1.0
1.0,0.66831523,1.0
0.0,0.20915341,0.0
1.0,0.43591034,0.0
1.0,0.68114,1.0
0.0,0.7709844,1.0
0.0,0.04579515,0.0
1.0,0.9141017,1.0
1.0,0.9993131,1.0
1.0,0.99940205,1.0
0.0,0.008267277,0.0
0.0,0.059629973,0.0
0.0,0.059892975,0.0
1.0,0.85278577,1.0
0.0,0.76430917,1.0
0.0,0.29899034,0.0
1.0,0.7882523,1.0
0.0,0.0071577067,0.0
1.0,0.8925817,1.0
0.0,0.77682096,1.0
0.0,0.0056609474,0.0
1.0,0.38542014,0.0
1.0,0.99873453,1.0
0.0,0.26346633,0.0
0.0,0.012302234,0.0
0.0,0.03240993,0.0
1.0,0.9944494,1.0
1.0,0.96738464,1.0
0.0,0.019427912,0.0
0.0,0.077694245,0.0
1.0,0.99513996,1.0
1.0,0.78593284,1.0
0.0,0.27969682,0.0
1.0,0.99130285,1.0
0.0,0.4231561,0.0
1.0,0.99958473,1.0
1.0,0.38865182,0.0
0.0,0.4666577,0.0
0.0,0.010265754,0.0
1.0,0.8372778,1.0
1.0,0.53269356,1.0
0.0,0.17615168,0.0
0.0,0.05654755,0.0
1.0,0.98915535,1.0
1.0,0.99964666,1.0
1.0,0.9842896,1.0
1.0,0.3644044,0.0
1.0,0.96364194,1.0
1.0,0.7521603,1.0
0.0,0.6034285,1.0
0.0,0.27879956,0.0
0.0,0.33631983,0.0
1.0,0.99367887,1.0
1.0,0.9916644,1.0
0.0,0.15949503,0.0
1.0,0.907724,1.0
1.0,0.9547313,1.0
1.0,0.97806996,1.0
1.0,0.9075589,1.0
1.0,0.5520969,1.0
0.0,0.29105693,0.0
1.0,0.9971673,1.0
1.0,0.9840215,1.0
0.0,0.03544093,0.0
0.0,0.20924155,0.0
1.0,0.19917022,0.0
0.0,0.36103463,0.0
1.0,0.9982986,1.0
0.0,0.114794664,0.0
1.0,0.4791064,0.0
0.0,0.0037372552,0.0
1.0,0.9995332,1.0
0.0,0.33215815,0.0
0.0,0.27696255,0.0
0.0,0.024706708,0.0
1.0,0.40200597,0.0
1.0,0.99813384,1.0
0.0,0.084605835,0.0
1.0,0.9685892,1.0
0.0,0.41453585,0.0
1.0,0.94982713,1.0
0.0,0.115374565,0.0
1.0,0.89444256,1.0
1.0,0.9291264,1.0
0.0,0.40528405,0.0
1.0,0.70483965,1.0
1.0,0.48094046,0.0
1.0,0.99313015,1.0
0.0,0.011060883,0.0
1.0,0.79373974,1.0
1.0,0.9930655,1.0
0.0,0.730462,1.0
0.0,0.012888906,0.0
0.0,0.011515393,0.0
1.0,0.32492435,0.0
1.0,0.9017353,1.0
0.0,0.0012667188,0.0
1.0,0.7518949,1.0
1.0,0.990326,1.0
0.0,0.3076161,0.0
1.0,0.06452094,0.0
1.0,0.9980641,1.0
0.0,0.5585979,1.0
0.0,0.012869786,0.0
1.0,0.99662566,1.0
0.0,0.5725454,1.0
0.0,0.06527967,0.0
1.0,0.99939096,1.0
1.0,0.90761703,1.0
1.0,0.89685035,1.0
0.0,0.2749797,0.0
0.0,0.014268923,0.0
0.0,0.20360094,0.0
1.0,0.99961686,1.0
0.0,0.007988731,0.0
1.0,0.99931264,1.0
1.0,0.9997063,1.0
0.0,0.96446025,1.0
0.0,0.08364185,0.0
0.0,0.0027061698,0.0
0.0,0.055619974,0.0
0.0,0.05852931,0.0
1.0,0.999765,1.0
1.0,0.96324325,1.0
0.0,0.012801066,0.0
1.0,0.46904126,0.0
1.0,0.85640967,1.0
0.0,0.015656373,0.0
1.0,0.6310812,1.0
0.0,0.5765855,1.0
0.0,0.039987292,0.0
0.0,0.32010615,0.0
0.0,0.045475867,0.0
1.0,0.99946636,1.0
0.0,0.5370755,1.0
0.0,0.12652329,0.0
1.0,0.61793464,1.0
0.0,0.28926665,0.0
0.0,0.11271779,0.0
0.0,0.27651688,0.0
1.0,0.99081427,1.0
1.0,0.9977054,1.0
0.0,0.49424967,0.0
0.0,0.5447133,1.0
0.0,0.006065735,0.0
1.0,0.8721739,1.0
0.0,0.014655617,0.0
1.0,0.99974936,1.0
0.0,0.004927439,0.0
1.0,0.9841637,1.0
0.0,0.006635802,0.0
0.0,0.10514591,0.0
1.0,0.8802062,1.0
1.0,0.9738632,1.0
0.0,0.4907101,0.0
0.0,0.38497883,0.0
1.0,0.99073315,1.0
1.0,0.9727023,1.0
0.0,0.0012770571,0.0
1.0,0.8818718,1.0
0.0,0.016890643,0.0
1.0,0.75963485,1.0
1.0,0.3394781,0.0
0.0,0.051867552,0.0
1.0,0.8306642,1.0
1.0,0.9825994,1.0
0.0,0.020154329,0.0
1.0,0.3498849,0.0
1.0,0.9958247,1.0
0.0,0.5549469,1.0
0.0,0.25009397,0.0
0.0,0.22477311,0.0
1.0,0.57329184,1.0
0.0,0.08421881,0.0
1.0,0.9999132,1.0
1.0,0.9416132,1.0
0.0,0.015646933,0.0
0.0,0.113726445,0.0
1.0,0.8831553,1.0
1.0,0.7045916,1.0
0.0,0.025062105,0.0
1.0,0.9668998,1.0
0.0,0.010611896,0.0
1.0,0.5276192,1.0
1.0,0.88889134,1.0
0.0,0.05335913,0.0
0.0,0.16763617,0.0
0.0,0.0050306427,0.0
1.0,0.950824,1.0
0.0,0.41278523,0.0
0.0,0.7095812,1.0
0.0,0.0031581616,0.0
1.0,0.99069923,1.0
1.0,0.9998431,1.0
0.0,0.15482487,0.0
1.0,0.9781436,1.0
1.0,0.7384701,1.0
1.0,0.61840063,1.0
0.0,0.047966953,0.0
1.0,0.9542557,1.0
0.0,0.02343685,0.0
1.0,0.9580432,1.0
1.0,0.82505953,1.0
0.0,0.058451638,0.0
0.0,0.009840355,0.0
1.0,0.84240514,1.0
1.0,0.8912445,1.0
1.0,0.9514038,1.0
1.0,0.9981218,1.0
0.0,0.015764965,0.0
0.0,0.6961879,1.0
0.0,0.018294947,0.0
1.0,0.8659482,1.0
0.0,0.3434924,0.0
1.0,0.9996555,1.0
0.0,0.33590177,0.0
0.0,0.014522301,0.0
0.0,0.21092469,0.0
1.0,0.9898253,1.0
1.0,0.23588875,0.0
0.0,0.00308174,0.0
0.0,0.011512842,0.0
1.0,0.32206756,0.0
1.0,0.38478485,0.0
1.0,0.7442669,1.0
1.0,0.9569459,1.0
0.0,0.92300975,1.0
1.0,0.73836005,1.0
1.0,0.9999354,1.0
0.0,0.03556675,0.0
0.0,0.54875386,1.0
1.0,0.80616254,1.0
1.0,0.9996246,1.0
1.0,0.22571982,0.0
1.0,0.9965809,1.0
1.0,0.99932754,1.0
1.0,0.806873,1.0
1.0,0.9998547,1.0
0.0,0.03398696,0.0
1.0,0.41234523,0.0
0.0,0.2629821,0.0
0.0,0.0234647,0.0
1.0,0.9961171,1.0
0.0,0.69699764,1.0
0.0,0.49921468,0.0
1.0,0.9994987,1.0
1.0,0.5864791,1.0
1.0,0.8163014,1.0
1.0,0.99662447,1.0
1.0,0.5622457,1.0
0.0,0.053415332,0.0
0.0,0.19943212,0.0
0.0,0.0018086083,0.0
0.0,0.044892747,0.0
1.0,0.9858349,1.0
1.0,0.9161808,1.0
1.0,0.9786572,1.0
0.0,0.13792709,0.0
1.0,0.14317884,0.0
1.0,0.97554725,1.0
0.0,0.38624692,0.0
0.0,0.015931305,0.0
0.0,0.698105,1.0
0.0,0.12672932,0.0
0.0,0.118604854,0.0
0.0,0.064872675,0.0
1.0,0.9963091,1.0
0.0,0.21288,0.0
0.0,0.72701013,1.0
0.0,0.018099047,0.0
1.0,0.9549306,1.0
0.0,0.6637567,1.0
1.0,0.7517727,1.0
0.0,0.0038969896,0.0
1.0,0.2804212,0.0
1.0,0.9976928,1.0
1.0,0.97262615,1.0
1.0,0.99861944,1.0
0.0,0.1937037,0.0
0.0,0.17728092,0.0
1.0,0.46873453,0.0
1.0,0.99094266,1.0
1.0,0.9753705,1.0
1.0,0.95793205,1.0
0.0,0.14998424,0.0
0.0,0.025903624,0.0
1.0,0.7634377,1.0
1.0,0.9996511,1.0
0.0,0.0063785794,0.0
1.0,0.9414785,1.0
0.0,0.27427775,0.0
0.0,0.34202546,0.0
1.0,0.39326543,0.0
1.0,0.99896646,1.0
1.0,0.90618235,1.0
0.0,0.13422711,0.0
1.0,0.9835429,1.0
1.0,0.57850176,1.0
0.0,0.012599042,0.0
1.0,0.97011524,1.0
1.0,0.9630087,1.0
0.0,0.03118721,0.0
1.0,0.8079985,1.0
1.0,0.7630044,1.0
1.0,0.99928635,1.0
1.0,0.59625375,1.0
0.0,0.102558434,0.0
1.0,0.40882993,0.0
0.0,0.0137317125,0.0
1.0,0.72494274,1.0
0.0,0.29205796,0.0
0.0,0.028707638,0.0
1.0,0.92032784,1.0
1.0,0.11785938,0.0
0.0,0.004580927,0.0
1.0,0.9977792,1.0
0.0,0.11054282,0.0
1.0,0.94359386,1.0
1.0,0.61793244,1.0
1.0,0.9349557,1.0
1.0,0.43852487,0.0
1.0,0.812899,1.0
0.0,0.605822,1.0
0.0,0.18108658,0.0
1.0,0.9424257,1.0
0.0,0.106269926,0.0
0.0,0.012470272,0.0
1.0,0.98778814,1.0
1.0,0.8129209,1.0
0.0,0.042732146,0.0
1.0,0.99886227,1.0
0.0,0.083987184,0.0
0.0,0.049405593,0.0
0.0,0.039583247,0.0
0.0,0.003697881,0.0
0.0,0.51667625,1.0
1.0,0.96615255,1.0
1.0,0.99818355,1.0
0.0,0.2956751,0.0
0.0,0.0012593733,0.0
0.0,0.09138563,0.0
0.0,0.011907654,0.0
1.0,0.71025825,1.0
1.0,0.9540358,1.0
0.0,0.013475405,0.0
1.0,0.9993149,1.0
0.0,0.01071399,0.0
1.0,0.994358,1.0
0.0,0.5865851,1.0
0.0,0.0018382303,0.0
0.0,0.59490365,1.0
1.0,0.9985474,1.0
1.0,0.83051723,1.0
1.0,0.99769956,1.0
0.0,0.009633412,0.0
0.0,0.0077983546,0.0
0.0,0.002071551,0.0
1.0,0.88314354,1.0
1.0,0.9836985,1.0
1.0,0.85205585,1.0
0.0,0.0840218,0.0
1.0,0.9854197,1.0
1.0,0.856717,1.0
0.0,0.0030244126,0.0
0.0,0.006828691,0.0
0.0,0.28522402,0.0
0.0,0.6057533,1.0
1.0,0.8494875,1.0
0.0,0.0031959233,0.0
0.0,0.40815678,0.0
1.0,0.5827845,1.0
1.0,0.9959752,1.0
0.0,0.003660728,0.0
1.0,0.6513386,1.0
1.0,0.9800085,1.0
1.0,0.995915,1.0
0.0,0.27969083,0.0
0.0,0.0029027683,0.0
0.0,0.29166776,0.0
0.0,0.009169307,0.0
0.0,0.034144368,0.0
0.0,0.014216023,0.0
1.0,0.98394275,1.0
1.0,0.5047444,1.0
1.0,0.7892224,1.0
1.0,0.9251859,1.0
1.0,0.5192218,1.0
0.0,0.017203964,0.0
0.0,0.011906167,0.0
0.0,0.81940114,1.0
0.0,0.031141724,0.0
0.0,0.34840965,0.0
0.0,0.90946895,1.0
1.0,0.886278,1.0
0.0,0.11355557,0.0
1.0,0.99609864,1.0
1.0,0.99897695,1.0
0.0,0.0019456177,0.0
0.0,0.0065000686,0.0
0.0,0.051414687,0.0
0.0,0.051473785,0.0
1.0,0.99799,1.0
0.0,0.17433074,0.0
1.0,0.99142843,1.0
1.0,0.9970457,1.0
1.0,0.5668607,1.0
0.0,0.026213378,0.0
0.0,0.1597373,0.0
1.0,0.9711236,1.0
0.0,0.23763876,0.0
1.0,0.9216606,1.0
1.0,0.9260342,1.0
0.0,0.18390162,0.0
0.0,0.0029225827,0.0
1.0,0.99959534,1.0
1.0,0.9857561,1.0
0.0,0.008221524,0.0
1.0,0.33802947,0.0
1.0,0.9388541,1.0
0.0,0.12226483,0.0
1.0,0.30063885,0.0
1.0,0.9210131,1.0
0.0,0.17396979,0.0
1.0,0.25132182,0.0
0.0,0.18003224,0.0
0.0,0.2890499,0.0
0.0,0.27286616,0.0
1.0,0.8907412,1.0
0.0,0.5130449,1.0
0.0,0.21486394,0.0
0.0,0.009449072,0.0
1.0,0.9241371,1.0
1.0,0.9572082,1.0
0.0,0.399289,0.0
0.0,0.21305493,0.0
0.0,0.25076854,0.0
0.0,0.004028066,0.0
0.0,0.06463652,0.0
1.0,0.9989297,1.0
1.0,0.9866855,1.0
1.0,0.8272739,1.0
0.0,0.0029201466,0.0
1.0,0.9852873,1.0
1.0,0.7679686,1.0
0.0,0.007511886,0.0
0.0,0.029583896,0.0
0.0,0.1755556,0.0
0.0,0.12207794,0.0
1.0,0.2250009,0.0
0.0,0.052786727,0.0
0.0,0.23804553,0.0
1.0,0.29203802,0.0
0.0,0.0036806117,0.0
0.0,0.0018091989,0.0
1.0,0.9981164,1.0
0.0,0.10067286,0.0
1.0,0.8658418,1.0
1.0,0.6114167,1.0
0.0,0.0017107859,0.0
1.0,0.9603968,1.0
0.0,0.16779996,0.0
1.0,0.86480105,1.0
0.0,0.35502064,0.0
1.0,0.48581108,0.0
0.0,0.21495453,0.0
0.0,0.006502141,0.0
0.0,0.010510234,0.0
0.0,0.20866525,0.0
1.0,0.5498456,1.0
1.0,0.9973923,1.0
0.0,0.21207488,0.0
0.0,0.2978371,0.0
1.0,0.2606446,0.0
1.0,0.5418752,1.0
0.0,0.14327891,0.0
1.0,0.29605636,0.0
1.0,0.53125143,1.0
1.0,0.99934226,1.0
0.0,0.0023900717,0.0
0.0,0.0031856014,0.0
0.0,0.009121779,0.0
1.0,0.998539,1.0
0.0,0.002888673,0.0
1.0,0.17988107,0.0
0.0,0.16867748,0.0
1.0,0.3789218,0.0
1.0,0.40396655,0.0
1.0,0.99988854,1.0
1.0,0.9910817,1.0
1.0,0.99503845,1.0
1.0,0.9936731,1.0
1.0,0.9958417,1.0
0.0,0.28851703,0.0
0.0,0.01846246,0.0
1.0,0.9991793,1.0
1.0,0.38671166,0.0
0.0,0.008235798,0.0
0.0,0.0056978567,0.0
0.0,0.010027,0.0
0.0,0.7652416,1.0
0.0,0.04476197,0.0
0.0,0.03975765,0.0
0.0,0.03696366,0.0
0.0,0.010000217,0.0
1.0,0.99282783,1.0
0.0,0.04836758,0.0
0.0,0.18822685,0.0
1.0,0.9839941,1.0
1.0,0.99851626,1.0
1.0,0.98944634,1.0
1.0,0.6910136,1.0
0.0,0.07418559,0.0
0.0,0.3481743,0.0
1.0,0.04093273,0.0
1.0,0.95847154,1.0
0.0,0.21787633,0.0
0.0,0.39024833,0.0
1.0,0.4010408,0.0
0.0,0.1427014,0.0
0.0,0.1204875,0.0
0.0,0.02043385,0.0
0.0,0.009421419,0.0
0.0,0.53297937,1.0
0.0,0.023944734,0.0
0.0,0.09801653,0.0
1.0,0.9998074,1.0
1.0,0.99935514,1.0
0.0,0.0040792576,0.0
0.0,0.002865767,0.0
0.0,0.052025404,0.0
0.0,0.014843149,0.0
1.0,0.45255983,0.0
1.0,0.44218424,0.0
0.0,0.029112745,0.0
1.0,0.9362732,1.0
1.0,0.9542569,1.0
1.0,0.9839549,1.0
0.0,0.4609826,0.0
0.0,0.33219466,0.0
1.0,0.98377854,1.0
1.0,0.703396,1.0
0.0,0.015035898,0.0
1.0,0.9973231,1.0
1.0,0.7046925,1.0
1.0,0.7214006,1.0
0.0,0.015436187,0.0
0.0,0.11288118,0.0
0.0,0.065251626,0.0
1.0,0.94107366,1.0
1.0,0.75102395,1.0
0.0,0.035266653,0.0
0.0,0.1005181,0.0
1.0,0.99973553,1.0
1.0,0.67957985,1.0
0.0,0.06407146,0.0
0.0,0.10524003,0.0
1.0,0.9661865,1.0
1.0,0.9951782,1.0
1.0,0.91909593,1.0
0.0,0.016028855,0.0
0.0,0.0030753303,0.0
0.0,0.030252617,0.0
0.0,0.057517625,0.0
1.0,0.9912213,1.0
0.0,0.20888743,0.0
0.0,0.0019313865,0.0
0.0,0.13782904,0.0
0.0,0.019961543,0.0
1.0,0.9661776,1.0
1.0,0.8695128,1.0
1.0,0.9991691,1.0
1.0,0.7924547,1.0
1.0,0.9860887,1.0
0.0,0.03082946,0.0
0.0,0.004862163,0.0
0.0,0.01328514,0.0
1.0,0.98668253,1.0
0.0,0.14302424,0.0
1.0,0.991482,1.0
0.0,0.04691687,0.0
0.0,0.004439829,0.0
0.0,0.26522124,0.0
1.0,0.68545234,1.0
0.0,0.013851737,0.0
0.0,0.006528097,0.0
1.0,0.95775,1.0
0.0,0.02141111,0.0
1.0,0.9983455,1.0
0.0,0.010091353,0.0
0.0,0.11946352,0.0
1.0,0.8896687,1.0
0.0,0.0025908833,0.0
0.0,0.20243183,0.0
1.0,0.42526817,0.0
0.0,0.19250844,0.0
1.0,0.99885976,1.0
1.0,0.90382475,1.0
1.0,0.36537245,0.0
1.0,0.9867595,1.0
0.0,0.17393188,0.0
1.0,0.996617,1.0
1.0,0.7602186,1.0
1.0,0.98308486,1.0
0.0,0.3137008,0.0
1.0,0.99949825,1.0
1.0,0.36906037,0.0
1.0,0.99393165,1.0
1.0,0.92070293,1.0
1.0,0.97953206,1.0
0.0,0.34378284,0.0
0.0,0.21956994,0.0
0.0,0.31320053,0.0
0.0,0.17240319,0.0
0.0,0.25674877,0.0
0.0,0.30139706,0.0
1.0,0.3865185,0.0
0.0,0.0043110903,0.0
1.0,0.27712864,0.0
1.0,0.9606841,1.0
0.0,0.3149691,0.0
1.0,0.10652029,0.0
0.0,0.015005731,0.0
1.0,0.9681264,1.0
1.0,0.16512227,0.0
1.0,0.97639334,1.0
1.0,0.9987644,1.0
1.0,0.9116857,1.0
0.0,0.032517742,0.0
0.0,0.12840107,0.0
1.0,0.99813086,1.0
0.0,0.07469482,0.0
0.0,0.29584607,0.0
0.0,0.009186048,0.0
0.0,0.067644686,0.0
0.0,0.3942068,0.0
0.0,0.21587676,0.0
1.0,0.9995297,1.0
1.0,0.78529143,1.0
0.0,0.0019342086,0.0
1.0,0.9992132,1.0
0.0,0.05404599,0.0
0.0,0.19291548,0.0
0.0,0.036263783,0.0
0.0,0.5324148,1.0
1.0,0.96248806,1.0
0.0,0.022966266,0.0
1.0,0.9972767,1.0
0.0,0.23762648,0.0
1.0,0.99993706,1.0
0.0,0.013815698,0.0
0.0,0.0075630625,0.0
0.0,0.0604613,0.0
0.0,0.19654721,0.0
0.0,0.4631458,0.0
1.0,0.55193067,1.0
1.0,0.9986173,1.0
1.0,0.99584705,1.0
1.0,0.9910362,1.0
0.0,0.36266136,0.0
0.0,0.53032285,1.0
0.0,0.01303745,0.0
1.0,0.996926,1.0
1.0,0.6076697,1.0
0.0,0.30734685,0.0
0.0,0.2948561,0.0
0.0,0.07284634,0.0
0.0,0.15527333,0.0
1.0,0.98900735,1.0
0.0,0.34672084,0.0
0.0,0.0863618,0.0
0.0,0.85573494,1.0
0.0,0.03161668,0.0
0.0,0.35887757,0.0
0.0,0.36837888,0.0
1.0,0.49480638,0.0
0.0,0.060863778,0.0
0.0,0.31754476,0.0
0.0,0.26593775,0.0
1.0,0.6661073,1.0
0.0,0.04963986,0.0
0.0,0.012080457,0.0
0.0,0.4239383,0.0
1.0,0.5533953,1.0
0.0,0.015925802,0.0
0.0,0.019538179,0.0
0.0,0.078645095,0.0
1.0,0.78793555,1.0
0.0,0.13451527,0.0
0.0,0.0022597373,0.0
0.0,0.03930183,0.0
1.0,0.36102226,0.0
0.0,0.0426075,0.0
0.0,0.038778286,0.0
0.0,0.00593891,0.0
0.0,0.04076749,0.0
1.0,0.99714774,1.0
1.0,0.9814926,1.0
1.0,0.9512429,1.0
0.0,0.43773636,0.0
1.0,0.967072,1.0
1.0,0.2821914,0.0
0.0,0.09554902,0.0
0.0,0.2867911,0.0
0.0,0.64449936,1.0
1.0,0.9929806,1.0
1.0,0.7870087,1.0
1.0,0.74468535,1.0
1.0,0.9935551,1.0
1.0,0.9972692,1.0
1.0,0.9425323,1.0
1.0,0.9830415,1.0
0.0,0.47327483,0.0
0.0,0.586495,1.0
0.0,0.5219399,1.0
1.0,0.8237815,1.0
1.0,0.99477696,1.0
1.0,0.89417386,1.0
0.0,0.2705734,0.0
1.0,0.9996644,1.0
1.0,0.24598245,0.0
1.0,0.98848885,1.0
0.0,0.0015677239,0.0
1.0,0.78580934,1.0
0.0,0.02704133,0.0
1.0,0.09712995,0.0
0.0,0.029483242,0.0
0.0,0.34042218,0.0
1.0,0.8013144,1.0
1.0,0.9988945,1.0
1.0,0.91823286,1.0
0.0,0.006494965,0.0
0.0,0.0997959,0.0
1.0,0.5196669,1.0
1.0,0.93707204,1.0
0.0,0.30139557,0.0
1.0,0.22914961,0.0
1.0,0.9973707,1.0
0.0,0.3768132,0.0
1.0,0.40193596,0.0
0.0,0.15131655,0.0
0.0,0.014254163,0.0
0.0,0.0057743737,0.0
0.0,0.19846988,0.0
0.0,0.17816731,0.0
1.0,0.99608094,1.0
1.0,0.81140345,1.0
1.0,0.97862965,1.0
0.0,0.021415755,0.0
1.0,0.26044852,0.0
1.0,0.75557894,1.0
0.0,0.49259245,0.0
0.0,0.30061632,0.0
0.0,0.0658772,0.0
0.0,0.041279774,0.0
0.0,0.16846232,0.0
1.0,0.9993819,1.0
1.0,0.9975418,1.0
1.0,0.9989838,1.0
1.0,0.71470815,1.0
1.0,0.6648143,1.0
0.0,0.022681091,0.0
1.0,0.4915996,0.0
0.0,0.32784465,0.0
0.0,0.057354942,0.0
0.0,0.017254416,0.0
1.0,0.08145439,0.0
0.0,0.0034437922,0.0
0.0,0.22986794,0.0
1.0,0.6913112,1.0
0.0,0.22478,0.0
0.0,0.4189096,0.0
0.0,0.6072372,1.0
1.0,0.99960166,1.0
1.0,0.2383913,0.0
1.0,0.99434066,1.0
0.0,0.11910013,0.0
0.0,0.030998167,0.0
0.0,0.013903268,0.0
1.0,0.42398956,0.0
1.0,0.8202341,1.0
1.0,0.9827885,1.0
1.0,0.9995819,1.0
1.0,0.9959222,1.0
0.0,0.20263878,0.0
0.0,0.026457647,0.0
1.0,0.99528307,1.0
0.0,0.22425404,0.0
1.0,0.99715567,1.0
0.0,0.03239693,0.0
1.0,0.9886065,1.0
1.0,0.32757762,0.0
1.0,0.9602197,1.0
1.0,0.9994591,1.0
0.0,0.022013687,0.0
0.0,0.014030007,0.0
0.0,0.53724456,1.0
0.0,0.04279816,0.0
0.0,0.012696495,0.0
0.0,0.008275232,0.0
0.0,0.011375488,0.0
1.0,0.88850373,1.0
0.0,0.010370159,0.0
1.0,0.97364116,1.0
0.0,0.021478932,0.0
0.0,0.22065775,0.0
0.0,0.0713029,0.0
0.0,0.022072224,0.0
1.0,0.9954348,1.0
1.0,0.9910948,1.0
1.0,0.9646837,1.0
0.0,0.23112822,0.0
0.0,0.058701377,0.0
1.0,0.9406381,1.0
0.0,0.018948115,0.0
0.0,0.08198704,0.0
1.0,0.9383938,1.0
1.0,0.98347133,1.0
0.0,0.18009387,0.0
1.0,0.8823421,1.0
1.0,0.9992712,1.0
0.0,0.009778698,0.0
1.0,0.98692954,1.0
0.0,0.5977447,1.0
0.0,0.003798407,0.0
0.0,0.105117135,0.0
0.0,0.013269229,0.0
0.0,0.124116495,0.0
1.0,0.7773389,1.0
0.0,0.03942507,0.0
0.0,0.75428534,1.0
1.0,0.9819869,1.0
0.0,0.27661544,0.0
0.0,0.40660188,0.0
0.0,0.079028636,0.0
0.0,0.18161356,0.0
0.0,0.6651083,1.0
0.0,0.12284027,0.0
0.0,0.28443632,0.0
0.0,0.023364501,0.0
1.0,0.66120714,1.0
1.0,0.9997565,1.0
0.0,0.003670927,0.0
1.0,0.91504335,1.0
0.0,0.0042653736,0.0
0.0,0.38654885,0.0
1.0,0.9943246,1.0
0.0,0.31494394,0.0
0.0,0.0051785307,0.0
0.0,0.6506372,1.0
0.0,0.13060583,0.0
0.0,0.051997945,0.0
1.0,0.30270162,0.0
0.0,0.6356504,1.0
0.0,0.02883743,0.0
0.0,0.1859569,0.0
1.0,0.328325,0.0
0.0,0.06095944,0.0
0.0,0.012460809,0.0
1.0,0.99661934,1.0
0.0,0.6455436,1.0
0.0,0.010406212,0.0
1.0,0.99928087,1.0
1.0,0.22673796,0.0
1.0,0.9994854,1.0
1.0,0.9779326,1.0
0.0,0.015309079,0.0
0.0,0.059671365,0.0
0.0,0.042126693,0.0
1.0,0.3258315,0.0
0.0,0.07588504,0.0
0.0,0.012950714,0.0
0.0,0.34624648,0.0
0.0,0.23126064,0.0
1.0,0.99903846,1.0
0.0,0.034823947,0.0
0.0,0.0138400225,0.0
1.0,0.9998317,1.0
0.0,0.06742794,0.0
0.0,0.4265589,0.0
0.0,0.1453541,0.0
0.0,0.03541859,0.0
0.0,0.13444775,0.0
1.0,0.9877358,1.0
1.0,0.9575383,1.0
1.0,0.999461,1.0
1.0,0.51632404,1.0
0.0,0.019038629,0.0
1.0,0.99029946,1.0
0.0,0.0051822513,0.0
0.0,0.7350837,1.0
1.0,0.88683355,1.0
0.0,0.03511141,0.0
0.0,0.15184875,0.0
1.0,0.8072375,1.0
0.0,0.5676132,1.0
1.0,0.88348883,1.0
0.0,0.22669502,0.0
0.0,0.13297631,0.0
1.0,0.8476717,1.0
0.0,0.005579891,0.0
0.0,0.114924505,0.0
0.0,0.010440745,0.0
0.0,0.23810081,0.0
0.0,0.11774129,0.0
0.0,0.050331134,0.0
1.0,0.6716979,1.0
1.0,0.9972939,1.0
1.0,0.9997131,1.0
0.0,0.57076496,1.0
1.0,0.98224336,1.0
1.0,0.47279006,0.0
1.0,0.99813074,1.0
1.0,0.90333176,1.0
1.0,0.9991425,1.0
0.0,0.42459354,0.0
0.0,0.09677033,0.0
1.0,0.30950537,0.0
0.0,0.23206173,0.0
0.0,0.07499391,0.0
0.0,0.059995156,0.0
0.0,0.03311393,0.0
0.0,0.028229,0.0
1.0,0.99874914,1.0
1.0,0.99913305,1.0
0.0,0.21185832,0.0
1.0,0.9556766,1.0
1.0,0.89317113,1.0
1.0,0.99226755,1.0
1.0,0.9994549,1.0
0.0,0.18166947,0.0
1.0,0.9786072,1.0
1.0,0.9909281,1.0
0.0,0.058001548,0.0
0.0,0.029104907,0.0
1.0,0.993961,1.0
0.0,0.0127619505,0.0
0.0,0.011063706,0.0
1.0,0.7790358,1.0
1.0,0.21084127,0.0
1.0,0.999671,1.0
1.0,0.9875366,1.0
0.0,0.0014979915,0.0
0.0,0.055578277,0.0
0.0,0.08656874,0.0
1.0,0.9763925,1.0
0.0,0.0049099233,0.0
1.0,0.9996511,1.0
1.0,0.97794014,1.0
1.0,0.9530604,1.0
0.0,0.042231523,0.0
1.0,0.98402643,1.0
1.0,0.9913435,1.0
1.0,0.6957659,1.0
1.0,0.86287427,1.0
1.0,0.094220296,0.0
1.0,0.9896513,1.0
0.0,0.62743294,1.0
0.0,0.040151037,0.0
1.0,0.97904676,1.0
0.0,0.45998594,0.0
0.0,0.022524199,0.0
1.0,0.9861267,1.0
0.0,0.63108444,1.0
1.0,0.99693394,1.0
1.0,0.9678958,1.0
0.0,0.5444264,1.0
1.0,0.98120016,1.0
1.0,0.96939844,1.0
1.0,0.53197134,1.0
0.0,0.15991808,0.0
1.0,0.62267554,1.0
1.0,0.06807726,0.0
1.0,0.5250748,1.0
0.0,0.018617501,0.0
0.0,0.06662094,0.0
0.0,0.047378525,0.0
0.0,0.062926926,0.0
1.0,0.99416405,1.0
1.0,0.7644274,1.0
0.0,0.14332101,0.0
0.0,0.088454284,0.0
0.0,0.53856504,1.0
0.0,0.038543742,0.0
1.0,0.43065473,0.0
0.0,0.038821753,0.0
1.0,0.99263215,1.0
1.0,0.7491675,1.0
0.0,0.26320654,0.0
0.0,0.5683928,1.0
0.0,0.60732126,1.0
1.0,0.7315214,1.0
0.0,0.001979308,0.0
0.0,0.4342599,0.0
1.0,0.9473969,1.0
1.0,0.9965653,1.0
0.0,0.06544319,0.0
0.0,0.08494984,0.0
0.0,0.25714633,0.0
1.0,0.39472955,0.0
1.0,0.46085146,0.0
0.0,0.14563224,0.0
0.0,0.02641098,0.0
0.0,0.19985148,0.0
0.0,0.061319195,0.0
0.0,0.30056775,0.0
1.0,0.99902,1.0
1.0,0.7682095,1.0
1.0,0.9302718,1.0
1.0,0.5985206,1.0
0.0,0.17423387,0.0
0.0,0.50593436,1.0
1.0,0.7941025,1.0
0.0,0.24377596,0.0
1.0,0.5684003,1.0
1.0,0.9958931,1.0
0.0,0.0112104975,0.0
0.0,0.08305419,0.0
1.0,0.9995425,1.0
0.0,0.058038738,0.0
1.0,0.555239,1.0
0.0,0.02559662,0.0
0.0,0.006466305,0.0
1.0,0.96063787,1.0
0.0,0.34545547,0.0
1.0,0.5281932,1.0
0.0,0.5086831,1.0
1.0,0.9741245,1.0
1.0,0.97964627,1.0
0.0,0.003952727,0.0
0.0,0.070424676,0.0
0.0,0.49306664,0.0
1.0,0.997787,1.0
0.0,0.015177135,0.0
0.0,0.08525865,0.0
0.0,0.12804511,0.0
1.0,0.8691997,1.0
1.0,0.95407844,1.0
1.0,0.6592728,1.0
0.0,0.435449,0.0
1.0,0.99641186,1.0
1.0,0.9949779,1.0
1.0,0.6637351,1.0
1.0,0.9859438,1.0
1.0,0.7286779,1.0
0.0,0.8941153,1.0
0.0,0.15852538,0.0
1.0,0.15967284,0.0
1.0,0.99670404,1.0
0.0,0.14965408,0.0
1.0,0.80976707,1.0
1.0,0.9901826,1.0
1.0,0.9700328,1.0
1.0,0.08109737,0.0
1.0,0.9980509,1.0
1.0,0.83851314,1.0
0.0,0.25545558,0.0
0.0,0.5659192,1.0
0.0,0.030771174,0.0
0.0,0.3736521,0.0
1.0,0.9148539,1.0
1.0,0.9949574,1.0
1.0,0.77057135,1.0
1.0,0.8566341,1.0
1.0,0.9885283,1.0
1.0,0.86656535,1.0
1.0,0.9725844,1.0
1.0,0.98549056,1.0
0.0,0.0059148613,0.0
0.0,0.033656113,0.0
0.0,0.5371021,1.0
1.0,0.99843735,1.0
0.0,0.015972525,0.0
0.0,0.055349108,0.0
0.0,0.07458175,0.0
1.0,0.9991258,1.0
0.0,0.0027239525,0.0
1.0,0.9726288,1.0
0.0,0.23879944,0.0
1.0,0.76354855,1.0
1.0,0.9905832,1.0
1.0,0.8640181,1.0
0.0,0.090140425,0.0
0.0,0.0036733795,0.0
0.0,0.5508852,1.0
1.0,0.9982315,1.0
0.0,0.024826461,0.0
0.0,0.18381199,0.0
0.0,0.13258538,0.0
0.0,0.1487955,0.0
0.0,0.05244824,0.0
1.0,0.97390705,1.0
1.0,0.99912006,1.0
0.0,0.15735866,0.0
0.0,0.08658023,0.0
0.0,0.00867421,0.0
1.0,0.9955817,1.0
1.0,0.4813024,0.0
0.0,0.41615814,0.0
0.0,0.072459854,0.0
1.0,0.9940481,1.0
1.0,0.9896791,1.0
0.0,0.3697108,0.0
1.0,0.9807357,1.0
1.0,0.45611903,0.0
0.0,0.007898749,0.0
0.0,0.00950533,0.0
0.0,0.18457986,0.0
1.0,0.96980166,1.0
0.0,0.14442866,0.0
0.0,0.5409562,1.0
1.0,0.9901625,1.0
0.0,0.16183709,0.0
0.0,0.057390526,0.0
1.0,0.99976546,1.0
1.0,0.97206455,1.0
1.0,0.9880386,1.0
0.0,0.0246409,0.0
0.0,0.40070254,0.0
1.0,0.6604036,1.0
1.0,0.3720112,0.0
1.0,0.3944306,0.0
0.0,0.40311646,0.0
0.0,0.0054250285,0.0
0.0,0.03919488,0.0
1.0,0.9993761,1.0
1.0,0.9873405,1.0
0.0,0.8054075,1.0
1.0,0.49855247,0.0
1.0,0.544935,1.0
0.0,0.2111393,0.0
0.0,0.20823787,0.0
1.0,0.50318426,1.0
1.0,0.34832495,0.0
1.0,0.99913424,1.0
0.0,0.5334515,1.0
1.0,0.98608637,1.0
1.0,0.82507235,1.0
0.0,0.2444941,0.0
0.0,0.17426072,0.0
0.0,0.060074735,0.0
0.0,0.022926109,0.0
1.0,0.30025187,0.0
0.0,0.002526887,0.0
1.0,0.17808022,0.0
0.0,0.09825331,0.0
0.0,0.026185332,0.0
0.0,0.008810814,0.0
1.0,0.5980769,1.0
0.0,0.83414954,1.0
1.0,0.9879358,1.0
0.0,0.026269555,0.0
1.0,0.9990019,1.0
0.0,0.078269556,0.0
0.0,0.02068261,0.0
0.0,0.07600499,0.0
0.0,0.10267923,0.0
1.0,0.994669,1.0
0.0,0.09314026,0.0
0.0,0.053230844,0.0
1.0,0.6619481,1.0
0.0,0.6061425,1.0
0.0,0.06027233,0.0
0.0,0.07269355,0.0
0.0,0.43054762,0.0
0.0,0.5766965,1.0
0.0,0.6082103,1.0
1.0,0.9009961,1.0
0.0,0.025723614,0.0
1.0,0.62346786,1.0
1.0,0.9512135,1.0
0.0,0.13004054,0.0
1.0,0.3924678,0.0
0.0,0.025961874,0.0
0.0,0.0020796936,0.0
0.0,0.5497006,1.0
1.0,0.92242795,1.0
1.0,0.48433352,0.0
0.0,0.00907643,0.0
0.0,0.13919403,0.0
0.0,0.123081274,0.0
1.0,0.9958811,1.0
1.0,0.5169253,1.0
0.0,0.0063186,0.0
1.0,0.96078926,1.0
1.0,0.5397688,1.0
0.0,0.025378881,0.0
1.0,0.95801795,1.0
0.0,0.10912737,0.0
0.0,0.0031431883,0.0
1.0,0.96317965,1.0
1.0,0.9959992,1.0
1.0,0.9763975,1.0
0.0,0.6664077,1.0
1.0,0.7406343,1.0
0.0,0.24108665,0.0
0.0,0.24499874,0.0
0.0,0.3557144,0.0
0.0,0.33830357,0.0
1.0,0.98619163,1.0
0.0,0.13874355,0.0
0.0,0.09606948,0.0
1.0,0.6033323,1.0
0.0,0.013273194,0.0
1.0,0.99368346,1.0
1.0,0.7816697,1.0
1.0,0.8729835,1.0
1.0,0.5838197,1.0
0.0,0.20532663,0.0
1.0,0.99987376,1.0
1.0,0.7214765,1.0
1.0,0.035426483,0.0
1.0,0.9801411,1.0
1.0,0.9746217,1.0
0.0,0.21153629,0.0
0.0,0.5765387,1.0
0.0,0.40682054,0.0
0.0,0.16401774,0.0
0.0,0.1608071,0.0
0.0,0.68986964,1.0
0.0,0.59433573,1.0
1.0,0.9951126,1.0
0.0,0.12248348,0.0
0.0,0.04605246,0.0
0.0,0.49184653,0.0
0.0,0.4816476,0.0
0.0,0.62596726,1.0
0.0,0.011224687,0.0
1.0,0.8185926,1.0
0.0,0.20543894,0.0
1.0,0.8862315,1.0
1.0,0.9315013,1.0
0.0,0.22421472,0.0
1.0,0.9922024,1.0
1.0,0.27638808,0.0
0.0,0.004302735,0.0
1.0,0.9608035,1.0
0.0,0.20398994,0.0
1.0,0.99384576,1.0
1.0,0.9995485,1.0
1.0,0.934882,1.0
0.0,0.14080536,0.0
0.0,0.0040484443,0.0
0.0,0.076118775,0.0
1.0,0.9998971,1.0
0.0,0.048380334,0.0
1.0,0.82092226,1.0
0.0,0.016339201,0.0
0.0,0.0549897,0.0
1.0,0.974661,1.0
1.0,0.7700961,1.0
1.0,0.18851487,0.0
1.0,0.5657643,1.0
0.0,0.0065669334,0.0
1.0,0.66406065,1.0
0.0,0.43505767,0.0
1.0,0.9911737,1.0
1.0,0.9205873,1.0
0.0,0.01168528,0.0
0.0,0.0030816493,0.0
0.0,0.31304052,0.0
0.0,0.3034492,0.0
0.0,0.34246087,0.0
1.0,0.9447568,1.0
1.0,0.65527284,1.0
1.0,0.85316294,1.0
1.0,0.55359507,1.0
1.0,0.20784341,0.0
1.0,0.9993382,1.0
1.0,0.83878416,1.0
1.0,0.9988728,1.0
1.0,0.97435546,1.0
0.0,0.53767616,1.0
0.0,0.030674482,0.0
1.0,0.97638685,1.0
1.0,0.08364674,0.0
0.0,0.1883085,0.0
0.0,0.10491333,0.0
0.0,0.011938764,0.0
0.0,0.066620745,0.0
1.0,0.91730505,1.0
0.0,0.031739604,0.0
0.0,0.069781505,0.0
0.0,0.8542307,1.0
1.0,0.9966978,1.0
1.0,0.5233752,1.0
1.0,0.3748983,0.0
0.0,0.9044775,1.0
1.0,0.86091775,1.0
0.0,0.05333819,0.0
0.0,0.2998033,0.0
1.0,0.85517114,1.0
1.0,0.97084135,1.0
0.0,0.054440588,0.0
0.0,0.6638587,1.0
0.0,0.12636214,0.0
0.0,0.042268325,0.0
0.0,0.0023023512,0.0
1.0,0.6064257,1.0
1.0,0.35209695,0.0
1.0,0.5756054,1.0
0.0,0.010961308,0.0
0.0,0.105973676,0.0
1.0,0.6832848,1.0
0.0,0.13808185,0.0
0.0,0.59553725,1.0
0.0,0.005596447,0.0
1.0,0.7654265,1.0
1.0,0.99834585,1.0
1.0,0.99794513,1.0
0.0,0.01052686,0.0
0.0,0.03762348,0.0
1.0,0.3577226,0.0
1.0,0.7509572,1.0
0.0,0.03347053,0.0
0.0,0.0039410335,0.0
1.0,0.9641249,1.0
0.0,0.22938968,0.0
0.0,0.009209896,0.0
0.0,0.31643805,0.0
0.0,0.24161386,0.0
1.0,0.9968593,1.0
1.0,0.8967308,1.0
1.0,0.80238396,1.0
1.0,0.9875311,1.0
0.0,0.0104110455,0.0
0.0,0.005053015,0.0
1.0,0.33300415,0.0
0.0,0.18420848,0.0
1.0,0.4541593,0.0
0.0,0.09452475,0.0
1.0,0.9602951,1.0
1.0,0.78955084,1.0
0.0,0.14775549,0.0
0.0,0.18977948,0.0
0.0,0.11490934,0.0
1.0,0.9013632,1.0
1.0,0.7743969,1.0
0.0,0.0033203964,0.0
0.0,0.09431793,0.0
0.0,0.4253582,0.0
0.0,0.050880536,0.0
1.0,0.4740295,0.0
0.0,0.060581353,0.0
1.0,0.27717277,0.0
0.0,0.026818607,0.0
0.0,0.029365312,0.0
1.0,0.9989016,1.0
1.0,0.43148044,0.0
0.0,0.58996207,1.0
0.0,0.49840182,0.0
1.0,0.9987062,1.0
1.0,0.99641174,1.0
0.0,0.20599788,0.0
0.0,0.06824401,0.0
0.0,0.3309956,0.0
1.0,0.8782654,1.0
1.0,0.9998267,1.0
0.0,0.51490194,1.0
0.0,0.05760745,0.0
0.0,0.3973201,0.0
0.0,0.14882849,0.0
0.0,0.23176736,0.0
0.0,0.29969314,0.0
0.0,0.69539756,1.0
0.0,0.34286553,0.0
1.0,0.5788207,1.0
1.0,0.7391285,1.0
1.0,0.9936812,1.0
1.0,0.1640497,0.0
0.0,0.0016292506,0.0
1.0,0.78539854,1.0
1.0,0.46974277,0.0
0.0,0.13128617,0.0
1.0,0.9977335,1.0
1.0,0.9982552,1.0
0.0,0.011505822,0.0
1.0,0.5735455,1.0
1.0,0.59302056,1.0
1.0,0.99737895,1.0
1.0,0.28746754,0.0
0.0,0.19046342,0.0
1.0,0.73603624,1.0
1.0,0.99631786,1.0
1.0,0.9998468,1.0
0.0,0.009002297,0.0
1.0,0.9721477,1.0
1.0,0.9902305,1.0
1.0,0.32340702,0.0
0.0,0.046326544,0.0
1.0,0.9964844,1.0
0.0,0.91872853,1.0
0.0,0.07548538,0.0
0.0,0.06973902,0.0
1.0,0.98605007,1.0
0.0,0.25990012,0.0
1.0,0.9989268,1.0
1.0,0.7153275,1.0
0.0,0.26764044,0.0
0.0,0.09225152,0.0
0.0,0.23627171,0.0
0.0,0.2833596,0.0
1.0,0.6569647,1.0
0.0,0.37617493,0.0
1.0,0.27538568,0.0
1.0,0.9817855,1.0
0.0,0.5952836,1.0
0.0,0.07463892,0.0
1.0,0.77771854,1.0
1.0,0.9704652,1.0
1.0,0.98029387,1.0
0.0,0.005844691,0.0
0.0,0.1591667,0.0
0.0,0.116727345,0.0
0.0,0.01821844,0.0
0.0,0.0012829786,0.0
0.0,0.72404283,1.0
0.0,0.28104135,0.0
1.0,0.8267995,1.0
0.0,0.47954556,0.0
1.0,0.95461005,1.0
0.0,0.059641402,0.0
0.0,0.20936687,0.0
0.0,0.049342502,0.0
1.0,0.50233966,1.0
0.0,0.05607438,0.0
0.0,0.010306209,0.0
1.0,0.98272216,1.0
0.0,0.01845025,0.0
1.0,0.62360764,1.0
1.0,0.9554162,1.0
0.0,0.5808155,1.0
0.0,0.011008991,0.0
1.0,0.762764,1.0
0.0,0.23147397,0.0
0.0,0.049199693,0.0
1.0,0.99598014,1.0
1.0,0.17996886,0.0
1.0,0.8960423,1.0
0.0,0.25687623,0.0
1.0,0.99922836,1.0
1.0,0.991926,1.0
0.0,0.020061886,0.0
1.0,0.71511966,1.0
0.0,0.26793835,0.0
0.0,0.0021536527,0.0
1.0,0.99182546,1.0
1.0,0.9995233,1.0
0.0,0.023150919,0.0
0.0,0.011404299,0.0
1.0,0.9707964,1.0
1.0,0.85068715,1.0
1.0,0.7020967,1.0
1.0,0.433512,0.0
0.0,0.15023658,0.0
0.0,0.42651108,0.0
1.0,0.8874269,1.0
0.0,0.032722678,0.0
1.0,0.89679897,1.0
0.0,0.012581116,0.0
0.0,0.011151069,0.0
1.0,0.99010086,1.0
1.0,0.9997751,1.0
1.0,0.92582357,1.0
0.0,0.33536333,0.0
1.0,0.99887127,1.0
1.0,0.99193007,1.0
1.0,0.3987985,0.0
0.0,0.26430953,0.0
0.0,0.12759988,0.0
0.0,0.02907139,0.0
0.0,0.1140127,0.0
1.0,0.9650081,1.0
1.0,0.99072903,1.0
0.0,0.002867231,0.0
0.0,0.24149397,0.0
0.0,0.38824955,0.0
1.0,0.99168843,1.0
1.0,0.9921394,1.0
1.0,0.93059534,1.0
1.0,0.21010755,0.0
1.0,0.9779254,1.0
1.0,0.9991035,1.0
0.0,0.24826449,0.0
1.0,0.95887077,1.0
1.0,0.9459436,1.0
0.0,0.013879531,0.0
1.0,0.3530163,0.0
0.0,0.5070121,1.0
0.0,0.34209853,0.0
0.0,0.017231558,0.0
0.0,0.27046248,0.0
1.0,0.6796917,1.0
1.0,0.99813205,1.0
1.0,0.9977337,1.0
0.0,0.19908978,0.0
0.0,0.17754485,0.0
0.0,0.014008374,0.0
1.0,0.41485062,0.0
1.0,0.9947686,1.0
0.0,0.032593638,0.0
1.0,0.9443236,1.0
1.0,0.85553455,1.0
1.0,0.98463386,1.0
1.0,0.99886596,1.0
1.0,0.9152717,1.0
0.0,0.2580793,0.0
0.0,0.16147508,0.0
0.0,0.1417488,0.0
0.0,0.035491634,0.0
0.0,0.010799559,0.0
1.0,0.90463537,1.0
1.0,0.4210053,0.0
0.0,0.007835964,0.0
0.0,0.3053614,0.0
1.0,0.9921504,1.0
1.0,0.7994809,1.0
1.0,0.86635035,1.0
0.0,0.045987416,0.0
1.0,0.9958255,1.0
0.0,0.106128864,0.0
1.0,0.7686725,1.0
1.0,0.87857735,1.0
0.0,0.026821356,0.0
0.0,0.14340386,0.0
1.0,0.9997098,1.0
1.0,0.8087261,1.0
0.0,0.015764616,0.0
1.0,0.99885666,1.0
1.0,0.91067034,1.0
0.0,0.1184459,0.0
0.0,0.027469475,0.0
0.0,0.0061561856,0.0
1.0,0.27401245,0.0
1.0,0.9974673,1.0
1.0,0.999701,1.0
0.0,0.0025735118,0.0
0.0,0.07598555,0.0
1.0,0.9556095,1.0
1.0,0.45321545,0.0
0.0,0.0053693787,0.0
0.0,0.005289323,0.0
0.0,0.28027278,0.0
0.0,0.0020699373,0.0
1.0,0.9987692,1.0
0.0,0.3526613,0.0
1.0,0.9670593,1.0
1.0,0.98683643,1.0
1.0,0.9917,1.0
0.0,0.02230112,0.0
1.0,0.98925924,1.0
0.0,0.13952473,0.0
0.0,0.031175056,0.0
1.0,0.8528068,1.0
1.0,0.99134916,1.0
0.0,0.0012593529,0.0
0.0,0.5315034,1.0
0.0,0.26224744,0.0
1.0,0.8544918,1.0
0.0,0.04846765,0.0
0.0,0.011379468,0.0
1.0,0.9832166,1.0
1.0,0.25058055,0.0
0.0,0.4119291,0.0
1.0,0.9983234,1.0
1.0,0.057165436,0.0
0.0,0.15047082,0.0
1.0,0.91182584,1.0
0.0,0.023092179,0.0
1.0,0.9171112,1.0
0.0,0.37577054,0.0
0.0,0.0026603458,0.0
1.0,0.19896245,0.0
1.0,0.99885964,1.0
1.0,0.81636256,1.0
1.0,0.7222567,1.0
0.0,0.35739455,0.0
0.0,0.06498111,0.0
1.0,0.64788324,1.0
1.0,0.079433136,0.0
0.0,0.029401977,0.0
0.0,0.13752232,0.0
0.0,0.024683246,0.0
0.0,0.06432425,0.0
0.0,0.07268709,0.0
0.0,0.025630658,0.0
1.0,0.99644935,1.0
0.0,0.24776687,0.0
0.0,0.23459613,0.0
1.0,0.984553,1.0
0.0,0.16832793,0.0
1.0,0.54056054,1.0
0.0,0.276282,0.0
0.0,0.020296339,0.0
1.0,0.8569739,1.0
0.0,0.20177239,0.0
0.0,0.2868791,0.0
0.0,0.019737575,0.0
0.0,0.26131085,0.0
0.0,0.002131082,0.0
1.0,0.1671968,0.0
0.0,0.36417007,0.0
0.0,0.37098163,0.0
0.0,0.2457789,0.0
1.0,0.6726424,1.0
1.0,0.90967304,1.0
0.0,0.012177052,0.0
0.0,0.25879338,0.0
0.0,0.33521065,0.0
0.0,0.048515856,0.0
1.0,0.9598554,1.0
0.0,0.71657383,1.0
1.0,0.997682,1.0
1.0,0.87418294,1.0
1.0,0.6985944,1.0
1.0,0.2436126,0.0
1.0,0.91280913,1.0
1.0,0.86894256,1.0
1.0,0.9964014,1.0
0.0,0.04390522,0.0
1.0,0.9996542,1.0
0.0,0.054425385,0.0
0.0,0.014854464,0.0
0.0,0.28541645,0.0
0.0,0.39487273,0.0
1.0,0.99037594,1.0
1.0,0.9951651,1.0
1.0,0.73952323,1.0
1.0,0.8879354,1.0
0.0,0.020771386,0.0
0.0,0.24149384,0.0
0.0,0.8520182,1.0
1.0,0.036542725,0.0
0.0,0.13054228,0.0
1.0,0.83707,1.0
1.0,0.89245886,1.0
1.0,0.87237465,1.0
1.0,0.63448495,1.0
1.0,0.9781818,1.0
1.0,0.9963181,1.0
1.0,0.6960322,1.0
0.0,0.64530754,1.0
0.0,0.015991753,0.0
0.0,0.27640697,0.0
1.0,0.9132066,1.0
0.0,0.0040763216,0.0
1.0,0.9982494,1.0
0.0,0.011187337,0.0
0.0,0.0041120183,0.0
0.0,0.0790366,0.0
0.0,0.055160675,0.0
0.0,0.35428977,0.0
1.0,0.9965312,1.0
1.0,0.86302096,1.0
1.0,0.99797434,1.0
1.0,0.97799176,1.0
0.0,0.028782556,0.0
0.0,0.0016589857,0.0
0.0,0.0053454386,0.0
1.0,0.98448193,1.0
0.0,0.016466763,0.0
1.0,0.9966588,1.0
0.0,0.014919658,0.0
0.0,0.22958109,0.0
1.0,0.9991079,1.0
1.0,0.9886984,1.0
0.0,0.19851886,0.0
1.0,0.054705214,0.0
1.0,0.9912717,1.0
0.0,0.5291487,1.0
0.0,0.23058183,0.0
1.0,0.9699304,1.0
1.0,0.39648,0.0
0.0,0.017108075,0.0
0.0,0.12066671,0.0
0.0,0.02008896,0.0
1.0,0.9985109,1.0
0.0,0.08663328,0.0
0.0,0.025641644,0.0
1.0,0.7591923,1.0
0.0,0.14779112,0.0
0.0,0.28166544,0.0
1.0,0.8976655,1.0
1.0,0.7899951,1.0
1.0,0.99973136,1.0
0.0,0.2342672,0.0
0.0,0.024626652,0.0
0.0,0.16589603,0.0
0.0,0.0569734,0.0
1.0,0.99961096,1.0
0.0,0.0701631,0.0
0.0,0.64903504,1.0
1.0,0.76910126,1.0
1.0,0.9958021,1.0
1.0,0.8653621,1.0
1.0,0.8990057,1.0
0.0,0.24219428,0.0
0.0,0.1622077,0.0
1.0,0.99608994,1.0
1.0,0.98613924,1.0
1.0,0.18969606,0.0
1.0,0.3912428,0.0
1.0,0.89822155,1.0
1.0,0.999398,1.0
0.0,0.07874637,0.0
0.0,0.0065858895,0.0
1.0,0.34635207,0.0
0.0,0.015573789,0.0
1.0,0.4680186,0.0
1.0,0.6483082,1.0
0.0,0.054929383,0.0
1.0,0.70465606,1.0
1.0,0.97300094,1.0
1.0,0.9830005,1.0
0.0,0.014526627,0.0
1.0,0.916004,1.0
1.0,0.6670995,1.0
0.0,0.14415142,0.0
0.0,0.41788137,0.0
1.0,0.99974304,1.0
1.0,0.5771447,1.0
0.0,0.25343546,0.0
1.0,0.7670443,1.0
1.0,0.7908129,1.0
1.0,0.34064096,0.0
1.0,0.9968821,1.0
1.0,0.99470854,1.0
0.0,0.045907486,0.0
0.0,0.002014345,0.0
1.0,0.9967096,1.0
1.0,0.71238655,1.0
1.0,0.7615706,1.0
0.0,0.008275393,0.0
0.0,0.06308413,0.0
1.0,0.988393,1.0
1.0,0.98059684,1.0
1.0,0.7230562,1.0
1.0,0.56222564,1.0
0.0,0.2272449,0.0
1.0,0.9214166,1.0
0.0,0.36155665,0.0
1.0,0.92710775,1.0
0.0,0.21765204,0.0
1.0,0.08283361,0.0
1.0,0.9992066,1.0
0.0,0.085276276,0.0
1.0,0.98852646,1.0
0.0,0.03744452,0.0
1.0,0.9897966,1.0
0.0,0.06009979,0.0
0.0,0.043460514,0.0
0.0,0.6891363,1.0
0.0,0.22653042,0.0
1.0,0.77570456,1.0
1.0,0.8740767,1.0
0.0,0.0056655523,0.0
1.0,0.9990878,1.0
1.0,0.9841718,1.0
0.0,0.54615206,1.0
1.0,0.99735606,1.0
0.0,0.002825399,0.0
0.0,0.3825615,0.0
1.0,0.9976019,1.0
1.0,0.951064,1.0
0.0,0.3692554,0.0
1.0,0.99614346,1.0
0.0,0.009951309,0.0
1.0,0.87091213,1.0
0.0,0.17542389,0.0
1.0,0.6132365,1.0
0.0,0.12541716,0.0
0.0,0.11941664,0.0
0.0,0.3154622,0.0
0.0,0.002572364,0.0
0.0,0.21150585,0.0
0.0,0.4529528,0.0
1.0,0.98557854,1.0
0.0,0.07676521,0.0
1.0,0.9738733,1.0
1.0,0.9985152,1.0
1.0,0.6626055,1.0
1.0,0.9659036,1.0
0.0,0.42659393,0.0
1.0,0.9363501,1.0
1.0,0.98197883,1.0
1.0,0.9993612,1.0
0.0,0.34292227,0.0
0.0,0.102544196,0.0
1.0,0.20922494,0.0
0.0,0.01480603,0.0
0.0,0.39171818,0.0
1.0,0.8792187,1.0
0.0,0.037203714,0.0
0.0,0.013393099,0.0
1.0,0.9620339,1.0
0.0,0.65848225,1.0
1.0,0.71163076,1.0
1.0,0.99898916,1.0
0.0,0.0073418333,0.0
1.0,0.77096266,1.0
1.0,0.9997497,1.0
1.0,0.98126155,1.0
1.0,0.776144,1.0
1.0,0.7720316,1.0
1.0,0.99937785,1.0
0.0,0.03162065,0.0
1.0,0.9996289,1.0
1.0,0.23109321,0.0
0.0,0.0426891,0.0
0.0,0.1762128,0.0
1.0,0.9998117,1.0
0.0,0.007777371,0.0
0.0,0.04812598,0.0
0.0,0.10310877,0.0
1.0,0.982186,1.0
0.0,0.5244941,1.0
0.0,0.8616184,1.0
1.0,0.99967,1.0
1.0,0.97959787,1.0
1.0,0.99548507,1.0
0.0,0.13005856,0.0
0.0,0.046695445,0.0
1.0,0.9944278,1.0
0.0,0.1074242,0.0
0.0,0.050392825,0.0
0.0,0.35892516,0.0
0.0,0.05605263,0.0
1.0,0.75548553,1.0
1.0,0.93839544,1.0
0.0,0.27000973,0.0
1.0,0.9977042,1.0
1.0,0.96455806,1.0
0.0,0.0047669876,0.0
0.0,0.08673783,0.0
1.0,0.779533,1.0
1.0,0.7352761,1.0
0.0,0.48842844,0.0
1.0,0.9874144,1.0
0.0,0.8755865,1.0
1.0,0.43793824,0.0
1.0,0.9847451,1.0
1.0,0.77300966,1.0
1.0,0.99912184,1.0
1.0,0.9187089,1.0
0.0,0.22008453,0.0
0.0,0.023622971,0.0
1.0,0.7455167,1.0
0.0,0.14484583,0.0
1.0,0.99223036,1.0
0.0,0.0022988578,0.0
0.0,0.14243068,0.0
0.0,0.030123482,0.0
1.0,0.8505217,1.0
0.0,0.6101714,1.0
0.0,0.0079107145,0.0
0.0,0.020234583,0.0
0.0,0.82024324,1.0
1.0,0.9871525,1.0
1.0,0.5436129,1.0
0.0,0.0017848687,0.0
1.0,0.8215259,1.0
0.0,0.1550105,0.0
1.0,0.92233247,1.0
0.0,0.15295033,0.0
0.0,0.047934312,0.0
0.0,0.005788303,0.0
1.0,0.97477436,1.0
1.0,0.9963952,1.0
1.0,0.9969078,1.0
0.0,0.105826624,0.0
0.0,0.17322226,0.0
0.0,0.09691027,0.0
1.0,0.66755724,1.0
1.0,0.9771623,1.0
0.0,0.027805964,0.0
0.0,0.46769592,0.0
1.0,0.99148,1.0
0.0,0.27794805,0.0
0.0,0.2706958,0.0
1.0,0.83479667,1.0
0.0,0.14516129,0.0
0.0,0.1107414,0.0
0.0,0.107870474,0.0
0.0,0.040392138,0.0
1.0,0.9733706,1.0
1.0,0.94285125,1.0
0.0,0.48890942,0.0
0.0,0.02600841,0.0
1.0,0.98552936,1.0
0.0,0.018524297,0.0
0.0,0.0074604074,0.0
1.0,0.9962748,1.0
1.0,0.9926662,1.0
1.0,0.9994332,1.0
0.0,0.73829126,1.0
0.0,0.7061812,1.0
0.0,0.078116454,0.0
0.0,0.0074610147,0.0
0.0,0.3409508,0.0
1.0,0.95212436,1.0
1.0,0.9996265,1.0
1.0,0.9960001,1.0
0.0,0.013038034,0.0
1.0,0.660512,1.0
1.0,0.8473004,1.0
1.0,0.99503845,1.0
0.0,0.28161588,0.0
1.0,0.93854886,1.0
1.0,0.37021053,0.0
0.0,0.1321696,0.0
1.0,0.76651615,1.0
1.0,0.95189166,1.0
0.0,0.36880064,0.0
0.0,0.36272544,0.0
0.0,0.5099371,1.0
0.0,0.09152838,0.0
0.0,0.11294683,0.0
1.0,0.7247959,1.0
0.0,0.028532842,0.0
0.0,0.09948549,0.0
0.0,0.0038421333,0.0
1.0,0.40532774,0.0
0.0,0.25363716,0.0
0.0,0.039203167,0.0
1.0,0.9567749,1.0
0.0,0.14161482,0.0
1.0,0.9673181,1.0
0.0,0.19435517,0.0
1.0,0.99178547,1.0
0.0,0.051388472,0.0
0.0,0.42782575,0.0
0.0,0.0029321443,0.0
0.0,0.01610267,0.0
0.0,0.027233759,0.0
1.0,0.98313373,1.0
0.0,0.836031,1.0
0.0,0.0074510025,0.0
0.0,0.149354,0.0
1.0,0.9891043,1.0
1.0,0.9971554,1.0
1.0,0.82148224,1.0
0.0,0.26248458,0.0
0.0,0.085532956,0.0
1.0,0.99935263,1.0
1.0,0.8747557,1.0
0.0,0.01154499,0.0
1.0,0.9165011,1.0
1.0,0.9601471,1.0
0.0,0.044883948,0.0
1.0,0.25094843,0.0
0.0,0.24526376,0.0
1.0,0.7879343,1.0
1.0,0.93043834,1.0
1.0,0.67175204,1.0
1.0,0.9942913,1.0
1.0,0.6627758,1.0
0.0,0.1221813,0.0
0.0,0.29201677,0.0
1.0,0.9970753,1.0
1.0,0.9962153,1.0
1.0,0.99953425,1.0
1.0,0.67742974,1.0
0.0,0.19160298,0.0
0.0,0.005635671,0.0
1.0,0.9319326,1.0
1.0,0.99936205,1.0
0.0,0.32890975,0.0
1.0,0.9632805,1.0
0.0,0.24044918,0.0
0.0,0.33882955,0.0
0.0,0.29754877,0.0
1.0,0.632335,1.0
1.0,0.9983729,1.0
1.0,0.9612995,1.0
1.0,0.49657032,0.0
0.0,0.06938972,0.0
0.0,0.0071580727,0.0
1.0,0.7743366,1.0
0.0,0.33631235,0.0
1.0,0.9966594,1.0
0.0,0.03385258,0.0
1.0,0.99556845,1.0
1.0,0.99954337,1.0
1.0,0.99963224,1.0
0.0,0.10612144,0.0
1.0,0.8252834,1.0
1.0,0.99058914,1.0
0.0,0.46453488,0.0
1.0,0.98393875,1.0
0.0,0.41441286,0.0
1.0,0.9984687,1.0
0.0,0.004024689,0.0
1.0,0.99273443,1.0
0.0,0.0043001105,0.0
0.0,0.29787153,0.0
1.0,0.85561806,1.0
0.0,0.0065858117,0.0
0.0,0.023108548,0.0
0.0,0.35871962,0.0
0.0,0.13802306,0.0
0.0,0.0028934786,0.0
1.0,0.9931919,1.0
0.0,0.051658932,0.0
0.0,0.14474152,0.0
1.0,0.94662803,1.0
1.0,0.9887987,1.0
1.0,0.99626046,1.0
0.0,0.24880837,0.0
0.0,0.39839002,0.0
0.0,0.09364289,0.0
0.0,0.52073556,1.0
0.0,0.0636024,0.0
0.0,0.43900806,0.0
1.0,0.97955865,1.0
1.0,0.97861516,1.0
1.0,0.96930516,1.0
1.0,0.99706715,1.0
1.0,0.99463046,1.0
0.0,0.09860789,0.0
1.0,0.014834046,0.0
1.0,0.8612459,1.0
1.0,0.9936719,1.0
1.0,0.97228247,1.0
1.0,0.835854,1.0
1.0,0.95374477,1.0
1.0,0.9767969,1.0
0.0,0.87064356,1.0
1.0,0.7471506,1.0
1.0,0.20710951,0.0
0.0,0.007866268,0.0
0.0,0.012800868,0.0
1.0,0.9930884,1.0
0.0,0.01557107,0.0
1.0,0.9971505,1.0
1.0,0.95533943,1.0
0.0,0.06752429,0.0
1.0,0.9993393,1.0
0.0,0.6639179,1.0
0.0,0.6152965,1.0
0.0,0.035590924,0.0
0.0,0.09205259,0.0
1.0,0.94882387,1.0
1.0,0.9996536,1.0
0.0,0.033025015,0.0
0.0,0.76289207,1.0
1.0,0.9969348,1.0
0.0,0.34624374,0.0
0.0,0.0074435417,0.0
0.0,0.0016778709,0.0
1.0,0.9682028,1.0
0.0,0.006162266,0.0
0.0,0.8268742,1.0
0.0,0.06350258,0.0
0.0,0.025795346,0.0
0.0,0.7009761,1.0
1.0,0.91630566,1.0
1.0,0.9024754,1.0
1.0,0.9851857,1.0
1.0,0.9568495,1.0
1.0,0.9402145,1.0
0.0,0.072046265,0.0
0.0,0.025575323,0.0
0.0,0.27197477,0.0
1.0,0.53863186,1.0
1.0,0.64507747,1.0
1.0,0.80935955,1.0
1.0,0.9850155,1.0
0.0,0.39262173,0.0
0.0,0.01866855,0.0
0.0,0.0024297163,0.0
1.0,0.6495534,1.0
1.0,0.75183195,1.0
