tr_y,tr_pred,tr_proba,te_y,te_pred,te_proba
1.0,1.0,0.88142329454422,0.0,0.0,0.24224016070365906
0.0,0.0,0.41763707995414734,1.0,0.0,0.4446858763694763
0.0,1.0,0.5346298217773438,0.0,0.0,0.3790360391139984
1.0,1.0,0.7276721000671387,0.0,0.0,0.27066728472709656
1.0,1.0,0.702608585357666,0.0,0.0,0.23676562309265137
0.0,0.0,0.2813519835472107,0.0,0.0,0.2798597514629364
0.0,0.0,0.44648459553718567,1.0,1.0,0.526860237121582
1.0,1.0,0.6176286935806274,0.0,0.0,0.12915204465389252
1.0,1.0,0.5055901408195496,1.0,1.0,0.7907626628875732
1.0,0.0,0.3145253360271454,1.0,0.0,0.4524634778499603
1.0,1.0,0.6971737742424011,0.0,0.0,0.4611850678920746
0.0,0.0,0.29287731647491455,0.0,0.0,0.25458621978759766
0.0,0.0,0.40849611163139343,1.0,1.0,0.6369221210479736
0.0,0.0,0.46152812242507935,1.0,1.0,0.9107764363288879
0.0,0.0,0.4619554281234741,1.0,0.0,0.40657931566238403
0.0,0.0,0.3647893965244293,0.0,1.0,0.6491863131523132
0.0,0.0,0.24592061340808868,1.0,1.0,0.7194880843162537
1.0,0.0,0.2320782095193863,1.0,1.0,0.6594897508621216
0.0,0.0,0.3883672058582306,1.0,1.0,0.7624616026878357
1.0,1.0,0.5656126737594604,1.0,0.0,0.403603196144104
0.0,0.0,0.3929421305656433,0.0,1.0,0.6644769310951233
1.0,1.0,0.6051140427589417,0.0,0.0,0.2900485694408417
0.0,0.0,0.48769330978393555,1.0,1.0,0.8410713076591492
0.0,0.0,0.34032392501831055,1.0,1.0,0.6555780172348022
0.0,0.0,0.49572446942329407,0.0,0.0,0.30953529477119446
1.0,0.0,0.37849488854408264,1.0,0.0,0.4362412095069885
1.0,1.0,0.8142300248146057,0.0,0.0,0.32987719774246216
0.0,0.0,0.30949530005455017,1.0,0.0,0.4675352871417999
0.0,0.0,0.2774619162082672,1.0,1.0,0.8821094632148743
0.0,0.0,0.26018598675727844,0.0,0.0,0.33316388726234436
0.0,0.0,0.39779505133628845,0.0,1.0,0.5250046849250793
1.0,1.0,0.5975914597511292,0.0,0.0,0.33114713430404663
0.0,0.0,0.3730020821094513,1.0,1.0,0.5671098828315735
1.0,1.0,0.8014740943908691,1.0,1.0,0.6628183126449585
1.0,0.0,0.35988056659698486,1.0,1.0,0.5260988473892212
1.0,1.0,0.8184961080551147,1.0,1.0,0.7634338140487671
0.0,0.0,0.4133508503437042,1.0,0.0,0.39297765493392944
0.0,0.0,0.3322192132472992,0.0,0.0,0.33822113275527954
0.0,0.0,0.4556126594543457,0.0,0.0,0.2826920449733734
1.0,1.0,0.769168496131897,1.0,0.0,0.113087959587574
0.0,1.0,0.5259783864021301,1.0,1.0,0.5023272633552551
1.0,0.0,0.4735565483570099,0.0,0.0,0.42850273847579956
1.0,1.0,0.7486332654953003,1.0,1.0,0.5579829216003418
0.0,1.0,0.5009355545043945,0.0,0.0,0.3599940538406372
0.0,1.0,0.5209562182426453,1.0,1.0,0.6086221933364868
0.0,0.0,0.27427446842193604,1.0,1.0,0.7626044750213623
1.0,1.0,0.6071808338165283,1.0,0.0,0.28335699439048767
0.0,0.0,0.3711667060852051,1.0,0.0,0.2887558937072754
1.0,1.0,0.5374926924705505,1.0,0.0,0.32387393712997437
0.0,0.0,0.4048806428909302,0.0,0.0,0.35083019733428955
0.0,0.0,0.3989817202091217,0.0,0.0,0.4321334958076477
0.0,1.0,0.5534532070159912,1.0,0.0,0.4448033273220062
0.0,1.0,0.5611578226089478,1.0,0.0,0.34695467352867126
0.0,0.0,0.25540974736213684,0.0,0.0,0.34625011682510376
1.0,1.0,0.7715089917182922,0.0,0.0,0.26996755599975586
1.0,0.0,0.29225286841392517,1.0,1.0,0.6371802687644958
1.0,0.0,0.21580050885677338,0.0,0.0,0.4681074023246765
1.0,1.0,0.6920880079269409,1.0,1.0,0.6878970861434937
1.0,0.0,0.489358514547348,0.0,0.0,0.350278377532959
1.0,1.0,0.6683273911476135,0.0,0.0,0.4429630935192108
0.0,0.0,0.4505453407764435,0.0,0.0,0.33983027935028076
1.0,0.0,0.34605127573013306,1.0,1.0,0.524144172668457
1.0,1.0,0.8673969507217407,0.0,0.0,0.41348734498023987
1.0,1.0,0.5178715586662292,0.0,0.0,0.34335294365882874
1.0,1.0,0.9219651818275452,0.0,0.0,0.3669882118701935
1.0,1.0,0.6292712688446045,0.0,0.0,0.414659321308136
1.0,0.0,0.4623539447784424,0.0,0.0,0.3306158483028412
0.0,0.0,0.2920764982700348,1.0,0.0,0.2890967130661011
0.0,0.0,0.3601357042789459,1.0,1.0,0.7428279519081116
1.0,1.0,0.6386227011680603,0.0,0.0,0.33720076084136963
1.0,1.0,0.8214998245239258,1.0,1.0,0.8659309148788452
0.0,0.0,0.4609789252281189,0.0,0.0,0.29038020968437195
1.0,1.0,0.8163658976554871,0.0,0.0,0.34022748470306396
0.0,1.0,0.686268150806427,1.0,1.0,0.7097383737564087
0.0,0.0,0.3478672206401825,0.0,0.0,0.2558120787143707
1.0,0.0,0.35711807012557983,0.0,0.0,0.49969643354415894
1.0,1.0,0.619313657283783,0.0,0.0,0.3967914581298828
1.0,1.0,0.7390952110290527,1.0,0.0,0.42407315969467163
1.0,1.0,0.7557560801506042,1.0,0.0,0.17869874835014343
1.0,0.0,0.3306328356266022,0.0,0.0,0.4998214840888977
1.0,1.0,0.7099984288215637,0.0,0.0,0.2235480099916458
1.0,1.0,0.6838683485984802,0.0,0.0,0.42157742381095886
1.0,1.0,0.678887665271759,0.0,1.0,0.5291183590888977
1.0,1.0,0.6029825806617737,0.0,1.0,0.704668402671814
1.0,1.0,0.5745052695274353,0.0,1.0,0.5359779000282288
0.0,0.0,0.4855619966983795,0.0,0.0,0.438032329082489
1.0,0.0,0.4205138087272644,1.0,0.0,0.37083950638771057
0.0,0.0,0.2673705816268921,1.0,0.0,0.3564685583114624
0.0,0.0,0.30938422679901123,1.0,0.0,0.44543007016181946
0.0,1.0,0.5581254959106445,1.0,0.0,0.1474086493253708
1.0,1.0,0.6213364005088806,1.0,0.0,0.40310436487197876
0.0,0.0,0.2576596140861511,1.0,0.0,0.34820154309272766
0.0,0.0,0.3506472408771515,0.0,0.0,0.2885051369667053
1.0,1.0,0.7222362756729126,1.0,0.0,0.4699110686779022
0.0,0.0,0.4235876500606537,0.0,0.0,0.432932585477829
1.0,0.0,0.3782579302787781,1.0,0.0,0.24412716925144196
1.0,0.0,0.3202887773513794,0.0,0.0,0.3791119456291199
0.0,0.0,0.4015424847602844,1.0,0.0,0.38310641050338745
1.0,0.0,0.279204398393631,0.0,0.0,0.28397655487060547
1.0,0.0,0.48629701137542725,0.0,0.0,0.3508600890636444
1.0,1.0,0.8185650706291199,1.0,1.0,0.892452597618103
0.0,1.0,0.5712366700172424,1.0,0.0,0.4086051285266876
0.0,0.0,0.3593013882637024,1.0,1.0,0.7698874473571777
1.0,1.0,0.7582785487174988,1.0,0.0,0.39339083433151245
1.0,1.0,0.6795206069946289,0.0,0.0,0.2520061731338501
0.0,0.0,0.2733749747276306,1.0,1.0,0.7783670425415039
1.0,0.0,0.4420943260192871,1.0,0.0,0.3650705814361572
1.0,1.0,0.9104549884796143,1.0,0.0,0.26589465141296387
1.0,1.0,0.553982675075531,0.0,1.0,0.5863592624664307
0.0,0.0,0.3414672613143921,1.0,0.0,0.4487181305885315
1.0,1.0,0.7952942848205566,0.0,0.0,0.4595382511615753
0.0,1.0,0.5033604502677917,1.0,1.0,0.6727381348609924
0.0,0.0,0.35107553005218506,1.0,1.0,0.5589441657066345
0.0,0.0,0.13797397911548615,0.0,1.0,0.5109197497367859
0.0,0.0,0.12862320244312286,1.0,1.0,0.731927752494812
0.0,0.0,0.34409233927726746,0.0,0.0,0.257985919713974
1.0,1.0,0.6849855184555054,1.0,0.0,0.34140413999557495
0.0,0.0,0.2099548876285553,1.0,1.0,0.6203833222389221
0.0,0.0,0.33727124333381653,0.0,0.0,0.26070696115493774
0.0,0.0,0.4351486563682556,0.0,0.0,0.3403914272785187
0.0,0.0,0.22529083490371704,0.0,0.0,0.47370997071266174
1.0,1.0,0.5130966901779175,0.0,0.0,0.3511712849140167
0.0,1.0,0.5151110887527466,0.0,0.0,0.385553240776062
0.0,0.0,0.33430415391921997,1.0,1.0,0.5236862301826477
0.0,0.0,0.24592061340808868,0.0,0.0,0.26137569546699524
0.0,0.0,0.2591772973537445,0.0,0.0,0.3256000876426697
1.0,1.0,0.5318137407302856,1.0,0.0,0.3290645480155945
1.0,0.0,0.3661099076271057,0.0,0.0,0.22108714282512665
1.0,1.0,0.521402895450592,0.0,1.0,0.6987972259521484
1.0,0.0,0.3406268358230591,1.0,0.0,0.44870099425315857
1.0,1.0,0.7201840877532959,1.0,0.0,0.3648982048034668
0.0,0.0,0.4736124277114868,0.0,1.0,0.5920767188072205
1.0,1.0,0.5759904384613037,1.0,0.0,0.47826945781707764
1.0,0.0,0.3190062940120697,1.0,1.0,0.7309225797653198
1.0,1.0,0.8962425589561462,0.0,0.0,0.41631561517715454
1.0,1.0,0.5596300363540649,0.0,0.0,0.42923709750175476
0.0,0.0,0.28816187381744385,0.0,0.0,0.31329452991485596
1.0,0.0,0.37677624821662903,0.0,0.0,0.20129062235355377
1.0,1.0,0.6116666197776794,0.0,1.0,0.5851613283157349
1.0,1.0,0.5554001927375793,0.0,0.0,0.25011736154556274
1.0,1.0,0.5192911624908447,0.0,0.0,0.3068484663963318
1.0,1.0,0.8142029643058777,0.0,0.0,0.34359481930732727
1.0,1.0,0.8860674500465393,1.0,1.0,0.8760776519775391
1.0,0.0,0.3266674876213074,1.0,1.0,0.7162730097770691
1.0,1.0,0.6625194549560547,1.0,1.0,0.6329714059829712
1.0,1.0,0.7063082456588745,0.0,0.0,0.2990727424621582
1.0,1.0,0.5490074157714844,1.0,0.0,0.45601561665534973
0.0,0.0,0.4563555419445038,1.0,0.0,0.36795860528945923
1.0,0.0,0.44468235969543457,1.0,1.0,0.7988749742507935
0.0,0.0,0.2471742033958435,0.0,0.0,0.36670082807540894
0.0,0.0,0.3534335494041443,0.0,0.0,0.33322566747665405
0.0,0.0,0.4252493381500244,0.0,0.0,0.3439479172229767
0.0,0.0,0.22647826373577118,0.0,0.0,0.27549034357070923
0.0,0.0,0.4682283103466034,1.0,0.0,0.47244367003440857
0.0,0.0,0.4139246344566345,0.0,0.0,0.2519167959690094
0.0,0.0,0.2218150794506073,0.0,1.0,0.656607449054718
0.0,0.0,0.3071589767932892,0.0,0.0,0.29433193802833557
0.0,0.0,0.324360191822052,0.0,1.0,0.5961630940437317
0.0,0.0,0.3954170346260071,0.0,1.0,0.6646879315376282
1.0,0.0,0.4150298833847046,1.0,1.0,0.7678217887878418
1.0,1.0,0.7585433721542358,0.0,1.0,0.7171931266784668
1.0,1.0,0.6599815487861633,0.0,1.0,0.5066477060317993
0.0,0.0,0.40087154507637024,1.0,1.0,0.6847208142280579
1.0,1.0,0.5365513563156128,0.0,0.0,0.23728227615356445
0.0,0.0,0.27111396193504333,0.0,0.0,0.4460667371749878
0.0,0.0,0.31664252281188965,0.0,0.0,0.23516541719436646
1.0,1.0,0.5032661557197571,0.0,0.0,0.30812814831733704
0.0,0.0,0.3071883022785187,1.0,1.0,0.5030701756477356
0.0,0.0,0.19943909347057343,0.0,0.0,0.3387170135974884
0.0,0.0,0.3761988878250122,0.0,1.0,0.5771299600601196
0.0,0.0,0.35944923758506775,1.0,1.0,0.7452744245529175
0.0,0.0,0.41425973176956177,1.0,1.0,0.8151413202285767
0.0,0.0,0.489583283662796,1.0,1.0,0.8398737907409668
0.0,0.0,0.32460787892341614,1.0,1.0,0.5184061527252197
0.0,0.0,0.2590472996234894,1.0,1.0,0.6269375085830688
1.0,1.0,0.7003923654556274,1.0,1.0,0.6437673568725586
1.0,1.0,0.8922658562660217,0.0,0.0,0.25715917348861694
1.0,0.0,0.43268609046936035,1.0,0.0,0.33547425270080566
1.0,1.0,0.619968831539154,0.0,0.0,0.32217350602149963
1.0,1.0,0.5048311948776245,1.0,0.0,0.49743059277534485
1.0,1.0,0.5666455030441284,0.0,0.0,0.4333363473415375
0.0,0.0,0.30978578329086304,0.0,1.0,0.5290956497192383
1.0,1.0,0.8318361043930054,1.0,1.0,0.6607370972633362
0.0,0.0,0.1509173959493637,0.0,0.0,0.26694756746292114
0.0,0.0,0.48436325788497925,0.0,0.0,0.28267309069633484
1.0,0.0,0.4871167242527008,1.0,1.0,0.5052885413169861
1.0,1.0,0.8142300248146057,0.0,0.0,0.2959652841091156
1.0,1.0,0.6549583077430725,0.0,1.0,0.5510960817337036
0.0,0.0,0.4252052903175354,1.0,1.0,0.7126227021217346
1.0,1.0,0.633370578289032,1.0,0.0,0.46807682514190674
0.0,0.0,0.27945390343666077,1.0,0.0,0.39101642370224
1.0,1.0,0.5597934126853943,1.0,1.0,0.6757643222808838
1.0,0.0,0.42596980929374695,0.0,0.0,0.2954765856266022
1.0,1.0,0.5430718660354614,1.0,1.0,0.5344312191009521
0.0,0.0,0.4311921000480652,1.0,1.0,0.5383617877960205
0.0,0.0,0.21814320981502533,1.0,1.0,0.8126387596130371
0.0,0.0,0.3325481414794922,1.0,1.0,0.6424381732940674
1.0,1.0,0.822627067565918,0.0,0.0,0.40528082847595215
1.0,1.0,0.747434675693512,0.0,0.0,0.34841910004615784
0.0,0.0,0.344942182302475,0.0,1.0,0.6029766798019409
1.0,0.0,0.45761120319366455,1.0,1.0,0.5039372444152832
1.0,0.0,0.3674139976501465,1.0,1.0,0.5715245008468628
1.0,1.0,0.9398667812347412,1.0,0.0,0.19859102368354797
1.0,0.0,0.31778866052627563,1.0,0.0,0.44968050718307495
1.0,0.0,0.46004804968833923,1.0,1.0,0.5850434303283691
1.0,0.0,0.47447142004966736,1.0,1.0,0.7108259797096252
1.0,0.0,0.31313037872314453,0.0,1.0,0.5067802667617798
0.0,0.0,0.21836601197719574,1.0,1.0,0.7189509272575378
1.0,1.0,0.8673137426376343,1.0,1.0,0.7513424158096313
0.0,0.0,0.3502325713634491,0.0,1.0,0.6540620923042297
0.0,0.0,0.1251526027917862,0.0,0.0,0.3965252637863159
1.0,1.0,0.624448835849762,0.0,1.0,0.5151270627975464
1.0,1.0,0.8557450175285339,0.0,0.0,0.30357301235198975
1.0,0.0,0.45594310760498047,1.0,1.0,0.6863529086112976
0.0,0.0,0.4260704517364502,0.0,0.0,0.3064602315425873
1.0,1.0,0.7584149241447449,1.0,0.0,0.3338833451271057
1.0,0.0,0.39329972863197327,0.0,0.0,0.33131760358810425
0.0,0.0,0.43609338998794556,1.0,1.0,0.731711745262146
0.0,0.0,0.48992788791656494,0.0,0.0,0.35455524921417236
1.0,1.0,0.6961833834648132,0.0,1.0,0.5133686661720276
1.0,1.0,0.8109273314476013,1.0,1.0,0.8045713305473328
1.0,1.0,0.6213364005088806,1.0,1.0,0.8409728407859802
0.0,0.0,0.31913861632347107,1.0,0.0,0.45816195011138916
1.0,1.0,0.7133497595787048,0.0,0.0,0.3667200207710266
1.0,1.0,0.6251121163368225,0.0,1.0,0.5186818838119507
1.0,1.0,0.7313765287399292,0.0,0.0,0.4894844889640808
0.0,0.0,0.35661691427230835,1.0,1.0,0.5853378176689148
1.0,0.0,0.3600095212459564,1.0,1.0,0.5401098728179932
0.0,0.0,0.2376406043767929,0.0,0.0,0.31494659185409546
1.0,1.0,0.6286556124687195,0.0,1.0,0.5436983704566956
0.0,0.0,0.2885051369667053,0.0,0.0,0.40786370635032654
1.0,1.0,0.6337740421295166,0.0,0.0,0.4798901379108429
0.0,0.0,0.24592061340808868,1.0,1.0,0.6680017709732056
1.0,0.0,0.42796942591667175,1.0,0.0,0.4484255909919739
1.0,0.0,0.46103861927986145,1.0,1.0,0.7286741733551025
0.0,0.0,0.4887048006057739,0.0,0.0,0.3870808482170105
1.0,0.0,0.37879619002342224,1.0,1.0,0.514812707901001
1.0,1.0,0.6749566197395325,1.0,0.0,0.30652064085006714
1.0,0.0,0.4820364713668823,1.0,1.0,0.7955524921417236
0.0,0.0,0.3801567256450653,1.0,1.0,0.7530460953712463
1.0,1.0,0.6555968523025513,1.0,1.0,0.6394864320755005
0.0,0.0,0.20282797515392303,1.0,1.0,0.5977704524993896
1.0,1.0,0.528856635093689,1.0,1.0,0.6474108099937439
1.0,1.0,0.7584105134010315,0.0,0.0,0.33847492933273315
1.0,1.0,0.5387927293777466,1.0,0.0,0.31726324558258057
0.0,0.0,0.3062620460987091,0.0,0.0,0.21113401651382446
0.0,0.0,0.393803209066391,0.0,0.0,0.28140321373939514
0.0,0.0,0.3440978229045868,0.0,0.0,0.3900870084762573
0.0,0.0,0.44754332304000854,1.0,1.0,0.7431161403656006
0.0,0.0,0.4321008026599884,0.0,1.0,0.5298352241516113
0.0,0.0,0.30535888671875,1.0,0.0,0.4430095851421356
0.0,0.0,0.35321465134620667,0.0,0.0,0.23864337801933289
0.0,0.0,0.32122498750686646,1.0,1.0,0.5192427039146423
1.0,1.0,0.8585929870605469,1.0,1.0,0.7275111675262451
0.0,1.0,0.5722621083259583,1.0,1.0,0.8506383299827576
1.0,1.0,0.5434002876281738,0.0,0.0,0.47949281334877014
0.0,0.0,0.482759952545166,0.0,1.0,0.5433102250099182
0.0,0.0,0.3205099105834961,1.0,1.0,0.5807972550392151
0.0,0.0,0.18928106129169464,0.0,0.0,0.2962765395641327
0.0,0.0,0.19685710966587067,0.0,1.0,0.6220011711120605
1.0,1.0,0.7292264103889465,1.0,1.0,0.563705325126648
0.0,1.0,0.6139613389968872,1.0,1.0,0.5510708689689636
0.0,0.0,0.2013726532459259,1.0,0.0,0.27773773670196533
0.0,0.0,0.392245888710022,0.0,0.0,0.44576457142829895
0.0,0.0,0.31556808948516846,1.0,1.0,0.5980541110038757
0.0,1.0,0.503685474395752,1.0,0.0,0.46004804968833923
0.0,0.0,0.2620173990726471,0.0,1.0,0.5348153114318848
1.0,1.0,0.5551270246505737,0.0,0.0,0.324360191822052
1.0,0.0,0.32381805777549744,0.0,0.0,0.2741612195968628
1.0,0.0,0.4288245737552643,0.0,0.0,0.39544007182121277
0.0,0.0,0.3051013648509979,1.0,1.0,0.505934476852417
0.0,0.0,0.2976605296134949,0.0,0.0,0.29635295271873474
1.0,0.0,0.4042343497276306,0.0,0.0,0.3928481638431549
0.0,0.0,0.29318273067474365,0.0,0.0,0.3501325249671936
0.0,0.0,0.30690670013427734,0.0,0.0,0.4195081889629364
1.0,1.0,0.830042839050293,1.0,1.0,0.5175484418869019
0.0,0.0,0.4556642770767212,0.0,0.0,0.3107800781726837
0.0,0.0,0.41124239563941956,0.0,0.0,0.39790961146354675
1.0,1.0,0.805456280708313,1.0,0.0,0.433559775352478
1.0,0.0,0.38737404346466064,1.0,1.0,0.8102346658706665
0.0,0.0,0.3907798230648041,0.0,1.0,0.6426454782485962
1.0,0.0,0.3797919750213623,1.0,0.0,0.31747516989707947
0.0,0.0,0.34360817074775696,0.0,0.0,0.2619391679763794
1.0,0.0,0.3595915734767914,0.0,1.0,0.5738929510116577
0.0,0.0,0.24044139683246613,1.0,1.0,0.6624897122383118
1.0,0.0,0.32682979106903076,1.0,0.0,0.381266713142395
1.0,1.0,0.7878719568252563,1.0,0.0,0.3518082797527313
1.0,0.0,0.3044956624507904,1.0,1.0,0.6586429476737976
1.0,0.0,0.29937028884887695,1.0,1.0,0.5328929424285889
1.0,1.0,0.6564587354660034,0.0,0.0,0.2586519718170166
1.0,1.0,0.5089258551597595,0.0,0.0,0.2204917073249817
1.0,0.0,0.42032670974731445,1.0,1.0,0.7586609125137329
1.0,1.0,0.6403003334999084,1.0,0.0,0.3911045491695404
0.0,0.0,0.43887588381767273,0.0,0.0,0.339358389377594
0.0,0.0,0.4365023672580719,0.0,0.0,0.4226926565170288
0.0,0.0,0.4056778848171234,1.0,1.0,0.7235640287399292
0.0,0.0,0.41162240505218506,1.0,1.0,0.5220913290977478
1.0,0.0,0.2793941795825958,1.0,0.0,0.30775317549705505
1.0,1.0,0.547878623008728,1.0,0.0,0.39954328536987305
0.0,0.0,0.23422713577747345,0.0,1.0,0.5898543000221252
1.0,1.0,0.6636795401573181,1.0,1.0,0.646569013595581
1.0,1.0,0.7963757514953613,0.0,0.0,0.32123908400535583
1.0,1.0,0.7961816191673279,1.0,1.0,0.5702226758003235
0.0,0.0,0.2741108536720276,1.0,0.0,0.459920197725296
0.0,0.0,0.18639595806598663,1.0,1.0,0.5704265832901001
0.0,0.0,0.36389410495758057,0.0,0.0,0.38074058294296265
0.0,0.0,0.36462247371673584,0.0,0.0,0.19779835641384125
1.0,1.0,0.7562082409858704,1.0,0.0,0.4663843512535095
0.0,0.0,0.3335287570953369,0.0,0.0,0.35197821259498596
1.0,0.0,0.327623575925827,0.0,0.0,0.40596044063568115
0.0,0.0,0.28567686676979065,0.0,0.0,0.34419986605644226
0.0,0.0,0.29462575912475586,1.0,1.0,0.6975210309028625
0.0,0.0,0.33201417326927185,0.0,0.0,0.3658154606819153
1.0,1.0,0.6862067580223083,0.0,0.0,0.4933055639266968
0.0,0.0,0.2569650411605835,0.0,0.0,0.2741287350654602
1.0,1.0,0.7737396955490112,0.0,0.0,0.4992101788520813
1.0,1.0,0.6520470380783081,0.0,0.0,0.362751305103302
0.0,0.0,0.3943936228752136,0.0,0.0,0.3004615902900696
0.0,0.0,0.30334922671318054,1.0,1.0,0.5073536038398743
1.0,1.0,0.8126295804977417,1.0,1.0,0.5083015561103821
0.0,1.0,0.5769862532615662,1.0,1.0,0.8449460864067078
1.0,0.0,0.4433879852294922,1.0,1.0,0.8142620921134949
1.0,1.0,0.5154095888137817,0.0,0.0,0.30339568853378296
1.0,0.0,0.3209861218929291,1.0,1.0,0.5158303380012512
1.0,0.0,0.2988516688346863,0.0,1.0,0.6122128963470459
1.0,0.0,0.41099265217781067,0.0,0.0,0.3654194474220276
1.0,0.0,0.2013726532459259,1.0,0.0,0.32306671142578125
1.0,1.0,0.8450710773468018,0.0,0.0,0.28135111927986145
0.0,1.0,0.5488473176956177,0.0,0.0,0.40786370635032654
1.0,1.0,0.6899175643920898,1.0,1.0,0.6989966034889221
1.0,1.0,0.5514816045761108,1.0,0.0,0.4511125385761261
1.0,0.0,0.32768648862838745,1.0,1.0,0.592481255531311
0.0,0.0,0.31077441573143005,1.0,0.0,0.4686468541622162
1.0,0.0,0.4969399571418762,0.0,0.0,0.48406654596328735
1.0,0.0,0.4683101773262024,0.0,0.0,0.2487000823020935
0.0,0.0,0.3389459252357483,1.0,1.0,0.68549644947052
1.0,1.0,0.6501969695091248,1.0,1.0,0.5730835795402527
0.0,0.0,0.24193239212036133,1.0,1.0,0.7831343412399292
1.0,1.0,0.6031956672668457,1.0,1.0,0.5892305374145508
0.0,0.0,0.3220439553260803,1.0,1.0,0.7354521155357361
0.0,0.0,0.29255133867263794,0.0,0.0,0.4303448796272278
1.0,1.0,0.5536112189292908,0.0,1.0,0.6205440163612366
0.0,0.0,0.34443432092666626,0.0,0.0,0.34187257289886475
0.0,1.0,0.6186233162879944,1.0,0.0,0.1552887111902237
1.0,0.0,0.40084460377693176,0.0,1.0,0.7677389979362488
0.0,0.0,0.18640635907649994,1.0,1.0,0.667748749256134
1.0,0.0,0.40166595578193665,0.0,0.0,0.31072717905044556
1.0,0.0,0.3834267556667328,0.0,0.0,0.29702118039131165
0.0,0.0,0.4776550829410553,0.0,0.0,0.3641544282436371
0.0,0.0,0.19502438604831696,0.0,0.0,0.3313716650009155
0.0,0.0,0.18586640059947968,1.0,0.0,0.2071922868490219
1.0,0.0,0.4864805042743683,0.0,0.0,0.16430871188640594
0.0,1.0,0.6148890852928162,0.0,0.0,0.4232903718948364
1.0,0.0,0.2457887828350067,1.0,1.0,0.5187227129936218
0.0,0.0,0.4878595173358917,0.0,0.0,0.4377606511116028
0.0,0.0,0.37865781784057617,1.0,1.0,0.77592533826828
0.0,0.0,0.3485448658466339,0.0,0.0,0.36075204610824585
0.0,0.0,0.35555776953697205,0.0,0.0,0.4988490641117096
0.0,0.0,0.38272401690483093,1.0,0.0,0.3358495533466339
0.0,1.0,0.5518516898155212,1.0,1.0,0.861016035079956
1.0,1.0,0.6596436500549316,1.0,1.0,0.6325803995132446
1.0,1.0,0.8889725208282471,0.0,0.0,0.37197667360305786
1.0,1.0,0.7766672968864441,1.0,1.0,0.706217348575592
1.0,0.0,0.35267555713653564,0.0,0.0,0.2467062622308731
0.0,0.0,0.3203846514225006,1.0,0.0,0.4612881541252136
1.0,1.0,0.6386227011680603,0.0,0.0,0.3603620231151581
1.0,1.0,0.8150696754455566,0.0,0.0,0.3415146470069885
0.0,1.0,0.5470275282859802,1.0,1.0,0.8490259051322937
1.0,0.0,0.3305736482143402,0.0,0.0,0.2358550876379013
0.0,0.0,0.26446664333343506,0.0,0.0,0.3484742045402527
1.0,0.0,0.38144052028656006,1.0,1.0,0.8376777768135071
0.0,0.0,0.4557383954524994,0.0,0.0,0.3289957046508789
0.0,0.0,0.37590956687927246,1.0,1.0,0.680350661277771
1.0,1.0,0.5318860411643982,0.0,0.0,0.29672160744667053
0.0,0.0,0.4891420304775238,1.0,0.0,0.35306140780448914
0.0,0.0,0.3381797969341278,1.0,1.0,0.589316189289093
1.0,1.0,0.5744514465332031,0.0,0.0,0.3056224584579468
0.0,0.0,0.43274742364883423,0.0,0.0,0.3463525176048279
1.0,1.0,0.6873356103897095,1.0,0.0,0.4726288318634033
0.0,0.0,0.4024670124053955,0.0,0.0,0.39658647775650024
1.0,0.0,0.39884892106056213,0.0,0.0,0.3430590033531189
1.0,1.0,0.8415706753730774,1.0,0.0,0.43993034958839417
0.0,0.0,0.4697358310222626,1.0,0.0,0.3722723126411438
0.0,0.0,0.46418702602386475,0.0,0.0,0.32741981744766235
1.0,1.0,0.8730670213699341,0.0,0.0,0.16311834752559662
1.0,0.0,0.3087264895439148,0.0,0.0,0.3847846984863281
0.0,0.0,0.4649069607257843,0.0,1.0,0.5094361305236816
1.0,0.0,0.32016313076019287,1.0,0.0,0.45836636424064636
1.0,1.0,0.7257499098777771,1.0,1.0,0.5024512410163879
1.0,1.0,0.8650360107421875,1.0,1.0,0.8767699003219604
0.0,0.0,0.4367702305316925,1.0,1.0,0.5072528123855591
0.0,0.0,0.2793925404548645,1.0,0.0,0.3283540904521942
1.0,1.0,0.6272982358932495,0.0,0.0,0.4943346083164215
1.0,1.0,0.6915812492370605,1.0,1.0,0.7737945914268494
0.0,0.0,0.3566724956035614,1.0,0.0,0.363578200340271
1.0,1.0,0.7361250519752502,1.0,1.0,0.7903620600700378
1.0,0.0,0.41875144839286804,1.0,1.0,0.5309271216392517
1.0,0.0,0.4451604187488556,0.0,0.0,0.2297411412000656
0.0,0.0,0.2530134618282318,1.0,1.0,0.5113694071769714
1.0,1.0,0.6182422637939453,1.0,1.0,0.5426835417747498
1.0,1.0,0.9028677344322205,1.0,1.0,0.6061173677444458
0.0,0.0,0.4046006500720978,0.0,0.0,0.27281689643859863
0.0,0.0,0.2083657830953598,1.0,1.0,0.701129674911499
1.0,1.0,0.7686824798583984,0.0,0.0,0.44597989320755005
1.0,0.0,0.4461491107940674,0.0,0.0,0.30070728063583374
1.0,1.0,0.5532379150390625,1.0,0.0,0.33391985297203064
1.0,0.0,0.4741635322570801,0.0,1.0,0.5036699771881104
1.0,1.0,0.8751349449157715,1.0,1.0,0.5639476180076599
0.0,0.0,0.34620311856269836,0.0,1.0,0.5480485558509827
1.0,1.0,0.6873356103897095,1.0,1.0,0.7295675873756409
1.0,0.0,0.2655729353427887,0.0,1.0,0.5176281332969666
0.0,0.0,0.24438810348510742,1.0,0.0,0.404376357793808
1.0,1.0,0.5564519166946411,1.0,1.0,0.619313657283783
0.0,1.0,0.5013284087181091,0.0,0.0,0.42687058448791504
0.0,0.0,0.4184177815914154,0.0,0.0,0.4168888032436371
1.0,1.0,0.6501074433326721,0.0,0.0,0.3315628170967102
0.0,0.0,0.3553113043308258,1.0,1.0,0.7946841716766357
1.0,1.0,0.6975210309028625,0.0,0.0,0.41853514313697815
0.0,0.0,0.4653725326061249,0.0,1.0,0.6229612231254578
1.0,1.0,0.7101077437400818,0.0,0.0,0.48200151324272156
0.0,0.0,0.2813444137573242,1.0,1.0,0.702301025390625
1.0,1.0,0.5283821821212769,1.0,1.0,0.6948868036270142
0.0,0.0,0.39738842844963074,1.0,0.0,0.45934823155403137
0.0,0.0,0.3375838100910187,0.0,0.0,0.33477920293807983
1.0,1.0,0.5236871242523193,1.0,0.0,0.46114158630371094
0.0,0.0,0.3591339886188507,0.0,0.0,0.3984404504299164
0.0,0.0,0.33787477016448975,0.0,0.0,0.41323941946029663
1.0,1.0,0.7475215792655945,0.0,0.0,0.19730475544929504
0.0,0.0,0.44231805205345154,0.0,0.0,0.26247143745422363
0.0,0.0,0.24854174256324768,1.0,1.0,0.7952942848205566
1.0,1.0,0.7945937514305115,1.0,0.0,0.4238821864128113
1.0,0.0,0.4091688096523285,0.0,0.0,0.16866737604141235
0.0,1.0,0.5610266923904419,1.0,1.0,0.7630606293678284
1.0,1.0,0.5759370923042297,0.0,0.0,0.4387684762477875
0.0,0.0,0.49661004543304443,0.0,0.0,0.3563651740550995
0.0,0.0,0.2268105447292328,0.0,1.0,0.5253199934959412
0.0,0.0,0.2547731399536133,1.0,1.0,0.5940180420875549
0.0,0.0,0.2919551134109497,0.0,0.0,0.2001706212759018
0.0,0.0,0.33810046315193176,0.0,0.0,0.19005617499351501
1.0,0.0,0.46176230907440186,0.0,0.0,0.3898571729660034
1.0,1.0,0.9093990921974182,0.0,0.0,0.3768770694732666
0.0,0.0,0.28920555114746094,0.0,1.0,0.5666744112968445
1.0,0.0,0.3195958733558655,1.0,0.0,0.4948807656764984
0.0,0.0,0.4056394696235657,0.0,0.0,0.28325578570365906
1.0,0.0,0.4504949152469635,1.0,0.0,0.4111413061618805
1.0,1.0,0.7636847496032715,1.0,1.0,0.7240700721740723
1.0,0.0,0.3947770595550537,1.0,0.0,0.23456943035125732
0.0,0.0,0.28489992022514343,1.0,0.0,0.35230639576911926
1.0,1.0,0.8109978437423706,0.0,0.0,0.25545015931129456
0.0,0.0,0.37725502252578735,1.0,0.0,0.46171998977661133
0.0,1.0,0.5113991498947144,0.0,0.0,0.2936428189277649
0.0,0.0,0.4624428451061249,0.0,0.0,0.3474794328212738
1.0,1.0,0.6493600010871887,0.0,0.0,0.3785286247730255
0.0,0.0,0.3940519690513611,1.0,1.0,0.5528161525726318
0.0,1.0,0.6005048155784607,1.0,1.0,0.5605232119560242
1.0,1.0,0.6666105389595032,0.0,0.0,0.3954257667064667
0.0,0.0,0.21469976007938385,0.0,0.0,0.17403991520404816
1.0,1.0,0.6007441878318787,0.0,0.0,0.26059192419052124
0.0,0.0,0.3527894914150238,1.0,0.0,0.30932140350341797
1.0,1.0,0.5863695740699768,1.0,0.0,0.444584459066391
1.0,0.0,0.4987669587135315,1.0,1.0,0.7182264924049377
1.0,1.0,0.5900505185127258,1.0,1.0,0.6330406665802002
1.0,0.0,0.4493255615234375,1.0,0.0,0.4370363652706146
0.0,0.0,0.378115713596344,0.0,0.0,0.22094568610191345
0.0,0.0,0.42926692962646484,0.0,0.0,0.2888546884059906
1.0,0.0,0.2852637469768524,1.0,1.0,0.5852468013763428
1.0,1.0,0.5946254134178162,1.0,1.0,0.729412853717804
0.0,0.0,0.3819432556629181,0.0,0.0,0.4484686553478241
0.0,0.0,0.2013726532459259,1.0,1.0,0.7374417781829834
0.0,0.0,0.31050756573677063,0.0,0.0,0.4298543632030487
1.0,1.0,0.5954122543334961,1.0,1.0,0.8760824799537659
1.0,1.0,0.93244469165802,1.0,1.0,0.5028937458992004
1.0,0.0,0.35321125388145447,0.0,0.0,0.4475214183330536
0.0,0.0,0.3319779336452484,0.0,0.0,0.4164036512374878
1.0,1.0,0.6663228869438171,1.0,1.0,0.8288438320159912
0.0,0.0,0.3344014286994934,0.0,0.0,0.30367061495780945
0.0,0.0,0.19444532692432404,1.0,1.0,0.5485267639160156
1.0,1.0,0.6987153887748718,1.0,0.0,0.2705429494380951
0.0,0.0,0.2887558937072754,1.0,1.0,0.7270620465278625
0.0,0.0,0.27786409854888916,0.0,0.0,0.2470303177833557
1.0,1.0,0.5075706243515015,0.0,1.0,0.588858962059021
1.0,1.0,0.8268715739250183,0.0,0.0,0.328268826007843
1.0,1.0,0.7291797399520874,1.0,1.0,0.6072483062744141
0.0,0.0,0.2595921754837036,0.0,0.0,0.28836962580680847
0.0,0.0,0.3591677248477936,0.0,0.0,0.3202522099018097
1.0,1.0,0.8493199944496155,1.0,0.0,0.38278815150260925
0.0,0.0,0.2992006838321686,1.0,1.0,0.5355865359306335
0.0,0.0,0.3145253360271454,0.0,1.0,0.7567837834358215
0.0,0.0,0.33880454301834106,1.0,0.0,0.46292927861213684
1.0,1.0,0.7200871706008911,1.0,1.0,0.7597816586494446
0.0,0.0,0.410743772983551,0.0,0.0,0.48144569993019104
1.0,0.0,0.42836374044418335,1.0,0.0,0.4117898941040039
0.0,1.0,0.567626416683197,0.0,1.0,0.7459495067596436
1.0,1.0,0.7577751874923706,0.0,0.0,0.2840622663497925
1.0,0.0,0.4435718059539795,1.0,0.0,0.45618629455566406
1.0,1.0,0.9368848204612732,0.0,1.0,0.5555380582809448
0.0,0.0,0.4682283103466034,0.0,0.0,0.46995946764945984
0.0,0.0,0.422193706035614,1.0,1.0,0.8656892776489258
1.0,1.0,0.8568862676620483,1.0,1.0,0.5407245755195618
0.0,1.0,0.5045690536499023,1.0,1.0,0.5811470150947571
1.0,1.0,0.6856732964515686,0.0,0.0,0.3317558765411377
0.0,0.0,0.2800842821598053,0.0,0.0,0.31699055433273315
1.0,1.0,0.8253260850906372,0.0,0.0,0.2655729353427887
0.0,0.0,0.3649325966835022,1.0,0.0,0.37156614661216736
1.0,1.0,0.8651696443557739,1.0,0.0,0.44539228081703186
1.0,1.0,0.6927778124809265,1.0,1.0,0.838636577129364
0.0,0.0,0.31407883763313293,1.0,0.0,0.37255311012268066
1.0,1.0,0.6187356114387512,0.0,0.0,0.31082117557525635
1.0,1.0,0.5504987835884094,1.0,1.0,0.5106353759765625
0.0,0.0,0.31362485885620117,0.0,0.0,0.42772623896598816
0.0,0.0,0.3320412039756775,0.0,0.0,0.23179788887500763
0.0,0.0,0.43129095435142517,0.0,0.0,0.3728146255016327
0.0,0.0,0.4766967296600342,0.0,1.0,0.5525990128517151
1.0,1.0,0.7960013747215271,0.0,0.0,0.22193072736263275
1.0,1.0,0.5857548713684082,0.0,0.0,0.3973858952522278
0.0,1.0,0.5271879434585571,0.0,0.0,0.3818320035934448
0.0,0.0,0.19686314463615417,1.0,0.0,0.2728186547756195
1.0,1.0,0.7828715443611145,1.0,1.0,0.6975210309028625
1.0,0.0,0.48245692253112793,1.0,1.0,0.8653725385665894
0.0,0.0,0.335506796836853,1.0,1.0,0.6981136798858643
1.0,1.0,0.7373135089874268,1.0,1.0,0.7658208012580872
1.0,0.0,0.36432012915611267,0.0,1.0,0.5178149938583374
0.0,1.0,0.5136675238609314,0.0,0.0,0.41885530948638916
1.0,1.0,0.5458483099937439,1.0,1.0,0.6367902755737305
1.0,1.0,0.5043194890022278,0.0,0.0,0.2558768391609192
1.0,1.0,0.7202180027961731,1.0,1.0,0.7190421223640442
1.0,1.0,0.7870777249336243,1.0,0.0,0.30156660079956055
1.0,1.0,0.7734187245368958,1.0,0.0,0.4880041480064392
1.0,1.0,0.605635404586792,1.0,1.0,0.7250167727470398
1.0,0.0,0.3893079459667206,1.0,1.0,0.6901172995567322
0.0,0.0,0.2989587187767029,1.0,0.0,0.32626163959503174
1.0,0.0,0.2903801202774048,1.0,0.0,0.3649173378944397
1.0,0.0,0.3741321861743927,1.0,1.0,0.5918223857879639
1.0,0.0,0.37070906162261963,1.0,1.0,0.5254077911376953
0.0,0.0,0.36915192008018494,1.0,1.0,0.8315059542655945
1.0,0.0,0.3930579423904419,1.0,1.0,0.51673823595047
0.0,0.0,0.2168569564819336,0.0,0.0,0.4504117965698242
0.0,0.0,0.3732742965221405,0.0,1.0,0.5158945918083191
1.0,0.0,0.26332587003707886,1.0,1.0,0.5223516821861267
1.0,1.0,0.9026303887367249,0.0,0.0,0.3783250153064728
1.0,1.0,0.5965826511383057,1.0,0.0,0.4225028455257416
0.0,0.0,0.3805253505706787,0.0,0.0,0.20321671664714813
1.0,0.0,0.3773770034313202,0.0,0.0,0.39794689416885376
1.0,1.0,0.7065386772155762,1.0,0.0,0.4551372826099396
0.0,0.0,0.2592180669307709,1.0,1.0,0.678115725517273
1.0,0.0,0.3912757933139801,1.0,0.0,0.47785109281539917
1.0,1.0,0.7049131393432617,0.0,0.0,0.30889204144477844
0.0,0.0,0.46090883016586304,0.0,0.0,0.2571217119693756
0.0,0.0,0.39586782455444336,0.0,1.0,0.5616893768310547
0.0,0.0,0.3737388849258423,1.0,1.0,0.6677254438400269
0.0,0.0,0.28438490629196167,0.0,1.0,0.7503677010536194
1.0,1.0,0.7189689874649048,0.0,1.0,0.5232545733451843
0.0,0.0,0.36750611662864685,1.0,1.0,0.6669545769691467
0.0,0.0,0.37256190180778503,1.0,0.0,0.3124648630619049
0.0,0.0,0.18017679452896118,0.0,0.0,0.33117327094078064
0.0,0.0,0.24796439707279205,0.0,1.0,0.7898975610733032
0.0,0.0,0.3424685001373291,1.0,0.0,0.45894721150398254
0.0,0.0,0.39737749099731445,0.0,0.0,0.35179370641708374
0.0,0.0,0.2205025851726532,0.0,0.0,0.44090938568115234
0.0,0.0,0.41719239950180054,0.0,0.0,0.20488953590393066
0.0,0.0,0.39973559975624084,0.0,0.0,0.3283314108848572
0.0,0.0,0.39998576045036316,1.0,1.0,0.9331585168838501
0.0,0.0,0.1909503936767578,1.0,0.0,0.4744359850883484
1.0,1.0,0.8521261811256409,0.0,0.0,0.32425954937934875
1.0,0.0,0.3011174499988556,1.0,0.0,0.44316422939300537
1.0,1.0,0.6413294076919556,0.0,0.0,0.3435085415840149
1.0,1.0,0.8257102370262146,0.0,0.0,0.31835976243019104
1.0,0.0,0.4286420941352844,0.0,0.0,0.3331860303878784
1.0,1.0,0.8821201324462891,0.0,0.0,0.36807671189308167
0.0,1.0,0.5516894459724426,1.0,0.0,0.23859845101833344
1.0,0.0,0.3361666798591614,0.0,1.0,0.5178698301315308
0.0,0.0,0.4065636694431305,1.0,1.0,0.6888575553894043
1.0,0.0,0.47253820300102234,1.0,1.0,0.5163022875785828
1.0,1.0,0.7956544756889343,1.0,0.0,0.4328380823135376
0.0,0.0,0.48537611961364746,1.0,1.0,0.7219101190567017
1.0,1.0,0.601466178894043,0.0,1.0,0.5498905181884766
1.0,1.0,0.6188894510269165,0.0,1.0,0.6619150638580322
0.0,0.0,0.2718103229999542,1.0,1.0,0.6901545524597168
1.0,0.0,0.4650033414363861,0.0,0.0,0.3140105903148651
1.0,1.0,0.815024733543396,1.0,0.0,0.4281054735183716
1.0,1.0,0.845436155796051,1.0,1.0,0.7189719676971436
0.0,0.0,0.39683014154434204,1.0,1.0,0.7854844331741333
0.0,0.0,0.27271944284439087,1.0,1.0,0.5811821222305298
1.0,1.0,0.6601062417030334,1.0,1.0,0.5505631566047668
0.0,0.0,0.32241782546043396,1.0,0.0,0.35554736852645874
1.0,1.0,0.6013716459274292,0.0,0.0,0.28198814392089844
1.0,0.0,0.3111157715320587,0.0,0.0,0.4819447100162506
0.0,0.0,0.29791057109832764,1.0,1.0,0.6808393001556396
0.0,0.0,0.4056394696235657,1.0,1.0,0.8093187808990479
0.0,0.0,0.37686094641685486,1.0,1.0,0.5997353196144104
0.0,0.0,0.15845414996147156,1.0,1.0,0.8502548336982727
1.0,1.0,0.8693633079528809,0.0,1.0,0.6007135510444641
0.0,0.0,0.39395344257354736,0.0,0.0,0.25384315848350525
0.0,0.0,0.36535632610321045,1.0,1.0,0.5571669936180115
1.0,1.0,0.8218868374824524,0.0,0.0,0.26402077078819275
1.0,1.0,0.870210587978363,0.0,0.0,0.42263519763946533
0.0,0.0,0.35439568758010864,0.0,0.0,0.1748296618461609
0.0,0.0,0.28739774227142334,1.0,1.0,0.6969845294952393
1.0,1.0,0.6062206029891968,0.0,0.0,0.42777177691459656
0.0,1.0,0.5316699147224426,0.0,0.0,0.4345475137233734
0.0,0.0,0.3864731192588806,0.0,0.0,0.2134747952222824
1.0,1.0,0.6071820855140686,0.0,1.0,0.6914680004119873
1.0,1.0,0.6556947231292725,0.0,0.0,0.49973806738853455
0.0,0.0,0.3744393289089203,0.0,1.0,0.7310916185379028
1.0,0.0,0.3724369704723358,0.0,0.0,0.2956196665763855
1.0,1.0,0.682618260383606,1.0,1.0,0.5449252128601074
0.0,1.0,0.5043057799339294,1.0,1.0,0.676804780960083
1.0,1.0,0.6620610952377319,1.0,1.0,0.7235640287399292
1.0,1.0,0.7593606114387512,0.0,0.0,0.2555125653743744
0.0,0.0,0.3928711414337158,1.0,1.0,0.6073046326637268
1.0,1.0,0.6489049196243286,0.0,0.0,0.33670884370803833
0.0,0.0,0.41932037472724915,1.0,0.0,0.44908347725868225
0.0,0.0,0.18725961446762085,0.0,1.0,0.5674601197242737
0.0,0.0,0.26882293820381165,0.0,0.0,0.2716566026210785
0.0,0.0,0.3291151523590088,0.0,0.0,0.318914532661438
0.0,0.0,0.1607929915189743,0.0,0.0,0.2496873438358307
1.0,1.0,0.6513674259185791,0.0,0.0,0.37300533056259155
0.0,1.0,0.5020061135292053,0.0,0.0,0.31327250599861145
1.0,1.0,0.8833315968513489,1.0,1.0,0.5186991691589355
0.0,0.0,0.34289559721946716,0.0,0.0,0.24224016070365906
1.0,1.0,0.6071808338165283,1.0,1.0,0.8105911612510681
0.0,1.0,0.5826478004455566,1.0,0.0,0.4395052492618561
0.0,0.0,0.4173763692378998,1.0,1.0,0.8124389052391052
0.0,0.0,0.49310386180877686,1.0,1.0,0.9164762496948242
0.0,0.0,0.2840164303779602,1.0,1.0,0.7294331789016724
1.0,1.0,0.8922658562660217,1.0,1.0,0.6230733394622803
1.0,1.0,0.566548764705658,1.0,1.0,0.6009674668312073
1.0,0.0,0.38542842864990234,1.0,1.0,0.7740564346313477
0.0,1.0,0.7088597416877747,1.0,1.0,0.7143883109092712
0.0,0.0,0.3337036967277527,0.0,0.0,0.3279888331890106
0.0,0.0,0.29394444823265076,1.0,0.0,0.33756789565086365
0.0,0.0,0.35925760865211487,1.0,0.0,0.43253687024116516
1.0,1.0,0.6053968667984009,1.0,1.0,0.7982087731361389
1.0,0.0,0.4272051155567169,0.0,0.0,0.3072984218597412
1.0,0.0,0.45823147892951965,0.0,0.0,0.18386168777942657
0.0,0.0,0.3278784155845642,0.0,0.0,0.14237932860851288
1.0,0.0,0.4439656138420105,1.0,1.0,0.6119961738586426
0.0,0.0,0.29928305745124817,1.0,1.0,0.6135247349739075
1.0,1.0,0.5655747652053833,1.0,0.0,0.37680739164352417
0.0,0.0,0.16514797508716583,1.0,0.0,0.31230589747428894
0.0,0.0,0.35480135679244995,0.0,0.0,0.2702186107635498
1.0,0.0,0.29734766483306885,1.0,1.0,0.6460253596305847
0.0,0.0,0.37169384956359863,1.0,1.0,0.8944815397262573
0.0,0.0,0.2885752320289612,1.0,1.0,0.7609602808952332
1.0,1.0,0.6197786331176758,1.0,0.0,0.3510585129261017
0.0,0.0,0.20529867708683014,1.0,0.0,0.42399004101753235
1.0,1.0,0.5488103032112122,0.0,0.0,0.3520471155643463
0.0,0.0,0.30429381132125854,0.0,0.0,0.485213965177536
1.0,0.0,0.3155767321586609,0.0,0.0,0.3091260492801666
0.0,0.0,0.28548407554626465,1.0,1.0,0.7972334027290344
0.0,0.0,0.29889440536499023,0.0,0.0,0.43071773648262024
0.0,0.0,0.27015116810798645,0.0,1.0,0.6808779239654541
1.0,0.0,0.4130840301513672,0.0,0.0,0.2353055775165558
0.0,1.0,0.5710504055023193,0.0,0.0,0.4416409730911255
0.0,0.0,0.2260860949754715,0.0,0.0,0.19397465884685516
1.0,1.0,0.8382828831672668,1.0,0.0,0.4001368284225464
0.0,0.0,0.4405571520328522,1.0,0.0,0.31371942162513733
0.0,0.0,0.3336609899997711,0.0,0.0,0.32338747382164
0.0,1.0,0.5078186988830566,1.0,1.0,0.7355859875679016
0.0,0.0,0.295167475938797,1.0,0.0,0.4404245913028717
1.0,1.0,0.5073536038398743,1.0,1.0,0.5103836059570312
0.0,0.0,0.28603577613830566,1.0,0.0,0.4822452664375305
1.0,1.0,0.552628219127655,0.0,0.0,0.4545074701309204
1.0,1.0,0.6883558034896851,1.0,0.0,0.3474905490875244
0.0,1.0,0.6224076747894287,0.0,0.0,0.28213220834732056
0.0,0.0,0.4903936982154846,1.0,1.0,0.5485480427742004
0.0,0.0,0.306302934885025,1.0,1.0,0.6085352897644043
1.0,0.0,0.4056394696235657,1.0,1.0,0.5986666679382324
1.0,0.0,0.44556862115859985,1.0,0.0,0.3514476716518402
1.0,1.0,0.6473948955535889,1.0,1.0,0.5103506445884705
1.0,1.0,0.746512234210968,1.0,0.0,0.3731178939342499
1.0,1.0,0.6807577610015869,0.0,0.0,0.3398106098175049
0.0,0.0,0.2768535614013672,1.0,1.0,0.5523597598075867
1.0,0.0,0.4870682656764984,1.0,1.0,0.5061204433441162
0.0,1.0,0.7810906171798706,1.0,1.0,0.7534095644950867
0.0,0.0,0.34116774797439575,1.0,1.0,0.6234030723571777
1.0,1.0,0.5003975629806519,0.0,0.0,0.3599981665611267
0.0,0.0,0.2308761030435562,0.0,0.0,0.3488380014896393
0.0,0.0,0.3114512860774994,1.0,1.0,0.7154989242553711
0.0,0.0,0.413439005613327,0.0,0.0,0.41778573393821716
1.0,1.0,0.9125350713729858,1.0,0.0,0.2966534495353699
0.0,1.0,0.5020621418952942,1.0,1.0,0.5771892070770264
1.0,0.0,0.46712028980255127,1.0,0.0,0.42521247267723083
1.0,1.0,0.8111804723739624,0.0,0.0,0.3015826642513275
1.0,0.0,0.35688796639442444,1.0,1.0,0.861976146697998
1.0,0.0,0.3282836973667145,0.0,0.0,0.46632394194602966
0.0,0.0,0.38055098056793213,0.0,0.0,0.3102336823940277
0.0,0.0,0.3351563513278961,0.0,0.0,0.32808801531791687
1.0,1.0,0.8429518938064575,1.0,1.0,0.5479040741920471
0.0,0.0,0.24256259202957153,1.0,1.0,0.8819088935852051
0.0,0.0,0.27869725227355957,1.0,0.0,0.41301706433296204
0.0,0.0,0.3432576060295105,1.0,1.0,0.8797685503959656
1.0,1.0,0.9476446509361267,0.0,0.0,0.38452619314193726
0.0,0.0,0.4809734523296356,0.0,0.0,0.34890323877334595
1.0,1.0,0.613963782787323,1.0,0.0,0.392051637172699
0.0,0.0,0.3424726128578186,1.0,0.0,0.4798228144645691
0.0,0.0,0.35047903656959534,1.0,0.0,0.3942341208457947
1.0,0.0,0.4274461269378662,0.0,0.0,0.38389626145362854
1.0,0.0,0.459390789270401,0.0,0.0,0.4842352569103241
0.0,1.0,0.6689382195472717,0.0,0.0,0.3554629385471344
1.0,1.0,0.7074798941612244,0.0,0.0,0.1909503936767578
0.0,0.0,0.3465094566345215,0.0,0.0,0.2537462115287781
1.0,1.0,0.5454798936843872,0.0,0.0,0.2936428189277649
1.0,1.0,0.7174938917160034,1.0,1.0,0.8079009652137756
0.0,1.0,0.6786792874336243,0.0,0.0,0.2201480120420456
1.0,1.0,0.7327724695205688,0.0,0.0,0.3373631536960602
1.0,1.0,0.6036580204963684,0.0,0.0,0.46794554591178894
1.0,1.0,0.6928419470787048,1.0,1.0,0.6931635141372681
0.0,1.0,0.5189446210861206,0.0,0.0,0.381266713142395
0.0,0.0,0.33653533458709717,1.0,1.0,0.8307392597198486
1.0,0.0,0.3342263400554657,0.0,0.0,0.3368980884552002
1.0,1.0,0.5174694061279297,1.0,1.0,0.7780826091766357
1.0,1.0,0.645466148853302,1.0,1.0,0.5429755449295044
0.0,0.0,0.2605339288711548,0.0,0.0,0.3302105963230133
0.0,0.0,0.4122530221939087,0.0,0.0,0.4841291308403015
1.0,1.0,0.7626922726631165,0.0,0.0,0.38306495547294617
1.0,1.0,0.752825140953064,0.0,0.0,0.3835192024707794
0.0,0.0,0.3813692033290863,0.0,0.0,0.2530924677848816
1.0,1.0,0.5070134997367859,1.0,1.0,0.553729236125946
0.0,0.0,0.178802028298378,0.0,0.0,0.1446581333875656
0.0,0.0,0.24592061340808868,0.0,0.0,0.34678637981414795
1.0,1.0,0.5716659426689148,0.0,0.0,0.3839695155620575
0.0,0.0,0.377042293548584,0.0,0.0,0.2361796498298645
0.0,0.0,0.31916001439094543,0.0,0.0,0.3068047761917114
0.0,0.0,0.4106426537036896,1.0,0.0,0.3220662474632263
1.0,1.0,0.888355553150177,0.0,1.0,0.526390016078949
0.0,0.0,0.44617047905921936,0.0,0.0,0.3552400767803192
0.0,0.0,0.41950523853302,0.0,0.0,0.4115639626979828
0.0,0.0,0.2606062591075897,1.0,1.0,0.8460506796836853
1.0,1.0,0.6237232089042664,1.0,0.0,0.30292069911956787
1.0,1.0,0.510154128074646,0.0,0.0,0.4184512197971344
0.0,0.0,0.4945184886455536,0.0,0.0,0.39823073148727417
0.0,0.0,0.30662092566490173,0.0,0.0,0.19202569127082825
1.0,1.0,0.6417601108551025,1.0,1.0,0.5081541538238525
1.0,1.0,0.5580518841743469,0.0,1.0,0.5137082934379578
1.0,1.0,0.760342538356781,1.0,1.0,0.5776811242103577
0.0,1.0,0.5460025668144226,1.0,0.0,0.4850827753543854
0.0,0.0,0.23635521531105042,1.0,0.0,0.3163357079029083
0.0,0.0,0.27921366691589355,1.0,0.0,0.3527630567550659
0.0,1.0,0.6611554026603699,0.0,1.0,0.8044376373291016
0.0,0.0,0.30339330434799194,0.0,0.0,0.25941354036331177
0.0,1.0,0.6031329035758972,1.0,1.0,0.8819088935852051
0.0,0.0,0.3301750719547272,1.0,0.0,0.3412962853908539
1.0,1.0,0.6259815096855164,0.0,0.0,0.25866448879241943
1.0,1.0,0.5952300429344177,0.0,0.0,0.3433452844619751
0.0,0.0,0.2618158757686615,1.0,1.0,0.5383254289627075
1.0,0.0,0.4607025682926178,1.0,1.0,0.6966540217399597
0.0,0.0,0.38851869106292725,1.0,1.0,0.5079450607299805
1.0,0.0,0.27490508556365967,1.0,1.0,0.5745754241943359
1.0,1.0,0.7052121758460999,0.0,0.0,0.22487136721611023
0.0,0.0,0.2871105372905731,0.0,1.0,0.5859525203704834
0.0,0.0,0.37608152627944946,0.0,0.0,0.32258766889572144
1.0,0.0,0.4406684935092926,1.0,1.0,0.7117838859558105
0.0,1.0,0.5031852126121521,0.0,0.0,0.2823186218738556
0.0,0.0,0.362973690032959,0.0,0.0,0.3888789117336273
1.0,0.0,0.448991984128952,0.0,0.0,0.39555785059928894
1.0,1.0,0.5493929386138916,1.0,1.0,0.7139520645141602
1.0,0.0,0.4050125479698181,0.0,0.0,0.3601634204387665
0.0,0.0,0.2523123323917389,0.0,0.0,0.3979906439781189
1.0,1.0,0.7691267728805542,0.0,0.0,0.11892899125814438
1.0,1.0,0.7498906254768372,0.0,0.0,0.4486261010169983
0.0,0.0,0.33643072843551636,0.0,1.0,0.6120232343673706
0.0,0.0,0.2900748550891876,0.0,0.0,0.36587709188461304
0.0,0.0,0.3240322470664978,0.0,0.0,0.3379916846752167
0.0,0.0,0.3751721978187561,1.0,1.0,0.8480264544487
1.0,1.0,0.5076586604118347,1.0,1.0,0.5303049087524414
0.0,0.0,0.28804072737693787,0.0,0.0,0.3123243451118469
0.0,0.0,0.41625115275382996,0.0,0.0,0.25339147448539734
1.0,1.0,0.6610586643218994,1.0,0.0,0.3303094208240509
1.0,1.0,0.5007142424583435,0.0,1.0,0.5298025608062744
1.0,1.0,0.707053005695343,0.0,0.0,0.3509816527366638
0.0,0.0,0.41436776518821716,1.0,1.0,0.7713070511817932
0.0,0.0,0.3059046268463135,0.0,1.0,0.5073792338371277
0.0,0.0,0.34472012519836426,1.0,1.0,0.7086708545684814
1.0,0.0,0.2737467586994171,0.0,0.0,0.41731536388397217
1.0,1.0,0.6107381582260132,1.0,0.0,0.49549397826194763
1.0,1.0,0.5196716785430908,1.0,1.0,0.7650333046913147
1.0,0.0,0.43320897221565247,0.0,0.0,0.2753382921218872
0.0,0.0,0.3901899456977844,0.0,0.0,0.3425614535808563
0.0,0.0,0.3640153408050537,1.0,1.0,0.6350697875022888
0.0,0.0,0.3807433247566223,0.0,0.0,0.36722874641418457
1.0,0.0,0.45894721150398254,1.0,1.0,0.5110721588134766
0.0,0.0,0.28010156750679016,1.0,0.0,0.40511220693588257
0.0,0.0,0.15175627171993256,0.0,0.0,0.2641529440879822
0.0,0.0,0.26373112201690674,0.0,0.0,0.4490397274494171
0.0,0.0,0.42481958866119385,1.0,1.0,0.6853545904159546
1.0,0.0,0.4018436074256897,0.0,1.0,0.5014474391937256
1.0,1.0,0.7624585032463074,1.0,1.0,0.510154128074646
0.0,0.0,0.19864745438098907,1.0,1.0,0.723554253578186
1.0,1.0,0.8685287833213806,0.0,0.0,0.31301286816596985
1.0,1.0,0.746512234210968,0.0,0.0,0.3644566237926483
1.0,0.0,0.4617621600627899,1.0,1.0,0.8623608350753784
0.0,0.0,0.36844170093536377,1.0,0.0,0.3343327045440674
0.0,1.0,0.5895217657089233,1.0,1.0,0.7047795653343201
0.0,0.0,0.31457895040512085,1.0,1.0,0.509712278842926
1.0,1.0,0.6959805488586426,1.0,1.0,0.6109000444412231
1.0,0.0,0.4414425790309906,0.0,1.0,0.5109596848487854
1.0,0.0,0.42368993163108826,0.0,0.0,0.32492101192474365
1.0,0.0,0.39803701639175415,0.0,0.0,0.38326340913772583
1.0,1.0,0.6926881670951843,1.0,1.0,0.8324955105781555
0.0,0.0,0.4455203413963318,0.0,0.0,0.36721062660217285
0.0,0.0,0.34098127484321594,0.0,0.0,0.2627929747104645
0.0,0.0,0.24684596061706543,0.0,0.0,0.24189706146717072
0.0,0.0,0.47546327114105225,0.0,0.0,0.29706454277038574
1.0,1.0,0.7685917019844055,1.0,1.0,0.8679412603378296
1.0,1.0,0.9239988923072815,1.0,1.0,0.5198354721069336
0.0,0.0,0.15274322032928467,1.0,1.0,0.5735214948654175
1.0,1.0,0.7846848964691162,1.0,0.0,0.48760923743247986
1.0,0.0,0.3186348080635071,0.0,0.0,0.3681241571903229
0.0,0.0,0.32589539885520935,0.0,0.0,0.3308546245098114
0.0,1.0,0.6411256194114685,1.0,0.0,0.2840164303779602
0.0,0.0,0.2906816303730011,0.0,0.0,0.25783050060272217
1.0,1.0,0.671614408493042,1.0,1.0,0.5140847563743591
1.0,1.0,0.560566246509552,0.0,0.0,0.32730451226234436
0.0,0.0,0.4322490990161896,0.0,0.0,0.49809813499450684
1.0,0.0,0.39180469512939453,0.0,0.0,0.374172180891037
0.0,0.0,0.25347867608070374,1.0,1.0,0.6199944615364075
0.0,0.0,0.3805408179759979,0.0,0.0,0.3386857509613037
1.0,1.0,0.7584149241447449,1.0,0.0,0.2161729782819748
1.0,1.0,0.738977313041687,1.0,1.0,0.5519916415214539
1.0,0.0,0.4239107072353363,0.0,0.0,0.48238036036491394
0.0,0.0,0.2478356957435608,0.0,1.0,0.5383501648902893
0.0,0.0,0.22686560451984406,1.0,1.0,0.6984255909919739
1.0,1.0,0.6678591370582581,0.0,1.0,0.5228474736213684
1.0,1.0,0.7790214419364929,1.0,0.0,0.3598759174346924
0.0,1.0,0.6192827224731445,1.0,1.0,0.8114331960678101
0.0,0.0,0.44065266847610474,0.0,0.0,0.4629696309566498
0.0,0.0,0.32379332184791565,1.0,1.0,0.7113409638404846
0.0,0.0,0.33886781334877014,1.0,1.0,0.8935244083404541
0.0,0.0,0.3826478123664856,1.0,0.0,0.392320841550827
1.0,0.0,0.26842594146728516,0.0,0.0,0.3381817042827606
1.0,1.0,0.7472604513168335,0.0,0.0,0.3490709960460663
0.0,0.0,0.21906495094299316,0.0,1.0,0.619825541973114
1.0,0.0,0.49915966391563416,0.0,0.0,0.3814232647418976
1.0,0.0,0.40001243352890015,0.0,1.0,0.6525458693504333
0.0,0.0,0.40479180216789246,1.0,1.0,0.55491703748703
0.0,1.0,0.5175697803497314,1.0,1.0,0.6910543441772461
0.0,0.0,0.2938860058784485,0.0,0.0,0.25103074312210083
0.0,0.0,0.3321244418621063,1.0,1.0,0.6522122621536255
0.0,0.0,0.2403501570224762,0.0,0.0,0.3056224584579468
0.0,0.0,0.3106521666049957,0.0,0.0,0.18265987932682037
0.0,0.0,0.446725994348526,1.0,0.0,0.4879376292228699
1.0,1.0,0.8886849284172058,1.0,1.0,0.8028614521026611
1.0,1.0,0.5400050282478333,0.0,0.0,0.2790420651435852
0.0,0.0,0.3982710540294647,0.0,1.0,0.7148744463920593
0.0,0.0,0.3653739392757416,0.0,0.0,0.3074517548084259
1.0,0.0,0.48953619599342346,0.0,0.0,0.43047669529914856
1.0,1.0,0.7604498863220215,0.0,1.0,0.6228118538856506
0.0,0.0,0.2383512407541275,0.0,0.0,0.2761988341808319
1.0,1.0,0.5545290112495422,0.0,0.0,0.31802985072135925
0.0,0.0,0.3309161365032196,0.0,0.0,0.33363381028175354
0.0,0.0,0.23547080159187317,1.0,0.0,0.37476930022239685
1.0,1.0,0.8581107258796692,0.0,0.0,0.4633820056915283
1.0,1.0,0.7643963098526001,0.0,0.0,0.2839120626449585
1.0,1.0,0.8409889340400696,0.0,0.0,0.27950236201286316
1.0,1.0,0.7096114754676819,1.0,1.0,0.724564254283905
1.0,1.0,0.53544020652771,1.0,1.0,0.5777777433395386
0.0,0.0,0.19604256749153137,0.0,0.0,0.4416733682155609
1.0,1.0,0.7718466520309448,0.0,0.0,0.31699055433273315
0.0,1.0,0.5502121448516846,0.0,0.0,0.36849093437194824
0.0,0.0,0.3122614622116089,1.0,0.0,0.32156309485435486
0.0,0.0,0.380668044090271,1.0,1.0,0.6867963075637817
1.0,0.0,0.45837193727493286,0.0,0.0,0.45990699529647827
1.0,1.0,0.8172184228897095,0.0,0.0,0.33211490511894226
1.0,1.0,0.6362712979316711,1.0,1.0,0.5116994976997375
0.0,0.0,0.2688036859035492,1.0,1.0,0.6989966034889221
1.0,1.0,0.8030311465263367,0.0,0.0,0.33157220482826233
1.0,0.0,0.46534016728401184,0.0,0.0,0.3633788228034973
1.0,1.0,0.5030427575111389,0.0,0.0,0.373522013425827
0.0,0.0,0.4821934103965759,1.0,1.0,0.5624191164970398
1.0,0.0,0.46942833065986633,0.0,0.0,0.4878047704696655
1.0,0.0,0.2588684558868408,1.0,1.0,0.6140013337135315
0.0,0.0,0.43994608521461487,0.0,0.0,0.4901426434516907
0.0,1.0,0.5991979241371155,0.0,0.0,0.265647292137146
1.0,1.0,0.8360899090766907,1.0,1.0,0.8010898232460022
0.0,1.0,0.6278778910636902,1.0,0.0,0.34500864148139954
0.0,0.0,0.42223963141441345,0.0,0.0,0.33459922671318054
1.0,1.0,0.6809002757072449,1.0,1.0,0.7663076519966125
0.0,0.0,0.41255077719688416,1.0,1.0,0.8636220693588257
0.0,0.0,0.2662493586540222,0.0,0.0,0.3427240252494812
1.0,1.0,0.6846101880073547,0.0,1.0,0.5143293738365173
0.0,0.0,0.17190074920654297,0.0,1.0,0.5882422924041748
1.0,1.0,0.7032061219215393,0.0,0.0,0.3578120768070221
0.0,0.0,0.2732303738594055,1.0,1.0,0.7748335003852844
0.0,0.0,0.3338833451271057,0.0,1.0,0.6935204267501831
0.0,0.0,0.21312576532363892,1.0,1.0,0.5359283685684204
0.0,0.0,0.32924917340278625,1.0,1.0,0.7666864395141602
0.0,1.0,0.5191026329994202,1.0,0.0,0.34809404611587524
1.0,0.0,0.36416196823120117,0.0,0.0,0.3924340009689331
1.0,0.0,0.45238178968429565,0.0,0.0,0.295604944229126
1.0,0.0,0.46407753229141235,1.0,0.0,0.4547443091869354
0.0,0.0,0.374539315700531,1.0,0.0,0.35616788268089294
0.0,0.0,0.39930328726768494,1.0,1.0,0.6567778587341309
0.0,0.0,0.4611850678920746,0.0,0.0,0.3676242530345917
0.0,0.0,0.33414050936698914,0.0,0.0,0.3236956000328064
1.0,0.0,0.45618781447410583,0.0,0.0,0.33414050936698914
1.0,0.0,0.48390984535217285,0.0,0.0,0.39174988865852356
0.0,1.0,0.64033442735672,1.0,0.0,0.4315674602985382
1.0,0.0,0.46995946764945984,1.0,1.0,0.8383091688156128
0.0,1.0,0.6029726266860962,0.0,0.0,0.34469515085220337
0.0,0.0,0.24888619780540466,1.0,0.0,0.4416261911392212
0.0,0.0,0.4294447600841522,0.0,0.0,0.26581424474716187
0.0,0.0,0.38565051555633545,0.0,0.0,0.230745330452919
0.0,0.0,0.47680479288101196,1.0,1.0,0.6688204407691956
1.0,1.0,0.772432267665863,1.0,0.0,0.4173974096775055
1.0,0.0,0.3894299566745758,0.0,0.0,0.47212153673171997
0.0,0.0,0.3267095685005188,0.0,0.0,0.46485036611557007
1.0,1.0,0.9014949798583984,0.0,0.0,0.30367061495780945
1.0,1.0,0.5116846561431885,0.0,0.0,0.31305447220802307
1.0,1.0,0.7613388895988464,1.0,0.0,0.2801068127155304
1.0,0.0,0.4863475561141968,1.0,1.0,0.6649079918861389
1.0,1.0,0.5695631504058838,1.0,1.0,0.5773190855979919
1.0,1.0,0.5121120810508728,1.0,1.0,0.8817961812019348
1.0,1.0,0.857306182384491,0.0,0.0,0.38018420338630676
1.0,1.0,0.6043261885643005,0.0,0.0,0.36618050932884216
1.0,1.0,0.85116046667099,1.0,1.0,0.6585009694099426
0.0,0.0,0.4417363107204437,0.0,0.0,0.24339096248149872
1.0,1.0,0.6482828855514526,0.0,0.0,0.23328259587287903
0.0,1.0,0.627310037612915,1.0,1.0,0.5569701790809631
0.0,0.0,0.28769099712371826,0.0,0.0,0.3676949739456177
0.0,0.0,0.477651983499527,0.0,1.0,0.6430850028991699
0.0,0.0,0.19284744560718536,1.0,0.0,0.23916594684123993
0.0,0.0,0.2951986789703369,1.0,1.0,0.7309942841529846
0.0,0.0,0.18176935613155365,1.0,1.0,0.8408890962600708
1.0,0.0,0.48737213015556335,1.0,1.0,0.9274242520332336
1.0,1.0,0.578971266746521,0.0,0.0,0.3933025300502777
1.0,1.0,0.7431349158287048,0.0,0.0,0.33239978551864624
0.0,0.0,0.19167488813400269,1.0,1.0,0.5616856813430786
1.0,0.0,0.4432015120983124,0.0,0.0,0.3852638304233551
0.0,0.0,0.2734472453594208,0.0,0.0,0.34576913714408875
1.0,1.0,0.886470377445221,1.0,1.0,0.7147960662841797
1.0,1.0,0.5063150525093079,1.0,0.0,0.4383702874183655
1.0,0.0,0.45839759707450867,0.0,0.0,0.48623713850975037
0.0,0.0,0.39386826753616333,0.0,1.0,0.6446148157119751
0.0,0.0,0.3053765296936035,0.0,1.0,0.557969868183136
1.0,1.0,0.5260961055755615,1.0,1.0,0.5129006505012512
0.0,0.0,0.3772495985031128,1.0,1.0,0.8505681157112122
1.0,0.0,0.23605205118656158,1.0,1.0,0.6065970659255981
1.0,1.0,0.5437865257263184,0.0,1.0,0.6134406924247742
0.0,0.0,0.30273595452308655,1.0,0.0,0.4236522316932678
1.0,1.0,0.8461641073226929,1.0,1.0,0.8407700061798096
0.0,1.0,0.582858145236969,0.0,0.0,0.2906213104724884
0.0,0.0,0.43430957198143005,1.0,1.0,0.5833936929702759
1.0,1.0,0.7017814517021179,0.0,1.0,0.606497585773468
1.0,1.0,0.6301044225692749,1.0,0.0,0.48748472332954407
1.0,0.0,0.4450869858264923,1.0,0.0,0.4846239387989044
0.0,0.0,0.20724861323833466,1.0,0.0,0.1395641714334488
1.0,0.0,0.38311225175857544,1.0,1.0,0.8020591139793396
0.0,0.0,0.44493308663368225,1.0,1.0,0.7175501585006714
0.0,0.0,0.14031940698623657,0.0,0.0,0.3156106173992157
0.0,0.0,0.3182961642742157,0.0,1.0,0.5052210092544556
1.0,1.0,0.5667463541030884,0.0,0.0,0.418251097202301
1.0,1.0,0.6679770350456238,0.0,0.0,0.4841291308403015
0.0,0.0,0.42189133167266846,1.0,1.0,0.7206454873085022
1.0,1.0,0.7432031035423279,1.0,0.0,0.4003133475780487
0.0,0.0,0.3633788228034973,1.0,1.0,0.5254862904548645
0.0,0.0,0.3128892481327057,1.0,1.0,0.5329544544219971
0.0,0.0,0.3511335849761963,0.0,0.0,0.22736692428588867
0.0,0.0,0.30536121129989624,1.0,1.0,0.5143752098083496
1.0,0.0,0.2839895486831665,0.0,0.0,0.3342823088169098
1.0,0.0,0.4388490319252014,1.0,1.0,0.7496502995491028
0.0,0.0,0.38410672545433044,0.0,0.0,0.1814497411251068
1.0,0.0,0.47183769941329956,0.0,0.0,0.3397224247455597
0.0,0.0,0.27217596769332886,0.0,1.0,0.6287951469421387
1.0,1.0,0.893955647945404,0.0,0.0,0.32605448365211487
0.0,1.0,0.6902496218681335,1.0,1.0,0.5853081345558167
1.0,1.0,0.7779219150543213,0.0,0.0,0.34932535886764526
0.0,0.0,0.21121253073215485,1.0,1.0,0.6133951544761658
1.0,1.0,0.5534824728965759,1.0,1.0,0.8284513354301453
1.0,1.0,0.7581369280815125,0.0,0.0,0.23428957164287567
0.0,1.0,0.5582244992256165,1.0,1.0,0.6309765577316284
1.0,1.0,0.8107082843780518,0.0,0.0,0.3184802234172821
1.0,1.0,0.8534579277038574,1.0,0.0,0.17839621007442474
1.0,1.0,0.8981567621231079,0.0,0.0,0.32287126779556274
0.0,0.0,0.41083088517189026,1.0,1.0,0.5426299571990967
1.0,0.0,0.4466567039489746,1.0,1.0,0.51202791929245
0.0,0.0,0.3911125361919403,1.0,0.0,0.35558021068573
0.0,0.0,0.23821084201335907,1.0,1.0,0.6166957020759583
1.0,1.0,0.5855317115783691,1.0,0.0,0.39415550231933594
0.0,0.0,0.2512698769569397,1.0,1.0,0.6650839447975159
1.0,0.0,0.46311303973197937,1.0,1.0,0.5515759587287903
1.0,1.0,0.8687437772750854,1.0,1.0,0.7991285920143127
0.0,0.0,0.2589532732963562,0.0,0.0,0.3492521643638611
0.0,0.0,0.4638024866580963,1.0,0.0,0.4181673526763916
1.0,1.0,0.5754851698875427,0.0,0.0,0.46163105964660645
0.0,0.0,0.4148659110069275,1.0,0.0,0.3436357080936432
0.0,0.0,0.2789996266365051,1.0,1.0,0.6335520148277283
1.0,1.0,0.7268163561820984,1.0,1.0,0.6631143093109131
1.0,0.0,0.38144606351852417,1.0,1.0,0.6809678077697754
1.0,1.0,0.7694916725158691,0.0,0.0,0.3513677418231964
0.0,0.0,0.3982867896556854,0.0,1.0,0.5439768433570862
1.0,0.0,0.42138969898223877,0.0,0.0,0.38674068450927734
1.0,0.0,0.414888858795166,0.0,0.0,0.2790222764015198
0.0,0.0,0.17150886356830597,1.0,0.0,0.44870099425315857
1.0,0.0,0.4342634975910187,1.0,0.0,0.29781296849250793
0.0,0.0,0.2229161560535431,0.0,1.0,0.5118352174758911
1.0,1.0,0.5251408219337463,0.0,0.0,0.3102298080921173
1.0,0.0,0.45981815457344055,1.0,0.0,0.3995240330696106
0.0,0.0,0.306734174489975,0.0,0.0,0.3334101438522339
0.0,1.0,0.5339388847351074,0.0,0.0,0.4987572431564331
1.0,1.0,0.6981136798858643,1.0,0.0,0.3993490934371948
1.0,0.0,0.3945973515510559,1.0,1.0,0.8593114018440247
1.0,1.0,0.6967287063598633,1.0,1.0,0.8117648363113403
1.0,0.0,0.3334481418132782,0.0,1.0,0.5560566782951355
1.0,0.0,0.3839695155620575,0.0,0.0,0.31571435928344727
1.0,1.0,0.8829472661018372,0.0,0.0,0.3383696377277374
1.0,1.0,0.606403112411499,1.0,0.0,0.42748916149139404
0.0,0.0,0.20754662156105042,1.0,0.0,0.4482845962047577
1.0,0.0,0.38008663058280945,0.0,0.0,0.3534710705280304
1.0,1.0,0.5917216539382935,0.0,0.0,0.27249613404273987
0.0,0.0,0.32530760765075684,1.0,1.0,0.8550776839256287
1.0,0.0,0.46400514245033264,1.0,1.0,0.7608397006988525
1.0,1.0,0.7328041791915894,1.0,0.0,0.3846156895160675
0.0,0.0,0.3825208842754364,0.0,0.0,0.36108648777008057
0.0,0.0,0.20175142586231232,1.0,1.0,0.6810882687568665
1.0,1.0,0.5257075428962708,0.0,0.0,0.49234122037887573
0.0,0.0,0.34299102425575256,1.0,1.0,0.8080610036849976
0.0,0.0,0.25730258226394653,1.0,1.0,0.5698524117469788
0.0,1.0,0.5504995584487915,0.0,0.0,0.3644566237926483
0.0,0.0,0.4610414206981659,0.0,0.0,0.41343942284584045
1.0,0.0,0.4088381826877594,0.0,0.0,0.1939176619052887
1.0,0.0,0.4774959087371826,0.0,0.0,0.384848028421402
1.0,1.0,0.6662692427635193,0.0,0.0,0.4997560977935791
1.0,1.0,0.5308780670166016,0.0,0.0,0.24773505330085754
1.0,0.0,0.472084105014801,0.0,0.0,0.2834268808364868
1.0,1.0,0.5040286779403687,0.0,1.0,0.526619017124176
1.0,1.0,0.5139110088348389,1.0,0.0,0.3383696377277374
1.0,1.0,0.6543753743171692,1.0,1.0,0.785742998123169
0.0,0.0,0.4135209321975708,0.0,0.0,0.3412551283836365
0.0,0.0,0.3487973213195801,0.0,0.0,0.43840518593788147
0.0,1.0,0.5281974077224731,1.0,0.0,0.29347819089889526
0.0,0.0,0.24709294736385345,0.0,0.0,0.4097178876399994
1.0,0.0,0.37254390120506287,0.0,1.0,0.6402138471603394
1.0,1.0,0.7147115468978882,1.0,1.0,0.5510960817337036
1.0,1.0,0.5040506720542908,0.0,0.0,0.40561264753341675
0.0,0.0,0.3748055100440979,0.0,1.0,0.5042378306388855
0.0,0.0,0.3883170783519745,1.0,1.0,0.7083630561828613
1.0,1.0,0.6349664926528931,0.0,0.0,0.2612340450286865
0.0,0.0,0.4338108003139496,1.0,1.0,0.5255003571510315
0.0,0.0,0.2992006838321686,0.0,1.0,0.5104309320449829
0.0,0.0,0.3681831359863281,0.0,0.0,0.33616265654563904
1.0,1.0,0.8628610968589783,1.0,0.0,0.34044668078422546
0.0,0.0,0.2937656044960022,0.0,0.0,0.47021788358688354
1.0,1.0,0.6583256721496582,1.0,1.0,0.8791291117668152
1.0,0.0,0.34809404611587524,1.0,0.0,0.2988554537296295
0.0,0.0,0.2950995862483978,1.0,1.0,0.6319474577903748
0.0,0.0,0.3898889720439911,0.0,0.0,0.27727803587913513
1.0,0.0,0.4782312214374542,0.0,1.0,0.5727167725563049
1.0,1.0,0.8970382213592529,0.0,1.0,0.5669633150100708
1.0,1.0,0.709122896194458,0.0,0.0,0.3376808166503906
0.0,1.0,0.7004461884498596,1.0,1.0,0.6273512244224548
1.0,0.0,0.28793245553970337,1.0,1.0,0.6118298172950745
0.0,0.0,0.4009281396865845,1.0,0.0,0.35837167501449585
1.0,1.0,0.6688803434371948,1.0,1.0,0.9546123147010803
1.0,0.0,0.264414519071579,0.0,0.0,0.25806358456611633
1.0,1.0,0.7699786424636841,0.0,0.0,0.267864465713501
1.0,1.0,0.7811436653137207,1.0,1.0,0.5715914964675903
1.0,1.0,0.5043050050735474,0.0,0.0,0.4636327922344208
0.0,0.0,0.18068860471248627,0.0,0.0,0.36251237988471985
1.0,1.0,0.8246188163757324,1.0,0.0,0.40448153018951416
0.0,0.0,0.4912128448486328,0.0,0.0,0.3722800314426422
0.0,0.0,0.2484893798828125,1.0,1.0,0.8461538553237915
0.0,0.0,0.2748175263404846,1.0,1.0,0.8081225752830505
0.0,1.0,0.7320660948753357,1.0,0.0,0.2710539698600769
0.0,0.0,0.2921777367591858,1.0,1.0,0.6551045179367065
0.0,0.0,0.2725187838077545,0.0,1.0,0.5162649154663086
0.0,0.0,0.22894743084907532,0.0,0.0,0.3337774872779846
1.0,1.0,0.5238525867462158,0.0,1.0,0.6116979718208313
0.0,0.0,0.28142839670181274,0.0,0.0,0.4544235169887543
1.0,1.0,0.5343242883682251,1.0,1.0,0.6697181463241577
0.0,0.0,0.18187646567821503,1.0,0.0,0.2302151769399643
1.0,1.0,0.5138750076293945,0.0,0.0,0.3399543762207031
0.0,1.0,0.6445558667182922,0.0,0.0,0.3643932342529297
1.0,0.0,0.3962472081184387,1.0,1.0,0.6283643841743469
1.0,1.0,0.7679256796836853,0.0,0.0,0.4505334198474884
1.0,1.0,0.8137173652648926,1.0,1.0,0.7751553058624268
1.0,1.0,0.7715089917182922,1.0,1.0,0.6008810997009277
1.0,1.0,0.6975210309028625,1.0,1.0,0.5115257501602173
1.0,1.0,0.6521056890487671,1.0,1.0,0.7584149241447449
1.0,0.0,0.419495165348053,0.0,0.0,0.41192853450775146
1.0,1.0,0.5285229682922363,0.0,0.0,0.4043740928173065
0.0,0.0,0.345140278339386,1.0,1.0,0.5174068212509155
0.0,0.0,0.42631787061691284,0.0,0.0,0.4178633689880371
0.0,0.0,0.28423044085502625,1.0,1.0,0.5631794929504395
0.0,0.0,0.4147633910179138,0.0,0.0,0.3219677209854126
0.0,0.0,0.3757258355617523,0.0,1.0,0.5885708928108215
0.0,0.0,0.4144537150859833,0.0,0.0,0.32379332184791565
1.0,1.0,0.5949413180351257,0.0,0.0,0.4849942624568939
0.0,0.0,0.41049957275390625,1.0,1.0,0.644311249256134
0.0,0.0,0.3232118487358093,0.0,0.0,0.27812817692756653
0.0,0.0,0.18945640325546265,0.0,0.0,0.4308229982852936
0.0,0.0,0.320072203874588,1.0,1.0,0.8810098767280579
1.0,0.0,0.3107125461101532,0.0,0.0,0.3977477252483368
1.0,0.0,0.377349853515625,1.0,1.0,0.5334138870239258
1.0,1.0,0.6738532781600952,1.0,1.0,0.6617061495780945
0.0,0.0,0.28280287981033325,0.0,0.0,0.3303764760494232
0.0,1.0,0.5532379150390625,0.0,0.0,0.4625145494937897
1.0,1.0,0.582752525806427,0.0,1.0,0.514560878276825
1.0,1.0,0.9149998426437378,1.0,1.0,0.5722621083259583
1.0,1.0,0.8118636012077332,1.0,0.0,0.4434207081794739
0.0,0.0,0.38864317536354065,1.0,0.0,0.2813248038291931
1.0,0.0,0.4999734163284302,1.0,0.0,0.40538981556892395
0.0,0.0,0.1909503936767578,1.0,0.0,0.4359109401702881
0.0,1.0,0.5895898342132568,0.0,0.0,0.38148340582847595
0.0,1.0,0.5643384456634521,0.0,0.0,0.3466164171695709
0.0,0.0,0.4785800278186798,1.0,1.0,0.8792067170143127
1.0,1.0,0.5850615501403809,1.0,1.0,0.7103424668312073
1.0,0.0,0.30525892972946167,0.0,0.0,0.3214385509490967
1.0,1.0,0.5991804003715515,0.0,0.0,0.37151476740837097
0.0,0.0,0.4359687566757202,0.0,0.0,0.3420489430427551
1.0,0.0,0.21109360456466675,1.0,1.0,0.8445411920547485
0.0,0.0,0.4360297620296478,0.0,0.0,0.3280903995037079
0.0,0.0,0.266587495803833,0.0,0.0,0.2708917558193207
0.0,0.0,0.3145349323749542,1.0,1.0,0.6763201951980591
1.0,0.0,0.4404488801956177,0.0,0.0,0.41734084486961365
0.0,1.0,0.5014130473136902,0.0,0.0,0.19551385939121246
0.0,0.0,0.3843967914581299,0.0,0.0,0.35346856713294983
0.0,0.0,0.3144725263118744,0.0,0.0,0.2544792890548706
0.0,0.0,0.3397597372531891,1.0,1.0,0.6326528787612915
1.0,0.0,0.4564824402332306,0.0,0.0,0.42125967144966125
0.0,0.0,0.40814152359962463,0.0,0.0,0.35443294048309326
0.0,1.0,0.7954391241073608,0.0,0.0,0.3015657067298889
1.0,0.0,0.46948713064193726,1.0,1.0,0.8164427280426025
0.0,0.0,0.3273022770881653,1.0,1.0,0.5122502446174622
1.0,1.0,0.6016420125961304,0.0,1.0,0.5343944430351257
1.0,1.0,0.8096605539321899,1.0,0.0,0.49767908453941345
0.0,1.0,0.5587372779846191,0.0,0.0,0.3668520748615265
1.0,1.0,0.5074872970581055,0.0,0.0,0.45045092701911926
0.0,1.0,0.511367917060852,1.0,1.0,0.6912456750869751
1.0,1.0,0.7430002093315125,1.0,1.0,0.6917765140533447
1.0,1.0,0.5535288453102112,0.0,0.0,0.21536387503147125
0.0,0.0,0.2746916115283966,1.0,1.0,0.6566673517227173
1.0,0.0,0.4178233742713928,0.0,1.0,0.530146062374115
1.0,0.0,0.3533523678779602,1.0,1.0,0.9116517305374146
1.0,1.0,0.7881149649620056,0.0,1.0,0.8479192852973938
1.0,0.0,0.3103170692920685,0.0,0.0,0.450160413980484
0.0,0.0,0.21469976007938385,0.0,0.0,0.34731200337409973
0.0,0.0,0.2963433265686035,0.0,0.0,0.33623582124710083
1.0,1.0,0.5450804829597473,0.0,1.0,0.5666744112968445
0.0,0.0,0.32323288917541504,0.0,0.0,0.2315385937690735
1.0,1.0,0.5589529275894165,0.0,0.0,0.30340155959129333
1.0,0.0,0.34489738941192627,0.0,0.0,0.4208470582962036
0.0,0.0,0.47742852568626404,0.0,0.0,0.41213977336883545
0.0,0.0,0.356463223695755,1.0,1.0,0.6798892617225647
0.0,0.0,0.22864708304405212,0.0,0.0,0.35404616594314575
0.0,0.0,0.305979460477829,1.0,1.0,0.511103093624115
0.0,1.0,0.5306888222694397,1.0,1.0,0.8626425862312317
0.0,1.0,0.5386648774147034,1.0,1.0,0.5309271216392517
1.0,0.0,0.45362237095832825,1.0,1.0,0.6889777183532715
0.0,0.0,0.42623525857925415,0.0,0.0,0.2584789991378784
0.0,0.0,0.3388023376464844,0.0,0.0,0.2650096118450165
1.0,1.0,0.5468558073043823,1.0,1.0,0.8870715498924255
0.0,0.0,0.41885966062545776,0.0,1.0,0.5278915762901306
1.0,1.0,0.6721127033233643,0.0,0.0,0.33974727988243103
0.0,0.0,0.3217882812023163,1.0,1.0,0.5238525867462158
1.0,1.0,0.8482010364532471,0.0,1.0,0.511016309261322
1.0,0.0,0.36667871475219727,1.0,0.0,0.49302706122398376
1.0,1.0,0.5594692230224609,0.0,0.0,0.45139163732528687
1.0,1.0,0.5894008874893188,0.0,0.0,0.4114731550216675
0.0,0.0,0.21595531702041626,0.0,0.0,0.3583933413028717
0.0,0.0,0.15463919937610626,0.0,0.0,0.18000757694244385
0.0,0.0,0.37555307149887085,1.0,1.0,0.7812917232513428
0.0,0.0,0.23354199528694153,1.0,1.0,0.710300862789154
0.0,0.0,0.38480883836746216,0.0,0.0,0.22773490846157074
0.0,0.0,0.3142450749874115,1.0,1.0,0.6472347974777222
0.0,0.0,0.3520933985710144,0.0,0.0,0.4096669852733612
1.0,1.0,0.7364364862442017,1.0,0.0,0.33137792348861694
0.0,0.0,0.2345312237739563,0.0,0.0,0.23089446127414703
0.0,0.0,0.3365069627761841,0.0,1.0,0.5683820247650146
0.0,0.0,0.3030533492565155,0.0,1.0,0.5150628089904785
1.0,1.0,0.5812575221061707,0.0,0.0,0.38216227293014526
1.0,0.0,0.21631783246994019,0.0,0.0,0.34475553035736084
1.0,1.0,0.7814458608627319,0.0,1.0,0.5541556477546692
0.0,0.0,0.4730336368083954,0.0,0.0,0.29542356729507446
1.0,1.0,0.5856413245201111,1.0,1.0,0.5082588791847229
0.0,0.0,0.386799156665802,0.0,1.0,0.7273238897323608
0.0,1.0,0.5903833508491516,1.0,1.0,0.5904983878135681
1.0,1.0,0.5541296601295471,0.0,0.0,0.32095107436180115
0.0,0.0,0.39233583211898804,1.0,1.0,0.7322300672531128
1.0,1.0,0.5026189684867859,0.0,0.0,0.360022634267807
0.0,0.0,0.415602445602417,1.0,1.0,0.8690466284751892
1.0,1.0,0.7871115803718567,0.0,1.0,0.5845844745635986
0.0,0.0,0.375029593706131,0.0,0.0,0.21456487476825714
1.0,1.0,0.8390288352966309,0.0,0.0,0.164439395070076
1.0,1.0,0.5860353112220764,0.0,0.0,0.35558021068573
1.0,1.0,0.7470636963844299,0.0,0.0,0.23364029824733734
0.0,0.0,0.450096994638443,1.0,1.0,0.8573355078697205
1.0,0.0,0.43298742175102234,0.0,0.0,0.29893070459365845
0.0,0.0,0.3429488241672516,1.0,1.0,0.5158303380012512
0.0,0.0,0.23073548078536987,1.0,0.0,0.4204285740852356
1.0,1.0,0.7397249937057495,0.0,0.0,0.4089953303337097
1.0,1.0,0.5722621083259583,0.0,0.0,0.4492145776748657
0.0,0.0,0.1103091761469841,0.0,1.0,0.6519860625267029
1.0,1.0,0.7098475098609924,1.0,0.0,0.4561094343662262
1.0,1.0,0.8461641073226929,1.0,0.0,0.49025142192840576
1.0,1.0,0.6467556953430176,0.0,0.0,0.2727891802787781
1.0,0.0,0.3772176206111908,0.0,0.0,0.4937707483768463
1.0,0.0,0.4123971462249756,1.0,0.0,0.26323968172073364
1.0,1.0,0.5012907385826111,0.0,0.0,0.21030345559120178
1.0,0.0,0.47522154450416565,1.0,0.0,0.313601016998291
1.0,1.0,0.7034249901771545,0.0,0.0,0.2103123962879181
0.0,1.0,0.5486350655555725,1.0,1.0,0.5810471177101135
0.0,0.0,0.3219677209854126,0.0,1.0,0.5579829216003418
0.0,0.0,0.36266013979911804,0.0,0.0,0.2975924611091614
0.0,0.0,0.2695971727371216,1.0,1.0,0.8790330290794373
1.0,1.0,0.539186954498291,0.0,0.0,0.4586635231971741
1.0,1.0,0.5404477715492249,1.0,1.0,0.550510823726654
0.0,0.0,0.3125816881656647,0.0,0.0,0.4112091660499573
0.0,0.0,0.24592061340808868,0.0,0.0,0.4162818193435669
1.0,1.0,0.5820572376251221,1.0,1.0,0.880191445350647
1.0,1.0,0.7562954425811768,0.0,0.0,0.32180675864219666
1.0,0.0,0.3450307846069336,0.0,0.0,0.2936428189277649
0.0,0.0,0.3556293547153473,1.0,1.0,0.551860511302948
0.0,0.0,0.4845329821109772,0.0,0.0,0.31145167350769043
1.0,1.0,0.5606284737586975,0.0,0.0,0.29791057109832764
0.0,1.0,0.5211607813835144,0.0,0.0,0.4430698752403259
0.0,0.0,0.36456435918807983,0.0,0.0,0.327117383480072
0.0,0.0,0.2936428189277649,1.0,0.0,0.253214567899704
1.0,1.0,0.5325510501861572,0.0,1.0,0.6011180281639099
0.0,0.0,0.28100675344467163,0.0,1.0,0.7473934292793274
1.0,0.0,0.39960289001464844,0.0,1.0,0.5227987170219421
0.0,0.0,0.3524508476257324,1.0,1.0,0.8137261271476746
0.0,0.0,0.3489888310432434,0.0,0.0,0.4294086694717407
0.0,0.0,0.26757076382637024,0.0,1.0,0.5877131223678589
1.0,0.0,0.38144052028656006,1.0,1.0,0.5542991757392883
0.0,0.0,0.4710887670516968,0.0,0.0,0.21662314236164093
1.0,1.0,0.8234443664550781,0.0,0.0,0.4586796760559082
1.0,0.0,0.3904559016227722,0.0,0.0,0.39455029368400574
1.0,0.0,0.4153195321559906,0.0,0.0,0.4106152355670929
0.0,1.0,0.5420283079147339,1.0,0.0,0.29874706268310547
0.0,0.0,0.4412982165813446,0.0,0.0,0.3573012053966522
1.0,1.0,0.673477053642273,0.0,0.0,0.3529006838798523
1.0,0.0,0.3677396774291992,1.0,0.0,0.4700973927974701
1.0,1.0,0.9289029836654663,1.0,1.0,0.5772717595100403
1.0,1.0,0.6598024964332581,1.0,1.0,0.8634721636772156
0.0,0.0,0.3085603713989258,1.0,0.0,0.33993440866470337
0.0,0.0,0.3466488718986511,1.0,1.0,0.9172365665435791
1.0,1.0,0.5220198631286621,0.0,0.0,0.3534335494041443
0.0,0.0,0.3393247723579407,1.0,1.0,0.7293797135353088
0.0,0.0,0.34310218691825867,0.0,0.0,0.29527464509010315
1.0,1.0,0.8857840299606323,1.0,1.0,0.5811309814453125
0.0,0.0,0.4584103524684906,1.0,0.0,0.2890333831310272
0.0,0.0,0.32303765416145325,0.0,0.0,0.2489534467458725
0.0,0.0,0.31668516993522644,0.0,0.0,0.365448534488678
1.0,0.0,0.35111910104751587,0.0,0.0,0.2573340833187103
0.0,0.0,0.3472411334514618,0.0,0.0,0.4345494210720062
0.0,1.0,0.511735737323761,0.0,0.0,0.29361650347709656
1.0,0.0,0.37644055485725403,1.0,1.0,0.8028614521026611
1.0,0.0,0.35367992520332336,1.0,1.0,0.6917715072631836
0.0,0.0,0.43312233686447144,1.0,1.0,0.8747416734695435
0.0,0.0,0.4812702536582947,1.0,0.0,0.4119117259979248
1.0,1.0,0.8280583024024963,0.0,0.0,0.23398561775684357
0.0,0.0,0.3361666798591614,1.0,0.0,0.40962064266204834
0.0,0.0,0.3751956522464752,1.0,1.0,0.6076268553733826
0.0,0.0,0.4473833739757538,1.0,1.0,0.8481877446174622
1.0,0.0,0.46014049649238586,0.0,1.0,0.6885951161384583
0.0,0.0,0.2910582423210144,1.0,1.0,0.5099870562553406
1.0,0.0,0.48231422901153564,0.0,1.0,0.5147736072540283
1.0,1.0,0.5803751945495605,0.0,0.0,0.37637487053871155
0.0,0.0,0.48782697319984436,0.0,0.0,0.3717103600502014
1.0,0.0,0.44685572385787964,1.0,0.0,0.2302151769399643
1.0,0.0,0.4319087564945221,1.0,1.0,0.5722497701644897
1.0,0.0,0.46837446093559265,1.0,1.0,0.7981518507003784
0.0,0.0,0.26509204506874084,0.0,0.0,0.25056079030036926
1.0,0.0,0.32335028052330017,1.0,1.0,0.7860120534896851
1.0,1.0,0.7577372789382935,1.0,1.0,0.9162226915359497
0.0,0.0,0.41250255703926086,1.0,1.0,0.5659146904945374
1.0,1.0,0.6076510548591614,0.0,0.0,0.40225130319595337
0.0,1.0,0.5893075466156006,0.0,0.0,0.37448206543922424
1.0,1.0,0.7598390579223633,0.0,1.0,0.6042032837867737
1.0,0.0,0.4066667854785919,0.0,0.0,0.30313199758529663
0.0,0.0,0.47313544154167175,1.0,0.0,0.3305911719799042
1.0,1.0,0.8394638895988464,0.0,1.0,0.5647703409194946
1.0,0.0,0.3989241123199463,0.0,0.0,0.4321030378341675
0.0,0.0,0.22131264209747314,1.0,1.0,0.7247491478919983
0.0,0.0,0.27399182319641113,0.0,0.0,0.3337653875350952
1.0,1.0,0.6007482409477234,,,
0.0,0.0,0.2857568860054016,,,
0.0,0.0,0.30525892972946167,,,
1.0,1.0,0.7736218571662903,,,
1.0,1.0,0.5200632810592651,,,
0.0,0.0,0.43216562271118164,,,
1.0,0.0,0.4511430561542511,,,
0.0,0.0,0.24592061340808868,,,
0.0,0.0,0.46436187624931335,,,
0.0,0.0,0.4776516556739807,,,
0.0,0.0,0.24879708886146545,,,
0.0,0.0,0.33475133776664734,,,
1.0,1.0,0.5667113661766052,,,
0.0,0.0,0.19634303450584412,,,
1.0,1.0,0.7104790806770325,,,
1.0,1.0,0.6628504395484924,,,
1.0,1.0,0.594794511795044,,,
1.0,1.0,0.5715820789337158,,,
1.0,1.0,0.5452409386634827,,,
1.0,1.0,0.7126719951629639,,,
0.0,0.0,0.1207762211561203,,,
1.0,1.0,0.5734844207763672,,,
0.0,0.0,0.22864708304405212,,,
1.0,1.0,0.5001329183578491,,,
1.0,0.0,0.41301706433296204,,,
0.0,0.0,0.4303220212459564,,,
1.0,1.0,0.7578354477882385,,,
1.0,0.0,0.48392385244369507,,,
0.0,0.0,0.44356176257133484,,,
1.0,1.0,0.5047447681427002,,,
1.0,1.0,0.7338337898254395,,,
1.0,1.0,0.6450674533843994,,,
1.0,0.0,0.3785998523235321,,,
0.0,0.0,0.21531197428703308,,,
0.0,0.0,0.3075682520866394,,,
1.0,0.0,0.4691358208656311,,,
0.0,0.0,0.4933755397796631,,,
0.0,0.0,0.47593533992767334,,,
0.0,0.0,0.47359198331832886,,,
1.0,1.0,0.5616893768310547,,,
0.0,0.0,0.23172873258590698,,,
0.0,0.0,0.3122614622116089,,,
1.0,0.0,0.44655895233154297,,,
1.0,1.0,0.5734469294548035,,,
0.0,0.0,0.445576936006546,,,
1.0,0.0,0.2699372470378876,,,
0.0,0.0,0.3662293553352356,,,
0.0,0.0,0.2557676136493683,,,
0.0,0.0,0.33629488945007324,,,
1.0,0.0,0.37175148725509644,,,
1.0,1.0,0.8720515370368958,,,
1.0,1.0,0.6916605830192566,,,
0.0,0.0,0.2588020861148834,,,
1.0,1.0,0.6457871198654175,,,
0.0,0.0,0.40378791093826294,,,
1.0,1.0,0.5747560262680054,,,
0.0,0.0,0.33894336223602295,,,
1.0,0.0,0.46813085675239563,,,
0.0,0.0,0.2614058554172516,,,
0.0,0.0,0.4719775915145874,,,
1.0,0.0,0.35221371054649353,,,
0.0,1.0,0.5308972001075745,,,
0.0,0.0,0.39210331439971924,,,
1.0,0.0,0.46013444662094116,,,
0.0,1.0,0.5610677599906921,,,
0.0,0.0,0.4521542489528656,,,
0.0,0.0,0.2665533125400543,,,
0.0,0.0,0.23503448069095612,,,
0.0,0.0,0.40410444140434265,,,
0.0,0.0,0.3949447572231293,,,
0.0,0.0,0.2900829613208771,,,
0.0,0.0,0.30196326971054077,,,
0.0,0.0,0.320072203874588,,,
1.0,1.0,0.6625477075576782,,,
1.0,1.0,0.7872743606567383,,,
0.0,0.0,0.41233381628990173,,,
0.0,0.0,0.2779240012168884,,,
1.0,0.0,0.4846239387989044,,,
0.0,0.0,0.32795941829681396,,,
0.0,0.0,0.2837342917919159,,,
1.0,1.0,0.944826066493988,,,
0.0,0.0,0.24955898523330688,,,
1.0,1.0,0.7390902042388916,,,
1.0,1.0,0.6068997383117676,,,
1.0,0.0,0.4097347557544708,,,
1.0,1.0,0.5309271216392517,,,
1.0,0.0,0.469173789024353,,,
1.0,1.0,0.6638122797012329,,,
0.0,0.0,0.24583756923675537,,,
1.0,0.0,0.45397675037384033,,,
0.0,0.0,0.4788888692855835,,,
1.0,1.0,0.8213141560554504,,,
1.0,0.0,0.3562549650669098,,,
0.0,0.0,0.21128907799720764,,,
1.0,1.0,0.7126291990280151,,,
0.0,0.0,0.3341897428035736,,,
0.0,0.0,0.45102307200431824,,,
0.0,0.0,0.3410302996635437,,,
1.0,0.0,0.4858245849609375,,,
0.0,0.0,0.4150848686695099,,,
1.0,1.0,0.5677868127822876,,,
1.0,1.0,0.5481312274932861,,,
0.0,0.0,0.42685332894325256,,,
0.0,0.0,0.2646530270576477,,,
0.0,0.0,0.3355633318424225,,,
1.0,1.0,0.9213830828666687,,,
1.0,0.0,0.45866858959198,,,
0.0,0.0,0.31063520908355713,,,
1.0,0.0,0.4687025845050812,,,
1.0,1.0,0.8958983421325684,,,
1.0,0.0,0.4401814937591553,,,
1.0,0.0,0.3386537730693817,,,
0.0,0.0,0.47191381454467773,,,
0.0,0.0,0.340535044670105,,,
1.0,0.0,0.47348806262016296,,,
0.0,1.0,0.5878252387046814,,,
0.0,0.0,0.3360070586204529,,,
0.0,0.0,0.19407294690608978,,,
0.0,0.0,0.2382386028766632,,,
1.0,1.0,0.7539156079292297,,,
1.0,1.0,0.8891311883926392,,,
0.0,0.0,0.296896368265152,,,
0.0,0.0,0.324360191822052,,,
1.0,1.0,0.8178720474243164,,,
1.0,1.0,0.7733532190322876,,,
0.0,0.0,0.2106630504131317,,,
0.0,0.0,0.48401927947998047,,,
0.0,0.0,0.28280287981033325,,,
0.0,0.0,0.3188518285751343,,,
0.0,0.0,0.2002466917037964,,,
1.0,1.0,0.5360444784164429,,,
0.0,1.0,0.5803282856941223,,,
0.0,0.0,0.2295772284269333,,,
1.0,1.0,0.5517584681510925,,,
0.0,0.0,0.4619554281234741,,,
0.0,1.0,0.5208149552345276,,,
0.0,0.0,0.4977634847164154,,,
0.0,0.0,0.2383066862821579,,,
0.0,0.0,0.2245919406414032,,,
1.0,0.0,0.36670342087745667,,,
1.0,0.0,0.4882807731628418,,,
0.0,0.0,0.33209189772605896,,,
1.0,1.0,0.5833555459976196,,,
1.0,1.0,0.6319212317466736,,,
0.0,0.0,0.23197755217552185,,,
0.0,0.0,0.25774484872817993,,,
0.0,0.0,0.3227565288543701,,,
0.0,0.0,0.1441570222377777,,,
0.0,0.0,0.2666911482810974,,,
0.0,0.0,0.29548370838165283,,,
0.0,0.0,0.38851869106292725,,,
0.0,1.0,0.5758087635040283,,,
1.0,1.0,0.8239379525184631,,,
1.0,0.0,0.2840164303779602,,,
1.0,1.0,0.5885792374610901,,,
0.0,0.0,0.335163414478302,,,
1.0,1.0,0.6827823519706726,,,
0.0,0.0,0.3722032904624939,,,
1.0,1.0,0.522092878818512,,,
0.0,0.0,0.3589782118797302,,,
0.0,0.0,0.33831459283828735,,,
0.0,0.0,0.47746872901916504,,,
1.0,1.0,0.8481873869895935,,,
0.0,0.0,0.34008923172950745,,,
1.0,1.0,0.6049773097038269,,,
0.0,0.0,0.44716063141822815,,,
1.0,1.0,0.785048246383667,,,
1.0,1.0,0.6382336020469666,,,
0.0,1.0,0.518009603023529,,,
0.0,0.0,0.31116005778312683,,,
0.0,0.0,0.3322969079017639,,,
1.0,1.0,0.5338992476463318,,,
1.0,1.0,0.7567837834358215,,,
0.0,0.0,0.27685654163360596,,,
1.0,1.0,0.9287974834442139,,,
1.0,1.0,0.5818320512771606,,,
0.0,0.0,0.19539044797420502,,,
1.0,1.0,0.6524773836135864,,,
1.0,1.0,0.9114677906036377,,,
1.0,1.0,0.5058959126472473,,,
0.0,0.0,0.4684845805168152,,,
1.0,1.0,0.7162206172943115,,,
1.0,1.0,0.7137635350227356,,,
1.0,1.0,0.6089742183685303,,,
1.0,1.0,0.7383521795272827,,,
1.0,1.0,0.644311249256134,,,
0.0,0.0,0.45688390731811523,,,
1.0,0.0,0.35170793533325195,,,
0.0,0.0,0.47536423802375793,,,
1.0,0.0,0.45419108867645264,,,
0.0,0.0,0.26376956701278687,,,
0.0,0.0,0.3599066734313965,,,
0.0,0.0,0.49761202931404114,,,
0.0,0.0,0.31619882583618164,,,
1.0,0.0,0.39884892106056213,,,
0.0,0.0,0.1344737559556961,,,
0.0,0.0,0.35005810856819153,,,
0.0,0.0,0.4536224603652954,,,
0.0,0.0,0.3728649914264679,,,
0.0,0.0,0.31216779351234436,,,
1.0,0.0,0.47172796726226807,,,
1.0,0.0,0.4872378408908844,,,
0.0,1.0,0.6585301160812378,,,
1.0,1.0,0.7677389979362488,,,
1.0,1.0,0.7790214419364929,,,
0.0,0.0,0.44556862115859985,,,
1.0,0.0,0.4599117934703827,,,
1.0,0.0,0.3916718363761902,,,
0.0,0.0,0.3653673529624939,,,
1.0,1.0,0.8815571665763855,,,
1.0,1.0,0.513661801815033,,,
0.0,0.0,0.21156752109527588,,,
1.0,0.0,0.48563963174819946,,,
1.0,0.0,0.4993494153022766,,,
1.0,1.0,0.5955499410629272,,,
1.0,1.0,0.5343008041381836,,,
0.0,1.0,0.5271846652030945,,,
1.0,1.0,0.5414947867393494,,,
1.0,0.0,0.4843590259552002,,,
0.0,0.0,0.1425251066684723,,,
0.0,0.0,0.3983459770679474,,,
1.0,1.0,0.51460862159729,,,
0.0,0.0,0.286878764629364,,,
0.0,0.0,0.12915204465389252,,,
1.0,1.0,0.77889084815979,,,
0.0,0.0,0.3303566873073578,,,
1.0,1.0,0.5094455480575562,,,
0.0,0.0,0.262761652469635,,,
0.0,0.0,0.21806368231773376,,,
1.0,1.0,0.673786997795105,,,
0.0,0.0,0.3566861152648926,,,
0.0,0.0,0.2713259160518646,,,
1.0,1.0,0.7085667252540588,,,
0.0,0.0,0.27353978157043457,,,
1.0,0.0,0.320664644241333,,,
0.0,0.0,0.2765311598777771,,,
1.0,1.0,0.8112395405769348,,,
0.0,0.0,0.44085052609443665,,,
1.0,0.0,0.35146665573120117,,,
1.0,0.0,0.4593648314476013,,,
0.0,0.0,0.2761240303516388,,,
1.0,0.0,0.4784197509288788,,,
1.0,1.0,0.8780827522277832,,,
1.0,1.0,0.6082883477210999,,,
1.0,1.0,0.5646287202835083,,,
0.0,0.0,0.27820390462875366,,,
0.0,0.0,0.36306139826774597,,,
0.0,0.0,0.21806368231773376,,,
0.0,0.0,0.4950634241104126,,,
1.0,1.0,0.6362661719322205,,,
1.0,1.0,0.8658135533332825,,,
1.0,1.0,0.7076473832130432,,,
0.0,0.0,0.45649802684783936,,,
0.0,0.0,0.205463707447052,,,
1.0,0.0,0.45102545619010925,,,
0.0,1.0,0.5015327334403992,,,
1.0,0.0,0.41265997290611267,,,
1.0,1.0,0.8519696593284607,,,
1.0,1.0,0.7502864599227905,,,
0.0,0.0,0.33195915818214417,,,
1.0,1.0,0.6980504989624023,,,
0.0,0.0,0.184373676776886,,,
1.0,1.0,0.7358307838439941,,,
1.0,0.0,0.3913573920726776,,,
0.0,0.0,0.38536080718040466,,,
0.0,0.0,0.32771632075309753,,,
0.0,0.0,0.31216779351234436,,,
1.0,1.0,0.5978189706802368,,,
1.0,1.0,0.8635757565498352,,,
0.0,0.0,0.188506618142128,,,
0.0,0.0,0.4743064343929291,,,
1.0,1.0,0.5797230005264282,,,
1.0,1.0,0.839288055896759,,,
0.0,0.0,0.3298429846763611,,,
0.0,0.0,0.30638206005096436,,,
0.0,0.0,0.26662445068359375,,,
0.0,0.0,0.381818026304245,,,
1.0,0.0,0.4624428451061249,,,
0.0,1.0,0.6603255867958069,,,
1.0,0.0,0.28589192032814026,,,
1.0,0.0,0.40712299942970276,,,
0.0,0.0,0.41404834389686584,,,
0.0,1.0,0.7210236191749573,,,
0.0,0.0,0.37670040130615234,,,
0.0,0.0,0.35806038975715637,,,
0.0,0.0,0.4175979793071747,,,
1.0,0.0,0.331365704536438,,,
1.0,1.0,0.8811175227165222,,,
1.0,1.0,0.5471042394638062,,,
0.0,0.0,0.4241688847541809,,,
0.0,0.0,0.38245412707328796,,,
0.0,0.0,0.2601599395275116,,,
1.0,1.0,0.6411988139152527,,,
0.0,0.0,0.4668900668621063,,,
1.0,1.0,0.7558058500289917,,,
0.0,0.0,0.1303887516260147,,,
0.0,1.0,0.5059537291526794,,,
0.0,1.0,0.7998235821723938,,,
1.0,0.0,0.36895084381103516,,,
0.0,0.0,0.40945789217948914,,,
0.0,0.0,0.38008663058280945,,,
0.0,0.0,0.24232171475887299,,,
0.0,0.0,0.38480064272880554,,,
1.0,1.0,0.8244564533233643,,,
0.0,0.0,0.33787477016448975,,,
0.0,0.0,0.34111666679382324,,,
1.0,1.0,0.6989796161651611,,,
0.0,0.0,0.3368118703365326,,,
0.0,1.0,0.5043593049049377,,,
1.0,1.0,0.5466035008430481,,,
1.0,1.0,0.6482638120651245,,,
0.0,0.0,0.42455753684043884,,,
1.0,0.0,0.42476004362106323,,,
0.0,0.0,0.42733263969421387,,,
0.0,0.0,0.3367879092693329,,,
0.0,1.0,0.7362118363380432,,,
0.0,0.0,0.24562014639377594,,,
0.0,0.0,0.36733368039131165,,,
0.0,1.0,0.7985650300979614,,,
0.0,0.0,0.4275192320346832,,,
1.0,0.0,0.4653725326061249,,,
0.0,1.0,0.532741367816925,,,
1.0,0.0,0.3358260989189148,,,
1.0,0.0,0.45062771439552307,,,
0.0,0.0,0.33191075921058655,,,
0.0,0.0,0.3840445578098297,,,
0.0,0.0,0.4921324849128723,,,
0.0,1.0,0.5981866121292114,,,
1.0,1.0,0.5126560926437378,,,
0.0,0.0,0.4086051285266876,,,
1.0,1.0,0.5569983720779419,,,
1.0,0.0,0.34928762912750244,,,
0.0,1.0,0.5425044298171997,,,
0.0,0.0,0.3379916846752167,,,
1.0,1.0,0.8378621339797974,,,
1.0,1.0,0.6214026808738708,,,
1.0,1.0,0.8865302205085754,,,
1.0,1.0,0.6457366347312927,,,
1.0,0.0,0.4287862479686737,,,
1.0,1.0,0.809167206287384,,,
0.0,1.0,0.5165680050849915,,,
0.0,0.0,0.3456495702266693,,,
0.0,0.0,0.298743337392807,,,
1.0,1.0,0.6853156089782715,,,
0.0,0.0,0.2123085856437683,,,
1.0,1.0,0.7448928356170654,,,
1.0,1.0,0.825715959072113,,,
0.0,1.0,0.5593394041061401,,,
1.0,1.0,0.6849328875541687,,,
0.0,1.0,0.542732298374176,,,
0.0,1.0,0.5620648264884949,,,
1.0,0.0,0.24773505330085754,,,
0.0,0.0,0.4285131096839905,,,
1.0,1.0,0.5933216214179993,,,
0.0,0.0,0.38246241211891174,,,
1.0,0.0,0.38556206226348877,,,
0.0,0.0,0.42298874258995056,,,
1.0,1.0,0.7009591460227966,,,
1.0,0.0,0.30525892972946167,,,
0.0,0.0,0.366329163312912,,,
1.0,0.0,0.4086051285266876,,,
0.0,0.0,0.39164432883262634,,,
0.0,0.0,0.4661959111690521,,,
1.0,1.0,0.521250307559967,,,
0.0,0.0,0.3432500958442688,,,
1.0,1.0,0.7721789479255676,,,
1.0,0.0,0.48748472332954407,,,
0.0,0.0,0.4798300564289093,,,
0.0,1.0,0.8156304359436035,,,
1.0,0.0,0.2758198380470276,,,
0.0,1.0,0.5986355543136597,,,
0.0,0.0,0.12915204465389252,,,
1.0,1.0,0.8310525417327881,,,
1.0,0.0,0.329373300075531,,,
0.0,0.0,0.3750246465206146,,,
0.0,0.0,0.32912391424179077,,,
1.0,0.0,0.3180381953716278,,,
0.0,0.0,0.4868764281272888,,,
0.0,0.0,0.3566090762615204,,,
1.0,0.0,0.1981578767299652,,,
1.0,1.0,0.8021136522293091,,,
0.0,0.0,0.29744040966033936,,,
0.0,0.0,0.401987761259079,,,
0.0,0.0,0.32741981744766235,,,
0.0,0.0,0.3145253360271454,,,
0.0,0.0,0.47729986906051636,,,
0.0,0.0,0.3631802201271057,,,
0.0,0.0,0.33529165387153625,,,
0.0,0.0,0.3817545175552368,,,
1.0,1.0,0.7822372913360596,,,
0.0,0.0,0.4267498552799225,,,
1.0,1.0,0.5385357737541199,,,
1.0,1.0,0.6613340973854065,,,
0.0,0.0,0.4221935272216797,,,
0.0,0.0,0.40963008999824524,,,
1.0,1.0,0.6652449369430542,,,
1.0,0.0,0.44933220744132996,,,
1.0,1.0,0.5623075366020203,,,
0.0,0.0,0.41686898469924927,,,
0.0,0.0,0.2745893895626068,,,
0.0,0.0,0.3952747583389282,,,
0.0,0.0,0.2755235731601715,,,
1.0,0.0,0.3046296536922455,,,
1.0,1.0,0.7626044750213623,,,
1.0,0.0,0.49552154541015625,,,
0.0,1.0,0.5052650570869446,,,
1.0,1.0,0.5578534603118896,,,
1.0,1.0,0.5957010388374329,,,
1.0,1.0,0.5691520571708679,,,
0.0,0.0,0.32795941829681396,,,
1.0,0.0,0.39734894037246704,,,
0.0,0.0,0.39710289239883423,,,
0.0,0.0,0.3845023810863495,,,
0.0,0.0,0.439590722322464,,,
1.0,1.0,0.75956130027771,,,
1.0,0.0,0.2854715585708618,,,
1.0,0.0,0.380429744720459,,,
0.0,1.0,0.5637527108192444,,,
1.0,1.0,0.8465272784233093,,,
0.0,0.0,0.366800993680954,,,
0.0,0.0,0.2798871695995331,,,
1.0,0.0,0.2796713709831238,,,
0.0,0.0,0.2720385491847992,,,
1.0,0.0,0.4178233742713928,,,
0.0,0.0,0.498584121465683,,,
0.0,0.0,0.2913917899131775,,,
0.0,0.0,0.3819432556629181,,,
0.0,0.0,0.48815658688545227,,,
1.0,1.0,0.7086712121963501,,,
1.0,0.0,0.4142596125602722,,,
0.0,1.0,0.5620708465576172,,,
1.0,1.0,0.5618045926094055,,,
0.0,0.0,0.43060609698295593,,,
1.0,1.0,0.7809435129165649,,,
1.0,1.0,0.5313774943351746,,,
0.0,0.0,0.33191075921058655,,,
0.0,0.0,0.38984352350234985,,,
1.0,1.0,0.7300942540168762,,,
0.0,0.0,0.40157637000083923,,,
0.0,0.0,0.19203238189220428,,,
1.0,1.0,0.5681062340736389,,,
0.0,0.0,0.33141300082206726,,,
1.0,1.0,0.6799979209899902,,,
0.0,0.0,0.34000855684280396,,,
1.0,1.0,0.7790939211845398,,,
1.0,0.0,0.3848857581615448,,,
0.0,0.0,0.4872378408908844,,,
1.0,1.0,0.638629138469696,,,
0.0,0.0,0.15481074154376984,,,
1.0,1.0,0.6601062417030334,,,
1.0,0.0,0.4416378140449524,,,
0.0,0.0,0.4301829934120178,,,
1.0,1.0,0.5040332674980164,,,
1.0,0.0,0.4941284954547882,,,
0.0,0.0,0.2123381644487381,,,
1.0,0.0,0.342298299074173,,,
0.0,0.0,0.35489925742149353,,,
1.0,0.0,0.48280537128448486,,,
0.0,0.0,0.3271836042404175,,,
0.0,1.0,0.5860467553138733,,,
1.0,1.0,0.868183970451355,,,
1.0,1.0,0.7431926131248474,,,
1.0,1.0,0.5372821688652039,,,
1.0,0.0,0.4768703877925873,,,
0.0,0.0,0.45816484093666077,,,
0.0,0.0,0.4445941746234894,,,
0.0,1.0,0.6256185173988342,,,
1.0,0.0,0.4450780153274536,,,
1.0,1.0,0.8970382213592529,,,
0.0,0.0,0.35218125581741333,,,
1.0,0.0,0.3886289894580841,,,
1.0,1.0,0.5176421403884888,,,
1.0,0.0,0.33984649181365967,,,
1.0,0.0,0.3621542453765869,,,
1.0,0.0,0.32038408517837524,,,
1.0,0.0,0.4618625342845917,,,
0.0,0.0,0.26753556728363037,,,
0.0,0.0,0.326736181974411,,,
1.0,1.0,0.6478646993637085,,,
1.0,1.0,0.5796239972114563,,,
1.0,1.0,0.6439523696899414,,,
0.0,0.0,0.2943522334098816,,,
1.0,1.0,0.6257890462875366,,,
1.0,1.0,0.5483511686325073,,,
0.0,0.0,0.15533411502838135,,,
1.0,1.0,0.9173257350921631,,,
1.0,1.0,0.6077041029930115,,,
0.0,0.0,0.32572123408317566,,,
0.0,0.0,0.2950741946697235,,,
0.0,0.0,0.49810144305229187,,,
1.0,1.0,0.6116170287132263,,,
1.0,1.0,0.6500436663627625,,,
0.0,0.0,0.35205861926078796,,,
0.0,1.0,0.5026364326477051,,,
1.0,1.0,0.7465736269950867,,,
0.0,0.0,0.36728253960609436,,,
1.0,0.0,0.3096490502357483,,,
1.0,1.0,0.5918410420417786,,,
0.0,0.0,0.27087482810020447,,,
0.0,0.0,0.3085058927536011,,,
1.0,1.0,0.8635042905807495,,,
0.0,0.0,0.39164048433303833,,,
0.0,0.0,0.45266735553741455,,,
1.0,1.0,0.5102876424789429,,,
1.0,1.0,0.7243323922157288,,,
0.0,0.0,0.37110814452171326,,,
1.0,1.0,0.6295721530914307,,,
1.0,0.0,0.4451535940170288,,,
1.0,0.0,0.4150298833847046,,,
0.0,1.0,0.5367619395256042,,,
1.0,1.0,0.6017882227897644,,,
1.0,1.0,0.6109485030174255,,,
0.0,1.0,0.5839438438415527,,,
0.0,0.0,0.2944506108760834,,,
0.0,0.0,0.33092522621154785,,,
1.0,1.0,0.8454505801200867,,,
0.0,0.0,0.4601438343524933,,,
0.0,0.0,0.20749235153198242,,,
1.0,1.0,0.8609083890914917,,,
0.0,0.0,0.36619889736175537,,,
1.0,1.0,0.6639978885650635,,,
0.0,0.0,0.36612334847450256,,,
1.0,0.0,0.48662006855010986,,,
0.0,0.0,0.3952985405921936,,,
0.0,0.0,0.44175103306770325,,,
0.0,0.0,0.26347246766090393,,,
0.0,0.0,0.28430455923080444,,,
1.0,0.0,0.33235400915145874,,,
0.0,0.0,0.34988027811050415,,,
0.0,0.0,0.3242509067058563,,,
0.0,1.0,0.5500094890594482,,,
0.0,1.0,0.5834700465202332,,,
1.0,1.0,0.6815323233604431,,,
0.0,0.0,0.24224016070365906,,,
1.0,0.0,0.4240278899669647,,,
0.0,0.0,0.42433202266693115,,,
1.0,0.0,0.43998342752456665,,,
1.0,1.0,0.5700694918632507,,,
0.0,0.0,0.46168088912963867,,,
0.0,0.0,0.3728318512439728,,,
1.0,0.0,0.48508724570274353,,,
0.0,0.0,0.33831459283828735,,,
1.0,0.0,0.43363362550735474,,,
1.0,1.0,0.5896872878074646,,,
0.0,0.0,0.2605384886264801,,,
0.0,0.0,0.4766017198562622,,,
1.0,0.0,0.4714345335960388,,,
1.0,1.0,0.6806883215904236,,,
1.0,0.0,0.39164844155311584,,,
0.0,1.0,0.511726438999176,,,
0.0,0.0,0.4292030930519104,,,
1.0,0.0,0.38754498958587646,,,
0.0,0.0,0.1915322244167328,,,
1.0,1.0,0.5706706047058105,,,
0.0,0.0,0.3968891203403473,,,
1.0,0.0,0.33797627687454224,,,
1.0,0.0,0.3361666798591614,,,
0.0,0.0,0.2796526551246643,,,
0.0,0.0,0.3018365204334259,,,
1.0,0.0,0.3131251931190491,,,
0.0,0.0,0.19065824151039124,,,
0.0,1.0,0.6458355188369751,,,
0.0,0.0,0.2279348075389862,,,
1.0,1.0,0.5914807319641113,,,
0.0,0.0,0.30984818935394287,,,
1.0,1.0,0.7389628291130066,,,
1.0,1.0,0.7124431133270264,,,
1.0,0.0,0.47008830308914185,,,
0.0,0.0,0.4914560317993164,,,
0.0,0.0,0.46065354347229004,,,
1.0,1.0,0.7663330435752869,,,
1.0,1.0,0.6351478099822998,,,
1.0,1.0,0.8223720788955688,,,
1.0,0.0,0.3122614622116089,,,
0.0,0.0,0.4615119397640228,,,
0.0,0.0,0.3546384572982788,,,
1.0,0.0,0.39880144596099854,,,
1.0,1.0,0.5063295364379883,,,
0.0,0.0,0.263042688369751,,,
0.0,0.0,0.3568245470523834,,,
1.0,0.0,0.414328932762146,,,
1.0,1.0,0.8895589113235474,,,
1.0,1.0,0.536751389503479,,,
1.0,1.0,0.6624897122383118,,,
0.0,0.0,0.33834922313690186,,,
0.0,0.0,0.4974033534526825,,,
1.0,0.0,0.3907357156276703,,,
0.0,0.0,0.3071654140949249,,,
1.0,1.0,0.622973620891571,,,
1.0,1.0,0.704555869102478,,,
1.0,1.0,0.5934192538261414,,,
1.0,1.0,0.746972382068634,,,
1.0,0.0,0.35050058364868164,,,
0.0,0.0,0.47191381454467773,,,
0.0,0.0,0.18458159267902374,,,
0.0,0.0,0.26595646142959595,,,
1.0,0.0,0.3343847692012787,,,
0.0,0.0,0.2629339396953583,,,
0.0,0.0,0.3073984682559967,,,
0.0,0.0,0.37610140442848206,,,
1.0,1.0,0.5301425457000732,,,
0.0,0.0,0.3926156759262085,,,
0.0,1.0,0.5635758638381958,,,
1.0,1.0,0.5332108736038208,,,
0.0,0.0,0.3032873272895813,,,
0.0,1.0,0.5626599192619324,,,
1.0,1.0,0.7825110554695129,,,
1.0,1.0,0.6914559602737427,,,
0.0,0.0,0.32236558198928833,,,
1.0,1.0,0.5437626838684082,,,
0.0,1.0,0.5961630940437317,,,
1.0,1.0,0.5453951954841614,,,
0.0,0.0,0.4162009358406067,,,
0.0,0.0,0.2345312237739563,,,
1.0,1.0,0.8096605539321899,,,
0.0,0.0,0.300312876701355,,,
1.0,1.0,0.7665919065475464,,,
1.0,1.0,0.8375658988952637,,,
0.0,0.0,0.22500711679458618,,,
0.0,0.0,0.2946434020996094,,,
1.0,0.0,0.42143601179122925,,,
0.0,0.0,0.314832866191864,,,
0.0,0.0,0.274952232837677,,,
0.0,0.0,0.28733375668525696,,,
0.0,0.0,0.344672828912735,,,
1.0,1.0,0.7991285920143127,,,
1.0,1.0,0.6754726767539978,,,
1.0,0.0,0.4582304060459137,,,
1.0,0.0,0.47000691294670105,,,
0.0,0.0,0.27275487780570984,,,
1.0,0.0,0.4121478199958801,,,
1.0,1.0,0.8033967614173889,,,
0.0,1.0,0.6190422177314758,,,
0.0,0.0,0.48450767993927,,,
0.0,1.0,0.5280030369758606,,,
1.0,1.0,0.5300486087799072,,,
0.0,0.0,0.2994343042373657,,,
0.0,1.0,0.6636074185371399,,,
0.0,0.0,0.26595646142959595,,,
0.0,0.0,0.27853691577911377,,,
0.0,0.0,0.3601389229297638,,,
0.0,0.0,0.4432844817638397,,,
0.0,0.0,0.27002424001693726,,,
0.0,1.0,0.5497381091117859,,,
0.0,0.0,0.28357619047164917,,,
0.0,0.0,0.3702734112739563,,,
1.0,0.0,0.35581931471824646,,,
1.0,0.0,0.42862215638160706,,,
0.0,0.0,0.3077734410762787,,,
0.0,0.0,0.4833610951900482,,,
0.0,0.0,0.21134403347969055,,,
0.0,0.0,0.2881704866886139,,,
0.0,0.0,0.3860369026660919,,,
1.0,1.0,0.5927928686141968,,,
0.0,0.0,0.45655617117881775,,,
0.0,0.0,0.4660418629646301,,,
0.0,0.0,0.2342023402452469,,,
1.0,1.0,0.9322448968887329,,,
0.0,0.0,0.4454725384712219,,,
1.0,0.0,0.478567510843277,,,
0.0,0.0,0.31378617882728577,,,
0.0,0.0,0.4698677957057953,,,
0.0,0.0,0.3138974606990814,,,
0.0,0.0,0.3226030766963959,,,
0.0,1.0,0.5803282856941223,,,
1.0,1.0,0.788684070110321,,,
0.0,0.0,0.264414519071579,,,
0.0,0.0,0.31218189001083374,,,
1.0,0.0,0.42612430453300476,,,
1.0,1.0,0.7995255589485168,,,
1.0,1.0,0.5274818539619446,,,
0.0,0.0,0.16656672954559326,,,
0.0,1.0,0.5152521729469299,,,
0.0,0.0,0.33908042311668396,,,
0.0,0.0,0.26381605863571167,,,
1.0,1.0,0.8058484792709351,,,
1.0,1.0,0.7107113003730774,,,
0.0,0.0,0.3387843668460846,,,
0.0,0.0,0.1989138275384903,,,
1.0,1.0,0.8460179567337036,,,
0.0,0.0,0.29169631004333496,,,
1.0,1.0,0.9239187240600586,,,
1.0,0.0,0.3848057985305786,,,
1.0,1.0,0.5113325715065002,,,
1.0,0.0,0.3861148953437805,,,
1.0,1.0,0.7113474607467651,,,
0.0,0.0,0.45018163323402405,,,
1.0,1.0,0.5346165299415588,,,
1.0,1.0,0.6660544276237488,,,
1.0,1.0,0.6296340823173523,,,
1.0,0.0,0.4212397634983063,,,
0.0,0.0,0.4353506863117218,,,
0.0,0.0,0.37073248624801636,,,
0.0,0.0,0.4402981400489807,,,
1.0,1.0,0.6010663509368896,,,
0.0,0.0,0.3865346312522888,,,
1.0,1.0,0.663460373878479,,,
0.0,0.0,0.4554044306278229,,,
0.0,0.0,0.40624096989631653,,,
0.0,0.0,0.17389701306819916,,,
0.0,0.0,0.4455879330635071,,,
0.0,0.0,0.499750018119812,,,
0.0,0.0,0.2357158064842224,,,
1.0,1.0,0.8310525417327881,,,
0.0,0.0,0.19548529386520386,,,
1.0,0.0,0.37641552090644836,,,
0.0,0.0,0.3357696533203125,,,
1.0,1.0,0.6870977878570557,,,
1.0,1.0,0.5363881587982178,,,
0.0,0.0,0.33400648832321167,,,
0.0,0.0,0.44824644923210144,,,
1.0,1.0,0.6891971230506897,,,
1.0,0.0,0.413661390542984,,,
1.0,1.0,0.7606613636016846,,,
0.0,0.0,0.39586782455444336,,,
1.0,0.0,0.4381108283996582,,,
0.0,0.0,0.2995983064174652,,,
0.0,0.0,0.42871934175491333,,,
0.0,0.0,0.4558100700378418,,,
1.0,1.0,0.7200871706008911,,,
1.0,0.0,0.37763112783432007,,,
0.0,0.0,0.41426774859428406,,,
0.0,0.0,0.19686314463615417,,,
0.0,0.0,0.2708917558193207,,,
1.0,1.0,0.5334877371788025,,,
1.0,0.0,0.4072696566581726,,,
0.0,1.0,0.5348153114318848,,,
0.0,0.0,0.3996150493621826,,,
0.0,1.0,0.5909162163734436,,,
0.0,0.0,0.4480443000793457,,,
1.0,1.0,0.6280257105827332,,,
0.0,1.0,0.5093958973884583,,,
1.0,0.0,0.3414909243583679,,,
0.0,0.0,0.3014809489250183,,,
0.0,0.0,0.49757423996925354,,,
0.0,0.0,0.3334381580352783,,,
0.0,0.0,0.40092629194259644,,,
0.0,0.0,0.22906070947647095,,,
1.0,1.0,0.5748807191848755,,,
1.0,0.0,0.286150723695755,,,
0.0,0.0,0.27685433626174927,,,
1.0,0.0,0.16570204496383667,,,
1.0,1.0,0.9274367690086365,,,
0.0,1.0,0.5352285504341125,,,
1.0,1.0,0.7825460433959961,,,
1.0,1.0,0.9406132102012634,,,
0.0,0.0,0.3402336537837982,,,
1.0,1.0,0.8403956890106201,,,
0.0,0.0,0.34133267402648926,,,
1.0,1.0,0.8937474489212036,,,
0.0,1.0,0.5594373345375061,,,
0.0,0.0,0.3592117726802826,,,
0.0,0.0,0.19300729036331177,,,
0.0,0.0,0.32848215103149414,,,
1.0,1.0,0.7222362756729126,,,
0.0,0.0,0.30794426798820496,,,
1.0,1.0,0.69804847240448,,,
1.0,1.0,0.6191927790641785,,,
1.0,0.0,0.4804551303386688,,,
0.0,0.0,0.4937707483768463,,,
1.0,1.0,0.7044501304626465,,,
0.0,0.0,0.3597697615623474,,,
0.0,0.0,0.17519132792949677,,,
0.0,1.0,0.5566436648368835,,,
0.0,0.0,0.12915204465389252,,,
1.0,1.0,0.6345003247261047,,,
1.0,1.0,0.7518177628517151,,,
0.0,0.0,0.2821691334247589,,,
0.0,1.0,0.609760582447052,,,
1.0,1.0,0.5305597186088562,,,
0.0,0.0,0.2029726654291153,,,
0.0,0.0,0.2672509253025055,,,
0.0,0.0,0.42734605073928833,,,
1.0,0.0,0.3937375247478485,,,
1.0,1.0,0.5630544424057007,,,
0.0,0.0,0.2593706250190735,,,
1.0,1.0,0.8739429712295532,,,
0.0,0.0,0.28876179456710815,,,
1.0,1.0,0.8903920650482178,,,
1.0,0.0,0.47665631771087646,,,
0.0,0.0,0.47167113423347473,,,
1.0,1.0,0.5061011910438538,,,
1.0,1.0,0.5365576148033142,,,
0.0,0.0,0.3363305628299713,,,
1.0,1.0,0.5345140099525452,,,
1.0,1.0,0.6049508452415466,,,
0.0,0.0,0.3397180140018463,,,
0.0,0.0,0.3877730071544647,,,
1.0,1.0,0.6606926918029785,,,
0.0,0.0,0.3625606596469879,,,
1.0,1.0,0.6486006379127502,,,
0.0,0.0,0.3704397976398468,,,
1.0,0.0,0.352010577917099,,,
1.0,0.0,0.4468702971935272,,,
1.0,0.0,0.3325211703777313,,,
0.0,0.0,0.3149522542953491,,,
1.0,1.0,0.5519279837608337,,,
0.0,0.0,0.29344508051872253,,,
0.0,0.0,0.291521817445755,,,
0.0,0.0,0.24773505330085754,,,
1.0,1.0,0.5167489647865295,,,
1.0,0.0,0.24072909355163574,,,
1.0,0.0,0.2743304967880249,,,
1.0,1.0,0.5501675605773926,,,
1.0,1.0,0.5679643154144287,,,
0.0,1.0,0.5293229222297668,,,
1.0,0.0,0.36276015639305115,,,
1.0,1.0,0.7049131393432617,,,
0.0,0.0,0.41773316264152527,,,
0.0,0.0,0.3815431296825409,,,
0.0,0.0,0.2661895453929901,,,
0.0,1.0,0.6119725108146667,,,
1.0,0.0,0.4987606704235077,,,
0.0,0.0,0.29095545411109924,,,
0.0,0.0,0.184373676776886,,,
1.0,1.0,0.7614299058914185,,,
1.0,0.0,0.4926162362098694,,,
1.0,1.0,0.5561239123344421,,,
1.0,1.0,0.829301118850708,,,
1.0,1.0,0.8438406586647034,,,
0.0,0.0,0.40318673849105835,,,
1.0,0.0,0.4896034002304077,,,
1.0,1.0,0.7066183686256409,,,
1.0,1.0,0.56583571434021,,,
1.0,1.0,0.576429009437561,,,
1.0,1.0,0.7666754126548767,,,
0.0,0.0,0.32785654067993164,,,
1.0,0.0,0.46798181533813477,,,
1.0,0.0,0.4397651255130768,,,
0.0,0.0,0.24728944897651672,,,
0.0,1.0,0.5484528541564941,,,
1.0,1.0,0.6935204267501831,,,
1.0,1.0,0.5700855851173401,,,
1.0,0.0,0.45150819420814514,,,
0.0,0.0,0.320072203874588,,,
1.0,1.0,0.5189141631126404,,,
1.0,0.0,0.42252257466316223,,,
0.0,0.0,0.49208104610443115,,,
1.0,0.0,0.44556862115859985,,,
1.0,0.0,0.4694112539291382,,,
1.0,0.0,0.47154995799064636,,,
0.0,0.0,0.22296001017093658,,,
1.0,1.0,0.5128157138824463,,,
0.0,0.0,0.3928995430469513,,,
1.0,0.0,0.4436298906803131,,,
0.0,0.0,0.27423062920570374,,,
1.0,1.0,0.835595965385437,,,
0.0,0.0,0.4669162631034851,,,
1.0,1.0,0.6663284301757812,,,
0.0,0.0,0.2853696048259735,,,
0.0,0.0,0.27051693201065063,,,
0.0,0.0,0.4671805500984192,,,
1.0,1.0,0.7750137448310852,,,
1.0,1.0,0.8109537959098816,,,
0.0,0.0,0.2769870162010193,,,
0.0,0.0,0.3064958453178406,,,
1.0,0.0,0.4870542883872986,,,
0.0,0.0,0.4206942617893219,,,
0.0,1.0,0.6223419308662415,,,
0.0,0.0,0.3211607038974762,,,
0.0,0.0,0.24297644197940826,,,
0.0,0.0,0.3916718363761902,,,
0.0,0.0,0.2618601620197296,,,
0.0,0.0,0.4821139872074127,,,
0.0,0.0,0.3195040225982666,,,
1.0,1.0,0.6716369390487671,,,
1.0,1.0,0.8787810802459717,,,
1.0,1.0,0.7816081643104553,,,
0.0,0.0,0.4169199466705322,,,
1.0,1.0,0.5371189117431641,,,
1.0,1.0,0.8559343218803406,,,
0.0,0.0,0.36368247866630554,,,
0.0,0.0,0.27359122037887573,,,
1.0,1.0,0.5634326338768005,,,
1.0,1.0,0.5822327733039856,,,
1.0,1.0,0.7217159271240234,,,
0.0,0.0,0.4068217873573303,,,
0.0,0.0,0.20735889673233032,,,
1.0,0.0,0.4911375641822815,,,
0.0,0.0,0.23422713577747345,,,
0.0,0.0,0.32317087054252625,,,
0.0,0.0,0.297973096370697,,,
1.0,1.0,0.6258515119552612,,,
1.0,1.0,0.8076358437538147,,,
0.0,0.0,0.44094201922416687,,,
0.0,0.0,0.2984318733215332,,,
1.0,1.0,0.7828837633132935,,,
1.0,0.0,0.4564267098903656,,,
1.0,1.0,0.7982788681983948,,,
1.0,1.0,0.7058268189430237,,,
1.0,1.0,0.6363445520401001,,,
1.0,1.0,0.6907510757446289,,,
0.0,0.0,0.27022749185562134,,,
1.0,1.0,0.8804805874824524,,,
0.0,0.0,0.30638375878334045,,,
0.0,0.0,0.2575613260269165,,,
0.0,0.0,0.46962663531303406,,,
1.0,0.0,0.38133668899536133,,,
1.0,1.0,0.8116126656532288,,,
1.0,1.0,0.7643911838531494,,,
0.0,0.0,0.372770756483078,,,
0.0,1.0,0.5822864770889282,,,
0.0,0.0,0.40554165840148926,,,
1.0,0.0,0.46292927861213684,,,
0.0,0.0,0.22601071000099182,,,
0.0,0.0,0.3491572439670563,,,
0.0,0.0,0.3227565288543701,,,
0.0,1.0,0.5486903190612793,,,
0.0,0.0,0.4524824321269989,,,
0.0,0.0,0.42923709750175476,,,
0.0,0.0,0.3431414067745209,,,
0.0,0.0,0.37430813908576965,,,
1.0,1.0,0.6562817692756653,,,
1.0,1.0,0.8717021942138672,,,
0.0,0.0,0.29922884702682495,,,
1.0,1.0,0.5188330411911011,,,
0.0,0.0,0.4772294759750366,,,
1.0,1.0,0.8415845036506653,,,
1.0,0.0,0.3618468940258026,,,
0.0,0.0,0.45837193727493286,,,
1.0,1.0,0.6941938400268555,,,
1.0,0.0,0.4098571538925171,,,
0.0,1.0,0.5431142449378967,,,
1.0,1.0,0.7066404223442078,,,
0.0,0.0,0.4911022484302521,,,
1.0,1.0,0.8512575626373291,,,
1.0,0.0,0.4804399311542511,,,
0.0,0.0,0.21359802782535553,,,
1.0,1.0,0.6334507465362549,,,
1.0,0.0,0.4396156072616577,,,
0.0,0.0,0.356245756149292,,,
0.0,1.0,0.7262977361679077,,,
0.0,0.0,0.4274190366268158,,,
1.0,1.0,0.5705015659332275,,,
1.0,1.0,0.6628183126449585,,,
1.0,1.0,0.8952535390853882,,,
1.0,1.0,0.8708481192588806,,,
1.0,1.0,0.6409801840782166,,,
0.0,1.0,0.5349411964416504,,,
0.0,1.0,0.5044494271278381,,,
1.0,0.0,0.3538435697555542,,,
0.0,0.0,0.24534888565540314,,,
0.0,0.0,0.3569212257862091,,,
1.0,0.0,0.48918619751930237,,,
1.0,1.0,0.9084080457687378,,,
0.0,0.0,0.280448317527771,,,
0.0,1.0,0.5958122611045837,,,
1.0,1.0,0.8087689876556396,,,
0.0,0.0,0.40786370635032654,,,
1.0,0.0,0.4814119338989258,,,
0.0,0.0,0.44303157925605774,,,
0.0,1.0,0.508877158164978,,,
1.0,0.0,0.488675981760025,,,
1.0,0.0,0.49125173687934875,,,
0.0,0.0,0.4437796175479889,,,
1.0,1.0,0.509163498878479,,,
1.0,1.0,0.5547086596488953,,,
0.0,0.0,0.3144618272781372,,,
0.0,0.0,0.4093586206436157,,,
0.0,0.0,0.23833779990673065,,,
1.0,0.0,0.3251190483570099,,,
0.0,0.0,0.3752959966659546,,,
1.0,0.0,0.44541314244270325,,,
0.0,0.0,0.21910037100315094,,,
1.0,1.0,0.8811129927635193,,,
0.0,0.0,0.274260938167572,,,
1.0,1.0,0.7542917728424072,,,
0.0,0.0,0.40560415387153625,,,
1.0,1.0,0.7255191206932068,,,
0.0,0.0,0.22174948453903198,,,
1.0,1.0,0.8845393061637878,,,
0.0,0.0,0.29795536398887634,,,
0.0,0.0,0.1747608333826065,,,
1.0,1.0,0.6225495934486389,,,
0.0,1.0,0.5493373274803162,,,
0.0,0.0,0.2045859843492508,,,
0.0,0.0,0.2722497284412384,,,
0.0,0.0,0.33533915877342224,,,
0.0,0.0,0.3549582362174988,,,
0.0,0.0,0.44085052609443665,,,
0.0,0.0,0.4210660457611084,,,
0.0,1.0,0.6901545524597168,,,
1.0,1.0,0.6767601370811462,,,
1.0,0.0,0.47953832149505615,,,
0.0,0.0,0.35205140709877014,,,
1.0,1.0,0.5396296977996826,,,
0.0,0.0,0.1806977242231369,,,
1.0,0.0,0.4832662045955658,,,
1.0,1.0,0.5122430920600891,,,
0.0,0.0,0.33867746591567993,,,
0.0,1.0,0.5377660393714905,,,
0.0,1.0,0.5576433539390564,,,
0.0,0.0,0.3191794157028198,,,
1.0,1.0,0.605635404586792,,,
1.0,1.0,0.7211142182350159,,,
0.0,0.0,0.3279639184474945,,,
0.0,0.0,0.3502531051635742,,,
1.0,1.0,0.9075356721878052,,,
1.0,1.0,0.5909484028816223,,,
0.0,0.0,0.3676132261753082,,,
1.0,1.0,0.5819907188415527,,,
0.0,1.0,0.6721127033233643,,,
1.0,0.0,0.4754328727722168,,,
0.0,0.0,0.38921481370925903,,,
1.0,1.0,0.7306936979293823,,,
1.0,0.0,0.2883833050727844,,,
0.0,0.0,0.3233531415462494,,,
1.0,1.0,0.7746574878692627,,,
1.0,1.0,0.7092015743255615,,,
0.0,0.0,0.44981861114501953,,,
0.0,0.0,0.36085671186447144,,,
1.0,1.0,0.8390288352966309,,,
0.0,0.0,0.29684677720069885,,,
0.0,0.0,0.29747119545936584,,,
0.0,0.0,0.4846256375312805,,,
1.0,1.0,0.857721745967865,,,
1.0,1.0,0.6378117799758911,,,
0.0,0.0,0.4588030278682709,,,
0.0,0.0,0.33139878511428833,,,
0.0,0.0,0.35038283467292786,,,
1.0,1.0,0.5261548161506653,,,
1.0,1.0,0.7544780969619751,,,
1.0,1.0,0.6458470821380615,,,
0.0,1.0,0.5412762761116028,,,
0.0,0.0,0.26991114020347595,,,
0.0,1.0,0.5431703925132751,,,
0.0,0.0,0.49352049827575684,,,
0.0,0.0,0.2619619071483612,,,
0.0,1.0,0.557607889175415,,,
1.0,0.0,0.30317404866218567,,,
1.0,1.0,0.6312514543533325,,,
0.0,0.0,0.3490750193595886,,,
1.0,1.0,0.5330129861831665,,,
1.0,1.0,0.7593100666999817,,,
0.0,0.0,0.37315332889556885,,,
0.0,0.0,0.48109233379364014,,,
0.0,0.0,0.2512855529785156,,,
0.0,1.0,0.5345198512077332,,,
1.0,1.0,0.7586829662322998,,,
1.0,1.0,0.8891578912734985,,,
0.0,0.0,0.4607729911804199,,,
1.0,0.0,0.27593323588371277,,,
0.0,0.0,0.1954016238451004,,,
1.0,1.0,0.8039615750312805,,,
0.0,0.0,0.4512995481491089,,,
1.0,0.0,0.4371362626552582,,,
1.0,1.0,0.8136287331581116,,,
1.0,1.0,0.7894178032875061,,,
0.0,0.0,0.28864842653274536,,,
1.0,1.0,0.8387143611907959,,,
1.0,0.0,0.44474151730537415,,,
0.0,0.0,0.4552064538002014,,,
1.0,0.0,0.4312311112880707,,,
0.0,0.0,0.266587495803833,,,
1.0,1.0,0.5215135812759399,,,
0.0,0.0,0.25427162647247314,,,
0.0,0.0,0.2919551134109497,,,
0.0,0.0,0.3916718363761902,,,
0.0,0.0,0.29338380694389343,,,
0.0,0.0,0.33829620480537415,,,
1.0,0.0,0.4019841253757477,,,
1.0,1.0,0.7645367383956909,,,
1.0,1.0,0.7794141173362732,,,
0.0,0.0,0.304760605096817,,,
1.0,1.0,0.6813024282455444,,,
0.0,1.0,0.5317843556404114,,,
0.0,0.0,0.45336827635765076,,,
0.0,0.0,0.2307087779045105,,,
0.0,0.0,0.3305862843990326,,,
0.0,1.0,0.5293335318565369,,,
1.0,1.0,0.671150267124176,,,
1.0,0.0,0.4394388496875763,,,
1.0,1.0,0.6664929389953613,,,
1.0,0.0,0.41900330781936646,,,
0.0,0.0,0.44058287143707275,,,
0.0,0.0,0.19819873571395874,,,
1.0,0.0,0.49172717332839966,,,
0.0,0.0,0.35426607728004456,,,
1.0,1.0,0.7707446217536926,,,
1.0,0.0,0.4087948799133301,,,
0.0,0.0,0.41415563225746155,,,
0.0,0.0,0.305979460477829,,,
0.0,0.0,0.33084025979042053,,,
0.0,0.0,0.4377928376197815,,,
0.0,0.0,0.36474213004112244,,,
1.0,0.0,0.3724299371242523,,,
1.0,1.0,0.5176725387573242,,,
1.0,1.0,0.5061327815055847,,,
0.0,0.0,0.3395162522792816,,,
1.0,1.0,0.784339427947998,,,
1.0,1.0,0.8588347434997559,,,
1.0,0.0,0.32524573802948,,,
1.0,0.0,0.42842912673950195,,,
0.0,0.0,0.1982720047235489,,,
0.0,0.0,0.464229941368103,,,
0.0,0.0,0.29507285356521606,,,
0.0,0.0,0.3502531051635742,,,
0.0,0.0,0.31354960799217224,,,
1.0,1.0,0.5211043357849121,,,
0.0,0.0,0.34000855684280396,,,
1.0,1.0,0.71560138463974,,,
0.0,0.0,0.40435975790023804,,,
1.0,1.0,0.6094644069671631,,,
0.0,0.0,0.1846938133239746,,,
0.0,0.0,0.1879919320344925,,,
1.0,1.0,0.816748321056366,,,
1.0,1.0,0.886470377445221,,,
0.0,0.0,0.24562014639377594,,,
1.0,0.0,0.3403710126876831,,,
1.0,0.0,0.28579190373420715,,,
1.0,1.0,0.5947867035865784,,,
0.0,0.0,0.4481957256793976,,,
1.0,0.0,0.4927460849285126,,,
1.0,1.0,0.5360308289527893,,,
1.0,1.0,0.5814415812492371,,,
1.0,0.0,0.24380606412887573,,,
0.0,0.0,0.24406102299690247,,,
1.0,0.0,0.3558672070503235,,,
0.0,0.0,0.287678599357605,,,
1.0,1.0,0.7458083629608154,,,
1.0,1.0,0.5449918508529663,,,
0.0,0.0,0.34865596890449524,,,
1.0,0.0,0.4993494153022766,,,
1.0,1.0,0.544744074344635,,,
0.0,1.0,0.7278629541397095,,,
0.0,0.0,0.4877132177352905,,,
1.0,1.0,0.6811658143997192,,,
1.0,1.0,0.6294271945953369,,,
1.0,0.0,0.4105156362056732,,,
0.0,0.0,0.3381849229335785,,,
0.0,1.0,0.5862947702407837,,,
0.0,0.0,0.3506062626838684,,,
0.0,1.0,0.5238049626350403,,,
0.0,0.0,0.178802028298378,,,
0.0,0.0,0.22601071000099182,,,
1.0,1.0,0.6976532936096191,,,
1.0,1.0,0.6817471385002136,,,
1.0,0.0,0.3464532494544983,,,
0.0,1.0,0.521402895450592,,,
0.0,0.0,0.42101332545280457,,,
1.0,1.0,0.9104080200195312,,,
1.0,1.0,0.7955692410469055,,,
0.0,0.0,0.150954470038414,,,
1.0,1.0,0.5165990591049194,,,
1.0,0.0,0.48646193742752075,,,
0.0,0.0,0.371122807264328,,,
0.0,0.0,0.2314552366733551,,,
1.0,0.0,0.3663240969181061,,,
1.0,0.0,0.44999346137046814,,,
0.0,0.0,0.3766164183616638,,,
0.0,0.0,0.39077097177505493,,,
1.0,1.0,0.5475456118583679,,,
0.0,0.0,0.31858885288238525,,,
0.0,0.0,0.29373469948768616,,,
1.0,1.0,0.6591189503669739,,,
0.0,0.0,0.2718971073627472,,,
0.0,0.0,0.2210126668214798,,,
1.0,1.0,0.7257367372512817,,,
0.0,0.0,0.34052038192749023,,,
1.0,0.0,0.3914075791835785,,,
1.0,1.0,0.8739767670631409,,,
1.0,1.0,0.8642653822898865,,,
0.0,0.0,0.4085070788860321,,,
1.0,1.0,0.6773836016654968,,,
1.0,1.0,0.5722621083259583,,,
1.0,0.0,0.39876192808151245,,,
0.0,0.0,0.24491561949253082,,,
1.0,1.0,0.5349712371826172,,,
0.0,0.0,0.38138189911842346,,,
1.0,1.0,0.8448238968849182,,,
0.0,0.0,0.4482918679714203,,,
0.0,0.0,0.3429564833641052,,,
0.0,0.0,0.3772639334201813,,,
1.0,1.0,0.6880278587341309,,,
1.0,1.0,0.810772716999054,,,
0.0,0.0,0.3553256392478943,,,
1.0,1.0,0.5908614993095398,,,
0.0,0.0,0.32328319549560547,,,
1.0,1.0,0.8421269655227661,,,
0.0,0.0,0.36360666155815125,,,
0.0,0.0,0.35047903656959534,,,
1.0,1.0,0.5773981809616089,,,
0.0,0.0,0.38521724939346313,,,
0.0,0.0,0.297425776720047,,,
0.0,0.0,0.32042941451072693,,,
1.0,1.0,0.7691748142242432,,,
1.0,1.0,0.8076602220535278,,,
0.0,0.0,0.37262749671936035,,,
0.0,0.0,0.3639512062072754,,,
1.0,0.0,0.3998168110847473,,,
0.0,0.0,0.26595646142959595,,,
0.0,0.0,0.40503013134002686,,,
0.0,0.0,0.4196290075778961,,,
0.0,0.0,0.46991726756095886,,,
0.0,0.0,0.3440502882003784,,,
0.0,0.0,0.3774688243865967,,,
0.0,0.0,0.3936243951320648,,,
1.0,1.0,0.7863292694091797,,,
1.0,0.0,0.41778573393821716,,,
1.0,0.0,0.4875185489654541,,,
0.0,0.0,0.24394537508487701,,,
0.0,1.0,0.5611578226089478,,,
1.0,0.0,0.46995946764945984,,,
1.0,0.0,0.4181987941265106,,,
0.0,1.0,0.5812029242515564,,,
0.0,0.0,0.24875913560390472,,,
0.0,0.0,0.39873600006103516,,,
0.0,1.0,0.6055871844291687,,,
1.0,0.0,0.4689048230648041,,,
0.0,0.0,0.42861208319664,,,
1.0,1.0,0.6090987324714661,,,
1.0,1.0,0.5501221418380737,,,
0.0,0.0,0.4721529185771942,,,
1.0,1.0,0.5027839541435242,,,
0.0,1.0,0.5818397998809814,,,
1.0,1.0,0.7316248416900635,,,
0.0,0.0,0.45266664028167725,,,
1.0,0.0,0.3370630443096161,,,
0.0,0.0,0.30433592200279236,,,
1.0,0.0,0.33270263671875,,,
0.0,0.0,0.29715707898139954,,,
1.0,1.0,0.8760327696800232,,,
1.0,0.0,0.4057724177837372,,,
0.0,0.0,0.25955089926719666,,,
1.0,1.0,0.6905360221862793,,,
1.0,1.0,0.6512957215309143,,,
1.0,1.0,0.7559254765510559,,,
0.0,1.0,0.6481778025627136,,,
0.0,0.0,0.24053213000297546,,,
0.0,0.0,0.3582920730113983,,,
1.0,1.0,0.6267192363739014,,,
1.0,1.0,0.6941444873809814,,,
1.0,1.0,0.7896172404289246,,,
0.0,0.0,0.338623583316803,,,
0.0,0.0,0.27165767550468445,,,
0.0,0.0,0.33475133776664734,,,
0.0,1.0,0.6454748511314392,,,
1.0,1.0,0.9206432104110718,,,
0.0,0.0,0.4236283004283905,,,
1.0,0.0,0.33627793192863464,,,
1.0,1.0,0.6851484179496765,,,
0.0,0.0,0.2737990915775299,,,
1.0,1.0,0.8282543420791626,,,
1.0,1.0,0.7513136267662048,,,
1.0,1.0,0.6039851307868958,,,
0.0,0.0,0.24608683586120605,,,
1.0,0.0,0.41990673542022705,,,
1.0,0.0,0.45569849014282227,,,
0.0,0.0,0.4335315227508545,,,
1.0,1.0,0.5151931047439575,,,
0.0,0.0,0.27895861864089966,,,
1.0,1.0,0.5961211323738098,,,
0.0,0.0,0.47212153673171997,,,
0.0,0.0,0.349088579416275,,,
0.0,0.0,0.34470731019973755,,,
0.0,0.0,0.44085052609443665,,,
0.0,0.0,0.21499595046043396,,,
1.0,1.0,0.849900484085083,,,
0.0,0.0,0.15684901177883148,,,
0.0,0.0,0.27332448959350586,,,
1.0,0.0,0.3393275737762451,,,
1.0,1.0,0.5918280482292175,,,
1.0,0.0,0.47572728991508484,,,
0.0,0.0,0.4767993092536926,,,
1.0,1.0,0.8513708710670471,,,
0.0,0.0,0.14399755001068115,,,
0.0,1.0,0.6900796890258789,,,
1.0,0.0,0.49616768956184387,,,
0.0,0.0,0.12915204465389252,,,
1.0,1.0,0.7736217975616455,,,
0.0,0.0,0.17161990702152252,,,
0.0,0.0,0.3046536445617676,,,
0.0,0.0,0.20030204951763153,,,
0.0,0.0,0.31302472949028015,,,
0.0,0.0,0.2725762724876404,,,
1.0,1.0,0.5617866516113281,,,
0.0,0.0,0.38410672545433044,,,
0.0,0.0,0.32048532366752625,,,
0.0,0.0,0.441777765750885,,,
0.0,0.0,0.2267569601535797,,,
0.0,0.0,0.3329112231731415,,,
1.0,1.0,0.6764308214187622,,,
0.0,0.0,0.23146192729473114,,,
0.0,0.0,0.24598641693592072,,,
0.0,0.0,0.1617371290922165,,,
1.0,1.0,0.6622933745384216,,,
0.0,0.0,0.31799769401550293,,,
0.0,0.0,0.25052115321159363,,,
1.0,1.0,0.645551323890686,,,
0.0,0.0,0.21855291724205017,,,
1.0,1.0,0.6801177263259888,,,
1.0,1.0,0.6166701316833496,,,
1.0,0.0,0.4681273400783539,,,
0.0,0.0,0.46376630663871765,,,
0.0,0.0,0.27465614676475525,,,
0.0,0.0,0.40381288528442383,,,
0.0,1.0,0.5839203000068665,,,
0.0,0.0,0.4490731358528137,,,
0.0,0.0,0.44684097170829773,,,
0.0,0.0,0.324360191822052,,,
0.0,1.0,0.5162782073020935,,,
0.0,0.0,0.3240416347980499,,,
1.0,1.0,0.7634867429733276,,,
0.0,0.0,0.458292692899704,,,
0.0,0.0,0.47831466794013977,,,
1.0,0.0,0.3058476150035858,,,
0.0,0.0,0.33863571286201477,,,
1.0,1.0,0.650467574596405,,,
1.0,1.0,0.9326501488685608,,,
0.0,0.0,0.32164105772972107,,,
0.0,0.0,0.4699854254722595,,,
1.0,1.0,0.6584552526473999,,,
1.0,1.0,0.7779885530471802,,,
1.0,0.0,0.3676786720752716,,,
1.0,1.0,0.5045157670974731,,,
1.0,1.0,0.5039699673652649,,,
1.0,1.0,0.8411602973937988,,,
1.0,1.0,0.8835245370864868,,,
0.0,0.0,0.43303364515304565,,,
0.0,0.0,0.14305084943771362,,,
0.0,0.0,0.39305830001831055,,,
0.0,1.0,0.5031672716140747,,,
1.0,1.0,0.6641897559165955,,,
1.0,1.0,0.6483646035194397,,,
0.0,0.0,0.3924490511417389,,,
1.0,0.0,0.46430960297584534,,,
0.0,0.0,0.21970459818840027,,,
0.0,0.0,0.2793925404548645,,,
0.0,0.0,0.36610960960388184,,,
1.0,1.0,0.572192907333374,,,
1.0,0.0,0.35321125388145447,,,
1.0,1.0,0.5340017676353455,,,
1.0,1.0,0.7226768732070923,,,
1.0,0.0,0.3626466691493988,,,
0.0,0.0,0.3002197742462158,,,
1.0,1.0,0.8678093552589417,,,
1.0,1.0,0.6542325019836426,,,
0.0,0.0,0.47258260846138,,,
0.0,1.0,0.7276710271835327,,,
0.0,0.0,0.22404225170612335,,,
0.0,0.0,0.17052635550498962,,,
0.0,0.0,0.4153529703617096,,,
0.0,0.0,0.3578655421733856,,,
0.0,1.0,0.5535929799079895,,,
1.0,1.0,0.5353366732597351,,,
1.0,1.0,0.7941049933433533,,,
1.0,1.0,0.8126236796379089,,,
0.0,0.0,0.2043389528989792,,,
1.0,1.0,0.5344371199607849,,,
0.0,0.0,0.44484350085258484,,,
0.0,1.0,0.5527634620666504,,,
0.0,0.0,0.3969721794128418,,,
0.0,1.0,0.5166489481925964,,,
1.0,0.0,0.3964753746986389,,,
0.0,0.0,0.39523497223854065,,,
0.0,0.0,0.25683656334877014,,,
1.0,0.0,0.24243128299713135,,,
1.0,0.0,0.3703904449939728,,,
1.0,1.0,0.628284752368927,,,
1.0,1.0,0.6913844347000122,,,
1.0,1.0,0.8886501789093018,,,
0.0,0.0,0.3419037461280823,,,
0.0,0.0,0.33092522621154785,,,
1.0,1.0,0.8882066011428833,,,
0.0,0.0,0.24018992483615875,,,
1.0,1.0,0.6928887367248535,,,
1.0,0.0,0.3297256529331207,,,
0.0,0.0,0.3904383182525635,,,
0.0,0.0,0.3071938455104828,,,
0.0,0.0,0.3905048370361328,,,
1.0,1.0,0.715678334236145,,,
1.0,1.0,0.7687028050422668,,,
0.0,0.0,0.4106603264808655,,,
1.0,1.0,0.5266352295875549,,,
0.0,1.0,0.6187843084335327,,,
1.0,1.0,0.5339123606681824,,,
0.0,0.0,0.4566625654697418,,,
0.0,1.0,0.5487455129623413,,,
0.0,0.0,0.2624084949493408,,,
0.0,0.0,0.26539796590805054,,,
1.0,1.0,0.6029825806617737,,,
0.0,0.0,0.49795112013816833,,,
0.0,0.0,0.2829252779483795,,,
0.0,1.0,0.5353465676307678,,,
0.0,0.0,0.35386011004447937,,,
0.0,0.0,0.32767242193222046,,,
0.0,1.0,0.6384937167167664,,,
1.0,1.0,0.5642595887184143,,,
0.0,1.0,0.577703058719635,,,
1.0,1.0,0.7110196948051453,,,
1.0,0.0,0.34140413999557495,,,
1.0,1.0,0.6927717328071594,,,
1.0,1.0,0.7745755314826965,,,
1.0,0.0,0.3381975591182709,,,
0.0,0.0,0.40006452798843384,,,
0.0,0.0,0.2042054533958435,,,
0.0,0.0,0.3449157774448395,,,
0.0,1.0,0.5200613737106323,,,
1.0,0.0,0.449381023645401,,,
0.0,0.0,0.39772939682006836,,,
0.0,0.0,0.33706986904144287,,,
0.0,0.0,0.4897935092449188,,,
1.0,0.0,0.38740354776382446,,,
0.0,0.0,0.44610393047332764,,,
0.0,0.0,0.22866229712963104,,,
1.0,1.0,0.6540294289588928,,,
1.0,1.0,0.9085652232170105,,,
1.0,0.0,0.46415096521377563,,,
1.0,0.0,0.4768703877925873,,,
0.0,0.0,0.4193926155567169,,,
0.0,0.0,0.21292993426322937,,,
1.0,0.0,0.4498855769634247,,,
1.0,1.0,0.7507863640785217,,,
0.0,0.0,0.45689406991004944,,,
0.0,0.0,0.2591039538383484,,,
0.0,0.0,0.3907645642757416,,,
0.0,0.0,0.35124972462654114,,,
1.0,0.0,0.47647687792778015,,,
1.0,0.0,0.17448757588863373,,,
0.0,0.0,0.32881665229797363,,,
0.0,0.0,0.12915204465389252,,,
1.0,1.0,0.7874947190284729,,,
0.0,0.0,0.2669045329093933,,,
0.0,0.0,0.22311756014823914,,,
1.0,0.0,0.45672154426574707,,,
0.0,0.0,0.29507356882095337,,,
1.0,1.0,0.6629412770271301,,,
1.0,0.0,0.39603540301322937,,,
0.0,0.0,0.33311864733695984,,,
1.0,0.0,0.37703168392181396,,,
0.0,0.0,0.12841694056987762,,,
1.0,1.0,0.7063131928443909,,,
1.0,1.0,0.517595112323761,,,
0.0,0.0,0.46641385555267334,,,
0.0,0.0,0.31673020124435425,,,
1.0,1.0,0.7303056716918945,,,
1.0,1.0,0.8468871116638184,,,
1.0,1.0,0.6850561499595642,,,
0.0,1.0,0.7292859554290771,,,
1.0,0.0,0.2628210186958313,,,
1.0,1.0,0.5724578499794006,,,
1.0,1.0,0.6751598119735718,,,
1.0,0.0,0.3349103629589081,,,
0.0,0.0,0.2641529440879822,,,
0.0,1.0,0.6643617749214172,,,
0.0,1.0,0.6203476190567017,,,
0.0,0.0,0.19824202358722687,,,
0.0,0.0,0.46065354347229004,,,
1.0,0.0,0.28804445266723633,,,
1.0,1.0,0.6739119291305542,,,
1.0,1.0,0.8890706300735474,,,
1.0,1.0,0.6072483062744141,,,
0.0,0.0,0.30103766918182373,,,
1.0,1.0,0.5082958936691284,,,
0.0,1.0,0.573879599571228,,,
0.0,0.0,0.37471330165863037,,,
1.0,1.0,0.5744194984436035,,,
0.0,0.0,0.32193607091903687,,,
0.0,0.0,0.24807490408420563,,,
1.0,1.0,0.5913757085800171,,,
0.0,0.0,0.47552284598350525,,,
0.0,0.0,0.3642786145210266,,,
1.0,0.0,0.37466558814048767,,,
0.0,0.0,0.29666605591773987,,,
1.0,0.0,0.347834974527359,,,
0.0,0.0,0.4013594388961792,,,
1.0,1.0,0.5327227711677551,,,
1.0,0.0,0.23847855627536774,,,
0.0,0.0,0.28325051069259644,,,
0.0,0.0,0.32768377661705017,,,
1.0,1.0,0.6215788125991821,,,
1.0,1.0,0.7112395167350769,,,
0.0,0.0,0.3691730797290802,,,
1.0,1.0,0.5691996216773987,,,
0.0,0.0,0.4901426434516907,,,
0.0,0.0,0.3054586350917816,,,
1.0,1.0,0.9238685369491577,,,
0.0,0.0,0.465820848941803,,,
0.0,0.0,0.3465116024017334,,,
0.0,0.0,0.38441577553749084,,,
1.0,0.0,0.4454406499862671,,,
1.0,1.0,0.680308997631073,,,
0.0,0.0,0.23908169567584991,,,
0.0,0.0,0.34791016578674316,,,
1.0,1.0,0.6127629280090332,,,
0.0,0.0,0.3513520658016205,,,
0.0,0.0,0.3945697546005249,,,
1.0,1.0,0.5370051860809326,,,
1.0,1.0,0.8030197024345398,,,
1.0,1.0,0.5283166766166687,,,
1.0,0.0,0.4160720407962799,,,
0.0,0.0,0.377153605222702,,,
0.0,0.0,0.327117383480072,,,
0.0,0.0,0.22718366980552673,,,
0.0,1.0,0.7410844564437866,,,
1.0,0.0,0.31513163447380066,,,
1.0,1.0,0.8000912666320801,,,
0.0,0.0,0.21554093062877655,,,
0.0,0.0,0.3909972012042999,,,
0.0,0.0,0.324360191822052,,,
1.0,0.0,0.3668019473552704,,,
1.0,0.0,0.35029974579811096,,,
1.0,0.0,0.32368114590644836,,,
1.0,1.0,0.621934175491333,,,
1.0,1.0,0.5433652400970459,,,
1.0,1.0,0.8191257119178772,,,
0.0,0.0,0.4747297763824463,,,
1.0,1.0,0.669894814491272,,,
1.0,0.0,0.31023845076560974,,,
1.0,1.0,0.5848188996315002,,,
1.0,1.0,0.6815367937088013,,,
0.0,0.0,0.2771753966808319,,,
0.0,0.0,0.45297500491142273,,,
1.0,0.0,0.4563460648059845,,,
1.0,1.0,0.6469103693962097,,,
1.0,1.0,0.5419577360153198,,,
1.0,1.0,0.7792866826057434,,,
0.0,1.0,0.5984740257263184,,,
1.0,1.0,0.7225785851478577,,,
1.0,1.0,0.5504995584487915,,,
1.0,0.0,0.3054763376712799,,,
0.0,0.0,0.3737388849258423,,,
0.0,0.0,0.2562898099422455,,,
1.0,1.0,0.8009191155433655,,,
1.0,1.0,0.8416090607643127,,,
1.0,1.0,0.5409451127052307,,,
1.0,1.0,0.5699467658996582,,,
0.0,0.0,0.2631312310695648,,,
1.0,0.0,0.4818936586380005,,,
1.0,1.0,0.8104123473167419,,,
0.0,0.0,0.28427639603614807,,,
1.0,1.0,0.5221892595291138,,,
1.0,1.0,0.6259766817092896,,,
1.0,1.0,0.536802351474762,,,
0.0,0.0,0.22387579083442688,,,
1.0,1.0,0.7516269683837891,,,
0.0,0.0,0.40458905696868896,,,
1.0,1.0,0.6591203212738037,,,
1.0,1.0,0.7042425274848938,,,
0.0,0.0,0.4875488877296448,,,
1.0,0.0,0.4414425790309906,,,
0.0,1.0,0.7677389979362488,,,
0.0,0.0,0.30525892972946167,,,
0.0,0.0,0.2813297510147095,,,
0.0,0.0,0.23116028308868408,,,
0.0,0.0,0.3545622229576111,,,
0.0,0.0,0.35722482204437256,,,
0.0,1.0,0.6320617198944092,,,
0.0,0.0,0.25708019733428955,,,
0.0,1.0,0.6110286116600037,,,
0.0,0.0,0.3988402783870697,,,
0.0,0.0,0.4084278345108032,,,
1.0,0.0,0.4175976514816284,,,
1.0,0.0,0.48166510462760925,,,
1.0,0.0,0.4594271779060364,,,
0.0,0.0,0.2435748279094696,,,
0.0,0.0,0.42918649315834045,,,
0.0,0.0,0.43758684396743774,,,
1.0,1.0,0.7008799910545349,,,
1.0,1.0,0.8426400423049927,,,
0.0,0.0,0.3645913600921631,,,
1.0,0.0,0.43114370107650757,,,
1.0,1.0,0.5431703925132751,,,
1.0,1.0,0.51275235414505,,,
0.0,0.0,0.2059088498353958,,,
0.0,0.0,0.3743946850299835,,,
0.0,1.0,0.5252333283424377,,,
0.0,0.0,0.39253801107406616,,,
0.0,1.0,0.5414332747459412,,,
0.0,1.0,0.5256509184837341,,,
1.0,1.0,0.704684317111969,,,
0.0,0.0,0.31693795323371887,,,
0.0,0.0,0.3140372335910797,,,
0.0,1.0,0.6636368036270142,,,
1.0,1.0,0.6060146689414978,,,
0.0,0.0,0.393413782119751,,,
0.0,1.0,0.667533278465271,,,
0.0,0.0,0.3728068172931671,,,
0.0,0.0,0.2535112202167511,,,
1.0,1.0,0.534816563129425,,,
1.0,0.0,0.3527654707431793,,,
0.0,0.0,0.12915204465389252,,,
1.0,1.0,0.8331373929977417,,,
0.0,0.0,0.4492160379886627,,,
0.0,0.0,0.39248988032341003,,,
0.0,1.0,0.7116936445236206,,,
0.0,0.0,0.3077419400215149,,,
1.0,1.0,0.6341037750244141,,,
1.0,1.0,0.5209915637969971,,,
0.0,0.0,0.33647963404655457,,,
1.0,1.0,0.5103407502174377,,,
1.0,1.0,0.5787294507026672,,,
1.0,1.0,0.7127884030342102,,,
1.0,1.0,0.8505915403366089,,,
1.0,1.0,0.8282026052474976,,,
1.0,0.0,0.4757697582244873,,,
1.0,0.0,0.323733925819397,,,
1.0,1.0,0.5798048973083496,,,
1.0,1.0,0.8719948530197144,,,
1.0,1.0,0.8615625500679016,,,
0.0,0.0,0.3930812180042267,,,
1.0,1.0,0.7584149241447449,,,
1.0,1.0,0.6207172870635986,,,
0.0,1.0,0.692951500415802,,,
0.0,0.0,0.3085864186286926,,,
1.0,0.0,0.4248247444629669,,,
0.0,0.0,0.27341538667678833,,,
1.0,0.0,0.3073984682559967,,,
1.0,1.0,0.817250669002533,,,
1.0,1.0,0.8163658976554871,,,
1.0,1.0,0.6445138454437256,,,
1.0,1.0,0.517815351486206,,,
0.0,0.0,0.4188620150089264,,,
1.0,1.0,0.6398219466209412,,,
1.0,0.0,0.49488064646720886,,,
0.0,0.0,0.29788169264793396,,,
1.0,1.0,0.5656570196151733,,,
1.0,1.0,0.5247631669044495,,,
0.0,0.0,0.3238023519515991,,,
0.0,1.0,0.7473934292793274,,,
0.0,0.0,0.3707011640071869,,,
1.0,1.0,0.5739884972572327,,,
1.0,1.0,0.7700864672660828,,,
1.0,1.0,0.6360307335853577,,,
0.0,0.0,0.48096922039985657,,,
0.0,1.0,0.6444758772850037,,,
0.0,0.0,0.4146411418914795,,,
1.0,1.0,0.8928767442703247,,,
0.0,0.0,0.38585367798805237,,,
0.0,0.0,0.24888619780540466,,,
1.0,1.0,0.7322895526885986,,,
1.0,1.0,0.5491328239440918,,,
0.0,0.0,0.31716063618659973,,,
0.0,0.0,0.40826889872550964,,,
1.0,0.0,0.2770056128501892,,,
1.0,1.0,0.6959805488586426,,,
0.0,0.0,0.29328015446662903,,,
0.0,0.0,0.15699495375156403,,,
0.0,0.0,0.2345312237739563,,,
1.0,1.0,0.86814945936203,,,
1.0,1.0,0.6826370358467102,,,
0.0,0.0,0.3341923654079437,,,
0.0,0.0,0.2793501317501068,,,
1.0,1.0,0.6022148132324219,,,
1.0,0.0,0.4036150574684143,,,
1.0,1.0,0.5572134852409363,,,
0.0,1.0,0.5453282594680786,,,
1.0,0.0,0.4579707980155945,,,
0.0,0.0,0.2552405297756195,,,
0.0,0.0,0.3928995430469513,,,
0.0,0.0,0.32039669156074524,,,
0.0,1.0,0.680350661277771,,,
1.0,0.0,0.45541611313819885,,,
1.0,1.0,0.6809473037719727,,,
0.0,0.0,0.4840525686740875,,,
1.0,1.0,0.5085508227348328,,,
1.0,1.0,0.7148408889770508,,,
1.0,0.0,0.43418845534324646,,,
1.0,1.0,0.5219274759292603,,,
1.0,1.0,0.6032477021217346,,,
1.0,1.0,0.7395250201225281,,,
0.0,0.0,0.3086664080619812,,,
0.0,0.0,0.19650794565677643,,,
1.0,1.0,0.6533437967300415,,,
0.0,0.0,0.29080185294151306,,,
0.0,0.0,0.33079060912132263,,,
0.0,1.0,0.6417077779769897,,,
1.0,0.0,0.4109291732311249,,,
1.0,1.0,0.6773691177368164,,,
1.0,1.0,0.6898465156555176,,,
0.0,0.0,0.3219677209854126,,,
0.0,0.0,0.4536224603652954,,,
0.0,0.0,0.3484713137149811,,,
0.0,1.0,0.6022058129310608,,,
1.0,1.0,0.9123854637145996,,,
1.0,1.0,0.7717303037643433,,,
0.0,0.0,0.3929694890975952,,,
1.0,1.0,0.5807462930679321,,,
0.0,0.0,0.44861772656440735,,,
1.0,1.0,0.5946254134178162,,,
1.0,1.0,0.6439172625541687,,,
1.0,1.0,0.6939537525177002,,,
1.0,0.0,0.4671679139137268,,,
1.0,1.0,0.8653043508529663,,,
0.0,0.0,0.3678443431854248,,,
1.0,1.0,0.6330716013908386,,,
0.0,0.0,0.3604198694229126,,,
1.0,1.0,0.7368826270103455,,,
0.0,0.0,0.2911609411239624,,,
1.0,1.0,0.8083279728889465,,,
1.0,0.0,0.46428385376930237,,,
1.0,1.0,0.5279210209846497,,,
0.0,0.0,0.3737388849258423,,,
0.0,0.0,0.27852681279182434,,,
1.0,1.0,0.7473576068878174,,,
0.0,0.0,0.39541423320770264,,,
1.0,1.0,0.5165990591049194,,,
1.0,1.0,0.8630136847496033,,,
1.0,0.0,0.4952467978000641,,,
1.0,1.0,0.8581410050392151,,,
1.0,1.0,0.5798048973083496,,,
1.0,1.0,0.7381453514099121,,,
0.0,1.0,0.5961630940437317,,,
1.0,1.0,0.6820124983787537,,,
0.0,0.0,0.1843719184398651,,,
0.0,0.0,0.4870797395706177,,,
0.0,0.0,0.32991382479667664,,,
0.0,0.0,0.22881752252578735,,,
0.0,0.0,0.34590819478034973,,,
1.0,1.0,0.607649028301239,,,
1.0,1.0,0.5528759360313416,,,
0.0,0.0,0.3279888331890106,,,
1.0,1.0,0.7023890018463135,,,
0.0,1.0,0.5661062598228455,,,
0.0,0.0,0.26676440238952637,,,
0.0,0.0,0.31562384963035583,,,
1.0,1.0,0.514087438583374,,,
0.0,0.0,0.36178621649742126,,,
0.0,0.0,0.18017679452896118,,,
1.0,1.0,0.6748956441879272,,,
1.0,0.0,0.4867638647556305,,,
1.0,1.0,0.7677389979362488,,,
1.0,0.0,0.3494168519973755,,,
1.0,1.0,0.7187640070915222,,,
0.0,0.0,0.34302371740341187,,,
0.0,0.0,0.33656957745552063,,,
0.0,0.0,0.3490639328956604,,,
1.0,0.0,0.3612304627895355,,,
0.0,0.0,0.31580036878585815,,,
0.0,0.0,0.30704790353775024,,,
1.0,1.0,0.5929168462753296,,,
0.0,0.0,0.3109343647956848,,,
0.0,1.0,0.509850263595581,,,
1.0,0.0,0.4086051285266876,,,
0.0,0.0,0.3267565965652466,,,
1.0,1.0,0.5114660859107971,,,
1.0,1.0,0.6783213019371033,,,
0.0,0.0,0.3076625466346741,,,
1.0,0.0,0.31976833939552307,,,
0.0,0.0,0.446052610874176,,,
1.0,1.0,0.7958029508590698,,,
1.0,1.0,0.8346027135848999,,,
1.0,0.0,0.3763692378997803,,,
0.0,0.0,0.45750197768211365,,,
0.0,0.0,0.27446654438972473,,,
0.0,0.0,0.2879657745361328,,,
1.0,1.0,0.6213364005088806,,,
0.0,0.0,0.32500162720680237,,,
1.0,0.0,0.4570257067680359,,,
1.0,0.0,0.34225213527679443,,,
0.0,0.0,0.3153224587440491,,,
1.0,1.0,0.7159097790718079,,,
0.0,0.0,0.3361666798591614,,,
0.0,0.0,0.21718421578407288,,,
0.0,0.0,0.2697257101535797,,,
1.0,0.0,0.4699648916721344,,,
0.0,0.0,0.3885014057159424,,,
0.0,0.0,0.27057260274887085,,,
1.0,1.0,0.7114822864532471,,,
1.0,1.0,0.6863645911216736,,,
0.0,0.0,0.37064412236213684,,,
0.0,0.0,0.3742891252040863,,,
0.0,0.0,0.2801918685436249,,,
0.0,0.0,0.38754498958587646,,,
0.0,0.0,0.3249809145927429,,,
0.0,0.0,0.3260326683521271,,,
1.0,1.0,0.7456384897232056,,,
0.0,0.0,0.3815251290798187,,,
0.0,0.0,0.45629367232322693,,,
1.0,1.0,0.6973040103912354,,,
0.0,0.0,0.32383275032043457,,,
0.0,1.0,0.5328596234321594,,,
0.0,0.0,0.3072027862071991,,,
1.0,0.0,0.378486692905426,,,
1.0,0.0,0.4730781316757202,,,
1.0,1.0,0.7857980132102966,,,
1.0,1.0,0.9120155572891235,,,
1.0,1.0,0.9129581451416016,,,
1.0,0.0,0.37449464201927185,,,
1.0,1.0,0.7992849946022034,,,
1.0,1.0,0.8225054144859314,,,
0.0,0.0,0.26476776599884033,,,
0.0,0.0,0.27513375878334045,,,
1.0,0.0,0.34969818592071533,,,
1.0,0.0,0.4826034903526306,,,
1.0,1.0,0.5048735737800598,,,
0.0,0.0,0.3369062542915344,,,
1.0,1.0,0.6901545524597168,,,
1.0,1.0,0.6237068772315979,,,
1.0,1.0,0.6612625122070312,,,
0.0,0.0,0.2522529661655426,,,
1.0,1.0,0.7027603983879089,,,
1.0,1.0,0.7122970223426819,,,
0.0,0.0,0.43579918146133423,,,
0.0,0.0,0.3510139286518097,,,
1.0,1.0,0.8488063216209412,,,
1.0,0.0,0.3336801528930664,,,
1.0,0.0,0.3588232100009918,,,
0.0,0.0,0.3653790056705475,,,
1.0,1.0,0.6857975125312805,,,
1.0,0.0,0.32677072286605835,,,
1.0,1.0,0.8003653883934021,,,
0.0,0.0,0.19090020656585693,,,
1.0,1.0,0.7287753224372864,,,
1.0,0.0,0.41250255703926086,,,
0.0,0.0,0.3068978190422058,,,
0.0,0.0,0.2632145285606384,,,
1.0,1.0,0.8221141695976257,,,
1.0,1.0,0.7158259153366089,,,
0.0,0.0,0.37522250413894653,,,
1.0,1.0,0.8508479595184326,,,
0.0,1.0,0.5673679113388062,,,
1.0,1.0,0.6176053285598755,,,
0.0,0.0,0.2507331073284149,,,
0.0,0.0,0.24843306839466095,,,
1.0,1.0,0.8525240421295166,,,
0.0,0.0,0.23537960648536682,,,
0.0,1.0,0.550207793712616,,,
1.0,1.0,0.5044358372688293,,,
0.0,0.0,0.3207208514213562,,,
1.0,0.0,0.359063982963562,,,
0.0,0.0,0.4289129376411438,,,
1.0,1.0,0.8351761102676392,,,
0.0,0.0,0.2797836363315582,,,
0.0,0.0,0.28226152062416077,,,
0.0,0.0,0.22107885777950287,,,
0.0,0.0,0.40479737520217896,,,
0.0,0.0,0.306643009185791,,,
0.0,0.0,0.40013301372528076,,,
1.0,1.0,0.6328639388084412,,,
0.0,1.0,0.5375749468803406,,,
0.0,0.0,0.2620970606803894,,,
0.0,0.0,0.27749380469322205,,,
1.0,1.0,0.552482008934021,,,
0.0,0.0,0.3338833451271057,,,
1.0,1.0,0.6176741719245911,,,
0.0,0.0,0.21580050885677338,,,
0.0,1.0,0.5234583616256714,,,
1.0,1.0,0.8106523752212524,,,
1.0,0.0,0.35140329599380493,,,
1.0,1.0,0.6465014219284058,,,
1.0,1.0,0.5192911624908447,,,
0.0,0.0,0.45505714416503906,,,
0.0,0.0,0.40749385952949524,,,
0.0,0.0,0.2619735598564148,,,
1.0,1.0,0.782527506351471,,,
1.0,1.0,0.6664630770683289,,,
0.0,0.0,0.21707789599895477,,,
1.0,1.0,0.8311470150947571,,,
1.0,0.0,0.29904231429100037,,,
0.0,0.0,0.2612914443016052,,,
0.0,0.0,0.34686678647994995,,,
1.0,1.0,0.6383863091468811,,,
0.0,0.0,0.3321040868759155,,,
0.0,0.0,0.30288589000701904,,,
1.0,0.0,0.3657936155796051,,,
1.0,1.0,0.5016430020332336,,,
1.0,1.0,0.6498492956161499,,,
0.0,0.0,0.48384028673171997,,,
0.0,0.0,0.30436331033706665,,,
1.0,1.0,0.7741666436195374,,,
0.0,0.0,0.27210015058517456,,,
1.0,0.0,0.381266713142395,,,
0.0,0.0,0.44838637113571167,,,
1.0,0.0,0.3952626883983612,,,
1.0,1.0,0.5317034721374512,,,
0.0,0.0,0.27820390462875366,,,
1.0,1.0,0.6906537413597107,,,
0.0,0.0,0.2733265161514282,,,
0.0,0.0,0.49801555275917053,,,
1.0,1.0,0.7438522577285767,,,
0.0,0.0,0.3552565574645996,,,
1.0,0.0,0.4295338988304138,,,
0.0,0.0,0.45065420866012573,,,
1.0,0.0,0.4887950122356415,,,
0.0,0.0,0.3489111363887787,,,
1.0,1.0,0.5769504308700562,,,
0.0,0.0,0.40747159719467163,,,
0.0,0.0,0.2095491886138916,,,
1.0,0.0,0.35938864946365356,,,
1.0,1.0,0.8405751585960388,,,
0.0,1.0,0.5068548321723938,,,
0.0,1.0,0.7152592539787292,,,
1.0,1.0,0.727124035358429,,,
1.0,1.0,0.7024266719818115,,,
0.0,0.0,0.43970441818237305,,,
0.0,1.0,0.5779452919960022,,,
1.0,0.0,0.4278685748577118,,,
1.0,1.0,0.7372905611991882,,,
1.0,1.0,0.6925824880599976,,,
0.0,0.0,0.4507242739200592,,,
1.0,0.0,0.4112853407859802,,,
1.0,1.0,0.6652449369430542,,,
1.0,0.0,0.3212330639362335,,,
1.0,0.0,0.45914316177368164,,,
0.0,0.0,0.4140411615371704,,,
1.0,1.0,0.5809491276741028,,,
1.0,0.0,0.43987974524497986,,,
0.0,0.0,0.29348745942115784,,,
0.0,0.0,0.2690690755844116,,,
1.0,1.0,0.5627419948577881,,,
0.0,0.0,0.4138396680355072,,,
0.0,0.0,0.48109233379364014,,,
0.0,0.0,0.48242685198783875,,,
1.0,1.0,0.6199328899383545,,,
1.0,0.0,0.37616273760795593,,,
0.0,0.0,0.3212825357913971,,,
1.0,0.0,0.4177864193916321,,,
1.0,1.0,0.532741367816925,,,
0.0,0.0,0.19090020656585693,,,
0.0,0.0,0.45745936036109924,,,
1.0,0.0,0.47608110308647156,,,
1.0,0.0,0.37617993354797363,,,
1.0,0.0,0.41788822412490845,,,
0.0,0.0,0.2571217119693756,,,
0.0,0.0,0.39534440636634827,,,
1.0,1.0,0.7604498863220215,,,
0.0,0.0,0.3107800781726837,,,
0.0,0.0,0.2490367293357849,,,
0.0,0.0,0.38667914271354675,,,
1.0,1.0,0.941020131111145,,,
1.0,1.0,0.5987295508384705,,,
0.0,0.0,0.23573200404644012,,,
0.0,0.0,0.45894721150398254,,,
1.0,1.0,0.8987600207328796,,,
1.0,1.0,0.6053757071495056,,,
1.0,0.0,0.4138934314250946,,,
0.0,0.0,0.37999483942985535,,,
0.0,1.0,0.607089102268219,,,
0.0,0.0,0.33318328857421875,,,
0.0,1.0,0.5348153114318848,,,
0.0,0.0,0.4887925088405609,,,
0.0,0.0,0.26496997475624084,,,
1.0,1.0,0.8050664663314819,,,
0.0,0.0,0.4370363652706146,,,
1.0,0.0,0.435391366481781,,,
0.0,0.0,0.3513736426830292,,,
0.0,0.0,0.4303387999534607,,,
1.0,1.0,0.592108964920044,,,
0.0,1.0,0.6696996092796326,,,
1.0,1.0,0.5830572843551636,,,
1.0,0.0,0.3699364960193634,,,
0.0,0.0,0.21992887556552887,,,
1.0,1.0,0.6447644233703613,,,
0.0,0.0,0.3592183589935303,,,
0.0,0.0,0.4823891818523407,,,
0.0,0.0,0.282717227935791,,,
0.0,0.0,0.3607991933822632,,,
1.0,1.0,0.6676440238952637,,,
1.0,0.0,0.49257296323776245,,,
1.0,1.0,0.5980827808380127,,,
0.0,1.0,0.6386227011680603,,,
1.0,1.0,0.5708802342414856,,,
0.0,0.0,0.2736627161502838,,,
1.0,1.0,0.7478653788566589,,,
0.0,0.0,0.21352504193782806,,,
1.0,1.0,0.5400725603103638,,,
0.0,0.0,0.32308050990104675,,,
1.0,1.0,0.9422404170036316,,,
1.0,1.0,0.7260366082191467,,,
1.0,0.0,0.38388240337371826,,,
0.0,0.0,0.21519306302070618,,,
0.0,1.0,0.6624897122383118,,,
0.0,0.0,0.23380950093269348,,,
0.0,0.0,0.22396419942378998,,,
1.0,1.0,0.7467808127403259,,,
0.0,0.0,0.3282313346862793,,,
0.0,0.0,0.4495825469493866,,,
1.0,1.0,0.6703481674194336,,,
1.0,0.0,0.48831629753112793,,,
1.0,0.0,0.4058094918727875,,,
0.0,0.0,0.49558520317077637,,,
0.0,0.0,0.29701048135757446,,,
1.0,1.0,0.7885169386863708,,,
0.0,1.0,0.548127293586731,,,
1.0,0.0,0.4325900375843048,,,
0.0,0.0,0.21795344352722168,,,
0.0,1.0,0.678703784942627,,,
0.0,0.0,0.3679848611354828,,,
0.0,0.0,0.2998678684234619,,,
1.0,1.0,0.8864197731018066,,,
1.0,1.0,0.6941160559654236,,,
0.0,0.0,0.2571217119693756,,,
0.0,0.0,0.45951324701309204,,,
1.0,1.0,0.500625729560852,,,
0.0,0.0,0.45312660932540894,,,
0.0,0.0,0.4142809808254242,,,
0.0,0.0,0.32488784193992615,,,
1.0,0.0,0.36724162101745605,,,
1.0,1.0,0.6082480549812317,,,
1.0,1.0,0.5898354649543762,,,
1.0,0.0,0.264414519071579,,,
0.0,0.0,0.4116135239601135,,,
1.0,1.0,0.5341793894767761,,,
0.0,0.0,0.31148678064346313,,,
0.0,0.0,0.20879316329956055,,,
1.0,0.0,0.29436421394348145,,,
0.0,1.0,0.5766247510910034,,,
0.0,0.0,0.31362485885620117,,,
1.0,0.0,0.3191358745098114,,,
0.0,0.0,0.2937656044960022,,,
0.0,0.0,0.3827402591705322,,,
1.0,1.0,0.5266352295875549,,,
1.0,0.0,0.37108829617500305,,,
1.0,1.0,0.7071966528892517,,,
0.0,0.0,0.3760312795639038,,,
0.0,0.0,0.15701404213905334,,,
0.0,0.0,0.3772003650665283,,,
1.0,1.0,0.501172661781311,,,
0.0,0.0,0.30172136425971985,,,
0.0,0.0,0.35685113072395325,,,
1.0,1.0,0.8376365303993225,,,
0.0,1.0,0.7898851037025452,,,
1.0,1.0,0.8373945951461792,,,
0.0,0.0,0.316341757774353,,,
1.0,0.0,0.406080961227417,,,
1.0,1.0,0.5495671033859253,,,
0.0,0.0,0.38868728280067444,,,
0.0,0.0,0.2995830178260803,,,
1.0,1.0,0.5485285520553589,,,
0.0,0.0,0.32084497809410095,,,
0.0,1.0,0.7104967832565308,,,
1.0,0.0,0.4768703877925873,,,
0.0,0.0,0.45783835649490356,,,
1.0,0.0,0.37467077374458313,,,
0.0,0.0,0.34183552861213684,,,
1.0,0.0,0.4774779677391052,,,
1.0,1.0,0.7794770002365112,,,
1.0,0.0,0.40452176332473755,,,
1.0,0.0,0.4627329409122467,,,
1.0,0.0,0.47146299481391907,,,
0.0,0.0,0.4543711841106415,,,
0.0,0.0,0.25105786323547363,,,
1.0,1.0,0.7466405630111694,,,
0.0,0.0,0.29022592306137085,,,
0.0,0.0,0.3103390634059906,,,
1.0,0.0,0.4458372890949249,,,
1.0,0.0,0.32558777928352356,,,
0.0,0.0,0.3734910190105438,,,
1.0,1.0,0.5103411674499512,,,
1.0,0.0,0.49295365810394287,,,
0.0,0.0,0.16433455049991608,,,
1.0,1.0,0.5753859877586365,,,
0.0,0.0,0.4656308591365814,,,
0.0,0.0,0.39413246512413025,,,
1.0,1.0,0.8505085706710815,,,
0.0,0.0,0.4301418662071228,,,
0.0,1.0,0.5138977766036987,,,
1.0,1.0,0.6596966981887817,,,
0.0,0.0,0.2356337308883667,,,
1.0,1.0,0.8376777768135071,,,
1.0,1.0,0.5084586143493652,,,
1.0,1.0,0.7307994961738586,,,
0.0,0.0,0.2890169322490692,,,
1.0,1.0,0.7753200531005859,,,
1.0,1.0,0.8107082843780518,,,
1.0,1.0,0.5746057033538818,,,
0.0,0.0,0.2858984172344208,,,
1.0,1.0,0.5803282856941223,,,
1.0,1.0,0.5689486265182495,,,
1.0,0.0,0.3155158460140228,,,
0.0,0.0,0.34611964225769043,,,
1.0,0.0,0.2676956057548523,,,
1.0,0.0,0.4273832440376282,,,
1.0,1.0,0.8736019134521484,,,
0.0,0.0,0.350924551486969,,,
0.0,0.0,0.3610614836215973,,,
0.0,0.0,0.34000855684280396,,,
1.0,1.0,0.8028614521026611,,,
0.0,0.0,0.25781920552253723,,,
0.0,0.0,0.39841118454933167,,,
0.0,1.0,0.5433199405670166,,,
0.0,0.0,0.32123199105262756,,,
1.0,1.0,0.5012671947479248,,,
1.0,1.0,0.6234091520309448,,,
0.0,0.0,0.354873389005661,,,
1.0,1.0,0.7255911231040955,,,
0.0,0.0,0.4147593677043915,,,
1.0,0.0,0.4075482189655304,,,
1.0,0.0,0.388727605342865,,,
0.0,0.0,0.4507647752761841,,,
0.0,0.0,0.24705778062343597,,,
1.0,0.0,0.42750006914138794,,,
0.0,0.0,0.3676494061946869,,,
1.0,1.0,0.6804545521736145,,,
1.0,1.0,0.7292264103889465,,,
1.0,1.0,0.7472604513168335,,,
1.0,0.0,0.3621542453765869,,,
0.0,1.0,0.5531437397003174,,,
1.0,0.0,0.27894923090934753,,,
0.0,0.0,0.372166246175766,,,
0.0,1.0,0.6744350790977478,,,
1.0,0.0,0.29020243883132935,,,
0.0,1.0,0.5123766660690308,,,
0.0,0.0,0.2741287350654602,,,
1.0,1.0,0.6675316691398621,,,
1.0,1.0,0.6419952511787415,,,
1.0,0.0,0.46406295895576477,,,
1.0,0.0,0.3841952979564667,,,
1.0,0.0,0.46908828616142273,,,
0.0,0.0,0.380141943693161,,,
0.0,0.0,0.478401243686676,,,
1.0,0.0,0.49968162178993225,,,
0.0,0.0,0.31967905163764954,,,
0.0,0.0,0.39787933230400085,,,
0.0,0.0,0.33734065294265747,,,
0.0,0.0,0.2981622517108917,,,
0.0,0.0,0.23827318847179413,,,
1.0,1.0,0.5839577317237854,,,
0.0,0.0,0.40786370635032654,,,
1.0,1.0,0.5156041383743286,,,
1.0,1.0,0.7129715085029602,,,
0.0,0.0,0.462882936000824,,,
0.0,0.0,0.31791386008262634,,,
0.0,0.0,0.21923509240150452,,,
1.0,0.0,0.3847846984863281,,,
0.0,0.0,0.46793505549430847,,,
0.0,0.0,0.48992857336997986,,,
1.0,1.0,0.6069959998130798,,,
1.0,0.0,0.464121550321579,,,
0.0,1.0,0.54241943359375,,,
0.0,0.0,0.24583756923675537,,,
0.0,0.0,0.2257484644651413,,,
1.0,1.0,0.5194974541664124,,,
1.0,0.0,0.46793505549430847,,,
1.0,1.0,0.5611857771873474,,,
0.0,0.0,0.33780187368392944,,,
0.0,0.0,0.184373676776886,,,
1.0,0.0,0.3280494511127472,,,
1.0,1.0,0.5547086596488953,,,
0.0,1.0,0.6513071656227112,,,
0.0,1.0,0.580615222454071,,,
0.0,0.0,0.3136465847492218,,,
1.0,0.0,0.44026270508766174,,,
1.0,0.0,0.41937056183815,,,
0.0,0.0,0.2702454924583435,,,
1.0,1.0,0.7479966878890991,,,
1.0,1.0,0.6135671734809875,,,
0.0,0.0,0.24790120124816895,,,
0.0,0.0,0.25130125880241394,,,
0.0,0.0,0.3549364507198334,,,
1.0,1.0,0.7775284051895142,,,
0.0,1.0,0.5401872396469116,,,
0.0,0.0,0.39938998222351074,,,
0.0,0.0,0.2891942262649536,,,
1.0,1.0,0.7955583333969116,,,
1.0,1.0,0.6514192223548889,,,
0.0,0.0,0.3304179906845093,,,
1.0,1.0,0.6516904830932617,,,
1.0,0.0,0.43166130781173706,,,
0.0,0.0,0.2313857525587082,,,
0.0,0.0,0.3701319992542267,,,
1.0,1.0,0.5465702414512634,,,
1.0,1.0,0.6036452651023865,,,
1.0,1.0,0.6632271409034729,,,
1.0,0.0,0.40251120924949646,,,
0.0,0.0,0.3644617199897766,,,
1.0,1.0,0.9026350378990173,,,
1.0,1.0,0.8092337846755981,,,
0.0,0.0,0.4056394696235657,,,
0.0,0.0,0.21888746321201324,,,
0.0,0.0,0.3047545850276947,,,
1.0,0.0,0.4857223629951477,,,
1.0,1.0,0.6453679203987122,,,
0.0,1.0,0.5603318810462952,,,
1.0,1.0,0.5643361806869507,,,
1.0,0.0,0.29668575525283813,,,
0.0,0.0,0.2809794545173645,,,
0.0,1.0,0.5717082023620605,,,
0.0,0.0,0.35492199659347534,,,
0.0,0.0,0.49686455726623535,,,
0.0,0.0,0.3288896381855011,,,
1.0,1.0,0.5101098418235779,,,
1.0,0.0,0.3962472081184387,,,
0.0,0.0,0.398148775100708,,,
0.0,0.0,0.4198305010795593,,,
0.0,0.0,0.4079979658126831,,,
0.0,0.0,0.3047398626804352,,,
1.0,1.0,0.654715895652771,,,
1.0,1.0,0.5953925848007202,,,
0.0,0.0,0.35657593607902527,,,
1.0,1.0,0.6089093685150146,,,
1.0,0.0,0.4030549228191376,,,
0.0,0.0,0.28507235646247864,,,
1.0,1.0,0.8752710223197937,,,
1.0,1.0,0.9041209816932678,,,
0.0,1.0,0.5316567420959473,,,
1.0,0.0,0.36659932136535645,,,
0.0,0.0,0.27579787373542786,,,
0.0,0.0,0.2385188490152359,,,
1.0,1.0,0.733964741230011,,,
1.0,1.0,0.8099274635314941,,,
1.0,1.0,0.5257689356803894,,,
0.0,0.0,0.39791393280029297,,,
1.0,1.0,0.6140563488006592,,,
0.0,0.0,0.26199308037757874,,,
0.0,1.0,0.6057933568954468,,,
1.0,1.0,0.7686939835548401,,,
0.0,0.0,0.31967905163764954,,,
0.0,0.0,0.35530969500541687,,,
0.0,0.0,0.2846853733062744,,,
1.0,0.0,0.3662450313568115,,,
0.0,0.0,0.45808669924736023,,,
1.0,1.0,0.722608208656311,,,
0.0,0.0,0.2297411412000656,,,
1.0,0.0,0.4579269587993622,,,
1.0,0.0,0.32567375898361206,,,
0.0,0.0,0.4663357436656952,,,
0.0,0.0,0.37294140458106995,,,
1.0,1.0,0.5777753591537476,,,
1.0,1.0,0.9174050688743591,,,
1.0,1.0,0.7079482078552246,,,
1.0,1.0,0.7602023482322693,,,
0.0,0.0,0.43871867656707764,,,
1.0,1.0,0.5308780670166016,,,
1.0,1.0,0.7199984192848206,,,
1.0,0.0,0.2302151769399643,,,
1.0,1.0,0.6204043626785278,,,
1.0,1.0,0.5756605863571167,,,
1.0,1.0,0.8717021942138672,,,
0.0,0.0,0.3077108860015869,,,
1.0,0.0,0.45721539855003357,,,
0.0,1.0,0.7727099061012268,,,
1.0,0.0,0.3616645932197571,,,
0.0,0.0,0.39620134234428406,,,
1.0,1.0,0.6968589425086975,,,
0.0,0.0,0.30316025018692017,,,
1.0,1.0,0.7780952453613281,,,
1.0,1.0,0.6330406665802002,,,
1.0,1.0,0.7372694611549377,,,
1.0,1.0,0.6445199847221375,,,
1.0,0.0,0.29788169264793396,,,
1.0,1.0,0.7085457444190979,,,
0.0,0.0,0.38750675320625305,,,
1.0,1.0,0.6746748089790344,,,
0.0,0.0,0.2731146812438965,,,
0.0,0.0,0.3604198694229126,,,
0.0,0.0,0.20976917445659637,,,
0.0,0.0,0.24708962440490723,,,
1.0,0.0,0.31726324558258057,,,
0.0,0.0,0.20750321447849274,,,
1.0,1.0,0.6300363540649414,,,
1.0,1.0,0.8787629008293152,,,
0.0,0.0,0.3271358609199524,,,
0.0,0.0,0.3204078674316406,,,
0.0,0.0,0.42307162284851074,,,
1.0,1.0,0.7609949707984924,,,
1.0,0.0,0.4424932301044464,,,
0.0,0.0,0.39799895882606506,,,
1.0,1.0,0.6616687178611755,,,
0.0,0.0,0.2865329384803772,,,
1.0,1.0,0.6371849775314331,,,
1.0,0.0,0.450904905796051,,,
0.0,0.0,0.4828217029571533,,,
1.0,1.0,0.9353971481323242,,,
1.0,0.0,0.4060242176055908,,,
1.0,0.0,0.4055028259754181,,,
0.0,0.0,0.4426584243774414,,,
1.0,1.0,0.8748869895935059,,,
1.0,0.0,0.3512638211250305,,,
0.0,0.0,0.4730035364627838,,,
0.0,0.0,0.28041428327560425,,,
0.0,0.0,0.4095774292945862,,,
1.0,0.0,0.43772074580192566,,,
1.0,0.0,0.48748472332954407,,,
1.0,1.0,0.8069731593132019,,,
0.0,0.0,0.12166189402341843,,,
0.0,0.0,0.48348167538642883,,,
1.0,1.0,0.6336968541145325,,,
1.0,0.0,0.4457164406776428,,,
1.0,1.0,0.7127476334571838,,,
1.0,0.0,0.3237518072128296,,,
0.0,0.0,0.3350732922554016,,,
0.0,1.0,0.5490440130233765,,,
0.0,0.0,0.41106116771698,,,
0.0,0.0,0.47444233298301697,,,
1.0,1.0,0.7498124837875366,,,
1.0,0.0,0.2852637469768524,,,
0.0,0.0,0.2118835300207138,,,
0.0,0.0,0.24310098588466644,,,
1.0,1.0,0.8162011504173279,,,
0.0,0.0,0.465425580739975,,,
1.0,0.0,0.43503791093826294,,,
0.0,0.0,0.41281673312187195,,,
1.0,0.0,0.48266685009002686,,,
1.0,1.0,0.5192911624908447,,,
0.0,0.0,0.2615809738636017,,,
0.0,0.0,0.31703901290893555,,,
0.0,0.0,0.2557191252708435,,,
1.0,0.0,0.49539753794670105,,,
0.0,1.0,0.5297765135765076,,,
0.0,0.0,0.3485866189002991,,,
1.0,1.0,0.7074137926101685,,,
1.0,1.0,0.6386227011680603,,,
0.0,0.0,0.37122198939323425,,,
1.0,1.0,0.8246858716011047,,,
1.0,0.0,0.4582304060459137,,,
1.0,1.0,0.680350661277771,,,
1.0,0.0,0.4391326904296875,,,
0.0,0.0,0.2614058554172516,,,
1.0,1.0,0.5432983636856079,,,
0.0,0.0,0.2707667052745819,,,
1.0,0.0,0.41537031531333923,,,
0.0,0.0,0.3741764724254608,,,
0.0,0.0,0.232709139585495,,,
1.0,1.0,0.5706299543380737,,,
1.0,0.0,0.45783835649490356,,,
0.0,0.0,0.3910195529460907,,,
0.0,0.0,0.27295994758605957,,,
0.0,0.0,0.30688729882240295,,,
1.0,1.0,0.6493600010871887,,,
0.0,1.0,0.5744199752807617,,,
0.0,1.0,0.5040954947471619,,,
1.0,0.0,0.28621944785118103,,,
0.0,0.0,0.30308473110198975,,,
0.0,0.0,0.48731720447540283,,,
0.0,0.0,0.24356557428836823,,,
0.0,0.0,0.1954016238451004,,,
0.0,0.0,0.3947770595550537,,,
0.0,1.0,0.5370308756828308,,,
1.0,1.0,0.5130282044410706,,,
0.0,1.0,0.5582125186920166,,,
0.0,1.0,0.530879020690918,,,
1.0,0.0,0.33183553814888,,,
1.0,1.0,0.7317599058151245,,,
1.0,1.0,0.8898118734359741,,,
1.0,1.0,0.6785932183265686,,,
0.0,0.0,0.42143601179122925,,,
0.0,0.0,0.2354794293642044,,,
0.0,0.0,0.32992061972618103,,,
1.0,1.0,0.5782296061515808,,,
0.0,1.0,0.5622068643569946,,,
0.0,1.0,0.6950998306274414,,,
0.0,1.0,0.5611783862113953,,,
0.0,1.0,0.5048662424087524,,,
0.0,0.0,0.4257924258708954,,,
0.0,0.0,0.20458896458148956,,,
0.0,0.0,0.35631194710731506,,,
0.0,0.0,0.47703438997268677,,,
0.0,0.0,0.44531723856925964,,,
0.0,0.0,0.4551088511943817,,,
1.0,0.0,0.3957143723964691,,,
0.0,0.0,0.3054628372192383,,,
0.0,0.0,0.32004314661026,,,
1.0,1.0,0.6691285967826843,,,
0.0,0.0,0.20303332805633545,,,
0.0,1.0,0.6876423358917236,,,
1.0,0.0,0.42184749245643616,,,
1.0,1.0,0.5112950801849365,,,
0.0,0.0,0.40882304310798645,,,
0.0,0.0,0.40043121576309204,,,
1.0,1.0,0.5622802972793579,,,
1.0,1.0,0.6058050990104675,,,
0.0,0.0,0.19465741515159607,,,
1.0,1.0,0.7407026886940002,,,
1.0,0.0,0.29874706268310547,,,
1.0,0.0,0.4246402978897095,,,
0.0,0.0,0.24530251324176788,,,
0.0,0.0,0.4424233138561249,,,
1.0,1.0,0.7981768250465393,,,
1.0,1.0,0.5434472560882568,,,
0.0,0.0,0.2911609411239624,,,
1.0,1.0,0.7276321649551392,,,
0.0,0.0,0.3790876269340515,,,
1.0,1.0,0.6909695863723755,,,
1.0,1.0,0.6525305509567261,,,
0.0,0.0,0.4020014703273773,,,
0.0,0.0,0.19558236002922058,,,
0.0,0.0,0.350117951631546,,,
0.0,0.0,0.3259950578212738,,,
1.0,1.0,0.9118186831474304,,,
1.0,1.0,0.8422961831092834,,,
1.0,0.0,0.4790380597114563,,,
0.0,0.0,0.3430766463279724,,,
1.0,0.0,0.2743528485298157,,,
1.0,1.0,0.6641265749931335,,,
1.0,1.0,0.8886849284172058,,,
0.0,0.0,0.3697269558906555,,,
0.0,0.0,0.20882056653499603,,,
1.0,1.0,0.7306836843490601,,,
0.0,0.0,0.294212281703949,,,
1.0,1.0,0.5353230237960815,,,
0.0,0.0,0.2615007758140564,,,
1.0,1.0,0.8129381537437439,,,
0.0,0.0,0.3436661958694458,,,
1.0,1.0,0.5798048973083496,,,
0.0,0.0,0.2656802237033844,,,
0.0,0.0,0.4513191282749176,,,
1.0,0.0,0.3858742415904999,,,
0.0,0.0,0.35135769844055176,,,
0.0,0.0,0.32785654067993164,,,
1.0,0.0,0.48790687322616577,,,
0.0,0.0,0.3963116407394409,,,
1.0,0.0,0.36493411660194397,,,
1.0,0.0,0.35829123854637146,,,
1.0,0.0,0.4783286452293396,,,
1.0,1.0,0.7032193541526794,,,
0.0,0.0,0.39364707469940186,,,
0.0,0.0,0.3844508230686188,,,
0.0,0.0,0.48186883330345154,,,
1.0,1.0,0.8720515370368958,,,
1.0,1.0,0.5476560592651367,,,
1.0,1.0,0.8246265649795532,,,
1.0,1.0,0.8109978437423706,,,
1.0,1.0,0.5432004928588867,,,
1.0,1.0,0.6093499064445496,,,
0.0,0.0,0.3023870587348938,,,
0.0,0.0,0.3545103669166565,,,
0.0,0.0,0.4573000967502594,,,
0.0,0.0,0.47420185804367065,,,
1.0,1.0,0.7990790009498596,,,
0.0,0.0,0.4564824402332306,,,
0.0,0.0,0.39695271849632263,,,
0.0,0.0,0.296992689371109,,,
1.0,1.0,0.722224235534668,,,
0.0,0.0,0.3301813006401062,,,
0.0,1.0,0.565987765789032,,,
0.0,0.0,0.39262768626213074,,,
0.0,0.0,0.3347069025039673,,,
1.0,1.0,0.6386227011680603,,,
1.0,0.0,0.3233705461025238,,,
0.0,0.0,0.17040987312793732,,,
0.0,0.0,0.3412298560142517,,,
0.0,0.0,0.182448148727417,,,
0.0,0.0,0.40912318229675293,,,
1.0,1.0,0.7057307362556458,,,
1.0,1.0,0.7837324142456055,,,
1.0,1.0,0.5184873938560486,,,
0.0,0.0,0.4524911344051361,,,
0.0,0.0,0.3501325249671936,,,
0.0,0.0,0.3506886959075928,,,
0.0,1.0,0.6712959408760071,,,
0.0,0.0,0.39417824149131775,,,
1.0,0.0,0.4722460210323334,,,
1.0,1.0,0.7281619310379028,,,
1.0,0.0,0.4419597387313843,,,
0.0,0.0,0.3761988878250122,,,
1.0,1.0,0.7267125844955444,,,
0.0,0.0,0.39658647775650024,,,
0.0,1.0,0.5162164568901062,,,
0.0,1.0,0.5185380578041077,,,
1.0,0.0,0.4524824321269989,,,
1.0,1.0,0.7116014361381531,,,
0.0,0.0,0.35827556252479553,,,
1.0,0.0,0.31489667296409607,,,
1.0,1.0,0.8415845036506653,,,
1.0,0.0,0.33300653100013733,,,
1.0,1.0,0.6334577202796936,,,
0.0,0.0,0.29155558347702026,,,
1.0,1.0,0.5977679491043091,,,
0.0,0.0,0.4669034779071808,,,
0.0,0.0,0.32915934920310974,,,
1.0,0.0,0.47428420186042786,,,
1.0,1.0,0.6471003890037537,,,
1.0,1.0,0.7756505608558655,,,
1.0,0.0,0.3404542803764343,,,
0.0,0.0,0.32084429264068604,,,
1.0,1.0,0.5148545503616333,,,
1.0,1.0,0.6891500949859619,,,
0.0,0.0,0.3004556894302368,,,
0.0,0.0,0.3223688006401062,,,
1.0,1.0,0.5936762690544128,,,
0.0,0.0,0.1833452582359314,,,
1.0,0.0,0.20949512720108032,,,
1.0,0.0,0.2507689595222473,,,
0.0,0.0,0.32533326745033264,,,
1.0,1.0,0.5022570490837097,,,
1.0,1.0,0.5314051508903503,,,
0.0,1.0,0.5480005145072937,,,
1.0,1.0,0.5942296385765076,,,
1.0,0.0,0.4412035346031189,,,
1.0,1.0,0.6799215078353882,,,
1.0,0.0,0.3285832703113556,,,
1.0,1.0,0.5184333920478821,,,
0.0,0.0,0.2507331073284149,,,
1.0,1.0,0.6329418420791626,,,
1.0,1.0,0.8733525276184082,,,
0.0,0.0,0.12915204465389252,,,
1.0,0.0,0.31015411019325256,,,
0.0,0.0,0.377059668302536,,,
0.0,0.0,0.43213340640068054,,,
1.0,1.0,0.6653711795806885,,,
1.0,1.0,0.7556939721107483,,,
0.0,0.0,0.3914075791835785,,,
0.0,1.0,0.8048154711723328,,,
0.0,0.0,0.45070427656173706,,,
0.0,0.0,0.3022719919681549,,,
0.0,0.0,0.47167113423347473,,,
0.0,0.0,0.39252597093582153,,,
1.0,1.0,0.5398541688919067,,,
1.0,1.0,0.9327524900436401,,,
0.0,0.0,0.23573200404644012,,,
0.0,1.0,0.5396655201911926,,,
0.0,0.0,0.25540974736213684,,,
1.0,0.0,0.3608223795890808,,,
0.0,0.0,0.3858742415904999,,,
0.0,0.0,0.21662314236164093,,,
1.0,1.0,0.6079350709915161,,,
1.0,1.0,0.8482714295387268,,,
0.0,0.0,0.4292416572570801,,,
1.0,1.0,0.6668625473976135,,,
1.0,0.0,0.3129967451095581,,,
0.0,0.0,0.396060973405838,,,
1.0,1.0,0.6016396880149841,,,
0.0,0.0,0.12915204465389252,,,
0.0,1.0,0.6433684229850769,,,
0.0,0.0,0.4775170087814331,,,
1.0,1.0,0.7476112842559814,,,
0.0,0.0,0.49941155314445496,,,
1.0,1.0,0.6284204721450806,,,
0.0,0.0,0.47387269139289856,,,
1.0,1.0,0.6154244542121887,,,
0.0,0.0,0.42203742265701294,,,
0.0,0.0,0.3887830972671509,,,
0.0,0.0,0.30867958068847656,,,
1.0,0.0,0.45227423310279846,,,
0.0,0.0,0.3241662085056305,,,
1.0,0.0,0.3549734354019165,,,
0.0,0.0,0.4776516556739807,,,
0.0,0.0,0.36571142077445984,,,
0.0,0.0,0.36178621649742126,,,
0.0,0.0,0.22140374779701233,,,
0.0,0.0,0.29792189598083496,,,
0.0,0.0,0.45856568217277527,,,
1.0,1.0,0.5344341397285461,,,
1.0,1.0,0.5025371313095093,,,
0.0,1.0,0.7049856185913086,,,
0.0,0.0,0.3322192132472992,,,
0.0,0.0,0.25488901138305664,,,
1.0,1.0,0.68549644947052,,,
0.0,0.0,0.27157944440841675,,,
0.0,0.0,0.3016332685947418,,,
1.0,1.0,0.7135732173919678,,,
1.0,1.0,0.8727282285690308,,,
1.0,0.0,0.27538615465164185,,,
1.0,1.0,0.5839577317237854,,,
0.0,0.0,0.31677117943763733,,,
0.0,0.0,0.28733164072036743,,,
1.0,1.0,0.6769336462020874,,,
0.0,0.0,0.4179764986038208,,,
0.0,0.0,0.4387092590332031,,,
0.0,1.0,0.5331224799156189,,,
0.0,0.0,0.3897497057914734,,,
0.0,1.0,0.6063763499259949,,,
1.0,1.0,0.8777285218238831,,,
0.0,0.0,0.20605617761611938,,,
1.0,1.0,0.6873356103897095,,,
1.0,1.0,0.54497230052948,,,
1.0,1.0,0.6638270616531372,,,
1.0,1.0,0.7402985095977783,,,
1.0,1.0,0.7172942161560059,,,
0.0,0.0,0.28538310527801514,,,
0.0,1.0,0.5019073486328125,,,
0.0,0.0,0.324360191822052,,,
1.0,1.0,0.526151716709137,,,
0.0,1.0,0.6874978542327881,,,
1.0,0.0,0.3804122805595398,,,
0.0,0.0,0.4693502187728882,,,
1.0,0.0,0.3254648745059967,,,
1.0,0.0,0.4259563386440277,,,
0.0,0.0,0.3536585569381714,,,
0.0,0.0,0.41833052039146423,,,
1.0,1.0,0.7681064605712891,,,
1.0,1.0,0.606451690196991,,,
1.0,0.0,0.38619738817214966,,,
1.0,1.0,0.7236090898513794,,,
0.0,0.0,0.32323288917541504,,,
1.0,0.0,0.32881173491477966,,,
1.0,0.0,0.26167115569114685,,,
0.0,0.0,0.34512391686439514,,,
1.0,1.0,0.7251880168914795,,,
1.0,1.0,0.6441445350646973,,,
0.0,0.0,0.4319629371166229,,,
1.0,0.0,0.3608551621437073,,,
0.0,0.0,0.30334967374801636,,,
1.0,1.0,0.6328639388084412,,,
1.0,1.0,0.9147423505783081,,,
0.0,0.0,0.2898201048374176,,,
0.0,0.0,0.4738112986087799,,,
0.0,0.0,0.4137795865535736,,,
1.0,1.0,0.530440628528595,,,
0.0,0.0,0.3980403542518616,,,
1.0,0.0,0.3068176209926605,,,
0.0,0.0,0.3136492669582367,,,
0.0,0.0,0.3254474699497223,,,
0.0,1.0,0.6777775287628174,,,
1.0,1.0,0.7915228009223938,,,
0.0,0.0,0.4537457823753357,,,
1.0,0.0,0.44137683510780334,,,
0.0,0.0,0.42290905117988586,,,
1.0,1.0,0.8184819221496582,,,
1.0,1.0,0.6806831955909729,,,
1.0,1.0,0.8163949251174927,,,
1.0,1.0,0.5372720956802368,,,
1.0,0.0,0.3057492971420288,,,
0.0,1.0,0.5039936304092407,,,
1.0,1.0,0.864698052406311,,,
0.0,0.0,0.24345895648002625,,,
1.0,1.0,0.7217159271240234,,,
1.0,1.0,0.5386146903038025,,,
0.0,0.0,0.24728944897651672,,,
0.0,0.0,0.36432480812072754,,,
0.0,0.0,0.47873297333717346,,,
0.0,0.0,0.2678961157798767,,,
0.0,0.0,0.2205566167831421,,,
1.0,1.0,0.5964677333831787,,,
1.0,1.0,0.6934572458267212,,,
1.0,1.0,0.5171647071838379,,,
1.0,1.0,0.8000562191009521,,,
0.0,0.0,0.4277673363685608,,,
0.0,1.0,0.5052210092544556,,,
1.0,0.0,0.28947511315345764,,,
1.0,1.0,0.7400454878807068,,,
0.0,1.0,0.6283694505691528,,,
1.0,0.0,0.48617634177207947,,,
0.0,0.0,0.34372252225875854,,,
1.0,1.0,0.6134917140007019,,,
1.0,0.0,0.2892960011959076,,,
0.0,1.0,0.5584208369255066,,,
0.0,0.0,0.45445138216018677,,,
1.0,1.0,0.5370661020278931,,,
0.0,0.0,0.3142355978488922,,,
1.0,1.0,0.629747211933136,,,
0.0,0.0,0.3410755693912506,,,
0.0,0.0,0.32798391580581665,,,
1.0,1.0,0.5787294507026672,,,
1.0,0.0,0.4942796528339386,,,
0.0,1.0,0.5090060234069824,,,
1.0,1.0,0.8745230436325073,,,
1.0,1.0,0.7167485952377319,,,
0.0,0.0,0.36143285036087036,,,
1.0,1.0,0.8952493071556091,,,
0.0,0.0,0.37516337633132935,,,
1.0,1.0,0.7763650417327881,,,
0.0,0.0,0.3045613765716553,,,
1.0,1.0,0.7081941962242126,,,
1.0,1.0,0.6223863959312439,,,
0.0,0.0,0.3203846514225006,,,
0.0,0.0,0.39011338353157043,,,
0.0,0.0,0.47140994668006897,,,
1.0,1.0,0.534802258014679,,,
1.0,1.0,0.911077618598938,,,
0.0,0.0,0.19720573723316193,,,
1.0,0.0,0.4045833349227905,,,
0.0,0.0,0.27463042736053467,,,
0.0,0.0,0.2800248861312866,,,
1.0,1.0,0.5447335243225098,,,
0.0,0.0,0.44106006622314453,,,
0.0,0.0,0.2069120854139328,,,
1.0,0.0,0.46072277426719666,,,
1.0,0.0,0.3964753746986389,,,
0.0,0.0,0.3078705966472626,,,
1.0,0.0,0.4589249789714813,,,
0.0,0.0,0.2610636353492737,,,
0.0,0.0,0.2962505519390106,,,
1.0,1.0,0.789087176322937,,,
0.0,0.0,0.18468859791755676,,,
0.0,0.0,0.279204398393631,,,
0.0,0.0,0.31032103300094604,,,
1.0,0.0,0.36642009019851685,,,
0.0,1.0,0.5708763003349304,,,
0.0,0.0,0.3958040177822113,,,
0.0,0.0,0.3253583610057831,,,
1.0,1.0,0.7066611647605896,,,
1.0,1.0,0.5277164578437805,,,
0.0,0.0,0.47079265117645264,,,
0.0,0.0,0.32611724734306335,,,
1.0,1.0,0.6312577724456787,,,
1.0,0.0,0.300280898809433,,,
1.0,1.0,0.7677119374275208,,,
0.0,0.0,0.33374708890914917,,,
1.0,1.0,0.5924553871154785,,,
0.0,0.0,0.20623792707920074,,,
0.0,0.0,0.24348625540733337,,,
1.0,0.0,0.40989336371421814,,,
1.0,1.0,0.6870611310005188,,,
1.0,1.0,0.8147435784339905,,,
0.0,1.0,0.5980541110038757,,,
0.0,0.0,0.3642846643924713,,,
1.0,1.0,0.6386227011680603,,,
1.0,1.0,0.8793343901634216,,,
1.0,0.0,0.410521924495697,,,
1.0,0.0,0.4790356457233429,,,
0.0,1.0,0.5065540671348572,,,
1.0,1.0,0.5715245008468628,,,
0.0,0.0,0.21079134941101074,,,
0.0,0.0,0.28427639603614807,,,
1.0,0.0,0.3730131685733795,,,
0.0,1.0,0.6425829529762268,,,
0.0,0.0,0.230394184589386,,,
1.0,1.0,0.6214990019798279,,,
0.0,0.0,0.3958893120288849,,,
1.0,0.0,0.44973692297935486,,,
0.0,0.0,0.17439326643943787,,,
1.0,1.0,0.5167372226715088,,,
1.0,1.0,0.8723335266113281,,,
1.0,0.0,0.2910977602005005,,,
0.0,1.0,0.5659579634666443,,,
0.0,0.0,0.3322315514087677,,,
1.0,0.0,0.4397050142288208,,,
1.0,1.0,0.6998655200004578,,,
1.0,1.0,0.5006281137466431,,,
1.0,1.0,0.5365576148033142,,,
0.0,0.0,0.48846787214279175,,,
1.0,0.0,0.4150298833847046,,,
1.0,1.0,0.7507873177528381,,,
1.0,1.0,0.7666582465171814,,,
1.0,1.0,0.6847056150436401,,,
1.0,1.0,0.7215899229049683,,,
0.0,1.0,0.7349967956542969,,,
1.0,0.0,0.4506227374076843,,,
0.0,0.0,0.2608538568019867,,,
0.0,0.0,0.18806971609592438,,,
0.0,1.0,0.5372284650802612,,,
0.0,0.0,0.3943946957588196,,,
1.0,1.0,0.7139520645141602,,,
1.0,0.0,0.4397651255130768,,,
1.0,1.0,0.6966753602027893,,,
1.0,0.0,0.47489801049232483,,,
1.0,1.0,0.8297078609466553,,,
1.0,1.0,0.8966140151023865,,,
1.0,0.0,0.32518115639686584,,,
0.0,0.0,0.23455804586410522,,,
0.0,0.0,0.38869547843933105,,,
0.0,0.0,0.3333171010017395,,,
1.0,1.0,0.5528757572174072,,,
0.0,1.0,0.5400076508522034,,,
1.0,1.0,0.7612492442131042,,,
0.0,0.0,0.31455230712890625,,,
0.0,0.0,0.1884615570306778,,,
1.0,1.0,0.6928419470787048,,,
0.0,0.0,0.4340050220489502,,,
1.0,1.0,0.8154060244560242,,,
1.0,1.0,0.8428237438201904,,,
0.0,0.0,0.40087154507637024,,,
0.0,0.0,0.4134453237056732,,,
1.0,0.0,0.4846660792827606,,,
1.0,0.0,0.3473915755748749,,,
0.0,0.0,0.38579061627388,,,
0.0,0.0,0.3199927508831024,,,
0.0,0.0,0.2740369737148285,,,
1.0,1.0,0.5266962647438049,,,
1.0,1.0,0.6467556953430176,,,
0.0,0.0,0.3731682002544403,,,
1.0,1.0,0.7164520621299744,,,
0.0,0.0,0.35035476088523865,,,
1.0,1.0,0.729306697845459,,,
0.0,1.0,0.5421040654182434,,,
0.0,0.0,0.30308473110198975,,,
0.0,0.0,0.4003133475780487,,,
1.0,1.0,0.630308985710144,,,
1.0,1.0,0.7455751299858093,,,
0.0,0.0,0.26081612706184387,,,
1.0,0.0,0.3166791796684265,,,
0.0,1.0,0.6945976614952087,,,
0.0,0.0,0.33529040217399597,,,
1.0,1.0,0.5530955791473389,,,
0.0,1.0,0.5170572400093079,,,
0.0,0.0,0.3432047963142395,,,
0.0,0.0,0.32967421412467957,,,
0.0,0.0,0.46511346101760864,,,
1.0,1.0,0.6099104285240173,,,
1.0,1.0,0.6371790170669556,,,
1.0,1.0,0.7949886918067932,,,
0.0,1.0,0.5082405805587769,,,
1.0,1.0,0.7737845778465271,,,
1.0,1.0,0.6597043871879578,,,
1.0,0.0,0.439930260181427,,,
1.0,0.0,0.43236565589904785,,,
0.0,0.0,0.2801972031593323,,,
1.0,0.0,0.29195719957351685,,,
1.0,1.0,0.6959806084632874,,,
1.0,1.0,0.54111248254776,,,
0.0,0.0,0.3039311170578003,,,
0.0,0.0,0.41452276706695557,,,
1.0,1.0,0.7443974614143372,,,
1.0,0.0,0.4086051285266876,,,
1.0,1.0,0.5305513143539429,,,
1.0,1.0,0.6666762232780457,,,
1.0,0.0,0.4050707221031189,,,
0.0,0.0,0.3631032705307007,,,
1.0,0.0,0.33372169733047485,,,
1.0,0.0,0.4722460210323334,,,
1.0,1.0,0.9293573498725891,,,
0.0,0.0,0.12915204465389252,,,
0.0,0.0,0.12915204465389252,,,
1.0,0.0,0.4520566761493683,,,
0.0,0.0,0.4219764471054077,,,
0.0,0.0,0.3761977255344391,,,
0.0,0.0,0.3809435963630676,,,
0.0,1.0,0.566548764705658,,,
0.0,0.0,0.12915204465389252,,,
0.0,0.0,0.39740896224975586,,,
0.0,0.0,0.47530174255371094,,,
0.0,0.0,0.34510374069213867,,,
1.0,1.0,0.7824227213859558,,,
1.0,1.0,0.6959805488586426,,,
0.0,0.0,0.4616307318210602,,,
1.0,0.0,0.2921896278858185,,,
0.0,0.0,0.32858821749687195,,,
0.0,1.0,0.5154911279678345,,,
0.0,0.0,0.30418631434440613,,,
1.0,0.0,0.38008663058280945,,,
1.0,0.0,0.40445730090141296,,,
0.0,0.0,0.3372019827365875,,,
1.0,1.0,0.5180389881134033,,,
1.0,1.0,0.5510708689689636,,,
1.0,1.0,0.8961101174354553,,,
1.0,1.0,0.8125949501991272,,,
0.0,0.0,0.2881458103656769,,,
1.0,1.0,0.7520442008972168,,,
1.0,0.0,0.49487847089767456,,,
0.0,0.0,0.4150431752204895,,,
1.0,1.0,0.8219140768051147,,,
0.0,1.0,0.5378687381744385,,,
0.0,0.0,0.29952308535575867,,,
1.0,1.0,0.8282543420791626,,,
0.0,0.0,0.2961500883102417,,,
0.0,0.0,0.4972529113292694,,,
0.0,0.0,0.3074517548084259,,,
0.0,0.0,0.42926692962646484,,,
0.0,0.0,0.29693084955215454,,,
0.0,0.0,0.3265543282032013,,,
0.0,0.0,0.22414398193359375,,,
1.0,0.0,0.47776558995246887,,,
1.0,1.0,0.8241773247718811,,,
0.0,0.0,0.18593187630176544,,,
1.0,0.0,0.4551728367805481,,,
1.0,1.0,0.625446617603302,,,
1.0,1.0,0.8109978437423706,,,
0.0,1.0,0.5052210092544556,,,
1.0,1.0,0.6197861433029175,,,
0.0,0.0,0.22814840078353882,,,
0.0,0.0,0.3280230462551117,,,
1.0,1.0,0.5052210092544556,,,
0.0,0.0,0.39724746346473694,,,
0.0,0.0,0.45733943581581116,,,
0.0,0.0,0.2650096118450165,,,
0.0,1.0,0.503685474395752,,,
0.0,0.0,0.3828011155128479,,,
0.0,1.0,0.6379557251930237,,,
1.0,0.0,0.38576647639274597,,,
0.0,1.0,0.584485650062561,,,
1.0,0.0,0.32518115639686584,,,
1.0,0.0,0.467337429523468,,,
1.0,0.0,0.36379823088645935,,,
1.0,1.0,0.7335458993911743,,,
0.0,0.0,0.3646065890789032,,,
0.0,0.0,0.27784571051597595,,,
1.0,0.0,0.4972529113292694,,,
0.0,0.0,0.28377825021743774,,,
0.0,0.0,0.2602018117904663,,,
0.0,0.0,0.49985864758491516,,,
1.0,1.0,0.7934850454330444,,,
0.0,0.0,0.34360286593437195,,,
1.0,1.0,0.515586256980896,,,
1.0,1.0,0.8806288242340088,,,
0.0,0.0,0.34850531816482544,,,
0.0,0.0,0.2742580771446228,,,
1.0,0.0,0.4461449384689331,,,
0.0,0.0,0.12915204465389252,,,
0.0,0.0,0.3091353178024292,,,
0.0,0.0,0.4633161127567291,,,
1.0,1.0,0.522436261177063,,,
0.0,0.0,0.26360300183296204,,,
0.0,0.0,0.42893388867378235,,,
0.0,0.0,0.32550936937332153,,,
1.0,0.0,0.4916113317012787,,,
0.0,0.0,0.3495137691497803,,,
1.0,1.0,0.7461767196655273,,,
0.0,0.0,0.15831267833709717,,,
0.0,0.0,0.44009071588516235,,,
1.0,0.0,0.4685749113559723,,,
1.0,1.0,0.8874121904373169,,,
0.0,0.0,0.31714582443237305,,,
0.0,0.0,0.2703121602535248,,,
0.0,1.0,0.5260649919509888,,,
0.0,0.0,0.45837193727493286,,,
1.0,1.0,0.6365786194801331,,,
0.0,0.0,0.40994805097579956,,,
0.0,0.0,0.21514242887496948,,,
0.0,1.0,0.5123960375785828,,,
0.0,0.0,0.35302284359931946,,,
1.0,0.0,0.431454598903656,,,
0.0,0.0,0.4394025504589081,,,
0.0,0.0,0.23942570388317108,,,
1.0,1.0,0.8882066011428833,,,
0.0,0.0,0.38520070910453796,,,
1.0,1.0,0.5820713043212891,,,
0.0,0.0,0.30313199758529663,,,
1.0,0.0,0.3594021201133728,,,
0.0,0.0,0.46908167004585266,,,
1.0,0.0,0.3739434778690338,,,
0.0,0.0,0.4048053026199341,,,
1.0,1.0,0.8394044637680054,,,
1.0,1.0,0.6328683495521545,,,
0.0,0.0,0.321184903383255,,,
1.0,1.0,0.7076222896575928,,,
1.0,1.0,0.6112470626831055,,,
0.0,0.0,0.19549140334129333,,,
1.0,1.0,0.8162211775779724,,,
0.0,0.0,0.19377689063549042,,,
1.0,1.0,0.653009295463562,,,
1.0,1.0,0.8752710223197937,,,
0.0,0.0,0.3732621371746063,,,
1.0,1.0,0.7176121473312378,,,
1.0,0.0,0.43523508310317993,,,
0.0,0.0,0.4465664029121399,,,
0.0,0.0,0.22598528861999512,,,
0.0,0.0,0.3360733389854431,,,
0.0,0.0,0.4340091943740845,,,
1.0,0.0,0.44402942061424255,,,
1.0,1.0,0.5692434906959534,,,
0.0,1.0,0.5981141924858093,,,
0.0,0.0,0.4005811810493469,,,
0.0,0.0,0.3895933926105499,,,
1.0,1.0,0.7453832626342773,,,
1.0,1.0,0.8821094632148743,,,
1.0,0.0,0.28078287839889526,,,
1.0,1.0,0.5190010070800781,,,
0.0,0.0,0.15684901177883148,,,
1.0,1.0,0.7569495439529419,,,
0.0,0.0,0.3216911256313324,,,
0.0,0.0,0.2480374276638031,,,
0.0,0.0,0.286918967962265,,,
1.0,1.0,0.8306124806404114,,,
0.0,0.0,0.184373676776886,,,
0.0,0.0,0.4455597698688507,,,
1.0,1.0,0.5405188202857971,,,
1.0,1.0,0.8025678992271423,,,
1.0,1.0,0.7811436653137207,,,
1.0,1.0,0.6514411568641663,,,
0.0,1.0,0.65731281042099,,,
0.0,0.0,0.42388877272605896,,,
1.0,0.0,0.4844931960105896,,,
0.0,0.0,0.34741225838661194,,,
0.0,0.0,0.3873715400695801,,,
1.0,0.0,0.4788599908351898,,,
0.0,0.0,0.23784929513931274,,,
1.0,0.0,0.3189780116081238,,,
0.0,1.0,0.5460556149482727,,,
0.0,0.0,0.37422794103622437,,,
1.0,1.0,0.8376641273498535,,,
1.0,0.0,0.42159411311149597,,,
0.0,0.0,0.4133116602897644,,,
0.0,1.0,0.554222583770752,,,
0.0,0.0,0.37383052706718445,,,
0.0,0.0,0.17826540768146515,,,
0.0,0.0,0.39794689416885376,,,
1.0,1.0,0.7609949707984924,,,
0.0,0.0,0.3399215340614319,,,
0.0,1.0,0.6280785202980042,,,
1.0,1.0,0.7602933049201965,,,
1.0,1.0,0.8342379331588745,,,
1.0,0.0,0.42372769117355347,,,
0.0,0.0,0.27837762236595154,,,
1.0,0.0,0.4556715488433838,,,
0.0,0.0,0.31090959906578064,,,
1.0,1.0,0.8746891021728516,,,
0.0,0.0,0.3493393659591675,,,
0.0,0.0,0.2311553955078125,,,
1.0,1.0,0.5379970669746399,,,
0.0,0.0,0.4633617103099823,,,
1.0,1.0,0.7574875950813293,,,
1.0,0.0,0.4086051285266876,,,
1.0,1.0,0.5583149790763855,,,
1.0,0.0,0.41842132806777954,,,
0.0,0.0,0.3845023810863495,,,
0.0,0.0,0.3915490210056305,,,
1.0,1.0,0.5490074157714844,,,
0.0,0.0,0.3936387598514557,,,
1.0,1.0,0.7449526190757751,,,
1.0,1.0,0.5067612528800964,,,
0.0,0.0,0.26107916235923767,,,
1.0,1.0,0.6628183126449585,,,
1.0,0.0,0.3005225658416748,,,
0.0,0.0,0.2275896817445755,,,
1.0,1.0,0.5374926924705505,,,
1.0,1.0,0.5622375011444092,,,
1.0,0.0,0.4872378408908844,,,
1.0,1.0,0.8630965352058411,,,
1.0,0.0,0.31425705552101135,,,
0.0,0.0,0.1875830590724945,,,
0.0,0.0,0.35256847739219666,,,
0.0,0.0,0.37496569752693176,,,
0.0,0.0,0.42944803833961487,,,
1.0,0.0,0.3895234167575836,,,
1.0,1.0,0.5472261309623718,,,
1.0,1.0,0.7282583713531494,,,
0.0,0.0,0.30857667326927185,,,
1.0,0.0,0.47676268219947815,,,
1.0,0.0,0.34759125113487244,,,
0.0,0.0,0.38913288712501526,,,
0.0,1.0,0.5275201201438904,,,
0.0,1.0,0.5136924982070923,,,
0.0,0.0,0.22021089494228363,,,
0.0,0.0,0.30948153138160706,,,
0.0,0.0,0.31302472949028015,,,
0.0,0.0,0.25863829255104065,,,
1.0,1.0,0.691860020160675,,,
1.0,1.0,0.8822466135025024,,,
0.0,0.0,0.34587761759757996,,,
0.0,0.0,0.3104627728462219,,,
1.0,1.0,0.5814229249954224,,,
0.0,0.0,0.357940673828125,,,
0.0,1.0,0.6110286116600037,,,
1.0,0.0,0.33547425270080566,,,
1.0,1.0,0.6543246507644653,,,
1.0,1.0,0.898630678653717,,,
1.0,1.0,0.6863782405853271,,,
1.0,1.0,0.8420775532722473,,,
0.0,0.0,0.3718050420284271,,,
0.0,0.0,0.16211111843585968,,,
1.0,0.0,0.2614404559135437,,,
0.0,0.0,0.3352765142917633,,,
0.0,0.0,0.2816023528575897,,,
0.0,1.0,0.6203663349151611,,,
1.0,1.0,0.7622039914131165,,,
1.0,1.0,0.7888627052307129,,,
1.0,1.0,0.6883240342140198,,,
0.0,0.0,0.27706095576286316,,,
1.0,1.0,0.9228413105010986,,,
0.0,0.0,0.39918768405914307,,,
0.0,0.0,0.42511823773384094,,,
0.0,0.0,0.18379437923431396,,,
0.0,0.0,0.231533482670784,,,
0.0,0.0,0.4576338529586792,,,
0.0,0.0,0.37865781784057617,,,
1.0,1.0,0.7194986939430237,,,
0.0,1.0,0.5185179710388184,,,
0.0,0.0,0.3636658191680908,,,
1.0,1.0,0.8817961812019348,,,
0.0,0.0,0.3653166890144348,,,
1.0,0.0,0.3882893919944763,,,
0.0,0.0,0.2412712126970291,,,
1.0,1.0,0.6171168088912964,,,
0.0,0.0,0.3956921100616455,,,
0.0,0.0,0.33998697996139526,,,
1.0,0.0,0.46072277426719666,,,
0.0,0.0,0.4947431683540344,,,
0.0,0.0,0.21128948032855988,,,
0.0,0.0,0.2921777367591858,,,
0.0,0.0,0.24562014639377594,,,
0.0,0.0,0.2210126668214798,,,
0.0,0.0,0.3683270812034607,,,
0.0,0.0,0.37994813919067383,,,
0.0,0.0,0.3334381580352783,,,
1.0,1.0,0.5700496435165405,,,
1.0,1.0,0.7555748224258423,,,
0.0,0.0,0.4686688482761383,,,
1.0,1.0,0.7623198628425598,,,
1.0,1.0,0.8414285778999329,,,
1.0,1.0,0.7101077437400818,,,
1.0,0.0,0.34587761759757996,,,
0.0,0.0,0.21676070988178253,,,
0.0,0.0,0.27800747752189636,,,
0.0,0.0,0.2297177016735077,,,
1.0,0.0,0.4129096567630768,,,
1.0,1.0,0.5307090282440186,,,
0.0,0.0,0.35209885239601135,,,
0.0,0.0,0.4673745334148407,,,
1.0,0.0,0.3697180449962616,,,
1.0,1.0,0.5396576523780823,,,
0.0,1.0,0.51768958568573,,,
0.0,0.0,0.3040250539779663,,,
0.0,0.0,0.3980470597743988,,,
0.0,0.0,0.2083657830953598,,,
0.0,1.0,0.5770049691200256,,,
1.0,1.0,0.6195605397224426,,,
1.0,1.0,0.8623755574226379,,,
0.0,0.0,0.3368980884552002,,,
1.0,1.0,0.5904983878135681,,,
1.0,1.0,0.8918133974075317,,,
0.0,0.0,0.3271836042404175,,,
1.0,1.0,0.8126236796379089,,,
0.0,0.0,0.3371012508869171,,,
0.0,0.0,0.3537193238735199,,,
0.0,0.0,0.4241911768913269,,,
0.0,0.0,0.4121747612953186,,,
1.0,1.0,0.6641033291816711,,,
0.0,1.0,0.5409839749336243,,,
1.0,1.0,0.5526488423347473,,,
0.0,0.0,0.400113582611084,,,
1.0,1.0,0.8635042905807495,,,
1.0,1.0,0.5346165299415588,,,
1.0,1.0,0.6154067516326904,,,
1.0,1.0,0.5660056471824646,,,
1.0,1.0,0.9040749073028564,,,
1.0,1.0,0.6107418537139893,,,
0.0,0.0,0.432438462972641,,,
0.0,0.0,0.340387225151062,,,
0.0,0.0,0.385818213224411,,,
1.0,0.0,0.3685000240802765,,,
0.0,0.0,0.2413971871137619,,,
0.0,0.0,0.2728579342365265,,,
0.0,0.0,0.46163105964660645,,,
1.0,1.0,0.5535407662391663,,,
1.0,1.0,0.889922022819519,,,
0.0,0.0,0.35279154777526855,,,
0.0,1.0,0.5154830813407898,,,
0.0,0.0,0.2865622639656067,,,
0.0,0.0,0.33461275696754456,,,
0.0,0.0,0.3728579878807068,,,
0.0,1.0,0.5297765135765076,,,
0.0,0.0,0.4142296612262726,,,
0.0,0.0,0.3109920620918274,,,
0.0,0.0,0.2564786970615387,,,
1.0,0.0,0.40304702520370483,,,
1.0,1.0,0.5702940821647644,,,
1.0,1.0,0.6893869638442993,,,
0.0,0.0,0.2850635051727295,,,
0.0,1.0,0.5502121448516846,,,
0.0,0.0,0.15684901177883148,,,
0.0,0.0,0.35123753547668457,,,
0.0,1.0,0.5171490907669067,,,
0.0,0.0,0.4063384234905243,,,
1.0,1.0,0.838706910610199,,,
1.0,0.0,0.48582354187965393,,,
1.0,0.0,0.3223799169063568,,,
1.0,1.0,0.6522422432899475,,,
1.0,1.0,0.8194790482521057,,,
0.0,0.0,0.1207762211561203,,,
0.0,1.0,0.511590838432312,,,
1.0,1.0,0.5697291493415833,,,
1.0,1.0,0.5556073188781738,,,
0.0,0.0,0.2803345024585724,,,
0.0,0.0,0.2065848857164383,,,
0.0,0.0,0.40617072582244873,,,
1.0,0.0,0.3411162197589874,,,
1.0,1.0,0.75176602602005,,,
1.0,1.0,0.6377086639404297,,,
0.0,1.0,0.5700518488883972,,,
0.0,0.0,0.375316858291626,,,
1.0,1.0,0.9006025791168213,,,
1.0,0.0,0.4308268129825592,,,
1.0,1.0,0.5133599042892456,,,
1.0,1.0,0.9093990921974182,,,
0.0,0.0,0.3226667642593384,,,
1.0,1.0,0.522561252117157,,,
0.0,0.0,0.25683656334877014,,,
0.0,0.0,0.304760605096817,,,
1.0,0.0,0.4241998493671417,,,
1.0,1.0,0.8846133351325989,,,
0.0,1.0,0.5543769001960754,,,
0.0,0.0,0.3703901171684265,,,
0.0,0.0,0.3507468104362488,,,
1.0,1.0,0.7715089917182922,,,
1.0,0.0,0.44249609112739563,,,
0.0,0.0,0.3126004636287689,,,
0.0,0.0,0.17983412742614746,,,
0.0,1.0,0.5856176614761353,,,
0.0,1.0,0.6571694612503052,,,
1.0,1.0,0.5884983539581299,,,
0.0,0.0,0.41631925106048584,,,
0.0,0.0,0.12915204465389252,,,
0.0,0.0,0.41407501697540283,,,
0.0,1.0,0.6770133376121521,,,
0.0,0.0,0.2670615613460541,,,
0.0,1.0,0.5560420751571655,,,
1.0,1.0,0.5817100405693054,,,
1.0,1.0,0.5997353196144104,,,
1.0,1.0,0.7289095520973206,,,
1.0,0.0,0.3145253360271454,,,
0.0,0.0,0.24384614825248718,,,
1.0,1.0,0.6964780688285828,,,
1.0,0.0,0.4241109788417816,,,
0.0,0.0,0.2361796498298645,,,
1.0,1.0,0.6413896083831787,,,
0.0,0.0,0.3196328580379486,,,
1.0,1.0,0.8698745965957642,,,
0.0,0.0,0.493028849363327,,,
0.0,0.0,0.45414820313453674,,,
0.0,0.0,0.3211171329021454,,,
0.0,1.0,0.5764629244804382,,,
0.0,0.0,0.30339330434799194,,,
0.0,1.0,0.7320317625999451,,,
0.0,0.0,0.39016395807266235,,,
1.0,1.0,0.8732946515083313,,,
0.0,1.0,0.6288009285926819,,,
1.0,1.0,0.5353230237960815,,,
1.0,1.0,0.6771395802497864,,,
0.0,0.0,0.38188081979751587,,,
1.0,1.0,0.7195287346839905,,,
1.0,1.0,0.7365321516990662,,,
0.0,0.0,0.3131972849369049,,,
0.0,0.0,0.34384456276893616,,,
0.0,1.0,0.6935204267501831,,,
0.0,0.0,0.2632640600204468,,,
1.0,1.0,0.6077096462249756,,,
0.0,1.0,0.5264931321144104,,,
0.0,0.0,0.3010912239551544,,,
0.0,0.0,0.27812159061431885,,,
1.0,1.0,0.6704033613204956,,,
1.0,1.0,0.8949586749076843,,,
1.0,1.0,0.5866770148277283,,,
0.0,0.0,0.43060609698295593,,,
1.0,1.0,0.6780382394790649,,,
0.0,0.0,0.3351597189903259,,,
1.0,0.0,0.4810306429862976,,,
0.0,0.0,0.416799396276474,,,
0.0,0.0,0.33996644616127014,,,
1.0,0.0,0.3651634454727173,,,
1.0,0.0,0.497161865234375,,,
0.0,1.0,0.6833770871162415,,,
0.0,0.0,0.4055359363555908,,,
1.0,0.0,0.31301286816596985,,,
1.0,0.0,0.42883825302124023,,,
0.0,0.0,0.18724139034748077,,,
0.0,0.0,0.35700562596321106,,,
0.0,1.0,0.7627378702163696,,,
0.0,0.0,0.3834058940410614,,,
0.0,0.0,0.2031039595603943,,,
0.0,0.0,0.27817270159721375,,,
1.0,0.0,0.4189120829105377,,,
0.0,0.0,0.40189629793167114,,,
0.0,0.0,0.4433518946170807,,,
1.0,1.0,0.675630509853363,,,
0.0,0.0,0.16057541966438293,,,
1.0,1.0,0.7209798693656921,,,
0.0,0.0,0.35142382979393005,,,
1.0,0.0,0.4570266008377075,,,
0.0,0.0,0.4264945089817047,,,
0.0,0.0,0.2885051369667053,,,
1.0,1.0,0.5179530382156372,,,
1.0,1.0,0.7101077437400818,,,
0.0,0.0,0.3410833477973938,,,
0.0,0.0,0.38297584652900696,,,
1.0,1.0,0.6389608979225159,,,
0.0,0.0,0.27286019921302795,,,
0.0,1.0,0.6542677879333496,,,
1.0,0.0,0.46958157420158386,,,
0.0,0.0,0.2083657830953598,,,
1.0,1.0,0.6665569543838501,,,
0.0,0.0,0.38320139050483704,,,
1.0,0.0,0.31069934368133545,,,
1.0,0.0,0.4183543026447296,,,
1.0,1.0,0.6553212404251099,,,
0.0,0.0,0.2554340660572052,,,
1.0,1.0,0.5165331959724426,,,
0.0,1.0,0.5182867050170898,,,
0.0,0.0,0.26614874601364136,,,
0.0,0.0,0.2439470738172531,,,
1.0,1.0,0.667533278465271,,,
1.0,0.0,0.34053054451942444,,,
0.0,0.0,0.3840571343898773,,,
0.0,0.0,0.31866806745529175,,,
1.0,1.0,0.6743354797363281,,,
0.0,0.0,0.4234877824783325,,,
0.0,0.0,0.3917732238769531,,,
1.0,1.0,0.683078408241272,,,
0.0,0.0,0.3323289453983307,,,
1.0,1.0,0.5462967157363892,,,
1.0,0.0,0.456562340259552,,,
1.0,0.0,0.29177331924438477,,,
0.0,0.0,0.36245205998420715,,,
0.0,0.0,0.2890700101852417,,,
1.0,0.0,0.489629328250885,,,
0.0,0.0,0.4069068133831024,,,
1.0,1.0,0.8228468298912048,,,
1.0,0.0,0.46031805872917175,,,
1.0,1.0,0.7777809500694275,,,
1.0,0.0,0.4559025466442108,,,
1.0,0.0,0.43261638283729553,,,
1.0,0.0,0.4914911687374115,,,
0.0,0.0,0.4321056008338928,,,
0.0,0.0,0.3793618381023407,,,
1.0,1.0,0.7962763905525208,,,
1.0,0.0,0.4344059228897095,,,
0.0,0.0,0.3107800781726837,,,
0.0,0.0,0.21906495094299316,,,
0.0,0.0,0.3775353729724884,,,
0.0,0.0,0.3342823088169098,,,
1.0,1.0,0.5843759179115295,,,
0.0,1.0,0.5682666301727295,,,
1.0,1.0,0.5270306468009949,,,
0.0,0.0,0.33372050523757935,,,
0.0,1.0,0.509886622428894,,,
0.0,0.0,0.3010205030441284,,,
0.0,0.0,0.33602815866470337,,,
0.0,0.0,0.1931232064962387,,,
1.0,1.0,0.7023804187774658,,,
0.0,0.0,0.3644079864025116,,,
1.0,1.0,0.5111728310585022,,,
1.0,1.0,0.7230942249298096,,,
0.0,0.0,0.31240764260292053,,,
1.0,1.0,0.8006126284599304,,,
0.0,1.0,0.5832974910736084,,,
0.0,0.0,0.36887606978416443,,,
1.0,1.0,0.7221922278404236,,,
1.0,1.0,0.6880081295967102,,,
0.0,0.0,0.21499595046043396,,,
0.0,1.0,0.595132052898407,,,
1.0,0.0,0.38676372170448303,,,
1.0,0.0,0.37455520033836365,,,
1.0,1.0,0.7489364743232727,,,
0.0,0.0,0.2946680784225464,,,
1.0,1.0,0.5302266478538513,,,
0.0,0.0,0.41837483644485474,,,
1.0,0.0,0.45618781447410583,,,
1.0,1.0,0.6682419180870056,,,
1.0,1.0,0.691546618938446,,,
1.0,0.0,0.4969399571418762,,,
0.0,0.0,0.37984761595726013,,,
0.0,0.0,0.3474961221218109,,,
1.0,1.0,0.5713984966278076,,,
0.0,0.0,0.4958553910255432,,,
0.0,0.0,0.3691990077495575,,,
1.0,1.0,0.6645811200141907,,,
0.0,0.0,0.2800590991973877,,,
1.0,1.0,0.5918083190917969,,,
1.0,0.0,0.45007917284965515,,,
0.0,0.0,0.27927500009536743,,,
1.0,0.0,0.4814184010028839,,,
0.0,0.0,0.288976788520813,,,
0.0,0.0,0.4337805509567261,,,
0.0,0.0,0.32094600796699524,,,
0.0,0.0,0.3424685001373291,,,
1.0,1.0,0.8077232241630554,,,
1.0,1.0,0.595533549785614,,,
0.0,0.0,0.4056757986545563,,,
1.0,0.0,0.45354995131492615,,,
0.0,0.0,0.39232921600341797,,,
1.0,1.0,0.6000146269798279,,,
0.0,0.0,0.4281999468803406,,,
1.0,1.0,0.7419787049293518,,,
1.0,0.0,0.30713608860969543,,,
1.0,1.0,0.5101391673088074,,,
0.0,1.0,0.5211217403411865,,,
0.0,0.0,0.22626113891601562,,,
1.0,1.0,0.5001329183578491,,,
0.0,0.0,0.19377689063549042,,,
0.0,0.0,0.2888323962688446,,,
1.0,1.0,0.7354799509048462,,,
0.0,0.0,0.4005643129348755,,,
1.0,1.0,0.8444278836250305,,,
0.0,0.0,0.3868659436702728,,,
0.0,1.0,0.7674636840820312,,,
1.0,1.0,0.9172653555870056,,,
0.0,0.0,0.3279466927051544,,,
1.0,1.0,0.9188089370727539,,,
0.0,0.0,0.26845577359199524,,,
0.0,0.0,0.28439199924468994,,,
1.0,1.0,0.6665212512016296,,,
1.0,1.0,0.6454053521156311,,,
1.0,0.0,0.46004804968833923,,,
0.0,0.0,0.3430945873260498,,,
0.0,0.0,0.35035240650177,,,
1.0,1.0,0.5825449228286743,,,
0.0,0.0,0.30499953031539917,,,
1.0,1.0,0.5722621083259583,,,
1.0,1.0,0.7449654340744019,,,
0.0,0.0,0.3994077742099762,,,
1.0,1.0,0.5631812810897827,,,
0.0,0.0,0.4318343997001648,,,
0.0,0.0,0.382032573223114,,,
1.0,1.0,0.8258463740348816,,,
0.0,0.0,0.32590311765670776,,,
1.0,1.0,0.738753616809845,,,
0.0,0.0,0.4091426432132721,,,
0.0,1.0,0.5968086123466492,,,
1.0,1.0,0.9034255743026733,,,
0.0,0.0,0.26250365376472473,,,
1.0,1.0,0.7910017371177673,,,
0.0,0.0,0.266414612531662,,,
0.0,0.0,0.28866690397262573,,,
0.0,0.0,0.4646098017692566,,,
1.0,1.0,0.8349674940109253,,,
0.0,1.0,0.5246239304542542,,,
1.0,1.0,0.84791499376297,,,
0.0,0.0,0.1888539046049118,,,
0.0,1.0,0.5120036005973816,,,
1.0,1.0,0.6185409426689148,,,
1.0,1.0,0.560364305973053,,,
0.0,0.0,0.3852297067642212,,,
1.0,0.0,0.4337228834629059,,,
0.0,0.0,0.49059566855430603,,,
0.0,0.0,0.3047577142715454,,,
1.0,1.0,0.7918810248374939,,,
0.0,0.0,0.21313492953777313,,,
0.0,0.0,0.3987261950969696,,,
0.0,0.0,0.4219188690185547,,,
1.0,1.0,0.7110697031021118,,,
1.0,1.0,0.5061278939247131,,,
1.0,1.0,0.8195005655288696,,,
0.0,0.0,0.23089498281478882,,,
1.0,1.0,0.5843759179115295,,,
1.0,0.0,0.35910317301750183,,,
0.0,1.0,0.6378913521766663,,,
0.0,0.0,0.3098997175693512,,,
0.0,1.0,0.5532867312431335,,,
0.0,0.0,0.2882165014743805,,,
0.0,0.0,0.45157065987586975,,,
1.0,0.0,0.48498472571372986,,,
0.0,0.0,0.29788169264793396,,,
0.0,0.0,0.3545549213886261,,,
0.0,0.0,0.33448174595832825,,,
0.0,0.0,0.3775005340576172,,,
1.0,1.0,0.5905864834785461,,,
1.0,1.0,0.5491323471069336,,,
0.0,0.0,0.44508057832717896,,,
0.0,1.0,0.53984534740448,,,
0.0,0.0,0.3105265498161316,,,
0.0,0.0,0.27112528681755066,,,
0.0,0.0,0.2727891802787781,,,
0.0,0.0,0.402325302362442,,,
0.0,0.0,0.3122260272502899,,,
1.0,1.0,0.7000923156738281,,,
0.0,0.0,0.29155558347702026,,,
0.0,0.0,0.4186660051345825,,,
0.0,0.0,0.3296284079551697,,,
0.0,0.0,0.44220390915870667,,,
1.0,1.0,0.5512620806694031,,,
0.0,0.0,0.433546245098114,,,
0.0,0.0,0.15349844098091125,,,
1.0,1.0,0.846540093421936,,,
1.0,0.0,0.391706645488739,,,
1.0,1.0,0.7139520645141602,,,
1.0,1.0,0.6527672410011292,,,
1.0,1.0,0.5581279397010803,,,
0.0,0.0,0.36022210121154785,,,
0.0,0.0,0.3534335494041443,,,
0.0,0.0,0.34988677501678467,,,
1.0,0.0,0.3138016164302826,,,
1.0,1.0,0.588858962059021,,,
1.0,0.0,0.3954630494117737,,,
1.0,0.0,0.38749104738235474,,,
0.0,0.0,0.2758335769176483,,,
0.0,0.0,0.41356655955314636,,,
0.0,1.0,0.524116039276123,,,
0.0,0.0,0.24510055780410767,,,
0.0,0.0,0.39262768626213074,,,
0.0,0.0,0.44129645824432373,,,
0.0,0.0,0.39393898844718933,,,
0.0,1.0,0.7301396131515503,,,
0.0,0.0,0.3320888578891754,,,
0.0,0.0,0.38312095403671265,,,
1.0,0.0,0.32928261160850525,,,
1.0,1.0,0.7686032652854919,,,
0.0,0.0,0.1981717050075531,,,
0.0,0.0,0.3620554208755493,,,
1.0,0.0,0.44566860795021057,,,
1.0,0.0,0.22480235993862152,,,
0.0,0.0,0.32384976744651794,,,
1.0,0.0,0.49969643354415894,,,
0.0,0.0,0.19128015637397766,,,
0.0,0.0,0.20427186787128448,,,
1.0,0.0,0.29377347230911255,,,
0.0,0.0,0.4059527814388275,,,
0.0,0.0,0.35249343514442444,,,
1.0,0.0,0.46722176671028137,,,
0.0,0.0,0.21001224219799042,,,
1.0,1.0,0.8734124898910522,,,
0.0,0.0,0.3071654140949249,,,
0.0,0.0,0.12915204465389252,,,
0.0,0.0,0.3550723195075989,,,
0.0,0.0,0.24785707890987396,,,
0.0,1.0,0.5132226347923279,,,
0.0,0.0,0.2726730406284332,,,
1.0,1.0,0.5733466744422913,,,
1.0,1.0,0.5206238031387329,,,
0.0,0.0,0.32347866892814636,,,
1.0,1.0,0.779567539691925,,,
0.0,0.0,0.4487626850605011,,,
1.0,1.0,0.7434526681900024,,,
0.0,0.0,0.4048806428909302,,,
0.0,0.0,0.38677114248275757,,,
0.0,0.0,0.13363370299339294,,,
1.0,0.0,0.26055142283439636,,,
0.0,0.0,0.3408741056919098,,,
0.0,1.0,0.569140613079071,,,
0.0,0.0,0.2643919885158539,,,
1.0,1.0,0.8115742802619934,,,
0.0,0.0,0.399758905172348,,,
0.0,0.0,0.2783668637275696,,,
1.0,0.0,0.3647235631942749,,,
1.0,1.0,0.5824074745178223,,,
1.0,1.0,0.6704822182655334,,,
1.0,1.0,0.7495037913322449,,,
0.0,0.0,0.31808972358703613,,,
0.0,1.0,0.6003394722938538,,,
1.0,1.0,0.7083630561828613,,,
1.0,0.0,0.37288329005241394,,,
1.0,1.0,0.5228530168533325,,,
0.0,1.0,0.5142943859100342,,,
0.0,0.0,0.28868240118026733,,,
1.0,0.0,0.49938154220581055,,,
0.0,0.0,0.38601309061050415,,,
1.0,1.0,0.6418242454528809,,,
0.0,1.0,0.6749566197395325,,,
0.0,0.0,0.13375115394592285,,,
0.0,0.0,0.40821075439453125,,,
0.0,0.0,0.29413774609565735,,,
0.0,0.0,0.31597161293029785,,,
1.0,1.0,0.5558169484138489,,,
0.0,0.0,0.26612934470176697,,,
0.0,1.0,0.5586228966712952,,,
1.0,0.0,0.47689545154571533,,,
1.0,0.0,0.44484350085258484,,,
0.0,1.0,0.5520461797714233,,,
0.0,0.0,0.2259715497493744,,,
0.0,0.0,0.3816365599632263,,,
0.0,0.0,0.2746552526950836,,,
1.0,1.0,0.5310083627700806,,,
1.0,1.0,0.6978846192359924,,,
0.0,0.0,0.39303454756736755,,,
1.0,0.0,0.3461655080318451,,,
1.0,1.0,0.7547324299812317,,,
0.0,0.0,0.33680459856987,,,
1.0,0.0,0.45131033658981323,,,
1.0,1.0,0.8200869560241699,,,
1.0,1.0,0.8159432411193848,,,
0.0,0.0,0.12915204465389252,,,
0.0,0.0,0.1867092102766037,,,
0.0,0.0,0.3523595333099365,,,
1.0,0.0,0.4370363652706146,,,
0.0,0.0,0.3657739758491516,,,
1.0,0.0,0.3930812180042267,,,
0.0,0.0,0.27454298734664917,,,
0.0,0.0,0.4414214789867401,,,
0.0,0.0,0.4300503134727478,,,
0.0,0.0,0.4164154827594757,,,
1.0,1.0,0.6497215032577515,,,
1.0,1.0,0.757811427116394,,,
0.0,0.0,0.2456657886505127,,,
1.0,1.0,0.8931752443313599,,,
0.0,0.0,0.4178233742713928,,,
0.0,0.0,0.3202003836631775,,,
0.0,0.0,0.4753255546092987,,,
1.0,1.0,0.7691503167152405,,,
0.0,0.0,0.3631637990474701,,,
1.0,1.0,0.5348961353302002,,,
0.0,1.0,0.5460025668144226,,,
1.0,1.0,0.8990619778633118,,,
0.0,0.0,0.19542524218559265,,,
1.0,1.0,0.5868189930915833,,,
0.0,0.0,0.4612898826599121,,,
0.0,0.0,0.2447218894958496,,,
0.0,0.0,0.2205207198858261,,,
1.0,1.0,0.5353366732597351,,,
1.0,0.0,0.4653259515762329,,,
1.0,0.0,0.4904208779335022,,,
1.0,1.0,0.8679598569869995,,,
0.0,0.0,0.35521620512008667,,,
0.0,0.0,0.2827536165714264,,,
0.0,0.0,0.4293713867664337,,,
1.0,1.0,0.8109978437423706,,,
0.0,0.0,0.36104151606559753,,,
1.0,0.0,0.4193476140499115,,,
0.0,0.0,0.4936734139919281,,,
0.0,1.0,0.7627378702163696,,,
0.0,0.0,0.2513394355773926,,,
0.0,0.0,0.36928483843803406,,,
0.0,0.0,0.3317621350288391,,,
1.0,0.0,0.331165075302124,,,
0.0,0.0,0.3410271406173706,,,
0.0,0.0,0.2401716560125351,,,
0.0,0.0,0.3474043905735016,,,
1.0,0.0,0.4641382396221161,,,
1.0,1.0,0.7166505455970764,,,
1.0,1.0,0.73155277967453,,,
0.0,0.0,0.22956062853336334,,,
1.0,1.0,0.7691748142242432,,,
0.0,0.0,0.29715707898139954,,,
0.0,0.0,0.16288384795188904,,,
0.0,0.0,0.25545015931129456,,,
1.0,1.0,0.8415845036506653,,,
0.0,0.0,0.32369357347488403,,,
0.0,0.0,0.2571152150630951,,,
1.0,1.0,0.9005958437919617,,,
1.0,1.0,0.8630965352058411,,,
0.0,1.0,0.5032342672348022,,,
0.0,0.0,0.21521532535552979,,,
1.0,1.0,0.7575712203979492,,,
0.0,0.0,0.26070457696914673,,,
0.0,0.0,0.219542995095253,,,
0.0,0.0,0.43386006355285645,,,
0.0,0.0,0.21499595046043396,,,
1.0,0.0,0.45802929997444153,,,
1.0,1.0,0.729903519153595,,,
1.0,1.0,0.8261991143226624,,,
0.0,0.0,0.19980400800704956,,,
0.0,0.0,0.39658308029174805,,,
1.0,1.0,0.5221892595291138,,,
0.0,0.0,0.3368980884552002,,,
1.0,0.0,0.4302869737148285,,,
1.0,0.0,0.3314201831817627,,,
0.0,0.0,0.3841593265533447,,,
1.0,1.0,0.635797917842865,,,
0.0,1.0,0.5071491599082947,,,
0.0,0.0,0.4868223965167999,,,
0.0,0.0,0.4085577726364136,,,
1.0,1.0,0.8060342669487,,,
1.0,1.0,0.8200869560241699,,,
0.0,0.0,0.38864317536354065,,,
0.0,1.0,0.5603861212730408,,,
0.0,0.0,0.4085925221443176,,,
1.0,1.0,0.7955741882324219,,,
0.0,1.0,0.5582953095436096,,,
1.0,0.0,0.3621889054775238,,,
0.0,0.0,0.3373630940914154,,,
0.0,0.0,0.15684901177883148,,,
0.0,0.0,0.3413662314414978,,,
0.0,0.0,0.23676562309265137,,,
0.0,0.0,0.2259715497493744,,,
0.0,0.0,0.4717954099178314,,,
0.0,0.0,0.21267655491828918,,,
1.0,1.0,0.7123280167579651,,,
0.0,0.0,0.4198665916919708,,,
1.0,1.0,0.6303025484085083,,,
0.0,0.0,0.324360191822052,,,
0.0,0.0,0.49808037281036377,,,
0.0,0.0,0.2455906718969345,,,
0.0,1.0,0.5255992412567139,,,
0.0,0.0,0.477657288312912,,,
1.0,1.0,0.8868293166160583,,,
1.0,0.0,0.41930973529815674,,,
1.0,1.0,0.8404529690742493,,,
0.0,0.0,0.3550857901573181,,,
0.0,1.0,0.6215428113937378,,,
1.0,0.0,0.4018954634666443,,,
0.0,0.0,0.42055192589759827,,,
0.0,0.0,0.4008752405643463,,,
0.0,0.0,0.17519132792949677,,,
0.0,0.0,0.38244086503982544,,,
1.0,0.0,0.40611234307289124,,,
0.0,0.0,0.38006728887557983,,,
0.0,0.0,0.3982863426208496,,,
0.0,0.0,0.3563067317008972,,,
1.0,1.0,0.6606211066246033,,,
0.0,0.0,0.41303256154060364,,,
0.0,0.0,0.33332347869873047,,,
1.0,1.0,0.5053004026412964,,,
1.0,0.0,0.4631037712097168,,,
1.0,1.0,0.9206432104110718,,,
0.0,1.0,0.5464515089988708,,,
1.0,1.0,0.6012389063835144,,,
1.0,1.0,0.671614408493042,,,
1.0,0.0,0.4217240810394287,,,
0.0,1.0,0.5954122543334961,,,
1.0,0.0,0.39657536149024963,,,
0.0,0.0,0.3025873899459839,,,
0.0,0.0,0.3305911719799042,,,
0.0,0.0,0.41152602434158325,,,
0.0,0.0,0.4788188934326172,,,
0.0,0.0,0.33492356538772583,,,
1.0,1.0,0.8015984892845154,,,
1.0,1.0,0.7707411050796509,,,
0.0,0.0,0.3014973998069763,,,
0.0,0.0,0.4029063284397125,,,
0.0,0.0,0.2412712126970291,,,
0.0,0.0,0.3272978961467743,,,
1.0,0.0,0.27868232131004333,,,
0.0,0.0,0.24963659048080444,,,
1.0,1.0,0.6014640927314758,,,
0.0,0.0,0.21874353289604187,,,
0.0,1.0,0.5873472690582275,,,
1.0,1.0,0.5512818098068237,,,
0.0,0.0,0.2731715142726898,,,
1.0,0.0,0.4346953332424164,,,
0.0,0.0,0.36380404233932495,,,
0.0,0.0,0.40172362327575684,,,
0.0,1.0,0.5853482484817505,,,
1.0,1.0,0.642651379108429,,,
1.0,1.0,0.5602748990058899,,,
1.0,0.0,0.2946680784225464,,,
0.0,0.0,0.31900182366371155,,,
1.0,1.0,0.5706765055656433,,,
0.0,0.0,0.2725301682949066,,,
1.0,1.0,0.5907920598983765,,,
1.0,0.0,0.31291869282722473,,,
0.0,0.0,0.15444748103618622,,,
1.0,1.0,0.5953899025917053,,,
1.0,1.0,0.6489840149879456,,,
0.0,0.0,0.330178439617157,,,
0.0,0.0,0.42125967144966125,,,
0.0,0.0,0.15699495375156403,,,
1.0,1.0,0.8428613543510437,,,
1.0,1.0,0.8173751831054688,,,
1.0,1.0,0.7335458993911743,,,
0.0,0.0,0.38152527809143066,,,
0.0,0.0,0.30945053696632385,,,
0.0,0.0,0.3254796266555786,,,
1.0,1.0,0.8303419947624207,,,
0.0,0.0,0.12049892544746399,,,
1.0,1.0,0.623518168926239,,,
1.0,1.0,0.8097965717315674,,,
1.0,1.0,0.6323567628860474,,,
1.0,1.0,0.7955567836761475,,,
0.0,0.0,0.37112802267074585,,,
1.0,1.0,0.594345211982727,,,
0.0,0.0,0.3001432418823242,,,
1.0,1.0,0.6063510775566101,,,
0.0,0.0,0.2539246678352356,,,
1.0,1.0,0.8136982917785645,,,
1.0,1.0,0.8586639761924744,,,
0.0,0.0,0.23693157732486725,,,
1.0,1.0,0.7833732962608337,,,
1.0,0.0,0.4221859276294708,,,
1.0,0.0,0.44539228081703186,,,
1.0,1.0,0.623028039932251,,,
1.0,1.0,0.8817291259765625,,,
0.0,0.0,0.3468320369720459,,,
1.0,1.0,0.5569981336593628,,,
1.0,0.0,0.34727299213409424,,,
1.0,1.0,0.663341760635376,,,
0.0,1.0,0.5207146406173706,,,
0.0,0.0,0.33717674016952515,,,
1.0,1.0,0.5722621083259583,,,
0.0,0.0,0.28866690397262573,,,
1.0,0.0,0.41934746503829956,,,
1.0,1.0,0.5066108703613281,,,
1.0,0.0,0.3128892481327057,,,
1.0,1.0,0.7890403866767883,,,
0.0,0.0,0.22926844656467438,,,
1.0,1.0,0.6060146689414978,,,
1.0,1.0,0.9626749753952026,,,
1.0,1.0,0.7460867166519165,,,
1.0,1.0,0.8363724946975708,,,
0.0,0.0,0.38750916719436646,,,
1.0,1.0,0.6016122698783875,,,
1.0,0.0,0.31329086422920227,,,
0.0,1.0,0.6402005553245544,,,
1.0,1.0,0.5495029091835022,,,
1.0,1.0,0.686204731464386,,,
1.0,1.0,0.6873040795326233,,,
0.0,0.0,0.3019034266471863,,,
0.0,0.0,0.23208776116371155,,,
0.0,1.0,0.5007972121238708,,,
1.0,0.0,0.39950868487358093,,,
0.0,0.0,0.31263676285743713,,,
1.0,1.0,0.5829404592514038,,,
0.0,0.0,0.3313821852207184,,,
0.0,0.0,0.3702394962310791,,,
1.0,1.0,0.8261991143226624,,,
1.0,0.0,0.422772616147995,,,
0.0,0.0,0.37693288922309875,,,
1.0,1.0,0.5814955234527588,,,
1.0,1.0,0.6718360185623169,,,
0.0,0.0,0.4722490906715393,,,
0.0,0.0,0.30852144956588745,,,
0.0,0.0,0.3973858952522278,,,
0.0,0.0,0.4247674345970154,,,
0.0,0.0,0.372453510761261,,,
0.0,0.0,0.33562982082366943,,,
1.0,1.0,0.7994298934936523,,,
0.0,0.0,0.2806200683116913,,,
1.0,1.0,0.5292317271232605,,,
0.0,0.0,0.21876001358032227,,,
1.0,0.0,0.39276745915412903,,,
0.0,1.0,0.5132226347923279,,,
1.0,1.0,0.5123394727706909,,,
1.0,0.0,0.1673603355884552,,,
0.0,0.0,0.24232171475887299,,,
1.0,1.0,0.753044605255127,,,
1.0,1.0,0.5235698223114014,,,
1.0,1.0,0.7304224371910095,,,
0.0,0.0,0.3151540160179138,,,
0.0,0.0,0.3670097887516022,,,
0.0,1.0,0.5597006678581238,,,
0.0,0.0,0.33977383375167847,,,
1.0,1.0,0.6952735185623169,,,
0.0,0.0,0.3327479660511017,,,
1.0,0.0,0.44191083312034607,,,
1.0,1.0,0.7140786647796631,,,
1.0,1.0,0.619313657283783,,,
1.0,1.0,0.6481696963310242,,,
0.0,0.0,0.38333314657211304,,,
0.0,0.0,0.3760741055011749,,,
1.0,1.0,0.5198773145675659,,,
0.0,0.0,0.3810713291168213,,,
1.0,1.0,0.635797917842865,,,
1.0,0.0,0.2830386161804199,,,
1.0,1.0,0.6052857637405396,,,
1.0,0.0,0.2615911364555359,,,
0.0,0.0,0.2963651418685913,,,
0.0,0.0,0.29774779081344604,,,
0.0,0.0,0.3503369390964508,,,
1.0,0.0,0.3919164836406708,,,
0.0,1.0,0.652154266834259,,,
0.0,1.0,0.6551288366317749,,,
0.0,0.0,0.44947683811187744,,,
1.0,0.0,0.2210126668214798,,,
1.0,1.0,0.6582261919975281,,,
0.0,0.0,0.3453717529773712,,,
1.0,0.0,0.36389410495758057,,,
1.0,0.0,0.3930888772010803,,,
0.0,0.0,0.4175513684749603,,,
1.0,1.0,0.7475666999816895,,,
1.0,1.0,0.6416406631469727,,,
0.0,0.0,0.400520920753479,,,
0.0,1.0,0.6125763058662415,,,
1.0,0.0,0.24009279906749725,,,
1.0,1.0,0.8790392279624939,,,
0.0,0.0,0.3039191663265228,,,
1.0,1.0,0.7817742228507996,,,
0.0,0.0,0.4366855025291443,,,
0.0,0.0,0.2303045094013214,,,
0.0,0.0,0.3171587884426117,,,
1.0,0.0,0.3240322470664978,,,
1.0,1.0,0.8772897720336914,,,
0.0,0.0,0.3219677209854126,,,
0.0,0.0,0.29146528244018555,,,
0.0,0.0,0.267210453748703,,,
1.0,1.0,0.5646804571151733,,,
1.0,1.0,0.6400690674781799,,,
0.0,0.0,0.44135066866874695,,,
1.0,1.0,0.5700181126594543,,,
0.0,0.0,0.3302293121814728,,,
1.0,1.0,0.665163516998291,,,
1.0,1.0,0.6583256721496582,,,
1.0,1.0,0.671614408493042,,,
0.0,0.0,0.36208873987197876,,,
1.0,0.0,0.34487679600715637,,,
1.0,1.0,0.6519163846969604,,,
0.0,0.0,0.21507667005062103,,,
0.0,0.0,0.23797394335269928,,,
1.0,1.0,0.8568913340568542,,,
1.0,1.0,0.8375658988952637,,,
1.0,1.0,0.8049673438072205,,,
1.0,1.0,0.7756718993186951,,,
0.0,1.0,0.6087533831596375,,,
1.0,0.0,0.35194841027259827,,,
0.0,0.0,0.2801400423049927,,,
1.0,1.0,0.8059021234512329,,,
1.0,1.0,0.7900383472442627,,,
0.0,0.0,0.42756614089012146,,,
1.0,1.0,0.6878202557563782,,,
1.0,0.0,0.3863181471824646,,,
0.0,0.0,0.41972270607948303,,,
0.0,0.0,0.32865437865257263,,,
0.0,0.0,0.2570519745349884,,,
0.0,0.0,0.36872515082359314,,,
1.0,0.0,0.3809231221675873,,,
0.0,0.0,0.40478768944740295,,,
0.0,0.0,0.2185674011707306,,,
0.0,0.0,0.3471797704696655,,,
0.0,0.0,0.3317100703716278,,,
0.0,0.0,0.3165091872215271,,,
0.0,0.0,0.3317602574825287,,,
1.0,1.0,0.5354481935501099,,,
1.0,1.0,0.7604556083679199,,,
1.0,1.0,0.8807041049003601,,,
1.0,1.0,0.8008589148521423,,,
0.0,0.0,0.4091688096523285,,,
1.0,0.0,0.3516709506511688,,,
0.0,0.0,0.38465744256973267,,,
1.0,1.0,0.5134523510932922,,,
1.0,1.0,0.7958146929740906,,,
0.0,1.0,0.5416381359100342,,,
0.0,0.0,0.34720858931541443,,,
1.0,1.0,0.7067890167236328,,,
0.0,0.0,0.3545036315917969,,,
0.0,0.0,0.21578608453273773,,,
0.0,0.0,0.36610960960388184,,,
1.0,1.0,0.7113474607467651,,,
1.0,1.0,0.8655157685279846,,,
1.0,1.0,0.5636242628097534,,,
0.0,0.0,0.37624138593673706,,,
1.0,0.0,0.2463432401418686,,,
0.0,1.0,0.6283531188964844,,,
0.0,0.0,0.34022748470306396,,,
0.0,0.0,0.29416555166244507,,,
1.0,0.0,0.41411662101745605,,,
0.0,0.0,0.47949671745300293,,,
0.0,0.0,0.180627703666687,,,
0.0,0.0,0.3956485092639923,,,
1.0,1.0,0.8829472661018372,,,
1.0,1.0,0.813870370388031,,,
1.0,1.0,0.6509492993354797,,,
0.0,0.0,0.2613457143306732,,,
0.0,0.0,0.330148845911026,,,
1.0,1.0,0.8435817360877991,,,
0.0,0.0,0.49181506037712097,,,
1.0,1.0,0.7337304949760437,,,
1.0,0.0,0.4598560333251953,,,
0.0,0.0,0.44766977429389954,,,
1.0,0.0,0.41979655623435974,,,
1.0,1.0,0.6039553880691528,,,
0.0,0.0,0.42270052433013916,,,
1.0,1.0,0.5624586343765259,,,
0.0,0.0,0.37315332889556885,,,
0.0,0.0,0.3913695514202118,,,
1.0,0.0,0.4264734387397766,,,
0.0,0.0,0.29217109084129333,,,
0.0,0.0,0.37461066246032715,,,
1.0,1.0,0.5392955541610718,,,
1.0,0.0,0.3426862955093384,,,
1.0,1.0,0.7208983898162842,,,
1.0,0.0,0.4778653085231781,,,
0.0,0.0,0.472964346408844,,,
0.0,0.0,0.4293316602706909,,,
1.0,1.0,0.5634793043136597,,,
0.0,0.0,0.4863619804382324,,,
1.0,0.0,0.3611295819282532,,,
1.0,1.0,0.7426599264144897,,,
0.0,0.0,0.18379437923431396,,,
0.0,0.0,0.3636308014392853,,,
0.0,0.0,0.42276981472969055,,,
0.0,0.0,0.37690505385398865,,,
0.0,0.0,0.3225821256637573,,,
0.0,0.0,0.2940060794353485,,,
1.0,0.0,0.41485923528671265,,,
1.0,0.0,0.3366512358188629,,,
0.0,0.0,0.3459357023239136,,,
1.0,1.0,0.5025371313095093,,,
0.0,0.0,0.29348745942115784,,,
1.0,1.0,0.8356477618217468,,,
1.0,1.0,0.55040043592453,,,
0.0,0.0,0.3307308554649353,,,
1.0,1.0,0.576587438583374,,,
1.0,0.0,0.3435305953025818,,,
0.0,0.0,0.3783700168132782,,,
1.0,0.0,0.366273432970047,,,
0.0,0.0,0.3926156759262085,,,
0.0,0.0,0.3864712119102478,,,
1.0,0.0,0.37318727374076843,,,
0.0,0.0,0.24018992483615875,,,
0.0,0.0,0.31435638666152954,,,
0.0,0.0,0.3046514391899109,,,
1.0,1.0,0.7498421669006348,,,
0.0,0.0,0.23540924489498138,,,
0.0,0.0,0.22193072736263275,,,
1.0,0.0,0.43634268641471863,,,
0.0,0.0,0.471253901720047,,,
1.0,0.0,0.43604743480682373,,,
0.0,0.0,0.4860156178474426,,,
0.0,0.0,0.30709680914878845,,,
1.0,1.0,0.8594306111335754,,,
1.0,1.0,0.6334078907966614,,,
1.0,0.0,0.4485250413417816,,,
1.0,0.0,0.3751721978187561,,,
0.0,0.0,0.4365445077419281,,,
1.0,0.0,0.350871205329895,,,
0.0,1.0,0.505394458770752,,,
0.0,0.0,0.23933091759681702,,,
1.0,0.0,0.4178233742713928,,,
0.0,0.0,0.35849010944366455,,,
0.0,1.0,0.5363843441009521,,,
1.0,1.0,0.5692414045333862,,,
0.0,0.0,0.3071867525577545,,,
0.0,0.0,0.4572564959526062,,,
1.0,1.0,0.5564426183700562,,,
0.0,0.0,0.46177706122398376,,,
0.0,1.0,0.5302919745445251,,,
0.0,0.0,0.3733077645301819,,,
0.0,0.0,0.28856247663497925,,,
0.0,0.0,0.43855568766593933,,,
1.0,1.0,0.7392043471336365,,,
1.0,1.0,0.6234233975410461,,,
1.0,1.0,0.5325361490249634,,,
0.0,0.0,0.29684677720069885,,,
1.0,1.0,0.7721577286720276,,,
1.0,0.0,0.38869547843933105,,,
1.0,1.0,0.8201025724411011,,,
0.0,0.0,0.32048338651657104,,,
1.0,1.0,0.7343684434890747,,,
0.0,1.0,0.5094163417816162,,,
1.0,1.0,0.6167095303535461,,,
0.0,0.0,0.2906903028488159,,,
1.0,1.0,0.552482008934021,,,
1.0,0.0,0.4623138904571533,,,
0.0,0.0,0.26600876450538635,,,
0.0,0.0,0.24364341795444489,,,
0.0,1.0,0.6873356103897095,,,
1.0,1.0,0.7526640295982361,,,
1.0,1.0,0.7476112842559814,,,
1.0,1.0,0.5047114491462708,,,
1.0,1.0,0.670691967010498,,,
0.0,0.0,0.3413846790790558,,,
0.0,0.0,0.41963958740234375,,,
0.0,0.0,0.4573739171028137,,,
0.0,0.0,0.2566896378993988,,,
1.0,1.0,0.6513168215751648,,,
1.0,1.0,0.5839415788650513,,,
1.0,0.0,0.4525550901889801,,,
0.0,0.0,0.37690868973731995,,,
1.0,0.0,0.4933031499385834,,,
0.0,0.0,0.46735796332359314,,,
1.0,0.0,0.36542433500289917,,,
1.0,1.0,0.6898886561393738,,,
0.0,0.0,0.2231867015361786,,,
0.0,0.0,0.2936953902244568,,,
0.0,0.0,0.2741287350654602,,,
0.0,0.0,0.2708917558193207,,,
0.0,1.0,0.5303137302398682,,,
0.0,0.0,0.331365704536438,,,
0.0,0.0,0.2490939050912857,,,
0.0,1.0,0.6200386881828308,,,
1.0,0.0,0.31250596046447754,,,
1.0,1.0,0.897808849811554,,,
0.0,0.0,0.3542577028274536,,,
0.0,0.0,0.2992006838321686,,,
0.0,0.0,0.19407294690608978,,,
0.0,0.0,0.2741287350654602,,,
0.0,1.0,0.6882960200309753,,,
1.0,1.0,0.8771179914474487,,,
1.0,1.0,0.6203137040138245,,,
0.0,0.0,0.39503464102745056,,,
1.0,0.0,0.46141013503074646,,,
0.0,1.0,0.5138750076293945,,,
1.0,1.0,0.680350661277771,,,
1.0,0.0,0.3856181204319,,,
0.0,0.0,0.13458102941513062,,,
1.0,1.0,0.827680766582489,,,
1.0,0.0,0.3798035681247711,,,
0.0,1.0,0.7128923535346985,,,
0.0,0.0,0.24922604858875275,,,
1.0,1.0,0.7439758777618408,,,
0.0,0.0,0.4466630518436432,,,
0.0,0.0,0.44951167702674866,,,
1.0,1.0,0.8342379331588745,,,
0.0,0.0,0.3534335494041443,,,
0.0,0.0,0.280185341835022,,,
0.0,0.0,0.3065745234489441,,,
0.0,1.0,0.5006179213523865,,,
1.0,1.0,0.6293444633483887,,,
0.0,0.0,0.20449206233024597,,,
1.0,0.0,0.4469904899597168,,,
0.0,0.0,0.44052159786224365,,,
0.0,0.0,0.338016539812088,,,
0.0,0.0,0.4821934103965759,,,
1.0,1.0,0.8712475299835205,,,
1.0,1.0,0.5234090089797974,,,
1.0,1.0,0.5098297595977783,,,
1.0,1.0,0.7316248416900635,,,
1.0,0.0,0.4635387063026428,,,
1.0,0.0,0.2001940757036209,,,
1.0,1.0,0.5421372652053833,,,
0.0,0.0,0.42872264981269836,,,
1.0,1.0,0.5610376000404358,,,
1.0,1.0,0.6371790170669556,,,
1.0,1.0,0.6071547865867615,,,
1.0,0.0,0.30426111817359924,,,
0.0,0.0,0.23283150792121887,,,
1.0,1.0,0.563365638256073,,,
0.0,0.0,0.24155355989933014,,,
0.0,0.0,0.24713963270187378,,,
0.0,0.0,0.4139629006385803,,,
1.0,1.0,0.6859422922134399,,,
1.0,0.0,0.45307570695877075,,,
0.0,0.0,0.39152607321739197,,,
1.0,1.0,0.6060146689414978,,,
0.0,0.0,0.4257166087627411,,,
0.0,0.0,0.24923650920391083,,,
0.0,0.0,0.2893425524234772,,,
0.0,0.0,0.2953992486000061,,,
1.0,1.0,0.879122793674469,,,
0.0,0.0,0.42807573080062866,,,
1.0,1.0,0.8531164526939392,,,
0.0,1.0,0.6505093574523926,,,
1.0,1.0,0.7306880950927734,,,
1.0,1.0,0.6619150638580322,,,
0.0,0.0,0.3244097828865051,,,
1.0,0.0,0.3535507917404175,,,
1.0,1.0,0.87537682056427,,,
1.0,1.0,0.7343635559082031,,,
1.0,1.0,0.5884714126586914,,,
0.0,0.0,0.29926571249961853,,,
0.0,0.0,0.39370405673980713,,,
0.0,0.0,0.49101945757865906,,,
1.0,0.0,0.327117383480072,,,
1.0,0.0,0.40949803590774536,,,
1.0,0.0,0.35179582238197327,,,
0.0,0.0,0.40610605478286743,,,
1.0,1.0,0.7639986872673035,,,
0.0,0.0,0.3449050486087799,,,
1.0,1.0,0.6693739891052246,,,
1.0,1.0,0.5136496424674988,,,
1.0,1.0,0.6287876963615417,,,
1.0,0.0,0.3420446813106537,,,
0.0,0.0,0.4971032738685608,,,
0.0,0.0,0.30060338973999023,,,
1.0,1.0,0.7290730476379395,,,
1.0,0.0,0.3007303774356842,,,
0.0,0.0,0.27833354473114014,,,
0.0,1.0,0.774245023727417,,,
0.0,0.0,0.18172180652618408,,,
1.0,1.0,0.7666864395141602,,,
0.0,0.0,0.29666605591773987,,,
0.0,0.0,0.2361796498298645,,,
1.0,1.0,0.9368032813072205,,,
0.0,0.0,0.17898334562778473,,,
1.0,1.0,0.7316718697547913,,,
1.0,1.0,0.8834525346755981,,,
1.0,1.0,0.7085126042366028,,,
0.0,0.0,0.2507728338241577,,,
1.0,1.0,0.5896872878074646,,,
1.0,0.0,0.4991789162158966,,,
1.0,1.0,0.5597789883613586,,,
1.0,1.0,0.5509995818138123,,,
1.0,0.0,0.24060453474521637,,,
0.0,0.0,0.46400174498558044,,,
0.0,0.0,0.23469175398349762,,,
1.0,0.0,0.23157280683517456,,,
0.0,0.0,0.30675172805786133,,,
1.0,0.0,0.31253454089164734,,,
0.0,0.0,0.30033859610557556,,,
1.0,1.0,0.6559515595436096,,,
0.0,0.0,0.3023870587348938,,,
1.0,0.0,0.4246092736721039,,,
0.0,0.0,0.340131014585495,,,
1.0,1.0,0.7223881483078003,,,
0.0,0.0,0.17936240136623383,,,
0.0,0.0,0.2471100091934204,,,
0.0,0.0,0.3452748954296112,,,
0.0,0.0,0.37900134921073914,,,
0.0,0.0,0.34091272950172424,,,
0.0,0.0,0.29822924733161926,,,
0.0,0.0,0.4112422466278076,,,
1.0,1.0,0.7084723114967346,,,
1.0,1.0,0.5727306008338928,,,
0.0,0.0,0.26135605573654175,,,
0.0,1.0,0.6193901896476746,,,
1.0,0.0,0.24970661103725433,,,
1.0,1.0,0.7201429009437561,,,
0.0,0.0,0.25080472230911255,,,
1.0,0.0,0.364813894033432,,,
1.0,1.0,0.8073844313621521,,,
0.0,0.0,0.33306512236595154,,,
0.0,0.0,0.40477830171585083,,,
1.0,1.0,0.7751165628433228,,,
0.0,0.0,0.36800533533096313,,,
0.0,0.0,0.33075523376464844,,,
0.0,0.0,0.4345951974391937,,,
0.0,0.0,0.2552293837070465,,,
1.0,0.0,0.4947047829627991,,,
1.0,1.0,0.6048263907432556,,,
1.0,0.0,0.3519231081008911,,,
0.0,0.0,0.26913565397262573,,,
0.0,0.0,0.22140374779701233,,,
0.0,0.0,0.2860029935836792,,,
1.0,0.0,0.4846484661102295,,,
0.0,0.0,0.40858280658721924,,,
0.0,0.0,0.4173974096775055,,,
0.0,1.0,0.6014578938484192,,,
1.0,0.0,0.40079131722450256,,,
0.0,0.0,0.32820960879325867,,,
1.0,1.0,0.8811175227165222,,,
1.0,1.0,0.8886501789093018,,,
0.0,0.0,0.42125967144966125,,,
0.0,0.0,0.2967243194580078,,,
1.0,1.0,0.7117838859558105,,,
0.0,0.0,0.340530663728714,,,
0.0,0.0,0.40612927079200745,,,
0.0,1.0,0.5552576780319214,,,
1.0,0.0,0.3710644543170929,,,
1.0,1.0,0.704251229763031,,,
1.0,1.0,0.8028614521026611,,,
0.0,0.0,0.2165604531764984,,,
0.0,0.0,0.3142355978488922,,,
0.0,0.0,0.2927619516849518,,,
1.0,1.0,0.7145612835884094,,,
1.0,1.0,0.5647528767585754,,,
0.0,0.0,0.2570565640926361,,,
0.0,0.0,0.23866839706897736,,,
1.0,0.0,0.345027893781662,,,
0.0,0.0,0.30103766918182373,,,
0.0,0.0,0.21485218405723572,,,
0.0,0.0,0.29953593015670776,,,
1.0,1.0,0.8635042905807495,,,
0.0,1.0,0.6154831647872925,,,
1.0,0.0,0.3144725263118744,,,
1.0,0.0,0.3787498474121094,,,
1.0,0.0,0.4361766576766968,,,
1.0,1.0,0.7341917753219604,,,
1.0,1.0,0.6047791242599487,,,
1.0,0.0,0.4848860502243042,,,
0.0,0.0,0.26039862632751465,,,
0.0,0.0,0.32368555665016174,,,
1.0,1.0,0.7171111702919006,,,
1.0,1.0,0.5162760615348816,,,
0.0,0.0,0.4433201849460602,,,
1.0,1.0,0.8612526655197144,,,
1.0,1.0,0.6639978885650635,,,
0.0,1.0,0.5070043802261353,,,
0.0,0.0,0.29635730385780334,,,
1.0,1.0,0.6757100820541382,,,
1.0,1.0,0.5977883338928223,,,
0.0,0.0,0.3347838222980499,,,
0.0,0.0,0.38217005133628845,,,
1.0,1.0,0.8792594075202942,,,
0.0,0.0,0.3589782118797302,,,
0.0,0.0,0.2922932505607605,,,
0.0,0.0,0.41809192299842834,,,
0.0,0.0,0.29080450534820557,,,
1.0,1.0,0.8157801628112793,,,
1.0,0.0,0.47895294427871704,,,
0.0,1.0,0.5417696833610535,,,
0.0,0.0,0.12915204465389252,,,
0.0,0.0,0.18391728401184082,,,
1.0,0.0,0.4222509562969208,,,
1.0,0.0,0.43526625633239746,,,
0.0,1.0,0.5977393984794617,,,
0.0,0.0,0.4663706123828888,,,
1.0,0.0,0.38103172183036804,,,
1.0,0.0,0.46090883016586304,,,
1.0,0.0,0.3542485237121582,,,
0.0,0.0,0.2314552366733551,,,
0.0,1.0,0.501630961894989,,,
0.0,0.0,0.4929625689983368,,,
0.0,0.0,0.2137087732553482,,,
1.0,1.0,0.5353137850761414,,,
0.0,0.0,0.2800842821598053,,,
1.0,1.0,0.8943341970443726,,,
0.0,0.0,0.385497510433197,,,
1.0,0.0,0.42862215638160706,,,
0.0,1.0,0.6781971454620361,,,
0.0,0.0,0.296752005815506,,,
0.0,0.0,0.33707258105278015,,,
0.0,0.0,0.267864465713501,,,
0.0,0.0,0.431524395942688,,,
0.0,0.0,0.17628389596939087,,,
0.0,0.0,0.3167842924594879,,,
0.0,0.0,0.4125034809112549,,,
0.0,0.0,0.41357454657554626,,,
0.0,0.0,0.4449946880340576,,,
1.0,1.0,0.5699467658996582,,,
0.0,0.0,0.11862964928150177,,,
1.0,1.0,0.5215522050857544,,,
1.0,0.0,0.4249058961868286,,,
1.0,0.0,0.31764936447143555,,,
0.0,0.0,0.27993273735046387,,,
1.0,1.0,0.6164763569831848,,,
1.0,0.0,0.46863213181495667,,,
0.0,0.0,0.3262169361114502,,,
1.0,1.0,0.757517397403717,,,
1.0,1.0,0.7062740325927734,,,
0.0,0.0,0.24683579802513123,,,
0.0,0.0,0.36117124557495117,,,
0.0,0.0,0.30297723412513733,,,
1.0,1.0,0.8463110327720642,,,
1.0,1.0,0.772195041179657,,,
1.0,1.0,0.6369221210479736,,,
0.0,0.0,0.28011003136634827,,,
0.0,0.0,0.4303984045982361,,,
1.0,0.0,0.4663843512535095,,,
1.0,0.0,0.43252798914909363,,,
0.0,0.0,0.3344140350818634,,,
0.0,0.0,0.37001627683639526,,,
0.0,0.0,0.2083941549062729,,,
0.0,0.0,0.2819189429283142,,,
1.0,1.0,0.7458652853965759,,,
0.0,0.0,0.4500739574432373,,,
1.0,1.0,0.789540708065033,,,
0.0,1.0,0.5135891437530518,,,
0.0,0.0,0.33810046315193176,,,
0.0,0.0,0.25911077857017517,,,
0.0,0.0,0.22193747758865356,,,
0.0,0.0,0.2800842821598053,,,
0.0,0.0,0.45016971230506897,,,
1.0,1.0,0.8961101174354553,,,
0.0,0.0,0.4326699376106262,,,
0.0,0.0,0.20939530432224274,,,
1.0,1.0,0.8354686498641968,,,
0.0,1.0,0.5342561602592468,,,
1.0,1.0,0.5253273844718933,,,
1.0,0.0,0.4312306046485901,,,
0.0,0.0,0.38851234316825867,,,
0.0,1.0,0.7249696254730225,,,
0.0,0.0,0.3027529716491699,,,
1.0,1.0,0.838636577129364,,,
0.0,0.0,0.40474557876586914,,,
1.0,1.0,0.608375608921051,,,
0.0,1.0,0.6983615159988403,,,
1.0,1.0,0.5845732092857361,,,
1.0,1.0,0.7639849185943604,,,
0.0,1.0,0.5348153114318848,,,
0.0,0.0,0.37605541944503784,,,
1.0,1.0,0.78817218542099,,,
1.0,1.0,0.8012494444847107,,,
0.0,0.0,0.22091953456401825,,,
0.0,0.0,0.18529140949249268,,,
0.0,1.0,0.6868264675140381,,,
1.0,1.0,0.6351438164710999,,,
0.0,0.0,0.29378655552864075,,,
0.0,0.0,0.30525892972946167,,,
0.0,0.0,0.3317161798477173,,,
1.0,0.0,0.4460981488227844,,,
0.0,0.0,0.24412716925144196,,,
1.0,0.0,0.4730435609817505,,,
1.0,0.0,0.2676081657409668,,,
0.0,0.0,0.29057082533836365,,,
0.0,0.0,0.3437995910644531,,,
1.0,1.0,0.5476560592651367,,,
0.0,0.0,0.20619241893291473,,,
1.0,1.0,0.6508371829986572,,,
1.0,1.0,0.7417886853218079,,,
1.0,1.0,0.6292136311531067,,,
1.0,1.0,0.7134198546409607,,,
0.0,0.0,0.4659276604652405,,,
1.0,1.0,0.5191402435302734,,,
0.0,0.0,0.43858930468559265,,,
1.0,1.0,0.7240636944770813,,,
1.0,1.0,0.5957248210906982,,,
0.0,0.0,0.315548837184906,,,
1.0,1.0,0.6983069181442261,,,
1.0,1.0,0.7918161749839783,,,
1.0,0.0,0.3166551887989044,,,
1.0,1.0,0.6348167061805725,,,
0.0,1.0,0.5083429217338562,,,
0.0,0.0,0.2783605456352234,,,
0.0,1.0,0.7193090319633484,,,
0.0,0.0,0.2723100781440735,,,
0.0,0.0,0.3815874457359314,,,
1.0,0.0,0.4704250395298004,,,
0.0,0.0,0.3074517548084259,,,
0.0,0.0,0.29318299889564514,,,
1.0,1.0,0.7893182635307312,,,
1.0,1.0,0.6833189129829407,,,
1.0,1.0,0.5692022442817688,,,
1.0,0.0,0.30000942945480347,,,
1.0,0.0,0.2829252779483795,,,
0.0,0.0,0.3693945109844208,,,
0.0,0.0,0.2201109081506729,,,
0.0,0.0,0.2997593879699707,,,
1.0,1.0,0.7637950778007507,,,
1.0,1.0,0.6071808338165283,,,
1.0,1.0,0.6848108172416687,,,
0.0,0.0,0.33058789372444153,,,
1.0,1.0,0.6489229798316956,,,
1.0,1.0,0.7511093020439148,,,
0.0,0.0,0.3295755088329315,,,
0.0,0.0,0.4433887004852295,,,
0.0,0.0,0.42377597093582153,,,
0.0,0.0,0.3056679964065552,,,
1.0,1.0,0.7682344913482666,,,
1.0,1.0,0.5542203783988953,,,
1.0,0.0,0.35123753547668457,,,
0.0,0.0,0.22477200627326965,,,
0.0,0.0,0.4001997709274292,,,
0.0,0.0,0.3205549418926239,,,
1.0,1.0,0.7162445783615112,,,
1.0,1.0,0.8180978298187256,,,
1.0,1.0,0.6464530229568481,,,
0.0,1.0,0.5245912075042725,,,
0.0,1.0,0.5745415687561035,,,
1.0,1.0,0.8988538384437561,,,
0.0,0.0,0.268487811088562,,,
0.0,0.0,0.3045147657394409,,,
0.0,0.0,0.224538654088974,,,
1.0,1.0,0.8831120729446411,,,
1.0,1.0,0.6595794558525085,,,
1.0,1.0,0.5094838738441467,,,
0.0,0.0,0.20043553411960602,,,
1.0,0.0,0.3968188762664795,,,
0.0,0.0,0.2539181709289551,,,
0.0,0.0,0.48474952578544617,,,
1.0,0.0,0.356475293636322,,,
0.0,1.0,0.5221892595291138,,,
0.0,0.0,0.2846853733062744,,,
1.0,1.0,0.5310471057891846,,,
0.0,0.0,0.3096281588077545,,,
0.0,0.0,0.2986052632331848,,,
0.0,0.0,0.24879708886146545,,,
0.0,0.0,0.2964119613170624,,,
0.0,1.0,0.5116703510284424,,,
1.0,0.0,0.34003153443336487,,,
1.0,1.0,0.8669430017471313,,,
1.0,1.0,0.8594427108764648,,,
0.0,0.0,0.3631645739078522,,,
0.0,1.0,0.5509477853775024,,,
0.0,0.0,0.3145253360271454,,,
0.0,0.0,0.26595646142959595,,,
1.0,1.0,0.5539665818214417,,,
0.0,0.0,0.44556862115859985,,,
0.0,0.0,0.4290088415145874,,,
1.0,1.0,0.703788697719574,,,
1.0,1.0,0.7032193541526794,,,
1.0,1.0,0.5788445472717285,,,
0.0,0.0,0.27996617555618286,,,
0.0,0.0,0.239039346575737,,,
0.0,0.0,0.39680805802345276,,,
0.0,0.0,0.23605941236019135,,,
0.0,0.0,0.2720910310745239,,,
1.0,1.0,0.6906249523162842,,,
1.0,1.0,0.7476112842559814,,,
0.0,0.0,0.22477787733078003,,,
0.0,1.0,0.6118590235710144,,,
1.0,0.0,0.3738090395927429,,,
0.0,1.0,0.5359707474708557,,,
0.0,0.0,0.3342823088169098,,,
0.0,0.0,0.31111305952072144,,,
0.0,0.0,0.3089609444141388,,,
1.0,0.0,0.4086051285266876,,,
0.0,1.0,0.5812563300132751,,,
0.0,0.0,0.21079134941101074,,,
1.0,1.0,0.7402985095977783,,,
0.0,0.0,0.2981241047382355,,,
1.0,1.0,0.7194880843162537,,,
0.0,0.0,0.4848725199699402,,,
0.0,0.0,0.3296986222267151,,,
1.0,1.0,0.5081118941307068,,,
0.0,1.0,0.5503005981445312,,,
0.0,0.0,0.2300463318824768,,,
0.0,0.0,0.4348647892475128,,,
1.0,0.0,0.2784240245819092,,,
0.0,0.0,0.2305418998003006,,,
0.0,0.0,0.370682030916214,,,
0.0,0.0,0.4424082338809967,,,
0.0,0.0,0.22995950281620026,,,
0.0,0.0,0.37403610348701477,,,
1.0,1.0,0.6406329274177551,,,
0.0,0.0,0.4032059907913208,,,
1.0,0.0,0.3825743794441223,,,
0.0,0.0,0.22296001017093658,,,
1.0,1.0,0.7114338874816895,,,
1.0,1.0,0.7949337363243103,,,
0.0,0.0,0.23368202149868011,,,
0.0,0.0,0.3938673734664917,,,
1.0,1.0,0.5946254134178162,,,
1.0,0.0,0.4743785262107849,,,
1.0,1.0,0.6497215032577515,,,
0.0,0.0,0.4372578263282776,,,
1.0,0.0,0.3653494119644165,,,
0.0,0.0,0.21227984130382538,,,
0.0,0.0,0.38082343339920044,,,
0.0,0.0,0.47212153673171997,,,
0.0,1.0,0.5464804172515869,,,
0.0,0.0,0.2627929747104645,,,
1.0,1.0,0.5458413362503052,,,
1.0,1.0,0.590456485748291,,,
0.0,0.0,0.4180372357368469,,,
1.0,0.0,0.3933935761451721,,,
1.0,0.0,0.41338708996772766,,,
0.0,0.0,0.2755523920059204,,,
1.0,1.0,0.8938339948654175,,,
1.0,1.0,0.7144865393638611,,,
0.0,0.0,0.17680971324443817,,,
0.0,0.0,0.2620087265968323,,,
0.0,0.0,0.17287571728229523,,,
1.0,0.0,0.4163782596588135,,,
1.0,0.0,0.45452430844306946,,,
1.0,1.0,0.7638830542564392,,,
1.0,0.0,0.3071589767932892,,,
1.0,1.0,0.8503853678703308,,,
0.0,0.0,0.305164098739624,,,
0.0,0.0,0.49414411187171936,,,
1.0,0.0,0.4641292989253998,,,
1.0,1.0,0.7750809192657471,,,
1.0,0.0,0.45274364948272705,,,
1.0,0.0,0.3447158634662628,,,
0.0,0.0,0.41466784477233887,,,
1.0,1.0,0.7597816586494446,,,
1.0,1.0,0.5519735813140869,,,
1.0,1.0,0.5066084861755371,,,
1.0,0.0,0.4500810205936432,,,
0.0,0.0,0.2932187020778656,,,
1.0,1.0,0.8365952968597412,,,
0.0,0.0,0.22144323587417603,,,
1.0,1.0,0.6787707805633545,,,
1.0,1.0,0.7340691685676575,,,
1.0,1.0,0.8216543197631836,,,
0.0,0.0,0.16430871188640594,,,
0.0,0.0,0.27999064326286316,,,
1.0,1.0,0.6149646043777466,,,
1.0,1.0,0.8475061058998108,,,
0.0,0.0,0.4079616963863373,,,
0.0,0.0,0.35672247409820557,,,
0.0,0.0,0.4106426537036896,,,
0.0,0.0,0.4869615435600281,,,
1.0,0.0,0.4491325318813324,,,
1.0,1.0,0.5074684619903564,,,
0.0,0.0,0.30608832836151123,,,
0.0,0.0,0.24232171475887299,,,
0.0,0.0,0.34541448950767517,,,
0.0,0.0,0.1605025678873062,,,
0.0,0.0,0.27763310074806213,,,
0.0,0.0,0.2830386161804199,,,
0.0,0.0,0.16713877022266388,,,
0.0,0.0,0.3440502882003784,,,
1.0,1.0,0.8031116724014282,,,
0.0,0.0,0.4052600860595703,,,
1.0,1.0,0.5738846659660339,,,
0.0,0.0,0.4619554281234741,,,
0.0,0.0,0.19539044797420502,,,
1.0,0.0,0.3512406349182129,,,
1.0,0.0,0.3445012867450714,,,
1.0,0.0,0.3500465452671051,,,
0.0,0.0,0.35415521264076233,,,
1.0,1.0,0.5946254134178162,,,
1.0,0.0,0.46467626094818115,,,
1.0,1.0,0.7904579639434814,,,
0.0,0.0,0.21030345559120178,,,
0.0,1.0,0.6689382195472717,,,
0.0,0.0,0.3106234669685364,,,
0.0,0.0,0.4153381288051605,,,
1.0,1.0,0.8000056743621826,,,
1.0,1.0,0.7425604462623596,,,
1.0,0.0,0.43188047409057617,,,
1.0,1.0,0.5797316431999207,,,
1.0,1.0,0.7078372836112976,,,
0.0,1.0,0.5513244867324829,,,
1.0,0.0,0.2997439205646515,,,
1.0,1.0,0.8194790482521057,,,
1.0,1.0,0.8550604581832886,,,
1.0,1.0,0.8015730381011963,,,
1.0,1.0,0.5747079253196716,,,
0.0,0.0,0.3996865749359131,,,
0.0,0.0,0.2998790442943573,,,
1.0,1.0,0.9239571690559387,,,
0.0,0.0,0.38064172863960266,,,
0.0,0.0,0.4859367311000824,,,
0.0,0.0,0.28806278109550476,,,
1.0,1.0,0.6203137040138245,,,
1.0,0.0,0.4783961772918701,,,
0.0,0.0,0.39643174409866333,,,
0.0,0.0,0.387237548828125,,,
1.0,1.0,0.6854404211044312,,,
0.0,0.0,0.17983412742614746,,,
1.0,1.0,0.735807478427887,,,
1.0,1.0,0.521908164024353,,,
1.0,1.0,0.7047010660171509,,,
0.0,0.0,0.12915204465389252,,,
0.0,0.0,0.1331130862236023,,,
1.0,1.0,0.8616715669631958,,,
0.0,0.0,0.3243734836578369,,,
1.0,1.0,0.8999141454696655,,,
1.0,0.0,0.4876309633255005,,,
1.0,1.0,0.7278629541397095,,,
1.0,1.0,0.6980452537536621,,,
0.0,0.0,0.4562889039516449,,,
1.0,0.0,0.42705583572387695,,,
1.0,0.0,0.33487382531166077,,,
0.0,0.0,0.2386084347963333,,,
1.0,1.0,0.8428503274917603,,,
0.0,0.0,0.39142584800720215,,,
1.0,1.0,0.6722723841667175,,,
1.0,1.0,0.6899198293685913,,,
0.0,0.0,0.4381536841392517,,,
0.0,0.0,0.37865903973579407,,,
0.0,1.0,0.500625729560852,,,
0.0,0.0,0.3471645414829254,,,
1.0,0.0,0.3882518410682678,,,
0.0,0.0,0.2329675555229187,,,
1.0,0.0,0.3919645845890045,,,
0.0,0.0,0.23057745397090912,,,
0.0,0.0,0.4619554281234741,,,
1.0,1.0,0.8468851447105408,,,
1.0,1.0,0.723683774471283,,,
1.0,0.0,0.4474942982196808,,,
0.0,0.0,0.3334667384624481,,,
1.0,0.0,0.36484822630882263,,,
0.0,0.0,0.4074062407016754,,,
1.0,1.0,0.7331560254096985,,,
0.0,0.0,0.3652988076210022,,,
1.0,1.0,0.7034347653388977,,,
1.0,0.0,0.3711552023887634,,,
1.0,0.0,0.46268051862716675,,,
0.0,0.0,0.4198665916919708,,,
0.0,1.0,0.5150628089904785,,,
0.0,1.0,0.5851613283157349,,,
0.0,0.0,0.3368596136569977,,,
0.0,0.0,0.20272864401340485,,,
1.0,1.0,0.7267874479293823,,,
1.0,1.0,0.6402875185012817,,,
1.0,1.0,0.5309247970581055,,,
1.0,1.0,0.6089008450508118,,,
0.0,0.0,0.37985602021217346,,,
0.0,0.0,0.35530969500541687,,,
1.0,1.0,0.7991933226585388,,,
1.0,1.0,0.6508190035820007,,,
1.0,1.0,0.6883651614189148,,,
0.0,0.0,0.2764212191104889,,,
1.0,1.0,0.7580944299697876,,,
1.0,1.0,0.5372439026832581,,,
1.0,1.0,0.5983332395553589,,,
0.0,0.0,0.29267051815986633,,,
1.0,1.0,0.8966142535209656,,,
1.0,1.0,0.8237178921699524,,,
1.0,0.0,0.45320671796798706,,,
1.0,1.0,0.6385323405265808,,,
0.0,0.0,0.3356098234653473,,,
1.0,1.0,0.6652485728263855,,,
1.0,1.0,0.7045374512672424,,,
0.0,0.0,0.4379517436027527,,,
0.0,0.0,0.2493889331817627,,,
1.0,1.0,0.7415521144866943,,,
0.0,0.0,0.26407212018966675,,,
1.0,1.0,0.6004178524017334,,,
1.0,0.0,0.40712299942970276,,,
0.0,0.0,0.4083792567253113,,,
1.0,1.0,0.809167206287384,,,
0.0,1.0,0.6018109321594238,,,
0.0,0.0,0.31943783164024353,,,
0.0,0.0,0.45791390538215637,,,
1.0,1.0,0.5003437399864197,,,
0.0,0.0,0.4259563386440277,,,
0.0,0.0,0.18409951031208038,,,
0.0,1.0,0.6750394701957703,,,
0.0,1.0,0.5585306882858276,,,
1.0,1.0,0.8081851005554199,,,
0.0,1.0,0.6214408874511719,,,
0.0,0.0,0.35496336221694946,,,
0.0,0.0,0.14988701045513153,,,
1.0,1.0,0.551687479019165,,,
1.0,1.0,0.644347608089447,,,
1.0,0.0,0.35270994901657104,,,
1.0,1.0,0.5410365462303162,,,
1.0,1.0,0.6017323732376099,,,
1.0,0.0,0.4091399610042572,,,
0.0,1.0,0.5511794090270996,,,
1.0,1.0,0.8124126195907593,,,
1.0,1.0,0.7002420425415039,,,
1.0,1.0,0.5019270777702332,,,
1.0,0.0,0.46714091300964355,,,
1.0,0.0,0.39229869842529297,,,
0.0,0.0,0.34811848402023315,,,
1.0,0.0,0.2885691225528717,,,
0.0,0.0,0.3123605251312256,,,
0.0,0.0,0.36540931463241577,,,
1.0,0.0,0.33640795946121216,,,
1.0,1.0,0.5254077911376953,,,
1.0,1.0,0.7590004205703735,,,
0.0,0.0,0.3840215802192688,,,
1.0,1.0,0.8300741910934448,,,
1.0,1.0,0.7478653788566589,,,
1.0,1.0,0.7419316172599792,,,
1.0,1.0,0.685127854347229,,,
1.0,0.0,0.47626993060112,,,
1.0,0.0,0.39784613251686096,,,
1.0,1.0,0.561055600643158,,,
0.0,0.0,0.43411773443222046,,,
0.0,0.0,0.2901003062725067,,,
0.0,0.0,0.3354599177837372,,,
0.0,1.0,0.5556255578994751,,,
1.0,0.0,0.41639024019241333,,,
1.0,1.0,0.6326528787612915,,,
1.0,1.0,0.5651088356971741,,,
0.0,0.0,0.3008580505847931,,,
1.0,1.0,0.6722723841667175,,,
1.0,1.0,0.582752525806427,,,
1.0,1.0,0.7870755791664124,,,
1.0,0.0,0.39925718307495117,,,
1.0,0.0,0.27845579385757446,,,
0.0,0.0,0.48404085636138916,,,
0.0,0.0,0.44872328639030457,,,
0.0,1.0,0.5221892595291138,,,
1.0,0.0,0.33024168014526367,,,
0.0,0.0,0.37985602021217346,,,
1.0,0.0,0.4974479377269745,,,
0.0,0.0,0.28582388162612915,,,
1.0,1.0,0.8552563786506653,,,
0.0,0.0,0.3400331437587738,,,
0.0,1.0,0.5202645063400269,,,
0.0,0.0,0.3612319529056549,,,
1.0,1.0,0.9237093329429626,,,
1.0,0.0,0.3373684287071228,,,
0.0,1.0,0.5063295364379883,,,
1.0,1.0,0.5468380451202393,,,
0.0,0.0,0.2964119613170624,,,
0.0,0.0,0.1537911593914032,,,
1.0,1.0,0.8275595903396606,,,
0.0,0.0,0.31184741854667664,,,
0.0,0.0,0.31256023049354553,,,
0.0,0.0,0.34111320972442627,,,
0.0,0.0,0.4498400390148163,,,
0.0,0.0,0.3371329605579376,,,
0.0,0.0,0.48618268966674805,,,
1.0,1.0,0.7511093020439148,,,
0.0,0.0,0.16866737604141235,,,
1.0,0.0,0.39773815870285034,,,
1.0,0.0,0.253214567899704,,,
1.0,0.0,0.42845624685287476,,,
0.0,0.0,0.265802264213562,,,
1.0,0.0,0.49796730279922485,,,
0.0,0.0,0.1954016238451004,,,
1.0,1.0,0.5672419667243958,,,
0.0,0.0,0.48337802290916443,,,
0.0,0.0,0.32910752296447754,,,
0.0,0.0,0.24628309905529022,,,
0.0,0.0,0.45236754417419434,,,
1.0,0.0,0.32153385877609253,,,
1.0,0.0,0.4566444456577301,,,
0.0,0.0,0.36849093437194824,,,
0.0,0.0,0.1963292360305786,,,
1.0,1.0,0.5444185137748718,,,
0.0,0.0,0.2683289051055908,,,
1.0,0.0,0.40363970398902893,,,
0.0,1.0,0.5825099945068359,,,
1.0,1.0,0.6838683485984802,,,
0.0,0.0,0.4506596624851227,,,
1.0,1.0,0.7346485257148743,,,
1.0,1.0,0.50382000207901,,,
0.0,1.0,0.5280848741531372,,,
0.0,0.0,0.36180001497268677,,,
1.0,1.0,0.6329640746116638,,,
1.0,1.0,0.6755298376083374,,,
1.0,1.0,0.799534261226654,,,
1.0,1.0,0.6858636736869812,,,
0.0,0.0,0.2578190863132477,,,
0.0,0.0,0.3843967914581299,,,
0.0,0.0,0.2669232487678528,,,
1.0,0.0,0.4875184893608093,,,
0.0,0.0,0.39220523834228516,,,
1.0,1.0,0.5154287815093994,,,
0.0,0.0,0.339509516954422,,,
0.0,0.0,0.2981078326702118,,,
1.0,1.0,0.911584734916687,,,
1.0,1.0,0.6467556953430176,,,
1.0,0.0,0.49893179535865784,,,
0.0,0.0,0.34973615407943726,,,
1.0,1.0,0.6135861277580261,,,
1.0,1.0,0.7745755314826965,,,
0.0,1.0,0.5775615572929382,,,
0.0,0.0,0.49124640226364136,,,
0.0,0.0,0.34238746762275696,,,
1.0,1.0,0.5665853023529053,,,
0.0,0.0,0.27875182032585144,,,
0.0,0.0,0.374172180891037,,,
1.0,1.0,0.7139520645141602,,,
1.0,0.0,0.41850417852401733,,,
0.0,0.0,0.40077733993530273,,,
1.0,1.0,0.6219785809516907,,,
0.0,0.0,0.35385259985923767,,,
0.0,0.0,0.3194819390773773,,,
1.0,1.0,0.8269851207733154,,,
0.0,0.0,0.4415283501148224,,,
0.0,0.0,0.23794029653072357,,,
0.0,0.0,0.24749810993671417,,,
0.0,0.0,0.24111735820770264,,,
1.0,1.0,0.6413896083831787,,,
0.0,0.0,0.35016340017318726,,,
0.0,0.0,0.35810384154319763,,,
0.0,0.0,0.4472268521785736,,,
0.0,0.0,0.3590230941772461,,,
1.0,0.0,0.43030548095703125,,,
1.0,0.0,0.37578898668289185,,,
0.0,0.0,0.36634841561317444,,,
0.0,1.0,0.6293173432350159,,,
0.0,1.0,0.5536112189292908,,,
1.0,1.0,0.7415521144866943,,,
1.0,0.0,0.4258168041706085,,,
0.0,0.0,0.3862776458263397,,,
1.0,1.0,0.5582481026649475,,,
0.0,0.0,0.3117040693759918,,,
1.0,1.0,0.8236839175224304,,,
1.0,1.0,0.6154460906982422,,,
1.0,0.0,0.3549994230270386,,,
0.0,0.0,0.4395052492618561,,,
0.0,0.0,0.4643225371837616,,,
0.0,0.0,0.4671575129032135,,,
1.0,1.0,0.8590086102485657,,,
1.0,1.0,0.5358112454414368,,,
0.0,0.0,0.35631194710731506,,,
0.0,0.0,0.17688514292240143,,,
0.0,0.0,0.323148250579834,,,
1.0,1.0,0.6381663084030151,,,
0.0,0.0,0.30609244108200073,,,
1.0,1.0,0.7044501304626465,,,
1.0,0.0,0.30993857979774475,,,
1.0,1.0,0.7024746537208557,,,
1.0,0.0,0.45598557591438293,,,
0.0,0.0,0.3145797550678253,,,
1.0,1.0,0.6497215032577515,,,
1.0,1.0,0.8314356803894043,,,
0.0,0.0,0.3707139194011688,,,
0.0,0.0,0.34944066405296326,,,
1.0,0.0,0.43192005157470703,,,
0.0,0.0,0.4048806428909302,,,
0.0,1.0,0.5977704524993896,,,
1.0,1.0,0.5575956106185913,,,
0.0,0.0,0.2614058554172516,,,
0.0,0.0,0.2837454080581665,,,
1.0,1.0,0.592579185962677,,,
1.0,1.0,0.5581749677658081,,,
1.0,1.0,0.5659146904945374,,,
1.0,0.0,0.31726324558258057,,,
1.0,0.0,0.3720654845237732,,,
0.0,0.0,0.4030017852783203,,,
0.0,0.0,0.37209486961364746,,,
0.0,0.0,0.45436689257621765,,,
1.0,1.0,0.8201643228530884,,,
0.0,0.0,0.29904359579086304,,,
1.0,1.0,0.715678334236145,,,
1.0,1.0,0.5438679456710815,,,
0.0,0.0,0.3119269907474518,,,
1.0,1.0,0.7444170713424683,,,
1.0,1.0,0.7109708786010742,,,
0.0,1.0,0.6550104022026062,,,
0.0,0.0,0.4510006308555603,,,
1.0,1.0,0.6914436221122742,,,
0.0,1.0,0.5353378653526306,,,
0.0,0.0,0.32289355993270874,,,
1.0,1.0,0.8534354567527771,,,
1.0,1.0,0.8912491202354431,,,
1.0,1.0,0.8597406148910522,,,
1.0,1.0,0.8299593329429626,,,
0.0,0.0,0.18906308710575104,,,
1.0,0.0,0.4480917453765869,,,
1.0,1.0,0.5686352849006653,,,
1.0,0.0,0.43039363622665405,,,
1.0,1.0,0.5134086012840271,,,
0.0,0.0,0.41365817189216614,,,
0.0,0.0,0.43688181042671204,,,
0.0,1.0,0.6042170524597168,,,
1.0,0.0,0.4736800789833069,,,
0.0,0.0,0.35960835218429565,,,
0.0,0.0,0.2583450973033905,,,
0.0,0.0,0.23881788551807404,,,
1.0,1.0,0.7829132676124573,,,
1.0,1.0,0.7715132236480713,,,
1.0,1.0,0.678615927696228,,,
1.0,0.0,0.4902491569519043,,,
0.0,0.0,0.23977267742156982,,,
1.0,0.0,0.29649966955184937,,,
0.0,0.0,0.32194167375564575,,,
1.0,0.0,0.3073984682559967,,,
1.0,1.0,0.7293797135353088,,,
1.0,1.0,0.8116805553436279,,,
1.0,1.0,0.692404568195343,,,
1.0,1.0,0.5700855851173401,,,
0.0,1.0,0.6721127033233643,,,
0.0,0.0,0.35368502140045166,,,
0.0,0.0,0.3079250454902649,,,
1.0,0.0,0.4150298833847046,,,
1.0,1.0,0.8237178921699524,,,
1.0,0.0,0.42432349920272827,,,
1.0,1.0,0.8996796011924744,,,
1.0,0.0,0.4541919231414795,,,
1.0,1.0,0.676804780960083,,,
0.0,0.0,0.24555999040603638,,,
0.0,0.0,0.19127720594406128,,,
0.0,0.0,0.34480270743370056,,,
0.0,0.0,0.31436729431152344,,,
0.0,0.0,0.4791083335876465,,,
1.0,1.0,0.5227081179618835,,,
1.0,1.0,0.6901545524597168,,,
0.0,0.0,0.2987689971923828,,,
1.0,1.0,0.5460793375968933,,,
1.0,1.0,0.7126227021217346,,,
0.0,0.0,0.4024670124053955,,,
1.0,0.0,0.48189496994018555,,,
1.0,1.0,0.5031414031982422,,,
0.0,0.0,0.3431253135204315,,,
0.0,0.0,0.45125430822372437,,,
0.0,0.0,0.25248146057128906,,,
0.0,0.0,0.3426954746246338,,,
1.0,1.0,0.7218793630599976,,,
0.0,0.0,0.16288384795188904,,,
1.0,0.0,0.26992887258529663,,,
0.0,0.0,0.34336891770362854,,,
1.0,1.0,0.7756263613700867,,,
1.0,0.0,0.23881538212299347,,,
1.0,1.0,0.5252646803855896,,,
1.0,1.0,0.7729175090789795,,,
1.0,1.0,0.6416469812393188,,,
0.0,0.0,0.3305911719799042,,,
1.0,0.0,0.33821916580200195,,,
1.0,1.0,0.683078408241272,,,
1.0,1.0,0.6035090684890747,,,
0.0,0.0,0.3538600504398346,,,
0.0,0.0,0.44484350085258484,,,
1.0,1.0,0.7007754445075989,,,
0.0,0.0,0.38142573833465576,,,
1.0,1.0,0.6028862595558167,,,
0.0,0.0,0.37650781869888306,,,
1.0,1.0,0.855030357837677,,,
1.0,1.0,0.5934240818023682,,,
0.0,0.0,0.3722844123840332,,,
1.0,0.0,0.45644497871398926,,,
0.0,0.0,0.4094860255718231,,,
1.0,1.0,0.5449607968330383,,,
1.0,1.0,0.841708242893219,,,
1.0,1.0,0.5985895991325378,,,
1.0,1.0,0.7860217690467834,,,
0.0,0.0,0.2047797590494156,,,
1.0,1.0,0.7677389979362488,,,
0.0,0.0,0.12915204465389252,,,
0.0,0.0,0.2946680784225464,,,
0.0,0.0,0.30374380946159363,,,
0.0,0.0,0.2998901605606079,,,
1.0,1.0,0.5645225644111633,,,
1.0,1.0,0.7336130142211914,,,
1.0,1.0,0.7445324063301086,,,
0.0,0.0,0.349312961101532,,,
0.0,0.0,0.24133329093456268,,,
1.0,0.0,0.35001933574676514,,,
0.0,0.0,0.4499523937702179,,,
0.0,0.0,0.2793925404548645,,,
1.0,0.0,0.3974379301071167,,,
0.0,0.0,0.3612319529056549,,,
0.0,0.0,0.3088742792606354,,,
1.0,0.0,0.49298909306526184,,,
0.0,0.0,0.3129236102104187,,,
1.0,1.0,0.8539325594902039,,,
0.0,0.0,0.3437119126319885,,,
0.0,0.0,0.4941268563270569,,,
0.0,0.0,0.3255137503147125,,,
0.0,0.0,0.22447775304317474,,,
1.0,1.0,0.8834292888641357,,,
1.0,1.0,0.8652189373970032,,,
0.0,0.0,0.27800747752189636,,,
0.0,0.0,0.46335628628730774,,,
1.0,1.0,0.6863979697227478,,,
1.0,0.0,0.4086051285266876,,,
1.0,1.0,0.7113561034202576,,,
0.0,0.0,0.47572433948516846,,,
1.0,1.0,0.536014974117279,,,
0.0,0.0,0.27522215247154236,,,
1.0,1.0,0.6053968667984009,,,
0.0,0.0,0.41948139667510986,,,
1.0,1.0,0.813023567199707,,,
1.0,1.0,0.6672685742378235,,,
1.0,1.0,0.5756314396858215,,,
1.0,1.0,0.9104724526405334,,,
1.0,0.0,0.3843606412410736,,,
0.0,0.0,0.4715166687965393,,,
0.0,0.0,0.43764883279800415,,,
1.0,1.0,0.5154632925987244,,,
1.0,1.0,0.6218334436416626,,,
0.0,0.0,0.3104248046875,,,
1.0,0.0,0.2966920733451843,,,
1.0,1.0,0.8799950480461121,,,
0.0,0.0,0.3205099105834961,,,
0.0,0.0,0.33713996410369873,,,
1.0,1.0,0.5353378653526306,,,
0.0,0.0,0.38477611541748047,,,
0.0,0.0,0.20701029896736145,,,
1.0,1.0,0.647632896900177,,,
1.0,1.0,0.9083154201507568,,,
1.0,0.0,0.38027673959732056,,,
0.0,0.0,0.24105589091777802,,,
1.0,1.0,0.6897383332252502,,,
1.0,1.0,0.5982860326766968,,,
1.0,1.0,0.7450140118598938,,,
0.0,0.0,0.4550933241844177,,,
1.0,1.0,0.5095152854919434,,,
0.0,0.0,0.42161402106285095,,,
1.0,1.0,0.8774623870849609,,,
0.0,0.0,0.22091953456401825,,,
1.0,1.0,0.7694605588912964,,,
0.0,0.0,0.4996390640735626,,,
1.0,0.0,0.4004651606082916,,,
0.0,0.0,0.34544625878334045,,,
0.0,0.0,0.4070679843425751,,,
1.0,0.0,0.46280279755592346,,,
0.0,1.0,0.7257499098777771,,,
1.0,1.0,0.754761278629303,,,
1.0,0.0,0.41811466217041016,,,
1.0,1.0,0.6491813659667969,,,
1.0,0.0,0.4358610212802887,,,
0.0,0.0,0.3816887140274048,,,
1.0,1.0,0.8208335638046265,,,
0.0,0.0,0.32920920848846436,,,
1.0,1.0,0.7074798941612244,,,
0.0,0.0,0.4216497540473938,,,
0.0,0.0,0.3669576644897461,,,
1.0,0.0,0.4533884823322296,,,
1.0,1.0,0.8293317556381226,,,
0.0,0.0,0.3206666111946106,,,
1.0,1.0,0.5143634080886841,,,
1.0,0.0,0.3608156144618988,,,
0.0,0.0,0.3273391127586365,,,
0.0,0.0,0.19287721812725067,,,
1.0,0.0,0.37312036752700806,,,
1.0,1.0,0.6176022887229919,,,
0.0,0.0,0.4123971462249756,,,
1.0,0.0,0.4092886447906494,,,
1.0,0.0,0.41192853450775146,,,
0.0,0.0,0.2911498248577118,,,
1.0,1.0,0.6502092480659485,,,
1.0,1.0,0.8297698497772217,,,
0.0,0.0,0.1322106271982193,,,
1.0,1.0,0.6384779214859009,,,
1.0,0.0,0.35173022747039795,,,
1.0,0.0,0.3781885504722595,,,
0.0,0.0,0.27009692788124084,,,
1.0,1.0,0.7764419317245483,,,
1.0,1.0,0.8401342034339905,,,
1.0,1.0,0.5301425457000732,,,
0.0,0.0,0.1353665143251419,,,
0.0,0.0,0.41680049896240234,,,
1.0,0.0,0.28195834159851074,,,
0.0,0.0,0.3738924264907837,,,
0.0,0.0,0.35977545380592346,,,
0.0,0.0,0.3332712948322296,,,
1.0,0.0,0.4590034782886505,,,
0.0,1.0,0.5353521704673767,,,
0.0,0.0,0.3180072009563446,,,
0.0,0.0,0.47439321875572205,,,
1.0,1.0,0.8184961080551147,,,
1.0,1.0,0.53544020652771,,,
1.0,0.0,0.3488350212574005,,,
1.0,1.0,0.7585195899009705,,,
0.0,0.0,0.24777883291244507,,,
0.0,0.0,0.29268306493759155,,,
0.0,0.0,0.24536028504371643,,,
0.0,1.0,0.5564942955970764,,,
0.0,0.0,0.26693469285964966,,,
0.0,0.0,0.29315677285194397,,,
0.0,1.0,0.5031269192695618,,,
1.0,1.0,0.8712278604507446,,,
0.0,0.0,0.3807011544704437,,,
1.0,1.0,0.8777960538864136,,,
1.0,1.0,0.6870044469833374,,,
1.0,1.0,0.5730373859405518,,,
0.0,1.0,0.5054658055305481,,,
0.0,0.0,0.24854174256324768,,,
1.0,1.0,0.8376861214637756,,,
0.0,1.0,0.5139025449752808,,,
1.0,1.0,0.8635042905807495,,,
0.0,0.0,0.22161681950092316,,,
1.0,1.0,0.7390448451042175,,,
1.0,1.0,0.514862060546875,,,
0.0,0.0,0.2450265735387802,,,
1.0,0.0,0.45917099714279175,,,
1.0,0.0,0.4052829444408417,,,
0.0,1.0,0.5256062746047974,,,
0.0,0.0,0.35967394709587097,,,
0.0,0.0,0.1491110920906067,,,
1.0,0.0,0.4029163122177124,,,
0.0,0.0,0.23016826808452606,,,
0.0,0.0,0.31318771839141846,,,
0.0,0.0,0.38150498270988464,,,
0.0,0.0,0.4211191236972809,,,
0.0,0.0,0.2736153304576874,,,
1.0,1.0,0.6959805488586426,,,
1.0,0.0,0.4940425455570221,,,
0.0,0.0,0.356475293636322,,,
0.0,0.0,0.31313037872314453,,,
1.0,0.0,0.40448257327079773,,,
0.0,0.0,0.3239755630493164,,,
0.0,0.0,0.35096490383148193,,,
0.0,0.0,0.3568580746650696,,,
0.0,0.0,0.12915204465389252,,,
1.0,1.0,0.7468326687812805,,,
1.0,0.0,0.4881587624549866,,,
0.0,0.0,0.3335093855857849,,,
0.0,0.0,0.41442596912384033,,,
1.0,1.0,0.8732602596282959,,,
1.0,0.0,0.44708043336868286,,,
0.0,0.0,0.38008663058280945,,,
0.0,0.0,0.4463801980018616,,,
1.0,1.0,0.543689489364624,,,
0.0,1.0,0.5379363298416138,,,
0.0,0.0,0.3890620172023773,,,
0.0,0.0,0.4050390422344208,,,
1.0,1.0,0.6393136978149414,,,
1.0,1.0,0.7223222255706787,,,
1.0,1.0,0.5238009095191956,,,
1.0,0.0,0.47417494654655457,,,
1.0,0.0,0.4096858501434326,,,
1.0,0.0,0.4396311044692993,,,
0.0,0.0,0.3068683445453644,,,
0.0,0.0,0.40443751215934753,,,
0.0,0.0,0.49678510427474976,,,
1.0,1.0,0.5721136331558228,,,
0.0,0.0,0.33983540534973145,,,
0.0,0.0,0.32834896445274353,,,
0.0,0.0,0.28416186571121216,,,
0.0,0.0,0.3794752061367035,,,
1.0,1.0,0.503582239151001,,,
1.0,1.0,0.829301118850708,,,
0.0,0.0,0.2202674001455307,,,
1.0,1.0,0.8376436829566956,,,
0.0,0.0,0.36236512660980225,,,
0.0,0.0,0.38920244574546814,,,
1.0,1.0,0.7777809500694275,,,
1.0,0.0,0.2651076316833496,,,
0.0,0.0,0.31726324558258057,,,
1.0,0.0,0.4096282422542572,,,
0.0,1.0,0.5534824728965759,,,
0.0,0.0,0.33075523376464844,,,
1.0,0.0,0.42494961619377136,,,
0.0,0.0,0.4925469160079956,,,
0.0,0.0,0.28956592082977295,,,
0.0,0.0,0.28427639603614807,,,
1.0,1.0,0.6680961847305298,,,
0.0,0.0,0.44215458631515503,,,
0.0,1.0,0.7138901948928833,,,
0.0,0.0,0.29594147205352783,,,
0.0,0.0,0.2886377274990082,,,
1.0,1.0,0.7331560254096985,,,
0.0,0.0,0.3045797049999237,,,
0.0,0.0,0.3057878911495209,,,
0.0,0.0,0.3701711893081665,,,
1.0,1.0,0.742872416973114,,,
0.0,0.0,0.27835071086883545,,,
0.0,0.0,0.38361531496047974,,,
0.0,0.0,0.4773044288158417,,,
1.0,1.0,0.7548435926437378,,,
0.0,0.0,0.3465547561645508,,,
1.0,1.0,0.7334743142127991,,,
1.0,0.0,0.44991597533226013,,,
0.0,0.0,0.41195836663246155,,,
0.0,0.0,0.3066112697124481,,,
0.0,0.0,0.3493165671825409,,,
0.0,0.0,0.2891942262649536,,,
1.0,1.0,0.6467795968055725,,,
0.0,0.0,0.3020499646663666,,,
0.0,0.0,0.4241864085197449,,,
0.0,1.0,0.5801124572753906,,,
1.0,0.0,0.384951651096344,,,
1.0,1.0,0.796981930732727,,,
0.0,1.0,0.731927752494812,,,
1.0,1.0,0.5410897135734558,,,
1.0,1.0,0.5084046125411987,,,
1.0,1.0,0.608652651309967,,,
0.0,0.0,0.4521505534648895,,,
0.0,1.0,0.5524182319641113,,,
0.0,1.0,0.5600164532661438,,,
0.0,0.0,0.3145020306110382,,,
0.0,0.0,0.3084948658943176,,,
1.0,1.0,0.7231900095939636,,,
0.0,0.0,0.3344459533691406,,,
0.0,0.0,0.33680459856987,,,
0.0,0.0,0.3533814251422882,,,
1.0,1.0,0.7296638488769531,,,
1.0,1.0,0.8428237438201904,,,
1.0,1.0,0.7335601449012756,,,
1.0,1.0,0.7010518908500671,,,
1.0,0.0,0.29993724822998047,,,
0.0,1.0,0.6021679639816284,,,
1.0,1.0,0.5225631594657898,,,
1.0,1.0,0.6671931147575378,,,
0.0,1.0,0.5840481519699097,,,
0.0,0.0,0.23710055649280548,,,
0.0,0.0,0.34133267402648926,,,
0.0,0.0,0.4802161753177643,,,
0.0,0.0,0.26167115569114685,,,
0.0,0.0,0.46414029598236084,,,
0.0,0.0,0.28631359338760376,,,
0.0,0.0,0.33082902431488037,,,
1.0,1.0,0.8348913788795471,,,
0.0,1.0,0.5860912203788757,,,
1.0,1.0,0.6536281704902649,,,
1.0,1.0,0.5159711837768555,,,
0.0,0.0,0.3648656904697418,,,
0.0,0.0,0.333476185798645,,,
1.0,1.0,0.6092212200164795,,,
0.0,0.0,0.3300183415412903,,,
0.0,0.0,0.25568288564682007,,,
0.0,0.0,0.489607572555542,,,
0.0,0.0,0.29992392659187317,,,
0.0,0.0,0.45483162999153137,,,
0.0,0.0,0.32496878504753113,,,
1.0,1.0,0.7630361914634705,,,
0.0,0.0,0.44543007016181946,,,
1.0,0.0,0.46513357758522034,,,
1.0,0.0,0.4900951087474823,,,
0.0,0.0,0.22331109642982483,,,
0.0,0.0,0.18468859791755676,,,
0.0,1.0,0.5674601197242737,,,
1.0,0.0,0.4259563386440277,,,
0.0,0.0,0.2262841761112213,,,
1.0,1.0,0.8545532822608948,,,
1.0,1.0,0.6123490929603577,,,
1.0,0.0,0.4833402633666992,,,
1.0,0.0,0.4827573001384735,,,
0.0,0.0,0.49818792939186096,,,
0.0,0.0,0.22396419942378998,,,
1.0,1.0,0.6737136244773865,,,
1.0,1.0,0.8729121685028076,,,
0.0,0.0,0.39177823066711426,,,
1.0,0.0,0.4774779677391052,,,
1.0,1.0,0.5827196836471558,,,
1.0,1.0,0.6017284393310547,,,
0.0,0.0,0.2968469262123108,,,
0.0,0.0,0.4164239168167114,,,
0.0,0.0,0.3321094214916229,,,
1.0,1.0,0.7918208837509155,,,
0.0,0.0,0.19548529386520386,,,
0.0,0.0,0.38272038102149963,,,
1.0,1.0,0.6889777183532715,,,
1.0,0.0,0.45590826869010925,,,
0.0,0.0,0.32795941829681396,,,
1.0,1.0,0.8258553147315979,,,
1.0,1.0,0.8531892895698547,,,
1.0,1.0,0.7487736940383911,,,
0.0,0.0,0.3607991933822632,,,
0.0,0.0,0.30770573019981384,,,
0.0,0.0,0.44446131587028503,,,
0.0,0.0,0.2617395520210266,,,
0.0,0.0,0.11862964928150177,,,
1.0,0.0,0.4675352871417999,,,
1.0,1.0,0.7240948677062988,,,
0.0,1.0,0.5615310668945312,,,
0.0,0.0,0.1905989795923233,,,
0.0,0.0,0.22407422959804535,,,
1.0,1.0,0.8545532822608948,,,
0.0,0.0,0.27513375878334045,,,
1.0,1.0,0.550510823726654,,,
1.0,1.0,0.8043506741523743,,,
1.0,0.0,0.3535648584365845,,,
0.0,1.0,0.6657378077507019,,,
0.0,0.0,0.2996232509613037,,,
0.0,0.0,0.19492027163505554,,,
1.0,1.0,0.7562082409858704,,,
1.0,0.0,0.4075482189655304,,,
1.0,1.0,0.8821094632148743,,,
1.0,1.0,0.5109928250312805,,,
0.0,1.0,0.513404905796051,,,
0.0,0.0,0.38008663058280945,,,
0.0,0.0,0.26875126361846924,,,
0.0,0.0,0.26116064190864563,,,
0.0,0.0,0.36572232842445374,,,
1.0,0.0,0.43913158774375916,,,
1.0,1.0,0.6458951234817505,,,
0.0,1.0,0.7346859574317932,,,
0.0,0.0,0.22631390392780304,,,
1.0,1.0,0.7350453734397888,,,
1.0,1.0,0.7337455749511719,,,
1.0,1.0,0.6653711795806885,,,
0.0,1.0,0.640944242477417,,,
0.0,0.0,0.4064069986343384,,,
0.0,0.0,0.4071890413761139,,,
1.0,1.0,0.7409427762031555,,,
0.0,0.0,0.4017491638660431,,,
0.0,0.0,0.39876192808151245,,,
0.0,0.0,0.47244325280189514,,,
1.0,1.0,0.9044039249420166,,,
1.0,1.0,0.8853676319122314,,,
1.0,1.0,0.5877381563186646,,,
0.0,0.0,0.3841223120689392,,,
1.0,0.0,0.4237053394317627,,,
0.0,1.0,0.5850089192390442,,,
0.0,0.0,0.25586241483688354,,,
1.0,0.0,0.41021764278411865,,,
1.0,1.0,0.6992321014404297,,,
1.0,0.0,0.35253196954727173,,,
0.0,0.0,0.41727933287620544,,,
1.0,1.0,0.8181872367858887,,,
0.0,0.0,0.2759641408920288,,,
1.0,0.0,0.42230647802352905,,,
0.0,0.0,0.3067415654659271,,,
0.0,0.0,0.3254416882991791,,,
0.0,0.0,0.3359311521053314,,,
0.0,0.0,0.2258288860321045,,,
0.0,0.0,0.4003133475780487,,,
1.0,0.0,0.4600711166858673,,,
1.0,0.0,0.37697920203208923,,,
1.0,1.0,0.8251757621765137,,,
0.0,0.0,0.4149949848651886,,,
0.0,0.0,0.3933025300502777,,,
0.0,1.0,0.5933552384376526,,,
1.0,0.0,0.2767350673675537,,,
0.0,0.0,0.30140209197998047,,,
1.0,1.0,0.8126236796379089,,,
1.0,0.0,0.2813725471496582,,,
0.0,1.0,0.5898675322532654,,,
0.0,0.0,0.17694135010242462,,,
0.0,0.0,0.41655683517456055,,,
0.0,0.0,0.4233298599720001,,,
1.0,1.0,0.5786257982254028,,,
0.0,0.0,0.38475561141967773,,,
0.0,0.0,0.3044303357601166,,,
0.0,0.0,0.32577964663505554,,,
0.0,0.0,0.3222004771232605,,,
0.0,1.0,0.6940435767173767,,,
1.0,0.0,0.32518115639686584,,,
0.0,0.0,0.3017043173313141,,,
1.0,1.0,0.6280706524848938,,,
0.0,0.0,0.37841594219207764,,,
0.0,0.0,0.3124177157878876,,,
1.0,1.0,0.6285032033920288,,,
1.0,1.0,0.82048499584198,,,
0.0,0.0,0.4234893023967743,,,
0.0,0.0,0.4420943260192871,,,
0.0,0.0,0.3542150855064392,,,
0.0,0.0,0.34811848402023315,,,
0.0,0.0,0.47587141394615173,,,
1.0,1.0,0.5478200316429138,,,
1.0,1.0,0.6600208878517151,,,
0.0,0.0,0.3979678452014923,,,
1.0,1.0,0.7104401588439941,,,
0.0,0.0,0.29702532291412354,,,
0.0,0.0,0.30112946033477783,,,
0.0,0.0,0.44758597016334534,,,
1.0,0.0,0.4224241077899933,,,
0.0,0.0,0.34726428985595703,,,
0.0,0.0,0.4967332184314728,,,
1.0,1.0,0.5672709941864014,,,
1.0,1.0,0.5092692971229553,,,
1.0,1.0,0.9210434556007385,,,
0.0,0.0,0.3676791787147522,,,
0.0,0.0,0.27579787373542786,,,
0.0,0.0,0.49193400144577026,,,
0.0,0.0,0.47752052545547485,,,
0.0,0.0,0.3530804216861725,,,
0.0,0.0,0.29109856486320496,,,
1.0,1.0,0.8540981411933899,,,
0.0,1.0,0.5580415725708008,,,
1.0,1.0,0.683078408241272,,,
1.0,0.0,0.42770302295684814,,,
1.0,0.0,0.3760990798473358,,,
1.0,1.0,0.5060721635818481,,,
0.0,0.0,0.2580462098121643,,,
0.0,0.0,0.3742726147174835,,,
0.0,0.0,0.3241316080093384,,,
0.0,0.0,0.24364341795444489,,,
0.0,0.0,0.46682119369506836,,,
1.0,1.0,0.7622208595275879,,,
1.0,0.0,0.4011380970478058,,,
1.0,0.0,0.3924231231212616,,,
0.0,0.0,0.17980360984802246,,,
0.0,0.0,0.3528904914855957,,,
1.0,1.0,0.7560328841209412,,,
1.0,1.0,0.6336968541145325,,,
1.0,1.0,0.8501497507095337,,,
0.0,0.0,0.49968788027763367,,,
1.0,1.0,0.8159432411193848,,,
0.0,1.0,0.6996921300888062,,,
1.0,0.0,0.4334246516227722,,,
0.0,0.0,0.180627703666687,,,
1.0,1.0,0.6912456750869751,,,
0.0,0.0,0.23403431475162506,,,
1.0,0.0,0.39088669419288635,,,
0.0,0.0,0.31188714504241943,,,
1.0,1.0,0.5490620136260986,,,
1.0,0.0,0.41491422057151794,,,
0.0,0.0,0.2725820541381836,,,
1.0,0.0,0.49936607480049133,,,
0.0,0.0,0.3513543903827667,,,
1.0,1.0,0.704684317111969,,,
0.0,0.0,0.36889347434043884,,,
0.0,0.0,0.2617863416671753,,,
1.0,1.0,0.5098599791526794,,,
1.0,0.0,0.3393654525279999,,,
1.0,1.0,0.7214990258216858,,,
0.0,0.0,0.21028313040733337,,,
1.0,0.0,0.40998080372810364,,,
0.0,0.0,0.180627703666687,,,
0.0,1.0,0.5141335129737854,,,
0.0,0.0,0.3722844123840332,,,
1.0,1.0,0.6972498297691345,,,
0.0,0.0,0.28084084391593933,,,
1.0,0.0,0.4164413511753082,,,
0.0,0.0,0.4562402367591858,,,
0.0,0.0,0.12915204465389252,,,
1.0,1.0,0.8114331960678101,,,
0.0,0.0,0.32530760765075684,,,
0.0,0.0,0.46398892998695374,,,
1.0,1.0,0.5300758481025696,,,
0.0,0.0,0.3677697777748108,,,
1.0,1.0,0.8126295804977417,,,
0.0,0.0,0.3215733468532562,,,
1.0,1.0,0.6800609230995178,,,
0.0,1.0,0.610085129737854,,,
0.0,0.0,0.3436357080936432,,,
1.0,1.0,0.5180593132972717,,,
0.0,0.0,0.39245882630348206,,,
0.0,0.0,0.27131012082099915,,,
0.0,0.0,0.323996901512146,,,
1.0,0.0,0.41470324993133545,,,
1.0,1.0,0.8966612219810486,,,
1.0,0.0,0.2793925404548645,,,
0.0,0.0,0.4158884584903717,,,
1.0,1.0,0.8857840299606323,,,
0.0,0.0,0.24982012808322906,,,
0.0,1.0,0.542044997215271,,,
0.0,1.0,0.683078408241272,,,
0.0,0.0,0.41060870885849,,,
0.0,0.0,0.33973458409309387,,,
1.0,0.0,0.49266257882118225,,,
1.0,1.0,0.7532178163528442,,,
0.0,0.0,0.335506796836853,,,
0.0,0.0,0.39834216237068176,,,
0.0,0.0,0.3795267939567566,,,
1.0,1.0,0.8554797172546387,,,
1.0,1.0,0.6876160502433777,,,
0.0,1.0,0.5647487640380859,,,
1.0,1.0,0.7536197304725647,,,
1.0,1.0,0.8216848969459534,,,
0.0,0.0,0.3605530858039856,,,
0.0,1.0,0.5818336606025696,,,
1.0,0.0,0.471253901720047,,,
0.0,0.0,0.3876621723175049,,,
0.0,0.0,0.2809021472930908,,,
1.0,1.0,0.5546587109565735,,,
1.0,0.0,0.3800661861896515,,,
1.0,1.0,0.6881377100944519,,,
1.0,0.0,0.43623587489128113,,,
1.0,0.0,0.29744648933410645,,,
1.0,1.0,0.5451342463493347,,,
1.0,0.0,0.46218374371528625,,,
1.0,0.0,0.31994763016700745,,,
0.0,0.0,0.2302522212266922,,,
1.0,1.0,0.7272525429725647,,,
0.0,0.0,0.3230925500392914,,,
1.0,0.0,0.4246402978897095,,,
0.0,0.0,0.42725130915641785,,,
0.0,0.0,0.23249107599258423,,,
0.0,1.0,0.5853443145751953,,,
1.0,0.0,0.43882468342781067,,,
1.0,1.0,0.5620112419128418,,,
0.0,0.0,0.4540770649909973,,,
0.0,1.0,0.5116766691207886,,,
1.0,0.0,0.4514278769493103,,,
0.0,0.0,0.2520747780799866,,,
1.0,0.0,0.48280537128448486,,,
0.0,0.0,0.4055290222167969,,,
0.0,0.0,0.3223799169063568,,,
0.0,1.0,0.5181915163993835,,,
0.0,0.0,0.1675509512424469,,,
0.0,0.0,0.3410288691520691,,,
0.0,0.0,0.480746865272522,,,
1.0,1.0,0.5573762059211731,,,
1.0,1.0,0.7988823056221008,,,
0.0,0.0,0.21152262389659882,,,
1.0,0.0,0.393494188785553,,,
1.0,0.0,0.3608551621437073,,,
0.0,0.0,0.31153151392936707,,,
0.0,0.0,0.3414324223995209,,,
1.0,0.0,0.31624656915664673,,,
1.0,0.0,0.48352953791618347,,,
0.0,0.0,0.24896928668022156,,,
1.0,0.0,0.3896545469760895,,,
0.0,1.0,0.6811347007751465,,,
1.0,0.0,0.44195669889450073,,,
0.0,0.0,0.421039879322052,,,
1.0,0.0,0.34740036725997925,,,
1.0,1.0,0.5673538446426392,,,
0.0,1.0,0.5167351365089417,,,
0.0,0.0,0.40284037590026855,,,
1.0,1.0,0.806355893611908,,,
1.0,1.0,0.8019652366638184,,,
0.0,0.0,0.18368981778621674,,,
1.0,1.0,0.8921536803245544,,,
1.0,1.0,0.7689785361289978,,,
1.0,1.0,0.7321888208389282,,,
1.0,1.0,0.6580833196640015,,,
1.0,1.0,0.7006171941757202,,,
0.0,0.0,0.30877113342285156,,,
0.0,0.0,0.4276029169559479,,,
1.0,0.0,0.30426111817359924,,,
0.0,0.0,0.2501230835914612,,,
0.0,0.0,0.4822452664375305,,,
1.0,1.0,0.906644344329834,,,
0.0,0.0,0.24456354975700378,,,
1.0,1.0,0.6076107621192932,,,
0.0,0.0,0.2344338595867157,,,
0.0,0.0,0.4779650568962097,,,
0.0,0.0,0.33022043108940125,,,
1.0,1.0,0.6309765577316284,,,
0.0,0.0,0.1887235939502716,,,
1.0,1.0,0.5020363330841064,,,
1.0,1.0,0.505394458770752,,,
0.0,0.0,0.36850112676620483,,,
1.0,1.0,0.6467457413673401,,,
1.0,1.0,0.5896872878074646,,,
0.0,0.0,0.4173763692378998,,,
1.0,1.0,0.579174816608429,,,
1.0,0.0,0.4782688617706299,,,
0.0,0.0,0.38305723667144775,,,
1.0,1.0,0.7266982197761536,,,
0.0,1.0,0.5009896755218506,,,
1.0,1.0,0.6558299660682678,,,
0.0,0.0,0.3374646008014679,,,
0.0,0.0,0.4133118987083435,,,
1.0,1.0,0.6137207746505737,,,
1.0,1.0,0.827680766582489,,,
1.0,1.0,0.9249593615531921,,,
1.0,1.0,0.6605696082115173,,,
1.0,1.0,0.5481041669845581,,,
1.0,0.0,0.36176374554634094,,,
0.0,0.0,0.27019843459129333,,,
0.0,0.0,0.3607991933822632,,,
0.0,0.0,0.4524634778499603,,,
0.0,0.0,0.22091953456401825,,,
0.0,0.0,0.37626269459724426,,,
1.0,1.0,0.6135247349739075,,,
0.0,0.0,0.27911636233329773,,,
0.0,0.0,0.30852144956588745,,,
0.0,0.0,0.4258716106414795,,,
1.0,1.0,0.6637451648712158,,,
1.0,1.0,0.7358936667442322,,,
1.0,1.0,0.7953773736953735,,,
1.0,1.0,0.8287730813026428,,,
0.0,0.0,0.3675772547721863,,,
1.0,0.0,0.4726288318634033,,,
0.0,0.0,0.3110584616661072,,,
0.0,1.0,0.5296880602836609,,,
1.0,1.0,0.5951658487319946,,,
0.0,0.0,0.34412074089050293,,,
1.0,0.0,0.43114370107650757,,,
1.0,0.0,0.49202194809913635,,,
0.0,0.0,0.3240736424922943,,,
1.0,1.0,0.5803282856941223,,,
1.0,1.0,0.5887512564659119,,,
1.0,0.0,0.4837912917137146,,,
1.0,1.0,0.8455848693847656,,,
0.0,0.0,0.26686960458755493,,,
0.0,0.0,0.22123350203037262,,,
0.0,0.0,0.2142983376979828,,,
0.0,1.0,0.6205298900604248,,,
0.0,0.0,0.2883950471878052,,,
1.0,1.0,0.799791157245636,,,
0.0,0.0,0.3571403920650482,,,
1.0,1.0,0.6812040209770203,,,
1.0,1.0,0.6041359901428223,,,
1.0,1.0,0.6893728971481323,,,
1.0,1.0,0.667843222618103,,,
0.0,0.0,0.27015116810798645,,,
1.0,0.0,0.38013535737991333,,,
0.0,0.0,0.4040730893611908,,,
0.0,0.0,0.29960349202156067,,,
0.0,0.0,0.4085201025009155,,,
0.0,0.0,0.41033098101615906,,,
0.0,0.0,0.30340155959129333,,,
1.0,0.0,0.3198370039463043,,,
1.0,1.0,0.7360785007476807,,,
0.0,0.0,0.20303332805633545,,,
1.0,1.0,0.8810122013092041,,,
0.0,0.0,0.33075523376464844,,,
1.0,0.0,0.3593338131904602,,,
1.0,1.0,0.5754415392875671,,,
0.0,0.0,0.47521793842315674,,,
0.0,0.0,0.39399510622024536,,,
1.0,1.0,0.7029449343681335,,,
1.0,1.0,0.6049508452415466,,,
0.0,1.0,0.5420123338699341,,,
1.0,1.0,0.5568752884864807,,,
0.0,0.0,0.28864723443984985,,,
0.0,0.0,0.2987046241760254,,,
0.0,1.0,0.523496150970459,,,
0.0,0.0,0.38009870052337646,,,
1.0,1.0,0.8628304600715637,,,
0.0,0.0,0.34036409854888916,,,
1.0,1.0,0.8353903293609619,,,
1.0,1.0,0.8106709122657776,,,
0.0,0.0,0.4241567850112915,,,
0.0,0.0,0.20233382284641266,,,
0.0,0.0,0.2013726532459259,,,
0.0,0.0,0.21112008392810822,,,
0.0,0.0,0.21460124850273132,,,
0.0,0.0,0.3871583640575409,,,
0.0,0.0,0.297985702753067,,,
1.0,1.0,0.7875991463661194,,,
0.0,0.0,0.36776286363601685,,,
1.0,0.0,0.3307921588420868,,,
1.0,1.0,0.6906511187553406,,,
0.0,0.0,0.42395487427711487,,,
0.0,0.0,0.16776864230632782,,,
0.0,0.0,0.3636119067668915,,,
0.0,0.0,0.4288327395915985,,,
1.0,0.0,0.38105931878089905,,,
1.0,1.0,0.667533278465271,,,
1.0,1.0,0.8975025415420532,,,
0.0,0.0,0.3577626347541809,,,
0.0,1.0,0.5127723217010498,,,
0.0,0.0,0.35714125633239746,,,
1.0,1.0,0.7707751393318176,,,
1.0,1.0,0.8111060261726379,,,
0.0,0.0,0.4452257454395294,,,
1.0,1.0,0.6427319049835205,,,
1.0,1.0,0.8572127223014832,,,
1.0,1.0,0.9123251438140869,,,
0.0,0.0,0.3293274939060211,,,
1.0,0.0,0.26882439851760864,,,
0.0,0.0,0.35793980956077576,,,
0.0,0.0,0.2672509253025055,,,
0.0,0.0,0.45310282707214355,,,
1.0,1.0,0.5900462865829468,,,
0.0,1.0,0.6977542638778687,,,
1.0,1.0,0.6545480489730835,,,
0.0,0.0,0.3462195098400116,,,
0.0,0.0,0.40703049302101135,,,
0.0,1.0,0.5986355543136597,,,
1.0,1.0,0.5619692802429199,,,
1.0,1.0,0.5475065112113953,,,
1.0,1.0,0.868804395198822,,,
1.0,0.0,0.4401877224445343,,,
1.0,0.0,0.357655793428421,,,
1.0,1.0,0.8508479595184326,,,
0.0,0.0,0.3347739577293396,,,
1.0,1.0,0.6321442127227783,,,
1.0,0.0,0.36819061636924744,,,
0.0,0.0,0.27595147490501404,,,
1.0,1.0,0.9291691780090332,,,
1.0,1.0,0.5883747935295105,,,
1.0,1.0,0.726474940776825,,,
1.0,0.0,0.3928396999835968,,,
0.0,0.0,0.30770573019981384,,,
0.0,0.0,0.4292159080505371,,,
0.0,0.0,0.3775830566883087,,,
0.0,1.0,0.5377504229545593,,,
1.0,0.0,0.49216166138648987,,,
0.0,0.0,0.3752959966659546,,,
1.0,1.0,0.6214853525161743,,,
0.0,0.0,0.32609066367149353,,,
1.0,1.0,0.5192911624908447,,,
0.0,1.0,0.5263352394104004,,,
0.0,0.0,0.22523698210716248,,,
1.0,1.0,0.7407088279724121,,,
0.0,0.0,0.3222511112689972,,,
1.0,1.0,0.6638621091842651,,,
1.0,0.0,0.3990841805934906,,,
0.0,0.0,0.1989138275384903,,,
1.0,1.0,0.6280397772789001,,,
0.0,0.0,0.3205549418926239,,,
0.0,0.0,0.3072352409362793,,,
1.0,0.0,0.41562873125076294,,,
0.0,0.0,0.4576583802700043,,,
1.0,0.0,0.47239527106285095,,,
1.0,1.0,0.8751454949378967,,,
0.0,0.0,0.3396178185939789,,,
0.0,0.0,0.2818538546562195,,,
1.0,1.0,0.644483208656311,,,
1.0,1.0,0.5058945417404175,,,
0.0,0.0,0.4123694896697998,,,
0.0,0.0,0.37787124514579773,,,
0.0,0.0,0.3529566526412964,,,
0.0,0.0,0.4835245907306671,,,
0.0,0.0,0.30909645557403564,,,
0.0,0.0,0.4303448796272278,,,
0.0,0.0,0.4493129551410675,,,
0.0,0.0,0.288120836019516,,,
1.0,1.0,0.6076841354370117,,,
0.0,0.0,0.48224490880966187,,,
0.0,0.0,0.19929219782352448,,,
0.0,0.0,0.4224241077899933,,,
1.0,0.0,0.43634268641471863,,,
1.0,1.0,0.7547656893730164,,,
1.0,1.0,0.7699739336967468,,,
0.0,0.0,0.45837193727493286,,,
0.0,0.0,0.39233583211898804,,,
1.0,1.0,0.8329975008964539,,,
1.0,1.0,0.5363884568214417,,,
0.0,0.0,0.1330576092004776,,,
0.0,0.0,0.3035321533679962,,,
0.0,0.0,0.3159753680229187,,,
0.0,0.0,0.3961263597011566,,,
1.0,1.0,0.8188817501068115,,,
1.0,0.0,0.4837450683116913,,,
1.0,1.0,0.5554264783859253,,,
0.0,0.0,0.31186366081237793,,,
1.0,1.0,0.5436927080154419,,,
0.0,0.0,0.3126797080039978,,,
1.0,1.0,0.6606257557868958,,,
0.0,0.0,0.4036668837070465,,,
0.0,0.0,0.29718926548957825,,,
1.0,1.0,0.8518835306167603,,,
1.0,1.0,0.7346409559249878,,,
0.0,0.0,0.23322845995426178,,,
1.0,1.0,0.6006020903587341,,,
0.0,1.0,0.6776711940765381,,,
1.0,0.0,0.2232162058353424,,,
1.0,0.0,0.4788188934326172,,,
1.0,1.0,0.880191445350647,,,
0.0,0.0,0.1335316300392151,,,
0.0,0.0,0.4435979127883911,,,
0.0,1.0,0.6755775809288025,,,
1.0,0.0,0.38368913531303406,,,
0.0,0.0,0.4452255070209503,,,
1.0,1.0,0.5690829157829285,,,
0.0,0.0,0.2869608402252197,,,
0.0,1.0,0.5062925219535828,,,
0.0,1.0,0.502815306186676,,,
1.0,1.0,0.6784057021141052,,,
0.0,0.0,0.4749488830566406,,,
1.0,1.0,0.6709005236625671,,,
0.0,1.0,0.5896811485290527,,,
1.0,1.0,0.5352596640586853,,,
0.0,1.0,0.6407353281974792,,,
1.0,0.0,0.3607821464538574,,,
1.0,1.0,0.8518083691596985,,,
1.0,0.0,0.451600044965744,,,
1.0,1.0,0.8423888683319092,,,
1.0,1.0,0.8287730813026428,,,
1.0,0.0,0.4828200340270996,,,
0.0,0.0,0.27276504039764404,,,
1.0,0.0,0.47868773341178894,,,
1.0,0.0,0.4049586057662964,,,
1.0,1.0,0.768640398979187,,,
0.0,0.0,0.3928396999835968,,,
0.0,0.0,0.2805900275707245,,,
0.0,1.0,0.6437656879425049,,,
0.0,0.0,0.37300243973731995,,,
1.0,1.0,0.6548475623130798,,,
0.0,1.0,0.5197821855545044,,,
0.0,0.0,0.3623838722705841,,,
0.0,1.0,0.519451379776001,,,
1.0,0.0,0.23847855627536774,,,
0.0,1.0,0.5245547890663147,,,
0.0,0.0,0.34412074089050293,,,
1.0,1.0,0.763113260269165,,,
1.0,1.0,0.6064960956573486,,,
0.0,0.0,0.48894885182380676,,,
0.0,0.0,0.3763280212879181,,,
1.0,0.0,0.4754863381385803,,,
0.0,0.0,0.3449796140193939,,,
0.0,0.0,0.49954670667648315,,,
0.0,0.0,0.3944704532623291,,,
0.0,0.0,0.26247143745422363,,,
0.0,0.0,0.26991114020347595,,,
0.0,0.0,0.40588369965553284,,,
1.0,1.0,0.7883586883544922,,,
0.0,0.0,0.3337762951850891,,,
1.0,1.0,0.7026016116142273,,,
0.0,0.0,0.48123735189437866,,,
1.0,0.0,0.41441383957862854,,,
1.0,1.0,0.7896360158920288,,,
1.0,0.0,0.39655908942222595,,,
0.0,0.0,0.33909016847610474,,,
1.0,1.0,0.6711581349372864,,,
0.0,1.0,0.6966475248336792,,,
0.0,1.0,0.5252893567085266,,,
1.0,1.0,0.8632065653800964,,,
0.0,0.0,0.21750162541866302,,,
1.0,1.0,0.5161295533180237,,,
0.0,0.0,0.31765374541282654,,,
0.0,0.0,0.308366060256958,,,
0.0,0.0,0.34225213527679443,,,
1.0,1.0,0.6161390542984009,,,
1.0,1.0,0.8508174419403076,,,
1.0,0.0,0.3548099398612976,,,
0.0,0.0,0.37712448835372925,,,
1.0,1.0,0.9149281978607178,,,
0.0,0.0,0.4056892991065979,,,
1.0,0.0,0.4959012567996979,,,
1.0,0.0,0.3667510747909546,,,
1.0,1.0,0.5430234670639038,,,
0.0,0.0,0.4745773375034332,,,
1.0,0.0,0.4542352557182312,,,
1.0,1.0,0.5238525867462158,,,
0.0,0.0,0.3331940174102783,,,
1.0,1.0,0.8070238828659058,,,
1.0,0.0,0.3566626310348511,,,
1.0,0.0,0.3629259467124939,,,
0.0,0.0,0.12915204465389252,,,
1.0,1.0,0.9202185273170471,,,
0.0,0.0,0.2013726532459259,,,
0.0,0.0,0.4545583128929138,,,
1.0,0.0,0.4751937687397003,,,
1.0,1.0,0.8857716917991638,,,
1.0,1.0,0.5510257482528687,,,
0.0,0.0,0.35193827748298645,,,
1.0,0.0,0.43304920196533203,,,
0.0,0.0,0.293019562959671,,,
1.0,1.0,0.6949577331542969,,,
1.0,0.0,0.41156885027885437,,,
0.0,0.0,0.38197124004364014,,,
1.0,1.0,0.5930414795875549,,,
1.0,0.0,0.4150298833847046,,,
1.0,0.0,0.29776445031166077,,,
0.0,0.0,0.2936428189277649,,,
1.0,1.0,0.8044376373291016,,,
0.0,0.0,0.3327927589416504,,,
0.0,0.0,0.3661631643772125,,,
1.0,1.0,0.629875123500824,,,
0.0,0.0,0.4199115037918091,,,
0.0,0.0,0.3275738060474396,,,
0.0,0.0,0.34113967418670654,,,
1.0,0.0,0.4672183692455292,,,
0.0,0.0,0.2956780791282654,,,
0.0,0.0,0.36618050932884216,,,
1.0,1.0,0.8632065653800964,,,
0.0,0.0,0.26530101895332336,,,
1.0,1.0,0.5300176739692688,,,
0.0,0.0,0.41485923528671265,,,
1.0,1.0,0.7097734212875366,,,
0.0,0.0,0.3654153048992157,,,
0.0,0.0,0.3759821355342865,,,
1.0,1.0,0.7044302821159363,,,
1.0,1.0,0.7559895515441895,,,
0.0,0.0,0.37097597122192383,,,
0.0,0.0,0.40734344720840454,,,
1.0,1.0,0.6358121633529663,,,
1.0,0.0,0.45844438672065735,,,
0.0,0.0,0.31858885288238525,,,
0.0,0.0,0.3305092453956604,,,
1.0,1.0,0.7842615842819214,,,
1.0,1.0,0.5091114044189453,,,
0.0,0.0,0.31858885288238525,,,
0.0,0.0,0.4054448902606964,,,
0.0,0.0,0.31450966000556946,,,
1.0,1.0,0.5569992661476135,,,
1.0,1.0,0.6959805488586426,,,
0.0,0.0,0.27745118737220764,,,
1.0,1.0,0.6653711795806885,,,
0.0,0.0,0.46495312452316284,,,
0.0,0.0,0.24319182336330414,,,
0.0,0.0,0.23440419137477875,,,
0.0,0.0,0.37911489605903625,,,
0.0,0.0,0.4034658670425415,,,
0.0,1.0,0.5401872396469116,,,
0.0,0.0,0.4641890525817871,,,
0.0,0.0,0.30501851439476013,,,
0.0,0.0,0.2552293837070465,,,
1.0,1.0,0.6302174925804138,,,
0.0,0.0,0.3624785542488098,,,
1.0,1.0,0.8282543420791626,,,
1.0,1.0,0.9009000062942505,,,
0.0,0.0,0.23728227615356445,,,
1.0,0.0,0.4294382929801941,,,
0.0,1.0,0.5504995584487915,,,
0.0,0.0,0.35930970311164856,,,
0.0,0.0,0.4667026102542877,,,
1.0,1.0,0.5861014723777771,,,
1.0,1.0,0.7886679172515869,,,
0.0,0.0,0.12915204465389252,,,
1.0,1.0,0.5981866121292114,,,
0.0,0.0,0.3999217450618744,,,
0.0,0.0,0.3552839457988739,,,
1.0,1.0,0.7171059846878052,,,
1.0,0.0,0.4954372048377991,,,
0.0,0.0,0.3626710772514343,,,
1.0,1.0,0.913151741027832,,,
1.0,0.0,0.4093875586986542,,,
1.0,1.0,0.7678999900817871,,,
0.0,0.0,0.31838345527648926,,,
0.0,0.0,0.32496878504753113,,,
1.0,1.0,0.5803170800209045,,,
0.0,0.0,0.374539315700531,,,
1.0,0.0,0.39221444725990295,,,
1.0,0.0,0.3776112198829651,,,
0.0,0.0,0.42139849066734314,,,
0.0,0.0,0.33328983187675476,,,
1.0,0.0,0.34825795888900757,,,
0.0,0.0,0.335755318403244,,,
0.0,0.0,0.22396419942378998,,,
0.0,1.0,0.5458946824073792,,,
1.0,0.0,0.43298742175102234,,,
1.0,0.0,0.32338747382164,,,
0.0,0.0,0.2836688458919525,,,
0.0,1.0,0.5458315014839172,,,
0.0,0.0,0.12915204465389252,,,
1.0,1.0,0.8096605539321899,,,
0.0,0.0,0.24623332917690277,,,
0.0,0.0,0.29133158922195435,,,
1.0,1.0,0.9138220548629761,,,
0.0,0.0,0.30085867643356323,,,
1.0,1.0,0.806994616985321,,,
1.0,1.0,0.8812075853347778,,,
1.0,0.0,0.324360191822052,,,
0.0,0.0,0.4136436879634857,,,
1.0,0.0,0.3939317464828491,,,
1.0,1.0,0.6543697714805603,,,
1.0,1.0,0.7800508141517639,,,
0.0,0.0,0.3759205937385559,,,
0.0,0.0,0.28317564725875854,,,
1.0,1.0,0.8793484568595886,,,
1.0,0.0,0.3878353536128998,,,
1.0,1.0,0.7412945032119751,,,
1.0,1.0,0.6478922367095947,,,
1.0,0.0,0.40712299942970276,,,
0.0,1.0,0.5883951783180237,,,
0.0,0.0,0.2610997259616852,,,
1.0,1.0,0.880191445350647,,,
1.0,1.0,0.5167743563652039,,,
1.0,1.0,0.7324829697608948,,,
0.0,0.0,0.2963651418685913,,,
0.0,0.0,0.3834229111671448,,,
1.0,0.0,0.4262751042842865,,,
1.0,0.0,0.35044172406196594,,,
1.0,1.0,0.5515648126602173,,,
0.0,0.0,0.3475959897041321,,,
0.0,0.0,0.30704790353775024,,,
0.0,0.0,0.3942137360572815,,,
1.0,1.0,0.8779706358909607,,,
0.0,1.0,0.5309728980064392,,,
0.0,0.0,0.3298228085041046,,,
0.0,0.0,0.29629531502723694,,,
1.0,1.0,0.5768857002258301,,,
1.0,0.0,0.4498522877693176,,,
0.0,0.0,0.261285662651062,,,
1.0,1.0,0.5997415781021118,,,
1.0,1.0,0.8503853678703308,,,
1.0,1.0,0.7613430619239807,,,
1.0,0.0,0.42159411311149597,,,
1.0,1.0,0.6970656514167786,,,
0.0,0.0,0.4028536081314087,,,
1.0,1.0,0.5113478302955627,,,
1.0,1.0,0.7379674911499023,,,
1.0,1.0,0.7935718297958374,,,
1.0,1.0,0.6010164022445679,,,
1.0,1.0,0.6884846091270447,,,
1.0,1.0,0.5117734670639038,,,
0.0,0.0,0.1589660495519638,,,
0.0,0.0,0.22180677950382233,,,
0.0,0.0,0.3007614314556122,,,
1.0,1.0,0.8324958682060242,,,
0.0,0.0,0.49527809023857117,,,
0.0,1.0,0.5449255108833313,,,
1.0,1.0,0.8799950480461121,,,
1.0,1.0,0.7643287777900696,,,
0.0,0.0,0.29071617126464844,,,
0.0,0.0,0.440107524394989,,,
0.0,0.0,0.24814960360527039,,,
0.0,0.0,0.2840164303779602,,,
1.0,1.0,0.6443403959274292,,,
0.0,0.0,0.37718361616134644,,,
0.0,0.0,0.30868175625801086,,,
0.0,1.0,0.5535522103309631,,,
0.0,0.0,0.2558768391609192,,,
1.0,1.0,0.9304446578025818,,,
1.0,1.0,0.7513982057571411,,,
1.0,1.0,0.6925638914108276,,,
0.0,0.0,0.39851248264312744,,,
1.0,1.0,0.673786997795105,,,
0.0,0.0,0.28047290444374084,,,
0.0,0.0,0.3906652629375458,,,
0.0,0.0,0.19665765762329102,,,
1.0,0.0,0.46292927861213684,,,
1.0,0.0,0.39963892102241516,,,
1.0,0.0,0.3717963993549347,,,
0.0,0.0,0.4214552342891693,,,
0.0,0.0,0.27555185556411743,,,
1.0,1.0,0.5590479373931885,,,
1.0,1.0,0.9056715369224548,,,
0.0,0.0,0.1680738776922226,,,
1.0,0.0,0.3435651361942291,,,
0.0,0.0,0.24192695319652557,,,
0.0,0.0,0.28526124358177185,,,
1.0,1.0,0.6449102163314819,,,
0.0,0.0,0.31052878499031067,,,
0.0,0.0,0.39322736859321594,,,
0.0,0.0,0.33656957745552063,,,
0.0,0.0,0.2718195617198944,,,
0.0,0.0,0.2725301682949066,,,
0.0,0.0,0.36374711990356445,,,
0.0,0.0,0.38146543502807617,,,
0.0,0.0,0.21964655816555023,,,
1.0,1.0,0.5184061527252197,,,
0.0,0.0,0.3053085207939148,,,
0.0,0.0,0.27992483973503113,,,
0.0,0.0,0.24860797822475433,,,
0.0,0.0,0.11729364842176437,,,
1.0,0.0,0.41905102133750916,,,
0.0,1.0,0.5719422101974487,,,
0.0,0.0,0.3463056683540344,,,
1.0,1.0,0.8790392279624939,,,
0.0,0.0,0.24970385432243347,,,
1.0,1.0,0.8496056199073792,,,
1.0,0.0,0.30338454246520996,,,
0.0,0.0,0.40046927332878113,,,
1.0,1.0,0.6413294076919556,,,
0.0,0.0,0.20374831557273865,,,
1.0,0.0,0.4065619707107544,,,
0.0,1.0,0.7151896953582764,,,
1.0,0.0,0.4722524583339691,,,
0.0,0.0,0.35173022747039795,,,
0.0,0.0,0.2525593340396881,,,
0.0,0.0,0.1346847414970398,,,
0.0,0.0,0.2672695517539978,,,
1.0,1.0,0.6449543833732605,,,
0.0,1.0,0.6113939881324768,,,
1.0,0.0,0.44018882513046265,,,
0.0,0.0,0.3791375458240509,,,
0.0,0.0,0.2932187020778656,,,
1.0,1.0,0.5942296385765076,,,
0.0,0.0,0.1852237582206726,,,
1.0,0.0,0.34225213527679443,,,
0.0,0.0,0.49848493933677673,,,
1.0,0.0,0.49171334505081177,,,
0.0,1.0,0.6897392868995667,,,
1.0,1.0,0.6147552728652954,,,
1.0,1.0,0.615813672542572,,,
1.0,0.0,0.3946927785873413,,,
1.0,1.0,0.7894573211669922,,,
0.0,0.0,0.3223915100097656,,,
1.0,1.0,0.6447327136993408,,,
1.0,1.0,0.6100847721099854,,,
0.0,0.0,0.2688179016113281,,,
1.0,1.0,0.8617362976074219,,,
0.0,1.0,0.6711035370826721,,,
1.0,1.0,0.6413896083831787,,,
0.0,0.0,0.3348298668861389,,,
1.0,1.0,0.7075607180595398,,,
0.0,1.0,0.5493003726005554,,,
0.0,0.0,0.2525613009929657,,,
0.0,0.0,0.4189515709877014,,,
0.0,0.0,0.49325671792030334,,,
1.0,1.0,0.650033712387085,,,
1.0,0.0,0.49237993359565735,,,
1.0,1.0,0.830614447593689,,,
1.0,1.0,0.7200871706008911,,,
1.0,1.0,0.6727220416069031,,,
1.0,0.0,0.36850792169570923,,,
1.0,1.0,0.7063131928443909,,,
1.0,1.0,0.6523473262786865,,,
1.0,0.0,0.3639335036277771,,,
0.0,0.0,0.405727744102478,,,
0.0,1.0,0.5014644265174866,,,
1.0,0.0,0.42383119463920593,,,
0.0,1.0,0.604353666305542,,,
0.0,0.0,0.33707258105278015,,,
0.0,1.0,0.5492911338806152,,,
1.0,1.0,0.7300371527671814,,,
0.0,0.0,0.44180360436439514,,,
1.0,1.0,0.6880970001220703,,,
0.0,0.0,0.32845380902290344,,,
1.0,1.0,0.7101300358772278,,,
1.0,1.0,0.6300836801528931,,,
0.0,0.0,0.32460787892341614,,,
1.0,1.0,0.8516303300857544,,,
1.0,1.0,0.5654062032699585,,,
0.0,0.0,0.4297022521495819,,,
0.0,0.0,0.3862270414829254,,,
1.0,0.0,0.3651634454727173,,,
1.0,0.0,0.29012882709503174,,,
0.0,1.0,0.7067476511001587,,,
1.0,1.0,0.7890403866767883,,,
1.0,1.0,0.6421125531196594,,,
1.0,0.0,0.36379823088645935,,,
0.0,0.0,0.48861607909202576,,,
0.0,0.0,0.31736934185028076,,,
1.0,1.0,0.6068652868270874,,,
0.0,0.0,0.32469573616981506,,,
0.0,0.0,0.19327464699745178,,,
0.0,0.0,0.2633945345878601,,,
1.0,1.0,0.5437626838684082,,,
0.0,0.0,0.33656907081604004,,,
1.0,0.0,0.4497339129447937,,,
1.0,1.0,0.7587563395500183,,,
0.0,0.0,0.4297178387641907,,,
1.0,1.0,0.6008886694908142,,,
0.0,1.0,0.5027775764465332,,,
1.0,1.0,0.7284092903137207,,,
0.0,0.0,0.30652594566345215,,,
0.0,0.0,0.21696262061595917,,,
1.0,0.0,0.41367965936660767,,,
1.0,1.0,0.7551755905151367,,,
0.0,0.0,0.4186202883720398,,,
1.0,0.0,0.42840808629989624,,,
0.0,0.0,0.24389782547950745,,,
1.0,0.0,0.48414453864097595,,,
1.0,0.0,0.4238055944442749,,,
0.0,0.0,0.23398561775684357,,,
1.0,0.0,0.46803906559944153,,,
0.0,1.0,0.6784874200820923,,,
0.0,0.0,0.2663861811161041,,,
0.0,0.0,0.48371294140815735,,,
1.0,1.0,0.8245111107826233,,,
0.0,0.0,0.4092203974723816,,,
0.0,0.0,0.4224241077899933,,,
0.0,1.0,0.5743244886398315,,,
1.0,1.0,0.739993691444397,,,
0.0,0.0,0.31072771549224854,,,
0.0,0.0,0.21662314236164093,,,
0.0,1.0,0.7519737482070923,,,
1.0,0.0,0.2730662524700165,,,
1.0,1.0,0.5079450607299805,,,
1.0,0.0,0.4056394696235657,,,
1.0,0.0,0.44463562965393066,,,
1.0,1.0,0.5354332327842712,,,
0.0,0.0,0.187696635723114,,,
0.0,1.0,0.5801124572753906,,,
0.0,0.0,0.27067580819129944,,,
1.0,1.0,0.792313814163208,,,
0.0,0.0,0.18017679452896118,,,
1.0,0.0,0.4645756185054779,,,
1.0,0.0,0.4086051285266876,,,
0.0,0.0,0.19112789630889893,,,
1.0,0.0,0.37050414085388184,,,
0.0,0.0,0.29251521825790405,,,
1.0,1.0,0.6943591237068176,,,
1.0,1.0,0.7518699169158936,,,
1.0,0.0,0.4797711670398712,,,
1.0,1.0,0.7125867009162903,,,
1.0,1.0,0.5151931047439575,,,
1.0,1.0,0.5069341063499451,,,
0.0,0.0,0.31546252965927124,,,
0.0,0.0,0.26929834485054016,,,
0.0,0.0,0.3288511633872986,,,
1.0,1.0,0.8182376027107239,,,
0.0,0.0,0.4571343958377838,,,
1.0,1.0,0.6406437158584595,,,
0.0,1.0,0.5721306204795837,,,
0.0,0.0,0.3377062976360321,,,
1.0,1.0,0.7452744245529175,,,
0.0,0.0,0.4759552776813507,,,
0.0,0.0,0.3190095126628876,,,
0.0,0.0,0.3726457357406616,,,
1.0,1.0,0.8040740489959717,,,
0.0,0.0,0.3739263117313385,,,
0.0,0.0,0.3094857335090637,,,
0.0,0.0,0.30620667338371277,,,
0.0,0.0,0.24583756923675537,,,
1.0,0.0,0.44789522886276245,,,
1.0,0.0,0.238587886095047,,,
0.0,0.0,0.40895241498947144,,,
1.0,1.0,0.8675673007965088,,,
1.0,1.0,0.893052875995636,,,
1.0,1.0,0.5986009836196899,,,
0.0,0.0,0.28375497460365295,,,
1.0,1.0,0.799791157245636,,,
0.0,0.0,0.36348143219947815,,,
0.0,1.0,0.6225336194038391,,,
0.0,0.0,0.2561510503292084,,,
0.0,0.0,0.17936240136623383,,,
1.0,1.0,0.5144487023353577,,,
1.0,0.0,0.3313828110694885,,,
1.0,1.0,0.6497852206230164,,,
0.0,0.0,0.29201725125312805,,,
0.0,0.0,0.37538787722587585,,,
1.0,1.0,0.7013841867446899,,,
0.0,0.0,0.40609103441238403,,,
0.0,0.0,0.24725341796875,,,
1.0,0.0,0.46069270372390747,,,
1.0,0.0,0.4861350357532501,,,
0.0,0.0,0.40867871046066284,,,
0.0,0.0,0.3683270812034607,,,
1.0,1.0,0.7203770875930786,,,
0.0,0.0,0.316992849111557,,,
0.0,0.0,0.30774834752082825,,,
1.0,0.0,0.21469976007938385,,,
0.0,0.0,0.3379216194152832,,,
1.0,1.0,0.7026278972625732,,,
1.0,1.0,0.5644251704216003,,,
1.0,1.0,0.7468409538269043,,,
1.0,0.0,0.35436782240867615,,,
0.0,0.0,0.3932033181190491,,,
0.0,0.0,0.3263947069644928,,,
0.0,0.0,0.32398518919944763,,,
0.0,0.0,0.4435791075229645,,,
1.0,0.0,0.31063520908355713,,,
0.0,0.0,0.4181461036205292,,,
1.0,0.0,0.4811151325702667,,,
1.0,1.0,0.7939742803573608,,,
0.0,0.0,0.38127994537353516,,,
1.0,1.0,0.8075312376022339,,,
1.0,0.0,0.4076148569583893,,,
1.0,1.0,0.5700931549072266,,,
0.0,0.0,0.2953665256500244,,,
0.0,1.0,0.6946874856948853,,,
0.0,0.0,0.4835245907306671,,,
0.0,0.0,0.2727281153202057,,,
0.0,0.0,0.3533191680908203,,,
1.0,1.0,0.6912456750869751,,,
0.0,0.0,0.43212488293647766,,,
0.0,0.0,0.2548167109489441,,,
1.0,0.0,0.3029525578022003,,,
1.0,0.0,0.41869741678237915,,,
0.0,0.0,0.3683270812034607,,,
1.0,0.0,0.39884892106056213,,,
0.0,0.0,0.3140105903148651,,,
0.0,0.0,0.38697555661201477,,,
0.0,0.0,0.336485356092453,,,
0.0,1.0,0.6647445559501648,,,
1.0,1.0,0.5344018340110779,,,
1.0,0.0,0.42373573780059814,,,
0.0,0.0,0.3322870433330536,,,
0.0,0.0,0.4098365306854248,,,
0.0,0.0,0.33664166927337646,,,
0.0,0.0,0.2175649255514145,,,
0.0,0.0,0.2787885069847107,,,
0.0,0.0,0.4788188934326172,,,
1.0,0.0,0.32945406436920166,,,
0.0,0.0,0.23597538471221924,,,
1.0,0.0,0.31944921612739563,,,
1.0,1.0,0.8804805874824524,,,
1.0,1.0,0.5094072818756104,,,
1.0,0.0,0.48720821738243103,,,
1.0,0.0,0.4169010519981384,,,
1.0,0.0,0.48691755533218384,,,
0.0,0.0,0.2364053875207901,,,
0.0,1.0,0.7426108121871948,,,
1.0,1.0,0.865740954875946,,,
0.0,1.0,0.6687048673629761,,,
0.0,0.0,0.2693246304988861,,,
0.0,0.0,0.42695561051368713,,,
0.0,0.0,0.41329461336135864,,,
0.0,1.0,0.684249758720398,,,
0.0,0.0,0.3006603717803955,,,
0.0,0.0,0.3615790009498596,,,
1.0,1.0,0.8936569094657898,,,
1.0,1.0,0.548464834690094,,,
0.0,0.0,0.2988961935043335,,,
1.0,1.0,0.8772897720336914,,,
1.0,0.0,0.3831288516521454,,,
1.0,1.0,0.8653427362442017,,,
0.0,0.0,0.3123306930065155,,,
0.0,0.0,0.24457256495952606,,,
0.0,0.0,0.4081011712551117,,,
1.0,0.0,0.3551729619503021,,,
1.0,1.0,0.7715089917182922,,,
1.0,0.0,0.45452430844306946,,,
0.0,0.0,0.3448878526687622,,,
1.0,0.0,0.4397651255130768,,,
1.0,0.0,0.336636483669281,,,
0.0,1.0,0.5038329362869263,,,
1.0,1.0,0.5832664966583252,,,
1.0,1.0,0.6816365122795105,,,
1.0,1.0,0.855030357837677,,,
0.0,0.0,0.4062599837779999,,,
0.0,0.0,0.40283381938934326,,,
0.0,0.0,0.4695834517478943,,,
0.0,0.0,0.37136566638946533,,,
0.0,1.0,0.5793750286102295,,,
1.0,1.0,0.7603831887245178,,,
0.0,0.0,0.37508314847946167,,,
1.0,0.0,0.36710605025291443,,,
1.0,0.0,0.4240541160106659,,,
0.0,1.0,0.5138525366783142,,,
1.0,0.0,0.4342375099658966,,,
0.0,1.0,0.5603712797164917,,,
0.0,0.0,0.35039928555488586,,,
1.0,0.0,0.43782341480255127,,,
0.0,0.0,0.48059841990470886,,,
1.0,0.0,0.2947775721549988,,,
0.0,0.0,0.27014803886413574,,,
0.0,0.0,0.21359802782535553,,,
0.0,0.0,0.34161362051963806,,,
1.0,1.0,0.6450316905975342,,,
0.0,0.0,0.44365811347961426,,,
0.0,0.0,0.4940079152584076,,,
1.0,1.0,0.51845782995224,,,
0.0,0.0,0.23913709819316864,,,
1.0,1.0,0.7296532392501831,,,
1.0,0.0,0.45270583033561707,,,
0.0,0.0,0.1925271600484848,,,
1.0,0.0,0.4388321340084076,,,
1.0,0.0,0.46283721923828125,,,
0.0,0.0,0.25677117705345154,,,
1.0,0.0,0.47256243228912354,,,
1.0,1.0,0.8563998937606812,,,
0.0,0.0,0.24136316776275635,,,
0.0,0.0,0.29953667521476746,,,
0.0,0.0,0.35825058817863464,,,
0.0,0.0,0.38008663058280945,,,
1.0,1.0,0.6583256721496582,,,
0.0,0.0,0.2604794204235077,,,
1.0,1.0,0.5586724877357483,,,
1.0,1.0,0.8696514964103699,,,
0.0,1.0,0.7674636840820312,,,
0.0,0.0,0.34544822573661804,,,
1.0,1.0,0.6818180680274963,,,
1.0,0.0,0.4663843512535095,,,
0.0,0.0,0.29915177822113037,,,
1.0,1.0,0.6192041635513306,,,
1.0,1.0,0.6995539665222168,,,
1.0,1.0,0.8678093552589417,,,
1.0,0.0,0.32121169567108154,,,
0.0,1.0,0.5327489972114563,,,
1.0,1.0,0.5103880167007446,,,
1.0,0.0,0.37100622057914734,,,
1.0,0.0,0.4936830401420593,,,
0.0,1.0,0.5083251595497131,,,
0.0,0.0,0.3683270812034607,,,
0.0,0.0,0.2644425630569458,,,
0.0,0.0,0.25081783533096313,,,
0.0,1.0,0.6415324807167053,,,
0.0,0.0,0.3456975221633911,,,
1.0,0.0,0.45068737864494324,,,
0.0,0.0,0.31346628069877625,,,
1.0,1.0,0.5392613410949707,,,
1.0,1.0,0.5813643932342529,,,
1.0,1.0,0.8132005929946899,,,
0.0,0.0,0.3031950294971466,,,
0.0,0.0,0.45571738481521606,,,
0.0,0.0,0.42923709750175476,,,
1.0,1.0,0.6551613807678223,,,
0.0,0.0,0.3848668932914734,,,
1.0,1.0,0.6912456750869751,,,
0.0,0.0,0.47106924653053284,,,
1.0,0.0,0.35651615262031555,,,
0.0,0.0,0.3706488013267517,,,
0.0,0.0,0.3366498053073883,,,
0.0,0.0,0.3449746072292328,,,
0.0,0.0,0.3210979700088501,,,
1.0,0.0,0.4122251272201538,,,
1.0,1.0,0.5420714020729065,,,
0.0,0.0,0.4040210247039795,,,
1.0,1.0,0.6497852206230164,,,
1.0,1.0,0.8030197024345398,,,
1.0,1.0,0.8793343901634216,,,
0.0,0.0,0.4195081889629364,,,
0.0,0.0,0.2606560289859772,,,
1.0,1.0,0.708827793598175,,,
0.0,0.0,0.15684901177883148,,,
0.0,0.0,0.38090184330940247,,,
1.0,0.0,0.32387393712997437,,,
1.0,1.0,0.8331170678138733,,,
1.0,1.0,0.7234514355659485,,,
1.0,1.0,0.7866398096084595,,,
0.0,1.0,0.7301995158195496,,,
1.0,0.0,0.4772527813911438,,,
1.0,1.0,0.9101019501686096,,,
1.0,1.0,0.5967949032783508,,,
0.0,0.0,0.30528131127357483,,,
0.0,0.0,0.33865246176719666,,,
1.0,1.0,0.8925027847290039,,,
0.0,0.0,0.42272070050239563,,,
1.0,0.0,0.33458489179611206,,,
1.0,1.0,0.7564285397529602,,,
0.0,0.0,0.3042360544204712,,,
1.0,0.0,0.3496563732624054,,,
1.0,1.0,0.6517854928970337,,,
0.0,0.0,0.47523096203804016,,,
1.0,0.0,0.42167946696281433,,,
0.0,0.0,0.25813451409339905,,,
0.0,0.0,0.36151084303855896,,,
1.0,1.0,0.814153254032135,,,
1.0,0.0,0.48561832308769226,,,
1.0,1.0,0.7871049642562866,,,
1.0,1.0,0.7090322971343994,,,
1.0,0.0,0.40635520219802856,,,
0.0,0.0,0.38618311285972595,,,
1.0,0.0,0.4066667854785919,,,
0.0,0.0,0.2450265735387802,,,
0.0,0.0,0.22773490846157074,,,
1.0,0.0,0.36849093437194824,,,
0.0,0.0,0.2562344968318939,,,
0.0,1.0,0.5279330611228943,,,
0.0,0.0,0.35680893063545227,,,
1.0,1.0,0.8384518623352051,,,
1.0,0.0,0.44908857345581055,,,
1.0,1.0,0.6945511102676392,,,
0.0,1.0,0.7335458993911743,,,
1.0,1.0,0.7535122632980347,,,
0.0,0.0,0.3337419629096985,,,
0.0,0.0,0.3947230279445648,,,
1.0,0.0,0.44484350085258484,,,
0.0,0.0,0.2175649255514145,,,
0.0,0.0,0.25074201822280884,,,
0.0,1.0,0.5095878839492798,,,
0.0,0.0,0.18909592926502228,,,
1.0,1.0,0.7071277499198914,,,
0.0,0.0,0.3607991933822632,,,
1.0,1.0,0.5862600803375244,,,
1.0,1.0,0.5787294507026672,,,
1.0,1.0,0.5357460975646973,,,
0.0,0.0,0.33157777786254883,,,
1.0,1.0,0.6235261559486389,,,
0.0,0.0,0.24805350601673126,,,
0.0,0.0,0.32323288917541504,,,
0.0,0.0,0.3257935047149658,,,
1.0,0.0,0.43059200048446655,,,
0.0,0.0,0.4677095413208008,,,
0.0,1.0,0.5416222214698792,,,
1.0,1.0,0.5704591870307922,,,
0.0,0.0,0.33797627687454224,,,
0.0,0.0,0.27961263060569763,,,
0.0,0.0,0.3064602315425873,,,
0.0,0.0,0.33869630098342896,,,
1.0,0.0,0.43907400965690613,,,
0.0,0.0,0.18739061057567596,,,
1.0,1.0,0.5524735450744629,,,
1.0,1.0,0.6913060545921326,,,
0.0,0.0,0.4233734607696533,,,
0.0,0.0,0.363578200340271,,,
1.0,1.0,0.6713753938674927,,,
1.0,1.0,0.6070059537887573,,,
1.0,1.0,0.757811427116394,,,
0.0,0.0,0.4691339135169983,,,
0.0,0.0,0.43271902203559875,,,
1.0,1.0,0.574977695941925,,,
1.0,1.0,0.9352637529373169,,,
0.0,0.0,0.444661945104599,,,
1.0,1.0,0.5348514914512634,,,
0.0,0.0,0.46836698055267334,,,
0.0,0.0,0.3887304663658142,,,
1.0,1.0,0.7071937918663025,,,
1.0,0.0,0.4000604450702667,,,
0.0,0.0,0.1989138275384903,,,
1.0,0.0,0.412307471036911,,,
1.0,0.0,0.4930409789085388,,,
1.0,1.0,0.5358112454414368,,,
0.0,0.0,0.4351270794868469,,,
1.0,1.0,0.822446882724762,,,
1.0,1.0,0.8544836640357971,,,
1.0,0.0,0.3436357080936432,,,
1.0,1.0,0.5770239233970642,,,
0.0,0.0,0.31820622086524963,,,
1.0,1.0,0.5159032940864563,,,
0.0,0.0,0.2668381929397583,,,
0.0,0.0,0.48027554154396057,,,
1.0,1.0,0.6467457413673401,,,
1.0,0.0,0.39878642559051514,,,
0.0,0.0,0.27418574690818787,,,
0.0,0.0,0.3995726406574249,,,
1.0,0.0,0.4965896010398865,,,
0.0,0.0,0.2281392216682434,,,
0.0,0.0,0.33777421712875366,,,
1.0,0.0,0.4632488787174225,,,
1.0,1.0,0.5658804178237915,,,
0.0,0.0,0.24022871255874634,,,
0.0,0.0,0.46737244725227356,,,
1.0,1.0,0.7421060800552368,,,
1.0,1.0,0.9265874028205872,,,
1.0,0.0,0.3279888331890106,,,
0.0,0.0,0.2689071297645569,,,
0.0,0.0,0.3362199068069458,,,
1.0,0.0,0.39572638273239136,,,
0.0,0.0,0.3314472734928131,,,
0.0,0.0,0.2683471739292145,,,
1.0,1.0,0.5023309588432312,,,
0.0,1.0,0.788066029548645,,,
1.0,1.0,0.7394733428955078,,,
0.0,0.0,0.15684901177883148,,,
0.0,0.0,0.3453965485095978,,,
0.0,0.0,0.4018864929676056,,,
1.0,1.0,0.8577349781990051,,,
0.0,0.0,0.3090824782848358,,,
0.0,0.0,0.40188875794410706,,,
0.0,0.0,0.224669948220253,,,
0.0,0.0,0.4680808484554291,,,
0.0,1.0,0.540411114692688,,,
1.0,1.0,0.6970656514167786,,,
0.0,0.0,0.3730374574661255,,,
0.0,0.0,0.23568420112133026,,,
0.0,0.0,0.32719486951828003,,,
0.0,0.0,0.47678279876708984,,,
0.0,0.0,0.4950115382671356,,,
0.0,0.0,0.3887304663658142,,,
0.0,0.0,0.15684901177883148,,,
0.0,0.0,0.3805444836616516,,,
1.0,1.0,0.5863813757896423,,,
1.0,1.0,0.882220447063446,,,
0.0,0.0,0.265011191368103,,,
1.0,1.0,0.527799129486084,,,
0.0,0.0,0.44484350085258484,,,
0.0,0.0,0.32296621799468994,,,
0.0,0.0,0.32192036509513855,,,
1.0,1.0,0.5450994372367859,,,
1.0,0.0,0.36477071046829224,,,
1.0,1.0,0.5507597923278809,,,
0.0,0.0,0.3630085587501526,,,
1.0,1.0,0.805456280708313,,,
1.0,1.0,0.7868547439575195,,,
0.0,0.0,0.4872922897338867,,,
1.0,0.0,0.4455879330635071,,,
1.0,1.0,0.9171510338783264,,,
0.0,0.0,0.365448534488678,,,
0.0,0.0,0.29939940571784973,,,
0.0,0.0,0.38294634222984314,,,
0.0,0.0,0.1816880851984024,,,
0.0,0.0,0.3086997866630554,,,
0.0,0.0,0.4245724380016327,,,
0.0,0.0,0.28810596466064453,,,
0.0,0.0,0.2977316081523895,,,
0.0,0.0,0.4031520187854767,,,
1.0,1.0,0.5424415469169617,,,
0.0,0.0,0.27881643176078796,,,
0.0,0.0,0.4375064969062805,,,
0.0,0.0,0.40957367420196533,,,
0.0,1.0,0.5509477853775024,,,
1.0,1.0,0.8682442903518677,,,
0.0,1.0,0.5967506170272827,,,
1.0,1.0,0.8231083750724792,,,
0.0,1.0,0.6995812654495239,,,
1.0,0.0,0.3360823392868042,,,
0.0,0.0,0.34273451566696167,,,
1.0,1.0,0.6605209112167358,,,
0.0,1.0,0.5423324108123779,,,
0.0,0.0,0.338985800743103,,,
0.0,0.0,0.32328370213508606,,,
1.0,1.0,0.7928376197814941,,,
0.0,0.0,0.2658286392688751,,,
1.0,1.0,0.5234583616256714,,,
1.0,1.0,0.8163482546806335,,,
0.0,0.0,0.36377859115600586,,,
0.0,0.0,0.2402503490447998,,,
1.0,1.0,0.5660056471824646,,,
0.0,0.0,0.3380921483039856,,,
0.0,1.0,0.5146540403366089,,,
0.0,0.0,0.2189907282590866,,,
1.0,1.0,0.5161153674125671,,,
1.0,1.0,0.7418897747993469,,,
1.0,1.0,0.7038426399230957,,,
1.0,1.0,0.6935204267501831,,,
1.0,1.0,0.5720686316490173,,,
0.0,0.0,0.161979079246521,,,
1.0,1.0,0.7190460562705994,,,
1.0,0.0,0.4781072735786438,,,
1.0,1.0,0.6859422922134399,,,
1.0,1.0,0.5745378732681274,,,
1.0,1.0,0.8503445386886597,,,
1.0,1.0,0.602340042591095,,,
1.0,1.0,0.7245354652404785,,,
0.0,0.0,0.20787009596824646,,,
1.0,0.0,0.29937028884887695,,,
1.0,0.0,0.384374737739563,,,
0.0,0.0,0.35147032141685486,,,
1.0,1.0,0.5916314125061035,,,
1.0,1.0,0.7975049018859863,,,
0.0,1.0,0.5794666409492493,,,
1.0,1.0,0.7467405796051025,,,
1.0,1.0,0.8613952398300171,,,
1.0,1.0,0.5119006037712097,,,
0.0,0.0,0.4118606448173523,,,
1.0,0.0,0.4263513684272766,,,
1.0,1.0,0.7101077437400818,,,
0.0,1.0,0.5364209413528442,,,
0.0,0.0,0.45589780807495117,,,
0.0,1.0,0.6818793416023254,,,
1.0,0.0,0.21469976007938385,,,
1.0,1.0,0.6959805488586426,,,
0.0,0.0,0.41261085867881775,,,
1.0,1.0,0.5538790225982666,,,
1.0,1.0,0.7284424901008606,,,
1.0,1.0,0.5075476169586182,,,
0.0,0.0,0.40427178144454956,,,
0.0,0.0,0.2826581299304962,,,
1.0,1.0,0.7614453434944153,,,
0.0,0.0,0.2159729301929474,,,
0.0,0.0,0.47265270352363586,,,
1.0,1.0,0.6155614256858826,,,
0.0,0.0,0.3520347476005554,,,
1.0,0.0,0.464589923620224,,,
0.0,0.0,0.33550721406936646,,,
0.0,0.0,0.1734052300453186,,,
0.0,1.0,0.5793799161911011,,,
0.0,0.0,0.3701547384262085,,,
0.0,0.0,0.4135044813156128,,,
0.0,1.0,0.5544265508651733,,,
0.0,1.0,0.5657786130905151,,,
1.0,1.0,0.5346171855926514,,,
0.0,0.0,0.38536080718040466,,,
0.0,0.0,0.44372496008872986,,,
1.0,0.0,0.3076713979244232,,,
1.0,0.0,0.3369574546813965,,,
1.0,1.0,0.5682334899902344,,,
1.0,0.0,0.44829830527305603,,,
0.0,0.0,0.38345757126808167,,,
1.0,1.0,0.8045192360877991,,,
1.0,1.0,0.7920852899551392,,,
1.0,0.0,0.4458456039428711,,,
0.0,0.0,0.3333885371685028,,,
1.0,1.0,0.7490921020507812,,,
0.0,0.0,0.30220356583595276,,,
0.0,0.0,0.3145827054977417,,,
1.0,1.0,0.5409103631973267,,,
1.0,0.0,0.3751721978187561,,,
1.0,0.0,0.47470343112945557,,,
0.0,1.0,0.538563072681427,,,
0.0,0.0,0.42029082775115967,,,
0.0,0.0,0.10741951316595078,,,
0.0,0.0,0.22894743084907532,,,
0.0,0.0,0.3056224584579468,,,
0.0,0.0,0.23774240911006927,,,
0.0,0.0,0.31286731362342834,,,
1.0,1.0,0.8036066293716431,,,
0.0,0.0,0.29049038887023926,,,
0.0,0.0,0.41093626618385315,,,
0.0,1.0,0.5934634208679199,,,
1.0,0.0,0.4301396310329437,,,
0.0,0.0,0.3582536578178406,,,
0.0,0.0,0.4229304790496826,,,
1.0,1.0,0.6873356103897095,,,
1.0,0.0,0.48497429490089417,,,
1.0,0.0,0.3205099105834961,,,
1.0,0.0,0.31015411019325256,,,
1.0,0.0,0.4689048230648041,,,
1.0,1.0,0.6813582181930542,,,
0.0,0.0,0.353758841753006,,,
0.0,1.0,0.7623177766799927,,,
1.0,1.0,0.8240112662315369,,,
0.0,0.0,0.15684901177883148,,,
1.0,1.0,0.8996940851211548,,,
1.0,1.0,0.5604718923568726,,,
0.0,0.0,0.4897495210170746,,,
1.0,0.0,0.46481451392173767,,,
0.0,1.0,0.8200179934501648,,,
1.0,0.0,0.44539228081703186,,,
0.0,1.0,0.511696457862854,,,
0.0,0.0,0.3759446442127228,,,
1.0,1.0,0.7262685298919678,,,
1.0,1.0,0.6197991371154785,,,
0.0,0.0,0.31571435928344727,,,
1.0,1.0,0.8247069120407104,,,
1.0,1.0,0.9068223237991333,,,
0.0,0.0,0.31203344464302063,,,
1.0,1.0,0.643004834651947,,,
1.0,1.0,0.6563903093338013,,,
0.0,1.0,0.566548764705658,,,
1.0,1.0,0.6683309674263,,,
0.0,0.0,0.3144725263118744,,,
0.0,0.0,0.40442875027656555,,,
1.0,1.0,0.6259689927101135,,,
0.0,0.0,0.34338077902793884,,,
0.0,0.0,0.4768849313259125,,,
0.0,0.0,0.18730105459690094,,,
1.0,1.0,0.7403586506843567,,,
0.0,0.0,0.3571350574493408,,,
1.0,1.0,0.6500661969184875,,,
0.0,1.0,0.5076820254325867,,,
1.0,0.0,0.3913184702396393,,,
0.0,0.0,0.30139464139938354,,,
1.0,0.0,0.4179520905017853,,,
0.0,0.0,0.3289957046508789,,,
0.0,0.0,0.2823186218738556,,,
0.0,1.0,0.6773660778999329,,,
1.0,1.0,0.5940803289413452,,,
0.0,0.0,0.4018387794494629,,,
1.0,1.0,0.6377260684967041,,,
0.0,0.0,0.42918315529823303,,,
0.0,1.0,0.5589917898178101,,,
1.0,1.0,0.7346409559249878,,,
1.0,1.0,0.5133541226387024,,,
1.0,1.0,0.6198501586914062,,,
1.0,1.0,0.5315420031547546,,,
1.0,0.0,0.26552653312683105,,,
1.0,1.0,0.5308995842933655,,,
1.0,1.0,0.6746383309364319,,,
1.0,1.0,0.5037968158721924,,,
0.0,0.0,0.37221646308898926,,,
1.0,1.0,0.506410539150238,,,
0.0,0.0,0.35659173130989075,,,
1.0,1.0,0.5791196823120117,,,
0.0,1.0,0.5551022291183472,,,
0.0,0.0,0.32266202569007874,,,
0.0,1.0,0.5737631916999817,,,
1.0,1.0,0.6437354683876038,,,
0.0,0.0,0.28614363074302673,,,
1.0,0.0,0.4483131468296051,,,
1.0,0.0,0.44968050718307495,,,
1.0,0.0,0.4742887616157532,,,
0.0,0.0,0.29242852330207825,,,
1.0,0.0,0.3029957115650177,,,
0.0,1.0,0.678615927696228,,,
0.0,0.0,0.3562316596508026,,,
0.0,0.0,0.3305911719799042,,,
0.0,0.0,0.28733164072036743,,,
0.0,0.0,0.349711149930954,,,
1.0,0.0,0.4960634112358093,,,
0.0,1.0,0.628284752368927,,,
0.0,0.0,0.4388101100921631,,,
0.0,1.0,0.5223373174667358,,,
1.0,1.0,0.6985604166984558,,,
1.0,1.0,0.6651327013969421,,,
0.0,1.0,0.5545060038566589,,,
1.0,1.0,0.7440771460533142,,,
0.0,1.0,0.7713070511817932,,,
0.0,0.0,0.3241817355155945,,,
1.0,1.0,0.7591776251792908,,,
0.0,0.0,0.3518082797527313,,,
0.0,0.0,0.19099362194538116,,,
0.0,0.0,0.35624635219573975,,,
1.0,0.0,0.49217402935028076,,,
0.0,1.0,0.5249986052513123,,,
1.0,1.0,0.5103880167007446,,,
0.0,0.0,0.3781110346317291,,,
0.0,0.0,0.35786592960357666,,,
1.0,1.0,0.7787459492683411,,,
1.0,1.0,0.5585537552833557,,,
1.0,0.0,0.3886255919933319,,,
0.0,1.0,0.6079251170158386,,,
0.0,0.0,0.25779423117637634,,,
1.0,1.0,0.8661150336265564,,,
0.0,0.0,0.2741287350654602,,,
0.0,0.0,0.3188415467739105,,,
0.0,1.0,0.5960798859596252,,,
0.0,0.0,0.42929527163505554,,,
1.0,1.0,0.7883680462837219,,,
0.0,0.0,0.29353034496307373,,,
1.0,0.0,0.4841243624687195,,,
1.0,0.0,0.39304423332214355,,,
1.0,1.0,0.6981136798858643,,,
1.0,1.0,0.838636577129364,,,
0.0,1.0,0.5011115670204163,,,
1.0,1.0,0.6648756265640259,,,
0.0,1.0,0.5700518488883972,,,
1.0,0.0,0.3062208294868469,,,
0.0,0.0,0.49025699496269226,,,
0.0,0.0,0.21324171125888824,,,
0.0,0.0,0.2081395834684372,,,
1.0,0.0,0.48297446966171265,,,
1.0,1.0,0.6650525331497192,,,
1.0,1.0,0.7145612835884094,,,
0.0,0.0,0.4440607726573944,,,
1.0,1.0,0.6828663945198059,,,
1.0,1.0,0.7430002093315125,,,
1.0,0.0,0.4329370856285095,,,
1.0,0.0,0.4469028115272522,,,
1.0,1.0,0.5901203751564026,,,
1.0,1.0,0.7473934292793274,,,
0.0,1.0,0.5367468595504761,,,
1.0,1.0,0.7043138146400452,,,
0.0,0.0,0.267864465713501,,,
1.0,1.0,0.7781162858009338,,,
1.0,0.0,0.4238229990005493,,,
0.0,0.0,0.25130125880241394,,,
0.0,0.0,0.3700180947780609,,,
1.0,0.0,0.3528054356575012,,,
0.0,0.0,0.17040987312793732,,,
1.0,1.0,0.5775056481361389,,,
1.0,1.0,0.5537960529327393,,,
0.0,0.0,0.32798391580581665,,,
0.0,0.0,0.36610960960388184,,,
1.0,0.0,0.32328319549560547,,,
0.0,0.0,0.42115122079849243,,,
1.0,0.0,0.3715735077857971,,,
0.0,0.0,0.3973187506198883,,,
0.0,0.0,0.32338747382164,,,
0.0,0.0,0.44212689995765686,,,
1.0,1.0,0.5132264494895935,,,
0.0,0.0,0.28456324338912964,,,
0.0,1.0,0.6428408622741699,,,
0.0,1.0,0.6750667691230774,,,
1.0,0.0,0.4398441016674042,,,
1.0,0.0,0.474893182516098,,,
0.0,0.0,0.18945640325546265,,,
1.0,1.0,0.6342954635620117,,,
0.0,0.0,0.43087416887283325,,,
1.0,0.0,0.41642633080482483,,,
1.0,0.0,0.4542616307735443,,,
0.0,0.0,0.12513940036296844,,,
0.0,0.0,0.3475140333175659,,,
1.0,1.0,0.5437422394752502,,,
1.0,1.0,0.5506525039672852,,,
1.0,1.0,0.5624078512191772,,,
1.0,1.0,0.7511991858482361,,,
0.0,1.0,0.7730391621589661,,,
0.0,0.0,0.3945792019367218,,,
0.0,0.0,0.42153045535087585,,,
0.0,0.0,0.43538209795951843,,,
1.0,1.0,0.8465361595153809,,,
1.0,0.0,0.4742569625377655,,,
1.0,0.0,0.4890112280845642,,,
1.0,1.0,0.7949358820915222,,,
0.0,0.0,0.2798871695995331,,,
0.0,0.0,0.23328396677970886,,,
1.0,1.0,0.8203486204147339,,,
1.0,1.0,0.5225570201873779,,,
0.0,0.0,0.35294634103775024,,,
1.0,0.0,0.38100552558898926,,,
1.0,0.0,0.3950307071208954,,,
0.0,0.0,0.3669613301753998,,,
0.0,0.0,0.2876490354537964,,,
1.0,1.0,0.7144483327865601,,,
0.0,0.0,0.1836947202682495,,,
0.0,0.0,0.4124649465084076,,,
0.0,1.0,0.5774338841438293,,,
1.0,0.0,0.4269554018974304,,,
0.0,0.0,0.41930216550827026,,,
0.0,0.0,0.2468687742948532,,,
0.0,0.0,0.2403501570224762,,,
1.0,0.0,0.49798423051834106,,,
0.0,0.0,0.24879708886146545,,,
1.0,0.0,0.43320897221565247,,,
1.0,1.0,0.5041874051094055,,,
1.0,1.0,0.6040913462638855,,,
0.0,0.0,0.37633830308914185,,,
0.0,0.0,0.4823891818523407,,,
1.0,1.0,0.506706178188324,,,
1.0,0.0,0.4293247163295746,,,
0.0,0.0,0.32820960879325867,,,
1.0,0.0,0.4664735198020935,,,
1.0,1.0,0.5977704524993896,,,
0.0,0.0,0.2584789991378784,,,
1.0,0.0,0.40065139532089233,,,
0.0,0.0,0.4524824321269989,,,
0.0,1.0,0.5943335294723511,,,
1.0,0.0,0.4836759567260742,,,
1.0,1.0,0.5050584673881531,,,
1.0,1.0,0.5038160681724548,,,
1.0,1.0,0.6990518569946289,,,
0.0,0.0,0.307192325592041,,,
0.0,0.0,0.27059707045555115,,,
0.0,0.0,0.4554443061351776,,,
1.0,1.0,0.8142642974853516,,,
0.0,0.0,0.36728253960609436,,,
1.0,1.0,0.8116805553436279,,,
1.0,0.0,0.3667200207710266,,,
0.0,1.0,0.5133363008499146,,,
0.0,0.0,0.2450265735387802,,,
0.0,1.0,0.7878578305244446,,,
0.0,0.0,0.36618050932884216,,,
0.0,0.0,0.21527431905269623,,,
1.0,0.0,0.36602672934532166,,,
0.0,1.0,0.7804074287414551,,,
1.0,0.0,0.4479694068431854,,,
1.0,0.0,0.3981526792049408,,,
0.0,0.0,0.25781920552253723,,,
1.0,1.0,0.6874978542327881,,,
0.0,0.0,0.33363908529281616,,,
0.0,1.0,0.825529158115387,,,
1.0,1.0,0.553530216217041,,,
1.0,1.0,0.6481778025627136,,,
0.0,0.0,0.32944488525390625,,,
0.0,0.0,0.24580523371696472,,,
0.0,0.0,0.4949881136417389,,,
0.0,0.0,0.3445674180984497,,,
0.0,0.0,0.4741806089878082,,,
0.0,0.0,0.17802491784095764,,,
1.0,0.0,0.3492274284362793,,,
0.0,0.0,0.2229161560535431,,,
1.0,0.0,0.3214441239833832,,,
1.0,1.0,0.5307741761207581,,,
1.0,1.0,0.7815700173377991,,,
0.0,0.0,0.26739293336868286,,,
0.0,1.0,0.5050921440124512,,,
0.0,1.0,0.5585185289382935,,,
0.0,0.0,0.31063520908355713,,,
0.0,1.0,0.542680025100708,,,
1.0,1.0,0.5335547924041748,,,
1.0,0.0,0.25344324111938477,,,
1.0,1.0,0.777614176273346,,,
1.0,1.0,0.9230413436889648,,,
0.0,0.0,0.4754820764064789,,,
1.0,1.0,0.8468851447105408,,,
1.0,1.0,0.515913188457489,,,
1.0,1.0,0.6486630439758301,,,
0.0,0.0,0.25546374917030334,,,
0.0,0.0,0.23820580542087555,,,
1.0,1.0,0.5617478489875793,,,
1.0,1.0,0.8087999820709229,,,
0.0,0.0,0.4479174017906189,,,
1.0,1.0,0.7250527739524841,,,
0.0,1.0,0.5502979159355164,,,
0.0,0.0,0.324030339717865,,,
1.0,0.0,0.41975200176239014,,,
1.0,1.0,0.8659309148788452,,,
1.0,0.0,0.36916425824165344,,,
1.0,1.0,0.6241406798362732,,,
1.0,1.0,0.6725261211395264,,,
0.0,0.0,0.252189964056015,,,
0.0,1.0,0.5024067163467407,,,
0.0,0.0,0.22996501624584198,,,
0.0,0.0,0.41238781809806824,,,
0.0,1.0,0.5710272789001465,,,
0.0,0.0,0.43503791093826294,,,
1.0,1.0,0.663427472114563,,,
0.0,0.0,0.28324297070503235,,,
1.0,0.0,0.24019110202789307,,,
0.0,0.0,0.34730178117752075,,,
1.0,1.0,0.7434526681900024,,,
1.0,1.0,0.5930254459381104,,,
0.0,0.0,0.26267656683921814,,,
0.0,0.0,0.3341415524482727,,,
0.0,0.0,0.2676956057548523,,,
0.0,1.0,0.5258095860481262,,,
0.0,1.0,0.5834419131278992,,,
1.0,1.0,0.5079450607299805,,,
0.0,0.0,0.39155763387680054,,,
1.0,0.0,0.4581773579120636,,,
1.0,1.0,0.8023663759231567,,,
1.0,0.0,0.4815424382686615,,,
0.0,1.0,0.611568033695221,,,
1.0,1.0,0.7444086074829102,,,
0.0,1.0,0.5999040603637695,,,
0.0,0.0,0.37828078866004944,,,
0.0,0.0,0.29058295488357544,,,
1.0,0.0,0.4150298833847046,,,
1.0,1.0,0.539056122303009,,,
1.0,1.0,0.6164355874061584,,,
1.0,1.0,0.8890633583068848,,,
1.0,1.0,0.7408117651939392,,,
0.0,0.0,0.3062552809715271,,,
0.0,0.0,0.48496004939079285,,,
1.0,1.0,0.6138545870780945,,,
1.0,0.0,0.45678937435150146,,,
0.0,0.0,0.3445209860801697,,,
1.0,0.0,0.49921172857284546,,,
1.0,1.0,0.6344476938247681,,,
0.0,0.0,0.4130159318447113,,,
0.0,0.0,0.459534227848053,,,
0.0,0.0,0.44556862115859985,,,
1.0,0.0,0.4533166289329529,,,
1.0,1.0,0.5635308623313904,,,
1.0,0.0,0.45461130142211914,,,
0.0,0.0,0.2987689971923828,,,
0.0,0.0,0.2602018117904663,,,
0.0,0.0,0.3601357042789459,,,
1.0,1.0,0.7928376197814941,,,
0.0,0.0,0.4554499387741089,,,
1.0,1.0,0.8181547522544861,,,
1.0,1.0,0.5877305865287781,,,
0.0,1.0,0.5160408020019531,,,
1.0,0.0,0.46306777000427246,,,
0.0,0.0,0.31859299540519714,,,
1.0,1.0,0.8793484568595886,,,
0.0,0.0,0.377684086561203,,,
0.0,0.0,0.3443199098110199,,,
1.0,0.0,0.372244656085968,,,
1.0,1.0,0.5839577317237854,,,
0.0,0.0,0.35854899883270264,,,
0.0,0.0,0.2736676335334778,,,
0.0,0.0,0.43412473797798157,,,
1.0,1.0,0.8561482429504395,,,
1.0,1.0,0.5315420031547546,,,
0.0,0.0,0.33499374985694885,,,
1.0,1.0,0.5431330800056458,,,
1.0,1.0,0.5238103866577148,,,
1.0,0.0,0.4509984850883484,,,
0.0,0.0,0.15684901177883148,,,
1.0,0.0,0.19226926565170288,,,
1.0,1.0,0.869239866733551,,,
0.0,0.0,0.19933481514453888,,,
0.0,1.0,0.6429970264434814,,,
1.0,1.0,0.7428375482559204,,,
1.0,0.0,0.33185386657714844,,,
0.0,0.0,0.307249516248703,,,
0.0,0.0,0.3005225658416748,,,
1.0,0.0,0.40079963207244873,,,
0.0,0.0,0.33025026321411133,,,
1.0,1.0,0.6377578973770142,,,
1.0,0.0,0.4927854537963867,,,
1.0,0.0,0.49743059277534485,,,
1.0,0.0,0.42397645115852356,,,
0.0,0.0,0.3251245319843292,,,
0.0,0.0,0.3800259232521057,,,
1.0,1.0,0.9013681411743164,,,
0.0,0.0,0.25428345799446106,,,
1.0,1.0,0.8566281199455261,,,
1.0,1.0,0.5817838311195374,,,
0.0,0.0,0.38010159134864807,,,
0.0,0.0,0.2896040081977844,,,
1.0,1.0,0.6263936161994934,,,
1.0,0.0,0.3895248770713806,,,
0.0,0.0,0.188506618142128,,,
1.0,1.0,0.7479966878890991,,,
1.0,1.0,0.7007754445075989,,,
1.0,1.0,0.6591275334358215,,,
0.0,0.0,0.2708917558193207,,,
0.0,0.0,0.4446335732936859,,,
1.0,1.0,0.7207610011100769,,,
0.0,0.0,0.430949866771698,,,
1.0,1.0,0.7005825042724609,,,
0.0,0.0,0.3249950706958771,,,
0.0,0.0,0.3543442487716675,,,
1.0,1.0,0.579256534576416,,,
0.0,0.0,0.2896532416343689,,,
1.0,1.0,0.5675258636474609,,,
0.0,0.0,0.25728166103363037,,,
1.0,1.0,0.5903390645980835,,,
0.0,0.0,0.41605767607688904,,,
0.0,0.0,0.4863123595714569,,,
1.0,1.0,0.8282026052474976,,,
0.0,0.0,0.11892899125814438,,,
0.0,0.0,0.3318829834461212,,,
1.0,1.0,0.6598169803619385,,,
0.0,0.0,0.30384209752082825,,,
0.0,0.0,0.4557493031024933,,,
1.0,1.0,0.8488063216209412,,,
1.0,1.0,0.8377580642700195,,,
1.0,1.0,0.605559229850769,,,
1.0,1.0,0.7207464575767517,,,
1.0,1.0,0.889124870300293,,,
1.0,1.0,0.7267886996269226,,,
1.0,1.0,0.8257138133049011,,,
1.0,1.0,0.6431110501289368,,,
1.0,1.0,0.7058756351470947,,,
0.0,0.0,0.4109940826892853,,,
1.0,1.0,0.5562467575073242,,,
0.0,0.0,0.47947007417678833,,,
1.0,0.0,0.366023451089859,,,
0.0,0.0,0.30350786447525024,,,
1.0,0.0,0.402258962392807,,,
1.0,1.0,0.6689510941505432,,,
1.0,1.0,0.924788236618042,,,
1.0,1.0,0.8050603270530701,,,
1.0,1.0,0.8096717000007629,,,
1.0,1.0,0.5951565504074097,,,
1.0,1.0,0.9111026525497437,,,
1.0,0.0,0.2945901155471802,,,
0.0,0.0,0.2303045094013214,,,
0.0,0.0,0.3375348150730133,,,
1.0,1.0,0.7245945334434509,,,
0.0,0.0,0.30118870735168457,,,
1.0,1.0,0.9296489953994751,,,
1.0,1.0,0.768612802028656,,,
0.0,0.0,0.18906618654727936,,,
0.0,0.0,0.27922728657722473,,,
1.0,0.0,0.3440645933151245,,,
0.0,0.0,0.3376621603965759,,,
1.0,1.0,0.656823992729187,,,
0.0,0.0,0.20526280999183655,,,
0.0,0.0,0.42547956109046936,,,
1.0,0.0,0.43298742175102234,,,
0.0,0.0,0.3871655762195587,,,
1.0,1.0,0.7105801701545715,,,
0.0,0.0,0.30816349387168884,,,
1.0,1.0,0.8502121567726135,,,
1.0,1.0,0.8109273314476013,,,
1.0,1.0,0.7173630595207214,,,
0.0,0.0,0.29074811935424805,,,
1.0,1.0,0.6719043850898743,,,
0.0,1.0,0.567207396030426,,,
0.0,0.0,0.24572594463825226,,,
0.0,0.0,0.33797335624694824,,,
0.0,0.0,0.4132000803947449,,,
1.0,1.0,0.7256073951721191,,,
0.0,0.0,0.31574758887290955,,,
0.0,0.0,0.30953559279441833,,,
0.0,0.0,0.27651485800743103,,,
1.0,1.0,0.7090333700180054,,,
0.0,0.0,0.42371928691864014,,,
1.0,0.0,0.3255004584789276,,,
0.0,0.0,0.171015664935112,,,
0.0,0.0,0.3733184337615967,,,
0.0,0.0,0.4094860255718231,,,
1.0,1.0,0.8880366086959839,,,
1.0,1.0,0.5466035008430481,,,
0.0,0.0,0.3162912130355835,,,
0.0,0.0,0.34479594230651855,,,
1.0,0.0,0.2761668562889099,,,
0.0,0.0,0.4813430607318878,,,
0.0,0.0,0.3932550251483917,,,
1.0,1.0,0.5227320790290833,,,
0.0,1.0,0.5687388181686401,,,
0.0,0.0,0.44648459553718567,,,
0.0,0.0,0.2969580292701721,,,
1.0,0.0,0.3408946096897125,,,
0.0,0.0,0.24148699641227722,,,
0.0,0.0,0.4252917766571045,,,
1.0,1.0,0.783152163028717,,,
0.0,0.0,0.2949465215206146,,,
0.0,0.0,0.3200341463088989,,,
1.0,1.0,0.5103407502174377,,,
0.0,0.0,0.2771216332912445,,,
0.0,0.0,0.32123199105262756,,,
0.0,0.0,0.43603333830833435,,,
1.0,1.0,0.8580179214477539,,,
1.0,1.0,0.811028778553009,,,
1.0,1.0,0.6889777183532715,,,
0.0,1.0,0.6183537840843201,,,
1.0,0.0,0.46862757205963135,,,
1.0,1.0,0.8751382827758789,,,
0.0,0.0,0.3498542904853821,,,
1.0,0.0,0.2995637357234955,,,
0.0,0.0,0.2159694880247116,,,
0.0,0.0,0.28460928797721863,,,
1.0,1.0,0.6808321475982666,,,
1.0,1.0,0.6341037750244141,,,
0.0,0.0,0.3095629811286926,,,
0.0,0.0,0.26635465025901794,,,
0.0,0.0,0.32530760765075684,,,
1.0,1.0,0.6224445700645447,,,
1.0,1.0,0.5416805744171143,,,
1.0,1.0,0.6546263098716736,,,
0.0,1.0,0.510425865650177,,,
0.0,0.0,0.2289132922887802,,,
1.0,0.0,0.46141013503074646,,,
0.0,0.0,0.32195985317230225,,,
1.0,1.0,0.5905972123146057,,,
0.0,0.0,0.38993722200393677,,,
1.0,0.0,0.49960240721702576,,,
1.0,0.0,0.4270339608192444,,,
0.0,0.0,0.30939868092536926,,,
1.0,1.0,0.7375205755233765,,,
0.0,0.0,0.18862593173980713,,,
1.0,1.0,0.8943341970443726,,,
0.0,0.0,0.3240322470664978,,,
1.0,1.0,0.7177673578262329,,,
0.0,0.0,0.180627703666687,,,
0.0,0.0,0.3799850642681122,,,
0.0,0.0,0.12915204465389252,,,
0.0,0.0,0.33823779225349426,,,
1.0,0.0,0.4049771726131439,,,
1.0,1.0,0.8250575661659241,,,
1.0,1.0,0.8614968061447144,,,
0.0,0.0,0.43320897221565247,,,
0.0,0.0,0.3145797550678253,,,
1.0,0.0,0.3800453543663025,,,
0.0,0.0,0.49318334460258484,,,
1.0,1.0,0.5803282856941223,,,
0.0,0.0,0.2450265735387802,,,
1.0,1.0,0.6302174925804138,,,
1.0,0.0,0.3608189523220062,,,
1.0,0.0,0.36569324135780334,,,
1.0,0.0,0.4917968213558197,,,
0.0,0.0,0.31854334473609924,,,
1.0,0.0,0.3704788088798523,,,
1.0,1.0,0.6730361580848694,,,
0.0,0.0,0.4148065447807312,,,
0.0,0.0,0.3860221207141876,,,
0.0,0.0,0.33047062158584595,,,
0.0,1.0,0.7090957164764404,,,
0.0,0.0,0.2783201336860657,,,
1.0,1.0,0.566967248916626,,,
1.0,1.0,0.5785974264144897,,,
0.0,1.0,0.5142679214477539,,,
0.0,0.0,0.25428059697151184,,,
1.0,0.0,0.4661724269390106,,,
1.0,0.0,0.3487817347049713,,,
0.0,0.0,0.31817537546157837,,,
0.0,0.0,0.27684393525123596,,,
0.0,0.0,0.2859637141227722,,,
1.0,1.0,0.8747416734695435,,,
0.0,0.0,0.22686511278152466,,,
0.0,1.0,0.6263962984085083,,,
1.0,0.0,0.22645550966262817,,,
0.0,0.0,0.4421992301940918,,,
1.0,0.0,0.4389067590236664,,,
1.0,1.0,0.7989823222160339,,,
1.0,1.0,0.7490019798278809,,,
0.0,0.0,0.3896327614784241,,,
0.0,0.0,0.28190329670906067,,,
0.0,0.0,0.24057906866073608,,,
1.0,0.0,0.49120739102363586,,,
0.0,0.0,0.28782957792282104,,,
1.0,1.0,0.6622881293296814,,,
1.0,0.0,0.4822860658168793,,,
1.0,0.0,0.39801499247550964,,,
0.0,0.0,0.2779167890548706,,,
1.0,1.0,0.6155088543891907,,,
0.0,0.0,0.2935156524181366,,,
1.0,1.0,0.8895798325538635,,,
1.0,1.0,0.7478653788566589,,,
1.0,0.0,0.4995163679122925,,,
0.0,0.0,0.47580939531326294,,,
1.0,0.0,0.39963892102241516,,,
1.0,1.0,0.5704265832901001,,,
1.0,1.0,0.8632387518882751,,,
1.0,0.0,0.41351523995399475,,,
0.0,0.0,0.3064602315425873,,,
0.0,0.0,0.3371734917163849,,,
0.0,0.0,0.3183995187282562,,,
1.0,1.0,0.8775191903114319,,,
1.0,1.0,0.7476112842559814,,,
1.0,1.0,0.8064289093017578,,,
0.0,0.0,0.2748850882053375,,,
0.0,0.0,0.487758606672287,,,
1.0,0.0,0.4675352871417999,,,
0.0,1.0,0.5019457340240479,,,
1.0,0.0,0.3686766028404236,,,
0.0,0.0,0.3717404305934906,,,
1.0,0.0,0.4657287895679474,,,
1.0,1.0,0.5785201787948608,,,
0.0,0.0,0.33773359656333923,,,
0.0,0.0,0.29152193665504456,,,
0.0,0.0,0.4440377354621887,,,
0.0,0.0,0.34671106934547424,,,
0.0,0.0,0.29889440536499023,,,
1.0,1.0,0.5353769063949585,,,
0.0,0.0,0.2470121830701828,,,
0.0,0.0,0.4594125747680664,,,
0.0,0.0,0.2727281153202057,,,
0.0,0.0,0.36880549788475037,,,
1.0,1.0,0.7828715443611145,,,
1.0,1.0,0.7634867429733276,,,
1.0,1.0,0.8503853678703308,,,
1.0,1.0,0.8037150502204895,,,
0.0,0.0,0.3871433436870575,,,
0.0,1.0,0.5265344977378845,,,
0.0,0.0,0.41093626618385315,,,
0.0,0.0,0.2644273638725281,,,
0.0,1.0,0.5843511819839478,,,
0.0,1.0,0.7042227983474731,,,
0.0,0.0,0.35585957765579224,,,
0.0,0.0,0.2691589295864105,,,
1.0,0.0,0.3466670513153076,,,
0.0,0.0,0.31226223707199097,,,
1.0,0.0,0.26871219277381897,,,
1.0,1.0,0.9104565382003784,,,
0.0,0.0,0.12915204465389252,,,
1.0,0.0,0.4448033273220062,,,
1.0,0.0,0.49872130155563354,,,
1.0,1.0,0.5318860411643982,,,
0.0,0.0,0.41752856969833374,,,
0.0,0.0,0.3999982476234436,,,
0.0,0.0,0.3268730938434601,,,
0.0,0.0,0.3951326608657837,,,
1.0,0.0,0.44543007016181946,,,
1.0,1.0,0.598057210445404,,,
0.0,0.0,0.3283314108848572,,,
0.0,0.0,0.41462603211402893,,,
0.0,0.0,0.41189226508140564,,,
1.0,1.0,0.7437286376953125,,,
0.0,0.0,0.3143315315246582,,,
0.0,1.0,0.5275295972824097,,,
1.0,1.0,0.6084799766540527,,,
1.0,0.0,0.4357897639274597,,,
1.0,1.0,0.7125055193901062,,,
1.0,1.0,0.5310434103012085,,,
0.0,1.0,0.5617014765739441,,,
1.0,1.0,0.8043795228004456,,,
0.0,0.0,0.4058477580547333,,,
0.0,0.0,0.26318424940109253,,,
1.0,1.0,0.8700600862503052,,,
0.0,0.0,0.32443514466285706,,,
0.0,0.0,0.48785901069641113,,,
0.0,0.0,0.4235498309135437,,,
0.0,0.0,0.23296387493610382,,,
0.0,0.0,0.36767441034317017,,,
0.0,0.0,0.3670491874217987,,,
1.0,0.0,0.45325911045074463,,,
1.0,1.0,0.7248033881187439,,,
1.0,1.0,0.5862600803375244,,,
0.0,1.0,0.8353943228721619,,,
1.0,1.0,0.5501662492752075,,,
0.0,1.0,0.6871243715286255,,,
1.0,1.0,0.7692989706993103,,,
0.0,0.0,0.32612350583076477,,,
0.0,0.0,0.4979749321937561,,,
0.0,0.0,0.4123338758945465,,,
1.0,1.0,0.5675258636474609,,,
1.0,1.0,0.5693045258522034,,,
1.0,0.0,0.3365914821624756,,,
0.0,0.0,0.3894299566745758,,,
0.0,0.0,0.3311770260334015,,,
0.0,0.0,0.3533569872379303,,,
0.0,0.0,0.25564613938331604,,,
1.0,1.0,0.5838623046875,,,
0.0,0.0,0.4047193229198456,,,
0.0,1.0,0.5141482949256897,,,
0.0,1.0,0.6011460423469543,,,
1.0,1.0,0.841309666633606,,,
0.0,0.0,0.49040839076042175,,,
1.0,1.0,0.7704067826271057,,,
0.0,0.0,0.381479948759079,,,
1.0,0.0,0.3911131024360657,,,
0.0,0.0,0.3979678452014923,,,
0.0,0.0,0.31367257237434387,,,
0.0,0.0,0.436297744512558,,,
0.0,0.0,0.340907484292984,,,
0.0,0.0,0.35029610991477966,,,
1.0,1.0,0.5934703350067139,,,
0.0,1.0,0.6847806572914124,,,
0.0,0.0,0.4535922408103943,,,
1.0,1.0,0.5562611222267151,,,
0.0,0.0,0.3403945863246918,,,
1.0,1.0,0.8255609273910522,,,
0.0,0.0,0.4170149564743042,,,
1.0,1.0,0.7446607947349548,,,
0.0,0.0,0.30153408646583557,,,
0.0,0.0,0.1914510726928711,,,
1.0,1.0,0.8030311465263367,,,
1.0,1.0,0.7539364695549011,,,
1.0,0.0,0.4700973927974701,,,
1.0,1.0,0.8980887532234192,,,
1.0,1.0,0.5786674618721008,,,
0.0,1.0,0.5322898626327515,,,
0.0,1.0,0.5594004392623901,,,
1.0,0.0,0.4090658128261566,,,
0.0,0.0,0.3057776391506195,,,
0.0,0.0,0.4328673779964447,,,
0.0,0.0,0.3501325249671936,,,
1.0,1.0,0.6661912202835083,,,
0.0,0.0,0.3347069025039673,,,
0.0,0.0,0.22061334550380707,,,
0.0,0.0,0.4321613609790802,,,
1.0,1.0,0.67540442943573,,,
0.0,0.0,0.36212390661239624,,,
0.0,0.0,0.29829922318458557,,,
0.0,0.0,0.33951127529144287,,,
0.0,0.0,0.21931590139865875,,,
1.0,0.0,0.4842930734157562,,,
1.0,1.0,0.6486420035362244,,,
0.0,0.0,0.48864078521728516,,,
0.0,0.0,0.3422081172466278,,,
1.0,1.0,0.7582785487174988,,,
0.0,0.0,0.4731489419937134,,,
0.0,0.0,0.3737388849258423,,,
0.0,0.0,0.2229161560535431,,,
0.0,0.0,0.3260278105735779,,,
1.0,0.0,0.38706880807876587,,,
1.0,1.0,0.7567799687385559,,,
0.0,0.0,0.2618786096572876,,,
1.0,1.0,0.6906249523162842,,,
0.0,0.0,0.25130125880241394,,,
0.0,0.0,0.3331494927406311,,,
1.0,0.0,0.31729039549827576,,,
0.0,0.0,0.33550748229026794,,,
0.0,0.0,0.36276912689208984,,,
1.0,1.0,0.6437560319900513,,,
0.0,1.0,0.5312256813049316,,,
0.0,1.0,0.5510960817337036,,,
1.0,0.0,0.49701470136642456,,,
0.0,1.0,0.5743156671524048,,,
0.0,0.0,0.3611032962799072,,,
0.0,0.0,0.3627609312534332,,,
1.0,1.0,0.5620112419128418,,,
1.0,1.0,0.7895402908325195,,,
1.0,1.0,0.8164550065994263,,,
1.0,0.0,0.39658647775650024,,,
0.0,0.0,0.38112515211105347,,,
0.0,1.0,0.5982650518417358,,,
0.0,0.0,0.41353610157966614,,,
0.0,0.0,0.4346953332424164,,,
0.0,0.0,0.35538503527641296,,,
0.0,0.0,0.4296754002571106,,,
0.0,0.0,0.3480496406555176,,,
1.0,1.0,0.5275774002075195,,,
1.0,1.0,0.7915297746658325,,,
1.0,1.0,0.7916876077651978,,,
1.0,1.0,0.7243468165397644,,,
0.0,0.0,0.3265017569065094,,,
0.0,0.0,0.3508797883987427,,,
0.0,0.0,0.30112946033477783,,,
0.0,0.0,0.20227161049842834,,,
0.0,0.0,0.2602018117904663,,,
1.0,1.0,0.6922774314880371,,,
0.0,0.0,0.4044628441333771,,,
0.0,0.0,0.3630017042160034,,,
1.0,0.0,0.37684935331344604,,,
1.0,0.0,0.40353187918663025,,,
1.0,1.0,0.7680260539054871,,,
0.0,0.0,0.3536977469921112,,,
0.0,0.0,0.3532790243625641,,,
0.0,0.0,0.40661755204200745,,,
0.0,1.0,0.6133344173431396,,,
0.0,0.0,0.3695489168167114,,,
0.0,0.0,0.23552793264389038,,,
1.0,1.0,0.586979866027832,,,
0.0,1.0,0.5645225644111633,,,
0.0,0.0,0.4573136270046234,,,
0.0,0.0,0.4879821836948395,,,
1.0,0.0,0.4921324849128723,,,
0.0,0.0,0.3687799870967865,,,
1.0,1.0,0.7701376676559448,,,
1.0,0.0,0.39645087718963623,,,
0.0,0.0,0.2433202862739563,,,
0.0,0.0,0.3670260012149811,,,
1.0,1.0,0.640944242477417,,,
0.0,0.0,0.378486692905426,,,
1.0,1.0,0.8244589567184448,,,
0.0,1.0,0.5421997308731079,,,
1.0,1.0,0.6549583077430725,,,
1.0,1.0,0.8078324198722839,,,
0.0,0.0,0.37448206543922424,,,
0.0,1.0,0.6120481491088867,,,
1.0,0.0,0.43009892106056213,,,
1.0,1.0,0.726056694984436,,,
1.0,1.0,0.894203245639801,,,
1.0,1.0,0.5153698921203613,,,
0.0,0.0,0.4595576822757721,,,
0.0,1.0,0.5310103297233582,,,
0.0,0.0,0.2627754807472229,,,
0.0,0.0,0.4590042233467102,,,
1.0,1.0,0.661155104637146,,,
0.0,1.0,0.518294632434845,,,
1.0,1.0,0.6583701372146606,,,
1.0,0.0,0.41104742884635925,,,
0.0,0.0,0.44484350085258484,,,
1.0,0.0,0.4191944897174835,,,
0.0,0.0,0.24982012808322906,,,
1.0,1.0,0.5061347484588623,,,
0.0,0.0,0.12915204465389252,,,
1.0,1.0,0.5167351365089417,,,
1.0,1.0,0.6197096705436707,,,
0.0,0.0,0.3128867447376251,,,
1.0,1.0,0.6071808338165283,,,
1.0,0.0,0.47191381454467773,,,
1.0,1.0,0.692909300327301,,,
0.0,0.0,0.3607991933822632,,,
1.0,0.0,0.4619520306587219,,,
1.0,0.0,0.3739854693412781,,,
1.0,1.0,0.8400049805641174,,,
0.0,0.0,0.4727585017681122,,,
1.0,1.0,0.7324391603469849,,,
0.0,1.0,0.6033812165260315,,,
0.0,1.0,0.6178387403488159,,,
0.0,0.0,0.25486069917678833,,,
0.0,0.0,0.3846862018108368,,,
0.0,0.0,0.2579312026500702,,,
1.0,1.0,0.855030357837677,,,
1.0,1.0,0.5110763311386108,,,
1.0,0.0,0.4539371728897095,,,
1.0,1.0,0.7547656893730164,,,
0.0,0.0,0.2968980073928833,,,
1.0,0.0,0.43525776267051697,,,
0.0,0.0,0.45721641182899475,,,
1.0,1.0,0.7243481278419495,,,
1.0,1.0,0.5644472241401672,,,
1.0,1.0,0.7869426012039185,,,
0.0,0.0,0.29049038887023926,,,
1.0,0.0,0.2262759506702423,,,
0.0,0.0,0.39732280373573303,,,
0.0,0.0,0.2993241250514984,,,
1.0,1.0,0.6342874765396118,,,
1.0,1.0,0.731927752494812,,,
0.0,0.0,0.29715707898139954,,,
0.0,1.0,0.6155614256858826,,,
0.0,0.0,0.3825242221355438,,,
0.0,0.0,0.3209726810455322,,,
1.0,1.0,0.5241760611534119,,,
1.0,1.0,0.5302254557609558,,,
1.0,1.0,0.5510960817337036,,,
0.0,0.0,0.3487522006034851,,,
1.0,0.0,0.4144526720046997,,,
1.0,1.0,0.9013275504112244,,,
0.0,0.0,0.43594151735305786,,,
0.0,0.0,0.12915204465389252,,,
1.0,1.0,0.7076336741447449,,,
1.0,0.0,0.4340633749961853,,,
1.0,0.0,0.425719290971756,,,
1.0,1.0,0.622834324836731,,,
0.0,0.0,0.23350626230239868,,,
0.0,0.0,0.27727803587913513,,,
0.0,0.0,0.23668867349624634,,,
0.0,0.0,0.45790815353393555,,,
0.0,1.0,0.5078124403953552,,,
0.0,1.0,0.7487736940383911,,,
0.0,0.0,0.3973614275455475,,,
0.0,0.0,0.186114102602005,,,
0.0,0.0,0.2943369448184967,,,
0.0,1.0,0.5558426380157471,,,
0.0,0.0,0.3529006838798523,,,
1.0,0.0,0.40020954608917236,,,
0.0,0.0,0.4395218789577484,,,
1.0,1.0,0.7567799687385559,,,
0.0,0.0,0.2453649640083313,,,
0.0,0.0,0.1956503689289093,,,
1.0,1.0,0.5286642909049988,,,
0.0,0.0,0.34950098395347595,,,
0.0,0.0,0.4134409725666046,,,
0.0,0.0,0.3217383325099945,,,
1.0,1.0,0.8364814519882202,,,
1.0,0.0,0.28991764783859253,,,
1.0,0.0,0.2577030062675476,,,
0.0,0.0,0.26345178484916687,,,
1.0,1.0,0.5799668431282043,,,
0.0,0.0,0.3500836491584778,,,
1.0,1.0,0.5302852392196655,,,
1.0,0.0,0.42042720317840576,,,
0.0,0.0,0.4370363652706146,,,
1.0,0.0,0.35642245411872864,,,
1.0,1.0,0.8191012740135193,,,
1.0,0.0,0.3676132261753082,,,
1.0,1.0,0.5074455738067627,,,
1.0,1.0,0.6127413511276245,,,
0.0,0.0,0.20043553411960602,,,
1.0,0.0,0.2811431586742401,,,
1.0,1.0,0.8857067227363586,,,
1.0,0.0,0.31301286816596985,,,
1.0,0.0,0.32424935698509216,,,
1.0,0.0,0.4170584976673126,,,
0.0,0.0,0.20868027210235596,,,
0.0,0.0,0.3075830340385437,,,
0.0,1.0,0.684870183467865,,,
1.0,0.0,0.31063520908355713,,,
1.0,1.0,0.7868452668190002,,,
0.0,0.0,0.23872670531272888,,,
0.0,0.0,0.274499773979187,,,
0.0,1.0,0.5769681334495544,,,
1.0,1.0,0.9298511147499084,,,
0.0,0.0,0.3196328580379486,,,
1.0,1.0,0.5556356310844421,,,
0.0,0.0,0.497692734003067,,,
0.0,0.0,0.27104663848876953,,,
0.0,0.0,0.43792247772216797,,,
0.0,0.0,0.28548407554626465,,,
1.0,0.0,0.3551846146583557,,,
0.0,0.0,0.445576936006546,,,
1.0,1.0,0.6024011373519897,,,
0.0,1.0,0.6638444662094116,,,
1.0,1.0,0.806355893611908,,,
1.0,1.0,0.7692330479621887,,,
0.0,0.0,0.36618050932884216,,,
1.0,0.0,0.4066506624221802,,,
1.0,0.0,0.4237639009952545,,,
0.0,1.0,0.637192964553833,,,
0.0,0.0,0.34587761759757996,,,
1.0,1.0,0.5771892070770264,,,
1.0,1.0,0.6214853525161743,,,
0.0,0.0,0.42445874214172363,,,
0.0,0.0,0.20741590857505798,,,
0.0,0.0,0.2990264594554901,,,
1.0,1.0,0.8604522943496704,,,
0.0,0.0,0.30095717310905457,,,
0.0,0.0,0.36892804503440857,,,
1.0,1.0,0.7127884030342102,,,
1.0,1.0,0.8719948530197144,,,
1.0,1.0,0.6590900421142578,,,
1.0,1.0,0.6192041635513306,,,
1.0,1.0,0.6008921265602112,,,
0.0,0.0,0.4780237376689911,,,
0.0,0.0,0.2809997797012329,,,
0.0,0.0,0.26662787795066833,,,
1.0,1.0,0.622834324836731,,,
0.0,0.0,0.2369796633720398,,,
0.0,0.0,0.4068222939968109,,,
1.0,1.0,0.6201173067092896,,,
1.0,1.0,0.5447335243225098,,,
0.0,0.0,0.3939248025417328,,,
0.0,0.0,0.294570654630661,,,
0.0,0.0,0.41217878460884094,,,
1.0,0.0,0.45839759707450867,,,
1.0,0.0,0.42882028222084045,,,
1.0,0.0,0.47049713134765625,,,
0.0,0.0,0.20556151866912842,,,
0.0,0.0,0.4672168791294098,,,
1.0,1.0,0.7652663588523865,,,
0.0,0.0,0.22718854248523712,,,
1.0,1.0,0.801404595375061,,,
1.0,0.0,0.30651235580444336,,,
1.0,1.0,0.8282917737960815,,,
0.0,1.0,0.6550104022026062,,,
0.0,0.0,0.3470029830932617,,,
0.0,0.0,0.3207995891571045,,,
0.0,0.0,0.4395419955253601,,,
0.0,0.0,0.383486807346344,,,
1.0,1.0,0.7273929119110107,,,
1.0,1.0,0.5161153674125671,,,
0.0,0.0,0.20563200116157532,,,
1.0,1.0,0.6802601218223572,,,
0.0,0.0,0.4863123595714569,,,
0.0,0.0,0.43636056780815125,,,
1.0,1.0,0.7820388078689575,,,
1.0,1.0,0.781607449054718,,,
1.0,0.0,0.48363420367240906,,,
1.0,1.0,0.8684145212173462,,,
0.0,0.0,0.19360336661338806,,,
0.0,1.0,0.5450490713119507,,,
0.0,0.0,0.3466164171695709,,,
0.0,1.0,0.527702271938324,,,
1.0,0.0,0.49405452609062195,,,
0.0,1.0,0.6080597639083862,,,
0.0,0.0,0.41763707995414734,,,
1.0,1.0,0.5688261389732361,,,
0.0,0.0,0.30390670895576477,,,
0.0,0.0,0.44653037190437317,,,
1.0,0.0,0.4604685604572296,,,
0.0,0.0,0.28377825021743774,,,
1.0,0.0,0.3512406349182129,,,
0.0,0.0,0.35754573345184326,,,
0.0,0.0,0.34705251455307007,,,
1.0,1.0,0.6239156126976013,,,
0.0,1.0,0.6188704371452332,,,
1.0,1.0,0.7955384850502014,,,
1.0,1.0,0.7878895401954651,,,
1.0,0.0,0.3405154049396515,,,
0.0,0.0,0.29544878005981445,,,
0.0,0.0,0.2182840257883072,,,
0.0,1.0,0.5100894570350647,,,
0.0,0.0,0.3481592833995819,,,
0.0,0.0,0.43209874629974365,,,
1.0,0.0,0.4086051285266876,,,
0.0,0.0,0.3369320034980774,,,
1.0,1.0,0.7229325771331787,,,
1.0,1.0,0.7604498863220215,,,
0.0,0.0,0.4567314684391022,,,
1.0,1.0,0.8327916860580444,,,
0.0,0.0,0.2411150336265564,,,
0.0,0.0,0.2765842378139496,,,
0.0,0.0,0.17932796478271484,,,
1.0,1.0,0.7586434483528137,,,
1.0,1.0,0.6129314303398132,,,
1.0,1.0,0.7885563969612122,,,
0.0,0.0,0.4246402978897095,,,
0.0,0.0,0.16484767198562622,,,
1.0,1.0,0.888026773929596,,,
0.0,0.0,0.2274787873029709,,,
0.0,0.0,0.36077210307121277,,,
0.0,0.0,0.3425831198692322,,,
0.0,1.0,0.6106648445129395,,,
1.0,1.0,0.5257075428962708,,,
1.0,1.0,0.7363497614860535,,,
1.0,0.0,0.44688934087753296,,,
0.0,0.0,0.46106940507888794,,,
1.0,1.0,0.5470224022865295,,,
1.0,1.0,0.6893021464347839,,,
1.0,1.0,0.7809114456176758,,,
0.0,0.0,0.2994104027748108,,,
1.0,1.0,0.5144400596618652,,,
0.0,0.0,0.1565510332584381,,,
0.0,0.0,0.35435792803764343,,,
1.0,1.0,0.5426966547966003,,,
0.0,0.0,0.4159753918647766,,,
1.0,0.0,0.3607906997203827,,,
1.0,1.0,0.6892738938331604,,,
0.0,0.0,0.27864041924476624,,,
0.0,1.0,0.7492238283157349,,,
0.0,0.0,0.3027529716491699,,,
0.0,0.0,0.30020344257354736,,,
1.0,1.0,0.9002906084060669,,,
1.0,1.0,0.500771164894104,,,
1.0,0.0,0.3983863592147827,,,
1.0,1.0,0.6174575686454773,,,
0.0,0.0,0.23374399542808533,,,
0.0,0.0,0.4727334678173065,,,
1.0,1.0,0.5772010087966919,,,
1.0,1.0,0.8281861543655396,,,
1.0,0.0,0.2226753979921341,,,
1.0,0.0,0.45829159021377563,,,
0.0,0.0,0.411828875541687,,,
0.0,0.0,0.2824613153934479,,,
0.0,0.0,0.30028825998306274,,,
0.0,0.0,0.31954342126846313,,,
1.0,0.0,0.4497339129447937,,,
0.0,0.0,0.28716158866882324,,,
1.0,0.0,0.30400729179382324,,,
1.0,1.0,0.9296424388885498,,,
0.0,0.0,0.478814959526062,,,
1.0,1.0,0.5705773830413818,,,
0.0,0.0,0.3273082375526428,,,
0.0,0.0,0.3942657709121704,,,
0.0,0.0,0.44226282835006714,,,
0.0,0.0,0.37782153487205505,,,
1.0,0.0,0.3775259852409363,,,
0.0,0.0,0.2314552366733551,,,
0.0,0.0,0.46281158924102783,,,
1.0,1.0,0.6300130486488342,,,
0.0,0.0,0.28254106640815735,,,
1.0,1.0,0.8280565142631531,,,
1.0,0.0,0.3551645278930664,,,
0.0,0.0,0.19779150187969208,,,
1.0,0.0,0.41337740421295166,,,
0.0,1.0,0.6113770604133606,,,
1.0,1.0,0.7003461122512817,,,
0.0,0.0,0.4821139872074127,,,
1.0,1.0,0.5211099982261658,,,
0.0,0.0,0.2356613278388977,,,
0.0,0.0,0.4182720482349396,,,
1.0,1.0,0.7747716903686523,,,
1.0,1.0,0.901763379573822,,,
0.0,0.0,0.38328737020492554,,,
1.0,1.0,0.704282820224762,,,
0.0,0.0,0.37581026554107666,,,
0.0,0.0,0.49293023347854614,,,
1.0,1.0,0.5870261192321777,,,
0.0,0.0,0.29521089792251587,,,
1.0,1.0,0.8087324500083923,,,
0.0,0.0,0.25132429599761963,,,
1.0,1.0,0.8083286285400391,,,
1.0,0.0,0.496883749961853,,,
1.0,1.0,0.696232259273529,,,
1.0,1.0,0.8733410239219666,,,
1.0,0.0,0.38074058294296265,,,
1.0,0.0,0.4459828734397888,,,
1.0,0.0,0.3943381607532501,,,
0.0,0.0,0.4042096436023712,,,
1.0,1.0,0.6368327736854553,,,
0.0,0.0,0.18939805030822754,,,
0.0,0.0,0.4789077639579773,,,
0.0,0.0,0.2940594553947449,,,
0.0,0.0,0.1890171617269516,,,
1.0,0.0,0.31933608651161194,,,
1.0,1.0,0.700878918170929,,,
1.0,1.0,0.5727812051773071,,,
0.0,0.0,0.24242587387561798,,,
0.0,0.0,0.4786783456802368,,,
1.0,1.0,0.7015424966812134,,,
1.0,1.0,0.9105063676834106,,,
1.0,1.0,0.7421060800552368,,,
0.0,0.0,0.3166551887989044,,,
0.0,1.0,0.6736056804656982,,,
1.0,0.0,0.4373030662536621,,,
0.0,0.0,0.4150298833847046,,,
1.0,0.0,0.3269297480583191,,,
0.0,0.0,0.13317298889160156,,,
1.0,1.0,0.8102729916572571,,,
0.0,0.0,0.26137569546699524,,,
1.0,0.0,0.4470714330673218,,,
0.0,0.0,0.44617047905921936,,,
0.0,0.0,0.25545015931129456,,,
0.0,0.0,0.344942182302475,,,
0.0,0.0,0.4564812481403351,,,
1.0,0.0,0.37077122926712036,,,
1.0,1.0,0.5270096659660339,,,
0.0,1.0,0.5051815509796143,,,
0.0,0.0,0.48042288422584534,,,
0.0,1.0,0.576525866985321,,,
1.0,1.0,0.5348153114318848,,,
0.0,0.0,0.2872062623500824,,,
0.0,0.0,0.4254210889339447,,,
0.0,0.0,0.4261968731880188,,,
1.0,1.0,0.8498964309692383,,,
0.0,0.0,0.33451375365257263,,,
0.0,0.0,0.3227349519729614,,,
1.0,1.0,0.6755322217941284,,,
1.0,1.0,0.836670458316803,,,
0.0,0.0,0.34610339999198914,,,
0.0,1.0,0.6669362783432007,,,
1.0,1.0,0.7696318030357361,,,
1.0,1.0,0.808366596698761,,,
1.0,1.0,0.811028778553009,,,
0.0,0.0,0.2525247633457184,,,
0.0,0.0,0.44610393047332764,,,
1.0,1.0,0.7995255589485168,,,
1.0,1.0,0.539038896560669,,,
0.0,0.0,0.3869401812553406,,,
0.0,1.0,0.5004146695137024,,,
1.0,1.0,0.5566138625144958,,,
0.0,0.0,0.4283609092235565,,,
0.0,0.0,0.3498036861419678,,,
1.0,1.0,0.5498937964439392,,,
0.0,1.0,0.5317302346229553,,,
1.0,1.0,0.5578411817550659,,,
1.0,1.0,0.918389081954956,,,
0.0,0.0,0.30934491753578186,,,
1.0,0.0,0.42474815249443054,,,
1.0,0.0,0.358855664730072,,,
0.0,0.0,0.40464842319488525,,,
1.0,1.0,0.5717290043830872,,,
1.0,1.0,0.5001862049102783,,,
1.0,0.0,0.25948667526245117,,,
1.0,1.0,0.8490626215934753,,,
0.0,0.0,0.2853620648384094,,,
1.0,0.0,0.26122456789016724,,,
0.0,1.0,0.5524201393127441,,,
1.0,1.0,0.7587563395500183,,,
1.0,0.0,0.4185853600502014,,,
0.0,0.0,0.3280177414417267,,,
1.0,1.0,0.8395289182662964,,,
0.0,0.0,0.4678761661052704,,,
0.0,1.0,0.5570023655891418,,,
1.0,0.0,0.4845452308654785,,,
1.0,0.0,0.43183672428131104,,,
1.0,0.0,0.4442029893398285,,,
1.0,0.0,0.49909910559654236,,,
1.0,1.0,0.5825251936912537,,,
1.0,1.0,0.7473576068878174,,,
0.0,0.0,0.28197765350341797,,,
0.0,1.0,0.6111191511154175,,,
1.0,0.0,0.3393654525279999,,,
1.0,1.0,0.5444185137748718,,,
0.0,0.0,0.28748226165771484,,,
0.0,0.0,0.3445585370063782,,,
0.0,0.0,0.3930017352104187,,,
0.0,0.0,0.36410173773765564,,,
1.0,1.0,0.5050584673881531,,,
0.0,0.0,0.31046244502067566,,,
0.0,1.0,0.5242234468460083,,,
0.0,0.0,0.35215896368026733,,,
1.0,0.0,0.4041396975517273,,,
1.0,1.0,0.5265411734580994,,,
1.0,1.0,0.7425562739372253,,,
0.0,0.0,0.2989906668663025,,,
1.0,0.0,0.31930777430534363,,,
0.0,0.0,0.31951308250427246,,,
1.0,1.0,0.5839577317237854,,,
1.0,1.0,0.6032966375350952,,,
0.0,0.0,0.19927878677845,,,
0.0,0.0,0.13888762891292572,,,
1.0,1.0,0.816857099533081,,,
0.0,0.0,0.35661691427230835,,,
0.0,1.0,0.6212604641914368,,,
0.0,0.0,0.3875492811203003,,,
0.0,1.0,0.6968032717704773,,,
1.0,1.0,0.5778813362121582,,,
1.0,1.0,0.7502224445343018,,,
1.0,0.0,0.469061940908432,,,
0.0,0.0,0.4099876582622528,,,
0.0,1.0,0.6234748363494873,,,
0.0,0.0,0.37270796298980713,,,
1.0,0.0,0.30714890360832214,,,
1.0,1.0,0.8967276215553284,,,
1.0,1.0,0.5680222511291504,,,
1.0,1.0,0.6497852206230164,,,
0.0,0.0,0.32579290866851807,,,
1.0,1.0,0.5883201956748962,,,
1.0,0.0,0.48662006855010986,,,
1.0,0.0,0.33078533411026,,,
0.0,0.0,0.42141467332839966,,,
0.0,0.0,0.30525892972946167,,,
0.0,0.0,0.34177184104919434,,,
1.0,1.0,0.6757956147193909,,,
0.0,0.0,0.312515527009964,,,
0.0,0.0,0.34901025891304016,,,
0.0,0.0,0.32782039046287537,,,
1.0,1.0,0.780773937702179,,,
1.0,1.0,0.5850226879119873,,,
0.0,0.0,0.35205838084220886,,,
0.0,0.0,0.37077122926712036,,,
1.0,1.0,0.8239379525184631,,,
0.0,0.0,0.47181645035743713,,,
0.0,0.0,0.31373411417007446,,,
1.0,0.0,0.48109206557273865,,,
0.0,0.0,0.3657636046409607,,,
1.0,1.0,0.5077404379844666,,,
0.0,0.0,0.28505080938339233,,,
0.0,0.0,0.2687990069389343,,,
1.0,0.0,0.34193286299705505,,,
1.0,1.0,0.691546618938446,,,
0.0,1.0,0.8150179982185364,,,
1.0,1.0,0.5501662492752075,,,
0.0,0.0,0.31789806485176086,,,
1.0,1.0,0.5975341200828552,,,
1.0,1.0,0.7039591670036316,,,
1.0,1.0,0.7182052135467529,,,
0.0,0.0,0.28491097688674927,,,
1.0,1.0,0.7026203274726868,,,
0.0,0.0,0.35775935649871826,,,
1.0,0.0,0.3282577395439148,,,
0.0,0.0,0.4075910151004791,,,
0.0,0.0,0.47145727276802063,,,
0.0,0.0,0.28297534584999084,,,
0.0,0.0,0.4758431315422058,,,
0.0,0.0,0.3789823055267334,,,
1.0,1.0,0.6950643062591553,,,
0.0,0.0,0.32133734226226807,,,
0.0,1.0,0.6052245497703552,,,
0.0,0.0,0.3666854798793793,,,
0.0,0.0,0.2933792173862457,,,
0.0,0.0,0.3713577687740326,,,
1.0,1.0,0.5131606459617615,,,
0.0,1.0,0.5088146328926086,,,
1.0,0.0,0.23847855627536774,,,
0.0,0.0,0.38273292779922485,,,
0.0,0.0,0.17519132792949677,,,
1.0,1.0,0.6625481843948364,,,
1.0,1.0,0.5856069922447205,,,
0.0,0.0,0.48367390036582947,,,
0.0,0.0,0.29492831230163574,,,
1.0,1.0,0.544694185256958,,,
0.0,0.0,0.31522148847579956,,,
0.0,0.0,0.3633585274219513,,,
0.0,0.0,0.3883376121520996,,,
0.0,0.0,0.29170507192611694,,,
1.0,1.0,0.6784874200820923,,,
0.0,0.0,0.23766131699085236,,,
1.0,0.0,0.42476436495780945,,,
1.0,0.0,0.4922644793987274,,,
1.0,1.0,0.9184059500694275,,,
0.0,0.0,0.33370524644851685,,,
1.0,1.0,0.5367476344108582,,,
0.0,0.0,0.30103766918182373,,,
1.0,1.0,0.5424789190292358,,,
1.0,1.0,0.8961101174354553,,,
0.0,0.0,0.42292627692222595,,,
1.0,1.0,0.7450140118598938,,,
0.0,1.0,0.6959805488586426,,,
0.0,0.0,0.2035243958234787,,,
1.0,1.0,0.5391150712966919,,,
1.0,0.0,0.48653754591941833,,,
0.0,0.0,0.2790222764015198,,,
0.0,0.0,0.49763739109039307,,,
1.0,1.0,0.7422505021095276,,,
1.0,1.0,0.7445713877677917,,,
0.0,0.0,0.27672457695007324,,,
0.0,0.0,0.49452269077301025,,,
0.0,0.0,0.13797397911548615,,,
1.0,1.0,0.7076222896575928,,,
0.0,0.0,0.2797428071498871,,,
0.0,0.0,0.27398931980133057,,,
0.0,0.0,0.40700653195381165,,,
0.0,0.0,0.3452339172363281,,,
1.0,1.0,0.8430795669555664,,,
0.0,0.0,0.3282352685928345,,,
1.0,0.0,0.3666890263557434,,,
1.0,0.0,0.4925023913383484,,,
1.0,1.0,0.8957450985908508,,,
0.0,1.0,0.5204572677612305,,,
1.0,1.0,0.6497215032577515,,,
1.0,1.0,0.825502872467041,,,
1.0,1.0,0.6354686617851257,,,
1.0,0.0,0.45938625931739807,,,
1.0,1.0,0.8630965352058411,,,
0.0,1.0,0.5367588400840759,,,
0.0,0.0,0.41825413703918457,,,
1.0,0.0,0.3753824234008789,,,
1.0,0.0,0.36895084381103516,,,
1.0,1.0,0.7497603297233582,,,
1.0,0.0,0.3542918860912323,,,
1.0,1.0,0.6601871848106384,,,
0.0,0.0,0.25485217571258545,,,
0.0,0.0,0.3250385522842407,,,
0.0,0.0,0.4263007938861847,,,
1.0,1.0,0.6813747882843018,,,
0.0,0.0,0.24510055780410767,,,
1.0,0.0,0.3422468304634094,,,
1.0,0.0,0.36590245366096497,,,
1.0,1.0,0.5495389699935913,,,
0.0,0.0,0.4147593677043915,,,
1.0,1.0,0.5561230182647705,,,
0.0,0.0,0.3302293121814728,,,
0.0,0.0,0.35111910104751587,,,
1.0,0.0,0.3668520748615265,,,
0.0,0.0,0.1618376076221466,,,
0.0,0.0,0.22595472633838654,,,
1.0,0.0,0.42837485671043396,,,
1.0,0.0,0.3554008901119232,,,
0.0,0.0,0.30716854333877563,,,
0.0,0.0,0.3421160876750946,,,
1.0,1.0,0.7376002073287964,,,
0.0,1.0,0.5167258977890015,,,
1.0,1.0,0.917608916759491,,,
1.0,0.0,0.42125967144966125,,,
0.0,0.0,0.3165915012359619,,,
1.0,1.0,0.6062214970588684,,,
0.0,0.0,0.4204164147377014,,,
1.0,1.0,0.6153093576431274,,,
1.0,0.0,0.464589923620224,,,
0.0,0.0,0.3524005115032196,,,
0.0,0.0,0.3848654627799988,,,
0.0,1.0,0.594473123550415,,,
1.0,1.0,0.5938401222229004,,,
1.0,0.0,0.402529776096344,,,
1.0,0.0,0.4836759567260742,,,
1.0,1.0,0.5999231338500977,,,
1.0,1.0,0.5247552394866943,,,
1.0,0.0,0.47098931670188904,,,
0.0,0.0,0.3660668432712555,,,
0.0,0.0,0.3364139795303345,,,
1.0,1.0,0.7767695784568787,,,
0.0,0.0,0.31404098868370056,,,
0.0,0.0,0.3254474699497223,,,
0.0,0.0,0.3677535653114319,,,
0.0,0.0,0.32564136385917664,,,
0.0,0.0,0.39117905497550964,,,
1.0,0.0,0.4122862219810486,,,
0.0,0.0,0.18017679452896118,,,
1.0,1.0,0.5369867086410522,,,
0.0,0.0,0.42388877272605896,,,
0.0,0.0,0.31672799587249756,,,
0.0,0.0,0.30300432443618774,,,
0.0,0.0,0.46942833065986633,,,
1.0,0.0,0.3464509844779968,,,
1.0,1.0,0.8941663503646851,,,
0.0,1.0,0.5194061398506165,,,
0.0,0.0,0.2774798572063446,,,
0.0,0.0,0.3482886254787445,,,
1.0,1.0,0.805456280708313,,,
0.0,0.0,0.22590142488479614,,,
0.0,0.0,0.4933222830295563,,,
0.0,0.0,0.2811335027217865,,,
0.0,0.0,0.17813743650913239,,,
0.0,0.0,0.4536224603652954,,,
1.0,1.0,0.914543867111206,,,
1.0,0.0,0.4198665916919708,,,
1.0,0.0,0.4232538342475891,,,
1.0,1.0,0.6055508255958557,,,
1.0,0.0,0.38717710971832275,,,
1.0,1.0,0.7837429046630859,,,
1.0,1.0,0.6959146857261658,,,
0.0,0.0,0.3912096321582794,,,
1.0,1.0,0.718172013759613,,,
0.0,0.0,0.3344646096229553,,,
0.0,1.0,0.5032870769500732,,,
0.0,0.0,0.24319182336330414,,,
1.0,1.0,0.7677389979362488,,,
0.0,0.0,0.22091953456401825,,,
1.0,1.0,0.8406936526298523,,,
0.0,0.0,0.23302219808101654,,,
1.0,1.0,0.6386159658432007,,,
0.0,0.0,0.26437804102897644,,,
1.0,1.0,0.7976428270339966,,,
0.0,0.0,0.4727875590324402,,,
1.0,1.0,0.8270443081855774,,,
0.0,0.0,0.3801889717578888,,,
1.0,1.0,0.8962236642837524,,,
1.0,1.0,0.8894277215003967,,,
0.0,0.0,0.17782291769981384,,,
0.0,0.0,0.3876393139362335,,,
1.0,1.0,0.662046492099762,,,
1.0,0.0,0.4818936586380005,,,
0.0,0.0,0.2878304123878479,,,
0.0,0.0,0.4709194004535675,,,
1.0,1.0,0.6960790753364563,,,
1.0,1.0,0.7597816586494446,,,
1.0,1.0,0.8157767653465271,,,
1.0,1.0,0.7928190231323242,,,
1.0,0.0,0.4804995357990265,,,
1.0,0.0,0.42234811186790466,,,
0.0,0.0,0.38443005084991455,,,
0.0,0.0,0.31263676285743713,,,
1.0,0.0,0.3959430456161499,,,
1.0,1.0,0.7676600217819214,,,
1.0,0.0,0.40577471256256104,,,
1.0,1.0,0.8050259351730347,,,
0.0,0.0,0.3679625391960144,,,
0.0,0.0,0.3332432806491852,,,
0.0,0.0,0.4337475895881653,,,
1.0,0.0,0.3846215307712555,,,
0.0,1.0,0.5284266471862793,,,
0.0,0.0,0.39918768405914307,,,
1.0,1.0,0.5002479553222656,,,
1.0,1.0,0.8331170678138733,,,
0.0,1.0,0.5178045630455017,,,
1.0,1.0,0.6085317134857178,,,
1.0,1.0,0.5356078147888184,,,
1.0,1.0,0.6269027590751648,,,
0.0,0.0,0.4611850678920746,,,
0.0,0.0,0.3025616705417633,,,
0.0,1.0,0.5165680050849915,,,
0.0,0.0,0.37706172466278076,,,
1.0,1.0,0.5178205370903015,,,
1.0,1.0,0.5352338552474976,,,
0.0,0.0,0.3620578944683075,,,
0.0,0.0,0.29119327664375305,,,
0.0,0.0,0.3546872138977051,,,
1.0,1.0,0.756531834602356,,,
0.0,0.0,0.4601583182811737,,,
1.0,1.0,0.7169272899627686,,,
0.0,0.0,0.46121907234191895,,,
1.0,1.0,0.6424079537391663,,,
0.0,0.0,0.47144120931625366,,,
1.0,1.0,0.747434675693512,,,
1.0,1.0,0.6043989658355713,,,
0.0,0.0,0.21731901168823242,,,
0.0,0.0,0.4159802198410034,,,
0.0,0.0,0.4574868083000183,,,
0.0,1.0,0.6124474406242371,,,
0.0,0.0,0.24312937259674072,,,
0.0,0.0,0.3739434778690338,,,
0.0,0.0,0.3790200352668762,,,
0.0,0.0,0.31614235043525696,,,
0.0,0.0,0.37225341796875,,,
0.0,0.0,0.24260276556015015,,,
0.0,0.0,0.3741012215614319,,,
1.0,0.0,0.36357584595680237,,,
0.0,0.0,0.33084025979042053,,,
1.0,1.0,0.6164823174476624,,,
1.0,1.0,0.5420259237289429,,,
0.0,0.0,0.4049350321292877,,,
0.0,0.0,0.32868343591690063,,,
0.0,1.0,0.5431675314903259,,,
1.0,1.0,0.834961473941803,,,
0.0,0.0,0.41390395164489746,,,
0.0,0.0,0.2804677188396454,,,
0.0,0.0,0.19284744560718536,,,
1.0,1.0,0.5072005987167358,,,
1.0,0.0,0.43808382749557495,,,
0.0,0.0,0.3649439513683319,,,
1.0,1.0,0.7810969352722168,,,
0.0,0.0,0.12915204465389252,,,
1.0,1.0,0.6208452582359314,,,
1.0,1.0,0.8624075651168823,,,
1.0,1.0,0.8516627550125122,,,
1.0,1.0,0.8438488841056824,,,
1.0,1.0,0.7197985053062439,,,
0.0,0.0,0.4359189569950104,,,
0.0,0.0,0.2939128577709198,,,
1.0,0.0,0.4021424651145935,,,
0.0,0.0,0.24811995029449463,,,
1.0,0.0,0.30525892972946167,,,
1.0,0.0,0.3592216968536377,,,
1.0,1.0,0.5242475867271423,,,
1.0,1.0,0.6762481331825256,,,
1.0,1.0,0.6072483062744141,,,
1.0,1.0,0.8883758783340454,,,
1.0,1.0,0.8961101174354553,,,
1.0,1.0,0.8666297793388367,,,
0.0,0.0,0.19407294690608978,,,
0.0,1.0,0.5381817817687988,,,
0.0,0.0,0.47754308581352234,,,
1.0,1.0,0.683085560798645,,,
0.0,0.0,0.21976114809513092,,,
0.0,0.0,0.3426666259765625,,,
0.0,0.0,0.37104034423828125,,,
0.0,0.0,0.43271902203559875,,,
0.0,0.0,0.4153195321559906,,,
1.0,1.0,0.5883529186248779,,,
1.0,1.0,0.6322678923606873,,,
1.0,1.0,0.62420654296875,,,
1.0,1.0,0.8261991143226624,,,
0.0,0.0,0.3337612748146057,,,
0.0,0.0,0.3878132402896881,,,
1.0,0.0,0.40121516585350037,,,
0.0,0.0,0.40642377734184265,,,
0.0,0.0,0.4697950482368469,,,
0.0,0.0,0.37714967131614685,,,
0.0,0.0,0.15396235883235931,,,
1.0,0.0,0.4844137132167816,,,
1.0,1.0,0.8298819065093994,,,
0.0,1.0,0.5829312205314636,,,
1.0,1.0,0.9287781119346619,,,
0.0,0.0,0.19555187225341797,,,
0.0,0.0,0.21160371601581573,,,
1.0,0.0,0.4892643690109253,,,
1.0,1.0,0.5297800898551941,,,
0.0,0.0,0.31704455614089966,,,
0.0,0.0,0.39555710554122925,,,
1.0,1.0,0.628068745136261,,,
1.0,0.0,0.4629136323928833,,,
1.0,1.0,0.6071808338165283,,,
0.0,0.0,0.2914842963218689,,,
0.0,0.0,0.30707794427871704,,,
1.0,1.0,0.6243190169334412,,,
1.0,1.0,0.6261871457099915,,,
1.0,1.0,0.6478922367095947,,,
1.0,1.0,0.6228306889533997,,,
0.0,1.0,0.5746631026268005,,,
0.0,1.0,0.5004169940948486,,,
1.0,0.0,0.3358260989189148,,,
1.0,0.0,0.46167877316474915,,,
1.0,1.0,0.6043236255645752,,,
1.0,1.0,0.8289787173271179,,,
1.0,1.0,0.6661679744720459,,,
0.0,0.0,0.40583884716033936,,,
1.0,1.0,0.8746891021728516,,,
1.0,1.0,0.5068793892860413,,,
0.0,0.0,0.32657718658447266,,,
1.0,1.0,0.9034497737884521,,,
1.0,0.0,0.2672395706176758,,,
0.0,0.0,0.20534057915210724,,,
1.0,1.0,0.7083630561828613,,,
0.0,0.0,0.21079134941101074,,,
1.0,1.0,0.8658135533332825,,,
1.0,0.0,0.39973384141921997,,,
1.0,1.0,0.5661062598228455,,,
1.0,1.0,0.5382648706436157,,,
0.0,0.0,0.3923102915287018,,,
0.0,0.0,0.333158016204834,,,
0.0,1.0,0.5640712976455688,,,
0.0,0.0,0.2924174964427948,,,
1.0,1.0,0.5096131563186646,,,
1.0,1.0,0.780106246471405,,,
1.0,1.0,0.7547656893730164,,,
1.0,0.0,0.3203846514225006,,,
0.0,0.0,0.12915204465389252,,,
0.0,0.0,0.4709167778491974,,,
0.0,0.0,0.3156980574131012,,,
1.0,1.0,0.5679391622543335,,,
1.0,1.0,0.5602889657020569,,,
0.0,0.0,0.2640323042869568,,,
0.0,0.0,0.22892042994499207,,,
1.0,0.0,0.4616340100765228,,,
0.0,0.0,0.3922186493873596,,,
0.0,0.0,0.3598759174346924,,,
1.0,1.0,0.7298350930213928,,,
1.0,0.0,0.45110103487968445,,,
1.0,1.0,0.6494281888008118,,,
0.0,0.0,0.2926906943321228,,,
0.0,0.0,0.40786370635032654,,,
1.0,1.0,0.622929036617279,,,
0.0,0.0,0.257821649312973,,,
1.0,1.0,0.5145288109779358,,,
0.0,0.0,0.29049038887023926,,,
0.0,0.0,0.3454475998878479,,,
0.0,0.0,0.28733164072036743,,,
0.0,0.0,0.39164432883262634,,,
0.0,1.0,0.6563901901245117,,,
1.0,1.0,0.8286333084106445,,,
0.0,0.0,0.31672799587249756,,,
0.0,1.0,0.7127476334571838,,,
0.0,0.0,0.12915204465389252,,,
1.0,1.0,0.5880743265151978,,,
0.0,0.0,0.33128663897514343,,,
0.0,0.0,0.35173022747039795,,,
0.0,0.0,0.3228991627693176,,,
1.0,1.0,0.752426028251648,,,
0.0,0.0,0.26232224702835083,,,
1.0,1.0,0.500771164894104,,,
1.0,0.0,0.47512921690940857,,,
0.0,0.0,0.450850248336792,,,
1.0,1.0,0.9210434556007385,,,
0.0,1.0,0.5976829528808594,,,
0.0,0.0,0.30685535073280334,,,
1.0,1.0,0.6919184923171997,,,
0.0,0.0,0.2992006838321686,,,
0.0,0.0,0.4284401535987854,,,
0.0,0.0,0.3822005093097687,,,
0.0,0.0,0.47558149695396423,,,
0.0,0.0,0.34498125314712524,,,
0.0,0.0,0.2600943148136139,,,
1.0,1.0,0.5703809261322021,,,
1.0,1.0,0.5561298131942749,,,
1.0,1.0,0.9152078032493591,,,
1.0,0.0,0.413685142993927,,,
0.0,1.0,0.907336950302124,,,
1.0,1.0,0.9032409191131592,,,
1.0,1.0,0.5252417325973511,,,
1.0,0.0,0.49854856729507446,,,
0.0,0.0,0.3375876843929291,,,
0.0,0.0,0.3023870587348938,,,
1.0,0.0,0.3384603261947632,,,
0.0,1.0,0.5276672840118408,,,
0.0,0.0,0.3354724943637848,,,
0.0,0.0,0.2175649255514145,,,
0.0,0.0,0.32014086842536926,,,
0.0,0.0,0.3322863280773163,,,
1.0,1.0,0.5819900631904602,,,
1.0,1.0,0.8196265697479248,,,
0.0,0.0,0.30039674043655396,,,
0.0,0.0,0.4494280219078064,,,
1.0,1.0,0.500246524810791,,,
0.0,0.0,0.41869449615478516,,,
1.0,0.0,0.4853203594684601,,,
1.0,1.0,0.7476049661636353,,,
1.0,1.0,0.5664048194885254,,,
1.0,1.0,0.8239379525184631,,,
0.0,0.0,0.1544777750968933,,,
0.0,1.0,0.5434840321540833,,,
1.0,1.0,0.6203833222389221,,,
1.0,1.0,0.8126444220542908,,,
0.0,0.0,0.3136465847492218,,,
1.0,0.0,0.2495848834514618,,,
1.0,1.0,0.6382478475570679,,,
0.0,0.0,0.34529149532318115,,,
1.0,0.0,0.37375500798225403,,,
1.0,1.0,0.7106882929801941,,,
1.0,1.0,0.8134187459945679,,,
1.0,1.0,0.7932236194610596,,,
0.0,0.0,0.2800365388393402,,,
0.0,0.0,0.3662604093551636,,,
0.0,0.0,0.37237420678138733,,,
1.0,0.0,0.393930047750473,,,
0.0,0.0,0.2870085835456848,,,
0.0,0.0,0.3953530192375183,,,
0.0,0.0,0.3052135407924652,,,
0.0,1.0,0.6344476938247681,,,
0.0,1.0,0.6465200781822205,,,
1.0,1.0,0.8109978437423706,,,
1.0,0.0,0.253214567899704,,,
0.0,0.0,0.14733511209487915,,,
0.0,0.0,0.22760054469108582,,,
0.0,0.0,0.2174585908651352,,,
0.0,0.0,0.2527962028980255,,,
0.0,0.0,0.3774688243865967,,,
0.0,0.0,0.41127458214759827,,,
0.0,0.0,0.3618103563785553,,,
0.0,0.0,0.4154455363750458,,,
1.0,0.0,0.3033711612224579,,,
0.0,0.0,0.2786202132701874,,,
0.0,0.0,0.2595124840736389,,,
1.0,1.0,0.8751454949378967,,,
1.0,1.0,0.7139520645141602,,,
0.0,0.0,0.33475133776664734,,,
0.0,1.0,0.581939697265625,,,
1.0,0.0,0.3223775625228882,,,
1.0,1.0,0.626900315284729,,,
0.0,0.0,0.38460397720336914,,,
0.0,0.0,0.31672799587249756,,,
1.0,1.0,0.5735973715782166,,,
0.0,0.0,0.38187721371650696,,,
1.0,1.0,0.5754825472831726,,,
1.0,1.0,0.7965746521949768,,,
1.0,0.0,0.3369614779949188,,,
1.0,1.0,0.7024229764938354,,,
1.0,0.0,0.4578638970851898,,,
1.0,1.0,0.5384624004364014,,,
0.0,0.0,0.3930776119232178,,,
0.0,0.0,0.2638469934463501,,,
1.0,1.0,0.5716764330863953,,,
0.0,1.0,0.75673907995224,,,
0.0,0.0,0.27350935339927673,,,
1.0,1.0,0.7241100072860718,,,
1.0,0.0,0.4869328737258911,,,
0.0,0.0,0.46111810207366943,,,
0.0,0.0,0.37998026609420776,,,
1.0,1.0,0.556189239025116,,,
1.0,0.0,0.4211369454860687,,,
1.0,1.0,0.6413896083831787,,,
0.0,0.0,0.36864733695983887,,,
1.0,1.0,0.6739119291305542,,,
0.0,0.0,0.28235095739364624,,,
0.0,0.0,0.3594646751880646,,,
0.0,0.0,0.31832703948020935,,,
1.0,0.0,0.42271021008491516,,,
1.0,1.0,0.5798048973083496,,,
1.0,1.0,0.853512704372406,,,
0.0,0.0,0.3224036991596222,,,
1.0,1.0,0.8244812488555908,,,
0.0,0.0,0.4329935908317566,,,
1.0,1.0,0.5230218172073364,,,
1.0,1.0,0.8277593851089478,,,
1.0,0.0,0.285452276468277,,,
0.0,1.0,0.5002030730247498,,,
0.0,0.0,0.20707492530345917,,,
0.0,0.0,0.3073830306529999,,,
1.0,1.0,0.5561298131942749,,,
1.0,1.0,0.6116666197776794,,,
0.0,0.0,0.46231910586357117,,,
0.0,0.0,0.36153292655944824,,,
0.0,0.0,0.2849355638027191,,,
0.0,0.0,0.4339032769203186,,,
1.0,1.0,0.6233841180801392,,,
0.0,1.0,0.7245550751686096,,,
1.0,1.0,0.8892849683761597,,,
1.0,1.0,0.5643361806869507,,,
1.0,0.0,0.3289957046508789,,,
1.0,1.0,0.58440101146698,,,
0.0,0.0,0.31744399666786194,,,
0.0,0.0,0.2939567267894745,,,
1.0,1.0,0.7463355660438538,,,
1.0,1.0,0.546105146408081,,,
1.0,0.0,0.4375273287296295,,,
1.0,1.0,0.6078893542289734,,,
0.0,1.0,0.5867083072662354,,,
1.0,0.0,0.36231186985969543,,,
1.0,0.0,0.37860965728759766,,,
1.0,1.0,0.5650951266288757,,,
1.0,1.0,0.5291122198104858,,,
0.0,1.0,0.5707351565361023,,,
0.0,0.0,0.3167842924594879,,,
1.0,0.0,0.24714332818984985,,,
0.0,0.0,0.25585663318634033,,,
1.0,1.0,0.8707781434059143,,,
0.0,1.0,0.6536058783531189,,,
0.0,0.0,0.2710043787956238,,,
1.0,1.0,0.8296838998794556,,,
1.0,0.0,0.46443355083465576,,,
1.0,1.0,0.5341452956199646,,,
0.0,0.0,0.36300912499427795,,,
0.0,0.0,0.3924713730812073,,,
0.0,0.0,0.4384685158729553,,,
0.0,1.0,0.6227924227714539,,,
0.0,0.0,0.3819747269153595,,,
1.0,1.0,0.5881685018539429,,,
0.0,0.0,0.2602018117904663,,,
1.0,1.0,0.7050612568855286,,,
1.0,0.0,0.44074955582618713,,,
1.0,1.0,0.6719890236854553,,,
0.0,0.0,0.44055694341659546,,,
0.0,1.0,0.5932367444038391,,,
0.0,0.0,0.27751976251602173,,,
1.0,1.0,0.600823163986206,,,
1.0,0.0,0.46004804968833923,,,
0.0,0.0,0.31941723823547363,,,
0.0,0.0,0.3650248646736145,,,
0.0,0.0,0.4576255679130554,,,
1.0,1.0,0.6519176959991455,,,
1.0,1.0,0.9002807140350342,,,
0.0,0.0,0.2800842821598053,,,
0.0,0.0,0.4389330744743347,,,
1.0,1.0,0.8821094632148743,,,
0.0,1.0,0.6000837683677673,,,
0.0,1.0,0.7126206755638123,,,
1.0,1.0,0.6221469044685364,,,
0.0,1.0,0.7713070511817932,,,
0.0,0.0,0.31447499990463257,,,
0.0,0.0,0.3817530572414398,,,
0.0,0.0,0.3267095685005188,,,
0.0,0.0,0.2932187020778656,,,
1.0,1.0,0.7302279472351074,,,
1.0,1.0,0.6037690043449402,,,
1.0,0.0,0.40699902176856995,,,
1.0,0.0,0.35179582238197327,,,
1.0,1.0,0.5435431003570557,,,
1.0,1.0,0.6506296992301941,,,
0.0,0.0,0.3710114657878876,,,
0.0,0.0,0.3659464418888092,,,
1.0,1.0,0.8594862222671509,,,
0.0,0.0,0.35737136006355286,,,
0.0,0.0,0.34636008739471436,,,
1.0,1.0,0.7585274577140808,,,
0.0,1.0,0.5234583616256714,,,
0.0,0.0,0.3507468104362488,,,
0.0,0.0,0.28555819392204285,,,
0.0,0.0,0.49296441674232483,,,
0.0,1.0,0.5317501425743103,,,
1.0,0.0,0.4971942603588104,,,
1.0,0.0,0.4972529113292694,,,
1.0,1.0,0.5780665278434753,,,
0.0,0.0,0.28834089636802673,,,
0.0,0.0,0.31672799587249756,,,
0.0,0.0,0.12915204465389252,,,
1.0,1.0,0.8452929854393005,,,
0.0,0.0,0.20526280999183655,,,
0.0,0.0,0.42427244782447815,,,
0.0,0.0,0.42365267872810364,,,
0.0,0.0,0.44149312376976013,,,
0.0,0.0,0.34536272287368774,,,
1.0,1.0,0.785048246383667,,,
0.0,0.0,0.43876832723617554,,,
0.0,0.0,0.33749857544898987,,,
1.0,1.0,0.7233375906944275,,,
0.0,1.0,0.5181006193161011,,,
1.0,1.0,0.6709005236625671,,,
1.0,1.0,0.7022054195404053,,,
0.0,0.0,0.3785427212715149,,,
1.0,1.0,0.5655829310417175,,,
1.0,1.0,0.7984603047370911,,,
0.0,1.0,0.6417858600616455,,,
1.0,1.0,0.5526538491249084,,,
1.0,1.0,0.7419438362121582,,,
0.0,0.0,0.44074955582618713,,,
0.0,0.0,0.43320897221565247,,,
0.0,1.0,0.5754032135009766,,,
1.0,0.0,0.37860429286956787,,,
1.0,1.0,0.7739657759666443,,,
1.0,1.0,0.6970656514167786,,,
0.0,0.0,0.11453671008348465,,,
0.0,0.0,0.30656561255455017,,,
1.0,1.0,0.8072425723075867,,,
0.0,0.0,0.4481957256793976,,,
1.0,0.0,0.49560239911079407,,,
1.0,1.0,0.8257102370262146,,,
1.0,1.0,0.9149998426437378,,,
0.0,1.0,0.6550509333610535,,,
1.0,0.0,0.3288959860801697,,,
0.0,0.0,0.2902813255786896,,,
0.0,0.0,0.263717919588089,,,
0.0,0.0,0.46863213181495667,,,
1.0,1.0,0.7274414896965027,,,
0.0,0.0,0.42907506227493286,,,
0.0,0.0,0.33974727988243103,,,
1.0,1.0,0.6410642862319946,,,
1.0,1.0,0.687485933303833,,,
1.0,1.0,0.5879098176956177,,,
0.0,0.0,0.3586815893650055,,,
1.0,0.0,0.4562864303588867,,,
0.0,0.0,0.19864745438098907,,,
0.0,0.0,0.23751282691955566,,,
0.0,0.0,0.32457202672958374,,,
1.0,1.0,0.5769340395927429,,,
0.0,0.0,0.43942761421203613,,,
1.0,1.0,0.5511955618858337,,,
0.0,0.0,0.46783918142318726,,,
0.0,0.0,0.1486731618642807,,,
1.0,1.0,0.789087176322937,,,
0.0,0.0,0.22446656227111816,,,
1.0,1.0,0.6843157410621643,,,
0.0,0.0,0.3227565288543701,,,
0.0,0.0,0.24346567690372467,,,
1.0,1.0,0.7200067043304443,,,
1.0,1.0,0.909889817237854,,,
0.0,0.0,0.30071017146110535,,,
0.0,0.0,0.42599183320999146,,,
0.0,0.0,0.19193850457668304,,,
0.0,0.0,0.23324276506900787,,,
0.0,0.0,0.25691547989845276,,,
0.0,0.0,0.35338085889816284,,,
1.0,1.0,0.7878051996231079,,,
0.0,0.0,0.40142250061035156,,,
1.0,1.0,0.6309987902641296,,,
0.0,0.0,0.31601348519325256,,,
0.0,0.0,0.3220542073249817,,,
1.0,0.0,0.4259563386440277,,,
0.0,0.0,0.35215604305267334,,,
1.0,0.0,0.4738573729991913,,,
0.0,1.0,0.5416590571403503,,,
1.0,0.0,0.34827083349227905,,,
0.0,1.0,0.5975825190544128,,,
0.0,1.0,0.5259783864021301,,,
1.0,0.0,0.4033881425857544,,,
0.0,0.0,0.45899543166160583,,,
0.0,0.0,0.18534059822559357,,,
1.0,1.0,0.5351455211639404,,,
0.0,0.0,0.42437925934791565,,,
1.0,1.0,0.525239109992981,,,
1.0,0.0,0.45518597960472107,,,
1.0,1.0,0.5050719976425171,,,
1.0,1.0,0.5092201232910156,,,
1.0,0.0,0.45461130142211914,,,
0.0,0.0,0.4257444739341736,,,
0.0,0.0,0.35157760977745056,,,
0.0,0.0,0.32703667879104614,,,
1.0,1.0,0.5480731129646301,,,
0.0,0.0,0.33872857689857483,,,
1.0,1.0,0.8379689455032349,,,
1.0,1.0,0.7087759971618652,,,
0.0,0.0,0.3056187033653259,,,
0.0,0.0,0.44026121497154236,,,
0.0,0.0,0.4720776379108429,,,
0.0,1.0,0.5557795763015747,,,
1.0,1.0,0.6782916784286499,,,
1.0,0.0,0.4232155680656433,,,
0.0,0.0,0.29904359579086304,,,
0.0,0.0,0.3990081250667572,,,
0.0,0.0,0.34320858120918274,,,
0.0,0.0,0.47265738248825073,,,
1.0,1.0,0.7139520645141602,,,
1.0,1.0,0.71413654088974,,,
1.0,0.0,0.33878040313720703,,,
1.0,1.0,0.7513136267662048,,,
0.0,1.0,0.5701704025268555,,,
1.0,1.0,0.6131842136383057,,,
1.0,0.0,0.4431990683078766,,,
0.0,0.0,0.2580462098121643,,,
0.0,0.0,0.271399587392807,,,
0.0,1.0,0.538296103477478,,,
1.0,1.0,0.6924732327461243,,,
0.0,0.0,0.41189226508140564,,,
1.0,0.0,0.3789788782596588,,,
0.0,0.0,0.3304055333137512,,,
0.0,0.0,0.25916269421577454,,,
0.0,0.0,0.2799853980541229,,,
1.0,1.0,0.7452941536903381,,,
1.0,1.0,0.630117654800415,,,
0.0,1.0,0.5116235613822937,,,
0.0,0.0,0.3337774872779846,,,
0.0,0.0,0.3813009262084961,,,
1.0,1.0,0.5860487222671509,,,
0.0,0.0,0.21614791452884674,,,
0.0,0.0,0.4264650344848633,,,
0.0,0.0,0.3971852958202362,,,
0.0,0.0,0.3962017297744751,,,
0.0,0.0,0.2783052921295166,,,
1.0,1.0,0.5404555201530457,,,
0.0,0.0,0.4669320583343506,,,
0.0,0.0,0.2660105228424072,,,
1.0,1.0,0.6668163537979126,,,
0.0,0.0,0.3921850621700287,,,
0.0,0.0,0.3263506293296814,,,
1.0,1.0,0.6054858565330505,,,
1.0,1.0,0.7658628225326538,,,
0.0,0.0,0.441316694021225,,,
0.0,0.0,0.4084656238555908,,,
0.0,0.0,0.37448206543922424,,,
1.0,1.0,0.8172421455383301,,,
0.0,0.0,0.2357131838798523,,,
1.0,1.0,0.5119351148605347,,,
1.0,1.0,0.822992205619812,,,
1.0,1.0,0.6516880393028259,,,
1.0,0.0,0.49172717332839966,,,
0.0,0.0,0.314060240983963,,,
1.0,1.0,0.6567133665084839,,,
0.0,0.0,0.2656475007534027,,,
1.0,1.0,0.7596870064735413,,,
0.0,0.0,0.43971872329711914,,,
0.0,0.0,0.3797803521156311,,,
0.0,1.0,0.5232656002044678,,,
1.0,0.0,0.31476935744285583,,,
1.0,0.0,0.42889752984046936,,,
0.0,0.0,0.232329860329628,,,
1.0,0.0,0.4325697124004364,,,
1.0,1.0,0.5308780670166016,,,
1.0,1.0,0.5705773830413818,,,
1.0,1.0,0.5458413362503052,,,
1.0,0.0,0.3741695284843445,,,
1.0,1.0,0.5409796833992004,,,
1.0,1.0,0.5047962069511414,,,
0.0,0.0,0.1623658388853073,,,
0.0,0.0,0.2671237587928772,,,
0.0,0.0,0.3375348150730133,,,
1.0,0.0,0.38544684648513794,,,
0.0,0.0,0.334771990776062,,,
0.0,0.0,0.4832923710346222,,,
1.0,1.0,0.5516894459724426,,,
1.0,1.0,0.6363025307655334,,,
0.0,0.0,0.22483031451702118,,,
1.0,1.0,0.5371904373168945,,,
0.0,0.0,0.3824131488800049,,,
0.0,0.0,0.187136709690094,,,
0.0,0.0,0.3110118508338928,,,
0.0,0.0,0.3265584111213684,,,
1.0,0.0,0.32387393712997437,,,
1.0,1.0,0.7242740988731384,,,
0.0,0.0,0.25690922141075134,,,
1.0,1.0,0.5992354154586792,,,
0.0,0.0,0.31669777631759644,,,
0.0,0.0,0.29049038887023926,,,
0.0,1.0,0.5246036648750305,,,
0.0,0.0,0.2530134618282318,,,
0.0,0.0,0.40512722730636597,,,
1.0,0.0,0.36146536469459534,,,
0.0,0.0,0.21580050885677338,,,
1.0,0.0,0.4316823184490204,,,
1.0,1.0,0.523909330368042,,,
0.0,0.0,0.300607293844223,,,
0.0,0.0,0.42447587847709656,,,
1.0,0.0,0.45022666454315186,,,
0.0,0.0,0.30340155959129333,,,
1.0,1.0,0.8854017853736877,,,
0.0,0.0,0.1638774424791336,,,
1.0,1.0,0.7697614431381226,,,
1.0,1.0,0.6814355850219727,,,
0.0,0.0,0.3848942220211029,,,
0.0,0.0,0.4896443784236908,,,
1.0,1.0,0.5707351565361023,,,
0.0,1.0,0.5314518809318542,,,
0.0,0.0,0.24499434232711792,,,
1.0,0.0,0.4564824402332306,,,
0.0,0.0,0.4758242964744568,,,
1.0,0.0,0.3206002414226532,,,
0.0,0.0,0.2936428189277649,,,
0.0,0.0,0.2967272698879242,,,
0.0,0.0,0.35150283575057983,,,
1.0,1.0,0.5680063366889954,,,
0.0,0.0,0.2922384440898895,,,
0.0,0.0,0.29791057109832764,,,
0.0,1.0,0.5577507019042969,,,
1.0,1.0,0.5896872878074646,,,
0.0,0.0,0.16291558742523193,,,
0.0,0.0,0.2590601146221161,,,
0.0,0.0,0.29357075691223145,,,
1.0,1.0,0.6886215806007385,,,
1.0,0.0,0.3930812180042267,,,
1.0,1.0,0.6429041624069214,,,
1.0,1.0,0.6625481843948364,,,
1.0,1.0,0.5095257759094238,,,
0.0,0.0,0.3230806291103363,,,
0.0,1.0,0.6262597441673279,,,
0.0,0.0,0.19686314463615417,,,
1.0,1.0,0.717889130115509,,,
0.0,0.0,0.33178818225860596,,,
1.0,1.0,0.6441758871078491,,,
0.0,0.0,0.3195093274116516,,,
0.0,0.0,0.2793857753276825,,,
0.0,0.0,0.36771515011787415,,,
1.0,0.0,0.47416117787361145,,,
1.0,0.0,0.43420904874801636,,,
1.0,1.0,0.9272419810295105,,,
1.0,1.0,0.5184061527252197,,,
1.0,0.0,0.3644617199897766,,,
1.0,1.0,0.748806357383728,,,
1.0,0.0,0.4980495572090149,,,
1.0,1.0,0.5547418594360352,,,
1.0,1.0,0.8328274488449097,,,
1.0,0.0,0.3755476772785187,,,
0.0,0.0,0.33427610993385315,,,
0.0,0.0,0.3232114911079407,,,
1.0,1.0,0.5700855851173401,,,
1.0,1.0,0.8962677121162415,,,
1.0,1.0,0.7610989212989807,,,
1.0,1.0,0.6539585590362549,,,
0.0,0.0,0.26601964235305786,,,
0.0,0.0,0.40255287289619446,,,
0.0,0.0,0.22002896666526794,,,
1.0,0.0,0.4294625222682953,,,
0.0,0.0,0.42882028222084045,,,
1.0,1.0,0.6761767864227295,,,
0.0,0.0,0.38387414813041687,,,
0.0,0.0,0.23474258184432983,,,
1.0,1.0,0.7096213102340698,,,
0.0,0.0,0.49259665608406067,,,
1.0,0.0,0.46635866165161133,,,
0.0,0.0,0.21759501099586487,,,
0.0,1.0,0.5795204043388367,,,
0.0,1.0,0.6663996577262878,,,
0.0,0.0,0.2662677466869354,,,
0.0,1.0,0.595967173576355,,,
1.0,1.0,0.6995539665222168,,,
1.0,1.0,0.7140894532203674,,,
0.0,0.0,0.26630881428718567,,,
1.0,1.0,0.7553296089172363,,,
1.0,1.0,0.7571589350700378,,,
1.0,1.0,0.5315629243850708,,,
1.0,0.0,0.4417940080165863,,,
1.0,1.0,0.839288055896759,,,
0.0,0.0,0.32905349135398865,,,
0.0,0.0,0.2726476192474365,,,
0.0,0.0,0.3904258906841278,,,
0.0,0.0,0.29933497309684753,,,
1.0,1.0,0.523909330368042,,,
0.0,0.0,0.37837040424346924,,,
0.0,0.0,0.2960541546344757,,,
1.0,0.0,0.45949113368988037,,,
1.0,0.0,0.36416196823120117,,,
0.0,0.0,0.3400331437587738,,,
1.0,1.0,0.8226456046104431,,,
0.0,0.0,0.3701711893081665,,,
1.0,0.0,0.22358998656272888,,,
1.0,0.0,0.3418111801147461,,,
1.0,0.0,0.34052038192749023,,,
1.0,0.0,0.3271249234676361,,,
0.0,1.0,0.682113528251648,,,
1.0,1.0,0.5773903131484985,,,
1.0,1.0,0.8015614748001099,,,
0.0,0.0,0.2634674310684204,,,
0.0,0.0,0.2817715108394623,,,
0.0,0.0,0.2688784599304199,,,
0.0,0.0,0.2392067313194275,,,
0.0,0.0,0.35585957765579224,,,
0.0,0.0,0.13111360371112823,,,
0.0,0.0,0.3934769630432129,,,
0.0,0.0,0.3782826364040375,,,
1.0,1.0,0.6394497752189636,,,
0.0,0.0,0.37579888105392456,,,
0.0,0.0,0.21499595046043396,,,
0.0,0.0,0.33448174595832825,,,
1.0,1.0,0.8414285778999329,,,
0.0,1.0,0.6558425426483154,,,
1.0,0.0,0.4969503879547119,,,
1.0,0.0,0.42264047265052795,,,
1.0,0.0,0.4808811843395233,,,
1.0,1.0,0.8436652421951294,,,
0.0,1.0,0.5401872396469116,,,
1.0,1.0,0.5382204651832581,,,
1.0,0.0,0.44543007016181946,,,
1.0,1.0,0.5273242592811584,,,
0.0,1.0,0.51365065574646,,,
0.0,0.0,0.3577006161212921,,,
0.0,0.0,0.3942277729511261,,,
1.0,1.0,0.8720522522926331,,,
1.0,1.0,0.6413294076919556,,,
1.0,1.0,0.514087438583374,,,
0.0,0.0,0.44144296646118164,,,
0.0,0.0,0.33270877599716187,,,
0.0,0.0,0.45647498965263367,,,
1.0,1.0,0.7323373556137085,,,
1.0,1.0,0.5466092824935913,,,
1.0,1.0,0.9111026525497437,,,
0.0,0.0,0.3752959966659546,,,
0.0,0.0,0.34730178117752075,,,
0.0,0.0,0.2974834740161896,,,
0.0,0.0,0.25080472230911255,,,
1.0,0.0,0.48097851872444153,,,
1.0,1.0,0.694602370262146,,,
0.0,0.0,0.44689419865608215,,,
1.0,1.0,0.7915416359901428,,,
1.0,1.0,0.5088651776313782,,,
1.0,1.0,0.8946650624275208,,,
0.0,1.0,0.567916214466095,,,
1.0,0.0,0.35119786858558655,,,
0.0,0.0,0.34988677501678467,,,
1.0,1.0,0.7331560254096985,,,
1.0,1.0,0.7508676648139954,,,
0.0,0.0,0.2829466760158539,,,
1.0,0.0,0.30486220121383667,,,
0.0,0.0,0.32661116123199463,,,
1.0,0.0,0.4398818612098694,,,
1.0,0.0,0.37940430641174316,,,
1.0,1.0,0.7228562235832214,,,
0.0,0.0,0.3334381580352783,,,
1.0,0.0,0.4367802143096924,,,
1.0,1.0,0.6901545524597168,,,
1.0,0.0,0.4781097173690796,,,
1.0,1.0,0.6072483062744141,,,
0.0,0.0,0.2962133586406708,,,
1.0,1.0,0.5852901339530945,,,
0.0,0.0,0.43124309182167053,,,
0.0,0.0,0.31015411019325256,,,
0.0,1.0,0.5969956517219543,,,
0.0,0.0,0.24750015139579773,,,
1.0,1.0,0.5456202030181885,,,
0.0,0.0,0.3092712461948395,,,
1.0,0.0,0.4255962669849396,,,
1.0,0.0,0.4951964318752289,,,
0.0,0.0,0.3926399350166321,,,
1.0,1.0,0.9063161015510559,,,
1.0,1.0,0.7278442978858948,,,
0.0,0.0,0.49801555275917053,,,
0.0,1.0,0.6134816408157349,,,
0.0,0.0,0.21514242887496948,,,
0.0,0.0,0.36806535720825195,,,
0.0,1.0,0.5922228693962097,,,
1.0,0.0,0.4798390567302704,,,
0.0,0.0,0.24988792836666107,,,
1.0,1.0,0.5301425457000732,,,
0.0,0.0,0.11892899125814438,,,
1.0,1.0,0.6857120394706726,,,
1.0,1.0,0.5090101957321167,,,
0.0,0.0,0.41042429208755493,,,
0.0,0.0,0.3084632456302643,,,
1.0,1.0,0.6024578809738159,,,
0.0,0.0,0.4172903597354889,,,
1.0,1.0,0.5151154398918152,,,
1.0,0.0,0.4876147508621216,,,
0.0,0.0,0.3409811556339264,,,
0.0,0.0,0.3728649914264679,,,
1.0,0.0,0.45775821805000305,,,
1.0,1.0,0.7456216812133789,,,
1.0,0.0,0.3789033889770508,,,
0.0,1.0,0.5190423130989075,,,
0.0,0.0,0.2077043503522873,,,
1.0,1.0,0.5565552115440369,,,
1.0,1.0,0.7028618454933167,,,
1.0,0.0,0.3004072606563568,,,
0.0,0.0,0.34827613830566406,,,
1.0,1.0,0.8464495539665222,,,
1.0,1.0,0.8223406076431274,,,
0.0,0.0,0.394167423248291,,,
0.0,1.0,0.6675105690956116,,,
1.0,1.0,0.7387759685516357,,,
0.0,0.0,0.3513658940792084,,,
0.0,0.0,0.19545653462409973,,,
1.0,0.0,0.4354439377784729,,,
0.0,0.0,0.25300243496894836,,,
1.0,1.0,0.5934983491897583,,,
1.0,1.0,0.873953640460968,,,
1.0,0.0,0.49042844772338867,,,
1.0,1.0,0.7529180645942688,,,
0.0,0.0,0.3785686492919922,,,
1.0,1.0,0.9210434556007385,,,
1.0,1.0,0.9093990921974182,,,
0.0,1.0,0.503912091255188,,,
1.0,1.0,0.7664635181427002,,,
0.0,0.0,0.3752959966659546,,,
1.0,1.0,0.5726922154426575,,,
1.0,1.0,0.6802601218223572,,,
0.0,0.0,0.388443261384964,,,
1.0,1.0,0.8204417824745178,,,
0.0,0.0,0.21876001358032227,,,
1.0,1.0,0.5285801291465759,,,
1.0,0.0,0.36805054545402527,,,
0.0,0.0,0.29769402742385864,,,
1.0,0.0,0.2946680784225464,,,
0.0,0.0,0.3823617100715637,,,
1.0,1.0,0.5582957863807678,,,
1.0,1.0,0.5410916209220886,,,
0.0,0.0,0.2964154779911041,,,
0.0,0.0,0.4037434458732605,,,
0.0,0.0,0.2950995862483978,,,
0.0,0.0,0.46168088912963867,,,
1.0,1.0,0.7622341513633728,,,
0.0,1.0,0.5048662424087524,,,
0.0,1.0,0.5142943859100342,,,
0.0,0.0,0.422710120677948,,,
0.0,0.0,0.37300533056259155,,,
1.0,0.0,0.31025221943855286,,,
0.0,0.0,0.4646904170513153,,,
0.0,1.0,0.5133528709411621,,,
1.0,1.0,0.7981370687484741,,,
1.0,1.0,0.6608898639678955,,,
0.0,0.0,0.28220081329345703,,,
0.0,0.0,0.3253343999385834,,,
0.0,0.0,0.4117864966392517,,,
1.0,1.0,0.7384118437767029,,,
0.0,0.0,0.28035983443260193,,,
1.0,1.0,0.7835489511489868,,,
0.0,0.0,0.29094794392585754,,,
0.0,0.0,0.35669228434562683,,,
0.0,0.0,0.3456975221633911,,,
0.0,0.0,0.27608662843704224,,,
1.0,1.0,0.7603161931037903,,,
1.0,1.0,0.7144865393638611,,,
0.0,0.0,0.3849059045314789,,,
1.0,1.0,0.5387551784515381,,,
0.0,0.0,0.41403713822364807,,,
0.0,0.0,0.3491962254047394,,,
0.0,0.0,0.4164036512374878,,,
0.0,0.0,0.3147200644016266,,,
1.0,1.0,0.6579241752624512,,,
1.0,1.0,0.770942747592926,,,
0.0,0.0,0.3100990355014801,,,
1.0,0.0,0.3660946786403656,,,
0.0,0.0,0.26644811034202576,,,
1.0,1.0,0.5072379112243652,,,
0.0,0.0,0.33475133776664734,,,
1.0,1.0,0.5346298217773438,,,
1.0,1.0,0.5452173948287964,,,
1.0,0.0,0.29382556676864624,,,
1.0,1.0,0.7564814686775208,,,
0.0,1.0,0.687456488609314,,,
0.0,0.0,0.2926575839519501,,,
0.0,0.0,0.40157637000083923,,,
0.0,0.0,0.30192407965660095,,,
1.0,1.0,0.5376400947570801,,,
1.0,1.0,0.5662135481834412,,,
1.0,1.0,0.5874218344688416,,,
0.0,1.0,0.51068514585495,,,
1.0,1.0,0.8613478541374207,,,
0.0,0.0,0.3406369090080261,,,
0.0,1.0,0.530280590057373,,,
1.0,1.0,0.5002668499946594,,,
0.0,0.0,0.4013620913028717,,,
1.0,1.0,0.7764838933944702,,,
1.0,0.0,0.3683270812034607,,,
1.0,0.0,0.4183407127857208,,,
0.0,0.0,0.4034948945045471,,,
1.0,0.0,0.4241567850112915,,,
0.0,0.0,0.3011174499988556,,,
0.0,0.0,0.3501191735267639,,,
1.0,1.0,0.549189567565918,,,
0.0,1.0,0.6675204038619995,,,
0.0,0.0,0.3897497057914734,,,
1.0,1.0,0.6652370691299438,,,
0.0,0.0,0.32124489545822144,,,
0.0,0.0,0.3544217348098755,,,
1.0,1.0,0.5236644744873047,,,
1.0,0.0,0.49539753794670105,,,
0.0,1.0,0.6653711795806885,,,
0.0,0.0,0.47047358751296997,,,
0.0,0.0,0.24860797822475433,,,
1.0,0.0,0.41503000259399414,,,
0.0,0.0,0.17065168917179108,,,
0.0,0.0,0.3796239495277405,,,
1.0,0.0,0.3372219502925873,,,
1.0,1.0,0.6105479001998901,,,
0.0,0.0,0.47660282254219055,,,
0.0,0.0,0.3488638401031494,,,
1.0,0.0,0.4042814075946808,,,
1.0,1.0,0.7171931266784668,,,
0.0,0.0,0.4055290222167969,,,
0.0,0.0,0.38454824686050415,,,
0.0,1.0,0.5129088759422302,,,
0.0,0.0,0.2539994418621063,,,
1.0,0.0,0.46065354347229004,,,
0.0,1.0,0.5934633612632751,,,
0.0,0.0,0.3601745069026947,,,
1.0,0.0,0.316341757774353,,,
0.0,0.0,0.48247280716896057,,,
0.0,0.0,0.28388354182243347,,,
1.0,0.0,0.42488834261894226,,,
1.0,1.0,0.5754436254501343,,,
1.0,1.0,0.5658236145973206,,,
0.0,0.0,0.28084397315979004,,,
1.0,0.0,0.4740627706050873,,,
0.0,0.0,0.12915204465389252,,,
1.0,1.0,0.7267876267433167,,,
0.0,1.0,0.5422607660293579,,,
1.0,1.0,0.5120353698730469,,,
0.0,0.0,0.453536719083786,,,
1.0,1.0,0.5031729340553284,,,
0.0,0.0,0.4068217873573303,,,
1.0,0.0,0.45531123876571655,,,
0.0,0.0,0.25372472405433655,,,
1.0,1.0,0.812745988368988,,,
1.0,1.0,0.6848402619361877,,,
0.0,0.0,0.3175887167453766,,,
0.0,0.0,0.29859593510627747,,,
1.0,1.0,0.7085750699043274,,,
0.0,0.0,0.39305830001831055,,,
0.0,1.0,0.6420227885246277,,,
0.0,0.0,0.4995482563972473,,,
0.0,0.0,0.33478784561157227,,,
1.0,0.0,0.47781890630722046,,,
0.0,0.0,0.45938968658447266,,,
0.0,0.0,0.4779650568962097,,,
0.0,0.0,0.37275969982147217,,,
1.0,1.0,0.6209498643875122,,,
1.0,1.0,0.9245615601539612,,,
0.0,0.0,0.17953431606292725,,,
0.0,0.0,0.38420456647872925,,,
0.0,0.0,0.35383760929107666,,,
0.0,0.0,0.22580930590629578,,,
0.0,0.0,0.2894335985183716,,,
0.0,0.0,0.1595943719148636,,,
0.0,0.0,0.30059337615966797,,,
1.0,1.0,0.5447360873222351,,,
1.0,0.0,0.3466670513153076,,,
0.0,0.0,0.2689753472805023,,,
1.0,1.0,0.538449764251709,,,
1.0,0.0,0.43552857637405396,,,
0.0,1.0,0.734261691570282,,,
0.0,0.0,0.43371695280075073,,,
0.0,0.0,0.29596057534217834,,,
0.0,1.0,0.6973612308502197,,,
0.0,0.0,0.27921366691589355,,,
1.0,0.0,0.3178097605705261,,,
1.0,0.0,0.4108303189277649,,,
1.0,1.0,0.8200179934501648,,,
1.0,0.0,0.3676132261753082,,,
1.0,1.0,0.7124924063682556,,,
1.0,1.0,0.5946884751319885,,,
1.0,1.0,0.5745563507080078,,,
1.0,0.0,0.18651363253593445,,,
0.0,0.0,0.4075867533683777,,,
0.0,0.0,0.32330289483070374,,,
1.0,0.0,0.45703476667404175,,,
1.0,1.0,0.7452551126480103,,,
0.0,0.0,0.42654481530189514,,,
1.0,1.0,0.6458807587623596,,,
1.0,1.0,0.6288142800331116,,,
0.0,0.0,0.2569650411605835,,,
1.0,1.0,0.6349911093711853,,,
1.0,1.0,0.7439627647399902,,,
1.0,1.0,0.8236482739448547,,,
1.0,1.0,0.7995963096618652,,,
0.0,1.0,0.5700532793998718,,,
0.0,1.0,0.5105276107788086,,,
1.0,1.0,0.622946560382843,,,
1.0,1.0,0.6583256721496582,,,
1.0,1.0,0.7995591163635254,,,
1.0,1.0,0.8278265595436096,,,
0.0,1.0,0.5234336256980896,,,
0.0,0.0,0.2603572905063629,,,
0.0,1.0,0.500625729560852,,,
0.0,0.0,0.24615827202796936,,,
1.0,1.0,0.8190284967422485,,,
0.0,0.0,0.3094426393508911,,,
0.0,0.0,0.425676167011261,,,
1.0,1.0,0.5409408807754517,,,
0.0,1.0,0.5238400101661682,,,
0.0,0.0,0.3536834716796875,,,
0.0,0.0,0.3060694932937622,,,
1.0,1.0,0.9219627380371094,,,
0.0,0.0,0.22336436808109283,,,
0.0,0.0,0.17931291460990906,,,
0.0,0.0,0.3723198175430298,,,
0.0,0.0,0.36465486884117126,,,
1.0,1.0,0.6130101680755615,,,
1.0,1.0,0.6112145781517029,,,
1.0,0.0,0.44197073578834534,,,
1.0,1.0,0.839852511882782,,,
0.0,0.0,0.2947499454021454,,,
0.0,0.0,0.3766974210739136,,,
0.0,0.0,0.3959687650203705,,,
1.0,1.0,0.5557376146316528,,,
0.0,0.0,0.31389614939689636,,,
1.0,1.0,0.7938012480735779,,,
0.0,0.0,0.3270057439804077,,,
0.0,0.0,0.27782419323921204,,,
0.0,0.0,0.37477076053619385,,,
0.0,1.0,0.5766836404800415,,,
0.0,0.0,0.3528634011745453,,,
1.0,1.0,0.5009699463844299,,,
1.0,1.0,0.9398038387298584,,,
1.0,0.0,0.48339787125587463,,,
0.0,1.0,0.5284745693206787,,,
1.0,1.0,0.8136982917785645,,,
1.0,1.0,0.8498150110244751,,,
1.0,1.0,0.7026016116142273,,,
0.0,0.0,0.288707971572876,,,
1.0,0.0,0.4359016418457031,,,
0.0,0.0,0.4334133565425873,,,
0.0,1.0,0.6132080554962158,,,
1.0,0.0,0.4987577795982361,,,
0.0,0.0,0.3681448698043823,,,
0.0,1.0,0.5162469148635864,,,
0.0,0.0,0.3399474322795868,,,
1.0,0.0,0.467337429523468,,,
1.0,0.0,0.3512406349182129,,,
0.0,0.0,0.3006259500980377,,,
0.0,1.0,0.5231704115867615,,,
0.0,0.0,0.3302536904811859,,,
1.0,1.0,0.6303902268409729,,,
0.0,0.0,0.4589787721633911,,,
0.0,0.0,0.2022940069437027,,,
0.0,0.0,0.23731103539466858,,,
0.0,0.0,0.31025221943855286,,,
0.0,0.0,0.3361666798591614,,,
1.0,1.0,0.8747909069061279,,,
1.0,1.0,0.8338053822517395,,,
0.0,0.0,0.1914382427930832,,,
0.0,0.0,0.31610456109046936,,,
1.0,0.0,0.42157742381095886,,,
1.0,1.0,0.7513982057571411,,,
1.0,1.0,0.638516366481781,,,
0.0,0.0,0.4437796175479889,,,
1.0,1.0,0.5875015258789062,,,
1.0,1.0,0.7691212892532349,,,
1.0,0.0,0.2840164303779602,,,
1.0,1.0,0.7423244714736938,,,
0.0,1.0,0.683078408241272,,,
1.0,1.0,0.6362732648849487,,,
1.0,1.0,0.6953840255737305,,,
0.0,0.0,0.2553166449069977,,,
1.0,0.0,0.22864708304405212,,,
0.0,0.0,0.12382355332374573,,,
0.0,0.0,0.3523595333099365,,,
0.0,0.0,0.4281410872936249,,,
1.0,1.0,0.8307888507843018,,,
1.0,1.0,0.7580235004425049,,,
0.0,0.0,0.38127028942108154,,,
1.0,0.0,0.3269297480583191,,,
1.0,0.0,0.32353684306144714,,,
1.0,1.0,0.5043123364448547,,,
1.0,1.0,0.5701913833618164,,,
1.0,1.0,0.5133541226387024,,,
0.0,0.0,0.33323341608047485,,,
1.0,1.0,0.6366904377937317,,,
1.0,1.0,0.7567558288574219,,,
0.0,0.0,0.35208651423454285,,,
1.0,1.0,0.6521645188331604,,,
0.0,1.0,0.5467665791511536,,,
1.0,0.0,0.35823556780815125,,,
1.0,0.0,0.4404245913028717,,,
0.0,0.0,0.3203846514225006,,,
1.0,1.0,0.8097052574157715,,,
0.0,0.0,0.22193072736263275,,,
0.0,0.0,0.2386953979730606,,,
1.0,1.0,0.5314518809318542,,,
0.0,0.0,0.4076458215713501,,,
1.0,1.0,0.8817893266677856,,,
0.0,0.0,0.3073112964630127,,,
0.0,0.0,0.3416549563407898,,,
0.0,0.0,0.34029749035835266,,,
0.0,0.0,0.4633949398994446,,,
0.0,0.0,0.3040318191051483,,,
1.0,1.0,0.856567919254303,,,
0.0,0.0,0.205463707447052,,,
0.0,0.0,0.31617408990859985,,,
1.0,0.0,0.48511815071105957,,,
0.0,1.0,0.6185568571090698,,,
0.0,0.0,0.2450265735387802,,,
1.0,1.0,0.516628623008728,,,
0.0,0.0,0.4510739743709564,,,
1.0,1.0,0.5464181900024414,,,
1.0,1.0,0.8909714221954346,,,
0.0,0.0,0.21198226511478424,,,
1.0,1.0,0.5016596913337708,,,
0.0,0.0,0.45511314272880554,,,
1.0,1.0,0.8522771000862122,,,
0.0,0.0,0.38684025406837463,,,
0.0,0.0,0.4026947617530823,,,
0.0,0.0,0.3775354325771332,,,
1.0,0.0,0.4741806089878082,,,
1.0,0.0,0.3290275037288666,,,
1.0,1.0,0.7702397704124451,,,
1.0,1.0,0.6898886561393738,,,
0.0,0.0,0.2767300605773926,,,
0.0,1.0,0.5375295281410217,,,
1.0,0.0,0.4188620150089264,,,
0.0,0.0,0.2754342257976532,,,
0.0,0.0,0.30340155959129333,,,
1.0,0.0,0.36972808837890625,,,
0.0,0.0,0.27941229939460754,,,
1.0,1.0,0.8147611618041992,,,
0.0,0.0,0.24893246591091156,,,
0.0,0.0,0.46823567152023315,,,
1.0,1.0,0.7485227584838867,,,
0.0,0.0,0.2569650411605835,,,
0.0,0.0,0.43063580989837646,,,
0.0,1.0,0.674068808555603,,,
0.0,0.0,0.2829276919364929,,,
1.0,1.0,0.5396268367767334,,,
0.0,0.0,0.2018929421901703,,,
0.0,0.0,0.3518082797527313,,,
0.0,0.0,0.14675721526145935,,,
0.0,0.0,0.35832637548446655,,,
1.0,1.0,0.6193169355392456,,,
0.0,1.0,0.5309247970581055,,,
1.0,0.0,0.48340487480163574,,,
1.0,0.0,0.4598580002784729,,,
0.0,0.0,0.3088865578174591,,,
1.0,1.0,0.7267886996269226,,,
1.0,0.0,0.3961251378059387,,,
1.0,1.0,0.671614408493042,,,
1.0,1.0,0.7200871706008911,,,
0.0,1.0,0.5024067163467407,,,
1.0,0.0,0.4790356457233429,,,
1.0,0.0,0.3015914261341095,,,
1.0,0.0,0.4375273287296295,,,
1.0,1.0,0.8235372304916382,,,
0.0,0.0,0.24562014639377594,,,
0.0,0.0,0.38273268938064575,,,
1.0,0.0,0.4689849317073822,,,
