y,probs,preds
0.0,0.3094705,0.0
0.0,0.20034151,0.0
0.0,0.074525885,0.0
0.0,0.36129552,0.0
0.0,0.08338694,0.0
1.0,0.55257946,1.0
0.0,0.59772044,1.0
0.0,0.0017558066,0.0
1.0,0.9860373,1.0
1.0,0.6380655,1.0
0.0,0.1903387,0.0
0.0,0.27938628,0.0
1.0,0.949784,1.0
0.0,0.43538862,0.0
1.0,0.99895334,1.0
0.0,0.012624522,0.0
1.0,0.9811335,1.0
1.0,0.9964799,1.0
1.0,0.94779783,1.0
0.0,0.39575472,0.0
1.0,0.99306995,1.0
1.0,0.9985006,1.0
1.0,0.9750929,1.0
0.0,0.059452698,0.0
1.0,0.9987206,1.0
0.0,0.004831065,0.0
0.0,0.06732269,0.0
0.0,0.1417453,0.0
1.0,0.96577424,1.0
0.0,0.07088392,0.0
1.0,0.9521786,1.0
1.0,0.98686975,1.0
0.0,0.34916744,0.0
1.0,0.70687425,1.0
0.0,0.56280553,1.0
0.0,0.35941288,0.0
0.0,0.8179961,1.0
0.0,0.07178382,0.0
1.0,0.956352,1.0
0.0,0.26681367,0.0
0.0,0.66906387,1.0
0.0,0.8043812,1.0
0.0,0.0034762528,0.0
0.0,0.10116818,0.0
0.0,0.110539295,0.0
0.0,0.023096222,0.0
0.0,0.043996844,0.0
1.0,0.95284885,1.0
1.0,0.9983981,1.0
1.0,0.67353743,1.0
0.0,0.30688292,0.0
1.0,0.67608005,1.0
0.0,0.15733504,0.0
1.0,0.985849,1.0
0.0,0.113236636,0.0
0.0,0.04410644,0.0
0.0,0.004571889,0.0
1.0,0.66482526,1.0
0.0,0.50171137,1.0
1.0,0.9638718,1.0
1.0,0.97965974,1.0
1.0,0.9922134,1.0
1.0,0.32250986,0.0
1.0,0.9800265,1.0
0.0,0.023365399,0.0
0.0,0.1513341,0.0
0.0,0.15002066,0.0
0.0,0.12304538,0.0
1.0,0.4818384,0.0
0.0,0.23283285,0.0
0.0,0.0072591896,0.0
0.0,0.5022386,1.0
1.0,0.8729998,1.0
0.0,0.04060239,0.0
1.0,0.77168393,1.0
0.0,0.07570279,0.0
0.0,0.4463134,0.0
1.0,0.9242745,1.0
1.0,0.90470964,1.0
0.0,0.035140473,0.0
1.0,0.7841744,1.0
0.0,0.12251323,0.0
1.0,0.969849,1.0
0.0,0.0057421313,0.0
0.0,0.36057532,0.0
0.0,0.08297937,0.0
1.0,0.5804382,1.0
0.0,0.024947086,0.0
0.0,0.08804021,0.0
0.0,0.51510805,1.0
0.0,0.009535419,0.0
1.0,0.98832524,1.0
0.0,0.017298449,0.0
1.0,0.40476254,0.0
0.0,0.15303223,0.0
0.0,0.113180555,0.0
0.0,0.07608475,0.0
0.0,0.64194876,1.0
0.0,0.010216584,0.0
0.0,0.09325219,0.0
1.0,0.9981495,1.0
0.0,0.49650395,0.0
1.0,0.99494123,1.0
0.0,0.14136039,0.0
1.0,0.9942689,1.0
1.0,0.6870604,1.0
1.0,0.9536763,1.0
1.0,0.9930951,1.0
1.0,0.89486617,1.0
0.0,0.08737213,0.0
0.0,0.18212302,0.0
1.0,0.9976216,1.0
0.0,0.15511136,0.0
1.0,0.98710734,1.0
0.0,0.101366445,0.0
1.0,0.97170854,1.0
0.0,0.013954851,0.0
1.0,0.8643581,1.0
0.0,0.036476947,0.0
0.0,0.8630049,1.0
1.0,0.9888208,1.0
0.0,0.05393946,0.0
0.0,0.06254292,0.0
0.0,0.04900259,0.0
1.0,0.9961528,1.0
0.0,0.73847806,1.0
1.0,0.97419095,1.0
0.0,0.07188511,0.0
0.0,0.0694901,0.0
1.0,0.9298952,1.0
1.0,0.98450273,1.0
0.0,0.73993176,1.0
0.0,0.06893458,0.0
1.0,0.9930171,1.0
0.0,0.82136565,1.0
0.0,0.068539254,0.0
0.0,0.37400243,0.0
0.0,0.007695432,0.0
0.0,0.020477496,0.0
1.0,0.9992902,1.0
0.0,0.15625669,0.0
1.0,0.8547304,1.0
0.0,0.026814893,0.0
0.0,0.06648332,0.0
0.0,0.56654054,1.0
1.0,0.84824,1.0
0.0,0.059658274,0.0
0.0,0.012514773,0.0
0.0,0.008508128,0.0
1.0,0.8338165,1.0
1.0,0.99430287,1.0
1.0,0.9980159,1.0
0.0,0.20521025,0.0
1.0,0.5874696,1.0
0.0,0.054022815,0.0
0.0,0.010597363,0.0
0.0,0.24624607,0.0
1.0,0.898216,1.0
1.0,0.89081055,1.0
0.0,0.0100186495,0.0
0.0,0.14212139,0.0
0.0,0.2152009,0.0
1.0,0.31322423,0.0
0.0,0.04240588,0.0
0.0,0.0022645053,0.0
0.0,0.5107236,1.0
0.0,0.06321465,0.0
1.0,0.9959196,1.0
0.0,0.2982435,0.0
1.0,0.8001091,1.0
0.0,0.1416331,0.0
0.0,0.23950054,0.0
0.0,0.004813559,0.0
1.0,0.9069446,1.0
0.0,0.5019405,1.0
1.0,0.99136215,1.0
0.0,0.15627392,0.0
1.0,0.99756914,1.0
0.0,0.0223986,0.0
0.0,0.35572195,0.0
0.0,0.11904597,0.0
0.0,0.030922871,0.0
1.0,0.9017827,1.0
1.0,0.99831295,1.0
1.0,0.9985959,1.0
0.0,0.63291705,1.0
0.0,0.0006594503,0.0
0.0,0.41334912,0.0
1.0,0.7838278,1.0
0.0,0.3550038,0.0
1.0,0.98359746,1.0
1.0,0.96883047,1.0
0.0,0.045201268,0.0
1.0,0.79865986,1.0
1.0,0.28727725,0.0
1.0,0.9831943,1.0
1.0,0.99887174,1.0
0.0,0.015879015,0.0
1.0,0.991215,1.0
1.0,0.36350235,0.0
1.0,0.97421986,1.0
1.0,0.98636556,1.0
0.0,0.049676113,0.0
0.0,0.42177546,0.0
1.0,0.76493317,1.0
0.0,0.019674826,0.0
0.0,0.06230001,0.0
0.0,0.0632883,0.0
0.0,0.35624912,0.0
1.0,0.9823209,1.0
0.0,0.12655595,0.0
0.0,0.03618823,0.0
0.0,0.15050323,0.0
0.0,0.0071629314,0.0
0.0,0.044133227,0.0
0.0,0.13682687,0.0
0.0,0.04622915,0.0
0.0,0.035700437,0.0
1.0,0.8987513,1.0
0.0,0.6874321,1.0
0.0,0.12305909,0.0
1.0,0.9991843,1.0
1.0,0.43762255,0.0
1.0,0.65882343,1.0
1.0,0.6551001,1.0
1.0,0.8439767,1.0
1.0,0.981795,1.0
1.0,0.9986399,1.0
1.0,0.99541426,1.0
0.0,0.61020344,1.0
0.0,0.008894717,0.0
0.0,0.054609466,0.0
1.0,0.86143327,1.0
1.0,0.99867743,1.0
1.0,0.9416017,1.0
1.0,0.96526825,1.0
1.0,0.97860605,1.0
1.0,0.9475157,1.0
1.0,0.9381819,1.0
0.0,0.15403888,0.0
1.0,0.99918395,1.0
0.0,0.030608423,0.0
0.0,0.023845982,0.0
0.0,0.32226261,0.0
0.0,0.16904901,0.0
0.0,0.024221368,0.0
0.0,0.34359476,0.0
0.0,0.20640443,0.0
0.0,0.072202966,0.0
0.0,0.024024332,0.0
0.0,0.10186902,0.0
1.0,0.9972242,1.0
1.0,0.9846097,1.0
0.0,0.025366435,0.0
0.0,0.301063,0.0
1.0,0.98750997,1.0
1.0,0.9464765,1.0
0.0,0.20584123,0.0
1.0,0.84262335,1.0
0.0,0.6086838,1.0
0.0,0.11194377,0.0
1.0,0.3470743,0.0
0.0,0.11976578,0.0
0.0,0.5810344,1.0
0.0,0.19128,0.0
1.0,0.86253065,1.0
0.0,0.24822591,0.0
0.0,0.39605746,0.0
0.0,0.014830862,0.0
1.0,0.9974879,1.0
1.0,0.99929404,1.0
1.0,0.95005,1.0
1.0,0.80586374,1.0
0.0,0.0879901,0.0
1.0,0.9952371,1.0
0.0,0.41122377,0.0
0.0,0.10954259,0.0
0.0,0.12038137,0.0
1.0,0.98622245,1.0
1.0,0.9878754,1.0
1.0,0.35397464,0.0
1.0,0.9910087,1.0
1.0,0.8615616,1.0
1.0,0.2867331,0.0
0.0,0.045032896,0.0
1.0,0.9703235,1.0
0.0,0.49857178,0.0
0.0,0.14673224,0.0
1.0,0.30809042,0.0
0.0,0.7445459,1.0
1.0,0.9275431,1.0
0.0,0.066844024,0.0
0.0,0.4530683,0.0
1.0,0.9235342,1.0
1.0,0.96482855,1.0
1.0,0.45703685,0.0
0.0,0.24916749,0.0
0.0,0.14487652,0.0
0.0,0.006258662,0.0
0.0,0.023672018,0.0
0.0,0.19843552,0.0
1.0,0.9585594,1.0
1.0,0.87086827,1.0
1.0,0.46968874,0.0
1.0,0.21022104,0.0
0.0,0.17048675,0.0
1.0,0.99410075,1.0
0.0,0.0078503685,0.0
1.0,0.9983077,1.0
0.0,0.018812157,0.0
0.0,0.036971085,0.0
0.0,0.03650044,0.0
0.0,0.16179453,0.0
0.0,0.011014199,0.0
1.0,0.99554104,1.0
1.0,0.98212296,1.0
1.0,0.99512523,1.0
1.0,0.9328917,1.0
0.0,0.21418035,0.0
0.0,0.028500443,0.0
0.0,0.022287596,0.0
1.0,0.85064536,1.0
1.0,0.7861633,1.0
0.0,0.034285933,0.0
0.0,0.20066337,0.0
0.0,0.0241594,0.0
0.0,0.07944501,0.0
0.0,0.0035127418,0.0
1.0,0.3606211,0.0
0.0,0.0024357026,0.0
0.0,0.037340503,0.0
1.0,0.98354197,1.0
1.0,0.7117068,1.0
1.0,0.99492514,1.0
0.0,0.41974735,0.0
0.0,0.0153033575,0.0
0.0,0.08707803,0.0
0.0,0.033280253,0.0
1.0,0.9767138,1.0
0.0,0.051227186,0.0
0.0,0.7122288,1.0
1.0,0.5617325,1.0
1.0,0.9537393,1.0
1.0,0.9981652,1.0
0.0,0.09746524,0.0
1.0,0.49153385,0.0
0.0,0.47172868,0.0
1.0,0.31181642,0.0
0.0,0.013839196,0.0
1.0,0.8568628,1.0
0.0,0.007318457,0.0
1.0,0.9557513,1.0
0.0,0.08676917,0.0
0.0,0.0938429,0.0
1.0,0.9533191,1.0
0.0,0.0090376055,0.0
1.0,0.9971245,1.0
0.0,0.0035809064,0.0
0.0,0.057195965,0.0
0.0,0.020706072,0.0
1.0,0.9272498,1.0
1.0,0.85249233,1.0
1.0,0.9864434,1.0
0.0,0.01571443,0.0
1.0,0.9499746,1.0
0.0,0.09210102,0.0
0.0,0.12888834,0.0
0.0,0.12367599,0.0
1.0,0.99885225,1.0
1.0,0.92208487,1.0
0.0,0.00079708645,0.0
1.0,0.9804248,1.0
0.0,0.0035069862,0.0
0.0,0.39252827,0.0
0.0,0.492793,0.0
0.0,0.10177839,0.0
1.0,0.5031216,1.0
0.0,0.05661276,0.0
1.0,0.9857604,1.0
0.0,0.28702122,0.0
1.0,0.99829704,1.0
1.0,0.6682164,1.0
1.0,0.998083,1.0
0.0,0.05639776,0.0
0.0,0.6033341,1.0
0.0,0.03073656,0.0
1.0,0.7938295,1.0
1.0,0.36938125,0.0
1.0,0.99708384,1.0
0.0,0.017113158,0.0
0.0,0.021259582,0.0
0.0,0.10587834,0.0
0.0,0.96954894,1.0
0.0,0.14097452,0.0
1.0,0.9750114,1.0
0.0,0.006219686,0.0
0.0,0.049206853,0.0
1.0,0.29363576,0.0
1.0,0.7834694,1.0
0.0,0.04384025,0.0
0.0,0.013411657,0.0
0.0,0.12914973,0.0
1.0,0.9841467,1.0
1.0,0.8951836,1.0
1.0,0.7500168,1.0
1.0,0.9003389,1.0
1.0,0.9941784,1.0
1.0,0.82804054,1.0
0.0,0.07775302,0.0
0.0,0.06493706,0.0
1.0,0.43207034,0.0
1.0,0.7548481,1.0
1.0,0.9974644,1.0
0.0,0.22138423,0.0
0.0,0.008384861,0.0
0.0,0.084363595,0.0
1.0,0.95172113,1.0
1.0,0.98671454,1.0
1.0,0.94933724,1.0
0.0,0.62005615,1.0
0.0,0.7321519,1.0
0.0,0.047502395,0.0
0.0,0.10111497,0.0
0.0,0.48356295,0.0
0.0,0.062809624,0.0
1.0,0.09065181,0.0
1.0,0.6166924,1.0
0.0,0.030982487,0.0
1.0,0.9248746,1.0
1.0,0.98609376,1.0
1.0,0.64845073,1.0
1.0,0.98603654,1.0
1.0,0.4934466,0.0
0.0,0.48979208,0.0
1.0,0.87073547,1.0
1.0,0.75984126,1.0
0.0,0.15167312,0.0
1.0,0.9331087,1.0
0.0,0.102017045,0.0
0.0,0.015958335,0.0
1.0,0.99408734,1.0
0.0,0.28605863,0.0
1.0,0.37724525,0.0
1.0,0.87736255,1.0
0.0,0.11976838,0.0
0.0,0.27083123,0.0
0.0,0.37351856,0.0
1.0,0.98576236,1.0
1.0,0.8553124,1.0
1.0,0.11623305,0.0
0.0,0.17405923,0.0
1.0,0.9793844,1.0
1.0,0.5046808,1.0
0.0,0.12027569,0.0
0.0,0.0051026014,0.0
1.0,0.8571575,1.0
1.0,0.94868374,1.0
1.0,0.36877444,0.0
1.0,0.22293149,0.0
1.0,0.9916271,1.0
1.0,0.8925656,1.0
0.0,0.01141122,0.0
0.0,0.0021196876,0.0
0.0,0.075384855,0.0
1.0,0.9922173,1.0
0.0,0.10753842,0.0
0.0,0.004566255,0.0
1.0,0.96755344,1.0
1.0,0.9992561,1.0
0.0,0.50698054,1.0
1.0,0.9983612,1.0
1.0,0.8724207,1.0
0.0,0.054942083,0.0
0.0,0.15948838,0.0
1.0,0.5879615,1.0
0.0,0.021947164,0.0
0.0,0.2849403,0.0
1.0,0.996449,1.0
1.0,0.10473118,0.0
1.0,0.9970675,1.0
1.0,0.4823352,0.0
1.0,0.6856468,1.0
1.0,0.9967056,1.0
1.0,0.93932307,1.0
0.0,0.018028352,0.0
0.0,0.60330784,1.0
1.0,0.8427514,1.0
0.0,0.45410663,0.0
1.0,0.5528115,1.0
0.0,0.19545993,0.0
0.0,0.038017195,0.0
1.0,0.5670897,1.0
0.0,0.0865714,0.0
0.0,0.50651795,1.0
0.0,0.6229009,1.0
0.0,0.14590432,0.0
0.0,0.09116245,0.0
1.0,0.9983192,1.0
0.0,0.34872326,0.0
1.0,0.9361176,1.0
0.0,0.14699447,0.0
1.0,0.9964945,1.0
1.0,0.99855846,1.0
0.0,0.15732698,0.0
0.0,0.29224905,0.0
0.0,0.8677104,1.0
1.0,0.9874237,1.0
0.0,0.15691549,0.0
0.0,0.9871701,1.0
0.0,0.30913815,0.0
0.0,0.0024913587,0.0
1.0,0.98798454,1.0
0.0,0.07582195,0.0
1.0,0.9696176,1.0
1.0,0.9938617,1.0
1.0,0.9952755,1.0
1.0,0.9906714,1.0
0.0,0.05429906,0.0
0.0,0.39813107,0.0
0.0,0.5995557,1.0
0.0,0.66305226,1.0
1.0,0.9936743,1.0
0.0,0.032210298,0.0
1.0,0.84915113,1.0
0.0,0.1833318,0.0
1.0,0.9965848,1.0
0.0,0.029206272,0.0
0.0,0.02538451,0.0
0.0,0.02697542,0.0
1.0,0.56118566,1.0
0.0,0.014977179,0.0
0.0,0.38899738,0.0
0.0,0.022452198,0.0
1.0,0.9973091,1.0
1.0,0.97416884,1.0
1.0,0.727065,1.0
1.0,0.9807227,1.0
0.0,0.78897464,1.0
0.0,0.24074015,0.0
0.0,0.17630297,0.0
0.0,0.012294965,0.0
0.0,0.058944967,0.0
0.0,0.08648772,0.0
0.0,0.16110967,0.0
1.0,0.9317109,1.0
0.0,0.040720537,0.0
0.0,0.09903382,0.0
0.0,0.020653106,0.0
0.0,0.2578631,0.0
0.0,0.19794433,0.0
1.0,0.88799226,1.0
0.0,0.017887633,0.0
1.0,0.99000204,1.0
0.0,0.11614828,0.0
0.0,0.028083948,0.0
1.0,0.9976578,1.0
0.0,0.068279155,0.0
1.0,0.9884593,1.0
0.0,0.96871,1.0
1.0,0.9925069,1.0
0.0,0.038258705,0.0
0.0,0.004769429,0.0
0.0,0.21658655,0.0
0.0,0.5391526,1.0
1.0,0.49390098,0.0
1.0,0.9576889,1.0
0.0,0.04952214,0.0
0.0,0.29106113,0.0
1.0,0.8958843,1.0
0.0,0.042907648,0.0
0.0,0.13920245,0.0
0.0,0.0667144,0.0
1.0,0.9983183,1.0
1.0,0.9987154,1.0
1.0,0.98867035,1.0
0.0,0.040480763,0.0
0.0,0.78818417,1.0
0.0,0.02969896,0.0
0.0,0.07338889,0.0
1.0,0.9103537,1.0
1.0,0.99646,1.0
0.0,0.3295493,0.0
0.0,0.12971343,0.0
0.0,0.009651019,0.0
1.0,0.7599864,1.0
0.0,0.20366608,0.0
1.0,0.80507237,1.0
0.0,0.31085718,0.0
0.0,0.22930452,0.0
1.0,0.9984139,1.0
0.0,0.10723316,0.0
1.0,0.23105282,0.0
1.0,0.8084362,1.0
1.0,0.99911934,1.0
0.0,0.31482455,0.0
0.0,0.5921902,1.0
0.0,0.15216036,0.0
1.0,0.99243635,1.0
0.0,0.2816106,0.0
1.0,0.92920053,1.0
1.0,0.40450475,0.0
0.0,0.25453898,0.0
1.0,0.97501844,1.0
1.0,0.97886616,1.0
1.0,0.59621114,1.0
0.0,0.0045718458,0.0
1.0,0.90629023,1.0
0.0,0.32238275,0.0
0.0,0.2358834,0.0
1.0,0.9174412,1.0
0.0,0.028778909,0.0
1.0,0.85375786,1.0
1.0,0.30399632,0.0
1.0,0.96582276,1.0
0.0,0.30723193,0.0
1.0,0.99710757,1.0
1.0,0.8472739,1.0
0.0,0.24419932,0.0
1.0,0.998095,1.0
0.0,0.05613187,0.0
0.0,0.23119107,0.0
1.0,0.5115487,1.0
0.0,0.08943484,0.0
0.0,0.0036955997,0.0
1.0,0.9934163,1.0
1.0,0.6185588,1.0
0.0,0.08945105,0.0
1.0,0.61204123,1.0
0.0,0.03114792,0.0
0.0,0.06844516,0.0
1.0,0.9680632,1.0
1.0,0.9802336,1.0
0.0,0.16788442,0.0
1.0,0.8446289,1.0
1.0,0.8568239,1.0
0.0,0.014699475,0.0
1.0,0.4194424,0.0
1.0,0.9926018,1.0
1.0,0.42901185,0.0
0.0,0.3206868,0.0
0.0,0.021927781,0.0
0.0,0.12306857,0.0
1.0,0.99406636,1.0
1.0,0.7172242,1.0
1.0,0.9984686,1.0
0.0,0.5855829,1.0
0.0,0.09816388,0.0
0.0,0.005445025,0.0
0.0,0.028795186,0.0
1.0,0.93967474,1.0
0.0,0.079012744,0.0
1.0,0.94081295,1.0
0.0,0.054871388,0.0
0.0,0.031243635,0.0
0.0,0.061603602,0.0
1.0,0.6805406,1.0
1.0,0.9959186,1.0
0.0,0.21076787,0.0
0.0,0.047052808,0.0
0.0,0.07370408,0.0
0.0,0.14346924,0.0
1.0,0.97743386,1.0
1.0,0.9829699,1.0
1.0,0.85766476,1.0
0.0,0.2436323,0.0
0.0,0.11057456,0.0
0.0,0.119088784,0.0
1.0,0.71472764,1.0
0.0,0.044986557,0.0
1.0,0.9965534,1.0
0.0,0.026298814,0.0
1.0,0.98301065,1.0
0.0,0.31283343,0.0
1.0,0.7611287,1.0
0.0,0.100666724,0.0
1.0,0.9877787,1.0
0.0,0.09740029,0.0
0.0,0.03872331,0.0
0.0,0.4068128,0.0
0.0,0.021328406,0.0
0.0,0.36802524,0.0
1.0,0.8403803,1.0
1.0,0.98134655,1.0
0.0,0.2276692,0.0
1.0,0.74673164,1.0
0.0,0.012862265,0.0
0.0,0.23133574,0.0
1.0,0.99622786,1.0
0.0,0.08724311,0.0
0.0,0.008782745,0.0
0.0,0.045531932,0.0
1.0,0.7195843,1.0
0.0,0.29268736,0.0
0.0,0.19094208,0.0
0.0,0.13648158,0.0
0.0,0.14293619,0.0
1.0,0.99898225,1.0
1.0,0.99815494,1.0
0.0,0.26295063,0.0
0.0,0.011283279,0.0
0.0,0.03242324,0.0
1.0,0.9734114,1.0
1.0,0.7961318,1.0
1.0,0.30861503,0.0
0.0,0.2478159,0.0
0.0,0.0081990035,0.0
1.0,0.8683157,1.0
1.0,0.99226624,1.0
0.0,0.011491693,0.0
1.0,0.59713346,1.0
0.0,0.025877805,0.0
1.0,0.56812304,1.0
1.0,0.3840588,0.0
0.0,0.032878794,0.0
1.0,0.4211684,0.0
1.0,0.97322595,1.0
0.0,0.3232865,0.0
1.0,0.14624639,0.0
0.0,0.33327517,0.0
0.0,0.14189637,0.0
1.0,0.91133904,1.0
0.0,0.014508719,0.0
1.0,0.9954503,1.0
1.0,0.9980952,1.0
1.0,0.9786233,1.0
0.0,0.026725987,0.0
1.0,0.2750462,0.0
0.0,0.007654269,0.0
0.0,0.0062402715,0.0
0.0,0.122637674,0.0
1.0,0.9812213,1.0
1.0,0.9024984,1.0
1.0,0.99807835,1.0
0.0,0.013517015,0.0
0.0,0.18439096,0.0
1.0,0.6001551,1.0
0.0,0.08392381,0.0
1.0,0.9983038,1.0
0.0,0.18503012,0.0
1.0,0.97137815,1.0
1.0,0.9903734,1.0
0.0,0.054584485,0.0
1.0,0.9850761,1.0
0.0,0.10851881,0.0
1.0,0.9831503,1.0
1.0,0.9982305,1.0
1.0,0.99096876,1.0
0.0,0.6452579,1.0
0.0,0.10552055,0.0
0.0,0.04169951,0.0
0.0,0.16938779,0.0
0.0,0.16822352,0.0
1.0,0.9464483,1.0
0.0,0.5494585,1.0
0.0,0.0030496104,0.0
0.0,0.14260137,0.0
1.0,0.35211107,0.0
0.0,0.02154182,0.0
1.0,0.98373705,1.0
1.0,0.15041266,0.0
1.0,0.99545753,1.0
0.0,0.012425295,0.0
0.0,0.007221262,0.0
0.0,0.04063472,0.0
0.0,0.007563223,0.0
1.0,0.9968233,1.0
0.0,0.0074697235,0.0
1.0,0.9802824,1.0
0.0,0.24647862,0.0
1.0,0.11053628,0.0
0.0,0.055689488,0.0
0.0,0.0825743,0.0
0.0,0.008582316,0.0
1.0,0.97973686,1.0
0.0,0.02910947,0.0
1.0,0.9997789,1.0
0.0,0.85008085,1.0
0.0,0.02284581,0.0
0.0,0.0370642,0.0
0.0,0.5328598,1.0
0.0,0.0021816676,0.0
0.0,0.050704002,0.0
0.0,0.064758964,0.0
1.0,0.7010681,1.0
1.0,0.9863123,1.0
0.0,0.15936267,0.0
1.0,0.8081256,1.0
0.0,0.06691005,0.0
0.0,0.3918045,0.0
1.0,0.9896171,1.0
1.0,0.9837558,1.0
1.0,0.64808786,1.0
1.0,0.98432887,1.0
1.0,0.9980161,1.0
1.0,0.4927849,0.0
1.0,0.5780331,1.0
0.0,0.034343157,0.0
0.0,0.010577702,0.0
0.0,0.20212226,0.0
1.0,0.11089003,0.0
0.0,0.07793019,0.0
0.0,0.13790385,0.0
1.0,0.9366249,1.0
1.0,0.7397842,1.0
1.0,0.95712894,1.0
0.0,0.067421466,0.0
0.0,0.056157995,0.0
0.0,0.12137827,0.0
0.0,0.44665247,0.0
1.0,0.9798921,1.0
0.0,0.030572804,0.0
0.0,0.06732733,0.0
0.0,0.11588875,0.0
1.0,0.9992889,1.0
1.0,0.9969613,1.0
0.0,0.33741793,0.0
1.0,0.98632985,1.0
0.0,0.1120631,0.0
0.0,0.00868677,0.0
0.0,0.13898723,0.0
1.0,0.99964666,1.0
1.0,0.9611922,1.0
1.0,0.6277387,1.0
0.0,0.22710869,0.0
0.0,0.5730744,1.0
1.0,0.99168915,1.0
1.0,0.98886687,1.0
1.0,0.9978775,1.0
0.0,0.23298365,0.0
1.0,0.9899629,1.0
0.0,0.6091462,1.0
0.0,0.21991654,0.0
1.0,0.62210214,1.0
1.0,0.98519343,1.0
1.0,0.5012374,1.0
0.0,0.102971956,0.0
1.0,0.97447586,1.0
0.0,0.15572378,0.0
1.0,0.9995702,1.0
0.0,0.29013214,0.0
1.0,0.88193345,1.0
1.0,0.14313306,0.0
0.0,0.011188772,0.0
1.0,0.9979552,1.0
0.0,0.012639277,0.0
0.0,0.018777937,0.0
0.0,0.292731,0.0
0.0,0.27989385,0.0
0.0,0.19390571,0.0
0.0,0.050872613,0.0
1.0,0.9939633,1.0
1.0,0.98370796,1.0
1.0,0.9717792,1.0
0.0,0.0010261509,0.0
1.0,0.99853563,1.0
0.0,0.0804666,0.0
0.0,0.099156216,0.0
1.0,0.48576918,0.0
1.0,0.9900247,1.0
1.0,0.7004186,1.0
1.0,0.88920474,1.0
1.0,0.9975062,1.0
1.0,0.9862017,1.0
0.0,0.12623301,0.0
0.0,0.15103497,0.0
0.0,0.008342782,0.0
0.0,0.06343593,0.0
0.0,0.003258809,0.0
0.0,0.1089275,0.0
1.0,0.746627,1.0
0.0,0.11236608,0.0
0.0,0.0069775297,0.0
1.0,0.9842322,1.0
1.0,0.98964864,1.0
0.0,0.010637782,0.0
0.0,0.10936222,0.0
1.0,0.8426354,1.0
0.0,0.059645284,0.0
0.0,0.038330674,0.0
0.0,0.3801532,0.0
0.0,0.4175486,0.0
1.0,0.99570614,1.0
0.0,0.1933394,0.0
1.0,0.7111016,1.0
1.0,0.6757262,1.0
0.0,0.12987441,0.0
1.0,0.96730673,1.0
0.0,0.008086823,0.0
0.0,0.013805333,0.0
0.0,0.4132149,0.0
1.0,0.708858,1.0
0.0,0.10071988,0.0
1.0,0.9872938,1.0
1.0,0.9981217,1.0
1.0,0.27973732,0.0
1.0,0.80827034,1.0
0.0,0.665498,1.0
1.0,0.70366466,1.0
1.0,0.8043073,1.0
1.0,0.9989207,1.0
0.0,0.010038754,0.0
0.0,0.15952598,0.0
0.0,0.9514079,1.0
1.0,0.99005884,1.0
1.0,0.9894545,1.0
0.0,0.6293097,1.0
1.0,0.93462616,1.0
1.0,0.65264195,1.0
0.0,0.48196673,0.0
1.0,0.9986594,1.0
0.0,0.5971929,1.0
0.0,0.0021176252,0.0
0.0,0.008398018,0.0
1.0,0.95721716,1.0
0.0,0.10665372,0.0
0.0,0.36080587,0.0
0.0,0.05676004,0.0
1.0,0.40360367,0.0
0.0,0.24974929,0.0
0.0,0.8401114,1.0
0.0,0.114543475,0.0
1.0,0.98665655,1.0
1.0,0.9773027,1.0
1.0,0.53863543,1.0
0.0,0.17510906,0.0
1.0,0.8677943,1.0
0.0,0.13583012,0.0
0.0,0.005132789,0.0
1.0,0.4924773,0.0
0.0,0.26259136,0.0
0.0,0.32919538,0.0
0.0,0.0054057688,0.0
1.0,0.9974037,1.0
1.0,0.8728127,1.0
0.0,0.25544444,0.0
0.0,0.0038370683,0.0
0.0,0.73322415,1.0
1.0,0.99942005,1.0
1.0,0.053581208,0.0
1.0,0.9798726,1.0
0.0,0.16318886,0.0
1.0,0.99840087,1.0
0.0,0.30723363,0.0
1.0,0.86313796,1.0
1.0,0.85497797,1.0
1.0,0.63620406,1.0
0.0,0.3432855,0.0
0.0,0.86400455,1.0
0.0,0.07396525,0.0
1.0,0.96181047,1.0
1.0,0.87995577,1.0
0.0,0.059954587,0.0
1.0,0.51435083,1.0
1.0,0.46557096,0.0
1.0,0.9993343,1.0
1.0,0.99526983,1.0
0.0,0.0038671931,0.0
1.0,0.5124039,1.0
1.0,0.9441661,1.0
0.0,0.08233054,0.0
0.0,0.17979957,0.0
0.0,0.07360253,0.0
0.0,0.29106024,0.0
0.0,0.058898784,0.0
1.0,0.9983229,1.0
1.0,0.99926883,1.0
1.0,0.8548805,1.0
0.0,0.0027881572,0.0
1.0,0.8940187,1.0
1.0,0.5086275,1.0
1.0,0.847155,1.0
0.0,0.41966677,0.0
0.0,0.39105386,0.0
0.0,0.0044931895,0.0
0.0,0.52996045,1.0
0.0,0.076849125,0.0
0.0,0.34580967,0.0
0.0,0.045210797,0.0
1.0,0.9958081,1.0
0.0,0.5106662,1.0
1.0,0.9152039,1.0
0.0,0.0017905999,0.0
0.0,0.02042223,0.0
1.0,0.9938095,1.0
1.0,0.9614759,1.0
1.0,0.56286705,1.0
0.0,0.116013095,0.0
1.0,0.99375474,1.0
1.0,0.65793324,1.0
0.0,0.018442221,0.0
1.0,0.49406448,0.0
1.0,0.9984701,1.0
1.0,0.99886936,1.0
0.0,0.1086794,0.0
1.0,0.365361,0.0
0.0,0.21890254,0.0
1.0,0.9701156,1.0
0.0,0.17288671,0.0
0.0,0.03236145,0.0
0.0,0.02168174,0.0
0.0,0.03832582,0.0
1.0,0.9796196,1.0
0.0,0.1794496,0.0
0.0,0.04624939,0.0
0.0,0.014048336,0.0
1.0,0.9988708,1.0
1.0,0.32037422,0.0
0.0,0.09177477,0.0
0.0,0.044097096,0.0
1.0,0.89445114,1.0
0.0,0.24086164,0.0
0.0,0.13229077,0.0
1.0,0.95642823,1.0
0.0,0.03473621,0.0
1.0,0.8902658,1.0
1.0,0.9957172,1.0
1.0,0.41979843,0.0
1.0,0.99270624,1.0
0.0,0.13934565,0.0
1.0,0.9659516,1.0
1.0,0.99601495,1.0
0.0,0.068512745,0.0
0.0,0.032006733,0.0
0.0,0.19659019,0.0
0.0,0.025693133,0.0
1.0,0.38195795,0.0
1.0,0.48835304,0.0
0.0,0.045496013,0.0
0.0,0.47227207,0.0
1.0,0.94087696,1.0
0.0,0.857435,1.0
0.0,0.031576883,0.0
1.0,0.45597884,0.0
1.0,0.37953874,0.0
1.0,0.99798906,1.0
0.0,0.15257886,0.0
0.0,0.11626615,0.0
0.0,0.017737703,0.0
1.0,0.30155307,0.0
1.0,0.9803516,1.0
1.0,0.99494594,1.0
1.0,0.9156724,1.0
0.0,0.0016864769,0.0
0.0,0.010678786,0.0
1.0,0.96853626,1.0
0.0,0.533113,1.0
1.0,0.99570423,1.0
0.0,0.55984557,1.0
0.0,0.28129023,0.0
1.0,0.86133367,1.0
0.0,0.89202857,1.0
1.0,0.99520385,1.0
1.0,0.6018742,1.0
1.0,0.98487735,1.0
1.0,0.72337836,1.0
0.0,0.61751074,1.0
0.0,0.09648268,0.0
0.0,0.003701521,0.0
0.0,0.041162126,0.0
1.0,0.9911664,1.0
0.0,0.008595817,0.0
1.0,0.69229436,1.0
0.0,0.09560066,0.0
0.0,0.4216754,0.0
1.0,0.998818,1.0
0.0,0.16540793,0.0
1.0,0.9682437,1.0
0.0,0.011287296,0.0
0.0,0.102848746,0.0
1.0,0.25286552,0.0
1.0,0.9236299,1.0
1.0,0.9983407,1.0
1.0,0.5040157,1.0
1.0,0.98130953,1.0
1.0,0.83782196,1.0
1.0,0.8343555,1.0
0.0,0.029892322,0.0
1.0,0.8448032,1.0
0.0,0.03354219,0.0
0.0,0.18809995,0.0
0.0,0.009330437,0.0
1.0,0.9789297,1.0
0.0,0.24603787,0.0
0.0,0.89851654,1.0
1.0,0.96057266,1.0
1.0,0.9959877,1.0
1.0,0.99141496,1.0
0.0,0.34861845,0.0
1.0,0.99692,1.0
1.0,0.7917626,1.0
0.0,0.082191795,0.0
0.0,0.1180302,0.0
0.0,0.11764158,0.0
0.0,0.16903901,0.0
0.0,0.10351855,0.0
0.0,0.29582778,0.0
1.0,0.8139734,1.0
1.0,0.36955315,0.0
0.0,0.0672476,0.0
0.0,0.0063557816,0.0
0.0,0.018880645,0.0
1.0,0.41930544,0.0
1.0,0.9956269,1.0
0.0,0.046577506,0.0
1.0,0.8528881,1.0
0.0,0.23989435,0.0
1.0,0.9830115,1.0
1.0,0.9284538,1.0
0.0,0.24272792,0.0
0.0,0.001631427,0.0
0.0,0.92127925,1.0
0.0,0.008478778,0.0
1.0,0.41694418,0.0
0.0,0.49509975,0.0
1.0,0.80013984,1.0
0.0,0.055755857,0.0
0.0,0.015379192,0.0
1.0,0.981264,1.0
1.0,0.98957366,1.0
1.0,0.96697885,1.0
0.0,0.14787465,0.0
1.0,0.53449035,1.0
1.0,0.9537978,1.0
1.0,0.21312372,0.0
1.0,0.25375214,0.0
1.0,0.98759204,1.0
0.0,0.03962735,0.0
0.0,0.037598256,0.0
0.0,0.021990046,0.0
1.0,0.73801523,1.0
1.0,0.20247506,0.0
1.0,0.9961052,1.0
1.0,0.5319494,1.0
0.0,0.16606896,0.0
1.0,0.9190014,1.0
0.0,0.11371083,0.0
0.0,0.006348209,0.0
0.0,0.45199096,0.0
1.0,0.7684846,1.0
1.0,0.99826366,1.0
0.0,0.048051927,0.0
1.0,0.9925107,1.0
0.0,0.038917027,0.0
0.0,0.0022619383,0.0
1.0,0.7695238,1.0
0.0,0.3086464,0.0
0.0,0.67104965,1.0
1.0,0.96281594,1.0
0.0,0.11492876,0.0
1.0,0.991295,1.0
1.0,0.99438536,1.0
0.0,0.0394302,0.0
1.0,0.99864346,1.0
1.0,0.97926545,1.0
0.0,0.3866023,0.0
0.0,0.16493458,0.0
1.0,0.95542866,1.0
1.0,0.64183503,1.0
0.0,0.055588637,0.0
0.0,0.01569718,0.0
0.0,0.10265606,0.0
0.0,0.046612967,0.0
0.0,0.12647322,0.0
1.0,0.766785,1.0
0.0,0.057169206,0.0
1.0,0.96842873,1.0
0.0,0.5574033,1.0
0.0,0.08155289,0.0
1.0,0.58036876,1.0
0.0,0.012147341,0.0
1.0,0.99953234,1.0
1.0,0.5650391,1.0
1.0,0.9981142,1.0
0.0,0.040426712,0.0
1.0,0.063386515,0.0
1.0,0.98298854,1.0
1.0,0.9976265,1.0
1.0,0.96558315,1.0
1.0,0.97137964,1.0
0.0,0.2906542,0.0
0.0,0.033586826,0.0
0.0,0.014235634,0.0
1.0,0.99635005,1.0
0.0,0.1288541,0.0
0.0,0.08812291,0.0
1.0,0.9981845,1.0
1.0,0.99379456,1.0
0.0,0.04037754,0.0
1.0,0.76600564,1.0
0.0,0.2712603,0.0
1.0,0.9799318,1.0
0.0,0.17985743,0.0
0.0,0.046443332,0.0
0.0,0.13797227,0.0
1.0,0.94016033,1.0
1.0,0.23949239,0.0
0.0,0.12679948,0.0
0.0,0.015984895,0.0
0.0,0.0083906595,0.0
1.0,0.47728583,0.0
1.0,0.07054965,0.0
0.0,0.18228315,0.0
1.0,0.99580425,1.0
1.0,0.99883026,1.0
1.0,0.99795866,1.0
1.0,0.9982115,1.0
1.0,0.42925388,0.0
0.0,0.3750593,0.0
1.0,0.9933587,1.0
0.0,0.15564498,0.0
0.0,0.061356258,0.0
1.0,0.9872816,1.0
0.0,0.016750151,0.0
0.0,0.2342234,0.0
0.0,0.0052505666,0.0
0.0,0.030614642,0.0
1.0,0.9505592,1.0
1.0,0.25265354,0.0
0.0,0.18532497,0.0
0.0,0.05129984,0.0
0.0,0.4253887,0.0
0.0,0.023582844,0.0
0.0,0.05515059,0.0
0.0,0.75836587,1.0
0.0,0.06759981,0.0
0.0,0.25184375,0.0
1.0,0.9197344,1.0
1.0,0.97527826,1.0
0.0,0.7892327,1.0
0.0,0.61831385,1.0
0.0,0.028396921,0.0
1.0,0.72667944,1.0
0.0,0.3727027,0.0
1.0,0.40609315,0.0
0.0,0.020303324,0.0
0.0,0.020144165,0.0
0.0,0.027830811,0.0
1.0,0.936984,1.0
0.0,0.08045425,0.0
0.0,0.026275838,0.0
0.0,0.11147265,0.0
1.0,0.993871,1.0
0.0,0.04202686,0.0
0.0,0.010805505,0.0
0.0,0.04504053,0.0
0.0,0.20379159,0.0
1.0,0.9700407,1.0
1.0,0.79200155,1.0
0.0,0.037027072,0.0
0.0,0.011163588,0.0
0.0,0.038488828,0.0
1.0,0.99756646,1.0
1.0,0.36752576,0.0
1.0,0.99969494,1.0
0.0,0.07336866,0.0
1.0,0.94600934,1.0
0.0,0.33801073,0.0
0.0,0.036585785,0.0
1.0,0.69160795,1.0
0.0,0.083543375,0.0
0.0,0.3264823,0.0
1.0,0.39119023,0.0
1.0,0.7010366,1.0
0.0,0.010039745,0.0
1.0,0.675696,1.0
0.0,0.5923891,1.0
0.0,0.023920218,0.0
1.0,0.995389,1.0
0.0,0.04068963,0.0
0.0,0.36415577,0.0
1.0,0.2037362,0.0
1.0,0.9627423,1.0
1.0,0.9984256,1.0
1.0,0.48019528,0.0
1.0,0.9957318,1.0
1.0,0.91564465,1.0
1.0,0.2699064,0.0
0.0,0.29624242,0.0
1.0,0.9700632,1.0
0.0,0.05553394,0.0
0.0,0.012984123,0.0
1.0,0.98872036,1.0
0.0,0.24010435,0.0
1.0,0.99082476,1.0
0.0,0.031934317,0.0
0.0,0.0767576,0.0
0.0,0.031272035,0.0
1.0,0.99810684,1.0
1.0,0.9476518,1.0
1.0,0.9530447,1.0
0.0,0.1855831,0.0
0.0,0.05934509,0.0
0.0,0.08949481,0.0
1.0,0.3762379,0.0
1.0,0.99950266,1.0
0.0,0.06418274,0.0
0.0,0.0076032244,0.0
0.0,0.071183085,0.0
1.0,0.8533034,1.0
1.0,0.99867505,1.0
0.0,0.0011978403,0.0
1.0,0.95093304,1.0
1.0,0.89382964,1.0
1.0,0.94334024,1.0
1.0,0.999476,1.0
0.0,0.65037,1.0
1.0,0.90736455,1.0
0.0,0.0562697,0.0
0.0,0.009261072,0.0
1.0,0.97079885,1.0
0.0,0.09833816,0.0
1.0,0.9205899,1.0
1.0,0.8555586,1.0
0.0,0.1630827,0.0
0.0,0.062484983,0.0
1.0,0.91199404,1.0
1.0,0.9930877,1.0
0.0,0.068016835,0.0
1.0,0.2846458,0.0
0.0,0.6435691,1.0
1.0,0.53198075,1.0
0.0,0.35650152,0.0
0.0,0.6859729,1.0
0.0,0.38725793,0.0
0.0,0.17544909,0.0
1.0,0.9293187,1.0
1.0,0.77857465,1.0
0.0,0.70020026,1.0
0.0,0.962988,1.0
0.0,0.005341763,0.0
0.0,0.028003639,0.0
1.0,0.98566794,1.0
0.0,0.015765512,0.0
0.0,0.43162072,0.0
0.0,0.048069414,0.0
0.0,0.017998368,0.0
1.0,0.17237873,0.0
1.0,0.91678756,1.0
0.0,0.040299337,0.0
0.0,0.7635271,1.0
1.0,0.90074795,1.0
0.0,0.012323471,0.0
1.0,0.9955239,1.0
1.0,0.96357083,1.0
1.0,0.09587844,0.0
0.0,0.10693001,0.0
1.0,0.14070076,0.0
1.0,0.8276656,1.0
0.0,0.27223432,0.0
0.0,0.287731,0.0
1.0,0.6197467,1.0
0.0,0.25102377,0.0
0.0,0.35199878,0.0
1.0,0.77209556,1.0
0.0,0.09250723,0.0
1.0,0.99953294,1.0
0.0,0.009981892,0.0
1.0,0.5862054,1.0
1.0,0.890938,1.0
1.0,0.996042,1.0
0.0,0.32386765,0.0
1.0,0.9729803,1.0
0.0,0.0026954904,0.0
0.0,0.16386577,0.0
1.0,0.9905511,1.0
0.0,0.13368598,0.0
1.0,0.9913146,1.0
0.0,0.012949422,0.0
0.0,0.13406824,0.0
0.0,0.12819059,0.0
0.0,0.3968233,0.0
1.0,0.69920623,1.0
1.0,0.9957074,1.0
1.0,0.65130925,1.0
0.0,0.30558345,0.0
1.0,0.68404585,1.0
0.0,0.59370536,1.0
0.0,0.71951175,1.0
0.0,0.32350633,0.0
1.0,0.8606637,1.0
0.0,0.07519275,0.0
1.0,0.9983183,1.0
0.0,0.19029371,0.0
1.0,0.98230743,1.0
1.0,0.9872782,1.0
0.0,0.014392973,0.0
1.0,0.36527467,0.0
1.0,0.99046385,1.0
1.0,0.25415885,0.0
0.0,0.8281796,1.0
0.0,0.02519994,0.0
1.0,0.76395816,1.0
0.0,0.089512214,0.0
1.0,0.36235374,0.0
0.0,0.21707834,0.0
1.0,0.09944341,0.0
1.0,0.46690866,0.0
0.0,0.07671036,0.0
0.0,0.42760378,0.0
1.0,0.84989595,1.0
1.0,0.9972663,1.0
0.0,0.32422945,0.0
0.0,0.05058587,0.0
1.0,0.35360596,0.0
1.0,0.3113119,0.0
0.0,0.15230629,0.0
1.0,0.9437893,1.0
0.0,0.3081134,0.0
1.0,0.7478542,1.0
0.0,0.04129342,0.0
0.0,0.23804215,0.0
0.0,0.25237992,0.0
1.0,0.76721406,1.0
0.0,0.022443004,0.0
1.0,0.0905125,0.0
1.0,0.9996439,1.0
1.0,0.30065632,0.0
0.0,0.014372984,0.0
0.0,0.103013694,0.0
1.0,0.5765497,1.0
1.0,0.97815996,1.0
0.0,0.027805766,0.0
1.0,0.15780655,0.0
0.0,0.038671367,0.0
1.0,0.90246034,1.0
1.0,0.31768245,0.0
0.0,0.040766247,0.0
1.0,0.9963452,1.0
1.0,0.93102646,1.0
0.0,0.013367557,0.0
1.0,0.9252964,1.0
0.0,0.22366334,0.0
1.0,0.32589865,0.0
0.0,0.04276823,0.0
0.0,0.022199966,0.0
0.0,0.03847531,0.0
0.0,0.0127276685,0.0
0.0,0.052974682,0.0
1.0,0.93212724,1.0
0.0,0.32211244,0.0
1.0,0.8748406,1.0
0.0,0.058018588,0.0
0.0,0.13879268,0.0
1.0,0.81276757,1.0
0.0,0.6925111,1.0
1.0,0.9961248,1.0
1.0,0.9979849,1.0
1.0,0.9911878,1.0
0.0,0.00081923464,0.0
0.0,0.03398912,0.0
0.0,0.010339378,0.0
1.0,0.9984516,1.0
1.0,0.90977514,1.0
0.0,0.21214013,0.0
1.0,0.81023246,1.0
1.0,0.63137496,1.0
0.0,0.10488485,0.0
1.0,0.5088752,1.0
1.0,0.87407154,1.0
1.0,0.46509317,0.0
1.0,0.993012,1.0
1.0,0.94712406,1.0
1.0,0.69158804,1.0
1.0,0.7563354,1.0
0.0,0.033695076,0.0
1.0,0.7442429,1.0
0.0,0.16273226,0.0
1.0,0.8244047,1.0
0.0,0.24463381,0.0
0.0,0.029191863,0.0
1.0,0.97978354,1.0
0.0,0.13494174,0.0
1.0,0.94639367,1.0
0.0,0.30030292,0.0
1.0,0.99984956,1.0
0.0,0.26229984,0.0
1.0,0.20364499,0.0
0.0,0.11665848,0.0
0.0,0.011280525,0.0
0.0,0.122290134,0.0
1.0,0.7643079,1.0
1.0,0.9795543,1.0
0.0,0.27685595,0.0
1.0,0.2872762,0.0
0.0,0.017141504,0.0
1.0,0.96227616,1.0
1.0,0.30357957,0.0
0.0,0.49320585,0.0
1.0,0.7126951,1.0
1.0,0.992469,1.0
1.0,0.9647664,1.0
1.0,0.6917355,1.0
0.0,0.0013821826,0.0
0.0,0.0048397887,0.0
0.0,0.33029982,0.0
0.0,0.016333079,0.0
0.0,0.025632214,0.0
1.0,0.99446094,1.0
0.0,0.2840975,0.0
0.0,0.15657067,0.0
1.0,0.9224941,1.0
1.0,0.9732271,1.0
0.0,0.0016581416,0.0
1.0,0.8842186,1.0
0.0,0.11713669,0.0
1.0,0.99972445,1.0
0.0,0.01688093,0.0
0.0,0.054361384,0.0
1.0,0.74628854,1.0
0.0,0.0065024304,0.0
1.0,0.9975332,1.0
1.0,0.80263245,1.0
0.0,0.032550897,0.0
0.0,0.0552771,0.0
1.0,0.57101625,1.0
0.0,0.05191027,0.0
0.0,0.45190355,0.0
0.0,0.042201757,0.0
1.0,0.7273239,1.0
0.0,0.0075600487,0.0
1.0,0.99492526,1.0
0.0,0.010210366,0.0
0.0,0.015561711,0.0
0.0,0.4003304,0.0
1.0,0.19243339,0.0
0.0,0.08805955,0.0
0.0,0.21834621,0.0
0.0,0.010385766,0.0
1.0,0.97763616,1.0
0.0,0.17290707,0.0
0.0,0.13192582,0.0
0.0,0.9232838,1.0
1.0,0.40540057,0.0
0.0,0.20109661,0.0
0.0,0.62901604,1.0
1.0,0.99776006,1.0
1.0,0.98330253,1.0
1.0,0.9237732,1.0
1.0,0.9582081,1.0
0.0,0.036421336,0.0
0.0,0.022359302,0.0
0.0,0.117127426,0.0
1.0,0.98362285,1.0
1.0,0.18402949,0.0
1.0,0.3455631,0.0
1.0,0.9926053,1.0
1.0,0.34656417,0.0
0.0,0.28696105,0.0
0.0,0.0011074662,0.0
1.0,0.3687323,0.0
1.0,0.9261721,1.0
1.0,0.4034406,0.0
0.0,0.09636795,0.0
0.0,0.18092836,0.0
0.0,0.015848292,0.0
1.0,0.96450746,1.0
0.0,0.002113552,0.0
0.0,0.50130755,1.0
0.0,0.03539831,0.0
0.0,0.21972674,0.0
1.0,0.9015333,1.0
0.0,0.038498923,0.0
0.0,0.13564321,0.0
0.0,0.13449565,0.0
0.0,0.4272911,0.0
1.0,0.6898961,1.0
0.0,0.35953507,0.0
0.0,0.030284183,0.0
0.0,0.011451251,0.0
0.0,0.116656624,0.0
0.0,0.07315662,0.0
0.0,0.069796935,0.0
1.0,0.9864038,1.0
1.0,0.1325272,0.0
0.0,0.14115822,0.0
0.0,0.063654885,0.0
0.0,0.006983175,0.0
0.0,0.021382833,0.0
0.0,0.033527985,0.0
0.0,0.43193096,0.0
1.0,0.8368324,1.0
0.0,0.021189142,0.0
0.0,0.25594005,0.0
0.0,0.28241405,0.0
0.0,0.05202397,0.0
1.0,0.875072,1.0
0.0,0.078186385,0.0
1.0,0.99541664,1.0
1.0,0.9722487,1.0
0.0,0.127183,0.0
0.0,0.36570644,0.0
1.0,0.33560997,0.0
1.0,0.97047013,1.0
1.0,0.31254238,0.0
1.0,0.9556421,1.0
1.0,0.69058925,1.0
1.0,0.9649733,1.0
0.0,0.09559994,0.0
0.0,0.09573523,0.0
1.0,0.9867997,1.0
1.0,0.98952734,1.0
0.0,0.15241966,0.0
0.0,0.2113159,0.0
0.0,0.62717843,1.0
1.0,0.9990263,1.0
1.0,0.99752134,1.0
1.0,0.975631,1.0
0.0,0.044650532,0.0
0.0,0.033508953,0.0
0.0,0.03616076,0.0
0.0,0.22546439,0.0
0.0,0.0043254946,0.0
1.0,0.19279978,0.0
0.0,0.22345921,0.0
1.0,0.87256294,1.0
0.0,0.096506834,0.0
0.0,0.14778337,0.0
0.0,0.2607502,0.0
0.0,0.243235,0.0
1.0,0.9756402,1.0
0.0,0.0025199736,0.0
0.0,0.4823675,0.0
0.0,0.03363766,0.0
0.0,0.6071327,1.0
1.0,0.32312605,0.0
0.0,0.10860182,0.0
1.0,0.9995921,1.0
0.0,0.096555285,0.0
1.0,0.99912256,1.0
0.0,0.2339936,0.0
0.0,0.3405011,0.0
0.0,0.007712601,0.0
1.0,0.7406819,1.0
0.0,0.23752005,0.0
1.0,0.5372996,1.0
0.0,0.66623867,1.0
0.0,0.011162156,0.0
1.0,0.103748,0.0
0.0,0.043717805,0.0
1.0,0.86528623,1.0
0.0,0.31846017,0.0
1.0,0.96477604,1.0
1.0,0.9950895,1.0
0.0,0.19290267,0.0
0.0,0.1658607,0.0
0.0,0.019284422,0.0
1.0,0.9993901,1.0
1.0,0.9973437,1.0
0.0,0.043343928,0.0
0.0,0.012888015,0.0
0.0,0.25806862,0.0
0.0,0.06444445,0.0
1.0,0.97028345,1.0
0.0,0.035379075,0.0
0.0,0.41592646,0.0
0.0,0.08807803,0.0
0.0,0.45142278,0.0
0.0,0.17662898,0.0
0.0,0.0341302,0.0
1.0,0.96541256,1.0
0.0,0.08723083,0.0
1.0,0.9943895,1.0
0.0,0.06921448,0.0
1.0,0.8921831,1.0
0.0,0.077255934,0.0
0.0,0.21227193,0.0
0.0,0.23949072,0.0
1.0,0.93639076,1.0
1.0,0.99101794,1.0
0.0,0.1612156,0.0
0.0,0.19160824,0.0
0.0,0.52580965,1.0
0.0,0.22399785,0.0
1.0,0.9266906,1.0
1.0,0.98211193,1.0
1.0,0.91815865,1.0
1.0,0.61840004,1.0
0.0,0.023057042,0.0
1.0,0.7891108,1.0
1.0,0.3753835,0.0
1.0,0.9924428,1.0
1.0,0.9972752,1.0
1.0,0.9967116,1.0
0.0,0.26443103,0.0
0.0,0.4451726,0.0
0.0,0.017887976,0.0
1.0,0.4271216,0.0
0.0,0.0016975517,0.0
0.0,0.23379298,0.0
0.0,0.01191702,0.0
1.0,0.6645284,1.0
0.0,0.022776524,0.0
1.0,0.99821705,1.0
1.0,0.7464293,1.0
1.0,0.99395096,1.0
1.0,0.9897626,1.0
1.0,0.95590335,1.0
0.0,0.33788303,0.0
0.0,0.03092697,0.0
1.0,0.82605505,1.0
1.0,0.9946301,1.0
0.0,0.1986443,0.0
1.0,0.9957653,1.0
0.0,0.0027304343,0.0
0.0,0.016724374,0.0
1.0,0.6179772,1.0
0.0,0.004477336,0.0
0.0,0.043236945,0.0
0.0,0.093915075,0.0
1.0,0.34772125,0.0
1.0,0.9461498,1.0
1.0,0.74550176,1.0
1.0,0.98493886,1.0
0.0,0.2456289,0.0
0.0,0.045569845,0.0
0.0,0.0439638,0.0
0.0,0.2024127,0.0
1.0,0.9391374,1.0
0.0,0.24215218,0.0
1.0,0.9989525,1.0
1.0,0.9603246,1.0
1.0,0.72723866,1.0
0.0,0.24943216,0.0
1.0,0.6429687,1.0
1.0,0.7689152,1.0
1.0,0.988766,1.0
1.0,0.69260585,1.0
1.0,0.33292097,0.0
0.0,0.061403535,0.0
1.0,0.99949574,1.0
1.0,0.20295022,0.0
0.0,0.030039605,0.0
1.0,0.64641863,1.0
0.0,0.0038745808,0.0
1.0,0.9996877,1.0
0.0,0.047791153,0.0
0.0,0.5055989,1.0
0.0,0.7319536,1.0
0.0,0.3897146,0.0
0.0,0.013871474,0.0
1.0,0.72448146,1.0
0.0,0.1247231,0.0
0.0,0.053652238,0.0
0.0,0.034016352,0.0
0.0,0.07510866,0.0
0.0,0.19735487,0.0
0.0,0.21661428,0.0
0.0,0.5576363,1.0
0.0,0.06139279,0.0
0.0,0.06192782,0.0
1.0,0.7076204,1.0
1.0,0.99606675,1.0
0.0,0.075661324,0.0
0.0,0.2359763,0.0
0.0,0.330703,0.0
0.0,0.071664445,0.0
0.0,0.0785277,0.0
1.0,0.99947137,1.0
0.0,0.061282232,0.0
1.0,0.53457093,1.0
0.0,0.36389047,0.0
1.0,0.6674513,1.0
1.0,0.96684265,1.0
0.0,0.035459615,0.0
0.0,0.0320262,0.0
1.0,0.8378548,1.0
0.0,0.8847562,1.0
0.0,0.12291692,0.0
0.0,0.20433447,0.0
0.0,0.4365683,0.0
1.0,0.99784076,1.0
1.0,0.9975968,1.0
1.0,0.80539316,1.0
1.0,0.9963755,1.0
1.0,0.68396336,1.0
0.0,0.009609639,0.0
1.0,0.99682,1.0
0.0,0.16069005,0.0
1.0,0.98290265,1.0
1.0,0.8940911,1.0
0.0,0.06311514,0.0
1.0,0.99803704,1.0
0.0,0.06003201,0.0
1.0,0.57549965,1.0
1.0,0.95842195,1.0
1.0,0.8640685,1.0
0.0,0.6651985,1.0
1.0,0.969863,1.0
0.0,0.059561897,0.0
1.0,0.9989261,1.0
1.0,0.23132463,0.0
0.0,0.071901634,0.0
0.0,0.023796549,0.0
0.0,0.18263166,0.0
1.0,0.99262154,1.0
0.0,0.029555725,0.0
1.0,0.8337094,1.0
1.0,0.9906725,1.0
1.0,0.9986492,1.0
1.0,0.9026435,1.0
0.0,0.036842275,0.0
0.0,0.09267923,0.0
1.0,0.112835996,0.0
0.0,0.051449545,0.0
0.0,0.15781274,0.0
1.0,0.51251936,1.0
0.0,0.0049146386,0.0
1.0,0.96989036,1.0
1.0,0.390505,0.0
1.0,0.255311,0.0
0.0,0.016934875,0.0
0.0,0.23234214,0.0
0.0,0.44173735,0.0
0.0,0.056505576,0.0
0.0,0.40714675,0.0
0.0,0.7346079,1.0
0.0,0.0593019,0.0
0.0,0.3489364,0.0
1.0,0.21507671,0.0
1.0,0.97956616,1.0
1.0,0.35092404,0.0
0.0,0.18916439,0.0
1.0,0.8796013,1.0
1.0,0.6731569,1.0
0.0,0.03968444,0.0
1.0,0.48867497,0.0
0.0,0.08191116,0.0
1.0,0.75061506,1.0
1.0,0.86271876,1.0
0.0,0.004447987,0.0
0.0,0.016048864,0.0
1.0,0.84387255,1.0
1.0,0.21126589,0.0
1.0,0.46356463,0.0
0.0,0.15037878,0.0
0.0,0.0038342264,0.0
1.0,0.99282104,1.0
1.0,0.6630563,1.0
1.0,0.9947478,1.0
0.0,0.57129073,1.0
1.0,0.98177457,1.0
1.0,0.9923505,1.0
0.0,0.036018025,0.0
1.0,0.2561109,0.0
1.0,0.93040234,1.0
1.0,0.98077637,1.0
0.0,0.040276263,0.0
1.0,0.9980867,1.0
0.0,0.27514502,0.0
1.0,0.6986377,1.0
1.0,0.6401153,1.0
1.0,0.9951981,1.0
1.0,0.95322764,1.0
1.0,0.9910746,1.0
1.0,0.9994036,1.0
0.0,0.20758815,0.0
1.0,0.57962507,1.0
1.0,0.99739766,1.0
1.0,0.7725088,1.0
0.0,0.041825887,0.0
1.0,0.99941015,1.0
0.0,0.120267525,0.0
1.0,0.074774526,0.0
1.0,0.65093607,1.0
1.0,0.61519593,1.0
0.0,0.053126264,0.0
1.0,0.98632485,1.0
1.0,0.9617264,1.0
1.0,0.9985266,1.0
0.0,0.73180836,1.0
1.0,0.44549498,0.0
0.0,0.0051669027,0.0
0.0,0.0063654524,0.0
1.0,0.9837294,1.0
1.0,0.9977684,1.0
0.0,0.061489694,0.0
1.0,0.93257433,1.0
1.0,0.8580281,1.0
1.0,0.6283163,1.0
1.0,0.96771383,1.0
1.0,0.33942258,0.0
0.0,0.28270477,0.0
1.0,0.9914882,1.0
1.0,0.78691703,1.0
0.0,0.0710478,0.0
1.0,0.9213088,1.0
1.0,0.95136243,1.0
1.0,0.98411036,1.0
0.0,0.13431738,0.0
0.0,0.025966614,0.0
0.0,0.09881984,0.0
1.0,0.22490127,0.0
0.0,0.38961768,0.0
0.0,0.1477851,0.0
1.0,0.2882501,0.0
0.0,0.22733942,0.0
0.0,0.06233373,0.0
1.0,0.3083356,0.0
1.0,0.18464458,0.0
1.0,0.2819578,0.0
0.0,0.33595768,0.0
0.0,0.23913693,0.0
0.0,0.8653535,1.0
0.0,0.094928496,0.0
1.0,0.98815477,1.0
1.0,0.9910486,1.0
1.0,0.79975176,1.0
1.0,0.5854007,1.0
0.0,0.025324553,0.0
1.0,0.9941552,1.0
1.0,0.9824119,1.0
0.0,0.14717564,0.0
0.0,0.034063175,0.0
0.0,0.5319244,1.0
0.0,0.02088996,0.0
1.0,0.9957736,1.0
0.0,0.04240336,0.0
1.0,0.8874641,1.0
0.0,0.35941154,0.0
1.0,0.98872244,1.0
1.0,0.9996239,1.0
1.0,0.74182975,1.0
0.0,0.28707927,0.0
1.0,0.99312603,1.0
0.0,0.039533485,0.0
0.0,0.278821,0.0
1.0,0.9806414,1.0
1.0,0.98952556,1.0
0.0,0.72900975,1.0
0.0,0.09869939,0.0
0.0,0.2730732,0.0
0.0,0.98129094,1.0
0.0,0.14150332,0.0
0.0,0.07978787,0.0
0.0,0.005527283,0.0
0.0,0.7349694,1.0
1.0,0.99092203,1.0
0.0,0.020980299,0.0
0.0,0.40294343,0.0
0.0,0.009987521,0.0
1.0,0.6214517,1.0
0.0,0.39099768,0.0
1.0,0.9692072,1.0
0.0,0.06674797,0.0
0.0,0.03507101,0.0
1.0,0.50930834,1.0
1.0,0.6160765,1.0
1.0,0.98374236,1.0
1.0,0.9771024,1.0
0.0,0.10698301,0.0
1.0,0.8667246,1.0
1.0,0.77425164,1.0
1.0,0.9995022,1.0
1.0,0.98390204,1.0
0.0,0.8011964,1.0
1.0,0.86900485,1.0
0.0,0.21412446,0.0
0.0,0.532009,1.0
1.0,0.9661745,1.0
0.0,0.17339744,0.0
1.0,0.8947882,1.0
1.0,0.34097758,0.0
0.0,0.38180032,0.0
1.0,0.8977149,1.0
0.0,0.38026935,0.0
1.0,0.7072045,1.0
1.0,0.17090282,0.0
1.0,0.997517,1.0
1.0,0.9960234,1.0
0.0,0.013477187,0.0
1.0,0.99771994,1.0
0.0,0.028179558,0.0
0.0,0.4074944,0.0
0.0,0.6853399,1.0
0.0,0.18860117,0.0
1.0,0.9997509,1.0
0.0,0.39584854,0.0
1.0,0.9867393,1.0
1.0,0.7497307,1.0
0.0,0.037665423,0.0
0.0,0.0008880808,0.0
0.0,0.3976237,0.0
1.0,0.99603695,1.0
0.0,0.01710489,0.0
1.0,0.61856616,1.0
0.0,0.042756487,0.0
1.0,0.75495785,1.0
0.0,0.016983368,0.0
1.0,0.41396055,0.0
1.0,0.8958994,1.0
1.0,0.37159935,0.0
1.0,0.60259145,1.0
1.0,0.53709245,1.0
1.0,0.9181793,1.0
1.0,0.7019181,1.0
1.0,0.3190645,0.0
1.0,0.39751327,0.0
0.0,0.12228082,0.0
1.0,0.58113265,1.0
1.0,0.99602854,1.0
0.0,0.09218718,0.0
0.0,0.02472434,0.0
0.0,0.026487397,0.0
0.0,0.3823912,0.0
0.0,0.09416865,0.0
1.0,0.9962931,1.0
0.0,0.1115568,0.0
1.0,0.9433566,1.0
1.0,0.99721694,1.0
1.0,0.9581515,1.0
0.0,0.07624323,0.0
0.0,0.04390019,0.0
0.0,0.7506391,1.0
1.0,0.99841607,1.0
1.0,0.98437977,1.0
1.0,0.9902074,1.0
1.0,0.9902103,1.0
1.0,0.8947276,1.0
0.0,0.12224597,0.0
1.0,0.98892176,1.0
1.0,0.097332776,0.0
0.0,0.40402314,0.0
1.0,0.9738099,1.0
0.0,0.012408746,0.0
0.0,0.39375103,0.0
1.0,0.4661154,0.0
1.0,0.40895596,0.0
1.0,0.88417596,1.0
0.0,0.11652965,0.0
0.0,0.0939439,0.0
1.0,0.6235728,1.0
0.0,0.3122858,0.0
0.0,0.65852475,1.0
0.0,0.022905096,0.0
0.0,0.10183198,0.0
0.0,0.031484384,0.0
0.0,0.063245974,0.0
0.0,0.23577929,0.0
0.0,0.20440248,0.0
1.0,0.99280566,1.0
0.0,0.14931944,0.0
1.0,0.99844664,1.0
1.0,0.89881134,1.0
1.0,0.8929841,1.0
0.0,0.028021771,0.0
1.0,0.7491648,1.0
0.0,0.034240518,0.0
1.0,0.9829912,1.0
1.0,0.9974957,1.0
0.0,0.015703592,0.0
0.0,0.17255896,0.0
1.0,0.95460093,1.0
1.0,0.11074326,0.0
0.0,0.03241666,0.0
0.0,0.013774451,0.0
1.0,0.914017,1.0
1.0,0.3000064,0.0
1.0,0.93236434,1.0
0.0,0.15176989,0.0
0.0,0.021129629,0.0
1.0,0.99793756,1.0
0.0,0.70422983,1.0
0.0,0.10656279,0.0
1.0,0.99424064,1.0
0.0,0.4393097,0.0
1.0,0.8425631,1.0
1.0,0.24940087,0.0
1.0,0.9971474,1.0
0.0,0.007913975,0.0
0.0,0.44968832,0.0
0.0,0.06424582,0.0
0.0,0.012009257,0.0
1.0,0.92825735,1.0
1.0,0.6781815,1.0
0.0,0.10301287,0.0
0.0,0.107455924,0.0
1.0,0.32655618,0.0
1.0,0.9880469,1.0
0.0,0.015475399,0.0
1.0,0.6227775,1.0
0.0,0.073560774,0.0
1.0,0.09278107,0.0
0.0,0.49105367,0.0
1.0,0.4529109,0.0
0.0,0.57135445,1.0
0.0,0.14045645,0.0
0.0,0.05432247,0.0
0.0,0.007832517,0.0
0.0,0.26488447,0.0
0.0,0.05740513,0.0
0.0,0.5531135,1.0
0.0,0.10454586,0.0
0.0,0.120434076,0.0
1.0,0.2375806,0.0
0.0,0.029284703,0.0
1.0,0.99826956,1.0
1.0,0.99803215,1.0
1.0,0.62365603,1.0
1.0,0.91924965,1.0
0.0,0.004301632,0.0
1.0,0.82463104,1.0
1.0,0.6331221,1.0
1.0,0.960433,1.0
1.0,0.9893791,1.0
0.0,0.036647186,0.0
0.0,0.068158016,0.0
0.0,0.25674686,0.0
1.0,0.86393684,1.0
0.0,0.103177205,0.0
1.0,0.9702721,1.0
1.0,0.2881589,0.0
0.0,0.007151062,0.0
0.0,0.024362074,0.0
0.0,0.15477027,0.0
0.0,0.18064494,0.0
0.0,0.29598194,0.0
0.0,0.009048703,0.0
1.0,0.6275148,1.0
1.0,0.37558264,0.0
1.0,0.9967326,1.0
0.0,0.007496345,0.0
0.0,0.15965477,0.0
0.0,0.04928484,0.0
1.0,0.99875176,1.0
1.0,0.991284,1.0
1.0,0.61140823,1.0
0.0,0.051399115,0.0
1.0,0.7528089,1.0
0.0,0.022080572,0.0
1.0,0.27357283,0.0
1.0,0.9988832,1.0
0.0,0.16766864,0.0
0.0,0.13117945,0.0
0.0,0.043914825,0.0
0.0,0.26640886,0.0
1.0,0.6864237,1.0
0.0,0.19411713,0.0
0.0,0.03638096,0.0
1.0,0.6950903,1.0
0.0,0.2344957,0.0
0.0,0.043134708,0.0
0.0,0.22974823,0.0
1.0,0.97138196,1.0
1.0,0.973914,1.0
0.0,0.035839994,0.0
0.0,0.01844515,0.0
0.0,0.0017393022,0.0
1.0,0.979321,1.0
1.0,0.99696225,1.0
0.0,0.3793844,0.0
0.0,0.071777195,0.0
1.0,0.27144152,0.0
1.0,0.878656,1.0
1.0,0.6093383,1.0
1.0,0.72021204,1.0
0.0,0.74325514,1.0
0.0,0.29027805,0.0
0.0,0.2715903,0.0
1.0,0.92132074,1.0
1.0,0.98975277,1.0
1.0,0.43837732,0.0
1.0,0.9957838,1.0
1.0,0.8699338,1.0
0.0,0.14315668,0.0
0.0,0.054605626,0.0
1.0,0.95837724,1.0
1.0,0.39028853,0.0
1.0,0.97328985,1.0
0.0,0.9873492,1.0
1.0,0.29891336,0.0
1.0,0.59953195,1.0
0.0,0.0020452393,0.0
1.0,0.9814843,1.0
0.0,0.5063764,1.0
1.0,0.46334243,0.0
1.0,0.8031901,1.0
1.0,0.97094417,1.0
1.0,0.9983284,1.0
1.0,0.8962025,1.0
0.0,0.0035937596,0.0
0.0,0.13690233,0.0
1.0,0.81036246,1.0
1.0,0.1360943,0.0
0.0,0.05676563,0.0
0.0,0.0144521715,0.0
0.0,0.13083111,0.0
0.0,0.2564504,0.0
0.0,0.12312311,0.0
1.0,0.9080001,1.0
1.0,0.6507479,1.0
1.0,0.95830095,1.0
0.0,0.045229632,0.0
0.0,0.54381055,1.0
0.0,0.21372373,0.0
0.0,0.6367906,1.0
1.0,0.99498284,1.0
0.0,0.020019028,0.0
1.0,0.7494299,1.0
0.0,0.109522924,0.0
0.0,0.09788053,0.0
1.0,0.7714426,1.0
0.0,0.006073203,0.0
1.0,0.7560001,1.0
1.0,0.8103355,1.0
0.0,0.25411838,0.0
1.0,0.43094087,0.0
1.0,0.74017245,1.0
0.0,0.009032742,0.0
1.0,0.99367476,1.0
1.0,0.98021793,1.0
1.0,0.9946478,1.0
0.0,0.52056545,1.0
0.0,0.07527137,0.0
0.0,0.2915501,0.0
0.0,0.04599859,0.0
0.0,0.02327147,0.0
0.0,0.11783341,0.0
1.0,0.9794191,1.0
1.0,0.69999635,1.0
0.0,0.06777221,0.0
0.0,0.11607718,0.0
1.0,0.96367633,1.0
0.0,0.21453314,0.0
0.0,0.46258473,0.0
0.0,0.045431737,0.0
0.0,0.06013493,0.0
1.0,0.43324602,0.0
1.0,0.7611724,1.0
0.0,0.05827114,0.0
0.0,0.50389725,1.0
1.0,0.9838806,1.0
1.0,0.56146604,1.0
1.0,0.9958104,1.0
1.0,0.88514006,1.0
1.0,0.99866676,1.0
0.0,0.149664,0.0
0.0,0.6061731,1.0
0.0,0.13665855,0.0
1.0,0.21538088,0.0
0.0,0.006797954,0.0
1.0,0.98231184,1.0
0.0,0.017044822,0.0
1.0,0.97224754,1.0
0.0,0.118741594,0.0
1.0,0.17815335,0.0
0.0,0.09111062,0.0
1.0,0.40262946,0.0
1.0,0.23445866,0.0
0.0,0.12533404,0.0
0.0,0.47277775,0.0
1.0,0.23405665,0.0
1.0,0.99694073,1.0
0.0,0.0041738222,0.0
0.0,0.08952033,0.0
1.0,0.9880933,1.0
0.0,0.007229543,0.0
0.0,0.85490733,1.0
1.0,0.9395436,1.0
0.0,0.106213965,0.0
0.0,0.0035706942,0.0
0.0,0.013680338,0.0
1.0,0.65458643,1.0
0.0,0.019336475,0.0
0.0,0.37862596,0.0
0.0,0.020123992,0.0
1.0,0.9683347,1.0
0.0,0.047675066,0.0
1.0,0.9936912,1.0
1.0,0.9978915,1.0
1.0,0.8781528,1.0
0.0,0.025761288,0.0
1.0,0.99763536,1.0
0.0,0.11468917,0.0
1.0,0.72884905,1.0
0.0,0.13575773,0.0
0.0,0.021181392,0.0
0.0,0.0027282098,0.0
0.0,0.5046798,1.0
1.0,0.65241313,1.0
0.0,0.8133387,1.0
0.0,0.0043362263,0.0
0.0,0.078360476,0.0
1.0,0.99754745,1.0
0.0,0.28923616,0.0
0.0,0.058875475,0.0
1.0,0.9753277,1.0
1.0,0.7953094,1.0
1.0,0.9578327,1.0
0.0,0.34435067,0.0
0.0,0.032874715,0.0
0.0,0.0178721,0.0
0.0,0.15269023,0.0
1.0,0.34322178,0.0
1.0,0.86521965,1.0
0.0,0.15465981,0.0
1.0,0.9927443,1.0
0.0,0.016514478,0.0
0.0,0.3639053,0.0
0.0,0.24817804,0.0
0.0,0.20747897,0.0
0.0,0.090740435,0.0
0.0,0.43995732,0.0
0.0,0.07824612,0.0
0.0,0.07850838,0.0
0.0,0.09838273,0.0
1.0,0.93387,1.0
1.0,0.9569489,1.0
1.0,0.9986708,1.0
1.0,0.96125257,1.0
1.0,0.9649405,1.0
0.0,0.12674682,0.0
0.0,0.17320621,0.0
0.0,0.045896824,0.0
1.0,0.99385166,1.0
0.0,0.015194315,0.0
0.0,0.069640145,0.0
1.0,0.968489,1.0
0.0,0.046235744,0.0
1.0,0.56880265,1.0
0.0,0.18089458,0.0
1.0,0.9994091,1.0
1.0,0.9458744,1.0
1.0,0.94548887,1.0
1.0,0.3638717,0.0
1.0,0.30488616,0.0
1.0,0.9765645,1.0
0.0,0.10965614,0.0
0.0,0.10893388,0.0
1.0,0.3956939,0.0
1.0,0.82037985,1.0
1.0,0.31481597,0.0
0.0,0.017934998,0.0
0.0,0.14014219,0.0
0.0,0.91626996,1.0
1.0,0.9762847,1.0
0.0,0.084451504,0.0
1.0,0.8582513,1.0
1.0,0.7801378,1.0
0.0,0.10545456,0.0
0.0,0.22839628,0.0
1.0,0.9995497,1.0
1.0,0.5637183,1.0
0.0,0.023494758,0.0
1.0,0.98218924,1.0
0.0,0.35926598,0.0
1.0,0.9982486,1.0
0.0,0.054278105,0.0
1.0,0.35522932,0.0
0.0,0.14310318,0.0
0.0,0.69027925,1.0
0.0,0.0442057,0.0
0.0,0.04800209,0.0
0.0,0.386118,0.0
0.0,0.40724933,0.0
0.0,0.10921345,0.0
1.0,0.99635774,1.0
0.0,0.40465784,0.0
1.0,0.90441126,1.0
0.0,0.66007143,1.0
0.0,0.012301429,0.0
0.0,0.30183038,0.0
1.0,0.8642028,1.0
1.0,0.9655986,1.0
0.0,0.060791906,0.0
0.0,0.03283842,0.0
0.0,0.021660184,0.0
1.0,0.421506,0.0
1.0,0.98299485,1.0
1.0,0.99450773,1.0
0.0,0.07938937,0.0
1.0,0.99544215,1.0
0.0,0.060097672,0.0
0.0,0.5771013,1.0
0.0,0.4660546,0.0
0.0,0.17854364,0.0
0.0,0.4164712,0.0
1.0,0.87461954,1.0
0.0,0.27120662,0.0
0.0,0.010216679,0.0
0.0,0.10020549,0.0
1.0,0.99313885,1.0
0.0,0.012477162,0.0
1.0,0.7378856,1.0
1.0,0.6260106,1.0
0.0,0.028379178,0.0
0.0,0.03244305,0.0
0.0,0.1563904,0.0
0.0,0.16645768,0.0
0.0,0.6267419,1.0
1.0,0.83997965,1.0
1.0,0.9990318,1.0
1.0,0.9304022,1.0
1.0,0.9839664,1.0
0.0,0.13724552,0.0
1.0,0.997428,1.0
1.0,0.99123245,1.0
0.0,0.2034453,0.0
0.0,0.27226982,0.0
0.0,0.15991849,0.0
0.0,0.58798194,1.0
0.0,0.07981653,0.0
0.0,0.04610514,0.0
1.0,0.75973266,1.0
0.0,0.29626983,0.0
1.0,0.9968458,1.0
0.0,0.103462726,0.0
0.0,0.035631545,0.0
1.0,0.66760856,1.0
0.0,0.3448303,0.0
0.0,0.02192092,0.0
0.0,0.08561988,0.0
0.0,0.080548696,0.0
1.0,0.13815917,0.0
1.0,0.9985789,1.0
0.0,0.7699606,1.0
0.0,0.33435813,0.0
1.0,0.73271525,1.0
0.0,0.04544754,0.0
0.0,0.03824118,0.0
1.0,0.90933716,1.0
1.0,0.99958426,1.0
0.0,0.017659694,0.0
1.0,0.75131255,1.0
1.0,0.80737627,1.0
1.0,0.9975169,1.0
0.0,0.30603144,0.0
1.0,0.99683714,1.0
1.0,0.77933025,1.0
1.0,0.9972379,1.0
1.0,0.89340514,1.0
0.0,0.04469799,0.0
1.0,0.44909322,0.0
0.0,0.1517918,0.0
1.0,0.43325907,0.0
0.0,0.20010681,0.0
1.0,0.99797183,1.0
1.0,0.9922152,1.0
0.0,0.0053851753,0.0
0.0,0.055578012,0.0
1.0,0.98303473,1.0
1.0,0.9889957,1.0
1.0,0.945891,1.0
1.0,0.9980934,1.0
1.0,0.9991235,1.0
0.0,0.0484069,0.0
1.0,0.98569876,1.0
0.0,0.3773823,0.0
0.0,0.25750223,0.0
0.0,0.039392453,0.0
0.0,0.1526621,0.0
0.0,0.014750822,0.0
1.0,0.99872524,1.0
1.0,0.9907862,1.0
0.0,0.037402205,0.0
0.0,0.20506181,0.0
0.0,0.17893039,0.0
0.0,0.05037943,0.0
1.0,0.9541732,1.0
1.0,0.15641606,0.0
0.0,0.44492874,0.0
1.0,0.9979844,1.0
0.0,0.58443886,1.0
0.0,0.15497544,0.0
0.0,0.14996175,0.0
1.0,0.98450655,1.0
0.0,0.007312428,0.0
1.0,0.9962529,1.0
0.0,0.012729904,0.0
0.0,0.03582533,0.0
1.0,0.97277933,1.0
0.0,0.11562724,0.0
1.0,0.9991528,1.0
0.0,0.17068525,0.0
1.0,0.99908435,1.0
0.0,0.08257392,0.0
0.0,0.4915294,0.0
1.0,0.2214828,0.0
0.0,0.025012609,0.0
1.0,0.99594975,1.0
1.0,0.41390717,0.0
0.0,0.027112015,0.0
1.0,0.9838839,1.0
0.0,0.0072858483,0.0
1.0,0.99941516,1.0
0.0,0.01675217,0.0
1.0,0.46644083,0.0
1.0,0.99375385,1.0
1.0,0.96706486,1.0
0.0,0.0064509073,0.0
0.0,0.5764765,1.0
1.0,0.7668557,1.0
1.0,0.9904004,1.0
1.0,0.9818782,1.0
0.0,0.3171717,0.0
0.0,0.48692346,0.0
0.0,0.04721684,0.0
0.0,0.024240172,0.0
0.0,0.08124434,0.0
0.0,0.17306933,0.0
1.0,0.94789726,1.0
1.0,0.8666315,1.0
1.0,0.9971029,1.0
0.0,0.014259289,0.0
0.0,0.006374377,0.0
0.0,0.054474276,0.0
0.0,0.036387313,0.0
0.0,0.31348777,0.0
0.0,0.12855117,0.0
1.0,0.98236567,1.0
1.0,0.309205,0.0
1.0,0.74872106,1.0
1.0,0.9966468,1.0
0.0,0.009447376,0.0
1.0,0.19417782,0.0
1.0,0.999081,1.0
1.0,0.9801201,1.0
1.0,0.9489778,1.0
1.0,0.8292941,1.0
1.0,0.5532884,1.0
0.0,0.0126596745,0.0
0.0,0.01908548,0.0
1.0,0.8033007,1.0
0.0,0.19258036,0.0
0.0,0.17531672,0.0
1.0,0.5076466,1.0
1.0,0.99120504,1.0
1.0,0.4654742,0.0
1.0,0.99065316,1.0
0.0,0.072810054,0.0
0.0,0.16897677,0.0
0.0,0.04164991,0.0
0.0,0.06853117,0.0
0.0,0.023661926,0.0
0.0,0.11285741,0.0
1.0,0.99911445,1.0
0.0,0.3725744,0.0
1.0,0.9867988,1.0
0.0,0.039773073,0.0
0.0,0.30780247,0.0
1.0,0.92343175,1.0
1.0,0.5752138,1.0
1.0,0.9923267,1.0
1.0,0.5408471,1.0
0.0,0.057667058,0.0
0.0,0.00141669,0.0
0.0,0.28937772,0.0
1.0,0.9991222,1.0
1.0,0.88836485,1.0
1.0,0.98108155,1.0
1.0,0.9901142,1.0
0.0,0.5609929,1.0
0.0,0.021547312,0.0
1.0,0.7944973,1.0
1.0,0.99688464,1.0
0.0,0.075170636,0.0
1.0,0.6987425,1.0
1.0,0.81910795,1.0
1.0,0.8521956,1.0
1.0,0.9723044,1.0
1.0,0.65634644,1.0
0.0,0.11761963,0.0
1.0,0.98947316,1.0
1.0,0.5685626,1.0
0.0,0.12695824,0.0
0.0,0.0019276151,0.0
0.0,0.0105861705,0.0
1.0,0.96114874,1.0
0.0,0.23224264,0.0
0.0,0.013198442,0.0
0.0,0.15415393,0.0
1.0,0.76817656,1.0
0.0,0.012315504,0.0
1.0,0.9918839,1.0
0.0,0.23112363,0.0
0.0,0.38879228,0.0
0.0,0.06557054,0.0
1.0,0.8340157,1.0
1.0,0.9856776,1.0
1.0,0.09557861,0.0
0.0,0.3225059,0.0
1.0,0.09273375,0.0
1.0,0.9902711,1.0
1.0,0.7549823,1.0
0.0,0.36061352,0.0
1.0,0.98722047,1.0
1.0,0.7817607,1.0
1.0,0.73670375,1.0
0.0,0.31432402,0.0
0.0,0.18347284,0.0
0.0,0.033413574,0.0
0.0,0.13291676,0.0
0.0,0.09060174,0.0
1.0,0.9720498,1.0
1.0,0.7445489,1.0
1.0,0.5454928,1.0
1.0,0.9624472,1.0
0.0,0.005765913,0.0
1.0,0.9879205,1.0
0.0,0.8562596,1.0
0.0,0.14345668,0.0
1.0,0.45915863,0.0
1.0,0.99770075,1.0
1.0,0.873116,1.0
0.0,0.08702683,0.0
1.0,0.34744444,0.0
1.0,0.9946279,1.0
0.0,0.031175952,0.0
1.0,0.9763984,1.0
0.0,0.31068045,0.0
1.0,0.99870265,1.0
1.0,0.60663545,1.0
0.0,0.048617207,0.0
1.0,0.3159111,0.0
0.0,0.0062149037,0.0
0.0,0.26380622,0.0
0.0,0.47351432,0.0
0.0,0.007842639,0.0
0.0,0.0059328577,0.0
0.0,0.054628626,0.0
0.0,0.03624517,0.0
0.0,0.025277749,0.0
1.0,0.979084,1.0
0.0,0.43707994,0.0
0.0,0.4825593,0.0
0.0,0.026993077,0.0
0.0,0.3520018,0.0
0.0,0.2165373,0.0
0.0,0.05208875,0.0
0.0,0.016504368,0.0
1.0,0.9989599,1.0
0.0,0.23858911,0.0
1.0,0.99939895,1.0
0.0,0.65757006,1.0
0.0,0.04086509,0.0
1.0,0.9607009,1.0
0.0,0.09303957,0.0
0.0,0.6013567,1.0
1.0,0.83415854,1.0
0.0,0.11494375,0.0
0.0,0.013473826,0.0
1.0,0.7141097,1.0
0.0,0.09078853,0.0
0.0,0.11285107,0.0
1.0,0.82442504,1.0
1.0,0.5346962,1.0
1.0,0.9912335,1.0
0.0,0.41894317,0.0
1.0,0.99822825,1.0
1.0,0.977727,1.0
0.0,0.13540873,0.0
1.0,0.9951024,1.0
1.0,0.87022483,1.0
0.0,0.12411158,0.0
0.0,0.037147347,0.0
0.0,0.027807763,0.0
0.0,0.010316875,0.0
0.0,0.345573,0.0
1.0,0.9974476,1.0
0.0,0.037885915,0.0
1.0,0.9985875,1.0
0.0,0.3001564,0.0
0.0,0.024461903,0.0
0.0,0.59076893,1.0
1.0,0.8907349,1.0
1.0,0.95595104,1.0
1.0,0.065306716,0.0
1.0,0.87354183,1.0
0.0,0.030019216,0.0
1.0,0.7543467,1.0
0.0,0.006185962,0.0
1.0,0.71476114,1.0
0.0,0.05462767,0.0
0.0,0.48633817,0.0
1.0,0.99174255,1.0
0.0,0.21809515,0.0
1.0,0.7190419,1.0
1.0,0.8581323,1.0
1.0,0.48906916,0.0
1.0,0.99135345,1.0
0.0,0.060764145,0.0
1.0,0.81028557,1.0
1.0,0.93338954,1.0
0.0,0.016515981,0.0
1.0,0.5890258,1.0
0.0,0.2452088,0.0
1.0,0.9883763,1.0
1.0,0.9779651,1.0
0.0,0.03767487,0.0
0.0,0.04401321,0.0
0.0,0.47291294,0.0
1.0,0.99295336,1.0
0.0,0.4319603,0.0
0.0,0.42490643,0.0
1.0,0.9993407,1.0
0.0,0.19647105,0.0
0.0,0.004514616,0.0
0.0,0.16636269,0.0
1.0,0.8013918,1.0
1.0,0.80989796,1.0
1.0,0.8946326,1.0
0.0,0.055614457,0.0
0.0,0.5640437,1.0
0.0,0.1487643,0.0
0.0,0.11621294,0.0
1.0,0.9201241,1.0
1.0,0.95385855,1.0
1.0,0.7978997,1.0
1.0,0.29561874,0.0
1.0,0.68296415,1.0
0.0,0.28917482,0.0
0.0,0.5231388,1.0
1.0,0.99819,1.0
0.0,0.031350743,0.0
0.0,0.19171318,0.0
1.0,0.9973857,1.0
1.0,0.99710256,1.0
0.0,0.28243998,0.0
1.0,0.48450705,0.0
1.0,0.9879189,1.0
0.0,0.5631047,1.0
0.0,0.08704655,0.0
0.0,0.04092406,0.0
0.0,0.12565897,0.0
1.0,0.8156777,1.0
0.0,0.73017687,1.0
1.0,0.9687326,1.0
1.0,0.13666932,0.0
1.0,0.973369,1.0
1.0,0.47896996,0.0
0.0,0.1378507,0.0
1.0,0.9988226,1.0
0.0,0.027712792,0.0
0.0,0.56783634,1.0
0.0,0.1917438,0.0
0.0,0.17366937,0.0
0.0,0.020608226,0.0
1.0,0.8610117,1.0
1.0,0.38499483,0.0
1.0,0.69702536,1.0
1.0,0.82700175,1.0
1.0,0.83207375,1.0
0.0,0.18065791,0.0
1.0,0.36701676,0.0
1.0,0.9582807,1.0
1.0,0.99776816,1.0
1.0,0.99728596,1.0
1.0,0.98407644,1.0
0.0,0.48324037,0.0
1.0,0.99397016,1.0
1.0,0.9994466,1.0
0.0,0.23818132,0.0
1.0,0.9605786,1.0
0.0,0.2055852,0.0
0.0,0.258739,0.0
1.0,0.4480793,0.0
1.0,0.99885404,1.0
0.0,0.20382704,0.0
0.0,0.058212757,0.0
0.0,0.050304588,0.0
0.0,0.14073521,0.0
1.0,0.41391113,0.0
0.0,0.03139816,0.0
1.0,0.982793,1.0
0.0,0.115123145,0.0
1.0,0.78732896,1.0
1.0,0.68924147,1.0
0.0,0.17429176,0.0
0.0,0.9120477,1.0
0.0,0.10003495,0.0
0.0,0.014020306,0.0
0.0,0.00822772,0.0
1.0,0.87383354,1.0
1.0,0.9951192,1.0
0.0,0.111016884,0.0
0.0,0.010393286,0.0
1.0,0.19547777,0.0
0.0,0.090314366,0.0
1.0,0.9960634,1.0
0.0,0.03632469,0.0
0.0,0.035023436,0.0
0.0,0.036497556,0.0
1.0,0.15166841,0.0
0.0,0.018299645,0.0
0.0,0.023812396,0.0
0.0,0.37009817,0.0
0.0,0.38079494,0.0
1.0,0.8948273,1.0
0.0,0.33227554,0.0
0.0,0.40901408,0.0
0.0,0.14909565,0.0
0.0,0.18289201,0.0
0.0,0.018789375,0.0
1.0,0.9987613,1.0
0.0,0.118343666,0.0
0.0,0.0064237616,0.0
1.0,0.9926254,1.0
0.0,0.010341589,0.0
1.0,0.99824095,1.0
0.0,0.5597317,1.0
1.0,0.98715276,1.0
1.0,0.9979717,1.0
1.0,0.99848866,1.0
0.0,0.20608804,0.0
0.0,0.26055944,0.0
1.0,0.9970933,1.0
0.0,0.032253925,0.0
0.0,0.5049223,1.0
1.0,0.8012944,1.0
1.0,0.9375085,1.0
1.0,0.97297466,1.0
1.0,0.052265234,0.0
0.0,0.15259476,0.0
0.0,0.073149405,0.0
1.0,0.9031371,1.0
0.0,0.3017943,0.0
1.0,0.7322518,1.0
0.0,0.1800332,0.0
1.0,0.9997024,1.0
0.0,0.06375404,0.0
1.0,0.99113804,1.0
1.0,0.9128148,1.0
1.0,0.8600033,1.0
1.0,0.9918182,1.0
1.0,0.99848807,1.0
0.0,0.905513,1.0
1.0,0.90545493,1.0
0.0,0.029828932,0.0
0.0,0.075182624,0.0
0.0,0.040982027,0.0
1.0,0.98782617,1.0
1.0,0.9105582,1.0
0.0,0.051979505,0.0
0.0,0.25890535,0.0
1.0,0.8665962,1.0
1.0,0.8418257,1.0
0.0,0.40176514,0.0
1.0,0.89731765,1.0
0.0,0.011603178,0.0
0.0,0.47466326,0.0
0.0,0.29383713,0.0
1.0,0.63038987,1.0
0.0,0.016047027,0.0
1.0,0.9995065,1.0
0.0,0.5651195,1.0
0.0,0.059666924,0.0
1.0,0.95410264,1.0
1.0,0.75565875,1.0
0.0,0.08771366,0.0
0.0,0.010260527,0.0
0.0,0.009835055,0.0
0.0,0.036269024,0.0
1.0,0.38681743,0.0
1.0,0.9734953,1.0
1.0,0.74363583,1.0
0.0,0.04893149,0.0
0.0,0.5364035,1.0
0.0,0.014020952,0.0
1.0,0.25335225,0.0
1.0,0.8049564,1.0
0.0,0.15302517,0.0
0.0,0.09173784,0.0
1.0,0.37227833,0.0
0.0,0.1470324,0.0
1.0,0.96439373,1.0
1.0,0.98608047,1.0
0.0,0.4959629,0.0
0.0,0.20993079,0.0
0.0,0.03180689,0.0
0.0,0.04405463,0.0
0.0,0.032880202,0.0
0.0,0.087245755,0.0
1.0,0.8223699,1.0
0.0,0.29254708,0.0
1.0,0.9994504,1.0
0.0,0.03419598,0.0
1.0,0.64044076,1.0
1.0,0.88257074,1.0
0.0,0.5328388,1.0
0.0,0.5826038,1.0
1.0,0.8935263,1.0
0.0,0.030131899,0.0
1.0,0.99955934,1.0
0.0,0.56253093,1.0
0.0,0.09607213,0.0
0.0,0.18771155,0.0
0.0,0.29145646,0.0
1.0,0.96253973,1.0
0.0,0.07592836,0.0
1.0,0.9632094,1.0
1.0,0.90543664,1.0
0.0,0.013339738,0.0
0.0,0.015250004,0.0
1.0,0.8952442,1.0
0.0,0.0474993,0.0
1.0,0.8412487,1.0
1.0,0.98818225,1.0
0.0,0.16400778,0.0
1.0,0.5166642,1.0
0.0,0.20129003,0.0
0.0,0.15055333,0.0
0.0,0.7983739,1.0
0.0,0.032390285,0.0
1.0,0.5825581,1.0
1.0,0.93552643,1.0
0.0,0.0060152765,0.0
0.0,0.23696156,0.0
1.0,0.7707872,1.0
0.0,0.2061226,0.0
1.0,0.15931305,0.0
1.0,0.4098146,0.0
0.0,0.1655768,0.0
0.0,0.022331847,0.0
1.0,0.99374914,1.0
1.0,0.1324409,0.0
0.0,0.20720282,0.0
1.0,0.71253616,1.0
0.0,0.6388238,1.0
0.0,0.089461945,0.0
1.0,0.99905413,1.0
1.0,0.8967461,1.0
1.0,0.49794054,0.0
0.0,0.021647697,0.0
1.0,0.78748983,1.0
0.0,0.019877091,0.0
0.0,0.40808785,0.0
0.0,0.21801473,0.0
1.0,0.99297184,1.0
1.0,0.94862604,1.0
0.0,0.20787434,0.0
1.0,0.9683063,1.0
1.0,0.6639461,1.0
1.0,0.84231895,1.0
0.0,0.1675806,0.0
0.0,0.013317903,0.0
1.0,0.9904011,1.0
0.0,0.2500509,0.0
0.0,0.052187398,0.0
1.0,0.3289697,0.0
1.0,0.1756859,0.0
0.0,0.0016917096,0.0
1.0,0.2766673,0.0
0.0,0.19805431,0.0
0.0,0.008358548,0.0
1.0,0.9983045,1.0
1.0,0.9981869,1.0
0.0,0.17549422,0.0
0.0,0.054717734,0.0
0.0,0.04068413,0.0
0.0,0.19083652,0.0
1.0,0.2626617,0.0
0.0,0.18883786,0.0
0.0,0.012158482,0.0
0.0,0.018516073,0.0
1.0,0.9211161,1.0
1.0,0.94605273,1.0
1.0,0.9892264,1.0
0.0,0.42238185,0.0
1.0,0.9986187,1.0
0.0,0.07528348,0.0
0.0,0.16087356,0.0
1.0,0.5368776,1.0
1.0,0.32174453,0.0
0.0,0.08723184,0.0
0.0,0.09274009,0.0
0.0,0.34486353,0.0
0.0,0.012224233,0.0
0.0,0.04664264,0.0
0.0,0.05962055,0.0
0.0,0.08922257,0.0
1.0,0.33248046,0.0
1.0,0.91813487,1.0
0.0,0.04456804,0.0
0.0,0.18904889,0.0
1.0,0.99638003,1.0
1.0,0.5147857,1.0
1.0,0.26283693,0.0
0.0,0.43480173,0.0
0.0,0.024733875,0.0
0.0,0.27461755,0.0
1.0,0.98994434,1.0
1.0,0.74349904,1.0
1.0,0.230792,0.0
1.0,0.109296255,0.0
0.0,0.2234471,0.0
1.0,0.9993469,1.0
0.0,0.02552736,0.0
1.0,0.9791812,1.0
0.0,0.027887607,0.0
1.0,0.99158186,1.0
0.0,0.02492913,0.0
1.0,0.998502,1.0
0.0,0.31345582,0.0
1.0,0.05435377,0.0
0.0,0.010006029,0.0
1.0,0.868774,1.0
0.0,0.42404434,0.0
0.0,0.37588415,0.0
0.0,0.08081459,0.0
0.0,0.017348804,0.0
1.0,0.9997526,1.0
1.0,0.9175833,1.0
0.0,0.050222714,0.0
1.0,0.19337632,0.0
0.0,0.02829273,0.0
1.0,0.30547848,0.0
1.0,0.9916226,1.0
0.0,0.607508,1.0
0.0,0.19894204,0.0
0.0,0.16524129,0.0
1.0,0.9791877,1.0
1.0,0.980298,1.0
0.0,0.055670954,0.0
0.0,0.1307472,0.0
0.0,0.09890892,0.0
0.0,0.056462083,0.0
1.0,0.9984611,1.0
0.0,0.059404153,0.0
0.0,0.12650257,0.0
0.0,0.010479257,0.0
0.0,0.1672637,0.0
1.0,0.45786867,0.0
1.0,0.69005525,1.0
0.0,0.08914669,0.0
1.0,0.6898114,1.0
0.0,0.048473846,0.0
1.0,0.705605,1.0
0.0,0.03182791,0.0
1.0,0.0867644,0.0
1.0,0.6648832,1.0
1.0,0.8710542,1.0
1.0,0.96467495,1.0
0.0,0.558877,1.0
0.0,0.13348,0.0
0.0,0.16615458,0.0
1.0,0.83680505,1.0
0.0,0.06724397,0.0
1.0,0.99384946,1.0
1.0,0.32903612,0.0
1.0,0.79943264,1.0
0.0,0.036966737,0.0
0.0,0.013850492,0.0
0.0,0.15513341,0.0
1.0,0.99773204,1.0
0.0,0.005531638,0.0
0.0,0.25912774,0.0
1.0,0.98430264,1.0
1.0,0.95988864,1.0
1.0,0.9992781,1.0
0.0,0.22152872,0.0
1.0,0.84133047,1.0
1.0,0.98755175,1.0
1.0,0.98741245,1.0
1.0,0.19783346,0.0
1.0,0.99099296,1.0
0.0,0.007473713,0.0
1.0,0.6516241,1.0
0.0,0.7550925,1.0
1.0,0.9989998,1.0
0.0,0.49984235,0.0
0.0,0.3886418,0.0
1.0,0.9982686,1.0
1.0,0.95642954,1.0
0.0,0.010251402,0.0
0.0,0.35612562,0.0
1.0,0.99477863,1.0
1.0,0.03526518,0.0
0.0,0.046218548,0.0
1.0,0.9542077,1.0
1.0,0.8433268,1.0
0.0,0.25970626,0.0
1.0,0.63124794,1.0
0.0,0.29079515,0.0
1.0,0.9645778,1.0
1.0,0.071500495,0.0
1.0,0.997575,1.0
0.0,0.45796916,0.0
0.0,0.5135428,1.0
1.0,0.5644838,1.0
0.0,0.050279602,0.0
1.0,0.6865194,1.0
1.0,0.49183697,0.0
0.0,0.0073061413,0.0
1.0,0.9962857,1.0
1.0,0.95223373,1.0
1.0,0.2442988,0.0
0.0,0.30635715,0.0
0.0,0.23930317,0.0
1.0,0.970095,1.0
1.0,0.40870762,0.0
0.0,0.12524463,0.0
0.0,0.003570336,0.0
1.0,0.9753656,1.0
0.0,0.25652578,0.0
1.0,0.92678016,1.0
0.0,0.21139674,0.0
0.0,0.05348013,0.0
0.0,0.075056314,0.0
0.0,0.028780496,0.0
1.0,0.68095905,1.0
1.0,0.9982017,1.0
0.0,0.057601046,0.0
1.0,0.9763573,1.0
1.0,0.42042318,0.0
0.0,0.03294025,0.0
0.0,0.037288144,0.0
0.0,0.06392256,0.0
1.0,0.75695646,1.0
0.0,0.0060121617,0.0
1.0,0.998863,1.0
1.0,0.6211417,1.0
1.0,0.96325964,1.0
1.0,0.8545396,1.0
1.0,0.69490594,1.0
0.0,0.32139432,0.0
1.0,0.79473895,1.0
0.0,0.40138662,0.0
0.0,0.17916404,0.0
1.0,0.33596903,0.0
1.0,0.9553115,1.0
1.0,0.83337337,1.0
1.0,0.99717134,1.0
0.0,0.33431682,0.0
0.0,0.01722858,0.0
0.0,0.02933823,0.0
1.0,0.26316145,0.0
0.0,0.007908279,0.0
0.0,0.33148077,0.0
1.0,0.5527146,1.0
0.0,0.6755858,1.0
0.0,0.09314465,0.0
0.0,0.23616758,0.0
0.0,0.0388695,0.0
1.0,0.9986268,1.0
0.0,0.13081326,0.0
0.0,0.65081275,1.0
0.0,0.018699089,0.0
0.0,0.10559329,0.0
1.0,0.99917454,1.0
0.0,0.009224776,0.0
0.0,0.1539901,0.0
0.0,0.14293063,0.0
1.0,0.99266064,1.0
0.0,0.4945852,0.0
0.0,0.016825553,0.0
0.0,0.31481823,0.0
1.0,0.9755343,1.0
1.0,0.82134426,1.0
0.0,0.13077283,0.0
0.0,0.44114918,0.0
0.0,0.16750494,0.0
0.0,0.13588041,0.0
1.0,0.96839404,1.0
1.0,0.9695188,1.0
1.0,0.9987404,1.0
1.0,0.9481888,1.0
1.0,0.9937947,1.0
0.0,0.31116647,0.0
0.0,0.0076204855,0.0
0.0,0.002136285,0.0
0.0,0.13343908,0.0
1.0,0.9864,1.0
1.0,0.4508762,0.0
1.0,0.90551114,1.0
0.0,0.01931522,0.0
0.0,0.0041811876,0.0
0.0,0.026540434,0.0
0.0,0.11728608,0.0
1.0,0.9194702,1.0
1.0,0.23836787,0.0
0.0,0.22128211,0.0
1.0,0.8207806,1.0
0.0,0.13073918,0.0
1.0,0.9930025,1.0
1.0,0.987181,1.0
1.0,0.99912995,1.0
1.0,0.9994313,1.0
1.0,0.99919397,1.0
0.0,0.16941954,0.0
1.0,0.8271913,1.0
1.0,0.99626666,1.0
1.0,0.98577476,1.0
0.0,0.2084057,0.0
1.0,0.98752254,1.0
1.0,0.9729489,1.0
0.0,0.25164104,0.0
0.0,0.23707171,0.0
0.0,0.13218895,0.0
1.0,0.5968272,1.0
0.0,0.019029818,0.0
0.0,0.7200703,1.0
0.0,0.022811873,0.0
0.0,0.57197696,1.0
0.0,0.026735771,0.0
1.0,0.69275147,1.0
0.0,0.4917899,0.0
0.0,0.030253021,0.0
1.0,0.5244507,1.0
1.0,0.9311117,1.0
0.0,0.27004874,0.0
0.0,0.017814456,0.0
0.0,0.4523338,0.0
1.0,0.9894142,1.0
1.0,0.8966721,1.0
0.0,0.106356636,0.0
0.0,0.099555805,0.0
1.0,0.8700962,1.0
1.0,0.3130521,0.0
1.0,0.98562235,1.0
1.0,0.99875426,1.0
1.0,0.6499209,1.0
1.0,0.48565105,0.0
0.0,0.059647914,0.0
1.0,0.9991912,1.0
1.0,0.37078482,0.0
1.0,0.8411477,1.0
0.0,0.27401158,0.0
0.0,0.44065878,0.0
1.0,0.8730754,1.0
1.0,0.9107305,1.0
0.0,0.08772828,0.0
1.0,0.69876593,1.0
1.0,0.92256826,1.0
1.0,0.9146175,1.0
1.0,0.30078322,0.0
0.0,0.2909859,0.0
1.0,0.5168247,1.0
1.0,0.6333953,1.0
1.0,0.23950738,0.0
0.0,0.037745826,0.0
0.0,0.032276385,0.0
1.0,0.9984072,1.0
1.0,0.93009615,1.0
1.0,0.64590746,1.0
1.0,0.41527376,0.0
1.0,0.99119097,1.0
0.0,0.13986275,0.0
0.0,0.017517122,0.0
1.0,0.1134573,0.0
1.0,0.990646,1.0
1.0,0.99898356,1.0
0.0,0.14746273,0.0
0.0,0.5010325,1.0
1.0,0.28154567,0.0
1.0,0.87805027,1.0
0.0,0.23111333,0.0
1.0,0.9851371,1.0
1.0,0.6949478,1.0
0.0,0.20356067,0.0
1.0,0.9878235,1.0
0.0,0.6631147,1.0
0.0,0.010093422,0.0
0.0,0.27322674,0.0
1.0,0.31424782,0.0
0.0,0.13030227,0.0
0.0,0.0009898146,0.0
0.0,0.35303116,0.0
0.0,0.016298043,0.0
1.0,0.97078323,1.0
1.0,0.9206727,1.0
0.0,0.05792332,0.0
1.0,0.961846,1.0
1.0,0.25934237,0.0
0.0,0.041678138,0.0
1.0,0.5734591,1.0
0.0,0.017909745,0.0
0.0,0.445481,0.0
1.0,0.81053674,1.0
1.0,0.8012401,1.0
1.0,0.77802587,1.0
1.0,0.8190095,1.0
0.0,0.5629487,1.0
0.0,0.042862464,0.0
0.0,0.10084849,0.0
1.0,0.9627911,1.0
0.0,0.12714092,0.0
0.0,0.1661712,0.0
0.0,0.33220693,0.0
0.0,0.44405076,0.0
1.0,0.20659313,0.0
0.0,0.10551609,0.0
1.0,0.9226721,1.0
0.0,0.01368317,0.0
0.0,0.0050366675,0.0
0.0,0.058819383,0.0
0.0,0.20610273,0.0
0.0,0.08956084,0.0
0.0,0.16388409,0.0
0.0,0.30822876,0.0
1.0,0.9890477,1.0
1.0,0.5547605,1.0
1.0,0.2841592,0.0
1.0,0.66621727,1.0
1.0,0.77884287,1.0
0.0,0.02952967,0.0
0.0,0.5526118,1.0
0.0,0.0991476,0.0
1.0,0.3086903,0.0
0.0,0.35983554,0.0
0.0,0.042008802,0.0
1.0,0.33603126,0.0
1.0,0.97034013,1.0
0.0,0.16031358,0.0
0.0,0.054453637,0.0
0.0,0.06180841,0.0
1.0,0.9759554,1.0
0.0,0.036839314,0.0
1.0,0.99938834,1.0
1.0,0.9929467,1.0
0.0,0.74290454,1.0
0.0,0.47400758,0.0
1.0,0.34269154,0.0
1.0,0.95524704,1.0
0.0,0.043834634,0.0
0.0,0.07846826,0.0
1.0,0.96092254,1.0
0.0,0.15528087,0.0
1.0,0.95801103,1.0
0.0,0.14986587,0.0
0.0,0.27564076,0.0
1.0,0.36854696,0.0
0.0,0.072857246,0.0
0.0,0.12653737,0.0
0.0,0.03341113,0.0
0.0,0.021683425,0.0
1.0,0.607489,1.0
1.0,0.316477,0.0
1.0,0.96151865,1.0
1.0,0.78981966,1.0
1.0,0.362803,0.0
0.0,0.0064756884,0.0
0.0,0.06681708,0.0
1.0,0.99877673,1.0
1.0,0.7003633,1.0
0.0,0.011693897,0.0
0.0,0.13590562,0.0
0.0,0.03108699,0.0
1.0,0.2784425,0.0
1.0,0.99361223,1.0
0.0,0.07074883,0.0
1.0,0.4153781,0.0
0.0,0.181156,0.0
1.0,0.94441503,1.0
0.0,0.16375339,0.0
1.0,0.9961052,1.0
0.0,0.18561982,0.0
1.0,0.99090403,1.0
0.0,0.010586805,0.0
1.0,0.5665856,1.0
1.0,0.9518235,1.0
1.0,0.99540496,1.0
1.0,0.99362576,1.0
1.0,0.98697215,1.0
1.0,0.97431505,1.0
1.0,0.985307,1.0
1.0,0.83925354,1.0
0.0,0.38354936,0.0
0.0,0.011586687,0.0
1.0,0.99365145,1.0
1.0,0.47058365,0.0
0.0,0.24298775,0.0
0.0,0.03673432,0.0
0.0,0.055639606,0.0
0.0,0.26384938,0.0
0.0,0.3784106,0.0
0.0,0.0072726756,0.0
1.0,0.99888915,1.0
0.0,0.31845865,0.0
0.0,0.0065559773,0.0
1.0,0.99973804,1.0
1.0,0.9448962,1.0
0.0,0.020588046,0.0
1.0,0.99968696,1.0
0.0,0.039638948,0.0
1.0,0.9852004,1.0
1.0,0.8300485,1.0
0.0,0.1780228,0.0
1.0,0.9969688,1.0
0.0,0.17535628,0.0
0.0,0.12549771,0.0
1.0,0.91738814,1.0
1.0,0.13763441,0.0
0.0,0.75343573,1.0
0.0,0.24561307,0.0
1.0,0.9944243,1.0
1.0,0.8347373,1.0
0.0,0.88153076,1.0
1.0,0.989636,1.0
1.0,0.9977405,1.0
1.0,0.891081,1.0
1.0,0.4783246,0.0
1.0,0.48575658,0.0
1.0,0.7549508,1.0
0.0,0.024267362,0.0
0.0,0.06312912,0.0
0.0,0.01586723,0.0
0.0,0.026167471,0.0
0.0,0.5080556,1.0
0.0,0.11751102,0.0
0.0,0.043394085,0.0
0.0,0.058530826,0.0
0.0,0.08154361,0.0
0.0,0.026299074,0.0
0.0,0.39854807,0.0
0.0,0.23017357,0.0
1.0,0.9988475,1.0
1.0,0.82276624,1.0
0.0,0.17734069,0.0
0.0,0.01843282,0.0
0.0,0.12868635,0.0
1.0,0.24181464,0.0
1.0,0.9392933,1.0
0.0,0.012691875,0.0
1.0,0.8212437,1.0
1.0,0.08663414,0.0
0.0,0.45869645,0.0
0.0,0.2120738,0.0
0.0,0.5765739,1.0
0.0,0.05950745,0.0
1.0,0.67258376,1.0
1.0,0.98624945,1.0
1.0,0.9988586,1.0
1.0,0.9596688,1.0
1.0,0.80642354,1.0
0.0,0.097423665,0.0
0.0,0.2338264,0.0
1.0,0.1844585,0.0
0.0,0.01655175,0.0
1.0,0.9918173,1.0
1.0,0.9769646,1.0
0.0,0.24543129,0.0
1.0,0.9738991,1.0
0.0,0.14870955,0.0
1.0,0.3815481,0.0
0.0,0.05788339,0.0
1.0,0.38237083,0.0
1.0,0.99324656,1.0
1.0,0.85427606,1.0
0.0,0.45552605,0.0
0.0,0.48303795,0.0
1.0,0.9959461,1.0
1.0,0.9428812,1.0
0.0,0.07842305,0.0
1.0,0.8706479,1.0
1.0,0.9206911,1.0
0.0,0.48009062,0.0
0.0,0.027396092,0.0
0.0,0.16985998,0.0
0.0,0.4118512,0.0
0.0,0.010829404,0.0
1.0,0.99871457,1.0
1.0,0.9882079,1.0
0.0,0.017113794,0.0
0.0,0.099745505,0.0
0.0,0.0057095466,0.0
0.0,0.84380484,1.0
0.0,0.004438908,0.0
0.0,0.09834965,0.0
1.0,0.9603259,1.0
1.0,0.9942009,1.0
1.0,0.5502302,1.0
1.0,0.60520655,1.0
0.0,0.161706,0.0
0.0,0.11813473,0.0
0.0,0.33037364,0.0
1.0,0.9969805,1.0
1.0,0.98307943,1.0
0.0,0.034267507,0.0
0.0,0.051161967,0.0
0.0,0.031750362,0.0
1.0,0.9975898,1.0
0.0,0.019539952,0.0
0.0,0.053350493,0.0
0.0,0.24263868,0.0
1.0,0.29764217,0.0
1.0,0.9728343,1.0
0.0,0.027736152,0.0
0.0,0.0027250592,0.0
0.0,0.09473477,0.0
0.0,0.21975765,0.0
1.0,0.33408058,0.0
0.0,0.0051686577,0.0
0.0,0.024182202,0.0
1.0,0.7819268,1.0
1.0,0.8099716,1.0
0.0,0.002327057,0.0
0.0,0.0010511776,0.0
1.0,0.41030723,0.0
1.0,0.8184498,1.0
1.0,0.9515802,1.0
0.0,0.009508787,0.0
1.0,0.72012204,1.0
0.0,0.06927518,0.0
0.0,0.011938583,0.0
1.0,0.96161276,1.0
1.0,0.96818304,1.0
0.0,0.36108214,0.0
0.0,0.083271354,0.0
0.0,0.84211516,1.0
1.0,0.58656317,1.0
1.0,0.8990615,1.0
0.0,0.72220564,1.0
0.0,0.19460586,0.0
1.0,0.88090396,1.0
0.0,0.023962025,0.0
0.0,0.27833354,0.0
0.0,0.046030212,0.0
0.0,0.08470153,0.0
0.0,0.0054014456,0.0
1.0,0.98183906,1.0
0.0,0.27956817,0.0
1.0,0.33634952,0.0
1.0,0.93057346,1.0
0.0,0.043755718,0.0
0.0,0.20481928,0.0
0.0,0.010152718,0.0
0.0,0.20335132,0.0
0.0,0.04724116,0.0
1.0,0.96898556,1.0
0.0,0.04451447,0.0
1.0,0.95220566,1.0
1.0,0.9994486,1.0
0.0,0.07978708,0.0
0.0,0.32239503,0.0
0.0,0.28250107,0.0
0.0,0.5548387,1.0
1.0,0.80036956,1.0
0.0,0.052690584,0.0
0.0,0.02212221,0.0
1.0,0.996228,1.0
0.0,0.09276696,0.0
0.0,0.19084758,0.0
0.0,0.028510861,0.0
1.0,0.88224715,1.0
1.0,0.5308245,1.0
0.0,0.015817448,0.0
0.0,0.14035617,0.0
0.0,0.11818063,0.0
0.0,0.13632542,0.0
0.0,0.19023107,0.0
1.0,0.9993519,1.0
0.0,0.18290427,0.0
0.0,0.031965528,0.0
1.0,0.7202713,1.0
0.0,0.024563361,0.0
0.0,0.022289107,0.0
0.0,0.058886837,0.0
0.0,0.06466176,0.0
1.0,0.97739583,1.0
1.0,0.94954294,1.0
0.0,0.027060285,0.0
0.0,0.3512383,0.0
0.0,0.050584026,0.0
1.0,0.7132703,1.0
1.0,0.8247268,1.0
0.0,0.13556358,0.0
1.0,0.89400345,1.0
1.0,0.8669252,1.0
1.0,0.9197745,1.0
1.0,0.9948986,1.0
0.0,0.002340027,0.0
1.0,0.47391304,0.0
1.0,0.15536861,0.0
0.0,0.49924374,0.0
0.0,0.0068346406,0.0
1.0,0.7056226,1.0
0.0,0.4816111,0.0
0.0,0.38134876,0.0
0.0,0.44288206,0.0
0.0,0.15927473,0.0
0.0,0.04602267,0.0
0.0,0.06979601,0.0
1.0,0.6597036,1.0
0.0,0.11052491,0.0
0.0,0.2481671,0.0
1.0,0.9961434,1.0
1.0,0.99611014,1.0
1.0,0.9740752,1.0
1.0,0.83179855,1.0
1.0,0.9554918,1.0
0.0,0.57102674,1.0
1.0,0.99790937,1.0
0.0,0.23032685,0.0
1.0,0.55528873,1.0
0.0,0.07535847,0.0
0.0,0.86832535,1.0
0.0,0.14644767,0.0
0.0,0.06706201,0.0
0.0,0.116047785,0.0
1.0,0.12669383,0.0
0.0,0.032425627,0.0
1.0,0.95700157,1.0
1.0,0.8811389,1.0
1.0,0.9470645,1.0
1.0,0.94242394,1.0
0.0,0.025423154,0.0
1.0,0.943481,1.0
1.0,0.7172666,1.0
1.0,0.9985239,1.0
1.0,0.97460335,1.0
0.0,0.48901293,0.0
1.0,0.99782467,1.0
1.0,0.60568345,1.0
1.0,0.8588775,1.0
0.0,0.03132361,0.0
1.0,0.9973948,1.0
0.0,0.35579756,0.0
1.0,0.99215615,1.0
0.0,0.008102658,0.0
0.0,0.148742,0.0
1.0,0.99919254,1.0
0.0,0.07959962,0.0
1.0,0.33444127,0.0
0.0,0.032320462,0.0
0.0,0.48371586,0.0
1.0,0.5730042,1.0
0.0,0.3345699,0.0
1.0,0.8989324,1.0
1.0,0.9728784,1.0
0.0,0.20468067,0.0
1.0,0.9975573,1.0
0.0,0.02936383,0.0
1.0,0.9958568,1.0
0.0,0.07421014,0.0
0.0,0.25455207,0.0
1.0,0.24237773,0.0
1.0,0.9974267,1.0
0.0,0.24997789,0.0
1.0,0.99800545,1.0
1.0,0.9756842,1.0
1.0,0.9976164,1.0
0.0,0.4651054,0.0
0.0,0.041627362,0.0
0.0,0.087280504,0.0
0.0,0.17150444,0.0
0.0,0.019298553,0.0
1.0,0.9602427,1.0
0.0,0.007940585,0.0
1.0,0.9988193,1.0
1.0,0.91313463,1.0
0.0,0.029705908,0.0
1.0,0.98244804,1.0
0.0,0.043879043,0.0
0.0,0.09330383,0.0
0.0,0.004423027,0.0
0.0,0.10282683,0.0
0.0,0.3458238,0.0
0.0,0.08429404,0.0
1.0,0.29254574,0.0
1.0,0.7305106,1.0
1.0,0.4757165,0.0
1.0,0.9858418,1.0
0.0,0.02003977,0.0
1.0,0.91372067,1.0
0.0,0.14468703,0.0
0.0,0.41193736,0.0
0.0,0.016804002,0.0
0.0,0.030160109,0.0
0.0,0.3244837,0.0
1.0,0.94211596,1.0
0.0,0.000717315,0.0
1.0,0.078171894,0.0
1.0,0.61511755,1.0
1.0,0.99874735,1.0
0.0,0.021123506,0.0
1.0,0.21126509,0.0
0.0,0.13038301,0.0
1.0,0.9966761,1.0
0.0,0.002836751,0.0
0.0,0.079838775,0.0
0.0,0.27307412,0.0
0.0,0.32671565,0.0
0.0,0.21839014,0.0
1.0,0.91401076,1.0
0.0,0.0714166,0.0
0.0,0.73906404,1.0
1.0,0.47016624,0.0
1.0,0.99754095,1.0
0.0,0.037850622,0.0
0.0,0.2728038,0.0
0.0,0.02478934,0.0
1.0,0.55584145,1.0
0.0,0.011827402,0.0
0.0,0.56419516,1.0
1.0,0.9569741,1.0
1.0,0.99201655,1.0
0.0,0.004012046,0.0
1.0,0.9992555,1.0
1.0,0.9797187,1.0
1.0,0.96679884,1.0
1.0,0.7690361,1.0
0.0,0.09098471,0.0
0.0,0.09038152,0.0
0.0,0.0030095864,0.0
1.0,0.8862195,1.0
1.0,0.9801468,1.0
0.0,0.2590887,0.0
0.0,0.19668533,0.0
1.0,0.1595043,0.0
0.0,0.11087134,0.0
0.0,0.6268052,1.0
1.0,0.9985083,1.0
1.0,0.9762865,1.0
0.0,0.13712879,0.0
1.0,0.7705847,1.0
1.0,0.26351678,0.0
0.0,0.06719954,0.0
1.0,0.99965835,1.0
1.0,0.7317422,1.0
1.0,0.42011034,0.0
1.0,0.44995576,0.0
1.0,0.95106906,1.0
0.0,0.6050856,1.0
1.0,0.08999227,0.0
0.0,0.2891922,0.0
1.0,0.99516886,1.0
0.0,0.23491055,0.0
0.0,0.289691,0.0
1.0,0.9288814,1.0
0.0,0.103891514,0.0
0.0,0.013191215,0.0
1.0,0.9603418,1.0
1.0,0.9943632,1.0
0.0,0.17763501,0.0
1.0,0.79465795,1.0
0.0,0.1517407,0.0
0.0,0.7054767,1.0
1.0,0.5159489,1.0
1.0,0.88920236,1.0
0.0,0.052328903,0.0
1.0,0.1867029,0.0
0.0,0.085817255,0.0
1.0,0.9988324,1.0
1.0,0.9848609,1.0
1.0,0.28581834,0.0
0.0,0.1456688,0.0
1.0,0.99742115,1.0
0.0,0.033465017,0.0
1.0,0.17693758,0.0
0.0,0.072523646,0.0
1.0,0.7713541,1.0
1.0,0.9988379,1.0
1.0,0.6129853,1.0
1.0,0.7809613,1.0
0.0,0.01728526,0.0
0.0,0.15115814,0.0
0.0,0.01664177,0.0
0.0,0.17390153,0.0
0.0,0.0011869853,0.0
0.0,0.041226275,0.0
0.0,0.126605,0.0
0.0,0.11050688,0.0
0.0,0.13524927,0.0
1.0,0.8811507,1.0
0.0,0.006536273,0.0
0.0,0.123744614,0.0
0.0,0.83978665,1.0
1.0,0.9872049,1.0
0.0,0.24785691,0.0
1.0,0.93775,1.0
1.0,0.87975454,1.0
0.0,0.40856996,0.0
0.0,0.10857482,0.0
1.0,0.92991674,1.0
0.0,0.1156326,0.0
1.0,0.38572782,0.0
0.0,0.15983216,0.0
1.0,0.9992536,1.0
0.0,0.010721822,0.0
1.0,0.32934627,0.0
0.0,0.22625001,0.0
0.0,0.044782657,0.0
0.0,0.11623385,0.0
1.0,0.98973024,1.0
1.0,0.98784196,1.0
0.0,0.30041692,0.0
0.0,0.15857247,0.0
1.0,0.97016126,1.0
1.0,0.67780745,1.0
1.0,0.8752599,1.0
1.0,0.99549943,1.0
0.0,0.009629499,0.0
1.0,0.55615044,1.0
1.0,0.6176708,1.0
1.0,0.5144772,1.0
0.0,0.065037355,0.0
0.0,0.008486185,0.0
0.0,0.055131994,0.0
0.0,0.093114205,0.0
0.0,0.4030866,0.0
1.0,0.6296162,1.0
0.0,0.10027765,0.0
0.0,0.06087415,0.0
1.0,0.95552856,1.0
1.0,0.55098104,1.0
0.0,0.102604136,0.0
1.0,0.99569726,1.0
0.0,0.12542026,0.0
1.0,0.9353523,1.0
0.0,0.043784756,0.0
0.0,0.010227304,0.0
0.0,0.08255757,0.0
1.0,0.48400533,0.0
0.0,0.45178074,0.0
0.0,0.03874797,0.0
0.0,0.4251115,0.0
0.0,0.6177373,1.0
1.0,0.310803,0.0
1.0,0.9982759,1.0
0.0,0.25045583,0.0
1.0,0.99847597,1.0
0.0,0.09629827,0.0
1.0,0.33254665,0.0
1.0,0.8788907,1.0
1.0,0.5170256,1.0
1.0,0.76593876,1.0
1.0,0.9878861,1.0
1.0,0.9977919,1.0
0.0,0.0020622814,0.0
0.0,0.28256816,0.0
0.0,0.2751039,0.0
1.0,0.87002003,1.0
1.0,0.075266995,0.0
1.0,0.9964683,1.0
1.0,0.99287874,1.0
1.0,0.62493473,1.0
1.0,0.8117552,1.0
0.0,0.057724193,0.0
1.0,0.9563427,1.0
1.0,0.23560649,0.0
0.0,0.003832897,0.0
1.0,0.9989189,1.0
0.0,0.5412422,1.0
1.0,0.992714,1.0
1.0,0.8845865,1.0
0.0,0.2731329,0.0
0.0,0.029230583,0.0
1.0,0.19366625,0.0
1.0,0.82354033,1.0
1.0,0.957723,1.0
0.0,0.20105919,0.0
1.0,0.43016183,0.0
1.0,0.37771073,0.0
1.0,0.7222557,1.0
1.0,0.9940257,1.0
0.0,0.0080449255,0.0
1.0,0.3513587,0.0
1.0,0.98938924,1.0
0.0,0.10782204,0.0
0.0,0.1589428,0.0
1.0,0.073586226,0.0
1.0,0.36917758,0.0
0.0,0.008127407,0.0
0.0,0.045215517,0.0
0.0,0.376135,0.0
1.0,0.9973942,1.0
1.0,0.7260726,1.0
1.0,0.9716322,1.0
1.0,0.99608034,1.0
1.0,0.9856548,1.0
0.0,0.015352939,0.0
0.0,0.04848243,0.0
0.0,0.1179677,0.0
1.0,0.91876876,1.0
0.0,0.20840362,0.0
1.0,0.66272366,1.0
1.0,0.97608894,1.0
1.0,0.97770214,1.0
1.0,0.9897747,1.0
0.0,0.036726173,0.0
0.0,0.03314307,0.0
1.0,0.9963301,1.0
0.0,0.15105323,0.0
0.0,0.097260386,0.0
0.0,0.26003754,0.0
1.0,0.9297602,1.0
1.0,0.99357283,1.0
1.0,0.45986444,0.0
0.0,0.0010025033,0.0
0.0,0.6916931,1.0
0.0,0.02190223,0.0
1.0,0.9963385,1.0
0.0,0.0351206,0.0
1.0,0.97743636,1.0
0.0,0.037979756,0.0
1.0,0.9973635,1.0
1.0,0.97566336,1.0
1.0,0.6755108,1.0
1.0,0.31489974,0.0
1.0,0.5743581,1.0
0.0,0.13693705,0.0
0.0,0.09693809,0.0
0.0,0.10378637,0.0
0.0,0.19841157,0.0
0.0,0.0078010447,0.0
1.0,0.9848986,1.0
0.0,0.17554809,0.0
0.0,0.39696097,0.0
0.0,0.0351186,0.0
1.0,0.9526871,1.0
1.0,0.91461235,1.0
0.0,0.37033904,0.0
0.0,0.11469496,0.0
0.0,0.00856209,0.0
1.0,0.99872714,1.0
0.0,0.32625332,0.0
1.0,0.9995066,1.0
0.0,0.15137236,0.0
0.0,0.16387041,0.0
0.0,0.013269692,0.0
1.0,0.9984837,1.0
0.0,0.09391408,0.0
0.0,0.47139978,0.0
0.0,0.12523122,0.0
1.0,0.12341508,0.0
1.0,0.7833514,1.0
1.0,0.9990426,1.0
0.0,0.14539465,0.0
1.0,0.97364706,1.0
0.0,0.03095946,0.0
0.0,0.79160595,1.0
1.0,0.9786289,1.0
1.0,0.9993362,1.0
1.0,0.87551117,1.0
1.0,0.997811,1.0
1.0,0.9548028,1.0
0.0,0.36374208,0.0
0.0,0.044329084,0.0
0.0,0.23303631,0.0
0.0,0.5928313,1.0
0.0,0.037838146,0.0
0.0,0.38416934,0.0
0.0,0.1231807,0.0
0.0,0.296037,0.0
1.0,0.12904425,0.0
0.0,0.14136258,0.0
0.0,0.63253963,1.0
0.0,0.17544016,0.0
0.0,0.0316662,0.0
0.0,0.057143673,0.0
0.0,0.24088992,0.0
1.0,0.9972778,1.0
0.0,0.1693686,0.0
0.0,0.17232525,0.0
1.0,0.94257075,1.0
0.0,0.2460043,0.0
0.0,0.012332359,0.0
1.0,0.91233474,1.0
0.0,0.58781725,1.0
0.0,0.42499727,0.0
1.0,0.7380463,1.0
0.0,0.11829201,0.0
1.0,0.9872923,1.0
0.0,0.059515104,0.0
0.0,0.06698488,0.0
0.0,0.082591385,0.0
0.0,0.044597782,0.0
0.0,0.025956303,0.0
1.0,0.9633658,1.0
0.0,0.47024614,0.0
1.0,0.9578184,1.0
1.0,0.97910243,1.0
0.0,0.025626896,0.0
0.0,0.5550692,1.0
0.0,0.587769,1.0
1.0,0.99651754,1.0
1.0,0.8208086,1.0
0.0,0.012168147,0.0
0.0,0.2953175,0.0
1.0,0.08969157,0.0
1.0,0.75901425,1.0
1.0,0.9624081,1.0
0.0,0.019911032,0.0
1.0,0.9962872,1.0
0.0,0.02153953,0.0
1.0,0.32782713,0.0
1.0,0.34321025,0.0
0.0,0.015317024,0.0
1.0,0.8239003,1.0
0.0,0.015752265,0.0
1.0,0.18931542,0.0
1.0,0.9746173,1.0
0.0,0.22732823,0.0
0.0,0.28257576,0.0
0.0,0.77883846,1.0
1.0,0.94075954,1.0
1.0,0.92486125,1.0
1.0,0.99498415,1.0
0.0,0.22899908,0.0
1.0,0.47346476,0.0
0.0,0.21808706,0.0
1.0,0.99484986,1.0
0.0,0.047505423,0.0
1.0,0.6779071,1.0
1.0,0.9888361,1.0
1.0,0.9961196,1.0
0.0,0.009277397,0.0
0.0,0.0101122195,0.0
0.0,0.011798767,0.0
0.0,0.08567892,0.0
0.0,0.07437706,0.0
0.0,0.018411685,0.0
0.0,0.0017025652,0.0
0.0,0.036851868,0.0
0.0,0.18276617,0.0
0.0,0.068146095,0.0
1.0,0.090304986,0.0
0.0,0.06971952,0.0
1.0,0.6469915,1.0
1.0,0.72789586,1.0
0.0,0.6396901,1.0
1.0,0.9949582,1.0
0.0,0.15222389,0.0
1.0,0.83586913,1.0
1.0,0.99266255,1.0
0.0,0.0049926955,0.0
1.0,0.7075559,1.0
0.0,0.5352146,1.0
0.0,0.25574616,0.0
1.0,0.52887124,1.0
1.0,0.89294875,1.0
0.0,0.20034043,0.0
1.0,0.99556535,1.0
0.0,0.0039698277,0.0
1.0,0.99669755,1.0
0.0,0.26327524,0.0
0.0,0.33684507,0.0
1.0,0.33764637,0.0
0.0,0.28136742,0.0
1.0,0.99333656,1.0
0.0,0.43686625,0.0
1.0,0.6286078,1.0
1.0,0.94588035,1.0
0.0,0.060130183,0.0
0.0,0.02031197,0.0
0.0,0.07042768,0.0
0.0,0.35638553,0.0
1.0,0.4400005,0.0
0.0,0.018417325,0.0
0.0,0.004529126,0.0
1.0,0.15386319,0.0
1.0,0.95429814,1.0
0.0,0.16380338,0.0
0.0,0.080505505,0.0
1.0,0.9600067,1.0
0.0,0.15257213,0.0
0.0,0.733614,1.0
0.0,0.022629358,0.0
1.0,0.34534463,0.0
0.0,0.017073551,0.0
0.0,0.020238375,0.0
1.0,0.99123764,1.0
0.0,0.19235729,0.0
1.0,0.49645606,0.0
0.0,0.009909706,0.0
0.0,0.32411277,0.0
1.0,0.97416013,1.0
1.0,0.60619843,1.0
0.0,0.03171467,0.0
1.0,0.94849163,1.0
1.0,0.8431742,1.0
1.0,0.96695006,1.0
1.0,0.9985771,1.0
0.0,0.3959762,0.0
1.0,0.9950466,1.0
0.0,0.028984722,0.0
0.0,0.32274014,0.0
0.0,0.4290253,0.0
1.0,0.5021121,1.0
1.0,0.98573536,1.0
1.0,0.6013734,1.0
0.0,0.0037856807,0.0
0.0,0.3479192,0.0
0.0,0.009061727,0.0
1.0,0.99926513,1.0
0.0,0.43799052,0.0
1.0,0.84866583,1.0
0.0,0.04473975,0.0
0.0,0.5035509,1.0
0.0,0.025823371,0.0
0.0,0.070544645,0.0
0.0,0.080264516,0.0
0.0,0.03306853,0.0
1.0,0.3277686,0.0
1.0,0.9841569,1.0
0.0,0.71659493,1.0
0.0,0.15937272,0.0
1.0,0.9004029,1.0
0.0,0.5392946,1.0
0.0,0.16652866,0.0
1.0,0.9771046,1.0
0.0,0.11672257,0.0
0.0,0.025793238,0.0
0.0,0.023724755,0.0
1.0,0.80314934,1.0
0.0,0.11240776,0.0
0.0,0.09869957,0.0
0.0,0.6586053,1.0
0.0,0.31903157,0.0
1.0,0.98264503,1.0
1.0,0.82673526,1.0
1.0,0.4095741,0.0
1.0,0.89881843,1.0
1.0,0.92119855,1.0
0.0,0.38549036,0.0
0.0,0.1220208,0.0
1.0,0.9530538,1.0
0.0,0.146462,0.0
1.0,0.4205274,0.0
0.0,0.03262944,0.0
0.0,0.024743723,0.0
0.0,0.0080218455,0.0
0.0,0.71483994,1.0
0.0,0.39633456,0.0
1.0,0.993518,1.0
0.0,0.08016084,0.0
1.0,0.9198587,1.0
0.0,0.0058432617,0.0
0.0,0.8061357,1.0
1.0,0.49167928,0.0
1.0,0.38314483,0.0
1.0,0.98320955,1.0
0.0,0.3141079,0.0
1.0,0.99839896,1.0
0.0,0.0133654885,0.0
1.0,0.25869235,0.0
1.0,0.9063362,1.0
1.0,0.75068885,1.0
0.0,0.008095461,0.0
1.0,0.3687295,0.0
0.0,0.92551494,1.0
0.0,0.010677113,0.0
1.0,0.9627383,1.0
1.0,0.4233252,0.0
0.0,0.010007871,0.0
0.0,0.010672888,0.0
0.0,0.015626242,0.0
0.0,0.2750791,0.0
1.0,0.59152883,1.0
1.0,0.99681085,1.0
1.0,0.9308099,1.0
0.0,0.84073186,1.0
0.0,0.55983996,1.0
0.0,0.20473433,0.0
0.0,0.010753743,0.0
1.0,0.7494562,1.0
0.0,0.43161386,0.0
0.0,0.0049058106,0.0
1.0,0.9727429,1.0
1.0,0.9760442,1.0
0.0,0.8811378,1.0
0.0,0.011114837,0.0
0.0,0.06591792,0.0
0.0,0.1943789,0.0
1.0,0.94323,1.0
0.0,0.4887573,0.0
1.0,0.8586573,1.0
0.0,0.010101777,0.0
0.0,0.015579639,0.0
1.0,0.8058416,1.0
0.0,0.030819999,0.0
0.0,0.17194359,0.0
0.0,0.018993508,0.0
0.0,0.0018165576,0.0
0.0,0.09670547,0.0
1.0,0.9976338,1.0
0.0,0.028761864,0.0
0.0,0.10867944,0.0
0.0,0.90698713,1.0
0.0,0.018399568,0.0
1.0,0.948714,1.0
0.0,0.061465193,0.0
1.0,0.94862723,1.0
1.0,0.9968622,1.0
1.0,0.58391154,1.0
1.0,0.99427515,1.0
0.0,0.08124432,0.0
1.0,0.99885774,1.0
1.0,0.77198666,1.0
1.0,0.74170333,1.0
1.0,0.9986872,1.0
0.0,0.043349244,0.0
1.0,0.51923645,1.0
0.0,0.017285015,0.0
1.0,0.5048706,1.0
0.0,0.815781,1.0
1.0,0.71182257,1.0
1.0,0.85470986,1.0
0.0,0.57160395,1.0
0.0,0.59535646,1.0
0.0,0.7785498,1.0
0.0,0.02689021,0.0
1.0,0.8668308,1.0
0.0,0.48947054,0.0
0.0,0.8496389,1.0
1.0,0.9793367,1.0
1.0,0.99669504,1.0
1.0,0.9965604,1.0
1.0,0.99593264,1.0
0.0,0.18233715,0.0
1.0,0.37604374,0.0
0.0,0.013797156,0.0
1.0,0.7894814,1.0
0.0,0.011712174,0.0
0.0,0.0058720987,0.0
1.0,0.6705307,1.0
0.0,0.019594634,0.0
0.0,0.04618731,0.0
0.0,0.16263779,0.0
1.0,0.77102745,1.0
0.0,0.26227137,0.0
0.0,0.2967385,0.0
1.0,0.9144041,1.0
1.0,0.97929126,1.0
0.0,0.019519776,0.0
1.0,0.3868291,0.0
0.0,0.15015495,0.0
0.0,0.045612715,0.0
1.0,0.9991399,1.0
0.0,0.34978494,0.0
0.0,0.0059977253,0.0
1.0,0.47514328,0.0
0.0,0.08617286,0.0
0.0,0.3546402,0.0
1.0,0.57559097,1.0
1.0,0.34531856,0.0
1.0,0.0848764,0.0
1.0,0.91501147,1.0
1.0,0.9699215,1.0
0.0,0.037878577,0.0
1.0,0.55061275,1.0
1.0,0.99276394,1.0
1.0,0.9162186,1.0
0.0,0.09171829,0.0
1.0,0.9151201,1.0
0.0,0.025250915,0.0
0.0,0.116500914,0.0
1.0,0.9610517,1.0
1.0,0.38360977,0.0
1.0,0.9297707,1.0
0.0,0.02458835,0.0
0.0,0.050700467,0.0
1.0,0.72303194,1.0
0.0,0.22201844,0.0
0.0,0.043844685,0.0
1.0,0.17474999,0.0
1.0,0.9761012,1.0
1.0,0.75721484,1.0
1.0,0.81740785,1.0
1.0,0.95360875,1.0
0.0,0.0013094236,0.0
0.0,0.4325006,0.0
0.0,0.063419186,0.0
1.0,0.81337506,1.0
1.0,0.56640047,1.0
1.0,0.95484966,1.0
1.0,0.96747756,1.0
1.0,0.8014863,1.0
0.0,0.07641438,0.0
1.0,0.99085426,1.0
1.0,0.99549377,1.0
0.0,0.015740339,0.0
0.0,0.052348297,0.0
0.0,0.07353361,0.0
1.0,0.72008634,1.0
0.0,0.347671,0.0
1.0,0.99924976,1.0
0.0,0.101541534,0.0
0.0,0.088246964,0.0
0.0,0.11398574,0.0
1.0,0.9935762,1.0
0.0,0.045380563,0.0
1.0,0.70492077,1.0
1.0,0.78625214,1.0
0.0,0.1880555,0.0
1.0,0.76622874,1.0
1.0,0.9990458,1.0
0.0,0.645409,1.0
1.0,0.39982077,0.0
1.0,0.99556655,1.0
0.0,0.25733542,0.0
0.0,0.24128936,0.0
0.0,0.034090754,0.0
0.0,0.52093595,1.0
0.0,0.11648336,0.0
1.0,0.9997187,1.0
0.0,0.030193266,0.0
1.0,0.8128313,1.0
0.0,0.2123765,0.0
1.0,0.9926984,1.0
0.0,0.36024836,0.0
0.0,0.16455027,0.0
1.0,0.651163,1.0
1.0,0.9973641,1.0
0.0,0.24409439,0.0
1.0,0.8822774,1.0
0.0,0.16221985,0.0
0.0,0.07378861,0.0
0.0,0.40334818,0.0
1.0,0.9159311,1.0
1.0,0.79128706,1.0
0.0,0.0020769334,0.0
0.0,0.5763798,1.0
1.0,0.94638765,1.0
0.0,0.049878273,0.0
0.0,0.107514,0.0
0.0,0.03311378,0.0
0.0,0.039597236,0.0
1.0,0.30049512,0.0
1.0,0.96112746,1.0
1.0,0.9888282,1.0
1.0,0.5118431,1.0
1.0,0.9988888,1.0
0.0,0.023264842,0.0
1.0,0.9992587,1.0
1.0,0.87507373,1.0
1.0,0.998645,1.0
0.0,0.17931944,0.0
0.0,0.4639096,0.0
0.0,0.3504856,0.0
0.0,0.8621015,1.0
0.0,0.35834783,0.0
1.0,0.718992,1.0
1.0,0.9979917,1.0
1.0,0.9136205,1.0
1.0,0.97838324,1.0
0.0,0.022162206,0.0
1.0,0.98408806,1.0
1.0,0.97177327,1.0
1.0,0.5906719,1.0
1.0,0.99848455,1.0
1.0,0.68505585,1.0
0.0,0.004068321,0.0
1.0,0.5855262,1.0
0.0,0.12185651,0.0
1.0,0.9988047,1.0
0.0,0.031070627,0.0
0.0,0.11225016,0.0
0.0,0.28136414,0.0
0.0,0.1752083,0.0
0.0,0.25986353,0.0
1.0,0.98961055,1.0
1.0,0.94304067,1.0
1.0,0.23327486,0.0
0.0,0.21440716,0.0
1.0,0.9927544,1.0
0.0,0.07375161,0.0
1.0,0.9733078,1.0
1.0,0.9689307,1.0
1.0,0.999124,1.0
0.0,0.020306906,0.0
1.0,0.9215501,1.0
0.0,0.2520488,0.0
0.0,0.09518757,0.0
1.0,0.98156863,1.0
1.0,0.99847776,1.0
0.0,0.020370994,0.0
0.0,0.33004355,0.0
0.0,0.033918384,0.0
0.0,0.0043449863,0.0
1.0,0.9700833,1.0
0.0,0.32941562,0.0
0.0,0.041269932,0.0
0.0,0.11770493,0.0
1.0,0.7923338,1.0
0.0,0.013049077,0.0
1.0,0.9211552,1.0
0.0,0.29317093,0.0
1.0,0.91960114,1.0
0.0,0.30110675,0.0
0.0,0.24344833,0.0
1.0,0.96761984,1.0
1.0,0.99838364,1.0
1.0,0.9941268,1.0
0.0,0.28056675,0.0
0.0,0.507661,1.0
1.0,0.99847704,1.0
0.0,0.054425888,0.0
0.0,0.11546889,0.0
0.0,0.20837839,0.0
1.0,0.99425524,1.0
0.0,0.030364938,0.0
0.0,0.32806233,0.0
0.0,0.13487564,0.0
0.0,0.054172605,0.0
0.0,0.10865963,0.0
0.0,0.44238925,0.0
1.0,0.99738497,1.0
0.0,0.68531376,1.0
1.0,0.6266342,1.0
1.0,0.99493575,1.0
1.0,0.9234759,1.0
0.0,0.009707235,0.0
1.0,0.98218656,1.0
0.0,0.20273335,0.0
0.0,0.37641665,0.0
1.0,0.9856792,1.0
1.0,0.92837816,1.0
0.0,0.0913769,0.0
1.0,0.8480682,1.0
0.0,0.24907225,0.0
0.0,0.075690776,0.0
0.0,0.040354855,0.0
1.0,0.2998198,0.0
0.0,0.08061745,0.0
0.0,0.27093726,0.0
0.0,0.11714137,0.0
0.0,0.01063296,0.0
1.0,0.9930941,1.0
1.0,0.97495747,1.0
1.0,0.9534522,1.0
1.0,0.6262839,1.0
0.0,0.01074342,0.0
1.0,0.9910144,1.0
1.0,0.3084852,0.0
0.0,0.44449502,0.0
0.0,0.041583035,0.0
1.0,0.997855,1.0
0.0,0.1466491,0.0
1.0,0.997914,1.0
1.0,0.9959066,1.0
1.0,0.49073866,0.0
1.0,0.9969055,1.0
1.0,0.9705949,1.0
1.0,0.89188987,1.0
1.0,0.43976468,0.0
0.0,0.08202918,0.0
0.0,0.029082946,0.0
1.0,0.9941366,1.0
0.0,0.018476874,0.0
0.0,0.26721573,0.0
0.0,0.021102672,0.0
0.0,0.52694845,1.0
0.0,0.117810726,0.0
0.0,0.026598644,0.0
1.0,0.3949085,0.0
1.0,0.87657475,1.0
1.0,0.99539423,1.0
0.0,0.6184305,1.0
0.0,0.11250691,0.0
1.0,0.9812166,1.0
1.0,0.86157537,1.0
0.0,0.2259904,0.0
1.0,0.8412806,1.0
1.0,0.66294235,1.0
0.0,0.093449645,0.0
0.0,0.5368699,1.0
0.0,0.41205567,0.0
0.0,0.06516517,0.0
1.0,0.8861285,1.0
1.0,0.99568754,1.0
1.0,0.97679025,1.0
1.0,0.9955194,1.0
1.0,0.9792132,1.0
1.0,0.8598903,1.0
1.0,0.9885367,1.0
1.0,0.87525696,1.0
0.0,0.02949018,0.0
1.0,0.74198294,1.0
0.0,0.014556304,0.0
0.0,0.11206799,0.0
1.0,0.08898371,0.0
0.0,0.12640671,0.0
1.0,0.9987626,1.0
1.0,0.8595305,1.0
1.0,0.45753452,0.0
1.0,0.9991314,1.0
0.0,0.031940676,0.0
0.0,0.1288441,0.0
0.0,0.43350187,0.0
1.0,0.9907197,1.0
0.0,0.21035004,0.0
1.0,0.9602274,1.0
1.0,0.51645577,1.0
0.0,0.01640441,0.0
0.0,0.43903333,0.0
0.0,0.14435169,0.0
1.0,0.99470514,1.0
0.0,0.60069644,1.0
0.0,0.5102922,1.0
1.0,0.6071917,1.0
0.0,0.052746497,0.0
0.0,0.0069589564,0.0
1.0,0.9969216,1.0
0.0,0.53157014,1.0
0.0,0.002640221,0.0
0.0,0.25395584,0.0
0.0,0.6598612,1.0
0.0,0.022214545,0.0
1.0,0.97534806,1.0
1.0,0.99781597,1.0
0.0,0.20770165,0.0
0.0,0.21697761,0.0
1.0,0.6291756,1.0
0.0,0.012664909,0.0
1.0,0.9974571,1.0
1.0,0.99778664,1.0
1.0,0.6679461,1.0
1.0,0.99631655,1.0
1.0,0.32532164,0.0
0.0,0.07483639,0.0
0.0,0.23798868,0.0
0.0,0.027042836,0.0
1.0,0.96995544,1.0
0.0,0.096314,0.0
0.0,0.18344085,0.0
1.0,0.9968924,1.0
1.0,0.5535083,1.0
0.0,0.10814304,0.0
0.0,0.097409815,0.0
0.0,0.3419818,0.0
0.0,0.033152837,0.0
0.0,0.027720734,0.0
0.0,0.086576,0.0
1.0,0.5417766,1.0
0.0,0.037295654,0.0
1.0,0.99530053,1.0
0.0,0.19381104,0.0
1.0,0.73426056,1.0
0.0,0.5288905,1.0
1.0,0.99927014,1.0
0.0,0.0062590586,0.0
1.0,0.9771072,1.0
0.0,0.021013644,0.0
0.0,0.030850852,0.0
1.0,0.42881528,0.0
1.0,0.9631842,1.0
0.0,0.09693615,0.0
0.0,0.08755906,0.0
0.0,0.09384899,0.0
0.0,0.01206122,0.0
1.0,0.9993861,1.0
0.0,0.119730994,0.0
0.0,0.55110586,1.0
1.0,0.9992685,1.0
1.0,0.94965184,1.0
0.0,0.15753035,0.0
0.0,0.24216041,0.0
1.0,0.9881458,1.0
0.0,0.039306242,0.0
1.0,0.9922283,1.0
1.0,0.9828258,1.0
1.0,0.7451613,1.0
1.0,0.61582184,1.0
0.0,0.19842613,0.0
0.0,0.09286827,0.0
0.0,0.13053389,0.0
1.0,0.8632582,1.0
1.0,0.23898871,0.0
1.0,0.7877341,1.0
0.0,0.20457065,0.0
1.0,0.92353594,1.0
0.0,0.021475665,0.0
1.0,0.3790524,0.0
1.0,0.9679441,1.0
1.0,0.64991903,1.0
1.0,0.9994487,1.0
1.0,0.73610735,1.0
0.0,0.0299073,0.0
0.0,0.032438226,0.0
1.0,0.03930761,0.0
1.0,0.99681985,1.0
0.0,0.19800508,0.0
0.0,0.007000682,0.0
1.0,0.976503,1.0
1.0,0.9423594,1.0
1.0,0.9842535,1.0
0.0,0.06970039,0.0
0.0,0.06013644,0.0
0.0,0.19633505,0.0
1.0,0.9942695,1.0
0.0,0.003550017,0.0
1.0,0.998345,1.0
0.0,0.034629446,0.0
0.0,0.121566586,0.0
0.0,0.097748324,0.0
0.0,0.04604806,0.0
0.0,0.061050307,0.0
0.0,0.011839201,0.0
1.0,0.93504006,1.0
1.0,0.9531923,1.0
0.0,0.16604447,0.0
1.0,0.750925,1.0
0.0,0.24035236,0.0
1.0,0.9292134,1.0
0.0,0.045350134,0.0
0.0,0.5205561,1.0
0.0,0.9648018,1.0
0.0,0.5877567,1.0
0.0,0.0065875337,0.0
1.0,0.36786023,0.0
1.0,0.9712631,1.0
1.0,0.24279949,0.0
0.0,0.08245894,0.0
0.0,0.059271384,0.0
0.0,0.3609601,0.0
1.0,0.9863912,1.0
1.0,0.5040457,1.0
1.0,0.99926823,1.0
0.0,0.031900886,0.0
1.0,0.7175418,1.0
1.0,0.98271114,1.0
0.0,0.19322248,0.0
1.0,0.9644596,1.0
0.0,0.022088317,0.0
0.0,0.03296326,0.0
0.0,0.0059499014,0.0
0.0,0.90230286,1.0
1.0,0.99282783,1.0
0.0,0.43135902,0.0
1.0,0.9845106,1.0
0.0,0.12039377,0.0
0.0,0.33347103,0.0
0.0,0.06949634,0.0
1.0,0.9313933,1.0
1.0,0.99711835,1.0
1.0,0.989585,1.0
0.0,0.25291243,0.0
0.0,0.25294077,0.0
1.0,0.9594449,1.0
0.0,0.22907472,0.0
0.0,0.03241802,0.0
0.0,0.34190133,0.0
0.0,0.5261899,1.0
1.0,0.9678656,1.0
0.0,0.05006702,0.0
0.0,0.14441459,0.0
1.0,0.89512724,1.0
1.0,0.9951925,1.0
0.0,0.14502244,0.0
1.0,0.9987226,1.0
1.0,0.971902,1.0
0.0,0.089752175,0.0
1.0,0.9397073,1.0
1.0,0.99620384,1.0
1.0,0.9898661,1.0
0.0,0.011542524,0.0
0.0,0.030441077,0.0
1.0,0.08145692,0.0
0.0,0.0053241057,0.0
1.0,0.997855,1.0
0.0,0.005014394,0.0
1.0,0.9724584,1.0
0.0,0.017283112,0.0
1.0,0.98948765,1.0
0.0,0.05359795,0.0
0.0,0.006968621,0.0
1.0,0.9772424,1.0
1.0,0.98749185,1.0
0.0,0.24674124,0.0
0.0,0.18017863,0.0
0.0,0.016970038,0.0
1.0,0.51960564,1.0
1.0,0.6965532,1.0
1.0,0.9995889,1.0
1.0,0.9955445,1.0
1.0,0.82677704,1.0
1.0,0.9747839,1.0
0.0,0.5780169,1.0
1.0,0.98169965,1.0
0.0,0.04907526,0.0
1.0,0.9629893,1.0
0.0,0.30961445,0.0
0.0,0.058750726,0.0
0.0,0.3164851,0.0
1.0,0.8897594,1.0
0.0,0.029662946,0.0
1.0,0.9684355,1.0
0.0,0.19098547,0.0
0.0,0.0067033805,0.0
0.0,0.33660048,0.0
0.0,0.017154377,0.0
1.0,0.9980394,1.0
1.0,0.7453361,1.0
0.0,0.04120326,0.0
0.0,0.26084054,0.0
1.0,0.6705194,1.0
0.0,0.0089029055,0.0
0.0,0.03777009,0.0
0.0,0.00546776,0.0
1.0,0.9972638,1.0
1.0,0.6566467,1.0
1.0,0.9774919,1.0
1.0,0.7283796,1.0
0.0,0.27801344,0.0
0.0,0.1172213,0.0
1.0,0.4686976,0.0
1.0,0.99385273,1.0
0.0,0.13076271,0.0
0.0,0.061413754,0.0
1.0,0.9903916,1.0
0.0,0.016556198,0.0
1.0,0.97889894,1.0
0.0,0.18233716,0.0
1.0,0.98390824,1.0
0.0,0.31192335,0.0
1.0,0.99462813,1.0
0.0,0.036092084,0.0
0.0,0.36119327,0.0
1.0,0.72919834,1.0
0.0,0.11010517,0.0
1.0,0.16312416,0.0
0.0,0.16119424,0.0
1.0,0.8260847,1.0
0.0,0.11063749,0.0
1.0,0.18900652,0.0
0.0,0.104948625,0.0
1.0,0.50074095,1.0
0.0,0.28064573,0.0
1.0,0.99884194,1.0
0.0,0.24795566,0.0
0.0,0.046217244,0.0
1.0,0.9836411,1.0
0.0,0.0072409515,0.0
1.0,0.99240124,1.0
1.0,0.9880101,1.0
0.0,0.005574282,0.0
0.0,0.19412975,0.0
1.0,0.65519756,1.0
1.0,0.86526227,1.0
0.0,0.17411253,0.0
1.0,0.93442774,1.0
0.0,0.115393534,0.0
0.0,0.018629586,0.0
0.0,0.07133997,0.0
1.0,0.7265741,1.0
1.0,0.9891348,1.0
1.0,0.98358077,1.0
0.0,0.24353127,0.0
0.0,0.71893066,1.0
1.0,0.36639616,0.0
1.0,0.9811179,1.0
1.0,0.813794,1.0
0.0,0.12742274,0.0
0.0,0.030849442,0.0
1.0,0.41763154,0.0
1.0,0.9931814,1.0
1.0,0.95470184,1.0
1.0,0.9400062,1.0
0.0,0.3490346,0.0
1.0,0.9946279,1.0
1.0,0.9894944,1.0
0.0,0.34086835,0.0
0.0,0.2934852,0.0
1.0,0.9983658,1.0
0.0,0.007512401,0.0
0.0,0.4453965,0.0
1.0,0.9922253,1.0
0.0,0.047300614,0.0
0.0,0.18712208,0.0
1.0,0.97624654,1.0
1.0,0.25886053,0.0
1.0,0.9229959,1.0
0.0,0.027517175,0.0
1.0,0.5997629,1.0
1.0,0.54482675,1.0
1.0,0.8490058,1.0
1.0,0.57841116,1.0
0.0,0.17188813,0.0
0.0,0.12764178,0.0
1.0,0.9973816,1.0
1.0,0.7510137,1.0
1.0,0.99544394,1.0
1.0,0.97337806,1.0
0.0,0.0133132655,0.0
1.0,0.99780685,1.0
1.0,0.9722009,1.0
0.0,0.13780133,0.0
1.0,0.08522205,0.0
0.0,0.27449396,0.0
0.0,0.016071696,0.0
0.0,0.047144204,0.0
1.0,0.929303,1.0
1.0,0.94193715,1.0
0.0,0.00076065067,0.0
0.0,0.002825989,0.0
0.0,0.4328164,0.0
0.0,0.018727984,0.0
1.0,0.11344439,0.0
0.0,0.022248076,0.0
1.0,0.9993649,1.0
1.0,0.27825856,0.0
0.0,0.16048436,0.0
1.0,0.90799737,1.0
1.0,0.9943568,1.0
0.0,0.10371671,0.0
1.0,0.976906,1.0
1.0,0.9346247,1.0
1.0,0.9501402,1.0
0.0,0.05343394,0.0
1.0,0.9987685,1.0
0.0,0.1410606,0.0
0.0,0.13878033,0.0
0.0,0.11276866,0.0
0.0,0.049664635,0.0
0.0,0.0059184036,0.0
1.0,0.99555355,1.0
1.0,0.99657035,1.0
0.0,0.036691435,0.0
0.0,0.007098969,0.0
1.0,0.9777483,1.0
1.0,0.8515718,1.0
1.0,0.5855018,1.0
1.0,0.9334551,1.0
1.0,0.99567187,1.0
0.0,0.14330135,0.0
1.0,0.98557985,1.0
0.0,0.08443457,0.0
0.0,0.6198,1.0
1.0,0.82258046,1.0
0.0,0.16206433,0.0
0.0,0.25513312,0.0
1.0,0.6511053,1.0
0.0,0.13018483,0.0
0.0,0.04570599,0.0
1.0,0.9630463,1.0
0.0,0.13630123,0.0
0.0,0.07858855,0.0
1.0,0.69296366,1.0
1.0,0.9966222,1.0
1.0,0.97783023,1.0
0.0,0.18215565,0.0
1.0,0.4784812,0.0
1.0,0.93934435,1.0
0.0,0.16117312,0.0
1.0,0.22811665,0.0
0.0,0.22669865,0.0
1.0,0.9919369,1.0
1.0,0.09179578,0.0
0.0,0.5083715,1.0
1.0,0.6579936,1.0
0.0,0.68663794,1.0
1.0,0.94269824,1.0
0.0,0.033144973,0.0
1.0,0.7498949,1.0
1.0,0.95195323,1.0
0.0,0.22468297,0.0
0.0,0.016265959,0.0
1.0,0.97923297,1.0
1.0,0.6552293,1.0
0.0,0.3990228,0.0
1.0,0.91196233,1.0
0.0,0.019964056,0.0
1.0,0.9952844,1.0
1.0,0.67497873,1.0
1.0,0.8407494,1.0
1.0,0.9936953,1.0
1.0,0.99871576,1.0
0.0,0.034017008,0.0
0.0,0.09353717,0.0
0.0,0.016369838,0.0
1.0,0.9150737,1.0
0.0,0.6450844,1.0
0.0,0.34962445,0.0
0.0,0.034359083,0.0
1.0,0.9989536,1.0
0.0,0.04669999,0.0
0.0,0.030061979,0.0
1.0,0.9977915,1.0
0.0,0.12801255,0.0
1.0,0.5683104,1.0
1.0,0.3657412,0.0
1.0,0.7661555,1.0
0.0,0.82385284,1.0
0.0,0.16993092,0.0
1.0,0.97274584,1.0
1.0,0.50851995,1.0
1.0,0.68669873,1.0
1.0,0.47610736,0.0
1.0,0.3386113,0.0
1.0,0.4532848,0.0
1.0,0.65224594,1.0
0.0,0.089299716,0.0
0.0,0.035192996,0.0
0.0,0.08239894,0.0
1.0,0.7149894,1.0
1.0,0.9988606,1.0
0.0,0.07185386,0.0
1.0,0.2776581,0.0
0.0,0.1454004,0.0
0.0,0.013167632,0.0
1.0,0.63742137,1.0
0.0,0.53845894,1.0
0.0,0.26763988,0.0
0.0,0.2181781,0.0
1.0,0.18897751,0.0
1.0,0.09586997,0.0
0.0,0.5486032,1.0
0.0,0.009130468,0.0
1.0,0.8957315,1.0
0.0,0.22565097,0.0
0.0,0.12480806,0.0
1.0,0.18898632,0.0
0.0,0.22744977,0.0
1.0,0.86698484,1.0
0.0,0.23910174,0.0
1.0,0.9996339,1.0
0.0,0.09219832,0.0
1.0,0.9998362,1.0
1.0,0.7199565,1.0
0.0,0.005365594,0.0
1.0,0.98929834,1.0
1.0,0.99283904,1.0
0.0,0.2032893,0.0
0.0,0.021552257,0.0
1.0,0.98441154,1.0
0.0,0.57426876,1.0
0.0,0.07850729,0.0
0.0,0.18768749,0.0
1.0,0.93544626,1.0
0.0,0.1605159,0.0
1.0,0.88006586,1.0
1.0,0.9838774,1.0
1.0,0.9944729,1.0
1.0,0.66501594,1.0
0.0,0.18387315,0.0
1.0,0.20687799,0.0
1.0,0.85233504,1.0
1.0,0.998071,1.0
0.0,0.04733064,0.0
0.0,0.31890407,0.0
1.0,0.8953204,1.0
0.0,0.93590164,1.0
1.0,0.111550935,0.0
0.0,0.02611576,0.0
1.0,0.9901308,1.0
1.0,0.992163,1.0
1.0,0.99935764,1.0
1.0,0.9539279,1.0
0.0,0.52636486,1.0
0.0,0.07974563,0.0
0.0,0.033480953,0.0
0.0,0.006712743,0.0
1.0,0.9762373,1.0
1.0,0.20180655,0.0
1.0,0.18582727,0.0
0.0,0.23790418,0.0
0.0,0.13239548,0.0
1.0,0.17765848,0.0
1.0,0.5636847,1.0
1.0,0.9997894,1.0
0.0,0.81329614,1.0
1.0,0.98226154,1.0
0.0,0.05034358,0.0
0.0,0.06652392,0.0
1.0,0.9121312,1.0
1.0,0.7699538,1.0
0.0,0.66144824,1.0
0.0,0.109209456,0.0
0.0,0.16457224,0.0
1.0,0.9914818,1.0
1.0,0.17983373,0.0
1.0,0.9292794,1.0
1.0,0.12610398,0.0
1.0,0.61727834,1.0
0.0,0.4268578,0.0
0.0,0.12545809,0.0
0.0,0.00084891386,0.0
1.0,0.284585,0.0
0.0,0.23168531,0.0
0.0,0.28524035,0.0
1.0,0.99626166,1.0
1.0,0.38073957,0.0
1.0,0.89009833,1.0
0.0,0.0049321684,0.0
0.0,0.03018399,0.0
1.0,0.9839153,1.0
1.0,0.9979662,1.0
1.0,0.9973194,1.0
1.0,0.9486577,1.0
0.0,0.17794739,0.0
0.0,0.0094716335,0.0
0.0,0.0020946614,0.0
1.0,0.9901542,1.0
1.0,0.42857036,0.0
0.0,0.14602596,0.0
0.0,0.025913052,0.0
1.0,0.748771,1.0
0.0,0.03498496,0.0
1.0,0.94557446,1.0
0.0,0.027886536,0.0
0.0,0.02206319,0.0
0.0,0.26698136,0.0
1.0,0.9698705,1.0
1.0,0.797071,1.0
0.0,0.008116167,0.0
1.0,0.95154124,1.0
0.0,0.054558203,0.0
1.0,0.9926829,1.0
0.0,0.027186895,0.0
0.0,0.067813516,0.0
1.0,0.94266593,1.0
1.0,0.89595175,1.0
0.0,0.2198239,0.0
1.0,0.48645517,0.0
0.0,0.024712767,0.0
1.0,0.9613602,1.0
1.0,0.9989347,1.0
0.0,0.015365934,0.0
1.0,0.55122674,1.0
1.0,0.9667253,1.0
0.0,0.38598582,0.0
0.0,0.1369927,0.0
0.0,0.03045478,0.0
0.0,0.07303345,0.0
1.0,0.99892575,1.0
1.0,0.38334072,0.0
1.0,0.6671314,1.0
1.0,0.5559035,1.0
1.0,0.9859737,1.0
0.0,0.11841647,0.0
1.0,0.99886036,1.0
1.0,0.9988758,1.0
1.0,0.97976846,1.0
1.0,0.9931746,1.0
1.0,0.72602606,1.0
1.0,0.9745996,1.0
1.0,0.99897975,1.0
0.0,0.53313273,1.0
1.0,0.5803452,1.0
0.0,0.034609627,0.0
1.0,0.5257399,1.0
0.0,0.066599905,0.0
1.0,0.80701494,1.0
0.0,0.0041210065,0.0
0.0,0.23271163,0.0
0.0,0.09935833,0.0
1.0,0.9832882,1.0
0.0,0.2819729,0.0
1.0,0.38101986,0.0
1.0,0.9773063,1.0
0.0,0.05225351,0.0
0.0,0.68457854,1.0
0.0,0.06994381,0.0
1.0,0.8344408,1.0
1.0,0.7592141,1.0
0.0,0.060321286,0.0
1.0,0.98015404,1.0
0.0,0.16565639,0.0
0.0,0.51750815,1.0
1.0,0.9770751,1.0
0.0,0.24690387,0.0
1.0,0.23192309,0.0
1.0,0.9954834,1.0
1.0,0.97335243,1.0
1.0,0.8266897,1.0
0.0,0.10927319,0.0
1.0,0.9856861,1.0
0.0,0.12239115,0.0
1.0,0.99826884,1.0
0.0,0.07915542,0.0
1.0,0.98981714,1.0
1.0,0.4255978,0.0
0.0,0.023573767,0.0
0.0,0.22765309,0.0
0.0,0.010783707,0.0
1.0,0.9559117,1.0
0.0,0.32797816,0.0
1.0,0.6105074,1.0
0.0,0.022203792,0.0
1.0,0.44431055,0.0
0.0,0.055322114,0.0
0.0,0.27826607,0.0
1.0,0.17208281,0.0
0.0,0.97664225,1.0
0.0,0.39480284,0.0
1.0,0.9776478,1.0
0.0,0.43121943,0.0
0.0,0.009943406,0.0
0.0,0.04633971,0.0
1.0,0.99844116,1.0
1.0,0.9968194,1.0
1.0,0.995,1.0
1.0,0.7222316,1.0
0.0,0.07643467,0.0
1.0,0.967992,1.0
1.0,0.9996228,1.0
1.0,0.9902172,1.0
0.0,0.0056858477,0.0
0.0,0.42645106,0.0
0.0,0.022773623,0.0
1.0,0.6936715,1.0
1.0,0.99654514,1.0
1.0,0.9596932,1.0
0.0,0.12670133,0.0
1.0,0.99927527,1.0
1.0,0.9903278,1.0
1.0,0.9997067,1.0
1.0,0.8543318,1.0
1.0,0.6159114,1.0
0.0,0.053384,0.0
1.0,0.25266778,0.0
1.0,0.57375515,1.0
0.0,0.063093476,0.0
0.0,0.029161168,0.0
1.0,0.97024184,1.0
0.0,0.09951841,0.0
0.0,0.1386839,0.0
0.0,0.017151315,0.0
0.0,0.43978542,0.0
1.0,0.13004218,0.0
1.0,0.61530316,1.0
1.0,0.9785155,1.0
1.0,0.90006465,1.0
0.0,0.52042073,1.0
0.0,0.13610132,0.0
0.0,0.076419316,0.0
0.0,0.12115837,0.0
0.0,0.23132686,0.0
1.0,0.08644286,0.0
0.0,0.5917153,1.0
1.0,0.9653504,1.0
1.0,0.97492504,1.0
1.0,0.9984711,1.0
0.0,0.103713974,0.0
1.0,0.926357,1.0
0.0,0.013997131,0.0
0.0,0.10367004,0.0
1.0,0.9604545,1.0
1.0,0.34548235,0.0
0.0,0.015271306,0.0
1.0,0.46849537,0.0
0.0,0.33840257,0.0
0.0,0.33804297,0.0
1.0,0.987575,1.0
0.0,0.034254048,0.0
1.0,0.47343835,0.0
1.0,0.9981154,1.0
0.0,0.021382941,0.0
1.0,0.99757665,1.0
0.0,0.10086451,0.0
0.0,0.034338444,0.0
0.0,0.08067525,0.0
1.0,0.99657696,1.0
1.0,0.99871504,1.0
0.0,0.26016545,0.0
1.0,0.985518,1.0
1.0,0.9860869,1.0
0.0,0.24014173,0.0
1.0,0.8553472,1.0
0.0,0.012321387,0.0
0.0,0.01895488,0.0
1.0,0.9186292,1.0
1.0,0.9827004,1.0
0.0,0.33593753,0.0
1.0,0.99011374,1.0
1.0,0.981502,1.0
1.0,0.983071,1.0
0.0,0.9049015,1.0
0.0,0.2029567,0.0
1.0,0.72558045,1.0
0.0,0.1376555,0.0
0.0,0.007159754,0.0
0.0,0.14344396,0.0
0.0,0.05102429,0.0
0.0,0.053610988,0.0
1.0,0.99629265,1.0
1.0,0.9737058,1.0
0.0,0.03804596,0.0
1.0,0.99606955,1.0
0.0,0.2338846,0.0
0.0,0.013321732,0.0
1.0,0.98854,1.0
1.0,0.7558138,1.0
1.0,0.7546993,1.0
0.0,0.03730593,0.0
1.0,0.9540342,1.0
0.0,0.043990105,0.0
1.0,0.98897064,1.0
1.0,0.9997471,1.0
1.0,0.89781415,1.0
0.0,0.031277165,0.0
0.0,0.33793622,0.0
0.0,0.0055302926,0.0
0.0,0.04984456,0.0
0.0,0.042748317,0.0
1.0,0.9947655,1.0
0.0,0.027335927,0.0
1.0,0.19902931,0.0
1.0,0.40459433,0.0
1.0,0.91937196,1.0
0.0,0.2153891,0.0
1.0,0.9979377,1.0
0.0,0.10211446,0.0
1.0,0.9973718,1.0
0.0,0.20470518,0.0
1.0,0.9603876,1.0
0.0,0.75634736,1.0
1.0,0.9908506,1.0
1.0,0.99843067,1.0
1.0,0.67440826,1.0
1.0,0.9284023,1.0
1.0,0.99233013,1.0
1.0,0.1418413,0.0
0.0,0.06652289,0.0
0.0,0.03683153,0.0
0.0,0.044775665,0.0
1.0,0.9995196,1.0
0.0,0.33632973,0.0
0.0,0.35779446,0.0
0.0,0.3456587,0.0
0.0,0.050658166,0.0
1.0,0.22796538,0.0
0.0,0.035038244,0.0
0.0,0.2968836,0.0
0.0,0.25127319,0.0
1.0,0.9984864,1.0
0.0,0.09181231,0.0
0.0,0.010349601,0.0
0.0,0.03511409,0.0
0.0,0.009164741,0.0
1.0,0.26091117,0.0
0.0,0.08189201,0.0
0.0,0.007103484,0.0
1.0,0.9923614,1.0
0.0,0.08268862,0.0
1.0,0.37039265,0.0
0.0,0.033818852,0.0
1.0,0.24337386,0.0
1.0,0.49116817,0.0
0.0,0.7396136,1.0
1.0,0.23022448,0.0
1.0,0.9586687,1.0
1.0,0.9933297,1.0
1.0,0.24318708,0.0
0.0,0.03291945,0.0
0.0,0.14124717,0.0
1.0,0.9070579,1.0
1.0,0.29446006,0.0
1.0,0.9939991,1.0
0.0,0.014971699,0.0
1.0,0.5234033,1.0
1.0,0.9961462,1.0
1.0,0.9981812,1.0
0.0,0.28910008,0.0
1.0,0.42871115,0.0
0.0,0.13507012,0.0
0.0,0.071802475,0.0
0.0,0.07212803,0.0
1.0,0.12660666,0.0
0.0,0.6982204,1.0
0.0,0.8546564,1.0
0.0,0.26312435,0.0
0.0,0.13934636,0.0
1.0,0.9989724,1.0
0.0,0.2589092,0.0
1.0,0.7068739,1.0
0.0,0.018331269,0.0
0.0,0.10898,0.0
1.0,0.72084,1.0
1.0,0.9539739,1.0
0.0,0.0037799408,0.0
0.0,0.057946358,0.0
1.0,0.9979132,1.0
1.0,0.836409,1.0
0.0,0.004288526,0.0
1.0,0.9554554,1.0
1.0,0.13654944,0.0
1.0,0.8034893,1.0
1.0,0.89715105,1.0
1.0,0.9606411,1.0
1.0,0.97597337,1.0
0.0,0.052762046,0.0
0.0,0.062003125,0.0
0.0,0.10884397,0.0
1.0,0.9578645,1.0
1.0,0.8997186,1.0
0.0,0.047313135,0.0
0.0,0.34230012,0.0
1.0,0.61906856,1.0
1.0,0.82332474,1.0
1.0,0.9554357,1.0
0.0,0.037189294,0.0
1.0,0.8910756,1.0
1.0,0.81814146,1.0
0.0,0.055199884,0.0
1.0,0.88913196,1.0
1.0,0.68478936,1.0
1.0,0.74514925,1.0
0.0,0.29351568,0.0
0.0,0.3224142,0.0
1.0,0.92601347,1.0
0.0,0.009053895,0.0
0.0,0.7195726,1.0
0.0,0.02457452,0.0
1.0,0.99742895,1.0
1.0,0.6772719,1.0
0.0,0.0372309,0.0
0.0,0.04294757,0.0
1.0,0.15377297,0.0
0.0,0.6103272,1.0
1.0,0.9631145,1.0
0.0,0.005479799,0.0
1.0,0.96278864,1.0
1.0,0.88672346,1.0
0.0,0.018585077,0.0
1.0,0.99899405,1.0
0.0,0.80661136,1.0
1.0,0.9950832,1.0
1.0,0.9860162,1.0
0.0,0.48340052,0.0
1.0,0.2796242,0.0
0.0,0.048647895,0.0
0.0,0.19361338,0.0
0.0,0.15735921,0.0
1.0,0.99579275,1.0
0.0,0.101833224,0.0
1.0,0.8176962,1.0
0.0,0.22163467,0.0
1.0,0.76693,1.0
0.0,0.12610704,0.0
1.0,0.943008,1.0
0.0,0.018665165,0.0
0.0,0.06842205,0.0
0.0,0.6412255,1.0
0.0,0.3113998,0.0
0.0,0.012707402,0.0
0.0,0.0923611,0.0
1.0,0.9991528,1.0
0.0,0.07868827,0.0
0.0,0.25728893,0.0
0.0,0.2675039,0.0
0.0,0.05516635,0.0
1.0,0.8961512,1.0
1.0,0.99710196,1.0
1.0,0.37509212,0.0
1.0,0.9865261,1.0
0.0,0.3555983,0.0
1.0,0.8962191,1.0
0.0,0.07241907,0.0
0.0,0.02285718,0.0
1.0,0.9832166,1.0
1.0,0.989819,1.0
0.0,0.06898142,0.0
0.0,0.18076804,0.0
1.0,0.99529463,1.0
0.0,0.25988218,0.0
0.0,0.009705149,0.0
0.0,0.51227444,1.0
0.0,0.12803866,0.0
1.0,0.9886203,1.0
1.0,0.99555063,1.0
0.0,0.5488346,1.0
0.0,0.21976036,0.0
0.0,0.38287455,0.0
1.0,0.97726077,1.0
1.0,0.98277736,1.0
1.0,0.9945439,1.0
0.0,0.032618176,0.0
0.0,0.07574005,0.0
0.0,0.036850702,0.0
1.0,0.99283135,1.0
0.0,0.1893672,0.0
0.0,0.48813972,0.0
1.0,0.76961565,1.0
0.0,0.42191488,0.0
0.0,0.1524675,0.0
1.0,0.99106556,1.0
0.0,0.0107170185,0.0
1.0,0.9864283,1.0
1.0,0.13412613,0.0
1.0,0.9515557,1.0
1.0,0.9226743,1.0
0.0,0.32049358,0.0
1.0,0.98196155,1.0
0.0,0.027552254,0.0
1.0,0.5592596,1.0
1.0,0.88030714,1.0
1.0,0.8076112,1.0
0.0,0.15311547,0.0
1.0,0.9971988,1.0
0.0,0.32292485,0.0
1.0,0.73295444,1.0
0.0,0.31293538,0.0
0.0,0.5144399,1.0
0.0,0.13571683,0.0
1.0,0.96667385,1.0
0.0,0.37349653,0.0
0.0,0.02571645,0.0
0.0,0.031862453,0.0
1.0,0.98938715,1.0
0.0,0.07859557,0.0
1.0,0.7187909,1.0
0.0,0.5532669,1.0
0.0,0.33084077,0.0
0.0,0.15704532,0.0
1.0,0.8852382,1.0
1.0,0.24362089,0.0
0.0,0.23695117,0.0
0.0,0.12749042,0.0
0.0,0.6903194,1.0
1.0,0.41722754,0.0
1.0,0.36443585,0.0
0.0,0.1267515,0.0
0.0,0.21163072,0.0
1.0,0.9810823,1.0
0.0,0.4428688,0.0
0.0,0.4154491,0.0
0.0,0.008501442,0.0
1.0,0.631401,1.0
1.0,0.51157427,1.0
0.0,0.21582694,0.0
0.0,0.007759229,0.0
1.0,0.5539799,1.0
1.0,0.39109015,0.0
1.0,0.9985267,1.0
0.0,0.15036537,0.0
1.0,0.9661509,1.0
0.0,0.08594394,0.0
0.0,0.02266556,0.0
1.0,0.9976628,1.0
0.0,0.004774284,0.0
1.0,0.9992298,1.0
0.0,0.3905684,0.0
0.0,0.05234151,0.0
0.0,0.01010833,0.0
1.0,0.9814446,1.0
1.0,0.9808812,1.0
1.0,0.84228146,1.0
0.0,0.015882717,0.0
0.0,0.5798026,1.0
0.0,0.05593189,0.0
0.0,0.010294318,0.0
0.0,0.0774275,0.0
1.0,0.9920805,1.0
1.0,0.5303833,1.0
1.0,0.8429972,1.0
0.0,0.3462012,0.0
1.0,0.85422367,1.0
0.0,0.17563877,0.0
1.0,0.99205184,1.0
0.0,0.36168006,0.0
1.0,0.9483692,1.0
1.0,0.33475968,0.0
1.0,0.8839617,1.0
0.0,0.14332108,0.0
1.0,0.99942315,1.0
0.0,0.018068155,0.0
1.0,0.709642,1.0
1.0,0.7337013,1.0
0.0,0.81384635,1.0
0.0,0.078712724,0.0
1.0,0.76738256,1.0
1.0,0.9960877,1.0
0.0,0.5688058,1.0
0.0,0.005709953,0.0
0.0,0.058776584,0.0
0.0,0.0048984885,0.0
1.0,0.37393308,0.0
0.0,0.096937865,0.0
0.0,0.35459515,0.0
1.0,0.88318634,1.0
0.0,0.47545642,0.0
0.0,0.14680088,0.0
0.0,0.06308863,0.0
1.0,0.8931975,1.0
0.0,0.2659569,0.0
1.0,0.9385245,1.0
0.0,0.2882207,0.0
1.0,0.88749695,1.0
0.0,0.011505036,0.0
0.0,0.020216256,0.0
0.0,0.028686145,0.0
1.0,0.24128464,0.0
0.0,0.18519986,0.0
1.0,0.4041491,0.0
0.0,0.42189172,0.0
1.0,0.51914334,1.0
0.0,0.014269076,0.0
0.0,0.14578626,0.0
0.0,0.11615657,0.0
0.0,0.3684916,0.0
1.0,0.9769397,1.0
1.0,0.99607927,1.0
0.0,0.29722977,0.0
0.0,0.3131952,0.0
1.0,0.9992994,1.0
0.0,0.22346215,0.0
0.0,0.095640086,0.0
0.0,0.022618098,0.0
1.0,0.91337556,1.0
0.0,0.051302165,0.0
0.0,0.066041894,0.0
0.0,0.44660848,0.0
0.0,0.70088947,1.0
1.0,0.9341401,1.0
0.0,0.70356745,1.0
0.0,0.2790961,0.0
1.0,0.614919,1.0
1.0,0.94960284,1.0
0.0,0.15192026,0.0
1.0,0.8108987,1.0
1.0,0.9671801,1.0
0.0,0.022946186,0.0
0.0,0.0012072225,0.0
1.0,0.9978016,1.0
0.0,0.050293006,0.0
0.0,0.106683865,0.0
0.0,0.77868086,1.0
1.0,0.99543273,1.0
1.0,0.94070184,1.0
0.0,0.06551336,0.0
0.0,0.10068237,0.0
0.0,0.5288607,1.0
1.0,0.33049607,0.0
1.0,0.9342492,1.0
1.0,0.85214686,1.0
1.0,0.75649446,1.0
1.0,0.48665023,0.0
0.0,0.0049618543,0.0
1.0,0.98763347,1.0
0.0,0.021506336,0.0
0.0,0.021708142,0.0
1.0,0.998995,1.0
1.0,0.3752313,0.0
1.0,0.99940526,1.0
0.0,0.015286,0.0
0.0,0.1942246,0.0
1.0,0.991137,1.0
0.0,0.31272182,0.0
0.0,0.45188895,0.0
0.0,0.07631657,0.0
0.0,0.23352353,0.0
0.0,0.4672607,0.0
1.0,0.99336076,1.0
1.0,0.3450255,0.0
0.0,0.2653315,0.0
0.0,0.0727772,0.0
1.0,0.999017,1.0
1.0,0.13752437,0.0
0.0,0.21717526,0.0
0.0,0.010398128,0.0
0.0,0.023759868,0.0
1.0,0.83253795,1.0
0.0,0.024621572,0.0
1.0,0.1515714,0.0
1.0,0.13888179,0.0
0.0,0.22025718,0.0
0.0,0.21845557,0.0
0.0,0.2811005,0.0
1.0,0.99681693,1.0
1.0,0.9794694,1.0
1.0,0.8059109,1.0
1.0,0.95578253,1.0
0.0,0.049321827,0.0
0.0,0.061665945,0.0
0.0,0.5858024,1.0
1.0,0.98050904,1.0
0.0,0.026407186,0.0
0.0,0.2840059,0.0
0.0,0.6859054,1.0
0.0,0.030656349,0.0
1.0,0.99261767,1.0
0.0,0.04120129,0.0
1.0,0.9160238,1.0
0.0,0.19145735,0.0
0.0,0.15449582,0.0
0.0,0.07785296,0.0
1.0,0.94636345,1.0
0.0,0.0048455475,0.0
1.0,0.8060229,1.0
0.0,0.036437806,0.0
0.0,0.3808317,0.0
1.0,0.96452934,1.0
0.0,0.76301956,1.0
1.0,0.9987998,1.0
1.0,0.9613836,1.0
1.0,0.7609405,1.0
0.0,0.25353038,0.0
0.0,0.046207312,0.0
0.0,0.0021589685,0.0
0.0,0.3113251,0.0
1.0,0.37859574,0.0
1.0,0.9332799,1.0
0.0,0.03288543,0.0
1.0,0.99865615,1.0
0.0,0.012940946,0.0
1.0,0.58485126,1.0
1.0,0.8427005,1.0
1.0,0.98123723,1.0
0.0,0.30891117,0.0
1.0,0.56506956,1.0
1.0,0.55759424,1.0
1.0,0.67220587,1.0
1.0,0.9972778,1.0
0.0,0.011022571,0.0
1.0,0.9837775,1.0
0.0,0.011078616,0.0
1.0,0.45670074,0.0
0.0,0.5493337,1.0
0.0,0.81086624,1.0
0.0,0.9245129,1.0
1.0,0.9928069,1.0
0.0,0.10166895,0.0
1.0,0.4925771,0.0
0.0,0.0024832722,0.0
0.0,0.050070286,0.0
1.0,0.99169403,1.0
1.0,0.9818989,1.0
1.0,0.8769281,1.0
1.0,0.5288287,1.0
0.0,0.011532889,0.0
1.0,0.9568604,1.0
0.0,0.05403563,0.0
1.0,0.9963153,1.0
0.0,0.07105269,0.0
1.0,0.8565325,1.0
1.0,0.58862823,1.0
0.0,0.035604633,0.0
0.0,0.8242594,1.0
1.0,0.9960931,1.0
1.0,0.9939405,1.0
1.0,0.30587667,0.0
1.0,0.97057456,1.0
1.0,0.88575816,1.0
1.0,0.9984763,1.0
1.0,0.95189184,1.0
1.0,0.28727156,0.0
1.0,0.9347054,1.0
0.0,0.01880346,0.0
1.0,0.98820347,1.0
1.0,0.98817897,1.0
0.0,0.1454199,0.0
0.0,0.095923714,0.0
0.0,0.23214506,0.0
0.0,0.059554335,0.0
0.0,0.084681615,0.0
1.0,0.8454226,1.0
0.0,0.22585179,0.0
0.0,0.055414896,0.0
1.0,0.63213694,1.0
0.0,0.07889074,0.0
1.0,0.67030495,1.0
1.0,0.5507374,1.0
1.0,0.9495744,1.0
1.0,0.86561024,1.0
1.0,0.70344996,1.0
1.0,0.8853188,1.0
1.0,0.9988952,1.0
0.0,0.007586355,0.0
0.0,0.12230884,0.0
1.0,0.7163739,1.0
0.0,0.16197099,0.0
0.0,0.044274505,0.0
1.0,0.52957195,1.0
1.0,0.6679125,1.0
0.0,0.05182946,0.0
1.0,0.8945108,1.0
1.0,0.9173093,1.0
0.0,0.073407345,0.0
1.0,0.97197706,1.0
0.0,0.6268006,1.0
0.0,0.45229307,0.0
1.0,0.9904711,1.0
1.0,0.63196295,1.0
0.0,0.093291625,0.0
0.0,0.0030635144,0.0
0.0,0.018821642,0.0
1.0,0.95663524,1.0
0.0,0.03923216,0.0
1.0,0.33642563,0.0
0.0,0.020399548,0.0
0.0,0.0053998167,0.0
0.0,0.117239274,0.0
0.0,0.003250382,0.0
1.0,0.997544,1.0
0.0,0.0061042476,0.0
1.0,0.9993476,1.0
0.0,0.17809185,0.0
0.0,0.18364218,0.0
1.0,0.999519,1.0
1.0,0.98593235,1.0
1.0,0.9951866,1.0
1.0,0.99939513,1.0
0.0,0.13532606,0.0
1.0,0.966551,1.0
1.0,0.9989563,1.0
0.0,0.001752848,0.0
0.0,0.22096965,0.0
1.0,0.45668802,0.0
0.0,0.28626257,0.0
0.0,0.39295524,0.0
1.0,0.99943966,1.0
0.0,0.19979122,0.0
0.0,0.089230165,0.0
1.0,0.94550955,1.0
1.0,0.9983424,1.0
1.0,0.6888763,1.0
1.0,0.962686,1.0
1.0,0.99735755,1.0
0.0,0.1483308,0.0
0.0,0.6192611,1.0
0.0,0.1611369,0.0
0.0,0.045833077,0.0
1.0,0.97939837,1.0
0.0,0.5107156,1.0
1.0,0.09360356,0.0
0.0,0.030117504,0.0
0.0,0.06605059,0.0
0.0,0.11861682,0.0
1.0,0.924705,1.0
0.0,0.0011903662,0.0
0.0,0.11909395,0.0
1.0,0.84466815,1.0
0.0,0.8522704,1.0
1.0,0.9991923,1.0
0.0,0.09395131,0.0
1.0,0.8614274,1.0
1.0,0.52945775,1.0
0.0,0.027170379,0.0
1.0,0.48629025,0.0
1.0,0.8703353,1.0
1.0,0.5091267,1.0
0.0,0.41330194,0.0
0.0,0.056738086,0.0
0.0,0.36449483,0.0
0.0,0.058239616,0.0
1.0,0.9919646,1.0
1.0,0.9894181,1.0
1.0,0.9980149,1.0
0.0,0.11150528,0.0
0.0,0.15039307,0.0
1.0,0.97359395,1.0
1.0,0.6076456,1.0
1.0,0.6565666,1.0
1.0,0.97662157,1.0
1.0,0.99678963,1.0
1.0,0.9913122,1.0
1.0,0.768813,1.0
1.0,0.987282,1.0
1.0,0.5428799,1.0
0.0,0.015348743,0.0
1.0,0.9946607,1.0
0.0,0.1239878,0.0
0.0,0.6302013,1.0
1.0,0.22889835,0.0
0.0,0.04239196,0.0
0.0,0.03411478,0.0
1.0,0.9923712,1.0
1.0,0.9985159,1.0
1.0,0.99697804,1.0
1.0,0.9896756,1.0
1.0,0.5064262,1.0
1.0,0.823279,1.0
0.0,0.29095927,0.0
0.0,0.8150999,1.0
1.0,0.5835137,1.0
0.0,0.059910342,0.0
1.0,0.98848957,1.0
0.0,0.046381686,0.0
1.0,0.97142166,1.0
0.0,0.062418375,0.0
1.0,0.9774465,1.0
1.0,0.57000124,1.0
1.0,0.20118448,0.0
0.0,0.0134158535,0.0
0.0,0.2592901,0.0
0.0,0.031228624,0.0
0.0,0.27568755,0.0
1.0,0.9855639,1.0
1.0,0.6901503,1.0
0.0,0.041851174,0.0
0.0,0.031596072,0.0
0.0,0.044979714,0.0
0.0,0.54410815,1.0
1.0,0.9628568,1.0
1.0,0.39407164,0.0
0.0,0.07245896,0.0
0.0,0.011616322,0.0
0.0,0.058869045,0.0
0.0,0.10841496,0.0
0.0,0.07988661,0.0
0.0,0.032295074,0.0
0.0,0.241468,0.0
1.0,0.41535237,0.0
1.0,0.9980337,1.0
0.0,0.15156226,0.0
0.0,0.063745834,0.0
1.0,0.6975946,1.0
1.0,0.99858415,1.0
1.0,0.9284984,1.0
1.0,0.5530741,1.0
0.0,0.02962158,0.0
1.0,0.6895074,1.0
0.0,0.33036742,0.0
0.0,0.062171422,0.0
1.0,0.92077285,1.0
1.0,0.52032393,1.0
1.0,0.99044025,1.0
1.0,0.86651933,1.0
0.0,0.09674877,0.0
1.0,0.35212618,0.0
0.0,0.2403868,0.0
0.0,0.22308488,0.0
0.0,0.008601076,0.0
0.0,0.0801444,0.0
1.0,0.9363335,1.0
0.0,0.20868613,0.0
0.0,0.25978154,0.0
0.0,0.08858472,0.0
1.0,0.9885965,1.0
0.0,0.124998346,0.0
1.0,0.84884167,1.0
1.0,0.7726715,1.0
0.0,0.30934998,0.0
0.0,0.2818947,0.0
0.0,0.42268482,0.0
0.0,0.016950076,0.0
0.0,0.07766721,0.0
0.0,0.14186925,0.0
1.0,0.87468135,1.0
0.0,0.89527303,1.0
0.0,0.036611784,0.0
1.0,0.9890773,1.0
0.0,0.4087936,0.0
1.0,0.4165804,0.0
1.0,0.2143568,0.0
1.0,0.47071746,0.0
1.0,0.99952173,1.0
0.0,0.06990543,0.0
0.0,0.72416806,1.0
1.0,0.9763495,1.0
1.0,0.99331397,1.0
0.0,0.19934857,0.0
0.0,0.24808244,0.0
1.0,0.75718904,1.0
1.0,0.99377584,1.0
1.0,0.99899656,1.0
0.0,0.0038731126,0.0
1.0,0.99562377,1.0
0.0,0.015918383,0.0
0.0,0.28171256,0.0
0.0,0.03945985,0.0
0.0,0.15075663,0.0
1.0,0.66895443,1.0
0.0,0.8495632,1.0
0.0,0.0011412096,0.0
0.0,0.1409039,0.0
1.0,0.9942169,1.0
1.0,0.9276003,1.0
1.0,0.21284904,0.0
1.0,0.9977259,1.0
0.0,0.07753677,0.0
0.0,0.16657911,0.0
1.0,0.98998195,1.0
1.0,0.90616447,1.0
0.0,0.0049553984,0.0
0.0,0.06999859,0.0
1.0,0.28739157,0.0
0.0,0.36200076,0.0
0.0,0.21464944,0.0
1.0,0.9656817,1.0
1.0,0.93313545,1.0
0.0,0.30633855,0.0
1.0,0.9963188,1.0
0.0,0.086494714,0.0
1.0,0.99565434,1.0
1.0,0.69279826,1.0
0.0,0.23730063,0.0
0.0,0.80146354,1.0
0.0,0.05136931,0.0
1.0,0.43342692,0.0
0.0,0.33542377,0.0
1.0,0.9307647,1.0
0.0,0.0038717662,0.0
1.0,0.77340335,1.0
1.0,0.96414965,1.0
0.0,0.26935878,0.0
0.0,0.014454787,0.0
1.0,0.9934469,1.0
1.0,0.15292414,0.0
1.0,0.9796047,1.0
0.0,0.08348471,0.0
0.0,0.0034415382,0.0
0.0,0.22748852,0.0
1.0,0.9814099,1.0
1.0,0.9784127,1.0
1.0,0.9882556,1.0
1.0,0.7196434,1.0
0.0,0.29463422,0.0
0.0,0.44273183,0.0
0.0,0.5775323,1.0
0.0,0.01408359,0.0
0.0,0.0051424084,0.0
0.0,0.06998046,0.0
1.0,0.9935923,1.0
0.0,0.2820425,0.0
1.0,0.73597485,1.0
1.0,0.988488,1.0
1.0,0.999534,1.0
0.0,0.6331981,1.0
0.0,0.038117666,0.0
1.0,0.79882956,1.0
0.0,0.092491195,0.0
1.0,0.8871996,1.0
0.0,0.025111802,0.0
1.0,0.9971935,1.0
1.0,0.82841367,1.0
1.0,0.89713854,1.0
0.0,0.3525984,0.0
0.0,0.028984286,0.0
1.0,0.9745165,1.0
1.0,0.99807656,1.0
1.0,0.17555286,0.0
0.0,0.032956515,0.0
1.0,0.9938871,1.0
0.0,0.016605118,0.0
1.0,0.9962102,1.0
0.0,0.044596825,0.0
1.0,0.8401583,1.0
1.0,0.9958615,1.0
0.0,0.6566962,1.0
1.0,0.71043456,1.0
0.0,0.39043716,0.0
0.0,0.020353269,0.0
1.0,0.96985817,1.0
0.0,0.19587551,0.0
1.0,0.9903319,1.0
0.0,0.36420164,0.0
0.0,0.7120442,1.0
1.0,0.9628344,1.0
1.0,0.91782457,1.0
1.0,0.97731394,1.0
0.0,0.016808625,0.0
0.0,0.4524349,0.0
0.0,0.1105071,0.0
0.0,0.003872316,0.0
0.0,0.5365196,1.0
1.0,0.99379563,1.0
1.0,0.71045554,1.0
1.0,0.6972344,1.0
0.0,0.80608636,1.0
1.0,0.72119254,1.0
1.0,0.9418899,1.0
0.0,0.2989259,0.0
1.0,0.9850542,1.0
1.0,0.98883027,1.0
0.0,0.021214738,0.0
1.0,0.97544575,1.0
0.0,0.096221134,0.0
1.0,0.06517535,0.0
0.0,0.1050928,0.0
1.0,0.99863094,1.0
1.0,0.92012405,1.0
1.0,0.90932614,1.0
1.0,0.99000657,1.0
1.0,0.9947056,1.0
1.0,0.9886996,1.0
0.0,0.038707353,0.0
0.0,0.08971091,0.0
0.0,0.014727146,0.0
0.0,0.097666636,0.0
0.0,0.1097157,0.0
0.0,0.0941204,0.0
0.0,0.04538898,0.0
0.0,0.046651058,0.0
0.0,0.4921917,0.0
0.0,0.07582574,0.0
1.0,0.7685501,1.0
1.0,0.9671331,1.0
0.0,0.001587974,0.0
1.0,0.9980579,1.0
1.0,0.8909648,1.0
0.0,0.06258703,0.0
1.0,0.870353,1.0
1.0,0.9965287,1.0
0.0,0.0034900017,0.0
1.0,0.99276686,1.0
0.0,0.49291506,0.0
1.0,0.9832623,1.0
1.0,0.5153959,1.0
0.0,0.09932325,0.0
1.0,0.96298164,1.0
0.0,0.6333412,1.0
1.0,0.49255455,0.0
1.0,0.28297827,0.0
0.0,0.24471875,0.0
0.0,0.15653948,0.0
0.0,0.042249653,0.0
1.0,0.9473547,1.0
0.0,0.0057677394,0.0
1.0,0.93808746,1.0
1.0,0.24665627,0.0
0.0,0.0076039373,0.0
1.0,0.8399758,1.0
1.0,0.9482787,1.0
0.0,0.10219226,0.0
0.0,0.021760698,0.0
0.0,0.024900813,0.0
1.0,0.9799565,1.0
1.0,0.39445925,0.0
0.0,0.36881545,0.0
0.0,0.34536642,0.0
0.0,0.8259348,1.0
0.0,0.042196028,0.0
0.0,0.5535385,1.0
0.0,0.03170293,0.0
0.0,0.021648923,0.0
1.0,0.8832382,1.0
0.0,0.41781226,0.0
1.0,0.9981515,1.0
0.0,0.05436702,0.0
1.0,0.589754,1.0
1.0,0.9944617,1.0
1.0,0.9858358,1.0
0.0,0.8138537,1.0
1.0,0.6398554,1.0
1.0,0.9658254,1.0
0.0,0.12918815,0.0
0.0,0.5452826,1.0
0.0,0.004433317,0.0
0.0,0.14884375,0.0
1.0,0.9887665,1.0
1.0,0.24418454,0.0
1.0,0.99569345,1.0
1.0,0.99827397,1.0
0.0,0.03508699,0.0
1.0,0.5719147,1.0
1.0,0.9897658,1.0
1.0,0.9993911,1.0
1.0,0.96138996,1.0
1.0,0.8958345,1.0
0.0,0.0069634034,0.0
0.0,0.007544088,0.0
1.0,0.99094194,1.0
0.0,0.062998846,0.0
0.0,0.25593328,0.0
0.0,0.4303477,0.0
1.0,0.6508004,1.0
1.0,0.6529063,1.0
1.0,0.85881597,1.0
0.0,0.07857887,0.0
0.0,0.11133822,0.0
1.0,0.67848766,1.0
0.0,0.024689741,0.0
1.0,0.9995153,1.0
0.0,0.10817955,0.0
1.0,0.081893615,0.0
0.0,0.36844432,0.0
1.0,0.9845708,1.0
1.0,0.77624285,1.0
0.0,0.17329578,0.0
0.0,0.02446689,0.0
1.0,0.2826816,0.0
0.0,0.18359366,0.0
0.0,0.15115908,0.0
0.0,0.18868494,0.0
0.0,0.03519071,0.0
0.0,0.04289856,0.0
0.0,0.18990931,0.0
0.0,0.13624735,0.0
0.0,0.36657274,0.0
1.0,0.21568546,0.0
1.0,0.9903261,1.0
0.0,0.010984036,0.0
1.0,0.40313125,0.0
1.0,0.48105764,0.0
1.0,0.99847275,1.0
1.0,0.9989247,1.0
0.0,0.08724981,0.0
1.0,0.7406172,1.0
1.0,0.99914503,1.0
0.0,0.056389526,0.0
0.0,0.10476781,0.0
0.0,0.14045177,0.0
1.0,0.8355468,1.0
0.0,0.4463202,0.0
0.0,0.018671406,0.0
1.0,0.8940045,1.0
0.0,0.09674767,0.0
1.0,0.77650684,1.0
0.0,0.07040789,0.0
0.0,0.61082387,1.0
1.0,0.82013756,1.0
1.0,0.20637831,0.0
1.0,0.9963806,1.0
0.0,0.08420182,0.0
0.0,0.07591299,0.0
1.0,0.8173957,1.0
0.0,0.02002859,0.0
1.0,0.99457043,1.0
1.0,0.9532992,1.0
0.0,0.026088154,0.0
0.0,0.22041485,0.0
0.0,0.24969472,0.0
1.0,0.5951497,1.0
0.0,0.0673068,0.0
0.0,0.618228,1.0
1.0,0.4686057,0.0
0.0,0.029585622,0.0
1.0,0.94268066,1.0
1.0,0.92512584,1.0
0.0,0.16191512,0.0
0.0,0.22171518,0.0
1.0,0.86689436,1.0
0.0,0.022886962,0.0
1.0,0.30929744,0.0
0.0,0.03319992,0.0
1.0,0.48524663,0.0
0.0,0.06352553,0.0
0.0,0.3523226,0.0
0.0,0.021760454,0.0
1.0,0.989073,1.0
0.0,0.10394639,0.0
1.0,0.763745,1.0
0.0,0.34236613,0.0
0.0,0.06849771,0.0
1.0,0.97576344,1.0
1.0,0.33158097,0.0
1.0,0.99935025,1.0
0.0,0.29574713,0.0
1.0,0.9912335,1.0
0.0,0.073398486,0.0
1.0,0.32363683,0.0
0.0,0.07770274,0.0
0.0,0.2621743,0.0
1.0,0.18968865,0.0
1.0,0.963176,1.0
0.0,0.13924783,0.0
1.0,0.9787581,1.0
1.0,0.9968592,1.0
1.0,0.3372484,0.0
0.0,0.53471166,1.0
1.0,0.92624754,1.0
0.0,0.004751255,0.0
0.0,0.20069611,0.0
0.0,0.29787725,0.0
1.0,0.7943988,1.0
1.0,0.63409954,1.0
1.0,0.99332136,1.0
0.0,0.33882374,0.0
0.0,0.2176238,0.0
1.0,0.9298466,1.0
0.0,0.3730476,0.0
1.0,0.954758,1.0
1.0,0.6785839,1.0
1.0,0.99719715,1.0
1.0,0.9857884,1.0
1.0,0.9995309,1.0
1.0,0.9921638,1.0
0.0,0.027965792,0.0
0.0,0.23133546,0.0
0.0,0.0046980553,0.0
0.0,0.09597959,0.0
1.0,0.99893266,1.0
0.0,0.31177843,0.0
0.0,0.24637131,0.0
0.0,0.19490644,0.0
0.0,0.031968843,0.0
0.0,0.050677206,0.0
1.0,0.49322802,0.0
1.0,0.99241227,1.0
1.0,0.592463,1.0
0.0,0.58812827,1.0
1.0,0.639706,1.0
0.0,0.14300947,0.0
0.0,0.03973926,0.0
0.0,0.35670775,0.0
0.0,0.098933175,0.0
0.0,0.023567716,0.0
0.0,0.0446041,0.0
1.0,0.42612964,0.0
1.0,0.98926115,1.0
1.0,0.18244499,0.0
1.0,0.363472,0.0
1.0,0.6488204,1.0
0.0,0.013360621,0.0
1.0,0.96337235,1.0
0.0,0.0433726,0.0
0.0,0.1404103,0.0
1.0,0.98863435,1.0
1.0,0.9867178,1.0
1.0,0.9975267,1.0
1.0,0.95047593,1.0
1.0,0.9470039,1.0
1.0,0.86660427,1.0
1.0,0.9174908,1.0
1.0,0.9793935,1.0
1.0,0.9989316,1.0
1.0,0.9228617,1.0
1.0,0.5449179,1.0
0.0,0.003975246,0.0
1.0,0.9852726,1.0
0.0,0.14347039,0.0
1.0,0.778489,1.0
1.0,0.90073615,1.0
0.0,0.069963835,0.0
0.0,0.0468082,0.0
1.0,0.9075268,1.0
1.0,0.9364551,1.0
0.0,0.127075,0.0
1.0,0.24662998,0.0
0.0,0.1730982,0.0
1.0,0.88430077,1.0
0.0,0.09996297,0.0
0.0,0.1685347,0.0
1.0,0.45529675,0.0
0.0,0.083970934,0.0
0.0,0.87958145,1.0
0.0,0.019368954,0.0
0.0,0.06504919,0.0
0.0,0.37831876,0.0
0.0,0.16355306,0.0
0.0,0.021103289,0.0
1.0,0.97599876,1.0
0.0,0.039718747,0.0
1.0,0.99085957,1.0
1.0,0.9781706,1.0
0.0,0.0047299378,0.0
0.0,0.77070534,1.0
1.0,0.8391941,1.0
1.0,0.8275447,1.0
0.0,0.010853613,0.0
1.0,0.9614053,1.0
0.0,0.12694788,0.0
1.0,0.50429857,1.0
0.0,0.8047422,1.0
1.0,0.9416986,1.0
0.0,0.11074232,0.0
1.0,0.87780213,1.0
0.0,0.090412706,0.0
1.0,0.99739057,1.0
0.0,0.09217078,0.0
1.0,0.51476264,1.0
0.0,0.05432524,0.0
0.0,0.22872001,0.0
0.0,0.019420618,0.0
1.0,0.9816103,1.0
0.0,0.005912728,0.0
1.0,0.9987901,1.0
0.0,0.0987493,0.0
0.0,0.6264643,1.0
0.0,0.09274907,0.0
0.0,0.027178751,0.0
1.0,0.38240394,0.0
0.0,0.015280575,0.0
1.0,0.23587592,0.0
0.0,0.14894891,0.0
0.0,0.6194833,1.0
0.0,0.82100636,1.0
0.0,0.1607156,0.0
0.0,0.038421564,0.0
0.0,0.159196,0.0
1.0,0.72522515,1.0
0.0,0.36570966,0.0
0.0,0.047444586,0.0
0.0,0.003191406,0.0
1.0,0.9981565,1.0
0.0,0.12438677,0.0
0.0,0.13688804,0.0
1.0,0.87091535,1.0
1.0,0.9404773,1.0
1.0,0.99845076,1.0
1.0,0.927168,1.0
1.0,0.31867135,0.0
0.0,0.002257874,0.0
1.0,0.29777324,0.0
1.0,0.94080955,1.0
0.0,0.081009135,0.0
0.0,0.07253607,0.0
1.0,0.9737042,1.0
1.0,0.33759984,0.0
0.0,0.056872677,0.0
0.0,0.1812764,0.0
0.0,0.14164925,0.0
1.0,0.9985323,1.0
1.0,0.98038006,1.0
0.0,0.32786456,0.0
0.0,0.10330051,0.0
0.0,0.049385395,0.0
1.0,0.34802276,0.0
0.0,0.25026825,0.0
1.0,0.99037606,1.0
0.0,0.19956616,0.0
0.0,0.0062044524,0.0
0.0,0.7420329,1.0
1.0,0.9876602,1.0
1.0,0.8212567,1.0
1.0,0.7878956,1.0
1.0,0.8825173,1.0
0.0,0.06013075,0.0
0.0,0.07476163,0.0
1.0,0.9985532,1.0
1.0,0.99751127,1.0
0.0,0.45372105,0.0
1.0,0.51884174,1.0
0.0,0.159325,0.0
0.0,0.10947355,0.0
1.0,0.846141,1.0
0.0,0.016074931,0.0
0.0,0.48387623,0.0
0.0,0.44068268,0.0
1.0,0.99416554,1.0
0.0,0.036382146,0.0
1.0,0.9943408,1.0
0.0,0.17337123,0.0
0.0,0.00900191,0.0
1.0,0.6033048,1.0
1.0,0.9452593,1.0
1.0,0.95739675,1.0
0.0,0.27635172,0.0
0.0,0.3020667,0.0
0.0,0.509316,1.0
1.0,0.99445045,1.0
0.0,0.3278323,0.0
0.0,0.05880669,0.0
1.0,0.9043355,1.0
0.0,0.11061312,0.0
1.0,0.385664,0.0
0.0,0.074707456,0.0
0.0,0.054775875,0.0
0.0,0.14612783,0.0
1.0,0.2772089,0.0
0.0,0.43570054,0.0
0.0,0.5679856,1.0
0.0,0.16569227,0.0
0.0,0.43290678,0.0
0.0,0.047368445,0.0
1.0,0.5321616,1.0
0.0,0.0035402908,0.0
0.0,0.13625866,0.0
1.0,0.96570265,1.0
0.0,0.08462262,0.0
0.0,0.00928593,0.0
0.0,0.13876627,0.0
1.0,0.9982503,1.0
1.0,0.9686997,1.0
1.0,0.28678107,0.0
0.0,0.12695675,0.0
1.0,0.9961223,1.0
1.0,0.9985648,1.0
0.0,0.5921937,1.0
0.0,0.4483215,0.0
1.0,0.74095905,1.0
0.0,0.08903954,0.0
0.0,0.34599897,0.0
1.0,0.75530624,1.0
0.0,0.025749415,0.0
0.0,0.21900609,0.0
0.0,0.118660256,0.0
0.0,0.13456191,0.0
0.0,0.004688983,0.0
0.0,0.04963482,0.0
1.0,0.6688659,1.0
1.0,0.995828,1.0
1.0,0.98953587,1.0
1.0,0.72126913,1.0
1.0,0.99702567,1.0
0.0,0.03409306,0.0
1.0,0.71997887,1.0
1.0,0.92566425,1.0
1.0,0.95762,1.0
0.0,0.14524135,0.0
1.0,0.99546885,1.0
1.0,0.99787724,1.0
0.0,0.010314028,0.0
1.0,0.880418,1.0
0.0,0.19531918,0.0
0.0,0.108061805,0.0
1.0,0.99923897,1.0
0.0,0.30356115,0.0
0.0,0.16027482,0.0
1.0,0.69036,1.0
1.0,0.9986755,1.0
1.0,0.47155643,0.0
1.0,0.9991912,1.0
1.0,0.9114936,1.0
1.0,0.96186197,1.0
0.0,0.50037664,1.0
0.0,0.19293775,0.0
1.0,0.3928139,0.0
1.0,0.8861624,1.0
0.0,0.3561943,0.0
0.0,0.095706046,0.0
1.0,0.81864774,1.0
0.0,0.01951596,0.0
0.0,0.0072529176,0.0
1.0,0.9759344,1.0
0.0,0.038307514,0.0
0.0,0.012727824,0.0
1.0,0.32856336,0.0
0.0,0.22673796,0.0
1.0,0.9891907,1.0
1.0,0.95154536,1.0
0.0,0.032205068,0.0
0.0,0.09855577,0.0
0.0,0.025485037,0.0
0.0,0.10650378,0.0
0.0,0.173958,0.0
0.0,0.8071354,1.0
0.0,0.00414219,0.0
1.0,0.9604959,1.0
0.0,0.055979077,0.0
1.0,0.7478006,1.0
0.0,0.007319039,0.0
1.0,0.9952911,1.0
1.0,0.99871397,1.0
0.0,0.07049586,0.0
0.0,0.11420682,0.0
0.0,0.46978718,0.0
0.0,0.11177476,0.0
1.0,0.92421657,1.0
1.0,0.48798814,0.0
1.0,0.95222664,1.0
0.0,0.040485095,0.0
1.0,0.21503411,0.0
0.0,0.8699124,1.0
1.0,0.760423,1.0
1.0,0.98546404,1.0
1.0,0.748099,1.0
0.0,0.0060258377,0.0
0.0,0.7437057,1.0
1.0,0.09549305,0.0
0.0,0.02228951,0.0
0.0,0.3767651,0.0
1.0,0.06671627,0.0
0.0,0.0046846587,0.0
1.0,0.9777957,1.0
0.0,0.01356608,0.0
0.0,0.024096372,0.0
1.0,0.9421607,1.0
1.0,0.9899553,1.0
1.0,0.91380876,1.0
1.0,0.95262086,1.0
1.0,0.91794527,1.0
0.0,0.48443824,0.0
1.0,0.94911695,1.0
0.0,0.14344616,0.0
0.0,0.07660214,0.0
1.0,0.994662,1.0
1.0,0.9959401,1.0
1.0,0.99881953,1.0
1.0,0.9919561,1.0
0.0,0.014949993,0.0
0.0,0.13834476,0.0
0.0,0.15715793,0.0
1.0,0.83828425,1.0
0.0,0.38416654,0.0
1.0,0.8679017,1.0
1.0,0.91124463,1.0
0.0,0.5885104,1.0
0.0,0.8756678,1.0
0.0,0.59944826,1.0
1.0,0.22493455,0.0
1.0,0.96333784,1.0
0.0,0.27949753,0.0
1.0,0.9992144,1.0
0.0,0.041717872,0.0
0.0,0.89112324,1.0
1.0,0.41304612,0.0
1.0,0.7132397,1.0
1.0,0.15639178,0.0
1.0,0.992792,1.0
1.0,0.9799334,1.0
0.0,0.039842878,0.0
0.0,0.016265066,0.0
1.0,0.9961422,1.0
1.0,0.8671883,1.0
1.0,0.8278315,1.0
0.0,0.07704485,0.0
1.0,0.9779196,1.0
1.0,0.8282156,1.0
0.0,0.019186644,0.0
0.0,0.20748022,0.0
1.0,0.9823675,1.0
1.0,0.99749184,1.0
1.0,0.39259174,0.0
0.0,0.34103522,0.0
0.0,0.18264733,0.0
0.0,0.07195319,0.0
1.0,0.94391304,1.0
1.0,0.99138665,1.0
0.0,0.2957463,0.0
0.0,0.2627276,0.0
0.0,0.04260659,0.0
1.0,0.96670437,1.0
0.0,0.075467646,0.0
1.0,0.8565916,1.0
0.0,0.31407613,0.0
1.0,0.84391594,1.0
0.0,0.45690656,0.0
0.0,0.13355315,0.0
1.0,0.664183,1.0
1.0,0.9618739,1.0
1.0,0.99769175,1.0
0.0,0.09874946,0.0
0.0,0.06643698,0.0
1.0,0.9851092,1.0
0.0,0.013035998,0.0
0.0,0.38529667,0.0
0.0,0.062940694,0.0
1.0,0.91064733,1.0
0.0,0.18092525,0.0
1.0,0.58486366,1.0
0.0,0.012561229,0.0
0.0,0.6937968,1.0
1.0,0.16818208,0.0
1.0,0.9975924,1.0
0.0,0.21455456,0.0
0.0,0.48463583,0.0
1.0,0.72943246,1.0
0.0,0.40915385,0.0
0.0,0.0049420944,0.0
1.0,0.94755244,1.0
0.0,0.02148242,0.0
1.0,0.83273816,1.0
0.0,0.17461629,0.0
0.0,0.03297754,0.0
1.0,0.57940036,1.0
0.0,0.010028529,0.0
0.0,0.025398595,0.0
1.0,0.73859894,1.0
1.0,0.9790725,1.0
1.0,0.8100234,1.0
1.0,0.5766158,1.0
0.0,0.15432823,0.0
1.0,0.78435165,1.0
0.0,0.03951581,0.0
0.0,0.1758385,0.0
0.0,0.05353995,0.0
1.0,0.99490106,1.0
0.0,0.026651021,0.0
1.0,0.6360359,1.0
0.0,0.49304903,0.0
1.0,0.9583541,1.0
0.0,0.02801792,0.0
0.0,0.0918934,0.0
0.0,0.04016386,0.0
1.0,0.69582343,1.0
0.0,0.07879352,0.0
1.0,0.9955764,1.0
1.0,0.99950004,1.0
0.0,0.03156234,0.0
0.0,0.016594548,0.0
1.0,0.43669537,0.0
0.0,0.048913427,0.0
1.0,0.40691394,0.0
1.0,0.99402785,1.0
0.0,0.062902756,0.0
1.0,0.9609952,1.0
0.0,0.19611391,0.0
0.0,0.0036341734,0.0
0.0,0.42714533,0.0
1.0,0.4715357,0.0
0.0,0.04881074,0.0
1.0,0.99741507,1.0
1.0,0.9534798,1.0
1.0,0.74419934,1.0
1.0,0.9985103,1.0
0.0,0.02304589,0.0
1.0,0.99919873,1.0
1.0,0.7380995,1.0
1.0,0.8656312,1.0
0.0,0.01251,0.0
0.0,0.7103358,1.0
0.0,0.23689319,0.0
1.0,0.9941801,1.0
1.0,0.9989656,1.0
0.0,0.002956612,0.0
0.0,0.35715184,0.0
0.0,0.06841747,0.0
1.0,0.89917773,1.0
1.0,0.84927297,1.0
0.0,0.030109372,0.0
1.0,0.75334346,1.0
1.0,0.9924394,1.0
1.0,0.98630166,1.0
0.0,0.48196197,0.0
1.0,0.062129665,0.0
0.0,0.3201275,0.0
0.0,0.0056900005,0.0
0.0,0.20162767,0.0
1.0,0.9970342,1.0
0.0,0.06429157,0.0
0.0,0.014140018,0.0
1.0,0.9977089,1.0
1.0,0.85969704,1.0
1.0,0.9407009,1.0
1.0,0.91411394,1.0
1.0,0.9988212,1.0
1.0,0.7365851,1.0
1.0,0.98510265,1.0
1.0,0.81578326,1.0
1.0,0.2481102,0.0
1.0,0.9996685,1.0
1.0,0.124581076,0.0
1.0,0.9714266,1.0
0.0,0.1780305,0.0
0.0,0.053286977,0.0
0.0,0.4662452,0.0
1.0,0.9992648,1.0
1.0,0.9983399,1.0
1.0,0.79987705,1.0
0.0,0.17415634,0.0
0.0,0.42246643,0.0
1.0,0.9992686,1.0
0.0,0.008667996,0.0
1.0,0.92307854,1.0
1.0,0.68441147,1.0
1.0,0.8117014,1.0
1.0,0.8080756,1.0
1.0,0.8697895,1.0
0.0,0.6509825,1.0
0.0,0.22012602,0.0
1.0,0.9944857,1.0
0.0,0.062268108,0.0
0.0,0.042692613,0.0
0.0,0.031392526,0.0
0.0,0.21773888,0.0
1.0,0.5130358,1.0
0.0,0.051114783,0.0
0.0,0.6884273,1.0
0.0,0.3527654,0.0
0.0,0.18437895,0.0
1.0,0.9994054,1.0
1.0,0.9245847,1.0
0.0,0.034004983,0.0
1.0,0.9360512,1.0
1.0,0.97049004,1.0
1.0,0.9978763,1.0
1.0,0.63088083,1.0
1.0,0.7518169,1.0
1.0,0.9742519,1.0
1.0,0.97919536,1.0
1.0,0.6016645,1.0
0.0,0.27630398,0.0
0.0,0.0018515879,0.0
1.0,0.999017,1.0
1.0,0.7818581,1.0
0.0,0.007745562,0.0
1.0,0.9975873,1.0
0.0,0.12004494,0.0
0.0,0.22860958,0.0
1.0,0.94677925,1.0
0.0,0.22011007,0.0
1.0,0.28200853,0.0
1.0,0.9628664,1.0
0.0,0.26729754,0.0
1.0,0.82778114,1.0
1.0,0.9934436,1.0
1.0,0.9873853,1.0
0.0,0.16642192,0.0
0.0,0.06400369,0.0
0.0,0.023365144,0.0
0.0,0.32344347,0.0
0.0,0.03494975,0.0
0.0,0.026533876,0.0
1.0,0.35334024,0.0
1.0,0.97307384,1.0
1.0,0.9924597,1.0
0.0,0.03261146,0.0
0.0,0.013667868,0.0
0.0,0.109202005,0.0
1.0,0.09195967,0.0
1.0,0.99412704,1.0
0.0,0.0075766677,0.0
0.0,0.024864107,0.0
1.0,0.84365994,1.0
1.0,0.99763954,1.0
0.0,0.11666855,0.0
0.0,0.07933823,0.0
1.0,0.77270013,1.0
1.0,0.9738057,1.0
1.0,0.9029615,1.0
1.0,0.9969524,1.0
1.0,0.989939,1.0
1.0,0.937382,1.0
1.0,0.9767568,1.0
1.0,0.84204,1.0
0.0,0.013003172,0.0
0.0,0.40638062,0.0
0.0,0.48144853,0.0
1.0,0.5824753,1.0
1.0,0.66611886,1.0
0.0,0.025921116,0.0
0.0,0.06268921,0.0
1.0,0.9241145,1.0
0.0,0.08655648,0.0
1.0,0.9982116,1.0
1.0,0.9732101,1.0
0.0,0.004159895,0.0
1.0,0.8132685,1.0
1.0,0.48114285,0.0
1.0,0.44307867,0.0
1.0,0.17051494,0.0
0.0,0.25401106,0.0
1.0,0.18339173,0.0
1.0,0.97300005,1.0
1.0,0.73515916,1.0
1.0,0.97181195,1.0
0.0,0.089264184,0.0
0.0,0.004970085,0.0
0.0,0.26796624,0.0
0.0,0.060766816,0.0
1.0,0.9624535,1.0
1.0,0.3984737,0.0
0.0,0.04318488,0.0
1.0,0.6851308,1.0
0.0,0.03440067,0.0
0.0,0.01216856,0.0
1.0,0.8659647,1.0
1.0,0.04751383,0.0
1.0,0.9135389,1.0
1.0,0.9625853,1.0
0.0,0.08936062,0.0
1.0,0.99117696,1.0
1.0,0.98448586,1.0
0.0,0.09886359,0.0
0.0,0.031789467,0.0
0.0,0.071040325,0.0
0.0,0.023913594,0.0
1.0,0.998524,1.0
1.0,0.9339137,1.0
1.0,0.9989177,1.0
1.0,0.9987846,1.0
1.0,0.85259587,1.0
0.0,0.16658117,0.0
1.0,0.69000477,1.0
1.0,0.87264633,1.0
0.0,0.05160942,0.0
1.0,0.97619575,1.0
0.0,0.12863822,0.0
1.0,0.976077,1.0
1.0,0.22285576,0.0
0.0,0.018840259,0.0
0.0,0.11113551,0.0
1.0,0.3955891,0.0
0.0,0.28788263,0.0
0.0,0.014712734,0.0
1.0,0.94230604,1.0
1.0,0.9901541,1.0
0.0,0.031284884,0.0
1.0,0.99787533,1.0
0.0,0.072497554,0.0
1.0,0.69051874,1.0
0.0,0.12594213,0.0
0.0,0.032958232,0.0
1.0,0.6662951,1.0
0.0,0.07123276,0.0
1.0,0.90652424,1.0
0.0,0.05484733,0.0
1.0,0.95510596,1.0
0.0,0.023307312,0.0
1.0,0.9517575,1.0
1.0,0.99771786,1.0
0.0,0.15260845,0.0
1.0,0.97762704,1.0
0.0,0.05759628,0.0
1.0,0.97813773,1.0
1.0,0.9849748,1.0
1.0,0.6349789,1.0
0.0,0.22158502,0.0
0.0,0.27189055,0.0
1.0,0.29884765,0.0
1.0,0.9996599,1.0
1.0,0.8302683,1.0
1.0,0.9905884,1.0
1.0,0.9919377,1.0
0.0,0.27378643,0.0
1.0,0.46080512,0.0
0.0,0.009211767,0.0
1.0,0.9923768,1.0
0.0,0.11623215,0.0
0.0,0.038504623,0.0
1.0,0.13658327,0.0
1.0,0.9987264,1.0
0.0,0.030294538,0.0
0.0,0.1280084,0.0
0.0,0.15524751,0.0
1.0,0.9979001,1.0
1.0,0.5201537,1.0
1.0,0.9338615,1.0
0.0,0.13049531,0.0
0.0,0.540956,1.0
0.0,0.13398013,0.0
0.0,0.58127636,1.0
0.0,0.21050468,0.0
1.0,0.9713506,1.0
1.0,0.86333036,1.0
0.0,0.33530733,0.0
1.0,0.72520554,1.0
0.0,0.33552024,0.0
0.0,0.8826816,1.0
1.0,0.9904536,1.0
1.0,0.98670524,1.0
0.0,0.12242403,0.0
0.0,0.5289289,1.0
0.0,0.13899262,0.0
1.0,0.7207289,1.0
0.0,0.050374717,0.0
0.0,0.9207521,1.0
0.0,0.06967298,0.0
1.0,0.8925514,1.0
0.0,0.12748173,0.0
0.0,0.19887786,0.0
1.0,0.6182319,1.0
0.0,0.003031074,0.0
1.0,0.8929153,1.0
0.0,0.5196584,1.0
1.0,0.9719062,1.0
1.0,0.9562931,1.0
0.0,0.0425473,0.0
1.0,0.9673379,1.0
1.0,0.93911165,1.0
1.0,0.280663,0.0
1.0,0.80136013,1.0
1.0,0.9925041,1.0
1.0,0.9947773,1.0
0.0,0.016440602,0.0
0.0,0.0042489767,0.0
0.0,0.116220735,0.0
1.0,0.9979448,1.0
1.0,0.36098754,0.0
0.0,0.5945087,1.0
0.0,0.009305976,0.0
0.0,0.103830665,0.0
0.0,0.014124955,0.0
1.0,0.5412075,1.0
1.0,0.2334559,0.0
0.0,0.13388261,0.0
0.0,0.33428666,0.0
1.0,0.6684352,1.0
0.0,0.015397252,0.0
1.0,0.9875693,1.0
0.0,0.42238057,0.0
0.0,0.035910603,0.0
0.0,0.0655087,0.0
1.0,0.99533314,1.0
0.0,0.39834702,0.0
1.0,0.941348,1.0
0.0,0.05261397,0.0
0.0,0.09295658,0.0
0.0,0.06794625,0.0
1.0,0.98984665,1.0
0.0,0.15359682,0.0
0.0,0.024372878,0.0
1.0,0.85158294,1.0
1.0,0.62472636,1.0
1.0,0.9985275,1.0
1.0,0.99382776,1.0
0.0,0.6492716,1.0
1.0,0.9996706,1.0
1.0,0.9963553,1.0
0.0,0.16489993,0.0
1.0,0.8404222,1.0
1.0,0.29149187,0.0
0.0,0.06408588,0.0
1.0,0.8736012,1.0
0.0,0.12104206,0.0
1.0,0.9850343,1.0
1.0,0.9916397,1.0
1.0,0.7394645,1.0
1.0,0.9746562,1.0
0.0,0.0935618,0.0
1.0,0.9977125,1.0
1.0,0.4349788,0.0
1.0,0.9828556,1.0
1.0,0.051184986,0.0
1.0,0.62864673,1.0
0.0,0.052476328,0.0
0.0,0.06747795,0.0
0.0,0.009336875,0.0
1.0,0.4791918,0.0
0.0,0.1441232,0.0
1.0,0.34852722,0.0
0.0,0.027527818,0.0
1.0,0.89414805,1.0
1.0,0.19560516,0.0
0.0,0.021280905,0.0
1.0,0.87003076,1.0
0.0,0.24877667,0.0
1.0,0.94316185,1.0
0.0,0.015971776,0.0
0.0,0.16066727,0.0
0.0,0.24668169,0.0
0.0,0.046289124,0.0
1.0,0.98235023,1.0
1.0,0.99786395,1.0
0.0,0.006207675,0.0
1.0,0.63530195,1.0
1.0,0.9687459,1.0
0.0,0.06865152,0.0
0.0,0.036889862,0.0
1.0,0.9580294,1.0
1.0,0.99923205,1.0
0.0,0.6971039,1.0
0.0,0.7450702,1.0
1.0,0.28357968,0.0
1.0,0.912681,1.0
1.0,0.7817074,1.0
1.0,0.5408155,1.0
1.0,0.9965463,1.0
0.0,0.5047673,1.0
0.0,0.68965095,1.0
0.0,0.6522133,1.0
1.0,0.43389902,0.0
0.0,0.28206575,0.0
1.0,0.9923308,1.0
1.0,0.99027866,1.0
1.0,0.49211246,0.0
0.0,0.051581394,0.0
1.0,0.77960765,1.0
0.0,0.060741294,0.0
0.0,0.0017132554,0.0
0.0,0.054975703,0.0
0.0,0.003451676,0.0
1.0,0.8647279,1.0
0.0,0.032594398,0.0
1.0,0.98224,1.0
1.0,0.7120923,1.0
0.0,0.072691776,0.0
1.0,0.9867618,1.0
0.0,0.23174548,0.0
1.0,0.32916036,0.0
0.0,0.07219625,0.0
1.0,0.997589,1.0
1.0,0.29392573,0.0
1.0,0.52994335,1.0
1.0,0.22605217,0.0
1.0,0.99823004,1.0
1.0,0.9120508,1.0
1.0,0.34716743,0.0
0.0,0.19618322,0.0
0.0,0.18118328,0.0
1.0,0.9645797,1.0
0.0,0.029020092,0.0
1.0,0.33345342,0.0
0.0,0.047621153,0.0
0.0,0.021510424,0.0
0.0,0.06789662,0.0
1.0,0.9997553,1.0
0.0,0.2868352,0.0
0.0,0.78357035,1.0
1.0,0.7198141,1.0
1.0,0.99253535,1.0
0.0,0.016599692,0.0
0.0,0.3941638,0.0
1.0,0.979452,1.0
0.0,0.16433819,0.0
0.0,0.02046952,0.0
0.0,0.25907454,0.0
1.0,0.9345251,1.0
1.0,0.66130763,1.0
0.0,0.0125948,0.0
1.0,0.8967097,1.0
1.0,0.9994998,1.0
0.0,0.6309824,1.0
0.0,0.10879253,0.0
0.0,0.03163739,0.0
0.0,0.0530179,0.0
0.0,0.0071776765,0.0
1.0,0.9992761,1.0
0.0,0.08664437,0.0
1.0,0.37955257,0.0
0.0,0.1636343,0.0
1.0,0.48698655,0.0
0.0,0.031036042,0.0
0.0,0.15184282,0.0
1.0,0.12640178,0.0
1.0,0.6497248,1.0
0.0,0.05483626,0.0
1.0,0.7265138,1.0
0.0,0.04047115,0.0
1.0,0.25653607,0.0
0.0,0.020794783,0.0
0.0,0.04055669,0.0
1.0,0.8674863,1.0
1.0,0.90561306,1.0
0.0,0.058337092,0.0
1.0,0.99958485,1.0
0.0,0.20822018,0.0
0.0,0.20089617,0.0
1.0,0.22358036,0.0
1.0,0.97787595,1.0
1.0,0.16608018,0.0
1.0,0.99673766,1.0
1.0,0.99104404,1.0
0.0,0.17735197,0.0
0.0,0.012365078,0.0
0.0,0.094336286,0.0
0.0,0.28245455,0.0
0.0,0.07358675,0.0
0.0,0.03026842,0.0
1.0,0.9637912,1.0
0.0,0.010625243,0.0
0.0,0.0485343,0.0
1.0,0.6619212,1.0
1.0,0.97458583,1.0
0.0,0.007443305,0.0
1.0,0.773603,1.0
1.0,0.9976278,1.0
1.0,0.9967012,1.0
0.0,0.009788641,0.0
0.0,0.051631663,0.0
1.0,0.996414,1.0
1.0,0.99772745,1.0
1.0,0.3459481,0.0
0.0,0.03701,0.0
0.0,0.022076316,0.0
0.0,0.003645152,0.0
0.0,0.06740858,0.0
0.0,0.1387997,0.0
0.0,0.015612854,0.0
1.0,0.8632915,1.0
1.0,0.9641249,1.0
0.0,0.22815977,0.0
1.0,0.44625968,0.0
1.0,0.94004214,1.0
0.0,0.123208694,0.0
1.0,0.9961572,1.0
1.0,0.9530313,1.0
0.0,0.27010325,0.0
0.0,0.13416661,0.0
0.0,0.10588188,0.0
0.0,0.071529575,0.0
1.0,0.4370968,0.0
0.0,0.3146147,0.0
1.0,0.71338505,1.0
1.0,0.97669536,1.0
0.0,0.26371747,0.0
1.0,0.78862286,1.0
1.0,0.999589,1.0
1.0,0.9629491,1.0
0.0,0.052779455,0.0
1.0,0.8202558,1.0
1.0,0.84659916,1.0
0.0,0.29412854,0.0
1.0,0.97280574,1.0
0.0,0.2995277,0.0
0.0,0.008411773,0.0
0.0,0.2681595,0.0
1.0,0.9397282,1.0
1.0,0.9907354,1.0
0.0,0.019444652,0.0
0.0,0.20708446,0.0
1.0,0.9437561,1.0
0.0,0.029416798,0.0
1.0,0.6857716,1.0
1.0,0.88086957,1.0
1.0,0.9730513,1.0
1.0,0.99958473,1.0
1.0,0.99751955,1.0
1.0,0.99181366,1.0
0.0,0.005881933,0.0
0.0,0.25685817,0.0
0.0,0.28243965,0.0
1.0,0.89510363,1.0
0.0,0.030708572,0.0
1.0,0.71372193,1.0
1.0,0.9991917,1.0
1.0,0.9827377,1.0
0.0,0.14610092,0.0
0.0,0.054555137,0.0
0.0,0.6402134,1.0
0.0,0.19652653,0.0
0.0,0.2096742,0.0
0.0,0.032278575,0.0
1.0,0.24211542,0.0
0.0,0.3827042,0.0
0.0,0.07923268,0.0
1.0,0.50951266,1.0
0.0,0.022338595,0.0
0.0,0.5662287,1.0
0.0,0.019082643,0.0
0.0,0.0013537336,0.0
1.0,0.27123114,0.0
0.0,0.0075706677,0.0
0.0,0.2467772,0.0
1.0,0.3372198,0.0
0.0,0.010401244,0.0
1.0,0.996232,1.0
1.0,0.82794714,1.0
0.0,0.053692456,0.0
1.0,0.98040706,1.0
0.0,0.007563842,0.0
0.0,0.30463758,0.0
0.0,0.04151329,0.0
1.0,0.9818365,1.0
1.0,0.6511493,1.0
0.0,0.09495058,0.0
0.0,0.050855823,0.0
0.0,0.1310915,0.0
0.0,0.5790557,1.0
1.0,0.9738799,1.0
0.0,0.03683867,0.0
0.0,0.512495,1.0
1.0,0.98223025,1.0
0.0,0.125391,0.0
0.0,0.39547786,0.0
1.0,0.52816856,1.0
1.0,0.97947973,1.0
1.0,0.77049536,1.0
1.0,0.92008114,1.0
0.0,0.024301218,0.0
0.0,0.12324322,0.0
1.0,0.9000432,1.0
1.0,0.9947127,1.0
1.0,0.9610244,1.0
1.0,0.99563193,1.0
1.0,0.90188617,1.0
1.0,0.77457446,1.0
0.0,0.21194471,0.0
0.0,0.2816122,0.0
0.0,0.0148767475,0.0
0.0,0.14357232,0.0
1.0,0.99530977,1.0
0.0,0.13894323,0.0
1.0,0.91109276,1.0
0.0,0.3128231,0.0
0.0,0.038951762,0.0
1.0,0.7211771,1.0
1.0,0.95596933,1.0
1.0,0.98420656,1.0
1.0,0.9985291,1.0
0.0,0.06880492,0.0
1.0,0.91382366,1.0
1.0,0.99751365,1.0
0.0,0.0061678723,0.0
0.0,0.050991457,0.0
1.0,0.999747,1.0
1.0,0.77215874,1.0
1.0,0.9988456,1.0
1.0,0.99819773,1.0
1.0,0.34161025,0.0
1.0,0.2726654,0.0
0.0,0.16806307,0.0
1.0,0.8942532,1.0
1.0,0.809159,1.0
0.0,0.34478948,0.0
0.0,0.15089142,0.0
1.0,0.9536328,1.0
1.0,0.98367256,1.0
1.0,0.9973884,1.0
1.0,0.49808702,0.0
1.0,0.991676,1.0
0.0,0.0030962464,0.0
0.0,0.197822,0.0
1.0,0.19761507,0.0
1.0,0.9811445,1.0
0.0,0.33943072,0.0
1.0,0.89663476,1.0
1.0,0.4391316,0.0
0.0,0.30979338,0.0
1.0,0.988736,1.0
0.0,0.26581112,0.0
1.0,0.2911878,0.0
1.0,0.68414265,1.0
1.0,0.7010319,1.0
1.0,0.9795829,1.0
0.0,0.34976152,0.0
0.0,0.14849438,0.0
0.0,0.3364509,0.0
0.0,0.2726601,0.0
0.0,0.021150585,0.0
1.0,0.99749327,1.0
0.0,0.06617148,0.0
1.0,0.97658783,1.0
0.0,0.06898508,0.0
0.0,0.15384664,0.0
1.0,0.6292392,1.0
0.0,0.14729205,0.0
0.0,0.33594403,0.0
0.0,0.1882274,0.0
0.0,0.19108586,0.0
1.0,0.7023071,1.0
0.0,0.23525867,0.0
0.0,0.040794324,0.0
0.0,0.006860746,0.0
0.0,0.59489536,1.0
1.0,0.18996686,0.0
1.0,0.28674352,0.0
1.0,0.1332294,0.0
1.0,0.9984316,1.0
0.0,0.008147239,0.0
0.0,0.05927621,0.0
0.0,0.13578597,0.0
0.0,0.26817247,0.0
1.0,0.40605816,0.0
0.0,0.022975262,0.0
0.0,0.003952626,0.0
1.0,0.23841088,0.0
1.0,0.17038393,0.0
1.0,0.4561331,0.0
0.0,0.007465843,0.0
0.0,0.09871873,0.0
1.0,0.97799003,1.0
1.0,0.9908935,1.0
0.0,0.015909847,0.0
0.0,0.38577273,0.0
0.0,0.9242557,1.0
1.0,0.91075903,1.0
1.0,0.7265955,1.0
0.0,0.14311668,0.0
0.0,0.24331467,0.0
1.0,0.54417145,1.0
0.0,0.15296109,0.0
0.0,0.056312203,0.0
0.0,0.071399,0.0
1.0,0.9786446,1.0
1.0,0.30783486,0.0
0.0,0.040342245,0.0
1.0,0.99263763,1.0
1.0,0.9985519,1.0
0.0,0.075488724,0.0
1.0,0.73522246,1.0
1.0,0.30122545,0.0
0.0,0.0056805685,0.0
0.0,0.87110955,1.0
1.0,0.99709046,1.0
0.0,0.36033276,0.0
1.0,0.9884487,1.0
0.0,0.05942325,0.0
0.0,0.09810463,0.0
0.0,0.04583484,0.0
1.0,0.054595288,0.0
0.0,0.11476962,0.0
1.0,0.9807463,1.0
0.0,0.47977474,0.0
1.0,0.54829997,1.0
1.0,0.989776,1.0
1.0,0.90738976,1.0
1.0,0.8443028,1.0
1.0,0.96743876,1.0
0.0,0.03810087,0.0
0.0,0.17240666,0.0
0.0,0.064175285,0.0
0.0,0.41060743,0.0
0.0,0.0050898166,0.0
1.0,0.99804085,1.0
1.0,0.9766525,1.0
1.0,0.9593524,1.0
0.0,0.13613977,0.0
1.0,0.99310136,1.0
1.0,0.98820657,1.0
0.0,0.05865618,0.0
1.0,0.847531,1.0
0.0,0.21705954,0.0
1.0,0.4939075,0.0
1.0,0.5463769,1.0
0.0,0.32539937,0.0
0.0,0.1448725,0.0
1.0,0.99371475,1.0
0.0,0.18057631,0.0
0.0,0.11576244,0.0
1.0,0.97389066,1.0
1.0,0.64003587,1.0
1.0,0.8203408,1.0
1.0,0.9285492,1.0
1.0,0.98050034,1.0
0.0,0.017082619,0.0
1.0,0.9513962,1.0
0.0,0.015548232,0.0
1.0,0.44590342,0.0
0.0,0.21588765,0.0
0.0,0.019364608,0.0
1.0,0.61600643,1.0
1.0,0.99881303,1.0
0.0,0.6107602,1.0
0.0,0.18302836,0.0
0.0,0.032306984,0.0
1.0,0.99839896,1.0
0.0,0.035377298,0.0
0.0,0.31469998,0.0
1.0,0.2507332,0.0
0.0,0.0038200896,0.0
0.0,0.004427216,0.0
0.0,0.07363705,0.0
0.0,0.19656853,0.0
0.0,0.00859919,0.0
1.0,0.9845035,1.0
0.0,0.13597989,0.0
1.0,0.09290501,0.0
0.0,0.3394979,0.0
0.0,0.09627168,0.0
0.0,0.15290932,0.0
0.0,0.28309885,0.0
1.0,0.8412349,1.0
0.0,0.18778506,0.0
0.0,0.5343501,1.0
1.0,0.9966534,1.0
0.0,0.62627184,1.0
1.0,0.77809393,1.0
1.0,0.8864134,1.0
1.0,0.85109377,1.0
1.0,0.9912895,1.0
0.0,0.46428162,0.0
1.0,0.9817407,1.0
0.0,0.15695636,0.0
0.0,0.18214238,0.0
1.0,0.9120049,1.0
1.0,0.6812778,1.0
0.0,0.14177762,0.0
0.0,0.4130868,0.0
0.0,0.2647743,0.0
0.0,0.21343604,0.0
1.0,0.25345144,0.0
1.0,0.69639635,1.0
0.0,0.037574515,0.0
1.0,0.6473645,1.0
0.0,0.13890241,0.0
0.0,0.05250562,0.0
0.0,0.029480143,0.0
1.0,0.6912962,1.0
0.0,0.18284237,0.0
0.0,0.014116831,0.0
1.0,0.61486936,1.0
1.0,0.87355393,1.0
1.0,0.5774769,1.0
1.0,0.99036837,1.0
0.0,0.27898076,0.0
1.0,0.9249932,1.0
0.0,0.28085268,0.0
1.0,0.80251604,1.0
1.0,0.9666689,1.0
0.0,0.08658595,0.0
0.0,0.04482987,0.0
0.0,0.23767737,0.0
0.0,0.19490866,0.0
1.0,0.9597572,1.0
1.0,0.9963678,1.0
1.0,0.9960412,1.0
0.0,0.1761387,0.0
0.0,0.005434082,0.0
0.0,0.24949454,0.0
1.0,0.9987649,1.0
1.0,0.80304766,1.0
1.0,0.9616531,1.0
0.0,0.14739701,0.0
1.0,0.5338867,1.0
0.0,0.15870164,0.0
0.0,0.011513857,0.0
0.0,0.43650103,0.0
0.0,0.08223448,0.0
0.0,0.0037309881,0.0
0.0,0.08209154,0.0
0.0,0.027996749,0.0
0.0,0.06676303,0.0
1.0,0.5462301,1.0
0.0,0.0124325175,0.0
0.0,0.1341279,0.0
1.0,0.99508023,1.0
1.0,0.9978807,1.0
0.0,0.13985048,0.0
0.0,0.0865336,0.0
0.0,0.05427212,0.0
1.0,0.88152206,1.0
0.0,0.006490619,0.0
0.0,0.018833054,0.0
0.0,0.0046324413,0.0
1.0,0.18563017,0.0
0.0,0.06457857,0.0
1.0,0.83844376,1.0
0.0,0.071089886,0.0
1.0,0.86989665,1.0
0.0,0.45384225,0.0
1.0,0.99799097,1.0
0.0,0.4176171,0.0
1.0,0.7871485,1.0
1.0,0.9962597,1.0
1.0,0.94444066,1.0
1.0,0.9717652,1.0
1.0,0.6077906,1.0
0.0,0.03287772,0.0
0.0,0.073041074,0.0
0.0,0.04521379,0.0
1.0,0.96001244,1.0
1.0,0.9501971,1.0
0.0,0.070166014,0.0
0.0,0.010224128,0.0
0.0,0.08206277,0.0
1.0,0.8251212,1.0
1.0,0.9811832,1.0
1.0,0.7886959,1.0
1.0,0.99929774,1.0
1.0,0.9855003,1.0
1.0,0.25106758,0.0
0.0,0.018594073,0.0
0.0,0.29519626,0.0
1.0,0.87800527,1.0
0.0,0.64776736,1.0
0.0,0.27583465,0.0
0.0,0.28376117,0.0
1.0,0.36075458,0.0
0.0,0.019245759,0.0
1.0,0.41500956,0.0
1.0,0.9912907,1.0
1.0,0.9837451,1.0
1.0,0.8880039,1.0
0.0,0.12728764,0.0
0.0,0.100742035,0.0
0.0,0.21474342,0.0
0.0,0.009359427,0.0
0.0,0.033109196,0.0
0.0,0.16030927,0.0
0.0,0.08374673,0.0
1.0,0.98033386,1.0
0.0,0.12910895,0.0
0.0,0.3775417,0.0
1.0,0.05145944,0.0
0.0,0.1089209,0.0
1.0,0.33074453,0.0
1.0,0.98453134,1.0
0.0,0.004748248,0.0
1.0,0.9717262,1.0
1.0,0.7292016,1.0
1.0,0.9421584,1.0
0.0,0.02031782,0.0
0.0,0.052657142,0.0
0.0,0.5506458,1.0
0.0,0.08640072,0.0
0.0,0.089779206,0.0
0.0,0.29422498,0.0
0.0,0.008960238,0.0
0.0,0.096812814,0.0
0.0,0.023048336,0.0
0.0,0.059068806,0.0
0.0,0.069120355,0.0
1.0,0.8578606,1.0
1.0,0.730463,1.0
1.0,0.92693007,1.0
0.0,0.17381106,0.0
1.0,0.61184186,1.0
1.0,0.91652435,1.0
0.0,0.022722114,0.0
1.0,0.9796308,1.0
1.0,0.99886334,1.0
0.0,0.03614911,0.0
1.0,0.52731013,1.0
1.0,0.2944319,0.0
0.0,0.010603565,0.0
0.0,0.030279484,0.0
1.0,0.2918385,0.0
0.0,0.020319795,0.0
1.0,0.8572395,1.0
0.0,0.012617783,0.0
0.0,0.011364216,0.0
1.0,0.91458726,1.0
1.0,0.99578685,1.0
1.0,0.9969733,1.0
0.0,0.01969445,0.0
0.0,0.025562517,0.0
1.0,0.87548083,1.0
0.0,0.27019805,0.0
1.0,0.9859161,1.0
1.0,0.88024795,1.0
1.0,0.88130045,1.0
1.0,0.9321533,1.0
0.0,0.14019752,0.0
0.0,0.11255286,0.0
1.0,0.5833269,1.0
1.0,0.3825091,0.0
0.0,0.016076596,0.0
0.0,0.16896783,0.0
0.0,0.084528506,0.0
1.0,0.99060327,1.0
0.0,0.058013465,0.0
1.0,0.31092346,0.0
0.0,0.017983684,0.0
0.0,0.016337981,0.0
0.0,0.050503504,0.0
0.0,0.15820199,0.0
0.0,0.0051616253,0.0
1.0,0.87373435,1.0
1.0,0.9993781,1.0
1.0,0.47808066,0.0
1.0,0.9073894,1.0
0.0,0.021047965,0.0
1.0,0.8988758,1.0
1.0,0.39534613,0.0
0.0,0.024719022,0.0
1.0,0.9821353,1.0
0.0,0.016029267,0.0
0.0,0.49677616,0.0
0.0,0.1152681,0.0
1.0,0.8592638,1.0
1.0,0.9932286,1.0
1.0,0.30357337,0.0
0.0,0.227609,0.0
1.0,0.85219043,1.0
1.0,0.26499236,0.0
0.0,0.10883811,0.0
0.0,0.030362304,0.0
0.0,0.16302425,0.0
0.0,0.008083925,0.0
0.0,0.25304112,0.0
0.0,0.08553749,0.0
0.0,0.0151389865,0.0
0.0,0.015469187,0.0
0.0,0.20161813,0.0
0.0,0.055130318,0.0
0.0,0.08315878,0.0
0.0,0.32791132,0.0
0.0,0.0012700725,0.0
1.0,0.6785143,1.0
0.0,0.016818281,0.0
0.0,0.06485914,0.0
1.0,0.89998645,1.0
0.0,0.0155903995,0.0
1.0,0.84926873,1.0
1.0,0.1364038,0.0
1.0,0.74864596,1.0
1.0,0.789853,1.0
0.0,0.03595478,0.0
1.0,0.96226007,1.0
1.0,0.5234152,1.0
0.0,0.035151605,0.0
1.0,0.98918533,1.0
1.0,0.9954554,1.0
1.0,0.9337109,1.0
1.0,0.7148744,1.0
0.0,0.00413196,0.0
0.0,0.22017565,0.0
0.0,0.13387349,0.0
1.0,0.60236806,1.0
1.0,0.9945663,1.0
0.0,0.042863034,0.0
1.0,0.8012458,1.0
0.0,0.0041978126,0.0
0.0,0.0900209,0.0
0.0,0.017795978,0.0
0.0,0.027709728,0.0
0.0,0.41216582,0.0
1.0,0.9564665,1.0
0.0,0.011322392,0.0
0.0,0.19947223,0.0
0.0,0.16556813,0.0
0.0,0.09519439,0.0
1.0,0.9861816,1.0
1.0,0.6517461,1.0
0.0,0.03608867,0.0
0.0,0.20288801,0.0
1.0,0.74425673,1.0
1.0,0.87695163,1.0
0.0,0.1933598,0.0
0.0,0.018182145,0.0
1.0,0.84451187,1.0
1.0,0.4801778,0.0
1.0,0.96165234,1.0
0.0,0.010966992,0.0
1.0,0.98931915,1.0
1.0,0.6194468,1.0
1.0,0.9306324,1.0
1.0,0.87857574,1.0
0.0,0.8626393,1.0
0.0,0.0051224967,0.0
0.0,0.0039127655,0.0
1.0,0.8354023,1.0
1.0,0.14025353,0.0
1.0,0.8725279,1.0
1.0,0.99646723,1.0
0.0,0.118581764,0.0
1.0,0.98444796,1.0
1.0,0.98470193,1.0
0.0,0.68617606,1.0
0.0,0.13981323,0.0
1.0,0.99941194,1.0
1.0,0.5161644,1.0
0.0,0.38287318,0.0
1.0,0.67064303,1.0
1.0,0.9978573,1.0
1.0,0.98232055,1.0
1.0,0.988897,1.0
0.0,0.04948467,0.0
1.0,0.59864885,1.0
0.0,0.008648297,0.0
0.0,0.19480987,0.0
1.0,0.6557212,1.0
0.0,0.10252671,0.0
1.0,0.99195886,1.0
0.0,0.16487995,0.0
0.0,0.05696612,0.0
1.0,0.22920263,0.0
0.0,0.024616478,0.0
0.0,0.15688169,0.0
0.0,0.21166006,0.0
1.0,0.3110105,0.0
1.0,0.98049533,1.0
1.0,0.99824774,1.0
0.0,0.19873396,0.0
0.0,0.49642164,0.0
1.0,0.70610386,1.0
0.0,0.27168447,0.0
1.0,0.7795969,1.0
1.0,0.77796924,1.0
1.0,0.8639,1.0
1.0,0.86940664,1.0
0.0,0.37928542,0.0
1.0,0.26150838,0.0
0.0,0.026935585,0.0
0.0,0.08786073,0.0
1.0,0.99670804,1.0
1.0,0.19415759,0.0
0.0,0.32492808,0.0
0.0,0.0057518114,0.0
0.0,0.042282756,0.0
0.0,0.039213616,0.0
0.0,0.32811704,0.0
1.0,0.9976044,1.0
0.0,0.046347577,0.0
1.0,0.9148921,1.0
0.0,0.28247336,0.0
0.0,0.3357082,0.0
0.0,0.050161332,0.0
0.0,0.25781658,0.0
1.0,0.95527077,1.0
1.0,0.97367555,1.0
0.0,0.05652677,0.0
0.0,0.033760283,0.0
1.0,0.99899215,1.0
1.0,0.97115785,1.0
0.0,0.0039406368,0.0
1.0,0.5183923,1.0
0.0,0.05067565,0.0
0.0,0.003938111,0.0
0.0,0.12052551,0.0
1.0,0.79536784,1.0
1.0,0.7276543,1.0
1.0,0.9963869,1.0
0.0,0.65875804,1.0
0.0,0.13973086,0.0
0.0,0.043247577,0.0
0.0,0.027856935,0.0
0.0,0.48493055,0.0
1.0,0.96230465,1.0
1.0,0.3607342,0.0
0.0,0.23696226,0.0
0.0,0.19607376,0.0
1.0,0.9996543,1.0
1.0,0.88030845,1.0
1.0,0.25404263,0.0
1.0,0.65711826,1.0
1.0,0.99316156,1.0
1.0,0.42296794,0.0
1.0,0.9396699,1.0
0.0,0.023956504,0.0
1.0,0.94847274,1.0
0.0,0.0360527,0.0
0.0,0.09052591,0.0
0.0,0.12367701,0.0
0.0,0.05511974,0.0
1.0,0.96116006,1.0
0.0,0.11712732,0.0
0.0,0.0017133646,0.0
1.0,0.93676573,1.0
0.0,0.017780716,0.0
0.0,0.44099367,0.0
0.0,0.03207945,0.0
0.0,0.006718313,0.0
0.0,0.025943263,0.0
0.0,0.031379618,0.0
0.0,0.06988633,0.0
0.0,0.3598885,0.0
0.0,0.19926903,0.0
0.0,0.4205247,0.0
1.0,0.87132514,1.0
0.0,0.4396452,0.0
1.0,0.24622084,0.0
0.0,0.04028229,0.0
0.0,0.100316554,0.0
0.0,0.008654211,0.0
0.0,0.22971836,0.0
0.0,0.049720712,0.0
1.0,0.9211539,1.0
1.0,0.719903,1.0
1.0,0.7531868,1.0
1.0,0.9063766,1.0
0.0,0.5145249,1.0
0.0,0.3219646,0.0
0.0,0.22002396,0.0
0.0,0.021056019,0.0
0.0,0.30351314,0.0
0.0,0.401065,0.0
1.0,0.5323156,1.0
0.0,0.2496329,0.0
0.0,0.006810066,0.0
0.0,0.0082223285,0.0
1.0,0.7053694,1.0
1.0,0.57163703,1.0
0.0,0.15468718,0.0
1.0,0.11678598,0.0
0.0,0.021578467,0.0
0.0,0.0032043073,0.0
1.0,0.5413581,1.0
0.0,0.06930373,0.0
0.0,0.30396876,0.0
0.0,0.2026004,0.0
0.0,0.28661618,0.0
0.0,0.07553519,0.0
0.0,0.014305817,0.0
0.0,0.6848145,1.0
0.0,0.07663007,0.0
0.0,0.034676336,0.0
1.0,0.9896383,1.0
1.0,0.5649474,1.0
1.0,0.08154328,0.0
1.0,0.391488,0.0
0.0,0.00808947,0.0
0.0,0.0035846874,0.0
1.0,0.63383245,1.0
1.0,0.77873975,1.0
0.0,0.26231167,0.0
0.0,0.06684017,0.0
1.0,0.8691304,1.0
0.0,0.24277431,0.0
1.0,0.44067758,0.0
1.0,0.8702382,1.0
0.0,0.4865188,0.0
1.0,0.98641634,1.0
0.0,0.76505816,1.0
0.0,0.6196455,1.0
0.0,0.026338752,0.0
1.0,0.7411535,1.0
1.0,0.7834752,1.0
1.0,0.99946636,1.0
1.0,0.9951633,1.0
0.0,0.23463984,0.0
0.0,0.098384604,0.0
1.0,0.9963115,1.0
0.0,0.024425818,0.0
1.0,0.9974953,1.0
1.0,0.99899775,1.0
1.0,0.84258807,1.0
0.0,0.35830623,0.0
0.0,0.043650184,0.0
0.0,0.9916768,1.0
1.0,0.64516145,1.0
0.0,0.66788405,1.0
0.0,0.021012478,0.0
1.0,0.998309,1.0
0.0,0.19116493,0.0
1.0,0.9972607,1.0
1.0,0.24525622,0.0
0.0,0.12101887,0.0
0.0,0.019129394,0.0
1.0,0.79865694,1.0
0.0,0.35095653,0.0
0.0,0.723137,1.0
0.0,0.11410863,0.0
1.0,0.99363554,1.0
0.0,0.146665,0.0
1.0,0.95608723,1.0
0.0,0.020486211,0.0
1.0,0.5851852,1.0
0.0,0.3798442,0.0
0.0,0.022722393,0.0
1.0,0.96111697,1.0
1.0,0.6378585,1.0
1.0,0.9895281,1.0
1.0,0.9855356,1.0
1.0,0.6719487,1.0
1.0,0.32265824,0.0
0.0,0.40799487,0.0
0.0,0.012262373,0.0
0.0,0.04437652,0.0
0.0,0.059427157,0.0
0.0,0.11526732,0.0
1.0,0.8921003,1.0
0.0,0.009400211,0.0
0.0,0.046783466,0.0
0.0,0.023654096,0.0
1.0,0.48763362,0.0
0.0,0.030179549,0.0
1.0,0.4950785,0.0
1.0,0.79983747,1.0
1.0,0.9952035,1.0
1.0,0.59263307,1.0
0.0,0.34186852,0.0
0.0,0.100815386,0.0
1.0,0.9853147,1.0
0.0,0.52996105,1.0
0.0,0.37954432,0.0
0.0,0.32700625,0.0
0.0,0.74499995,1.0
1.0,0.4863676,0.0
1.0,0.8997549,1.0
0.0,0.3710179,0.0
0.0,0.06546397,0.0
1.0,0.987022,1.0
0.0,0.328414,0.0
0.0,0.49368158,0.0
1.0,0.34974352,0.0
1.0,0.13079567,0.0
0.0,0.040782712,0.0
1.0,0.88958323,1.0
0.0,0.08057116,0.0
0.0,0.16318673,0.0
0.0,0.07983409,0.0
1.0,0.10672414,0.0
0.0,0.0698049,0.0
1.0,0.6127912,1.0
1.0,0.6379347,1.0
1.0,0.8650354,1.0
1.0,0.9881412,1.0
0.0,0.38448024,0.0
0.0,0.019072467,0.0
1.0,0.810598,1.0
0.0,0.2603518,0.0
0.0,0.036908507,0.0
0.0,0.12768094,0.0
1.0,0.6728464,1.0
0.0,0.2635042,0.0
1.0,0.99466985,1.0
0.0,0.049379632,0.0
1.0,0.5230178,1.0
1.0,0.96285284,1.0
0.0,0.06503012,0.0
0.0,0.029227892,0.0
0.0,0.011694872,0.0
1.0,0.9891691,1.0
0.0,0.038095098,0.0
0.0,0.036451478,0.0
0.0,0.004977903,0.0
0.0,0.16308543,0.0
1.0,0.9851194,1.0
0.0,0.27048743,0.0
1.0,0.9980106,1.0
0.0,0.008851704,0.0
0.0,0.036380377,0.0
1.0,0.8781411,1.0
0.0,0.10140094,0.0
0.0,0.06813682,0.0
0.0,0.034868643,0.0
1.0,0.840192,1.0
0.0,0.002152147,0.0
0.0,0.11853149,0.0
1.0,0.99223715,1.0
0.0,0.0010417616,0.0
1.0,0.7871349,1.0
1.0,0.86205435,1.0
0.0,0.13191721,0.0
1.0,0.15628767,0.0
0.0,0.008217112,0.0
1.0,0.13247843,0.0
1.0,0.9858586,1.0
0.0,0.17302582,0.0
1.0,0.9833847,1.0
1.0,0.9168773,1.0
1.0,0.32948667,0.0
0.0,0.39315882,0.0
0.0,0.80767447,1.0
1.0,0.7587206,1.0
0.0,0.004759187,0.0
0.0,0.004836602,0.0
1.0,0.891049,1.0
1.0,0.64675504,1.0
1.0,0.8382482,1.0
0.0,0.32452875,0.0
1.0,0.42697123,0.0
0.0,0.07485215,0.0
1.0,0.5563666,1.0
0.0,0.19058852,0.0
1.0,0.97295773,1.0
1.0,0.45935374,0.0
1.0,0.9995819,1.0
0.0,0.06488849,0.0
0.0,0.10272801,0.0
1.0,0.8720518,1.0
0.0,0.058217682,0.0
0.0,0.07244496,0.0
0.0,0.78620136,1.0
0.0,0.49493596,0.0
0.0,0.030955205,0.0
0.0,0.065696396,0.0
1.0,0.96993077,1.0
1.0,0.934227,1.0
0.0,0.13663368,0.0
0.0,0.38235447,0.0
0.0,0.3312044,0.0
1.0,0.99450016,1.0
0.0,0.067826144,0.0
0.0,0.8172664,1.0
1.0,0.50749516,1.0
0.0,0.103672564,0.0
1.0,0.4160109,0.0
0.0,0.23795053,0.0
1.0,0.9666808,1.0
0.0,0.6069092,1.0
0.0,0.21023545,0.0
1.0,0.20222639,0.0
0.0,0.009804728,0.0
0.0,0.24325977,0.0
0.0,0.049687184,0.0
1.0,0.14333007,0.0
0.0,0.23538238,0.0
0.0,0.17943989,0.0
0.0,0.03498896,0.0
0.0,0.18493967,0.0
0.0,0.047965225,0.0
0.0,0.034388214,0.0
0.0,0.010108783,0.0
0.0,0.07069436,0.0
1.0,0.8133613,1.0
1.0,0.98577696,1.0
1.0,0.991968,1.0
0.0,0.0010079603,0.0
0.0,0.8352842,1.0
1.0,0.8262503,1.0
1.0,0.9703601,1.0
1.0,0.999526,1.0
0.0,0.018038915,0.0
1.0,0.40910628,0.0
1.0,0.9873159,1.0
0.0,0.25930962,0.0
1.0,0.87185585,1.0
1.0,0.77119833,1.0
1.0,0.6490322,1.0
1.0,0.51121515,1.0
0.0,0.15756981,0.0
1.0,0.29931182,0.0
1.0,0.47648695,0.0
0.0,0.082034215,0.0
0.0,0.03452616,0.0
0.0,0.20336919,0.0
1.0,0.99866927,1.0
1.0,0.39823818,0.0
1.0,0.9235407,1.0
0.0,0.09524397,0.0
1.0,0.99500304,1.0
1.0,0.43876028,0.0
0.0,0.4641219,0.0
1.0,0.55653876,1.0
1.0,0.9472016,1.0
0.0,0.4148294,0.0
0.0,0.0031965587,0.0
0.0,0.10191027,0.0
0.0,0.085965626,0.0
1.0,0.43017682,0.0
1.0,0.99901175,1.0
1.0,0.8669835,1.0
1.0,0.84351534,1.0
0.0,0.22016323,0.0
0.0,0.023858665,0.0
0.0,0.2275635,0.0
1.0,0.9980908,1.0
0.0,0.054771308,0.0
1.0,0.9980532,1.0
0.0,0.26251,0.0
1.0,0.3198665,0.0
1.0,0.33714125,0.0
0.0,0.018174073,0.0
0.0,0.03391394,0.0
0.0,0.01730839,0.0
1.0,0.96024024,1.0
1.0,0.9723727,1.0
0.0,0.22563507,0.0
1.0,0.8378588,1.0
0.0,0.16502696,0.0
0.0,0.062016577,0.0
1.0,0.97951347,1.0
1.0,0.84801084,1.0
0.0,0.11681959,0.0
1.0,0.99890566,1.0
1.0,0.5756474,1.0
0.0,0.8375617,1.0
0.0,0.2967288,0.0
1.0,0.9210488,1.0
1.0,0.99928576,1.0
0.0,0.6012924,1.0
0.0,0.0923863,0.0
0.0,0.26657256,0.0
0.0,0.21487026,0.0
0.0,0.39604402,0.0
0.0,0.015764883,0.0
0.0,0.18982947,0.0
1.0,0.73022556,1.0
0.0,0.09252614,0.0
1.0,0.99731916,1.0
0.0,0.033867087,0.0
0.0,0.0765125,0.0
1.0,0.86477953,1.0
0.0,0.03244118,0.0
1.0,0.7578117,1.0
1.0,0.976306,1.0
1.0,0.99099183,1.0
0.0,0.036326606,0.0
1.0,0.5898878,1.0
1.0,0.5754951,1.0
0.0,0.12949191,0.0
0.0,0.0317893,0.0
0.0,0.103398226,0.0
1.0,0.982275,1.0
0.0,0.030071883,0.0
0.0,0.114049986,0.0
0.0,0.27720013,0.0
1.0,0.47508353,0.0
1.0,0.37684807,0.0
0.0,0.017083308,0.0
1.0,0.9997526,1.0
1.0,0.9609276,1.0
1.0,0.683283,1.0
0.0,0.0665983,0.0
0.0,0.5746126,1.0
1.0,0.71698445,1.0
0.0,0.13195658,0.0
0.0,0.34644166,0.0
1.0,0.9687317,1.0
0.0,0.3530657,0.0
1.0,0.806789,1.0
1.0,0.9795434,1.0
1.0,0.9996605,1.0
1.0,0.9909864,1.0
0.0,0.22944918,0.0
0.0,0.0043876492,0.0
1.0,0.978332,1.0
1.0,0.96980536,1.0
1.0,0.98533845,1.0
0.0,0.5194521,1.0
0.0,0.3438344,0.0
1.0,0.9450646,1.0
1.0,0.99725336,1.0
0.0,0.116504535,0.0
0.0,0.18146977,0.0
1.0,0.87008214,1.0
1.0,0.9988483,1.0
1.0,0.70996815,1.0
0.0,0.0062235394,0.0
1.0,0.9771928,1.0
0.0,0.08038481,0.0
1.0,0.3722663,0.0
0.0,0.29095134,0.0
1.0,0.9820847,1.0
0.0,0.06521319,0.0
1.0,0.961702,1.0
1.0,0.9578362,1.0
0.0,0.021489212,0.0
0.0,0.09325898,0.0
0.0,0.018824484,0.0
0.0,0.040418778,0.0
1.0,0.89034677,1.0
0.0,0.014418862,0.0
1.0,0.46652612,0.0
0.0,0.26245457,0.0
1.0,0.72966623,1.0
1.0,0.93985647,1.0
0.0,0.0935489,0.0
1.0,0.9985411,1.0
1.0,0.99632853,1.0
0.0,0.031366482,0.0
1.0,0.96569735,1.0
1.0,0.9873559,1.0
0.0,0.25069425,0.0
1.0,0.94708914,1.0
0.0,0.090647236,0.0
0.0,0.10864827,0.0
0.0,0.99701107,1.0
1.0,0.6290163,1.0
1.0,0.9954586,1.0
0.0,0.036167413,0.0
0.0,0.17138852,0.0
0.0,0.15529418,0.0
1.0,0.9973459,1.0
1.0,0.17512836,0.0
1.0,0.9923056,1.0
1.0,0.9820827,1.0
0.0,0.010597988,0.0
1.0,0.99818146,1.0
1.0,0.9151342,1.0
1.0,0.99706525,1.0
0.0,0.13856155,0.0
1.0,0.89703745,1.0
0.0,0.33958215,0.0
1.0,0.97698885,1.0
0.0,0.01886846,0.0
0.0,0.060585078,0.0
0.0,0.10536242,0.0
0.0,0.31184733,0.0
0.0,0.207681,0.0
0.0,0.06812582,0.0
1.0,0.999303,1.0
1.0,0.5546263,1.0
0.0,0.21216404,0.0
1.0,0.6338323,1.0
1.0,0.94439846,1.0
1.0,0.99189657,1.0
0.0,0.07029206,0.0
0.0,0.5576596,1.0
0.0,0.017633878,0.0
1.0,0.96344405,1.0
0.0,0.01837796,0.0
1.0,0.74162936,1.0
1.0,0.9636531,1.0
1.0,0.9952832,1.0
1.0,0.9628471,1.0
0.0,0.0060831644,0.0
1.0,0.9976592,1.0
0.0,0.31726286,0.0
1.0,0.698314,1.0
0.0,0.062026158,0.0
1.0,0.98011416,1.0
1.0,0.36344805,0.0
0.0,0.068715364,0.0
1.0,0.7732559,1.0
1.0,0.60409045,1.0
0.0,0.010165147,0.0
0.0,0.06923706,0.0
1.0,0.8935968,1.0
1.0,0.9935134,1.0
0.0,0.07298052,0.0
1.0,0.99930596,1.0
0.0,0.0047658454,0.0
1.0,0.97256607,1.0
0.0,0.6974231,1.0
0.0,0.50143373,1.0
0.0,0.17970149,0.0
0.0,0.36163297,0.0
0.0,0.37536013,0.0
0.0,0.003455375,0.0
1.0,0.99219584,1.0
0.0,0.001234989,0.0
0.0,0.06795754,0.0
1.0,0.5082712,1.0
1.0,0.9994289,1.0
1.0,0.4758563,0.0
1.0,0.9995813,1.0
0.0,0.29398668,0.0
0.0,0.2135497,0.0
1.0,0.9977943,1.0
0.0,0.17956847,0.0
1.0,0.8295777,1.0
0.0,0.11310648,0.0
0.0,0.21297283,0.0
1.0,0.997619,1.0
1.0,0.9606268,1.0
1.0,0.9939237,1.0
1.0,0.14370169,0.0
1.0,0.7194028,1.0
0.0,0.065591685,0.0
0.0,0.020237135,0.0
1.0,0.99381,1.0
0.0,0.055379286,0.0
0.0,0.009972599,0.0
0.0,0.40817615,0.0
0.0,0.42197755,0.0
1.0,0.9834035,1.0
0.0,0.07963155,0.0
0.0,0.3187531,0.0
1.0,0.744898,1.0
1.0,0.11062508,0.0
1.0,0.9160115,1.0
1.0,0.99403137,1.0
1.0,0.9922915,1.0
0.0,0.0043012807,0.0
1.0,0.9993055,1.0
0.0,0.53265524,1.0
1.0,0.9184589,1.0
1.0,0.50716716,1.0
0.0,0.21231772,0.0
0.0,0.36657998,0.0
1.0,0.99772984,1.0
1.0,0.87521607,1.0
0.0,0.067096405,0.0
1.0,0.9137353,1.0
1.0,0.97746366,1.0
0.0,0.5282948,1.0
0.0,0.7899748,1.0
1.0,0.9769015,1.0
1.0,0.9421737,1.0
0.0,0.0353419,0.0
0.0,0.25769272,0.0
0.0,0.8932069,1.0
0.0,0.25227147,0.0
0.0,0.12783991,0.0
1.0,0.05967393,0.0
0.0,0.93917996,1.0
1.0,0.9260605,1.0
0.0,0.03697728,0.0
1.0,0.4903287,0.0
0.0,0.13106133,0.0
1.0,0.9866425,1.0
0.0,0.33574095,0.0
0.0,0.18018872,0.0
1.0,0.99569464,1.0
0.0,0.09076288,0.0
1.0,0.2912426,0.0
0.0,0.008916877,0.0
0.0,0.06463659,0.0
0.0,0.047858924,0.0
1.0,0.98847944,1.0
0.0,0.31411028,0.0
1.0,0.9894713,1.0
1.0,0.98872674,1.0
1.0,0.8981002,1.0
0.0,0.23308112,0.0
0.0,0.1421472,0.0
0.0,0.33184978,0.0
0.0,0.39640298,0.0
1.0,0.2577975,0.0
0.0,0.12876447,0.0
0.0,0.04997901,0.0
1.0,0.84142715,1.0
0.0,0.0047236457,0.0
1.0,0.99886644,1.0
1.0,0.9977264,1.0
1.0,0.8971733,1.0
0.0,0.016789937,0.0
1.0,0.97965676,1.0
0.0,0.12484891,0.0
0.0,0.029168759,0.0
0.0,0.19506124,0.0
0.0,0.52028614,1.0
0.0,0.06598119,0.0
0.0,0.06733833,0.0
1.0,0.54857117,1.0
0.0,0.003618464,0.0
0.0,0.2179554,0.0
0.0,0.020981558,0.0
1.0,0.85907257,1.0
1.0,0.5777864,1.0
1.0,0.9909456,1.0
1.0,0.759927,1.0
1.0,0.99902856,1.0
0.0,0.007401241,0.0
0.0,0.12105583,0.0
0.0,0.23496254,0.0
1.0,0.99644756,1.0
1.0,0.99353987,1.0
1.0,0.9996885,1.0
1.0,0.59134537,1.0
0.0,0.058076013,0.0
1.0,0.97839224,1.0
1.0,0.7344488,1.0
0.0,0.030315377,0.0
0.0,0.27448255,0.0
0.0,0.12167827,0.0
0.0,0.26699466,0.0
0.0,0.008523879,0.0
0.0,0.014354994,0.0
0.0,0.045929097,0.0
1.0,0.9854903,1.0
0.0,0.012741192,0.0
0.0,0.19855289,0.0
1.0,0.96943945,1.0
1.0,0.31172153,0.0
1.0,0.26331463,0.0
0.0,0.75493634,1.0
0.0,0.09249457,0.0
0.0,0.12660667,0.0
0.0,0.012364263,0.0
0.0,0.17436962,0.0
0.0,0.011112121,0.0
1.0,0.23506498,0.0
1.0,0.29404318,0.0
1.0,0.67171025,1.0
0.0,0.14863807,0.0
1.0,0.96447664,1.0
1.0,0.9944458,1.0
0.0,0.09115648,0.0
0.0,0.53036565,1.0
0.0,0.06432327,0.0
0.0,0.34427443,0.0
0.0,0.01316892,0.0
1.0,0.9974011,1.0
1.0,0.99786514,1.0
1.0,0.9809709,1.0
1.0,0.9298101,1.0
0.0,0.10249966,0.0
0.0,0.10690468,0.0
1.0,0.82576907,1.0
0.0,0.83520097,1.0
0.0,0.7656897,1.0
1.0,0.74789363,1.0
1.0,0.7278315,1.0
0.0,0.036228094,0.0
1.0,0.7026115,1.0
1.0,0.99789184,1.0
0.0,0.01636121,0.0
1.0,0.9998541,1.0
0.0,0.05616727,0.0
0.0,0.014232597,0.0
1.0,0.88218397,1.0
0.0,0.31170672,0.0
1.0,0.9982596,1.0
1.0,0.5295855,1.0
0.0,0.17165683,0.0
1.0,0.99036837,1.0
1.0,0.6723766,1.0
0.0,0.12584423,0.0
1.0,0.95700103,1.0
1.0,0.9591353,1.0
0.0,0.01169425,0.0
0.0,0.047899507,0.0
1.0,0.99086046,1.0
1.0,0.9619993,1.0
0.0,0.09682194,0.0
0.0,0.033813845,0.0
0.0,0.07231176,0.0
1.0,0.6807287,1.0
1.0,0.9051413,1.0
0.0,0.043118443,0.0
1.0,0.92997015,1.0
0.0,0.011254425,0.0
1.0,0.9961534,1.0
1.0,0.3963491,0.0
0.0,0.077444784,0.0
0.0,0.11567002,0.0
0.0,0.19533625,0.0
1.0,0.9476659,1.0
0.0,0.4298866,0.0
0.0,0.020724162,0.0
0.0,0.07201636,0.0
0.0,0.16473976,0.0
1.0,0.95556915,1.0
0.0,0.1263038,0.0
0.0,0.18287195,0.0
1.0,0.9990422,1.0
0.0,0.05755386,0.0
1.0,0.9951261,1.0
0.0,0.08275744,0.0
1.0,0.8512524,1.0
0.0,0.078598015,0.0
0.0,0.0042891325,0.0
0.0,0.057011258,0.0
0.0,0.05932899,0.0
1.0,0.43759286,0.0
0.0,0.2667126,0.0
0.0,0.52233416,1.0
1.0,0.5974045,1.0
0.0,0.0030663104,0.0
1.0,0.4466637,0.0
1.0,0.9019869,1.0
1.0,0.21092615,0.0
1.0,0.50432074,1.0
0.0,0.13037346,0.0
0.0,0.66009295,1.0
0.0,0.32658973,0.0
0.0,0.16578889,0.0
0.0,0.091279514,0.0
0.0,0.031387374,0.0
0.0,0.14383267,0.0
1.0,0.9328119,1.0
0.0,0.03374965,0.0
1.0,0.9922367,1.0
1.0,0.99765813,1.0
0.0,0.1112959,0.0
0.0,0.3107877,0.0
1.0,0.99630463,1.0
1.0,0.9376429,1.0
0.0,0.21651928,0.0
0.0,0.7896416,1.0
0.0,0.29190806,0.0
1.0,0.3502652,0.0
1.0,0.9074184,1.0
1.0,0.19199868,0.0
1.0,0.85910934,1.0
0.0,0.0010855544,0.0
0.0,0.4587603,0.0
0.0,0.090612784,0.0
1.0,0.39376608,0.0
1.0,0.47385374,0.0
0.0,0.15447608,0.0
1.0,0.937685,1.0
1.0,0.9431165,1.0
0.0,0.0787301,0.0
0.0,0.14507197,0.0
1.0,0.8391668,1.0
0.0,0.07577168,0.0
0.0,0.23614311,0.0
0.0,0.0031858496,0.0
0.0,0.00885009,0.0
1.0,0.9798354,1.0
1.0,0.999253,1.0
0.0,0.04638479,0.0
0.0,0.104310095,0.0
1.0,0.56194174,1.0
1.0,0.7984981,1.0
1.0,0.30713606,0.0
1.0,0.9957883,1.0
1.0,0.95085937,1.0
1.0,0.20298031,0.0
0.0,0.09438936,0.0
0.0,0.011988414,0.0
1.0,0.99618846,1.0
1.0,0.1682095,0.0
1.0,0.97880405,1.0
0.0,0.09140422,0.0
0.0,0.9518278,1.0
0.0,0.40857998,0.0
0.0,0.06324192,0.0
0.0,0.09715333,0.0
1.0,0.6240866,1.0
1.0,0.8631563,1.0
0.0,0.09389665,0.0
0.0,0.2904111,0.0
1.0,0.9974654,1.0
0.0,0.15749718,0.0
1.0,0.685369,1.0
0.0,0.00856328,0.0
1.0,0.67874694,1.0
0.0,0.47729883,0.0
0.0,0.02476047,0.0
0.0,0.022058506,0.0
1.0,0.9990706,1.0
0.0,0.0026428627,0.0
1.0,0.9983682,1.0
0.0,0.23783837,0.0
1.0,0.78182125,1.0
0.0,0.033412956,0.0
0.0,0.037393034,0.0
0.0,0.0025199424,0.0
0.0,0.7387725,1.0
1.0,0.7676757,1.0
0.0,0.22975962,0.0
0.0,0.4960162,0.0
1.0,0.99786264,1.0
1.0,0.16598973,0.0
0.0,0.027702624,0.0
1.0,0.9981665,1.0
1.0,0.43332246,0.0
0.0,0.067311294,0.0
1.0,0.95428467,1.0
1.0,0.4890296,0.0
0.0,0.03526857,0.0
1.0,0.9998584,1.0
1.0,0.9969528,1.0
1.0,0.9776409,1.0
0.0,0.13013665,0.0
0.0,0.009839348,0.0
1.0,0.37965983,0.0
0.0,0.18453062,0.0
1.0,0.87490654,1.0
0.0,0.15584967,0.0
0.0,0.06735906,0.0
0.0,0.031614177,0.0
0.0,0.10198591,0.0
0.0,0.0034857094,0.0
1.0,0.954145,1.0
1.0,0.9941239,1.0
1.0,0.9757858,1.0
0.0,0.03397636,0.0
1.0,0.30277312,0.0
1.0,0.90645486,1.0
1.0,0.94077474,1.0
0.0,0.5371118,1.0
1.0,0.8716672,1.0
0.0,0.22466917,0.0
0.0,0.102213606,0.0
1.0,0.998293,1.0
1.0,0.93594974,1.0
0.0,0.44582444,0.0
1.0,0.5551613,1.0
1.0,0.9926928,1.0
0.0,0.05385015,0.0
0.0,0.75197893,1.0
0.0,0.019987049,0.0
1.0,0.98912305,1.0
1.0,0.982862,1.0
1.0,0.106707044,0.0
1.0,0.9939564,1.0
1.0,0.8984011,1.0
0.0,0.026528312,0.0
0.0,0.045986645,0.0
1.0,0.99408627,1.0
1.0,0.3294976,0.0
1.0,0.89161354,1.0
0.0,0.194605,0.0
0.0,0.06641968,0.0
0.0,0.5421785,1.0
0.0,0.36911404,0.0
0.0,0.68349826,1.0
1.0,0.97063285,1.0
0.0,0.009060528,0.0
0.0,0.14009829,0.0
0.0,0.011706308,0.0
0.0,0.005737568,0.0
1.0,0.87224346,1.0
1.0,0.9977724,1.0
1.0,0.8249733,1.0
0.0,0.042236306,0.0
0.0,0.1692589,0.0
1.0,0.9914484,1.0
0.0,0.03302358,0.0
1.0,0.9924563,1.0
0.0,0.034108784,0.0
0.0,0.058616713,0.0
1.0,0.6714483,1.0
1.0,0.9504121,1.0
0.0,0.22016042,0.0
1.0,0.9888204,1.0
1.0,0.61931133,1.0
0.0,0.03801925,0.0
1.0,0.9981823,1.0
1.0,0.9951402,1.0
1.0,0.93249196,1.0
0.0,0.04457304,0.0
0.0,0.38478592,0.0
1.0,0.84062916,1.0
1.0,0.9934058,1.0
0.0,0.0068959305,0.0
0.0,0.032762635,0.0
0.0,0.39888412,0.0
0.0,0.04529347,0.0
0.0,0.4302244,0.0
0.0,0.020460468,0.0
0.0,0.3468851,0.0
0.0,0.021110397,0.0
1.0,0.62091017,1.0
1.0,0.6116695,1.0
0.0,0.36169335,0.0
1.0,0.5199605,1.0
1.0,0.4843281,0.0
0.0,0.42536294,0.0
1.0,0.86067027,1.0
1.0,0.97666603,1.0
1.0,0.9634646,1.0
0.0,0.4868328,0.0
0.0,0.18518762,0.0
0.0,0.18534113,0.0
0.0,0.07856771,0.0
1.0,0.68047756,1.0
0.0,0.05135224,0.0
0.0,0.41316158,0.0
0.0,0.2027591,0.0
0.0,0.3335375,0.0
1.0,0.7656921,1.0
1.0,0.6614166,1.0
1.0,0.37225875,0.0
0.0,0.24054703,0.0
0.0,0.25059807,0.0
0.0,0.003860916,0.0
0.0,0.07463026,0.0
0.0,0.036874708,0.0
0.0,0.729064,1.0
1.0,0.98626524,1.0
0.0,0.33812708,0.0
0.0,0.407441,0.0
0.0,0.30023983,0.0
1.0,0.99261236,1.0
1.0,0.8857437,1.0
0.0,0.15181413,0.0
1.0,0.998487,1.0
1.0,0.771957,1.0
1.0,0.39528036,0.0
0.0,0.00940546,0.0
1.0,0.99838233,1.0
1.0,0.9994861,1.0
1.0,0.70777464,1.0
1.0,0.9969561,1.0
1.0,0.73343843,1.0
1.0,0.99723333,1.0
1.0,0.98805785,1.0
1.0,0.8782312,1.0
1.0,0.9501883,1.0
1.0,0.98294455,1.0
1.0,0.26984107,0.0
1.0,0.9974879,1.0
0.0,0.6552785,1.0
1.0,0.45017186,0.0
0.0,0.43246686,0.0
1.0,0.9791182,1.0
0.0,0.41238192,0.0
1.0,0.9789433,1.0
0.0,0.7578507,1.0
0.0,0.011037847,0.0
0.0,0.19275044,0.0
1.0,0.99660146,1.0
1.0,0.9792143,1.0
0.0,0.0010315389,0.0
1.0,0.99034226,1.0
1.0,0.9913601,1.0
1.0,0.9446218,1.0
1.0,0.3451054,0.0
0.0,0.36921918,0.0
0.0,0.9098227,1.0
0.0,0.17674142,0.0
0.0,0.0015435214,0.0
0.0,0.08230491,0.0
1.0,0.9751834,1.0
0.0,0.2018471,0.0
1.0,0.99811506,1.0
0.0,0.039611224,0.0
0.0,0.03510164,0.0
0.0,0.018463016,0.0
1.0,0.7953578,1.0
0.0,0.3478254,0.0
1.0,0.93075645,1.0
0.0,0.02016656,0.0
0.0,0.04232526,0.0
0.0,0.0066602784,0.0
1.0,0.72796714,1.0
1.0,0.79986995,1.0
0.0,0.12887937,0.0
0.0,0.024916684,0.0
0.0,0.052919265,0.0
0.0,0.024587685,0.0
1.0,0.99616677,1.0
1.0,0.9994708,1.0
1.0,0.89830834,1.0
1.0,0.99889475,1.0
0.0,0.20095402,0.0
0.0,0.03251247,0.0
0.0,0.031162815,0.0
1.0,0.98655987,1.0
1.0,0.99518764,1.0
0.0,0.52820826,1.0
1.0,0.74536675,1.0
0.0,0.72432154,1.0
1.0,0.9916549,1.0
1.0,0.9908721,1.0
0.0,0.14603083,0.0
1.0,0.4275788,0.0
1.0,0.39030907,0.0
1.0,0.9412498,1.0
1.0,0.94674283,1.0
0.0,0.5839199,1.0
0.0,0.020815546,0.0
1.0,0.36631662,0.0
0.0,0.025585374,0.0
1.0,0.8383832,1.0
0.0,0.02976395,0.0
1.0,0.7137695,1.0
1.0,0.6241537,1.0
1.0,0.9762901,1.0
0.0,0.07601221,0.0
0.0,0.014887121,0.0
1.0,0.9169083,1.0
0.0,0.027520148,0.0
1.0,0.8645261,1.0
1.0,0.7206042,1.0
1.0,0.7795933,1.0
0.0,0.085144125,0.0
0.0,0.15203965,0.0
0.0,0.0069491114,0.0
0.0,0.016628252,0.0
1.0,0.38078976,0.0
0.0,0.007838745,0.0
0.0,0.03144065,0.0
0.0,0.00636323,0.0
0.0,0.0118479105,0.0
0.0,0.16055056,0.0
0.0,0.0031002553,0.0
0.0,0.03620761,0.0
0.0,0.47301635,0.0
1.0,0.9923207,1.0
0.0,0.18009055,0.0
0.0,0.6067626,1.0
1.0,0.9429792,1.0
0.0,0.7270276,1.0
0.0,0.35440263,0.0
1.0,0.5351288,1.0
1.0,0.6039228,1.0
0.0,0.13724045,0.0
0.0,0.19808458,0.0
1.0,0.9582355,1.0
0.0,0.29478824,0.0
1.0,0.5988497,1.0
0.0,0.030473849,0.0
1.0,0.6731755,1.0
1.0,0.994117,1.0
1.0,0.8980408,1.0
0.0,0.13282414,0.0
0.0,0.6611566,1.0
0.0,0.013686084,0.0
0.0,0.019524975,0.0
1.0,0.9358754,1.0
0.0,0.19546917,0.0
1.0,0.078023165,0.0
1.0,0.8518335,1.0
1.0,0.9977939,1.0
0.0,0.12704335,0.0
1.0,0.99862754,1.0
1.0,0.4955428,0.0
0.0,0.019326992,0.0
0.0,0.030050103,0.0
1.0,0.7679195,1.0
0.0,0.011023408,0.0
1.0,0.9589827,1.0
0.0,0.6341922,1.0
1.0,0.5811574,1.0
1.0,0.763103,1.0
1.0,0.60791737,1.0
1.0,0.37019557,0.0
1.0,0.7598586,1.0
1.0,0.9789352,1.0
1.0,0.9574609,1.0
1.0,0.8655174,1.0
1.0,0.4993142,0.0
1.0,0.9892532,1.0
1.0,0.9058806,1.0
1.0,0.95951116,1.0
1.0,0.8211235,1.0
0.0,0.02319394,0.0
0.0,0.14409554,0.0
0.0,0.01548888,0.0
1.0,0.47242463,0.0
0.0,0.74555594,1.0
0.0,0.024572572,0.0
0.0,0.061317496,0.0
0.0,0.096039064,0.0
0.0,0.05857475,0.0
1.0,0.9864696,1.0
1.0,0.79046714,1.0
1.0,0.9708655,1.0
0.0,0.4242552,0.0
0.0,0.10878797,0.0
1.0,0.25794715,0.0
0.0,0.051883545,0.0
0.0,0.009246951,0.0
0.0,0.7129618,1.0
0.0,0.20560515,0.0
0.0,0.032106373,0.0
0.0,0.21682897,0.0
0.0,0.04657147,0.0
1.0,0.66200393,1.0
0.0,0.20719823,0.0
1.0,0.9503532,1.0
0.0,0.10074549,0.0
1.0,0.9759961,1.0
1.0,0.9418809,1.0
0.0,0.03132912,0.0
1.0,0.99705505,1.0
1.0,0.98380995,1.0
0.0,0.1698195,0.0
0.0,0.08715542,0.0
1.0,0.6178349,1.0
1.0,0.36508647,0.0
1.0,0.86652064,1.0
1.0,0.9562606,1.0
1.0,0.28897312,0.0
0.0,0.008095866,0.0
0.0,0.045453873,0.0
1.0,0.98843503,1.0
0.0,0.13071814,0.0
1.0,0.75582975,1.0
1.0,0.27354902,0.0
0.0,0.24180815,0.0
0.0,0.22870976,0.0
0.0,0.538525,1.0
0.0,0.39510822,0.0
1.0,0.41210014,0.0
1.0,0.8150124,1.0
0.0,0.0038215055,0.0
0.0,0.005165493,0.0
0.0,0.0611188,0.0
0.0,0.029569807,0.0
1.0,0.99601066,1.0
1.0,0.8790176,1.0
0.0,0.07840537,0.0
0.0,0.23575309,0.0
1.0,0.98920166,1.0
0.0,0.4014935,0.0
1.0,0.9918051,1.0
0.0,0.046308033,0.0
0.0,0.11821631,0.0
1.0,0.96613276,1.0
0.0,0.39722815,0.0
0.0,0.1390369,0.0
1.0,0.7556088,1.0
0.0,0.07930121,0.0
0.0,0.042316463,0.0
0.0,0.1221715,0.0
1.0,0.7339776,1.0
0.0,0.3130684,0.0
1.0,0.9511113,1.0
1.0,0.28176874,0.0
1.0,0.37262562,0.0
0.0,0.0075245276,0.0
0.0,0.015544946,0.0
0.0,0.0025150832,0.0
1.0,0.9996107,1.0
0.0,0.0032379539,0.0
1.0,0.99916506,1.0
0.0,0.2590867,0.0
1.0,0.5784374,1.0
0.0,0.6373412,1.0
0.0,0.2881016,0.0
0.0,0.08955844,0.0
1.0,0.9963003,1.0
1.0,0.99734586,1.0
0.0,0.030368505,0.0
1.0,0.92516553,1.0
1.0,0.9412675,1.0
0.0,0.0018020029,0.0
0.0,0.19965419,0.0
0.0,0.32710606,0.0
1.0,0.19729163,0.0
1.0,0.81026995,1.0
0.0,0.004988533,0.0
0.0,0.0052731936,0.0
1.0,0.9302745,1.0
0.0,0.38297108,0.0
1.0,0.053471602,0.0
0.0,0.25904655,0.0
1.0,0.6297751,1.0
0.0,0.063205615,0.0
0.0,0.05019732,0.0
1.0,0.98088247,1.0
0.0,0.21019056,0.0
0.0,0.007843601,0.0
0.0,0.03190741,0.0
1.0,0.14548579,0.0
0.0,0.056602713,0.0
0.0,0.0031637452,0.0
1.0,0.9846288,1.0
1.0,0.37885344,0.0
0.0,0.104174055,0.0
1.0,0.6981436,1.0
1.0,0.63174933,1.0
0.0,0.04361993,0.0
0.0,0.36465892,0.0
1.0,0.3975783,0.0
0.0,0.16674158,0.0
0.0,0.19080998,0.0
0.0,0.024952816,0.0
1.0,0.8651748,1.0
0.0,0.0084267035,0.0
1.0,0.76221144,1.0
0.0,0.2666127,0.0
1.0,0.82134366,1.0
1.0,0.9766551,1.0
0.0,0.039683685,0.0
0.0,0.03919093,0.0
0.0,0.04845261,0.0
0.0,0.47026533,0.0
1.0,0.92277116,1.0
1.0,0.5778148,1.0
1.0,0.9960706,1.0
0.0,0.13543008,0.0
1.0,0.914886,1.0
1.0,0.97671,1.0
0.0,0.06869766,0.0
0.0,0.13338923,0.0
1.0,0.48906013,0.0
1.0,0.9867801,1.0
1.0,0.95970625,1.0
1.0,0.99909556,1.0
0.0,0.58553946,1.0
0.0,0.19844536,0.0
1.0,0.6605957,1.0
1.0,0.89320445,1.0
1.0,0.97026515,1.0
1.0,0.82623446,1.0
1.0,0.9994499,1.0
1.0,0.9951875,1.0
1.0,0.7038811,1.0
0.0,0.21604696,0.0
0.0,0.016520334,0.0
1.0,0.9945475,1.0
0.0,0.21440837,0.0
1.0,0.78732497,1.0
0.0,0.020153876,0.0
0.0,0.84549266,1.0
1.0,0.94351417,1.0
0.0,0.11269386,0.0
0.0,0.028931024,0.0
0.0,0.010184511,0.0
0.0,0.3620646,0.0
1.0,0.79897,1.0
1.0,0.9658382,1.0
1.0,0.9876946,1.0
1.0,0.3865512,0.0
0.0,0.11634442,0.0
0.0,0.008811683,0.0
0.0,0.43853912,0.0
1.0,0.9973677,1.0
0.0,0.22113883,0.0
0.0,0.72602147,1.0
0.0,0.08521082,0.0
0.0,0.048071638,0.0
0.0,0.3128064,0.0
1.0,0.99876356,1.0
1.0,0.5813868,1.0
1.0,0.86031145,1.0
0.0,0.032147244,0.0
0.0,0.6828695,1.0
1.0,0.9912951,1.0
0.0,0.06097233,0.0
0.0,0.049400654,0.0
1.0,0.7658314,1.0
0.0,0.26229614,0.0
0.0,0.38381547,0.0
1.0,0.86931276,1.0
1.0,0.7497702,1.0
0.0,0.40363875,0.0
1.0,0.9953732,1.0
1.0,0.9996177,1.0
0.0,0.52190286,1.0
1.0,0.7065485,1.0
0.0,0.009132595,0.0
1.0,0.89547294,1.0
1.0,0.89143527,1.0
1.0,0.025021834,0.0
1.0,0.7310679,1.0
0.0,0.40651023,0.0
0.0,0.026873333,0.0
0.0,0.08390604,0.0
0.0,0.64380187,1.0
1.0,0.95428467,1.0
0.0,0.85804117,1.0
1.0,0.98601574,1.0
1.0,0.66288894,1.0
0.0,0.0053543597,0.0
1.0,0.86803424,1.0
0.0,0.10201993,0.0
1.0,0.99502844,1.0
0.0,0.10466923,0.0
1.0,0.9956145,1.0
0.0,0.021436641,0.0
0.0,0.07637939,0.0
0.0,0.019447917,0.0
0.0,0.014249627,0.0
0.0,0.051325884,0.0
0.0,0.017156323,0.0
1.0,0.685205,1.0
1.0,0.64747494,1.0
1.0,0.99829024,1.0
0.0,0.08086179,0.0
0.0,0.09096532,0.0
1.0,0.51437145,1.0
1.0,0.11457055,0.0
0.0,0.11156092,0.0
0.0,0.104750946,0.0
0.0,0.22033472,0.0
1.0,0.64734304,1.0
0.0,0.0618347,0.0
1.0,0.791766,1.0
1.0,0.7659589,1.0
1.0,0.92998284,1.0
0.0,0.34486938,0.0
1.0,0.99799585,1.0
0.0,0.16858092,0.0
1.0,0.5819831,1.0
1.0,0.09066289,0.0
0.0,0.07580843,0.0
0.0,0.019217798,0.0
0.0,0.5008708,1.0
0.0,0.041818645,0.0
0.0,0.8199777,1.0
1.0,0.3968719,0.0
0.0,0.16738339,0.0
1.0,0.35722736,0.0
1.0,0.75652796,1.0
0.0,0.073626325,0.0
0.0,0.023599733,0.0
1.0,0.9748936,1.0
0.0,0.10452168,0.0
0.0,0.069734216,0.0
1.0,0.8555228,1.0
1.0,0.50868523,1.0
0.0,0.017683277,0.0
0.0,0.105643205,0.0
1.0,0.22173755,0.0
0.0,0.3248276,0.0
1.0,0.5759158,1.0
0.0,0.047905248,0.0
1.0,0.15175426,0.0
1.0,0.8751079,1.0
0.0,0.09606892,0.0
1.0,0.8396071,1.0
1.0,0.7469998,1.0
0.0,0.15864663,0.0
0.0,0.06939815,0.0
0.0,0.14514141,0.0
0.0,0.03709006,0.0
0.0,0.4055175,0.0
0.0,0.134441,0.0
1.0,0.99273914,1.0
0.0,0.1438442,0.0
1.0,0.98196745,1.0
0.0,0.050203856,0.0
1.0,0.5206409,1.0
1.0,0.98734206,1.0
1.0,0.8483993,1.0
1.0,0.9534586,1.0
0.0,0.007255936,0.0
1.0,0.9988944,1.0
0.0,0.0063250004,0.0
1.0,0.8701676,1.0
1.0,0.980666,1.0
0.0,0.14041916,0.0
1.0,0.7324223,1.0
0.0,0.062012695,0.0
1.0,0.97532916,1.0
0.0,0.031663544,0.0
1.0,0.96132493,1.0
1.0,0.91823614,1.0
1.0,0.84404886,1.0
1.0,0.14449891,0.0
1.0,0.58527446,1.0
0.0,0.061579075,0.0
1.0,0.61443263,1.0
0.0,0.012330675,0.0
1.0,0.9965425,1.0
1.0,0.067078516,0.0
0.0,0.8100213,1.0
1.0,0.93943924,1.0
1.0,0.97893447,1.0
1.0,0.6122912,1.0
1.0,0.90967745,1.0
0.0,0.2938717,0.0
0.0,0.37418482,0.0
1.0,0.59895176,1.0
0.0,0.054400027,0.0
0.0,0.016000722,0.0
1.0,0.92835146,1.0
1.0,0.9945688,1.0
1.0,0.35075203,0.0
1.0,0.99975604,1.0
1.0,0.6320976,1.0
1.0,0.9954071,1.0
0.0,0.31367493,0.0
0.0,0.037736107,0.0
0.0,0.5098569,1.0
0.0,0.23209499,0.0
1.0,0.7585367,1.0
1.0,0.98854196,1.0
1.0,0.6270138,1.0
0.0,0.41308784,0.0
1.0,0.9628788,1.0
0.0,0.081065506,0.0
1.0,0.68116504,1.0
0.0,0.05954005,0.0
1.0,0.79793245,1.0
1.0,0.9984908,1.0
0.0,0.03337004,0.0
1.0,0.24548835,0.0
0.0,0.04115264,0.0
1.0,0.3301175,0.0
0.0,0.039390486,0.0
0.0,0.3398577,0.0
0.0,0.0044066873,0.0
0.0,0.23812631,0.0
1.0,0.9227265,1.0
1.0,0.988368,1.0
1.0,0.9777093,1.0
0.0,0.03858695,0.0
1.0,0.827738,1.0
1.0,0.9983297,1.0
1.0,0.99780124,1.0
0.0,0.69886225,1.0
1.0,0.9523384,1.0
1.0,0.9398535,1.0
1.0,0.9872019,1.0
0.0,0.034001548,0.0
0.0,0.03413196,0.0
1.0,0.10048512,0.0
1.0,0.9804238,1.0
0.0,0.25592282,0.0
0.0,0.05072993,0.0
0.0,0.092473105,0.0
0.0,0.025259126,0.0
1.0,0.990625,1.0
0.0,0.47692794,0.0
1.0,0.99083567,1.0
0.0,0.47081834,0.0
1.0,0.8836787,1.0
1.0,0.8652378,1.0
0.0,0.11761619,0.0
0.0,0.08415401,0.0
0.0,0.28905258,0.0
1.0,0.5680605,1.0
0.0,0.006320543,0.0
1.0,0.9694699,1.0
0.0,0.100899726,0.0
0.0,0.026595168,0.0
0.0,0.17601927,0.0
0.0,0.2752487,0.0
1.0,0.44469994,0.0
1.0,0.9685334,1.0
0.0,0.19359967,0.0
1.0,0.43064553,0.0
1.0,0.48553464,0.0
1.0,0.9930252,1.0
1.0,0.8608253,1.0
0.0,0.55038667,1.0
1.0,0.99844736,1.0
1.0,0.9845902,1.0
0.0,0.0025753742,0.0
1.0,0.99120694,1.0
1.0,0.9714357,1.0
0.0,0.13417462,0.0
1.0,0.87705576,1.0
1.0,0.9643939,1.0
1.0,0.99328893,1.0
0.0,0.04936394,0.0
1.0,0.9976793,1.0
1.0,0.84748286,1.0
0.0,0.3766476,0.0
1.0,0.94987494,1.0
1.0,0.8295001,1.0
0.0,0.007900598,0.0
1.0,0.74179643,1.0
1.0,0.8409786,1.0
1.0,0.9887949,1.0
0.0,0.06904727,0.0
0.0,0.011557316,0.0
1.0,0.8223499,1.0
1.0,0.4676384,0.0
0.0,0.039347317,0.0
0.0,0.034787703,0.0
0.0,0.04951458,0.0
1.0,0.998638,1.0
0.0,0.73579997,1.0
1.0,0.8591061,1.0
0.0,0.09533176,0.0
1.0,0.94395757,1.0
1.0,0.25390616,0.0
0.0,0.4803221,0.0
1.0,0.53161,1.0
1.0,0.9575301,1.0
0.0,0.008450356,0.0
1.0,0.44238135,0.0
0.0,0.2007692,0.0
1.0,0.8568368,1.0
1.0,0.8434606,1.0
1.0,0.9788071,1.0
0.0,0.21354485,0.0
1.0,0.99442214,1.0
0.0,0.048055362,0.0
1.0,0.99561536,1.0
0.0,0.007932806,0.0
1.0,0.7266905,1.0
1.0,0.9803493,1.0
1.0,0.5053882,1.0
0.0,0.59525394,1.0
0.0,0.76477164,1.0
0.0,0.13383746,0.0
1.0,0.9946773,1.0
1.0,0.70452946,1.0
1.0,0.7859422,1.0
1.0,0.94546396,1.0
1.0,0.99897325,1.0
0.0,0.10173128,0.0
0.0,0.118101835,0.0
0.0,0.0007969019,0.0
1.0,0.976715,1.0
1.0,0.99953854,1.0
1.0,0.9112802,1.0
0.0,0.0105170505,0.0
1.0,0.99876225,1.0
1.0,0.9901286,1.0
1.0,0.89052504,1.0
0.0,0.022421228,0.0
1.0,0.58634883,1.0
1.0,0.68822247,1.0
0.0,0.053509396,0.0
1.0,0.99934417,1.0
1.0,0.8061838,1.0
1.0,0.37537244,0.0
1.0,0.9740528,1.0
1.0,0.9898179,1.0
1.0,0.97887176,1.0
0.0,0.1214621,0.0
1.0,0.8113342,1.0
0.0,0.07224463,0.0
1.0,0.77820545,1.0
1.0,0.7391274,1.0
0.0,0.21610644,0.0
1.0,0.9889577,1.0
0.0,0.14513655,0.0
0.0,0.50205904,1.0
0.0,0.0026578002,0.0
0.0,0.6070603,1.0
1.0,0.50809413,1.0
1.0,0.6725028,1.0
1.0,0.83610076,1.0
0.0,0.03163007,0.0
1.0,0.14816204,0.0
1.0,0.53432304,1.0
0.0,0.03750406,0.0
1.0,0.58235586,1.0
1.0,0.8660825,1.0
0.0,0.5713665,1.0
1.0,0.9974927,1.0
0.0,0.028227285,0.0
0.0,0.5256914,1.0
0.0,0.31223118,0.0
0.0,0.12496199,0.0
0.0,0.22574534,0.0
0.0,0.02196064,0.0
1.0,0.97884,1.0
1.0,0.9981883,1.0
0.0,0.017412372,0.0
0.0,0.2845219,0.0
1.0,0.7561596,1.0
1.0,0.9836541,1.0
1.0,0.41761827,0.0
0.0,0.20796725,0.0
1.0,0.85720176,1.0
0.0,0.22994377,0.0
0.0,0.28359756,0.0
1.0,0.32315975,0.0
0.0,0.08266633,0.0
0.0,0.7464111,1.0
1.0,0.47538838,0.0
0.0,0.067461655,0.0
1.0,0.33287272,0.0
0.0,0.005250183,0.0
0.0,0.06265936,0.0
0.0,0.37986144,0.0
1.0,0.13030893,0.0
1.0,0.9276343,1.0
0.0,0.033810988,0.0
1.0,0.40649956,0.0
1.0,0.9146725,1.0
1.0,0.9792691,1.0
0.0,0.011295106,0.0
1.0,0.9954613,1.0
1.0,0.9986772,1.0
1.0,0.04272267,0.0
0.0,0.6236827,1.0
1.0,0.542892,1.0
0.0,0.086772546,0.0
0.0,0.14045997,0.0
1.0,0.9896337,1.0
1.0,0.52426034,1.0
1.0,0.84402114,1.0
1.0,0.99786747,1.0
0.0,0.14019747,0.0
0.0,0.12896541,0.0
0.0,0.2810693,0.0
0.0,0.6325533,1.0
0.0,0.27017066,0.0
1.0,0.992218,1.0
0.0,0.028873347,0.0
1.0,0.8881939,1.0
1.0,0.74252605,1.0
1.0,0.65002775,1.0
1.0,0.29087073,0.0
1.0,0.99597615,1.0
1.0,0.9923879,1.0
0.0,0.017321551,0.0
0.0,0.014523152,0.0
1.0,0.63644284,1.0
1.0,0.99490523,1.0
0.0,0.30252036,0.0
0.0,0.060718235,0.0
1.0,0.9974565,1.0
0.0,0.0021291827,0.0
1.0,0.8734802,1.0
0.0,0.018559445,0.0
1.0,0.7893046,1.0
0.0,0.58086693,1.0
1.0,0.9559887,1.0
1.0,0.4338567,0.0
1.0,0.73214,1.0
0.0,0.03471065,0.0
0.0,0.018573595,0.0
0.0,0.11017634,0.0
0.0,0.027167425,0.0
0.0,0.0055434885,0.0
1.0,0.9888314,1.0
0.0,0.0812279,0.0
0.0,0.11332722,0.0
1.0,0.34788865,0.0
0.0,0.21690926,0.0
0.0,0.111675456,0.0
1.0,0.94443846,1.0
0.0,0.19911289,0.0
0.0,0.18022183,0.0
1.0,0.6606737,1.0
0.0,0.51818347,1.0
1.0,0.99836963,1.0
0.0,0.113168575,0.0
0.0,0.06003348,0.0
1.0,0.7483199,1.0
0.0,0.18267862,0.0
0.0,0.054722402,0.0
1.0,0.9115542,1.0
1.0,0.97712404,1.0
1.0,0.987914,1.0
1.0,0.9609011,1.0
1.0,0.95957196,1.0
1.0,0.49760813,0.0
1.0,0.9996049,1.0
0.0,0.4546704,0.0
0.0,0.291181,0.0
1.0,0.9989183,1.0
1.0,0.88246965,1.0
0.0,0.27635068,0.0
0.0,0.52838594,1.0
1.0,0.9797146,1.0
0.0,0.025401767,0.0
1.0,0.9990258,1.0
0.0,0.07726809,0.0
0.0,0.29326323,0.0
1.0,0.98586625,1.0
0.0,0.3208917,0.0
0.0,0.26273745,0.0
1.0,0.87671995,1.0
1.0,0.8809497,1.0
1.0,0.5948709,1.0
0.0,0.0665403,0.0
1.0,0.42901853,0.0
0.0,0.1067852,0.0
1.0,0.3517691,0.0
1.0,0.99749786,1.0
1.0,0.99698406,1.0
1.0,0.8641119,1.0
1.0,0.9333898,1.0
1.0,0.96866566,1.0
0.0,0.25071642,0.0
1.0,0.99843806,1.0
0.0,0.041988604,0.0
1.0,0.7922463,1.0
1.0,0.9239253,1.0
1.0,0.975001,1.0
1.0,0.6368131,1.0
0.0,0.26526663,0.0
0.0,0.18030228,0.0
1.0,0.7939315,1.0
0.0,0.02378759,0.0
0.0,0.18095334,0.0
0.0,0.24195938,0.0
0.0,0.006149255,0.0
1.0,0.75723696,1.0
1.0,0.73230577,1.0
0.0,0.15606178,0.0
0.0,0.45506874,0.0
1.0,0.73050153,1.0
0.0,0.34301278,0.0
1.0,0.87805426,1.0
1.0,0.6293483,1.0
1.0,0.9993352,1.0
1.0,0.9868553,1.0
1.0,0.9908915,1.0
0.0,0.5415293,1.0
0.0,0.16921361,0.0
0.0,0.39659593,0.0
0.0,0.16977262,0.0
0.0,0.04597633,0.0
0.0,0.31893295,0.0
0.0,0.06037394,0.0
0.0,0.63064426,1.0
0.0,0.17052874,0.0
1.0,0.9860838,1.0
1.0,0.4109781,0.0
1.0,0.99542964,1.0
1.0,0.53443635,1.0
0.0,0.101258,0.0
1.0,0.9938632,1.0
0.0,0.5133599,1.0
0.0,0.13079335,0.0
1.0,0.99892837,1.0
0.0,0.34522048,0.0
1.0,0.99647933,1.0
1.0,0.99564725,1.0
0.0,0.025975768,0.0
0.0,0.01644108,0.0
0.0,0.039604474,0.0
1.0,0.774441,1.0
0.0,0.030906232,0.0
1.0,0.9365826,1.0
0.0,0.018777212,0.0
0.0,0.005096178,0.0
0.0,0.109816596,0.0
1.0,0.9966266,1.0
0.0,0.0015663699,0.0
0.0,0.43724576,0.0
0.0,0.030039549,0.0
0.0,0.04184752,0.0
0.0,0.37312394,0.0
1.0,0.9963792,1.0
1.0,0.9988111,1.0
0.0,0.056447033,0.0
0.0,0.11490112,0.0
1.0,0.39092726,0.0
1.0,0.973117,1.0
1.0,0.69848514,1.0
1.0,0.869365,1.0
0.0,0.086114466,0.0
1.0,0.9854041,1.0
1.0,0.7952445,1.0
0.0,0.0010907562,0.0
0.0,0.20013899,0.0
1.0,0.96928215,1.0
0.0,0.28043154,0.0
0.0,0.2132125,0.0
0.0,0.69131446,1.0
0.0,0.09414034,0.0
0.0,0.07701768,0.0
0.0,0.5408066,1.0
0.0,0.0033553531,0.0
0.0,0.23817553,0.0
1.0,0.3936251,0.0
0.0,0.5173988,1.0
0.0,0.01135417,0.0
1.0,0.99020493,1.0
1.0,0.99953794,1.0
1.0,0.21397218,0.0
0.0,0.04914818,0.0
1.0,0.999074,1.0
1.0,0.99914896,1.0
1.0,0.36999044,0.0
1.0,0.96303743,1.0
0.0,0.65282804,1.0
1.0,0.9002002,1.0
0.0,0.19956459,0.0
0.0,0.008606812,0.0
1.0,0.99923885,1.0
1.0,0.9943153,1.0
1.0,0.96899664,1.0
0.0,0.0075455555,0.0
0.0,0.32758394,0.0
0.0,0.06323565,0.0
0.0,0.036062222,0.0
1.0,0.7237894,1.0
0.0,0.81349885,1.0
1.0,0.57085264,1.0
1.0,0.9420816,1.0
1.0,0.8932559,1.0
0.0,0.11378746,0.0
0.0,0.38918033,0.0
1.0,0.55041707,1.0
0.0,0.017831277,0.0
1.0,0.48271403,0.0
0.0,0.05076227,0.0
1.0,0.99126804,1.0
0.0,0.042272728,0.0
1.0,0.9987085,1.0
0.0,0.013279815,0.0
0.0,0.06873729,0.0
1.0,0.62513286,1.0
0.0,0.03312534,0.0
1.0,0.97344726,1.0
1.0,0.9662652,1.0
1.0,0.8059875,1.0
0.0,0.035424154,0.0
0.0,0.29797783,0.0
0.0,0.0078846365,0.0
1.0,0.9968315,1.0
1.0,0.8774357,1.0
0.0,0.14839098,0.0
0.0,0.022863943,0.0
1.0,0.30793396,0.0
0.0,0.28600243,0.0
0.0,0.13800026,0.0
1.0,0.40673384,0.0
0.0,0.13085964,0.0
0.0,0.66379035,1.0
1.0,0.74517953,1.0
0.0,0.042284273,0.0
1.0,0.99313885,1.0
0.0,0.0102441525,0.0
1.0,0.9175536,1.0
0.0,0.1765492,0.0
1.0,0.66839355,1.0
1.0,0.9189698,1.0
1.0,0.97925675,1.0
1.0,0.96716833,1.0
1.0,0.92522836,1.0
0.0,0.09344372,0.0
1.0,0.3530565,0.0
0.0,0.0699756,0.0
0.0,0.04157526,0.0
1.0,0.9811528,1.0
0.0,0.08694953,0.0
1.0,0.7670013,1.0
0.0,0.02875919,0.0
0.0,0.38760558,0.0
0.0,0.026588647,0.0
0.0,0.023442995,0.0
0.0,0.03979364,0.0
1.0,0.714616,1.0
1.0,0.98916477,1.0
0.0,0.4767013,0.0
1.0,0.86432093,1.0
0.0,0.116732515,0.0
0.0,0.09406126,0.0
1.0,0.85272413,1.0
0.0,0.6202819,1.0
1.0,0.9988746,1.0
0.0,0.20727403,0.0
1.0,0.5062189,1.0
1.0,0.8076462,1.0
1.0,0.99887687,1.0
0.0,0.04008277,0.0
0.0,0.067423776,0.0
1.0,0.8871055,1.0
1.0,0.970812,1.0
0.0,0.026936641,0.0
0.0,0.74086523,1.0
1.0,0.9565257,1.0
0.0,0.14693503,0.0
1.0,0.7168865,1.0
0.0,0.037636276,0.0
1.0,0.9994765,1.0
0.0,0.23382108,0.0
1.0,0.91047335,1.0
1.0,0.84967846,1.0
1.0,0.51264983,1.0
1.0,0.9025426,1.0
0.0,0.4225299,0.0
1.0,0.9991598,1.0
0.0,0.012212722,0.0
0.0,0.027420657,0.0
1.0,0.6205747,1.0
1.0,0.96247494,1.0
1.0,0.9381884,1.0
1.0,0.97667044,1.0
1.0,0.9410612,1.0
1.0,0.9967018,1.0
1.0,0.91343224,1.0
1.0,0.9614432,1.0
0.0,0.43133685,0.0
0.0,0.032590218,0.0
0.0,0.005005613,0.0
0.0,0.30250013,0.0
1.0,0.99370897,1.0
0.0,0.88014996,1.0
1.0,0.927563,1.0
0.0,0.0038791809,0.0
1.0,0.9971386,1.0
0.0,0.0037639188,0.0
0.0,0.53384167,1.0
1.0,0.79152584,1.0
1.0,0.9927302,1.0
1.0,0.4001464,0.0
1.0,0.981399,1.0
1.0,0.9857944,1.0
1.0,0.99819475,1.0
0.0,0.036270592,0.0
0.0,0.101668246,0.0
1.0,0.9309658,1.0
1.0,0.97152066,1.0
0.0,0.59773135,1.0
0.0,0.015844781,0.0
0.0,0.033768605,0.0
1.0,0.5127654,1.0
0.0,0.6956351,1.0
0.0,0.02004777,0.0
0.0,0.2232927,0.0
0.0,0.2909797,0.0
0.0,0.29818985,0.0
0.0,0.260095,0.0
1.0,0.9818942,1.0
1.0,0.7663314,1.0
1.0,0.9952721,1.0
0.0,0.49929675,0.0
0.0,0.0022754495,0.0
1.0,0.898433,1.0
0.0,0.011903627,0.0
0.0,0.053538766,0.0
0.0,0.18078424,0.0
0.0,0.04958219,0.0
1.0,0.7069976,1.0
1.0,0.94730055,1.0
0.0,0.038685728,0.0
1.0,0.38054004,0.0
0.0,0.2810993,0.0
1.0,0.47878882,0.0
0.0,0.046860717,0.0
1.0,0.76892984,1.0
0.0,0.26837873,0.0
0.0,0.022947608,0.0
1.0,0.99636227,1.0
0.0,0.026973505,0.0
0.0,0.011817162,0.0
0.0,0.07862146,0.0
0.0,0.4901268,0.0
1.0,0.5172128,1.0
0.0,0.031668708,0.0
1.0,0.9973213,1.0
1.0,0.82432455,1.0
1.0,0.16255088,0.0
1.0,0.75942683,1.0
0.0,0.7610147,1.0
0.0,0.13911179,0.0
0.0,0.4525961,0.0
0.0,0.023276629,0.0
1.0,0.9889654,1.0
1.0,0.7683045,1.0
1.0,0.99384034,1.0
1.0,0.88627106,1.0
1.0,0.31387785,0.0
0.0,0.4529485,0.0
1.0,0.9556961,1.0
0.0,0.71016484,1.0
1.0,0.92382216,1.0
1.0,0.75836253,1.0
1.0,0.9966599,1.0
0.0,0.36493593,0.0
1.0,0.99939966,1.0
1.0,0.98725706,1.0
1.0,0.6680184,1.0
1.0,0.41478083,0.0
0.0,0.55119,1.0
1.0,0.8408056,1.0
1.0,0.93995506,1.0
1.0,0.98835504,1.0
0.0,0.017514866,0.0
1.0,0.99036866,1.0
1.0,0.87856543,1.0
1.0,0.99814916,1.0
0.0,0.08463594,0.0
1.0,0.96418166,1.0
1.0,0.9111233,1.0
0.0,0.012961561,0.0
0.0,0.029135855,0.0
1.0,0.9976439,1.0
0.0,0.004435184,0.0
0.0,0.0840674,0.0
1.0,0.9921038,1.0
1.0,0.5368246,1.0
0.0,0.0437499,0.0
1.0,0.99034435,1.0
0.0,0.055725556,0.0
1.0,0.99128777,1.0
1.0,0.98563147,1.0
1.0,0.8834955,1.0
0.0,0.06883065,0.0
0.0,0.3453502,0.0
0.0,0.02648705,0.0
0.0,0.28871313,0.0
1.0,0.8576244,1.0
0.0,0.012089834,0.0
1.0,0.9958138,1.0
0.0,0.05339798,0.0
1.0,0.9989982,1.0
1.0,0.9980508,1.0
0.0,0.0017126707,0.0
0.0,0.015147294,0.0
0.0,0.29197115,0.0
1.0,0.87803024,1.0
1.0,0.9872487,1.0
1.0,0.0078447545,0.0
1.0,0.99661475,1.0
1.0,0.85167617,1.0
0.0,0.01588901,0.0
1.0,0.9985812,1.0
0.0,0.04942816,0.0
1.0,0.9785957,1.0
0.0,0.07892866,0.0
0.0,0.026812784,0.0
1.0,0.43375498,0.0
1.0,0.7574949,1.0
0.0,0.33465573,0.0
0.0,0.015002828,0.0
1.0,0.34593374,0.0
1.0,0.7735999,1.0
0.0,0.008711562,0.0
0.0,0.39827994,0.0
0.0,0.4940376,0.0
1.0,0.9782145,1.0
0.0,0.031780325,0.0
0.0,0.2822159,0.0
0.0,0.03813294,0.0
1.0,0.9974183,1.0
1.0,0.99960953,1.0
1.0,0.20383862,0.0
0.0,0.004441513,0.0
0.0,0.30267444,0.0
1.0,0.44204134,0.0
1.0,0.9987778,1.0
0.0,0.007400776,0.0
0.0,0.12856524,0.0
0.0,0.03304721,0.0
1.0,0.94961905,1.0
0.0,0.005817107,0.0
1.0,0.9986234,1.0
1.0,0.88304067,1.0
1.0,0.9985746,1.0
0.0,0.24644756,0.0
0.0,0.004217624,0.0
1.0,0.99869007,1.0
1.0,0.9461459,1.0
0.0,0.4226601,0.0
0.0,0.014463395,0.0
1.0,0.9941889,1.0
1.0,0.47527912,0.0
0.0,0.05253152,0.0
0.0,0.3255628,0.0
0.0,0.17223237,0.0
0.0,0.012840874,0.0
0.0,0.13984807,0.0
1.0,0.6303173,1.0
0.0,0.20392616,0.0
0.0,0.04179786,0.0
0.0,0.21172552,0.0
0.0,0.06208971,0.0
0.0,0.30657527,0.0
0.0,0.075046375,0.0
0.0,0.28039947,0.0
1.0,0.8266733,1.0
1.0,0.56383395,1.0
1.0,0.9925378,1.0
1.0,0.98223186,1.0
1.0,0.9881809,1.0
0.0,0.13672869,0.0
1.0,0.97764766,1.0
0.0,0.04117413,0.0
0.0,0.0063754427,0.0
0.0,0.03452544,0.0
0.0,0.008952238,0.0
0.0,0.5156792,1.0
0.0,0.20335846,0.0
1.0,0.6751926,1.0
1.0,0.9769891,1.0
0.0,0.3296149,0.0
1.0,0.9802305,1.0
0.0,0.060287215,0.0
0.0,0.073794045,0.0
0.0,0.24713622,0.0
0.0,0.006997809,0.0
0.0,0.06988662,0.0
1.0,0.95614195,1.0
1.0,0.9657616,1.0
1.0,0.8848987,1.0
1.0,0.9895014,1.0
1.0,0.093057506,0.0
0.0,0.14209056,0.0
0.0,0.47931352,0.0
1.0,0.9890736,1.0
0.0,0.0040385053,0.0
1.0,0.97649,1.0
1.0,0.8135952,1.0
1.0,0.7158775,1.0
1.0,0.97318333,1.0
1.0,0.92882144,1.0
0.0,0.0024935887,0.0
0.0,0.019573832,0.0
0.0,0.21832965,0.0
1.0,0.5129912,1.0
1.0,0.99963987,1.0
1.0,0.23330946,0.0
0.0,0.06831633,0.0
1.0,0.8970744,1.0
1.0,0.97991174,1.0
0.0,0.006694595,0.0
0.0,0.28521523,0.0
1.0,0.49296913,0.0
1.0,0.5384313,1.0
1.0,0.6868885,1.0
0.0,0.3260625,0.0
1.0,0.6294133,1.0
0.0,0.34525123,0.0
1.0,0.18979956,0.0
1.0,0.99766773,1.0
1.0,0.9979715,1.0
0.0,0.3418164,0.0
1.0,0.53728324,1.0
0.0,0.70081437,1.0
0.0,0.12524752,0.0
1.0,0.99955505,1.0
0.0,0.13738261,0.0
1.0,0.95198476,1.0
0.0,0.30821294,0.0
1.0,0.9960157,1.0
1.0,0.9905938,1.0
0.0,0.4366237,0.0
0.0,0.4894658,0.0
0.0,0.56659335,1.0
0.0,0.0057656234,0.0
1.0,0.9277437,1.0
1.0,0.88637465,1.0
0.0,0.068161696,0.0
1.0,0.97587264,1.0
1.0,0.66936445,1.0
1.0,0.63986915,1.0
0.0,0.021929746,0.0
1.0,0.83108765,1.0
0.0,0.33197093,0.0
0.0,0.012517702,0.0
0.0,0.13487189,0.0
0.0,0.2072104,0.0
0.0,0.037458327,0.0
1.0,0.4031147,0.0
0.0,0.62611586,1.0
1.0,0.98235875,1.0
0.0,0.010118989,0.0
0.0,0.20167339,0.0
1.0,0.99839777,1.0
0.0,0.004716726,0.0
1.0,0.1401702,0.0
1.0,0.9980849,1.0
1.0,0.99526644,1.0
1.0,0.99786085,1.0
0.0,0.0052789194,0.0
0.0,0.04555276,0.0
1.0,0.9626219,1.0
0.0,0.023004266,0.0
0.0,0.06340388,0.0
0.0,0.12794055,0.0
1.0,0.9846673,1.0
0.0,0.07403093,0.0
0.0,0.012612342,0.0
1.0,0.57077485,1.0
0.0,0.02305774,0.0
0.0,0.13407882,0.0
1.0,0.50007325,1.0
1.0,0.41000295,0.0
1.0,0.940891,1.0
1.0,0.99954504,1.0
0.0,0.015179195,0.0
1.0,0.6292956,1.0
1.0,0.9976399,1.0
1.0,0.74782056,1.0
0.0,0.34104067,0.0
0.0,0.8582115,1.0
0.0,0.19758703,0.0
0.0,0.06584391,0.0
0.0,0.12902844,0.0
1.0,0.21512353,0.0
1.0,0.94666386,1.0
1.0,0.99534,1.0
0.0,0.32001483,0.0
0.0,0.43903607,0.0
0.0,0.08535993,0.0
0.0,0.035856966,0.0
1.0,0.9807834,1.0
1.0,0.26056328,0.0
1.0,0.9521282,1.0
1.0,0.9069585,1.0
0.0,0.036272,0.0
0.0,0.0035233197,0.0
0.0,0.06796469,0.0
1.0,0.7760735,1.0
0.0,0.8081705,1.0
1.0,0.99470395,1.0
1.0,0.80637735,1.0
1.0,0.8529741,1.0
0.0,0.24566083,0.0
1.0,0.994559,1.0
0.0,0.06091513,0.0
1.0,0.69556576,1.0
0.0,0.33356923,0.0
0.0,0.0057026837,0.0
0.0,0.07959137,0.0
1.0,0.49096394,0.0
1.0,0.9961592,1.0
1.0,0.9824462,1.0
0.0,0.36832607,0.0
0.0,0.028008053,0.0
0.0,0.02307436,0.0
0.0,0.97812736,1.0
1.0,0.5882876,1.0
0.0,0.10654012,0.0
1.0,0.9550566,1.0
0.0,0.3033668,0.0
1.0,0.18911539,0.0
0.0,0.022396205,0.0
1.0,0.9979249,1.0
0.0,0.14873493,0.0
1.0,0.7480172,1.0
0.0,0.07893826,0.0
1.0,0.9942853,1.0
1.0,0.9759033,1.0
1.0,0.9913555,1.0
0.0,0.30207065,0.0
1.0,0.48645562,0.0
0.0,0.7681676,1.0
0.0,0.76780355,1.0
0.0,0.1906919,0.0
1.0,0.20431599,0.0
0.0,0.35638285,0.0
0.0,0.020063153,0.0
1.0,0.99038017,1.0
0.0,0.3393708,0.0
0.0,0.029889619,0.0
0.0,0.0067815636,0.0
1.0,0.8051497,1.0
0.0,0.62413317,1.0
0.0,0.3751305,0.0
0.0,0.08738424,0.0
0.0,0.26063627,0.0
0.0,0.23302253,0.0
0.0,0.14632249,0.0
1.0,0.8001566,1.0
1.0,0.9853624,1.0
1.0,0.22893098,0.0
1.0,0.99604934,1.0
0.0,0.0020222333,0.0
0.0,0.18670367,0.0
1.0,0.9970632,1.0
1.0,0.53381515,1.0
0.0,0.07288084,0.0
0.0,0.63234186,1.0
0.0,0.008471927,0.0
0.0,0.24554369,0.0
1.0,0.9995678,1.0
0.0,0.023516595,0.0
1.0,0.9803202,1.0
0.0,0.016502047,0.0
1.0,0.99929035,1.0
1.0,0.9883582,1.0
0.0,0.020653022,0.0
1.0,0.9848141,1.0
1.0,0.98911124,1.0
1.0,0.6714256,1.0
1.0,0.95124626,1.0
0.0,0.02632682,0.0
1.0,0.5227472,1.0
0.0,0.13482991,0.0
0.0,0.03656412,0.0
0.0,0.065058716,0.0
0.0,0.19705586,0.0
1.0,0.9989759,1.0
1.0,0.9480893,1.0
1.0,0.9926751,1.0
1.0,0.989541,1.0
1.0,0.9985393,1.0
1.0,0.9785984,1.0
1.0,0.9825853,1.0
1.0,0.744138,1.0
0.0,0.07026717,0.0
0.0,0.24082115,0.0
0.0,0.008654894,0.0
1.0,0.99712235,1.0
0.0,0.08457593,0.0
1.0,0.53890496,1.0
1.0,0.97121596,1.0
0.0,0.032519888,0.0
0.0,0.13428795,0.0
1.0,0.7473829,1.0
1.0,0.8956366,1.0
1.0,0.99921656,1.0
1.0,0.6422296,1.0
0.0,0.010219419,0.0
1.0,0.9948114,1.0
1.0,0.99628997,1.0
0.0,0.21284005,0.0
0.0,0.083706,0.0
1.0,0.9895086,1.0
0.0,0.14975934,0.0
0.0,0.30680072,0.0
1.0,0.7574059,1.0
0.0,0.2374731,0.0
0.0,0.52347666,1.0
1.0,0.3685416,0.0
0.0,0.024813905,0.0
0.0,0.7301622,1.0
1.0,0.9247244,1.0
1.0,0.90859705,1.0
0.0,0.2166475,0.0
1.0,0.999025,1.0
1.0,0.70814466,1.0
0.0,0.046367828,0.0
1.0,0.6876092,1.0
0.0,0.20574704,0.0
1.0,0.81086516,1.0
1.0,0.9996933,1.0
0.0,0.0079176,0.0
0.0,0.21405163,0.0
1.0,0.56218886,1.0
1.0,0.20471236,0.0
0.0,0.29512802,0.0
0.0,0.47723952,0.0
1.0,0.90315163,1.0
0.0,0.020341506,0.0
0.0,0.08682681,0.0
1.0,0.9831176,1.0
0.0,0.1744985,0.0
1.0,0.9444272,1.0
0.0,0.16008708,0.0
1.0,0.9968161,1.0
1.0,0.7945046,1.0
0.0,0.9039859,1.0
0.0,0.0246526,0.0
0.0,0.18444924,0.0
1.0,0.366412,0.0
0.0,0.45586407,0.0
1.0,0.9997367,1.0
1.0,0.28344443,0.0
0.0,0.060882118,0.0
1.0,0.77355456,1.0
0.0,0.31921723,0.0
0.0,0.08764586,0.0
0.0,0.11937564,0.0
0.0,0.59550416,1.0
1.0,0.9302577,1.0
1.0,0.85532695,1.0
0.0,0.0330287,0.0
1.0,0.88449687,1.0
0.0,0.19061613,0.0
1.0,0.9096905,1.0
1.0,0.38225538,0.0
1.0,0.8259487,1.0
1.0,0.66019917,1.0
0.0,0.018049942,0.0
0.0,0.02891892,0.0
1.0,0.9489995,1.0
1.0,0.22778888,0.0
1.0,0.36049384,0.0
0.0,0.11482735,0.0
1.0,0.43581694,0.0
0.0,0.41985828,0.0
1.0,0.9615869,1.0
1.0,0.99061745,1.0
1.0,0.6700027,1.0
1.0,0.7432944,1.0
1.0,0.7354963,1.0
0.0,0.021658365,0.0
0.0,0.038897112,0.0
1.0,0.9257789,1.0
0.0,0.004142532,0.0
0.0,0.041975956,0.0
0.0,0.100973114,0.0
1.0,0.85451865,1.0
0.0,0.5459205,1.0
0.0,0.31016025,0.0
0.0,0.10279985,0.0
0.0,0.12165765,0.0
1.0,0.9987382,1.0
0.0,0.04998932,0.0
0.0,0.015832301,0.0
0.0,0.20896792,0.0
1.0,0.43451566,0.0
1.0,0.17269711,0.0
1.0,0.6274981,1.0
1.0,0.6738694,1.0
0.0,0.20437923,0.0
1.0,0.34026337,0.0
0.0,0.39545885,0.0
0.0,0.07001949,0.0
0.0,0.29068938,0.0
0.0,0.17432775,0.0
0.0,0.2222025,0.0
1.0,0.87796336,1.0
1.0,0.8977982,1.0
0.0,0.08508433,0.0
0.0,0.007097356,0.0
0.0,0.13162641,0.0
1.0,0.9482996,1.0
0.0,0.10779727,0.0
0.0,0.28453124,0.0
1.0,0.9671322,1.0
1.0,0.9543505,1.0
1.0,0.9926959,1.0
1.0,0.9988977,1.0
0.0,0.8516056,1.0
1.0,0.9726989,1.0
1.0,0.99961287,1.0
1.0,0.98976994,1.0
1.0,0.55824244,1.0
1.0,0.9988432,1.0
1.0,0.9729115,1.0
1.0,0.9969246,1.0
0.0,0.10928226,0.0
1.0,0.7781695,1.0
0.0,0.29807803,0.0
1.0,0.9886419,1.0
1.0,0.99849105,1.0
0.0,0.030551232,0.0
0.0,0.16255945,0.0
1.0,0.7204315,1.0
0.0,0.2645487,0.0
0.0,0.1282636,0.0
0.0,0.062118534,0.0
1.0,0.9969457,1.0
1.0,0.64519864,1.0
1.0,0.9840009,1.0
0.0,0.29637083,0.0
1.0,0.24953263,0.0
0.0,0.005577989,0.0
0.0,0.13305888,0.0
1.0,0.98058826,1.0
0.0,0.05933263,0.0
0.0,0.26196516,0.0
1.0,0.9996414,1.0
0.0,0.006205258,0.0
0.0,0.09483935,0.0
0.0,0.086174585,0.0
1.0,0.28663757,0.0
0.0,0.09714479,0.0
1.0,0.52012783,1.0
1.0,0.80445975,1.0
0.0,0.36426532,0.0
1.0,0.9721782,1.0
1.0,0.9786823,1.0
0.0,0.07853651,0.0
0.0,0.1517654,0.0
0.0,0.24180914,0.0
1.0,0.23125526,0.0
0.0,0.7428802,1.0
0.0,0.013336412,0.0
0.0,0.0016142451,0.0
0.0,0.08182595,0.0
1.0,0.96897966,1.0
1.0,0.5648842,1.0
1.0,0.98898953,1.0
0.0,0.14647195,0.0
1.0,0.9050189,1.0
1.0,0.90479016,1.0
0.0,0.03690323,0.0
0.0,0.10061295,0.0
1.0,0.9976076,1.0
0.0,0.61145294,1.0
0.0,0.11416241,0.0
1.0,0.7856924,1.0
0.0,0.2356404,0.0
1.0,0.8815999,1.0
1.0,0.92274344,1.0
1.0,0.46609095,0.0
0.0,0.39223507,0.0
1.0,0.9889587,1.0
0.0,0.22280286,0.0
0.0,0.03474494,0.0
1.0,0.99648833,1.0
0.0,0.16780856,0.0
1.0,0.9982596,1.0
1.0,0.9324702,1.0
0.0,0.20653708,0.0
0.0,0.51758504,1.0
0.0,0.5978863,1.0
0.0,0.46352127,0.0
0.0,0.09622613,0.0
1.0,0.8809884,1.0
0.0,0.00646511,0.0
1.0,0.8650946,1.0
1.0,0.40301874,0.0
0.0,0.01227689,0.0
1.0,0.925903,1.0
0.0,0.43266007,0.0
1.0,0.8014299,1.0
0.0,0.16544251,0.0
1.0,0.85070777,1.0
1.0,0.5506512,1.0
1.0,0.9956033,1.0
1.0,0.7795145,1.0
0.0,0.0830474,0.0
1.0,0.7733995,1.0
0.0,0.42081952,0.0
0.0,0.28009918,0.0
0.0,0.30570492,0.0
1.0,0.906051,1.0
0.0,0.12168615,0.0
0.0,0.014239625,0.0
1.0,0.6172462,1.0
1.0,0.9360101,1.0
0.0,0.36395562,0.0
0.0,0.28788143,0.0
0.0,0.039278504,0.0
0.0,0.3341074,0.0
1.0,0.82869005,1.0
1.0,0.7500156,1.0
0.0,0.52017504,1.0
0.0,0.040541515,0.0
1.0,0.2337065,0.0
0.0,0.48726493,0.0
0.0,0.10187402,0.0
1.0,0.23705727,0.0
0.0,0.18324628,0.0
0.0,0.31818146,0.0
0.0,0.13491502,0.0
1.0,0.5384342,1.0
1.0,0.97315437,1.0
0.0,0.836204,1.0
1.0,0.9896625,1.0
1.0,0.33064777,0.0
0.0,0.020958373,0.0
1.0,0.9456103,1.0
1.0,0.99389017,1.0
1.0,0.99000645,1.0
0.0,0.008664538,0.0
1.0,0.7953088,1.0
0.0,0.45660192,0.0
1.0,0.047664165,0.0
1.0,0.98826885,1.0
0.0,0.012773659,0.0
0.0,0.011588804,0.0
1.0,0.98150855,1.0
0.0,0.11818078,0.0
0.0,0.06583658,0.0
1.0,0.98611695,1.0
1.0,0.92407066,1.0
0.0,0.6559477,1.0
1.0,0.91660315,1.0
0.0,0.32206276,0.0
1.0,0.8704843,1.0
0.0,0.863871,1.0
0.0,0.122470684,0.0
1.0,0.9790963,1.0
0.0,0.14696503,0.0
0.0,0.005992883,0.0
0.0,0.051775053,0.0
1.0,0.9996879,1.0
1.0,0.9807531,1.0
1.0,0.9996846,1.0
1.0,0.99461067,1.0
0.0,0.09024531,0.0
0.0,0.0031772584,0.0
1.0,0.8493833,1.0
0.0,0.13034303,0.0
1.0,0.80393237,1.0
1.0,0.87259424,1.0
0.0,0.628939,1.0
0.0,0.031748712,0.0
1.0,0.94646806,1.0
0.0,0.025607448,0.0
0.0,0.018494247,0.0
1.0,0.991831,1.0
1.0,0.99657744,1.0
1.0,0.97450835,1.0
1.0,0.68086267,1.0
0.0,0.0056515904,0.0
0.0,0.050896574,0.0
1.0,0.13428044,0.0
1.0,0.9888009,1.0
1.0,0.9891516,1.0
1.0,0.73746705,1.0
0.0,0.25504124,0.0
0.0,0.0043910043,0.0
1.0,0.7436879,1.0
0.0,0.06314655,0.0
0.0,0.10103664,0.0
1.0,0.9983065,1.0
1.0,0.81268257,1.0
1.0,0.97485524,1.0
1.0,0.968474,1.0
1.0,0.32483444,0.0
0.0,0.25446382,0.0
1.0,0.9767799,1.0
0.0,0.08602514,0.0
0.0,0.14538978,0.0
1.0,0.44994223,0.0
0.0,0.06903336,0.0
0.0,0.11810882,0.0
0.0,0.05817012,0.0
1.0,0.9928705,1.0
1.0,0.9987205,1.0
0.0,0.043769076,0.0
1.0,0.41399306,0.0
1.0,0.99179614,1.0
1.0,0.99163425,1.0
0.0,0.026688218,0.0
1.0,0.42074338,0.0
0.0,0.0029257508,0.0
1.0,0.8485617,1.0
0.0,0.34728914,0.0
1.0,0.57632893,1.0
0.0,0.13450006,0.0
1.0,0.98229605,1.0
0.0,0.020311834,0.0
0.0,0.013549447,0.0
0.0,0.045090456,0.0
0.0,0.89799404,1.0
1.0,0.99045765,1.0
1.0,0.8025516,1.0
0.0,0.053905893,0.0
0.0,0.13813199,0.0
0.0,0.8153312,1.0
0.0,0.010732468,0.0
1.0,0.63966775,1.0
0.0,0.20875435,0.0
0.0,0.16014709,0.0
1.0,0.18665484,0.0
0.0,0.5280937,1.0
1.0,0.8029866,1.0
0.0,0.07023514,0.0
1.0,0.92629755,1.0
1.0,0.9923212,1.0
1.0,0.8202862,1.0
0.0,0.071389355,0.0
0.0,0.20452935,0.0
1.0,0.90947205,1.0
1.0,0.9991411,1.0
0.0,0.049986865,0.0
0.0,0.04189577,0.0
0.0,0.058216285,0.0
0.0,0.6426179,1.0
0.0,0.027125407,0.0
0.0,0.19070324,0.0
0.0,0.0033552577,0.0
0.0,0.1374011,0.0
0.0,0.23049842,0.0
0.0,0.21996866,0.0
1.0,0.5312828,1.0
0.0,0.2854581,0.0
1.0,0.93686056,1.0
0.0,0.4282388,0.0
0.0,0.2039488,0.0
0.0,0.031092636,0.0
1.0,0.6596003,1.0
0.0,0.000953788,0.0
1.0,0.99354255,1.0
0.0,0.033226807,0.0
1.0,0.99964917,1.0
0.0,0.32648343,0.0
1.0,0.09086004,0.0
1.0,0.63145566,1.0
0.0,0.13978828,0.0
1.0,0.99688786,1.0
1.0,0.20511292,0.0
1.0,0.9989158,1.0
0.0,0.06863038,0.0
1.0,0.7825716,1.0
1.0,0.6560842,1.0
0.0,0.17848545,0.0
1.0,0.9992716,1.0
0.0,0.1181657,0.0
0.0,0.19401026,0.0
1.0,0.9085337,1.0
1.0,0.5844295,1.0
0.0,0.7069927,1.0
0.0,0.010235082,0.0
1.0,0.29653382,0.0
1.0,0.9621093,1.0
0.0,0.07930848,0.0
1.0,0.3241858,0.0
0.0,0.0044006077,0.0
1.0,0.99536824,1.0
0.0,0.7363188,1.0
0.0,0.047984302,0.0
0.0,0.056160964,0.0
0.0,0.009282815,0.0
1.0,0.8110566,1.0
0.0,0.04030418,0.0
0.0,0.023729686,0.0
0.0,0.09208048,0.0
1.0,0.13577722,0.0
0.0,0.034481447,0.0
1.0,0.9857653,1.0
0.0,0.85612226,1.0
1.0,0.16343984,0.0
0.0,0.14150335,0.0
1.0,0.990998,1.0
0.0,0.5029026,1.0
1.0,0.265611,0.0
0.0,0.07452857,0.0
1.0,0.99914503,1.0
0.0,0.2477053,0.0
1.0,0.62822425,1.0
1.0,0.29465064,0.0
0.0,0.008246012,0.0
1.0,0.437093,0.0
1.0,0.20192952,0.0
0.0,0.028166533,0.0
0.0,0.07083793,0.0
0.0,0.37115848,0.0
1.0,0.5582756,1.0
0.0,0.045542892,0.0
1.0,0.35163957,0.0
1.0,0.97049516,1.0
0.0,0.07550464,0.0
0.0,0.07890814,0.0
0.0,0.10033959,0.0
0.0,0.2725924,0.0
1.0,0.9933867,1.0
1.0,0.9988741,1.0
0.0,0.42589143,0.0
1.0,0.9650754,1.0
1.0,0.98102194,1.0
0.0,0.022760205,0.0
0.0,0.14093202,0.0
