y,probs,preds
1.0,0.87729627,1.0
1.0,0.7801452,1.0
0.0,0.4670634,0.0
0.0,0.14155728,0.0
1.0,0.98228514,1.0
1.0,0.06967296,0.0
0.0,0.57584316,1.0
1.0,0.717517,1.0
1.0,0.91868,1.0
1.0,0.7285476,1.0
1.0,0.9921616,1.0
0.0,0.12775692,0.0
0.0,0.12535885,0.0
0.0,0.44920775,0.0
1.0,0.8258132,1.0
1.0,0.57525283,1.0
1.0,0.34019932,0.0
1.0,0.29667118,0.0
1.0,0.35602298,0.0
1.0,0.9552029,1.0
1.0,0.22885309,0.0
0.0,0.31294858,0.0
0.0,0.54678315,1.0
1.0,0.3949563,0.0
0.0,0.27019912,0.0
0.0,0.007215398,0.0
1.0,0.6850044,1.0
0.0,0.25468987,0.0
0.0,0.29929796,0.0
1.0,0.11481281,0.0
0.0,0.29777855,0.0
0.0,0.574553,1.0
0.0,0.22193837,0.0
0.0,0.023129044,0.0
0.0,0.099927515,0.0
0.0,0.04867837,0.0
0.0,0.60748845,1.0
0.0,0.24697806,0.0
1.0,0.53228354,1.0
0.0,0.0046249786,0.0
1.0,0.9678413,1.0
0.0,0.043910954,0.0
0.0,0.24709645,0.0
1.0,0.34421653,0.0
1.0,0.790543,1.0
0.0,0.18366152,0.0
0.0,0.46331412,0.0
1.0,0.72606885,1.0
1.0,0.9415649,1.0
1.0,0.65720904,1.0
1.0,0.32842627,0.0
1.0,0.5342855,1.0
1.0,0.769668,1.0
0.0,0.23860615,0.0
0.0,0.024541305,0.0
0.0,0.04183927,0.0
0.0,0.2313558,0.0
0.0,0.010772599,0.0
1.0,0.7873834,1.0
0.0,0.38079268,0.0
1.0,0.64808136,1.0
0.0,0.4352277,0.0
1.0,0.32390332,0.0
0.0,0.6515335,1.0
1.0,0.8968771,1.0
1.0,0.75400823,1.0
0.0,0.3842586,0.0
1.0,0.75137466,1.0
0.0,0.50500107,1.0
0.0,0.40503922,0.0
1.0,0.9655304,1.0
1.0,0.8603616,1.0
1.0,0.898724,1.0
0.0,0.022048905,0.0
0.0,0.31579965,0.0
1.0,0.9253144,1.0
0.0,0.21300407,0.0
1.0,0.98693603,1.0
1.0,0.8921407,1.0
1.0,0.61550087,1.0
0.0,0.8373449,1.0
1.0,0.57357806,1.0
0.0,0.50285655,1.0
0.0,0.54504675,1.0
1.0,0.856074,1.0
0.0,0.08423221,0.0
0.0,0.21096449,0.0
1.0,0.36110526,0.0
0.0,0.08237372,0.0
1.0,0.30040696,0.0
0.0,0.2645438,0.0
1.0,0.42553458,0.0
1.0,0.30191636,0.0
1.0,0.7054585,1.0
0.0,0.107717,0.0
1.0,0.32800546,0.0
1.0,0.8065454,1.0
0.0,0.4809568,0.0
0.0,0.05413935,0.0
1.0,0.936129,1.0
0.0,0.34733987,0.0
1.0,0.4196447,0.0
1.0,0.78009254,1.0
0.0,0.26774618,0.0
0.0,0.1012964,0.0
1.0,0.6605148,1.0
0.0,0.31289434,0.0
0.0,0.0046744687,0.0
0.0,0.12763765,0.0
1.0,0.19763766,0.0
0.0,0.21997122,0.0
1.0,0.72423226,1.0
0.0,0.056805737,0.0
0.0,0.210833,0.0
1.0,0.7376198,1.0
1.0,0.39968744,0.0
0.0,0.15290178,0.0
1.0,0.7628966,1.0
1.0,0.934808,1.0
1.0,0.40453923,0.0
0.0,0.24519101,0.0
1.0,0.5088544,1.0
0.0,0.5482138,1.0
1.0,0.73131186,1.0
1.0,0.055388678,0.0
1.0,0.7686647,1.0
0.0,0.26442322,0.0
0.0,0.48923036,0.0
0.0,0.28883472,0.0
0.0,0.52788633,1.0
1.0,0.09934647,0.0
0.0,0.30430797,0.0
1.0,0.34909,0.0
0.0,0.0915325,0.0
0.0,0.2113865,0.0
0.0,0.18562394,0.0
0.0,0.20546487,0.0
1.0,0.873959,1.0
1.0,0.6894642,1.0
0.0,0.14769311,0.0
0.0,0.90236247,1.0
0.0,0.4458486,0.0
1.0,0.9856625,1.0
1.0,0.61537397,1.0
1.0,0.8892825,1.0
0.0,0.4382805,0.0
0.0,0.3766031,0.0
0.0,0.2531555,0.0
1.0,0.9565066,1.0
0.0,0.20500404,0.0
1.0,0.876347,1.0
0.0,0.25241184,0.0
1.0,0.98371947,1.0
0.0,0.38883838,0.0
0.0,0.76404715,1.0
0.0,0.4988811,0.0
1.0,0.834711,1.0
0.0,0.27346757,0.0
1.0,0.29997933,0.0
1.0,0.35831055,0.0
0.0,0.31282693,0.0
0.0,0.53946257,1.0
0.0,0.39771065,0.0
0.0,0.35234043,0.0
1.0,0.4054123,0.0
0.0,0.6036803,1.0
1.0,0.7002207,1.0
0.0,0.32576486,0.0
0.0,0.1682709,0.0
0.0,0.0077733025,0.0
1.0,0.6089443,1.0
0.0,0.0117839705,0.0
1.0,0.9436341,1.0
0.0,0.0041880985,0.0
0.0,0.40042865,0.0
0.0,0.03722784,0.0
0.0,0.41440856,0.0
0.0,0.30270675,0.0
0.0,0.7152763,1.0
1.0,0.9067546,1.0
1.0,0.9290246,1.0
1.0,0.93301433,1.0
0.0,0.20155123,0.0
1.0,0.6564574,1.0
1.0,0.35839066,0.0
1.0,0.13077956,0.0
0.0,0.30716085,0.0
0.0,0.10630509,0.0
0.0,0.6753481,1.0
0.0,0.36391753,0.0
1.0,0.30340263,0.0
1.0,0.25665757,0.0
1.0,0.9748735,1.0
1.0,0.98451066,1.0
0.0,0.4294037,0.0
0.0,0.013448104,0.0
1.0,0.7040025,1.0
0.0,0.021038324,0.0
0.0,0.877342,1.0
0.0,0.3431057,0.0
1.0,0.11233625,0.0
1.0,0.9726007,1.0
0.0,0.2225459,0.0
1.0,0.8178647,1.0
1.0,0.41830483,0.0
0.0,0.26314962,0.0
0.0,0.26287645,0.0
1.0,0.36911735,0.0
1.0,0.8574046,1.0
1.0,0.90485495,1.0
0.0,0.67008364,1.0
0.0,0.3158899,0.0
0.0,0.55615646,1.0
0.0,0.41071954,0.0
1.0,0.9473147,1.0
0.0,0.3449831,0.0
0.0,0.110443585,0.0
1.0,0.53308386,1.0
0.0,0.34301266,0.0
0.0,0.26742727,0.0
1.0,0.31290084,0.0
0.0,0.06037822,0.0
1.0,0.756988,1.0
1.0,0.5008421,1.0
0.0,0.27361575,0.0
0.0,0.20629077,0.0
0.0,0.4100982,0.0
0.0,0.44739854,0.0
1.0,0.98243827,1.0
0.0,0.291368,0.0
1.0,0.80865484,1.0
1.0,0.49612826,0.0
0.0,0.37363973,0.0
0.0,0.36914647,0.0
1.0,0.90721726,1.0
1.0,0.76893324,1.0
1.0,0.31500053,0.0
0.0,0.090200014,0.0
0.0,0.17657104,0.0
0.0,0.34592623,0.0
1.0,0.59545296,1.0
0.0,0.22013673,0.0
0.0,0.15806358,0.0
0.0,0.38300857,0.0
1.0,0.8956746,1.0
0.0,0.49619058,0.0
0.0,0.3733219,0.0
1.0,0.6653112,1.0
0.0,0.09058414,0.0
0.0,0.37573054,0.0
0.0,0.02915475,0.0
1.0,0.43281922,0.0
1.0,0.642038,1.0
0.0,0.21079977,0.0
1.0,0.9317023,1.0
0.0,0.3370244,0.0
0.0,0.37768066,0.0
0.0,0.3905247,0.0
0.0,0.08090837,0.0
1.0,0.9091195,1.0
1.0,0.74186194,1.0
1.0,0.8319729,1.0
0.0,0.035363715,0.0
1.0,0.2734061,0.0
0.0,0.10571715,0.0
1.0,0.92955816,1.0
1.0,0.27850845,0.0
0.0,0.2812974,0.0
1.0,0.9475153,1.0
0.0,0.23642269,0.0
0.0,0.33751777,0.0
1.0,0.31658846,0.0
0.0,0.091911145,0.0
0.0,0.578193,1.0
0.0,0.15198126,0.0
1.0,0.9791212,1.0
0.0,0.19185172,0.0
1.0,0.2782488,0.0
0.0,0.37124246,0.0
1.0,0.14149296,0.0
1.0,0.15422459,0.0
1.0,0.64613867,1.0
0.0,0.2802211,0.0
0.0,0.16446131,0.0
1.0,0.4060479,0.0
0.0,0.45651722,0.0
1.0,0.6631614,1.0
0.0,0.13984704,0.0
0.0,0.7728214,1.0
1.0,0.35249665,0.0
0.0,0.047950808,0.0
1.0,0.45699364,0.0
0.0,0.025494685,0.0
0.0,0.61059546,1.0
0.0,0.41820955,0.0
1.0,0.5906174,1.0
0.0,0.16473289,0.0
1.0,0.9728487,1.0
0.0,0.34950355,0.0
0.0,0.47787383,0.0
1.0,0.93861955,1.0
1.0,0.566088,1.0
0.0,0.19325618,0.0
0.0,0.077752985,0.0
0.0,0.57012236,1.0
1.0,0.8595727,1.0
0.0,0.2829073,0.0
1.0,0.9210131,1.0
1.0,0.5373369,1.0
0.0,0.43303794,0.0
0.0,0.006660099,0.0
0.0,0.038718026,0.0
0.0,0.3035664,0.0
1.0,0.49667615,0.0
1.0,0.9067534,1.0
0.0,0.07787728,0.0
0.0,0.14317563,0.0
0.0,0.110461384,0.0
0.0,0.12753883,0.0
1.0,0.7818737,1.0
0.0,0.088800475,0.0
0.0,0.0049874303,0.0
1.0,0.5243728,1.0
0.0,0.87707055,1.0
1.0,0.20575576,0.0
0.0,0.34788397,0.0
1.0,0.9143196,1.0
1.0,0.4313313,0.0
0.0,0.33290395,0.0
0.0,0.40774333,0.0
1.0,0.5493168,1.0
1.0,0.33115494,0.0
1.0,0.66384107,1.0
1.0,0.34379017,0.0
0.0,0.40270826,0.0
1.0,0.99186593,1.0
0.0,0.012070422,0.0
0.0,0.6485844,1.0
0.0,0.36385524,0.0
0.0,0.29343903,0.0
0.0,0.207376,0.0
1.0,0.45094138,0.0
1.0,0.6015889,1.0
1.0,0.99108315,1.0
1.0,0.43866783,0.0
0.0,0.3665568,0.0
0.0,0.44467968,0.0
0.0,0.42468554,0.0
1.0,0.63737994,1.0
0.0,0.32977787,0.0
0.0,0.047938135,0.0
1.0,0.87109643,1.0
0.0,0.35583335,0.0
0.0,0.106733926,0.0
1.0,0.39439312,0.0
0.0,0.18208605,0.0
0.0,0.19216959,0.0
0.0,0.08206008,0.0
0.0,0.010449178,0.0
0.0,0.26315376,0.0
0.0,0.4073736,0.0
0.0,0.22909994,0.0
0.0,0.038911823,0.0
1.0,0.2865967,0.0
0.0,0.028220994,0.0
0.0,0.2486276,0.0
0.0,0.29874995,0.0
0.0,0.089189276,0.0
1.0,0.25753656,0.0
0.0,0.33283195,0.0
1.0,0.37075332,0.0
1.0,0.34362927,0.0
1.0,0.66851383,1.0
1.0,0.4624809,0.0
1.0,0.5912115,1.0
0.0,0.61387444,1.0
1.0,0.6296847,1.0
1.0,0.64105976,1.0
1.0,0.47519717,0.0
1.0,0.6071759,1.0
1.0,0.6556419,1.0
0.0,0.13506451,0.0
0.0,0.38300896,0.0
1.0,0.68692595,1.0
1.0,0.4796015,0.0
1.0,0.39184234,0.0
1.0,0.72192925,1.0
1.0,0.9918852,1.0
0.0,0.24002254,0.0
0.0,0.35076463,0.0
0.0,0.19797532,0.0
1.0,0.9193391,1.0
0.0,0.069512576,0.0
1.0,0.82622874,1.0
1.0,0.89347214,1.0
0.0,0.30631828,0.0
0.0,0.23068503,0.0
0.0,0.17979887,0.0
0.0,0.36066756,0.0
1.0,0.7786214,1.0
1.0,0.74510324,1.0
0.0,0.6537533,1.0
0.0,0.61295635,1.0
1.0,0.8694016,1.0
0.0,0.3177913,0.0
1.0,0.2751891,0.0
0.0,0.0056688357,0.0
0.0,0.10935727,0.0
1.0,0.57512945,1.0
0.0,0.70280993,1.0
0.0,0.6742207,1.0
0.0,0.4736533,0.0
0.0,0.54480934,1.0
1.0,0.4285476,0.0
1.0,0.25353408,0.0
1.0,0.34911942,0.0
1.0,0.55684304,1.0
0.0,0.03631129,0.0
0.0,0.4449812,0.0
1.0,0.9750988,1.0
1.0,0.58431774,1.0
0.0,0.09913109,0.0
0.0,0.25329894,0.0
0.0,0.08027098,0.0
1.0,0.8527179,1.0
1.0,0.3513157,0.0
1.0,0.7034981,1.0
1.0,0.38433984,0.0
1.0,0.8822518,1.0
1.0,0.041135836,0.0
0.0,0.42015517,0.0
0.0,0.22563292,0.0
0.0,0.44889623,0.0
1.0,0.6221274,1.0
0.0,0.058009025,0.0
1.0,0.40199244,0.0
1.0,0.4069796,0.0
0.0,0.33005103,0.0
0.0,0.14120995,0.0
1.0,0.8189694,1.0
1.0,0.9805879,1.0
1.0,0.6308574,1.0
1.0,0.97847897,1.0
0.0,0.244549,0.0
0.0,0.12798351,0.0
0.0,0.21630527,0.0
1.0,0.77718043,1.0
0.0,0.15898816,0.0
0.0,0.43053475,0.0
0.0,0.07912232,0.0
0.0,0.24451417,0.0
0.0,0.55464655,1.0
1.0,0.60903263,1.0
1.0,0.3444691,0.0
1.0,0.67227,1.0
0.0,0.19748601,0.0
0.0,0.24956676,0.0
1.0,0.47179517,0.0
0.0,0.058154475,0.0
1.0,0.7561814,1.0
1.0,0.2284917,0.0
1.0,0.91842616,1.0
0.0,0.08423039,0.0
1.0,0.7425055,1.0
1.0,0.88999236,1.0
0.0,0.35669526,0.0
0.0,0.34781438,0.0
0.0,0.052783914,0.0
1.0,0.69107217,1.0
0.0,0.24121992,0.0
0.0,0.35167587,0.0
1.0,0.6685393,1.0
1.0,0.8136882,1.0
0.0,0.07457338,0.0
0.0,0.15139669,0.0
1.0,0.4448607,0.0
1.0,0.51443386,1.0
1.0,0.835918,1.0
0.0,0.3112522,0.0
1.0,0.37377584,0.0
1.0,0.23439503,0.0
1.0,0.78671104,1.0
0.0,0.5071876,1.0
0.0,0.012522018,0.0
0.0,0.12340294,0.0
0.0,0.36022264,0.0
0.0,0.16609907,0.0
0.0,0.20754798,0.0
1.0,0.6620427,1.0
0.0,0.09836735,0.0
1.0,0.96521986,1.0
0.0,0.37791935,0.0
0.0,0.52000165,1.0
0.0,0.36788404,0.0
0.0,0.46569464,0.0
1.0,0.45530596,0.0
1.0,0.26747346,0.0
0.0,0.2371057,0.0
1.0,0.75326324,1.0
1.0,0.38061482,0.0
0.0,0.20568779,0.0
1.0,0.2619891,0.0
0.0,0.7888007,1.0
0.0,0.17978664,0.0
0.0,0.4545836,0.0
0.0,0.45265618,0.0
1.0,0.85297096,1.0
0.0,0.22773798,0.0
1.0,0.7588198,1.0
1.0,0.92473036,1.0
1.0,0.97571975,1.0
0.0,0.30338758,0.0
1.0,0.56434613,1.0
0.0,0.18320389,0.0
0.0,0.2461408,0.0
0.0,0.08075291,0.0
0.0,0.13674945,0.0
1.0,0.9632875,1.0
0.0,0.057679325,0.0
0.0,0.0432859,0.0
0.0,0.4768704,0.0
1.0,0.25790587,0.0
1.0,0.9243596,1.0
1.0,0.7264246,1.0
0.0,0.48758957,0.0
0.0,0.26016012,0.0
0.0,0.45333418,0.0
1.0,0.89872795,1.0
1.0,0.8087602,1.0
0.0,0.35811424,0.0
1.0,0.44717568,0.0
1.0,0.71629864,1.0
1.0,0.8339928,1.0
0.0,0.46815738,0.0
0.0,0.44718084,0.0
0.0,0.46097696,0.0
1.0,0.41328746,0.0
1.0,0.8282449,1.0
1.0,0.6688621,1.0
1.0,0.87704027,1.0
1.0,0.95074755,1.0
1.0,0.63304603,1.0
1.0,0.269498,0.0
1.0,0.99251103,1.0
1.0,0.9627581,1.0
0.0,0.46449685,0.0
0.0,0.093654975,0.0
0.0,0.037761442,0.0
1.0,0.43308473,0.0
1.0,0.7976956,1.0
0.0,0.52868503,1.0
1.0,0.7768328,1.0
0.0,0.42339897,0.0
1.0,0.33941555,0.0
1.0,0.5175839,1.0
0.0,0.10424848,0.0
0.0,0.16842863,0.0
1.0,0.9098229,1.0
0.0,0.30179334,0.0
0.0,0.44237366,0.0
0.0,0.004805826,0.0
0.0,0.14449681,0.0
1.0,0.8855622,1.0
0.0,0.5149071,1.0
0.0,0.64547855,1.0
0.0,0.17804992,0.0
0.0,0.45781207,0.0
1.0,0.65260994,1.0
1.0,0.9324648,1.0
1.0,0.5421338,1.0
0.0,0.50600487,1.0
0.0,0.29155755,0.0
0.0,0.19439967,0.0
0.0,0.23653474,0.0
1.0,0.8574575,1.0
1.0,0.9741945,1.0
0.0,0.086029805,0.0
1.0,0.77157,1.0
0.0,0.59120154,1.0
0.0,0.037195515,0.0
1.0,0.97457063,1.0
1.0,0.96881,1.0
1.0,0.92578536,1.0
0.0,0.90193325,1.0
1.0,0.9317501,1.0
1.0,0.7733922,1.0
1.0,0.859598,1.0
0.0,0.13183796,0.0
0.0,0.8805047,1.0
1.0,0.9794515,1.0
1.0,0.6977515,1.0
1.0,0.4512403,0.0
0.0,0.16374508,0.0
0.0,0.24547927,0.0
0.0,0.16843206,0.0
1.0,0.5752599,1.0
0.0,0.3020587,0.0
0.0,0.027358897,0.0
1.0,0.78869444,1.0
1.0,0.17490694,0.0
1.0,0.5476356,1.0
1.0,0.935584,1.0
1.0,0.9042818,1.0
0.0,0.49472234,0.0
1.0,0.9504921,1.0
1.0,0.8440485,1.0
1.0,0.8675533,1.0
1.0,0.9445718,1.0
0.0,0.20919207,0.0
0.0,0.39524087,0.0
0.0,0.24145162,0.0
1.0,0.99469805,1.0
1.0,0.7928342,1.0
1.0,0.5922265,1.0
1.0,0.31686485,0.0
0.0,0.58951443,1.0
1.0,0.6936289,1.0
0.0,0.11495736,0.0
0.0,0.47556245,0.0
1.0,0.31546795,0.0
1.0,0.87551934,1.0
1.0,0.93366057,1.0
0.0,0.20200832,0.0
1.0,0.3558952,0.0
1.0,0.11070911,0.0
1.0,0.98619264,1.0
0.0,0.091331854,0.0
1.0,0.65764076,1.0
1.0,0.56642777,1.0
1.0,0.55478966,1.0
0.0,0.41099077,0.0
0.0,0.09375057,0.0
1.0,0.45298743,0.0
0.0,0.39274323,0.0
1.0,0.9364207,1.0
0.0,0.42100728,0.0
1.0,0.8138556,1.0
0.0,0.2020363,0.0
1.0,0.9197366,1.0
0.0,0.47275525,0.0
1.0,0.6844012,1.0
0.0,0.30040994,0.0
0.0,0.13660482,0.0
0.0,0.16301543,0.0
0.0,0.091872506,0.0
0.0,0.2303453,0.0
0.0,0.34440506,0.0
1.0,0.8145227,1.0
0.0,0.043606017,0.0
0.0,0.19071054,0.0
0.0,0.33824548,0.0
0.0,0.59570944,1.0
1.0,0.7090682,1.0
1.0,0.82149965,1.0
1.0,0.20992915,0.0
0.0,0.15043505,0.0
0.0,0.17497712,0.0
1.0,0.9780753,1.0
1.0,0.81963015,1.0
0.0,0.21414103,0.0
1.0,0.8584103,1.0
0.0,0.066818655,0.0
1.0,0.8980054,1.0
1.0,0.58427685,1.0
1.0,0.92417145,1.0
1.0,0.40379724,0.0
1.0,0.9022596,1.0
1.0,0.9267171,1.0
0.0,0.21688862,0.0
1.0,0.97629106,1.0
0.0,0.25956675,0.0
0.0,0.5154433,1.0
1.0,0.59800977,1.0
0.0,0.12214565,0.0
0.0,0.19448553,0.0
0.0,0.25679532,0.0
0.0,0.13670923,0.0
0.0,0.25452557,0.0
1.0,0.96908534,1.0
1.0,0.8999547,1.0
1.0,0.9174829,1.0
1.0,0.47858012,0.0
1.0,0.90537804,1.0
1.0,0.50422394,1.0
0.0,0.06350109,0.0
1.0,0.43139336,0.0
1.0,0.745343,1.0
1.0,0.9863897,1.0
0.0,0.2797812,0.0
1.0,0.888504,1.0
0.0,0.87966263,1.0
1.0,0.9577212,1.0
1.0,0.7866623,1.0
0.0,0.30185068,0.0
1.0,0.470001,0.0
0.0,0.22238977,0.0
1.0,0.98049533,1.0
1.0,0.46695346,0.0
0.0,0.42629355,0.0
1.0,0.30413178,0.0
0.0,0.048657265,0.0
1.0,0.9864544,1.0
0.0,0.4628416,0.0
0.0,0.33531836,0.0
1.0,0.8732218,1.0
1.0,0.75268453,1.0
0.0,0.0250679,0.0
1.0,0.2907414,0.0
0.0,0.3140943,0.0
1.0,0.9354422,1.0
0.0,0.60644186,1.0
0.0,0.22736983,0.0
0.0,0.32698584,0.0
0.0,0.40137118,0.0
0.0,0.32592803,0.0
0.0,0.09423784,0.0
1.0,0.924284,1.0
1.0,0.31758878,0.0
1.0,0.57668066,1.0
0.0,0.19501062,0.0
1.0,0.84234226,1.0
1.0,0.6339415,1.0
0.0,0.33779266,0.0
1.0,0.24614027,0.0
0.0,0.24103406,0.0
1.0,0.6363093,1.0
0.0,0.49669826,0.0
0.0,0.07727674,0.0
1.0,0.81662166,1.0
0.0,0.3102438,0.0
0.0,0.10398046,0.0
0.0,0.5939975,1.0
0.0,0.062119234,0.0
0.0,0.41111648,0.0
0.0,0.45657477,0.0
0.0,0.23258746,0.0
0.0,0.09577255,0.0
0.0,0.38488272,0.0
0.0,0.059075423,0.0
1.0,0.77709574,1.0
0.0,0.3402505,0.0
1.0,0.93206716,1.0
1.0,0.9639692,1.0
1.0,0.9893953,1.0
1.0,0.9869832,1.0
1.0,0.32529712,0.0
0.0,0.19973037,0.0
1.0,0.9683207,1.0
1.0,0.16803588,0.0
0.0,0.0038211115,0.0
1.0,0.83441305,1.0
1.0,0.8026239,1.0
1.0,0.992983,1.0
1.0,0.99063545,1.0
0.0,0.6264895,1.0
0.0,0.27174094,0.0
0.0,0.109067895,0.0
0.0,0.06731429,0.0
1.0,0.49429575,0.0
1.0,0.4377,0.0
1.0,0.98231375,1.0
0.0,0.21262169,0.0
0.0,0.3996119,0.0
0.0,0.25903484,0.0
0.0,0.7076427,1.0
1.0,0.3665009,0.0
0.0,0.018353099,0.0
1.0,0.29056177,0.0
1.0,0.92059296,1.0
0.0,0.2523191,0.0
0.0,0.37285927,0.0
1.0,0.5492786,1.0
0.0,0.4356177,0.0
1.0,0.33114818,0.0
0.0,0.2767503,0.0
1.0,0.9377816,1.0
0.0,0.29295537,0.0
0.0,0.3312583,0.0
1.0,0.32904854,0.0
0.0,0.39284667,0.0
1.0,0.9881401,1.0
1.0,0.93133706,1.0
1.0,0.24983992,0.0
0.0,0.5136461,1.0
0.0,0.32130125,0.0
1.0,0.96282166,1.0
1.0,0.14454538,0.0
0.0,0.28736353,0.0
1.0,0.6697805,1.0
0.0,0.42493424,0.0
1.0,0.36292186,0.0
1.0,0.4443917,0.0
0.0,0.8502895,1.0
1.0,0.7440153,1.0
1.0,0.9606117,1.0
0.0,0.14483094,0.0
0.0,0.042959422,0.0
0.0,0.28436184,0.0
0.0,0.6594915,1.0
0.0,0.13582188,0.0
1.0,0.9943574,1.0
1.0,0.68681735,1.0
1.0,0.8733236,1.0
0.0,0.3451413,0.0
0.0,0.51970047,1.0
1.0,0.6839255,1.0
1.0,0.9414674,1.0
1.0,0.88483953,1.0
0.0,0.28410697,0.0
1.0,0.2808696,0.0
0.0,0.54987407,1.0
0.0,0.3852266,0.0
1.0,0.41584083,0.0
1.0,0.4950224,0.0
1.0,0.44533235,0.0
0.0,0.3843209,0.0
1.0,0.5156453,1.0
0.0,0.448053,0.0
1.0,0.129062,0.0
0.0,0.47440717,0.0
0.0,0.2520054,0.0
1.0,0.55426985,1.0
0.0,0.21955104,0.0
1.0,0.29518744,0.0
0.0,0.21123074,0.0
0.0,0.15950716,0.0
0.0,0.2795819,0.0
1.0,0.51064485,1.0
1.0,0.8792232,1.0
0.0,0.39642912,0.0
0.0,0.2009267,0.0
1.0,0.25700042,0.0
0.0,0.18033108,0.0
1.0,0.37784103,0.0
1.0,0.8201167,1.0
0.0,0.52220094,1.0
1.0,0.78206575,1.0
0.0,0.024123242,0.0
1.0,0.76961887,1.0
0.0,0.12699233,0.0
0.0,0.5700294,1.0
0.0,0.26371786,0.0
1.0,0.804771,1.0
1.0,0.08589321,0.0
1.0,0.46345112,0.0
0.0,0.4301238,0.0
0.0,0.2734776,0.0
1.0,0.92703396,1.0
0.0,0.30948934,0.0
0.0,0.059648473,0.0
1.0,0.8508132,1.0
1.0,0.77269894,1.0
0.0,0.23477435,0.0
0.0,0.32993627,0.0
0.0,0.413716,0.0
0.0,0.21398519,0.0
0.0,0.044563893,0.0
1.0,0.88957477,1.0
1.0,0.7791675,1.0
0.0,0.23640548,0.0
1.0,0.6896983,1.0
1.0,0.5147013,1.0
1.0,0.9499503,1.0
1.0,0.9104251,1.0
0.0,0.26610073,0.0
1.0,0.49863213,0.0
0.0,0.41433278,0.0
0.0,0.11633924,0.0
0.0,0.042419784,0.0
0.0,0.22918354,0.0
1.0,0.39501846,0.0
0.0,0.34136635,0.0
0.0,0.44766462,0.0
1.0,0.46306777,0.0
0.0,0.26118785,0.0
1.0,0.9051183,1.0
0.0,0.004459857,0.0
0.0,0.26444665,0.0
1.0,0.98825884,1.0
1.0,0.4714077,0.0
0.0,0.2989461,0.0
1.0,0.99053496,1.0
1.0,0.975775,1.0
1.0,0.10117488,0.0
0.0,0.25374445,0.0
0.0,0.3358298,0.0
0.0,0.4284216,0.0
1.0,0.8815311,1.0
1.0,0.7535203,1.0
0.0,0.50971454,1.0
0.0,0.2907051,0.0
0.0,0.27230543,0.0
0.0,0.44468796,0.0
0.0,0.23409158,0.0
1.0,0.8877866,1.0
1.0,0.76631933,1.0
0.0,0.43961763,0.0
1.0,0.58511615,1.0
1.0,0.5883484,1.0
1.0,0.9903453,1.0
1.0,0.56467867,1.0
1.0,0.78280056,1.0
0.0,0.36785963,0.0
0.0,0.5333944,1.0
1.0,0.109039344,0.0
1.0,0.685525,1.0
0.0,0.031485427,0.0
0.0,0.6500076,1.0
0.0,0.120954365,0.0
1.0,0.593381,1.0
1.0,0.8810376,1.0
1.0,0.5952146,1.0
1.0,0.6726072,1.0
1.0,0.40755162,0.0
0.0,0.19989903,0.0
0.0,0.17981675,0.0
0.0,0.02685787,0.0
0.0,0.036407676,0.0
1.0,0.86460084,1.0
0.0,0.65597826,1.0
0.0,0.06613282,0.0
1.0,0.398043,0.0
0.0,0.28396204,0.0
1.0,0.8564219,1.0
0.0,0.41198796,0.0
1.0,0.5113141,1.0
1.0,0.63826984,1.0
0.0,0.6444152,1.0
1.0,0.48415837,0.0
0.0,0.54594976,1.0
1.0,0.5748519,1.0
1.0,0.6696083,1.0
0.0,0.31050724,0.0
0.0,0.82248974,1.0
1.0,0.31654626,0.0
0.0,0.8267275,1.0
1.0,0.84039503,1.0
1.0,0.2583746,0.0
1.0,0.8302081,1.0
0.0,0.21822514,0.0
1.0,0.6327886,1.0
0.0,0.41479015,0.0
1.0,0.77951926,1.0
1.0,0.6446594,1.0
1.0,0.9840941,1.0
1.0,0.38471156,0.0
0.0,0.003439975,0.0
1.0,0.784117,1.0
0.0,0.10806282,0.0
1.0,0.726289,1.0
1.0,0.18549275,0.0
0.0,0.28609082,0.0
1.0,0.42618433,0.0
0.0,0.3638977,0.0
0.0,0.3990952,0.0
1.0,0.33278123,0.0
0.0,0.2332063,0.0
1.0,0.54871047,1.0
1.0,0.8180223,1.0
0.0,0.6559958,1.0
1.0,0.398903,0.0
0.0,0.30585817,0.0
1.0,0.8225341,1.0
1.0,0.26537585,0.0
0.0,0.24846236,0.0
0.0,0.29118088,0.0
1.0,0.97127354,1.0
1.0,0.9526847,1.0
0.0,0.46916184,0.0
0.0,0.31891483,0.0
0.0,0.6197993,1.0
1.0,0.5486313,1.0
1.0,0.9639613,1.0
1.0,0.40461493,0.0
1.0,0.17677063,0.0
0.0,0.37993792,0.0
1.0,0.54644936,1.0
0.0,0.2500067,0.0
0.0,0.53774756,1.0
1.0,0.17033693,0.0
0.0,0.045876406,0.0
0.0,0.59579533,1.0
1.0,0.22129107,0.0
0.0,0.19643441,0.0
1.0,0.7420978,1.0
1.0,0.7441725,1.0
1.0,0.3170202,0.0
0.0,0.1460359,0.0
1.0,0.89903677,1.0
0.0,0.6547672,1.0
1.0,0.37161922,0.0
0.0,0.26880795,0.0
0.0,0.034222852,0.0
1.0,0.9480373,1.0
1.0,0.8495977,1.0
0.0,0.13833685,0.0
0.0,0.21090013,0.0
0.0,0.18067497,0.0
1.0,0.7407057,1.0
0.0,0.17064036,0.0
1.0,0.8605883,1.0
0.0,0.26687336,0.0
0.0,0.27570888,0.0
1.0,0.3324294,0.0
0.0,0.08464974,0.0
0.0,0.56643987,1.0
1.0,0.6044659,1.0
1.0,0.673172,1.0
1.0,0.7108641,1.0
0.0,0.7090834,1.0
1.0,0.38352248,0.0
1.0,0.721212,1.0
1.0,0.6157083,1.0
0.0,0.39826584,0.0
1.0,0.26750237,0.0
0.0,0.41114056,0.0
1.0,0.80911595,1.0
0.0,0.5189847,1.0
0.0,0.15522766,0.0
1.0,0.85841215,1.0
0.0,0.30788833,0.0
1.0,0.11962775,0.0
0.0,0.041401226,0.0
0.0,0.1281291,0.0
1.0,0.050512742,0.0
0.0,0.040921926,0.0
0.0,0.25045332,0.0
0.0,0.54180914,1.0
0.0,0.2974306,0.0
1.0,0.3293687,0.0
1.0,0.18612526,0.0
0.0,0.3299334,0.0
1.0,0.88618,1.0
0.0,0.7437974,1.0
1.0,0.2587151,0.0
1.0,0.31487894,0.0
1.0,0.97155267,1.0
1.0,0.13433303,0.0
1.0,0.98556805,1.0
1.0,0.98452353,1.0
1.0,0.96423054,1.0
1.0,0.78493893,1.0
0.0,0.5928418,1.0
0.0,0.23834799,0.0
1.0,0.4763298,0.0
1.0,0.64275646,1.0
1.0,0.7459224,1.0
1.0,0.9145991,1.0
1.0,0.9273676,1.0
0.0,0.27794653,0.0
0.0,0.45560962,0.0
0.0,0.19813648,0.0
1.0,0.563322,1.0
1.0,0.90512234,1.0
1.0,0.28236604,0.0
1.0,0.8300444,1.0
0.0,0.0038987172,0.0
0.0,0.33425528,0.0
1.0,0.4583004,0.0
0.0,0.5975231,1.0
0.0,0.9637983,1.0
0.0,0.30404088,0.0
0.0,0.2970909,0.0
1.0,0.6897868,1.0
0.0,0.13320781,0.0
0.0,0.027973782,0.0
1.0,0.8565824,1.0
1.0,0.6997914,1.0
1.0,0.58189964,1.0
1.0,0.41099185,0.0
0.0,0.4884938,0.0
1.0,0.32627082,0.0
1.0,0.7071027,1.0
1.0,0.47186372,0.0
0.0,0.095980234,0.0
0.0,0.09365394,0.0
1.0,0.7629904,1.0
0.0,0.3659631,0.0
1.0,0.47313526,0.0
0.0,0.12987664,0.0
1.0,0.7076389,1.0
1.0,0.90768415,1.0
0.0,0.04744662,0.0
0.0,0.31365702,0.0
0.0,0.30404457,0.0
0.0,0.46020117,0.0
0.0,0.3207845,0.0
1.0,0.39394072,0.0
1.0,0.7801448,1.0
0.0,0.105258785,0.0
1.0,0.64139336,1.0
1.0,0.6088779,1.0
0.0,0.4279271,0.0
0.0,0.024445312,0.0
1.0,0.3338056,0.0
1.0,0.95064396,1.0
1.0,0.31071982,0.0
1.0,0.4422245,0.0
0.0,0.003411227,0.0
0.0,0.23093997,0.0
0.0,0.2783166,0.0
0.0,0.0053245504,0.0
0.0,0.008718568,0.0
1.0,0.9792259,1.0
0.0,0.25979424,0.0
1.0,0.9910892,1.0
0.0,0.23745275,0.0
0.0,0.016473845,0.0
0.0,0.3057728,0.0
0.0,0.34625775,0.0
0.0,0.24635267,0.0
1.0,0.6560219,1.0
0.0,0.39035547,0.0
1.0,0.85399175,1.0
1.0,0.75206053,1.0
1.0,0.419468,0.0
1.0,0.83775353,1.0
0.0,0.047994953,0.0
0.0,0.0345438,0.0
1.0,0.07268926,0.0
0.0,0.37659144,0.0
1.0,0.47187167,0.0
1.0,0.96795404,1.0
0.0,0.48140272,0.0
1.0,0.9917,1.0
0.0,0.16548094,0.0
0.0,0.58714736,1.0
0.0,0.73189735,1.0
0.0,0.028804207,0.0
0.0,0.13253051,0.0
1.0,0.39282507,0.0
1.0,0.62718284,1.0
0.0,0.089292094,0.0
1.0,0.9752465,1.0
0.0,0.16208453,0.0
0.0,0.509617,1.0
0.0,0.2533462,0.0
0.0,0.08891548,0.0
0.0,0.004969311,0.0
1.0,0.46271172,0.0
1.0,0.380116,0.0
0.0,0.034000684,0.0
1.0,0.97279626,1.0
1.0,0.8255611,1.0
0.0,0.6485263,1.0
1.0,0.8677485,1.0
0.0,0.23841563,0.0
1.0,0.7473431,1.0
1.0,0.35160732,0.0
0.0,0.45394355,0.0
0.0,0.5646631,1.0
1.0,0.542198,1.0
0.0,0.49576902,0.0
1.0,0.9867943,1.0
1.0,0.3253804,0.0
1.0,0.8953099,1.0
1.0,0.058195136,0.0
0.0,0.0888764,0.0
0.0,0.74866617,1.0
1.0,0.906765,1.0
1.0,0.26042077,0.0
1.0,0.72712433,1.0
1.0,0.51100093,1.0
1.0,0.9373136,1.0
0.0,0.22843292,0.0
1.0,0.9290549,1.0
0.0,0.1120741,0.0
0.0,0.58466494,1.0
1.0,0.6831181,1.0
1.0,0.59309566,1.0
0.0,0.21719055,0.0
0.0,0.65478903,1.0
0.0,0.16818395,0.0
0.0,0.236208,0.0
0.0,0.32902017,0.0
0.0,0.35398751,0.0
0.0,0.13273652,0.0
1.0,0.26609087,0.0
0.0,0.6409138,1.0
1.0,0.44659013,0.0
0.0,0.42374265,0.0
0.0,0.23793101,0.0
0.0,0.043986868,0.0
0.0,0.15438479,0.0
0.0,0.0810353,0.0
1.0,0.37365323,0.0
1.0,0.3498665,0.0
0.0,0.6623351,1.0
1.0,0.22257832,0.0
1.0,0.31665605,0.0
0.0,0.6545087,1.0
1.0,0.8911556,1.0
0.0,0.69022125,1.0
1.0,0.9863305,1.0
1.0,0.44284752,0.0
0.0,0.692127,1.0
1.0,0.8389111,1.0
0.0,0.4543448,0.0
0.0,0.22385041,0.0
0.0,0.0037836344,0.0
1.0,0.81102294,1.0
1.0,0.27097085,0.0
0.0,0.29225233,0.0
1.0,0.97940516,1.0
1.0,0.9219714,1.0
1.0,0.93038005,1.0
0.0,0.35634628,0.0
1.0,0.9939196,1.0
0.0,0.2597124,0.0
1.0,0.93712115,1.0
0.0,0.11513653,0.0
0.0,0.036170594,0.0
0.0,0.09824532,0.0
0.0,0.10715088,0.0
1.0,0.34773174,0.0
1.0,0.45248926,0.0
0.0,0.43151036,0.0
1.0,0.9885716,1.0
1.0,0.80562246,1.0
1.0,0.93303436,1.0
1.0,0.41131383,0.0
0.0,0.084215336,0.0
1.0,0.35563126,0.0
0.0,0.069919154,0.0
0.0,0.32074565,0.0
0.0,0.18253593,0.0
0.0,0.24409302,0.0
0.0,0.19212028,0.0
1.0,0.68416435,1.0
1.0,0.8304043,1.0
1.0,0.9213815,1.0
1.0,0.14707597,0.0
0.0,0.8922534,1.0
1.0,0.34008515,0.0
1.0,0.48266324,0.0
1.0,0.86117506,1.0
0.0,0.75834924,1.0
0.0,0.6224455,1.0
1.0,0.9169885,1.0
1.0,0.5650872,1.0
0.0,0.10549399,0.0
0.0,0.06346642,0.0
1.0,0.702379,1.0
1.0,0.9872732,1.0
1.0,0.40026015,0.0
1.0,0.19692007,0.0
0.0,0.26583523,0.0
1.0,0.5549188,1.0
0.0,0.34928885,0.0
1.0,0.9645685,1.0
0.0,0.15449135,0.0
0.0,0.057260897,0.0
0.0,0.5433892,1.0
1.0,0.9174449,1.0
1.0,0.5255639,1.0
1.0,0.2852099,0.0
0.0,0.11871193,0.0
1.0,0.5065028,1.0
1.0,0.5828816,1.0
0.0,0.34096894,0.0
0.0,0.38452277,0.0
0.0,0.6612577,1.0
0.0,0.4144806,0.0
1.0,0.6890706,1.0
1.0,0.94883966,1.0
0.0,0.009562218,0.0
0.0,0.31053466,0.0
0.0,0.26965737,0.0
0.0,0.1739061,0.0
1.0,0.39372867,0.0
0.0,0.14646603,0.0
0.0,0.30556512,0.0
1.0,0.11859229,0.0
1.0,0.2893922,0.0
0.0,0.69727147,1.0
0.0,0.27235729,0.0
0.0,0.32399908,0.0
0.0,0.09069424,0.0
1.0,0.3746485,0.0
0.0,0.030099606,0.0
0.0,0.06160674,0.0
1.0,0.32805425,0.0
1.0,0.9061019,1.0
0.0,0.41943595,0.0
0.0,0.31909132,0.0
1.0,0.020172512,0.0
0.0,0.04865551,0.0
1.0,0.729437,1.0
0.0,0.5780409,1.0
0.0,0.16292368,0.0
1.0,0.9553831,1.0
1.0,0.5591906,1.0
1.0,0.2072215,0.0
0.0,0.41696417,0.0
1.0,0.40354183,0.0
1.0,0.6550598,1.0
0.0,0.13272847,0.0
1.0,0.923755,1.0
1.0,0.7256154,1.0
0.0,0.2986099,0.0
0.0,0.39931256,0.0
1.0,0.27862063,0.0
1.0,0.95767754,1.0
1.0,0.30839562,0.0
1.0,0.8092058,1.0
0.0,0.5156777,1.0
0.0,0.24142508,0.0
0.0,0.76966304,1.0
0.0,0.1318406,0.0
0.0,0.33475983,0.0
1.0,0.9381242,1.0
0.0,0.38018855,0.0
0.0,0.17368603,0.0
1.0,0.5557244,1.0
0.0,0.5923829,1.0
1.0,0.48350316,0.0
1.0,0.54183084,1.0
0.0,0.48246816,0.0
0.0,0.026407747,0.0
0.0,0.35684276,0.0
0.0,0.74125,1.0
0.0,0.15776718,0.0
0.0,0.3113246,0.0
1.0,0.5739941,1.0
0.0,0.29863492,0.0
0.0,0.07484574,0.0
1.0,0.9593184,1.0
0.0,0.29307586,0.0
1.0,0.74688584,1.0
1.0,0.9521823,1.0
0.0,0.35655677,0.0
1.0,0.4541704,0.0
0.0,0.3865247,0.0
0.0,0.713712,1.0
0.0,0.09294736,0.0
0.0,0.4279358,0.0
1.0,0.49467793,0.0
0.0,0.13465832,0.0
0.0,0.07063085,0.0
1.0,0.3348218,0.0
1.0,0.56232333,1.0
1.0,0.9913742,1.0
1.0,0.61279,1.0
1.0,0.6815804,1.0
1.0,0.5969597,1.0
1.0,0.3122262,0.0
1.0,0.5900109,1.0
1.0,0.82766646,1.0
0.0,0.78459257,1.0
1.0,0.24920745,0.0
0.0,0.51831776,1.0
0.0,0.16672581,0.0
0.0,0.2881834,0.0
0.0,0.26017264,0.0
1.0,0.43417206,0.0
0.0,0.19607547,0.0
1.0,0.9165503,1.0
0.0,0.71336997,1.0
0.0,0.43464836,0.0
0.0,0.3195586,0.0
0.0,0.20533319,0.0
1.0,0.8382573,1.0
1.0,0.7730632,1.0
1.0,0.5748183,1.0
0.0,0.11169849,0.0
0.0,0.25821117,0.0
0.0,0.4676604,0.0
0.0,0.030111179,0.0
1.0,0.6571565,1.0
0.0,0.24035096,0.0
1.0,0.2532613,0.0
1.0,0.82044876,1.0
0.0,0.5131516,1.0
1.0,0.47050133,0.0
0.0,0.5995275,1.0
1.0,0.31458107,0.0
1.0,0.4008745,0.0
0.0,0.25876033,0.0
0.0,0.7482354,1.0
1.0,0.80772215,1.0
0.0,0.19212835,0.0
0.0,0.006246413,0.0
0.0,0.2570646,0.0
1.0,0.5934071,1.0
0.0,0.6866553,1.0
0.0,0.2280212,0.0
0.0,0.034586903,0.0
1.0,0.36889902,0.0
1.0,0.99030167,1.0
0.0,0.35104594,0.0
0.0,0.43753773,0.0
1.0,0.6712021,1.0
1.0,0.229033,0.0
1.0,0.7974555,1.0
0.0,0.58546084,1.0
0.0,0.23175147,0.0
0.0,0.15057419,0.0
0.0,0.12395345,0.0
1.0,0.7978727,1.0
1.0,0.9397201,1.0
1.0,0.25370872,0.0
1.0,0.85137635,1.0
0.0,0.3958619,0.0
0.0,0.36714116,0.0
1.0,0.9875951,1.0
1.0,0.9186674,1.0
0.0,0.17592144,0.0
0.0,0.43468893,0.0
0.0,0.11249971,0.0
0.0,0.4112212,0.0
0.0,0.23751879,0.0
1.0,0.93014926,1.0
1.0,0.39023653,0.0
0.0,0.079423726,0.0
0.0,0.63541704,1.0
1.0,0.35821328,0.0
0.0,0.51854676,1.0
0.0,0.0738439,0.0
1.0,0.7397567,1.0
1.0,0.6254226,1.0
1.0,0.38397583,0.0
0.0,0.7331616,1.0
1.0,0.9640765,1.0
1.0,0.4462581,0.0
1.0,0.766685,1.0
1.0,0.32448992,0.0
0.0,0.3870774,0.0
0.0,0.003684053,0.0
0.0,0.2987486,0.0
0.0,0.018032975,0.0
1.0,0.77380115,1.0
0.0,0.3439987,0.0
0.0,0.52406293,1.0
1.0,0.8691038,1.0
1.0,0.47251448,0.0
1.0,0.27804613,0.0
0.0,0.0043793498,0.0
0.0,0.103312135,0.0
0.0,0.49133646,0.0
1.0,0.23360646,0.0
0.0,0.29931733,0.0
1.0,0.8748056,1.0
0.0,0.7243449,1.0
1.0,0.94252485,1.0
1.0,0.92725027,1.0
1.0,0.66669154,1.0
1.0,0.36387682,0.0
1.0,0.37920564,0.0
0.0,0.55914193,1.0
1.0,0.47511756,0.0
1.0,0.49440172,0.0
1.0,0.29128635,0.0
0.0,0.2123634,0.0
1.0,0.84415644,1.0
1.0,0.48581508,0.0
1.0,0.8565167,1.0
1.0,0.7606729,1.0
1.0,0.51230925,1.0
1.0,0.8312372,1.0
1.0,0.9716557,1.0
0.0,0.1200503,0.0
1.0,0.90593016,1.0
1.0,0.62487006,1.0
1.0,0.4266647,0.0
0.0,0.19167559,0.0
1.0,0.7759454,1.0
1.0,0.7686293,1.0
1.0,0.19391696,0.0
0.0,0.4926896,0.0
0.0,0.3546611,0.0
0.0,0.5109431,1.0
1.0,0.4844069,0.0
0.0,0.07126055,0.0
0.0,0.5598659,1.0
1.0,0.9521705,1.0
0.0,0.8384251,1.0
1.0,0.09793642,0.0
0.0,0.35867766,0.0
0.0,0.71585923,1.0
1.0,0.8843469,1.0
0.0,0.29440334,0.0
1.0,0.8346605,1.0
1.0,0.9317262,1.0
0.0,0.14496946,0.0
0.0,0.1651816,0.0
1.0,0.37683818,0.0
0.0,0.09059121,0.0
1.0,0.4627739,0.0
1.0,0.445115,0.0
0.0,0.026638761,0.0
0.0,0.25626835,0.0
1.0,0.8415119,1.0
1.0,0.48945594,0.0
1.0,0.93904394,1.0
0.0,0.019872205,0.0
1.0,0.9791645,1.0
0.0,0.07429936,0.0
1.0,0.58137035,1.0
0.0,0.42434582,0.0
0.0,0.13260321,0.0
1.0,0.34180927,0.0
0.0,0.057003886,0.0
0.0,0.05350097,0.0
1.0,0.74179584,1.0
1.0,0.8368049,1.0
0.0,0.5288505,1.0
0.0,0.69879025,1.0
1.0,0.663975,1.0
1.0,0.86731935,1.0
0.0,0.82060224,1.0
1.0,0.88536936,1.0
0.0,0.09921549,0.0
0.0,0.4878399,0.0
0.0,0.26607004,0.0
0.0,0.526982,1.0
1.0,0.38577038,0.0
0.0,0.14596948,0.0
1.0,0.16881584,0.0
1.0,0.5199667,1.0
1.0,0.74169594,1.0
1.0,0.8713382,1.0
0.0,0.43665424,0.0
0.0,0.039645217,0.0
1.0,0.9173844,1.0
1.0,0.15525146,0.0
1.0,0.92444295,1.0
0.0,0.013830323,0.0
1.0,0.744525,1.0
1.0,0.7170891,1.0
0.0,0.2877928,0.0
1.0,0.54892963,1.0
1.0,0.42879546,0.0
1.0,0.50071365,1.0
1.0,0.839586,1.0
1.0,0.93732387,1.0
1.0,0.9100642,1.0
1.0,0.6605453,1.0
1.0,0.6418536,1.0
0.0,0.41908717,0.0
0.0,0.03594714,0.0
1.0,0.92484444,1.0
1.0,0.7293915,1.0
0.0,0.3322216,0.0
0.0,0.8351705,1.0
0.0,0.19154525,0.0
1.0,0.61290556,1.0
1.0,0.9124341,1.0
0.0,0.45396635,0.0
0.0,0.3786885,0.0
0.0,0.40255412,0.0
0.0,0.020609146,0.0
1.0,0.2834375,0.0
1.0,0.5739194,1.0
1.0,0.33963564,0.0
0.0,0.35240296,0.0
0.0,0.23051159,0.0
0.0,0.09213097,0.0
0.0,0.51830137,1.0
0.0,0.25446135,0.0
1.0,0.5716105,1.0
1.0,0.9653937,1.0
0.0,0.3786097,0.0
1.0,0.98733795,1.0
0.0,0.14712703,0.0
0.0,0.3821564,0.0
0.0,0.6065261,1.0
0.0,0.02906763,0.0
0.0,0.21216907,0.0
0.0,0.08693138,0.0
1.0,0.51563287,1.0
1.0,0.98865974,1.0
0.0,0.6395097,1.0
0.0,0.04471633,0.0
1.0,0.84021205,1.0
0.0,0.7604015,1.0
0.0,0.73110855,1.0
0.0,0.70825166,1.0
0.0,0.107372314,0.0
0.0,0.34197265,0.0
1.0,0.86254764,1.0
1.0,0.97783035,1.0
0.0,0.27671963,0.0
1.0,0.96785605,1.0
0.0,0.4137858,0.0
0.0,0.1284437,0.0
1.0,0.5729065,1.0
1.0,0.681236,1.0
1.0,0.9385006,1.0
0.0,0.07828957,0.0
1.0,0.32721215,0.0
1.0,0.90350264,1.0
0.0,0.50003165,1.0
1.0,0.69516325,1.0
0.0,0.06976364,0.0
1.0,0.98695636,1.0
0.0,0.46656162,0.0
1.0,0.955162,1.0
0.0,0.018608427,0.0
0.0,0.326001,0.0
1.0,0.8358394,1.0
0.0,0.049329918,0.0
0.0,0.32479686,0.0
0.0,0.63253486,1.0
1.0,0.84563154,1.0
0.0,0.38381064,0.0
1.0,0.9538944,1.0
0.0,0.63115036,1.0
0.0,0.36703086,0.0
0.0,0.10137698,0.0
1.0,0.9265991,1.0
0.0,0.3060829,0.0
0.0,0.22486499,0.0
0.0,0.4372603,0.0
0.0,0.07630866,0.0
0.0,0.2527714,0.0
1.0,0.7887321,1.0
0.0,0.3265929,0.0
0.0,0.37872276,0.0
1.0,0.44072297,0.0
1.0,0.91807,1.0
0.0,0.49368253,0.0
1.0,0.9597039,1.0
1.0,0.76436734,1.0
1.0,0.9572436,1.0
1.0,0.48989642,0.0
0.0,0.32907623,0.0
0.0,0.21630707,0.0
0.0,0.28114018,0.0
0.0,0.1838063,0.0
0.0,0.52634,1.0
0.0,0.8130271,1.0
1.0,0.7810591,1.0
1.0,0.17373165,0.0
0.0,0.6305738,1.0
1.0,0.34890515,0.0
1.0,0.98534435,1.0
0.0,0.7468497,1.0
1.0,0.9036277,1.0
1.0,0.16281039,0.0
0.0,0.3050826,0.0
0.0,0.31159684,0.0
1.0,0.5415186,1.0
0.0,0.099378996,0.0
1.0,0.79959905,1.0
0.0,0.34083432,0.0
1.0,0.98195285,1.0
0.0,0.3015061,0.0
1.0,0.9286455,1.0
1.0,0.7914135,1.0
0.0,0.32540345,0.0
0.0,0.32513773,0.0
0.0,0.25540364,0.0
0.0,0.5146931,1.0
0.0,0.36748645,0.0
1.0,0.56083024,1.0
0.0,0.33164987,0.0
0.0,0.6526623,1.0
0.0,0.028406741,0.0
0.0,0.42916682,0.0
1.0,0.6898853,1.0
0.0,0.15836836,0.0
0.0,0.36203322,0.0
0.0,0.30938232,0.0
1.0,0.6555168,1.0
0.0,0.14986578,0.0
0.0,0.06430763,0.0
0.0,0.53721327,1.0
1.0,0.2851573,0.0
0.0,0.23936915,0.0
0.0,0.34254792,0.0
0.0,0.40465617,0.0
0.0,0.8116777,1.0
1.0,0.4772033,0.0
1.0,0.9077363,1.0
1.0,0.7361382,1.0
0.0,0.39702818,0.0
0.0,0.3285014,0.0
0.0,0.32398984,0.0
1.0,0.799703,1.0
0.0,0.0076314844,0.0
0.0,0.29082406,0.0
0.0,0.11306427,0.0
1.0,0.30242294,0.0
0.0,0.4491963,0.0
1.0,0.8353936,1.0
0.0,0.29480374,0.0
1.0,0.47829634,0.0
0.0,0.07380306,0.0
1.0,0.7939782,1.0
1.0,0.44766638,0.0
1.0,0.8926527,1.0
1.0,0.8351757,1.0
0.0,0.6138733,1.0
1.0,0.7679685,1.0
0.0,0.49653623,0.0
1.0,0.7291229,1.0
0.0,0.7932187,1.0
0.0,0.14688039,0.0
1.0,0.47636303,0.0
0.0,0.1893454,0.0
1.0,0.28046674,0.0
1.0,0.7590116,1.0
1.0,0.60548687,1.0
0.0,0.19567835,0.0
0.0,0.30133802,0.0
0.0,0.19787063,0.0
1.0,0.9651347,1.0
0.0,0.41052312,0.0
0.0,0.06674441,0.0
0.0,0.46488592,0.0
1.0,0.7259499,1.0
1.0,0.34753624,0.0
1.0,0.5168997,1.0
1.0,0.69295853,1.0
1.0,0.33752576,0.0
0.0,0.23384994,0.0
1.0,0.71988165,1.0
1.0,0.40958256,0.0
0.0,0.50236076,1.0
0.0,0.26452744,0.0
1.0,0.78604245,1.0
0.0,0.20269294,0.0
1.0,0.9717273,1.0
1.0,0.96459323,1.0
0.0,0.17547375,0.0
1.0,0.66680443,1.0
0.0,0.25003594,0.0
1.0,0.9589032,1.0
0.0,0.17933856,0.0
0.0,0.21864848,0.0
1.0,0.25318223,0.0
1.0,0.72133154,1.0
0.0,0.03751077,0.0
1.0,0.81856114,1.0
1.0,0.9486357,1.0
0.0,0.32412025,0.0
1.0,0.98884296,1.0
1.0,0.46297562,0.0
1.0,0.6942314,1.0
0.0,0.77879643,1.0
0.0,0.39667723,0.0
0.0,0.09890469,0.0
1.0,0.94249153,1.0
1.0,0.7738661,1.0
1.0,0.75673574,1.0
1.0,0.5411888,1.0
0.0,0.69205636,1.0
0.0,0.3563339,0.0
0.0,0.32600957,0.0
0.0,0.34986654,0.0
0.0,0.24814773,0.0
1.0,0.74222,1.0
1.0,0.96525496,1.0
1.0,0.5913258,1.0
1.0,0.8603605,1.0
1.0,0.57652634,1.0
0.0,0.05051057,0.0
0.0,0.21213046,0.0
0.0,0.41939744,0.0
1.0,0.9408484,1.0
0.0,0.28316835,0.0
1.0,0.2736852,0.0
0.0,0.44226107,0.0
0.0,0.6465587,1.0
1.0,0.33107552,0.0
1.0,0.91306645,1.0
0.0,0.23365112,0.0
1.0,0.5393968,1.0
0.0,0.191996,0.0
0.0,0.4005507,0.0
0.0,0.29532912,0.0
0.0,0.036136534,0.0
0.0,0.109164305,0.0
1.0,0.796351,1.0
0.0,0.12583622,0.0
1.0,0.45233682,0.0
0.0,0.11073148,0.0
0.0,0.33077887,0.0
1.0,0.845976,1.0
0.0,0.16665685,0.0
1.0,0.7333743,1.0
1.0,0.40913635,0.0
1.0,0.95646966,1.0
1.0,0.052039832,0.0
0.0,0.22217232,0.0
0.0,0.22724886,0.0
1.0,0.99076825,1.0
0.0,0.35310298,0.0
0.0,0.10351805,0.0
1.0,0.9644831,1.0
1.0,0.37109086,0.0
0.0,0.07190593,0.0
1.0,0.19793613,0.0
1.0,0.352167,0.0
0.0,0.0048328717,0.0
0.0,0.4428584,0.0
0.0,0.09297248,0.0
0.0,0.29837993,0.0
0.0,0.8132394,1.0
1.0,0.9902085,1.0
0.0,0.30342823,0.0
0.0,0.509492,1.0
1.0,0.86644405,1.0
1.0,0.9910698,1.0
0.0,0.28317973,0.0
0.0,0.037274484,0.0
1.0,0.7837262,1.0
0.0,0.26027203,0.0
0.0,0.43233514,0.0
1.0,0.59263235,1.0
0.0,0.3284395,0.0
0.0,0.18280816,0.0
1.0,0.871652,1.0
0.0,0.28360912,0.0
0.0,0.16378753,0.0
1.0,0.50484467,1.0
1.0,0.3675851,0.0
0.0,0.56209886,1.0
0.0,0.17232756,0.0
0.0,0.6141507,1.0
1.0,0.79274094,1.0
1.0,0.36041912,0.0
1.0,0.5803233,1.0
1.0,0.6251072,1.0
1.0,0.57319987,1.0
1.0,0.529709,1.0
0.0,0.213227,0.0
1.0,0.7318263,1.0
0.0,0.005842135,0.0
1.0,0.9922301,1.0
1.0,0.5024663,1.0
0.0,0.10125941,0.0
0.0,0.17028162,0.0
1.0,0.12301193,0.0
0.0,0.021161346,0.0
1.0,0.91212374,1.0
0.0,0.20356473,0.0
0.0,0.40395808,0.0
1.0,0.5874912,1.0
1.0,0.98918694,1.0
0.0,0.6962976,1.0
1.0,0.909261,1.0
1.0,0.9762098,1.0
1.0,0.39600974,0.0
1.0,0.977966,1.0
1.0,0.91073114,1.0
1.0,0.55551064,1.0
0.0,0.29947183,0.0
0.0,0.3884956,0.0
1.0,0.46935222,0.0
1.0,0.22176707,0.0
0.0,0.007301478,0.0
1.0,0.9911822,1.0
0.0,0.35621732,0.0
1.0,0.8790865,1.0
1.0,0.8930569,1.0
0.0,0.028579203,0.0
0.0,0.1342867,0.0
0.0,0.37287396,0.0
0.0,0.30652657,0.0
0.0,0.24153993,0.0
1.0,0.93338174,1.0
0.0,0.08741737,0.0
0.0,0.07861492,0.0
1.0,0.13510732,0.0
1.0,0.8407887,1.0
1.0,0.327832,0.0
0.0,0.3708102,0.0
1.0,0.21721406,0.0
1.0,0.3546256,0.0
1.0,0.8950681,1.0
1.0,0.17581256,0.0
0.0,0.5402191,1.0
0.0,0.20850524,0.0
0.0,0.20589507,0.0
1.0,0.38598618,0.0
0.0,0.45402732,0.0
1.0,0.9019269,1.0
1.0,0.9853682,1.0
0.0,0.36303368,0.0
1.0,0.23672251,0.0
0.0,0.06593557,0.0
0.0,0.0062766713,0.0
1.0,0.933218,1.0
0.0,0.04740533,0.0
0.0,0.5199013,1.0
0.0,0.07245489,0.0
0.0,0.31639072,0.0
0.0,0.06136415,0.0
1.0,0.9479131,1.0
0.0,0.3413595,0.0
1.0,0.79002565,1.0
1.0,0.7906195,1.0
1.0,0.5914975,1.0
1.0,0.94973594,1.0
0.0,0.31751707,0.0
1.0,0.6442313,1.0
1.0,0.95835996,1.0
0.0,0.603295,1.0
0.0,0.4275833,0.0
1.0,0.6795503,1.0
1.0,0.9054855,1.0
1.0,0.8294294,1.0
0.0,0.5169276,1.0
0.0,0.28777322,0.0
1.0,0.8685268,1.0
0.0,0.46401912,0.0
1.0,0.29435608,0.0
0.0,0.21046792,0.0
0.0,0.03274103,0.0
0.0,0.12704237,0.0
1.0,0.443749,0.0
0.0,0.06806124,0.0
1.0,0.7387315,1.0
1.0,0.29661283,0.0
0.0,0.11451457,0.0
0.0,0.1347113,0.0
0.0,0.4176962,0.0
1.0,0.92729837,1.0
0.0,0.4253542,0.0
0.0,0.35512945,0.0
0.0,0.30082354,0.0
0.0,0.583744,1.0
1.0,0.62110704,1.0
0.0,0.26678854,0.0
0.0,0.3264819,0.0
1.0,0.2600509,0.0
0.0,0.13362528,0.0
0.0,0.012162085,0.0
0.0,0.56343305,1.0
1.0,0.60065204,1.0
1.0,0.07737319,0.0
0.0,0.51041543,1.0
0.0,0.33570895,0.0
0.0,0.16717137,0.0
1.0,0.6962584,1.0
0.0,0.13755931,0.0
1.0,0.5924892,1.0
0.0,0.2402384,0.0
1.0,0.88303304,1.0
0.0,0.33132854,0.0
1.0,0.9080184,1.0
1.0,0.89388555,1.0
1.0,0.60292006,1.0
1.0,0.41238034,0.0
0.0,0.28081113,0.0
1.0,0.6214826,1.0
1.0,0.46270588,0.0
1.0,0.48399314,0.0
1.0,0.33940524,0.0
1.0,0.42517373,0.0
1.0,0.8189742,1.0
1.0,0.3509327,0.0
1.0,0.7649366,1.0
0.0,0.50748575,1.0
0.0,0.08144521,0.0
0.0,0.3705738,0.0
1.0,0.33664918,0.0
0.0,0.55124897,1.0
0.0,0.33339295,0.0
1.0,0.46053165,0.0
0.0,0.31210583,0.0
0.0,0.09612983,0.0
1.0,0.72135174,1.0
1.0,0.9876599,1.0
0.0,0.027969252,0.0
1.0,0.4979381,0.0
1.0,0.8649228,1.0
1.0,0.81744146,1.0
0.0,0.121058635,0.0
0.0,0.33800048,0.0
0.0,0.36098728,0.0
1.0,0.26962996,0.0
1.0,0.9310088,1.0
0.0,0.3327588,0.0
0.0,0.28646114,0.0
0.0,0.06485241,0.0
0.0,0.31683856,0.0
1.0,0.09340788,0.0
0.0,0.0051331613,0.0
0.0,0.21376245,0.0
1.0,0.9537466,1.0
1.0,0.48738515,0.0
0.0,0.27137902,0.0
0.0,0.3980534,0.0
0.0,0.10391629,0.0
0.0,0.40834,0.0
1.0,0.35361698,0.0
1.0,0.42205387,0.0
1.0,0.18446343,0.0
1.0,0.49022755,0.0
0.0,0.30487248,0.0
0.0,0.29932126,0.0
1.0,0.80785996,1.0
1.0,0.7289905,1.0
0.0,0.4360812,0.0
0.0,0.19700001,0.0
0.0,0.0077106855,0.0
0.0,0.42870829,0.0
0.0,0.21907207,0.0
1.0,0.5545803,1.0
0.0,0.108647004,0.0
0.0,0.11473,0.0
1.0,0.9674193,1.0
1.0,0.91493696,1.0
0.0,0.039192297,0.0
0.0,0.41091356,0.0
1.0,0.95433474,1.0
1.0,0.8825839,1.0
0.0,0.024677906,0.0
1.0,0.8592036,1.0
1.0,0.95865667,1.0
1.0,0.7149631,1.0
1.0,0.41675434,0.0
0.0,0.25551638,0.0
1.0,0.73947024,1.0
1.0,0.40205503,0.0
1.0,0.9940111,1.0
1.0,0.4566459,0.0
1.0,0.94364184,1.0
0.0,0.3393835,0.0
0.0,0.38475442,0.0
0.0,0.041372605,0.0
0.0,0.39592054,0.0
0.0,0.21607271,0.0
0.0,0.40582016,0.0
0.0,0.5654113,1.0
1.0,0.34568357,0.0
1.0,0.2416562,0.0
0.0,0.1634921,0.0
1.0,0.98766196,1.0
1.0,0.93805224,1.0
1.0,0.9157256,1.0
0.0,0.4173844,0.0
0.0,0.4631994,0.0
1.0,0.24936284,0.0
0.0,0.035924535,0.0
0.0,0.3717314,0.0
1.0,0.4803575,0.0
1.0,0.695085,1.0
1.0,0.9929623,1.0
0.0,0.3596452,0.0
1.0,0.6306781,1.0
0.0,0.0070740003,0.0
0.0,0.15428354,0.0
1.0,0.91166055,1.0
1.0,0.7851843,1.0
0.0,0.51931125,1.0
1.0,0.41473937,0.0
1.0,0.9134779,1.0
0.0,0.015202279,0.0
0.0,0.96042234,1.0
0.0,0.18813619,0.0
0.0,0.526923,1.0
1.0,0.40064847,0.0
1.0,0.60805583,1.0
1.0,0.45906758,0.0
1.0,0.52945703,1.0
0.0,0.6332062,1.0
1.0,0.9860239,1.0
1.0,0.67065287,1.0
1.0,0.23722479,0.0
0.0,0.027178401,0.0
1.0,0.7734218,1.0
0.0,0.06611412,0.0
0.0,0.45871788,0.0
0.0,0.15379779,0.0
1.0,0.48526403,0.0
0.0,0.38788295,0.0
0.0,0.47357345,0.0
1.0,0.56939405,1.0
0.0,0.14267325,0.0
0.0,0.049591716,0.0
1.0,0.7875274,1.0
1.0,0.8784548,1.0
0.0,0.5099988,1.0
0.0,0.442801,0.0
1.0,0.9742465,1.0
0.0,0.021363413,0.0
0.0,0.0055326535,0.0
0.0,0.150937,0.0
0.0,0.11696822,0.0
1.0,0.9268874,1.0
0.0,0.057851844,0.0
1.0,0.21329962,0.0
0.0,0.24995854,0.0
0.0,0.14883734,0.0
1.0,0.98181677,1.0
0.0,0.33426327,0.0
0.0,0.068924725,0.0
1.0,0.92974246,1.0
0.0,0.34241965,0.0
0.0,0.067840174,0.0
1.0,0.9853178,1.0
1.0,0.8077816,1.0
0.0,0.081134476,0.0
1.0,0.74187887,1.0
1.0,0.8426386,1.0
1.0,0.8905789,1.0
0.0,0.10902438,0.0
0.0,0.23317607,0.0
0.0,0.524012,1.0
0.0,0.25441596,0.0
1.0,0.39707792,0.0
1.0,0.688946,1.0
1.0,0.73956937,1.0
1.0,0.94760096,1.0
0.0,0.7047262,1.0
1.0,0.44988182,0.0
0.0,0.35144293,0.0
0.0,0.18092982,0.0
0.0,0.60422766,1.0
0.0,0.5392521,1.0
0.0,0.46602735,0.0
1.0,0.6123269,1.0
1.0,0.6837113,1.0
0.0,0.13463715,0.0
1.0,0.98846614,1.0
0.0,0.40463665,0.0
1.0,0.46730366,0.0
1.0,0.8696286,1.0
0.0,0.1690701,0.0
0.0,0.2940158,0.0
1.0,0.80986416,1.0
1.0,0.9466149,1.0
0.0,0.31793824,0.0
1.0,0.58547825,1.0
0.0,0.4150415,0.0
1.0,0.7777087,1.0
0.0,0.54730594,1.0
0.0,0.43469515,0.0
0.0,0.11698637,0.0
0.0,0.04323461,0.0
1.0,0.9879171,1.0
1.0,0.92679554,1.0
0.0,0.26701835,0.0
1.0,0.28274417,0.0
0.0,0.22385646,0.0
0.0,0.68497396,1.0
1.0,0.5169076,1.0
1.0,0.9891502,1.0
1.0,0.74557346,1.0
1.0,0.6791234,1.0
0.0,0.18616956,0.0
1.0,0.8750079,1.0
0.0,0.06654946,0.0
1.0,0.39525908,0.0
1.0,0.14094523,0.0
0.0,0.332644,0.0
0.0,0.005049564,0.0
1.0,0.779117,1.0
0.0,0.4189363,0.0
1.0,0.067140624,0.0
1.0,0.38475448,0.0
0.0,0.071705915,0.0
0.0,0.33166954,0.0
0.0,0.29673603,0.0
0.0,0.25868276,0.0
0.0,0.030145396,0.0
1.0,0.5478076,1.0
0.0,0.6924999,1.0
0.0,0.25395927,0.0
1.0,0.83261526,1.0
1.0,0.7736735,1.0
1.0,0.78144103,1.0
0.0,0.004113051,0.0
0.0,0.666036,1.0
1.0,0.8106788,1.0
0.0,0.00683376,0.0
1.0,0.8489825,1.0
0.0,0.23655942,0.0
1.0,0.2784444,0.0
0.0,0.33857962,0.0
1.0,0.9435627,1.0
1.0,0.6441469,1.0
1.0,0.81285655,1.0
0.0,0.65652287,1.0
0.0,0.47004494,0.0
1.0,0.33331275,0.0
1.0,0.81531125,1.0
1.0,0.42202947,0.0
0.0,0.5422627,1.0
1.0,0.92296284,1.0
0.0,0.75339043,1.0
0.0,0.13069141,0.0
1.0,0.6288294,1.0
1.0,0.6731145,1.0
0.0,0.050632074,0.0
0.0,0.16309707,0.0
0.0,0.0034100409,0.0
1.0,0.8980704,1.0
0.0,0.30164942,0.0
1.0,0.5102672,1.0
0.0,0.37671944,0.0
0.0,0.37294716,0.0
1.0,0.11763012,0.0
1.0,0.53392625,1.0
0.0,0.0070452574,0.0
0.0,0.21993768,0.0
1.0,0.39454997,0.0
1.0,0.6660117,1.0
1.0,0.41548824,0.0
0.0,0.16714564,0.0
0.0,0.5000702,1.0
1.0,0.4926412,0.0
1.0,0.7681464,1.0
1.0,0.82338214,1.0
0.0,0.30346134,0.0
0.0,0.05637561,0.0
0.0,0.89041334,1.0
1.0,0.9748951,1.0
0.0,0.093685314,0.0
0.0,0.86840284,1.0
0.0,0.37542307,0.0
0.0,0.1417382,0.0
0.0,0.008246558,0.0
1.0,0.24769333,0.0
0.0,0.27053702,0.0
0.0,0.24666004,0.0
1.0,0.86912465,1.0
1.0,0.40084437,0.0
0.0,0.26018953,0.0
0.0,0.014238325,0.0
0.0,0.20475332,0.0
1.0,0.26921648,0.0
0.0,0.2661887,0.0
1.0,0.5607464,1.0
0.0,0.08393443,0.0
0.0,0.16531473,0.0
1.0,0.8836181,1.0
1.0,0.332272,0.0
0.0,0.14489114,0.0
1.0,0.17853814,0.0
1.0,0.93792343,1.0
1.0,0.96450007,1.0
1.0,0.9835723,1.0
1.0,0.8002765,1.0
0.0,0.13953225,0.0
0.0,0.43159676,0.0
0.0,0.12965202,0.0
1.0,0.87950337,1.0
1.0,0.2121175,0.0
0.0,0.45412737,0.0
0.0,0.31648225,0.0
1.0,0.74684274,1.0
1.0,0.51035744,1.0
1.0,0.9129322,1.0
1.0,0.24968286,0.0
0.0,0.06553169,0.0
1.0,0.8121378,1.0
0.0,0.35924083,0.0
0.0,0.33003408,0.0
1.0,0.8954688,1.0
0.0,0.38389456,0.0
1.0,0.9773292,1.0
1.0,0.6183675,1.0
0.0,0.05741727,0.0
1.0,0.806287,1.0
1.0,0.98099697,1.0
0.0,0.48540038,0.0
1.0,0.95066035,1.0
1.0,0.8486169,1.0
0.0,0.2919814,0.0
1.0,0.36321148,0.0
0.0,0.04305832,0.0
1.0,0.5112611,1.0
0.0,0.14410232,0.0
1.0,0.5104727,1.0
0.0,0.3395144,0.0
0.0,0.34512198,0.0
1.0,0.6412307,1.0
1.0,0.13127877,0.0
1.0,0.8901294,1.0
0.0,0.28606367,0.0
0.0,0.25824955,0.0
1.0,0.3029624,0.0
0.0,0.2138162,0.0
1.0,0.67580426,1.0
1.0,0.30776054,0.0
0.0,0.040448613,0.0
1.0,0.84987044,1.0
1.0,0.85321194,1.0
1.0,0.8880017,1.0
0.0,0.008439855,0.0
1.0,0.41705883,0.0
0.0,0.075477816,0.0
0.0,0.39040264,0.0
0.0,0.42278698,0.0
0.0,0.48820052,0.0
0.0,0.46939087,0.0
1.0,0.9125366,1.0
1.0,0.45275438,0.0
0.0,0.6449385,1.0
1.0,0.67116886,1.0
0.0,0.23373799,0.0
1.0,0.9328099,1.0
0.0,0.40402073,0.0
1.0,0.32156572,0.0
1.0,0.36595523,0.0
0.0,0.20787868,0.0
1.0,0.4276529,0.0
0.0,0.13332447,0.0
0.0,0.54120874,1.0
1.0,0.49937916,0.0
0.0,0.3149298,0.0
1.0,0.39185977,0.0
1.0,0.87169594,1.0
1.0,0.84908396,1.0
0.0,0.2575403,0.0
1.0,0.735834,1.0
1.0,0.32891777,0.0
0.0,0.37080643,0.0
1.0,0.2763093,0.0
1.0,0.88307595,1.0
0.0,0.007579339,0.0
0.0,0.55196106,1.0
1.0,0.7067437,1.0
0.0,0.055098817,0.0
0.0,0.5059495,1.0
0.0,0.21678934,0.0
0.0,0.28267965,0.0
1.0,0.8065658,1.0
0.0,0.7609596,1.0
0.0,0.28311965,0.0
0.0,0.18952583,0.0
1.0,0.7073271,1.0
0.0,0.3678706,0.0
0.0,0.7744331,1.0
0.0,0.23151758,0.0
0.0,0.14093068,0.0
0.0,0.42939138,0.0
0.0,0.37323025,0.0
0.0,0.30120486,0.0
1.0,0.80649596,1.0
0.0,0.5015542,1.0
1.0,0.29727495,0.0
1.0,0.43280062,0.0
0.0,0.022252183,0.0
1.0,0.5288627,1.0
0.0,0.03598963,0.0
1.0,0.4214299,0.0
0.0,0.25470877,0.0
1.0,0.042429578,0.0
0.0,0.37561753,0.0
0.0,0.026034592,0.0
0.0,0.0315164,0.0
0.0,0.35017988,0.0
1.0,0.93688786,1.0
1.0,0.952567,1.0
0.0,0.61964995,1.0
0.0,0.13671483,0.0
1.0,0.30895177,0.0
1.0,0.57424164,1.0
0.0,0.7083669,1.0
0.0,0.021819625,0.0
0.0,0.30255213,0.0
1.0,0.34152165,0.0
0.0,0.10652971,0.0
1.0,0.62485045,1.0
1.0,0.6677446,1.0
0.0,0.09075139,0.0
1.0,0.9598803,1.0
0.0,0.4308553,0.0
1.0,0.38715938,0.0
1.0,0.5991231,1.0
0.0,0.03564949,0.0
1.0,0.3714024,0.0
0.0,0.3950406,0.0
0.0,0.34163982,0.0
0.0,0.25409582,0.0
0.0,0.32547954,0.0
1.0,0.30500272,0.0
0.0,0.31425127,0.0
0.0,0.087523066,0.0
0.0,0.44693983,0.0
1.0,0.89257145,1.0
0.0,0.3949759,0.0
1.0,0.60547185,1.0
0.0,0.07104663,0.0
0.0,0.08689244,0.0
0.0,0.42315158,0.0
1.0,0.98801327,1.0
1.0,0.7203333,1.0
0.0,0.025090635,0.0
0.0,0.3316057,0.0
1.0,0.8020241,1.0
1.0,0.48365957,0.0
0.0,0.43365744,0.0
1.0,0.68768597,1.0
1.0,0.2931142,0.0
0.0,0.40683544,0.0
1.0,0.7500604,1.0
1.0,0.98752594,1.0
0.0,0.062228028,0.0
1.0,0.8699504,1.0
1.0,0.60309,1.0
1.0,0.4921735,0.0
0.0,0.20986967,0.0
0.0,0.21095341,0.0
0.0,0.25139824,0.0
1.0,0.32424232,0.0
0.0,0.5016753,1.0
0.0,0.5332155,1.0
1.0,0.29415777,0.0
0.0,0.1383876,0.0
1.0,0.978736,1.0
0.0,0.26851332,0.0
1.0,0.74264944,1.0
0.0,0.30565766,0.0
1.0,0.5560116,1.0
1.0,0.32629165,0.0
1.0,0.8825918,1.0
0.0,0.022989806,0.0
1.0,0.44119203,0.0
1.0,0.8846601,1.0
0.0,0.3365277,0.0
0.0,0.64908075,1.0
0.0,0.54546946,1.0
1.0,0.9030977,1.0
0.0,0.14881815,0.0
0.0,0.11743372,0.0
0.0,0.039620075,0.0
0.0,0.9678114,1.0
0.0,0.8327407,1.0
1.0,0.640382,1.0
0.0,0.51714987,1.0
0.0,0.5285348,1.0
0.0,0.07378865,0.0
0.0,0.3441408,0.0
0.0,0.9449261,1.0
0.0,0.415352,0.0
0.0,0.025340045,0.0
1.0,0.4974854,0.0
0.0,0.13257566,0.0
1.0,0.6138757,1.0
0.0,0.03523163,0.0
1.0,0.2939074,0.0
1.0,0.47831288,0.0
0.0,0.1050817,0.0
0.0,0.30432707,0.0
0.0,0.45927367,0.0
0.0,0.2074201,0.0
1.0,0.54980826,1.0
0.0,0.44633362,0.0
0.0,0.096862465,0.0
0.0,0.4197053,0.0
1.0,0.37147945,0.0
1.0,0.38784456,0.0
0.0,0.03236253,0.0
0.0,0.31314948,0.0
1.0,0.65253574,1.0
0.0,0.20082058,0.0
1.0,0.88904935,1.0
1.0,0.47887427,0.0
0.0,0.20041096,0.0
1.0,0.6996749,1.0
1.0,0.8487047,1.0
0.0,0.7470203,1.0
0.0,0.46153635,0.0
1.0,0.63475996,1.0
0.0,0.14409404,0.0
1.0,0.59974277,1.0
1.0,0.3762735,0.0
0.0,0.08278653,0.0
1.0,0.80810463,1.0
1.0,0.3371357,0.0
0.0,0.33444145,0.0
1.0,0.9697688,1.0
1.0,0.07197216,0.0
1.0,0.82952195,1.0
0.0,0.209826,0.0
1.0,0.8527035,1.0
0.0,0.6581686,1.0
0.0,0.23914075,0.0
0.0,0.89012355,1.0
0.0,0.15459372,0.0
0.0,0.36603957,0.0
0.0,0.32855672,0.0
0.0,0.48722526,0.0
0.0,0.04907494,0.0
1.0,0.5136631,1.0
1.0,0.966859,1.0
0.0,0.2776983,0.0
0.0,0.010286582,0.0
0.0,0.34871104,0.0
1.0,0.6144339,1.0
0.0,0.005479524,0.0
0.0,0.855259,1.0
1.0,0.8384496,1.0
0.0,0.12294425,0.0
1.0,0.9711131,1.0
1.0,0.85651624,1.0
0.0,0.1977117,0.0
1.0,0.77779526,1.0
1.0,0.99250656,1.0
0.0,0.3884791,0.0
1.0,0.9913326,1.0
0.0,0.115561746,0.0
1.0,0.31707117,0.0
0.0,0.36926055,0.0
1.0,0.37888196,0.0
1.0,0.41057205,0.0
0.0,0.4931653,0.0
0.0,0.0064264066,0.0
0.0,0.28490034,0.0
1.0,0.5429365,1.0
0.0,0.23694283,0.0
0.0,0.31331414,0.0
1.0,0.71075225,1.0
0.0,0.68076235,1.0
0.0,0.9446851,1.0
1.0,0.5956834,1.0
1.0,0.49051952,0.0
0.0,0.28253478,0.0
0.0,0.3237955,0.0
0.0,0.43051252,0.0
1.0,0.26241046,0.0
1.0,0.967997,1.0
1.0,0.7769322,1.0
1.0,0.6426126,1.0
1.0,0.32878888,0.0
1.0,0.67233145,1.0
0.0,0.32937422,0.0
0.0,0.018726509,0.0
1.0,0.88370615,1.0
1.0,0.47478512,0.0
1.0,0.5508982,1.0
1.0,0.560456,1.0
0.0,0.51907486,1.0
1.0,0.0050855638,0.0
1.0,0.5757551,1.0
0.0,0.081251636,0.0
0.0,0.3323272,0.0
0.0,0.10670027,0.0
1.0,0.943762,1.0
0.0,0.031358834,0.0
1.0,0.76160383,1.0
1.0,0.38930848,0.0
0.0,0.32912818,0.0
1.0,0.7381534,1.0
0.0,0.16605017,0.0
1.0,0.48120677,0.0
0.0,0.45260227,0.0
1.0,0.9493454,1.0
0.0,0.5576404,1.0
1.0,0.76691943,1.0
0.0,0.33484945,0.0
1.0,0.99325514,1.0
0.0,0.16819343,0.0
1.0,0.17870563,0.0
1.0,0.73183316,1.0
0.0,0.09666559,0.0
0.0,0.4407374,0.0
1.0,0.9606121,1.0
1.0,0.99129605,1.0
0.0,0.49767035,0.0
1.0,0.9314054,1.0
0.0,0.10667803,0.0
1.0,0.70553976,1.0
0.0,0.059494384,0.0
1.0,0.7522607,1.0
0.0,0.37463847,0.0
1.0,0.6489545,1.0
0.0,0.026173875,0.0
1.0,0.97253686,1.0
1.0,0.9735162,1.0
0.0,0.50729424,1.0
1.0,0.28058693,0.0
1.0,0.6454881,1.0
0.0,0.03983038,0.0
0.0,0.47929567,0.0
0.0,0.35698837,0.0
1.0,0.92460954,1.0
0.0,0.4125467,0.0
1.0,0.5402388,1.0
1.0,0.44347012,0.0
1.0,0.92174035,1.0
1.0,0.97055286,1.0
0.0,0.44839582,0.0
0.0,0.3731119,0.0
1.0,0.33714968,0.0
0.0,0.42386028,0.0
1.0,0.7321626,1.0
1.0,0.42816436,0.0
0.0,0.44253582,0.0
0.0,0.04482444,0.0
1.0,0.7988136,1.0
0.0,0.044884734,0.0
1.0,0.34565908,0.0
0.0,0.06967285,0.0
0.0,0.35632586,0.0
0.0,0.22688058,0.0
0.0,0.16693184,0.0
0.0,0.26905277,0.0
0.0,0.4350238,0.0
0.0,0.25922507,0.0
1.0,0.8710797,1.0
0.0,0.04508547,0.0
0.0,0.21189627,0.0
0.0,0.50580996,1.0
1.0,0.73370904,1.0
0.0,0.2978243,0.0
1.0,0.47494656,0.0
1.0,0.796324,1.0
1.0,0.823394,1.0
1.0,0.5847371,1.0
0.0,0.060041085,0.0
0.0,0.357056,0.0
1.0,0.308852,0.0
0.0,0.040032677,0.0
0.0,0.1791825,0.0
1.0,0.9750137,1.0
0.0,0.28279778,0.0
1.0,0.32705286,0.0
0.0,0.43063104,0.0
1.0,0.17761321,0.0
0.0,0.08674051,0.0
0.0,0.2563425,0.0
0.0,0.49101958,0.0
0.0,0.043932088,0.0
1.0,0.719743,1.0
0.0,0.2526465,0.0
1.0,0.68498504,1.0
1.0,0.46331924,0.0
1.0,0.7242499,1.0
1.0,0.23267943,0.0
0.0,0.44627804,0.0
1.0,0.47856975,0.0
0.0,0.003825534,0.0
0.0,0.17065689,0.0
0.0,0.24659832,0.0
0.0,0.058245596,0.0
0.0,0.5511676,1.0
1.0,0.49483085,0.0
0.0,0.20372084,0.0
1.0,0.55218583,1.0
0.0,0.24844134,0.0
1.0,0.7354396,1.0
1.0,0.8770995,1.0
0.0,0.021801744,0.0
0.0,0.10849529,0.0
0.0,0.3077003,0.0
0.0,0.31228837,0.0
1.0,0.69422185,1.0
0.0,0.5569362,1.0
1.0,0.9922052,1.0
0.0,0.42954108,0.0
1.0,0.30010715,0.0
1.0,0.8080262,1.0
0.0,0.34274623,0.0
1.0,0.26931348,0.0
1.0,0.8732757,1.0
0.0,0.2385185,0.0
1.0,0.6593335,1.0
1.0,0.6423752,1.0
1.0,0.4879295,0.0
0.0,0.3426917,0.0
1.0,0.91605854,1.0
0.0,0.29758233,0.0
0.0,0.32437533,0.0
1.0,0.85245323,1.0
1.0,0.9353377,1.0
0.0,0.66202265,1.0
0.0,0.41861227,0.0
1.0,0.35733092,0.0
1.0,0.2869251,0.0
0.0,0.28024533,0.0
1.0,0.3702601,0.0
0.0,0.66660243,1.0
0.0,0.5312743,1.0
0.0,0.29093754,0.0
1.0,0.9380952,1.0
1.0,0.8895407,1.0
1.0,0.24580514,0.0
1.0,0.9275988,1.0
0.0,0.23674434,0.0
0.0,0.009653873,0.0
0.0,0.1732657,0.0
1.0,0.44653267,0.0
0.0,0.050035506,0.0
0.0,0.42818096,0.0
0.0,0.0412163,0.0
1.0,0.4623227,0.0
0.0,0.24350916,0.0
0.0,0.022031602,0.0
0.0,0.05687389,0.0
1.0,0.20660625,0.0
0.0,0.53129774,1.0
1.0,0.30996904,0.0
1.0,0.39725164,0.0
0.0,0.043775424,0.0
0.0,0.05140141,0.0
1.0,0.8174858,1.0
0.0,0.088579915,0.0
1.0,0.98588634,1.0
0.0,0.8666982,1.0
1.0,0.35493004,0.0
1.0,0.5342951,1.0
1.0,0.95342046,1.0
0.0,0.043435402,0.0
1.0,0.91141677,1.0
0.0,0.5932218,1.0
0.0,0.25924835,0.0
0.0,0.12806588,0.0
1.0,0.7829801,1.0
0.0,0.34936813,0.0
0.0,0.81761783,1.0
0.0,0.16923077,0.0
0.0,0.26015636,0.0
0.0,0.41784534,0.0
0.0,0.09014629,0.0
0.0,0.17747939,0.0
1.0,0.8316531,1.0
0.0,0.49367252,0.0
0.0,0.21504197,0.0
0.0,0.27545667,0.0
1.0,0.75666803,1.0
0.0,0.2366102,0.0
0.0,0.033219744,0.0
1.0,0.9020851,1.0
1.0,0.50625724,1.0
0.0,0.67244977,1.0
0.0,0.367253,0.0
1.0,0.600994,1.0
1.0,0.2598316,0.0
0.0,0.28826585,0.0
1.0,0.29391506,0.0
1.0,0.9879699,1.0
1.0,0.72674024,1.0
1.0,0.3121291,0.0
1.0,0.9742955,1.0
0.0,0.31421608,0.0
0.0,0.0049612657,0.0
0.0,0.4462657,0.0
0.0,0.025404595,0.0
0.0,0.15616482,0.0
1.0,0.35494423,0.0
1.0,0.34827313,0.0
1.0,0.9523933,1.0
0.0,0.010274424,0.0
0.0,0.06570135,0.0
1.0,0.9748551,1.0
1.0,0.48589545,0.0
0.0,0.6976328,1.0
0.0,0.48402366,0.0
0.0,0.27863255,0.0
0.0,0.095617875,0.0
0.0,0.1856491,0.0
0.0,0.34572217,0.0
0.0,0.6018913,1.0
0.0,0.21903604,0.0
0.0,0.43960834,0.0
1.0,0.648858,1.0
0.0,0.6690576,1.0
1.0,0.8313707,1.0
0.0,0.44616634,0.0
1.0,0.75927746,1.0
0.0,0.2439972,0.0
1.0,0.8178394,1.0
1.0,0.943194,1.0
1.0,0.5719076,1.0
0.0,0.17377084,0.0
0.0,0.20423695,0.0
1.0,0.48240423,0.0
0.0,0.5687983,1.0
0.0,0.13175693,0.0
1.0,0.38701823,0.0
0.0,0.079737335,0.0
1.0,0.32998756,0.0
0.0,0.6869435,1.0
0.0,0.37191576,0.0
0.0,0.39433664,0.0
0.0,0.83552307,1.0
1.0,0.88724166,1.0
0.0,0.34472358,0.0
1.0,0.40196162,0.0
0.0,0.23520091,0.0
0.0,0.3318681,0.0
1.0,0.15836461,0.0
1.0,0.9051176,1.0
0.0,0.43027797,0.0
0.0,0.6379839,1.0
0.0,0.09695324,0.0
0.0,0.04545045,0.0
0.0,0.26142117,0.0
0.0,0.37038052,0.0
0.0,0.52300966,1.0
0.0,0.54469544,1.0
1.0,0.9942206,1.0
0.0,0.27358022,0.0
0.0,0.040543076,0.0
0.0,0.30113116,0.0
0.0,0.5872477,1.0
1.0,0.501793,1.0
0.0,0.27831176,0.0
1.0,0.6851671,1.0
1.0,0.66232157,1.0
0.0,0.40113702,0.0
0.0,0.09818334,0.0
0.0,0.22465484,0.0
0.0,0.2085318,0.0
1.0,0.72159725,1.0
1.0,0.7485345,1.0
1.0,0.9564089,1.0
1.0,0.60092556,1.0
0.0,0.5053899,1.0
0.0,0.08861266,0.0
0.0,0.09125231,0.0
1.0,0.60811615,1.0
1.0,0.28453183,0.0
0.0,0.52228963,1.0
1.0,0.9336285,1.0
0.0,0.11660779,0.0
0.0,0.41212717,0.0
0.0,0.45024934,0.0
0.0,0.46634808,0.0
0.0,0.34145954,0.0
1.0,0.77891237,1.0
0.0,0.18232256,0.0
1.0,0.73324347,1.0
1.0,0.9649253,1.0
0.0,0.5316344,1.0
0.0,0.062138896,0.0
1.0,0.311875,0.0
1.0,0.568293,1.0
0.0,0.46639052,0.0
0.0,0.06922757,0.0
0.0,0.33658478,0.0
1.0,0.9880121,1.0
1.0,0.9355045,1.0
1.0,0.9492306,1.0
1.0,0.9418604,1.0
1.0,0.461913,0.0
0.0,0.52906466,1.0
1.0,0.8155649,1.0
0.0,0.041341115,0.0
0.0,0.55036014,1.0
0.0,0.32069355,0.0
0.0,0.08509353,0.0
0.0,0.5166363,1.0
1.0,0.23967616,0.0
0.0,0.021104991,0.0
0.0,0.09225878,0.0
0.0,0.38809147,0.0
1.0,0.44699568,0.0
0.0,0.26793355,0.0
1.0,0.97030616,1.0
0.0,0.2579186,0.0
0.0,0.10511473,0.0
0.0,0.53507394,1.0
1.0,0.8654255,1.0
0.0,0.056218,0.0
1.0,0.84085596,1.0
1.0,0.62775177,1.0
1.0,0.5066077,1.0
1.0,0.94276863,1.0
1.0,0.96651757,1.0
1.0,0.8954083,1.0
1.0,0.45119682,0.0
0.0,0.35498187,0.0
0.0,0.08832187,0.0
0.0,0.3290158,0.0
1.0,0.7400329,1.0
0.0,0.051306468,0.0
0.0,0.40760306,0.0
1.0,0.16788065,0.0
1.0,0.6528747,1.0
1.0,0.7991577,1.0
0.0,0.39437932,0.0
0.0,0.17778179,0.0
0.0,0.22724521,0.0
1.0,0.764832,1.0
0.0,0.15154992,0.0
1.0,0.99389714,1.0
0.0,0.14936379,0.0
1.0,0.62009674,1.0
1.0,0.9586538,1.0
1.0,0.5630662,1.0
0.0,0.3893002,0.0
1.0,0.75698453,1.0
1.0,0.950064,1.0
0.0,0.4797887,0.0
0.0,0.078007676,0.0
1.0,0.35286132,0.0
0.0,0.15203544,0.0
0.0,0.4160329,0.0
1.0,0.4081822,0.0
0.0,0.32879645,0.0
1.0,0.9909513,1.0
0.0,0.36240053,0.0
0.0,0.5044051,1.0
1.0,0.8361432,1.0
1.0,0.9838951,1.0
0.0,0.04054457,0.0
1.0,0.8416303,1.0
0.0,0.2947852,0.0
0.0,0.21303141,0.0
0.0,0.2510126,0.0
0.0,0.23170032,0.0
1.0,0.9306574,1.0
1.0,0.70855653,1.0
0.0,0.4814112,0.0
0.0,0.38164163,0.0
1.0,0.96226496,1.0
1.0,0.78782046,1.0
1.0,0.9797825,1.0
1.0,0.9920844,1.0
0.0,0.038555894,0.0
0.0,0.8216618,1.0
1.0,0.54066044,1.0
1.0,0.946771,1.0
1.0,0.912042,1.0
0.0,0.08745894,0.0
1.0,0.8194307,1.0
1.0,0.9739085,1.0
1.0,0.62921304,1.0
1.0,0.98274165,1.0
0.0,0.027813878,0.0
0.0,0.42756248,0.0
0.0,0.004388818,0.0
1.0,0.77870196,1.0
1.0,0.40903178,0.0
0.0,0.20499869,0.0
0.0,0.42880827,0.0
1.0,0.78687626,1.0
1.0,0.93313223,1.0
0.0,0.46136963,0.0
1.0,0.19438379,0.0
1.0,0.81929815,1.0
1.0,0.9856366,1.0
0.0,0.29538745,0.0
0.0,0.32816693,0.0
1.0,0.42272648,0.0
1.0,0.3521747,0.0
1.0,0.8966797,1.0
1.0,0.30587405,0.0
1.0,0.4372497,0.0
0.0,0.670429,1.0
1.0,0.8071277,1.0
0.0,0.34083384,0.0
0.0,0.10174714,0.0
1.0,0.9004051,1.0
0.0,0.3536726,0.0
1.0,0.5318438,1.0
0.0,0.1538556,0.0
0.0,0.026321119,0.0
1.0,0.777777,1.0
0.0,0.021214634,0.0
0.0,0.15086876,0.0
1.0,0.28744116,0.0
1.0,0.452163,0.0
1.0,0.32362974,0.0
0.0,0.54288757,1.0
0.0,0.258106,0.0
1.0,0.71211904,1.0
1.0,0.9215967,1.0
0.0,0.25567418,0.0
0.0,0.41530815,0.0
1.0,0.9248792,1.0
1.0,0.24002822,0.0
1.0,0.77848625,1.0
0.0,0.10472115,0.0
1.0,0.28265634,0.0
1.0,0.34763253,0.0
0.0,0.16267371,0.0
0.0,0.0967889,0.0
0.0,0.4000132,0.0
1.0,0.23309132,0.0
0.0,0.2385025,0.0
0.0,0.34085387,0.0
0.0,0.092490055,0.0
0.0,0.19157885,0.0
0.0,0.083218545,0.0
1.0,0.27368966,0.0
1.0,0.17893648,0.0
0.0,0.031713746,0.0
1.0,0.9112438,1.0
0.0,0.10689051,0.0
1.0,0.87783116,1.0
0.0,0.037617102,0.0
1.0,0.644115,1.0
1.0,0.88582474,1.0
0.0,0.6007528,1.0
0.0,0.34927693,0.0
0.0,0.14169964,0.0
0.0,0.52948433,1.0
1.0,0.17155302,0.0
1.0,0.92009485,1.0
0.0,0.33409095,0.0
1.0,0.60486287,1.0
1.0,0.5136222,1.0
0.0,0.5681896,1.0
1.0,0.80334514,1.0
0.0,0.059769865,0.0
1.0,0.2523843,0.0
0.0,0.28167796,0.0
0.0,0.22690994,0.0
0.0,0.5173037,1.0
0.0,0.74847156,1.0
0.0,0.9065593,1.0
0.0,0.21299805,0.0
1.0,0.8270422,1.0
0.0,0.15557452,0.0
1.0,0.29128495,0.0
1.0,0.9556766,1.0
0.0,0.41687378,0.0
0.0,0.68119603,1.0
0.0,0.27096462,0.0
0.0,0.34830868,0.0
0.0,0.47447553,0.0
0.0,0.33746108,0.0
1.0,0.80953974,1.0
1.0,0.38953462,0.0
1.0,0.23152795,0.0
0.0,0.14984784,0.0
1.0,0.9610702,1.0
1.0,0.98925906,1.0
0.0,0.54856336,1.0
0.0,0.21740703,0.0
1.0,0.46934995,0.0
1.0,0.21216477,0.0
0.0,0.4983847,0.0
0.0,0.5601636,1.0
1.0,0.9920666,1.0
0.0,0.28948668,0.0
1.0,0.8501901,1.0
1.0,0.38147002,0.0
1.0,0.7783319,1.0
1.0,0.9862687,1.0
0.0,0.5742583,1.0
0.0,0.12485573,0.0
0.0,0.5951158,1.0
1.0,0.6566274,1.0
0.0,0.3422451,0.0
1.0,0.3971209,0.0
1.0,0.41976768,0.0
0.0,0.21400219,0.0
1.0,0.7579261,1.0
1.0,0.71006966,1.0
1.0,0.81830275,1.0
0.0,0.6396653,1.0
0.0,0.20710567,0.0
1.0,0.47631937,0.0
0.0,0.00867191,0.0
1.0,0.7115836,1.0
1.0,0.7229146,1.0
0.0,0.73710823,1.0
1.0,0.99388874,1.0
0.0,0.2203508,0.0
1.0,0.9245807,1.0
0.0,0.1482806,0.0
1.0,0.22788124,0.0
0.0,0.66495657,1.0
0.0,0.007638262,0.0
0.0,0.3355388,0.0
0.0,0.04588652,0.0
0.0,0.40228888,0.0
0.0,0.31910357,0.0
0.0,0.35024533,0.0
0.0,0.13544421,0.0
1.0,0.8513504,1.0
1.0,0.64781225,1.0
1.0,0.51061,1.0
0.0,0.100167386,0.0
1.0,0.94478136,1.0
0.0,0.51223344,1.0
0.0,0.0077444776,0.0
1.0,0.86569387,1.0
0.0,0.4426073,0.0
1.0,0.9506486,1.0
1.0,0.4301035,0.0
1.0,0.7203741,1.0
0.0,0.21589635,0.0
1.0,0.892755,1.0
0.0,0.2729539,0.0
0.0,0.6602404,1.0
0.0,0.5470378,1.0
1.0,0.5344445,1.0
0.0,0.16705754,0.0
0.0,0.15369609,0.0
0.0,0.054281317,0.0
0.0,0.564849,1.0
0.0,0.77883923,1.0
0.0,0.031533476,0.0
1.0,0.37946787,0.0
1.0,0.7628034,1.0
0.0,0.34926477,0.0
0.0,0.52527004,1.0
0.0,0.31970787,0.0
0.0,0.9204583,1.0
0.0,0.23554552,0.0
0.0,0.018506166,0.0
1.0,0.90065914,1.0
1.0,0.57345337,1.0
0.0,0.22697003,0.0
1.0,0.90361583,1.0
1.0,0.63362795,1.0
1.0,0.73802847,1.0
1.0,0.2278522,0.0
0.0,0.32587993,0.0
1.0,0.50346714,1.0
1.0,0.112690225,0.0
1.0,0.7493177,1.0
0.0,0.6975424,1.0
0.0,0.42365336,0.0
1.0,0.42347732,0.0
1.0,0.6412634,1.0
1.0,0.7631717,1.0
0.0,0.0054861233,0.0
0.0,0.09459587,0.0
1.0,0.9468011,1.0
1.0,0.35339406,0.0
0.0,0.0033872451,0.0
1.0,0.5241795,1.0
0.0,0.3332901,0.0
0.0,0.09795569,0.0
1.0,0.46497127,0.0
0.0,0.030750137,0.0
0.0,0.32244858,0.0
0.0,0.20178919,0.0
0.0,0.049884968,0.0
0.0,0.039375395,0.0
0.0,0.279126,0.0
1.0,0.9455458,1.0
1.0,0.28164452,0.0
1.0,0.6980263,1.0
0.0,0.65038264,1.0
0.0,0.625924,1.0
1.0,0.95410526,1.0
1.0,0.5758625,1.0
1.0,0.53671443,1.0
1.0,0.48732132,0.0
1.0,0.641045,1.0
1.0,0.99048483,1.0
1.0,0.29102582,0.0
0.0,0.18814707,0.0
1.0,0.64255196,1.0
0.0,0.52792084,1.0
1.0,0.59336233,1.0
0.0,0.15786535,0.0
1.0,0.91092587,1.0
1.0,0.15719096,0.0
0.0,0.38808033,0.0
0.0,0.22424394,0.0
1.0,0.7398714,1.0
1.0,0.49650708,0.0
1.0,0.29016757,0.0
0.0,0.40887615,0.0
1.0,0.76995176,1.0
1.0,0.29617798,0.0
0.0,0.33882672,0.0
0.0,0.21667604,0.0
1.0,0.4020471,0.0
0.0,0.7426959,1.0
0.0,0.38996983,0.0
1.0,0.43527368,0.0
0.0,0.567103,1.0
1.0,0.64401674,1.0
1.0,0.83375514,1.0
1.0,0.4070842,0.0
0.0,0.2759596,0.0
0.0,0.023366153,0.0
1.0,0.75375545,1.0
1.0,0.695654,1.0
1.0,0.44569826,0.0
1.0,0.3537895,0.0
1.0,0.36168092,0.0
0.0,0.7534091,1.0
0.0,0.04907689,0.0
1.0,0.88950425,1.0
0.0,0.31377774,0.0
1.0,0.33082846,0.0
1.0,0.49249974,0.0
1.0,0.9204285,1.0
1.0,0.8198312,1.0
0.0,0.03820277,0.0
1.0,0.97099656,1.0
0.0,0.2229118,0.0
1.0,0.66260374,1.0
1.0,0.8986305,1.0
0.0,0.6353461,1.0
1.0,0.6195115,1.0
1.0,0.9231557,1.0
0.0,0.060163118,0.0
0.0,0.2561271,0.0
0.0,0.0064113894,0.0
0.0,0.005891359,0.0
0.0,0.4971339,0.0
1.0,0.84702194,1.0
0.0,0.28568736,0.0
1.0,0.6989045,1.0
0.0,0.060114652,0.0
1.0,0.45184785,0.0
0.0,0.17281893,0.0
1.0,0.66916186,1.0
1.0,0.8305442,1.0
1.0,0.8871925,1.0
0.0,0.036003523,0.0
0.0,0.9858746,1.0
0.0,0.13828315,0.0
1.0,0.7804127,1.0
1.0,0.3400688,0.0
0.0,0.03442346,0.0
0.0,0.11361342,0.0
0.0,0.060166072,0.0
0.0,0.35988644,0.0
1.0,0.19885963,0.0
1.0,0.16838399,0.0
1.0,0.69963634,1.0
0.0,0.7219148,1.0
0.0,0.07112343,0.0
1.0,0.8410581,1.0
1.0,0.5107649,1.0
0.0,0.003450041,0.0
0.0,0.4105678,0.0
1.0,0.5029018,1.0
1.0,0.9762724,1.0
0.0,0.259041,0.0
1.0,0.67473274,1.0
1.0,0.7911727,1.0
0.0,0.05912182,0.0
1.0,0.63918227,1.0
0.0,0.5162517,1.0
1.0,0.85583603,1.0
0.0,0.3783896,0.0
1.0,0.20168456,0.0
1.0,0.84095174,1.0
1.0,0.33095387,0.0
0.0,0.5103537,1.0
0.0,0.52561986,1.0
0.0,0.37040383,0.0
0.0,0.1533447,0.0
1.0,0.20062758,0.0
0.0,0.14515448,0.0
0.0,0.21248963,0.0
0.0,0.5305011,1.0
1.0,0.85470814,1.0
0.0,0.8735311,1.0
1.0,0.6349535,1.0
0.0,0.35045066,0.0
1.0,0.24557391,0.0
1.0,0.86468494,1.0
0.0,0.031956665,0.0
0.0,0.51388586,1.0
0.0,0.3919089,0.0
1.0,0.6958179,1.0
0.0,0.14415538,0.0
0.0,0.34622553,0.0
0.0,0.02904133,0.0
0.0,0.42398304,0.0
1.0,0.35830972,0.0
1.0,0.6165988,1.0
0.0,0.04519141,0.0
1.0,0.78461444,1.0
1.0,0.6592492,1.0
1.0,0.699202,1.0
0.0,0.930252,1.0
1.0,0.68856,1.0
0.0,0.38804457,0.0
1.0,0.29136372,0.0
0.0,0.2523329,0.0
1.0,0.44325098,0.0
1.0,0.6300373,1.0
1.0,0.43537235,0.0
0.0,0.21795414,0.0
0.0,0.5663933,1.0
1.0,0.44114298,0.0
0.0,0.2562586,0.0
1.0,0.34137374,0.0
1.0,0.8322382,1.0
1.0,0.52298003,1.0
1.0,0.674467,1.0
0.0,0.12156862,0.0
0.0,0.24467945,0.0
1.0,0.98845214,1.0
0.0,0.010071072,0.0
1.0,0.88109976,1.0
0.0,0.17995948,0.0
1.0,0.84474903,1.0
1.0,0.96757317,1.0
0.0,0.37394893,0.0
0.0,0.14664088,0.0
1.0,0.9909746,1.0
1.0,0.49174193,0.0
1.0,0.91777134,1.0
1.0,0.7614364,1.0
0.0,0.110673174,0.0
0.0,0.3133098,0.0
0.0,0.44496214,0.0
0.0,0.2517512,0.0
0.0,0.38077876,0.0
1.0,0.73200506,1.0
0.0,0.048803505,0.0
0.0,0.20353623,0.0
0.0,0.3723819,0.0
0.0,0.46290305,0.0
0.0,0.058435332,0.0
0.0,0.13981615,0.0
1.0,0.80367774,1.0
0.0,0.15744454,0.0
0.0,0.5458391,1.0
0.0,0.03855001,0.0
1.0,0.60102016,1.0
1.0,0.6406661,1.0
0.0,0.31642422,0.0
1.0,0.44145003,0.0
0.0,0.25947273,0.0
1.0,0.51778847,1.0
1.0,0.44446093,0.0
0.0,0.09483129,0.0
1.0,0.8073676,1.0
0.0,0.45127264,0.0
0.0,0.75520897,1.0
0.0,0.045907475,0.0
0.0,0.5164622,1.0
0.0,0.045706514,0.0
0.0,0.21521688,0.0
1.0,0.62679464,1.0
1.0,0.8680609,1.0
0.0,0.25366032,0.0
0.0,0.29948983,0.0
0.0,0.6559479,1.0
0.0,0.8729192,1.0
1.0,0.48921165,0.0
1.0,0.7606482,1.0
0.0,0.25447965,0.0
1.0,0.76232123,1.0
0.0,0.328106,0.0
1.0,0.8588122,1.0
1.0,0.32109827,0.0
0.0,0.38292333,0.0
0.0,0.09695654,0.0
0.0,0.14108488,0.0
1.0,0.45008138,0.0
1.0,0.9447976,1.0
0.0,0.22726935,0.0
1.0,0.7896928,1.0
1.0,0.59249073,1.0
0.0,0.68366337,1.0
1.0,0.8222888,1.0
0.0,0.071508,0.0
1.0,0.993109,1.0
0.0,0.25892827,0.0
0.0,0.3843498,0.0
1.0,0.46432847,0.0
0.0,0.14662956,0.0
0.0,0.1693514,0.0
1.0,0.73996305,1.0
1.0,0.86196315,1.0
1.0,0.3783979,0.0
1.0,0.83111274,1.0
0.0,0.37142617,0.0
1.0,0.76779985,1.0
0.0,0.0728255,0.0
1.0,0.03802774,0.0
1.0,0.5778719,1.0
0.0,0.48127446,0.0
1.0,0.66268367,1.0
1.0,0.81949914,1.0
1.0,0.95863235,1.0
0.0,0.27886552,0.0
1.0,0.6507895,1.0
1.0,0.41897485,0.0
0.0,0.86842406,1.0
1.0,0.4283122,0.0
1.0,0.92009264,1.0
1.0,0.92554635,1.0
0.0,0.15140426,0.0
0.0,0.24241051,0.0
0.0,0.021382488,0.0
0.0,0.34884426,0.0
0.0,0.1410532,0.0
0.0,0.03910858,0.0
1.0,0.93994206,1.0
0.0,0.14927943,0.0
0.0,0.036306795,0.0
0.0,0.1953953,0.0
1.0,0.6442925,1.0
0.0,0.7151245,1.0
1.0,0.8227434,1.0
0.0,0.687964,1.0
1.0,0.62234193,1.0
1.0,0.17225277,0.0
0.0,0.06278924,0.0
0.0,0.34554133,0.0
0.0,0.17991972,0.0
0.0,0.392923,0.0
1.0,0.05334407,0.0
0.0,0.45771426,0.0
0.0,0.015414331,0.0
1.0,0.7329852,1.0
0.0,0.04587411,0.0
0.0,0.44248223,0.0
0.0,0.39581388,0.0
0.0,0.8593063,1.0
1.0,0.89837176,1.0
0.0,0.7826308,1.0
1.0,0.56701577,1.0
1.0,0.7964131,1.0
1.0,0.79582405,1.0
0.0,0.07728766,0.0
1.0,0.6428511,1.0
0.0,0.27803993,0.0
1.0,0.586506,1.0
0.0,0.21795815,0.0
0.0,0.1165439,0.0
0.0,0.48261482,0.0
1.0,0.76630807,1.0
0.0,0.12173063,0.0
1.0,0.4701537,0.0
1.0,0.7099379,1.0
1.0,0.9454403,1.0
0.0,0.20463154,0.0
1.0,0.34651262,0.0
1.0,0.9913914,1.0
0.0,0.25844377,0.0
1.0,0.5729393,1.0
0.0,0.0069523463,0.0
1.0,0.8200188,1.0
1.0,0.38141063,0.0
0.0,0.17086333,0.0
0.0,0.2342572,0.0
1.0,0.8635139,1.0
0.0,0.0035558545,0.0
0.0,0.08669991,0.0
1.0,0.4379425,0.0
0.0,0.079139195,0.0
0.0,0.2897798,0.0
0.0,0.35945037,0.0
1.0,0.65565485,1.0
1.0,0.9052127,1.0
1.0,0.41183048,0.0
0.0,0.45320085,0.0
0.0,0.5284473,1.0
1.0,0.39245266,0.0
0.0,0.25838947,0.0
0.0,0.49812073,0.0
0.0,0.030107243,0.0
0.0,0.7032603,1.0
0.0,0.043504383,0.0
0.0,0.16039969,0.0
1.0,0.5906829,1.0
1.0,0.80145043,1.0
0.0,0.2539529,0.0
1.0,0.58824146,1.0
1.0,0.1135219,0.0
0.0,0.29750064,0.0
0.0,0.59232765,1.0
1.0,0.93796635,1.0
0.0,0.1917602,0.0
1.0,0.7611191,1.0
0.0,0.2941135,0.0
0.0,0.9240671,1.0
1.0,0.9549043,1.0
0.0,0.29728806,0.0
0.0,0.15120617,0.0
1.0,0.84788156,1.0
1.0,0.9140719,1.0
1.0,0.8080957,1.0
1.0,0.421315,0.0
0.0,0.0032902572,0.0
0.0,0.24447754,0.0
1.0,0.49134302,0.0
0.0,0.35026106,0.0
1.0,0.70631087,1.0
1.0,0.096294604,0.0
1.0,0.9053877,1.0
1.0,0.9940071,1.0
1.0,0.90465283,1.0
1.0,0.39133003,0.0
1.0,0.6522267,1.0
0.0,0.49895814,0.0
1.0,0.9883625,1.0
0.0,0.2693427,0.0
1.0,0.90661865,1.0
1.0,0.63622034,1.0
1.0,0.5718545,1.0
0.0,0.20290302,0.0
0.0,0.3057254,0.0
0.0,0.20920649,0.0
0.0,0.027473684,0.0
0.0,0.4120166,0.0
0.0,0.3479607,0.0
0.0,0.42893872,0.0
0.0,0.77080786,1.0
1.0,0.74176234,1.0
0.0,0.5276549,1.0
0.0,0.28054416,0.0
0.0,0.23984583,0.0
1.0,0.5711041,1.0
1.0,0.9564679,1.0
0.0,0.31406662,0.0
0.0,0.11311719,0.0
1.0,0.35286543,0.0
1.0,0.44669992,0.0
1.0,0.5493297,1.0
0.0,0.13485073,0.0
1.0,0.9370222,1.0
1.0,0.26754978,0.0
0.0,0.27966598,0.0
1.0,0.57758933,1.0
0.0,0.009723764,0.0
0.0,0.15200111,0.0
1.0,0.9712812,1.0
0.0,0.56507343,1.0
0.0,0.12236051,0.0
0.0,0.23858346,0.0
0.0,0.26652774,0.0
1.0,0.78428096,1.0
1.0,0.7580874,1.0
1.0,0.43680665,0.0
0.0,0.08862027,0.0
0.0,0.18883543,0.0
1.0,0.97925204,1.0
0.0,0.20813751,0.0
0.0,0.28859127,0.0
0.0,0.4170833,0.0
0.0,0.119328946,0.0
0.0,0.29254535,0.0
1.0,0.46328607,0.0
0.0,0.23780447,0.0
1.0,0.9932046,1.0
1.0,0.8019205,1.0
0.0,0.5391024,1.0
0.0,0.42878187,0.0
1.0,0.28107244,0.0
1.0,0.52535266,1.0
0.0,0.273074,0.0
0.0,0.04333254,0.0
1.0,0.7722483,1.0
1.0,0.986024,1.0
0.0,0.4370849,0.0
0.0,0.6928457,1.0
0.0,0.23922843,0.0
1.0,0.554607,1.0
0.0,0.25670457,0.0
1.0,0.9284694,1.0
0.0,0.32256943,0.0
0.0,0.28993785,0.0
1.0,0.9883972,1.0
0.0,0.4551287,0.0
0.0,0.33493167,0.0
0.0,0.33931872,0.0
1.0,0.16652101,0.0
1.0,0.76199764,1.0
0.0,0.69521123,1.0
0.0,0.015619811,0.0
1.0,0.52787894,1.0
0.0,0.056833223,0.0
1.0,0.31411263,0.0
0.0,0.5165273,1.0
1.0,0.116458364,0.0
0.0,0.49313956,0.0
1.0,0.93213737,1.0
1.0,0.6774224,1.0
1.0,0.10487266,0.0
1.0,0.5163767,1.0
0.0,0.11600489,0.0
1.0,0.30773994,0.0
0.0,0.337234,0.0
1.0,0.80437,1.0
0.0,0.3456787,0.0
1.0,0.35105962,0.0
1.0,0.5663871,1.0
1.0,0.8436963,1.0
0.0,0.24492125,0.0
0.0,0.23240378,0.0
0.0,0.21492511,0.0
1.0,0.65385336,1.0
1.0,0.6385087,1.0
0.0,0.10564278,0.0
1.0,0.26778802,0.0
1.0,0.37364545,0.0
0.0,0.18317507,0.0
0.0,0.016732838,0.0
1.0,0.8662493,1.0
0.0,0.7461577,1.0
0.0,0.29921484,0.0
0.0,0.26665893,0.0
1.0,0.57169706,1.0
1.0,0.8760469,1.0
0.0,0.23264362,0.0
0.0,0.6916157,1.0
0.0,0.093935505,0.0
1.0,0.6205412,1.0
1.0,0.8145189,1.0
1.0,0.9716157,1.0
0.0,0.24245359,0.0
1.0,0.9192257,1.0
1.0,0.77176,1.0
1.0,0.97768444,1.0
1.0,0.7104113,1.0
0.0,0.23698336,0.0
1.0,0.94565535,1.0
0.0,0.35801753,0.0
1.0,0.9845317,1.0
0.0,0.30009994,0.0
1.0,0.78509367,1.0
1.0,0.36508954,0.0
1.0,0.65626097,1.0
1.0,0.865057,1.0
0.0,0.07555962,0.0
1.0,0.7532207,1.0
1.0,0.34593436,0.0
0.0,0.23960939,0.0
0.0,0.040110458,0.0
1.0,0.7890546,1.0
1.0,0.60421604,1.0
1.0,0.67589194,1.0
1.0,0.49159232,0.0
0.0,0.6222519,1.0
1.0,0.34655002,0.0
0.0,0.662869,1.0
0.0,0.14905441,0.0
1.0,0.62727314,1.0
1.0,0.58488613,1.0
0.0,0.43939853,0.0
0.0,0.24411626,0.0
0.0,0.7649911,1.0
1.0,0.19836643,0.0
0.0,0.47151986,0.0
0.0,0.35677823,0.0
1.0,0.54195815,1.0
1.0,0.50845116,1.0
1.0,0.3435234,0.0
0.0,0.29132375,0.0
0.0,0.34905213,0.0
0.0,0.12526444,0.0
0.0,0.34792933,0.0
0.0,0.2053288,0.0
1.0,0.75427234,1.0
1.0,0.7925496,1.0
0.0,0.6338512,1.0
1.0,0.44375393,0.0
0.0,0.53164744,1.0
0.0,0.13608064,0.0
0.0,0.3415943,0.0
0.0,0.321146,0.0
1.0,0.28154215,0.0
1.0,0.42506808,0.0
1.0,0.9686566,1.0
1.0,0.9761668,1.0
0.0,0.18704267,0.0
1.0,0.9633669,1.0
1.0,0.9729815,1.0
0.0,0.4250387,0.0
0.0,0.26560453,0.0
1.0,0.4059094,0.0
0.0,0.26371634,0.0
1.0,0.99348843,1.0
0.0,0.1508454,0.0
1.0,0.6192159,1.0
0.0,0.031358577,0.0
1.0,0.92516714,1.0
1.0,0.8978821,1.0
1.0,0.45337054,0.0
0.0,0.22644769,0.0
1.0,0.44162533,0.0
0.0,0.23149285,0.0
0.0,0.5167828,1.0
1.0,0.3548136,0.0
1.0,0.34786868,0.0
1.0,0.8291364,1.0
1.0,0.3500947,0.0
0.0,0.4849282,0.0
1.0,0.44195446,0.0
0.0,0.044508427,0.0
1.0,0.8195663,1.0
1.0,0.48685923,0.0
0.0,0.41006765,0.0
0.0,0.10916078,0.0
0.0,0.10208991,0.0
0.0,0.13417646,0.0
0.0,0.5566787,1.0
0.0,0.34126654,0.0
0.0,0.2724955,0.0
1.0,0.8525753,1.0
0.0,0.5073392,1.0
0.0,0.32864466,0.0
1.0,0.9160447,1.0
0.0,0.15697733,0.0
1.0,0.35281187,0.0
1.0,0.4118528,0.0
1.0,0.5759213,1.0
0.0,0.1914049,0.0
1.0,0.7436186,1.0
1.0,0.9909508,1.0
1.0,0.52288514,1.0
1.0,0.81211036,1.0
0.0,0.28978428,0.0
1.0,0.98746526,1.0
1.0,0.2684156,0.0
1.0,0.73620564,1.0
0.0,0.32880253,0.0
1.0,0.3645905,0.0
1.0,0.2802335,0.0
1.0,0.98400164,1.0
1.0,0.33894238,0.0
1.0,0.97897655,1.0
0.0,0.21217121,0.0
0.0,0.48001727,0.0
0.0,0.061473105,0.0
0.0,0.63040876,1.0
0.0,0.5285775,1.0
0.0,0.09280604,0.0
0.0,0.0063635884,0.0
1.0,0.53189707,1.0
0.0,0.55130744,1.0
0.0,0.2508066,0.0
1.0,0.59003776,1.0
1.0,0.1972007,0.0
1.0,0.67101765,1.0
0.0,0.32709983,0.0
0.0,0.47866622,0.0
1.0,0.95727944,1.0
1.0,0.26046312,0.0
0.0,0.16861594,0.0
1.0,0.7090918,1.0
0.0,0.06571768,0.0
1.0,0.7824732,1.0
0.0,0.37654227,0.0
1.0,0.6001433,1.0
0.0,0.7176864,1.0
0.0,0.0032984347,0.0
0.0,0.038007475,0.0
0.0,0.33121374,0.0
1.0,0.99515873,1.0
1.0,0.49716586,0.0
0.0,0.57465774,1.0
1.0,0.9375448,1.0
1.0,0.5028345,1.0
0.0,0.20775928,0.0
0.0,0.40708765,0.0
0.0,0.104260586,0.0
0.0,0.18371157,0.0
0.0,0.273621,0.0
1.0,0.89311695,1.0
0.0,0.04043416,0.0
0.0,0.3313543,0.0
0.0,0.09775769,0.0
1.0,0.9840731,1.0
0.0,0.3770596,0.0
1.0,0.7179386,1.0
1.0,0.53989667,1.0
0.0,0.7037344,1.0
0.0,0.25943553,0.0
1.0,0.8616514,1.0
0.0,0.13363636,0.0
0.0,0.61356467,1.0
0.0,0.4661983,0.0
0.0,0.72894543,1.0
0.0,0.010672007,0.0
1.0,0.88372576,1.0
0.0,0.21201977,0.0
0.0,0.17377348,0.0
0.0,0.2537081,0.0
0.0,0.062238142,0.0
1.0,0.35096064,0.0
1.0,0.3347893,0.0
1.0,0.79637414,1.0
0.0,0.25089353,0.0
1.0,0.8411042,1.0
0.0,0.14634234,0.0
1.0,0.26474738,0.0
0.0,0.12535682,0.0
1.0,0.7872816,1.0
0.0,0.7036908,1.0
1.0,0.95071006,1.0
1.0,0.9506344,1.0
0.0,0.4012872,0.0
1.0,0.26898283,0.0
1.0,0.87437373,1.0
0.0,0.24918759,0.0
1.0,0.45303014,0.0
0.0,0.36724472,0.0
1.0,0.5289388,1.0
0.0,0.14907354,0.0
1.0,0.33721527,0.0
1.0,0.37112597,0.0
0.0,0.6297372,1.0
0.0,0.4455366,0.0
1.0,0.9798937,1.0
1.0,0.4692201,0.0
0.0,0.3787039,0.0
1.0,0.4731665,0.0
1.0,0.9911157,1.0
0.0,0.2508478,0.0
1.0,0.63367736,1.0
1.0,0.9540361,1.0
1.0,0.83440953,1.0
0.0,0.42010388,0.0
0.0,0.38171884,0.0
0.0,0.2763835,0.0
0.0,0.5167954,1.0
0.0,0.12524438,0.0
0.0,0.15774952,0.0
1.0,0.6030719,1.0
1.0,0.61312366,1.0
0.0,0.09181756,0.0
0.0,0.4223846,0.0
0.0,0.209972,0.0
0.0,0.3254111,0.0
1.0,0.28366682,0.0
0.0,0.47043696,0.0
1.0,0.8647448,1.0
1.0,0.98756266,1.0
0.0,0.3838077,0.0
0.0,0.30278614,0.0
1.0,0.9911377,1.0
1.0,0.9057602,1.0
0.0,0.51648617,1.0
0.0,0.037108295,0.0
1.0,0.66207993,1.0
0.0,0.46429762,0.0
1.0,0.48668095,0.0
0.0,0.36270395,0.0
0.0,0.12139226,0.0
0.0,0.6245565,1.0
1.0,0.7321054,1.0
1.0,0.4069458,0.0
1.0,0.23962249,0.0
0.0,0.06135501,0.0
1.0,0.30347088,0.0
0.0,0.37154415,0.0
0.0,0.52537334,1.0
0.0,0.1605519,0.0
1.0,0.8698333,1.0
1.0,0.48593998,0.0
0.0,0.06700842,0.0
0.0,0.0029399681,0.0
1.0,0.29609153,0.0
0.0,0.0572713,0.0
0.0,0.27165553,0.0
0.0,0.09857637,0.0
0.0,0.88212043,1.0
0.0,0.49964583,0.0
0.0,0.10116619,0.0
1.0,0.7551756,1.0
0.0,0.22215047,0.0
0.0,0.19967732,0.0
1.0,0.7941868,1.0
1.0,0.61407274,1.0
0.0,0.0063441675,0.0
1.0,0.9867257,1.0
0.0,0.22459431,0.0
1.0,0.6022554,1.0
0.0,0.10250381,0.0
1.0,0.7847238,1.0
0.0,0.6721542,1.0
0.0,0.52959424,1.0
0.0,0.6264582,1.0
1.0,0.90544075,1.0
0.0,0.2578844,0.0
0.0,0.2761863,0.0
0.0,0.84000385,1.0
1.0,0.513667,1.0
0.0,0.050460577,0.0
1.0,0.750226,1.0
0.0,0.36638355,0.0
1.0,0.970088,1.0
1.0,0.86788183,1.0
0.0,0.015324506,0.0
0.0,0.15380698,0.0
0.0,0.0481934,0.0
1.0,0.3237788,0.0
1.0,0.22053477,0.0
0.0,0.118075624,0.0
1.0,0.77042705,1.0
1.0,0.7758332,1.0
1.0,0.51281697,1.0
1.0,0.79881376,1.0
1.0,0.36244848,0.0
1.0,0.4971081,0.0
1.0,0.20102409,0.0
0.0,0.45187935,0.0
1.0,0.64495003,1.0
1.0,0.42388633,0.0
1.0,0.9327518,1.0
0.0,0.41081965,0.0
0.0,0.29842672,0.0
1.0,0.63416743,1.0
0.0,0.043945096,0.0
0.0,0.115199156,0.0
0.0,0.2474292,0.0
1.0,0.52763677,1.0
1.0,0.40318635,0.0
0.0,0.365451,0.0
1.0,0.39214143,0.0
1.0,0.6402638,1.0
0.0,0.15080188,0.0
0.0,0.49563017,0.0
0.0,0.8201011,1.0
1.0,0.3478095,0.0
0.0,0.4530722,0.0
1.0,0.8797919,1.0
1.0,0.9414884,1.0
1.0,0.38256016,0.0
1.0,0.79034925,1.0
1.0,0.8805994,1.0
0.0,0.08604365,0.0
1.0,0.7605784,1.0
0.0,0.35413063,0.0
0.0,0.012059839,0.0
1.0,0.7636087,1.0
0.0,0.028335275,0.0
1.0,0.5566782,1.0
0.0,0.16859774,0.0
0.0,0.47198403,0.0
1.0,0.24562587,0.0
1.0,0.34517205,0.0
1.0,0.6947723,1.0
0.0,0.15364249,0.0
0.0,0.3704955,0.0
0.0,0.4015528,0.0
1.0,0.86510646,1.0
0.0,0.76404434,1.0
1.0,0.9403939,1.0
1.0,0.61278605,1.0
0.0,0.44195715,0.0
1.0,0.71274054,1.0
0.0,0.6135253,1.0
0.0,0.12181656,0.0
1.0,0.33468416,0.0
0.0,0.5141345,1.0
1.0,0.95769984,1.0
0.0,0.44630283,0.0
1.0,0.9939674,1.0
1.0,0.47913787,0.0
1.0,0.26984006,0.0
0.0,0.29047513,0.0
1.0,0.92116827,1.0
1.0,0.76146895,1.0
0.0,0.32033336,0.0
0.0,0.36230806,0.0
0.0,0.4110944,0.0
0.0,0.48763514,0.0
1.0,0.563011,1.0
1.0,0.7165069,1.0
0.0,0.5358484,1.0
0.0,0.051021945,0.0
0.0,0.8282022,1.0
0.0,0.27205855,0.0
1.0,0.82100767,1.0
1.0,0.46116576,0.0
1.0,0.9081915,1.0
1.0,0.846558,1.0
1.0,0.14565569,0.0
1.0,0.45969096,0.0
0.0,0.16969012,0.0
0.0,0.3285462,0.0
0.0,0.23137598,0.0
1.0,0.62900215,1.0
0.0,0.3392354,0.0
0.0,0.0049697375,0.0
1.0,0.76221186,1.0
1.0,0.5648266,1.0
0.0,0.30313483,0.0
0.0,0.3066646,0.0
0.0,0.14114499,0.0
0.0,0.1515991,0.0
0.0,0.23119487,0.0
1.0,0.3173066,0.0
0.0,0.028642537,0.0
0.0,0.09830004,0.0
0.0,0.4048517,0.0
1.0,0.68131244,1.0
1.0,0.95363516,1.0
1.0,0.7481875,1.0
1.0,0.91883147,1.0
0.0,0.351318,0.0
0.0,0.3513727,0.0
1.0,0.5024472,1.0
0.0,0.14979799,0.0
0.0,0.3044539,0.0
1.0,0.5473114,1.0
1.0,0.7019407,1.0
1.0,0.98318166,1.0
0.0,0.073765,0.0
1.0,0.66149724,1.0
1.0,0.3371153,0.0
1.0,0.45750117,0.0
1.0,0.6365671,1.0
0.0,0.49077517,0.0
1.0,0.7220487,1.0
0.0,0.28673464,0.0
1.0,0.88897,1.0
1.0,0.4105631,0.0
0.0,0.026434705,0.0
1.0,0.43381515,0.0
0.0,0.14889933,0.0
0.0,0.103326775,0.0
1.0,0.6195414,1.0
0.0,0.26998273,0.0
0.0,0.11413336,0.0
0.0,0.46630573,0.0
0.0,0.15254682,0.0
0.0,0.16874957,0.0
1.0,0.35346088,0.0
0.0,0.29643983,0.0
1.0,0.20393796,0.0
0.0,0.3310463,0.0
0.0,0.24049301,0.0
0.0,0.5832303,1.0
0.0,0.4054268,0.0
0.0,0.8571813,1.0
1.0,0.70204514,1.0
0.0,0.056872524,0.0
1.0,0.75162196,1.0
1.0,0.6031466,1.0
1.0,0.4502499,0.0
1.0,0.5603174,1.0
1.0,0.15035778,0.0
1.0,0.1492411,0.0
0.0,0.7124383,1.0
1.0,0.55580544,1.0
1.0,0.2818437,0.0
0.0,0.15871996,0.0
0.0,0.84242934,1.0
0.0,0.6122065,1.0
0.0,0.14266631,0.0
0.0,0.38877437,0.0
1.0,0.88550484,1.0
1.0,0.2290053,0.0
0.0,0.09857368,0.0
0.0,0.17491661,0.0
1.0,0.56604826,1.0
0.0,0.29853892,0.0
1.0,0.9279944,1.0
1.0,0.32909915,0.0
1.0,0.91678166,1.0
1.0,0.37924045,0.0
0.0,0.4016583,0.0
1.0,0.7656029,1.0
1.0,0.63156146,1.0
1.0,0.97078216,1.0
0.0,0.2748374,0.0
1.0,0.44780886,0.0
1.0,0.9882848,1.0
0.0,0.33058903,0.0
1.0,0.77728397,1.0
1.0,0.5101525,1.0
1.0,0.60998696,1.0
1.0,0.982444,1.0
1.0,0.84717524,1.0
0.0,0.23657127,0.0
1.0,0.90887195,1.0
0.0,0.4636784,0.0
0.0,0.55927074,1.0
1.0,0.70005476,1.0
0.0,0.2765489,0.0
0.0,0.16140209,0.0
1.0,0.32656544,0.0
1.0,0.3442359,0.0
1.0,0.35075712,0.0
0.0,0.26920986,0.0
1.0,0.075504355,0.0
1.0,0.9345004,1.0
0.0,0.26023918,0.0
0.0,0.391544,0.0
0.0,0.13699609,0.0
0.0,0.4462737,0.0
1.0,0.9827947,1.0
1.0,0.558682,1.0
1.0,0.2478766,0.0
0.0,0.3225472,0.0
1.0,0.97310007,1.0
1.0,0.23781562,0.0
0.0,0.15350409,0.0
1.0,0.406785,0.0
1.0,0.2647918,0.0
1.0,0.8176873,1.0
0.0,0.87426186,1.0
1.0,0.46981332,0.0
1.0,0.99129266,1.0
1.0,0.73382956,1.0
0.0,0.2797492,0.0
1.0,0.41732252,0.0
1.0,0.2609908,0.0
0.0,0.5710113,1.0
1.0,0.7612264,1.0
1.0,0.7715362,1.0
0.0,0.19215919,0.0
1.0,0.30944517,0.0
0.0,0.16732328,0.0
1.0,0.3634794,0.0
1.0,0.92302316,1.0
0.0,0.02466948,0.0
1.0,0.4818501,0.0
1.0,0.68094087,1.0
0.0,0.6562474,1.0
1.0,0.6088334,1.0
1.0,0.314141,0.0
1.0,0.92125905,1.0
0.0,0.41342548,0.0
0.0,0.2951497,0.0
0.0,0.12251781,0.0
1.0,0.9241408,1.0
0.0,0.43257096,0.0
1.0,0.95322955,1.0
0.0,0.33890438,0.0
1.0,0.9867128,1.0
0.0,0.017608374,0.0
0.0,0.20746331,0.0
0.0,0.56209826,1.0
1.0,0.8218929,1.0
0.0,0.21344838,0.0
1.0,0.73520696,1.0
1.0,0.31389713,0.0
0.0,0.2893797,0.0
0.0,0.40155327,0.0
0.0,0.4710526,0.0
0.0,0.21476616,0.0
0.0,0.7139164,1.0
0.0,0.10400574,0.0
1.0,0.5592119,1.0
1.0,0.13273208,0.0
0.0,0.5363195,1.0
1.0,0.90461975,1.0
1.0,0.9332772,1.0
1.0,0.861394,1.0
0.0,0.32573026,0.0
0.0,0.28714463,0.0
0.0,0.24858417,0.0
1.0,0.80207354,1.0
0.0,0.9010467,1.0
0.0,0.019059109,0.0
1.0,0.871101,1.0
1.0,0.9889932,1.0
0.0,0.03989826,0.0
0.0,0.061276674,0.0
1.0,0.2173396,0.0
0.0,0.03582802,0.0
0.0,0.3487952,0.0
0.0,0.4947615,0.0
1.0,0.7901472,1.0
0.0,0.2501947,0.0
1.0,0.81134903,1.0
0.0,0.12110261,0.0
1.0,0.47165704,0.0
0.0,0.119070716,0.0
0.0,0.354401,0.0
1.0,0.462844,0.0
1.0,0.40433708,0.0
1.0,0.9569647,1.0
0.0,0.76345724,1.0
1.0,0.86000276,1.0
1.0,0.9849134,1.0
0.0,0.7206069,1.0
1.0,0.97906005,1.0
1.0,0.32164553,0.0
0.0,0.815341,1.0
0.0,0.89437443,1.0
0.0,0.0033824295,0.0
0.0,0.47164264,0.0
0.0,0.12786023,0.0
0.0,0.33509064,0.0
0.0,0.3989884,0.0
1.0,0.9734874,1.0
0.0,0.2727716,0.0
1.0,0.52855706,1.0
1.0,0.78968984,1.0
0.0,0.50238246,1.0
0.0,0.32180625,0.0
1.0,0.96046335,1.0
1.0,0.25087255,0.0
0.0,0.41573575,0.0
1.0,0.48037356,0.0
1.0,0.36818793,0.0
0.0,0.3504245,0.0
1.0,0.5348867,1.0
1.0,0.6985518,1.0
0.0,0.28968155,0.0
0.0,0.46242857,0.0
0.0,0.004945897,0.0
1.0,0.8005909,1.0
0.0,0.5813214,1.0
0.0,0.12190177,0.0
1.0,0.8210737,1.0
0.0,0.5313427,1.0
0.0,0.6563446,1.0
1.0,0.3498243,0.0
1.0,0.8904411,1.0
0.0,0.75869256,1.0
0.0,0.37939462,0.0
1.0,0.9276699,1.0
0.0,0.13693987,0.0
1.0,0.96830964,1.0
1.0,0.54444516,1.0
1.0,0.5486463,1.0
0.0,0.16780828,0.0
1.0,0.95909715,1.0
0.0,0.1360681,0.0
0.0,0.3551181,0.0
1.0,0.4917041,0.0
1.0,0.5235166,1.0
1.0,0.65738994,1.0
1.0,0.7043511,1.0
0.0,0.18215837,0.0
0.0,0.09602122,0.0
0.0,0.09556962,0.0
1.0,0.87682974,1.0
1.0,0.9777606,1.0
0.0,0.26319936,0.0
1.0,0.38444957,0.0
1.0,0.2643679,0.0
1.0,0.99163014,1.0
0.0,0.5496826,1.0
0.0,0.08758144,0.0
1.0,0.8294657,1.0
1.0,0.5013353,1.0
0.0,0.12293574,0.0
1.0,0.7279989,1.0
0.0,0.12134677,0.0
0.0,0.31172636,0.0
1.0,0.81402373,1.0
1.0,0.25372505,0.0
0.0,0.49095607,0.0
1.0,0.89327633,1.0
1.0,0.62891096,1.0
1.0,0.98976314,1.0
0.0,0.24179585,0.0
0.0,0.27755055,0.0
0.0,0.0793618,0.0
0.0,0.0804476,0.0
0.0,0.050660722,0.0
0.0,0.3431746,0.0
0.0,0.40385735,0.0
1.0,0.9734481,1.0
0.0,0.11288202,0.0
1.0,0.6556658,1.0
1.0,0.787783,1.0
0.0,0.040694244,0.0
0.0,0.44623658,0.0
0.0,0.66587543,1.0
1.0,0.69790727,1.0
1.0,0.3704393,0.0
0.0,0.4230827,0.0
0.0,0.8848979,1.0
1.0,0.98847777,1.0
0.0,0.5029114,1.0
0.0,0.35664758,0.0
1.0,0.17308992,0.0
0.0,0.11991655,0.0
1.0,0.56410515,1.0
1.0,0.52627254,1.0
0.0,0.5908876,1.0
0.0,0.33806613,0.0
1.0,0.57469416,1.0
0.0,0.7106961,1.0
1.0,0.90359604,1.0
0.0,0.70335263,1.0
0.0,0.05319654,0.0
0.0,0.43015018,0.0
1.0,0.54108536,1.0
1.0,0.91552633,1.0
0.0,0.30453253,0.0
0.0,0.20632622,0.0
0.0,0.46845967,0.0
1.0,0.8727398,1.0
0.0,0.02298561,0.0
0.0,0.25813422,0.0
0.0,0.32480225,0.0
1.0,0.9706003,1.0
1.0,0.7377945,1.0
0.0,0.4146977,0.0
0.0,0.3335047,0.0
0.0,0.24917236,0.0
0.0,0.6095154,1.0
0.0,0.38733402,0.0
1.0,0.39440483,0.0
1.0,0.6212016,1.0
1.0,0.42541713,0.0
1.0,0.56721044,1.0
0.0,0.6109106,1.0
0.0,0.33220538,0.0
1.0,0.7087771,1.0
0.0,0.3288101,0.0
0.0,0.5582614,1.0
0.0,0.4172706,0.0
1.0,0.819778,1.0
1.0,0.6885794,1.0
0.0,0.030215012,0.0
1.0,0.21863467,0.0
1.0,0.7162627,1.0
0.0,0.32326686,0.0
0.0,0.24748716,0.0
1.0,0.922666,1.0
1.0,0.572215,1.0
1.0,0.9773367,1.0
1.0,0.9850605,1.0
1.0,0.8873351,1.0
0.0,0.48822707,0.0
1.0,0.8915822,1.0
1.0,0.5839475,1.0
0.0,0.65649027,1.0
0.0,0.3613593,0.0
1.0,0.95939356,1.0
0.0,0.656878,1.0
0.0,0.3423934,0.0
1.0,0.9026806,1.0
1.0,0.9226526,1.0
0.0,0.3737103,0.0
1.0,0.9468538,1.0
1.0,0.17705326,0.0
1.0,0.62114346,1.0
0.0,0.21199268,0.0
1.0,0.55084,1.0
1.0,0.9819406,1.0
0.0,0.442304,0.0
1.0,0.865957,1.0
0.0,0.4154876,0.0
0.0,0.5016157,1.0
1.0,0.9775115,1.0
0.0,0.03347965,0.0
0.0,0.16682959,0.0
1.0,0.91028565,1.0
1.0,0.5011493,1.0
1.0,0.9400115,1.0
1.0,0.46302086,0.0
0.0,0.5666951,1.0
1.0,0.2898421,0.0
0.0,0.25582898,0.0
1.0,0.3098364,0.0
0.0,0.09667866,0.0
1.0,0.35596207,0.0
1.0,0.94070005,1.0
1.0,0.91504526,1.0
1.0,0.09020139,0.0
1.0,0.5748409,1.0
0.0,0.5203395,1.0
0.0,0.27329046,0.0
0.0,0.1629934,0.0
1.0,0.54847294,1.0
0.0,0.018981548,0.0
1.0,0.6754485,1.0
1.0,0.81784195,1.0
0.0,0.66669136,1.0
0.0,0.30401972,0.0
0.0,0.7449044,1.0
0.0,0.0436439,0.0
0.0,0.0341342,0.0
0.0,0.21106678,0.0
1.0,0.745758,1.0
1.0,0.12127035,0.0
0.0,0.21517558,0.0
0.0,0.29534915,0.0
1.0,0.57069945,1.0
0.0,0.003900399,0.0
0.0,0.4303311,0.0
0.0,0.5464563,1.0
1.0,0.37950316,0.0
0.0,0.03208091,0.0
0.0,0.15197794,0.0
1.0,0.53031886,1.0
1.0,0.993357,1.0
1.0,0.3815113,0.0
1.0,0.51248723,1.0
1.0,0.4712194,0.0
1.0,0.9652624,1.0
1.0,0.35151345,0.0
1.0,0.9800362,1.0
1.0,0.672832,1.0
1.0,0.5022769,1.0
1.0,0.9159627,1.0
1.0,0.56542826,1.0
1.0,0.46204224,0.0
1.0,0.28899825,0.0
0.0,0.22357835,0.0
0.0,0.29904702,0.0
1.0,0.7610744,1.0
1.0,0.6991755,1.0
0.0,0.77734613,1.0
0.0,0.5932046,1.0
0.0,0.0605882,0.0
0.0,0.68864876,1.0
0.0,0.26975697,0.0
1.0,0.71079636,1.0
0.0,0.41222462,0.0
1.0,0.57718396,1.0
1.0,0.92903775,1.0
1.0,0.6225985,1.0
0.0,0.47529796,0.0
1.0,0.15474771,0.0
0.0,0.23160835,0.0
0.0,0.08424408,0.0
0.0,0.53603125,1.0
1.0,0.7061097,1.0
1.0,0.95067585,1.0
1.0,0.99083835,1.0
0.0,0.19448353,0.0
0.0,0.012918028,0.0
0.0,0.65100455,1.0
1.0,0.9073781,1.0
1.0,0.26970252,0.0
0.0,0.057254147,0.0
1.0,0.9809724,1.0
1.0,0.30199242,0.0
0.0,0.012368975,0.0
0.0,0.029820846,0.0
1.0,0.8940438,1.0
1.0,0.4712401,0.0
1.0,0.6870694,1.0
0.0,0.24263942,0.0
1.0,0.3812672,0.0
1.0,0.57072204,1.0
1.0,0.7671437,1.0
1.0,0.7531689,1.0
1.0,0.8709216,1.0
0.0,0.078266054,0.0
0.0,0.95224476,1.0
0.0,0.06640029,0.0
0.0,0.9247236,1.0
0.0,0.13389671,0.0
0.0,0.26644298,0.0
0.0,0.24166834,0.0
1.0,0.33939406,0.0
0.0,0.17492555,0.0
0.0,0.37334168,0.0
0.0,0.08014206,0.0
1.0,0.9770308,1.0
0.0,0.64291865,1.0
0.0,0.0049063414,0.0
1.0,0.7821149,1.0
1.0,0.35229862,0.0
1.0,0.3205586,0.0
0.0,0.33517417,0.0
0.0,0.73620343,1.0
0.0,0.6571671,1.0
1.0,0.53508496,1.0
1.0,0.9666825,1.0
0.0,0.21436541,0.0
0.0,0.14635056,0.0
1.0,0.9463493,1.0
0.0,0.09538557,0.0
0.0,0.27369508,0.0
1.0,0.9112285,1.0
1.0,0.8839668,1.0
0.0,0.34176618,0.0
0.0,0.34660515,0.0
0.0,0.43443492,0.0
0.0,0.5311793,1.0
1.0,0.5076616,1.0
1.0,0.9035008,1.0
1.0,0.43231806,0.0
1.0,0.99258184,1.0
1.0,0.9057319,1.0
0.0,0.4709338,0.0
0.0,0.5771211,1.0
1.0,0.69082576,1.0
1.0,0.50907874,1.0
0.0,0.5110739,1.0
1.0,0.738878,1.0
0.0,0.31117114,0.0
1.0,0.42304575,0.0
1.0,0.4108341,0.0
0.0,0.34889817,0.0
0.0,0.14451198,0.0
0.0,0.20333575,0.0
1.0,0.796173,1.0
1.0,0.5330376,1.0
1.0,0.67791814,1.0
1.0,0.8751646,1.0
0.0,0.25842685,0.0
0.0,0.45522878,0.0
1.0,0.6898627,1.0
1.0,0.7270073,1.0
0.0,0.4207166,0.0
0.0,0.013761153,0.0
1.0,0.9111097,1.0
0.0,0.40417054,0.0
0.0,0.5647999,1.0
0.0,0.006568097,0.0
0.0,0.14147817,0.0
0.0,0.0035871745,0.0
0.0,0.03978321,0.0
0.0,0.31285265,0.0
0.0,0.030441975,0.0
0.0,0.33648124,0.0
0.0,0.38823733,0.0
1.0,0.65899724,1.0
1.0,0.9836362,1.0
0.0,0.93140864,1.0
1.0,0.80860054,1.0
1.0,0.7428088,1.0
0.0,0.29819384,0.0
0.0,0.18009779,0.0
1.0,0.70122063,1.0
1.0,0.7256078,1.0
1.0,0.35687846,0.0
1.0,0.43402258,0.0
0.0,0.03619937,0.0
1.0,0.40782347,0.0
1.0,0.97480595,1.0
1.0,0.91349506,1.0
1.0,0.7960756,1.0
1.0,0.65161717,1.0
0.0,0.21541615,0.0
0.0,0.008764403,0.0
1.0,0.39473352,0.0
0.0,0.66444117,1.0
0.0,0.069651805,0.0
1.0,0.14120077,0.0
0.0,0.32000744,0.0
1.0,0.5369214,1.0
1.0,0.748672,1.0
1.0,0.86221397,1.0
0.0,0.35492074,0.0
1.0,0.5283276,1.0
0.0,0.50557977,1.0
0.0,0.38573703,0.0
1.0,0.51005137,1.0
1.0,0.56177264,1.0
0.0,0.25303456,0.0
0.0,0.5158751,1.0
1.0,0.35896018,0.0
0.0,0.02159677,0.0
0.0,0.7774379,1.0
0.0,0.28060344,0.0
0.0,0.039152775,0.0
0.0,0.14347108,0.0
1.0,0.93802094,1.0
1.0,0.62389886,1.0
1.0,0.35183164,0.0
1.0,0.6586542,1.0
0.0,0.5311312,1.0
1.0,0.9247258,1.0
0.0,0.5162111,1.0
0.0,0.49897885,0.0
1.0,0.15680236,0.0
1.0,0.38418272,0.0
1.0,0.30655408,0.0
1.0,0.6153722,1.0
1.0,0.5014634,1.0
0.0,0.082569115,0.0
0.0,0.28694177,0.0
1.0,0.3813008,0.0
0.0,0.012573648,0.0
0.0,0.3731465,0.0
1.0,0.82488674,1.0
0.0,0.15342593,0.0
0.0,0.72538775,1.0
0.0,0.6182106,1.0
1.0,0.9916319,1.0
1.0,0.3040341,0.0
1.0,0.3796392,0.0
1.0,0.6204715,1.0
1.0,0.95955354,1.0
1.0,0.93434656,1.0
1.0,0.75150764,1.0
1.0,0.89481723,1.0
1.0,0.94072956,1.0
0.0,0.13014273,0.0
0.0,0.30289122,0.0
0.0,0.3503452,0.0
1.0,0.85069203,1.0
1.0,0.17727886,0.0
1.0,0.5139658,1.0
0.0,0.36284176,0.0
1.0,0.62932825,1.0
0.0,0.3142979,0.0
1.0,0.62619925,1.0
0.0,0.8949185,1.0
0.0,0.3647255,0.0
0.0,0.2393462,0.0
1.0,0.53292114,1.0
0.0,0.19220209,0.0
1.0,0.7424394,1.0
1.0,0.82708985,1.0
1.0,0.9860101,1.0
0.0,0.8364684,1.0
0.0,0.62000555,1.0
0.0,0.23694566,0.0
1.0,0.856955,1.0
0.0,0.7425856,1.0
0.0,0.36266476,0.0
0.0,0.66558254,1.0
0.0,0.3384529,0.0
0.0,0.152865,0.0
1.0,0.66422087,1.0
0.0,0.5223754,1.0
0.0,0.22342367,0.0
0.0,0.16686603,0.0
1.0,0.94257843,1.0
1.0,0.24982214,0.0
1.0,0.8271442,1.0
0.0,0.55522245,1.0
0.0,0.30121738,0.0
1.0,0.23239727,0.0
0.0,0.50181806,1.0
0.0,0.36974332,0.0
0.0,0.24167743,0.0
0.0,0.28112927,0.0
0.0,0.0109589305,0.0
0.0,0.46528587,0.0
1.0,0.7916241,1.0
0.0,0.10406549,0.0
1.0,0.91713625,1.0
1.0,0.34329882,0.0
1.0,0.5904554,1.0
0.0,0.19835764,0.0
1.0,0.2832022,0.0
1.0,0.22001037,0.0
0.0,0.48102033,0.0
1.0,0.39727095,0.0
0.0,0.2326459,0.0
1.0,0.71494085,1.0
0.0,0.48341954,0.0
1.0,0.89001334,1.0
0.0,0.46280667,0.0
0.0,0.027731068,0.0
1.0,0.38118067,0.0
0.0,0.14404202,0.0
1.0,0.480706,0.0
0.0,0.70410496,1.0
0.0,0.5020453,1.0
0.0,0.062015593,0.0
1.0,0.4699414,0.0
1.0,0.35211822,0.0
1.0,0.9687885,1.0
1.0,0.78692526,1.0
0.0,0.65024024,1.0
1.0,0.99221706,1.0
1.0,0.5720597,1.0
0.0,0.047048714,0.0
1.0,0.64809245,1.0
1.0,0.91718894,1.0
1.0,0.7168013,1.0
0.0,0.34808463,0.0
0.0,0.0407819,0.0
0.0,0.16171925,0.0
0.0,0.38647953,0.0
0.0,0.1552388,0.0
1.0,0.7446009,1.0
0.0,0.10709663,0.0
0.0,0.440524,0.0
1.0,0.73647135,1.0
1.0,0.5024366,1.0
0.0,0.7284004,1.0
1.0,0.5146462,1.0
1.0,0.6703989,1.0
0.0,0.39194968,0.0
1.0,0.55332714,1.0
0.0,0.3113474,0.0
1.0,0.9952069,1.0
0.0,0.2616564,0.0
1.0,0.81187433,1.0
1.0,0.99168324,1.0
1.0,0.70137525,1.0
1.0,0.6663051,1.0
0.0,0.28780943,0.0
0.0,0.041780263,0.0
0.0,0.54634947,1.0
0.0,0.4448773,0.0
0.0,0.7380878,1.0
1.0,0.46192878,0.0
1.0,0.2068989,0.0
1.0,0.98712826,1.0
0.0,0.003169614,0.0
0.0,0.46875557,0.0
0.0,0.04609933,0.0
1.0,0.68313706,1.0
0.0,0.2143483,0.0
1.0,0.23229393,0.0
0.0,0.32405704,0.0
1.0,0.92837214,1.0
1.0,0.27344614,0.0
1.0,0.88213265,1.0
1.0,0.4645217,0.0
0.0,0.27212182,0.0
1.0,0.5764968,1.0
1.0,0.6037044,1.0
1.0,0.36734834,0.0
1.0,0.6428459,1.0
0.0,0.2930158,0.0
0.0,0.019907396,0.0
1.0,0.76745707,1.0
0.0,0.3674763,0.0
0.0,0.48359817,0.0
1.0,0.17635281,0.0
0.0,0.25752643,0.0
0.0,0.24607529,0.0
0.0,0.16480473,0.0
1.0,0.8993578,1.0
0.0,0.016313769,0.0
1.0,0.98488706,1.0
1.0,0.40151435,0.0
0.0,0.46569124,0.0
1.0,0.85359025,1.0
0.0,0.49809003,0.0
0.0,0.24533936,0.0
1.0,0.83138204,1.0
0.0,0.52524614,1.0
1.0,0.83261925,1.0
1.0,0.6365568,1.0
0.0,0.20244886,0.0
0.0,0.22802943,0.0
0.0,0.07965938,0.0
1.0,0.77210563,1.0
1.0,0.540284,1.0
1.0,0.8627514,1.0
1.0,0.88968134,1.0
0.0,0.29489508,0.0
0.0,0.20083918,0.0
1.0,0.89545625,1.0
0.0,0.75769144,1.0
0.0,0.45602322,0.0
1.0,0.23838668,0.0
0.0,0.1543888,0.0
0.0,0.5972729,1.0
1.0,0.82124174,1.0
1.0,0.61756057,1.0
0.0,0.5231082,1.0
1.0,0.41085657,0.0
1.0,0.14024593,0.0
0.0,0.21959187,0.0
0.0,0.41531602,0.0
1.0,0.43319052,0.0
1.0,0.36998373,0.0
0.0,0.02547774,0.0
1.0,0.88546103,1.0
1.0,0.19705532,0.0
0.0,0.0056100255,0.0
0.0,0.17976959,0.0
0.0,0.43562603,0.0
1.0,0.9911686,1.0
0.0,0.7815409,1.0
1.0,0.98026305,1.0
1.0,0.27785012,0.0
0.0,0.00945506,0.0
0.0,0.22777037,0.0
1.0,0.49621513,0.0
1.0,0.9270033,1.0
0.0,0.04274067,0.0
0.0,0.22267382,0.0
0.0,0.30693585,0.0
0.0,0.3347933,0.0
0.0,0.4134924,0.0
1.0,0.47181582,0.0
1.0,0.8767289,1.0
0.0,0.16955481,0.0
1.0,0.5640802,1.0
0.0,0.1271294,0.0
1.0,0.7556268,1.0
0.0,0.2460953,0.0
0.0,0.30063227,0.0
1.0,0.41525975,0.0
0.0,0.6441277,1.0
1.0,0.9385728,1.0
0.0,0.20413834,0.0
1.0,0.6518126,1.0
0.0,0.13965173,0.0
1.0,0.30407575,0.0
0.0,0.10839542,0.0
1.0,0.33543032,0.0
1.0,0.9523752,1.0
1.0,0.47841418,0.0
1.0,0.6829245,1.0
0.0,0.35165212,0.0
1.0,0.7322073,1.0
0.0,0.2929371,0.0
0.0,0.28648058,0.0
0.0,0.15861662,0.0
0.0,0.0662147,0.0
0.0,0.18878035,0.0
1.0,0.5836862,1.0
1.0,0.8251393,1.0
0.0,0.7186314,1.0
0.0,0.46056128,0.0
1.0,0.32167363,0.0
0.0,0.6304595,1.0
0.0,0.04671221,0.0
1.0,0.20376003,0.0
0.0,0.5517407,1.0
1.0,0.5375298,1.0
1.0,0.3713775,0.0
0.0,0.53494287,1.0
1.0,0.29124156,0.0
1.0,0.19422579,0.0
0.0,0.5908424,1.0
1.0,0.42736313,0.0
1.0,0.09475979,0.0
1.0,0.53748447,1.0
1.0,0.30293843,0.0
0.0,0.4079903,0.0
0.0,0.34703866,0.0
1.0,0.3855129,0.0
1.0,0.85318744,1.0
1.0,0.53134316,1.0
1.0,0.47088885,0.0
0.0,0.4135186,0.0
0.0,0.5531753,1.0
1.0,0.30582696,0.0
1.0,0.44048136,0.0
1.0,0.9942821,1.0
0.0,0.23205356,0.0
1.0,0.97348714,1.0
0.0,0.19609295,0.0
0.0,0.39267495,0.0
0.0,0.1339392,0.0
0.0,0.31645405,0.0
1.0,0.3572123,0.0
0.0,0.14808804,0.0
0.0,0.28676632,0.0
1.0,0.8949929,1.0
0.0,0.20523328,0.0
1.0,0.881975,1.0
1.0,0.9626486,1.0
0.0,0.005906459,0.0
1.0,0.34766614,0.0
0.0,0.034509532,0.0
0.0,0.71908134,1.0
0.0,0.41276982,0.0
1.0,0.18606786,0.0
1.0,0.58704203,1.0
0.0,0.30483216,0.0
0.0,0.20592308,0.0
1.0,0.5427875,1.0
0.0,0.43249986,0.0
1.0,0.4409715,0.0
1.0,0.16661836,0.0
1.0,0.21937414,0.0
1.0,0.8497241,1.0
0.0,0.3941766,0.0
1.0,0.9921388,1.0
0.0,0.2959808,0.0
0.0,0.4230858,0.0
0.0,0.024985,0.0
1.0,0.1777127,0.0
0.0,0.042181555,0.0
0.0,0.37881458,0.0
1.0,0.5513356,1.0
1.0,0.91495794,1.0
0.0,0.23931658,0.0
0.0,0.17631589,0.0
1.0,0.5864183,1.0
0.0,0.5164214,1.0
0.0,0.06428033,0.0
1.0,0.24034594,0.0
0.0,0.31409097,0.0
1.0,0.4387111,0.0
0.0,0.5488115,1.0
0.0,0.02911784,0.0
1.0,0.84846914,1.0
1.0,0.81105274,1.0
1.0,0.23902872,0.0
1.0,0.9187661,1.0
1.0,0.09051409,0.0
1.0,0.7196097,1.0
0.0,0.25074932,0.0
0.0,0.3228685,0.0
0.0,0.5695053,1.0
0.0,0.20119299,0.0
1.0,0.36334598,0.0
0.0,0.4580663,0.0
1.0,0.43578288,0.0
0.0,0.15435,0.0
0.0,0.74199474,1.0
0.0,0.092944,0.0
0.0,0.100229554,0.0
0.0,0.19106734,0.0
1.0,0.8756404,1.0
1.0,0.35842544,0.0
0.0,0.13745178,0.0
0.0,0.3524222,0.0
0.0,0.12465219,0.0
0.0,0.20179084,0.0
1.0,0.994335,1.0
1.0,0.51034755,1.0
1.0,0.82906926,1.0
1.0,0.449768,0.0
0.0,0.0145362355,0.0
1.0,0.42747435,0.0
1.0,0.88498664,1.0
1.0,0.29672116,0.0
1.0,0.34560996,0.0
1.0,0.32659864,0.0
0.0,0.2172149,0.0
0.0,0.4969237,0.0
0.0,0.2520188,0.0
0.0,0.20206517,0.0
0.0,0.21452244,0.0
0.0,0.19578613,0.0
0.0,0.28854042,0.0
0.0,0.38409278,0.0
0.0,0.5823788,1.0
1.0,0.8548177,1.0
1.0,0.89136213,1.0
1.0,0.8818719,1.0
1.0,0.25901163,0.0
1.0,0.63562226,1.0
1.0,0.7923311,1.0
0.0,0.29869545,0.0
1.0,0.9190597,1.0
0.0,0.10069064,0.0
1.0,0.7971873,1.0
0.0,0.10824719,0.0
1.0,0.86015993,1.0
1.0,0.8736152,1.0
1.0,0.44545957,0.0
1.0,0.9793632,1.0
0.0,0.012552117,0.0
1.0,0.95212406,1.0
0.0,0.062960654,0.0
1.0,0.6707211,1.0
1.0,0.6525451,1.0
0.0,0.23847906,0.0
0.0,0.041690055,0.0
0.0,0.3418636,0.0
0.0,0.35341442,0.0
1.0,0.6745941,1.0
0.0,0.17049594,0.0
0.0,0.3303555,0.0
0.0,0.29707256,0.0
1.0,0.98034966,1.0
0.0,0.023024041,0.0
0.0,0.32645643,0.0
0.0,0.14197616,0.0
0.0,0.09098924,0.0
0.0,0.5296523,1.0
1.0,0.8835865,1.0
1.0,0.23839372,0.0
0.0,0.28638422,0.0
1.0,0.99222225,1.0
1.0,0.78925633,1.0
1.0,0.7809153,1.0
0.0,0.28852177,0.0
0.0,0.19674596,0.0
0.0,0.041586395,0.0
0.0,0.43195182,0.0
0.0,0.23719503,0.0
0.0,0.8711733,1.0
1.0,0.96724576,1.0
0.0,0.3543829,0.0
1.0,0.8084383,1.0
1.0,0.6225622,1.0
1.0,0.41531497,0.0
0.0,0.122579075,0.0
0.0,0.23664983,0.0
0.0,0.036507517,0.0
0.0,0.25948766,0.0
0.0,0.54161286,1.0
1.0,0.8666307,1.0
0.0,0.2847429,0.0
1.0,0.50598407,1.0
0.0,0.10506614,0.0
1.0,0.58373994,1.0
0.0,0.116930045,0.0
1.0,0.98838764,1.0
0.0,0.45526484,0.0
1.0,0.042415265,0.0
1.0,0.2155424,0.0
1.0,0.8809552,1.0
0.0,0.1605734,0.0
1.0,0.36962232,0.0
0.0,0.30265465,0.0
0.0,0.38364828,0.0
1.0,0.15968138,0.0
1.0,0.3662784,0.0
0.0,0.31415147,0.0
1.0,0.3316038,0.0
0.0,0.0033866756,0.0
0.0,0.7652382,1.0
1.0,0.49622568,0.0
1.0,0.77924615,1.0
0.0,0.0063395225,0.0
0.0,0.22568314,0.0
0.0,0.15523064,0.0
1.0,0.98684525,1.0
1.0,0.5652284,1.0
0.0,0.3848159,0.0
1.0,0.7769782,1.0
1.0,0.7806875,1.0
1.0,0.30033252,0.0
0.0,0.71713644,1.0
1.0,0.6338741,1.0
0.0,0.5810481,1.0
0.0,0.2965671,0.0
0.0,0.7014313,1.0
1.0,0.9047547,1.0
0.0,0.07049953,0.0
0.0,0.008300264,0.0
1.0,0.23237486,0.0
0.0,0.33962876,0.0
0.0,0.11251561,0.0
0.0,0.29288343,0.0
0.0,0.39309213,0.0
1.0,0.5486364,1.0
1.0,0.36710852,0.0
0.0,0.27633184,0.0
0.0,0.43409428,0.0
1.0,0.4770689,0.0
0.0,0.31473568,0.0
0.0,0.09457484,0.0
1.0,0.91389763,1.0
0.0,0.040027793,0.0
0.0,0.7047897,1.0
1.0,0.29812592,0.0
0.0,0.052649185,0.0
0.0,0.14718868,0.0
0.0,0.28114694,0.0
1.0,0.89576775,1.0
1.0,0.8991165,1.0
0.0,0.25021702,0.0
0.0,0.20103218,0.0
0.0,0.16656977,0.0
1.0,0.6002681,1.0
0.0,0.026587503,0.0
1.0,0.36013636,0.0
1.0,0.709237,1.0
1.0,0.8232497,1.0
0.0,0.546062,1.0
0.0,0.06206575,0.0
1.0,0.7220961,1.0
1.0,0.79698837,1.0
0.0,0.69024354,1.0
0.0,0.09737734,0.0
0.0,0.21965009,0.0
0.0,0.090511374,0.0
0.0,0.28959227,0.0
1.0,0.95347,1.0
1.0,0.3962822,0.0
0.0,0.03394385,0.0
1.0,0.4117874,0.0
1.0,0.7720777,1.0
1.0,0.61341316,1.0
1.0,0.6687216,1.0
0.0,0.4996906,0.0
1.0,0.35605344,0.0
0.0,0.39718336,0.0
1.0,0.85741436,1.0
0.0,0.4512542,0.0
0.0,0.6890235,1.0
0.0,0.30211896,0.0
1.0,0.9885958,1.0
1.0,0.9083271,1.0
1.0,0.39802396,0.0
1.0,0.43502572,0.0
0.0,0.24883641,0.0
1.0,0.6270166,1.0
0.0,0.1970712,0.0
1.0,0.6972887,1.0
0.0,0.4344099,0.0
1.0,0.2627946,0.0
1.0,0.5630666,1.0
0.0,0.23489012,0.0
1.0,0.3658305,0.0
0.0,0.07063152,0.0
1.0,0.99202746,1.0
0.0,0.1687846,0.0
1.0,0.7934706,1.0
0.0,0.8417485,1.0
0.0,0.30053368,0.0
1.0,0.861402,1.0
1.0,0.17494531,0.0
0.0,0.41457948,0.0
0.0,0.35498738,0.0
0.0,0.35318968,0.0
0.0,0.33920056,0.0
0.0,0.95491,1.0
1.0,0.90004843,1.0
1.0,0.9466099,1.0
0.0,0.4273095,0.0
0.0,0.62930745,1.0
1.0,0.47474852,0.0
0.0,0.030419217,0.0
1.0,0.9121645,1.0
0.0,0.2540068,0.0
0.0,0.47109503,0.0
1.0,0.43560573,0.0
0.0,0.39902452,0.0
0.0,0.5044689,1.0
0.0,0.030661207,0.0
1.0,0.3580454,0.0
1.0,0.111394145,0.0
0.0,0.23870295,0.0
1.0,0.9035365,1.0
0.0,0.4818116,0.0
0.0,0.18029884,0.0
0.0,0.5919128,1.0
0.0,0.1779789,0.0
0.0,0.3345748,0.0
0.0,0.3430044,0.0
0.0,0.13149227,0.0
0.0,0.13563374,0.0
1.0,0.55531776,1.0
0.0,0.16682056,0.0
1.0,0.9819755,1.0
1.0,0.8744094,1.0
0.0,0.5182454,1.0
1.0,0.16975671,0.0
0.0,0.34837282,0.0
0.0,0.12413808,0.0
1.0,0.3894404,0.0
1.0,0.79040486,1.0
1.0,0.6298212,1.0
1.0,0.6748948,1.0
0.0,0.3358102,0.0
0.0,0.23961727,0.0
1.0,0.78995985,1.0
1.0,0.99317247,1.0
0.0,0.6169789,1.0
1.0,0.38584098,0.0
1.0,0.6651195,1.0
1.0,0.09091541,0.0
1.0,0.64442384,1.0
1.0,0.16853277,0.0
0.0,0.5264655,1.0
1.0,0.69909734,1.0
0.0,0.34776,0.0
0.0,0.12814191,0.0
0.0,0.26737922,0.0
1.0,0.14768817,0.0
1.0,0.327953,0.0
1.0,0.78385496,1.0
0.0,0.4467948,0.0
1.0,0.95810795,1.0
0.0,0.40101108,0.0
0.0,0.54870653,1.0
1.0,0.9764149,1.0
0.0,0.03600879,0.0
1.0,0.70841295,1.0
0.0,0.15118754,0.0
1.0,0.038962774,0.0
1.0,0.35655335,0.0
1.0,0.95946836,1.0
0.0,0.48391268,0.0
0.0,0.3791335,0.0
0.0,0.25938657,0.0
1.0,0.3012786,0.0
1.0,0.27067253,0.0
1.0,0.911382,1.0
0.0,0.72603106,1.0
0.0,0.13637158,0.0
1.0,0.87073636,1.0
0.0,0.54361933,1.0
0.0,0.123132855,0.0
0.0,0.24512239,0.0
1.0,0.19489166,0.0
0.0,0.019406317,0.0
0.0,0.82163894,1.0
1.0,0.7280523,1.0
1.0,0.88925505,1.0
1.0,0.82419235,1.0
0.0,0.4123176,0.0
0.0,0.2976066,0.0
1.0,0.31381387,0.0
0.0,0.689592,1.0
1.0,0.5296454,1.0
0.0,0.21449046,0.0
0.0,0.02308442,0.0
0.0,0.29121733,0.0
0.0,0.32194865,0.0
1.0,0.8520685,1.0
1.0,0.17886391,0.0
1.0,0.86107826,1.0
0.0,0.39946654,0.0
1.0,0.8222097,1.0
0.0,0.31207427,0.0
1.0,0.4379996,0.0
0.0,0.10184125,0.0
1.0,0.80212945,1.0
1.0,0.5462431,1.0
0.0,0.15433347,0.0
1.0,0.9445112,1.0
0.0,0.1462765,0.0
0.0,0.04092366,0.0
0.0,0.29536122,0.0
0.0,0.523798,1.0
0.0,0.23493432,0.0
0.0,0.09822838,0.0
0.0,0.68085206,1.0
0.0,0.06368237,0.0
0.0,0.12644862,0.0
1.0,0.31950167,0.0
0.0,0.077726476,0.0
0.0,0.21038114,0.0
0.0,0.15945652,0.0
1.0,0.86539996,1.0
1.0,0.68835604,1.0
0.0,0.42443484,0.0
0.0,0.086159416,0.0
1.0,0.9261591,1.0
0.0,0.52669674,1.0
1.0,0.30405062,0.0
0.0,0.40174308,0.0
0.0,0.41268516,0.0
0.0,0.25859004,0.0
0.0,0.51964736,1.0
1.0,0.9245768,1.0
0.0,0.55170095,1.0
0.0,0.2265577,0.0
1.0,0.1573536,0.0
1.0,0.15208817,0.0
0.0,0.1080534,0.0
0.0,0.4932073,0.0
1.0,0.955459,1.0
1.0,0.22919072,0.0
0.0,0.45980275,0.0
0.0,0.23110075,0.0
0.0,0.02797226,0.0
0.0,0.10599331,0.0
0.0,0.370453,0.0
1.0,0.46562615,0.0
0.0,0.0036069343,0.0
1.0,0.9546835,1.0
1.0,0.90062183,1.0
0.0,0.6028969,1.0
0.0,0.5510393,1.0
1.0,0.20032929,0.0
1.0,0.4405616,0.0
1.0,0.15526779,0.0
1.0,0.23847142,0.0
1.0,0.9419154,1.0
1.0,0.36788678,0.0
1.0,0.28096405,0.0
1.0,0.88287646,1.0
0.0,0.3869122,0.0
1.0,0.8113375,1.0
0.0,0.118235655,0.0
0.0,0.4985873,0.0
0.0,0.20725451,0.0
0.0,0.5014311,1.0
1.0,0.6998768,1.0
0.0,0.109067895,0.0
0.0,0.47069788,0.0
0.0,0.26498663,0.0
0.0,0.0990835,0.0
1.0,0.54452777,1.0
1.0,0.65376204,1.0
1.0,0.33705655,0.0
0.0,0.0617923,0.0
1.0,0.7427998,1.0
0.0,0.43467942,0.0
0.0,0.34998974,0.0
1.0,0.4045147,0.0
1.0,0.95212126,1.0
1.0,0.9329294,1.0
1.0,0.87124324,1.0
1.0,0.7805594,1.0
1.0,0.8928749,1.0
1.0,0.7241356,1.0
0.0,0.10415697,0.0
0.0,0.20660645,0.0
0.0,0.3382069,0.0
1.0,0.9109855,1.0
1.0,0.5326449,1.0
0.0,0.037365012,0.0
0.0,0.46024972,0.0
0.0,0.39370576,0.0
1.0,0.8980755,1.0
1.0,0.82190007,1.0
0.0,0.35922113,0.0
1.0,0.35390568,0.0
0.0,0.10919941,0.0
1.0,0.40258557,0.0
0.0,0.5969287,1.0
1.0,0.9800837,1.0
0.0,0.21898112,0.0
0.0,0.28715566,0.0
1.0,0.6154327,1.0
0.0,0.31315622,0.0
1.0,0.7609134,1.0
0.0,0.23425229,0.0
1.0,0.8375487,1.0
1.0,0.7505238,1.0
1.0,0.2685426,0.0
1.0,0.9522741,1.0
1.0,0.4533373,0.0
0.0,0.1688271,0.0
1.0,0.8663814,1.0
0.0,0.35627496,0.0
0.0,0.3433328,0.0
0.0,0.49038923,0.0
1.0,0.0935804,0.0
0.0,0.073675565,0.0
0.0,0.8106106,1.0
1.0,0.984534,1.0
0.0,0.21735969,0.0
0.0,0.26521125,0.0
1.0,0.8090595,1.0
1.0,0.52430785,1.0
1.0,0.9177199,1.0
1.0,0.9885422,1.0
1.0,0.98675984,1.0
0.0,0.10680807,0.0
1.0,0.87518275,1.0
1.0,0.7418099,1.0
1.0,0.6552307,1.0
1.0,0.3281006,0.0
1.0,0.2584905,0.0
0.0,0.4467398,0.0
0.0,0.25990883,0.0
0.0,0.10254231,0.0
1.0,0.28944096,0.0
1.0,0.4566201,0.0
1.0,0.9701886,1.0
1.0,0.9704525,1.0
0.0,0.5079287,1.0
1.0,0.39232844,0.0
1.0,0.6939872,1.0
1.0,0.993419,1.0
1.0,0.5113955,1.0
1.0,0.7359697,1.0
0.0,0.76918864,1.0
1.0,0.10728377,0.0
0.0,0.5490832,1.0
1.0,0.27511653,0.0
1.0,0.6096334,1.0
0.0,0.07608445,0.0
0.0,0.39621273,0.0
1.0,0.9943223,1.0
1.0,0.6177632,1.0
0.0,0.49383613,0.0
1.0,0.9582427,1.0
1.0,0.3373044,0.0
1.0,0.40720326,0.0
1.0,0.87135005,1.0
1.0,0.87454176,1.0
0.0,0.10527041,0.0
1.0,0.72876024,1.0
1.0,0.91084445,1.0
1.0,0.88418055,1.0
1.0,0.42321095,0.0
1.0,0.21502489,0.0
1.0,0.8253718,1.0
0.0,0.38893688,0.0
1.0,0.41049868,0.0
1.0,0.47708768,0.0
1.0,0.5164462,1.0
0.0,0.37840158,0.0
0.0,0.28344753,0.0
0.0,0.117203474,0.0
1.0,0.36792773,0.0
0.0,0.057106037,0.0
1.0,0.54322964,1.0
1.0,0.21699671,0.0
0.0,0.2647628,0.0
0.0,0.057389118,0.0
0.0,0.2659595,0.0
0.0,0.052339144,0.0
1.0,0.9868858,1.0
0.0,0.3220351,0.0
0.0,0.15107054,0.0
1.0,0.26966918,0.0
1.0,0.7050318,1.0
1.0,0.8464933,1.0
1.0,0.08340783,0.0
1.0,0.37835136,0.0
0.0,0.10960013,0.0
1.0,0.34941483,0.0
0.0,0.34066662,0.0
0.0,0.041286033,0.0
1.0,0.5341253,1.0
1.0,0.67261356,1.0
1.0,0.1316163,0.0
1.0,0.7561087,1.0
1.0,0.31982142,0.0
0.0,0.680628,1.0
1.0,0.30013698,0.0
0.0,0.3431685,0.0
1.0,0.8054306,1.0
0.0,0.19598773,0.0
1.0,0.6742595,1.0
1.0,0.98847055,1.0
0.0,0.7862216,1.0
0.0,0.954009,1.0
0.0,0.3893366,0.0
0.0,0.8495434,1.0
1.0,0.9128379,1.0
0.0,0.482697,0.0
0.0,0.35490078,0.0
1.0,0.9934465,1.0
0.0,0.045380596,0.0
0.0,0.8907109,1.0
0.0,0.55813956,1.0
0.0,0.16232374,0.0
1.0,0.4081518,0.0
0.0,0.38157186,0.0
0.0,0.5808967,1.0
0.0,0.13693556,0.0
1.0,0.9438698,1.0
0.0,0.3411173,0.0
0.0,0.23130898,0.0
1.0,0.85915,1.0
0.0,0.3649928,0.0
0.0,0.24783729,0.0
0.0,0.05372948,0.0
0.0,0.24624935,0.0
0.0,0.82568127,1.0
1.0,0.73285085,1.0
0.0,0.6639304,1.0
1.0,0.33238244,0.0
0.0,0.5921508,1.0
0.0,0.47622272,0.0
0.0,0.2338698,0.0
0.0,0.4744062,0.0
0.0,0.31864452,0.0
0.0,0.40319,0.0
1.0,0.34021157,0.0
1.0,0.3685023,0.0
0.0,0.050019868,0.0
0.0,0.6615389,1.0
0.0,0.29954132,0.0
1.0,0.777259,1.0
0.0,0.2977617,0.0
1.0,0.35105628,0.0
0.0,0.049282346,0.0
1.0,0.71501034,1.0
0.0,0.2812414,0.0
1.0,0.823149,1.0
0.0,0.501919,1.0
0.0,0.045227595,0.0
1.0,0.3801723,0.0
0.0,0.4563694,0.0
1.0,0.54003674,1.0
1.0,0.61173266,1.0
1.0,0.21554354,0.0
1.0,0.43109363,0.0
1.0,0.7823142,1.0
0.0,0.20255348,0.0
0.0,0.54121023,1.0
1.0,0.66589224,1.0
1.0,0.8031152,1.0
1.0,0.83849376,1.0
0.0,0.10318745,0.0
1.0,0.43929362,0.0
1.0,0.9781295,1.0
1.0,0.93440187,1.0
0.0,0.20130636,0.0
0.0,0.50265753,1.0
1.0,0.43686718,0.0
1.0,0.65405643,1.0
0.0,0.17336981,0.0
1.0,0.10199644,0.0
1.0,0.8551353,1.0
1.0,0.5494017,1.0
0.0,0.11015241,0.0
0.0,0.2428017,0.0
1.0,0.79674184,1.0
1.0,0.8609358,1.0
0.0,0.28180042,0.0
1.0,0.7714784,1.0
0.0,0.96534425,1.0
0.0,0.105448574,0.0
0.0,0.27852288,0.0
1.0,0.71690536,1.0
0.0,0.0069463216,0.0
0.0,0.026363522,0.0
1.0,0.42633852,0.0
1.0,0.3393317,0.0
0.0,0.7127525,1.0
1.0,0.55829096,1.0
0.0,0.578605,1.0
0.0,0.36029473,0.0
1.0,0.3748432,0.0
0.0,0.4283556,0.0
1.0,0.71821153,1.0
0.0,0.29983488,0.0
0.0,0.5100462,1.0
0.0,0.039323196,0.0
0.0,0.05528028,0.0
1.0,0.6107856,1.0
1.0,0.8523248,1.0
0.0,0.07214861,0.0
0.0,0.22515227,0.0
0.0,0.76068896,1.0
0.0,0.27802542,0.0
1.0,0.6645047,1.0
0.0,0.32713798,0.0
1.0,0.897911,1.0
0.0,0.29065457,0.0
0.0,0.21259575,0.0
1.0,0.16219823,0.0
1.0,0.36718735,0.0
0.0,0.007893806,0.0
1.0,0.4792811,0.0
1.0,0.33193377,0.0
1.0,0.67245084,1.0
1.0,0.5879357,1.0
0.0,0.1488831,0.0
0.0,0.017099418,0.0
1.0,0.26788077,0.0
0.0,0.3893755,0.0
0.0,0.5976103,1.0
1.0,0.78275394,1.0
1.0,0.7718247,1.0
1.0,0.9855569,1.0
0.0,0.31590673,0.0
0.0,0.11202391,0.0
1.0,0.829498,1.0
0.0,0.12467296,0.0
1.0,0.9501403,1.0
1.0,0.89765775,1.0
0.0,0.17110403,0.0
0.0,0.48275796,0.0
1.0,0.7429329,1.0
0.0,0.0038740232,0.0
1.0,0.8349376,1.0
1.0,0.4218597,0.0
1.0,0.44286767,0.0
0.0,0.4592929,0.0
1.0,0.8609985,1.0
0.0,0.7023533,1.0
1.0,0.84123576,1.0
1.0,0.11420625,0.0
1.0,0.90161765,1.0
1.0,0.6965074,1.0
1.0,0.39051038,0.0
1.0,0.7953206,1.0
1.0,0.75362,1.0
0.0,0.26118776,0.0
0.0,0.035121273,0.0
0.0,0.08326205,0.0
1.0,0.72082204,1.0
0.0,0.3828225,0.0
1.0,0.5821826,1.0
0.0,0.27043793,0.0
1.0,0.7339712,1.0
0.0,0.5385054,1.0
0.0,0.003846576,0.0
1.0,0.8151613,1.0
1.0,0.8329154,1.0
0.0,0.29216206,0.0
0.0,0.043566175,0.0
0.0,0.21818157,0.0
1.0,0.90590656,1.0
0.0,0.7073455,1.0
1.0,0.11892125,0.0
1.0,0.2838545,0.0
1.0,0.6684231,1.0
0.0,0.29840776,0.0
1.0,0.43893307,0.0
0.0,0.6400914,1.0
0.0,0.23107205,0.0
0.0,0.1060456,0.0
0.0,0.76070946,1.0
1.0,0.7240581,1.0
0.0,0.03407642,0.0
0.0,0.13553354,0.0
0.0,0.5364108,1.0
1.0,0.8784342,1.0
1.0,0.64655167,1.0
0.0,0.43043712,0.0
1.0,0.9875236,1.0
0.0,0.6286034,1.0
1.0,0.9342587,1.0
1.0,0.88879406,1.0
0.0,0.2910441,0.0
0.0,0.55613184,1.0
1.0,0.31005985,0.0
0.0,0.26408005,0.0
0.0,0.07585632,0.0
0.0,0.75346965,1.0
1.0,0.7187839,1.0
0.0,0.24413775,0.0
1.0,0.43129277,0.0
0.0,0.04074709,0.0
0.0,0.3410768,0.0
0.0,0.9830771,1.0
1.0,0.80319387,1.0
0.0,0.31362072,0.0
1.0,0.44249922,0.0
0.0,0.07423627,0.0
1.0,0.77114564,1.0
1.0,0.6950184,1.0
1.0,0.7180724,1.0
1.0,0.1666863,0.0
1.0,0.558615,1.0
0.0,0.24550524,0.0
0.0,0.22500904,0.0
1.0,0.69292635,1.0
0.0,0.38979563,0.0
0.0,0.25082672,0.0
0.0,0.057954013,0.0
1.0,0.7362684,1.0
1.0,0.41399628,0.0
0.0,0.5004424,1.0
0.0,0.3068679,0.0
1.0,0.8571066,1.0
0.0,0.5854617,1.0
1.0,0.3794235,0.0
0.0,0.10343497,0.0
0.0,0.19327575,0.0
1.0,0.8570478,1.0
1.0,0.90323555,1.0
1.0,0.44426706,0.0
0.0,0.33412737,0.0
0.0,0.4745513,0.0
0.0,0.23285286,0.0
1.0,0.61075467,1.0
0.0,0.29349154,0.0
0.0,0.44797477,0.0
1.0,0.20298074,0.0
1.0,0.30234164,0.0
0.0,0.35749492,0.0
1.0,0.874941,1.0
1.0,0.5088329,1.0
0.0,0.30007014,0.0
1.0,0.5197465,1.0
1.0,0.8090727,1.0
1.0,0.9514472,1.0
0.0,0.08065577,0.0
1.0,0.49720323,0.0
0.0,0.24770069,0.0
0.0,0.026237933,0.0
0.0,0.1103488,0.0
1.0,0.34818858,0.0
0.0,0.11081154,0.0
1.0,0.93339056,1.0
1.0,0.94304365,1.0
1.0,0.40265867,0.0
0.0,0.26185635,0.0
0.0,0.26483494,0.0
0.0,0.35972393,0.0
0.0,0.48750705,0.0
0.0,0.31128797,0.0
0.0,0.5288023,1.0
1.0,0.46167693,0.0
1.0,0.68845254,1.0
1.0,0.8302649,1.0
1.0,0.65501755,1.0
0.0,0.5197162,1.0
0.0,0.35209996,0.0
1.0,0.34406808,0.0
1.0,0.76655716,1.0
0.0,0.29534668,0.0
0.0,0.3436173,0.0
0.0,0.18915497,0.0
0.0,0.032663822,0.0
1.0,0.4814057,0.0
0.0,0.09759993,0.0
1.0,0.40724534,0.0
1.0,0.84729475,1.0
0.0,0.5833817,1.0
0.0,0.4554521,0.0
1.0,0.3560693,0.0
0.0,0.09742227,0.0
1.0,0.387294,0.0
0.0,0.36150438,0.0
0.0,0.39339703,0.0
0.0,0.76598036,1.0
1.0,0.9936951,1.0
0.0,0.53854847,1.0
0.0,0.38482603,0.0
1.0,0.9926202,1.0
1.0,0.35850608,0.0
1.0,0.45296964,0.0
0.0,0.29328728,0.0
1.0,0.8495839,1.0
1.0,0.27565724,0.0
0.0,0.3186965,0.0
1.0,0.4934163,0.0
1.0,0.5773523,1.0
1.0,0.47915486,0.0
0.0,0.5874426,1.0
1.0,0.9214048,1.0
1.0,0.5088696,1.0
1.0,0.9794138,1.0
0.0,0.2814942,0.0
1.0,0.41110736,0.0
1.0,0.67968726,1.0
1.0,0.988842,1.0
1.0,0.043911703,0.0
0.0,0.5436613,1.0
1.0,0.9474467,1.0
1.0,0.62735856,1.0
1.0,0.2802419,0.0
0.0,0.3354127,0.0
0.0,0.8561166,1.0
0.0,0.44431064,0.0
1.0,0.11793601,0.0
1.0,0.98612183,1.0
1.0,0.66403276,1.0
1.0,0.9600708,1.0
1.0,0.88335717,1.0
1.0,0.48157242,0.0
0.0,0.6633936,1.0
0.0,0.5038277,1.0
1.0,0.9916963,1.0
0.0,0.3512332,0.0
0.0,0.4246484,0.0
0.0,0.3910666,0.0
0.0,0.27543217,0.0
1.0,0.91723067,1.0
0.0,0.3339361,0.0
0.0,0.039285667,0.0
1.0,0.3220115,0.0
1.0,0.93900955,1.0
0.0,0.3380871,0.0
1.0,0.17193146,0.0
1.0,0.13432291,0.0
0.0,0.3433497,0.0
1.0,0.9913873,1.0
0.0,0.43469962,0.0
0.0,0.44270706,0.0
0.0,0.4272649,0.0
1.0,0.48952785,0.0
1.0,0.616476,1.0
0.0,0.41427973,0.0
1.0,0.86403614,1.0
0.0,0.092548065,0.0
0.0,0.4333788,0.0
1.0,0.97804856,1.0
1.0,0.3971308,0.0
1.0,0.62741596,1.0
0.0,0.338604,0.0
0.0,0.8160571,1.0
0.0,0.38001472,0.0
1.0,0.3974893,0.0
0.0,0.051216774,0.0
0.0,0.043143407,0.0
1.0,0.9260778,1.0
1.0,0.8058282,1.0
0.0,0.36911008,0.0
1.0,0.9911851,1.0
1.0,0.9700099,1.0
1.0,0.5131995,1.0
0.0,0.015848596,0.0
1.0,0.93804246,1.0
1.0,0.24209397,0.0
1.0,0.977807,1.0
0.0,0.31708905,0.0
1.0,0.6652804,1.0
0.0,0.57463884,1.0
1.0,0.9343355,1.0
0.0,0.34038833,0.0
0.0,0.19239406,0.0
0.0,0.11667442,0.0
1.0,0.65862614,1.0
0.0,0.19807047,0.0
0.0,0.30573338,0.0
0.0,0.27997488,0.0
1.0,0.86275,1.0
0.0,0.45232052,0.0
0.0,0.39047438,0.0
1.0,0.9923995,1.0
0.0,0.26091233,0.0
1.0,0.55573255,1.0
0.0,0.33099067,0.0
0.0,0.036186945,0.0
1.0,0.5069722,1.0
0.0,0.012153316,0.0
0.0,0.7033163,1.0
0.0,0.27725875,0.0
0.0,0.4341155,0.0
0.0,0.2375901,0.0
0.0,0.33704913,0.0
1.0,0.7642632,1.0
1.0,0.5918492,1.0
1.0,0.9061994,1.0
1.0,0.55999905,1.0
0.0,0.25983125,0.0
0.0,0.06290895,0.0
1.0,0.97078586,1.0
0.0,0.42362154,0.0
1.0,0.37067413,0.0
0.0,0.31463078,0.0
0.0,0.21108799,0.0
1.0,0.6462417,1.0
1.0,0.3713542,0.0
0.0,0.28205594,0.0
0.0,0.4854088,0.0
0.0,0.6113567,1.0
1.0,0.9744169,1.0
0.0,0.09789536,0.0
0.0,0.2548579,0.0
1.0,0.7945983,1.0
1.0,0.46056643,0.0
1.0,0.9345968,1.0
1.0,0.22157365,0.0
0.0,0.052879117,0.0
1.0,0.7844684,1.0
1.0,0.6748303,1.0
0.0,0.5344817,1.0
0.0,0.87992185,1.0
1.0,0.9466664,1.0
1.0,0.98547655,1.0
1.0,0.9246981,1.0
0.0,0.28609273,0.0
0.0,0.7588439,1.0
0.0,0.24765302,0.0
0.0,0.20965889,0.0
0.0,0.4386676,0.0
0.0,0.1284818,0.0
0.0,0.49582902,0.0
0.0,0.30652913,0.0
0.0,0.1658272,0.0
1.0,0.45274597,0.0
0.0,0.18930489,0.0
1.0,0.84254223,1.0
0.0,0.2918279,0.0
0.0,0.6858691,1.0
1.0,0.8990026,1.0
0.0,0.5896653,1.0
0.0,0.36232483,0.0
0.0,0.14631325,0.0
0.0,0.14763597,0.0
0.0,0.20304926,0.0
0.0,0.3766665,0.0
0.0,0.14860594,0.0
1.0,0.8004194,1.0
0.0,0.20348094,0.0
1.0,0.85382825,1.0
0.0,0.3353234,0.0
1.0,0.47974938,0.0
0.0,0.4616522,0.0
1.0,0.8702696,1.0
0.0,0.35147908,0.0
0.0,0.32640198,0.0
1.0,0.30541918,0.0
0.0,0.08749573,0.0
1.0,0.78946376,1.0
0.0,0.43665746,0.0
0.0,0.14761744,0.0
0.0,0.42256108,0.0
1.0,0.21509375,0.0
0.0,0.6018664,1.0
0.0,0.08517451,0.0
0.0,0.010462691,0.0
1.0,0.5001943,1.0
1.0,0.9916814,1.0
1.0,0.9878969,1.0
0.0,0.6583454,1.0
0.0,0.87286544,1.0
0.0,0.058255743,0.0
1.0,0.7120749,1.0
1.0,0.99118817,1.0
0.0,0.23102848,0.0
0.0,0.31115165,0.0
1.0,0.7427188,1.0
0.0,0.2359844,0.0
0.0,0.19450226,0.0
1.0,0.8961183,1.0
0.0,0.78984255,1.0
1.0,0.71687865,1.0
0.0,0.32625097,0.0
0.0,0.3331589,0.0
1.0,0.8302524,1.0
1.0,0.9894856,1.0
0.0,0.032877404,0.0
1.0,0.43761963,0.0
1.0,0.41966614,0.0
1.0,0.3053526,0.0
1.0,0.91951174,1.0
0.0,0.28752857,0.0
0.0,0.38134703,0.0
0.0,0.3250105,0.0
1.0,0.6914185,1.0
1.0,0.86072725,1.0
0.0,0.9620431,1.0
1.0,0.6446625,1.0
1.0,0.45677924,0.0
1.0,0.9269635,1.0
0.0,0.2721881,0.0
1.0,0.9684892,1.0
0.0,0.32394886,0.0
0.0,0.18464501,0.0
0.0,0.029201081,0.0
0.0,0.2632105,0.0
1.0,0.689366,1.0
0.0,0.15093578,0.0
1.0,0.8141119,1.0
1.0,0.78158057,1.0
1.0,0.98613745,1.0
0.0,0.22956862,0.0
0.0,0.302908,0.0
1.0,0.6794909,1.0
0.0,0.100361474,0.0
0.0,0.03822762,0.0
0.0,0.15088512,0.0
0.0,0.5296939,1.0
1.0,0.24208443,0.0
0.0,0.6316002,1.0
1.0,0.54634446,1.0
0.0,0.3010708,0.0
0.0,0.06500879,0.0
0.0,0.3632219,0.0
0.0,0.027843433,0.0
0.0,0.31337297,0.0
1.0,0.83234864,1.0
0.0,0.16234158,0.0
1.0,0.8932457,1.0
0.0,0.22875898,0.0
0.0,0.33256534,0.0
1.0,0.473398,0.0
1.0,0.30301738,0.0
0.0,0.55658937,1.0
0.0,0.06676125,0.0
0.0,0.21007161,0.0
0.0,0.40926978,0.0
0.0,0.027918382,0.0
0.0,0.63925934,1.0
1.0,0.4375064,0.0
1.0,0.34035477,0.0
1.0,0.74978775,1.0
1.0,0.25053388,0.0
0.0,0.6815276,1.0
0.0,0.83299285,1.0
0.0,0.046892,0.0
1.0,0.44359356,0.0
1.0,0.42043465,0.0
0.0,0.1635825,0.0
0.0,0.10933298,0.0
0.0,0.29764733,0.0
0.0,0.16440043,0.0
1.0,0.85708326,1.0
0.0,0.5643368,1.0
0.0,0.4903159,0.0
1.0,0.6252593,1.0
0.0,0.3739588,0.0
0.0,0.3960817,0.0
1.0,0.53603286,1.0
1.0,0.34348184,0.0
1.0,0.43053886,0.0
1.0,0.8118299,1.0
0.0,0.033080433,0.0
0.0,0.03489777,0.0
1.0,0.42705652,0.0
0.0,0.008638271,0.0
1.0,0.781278,1.0
0.0,0.3144923,0.0
1.0,0.45152318,0.0
0.0,0.048981406,0.0
0.0,0.35886994,0.0
1.0,0.83607024,1.0
0.0,0.28176057,0.0
0.0,0.3805415,0.0
1.0,0.85563606,1.0
0.0,0.23031959,0.0
0.0,0.23862489,0.0
1.0,0.5933565,1.0
0.0,0.509857,1.0
0.0,0.23512428,0.0
0.0,0.28109974,0.0
1.0,0.5537169,1.0
1.0,0.6459682,1.0
0.0,0.33930218,0.0
0.0,0.08413637,0.0
1.0,0.038654294,0.0
1.0,0.47095463,0.0
1.0,0.9900006,1.0
1.0,0.7058841,1.0
1.0,0.9224233,1.0
0.0,0.46443298,0.0
0.0,0.23261592,0.0
1.0,0.7535789,1.0
1.0,0.98844147,1.0
1.0,0.9577857,1.0
1.0,0.86341804,1.0
1.0,0.44689375,0.0
0.0,0.052699678,0.0
0.0,0.7287447,1.0
1.0,0.6225191,1.0
1.0,0.59712154,1.0
1.0,0.7395136,1.0
0.0,0.4582966,0.0
0.0,0.40412256,0.0
0.0,0.1489036,0.0
0.0,0.4526081,0.0
1.0,0.14227751,0.0
1.0,0.34949458,0.0
0.0,0.71271664,1.0
1.0,0.98434585,1.0
1.0,0.5599061,1.0
0.0,0.24904847,0.0
0.0,0.41558442,0.0
0.0,0.16258524,0.0
1.0,0.75217974,1.0
1.0,0.65661514,1.0
0.0,0.13946448,0.0
0.0,0.49016568,0.0
0.0,0.22093777,0.0
0.0,0.45748672,0.0
1.0,0.49878156,0.0
0.0,0.4141876,0.0
1.0,0.5581291,1.0
1.0,0.7948886,1.0
1.0,0.9798995,1.0
1.0,0.94320714,1.0
1.0,0.70878416,1.0
0.0,0.26264688,0.0
1.0,0.9437665,1.0
0.0,0.22233535,0.0
0.0,0.003916676,0.0
1.0,0.82892364,1.0
1.0,0.6484292,1.0
0.0,0.048139688,0.0
1.0,0.67621046,1.0
1.0,0.23809612,0.0
0.0,0.028212834,0.0
0.0,0.8859494,1.0
0.0,0.6252521,1.0
0.0,0.11050806,0.0
0.0,0.8933391,1.0
0.0,0.10923797,0.0
1.0,0.62061936,1.0
0.0,0.2767237,0.0
0.0,0.32494336,0.0
0.0,0.66871816,1.0
0.0,0.29814896,0.0
1.0,0.6839828,1.0
1.0,0.7539332,1.0
0.0,0.89058876,1.0
1.0,0.8919123,1.0
0.0,0.25695977,0.0
1.0,0.46510616,0.0
1.0,0.455433,0.0
0.0,0.04779075,0.0
0.0,0.1003271,0.0
1.0,0.8680038,1.0
1.0,0.9404614,1.0
0.0,0.09568824,0.0
1.0,0.8360061,1.0
1.0,0.8902778,1.0
1.0,0.9689108,1.0
0.0,0.42511585,0.0
0.0,0.2830484,0.0
1.0,0.6553628,1.0
0.0,0.42571306,0.0
1.0,0.9414375,1.0
0.0,0.4293414,0.0
1.0,0.63003933,1.0
1.0,0.49399522,0.0
0.0,0.110898905,0.0
1.0,0.7664955,1.0
1.0,0.7599978,1.0
0.0,0.56391406,1.0
0.0,0.38615894,0.0
0.0,0.19568905,0.0
0.0,0.3670188,0.0
1.0,0.8110841,1.0
1.0,0.23585565,0.0
1.0,0.47881496,0.0
0.0,0.36090374,0.0
0.0,0.2645095,0.0
0.0,0.29966348,0.0
1.0,0.9261561,1.0
1.0,0.6875639,1.0
0.0,0.16797826,0.0
1.0,0.9909691,1.0
1.0,0.9931457,1.0
1.0,0.8534201,1.0
0.0,0.031170867,0.0
1.0,0.4830824,0.0
1.0,0.37572858,0.0
1.0,0.95315546,1.0
1.0,0.31692272,0.0
1.0,0.358142,0.0
0.0,0.24029772,0.0
1.0,0.22640105,0.0
0.0,0.46076888,0.0
0.0,0.08400806,0.0
1.0,0.46378145,0.0
1.0,0.46775675,0.0
1.0,0.24003443,0.0
1.0,0.49727112,0.0
0.0,0.46235007,0.0
0.0,0.010341565,0.0
1.0,0.84105986,1.0
0.0,0.44927126,0.0
0.0,0.7566533,1.0
0.0,0.23976514,0.0
1.0,0.20402953,0.0
1.0,0.6748536,1.0
0.0,0.030346379,0.0
0.0,0.2902995,0.0
0.0,0.24258055,0.0
1.0,0.46912426,0.0
1.0,0.44093406,0.0
0.0,0.054503538,0.0
1.0,0.8048906,1.0
0.0,0.004422128,0.0
1.0,0.3258859,0.0
1.0,0.6828647,1.0
1.0,0.35593206,0.0
0.0,0.0065780706,0.0
1.0,0.69224364,1.0
0.0,0.40327054,0.0
0.0,0.5543005,1.0
0.0,0.22218329,0.0
1.0,0.19463769,0.0
1.0,0.96952313,1.0
0.0,0.44639784,0.0
0.0,0.16597831,0.0
0.0,0.17126676,0.0
0.0,0.56474817,1.0
0.0,0.29488584,0.0
1.0,0.8037896,1.0
1.0,0.11074747,0.0
1.0,0.11666981,0.0
0.0,0.40435535,0.0
0.0,0.17965245,0.0
0.0,0.14425345,0.0
0.0,0.008753295,0.0
0.0,0.32142732,0.0
0.0,0.65142775,1.0
1.0,0.6407276,1.0
1.0,0.9902126,1.0
0.0,0.36055604,0.0
0.0,0.2765251,0.0
0.0,0.29716852,0.0
1.0,0.48522866,0.0
0.0,0.11097468,0.0
0.0,0.056767683,0.0
0.0,0.2608474,0.0
1.0,0.92138773,1.0
1.0,0.8332999,1.0
1.0,0.8732498,1.0
1.0,0.374598,0.0
0.0,0.7348925,1.0
1.0,0.8649338,1.0
1.0,0.72614545,1.0
0.0,0.2370239,0.0
1.0,0.36659902,0.0
0.0,0.70005083,1.0
1.0,0.4938957,0.0
1.0,0.47355425,0.0
0.0,0.30047053,0.0
0.0,0.037852142,0.0
0.0,0.054219905,0.0
1.0,0.8267646,1.0
1.0,0.7213232,1.0
0.0,0.35254583,0.0
0.0,0.0057158656,0.0
0.0,0.09719233,0.0
1.0,0.9791511,1.0
1.0,0.75789434,1.0
0.0,0.13439676,0.0
1.0,0.51573455,1.0
0.0,0.46494767,0.0
0.0,0.4262114,0.0
1.0,0.74841285,1.0
1.0,0.94046265,1.0
0.0,0.23652215,0.0
0.0,0.36532673,0.0
0.0,0.6167895,1.0
0.0,0.13087776,0.0
1.0,0.14168587,0.0
1.0,0.6229392,1.0
0.0,0.3417249,0.0
1.0,0.29543397,0.0
1.0,0.8920018,1.0
0.0,0.19531882,0.0
0.0,0.39588886,0.0
0.0,0.20658226,0.0
1.0,0.7251915,1.0
1.0,0.7527387,1.0
0.0,0.5888001,1.0
1.0,0.50061893,1.0
1.0,0.42725542,0.0
0.0,0.25201088,0.0
1.0,0.9932856,1.0
0.0,0.09506764,0.0
0.0,0.04386459,0.0
0.0,0.323711,0.0
0.0,0.23844276,0.0
1.0,0.45255792,0.0
0.0,0.11336754,0.0
1.0,0.14925827,0.0
1.0,0.18393952,0.0
0.0,0.4456613,0.0
1.0,0.20577607,0.0
0.0,0.16572064,0.0
1.0,0.6402842,1.0
1.0,0.37385774,0.0
0.0,0.39700073,0.0
1.0,0.9941105,1.0
0.0,0.11164683,0.0
0.0,0.8078933,1.0
0.0,0.788967,1.0
1.0,0.7986911,1.0
0.0,0.020625275,0.0
1.0,0.2911874,0.0
0.0,0.2504663,0.0
0.0,0.29724845,0.0
1.0,0.98571116,1.0
0.0,0.786501,1.0
1.0,0.92894125,1.0
0.0,0.22351497,0.0
0.0,0.13326375,0.0
1.0,0.9488874,1.0
0.0,0.031662326,0.0
1.0,0.93463904,1.0
1.0,0.4704527,0.0
0.0,0.0039046693,0.0
0.0,0.064122535,0.0
0.0,0.19307348,0.0
0.0,0.13587599,0.0
0.0,0.16989438,0.0
1.0,0.7226475,1.0
1.0,0.6953718,1.0
0.0,0.036372043,0.0
0.0,0.5537224,1.0
1.0,0.8679173,1.0
1.0,0.059002716,0.0
0.0,0.3548667,0.0
0.0,0.12706953,0.0
1.0,0.91226995,1.0
0.0,0.83989877,1.0
0.0,0.41120145,0.0
1.0,0.99310607,1.0
0.0,0.41865814,0.0
1.0,0.90053755,1.0
0.0,0.21295081,0.0
1.0,0.8248506,1.0
0.0,0.40497884,0.0
1.0,0.21964131,0.0
0.0,0.20964459,0.0
1.0,0.91836315,1.0
0.0,0.165333,0.0
1.0,0.6778267,1.0
1.0,0.5692974,1.0
0.0,0.31864136,0.0
1.0,0.5466998,1.0
0.0,0.83923334,1.0
1.0,0.09899461,0.0
0.0,0.36717466,0.0
0.0,0.21272777,0.0
1.0,0.09794184,0.0
0.0,0.76717275,1.0
1.0,0.7946903,1.0
1.0,0.89338726,1.0
0.0,0.7872597,1.0
1.0,0.44234493,0.0
1.0,0.9475983,1.0
1.0,0.46830505,0.0
1.0,0.5339858,1.0
0.0,0.62736845,1.0
0.0,0.25069815,0.0
1.0,0.39824823,0.0
0.0,0.056416206,0.0
1.0,0.3721395,0.0
1.0,0.78376275,1.0
0.0,0.3749444,0.0
1.0,0.47091973,0.0
1.0,0.79578966,1.0
1.0,0.41547924,0.0
0.0,0.20595472,0.0
0.0,0.041050635,0.0
1.0,0.45594662,0.0
1.0,0.23316643,0.0
0.0,0.24450071,0.0
0.0,0.27107412,0.0
1.0,0.7114428,1.0
0.0,0.2689829,0.0
0.0,0.14714648,0.0
1.0,0.7070705,1.0
1.0,0.41945994,0.0
1.0,0.4664627,0.0
0.0,0.06695564,0.0
0.0,0.37034783,0.0
1.0,0.6816265,1.0
1.0,0.7634202,1.0
0.0,0.18365146,0.0
0.0,0.14071229,0.0
0.0,0.2817593,0.0
1.0,0.91054094,1.0
1.0,0.9799345,1.0
0.0,0.29542682,0.0
1.0,0.33069173,0.0
0.0,0.35399365,0.0
0.0,0.47491598,0.0
0.0,0.35713464,0.0
1.0,0.98783106,1.0
1.0,0.96513677,1.0
1.0,0.7352723,1.0
0.0,0.037360493,0.0
1.0,0.9775824,1.0
0.0,0.6998229,1.0
0.0,0.83685505,1.0
1.0,0.95653826,1.0
1.0,0.4696788,0.0
1.0,0.98408186,1.0
1.0,0.25914174,0.0
0.0,0.2912109,0.0
0.0,0.23437525,0.0
0.0,0.42215258,0.0
1.0,0.7275647,1.0
0.0,0.031517416,0.0
0.0,0.28674203,0.0
0.0,0.77646065,1.0
0.0,0.15151471,0.0
1.0,0.6245361,1.0
1.0,0.6537848,1.0
0.0,0.38162866,0.0
0.0,0.03290335,0.0
0.0,0.28620982,0.0
0.0,0.20905443,0.0
1.0,0.9705569,1.0
0.0,0.33451834,0.0
0.0,0.14621146,0.0
1.0,0.98890686,1.0
0.0,0.044777587,0.0
0.0,0.27976906,0.0
0.0,0.2504079,0.0
0.0,0.42458624,0.0
1.0,0.7100153,1.0
0.0,0.3306091,0.0
1.0,0.31494457,0.0
0.0,0.49111152,0.0
1.0,0.93384755,1.0
1.0,0.03349371,0.0
1.0,0.63776624,1.0
0.0,0.30166575,0.0
1.0,0.61292386,1.0
0.0,0.2728685,0.0
1.0,0.833913,1.0
0.0,0.19454145,0.0
0.0,0.20145296,0.0
1.0,0.78236103,1.0
1.0,0.87348,1.0
0.0,0.06691042,0.0
0.0,0.39525852,0.0
1.0,0.9672789,1.0
0.0,0.22562937,0.0
1.0,0.64519644,1.0
1.0,0.28050134,0.0
0.0,0.37638533,0.0
1.0,0.19761203,0.0
1.0,0.5184422,1.0
0.0,0.36170262,0.0
1.0,0.4194569,0.0
0.0,0.50760317,1.0
0.0,0.8011343,1.0
1.0,0.9372358,1.0
1.0,0.97002274,1.0
0.0,0.047605474,0.0
1.0,0.6040287,1.0
0.0,0.5564392,1.0
1.0,0.34090543,0.0
1.0,0.7562263,1.0
0.0,0.39014053,0.0
0.0,0.08329136,0.0
1.0,0.3352005,0.0
0.0,0.5743183,1.0
0.0,0.0072299223,0.0
0.0,0.061701223,0.0
1.0,0.9899474,1.0
1.0,0.33928767,0.0
0.0,0.3222537,0.0
0.0,0.11065548,0.0
1.0,0.41444954,0.0
1.0,0.10720552,0.0
0.0,0.38819027,0.0
1.0,0.70060164,1.0
1.0,0.94246554,1.0
1.0,0.34075907,0.0
1.0,0.85913044,1.0
1.0,0.90636855,1.0
1.0,0.39768618,0.0
1.0,0.44971925,0.0
0.0,0.38538843,0.0
1.0,0.29937005,0.0
0.0,0.026856065,0.0
0.0,0.5425793,1.0
1.0,0.7702582,1.0
1.0,0.88748455,1.0
1.0,0.9799498,1.0
0.0,0.3426744,0.0
1.0,0.9625998,1.0
1.0,0.34537637,0.0
0.0,0.3538182,0.0
0.0,0.14533614,0.0
0.0,0.9472151,1.0
1.0,0.778737,1.0
0.0,0.19302802,0.0
1.0,0.6092983,1.0
0.0,0.011292343,0.0
1.0,0.5757915,1.0
0.0,0.34931508,0.0
1.0,0.4377541,0.0
1.0,0.8173692,1.0
0.0,0.63487977,1.0
0.0,0.2350385,0.0
1.0,0.24287497,0.0
0.0,0.18826184,0.0
1.0,0.49430215,0.0
1.0,0.4398187,0.0
0.0,0.25013852,0.0
0.0,0.2407778,0.0
1.0,0.753672,1.0
1.0,0.4419182,0.0
0.0,0.7210609,1.0
0.0,0.14642483,0.0
0.0,0.008999676,0.0
1.0,0.8522549,1.0
1.0,0.23348682,0.0
0.0,0.42367572,0.0
0.0,0.11591675,0.0
0.0,0.85440654,1.0
0.0,0.32390234,0.0
0.0,0.34055707,0.0
0.0,0.18204443,0.0
1.0,0.35997754,0.0
0.0,0.04712704,0.0
0.0,0.35586563,0.0
0.0,0.33986175,0.0
0.0,0.66452134,1.0
0.0,0.39422745,0.0
0.0,0.4830904,0.0
1.0,0.87897813,1.0
0.0,0.053085525,0.0
1.0,0.30405986,0.0
0.0,0.2665472,0.0
0.0,0.22034436,0.0
0.0,0.40723196,0.0
1.0,0.8611771,1.0
1.0,0.3141905,0.0
1.0,0.5555339,1.0
0.0,0.014455995,0.0
0.0,0.13097966,0.0
0.0,0.59869653,1.0
1.0,0.22609247,0.0
0.0,0.22444168,0.0
0.0,0.16989529,0.0
1.0,0.3465644,0.0
1.0,0.8065638,1.0
0.0,0.2547548,0.0
1.0,0.8127914,1.0
0.0,0.18027107,0.0
1.0,0.33964044,0.0
0.0,0.38361186,0.0
1.0,0.30597028,0.0
1.0,0.9030188,1.0
0.0,0.040016245,0.0
0.0,0.17668271,0.0
0.0,0.0045405994,0.0
0.0,0.18445523,0.0
0.0,0.1633738,0.0
1.0,0.97650325,1.0
1.0,0.43342894,0.0
0.0,0.8021199,1.0
1.0,0.88634217,1.0
0.0,0.34641075,0.0
0.0,0.8334138,1.0
0.0,0.24440579,0.0
0.0,0.54112434,1.0
0.0,0.30785516,0.0
0.0,0.18267116,0.0
0.0,0.30640066,0.0
0.0,0.31700513,0.0
1.0,0.88734937,1.0
0.0,0.02376045,0.0
0.0,0.031687398,0.0
0.0,0.17390521,0.0
0.0,0.39241275,0.0
1.0,0.6887624,1.0
0.0,0.0038298033,0.0
0.0,0.40539724,0.0
0.0,0.53922784,1.0
0.0,0.09665264,0.0
0.0,0.44436175,0.0
1.0,0.44843495,0.0
0.0,0.48514304,0.0
0.0,0.670181,1.0
1.0,0.51938695,1.0
0.0,0.5249635,1.0
1.0,0.9863858,1.0
0.0,0.21452948,0.0
0.0,0.5790322,1.0
1.0,0.799639,1.0
0.0,0.32500377,0.0
0.0,0.36025375,0.0
1.0,0.806287,1.0
1.0,0.9652554,1.0
0.0,0.29093307,0.0
0.0,0.09636098,0.0
0.0,0.7405512,1.0
0.0,0.102681495,0.0
1.0,0.9827991,1.0
0.0,0.3470158,0.0
1.0,0.3223993,0.0
0.0,0.2198492,0.0
1.0,0.89600295,1.0
1.0,0.8813557,1.0
1.0,0.31193802,0.0
1.0,0.6478754,1.0
0.0,0.53232306,1.0
0.0,0.035797447,0.0
1.0,0.80113333,1.0
1.0,0.2827314,0.0
0.0,0.16617814,0.0
0.0,0.12450998,0.0
0.0,0.22739966,0.0
1.0,0.98976797,1.0
0.0,0.033217136,0.0
1.0,0.7454904,1.0
0.0,0.5053286,1.0
0.0,0.3564228,0.0
1.0,0.28331363,0.0
0.0,0.43749025,0.0
1.0,0.6854934,1.0
0.0,0.26128638,0.0
0.0,0.04853886,0.0
1.0,0.48541445,0.0
0.0,0.34650624,0.0
1.0,0.8807067,1.0
0.0,0.44042137,0.0
1.0,0.8358213,1.0
0.0,0.40650856,0.0
0.0,0.18537241,0.0
1.0,0.9471732,1.0
0.0,0.22590786,0.0
1.0,0.40679067,0.0
0.0,0.21211709,0.0
1.0,0.253891,0.0
0.0,0.4836131,0.0
0.0,0.234806,0.0
1.0,0.74389064,1.0
0.0,0.2633159,0.0
0.0,0.64730245,1.0
1.0,0.38644677,0.0
1.0,0.10888446,0.0
0.0,0.57723653,1.0
1.0,0.9143305,1.0
0.0,0.30019796,0.0
1.0,0.58181804,1.0
0.0,0.32804647,0.0
0.0,0.117876254,0.0
0.0,0.68168783,1.0
0.0,0.32044017,0.0
1.0,0.29450423,0.0
0.0,0.30170292,0.0
1.0,0.7610303,1.0
1.0,0.63156825,1.0
1.0,0.76760256,1.0
0.0,0.63258034,1.0
0.0,0.38452062,0.0
1.0,0.89354914,1.0
0.0,0.92134404,1.0
0.0,0.27264366,0.0
1.0,0.8501101,1.0
1.0,0.6456284,1.0
0.0,0.14498006,0.0
1.0,0.8255716,1.0
0.0,0.34585735,0.0
0.0,0.15335186,0.0
0.0,0.093384355,0.0
1.0,0.62847763,1.0
0.0,0.24501266,0.0
0.0,0.86335146,1.0
0.0,0.32202226,0.0
0.0,0.608383,1.0
0.0,0.16045752,0.0
0.0,0.0814895,0.0
0.0,0.027929565,0.0
1.0,0.9381348,1.0
0.0,0.041536387,0.0
0.0,0.30746454,0.0
1.0,0.93927145,1.0
0.0,0.25499952,0.0
1.0,0.44369972,0.0
1.0,0.83812034,1.0
1.0,0.7530897,1.0
0.0,0.005842489,0.0
1.0,0.25700757,0.0
0.0,0.5688326,1.0
0.0,0.19162893,0.0
0.0,0.15106161,0.0
1.0,0.723684,1.0
1.0,0.4734467,0.0
1.0,0.81242025,1.0
1.0,0.7199427,1.0
0.0,0.4281728,0.0
1.0,0.123279095,0.0
1.0,0.98823243,1.0
0.0,0.49001467,0.0
1.0,0.98774403,1.0
0.0,0.20571822,0.0
0.0,0.28678963,0.0
1.0,0.68988585,1.0
1.0,0.67309904,1.0
0.0,0.6728833,1.0
0.0,0.114157684,0.0
1.0,0.15776543,0.0
0.0,0.22907561,0.0
1.0,0.47920668,0.0
1.0,0.8267138,1.0
0.0,0.1817991,0.0
0.0,0.723357,1.0
1.0,0.9064561,1.0
0.0,0.37000453,0.0
0.0,0.117192246,0.0
0.0,0.53529876,1.0
0.0,0.5235621,1.0
1.0,0.9864151,1.0
0.0,0.4988963,0.0
0.0,0.66989255,1.0
1.0,0.86642087,1.0
0.0,0.32523566,0.0
0.0,0.34171677,0.0
0.0,0.17686805,0.0
1.0,0.7895037,1.0
0.0,0.12527709,0.0
0.0,0.7567996,1.0
0.0,0.2545254,0.0
1.0,0.44461736,0.0
1.0,0.48404157,0.0
1.0,0.7936195,1.0
1.0,0.43748295,0.0
0.0,0.2285274,0.0
0.0,0.03983076,0.0
1.0,0.98477626,1.0
0.0,0.16581728,0.0
0.0,0.39367205,0.0
0.0,0.55554307,1.0
0.0,0.6776399,1.0
1.0,0.19674695,0.0
0.0,0.079740606,0.0
0.0,0.48789483,0.0
0.0,0.15840554,0.0
0.0,0.020679485,0.0
1.0,0.30097649,0.0
1.0,0.5399611,1.0
1.0,0.4813002,0.0
0.0,0.6648363,1.0
0.0,0.06760415,0.0
0.0,0.7920497,1.0
0.0,0.2169507,0.0
0.0,0.068165496,0.0
0.0,0.47725815,0.0
0.0,0.34659624,0.0
0.0,0.041412197,0.0
1.0,0.45487568,0.0
0.0,0.46213907,0.0
1.0,0.7806237,1.0
0.0,0.7351164,1.0
0.0,0.22690545,0.0
1.0,0.64967537,1.0
1.0,0.59038806,1.0
1.0,0.30936688,0.0
1.0,0.5811127,1.0
0.0,0.22440939,0.0
1.0,0.7911103,1.0
0.0,0.4064598,0.0
1.0,0.3324881,0.0
1.0,0.30264583,0.0
1.0,0.79244787,1.0
1.0,0.53299636,1.0
0.0,0.1711319,0.0
1.0,0.20408757,0.0
0.0,0.14190523,0.0
1.0,0.8916752,1.0
1.0,0.41899833,0.0
0.0,0.3288936,0.0
1.0,0.9879573,1.0
1.0,0.26175484,0.0
0.0,0.27222183,0.0
1.0,0.6200168,1.0
1.0,0.68910074,1.0
0.0,0.28136122,0.0
0.0,0.35409182,0.0
0.0,0.2288794,0.0
0.0,0.2502145,0.0
0.0,0.0055498593,0.0
0.0,0.5726107,1.0
0.0,0.23682146,0.0
0.0,0.5818894,1.0
0.0,0.36171654,0.0
0.0,0.3908749,0.0
1.0,0.5379428,1.0
0.0,0.07255864,0.0
1.0,0.8705299,1.0
0.0,0.17101556,0.0
0.0,0.3127157,0.0
0.0,0.59752566,1.0
0.0,0.2804507,0.0
0.0,0.37603855,0.0
1.0,0.79691315,1.0
1.0,0.530218,1.0
1.0,0.24897964,0.0
0.0,0.24952936,0.0
1.0,0.5986496,1.0
0.0,0.07065552,0.0
1.0,0.35516542,0.0
0.0,0.0042305267,0.0
1.0,0.71608186,1.0
1.0,0.32614383,0.0
0.0,0.34351134,0.0
1.0,0.27692983,0.0
0.0,0.6876545,1.0
0.0,0.42392874,0.0
1.0,0.27382383,0.0
1.0,0.48072824,0.0
1.0,0.52101636,1.0
1.0,0.45765692,0.0
0.0,0.19920748,0.0
0.0,0.040013038,0.0
0.0,0.08683282,0.0
1.0,0.41020256,0.0
0.0,0.12977217,0.0
1.0,0.9173732,1.0
1.0,0.9452272,1.0
0.0,0.13390611,0.0
0.0,0.28218544,0.0
0.0,0.099425234,0.0
0.0,0.00476542,0.0
0.0,0.24472296,0.0
0.0,0.19204186,0.0
1.0,0.38185242,0.0
1.0,0.6703065,1.0
1.0,0.7535533,1.0
1.0,0.04000185,0.0
1.0,0.99062514,1.0
0.0,0.32957458,0.0
0.0,0.5634388,1.0
1.0,0.68439883,1.0
0.0,0.26057422,0.0
1.0,0.62079597,1.0
1.0,0.22678787,0.0
1.0,0.88223845,1.0
1.0,0.66767514,1.0
0.0,0.34572488,0.0
0.0,0.0047600116,0.0
0.0,0.07698809,0.0
0.0,0.5306548,1.0
1.0,0.1712553,0.0
0.0,0.30351892,0.0
0.0,0.06622423,0.0
1.0,0.27464432,0.0
0.0,0.71975094,1.0
0.0,0.04905676,0.0
0.0,0.13794178,0.0
0.0,0.08002068,0.0
0.0,0.29371986,0.0
1.0,0.23082769,0.0
0.0,0.063778274,0.0
0.0,0.2815539,0.0
1.0,0.8741391,1.0
0.0,0.37925124,0.0
1.0,0.9934987,1.0
0.0,0.5914306,1.0
0.0,0.2926952,0.0
1.0,0.9184226,1.0
0.0,0.13902338,0.0
1.0,0.61735094,1.0
1.0,0.66149664,1.0
0.0,0.19441448,0.0
0.0,0.23005518,0.0
0.0,0.33210644,0.0
0.0,0.44659975,0.0
0.0,0.34739703,0.0
1.0,0.73890954,1.0
0.0,0.18130185,0.0
0.0,0.30485007,0.0
1.0,0.73529667,1.0
0.0,0.4073696,0.0
1.0,0.31943178,0.0
1.0,0.12360342,0.0
1.0,0.6871889,1.0
1.0,0.7415929,1.0
0.0,0.010805796,0.0
0.0,0.16713017,0.0
0.0,0.35161027,0.0
0.0,0.43820915,0.0
1.0,0.60062104,1.0
0.0,0.2300113,0.0
1.0,0.40259725,0.0
1.0,0.23495927,0.0
1.0,0.5555205,1.0
1.0,0.9427063,1.0
1.0,0.93112195,1.0
0.0,0.25464118,0.0
1.0,0.74416226,1.0
0.0,0.108527735,0.0
1.0,0.9512256,1.0
0.0,0.32023215,0.0
1.0,0.9905613,1.0
1.0,0.68251735,1.0
0.0,0.38093668,0.0
1.0,0.24584779,0.0
0.0,0.2822312,0.0
1.0,0.7877866,1.0
1.0,0.6275639,1.0
1.0,0.44983897,0.0
0.0,0.43700144,0.0
0.0,0.62348527,1.0
0.0,0.4810699,0.0
0.0,0.30165938,0.0
0.0,0.009544349,0.0
1.0,0.92501616,1.0
0.0,0.08900313,0.0
0.0,0.81476915,1.0
1.0,0.65724236,1.0
1.0,0.9160215,1.0
1.0,0.61535853,1.0
1.0,0.17428672,0.0
0.0,0.6625249,1.0
0.0,0.34550884,0.0
1.0,0.47042072,0.0
0.0,0.3897343,0.0
0.0,0.43993285,0.0
0.0,0.64137876,1.0
0.0,0.3702047,0.0
0.0,0.05156403,0.0
0.0,0.16165607,0.0
0.0,0.24960515,0.0
0.0,0.14580068,0.0
1.0,0.39996475,0.0
0.0,0.18968302,0.0
0.0,0.2828,0.0
0.0,0.07941285,0.0
0.0,0.020637395,0.0
1.0,0.7315411,1.0
0.0,0.20447145,0.0
1.0,0.35922453,0.0
1.0,0.47941467,0.0
1.0,0.9507925,1.0
0.0,0.14561777,0.0
1.0,0.9601995,1.0
0.0,0.27111503,0.0
1.0,0.94708794,1.0
0.0,0.2808115,0.0
0.0,0.5018737,1.0
0.0,0.51446015,1.0
1.0,0.35202968,0.0
1.0,0.46852067,0.0
1.0,0.4444803,0.0
0.0,0.32616797,0.0
1.0,0.9521278,1.0
0.0,0.27969125,0.0
1.0,0.6971309,1.0
0.0,0.29027316,0.0
0.0,0.2505667,0.0
1.0,0.92784697,1.0
1.0,0.66840273,1.0
0.0,0.5253056,1.0
1.0,0.7146053,1.0
1.0,0.47832787,0.0
0.0,0.060890906,0.0
0.0,0.44627595,0.0
1.0,0.33370748,0.0
1.0,0.116710275,0.0
0.0,0.5033606,1.0
1.0,0.84577346,1.0
1.0,0.33819664,0.0
1.0,0.5424926,1.0
0.0,0.20152242,0.0
0.0,0.07985256,0.0
1.0,0.50247145,1.0
1.0,0.8729623,1.0
0.0,0.1772108,0.0
1.0,0.44851077,0.0
0.0,0.05490198,0.0
1.0,0.7969199,1.0
0.0,0.1113548,0.0
0.0,0.25724733,0.0
1.0,0.22946367,0.0
0.0,0.5386072,1.0
1.0,0.2202298,0.0
1.0,0.78975433,1.0
0.0,0.28780392,0.0
0.0,0.26355124,0.0
1.0,0.59891987,1.0
1.0,0.6513139,1.0
0.0,0.36262888,0.0
1.0,0.88319546,1.0
0.0,0.6806078,1.0
0.0,0.16145147,0.0
0.0,0.50573355,1.0
1.0,0.5210423,1.0
1.0,0.6534269,1.0
1.0,0.98794365,1.0
1.0,0.953564,1.0
0.0,0.1731292,0.0
0.0,0.10279279,0.0
0.0,0.10603126,0.0
0.0,0.24368028,0.0
1.0,0.4926809,0.0
0.0,0.2787685,0.0
0.0,0.35357687,0.0
1.0,0.7430083,1.0
0.0,0.9499238,1.0
0.0,0.19103773,0.0
1.0,0.88008285,1.0
1.0,0.6201695,1.0
0.0,0.29741773,0.0
0.0,0.109504856,0.0
0.0,0.50152373,1.0
0.0,0.4696543,0.0
0.0,0.42503488,0.0
0.0,0.71312916,1.0
1.0,0.6188932,1.0
1.0,0.88466895,1.0
0.0,0.1827033,0.0
1.0,0.85039514,1.0
0.0,0.25410396,0.0
1.0,0.58733594,1.0
0.0,0.056116596,0.0
1.0,0.22669512,0.0
1.0,0.9752138,1.0
0.0,0.30020308,0.0
1.0,0.5938973,1.0
0.0,0.24888559,0.0
0.0,0.19394603,0.0
0.0,0.3288959,0.0
1.0,0.9591169,1.0
0.0,0.5300771,1.0
1.0,0.91169167,1.0
0.0,0.0053798375,0.0
1.0,0.89638144,1.0
1.0,0.4553916,0.0
1.0,0.3498969,0.0
1.0,0.46017867,0.0
1.0,0.911891,1.0
1.0,0.94378495,1.0
0.0,0.3414321,0.0
0.0,0.2804046,0.0
0.0,0.6085212,1.0
1.0,0.5209324,1.0
1.0,0.7708528,1.0
0.0,0.24228889,0.0
0.0,0.14478895,0.0
0.0,0.20491855,0.0
1.0,0.42238006,0.0
0.0,0.34506553,0.0
1.0,0.82470554,1.0
0.0,0.19418778,0.0
0.0,0.03956702,0.0
1.0,0.4145614,0.0
1.0,0.7526791,1.0
0.0,0.5010308,1.0
1.0,0.123308726,0.0
0.0,0.0554512,0.0
0.0,0.45588845,0.0
0.0,0.112044014,0.0
1.0,0.76024574,1.0
1.0,0.4533155,0.0
1.0,0.40950722,0.0
1.0,0.7994759,1.0
1.0,0.9272928,1.0
0.0,0.0442292,0.0
0.0,0.3775674,0.0
1.0,0.9853919,1.0
0.0,0.48063096,0.0
0.0,0.1739422,0.0
0.0,0.26878214,0.0
1.0,0.29394343,0.0
0.0,0.6301836,1.0
0.0,0.0352349,0.0
0.0,0.5150645,1.0
0.0,0.14114927,0.0
1.0,0.2787837,0.0
0.0,0.96978205,1.0
1.0,0.9532338,1.0
0.0,0.27733612,0.0
1.0,0.51493645,1.0
1.0,0.33071226,0.0
1.0,0.9784379,1.0
0.0,0.02267491,0.0
1.0,0.58989626,1.0
0.0,0.44384906,0.0
0.0,0.63307333,1.0
1.0,0.3764514,0.0
0.0,0.1947668,0.0
1.0,0.36105192,0.0
0.0,0.13219488,0.0
0.0,0.38625395,0.0
0.0,0.12371238,0.0
1.0,0.8246227,1.0
1.0,0.39781392,0.0
0.0,0.5610092,1.0
0.0,0.40937653,0.0
0.0,0.26843002,0.0
1.0,0.2660069,0.0
0.0,0.7571043,1.0
0.0,0.44448504,0.0
0.0,0.4049396,0.0
1.0,0.9646372,1.0
0.0,0.6669208,1.0
0.0,0.22464944,0.0
1.0,0.5519276,1.0
1.0,0.23841672,0.0
0.0,0.9012208,1.0
1.0,0.44085905,0.0
0.0,0.09590957,0.0
0.0,0.15343513,0.0
1.0,0.7027378,1.0
1.0,0.8741976,1.0
0.0,0.12916774,0.0
1.0,0.8136705,1.0
1.0,0.9861255,1.0
1.0,0.92852175,1.0
0.0,0.1402137,0.0
0.0,0.6354294,1.0
0.0,0.17483039,0.0
0.0,0.33178973,0.0
0.0,0.36785495,0.0
0.0,0.15093172,0.0
1.0,0.59606904,1.0
1.0,0.48384917,0.0
0.0,0.038869083,0.0
1.0,0.6558579,1.0
0.0,0.37073043,0.0
0.0,0.07909395,0.0
0.0,0.43689865,0.0
1.0,0.92819667,1.0
0.0,0.5495362,1.0
1.0,0.70368195,1.0
0.0,0.4903335,0.0
0.0,0.3282702,0.0
1.0,0.2135853,0.0
1.0,0.5949818,1.0
0.0,0.8292072,1.0
1.0,0.15529728,0.0
0.0,0.7319907,1.0
1.0,0.30168515,0.0
0.0,0.037424117,0.0
0.0,0.6990595,1.0
1.0,0.96277696,1.0
0.0,0.5370367,1.0
0.0,0.36778295,0.0
0.0,0.4542173,0.0
1.0,0.34442568,0.0
0.0,0.34640628,0.0
0.0,0.29714704,0.0
0.0,0.39270508,0.0
1.0,0.80191344,1.0
1.0,0.96700567,1.0
1.0,0.24508847,0.0
0.0,0.05177478,0.0
0.0,0.5222635,1.0
0.0,0.28538615,0.0
1.0,0.16876596,0.0
0.0,0.14726482,0.0
0.0,0.6716214,1.0
1.0,0.61048824,1.0
0.0,0.05828542,0.0
0.0,0.25496238,0.0
1.0,0.61056364,1.0
1.0,0.42172247,0.0
1.0,0.27270463,0.0
0.0,0.31259224,0.0
1.0,0.975053,1.0
0.0,0.16593295,0.0
1.0,0.9141001,1.0
0.0,0.095927104,0.0
0.0,0.27784646,0.0
1.0,0.5472341,1.0
1.0,0.7845039,1.0
1.0,0.93788546,1.0
1.0,0.44778687,0.0
0.0,0.548097,1.0
1.0,0.75889385,1.0
0.0,0.24978915,0.0
0.0,0.25450766,0.0
0.0,0.507979,1.0
0.0,0.029290605,0.0
0.0,0.2895603,0.0
0.0,0.25640452,0.0
1.0,0.64225185,1.0
0.0,0.47166577,0.0
1.0,0.18860309,0.0
0.0,0.31175554,0.0
1.0,0.74063385,1.0
0.0,0.47893983,0.0
0.0,0.1744418,0.0
0.0,0.043325983,0.0
1.0,0.19375597,0.0
0.0,0.262488,0.0
1.0,0.8799803,1.0
1.0,0.3157911,0.0
0.0,0.7942395,1.0
0.0,0.45824268,0.0
0.0,0.5126089,1.0
1.0,0.8831947,1.0
0.0,0.107353486,0.0
0.0,0.04274973,0.0
0.0,0.26177394,0.0
1.0,0.95236367,1.0
1.0,0.82771707,1.0
0.0,0.0667094,0.0
0.0,0.6387317,1.0
0.0,0.27186254,0.0
0.0,0.17521481,0.0
0.0,0.72618085,1.0
1.0,0.49265176,0.0
1.0,0.97318643,1.0
1.0,0.357876,0.0
1.0,0.42082167,0.0
0.0,0.25018898,0.0
1.0,0.93351346,1.0
0.0,0.101850316,0.0
1.0,0.40101284,0.0
1.0,0.7422395,1.0
1.0,0.9215582,1.0
0.0,0.9683492,1.0
0.0,0.50928766,1.0
0.0,0.5051485,1.0
1.0,0.7244493,1.0
1.0,0.6392329,1.0
0.0,0.30531228,0.0
1.0,0.7689458,1.0
0.0,0.56747603,1.0
1.0,0.8538963,1.0
0.0,0.15728049,0.0
0.0,0.10544471,0.0
0.0,0.18246675,0.0
1.0,0.38266703,0.0
0.0,0.30252436,0.0
1.0,0.92310596,1.0
0.0,0.2634243,0.0
0.0,0.71265346,1.0
1.0,0.96356213,1.0
1.0,0.9438761,1.0
1.0,0.27286044,0.0
0.0,0.39840585,0.0
0.0,0.5069729,1.0
0.0,0.33523506,0.0
1.0,0.98893905,1.0
0.0,0.29534504,0.0
0.0,0.40721723,0.0
1.0,0.95810515,1.0
0.0,0.46795458,0.0
1.0,0.94642234,1.0
0.0,0.26779288,0.0
0.0,0.6354837,1.0
0.0,0.259337,0.0
1.0,0.40078,0.0
0.0,0.22192164,0.0
1.0,0.91382426,1.0
1.0,0.1466468,0.0
1.0,0.2290535,0.0
1.0,0.8286721,1.0
1.0,0.88943744,1.0
0.0,0.2643006,0.0
0.0,0.6419555,1.0
1.0,0.47532028,0.0
1.0,0.87866116,1.0
1.0,0.42696413,0.0
0.0,0.4796275,0.0
0.0,0.031072509,0.0
0.0,0.14873497,0.0
0.0,0.02757493,0.0
0.0,0.46096835,0.0
0.0,0.55299616,1.0
0.0,0.38758138,0.0
0.0,0.15414564,0.0
1.0,0.9176684,1.0
0.0,0.86887336,1.0
1.0,0.36567852,0.0
1.0,0.93788254,1.0
1.0,0.22344957,0.0
1.0,0.3854363,0.0
1.0,0.454632,0.0
0.0,0.26651546,0.0
0.0,0.28770176,0.0
1.0,0.72956,1.0
1.0,0.90554005,1.0
1.0,0.9881223,1.0
1.0,0.14780621,0.0
1.0,0.15062615,0.0
1.0,0.71630675,1.0
0.0,0.13581519,0.0
1.0,0.9619222,1.0
1.0,0.7104425,1.0
0.0,0.33460805,0.0
1.0,0.43353957,0.0
0.0,0.39030412,0.0
1.0,0.46770608,0.0
1.0,0.8823373,1.0
0.0,0.7355535,1.0
1.0,0.887124,1.0
0.0,0.4613725,0.0
0.0,0.04079231,0.0
0.0,0.60399383,1.0
1.0,0.9913031,1.0
1.0,0.98905355,1.0
0.0,0.16608427,0.0
0.0,0.46174753,0.0
1.0,0.901162,1.0
0.0,0.73670995,1.0
0.0,0.29912934,0.0
0.0,0.26232064,0.0
1.0,0.98035634,1.0
1.0,0.5676225,1.0
0.0,0.07394272,0.0
1.0,0.33813867,0.0
0.0,0.21530049,0.0
0.0,0.5393766,1.0
0.0,0.45474485,0.0
1.0,0.544522,1.0
0.0,0.03449413,0.0
0.0,0.04837901,0.0
1.0,0.39028654,0.0
1.0,0.783579,1.0
0.0,0.042533368,0.0
0.0,0.35962215,0.0
0.0,0.36348137,0.0
1.0,0.944137,1.0
1.0,0.222033,0.0
1.0,0.3073788,0.0
1.0,0.9903048,1.0
1.0,0.7719018,1.0
0.0,0.011032145,0.0
1.0,0.6427361,1.0
1.0,0.8235714,1.0
0.0,0.78575814,1.0
1.0,0.69041896,1.0
0.0,0.041941695,0.0
1.0,0.9643089,1.0
0.0,0.02310239,0.0
0.0,0.40378517,0.0
0.0,0.82789123,1.0
0.0,0.44220465,0.0
0.0,0.14604531,0.0
1.0,0.30363858,0.0
0.0,0.13814744,0.0
0.0,0.5060053,1.0
0.0,0.46281826,0.0
1.0,0.80731326,1.0
1.0,0.5932804,1.0
1.0,0.906777,1.0
1.0,0.22629097,0.0
1.0,0.28729838,0.0
0.0,0.16194136,0.0
0.0,0.37568507,0.0
1.0,0.9462331,1.0
0.0,0.046615478,0.0
0.0,0.40095297,0.0
0.0,0.28794,0.0
0.0,0.6763802,1.0
1.0,0.88551587,1.0
0.0,0.292679,0.0
0.0,0.18679754,0.0
1.0,0.5074018,1.0
0.0,0.32763574,0.0
1.0,0.6340791,1.0
0.0,0.368143,0.0
1.0,0.98195136,1.0
0.0,0.27888116,0.0
1.0,0.7281124,1.0
1.0,0.55144507,1.0
0.0,0.2778167,0.0
1.0,0.045512985,0.0
0.0,0.878584,1.0
0.0,0.22354239,0.0
1.0,0.95645505,1.0
0.0,0.84871763,1.0
1.0,0.35844272,0.0
0.0,0.011149664,0.0
1.0,0.98244184,1.0
0.0,0.84703,1.0
0.0,0.5520468,1.0
0.0,0.06498379,0.0
1.0,0.56018186,1.0
1.0,0.80452967,1.0
1.0,0.9277488,1.0
1.0,0.40565845,0.0
0.0,0.35696247,0.0
1.0,0.4744528,0.0
1.0,0.37352392,0.0
1.0,0.57434386,1.0
0.0,0.025202388,0.0
1.0,0.937171,1.0
0.0,0.3391801,0.0
1.0,0.9818142,1.0
0.0,0.6473584,1.0
1.0,0.9182442,1.0
0.0,0.11722728,0.0
1.0,0.7355872,1.0
0.0,0.72235125,1.0
1.0,0.66348267,1.0
0.0,0.40183592,0.0
1.0,0.6152952,1.0
1.0,0.5926613,1.0
0.0,0.11973403,0.0
0.0,0.54829997,1.0
1.0,0.9777828,1.0
0.0,0.024884637,0.0
0.0,0.3322668,0.0
1.0,0.69647557,1.0
0.0,0.34212652,0.0
0.0,0.31183797,0.0
1.0,0.7884629,1.0
1.0,0.34589705,0.0
1.0,0.9255664,1.0
0.0,0.24594392,0.0
0.0,0.6631718,1.0
0.0,0.17084911,0.0
1.0,0.9057352,1.0
1.0,0.8217698,1.0
1.0,0.55907774,1.0
0.0,0.123158425,0.0
1.0,0.7891643,1.0
1.0,0.60364103,1.0
0.0,0.3166114,0.0
1.0,0.7810102,1.0
1.0,0.5169204,1.0
0.0,0.29206437,0.0
0.0,0.21160394,0.0
0.0,0.17931299,0.0
0.0,0.41707826,0.0
0.0,0.37788144,0.0
1.0,0.9713179,1.0
1.0,0.5922957,1.0
0.0,0.22777206,0.0
0.0,0.566213,1.0
0.0,0.08362858,0.0
0.0,0.01067312,0.0
0.0,0.010654119,0.0
1.0,0.6647464,1.0
1.0,0.39275432,0.0
1.0,0.35894394,0.0
0.0,0.46580544,0.0
0.0,0.08918153,0.0
0.0,0.24076508,0.0
1.0,0.7082346,1.0
0.0,0.58752304,1.0
1.0,0.444109,0.0
1.0,0.23778318,0.0
0.0,0.24472885,0.0
1.0,0.36787346,0.0
1.0,0.9773144,1.0
1.0,0.29721814,0.0
0.0,0.38130355,0.0
0.0,0.42308182,0.0
1.0,0.38729757,0.0
0.0,0.5685575,1.0
1.0,0.33268,0.0
0.0,0.047755525,0.0
0.0,0.34924787,0.0
1.0,0.44753096,0.0
1.0,0.42534375,0.0
1.0,0.9438882,1.0
0.0,0.390206,0.0
1.0,0.46017575,0.0
1.0,0.21285768,0.0
0.0,0.55930895,1.0
1.0,0.494528,0.0
1.0,0.97260946,1.0
1.0,0.9428259,1.0
1.0,0.5143904,1.0
1.0,0.30544645,0.0
1.0,0.9729047,1.0
1.0,0.68142086,1.0
0.0,0.17132834,0.0
1.0,0.05151634,0.0
0.0,0.11153508,0.0
1.0,0.7209894,1.0
1.0,0.38890368,0.0
0.0,0.25933954,0.0
0.0,0.26314333,0.0
1.0,0.30467445,0.0
1.0,0.8909518,1.0
0.0,0.5758806,1.0
1.0,0.6264606,1.0
0.0,0.3491739,0.0
0.0,0.5861148,1.0
1.0,0.23840593,0.0
0.0,0.4629958,0.0
0.0,0.13411482,0.0
0.0,0.23539512,0.0
1.0,0.57604426,1.0
0.0,0.11370046,0.0
1.0,0.82876414,1.0
0.0,0.25896776,0.0
0.0,0.13583855,0.0
1.0,0.6928742,1.0
0.0,0.13720359,0.0
0.0,0.08120867,0.0
1.0,0.87113684,1.0
1.0,0.9655685,1.0
0.0,0.003431428,0.0
0.0,0.15429619,0.0
0.0,0.56110317,1.0
0.0,0.12687515,0.0
0.0,0.19856615,0.0
1.0,0.89577156,1.0
0.0,0.20344692,0.0
0.0,0.3268765,0.0
0.0,0.28232518,0.0
1.0,0.2763256,0.0
1.0,0.45220163,0.0
1.0,0.9129607,1.0
1.0,0.9465436,1.0
1.0,0.22208023,0.0
0.0,0.3213866,0.0
1.0,0.7427284,1.0
1.0,0.22060534,0.0
1.0,0.73412985,1.0
0.0,0.44674453,0.0
0.0,0.21617623,0.0
1.0,0.9471998,1.0
1.0,0.43756735,0.0
0.0,0.20580867,0.0
0.0,0.687002,1.0
0.0,0.033750415,0.0
1.0,0.49478188,0.0
0.0,0.4329996,0.0
1.0,0.3427472,0.0
0.0,0.6040688,1.0
0.0,0.53002995,1.0
1.0,0.9328057,1.0
1.0,0.965915,1.0
1.0,0.6289259,1.0
0.0,0.3722714,0.0
0.0,0.26969948,0.0
0.0,0.184368,0.0
1.0,0.52505046,1.0
1.0,0.73544806,1.0
0.0,0.17516218,0.0
0.0,0.09066252,0.0
0.0,0.24475072,0.0
1.0,0.29837832,0.0
0.0,0.21331419,0.0
1.0,0.81557256,1.0
1.0,0.31867385,0.0
1.0,0.9687233,1.0
0.0,0.5346465,1.0
1.0,0.29432228,0.0
0.0,0.34823033,0.0
0.0,0.069308735,0.0
1.0,0.79900295,1.0
1.0,0.966776,1.0
1.0,0.70249534,1.0
0.0,0.6485788,1.0
1.0,0.6003289,1.0
0.0,0.07543116,0.0
1.0,0.96573913,1.0
0.0,0.10525465,0.0
0.0,0.670617,1.0
1.0,0.34539855,0.0
1.0,0.46230727,0.0
0.0,0.30161065,0.0
0.0,0.22271895,0.0
1.0,0.9555079,1.0
0.0,0.35920882,0.0
1.0,0.7784517,1.0
1.0,0.23023504,0.0
1.0,0.36141664,0.0
0.0,0.77661407,1.0
0.0,0.32232556,0.0
0.0,0.17811467,0.0
0.0,0.4628772,0.0
0.0,0.10194964,0.0
1.0,0.21699178,0.0
0.0,0.26885584,0.0
1.0,0.5623935,1.0
0.0,0.3322692,0.0
0.0,0.014779353,0.0
1.0,0.6412329,1.0
0.0,0.503928,1.0
1.0,0.55800295,1.0
0.0,0.51351434,1.0
1.0,0.88699526,1.0
1.0,0.63474077,1.0
0.0,0.18266362,0.0
1.0,0.7920316,1.0
1.0,0.561453,1.0
1.0,0.7001991,1.0
0.0,0.10311739,0.0
0.0,0.06661923,0.0
1.0,0.7734232,1.0
0.0,0.05096066,0.0
0.0,0.5328763,1.0
0.0,0.27162668,0.0
0.0,0.28794703,0.0
1.0,0.8138084,1.0
0.0,0.12855223,0.0
1.0,0.78984565,1.0
0.0,0.39648592,0.0
0.0,0.21130897,0.0
0.0,0.44881442,0.0
0.0,0.26565176,0.0
0.0,0.20579913,0.0
1.0,0.36746362,0.0
0.0,0.14173302,0.0
0.0,0.58928543,1.0
0.0,0.18124445,0.0
0.0,0.19604447,0.0
0.0,0.25370482,0.0
0.0,0.28404355,0.0
0.0,0.51044273,1.0
0.0,0.0050641936,0.0
1.0,0.8999715,1.0
1.0,0.7278884,1.0
0.0,0.02296079,0.0
0.0,0.083337024,0.0
1.0,0.97757316,1.0
0.0,0.28070793,0.0
1.0,0.79761606,1.0
0.0,0.06845401,0.0
0.0,0.07131081,0.0
1.0,0.94011134,1.0
0.0,0.22542572,0.0
0.0,0.04778754,0.0
1.0,0.06007736,0.0
0.0,0.30914629,0.0
0.0,0.06792268,0.0
1.0,0.39318496,0.0
1.0,0.65639216,1.0
0.0,0.5440009,1.0
1.0,0.2847162,0.0
1.0,0.9918665,1.0
0.0,0.90634334,1.0
1.0,0.5276958,1.0
1.0,0.8630584,1.0
0.0,0.025668561,0.0
1.0,0.22068807,0.0
1.0,0.17568088,0.0
1.0,0.40983316,0.0
0.0,0.33807948,0.0
1.0,0.46061328,0.0
1.0,0.5518803,1.0
0.0,0.753932,1.0
0.0,0.11008636,0.0
0.0,0.30242792,0.0
0.0,0.68756723,1.0
0.0,0.5216275,1.0
1.0,0.91847223,1.0
0.0,0.50181144,1.0
1.0,0.2723402,0.0
1.0,0.4596725,0.0
1.0,0.62485564,1.0
1.0,0.79759663,1.0
0.0,0.028265003,0.0
1.0,0.80438596,1.0
0.0,0.06362487,0.0
1.0,0.58492124,1.0
1.0,0.7226336,1.0
1.0,0.6123727,1.0
0.0,0.23769237,0.0
0.0,0.27118987,0.0
1.0,0.7779501,1.0
0.0,0.3676857,0.0
1.0,0.31549495,0.0
1.0,0.91042197,1.0
0.0,0.55050486,1.0
1.0,0.43565756,0.0
0.0,0.67151624,1.0
1.0,0.28843978,0.0
0.0,0.2079276,0.0
0.0,0.2357649,0.0
0.0,0.011397205,0.0
0.0,0.07561967,0.0
1.0,0.81359035,1.0
1.0,0.98751813,1.0
1.0,0.67696947,1.0
1.0,0.7692004,1.0
0.0,0.32935905,0.0
1.0,0.9819618,1.0
0.0,0.5678387,1.0
1.0,0.6813465,1.0
1.0,0.59350276,1.0
0.0,0.02979987,0.0
1.0,0.65441847,1.0
1.0,0.9572606,1.0
0.0,0.38462508,0.0
0.0,0.47631672,0.0
1.0,0.28195858,0.0
1.0,0.5762326,1.0
0.0,0.22175069,0.0
1.0,0.2741182,0.0
1.0,0.35028878,0.0
1.0,0.5715531,1.0
0.0,0.6874139,1.0
0.0,0.49983877,0.0
0.0,0.66662985,1.0
1.0,0.8969189,1.0
1.0,0.81243783,1.0
1.0,0.37248647,0.0
1.0,0.91328615,1.0
0.0,0.36150116,0.0
0.0,0.26957747,0.0
0.0,0.21988058,0.0
0.0,0.26212826,0.0
0.0,0.009834624,0.0
1.0,0.33951074,0.0
0.0,0.55091584,1.0
0.0,0.5171242,1.0
1.0,0.9515243,1.0
1.0,0.76912904,1.0
1.0,0.5960116,1.0
0.0,0.2568144,0.0
0.0,0.3643971,0.0
1.0,0.42772332,0.0
0.0,0.6756878,1.0
0.0,0.21203487,0.0
1.0,0.5977285,1.0
0.0,0.69349843,1.0
0.0,0.86019844,1.0
0.0,0.14057636,0.0
1.0,0.9906371,1.0
0.0,0.33125606,0.0
1.0,0.41648006,0.0
0.0,0.39862427,0.0
1.0,0.19819543,0.0
0.0,0.2905258,0.0
0.0,0.072452135,0.0
1.0,0.23896676,0.0
0.0,0.22322492,0.0
0.0,0.1723169,0.0
0.0,0.09181119,0.0
1.0,0.48114818,0.0
1.0,0.7411723,1.0
1.0,0.5740736,1.0
0.0,0.31470552,0.0
1.0,0.64433104,1.0
1.0,0.4285883,0.0
0.0,0.029052556,0.0
1.0,0.7300423,1.0
1.0,0.31652245,0.0
1.0,0.61457264,1.0
1.0,0.7419194,1.0
1.0,0.98784304,1.0
0.0,0.09660523,0.0
1.0,0.3814271,0.0
1.0,0.81430423,1.0
0.0,0.2785442,0.0
0.0,0.52042294,1.0
1.0,0.38323003,0.0
1.0,0.49721336,0.0
1.0,0.526733,1.0
1.0,0.33433574,0.0
1.0,0.9848424,1.0
0.0,0.30080587,0.0
1.0,0.6365651,1.0
0.0,0.07631075,0.0
0.0,0.030391125,0.0
1.0,0.25618643,0.0
1.0,0.35425273,0.0
0.0,0.12701388,0.0
0.0,0.43175814,0.0
0.0,0.36121884,0.0
1.0,0.8808325,1.0
1.0,0.25756645,0.0
0.0,0.5043704,1.0
0.0,0.45653912,0.0
1.0,0.9554818,1.0
1.0,0.9867024,1.0
0.0,0.62169147,1.0
0.0,0.34627503,0.0
1.0,0.94860005,1.0
0.0,0.15100259,0.0
1.0,0.56671584,1.0
1.0,0.943489,1.0
1.0,0.9898459,1.0
1.0,0.793095,1.0
1.0,0.12569678,0.0
0.0,0.24840856,0.0
1.0,0.63585126,1.0
0.0,0.16835149,0.0
1.0,0.31258908,0.0
0.0,0.43339297,0.0
0.0,0.331957,0.0
1.0,0.9264683,1.0
0.0,0.08009278,0.0
1.0,0.28022578,0.0
0.0,0.3488701,0.0
0.0,0.32855928,0.0
1.0,0.8463933,1.0
1.0,0.70767397,1.0
1.0,0.8297505,1.0
1.0,0.9012867,1.0
1.0,0.963591,1.0
1.0,0.16695456,0.0
1.0,0.9635863,1.0
0.0,0.16569582,0.0
1.0,0.19912018,0.0
1.0,0.33308753,0.0
1.0,0.329341,0.0
0.0,0.9324819,1.0
0.0,0.2947752,0.0
1.0,0.9659299,1.0
1.0,0.42201704,0.0
0.0,0.71005946,1.0
1.0,0.9736018,1.0
1.0,0.9225945,1.0
0.0,0.23364878,0.0
1.0,0.47901192,0.0
1.0,0.48493043,0.0
1.0,0.9756349,1.0
0.0,0.019995628,0.0
0.0,0.47463652,0.0
0.0,0.26809293,0.0
1.0,0.60400593,1.0
0.0,0.1485987,0.0
1.0,0.9752762,1.0
1.0,0.4263154,0.0
1.0,0.44446513,0.0
0.0,0.17106776,0.0
1.0,0.6961991,1.0
1.0,0.8653171,1.0
0.0,0.35659987,0.0
0.0,0.6247945,1.0
0.0,0.3380889,0.0
0.0,0.3504897,0.0
0.0,0.234091,0.0
0.0,0.4593796,0.0
0.0,0.35920691,0.0
0.0,0.6050758,1.0
1.0,0.5207659,1.0
0.0,0.23705707,0.0
0.0,0.029118236,0.0
1.0,0.4928883,0.0
0.0,0.25945124,0.0
0.0,0.107989945,0.0
0.0,0.32736534,0.0
0.0,0.22956535,0.0
1.0,0.97266215,1.0
0.0,0.0043104966,0.0
0.0,0.3930628,0.0
0.0,0.053765718,0.0
0.0,0.086806245,0.0
0.0,0.1751895,0.0
1.0,0.41492903,0.0
1.0,0.95842266,1.0
0.0,0.30708826,0.0
0.0,0.23022811,0.0
1.0,0.53643334,1.0
1.0,0.94490474,1.0
0.0,0.14613146,0.0
1.0,0.9895536,1.0
0.0,0.041139495,0.0
1.0,0.63715094,1.0
1.0,0.41996172,0.0
0.0,0.6127464,1.0
1.0,0.8586897,1.0
1.0,0.87392265,1.0
1.0,0.86533326,1.0
0.0,0.5632439,1.0
0.0,0.40700117,0.0
0.0,0.051053774,0.0
0.0,0.4813606,0.0
1.0,0.6030892,1.0
1.0,0.13918988,0.0
0.0,0.44893187,0.0
1.0,0.34443226,0.0
1.0,0.6010939,1.0
1.0,0.7978971,1.0
0.0,0.7832967,1.0
0.0,0.04984175,0.0
1.0,0.30154076,0.0
0.0,0.5557313,1.0
0.0,0.44679332,0.0
1.0,0.20538603,0.0
0.0,0.13625136,0.0
0.0,0.1980468,0.0
0.0,0.18105231,0.0
0.0,0.31041947,0.0
0.0,0.25673616,0.0
0.0,0.31895116,0.0
0.0,0.35280317,0.0
0.0,0.12774,0.0
0.0,0.070370205,0.0
0.0,0.3559674,0.0
0.0,0.10110403,0.0
0.0,0.28507936,0.0
1.0,0.7124951,1.0
1.0,0.97276807,1.0
1.0,0.99496657,1.0
0.0,0.22589658,0.0
0.0,0.35057732,0.0
1.0,0.9476771,1.0
0.0,0.38128015,0.0
0.0,0.3449151,0.0
1.0,0.7295616,1.0
0.0,0.45073813,0.0
1.0,0.6608388,1.0
1.0,0.7658846,1.0
1.0,0.973518,1.0
0.0,0.39079446,0.0
1.0,0.9898051,1.0
1.0,0.9784349,1.0
1.0,0.81009537,1.0
1.0,0.35324717,0.0
1.0,0.9450022,1.0
0.0,0.09995249,0.0
1.0,0.8205342,1.0
1.0,0.76212835,1.0
1.0,0.44176424,0.0
0.0,0.010185697,0.0
0.0,0.25234842,0.0
0.0,0.34385413,0.0
0.0,0.7209815,1.0
0.0,0.71195906,1.0
1.0,0.9880983,1.0
0.0,0.25213692,0.0
1.0,0.40646604,0.0
1.0,0.9005317,1.0
0.0,0.42264026,0.0
0.0,0.18905632,0.0
0.0,0.70697874,1.0
0.0,0.13179995,0.0
1.0,0.37189963,0.0
0.0,0.1477125,0.0
1.0,0.556902,1.0
0.0,0.2475195,0.0
0.0,0.34417802,0.0
0.0,0.53291374,1.0
1.0,0.7037091,1.0
1.0,0.9072984,1.0
1.0,0.74397016,1.0
1.0,0.7499318,1.0
1.0,0.95255005,1.0
0.0,0.12152212,0.0
1.0,0.3856527,0.0
0.0,0.27166757,0.0
0.0,0.5225118,1.0
1.0,0.8934447,1.0
1.0,0.48614573,0.0
0.0,0.110218406,0.0
1.0,0.70401174,1.0
0.0,0.36080196,0.0
0.0,0.09333653,0.0
0.0,0.19729683,0.0
1.0,0.7605427,1.0
0.0,0.28416017,0.0
1.0,0.90771496,1.0
0.0,0.41721508,0.0
0.0,0.26425192,0.0
1.0,0.39452127,0.0
1.0,0.33517915,0.0
0.0,0.9759604,1.0
0.0,0.4205069,0.0
0.0,0.0058199326,0.0
0.0,0.27261734,0.0
1.0,0.45319203,0.0
1.0,0.29923263,0.0
0.0,0.1003446,0.0
0.0,0.74275297,1.0
1.0,0.7040151,1.0
0.0,0.9036113,1.0
0.0,0.21690755,0.0
1.0,0.9887812,1.0
1.0,0.55037934,1.0
0.0,0.64582556,1.0
1.0,0.34424922,0.0
1.0,0.49273202,0.0
1.0,0.31253725,0.0
1.0,0.9163186,1.0
1.0,0.9867539,1.0
1.0,0.45870107,0.0
1.0,0.827074,1.0
0.0,0.49571568,0.0
0.0,0.5586392,1.0
1.0,0.8781309,1.0
1.0,0.7215612,1.0
1.0,0.42201754,0.0
1.0,0.562812,1.0
0.0,0.12583375,0.0
1.0,0.7395979,1.0
0.0,0.37221804,0.0
0.0,0.2977202,0.0
0.0,0.097887,0.0
0.0,0.06291879,0.0
1.0,0.8985843,1.0
1.0,0.6194227,1.0
1.0,0.55461645,1.0
1.0,0.7564999,1.0
1.0,0.98205376,1.0
0.0,0.17511,0.0
0.0,0.358887,0.0
0.0,0.06441408,0.0
0.0,0.5785523,1.0
1.0,0.6782646,1.0
1.0,0.42000422,0.0
1.0,0.8144312,1.0
0.0,0.017607044,0.0
0.0,0.010455959,0.0
0.0,0.71818316,1.0
0.0,0.50827855,1.0
0.0,0.479171,0.0
1.0,0.993996,1.0
0.0,0.05505725,0.0
0.0,0.7545255,1.0
1.0,0.8645173,1.0
1.0,0.59102154,1.0
0.0,0.18546394,0.0
0.0,0.13385437,0.0
0.0,0.041303176,0.0
0.0,0.315091,0.0
1.0,0.32539433,0.0
0.0,0.2877763,0.0
0.0,0.22102551,0.0
0.0,0.39328888,0.0
1.0,0.93708605,1.0
0.0,0.023370989,0.0
0.0,0.5241477,1.0
0.0,0.302963,0.0
0.0,0.26014295,0.0
0.0,0.7112166,1.0
1.0,0.3886272,0.0
1.0,0.9595409,1.0
0.0,0.46398112,0.0
1.0,0.534623,1.0
0.0,0.09540521,0.0
0.0,0.34861958,0.0
0.0,0.18775141,0.0
1.0,0.2526396,0.0
0.0,0.41882598,0.0
1.0,0.54040706,1.0
0.0,0.2942734,0.0
1.0,0.31460774,0.0
0.0,0.25108743,0.0
1.0,0.17302857,0.0
1.0,0.40666494,0.0
0.0,0.26577193,0.0
1.0,0.9862662,1.0
0.0,0.54065394,1.0
0.0,0.085046135,0.0
0.0,0.15598461,0.0
0.0,0.24515833,0.0
1.0,0.32396808,0.0
1.0,0.2989553,0.0
1.0,0.6370746,1.0
1.0,0.42640692,0.0
1.0,0.9301557,1.0
0.0,0.42532465,0.0
0.0,0.060610082,0.0
0.0,0.3891332,0.0
1.0,0.9319142,1.0
0.0,0.067433596,0.0
0.0,0.223894,0.0
0.0,0.3966473,0.0
0.0,0.04205459,0.0
0.0,0.7869092,1.0
0.0,0.6847652,1.0
0.0,0.20310389,0.0
1.0,0.812293,1.0
0.0,0.12519063,0.0
0.0,0.2526079,0.0
1.0,0.8356425,1.0
0.0,0.5681319,1.0
0.0,0.14887586,0.0
0.0,0.23390375,0.0
0.0,0.42879975,0.0
1.0,0.94572806,1.0
0.0,0.4518191,0.0
0.0,0.3700569,0.0
1.0,0.6414178,1.0
0.0,0.7309209,1.0
0.0,0.01752341,0.0
1.0,0.8253762,1.0
0.0,0.12929425,0.0
1.0,0.9132286,1.0
1.0,0.9574379,1.0
0.0,0.0279631,0.0
1.0,0.7438188,1.0
0.0,0.19165428,0.0
0.0,0.16281998,0.0
1.0,0.50749487,1.0
1.0,0.91365415,1.0
0.0,0.23995133,0.0
1.0,0.59215,1.0
0.0,0.36111054,0.0
0.0,0.2197834,0.0
0.0,0.36750424,0.0
0.0,0.49540314,0.0
1.0,0.6471923,1.0
0.0,0.09451644,0.0
1.0,0.4697415,0.0
0.0,0.19976142,0.0
0.0,0.0033559466,0.0
0.0,0.029960547,0.0
0.0,0.2876408,0.0
1.0,0.041227132,0.0
1.0,0.84182453,1.0
1.0,0.45126677,0.0
0.0,0.1592228,0.0
1.0,0.50645745,1.0
1.0,0.6772684,1.0
0.0,0.2017248,0.0
0.0,0.19977838,0.0
1.0,0.9844019,1.0
1.0,0.56319803,1.0
0.0,0.0955905,0.0
1.0,0.87961817,1.0
1.0,0.9266129,1.0
1.0,0.51287335,1.0
0.0,0.49617675,0.0
1.0,0.4701889,0.0
1.0,0.70918274,1.0
1.0,0.8670728,1.0
1.0,0.8730469,1.0
0.0,0.3073512,0.0
0.0,0.03979731,0.0
0.0,0.13334411,0.0
0.0,0.10072664,0.0
1.0,0.37232143,0.0
0.0,0.5483345,1.0
1.0,0.66873765,1.0
1.0,0.95498574,1.0
1.0,0.24390553,0.0
1.0,0.96396303,1.0
1.0,0.57078415,1.0
1.0,0.8277758,1.0
1.0,0.39898163,0.0
1.0,0.58036494,1.0
1.0,0.96861947,1.0
1.0,0.4878829,0.0
0.0,0.4752944,0.0
0.0,0.55799645,1.0
1.0,0.50459653,1.0
1.0,0.8984235,1.0
0.0,0.37150183,0.0
1.0,0.22150956,0.0
1.0,0.6717638,1.0
0.0,0.31237388,0.0
1.0,0.26750576,0.0
1.0,0.41181648,0.0
1.0,0.9763229,1.0
1.0,0.9784652,1.0
0.0,0.24939546,0.0
0.0,0.7113419,1.0
1.0,0.9737516,1.0
0.0,0.20489332,0.0
0.0,0.20327951,0.0
1.0,0.47632104,0.0
0.0,0.029974796,0.0
1.0,0.6725326,1.0
0.0,0.26310456,0.0
0.0,0.32441342,0.0
0.0,0.04197588,0.0
0.0,0.79701936,1.0
0.0,0.12899101,0.0
0.0,0.52354264,1.0
0.0,0.006817875,0.0
1.0,0.23230897,0.0
0.0,0.29615209,0.0
1.0,0.98008895,1.0
0.0,0.15657638,0.0
0.0,0.40738302,0.0
1.0,0.93537116,1.0
1.0,0.9620826,1.0
1.0,0.9849663,1.0
0.0,0.44332275,0.0
1.0,0.6634917,1.0
1.0,0.91613567,1.0
1.0,0.36706722,0.0
1.0,0.12567393,0.0
0.0,0.041788857,0.0
1.0,0.58192223,1.0
1.0,0.45151186,0.0
0.0,0.0700327,0.0
1.0,0.52581936,1.0
1.0,0.55461895,1.0
1.0,0.4992338,0.0
1.0,0.6913314,1.0
1.0,0.972696,1.0
0.0,0.57932806,1.0
0.0,0.36098108,0.0
0.0,0.4740356,0.0
0.0,0.5104536,1.0
0.0,0.40845945,0.0
0.0,0.65269804,1.0
1.0,0.116499685,0.0
1.0,0.054099932,0.0
0.0,0.22601417,0.0
1.0,0.5316572,1.0
1.0,0.95039743,1.0
0.0,0.2647135,0.0
0.0,0.22015467,0.0
1.0,0.54611355,1.0
1.0,0.4404834,0.0
0.0,0.046571586,0.0
1.0,0.76125354,1.0
1.0,0.8819783,1.0
0.0,0.25744677,0.0
0.0,0.33270776,0.0
0.0,0.21886727,0.0
0.0,0.29587042,0.0
0.0,0.6677043,1.0
0.0,0.08201412,0.0
1.0,0.43462884,0.0
0.0,0.006401482,0.0
1.0,0.86507297,1.0
0.0,0.43488255,0.0
0.0,0.45003435,0.0
1.0,0.6313683,1.0
0.0,0.22216782,0.0
0.0,0.07951896,0.0
1.0,0.8825057,1.0
1.0,0.6002155,1.0
0.0,0.16833837,0.0
0.0,0.5039664,1.0
0.0,0.011041736,0.0
0.0,0.69340575,1.0
1.0,0.9742799,1.0
0.0,0.029117765,0.0
0.0,0.4694517,0.0
0.0,0.46841866,0.0
0.0,0.38894808,0.0
0.0,0.6106942,1.0
0.0,0.23109984,0.0
1.0,0.22826795,0.0
1.0,0.46409953,0.0
0.0,0.40105057,0.0
1.0,0.85660374,1.0
1.0,0.22684611,0.0
0.0,0.0068001975,0.0
0.0,0.32593378,0.0
1.0,0.44718537,0.0
0.0,0.070420876,0.0
0.0,0.32752237,0.0
0.0,0.061559938,0.0
0.0,0.7589561,1.0
0.0,0.3005867,0.0
1.0,0.44052073,0.0
1.0,0.16928917,0.0
1.0,0.4906982,0.0
1.0,0.9461278,1.0
1.0,0.86639154,1.0
1.0,0.78728104,1.0
0.0,0.12746719,0.0
1.0,0.5504213,1.0
0.0,0.7737986,1.0
1.0,0.90184426,1.0
0.0,0.34866494,0.0
1.0,0.88706255,1.0
0.0,0.45613188,0.0
1.0,0.5660618,1.0
0.0,0.38154963,0.0
0.0,0.3873804,0.0
0.0,0.10076569,0.0
0.0,0.5627986,1.0
1.0,0.79710203,1.0
0.0,0.29692394,0.0
1.0,0.33050683,0.0
0.0,0.50127774,1.0
1.0,0.7342582,1.0
0.0,0.54908925,1.0
1.0,0.23925272,0.0
1.0,0.3001676,0.0
0.0,0.38956204,0.0
0.0,0.12529856,0.0
1.0,0.5818653,1.0
0.0,0.114500925,0.0
1.0,0.174373,0.0
1.0,0.77236027,1.0
1.0,0.9341639,1.0
1.0,0.47559848,0.0
0.0,0.26272687,0.0
0.0,0.23223634,0.0
0.0,0.07687968,0.0
0.0,0.5563663,1.0
0.0,0.4733972,0.0
0.0,0.17334805,0.0
0.0,0.32734996,0.0
1.0,0.88401777,1.0
1.0,0.9549628,1.0
1.0,0.50551915,1.0
1.0,0.17594784,0.0
1.0,0.6682744,1.0
1.0,0.84495515,1.0
1.0,0.9071556,1.0
0.0,0.4405502,0.0
1.0,0.78114104,1.0
0.0,0.21009329,0.0
0.0,0.10318217,0.0
1.0,0.86318403,1.0
0.0,0.36208564,0.0
0.0,0.54171705,1.0
0.0,0.80384225,1.0
1.0,0.9862518,1.0
0.0,0.19195661,0.0
0.0,0.17356984,0.0
1.0,0.39602298,0.0
0.0,0.52955866,1.0
0.0,0.09908626,0.0
1.0,0.9224399,1.0
0.0,0.21025681,0.0
1.0,0.966161,1.0
0.0,0.26842958,0.0
1.0,0.54742396,1.0
1.0,0.7925897,1.0
1.0,0.25950465,0.0
1.0,0.6764656,1.0
1.0,0.9337237,1.0
1.0,0.26499388,0.0
1.0,0.5414591,1.0
0.0,0.04332466,0.0
0.0,0.4092726,0.0
0.0,0.30894044,0.0
0.0,0.23098627,0.0
0.0,0.38292438,0.0
0.0,0.1310055,0.0
1.0,0.3068982,0.0
1.0,0.9030342,1.0
1.0,0.5834786,1.0
1.0,0.95626116,1.0
1.0,0.73773676,1.0
1.0,0.9890354,1.0
0.0,0.5510068,1.0
0.0,0.14699727,0.0
1.0,0.77730143,1.0
0.0,0.27685168,0.0
0.0,0.19211318,0.0
1.0,0.58602417,1.0
0.0,0.2586008,0.0
1.0,0.95169336,1.0
1.0,0.9915304,1.0
1.0,0.9188021,1.0
1.0,0.44657892,0.0
0.0,0.50108945,1.0
0.0,0.41932884,0.0
0.0,0.15274979,0.0
0.0,0.2621373,0.0
1.0,0.5786108,1.0
1.0,0.4043175,0.0
1.0,0.9877652,1.0
0.0,0.7447123,1.0
1.0,0.6676879,1.0
0.0,0.47310236,0.0
1.0,0.98723745,1.0
0.0,0.30749828,0.0
0.0,0.4863614,0.0
1.0,0.6110167,1.0
1.0,0.4834801,0.0
0.0,0.057749994,0.0
0.0,0.675358,1.0
0.0,0.9008191,1.0
0.0,0.14203049,0.0
0.0,0.49721986,0.0
1.0,0.16223408,0.0
1.0,0.47288647,0.0
0.0,0.19544262,0.0
0.0,0.20098552,0.0
1.0,0.85490716,1.0
0.0,0.0034051372,0.0
0.0,0.7164537,1.0
1.0,0.59585005,1.0
1.0,0.5937648,1.0
0.0,0.42771026,0.0
1.0,0.3287468,0.0
0.0,0.26997793,0.0
1.0,0.24669985,0.0
0.0,0.06519457,0.0
1.0,0.7997486,1.0
1.0,0.17501469,0.0
1.0,0.5622575,1.0
1.0,0.993548,1.0
0.0,0.28702778,0.0
1.0,0.57519126,1.0
1.0,0.52749765,1.0
1.0,0.30143765,0.0
0.0,0.54024816,1.0
1.0,0.9914642,1.0
0.0,0.06756674,0.0
1.0,0.5216446,1.0
0.0,0.07335425,0.0
0.0,0.061702378,0.0
0.0,0.17206255,0.0
1.0,0.91678375,1.0
1.0,0.8529669,1.0
0.0,0.23605019,0.0
1.0,0.2793399,0.0
0.0,0.36394313,0.0
1.0,0.5151283,1.0
1.0,0.5855461,1.0
1.0,0.96564215,1.0
1.0,0.64607364,1.0
1.0,0.26560456,0.0
0.0,0.51726323,1.0
1.0,0.71074146,1.0
1.0,0.86620116,1.0
0.0,0.18149762,0.0
0.0,0.21488985,0.0
1.0,0.9146624,1.0
1.0,0.6695878,1.0
0.0,0.7216099,1.0
0.0,0.38871384,0.0
0.0,0.6366699,1.0
1.0,0.230621,0.0
1.0,0.45638418,0.0
0.0,0.5005251,1.0
1.0,0.96335864,1.0
1.0,0.79442215,1.0
1.0,0.73631614,1.0
0.0,0.35059378,0.0
0.0,0.24079038,0.0
0.0,0.33979866,0.0
0.0,0.22831213,0.0
1.0,0.6670097,1.0
1.0,0.3381464,0.0
0.0,0.035047773,0.0
0.0,0.10952006,0.0
0.0,0.11664053,0.0
0.0,0.0069218813,0.0
1.0,0.868495,1.0
1.0,0.6286052,1.0
1.0,0.56938934,1.0
1.0,0.7120131,1.0
1.0,0.7833001,1.0
1.0,0.63500446,1.0
0.0,0.22597978,0.0
0.0,0.33079693,0.0
1.0,0.72445977,1.0
1.0,0.5057081,1.0
0.0,0.33497626,0.0
1.0,0.6031468,1.0
1.0,0.76567084,1.0
1.0,0.7158083,1.0
0.0,0.6505684,1.0
0.0,0.22544135,0.0
0.0,0.1270258,0.0
1.0,0.3108765,0.0
1.0,0.8851873,1.0
0.0,0.45112437,0.0
0.0,0.5251909,1.0
1.0,0.57059556,1.0
0.0,0.12490647,0.0
1.0,0.45308393,0.0
1.0,0.7854571,1.0
1.0,0.7609493,1.0
1.0,0.52452725,1.0
1.0,0.7845889,1.0
0.0,0.5340648,1.0
1.0,0.6293671,1.0
1.0,0.9855958,1.0
0.0,0.19983467,0.0
0.0,0.1613306,0.0
1.0,0.96469116,1.0
1.0,0.961076,1.0
1.0,0.7452967,1.0
0.0,0.6792971,1.0
1.0,0.95603806,1.0
0.0,0.09111422,0.0
0.0,0.14231996,0.0
0.0,0.39201522,0.0
0.0,0.5670925,1.0
1.0,0.39017195,0.0
0.0,0.368036,0.0
0.0,0.410739,0.0
0.0,0.1840715,0.0
1.0,0.6497193,1.0
1.0,0.42761922,0.0
1.0,0.7140163,1.0
1.0,0.049047098,0.0
0.0,0.59993005,1.0
0.0,0.23025629,0.0
0.0,0.15128699,0.0
1.0,0.8798706,1.0
1.0,0.80427426,1.0
1.0,0.59252197,1.0
0.0,0.555638,1.0
1.0,0.99127614,1.0
0.0,0.41568968,0.0
1.0,0.76771647,1.0
0.0,0.24463208,0.0
1.0,0.8941571,1.0
0.0,0.4139138,0.0
1.0,0.8983645,1.0
1.0,0.30865622,0.0
0.0,0.24213164,0.0
1.0,0.93390286,1.0
0.0,0.28991467,0.0
0.0,0.6322576,1.0
1.0,0.5133435,1.0
0.0,0.22075847,0.0
0.0,0.056278344,0.0
1.0,0.71569055,1.0
0.0,0.44108188,0.0
1.0,0.85917705,1.0
0.0,0.36270675,0.0
0.0,0.49860212,0.0
0.0,0.4254341,0.0
0.0,0.06622726,0.0
0.0,0.54626155,1.0
0.0,0.43121535,0.0
0.0,0.18204583,0.0
1.0,0.9159742,1.0
0.0,0.9292267,1.0
1.0,0.29896757,0.0
1.0,0.25667754,0.0
0.0,0.032977335,0.0
0.0,0.22523361,0.0
0.0,0.09895762,0.0
0.0,0.10836478,0.0
1.0,0.36542165,0.0
0.0,0.5844719,1.0
0.0,0.36851498,0.0
1.0,0.7616146,1.0
0.0,0.35391897,0.0
1.0,0.772343,1.0
0.0,0.5147317,1.0
1.0,0.3319849,0.0
1.0,0.9865297,1.0
1.0,0.6131338,1.0
0.0,0.43166357,0.0
1.0,0.12246614,0.0
1.0,0.36165094,0.0
1.0,0.6519802,1.0
0.0,0.09829421,0.0
0.0,0.6443078,1.0
1.0,0.2546986,0.0
0.0,0.2210873,0.0
0.0,0.14611669,0.0
0.0,0.33454472,0.0
0.0,0.5020785,1.0
0.0,0.515109,1.0
0.0,0.18675259,0.0
1.0,0.50376284,1.0
0.0,0.30219847,0.0
1.0,0.9401945,1.0
0.0,0.3694735,0.0
1.0,0.8665595,1.0
1.0,0.5677643,1.0
1.0,0.90112495,1.0
1.0,0.32174295,0.0
1.0,0.12792945,0.0
0.0,0.4458946,0.0
0.0,0.57850784,1.0
0.0,0.13949935,0.0
0.0,0.08167951,0.0
1.0,0.89582133,1.0
0.0,0.41266942,0.0
0.0,0.27556595,0.0
1.0,0.2340997,0.0
1.0,0.5631838,1.0
1.0,0.8106238,1.0
1.0,0.8554847,1.0
0.0,0.32973373,0.0
0.0,0.49403584,0.0
1.0,0.26163393,0.0
1.0,0.76779777,1.0
1.0,0.274644,0.0
1.0,0.54713774,1.0
0.0,0.49122903,0.0
0.0,0.264279,0.0
1.0,0.3260375,0.0
0.0,0.3028811,0.0
0.0,0.5261328,1.0
1.0,0.7810667,1.0
1.0,0.37987706,0.0
0.0,0.23921686,0.0
1.0,0.40931252,0.0
1.0,0.43857384,0.0
0.0,0.7364178,1.0
1.0,0.7460076,1.0
0.0,0.43649772,0.0
0.0,0.14733343,0.0
1.0,0.96699643,1.0
0.0,0.26486605,0.0
0.0,0.1690411,0.0
1.0,0.2411137,0.0
0.0,0.2737797,0.0
1.0,0.63462204,1.0
1.0,0.9845633,1.0
0.0,0.09219442,0.0
1.0,0.6070326,1.0
1.0,0.9687491,1.0
0.0,0.40747193,0.0
0.0,0.16986385,0.0
1.0,0.89033157,1.0
1.0,0.51760894,1.0
1.0,0.9481724,1.0
1.0,0.9940393,1.0
0.0,0.16765304,0.0
0.0,0.0061825095,0.0
1.0,0.45555985,0.0
0.0,0.4119864,0.0
1.0,0.83393335,1.0
1.0,0.30380744,0.0
1.0,0.7139094,1.0
1.0,0.36067516,0.0
0.0,0.40900996,0.0
1.0,0.5050524,1.0
0.0,0.31752285,0.0
0.0,0.38199365,0.0
1.0,0.33384246,0.0
1.0,0.23695682,0.0
1.0,0.25981003,0.0
0.0,0.3699616,0.0
0.0,0.41556686,0.0
0.0,0.005350905,0.0
0.0,0.47891533,0.0
1.0,0.52263856,1.0
0.0,0.26412454,0.0
1.0,0.3409829,0.0
1.0,0.8561347,1.0
1.0,0.97276264,1.0
1.0,0.49986103,0.0
1.0,0.6186002,1.0
1.0,0.9843816,1.0
1.0,0.20540689,0.0
0.0,0.06532656,0.0
0.0,0.60900843,1.0
1.0,0.8780517,1.0
0.0,0.65978944,1.0
1.0,0.5650088,1.0
1.0,0.6575417,1.0
1.0,0.71493155,1.0
0.0,0.66373837,1.0
0.0,0.20216082,0.0
1.0,0.22533739,0.0
0.0,0.59032184,1.0
0.0,0.71935916,1.0
0.0,0.8111864,1.0
1.0,0.067476496,0.0
0.0,0.20051438,0.0
1.0,0.4512101,0.0
0.0,0.38593975,0.0
0.0,0.8465795,1.0
1.0,0.46006873,0.0
1.0,0.95727986,1.0
1.0,0.9794545,1.0
0.0,0.34389716,0.0
0.0,0.10403163,0.0
0.0,0.34023586,0.0
0.0,0.40383875,0.0
0.0,0.51576275,1.0
0.0,0.26478612,0.0
0.0,0.6827543,1.0
1.0,0.5042491,1.0
1.0,0.90625334,1.0
1.0,0.51245826,1.0
1.0,0.741093,1.0
0.0,0.26859713,0.0
1.0,0.66573864,1.0
0.0,0.38228917,0.0
0.0,0.3229947,0.0
1.0,0.7384671,1.0
1.0,0.35477355,0.0
0.0,0.6946298,1.0
1.0,0.28930053,0.0
0.0,0.33037385,0.0
1.0,0.6067841,1.0
0.0,0.15443783,0.0
0.0,0.6554949,1.0
1.0,0.3455959,0.0
1.0,0.8676004,1.0
1.0,0.32272714,0.0
0.0,0.0075226184,0.0
0.0,0.30996102,0.0
0.0,0.035422303,0.0
1.0,0.84857357,1.0
0.0,0.13005833,0.0
0.0,0.44742483,0.0
0.0,0.37985188,0.0
0.0,0.44230163,0.0
1.0,0.96646744,1.0
0.0,0.5312367,1.0
1.0,0.34538177,0.0
1.0,0.44891343,0.0
0.0,0.32732663,0.0
1.0,0.8226077,1.0
1.0,0.39210936,0.0
1.0,0.902118,1.0
0.0,0.15531828,0.0
1.0,0.6586903,1.0
1.0,0.4495683,0.0
0.0,0.38046253,0.0
1.0,0.3654104,0.0
0.0,0.1971333,0.0
0.0,0.2735862,0.0
1.0,0.75194633,1.0
0.0,0.2192708,0.0
1.0,0.941635,1.0
0.0,0.17642914,0.0
0.0,0.15991102,0.0
0.0,0.32426906,0.0
1.0,0.3580427,0.0
1.0,0.95219344,1.0
0.0,0.12995699,0.0
1.0,0.5592815,1.0
1.0,0.34420353,0.0
0.0,0.5241489,1.0
1.0,0.7892397,1.0
0.0,0.8938733,1.0
1.0,0.4825916,0.0
0.0,0.37390187,0.0
0.0,0.7038245,1.0
0.0,0.5181501,1.0
1.0,0.76317745,1.0
1.0,0.52601314,1.0
1.0,0.29245645,0.0
1.0,0.8373424,1.0
1.0,0.98796356,1.0
0.0,0.53562826,1.0
1.0,0.30523923,0.0
1.0,0.58335686,1.0
1.0,0.8045313,1.0
0.0,0.25904724,0.0
0.0,0.0093618715,0.0
1.0,0.6305545,1.0
1.0,0.3613403,0.0
0.0,0.66272753,1.0
1.0,0.49177447,0.0
1.0,0.7767109,1.0
1.0,0.96794283,1.0
1.0,0.55542266,1.0
0.0,0.18892795,0.0
0.0,0.26033786,0.0
0.0,0.19103773,0.0
0.0,0.19558185,0.0
0.0,0.25838724,0.0
1.0,0.95542514,1.0
1.0,0.9649236,1.0
1.0,0.7586315,1.0
1.0,0.6005052,1.0
1.0,0.5145265,1.0
1.0,0.73996305,1.0
0.0,0.3231692,0.0
1.0,0.25104555,0.0
1.0,0.26195762,0.0
0.0,0.28700832,0.0
0.0,0.40652782,0.0
0.0,0.53754914,1.0
1.0,0.63771987,1.0
0.0,0.07361856,0.0
1.0,0.40984982,0.0
1.0,0.32847556,0.0
0.0,0.37349808,0.0
1.0,0.8756172,1.0
0.0,0.17324948,0.0
1.0,0.41321394,0.0
0.0,0.12538764,0.0
1.0,0.28774083,0.0
1.0,0.6828961,1.0
0.0,0.8562952,1.0
0.0,0.20358616,0.0
1.0,0.7568105,1.0
1.0,0.40839443,0.0
1.0,0.9116621,1.0
0.0,0.38247108,0.0
0.0,0.46569392,0.0
0.0,0.55694395,1.0
0.0,0.02463453,0.0
0.0,0.46987307,0.0
1.0,0.114493884,0.0
1.0,0.61954296,1.0
1.0,0.37766463,0.0
0.0,0.2698231,0.0
0.0,0.7435422,1.0
1.0,0.525162,1.0
0.0,0.022942824,0.0
0.0,0.36740556,0.0
0.0,0.5520232,1.0
1.0,0.42555857,0.0
1.0,0.56106937,1.0
1.0,0.38628635,0.0
1.0,0.4402116,0.0
1.0,0.99021566,1.0
0.0,0.42708352,0.0
0.0,0.30643952,0.0
0.0,0.20719713,0.0
0.0,0.005591877,0.0
1.0,0.488704,0.0
1.0,0.41260642,0.0
1.0,0.9386806,1.0
0.0,0.78006643,1.0
1.0,0.8034,1.0
1.0,0.93146336,1.0
0.0,0.36177447,0.0
1.0,0.8132013,1.0
1.0,0.5723126,1.0
1.0,0.76599926,1.0
0.0,0.22261702,0.0
0.0,0.1607092,0.0
1.0,0.6169993,1.0
1.0,0.64972174,1.0
0.0,0.04255277,0.0
0.0,0.35296348,0.0
1.0,0.71346605,1.0
1.0,0.6522749,1.0
0.0,0.8158542,1.0
1.0,0.82360816,1.0
0.0,0.5306272,1.0
0.0,0.40321642,0.0
0.0,0.17179078,0.0
0.0,0.32357788,0.0
1.0,0.29722384,0.0
1.0,0.7778129,1.0
0.0,0.2459547,0.0
1.0,0.9793753,1.0
0.0,0.27387214,0.0
1.0,0.9910063,1.0
0.0,0.03701216,0.0
1.0,0.29101583,0.0
1.0,0.13786842,0.0
1.0,0.8737955,1.0
0.0,0.3218696,0.0
1.0,0.9734798,1.0
0.0,0.6883455,1.0
0.0,0.27094555,0.0
0.0,0.26350722,0.0
0.0,0.009074247,0.0
0.0,0.081698805,0.0
1.0,0.5661551,1.0
0.0,0.35765985,0.0
0.0,0.39428467,0.0
1.0,0.64194506,1.0
0.0,0.53354746,1.0
0.0,0.66559637,1.0
1.0,0.6029185,1.0
0.0,0.36203444,0.0
0.0,0.004405115,0.0
0.0,0.39771032,0.0
1.0,0.32922027,0.0
1.0,0.6179375,1.0
1.0,0.54116833,1.0
1.0,0.5758794,1.0
0.0,0.20578538,0.0
0.0,0.18703514,0.0
0.0,0.44636458,0.0
0.0,0.5580148,1.0
0.0,0.14409682,0.0
0.0,0.091116615,0.0
0.0,0.14593174,0.0
1.0,0.6738696,1.0
1.0,0.939533,1.0
1.0,0.9498218,1.0
0.0,0.64541477,1.0
0.0,0.50507945,1.0
1.0,0.253944,0.0
1.0,0.7548081,1.0
0.0,0.24816062,0.0
0.0,0.16070302,0.0
0.0,0.056794625,0.0
1.0,0.94670784,1.0
1.0,0.9004059,1.0
1.0,0.51664984,1.0
1.0,0.4305364,0.0
0.0,0.6112353,1.0
0.0,0.3682514,0.0
0.0,0.5152257,1.0
0.0,0.042956937,0.0
1.0,0.35566694,0.0
0.0,0.48112205,0.0
0.0,0.47424453,0.0
1.0,0.7009977,1.0
1.0,0.48222518,0.0
1.0,0.31760767,0.0
0.0,0.27408615,0.0
1.0,0.35397995,0.0
0.0,0.27100742,0.0
0.0,0.44249654,0.0
0.0,0.66886854,1.0
0.0,0.20697236,0.0
1.0,0.64912486,1.0
0.0,0.23329088,0.0
0.0,0.05549168,0.0
1.0,0.7509954,1.0
1.0,0.86230844,1.0
1.0,0.38352713,0.0
0.0,0.53191,1.0
1.0,0.8184665,1.0
0.0,0.2590992,0.0
0.0,0.17021163,0.0
1.0,0.7552054,1.0
1.0,0.28443176,0.0
1.0,0.9451247,1.0
1.0,0.46025628,0.0
1.0,0.6846388,1.0
1.0,0.8855343,1.0
0.0,0.13751638,0.0
0.0,0.25582463,0.0
1.0,0.97532564,1.0
0.0,0.39036542,0.0
1.0,0.38739556,0.0
1.0,0.94188756,1.0
1.0,0.2502008,0.0
0.0,0.11106059,0.0
0.0,0.44840965,0.0
1.0,0.97459304,1.0
0.0,0.44627747,0.0
1.0,0.7023744,1.0
1.0,0.85064244,1.0
0.0,0.0058263363,0.0
0.0,0.4687248,0.0
1.0,0.962443,1.0
1.0,0.9379419,1.0
1.0,0.6197081,1.0
0.0,0.0047684284,0.0
0.0,0.08269826,0.0
0.0,0.279477,0.0
1.0,0.9114266,1.0
0.0,0.21555233,0.0
1.0,0.52352613,1.0
0.0,0.21288748,0.0
1.0,0.991239,1.0
0.0,0.15654512,0.0
1.0,0.3159825,0.0
0.0,0.5331749,1.0
0.0,0.17048737,0.0
0.0,0.31115898,0.0
1.0,0.3753937,0.0
0.0,0.00497663,0.0
1.0,0.5004484,1.0
0.0,0.53794557,1.0
1.0,0.79923165,1.0
1.0,0.49974966,0.0
1.0,0.8016859,1.0
1.0,0.69866645,1.0
0.0,0.2560278,0.0
1.0,0.16332273,0.0
0.0,0.35217297,0.0
0.0,0.026919842,0.0
0.0,0.6165595,1.0
1.0,0.28227392,0.0
1.0,0.31829023,0.0
0.0,0.02216419,0.0
0.0,0.19866125,0.0
0.0,0.29283088,0.0
1.0,0.758682,1.0
1.0,0.33489093,0.0
0.0,0.21471725,0.0
1.0,0.5969559,1.0
1.0,0.71631366,1.0
1.0,0.58915716,1.0
1.0,0.90949017,1.0
0.0,0.21308792,0.0
1.0,0.6554402,1.0
1.0,0.86072874,1.0
0.0,0.2103926,0.0
1.0,0.85463905,1.0
0.0,0.017040078,0.0
0.0,0.1619237,0.0
1.0,0.584239,1.0
1.0,0.842498,1.0
0.0,0.036307886,0.0
1.0,0.96590745,1.0
1.0,0.8509537,1.0
1.0,0.95212245,1.0
1.0,0.40237865,0.0
1.0,0.28477943,0.0
0.0,0.26080808,0.0
0.0,0.25824538,0.0
0.0,0.24010758,0.0
1.0,0.3810986,0.0
1.0,0.3489516,0.0
0.0,0.3790121,0.0
0.0,0.09961366,0.0
1.0,0.42356786,0.0
0.0,0.47027925,0.0
0.0,0.03933792,0.0
1.0,0.7030925,1.0
0.0,0.39788356,0.0
1.0,0.6621156,1.0
1.0,0.9926351,1.0
1.0,0.98662865,1.0
0.0,0.11358451,0.0
0.0,0.21440633,0.0
0.0,0.12088363,0.0
0.0,0.29615116,0.0
0.0,0.31744492,0.0
1.0,0.22604652,0.0
1.0,0.6243722,1.0
0.0,0.4512919,0.0
0.0,0.2879478,0.0
1.0,0.41786093,0.0
0.0,0.35706323,0.0
1.0,0.39279148,0.0
1.0,0.37993926,0.0
0.0,0.21411248,0.0
0.0,0.33618155,0.0
1.0,0.77287817,1.0
0.0,0.3791196,0.0
1.0,0.4663653,0.0
1.0,0.38887292,0.0
1.0,0.6600525,1.0
1.0,0.9849739,1.0
1.0,0.2695639,0.0
0.0,0.7407126,1.0
1.0,0.98027873,1.0
1.0,0.41437614,0.0
1.0,0.93365145,1.0
1.0,0.5285069,1.0
0.0,0.39875343,0.0
0.0,0.55370206,1.0
1.0,0.44271204,0.0
0.0,0.21725711,0.0
1.0,0.12680323,0.0
1.0,0.45239058,0.0
0.0,0.3013399,0.0
0.0,0.38988355,0.0
0.0,0.6674974,1.0
1.0,0.983269,1.0
0.0,0.01339496,0.0
0.0,0.28015196,0.0
1.0,0.7072496,1.0
0.0,0.07485574,0.0
0.0,0.41107577,0.0
1.0,0.48944193,0.0
0.0,0.41728032,0.0
0.0,0.16421628,0.0
0.0,0.34388864,0.0
0.0,0.27584,0.0
0.0,0.0822101,0.0
0.0,0.005065299,0.0
1.0,0.8420274,1.0
0.0,0.056972746,0.0
0.0,0.04682905,0.0
0.0,0.22093405,0.0
0.0,0.21050984,0.0
0.0,0.0754847,0.0
1.0,0.432331,0.0
0.0,0.099666156,0.0
1.0,0.9418213,1.0
0.0,0.6100397,1.0
0.0,0.800085,1.0
1.0,0.59303147,1.0
1.0,0.26174244,0.0
1.0,0.9923465,1.0
1.0,0.7900641,1.0
1.0,0.68543154,1.0
0.0,0.18648419,0.0
0.0,0.09073262,0.0
0.0,0.5406088,1.0
0.0,0.097790614,0.0
0.0,0.51161206,1.0
1.0,0.38551396,0.0
1.0,0.8744423,1.0
1.0,0.6203457,1.0
1.0,0.8574538,1.0
0.0,0.8268317,1.0
0.0,0.038391836,0.0
1.0,0.9291591,1.0
1.0,0.41427785,0.0
0.0,0.18042576,0.0
0.0,0.5259301,1.0
0.0,0.45121807,0.0
0.0,0.66192234,1.0
0.0,0.18811299,0.0
1.0,0.38393134,0.0
1.0,0.89699227,1.0
1.0,0.96487534,1.0
0.0,0.33626705,0.0
0.0,0.26409426,0.0
1.0,0.5388425,1.0
1.0,0.59271485,1.0
0.0,0.05450599,0.0
0.0,0.55851686,1.0
0.0,0.37150884,0.0
0.0,0.4776472,0.0
0.0,0.27482986,0.0
0.0,0.27126786,0.0
0.0,0.20824441,0.0
1.0,0.97911835,1.0
1.0,0.93563795,1.0
1.0,0.82497865,1.0
1.0,0.70693606,1.0
0.0,0.042778485,0.0
1.0,0.8410541,1.0
1.0,0.83052164,1.0
0.0,0.23991174,0.0
1.0,0.9912196,1.0
0.0,0.32467726,0.0
1.0,0.96755487,1.0
1.0,0.9139304,1.0
1.0,0.29222566,0.0
0.0,0.4507953,0.0
0.0,0.524632,1.0
1.0,0.57622695,1.0
0.0,0.47669408,0.0
1.0,0.64998585,1.0
1.0,0.7890374,1.0
0.0,0.29039043,0.0
1.0,0.9793115,1.0
1.0,0.17753823,0.0
0.0,0.10430567,0.0
0.0,0.21930584,0.0
0.0,0.27484232,0.0
0.0,0.49418584,0.0
0.0,0.57570446,1.0
1.0,0.34532928,0.0
1.0,0.72501487,1.0
0.0,0.40926602,0.0
1.0,0.25448215,0.0
1.0,0.6256488,1.0
1.0,0.80226743,1.0
0.0,0.2449785,0.0
0.0,0.15431038,0.0
0.0,0.5857791,1.0
0.0,0.9406439,1.0
1.0,0.9880213,1.0
0.0,0.19867752,0.0
1.0,0.8961252,1.0
1.0,0.8845421,1.0
0.0,0.27638265,0.0
1.0,0.6428345,1.0
1.0,0.9890113,1.0
1.0,0.6760961,1.0
1.0,0.66363806,1.0
0.0,0.010214635,0.0
0.0,0.3343511,0.0
1.0,0.91159624,1.0
0.0,0.40115735,0.0
1.0,0.33374,0.0
1.0,0.6649117,1.0
1.0,0.3435492,0.0
0.0,0.63479024,1.0
0.0,0.3087813,0.0
0.0,0.11699196,0.0
0.0,0.35317463,0.0
1.0,0.38564596,0.0
0.0,0.35203287,0.0
1.0,0.6633,1.0
1.0,0.16288772,0.0
1.0,0.9332663,1.0
0.0,0.14527193,0.0
0.0,0.023719955,0.0
0.0,0.29922235,0.0
1.0,0.50342363,1.0
0.0,0.0071623204,0.0
1.0,0.17019992,0.0
1.0,0.49733347,0.0
0.0,0.48914787,0.0
0.0,0.7293812,1.0
0.0,0.32351777,0.0
0.0,0.3370378,0.0
1.0,0.964895,1.0
0.0,0.49047908,0.0
0.0,0.4252968,0.0
0.0,0.42216647,0.0
1.0,0.75649065,1.0
1.0,0.7397695,1.0
0.0,0.38027966,0.0
0.0,0.4445059,0.0
0.0,0.7951921,1.0
0.0,0.43884394,0.0
0.0,0.43292588,0.0
0.0,0.14367229,0.0
1.0,0.31544843,0.0
0.0,0.027496807,0.0
0.0,0.31683093,0.0
1.0,0.5018365,1.0
0.0,0.46884796,0.0
1.0,0.48305213,0.0
1.0,0.5747989,1.0
0.0,0.2970696,0.0
0.0,0.10313436,0.0
1.0,0.4759804,0.0
0.0,0.17673923,0.0
1.0,0.9735762,1.0
0.0,0.005216665,0.0
1.0,0.42913705,0.0
1.0,0.94482416,1.0
0.0,0.68172055,1.0
1.0,0.40204427,0.0
0.0,0.44864634,0.0
0.0,0.56752545,1.0
0.0,0.17838566,0.0
1.0,0.66584617,1.0
0.0,0.110788055,0.0
0.0,0.36868608,0.0
0.0,0.2844031,0.0
1.0,0.9133412,1.0
1.0,0.9310497,1.0
1.0,0.7005706,1.0
0.0,0.40294874,0.0
1.0,0.99266523,1.0
0.0,0.14995307,0.0
1.0,0.45350054,0.0
1.0,0.230503,0.0
0.0,0.42076278,0.0
0.0,0.07721417,0.0
0.0,0.14732549,0.0
1.0,0.32451525,0.0
1.0,0.62288713,1.0
0.0,0.11627582,0.0
0.0,0.41869062,0.0
0.0,0.36562306,0.0
0.0,0.33624318,0.0
1.0,0.8456652,1.0
1.0,0.42450553,0.0
0.0,0.27612987,0.0
1.0,0.7165552,1.0
1.0,0.44309223,0.0
0.0,0.23377217,0.0
1.0,0.9135744,1.0
0.0,0.3110991,0.0
1.0,0.94528985,1.0
0.0,0.517838,1.0
0.0,0.66773576,1.0
1.0,0.84689,1.0
1.0,0.34501234,0.0
1.0,0.65592664,1.0
1.0,0.8613429,1.0
1.0,0.9794256,1.0
0.0,0.3362148,0.0
1.0,0.75343066,1.0
1.0,0.9254263,1.0
1.0,0.32010055,0.0
1.0,0.88199496,1.0
0.0,0.41062656,0.0
1.0,0.5928219,1.0
1.0,0.7689489,1.0
1.0,0.44068706,0.0
1.0,0.76378113,1.0
0.0,0.34590915,0.0
1.0,0.28390318,0.0
0.0,0.27011973,0.0
1.0,0.85293025,1.0
0.0,0.003971332,0.0
0.0,0.45965263,0.0
1.0,0.93995905,1.0
1.0,0.15230736,0.0
1.0,0.35795164,0.0
1.0,0.40257877,0.0
0.0,0.10079776,0.0
1.0,0.9939399,1.0
0.0,0.20307186,0.0
1.0,0.29979667,0.0
0.0,0.25952917,0.0
0.0,0.04197748,0.0
1.0,0.764885,1.0
0.0,0.4364145,0.0
0.0,0.29817525,0.0
1.0,0.2821512,0.0
0.0,0.105226986,0.0
1.0,0.4014785,0.0
1.0,0.1298173,0.0
1.0,0.6273549,1.0
1.0,0.4426,0.0
0.0,0.22443418,0.0
0.0,0.29947674,0.0
1.0,0.9453206,1.0
0.0,0.15022056,0.0
0.0,0.21288596,0.0
0.0,0.1800508,0.0
1.0,0.25234717,0.0
0.0,0.2397143,0.0
0.0,0.3404891,0.0
0.0,0.34613508,0.0
0.0,0.40583086,0.0
0.0,0.5888426,1.0
0.0,0.3006778,0.0
1.0,0.7966753,1.0
1.0,0.79062194,1.0
1.0,0.79796,1.0
1.0,0.38129523,0.0
0.0,0.4459678,0.0
0.0,0.30108118,0.0
0.0,0.26498604,0.0
1.0,0.40126574,0.0
0.0,0.28775513,0.0
1.0,0.95921284,1.0
0.0,0.054530215,0.0
1.0,0.37312672,0.0
0.0,0.46730897,0.0
0.0,0.23217867,0.0
1.0,0.82930696,1.0
1.0,0.74172455,1.0
0.0,0.59560394,1.0
1.0,0.8897037,1.0
0.0,0.38919547,0.0
1.0,0.6800422,1.0
1.0,0.83943516,1.0
0.0,0.30440232,0.0
1.0,0.33008584,0.0
0.0,0.35090196,0.0
0.0,0.2414178,0.0
0.0,0.0075495024,0.0
0.0,0.32811257,0.0
1.0,0.48263457,0.0
0.0,0.34075898,0.0
1.0,0.90426296,1.0
0.0,0.03267715,0.0
1.0,0.82723355,1.0
1.0,0.76091915,1.0
1.0,0.38667643,0.0
1.0,0.44499317,0.0
0.0,0.89096797,1.0
0.0,0.58188504,1.0
0.0,0.38686618,0.0
0.0,0.24972898,0.0
0.0,0.6664147,1.0
0.0,0.08523149,0.0
1.0,0.975227,1.0
1.0,0.031807076,0.0
1.0,0.92890453,1.0
0.0,0.25160882,0.0
1.0,0.97359926,1.0
0.0,0.24621555,0.0
0.0,0.9621862,1.0
0.0,0.14814489,0.0
1.0,0.9259115,1.0
1.0,0.6039086,1.0
0.0,0.0037906722,0.0
1.0,0.44661254,0.0
1.0,0.83184636,1.0
1.0,0.91389275,1.0
1.0,0.94010484,1.0
1.0,0.7907446,1.0
0.0,0.37074393,0.0
1.0,0.8855951,1.0
1.0,0.96148527,1.0
1.0,0.4355863,0.0
0.0,0.2948523,0.0
0.0,0.39560366,0.0
1.0,0.24058768,0.0
0.0,0.04743528,0.0
0.0,0.6428049,1.0
0.0,0.21841009,0.0
1.0,0.507113,1.0
1.0,0.70976686,1.0
0.0,0.31403923,0.0
1.0,0.92246866,1.0
0.0,0.65612644,1.0
0.0,0.28148434,0.0
1.0,0.60508704,1.0
0.0,0.104989186,0.0
0.0,0.30294108,0.0
1.0,0.32315633,0.0
0.0,0.29860353,0.0
0.0,0.32562754,0.0
0.0,0.22697261,0.0
0.0,0.29166055,0.0
0.0,0.14206913,0.0
0.0,0.23108649,0.0
0.0,0.026349833,0.0
1.0,0.83412623,1.0
0.0,0.29063332,0.0
0.0,0.22135647,0.0
1.0,0.30200937,0.0
1.0,0.80227154,1.0
0.0,0.4537481,0.0
1.0,0.52470285,1.0
1.0,0.5768112,1.0
0.0,0.5009164,1.0
1.0,0.90074766,1.0
1.0,0.87376636,1.0
0.0,0.22871916,0.0
0.0,0.52610993,1.0
0.0,0.3945072,0.0
1.0,0.9524488,1.0
1.0,0.23524101,0.0
0.0,0.01416492,0.0
1.0,0.5298109,1.0
0.0,0.28572807,0.0
0.0,0.359996,0.0
0.0,0.14564627,0.0
1.0,0.44193226,0.0
0.0,0.11753357,0.0
0.0,0.32678595,0.0
0.0,0.45124972,0.0
0.0,0.084397145,0.0
1.0,0.66339266,1.0
0.0,0.56489706,1.0
0.0,0.058354482,0.0
1.0,0.6778999,1.0
1.0,0.9461448,1.0
1.0,0.8240105,1.0
1.0,0.84030217,1.0
1.0,0.9805501,1.0
1.0,0.9065305,1.0
0.0,0.3069341,0.0
0.0,0.11009638,0.0
0.0,0.060275666,0.0
0.0,0.72376007,1.0
1.0,0.37511292,0.0
0.0,0.31236103,0.0
1.0,0.397619,0.0
0.0,0.54681826,1.0
0.0,0.08251452,0.0
0.0,0.40176156,0.0
0.0,0.54913384,1.0
1.0,0.9885693,1.0
0.0,0.43046358,0.0
1.0,0.7281674,1.0
1.0,0.2081787,0.0
1.0,0.9314839,1.0
0.0,0.27586332,0.0
0.0,0.6039826,1.0
1.0,0.66920716,1.0
0.0,0.0063183275,0.0
0.0,0.35597008,0.0
0.0,0.27607122,0.0
0.0,0.4795594,0.0
0.0,0.15940699,0.0
0.0,0.14448096,0.0
0.0,0.20227453,0.0
1.0,0.9531412,1.0
1.0,0.42466065,0.0
0.0,0.40013325,0.0
1.0,0.96712595,1.0
0.0,0.04774911,0.0
0.0,0.050653987,0.0
1.0,0.8547056,1.0
0.0,0.17099173,0.0
1.0,0.8167915,1.0
0.0,0.29879555,0.0
0.0,0.70231044,1.0
1.0,0.37969324,0.0
0.0,0.304134,0.0
0.0,0.44320998,0.0
1.0,0.9043004,1.0
0.0,0.1732014,0.0
1.0,0.4947984,0.0
0.0,0.2338153,0.0
0.0,0.19379012,0.0
0.0,0.20426966,0.0
0.0,0.16161665,0.0
1.0,0.9448616,1.0
0.0,0.17675284,0.0
0.0,0.26556915,0.0
0.0,0.26693976,0.0
1.0,0.54862946,1.0
0.0,0.3945966,0.0
1.0,0.73295623,1.0
1.0,0.96969026,1.0
1.0,0.49730003,0.0
0.0,0.022780547,0.0
1.0,0.28096607,0.0
0.0,0.33308095,0.0
1.0,0.57471156,1.0
0.0,0.47596338,0.0
1.0,0.70907575,1.0
0.0,0.42473286,0.0
0.0,0.67804444,1.0
1.0,0.931799,1.0
1.0,0.6438261,1.0
0.0,0.40884283,0.0
0.0,0.36034548,0.0
1.0,0.33902258,0.0
0.0,0.41411665,0.0
0.0,0.35413894,0.0
1.0,0.8823909,1.0
0.0,0.25072968,0.0
1.0,0.9620063,1.0
0.0,0.24021925,0.0
0.0,0.84238315,1.0
0.0,0.627132,1.0
0.0,0.028493082,0.0
1.0,0.4794715,0.0
1.0,0.8281106,1.0
1.0,0.9528279,1.0
0.0,0.10722784,0.0
1.0,0.32233956,0.0
1.0,0.77767247,1.0
0.0,0.2839063,0.0
0.0,0.11023649,0.0
1.0,0.9559117,1.0
1.0,0.43728274,0.0
1.0,0.9804683,1.0
0.0,0.13117434,0.0
1.0,0.35241336,0.0
1.0,0.85041565,1.0
0.0,0.22167099,0.0
1.0,0.3823042,0.0
0.0,0.20831656,0.0
1.0,0.61438316,1.0
1.0,0.3864126,0.0
0.0,0.56267947,1.0
1.0,0.7591973,1.0
1.0,0.7859855,1.0
0.0,0.24735282,0.0
1.0,0.06571287,0.0
0.0,0.65418315,1.0
0.0,0.20134497,0.0
1.0,0.5951368,1.0
0.0,0.3155591,0.0
0.0,0.22473082,0.0
0.0,0.11227234,0.0
0.0,0.42448628,0.0
1.0,0.9756453,1.0
0.0,0.064167045,0.0
0.0,0.29059136,0.0
1.0,0.4775504,0.0
1.0,0.24697143,0.0
1.0,0.44131094,0.0
0.0,0.063807204,0.0
0.0,0.32033235,0.0
0.0,0.18395081,0.0
0.0,0.22875777,0.0
0.0,0.50045687,1.0
0.0,0.8210504,1.0
0.0,0.100568146,0.0
1.0,0.31902727,0.0
1.0,0.3159156,0.0
1.0,0.40710664,0.0
1.0,0.8371341,1.0
1.0,0.9749025,1.0
0.0,0.36401626,0.0
1.0,0.75435495,1.0
1.0,0.6568709,1.0
1.0,0.3487214,0.0
0.0,0.58746034,1.0
1.0,0.8838353,1.0
1.0,0.4409728,0.0
0.0,0.4484169,0.0
1.0,0.7407654,1.0
1.0,0.27400336,0.0
0.0,0.32365838,0.0
0.0,0.025038257,0.0
1.0,0.35549155,0.0
1.0,0.8044967,1.0
1.0,0.81284505,1.0
0.0,0.14791559,0.0
1.0,0.988049,1.0
1.0,0.8736954,1.0
0.0,0.01937878,0.0
1.0,0.88122296,1.0
1.0,0.6985003,1.0
0.0,0.40030128,0.0
1.0,0.6195626,1.0
0.0,0.30324113,0.0
1.0,0.18878426,0.0
1.0,0.99458236,1.0
1.0,0.2602564,0.0
0.0,0.99457633,1.0
1.0,0.590696,1.0
0.0,0.66291887,1.0
1.0,0.44228965,0.0
1.0,0.93087286,1.0
0.0,0.056223102,0.0
0.0,0.37437233,0.0
1.0,0.9825434,1.0
1.0,0.5010153,1.0
0.0,0.8108369,1.0
1.0,0.35050932,0.0
1.0,0.9597201,1.0
1.0,0.82868826,1.0
1.0,0.95426446,1.0
0.0,0.22881538,0.0
0.0,0.6131669,1.0
0.0,0.43813702,0.0
0.0,0.43052176,0.0
1.0,0.6393802,1.0
1.0,0.25935286,0.0
1.0,0.55014616,1.0
1.0,0.6128314,1.0
0.0,0.10016435,0.0
0.0,0.67743975,1.0
0.0,0.04522419,0.0
1.0,0.95004797,1.0
0.0,0.38674012,0.0
0.0,0.47541094,0.0
1.0,0.17956509,0.0
0.0,0.39934188,0.0
0.0,0.92437136,1.0
1.0,0.54110026,1.0
1.0,0.33079192,0.0
1.0,0.2924107,0.0
1.0,0.8589308,1.0
1.0,0.523902,1.0
0.0,0.23952648,0.0
1.0,0.9131646,1.0
0.0,0.09870319,0.0
0.0,0.8661635,1.0
0.0,0.5492777,1.0
0.0,0.039644632,0.0
1.0,0.27951288,0.0
0.0,0.35139492,0.0
0.0,0.2834238,0.0
0.0,0.2969178,0.0
1.0,0.9169425,1.0
1.0,0.40375572,0.0
1.0,0.7159504,1.0
1.0,0.47978804,0.0
1.0,0.88408643,1.0
0.0,0.24962942,0.0
0.0,0.2940424,0.0
0.0,0.03133853,0.0
0.0,0.12570561,0.0
1.0,0.13358665,0.0
1.0,0.4754485,0.0
0.0,0.20772423,0.0
0.0,0.21185173,0.0
0.0,0.085354015,0.0
0.0,0.53971076,1.0
1.0,0.5791554,1.0
1.0,0.27660075,0.0
1.0,0.46067762,0.0
1.0,0.35340625,0.0
1.0,0.863999,1.0
1.0,0.9140304,1.0
0.0,0.7612561,1.0
0.0,0.21195985,0.0
1.0,0.7047924,1.0
1.0,0.99100727,1.0
0.0,0.5683881,1.0
1.0,0.8654459,1.0
0.0,0.8263975,1.0
0.0,0.079342075,0.0
1.0,0.5969349,1.0
1.0,0.82730705,1.0
1.0,0.69675314,1.0
0.0,0.44702408,0.0
1.0,0.080534555,0.0
1.0,0.2100411,0.0
0.0,0.42364928,0.0
1.0,0.5230064,1.0
0.0,0.24447814,0.0
0.0,0.23824331,0.0
1.0,0.9278123,1.0
0.0,0.34002915,0.0
1.0,0.8534917,1.0
0.0,0.013810509,0.0
0.0,0.04237781,0.0
0.0,0.25310704,0.0
0.0,0.7246651,1.0
1.0,0.93552524,1.0
0.0,0.2087573,0.0
1.0,0.9916106,1.0
1.0,0.6764646,1.0
0.0,0.42510048,0.0
1.0,0.7720104,1.0
0.0,0.007299014,0.0
0.0,0.2271441,0.0
1.0,0.873448,1.0
0.0,0.38467917,0.0
1.0,0.6371409,1.0
0.0,0.16406064,0.0
0.0,0.29536745,0.0
0.0,0.8077386,1.0
0.0,0.36081755,0.0
0.0,0.33890527,0.0
1.0,0.9849304,1.0
0.0,0.0050465562,0.0
1.0,0.1975059,0.0
1.0,0.9454418,1.0
1.0,0.47017992,0.0
1.0,0.7727276,1.0
1.0,0.46589783,0.0
0.0,0.21603848,0.0
1.0,0.5464836,1.0
1.0,0.51790553,1.0
1.0,0.21153578,0.0
1.0,0.85807735,1.0
1.0,0.43307576,0.0
0.0,0.35883477,0.0
1.0,0.9217415,1.0
1.0,0.3570064,0.0
0.0,0.71247494,1.0
1.0,0.8728136,1.0
0.0,0.3159415,0.0
1.0,0.5686594,1.0
0.0,0.089683436,0.0
1.0,0.97452945,1.0
0.0,0.0047968053,0.0
0.0,0.35314792,0.0
1.0,0.88963777,1.0
1.0,0.16659363,0.0
0.0,0.028841589,0.0
0.0,0.6257408,1.0
0.0,0.7990365,1.0
0.0,0.36237064,0.0
1.0,0.47394282,0.0
0.0,0.14541894,0.0
0.0,0.42673865,0.0
1.0,0.39471447,0.0
0.0,0.2937747,0.0
0.0,0.42235675,0.0
1.0,0.61150426,1.0
0.0,0.09913821,0.0
0.0,0.30357203,0.0
1.0,0.7971257,1.0
0.0,0.24471264,0.0
1.0,0.6708532,1.0
0.0,0.19316666,0.0
0.0,0.09418954,0.0
0.0,0.15839404,0.0
1.0,0.88838816,1.0
0.0,0.38236368,0.0
1.0,0.9860534,1.0
0.0,0.38000235,0.0
1.0,0.6743463,1.0
1.0,0.97562873,1.0
1.0,0.8894817,1.0
1.0,0.97928864,1.0
1.0,0.9617727,1.0
0.0,0.32377556,0.0
1.0,0.8567998,1.0
0.0,0.21705914,0.0
1.0,0.6586787,1.0
0.0,0.15879373,0.0
0.0,0.48870605,0.0
1.0,0.52930087,1.0
0.0,0.14571853,0.0
0.0,0.38788489,0.0
1.0,0.29600602,0.0
1.0,0.28517938,0.0
1.0,0.9884107,1.0
1.0,0.64747846,1.0
1.0,0.7007619,1.0
0.0,0.36217558,0.0
0.0,0.31865412,0.0
0.0,0.096998535,0.0
1.0,0.24460468,0.0
0.0,0.12091137,0.0
0.0,0.6274879,1.0
0.0,0.16879816,0.0
0.0,0.7345872,1.0
0.0,0.44893625,0.0
0.0,0.54364836,1.0
1.0,0.8892051,1.0
1.0,0.9605932,1.0
1.0,0.3410169,0.0
0.0,0.075590774,0.0
1.0,0.96208733,1.0
1.0,0.792824,1.0
0.0,0.18417211,0.0
0.0,0.11956863,0.0
0.0,0.2109002,0.0
1.0,0.711994,1.0
1.0,0.9884574,1.0
0.0,0.18515629,0.0
1.0,0.77374136,1.0
0.0,0.040314663,0.0
0.0,0.34460083,0.0
1.0,0.9939919,1.0
1.0,0.6549195,1.0
1.0,0.88234746,1.0
1.0,0.2943709,0.0
0.0,0.4214897,0.0
1.0,0.37145603,0.0
1.0,0.3197958,0.0
0.0,0.79719347,1.0
0.0,0.13356444,0.0
0.0,0.25228533,0.0
1.0,0.9414307,1.0
1.0,0.9473137,1.0
0.0,0.4783724,0.0
1.0,0.9917938,1.0
1.0,0.33515093,0.0
0.0,0.6071996,1.0
0.0,0.053130344,0.0
1.0,0.46934474,0.0
0.0,0.3507072,0.0
0.0,0.7639498,1.0
0.0,0.38519865,0.0
0.0,0.86070746,1.0
0.0,0.29691678,0.0
0.0,0.21873987,0.0
0.0,0.6958254,1.0
1.0,0.9817722,1.0
0.0,0.10339502,0.0
0.0,0.22068422,0.0
1.0,0.80602676,1.0
1.0,0.77648413,1.0
0.0,0.41376334,0.0
1.0,0.53439796,1.0
0.0,0.025113307,0.0
0.0,0.22762783,0.0
1.0,0.5706016,1.0
0.0,0.26447842,0.0
1.0,0.6955758,1.0
0.0,0.54701334,1.0
0.0,0.015434318,0.0
0.0,0.21468411,0.0
0.0,0.5481309,1.0
1.0,0.49637216,0.0
0.0,0.12096914,0.0
1.0,0.52011424,1.0
1.0,0.3897361,0.0
0.0,0.49445027,0.0
1.0,0.97988063,1.0
0.0,0.14507455,0.0
0.0,0.39197403,0.0
1.0,0.81681114,1.0
0.0,0.21793659,0.0
0.0,0.37254083,0.0
0.0,0.24231315,0.0
1.0,0.6774548,1.0
1.0,0.99246854,1.0
0.0,0.33124855,0.0
1.0,0.47676197,0.0
0.0,0.23158385,0.0
1.0,0.33682984,0.0
1.0,0.30973867,0.0
0.0,0.007305146,0.0
1.0,0.33792746,0.0
1.0,0.7983679,1.0
1.0,0.65953547,1.0
1.0,0.72563523,1.0
1.0,0.6477296,1.0
1.0,0.46746045,0.0
1.0,0.5155875,1.0
1.0,0.95752656,1.0
0.0,0.481086,0.0
0.0,0.011778393,0.0
1.0,0.34795073,0.0
0.0,0.36725357,0.0
1.0,0.46250042,0.0
0.0,0.61422706,1.0
0.0,0.33538288,0.0
0.0,0.10826583,0.0
1.0,0.65296435,1.0
0.0,0.7557336,1.0
0.0,0.33942303,0.0
1.0,0.8337392,1.0
1.0,0.6512395,1.0
0.0,0.483365,0.0
0.0,0.45709464,0.0
1.0,0.94894207,1.0
1.0,0.72822964,1.0
1.0,0.88802695,1.0
0.0,0.2523494,0.0
0.0,0.4532169,0.0
0.0,0.018575937,0.0
1.0,0.7794202,1.0
0.0,0.3400655,0.0
0.0,0.3821029,0.0
0.0,0.3216566,0.0
0.0,0.16976373,0.0
1.0,0.9560384,1.0
1.0,0.6737507,1.0
0.0,0.07449428,0.0
1.0,0.14021836,0.0
1.0,0.612437,1.0
1.0,0.87211436,1.0
0.0,0.06411521,0.0
0.0,0.4451774,0.0
0.0,0.28288808,0.0
1.0,0.6547213,1.0
0.0,0.051221512,0.0
1.0,0.80151445,1.0
1.0,0.6289652,1.0
0.0,0.7962126,1.0
1.0,0.7984962,1.0
0.0,0.63631344,1.0
0.0,0.15032166,0.0
1.0,0.97154534,1.0
0.0,0.15250656,0.0
1.0,0.42609522,0.0
0.0,0.6393887,1.0
1.0,0.71324617,1.0
0.0,0.09365354,0.0
0.0,0.24868126,0.0
0.0,0.633613,1.0
0.0,0.37867013,0.0
0.0,0.30101895,0.0
0.0,0.2681923,0.0
1.0,0.8980266,1.0
1.0,0.52299863,1.0
0.0,0.039774057,0.0
0.0,0.29763156,0.0
0.0,0.38508716,0.0
0.0,0.2535108,0.0
0.0,0.75930285,1.0
1.0,0.5510387,1.0
0.0,0.37064552,0.0
1.0,0.7590629,1.0
1.0,0.695679,1.0
0.0,0.21397774,0.0
1.0,0.40843573,0.0
1.0,0.7225808,1.0
1.0,0.8121148,1.0
1.0,0.8203296,1.0
1.0,0.5090517,1.0
0.0,0.41160214,0.0
0.0,0.047965474,0.0
0.0,0.24892558,0.0
0.0,0.48807493,0.0
1.0,0.63467234,1.0
0.0,0.019522535,0.0
1.0,0.65204203,1.0
0.0,0.032168187,0.0
0.0,0.3337791,0.0
0.0,0.35616595,0.0
1.0,0.9075319,1.0
0.0,0.22226301,0.0
0.0,0.17033775,0.0
0.0,0.43136203,0.0
0.0,0.65904343,1.0
1.0,0.5764315,1.0
0.0,0.022912152,0.0
1.0,0.45785296,0.0
0.0,0.6673441,1.0
0.0,0.55243903,1.0
1.0,0.9894734,1.0
1.0,0.8657311,1.0
1.0,0.81216174,1.0
1.0,0.3067067,0.0
0.0,0.44033727,0.0
1.0,0.64831054,1.0
0.0,0.32645404,0.0
1.0,0.34882534,0.0
0.0,0.2031491,0.0
1.0,0.49436682,0.0
1.0,0.8004282,1.0
0.0,0.28831363,0.0
0.0,0.11451672,0.0
1.0,0.8137759,1.0
0.0,0.77749926,1.0
1.0,0.47835895,0.0
1.0,0.9869262,1.0
1.0,0.53156507,1.0
0.0,0.39446738,0.0
1.0,0.5700487,1.0
1.0,0.76726305,1.0
0.0,0.3170029,0.0
1.0,0.5246157,1.0
0.0,0.0047531333,0.0
0.0,0.41472706,0.0
0.0,0.034264825,0.0
0.0,0.0063514067,0.0
1.0,0.931595,1.0
0.0,0.1192962,0.0
1.0,0.9490009,1.0
0.0,0.5598228,1.0
0.0,0.33549646,0.0
0.0,0.41196737,0.0
1.0,0.86676294,1.0
1.0,0.11960594,0.0
1.0,0.49720383,0.0
0.0,0.4486546,0.0
0.0,0.0037256817,0.0
0.0,0.4168898,0.0
0.0,0.44817987,0.0
1.0,0.95136786,1.0
0.0,0.23998822,0.0
1.0,0.6285281,1.0
1.0,0.98727113,1.0
1.0,0.37099758,0.0
1.0,0.59386146,1.0
1.0,0.9907458,1.0
1.0,0.29193196,0.0
0.0,0.22591415,0.0
1.0,0.712513,1.0
1.0,0.88299966,1.0
0.0,0.22743389,0.0
0.0,0.17368674,0.0
1.0,0.6184846,1.0
1.0,0.5839771,1.0
0.0,0.6421912,1.0
0.0,0.3541554,0.0
0.0,0.32628897,0.0
0.0,0.76643515,1.0
0.0,0.33529618,0.0
0.0,0.062828295,0.0
0.0,0.8164025,1.0
0.0,0.328122,0.0
1.0,0.3330713,0.0
1.0,0.49424297,0.0
1.0,0.83717173,1.0
1.0,0.964594,1.0
0.0,0.3539369,0.0
1.0,0.9848573,1.0
0.0,0.42262307,0.0
1.0,0.42630145,0.0
0.0,0.14168185,0.0
1.0,0.36477625,0.0
0.0,0.44286472,0.0
1.0,0.42023188,0.0
0.0,0.3238695,0.0
1.0,0.29367664,0.0
0.0,0.44965264,0.0
0.0,0.34717852,0.0
0.0,0.22418365,0.0
1.0,0.8230021,1.0
0.0,0.004266901,0.0
0.0,0.7611777,1.0
1.0,0.8562291,1.0
0.0,0.46166793,0.0
0.0,0.13053703,0.0
1.0,0.9798202,1.0
0.0,0.812858,1.0
0.0,0.63262504,1.0
0.0,0.042388078,0.0
1.0,0.094447955,0.0
1.0,0.97291166,1.0
0.0,0.094289206,0.0
0.0,0.10815956,0.0
1.0,0.33669987,0.0
0.0,0.17853835,0.0
0.0,0.7403574,1.0
0.0,0.39309904,0.0
0.0,0.0032801162,0.0
0.0,0.24285516,0.0
1.0,0.98562324,1.0
1.0,0.47288516,0.0
0.0,0.2023357,0.0
0.0,0.035875276,0.0
0.0,0.008678775,0.0
0.0,0.23683506,0.0
0.0,0.7660996,1.0
0.0,0.5296532,1.0
0.0,0.009671733,0.0
1.0,0.7383201,1.0
0.0,0.21350491,0.0
0.0,0.18725753,0.0
0.0,0.08186633,0.0
1.0,0.46217102,0.0
1.0,0.63128155,1.0
0.0,0.25493583,0.0
1.0,0.64287025,1.0
1.0,0.5293924,1.0
0.0,0.11833964,0.0
1.0,0.9129454,1.0
0.0,0.37230632,0.0
0.0,0.11058493,0.0
1.0,0.4700674,0.0
0.0,0.3829552,0.0
1.0,0.91122305,1.0
1.0,0.20019563,0.0
1.0,0.43637747,0.0
1.0,0.83684057,1.0
1.0,0.9136263,1.0
0.0,0.5051797,1.0
1.0,0.31876978,0.0
1.0,0.8812441,1.0
1.0,0.895993,1.0
0.0,0.3383872,0.0
0.0,0.32114795,0.0
0.0,0.039212275,0.0
0.0,0.6966136,1.0
0.0,0.4049544,0.0
1.0,0.608121,1.0
1.0,0.42968202,0.0
1.0,0.60038966,1.0
1.0,0.19807337,0.0
0.0,0.38895607,0.0
1.0,0.44971448,0.0
1.0,0.43045282,0.0
0.0,0.065888904,0.0
0.0,0.0049673617,0.0
0.0,0.13298513,0.0
1.0,0.8170594,1.0
1.0,0.91617745,1.0
1.0,0.91037554,1.0
1.0,0.19988547,0.0
0.0,0.2791441,0.0
1.0,0.9764168,1.0
1.0,0.7172148,1.0
0.0,0.3293123,0.0
1.0,0.93130887,1.0
1.0,0.91121453,1.0
1.0,0.99113524,1.0
0.0,0.32682332,0.0
0.0,0.33152527,0.0
1.0,0.6080102,1.0
0.0,0.5398353,1.0
1.0,0.3563559,0.0
0.0,0.40335742,0.0
0.0,0.4399528,0.0
1.0,0.9762123,1.0
1.0,0.9831293,1.0
1.0,0.7940852,1.0
0.0,0.4109309,0.0
1.0,0.43812364,0.0
0.0,0.8439723,1.0
1.0,0.28679618,0.0
1.0,0.7559993,1.0
0.0,0.27009562,0.0
0.0,0.19048887,0.0
1.0,0.84361684,1.0
1.0,0.6383971,1.0
0.0,0.6404614,1.0
1.0,0.5716722,1.0
0.0,0.12791155,0.0
0.0,0.24872869,0.0
0.0,0.81349725,1.0
0.0,0.3993149,0.0
1.0,0.65307003,1.0
1.0,0.6187127,1.0
0.0,0.63954747,1.0
1.0,0.59385216,1.0
1.0,0.42038888,0.0
1.0,0.1854222,0.0
0.0,0.029501785,0.0
1.0,0.7215431,1.0
0.0,0.29782203,0.0
0.0,0.6685996,1.0
1.0,0.51659596,1.0
0.0,0.57766837,1.0
1.0,0.3974702,0.0
1.0,0.9849673,1.0
0.0,0.14408553,0.0
1.0,0.70011663,1.0
1.0,0.12835822,0.0
1.0,0.83258295,1.0
1.0,0.824421,1.0
0.0,0.14319251,0.0
0.0,0.07841823,0.0
1.0,0.35052264,0.0
0.0,0.12398764,0.0
1.0,0.95738703,1.0
1.0,0.75617623,1.0
0.0,0.16235176,0.0
0.0,0.3135431,0.0
0.0,0.33493447,0.0
1.0,0.62214005,1.0
1.0,0.8426413,1.0
0.0,0.29367942,0.0
0.0,0.38378888,0.0
1.0,0.53187686,1.0
0.0,0.50180715,1.0
1.0,0.34094006,0.0
0.0,0.38855526,0.0
0.0,0.12407937,0.0
1.0,0.8676802,1.0
1.0,0.5121427,1.0
1.0,0.80184454,1.0
0.0,0.2144086,0.0
0.0,0.5538601,1.0
0.0,0.19268051,0.0
0.0,0.3407076,0.0
0.0,0.025012188,0.0
1.0,0.15615053,0.0
1.0,0.624798,1.0
0.0,0.05766842,0.0
1.0,0.35809955,0.0
0.0,0.8913302,1.0
1.0,0.8075879,1.0
1.0,0.629418,1.0
1.0,0.53611517,1.0
1.0,0.95958537,1.0
1.0,0.38806748,0.0
0.0,0.7006065,1.0
0.0,0.18148948,0.0
0.0,0.7106381,1.0
0.0,0.25645757,0.0
0.0,0.3146857,0.0
1.0,0.6584265,1.0
0.0,0.39282286,0.0
0.0,0.52873397,1.0
0.0,0.09075679,0.0
0.0,0.052983437,0.0
1.0,0.71595424,1.0
1.0,0.37675303,0.0
0.0,0.07549462,0.0
0.0,0.35137615,0.0
0.0,0.52124363,1.0
1.0,0.44012493,0.0
0.0,0.5917657,1.0
1.0,0.9718962,1.0
1.0,0.91841006,1.0
1.0,0.6792837,1.0
1.0,0.34472066,0.0
0.0,0.5189706,1.0
1.0,0.4874726,0.0
1.0,0.1344307,0.0
1.0,0.79493773,1.0
1.0,0.056641955,0.0
0.0,0.6407454,1.0
0.0,0.4053601,0.0
1.0,0.9288742,1.0
1.0,0.6562813,1.0
1.0,0.51524276,1.0
1.0,0.59080136,1.0
0.0,0.31512022,0.0
0.0,0.6788768,1.0
1.0,0.8904847,1.0
0.0,0.07290109,0.0
1.0,0.16272923,0.0
1.0,0.7060159,1.0
0.0,0.4519249,0.0
1.0,0.95267767,1.0
0.0,0.63922095,1.0
0.0,0.03264595,0.0
1.0,0.4211173,0.0
1.0,0.8317594,1.0
0.0,0.17713465,0.0
0.0,0.056838255,0.0
1.0,0.68768203,1.0
1.0,0.6430631,1.0
0.0,0.3025573,0.0
1.0,0.35351223,0.0
0.0,0.007328642,0.0
0.0,0.79329413,1.0
1.0,0.32759124,0.0
0.0,0.36134118,0.0
0.0,0.36739036,0.0
0.0,0.16127282,0.0
1.0,0.74153966,1.0
1.0,0.89994985,1.0
1.0,0.7201221,1.0
1.0,0.21586722,0.0
0.0,0.10015238,0.0
0.0,0.42050982,0.0
1.0,0.87409604,1.0
0.0,0.45362982,0.0
1.0,0.09736453,0.0
1.0,0.85407305,1.0
1.0,0.68992823,1.0
0.0,0.3134217,0.0
0.0,0.21911392,0.0
1.0,0.32587102,0.0
0.0,0.48453516,0.0
0.0,0.09889354,0.0
0.0,0.18813698,0.0
1.0,0.19176832,0.0
0.0,0.57584333,1.0
1.0,0.27372593,0.0
0.0,0.35350356,0.0
1.0,0.32258767,0.0
1.0,0.40845186,0.0
0.0,0.052099243,0.0
1.0,0.39267626,0.0
1.0,0.82208323,1.0
0.0,0.25359008,0.0
0.0,0.31646577,0.0
1.0,0.57897675,1.0
0.0,0.32380578,0.0
1.0,0.97691333,1.0
0.0,0.8958854,1.0
1.0,0.99103373,1.0
1.0,0.6920964,1.0
0.0,0.36415774,0.0
0.0,0.14281948,0.0
0.0,0.28814778,0.0
1.0,0.15246454,0.0
1.0,0.85911274,1.0
1.0,0.47003978,0.0
1.0,0.97153556,1.0
0.0,0.3996157,0.0
1.0,0.83459693,1.0
1.0,0.5472023,1.0
0.0,0.0050299983,0.0
0.0,0.08847895,0.0
1.0,0.73954755,1.0
1.0,0.60961145,1.0
1.0,0.71822125,1.0
0.0,0.14749935,0.0
0.0,0.37177587,0.0
1.0,0.29951227,0.0
1.0,0.097828425,0.0
0.0,0.0483028,0.0
1.0,0.96290964,1.0
0.0,0.043857474,0.0
1.0,0.923325,1.0
0.0,0.34390923,0.0
1.0,0.7009662,1.0
1.0,0.61121017,1.0
0.0,0.12620884,0.0
1.0,0.7519213,1.0
1.0,0.60942847,1.0
1.0,0.79510266,1.0
0.0,0.6877726,1.0
0.0,0.20938471,0.0
1.0,0.28705272,0.0
1.0,0.961135,1.0
1.0,0.7109327,1.0
0.0,0.4167584,0.0
1.0,0.27007955,0.0
0.0,0.20424403,0.0
0.0,0.36287144,0.0
1.0,0.9095783,1.0
0.0,0.36728066,0.0
0.0,0.47894993,0.0
1.0,0.7898762,1.0
0.0,0.047026724,0.0
0.0,0.14841565,0.0
0.0,0.2783529,0.0
0.0,0.8963427,1.0
0.0,0.14399996,0.0
1.0,0.23755428,0.0
1.0,0.32746267,0.0
0.0,0.7914256,1.0
0.0,0.014389557,0.0
1.0,0.580512,1.0
0.0,0.19090897,0.0
1.0,0.3112022,0.0
0.0,0.03346433,0.0
0.0,0.3781514,0.0
1.0,0.90502304,1.0
1.0,0.2071724,0.0
0.0,0.35587907,0.0
1.0,0.75235784,1.0
0.0,0.23212712,0.0
0.0,0.28826684,0.0
1.0,0.92799604,1.0
1.0,0.9686479,1.0
1.0,0.9663588,1.0
0.0,0.20048219,0.0
1.0,0.95643944,1.0
0.0,0.32707033,0.0
1.0,0.4040595,0.0
0.0,0.2197098,0.0
1.0,0.81834704,1.0
1.0,0.4224946,0.0
1.0,0.8001885,1.0
1.0,0.35794362,0.0
0.0,0.4926418,0.0
0.0,0.8621634,1.0
1.0,0.43676317,0.0
1.0,0.66413635,1.0
0.0,0.40033352,0.0
0.0,0.27637953,0.0
0.0,0.010946714,0.0
1.0,0.32600158,0.0
0.0,0.47713017,0.0
0.0,0.6398553,1.0
1.0,0.79900086,1.0
1.0,0.63658327,1.0
1.0,0.31652027,0.0
0.0,0.2877335,0.0
0.0,0.2417094,0.0
0.0,0.171116,0.0
0.0,0.03669709,0.0
0.0,0.3503331,0.0
0.0,0.2770923,0.0
0.0,0.50251013,1.0
1.0,0.9267887,1.0
1.0,0.54767865,1.0
1.0,0.6345928,1.0
0.0,0.36594933,0.0
1.0,0.3488984,0.0
1.0,0.411328,0.0
1.0,0.24576727,0.0
0.0,0.28375518,0.0
0.0,0.24955697,0.0
1.0,0.93204397,1.0
1.0,0.3517298,0.0
0.0,0.4811955,0.0
0.0,0.3208538,0.0
1.0,0.91439384,1.0
0.0,0.0832608,0.0
0.0,0.026177168,0.0
0.0,0.15962464,0.0
0.0,0.16748779,0.0
0.0,0.015101913,0.0
1.0,0.41859195,0.0
1.0,0.24166635,0.0
1.0,0.9905571,1.0
1.0,0.2666211,0.0
0.0,0.71661353,1.0
0.0,0.5081747,1.0
0.0,0.14499553,0.0
0.0,0.26397747,0.0
0.0,0.68282384,1.0
1.0,0.3834044,0.0
0.0,0.22758608,0.0
1.0,0.94957036,1.0
0.0,0.03628292,0.0
0.0,0.43820795,0.0
0.0,0.027921887,0.0
1.0,0.9315163,1.0
1.0,0.60782397,1.0
0.0,0.13602874,0.0
1.0,0.9930131,1.0
1.0,0.44114396,0.0
0.0,0.3055863,0.0
1.0,0.88890076,1.0
0.0,0.694945,1.0
1.0,0.9069193,1.0
1.0,0.76299137,1.0
0.0,0.070848085,0.0
0.0,0.24127515,0.0
1.0,0.9281453,1.0
1.0,0.65852284,1.0
0.0,0.5726631,1.0
1.0,0.31805226,0.0
0.0,0.043399706,0.0
1.0,0.94171387,1.0
1.0,0.9903805,1.0
0.0,0.48297864,0.0
0.0,0.2459547,0.0
0.0,0.10740331,0.0
1.0,0.91701156,1.0
1.0,0.9150821,1.0
0.0,0.77903116,1.0
1.0,0.4963254,0.0
1.0,0.21957684,0.0
0.0,0.07364458,0.0
0.0,0.32553357,0.0
1.0,0.5200487,1.0
0.0,0.14315681,0.0
0.0,0.11549434,0.0
1.0,0.97608805,1.0
0.0,0.118115366,0.0
1.0,0.7580068,1.0
1.0,0.8329034,1.0
1.0,0.6141688,1.0
1.0,0.3927673,0.0
0.0,0.070399046,0.0
0.0,0.10405947,0.0
1.0,0.79419076,1.0
1.0,0.8750207,1.0
1.0,0.67803836,1.0
0.0,0.3556808,0.0
0.0,0.542594,1.0
0.0,0.28618887,0.0
1.0,0.29136282,0.0
1.0,0.42666173,0.0
1.0,0.83164316,1.0
0.0,0.54426074,1.0
1.0,0.5589245,1.0
0.0,0.7282035,1.0
1.0,0.84146327,1.0
1.0,0.614894,1.0
0.0,0.20111623,0.0
1.0,0.41422278,0.0
0.0,0.117028594,0.0
0.0,0.23773007,0.0
0.0,0.454917,0.0
1.0,0.9249152,1.0
1.0,0.94031686,1.0
0.0,0.41320398,0.0
1.0,0.96348554,1.0
0.0,0.84012324,1.0
0.0,0.8186966,1.0
1.0,0.47492048,0.0
1.0,0.97775,1.0
0.0,0.43341416,0.0
0.0,0.18206327,0.0
0.0,0.6554114,1.0
1.0,0.6994015,1.0
0.0,0.61890185,1.0
0.0,0.03700568,0.0
0.0,0.7099357,1.0
0.0,0.35814106,0.0
1.0,0.53424007,1.0
0.0,0.5137207,1.0
0.0,0.021356137,0.0
0.0,0.6127674,1.0
1.0,0.227721,0.0
0.0,0.46838152,0.0
1.0,0.51557016,1.0
0.0,0.18034014,0.0
0.0,0.26025775,0.0
1.0,0.6954916,1.0
0.0,0.42016864,0.0
1.0,0.6470667,1.0
1.0,0.42832503,0.0
1.0,0.56565875,1.0
0.0,0.10371098,0.0
1.0,0.96329886,1.0
0.0,0.37021807,0.0
1.0,0.40549898,0.0
1.0,0.27563345,0.0
0.0,0.3031785,0.0
0.0,0.37127423,0.0
1.0,0.80438757,1.0
1.0,0.31085458,0.0
1.0,0.74686706,1.0
0.0,0.5835498,1.0
0.0,0.25434095,0.0
0.0,0.3447005,0.0
0.0,0.45872843,0.0
0.0,0.096210524,0.0
1.0,0.97858196,1.0
1.0,0.279397,0.0
1.0,0.54310215,1.0
1.0,0.97948533,1.0
0.0,0.21864367,0.0
0.0,0.43077233,0.0
0.0,0.35240212,0.0
1.0,0.2290613,0.0
1.0,0.9864696,1.0
1.0,0.35682303,0.0
0.0,0.29397112,0.0
0.0,0.1869812,0.0
1.0,0.9000103,1.0
0.0,0.017511928,0.0
0.0,0.16180633,0.0
1.0,0.6960692,1.0
