y,probs,preds
0.0,0.14651947,0.0
1.0,0.2380272,0.0
0.0,0.19590317,0.0
0.0,0.1243578,0.0
1.0,0.9979633,1.0
1.0,0.68311536,1.0
1.0,0.8187039,1.0
1.0,0.74667585,1.0
0.0,0.30668628,0.0
0.0,0.2053841,0.0
1.0,0.68127996,1.0
1.0,0.957799,1.0
1.0,0.2607626,0.0
1.0,0.98783666,1.0
1.0,0.8890692,1.0
1.0,0.99685526,1.0
1.0,0.43534097,0.0
0.0,0.21689548,0.0
1.0,0.90689313,1.0
1.0,0.9940591,1.0
0.0,0.21490252,0.0
0.0,0.64107925,1.0
1.0,0.6727709,1.0
0.0,0.45190218,0.0
1.0,0.48027554,0.0
1.0,0.9479083,1.0
0.0,0.6137115,1.0
0.0,0.16832076,0.0
0.0,0.02472661,0.0
0.0,0.048501667,0.0
0.0,0.4026336,0.0
1.0,0.9146461,1.0
0.0,0.62144053,1.0
0.0,0.23976667,0.0
0.0,0.49686933,0.0
1.0,0.5191129,1.0
1.0,0.49618202,0.0
1.0,0.976549,1.0
1.0,0.48421788,0.0
1.0,0.93743104,1.0
1.0,0.13307114,0.0
0.0,0.24208423,0.0
1.0,0.9844471,1.0
0.0,0.09073713,0.0
0.0,0.078946665,0.0
1.0,0.29974818,0.0
1.0,0.9953713,1.0
1.0,0.961264,1.0
0.0,0.014545713,0.0
0.0,0.20513192,0.0
1.0,0.9858257,1.0
0.0,0.085930616,0.0
1.0,0.33391458,0.0
1.0,0.7302183,1.0
0.0,0.26617715,0.0
1.0,0.9813188,1.0
1.0,0.7804511,1.0
0.0,0.21551229,0.0
1.0,0.6723083,1.0
1.0,0.19987503,0.0
1.0,0.37612864,0.0
0.0,0.69621056,1.0
0.0,0.114427544,0.0
0.0,0.4389622,0.0
0.0,0.13552447,0.0
0.0,0.48134655,0.0
1.0,0.89801365,1.0
0.0,0.40352762,0.0
0.0,0.45792493,0.0
1.0,0.3457649,0.0
1.0,0.2374688,0.0
1.0,0.9937058,1.0
1.0,0.9681644,1.0
1.0,0.7308189,1.0
0.0,0.21116948,0.0
0.0,0.14529566,0.0
1.0,0.42797846,0.0
0.0,0.47929972,0.0
0.0,0.26894265,0.0
1.0,0.16937862,0.0
1.0,0.7251149,1.0
1.0,0.401216,0.0
1.0,0.23127314,0.0
1.0,0.64057535,1.0
1.0,0.43963903,0.0
1.0,0.42266062,0.0
1.0,0.82479507,1.0
0.0,0.19666609,0.0
0.0,0.379883,0.0
1.0,0.89221793,1.0
0.0,0.20938487,0.0
0.0,0.30808705,0.0
1.0,0.8902322,1.0
0.0,0.32112885,0.0
0.0,0.14896816,0.0
0.0,0.632374,1.0
0.0,0.55253667,1.0
0.0,0.053871334,0.0
0.0,0.32350445,0.0
1.0,0.2935871,0.0
0.0,0.41251302,0.0
0.0,0.8302934,1.0
0.0,0.3062759,0.0
1.0,0.71994853,1.0
1.0,0.9640933,1.0
1.0,0.43251163,0.0
1.0,0.9592485,1.0
0.0,0.20273504,0.0
1.0,0.65178585,1.0
0.0,0.3349607,0.0
1.0,0.53653866,1.0
1.0,0.97574335,1.0
0.0,0.15712905,0.0
0.0,0.46341982,0.0
1.0,0.96865016,1.0
0.0,0.036558323,0.0
1.0,0.99821246,1.0
0.0,0.7159899,1.0
1.0,0.99368095,1.0
1.0,0.96173185,1.0
1.0,0.42123878,0.0
1.0,0.48414657,0.0
1.0,0.9923766,1.0
0.0,0.14781605,0.0
1.0,0.15649292,0.0
0.0,0.7376757,1.0
1.0,0.44515085,0.0
0.0,0.40093264,0.0
0.0,0.07480132,0.0
0.0,0.14233497,0.0
0.0,0.14493199,0.0
0.0,0.015793964,0.0
1.0,0.9580819,1.0
0.0,0.02867111,0.0
0.0,0.17808247,0.0
1.0,0.231216,0.0
0.0,0.6306056,1.0
1.0,0.9526783,1.0
1.0,0.9760884,1.0
1.0,0.9277409,1.0
1.0,0.6801045,1.0
1.0,0.83463514,1.0
1.0,0.49519527,0.0
0.0,0.09814052,0.0
0.0,0.98951083,1.0
0.0,0.38256952,0.0
1.0,0.9743396,1.0
0.0,0.53223526,1.0
0.0,0.1986237,0.0
0.0,0.57315916,1.0
0.0,0.40861562,0.0
1.0,0.27832693,0.0
0.0,0.09477018,0.0
0.0,0.41879466,0.0
0.0,0.55859953,1.0
1.0,0.41208133,0.0
1.0,0.69037724,1.0
0.0,0.95178777,1.0
0.0,0.22255015,0.0
1.0,0.25057304,0.0
1.0,0.8864937,1.0
1.0,0.33160466,0.0
0.0,0.16376719,0.0
0.0,0.032926314,0.0
1.0,0.982734,1.0
0.0,0.19047564,0.0
0.0,0.32537177,0.0
0.0,0.027552487,0.0
1.0,0.198699,0.0
0.0,0.48389277,0.0
0.0,0.22460768,0.0
0.0,0.36135116,0.0
1.0,0.7543628,1.0
1.0,0.83346677,1.0
1.0,0.87132055,1.0
0.0,0.008442094,0.0
1.0,0.9458178,1.0
0.0,0.13236682,0.0
1.0,0.6482533,1.0
1.0,0.1838214,0.0
0.0,0.17652597,0.0
0.0,0.113624185,0.0
1.0,0.43122956,0.0
0.0,0.048136726,0.0
1.0,0.7677658,1.0
0.0,0.7724096,1.0
1.0,0.975999,1.0
0.0,0.18043491,0.0
0.0,0.19489864,0.0
1.0,0.15415257,0.0
0.0,0.12819421,0.0
0.0,0.20932174,0.0
1.0,0.99749005,1.0
1.0,0.6851172,1.0
1.0,0.9492639,1.0
0.0,0.13449098,0.0
1.0,0.9814811,1.0
0.0,0.1162596,0.0
0.0,0.26229024,0.0
0.0,0.49023986,0.0
0.0,0.07811873,0.0
0.0,0.34323826,0.0
0.0,0.2939396,0.0
1.0,0.33954474,0.0
1.0,0.6758857,1.0
1.0,0.7558073,1.0
1.0,0.9981647,1.0
0.0,0.008444065,0.0
1.0,0.13371953,0.0
0.0,0.05064312,0.0
1.0,0.11112136,0.0
1.0,0.388977,0.0
1.0,0.5170676,1.0
0.0,0.43988073,0.0
1.0,0.9644961,1.0
1.0,0.94787604,1.0
1.0,0.80346674,1.0
0.0,0.286021,0.0
0.0,0.05323672,0.0
1.0,0.805943,1.0
1.0,0.56637245,1.0
1.0,0.17749809,0.0
0.0,0.32683542,0.0
0.0,0.16328311,0.0
0.0,0.23352431,0.0
1.0,0.93573076,1.0
0.0,0.09189371,0.0
0.0,0.13708687,0.0
1.0,0.9383223,1.0
0.0,0.5388377,1.0
0.0,0.5560249,1.0
1.0,0.79874307,1.0
0.0,0.3689589,0.0
0.0,0.23492652,0.0
1.0,0.9903172,1.0
1.0,0.7504219,1.0
1.0,0.95234275,1.0
1.0,0.9814332,1.0
1.0,0.79546714,1.0
1.0,0.5818389,1.0
1.0,0.6768207,1.0
1.0,0.46726787,0.0
0.0,0.037114624,0.0
0.0,0.21930942,0.0
0.0,0.12876624,0.0
0.0,0.18387878,0.0
0.0,0.17710376,0.0
0.0,0.32739416,0.0
0.0,0.31847012,0.0
1.0,0.21019548,0.0
0.0,0.3857108,0.0
1.0,0.35049972,0.0
0.0,0.15205534,0.0
0.0,0.13656375,0.0
1.0,0.829698,1.0
1.0,0.13585477,0.0
0.0,0.5229224,1.0
0.0,0.68317723,1.0
1.0,0.37250736,0.0
1.0,0.95309526,1.0
1.0,0.49702647,0.0
0.0,0.3935834,0.0
0.0,0.1079755,0.0
0.0,0.064737536,0.0
0.0,0.15657404,0.0
0.0,0.60215807,1.0
0.0,0.14344124,0.0
0.0,0.35844412,0.0
0.0,0.2380925,0.0
0.0,0.10318663,0.0
1.0,0.9457167,1.0
0.0,0.54444855,1.0
1.0,0.413628,0.0
1.0,0.43563712,0.0
1.0,0.9557135,1.0
0.0,0.46768543,0.0
0.0,0.103123456,0.0
0.0,0.066063724,0.0
1.0,0.43217117,0.0
1.0,0.40612808,0.0
1.0,0.77342016,1.0
0.0,0.60433286,1.0
1.0,0.5833122,1.0
0.0,0.046365216,0.0
0.0,0.24967504,0.0
0.0,0.16652477,0.0
1.0,0.7219253,1.0
0.0,0.45671028,0.0
1.0,0.9945879,1.0
1.0,0.6099381,1.0
1.0,0.46085894,0.0
1.0,0.70587283,1.0
1.0,0.9052644,1.0
0.0,0.6594133,1.0
0.0,0.064049594,0.0
1.0,0.508197,1.0
1.0,0.442682,0.0
1.0,0.1691403,0.0
0.0,0.17336638,0.0
1.0,0.53935766,1.0
1.0,0.62338614,1.0
1.0,0.9917527,1.0
1.0,0.40400213,0.0
1.0,0.9208522,1.0
0.0,0.27005765,0.0
0.0,0.019945402,0.0
0.0,0.31373334,0.0
0.0,0.14768945,0.0
1.0,0.6388436,1.0
1.0,0.95387334,1.0
1.0,0.25556892,0.0
1.0,0.8961755,1.0
1.0,0.727824,1.0
1.0,0.49307165,0.0
1.0,0.93228436,1.0
0.0,0.046704743,0.0
0.0,0.3394403,0.0
0.0,0.68243927,1.0
0.0,0.16020884,0.0
0.0,0.43014607,0.0
0.0,0.2867675,0.0
0.0,0.36557508,0.0
0.0,0.02967473,0.0
0.0,0.24193834,0.0
0.0,0.32153848,0.0
0.0,0.06720158,0.0
1.0,0.3137655,0.0
0.0,0.43566322,0.0
0.0,0.14569926,0.0
1.0,0.94314116,1.0
0.0,0.13320827,0.0
1.0,0.5990265,1.0
0.0,0.33361983,0.0
1.0,0.7576746,1.0
1.0,0.3461868,0.0
1.0,0.44990265,0.0
1.0,0.99568367,1.0
1.0,0.9489151,1.0
1.0,0.9886485,1.0
0.0,0.41215098,0.0
0.0,0.5110405,1.0
0.0,0.43991995,0.0
0.0,0.5021931,1.0
0.0,0.19524348,0.0
0.0,0.48951876,0.0
1.0,0.6360919,1.0
1.0,0.75197923,1.0
1.0,0.50211644,1.0
1.0,0.46531698,0.0
0.0,0.19449773,0.0
1.0,0.8425366,1.0
0.0,0.33831123,0.0
0.0,0.18417843,0.0
0.0,0.35983124,0.0
0.0,0.19045919,0.0
0.0,0.08426709,0.0
1.0,0.81058615,1.0
1.0,0.902387,1.0
1.0,0.558725,1.0
0.0,0.12004542,0.0
1.0,0.5140728,1.0
1.0,0.9352813,1.0
0.0,0.14248982,0.0
1.0,0.22054178,0.0
0.0,0.15116084,0.0
0.0,0.77697533,1.0
1.0,0.2340484,0.0
0.0,0.16409,0.0
0.0,0.074792095,0.0
0.0,0.16950104,0.0
1.0,0.783338,1.0
0.0,0.19287956,0.0
1.0,0.61231655,1.0
1.0,0.77109015,1.0
0.0,0.37910393,0.0
0.0,0.11530383,0.0
1.0,0.9179067,1.0
0.0,0.15611354,0.0
1.0,0.40591997,0.0
1.0,0.14457482,0.0
0.0,0.054340173,0.0
0.0,0.24319354,0.0
1.0,0.4951958,0.0
0.0,0.30602446,0.0
0.0,0.040000495,0.0
0.0,0.30032298,0.0
0.0,0.21192652,0.0
0.0,0.2021402,0.0
0.0,0.8243334,1.0
0.0,0.43853474,0.0
0.0,0.9246945,1.0
0.0,0.22773273,0.0
1.0,0.75722086,1.0
1.0,0.9853221,1.0
1.0,0.36057287,0.0
0.0,0.34860948,0.0
0.0,0.564995,1.0
0.0,0.17568251,0.0
0.0,0.36224654,0.0
0.0,0.5993042,1.0
1.0,0.96493995,1.0
1.0,0.22370987,0.0
1.0,0.10308126,0.0
0.0,0.074243575,0.0
0.0,0.10654224,0.0
1.0,0.75806075,1.0
0.0,0.34466866,0.0
0.0,0.07398377,0.0
0.0,0.66485727,1.0
1.0,0.24367654,0.0
0.0,0.1524291,0.0
0.0,0.5411176,1.0
1.0,0.8851735,1.0
1.0,0.737713,1.0
0.0,0.11653859,0.0
0.0,0.2126245,0.0
1.0,0.9760468,1.0
1.0,0.7410294,1.0
0.0,0.31909496,0.0
1.0,0.99025565,1.0
0.0,0.21968761,0.0
0.0,0.07002941,0.0
1.0,0.95706064,1.0
0.0,0.44259214,0.0
0.0,0.339315,0.0
1.0,0.12766737,0.0
0.0,0.49901044,0.0
1.0,0.62707734,1.0
0.0,0.3547211,0.0
1.0,0.3899382,0.0
1.0,0.9781723,1.0
1.0,0.6689423,1.0
1.0,0.8646919,1.0
1.0,0.95533395,1.0
1.0,0.49898314,0.0
1.0,0.43129578,0.0
1.0,0.79622686,1.0
0.0,0.82800287,1.0
1.0,0.7953429,1.0
1.0,0.6558727,1.0
0.0,0.03729752,0.0
0.0,0.09895955,0.0
1.0,0.6943153,1.0
1.0,0.9719511,1.0
1.0,0.51529914,1.0
1.0,0.8163005,1.0
0.0,0.043214142,0.0
1.0,0.8254537,1.0
1.0,0.4595725,0.0
1.0,0.97456795,1.0
1.0,0.79686075,1.0
1.0,0.50690246,1.0
1.0,0.4818818,0.0
0.0,0.83110034,1.0
0.0,0.3498735,0.0
0.0,0.3280394,0.0
0.0,0.9118755,1.0
0.0,0.012151103,0.0
0.0,0.30627975,0.0
0.0,0.1650268,0.0
0.0,0.28529528,0.0
1.0,0.46795046,0.0
1.0,0.5632911,1.0
1.0,0.96552926,1.0
1.0,0.99322504,1.0
1.0,0.9705922,1.0
1.0,0.9583597,1.0
0.0,0.31498325,0.0
1.0,0.8056487,1.0
0.0,0.16691421,0.0
1.0,0.9497353,1.0
1.0,0.5507629,1.0
1.0,0.31117678,0.0
0.0,0.543971,1.0
0.0,0.39604303,0.0
0.0,0.0630333,0.0
0.0,0.20004839,0.0
0.0,0.37607864,0.0
1.0,0.5373446,1.0
1.0,0.77498657,1.0
0.0,0.543067,1.0
0.0,0.11174879,0.0
0.0,0.19342956,0.0
1.0,0.09208025,0.0
0.0,0.49108276,0.0
0.0,0.17205809,0.0
1.0,0.29025018,0.0
0.0,0.1669629,0.0
0.0,0.22838977,0.0
0.0,0.3142912,0.0
0.0,0.13059673,0.0
1.0,0.8725493,1.0
1.0,0.32083982,0.0
0.0,0.8843882,1.0
0.0,0.61762625,1.0
0.0,0.10774145,0.0
0.0,0.1341633,0.0
1.0,0.95667166,1.0
0.0,0.74858063,1.0
1.0,0.99423933,1.0
1.0,0.76186,1.0
0.0,0.22378683,0.0
1.0,0.40985158,0.0
1.0,0.9965083,1.0
0.0,0.975391,1.0
1.0,0.5823147,1.0
0.0,0.43414748,0.0
1.0,0.99842083,1.0
0.0,0.48018607,0.0
1.0,0.9323942,1.0
1.0,0.7720673,1.0
1.0,0.9847573,1.0
0.0,0.01928411,0.0
0.0,0.42590094,0.0
0.0,0.089956254,0.0
0.0,0.17201763,0.0
0.0,0.11056964,0.0
1.0,0.98299176,1.0
1.0,0.8396041,1.0
0.0,0.19905688,0.0
1.0,0.9746013,1.0
0.0,0.08417833,0.0
1.0,0.25252068,0.0
0.0,0.26399672,0.0
0.0,0.0870133,0.0
0.0,0.2026006,0.0
0.0,0.31129864,0.0
1.0,0.3685948,0.0
1.0,0.5249462,1.0
1.0,0.3421883,0.0
0.0,0.15491602,0.0
0.0,0.20631805,0.0
1.0,0.9796851,1.0
0.0,0.13996531,0.0
1.0,0.7240737,1.0
0.0,0.1701176,0.0
1.0,0.8214265,1.0
1.0,0.4169671,0.0
1.0,0.8967068,1.0
0.0,0.45298764,0.0
0.0,0.11116702,0.0
0.0,0.29744783,0.0
1.0,0.95925266,1.0
1.0,0.21071985,0.0
1.0,0.95737296,1.0
1.0,0.44094008,0.0
0.0,0.5187238,1.0
0.0,0.45595315,0.0
0.0,0.12627143,0.0
0.0,0.17507434,0.0
1.0,0.81713134,1.0
1.0,0.97492,1.0
1.0,0.45484465,0.0
0.0,0.29301155,0.0
0.0,0.12438125,0.0
0.0,0.71779895,1.0
1.0,0.85494006,1.0
0.0,0.25238732,0.0
1.0,0.52936405,1.0
0.0,0.3067582,0.0
1.0,0.94258386,1.0
0.0,0.089141995,0.0
1.0,0.4886245,0.0
1.0,0.9463535,1.0
1.0,0.6820131,1.0
0.0,0.022600928,0.0
0.0,0.77388597,1.0
0.0,0.15208863,0.0
0.0,0.39665332,0.0
1.0,0.89928085,1.0
0.0,0.3539398,0.0
0.0,0.11107125,0.0
0.0,0.14037703,0.0
1.0,0.8915419,1.0
1.0,0.99266607,1.0
1.0,0.99326396,1.0
0.0,0.30129376,0.0
0.0,0.2405694,0.0
1.0,0.23501582,0.0
1.0,0.84577227,1.0
1.0,0.8154937,1.0
0.0,0.28891248,0.0
1.0,0.8673834,1.0
0.0,0.2974089,0.0
0.0,0.40288448,0.0
0.0,0.080944315,0.0
1.0,0.9334831,1.0
0.0,0.33264768,0.0
1.0,0.96903026,1.0
0.0,0.6318715,1.0
0.0,0.06522094,0.0
0.0,0.4393568,0.0
1.0,0.9715729,1.0
0.0,0.117480375,0.0
1.0,0.8001046,1.0
1.0,0.42948067,0.0
0.0,0.034748334,0.0
1.0,0.97841084,1.0
0.0,0.14033505,0.0
1.0,0.97520894,1.0
0.0,0.17635013,0.0
0.0,0.09433047,0.0
0.0,0.11615882,0.0
1.0,0.2391395,0.0
0.0,0.14612915,0.0
1.0,0.73976266,1.0
1.0,0.4536261,0.0
1.0,0.3376407,0.0
1.0,0.54433525,1.0
0.0,0.29381222,0.0
1.0,0.94867355,1.0
0.0,0.36669463,0.0
1.0,0.5147164,1.0
1.0,0.37833592,0.0
1.0,0.7423103,1.0
1.0,0.9870526,1.0
1.0,0.18281597,0.0
0.0,0.1976739,0.0
1.0,0.50899535,1.0
1.0,0.6004885,1.0
1.0,0.2818899,0.0
0.0,0.74392074,1.0
0.0,0.5667695,1.0
1.0,0.6120482,1.0
0.0,0.4397486,0.0
0.0,0.43973705,0.0
1.0,0.6018683,1.0
1.0,0.996824,1.0
1.0,0.99052763,1.0
1.0,0.16447923,0.0
0.0,0.59288794,1.0
1.0,0.77070785,1.0
0.0,0.2230179,0.0
0.0,0.28524876,0.0
1.0,0.4406837,0.0
1.0,0.9758682,1.0
0.0,0.25679988,0.0
0.0,0.055260926,0.0
0.0,0.0982041,0.0
1.0,0.7098176,1.0
0.0,0.21834603,0.0
0.0,0.17593724,0.0
0.0,0.110738195,0.0
1.0,0.9409438,1.0
1.0,0.30907995,0.0
0.0,0.07854755,0.0
1.0,0.35481372,0.0
1.0,0.7634591,1.0
0.0,0.48184165,0.0
1.0,0.8052153,1.0
0.0,0.46243796,0.0
0.0,0.064711645,0.0
0.0,0.60814327,1.0
0.0,0.29116085,0.0
0.0,0.39799404,0.0
1.0,0.24271609,0.0
1.0,0.5002765,1.0
1.0,0.5343066,1.0
1.0,0.40060455,0.0
0.0,0.8438062,1.0
0.0,0.12053631,0.0
1.0,0.8924717,1.0
1.0,0.69526404,1.0
1.0,0.9407072,1.0
1.0,0.80596495,1.0
1.0,0.44126382,0.0
1.0,0.9709754,1.0
1.0,0.95030624,1.0
0.0,0.5569579,1.0
0.0,0.23646306,0.0
1.0,0.8948346,1.0
0.0,0.1970464,0.0
0.0,0.015286008,0.0
1.0,0.5869311,1.0
0.0,0.42160648,0.0
1.0,0.8921149,1.0
1.0,0.8678258,1.0
0.0,0.084214814,0.0
1.0,0.64994985,1.0
0.0,0.5395775,1.0
0.0,0.057814687,0.0
1.0,0.9868514,1.0
0.0,0.020678947,0.0
1.0,0.28469577,0.0
1.0,0.27993283,0.0
0.0,0.37545127,0.0
1.0,0.97377306,1.0
1.0,0.99811554,1.0
0.0,0.2521225,0.0
1.0,0.98821276,1.0
0.0,0.3185295,0.0
0.0,0.4660707,0.0
1.0,0.43863526,0.0
1.0,0.6464424,1.0
1.0,0.12574022,0.0
0.0,0.007700218,0.0
0.0,0.41996646,0.0
1.0,0.14385065,0.0
1.0,0.9299817,1.0
1.0,0.76411235,1.0
0.0,0.25024688,0.0
0.0,0.69487196,1.0
1.0,0.9825581,1.0
1.0,0.6440889,1.0
1.0,0.99416757,1.0
0.0,0.05042675,0.0
0.0,0.3115081,0.0
0.0,0.80683255,1.0
0.0,0.04484567,0.0
0.0,0.19225086,0.0
1.0,0.71163666,1.0
1.0,0.7915477,1.0
0.0,0.2686037,0.0
0.0,0.21841666,0.0
1.0,0.23325175,0.0
0.0,0.79013133,1.0
1.0,0.83076286,1.0
0.0,0.5035671,1.0
0.0,0.20500769,0.0
0.0,0.14212736,0.0
1.0,0.49347028,0.0
0.0,0.02057891,0.0
0.0,0.21783006,0.0
1.0,0.1728275,0.0
1.0,0.20314795,0.0
1.0,0.9903059,1.0
0.0,0.3786187,0.0
1.0,0.75990736,1.0
0.0,0.2224205,0.0
1.0,0.55565906,1.0
1.0,0.35773948,0.0
1.0,0.16855647,0.0
0.0,0.15330912,0.0
0.0,0.43851602,0.0
1.0,0.9142261,1.0
0.0,0.19024989,0.0
0.0,0.07186885,0.0
0.0,0.38221323,0.0
0.0,0.23353697,0.0
1.0,0.5109653,1.0
1.0,0.94014055,1.0
0.0,0.11442698,0.0
0.0,0.20348966,0.0
1.0,0.97651064,1.0
1.0,0.7629923,1.0
1.0,0.23431146,0.0
0.0,0.15101048,0.0
0.0,0.31234676,0.0
1.0,0.92137396,1.0
1.0,0.7491499,1.0
1.0,0.3039332,0.0
0.0,0.6467285,1.0
1.0,0.96483654,1.0
1.0,0.4327991,0.0
0.0,0.41445446,0.0
1.0,0.9911294,1.0
0.0,0.12016639,0.0
1.0,0.544201,1.0
0.0,0.4597995,0.0
0.0,0.48051775,0.0
0.0,0.41674164,0.0
0.0,0.32037044,0.0
0.0,0.057727966,0.0
0.0,0.13198811,0.0
0.0,0.252976,0.0
0.0,0.6623047,1.0
0.0,0.46180335,0.0
1.0,0.995697,1.0
1.0,0.20089865,0.0
0.0,0.7289272,1.0
1.0,0.29613438,0.0
1.0,0.30153754,0.0
0.0,0.83341527,1.0
0.0,0.119876795,0.0
0.0,0.11358603,0.0
0.0,0.41836524,0.0
1.0,0.6490227,1.0
0.0,0.18282415,0.0
0.0,0.615682,1.0
1.0,0.79950917,1.0
0.0,0.13019088,0.0
0.0,0.12500334,0.0
1.0,0.9588118,1.0
1.0,0.89143205,1.0
0.0,0.6432897,1.0
1.0,0.28999987,0.0
0.0,0.80121636,1.0
1.0,0.7218613,1.0
1.0,0.78946173,1.0
1.0,0.9641742,1.0
1.0,0.99641234,1.0
1.0,0.63750577,1.0
0.0,0.018237676,0.0
1.0,0.20890038,0.0
1.0,0.808142,1.0
0.0,0.070067585,0.0
0.0,0.012731726,0.0
0.0,0.22026663,0.0
1.0,0.53384763,1.0
0.0,0.16111484,0.0
0.0,0.5235957,1.0
1.0,0.67290807,1.0
0.0,0.19334413,0.0
1.0,0.8900825,1.0
1.0,0.93174857,1.0
0.0,0.74810356,1.0
1.0,0.57181185,1.0
0.0,0.11025039,0.0
1.0,0.81998974,1.0
1.0,0.84703386,1.0
0.0,0.34279287,0.0
0.0,0.43502262,0.0
1.0,0.91804844,1.0
1.0,0.7235035,1.0
1.0,0.92442757,1.0
1.0,0.6934529,1.0
0.0,0.6243507,1.0
0.0,0.2626201,0.0
1.0,0.93193656,1.0
1.0,0.8637355,1.0
0.0,0.13462707,0.0
1.0,0.9633097,1.0
0.0,0.25771427,0.0
0.0,0.115840636,0.0
0.0,0.24956796,0.0
0.0,0.12036239,0.0
0.0,0.41958335,0.0
0.0,0.23161638,0.0
1.0,0.14952973,0.0
1.0,0.40205345,0.0
0.0,0.25438583,0.0
0.0,0.5398795,1.0
1.0,0.9833288,1.0
0.0,0.33725077,0.0
1.0,0.92336726,1.0
1.0,0.8125723,1.0
1.0,0.44964498,0.0
1.0,0.82326406,1.0
0.0,0.14224486,0.0
0.0,0.13366725,0.0
1.0,0.21721976,0.0
0.0,0.61221653,1.0
1.0,0.80388075,1.0
1.0,0.97903055,1.0
1.0,0.7628091,1.0
1.0,0.67505276,1.0
0.0,0.40764695,0.0
0.0,0.11590188,0.0
0.0,0.33936888,0.0
0.0,0.029552657,0.0
1.0,0.95018137,1.0
1.0,0.8897266,1.0
1.0,0.6573401,1.0
0.0,0.20335467,0.0
1.0,0.99058694,1.0
1.0,0.60019565,1.0
0.0,0.22452183,0.0
1.0,0.76187646,1.0
1.0,0.95621526,1.0
0.0,0.35646242,0.0
0.0,0.20994619,0.0
0.0,0.038591694,0.0
1.0,0.66413224,1.0
1.0,0.42752,0.0
1.0,0.74810296,1.0
0.0,0.6812916,1.0
0.0,0.5296297,1.0
1.0,0.37165385,0.0
0.0,0.32030717,0.0
0.0,0.14634998,0.0
0.0,0.24320959,0.0
1.0,0.9857502,1.0
0.0,0.84308755,1.0
0.0,0.53107536,1.0
0.0,0.61082745,1.0
0.0,0.14814712,0.0
0.0,0.51070905,1.0
0.0,0.17584506,0.0
1.0,0.3980696,0.0
0.0,0.6045109,1.0
1.0,0.60356444,1.0
1.0,0.87641114,1.0
1.0,0.99542266,1.0
1.0,0.2577068,0.0
0.0,0.5035308,1.0
1.0,0.48176965,0.0
1.0,0.96597123,1.0
1.0,0.4251811,0.0
0.0,0.37629947,0.0
1.0,0.6335108,1.0
0.0,0.13688104,0.0
1.0,0.8676774,1.0
0.0,0.54857504,1.0
1.0,0.7613401,1.0
0.0,0.2707907,0.0
0.0,0.14649352,0.0
1.0,0.5327325,1.0
0.0,0.13773935,0.0
1.0,0.35301724,0.0
1.0,0.98797137,1.0
0.0,0.6064151,1.0
0.0,0.175981,0.0
0.0,0.2857414,0.0
0.0,0.13209215,0.0
1.0,0.39663836,0.0
1.0,0.7615527,1.0
1.0,0.97915936,1.0
0.0,0.5675017,1.0
0.0,0.026263213,0.0
1.0,0.18525858,0.0
1.0,0.934655,1.0
1.0,0.63679284,1.0
1.0,0.7326577,1.0
0.0,0.10614433,0.0
0.0,0.10351835,0.0
0.0,0.07273763,0.0
1.0,0.9847067,1.0
1.0,0.37339684,0.0
0.0,0.1770803,0.0
1.0,0.08755656,0.0
0.0,0.38022494,0.0
0.0,0.42201805,0.0
0.0,0.07639811,0.0
0.0,0.55129254,1.0
0.0,0.6023381,1.0
1.0,0.93892807,1.0
1.0,0.19379495,0.0
0.0,0.31000304,0.0
0.0,0.65622395,1.0
1.0,0.9700742,1.0
1.0,0.8318137,1.0
0.0,0.26445255,0.0
1.0,0.56948894,1.0
1.0,0.9461574,1.0
1.0,0.24999183,0.0
1.0,0.499089,0.0
0.0,0.40843913,0.0
1.0,0.92503023,1.0
1.0,0.2417437,0.0
0.0,0.11313543,0.0
0.0,0.22031157,0.0
1.0,0.8656687,1.0
0.0,0.15594418,0.0
1.0,0.9797846,1.0
0.0,0.10308179,0.0
0.0,0.19916083,0.0
0.0,0.023219781,0.0
1.0,0.90860593,1.0
1.0,0.69306076,1.0
0.0,0.24291508,0.0
1.0,0.9652734,1.0
1.0,0.52454025,1.0
1.0,0.7339646,1.0
1.0,0.31088763,0.0
1.0,0.12898758,0.0
0.0,0.1788237,0.0
1.0,0.48257783,0.0
1.0,0.20342244,0.0
0.0,0.14507669,0.0
1.0,0.9930315,1.0
0.0,0.8787266,1.0
0.0,0.18117903,0.0
1.0,0.9553458,1.0
0.0,0.21896416,0.0
0.0,0.38412163,0.0
1.0,0.9791652,1.0
0.0,0.3782761,0.0
1.0,0.15482922,0.0
1.0,0.5019359,1.0
0.0,0.18986872,0.0
0.0,0.37266332,0.0
0.0,0.3249182,0.0
0.0,0.25731525,0.0
1.0,0.9936161,1.0
1.0,0.53078985,1.0
0.0,0.32543164,0.0
0.0,0.7556069,1.0
1.0,0.1550526,0.0
0.0,0.47033888,0.0
0.0,0.52832794,1.0
0.0,0.20608276,0.0
0.0,0.014716841,0.0
0.0,0.26946187,0.0
0.0,0.55310893,1.0
0.0,0.308142,0.0
1.0,0.89533526,1.0
1.0,0.17682457,0.0
0.0,0.13933253,0.0
1.0,0.5243317,1.0
0.0,0.54716563,1.0
0.0,0.06652023,0.0
0.0,0.38224843,0.0
0.0,0.027108392,0.0
1.0,0.8670616,1.0
0.0,0.178313,0.0
1.0,0.8320392,1.0
1.0,0.5729646,1.0
0.0,0.41272587,0.0
0.0,0.020869907,0.0
1.0,0.7400307,1.0
0.0,0.051818263,0.0
1.0,0.5928882,1.0
1.0,0.9839616,1.0
0.0,0.7136532,1.0
1.0,0.87405926,1.0
0.0,0.10672882,0.0
1.0,0.90707994,1.0
1.0,0.4192683,0.0
0.0,0.6913338,1.0
0.0,0.3709702,0.0
1.0,0.72962266,1.0
1.0,0.9532273,1.0
1.0,0.79925525,1.0
0.0,0.65160626,1.0
1.0,0.88267326,1.0
0.0,0.15679057,0.0
1.0,0.22713721,0.0
1.0,0.5008284,1.0
1.0,0.83993745,1.0
1.0,0.76469725,1.0
1.0,0.42189503,0.0
0.0,0.3640146,0.0
0.0,0.2869018,0.0
0.0,0.17689455,0.0
1.0,0.71903074,1.0
0.0,0.11136407,0.0
1.0,0.8462638,1.0
0.0,0.43671378,0.0
0.0,0.58091885,1.0
1.0,0.9893796,1.0
1.0,0.5870816,1.0
0.0,0.16630244,0.0
0.0,0.14449827,0.0
0.0,0.6613524,1.0
0.0,0.09929617,0.0
1.0,0.38854432,0.0
0.0,0.39404818,0.0
1.0,0.93967664,1.0
0.0,0.13567449,0.0
0.0,0.22124118,0.0
1.0,0.72429883,1.0
0.0,0.36203927,0.0
1.0,0.5888085,1.0
0.0,0.2440228,0.0
1.0,0.6635595,1.0
0.0,0.8200902,1.0
0.0,0.3674273,0.0
0.0,0.27429247,0.0
0.0,0.44703194,0.0
1.0,0.7119068,1.0
0.0,0.4873654,0.0
1.0,0.82046473,1.0
0.0,0.6307376,1.0
0.0,0.20005697,0.0
1.0,0.98727536,1.0
1.0,0.91473466,1.0
1.0,0.73260945,1.0
1.0,0.5392892,1.0
1.0,0.91632557,1.0
1.0,0.8163088,1.0
1.0,0.27184623,0.0
0.0,0.16785213,0.0
0.0,0.057179023,0.0
1.0,0.7916522,1.0
1.0,0.2255123,0.0
1.0,0.3141098,0.0
0.0,0.16926682,0.0
0.0,0.20033373,0.0
1.0,0.6661266,1.0
1.0,0.9645591,1.0
0.0,0.14240643,0.0
0.0,0.33185405,0.0
1.0,0.37615213,0.0
1.0,0.88657457,1.0
0.0,0.11557618,0.0
0.0,0.11010002,0.0
1.0,0.8687964,1.0
1.0,0.6846496,1.0
1.0,0.58973455,1.0
0.0,0.06527551,0.0
0.0,0.90275925,1.0
0.0,0.33117077,0.0
1.0,0.86918664,1.0
0.0,0.094786435,0.0
1.0,0.5387925,1.0
1.0,0.5261202,1.0
0.0,0.14042728,0.0
0.0,0.2566921,0.0
1.0,0.8515588,1.0
1.0,0.96223956,1.0
1.0,0.37135118,0.0
1.0,0.79272103,1.0
1.0,0.6948656,1.0
1.0,0.5604297,1.0
1.0,0.4803706,0.0
1.0,0.40136436,0.0
1.0,0.91802764,1.0
0.0,0.16005261,0.0
1.0,0.6196998,1.0
0.0,0.12385585,0.0
1.0,0.8747921,1.0
1.0,0.92091024,1.0
0.0,0.08225967,0.0
0.0,0.42532924,0.0
0.0,0.08957008,0.0
0.0,0.09165271,0.0
1.0,0.99821377,1.0
1.0,0.9178133,1.0
1.0,0.9609327,1.0
1.0,0.98319304,1.0
1.0,0.50888515,1.0
0.0,0.28090745,0.0
0.0,0.6327844,1.0
0.0,0.32834065,0.0
1.0,0.37944245,0.0
1.0,0.36520454,0.0
0.0,0.17645392,0.0
0.0,0.17272943,0.0
1.0,0.9881363,1.0
1.0,0.48067838,0.0
0.0,0.48834825,0.0
0.0,0.38589695,0.0
1.0,0.3165987,0.0
0.0,0.08167668,0.0
0.0,0.686557,1.0
1.0,0.6945858,1.0
0.0,0.5335094,1.0
0.0,0.17665407,0.0
0.0,0.5392117,1.0
1.0,0.9870068,1.0
1.0,0.35564336,0.0
1.0,0.38661548,0.0
0.0,0.29321203,0.0
0.0,0.21403143,0.0
1.0,0.9118534,1.0
0.0,0.22369492,0.0
1.0,0.858039,1.0
1.0,0.88280314,1.0
0.0,0.04561837,0.0
0.0,0.037554692,0.0
0.0,0.48174608,0.0
1.0,0.32236615,0.0
0.0,0.23852469,0.0
0.0,0.29223138,0.0
0.0,0.21759221,0.0
0.0,0.19826254,0.0
0.0,0.84657,1.0
0.0,0.14908963,0.0
0.0,0.29452989,0.0
0.0,0.6396304,1.0
1.0,0.7962554,1.0
1.0,0.9921103,1.0
1.0,0.9531509,1.0
1.0,0.3901514,0.0
1.0,0.8037498,1.0
1.0,0.992618,1.0
1.0,0.9612974,1.0
0.0,0.066131376,0.0
0.0,0.8095955,1.0
0.0,0.21814235,0.0
0.0,0.06672059,0.0
1.0,0.99633586,1.0
0.0,0.3444065,0.0
0.0,0.6032466,1.0
1.0,0.7615042,1.0
0.0,0.4040145,0.0
1.0,0.2762744,0.0
1.0,0.4775874,0.0
0.0,0.118649326,0.0
0.0,0.13295221,0.0
1.0,0.66614825,1.0
0.0,0.03997914,0.0
1.0,0.22465335,0.0
1.0,0.69431096,1.0
1.0,0.79852766,1.0
1.0,0.83531207,1.0
1.0,0.962104,1.0
0.0,0.23434049,0.0
1.0,0.3741061,0.0
0.0,0.58070904,1.0
1.0,0.9833909,1.0
0.0,0.74316454,1.0
1.0,0.99601436,1.0
0.0,0.7303601,1.0
1.0,0.5350748,1.0
0.0,0.15996915,0.0
0.0,0.4316681,0.0
0.0,0.0076897433,0.0
0.0,0.89028245,1.0
0.0,0.01903657,0.0
0.0,0.5704374,1.0
1.0,0.26603922,0.0
1.0,0.57079476,1.0
1.0,0.2240875,0.0
0.0,0.50012106,1.0
0.0,0.06736656,0.0
1.0,0.9351425,1.0
0.0,0.45204237,0.0
1.0,0.71324134,1.0
0.0,0.30108094,0.0
1.0,0.07787677,0.0
1.0,0.48102322,0.0
0.0,0.15978016,0.0
0.0,0.09933763,0.0
1.0,0.9758588,1.0
0.0,0.08499597,0.0
1.0,0.48859885,0.0
1.0,0.9662979,1.0
1.0,0.8799458,1.0
1.0,0.9914654,1.0
0.0,0.051482655,0.0
0.0,0.035517182,0.0
0.0,0.0541298,0.0
0.0,0.31493247,0.0
1.0,0.29868186,0.0
1.0,0.90880203,1.0
0.0,0.18360618,0.0
1.0,0.9486754,1.0
1.0,0.87814534,1.0
0.0,0.14923073,0.0
0.0,0.51456946,1.0
0.0,0.33571234,0.0
1.0,0.36615613,0.0
0.0,0.8006275,1.0
1.0,0.18468589,0.0
0.0,0.058447137,0.0
1.0,0.7858879,1.0
0.0,0.23327777,0.0
1.0,0.97185844,1.0
0.0,0.4773904,0.0
1.0,0.4283843,0.0
0.0,0.07837363,0.0
0.0,0.025292942,0.0
0.0,0.121457994,0.0
1.0,0.9795425,1.0
1.0,0.99570763,1.0
0.0,0.050416492,0.0
0.0,0.52257824,1.0
1.0,0.51086915,1.0
1.0,0.6171793,1.0
1.0,0.23127154,0.0
1.0,0.9578754,1.0
0.0,0.09502025,0.0
1.0,0.23075041,0.0
1.0,0.43320823,0.0
0.0,0.087063216,0.0
1.0,0.73630255,1.0
1.0,0.6470238,1.0
1.0,0.91021025,1.0
1.0,0.9646573,1.0
0.0,0.29352683,0.0
0.0,0.36120316,0.0
0.0,0.20441048,0.0
0.0,0.40341708,0.0
0.0,0.5052568,1.0
0.0,0.22535025,0.0
1.0,0.41585192,0.0
1.0,0.26332608,0.0
0.0,0.26046988,0.0
1.0,0.50527304,1.0
0.0,0.28123993,0.0
1.0,0.90524095,1.0
0.0,0.52313054,1.0
0.0,0.61532027,1.0
0.0,0.08253022,0.0
0.0,0.63662577,1.0
0.0,0.30260378,0.0
1.0,0.7749901,1.0
0.0,0.16542469,0.0
1.0,0.9648623,1.0
0.0,0.13283952,0.0
1.0,0.62898237,1.0
0.0,0.6109797,1.0
1.0,0.9246506,1.0
1.0,0.9353839,1.0
1.0,0.8113281,1.0
1.0,0.7030811,1.0
0.0,0.3201185,0.0
0.0,0.4747668,0.0
0.0,0.49534664,0.0
0.0,0.17950122,0.0
1.0,0.2058515,0.0
1.0,0.681786,1.0
0.0,0.5942174,1.0
1.0,0.8620266,1.0
0.0,0.42030632,0.0
1.0,0.12320783,0.0
0.0,0.14071819,0.0
1.0,0.6870175,1.0
0.0,0.5089406,1.0
1.0,0.9555017,1.0
1.0,0.2500135,0.0
0.0,0.5418304,1.0
1.0,0.78879386,1.0
0.0,0.63178486,1.0
0.0,0.45243108,0.0
0.0,0.37487668,0.0
1.0,0.51773614,1.0
1.0,0.97482985,1.0
0.0,0.1274291,0.0
1.0,0.7618235,1.0
1.0,0.44682688,0.0
0.0,0.09643985,0.0
0.0,0.19145028,0.0
0.0,0.21608673,0.0
0.0,0.21611138,0.0
1.0,0.31100816,0.0
0.0,0.57195234,1.0
0.0,0.15502802,0.0
0.0,0.17507613,0.0
0.0,0.14062338,0.0
0.0,0.043628257,0.0
0.0,0.056439262,0.0
0.0,0.19339694,0.0
1.0,0.44120646,0.0
1.0,0.9946778,1.0
1.0,0.99759823,1.0
0.0,0.34069574,0.0
0.0,0.78901863,1.0
1.0,0.862124,1.0
1.0,0.20372912,0.0
1.0,0.8379235,1.0
1.0,0.36233035,0.0
1.0,0.90463644,1.0
1.0,0.97843724,1.0
1.0,0.8239357,1.0
1.0,0.47645804,0.0
0.0,0.40910664,0.0
0.0,0.28830084,0.0
0.0,0.14572161,0.0
1.0,0.65170336,1.0
1.0,0.84157825,1.0
0.0,0.2594345,0.0
1.0,0.3914264,0.0
1.0,0.687947,1.0
0.0,0.0154459225,0.0
1.0,0.9516285,1.0
0.0,0.13028042,0.0
1.0,0.93781114,1.0
1.0,0.82289046,1.0
0.0,0.9000419,1.0
1.0,0.9672857,1.0
0.0,0.34279603,0.0
1.0,0.23029415,0.0
1.0,0.17890283,0.0
1.0,0.45681852,0.0
0.0,0.12587577,0.0
1.0,0.77468705,1.0
1.0,0.5720394,1.0
0.0,0.12398159,0.0
0.0,0.68436307,1.0
1.0,0.82289475,1.0
1.0,0.98508435,1.0
1.0,0.6224694,1.0
1.0,0.41092476,0.0
1.0,0.951388,1.0
0.0,0.1775283,0.0
1.0,0.9458893,1.0
1.0,0.87437314,1.0
1.0,0.30025694,0.0
1.0,0.8543849,1.0
0.0,0.17213272,0.0
1.0,0.75567216,1.0
0.0,0.10243692,0.0
1.0,0.960204,1.0
0.0,0.99018806,1.0
1.0,0.96312225,1.0
0.0,0.32405603,0.0
1.0,0.46223035,0.0
1.0,0.71548045,1.0
1.0,0.8055802,1.0
1.0,0.36279285,0.0
0.0,0.02205904,0.0
1.0,0.41980234,0.0
0.0,0.13716595,0.0
1.0,0.2418628,0.0
0.0,0.30819348,0.0
1.0,0.48411873,0.0
0.0,0.05720605,0.0
1.0,0.36915407,0.0
0.0,0.09862902,0.0
1.0,0.48880035,0.0
0.0,0.11073209,0.0
0.0,0.2739461,0.0
1.0,0.588085,1.0
0.0,0.21988395,0.0
0.0,0.19909193,0.0
1.0,0.8345917,1.0
1.0,0.9681369,1.0
1.0,0.22482415,0.0
1.0,0.74753,1.0
1.0,0.47394273,0.0
1.0,0.9760007,1.0
1.0,0.5206789,1.0
0.0,0.113413714,0.0
1.0,0.42526194,0.0
1.0,0.96912014,1.0
1.0,0.3853475,0.0
1.0,0.9762574,1.0
0.0,0.3355752,0.0
0.0,0.25004613,0.0
0.0,0.6476647,1.0
1.0,0.19054934,0.0
1.0,0.52569854,1.0
1.0,0.8228164,1.0
0.0,0.17995557,0.0
1.0,0.7214831,1.0
1.0,0.97647685,1.0
1.0,0.94614255,1.0
1.0,0.3369725,0.0
0.0,0.51025003,1.0
0.0,0.22937816,0.0
1.0,0.9143959,1.0
1.0,0.9059762,1.0
0.0,0.13521962,0.0
1.0,0.45523787,0.0
1.0,0.963911,1.0
1.0,0.868165,1.0
0.0,0.45925245,0.0
1.0,0.9285572,1.0
1.0,0.91277146,1.0
1.0,0.9888576,1.0
0.0,0.77805734,1.0
0.0,0.22926308,0.0
0.0,0.5082102,1.0
0.0,0.5571487,1.0
0.0,0.07957462,0.0
1.0,0.157916,0.0
1.0,0.9914957,1.0
0.0,0.7349385,1.0
0.0,0.58798885,1.0
1.0,0.9408239,1.0
0.0,0.4505099,0.0
0.0,0.13726239,0.0
0.0,0.4548859,0.0
1.0,0.31591564,0.0
1.0,0.54040146,1.0
1.0,0.87617207,1.0
0.0,0.11980108,0.0
0.0,0.3934713,0.0
1.0,0.72554755,1.0
1.0,0.58519155,1.0
0.0,0.10312073,0.0
0.0,0.3510452,0.0
0.0,0.5799517,1.0
0.0,0.35476768,0.0
0.0,0.40293047,0.0
0.0,0.11806866,0.0
1.0,0.6874307,1.0
1.0,0.8917401,1.0
1.0,0.8996179,1.0
0.0,0.22208874,0.0
1.0,0.99351054,1.0
0.0,0.17210606,0.0
0.0,0.4052102,0.0
1.0,0.29162896,0.0
0.0,0.23742276,0.0
1.0,0.99346256,1.0
0.0,0.6569277,1.0
0.0,0.1410087,0.0
0.0,0.4919146,0.0
1.0,0.35939166,0.0
0.0,0.21632569,0.0
1.0,0.892884,1.0
1.0,0.44922507,0.0
0.0,0.122863576,0.0
1.0,0.8186492,1.0
1.0,0.761417,1.0
1.0,0.9873613,1.0
0.0,0.057299342,0.0
1.0,0.9902232,1.0
0.0,0.051557265,0.0
1.0,0.8666788,1.0
0.0,0.1860919,0.0
0.0,0.3724649,0.0
0.0,0.11592834,0.0
0.0,0.65674883,1.0
1.0,0.7630456,1.0
0.0,0.1932823,0.0
0.0,0.48794636,0.0
0.0,0.2840074,0.0
0.0,0.16728756,0.0
0.0,0.045439873,0.0
0.0,0.5494773,1.0
0.0,0.29744625,0.0
0.0,0.25367153,0.0
1.0,0.8085999,1.0
1.0,0.5597613,1.0
1.0,0.9946234,1.0
0.0,0.19492772,0.0
0.0,0.5068454,1.0
1.0,0.73995084,1.0
0.0,0.30928728,0.0
0.0,0.38375127,0.0
0.0,0.06619433,0.0
1.0,0.80778027,1.0
1.0,0.40225196,0.0
0.0,0.54186124,1.0
1.0,0.8905346,1.0
1.0,0.73842824,1.0
0.0,0.6276243,1.0
0.0,0.4917666,0.0
0.0,0.12686573,0.0
1.0,0.44818842,0.0
0.0,0.05661962,0.0
0.0,0.1516548,0.0
1.0,0.4328162,0.0
1.0,0.62221307,1.0
0.0,0.123425946,0.0
0.0,0.15744983,0.0
1.0,0.54405624,1.0
0.0,0.2959385,0.0
0.0,0.60486925,1.0
0.0,0.14283569,0.0
0.0,0.054543085,0.0
1.0,0.9353294,1.0
1.0,0.2647542,0.0
1.0,0.673032,1.0
0.0,0.32135966,0.0
1.0,0.9115359,1.0
1.0,0.20394202,0.0
1.0,0.93216926,1.0
0.0,0.18988895,0.0
0.0,0.29324642,0.0
0.0,0.21403834,0.0
0.0,0.17181554,0.0
1.0,0.64645696,1.0
1.0,0.8683426,1.0
0.0,0.209786,0.0
1.0,0.8091357,1.0
1.0,0.7153127,1.0
1.0,0.93761545,1.0
1.0,0.41711003,0.0
0.0,0.10227143,0.0
1.0,0.98763484,1.0
1.0,0.48608196,0.0
1.0,0.8037008,1.0
0.0,0.20982662,0.0
0.0,0.01823537,0.0
1.0,0.8513729,1.0
0.0,0.11495139,0.0
1.0,0.6131864,1.0
0.0,0.46971384,0.0
1.0,0.8286668,1.0
1.0,0.549515,1.0
1.0,0.8551326,1.0
0.0,0.2868448,0.0
0.0,0.78826565,1.0
0.0,0.052017905,0.0
0.0,0.25259268,0.0
1.0,0.8510717,1.0
1.0,0.79679567,1.0
1.0,0.8773289,1.0
1.0,0.8452561,1.0
0.0,0.381196,0.0
0.0,0.16605668,0.0
1.0,0.9680347,1.0
0.0,0.8920522,1.0
0.0,0.02947085,0.0
0.0,0.099903904,0.0
1.0,0.78720206,1.0
0.0,0.51982075,1.0
1.0,0.7853043,1.0
1.0,0.9492454,1.0
0.0,0.30246073,0.0
0.0,0.3117731,0.0
1.0,0.46619362,0.0
1.0,0.996252,1.0
1.0,0.8470001,1.0
1.0,0.63030505,1.0
1.0,0.9022307,1.0
0.0,0.21529856,0.0
0.0,0.043394346,0.0
1.0,0.86131054,1.0
0.0,0.61809075,1.0
0.0,0.18935582,0.0
0.0,0.2256912,0.0
0.0,0.06307058,0.0
1.0,0.514237,1.0
1.0,0.8251424,1.0
0.0,0.009467483,0.0
1.0,0.5711251,1.0
0.0,0.4196904,0.0
1.0,0.9674124,1.0
0.0,0.36908245,0.0
0.0,0.18189503,0.0
1.0,0.7938635,1.0
1.0,0.7441418,1.0
0.0,0.22404079,0.0
0.0,0.7760514,1.0
1.0,0.80994534,1.0
1.0,0.21971229,0.0
1.0,0.227673,0.0
1.0,0.45477596,0.0
1.0,0.38200164,0.0
0.0,0.17919575,0.0
1.0,0.9341744,1.0
1.0,0.97005963,1.0
0.0,0.22630894,0.0
0.0,0.37683168,0.0
0.0,0.3504377,0.0
1.0,0.9780391,1.0
0.0,0.4372752,0.0
0.0,0.376954,0.0
1.0,0.3302466,0.0
1.0,0.17722651,0.0
0.0,0.41905078,0.0
1.0,0.5209301,1.0
0.0,0.4323965,0.0
0.0,0.15397398,0.0
1.0,0.5398684,1.0
0.0,0.19863757,0.0
1.0,0.8009068,1.0
1.0,0.9075062,1.0
0.0,0.057962477,0.0
0.0,0.46053013,0.0
0.0,0.6106684,1.0
1.0,0.53501886,1.0
0.0,0.13615228,0.0
0.0,0.2100383,0.0
1.0,0.17986602,0.0
1.0,0.89585835,1.0
0.0,0.367307,0.0
1.0,0.99318886,1.0
0.0,0.14851624,0.0
1.0,0.37693298,0.0
1.0,0.73658043,1.0
1.0,0.39851457,0.0
1.0,0.10347124,0.0
0.0,0.15622222,0.0
1.0,0.85877126,1.0
0.0,0.5275475,1.0
0.0,0.37701026,0.0
0.0,0.12674707,0.0
0.0,0.19334878,0.0
0.0,0.16470663,0.0
0.0,0.14987023,0.0
1.0,0.47345,0.0
0.0,0.38851407,0.0
0.0,0.30797654,0.0
0.0,0.07961645,0.0
0.0,0.061223924,0.0
0.0,0.88463295,1.0
1.0,0.22298071,0.0
1.0,0.52856594,1.0
0.0,0.075753376,0.0
0.0,0.15617663,0.0
1.0,0.993002,1.0
1.0,0.7374582,1.0
1.0,0.27958015,0.0
1.0,0.90898675,1.0
1.0,0.87137496,1.0
1.0,0.34620187,0.0
0.0,0.16578873,0.0
0.0,0.6175547,1.0
0.0,0.24748187,0.0
0.0,0.65549296,1.0
0.0,0.068848014,0.0
0.0,0.026482549,0.0
0.0,0.42652708,0.0
1.0,0.9857573,1.0
0.0,0.036271535,0.0
1.0,0.4687328,0.0
1.0,0.94039863,1.0
1.0,0.8391613,1.0
1.0,0.9655547,1.0
1.0,0.8911625,1.0
0.0,0.42837536,0.0
0.0,0.53939295,1.0
0.0,0.12334102,0.0
1.0,0.81653166,1.0
1.0,0.39594972,0.0
0.0,0.3315091,0.0
0.0,0.4790175,0.0
1.0,0.48810786,0.0
1.0,0.97361404,1.0
1.0,0.30321866,0.0
0.0,0.36422098,0.0
1.0,0.45992273,0.0
1.0,0.18057016,0.0
0.0,0.15881136,0.0
1.0,0.44935945,0.0
0.0,0.0587955,0.0
0.0,0.18990663,0.0
1.0,0.5812915,1.0
0.0,0.14520751,0.0
0.0,0.4150323,0.0
1.0,0.95272624,1.0
1.0,0.9959484,1.0
1.0,0.92960876,1.0
0.0,0.15749988,0.0
0.0,0.4256107,0.0
0.0,0.10007115,0.0
1.0,0.88975185,1.0
0.0,0.11677292,0.0
0.0,0.36256793,0.0
1.0,0.9115437,1.0
0.0,0.10658983,0.0
1.0,0.8462442,1.0
0.0,0.26408496,0.0
1.0,0.4157168,0.0
0.0,0.10667998,0.0
1.0,0.9544933,1.0
1.0,0.7258417,1.0
1.0,0.89541715,1.0
1.0,0.8588655,1.0
0.0,0.32862812,0.0
1.0,0.27718267,0.0
1.0,0.1858839,0.0
1.0,0.9004857,1.0
0.0,0.21295822,0.0
1.0,0.44113317,0.0
1.0,0.48341838,0.0
0.0,0.7888731,1.0
0.0,0.06239202,0.0
1.0,0.9420785,1.0
1.0,0.61233014,1.0
0.0,0.7655071,1.0
1.0,0.4636299,0.0
0.0,0.37060842,0.0
0.0,0.19438198,0.0
0.0,0.26031992,0.0
0.0,0.16236024,0.0
1.0,0.28118864,0.0
1.0,0.56328166,1.0
0.0,0.613102,1.0
0.0,0.12370581,0.0
0.0,0.3301519,0.0
0.0,0.13996316,0.0
1.0,0.8471197,1.0
0.0,0.15402548,0.0
1.0,0.1708831,0.0
0.0,0.84080625,1.0
1.0,0.46660832,0.0
0.0,0.12925568,0.0
1.0,0.5433161,1.0
1.0,0.8832252,1.0
0.0,0.15579969,0.0
0.0,0.60311973,1.0
0.0,0.24655622,0.0
0.0,0.36509842,0.0
0.0,0.03769295,0.0
1.0,0.55412537,1.0
0.0,0.44469377,0.0
1.0,0.71727264,1.0
0.0,0.02470988,0.0
0.0,0.93851703,1.0
0.0,0.1763495,0.0
0.0,0.5834592,1.0
1.0,0.9471601,1.0
1.0,0.9541187,1.0
1.0,0.83556783,1.0
0.0,0.17613605,0.0
1.0,0.94758755,1.0
0.0,0.4266352,0.0
1.0,0.30630386,0.0
1.0,0.35419223,0.0
0.0,0.12444254,0.0
0.0,0.7489407,1.0
0.0,0.29622465,0.0
0.0,0.14819145,0.0
0.0,0.33195257,0.0
0.0,0.022715459,0.0
0.0,0.17345774,0.0
1.0,0.30065918,0.0
0.0,0.7382019,1.0
1.0,0.3358999,0.0
0.0,0.6516725,1.0
1.0,0.72550154,1.0
1.0,0.1813774,0.0
0.0,0.2451592,0.0
1.0,0.5695115,1.0
0.0,0.06499247,0.0
1.0,0.73941237,1.0
1.0,0.9940572,1.0
0.0,0.6831591,1.0
0.0,0.15119542,0.0
1.0,0.9131742,1.0
0.0,0.15650982,0.0
0.0,0.24582903,0.0
0.0,0.1402788,0.0
0.0,0.32943958,0.0
0.0,0.09283618,0.0
0.0,0.45888868,0.0
1.0,0.8986408,1.0
1.0,0.42616856,0.0
1.0,0.3106332,0.0
0.0,0.12791403,0.0
1.0,0.69136065,1.0
0.0,0.03984411,0.0
0.0,0.14596352,0.0
0.0,0.16030592,0.0
1.0,0.10778364,0.0
0.0,0.4769515,0.0
0.0,0.08232008,0.0
0.0,0.15949939,0.0
1.0,0.91115475,1.0
0.0,0.11318023,0.0
1.0,0.38165712,0.0
1.0,0.38760242,0.0
1.0,0.99071854,1.0
0.0,0.6447794,1.0
1.0,0.9919578,1.0
1.0,0.8224095,1.0
1.0,0.8580948,1.0
0.0,0.22366396,0.0
0.0,0.21236587,0.0
1.0,0.45169264,0.0
0.0,0.0123991445,0.0
0.0,0.013148022,0.0
0.0,0.19025385,0.0
1.0,0.7235155,1.0
0.0,0.1831717,0.0
0.0,0.5082193,1.0
1.0,0.39799762,0.0
1.0,0.3608472,0.0
1.0,0.94365054,1.0
1.0,0.6216304,1.0
0.0,0.19678049,0.0
0.0,0.6451602,1.0
0.0,0.14214174,0.0
1.0,0.97184855,1.0
1.0,0.9916829,1.0
1.0,0.46423718,0.0
0.0,0.0567665,0.0
1.0,0.9487462,1.0
1.0,0.46667975,0.0
0.0,0.19843118,0.0
0.0,0.2782895,0.0
1.0,0.7666995,1.0
1.0,0.9463018,1.0
1.0,0.40232792,0.0
1.0,0.9382655,1.0
0.0,0.2409569,0.0
0.0,0.46924597,0.0
0.0,0.4673339,0.0
0.0,0.16757873,0.0
0.0,0.14783491,0.0
0.0,0.21632937,0.0
0.0,0.37509003,0.0
0.0,0.2535065,0.0
1.0,0.6074516,1.0
1.0,0.76430464,1.0
0.0,0.37821925,0.0
0.0,0.1308422,0.0
0.0,0.34297037,0.0
1.0,0.95522517,1.0
0.0,0.28852183,0.0
1.0,0.7462958,1.0
0.0,0.025836173,0.0
0.0,0.14514942,0.0
1.0,0.990261,1.0
1.0,0.9659272,1.0
1.0,0.5902047,1.0
1.0,0.9917721,1.0
0.0,0.21309309,0.0
0.0,0.26008174,0.0
1.0,0.5743049,1.0
1.0,0.86644304,1.0
0.0,0.26107553,0.0
0.0,0.5247888,1.0
1.0,0.19730234,0.0
1.0,0.12436405,0.0
0.0,0.30952427,0.0
1.0,0.4388047,0.0
0.0,0.018603358,0.0
1.0,0.78940374,1.0
0.0,0.75539094,1.0
1.0,0.86018646,1.0
1.0,0.559948,1.0
1.0,0.9815616,1.0
0.0,0.2836519,0.0
1.0,0.9839061,1.0
0.0,0.16258346,0.0
1.0,0.89786655,1.0
0.0,0.13009152,0.0
0.0,0.16825452,0.0
1.0,0.9476982,1.0
0.0,0.1760167,0.0
0.0,0.5366372,1.0
1.0,0.21262562,0.0
0.0,0.0148289455,0.0
1.0,0.37999794,0.0
0.0,0.21056946,0.0
1.0,0.3323574,0.0
1.0,0.12634312,0.0
1.0,0.9786652,1.0
1.0,0.90743756,1.0
0.0,0.21224071,0.0
1.0,0.9609796,1.0
1.0,0.37658834,0.0
0.0,0.60208476,1.0
1.0,0.95628667,1.0
0.0,0.060296755,0.0
1.0,0.98980194,1.0
0.0,0.16208187,0.0
0.0,0.371721,0.0
0.0,0.6307615,1.0
0.0,0.13583584,0.0
1.0,0.85350317,1.0
0.0,0.1698539,0.0
0.0,0.4989516,0.0
1.0,0.9882434,1.0
0.0,0.3088058,0.0
0.0,0.09151801,0.0
0.0,0.16053851,0.0
1.0,0.9135713,1.0
0.0,0.25621986,0.0
1.0,0.26618224,0.0
0.0,0.55612123,1.0
1.0,0.5740277,1.0
1.0,0.62676376,1.0
1.0,0.37448066,0.0
1.0,0.59704816,1.0
0.0,0.09896852,0.0
1.0,0.847278,1.0
0.0,0.023209807,0.0
1.0,0.65601707,1.0
1.0,0.97487664,1.0
0.0,0.1196892,0.0
1.0,0.72726274,1.0
1.0,0.82994616,1.0
1.0,0.26686352,0.0
0.0,0.37120357,0.0
0.0,0.4233742,0.0
0.0,0.1663293,0.0
0.0,0.22930102,0.0
0.0,0.068283185,0.0
0.0,0.3198109,0.0
0.0,0.12319674,0.0
1.0,0.9677219,1.0
1.0,0.3441701,0.0
0.0,0.16426793,0.0
0.0,0.25877097,0.0
0.0,0.14397506,0.0
0.0,0.2345318,0.0
0.0,0.16809577,0.0
0.0,0.11023414,0.0
1.0,0.3486212,0.0
1.0,0.9654714,1.0
1.0,0.72005194,1.0
0.0,0.11036293,0.0
1.0,0.93751496,1.0
1.0,0.46433556,0.0
0.0,0.13957058,0.0
1.0,0.9524168,1.0
1.0,0.92010325,1.0
1.0,0.42071804,0.0
0.0,0.15443018,0.0
0.0,0.23265529,0.0
0.0,0.12357035,0.0
1.0,0.94394237,1.0
1.0,0.56011045,1.0
0.0,0.2099947,0.0
0.0,0.108399734,0.0
1.0,0.8455612,1.0
1.0,0.8020822,1.0
1.0,0.38631195,0.0
1.0,0.2693108,0.0
0.0,0.1556293,0.0
0.0,0.4319819,0.0
0.0,0.024782615,0.0
1.0,0.74437034,1.0
1.0,0.8801167,1.0
1.0,0.54013765,1.0
0.0,0.18116607,0.0
1.0,0.802216,1.0
1.0,0.6468433,1.0
0.0,0.79841775,1.0
1.0,0.74465925,1.0
0.0,0.44476286,0.0
0.0,0.11510373,0.0
1.0,0.92562145,1.0
1.0,0.35129997,0.0
0.0,0.14727789,0.0
1.0,0.99002224,1.0
1.0,0.97845876,1.0
0.0,0.3310148,0.0
0.0,0.17966528,0.0
1.0,0.47181982,0.0
1.0,0.9070601,1.0
0.0,0.66918385,1.0
1.0,0.73753774,1.0
1.0,0.9932876,1.0
0.0,0.4050447,0.0
0.0,0.14942864,0.0
1.0,0.98568416,1.0
1.0,0.99711263,1.0
1.0,0.8272126,1.0
0.0,0.75667804,1.0
0.0,0.14039138,0.0
0.0,0.30532402,0.0
1.0,0.13964915,0.0
1.0,0.6733873,1.0
1.0,0.9810449,1.0
0.0,0.013250082,0.0
0.0,0.30088612,0.0
1.0,0.5991848,1.0
1.0,0.78699493,1.0
1.0,0.5935886,1.0
0.0,0.79014474,1.0
0.0,0.31298444,0.0
0.0,0.27951038,0.0
1.0,0.42773154,0.0
1.0,0.99332774,1.0
0.0,0.20023125,0.0
0.0,0.8535621,1.0
0.0,0.048917543,0.0
1.0,0.99016714,1.0
1.0,0.92138034,1.0
0.0,0.4582015,0.0
0.0,0.79274184,1.0
0.0,0.15880223,0.0
0.0,0.6821893,1.0
0.0,0.26508424,0.0
0.0,0.4303279,0.0
0.0,0.20035563,0.0
0.0,0.62744814,1.0
1.0,0.71105206,1.0
1.0,0.47963583,0.0
0.0,0.47209117,0.0
0.0,0.5564954,1.0
1.0,0.880586,1.0
1.0,0.72582173,1.0
1.0,0.8997033,1.0
0.0,0.25375223,0.0
0.0,0.16216408,0.0
0.0,0.5234994,1.0
0.0,0.46628153,0.0
0.0,0.115420945,0.0
0.0,0.10658505,0.0
1.0,0.8070748,1.0
1.0,0.7825876,1.0
0.0,0.28732154,0.0
1.0,0.82912135,1.0
0.0,0.13307664,0.0
0.0,0.041085575,0.0
1.0,0.98622686,1.0
0.0,0.287445,0.0
1.0,0.9872181,1.0
0.0,0.44599816,0.0
1.0,0.76403457,1.0
1.0,0.9041586,1.0
0.0,0.40967634,0.0
0.0,0.51584715,1.0
0.0,0.060374938,0.0
0.0,0.08877825,0.0
1.0,0.91183656,1.0
0.0,0.21324249,0.0
1.0,0.9091349,1.0
1.0,0.9548638,1.0
1.0,0.8350955,1.0
0.0,0.56699383,1.0
1.0,0.69227666,1.0
1.0,0.77933216,1.0
0.0,0.31073445,0.0
1.0,0.9562638,1.0
0.0,0.09476507,0.0
0.0,0.05998618,0.0
1.0,0.6361932,1.0
0.0,0.41616112,0.0
0.0,0.54758227,1.0
0.0,0.12991768,0.0
1.0,0.657217,1.0
1.0,0.8913477,1.0
0.0,0.56258124,1.0
1.0,0.9786527,1.0
1.0,0.64926183,1.0
1.0,0.5764923,1.0
0.0,0.406966,0.0
1.0,0.66291034,1.0
1.0,0.89377517,1.0
0.0,0.33357477,0.0
0.0,0.21602659,0.0
0.0,0.24623297,0.0
1.0,0.997166,1.0
0.0,0.42048168,0.0
1.0,0.939461,1.0
0.0,0.095044315,0.0
1.0,0.6379986,1.0
0.0,0.25627926,0.0
0.0,0.41088095,0.0
1.0,0.3941941,0.0
0.0,0.15566607,0.0
1.0,0.9929356,1.0
0.0,0.38475958,0.0
0.0,0.21454974,0.0
0.0,0.29326457,0.0
1.0,0.8875208,1.0
0.0,0.12490253,0.0
1.0,0.2673908,0.0
1.0,0.9413522,1.0
0.0,0.28690442,0.0
0.0,0.10921138,0.0
1.0,0.48876634,0.0
0.0,0.32886475,0.0
1.0,0.93917555,1.0
1.0,0.5369688,1.0
1.0,0.99622643,1.0
1.0,0.99151516,1.0
1.0,0.8714799,1.0
1.0,0.09659949,0.0
0.0,0.25336942,0.0
0.0,0.14804693,0.0
1.0,0.94584334,1.0
0.0,0.17404912,0.0
0.0,0.4779915,0.0
0.0,0.3347705,0.0
0.0,0.034609396,0.0
0.0,0.4883677,0.0
1.0,0.30839828,0.0
0.0,0.15435345,0.0
1.0,0.99658704,1.0
0.0,0.21628585,0.0
1.0,0.9233011,1.0
1.0,0.30932206,0.0
0.0,0.8268784,1.0
0.0,0.020864014,0.0
0.0,0.37685546,0.0
0.0,0.12768456,0.0
1.0,0.44868243,0.0
1.0,0.8145926,1.0
1.0,0.9509081,1.0
0.0,0.21381061,0.0
0.0,0.20884272,0.0
0.0,0.13332528,0.0
0.0,0.53308374,1.0
0.0,0.11323281,0.0
0.0,0.2646188,0.0
0.0,0.24075955,0.0
1.0,0.6890701,1.0
0.0,0.26521552,0.0
1.0,0.76873726,1.0
0.0,0.36320043,0.0
0.0,0.3456466,0.0
0.0,0.329636,0.0
1.0,0.93388104,1.0
1.0,0.8424528,1.0
0.0,0.25830647,0.0
1.0,0.41060165,0.0
1.0,0.91848975,1.0
1.0,0.97837853,1.0
0.0,0.3864574,0.0
1.0,0.9576112,1.0
0.0,0.17852336,0.0
1.0,0.37694678,0.0
0.0,0.51663345,1.0
0.0,0.9176346,1.0
0.0,0.10533355,0.0
1.0,0.6376002,1.0
0.0,0.29574776,0.0
0.0,0.43914783,0.0
0.0,0.2856351,0.0
0.0,0.052031998,0.0
0.0,0.52313066,1.0
1.0,0.24196228,0.0
0.0,0.29767933,0.0
0.0,0.21071106,0.0
0.0,0.18210839,0.0
1.0,0.35113618,0.0
0.0,0.059229627,0.0
0.0,0.20462419,0.0
0.0,0.1439234,0.0
0.0,0.31139475,0.0
1.0,0.4441674,0.0
1.0,0.16591041,0.0
0.0,0.16160458,0.0
1.0,0.7869048,1.0
1.0,0.3162716,0.0
0.0,0.5329553,1.0
0.0,0.12120998,0.0
0.0,0.16246253,0.0
1.0,0.51944244,1.0
0.0,0.277673,0.0
0.0,0.13456637,0.0
1.0,0.9346938,1.0
0.0,0.23348454,0.0
0.0,0.41258878,0.0
0.0,0.48006204,0.0
1.0,0.3684719,0.0
1.0,0.996121,1.0
1.0,0.2803387,0.0
0.0,0.3528286,0.0
0.0,0.36362022,0.0
1.0,0.85646045,1.0
0.0,0.27850875,0.0
0.0,0.10890036,0.0
0.0,0.37139097,0.0
0.0,0.06469302,0.0
0.0,0.28581268,0.0
1.0,0.9545325,1.0
1.0,0.98886395,1.0
1.0,0.431008,0.0
1.0,0.9622037,1.0
1.0,0.23343663,0.0
0.0,0.13547143,0.0
0.0,0.280304,0.0
1.0,0.6320758,1.0
1.0,0.43301013,0.0
1.0,0.65954375,1.0
0.0,0.29179114,0.0
0.0,0.38746628,0.0
1.0,0.9449176,1.0
0.0,0.14007494,0.0
1.0,0.4235993,0.0
1.0,0.7041997,1.0
0.0,0.45764488,0.0
0.0,0.25229412,0.0
1.0,0.7651771,1.0
0.0,0.13966927,0.0
1.0,0.43165717,0.0
0.0,0.35215467,0.0
1.0,0.5467523,1.0
0.0,0.3072514,0.0
0.0,0.24247466,0.0
1.0,0.48975992,0.0
0.0,0.15349859,0.0
1.0,0.68202466,1.0
0.0,0.013121635,0.0
0.0,0.122149296,0.0
1.0,0.7898982,1.0
0.0,0.7408026,1.0
0.0,0.1539448,0.0
0.0,0.52669734,1.0
1.0,0.12818454,0.0
1.0,0.53229856,1.0
0.0,0.38910827,0.0
1.0,0.8376996,1.0
0.0,0.16220309,0.0
1.0,0.9137381,1.0
1.0,0.58753985,1.0
1.0,0.9614357,1.0
1.0,0.6793085,1.0
1.0,0.9349423,1.0
0.0,0.4849384,0.0
1.0,0.97939944,1.0
0.0,0.6490286,1.0
1.0,0.62495714,1.0
1.0,0.7974625,1.0
0.0,0.4100465,0.0
0.0,0.21965146,0.0
1.0,0.6373923,1.0
0.0,0.60568225,1.0
0.0,0.41092893,0.0
1.0,0.117828436,0.0
0.0,0.37287363,0.0
0.0,0.36973596,0.0
0.0,0.3354808,0.0
0.0,0.03977235,0.0
0.0,0.23384209,0.0
1.0,0.62444556,1.0
1.0,0.9087467,1.0
0.0,0.27105582,0.0
1.0,0.27935085,0.0
1.0,0.55502254,1.0
0.0,0.1440393,0.0
0.0,0.5907028,1.0
1.0,0.8441543,1.0
0.0,0.1429376,0.0
1.0,0.8935726,1.0
0.0,0.16294658,0.0
0.0,0.04420629,0.0
1.0,0.25707957,0.0
0.0,0.353286,0.0
1.0,0.7752927,1.0
0.0,0.44243437,0.0
1.0,0.5673523,1.0
0.0,0.70426196,1.0
0.0,0.60832363,1.0
0.0,0.558747,1.0
1.0,0.86845255,1.0
1.0,0.5748407,1.0
0.0,0.1521488,0.0
0.0,0.5579287,1.0
0.0,0.025154013,0.0
0.0,0.045729544,0.0
0.0,0.44364315,0.0
1.0,0.9598602,1.0
1.0,0.8884101,1.0
0.0,0.53688294,1.0
0.0,0.17484197,0.0
0.0,0.21829252,0.0
1.0,0.36514983,0.0
1.0,0.7146941,1.0
0.0,0.1178775,0.0
1.0,0.89059305,1.0
0.0,0.088400565,0.0
1.0,0.9386856,1.0
1.0,0.96817744,1.0
0.0,0.3474953,0.0
1.0,0.9268626,1.0
0.0,0.11594392,0.0
0.0,0.0859209,0.0
1.0,0.9398649,1.0
0.0,0.23359816,0.0
1.0,0.996518,1.0
0.0,0.44466242,0.0
1.0,0.5974852,1.0
0.0,0.026594019,0.0
1.0,0.22612227,0.0
0.0,0.22794318,0.0
0.0,0.1815238,0.0
0.0,0.3067682,0.0
0.0,0.53774333,1.0
1.0,0.9545319,1.0
0.0,0.9324861,1.0
0.0,0.7007162,1.0
0.0,0.109414004,0.0
0.0,0.8244577,1.0
1.0,0.9637686,1.0
1.0,0.86797404,1.0
1.0,0.4741779,0.0
1.0,0.44129828,0.0
1.0,0.7400003,1.0
0.0,0.17061153,0.0
0.0,0.153781,0.0
1.0,0.7352368,1.0
0.0,0.43771553,0.0
0.0,0.045563437,0.0
1.0,0.43588537,0.0
1.0,0.37272608,0.0
1.0,0.69834024,1.0
1.0,0.98942894,1.0
0.0,0.3398008,0.0
0.0,0.67719036,1.0
1.0,0.31649715,0.0
0.0,0.15389022,0.0
1.0,0.41683352,0.0
0.0,0.23269285,0.0
0.0,0.16005337,0.0
1.0,0.9352525,1.0
1.0,0.7816619,1.0
1.0,0.77951896,1.0
1.0,0.84500176,1.0
0.0,0.14921929,0.0
0.0,0.28230906,0.0
1.0,0.97793204,1.0
0.0,0.08516309,0.0
0.0,0.60519797,1.0
0.0,0.7957523,1.0
0.0,0.046444,0.0
0.0,0.29207456,0.0
0.0,0.21717411,0.0
1.0,0.30468637,0.0
1.0,0.53235024,1.0
0.0,0.42085388,0.0
1.0,0.826287,1.0
0.0,0.16899624,0.0
0.0,0.10883537,0.0
0.0,0.13325654,0.0
0.0,0.24181247,0.0
0.0,0.053310893,0.0
0.0,0.18721303,0.0
1.0,0.91490483,1.0
0.0,0.05841036,0.0
1.0,0.96396196,1.0
1.0,0.75709593,1.0
1.0,0.7280093,1.0
0.0,0.35624355,0.0
1.0,0.40971228,0.0
1.0,0.8556483,1.0
0.0,0.015549975,0.0
0.0,0.11306996,0.0
1.0,0.26470032,0.0
0.0,0.17899029,0.0
1.0,0.9861098,1.0
0.0,0.7712552,1.0
0.0,0.44182077,0.0
0.0,0.6269824,1.0
1.0,0.70342815,1.0
1.0,0.76109767,1.0
1.0,0.63391215,1.0
0.0,0.5302914,1.0
0.0,0.40001124,0.0
1.0,0.40150374,0.0
1.0,0.99736696,1.0
1.0,0.8929203,1.0
0.0,0.06853818,0.0
1.0,0.15111588,0.0
0.0,0.19879113,0.0
0.0,0.06031599,0.0
0.0,0.275857,0.0
1.0,0.32655224,0.0
0.0,0.13025515,0.0
0.0,0.36443532,0.0
1.0,0.9647472,1.0
0.0,0.12892191,0.0
0.0,0.013167438,0.0
0.0,0.04157281,0.0
1.0,0.2852292,0.0
1.0,0.24163482,0.0
0.0,0.28131083,0.0
0.0,0.16482167,0.0
1.0,0.96265817,1.0
0.0,0.14249966,0.0
0.0,0.46268457,0.0
1.0,0.86998314,1.0
0.0,0.45205367,0.0
0.0,0.011037988,0.0
1.0,0.63564485,1.0
1.0,0.85576445,1.0
0.0,0.085375234,0.0
0.0,0.6688808,1.0
1.0,0.27174285,0.0
1.0,0.7728317,1.0
1.0,0.71556675,1.0
1.0,0.7086886,1.0
0.0,0.028757507,0.0
0.0,0.6433923,1.0
0.0,0.65673697,1.0
0.0,0.7594614,1.0
0.0,0.19940016,0.0
0.0,0.10904653,0.0
0.0,0.3767246,0.0
1.0,0.89457643,1.0
1.0,0.9933108,1.0
0.0,0.37091893,0.0
0.0,0.5252517,1.0
1.0,0.9501672,1.0
0.0,0.1190303,0.0
0.0,0.7245589,1.0
1.0,0.7746581,1.0
0.0,0.22239533,0.0
0.0,0.39668417,0.0
0.0,0.12770255,0.0
0.0,0.37634623,0.0
0.0,0.3506216,0.0
0.0,0.06258534,0.0
1.0,0.9836962,1.0
1.0,0.45806417,0.0
0.0,0.32000834,0.0
0.0,0.5776557,1.0
0.0,0.14621037,0.0
1.0,0.19429098,0.0
1.0,0.9471228,1.0
1.0,0.6145482,1.0
1.0,0.833815,1.0
1.0,0.8591599,1.0
0.0,0.23809184,0.0
0.0,0.15646817,0.0
1.0,0.9968888,1.0
0.0,0.6506313,1.0
1.0,0.9965849,1.0
1.0,0.8153475,1.0
1.0,0.5857362,1.0
1.0,0.92191267,1.0
0.0,0.089863785,0.0
0.0,0.5334574,1.0
1.0,0.2332083,0.0
0.0,0.36829624,0.0
1.0,0.5192971,1.0
0.0,0.014263901,0.0
1.0,0.70933884,1.0
0.0,0.29254648,0.0
1.0,0.6617248,1.0
0.0,0.40758294,0.0
0.0,0.29535323,0.0
0.0,0.10652488,0.0
1.0,0.98280555,1.0
1.0,0.28710714,0.0
1.0,0.8448233,1.0
1.0,0.97000027,1.0
1.0,0.60666543,1.0
1.0,0.87488395,1.0
1.0,0.90472066,1.0
1.0,0.16142546,0.0
1.0,0.6974444,1.0
0.0,0.4810402,0.0
0.0,0.11437085,0.0
1.0,0.9737726,1.0
1.0,0.48826787,0.0
1.0,0.32585302,0.0
0.0,0.21356188,0.0
0.0,0.17068383,0.0
0.0,0.56927377,1.0
1.0,0.41108117,0.0
1.0,0.60564494,1.0
0.0,0.38938746,0.0
0.0,0.026427403,0.0
0.0,0.26093635,0.0
0.0,0.07488192,0.0
1.0,0.12756754,0.0
0.0,0.3329692,0.0
1.0,0.98077285,1.0
1.0,0.6767561,1.0
0.0,0.494558,0.0
0.0,0.18812437,0.0
1.0,0.95293266,1.0
0.0,0.5811465,1.0
1.0,0.863502,1.0
0.0,0.040934667,0.0
1.0,0.21621896,0.0
1.0,0.93866724,1.0
1.0,0.48398304,0.0
1.0,0.33931,0.0
0.0,0.31695294,0.0
0.0,0.13795383,0.0
0.0,0.06949503,0.0
0.0,0.16872293,0.0
0.0,0.4272156,0.0
1.0,0.8704103,1.0
0.0,0.2675045,0.0
0.0,0.32778516,0.0
0.0,0.4230274,0.0
1.0,0.6301395,1.0
0.0,0.2691053,0.0
1.0,0.6428294,1.0
1.0,0.7336664,1.0
0.0,0.23333304,0.0
0.0,0.09575143,0.0
0.0,0.22434063,0.0
1.0,0.9260726,1.0
0.0,0.55636334,1.0
1.0,0.9055167,1.0
0.0,0.04634482,0.0
1.0,0.46411693,0.0
1.0,0.9876788,1.0
0.0,0.40793645,0.0
0.0,0.22051243,0.0
1.0,0.39902416,0.0
0.0,0.55815536,1.0
0.0,0.10530965,0.0
0.0,0.31972334,0.0
0.0,0.31393656,0.0
0.0,0.014389489,0.0
0.0,0.10948698,0.0
1.0,0.4813583,0.0
0.0,0.40441543,0.0
1.0,0.97281295,1.0
1.0,0.5628036,1.0
1.0,0.74149424,1.0
0.0,0.11320243,0.0
1.0,0.9111131,1.0
0.0,0.59285897,1.0
0.0,0.118165396,0.0
1.0,0.91455686,1.0
1.0,0.46134618,0.0
1.0,0.75325924,1.0
0.0,0.28477097,0.0
0.0,0.036249354,0.0
0.0,0.096245855,0.0
1.0,0.4786164,0.0
0.0,0.0077007283,0.0
0.0,0.30126393,0.0
0.0,0.089739785,0.0
0.0,0.52291733,1.0
0.0,0.1971333,0.0
0.0,0.097027875,0.0
0.0,0.1681633,0.0
0.0,0.5343185,1.0
0.0,0.11039054,0.0
0.0,0.09653978,0.0
1.0,0.10193886,0.0
0.0,0.46809244,0.0
0.0,0.1057359,0.0
1.0,0.5712445,1.0
1.0,0.29071084,0.0
1.0,0.9651034,1.0
0.0,0.36222208,0.0
0.0,0.6147569,1.0
1.0,0.99680555,1.0
1.0,0.44271153,0.0
1.0,0.95715064,1.0
1.0,0.9937173,1.0
0.0,0.17172033,0.0
0.0,0.09392276,0.0
0.0,0.32311323,0.0
0.0,0.344085,0.0
0.0,0.09941297,0.0
0.0,0.7318139,1.0
0.0,0.31658265,0.0
0.0,0.47432122,0.0
1.0,0.7026416,1.0
1.0,0.28803736,0.0
0.0,0.52223593,1.0
1.0,0.858934,1.0
1.0,0.9353215,1.0
1.0,0.9342809,1.0
1.0,0.12031311,0.0
1.0,0.9198994,1.0
0.0,0.10873298,0.0
0.0,0.14103115,0.0
0.0,0.012152047,0.0
1.0,0.963397,1.0
1.0,0.6880978,1.0
0.0,0.27542976,0.0
1.0,0.8838473,1.0
1.0,0.28823292,0.0
1.0,0.9427763,1.0
0.0,0.65410715,1.0
0.0,0.5612007,1.0
0.0,0.13730927,0.0
0.0,0.12332147,0.0
1.0,0.37925068,0.0
1.0,0.49071568,0.0
0.0,0.74154127,1.0
0.0,0.4094888,0.0
0.0,0.22670174,0.0
0.0,0.23138808,0.0
1.0,0.62630147,1.0
1.0,0.3292524,0.0
1.0,0.83587015,1.0
1.0,0.45230356,0.0
0.0,0.16407914,0.0
0.0,0.11482023,0.0
1.0,0.9323242,1.0
1.0,0.98937815,1.0
0.0,0.028265018,0.0
1.0,0.83624905,1.0
0.0,0.31774294,0.0
1.0,0.8176525,1.0
1.0,0.9502811,1.0
0.0,0.43803406,0.0
1.0,0.9194865,1.0
0.0,0.41291094,0.0
0.0,0.112499535,0.0
0.0,0.10707273,0.0
0.0,0.3862138,0.0
1.0,0.8536256,1.0
0.0,0.19851153,0.0
0.0,0.016120488,0.0
1.0,0.3842557,0.0
0.0,0.35486862,0.0
0.0,0.35578054,0.0
0.0,0.3364596,0.0
1.0,0.9369869,1.0
1.0,0.9964939,1.0
0.0,0.4662818,0.0
1.0,0.55294573,1.0
0.0,0.08282449,0.0
1.0,0.87878007,1.0
1.0,0.9703667,1.0
0.0,0.43794295,0.0
0.0,0.12119771,0.0
0.0,0.4520704,0.0
0.0,0.35928205,0.0
0.0,0.47612,0.0
0.0,0.0829427,0.0
1.0,0.5039526,1.0
0.0,0.01122737,0.0
1.0,0.45365927,0.0
0.0,0.04099704,0.0
1.0,0.7553089,1.0
1.0,0.9903819,1.0
0.0,0.0760037,0.0
0.0,0.12975426,0.0
0.0,0.23526049,0.0
1.0,0.8450869,1.0
1.0,0.21187428,0.0
0.0,0.28836015,0.0
0.0,0.23837925,0.0
0.0,0.19366354,0.0
0.0,0.17381854,0.0
1.0,0.33781347,0.0
1.0,0.9954717,1.0
0.0,0.2793887,0.0
0.0,0.12388254,0.0
0.0,0.43403777,0.0
1.0,0.9905528,1.0
0.0,0.2202808,0.0
1.0,0.93518287,1.0
0.0,0.83626986,1.0
0.0,0.26103875,0.0
0.0,0.21752678,0.0
0.0,0.11287893,0.0
1.0,0.9881103,1.0
0.0,0.0128760515,0.0
1.0,0.9670359,1.0
0.0,0.24920864,0.0
1.0,0.94545543,1.0
0.0,0.4520262,0.0
1.0,0.8137337,1.0
1.0,0.69385827,1.0
0.0,0.46952873,0.0
1.0,0.20090513,0.0
1.0,0.85771376,1.0
1.0,0.9509492,1.0
0.0,0.47140354,0.0
0.0,0.38482752,0.0
0.0,0.31409213,0.0
1.0,0.19387619,0.0
0.0,0.37956008,0.0
1.0,0.41430724,0.0
0.0,0.32306188,0.0
1.0,0.94925994,1.0
1.0,0.17247005,0.0
1.0,0.9961675,1.0
0.0,0.1279885,0.0
1.0,0.22190078,0.0
0.0,0.080141336,0.0
1.0,0.56935143,1.0
0.0,0.22504096,0.0
0.0,0.43653962,0.0
1.0,0.6637064,1.0
0.0,0.021629244,0.0
1.0,0.6812887,1.0
0.0,0.012885188,0.0
1.0,0.79646075,1.0
0.0,0.2845073,0.0
0.0,0.34362832,0.0
0.0,0.23002246,0.0
0.0,0.539106,1.0
1.0,0.8822321,1.0
0.0,0.17590193,0.0
0.0,0.010889008,0.0
1.0,0.4081146,0.0
1.0,0.9637555,1.0
1.0,0.44797942,0.0
0.0,0.10350572,0.0
1.0,0.62473017,1.0
0.0,0.0092917085,0.0
0.0,0.13741495,0.0
0.0,0.01463005,0.0
1.0,0.9318444,1.0
1.0,0.9539387,1.0
1.0,0.8552314,1.0
0.0,0.09055635,0.0
1.0,0.7201166,1.0
1.0,0.7356142,1.0
0.0,0.15088795,0.0
1.0,0.8090161,1.0
0.0,0.3900902,0.0
1.0,0.09996893,0.0
0.0,0.37144703,0.0
1.0,0.50877196,1.0
1.0,0.43559852,0.0
0.0,0.16647695,0.0
1.0,0.82979244,1.0
1.0,0.32523596,0.0
0.0,0.3065942,0.0
1.0,0.87675524,1.0
0.0,0.021333482,0.0
0.0,0.2463398,0.0
0.0,0.34129894,0.0
1.0,0.06182089,0.0
1.0,0.97413754,1.0
1.0,0.8674318,1.0
0.0,0.49226597,0.0
1.0,0.94541323,1.0
0.0,0.57675666,1.0
0.0,0.58027047,1.0
1.0,0.84023327,1.0
0.0,0.44197133,0.0
0.0,0.2812657,0.0
1.0,0.9821085,1.0
0.0,0.123677276,0.0
1.0,0.9711618,1.0
0.0,0.022602506,0.0
0.0,0.59279454,1.0
1.0,0.97428596,1.0
1.0,0.7497598,1.0
0.0,0.3957724,0.0
1.0,0.77143466,1.0
1.0,0.9847156,1.0
1.0,0.97944194,1.0
0.0,0.5295578,1.0
0.0,0.2901964,0.0
1.0,0.56801844,1.0
1.0,0.33070812,0.0
1.0,0.38069415,0.0
1.0,0.96805465,1.0
1.0,0.5726357,1.0
0.0,0.10451556,0.0
1.0,0.5374382,1.0
0.0,0.65704626,1.0
1.0,0.7281694,1.0
0.0,0.1869244,0.0
1.0,0.8683532,1.0
0.0,0.16495147,0.0
0.0,0.19729815,0.0
1.0,0.49798387,0.0
1.0,0.2727631,0.0
0.0,0.14832978,0.0
1.0,0.47746128,0.0
0.0,0.39367795,0.0
0.0,0.76631725,1.0
0.0,0.18572755,0.0
1.0,0.62420493,1.0
0.0,0.23711717,0.0
0.0,0.8282269,1.0
0.0,0.08626631,0.0
0.0,0.62277246,1.0
0.0,0.400177,0.0
0.0,0.33734396,0.0
0.0,0.4652358,0.0
0.0,0.18086734,0.0
1.0,0.96690434,1.0
0.0,0.13921684,0.0
0.0,0.5066058,1.0
1.0,0.41215768,0.0
0.0,0.16514659,0.0
1.0,0.7240836,1.0
1.0,0.27848417,0.0
0.0,0.093724065,0.0
0.0,0.20987009,0.0
0.0,0.4503102,0.0
1.0,0.69715303,1.0
1.0,0.8325987,1.0
1.0,0.6270243,1.0
1.0,0.29091164,0.0
0.0,0.07380446,0.0
0.0,0.13731709,0.0
1.0,0.40900967,0.0
1.0,0.49284717,0.0
1.0,0.98192376,1.0
0.0,0.1913106,0.0
0.0,0.080665894,0.0
0.0,0.20037535,0.0
1.0,0.5915355,1.0
1.0,0.7606401,1.0
1.0,0.9238078,1.0
1.0,0.43496835,0.0
1.0,0.9287116,1.0
0.0,0.11575373,0.0
0.0,0.02360787,0.0
1.0,0.8457008,1.0
0.0,0.3257332,0.0
1.0,0.49328893,0.0
0.0,0.36134058,0.0
0.0,0.16905658,0.0
0.0,0.17451377,0.0
1.0,0.34903243,0.0
1.0,0.35735518,0.0
1.0,0.80618864,1.0
0.0,0.5496107,1.0
0.0,0.09370655,0.0
1.0,0.99558145,1.0
1.0,0.64622694,1.0
1.0,0.69496214,1.0
1.0,0.8682388,1.0
0.0,0.11673925,0.0
1.0,0.9012318,1.0
1.0,0.79649657,1.0
0.0,0.36976603,0.0
1.0,0.80387586,1.0
0.0,0.48911107,0.0
0.0,0.19069527,0.0
0.0,0.3237431,0.0
1.0,0.38369957,0.0
1.0,0.47483888,0.0
1.0,0.8959805,1.0
0.0,0.06494735,0.0
1.0,0.23403719,0.0
0.0,0.14475574,0.0
0.0,0.15297663,0.0
0.0,0.03920307,0.0
0.0,0.13959609,0.0
1.0,0.8325113,1.0
1.0,0.30537388,0.0
0.0,0.13147318,0.0
0.0,0.28019267,0.0
0.0,0.13054885,0.0
0.0,0.41493204,0.0
0.0,0.4123235,0.0
1.0,0.72019947,1.0
1.0,0.6880585,1.0
0.0,0.56538707,1.0
1.0,0.45487154,0.0
1.0,0.7198263,1.0
1.0,0.43124154,0.0
0.0,0.022735003,0.0
0.0,0.3680254,0.0
1.0,0.9773647,1.0
0.0,0.1610204,0.0
0.0,0.47734973,0.0
1.0,0.9613418,1.0
1.0,0.7854238,1.0
1.0,0.46740383,0.0
0.0,0.16788344,0.0
1.0,0.43303463,0.0
0.0,0.3322349,0.0
0.0,0.014047293,0.0
1.0,0.9038223,1.0
1.0,0.9689744,1.0
1.0,0.30753884,0.0
1.0,0.3953868,0.0
0.0,0.10140565,0.0
0.0,0.013082619,0.0
0.0,0.07481114,0.0
1.0,0.35890606,0.0
1.0,0.9280022,1.0
1.0,0.89341146,1.0
0.0,0.8936528,1.0
1.0,0.7425508,1.0
0.0,0.29276425,0.0
1.0,0.74861324,1.0
0.0,0.22802682,0.0
0.0,0.16235274,0.0
0.0,0.15272698,0.0
0.0,0.007743257,0.0
1.0,0.8796138,1.0
1.0,0.47289518,0.0
0.0,0.16566138,0.0
0.0,0.18308769,0.0
1.0,0.9781813,1.0
1.0,0.9846423,1.0
1.0,0.86552966,1.0
0.0,0.2958551,0.0
1.0,0.36795697,0.0
1.0,0.9196205,1.0
1.0,0.8792143,1.0
0.0,0.3058991,0.0
1.0,0.9268897,1.0
1.0,0.9549528,1.0
1.0,0.2890368,0.0
1.0,0.39380622,0.0
1.0,0.9812034,1.0
1.0,0.9866785,1.0
1.0,0.42233557,0.0
1.0,0.97988427,1.0
0.0,0.2281711,0.0
0.0,0.08721057,0.0
0.0,0.40081227,0.0
1.0,0.8954672,1.0
0.0,0.25200385,0.0
1.0,0.4854632,0.0
1.0,0.22027056,0.0
0.0,0.40297562,0.0
1.0,0.19019051,0.0
1.0,0.8497375,1.0
0.0,0.20213482,0.0
0.0,0.14155439,0.0
0.0,0.12810215,0.0
1.0,0.5279289,1.0
0.0,0.05506262,0.0
1.0,0.3037485,0.0
0.0,0.5509192,1.0
1.0,0.6441596,1.0
1.0,0.9718631,1.0
1.0,0.6139538,1.0
0.0,0.25524494,0.0
1.0,0.45830962,0.0
0.0,0.04624591,0.0
0.0,0.40569872,0.0
1.0,0.9907726,1.0
1.0,0.9760549,1.0
0.0,0.08296073,0.0
1.0,0.7880539,1.0
0.0,0.14644614,0.0
0.0,0.0075329896,0.0
0.0,0.2636941,0.0
1.0,0.17643845,0.0
1.0,0.32300863,0.0
0.0,0.04804244,0.0
1.0,0.9978116,1.0
1.0,0.9880001,1.0
0.0,0.77504826,1.0
0.0,0.020890666,0.0
0.0,0.5642797,1.0
0.0,0.13442764,0.0
0.0,0.18104279,0.0
0.0,0.09527473,0.0
1.0,0.9246121,1.0
1.0,0.60036707,1.0
0.0,0.38777673,0.0
0.0,0.3423032,0.0
0.0,0.6076957,1.0
0.0,0.098853625,0.0
1.0,0.9854204,1.0
0.0,0.38063157,0.0
0.0,0.088317335,0.0
0.0,0.42198065,0.0
0.0,0.49143693,0.0
1.0,0.15871672,0.0
1.0,0.111999854,0.0
1.0,0.92689955,1.0
1.0,0.64227104,1.0
1.0,0.2633117,0.0
1.0,0.16767588,0.0
1.0,0.4554221,0.0
1.0,0.9851371,1.0
0.0,0.49192488,0.0
0.0,0.12277338,0.0
0.0,0.4346173,0.0
1.0,0.997235,1.0
0.0,0.5704684,1.0
1.0,0.9897357,1.0
0.0,0.5078211,1.0
0.0,0.13918471,0.0
0.0,0.08372593,0.0
1.0,0.8352572,1.0
0.0,0.19131331,0.0
0.0,0.23291735,0.0
0.0,0.1851266,0.0
0.0,0.08492429,0.0
1.0,0.758173,1.0
0.0,0.18176347,0.0
0.0,0.54923016,1.0
0.0,0.19985084,0.0
0.0,0.06725269,0.0
1.0,0.20658723,0.0
1.0,0.34694725,0.0
0.0,0.22846252,0.0
0.0,0.18161304,0.0
1.0,0.38778687,0.0
1.0,0.6562896,1.0
1.0,0.8768662,1.0
0.0,0.02682194,0.0
0.0,0.20774926,0.0
0.0,0.46931466,0.0
1.0,0.54854804,1.0
1.0,0.31098276,0.0
0.0,0.04684895,0.0
0.0,0.4309836,0.0
0.0,0.32519123,0.0
1.0,0.3064028,0.0
1.0,0.8111196,1.0
0.0,0.582839,1.0
0.0,0.1571687,0.0
1.0,0.9364809,1.0
1.0,0.8630608,1.0
1.0,0.9806464,1.0
0.0,0.44440207,0.0
0.0,0.15632495,0.0
0.0,0.12021993,0.0
0.0,0.1574061,0.0
1.0,0.68762296,1.0
0.0,0.10048553,0.0
1.0,0.8168085,1.0
0.0,0.14648193,0.0
1.0,0.78635406,1.0
1.0,0.9849303,1.0
1.0,0.80674374,1.0
1.0,0.7700881,1.0
0.0,0.1620616,0.0
0.0,0.31354043,0.0
1.0,0.57463217,1.0
0.0,0.050094277,0.0
0.0,0.35118786,0.0
1.0,0.91482615,1.0
1.0,0.43471283,0.0
0.0,0.13685974,0.0
1.0,0.4956979,0.0
1.0,0.89722145,1.0
1.0,0.94087213,1.0
0.0,0.25796428,0.0
1.0,0.9298915,1.0
0.0,0.12611799,0.0
0.0,0.2958218,0.0
0.0,0.32558376,0.0
1.0,0.89326465,1.0
0.0,0.3730955,0.0
0.0,0.053578302,0.0
0.0,0.61983997,1.0
1.0,0.9554378,1.0
1.0,0.9493779,1.0
1.0,0.26032853,0.0
0.0,0.56356484,1.0
1.0,0.3849694,0.0
1.0,0.93230045,1.0
1.0,0.8684971,1.0
1.0,0.22752312,0.0
1.0,0.5416999,1.0
0.0,0.13006304,0.0
1.0,0.60542285,1.0
0.0,0.25982717,0.0
0.0,0.3019303,0.0
1.0,0.9741833,1.0
1.0,0.16306429,0.0
0.0,0.76538926,1.0
1.0,0.90131027,1.0
0.0,0.34267083,0.0
1.0,0.9548731,1.0
1.0,0.88693106,1.0
0.0,0.44429454,0.0
1.0,0.30862808,0.0
1.0,0.9292625,1.0
0.0,0.16636859,0.0
0.0,0.3983191,0.0
0.0,0.70179766,1.0
1.0,0.99685514,1.0
0.0,0.29392296,0.0
0.0,0.27116698,0.0
1.0,0.7108483,1.0
0.0,0.26053718,0.0
1.0,0.5969455,1.0
0.0,0.014018468,0.0
0.0,0.5591441,1.0
0.0,0.16373675,0.0
1.0,0.18738121,0.0
0.0,0.15568519,0.0
1.0,0.9030521,1.0
1.0,0.59703535,1.0
0.0,0.20187509,0.0
1.0,0.49937922,0.0
0.0,0.019598674,0.0
1.0,0.4335951,0.0
0.0,0.22964,0.0
0.0,0.4951454,0.0
1.0,0.4329887,0.0
0.0,0.09708759,0.0
1.0,0.9292401,1.0
0.0,0.18930615,0.0
0.0,0.14120252,0.0
1.0,0.36511725,0.0
1.0,0.9822068,1.0
1.0,0.637428,1.0
0.0,0.132302,0.0
0.0,0.3346589,0.0
0.0,0.48129997,0.0
0.0,0.09920159,0.0
0.0,0.42423683,0.0
0.0,0.9019939,1.0
1.0,0.946429,1.0
0.0,0.060453046,0.0
0.0,0.60213894,1.0
1.0,0.66139084,1.0
0.0,0.17362876,0.0
1.0,0.89975244,1.0
0.0,0.7487382,1.0
1.0,0.86543,1.0
0.0,0.33666146,0.0
0.0,0.7756323,1.0
0.0,0.138173,0.0
1.0,0.6864872,1.0
0.0,0.18123622,0.0
0.0,0.37192482,0.0
0.0,0.0543855,0.0
1.0,0.9248445,1.0
0.0,0.05190734,0.0
1.0,0.9479048,1.0
0.0,0.1653063,0.0
0.0,0.15722816,0.0
0.0,0.38102797,0.0
0.0,0.08901879,0.0
0.0,0.34157923,0.0
1.0,0.21182245,0.0
1.0,0.96377015,1.0
0.0,0.06809634,0.0
1.0,0.99677247,1.0
0.0,0.56680894,1.0
1.0,0.51322657,1.0
1.0,0.7469851,1.0
0.0,0.21086115,0.0
0.0,0.1268839,0.0
0.0,0.5780734,1.0
0.0,0.30776852,0.0
0.0,0.07911718,0.0
0.0,0.75068516,1.0
0.0,0.74581635,1.0
0.0,0.020548103,0.0
1.0,0.9688691,1.0
0.0,0.31998205,0.0
0.0,0.9229324,1.0
1.0,0.9429391,1.0
1.0,0.89682984,1.0
1.0,0.77190363,1.0
0.0,0.0981304,0.0
1.0,0.9446698,1.0
1.0,0.32116476,0.0
0.0,0.3288574,0.0
1.0,0.38214254,0.0
1.0,0.4567783,0.0
0.0,0.4787817,0.0
0.0,0.84802157,1.0
1.0,0.99058187,1.0
1.0,0.98951066,1.0
1.0,0.67706615,1.0
0.0,0.37031507,0.0
1.0,0.76191115,1.0
0.0,0.051962685,0.0
1.0,0.95597076,1.0
0.0,0.30329496,0.0
0.0,0.3050686,0.0
0.0,0.091709666,0.0
0.0,0.050562326,0.0
0.0,0.30856317,0.0
1.0,0.81558686,1.0
1.0,0.61046535,1.0
0.0,0.01919965,0.0
1.0,0.9558972,1.0
0.0,0.2949919,0.0
0.0,0.47328588,0.0
1.0,0.3768802,0.0
0.0,0.087623745,0.0
0.0,0.72534394,1.0
0.0,0.22349139,0.0
1.0,0.8445617,1.0
0.0,0.49325755,0.0
0.0,0.6133847,1.0
0.0,0.10468494,0.0
0.0,0.24861422,0.0
0.0,0.410368,0.0
1.0,0.35861978,0.0
1.0,0.5240927,1.0
0.0,0.13800311,0.0
0.0,0.13659784,0.0
0.0,0.325198,0.0
0.0,0.67383504,1.0
0.0,0.10494848,0.0
1.0,0.4173544,0.0
1.0,0.7465926,1.0
0.0,0.12732778,0.0
0.0,0.1599274,0.0
0.0,0.287435,0.0
0.0,0.79946417,1.0
1.0,0.961744,1.0
1.0,0.8641013,1.0
0.0,0.23093742,0.0
1.0,0.8133713,1.0
1.0,0.33718833,0.0
0.0,0.22094059,0.0
1.0,0.34167674,0.0
1.0,0.785204,1.0
1.0,0.97741234,1.0
0.0,0.34757394,0.0
1.0,0.5280556,1.0
0.0,0.100225486,0.0
1.0,0.30261135,0.0
0.0,0.023282126,0.0
1.0,0.8910612,1.0
1.0,0.84106505,1.0
1.0,0.67349416,1.0
1.0,0.6674107,1.0
1.0,0.7355086,1.0
0.0,0.6254657,1.0
1.0,0.4015295,0.0
0.0,0.44860306,0.0
1.0,0.54291064,1.0
1.0,0.48543948,0.0
0.0,0.67774683,1.0
0.0,0.14525476,0.0
0.0,0.1365758,0.0
0.0,0.35471758,0.0
0.0,0.5273976,1.0
1.0,0.33331043,0.0
0.0,0.24029103,0.0
1.0,0.8475868,1.0
1.0,0.73767257,1.0
0.0,0.3784634,0.0
0.0,0.111059144,0.0
0.0,0.48067558,0.0
1.0,0.46672353,0.0
1.0,0.46596387,0.0
0.0,0.22289796,0.0
0.0,0.17039086,0.0
1.0,0.48147666,0.0
1.0,0.3115288,0.0
1.0,0.2004858,0.0
1.0,0.91666746,1.0
1.0,0.27022645,0.0
1.0,0.9365982,1.0
0.0,0.04263944,0.0
1.0,0.6600287,1.0
1.0,0.46688318,0.0
1.0,0.9178686,1.0
0.0,0.055778548,0.0
0.0,0.15520109,0.0
0.0,0.0077194655,0.0
1.0,0.5361921,1.0
1.0,0.9804011,1.0
1.0,0.544676,1.0
1.0,0.31406507,0.0
0.0,0.20962687,0.0
0.0,0.24843599,0.0
0.0,0.34233168,0.0
1.0,0.70435125,1.0
1.0,0.42350572,0.0
0.0,0.11972422,0.0
0.0,0.07158043,0.0
0.0,0.21359208,0.0
0.0,0.021135433,0.0
0.0,0.61474335,1.0
1.0,0.09858796,0.0
0.0,0.57114875,1.0
1.0,0.2829431,0.0
0.0,0.55855775,1.0
0.0,0.13520312,0.0
0.0,0.037863564,0.0
0.0,0.33287302,0.0
0.0,0.15567034,0.0
1.0,0.9919503,1.0
1.0,0.30739766,0.0
1.0,0.87237376,1.0
0.0,0.011401375,0.0
0.0,0.11548303,0.0
1.0,0.4647261,0.0
0.0,0.008106005,0.0
1.0,0.74171394,1.0
1.0,0.98499775,1.0
0.0,0.291801,0.0
0.0,0.47209665,0.0
1.0,0.32026172,0.0
1.0,0.9261968,1.0
1.0,0.5556054,1.0
1.0,0.43334705,0.0
1.0,0.18369591,0.0
0.0,0.7400604,1.0
0.0,0.57800025,1.0
0.0,0.16214707,0.0
1.0,0.9557426,1.0
1.0,0.6826739,1.0
0.0,0.17174019,0.0
1.0,0.96538246,1.0
0.0,0.08985273,0.0
1.0,0.16518265,0.0
1.0,0.47336322,0.0
1.0,0.8853927,1.0
1.0,0.5670508,1.0
1.0,0.9599101,1.0
1.0,0.61212957,1.0
1.0,0.49040803,0.0
1.0,0.8439432,1.0
1.0,0.16113909,0.0
1.0,0.9821239,1.0
0.0,0.06392751,0.0
1.0,0.9866839,1.0
0.0,0.060481187,0.0
1.0,0.99747074,1.0
0.0,0.09455826,0.0
1.0,0.2735326,0.0
0.0,0.3620364,0.0
0.0,0.4094522,0.0
1.0,0.9942186,1.0
1.0,0.07170007,0.0
0.0,0.19843401,0.0
0.0,0.5699816,1.0
0.0,0.53065336,1.0
0.0,0.4404599,0.0
1.0,0.71754986,1.0
1.0,0.99021405,1.0
1.0,0.083742,0.0
1.0,0.974126,1.0
0.0,0.112090126,0.0
0.0,0.113624796,0.0
1.0,0.8508726,1.0
0.0,0.07455632,0.0
0.0,0.10970005,0.0
0.0,0.28086925,0.0
1.0,0.9835723,1.0
1.0,0.7189491,1.0
1.0,0.62920225,1.0
1.0,0.9827916,1.0
1.0,0.81798756,1.0
1.0,0.33429193,0.0
0.0,0.34128454,0.0
1.0,0.8725104,1.0
1.0,0.6512904,1.0
1.0,0.97860515,1.0
0.0,0.103187114,0.0
0.0,0.1613049,0.0
1.0,0.7322499,1.0
0.0,0.4375862,0.0
0.0,0.2071993,0.0
0.0,0.30214998,0.0
0.0,0.5619305,1.0
0.0,0.12418839,0.0
1.0,0.4767403,0.0
1.0,0.70162475,1.0
0.0,0.17511529,0.0
0.0,0.2688956,0.0
1.0,0.8813537,1.0
0.0,0.55766857,1.0
1.0,0.8259276,1.0
0.0,0.14434378,0.0
1.0,0.59321404,1.0
0.0,0.3957326,0.0
1.0,0.95940715,1.0
0.0,0.057986658,0.0
0.0,0.5542609,1.0
0.0,0.15763041,0.0
0.0,0.19832002,0.0
0.0,0.087836646,0.0
1.0,0.46524265,0.0
0.0,0.29483745,0.0
1.0,0.8503947,1.0
1.0,0.6823948,1.0
0.0,0.072391964,0.0
1.0,0.49237555,0.0
1.0,0.60523546,1.0
0.0,0.015005892,0.0
0.0,0.5973842,1.0
0.0,0.28489807,0.0
1.0,0.9902492,1.0
0.0,0.1784766,0.0
0.0,0.12813416,0.0
1.0,0.8197514,1.0
0.0,0.06502124,0.0
1.0,0.84867865,1.0
1.0,0.7323929,1.0
0.0,0.07848582,0.0
1.0,0.98517805,1.0
1.0,0.9824154,1.0
1.0,0.66963804,1.0
1.0,0.5411937,1.0
0.0,0.21996403,0.0
0.0,0.10333826,0.0
0.0,0.111406945,0.0
1.0,0.95766085,1.0
0.0,0.3122742,0.0
1.0,0.7910792,1.0
0.0,0.15861352,0.0
1.0,0.81375986,1.0
1.0,0.9146811,1.0
0.0,0.46162322,0.0
0.0,0.35365212,0.0
0.0,0.047488805,0.0
0.0,0.016469851,0.0
1.0,0.9318764,1.0
0.0,0.015917681,0.0
1.0,0.42427158,0.0
0.0,0.43476248,0.0
0.0,0.13566765,0.0
1.0,0.6579124,1.0
1.0,0.92180634,1.0
1.0,0.7600595,1.0
0.0,0.29732752,0.0
1.0,0.8495586,1.0
0.0,0.72164005,1.0
1.0,0.7273928,1.0
1.0,0.36957866,0.0
0.0,0.13810885,0.0
0.0,0.03173571,0.0
0.0,0.34084874,0.0
1.0,0.67145723,1.0
0.0,0.2123314,0.0
1.0,0.72662604,1.0
0.0,0.24686491,0.0
0.0,0.35776874,0.0
0.0,0.012897888,0.0
1.0,0.61269367,1.0
1.0,0.91952544,1.0
0.0,0.1548355,0.0
1.0,0.7419261,1.0
1.0,0.98745906,1.0
1.0,0.84003186,1.0
1.0,0.4885132,0.0
1.0,0.935799,1.0
0.0,0.46301067,0.0
1.0,0.97374153,1.0
1.0,0.32812083,0.0
0.0,0.04303652,0.0
1.0,0.89781654,1.0
1.0,0.42428967,0.0
1.0,0.9961707,1.0
1.0,0.8006697,1.0
0.0,0.13193361,0.0
0.0,0.936359,1.0
1.0,0.69205,1.0
1.0,0.2869467,0.0
0.0,0.21689418,0.0
1.0,0.29757,0.0
1.0,0.9749162,1.0
1.0,0.43555862,0.0
1.0,0.1900114,0.0
0.0,0.11999955,0.0
0.0,0.10094383,0.0
1.0,0.9888832,1.0
1.0,0.99014825,1.0
1.0,0.7198368,1.0
0.0,0.40452328,0.0
0.0,0.30699176,0.0
0.0,0.030531742,0.0
0.0,0.4432817,0.0
1.0,0.8381683,1.0
0.0,0.2525756,0.0
0.0,0.023221545,0.0
0.0,0.595813,1.0
1.0,0.88766086,1.0
1.0,0.79739696,1.0
0.0,0.3636998,0.0
0.0,0.35819122,0.0
1.0,0.9213733,1.0
0.0,0.1328602,0.0
1.0,0.9965429,1.0
0.0,0.16090024,0.0
0.0,0.008105468,0.0
0.0,0.3863338,0.0
1.0,0.8825022,1.0
0.0,0.17223527,0.0
1.0,0.7808435,1.0
0.0,0.17221847,0.0
1.0,0.939581,1.0
1.0,0.983331,1.0
0.0,0.50711316,1.0
1.0,0.8820043,1.0
0.0,0.6396749,1.0
1.0,0.45444068,0.0
1.0,0.7394754,1.0
0.0,0.83227974,1.0
1.0,0.8794296,1.0
0.0,0.574601,1.0
1.0,0.9136795,1.0
0.0,0.3464743,0.0
0.0,0.2713741,0.0
0.0,0.3352209,0.0
1.0,0.71418136,1.0
1.0,0.4113801,0.0
0.0,0.14499293,0.0
0.0,0.2812757,0.0
0.0,0.20816925,0.0
0.0,0.55688936,1.0
1.0,0.37242696,0.0
1.0,0.9788169,1.0
0.0,0.50815725,1.0
1.0,0.5923017,1.0
0.0,0.02993708,0.0
0.0,0.5533042,1.0
1.0,0.6086569,1.0
0.0,0.2085958,0.0
1.0,0.8518454,1.0
1.0,0.9698729,1.0
1.0,0.8780344,1.0
0.0,0.1941769,0.0
1.0,0.38668156,0.0
1.0,0.2782597,0.0
0.0,0.023395386,0.0
0.0,0.16801257,0.0
1.0,0.88733625,1.0
0.0,0.21290866,0.0
1.0,0.69733363,1.0
0.0,0.2960107,0.0
1.0,0.29359204,0.0
1.0,0.16629842,0.0
0.0,0.50122076,1.0
1.0,0.9485399,1.0
0.0,0.072412856,0.0
0.0,0.17884491,0.0
1.0,0.8074561,1.0
1.0,0.88629514,1.0
1.0,0.60440165,1.0
1.0,0.43533012,0.0
1.0,0.29174507,0.0
0.0,0.1750546,0.0
1.0,0.5061355,1.0
1.0,0.8186283,1.0
1.0,0.6986486,1.0
0.0,0.19912581,0.0
1.0,0.30964348,0.0
1.0,0.987122,1.0
0.0,0.12777923,0.0
0.0,0.044621244,0.0
0.0,0.33060938,0.0
1.0,0.9284339,1.0
1.0,0.5825963,1.0
1.0,0.6201352,1.0
0.0,0.9384868,1.0
0.0,0.023379533,0.0
1.0,0.3485991,0.0
0.0,0.148072,0.0
1.0,0.85214376,1.0
0.0,0.3577275,0.0
1.0,0.29709604,0.0
1.0,0.16681868,0.0
1.0,0.8735268,1.0
1.0,0.30919325,0.0
1.0,0.5899143,1.0
0.0,0.10730026,0.0
0.0,0.7667936,1.0
1.0,0.5489435,1.0
1.0,0.80704474,1.0
1.0,0.2804279,0.0
1.0,0.5123067,1.0
0.0,0.19079626,0.0
1.0,0.60364825,1.0
1.0,0.19199045,0.0
0.0,0.09114295,0.0
1.0,0.90604573,1.0
0.0,0.5223965,1.0
0.0,0.10244638,0.0
1.0,0.8977845,1.0
0.0,0.6033623,1.0
0.0,0.10190966,0.0
0.0,0.22968969,0.0
0.0,0.549537,1.0
1.0,0.9449897,1.0
0.0,0.3080284,0.0
1.0,0.27009463,0.0
0.0,0.20578605,0.0
0.0,0.06690492,0.0
0.0,0.89160067,1.0
1.0,0.4273107,0.0
0.0,0.09154579,0.0
1.0,0.6804035,1.0
0.0,0.5998341,1.0
1.0,0.9106485,1.0
0.0,0.06786713,0.0
0.0,0.42696488,0.0
1.0,0.52474815,1.0
1.0,0.49309552,0.0
1.0,0.92400146,1.0
1.0,0.66094136,1.0
1.0,0.96164024,1.0
0.0,0.22295909,0.0
1.0,0.5061685,1.0
1.0,0.61534,1.0
0.0,0.13388419,0.0
1.0,0.7136231,1.0
0.0,0.48045698,0.0
1.0,0.81602776,1.0
0.0,0.08731962,0.0
1.0,0.53337747,1.0
1.0,0.99512863,1.0
1.0,0.8950345,1.0
1.0,0.21702571,0.0
0.0,0.37247917,0.0
0.0,0.075388215,0.0
0.0,0.41225904,0.0
0.0,0.43712622,0.0
0.0,0.54982,1.0
1.0,0.9317135,1.0
0.0,0.25456712,0.0
1.0,0.64828277,1.0
0.0,0.21838725,0.0
0.0,0.1238427,0.0
0.0,0.10725716,0.0
0.0,0.28912288,0.0
0.0,0.053605057,0.0
1.0,0.76034445,1.0
0.0,0.259456,0.0
0.0,0.12679796,0.0
0.0,0.3556135,0.0
0.0,0.11073331,0.0
1.0,0.9755847,1.0
0.0,0.27056226,0.0
1.0,0.29804114,0.0
0.0,0.32468492,0.0
0.0,0.22114271,0.0
1.0,0.8723297,1.0
0.0,0.27136382,0.0
0.0,0.071918234,0.0
0.0,0.60239863,1.0
1.0,0.32923457,0.0
0.0,0.20886579,0.0
0.0,0.016200729,0.0
0.0,0.54624534,1.0
0.0,0.07370976,0.0
1.0,0.37883958,0.0
0.0,0.61208004,1.0
0.0,0.20635755,0.0
0.0,0.115021974,0.0
0.0,0.08710616,0.0
0.0,0.1397406,0.0
1.0,0.94090515,1.0
0.0,0.16463025,0.0
0.0,0.7299043,1.0
0.0,0.18067963,0.0
0.0,0.20963499,0.0
0.0,0.5092631,1.0
0.0,0.07151829,0.0
0.0,0.5458953,1.0
0.0,0.45515388,0.0
0.0,0.450607,0.0
0.0,0.43792325,0.0
1.0,0.3492147,0.0
1.0,0.9780115,1.0
0.0,0.124178745,0.0
1.0,0.14830312,0.0
1.0,0.74230295,1.0
1.0,0.5285275,1.0
0.0,0.22884949,0.0
0.0,0.40137586,0.0
0.0,0.23637597,0.0
1.0,0.99039674,1.0
1.0,0.93875325,1.0
1.0,0.51279545,1.0
1.0,0.28391737,0.0
1.0,0.17319001,0.0
1.0,0.84943146,1.0
0.0,0.20271312,0.0
0.0,0.32200134,0.0
0.0,0.10646583,0.0
1.0,0.27991217,0.0
1.0,0.9971495,1.0
0.0,0.19103204,0.0
0.0,0.76279265,1.0
1.0,0.62374,1.0
1.0,0.403033,0.0
1.0,0.34866366,0.0
0.0,0.13945688,0.0
1.0,0.3556454,0.0
0.0,0.22356024,0.0
0.0,0.22647281,0.0
0.0,0.27886423,0.0
1.0,0.22887371,0.0
0.0,0.17294845,0.0
1.0,0.40595728,0.0
1.0,0.9881976,1.0
0.0,0.060939543,0.0
0.0,0.11584435,0.0
0.0,0.23600683,0.0
0.0,0.105776146,0.0
0.0,0.9060825,1.0
1.0,0.841473,1.0
0.0,0.04028613,0.0
0.0,0.17647874,0.0
1.0,0.4438107,0.0
1.0,0.55487883,1.0
0.0,0.2269453,0.0
0.0,0.06280182,0.0
1.0,0.91546047,1.0
1.0,0.44690096,0.0
0.0,0.26459458,0.0
0.0,0.04008827,0.0
0.0,0.10669266,0.0
0.0,0.081358805,0.0
0.0,0.009619052,0.0
1.0,0.666694,1.0
1.0,0.9884432,1.0
1.0,0.90853447,1.0
1.0,0.768201,1.0
0.0,0.23430973,0.0
1.0,0.7278021,1.0
0.0,0.038150065,0.0
0.0,0.16477384,0.0
1.0,0.6466927,1.0
0.0,0.12418098,0.0
1.0,0.21766001,0.0
1.0,0.7858184,1.0
0.0,0.008103912,0.0
0.0,0.4020423,0.0
0.0,0.38545892,0.0
0.0,0.35809338,0.0
1.0,0.37904045,0.0
0.0,0.024035946,0.0
0.0,0.24003063,0.0
0.0,0.3708466,0.0
1.0,0.82855606,1.0
0.0,0.58761424,1.0
0.0,0.328184,0.0
0.0,0.030195948,0.0
0.0,0.3499755,0.0
1.0,0.9826896,1.0
1.0,0.6956007,1.0
1.0,0.63226813,1.0
0.0,0.51347166,1.0
0.0,0.14781046,0.0
1.0,0.27219442,0.0
0.0,0.15973943,0.0
1.0,0.5593244,1.0
1.0,0.41706198,0.0
1.0,0.4944223,0.0
0.0,0.15907957,0.0
0.0,0.032192223,0.0
1.0,0.9049881,1.0
0.0,0.4988171,0.0
0.0,0.24572755,0.0
0.0,0.20370354,0.0
1.0,0.38603824,0.0
0.0,0.857159,1.0
0.0,0.42450163,0.0
1.0,0.93150795,1.0
1.0,0.95721036,1.0
0.0,0.64020824,1.0
0.0,0.12343432,0.0
1.0,0.3961376,0.0
0.0,0.32289562,0.0
0.0,0.33560064,0.0
1.0,0.9512794,1.0
1.0,0.7677523,1.0
0.0,0.29313394,0.0
1.0,0.75076526,1.0
1.0,0.9915856,1.0
1.0,0.65267205,1.0
0.0,0.17395447,0.0
1.0,0.5790495,1.0
1.0,0.679865,1.0
1.0,0.88704723,1.0
1.0,0.605043,1.0
1.0,0.30920818,0.0
0.0,0.06684504,0.0
0.0,0.1265364,0.0
0.0,0.10454844,0.0
1.0,0.47325626,0.0
0.0,0.38705224,0.0
0.0,0.026014153,0.0
0.0,0.2342984,0.0
0.0,0.34565088,0.0
0.0,0.26127917,0.0
0.0,0.105174,0.0
0.0,0.21199632,0.0
0.0,0.5191761,1.0
0.0,0.30840397,0.0
1.0,0.81996393,1.0
1.0,0.98872954,1.0
0.0,0.12702106,0.0
0.0,0.61661327,1.0
0.0,0.56263757,1.0
0.0,0.8700174,1.0
0.0,0.102416195,0.0
0.0,0.38823295,0.0
1.0,0.955888,1.0
0.0,0.22789319,0.0
0.0,0.2178694,0.0
0.0,0.15051197,0.0
0.0,0.57697165,1.0
0.0,0.19923545,0.0
1.0,0.9779313,1.0
0.0,0.26977167,0.0
1.0,0.24769905,0.0
0.0,0.056766573,0.0
1.0,0.29528883,0.0
0.0,0.20441642,0.0
1.0,0.36085597,0.0
0.0,0.32856244,0.0
1.0,0.21330352,0.0
1.0,0.19650295,0.0
0.0,0.21737504,0.0
0.0,0.18025294,0.0
1.0,0.75705904,1.0
0.0,0.11552751,0.0
1.0,0.9743178,1.0
0.0,0.09376563,0.0
0.0,0.034083545,0.0
0.0,0.7453333,1.0
1.0,0.84044284,1.0
1.0,0.32961786,0.0
0.0,0.009208078,0.0
1.0,0.99622345,1.0
1.0,0.42703313,0.0
0.0,0.476784,0.0
1.0,0.7055007,1.0
0.0,0.37552473,0.0
0.0,0.12204715,0.0
0.0,0.6015815,1.0
0.0,0.44922265,0.0
0.0,0.2807184,0.0
1.0,0.97138625,1.0
1.0,0.8731456,1.0
1.0,0.49466318,0.0
1.0,0.92803013,1.0
1.0,0.71920365,1.0
1.0,0.93412834,1.0
0.0,0.1330487,0.0
1.0,0.7352245,1.0
1.0,0.94205874,1.0
1.0,0.488448,0.0
1.0,0.3594904,0.0
0.0,0.14127186,0.0
1.0,0.98950166,1.0
0.0,0.16100648,0.0
1.0,0.9442964,1.0
1.0,0.44413763,0.0
1.0,0.9813146,1.0
1.0,0.44906154,0.0
1.0,0.9059524,1.0
0.0,0.48863494,0.0
0.0,0.5919985,1.0
0.0,0.9149474,1.0
1.0,0.8900696,1.0
0.0,0.3691283,0.0
0.0,0.35392052,0.0
1.0,0.6368584,1.0
1.0,0.96032655,1.0
1.0,0.9625893,1.0
0.0,0.12741582,0.0
1.0,0.9819927,1.0
0.0,0.10262102,0.0
0.0,0.5258688,1.0
1.0,0.323073,0.0
0.0,0.06865146,0.0
1.0,0.54158735,1.0
0.0,0.112093315,0.0
1.0,0.6336781,1.0
0.0,0.172169,0.0
0.0,0.32430983,0.0
0.0,0.320879,0.0
1.0,0.9527305,1.0
0.0,0.3667488,0.0
1.0,0.7767497,1.0
0.0,0.14998347,0.0
1.0,0.9772903,1.0
1.0,0.3701298,0.0
0.0,0.35250285,0.0
0.0,0.2575596,0.0
0.0,0.012662898,0.0
0.0,0.7622947,1.0
1.0,0.91275465,1.0
1.0,0.99402845,1.0
0.0,0.36135906,0.0
0.0,0.3209398,0.0
1.0,0.6125561,1.0
0.0,0.38883355,0.0
1.0,0.83156204,1.0
1.0,0.9074284,1.0
1.0,0.15902226,0.0
0.0,0.4946937,0.0
1.0,0.9643917,1.0
0.0,0.85789853,1.0
0.0,0.07443223,0.0
1.0,0.15766512,0.0
1.0,0.4618331,0.0
1.0,0.69156367,1.0
0.0,0.27308163,0.0
1.0,0.84932774,1.0
0.0,0.083266914,0.0
1.0,0.23046947,0.0
1.0,0.14573543,0.0
1.0,0.17248297,0.0
0.0,0.18457569,0.0
0.0,0.009293288,0.0
0.0,0.1671367,0.0
1.0,0.6435347,1.0
0.0,0.12883054,0.0
1.0,0.94324374,1.0
1.0,0.96968824,1.0
1.0,0.9171461,1.0
1.0,0.92443347,1.0
0.0,0.09819401,0.0
1.0,0.72491163,1.0
1.0,0.44066656,0.0
1.0,0.25730821,0.0
1.0,0.46705914,0.0
0.0,0.4191817,0.0
1.0,0.8742834,1.0
0.0,0.23198232,0.0
0.0,0.21903369,0.0
1.0,0.8957031,1.0
0.0,0.15293407,0.0
0.0,0.18080631,0.0
0.0,0.48120406,0.0
1.0,0.9527437,1.0
0.0,0.11812708,0.0
0.0,0.12223539,0.0
0.0,0.344795,0.0
0.0,0.11649894,0.0
1.0,0.44841027,0.0
0.0,0.39268982,0.0
0.0,0.4418404,0.0
1.0,0.9929929,1.0
0.0,0.3238478,0.0
0.0,0.40852135,0.0
1.0,0.8859795,1.0
1.0,0.8933608,1.0
0.0,0.01595695,0.0
1.0,0.22941919,0.0
1.0,0.5747585,1.0
1.0,0.9558942,1.0
0.0,0.026313415,0.0
1.0,0.84103876,1.0
0.0,0.44343546,0.0
0.0,0.39619184,0.0
1.0,0.8406622,1.0
0.0,0.043884642,0.0
0.0,0.24699925,0.0
0.0,0.15226579,0.0
1.0,0.7108627,1.0
0.0,0.091764405,0.0
0.0,0.034813922,0.0
0.0,0.7408874,1.0
1.0,0.488493,0.0
1.0,0.6014294,1.0
1.0,0.20931447,0.0
0.0,0.2665812,0.0
0.0,0.09212169,0.0
0.0,0.17989437,0.0
0.0,0.18138587,0.0
1.0,0.98778886,1.0
0.0,0.38151765,0.0
1.0,0.9874101,1.0
0.0,0.09171294,0.0
1.0,0.76548594,1.0
0.0,0.08225346,0.0
1.0,0.27395612,0.0
1.0,0.8825994,1.0
0.0,0.21437578,0.0
0.0,0.011977908,0.0
0.0,0.27704325,0.0
0.0,0.122995354,0.0
0.0,0.03288916,0.0
1.0,0.8497984,1.0
0.0,0.21673517,0.0
0.0,0.12980102,0.0
0.0,0.29881102,0.0
0.0,0.77793986,1.0
1.0,0.96976805,1.0
1.0,0.3254031,0.0
1.0,0.34080902,0.0
1.0,0.47423455,0.0
1.0,0.56268257,1.0
1.0,0.8777512,1.0
1.0,0.7777287,1.0
0.0,0.17914665,0.0
0.0,0.087411724,0.0
1.0,0.9201318,1.0
1.0,0.8886109,1.0
0.0,0.78631073,1.0
1.0,0.6577078,1.0
1.0,0.6294231,1.0
1.0,0.55412143,1.0
1.0,0.43416366,0.0
0.0,0.52648586,1.0
0.0,0.13967161,0.0
1.0,0.58313984,1.0
1.0,0.28444624,0.0
0.0,0.10156518,0.0
0.0,0.091010496,0.0
0.0,0.3215867,0.0
0.0,0.39908814,0.0
1.0,0.8534669,1.0
0.0,0.2159499,0.0
0.0,0.34258148,0.0
1.0,0.94396466,1.0
0.0,0.26008353,0.0
1.0,0.2897168,0.0
1.0,0.354411,0.0
1.0,0.9470299,1.0
1.0,0.79779595,1.0
1.0,0.32947576,0.0
0.0,0.39132106,0.0
0.0,0.16617662,0.0
0.0,0.13271716,0.0
1.0,0.6266153,1.0
0.0,0.7648777,1.0
0.0,0.49473023,0.0
1.0,0.59136826,1.0
0.0,0.13841265,0.0
0.0,0.20142631,0.0
0.0,0.53296506,1.0
0.0,0.26261806,0.0
1.0,0.63915825,1.0
1.0,0.5820045,1.0
0.0,0.63536084,1.0
1.0,0.8428617,1.0
1.0,0.94931215,1.0
1.0,0.7536566,1.0
0.0,0.0346187,0.0
1.0,0.7663036,1.0
1.0,0.39932564,0.0
1.0,0.54913163,1.0
1.0,0.77252436,1.0
0.0,0.7747928,1.0
0.0,0.45116585,0.0
0.0,0.3353654,0.0
0.0,0.21460776,0.0
0.0,0.24376033,0.0
0.0,0.15385821,0.0
1.0,0.6414436,1.0
0.0,0.19767588,0.0
1.0,0.9287443,1.0
1.0,0.4767973,0.0
0.0,0.5830878,1.0
0.0,0.021995753,0.0
0.0,0.12595929,0.0
0.0,0.314042,0.0
1.0,0.6995579,1.0
0.0,0.035024915,0.0
1.0,0.99841535,1.0
1.0,0.34107164,0.0
1.0,0.7865883,1.0
1.0,0.19153397,0.0
0.0,0.15558285,0.0
1.0,0.96870595,1.0
0.0,0.43827233,0.0
0.0,0.6164055,1.0
0.0,0.50498706,1.0
0.0,0.88030964,1.0
0.0,0.27350003,0.0
0.0,0.13849849,0.0
1.0,0.46141744,0.0
0.0,0.15611179,0.0
1.0,0.5701947,1.0
0.0,0.1962693,0.0
1.0,0.70881987,1.0
1.0,0.9675289,1.0
0.0,0.15044153,0.0
1.0,0.95411396,1.0
1.0,0.99206674,1.0
1.0,0.79169613,1.0
1.0,0.9291634,1.0
1.0,0.5790207,1.0
0.0,0.5554848,1.0
1.0,0.99441344,1.0
0.0,0.053469803,0.0
0.0,0.013157709,0.0
0.0,0.01736589,0.0
0.0,0.14261015,0.0
1.0,0.22326127,0.0
0.0,0.25725004,0.0
1.0,0.94626266,1.0
0.0,0.2201831,0.0
1.0,0.4820804,0.0
1.0,0.73703265,1.0
0.0,0.17731053,0.0
1.0,0.97702754,1.0
1.0,0.31968167,0.0
1.0,0.7461937,1.0
1.0,0.9786007,1.0
0.0,0.15505894,0.0
0.0,0.43828517,0.0
1.0,0.97939986,1.0
1.0,0.12808762,0.0
0.0,0.3424435,0.0
0.0,0.1897171,0.0
0.0,0.083156526,0.0
1.0,0.6512143,1.0
0.0,0.052447464,0.0
1.0,0.34884956,0.0
1.0,0.7344381,1.0
1.0,0.30002943,0.0
0.0,0.29415637,0.0
0.0,0.28507164,0.0
1.0,0.5337486,1.0
1.0,0.988432,1.0
0.0,0.14475274,0.0
1.0,0.9594274,1.0
1.0,0.53813607,1.0
1.0,0.97772425,1.0
1.0,0.98805654,1.0
0.0,0.32020554,0.0
0.0,0.17515065,0.0
1.0,0.6525329,1.0
0.0,0.26576176,0.0
0.0,0.28607684,0.0
0.0,0.43985507,0.0
0.0,0.6330704,1.0
1.0,0.36356348,0.0
0.0,0.42003465,0.0
1.0,0.9007228,1.0
1.0,0.55458885,1.0
0.0,0.016631199,0.0
0.0,0.18889113,0.0
1.0,0.7448021,1.0
0.0,0.22750312,0.0
0.0,0.17494638,0.0
1.0,0.7025787,1.0
1.0,0.35527644,0.0
1.0,0.8578201,1.0
1.0,0.24348968,0.0
1.0,0.8059706,1.0
1.0,0.34476948,0.0
0.0,0.10423293,0.0
1.0,0.9876605,1.0
1.0,0.8146188,1.0
0.0,0.22025107,0.0
0.0,0.42891333,0.0
1.0,0.24557893,0.0
0.0,0.4414892,0.0
0.0,0.6766528,1.0
0.0,0.46753696,0.0
1.0,0.96127844,1.0
1.0,0.2904005,0.0
1.0,0.39609668,0.0
0.0,0.49142033,0.0
0.0,0.5649574,1.0
1.0,0.73512095,1.0
1.0,0.32864174,0.0
0.0,0.41526064,0.0
1.0,0.82744914,1.0
1.0,0.7592494,1.0
0.0,0.15402196,0.0
0.0,0.021670202,0.0
0.0,0.1371888,0.0
0.0,0.5130055,1.0
0.0,0.21557055,0.0
0.0,0.3556729,0.0
1.0,0.49711213,0.0
0.0,0.4098307,0.0
0.0,0.30955565,0.0
0.0,0.6637998,1.0
1.0,0.983154,1.0
0.0,0.3245617,0.0
1.0,0.9238437,1.0
1.0,0.66896605,1.0
1.0,0.9128242,1.0
1.0,0.7712163,1.0
1.0,0.9683897,1.0
1.0,0.44460708,0.0
0.0,0.45735243,0.0
0.0,0.07329029,0.0
1.0,0.8600548,1.0
1.0,0.8522896,1.0
1.0,0.69799125,1.0
0.0,0.04784957,0.0
0.0,0.36001498,0.0
0.0,0.29484227,0.0
0.0,0.48834115,0.0
0.0,0.6111508,1.0
1.0,0.3702221,0.0
1.0,0.8929729,1.0
1.0,0.14158136,0.0
1.0,0.7472002,1.0
0.0,0.90471685,1.0
1.0,0.8392808,1.0
1.0,0.76852036,1.0
0.0,0.017274262,0.0
1.0,0.71786976,1.0
0.0,0.16781826,0.0
1.0,0.67264,1.0
0.0,0.3729314,0.0
1.0,0.5789289,1.0
1.0,0.400883,0.0
1.0,0.83504415,1.0
0.0,0.4079467,0.0
1.0,0.7665745,1.0
0.0,0.12543495,0.0
1.0,0.47150365,0.0
0.0,0.16756418,0.0
1.0,0.97521883,1.0
1.0,0.9930547,1.0
0.0,0.4664539,0.0
1.0,0.84398633,1.0
0.0,0.13468154,0.0
0.0,0.2000407,0.0
0.0,0.071103565,0.0
0.0,0.09197988,0.0
0.0,0.29605588,0.0
1.0,0.9972269,1.0
1.0,0.2755052,0.0
1.0,0.9127247,1.0
0.0,0.15829057,0.0
0.0,0.2957962,0.0
0.0,0.028261535,0.0
0.0,0.25026557,0.0
0.0,0.7978406,1.0
0.0,0.10365458,0.0
1.0,0.50570714,1.0
1.0,0.50930566,1.0
0.0,0.34840196,0.0
0.0,0.0646706,0.0
0.0,0.355193,0.0
0.0,0.9862118,1.0
0.0,0.0576961,0.0
0.0,0.3881864,0.0
0.0,0.44768223,0.0
1.0,0.8839489,1.0
0.0,0.15161319,0.0
1.0,0.6676855,1.0
0.0,0.2764379,0.0
0.0,0.44611531,0.0
1.0,0.41414934,0.0
1.0,0.935574,1.0
0.0,0.2884691,0.0
0.0,0.12372532,0.0
0.0,0.47023454,0.0
1.0,0.83706146,1.0
1.0,0.8483458,1.0
1.0,0.94629425,1.0
0.0,0.12776762,0.0
0.0,0.09646761,0.0
0.0,0.19622725,0.0
0.0,0.26016495,0.0
0.0,0.15063961,0.0
1.0,0.91396195,1.0
1.0,0.91869,1.0
0.0,0.13833305,0.0
1.0,0.32086518,0.0
0.0,0.17803283,0.0
0.0,0.082940765,0.0
1.0,0.69474506,1.0
1.0,0.9120288,1.0
0.0,0.64840686,1.0
0.0,0.3565047,0.0
1.0,0.93435776,1.0
1.0,0.57782876,1.0
0.0,0.69487125,1.0
1.0,0.97204137,1.0
1.0,0.89296067,1.0
0.0,0.23986468,0.0
1.0,0.5384488,1.0
0.0,0.57874393,1.0
0.0,0.092888534,0.0
1.0,0.7582393,1.0
1.0,0.39478663,0.0
0.0,0.0124289105,0.0
0.0,0.6969993,1.0
1.0,0.71053416,1.0
0.0,0.02017753,0.0
0.0,0.44995326,0.0
1.0,0.9116773,1.0
1.0,0.56265336,1.0
0.0,0.20602652,0.0
1.0,0.96905005,1.0
0.0,0.65277886,1.0
0.0,0.2063751,0.0
0.0,0.13850603,0.0
0.0,0.30214384,0.0
0.0,0.32213256,0.0
0.0,0.28012845,0.0
1.0,0.9160891,1.0
1.0,0.5114202,1.0
1.0,0.7266874,1.0
0.0,0.17672564,0.0
0.0,0.21400812,0.0
1.0,0.9098528,1.0
0.0,0.14381988,0.0
0.0,0.183112,0.0
0.0,0.18428062,0.0
0.0,0.5190044,1.0
0.0,0.4353323,0.0
0.0,0.26993066,0.0
1.0,0.952043,1.0
0.0,0.24927606,0.0
0.0,0.10522979,0.0
1.0,0.38979223,0.0
0.0,0.1988109,0.0
1.0,0.38088265,0.0
1.0,0.40908298,0.0
0.0,0.13932107,0.0
1.0,0.25556174,0.0
1.0,0.65590173,1.0
0.0,0.09716217,0.0
0.0,0.42374918,0.0
0.0,0.1693355,0.0
0.0,0.27684835,0.0
0.0,0.30069876,0.0
1.0,0.966291,1.0
0.0,0.52867377,1.0
1.0,0.8274205,1.0
0.0,0.74801594,1.0
0.0,0.14181922,0.0
1.0,0.90379894,1.0
1.0,0.2865907,0.0
1.0,0.16707863,0.0
1.0,0.83031785,1.0
1.0,0.49676317,0.0
0.0,0.26085407,0.0
1.0,0.99437535,1.0
0.0,0.6158118,1.0
1.0,0.72457415,1.0
0.0,0.7899833,1.0
1.0,0.8880641,1.0
0.0,0.18773183,0.0
0.0,0.24382415,0.0
0.0,0.2501134,0.0
1.0,0.61635655,1.0
1.0,0.64801514,1.0
0.0,0.06678773,0.0
0.0,0.11318798,0.0
0.0,0.20480584,0.0
1.0,0.45851475,0.0
0.0,0.23408756,0.0
1.0,0.6573247,1.0
1.0,0.9653637,1.0
0.0,0.122387506,0.0
1.0,0.5477714,1.0
0.0,0.19580613,0.0
0.0,0.5072159,1.0
1.0,0.27918553,0.0
1.0,0.5818641,1.0
0.0,0.053536244,0.0
1.0,0.4097169,0.0
0.0,0.29015812,0.0
1.0,0.27859172,0.0
1.0,0.40737796,0.0
1.0,0.4883419,0.0
0.0,0.109518394,0.0
1.0,0.6301689,1.0
1.0,0.57635736,1.0
0.0,0.26471743,0.0
0.0,0.13053815,0.0
1.0,0.80980986,1.0
0.0,0.09262092,0.0
1.0,0.7498005,1.0
1.0,0.48216897,0.0
1.0,0.98862994,1.0
1.0,0.98047745,1.0
1.0,0.23679428,0.0
0.0,0.3748143,0.0
0.0,0.29864985,0.0
0.0,0.110791646,0.0
0.0,0.24348512,0.0
0.0,0.47121906,0.0
1.0,0.8581728,1.0
0.0,0.36482355,0.0
1.0,0.45055443,0.0
0.0,0.307702,0.0
0.0,0.74537843,1.0
0.0,0.14249302,0.0
0.0,0.068161845,0.0
1.0,0.96443206,1.0
1.0,0.43421823,0.0
1.0,0.94507694,1.0
1.0,0.513286,1.0
1.0,0.9066752,1.0
1.0,0.5736616,1.0
0.0,0.040943895,0.0
0.0,0.2025966,0.0
1.0,0.99742717,1.0
1.0,0.79156077,1.0
0.0,0.43534586,0.0
0.0,0.40242144,0.0
0.0,0.28668192,0.0
1.0,0.2239498,0.0
1.0,0.52605104,1.0
0.0,0.63426775,1.0
0.0,0.27653718,0.0
0.0,0.08152154,0.0
1.0,0.98939896,1.0
1.0,0.3073396,0.0
0.0,0.16630833,0.0
0.0,0.48941156,0.0
1.0,0.7610839,1.0
0.0,0.061886106,0.0
1.0,0.5466158,1.0
0.0,0.022091744,0.0
0.0,0.5733466,1.0
1.0,0.74728537,1.0
0.0,0.30049795,0.0
0.0,0.21107218,0.0
1.0,0.97243655,1.0
0.0,0.06990669,0.0
1.0,0.23065625,0.0
1.0,0.6946778,1.0
1.0,0.8575656,1.0
0.0,0.77106076,1.0
0.0,0.3210344,0.0
1.0,0.97638625,1.0
0.0,0.0744514,0.0
0.0,0.28676328,0.0
0.0,0.36582386,0.0
0.0,0.06048427,0.0
0.0,0.35408184,0.0
0.0,0.24943806,0.0
0.0,0.36097738,0.0
1.0,0.91469795,1.0
0.0,0.18760233,0.0
0.0,0.14564264,0.0
0.0,0.3615226,0.0
0.0,0.05321483,0.0
1.0,0.7544216,1.0
1.0,0.3682185,0.0
0.0,0.2160025,0.0
0.0,0.19358476,0.0
0.0,0.67993164,1.0
1.0,0.9414283,1.0
0.0,0.1298279,0.0
1.0,0.44676986,0.0
0.0,0.8548053,1.0
1.0,0.8844008,1.0
0.0,0.43589023,0.0
1.0,0.80888253,1.0
0.0,0.27358556,0.0
0.0,0.15746208,0.0
0.0,0.11880455,0.0
0.0,0.453951,0.0
0.0,0.118327454,0.0
0.0,0.3567398,0.0
1.0,0.5114411,1.0
0.0,0.12835994,0.0
1.0,0.97901934,1.0
0.0,0.22862092,0.0
0.0,0.41673145,0.0
1.0,0.8788786,1.0
0.0,0.16396928,0.0
1.0,0.6274773,1.0
0.0,0.45538634,0.0
0.0,0.010155292,0.0
0.0,0.53568906,1.0
1.0,0.85695153,1.0
0.0,0.3566123,0.0
0.0,0.5670552,1.0
0.0,0.11372432,0.0
1.0,0.3378536,0.0
1.0,0.9763639,1.0
0.0,0.3134803,0.0
0.0,0.19428706,0.0
1.0,0.545976,1.0
0.0,0.11619701,0.0
1.0,0.39213234,0.0
0.0,0.36123922,0.0
1.0,0.4175618,0.0
0.0,0.31693646,0.0
0.0,0.15760444,0.0
0.0,0.38454282,0.0
1.0,0.963652,1.0
0.0,0.05458105,0.0
0.0,0.14330314,0.0
1.0,0.36276987,0.0
1.0,0.9968143,1.0
1.0,0.89113873,1.0
0.0,0.35673538,0.0
0.0,0.22783378,0.0
0.0,0.0910001,0.0
1.0,0.35677,0.0
0.0,0.05819033,0.0
0.0,0.05489257,0.0
1.0,0.9884028,1.0
0.0,0.22532211,0.0
0.0,0.47314194,0.0
1.0,0.9388713,1.0
1.0,0.42196625,0.0
0.0,0.11632711,0.0
1.0,0.87077254,1.0
0.0,0.70094573,1.0
1.0,0.67045563,1.0
0.0,0.24916103,0.0
1.0,0.64266753,1.0
0.0,0.09590215,0.0
0.0,0.1763622,0.0
0.0,0.09977725,0.0
0.0,0.030745665,0.0
1.0,0.48743057,0.0
1.0,0.64314073,1.0
0.0,0.6992511,1.0
0.0,0.27220154,0.0
1.0,0.9929201,1.0
1.0,0.7642312,1.0
0.0,0.14065431,0.0
1.0,0.9855779,1.0
1.0,0.38616797,0.0
0.0,0.42972744,0.0
0.0,0.6439876,1.0
0.0,0.43912503,0.0
1.0,0.96521586,1.0
1.0,0.8306374,1.0
1.0,0.8973192,1.0
1.0,0.373308,0.0
1.0,0.8740173,1.0
0.0,0.18930824,0.0
0.0,0.68479127,1.0
0.0,0.14664774,0.0
0.0,0.20696546,0.0
0.0,0.38982347,0.0
1.0,0.012853967,0.0
1.0,0.7396763,1.0
0.0,0.23280601,0.0
1.0,0.72560865,1.0
1.0,0.7131558,1.0
0.0,0.38714483,0.0
0.0,0.14420113,0.0
1.0,0.45862946,0.0
1.0,0.13450721,0.0
1.0,0.55017805,1.0
1.0,0.3166387,0.0
1.0,0.9173566,1.0
1.0,0.44460416,0.0
1.0,0.08508775,0.0
1.0,0.83316493,1.0
0.0,0.26764762,0.0
1.0,0.98919106,1.0
0.0,0.20472726,0.0
0.0,0.39773157,0.0
1.0,0.9753169,1.0
0.0,0.05734392,0.0
0.0,0.44775078,0.0
0.0,0.28903595,0.0
0.0,0.64467674,1.0
0.0,0.007720853,0.0
1.0,0.9570152,1.0
0.0,0.15415335,0.0
1.0,0.34932318,0.0
0.0,0.019007316,0.0
0.0,0.14801976,0.0
0.0,0.51471734,1.0
1.0,0.19763727,0.0
0.0,0.14387462,0.0
1.0,0.5386703,1.0
0.0,0.4806947,0.0
0.0,0.266343,0.0
0.0,0.27126226,0.0
0.0,0.71527165,1.0
0.0,0.4667403,0.0
1.0,0.44144326,0.0
0.0,0.014267173,0.0
1.0,0.44875357,0.0
0.0,0.28952926,0.0
0.0,0.43223554,0.0
0.0,0.34222868,0.0
1.0,0.9177396,1.0
1.0,0.8882559,1.0
0.0,0.4236401,0.0
1.0,0.5405501,1.0
0.0,0.22792913,0.0
0.0,0.17758344,0.0
0.0,0.15468085,0.0
0.0,0.07127166,0.0
1.0,0.9063551,1.0
0.0,0.33598325,0.0
0.0,0.7296151,1.0
1.0,0.29778433,0.0
0.0,0.6623188,1.0
1.0,0.7821137,1.0
0.0,0.24374758,0.0
1.0,0.6432497,1.0
1.0,0.9201087,1.0
0.0,0.49127528,0.0
1.0,0.78866917,1.0
0.0,0.17517965,0.0
0.0,0.114809945,0.0
1.0,0.9894392,1.0
1.0,0.52256554,1.0
1.0,0.92135173,1.0
0.0,0.3286871,0.0
1.0,0.5123361,1.0
1.0,0.6406697,1.0
1.0,0.67082685,1.0
1.0,0.9463349,1.0
0.0,0.37771815,0.0
0.0,0.18383445,0.0
0.0,0.23979954,0.0
0.0,0.061154023,0.0
0.0,0.40180698,0.0
0.0,0.47102678,0.0
1.0,0.996947,1.0
1.0,0.95139647,1.0
0.0,0.11682926,0.0
0.0,0.36889237,0.0
0.0,0.39188576,0.0
1.0,0.65112644,1.0
0.0,0.023307605,0.0
0.0,0.7807884,1.0
0.0,0.26948017,0.0
0.0,0.45958075,0.0
1.0,0.086008765,0.0
0.0,0.030053398,0.0
0.0,0.4990032,0.0
0.0,0.14882137,0.0
0.0,0.118824005,0.0
0.0,0.05244916,0.0
0.0,0.2028804,0.0
0.0,0.47426748,0.0
1.0,0.9626354,1.0
0.0,0.23224296,0.0
0.0,0.3694893,0.0
1.0,0.2914172,0.0
0.0,0.3482635,0.0
0.0,0.5539825,1.0
0.0,0.12117832,0.0
0.0,0.105665304,0.0
0.0,0.3775819,0.0
1.0,0.7153463,1.0
0.0,0.011978427,0.0
0.0,0.33883443,0.0
1.0,0.9970157,1.0
1.0,0.3846391,0.0
1.0,0.7045712,1.0
0.0,0.2810763,0.0
1.0,0.30835417,0.0
1.0,0.26899242,0.0
0.0,0.043761194,0.0
1.0,0.935037,1.0
0.0,0.38443053,0.0
1.0,0.81073445,1.0
1.0,0.13171269,0.0
0.0,0.082712196,0.0
1.0,0.98892176,1.0
1.0,0.10564599,0.0
0.0,0.026632233,0.0
1.0,0.9963904,1.0
1.0,0.95697176,1.0
1.0,0.20441973,0.0
0.0,0.12087713,0.0
0.0,0.923852,1.0
0.0,0.17537461,0.0
1.0,0.9824181,1.0
1.0,0.7200518,1.0
0.0,0.56494236,1.0
1.0,0.3990665,0.0
1.0,0.19628377,0.0
1.0,0.87779367,1.0
1.0,0.56079406,1.0
0.0,0.041040756,0.0
1.0,0.96753377,1.0
1.0,0.87493414,1.0
0.0,0.3888714,0.0
1.0,0.7551743,1.0
0.0,0.058046866,0.0
0.0,0.60751736,1.0
1.0,0.8207313,1.0
0.0,0.102015905,0.0
1.0,0.99444795,1.0
1.0,0.5028063,1.0
0.0,0.14458331,0.0
1.0,0.14658247,0.0
0.0,0.33754984,0.0
1.0,0.7931338,1.0
1.0,0.38793886,0.0
0.0,0.14554907,0.0
0.0,0.16197594,0.0
0.0,0.49893144,0.0
0.0,0.15483628,0.0
1.0,0.9423509,1.0
0.0,0.15365167,0.0
0.0,0.5426374,1.0
0.0,0.4395345,0.0
0.0,0.2734897,0.0
0.0,0.24066849,0.0
0.0,0.3388733,0.0
1.0,0.91993123,1.0
1.0,0.789459,1.0
0.0,0.39567187,0.0
0.0,0.19468594,0.0
1.0,0.5442131,1.0
1.0,0.90811706,1.0
1.0,0.82092136,1.0
1.0,0.8649394,1.0
0.0,0.009281013,0.0
0.0,0.20893274,0.0
0.0,0.2489293,0.0
1.0,0.9901974,1.0
0.0,0.24106154,0.0
1.0,0.014090788,0.0
0.0,0.32463783,0.0
1.0,0.9924508,1.0
0.0,0.20837712,0.0
0.0,0.6131959,1.0
0.0,0.14908245,0.0
0.0,0.09226395,0.0
0.0,0.32858276,0.0
0.0,0.14489935,0.0
0.0,0.028990675,0.0
1.0,0.3790759,0.0
0.0,0.61713433,1.0
0.0,0.69671685,1.0
0.0,0.023428088,0.0
1.0,0.9162734,1.0
1.0,0.94072956,1.0
1.0,0.8248697,1.0
0.0,0.36884013,0.0
1.0,0.49216998,0.0
1.0,0.5967527,1.0
0.0,0.22696072,0.0
0.0,0.29081455,0.0
1.0,0.991413,1.0
0.0,0.37583193,0.0
0.0,0.09980955,0.0
1.0,0.9750651,1.0
1.0,0.91561615,1.0
1.0,0.9535736,1.0
0.0,0.1201806,0.0
0.0,0.41011965,0.0
0.0,0.22311124,0.0
1.0,0.9902622,1.0
1.0,0.686216,1.0
0.0,0.111420356,0.0
1.0,0.8406209,1.0
1.0,0.93516964,1.0
1.0,0.6968455,1.0
0.0,0.28213614,0.0
0.0,0.9509951,1.0
0.0,0.42691743,0.0
1.0,0.4191746,0.0
0.0,0.2622816,0.0
1.0,0.8583017,1.0
0.0,0.07996379,0.0
0.0,0.47493452,0.0
0.0,0.22936599,0.0
0.0,0.2554721,0.0
1.0,0.4595614,0.0
1.0,0.3420847,0.0
1.0,0.5860288,1.0
0.0,0.28073603,0.0
1.0,0.47049722,0.0
0.0,0.06425882,0.0
1.0,0.70661426,1.0
1.0,0.13256243,0.0
1.0,0.36605078,0.0
1.0,0.4643885,0.0
0.0,0.79951817,1.0
0.0,0.13637419,0.0
1.0,0.8014117,1.0
1.0,0.11041395,0.0
1.0,0.88986427,1.0
1.0,0.5256525,1.0
0.0,0.42478818,0.0
0.0,0.2690984,0.0
0.0,0.014881325,0.0
1.0,0.75587565,1.0
0.0,0.22822934,0.0
0.0,0.18197559,0.0
0.0,0.14083593,0.0
0.0,0.16331625,0.0
1.0,0.45332733,0.0
0.0,0.056378298,0.0
1.0,0.9860095,1.0
1.0,0.48601875,0.0
1.0,0.93214536,1.0
1.0,0.97668636,1.0
1.0,0.9860854,1.0
0.0,0.11461147,0.0
0.0,0.8794114,1.0
1.0,0.28594005,0.0
0.0,0.32375562,0.0
1.0,0.32013357,0.0
0.0,0.08447746,0.0
0.0,0.40905803,0.0
1.0,0.7715496,1.0
0.0,0.08702929,0.0
1.0,0.69581807,1.0
1.0,0.14399563,0.0
0.0,0.3818127,0.0
1.0,0.92214626,1.0
1.0,0.9763874,1.0
1.0,0.44343185,0.0
1.0,0.24230419,0.0
1.0,0.9225557,1.0
0.0,0.128235,0.0
1.0,0.8992402,1.0
0.0,0.24563839,0.0
0.0,0.2286596,0.0
1.0,0.5729818,1.0
0.0,0.32816285,0.0
0.0,0.026560424,0.0
0.0,0.073061384,0.0
0.0,0.12299703,0.0
0.0,0.40249372,0.0
1.0,0.2856394,0.0
1.0,0.7767633,1.0
1.0,0.68157077,1.0
0.0,0.26226,0.0
0.0,0.38438413,0.0
1.0,0.9611955,1.0
0.0,0.2405148,0.0
1.0,0.95789135,1.0
1.0,0.9395355,1.0
1.0,0.6658819,1.0
1.0,0.79220015,1.0
0.0,0.4159248,0.0
0.0,0.22119103,0.0
1.0,0.6084593,1.0
1.0,0.3741515,0.0
1.0,0.22230707,0.0
0.0,0.21698022,0.0
1.0,0.71930534,1.0
1.0,0.82559854,1.0
1.0,0.791494,1.0
0.0,0.36603722,0.0
0.0,0.16878319,0.0
0.0,0.1872941,0.0
0.0,0.046604775,0.0
0.0,0.2530433,0.0
1.0,0.6142915,1.0
1.0,0.26198083,0.0
0.0,0.25463083,0.0
1.0,0.17338799,0.0
1.0,0.94776016,1.0
1.0,0.70327216,1.0
0.0,0.07569506,0.0
1.0,0.9905509,1.0
1.0,0.7290728,1.0
1.0,0.8211065,1.0
1.0,0.8583238,1.0
0.0,0.27953336,0.0
0.0,0.15043093,0.0
0.0,0.35961586,0.0
1.0,0.72639006,1.0
0.0,0.21134514,0.0
0.0,0.07138616,0.0
1.0,0.91173553,1.0
0.0,0.18637693,0.0
0.0,0.39031357,0.0
0.0,0.4114182,0.0
1.0,0.74375767,1.0
0.0,0.29424828,0.0
0.0,0.29004818,0.0
0.0,0.48438066,0.0
1.0,0.21925104,0.0
0.0,0.7465394,1.0
1.0,0.4469076,0.0
0.0,0.44475248,0.0
0.0,0.08471472,0.0
1.0,0.88212377,1.0
0.0,0.8070699,1.0
0.0,0.31453955,0.0
1.0,0.81919616,1.0
1.0,0.70631284,1.0
1.0,0.58539134,1.0
0.0,0.14210188,0.0
1.0,0.99535215,1.0
1.0,0.7884095,1.0
0.0,0.40786427,0.0
0.0,0.0976003,0.0
0.0,0.29630962,0.0
1.0,0.5275638,1.0
0.0,0.292902,0.0
0.0,0.11654249,0.0
0.0,0.08348563,0.0
1.0,0.99369967,1.0
1.0,0.47544366,0.0
1.0,0.72655416,1.0
1.0,0.86535305,1.0
1.0,0.9942327,1.0
0.0,0.15222357,0.0
1.0,0.5565388,1.0
0.0,0.08679176,0.0
1.0,0.9929028,1.0
0.0,0.20194183,0.0
0.0,0.17863023,0.0
0.0,0.63674575,1.0
0.0,0.17072897,0.0
0.0,0.47831672,0.0
1.0,0.44674844,0.0
1.0,0.40963295,0.0
1.0,0.26392394,0.0
0.0,0.47155464,0.0
0.0,0.12368477,0.0
1.0,0.960307,1.0
0.0,0.12875819,0.0
0.0,0.155539,0.0
1.0,0.46478412,0.0
1.0,0.8551578,1.0
0.0,0.30186749,0.0
0.0,0.059258837,0.0
0.0,0.20746335,0.0
1.0,0.96672106,1.0
0.0,0.36300334,0.0
1.0,0.14306606,0.0
0.0,0.38227293,0.0
0.0,0.34204805,0.0
1.0,0.29519597,0.0
0.0,0.0952992,0.0
1.0,0.7532163,1.0
1.0,0.85078585,1.0
0.0,0.3700768,0.0
1.0,0.3504765,0.0
0.0,0.15672235,0.0
1.0,0.30871388,0.0
1.0,0.49790382,0.0
0.0,0.13933231,0.0
0.0,0.13560481,0.0
1.0,0.4312439,0.0
1.0,0.99640614,1.0
1.0,0.86311865,1.0
1.0,0.96913683,1.0
0.0,0.3040851,0.0
1.0,0.64125335,1.0
0.0,0.56946766,1.0
1.0,0.9436084,1.0
0.0,0.4773043,0.0
1.0,0.6193777,1.0
1.0,0.60697716,1.0
0.0,0.44896287,0.0
1.0,0.99590886,1.0
0.0,0.06213784,0.0
1.0,0.9211595,1.0
1.0,0.8809516,1.0
1.0,0.87616146,1.0
0.0,0.14662348,0.0
0.0,0.20763618,0.0
1.0,0.8205389,1.0
1.0,0.5089403,1.0
0.0,0.21090215,0.0
0.0,0.19194534,0.0
1.0,0.5846001,1.0
0.0,0.2824263,0.0
1.0,0.5674048,1.0
0.0,0.3623346,0.0
1.0,0.26413515,0.0
0.0,0.3872035,0.0
0.0,0.7080427,1.0
0.0,0.230156,0.0
0.0,0.32976827,0.0
0.0,0.20738508,0.0
1.0,0.8995879,1.0
0.0,0.45057148,0.0
1.0,0.32300982,0.0
0.0,0.3323176,0.0
0.0,0.48147905,0.0
1.0,0.83326226,1.0
1.0,0.73642194,1.0
1.0,0.6158963,1.0
1.0,0.4782767,0.0
1.0,0.93999434,1.0
0.0,0.27803886,0.0
0.0,0.25991136,0.0
1.0,0.9211261,1.0
1.0,0.7587195,1.0
1.0,0.9668921,1.0
0.0,0.011259218,0.0
0.0,0.42399094,0.0
1.0,0.6087914,1.0
1.0,0.2750569,0.0
0.0,0.41602093,0.0
1.0,0.52997065,1.0
1.0,0.19911128,0.0
0.0,0.45185488,0.0
0.0,0.14715552,0.0
1.0,0.667174,1.0
1.0,0.9886901,1.0
0.0,0.5739781,1.0
1.0,0.700803,1.0
0.0,0.77894294,1.0
1.0,0.37192574,0.0
1.0,0.9153652,1.0
0.0,0.42241442,0.0
1.0,0.095529385,0.0
0.0,0.2317463,0.0
0.0,0.4554183,0.0
1.0,0.7727427,1.0
0.0,0.02195613,0.0
0.0,0.42789483,0.0
1.0,0.95669055,1.0
0.0,0.12637424,0.0
0.0,0.19997907,0.0
0.0,0.34140024,0.0
0.0,0.33873641,0.0
1.0,0.94127935,1.0
1.0,0.9935155,1.0
1.0,0.878894,1.0
1.0,0.6662396,1.0
0.0,0.120427735,0.0
0.0,0.1776993,0.0
0.0,0.14806972,0.0
1.0,0.9669462,1.0
0.0,0.48153558,0.0
0.0,0.26536468,0.0
1.0,0.17182519,0.0
0.0,0.75627583,1.0
0.0,0.12132703,0.0
0.0,0.13900101,0.0
1.0,0.7829667,1.0
1.0,0.34017798,0.0
0.0,0.3776659,0.0
1.0,0.95785594,1.0
0.0,0.046467084,0.0
1.0,0.6476742,1.0
0.0,0.18217504,0.0
1.0,0.8107855,1.0
1.0,0.8198473,1.0
0.0,0.014556631,0.0
1.0,0.9669328,1.0
0.0,0.66293824,1.0
0.0,0.5949803,1.0
1.0,0.984345,1.0
1.0,0.15245362,0.0
1.0,0.45682272,0.0
0.0,0.41346714,0.0
1.0,0.8683498,1.0
0.0,0.51128876,1.0
0.0,0.11237362,0.0
1.0,0.9904484,1.0
0.0,0.0209148,0.0
0.0,0.47378597,0.0
1.0,0.92885864,1.0
0.0,0.01157799,0.0
1.0,0.8715225,1.0
1.0,0.9090456,1.0
0.0,0.5868742,1.0
0.0,0.39747944,0.0
1.0,0.75474703,1.0
1.0,0.99757844,1.0
1.0,0.7782658,1.0
0.0,0.1449685,0.0
1.0,0.2745107,0.0
1.0,0.9725406,1.0
1.0,0.8402629,1.0
0.0,0.13438642,0.0
0.0,0.7368851,1.0
1.0,0.9768858,1.0
0.0,0.20337345,0.0
1.0,0.9195056,1.0
0.0,0.119049884,0.0
0.0,0.045732044,0.0
1.0,0.7663025,1.0
0.0,0.46883008,0.0
1.0,0.86564195,1.0
0.0,0.58584183,1.0
1.0,0.31548518,0.0
1.0,0.5186943,1.0
0.0,0.32676518,0.0
0.0,0.740763,1.0
1.0,0.42399257,0.0
0.0,0.26034677,0.0
1.0,0.48921952,0.0
1.0,0.4538568,0.0
1.0,0.18292448,0.0
1.0,0.7703691,1.0
1.0,0.6217133,1.0
1.0,0.89451534,1.0
1.0,0.57809716,1.0
0.0,0.6172955,1.0
1.0,0.7376738,1.0
0.0,0.53334177,1.0
0.0,0.042285983,0.0
0.0,0.10611184,0.0
1.0,0.9907132,1.0
0.0,0.3805594,0.0
0.0,0.19221126,0.0
1.0,0.34956646,0.0
0.0,0.34032688,0.0
0.0,0.05536549,0.0
0.0,0.15312363,0.0
0.0,0.2825187,0.0
0.0,0.15466487,0.0
0.0,0.038715083,0.0
0.0,0.5607335,1.0
1.0,0.43068534,0.0
0.0,0.096970454,0.0
1.0,0.9623391,1.0
1.0,0.1427461,0.0
1.0,0.83967906,1.0
0.0,0.4596423,0.0
0.0,0.2725788,0.0
0.0,0.45439786,0.0
1.0,0.7260921,1.0
1.0,0.9832727,1.0
0.0,0.22073965,0.0
1.0,0.84420776,1.0
0.0,0.4717461,0.0
1.0,0.66295516,1.0
0.0,0.076906435,0.0
0.0,0.038326815,0.0
0.0,0.2334389,0.0
1.0,0.89609885,1.0
0.0,0.29193678,0.0
0.0,0.53824925,1.0
0.0,0.13768108,0.0
0.0,0.3147367,0.0
1.0,0.9278712,1.0
0.0,0.38200918,0.0
1.0,0.7834132,1.0
0.0,0.35486862,0.0
0.0,0.46136746,0.0
0.0,0.1397269,0.0
0.0,0.3443031,0.0
0.0,0.22359213,0.0
1.0,0.9545002,1.0
1.0,0.7696999,1.0
0.0,0.15514323,0.0
0.0,0.33872783,0.0
1.0,0.35270077,0.0
0.0,0.201585,0.0
1.0,0.65839076,1.0
0.0,0.4264482,0.0
0.0,0.3086366,0.0
0.0,0.4298659,0.0
0.0,0.25225115,0.0
1.0,0.9340827,1.0
0.0,0.23984633,0.0
0.0,0.018631753,0.0
0.0,0.09277669,0.0
0.0,0.87336636,1.0
1.0,0.7304061,1.0
1.0,0.9263895,1.0
1.0,0.20194228,0.0
1.0,0.4697495,0.0
1.0,0.47901192,0.0
0.0,0.18841292,0.0
0.0,0.22750811,0.0
0.0,0.11627205,0.0
0.0,0.06973987,0.0
0.0,0.61477435,1.0
1.0,0.9402454,1.0
1.0,0.9926076,1.0
1.0,0.11902822,0.0
1.0,0.9976845,1.0
0.0,0.6564156,1.0
0.0,0.08238613,0.0
0.0,0.20625365,0.0
0.0,0.14922456,0.0
1.0,0.24423783,0.0
0.0,0.43324596,0.0
0.0,0.54571384,1.0
1.0,0.98264575,1.0
0.0,0.26142058,0.0
1.0,0.9558523,1.0
0.0,0.14311454,0.0
0.0,0.116345175,0.0
0.0,0.17093349,0.0
0.0,0.01732591,0.0
1.0,0.6234172,1.0
1.0,0.4303232,0.0
0.0,0.56652313,1.0
0.0,0.1693815,0.0
0.0,0.30757132,0.0
0.0,0.3336923,0.0
1.0,0.33379057,0.0
0.0,0.2805887,0.0
0.0,0.069225006,0.0
1.0,0.2700736,0.0
1.0,0.8951897,1.0
1.0,0.45344073,0.0
1.0,0.98934376,1.0
1.0,0.58406377,1.0
1.0,0.9533834,1.0
1.0,0.8724148,1.0
0.0,0.12143336,0.0
0.0,0.4296299,0.0
1.0,0.6179082,1.0
0.0,0.16414016,0.0
0.0,0.3697684,0.0
0.0,0.35866618,0.0
1.0,0.3680586,0.0
1.0,0.7547208,1.0
0.0,0.18705422,0.0
0.0,0.10451976,0.0
0.0,0.3243814,0.0
0.0,0.25921318,0.0
1.0,0.7161322,1.0
0.0,0.084931225,0.0
1.0,0.95807457,1.0
1.0,0.54043734,1.0
0.0,0.04443596,0.0
1.0,0.56560576,1.0
1.0,0.88334817,1.0
1.0,0.99487406,1.0
1.0,0.9717395,1.0
0.0,0.17957409,0.0
1.0,0.798784,1.0
1.0,0.9177319,1.0
1.0,0.46203116,0.0
1.0,0.39341024,0.0
1.0,0.9669775,1.0
1.0,0.973961,1.0
0.0,0.19477718,0.0
0.0,0.121573776,0.0
1.0,0.12287991,0.0
0.0,0.14643319,0.0
1.0,0.50778896,1.0
0.0,0.2323935,0.0
1.0,0.39873078,0.0
0.0,0.18213594,0.0
1.0,0.9882274,1.0
0.0,0.1990146,0.0
1.0,0.63367325,1.0
1.0,0.648528,1.0
1.0,0.23895764,0.0
1.0,0.99023527,1.0
0.0,0.015536806,0.0
0.0,0.17590041,0.0
0.0,0.34685057,0.0
0.0,0.07426422,0.0
0.0,0.26927507,0.0
0.0,0.0134456195,0.0
0.0,0.33208632,0.0
1.0,0.5485088,1.0
0.0,0.6926538,1.0
1.0,0.51855177,1.0
0.0,0.47765392,0.0
1.0,0.97809917,1.0
0.0,0.3853941,0.0
1.0,0.7702334,1.0
0.0,0.13821837,0.0
1.0,0.0202903,0.0
1.0,0.99314696,1.0
0.0,0.3834587,0.0
1.0,0.8946093,1.0
0.0,0.042316955,0.0
1.0,0.8636932,1.0
0.0,0.31221586,0.0
1.0,0.9112433,1.0
1.0,0.74469143,1.0
0.0,0.32778245,0.0
1.0,0.96243185,1.0
0.0,0.48313648,0.0
1.0,0.91684204,1.0
0.0,0.3224224,0.0
0.0,0.26952502,0.0
1.0,0.7823886,1.0
1.0,0.7678611,1.0
0.0,0.02048676,0.0
1.0,0.8490107,1.0
1.0,0.6867541,1.0
0.0,0.16046731,0.0
0.0,0.57164013,1.0
1.0,0.1953254,0.0
1.0,0.40658918,0.0
1.0,0.9554258,1.0
1.0,0.3654663,0.0
1.0,0.9715234,1.0
1.0,0.76841766,1.0
1.0,0.49171686,0.0
1.0,0.8841177,1.0
0.0,0.06408784,0.0
1.0,0.57580185,1.0
1.0,0.8309918,1.0
0.0,0.4884269,0.0
0.0,0.3364211,0.0
1.0,0.42340457,0.0
1.0,0.34226537,0.0
0.0,0.14890955,0.0
1.0,0.9762868,1.0
1.0,0.8407628,1.0
0.0,0.07176304,0.0
1.0,0.87815416,1.0
0.0,0.3500795,0.0
0.0,0.072972335,0.0
1.0,0.5978318,1.0
1.0,0.9776529,1.0
0.0,0.22332188,0.0
1.0,0.6335919,1.0
0.0,0.3965429,0.0
1.0,0.7620767,1.0
1.0,0.42046255,0.0
1.0,0.31491652,0.0
1.0,0.8703844,1.0
1.0,0.9766316,1.0
0.0,0.17673692,0.0
0.0,0.032948818,0.0
0.0,0.30527633,0.0
1.0,0.58501005,1.0
0.0,0.42827487,0.0
1.0,0.6662898,1.0
0.0,0.24803525,0.0
0.0,0.21464416,0.0
1.0,0.59587306,1.0
1.0,0.41529858,0.0
1.0,0.39418224,0.0
1.0,0.9576887,1.0
1.0,0.89575666,1.0
0.0,0.2192233,0.0
1.0,0.964788,1.0
1.0,0.30723178,0.0
1.0,0.16370243,0.0
0.0,0.21771437,0.0
1.0,0.81544495,1.0
0.0,0.334446,0.0
1.0,0.6918207,1.0
1.0,0.3430137,0.0
1.0,0.5316217,1.0
0.0,0.018281741,0.0
0.0,0.38405973,0.0
0.0,0.31660402,0.0
1.0,0.96597487,1.0
1.0,0.80780834,1.0
0.0,0.25110695,0.0
0.0,0.53682554,1.0
0.0,0.44053498,0.0
0.0,0.036194913,0.0
0.0,0.23522104,0.0
0.0,0.011389202,0.0
1.0,0.6775951,1.0
1.0,0.8411348,1.0
1.0,0.87099206,1.0
0.0,0.59902984,1.0
0.0,0.038547166,0.0
1.0,0.98813874,1.0
1.0,0.8899614,1.0
0.0,0.104530156,0.0
0.0,0.024201686,0.0
0.0,0.31109646,0.0
1.0,0.5744566,1.0
1.0,0.95004267,1.0
1.0,0.9793815,1.0
0.0,0.056832958,0.0
0.0,0.4891218,0.0
0.0,0.18211937,0.0
1.0,0.40649793,0.0
0.0,0.41568437,0.0
0.0,0.15921041,0.0
1.0,0.99606067,1.0
0.0,0.08649866,0.0
1.0,0.94597584,1.0
0.0,0.23999965,0.0
1.0,0.8418053,1.0
1.0,0.30274814,0.0
1.0,0.5503416,1.0
0.0,0.18511751,0.0
1.0,0.95577526,1.0
0.0,0.4278584,0.0
1.0,0.9573474,1.0
0.0,0.27998102,0.0
1.0,0.49834752,0.0
0.0,0.16255753,0.0
0.0,0.06565008,0.0
0.0,0.15737174,0.0
0.0,0.48806748,0.0
1.0,0.6390272,1.0
1.0,0.88976157,1.0
0.0,0.79755473,1.0
0.0,0.347053,0.0
0.0,0.1806776,0.0
0.0,0.51655215,1.0
1.0,0.9853454,1.0
1.0,0.94049805,1.0
0.0,0.11728895,0.0
1.0,0.411858,0.0
1.0,0.8551193,1.0
0.0,0.454693,0.0
1.0,0.69727075,1.0
0.0,0.16025515,0.0
0.0,0.21793088,0.0
1.0,0.466708,0.0
1.0,0.6290196,1.0
0.0,0.02841508,0.0
1.0,0.5781511,1.0
0.0,0.038101096,0.0
1.0,0.67178077,1.0
0.0,0.12037175,0.0
1.0,0.4707379,0.0
0.0,0.4758118,0.0
0.0,0.2695347,0.0
1.0,0.9946425,1.0
1.0,0.9944172,1.0
1.0,0.75901484,1.0
1.0,0.19776922,0.0
0.0,0.34489396,0.0
0.0,0.21518362,0.0
1.0,0.9656274,1.0
1.0,0.28429878,0.0
1.0,0.66628903,1.0
1.0,0.9324994,1.0
1.0,0.26024795,0.0
0.0,0.10083943,0.0
1.0,0.9557396,1.0
1.0,0.30337214,0.0
0.0,0.17107667,0.0
0.0,0.014855852,0.0
1.0,0.50626564,1.0
0.0,0.1757378,0.0
1.0,0.31834614,0.0
0.0,0.28444588,0.0
0.0,0.7924215,1.0
1.0,0.5785002,1.0
0.0,0.3398175,0.0
0.0,0.65603846,1.0
1.0,0.24957713,0.0
0.0,0.1925516,0.0
1.0,0.96086943,1.0
1.0,0.53817785,1.0
1.0,0.6520069,1.0
0.0,0.04617412,0.0
0.0,0.15329877,0.0
0.0,0.49793363,0.0
0.0,0.09005819,0.0
0.0,0.1479594,0.0
1.0,0.2779648,0.0
1.0,0.98754686,1.0
1.0,0.4640377,0.0
1.0,0.71787405,1.0
0.0,0.5258502,1.0
0.0,0.31854182,0.0
0.0,0.5714522,1.0
0.0,0.10831918,0.0
0.0,0.34119734,0.0
0.0,0.58210224,1.0
0.0,0.11836079,0.0
1.0,0.52911294,1.0
0.0,0.07091614,0.0
1.0,0.29972962,0.0
0.0,0.09031607,0.0
1.0,0.9968477,1.0
0.0,0.74393135,1.0
1.0,0.37723717,0.0
1.0,0.9949273,1.0
1.0,0.4507499,0.0
0.0,0.0084496485,0.0
1.0,0.097703576,0.0
0.0,0.07731029,0.0
1.0,0.97850424,1.0
0.0,0.2596164,0.0
0.0,0.3797468,0.0
1.0,0.7249432,1.0
0.0,0.30115238,0.0
0.0,0.14321254,0.0
0.0,0.104088664,0.0
0.0,0.5173295,1.0
1.0,0.9510876,1.0
1.0,0.98353875,1.0
1.0,0.99634427,1.0
1.0,0.4151225,0.0
0.0,0.41342095,0.0
1.0,0.41154656,0.0
1.0,0.56482387,1.0
0.0,0.66960365,1.0
1.0,0.78488284,1.0
0.0,0.4164983,0.0
0.0,0.018033488,0.0
1.0,0.98329943,1.0
1.0,0.1915657,0.0
0.0,0.24829955,0.0
1.0,0.9455923,1.0
0.0,0.36227933,0.0
0.0,0.29799634,0.0
0.0,0.75827926,1.0
1.0,0.98790205,1.0
1.0,0.5087817,1.0
0.0,0.06903388,0.0
0.0,0.74200153,1.0
1.0,0.9840231,1.0
1.0,0.53589576,1.0
0.0,0.20818377,0.0
0.0,0.40798298,0.0
0.0,0.32802835,0.0
0.0,0.060754977,0.0
1.0,0.5141708,1.0
0.0,0.11384602,0.0
0.0,0.5942648,1.0
0.0,0.34388188,0.0
0.0,0.20441006,0.0
1.0,0.48753458,0.0
1.0,0.28188863,0.0
0.0,0.114202745,0.0
0.0,0.013828144,0.0
0.0,0.34126484,0.0
1.0,0.9419395,1.0
0.0,0.5656651,1.0
0.0,0.24466789,0.0
1.0,0.9437341,1.0
1.0,0.64277273,1.0
0.0,0.06024051,0.0
0.0,0.3312048,0.0
1.0,0.4018591,0.0
1.0,0.87427324,1.0
0.0,0.38760155,0.0
1.0,0.945687,1.0
1.0,0.5121144,1.0
0.0,0.3818548,0.0
0.0,0.23187436,0.0
0.0,0.08656499,0.0
0.0,0.110226005,0.0
0.0,0.78392637,1.0
0.0,0.353238,0.0
0.0,0.13839595,0.0
1.0,0.318347,0.0
0.0,0.7871002,1.0
0.0,0.40290803,0.0
0.0,0.27356517,0.0
1.0,0.3790604,0.0
0.0,0.08744978,0.0
1.0,0.99076205,1.0
0.0,0.37535065,0.0
1.0,0.9483133,1.0
0.0,0.6907249,1.0
0.0,0.35665283,0.0
0.0,0.17535026,0.0
1.0,0.96128076,1.0
0.0,0.11949396,0.0
0.0,0.2898325,0.0
1.0,0.55644333,1.0
1.0,0.9681864,1.0
1.0,0.16631056,0.0
0.0,0.462118,0.0
0.0,0.35383794,0.0
0.0,0.5433632,1.0
0.0,0.4193804,0.0
1.0,0.658466,1.0
0.0,0.25754392,0.0
1.0,0.9821014,1.0
0.0,0.836999,1.0
0.0,0.014116049,0.0
1.0,0.59168327,1.0
0.0,0.02990546,0.0
1.0,0.98581886,1.0
0.0,0.26035768,0.0
1.0,0.44532365,0.0
0.0,0.4096251,0.0
0.0,0.17243327,0.0
0.0,0.049609486,0.0
0.0,0.4155546,0.0
0.0,0.4199327,0.0
1.0,0.9843275,1.0
1.0,0.90565425,1.0
0.0,0.2963118,0.0
1.0,0.85512304,1.0
0.0,0.7944412,1.0
0.0,0.36357933,0.0
0.0,0.55077237,1.0
0.0,0.023276921,0.0
1.0,0.7075788,1.0
0.0,0.18046132,0.0
0.0,0.20121796,0.0
1.0,0.18788254,0.0
0.0,0.4345436,0.0
0.0,0.35880798,0.0
1.0,0.95450187,1.0
0.0,0.22032976,0.0
0.0,0.0077417777,0.0
1.0,0.5140962,1.0
0.0,0.111889064,0.0
1.0,0.5992729,1.0
1.0,0.92603916,1.0
0.0,0.32040545,0.0
1.0,0.9558152,1.0
0.0,0.107557364,0.0
0.0,0.31547198,0.0
0.0,0.14822924,0.0
1.0,0.9429279,1.0
0.0,0.32474273,0.0
0.0,0.3918859,0.0
1.0,0.57155216,1.0
1.0,0.87595314,1.0
0.0,0.070070975,0.0
0.0,0.052964404,0.0
1.0,0.8711634,1.0
0.0,0.062016215,0.0
0.0,0.6574273,1.0
1.0,0.5528921,1.0
1.0,0.7412754,1.0
1.0,0.38896343,0.0
1.0,0.9122862,1.0
1.0,0.57935375,1.0
1.0,0.17003517,0.0
1.0,0.9463566,1.0
1.0,0.96190345,1.0
1.0,0.7552047,1.0
1.0,0.75239813,1.0
1.0,0.85436463,1.0
1.0,0.5063337,1.0
1.0,0.8487128,1.0
1.0,0.9691803,1.0
0.0,0.17322874,0.0
1.0,0.96127987,1.0
1.0,0.98919183,1.0
0.0,0.2519793,0.0
0.0,0.43698642,0.0
0.0,0.800863,1.0
0.0,0.056346953,0.0
0.0,0.58843756,1.0
0.0,0.05918531,0.0
1.0,0.87754565,1.0
1.0,0.9506191,1.0
0.0,0.11957924,0.0
0.0,0.58835226,1.0
0.0,0.55271906,1.0
1.0,0.6957211,1.0
1.0,0.27951872,0.0
0.0,0.4107168,0.0
0.0,0.50430506,1.0
0.0,0.24345367,0.0
0.0,0.20773894,0.0
1.0,0.81399566,1.0
0.0,0.38036156,0.0
1.0,0.81796783,1.0
1.0,0.49876413,0.0
0.0,0.13583158,0.0
1.0,0.28832006,0.0
0.0,0.35479996,0.0
1.0,0.8582479,1.0
0.0,0.47655863,0.0
0.0,0.7707886,1.0
0.0,0.3552915,0.0
0.0,0.52268064,1.0
1.0,0.79239327,1.0
1.0,0.13788076,0.0
1.0,0.51257396,1.0
0.0,0.21916333,0.0
0.0,0.19778858,0.0
0.0,0.014891799,0.0
0.0,0.19341844,0.0
1.0,0.19870344,0.0
0.0,0.34219486,0.0
1.0,0.79680294,1.0
0.0,0.32481784,0.0
1.0,0.88436705,1.0
0.0,0.6349995,1.0
0.0,0.47333434,0.0
1.0,0.95732945,1.0
0.0,0.34971395,0.0
0.0,0.2254594,0.0
1.0,0.73668104,1.0
0.0,0.044656504,0.0
0.0,0.0627356,0.0
0.0,0.17758054,0.0
0.0,0.0994548,0.0
0.0,0.056699228,0.0
0.0,0.30486384,0.0
1.0,0.70559096,1.0
0.0,0.78938836,1.0
0.0,0.5918951,1.0
1.0,0.43962318,0.0
0.0,0.13991451,0.0
1.0,0.9181599,1.0
1.0,0.9058995,1.0
0.0,0.38332564,0.0
1.0,0.6465855,1.0
1.0,0.21926473,0.0
0.0,0.17169973,0.0
0.0,0.50776774,1.0
0.0,0.29128635,0.0
1.0,0.9826797,1.0
0.0,0.4966744,0.0
0.0,0.48194635,0.0
1.0,0.55496067,1.0
0.0,0.66572756,1.0
1.0,0.28747284,0.0
1.0,0.9622284,1.0
1.0,0.9200966,1.0
1.0,0.3309607,0.0
0.0,0.15389447,0.0
1.0,0.2545096,0.0
0.0,0.22911637,0.0
0.0,0.4188635,0.0
1.0,0.12588502,0.0
0.0,0.38549298,0.0
1.0,0.73061556,1.0
1.0,0.18499076,0.0
0.0,0.5821911,1.0
1.0,0.6667083,1.0
0.0,0.374273,0.0
0.0,0.27397454,0.0
1.0,0.22433583,0.0
1.0,0.8901755,1.0
0.0,0.40568066,0.0
0.0,0.1755223,0.0
1.0,0.69559944,1.0
0.0,0.29109123,0.0
0.0,0.8335117,1.0
1.0,0.8807497,1.0
1.0,0.74018943,1.0
1.0,0.6625235,1.0
1.0,0.8465109,1.0
0.0,0.10597229,0.0
0.0,0.087375976,0.0
1.0,0.8126377,1.0
0.0,0.011086365,0.0
1.0,0.56492084,1.0
0.0,0.5380232,1.0
1.0,0.49300766,0.0
1.0,0.81508464,1.0
1.0,0.5078986,1.0
0.0,0.25030673,0.0
0.0,0.12886308,0.0
0.0,0.018932447,0.0
0.0,0.0073937345,0.0
0.0,0.3221928,0.0
1.0,0.9647486,1.0
0.0,0.18606016,0.0
0.0,0.20609032,0.0
0.0,0.13462915,0.0
0.0,0.31317377,0.0
1.0,0.37222892,0.0
1.0,0.7747785,1.0
0.0,0.10364716,0.0
1.0,0.7310124,1.0
1.0,0.8951791,1.0
1.0,0.79584724,1.0
0.0,0.032446735,0.0
1.0,0.8321246,1.0
1.0,0.2745126,0.0
0.0,0.08913887,0.0
0.0,0.9313971,1.0
1.0,0.4577432,0.0
0.0,0.040257845,0.0
1.0,0.9335948,1.0
0.0,0.33432648,0.0
0.0,0.076595746,0.0
1.0,0.36042407,0.0
1.0,0.3661652,0.0
0.0,0.33409724,0.0
0.0,0.12967019,0.0
1.0,0.3283477,0.0
1.0,0.78447896,1.0
1.0,0.24696167,0.0
0.0,0.3134646,0.0
0.0,0.1740758,0.0
1.0,0.8368067,1.0
0.0,0.6823784,1.0
1.0,0.34596086,0.0
0.0,0.2585099,0.0
1.0,0.7400021,1.0
0.0,0.2965362,0.0
1.0,0.744431,1.0
1.0,0.9363906,1.0
1.0,0.5691976,1.0
1.0,0.92676675,1.0
0.0,0.48638347,0.0
0.0,0.019851236,0.0
1.0,0.43835393,0.0
0.0,0.24684504,0.0
0.0,0.22807099,0.0
1.0,0.96726114,1.0
1.0,0.9404495,1.0
0.0,0.039623734,0.0
1.0,0.3355774,0.0
1.0,0.47711504,0.0
0.0,0.14962654,0.0
1.0,0.24190591,0.0
0.0,0.3805093,0.0
1.0,0.5417843,1.0
0.0,0.39288884,0.0
1.0,0.72891694,1.0
0.0,0.19982064,0.0
0.0,0.7688193,1.0
1.0,0.44994983,0.0
1.0,0.8657131,1.0
0.0,0.7848329,1.0
1.0,0.70533186,1.0
0.0,0.3599659,0.0
0.0,0.21276759,0.0
1.0,0.9626162,1.0
0.0,0.21494555,0.0
1.0,0.49923357,0.0
0.0,0.017689954,0.0
1.0,0.7816107,1.0
0.0,0.619639,1.0
0.0,0.21294835,0.0
0.0,0.51459926,1.0
0.0,0.8946001,1.0
1.0,0.39793348,0.0
0.0,0.022859178,0.0
0.0,0.14469367,0.0
1.0,0.8578932,1.0
0.0,0.3798933,0.0
0.0,0.2658736,0.0
0.0,0.17091756,0.0
1.0,0.9494689,1.0
0.0,0.3020094,0.0
0.0,0.13119787,0.0
1.0,0.9976109,1.0
1.0,0.8712096,1.0
1.0,0.13881017,0.0
1.0,0.71556497,1.0
1.0,0.41359523,0.0
0.0,0.18831052,0.0
1.0,0.6955878,1.0
0.0,0.0090169385,0.0
1.0,0.7459579,1.0
0.0,0.6934716,1.0
1.0,0.5706754,1.0
1.0,0.9791089,1.0
0.0,0.14135978,0.0
1.0,0.37480152,0.0
1.0,0.7388825,1.0
1.0,0.3570866,0.0
0.0,0.30370358,0.0
0.0,0.1916387,0.0
1.0,0.051380523,0.0
0.0,0.33670342,0.0
1.0,0.5709991,1.0
0.0,0.5008547,1.0
0.0,0.22131032,0.0
1.0,0.70620406,1.0
1.0,0.9703869,1.0
1.0,0.607919,1.0
0.0,0.94083923,1.0
1.0,0.9545143,1.0
0.0,0.14772718,0.0
0.0,0.4713363,0.0
1.0,0.36964303,0.0
0.0,0.1777168,0.0
0.0,0.639449,1.0
0.0,0.13336149,0.0
0.0,0.632785,1.0
1.0,0.91253686,1.0
1.0,0.41886452,0.0
1.0,0.74381423,1.0
1.0,0.51570165,1.0
0.0,0.08773068,0.0
1.0,0.22373886,0.0
1.0,0.39081886,0.0
0.0,0.24986823,0.0
0.0,0.3637587,0.0
1.0,0.9941472,1.0
0.0,0.010204319,0.0
0.0,0.091016,0.0
1.0,0.7872033,1.0
0.0,0.3592654,0.0
1.0,0.19996569,0.0
1.0,0.63317496,1.0
0.0,0.36034572,0.0
1.0,0.9140185,1.0
1.0,0.402715,0.0
0.0,0.22032638,0.0
1.0,0.44409263,0.0
1.0,0.28118002,0.0
0.0,0.15077579,0.0
1.0,0.41225892,0.0
0.0,0.16164346,0.0
0.0,0.2349396,0.0
1.0,0.9481081,1.0
0.0,0.41460383,0.0
0.0,0.36128947,0.0
0.0,0.24449247,0.0
1.0,0.4789676,0.0
1.0,0.952152,1.0
1.0,0.8377135,1.0
1.0,0.7103017,1.0
0.0,0.25390148,0.0
0.0,0.36744747,0.0
0.0,0.7432916,1.0
1.0,0.9133246,1.0
0.0,0.13043877,0.0
0.0,0.12851115,0.0
1.0,0.9933767,1.0
0.0,0.43746808,0.0
0.0,0.14247213,0.0
1.0,0.99799395,1.0
0.0,0.21523923,0.0
1.0,0.626261,1.0
0.0,0.22250322,0.0
0.0,0.054182757,0.0
0.0,0.67592365,1.0
1.0,0.98845345,1.0
0.0,0.4637112,0.0
1.0,0.40882838,0.0
1.0,0.9756073,1.0
1.0,0.9908591,1.0
0.0,0.53350174,1.0
1.0,0.3576442,0.0
0.0,0.0539025,0.0
0.0,0.36979464,0.0
1.0,0.40606382,0.0
0.0,0.39976454,0.0
1.0,0.3432784,0.0
1.0,0.9740217,1.0
0.0,0.13629721,0.0
0.0,0.433808,0.0
0.0,0.25078,0.0
1.0,0.35542464,0.0
1.0,0.92624795,1.0
1.0,0.21678106,0.0
1.0,0.5694569,1.0
0.0,0.9136647,1.0
1.0,0.58788025,1.0
1.0,0.9416631,1.0
0.0,0.12804922,0.0
0.0,0.18499811,0.0
0.0,0.25650048,0.0
0.0,0.109539576,0.0
1.0,0.7274241,1.0
0.0,0.12852104,0.0
0.0,0.1431288,0.0
1.0,0.17130363,0.0
1.0,0.2144638,0.0
1.0,0.9906787,1.0
0.0,0.32140258,0.0
1.0,0.96733016,1.0
1.0,0.83043414,1.0
1.0,0.95127994,1.0
0.0,0.3110327,0.0
1.0,0.97430736,1.0
1.0,0.78490543,1.0
0.0,0.8433946,1.0
0.0,0.3052296,0.0
0.0,0.23034643,0.0
0.0,0.18388456,0.0
1.0,0.9839045,1.0
0.0,0.23931547,0.0
0.0,0.18772349,0.0
0.0,0.42760113,0.0
0.0,0.16396062,0.0
1.0,0.5528459,1.0
1.0,0.884062,1.0
0.0,0.27966213,0.0
1.0,0.7737545,1.0
0.0,0.22364888,0.0
0.0,0.20844983,0.0
1.0,0.49519515,0.0
0.0,0.1581426,0.0
1.0,0.6628083,1.0
1.0,0.9278554,1.0
0.0,0.20081416,0.0
1.0,0.44897628,0.0
0.0,0.1441184,0.0
1.0,0.7217825,1.0
0.0,0.18258974,0.0
0.0,0.0604723,0.0
0.0,0.1033773,0.0
0.0,0.89847106,1.0
1.0,0.97802746,1.0
1.0,0.9270546,1.0
1.0,0.9917916,1.0
0.0,0.13151436,0.0
0.0,0.43923047,0.0
0.0,0.37171426,0.0
0.0,0.97013927,1.0
1.0,0.96137905,1.0
1.0,0.9832773,1.0
0.0,0.2278565,0.0
0.0,0.013848936,0.0
0.0,0.3934134,0.0
0.0,0.21988308,0.0
1.0,0.99489427,1.0
0.0,0.123322606,0.0
1.0,0.36360493,0.0
0.0,0.11855537,0.0
0.0,0.24593578,0.0
0.0,0.14703932,0.0
1.0,0.9818548,1.0
1.0,0.21823837,0.0
0.0,0.092884764,0.0
0.0,0.08894648,0.0
0.0,0.44851786,0.0
1.0,0.7248907,1.0
1.0,0.9156966,1.0
1.0,0.4168745,0.0
1.0,0.7648869,1.0
0.0,0.042484283,0.0
1.0,0.5748951,1.0
1.0,0.9259821,1.0
1.0,0.23121578,0.0
0.0,0.05684938,0.0
1.0,0.9858123,1.0
1.0,0.98908466,1.0
1.0,0.98587984,1.0
1.0,0.9926064,1.0
0.0,0.52504563,1.0
0.0,0.3337622,0.0
1.0,0.40848553,0.0
1.0,0.20877194,0.0
0.0,0.35279498,0.0
1.0,0.93824685,1.0
1.0,0.8829106,1.0
0.0,0.4188727,0.0
0.0,0.74125296,1.0
1.0,0.41421738,0.0
0.0,0.05817384,0.0
1.0,0.94277275,1.0
1.0,0.9829967,1.0
0.0,0.060980875,0.0
0.0,0.41147786,0.0
0.0,0.4753472,0.0
0.0,0.48946324,0.0
1.0,0.8165994,1.0
1.0,0.9783741,1.0
0.0,0.48970127,0.0
0.0,0.13153657,0.0
1.0,0.87384903,1.0
1.0,0.84392756,1.0
0.0,0.15516083,0.0
0.0,0.17591506,0.0
1.0,0.902552,1.0
1.0,0.47541195,0.0
1.0,0.32427952,0.0
1.0,0.7378519,1.0
0.0,0.0126864575,0.0
1.0,0.29768956,0.0
1.0,0.90951985,1.0
0.0,0.24712393,0.0
1.0,0.17773663,0.0
1.0,0.47415522,0.0
0.0,0.010285442,0.0
1.0,0.96091396,1.0
1.0,0.6253993,1.0
0.0,0.119074665,0.0
1.0,0.62653536,1.0
0.0,0.4180235,0.0
1.0,0.9956665,1.0
0.0,0.19824678,0.0
0.0,0.24457154,0.0
1.0,0.75253063,1.0
1.0,0.9935883,1.0
1.0,0.4371043,0.0
1.0,0.5992805,1.0
0.0,0.22324996,0.0
1.0,0.3430512,0.0
1.0,0.99061334,1.0
1.0,0.47435576,0.0
1.0,0.6996805,1.0
1.0,0.9795313,1.0
1.0,0.8927549,1.0
0.0,0.102486916,0.0
1.0,0.78459823,1.0
1.0,0.9633033,1.0
0.0,0.85309017,1.0
1.0,0.51364887,1.0
1.0,0.91515505,1.0
0.0,0.038416903,0.0
0.0,0.22160253,0.0
1.0,0.508401,1.0
1.0,0.54846185,1.0
1.0,0.3083241,0.0
0.0,0.43531904,0.0
1.0,0.23778328,0.0
0.0,0.059263494,0.0
0.0,0.27014306,0.0
0.0,0.21355923,0.0
1.0,0.7071161,1.0
0.0,0.75518453,1.0
0.0,0.471588,0.0
1.0,0.72517395,1.0
0.0,0.6164509,1.0
0.0,0.3145475,0.0
0.0,0.2615727,0.0
1.0,0.91122997,1.0
0.0,0.062644586,0.0
1.0,0.84536374,1.0
0.0,0.013680455,0.0
0.0,0.034493566,0.0
0.0,0.3315718,0.0
1.0,0.4062498,0.0
0.0,0.08749324,0.0
1.0,0.70194817,1.0
1.0,0.76554865,1.0
1.0,0.31884882,0.0
0.0,0.8271037,1.0
0.0,0.088633515,0.0
0.0,0.19050533,0.0
1.0,0.52562344,1.0
1.0,0.33671662,0.0
0.0,0.7571207,1.0
1.0,0.8299484,1.0
1.0,0.71714485,1.0
1.0,0.15441492,0.0
0.0,0.4704797,0.0
0.0,0.28971827,0.0
0.0,0.1732251,0.0
1.0,0.7777454,1.0
1.0,0.97255117,1.0
1.0,0.8191321,1.0
0.0,0.2886324,0.0
0.0,0.03412763,0.0
0.0,0.06523998,0.0
0.0,0.054399144,0.0
0.0,0.1910908,0.0
1.0,0.86216664,1.0
0.0,0.6277877,1.0
1.0,0.97611916,1.0
1.0,0.44946226,0.0
0.0,0.537335,1.0
1.0,0.2821256,0.0
0.0,0.3375236,0.0
1.0,0.46497056,0.0
1.0,0.79270786,1.0
1.0,0.40501222,0.0
0.0,0.07511355,0.0
0.0,0.11027481,0.0
1.0,0.36371955,0.0
0.0,0.14808126,0.0
0.0,0.337069,0.0
1.0,0.585685,1.0
1.0,0.5596591,1.0
1.0,0.744348,1.0
0.0,0.1532141,0.0
0.0,0.0679078,0.0
0.0,0.23833011,0.0
0.0,0.41949248,0.0
1.0,0.5903614,1.0
0.0,0.35372135,0.0
1.0,0.96406245,1.0
1.0,0.99175584,1.0
0.0,0.1704456,0.0
0.0,0.4037771,0.0
0.0,0.14795211,0.0
0.0,0.37826782,0.0
0.0,0.07842948,0.0
1.0,0.28064078,0.0
1.0,0.33602497,0.0
0.0,0.6464247,1.0
1.0,0.72517264,1.0
1.0,0.95764333,1.0
0.0,0.1526396,0.0
0.0,0.18142058,0.0
1.0,0.68066025,1.0
0.0,0.40958065,0.0
0.0,0.09863859,0.0
1.0,0.99025834,1.0
0.0,0.3455406,0.0
0.0,0.23646255,0.0
1.0,0.3608038,0.0
1.0,0.89352447,1.0
0.0,0.7520021,1.0
0.0,0.21682319,0.0
0.0,0.22189629,0.0
0.0,0.14009847,0.0
0.0,0.22848043,0.0
1.0,0.41631413,0.0
0.0,0.26873848,0.0
0.0,0.012722696,0.0
1.0,0.1538803,0.0
0.0,0.32648826,0.0
0.0,0.117480084,0.0
1.0,0.78245044,1.0
0.0,0.1811539,0.0
0.0,0.134312,0.0
0.0,0.3614564,0.0
1.0,0.7765337,1.0
0.0,0.407529,0.0
0.0,0.15053093,0.0
1.0,0.4624219,0.0
0.0,0.27499628,0.0
1.0,0.24436948,0.0
1.0,0.44172367,0.0
1.0,0.59202623,1.0
1.0,0.8550687,1.0
1.0,0.9140998,1.0
1.0,0.88204575,1.0
1.0,0.9879386,1.0
1.0,0.98918825,1.0
0.0,0.2367051,0.0
1.0,0.71722764,1.0
0.0,0.24050824,0.0
1.0,0.9329335,1.0
0.0,0.09858139,0.0
0.0,0.18445832,0.0
1.0,0.26140633,0.0
1.0,0.89566755,1.0
1.0,0.5125265,1.0
1.0,0.95429736,1.0
1.0,0.45540705,0.0
1.0,0.8853503,1.0
1.0,0.21352655,0.0
0.0,0.14017357,0.0
0.0,0.40314466,0.0
0.0,0.085421175,0.0
1.0,0.91154015,1.0
1.0,0.9389258,1.0
1.0,0.89281934,1.0
1.0,0.587904,1.0
1.0,0.9803991,1.0
0.0,0.42576286,0.0
1.0,0.91673785,1.0
0.0,0.20960815,0.0
0.0,0.26696518,0.0
1.0,0.38860372,0.0
0.0,0.039427895,0.0
0.0,0.11111686,0.0
0.0,0.17080116,0.0
0.0,0.24207935,0.0
0.0,0.38503203,0.0
1.0,0.9653854,1.0
1.0,0.7621767,1.0
0.0,0.30704123,0.0
0.0,0.04372527,0.0
0.0,0.32777113,0.0
1.0,0.69506407,1.0
0.0,0.11946172,0.0
0.0,0.22116995,0.0
0.0,0.3146029,0.0
1.0,0.9812191,1.0
0.0,0.16969828,0.0
1.0,0.8944297,1.0
0.0,0.540862,1.0
1.0,0.41121078,0.0
0.0,0.4773583,0.0
1.0,0.60569084,1.0
0.0,0.58377165,1.0
0.0,0.39938876,0.0
1.0,0.557275,1.0
0.0,0.5409421,1.0
1.0,0.871909,1.0
0.0,0.04068667,0.0
1.0,0.91651684,1.0
1.0,0.81019753,1.0
1.0,0.8171776,1.0
1.0,0.7196441,1.0
1.0,0.23868589,0.0
1.0,0.934965,1.0
0.0,0.27358,0.0
0.0,0.6311758,1.0
1.0,0.88161737,1.0
1.0,0.24407734,0.0
1.0,0.5255577,1.0
1.0,0.9150744,1.0
0.0,0.22636278,0.0
1.0,0.6635086,1.0
1.0,0.20148747,0.0
0.0,0.031615265,0.0
1.0,0.8994583,1.0
0.0,0.33444414,0.0
1.0,0.15488413,0.0
0.0,0.27888244,0.0
1.0,0.569674,1.0
0.0,0.24954681,0.0
0.0,0.104076855,0.0
0.0,0.29451594,0.0
0.0,0.41043687,0.0
0.0,0.110447235,0.0
0.0,0.19532141,0.0
0.0,0.8517844,1.0
0.0,0.18173411,0.0
1.0,0.9457787,1.0
1.0,0.4642377,0.0
0.0,0.19171354,0.0
0.0,0.09597667,0.0
0.0,0.041338217,0.0
1.0,0.99209553,1.0
1.0,0.9547273,1.0
1.0,0.41826704,0.0
0.0,0.38153046,0.0
0.0,0.18411277,0.0
1.0,0.985913,1.0
0.0,0.040595368,0.0
0.0,0.015790073,0.0
0.0,0.022895094,0.0
0.0,0.07828552,0.0
0.0,0.18387659,0.0
0.0,0.128336,0.0
0.0,0.07423571,0.0
1.0,0.25803837,0.0
1.0,0.75840455,1.0
1.0,0.99780995,1.0
0.0,0.42778417,0.0
0.0,0.20571765,0.0
1.0,0.26494983,0.0
1.0,0.98560834,1.0
1.0,0.54840696,1.0
0.0,0.053945154,0.0
0.0,0.19750431,0.0
0.0,0.18126343,0.0
0.0,0.48029265,0.0
0.0,0.17870724,0.0
1.0,0.78075266,1.0
1.0,0.72326255,1.0
0.0,0.54727596,1.0
0.0,0.1025468,0.0
0.0,0.13379857,0.0
1.0,0.5449634,1.0
0.0,0.6595785,1.0
0.0,0.06591053,0.0
1.0,0.82604474,1.0
0.0,0.5074907,1.0
0.0,0.4074587,0.0
1.0,0.20619282,0.0
1.0,0.93915683,1.0
0.0,0.17468445,0.0
0.0,0.21647312,0.0
0.0,0.5012164,1.0
1.0,0.4720718,0.0
1.0,0.7458693,1.0
1.0,0.1507351,0.0
0.0,0.011965623,0.0
0.0,0.3550563,0.0
1.0,0.50739443,1.0
0.0,0.12429582,0.0
1.0,0.25389397,0.0
1.0,0.91572803,1.0
0.0,0.16005959,0.0
0.0,0.18180452,0.0
0.0,0.12149954,0.0
0.0,0.5749971,1.0
0.0,0.32105651,0.0
0.0,0.010147726,0.0
0.0,0.053917356,0.0
1.0,0.9185776,1.0
0.0,0.047004845,0.0
0.0,0.5689118,1.0
0.0,0.16845803,0.0
1.0,0.92975867,1.0
1.0,0.843043,1.0
1.0,0.26319653,0.0
0.0,0.281526,0.0
0.0,0.11349485,0.0
1.0,0.2522391,0.0
1.0,0.9972108,1.0
1.0,0.903049,1.0
1.0,0.8994746,1.0
1.0,0.9757783,1.0
0.0,0.24638665,0.0
1.0,0.6611694,1.0
1.0,0.9426597,1.0
1.0,0.9370715,1.0
1.0,0.74611497,1.0
1.0,0.8187675,1.0
1.0,0.56925184,1.0
0.0,0.5242736,1.0
0.0,0.16576102,0.0
0.0,0.14580698,0.0
1.0,0.99386686,1.0
1.0,0.97826403,1.0
0.0,0.34173197,0.0
0.0,0.7844406,1.0
1.0,0.7503603,1.0
1.0,0.40927553,0.0
1.0,0.9960127,1.0
1.0,0.13395435,0.0
0.0,0.030518753,0.0
0.0,0.39974985,0.0
1.0,0.86145175,1.0
1.0,0.107095644,0.0
0.0,0.2066496,0.0
0.0,0.2960013,0.0
1.0,0.3057123,0.0
1.0,0.22750436,0.0
0.0,0.528345,1.0
0.0,0.6956788,1.0
0.0,0.059663527,0.0
1.0,0.972058,1.0
0.0,0.13989164,0.0
0.0,0.4640184,0.0
1.0,0.8464868,1.0
0.0,0.25608763,0.0
0.0,0.48620772,0.0
0.0,0.02618067,0.0
1.0,0.25376943,0.0
0.0,0.047262605,0.0
0.0,0.13061665,0.0
1.0,0.96291584,1.0
1.0,0.154198,0.0
1.0,0.91149986,1.0
1.0,0.834201,1.0
1.0,0.9258481,1.0
0.0,0.124240264,0.0
0.0,0.2620909,0.0
0.0,0.055556167,0.0
1.0,0.9706354,1.0
0.0,0.35108754,0.0
0.0,0.2176479,0.0
1.0,0.9981816,1.0
1.0,0.16982041,0.0
0.0,0.12975036,0.0
1.0,0.99454343,1.0
0.0,0.18509313,0.0
0.0,0.19186093,0.0
0.0,0.37081993,0.0
1.0,0.96889853,1.0
0.0,0.34719896,0.0
0.0,0.17565078,0.0
1.0,0.6818051,1.0
0.0,0.16133426,0.0
0.0,0.015448249,0.0
0.0,0.1649692,0.0
0.0,0.2011542,0.0
0.0,0.18005645,0.0
1.0,0.38649768,0.0
0.0,0.13903728,0.0
1.0,0.7968511,1.0
1.0,0.4674686,0.0
0.0,0.2744271,0.0
1.0,0.730352,1.0
1.0,0.42942333,0.0
1.0,0.9548977,1.0
0.0,0.35203013,0.0
0.0,0.1237374,0.0
1.0,0.6236299,1.0
0.0,0.19134659,0.0
1.0,0.99213856,1.0
0.0,0.010527899,0.0
0.0,0.46161133,0.0
1.0,0.9216247,1.0
0.0,0.22119293,0.0
0.0,0.20688371,0.0
0.0,0.2078823,0.0
1.0,0.1542833,0.0
1.0,0.6662674,1.0
0.0,0.38542458,0.0
1.0,0.40304068,0.0
1.0,0.95381767,1.0
0.0,0.14303665,0.0
1.0,0.9921985,1.0
1.0,0.8324366,1.0
0.0,0.23198712,0.0
0.0,0.4447836,0.0
0.0,0.08416689,0.0
0.0,0.42779422,0.0
0.0,0.15098472,0.0
0.0,0.108660385,0.0
1.0,0.5088655,1.0
0.0,0.24274492,0.0
1.0,0.9759335,1.0
0.0,0.32583407,0.0
1.0,0.8563958,1.0
0.0,0.11504943,0.0
1.0,0.9616605,1.0
0.0,0.032562103,0.0
0.0,0.5331357,1.0
1.0,0.9924218,1.0
1.0,0.921501,1.0
0.0,0.43390772,0.0
0.0,0.30469698,0.0
0.0,0.5231551,1.0
0.0,0.28770268,0.0
0.0,0.026448194,0.0
1.0,0.9679161,1.0
0.0,0.5655568,1.0
0.0,0.17171146,0.0
0.0,0.4220248,0.0
0.0,0.021223482,0.0
1.0,0.9589848,1.0
1.0,0.25330532,0.0
0.0,0.31703004,0.0
1.0,0.65226823,1.0
0.0,0.34695992,0.0
1.0,0.7506133,1.0
1.0,0.9436387,1.0
0.0,0.11365188,0.0
0.0,0.32415208,0.0
0.0,0.54624355,1.0
0.0,0.3718526,0.0
0.0,0.2605096,0.0
0.0,0.14608133,0.0
1.0,0.49090785,0.0
0.0,0.45223147,0.0
1.0,0.64387965,1.0
0.0,0.47360888,0.0
1.0,0.9852946,1.0
0.0,0.468617,0.0
0.0,0.16521621,0.0
0.0,0.18308064,0.0
1.0,0.97181875,1.0
1.0,0.7896974,1.0
1.0,0.21962383,0.0
1.0,0.99532783,1.0
0.0,0.06333658,0.0
1.0,0.5491601,1.0
0.0,0.15229298,0.0
1.0,0.3560942,0.0
1.0,0.9210794,1.0
1.0,0.38549972,0.0
1.0,0.7627214,1.0
1.0,0.9724979,1.0
1.0,0.98741955,1.0
0.0,0.08748937,0.0
1.0,0.19148432,0.0
0.0,0.032819685,0.0
0.0,0.106148705,0.0
1.0,0.67456746,1.0
1.0,0.9894533,1.0
0.0,0.16527179,0.0
1.0,0.41754535,0.0
0.0,0.0825724,0.0
1.0,0.75785136,1.0
1.0,0.73557127,1.0
0.0,0.0349925,0.0
0.0,0.16402754,0.0
0.0,0.12511596,0.0
0.0,0.1748104,0.0
1.0,0.6541603,1.0
1.0,0.9768158,1.0
1.0,0.23664823,0.0
1.0,0.896229,1.0
1.0,0.4615703,0.0
0.0,0.2444746,0.0
0.0,0.7402422,1.0
1.0,0.93744266,1.0
1.0,0.56827456,1.0
0.0,0.02393041,0.0
0.0,0.12297045,0.0
0.0,0.0869172,0.0
1.0,0.3206378,0.0
1.0,0.34552383,0.0
0.0,0.026060717,0.0
1.0,0.69062144,1.0
1.0,0.70156205,1.0
1.0,0.956433,1.0
0.0,0.29155084,0.0
0.0,0.43355906,0.0
0.0,0.18384698,0.0
0.0,0.12739821,0.0
0.0,0.149911,0.0
0.0,0.34299636,0.0
0.0,0.15755616,0.0
1.0,0.40197718,0.0
1.0,0.5369427,1.0
1.0,0.6418728,1.0
1.0,0.99384487,1.0
0.0,0.58790725,1.0
0.0,0.16724634,0.0
0.0,0.094499186,0.0
0.0,0.18486899,0.0
1.0,0.07905511,0.0
0.0,0.22654094,0.0
0.0,0.12545471,0.0
1.0,0.22064438,0.0
0.0,0.4480825,0.0
1.0,0.5294353,1.0
1.0,0.96246666,1.0
0.0,0.37734008,0.0
0.0,0.7418292,1.0
0.0,0.4134359,0.0
1.0,0.97497964,1.0
0.0,0.034209177,0.0
1.0,0.56512696,1.0
1.0,0.43499613,0.0
0.0,0.16249087,0.0
1.0,0.96561295,1.0
0.0,0.5954681,1.0
1.0,0.364733,0.0
1.0,0.47992945,0.0
1.0,0.55278844,1.0
0.0,0.22753838,0.0
0.0,0.5747753,1.0
1.0,0.45890862,0.0
0.0,0.46959525,0.0
1.0,0.8249086,1.0
1.0,0.97109455,1.0
1.0,0.51367027,1.0
1.0,0.48521015,0.0
1.0,0.22915675,0.0
0.0,0.31871697,0.0
0.0,0.5860065,1.0
0.0,0.818649,1.0
0.0,0.11203423,0.0
0.0,0.16494578,0.0
1.0,0.45267138,0.0
1.0,0.3961981,0.0
1.0,0.9206691,1.0
0.0,0.20455258,0.0
0.0,0.70972496,1.0
1.0,0.5112776,1.0
1.0,0.60311186,1.0
1.0,0.9437412,1.0
0.0,0.17651975,0.0
0.0,0.20585448,0.0
1.0,0.5062044,1.0
0.0,0.42196473,0.0
0.0,0.37159464,0.0
1.0,0.34373486,0.0
1.0,0.5448665,1.0
0.0,0.25568014,0.0
0.0,0.12348918,0.0
1.0,0.22798377,0.0
0.0,0.26082036,0.0
1.0,0.77008325,1.0
0.0,0.211924,0.0
0.0,0.19634521,0.0
1.0,0.9737181,1.0
1.0,0.35903347,0.0
1.0,0.9083419,1.0
1.0,0.48273,0.0
0.0,0.26557696,0.0
0.0,0.06178254,0.0
1.0,0.8658226,1.0
0.0,0.44083166,0.0
1.0,0.08303377,0.0
1.0,0.3923882,0.0
0.0,0.21578227,0.0
1.0,0.6786368,1.0
0.0,0.21210189,0.0
0.0,0.44471598,0.0
0.0,0.07406341,0.0
0.0,0.2664738,0.0
1.0,0.91180146,1.0
1.0,0.62938577,1.0
1.0,0.30309993,0.0
0.0,0.03728477,0.0
0.0,0.28347415,0.0
1.0,0.8896365,1.0
1.0,0.30665067,0.0
0.0,0.1192658,0.0
0.0,0.14808302,0.0
0.0,0.20208159,0.0
1.0,0.7610873,1.0
1.0,0.36097628,0.0
0.0,0.3891506,0.0
1.0,0.95305085,1.0
1.0,0.912648,1.0
0.0,0.16227995,0.0
0.0,0.1060564,0.0
1.0,0.2270422,0.0
0.0,0.45128173,0.0
1.0,0.41075164,0.0
1.0,0.995906,1.0
0.0,0.6168127,1.0
0.0,0.24622364,0.0
0.0,0.26994845,0.0
0.0,0.11745345,0.0
0.0,0.10257149,0.0
1.0,0.7887256,1.0
1.0,0.979487,1.0
0.0,0.34820974,0.0
1.0,0.5076379,1.0
0.0,0.17776947,0.0
1.0,0.8734829,1.0
0.0,0.06622166,0.0
1.0,0.88311416,1.0
1.0,0.99583983,1.0
0.0,0.09373458,0.0
1.0,0.49735522,0.0
1.0,0.8416247,1.0
1.0,0.634316,1.0
1.0,0.81781185,1.0
0.0,0.031238433,0.0
0.0,0.6692488,1.0
0.0,0.15447693,0.0
1.0,0.8804546,1.0
1.0,0.6265091,1.0
0.0,0.43542388,0.0
1.0,0.19023402,0.0
0.0,0.16350882,0.0
0.0,0.08602168,0.0
1.0,0.5404987,1.0
0.0,0.099096954,0.0
1.0,0.24366613,0.0
0.0,0.14781626,0.0
0.0,0.64866215,1.0
1.0,0.99836963,1.0
1.0,0.9315022,1.0
0.0,0.42106488,0.0
1.0,0.8557064,1.0
0.0,0.59753275,1.0
0.0,0.52912056,1.0
0.0,0.49544436,0.0
1.0,0.8214785,1.0
0.0,0.19226263,0.0
0.0,0.083781846,0.0
1.0,0.39025146,0.0
1.0,0.343575,0.0
0.0,0.13918307,0.0
0.0,0.33032468,0.0
0.0,0.11080331,0.0
0.0,0.6786889,1.0
1.0,0.6923364,1.0
0.0,0.22074418,0.0
1.0,0.8266351,1.0
1.0,0.5992126,1.0
0.0,0.25039947,0.0
0.0,0.18613431,0.0
1.0,0.63803583,1.0
1.0,0.92726946,1.0
1.0,0.8133982,1.0
0.0,0.44401363,0.0
0.0,0.2794403,0.0
0.0,0.1899802,0.0
1.0,0.72676057,1.0
1.0,0.97472215,1.0
0.0,0.19950448,0.0
0.0,0.04018882,0.0
1.0,0.6533195,1.0
1.0,0.8701878,1.0
1.0,0.88464725,1.0
1.0,0.99417347,1.0
0.0,0.3189103,0.0
1.0,0.45913637,0.0
0.0,0.54108155,1.0
1.0,0.40121067,0.0
1.0,0.9667928,1.0
1.0,0.91520333,1.0
1.0,0.99265504,1.0
0.0,0.43436208,0.0
1.0,0.30321604,0.0
0.0,0.58863825,1.0
1.0,0.94452775,1.0
1.0,0.94953346,1.0
1.0,0.7617911,1.0
0.0,0.11143058,0.0
1.0,0.9949751,1.0
0.0,0.015470016,0.0
0.0,0.23453003,0.0
1.0,0.8276429,1.0
0.0,0.38234332,0.0
1.0,0.85320807,1.0
1.0,0.30064943,0.0
0.0,0.27022743,0.0
1.0,0.55866194,1.0
0.0,0.75528705,1.0
0.0,0.41992548,0.0
1.0,0.7092332,1.0
0.0,0.442015,0.0
0.0,0.17762178,0.0
1.0,0.11444533,0.0
0.0,0.06311162,0.0
1.0,0.9943336,1.0
0.0,0.45861402,0.0
1.0,0.98184305,1.0
1.0,0.7065372,1.0
0.0,0.19234174,0.0
0.0,0.2096626,0.0
0.0,0.11194543,0.0
0.0,0.29832467,0.0
1.0,0.95876306,1.0
0.0,0.17103198,0.0
0.0,0.47097936,0.0
0.0,0.8115196,1.0
0.0,0.22800568,0.0
0.0,0.10035841,0.0
0.0,0.21940753,0.0
1.0,0.35730663,0.0
1.0,0.8824702,1.0
1.0,0.96946007,1.0
0.0,0.30767754,0.0
0.0,0.02051078,0.0
0.0,0.15582763,0.0
0.0,0.17358086,0.0
0.0,0.45335776,0.0
1.0,0.90678585,1.0
0.0,0.41114137,0.0
0.0,0.1478053,0.0
1.0,0.7708764,1.0
1.0,0.98453367,1.0
0.0,0.36512157,0.0
0.0,0.2712243,0.0
1.0,0.09591011,0.0
0.0,0.15296227,0.0
1.0,0.34117895,0.0
1.0,0.40747002,0.0
1.0,0.29748613,0.0
1.0,0.99493366,1.0
0.0,0.27786687,0.0
0.0,0.3662059,0.0
1.0,0.5659819,1.0
1.0,0.33554313,0.0
1.0,0.20926313,0.0
0.0,0.14467795,0.0
1.0,0.54796576,1.0
1.0,0.5889687,1.0
1.0,0.95757055,1.0
0.0,0.4885079,0.0
0.0,0.68755466,1.0
1.0,0.37237045,0.0
1.0,0.86990255,1.0
1.0,0.6762285,1.0
1.0,0.50646436,1.0
0.0,0.42644086,0.0
0.0,0.30910632,0.0
0.0,0.04431016,0.0
0.0,0.13225734,0.0
0.0,0.47154117,0.0
0.0,0.12733746,0.0
1.0,0.98428994,1.0
0.0,0.3816196,0.0
0.0,0.24219525,0.0
1.0,0.23029308,0.0
0.0,0.12771057,0.0
1.0,0.90596557,1.0
1.0,0.6067754,1.0
1.0,0.9901833,1.0
1.0,0.21794528,0.0
1.0,0.16558786,0.0
0.0,0.2360199,0.0
0.0,0.6077906,1.0
1.0,0.7434932,1.0
1.0,0.43153113,0.0
0.0,0.33384344,0.0
1.0,0.94494975,1.0
1.0,0.15831368,0.0
1.0,0.37519598,0.0
1.0,0.8907422,1.0
1.0,0.48072803,0.0
1.0,0.10028646,0.0
0.0,0.25279093,0.0
1.0,0.8981872,1.0
0.0,0.4053968,0.0
0.0,0.7094201,1.0
1.0,0.8789254,1.0
1.0,0.94651824,1.0
0.0,0.38364056,0.0
0.0,0.2153543,0.0
1.0,0.17572857,0.0
1.0,0.5603994,1.0
0.0,0.13211377,0.0
0.0,0.06200589,0.0
0.0,0.44536403,0.0
0.0,0.34275606,0.0
0.0,0.13725081,0.0
1.0,0.9593359,1.0
0.0,0.3519002,0.0
1.0,0.53777516,1.0
0.0,0.18899502,0.0
0.0,0.41195628,0.0
0.0,0.4493881,0.0
0.0,0.78623503,1.0
0.0,0.748318,1.0
1.0,0.7428398,1.0
1.0,0.9592552,1.0
0.0,0.5131951,1.0
0.0,0.33684015,0.0
1.0,0.26984063,0.0
0.0,0.32071093,0.0
0.0,0.4385489,0.0
1.0,0.87513435,1.0
0.0,0.6871948,1.0
1.0,0.5223372,1.0
1.0,0.1719277,0.0
0.0,0.5186236,1.0
1.0,0.45066908,0.0
0.0,0.10512344,0.0
0.0,0.24080019,0.0
1.0,0.46111724,0.0
1.0,0.76350003,1.0
1.0,0.79147464,1.0
0.0,0.23359002,0.0
1.0,0.26200068,0.0
0.0,0.3693169,0.0
0.0,0.25454336,0.0
1.0,0.34466213,0.0
0.0,0.16641465,0.0
0.0,0.35929376,0.0
1.0,0.84074163,1.0
1.0,0.697282,1.0
0.0,0.4177969,0.0
0.0,0.7329153,1.0
1.0,0.7506876,1.0
0.0,0.34108302,0.0
0.0,0.29735357,0.0
0.0,0.2548826,0.0
0.0,0.1546624,0.0
0.0,0.21448807,0.0
0.0,0.1474978,0.0
0.0,0.544917,1.0
1.0,0.4498218,0.0
0.0,0.77533287,1.0
0.0,0.3180092,0.0
0.0,0.478794,0.0
1.0,0.7125902,1.0
0.0,0.101459585,0.0
0.0,0.30454263,0.0
0.0,0.086013295,0.0
0.0,0.078281,0.0
0.0,0.40598157,0.0
0.0,0.84448814,1.0
1.0,0.9754528,1.0
0.0,0.1280073,0.0
0.0,0.86400676,1.0
0.0,0.011058442,0.0
1.0,0.9919373,1.0
0.0,0.70412624,1.0
0.0,0.13754673,0.0
0.0,0.2708699,0.0
0.0,0.26165324,0.0
1.0,0.9209322,1.0
0.0,0.37874836,0.0
0.0,0.185408,0.0
1.0,0.64372736,1.0
1.0,0.24066137,0.0
0.0,0.105624445,0.0
0.0,0.65207636,1.0
0.0,0.10076828,0.0
1.0,0.46661153,0.0
1.0,0.55995554,1.0
1.0,0.9676932,1.0
0.0,0.29576275,0.0
0.0,0.385169,0.0
0.0,0.20256314,0.0
1.0,0.7770729,1.0
1.0,0.1511096,0.0
0.0,0.013275117,0.0
0.0,0.14578032,0.0
1.0,0.8805843,1.0
1.0,0.48841974,0.0
0.0,0.6173942,1.0
1.0,0.92009354,1.0
1.0,0.89588666,1.0
1.0,0.56265295,1.0
1.0,0.684687,1.0
1.0,0.8921627,1.0
0.0,0.04631576,0.0
0.0,0.32935643,0.0
0.0,0.6983697,1.0
0.0,0.14624737,0.0
1.0,0.51733506,1.0
1.0,0.120612584,0.0
1.0,0.8186924,1.0
1.0,0.99648273,1.0
0.0,0.18686777,0.0
1.0,0.5130716,1.0
1.0,0.87887734,1.0
1.0,0.7769102,1.0
0.0,0.02429213,0.0
0.0,0.33470675,0.0
0.0,0.13791928,0.0
1.0,0.5177914,1.0
0.0,0.073216215,0.0
1.0,0.7874494,1.0
0.0,0.40000984,0.0
1.0,0.7794644,1.0
1.0,0.27261457,0.0
0.0,0.20429912,0.0
0.0,0.18673798,0.0
0.0,0.14786339,0.0
0.0,0.29177132,0.0
0.0,0.8333135,1.0
0.0,0.03309471,0.0
1.0,0.21437413,0.0
1.0,0.34556755,0.0
1.0,0.81297463,1.0
1.0,0.3908508,0.0
1.0,0.11357432,0.0
0.0,0.1690923,0.0
1.0,0.8173483,1.0
1.0,0.056630425,0.0
1.0,0.83535266,1.0
0.0,0.55211574,1.0
1.0,0.9321537,1.0
0.0,0.25895414,0.0
0.0,0.02126127,0.0
0.0,0.55254936,1.0
1.0,0.87999594,1.0
1.0,0.44279978,0.0
0.0,0.7561186,1.0
1.0,0.34141558,0.0
0.0,0.18620777,0.0
1.0,0.9945263,1.0
1.0,0.44641703,0.0
1.0,0.9351329,1.0
1.0,0.98267937,1.0
1.0,0.7807774,1.0
1.0,0.5734861,1.0
1.0,0.59479755,1.0
1.0,0.49003425,0.0
1.0,0.89827985,1.0
1.0,0.20865028,0.0
1.0,0.5675718,1.0
1.0,0.85446453,1.0
1.0,0.35421103,0.0
1.0,0.92680997,1.0
0.0,0.45609996,0.0
1.0,0.90116453,1.0
0.0,0.062695004,0.0
0.0,0.4098876,0.0
1.0,0.35523185,0.0
1.0,0.25260055,0.0
0.0,0.97440344,1.0
0.0,0.34708637,0.0
1.0,0.8975928,1.0
0.0,0.22945824,0.0
1.0,0.96653897,1.0
1.0,0.43035108,0.0
0.0,0.021514425,0.0
1.0,0.21832557,0.0
0.0,0.046115782,0.0
0.0,0.27743232,0.0
0.0,0.25135764,0.0
0.0,0.21248752,0.0
0.0,0.21385466,0.0
0.0,0.18299325,0.0
1.0,0.24433495,0.0
1.0,0.9793443,1.0
0.0,0.74573505,1.0
1.0,0.59812754,1.0
1.0,0.97183967,1.0
1.0,0.8144547,1.0
1.0,0.9078879,1.0
1.0,0.75566816,1.0
0.0,0.12108134,0.0
0.0,0.5600891,1.0
0.0,0.14162612,0.0
1.0,0.7482679,1.0
0.0,0.09173177,0.0
0.0,0.53976244,1.0
1.0,0.40225956,0.0
0.0,0.20468636,0.0
1.0,0.9675802,1.0
0.0,0.16074516,0.0
0.0,0.12746349,0.0
0.0,0.21660334,0.0
0.0,0.32512635,0.0
1.0,0.9724414,1.0
0.0,0.17617154,0.0
1.0,0.784493,1.0
0.0,0.15886508,0.0
1.0,0.6679017,1.0
0.0,0.5245229,1.0
0.0,0.15521714,0.0
1.0,0.6463916,1.0
1.0,0.7595378,1.0
0.0,0.24263729,0.0
0.0,0.014641348,0.0
0.0,0.34143934,0.0
1.0,0.68580616,1.0
0.0,0.12064894,0.0
0.0,0.19739068,0.0
0.0,0.14113835,0.0
0.0,0.2603222,0.0
1.0,0.16963868,0.0
0.0,0.24930534,0.0
1.0,0.845564,1.0
1.0,0.57278186,1.0
0.0,0.06101459,0.0
0.0,0.15964521,0.0
0.0,0.14022961,0.0
1.0,0.7463554,1.0
1.0,0.4407209,0.0
1.0,0.6555428,1.0
0.0,0.35105017,0.0
0.0,0.49713546,0.0
1.0,0.1345561,0.0
0.0,0.4127197,0.0
1.0,0.97821826,1.0
0.0,0.18227814,0.0
1.0,0.41022825,0.0
0.0,0.2519917,0.0
1.0,0.9962166,1.0
1.0,0.41917926,0.0
0.0,0.47671852,0.0
1.0,0.8432032,1.0
1.0,0.99011564,1.0
0.0,0.0207982,0.0
1.0,0.8965649,1.0
0.0,0.066650555,0.0
0.0,0.15187804,0.0
1.0,0.78124255,1.0
0.0,0.3200959,0.0
0.0,0.06951048,0.0
1.0,0.8945707,1.0
1.0,0.46795285,0.0
1.0,0.62106514,1.0
0.0,0.1613225,0.0
1.0,0.49603486,0.0
0.0,0.16864674,0.0
1.0,0.98005956,1.0
0.0,0.41548875,0.0
0.0,0.31722927,0.0
0.0,0.30072394,0.0
1.0,0.40386558,0.0
0.0,0.30143487,0.0
1.0,0.41509768,0.0
0.0,0.4233719,0.0
1.0,0.8988287,1.0
0.0,0.056679253,0.0
1.0,0.98891383,1.0
1.0,0.64533126,1.0
0.0,0.17989293,0.0
1.0,0.38223782,0.0
1.0,0.30370203,0.0
0.0,0.16752747,0.0
1.0,0.97331524,1.0
0.0,0.25223166,0.0
0.0,0.02014275,0.0
0.0,0.14148687,0.0
1.0,0.7341275,1.0
1.0,0.21250933,0.0
1.0,0.17469573,0.0
1.0,0.29942247,0.0
0.0,0.12201376,0.0
0.0,0.43625146,0.0
0.0,0.57138884,1.0
1.0,0.65021855,1.0
1.0,0.80801934,1.0
1.0,0.29767728,0.0
0.0,0.5485851,1.0
0.0,0.23662473,0.0
0.0,0.7823135,1.0
1.0,0.66650563,1.0
0.0,0.06429357,0.0
1.0,0.86724764,1.0
0.0,0.45484728,0.0
0.0,0.07963855,0.0
1.0,0.9764147,1.0
1.0,0.90174,1.0
0.0,0.19410644,0.0
1.0,0.14654888,0.0
1.0,0.34866107,0.0
0.0,0.32573703,0.0
1.0,0.34444925,0.0
1.0,0.9645024,1.0
1.0,0.11698295,0.0
1.0,0.3448168,0.0
1.0,0.6513548,1.0
0.0,0.39783368,0.0
0.0,0.043096915,0.0
0.0,0.44932705,0.0
0.0,0.1271057,0.0
0.0,0.52661735,1.0
1.0,0.32387128,0.0
0.0,0.14428787,0.0
0.0,0.2446547,0.0
1.0,0.71819246,1.0
1.0,0.44892484,0.0
1.0,0.5450961,1.0
0.0,0.23870325,0.0
0.0,0.12456015,0.0
1.0,0.51369834,1.0
1.0,0.9669883,1.0
1.0,0.30646122,0.0
0.0,0.16680978,0.0
1.0,0.24534418,0.0
1.0,0.31097266,0.0
1.0,0.96104807,1.0
0.0,0.39810702,0.0
1.0,0.9747542,1.0
1.0,0.16938926,0.0
1.0,0.28959027,0.0
0.0,0.10781306,0.0
1.0,0.48008946,0.0
0.0,0.43089423,0.0
1.0,0.90922815,1.0
1.0,0.4507637,0.0
0.0,0.2294803,0.0
1.0,0.42388722,0.0
1.0,0.49519715,0.0
1.0,0.23637438,0.0
1.0,0.8880631,1.0
1.0,0.94759023,1.0
1.0,0.16397884,0.0
1.0,0.7192306,1.0
1.0,0.6317343,1.0
1.0,0.54423875,1.0
1.0,0.59076834,1.0
1.0,0.44271192,0.0
0.0,0.087338746,0.0
0.0,0.04501528,0.0
0.0,0.5898201,1.0
0.0,0.06820217,0.0
0.0,0.07100326,0.0
0.0,0.24724787,0.0
1.0,0.3766834,0.0
0.0,0.030224321,0.0
0.0,0.5150478,1.0
0.0,0.15054563,0.0
1.0,0.46643627,0.0
1.0,0.6439781,1.0
0.0,0.015509596,0.0
0.0,0.19035883,0.0
1.0,0.10506524,0.0
1.0,0.6680038,1.0
0.0,0.4680746,0.0
0.0,0.057850253,0.0
1.0,0.4605773,0.0
0.0,0.33344284,0.0
1.0,0.74298257,1.0
0.0,0.23243995,0.0
1.0,0.19513784,0.0
1.0,0.72775257,1.0
1.0,0.36184233,0.0
1.0,0.65511,1.0
1.0,0.9237288,1.0
0.0,0.3258506,0.0
0.0,0.23024446,0.0
1.0,0.4543796,0.0
0.0,0.41419724,0.0
1.0,0.94339573,1.0
1.0,0.7350877,1.0
1.0,0.3643416,0.0
1.0,0.70881337,1.0
0.0,0.20877925,0.0
0.0,0.46912453,0.0
0.0,0.18688327,0.0
0.0,0.3661732,0.0
0.0,0.40669978,0.0
0.0,0.26462847,0.0
1.0,0.88096946,1.0
0.0,0.17599449,0.0
1.0,0.5270859,1.0
0.0,0.021378608,0.0
1.0,0.9951674,1.0
0.0,0.804098,1.0
0.0,0.055673514,0.0
1.0,0.37171215,0.0
1.0,0.95437425,1.0
1.0,0.17689563,0.0
1.0,0.6528475,1.0
0.0,0.0732992,0.0
1.0,0.38861933,0.0
1.0,0.44086823,0.0
1.0,0.78986186,1.0
1.0,0.21962743,0.0
0.0,0.220488,0.0
1.0,0.69264746,1.0
0.0,0.09586711,0.0
0.0,0.51710385,1.0
0.0,0.046853922,0.0
1.0,0.9378287,1.0
1.0,0.95174253,1.0
0.0,0.41027543,0.0
0.0,0.7635932,1.0
0.0,0.17234017,0.0
0.0,0.14969079,0.0
0.0,0.35813153,0.0
1.0,0.26149863,0.0
1.0,0.25169897,0.0
1.0,0.8594873,1.0
1.0,0.25870103,0.0
0.0,0.36018068,0.0
1.0,0.7853233,1.0
0.0,0.056044567,0.0
1.0,0.93380266,1.0
1.0,0.2094202,0.0
0.0,0.5627424,1.0
1.0,0.97090435,1.0
0.0,0.32433173,0.0
0.0,0.050356895,0.0
0.0,0.09807065,0.0
0.0,0.455,0.0
1.0,0.18361615,0.0
1.0,0.9726748,1.0
1.0,0.92701286,1.0
1.0,0.984703,1.0
0.0,0.75683,1.0
0.0,0.15493979,0.0
0.0,0.26087254,0.0
1.0,0.96675617,1.0
0.0,0.1533536,0.0
0.0,0.19298747,0.0
0.0,0.111121446,0.0
1.0,0.356819,0.0
0.0,0.23468335,0.0
0.0,0.45430213,0.0
1.0,0.977251,1.0
0.0,0.023631651,0.0
1.0,0.88363403,1.0
1.0,0.25207245,0.0
0.0,0.60853004,1.0
1.0,0.5773859,1.0
1.0,0.80203766,1.0
1.0,0.49408826,0.0
1.0,0.60990644,1.0
0.0,0.17807037,0.0
1.0,0.8652168,1.0
0.0,0.3256605,0.0
1.0,0.7442288,1.0
1.0,0.11629613,0.0
1.0,0.9808117,1.0
1.0,0.5932922,1.0
0.0,0.06964794,0.0
0.0,0.74709004,1.0
1.0,0.80001426,1.0
0.0,0.37381706,0.0
1.0,0.091258034,0.0
1.0,0.9344017,1.0
1.0,0.5142554,1.0
1.0,0.76152205,1.0
1.0,0.5275648,1.0
1.0,0.19728094,0.0
1.0,0.5943612,1.0
0.0,0.18507087,0.0
0.0,0.67882675,1.0
1.0,0.40038642,0.0
0.0,0.35578096,0.0
0.0,0.13408382,0.0
0.0,0.1117003,0.0
1.0,0.4528737,0.0
0.0,0.063167535,0.0
0.0,0.022266105,0.0
1.0,0.76169616,1.0
1.0,0.49958336,0.0
0.0,0.16482715,0.0
1.0,0.42612612,0.0
1.0,0.5331362,1.0
1.0,0.2298865,0.0
1.0,0.82193494,1.0
0.0,0.086579025,0.0
1.0,0.27275538,0.0
0.0,0.25725925,0.0
1.0,0.48540285,0.0
0.0,0.15292294,0.0
0.0,0.47817436,0.0
1.0,0.9876617,1.0
0.0,0.63681436,1.0
0.0,0.11662474,0.0
1.0,0.3659289,0.0
1.0,0.34176803,0.0
0.0,0.6357161,1.0
0.0,0.19494596,0.0
0.0,0.016085599,0.0
1.0,0.8949951,1.0
1.0,0.7989116,1.0
0.0,0.20987096,0.0
1.0,0.7707058,1.0
1.0,0.88124776,1.0
0.0,0.8483857,1.0
1.0,0.83601165,1.0
0.0,0.8422315,1.0
1.0,0.6278684,1.0
0.0,0.32947433,0.0
1.0,0.9862075,1.0
0.0,0.38007927,0.0
0.0,0.11914345,0.0
0.0,0.08170884,0.0
0.0,0.6002287,1.0
0.0,0.45128158,0.0
0.0,0.57620656,1.0
1.0,0.7603722,1.0
0.0,0.86340874,1.0
0.0,0.23582149,0.0
0.0,0.2218683,0.0
1.0,0.9785316,1.0
1.0,0.992508,1.0
0.0,0.54600924,1.0
1.0,0.9733865,1.0
0.0,0.42132822,0.0
0.0,0.2594111,0.0
0.0,0.1464133,0.0
0.0,0.33654362,0.0
0.0,0.09534049,0.0
1.0,0.4906005,0.0
0.0,0.20728524,0.0
0.0,0.067913264,0.0
0.0,0.09159825,0.0
1.0,0.99195284,1.0
1.0,0.23466806,0.0
0.0,0.21801685,0.0
0.0,0.08453738,0.0
1.0,0.5581787,1.0
1.0,0.99508923,1.0
1.0,0.67549163,1.0
0.0,0.5683447,1.0
0.0,0.3475448,0.0
1.0,0.92469996,1.0
0.0,0.1633062,0.0
0.0,0.30063608,0.0
1.0,0.30197224,0.0
0.0,0.28523147,0.0
1.0,0.42475298,0.0
1.0,0.2582627,0.0
1.0,0.8203,1.0
1.0,0.8171896,1.0
1.0,0.9870762,1.0
1.0,0.98713815,1.0
0.0,0.056165967,0.0
1.0,0.7802974,1.0
0.0,0.17924841,0.0
0.0,0.5023994,1.0
1.0,0.8907997,1.0
1.0,0.4386209,0.0
0.0,0.5216331,1.0
0.0,0.3803435,0.0
1.0,0.46338496,0.0
1.0,0.3691582,0.0
0.0,0.1424474,0.0
0.0,0.34253287,0.0
1.0,0.29823768,0.0
1.0,0.79561704,1.0
1.0,0.33967537,0.0
1.0,0.58045876,1.0
0.0,0.6050332,1.0
1.0,0.9934295,1.0
1.0,0.35033736,0.0
1.0,0.7778703,1.0
1.0,0.98639387,1.0
0.0,0.05700383,0.0
1.0,0.920817,1.0
1.0,0.13817881,0.0
0.0,0.17216066,0.0
1.0,0.87437385,1.0
1.0,0.7340198,1.0
1.0,0.880506,1.0
1.0,0.7357828,1.0
0.0,0.12263881,0.0
0.0,0.05685581,0.0
0.0,0.53022397,1.0
0.0,0.4083093,0.0
0.0,0.21483766,0.0
0.0,0.46372885,0.0
0.0,0.17236017,0.0
1.0,0.2904443,0.0
1.0,0.21113145,0.0
0.0,0.43380946,0.0
0.0,0.18302245,0.0
0.0,0.120127596,0.0
0.0,0.22944379,0.0
1.0,0.967335,1.0
0.0,0.09219189,0.0
1.0,0.6319663,1.0
1.0,0.47830027,0.0
1.0,0.25857276,0.0
1.0,0.7343551,1.0
1.0,0.4800531,0.0
0.0,0.66461426,1.0
0.0,0.020522512,0.0
1.0,0.88707405,1.0
1.0,0.99683195,1.0
1.0,0.80246717,1.0
1.0,0.93417555,1.0
0.0,0.63491327,1.0
0.0,0.27884248,0.0
1.0,0.9761168,1.0
1.0,0.80325717,1.0
1.0,0.83960253,1.0
1.0,0.9548191,1.0
1.0,0.7244311,1.0
0.0,0.46724072,0.0
0.0,0.096147954,0.0
1.0,0.18439105,0.0
0.0,0.13760951,0.0
0.0,0.29115093,0.0
1.0,0.45377877,0.0
1.0,0.9807804,1.0
0.0,0.25743848,0.0
0.0,0.28434646,0.0
1.0,0.45551592,0.0
0.0,0.19641066,0.0
0.0,0.43627626,0.0
1.0,0.5940251,1.0
1.0,0.5558434,1.0
0.0,0.2762597,0.0
0.0,0.5472814,1.0
0.0,0.13454969,0.0
1.0,0.59063864,1.0
0.0,0.43702137,0.0
0.0,0.41548294,0.0
1.0,0.4732355,0.0
1.0,0.40279374,0.0
1.0,0.57048184,1.0
0.0,0.18958388,0.0
1.0,0.83838725,1.0
0.0,0.6066882,1.0
1.0,0.4258855,0.0
0.0,0.24815762,0.0
0.0,0.5541478,1.0
0.0,0.010689652,0.0
1.0,0.9956453,1.0
1.0,0.2190588,0.0
0.0,0.21013598,0.0
1.0,0.30769327,0.0
1.0,0.996858,1.0
0.0,0.43014136,0.0
0.0,0.16899708,0.0
1.0,0.9387978,1.0
1.0,0.99082994,1.0
0.0,0.17771606,0.0
1.0,0.9206607,1.0
0.0,0.15949386,0.0
0.0,0.3516253,0.0
1.0,0.79253644,1.0
0.0,0.37018633,0.0
1.0,0.4707283,0.0
0.0,0.08938437,0.0
0.0,0.4794368,0.0
1.0,0.785147,1.0
1.0,0.99315476,1.0
0.0,0.3015582,0.0
1.0,0.2834162,0.0
1.0,0.83141005,1.0
1.0,0.61730564,1.0
0.0,0.03180302,0.0
1.0,0.5373599,1.0
0.0,0.37800547,0.0
0.0,0.33133173,0.0
0.0,0.6150723,1.0
0.0,0.25855604,0.0
0.0,0.37233344,0.0
0.0,0.15021001,0.0
1.0,0.9140232,1.0
0.0,0.48633772,0.0
0.0,0.06243983,0.0
0.0,0.5406148,1.0
0.0,0.2632681,0.0
0.0,0.14329597,0.0
0.0,0.13629404,0.0
0.0,0.6172104,1.0
0.0,0.04155507,0.0
0.0,0.47020808,0.0
1.0,0.42377803,0.0
0.0,0.1820696,0.0
0.0,0.40643826,0.0
1.0,0.9842128,1.0
0.0,0.30297703,0.0
1.0,0.9671031,1.0
1.0,0.6266211,1.0
1.0,0.90080625,1.0
0.0,0.10827302,0.0
0.0,0.029849607,0.0
0.0,0.57398844,1.0
1.0,0.17666201,0.0
1.0,0.8381255,1.0
0.0,0.28599456,0.0
0.0,0.17947428,0.0
1.0,0.58926415,1.0
1.0,0.6445807,1.0
1.0,0.9626291,1.0
1.0,0.82587814,1.0
1.0,0.64429986,1.0
0.0,0.082353204,0.0
0.0,0.29303306,0.0
0.0,0.4584333,0.0
0.0,0.086534716,0.0
0.0,0.12741008,0.0
0.0,0.072473146,0.0
1.0,0.9908584,1.0
1.0,0.86688286,1.0
1.0,0.62698376,1.0
0.0,0.23569538,0.0
1.0,0.95552105,1.0
0.0,0.24187121,0.0
1.0,0.9204903,1.0
0.0,0.30668357,0.0
1.0,0.9329171,1.0
1.0,0.14762339,0.0
0.0,0.63507813,1.0
1.0,0.3427961,0.0
1.0,0.7731399,1.0
0.0,0.29852042,0.0
0.0,0.4358499,0.0
0.0,0.10641221,0.0
0.0,0.305026,0.0
1.0,0.096540876,0.0
1.0,0.83007085,1.0
0.0,0.0131963305,0.0
0.0,0.18160485,0.0
1.0,0.97486264,1.0
0.0,0.14053291,0.0
1.0,0.97849965,1.0
0.0,0.17866783,0.0
1.0,0.9884558,1.0
0.0,0.15576364,0.0
0.0,0.25806835,0.0
1.0,0.8221231,1.0
1.0,0.7498259,1.0
0.0,0.11975426,0.0
0.0,0.04960096,0.0
0.0,0.2345379,0.0
0.0,0.09193415,0.0
1.0,0.38518584,0.0
1.0,0.35434195,0.0
1.0,0.23153067,0.0
0.0,0.34241697,0.0
1.0,0.9433579,1.0
0.0,0.11639635,0.0
1.0,0.83292305,1.0
1.0,0.52867365,1.0
0.0,0.56980795,1.0
1.0,0.95034844,1.0
0.0,0.18168327,0.0
1.0,0.97022724,1.0
1.0,0.44200018,0.0
1.0,0.22075926,0.0
1.0,0.273127,0.0
0.0,0.41808167,0.0
0.0,0.29168633,0.0
1.0,0.7973311,1.0
0.0,0.27261463,0.0
1.0,0.79493093,1.0
1.0,0.40740472,0.0
1.0,0.45787546,0.0
1.0,0.9762649,1.0
1.0,0.15845044,0.0
1.0,0.7154393,1.0
0.0,0.12694095,0.0
0.0,0.35049382,0.0
0.0,0.7613202,1.0
1.0,0.5727163,1.0
0.0,0.26184213,0.0
0.0,0.4151343,0.0
1.0,0.95891726,1.0
0.0,0.2164236,0.0
0.0,0.21829826,0.0
0.0,0.47201133,0.0
1.0,0.72250235,1.0
1.0,0.33642995,0.0
0.0,0.21518335,0.0
1.0,0.9657588,1.0
0.0,0.3363725,0.0
1.0,0.94789445,1.0
0.0,0.87662613,1.0
1.0,0.72689354,1.0
1.0,0.047319055,0.0
1.0,0.2964671,0.0
1.0,0.60122657,1.0
1.0,0.6534601,1.0
0.0,0.3083211,0.0
0.0,0.13579302,0.0
0.0,0.009752319,0.0
0.0,0.2437382,0.0
1.0,0.3525769,0.0
0.0,0.257692,0.0
1.0,0.92650557,1.0
0.0,0.55688626,1.0
1.0,0.981154,1.0
0.0,0.15786165,0.0
0.0,0.5701915,1.0
0.0,0.18414967,0.0
1.0,0.28100055,0.0
1.0,0.71212894,1.0
1.0,0.35644883,0.0
1.0,0.5139874,1.0
0.0,0.32423496,0.0
0.0,0.14622192,0.0
1.0,0.65944093,1.0
0.0,0.20174076,0.0
0.0,0.03544763,0.0
0.0,0.4732581,0.0
1.0,0.48968947,0.0
0.0,0.22739027,0.0
1.0,0.9724262,1.0
0.0,0.6792814,1.0
0.0,0.2532294,0.0
0.0,0.36177298,0.0
0.0,0.057624236,0.0
1.0,0.9550169,1.0
1.0,0.7630748,1.0
1.0,0.31448984,0.0
1.0,0.29629955,0.0
0.0,0.15961747,0.0
0.0,0.07312491,0.0
1.0,0.8279373,1.0
1.0,0.20739765,0.0
1.0,0.5246223,1.0
1.0,0.30905247,0.0
0.0,0.28930503,0.0
0.0,0.016587779,0.0
0.0,0.23722301,0.0
0.0,0.47064337,0.0
1.0,0.5099048,1.0
0.0,0.5125768,1.0
1.0,0.9901135,1.0
0.0,0.22646743,0.0
1.0,0.77517575,1.0
0.0,0.02831834,0.0
1.0,0.23015858,0.0
0.0,0.38045818,0.0
1.0,0.9095885,1.0
1.0,0.78035724,1.0
0.0,0.24522893,0.0
0.0,0.5372556,1.0
0.0,0.007698644,0.0
0.0,0.079179704,0.0
0.0,0.18900552,0.0
1.0,0.32374796,0.0
1.0,0.7956105,1.0
0.0,0.028639989,0.0
1.0,0.34696737,0.0
1.0,0.99622065,1.0
0.0,0.19801974,0.0
1.0,0.9947718,1.0
0.0,0.4429384,0.0
1.0,0.4440888,0.0
0.0,0.15372556,0.0
0.0,0.18399297,0.0
0.0,0.26689297,0.0
1.0,0.99169254,1.0
0.0,0.36625853,0.0
1.0,0.9576428,1.0
1.0,0.7551148,1.0
0.0,0.08898971,0.0
1.0,0.7243259,1.0
1.0,0.7327525,1.0
1.0,0.93733925,1.0
0.0,0.4141383,0.0
1.0,0.901857,1.0
1.0,0.65784067,1.0
1.0,0.9256093,1.0
0.0,0.20581904,0.0
0.0,0.19094498,0.0
1.0,0.6113412,1.0
1.0,0.6023158,1.0
1.0,0.9667428,1.0
0.0,0.16869272,0.0
1.0,0.84082836,1.0
1.0,0.1262046,0.0
0.0,0.17230128,0.0
0.0,0.1961843,0.0
0.0,0.74022305,1.0
0.0,0.023215093,0.0
1.0,0.99825925,1.0
1.0,0.9189364,1.0
1.0,0.9851436,1.0
0.0,0.39496735,0.0
0.0,0.19995147,0.0
1.0,0.9456656,1.0
0.0,0.44075835,0.0
1.0,0.94008017,1.0
0.0,0.39008248,0.0
0.0,0.079369076,0.0
1.0,0.3066377,0.0
0.0,0.46691915,0.0
1.0,0.97854185,1.0
0.0,0.24336098,0.0
1.0,0.6488907,1.0
1.0,0.48210236,0.0
0.0,0.49502975,0.0
1.0,0.95774,1.0
0.0,0.09933432,0.0
0.0,0.5102304,1.0
1.0,0.96907544,1.0
0.0,0.1449692,0.0
1.0,0.95003074,1.0
0.0,0.048309352,0.0
1.0,0.9890731,1.0
0.0,0.20780757,0.0
1.0,0.78651714,1.0
1.0,0.95994246,1.0
1.0,0.9459799,1.0
1.0,0.8868177,1.0
1.0,0.9817316,1.0
1.0,0.44783065,0.0
0.0,0.52785474,1.0
1.0,0.48994735,0.0
0.0,0.62118685,1.0
1.0,0.41017196,0.0
0.0,0.23126957,0.0
0.0,0.3582406,0.0
0.0,0.016143525,0.0
1.0,0.89376074,1.0
0.0,0.4183296,0.0
1.0,0.9823417,1.0
0.0,0.44084698,0.0
0.0,0.47728878,0.0
1.0,0.9850433,1.0
0.0,0.4426064,0.0
1.0,0.6553912,1.0
0.0,0.17258272,0.0
0.0,0.08119447,0.0
1.0,0.7334977,1.0
0.0,0.41658762,0.0
0.0,0.15950109,0.0
0.0,0.23455882,0.0
1.0,0.6556454,1.0
1.0,0.26195207,0.0
0.0,0.28550842,0.0
0.0,0.2081564,0.0
0.0,0.36988586,0.0
1.0,0.85506016,1.0
0.0,0.09536853,0.0
0.0,0.13897036,0.0
1.0,0.6876127,1.0
0.0,0.28715894,0.0
0.0,0.09310218,0.0
0.0,0.09146593,0.0
0.0,0.27232096,0.0
1.0,0.9944935,1.0
1.0,0.9866051,1.0
0.0,0.486487,0.0
1.0,0.9605336,1.0
1.0,0.588128,1.0
0.0,0.24625397,0.0
1.0,0.9951702,1.0
0.0,0.28769383,0.0
1.0,0.9579748,1.0
0.0,0.24667455,0.0
1.0,0.99529934,1.0
0.0,0.008644509,0.0
1.0,0.79501265,1.0
0.0,0.7201344,1.0
1.0,0.82751197,1.0
1.0,0.8728278,1.0
1.0,0.7181254,1.0
0.0,0.0731285,0.0
1.0,0.40714008,0.0
1.0,0.8369704,1.0
1.0,0.79528594,1.0
0.0,0.50280005,1.0
1.0,0.8930988,1.0
1.0,0.78940564,1.0
0.0,0.107827656,0.0
0.0,0.4565176,0.0
1.0,0.99192387,1.0
0.0,0.27172682,0.0
0.0,0.20799226,0.0
0.0,0.29524195,0.0
0.0,0.15735093,0.0
0.0,0.15407868,0.0
0.0,0.31766224,0.0
1.0,0.85518855,1.0
1.0,0.16969703,0.0
0.0,0.123087846,0.0
0.0,0.16375858,0.0
0.0,0.27019098,0.0
0.0,0.45253766,0.0
1.0,0.93893903,1.0
1.0,0.62116545,1.0
0.0,0.23598269,0.0
1.0,0.20354083,0.0
0.0,0.3610648,0.0
0.0,0.3258471,0.0
0.0,0.1503435,0.0
1.0,0.9470048,1.0
0.0,0.781927,1.0
1.0,0.5204658,1.0
1.0,0.8791012,1.0
0.0,0.29113096,0.0
0.0,0.1679991,0.0
1.0,0.7710438,1.0
0.0,0.15704013,0.0
0.0,0.7047873,1.0
1.0,0.45835006,0.0
0.0,0.093255125,0.0
0.0,0.14821869,0.0
1.0,0.89047956,1.0
0.0,0.3812265,0.0
0.0,0.6514375,1.0
1.0,0.9073706,1.0
0.0,0.29012945,0.0
0.0,0.10196872,0.0
0.0,0.13935167,0.0
1.0,0.28273436,0.0
0.0,0.12376008,0.0
1.0,0.93289423,1.0
0.0,0.060406215,0.0
0.0,0.22539261,0.0
0.0,0.06045095,0.0
1.0,0.86761767,1.0
1.0,0.9967367,1.0
1.0,0.71426547,1.0
1.0,0.5336653,1.0
0.0,0.33452746,0.0
0.0,0.7416763,1.0
0.0,0.099812545,0.0
0.0,0.18995889,0.0
0.0,0.20716047,0.0
1.0,0.65740865,1.0
0.0,0.5450642,1.0
1.0,0.28924108,0.0
0.0,0.2630666,0.0
0.0,0.17514123,0.0
0.0,0.35431534,0.0
1.0,0.95718855,1.0
1.0,0.8488047,1.0
1.0,0.923076,1.0
1.0,0.9823423,1.0
1.0,0.17480169,0.0
0.0,0.8838383,1.0
0.0,0.29470402,0.0
1.0,0.99739957,1.0
0.0,0.5524515,1.0
1.0,0.8645686,1.0
1.0,0.993309,1.0
0.0,0.023791805,0.0
1.0,0.30465096,0.0
0.0,0.058268957,0.0
0.0,0.3612232,0.0
0.0,0.012240036,0.0
1.0,0.9867247,1.0
0.0,0.5973366,1.0
1.0,0.30811235,0.0
0.0,0.17643748,0.0
0.0,0.649685,1.0
1.0,0.18818165,0.0
1.0,0.9710018,1.0
0.0,0.4552854,0.0
0.0,0.16281998,0.0
0.0,0.024363536,0.0
1.0,0.8631831,1.0
0.0,0.1968994,0.0
0.0,0.19615218,0.0
0.0,0.21783853,0.0
0.0,0.63291925,1.0
1.0,0.0845159,0.0
1.0,0.9649696,1.0
0.0,0.17110899,0.0
0.0,0.60001737,1.0
0.0,0.11490886,0.0
1.0,0.97364706,1.0
0.0,0.23224212,0.0
1.0,0.23963812,0.0
1.0,0.9195713,1.0
1.0,0.5177824,1.0
1.0,0.16990355,0.0
1.0,0.94101006,1.0
1.0,0.9375443,1.0
1.0,0.9413118,1.0
0.0,0.031274717,0.0
0.0,0.75481874,1.0
0.0,0.37487033,0.0
1.0,0.59054303,1.0
1.0,0.9339604,1.0
0.0,0.37142354,0.0
0.0,0.5209199,1.0
0.0,0.06437075,0.0
1.0,0.7336849,1.0
0.0,0.019299412,0.0
1.0,0.9859008,1.0
0.0,0.21304315,0.0
0.0,0.70309925,1.0
0.0,0.61791056,1.0
1.0,0.47757593,0.0
1.0,0.22711897,0.0
0.0,0.19414392,0.0
0.0,0.50818574,1.0
0.0,0.36113676,0.0
1.0,0.83537936,1.0
0.0,0.15004845,0.0
0.0,0.29423213,0.0
1.0,0.56013465,1.0
1.0,0.50146365,1.0
1.0,0.5462094,1.0
1.0,0.9859766,1.0
1.0,0.3566821,0.0
0.0,0.52490604,1.0
0.0,0.05156831,0.0
0.0,0.33437213,0.0
0.0,0.015336546,0.0
0.0,0.15573741,0.0
1.0,0.77065265,1.0
1.0,0.4627135,0.0
0.0,0.123812124,0.0
0.0,0.23862055,0.0
1.0,0.5780891,1.0
1.0,0.7039708,1.0
0.0,0.29864144,0.0
0.0,0.26143852,0.0
1.0,0.7568942,1.0
0.0,0.14596723,0.0
0.0,0.26954648,0.0
1.0,0.6533983,1.0
0.0,0.24586599,0.0
0.0,0.16643532,0.0
1.0,0.5266633,1.0
0.0,0.31405288,0.0
1.0,0.9424741,1.0
0.0,0.47976047,0.0
1.0,0.65664583,1.0
0.0,0.18824802,0.0
0.0,0.17179544,0.0
1.0,0.22138512,0.0
0.0,0.11880877,0.0
1.0,0.18226385,0.0
1.0,0.4022007,0.0
0.0,0.010286519,0.0
0.0,0.4098322,0.0
1.0,0.32103658,0.0
0.0,0.35909995,0.0
0.0,0.19542648,0.0
0.0,0.15267305,0.0
0.0,0.18633078,0.0
1.0,0.9904937,1.0
0.0,0.06748678,0.0
1.0,0.48454523,0.0
1.0,0.93778366,1.0
0.0,0.32892466,0.0
0.0,0.10630985,0.0
0.0,0.52211064,1.0
0.0,0.41251418,0.0
0.0,0.21115744,0.0
0.0,0.5138897,1.0
0.0,0.18998334,0.0
0.0,0.2890676,0.0
1.0,0.8790455,1.0
1.0,0.36871204,0.0
0.0,0.24319422,0.0
0.0,0.18977499,0.0
0.0,0.52409345,1.0
1.0,0.45607844,0.0
0.0,0.24183077,0.0
1.0,0.98577243,1.0
1.0,0.5950124,1.0
1.0,0.22989935,0.0
0.0,0.71153903,1.0
1.0,0.40238917,0.0
0.0,0.1562638,0.0
1.0,0.6733196,1.0
0.0,0.27422863,0.0
0.0,0.34448,0.0
0.0,0.21990687,0.0
1.0,0.6317325,1.0
1.0,0.87240946,1.0
0.0,0.1295967,0.0
1.0,0.94279724,1.0
1.0,0.69515276,1.0
1.0,0.625853,1.0
1.0,0.70187104,1.0
0.0,0.41920796,0.0
0.0,0.052438177,0.0
1.0,0.9957339,1.0
0.0,0.74370116,1.0
0.0,0.39105636,0.0
1.0,0.83587605,1.0
0.0,0.39919296,0.0
0.0,0.31717694,0.0
1.0,0.6703269,1.0
0.0,0.106184356,0.0
1.0,0.27186814,0.0
0.0,0.4115666,0.0
0.0,0.38829833,0.0
1.0,0.18871778,0.0
0.0,0.1000277,0.0
1.0,0.89041275,1.0
1.0,0.5234051,1.0
1.0,0.99317884,1.0
1.0,0.45906648,0.0
0.0,0.19468948,0.0
0.0,0.17825447,0.0
0.0,0.20199923,0.0
1.0,0.38349816,0.0
0.0,0.12884194,0.0
1.0,0.48316988,0.0
0.0,0.8276315,1.0
1.0,0.9171543,1.0
0.0,0.036867958,0.0
0.0,0.3598401,0.0
0.0,0.4215898,0.0
1.0,0.9611962,1.0
1.0,0.9864049,1.0
1.0,0.82262474,1.0
1.0,0.6386898,1.0
0.0,0.24130213,0.0
0.0,0.21572761,0.0
1.0,0.46625265,0.0
0.0,0.38119477,0.0
0.0,0.30904642,0.0
1.0,0.8743815,1.0
1.0,0.9524211,1.0
1.0,0.4214561,0.0
1.0,0.32462147,0.0
1.0,0.9687026,1.0
0.0,0.26378715,0.0
0.0,0.40426177,0.0
0.0,0.26985136,0.0
1.0,0.8250068,1.0
1.0,0.8380625,1.0
0.0,0.18637185,0.0
1.0,0.5153035,1.0
1.0,0.58942825,1.0
0.0,0.46413824,0.0
1.0,0.27153853,0.0
0.0,0.20101587,0.0
0.0,0.15636316,0.0
1.0,0.56183624,1.0
1.0,0.8728998,1.0
0.0,0.02324035,0.0
0.0,0.34621173,0.0
1.0,0.2799865,0.0
0.0,0.025991675,0.0
0.0,0.2606619,0.0
1.0,0.22038862,0.0
1.0,0.735003,1.0
0.0,0.32337725,0.0
0.0,0.3982547,0.0
0.0,0.16859804,0.0
1.0,0.98597205,1.0
0.0,0.09413309,0.0
0.0,0.16933525,0.0
0.0,0.25458848,0.0
1.0,0.044617083,0.0
1.0,0.98477995,1.0
0.0,0.0928629,0.0
1.0,0.9874548,1.0
0.0,0.26295,0.0
1.0,0.98266935,1.0
0.0,0.2801954,0.0
1.0,0.8269766,1.0
0.0,0.19650619,0.0
0.0,0.44352517,0.0
1.0,0.95197016,1.0
1.0,0.96012145,1.0
1.0,0.9725549,1.0
0.0,0.16474497,0.0
1.0,0.7920252,1.0
0.0,0.0729161,0.0
0.0,0.4225724,0.0
1.0,0.7456547,1.0
1.0,0.9751804,1.0
1.0,0.72928804,1.0
0.0,0.17929696,0.0
1.0,0.16145918,0.0
0.0,0.26485577,0.0
1.0,0.16469797,0.0
0.0,0.5832145,1.0
1.0,0.8099165,1.0
0.0,0.20785095,0.0
1.0,0.17068452,0.0
1.0,0.9921367,1.0
0.0,0.01951527,0.0
0.0,0.5510345,1.0
1.0,0.81464577,1.0
0.0,0.19762047,0.0
0.0,0.10283289,0.0
0.0,0.21904495,0.0
0.0,0.41050825,0.0
0.0,0.22536756,0.0
0.0,0.24589184,0.0
0.0,0.12750746,0.0
1.0,0.43783703,0.0
1.0,0.77281106,1.0
0.0,0.4883272,0.0
0.0,0.071934864,0.0
1.0,0.28943238,0.0
0.0,0.6118041,1.0
1.0,0.9508672,1.0
1.0,0.9014011,1.0
1.0,0.9914328,1.0
1.0,0.6084528,1.0
0.0,0.14783533,0.0
1.0,0.9192063,1.0
1.0,0.83714473,1.0
1.0,0.75457394,1.0
0.0,0.3184945,0.0
1.0,0.9415351,1.0
0.0,0.38390785,0.0
0.0,0.25310472,0.0
1.0,0.8140298,1.0
0.0,0.1669713,0.0
1.0,0.41456243,0.0
1.0,0.826099,1.0
0.0,0.25182754,0.0
0.0,0.28551665,0.0
0.0,0.51385146,1.0
1.0,0.7325562,1.0
0.0,0.10513328,0.0
0.0,0.093652464,0.0
1.0,0.7956245,1.0
0.0,0.22846216,0.0
0.0,0.42091328,0.0
1.0,0.34668618,0.0
1.0,0.96256584,1.0
0.0,0.11018978,0.0
0.0,0.14527477,0.0
0.0,0.28840226,0.0
1.0,0.97558093,1.0
1.0,0.35973534,0.0
1.0,0.3378208,0.0
0.0,0.14305706,0.0
0.0,0.15267138,0.0
1.0,0.94228536,1.0
1.0,0.9068363,1.0
1.0,0.81410486,1.0
0.0,0.43690565,0.0
0.0,0.16640306,0.0
1.0,0.31603232,0.0
1.0,0.82959783,1.0
0.0,0.7456731,1.0
0.0,0.44440243,0.0
0.0,0.47379357,0.0
1.0,0.8560476,1.0
0.0,0.15949161,0.0
0.0,0.013698126,0.0
1.0,0.979035,1.0
0.0,0.20378979,0.0
1.0,0.90920264,1.0
0.0,0.27864528,0.0
0.0,0.2405025,0.0
0.0,0.018138487,0.0
0.0,0.20503986,0.0
1.0,0.42830637,0.0
1.0,0.62009764,1.0
0.0,0.7606896,1.0
0.0,0.36972332,0.0
1.0,0.8056005,1.0
0.0,0.23033133,0.0
0.0,0.29808456,0.0
0.0,0.3576278,0.0
0.0,0.46591595,0.0
0.0,0.7184512,1.0
0.0,0.15459947,0.0
1.0,0.98894405,1.0
1.0,0.35957393,0.0
1.0,0.38148192,0.0
1.0,0.21561734,0.0
0.0,0.18632306,0.0
1.0,0.34476906,0.0
0.0,0.14386362,0.0
1.0,0.8626249,1.0
1.0,0.46679363,0.0
0.0,0.121608265,0.0
0.0,0.24490102,0.0
1.0,0.79240173,1.0
1.0,0.19966705,0.0
0.0,0.54005426,1.0
0.0,0.20527129,0.0
1.0,0.9900865,1.0
1.0,0.32641822,0.0
0.0,0.54186773,1.0
0.0,0.1288276,0.0
0.0,0.23898743,0.0
0.0,0.12318765,0.0
0.0,0.13904499,0.0
1.0,0.9779383,1.0
1.0,0.3093134,0.0
1.0,0.38151428,0.0
1.0,0.9856937,1.0
0.0,0.05972561,0.0
1.0,0.971952,1.0
0.0,0.562192,1.0
1.0,0.97516054,1.0
1.0,0.20091704,0.0
0.0,0.23599093,0.0
1.0,0.98328364,1.0
1.0,0.62244254,1.0
1.0,0.73554265,1.0
0.0,0.16062805,0.0
0.0,0.25014207,0.0
1.0,0.8087936,1.0
0.0,0.07496244,0.0
1.0,0.24203135,0.0
1.0,0.9820578,1.0
0.0,0.9165755,1.0
1.0,0.45520297,0.0
0.0,0.14528206,0.0
1.0,0.3656284,0.0
1.0,0.18984891,0.0
1.0,0.87607735,1.0
0.0,0.08753795,0.0
1.0,0.9645898,1.0
0.0,0.19954887,0.0
0.0,0.037976045,0.0
1.0,0.5781275,1.0
1.0,0.87164456,1.0
1.0,0.29970157,0.0
0.0,0.33991063,0.0
1.0,0.4285447,0.0
1.0,0.86543584,1.0
0.0,0.7860236,1.0
0.0,0.05466593,0.0
0.0,0.015485733,0.0
0.0,0.4635508,0.0
0.0,0.4222944,0.0
1.0,0.8726716,1.0
0.0,0.4747188,0.0
0.0,0.66486603,1.0
0.0,0.05026427,0.0
1.0,0.94164205,1.0
1.0,0.4113225,0.0
0.0,0.29748788,0.0
0.0,0.12621953,0.0
0.0,0.32392284,0.0
1.0,0.72907484,1.0
0.0,0.12326939,0.0
0.0,0.517099,1.0
0.0,0.61555195,1.0
0.0,0.6950493,1.0
1.0,0.9669379,1.0
1.0,0.89484,1.0
1.0,0.39744347,0.0
0.0,0.36485386,0.0
0.0,0.51380193,1.0
1.0,0.98041075,1.0
0.0,0.08893035,0.0
1.0,0.9981086,1.0
0.0,0.35646105,0.0
0.0,0.0092986645,0.0
1.0,0.93506014,1.0
0.0,0.19885166,0.0
1.0,0.20114854,0.0
1.0,0.90801984,1.0
0.0,0.1812731,0.0
1.0,0.8803767,1.0
0.0,0.08767403,0.0
0.0,0.23882096,0.0
1.0,0.30251977,0.0
1.0,0.8073009,1.0
0.0,0.3513302,0.0
1.0,0.7999657,1.0
1.0,0.75917214,1.0
1.0,0.89603883,1.0
0.0,0.48992273,0.0
1.0,0.9310267,1.0
0.0,0.13827738,0.0
0.0,0.3195548,0.0
1.0,0.9653846,1.0
1.0,0.630498,1.0
0.0,0.3487587,0.0
1.0,0.89587957,1.0
0.0,0.13108887,0.0
1.0,0.383282,0.0
0.0,0.84727156,1.0
0.0,0.15059258,0.0
1.0,0.839373,1.0
0.0,0.037260693,0.0
1.0,0.32301334,0.0
0.0,0.438459,0.0
0.0,0.27168655,0.0
1.0,0.9948832,1.0
1.0,0.58758336,1.0
0.0,0.15920341,0.0
1.0,0.26451355,0.0
0.0,0.01119739,0.0
1.0,0.9793035,1.0
0.0,0.46686906,0.0
1.0,0.9918607,1.0
1.0,0.8832735,1.0
0.0,0.10112999,0.0
0.0,0.18607862,0.0
1.0,0.98341894,1.0
1.0,0.5371926,1.0
0.0,0.2973329,0.0
0.0,0.44815183,0.0
1.0,0.68899554,1.0
1.0,0.39910844,0.0
0.0,0.33558425,0.0
0.0,0.4712232,0.0
0.0,0.102100536,0.0
1.0,0.69704556,1.0
0.0,0.9009649,1.0
1.0,0.99322283,1.0
1.0,0.93180853,1.0
0.0,0.06735226,0.0
1.0,0.85978687,1.0
0.0,0.17159459,0.0
0.0,0.5410361,1.0
0.0,0.21076597,0.0
1.0,0.9602311,1.0
1.0,0.6289187,1.0
1.0,0.42488778,0.0
0.0,0.17604993,0.0
0.0,0.23491308,0.0
0.0,0.523703,1.0
0.0,0.25436413,0.0
0.0,0.05620147,0.0
1.0,0.9695347,1.0
1.0,0.9766973,1.0
1.0,0.7947181,1.0
0.0,0.03508493,0.0
0.0,0.06158515,0.0
1.0,0.9951593,1.0
1.0,0.9953923,1.0
1.0,0.8539542,1.0
0.0,0.1637666,0.0
1.0,0.87176967,1.0
0.0,0.2313287,0.0
0.0,0.2488865,0.0
0.0,0.16027464,0.0
1.0,0.57969457,1.0
1.0,0.56601894,1.0
1.0,0.42040995,0.0
1.0,0.2442228,0.0
0.0,0.19951704,0.0
0.0,0.11410226,0.0
1.0,0.95426655,1.0
0.0,0.4061572,0.0
0.0,0.10909569,0.0
1.0,0.7951916,1.0
1.0,0.97217983,1.0
1.0,0.98873794,1.0
0.0,0.5508019,1.0
0.0,0.21236144,0.0
0.0,0.14574176,0.0
1.0,0.9879298,1.0
0.0,0.27845365,0.0
1.0,0.2760988,0.0
1.0,0.6196872,1.0
0.0,0.11737995,0.0
0.0,0.4144377,0.0
1.0,0.8796874,1.0
0.0,0.44262016,0.0
0.0,0.1263259,0.0
0.0,0.19055684,0.0
0.0,0.17728083,0.0
1.0,0.5431269,1.0
0.0,0.021290645,0.0
1.0,0.60130847,1.0
0.0,0.8701036,1.0
1.0,0.68033713,1.0
0.0,0.27294737,0.0
1.0,0.65165484,1.0
0.0,0.6877083,1.0
0.0,0.61338,1.0
1.0,0.5081511,1.0
0.0,0.9037965,1.0
0.0,0.11171836,0.0
0.0,0.1458106,0.0
0.0,0.015448098,0.0
1.0,0.9031582,1.0
1.0,0.5272515,1.0
1.0,0.29270956,0.0
1.0,0.5279125,1.0
1.0,0.46279564,0.0
1.0,0.84504354,1.0
0.0,0.49915844,0.0
1.0,0.5438063,1.0
1.0,0.42664227,0.0
1.0,0.70912474,1.0
0.0,0.14220525,0.0
1.0,0.87121946,1.0
0.0,0.82595503,1.0
0.0,0.2772405,0.0
0.0,0.1287939,0.0
0.0,0.1694748,0.0
0.0,0.3924475,0.0
1.0,0.9746549,1.0
1.0,0.9907664,1.0
1.0,0.99811494,1.0
0.0,0.24488705,0.0
1.0,0.7919657,1.0
0.0,0.1949151,0.0
1.0,0.8253097,1.0
1.0,0.042795554,0.0
1.0,0.68378574,1.0
0.0,0.3755711,0.0
0.0,0.038539745,0.0
0.0,0.15687662,0.0
1.0,0.9973036,1.0
1.0,0.82074267,1.0
0.0,0.046731554,0.0
1.0,0.9580129,1.0
0.0,0.40066168,0.0
1.0,0.40605244,0.0
0.0,0.5766553,1.0
0.0,0.038988333,0.0
0.0,0.38584924,0.0
1.0,0.97240746,1.0
0.0,0.11009089,0.0
0.0,0.22739477,0.0
0.0,0.36599463,0.0
0.0,0.06349186,0.0
0.0,0.015464092,0.0
1.0,0.56681,1.0
1.0,0.5093633,1.0
1.0,0.42466,0.0
1.0,0.78450596,1.0
1.0,0.65203846,1.0
0.0,0.7177939,1.0
0.0,0.22940819,0.0
1.0,0.67581666,1.0
0.0,0.49516767,0.0
0.0,0.40649098,0.0
0.0,0.31694677,0.0
0.0,0.46170178,0.0
1.0,0.713655,1.0
0.0,0.31674293,0.0
1.0,0.37842822,0.0
1.0,0.9435403,1.0
0.0,0.1374606,0.0
0.0,0.07432135,0.0
0.0,0.5098508,1.0
0.0,0.10502884,0.0
1.0,0.45234808,0.0
0.0,0.23437043,0.0
0.0,0.5213015,1.0
1.0,0.38688836,0.0
0.0,0.28600302,0.0
0.0,0.42507,0.0
1.0,0.5208202,1.0
1.0,0.99437225,1.0
0.0,0.61012167,1.0
1.0,0.4746478,0.0
1.0,0.9205263,1.0
1.0,0.8117517,1.0
0.0,0.25077385,0.0
0.0,0.14222011,0.0
1.0,0.23266628,0.0
0.0,0.93260825,1.0
0.0,0.46054927,0.0
1.0,0.4154387,0.0
1.0,0.45417732,0.0
1.0,0.90657175,1.0
0.0,0.26595286,0.0
0.0,0.30155918,0.0
1.0,0.4787982,0.0
1.0,0.9757658,1.0
1.0,0.9283084,1.0
0.0,0.26857504,0.0
0.0,0.88504046,1.0
1.0,0.8007005,1.0
0.0,0.22977437,0.0
1.0,0.976039,1.0
1.0,0.740692,1.0
1.0,0.6993528,1.0
1.0,0.37713644,0.0
1.0,0.3939702,0.0
0.0,0.26359338,0.0
0.0,0.52107006,1.0
1.0,0.8341459,1.0
0.0,0.13160604,0.0
0.0,0.69898957,1.0
1.0,0.8314893,1.0
1.0,0.95307696,1.0
1.0,0.9662861,1.0
1.0,0.4788486,0.0
1.0,0.35591078,0.0
1.0,0.9957957,1.0
1.0,0.97244203,1.0
1.0,0.98025846,1.0
1.0,0.6479886,1.0
0.0,0.10636344,0.0
0.0,0.19958226,0.0
1.0,0.6746282,1.0
0.0,0.3809348,0.0
1.0,0.6081795,1.0
0.0,0.3687933,0.0
0.0,0.2775582,0.0
0.0,0.19447948,0.0
1.0,0.98987985,1.0
1.0,0.16988394,0.0
0.0,0.19773887,0.0
1.0,0.99650574,1.0
0.0,0.120036006,0.0
1.0,0.8811748,1.0
0.0,0.039364956,0.0
0.0,0.43575156,0.0
1.0,0.46924162,0.0
0.0,0.7431664,1.0
1.0,0.9433809,1.0
1.0,0.9168994,1.0
1.0,0.9237382,1.0
0.0,0.15172508,0.0
0.0,0.09287887,0.0
1.0,0.82402724,1.0
1.0,0.39580315,0.0
1.0,0.2744808,0.0
1.0,0.8875746,1.0
1.0,0.43368304,0.0
0.0,0.16332164,0.0
0.0,0.0560867,0.0
1.0,0.94076705,1.0
0.0,0.40027547,0.0
0.0,0.88441646,1.0
0.0,0.1343722,0.0
0.0,0.23644228,0.0
1.0,0.6412751,1.0
1.0,0.41975105,0.0
1.0,0.9725098,1.0
0.0,0.6700001,1.0
1.0,0.936581,1.0
0.0,0.7441281,1.0
0.0,0.31491166,0.0
1.0,0.9624018,1.0
0.0,0.35319498,0.0
0.0,0.6330741,1.0
0.0,0.026279015,0.0
1.0,0.56593657,1.0
1.0,0.014106529,0.0
1.0,0.653488,1.0
1.0,0.7898599,1.0
1.0,0.92704433,1.0
1.0,0.99217236,1.0
0.0,0.4216316,0.0
0.0,0.16376117,0.0
1.0,0.41536745,0.0
0.0,0.3282061,0.0
0.0,0.075531915,0.0
0.0,0.57579076,1.0
1.0,0.5165015,1.0
0.0,0.17578238,0.0
0.0,0.69529694,1.0
0.0,0.3226266,0.0
1.0,0.44704843,0.0
0.0,0.13350467,0.0
0.0,0.4688761,0.0
1.0,0.9078247,1.0
0.0,0.3128607,0.0
0.0,0.2372608,0.0
0.0,0.15146369,0.0
1.0,0.3990622,0.0
0.0,0.1400862,0.0
1.0,0.7730491,1.0
0.0,0.80287653,1.0
1.0,0.7394301,1.0
1.0,0.13381891,0.0
1.0,0.94063276,1.0
0.0,0.19093934,0.0
1.0,0.98220485,1.0
1.0,0.9667155,1.0
0.0,0.14053316,0.0
0.0,0.113216855,0.0
1.0,0.55716175,1.0
0.0,0.52583355,1.0
1.0,0.99439996,1.0
1.0,0.8801389,1.0
0.0,0.22309293,0.0
1.0,0.40016368,0.0
1.0,0.435896,0.0
0.0,0.16970845,0.0
1.0,0.8600987,1.0
1.0,0.9615329,1.0
0.0,0.18711647,0.0
1.0,0.95508283,1.0
1.0,0.98442924,1.0
0.0,0.35580933,0.0
1.0,0.9373914,1.0
0.0,0.47167957,0.0
1.0,0.9901472,1.0
1.0,0.95797604,1.0
0.0,0.36164805,0.0
0.0,0.2261329,0.0
1.0,0.8122261,1.0
0.0,0.50390077,1.0
0.0,0.20670956,0.0
0.0,0.6560848,1.0
0.0,0.046723124,0.0
0.0,0.0937472,0.0
0.0,0.3105947,0.0
0.0,0.4747817,0.0
0.0,0.49185243,0.0
1.0,0.26774582,0.0
0.0,0.16340962,0.0
0.0,0.11723727,0.0
1.0,0.9933194,1.0
0.0,0.45382252,0.0
0.0,0.43494815,0.0
1.0,0.45348808,0.0
0.0,0.17473099,0.0
0.0,0.27707157,0.0
0.0,0.28522626,0.0
0.0,0.44016424,0.0
1.0,0.6192034,1.0
0.0,0.38917363,0.0
0.0,0.2681722,0.0
1.0,0.4174334,0.0
0.0,0.0890861,0.0
0.0,0.30791396,0.0
1.0,0.8278901,1.0
1.0,0.94351107,1.0
0.0,0.21629661,0.0
1.0,0.95303917,1.0
0.0,0.19592482,0.0
0.0,0.2007509,0.0
0.0,0.092351966,0.0
1.0,0.6497191,1.0
1.0,0.87841,1.0
0.0,0.097694464,0.0
1.0,0.72688746,1.0
0.0,0.24159841,0.0
0.0,0.2371637,0.0
1.0,0.6125822,1.0
1.0,0.66613656,1.0
1.0,0.637688,1.0
1.0,0.93384373,1.0
1.0,0.8324575,1.0
1.0,0.9482189,1.0
1.0,0.17448041,0.0
0.0,0.050496396,0.0
0.0,0.24103117,0.0
0.0,0.44744682,0.0
0.0,0.08376841,0.0
1.0,0.9912549,1.0
0.0,0.12619092,0.0
1.0,0.33276775,0.0
1.0,0.22133334,0.0
1.0,0.5341648,1.0
1.0,0.8695364,1.0
1.0,0.39989412,0.0
1.0,0.9984029,1.0
0.0,0.038257506,0.0
0.0,0.13506728,0.0
0.0,0.014627398,0.0
0.0,0.3568521,0.0
1.0,0.81619054,1.0
0.0,0.02109632,0.0
0.0,0.27055782,0.0
1.0,0.4760464,0.0
0.0,0.28468612,0.0
1.0,0.22674187,0.0
1.0,0.9909355,1.0
0.0,0.44041944,0.0
0.0,0.3544449,0.0
0.0,0.16903867,0.0
0.0,0.18426596,0.0
1.0,0.8181787,1.0
1.0,0.7301337,1.0
0.0,0.21227367,0.0
0.0,0.06552145,0.0
0.0,0.3627015,0.0
1.0,0.57810986,1.0
0.0,0.51018727,1.0
1.0,0.9156328,1.0
1.0,0.7030686,1.0
0.0,0.23178375,0.0
1.0,0.99211144,1.0
1.0,0.6270511,1.0
1.0,0.44125652,0.0
1.0,0.8082399,1.0
1.0,0.33289987,0.0
0.0,0.652431,1.0
0.0,0.13564745,0.0
0.0,0.34918573,0.0
0.0,0.11778127,0.0
1.0,0.9227665,1.0
1.0,0.9542991,1.0
1.0,0.881504,1.0
0.0,0.12150152,0.0
1.0,0.92623484,1.0
1.0,0.9716664,1.0
0.0,0.43437216,0.0
1.0,0.37594673,0.0
0.0,0.12094808,0.0
0.0,0.384604,0.0
1.0,0.63667595,1.0
1.0,0.19634205,0.0
0.0,0.124861576,0.0
1.0,0.67954034,1.0
1.0,0.9449989,1.0
0.0,0.23699851,0.0
0.0,0.7266289,1.0
0.0,0.39228976,0.0
1.0,0.24319887,0.0
0.0,0.07951852,0.0
1.0,0.15915674,0.0
0.0,0.08427637,0.0
0.0,0.272899,0.0
0.0,0.38987854,0.0
1.0,0.78854024,1.0
1.0,0.23351201,0.0
0.0,0.18123858,0.0
1.0,0.9309313,1.0
0.0,0.02804664,0.0
0.0,0.012252979,0.0
0.0,0.07093329,0.0
1.0,0.6839444,1.0
0.0,0.053926434,0.0
0.0,0.32484308,0.0
0.0,0.12906972,0.0
1.0,0.57560307,1.0
1.0,0.5755635,1.0
0.0,0.30720764,0.0
1.0,0.62494665,1.0
0.0,0.5686186,1.0
0.0,0.7963568,1.0
1.0,0.9698617,1.0
0.0,0.35628518,0.0
1.0,0.7733682,1.0
0.0,0.4682595,0.0
1.0,0.96710366,1.0
1.0,0.8340383,1.0
0.0,0.06585604,0.0
1.0,0.9626029,1.0
1.0,0.32372195,0.0
0.0,0.29807112,0.0
1.0,0.7052709,1.0
0.0,0.28431317,0.0
0.0,0.108679704,0.0
1.0,0.6125459,1.0
1.0,0.990599,1.0
1.0,0.965775,1.0
0.0,0.21914007,0.0
1.0,0.8453893,1.0
1.0,0.916464,1.0
0.0,0.21035177,0.0
0.0,0.30171603,0.0
1.0,0.7830057,1.0
1.0,0.49765942,0.0
0.0,0.040329684,0.0
1.0,0.5724341,1.0
1.0,0.83801615,1.0
1.0,0.8467208,1.0
1.0,0.40687925,0.0
1.0,0.24341376,0.0
0.0,0.22083277,0.0
0.0,0.09194836,0.0
0.0,0.2243772,0.0
0.0,0.010216714,0.0
1.0,0.46312127,0.0
0.0,0.42440063,0.0
1.0,0.71995974,1.0
1.0,0.98274696,1.0
0.0,0.3250831,0.0
0.0,0.054506693,0.0
0.0,0.06724008,0.0
0.0,0.76023704,1.0
1.0,0.54350543,1.0
0.0,0.057635467,0.0
1.0,0.9887084,1.0
0.0,0.7124161,1.0
1.0,0.25992265,0.0
0.0,0.23001784,0.0
1.0,0.97196937,1.0
0.0,0.016438544,0.0
1.0,0.3089253,0.0
1.0,0.9919367,1.0
1.0,0.51955694,1.0
0.0,0.3536103,0.0
1.0,0.6671483,1.0
0.0,0.51301956,1.0
1.0,0.9862032,1.0
0.0,0.10315658,0.0
0.0,0.78664356,1.0
1.0,0.40962565,0.0
0.0,0.08136531,0.0
1.0,0.12118192,0.0
0.0,0.20492765,0.0
1.0,0.27518865,0.0
1.0,0.22984707,0.0
1.0,0.61823785,1.0
1.0,0.35800368,0.0
0.0,0.6636743,1.0
0.0,0.25875348,0.0
1.0,0.5497921,1.0
0.0,0.16229767,0.0
0.0,0.1404458,0.0
1.0,0.534566,1.0
1.0,0.78969955,1.0
0.0,0.026518587,0.0
1.0,0.44933286,0.0
0.0,0.116123416,0.0
1.0,0.8464638,1.0
1.0,0.91019577,1.0
1.0,0.9751603,1.0
1.0,0.64567536,1.0
0.0,0.17014399,0.0
0.0,0.17706653,0.0
0.0,0.4347794,0.0
0.0,0.21857254,0.0
0.0,0.47011194,0.0
0.0,0.15818043,0.0
0.0,0.1181023,0.0
0.0,0.5257473,1.0
1.0,0.9931919,1.0
0.0,0.027458368,0.0
0.0,0.31608593,0.0
1.0,0.99415356,1.0
1.0,0.6879652,1.0
1.0,0.7410206,1.0
0.0,0.6007386,1.0
0.0,0.15741038,0.0
1.0,0.19394764,0.0
0.0,0.24244078,0.0
0.0,0.30425876,0.0
1.0,0.86388886,1.0
0.0,0.12792425,0.0
0.0,0.14719282,0.0
1.0,0.63391656,1.0
0.0,0.38986912,0.0
1.0,0.6010494,1.0
1.0,0.4318086,0.0
1.0,0.7493634,1.0
0.0,0.50119585,1.0
0.0,0.15720174,0.0
1.0,0.95259655,1.0
0.0,0.20820643,0.0
0.0,0.09124835,0.0
0.0,0.011607446,0.0
0.0,0.019500434,0.0
1.0,0.84263176,1.0
0.0,0.15721072,0.0
1.0,0.99522483,1.0
1.0,0.8385969,1.0
0.0,0.07541706,0.0
1.0,0.7922305,1.0
0.0,0.44875693,0.0
0.0,0.44172245,0.0
0.0,0.103394955,0.0
0.0,0.2838308,0.0
1.0,0.65738946,1.0
1.0,0.98341227,1.0
0.0,0.15743089,0.0
1.0,0.96462315,1.0
1.0,0.8977339,1.0
0.0,0.3879718,0.0
0.0,0.46090767,0.0
0.0,0.40691042,0.0
1.0,0.35391918,0.0
0.0,0.6836492,1.0
0.0,0.5538229,1.0
1.0,0.36927453,0.0
1.0,0.8806231,1.0
1.0,0.74426913,1.0
1.0,0.6586909,1.0
0.0,0.5126055,1.0
0.0,0.06850806,0.0
0.0,0.09294675,0.0
0.0,0.4120454,0.0
1.0,0.45000008,0.0
1.0,0.8013963,1.0
0.0,0.26038852,0.0
1.0,0.39078867,0.0
0.0,0.5491144,1.0
0.0,0.16642122,0.0
0.0,0.42435032,0.0
1.0,0.670286,1.0
0.0,0.650237,1.0
0.0,0.3874492,0.0
1.0,0.4771283,0.0
0.0,0.53292876,1.0
0.0,0.4823814,0.0
1.0,0.8757396,1.0
0.0,0.03974923,0.0
0.0,0.6436357,1.0
1.0,0.96144617,1.0
1.0,0.9889437,1.0
1.0,0.8726723,1.0
1.0,0.99105644,1.0
1.0,0.30822608,0.0
0.0,0.7556865,1.0
0.0,0.31091133,0.0
0.0,0.28820553,0.0
0.0,0.31167465,0.0
1.0,0.2754295,0.0
1.0,0.9438849,1.0
1.0,0.991433,1.0
0.0,0.11226076,0.0
1.0,0.92886865,1.0
0.0,0.33016762,0.0
0.0,0.16141723,0.0
1.0,0.36476794,0.0
0.0,0.50276035,1.0
1.0,0.18267733,0.0
1.0,0.82508236,1.0
1.0,0.83245903,1.0
1.0,0.75548047,1.0
1.0,0.8576858,1.0
1.0,0.7332592,1.0
1.0,0.3443128,0.0
1.0,0.9770278,1.0
0.0,0.32686853,0.0
1.0,0.7219965,1.0
0.0,0.5528521,1.0
0.0,0.20982759,0.0
1.0,0.89617914,1.0
1.0,0.2918178,0.0
0.0,0.21685359,0.0
1.0,0.935954,1.0
0.0,0.43454126,0.0
0.0,0.037541874,0.0
0.0,0.17542154,0.0
1.0,0.86511683,1.0
0.0,0.1588114,0.0
0.0,0.5207605,1.0
0.0,0.41209182,0.0
0.0,0.23310189,0.0
1.0,0.99780375,1.0
0.0,0.096571445,0.0
1.0,0.120999336,0.0
0.0,0.23568389,0.0
0.0,0.041251406,0.0
0.0,0.4837572,0.0
1.0,0.69710964,1.0
1.0,0.9734002,1.0
1.0,0.5856877,1.0
0.0,0.21342947,0.0
0.0,0.42551726,0.0
0.0,0.008668725,0.0
0.0,0.5532165,1.0
0.0,0.1313331,0.0
1.0,0.87846553,1.0
0.0,0.093357086,0.0
1.0,0.13427538,0.0
1.0,0.5572329,1.0
1.0,0.20776545,0.0
1.0,0.28751707,0.0
1.0,0.79230195,1.0
1.0,0.3565119,0.0
1.0,0.94739,1.0
0.0,0.07086282,0.0
1.0,0.24519318,0.0
0.0,0.6176527,1.0
0.0,0.14437109,0.0
0.0,0.16167735,0.0
1.0,0.63747734,1.0
1.0,0.42553616,0.0
0.0,0.010717766,0.0
0.0,0.242008,0.0
0.0,0.25090247,0.0
0.0,0.1306005,0.0
0.0,0.36718175,0.0
0.0,0.27648035,0.0
1.0,0.48069993,0.0
0.0,0.20576978,0.0
1.0,0.6033106,1.0
0.0,0.4486211,0.0
0.0,0.4359976,0.0
1.0,0.86570585,1.0
1.0,0.8234188,1.0
0.0,0.40217224,0.0
0.0,0.024476297,0.0
1.0,0.42900392,0.0
1.0,0.36129686,0.0
1.0,0.19783594,0.0
1.0,0.9539222,1.0
1.0,0.55706066,1.0
0.0,0.5116187,1.0
0.0,0.118311085,0.0
1.0,0.6537802,1.0
0.0,0.10025161,0.0
1.0,0.3270576,0.0
0.0,0.18469663,0.0
1.0,0.38313052,0.0
0.0,0.27475658,0.0
1.0,0.9449992,1.0
0.0,0.05561775,0.0
1.0,0.36011177,0.0
1.0,0.543798,1.0
1.0,0.22268184,0.0
0.0,0.15575121,0.0
0.0,0.20629118,0.0
0.0,0.112302914,0.0
1.0,0.8934197,1.0
0.0,0.214282,0.0
0.0,0.14069505,0.0
1.0,0.47642732,0.0
0.0,0.5902401,1.0
0.0,0.34700388,0.0
1.0,0.2289684,0.0
0.0,0.12454743,0.0
0.0,0.20294246,0.0
0.0,0.46068406,0.0
1.0,0.6299471,1.0
1.0,0.9951344,1.0
0.0,0.7809084,1.0
1.0,0.7921178,1.0
1.0,0.097492665,0.0
1.0,0.63550425,1.0
0.0,0.19801493,0.0
0.0,0.46716717,0.0
1.0,0.46595758,0.0
1.0,0.91560155,1.0
1.0,0.4249828,0.0
0.0,0.6534615,1.0
0.0,0.008790079,0.0
1.0,0.9123086,1.0
0.0,0.31546107,0.0
1.0,0.47398108,0.0
0.0,0.27705303,0.0
0.0,0.2887151,0.0
0.0,0.123691894,0.0
1.0,0.77989024,1.0
0.0,0.56652576,1.0
0.0,0.1403342,0.0
1.0,0.640662,1.0
1.0,0.5969806,1.0
1.0,0.65910333,1.0
0.0,0.4020161,0.0
0.0,0.3504603,0.0
0.0,0.28827268,0.0
0.0,0.55938506,1.0
0.0,0.19736545,0.0
1.0,0.61945015,1.0
1.0,0.7480155,1.0
1.0,0.29017517,0.0
1.0,0.6044941,1.0
1.0,0.9828644,1.0
0.0,0.34150615,0.0
0.0,0.6015671,1.0
0.0,0.5679783,1.0
0.0,0.52000433,1.0
1.0,0.86255664,1.0
0.0,0.04348936,0.0
0.0,0.7255409,1.0
1.0,0.98993343,1.0
0.0,0.12771401,0.0
1.0,0.9900503,1.0
1.0,0.41378444,0.0
0.0,0.11498931,0.0
0.0,0.13186792,0.0
0.0,0.1521695,0.0
0.0,0.35992366,0.0
0.0,0.6103894,1.0
0.0,0.32395425,0.0
1.0,0.606522,1.0
0.0,0.26607877,0.0
1.0,0.50858593,1.0
0.0,0.57307446,1.0
0.0,0.3051859,0.0
1.0,0.75881624,1.0
1.0,0.8434049,1.0
0.0,0.06445801,0.0
0.0,0.1869307,0.0
1.0,0.24920473,0.0
1.0,0.040241577,0.0
0.0,0.25646234,0.0
1.0,0.45715502,0.0
1.0,0.9953986,1.0
0.0,0.14201346,0.0
0.0,0.17638241,0.0
1.0,0.9720186,1.0
0.0,0.17156692,0.0
0.0,0.17612462,0.0
0.0,0.38126752,0.0
0.0,0.13564833,0.0
0.0,0.10002751,0.0
0.0,0.2745375,0.0
0.0,0.32040396,0.0
0.0,0.03732066,0.0
0.0,0.095833786,0.0
1.0,0.9928819,1.0
0.0,0.13192168,0.0
0.0,0.1190286,0.0
1.0,0.9093925,1.0
0.0,0.24675134,0.0
1.0,0.7678016,1.0
0.0,0.46401736,0.0
0.0,0.20979668,0.0
0.0,0.054588556,0.0
1.0,0.4920993,0.0
1.0,0.63440067,1.0
1.0,0.47148222,0.0
1.0,0.77450573,1.0
1.0,0.8511599,1.0
0.0,0.08331175,0.0
1.0,0.9913059,1.0
0.0,0.14145602,0.0
1.0,0.44648364,0.0
0.0,0.51728034,1.0
0.0,0.33222765,0.0
0.0,0.2727634,0.0
1.0,0.15263763,0.0
1.0,0.95018935,1.0
1.0,0.92894197,1.0
0.0,0.8319125,1.0
0.0,0.14181466,0.0
0.0,0.27518412,0.0
0.0,0.1415601,0.0
1.0,0.23118375,0.0
0.0,0.15330313,0.0
1.0,0.18515523,0.0
0.0,0.010731269,0.0
1.0,0.40290403,0.0
1.0,0.69390726,1.0
0.0,0.33288047,0.0
1.0,0.42432764,0.0
0.0,0.76288,1.0
1.0,0.55000234,1.0
0.0,0.18010016,0.0
0.0,0.26619947,0.0
1.0,0.29733032,0.0
1.0,0.6540298,1.0
0.0,0.1214811,0.0
1.0,0.5448399,1.0
0.0,0.05018945,0.0
1.0,0.843164,1.0
0.0,0.42532033,0.0
1.0,0.89972794,1.0
1.0,0.43094268,0.0
1.0,0.873099,1.0
1.0,0.9831949,1.0
0.0,0.24494672,0.0
1.0,0.90917856,1.0
0.0,0.4590709,0.0
0.0,0.1273473,0.0
0.0,0.1848425,0.0
1.0,0.37611127,0.0
0.0,0.5421321,1.0
0.0,0.9386792,1.0
0.0,0.40937048,0.0
0.0,0.048194442,0.0
1.0,0.30192742,0.0
1.0,0.7497436,1.0
1.0,0.51564443,1.0
0.0,0.3223166,0.0
0.0,0.16130929,0.0
1.0,0.9702846,1.0
1.0,0.8363522,1.0
1.0,0.44892985,0.0
1.0,0.99622285,1.0
1.0,0.9301292,1.0
1.0,0.64234394,1.0
0.0,0.46698648,0.0
1.0,0.5152708,1.0
1.0,0.99604803,1.0
0.0,0.03774971,0.0
1.0,0.43948895,0.0
0.0,0.21289155,0.0
0.0,0.12126803,0.0
0.0,0.42132342,0.0
1.0,0.68179744,1.0
1.0,0.49890593,0.0
0.0,0.15104105,0.0
1.0,0.35356832,0.0
0.0,0.18591781,0.0
1.0,0.6142776,1.0
1.0,0.6829619,1.0
0.0,0.11318779,0.0
1.0,0.9648847,1.0
0.0,0.8042843,1.0
0.0,0.7174964,1.0
1.0,0.79136884,1.0
0.0,0.09913391,0.0
0.0,0.54065055,1.0
1.0,0.713693,1.0
0.0,0.017955502,0.0
1.0,0.57826066,1.0
1.0,0.93836117,1.0
0.0,0.27761182,0.0
1.0,0.9396958,1.0
0.0,0.01812358,0.0
1.0,0.75973237,1.0
0.0,0.09551595,0.0
0.0,0.29383594,0.0
1.0,0.97247803,1.0
1.0,0.7283139,1.0
0.0,0.12973687,0.0
1.0,0.34595433,0.0
1.0,0.77002925,1.0
0.0,0.42284957,0.0
1.0,0.50312513,1.0
0.0,0.2907063,0.0
0.0,0.27236757,0.0
0.0,0.027234526,0.0
1.0,0.7582769,1.0
1.0,0.75943446,1.0
0.0,0.37003976,0.0
0.0,0.13656822,0.0
1.0,0.9734851,1.0
0.0,0.6727518,1.0
0.0,0.25669834,0.0
1.0,0.9008998,1.0
0.0,0.13070206,0.0
0.0,0.06023387,0.0
0.0,0.21498954,0.0
0.0,0.2504152,0.0
0.0,0.37125462,0.0
1.0,0.9902762,1.0
0.0,0.49540994,0.0
1.0,0.7867859,1.0
1.0,0.9742779,1.0
0.0,0.17792183,0.0
1.0,0.99763167,1.0
0.0,0.37979886,0.0
0.0,0.25583372,0.0
0.0,0.048521742,0.0
1.0,0.2948062,0.0
0.0,0.06834853,0.0
1.0,0.3640048,0.0
0.0,0.21901895,0.0
1.0,0.84006447,1.0
1.0,0.98969346,1.0
1.0,0.2035128,0.0
1.0,0.5124082,1.0
0.0,0.14046794,0.0
1.0,0.8258803,1.0
1.0,0.8736185,1.0
0.0,0.11873528,0.0
1.0,0.24112119,0.0
1.0,0.6510307,1.0
1.0,0.14037125,0.0
0.0,0.7916104,1.0
0.0,0.23274373,0.0
1.0,0.7403359,1.0
0.0,0.93348074,1.0
1.0,0.9663448,1.0
1.0,0.5534585,1.0
0.0,0.4435102,0.0
1.0,0.9829926,1.0
1.0,0.70275545,1.0
1.0,0.9576091,1.0
1.0,0.6584693,1.0
0.0,0.17522359,0.0
1.0,0.9736366,1.0
0.0,0.031346366,0.0
1.0,0.69609773,1.0
0.0,0.24996889,0.0
1.0,0.91346246,1.0
1.0,0.8859553,1.0
0.0,0.4368405,0.0
0.0,0.15894583,0.0
0.0,0.06989537,0.0
1.0,0.5907427,1.0
0.0,0.13158643,0.0
1.0,0.3890674,0.0
1.0,0.3895219,0.0
1.0,0.98526436,1.0
1.0,0.7312806,1.0
0.0,0.1292487,0.0
1.0,0.5902586,1.0
1.0,0.995021,1.0
0.0,0.4384953,0.0
0.0,0.09706114,0.0
0.0,0.57749546,1.0
0.0,0.14977612,0.0
0.0,0.5582399,1.0
1.0,0.8766572,1.0
0.0,0.1872624,0.0
1.0,0.9561101,1.0
0.0,0.029795615,0.0
1.0,0.81882536,1.0
0.0,0.32622325,0.0
0.0,0.39319995,0.0
0.0,0.4542099,0.0
1.0,0.9914055,1.0
0.0,0.17337014,0.0
1.0,0.86077017,1.0
1.0,0.94459957,1.0
0.0,0.0953163,0.0
1.0,0.35635266,0.0
0.0,0.18146326,0.0
1.0,0.92052174,1.0
1.0,0.9922586,1.0
1.0,0.9571178,1.0
0.0,0.12532094,0.0
0.0,0.014857262,0.0
0.0,0.6512812,1.0
1.0,0.90192366,1.0
0.0,0.22475983,0.0
0.0,0.22259007,0.0
1.0,0.590832,1.0
1.0,0.45527464,0.0
1.0,0.53967774,1.0
0.0,0.67964345,1.0
0.0,0.47891533,0.0
1.0,0.7681359,1.0
0.0,0.097012214,0.0
1.0,0.90397143,1.0
1.0,0.712287,1.0
0.0,0.23228946,0.0
1.0,0.90642124,1.0
0.0,0.22625488,0.0
0.0,0.21514162,0.0
1.0,0.6584526,1.0
1.0,0.975348,1.0
1.0,0.55257666,1.0
1.0,0.38166544,0.0
1.0,0.63446987,1.0
1.0,0.481295,0.0
0.0,0.06164413,0.0
1.0,0.29293784,0.0
0.0,0.093297556,0.0
0.0,0.36842057,0.0
1.0,0.73627836,1.0
0.0,0.3623733,0.0
0.0,0.31115904,0.0
1.0,0.99100995,1.0
0.0,0.2851495,0.0
1.0,0.7744676,1.0
0.0,0.09904092,0.0
1.0,0.7703352,1.0
1.0,0.7128145,1.0
1.0,0.79232156,1.0
0.0,0.022954399,0.0
0.0,0.29464772,0.0
1.0,0.99420196,1.0
0.0,0.15756576,0.0
0.0,0.18233909,0.0
1.0,0.4054692,0.0
1.0,0.9505968,1.0
0.0,0.80629706,1.0
0.0,0.25424188,0.0
1.0,0.8505426,1.0
1.0,0.98282164,1.0
0.0,0.2680652,0.0
1.0,0.7924324,1.0
0.0,0.09331545,0.0
0.0,0.08236922,0.0
1.0,0.74995893,1.0
0.0,0.07248728,0.0
1.0,0.99273455,1.0
1.0,0.5891042,1.0
0.0,0.1990089,0.0
0.0,0.28832784,0.0
1.0,0.9020583,1.0
1.0,0.9883703,1.0
1.0,0.4118464,0.0
1.0,0.52214974,1.0
1.0,0.978246,1.0
0.0,0.13835332,0.0
1.0,0.24240474,0.0
1.0,0.9321092,1.0
1.0,0.7460364,1.0
0.0,0.5044365,1.0
0.0,0.35707635,0.0
0.0,0.34676883,0.0
0.0,0.76938707,1.0
1.0,0.7810017,1.0
0.0,0.2520424,0.0
0.0,0.4205273,0.0
0.0,0.11811123,0.0
1.0,0.7793639,1.0
1.0,0.5885854,1.0
0.0,0.32072607,0.0
1.0,0.8322538,1.0
1.0,0.97100055,1.0
0.0,0.5301597,1.0
1.0,0.36058405,0.0
0.0,0.20405383,0.0
1.0,0.41030097,0.0
0.0,0.03674216,0.0
1.0,0.8337809,1.0
1.0,0.10656642,0.0
0.0,0.2878462,0.0
1.0,0.6489052,1.0
0.0,0.7511278,1.0
0.0,0.10395807,0.0
0.0,0.2826499,0.0
1.0,0.91085744,1.0
1.0,0.3235771,0.0
1.0,0.274004,0.0
0.0,0.5371533,1.0
0.0,0.27543208,0.0
0.0,0.12512115,0.0
1.0,0.9846903,1.0
1.0,0.20725197,0.0
1.0,0.18418258,0.0
1.0,0.6465886,1.0
0.0,0.3389794,0.0
1.0,0.9336797,1.0
1.0,0.96173537,1.0
1.0,0.8907471,1.0
0.0,0.1872457,0.0
0.0,0.24326561,0.0
0.0,0.36483636,0.0
0.0,0.018931214,0.0
0.0,0.552688,1.0
1.0,0.61272293,1.0
1.0,0.3840413,0.0
0.0,0.0078042983,0.0
0.0,0.13507144,0.0
0.0,0.21176323,0.0
1.0,0.38215074,0.0
0.0,0.34243387,0.0
0.0,0.14210813,0.0
1.0,0.609426,1.0
0.0,0.29035276,0.0
0.0,0.19297211,0.0
0.0,0.299953,0.0
1.0,0.80694246,1.0
1.0,0.9015338,1.0
1.0,0.3315324,0.0
1.0,0.99541855,1.0
1.0,0.9827048,1.0
0.0,0.14157313,0.0
1.0,0.47575676,0.0
0.0,0.25722834,0.0
0.0,0.032800004,0.0
0.0,0.12572923,0.0
0.0,0.32030255,0.0
1.0,0.1650519,0.0
0.0,0.05716499,0.0
0.0,0.17303528,0.0
1.0,0.87907404,1.0
1.0,0.31496295,0.0
1.0,0.77020824,1.0
0.0,0.083851896,0.0
1.0,0.6362793,1.0
1.0,0.54335636,1.0
1.0,0.8561895,1.0
1.0,0.97189313,1.0
0.0,0.2791791,0.0
0.0,0.1792001,0.0
0.0,0.48037848,0.0
0.0,0.13554701,0.0
0.0,0.5232535,1.0
1.0,0.8512141,1.0
1.0,0.92897564,1.0
1.0,0.9369948,1.0
1.0,0.6704669,1.0
0.0,0.30264455,0.0
1.0,0.85741615,1.0
1.0,0.79502,1.0
0.0,0.21229297,0.0
1.0,0.8977416,1.0
1.0,0.69001186,1.0
1.0,0.6628783,1.0
1.0,0.9424858,1.0
1.0,0.9943552,1.0
1.0,0.94347906,1.0
1.0,0.6668104,1.0
1.0,0.074121684,0.0
1.0,0.8963376,1.0
0.0,0.06336176,0.0
1.0,0.20055895,0.0
1.0,0.99036914,1.0
0.0,0.36226857,0.0
0.0,0.12067942,0.0
0.0,0.15872104,0.0
1.0,0.7559634,1.0
1.0,0.98702776,1.0
0.0,0.13130689,0.0
0.0,0.21188197,0.0
1.0,0.4347771,0.0
0.0,0.085958414,0.0
1.0,0.920281,1.0
1.0,0.21194413,0.0
1.0,0.8757625,1.0
1.0,0.9876528,1.0
1.0,0.48268634,0.0
1.0,0.51348126,1.0
0.0,0.38157725,0.0
0.0,0.1830913,0.0
0.0,0.06689102,0.0
0.0,0.27505174,0.0
0.0,0.74228233,1.0
0.0,0.39823887,0.0
0.0,0.25444376,0.0
1.0,0.15713714,0.0
0.0,0.45619705,0.0
1.0,0.98233676,1.0
0.0,0.37272564,0.0
0.0,0.057555676,0.0
1.0,0.35567227,0.0
1.0,0.71038616,1.0
1.0,0.89940804,1.0
1.0,0.90565395,1.0
0.0,0.059621792,0.0
0.0,0.13354449,0.0
0.0,0.27166054,0.0
1.0,0.74163187,1.0
0.0,0.26481515,0.0
0.0,0.62662894,1.0
1.0,0.9237779,1.0
1.0,0.76394665,1.0
1.0,0.24474773,0.0
1.0,0.3288868,0.0
0.0,0.47737396,0.0
1.0,0.88418186,1.0
1.0,0.7578703,1.0
1.0,0.32862383,0.0
1.0,0.81216013,1.0
0.0,0.5302184,1.0
1.0,0.59446883,1.0
1.0,0.7652232,1.0
1.0,0.98566806,1.0
0.0,0.018736659,0.0
0.0,0.27138236,0.0
1.0,0.2412495,0.0
0.0,0.011962478,0.0
1.0,0.9775418,1.0
1.0,0.98433137,1.0
1.0,0.78760576,1.0
1.0,0.84221154,1.0
1.0,0.41144127,0.0
0.0,0.40127558,0.0
0.0,0.2334713,0.0
1.0,0.7103986,1.0
0.0,0.06964164,0.0
0.0,0.33173352,0.0
1.0,0.9810331,1.0
1.0,0.40071094,0.0
0.0,0.3981302,0.0
0.0,0.13506056,0.0
0.0,0.04982799,0.0
1.0,0.4888726,0.0
1.0,0.8809718,1.0
0.0,0.01761711,0.0
1.0,0.7263468,1.0
1.0,0.24804705,0.0
1.0,0.10647049,0.0
1.0,0.8807762,1.0
1.0,0.96756953,1.0
1.0,0.45563835,0.0
0.0,0.21232183,0.0
0.0,0.5596138,1.0
0.0,0.016571319,0.0
0.0,0.117569365,0.0
1.0,0.97447056,1.0
1.0,0.4591685,0.0
0.0,0.28695366,0.0
0.0,0.6625926,1.0
0.0,0.7152557,1.0
0.0,0.008790447,0.0
0.0,0.2340468,0.0
0.0,0.35356364,0.0
1.0,0.72599375,1.0
0.0,0.36546892,0.0
1.0,0.75840676,1.0
1.0,0.7546025,1.0
0.0,0.33466,0.0
1.0,0.47664207,0.0
1.0,0.76049364,1.0
1.0,0.80209625,1.0
0.0,0.4592607,0.0
1.0,0.7315707,1.0
0.0,0.30275536,0.0
1.0,0.77088404,1.0
0.0,0.16584621,0.0
1.0,0.8019584,1.0
1.0,0.9923124,1.0
1.0,0.33918938,0.0
0.0,0.32636997,0.0
1.0,0.5776833,1.0
0.0,0.3760395,0.0
0.0,0.33288497,0.0
1.0,0.98671013,1.0
0.0,0.21356098,0.0
1.0,0.70018,1.0
1.0,0.92668384,1.0
0.0,0.32059157,0.0
0.0,0.47933933,0.0
1.0,0.17755654,0.0
0.0,0.87506014,1.0
1.0,0.2859615,0.0
1.0,0.9924545,1.0
1.0,0.812739,1.0
1.0,0.9557809,1.0
1.0,0.8437899,1.0
1.0,0.46207288,0.0
0.0,0.41453367,0.0
1.0,0.84640735,1.0
1.0,0.97918653,1.0
1.0,0.8616186,1.0
1.0,0.41215512,0.0
1.0,0.18078859,0.0
1.0,0.112906404,0.0
0.0,0.36636755,0.0
0.0,0.23457251,0.0
1.0,0.5058301,1.0
0.0,0.17159249,0.0
0.0,0.31867614,0.0
1.0,0.42141646,0.0
0.0,0.11424099,0.0
0.0,0.5235066,1.0
1.0,0.19918106,0.0
1.0,0.94506055,1.0
0.0,0.013553017,0.0
0.0,0.13455781,0.0
0.0,0.17745343,0.0
1.0,0.61580396,1.0
0.0,0.9308378,1.0
1.0,0.96737546,1.0
0.0,0.13464577,0.0
0.0,0.1051305,0.0
0.0,0.013070102,0.0
1.0,0.6294811,1.0
0.0,0.2365578,0.0
0.0,0.09015669,0.0
0.0,0.44569826,0.0
0.0,0.024717389,0.0
0.0,0.12507652,0.0
1.0,0.73169786,1.0
0.0,0.6852091,1.0
1.0,0.71223813,1.0
0.0,0.47244635,0.0
1.0,0.9531689,1.0
0.0,0.05316919,0.0
0.0,0.42655602,0.0
1.0,0.60043097,1.0
1.0,0.95700836,1.0
1.0,0.6426339,1.0
0.0,0.4514309,0.0
1.0,0.9492001,1.0
0.0,0.079837814,0.0
0.0,0.4530497,0.0
0.0,0.35931537,0.0
1.0,0.5389282,1.0
1.0,0.7089205,1.0
1.0,0.7729588,1.0
0.0,0.15069026,0.0
0.0,0.21703029,0.0
0.0,0.36953303,0.0
0.0,0.46072146,0.0
0.0,0.019278768,0.0
1.0,0.29485282,0.0
0.0,0.25429612,0.0
0.0,0.23228092,0.0
1.0,0.9715647,1.0
0.0,0.23802245,0.0
0.0,0.47494712,0.0
0.0,0.4070853,0.0
1.0,0.14920814,0.0
1.0,0.39649874,0.0
0.0,0.45312455,0.0
1.0,0.9961248,1.0
0.0,0.2129734,0.0
0.0,0.21886854,0.0
1.0,0.9226524,1.0
0.0,0.15663652,0.0
1.0,0.65244865,1.0
1.0,0.90025115,1.0
0.0,0.2408969,0.0
1.0,0.9876231,1.0
0.0,0.5113399,1.0
0.0,0.42730686,0.0
1.0,0.5902215,1.0
0.0,0.8023835,1.0
0.0,0.19945435,0.0
1.0,0.62673837,1.0
0.0,0.62226826,1.0
1.0,0.26454964,0.0
0.0,0.14464813,0.0
0.0,0.031664044,0.0
0.0,0.09027136,0.0
0.0,0.43909708,0.0
1.0,0.9403328,1.0
0.0,0.16384456,0.0
1.0,0.46037525,0.0
0.0,0.08072618,0.0
0.0,0.030104123,0.0
1.0,0.8070429,1.0
1.0,0.23973769,0.0
0.0,0.6149524,1.0
0.0,0.2237576,0.0
0.0,0.08166449,0.0
1.0,0.60995656,1.0
1.0,0.94278735,1.0
0.0,0.17301422,0.0
1.0,0.94125134,1.0
1.0,0.988715,1.0
0.0,0.15580428,0.0
0.0,0.7519268,1.0
0.0,0.122870274,0.0
1.0,0.13197745,0.0
1.0,0.38506922,0.0
0.0,0.28270307,0.0
0.0,0.17930979,0.0
1.0,0.92913693,1.0
1.0,0.7472937,1.0
1.0,0.9761638,1.0
0.0,0.14904715,0.0
1.0,0.9949384,1.0
0.0,0.40304887,0.0
0.0,0.45028916,0.0
0.0,0.38573545,0.0
0.0,0.25585285,0.0
1.0,0.64219123,1.0
0.0,0.16091242,0.0
0.0,0.23571996,0.0
0.0,0.16959395,0.0
1.0,0.97074896,1.0
0.0,0.1877261,0.0
0.0,0.27843735,0.0
0.0,0.50588816,1.0
0.0,0.052352533,0.0
1.0,0.3579271,0.0
0.0,0.11568911,0.0
0.0,0.29186457,0.0
1.0,0.1154347,0.0
1.0,0.2735015,0.0
0.0,0.46831524,0.0
0.0,0.1630541,0.0
1.0,0.21768124,0.0
1.0,0.89479756,1.0
0.0,0.33293182,0.0
0.0,0.057577457,0.0
1.0,0.19150627,0.0
0.0,0.16559635,0.0
1.0,0.9711511,1.0
1.0,0.32113266,0.0
0.0,0.75425875,1.0
1.0,0.5843279,1.0
0.0,0.2591386,0.0
1.0,0.39067072,0.0
0.0,0.7446015,1.0
1.0,0.64755607,1.0
1.0,0.2541746,0.0
0.0,0.041548226,0.0
0.0,0.17839497,0.0
0.0,0.17601125,0.0
1.0,0.21738876,0.0
1.0,0.988981,1.0
0.0,0.20389473,0.0
0.0,0.20704994,0.0
0.0,0.4680845,0.0
1.0,0.68154806,1.0
0.0,0.3069929,0.0
0.0,0.38079992,0.0
0.0,0.34923458,0.0
1.0,0.97761106,1.0
1.0,0.22875221,0.0
0.0,0.11406529,0.0
1.0,0.3512182,0.0
1.0,0.3897209,0.0
0.0,0.599679,1.0
0.0,0.08252614,0.0
0.0,0.4937933,0.0
1.0,0.99283785,1.0
0.0,0.1878004,0.0
1.0,0.9374814,1.0
1.0,0.29955557,0.0
0.0,0.24031834,0.0
0.0,0.012195241,0.0
1.0,0.91185063,1.0
1.0,0.7088646,1.0
0.0,0.28759897,0.0
1.0,0.99404645,1.0
1.0,0.542899,1.0
1.0,0.93381464,1.0
1.0,0.5421276,1.0
1.0,0.9485179,1.0
0.0,0.44788355,0.0
0.0,0.1399794,0.0
1.0,0.95496225,1.0
0.0,0.29685202,0.0
0.0,0.08065363,0.0
0.0,0.37492615,0.0
1.0,0.8296166,1.0
1.0,0.70842457,1.0
0.0,0.5571459,1.0
0.0,0.25304306,0.0
1.0,0.9365227,1.0
1.0,0.9570435,1.0
0.0,0.3958273,0.0
1.0,0.2024483,0.0
0.0,0.3873341,0.0
1.0,0.35077164,0.0
1.0,0.86910605,1.0
1.0,0.1421508,0.0
0.0,0.28038082,0.0
1.0,0.2918508,0.0
0.0,0.17758796,0.0
1.0,0.9457705,1.0
0.0,0.0198181,0.0
1.0,0.5455807,1.0
1.0,0.2617024,0.0
1.0,0.9420873,1.0
1.0,0.5701407,1.0
0.0,0.13956527,0.0
0.0,0.7753625,1.0
0.0,0.1352224,0.0
0.0,0.013994161,0.0
1.0,0.39227507,0.0
1.0,0.8070745,1.0
0.0,0.7688863,1.0
1.0,0.9723045,1.0
1.0,0.37942427,0.0
0.0,0.4411575,0.0
0.0,0.2694342,0.0
0.0,0.29053482,0.0
1.0,0.9105918,1.0
0.0,0.10160748,0.0
0.0,0.48467395,0.0
0.0,0.12756026,0.0
1.0,0.9614611,1.0
1.0,0.9968838,1.0
1.0,0.4188831,0.0
0.0,0.093775354,0.0
0.0,0.6594624,1.0
1.0,0.3731924,0.0
1.0,0.7698059,1.0
0.0,0.25887567,0.0
1.0,0.5061985,1.0
0.0,0.37112868,0.0
0.0,0.5533269,1.0
0.0,0.06669112,0.0
1.0,0.8543626,1.0
1.0,0.98483664,1.0
1.0,0.8302485,1.0
1.0,0.56363416,1.0
0.0,0.16886976,0.0
1.0,0.44838625,0.0
0.0,0.15117007,0.0
0.0,0.78910923,1.0
1.0,0.9970354,1.0
1.0,0.18678597,0.0
0.0,0.49814552,0.0
1.0,0.58712465,1.0
1.0,0.9591025,1.0
0.0,0.3454475,0.0
0.0,0.2466424,0.0
0.0,0.22923166,0.0
0.0,0.006888039,0.0
0.0,0.17518017,0.0
1.0,0.98596317,1.0
0.0,0.5023216,1.0
1.0,0.24065241,0.0
0.0,0.4260562,0.0
0.0,0.5951745,1.0
1.0,0.9039003,1.0
0.0,0.013627578,0.0
1.0,0.18031393,0.0
0.0,0.2048111,0.0
0.0,0.086439475,0.0
1.0,0.73548734,1.0
1.0,0.9903666,1.0
1.0,0.9770015,1.0
0.0,0.25759432,0.0
0.0,0.24256374,0.0
0.0,0.52620673,1.0
1.0,0.44276556,0.0
0.0,0.17863685,0.0
1.0,0.7339494,1.0
1.0,0.9704442,1.0
0.0,0.2509825,0.0
1.0,0.8993436,1.0
1.0,0.44293016,0.0
1.0,0.40625814,0.0
0.0,0.2861098,0.0
0.0,0.021296397,0.0
1.0,0.84016776,1.0
0.0,0.13898727,0.0
1.0,0.44499367,0.0
0.0,0.12319205,0.0
0.0,0.3843381,0.0
1.0,0.88836616,1.0
1.0,0.99084574,1.0
1.0,0.92814386,1.0
1.0,0.46077064,0.0
1.0,0.7696783,1.0
0.0,0.20738955,0.0
1.0,0.6485334,1.0
0.0,0.16816159,0.0
1.0,0.8082157,1.0
0.0,0.14954932,0.0
0.0,0.39877266,0.0
0.0,0.3553718,0.0
0.0,0.25383398,0.0
0.0,0.340185,0.0
1.0,0.55679286,1.0
0.0,0.27759463,0.0
0.0,0.21810965,0.0
0.0,0.34549546,0.0
0.0,0.4669256,0.0
1.0,0.99678755,1.0
1.0,0.09872817,0.0
0.0,0.3077064,0.0
0.0,0.4960667,0.0
0.0,0.12602147,0.0
0.0,0.6057136,1.0
1.0,0.9786395,1.0
0.0,0.9274452,1.0
0.0,0.25801855,0.0
1.0,0.97176117,1.0
0.0,0.25753495,0.0
1.0,0.9818363,1.0
0.0,0.465903,0.0
0.0,0.29387414,0.0
1.0,0.9740631,1.0
0.0,0.2031488,0.0
1.0,0.980037,1.0
1.0,0.47806454,0.0
0.0,0.15369733,0.0
0.0,0.33623853,0.0
1.0,0.6628073,1.0
1.0,0.9747352,1.0
0.0,0.114238,0.0
0.0,0.113660075,0.0
0.0,0.092232026,0.0
0.0,0.4296486,0.0
1.0,0.8589632,1.0
1.0,0.48230702,0.0
1.0,0.99602,1.0
1.0,0.93389267,1.0
0.0,0.27926773,0.0
1.0,0.97305435,1.0
0.0,0.21382138,0.0
1.0,0.95669305,1.0
1.0,0.67591697,1.0
1.0,0.8004328,1.0
1.0,0.9276221,1.0
1.0,0.36990187,0.0
0.0,0.6942393,1.0
0.0,0.19727196,0.0
1.0,0.7172215,1.0
1.0,0.6293247,1.0
1.0,0.8889728,1.0
0.0,0.085152015,0.0
0.0,0.86547124,1.0
1.0,0.99698764,1.0
1.0,0.5054422,1.0
0.0,0.4192702,0.0
1.0,0.9416591,1.0
1.0,0.97701955,1.0
0.0,0.17050792,0.0
0.0,0.0815174,0.0
0.0,0.74914,1.0
1.0,0.7132742,1.0
0.0,0.28512427,0.0
1.0,0.8984291,1.0
1.0,0.9967642,1.0
0.0,0.52663785,1.0
1.0,0.98725325,1.0
0.0,0.41859397,0.0
0.0,0.41874692,0.0
1.0,0.52964437,1.0
0.0,0.3034641,0.0
0.0,0.57245815,1.0
1.0,0.9852942,1.0
1.0,0.91216236,1.0
1.0,0.21875294,0.0
0.0,0.4065013,0.0
0.0,0.22936176,0.0
0.0,0.26432937,0.0
0.0,0.30461985,0.0
0.0,0.16437958,0.0
0.0,0.22282301,0.0
1.0,0.53454155,1.0
0.0,0.31617135,0.0
0.0,0.20787835,0.0
0.0,0.95608115,1.0
1.0,0.94363123,1.0
1.0,0.94702655,1.0
1.0,0.3588376,0.0
0.0,0.48552924,0.0
0.0,0.17237096,0.0
0.0,0.16635564,0.0
0.0,0.19129914,0.0
0.0,0.19972338,0.0
1.0,0.95958316,1.0
0.0,0.59902,1.0
0.0,0.04891233,0.0
1.0,0.6219127,1.0
0.0,0.047316812,0.0
1.0,0.068700485,0.0
0.0,0.20716299,0.0
0.0,0.37774685,0.0
0.0,0.08967727,0.0
1.0,0.7355467,1.0
0.0,0.73774827,1.0
0.0,0.33919683,0.0
1.0,0.2669792,0.0
1.0,0.8791664,1.0
0.0,0.26901913,0.0
1.0,0.9299376,1.0
1.0,0.96627206,1.0
0.0,0.014999832,0.0
0.0,0.53216606,1.0
1.0,0.49629056,0.0
1.0,0.7758511,1.0
0.0,0.01725496,0.0
1.0,0.44919968,0.0
0.0,0.29557416,0.0
1.0,0.9376467,1.0
0.0,0.37664795,0.0
0.0,0.18195511,0.0
1.0,0.36456352,0.0
0.0,0.43985978,0.0
1.0,0.5668667,1.0
1.0,0.93017745,1.0
0.0,0.1759381,0.0
1.0,0.89219147,1.0
1.0,0.9960186,1.0
1.0,0.9140321,1.0
1.0,0.88020784,1.0
0.0,0.61293954,1.0
0.0,0.103959925,0.0
0.0,0.22692642,0.0
1.0,0.57760894,1.0
1.0,0.9088389,1.0
0.0,0.25430927,0.0
1.0,0.9925256,1.0
1.0,0.2609167,0.0
1.0,0.86449677,1.0
0.0,0.66267383,1.0
1.0,0.9515435,1.0
1.0,0.746612,1.0
0.0,0.13846782,0.0
1.0,0.3803511,0.0
0.0,0.63697386,1.0
1.0,0.66166824,1.0
0.0,0.5000103,1.0
1.0,0.9241085,1.0
0.0,0.22649597,0.0
1.0,0.4506991,0.0
1.0,0.8040072,1.0
1.0,0.8638579,1.0
0.0,0.38559112,0.0
0.0,0.18227887,0.0
0.0,0.8533941,1.0
0.0,0.6459429,1.0
1.0,0.73720455,1.0
0.0,0.19941586,0.0
1.0,0.99686205,1.0
1.0,0.6915859,1.0
1.0,0.82032627,1.0
0.0,0.09525388,0.0
0.0,0.40957588,0.0
0.0,0.13130376,0.0
1.0,0.9877949,1.0
0.0,0.016174652,0.0
0.0,0.10991819,0.0
0.0,0.23479371,0.0
1.0,0.90981776,1.0
0.0,0.16102655,0.0
0.0,0.24718131,0.0
0.0,0.12974803,0.0
0.0,0.053280916,0.0
1.0,0.9892301,1.0
0.0,0.05786762,0.0
1.0,0.8278329,1.0
0.0,0.06221253,0.0
1.0,0.92924154,1.0
1.0,0.90867954,1.0
1.0,0.7679347,1.0
0.0,0.46403682,0.0
0.0,0.70829874,1.0
0.0,0.4395958,0.0
0.0,0.05202549,0.0
0.0,0.52306986,1.0
1.0,0.897687,1.0
0.0,0.2919362,0.0
1.0,0.7412763,1.0
0.0,0.30671862,0.0
0.0,0.12176455,0.0
0.0,0.49054798,0.0
1.0,0.8918036,1.0
1.0,0.9527695,1.0
0.0,0.0439916,0.0
1.0,0.6143459,1.0
1.0,0.42211157,0.0
0.0,0.05923212,0.0
1.0,0.9862439,1.0
0.0,0.04779227,0.0
1.0,0.97187763,1.0
0.0,0.19395028,0.0
1.0,0.97733635,1.0
1.0,0.34355783,0.0
1.0,0.9250281,1.0
1.0,0.95459354,1.0
0.0,0.31566477,0.0
0.0,0.28323075,0.0
0.0,0.20045874,0.0
1.0,0.875909,1.0
0.0,0.068562716,0.0
0.0,0.43180764,0.0
0.0,0.13542785,0.0
0.0,0.399831,0.0
1.0,0.91819996,1.0
1.0,0.43245998,0.0
1.0,0.8140105,1.0
0.0,0.8002944,1.0
1.0,0.7851525,1.0
0.0,0.55404,1.0
0.0,0.1586548,0.0
1.0,0.982812,1.0
0.0,0.021668758,0.0
0.0,0.02837324,0.0
1.0,0.99565804,1.0
0.0,0.050036285,0.0
0.0,0.5747798,1.0
1.0,0.22836621,0.0
1.0,0.85063225,1.0
1.0,0.3492557,0.0
0.0,0.014948545,0.0
1.0,0.5177982,1.0
0.0,0.60776305,1.0
1.0,0.9823837,1.0
0.0,0.41633904,0.0
0.0,0.06499252,0.0
0.0,0.16846144,0.0
0.0,0.35133106,0.0
1.0,0.9956311,1.0
0.0,0.11296987,0.0
0.0,0.94425535,1.0
1.0,0.97037685,1.0
0.0,0.051473636,0.0
1.0,0.17749773,0.0
0.0,0.18605818,0.0
1.0,0.8312406,1.0
1.0,0.5051047,1.0
0.0,0.20117635,0.0
0.0,0.13445659,0.0
1.0,0.68745106,1.0
0.0,0.09320807,0.0
0.0,0.33830968,0.0
0.0,0.65082085,1.0
1.0,0.9000542,1.0
0.0,0.41105983,0.0
0.0,0.39045787,0.0
0.0,0.012577123,0.0
1.0,0.2771309,0.0
0.0,0.16071558,0.0
1.0,0.29844952,0.0
1.0,0.99349433,1.0
1.0,0.45421004,0.0
0.0,0.23199393,0.0
1.0,0.5171692,1.0
1.0,0.71648365,1.0
1.0,0.41113606,0.0
1.0,0.9767006,1.0
1.0,0.639321,1.0
0.0,0.72557163,1.0
1.0,0.24204414,0.0
0.0,0.47307536,0.0
0.0,0.18619613,0.0
0.0,0.3146306,0.0
0.0,0.10222453,0.0
0.0,0.5602383,1.0
1.0,0.13309018,0.0
1.0,0.47009134,0.0
1.0,0.39946505,0.0
0.0,0.46695223,0.0
1.0,0.99625057,1.0
0.0,0.11801856,0.0
0.0,0.096577555,0.0
0.0,0.48105532,0.0
1.0,0.9875174,1.0
1.0,0.21593301,0.0
0.0,0.3060664,0.0
1.0,0.998396,1.0
0.0,0.49470943,0.0
0.0,0.74751586,1.0
0.0,0.07558473,0.0
1.0,0.7051391,1.0
1.0,0.730007,1.0
1.0,0.8891242,1.0
1.0,0.73940176,1.0
0.0,0.16313954,0.0
0.0,0.39963603,0.0
1.0,0.51117927,1.0
1.0,0.8885052,1.0
1.0,0.9632551,1.0
0.0,0.12694253,0.0
0.0,0.2510529,0.0
1.0,0.5804745,1.0
1.0,0.96053064,1.0
1.0,0.93651885,1.0
1.0,0.32828718,0.0
0.0,0.054580078,0.0
1.0,0.71636415,1.0
1.0,0.9978607,1.0
1.0,0.98877394,1.0
0.0,0.15320267,0.0
1.0,0.7212937,1.0
0.0,0.9567129,1.0
0.0,0.2632012,0.0
0.0,0.17414698,0.0
0.0,0.75096923,1.0
1.0,0.45701754,0.0
1.0,0.6665116,1.0
1.0,0.9817763,1.0
0.0,0.12955107,0.0
0.0,0.30881092,0.0
0.0,0.13382842,0.0
0.0,0.10925732,0.0
1.0,0.2135768,0.0
0.0,0.2688559,0.0
0.0,0.13951826,0.0
0.0,0.31422716,0.0
0.0,0.4901145,0.0
1.0,0.5138391,1.0
1.0,0.91346604,1.0
0.0,0.0795627,0.0
0.0,0.16087298,0.0
0.0,0.44305712,0.0
1.0,0.36122546,0.0
1.0,0.89263195,1.0
1.0,0.20901158,0.0
0.0,0.39059082,0.0
1.0,0.08730417,0.0
1.0,0.6251328,1.0
1.0,0.67431146,1.0
0.0,0.15871839,0.0
1.0,0.88426346,1.0
0.0,0.29341227,0.0
0.0,0.6413177,1.0
1.0,0.9956802,1.0
1.0,0.956097,1.0
1.0,0.60507804,1.0
1.0,0.3947529,0.0
1.0,0.93196535,1.0
0.0,0.28680173,0.0
0.0,0.23618639,0.0
1.0,0.37617326,0.0
1.0,0.9641791,1.0
1.0,0.7992765,1.0
1.0,0.89016527,1.0
1.0,0.4718685,0.0
0.0,0.20939316,0.0
1.0,0.22845665,0.0
0.0,0.011548935,0.0
0.0,0.21230601,0.0
0.0,0.71492535,1.0
1.0,0.46088955,0.0
0.0,0.23720887,0.0
0.0,0.074599296,0.0
1.0,0.9674233,1.0
0.0,0.16955349,0.0
0.0,0.12799007,0.0
0.0,0.3181259,0.0
0.0,0.17338347,0.0
0.0,0.14409898,0.0
0.0,0.24695253,0.0
1.0,0.24384247,0.0
1.0,0.97785884,1.0
0.0,0.17719756,0.0
0.0,0.5288541,1.0
1.0,0.99270105,1.0
0.0,0.15298408,0.0
1.0,0.97551686,1.0
0.0,0.16085213,0.0
1.0,0.54180396,1.0
1.0,0.36909005,0.0
1.0,0.80311793,1.0
1.0,0.9935731,1.0
0.0,0.4443773,0.0
0.0,0.66310436,1.0
1.0,0.89521515,1.0
0.0,0.22821063,0.0
1.0,0.7518033,1.0
1.0,0.9029203,1.0
1.0,0.54251134,1.0
1.0,0.582861,1.0
0.0,0.22097544,0.0
0.0,0.06660915,0.0
1.0,0.786711,1.0
0.0,0.13801122,0.0
0.0,0.510282,1.0
1.0,0.5278586,1.0
0.0,0.38610452,0.0
0.0,0.11076953,0.0
1.0,0.94714004,1.0
0.0,0.1868646,0.0
1.0,0.748319,1.0
1.0,0.8052279,1.0
0.0,0.25740016,0.0
0.0,0.31768242,0.0
1.0,0.51212937,1.0
0.0,0.5467399,1.0
1.0,0.6437634,1.0
0.0,0.2592835,0.0
0.0,0.0450989,0.0
1.0,0.3157896,0.0
0.0,0.0505747,0.0
0.0,0.73001945,1.0
1.0,0.9623571,1.0
0.0,0.24404743,0.0
0.0,0.64184374,1.0
1.0,0.2573489,0.0
0.0,0.046647463,0.0
0.0,0.17067835,0.0
1.0,0.84165967,1.0
0.0,0.88264686,1.0
1.0,0.27232525,0.0
1.0,0.2020053,0.0
0.0,0.5811587,1.0
1.0,0.98845065,1.0
1.0,0.9411166,1.0
1.0,0.7846373,1.0
1.0,0.25677568,0.0
0.0,0.32255566,0.0
0.0,0.33128178,0.0
0.0,0.0827861,0.0
1.0,0.95655775,1.0
0.0,0.069793396,0.0
0.0,0.2284896,0.0
1.0,0.28384686,0.0
1.0,0.990249,1.0
0.0,0.305338,0.0
0.0,0.118773736,0.0
0.0,0.14389497,0.0
1.0,0.9604421,1.0
0.0,0.13875592,0.0
0.0,0.116717525,0.0
0.0,0.45171502,0.0
0.0,0.29920498,0.0
1.0,0.98232204,1.0
0.0,0.37192506,0.0
1.0,0.9430042,1.0
0.0,0.29878438,0.0
0.0,0.19553885,0.0
1.0,0.71797925,1.0
0.0,0.2563755,0.0
0.0,0.29958093,0.0
0.0,0.17581742,0.0
1.0,0.93118095,1.0
1.0,0.8211417,1.0
0.0,0.08536038,0.0
0.0,0.06524783,0.0
0.0,0.58535576,1.0
1.0,0.37232515,0.0
1.0,0.9647092,1.0
0.0,0.19429937,0.0
1.0,0.8900093,1.0
0.0,0.42681056,0.0
1.0,0.8550301,1.0
0.0,0.2796042,0.0
1.0,0.31732056,0.0
0.0,0.23859362,0.0
1.0,0.60225105,1.0
0.0,0.23592949,0.0
0.0,0.113891,0.0
0.0,0.0968116,0.0
1.0,0.951862,1.0
1.0,0.40598738,0.0
0.0,0.7821617,1.0
0.0,0.30733573,0.0
1.0,0.7997703,1.0
0.0,0.49021953,0.0
0.0,0.59407985,1.0
0.0,0.6669634,1.0
0.0,0.119345866,0.0
0.0,0.21560572,0.0
0.0,0.5546934,1.0
1.0,0.7352243,1.0
1.0,0.010277392,0.0
