tr_y,tr_pred,tr_proba,te_y,te_pred,te_proba
1.0,1.0,0.8676156780325891,0.0,0.0,0.3581704429205216
0.0,0.0,0.47932367898333716,1.0,0.0,0.44826041667079275
0.0,1.0,0.5275104629308897,0.0,0.0,0.3960016773993503
1.0,1.0,0.6891555494630304,0.0,0.0,0.3782221012579203
1.0,1.0,0.5170966381733361,0.0,0.0,0.3604971908695411
0.0,0.0,0.39432939579815235,0.0,0.0,0.41971327041568585
0.0,0.0,0.47813496254672716,1.0,0.0,0.4677610037533962
1.0,0.0,0.4699335405509626,0.0,0.0,0.20774733006956458
1.0,1.0,0.5345817988461983,1.0,1.0,0.7377466242171054
1.0,0.0,0.36148154990977327,1.0,0.0,0.45827260431279254
1.0,1.0,0.5303509775822355,0.0,0.0,0.42705829678535406
0.0,0.0,0.37335871698535444,0.0,0.0,0.32609446172154294
0.0,0.0,0.4601077816587058,1.0,1.0,0.6745420232100209
0.0,0.0,0.4690617821578043,1.0,1.0,0.8283048737256875
0.0,0.0,0.4201469413121345,1.0,0.0,0.4989788473724186
0.0,0.0,0.44703941551478976,0.0,1.0,0.605309788046047
0.0,0.0,0.3309643567544731,1.0,1.0,0.605046870402802
1.0,0.0,0.29050528577697693,1.0,1.0,0.5906823313809905
0.0,0.0,0.34841831501450365,1.0,1.0,0.6102187504095281
1.0,1.0,0.5027960827751798,1.0,0.0,0.45637579347698803
0.0,0.0,0.4297308480578368,0.0,1.0,0.5095007584691861
1.0,1.0,0.5688270569378095,0.0,0.0,0.38618258266771405
0.0,0.0,0.47604646836355363,1.0,1.0,0.6473474222261139
0.0,0.0,0.37216394976185446,1.0,1.0,0.5711245330606093
0.0,0.0,0.47319180625484647,0.0,0.0,0.46808753808064035
1.0,0.0,0.37327500645915196,1.0,0.0,0.4350761516084022
1.0,1.0,0.6687662523511979,0.0,0.0,0.4612685859129509
0.0,0.0,0.4184346888074018,1.0,0.0,0.49089790952240714
0.0,0.0,0.43552846698224884,1.0,1.0,0.8558812844535748
0.0,0.0,0.3772773086146542,0.0,0.0,0.40950819793073107
0.0,0.0,0.454788083602667,0.0,0.0,0.4547443070479506
1.0,1.0,0.6633329921420359,0.0,0.0,0.4591562611334698
0.0,0.0,0.42743095228543865,1.0,0.0,0.4747250333489319
1.0,1.0,0.6852283305894676,1.0,1.0,0.5274187790785811
1.0,0.0,0.38688576275281616,1.0,1.0,0.5480642191454366
1.0,1.0,0.8082295226471102,1.0,1.0,0.748211480531215
0.0,0.0,0.46543124997859503,1.0,0.0,0.4285919554844015
0.0,0.0,0.39867895845889445,0.0,0.0,0.37605440048979644
0.0,0.0,0.4319085504905887,0.0,0.0,0.39868875219132044
1.0,1.0,0.5202612721537898,1.0,0.0,0.34905797936657074
0.0,0.0,0.49722410074029566,1.0,0.0,0.45921864065460866
1.0,1.0,0.504687793764751,0.0,1.0,0.5005846480326553
1.0,1.0,0.581947101101984,1.0,1.0,0.5536259617999117
0.0,0.0,0.3864862329593277,0.0,0.0,0.4015299906204773
0.0,1.0,0.5085671185681415,1.0,1.0,0.5533399076813253
0.0,0.0,0.4061520887518049,1.0,1.0,0.6005262904586263
1.0,1.0,0.565842341703606,1.0,0.0,0.3703958255130873
0.0,0.0,0.4118659212176425,1.0,0.0,0.38166323202139635
1.0,1.0,0.5396466972265779,1.0,0.0,0.42828545574012833
0.0,0.0,0.37505519877672727,0.0,0.0,0.4362065857862214
0.0,0.0,0.4594420651849332,0.0,0.0,0.4313017703357695
0.0,1.0,0.5073929026782378,1.0,0.0,0.47741286647387304
0.0,0.0,0.48015755224947754,1.0,0.0,0.4062235660504899
0.0,0.0,0.35584988143795987,0.0,0.0,0.4097097047325983
1.0,1.0,0.7796890792376452,0.0,0.0,0.4212893208393239
1.0,0.0,0.40303126674307016,1.0,1.0,0.6005550247296655
1.0,0.0,0.33060108387547177,0.0,0.0,0.4432195982962029
1.0,0.0,0.48895497661845044,1.0,1.0,0.5880089235907656
1.0,0.0,0.4270442888043633,0.0,0.0,0.42531957492212363
1.0,1.0,0.537469764477918,0.0,0.0,0.4470168857550993
0.0,0.0,0.44792639252290384,0.0,0.0,0.394753665904025
1.0,0.0,0.44208722362945774,1.0,0.0,0.4298263403742609
1.0,1.0,0.8616912716513176,0.0,0.0,0.43135303359401855
1.0,0.0,0.45794252301906696,0.0,0.0,0.3708919152100755
1.0,1.0,0.8049125495518988,0.0,0.0,0.3825580347631238
1.0,1.0,0.5257393006628185,0.0,0.0,0.45569572576132666
1.0,1.0,0.5600899738299581,0.0,0.0,0.4552061918409534
0.0,0.0,0.40017264457458346,1.0,0.0,0.34887425896760876
0.0,0.0,0.3551124440034937,1.0,1.0,0.6663497644744539
1.0,1.0,0.6328442941049475,0.0,0.0,0.3873288325758466
1.0,1.0,0.6567558752157021,1.0,1.0,0.7828508781982099
0.0,0.0,0.4868905239987551,0.0,0.0,0.373442456027672
1.0,1.0,0.6838009432344454,0.0,0.0,0.3840402542370913
0.0,1.0,0.6150748446187482,1.0,1.0,0.6643003234649554
0.0,0.0,0.3867107109566307,0.0,0.0,0.4368415559272391
1.0,0.0,0.4068895991245824,0.0,0.0,0.44994547045075833
1.0,1.0,0.57261222086141,0.0,0.0,0.4158008086520864
1.0,1.0,0.6005254819116729,1.0,1.0,0.5140852287198401
1.0,1.0,0.5756923106291689,1.0,0.0,0.3546816244752812
1.0,0.0,0.454019260098043,0.0,0.0,0.3866632617382166
1.0,1.0,0.5648366685445301,0.0,0.0,0.39539727466857777
1.0,1.0,0.5542449571599078,0.0,0.0,0.44126754541160224
1.0,1.0,0.5360144643452616,0.0,0.0,0.4155188416288844
1.0,1.0,0.5576119595617574,0.0,1.0,0.5161932810139028
1.0,1.0,0.6195598415473712,0.0,1.0,0.589054968216941
0.0,1.0,0.5008018651142853,0.0,0.0,0.41514252136292973
1.0,0.0,0.44643781460117976,1.0,0.0,0.4277496135984439
0.0,0.0,0.34842251565228066,1.0,0.0,0.4242017891885484
0.0,0.0,0.3642507172040311,1.0,1.0,0.5049548886651329
0.0,0.0,0.4919193301261794,1.0,0.0,0.2904455038350763
1.0,1.0,0.5828216745547499,1.0,0.0,0.47053650297947497
0.0,0.0,0.34912547952921197,1.0,0.0,0.38109971961333644
0.0,0.0,0.42583791343479754,0.0,0.0,0.37391731943818585
1.0,1.0,0.5639527111930505,1.0,0.0,0.44661558266009344
0.0,0.0,0.4312208697985984,0.0,0.0,0.434417082619608
1.0,0.0,0.463605609400189,1.0,0.0,0.29905311861011796
1.0,0.0,0.38079340511672455,0.0,0.0,0.4544410036031885
0.0,0.0,0.46918350783312135,1.0,0.0,0.40060272852906165
1.0,0.0,0.3875510118945627,0.0,0.0,0.38988128948175027
1.0,0.0,0.457089809598961,0.0,0.0,0.44975309349966053
1.0,1.0,0.7171812701599727,1.0,1.0,0.8147818540389844
0.0,0.0,0.4122926305785588,1.0,0.0,0.49587230651580705
0.0,0.0,0.43390124348536474,1.0,1.0,0.622268285135309
1.0,1.0,0.6751482272180972,1.0,0.0,0.4063516531512149
1.0,1.0,0.5369566567845218,0.0,0.0,0.31704622345130573
0.0,0.0,0.37529377005297854,1.0,1.0,0.6333779208820953
1.0,0.0,0.43394381916348373,1.0,0.0,0.4003602520854126
1.0,1.0,0.6570972029482401,1.0,0.0,0.3486200358670224
1.0,0.0,0.49659547163358203,0.0,1.0,0.6117529064516294
0.0,0.0,0.40953739233832465,1.0,0.0,0.48168132613305303
1.0,1.0,0.579101545409262,0.0,0.0,0.4676224541958409
0.0,0.0,0.4213148377806151,1.0,1.0,0.5850318627323908
0.0,0.0,0.4262765809097624,1.0,0.0,0.47941635286464906
0.0,0.0,0.29999111028237563,0.0,0.0,0.4935814925015764
0.0,0.0,0.3401799938827286,1.0,1.0,0.6294200368410189
0.0,0.0,0.4192504583206697,0.0,0.0,0.352087130460487
1.0,1.0,0.5699301249056751,1.0,0.0,0.4120628151666667
0.0,0.0,0.38002110428573155,1.0,1.0,0.5466835458752901
0.0,0.0,0.3994255227609165,0.0,0.0,0.381840213939045
0.0,1.0,0.5110864023968577,0.0,0.0,0.37447129365863474
0.0,0.0,0.3132543171828431,0.0,0.0,0.47517296802289055
1.0,0.0,0.4896452266878407,0.0,0.0,0.32974605196607265
0.0,0.0,0.4587347139577542,0.0,0.0,0.36053047918739883
0.0,0.0,0.3543495470540459,1.0,0.0,0.45401589877503873
0.0,0.0,0.3387753020281049,0.0,0.0,0.3526874399488979
0.0,0.0,0.3380572276086698,0.0,0.0,0.41521191688693826
1.0,0.0,0.4875567720302484,1.0,0.0,0.40976329698658887
1.0,0.0,0.4119075592726162,0.0,0.0,0.30407943860074305
1.0,0.0,0.45710154196692104,0.0,1.0,0.5221906588642995
1.0,0.0,0.43083011320831344,1.0,0.0,0.4534179407562052
1.0,1.0,0.6502570209489087,1.0,0.0,0.4258243087568658
0.0,0.0,0.4327035570719366,0.0,1.0,0.5844188227084769
1.0,1.0,0.5118426688863525,1.0,1.0,0.5024266142333138
1.0,0.0,0.39379092770891133,1.0,1.0,0.5876381325799521
1.0,1.0,0.7018772855276724,0.0,0.0,0.47475514827568305
1.0,1.0,0.5112120652292503,0.0,0.0,0.4047144943541982
0.0,0.0,0.3669759663441882,0.0,0.0,0.36134457165278555
1.0,0.0,0.4268106664743581,0.0,0.0,0.36169015952447486
1.0,1.0,0.5404341197012683,0.0,1.0,0.5645608924053837
1.0,0.0,0.4983465603392203,0.0,0.0,0.3393727121411843
1.0,1.0,0.5399969472452328,0.0,0.0,0.369488314442216
1.0,1.0,0.6510709346689193,0.0,0.0,0.4193258478014718
1.0,1.0,0.6278229191143958,1.0,1.0,0.7482589145629
1.0,0.0,0.3522182341233046,1.0,1.0,0.6132847512995796
1.0,1.0,0.5336448163179022,1.0,0.0,0.4850379852072205
1.0,1.0,0.5809016611140121,0.0,0.0,0.35321295360402
1.0,1.0,0.523093848105272,1.0,1.0,0.506131473979012
0.0,0.0,0.4875696125505982,1.0,0.0,0.38817292472307274
1.0,0.0,0.44398493322705784,1.0,1.0,0.74241905645895
0.0,0.0,0.31829421705471134,0.0,0.0,0.4004036968757026
0.0,0.0,0.4064342912450811,0.0,0.0,0.3624914137355128
0.0,0.0,0.4491021988934411,0.0,0.0,0.3750219377625601
0.0,0.0,0.3354973557601971,0.0,0.0,0.46496082788120924
0.0,1.0,0.5211688122707195,1.0,0.0,0.48795293016849584
0.0,0.0,0.46984953763647197,0.0,0.0,0.3660428296197697
0.0,0.0,0.35294925483529105,0.0,1.0,0.5230901658506275
0.0,0.0,0.42553362604219785,0.0,0.0,0.3797909930922641
0.0,0.0,0.32916087206758876,0.0,0.0,0.49370188964847567
0.0,0.0,0.4053174128627994,0.0,1.0,0.5106081905993226
1.0,0.0,0.3888835555148837,1.0,1.0,0.7088129643809595
1.0,1.0,0.774478927489704,0.0,1.0,0.643542736800171
1.0,1.0,0.5311516019098337,0.0,0.0,0.4719867487058152
0.0,0.0,0.3957076093670269,1.0,1.0,0.5789178826790035
1.0,1.0,0.6498948489102352,0.0,0.0,0.3461344765770999
0.0,0.0,0.34492564535251347,0.0,0.0,0.4783015301959555
0.0,0.0,0.38902386798033917,0.0,0.0,0.4309297415876073
1.0,0.0,0.43958895212795035,0.0,0.0,0.3733615587041195
0.0,0.0,0.3470888994347995,1.0,0.0,0.39794161487419416
0.0,0.0,0.4016331070549846,0.0,0.0,0.4079744746762218
0.0,0.0,0.43497827634304137,0.0,1.0,0.510938478351221
0.0,0.0,0.4473157095258681,1.0,1.0,0.6086965619554245
0.0,0.0,0.4110069734120006,1.0,1.0,0.6383277155354772
0.0,0.0,0.4287201036630911,1.0,1.0,0.6943162564212609
0.0,0.0,0.34851135777472975,1.0,1.0,0.520868058089143
0.0,0.0,0.37268847292035256,1.0,1.0,0.6052353858451578
1.0,1.0,0.5241786205625656,1.0,1.0,0.5498678975173182
1.0,1.0,0.7906347097629753,0.0,0.0,0.37875302191059856
1.0,0.0,0.41577439187904214,1.0,0.0,0.41529968902540915
1.0,1.0,0.5059480163944098,0.0,0.0,0.40087644601578026
1.0,1.0,0.545551093363203,1.0,1.0,0.5220272895480909
1.0,1.0,0.5405576549532765,0.0,1.0,0.5478739276697495
0.0,0.0,0.4269599559296629,0.0,0.0,0.4451180131023155
1.0,1.0,0.7158704169128096,1.0,1.0,0.5558172168263126
0.0,0.0,0.339689455600787,0.0,0.0,0.3676514656959949
0.0,0.0,0.4667034858455262,0.0,0.0,0.34701049220516045
1.0,1.0,0.5034512735937328,1.0,0.0,0.43772067267527404
1.0,1.0,0.6633985479641482,0.0,0.0,0.4000018303598724
1.0,1.0,0.651476867956583,0.0,1.0,0.5281388700799321
0.0,0.0,0.46988621158015875,1.0,1.0,0.5970554480834739
1.0,1.0,0.5697410211722044,1.0,0.0,0.4419278822871507
0.0,0.0,0.35643823500947525,1.0,0.0,0.41454720671015766
1.0,0.0,0.4594296516102987,1.0,1.0,0.642081309231402
1.0,0.0,0.3810866648514235,0.0,0.0,0.37114732637237025
1.0,1.0,0.5603409092368129,1.0,1.0,0.5293564205551274
0.0,0.0,0.4840824497643093,1.0,0.0,0.4589530393564571
0.0,0.0,0.3227241359619936,1.0,1.0,0.6585091668550027
0.0,0.0,0.4423721092890654,1.0,1.0,0.5515191311003264
1.0,1.0,0.7279023149914736,0.0,0.0,0.4437622759251953
1.0,1.0,0.5488036037652477,0.0,0.0,0.3523893429434357
0.0,0.0,0.40138622971594656,0.0,1.0,0.5005049284891873
1.0,0.0,0.4233021525446009,1.0,0.0,0.43905226081718834
1.0,0.0,0.40528454892911603,1.0,0.0,0.4740333169064225
1.0,1.0,0.8317344564592827,1.0,0.0,0.32730977885341433
1.0,0.0,0.42765809446523156,1.0,0.0,0.48399953563751275
1.0,1.0,0.5070312771345801,1.0,0.0,0.46716532844140896
1.0,1.0,0.5134459519871618,1.0,1.0,0.6744785305877516
1.0,0.0,0.35321824874897945,0.0,1.0,0.5004496530256418
0.0,0.0,0.34907376022544234,1.0,1.0,0.5299315937391149
1.0,1.0,0.6941039427066269,1.0,1.0,0.6035983150893014
0.0,0.0,0.4395123772779332,0.0,1.0,0.6036503504810328
0.0,0.0,0.31200003861608755,0.0,0.0,0.42521104841372476
1.0,1.0,0.5390437009747722,0.0,0.0,0.47913057524066616
1.0,1.0,0.7324866458400252,0.0,0.0,0.36748771555450704
1.0,1.0,0.5015221474217944,1.0,1.0,0.5581236888479304
0.0,1.0,0.503736013474078,0.0,0.0,0.3578257903375856
1.0,1.0,0.6636912158605033,1.0,0.0,0.39158729112876905
1.0,0.0,0.4149929587376654,0.0,0.0,0.4000843260649534
0.0,0.0,0.43645560579629294,1.0,1.0,0.5264762436985287
0.0,0.0,0.48129600913633586,0.0,0.0,0.3816105522436035
1.0,1.0,0.5689516864696355,0.0,0.0,0.4881513975394692
1.0,1.0,0.8050587383367228,1.0,1.0,0.7751623511452402
1.0,1.0,0.5872005006425799,1.0,1.0,0.6191127342061509
0.0,0.0,0.39390415732624473,1.0,0.0,0.46034008041764163
1.0,1.0,0.5832574082532871,0.0,0.0,0.39576859773701856
1.0,1.0,0.5329520320201109,0.0,0.0,0.4959402075045222
1.0,1.0,0.5455336739181041,0.0,0.0,0.40011491795474574
0.0,0.0,0.34249743148539025,1.0,1.0,0.5348123876161112
1.0,0.0,0.3332256357645083,1.0,0.0,0.48599234581540984
0.0,0.0,0.38826978382193816,0.0,0.0,0.4251648060830449
1.0,0.0,0.48438728619756277,0.0,1.0,0.564988444077726
0.0,0.0,0.37391731943818585,0.0,0.0,0.399823822178762
1.0,1.0,0.5396704225149254,0.0,0.0,0.45931771560667817
0.0,0.0,0.3248594047958626,1.0,1.0,0.5723544578903297
1.0,0.0,0.4953437846851504,1.0,0.0,0.4749351174388128
1.0,1.0,0.5073579907641057,1.0,1.0,0.6024956955246868
0.0,0.0,0.46750697007682823,0.0,0.0,0.4422912993713085
1.0,0.0,0.467273780471859,1.0,0.0,0.44741496486894844
1.0,1.0,0.572856947680587,1.0,0.0,0.3976172222488998
1.0,1.0,0.5515660403381897,1.0,1.0,0.626862441044142
0.0,0.0,0.3718721259087656,1.0,1.0,0.6606197542129841
1.0,1.0,0.5964528543260975,1.0,1.0,0.5462468284862184
0.0,0.0,0.28258566067477586,1.0,0.0,0.49130355725484876
1.0,0.0,0.4854175126086189,1.0,1.0,0.556926490974768
1.0,1.0,0.6727725638415138,0.0,0.0,0.41103977317740137
1.0,1.0,0.5002564877456681,1.0,0.0,0.39329569722439744
0.0,0.0,0.3988777382627965,0.0,0.0,0.3217783775947177
0.0,0.0,0.44429601127037827,0.0,0.0,0.3956314377810017
0.0,0.0,0.36965832647432967,0.0,0.0,0.4522675841713674
0.0,0.0,0.49090698049393366,1.0,1.0,0.7045081469829344
0.0,0.0,0.43988578885877827,0.0,0.0,0.4083032204821273
0.0,0.0,0.3641347947059675,1.0,1.0,0.5257850611406805
0.0,0.0,0.4170432021696697,0.0,0.0,0.3931427993314464
0.0,0.0,0.3771265179650702,1.0,0.0,0.42019230111046324
1.0,1.0,0.6502449508631412,1.0,1.0,0.6354365856906751
0.0,1.0,0.5311807984112271,1.0,1.0,0.7484099770812059
1.0,0.0,0.4819295492996962,0.0,1.0,0.5112420493741334
0.0,0.0,0.42218433864252314,0.0,0.0,0.4739040754176371
0.0,0.0,0.41537886635055693,1.0,1.0,0.5252442116847408
0.0,0.0,0.3547313090739553,0.0,0.0,0.3602145407462542
0.0,0.0,0.3773935150657623,0.0,1.0,0.5129914752281779
1.0,1.0,0.616788944456312,1.0,1.0,0.5367965332808965
0.0,1.0,0.5419531974693819,1.0,1.0,0.5232943280326636
0.0,0.0,0.3482741527485082,1.0,0.0,0.3973084656154914
0.0,0.0,0.47307277538145004,0.0,0.0,0.49361852549953616
0.0,0.0,0.39028695252225165,1.0,0.0,0.48207706841786657
0.0,0.0,0.4747564167497284,1.0,1.0,0.5020352585086607
0.0,0.0,0.36253914674538307,0.0,0.0,0.4030448772765341
1.0,0.0,0.4983664438212078,0.0,0.0,0.37752584603533146
1.0,0.0,0.3627882555278847,0.0,0.0,0.38661122561079375
1.0,0.0,0.4648415175135662,0.0,0.0,0.44308706934108627
0.0,0.0,0.40545427397623107,1.0,1.0,0.5279235891519467
0.0,0.0,0.38159343295434617,0.0,0.0,0.414144580185788
1.0,0.0,0.4333030693805937,0.0,0.0,0.3909338093917695
0.0,0.0,0.39083648529174847,0.0,0.0,0.37978188448569195
0.0,0.0,0.49887962702615807,0.0,0.0,0.4426017583764777
1.0,1.0,0.7431274341997605,1.0,0.0,0.4733106623952154
0.0,0.0,0.46195991251376023,0.0,0.0,0.3750629450033526
0.0,0.0,0.4791344321034986,0.0,0.0,0.41183437890010965
1.0,1.0,0.7395437680417054,1.0,0.0,0.4879104267244938
1.0,0.0,0.44297696951377197,1.0,1.0,0.7721167298131125
0.0,0.0,0.4119027689698914,0.0,1.0,0.6360961970683969
1.0,0.0,0.4398967902113722,1.0,0.0,0.3550286951819766
0.0,0.0,0.3658912750838155,0.0,0.0,0.34341754967899635
1.0,0.0,0.451078473675549,0.0,0.0,0.4921875799356077
0.0,0.0,0.3726112694697482,1.0,1.0,0.617566855780769
1.0,0.0,0.3694597356167727,1.0,0.0,0.39483782876979456
1.0,1.0,0.5722590783492038,1.0,0.0,0.4184164062462029
1.0,0.0,0.43910938158760815,1.0,1.0,0.5433018366688116
1.0,0.0,0.38711330237908576,1.0,1.0,0.5536696895171169
1.0,1.0,0.6122295293484016,0.0,0.0,0.3834509731300877
1.0,0.0,0.49221684265909826,0.0,0.0,0.3413958775520392
1.0,0.0,0.4660663024585419,1.0,1.0,0.5329769240936818
1.0,1.0,0.5847158135021696,1.0,0.0,0.4113771724697975
0.0,0.0,0.44732719499151385,0.0,0.0,0.46602266541328474
0.0,0.0,0.46750653941184844,0.0,0.0,0.4621209146987558
0.0,0.0,0.4536763749032127,1.0,1.0,0.5975762529353119
0.0,0.0,0.4610598849311611,1.0,1.0,0.5194963524754154
1.0,0.0,0.4257732906775975,1.0,0.0,0.414978046410736
1.0,1.0,0.5135956548470443,1.0,0.0,0.3992937886455107
0.0,0.0,0.31289766876693403,0.0,1.0,0.5186745296760883
1.0,1.0,0.5211354696042968,1.0,0.0,0.49010910367192956
1.0,1.0,0.6521260421344084,0.0,0.0,0.30318658100521134
1.0,1.0,0.7342175147830613,1.0,1.0,0.5050109163171961
0.0,0.0,0.4535306978264274,1.0,1.0,0.5201135692116952
0.0,0.0,0.3303111416588529,1.0,1.0,0.5693669912936722
0.0,0.0,0.3969002944149052,0.0,0.0,0.4831585897467129
0.0,0.0,0.3860809311276085,0.0,0.0,0.3095005817680606
1.0,1.0,0.6594990988892232,1.0,0.0,0.4441875438765646
0.0,0.0,0.40239317454454837,0.0,0.0,0.4426713101293064
1.0,0.0,0.4283429132879308,0.0,0.0,0.40067058488252
0.0,0.0,0.4577647790529973,0.0,0.0,0.4415297401282832
0.0,0.0,0.35336697041091014,1.0,1.0,0.6525650162205529
0.0,0.0,0.4077296029895959,0.0,0.0,0.41415245933438266
1.0,1.0,0.5218988760200108,0.0,1.0,0.5066346445663078
0.0,0.0,0.3429012796700183,0.0,0.0,0.364292032483147
1.0,1.0,0.6655600532363317,0.0,1.0,0.5183399137629014
1.0,1.0,0.5200635179903602,0.0,1.0,0.520055294066609
0.0,0.0,0.4849606357700625,0.0,0.0,0.33268302368150726
0.0,0.0,0.3659870844873319,1.0,0.0,0.47973499638132283
1.0,1.0,0.7070135457676144,1.0,0.0,0.4903815019745111
0.0,1.0,0.5056189968338373,1.0,1.0,0.7037298633360209
1.0,0.0,0.40471484186169293,1.0,1.0,0.5890742705971526
1.0,0.0,0.4752326265379644,0.0,0.0,0.37411380861913146
1.0,0.0,0.3850878337487355,1.0,0.0,0.48116416520395494
1.0,0.0,0.3838608031836791,0.0,0.0,0.4728540379134759
1.0,0.0,0.44758863820410133,0.0,0.0,0.44086735740734523
1.0,0.0,0.3306202687488026,1.0,0.0,0.3626278442529351
1.0,1.0,0.7852178911133195,0.0,0.0,0.39473750254502366
0.0,1.0,0.5266443876529706,0.0,0.0,0.399823822178762
1.0,1.0,0.5288287720447689,1.0,1.0,0.6780747259808134
1.0,1.0,0.5439487898450776,1.0,0.0,0.4583417529246262
1.0,0.0,0.36151527913737674,1.0,0.0,0.49838270881701335
0.0,0.0,0.354557761262722,1.0,0.0,0.48227425114720296
1.0,0.0,0.4861992580814644,0.0,0.0,0.45772859979578173
1.0,1.0,0.5105699295540301,0.0,0.0,0.4176001757600644
0.0,0.0,0.37303719291377624,1.0,1.0,0.5686663536485949
1.0,1.0,0.6388806869640472,1.0,1.0,0.5343286521718777
0.0,0.0,0.3652982621805751,1.0,1.0,0.706086843099988
1.0,0.0,0.445521983896284,1.0,1.0,0.5170127587236029
0.0,0.0,0.3711557118080517,1.0,1.0,0.6090248012028353
0.0,0.0,0.4793071202278631,0.0,0.0,0.4480503215049802
1.0,0.0,0.4695481951705891,0.0,1.0,0.5032930729034587
0.0,0.0,0.39266442086266834,0.0,0.0,0.41533029312687
0.0,1.0,0.5289368992065111,1.0,0.0,0.3027709202481969
1.0,0.0,0.38523766975019014,0.0,1.0,0.6458262341860816
0.0,0.0,0.41649513751139944,1.0,1.0,0.64753208570135
1.0,0.0,0.46054321954570254,0.0,0.0,0.43477998249649447
1.0,0.0,0.4720921741304748,0.0,0.0,0.3941491638138158
0.0,1.0,0.5441131878003793,0.0,0.0,0.4033727224250379
0.0,0.0,0.33379426639323106,0.0,0.0,0.41701395202553393
0.0,0.0,0.30851806222581235,1.0,0.0,0.3544482241651759
1.0,0.0,0.44987154918635897,0.0,0.0,0.26704033816898964
0.0,1.0,0.5091279089029904,0.0,0.0,0.4113637312763798
1.0,0.0,0.38127238535784047,1.0,0.0,0.477830789581431
0.0,0.0,0.49112414954111555,0.0,1.0,0.5277629673979692
0.0,0.0,0.3818111184696946,1.0,1.0,0.6938646875327134
0.0,0.0,0.4429518386076357,0.0,0.0,0.47581783079820666
0.0,1.0,0.5108718744391922,0.0,0.0,0.4935262410640324
0.0,0.0,0.4003938573916638,1.0,0.0,0.4060574688734755
0.0,1.0,0.5038169570000477,1.0,1.0,0.8208010325079077
1.0,1.0,0.5435572898244669,1.0,1.0,0.5079447030367927
1.0,1.0,0.8035970041931043,0.0,0.0,0.39660930432937747
1.0,1.0,0.6399048528166795,1.0,1.0,0.5744114650335612
1.0,0.0,0.410356384877186,0.0,0.0,0.3954387262024739
0.0,0.0,0.41437887107812743,1.0,0.0,0.43726638311754845
1.0,1.0,0.6222194403554789,0.0,0.0,0.39656547599492553
1.0,1.0,0.6995494604436129,0.0,0.0,0.3932922683921767
0.0,0.0,0.4049190683744942,1.0,1.0,0.7032838880895059
1.0,0.0,0.4290517484747021,0.0,0.0,0.3966361918874434
0.0,0.0,0.36345409151349356,0.0,0.0,0.4198485852440389
1.0,0.0,0.439296490705295,1.0,1.0,0.7688134605646944
0.0,0.0,0.43667733536222025,0.0,0.0,0.39401398633055523
0.0,0.0,0.40828876173976736,1.0,1.0,0.5759639591502564
1.0,1.0,0.5856453667052959,0.0,0.0,0.36048967988931296
0.0,0.0,0.47427026119233057,1.0,0.0,0.38012986294506285
0.0,0.0,0.4018070344953804,1.0,1.0,0.6597995678917496
1.0,1.0,0.5106166726047838,0.0,0.0,0.3561265826084903
0.0,0.0,0.4768141545973977,0.0,0.0,0.38377967237880695
1.0,1.0,0.6314754402594087,1.0,0.0,0.46909119827921614
0.0,0.0,0.35250598249162457,0.0,0.0,0.3900868135158456
1.0,0.0,0.40843946513928164,0.0,0.0,0.40973075315569746
1.0,1.0,0.6758417433497147,1.0,0.0,0.44816976722547447
0.0,0.0,0.44709143504034793,1.0,0.0,0.4384166910863227
0.0,0.0,0.42439217756445563,0.0,0.0,0.3883465386096232
1.0,1.0,0.8047666602364981,0.0,0.0,0.3165053971437254
1.0,0.0,0.46689423913906625,0.0,0.0,0.39340463692379046
0.0,1.0,0.5000118538272673,0.0,1.0,0.5250505983822039
1.0,0.0,0.39272311348308087,1.0,0.0,0.4475526289479015
1.0,1.0,0.6607069648392115,1.0,0.0,0.3910201577665805
1.0,1.0,0.6902054532788438,1.0,1.0,0.739017848945292
0.0,0.0,0.4706584375426748,1.0,0.0,0.49000025499296546
0.0,0.0,0.33294031537179775,1.0,1.0,0.5012395776727397
1.0,1.0,0.5417157190927626,0.0,0.0,0.46448040717750877
1.0,1.0,0.6321997706542882,1.0,1.0,0.5518487359039635
0.0,0.0,0.43803622061785136,1.0,0.0,0.37224166274809506
1.0,1.0,0.5878884442852123,1.0,1.0,0.617382299341024
1.0,0.0,0.4816625472836442,1.0,0.0,0.4519895854542234
1.0,0.0,0.4283173072523191,0.0,0.0,0.321676043293523
0.0,0.0,0.3580142409663034,1.0,1.0,0.5132690348716549
1.0,0.0,0.49155455048972896,1.0,0.0,0.4896279153229787
1.0,1.0,0.7161067805097601,1.0,1.0,0.5240657661827951
0.0,0.0,0.40876613049896976,0.0,0.0,0.3300572310779616
0.0,0.0,0.31671318555902855,1.0,1.0,0.6035218279693647
1.0,1.0,0.5766901479005497,0.0,0.0,0.49097683959053484
1.0,0.0,0.46055052758091186,0.0,0.0,0.3629731471899861
1.0,0.0,0.4871657278028125,1.0,0.0,0.42817199865620753
1.0,0.0,0.4871623044588184,0.0,0.0,0.4438403115438747
1.0,1.0,0.7041604698807302,1.0,1.0,0.5536693540746112
0.0,0.0,0.45942471340298063,0.0,0.0,0.4663331221631502
1.0,1.0,0.6314754402594087,1.0,1.0,0.5194634084201794
1.0,0.0,0.3829755926019382,0.0,0.0,0.48388566709067143
0.0,0.0,0.3495259807224329,1.0,1.0,0.52778135381886
1.0,0.0,0.4930890241146269,1.0,1.0,0.564997723460487
0.0,0.0,0.4301299245889959,0.0,0.0,0.49740591508584386
0.0,0.0,0.4645762452964102,0.0,0.0,0.4020798990965025
1.0,1.0,0.5790524999530697,0.0,0.0,0.4509553402799571
0.0,0.0,0.42309935978007407,1.0,1.0,0.5187717448778504
1.0,1.0,0.6329821847302702,0.0,0.0,0.451172645668369
0.0,0.0,0.47384706906227636,0.0,0.0,0.4987777343728125
1.0,1.0,0.647291360000096,0.0,0.0,0.4310892046134321
0.0,0.0,0.4160143921242807,1.0,1.0,0.5327378549218843
1.0,1.0,0.5372018254586561,1.0,1.0,0.5285617194620473
0.0,0.0,0.42933188781188036,1.0,0.0,0.4333528799521978
0.0,0.0,0.416101067826431,0.0,0.0,0.3769685194384461
1.0,1.0,0.5328763446192537,1.0,0.0,0.4225370331105929
0.0,0.0,0.3730900488251359,0.0,0.0,0.43875202795619456
0.0,0.0,0.40686181160356516,0.0,0.0,0.46140758382585334
1.0,1.0,0.59280009342371,0.0,0.0,0.2751250587764583
0.0,0.0,0.4062643649713438,0.0,0.0,0.39412165429721346
0.0,0.0,0.35987118638365617,1.0,1.0,0.579101545409262
1.0,1.0,0.635540703784487,1.0,0.0,0.4519772042313651
1.0,0.0,0.44047873794031195,0.0,0.0,0.3423646492818898
0.0,1.0,0.5600368076188225,1.0,1.0,0.6685010981534074
1.0,1.0,0.5018508013801687,0.0,0.0,0.4661539469101549
0.0,0.0,0.4704128760578893,0.0,0.0,0.46472755099687546
0.0,0.0,0.31408108634449045,0.0,1.0,0.5717383478326717
0.0,0.0,0.3971000972078629,1.0,1.0,0.5586964233936296
0.0,0.0,0.3277976420421574,0.0,0.0,0.3449218955624358
0.0,0.0,0.35092531661915544,0.0,0.0,0.3540771480555802
1.0,0.0,0.4492914562984629,0.0,0.0,0.40549111851327907
1.0,1.0,0.82570921184561,0.0,0.0,0.3625073085374714
0.0,0.0,0.41831104826818366,0.0,0.0,0.48923849351648274
1.0,0.0,0.44134112465638425,1.0,0.0,0.42589383300390077
0.0,0.0,0.432691279272477,0.0,0.0,0.36228729724065395
1.0,1.0,0.5065931059037894,1.0,0.0,0.42557253755958074
1.0,1.0,0.7038817352373453,1.0,1.0,0.6609943219408424
1.0,0.0,0.465611869110537,1.0,0.0,0.39686630936150913
0.0,0.0,0.39222393790984483,1.0,0.0,0.3687753815763888
1.0,1.0,0.7881638983814057,0.0,0.0,0.3311565355252009
0.0,0.0,0.4746769343299801,1.0,0.0,0.450361268406753
0.0,0.0,0.46345588569986085,0.0,0.0,0.3866278444646046
0.0,0.0,0.4482993499923329,0.0,0.0,0.44213275934684687
1.0,1.0,0.5821044639761052,0.0,0.0,0.4285750166027724
0.0,0.0,0.46935119454309593,1.0,1.0,0.5086268707882526
0.0,1.0,0.5478600374080626,1.0,1.0,0.5346790577957716
1.0,1.0,0.5754447784958612,0.0,0.0,0.3846080023772901
0.0,0.0,0.34520560381290244,0.0,0.0,0.31354802669378296
1.0,1.0,0.5223611002690587,0.0,0.0,0.3742991953881097
0.0,0.0,0.47203555750276893,1.0,0.0,0.41761117881710996
1.0,0.0,0.45085676340887554,1.0,0.0,0.46533376667734017
1.0,0.0,0.4815093903041282,1.0,1.0,0.6865527365952723
1.0,1.0,0.5413556573164509,1.0,1.0,0.5579051731779247
1.0,0.0,0.3718884468646951,1.0,0.0,0.43373934538281594
0.0,0.0,0.4375785257093712,0.0,0.0,0.3519113132346004
0.0,0.0,0.4484631125853816,0.0,0.0,0.4234041863815288
1.0,0.0,0.4020334814850379,1.0,1.0,0.5072981630991147
1.0,1.0,0.5297210281877922,1.0,1.0,0.686354078113809
0.0,0.0,0.4421467930583837,0.0,0.0,0.47265791790282646
0.0,0.0,0.3570554206668228,1.0,1.0,0.6904514999224989
0.0,0.0,0.3861207934117254,0.0,0.0,0.42565849886380164
1.0,0.0,0.46734585819546126,1.0,1.0,0.6859078661241909
1.0,1.0,0.6975512210289213,1.0,1.0,0.5154622844078445
1.0,0.0,0.3577605444182471,0.0,0.0,0.43178388320565975
0.0,0.0,0.41799261417626465,0.0,0.0,0.43364756692824147
1.0,1.0,0.5871523394442051,1.0,1.0,0.598346398186465
0.0,0.0,0.42574834320134236,0.0,0.0,0.36476191624309906
0.0,0.0,0.313764986167221,1.0,0.0,0.45437195500188593
1.0,1.0,0.592296594164155,1.0,0.0,0.3445814029437114
0.0,0.0,0.38666672320673867,1.0,1.0,0.61148558697877
0.0,0.0,0.40244804896886877,0.0,0.0,0.346801507354014
1.0,0.0,0.48071243681751036,0.0,1.0,0.5480155264404383
1.0,1.0,0.6938565274575342,0.0,0.0,0.377348517821697
1.0,1.0,0.5393886552298643,1.0,1.0,0.5010838207892977
0.0,0.0,0.4275149907485502,0.0,0.0,0.38016494385966276
0.0,0.0,0.42960303778651315,0.0,0.0,0.40776990187524137
1.0,1.0,0.7772905891939963,1.0,0.0,0.43968041807628183
0.0,0.0,0.39582355177341566,1.0,1.0,0.5207649887995494
0.0,0.0,0.3565612588202651,0.0,1.0,0.525939439503379
0.0,0.0,0.36969403014515806,1.0,0.0,0.4144962549778508
1.0,1.0,0.6669017159142484,1.0,1.0,0.6802074908767161
0.0,0.0,0.42218218899936966,0.0,0.0,0.457617734389307
1.0,0.0,0.49309129914796573,1.0,0.0,0.43618654452200806
0.0,0.0,0.4916311396570099,0.0,1.0,0.6355915481354067
1.0,1.0,0.6718659635380793,0.0,0.0,0.3798626939495655
1.0,0.0,0.48319224242495085,1.0,0.0,0.47793071419153343
1.0,1.0,0.7633069238098759,0.0,0.0,0.4959494566812663
0.0,1.0,0.5211688122707195,0.0,0.0,0.4045511179038954
0.0,0.0,0.42978492272536173,1.0,1.0,0.8644453224933609
1.0,1.0,0.8031356123021431,1.0,0.0,0.4970817952199228
0.0,0.0,0.46615819330151,1.0,1.0,0.5462053183855996
1.0,1.0,0.6405860016054319,0.0,0.0,0.47092552731049886
0.0,0.0,0.3583354124535811,0.0,0.0,0.43681486084621585
1.0,1.0,0.5892499253892255,0.0,0.0,0.37841893050916836
0.0,0.0,0.4099609682900573,1.0,0.0,0.40548779763075
1.0,1.0,0.7585513005427279,1.0,0.0,0.4755584957173891
1.0,1.0,0.5623546065381769,1.0,1.0,0.7051111590098001
0.0,0.0,0.38493744743823355,1.0,0.0,0.4427922641981261
1.0,1.0,0.5490827254694582,0.0,0.0,0.3432217590847803
1.0,1.0,0.5279618838588861,1.0,1.0,0.5055683767199856
0.0,0.0,0.3919730131334469,0.0,1.0,0.5073330797306111
0.0,0.0,0.37348518042163237,0.0,0.0,0.40710921394509403
0.0,0.0,0.42796902502300777,0.0,0.0,0.41970116350739056
0.0,0.0,0.48466192809087055,0.0,1.0,0.5324608131001789
1.0,1.0,0.6209104404311915,0.0,0.0,0.35019088684881444
1.0,0.0,0.4985271865426391,0.0,1.0,0.5091868834164957
0.0,0.0,0.4053332094704453,0.0,0.0,0.37739281600282026
0.0,0.0,0.2735176750403878,1.0,0.0,0.38562489474873934
1.0,1.0,0.5695385053832637,1.0,1.0,0.6419401624710842
1.0,1.0,0.5293114130416725,1.0,1.0,0.6960690403226591
0.0,0.0,0.42438759843799334,1.0,1.0,0.5959252962435306
1.0,1.0,0.65145358565054,1.0,1.0,0.5841435064257153
1.0,0.0,0.4454318426504678,0.0,1.0,0.6265323765151245
0.0,0.0,0.476029811969537,0.0,0.0,0.4236628297985001
1.0,1.0,0.5705831772504624,1.0,1.0,0.5965773653613524
1.0,0.0,0.4681615060181283,0.0,0.0,0.3369756356562372
1.0,1.0,0.6011210634645308,1.0,1.0,0.602481309312149
1.0,1.0,0.608930876802046,1.0,0.0,0.41164626718417524
1.0,1.0,0.5835620897246636,1.0,0.0,0.4635910424218707
1.0,1.0,0.5522804007906484,1.0,1.0,0.6262335311921237
1.0,0.0,0.3756187455974309,1.0,1.0,0.6756982795119549
0.0,0.0,0.4053087760256626,1.0,0.0,0.38642622680930294
1.0,0.0,0.36875641007641796,1.0,0.0,0.44453170942524317
1.0,0.0,0.4033488239107806,1.0,1.0,0.5063261164372918
1.0,0.0,0.4208382679875649,1.0,0.0,0.4980922468177964
0.0,0.0,0.410155548365504,1.0,1.0,0.6612969836697684
1.0,0.0,0.4252052479804434,1.0,0.0,0.47158320254868225
0.0,0.0,0.3302581573804646,0.0,0.0,0.4304861342932332
0.0,0.0,0.4246269608258021,0.0,1.0,0.5144304587560034
1.0,0.0,0.38289507453598143,1.0,0.0,0.49859373024894865
1.0,1.0,0.7630339645457432,0.0,0.0,0.4062047713003262
1.0,1.0,0.50022365133123,1.0,0.0,0.4512049100143986
0.0,0.0,0.42483546974399594,0.0,0.0,0.39797836112796886
1.0,0.0,0.41050861041004016,0.0,0.0,0.44671993202858934
1.0,1.0,0.5372128501038543,1.0,0.0,0.4101873235360652
0.0,0.0,0.342628826580206,1.0,1.0,0.6165105997391565
1.0,0.0,0.4078244605244642,1.0,0.0,0.44055600603716116
1.0,1.0,0.6600008270808726,0.0,0.0,0.44951516771146305
0.0,0.0,0.48541777911705675,0.0,0.0,0.3352019165865939
0.0,0.0,0.39648535214215386,0.0,1.0,0.5372378521246626
0.0,0.0,0.41445882176098187,1.0,1.0,0.6622153551618409
0.0,0.0,0.39807873996763216,0.0,1.0,0.6439818866328446
1.0,0.0,0.4772420986020197,0.0,0.0,0.48722460343677876
0.0,1.0,0.5023169540725303,1.0,1.0,0.558662900895083
0.0,0.0,0.41436925444736994,1.0,0.0,0.4315762652983953
0.0,0.0,0.30942089420338076,0.0,0.0,0.3827518790838675
0.0,0.0,0.35273575574755583,0.0,1.0,0.6043350531683032
0.0,0.0,0.3967873462983419,1.0,0.0,0.4585477724473603
0.0,0.0,0.3826869429166052,0.0,0.0,0.4488995870349449
0.0,0.0,0.43574117707244125,0.0,1.0,0.5246964335908174
0.0,1.0,0.5009194255468215,0.0,0.0,0.3740225729948957
0.0,0.0,0.3917058823361907,0.0,0.0,0.45704160357735624
0.0,0.0,0.4540230685954096,1.0,1.0,0.8315857084552151
0.0,0.0,0.3224467193196919,1.0,0.0,0.4452268711527565
1.0,1.0,0.6906024892681704,0.0,0.0,0.4207342410353479
1.0,0.0,0.36794891922878703,1.0,0.0,0.49945650507578404
1.0,1.0,0.509926799765795,0.0,0.0,0.4776161484489162
1.0,1.0,0.72850074427697,0.0,0.0,0.41985082622689474
1.0,0.0,0.4634436867105108,0.0,0.0,0.3915998705496062
1.0,1.0,0.7258492023267745,0.0,0.0,0.3565440759571124
0.0,0.0,0.4786305341133141,1.0,0.0,0.3266217368059517
1.0,0.0,0.36148154990977327,0.0,0.0,0.4657500267067072
0.0,0.0,0.4206134932666998,1.0,1.0,0.6731786289619051
1.0,0.0,0.41895554076278535,1.0,0.0,0.41060754835865354
1.0,1.0,0.6666333065028303,1.0,0.0,0.42916477275458886
0.0,0.0,0.4532639952292681,1.0,1.0,0.5477392258305248
1.0,1.0,0.5567301000230056,0.0,1.0,0.5628401379295482
1.0,1.0,0.5126177206834226,0.0,1.0,0.6385356684714162
0.0,0.0,0.3831493990746019,1.0,1.0,0.6314754402594087
1.0,1.0,0.5071433929416884,0.0,0.0,0.43234721486101607
1.0,1.0,0.6592187431656472,1.0,0.0,0.4166044528481072
1.0,1.0,0.7116298043558581,1.0,1.0,0.5992782884546733
0.0,0.0,0.4384663558924197,1.0,1.0,0.7412819090637487
0.0,0.0,0.4031501288644972,1.0,1.0,0.5628031842734258
1.0,1.0,0.517858995003973,1.0,0.0,0.4955063108097715
0.0,0.0,0.41853407598398795,1.0,0.0,0.4302624167879469
1.0,1.0,0.5300070406284233,0.0,0.0,0.3746713823752818
1.0,0.0,0.363302771164571,0.0,0.0,0.43828629921612683
0.0,0.0,0.33026635361062423,1.0,1.0,0.58256856782631
0.0,0.0,0.432691279272477,1.0,1.0,0.6329582195840476
0.0,0.0,0.3782176968198824,1.0,1.0,0.5351241493683737
0.0,0.0,0.3256400988824321,1.0,1.0,0.6669955294031502
1.0,1.0,0.8485047592733987,0.0,0.0,0.4962033550543154
0.0,0.0,0.40872341196154843,0.0,0.0,0.35524437604992165
0.0,0.0,0.42532332032688713,1.0,0.0,0.49395743694818395
1.0,1.0,0.6036678804225787,0.0,0.0,0.36808010915791267
1.0,1.0,0.8252457658373838,0.0,0.0,0.4068443360855709
0.0,0.0,0.3773444552808178,0.0,0.0,0.3285379668949022
0.0,0.0,0.3622952582423435,1.0,1.0,0.5842886327451188
1.0,0.0,0.48804246625532244,0.0,0.0,0.408155325918816
0.0,1.0,0.5407266310168158,0.0,0.0,0.4756687556897149
0.0,0.0,0.47299686508360217,0.0,0.0,0.33445544255352594
1.0,0.0,0.4685876535127103,0.0,1.0,0.613851499139099
1.0,1.0,0.5764832107726964,0.0,0.0,0.47722384718322286
0.0,0.0,0.39802130083084664,0.0,1.0,0.6835011621769386
1.0,0.0,0.37715424960778243,0.0,0.0,0.35884708114278374
1.0,1.0,0.633692786664268,1.0,1.0,0.570956948552975
0.0,0.0,0.45330509774612315,1.0,1.0,0.6060581528372931
1.0,1.0,0.5036325378379723,1.0,1.0,0.5925351471204138
1.0,1.0,0.6312879404538888,0.0,0.0,0.3663178350646409
0.0,0.0,0.3751908200619713,1.0,1.0,0.633268874917591
1.0,1.0,0.5835599110666735,0.0,0.0,0.4034661437167613
0.0,0.0,0.3998757790918389,1.0,0.0,0.49114112643040625
0.0,0.0,0.3016483002410487,0.0,1.0,0.5192372332161
0.0,0.0,0.37429825232821656,0.0,0.0,0.390353623995817
0.0,0.0,0.37446834804625967,0.0,0.0,0.37588396788779144
0.0,0.0,0.2603712646059559,0.0,0.0,0.3301894639439287
1.0,1.0,0.5301039972087209,0.0,0.0,0.39603370325784676
0.0,0.0,0.45096783880939834,0.0,0.0,0.4032262896046308
1.0,1.0,0.7119471340781189,1.0,1.0,0.5287356617632764
0.0,0.0,0.3664974314457497,0.0,0.0,0.3581704429205216
1.0,1.0,0.565842341703606,1.0,1.0,0.7204429527321194
0.0,1.0,0.5087694032230864,1.0,0.0,0.44881842114014375
0.0,0.0,0.40651145039930087,1.0,1.0,0.6417485421812994
0.0,1.0,0.50561853288614,1.0,1.0,0.8237343134578622
0.0,0.0,0.36543123827641866,1.0,1.0,0.5521959582865384
1.0,1.0,0.7906347097629753,1.0,1.0,0.5254651253507752
1.0,0.0,0.45820243803114447,1.0,1.0,0.5454192251068123
1.0,0.0,0.43321470685639063,1.0,1.0,0.5795207921119621
0.0,1.0,0.6204952291101401,1.0,1.0,0.5604109917438665
0.0,0.0,0.40691827503023137,0.0,0.0,0.39918847225265425
0.0,0.0,0.4248528970665854,1.0,0.0,0.4109841420452306
0.0,0.0,0.398803536546684,1.0,0.0,0.4731666852361595
1.0,0.0,0.4711527877734607,1.0,1.0,0.6720104294767256
1.0,0.0,0.4804955362178216,0.0,0.0,0.3711859265374794
1.0,0.0,0.4980168284510585,0.0,0.0,0.29190170442011604
0.0,1.0,0.5191165354843725,0.0,0.0,0.307304211290513
1.0,0.0,0.4293551699220237,1.0,1.0,0.6013218050184634
0.0,0.0,0.40432643641135657,1.0,1.0,0.5810001170870865
1.0,1.0,0.5148690718549157,1.0,0.0,0.45547311739654256
0.0,0.0,0.27865404502695257,1.0,0.0,0.38622702190042807
0.0,0.0,0.4441539126971681,0.0,0.0,0.39133687808149614
1.0,0.0,0.3510674014776853,1.0,1.0,0.5492570658540528
0.0,0.0,0.3910705609711267,1.0,1.0,0.7806220869677162
0.0,0.0,0.35434411228045315,1.0,1.0,0.7350781252135338
1.0,1.0,0.5202625491372577,1.0,0.0,0.4977647048493949
0.0,0.0,0.3925684811080727,1.0,0.0,0.44747400948102933
1.0,1.0,0.5026100796481732,0.0,0.0,0.3797976779071318
0.0,0.0,0.3633937706717746,0.0,0.0,0.46031586746803504
1.0,0.0,0.4088273661604508,0.0,0.0,0.3845249870835311
0.0,0.0,0.3594777661217862,1.0,1.0,0.5759789567479863
0.0,0.0,0.4289924615579504,0.0,0.0,0.4255878196132803
0.0,0.0,0.32768991108117507,0.0,1.0,0.5625578735506767
1.0,0.0,0.37542483311275354,0.0,0.0,0.3694347310715023
0.0,1.0,0.5097907354555827,0.0,0.0,0.4143827080805905
0.0,0.0,0.38171398878665036,0.0,0.0,0.3600339969406785
1.0,1.0,0.697858975944361,1.0,0.0,0.48306314055438365
0.0,0.0,0.4515867425081149,1.0,0.0,0.38669044689587895
0.0,0.0,0.398808546296998,0.0,0.0,0.3587869015919633
0.0,0.0,0.4729103697614823,1.0,1.0,0.5447088907400652
0.0,0.0,0.3826062114372038,1.0,0.0,0.43883536258685996
1.0,0.0,0.47879370230643914,1.0,1.0,0.5325093753942225
0.0,0.0,0.32220328047755203,1.0,0.0,0.4228917277272731
1.0,0.0,0.49138625201120645,0.0,0.0,0.4656816509757772
1.0,1.0,0.6716212665925613,1.0,0.0,0.4298441448447909
0.0,1.0,0.5203351269041868,0.0,0.0,0.3797578083932824
0.0,0.0,0.4865944492301729,1.0,0.0,0.49232948575087165
0.0,0.0,0.42540577588740724,1.0,1.0,0.523522018933058
1.0,0.0,0.432691279272477,1.0,1.0,0.5690203664484066
1.0,0.0,0.3693437298325806,1.0,0.0,0.40470069856909324
1.0,1.0,0.5314873075470015,1.0,1.0,0.5576211799856025
1.0,1.0,0.5896885228485624,1.0,0.0,0.4314380089215112
1.0,1.0,0.5549651798962756,0.0,0.0,0.43460292415491386
0.0,0.0,0.37053427935186106,1.0,1.0,0.5617198624654557
1.0,0.0,0.4696510998685438,1.0,1.0,0.5242693367378882
0.0,1.0,0.5529218333343789,1.0,1.0,0.7100404836268455
0.0,0.0,0.3631847192801221,1.0,1.0,0.6085404950664354
1.0,0.0,0.4504442380801901,0.0,0.0,0.4253121714206252
0.0,0.0,0.4464718009407641,0.0,0.0,0.43133710750370297
0.0,0.0,0.3413678962449196,1.0,1.0,0.6818114595389744
0.0,0.0,0.4612911225996354,0.0,0.0,0.43786501509076087
1.0,1.0,0.8350112518568078,1.0,0.0,0.33110762580410225
0.0,1.0,0.5001798007653462,1.0,1.0,0.5083620342063364
1.0,0.0,0.48168504962876324,1.0,0.0,0.44807367331776077
1.0,1.0,0.6918669329602856,0.0,0.0,0.3971600172613913
1.0,0.0,0.41008070972051486,1.0,1.0,0.7648220459015306
1.0,0.0,0.4089334565393937,0.0,0.0,0.4950664722238804
0.0,0.0,0.3975843333676838,0.0,0.0,0.38674631367393053
0.0,0.0,0.4850851433227124,0.0,0.0,0.40093797709005896
1.0,1.0,0.652647788579005,1.0,0.0,0.4955426446382
0.0,0.0,0.37854131752511255,1.0,1.0,0.8602959228141084
0.0,0.0,0.3757954456161454,1.0,0.0,0.45135371090681686
0.0,0.0,0.46624637728636814,1.0,1.0,0.7027357616830295
1.0,1.0,0.8268960756790988,0.0,0.0,0.3805213543891064
0.0,1.0,0.5447314646157758,0.0,0.0,0.35830531543402055
1.0,1.0,0.5637268799206243,1.0,0.0,0.4938006082955153
0.0,0.0,0.40915664434752125,1.0,0.0,0.4658157279218363
0.0,0.0,0.3658159835775938,1.0,0.0,0.44412637592129556
1.0,0.0,0.4483984446513006,0.0,0.0,0.4158531376270173
1.0,0.0,0.48799063064739095,0.0,0.0,0.4286804754951457
0.0,1.0,0.6457975712012185,0.0,0.0,0.45850285004090385
1.0,1.0,0.5841803235981483,0.0,0.0,0.3224467193196919
0.0,0.0,0.40688424991050426,0.0,0.0,0.40338255356582436
1.0,0.0,0.4969123943469975,0.0,0.0,0.36578795299926464
1.0,1.0,0.5561605517527013,1.0,1.0,0.7621253353856129
0.0,1.0,0.6588984438112658,0.0,0.0,0.34029363842043103
1.0,1.0,0.5728166229025633,0.0,0.0,0.397369359253618
1.0,0.0,0.4891443638824956,0.0,0.0,0.4497889299531241
1.0,1.0,0.602223959135369,1.0,1.0,0.580224204838271
0.0,0.0,0.451277063720218,0.0,0.0,0.4099459623301568
0.0,0.0,0.41111195514202614,1.0,1.0,0.7310067346761653
1.0,0.0,0.4395323330462099,0.0,0.0,0.3472766966573709
1.0,1.0,0.5469889239222979,1.0,1.0,0.6731608268279562
1.0,1.0,0.5791924578040553,1.0,1.0,0.5972896881969672
0.0,0.0,0.4391784791755547,0.0,0.0,0.45779062171428003
0.0,0.0,0.4891070125703992,0.0,0.0,0.4853331786255669
1.0,1.0,0.702493659329724,0.0,0.0,0.38521188772882686
1.0,1.0,0.5674726109428204,0.0,0.0,0.42000074012405564
0.0,0.0,0.3983623295360246,0.0,0.0,0.3885496197988871
1.0,0.0,0.4656980716928384,1.0,1.0,0.50154264114625
0.0,0.0,0.33607969246385727,0.0,0.0,0.44831616345716624
0.0,0.0,0.3306344121726699,0.0,0.0,0.4226593339466777
1.0,1.0,0.540410968128436,0.0,0.0,0.35623747996791516
0.0,0.0,0.4093709484881256,0.0,0.0,0.3411835547909746
0.0,0.0,0.39105969052882034,0.0,0.0,0.47634769053019077
0.0,0.0,0.4660220665639639,1.0,0.0,0.40016831709648765
1.0,1.0,0.8481477927214837,0.0,1.0,0.5121002883942077
0.0,0.0,0.4342574523972126,0.0,0.0,0.4230432119582956
0.0,0.0,0.4539736014845338,0.0,0.0,0.49393335251370657
0.0,0.0,0.40931943190191733,1.0,1.0,0.6114260238277459
1.0,1.0,0.5038379536279084,1.0,0.0,0.36564577906694823
1.0,1.0,0.5166584863776065,0.0,0.0,0.3899077937704263
0.0,0.0,0.46077116598395934,0.0,0.0,0.35888334226465474
0.0,0.0,0.4052567235268753,0.0,0.0,0.3201229545385821
1.0,1.0,0.5337662877240791,1.0,1.0,0.5377303573353298
1.0,0.0,0.46746300528246154,0.0,1.0,0.5005327882720998
1.0,1.0,0.6553432150948549,1.0,0.0,0.4907421887743106
0.0,1.0,0.5010395314076098,1.0,0.0,0.45537872696804904
0.0,0.0,0.3244586873950053,1.0,0.0,0.3962865004701709
0.0,0.0,0.3551781661528329,1.0,0.0,0.40247041044161164
0.0,0.0,0.4753634226725509,0.0,1.0,0.6778118648815146
0.0,0.0,0.3776964971196648,0.0,0.0,0.3466990204656804
0.0,1.0,0.5398113981750834,1.0,1.0,0.8602959228141084
0.0,0.0,0.4116388021986404,1.0,0.0,0.45472123751262394
1.0,1.0,0.537332494711444,0.0,0.0,0.3152386348871299
1.0,0.0,0.49934837598406756,0.0,0.0,0.3837172320778932
0.0,0.0,0.36246497676629835,1.0,0.0,0.4882849998997522
1.0,0.0,0.4508033194365684,1.0,1.0,0.6392742343542949
0.0,0.0,0.410209987402501,1.0,0.0,0.45725692373612165
1.0,0.0,0.359047536826264,1.0,0.0,0.44607291979116254
1.0,1.0,0.5946173595884425,0.0,0.0,0.3570905200377487
0.0,0.0,0.39289701215595935,0.0,0.0,0.48487943455728855
0.0,0.0,0.4544567334246332,0.0,0.0,0.3929059364014561
1.0,0.0,0.38008105765792893,1.0,1.0,0.6058190273469225
0.0,0.0,0.48258164501311973,0.0,0.0,0.37985962572802096
0.0,0.0,0.48662315087843483,0.0,0.0,0.40583386027227414
1.0,0.0,0.4224883936509473,0.0,0.0,0.43399982521978514
1.0,1.0,0.5289694171791924,1.0,1.0,0.6189809785099499
1.0,0.0,0.3913368946486945,0.0,0.0,0.44040750024357445
0.0,0.0,0.40218240050653264,0.0,0.0,0.4058183644900413
1.0,1.0,0.7322864847818977,0.0,0.0,0.29545826880902587
1.0,1.0,0.6688205171630281,0.0,0.0,0.4680673623393691
0.0,0.0,0.45127292782352973,0.0,0.0,0.4904071523620727
0.0,0.0,0.39034764400695027,0.0,0.0,0.4319167094102027
0.0,0.0,0.3704041628335995,0.0,0.0,0.39588473820929837
0.0,0.0,0.386522459528821,1.0,1.0,0.7595222404753489
1.0,0.0,0.46219071771790476,1.0,0.0,0.49182134840095665
0.0,0.0,0.3698602779926807,0.0,0.0,0.40770811954536795
0.0,0.0,0.45770897632509444,0.0,0.0,0.3763042614813227
1.0,1.0,0.6786587494947003,1.0,0.0,0.37001630216478254
1.0,1.0,0.5613947269756218,0.0,0.0,0.44258891840203163
1.0,1.0,0.550797981280604,0.0,0.0,0.39561550448470084
0.0,0.0,0.46168458100803955,1.0,1.0,0.6193222941334735
0.0,0.0,0.4209276276855975,0.0,0.0,0.46469655231797174
0.0,0.0,0.4315757479341974,1.0,1.0,0.5415019810759223
1.0,0.0,0.33045812519907847,0.0,0.0,0.4015799138606734
1.0,1.0,0.5238777482615872,1.0,1.0,0.5047684424189857
1.0,0.0,0.49566370086542266,1.0,1.0,0.5801380823067339
1.0,0.0,0.4671226560579575,0.0,0.0,0.43007463539695734
0.0,0.0,0.4380361373630346,0.0,0.0,0.4205207679147467
0.0,0.0,0.4035883656808592,1.0,1.0,0.5371818723679394
0.0,0.0,0.4386629984400634,0.0,0.0,0.4405619785796502
1.0,0.0,0.4585477724473603,1.0,0.0,0.42208962186218735
0.0,0.0,0.380685568808555,1.0,0.0,0.4137687986139131
0.0,0.0,0.32035174978521785,0.0,0.0,0.36067156235797115
0.0,0.0,0.39941068126312473,0.0,0.0,0.488803934976278
0.0,0.0,0.4670896126624476,1.0,0.0,0.42470202803766377
1.0,0.0,0.474986973461803,0.0,1.0,0.5357156269939068
1.0,1.0,0.7420682835051328,1.0,1.0,0.5166584863776065
0.0,0.0,0.35832531578875126,1.0,1.0,0.6118870082317533
1.0,1.0,0.7716117632247422,0.0,0.0,0.38494606896472405
1.0,1.0,0.5951229200453529,0.0,0.0,0.4322483993384224
1.0,0.0,0.45818069027609043,1.0,1.0,0.7960870668928521
0.0,0.0,0.4227397696404676,1.0,0.0,0.402772221610672
0.0,1.0,0.5128809871738771,1.0,1.0,0.5474626364345112
0.0,0.0,0.3837460103156203,1.0,0.0,0.4357069310856335
1.0,1.0,0.5610621520879305,1.0,0.0,0.4606934863561075
1.0,0.0,0.4170497226494544,0.0,0.0,0.4471177274044051
1.0,0.0,0.44335173165117775,0.0,0.0,0.3857029096979792
1.0,0.0,0.4700785033536247,0.0,0.0,0.4231986346404916
1.0,0.0,0.44542465234231116,1.0,1.0,0.6138101644285741
0.0,0.0,0.4075115969856538,0.0,0.0,0.43563122461786513
0.0,0.0,0.4070419499524296,0.0,0.0,0.3414134675338653
0.0,0.0,0.3850963844554138,0.0,0.0,0.39330908124823105
0.0,0.0,0.4039633046412643,0.0,0.0,0.3422806989547604
1.0,1.0,0.6621452843534147,1.0,1.0,0.7159138678470924
1.0,1.0,0.7626075465780352,1.0,1.0,0.5382756077614612
0.0,0.0,0.3157201255376063,1.0,1.0,0.5470642213667376
1.0,1.0,0.7072416819512477,1.0,0.0,0.4560019457115466
1.0,0.0,0.4003359210086001,0.0,0.0,0.37968099070612615
0.0,0.0,0.48269830309461703,0.0,0.0,0.4244994076205032
0.0,0.0,0.48051503780846416,1.0,0.0,0.36074803846451076
0.0,0.0,0.36889477494526735,0.0,0.0,0.33178116357699394
1.0,1.0,0.5646700338644417,1.0,1.0,0.5097892416875206
1.0,1.0,0.5000810142131888,0.0,0.0,0.45046319379530864
0.0,0.0,0.44719602299072114,0.0,0.0,0.4799402451985946
1.0,0.0,0.39388589971724675,0.0,0.0,0.4226686286255277
0.0,0.0,0.3552208266518415,1.0,0.0,0.48849365550506535
0.0,0.0,0.4372785921006433,0.0,0.0,0.4423046795028645
1.0,1.0,0.6669470298139916,1.0,0.0,0.3922428640952754
1.0,1.0,0.5621855586681994,1.0,1.0,0.5392213361302872
1.0,0.0,0.4203543695200815,0.0,0.0,0.4369103573785598
0.0,0.0,0.4075635865864544,0.0,0.0,0.4442103960753667
0.0,0.0,0.3237350901856867,1.0,1.0,0.6515966336163396
1.0,1.0,0.6211134537438664,0.0,0.0,0.4598754087865606
1.0,1.0,0.7314161007148712,1.0,0.0,0.3774756821290293
0.0,1.0,0.5620048314923491,1.0,1.0,0.7072485940469723
0.0,0.0,0.4873178972959111,0.0,0.0,0.47751867824823924
0.0,0.0,0.3860841993140693,1.0,1.0,0.5304719669978173
0.0,0.0,0.45134511310390435,1.0,1.0,0.6930342246918285
0.0,0.0,0.41811717491904543,1.0,0.0,0.46400768003009396
1.0,0.0,0.3843217338725392,0.0,0.0,0.39246139650041967
1.0,1.0,0.5349024579128507,0.0,0.0,0.43871971143249655
0.0,0.0,0.3534000288394909,0.0,1.0,0.5743249003659694
1.0,1.0,0.5486617989048276,0.0,0.0,0.42803287434762327
1.0,0.0,0.4493298063417282,0.0,1.0,0.5448978736487079
0.0,0.0,0.43057709517575427,1.0,0.0,0.4732030825586757
0.0,0.0,0.45912423434426997,1.0,1.0,0.6426802985306608
0.0,0.0,0.46101354110399617,0.0,0.0,0.377640240116744
0.0,0.0,0.449698586280781,1.0,1.0,0.5441365357920599
0.0,0.0,0.3862366458623345,0.0,0.0,0.3561265826084903
0.0,0.0,0.35652695000882945,0.0,0.0,0.4291355068293414
0.0,0.0,0.4705166860635981,1.0,1.0,0.5056457356329563
1.0,1.0,0.7213162656448767,1.0,1.0,0.8091423463687168
1.0,1.0,0.5504404794665178,0.0,0.0,0.4278308144296622
0.0,0.0,0.4054611738573496,0.0,1.0,0.5344558538985629
0.0,0.0,0.3749713692192584,0.0,0.0,0.4175602093148486
1.0,0.0,0.49544193111413337,0.0,0.0,0.36143610340659404
1.0,1.0,0.7251431379606567,0.0,1.0,0.5831496984624731
0.0,0.0,0.3400973823003771,0.0,0.0,0.3825230232863436
1.0,0.0,0.49452719821555263,0.0,0.0,0.37029358517238997
0.0,0.0,0.410633609096861,0.0,0.0,0.43761850970183636
0.0,0.0,0.3766950758925316,1.0,0.0,0.38093573815718945
1.0,1.0,0.6991280792429205,0.0,0.0,0.4070037696204441
1.0,1.0,0.6104391964854788,0.0,0.0,0.381229200529823
1.0,1.0,0.7432722413919847,0.0,0.0,0.3866636155364553
1.0,1.0,0.6030262023887609,1.0,1.0,0.5669222072515164
1.0,1.0,0.5337315750503049,1.0,1.0,0.5661887010208223
0.0,0.0,0.34615511947484956,0.0,0.0,0.4819411879004257
1.0,1.0,0.6946060305833761,0.0,0.0,0.4452084910790291
0.0,0.0,0.4838932366507169,0.0,0.0,0.39771134939397046
0.0,0.0,0.3671238651108428,1.0,0.0,0.43248753287473773
0.0,0.0,0.40955300499344427,1.0,1.0,0.5688685923453898
1.0,0.0,0.4458992306867925,0.0,0.0,0.4736146229631062
1.0,1.0,0.7212277144969302,0.0,0.0,0.3547018733354963
1.0,1.0,0.5089153588024372,1.0,0.0,0.4478174307926811
0.0,0.0,0.33353418058261625,1.0,1.0,0.6780747259808134
1.0,1.0,0.7469773952690372,0.0,0.0,0.40509459205767867
1.0,0.0,0.4651614902177607,0.0,0.0,0.38396614445064514
1.0,0.0,0.4780375902166393,0.0,0.0,0.44909031644865505
0.0,1.0,0.5180024175864143,1.0,1.0,0.5179626315790324
1.0,0.0,0.4188745900241026,0.0,0.0,0.4509056669746597
1.0,0.0,0.39616855287972896,1.0,1.0,0.6148801359355898
0.0,0.0,0.36528680956620774,0.0,0.0,0.47213257216230686
0.0,0.0,0.47673134932171507,0.0,0.0,0.428011804130526
1.0,1.0,0.6933472045015274,1.0,1.0,0.651724015043008
0.0,1.0,0.5941818797905141,1.0,0.0,0.45016031924515226
0.0,0.0,0.4893359424343855,0.0,0.0,0.4232297339303178
1.0,1.0,0.5478823920448721,1.0,1.0,0.5380731383825851
0.0,0.0,0.4043427311299702,1.0,1.0,0.7470155120801608
0.0,0.0,0.3963412174211948,0.0,0.0,0.38809133185729905
1.0,1.0,0.5338614115801401,0.0,0.0,0.4384622883728819
0.0,0.0,0.3960222483714881,0.0,0.0,0.48802345277925285
1.0,0.0,0.4628705765697446,0.0,0.0,0.3858080967015486
0.0,0.0,0.3532383860030706,1.0,1.0,0.661363340313812
0.0,0.0,0.3947501947319265,0.0,1.0,0.5942732882650116
0.0,0.0,0.32418739738607416,1.0,1.0,0.6132843604941527
0.0,0.0,0.4137332924798567,1.0,1.0,0.6518976986571369
0.0,0.0,0.4903414122892955,1.0,0.0,0.322326335118075
1.0,0.0,0.43577054520334896,0.0,0.0,0.4380582176204208
1.0,0.0,0.4659458635717765,0.0,0.0,0.40260459398804777
1.0,0.0,0.4877323903597023,1.0,0.0,0.4219325019816445
0.0,0.0,0.41067243250916385,1.0,0.0,0.3823975398816536
0.0,0.0,0.40138779538458275,1.0,1.0,0.5633211763436398
0.0,0.0,0.41712007466706796,0.0,0.0,0.43924654901624416
0.0,0.0,0.36561465452307834,0.0,0.0,0.406791294855996
1.0,1.0,0.5074205736048207,0.0,0.0,0.3609929120430087
1.0,0.0,0.4193154778137779,0.0,0.0,0.39391029723548016
0.0,0.0,0.4776452318378633,1.0,0.0,0.44640656756845715
1.0,0.0,0.4142108539836022,1.0,1.0,0.5974888868895151
0.0,0.0,0.45412462182639346,0.0,0.0,0.3916483921764272
0.0,0.0,0.3203275190996014,1.0,0.0,0.46755092204503973
0.0,0.0,0.4023210303342766,0.0,0.0,0.3157038515271346
0.0,0.0,0.3653025326594001,0.0,0.0,0.3425921882229806
0.0,1.0,0.502983007113269,1.0,1.0,0.5938268562561917
1.0,1.0,0.5620578508387589,1.0,0.0,0.4938475062123894
1.0,0.0,0.3967325287138806,0.0,0.0,0.4450468318518021
0.0,0.0,0.35433197785004195,0.0,0.0,0.4761467032857029
1.0,1.0,0.818591909349827,0.0,0.0,0.36476191624309906
1.0,1.0,0.5212959809186148,0.0,0.0,0.4122352357690844
1.0,1.0,0.6736011184403315,1.0,0.0,0.4378223581681693
1.0,1.0,0.5282449998852574,1.0,1.0,0.5302619254276363
1.0,1.0,0.5561882809118193,1.0,1.0,0.503717044285934
1.0,0.0,0.4808946277010025,1.0,1.0,0.7946931220230524
1.0,1.0,0.719239832688395,0.0,0.0,0.40460696292030335
1.0,1.0,0.533689113007624,0.0,0.0,0.38476291141778046
1.0,1.0,0.5816074874395368,1.0,1.0,0.6154649182656677
0.0,0.0,0.42845451603415896,0.0,0.0,0.3926745666644093
1.0,0.0,0.4351704413289039,0.0,0.0,0.38840101491106893
0.0,1.0,0.516392685456391,1.0,1.0,0.5048482598593673
0.0,0.0,0.4323803608329492,0.0,0.0,0.467980951172018
0.0,1.0,0.5048454271644092,0.0,1.0,0.5929592085410864
0.0,0.0,0.3406493160271811,1.0,0.0,0.3775621095169894
0.0,0.0,0.3885389256016735,1.0,1.0,0.6239702324345147
0.0,0.0,0.3917743620633501,1.0,1.0,0.7273724868525503
1.0,0.0,0.4547484641653655,1.0,1.0,0.7824850187268052
1.0,1.0,0.5475215410511564,0.0,0.0,0.43965814494644934
1.0,1.0,0.613941994130059,0.0,0.0,0.357916731161129
0.0,0.0,0.3047018834537884,1.0,1.0,0.5269130857560027
1.0,0.0,0.4923111707969494,0.0,0.0,0.43802714486271993
0.0,0.0,0.3724874904894543,0.0,0.0,0.46625475530166227
1.0,1.0,0.8744601224770336,1.0,1.0,0.563253362315869
1.0,1.0,0.5154944486018507,1.0,1.0,0.5371772389156376
1.0,0.0,0.49715284790833464,0.0,0.0,0.49031665340748787
0.0,0.0,0.41352087307914465,0.0,1.0,0.5637129674796233
0.0,0.0,0.37155136135660877,0.0,0.0,0.45739938632552857
1.0,0.0,0.4985219431805147,1.0,1.0,0.5325251358146965
0.0,0.0,0.4084328403486383,1.0,1.0,0.7658006679168992
1.0,0.0,0.445262915081267,1.0,1.0,0.582764633016146
1.0,1.0,0.5210764796286476,0.0,1.0,0.5089987572724736
0.0,0.0,0.3946933320376796,1.0,1.0,0.5150239905359485
1.0,1.0,0.7342415800650742,1.0,1.0,0.62787588856892
0.0,0.0,0.4627865594882848,0.0,0.0,0.3692891230256965
0.0,0.0,0.4474666807395141,1.0,1.0,0.5287773584261387
1.0,1.0,0.5741643025895883,0.0,1.0,0.5783219993212463
1.0,1.0,0.5688998668636991,1.0,0.0,0.45101755438411073
1.0,0.0,0.4786979959053913,1.0,1.0,0.5261455731724728
0.0,0.0,0.37839990897671316,1.0,0.0,0.4138445593694421
1.0,0.0,0.3486161989899774,1.0,1.0,0.5356990328248772
0.0,0.0,0.4111008910907154,1.0,1.0,0.5987980634256392
0.0,0.0,0.32801305838187433,0.0,0.0,0.3895802738875769
0.0,0.0,0.3925241229700379,0.0,0.0,0.46222384285339346
1.0,1.0,0.5511862270416945,0.0,0.0,0.35998847101060044
1.0,0.0,0.4753096844362986,0.0,0.0,0.4850424738144239
0.0,0.0,0.412238588964393,1.0,1.0,0.6080770453287492
1.0,1.0,0.5647966627821637,1.0,0.0,0.4142863753927004
0.0,0.0,0.38396614445064514,1.0,0.0,0.4863945424351596
0.0,0.0,0.4057504924387663,1.0,1.0,0.5376089596184294
0.0,0.0,0.4809460280996502,0.0,0.0,0.35764229729959934
0.0,0.0,0.40317808057464694,1.0,1.0,0.52881667651988
1.0,0.0,0.37925203331408947,0.0,0.0,0.3782926242024185
1.0,0.0,0.42756275486256584,1.0,1.0,0.6400064716754656
0.0,0.0,0.3884584805920963,0.0,0.0,0.3244439161470937
1.0,0.0,0.3638185784473854,0.0,0.0,0.37845039310702333
0.0,0.0,0.3904946152306089,0.0,1.0,0.596305373524495
1.0,1.0,0.6531383426657014,0.0,0.0,0.3602939940145788
0.0,1.0,0.5614542349860163,1.0,0.0,0.49751803266064587
1.0,1.0,0.6208458374155802,0.0,0.0,0.3980205461880139
0.0,0.0,0.30357760050871346,1.0,1.0,0.5033205521813768
1.0,0.0,0.4906118795628337,1.0,1.0,0.610052642141465
1.0,1.0,0.5623964271203995,0.0,0.0,0.39610321133400767
0.0,1.0,0.6456266429229528,1.0,1.0,0.617995968105769
1.0,1.0,0.5785259702812302,0.0,0.0,0.3549143886212698
1.0,1.0,0.7247077610944888,1.0,0.0,0.36869157272305714
1.0,1.0,0.6636217070360019,0.0,0.0,0.39652384301535193
0.0,0.0,0.4108878600460809,1.0,1.0,0.5209678508542435
1.0,1.0,0.5374948602019053,1.0,0.0,0.4138599094672573
0.0,1.0,0.5151595086563351,1.0,0.0,0.3665858848777901
0.0,0.0,0.37585535594669606,1.0,1.0,0.5374085135895482
1.0,1.0,0.5731292727943634,1.0,0.0,0.443248976659536
0.0,0.0,0.36896095754769476,1.0,1.0,0.5299241416559923
1.0,1.0,0.5102736953927924,1.0,1.0,0.5242692436272843
1.0,1.0,0.7571917468595005,1.0,1.0,0.6398184448345898
0.0,0.0,0.39749063449698807,0.0,0.0,0.411405817512646
0.0,0.0,0.4801120877520871,1.0,0.0,0.476803890704563
1.0,1.0,0.5251930940716434,0.0,0.0,0.4147949871353449
0.0,0.0,0.45319859390950545,1.0,0.0,0.41106166346813217
0.0,0.0,0.3614945732060054,1.0,1.0,0.5859792598968967
1.0,1.0,0.5427322915782579,1.0,1.0,0.5901532877439001
1.0,0.0,0.40985438585284684,1.0,1.0,0.5978245129151218
1.0,1.0,0.5686467089348606,0.0,0.0,0.4342415795353813
0.0,0.0,0.41202570784505854,0.0,0.0,0.4235880156658135
1.0,0.0,0.46219823617421146,0.0,0.0,0.4636335378367089
1.0,0.0,0.4284959278332351,0.0,0.0,0.3742812184965406
0.0,0.0,0.36583874010231,1.0,0.0,0.44357552575791365
1.0,1.0,0.520256264137353,1.0,0.0,0.4107851330879588
0.0,0.0,0.28378135441894775,0.0,1.0,0.5305286222992105
1.0,1.0,0.5117177794424967,0.0,0.0,0.37939110162407724
1.0,0.0,0.45355388666119223,1.0,0.0,0.40887925727806523
0.0,0.0,0.37704851465752426,0.0,0.0,0.38426105974956193
0.0,1.0,0.507860439092115,0.0,1.0,0.5198773237422445
1.0,1.0,0.5959252962435306,1.0,0.0,0.4469927056457815
1.0,0.0,0.40993520246665294,1.0,1.0,0.7738409572497095
1.0,1.0,0.5946505311232684,1.0,1.0,0.5784885460091919
1.0,0.0,0.4097330401609266,0.0,0.0,0.4990403482231909
1.0,0.0,0.3660589377323192,0.0,0.0,0.3932472212807388
1.0,1.0,0.79990522108054,0.0,0.0,0.43552879502838526
1.0,1.0,0.5634357877751195,1.0,0.0,0.4207359007100633
0.0,0.0,0.3641335267181697,1.0,0.0,0.4639258238602618
1.0,0.0,0.3829024769447465,0.0,0.0,0.3981703973703688
1.0,0.0,0.4920381869014724,0.0,0.0,0.4149896660250477
0.0,0.0,0.34926557400569613,1.0,1.0,0.7240345412988828
1.0,0.0,0.4694680067712386,1.0,1.0,0.5482167670251706
1.0,1.0,0.5847822387917951,1.0,0.0,0.43546367378102596
0.0,0.0,0.4282942545122414,0.0,0.0,0.4540069298729809
0.0,0.0,0.43672856546128563,1.0,1.0,0.6162461392432464
1.0,0.0,0.4057170794324925,0.0,1.0,0.538146102318529
0.0,0.0,0.4092865272228037,1.0,1.0,0.5738238111173392
0.0,0.0,0.3722271867147805,1.0,1.0,0.545145509549125
0.0,0.0,0.4941303780022512,0.0,0.0,0.4231213202239041
0.0,0.0,0.4610043397496683,0.0,0.0,0.4010487272075784
1.0,0.0,0.4365146947209231,0.0,0.0,0.252255163395466
1.0,0.0,0.4579296092998632,0.0,0.0,0.4429575845503887
1.0,1.0,0.5656522102180618,0.0,1.0,0.5220075474547913
1.0,1.0,0.510097475782122,0.0,0.0,0.3666686705175837
1.0,1.0,0.5094320607448583,0.0,0.0,0.36056290984189227
1.0,1.0,0.5124737273245534,0.0,0.0,0.45709633848224357
1.0,0.0,0.4990391037699983,1.0,0.0,0.4126581059275472
1.0,1.0,0.6213472495256513,1.0,1.0,0.5902164162946789
0.0,0.0,0.4189316464965178,0.0,0.0,0.3543288771217604
0.0,0.0,0.3664642700353049,0.0,0.0,0.46137220509613924
0.0,0.0,0.4484113293104028,1.0,0.0,0.4262096534317704
0.0,0.0,0.3326124883877784,0.0,0.0,0.4108308770893892
1.0,0.0,0.47021447170247227,0.0,1.0,0.5257394270828295
1.0,1.0,0.5276768717544692,1.0,1.0,0.5191496379943246
1.0,0.0,0.4121668401794512,0.0,0.0,0.3789755547142365
0.0,0.0,0.42813388831002336,0.0,0.0,0.47676116047354433
0.0,0.0,0.3941443404897326,1.0,1.0,0.5927122852446126
1.0,1.0,0.565915322344707,0.0,1.0,0.5041103126492095
0.0,0.0,0.4546433471317375,1.0,0.0,0.49537283457926273
0.0,0.0,0.36434474745206885,0.0,0.0,0.4809853381574222
0.0,0.0,0.4750219774366199,0.0,0.0,0.4130432187575295
1.0,1.0,0.7124961207934664,1.0,1.0,0.5113958651604381
0.0,0.0,0.383019625350857,0.0,1.0,0.5084730427029264
1.0,1.0,0.6175159343316801,1.0,1.0,0.6725514490063428
1.0,0.0,0.3342761028892001,1.0,0.0,0.40684720227463667
0.0,0.0,0.3420793735684308,1.0,1.0,0.5199747277753651
0.0,0.0,0.45276984806255394,0.0,0.0,0.41316493500509366
1.0,0.0,0.4885714090314241,0.0,0.0,0.49708577105410007
1.0,1.0,0.8117474649053825,0.0,0.0,0.4904071523620727
1.0,1.0,0.5579625079642578,0.0,0.0,0.3426903295754017
0.0,1.0,0.6242955709639046,1.0,1.0,0.6183046085576941
1.0,0.0,0.3704938405688704,1.0,1.0,0.5075215057852388
0.0,0.0,0.4568307211952542,1.0,0.0,0.3552994007423527
1.0,1.0,0.5258956445023419,1.0,1.0,0.8318777642320653
1.0,0.0,0.3892082844160531,0.0,0.0,0.4109857236762139
1.0,1.0,0.5373079842077128,0.0,0.0,0.3569237201407875
1.0,1.0,0.7764385028432185,1.0,1.0,0.5233193998350242
1.0,0.0,0.4423863368576071,0.0,0.0,0.448027527455306
0.0,0.0,0.39202632388665676,0.0,0.0,0.40827588756108263
1.0,1.0,0.7293046907607839,1.0,1.0,0.5035931229612662
0.0,0.0,0.4836690203768599,0.0,0.0,0.365715874569019
0.0,0.0,0.34779931841896505,1.0,1.0,0.6639665481642288
0.0,0.0,0.44811192566104086,1.0,1.0,0.6603431907561899
0.0,1.0,0.5689990312172872,1.0,0.0,0.35032957714732005
0.0,0.0,0.3954459864815017,1.0,0.0,0.4668878181068598
0.0,0.0,0.37712985107503516,0.0,1.0,0.5290414905422584
0.0,0.0,0.3326124883877784,0.0,0.0,0.418513099135106
1.0,1.0,0.5066423043274528,0.0,0.0,0.4992078510805711
0.0,0.0,0.3874071382468618,0.0,0.0,0.45804766674786535
1.0,0.0,0.3967002906827951,1.0,1.0,0.5606716494957976
0.0,0.0,0.344487505030237,1.0,0.0,0.3326297014762591
1.0,0.0,0.4963126771443389,0.0,0.0,0.40432843499136056
0.0,1.0,0.5859010923928285,0.0,0.0,0.42791542343944416
1.0,0.0,0.39826697099675,1.0,1.0,0.5215825144685627
1.0,1.0,0.5833712461785701,0.0,0.0,0.3552427792034878
1.0,1.0,0.7588250626860821,1.0,1.0,0.6010929535817717
1.0,1.0,0.7668049064385751,1.0,1.0,0.5310408388347376
1.0,1.0,0.6329821847302702,1.0,0.0,0.48041922127928566
1.0,1.0,0.5539905876524523,1.0,1.0,0.670167838408846
1.0,0.0,0.4107536229777544,0.0,1.0,0.5084399684332577
1.0,0.0,0.485773733906812,0.0,0.0,0.4198970448822276
0.0,0.0,0.3883172727760196,1.0,0.0,0.4181336690556542
0.0,0.0,0.3982773745334967,0.0,0.0,0.4367311414507049
0.0,0.0,0.4556055386224279,1.0,1.0,0.5053758064581263
0.0,0.0,0.4269629355756811,0.0,0.0,0.3681853033251222
0.0,0.0,0.41521389043624446,0.0,1.0,0.5025828219155748
0.0,0.0,0.4208786604909481,0.0,0.0,0.3860841993140693
1.0,1.0,0.5358186276546025,0.0,0.0,0.45385481992668353
0.0,0.0,0.4381456372752025,1.0,1.0,0.5082649303564687
0.0,0.0,0.40155501111225994,0.0,0.0,0.44197353368676034
0.0,0.0,0.3142044634198883,0.0,0.0,0.41328047706518034
0.0,0.0,0.42809263195361935,1.0,1.0,0.8168857300521835
1.0,0.0,0.36912209308223576,0.0,0.0,0.3962152613056294
1.0,0.0,0.41372193887618025,1.0,0.0,0.4472182235548921
1.0,1.0,0.5809153324387444,1.0,1.0,0.6657155278600568
0.0,0.0,0.40789529266187524,0.0,0.0,0.4686571512206949
0.0,0.0,0.4871657278028125,0.0,0.0,0.4677487765661188
1.0,0.0,0.4962254668091628,0.0,1.0,0.5013948688111354
1.0,1.0,0.8156359545749916,1.0,1.0,0.5311807984112271
1.0,1.0,0.6054217298722522,1.0,1.0,0.5002379213961504
0.0,0.0,0.48006473204950967,1.0,0.0,0.40374829341278484
1.0,1.0,0.5013236758397955,1.0,0.0,0.43381064763990657
0.0,0.0,0.3224467193196919,1.0,1.0,0.5028614283114918
0.0,0.0,0.4702232365159103,0.0,0.0,0.47708048296873024
0.0,0.0,0.45077056010800093,0.0,0.0,0.4135337536008876
0.0,0.0,0.4914928639033095,1.0,1.0,0.8373407989883032
1.0,1.0,0.5455800487777159,1.0,1.0,0.6068534729535163
1.0,0.0,0.3695883401396602,0.0,0.0,0.4588594107330492
1.0,1.0,0.5217411051608818,0.0,1.0,0.5586382098887891
0.0,0.0,0.41358138780352155,0.0,0.0,0.39773973700264087
1.0,0.0,0.37594121896590577,1.0,1.0,0.6309323470558932
0.0,0.0,0.4749500074142633,0.0,0.0,0.3952146810421235
0.0,0.0,0.3574247936976561,0.0,0.0,0.3546567517599638
0.0,0.0,0.4326596783054122,1.0,1.0,0.5179957974871338
1.0,0.0,0.4693648630077735,0.0,0.0,0.4053148402700871
0.0,0.0,0.44965911062539676,0.0,0.0,0.4009527222862518
0.0,0.0,0.4203982358474384,0.0,0.0,0.38753913015810837
0.0,0.0,0.33955825763079234,0.0,0.0,0.3651622991092039
0.0,0.0,0.41592443708943216,1.0,1.0,0.6491861645428847
1.0,0.0,0.4220481209574508,0.0,0.0,0.42628725619913205
0.0,0.0,0.4611750112132647,0.0,0.0,0.45631491079846254
0.0,1.0,0.735465313112831,0.0,0.0,0.3698756845850341
1.0,0.0,0.4184942037534587,1.0,1.0,0.6916569769589382
0.0,0.0,0.41717165640130444,1.0,0.0,0.4730245308271094
1.0,1.0,0.5446831134928888,0.0,1.0,0.5008245112868064
1.0,1.0,0.777434059548554,1.0,0.0,0.46558956352588315
0.0,0.0,0.46843643174455335,0.0,0.0,0.47932367898333716
1.0,0.0,0.49093378586218633,0.0,0.0,0.37330726516874724
0.0,0.0,0.46507727970821633,1.0,1.0,0.6485574900323334
1.0,1.0,0.6203543396057853,1.0,1.0,0.5818755510674017
1.0,0.0,0.4993018640310267,0.0,0.0,0.29716491845680987
0.0,0.0,0.37330249924566394,1.0,1.0,0.6002751051908566
1.0,0.0,0.35000959462057646,0.0,0.0,0.42120300576574954
1.0,0.0,0.3995230266628452,1.0,1.0,0.7601223672718668
1.0,1.0,0.6981705026039421,0.0,1.0,0.6086386758104626
1.0,0.0,0.34984123035344394,0.0,0.0,0.48639451580737453
0.0,0.0,0.3614584252275735,0.0,0.0,0.41163536726374017
0.0,0.0,0.46515325022256854,0.0,0.0,0.4877632315790306
1.0,1.0,0.5868128083192532,0.0,0.0,0.48800649463045614
0.0,0.0,0.34385333048522676,0.0,0.0,0.38049235177307167
1.0,0.0,0.49332345590309573,0.0,0.0,0.32618989366714063
1.0,0.0,0.45032120597829184,0.0,0.0,0.4479426374222203
0.0,0.0,0.4367757708752278,0.0,1.0,0.5082638520582932
0.0,0.0,0.4268576955557755,1.0,1.0,0.6504042095608839
0.0,0.0,0.4025873338757252,0.0,0.0,0.3778510555197782
0.0,0.0,0.3807714195828443,1.0,0.0,0.4821686134287945
0.0,0.0,0.4651688320798933,1.0,1.0,0.8558812844535748
0.0,0.0,0.4496429934161141,1.0,0.0,0.4519895854542234
1.0,0.0,0.4810446969952703,1.0,1.0,0.5997170171490068
0.0,0.0,0.4769635948613409,0.0,0.0,0.34211808055426046
0.0,0.0,0.40166692769771667,0.0,0.0,0.3413478314211902
1.0,1.0,0.5118790619188546,1.0,1.0,0.6899118130240971
0.0,0.0,0.4500341114513111,0.0,0.0,0.4895050135612554
1.0,1.0,0.5413709593326169,0.0,0.0,0.40676875771171533
0.0,0.0,0.4672262694762995,1.0,1.0,0.5066423043274528
1.0,1.0,0.6180301326897688,0.0,1.0,0.5001493102489935
1.0,0.0,0.4147258044337685,1.0,1.0,0.5079503246442649
1.0,1.0,0.5534693106147788,0.0,1.0,0.5269661957750073
1.0,1.0,0.5328013019179552,0.0,0.0,0.46268908936775255
0.0,0.0,0.32421724410185204,0.0,0.0,0.41035795116178664
0.0,0.0,0.38797129617545556,0.0,0.0,0.33972615549328894
0.0,0.0,0.44002521077138446,1.0,1.0,0.5938904443280105
0.0,0.0,0.37348405336690726,1.0,1.0,0.5584780680433363
0.0,0.0,0.47139668712541083,0.0,0.0,0.33251597265974003
0.0,0.0,0.40483077457727906,1.0,1.0,0.5945332526205852
0.0,0.0,0.42432905573275503,0.0,0.0,0.4359316641479472
1.0,1.0,0.5979113709894428,1.0,0.0,0.3959763926030396
0.0,0.0,0.33644068345995054,0.0,0.0,0.33035783371731936
0.0,0.0,0.41906816628743393,0.0,0.0,0.49051835973498514
0.0,0.0,0.3917709268443532,0.0,1.0,0.5859030852314625
1.0,1.0,0.5166180921837793,0.0,0.0,0.4365545920989298
1.0,0.0,0.3294294809302938,0.0,0.0,0.3800854718774811
1.0,1.0,0.6193191347947904,0.0,0.0,0.41839442729986354
0.0,0.0,0.44865640638074394,0.0,0.0,0.4148036595498143
1.0,1.0,0.5167168567163124,1.0,1.0,0.5177825725915662
0.0,0.0,0.3696385815302291,0.0,1.0,0.5867558543966933
0.0,0.0,0.4474270422904364,1.0,1.0,0.5617326015632866
1.0,0.0,0.4978641596267548,0.0,0.0,0.43377202924540176
0.0,0.0,0.38582499720257446,1.0,1.0,0.6216261207716598
1.0,1.0,0.5477603099010807,0.0,0.0,0.3884418057836534
0.0,0.0,0.3955007630125192,1.0,1.0,0.8047666602364981
1.0,1.0,0.6839182635879115,0.0,0.0,0.44544516136348206
0.0,0.0,0.389480266969364,0.0,0.0,0.3443520971791259
1.0,1.0,0.668274493379587,0.0,0.0,0.3382621180359445
1.0,1.0,0.5257632214992279,0.0,0.0,0.3745148531952626
1.0,1.0,0.6428696697346772,0.0,0.0,0.3490339266137151
0.0,0.0,0.4776402787748889,1.0,1.0,0.7502422145286469
1.0,1.0,0.505564722547761,0.0,0.0,0.3743876090846313
0.0,0.0,0.4997382134001322,1.0,0.0,0.4814548700150979
0.0,0.0,0.39941068126312473,1.0,0.0,0.42154458182696125
1.0,1.0,0.5555129243085128,0.0,1.0,0.5154328204411855
1.0,1.0,0.5311807984112271,0.0,0.0,0.4183428213442732
0.0,0.0,0.29896866758848156,0.0,1.0,0.5066936851039477
1.0,1.0,0.613295805601295,1.0,0.0,0.4761471974035635
1.0,1.0,0.7188037665804093,1.0,0.0,0.48689213835623824
1.0,1.0,0.5690887639251929,0.0,0.0,0.3651173747756306
1.0,0.0,0.4029270521784344,0.0,0.0,0.4456869734717791
1.0,0.0,0.43500163895170957,1.0,0.0,0.3826850817295294
1.0,0.0,0.44869656784101863,0.0,0.0,0.3529505774608064
1.0,0.0,0.4438273757561882,1.0,0.0,0.3683667752099813
1.0,0.0,0.47026036512066327,0.0,0.0,0.39063634629948324
0.0,0.0,0.4797928645476936,1.0,0.0,0.46767197756236634
0.0,0.0,0.3617122312716187,0.0,1.0,0.5531561976090312
0.0,0.0,0.39801925396735444,0.0,0.0,0.3985523841465689
0.0,0.0,0.32178141885471734,1.0,1.0,0.711301409545447
1.0,1.0,0.541726740642896,0.0,1.0,0.5250596094369151
1.0,0.0,0.49050373309293427,1.0,0.0,0.4807323443157659
0.0,0.0,0.390837854859736,0.0,0.0,0.3705059791200309
0.0,0.0,0.3248594047958626,0.0,1.0,0.5158545416137932
1.0,1.0,0.5465230410725403,1.0,1.0,0.8428359413885051
1.0,1.0,0.5817258200167493,0.0,0.0,0.41405723289543944
1.0,0.0,0.39992606230001504,0.0,0.0,0.3868486242320258
0.0,0.0,0.42532387181463815,1.0,0.0,0.4970036059670957
0.0,0.0,0.4230147278297799,0.0,0.0,0.49329191545352313
1.0,1.0,0.501754633371241,0.0,0.0,0.3372985309458253
0.0,0.0,0.46458695630480695,0.0,0.0,0.4313076737099019
0.0,0.0,0.3732830861456794,0.0,0.0,0.37526336031236324
0.0,0.0,0.4000099122163331,1.0,0.0,0.3113373734567053
1.0,0.0,0.4888561236567647,0.0,0.0,0.48057243336040545
0.0,0.0,0.40973853504395935,0.0,1.0,0.5303412403483114
1.0,0.0,0.44674630350571753,0.0,0.0,0.46643260493076366
0.0,0.0,0.4339363071081847,1.0,1.0,0.6547875509881794
0.0,0.0,0.40114013730966713,0.0,0.0,0.4529976014415748
0.0,0.0,0.3664848446913907,0.0,1.0,0.5042914845104753
1.0,0.0,0.4422500318389425,1.0,0.0,0.44788331821982047
0.0,0.0,0.41399587617043687,0.0,0.0,0.29035938595164906
1.0,1.0,0.6393355240833932,0.0,0.0,0.43571798699273884
1.0,0.0,0.38921359961814717,0.0,0.0,0.41499712914925774
1.0,0.0,0.4545895354845256,0.0,0.0,0.4223109855769475
0.0,0.0,0.46922174560432706,1.0,0.0,0.3762365485383485
0.0,0.0,0.4384746772327069,0.0,0.0,0.42467972912004903
1.0,1.0,0.6650424646507962,0.0,0.0,0.3801914859663452
1.0,0.0,0.43078736528912215,1.0,0.0,0.46362701590866656
1.0,1.0,0.7637689963218132,1.0,0.0,0.45324203556779336
1.0,1.0,0.5474110245492247,1.0,1.0,0.7957814640692901
0.0,0.0,0.49484874923733635,1.0,0.0,0.48093523491078266
0.0,0.0,0.4241174641760816,1.0,1.0,0.8371220892545896
1.0,1.0,0.5054240643448042,0.0,0.0,0.4038219947169109
0.0,0.0,0.36075877904804166,1.0,1.0,0.5546489377866115
0.0,0.0,0.3613938898881297,0.0,0.0,0.4042167722306184
1.0,1.0,0.782178670369472,1.0,0.0,0.4661364668648097
0.0,0.0,0.4613235344052739,1.0,0.0,0.38934950328500517
0.0,0.0,0.3818378598982766,0.0,0.0,0.41525671421931953
0.0,0.0,0.42420154748077193,0.0,0.0,0.38903467702790223
1.0,0.0,0.39414319317487895,0.0,0.0,0.42698064548684433
0.0,0.0,0.4131407176871391,0.0,0.0,0.44342417190405903
0.0,0.0,0.4250889749926984,0.0,0.0,0.37643424825992733
1.0,0.0,0.37435355149906663,1.0,1.0,0.813945301688744
1.0,0.0,0.38926960726698484,1.0,1.0,0.5864369369506585
0.0,0.0,0.4269677364782735,1.0,1.0,0.7675274168190843
0.0,1.0,0.5384641801063399,1.0,0.0,0.4979597090956147
1.0,1.0,0.8683798026373519,0.0,0.0,0.31092622535793707
0.0,0.0,0.3612453075754453,1.0,0.0,0.40831509548860495
0.0,0.0,0.4223680443585339,1.0,1.0,0.5600297038707355
0.0,1.0,0.5151281624210909,1.0,1.0,0.6044155305648568
1.0,0.0,0.44184357785510214,0.0,1.0,0.5054509308785555
0.0,0.0,0.4492433375030791,1.0,1.0,0.5227828567938437
1.0,0.0,0.4350212653561539,0.0,0.0,0.46783965600518956
1.0,1.0,0.6100540567870428,0.0,0.0,0.44351556493345745
0.0,0.0,0.4659050809310138,0.0,0.0,0.3933607724372276
1.0,0.0,0.46379880781887345,1.0,0.0,0.3326297014762591
1.0,0.0,0.42381116451192347,1.0,0.0,0.49914492908974867
1.0,0.0,0.45487396844879685,1.0,1.0,0.7277388754828676
0.0,0.0,0.4478952522031951,0.0,0.0,0.35817835818618116
1.0,0.0,0.4128314521739167,1.0,1.0,0.6711133125118991
1.0,1.0,0.6172175859938553,1.0,1.0,0.8465064394007227
0.0,0.0,0.4512598744715828,1.0,1.0,0.524590151348784
1.0,1.0,0.508038329116214,0.0,0.0,0.4451375027407156
0.0,0.0,0.4747393089403744,0.0,0.0,0.3690924765144933
1.0,1.0,0.6247337223956729,0.0,1.0,0.5591658262962792
1.0,1.0,0.5043140060773385,0.0,0.0,0.4074513492327329
0.0,0.0,0.39616621666957585,1.0,0.0,0.4190336984865139
1.0,1.0,0.7294973096325514,0.0,0.0,0.4059698167847499
1.0,0.0,0.40317912931320654,0.0,0.0,0.45883398284977994
0.0,0.0,0.32194669996433506,1.0,1.0,0.5162858656341711
0.0,0.0,0.3597570813214517,0.0,0.0,0.44704019223762015
1.0,1.0,0.5141867303280436,,,
0.0,0.0,0.3891472586452639,,,
0.0,0.0,0.3695883401396602,,,
1.0,1.0,0.6946746534755429,,,
1.0,1.0,0.5196496567719047,,,
0.0,0.0,0.42939304689308,,,
1.0,0.0,0.4671815122394605,,,
0.0,0.0,0.3326703500694944,,,
0.0,0.0,0.4567001210283505,,,
0.0,1.0,0.5424908130446625,,,
0.0,0.0,0.33098245738015597,,,
0.0,0.0,0.35537816390362975,,,
1.0,0.0,0.48322078278110037,,,
0.0,0.0,0.29912166038031984,,,
1.0,1.0,0.6129452401536197,,,
1.0,1.0,0.5235958078416114,,,
1.0,1.0,0.5555916577638005,,,
1.0,0.0,0.48432746711181557,,,
1.0,1.0,0.5229845980027809,,,
1.0,1.0,0.5287364007583716,,,
0.0,0.0,0.29706265952006394,,,
1.0,1.0,0.5567178021895715,,,
0.0,0.0,0.4025873338757252,,,
1.0,1.0,0.5513827421183922,,,
1.0,0.0,0.47422440000765503,,,
0.0,0.0,0.4420960355429365,,,
1.0,1.0,0.5881130793988123,,,
1.0,0.0,0.4842800155654928,,,
0.0,0.0,0.4997342221666755,,,
1.0,0.0,0.39305349232008857,,,
1.0,1.0,0.6411369185913963,,,
1.0,0.0,0.4957601031744232,,,
1.0,0.0,0.41979065398399995,,,
0.0,0.0,0.3592164051641792,,,
0.0,1.0,0.5096484413475966,,,
1.0,0.0,0.4873645680959991,,,
0.0,0.0,0.41998568480616427,,,
0.0,0.0,0.40322930183834865,,,
0.0,0.0,0.4850846711771459,,,
1.0,1.0,0.5372378521246626,,,
0.0,0.0,0.28993062574231937,,,
0.0,0.0,0.3671238651108428,,,
1.0,0.0,0.49485615866659866,,,
1.0,1.0,0.6072423048217039,,,
0.0,0.0,0.43367722604228354,,,
1.0,0.0,0.4275235715742109,,,
0.0,0.0,0.3927012075335885,,,
0.0,0.0,0.3898887015103113,,,
0.0,0.0,0.41973496656173737,,,
1.0,0.0,0.45290726606115955,,,
1.0,1.0,0.7194327575004082,,,
1.0,1.0,0.5425713196981684,,,
0.0,0.0,0.3133811287232974,,,
1.0,1.0,0.6307953636787158,,,
0.0,0.0,0.4215888660453948,,,
1.0,1.0,0.5102438249226977,,,
0.0,0.0,0.372657325192287,,,
1.0,0.0,0.4290934694828892,,,
0.0,0.0,0.34173085258729946,,,
0.0,0.0,0.4788550033252066,,,
1.0,0.0,0.4119436496723011,,,
0.0,0.0,0.4717503497637378,,,
0.0,0.0,0.4383683260297083,,,
1.0,0.0,0.49670083741048565,,,
0.0,0.0,0.4237286426158732,,,
0.0,0.0,0.46690761954434684,,,
0.0,0.0,0.35010227103763386,,,
0.0,0.0,0.38063690584299903,,,
0.0,0.0,0.39179985815964374,,,
0.0,0.0,0.41527537192128877,,,
0.0,0.0,0.38507931240748133,,,
0.0,0.0,0.3889686382314126,,,
0.0,0.0,0.412369418847517,,,
1.0,1.0,0.544087345165797,,,
1.0,1.0,0.6570832779440535,,,
0.0,0.0,0.3875605199045934,,,
0.0,0.0,0.3946003604403914,,,
1.0,1.0,0.5261455731724728,,,
0.0,0.0,0.3636405060657465,,,
0.0,0.0,0.41619007610092906,,,
1.0,1.0,0.8394699153415462,,,
0.0,0.0,0.37000267788334634,,,
1.0,1.0,0.5592377910839488,,,
1.0,1.0,0.517442144255846,,,
1.0,0.0,0.4766283809628704,,,
1.0,0.0,0.4519895854542234,,,
1.0,0.0,0.4652293775771673,,,
1.0,1.0,0.5143010960456756,,,
0.0,0.0,0.32499683540715807,,,
1.0,0.0,0.43277129191553243,,,
0.0,0.0,0.4000044885463934,,,
1.0,1.0,0.5818381823769252,,,
1.0,0.0,0.4533057296016099,,,
0.0,0.0,0.3637976544374162,,,
1.0,1.0,0.6820139661871822,,,
0.0,0.0,0.38140687718423005,,,
0.0,0.0,0.4607977788935503,,,
0.0,0.0,0.4086327960860341,,,
1.0,0.0,0.46897286045168946,,,
0.0,0.0,0.3980374075496265,,,
1.0,0.0,0.46235483209045597,,,
1.0,1.0,0.5323562021393452,,,
0.0,0.0,0.41844435324502177,,,
0.0,0.0,0.4260734222545055,,,
0.0,0.0,0.4709825687848748,,,
1.0,1.0,0.7661310674830182,,,
1.0,0.0,0.47594817147028684,,,
0.0,0.0,0.36978348749082746,,,
1.0,0.0,0.4656197965078083,,,
1.0,1.0,0.8054825650337861,,,
1.0,1.0,0.5159563494621558,,,
1.0,0.0,0.3743588530330521,,,
0.0,0.0,0.46452590131273863,,,
0.0,0.0,0.378338625259355,,,
1.0,0.0,0.48490335859901657,,,
0.0,1.0,0.5743230884989253,,,
0.0,0.0,0.3814963628470678,,,
0.0,0.0,0.35315461219241334,,,
0.0,0.0,0.3976067897660273,,,
1.0,1.0,0.6736274046239498,,,
1.0,1.0,0.6333998850078507,,,
0.0,0.0,0.36290684923054173,,,
0.0,0.0,0.3466137338078618,,,
1.0,1.0,0.7416009046922624,,,
1.0,1.0,0.6755179111778644,,,
0.0,0.0,0.32615517861208415,,,
0.0,0.0,0.40880714287703396,,,
0.0,0.0,0.3628420207668327,,,
0.0,0.0,0.38716036900862427,,,
0.0,0.0,0.32859130059914293,,,
1.0,0.0,0.44946736429837814,,,
0.0,0.0,0.4955243972214468,,,
0.0,0.0,0.4025770010526616,,,
1.0,1.0,0.5057946370733863,,,
0.0,0.0,0.42526240707589374,,,
0.0,0.0,0.4908557749225418,,,
0.0,0.0,0.4250103710105907,,,
0.0,0.0,0.2882479932657397,,,
0.0,0.0,0.33015554683606674,,,
1.0,0.0,0.4005137856737238,,,
1.0,0.0,0.4849436231943188,,,
0.0,0.0,0.4062613384092986,,,
1.0,1.0,0.5627870989121648,,,
1.0,0.0,0.4991571566298265,,,
0.0,0.0,0.36027318587792734,,,
0.0,0.0,0.32436366725527754,,,
0.0,0.0,0.3916785425247862,,,
0.0,0.0,0.3519416328382594,,,
0.0,0.0,0.4247519655354559,,,
0.0,0.0,0.36701375520034574,,,
0.0,0.0,0.41725209628473137,,,
0.0,1.0,0.500830294830184,,,
1.0,1.0,0.6394546294206256,,,
1.0,0.0,0.36312535406726615,,,
1.0,1.0,0.5819017975464158,,,
0.0,0.0,0.4238183674608434,,,
1.0,1.0,0.5929394249361198,,,
0.0,0.0,0.4094357187842844,,,
1.0,0.0,0.4788727340839064,,,
0.0,0.0,0.3723467991253104,,,
0.0,0.0,0.37583854984862464,,,
0.0,0.0,0.4500217375352273,,,
1.0,1.0,0.6060251334242334,,,
0.0,0.0,0.3526711735092474,,,
1.0,1.0,0.5445243612020686,,,
0.0,0.0,0.3941514061415345,,,
1.0,1.0,0.8556109518116363,,,
1.0,1.0,0.5065876279659625,,,
0.0,0.0,0.4572057458611382,,,
0.0,0.0,0.3534821735710041,,,
0.0,0.0,0.4335930286575074,,,
1.0,0.0,0.42783136806215,,,
1.0,1.0,0.525939439503379,,,
0.0,0.0,0.4111722894478493,,,
1.0,1.0,0.7806179263573334,,,
1.0,1.0,0.54656723480016,,,
0.0,0.0,0.28135190352896305,,,
1.0,1.0,0.5906426747121137,,,
1.0,1.0,0.7648973270213197,,,
1.0,0.0,0.42295124634455766,,,
0.0,0.0,0.4221724292025892,,,
1.0,1.0,0.5932354164210666,,,
1.0,1.0,0.5581729193079333,,,
1.0,1.0,0.5742684746167633,,,
1.0,1.0,0.5489016657178624,,,
1.0,1.0,0.5142508635848658,,,
0.0,0.0,0.4402292098762187,,,
1.0,0.0,0.4549275665450513,,,
0.0,1.0,0.5811191181417888,,,
1.0,0.0,0.4192908603778086,,,
0.0,0.0,0.38476059941864166,,,
0.0,0.0,0.404145846863844,,,
0.0,0.0,0.45280719112197076,,,
0.0,0.0,0.4252304249037289,,,
1.0,0.0,0.40843946513928164,,,
0.0,0.0,0.2939121086543718,,,
0.0,0.0,0.41970116350739056,,,
0.0,0.0,0.39351143565591357,,,
0.0,0.0,0.3717161441019758,,,
0.0,0.0,0.3537446923625871,,,
1.0,0.0,0.47366834887242737,,,
1.0,0.0,0.47007994392238184,,,
0.0,1.0,0.7435589750397223,,,
1.0,1.0,0.6592449082752637,,,
1.0,1.0,0.7737738581283184,,,
0.0,0.0,0.3693437298325806,,,
1.0,0.0,0.4797672434578354,,,
1.0,0.0,0.46326420618003217,,,
0.0,0.0,0.41296934018644665,,,
1.0,1.0,0.701062695845685,,,
1.0,1.0,0.5224511530795675,,,
0.0,0.0,0.279758086091676,,,
1.0,0.0,0.49144936852242216,,,
1.0,1.0,0.5015553811638581,,,
1.0,1.0,0.5666049511784302,,,
1.0,1.0,0.5295988086856748,,,
0.0,1.0,0.5007559879994704,,,
1.0,0.0,0.48853591603489227,,,
1.0,0.0,0.4418325193314642,,,
0.0,0.0,0.36603498194783823,,,
0.0,1.0,0.5020441300755054,,,
1.0,1.0,0.5021492816756669,,,
0.0,0.0,0.38750550341772105,,,
0.0,0.0,0.21300331688434546,,,
1.0,1.0,0.6224192431458587,,,
0.0,0.0,0.39785335422337575,,,
1.0,1.0,0.513300166161099,,,
0.0,0.0,0.4238227857548161,,,
0.0,0.0,0.3206288455861232,,,
1.0,1.0,0.6073187527197369,,,
0.0,0.0,0.39480427351460784,,,
0.0,0.0,0.3706637600751612,,,
1.0,1.0,0.5753235343137725,,,
0.0,0.0,0.3376369710361455,,,
1.0,0.0,0.4007574849107444,,,
0.0,0.0,0.36726806305543497,,,
1.0,1.0,0.7192116490609421,,,
0.0,0.0,0.4273557552522573,,,
1.0,0.0,0.3838731263479492,,,
1.0,0.0,0.42584263183480836,,,
0.0,0.0,0.44653863354362683,,,
1.0,0.0,0.48453709477228096,,,
1.0,1.0,0.6622417998535114,,,
1.0,1.0,0.5218879439836652,,,
1.0,0.0,0.4281588734614972,,,
0.0,0.0,0.4116545045158908,,,
0.0,0.0,0.41277241026913025,,,
0.0,0.0,0.3301442452670967,,,
0.0,0.0,0.47745688184399,,,
1.0,1.0,0.5264983240445713,,,
1.0,1.0,0.7872339770964064,,,
1.0,1.0,0.5331601753489846,,,
0.0,0.0,0.3814985109922537,,,
0.0,0.0,0.38795614951601803,,,
1.0,0.0,0.44439491908245976,,,
0.0,0.0,0.4392256449051983,,,
1.0,0.0,0.3967147717886755,,,
1.0,1.0,0.7310566125520382,,,
1.0,1.0,0.698455650525212,,,
0.0,0.0,0.4091492929701211,,,
1.0,1.0,0.541624127676711,,,
0.0,0.0,0.2853152890725678,,,
1.0,1.0,0.6146169347975069,,,
1.0,0.0,0.4235282256533641,,,
0.0,1.0,0.5184651287680573,,,
0.0,0.0,0.4006447595199565,,,
0.0,0.0,0.3537446923625871,,,
1.0,0.0,0.4655180869406944,,,
1.0,1.0,0.7599007840797783,,,
0.0,0.0,0.31740894908753475,,,
0.0,0.0,0.441457876698819,,,
1.0,0.0,0.49780957562041833,,,
1.0,1.0,0.7825003733720658,,,
0.0,0.0,0.38283655980534315,,,
0.0,0.0,0.42215519541682867,,,
0.0,0.0,0.3361582263278653,,,
0.0,1.0,0.5209500402619365,,,
1.0,0.0,0.4420878807273908,,,
0.0,1.0,0.5328378426084656,,,
1.0,0.0,0.37970099812078995,,,
1.0,0.0,0.46332009847520106,,,
0.0,0.0,0.3998737604024272,,,
0.0,1.0,0.5808176177305391,,,
0.0,0.0,0.4521115013094479,,,
0.0,0.0,0.45001932941613854,,,
0.0,0.0,0.44647546357826584,,,
1.0,0.0,0.33452400016008454,,,
1.0,1.0,0.7056672610086342,,,
1.0,0.0,0.45970091717806566,,,
0.0,0.0,0.4323557640824591,,,
0.0,0.0,0.3982637629542428,,,
0.0,0.0,0.33196537858851655,,,
1.0,1.0,0.5509913530765406,,,
0.0,0.0,0.47641909711485164,,,
1.0,1.0,0.5637033877518816,,,
0.0,0.0,0.2951577476038569,,,
0.0,0.0,0.4389188958388107,,,
0.0,1.0,0.6613740164651017,,,
1.0,0.0,0.4029199686654677,,,
0.0,0.0,0.4567732084259886,,,
0.0,0.0,0.38089902196871334,,,
0.0,0.0,0.3755173561294816,,,
0.0,0.0,0.4926738020133455,,,
1.0,1.0,0.7448519953751189,,,
0.0,0.0,0.3887191112078759,,,
0.0,0.0,0.43247182593092875,,,
1.0,1.0,0.5322048754430228,,,
0.0,0.0,0.38542404953214016,,,
0.0,0.0,0.4372166021445267,,,
1.0,1.0,0.5288969945495661,,,
1.0,1.0,0.510370797270492,,,
0.0,0.0,0.4657553896714065,,,
1.0,0.0,0.4420817812495632,,,
0.0,0.0,0.4503383471485573,,,
0.0,0.0,0.4207342410353479,,,
0.0,1.0,0.5619399207796956,,,
0.0,0.0,0.31210433815530575,,,
0.0,0.0,0.41990630720659167,,,
0.0,1.0,0.7927291138504106,,,
0.0,0.0,0.4042860981202596,,,
1.0,0.0,0.4694661495069274,,,
0.0,0.0,0.4816044166629958,,,
1.0,0.0,0.3686716391713791,,,
1.0,1.0,0.5214128003444748,,,
0.0,0.0,0.3792087805348517,,,
0.0,0.0,0.38259552162704663,,,
0.0,0.0,0.46008673790658977,,,
0.0,0.0,0.47065476587090216,,,
1.0,0.0,0.455705708856696,,,
0.0,0.0,0.49587230651580705,,,
1.0,0.0,0.4519176750465612,,,
1.0,0.0,0.43816502866546,,,
0.0,0.0,0.4750079198315011,,,
0.0,0.0,0.43711356629536946,,,
1.0,1.0,0.5770576953118498,,,
1.0,1.0,0.5293707860486623,,,
1.0,1.0,0.8447995599523281,,,
1.0,1.0,0.5682405250039669,,,
1.0,0.0,0.4902436491585789,,,
1.0,1.0,0.8190203572649298,,,
0.0,0.0,0.47044797865815746,,,
0.0,0.0,0.39379259525757854,,,
0.0,0.0,0.404687656376231,,,
1.0,1.0,0.5973102271569176,,,
0.0,0.0,0.31435496035681554,,,
1.0,1.0,0.6614870533305677,,,
1.0,1.0,0.753665332335287,,,
0.0,1.0,0.5007728112851377,,,
1.0,1.0,0.6132634073036374,,,
0.0,0.0,0.47238835764300174,,,
0.0,0.0,0.46247187173907633,,,
1.0,0.0,0.3666686705175837,,,
0.0,0.0,0.403031511655772,,,
1.0,1.0,0.5688421150591658,,,
0.0,0.0,0.4354404547334925,,,
1.0,0.0,0.41789820979462994,,,
0.0,0.0,0.4308286040350524,,,
1.0,1.0,0.5911234702162753,,,
1.0,0.0,0.3695883401396602,,,
0.0,0.0,0.4777058445926162,,,
1.0,0.0,0.49587230651580705,,,
0.0,0.0,0.3896082509684319,,,
0.0,0.0,0.49056986639666045,,,
1.0,0.0,0.4448841687576541,,,
0.0,0.0,0.418194355490759,,,
1.0,1.0,0.6005110820411697,,,
1.0,0.0,0.45892703993294803,,,
0.0,0.0,0.4220111161172898,,,
0.0,1.0,0.6853408093316102,,,
1.0,0.0,0.40653947492110487,,,
0.0,1.0,0.5797350632001389,,,
0.0,0.0,0.21300331688434546,,,
1.0,1.0,0.5868633582647612,,,
1.0,0.0,0.4202227362862921,,,
0.0,0.0,0.4141991916757128,,,
0.0,0.0,0.43725178872762294,,,
1.0,0.0,0.41468548067438143,,,
0.0,0.0,0.4845244098085124,,,
0.0,0.0,0.45217313498986333,,,
1.0,0.0,0.3154592500338398,,,
1.0,1.0,0.6178008029728558,,,
0.0,0.0,0.39738741213523276,,,
0.0,0.0,0.43622838182624624,,,
0.0,0.0,0.3706334518317744,,,
0.0,0.0,0.3612453075754453,,,
0.0,0.0,0.39293867572967295,,,
0.0,0.0,0.4121617633386667,,,
0.0,0.0,0.46681051615709357,,,
0.0,0.0,0.4029471411441432,,,
1.0,1.0,0.6116435682735493,,,
0.0,0.0,0.4448611952843972,,,
1.0,0.0,0.4704535747824095,,,
1.0,1.0,0.6382686578516177,,,
0.0,0.0,0.484286259269026,,,
0.0,0.0,0.45307285812631287,,,
1.0,1.0,0.5016701109903245,,,
1.0,0.0,0.4432239109605631,,,
1.0,1.0,0.5480936909325983,,,
0.0,0.0,0.4352401353927013,,,
0.0,0.0,0.412081603502093,,,
0.0,0.0,0.4117763829806909,,,
0.0,0.0,0.3926298577651576,,,
1.0,0.0,0.4242859868838101,,,
1.0,1.0,0.6005262904586263,,,
1.0,0.0,0.46139898912222743,,,
0.0,0.0,0.43206537508318194,,,
1.0,1.0,0.5080026659381063,,,
1.0,1.0,0.5973231897013267,,,
1.0,1.0,0.5309436179770898,,,
0.0,0.0,0.3636405060657465,,,
1.0,0.0,0.45149229672312685,,,
0.0,0.0,0.4550361279213405,,,
0.0,0.0,0.4146666256824911,,,
0.0,0.0,0.456874314107371,,,
1.0,1.0,0.5532712307871605,,,
1.0,0.0,0.3913863756345978,,,
1.0,0.0,0.4475536962819941,,,
0.0,1.0,0.5472113809059562,,,
1.0,1.0,0.7806483037964802,,,
0.0,0.0,0.4694429220734684,,,
0.0,0.0,0.34489750115557316,,,
1.0,0.0,0.39169679513297245,,,
0.0,0.0,0.3594666566171796,,,
1.0,0.0,0.35000959462057646,,,
0.0,0.0,0.4885219251678589,,,
0.0,0.0,0.32537106706326463,,,
0.0,0.0,0.4421467930583837,,,
0.0,0.0,0.48441988699833943,,,
1.0,1.0,0.5993515359717763,,,
1.0,0.0,0.3929969212734028,,,
0.0,0.0,0.4622340381185619,,,
1.0,1.0,0.5272445836742736,,,
0.0,0.0,0.4213570303890012,,,
1.0,1.0,0.6827688896155856,,,
1.0,1.0,0.5045305746085115,,,
0.0,0.0,0.3778175412189211,,,
0.0,0.0,0.38688502145202824,,,
1.0,1.0,0.55524816584429,,,
0.0,0.0,0.3938860768146574,,,
0.0,0.0,0.3387152289461854,,,
1.0,0.0,0.4783451593363294,,,
0.0,0.0,0.3888318365094451,,,
1.0,1.0,0.5164175648260243,,,
0.0,0.0,0.36295183058272884,,,
1.0,1.0,0.643469306135634,,,
1.0,0.0,0.4100132328994364,,,
0.0,0.0,0.47007994392238184,,,
1.0,1.0,0.6903708995853587,,,
0.0,0.0,0.25420991244065744,,,
1.0,0.0,0.48887279397904027,,,
1.0,0.0,0.4629316849342305,,,
0.0,0.0,0.4104936380210742,,,
1.0,0.0,0.4860799379985561,,,
1.0,1.0,0.5027254241533461,,,
0.0,0.0,0.336478036790596,,,
1.0,0.0,0.4206866779472979,,,
0.0,0.0,0.38673904475155046,,,
1.0,0.0,0.452383943619827,,,
0.0,0.0,0.3820425283315071,,,
0.0,0.0,0.4959538978875592,,,
1.0,1.0,0.6088315558868963,,,
1.0,1.0,0.633852823057083,,,
1.0,0.0,0.46658959432429303,,,
1.0,0.0,0.4376130368662855,,,
0.0,0.0,0.438603748396826,,,
0.0,1.0,0.5019604206725851,,,
0.0,1.0,0.5999448657624086,,,
1.0,1.0,0.5120235295199442,,,
1.0,1.0,0.8062937038080961,,,
0.0,0.0,0.4073079075614989,,,
1.0,0.0,0.408082920593729,,,
1.0,0.0,0.4651852019017535,,,
1.0,0.0,0.43124189906843546,,,
1.0,0.0,0.4221922839623178,,,
1.0,0.0,0.3972337798101617,,,
1.0,0.0,0.4711055978233801,,,
0.0,0.0,0.4568086302170129,,,
0.0,0.0,0.3801380906711851,,,
1.0,0.0,0.4816849868717052,,,
1.0,1.0,0.5690409353628436,,,
1.0,1.0,0.555132524522112,,,
0.0,0.0,0.38591050256338333,,,
1.0,1.0,0.5671655566302628,,,
1.0,0.0,0.49880222298114096,,,
0.0,0.0,0.3364869345779827,,,
1.0,1.0,0.8479995980280185,,,
1.0,1.0,0.532081896709153,,,
0.0,0.0,0.43104445069213554,,,
0.0,0.0,0.39033547714996075,,,
0.0,0.0,0.4566354761902464,,,
1.0,1.0,0.513697011543918,,,
1.0,1.0,0.5334364118085716,,,
0.0,0.0,0.41220031480511404,,,
0.0,0.0,0.4785757412973462,,,
1.0,1.0,0.5768051463904874,,,
0.0,0.0,0.4096611013976332,,,
1.0,0.0,0.40574768474568734,,,
1.0,1.0,0.5614314386775363,,,
0.0,0.0,0.36153639546256755,,,
0.0,0.0,0.36689024939571374,,,
1.0,1.0,0.7160804027440691,,,
0.0,0.0,0.48874802435428366,,,
0.0,0.0,0.3880859366616198,,,
1.0,0.0,0.47750417319994987,,,
1.0,1.0,0.6282343488838423,,,
0.0,1.0,0.5095765679695561,,,
1.0,1.0,0.5323607855140654,,,
1.0,0.0,0.43917698283575407,,,
1.0,0.0,0.3866041002434046,,,
0.0,0.0,0.42650846323312885,,,
1.0,0.0,0.48632038967274455,,,
1.0,1.0,0.6254280679047294,,,
0.0,0.0,0.43939726767538345,,,
0.0,0.0,0.41616921514694705,,,
0.0,0.0,0.474481388409603,,,
1.0,1.0,0.7042888813502693,,,
0.0,1.0,0.52661118094522,,,
0.0,0.0,0.335606878570591,,,
1.0,1.0,0.7189513696884582,,,
0.0,0.0,0.44419468568547793,,,
1.0,1.0,0.5968659400188275,,,
0.0,0.0,0.4068095212464263,,,
1.0,0.0,0.4829095640876181,,,
0.0,0.0,0.3906448056607062,,,
0.0,1.0,0.535610143817647,,,
0.0,0.0,0.3619623427188502,,,
0.0,0.0,0.3800257185853311,,,
1.0,0.0,0.395304700636937,,,
0.0,0.0,0.39221172711472513,,,
0.0,0.0,0.3806738953135056,,,
0.0,0.0,0.49868570640255655,,,
0.0,1.0,0.5323996636367184,,,
1.0,0.0,0.48353568730410873,,,
0.0,0.0,0.36184424577183116,,,
1.0,0.0,0.40563531177978956,,,
0.0,0.0,0.422491325472696,,,
1.0,1.0,0.5142701135956499,,,
1.0,1.0,0.5204132288341353,,,
0.0,0.0,0.472091446156592,,,
0.0,0.0,0.41062319104699263,,,
1.0,0.0,0.44179586791979,,,
0.0,0.0,0.3633358808056707,,,
1.0,0.0,0.4678861742105563,,,
1.0,1.0,0.5247482999992209,,,
0.0,0.0,0.3590849254003396,,,
0.0,0.0,0.43630935622621814,,,
1.0,0.0,0.4943200198735612,,,
1.0,1.0,0.6567990399065561,,,
1.0,0.0,0.3697420998131093,,,
0.0,1.0,0.500559793725616,,,
0.0,0.0,0.4829054659093224,,,
1.0,0.0,0.38999815053172954,,,
0.0,0.0,0.38522438791197916,,,
1.0,1.0,0.5163096681667055,,,
0.0,0.0,0.48110896739156994,,,
1.0,0.0,0.4307782963324677,,,
1.0,0.0,0.37404265431655787,,,
0.0,0.0,0.3946089812560759,,,
0.0,0.0,0.3885455166858876,,,
1.0,0.0,0.4125698187180876,,,
0.0,0.0,0.4035140929211065,,,
0.0,1.0,0.6441332450964994,,,
0.0,0.0,0.3995543499843799,,,
1.0,1.0,0.5693658984290872,,,
0.0,0.0,0.4351352029387999,,,
1.0,1.0,0.5596556087093701,,,
1.0,1.0,0.6606037975363485,,,
1.0,0.0,0.46955120620647633,,,
0.0,0.0,0.45740199231717066,,,
0.0,0.0,0.41977646879153796,,,
1.0,1.0,0.615626258845898,,,
1.0,1.0,0.6687816226718851,,,
1.0,1.0,0.6452359938697119,,,
1.0,0.0,0.3671238651108428,,,
0.0,0.0,0.449120526675193,,,
0.0,0.0,0.45951587363081453,,,
1.0,0.0,0.4482934783773793,,,
1.0,0.0,0.4395044103548418,,,
0.0,0.0,0.37467231812942914,,,
0.0,0.0,0.4419659976862188,,,
1.0,0.0,0.4672003395974308,,,
1.0,1.0,0.7861321923965208,,,
1.0,1.0,0.5012246660350528,,,
1.0,1.0,0.610005024846845,,,
0.0,0.0,0.4085709926371866,,,
0.0,0.0,0.483032446522285,,,
1.0,0.0,0.40586408256258993,,,
0.0,0.0,0.39280445513099876,,,
1.0,1.0,0.5210561861525191,,,
1.0,1.0,0.5952500272152612,,,
1.0,1.0,0.5010091816592042,,,
1.0,1.0,0.576133260264709,,,
1.0,0.0,0.4416214925811757,,,
0.0,0.0,0.46452590131273863,,,
0.0,0.0,0.4032422001183093,,,
0.0,0.0,0.3947309708783856,,,
1.0,0.0,0.36724521191957343,,,
0.0,0.0,0.36768788409343806,,,
0.0,0.0,0.3775236108789619,,,
0.0,0.0,0.38483681170641965,,,
1.0,0.0,0.4718227301372797,,,
0.0,0.0,0.4548171956669277,,,
0.0,1.0,0.5480079650293574,,,
1.0,1.0,0.536430525764921,,,
0.0,0.0,0.40800828920657367,,,
0.0,0.0,0.48991422579409494,,,
1.0,1.0,0.6847289200783198,,,
1.0,1.0,0.5350237338031264,,,
0.0,0.0,0.35132066772660686,,,
1.0,0.0,0.49554179895391803,,,
0.0,0.0,0.48621729005915326,,,
1.0,0.0,0.44208024553048025,,,
0.0,0.0,0.44864318827431743,,,
0.0,0.0,0.33594608460840875,,,
1.0,1.0,0.777434059548554,,,
0.0,0.0,0.4155234429960549,,,
1.0,1.0,0.6146123560877759,,,
1.0,1.0,0.743447119817819,,,
0.0,0.0,0.4060173068818655,,,
0.0,0.0,0.3879280330303437,,,
1.0,0.0,0.4610799426743696,,,
0.0,0.0,0.3723586633583578,,,
0.0,0.0,0.39707027660123645,,,
0.0,0.0,0.352792763429794,,,
0.0,0.0,0.39983783092741343,,,
1.0,1.0,0.6344507404475402,,,
1.0,1.0,0.6713244912011982,,,
1.0,0.0,0.4406718465878954,,,
1.0,0.0,0.46239941371535564,,,
0.0,0.0,0.4211684210316825,,,
1.0,0.0,0.47701439107992244,,,
1.0,1.0,0.8024955259180198,,,
0.0,1.0,0.5184758315325937,,,
0.0,0.0,0.4579490505835714,,,
0.0,0.0,0.4599194193876257,,,
1.0,1.0,0.5134640365413915,,,
0.0,0.0,0.3762465695340178,,,
0.0,1.0,0.586857202081231,,,
0.0,0.0,0.3854842688000168,,,
0.0,0.0,0.41939171484532023,,,
0.0,0.0,0.4428804927254956,,,
0.0,0.0,0.483942751728876,,,
0.0,0.0,0.38759480601867835,,,
0.0,0.0,0.47393801494470905,,,
0.0,0.0,0.341868731125019,,,
0.0,0.0,0.3878289760349857,,,
1.0,0.0,0.37490623517353727,,,
1.0,0.0,0.4598020006808082,,,
0.0,0.0,0.4238671715463515,,,
0.0,0.0,0.4884966105065193,,,
0.0,0.0,0.3353607908916205,,,
0.0,0.0,0.4522488929910153,,,
0.0,0.0,0.4082448363472679,,,
1.0,0.0,0.4878794593565452,,,
0.0,0.0,0.4119030197053605,,,
0.0,0.0,0.44439424064560235,,,
0.0,0.0,0.3136803681092873,,,
1.0,1.0,0.7804449184761786,,,
0.0,0.0,0.4393283282745963,,,
1.0,0.0,0.4999361310975681,,,
0.0,0.0,0.40363342210483893,,,
0.0,0.0,0.46856359469996894,,,
0.0,0.0,0.3911328216784095,,,
0.0,0.0,0.41141197724975626,,,
0.0,0.0,0.4955243972214468,,,
1.0,1.0,0.7242098049691432,,,
0.0,0.0,0.3826119638214759,,,
0.0,0.0,0.3951822019915596,,,
1.0,0.0,0.46364347821198915,,,
1.0,1.0,0.7129091545172589,,,
1.0,0.0,0.4850311040375874,,,
0.0,0.0,0.3553123181185647,,,
0.0,1.0,0.5151890821692638,,,
0.0,0.0,0.47840264382156483,,,
0.0,0.0,0.2654710569560896,,,
1.0,1.0,0.7812786467368119,,,
1.0,1.0,0.5650841897362642,,,
0.0,0.0,0.41087208233596145,,,
0.0,0.0,0.27334614775726257,,,
1.0,1.0,0.6795206092417253,,,
0.0,0.0,0.33478556049389285,,,
1.0,1.0,0.7649893808059816,,,
1.0,0.0,0.4788516562507947,,,
1.0,1.0,0.5062058435367014,,,
1.0,1.0,0.500832647599738,,,
1.0,1.0,0.555803649651877,,,
0.0,0.0,0.4499308996262033,,,
1.0,0.0,0.4745968397428789,,,
1.0,1.0,0.5825487718496296,,,
1.0,1.0,0.5417436078899432,,,
1.0,0.0,0.487057991712153,,,
0.0,1.0,0.501631985790532,,,
0.0,0.0,0.43486412114044215,,,
0.0,0.0,0.4532209782546561,,,
1.0,1.0,0.5750554052802169,,,
0.0,0.0,0.40216910135903766,,,
1.0,1.0,0.690115948929605,,,
0.0,0.0,0.4004974710340313,,,
0.0,0.0,0.4249518574181259,,,
0.0,0.0,0.32515477381449726,,,
0.0,0.0,0.4815606183101787,,,
0.0,0.0,0.43821084598034404,,,
0.0,0.0,0.37754081636080367,,,
1.0,1.0,0.5868633582647612,,,
0.0,0.0,0.3449966116832692,,,
1.0,0.0,0.3730586078641187,,,
0.0,0.0,0.3770398489612423,,,
1.0,1.0,0.6038109525866237,,,
1.0,0.0,0.38511368647778155,,,
0.0,0.0,0.40294215348688306,,,
0.0,0.0,0.4745164387433065,,,
1.0,1.0,0.6299706953765606,,,
1.0,0.0,0.41249311269379624,,,
1.0,1.0,0.6363115385892477,,,
0.0,0.0,0.39257769873113285,,,
1.0,0.0,0.3789517564279351,,,
0.0,0.0,0.45834079355376334,,,
0.0,0.0,0.46625823396868527,,,
0.0,0.0,0.4920529580313358,,,
1.0,1.0,0.6566013826103517,,,
1.0,0.0,0.38659753019006726,,,
0.0,0.0,0.409104488049479,,,
0.0,0.0,0.2907438710684499,,,
0.0,0.0,0.3606665052972342,,,
1.0,0.0,0.48472617139494795,,,
1.0,0.0,0.4412565605683754,,,
0.0,0.0,0.4030448772765341,,,
0.0,0.0,0.396001591125311,,,
0.0,1.0,0.546192103041461,,,
0.0,0.0,0.3997227710432103,,,
1.0,1.0,0.5114181936884115,,,
0.0,0.0,0.48133450705425745,,,
1.0,0.0,0.4465005257086441,,,
0.0,0.0,0.4058887639219322,,,
0.0,0.0,0.45812456855064565,,,
0.0,0.0,0.416102293974999,,,
0.0,0.0,0.43980464119180207,,,
0.0,0.0,0.3220526260366161,,,
1.0,1.0,0.5274468407120545,,,
1.0,0.0,0.4146782933321168,,,
0.0,0.0,0.3773645766541723,,,
1.0,0.0,0.2996134023949084,,,
1.0,1.0,0.8310494280060362,,,
0.0,0.0,0.46823049285632057,,,
1.0,1.0,0.8627237581645972,,,
1.0,1.0,0.8511741700670281,,,
0.0,0.0,0.3803574836166455,,,
1.0,1.0,0.6821097383626668,,,
0.0,0.0,0.4121618043691197,,,
1.0,1.0,0.8337485177165495,,,
0.0,1.0,0.5059223931954145,,,
0.0,0.0,0.39015007381312755,,,
0.0,0.0,0.39025080600393364,,,
0.0,0.0,0.4121210539505056,,,
1.0,1.0,0.5639527111930505,,,
0.0,0.0,0.3995702962940729,,,
1.0,1.0,0.6116897382685069,,,
1.0,1.0,0.5100061340972659,,,
1.0,1.0,0.5104126756466345,,,
0.0,0.0,0.4456869734717791,,,
1.0,1.0,0.5624619461701912,,,
0.0,0.0,0.4620620447682063,,,
0.0,0.0,0.30553309301368325,,,
0.0,0.0,0.4905633975003881,,,
0.0,0.0,0.20774733006956458,,,
1.0,1.0,0.6217210255561182,,,
1.0,1.0,0.7562599725575164,,,
0.0,0.0,0.36680876201600915,,,
0.0,1.0,0.5438825356037924,,,
1.0,0.0,0.4875895946256746,,,
0.0,0.0,0.36307304380937205,,,
0.0,0.0,0.39811581784714106,,,
0.0,0.0,0.4638350782042586,,,
1.0,0.0,0.46176763241039553,,,
1.0,0.0,0.49309224776052235,,,
0.0,0.0,0.3846813752918483,,,
1.0,1.0,0.7122095581864828,,,
0.0,0.0,0.38341655797794943,,,
1.0,1.0,0.8228752528782942,,,
1.0,0.0,0.49975723250871645,,,
0.0,0.0,0.4622254619689764,,,
1.0,0.0,0.4883996285298219,,,
1.0,1.0,0.5382705869641716,,,
0.0,0.0,0.4048661944820968,,,
1.0,1.0,0.5037021152338427,,,
1.0,1.0,0.559736249904054,,,
0.0,0.0,0.4274060422381084,,,
0.0,0.0,0.4254701753321333,,,
1.0,1.0,0.5163243753695992,,,
0.0,0.0,0.41739613680712473,,,
1.0,1.0,0.5178158364201522,,,
0.0,0.0,0.46723720014285036,,,
1.0,0.0,0.4486394384204609,,,
1.0,0.0,0.4534958304448452,,,
1.0,0.0,0.46227986387523073,,,
0.0,0.0,0.40142283128067013,,,
1.0,1.0,0.5542747808578806,,,
0.0,0.0,0.3644675394324285,,,
0.0,0.0,0.3600667232966041,,,
0.0,0.0,0.37874417776474184,,,
1.0,0.0,0.3908168995830737,,,
1.0,0.0,0.33529251424828854,,,
1.0,0.0,0.37447981562115873,,,
1.0,1.0,0.5493488926767629,,,
1.0,0.0,0.42587965907913317,,,
0.0,1.0,0.6089387440556707,,,
1.0,0.0,0.3883805124410742,,,
1.0,1.0,0.6511365017134925,,,
0.0,0.0,0.45154339019615086,,,
0.0,0.0,0.4645597744691734,,,
0.0,0.0,0.4102289612619614,,,
0.0,1.0,0.5790958787239583,,,
1.0,1.0,0.5131384907311933,,,
0.0,0.0,0.3914490219473981,,,
0.0,0.0,0.2853152890725678,,,
1.0,0.0,0.48046560931027293,,,
1.0,0.0,0.4639571762439332,,,
1.0,1.0,0.5261747063250067,,,
1.0,1.0,0.7387697182674855,,,
1.0,1.0,0.7892972911821826,,,
0.0,0.0,0.44316919667124793,,,
1.0,0.0,0.4946471654028848,,,
1.0,1.0,0.687654457451841,,,
1.0,1.0,0.5221533348261346,,,
1.0,1.0,0.5468960560928773,,,
1.0,1.0,0.790653887951803,,,
0.0,0.0,0.38327883646573757,,,
1.0,0.0,0.48868914243068645,,,
1.0,0.0,0.48044882954649215,,,
0.0,0.0,0.3306834059300862,,,
0.0,1.0,0.5969202921804889,,,
1.0,1.0,0.5942732882650116,,,
1.0,1.0,0.5466058040346098,,,
1.0,1.0,0.5018190898092317,,,
0.0,0.0,0.412369418847517,,,
1.0,1.0,0.5105656027901688,,,
1.0,0.0,0.4454921732348955,,,
0.0,0.0,0.46509987146947507,,,
1.0,0.0,0.3693437298325806,,,
1.0,0.0,0.45010564077435666,,,
1.0,0.0,0.4940750669524817,,,
0.0,0.0,0.3141902191058104,,,
1.0,0.0,0.4443793884396744,,,
0.0,0.0,0.3973432342489368,,,
1.0,0.0,0.4934368306380366,,,
0.0,0.0,0.3887339548283177,,,
1.0,1.0,0.636850589515971,,,
0.0,0.0,0.4587199828923094,,,
1.0,0.0,0.4919116600726538,,,
0.0,0.0,0.386475115978194,,,
0.0,0.0,0.4010750322190384,,,
0.0,0.0,0.47935664302138375,,,
1.0,1.0,0.5892881531062086,,,
1.0,1.0,0.7164276019408029,,,
0.0,0.0,0.3952139428160133,,,
0.0,0.0,0.3565820551374098,,,
1.0,0.0,0.46662361274782427,,,
0.0,0.0,0.4008217508107342,,,
0.0,1.0,0.5315485345601261,,,
0.0,0.0,0.3970016247012985,,,
0.0,0.0,0.36772215048557755,,,
0.0,0.0,0.4374127101195783,,,
0.0,0.0,0.35103955023662003,,,
0.0,1.0,0.5574047667843351,,,
0.0,0.0,0.39317610406929954,,,
1.0,1.0,0.5741466731953239,,,
1.0,1.0,0.761928106772793,,,
1.0,1.0,0.6050668453114209,,,
0.0,0.0,0.3685951690008409,,,
1.0,1.0,0.5533258863417136,,,
1.0,1.0,0.8491859186936886,,,
0.0,0.0,0.43297593899179715,,,
0.0,0.0,0.4517525989556697,,,
1.0,1.0,0.526045585813777,,,
1.0,1.0,0.5251434160946612,,,
1.0,1.0,0.630107569107141,,,
0.0,0.0,0.4146241172559983,,,
0.0,0.0,0.3413881269203254,,,
1.0,1.0,0.5321973448307683,,,
0.0,0.0,0.32070861404056594,,,
0.0,0.0,0.35385508716476816,,,
0.0,0.0,0.4167334423124683,,,
1.0,1.0,0.5038749654897713,,,
1.0,1.0,0.7267250533960202,,,
0.0,0.0,0.4176399168996494,,,
0.0,0.0,0.4345767368713814,,,
1.0,1.0,0.6781041215537172,,,
1.0,0.0,0.43233266730490555,,,
1.0,1.0,0.5657929926509232,,,
1.0,1.0,0.6469244442325764,,,
1.0,1.0,0.6827771952103177,,,
1.0,1.0,0.580596929537718,,,
0.0,0.0,0.33845140030764875,,,
1.0,1.0,0.7794729669841497,,,
0.0,0.0,0.41396931741435106,,,
0.0,0.0,0.4660149815178206,,,
0.0,0.0,0.44721160459212883,,,
1.0,0.0,0.4551263914147496,,,
1.0,1.0,0.7895387699875164,,,
1.0,1.0,0.5794862701712886,,,
0.0,0.0,0.3472548954991418,,,
0.0,1.0,0.5546310600817029,,,
0.0,0.0,0.37618893066069853,,,
1.0,0.0,0.4144962549778508,,,
0.0,0.0,0.3324263650527622,,,
0.0,0.0,0.42091458300547147,,,
0.0,0.0,0.3916785425247862,,,
0.0,1.0,0.5168498394191777,,,
0.0,0.0,0.4229550407744871,,,
0.0,0.0,0.40746497372053553,,,
0.0,0.0,0.4090968546136353,,,
0.0,1.0,0.5127804286128702,,,
1.0,1.0,0.5860879035139722,,,
1.0,1.0,0.7981761743541058,,,
0.0,0.0,0.3872024801020841,,,
1.0,1.0,0.5139602855854704,,,
0.0,0.0,0.38306759817544056,,,
1.0,1.0,0.8516764716676452,,,
1.0,0.0,0.3886038142737093,,,
0.0,0.0,0.44498621586507114,,,
1.0,1.0,0.6140281763251463,,,
1.0,0.0,0.44219967657660825,,,
0.0,1.0,0.5154439398250291,,,
1.0,1.0,0.698455650525212,,,
0.0,1.0,0.5043354923486498,,,
1.0,1.0,0.6813513897397391,,,
1.0,0.0,0.48321768150582245,,,
0.0,0.0,0.35111921169453597,,,
1.0,1.0,0.5743336316430809,,,
1.0,1.0,0.501769494950884,,,
0.0,0.0,0.43221387192444377,,,
0.0,1.0,0.5985580406292665,,,
0.0,0.0,0.43417396765605865,,,
1.0,1.0,0.5179742532987655,,,
1.0,1.0,0.5274187790785811,,,
1.0,1.0,0.7139099141146019,,,
1.0,1.0,0.8153343513400997,,,
1.0,1.0,0.5181020682351122,,,
0.0,0.0,0.48269721227093376,,,
0.0,1.0,0.5605480980096437,,,
1.0,0.0,0.3825978900219999,,,
0.0,0.0,0.27041398488635576,,,
0.0,0.0,0.4203154093678528,,,
1.0,1.0,0.5493854523926586,,,
1.0,1.0,0.6679602499583391,,,
0.0,0.0,0.32625382580940093,,,
0.0,0.0,0.4926791700333835,,,
1.0,1.0,0.572380834966089,,,
0.0,0.0,0.399823822178762,,,
1.0,0.0,0.4977890808866374,,,
0.0,0.0,0.36446997389003727,,,
0.0,1.0,0.5690307110659609,,,
1.0,0.0,0.4757725677456491,,,
1.0,1.0,0.5028865069366681,,,
0.0,0.0,0.46058104930280175,,,
1.0,0.0,0.43139705001292883,,,
1.0,0.0,0.44452758915564256,,,
0.0,0.0,0.37621850378630683,,,
0.0,0.0,0.39667283747806104,,,
0.0,0.0,0.3372722472311412,,,
1.0,0.0,0.3911618055912743,,,
0.0,0.0,0.3957012643471732,,,
1.0,1.0,0.5048259962999864,,,
0.0,0.0,0.3041587624052979,,,
1.0,1.0,0.8194049045760888,,,
0.0,0.0,0.399281129941735,,,
1.0,1.0,0.6196639711801093,,,
0.0,1.0,0.5089663081674315,,,
1.0,1.0,0.6041830640635028,,,
0.0,0.0,0.31527287490757055,,,
1.0,1.0,0.8499346501128793,,,
0.0,0.0,0.36876645608457204,,,
0.0,0.0,0.2647326996247818,,,
1.0,1.0,0.5697635176060077,,,
0.0,0.0,0.49317713905185306,,,
0.0,0.0,0.46639781116338336,,,
0.0,0.0,0.3520678116624817,,,
0.0,0.0,0.47164749085866103,,,
0.0,0.0,0.4230175977175601,,,
0.0,0.0,0.4273557552522573,,,
0.0,0.0,0.4172424282837284,,,
0.0,1.0,0.6314754402594087,,,
1.0,1.0,0.5375777138207712,,,
1.0,0.0,0.4571140982705294,,,
0.0,0.0,0.3636091407628259,,,
1.0,0.0,0.44105230594149414,,,
0.0,0.0,0.3423880879626904,,,
1.0,0.0,0.44426939652568787,,,
1.0,1.0,0.5621166897090971,,,
0.0,0.0,0.39921425099150637,,,
0.0,1.0,0.5597125639416097,,,
0.0,1.0,0.5422449175345505,,,
0.0,0.0,0.36217307037862895,,,
1.0,1.0,0.5480311361494491,,,
1.0,1.0,0.6550225121839278,,,
0.0,0.0,0.374307374299328,,,
0.0,0.0,0.3589261410281059,,,
1.0,1.0,0.723889852172965,,,
1.0,0.0,0.4817520433894968,,,
0.0,0.0,0.4241533300343403,,,
1.0,0.0,0.4938741932404821,,,
0.0,1.0,0.5413709593326169,,,
1.0,1.0,0.5266986301252943,,,
0.0,0.0,0.42979804677318745,,,
1.0,1.0,0.6718809194161249,,,
1.0,0.0,0.3620954835537266,,,
0.0,0.0,0.3759580331554755,,,
1.0,1.0,0.7129091545172589,,,
1.0,1.0,0.6034108696323218,,,
0.0,1.0,0.5115317431481701,,,
0.0,0.0,0.36529688818353184,,,
1.0,1.0,0.6736421977666366,,,
0.0,0.0,0.3219493606861835,,,
0.0,0.0,0.3601857237766373,,,
0.0,0.0,0.4393140216485794,,,
1.0,1.0,0.780604509160893,,,
1.0,1.0,0.5456570773477296,,,
0.0,0.0,0.48180085705844305,,,
0.0,0.0,0.394009160265155,,,
0.0,0.0,0.43783281639144955,,,
1.0,0.0,0.4577343130463678,,,
1.0,1.0,0.681033991259811,,,
1.0,1.0,0.5169985547347921,,,
0.0,1.0,0.5832781583868752,,,
0.0,0.0,0.3785881833138797,,,
0.0,0.0,0.37566437966349325,,,
0.0,0.0,0.42520569763787075,,,
0.0,0.0,0.3698776432316634,,,
0.0,0.0,0.4946921372947714,,,
1.0,0.0,0.4384438704043437,,,
1.0,0.0,0.48384555036348226,,,
0.0,0.0,0.42370340047755845,,,
1.0,0.0,0.444783449976454,,,
1.0,1.0,0.6085739095501643,,,
0.0,0.0,0.35177818603047434,,,
0.0,0.0,0.49222601707757185,,,
0.0,0.0,0.3377897456621796,,,
0.0,0.0,0.4865238625872416,,,
1.0,1.0,0.6480751326930384,,,
1.0,1.0,0.7016533135215198,,,
0.0,0.0,0.41792477666098404,,,
1.0,0.0,0.38492460876149015,,,
0.0,0.0,0.2809510014588172,,,
1.0,1.0,0.8000843224430327,,,
0.0,0.0,0.49045582424291906,,,
1.0,0.0,0.41701456130028425,,,
1.0,1.0,0.6447073624937438,,,
1.0,1.0,0.7603838492672433,,,
0.0,0.0,0.3812595533827675,,,
1.0,1.0,0.6986243002451661,,,
1.0,0.0,0.44217405950797023,,,
0.0,0.0,0.49477276620207206,,,
1.0,0.0,0.4548646834946537,,,
0.0,0.0,0.3576787134890246,,,
1.0,1.0,0.5372291222637068,,,
0.0,0.0,0.3237572378119977,,,
0.0,0.0,0.3277976420421574,,,
0.0,0.0,0.452362437014068,,,
0.0,0.0,0.41912741553163635,,,
0.0,0.0,0.3475570001860266,,,
1.0,0.0,0.4101528297785057,,,
1.0,1.0,0.5487923957976286,,,
1.0,1.0,0.5943162347922331,,,
0.0,0.0,0.3480411915194309,,,
1.0,0.0,0.4894608439640404,,,
0.0,0.0,0.4718509112786907,,,
0.0,0.0,0.4844389175029562,,,
0.0,0.0,0.3551061541098796,,,
0.0,0.0,0.40449952908062636,,,
0.0,0.0,0.49503638402761946,,,
1.0,1.0,0.5661627176159313,,,
1.0,0.0,0.4497098679923495,,,
1.0,1.0,0.5307199764487944,,,
1.0,1.0,0.5855493845063637,,,
0.0,0.0,0.4716905276513451,,,
0.0,0.0,0.30209117804047403,,,
1.0,1.0,0.5040741047508989,,,
0.0,0.0,0.44839535311485046,,,
1.0,1.0,0.7820871622908743,,,
1.0,0.0,0.38161075985734316,,,
0.0,0.0,0.4071960333153761,,,
0.0,0.0,0.3647548676628825,,,
0.0,0.0,0.39792613641241337,,,
0.0,0.0,0.4875486542763591,,,
0.0,0.0,0.37634727015325836,,,
1.0,0.0,0.46735172923332,,,
1.0,0.0,0.46867335459478604,,,
1.0,0.0,0.46303544956526865,,,
0.0,0.0,0.35467739703404627,,,
1.0,1.0,0.5609719054037333,,,
1.0,1.0,0.7399079856487155,,,
1.0,0.0,0.408059906809253,,,
1.0,1.0,0.5050130785939889,,,
0.0,0.0,0.35105497559185467,,,
0.0,0.0,0.46511561780292887,,,
0.0,0.0,0.3846281282528497,,,
0.0,0.0,0.3589261410281059,,,
0.0,0.0,0.3866267076791813,,,
1.0,0.0,0.48880607379626306,,,
0.0,0.0,0.3778440010505088,,,
1.0,1.0,0.519577611114148,,,
0.0,0.0,0.4524708891141126,,,
1.0,1.0,0.5199522253278148,,,
0.0,0.0,0.3364178704854667,,,
0.0,0.0,0.3230014755037265,,,
1.0,1.0,0.6026389223206151,,,
1.0,1.0,0.8662203291953798,,,
0.0,0.0,0.32721320088813366,,,
1.0,0.0,0.44809743509368455,,,
1.0,0.0,0.430462048679521,,,
1.0,1.0,0.520096735676282,,,
0.0,0.0,0.44605395497288086,,,
1.0,0.0,0.4365386353028651,,,
1.0,1.0,0.5205577095864042,,,
1.0,1.0,0.5536125413227111,,,
1.0,0.0,0.37733547164412795,,,
0.0,0.0,0.33644068345995054,,,
1.0,0.0,0.36995984361233875,,,
0.0,0.0,0.36852879062359706,,,
1.0,1.0,0.5825186349044214,,,
1.0,1.0,0.5249914707914857,,,
0.0,0.0,0.38633958391814444,,,
1.0,1.0,0.5074000224610186,,,
1.0,1.0,0.5406676414066325,,,
0.0,1.0,0.6629953535530216,,,
0.0,0.0,0.4868303802085404,,,
1.0,1.0,0.5347055297456826,,,
1.0,1.0,0.5938973149453428,,,
1.0,0.0,0.4588992129698923,,,
0.0,0.0,0.448399509772599,,,
0.0,0.0,0.4896995517157887,,,
0.0,0.0,0.37732126755636125,,,
0.0,0.0,0.4888066980586759,,,
0.0,0.0,0.3331894391133784,,,
0.0,0.0,0.3324263650527622,,,
1.0,1.0,0.5190207926840642,,,
1.0,0.0,0.4984929844396661,,,
1.0,0.0,0.47453713601913705,,,
0.0,0.0,0.4646630083233413,,,
0.0,0.0,0.3939896318760058,,,
1.0,1.0,0.8512455172145317,,,
1.0,1.0,0.6904303608686494,,,
0.0,0.0,0.2989953105057744,,,
1.0,0.0,0.42534334743094115,,,
1.0,0.0,0.4265499884504461,,,
0.0,0.0,0.4507044593790115,,,
0.0,0.0,0.32609555690825687,,,
1.0,0.0,0.3823736545894286,,,
1.0,0.0,0.4319438617285964,,,
0.0,0.0,0.3979029900064001,,,
0.0,0.0,0.46993761022459096,,,
1.0,0.0,0.4514021213069709,,,
0.0,0.0,0.3672378909304607,,,
0.0,0.0,0.39507777521677395,,,
1.0,1.0,0.5958561722007797,,,
0.0,0.0,0.3379185455940263,,,
0.0,0.0,0.33246821649228187,,,
1.0,1.0,0.5835902241642472,,,
0.0,0.0,0.4164156808473825,,,
1.0,0.0,0.41979592584528624,,,
1.0,1.0,0.7577011148826586,,,
1.0,1.0,0.6525479046650972,,,
0.0,0.0,0.40802304459771543,,,
1.0,1.0,0.5615381654090497,,,
1.0,1.0,0.5311807984112271,,,
1.0,0.0,0.4634103449143793,,,
0.0,0.0,0.36817714333992724,,,
1.0,0.0,0.4565037500178776,,,
0.0,0.0,0.39475241942574973,,,
1.0,1.0,0.64483923803122,,,
0.0,0.0,0.4445549908557812,,,
0.0,0.0,0.38728397264459474,,,
0.0,0.0,0.4609031207553754,,,
1.0,0.0,0.45499734941111586,,,
1.0,1.0,0.7310566125520382,,,
0.0,0.0,0.41713805544159344,,,
1.0,1.0,0.5139979710212352,,,
0.0,0.0,0.41564437884526334,,,
1.0,1.0,0.7275737990583993,,,
0.0,0.0,0.4215006797236643,,,
0.0,0.0,0.36406322365761395,,,
1.0,1.0,0.5258537937424663,,,
0.0,0.0,0.4812755370058933,,,
0.0,0.0,0.3843049474116278,,,
0.0,0.0,0.4283884209193733,,,
1.0,1.0,0.7849843899534757,,,
1.0,1.0,0.6640361690271132,,,
0.0,0.0,0.4484665873947544,,,
0.0,0.0,0.4226999396813333,,,
1.0,0.0,0.46373503322496673,,,
0.0,0.0,0.406127952809629,,,
0.0,0.0,0.4625249049491725,,,
0.0,0.0,0.4199894926773053,,,
0.0,0.0,0.4105542090175174,,,
0.0,0.0,0.3616290257365518,,,
0.0,0.0,0.41289754008559926,,,
0.0,0.0,0.48912934517738577,,,
1.0,1.0,0.6622455517774054,,,
1.0,0.0,0.43786501509076087,,,
1.0,0.0,0.4206911431912597,,,
0.0,0.0,0.3451806593285134,,,
0.0,0.0,0.48015755224947754,,,
1.0,0.0,0.40578311678992207,,,
1.0,1.0,0.5141066109060092,,,
0.0,1.0,0.5021358351722628,,,
0.0,0.0,0.3463132183599613,,,
0.0,0.0,0.4282355811883534,,,
0.0,1.0,0.5088058887765686,,,
1.0,0.0,0.4394947297315438,,,
0.0,0.0,0.46305544784601005,,,
1.0,0.0,0.48845130170166834,,,
1.0,1.0,0.6473040049240099,,,
0.0,0.0,0.4589182955024488,,,
1.0,0.0,0.4696312344836086,,,
0.0,1.0,0.516240892096393,,,
1.0,1.0,0.6604865701544982,,,
0.0,0.0,0.4584053325808655,,,
1.0,0.0,0.44246145363080736,,,
0.0,0.0,0.39445525150562416,,,
1.0,0.0,0.42295315808203243,,,
0.0,0.0,0.397066722770288,,,
1.0,1.0,0.6387806061135722,,,
1.0,0.0,0.4592758092736404,,,
0.0,0.0,0.3521823633135542,,,
1.0,1.0,0.5679572669378183,,,
1.0,1.0,0.6046057802061432,,,
1.0,1.0,0.6690257322152583,,,
0.0,1.0,0.5704589943100828,,,
0.0,0.0,0.4169428620058813,,,
0.0,0.0,0.37478646091588436,,,
1.0,1.0,0.5343775508914724,,,
1.0,1.0,0.6150317787969796,,,
1.0,1.0,0.6456401087438133,,,
0.0,0.0,0.39147470410644,,,
0.0,0.0,0.39963274455017156,,,
0.0,0.0,0.3506390342525737,,,
0.0,0.0,0.4795161590750233,,,
1.0,1.0,0.791951444851582,,,
0.0,0.0,0.42870620041595214,,,
1.0,0.0,0.42361298533057495,,,
1.0,1.0,0.6358392038230765,,,
0.0,0.0,0.42423580784449066,,,
1.0,1.0,0.804717832372625,,,
1.0,1.0,0.654669115878096,,,
1.0,0.0,0.4988173569470719,,,
0.0,0.0,0.35270762250070015,,,
1.0,0.0,0.46482001748681084,,,
1.0,0.0,0.49460561097143313,,,
0.0,0.0,0.47849690782100973,,,
1.0,0.0,0.4703947806820246,,,
0.0,0.0,0.3676321012840318,,,
1.0,1.0,0.5083399024449278,,,
0.0,0.0,0.4450468318518021,,,
0.0,0.0,0.4020136708840159,,,
0.0,0.0,0.3801001741648345,,,
0.0,0.0,0.4273557552522573,,,
0.0,0.0,0.3294355259370941,,,
1.0,1.0,0.7194549977596142,,,
0.0,0.0,0.23089469991733944,,,
0.0,0.0,0.39573020009226384,,,
1.0,0.0,0.45297557423353274,,,
1.0,1.0,0.5636712210895779,,,
1.0,0.0,0.4499862394363251,,,
0.0,0.0,0.4749713946756753,,,
1.0,1.0,0.5481755422751218,,,
0.0,0.0,0.32266187348128184,,,
0.0,1.0,0.6378368267695627,,,
1.0,0.0,0.44767868484384626,,,
0.0,0.0,0.20774733006956458,,,
1.0,1.0,0.6491462640062268,,,
0.0,0.0,0.31488216041755207,,,
0.0,0.0,0.3422880334113047,,,
0.0,0.0,0.3327269823737549,,,
0.0,0.0,0.37927388900913395,,,
0.0,0.0,0.4256812927411539,,,
1.0,1.0,0.5124703251772558,,,
0.0,0.0,0.3884584805920963,,,
0.0,0.0,0.43767551105530794,,,
0.0,0.0,0.47383439239854525,,,
0.0,0.0,0.4495445520588954,,,
0.0,0.0,0.41802273159820236,,,
1.0,0.0,0.47963888265248344,,,
0.0,0.0,0.3368020995159647,,,
0.0,0.0,0.37548472818968215,,,
0.0,0.0,0.3331894391133784,,,
1.0,1.0,0.5358095549123617,,,
0.0,0.0,0.3817335652214872,,,
0.0,0.0,0.4241948443734787,,,
1.0,1.0,0.510001715219686,,,
0.0,0.0,0.42335888692667467,,,
1.0,1.0,0.6113863919029252,,,
1.0,1.0,0.5720114261187379,,,
1.0,1.0,0.5452858000080751,,,
0.0,0.0,0.49092911737345335,,,
0.0,0.0,0.43203620414509936,,,
0.0,0.0,0.4448819479278417,,,
0.0,1.0,0.559368807272624,,,
0.0,0.0,0.4183393336444776,,,
0.0,0.0,0.4898397030916219,,,
0.0,0.0,0.3339216502613378,,,
0.0,1.0,0.5305596725989337,,,
0.0,0.0,0.4348513997523101,,,
1.0,1.0,0.8284718340581787,,,
0.0,0.0,0.4984481845186239,,,
0.0,1.0,0.5036302684142584,,,
1.0,0.0,0.41312250195871314,,,
0.0,0.0,0.45549905431482074,,,
1.0,1.0,0.5341572904182903,,,
1.0,1.0,0.7034810607241875,,,
0.0,0.0,0.3691897687011687,,,
0.0,0.0,0.42292713431976625,,,
1.0,1.0,0.6089508099391309,,,
1.0,1.0,0.5808201733594839,,,
1.0,0.0,0.4526788518927562,,,
1.0,0.0,0.43109361129272883,,,
1.0,0.0,0.4710414105890665,,,
1.0,1.0,0.6709345839969048,,,
1.0,1.0,0.710267793776817,,,
0.0,0.0,0.39568252381022384,,,
0.0,0.0,0.3177505054915463,,,
0.0,0.0,0.3994676536988661,,,
0.0,0.0,0.44874436174174065,,,
1.0,1.0,0.6425283478369499,,,
1.0,1.0,0.6634793946578291,,,
0.0,0.0,0.4071261727988503,,,
1.0,0.0,0.4979409285957979,,,
0.0,0.0,0.368474470245617,,,
0.0,0.0,0.3465758152408658,,,
0.0,0.0,0.3817943901568455,,,
1.0,1.0,0.5252131641753396,,,
1.0,0.0,0.36034513541012436,,,
1.0,1.0,0.5360314913516455,,,
1.0,1.0,0.6191806494770842,,,
1.0,0.0,0.45757955758557906,,,
0.0,0.0,0.3910612829930264,,,
1.0,1.0,0.8712897669378055,,,
1.0,1.0,0.5750606163434288,,,
0.0,0.0,0.4771745244806243,,,
0.0,1.0,0.6305624550760772,,,
0.0,0.0,0.33039571107283494,,,
0.0,0.0,0.2673664798113456,,,
0.0,0.0,0.41995782234399753,,,
0.0,0.0,0.36683694036099124,,,
0.0,0.0,0.46695092153854184,,,
1.0,1.0,0.5772818722687706,,,
1.0,1.0,0.6552660316684218,,,
1.0,1.0,0.7832867098026177,,,
0.0,0.0,0.3731764667956559,,,
1.0,0.0,0.448978860295245,,,
0.0,0.0,0.4657875094777528,,,
0.0,1.0,0.545812382537711,,,
0.0,0.0,0.4418382165284745,,,
0.0,0.0,0.4868571737772628,,,
1.0,0.0,0.4356358609833315,,,
0.0,0.0,0.4090086377555779,,,
0.0,0.0,0.3975864828337463,,,
1.0,0.0,0.4233544595861625,,,
1.0,0.0,0.43098748102224427,,,
1.0,1.0,0.5754143764563268,,,
1.0,1.0,0.5108112504579538,,,
1.0,1.0,0.799895345181639,,,
0.0,0.0,0.42417684465722066,,,
0.0,0.0,0.3414626484742657,,,
1.0,1.0,0.8392848985159239,,,
0.0,0.0,0.34752793599016785,,,
1.0,1.0,0.5937877165434688,,,
1.0,0.0,0.4165859050683518,,,
0.0,0.0,0.45739314122953617,,,
0.0,0.0,0.3859524422605861,,,
0.0,0.0,0.44542931517205653,,,
1.0,1.0,0.6307035793746256,,,
1.0,1.0,0.5456733409422511,,,
0.0,0.0,0.44939086749516816,,,
1.0,1.0,0.5307105572019465,,,
0.0,0.0,0.4521409626851172,,,
1.0,0.0,0.4942588415904792,,,
0.0,0.0,0.47168481665762785,,,
0.0,0.0,0.48294518464511105,,,
0.0,0.0,0.364540064920612,,,
0.0,0.0,0.3366161769144203,,,
1.0,1.0,0.5339257878122837,,,
0.0,0.0,0.4975292170421043,,,
0.0,0.0,0.3405860843071373,,,
0.0,0.0,0.47625592419059065,,,
0.0,0.0,0.41872418368876885,,,
0.0,0.0,0.37435057345830197,,,
0.0,1.0,0.6105885649928703,,,
1.0,0.0,0.4887569581204357,,,
0.0,1.0,0.5358526433899351,,,
1.0,1.0,0.659748362509726,,,
1.0,0.0,0.4120628151666667,,,
1.0,0.0,0.4947134208012536,,,
1.0,1.0,0.6760066920889218,,,
1.0,0.0,0.438715167361441,,,
0.0,0.0,0.43471056090846766,,,
0.0,0.0,0.2879950012939332,,,
0.0,0.0,0.3897483224191543,,,
0.0,1.0,0.5004985455429144,,,
1.0,0.0,0.4733523675265568,,,
0.0,0.0,0.4273568050969385,,,
0.0,0.0,0.42987237412321927,,,
0.0,0.0,0.480478879403033,,,
1.0,0.0,0.46136380474515876,,,
0.0,0.0,0.4701896946823605,,,
0.0,0.0,0.454476958547796,,,
1.0,1.0,0.592719332995679,,,
1.0,1.0,0.7866409919431265,,,
1.0,0.0,0.4304766739200017,,,
1.0,0.0,0.43987883631953517,,,
0.0,0.0,0.3976630915296392,,,
0.0,0.0,0.31149360347049765,,,
1.0,0.0,0.47526185345853506,,,
1.0,1.0,0.5911966991158875,,,
0.0,0.0,0.49753914517784265,,,
0.0,0.0,0.3830712314341305,,,
0.0,0.0,0.3806914846246863,,,
0.0,0.0,0.38855263231184156,,,
1.0,1.0,0.5518257108570734,,,
1.0,0.0,0.3902271459144022,,,
0.0,0.0,0.4215279807874209,,,
0.0,0.0,0.21300331688434546,,,
1.0,1.0,0.5776630622405712,,,
0.0,0.0,0.41365367884872084,,,
0.0,0.0,0.3587585121183192,,,
1.0,0.0,0.4399864399809536,,,
0.0,0.0,0.3768286014969389,,,
1.0,1.0,0.5292046417255968,,,
1.0,0.0,0.4506168606230359,,,
0.0,0.0,0.45330359344510845,,,
1.0,1.0,0.5137283132368776,,,
0.0,0.0,0.26186515728356896,,,
1.0,1.0,0.6113682571634935,,,
1.0,0.0,0.4976713136780564,,,
0.0,0.0,0.46002582139821185,,,
0.0,0.0,0.4038861990218169,,,
1.0,1.0,0.557058059590858,,,
1.0,1.0,0.8082295226471102,,,
1.0,1.0,0.6597845370801797,,,
0.0,1.0,0.5495237174710236,,,
1.0,0.0,0.3867849137575422,,,
1.0,0.0,0.45425660181885336,,,
1.0,1.0,0.6657155278600568,,,
1.0,0.0,0.40013159780269514,,,
0.0,0.0,0.3734272352157742,,,
0.0,1.0,0.5369057654977402,,,
0.0,0.0,0.49854098567298627,,,
0.0,0.0,0.2905513667456956,,,
0.0,0.0,0.41977646879153796,,,
1.0,0.0,0.377937133429704,,,
1.0,1.0,0.59681243186301,,,
1.0,1.0,0.695192187235079,,,
1.0,1.0,0.5010838207892977,,,
0.0,0.0,0.35111564653609684,,,
1.0,0.0,0.47610932699991015,,,
0.0,1.0,0.5536015333433896,,,
0.0,0.0,0.4001068546576497,,,
1.0,1.0,0.5994454995924952,,,
0.0,0.0,0.3966123640318778,,,
0.0,0.0,0.3469592945314016,,,
1.0,1.0,0.5603574100506268,,,
0.0,0.0,0.4262361230287606,,,
0.0,0.0,0.48596769260000483,,,
1.0,0.0,0.4334153949728454,,,
0.0,0.0,0.359636160576349,,,
1.0,0.0,0.39472671174396035,,,
0.0,0.0,0.3977457444180532,,,
1.0,1.0,0.5833234887636505,,,
1.0,0.0,0.381039325232072,,,
0.0,0.0,0.3929152323938528,,,
0.0,0.0,0.46384504612878025,,,
1.0,1.0,0.5015930393180154,,,
1.0,1.0,0.5602957952373658,,,
0.0,0.0,0.41413899743413585,,,
1.0,1.0,0.5102383701164835,,,
0.0,0.0,0.4724232769734498,,,
0.0,0.0,0.4114070184052489,,,
1.0,1.0,0.6014166276264398,,,
0.0,0.0,0.4234050485194741,,,
0.0,0.0,0.39265687516364506,,,
0.0,0.0,0.39656308629721626,,,
1.0,0.0,0.47018396778537214,,,
1.0,1.0,0.5436011139046193,,,
0.0,0.0,0.3748122540288579,,,
0.0,0.0,0.4080130913908357,,,
1.0,0.0,0.46619893082011266,,,
0.0,0.0,0.45757764707975007,,,
0.0,0.0,0.4287298107115378,,,
1.0,0.0,0.45011375323758535,,,
1.0,1.0,0.6800944543451132,,,
1.0,1.0,0.5463255708556745,,,
1.0,0.0,0.4273199085248915,,,
0.0,0.0,0.44594671595884416,,,
0.0,0.0,0.37526336031236324,,,
0.0,0.0,0.31982270376125027,,,
0.0,1.0,0.6629953535530216,,,
1.0,0.0,0.41693736502676204,,,
1.0,1.0,0.698513289443969,,,
0.0,0.0,0.3825958507196855,,,
0.0,0.0,0.3961335287796205,,,
0.0,0.0,0.37452309557502217,,,
1.0,0.0,0.41185889912735085,,,
1.0,0.0,0.40007352994621564,,,
1.0,0.0,0.40201674934447323,,,
1.0,1.0,0.5439443375911445,,,
1.0,0.0,0.4917513071354858,,,
1.0,1.0,0.5953615393631133,,,
0.0,0.0,0.49116842567590147,,,
1.0,1.0,0.5475159869705732,,,
1.0,0.0,0.3895164621405658,,,
1.0,0.0,0.46200650392176557,,,
1.0,1.0,0.6329821847302702,,,
0.0,0.0,0.3861899289514586,,,
0.0,0.0,0.44652597272382544,,,
1.0,0.0,0.4420439954874213,,,
1.0,0.0,0.4851531790342499,,,
1.0,1.0,0.5169302382639773,,,
1.0,1.0,0.6150395281750461,,,
0.0,0.0,0.4779797465053104,,,
1.0,1.0,0.6383069474060129,,,
1.0,0.0,0.4941303780022512,,,
1.0,0.0,0.3737776736030743,,,
0.0,0.0,0.4092479199866998,,,
0.0,0.0,0.3549382787929731,,,
1.0,1.0,0.5711827313001715,,,
1.0,1.0,0.564884824244291,,,
1.0,1.0,0.5498511192898721,,,
1.0,1.0,0.5016887344605356,,,
0.0,0.0,0.37092004848474097,,,
1.0,1.0,0.515093857738356,,,
1.0,1.0,0.7141366737631448,,,
0.0,0.0,0.3400500849068445,,,
1.0,0.0,0.43945230144270886,,,
1.0,1.0,0.5140644600532531,,,
1.0,1.0,0.5302915786978118,,,
0.0,0.0,0.4309400929796459,,,
1.0,1.0,0.5416205271459638,,,
0.0,0.0,0.4141261244814796,,,
1.0,1.0,0.6618788778796479,,,
1.0,1.0,0.5863134417570229,,,
0.0,0.0,0.49161066454117,,,
1.0,0.0,0.42181196951167843,,,
0.0,1.0,0.6511939385731312,,,
0.0,0.0,0.3695883401396602,,,
0.0,0.0,0.37976240876419537,,,
0.0,0.0,0.35290803162689593,,,
0.0,0.0,0.4328356918395926,,,
0.0,0.0,0.41576861049216,,,
0.0,1.0,0.5279000964548589,,,
0.0,0.0,0.3972890669534464,,,
0.0,1.0,0.5645799634834056,,,
0.0,0.0,0.4443482636907974,,,
0.0,0.0,0.45476771452577963,,,
1.0,0.0,0.3805462118581682,,,
1.0,1.0,0.5008321852533657,,,
1.0,0.0,0.4743586102115782,,,
0.0,0.0,0.3219284470129126,,,
0.0,0.0,0.41859805638680575,,,
0.0,0.0,0.43634380205728135,,,
1.0,1.0,0.5690459339140839,,,
1.0,1.0,0.7268961337238207,,,
0.0,0.0,0.4014301828805154,,,
1.0,0.0,0.44291894065246296,,,
1.0,0.0,0.37566437966349325,,,
1.0,0.0,0.4280862796488512,,,
0.0,0.0,0.34000500384624877,,,
0.0,0.0,0.43268153240456114,,,
0.0,1.0,0.5211440838634166,,,
0.0,0.0,0.39120743219692977,,,
0.0,0.0,0.4618504990645359,,,
0.0,1.0,0.5019069422979927,,,
1.0,1.0,0.5689990312172872,,,
0.0,0.0,0.3696217053189541,,,
0.0,0.0,0.32791494888613293,,,
0.0,1.0,0.5442059166983833,,,
1.0,1.0,0.5292733831256795,,,
0.0,0.0,0.4419659976862188,,,
0.0,0.0,0.49156930255329895,,,
0.0,0.0,0.3843523745808718,,,
0.0,0.0,0.4015399730452842,,,
1.0,1.0,0.5924062945579884,,,
1.0,0.0,0.4041816481926282,,,
0.0,0.0,0.20774733006956458,,,
1.0,1.0,0.8047172972079336,,,
0.0,0.0,0.46187923691410293,,,
0.0,1.0,0.5022241401318391,,,
0.0,1.0,0.52767500948226,,,
0.0,0.0,0.34985334079071373,,,
1.0,1.0,0.5560062420760444,,,
1.0,0.0,0.49883941536654325,,,
0.0,0.0,0.38911433526379285,,,
1.0,1.0,0.500233261198074,,,
1.0,1.0,0.5223899581521824,,,
1.0,1.0,0.6438578356779595,,,
1.0,1.0,0.6968483976125458,,,
1.0,1.0,0.5368593663104324,,,
1.0,1.0,0.513782998370309,,,
1.0,0.0,0.4593678281830357,,,
1.0,1.0,0.6318558531662145,,,
1.0,1.0,0.8658406713305702,,,
1.0,1.0,0.7008900138404922,,,
0.0,0.0,0.46283679516315357,,,
1.0,1.0,0.6120085772547225,,,
1.0,1.0,0.6604974731312054,,,
0.0,1.0,0.6958288821006912,,,
0.0,0.0,0.39161963351527235,,,
1.0,1.0,0.5216519830109828,,,
0.0,0.0,0.3405668812222115,,,
1.0,0.0,0.3775236108789619,,,
1.0,1.0,0.7158098976046486,,,
1.0,1.0,0.6811495600327695,,,
1.0,1.0,0.5447005567333273,,,
1.0,0.0,0.43989141590805647,,,
0.0,0.0,0.42332966756969087,,,
1.0,1.0,0.6175625014665687,,,
1.0,1.0,0.5171624086920723,,,
0.0,0.0,0.3995914898731907,,,
1.0,1.0,0.543415865531806,,,
1.0,0.0,0.4551578370606056,,,
0.0,0.0,0.41044265405830993,,,
0.0,1.0,0.5303412403483114,,,
0.0,0.0,0.4304527217749959,,,
1.0,0.0,0.4659987836415755,,,
1.0,1.0,0.6978651611630068,,,
1.0,1.0,0.544120136855788,,,
0.0,0.0,0.4855687947669074,,,
0.0,1.0,0.6723541221257193,,,
0.0,0.0,0.4107233986613835,,,
1.0,1.0,0.8160583100335126,,,
0.0,0.0,0.36394848852532485,,,
0.0,0.0,0.3136350485146659,,,
1.0,1.0,0.6552371374799246,,,
1.0,1.0,0.5733056852773593,,,
0.0,0.0,0.39342222344751754,,,
0.0,0.0,0.48136740824533464,,,
1.0,0.0,0.33546109211302344,,,
1.0,1.0,0.5565268694822164,,,
0.0,0.0,0.42695293969623394,,,
0.0,0.0,0.3321264332575016,,,
0.0,0.0,0.32429233624600506,,,
1.0,1.0,0.6808721141915511,,,
1.0,1.0,0.6727545428177278,,,
0.0,0.0,0.3795749203992228,,,
0.0,0.0,0.39393038766069444,,,
1.0,1.0,0.5089026702509024,,,
1.0,0.0,0.4550996061791139,,,
1.0,0.0,0.48612654735655725,,,
0.0,1.0,0.5126251787509246,,,
1.0,0.0,0.4845493979163993,,,
0.0,0.0,0.3362898231364516,,,
0.0,0.0,0.3973432342489368,,,
0.0,0.0,0.39592884122057775,,,
0.0,1.0,0.5759639591502564,,,
1.0,0.0,0.49012186540522085,,,
1.0,1.0,0.5375798002988251,,,
0.0,0.0,0.493075820486108,,,
1.0,1.0,0.5503255943370032,,,
1.0,1.0,0.5332400064728012,,,
1.0,0.0,0.4334007493159987,,,
1.0,0.0,0.44555320585511354,,,
1.0,0.0,0.45812165270949934,,,
1.0,1.0,0.6803657027192542,,,
0.0,0.0,0.41262589894321144,,,
0.0,0.0,0.3469844133867884,,,
1.0,1.0,0.5969470509476624,,,
0.0,0.0,0.393862782862057,,,
0.0,0.0,0.3434058079347755,,,
0.0,1.0,0.5417684082323558,,,
1.0,0.0,0.39705353046738723,,,
1.0,1.0,0.590218400617298,,,
1.0,0.0,0.4844231770766345,,,
0.0,0.0,0.39289522475432476,,,
0.0,0.0,0.39351143565591357,,,
0.0,0.0,0.43363952313956955,,,
0.0,0.0,0.466824854145409,,,
1.0,1.0,0.6596521485493737,,,
1.0,1.0,0.6030667368603894,,,
0.0,0.0,0.4557833204934655,,,
1.0,1.0,0.5032461474461121,,,
0.0,0.0,0.4119150015128545,,,
1.0,1.0,0.5618990070665387,,,
1.0,1.0,0.5491490694648115,,,
1.0,1.0,0.5439544348395688,,,
1.0,0.0,0.4614399519576321,,,
1.0,1.0,0.7142769118407066,,,
0.0,0.0,0.41018097249098906,,,
1.0,0.0,0.4933122744447998,,,
0.0,0.0,0.42934088064087494,,,
1.0,1.0,0.5693694616911148,,,
0.0,0.0,0.3834845150572788,,,
1.0,1.0,0.6057705042751425,,,
1.0,0.0,0.4393173431039953,,,
1.0,1.0,0.5480643738758131,,,
0.0,0.0,0.4092479199866998,,,
0.0,0.0,0.40536684693437275,,,
1.0,1.0,0.6246031545218237,,,
0.0,0.0,0.47485682937382045,,,
1.0,0.0,0.42534334743094115,,,
1.0,1.0,0.7128730655876996,,,
1.0,0.0,0.43405271693950404,,,
1.0,1.0,0.6374306924125511,,,
1.0,1.0,0.6318558531662145,,,
1.0,1.0,0.5233230663862389,,,
0.0,0.0,0.4949565847952045,,,
1.0,1.0,0.5573308599889522,,,
0.0,0.0,0.32814599629655655,,,
0.0,0.0,0.4033254844419053,,,
0.0,0.0,0.3772456386473311,,,
0.0,0.0,0.40197994208192434,,,
0.0,0.0,0.43767551105530794,,,
1.0,1.0,0.5112503399381049,,,
1.0,0.0,0.4789639392891869,,,
0.0,0.0,0.4151851874649616,,,
1.0,1.0,0.5349315676902557,,,
0.0,0.0,0.4988324319395883,,,
0.0,0.0,0.4011487084184962,,,
0.0,0.0,0.4358309660346491,,,
1.0,0.0,0.47878806325143713,,,
0.0,0.0,0.389529934814139,,,
0.0,0.0,0.30942089420338076,,,
1.0,1.0,0.5822394337946418,,,
1.0,0.0,0.4671600133573871,,,
1.0,1.0,0.653877203888214,,,
1.0,0.0,0.38213608056025505,,,
1.0,1.0,0.5136290231787879,,,
0.0,0.0,0.4552345034014351,,,
0.0,0.0,0.4501635169434391,,,
0.0,0.0,0.3705591235933921,,,
1.0,0.0,0.4287091053877245,,,
0.0,0.0,0.3652792867221168,,,
0.0,0.0,0.366538363939184,,,
1.0,1.0,0.5648052811388247,,,
0.0,0.0,0.357142052531569,,,
0.0,1.0,0.5210720256339701,,,
1.0,0.0,0.49587230651580705,,,
0.0,0.0,0.40756653077060173,,,
1.0,0.0,0.44457008790346036,,,
1.0,1.0,0.5381105819476633,,,
0.0,0.0,0.4667184067077404,,,
1.0,0.0,0.37878741338290617,,,
0.0,0.0,0.37624902238784486,,,
1.0,1.0,0.8556109518116363,,,
1.0,1.0,0.764739589981686,,,
1.0,0.0,0.4158480247145087,,,
0.0,0.0,0.4987923975972281,,,
0.0,0.0,0.3608500914601373,,,
0.0,0.0,0.39482010864202893,,,
1.0,1.0,0.5805610355042888,,,
0.0,0.0,0.3524615251669988,,,
1.0,0.0,0.46726535983783685,,,
1.0,0.0,0.35961586651462996,,,
0.0,0.0,0.42355867588026774,,,
1.0,1.0,0.587912713150791,,,
0.0,0.0,0.36148154990977327,,,
0.0,0.0,0.3362485142109461,,,
0.0,0.0,0.3509440714338153,,,
1.0,1.0,0.517475865874033,,,
0.0,0.0,0.3837522307319925,,,
0.0,0.0,0.41834528318095254,,,
1.0,1.0,0.5842965224290557,,,
1.0,1.0,0.6096847930165844,,,
0.0,0.0,0.41506316034244634,,,
0.0,0.0,0.38929185983899034,,,
0.0,0.0,0.3798141417989283,,,
0.0,0.0,0.39231096647110086,,,
0.0,0.0,0.39486395020145326,,,
0.0,0.0,0.4283446216600468,,,
1.0,1.0,0.5215689761398289,,,
0.0,0.0,0.3997363372359479,,,
0.0,0.0,0.43721202301455653,,,
1.0,1.0,0.6168558326665421,,,
0.0,0.0,0.4104676936108934,,,
0.0,1.0,0.5037460070621456,,,
0.0,0.0,0.3908594655775758,,,
1.0,0.0,0.3868028240653535,,,
1.0,0.0,0.4942332177518624,,,
1.0,1.0,0.5911624937674875,,,
1.0,1.0,0.7677987979318728,,,
1.0,1.0,0.7161212661445784,,,
1.0,0.0,0.46228113624798867,,,
1.0,1.0,0.6375641378337763,,,
1.0,1.0,0.7284051564630079,,,
0.0,0.0,0.382004602039626,,,
0.0,0.0,0.3568075920605562,,,
1.0,0.0,0.4561365772846049,,,
1.0,0.0,0.49521941138338327,,,
1.0,0.0,0.48605544250435223,,,
0.0,0.0,0.38924801011114624,,,
1.0,1.0,0.6314754402594087,,,
1.0,1.0,0.538926404715476,,,
1.0,0.0,0.49920845594360685,,,
0.0,0.0,0.43522176903852283,,,
1.0,1.0,0.7840614383122058,,,
1.0,1.0,0.5309967559482147,,,
0.0,0.0,0.43584357505372373,,,
0.0,0.0,0.3838860418956474,,,
1.0,1.0,0.7781155760166297,,,
1.0,0.0,0.4468477063221485,,,
1.0,0.0,0.4274039725189055,,,
0.0,0.0,0.359041526919823,,,
1.0,1.0,0.5854190468128102,,,
1.0,0.0,0.3827455104025349,,,
1.0,1.0,0.623430570482054,,,
0.0,0.0,0.32134113452929436,,,
1.0,1.0,0.5957646633548795,,,
1.0,0.0,0.46944395288105467,,,
0.0,0.0,0.36482805564941745,,,
0.0,0.0,0.3904211569599097,,,
1.0,1.0,0.7274182003460171,,,
1.0,1.0,0.5683072476197819,,,
0.0,0.0,0.4138083200830836,,,
1.0,1.0,0.7260553351150223,,,
0.0,0.0,0.41544580438155265,,,
1.0,1.0,0.589392532973132,,,
0.0,0.0,0.37104717146855104,,,
0.0,0.0,0.3542500661256413,,,
1.0,1.0,0.6167099933850921,,,
0.0,0.0,0.35933601558612077,,,
0.0,1.0,0.5272076685183495,,,
1.0,0.0,0.4615924178374292,,,
0.0,0.0,0.4219289184419506,,,
1.0,0.0,0.4381204540599809,,,
0.0,0.0,0.46745217567361,,,
1.0,1.0,0.7031688822123319,,,
0.0,0.0,0.3275005876601248,,,
0.0,0.0,0.38879489302861947,,,
0.0,0.0,0.3678935839721004,,,
0.0,0.0,0.4503066407716991,,,
0.0,0.0,0.4239265431244934,,,
0.0,0.0,0.4085362387485415,,,
1.0,0.0,0.4975471630214882,,,
0.0,1.0,0.5123865706291535,,,
0.0,0.0,0.4354182935450212,,,
0.0,0.0,0.39199893451459306,,,
1.0,1.0,0.5416198018564917,,,
0.0,0.0,0.404577189261582,,,
1.0,1.0,0.6224233859384295,,,
0.0,0.0,0.33060108387547177,,,
0.0,1.0,0.5196101011669609,,,
1.0,1.0,0.6717525816744471,,,
1.0,0.0,0.3742832837030472,,,
1.0,1.0,0.5595453684948917,,,
1.0,1.0,0.5399969472452328,,,
0.0,0.0,0.4372183828543407,,,
0.0,0.0,0.45931256953315885,,,
0.0,0.0,0.36085484620559244,,,
1.0,1.0,0.6992271325659983,,,
1.0,1.0,0.6251309664549531,,,
0.0,0.0,0.3384407248589239,,,
1.0,1.0,0.6979196278551705,,,
1.0,0.0,0.4785607316923551,,,
0.0,0.0,0.31800424541309497,,,
0.0,0.0,0.42842533690171,,,
1.0,1.0,0.5496737939231737,,,
0.0,0.0,0.36431919672743407,,,
0.0,0.0,0.4088831228963439,,,
1.0,0.0,0.41187618928954495,,,
1.0,1.0,0.5129612306684104,,,
1.0,1.0,0.524796091434432,,,
0.0,0.0,0.3659626513018727,,,
0.0,0.0,0.34567487546003084,,,
1.0,1.0,0.5845038800504778,,,
0.0,0.0,0.38868060574259006,,,
1.0,0.0,0.40070762084271666,,,
0.0,0.0,0.4677846353915778,,,
1.0,0.0,0.4076114593690557,,,
1.0,1.0,0.5261582664172038,,,
0.0,0.0,0.40786468566976125,,,
1.0,1.0,0.5719643238773027,,,
0.0,0.0,0.39809823835080993,,,
0.0,1.0,0.5151262072129232,,,
1.0,1.0,0.5427020166187658,,,
0.0,0.0,0.37070914050282733,,,
1.0,0.0,0.4134789435799871,,,
0.0,0.0,0.4847042448045446,,,
1.0,1.0,0.5416344334497205,,,
0.0,0.0,0.4044631866859056,,,
1.0,1.0,0.5415615331857019,,,
0.0,0.0,0.45039167007695996,,,
0.0,0.0,0.33374485130264636,,,
1.0,0.0,0.41244106688536425,,,
1.0,1.0,0.7705591295408212,,,
0.0,0.0,0.4880553532454212,,,
0.0,1.0,0.6425939817057663,,,
1.0,1.0,0.6008751577937301,,,
1.0,1.0,0.6346540723502272,,,
0.0,0.0,0.47316388242915175,,,
0.0,0.0,0.4635611127188994,,,
1.0,0.0,0.4126330828686225,,,
1.0,1.0,0.5917631641984484,,,
1.0,1.0,0.5497735049947567,,,
0.0,0.0,0.438454979908403,,,
1.0,0.0,0.44676457250607576,,,
1.0,1.0,0.5016701109903245,,,
1.0,0.0,0.3505885356518407,,,
1.0,0.0,0.4558744267706263,,,
0.0,0.0,0.4044892708949176,,,
1.0,1.0,0.5388451104775009,,,
1.0,0.0,0.42753460303824403,,,
0.0,0.0,0.3751372441423226,,,
0.0,0.0,0.32560983746107897,,,
1.0,1.0,0.5589083781471373,,,
0.0,1.0,0.5415761851661168,,,
0.0,0.0,0.49749577477684714,,,
0.0,0.0,0.47561613420119575,,,
1.0,1.0,0.5494339690877424,,,
1.0,0.0,0.4263913592069157,,,
0.0,0.0,0.4209692133957826,,,
1.0,0.0,0.46698272333470764,,,
1.0,0.0,0.4816044166629958,,,
0.0,0.0,0.32888567035655586,,,
0.0,1.0,0.5115345966234515,,,
1.0,1.0,0.5389484882597293,,,
1.0,0.0,0.37421313796898703,,,
1.0,0.0,0.44570022351722377,,,
0.0,0.0,0.3352019165865939,,,
0.0,0.0,0.486061373844855,,,
1.0,1.0,0.7418474308441609,,,
0.0,0.0,0.3780529801437491,,,
0.0,0.0,0.3936108319328081,,,
0.0,0.0,0.4111165653805524,,,
1.0,1.0,0.8394699153415462,,,
1.0,1.0,0.5357091230719392,,,
0.0,0.0,0.45632904417652276,,,
0.0,0.0,0.4451486791729497,,,
1.0,1.0,0.7397792331569683,,,
1.0,1.0,0.5714728417291132,,,
1.0,0.0,0.3871666982020164,,,
0.0,0.0,0.4228268248742493,,,
0.0,1.0,0.5442017962878398,,,
0.0,0.0,0.432516594193673,,,
0.0,0.0,0.4030448772765341,,,
0.0,1.0,0.51456590563108,,,
0.0,0.0,0.3310829776755129,,,
1.0,1.0,0.7865200119148128,,,
0.0,0.0,0.43373934538281594,,,
1.0,0.0,0.47082724057263525,,,
0.0,0.0,0.4279614746202159,,,
0.0,0.0,0.43150922218852145,,,
1.0,1.0,0.5468985898270174,,,
0.0,1.0,0.5004582921188027,,,
1.0,1.0,0.5017388424314725,,,
1.0,0.0,0.3986757956340236,,,
0.0,0.0,0.3793810037534547,,,
1.0,1.0,0.5662306043654511,,,
0.0,0.0,0.4424924949606496,,,
0.0,1.0,0.5108351023398688,,,
0.0,0.0,0.3551296017137894,,,
0.0,0.0,0.35574693948677455,,,
1.0,1.0,0.589060544023385,,,
1.0,0.0,0.47978677405673326,,,
1.0,1.0,0.6499134828726144,,,
0.0,1.0,0.6020493414025437,,,
1.0,0.0,0.48431822237338856,,,
0.0,0.0,0.400889612074578,,,
1.0,1.0,0.8499549073388815,,,
0.0,0.0,0.34931074410552765,,,
1.0,0.0,0.4516174426701317,,,
0.0,0.0,0.34425401005642003,,,
1.0,1.0,0.6665384137372343,,,
1.0,1.0,0.554973711103086,,,
1.0,0.0,0.42612276148050043,,,
0.0,0.0,0.358498129566326,,,
0.0,1.0,0.617566855780769,,,
0.0,0.0,0.38739102748465387,,,
0.0,0.0,0.3337854175324095,,,
1.0,1.0,0.6763403113919711,,,
0.0,0.0,0.47303467631887003,,,
0.0,0.0,0.4547897035061754,,,
1.0,1.0,0.5177032881359097,,,
1.0,1.0,0.5264813787743536,,,
1.0,1.0,0.5038514206976599,,,
0.0,0.0,0.45938091972053663,,,
0.0,0.0,0.3825311002255804,,,
1.0,1.0,0.581999049405921,,,
0.0,1.0,0.5160793609346122,,,
1.0,0.0,0.448171330969899,,,
0.0,0.0,0.3059940427889017,,,
0.0,1.0,0.6253562420847026,,,
0.0,0.0,0.4450408737706804,,,
0.0,0.0,0.42351688021161016,,,
1.0,1.0,0.7240898033126432,,,
1.0,1.0,0.6765453161964721,,,
0.0,0.0,0.3352019165865939,,,
0.0,0.0,0.4869300028105368,,,
1.0,0.0,0.4158455718532116,,,
0.0,0.0,0.47332211894314313,,,
0.0,0.0,0.4345426417393323,,,
0.0,0.0,0.3343729237320289,,,
1.0,0.0,0.4430379297194469,,,
1.0,1.0,0.5417546848388212,,,
1.0,1.0,0.5404291145740359,,,
1.0,0.0,0.3892082844160531,,,
0.0,0.0,0.4755839728786946,,,
1.0,0.0,0.46502204209142417,,,
0.0,0.0,0.35584606423574555,,,
0.0,0.0,0.31910170676166205,,,
1.0,0.0,0.3356949895218662,,,
0.0,0.0,0.4858621563884506,,,
0.0,0.0,0.3919730131334469,,,
1.0,0.0,0.4115374483575559,,,
0.0,0.0,0.383019625350857,,,
0.0,0.0,0.42681059735275645,,,
1.0,1.0,0.5313240668185607,,,
1.0,0.0,0.40966475891666854,,,
1.0,1.0,0.6392808359172433,,,
0.0,0.0,0.4080995494922097,,,
0.0,0.0,0.32734464461184326,,,
0.0,0.0,0.415800105513085,,,
1.0,0.0,0.467032940163367,,,
0.0,0.0,0.3804198351426049,,,
0.0,0.0,0.43986696639409056,,,
1.0,1.0,0.8213163090067032,,,
0.0,1.0,0.6046988123420803,,,
1.0,1.0,0.6452488257176501,,,
0.0,0.0,0.39540398314125824,,,
1.0,0.0,0.4246858394915538,,,
1.0,1.0,0.5004716492829542,,,
0.0,0.0,0.453531888956677,,,
0.0,0.0,0.35033478627407477,,,
1.0,1.0,0.5301698353092612,,,
0.0,0.0,0.4066730753015703,,,
0.0,1.0,0.5650716715598169,,,
1.0,0.0,0.4394806100273314,,,
0.0,1.0,0.5148952826854343,,,
1.0,0.0,0.3620363779501127,,,
0.0,0.0,0.3997790313840742,,,
1.0,0.0,0.4940485434027154,,,
1.0,1.0,0.6730460333076281,,,
1.0,0.0,0.45679652831796114,,,
1.0,0.0,0.4571859988637586,,,
1.0,0.0,0.4387308778474516,,,
0.0,0.0,0.45449972153573737,,,
0.0,0.0,0.3450907061370891,,,
1.0,1.0,0.5921384976773146,,,
0.0,0.0,0.35020833275616164,,,
0.0,0.0,0.3895588262959826,,,
1.0,0.0,0.4346363226339659,,,
1.0,0.0,0.38607924652406267,,,
0.0,0.0,0.4674627436397214,,,
1.0,0.0,0.4903170106299367,,,
1.0,1.0,0.5884406229211371,,,
0.0,0.0,0.24861932669950415,,,
1.0,0.0,0.49089195055166845,,,
0.0,0.0,0.40152408276107787,,,
0.0,0.0,0.40222409543346416,,,
1.0,1.0,0.7087834122599413,,,
0.0,0.0,0.45492098711945916,,,
0.0,0.0,0.4864817654132311,,,
1.0,1.0,0.5027951245997757,,,
0.0,0.0,0.36240813049857556,,,
1.0,1.0,0.7729699042171362,,,
1.0,1.0,0.5043239670708066,,,
1.0,1.0,0.6818562675241602,,,
0.0,0.0,0.35522716467787513,,,
1.0,1.0,0.584384232850676,,,
1.0,1.0,0.5785259702812302,,,
1.0,1.0,0.5062235911933117,,,
0.0,0.0,0.38051991356316334,,,
1.0,0.0,0.4955243972214468,,,
1.0,0.0,0.45600155287220007,,,
1.0,0.0,0.3782585740330541,,,
0.0,0.0,0.37718511160325946,,,
1.0,0.0,0.4110063425657839,,,
1.0,0.0,0.48209918672815083,,,
1.0,1.0,0.681315602446678,,,
0.0,0.0,0.4192477441633277,,,
0.0,0.0,0.4589648002737844,,,
0.0,0.0,0.3991578820085373,,,
1.0,1.0,0.813945301688744,,,
0.0,0.0,0.3480097728971668,,,
0.0,0.0,0.3882516050049321,,,
0.0,0.0,0.4460929893594672,,,
0.0,0.0,0.39817843375283146,,,
1.0,0.0,0.4780771290293638,,,
1.0,1.0,0.509406894518073,,,
0.0,0.0,0.43162686824715435,,,
1.0,1.0,0.5836306932260708,,,
0.0,1.0,0.5053094105234881,,,
1.0,0.0,0.37645441915547856,,,
1.0,0.0,0.49166032997739173,,,
0.0,0.0,0.4834823759669698,,,
0.0,0.0,0.3675386847981119,,,
1.0,0.0,0.4116892005193921,,,
0.0,0.0,0.4273759701354385,,,
1.0,0.0,0.4480659696852997,,,
1.0,1.0,0.6105204515782432,,,
1.0,1.0,0.5405134431340377,,,
1.0,0.0,0.42094581690477767,,,
0.0,1.0,0.535525300837173,,,
1.0,0.0,0.40742619748455333,,,
0.0,0.0,0.4436554194033986,,,
0.0,1.0,0.6647918196796554,,,
1.0,0.0,0.40024653087752765,,,
0.0,1.0,0.523279586135559,,,
0.0,0.0,0.3474926212955727,,,
1.0,1.0,0.5701258991733905,,,
1.0,1.0,0.6115620029568398,,,
1.0,0.0,0.4695415665282011,,,
1.0,0.0,0.49050561913348245,,,
1.0,0.0,0.45223695529247254,,,
0.0,0.0,0.4845584811477401,,,
0.0,0.0,0.46574329078764054,,,
1.0,0.0,0.44894497185900684,,,
0.0,0.0,0.37194790688232227,,,
0.0,0.0,0.44382748781789877,,,
0.0,0.0,0.3980324107930798,,,
0.0,0.0,0.3948409056041088,,,
0.0,0.0,0.3498950485508764,,,
1.0,1.0,0.530475174307586,,,
0.0,0.0,0.399823822178762,,,
1.0,1.0,0.5042379675507507,,,
1.0,1.0,0.6103666550522572,,,
0.0,0.0,0.46312466946797515,,,
0.0,0.0,0.3651658293171494,,,
0.0,0.0,0.4429247570186222,,,
1.0,0.0,0.38911815490642787,,,
0.0,0.0,0.46640038040244397,,,
0.0,0.0,0.4662780392309455,,,
1.0,0.0,0.4991334084584068,,,
1.0,0.0,0.43600420483750113,,,
0.0,0.0,0.4560577272131195,,,
0.0,0.0,0.32499683540715807,,,
0.0,0.0,0.3536636238003076,,,
1.0,1.0,0.541876482554511,,,
1.0,0.0,0.46640038040244397,,,
1.0,0.0,0.48231215144283296,,,
0.0,0.0,0.3597668963090262,,,
0.0,0.0,0.2853152890725678,,,
1.0,0.0,0.4202096068626702,,,
1.0,0.0,0.4439516848719349,,,
0.0,1.0,0.6291735439493373,,,
0.0,0.0,0.4881792740668186,,,
0.0,0.0,0.3955096380333263,,,
1.0,0.0,0.44737373386833895,,,
1.0,0.0,0.4576705545672155,,,
0.0,0.0,0.3589326020941921,,,
1.0,1.0,0.617664817607,,,
1.0,1.0,0.5717467384711415,,,
0.0,0.0,0.3691147566472068,,,
0.0,0.0,0.34134872688960854,,,
0.0,0.0,0.42922703158831005,,,
1.0,1.0,0.6085158181934619,,,
0.0,0.0,0.4666797504314956,,,
0.0,0.0,0.4133873396192498,,,
0.0,0.0,0.36978348749082746,,,
1.0,1.0,0.5811249099814796,,,
1.0,1.0,0.5473951287649788,,,
0.0,0.0,0.39538106969728753,,,
1.0,1.0,0.5822001756793242,,,
1.0,0.0,0.4529942823626631,,,
0.0,0.0,0.34408864905876924,,,
0.0,0.0,0.43893838128958584,,,
1.0,0.0,0.49190935156249505,,,
1.0,1.0,0.5288713039502865,,,
1.0,1.0,0.6484645678667039,,,
1.0,0.0,0.47125430660427553,,,
0.0,0.0,0.38780741072919866,,,
1.0,1.0,0.7709384305157672,,,
1.0,1.0,0.7347536712495304,,,
0.0,0.0,0.432691279272477,,,
0.0,0.0,0.3436995705729307,,,
0.0,0.0,0.4677210865771879,,,
1.0,1.0,0.5175741753076729,,,
1.0,1.0,0.5194476069735996,,,
0.0,0.0,0.4981725211845113,,,
1.0,1.0,0.5387520686906495,,,
1.0,0.0,0.3626464515239307,,,
0.0,0.0,0.37032919683066656,,,
0.0,1.0,0.5224852186126783,,,
0.0,0.0,0.36189168590375687,,,
0.0,1.0,0.5172324679471761,,,
0.0,0.0,0.4357817488951226,,,
1.0,0.0,0.4899702367261275,,,
1.0,0.0,0.3976181300627055,,,
0.0,0.0,0.42011573234672706,,,
0.0,0.0,0.38345483870775027,,,
0.0,0.0,0.41267019259167265,,,
0.0,0.0,0.3856191040001947,,,
1.0,1.0,0.5072123001171307,,,
1.0,1.0,0.5695664035690515,,,
0.0,0.0,0.3781692670549669,,,
1.0,1.0,0.6601494834171493,,,
1.0,0.0,0.4735364751570068,,,
0.0,0.0,0.3539285831871039,,,
1.0,1.0,0.8485047592733987,,,
1.0,1.0,0.6917510036252809,,,
0.0,1.0,0.5191061497668779,,,
1.0,0.0,0.40623025512828526,,,
0.0,0.0,0.34641312905802607,,,
0.0,0.0,0.3503032683092409,,,
1.0,1.0,0.5758195873928568,,,
1.0,1.0,0.564351802344991,,,
1.0,0.0,0.47046206288036585,,,
0.0,0.0,0.42831503923806014,,,
1.0,0.0,0.43424875770209775,,,
0.0,0.0,0.3807577787594736,,,
0.0,1.0,0.5068109256374576,,,
1.0,1.0,0.6346957255847945,,,
0.0,0.0,0.37752885666167474,,,
0.0,0.0,0.43929193270167183,,,
0.0,0.0,0.39199178790020434,,,
1.0,0.0,0.37699138138809907,,,
0.0,0.0,0.3824139293955433,,,
1.0,1.0,0.6631068630812651,,,
0.0,0.0,0.32803333586739847,,,
1.0,0.0,0.4469247355153808,,,
1.0,0.0,0.3738140138227913,,,
0.0,0.0,0.40071918351382996,,,
0.0,0.0,0.38968652519488317,,,
1.0,1.0,0.5334952598650728,,,
1.0,1.0,0.7901285749281278,,,
1.0,1.0,0.5007532011565162,,,
1.0,1.0,0.6355502241513011,,,
0.0,0.0,0.47801152944828773,,,
1.0,1.0,0.510097475782122,,,
1.0,1.0,0.5559479504093868,,,
1.0,0.0,0.3326297014762591,,,
1.0,1.0,0.5606694684353005,,,
1.0,1.0,0.5461071668097438,,,
1.0,1.0,0.7981761743541058,,,
0.0,0.0,0.3989844427074965,,,
1.0,1.0,0.5875299996119933,,,
0.0,1.0,0.7109618501007953,,,
1.0,0.0,0.4087821387390047,,,
0.0,0.0,0.3893918070089872,,,
1.0,1.0,0.5809506926373122,,,
0.0,0.0,0.4152447315296236,,,
1.0,1.0,0.5694562884796204,,,
1.0,1.0,0.5579051731779247,,,
1.0,1.0,0.6593594157322913,,,
1.0,1.0,0.5285127093666919,,,
1.0,0.0,0.3896542138875276,,,
1.0,1.0,0.5689815333311362,,,
0.0,0.0,0.4335159068406898,,,
1.0,1.0,0.674039380755078,,,
0.0,0.0,0.3798963651114123,,,
0.0,0.0,0.42025018188425955,,,
0.0,0.0,0.32609906070635547,,,
0.0,0.0,0.36309265064111756,,,
1.0,0.0,0.39329569722439744,,,
0.0,0.0,0.30395973195975434,,,
1.0,1.0,0.5413499320860578,,,
1.0,1.0,0.7240898033126432,,,
0.0,0.0,0.4222370439310795,,,
0.0,0.0,0.43891249553286393,,,
0.0,0.0,0.44130782112801825,,,
1.0,1.0,0.606810419146646,,,
1.0,0.0,0.44909224292566563,,,
0.0,0.0,0.4163379071137574,,,
1.0,1.0,0.5359985136531903,,,
0.0,0.0,0.4293956205655151,,,
1.0,1.0,0.610789030366992,,,
1.0,0.0,0.46508373127397085,,,
0.0,0.0,0.45372222523619177,,,
1.0,1.0,0.8238502495729516,,,
1.0,1.0,0.5158528134246896,,,
1.0,0.0,0.4227849657363887,,,
0.0,1.0,0.5412151328633665,,,
1.0,1.0,0.6650440623220821,,,
1.0,0.0,0.3993736974419088,,,
0.0,0.0,0.45629231191851927,,,
0.0,0.0,0.33722277391759803,,,
0.0,0.0,0.4533323731455411,,,
1.0,0.0,0.43061857612933685,,,
1.0,0.0,0.45082678946963695,,,
1.0,1.0,0.5953562656242911,,,
0.0,0.0,0.3334758532308333,,,
0.0,0.0,0.46398402539901823,,,
1.0,1.0,0.5352582479489267,,,
1.0,0.0,0.4462458841673578,,,
1.0,1.0,0.6699642334727589,,,
1.0,0.0,0.40875583122526604,,,
0.0,0.0,0.3745222827554442,,,
0.0,1.0,0.5251717678487896,,,
0.0,0.0,0.4142726158934152,,,
0.0,0.0,0.4815190699983299,,,
1.0,1.0,0.635424769760488,,,
1.0,0.0,0.39689891366687857,,,
0.0,0.0,0.3329948828916979,,,
0.0,0.0,0.34611573350824915,,,
1.0,1.0,0.7881230911812565,,,
0.0,0.0,0.4440239918439691,,,
1.0,0.0,0.40307746940339784,,,
0.0,0.0,0.49388960878028265,,,
1.0,0.0,0.4388143910404244,,,
1.0,1.0,0.5399969472452328,,,
0.0,0.0,0.4026255975135141,,,
0.0,0.0,0.3508864502720334,,,
0.0,0.0,0.39441232098238765,,,
1.0,1.0,0.5389492260476783,,,
0.0,1.0,0.5217494731764196,,,
0.0,0.0,0.3821310316249067,,,
1.0,1.0,0.5913143503295918,,,
1.0,1.0,0.613261462614665,,,
0.0,0.0,0.40398668887669503,,,
1.0,1.0,0.663402796690524,,,
1.0,0.0,0.4388656168976317,,,
1.0,1.0,0.5759639591502564,,,
1.0,0.0,0.4578842949322652,,,
0.0,0.0,0.34173085258729946,,,
1.0,1.0,0.5279223997023932,,,
0.0,0.0,0.41013921315365637,,,
1.0,0.0,0.3962428021256539,,,
0.0,0.0,0.4303304943927852,,,
0.0,0.0,0.3573414599302734,,,
1.0,0.0,0.49833425906803336,,,
1.0,1.0,0.5148952826854343,,,
0.0,0.0,0.4424222721157646,,,
0.0,0.0,0.39722011536556906,,,
0.0,0.0,0.3879997625250141,,,
1.0,1.0,0.5821044639761052,,,
0.0,1.0,0.5200666619561539,,,
0.0,0.0,0.4621533286301209,,,
1.0,0.0,0.38492460876149015,,,
0.0,0.0,0.34902550805350424,,,
0.0,0.0,0.4525993693663499,,,
0.0,0.0,0.3484215368030334,,,
0.0,0.0,0.2809510014588172,,,
0.0,0.0,0.4578884428586477,,,
0.0,0.0,0.46040511889964786,,,
1.0,1.0,0.5036607776820418,,,
0.0,1.0,0.6261168191991854,,,
0.0,1.0,0.5045847164281952,,,
1.0,0.0,0.44842605078136905,,,
1.0,1.0,0.6568373388406088,,,
1.0,1.0,0.6141166925280835,,,
1.0,1.0,0.5958732452623337,,,
0.0,0.0,0.4610799426743696,,,
0.0,0.0,0.3638901639945245,,,
0.0,0.0,0.38583416062706793,,,
1.0,1.0,0.5211197339980306,,,
0.0,0.0,0.4696989143125752,,,
0.0,1.0,0.5860984398803778,,,
0.0,1.0,0.513697376014155,,,
0.0,1.0,0.528022175799032,,,
0.0,0.0,0.45771712364871703,,,
0.0,0.0,0.31299568351846163,,,
0.0,0.0,0.37521209009414364,,,
0.0,0.0,0.47916130957842673,,,
0.0,0.0,0.45241912449757665,,,
0.0,0.0,0.4317671393474647,,,
1.0,1.0,0.5373471595197327,,,
0.0,0.0,0.4374841539173897,,,
0.0,0.0,0.4089731036095417,,,
1.0,1.0,0.5991371071506865,,,
0.0,0.0,0.4051786052189137,,,
0.0,1.0,0.6680996535550097,,,
1.0,0.0,0.48871117394732766,,,
1.0,1.0,0.5166126652788681,,,
0.0,0.0,0.42342937619049237,,,
0.0,0.0,0.3796247664979927,,,
1.0,0.0,0.4354251182556066,,,
1.0,0.0,0.4883734828876792,,,
0.0,0.0,0.33024562062075846,,,
1.0,1.0,0.5955601137101226,,,
1.0,0.0,0.38320512678636215,,,
1.0,0.0,0.42336002527714134,,,
0.0,0.0,0.38629248983224146,,,
0.0,0.0,0.4499011767263912,,,
1.0,1.0,0.6223415430039928,,,
1.0,0.0,0.44736113776572606,,,
0.0,0.0,0.3674847330757913,,,
1.0,1.0,0.6169175717819172,,,
0.0,0.0,0.3988329668867012,,,
1.0,1.0,0.6372332500305549,,,
1.0,1.0,0.5257070152158861,,,
0.0,0.0,0.40721969090471327,,,
0.0,0.0,0.31740984091984203,,,
0.0,0.0,0.47586927300131415,,,
0.0,0.0,0.40175064304186003,,,
1.0,1.0,0.6892982642699466,,,
1.0,1.0,0.6742431143924362,,,
1.0,1.0,0.5340973027619594,,,
0.0,0.0,0.38336744428877184,,,
1.0,0.0,0.3843103786217918,,,
1.0,1.0,0.6281293294165795,,,
1.0,1.0,0.7213162656448767,,,
0.0,0.0,0.4489855557277431,,,
0.0,0.0,0.39443634997322413,,,
1.0,1.0,0.8301594269299859,,,
0.0,0.0,0.41522983599028945,,,
1.0,1.0,0.5607980024427964,,,
0.0,0.0,0.40316181064228174,,,
1.0,1.0,0.7752849694218047,,,
0.0,0.0,0.41314652263041424,,,
1.0,1.0,0.6318558531662145,,,
0.0,0.0,0.333533275079909,,,
0.0,0.0,0.4387053057575207,,,
1.0,0.0,0.441175490292964,,,
0.0,0.0,0.3980853848291946,,,
0.0,0.0,0.37733857146077393,,,
1.0,0.0,0.49611401771476465,,,
0.0,0.0,0.41502598884361924,,,
1.0,0.0,0.4115708114304949,,,
1.0,0.0,0.43279609948854947,,,
1.0,0.0,0.4755219117084948,,,
1.0,1.0,0.6957276186401509,,,
0.0,0.0,0.38364571395765745,,,
0.0,1.0,0.5032768419849858,,,
0.0,1.0,0.5780133210527307,,,
1.0,1.0,0.7194327575004082,,,
1.0,1.0,0.5042046359167583,,,
1.0,1.0,0.5777581529897668,,,
1.0,1.0,0.8007814532644387,,,
1.0,1.0,0.5135540184941916,,,
1.0,1.0,0.5173858744372336,,,
0.0,0.0,0.338643163292048,,,
0.0,0.0,0.3988604684134265,,,
0.0,0.0,0.4906293561705338,,,
0.0,0.0,0.46356272423045575,,,
1.0,1.0,0.5950698812802611,,,
0.0,0.0,0.42282801941553233,,,
0.0,0.0,0.40794541369326526,,,
0.0,0.0,0.46237238536719494,,,
1.0,1.0,0.5633828123277612,,,
0.0,0.0,0.3763780556569122,,,
0.0,0.0,0.4819103986029649,,,
0.0,0.0,0.4428303425332135,,,
0.0,0.0,0.38335645281081604,,,
1.0,1.0,0.6223918973972736,,,
1.0,0.0,0.38797745546063284,,,
0.0,0.0,0.37317145180118755,,,
0.0,0.0,0.42123768321559313,,,
0.0,0.0,0.39472811538866054,,,
0.0,0.0,0.44414829576084225,,,
1.0,1.0,0.5431649979179863,,,
1.0,1.0,0.5886291694444017,,,
1.0,1.0,0.5147758891577336,,,
0.0,0.0,0.46192336562196773,,,
0.0,0.0,0.37978188448569195,,,
0.0,0.0,0.4430898661718005,,,
0.0,1.0,0.5359854707463231,,,
0.0,0.0,0.48087559294576593,,,
1.0,0.0,0.42686100254815257,,,
1.0,1.0,0.635196535285959,,,
1.0,1.0,0.5068693076601565,,,
0.0,0.0,0.4417404459564667,,,
1.0,1.0,0.6315162758181223,,,
0.0,0.0,0.388679497625567,,,
0.0,1.0,0.5146533548211744,,,
0.0,0.0,0.4621581447529458,,,
1.0,0.0,0.4229550407744871,,,
1.0,1.0,0.6162905796524268,,,
0.0,0.0,0.392182391664437,,,
1.0,0.0,0.4351672432660393,,,
1.0,1.0,0.8516764716676452,,,
1.0,0.0,0.41849389911410684,,,
1.0,1.0,0.534684261810677,,,
0.0,0.0,0.37256764095819345,,,
1.0,1.0,0.5357463314349868,,,
0.0,1.0,0.5072702816587151,,,
0.0,0.0,0.38309001230216644,,,
1.0,0.0,0.42450842574001085,,,
1.0,1.0,0.5420890828178192,,,
1.0,1.0,0.6576885417370558,,,
1.0,0.0,0.3558745614364029,,,
0.0,0.0,0.34569795937631276,,,
1.0,1.0,0.5147939755499656,,,
1.0,1.0,0.5544700998228607,,,
0.0,0.0,0.38322444857998805,,,
0.0,0.0,0.4516358179150473,,,
1.0,1.0,0.5419008688955913,,,
0.0,0.0,0.32169725713607555,,,
1.0,0.0,0.4266612306954133,,,
1.0,0.0,0.35896713260696167,,,
0.0,0.0,0.4082223134997177,,,
1.0,1.0,0.5800899265933218,,,
1.0,1.0,0.5210471855939557,,,
0.0,1.0,0.528260319281297,,,
1.0,1.0,0.6318558531662145,,,
1.0,0.0,0.4937559791794369,,,
1.0,1.0,0.5439111669308118,,,
1.0,0.0,0.37740862856828455,,,
1.0,1.0,0.6179761690199557,,,
0.0,0.0,0.37104717146855104,,,
1.0,1.0,0.5366393557833526,,,
1.0,1.0,0.8712897669378055,,,
0.0,0.0,0.21300331688434546,,,
1.0,0.0,0.39160101743896264,,,
0.0,0.0,0.42337465748992015,,,
0.0,0.0,0.438680385042571,,,
1.0,1.0,0.6288994758019115,,,
1.0,1.0,0.6191694399923344,,,
0.0,0.0,0.41979592584528624,,,
0.0,1.0,0.7197757866750965,,,
0.0,1.0,0.5042391114639035,,,
0.0,0.0,0.38802220064491977,,,
0.0,0.0,0.4569782201173255,,,
0.0,0.0,0.42395905953747215,,,
1.0,0.0,0.49033154684425684,,,
1.0,1.0,0.8233759167407072,,,
0.0,0.0,0.47093299609466927,,,
0.0,1.0,0.5087970407068398,,,
0.0,0.0,0.3614341052323548,,,
1.0,0.0,0.40538961670974816,,,
0.0,0.0,0.441175490292964,,,
0.0,0.0,0.29035938595164906,,,
1.0,1.0,0.5749633356658819,,,
1.0,1.0,0.6933993187009325,,,
0.0,0.0,0.49769423079832137,,,
1.0,1.0,0.5436897461868143,,,
1.0,0.0,0.40501998004207396,,,
0.0,0.0,0.49108674225022353,,,
1.0,1.0,0.5964581801534451,,,
0.0,0.0,0.21300331688434546,,,
0.0,1.0,0.6061774481168092,,,
0.0,0.0,0.49930594934195077,,,
1.0,1.0,0.5969183269584338,,,
0.0,0.0,0.49158369047473655,,,
1.0,1.0,0.5352606084293102,,,
0.0,0.0,0.4579076275736964,,,
1.0,0.0,0.49043184919315613,,,
0.0,0.0,0.4915602555156125,,,
0.0,0.0,0.4339171596980095,,,
0.0,0.0,0.4778892605865979,,,
1.0,0.0,0.4692772337628937,,,
0.0,0.0,0.3595683326582301,,,
1.0,0.0,0.4457884427378785,,,
0.0,1.0,0.5424908130446625,,,
0.0,0.0,0.4082205288078697,,,
0.0,0.0,0.389529934814139,,,
0.0,0.0,0.35257872600665846,,,
0.0,0.0,0.38718274545029685,,,
0.0,0.0,0.3965879390698258,,,
1.0,0.0,0.4725786604929682,,,
1.0,1.0,0.5070569781272488,,,
0.0,1.0,0.5562542060677758,,,
0.0,0.0,0.39867895845889445,,,
0.0,0.0,0.33446704625246143,,,
1.0,1.0,0.601670060566829,,,
0.0,0.0,0.37793821047904486,,,
0.0,0.0,0.4659789759776136,,,
1.0,1.0,0.5427891259900623,,,
1.0,1.0,0.8413033482770392,,,
1.0,0.0,0.4663416514517902,,,
1.0,1.0,0.5343247791628452,,,
0.0,0.0,0.3745495595108458,,,
0.0,0.0,0.3620585954582822,,,
1.0,1.0,0.5503151980756352,,,
0.0,0.0,0.4864565379972499,,,
0.0,0.0,0.4015362126849945,,,
0.0,0.0,0.4572248873345721,,,
0.0,0.0,0.35033781506704154,,,
0.0,0.0,0.4997305174263594,,,
1.0,1.0,0.650999209742389,,,
0.0,0.0,0.3159253239601073,,,
1.0,1.0,0.6314754402594087,,,
1.0,0.0,0.4653712171035599,,,
1.0,1.0,0.5384317935127823,,,
1.0,1.0,0.7088129643809595,,,
1.0,1.0,0.5559887892353341,,,
0.0,0.0,0.45134806156238794,,,
0.0,0.0,0.4724255156363952,,,
0.0,0.0,0.3796341793686648,,,
1.0,0.0,0.4215347840047526,,,
0.0,1.0,0.5244225347104305,,,
1.0,0.0,0.4711498647031778,,,
0.0,1.0,0.5105196994044248,,,
1.0,0.0,0.38672464503265114,,,
1.0,0.0,0.42839465315679165,,,
0.0,0.0,0.3593106588511072,,,
0.0,0.0,0.41840839333712215,,,
1.0,1.0,0.7382926546946328,,,
1.0,1.0,0.5285906460442783,,,
1.0,0.0,0.45363334113725157,,,
1.0,1.0,0.6759968692756857,,,
0.0,0.0,0.34385333048522676,,,
1.0,0.0,0.4259523398810165,,,
1.0,0.0,0.3605188694870262,,,
0.0,0.0,0.407591502240106,,,
1.0,1.0,0.6054552727551451,,,
1.0,1.0,0.5337930509299699,,,
0.0,0.0,0.42411953667091906,,,
1.0,0.0,0.4391018378066901,,,
0.0,0.0,0.3985343563267202,,,
1.0,0.0,0.4897323038421251,,,
1.0,1.0,0.7607117576657604,,,
0.0,0.0,0.3411810144350739,,,
0.0,0.0,0.45787305389119726,,,
0.0,0.0,0.43972262207569185,,,
1.0,1.0,0.5071454872558321,,,
0.0,0.0,0.4842434301024898,,,
1.0,0.0,0.35692476400022477,,,
0.0,0.0,0.4007972026211746,,,
0.0,0.0,0.3817837773548834,,,
0.0,1.0,0.6104514120210428,,,
1.0,1.0,0.6517313723715915,,,
0.0,0.0,0.4182054484546207,,,
1.0,0.0,0.45239217703599865,,,
0.0,0.0,0.4820895872904849,,,
1.0,1.0,0.7233788447972893,,,
1.0,1.0,0.5697052429079915,,,
1.0,1.0,0.7248382175988904,,,
1.0,0.0,0.4743532959512698,,,
1.0,0.0,0.320596327838591,,,
0.0,0.0,0.4493707858268502,,,
1.0,1.0,0.6732481722983565,,,
0.0,0.0,0.35229171090174133,,,
1.0,1.0,0.6097846512969507,,,
1.0,0.0,0.46161666589158334,,,
0.0,0.0,0.3306834059300862,,,
0.0,0.0,0.3991979998505736,,,
0.0,0.0,0.4804604432758171,,,
0.0,0.0,0.3563812678225186,,,
0.0,0.0,0.3907035354095721,,,
1.0,1.0,0.5439079508788988,,,
1.0,1.0,0.658434249132779,,,
1.0,0.0,0.4975381069481447,,,
1.0,1.0,0.5916506151559626,,,
0.0,0.0,0.3655417202290955,,,
0.0,0.0,0.46222384285339346,,,
1.0,0.0,0.3598410036923268,,,
1.0,1.0,0.6548144729075926,,,
0.0,0.0,0.48691312082928656,,,
1.0,0.0,0.49586733752072093,,,
0.0,0.0,0.40013429797952027,,,
1.0,1.0,0.5678282113247558,,,
1.0,0.0,0.3898008912297383,,,
0.0,0.0,0.49469573127286426,,,
0.0,1.0,0.5157049428499789,,,
1.0,0.0,0.4344894775656791,,,
0.0,0.0,0.3909295560034891,,,
1.0,1.0,0.5479218549290371,,,
0.0,0.0,0.41320047797334847,,,
0.0,0.0,0.44031995985563854,,,
1.0,1.0,0.5223899581521824,,,
1.0,0.0,0.4593815206834821,,,
0.0,0.0,0.45662704719583097,,,
1.0,1.0,0.8495431415586929,,,
1.0,1.0,0.6827308451487523,,,
0.0,0.0,0.3833232149623661,,,
1.0,1.0,0.6657230861223006,,,
0.0,0.0,0.41595657029387917,,,
1.0,1.0,0.7700272865026057,,,
0.0,0.0,0.39954411847145915,,,
1.0,1.0,0.5861511931605884,,,
1.0,1.0,0.5670161938947771,,,
0.0,0.0,0.4010306885789312,,,
0.0,0.0,0.39007916612667715,,,
0.0,0.0,0.4391515411951857,,,
1.0,0.0,0.48082601977081835,,,
1.0,1.0,0.799384866316271,,,
0.0,0.0,0.25699553922375656,,,
1.0,0.0,0.43102420238928363,,,
0.0,0.0,0.3447832425400818,,,
0.0,0.0,0.3549949344116869,,,
1.0,1.0,0.5040256102701784,,,
0.0,0.0,0.4766317034705709,,,
0.0,0.0,0.296445080656866,,,
1.0,0.0,0.47790558981254977,,,
1.0,0.0,0.4356358609833315,,,
0.0,0.0,0.3739727352063995,,,
1.0,0.0,0.4767844335082826,,,
0.0,0.0,0.38041899543486407,,,
0.0,0.0,0.3666130790276455,,,
1.0,1.0,0.6862517432026888,,,
0.0,0.0,0.29852659919469643,,,
0.0,0.0,0.34404205503829777,,,
0.0,0.0,0.37137608064463606,,,
1.0,0.0,0.3839435204455628,,,
0.0,0.0,0.4568235826347235,,,
0.0,0.0,0.4424546602524713,,,
0.0,0.0,0.4122352357690844,,,
1.0,1.0,0.5494639430325199,,,
1.0,0.0,0.481440377115714,,,
0.0,0.0,0.4414754034364924,,,
0.0,0.0,0.385854181983029,,,
1.0,1.0,0.50365714119993,,,
1.0,0.0,0.366698466141712,,,
1.0,1.0,0.6380528064592303,,,
0.0,0.0,0.42860752606397334,,,
1.0,1.0,0.5094278252687474,,,
0.0,0.0,0.34812607162091297,,,
0.0,0.0,0.38477378917835653,,,
1.0,0.0,0.4627720727661825,,,
1.0,1.0,0.5194629462941837,,,
1.0,1.0,0.5796238431288239,,,
0.0,0.0,0.4621624755085943,,,
0.0,0.0,0.4521052173500357,,,
1.0,1.0,0.6223918973972736,,,
1.0,1.0,0.7172294634215122,,,
1.0,1.0,0.5141077409456933,,,
1.0,1.0,0.5173470530581519,,,
0.0,0.0,0.49353809597991066,,,
1.0,0.0,0.4740333169064225,,,
0.0,0.0,0.3224390408457864,,,
0.0,0.0,0.3400500849068445,,,
1.0,0.0,0.4617990151685205,,,
0.0,1.0,0.5248457331742364,,,
0.0,0.0,0.3725300417987843,,,
1.0,1.0,0.5502083621787754,,,
0.0,0.0,0.4164700226383846,,,
1.0,1.0,0.508631270162118,,,
0.0,0.0,0.29901700643634155,,,
1.0,0.0,0.4854342688104352,,,
1.0,1.0,0.6084668308248734,,,
1.0,0.0,0.36368815344009403,,,
0.0,0.0,0.48597441342138453,,,
0.0,0.0,0.3899982570780056,,,
1.0,1.0,0.5365748940242404,,,
1.0,1.0,0.6515058282588463,,,
1.0,1.0,0.516561489910128,,,
1.0,1.0,0.5593708942456295,,,
0.0,0.0,0.4662475566310354,,,
1.0,0.0,0.3866041002434046,,,
1.0,1.0,0.5357231684143835,,,
1.0,1.0,0.5879037052221016,,,
1.0,1.0,0.6509048597922651,,,
1.0,1.0,0.689767108778545,,,
0.0,1.0,0.6036185539271522,,,
1.0,1.0,0.5067554832753348,,,
0.0,0.0,0.34595753300293874,,,
0.0,0.0,0.3214792071796235,,,
0.0,1.0,0.5130313765389771,,,
0.0,0.0,0.4428458537967998,,,
1.0,1.0,0.6093199855453405,,,
1.0,0.0,0.4865339085473477,,,
1.0,1.0,0.719552864569727,,,
1.0,0.0,0.456882423007782,,,
1.0,1.0,0.7840373394267323,,,
1.0,1.0,0.7018021083938205,,,
1.0,0.0,0.3708710856984069,,,
0.0,0.0,0.3534744502995998,,,
0.0,0.0,0.44813075317769796,,,
0.0,0.0,0.4555546255050374,,,
1.0,1.0,0.577800095537068,,,
0.0,0.0,0.48565752992728084,,,
1.0,1.0,0.6399832441379005,,,
0.0,0.0,0.37047831819745625,,,
0.0,0.0,0.3641588661549063,,,
1.0,1.0,0.6096255504251511,,,
0.0,0.0,0.4407289168773945,,,
1.0,1.0,0.6573485738616252,,,
1.0,1.0,0.7404116804624624,,,
0.0,0.0,0.3952136673808694,,,
0.0,0.0,0.393590692019085,,,
1.0,0.0,0.43356832357543373,,,
1.0,0.0,0.404645279310182,,,
0.0,0.0,0.41252631035404674,,,
0.0,0.0,0.3971113146496607,,,
0.0,0.0,0.3492951395522674,,,
1.0,0.0,0.489364024477746,,,
1.0,1.0,0.5658849139342049,,,
0.0,0.0,0.46575935598266915,,,
1.0,1.0,0.662028616031204,,,
0.0,0.0,0.43946829423931283,,,
1.0,1.0,0.5303307978322462,,,
0.0,1.0,0.5304519695173553,,,
0.0,0.0,0.34902550805350424,,,
0.0,0.0,0.4142863753927004,,,
1.0,0.0,0.43487182072008196,,,
1.0,1.0,0.5448356157832989,,,
0.0,0.0,0.3990153031321866,,,
1.0,0.0,0.43200609039091087,,,
0.0,1.0,0.5019500876487955,,,
0.0,0.0,0.4128135074622851,,,
1.0,0.0,0.4820123601871408,,,
0.0,0.0,0.4457823618311522,,,
0.0,0.0,0.4481997696220742,,,
0.0,0.0,0.3920640979656784,,,
0.0,0.0,0.4861851116477165,,,
1.0,1.0,0.5653527793208193,,,
1.0,1.0,0.5807373656403941,,,
1.0,1.0,0.6946746534755429,,,
0.0,0.0,0.44769621166139983,,,
1.0,1.0,0.6924019262028156,,,
1.0,0.0,0.4852252932376092,,,
1.0,0.0,0.39711638210909783,,,
1.0,0.0,0.4417406392437136,,,
0.0,0.0,0.4212718218270312,,,
1.0,0.0,0.3571385852766704,,,
1.0,1.0,0.5963677058264821,,,
1.0,0.0,0.4921007910035417,,,
0.0,0.0,0.3419686481831276,,,
0.0,0.0,0.4292353754425497,,,
1.0,1.0,0.5320924041279889,,,
1.0,0.0,0.49587230651580705,,,
1.0,0.0,0.49119940498199743,,,
1.0,1.0,0.5829274171792287,,,
1.0,0.0,0.45250745827978484,,,
0.0,0.0,0.39175792971010587,,,
1.0,0.0,0.40053266429853596,,,
1.0,0.0,0.4386170905517499,,,
1.0,1.0,0.7397101783161537,,,
0.0,0.0,0.20774733006956458,,,
0.0,0.0,0.2091451795319302,,,
1.0,0.0,0.4396048248029871,,,
0.0,0.0,0.4298616170321315,,,
0.0,0.0,0.42450453506672936,,,
0.0,0.0,0.489042649142699,,,
0.0,0.0,0.45820243803114447,,,
0.0,0.0,0.2091451795319302,,,
0.0,0.0,0.38128613147481194,,,
0.0,0.0,0.4320629585725431,,,
0.0,0.0,0.45479763401231027,,,
1.0,1.0,0.6429138048655452,,,
1.0,1.0,0.5801869445547783,,,
0.0,0.0,0.4342659356023416,,,
1.0,0.0,0.412316366584145,,,
0.0,0.0,0.3735588467814887,,,
0.0,0.0,0.4590945155194037,,,
0.0,0.0,0.4056319549813724,,,
1.0,0.0,0.37526858981807537,,,
1.0,0.0,0.38807296490474485,,,
0.0,0.0,0.3686383508361171,,,
1.0,1.0,0.5386451570431999,,,
1.0,1.0,0.5232943280326636,,,
1.0,1.0,0.8662203291953798,,,
1.0,1.0,0.5893767233257973,,,
0.0,0.0,0.34318426485659337,,,
1.0,1.0,0.6191694399923344,,,
1.0,1.0,0.5111379221345773,,,
0.0,0.0,0.4354221982102495,,,
1.0,1.0,0.6431000932451479,,,
0.0,0.0,0.45442762282078886,,,
0.0,0.0,0.3838903809272647,,,
1.0,1.0,0.8036597115799825,,,
0.0,0.0,0.40135809449086735,,,
0.0,0.0,0.47751482339166396,,,
0.0,0.0,0.39951420896058687,,,
0.0,0.0,0.44359182176181766,,,
0.0,0.0,0.4060071194410335,,,
0.0,0.0,0.401898085939351,,,
0.0,0.0,0.34564275703825603,,,
1.0,1.0,0.5425625016490876,,,
1.0,1.0,0.6981613324688125,,,
0.0,0.0,0.27356717286726084,,,
1.0,1.0,0.517475865874033,,,
1.0,1.0,0.5398479000781392,,,
1.0,1.0,0.8018395740570813,,,
0.0,0.0,0.46222384285339346,,,
1.0,1.0,0.6678082064361209,,,
0.0,0.0,0.3076110163945016,,,
0.0,0.0,0.4123693954890889,,,
1.0,0.0,0.46222384285339346,,,
0.0,0.0,0.3911071606394262,,,
0.0,0.0,0.4085682773749116,,,
0.0,0.0,0.3413478314211902,,,
0.0,0.0,0.4747564167497284,,,
0.0,0.0,0.42090021817493906,,,
0.0,1.0,0.5421185362812353,,,
1.0,0.0,0.4017237144807698,,,
0.0,0.0,0.47675120751174555,,,
1.0,0.0,0.3708710856984069,,,
1.0,1.0,0.5335875792869416,,,
1.0,0.0,0.40632379160646925,,,
1.0,1.0,0.654662177525379,,,
0.0,0.0,0.3094342303616745,,,
0.0,0.0,0.4155541852046962,,,
1.0,0.0,0.4614191871878534,,,
0.0,0.0,0.3410017358681726,,,
0.0,0.0,0.3405512552128483,,,
0.0,0.0,0.47969592557346097,,,
1.0,1.0,0.6617662224767957,,,
0.0,0.0,0.37971764304695954,,,
1.0,0.0,0.4407733179285519,,,
1.0,1.0,0.7893418659737093,,,
0.0,0.0,0.4138801468201908,,,
0.0,0.0,0.40515755293200706,,,
1.0,0.0,0.4392418168483042,,,
0.0,0.0,0.21300331688434546,,,
0.0,0.0,0.3949901289573753,,,
0.0,0.0,0.49730291859858655,,,
1.0,1.0,0.5209055204975707,,,
0.0,0.0,0.3713526149869624,,,
0.0,0.0,0.48028580135817284,,,
0.0,0.0,0.418518795077131,,,
1.0,0.0,0.47686283971877474,,,
0.0,0.0,0.3916386879528036,,,
1.0,1.0,0.6147422093436248,,,
0.0,0.0,0.34662549965804396,,,
0.0,0.0,0.43620780761855393,,,
1.0,0.0,0.37311705917287674,,,
1.0,1.0,0.7696292533975074,,,
0.0,0.0,0.3680340849326108,,,
0.0,0.0,0.42236559740339397,,,
0.0,0.0,0.4929509120897614,,,
0.0,0.0,0.4543269678804727,,,
1.0,1.0,0.5740961422938908,,,
0.0,0.0,0.4276124977540616,,,
0.0,0.0,0.37968549294039583,,,
0.0,1.0,0.5138036368305865,,,
0.0,0.0,0.4373356677632528,,,
1.0,0.0,0.44548591045663644,,,
0.0,0.0,0.46190098088662707,,,
0.0,0.0,0.31512180191102745,,,
1.0,1.0,0.8392848985159239,,,
0.0,0.0,0.37189609382787864,,,
1.0,1.0,0.5344449852975571,,,
0.0,0.0,0.41205516061941677,,,
1.0,0.0,0.40490712881531626,,,
0.0,0.0,0.4171353730841727,,,
1.0,0.0,0.39466569860805734,,,
0.0,1.0,0.5160205139441182,,,
1.0,1.0,0.6488413784501741,,,
1.0,1.0,0.5540900417837014,,,
0.0,0.0,0.44463231723928,,,
1.0,1.0,0.5655944907493236,,,
1.0,1.0,0.5025287532699422,,,
0.0,0.0,0.2937935201371833,,,
1.0,1.0,0.6532808623053761,,,
0.0,0.0,0.3321187056624028,,,
1.0,1.0,0.5654910023654395,,,
1.0,1.0,0.8373123487298096,,,
0.0,0.0,0.39759323546953246,,,
1.0,1.0,0.58358402448896,,,
1.0,0.0,0.45751796578919274,,,
0.0,0.0,0.46127708400790696,,,
0.0,0.0,0.35237929891939745,,,
0.0,0.0,0.4304694261998469,,,
0.0,0.0,0.4323040662957179,,,
1.0,0.0,0.41392189868891016,,,
1.0,1.0,0.5179026240107312,,,
0.0,0.0,0.470971270228783,,,
0.0,0.0,0.4181841591469721,,,
0.0,0.0,0.3565398939955895,,,
1.0,1.0,0.6305549943369873,,,
1.0,1.0,0.8558812844535748,,,
1.0,0.0,0.4211802591467808,,,
1.0,0.0,0.4982087816172365,,,
0.0,0.0,0.23089469991733944,,,
1.0,1.0,0.6484831541567537,,,
0.0,0.0,0.3606874432985997,,,
0.0,0.0,0.37770106757879746,,,
0.0,1.0,0.5062973031332261,,,
1.0,1.0,0.6210288876673421,,,
0.0,0.0,0.2853152890725678,,,
0.0,0.0,0.496170446655311,,,
1.0,1.0,0.5037081673591958,,,
1.0,1.0,0.6629735236755249,,,
1.0,1.0,0.7652123794765642,,,
1.0,1.0,0.5223164897070806,,,
0.0,1.0,0.5894936596105186,,,
0.0,0.0,0.4347923020920216,,,
1.0,0.0,0.4078482900029977,,,
0.0,1.0,0.520211590833332,,,
0.0,0.0,0.4067107585088342,,,
1.0,0.0,0.46206708506273064,,,
0.0,0.0,0.3347021272284554,,,
1.0,0.0,0.4011426924959246,,,
0.0,1.0,0.5131027230743207,,,
0.0,0.0,0.4374046429181566,,,
1.0,1.0,0.6913033636527149,,,
1.0,0.0,0.4826888495089102,,,
0.0,1.0,0.5694406602289122,,,
0.0,1.0,0.5572277252082443,,,
0.0,0.0,0.3627423181215612,,,
0.0,0.0,0.3865250082881828,,,
0.0,0.0,0.45267547146452114,,,
1.0,1.0,0.6001614392260065,,,
0.0,0.0,0.3873352278959888,,,
0.0,1.0,0.5169821737682729,,,
1.0,1.0,0.6365777789344997,,,
1.0,1.0,0.6459851565389304,,,
1.0,0.0,0.49882034891186955,,,
0.0,0.0,0.3898586349890432,,,
1.0,0.0,0.423913668178389,,,
0.0,0.0,0.3935174808844009,,,
1.0,1.0,0.8616912716513176,,,
0.0,0.0,0.41625651001074737,,,
0.0,0.0,0.40438574312688325,,,
1.0,1.0,0.5493630709230078,,,
0.0,0.0,0.44610115839548997,,,
1.0,1.0,0.6053467056008307,,,
1.0,0.0,0.49587230651580705,,,
1.0,1.0,0.5058105371389598,,,
1.0,0.0,0.4067727783330806,,,
0.0,0.0,0.4146666256824911,,,
0.0,0.0,0.4009330999458001,,,
1.0,1.0,0.5183399137629014,,,
0.0,0.0,0.4495832813439595,,,
1.0,1.0,0.6804150220943552,,,
1.0,0.0,0.4557887995937926,,,
0.0,0.0,0.4151019704695748,,,
1.0,1.0,0.5274187790785811,,,
1.0,0.0,0.38166323202139635,,,
0.0,0.0,0.3955091425462228,,,
1.0,1.0,0.5316525287271261,,,
1.0,0.0,0.48405266977760775,,,
1.0,0.0,0.47007994392238184,,,
1.0,1.0,0.7684937508821124,,,
1.0,0.0,0.37524019367666667,,,
0.0,0.0,0.3076590595158438,,,
0.0,1.0,0.5706823113882153,,,
0.0,0.0,0.4430898661718005,,,
0.0,0.0,0.4909674508646161,,,
1.0,0.0,0.3645558510883981,,,
1.0,0.0,0.48852118068686806,,,
1.0,1.0,0.5604348876036918,,,
0.0,0.0,0.3717908367351174,,,
1.0,0.0,0.45833354085294764,,,
1.0,1.0,0.5012170163931908,,,
0.0,0.0,0.43956992263603145,,,
0.0,0.0,0.49913962367327547,,,
0.0,0.0,0.4505482512646114,,,
0.0,0.0,0.39925793481255006,,,
0.0,0.0,0.40906906623527794,,,
0.0,0.0,0.3706537979633267,,,
0.0,0.0,0.40219157940836775,,,
1.0,1.0,0.6583022186776398,,,
1.0,1.0,0.7215643256329876,,,
0.0,0.0,0.4016182236722605,,,
0.0,0.0,0.39693597770110245,,,
1.0,1.0,0.5316118784956242,,,
0.0,0.0,0.3653671084216903,,,
0.0,1.0,0.5645799634834056,,,
1.0,0.0,0.3960471755680758,,,
1.0,1.0,0.6160240875428143,,,
1.0,1.0,0.7980304281098161,,,
1.0,1.0,0.5495211894409995,,,
1.0,1.0,0.7337543657592956,,,
0.0,0.0,0.40116593689493696,,,
0.0,0.0,0.33316348937013784,,,
1.0,0.0,0.3196062360379358,,,
0.0,0.0,0.4916943996614102,,,
0.0,0.0,0.42202387143990694,,,
0.0,1.0,0.5640030861990966,,,
1.0,1.0,0.5824815535457472,,,
1.0,1.0,0.7865200119148128,,,
1.0,1.0,0.5446374833209796,,,
0.0,0.0,0.393936919210232,,,
1.0,1.0,0.7678689910180099,,,
0.0,0.0,0.4274865432180488,,,
0.0,0.0,0.49414693942839044,,,
0.0,0.0,0.30720902583952503,,,
0.0,0.0,0.33251003734119083,,,
0.0,0.0,0.4732018443010223,,,
0.0,0.0,0.3841497072761729,,,
1.0,1.0,0.5747212599518894,,,
0.0,0.0,0.4857555722746326,,,
0.0,0.0,0.3649513443340841,,,
1.0,1.0,0.789239360925766,,,
0.0,0.0,0.4426669534205012,,,
1.0,0.0,0.49760024372202966,,,
0.0,0.0,0.3632093072923619,,,
1.0,1.0,0.5220957548511383,,,
0.0,0.0,0.443932892726096,,,
0.0,0.0,0.45446927452770713,,,
1.0,0.0,0.47790558981254977,,,
0.0,1.0,0.5444612274564101,,,
0.0,0.0,0.4074703220958664,,,
0.0,0.0,0.38093345317374594,,,
0.0,0.0,0.32260938950144985,,,
0.0,0.0,0.34205692378701796,,,
0.0,0.0,0.3898268070693714,,,
0.0,0.0,0.4856898403443465,,,
0.0,0.0,0.41423472081395313,,,
1.0,1.0,0.5151558080268931,,,
1.0,1.0,0.644097346836465,,,
0.0,0.0,0.46714863978837456,,,
1.0,1.0,0.6376657023997012,,,
1.0,1.0,0.6657281960684998,,,
1.0,1.0,0.6386863166910239,,,
1.0,0.0,0.3970144122855766,,,
0.0,0.0,0.36909853641692825,,,
0.0,0.0,0.3591166559565167,,,
0.0,0.0,0.3436593932668069,,,
1.0,1.0,0.5186485177225412,,,
1.0,1.0,0.5279678910334066,,,
0.0,0.0,0.405090567495447,,,
0.0,1.0,0.5208071097697681,,,
1.0,0.0,0.3957500125266794,,,
1.0,1.0,0.5022813019835287,,,
0.0,1.0,0.5037035946814368,,,
0.0,0.0,0.42516307242735046,,,
0.0,0.0,0.38723400302685645,,,
0.0,0.0,0.31671318555902855,,,
0.0,0.0,0.4490075080946827,,,
1.0,1.0,0.5340152498985534,,,
1.0,1.0,0.6681344935300533,,,
0.0,0.0,0.34191250169865733,,,
1.0,1.0,0.5617326015632866,,,
1.0,1.0,0.804564657081662,,,
0.0,0.0,0.411405817512646,,,
1.0,1.0,0.7735019801196114,,,
0.0,0.0,0.434580442716139,,,
0.0,0.0,0.46382545655580676,,,
0.0,0.0,0.45257625744447744,,,
0.0,0.0,0.4154268787346646,,,
1.0,1.0,0.5245319956177463,,,
0.0,1.0,0.504404973970167,,,
1.0,1.0,0.5335082322282154,,,
0.0,0.0,0.4263764860277548,,,
1.0,1.0,0.714253131823775,,,
1.0,0.0,0.49049334493516367,,,
1.0,0.0,0.49748580670381015,,,
1.0,0.0,0.4644750389672745,,,
1.0,1.0,0.818689849742677,,,
1.0,1.0,0.5607275453037643,,,
0.0,0.0,0.4542379720452804,,,
0.0,0.0,0.39024394408892255,,,
0.0,0.0,0.42746503290790316,,,
1.0,0.0,0.4295339422418977,,,
0.0,0.0,0.36852567375557466,,,
0.0,0.0,0.41145864785776814,,,
0.0,0.0,0.4136215159802203,,,
1.0,0.0,0.42974465590390515,,,
1.0,1.0,0.839582746310802,,,
0.0,0.0,0.42271751214486275,,,
0.0,0.0,0.4903326423261568,,,
0.0,0.0,0.4015711823718856,,,
0.0,0.0,0.36471119267384394,,,
0.0,0.0,0.4463801164511088,,,
0.0,1.0,0.5217494731764196,,,
0.0,0.0,0.4278296644829249,,,
0.0,0.0,0.35723145264068423,,,
0.0,0.0,0.3756482702737325,,,
1.0,0.0,0.45219612736291237,,,
1.0,1.0,0.5520295270704256,,,
1.0,1.0,0.5724482570678248,,,
0.0,0.0,0.45728635540564666,,,
0.0,0.0,0.48575488578840187,,,
0.0,0.0,0.23089469991733944,,,
0.0,0.0,0.3999408765951519,,,
0.0,0.0,0.4939498287087817,,,
0.0,0.0,0.4812802796251743,,,
1.0,1.0,0.7161253938870727,,,
1.0,0.0,0.47092837510649316,,,
1.0,0.0,0.3815522988321692,,,
1.0,1.0,0.6728004391993696,,,
1.0,1.0,0.6945049052204435,,,
0.0,0.0,0.2788738220571593,,,
0.0,1.0,0.5302118865701853,,,
1.0,0.0,0.4947623700949743,,,
1.0,1.0,0.5373632255341919,,,
0.0,0.0,0.4230682593340331,,,
0.0,0.0,0.3065926636082603,,,
0.0,0.0,0.41054776909940716,,,
1.0,0.0,0.4061213533321947,,,
1.0,1.0,0.5995906176958199,,,
1.0,1.0,0.6603147914572959,,,
0.0,0.0,0.4786305341133141,,,
0.0,0.0,0.3841122565052344,,,
1.0,1.0,0.8730647736398244,,,
1.0,0.0,0.4627880009437723,,,
1.0,0.0,0.462289815626494,,,
1.0,1.0,0.82570921184561,,,
0.0,0.0,0.3946226880112914,,,
1.0,0.0,0.4656371288832583,,,
0.0,0.0,0.3928325484913758,,,
0.0,0.0,0.35272439133133887,,,
1.0,0.0,0.4339932651741845,,,
1.0,1.0,0.6742093909181085,,,
0.0,0.0,0.47381149396683647,,,
0.0,0.0,0.4745418119404243,,,
0.0,0.0,0.4116581836701918,,,
1.0,1.0,0.7668049064385751,,,
1.0,1.0,0.5112885458581665,,,
0.0,0.0,0.3719801846711955,,,
0.0,0.0,0.2978021484177232,,,
0.0,0.0,0.49652590540501973,,,
0.0,1.0,0.5453131482255924,,,
1.0,1.0,0.5100073035921934,,,
0.0,0.0,0.4600242762087972,,,
0.0,0.0,0.20774733006956458,,,
0.0,0.0,0.43791555311136127,,,
0.0,1.0,0.6220427013132764,,,
0.0,0.0,0.3156164357584647,,,
0.0,0.0,0.482375396738737,,,
1.0,0.0,0.4838846281021488,,,
1.0,1.0,0.5305638238233282,,,
1.0,1.0,0.6035494453827723,,,
1.0,0.0,0.3538257151289945,,,
0.0,0.0,0.3564579697648118,,,
1.0,1.0,0.7057618846939903,,,
1.0,0.0,0.4597509168060134,,,
0.0,0.0,0.3411835547909746,,,
1.0,1.0,0.651476867956583,,,
0.0,0.0,0.4137361012704153,,,
1.0,1.0,0.782178670369472,,,
0.0,0.0,0.4492390366110085,,,
0.0,0.0,0.4036896208376736,,,
0.0,0.0,0.38185703418066086,,,
0.0,1.0,0.5903403942256259,,,
0.0,0.0,0.3706374183311157,,,
0.0,1.0,0.5815638186604065,,,
0.0,0.0,0.3792233567127255,,,
1.0,1.0,0.7244639547530436,,,
0.0,0.0,0.45558963715793666,,,
1.0,1.0,0.5640351294899041,,,
1.0,1.0,0.597839574571127,,,
0.0,0.0,0.40754037684984035,,,
1.0,1.0,0.5993404590443014,,,
1.0,1.0,0.6818592964350103,,,
0.0,0.0,0.381916783305391,,,
0.0,0.0,0.37564293996305304,,,
0.0,1.0,0.56359710110809,,,
0.0,0.0,0.39513371452516793,,,
1.0,1.0,0.5711264635786669,,,
0.0,0.0,0.43896457032228414,,,
0.0,0.0,0.38072842991823,,,
0.0,0.0,0.37744398914255706,,,
1.0,1.0,0.5195629172515481,,,
1.0,1.0,0.6408272949441082,,,
1.0,0.0,0.4814015780157453,,,
0.0,0.0,0.43139315696519936,,,
1.0,1.0,0.5740964269925319,,,
0.0,0.0,0.3810017257567897,,,
1.0,0.0,0.46473196297608754,,,
0.0,0.0,0.4300435702177153,,,
0.0,0.0,0.4351855355421433,,,
1.0,0.0,0.3546304899838259,,,
1.0,1.0,0.5808680736349774,,,
0.0,1.0,0.5007457952047091,,,
0.0,0.0,0.4256180988590474,,,
1.0,0.0,0.37461254413171846,,,
1.0,0.0,0.37201733556023314,,,
0.0,0.0,0.262551403663798,,,
0.0,0.0,0.4358323958437028,,,
0.0,1.0,0.63090905493971,,,
0.0,0.0,0.380137344999658,,,
0.0,0.0,0.3620877784780725,,,
0.0,0.0,0.3694816208576119,,,
1.0,0.0,0.4412554309499887,,,
0.0,0.0,0.45056008611284554,,,
0.0,0.0,0.4096553988653586,,,
1.0,1.0,0.5659694251481827,,,
0.0,0.0,0.439372033623757,,,
1.0,1.0,0.5756680690160725,,,
0.0,0.0,0.4427468381049996,,,
1.0,1.0,0.5053352397073874,,,
0.0,0.0,0.4676300237309996,,,
0.0,0.0,0.37391731943818585,,,
1.0,1.0,0.5458297425723937,,,
1.0,1.0,0.6477801560093331,,,
0.0,0.0,0.37537102086517526,,,
0.0,0.0,0.4443165141164668,,,
1.0,1.0,0.5165527248745034,,,
0.0,0.0,0.3928860692692281,,,
0.0,1.0,0.5304938498286517,,,
1.0,0.0,0.4379616599633507,,,
0.0,0.0,0.31671318555902855,,,
1.0,1.0,0.5414311347886993,,,
0.0,0.0,0.36346901679722343,,,
1.0,0.0,0.37397079724191895,,,
1.0,0.0,0.44635609419378947,,,
1.0,1.0,0.6107252345257393,,,
0.0,0.0,0.3538708377229405,,,
1.0,1.0,0.5105557547269359,,,
0.0,0.0,0.43318796990714875,,,
0.0,0.0,0.36629250353288273,,,
0.0,0.0,0.41884999151029134,,,
1.0,0.0,0.49156930255329895,,,
1.0,0.0,0.4429674347626783,,,
0.0,0.0,0.4283615525366599,,,
0.0,0.0,0.38237139903842143,,,
1.0,1.0,0.6090666281222556,,,
0.0,0.0,0.4322876892264367,,,
0.0,0.0,0.3833480451815884,,,
1.0,1.0,0.5738927534039554,,,
0.0,0.0,0.4255956615270404,,,
1.0,0.0,0.4511638535179097,,,
1.0,0.0,0.4937254924908279,,,
1.0,0.0,0.4234116349605885,,,
0.0,0.0,0.4010980340818539,,,
0.0,0.0,0.35150550849820084,,,
1.0,1.0,0.5022422836115704,,,
0.0,0.0,0.4355691518899216,,,
1.0,1.0,0.7691301607995095,,,
1.0,0.0,0.44041600122557584,,,
1.0,1.0,0.6236928577706924,,,
1.0,0.0,0.4530970156731991,,,
1.0,0.0,0.48492133374793683,,,
1.0,0.0,0.371768551540872,,,
0.0,0.0,0.41362532096325494,,,
0.0,0.0,0.4190011090760071,,,
1.0,1.0,0.5836017537228451,,,
1.0,0.0,0.4602087511317577,,,
0.0,0.0,0.376012899893774,,,
0.0,0.0,0.3534000288394909,,,
0.0,0.0,0.38069104055729036,,,
0.0,0.0,0.4204969756052167,,,
1.0,1.0,0.5320794010266309,,,
0.0,0.0,0.4884556079151999,,,
1.0,1.0,0.5208980526751524,,,
0.0,0.0,0.37885439952430183,,,
0.0,1.0,0.5354540429481367,,,
0.0,0.0,0.3793041376593632,,,
0.0,0.0,0.4222812454682711,,,
0.0,0.0,0.30045592031117624,,,
1.0,1.0,0.6659274678308824,,,
0.0,0.0,0.3570597865350733,,,
1.0,0.0,0.4451550211264341,,,
1.0,1.0,0.589871800400552,,,
0.0,0.0,0.4020466000327265,,,
1.0,1.0,0.7601193843370174,,,
0.0,0.0,0.48850765287834014,,,
0.0,0.0,0.42400486765636375,,,
1.0,1.0,0.6528827711193541,,,
1.0,1.0,0.546459752245214,,,
0.0,0.0,0.32304837886605176,,,
0.0,0.0,0.4908511416003536,,,
1.0,0.0,0.48112503971345716,,,
1.0,0.0,0.3836848206737862,,,
1.0,1.0,0.5772297220037145,,,
0.0,0.0,0.4068220842849102,,,
1.0,1.0,0.5224430796225388,,,
0.0,1.0,0.5555455460933757,,,
1.0,1.0,0.5074205736048207,,,
1.0,1.0,0.5434860696614237,,,
1.0,1.0,0.5375422177900245,,,
1.0,0.0,0.48579440815797253,,,
0.0,0.0,0.48986599269523295,,,
0.0,0.0,0.4296307257662322,,,
1.0,1.0,0.5265518240539736,,,
0.0,0.0,0.407390937931781,,,
0.0,0.0,0.4340277321290409,,,
1.0,1.0,0.5369018118824092,,,
0.0,0.0,0.38519336042683866,,,
1.0,0.0,0.48411552749462167,,,
1.0,0.0,0.47646688429901796,,,
0.0,0.0,0.39899465160329867,,,
1.0,0.0,0.4798983472378556,,,
0.0,0.0,0.46515550941748296,,,
0.0,0.0,0.4409707321562443,,,
0.0,0.0,0.35404788784602614,,,
0.0,0.0,0.3939269822220068,,,
1.0,1.0,0.7372989417257663,,,
1.0,0.0,0.4797725485369754,,,
0.0,0.0,0.4602681146089115,,,
1.0,0.0,0.4495896071409462,,,
0.0,0.0,0.4234240715735552,,,
1.0,1.0,0.5254651253507752,,,
0.0,0.0,0.45643458896157574,,,
1.0,1.0,0.6169272227430815,,,
1.0,0.0,0.3519135673348987,,,
1.0,0.0,0.46919217424988136,,,
0.0,0.0,0.4972939249897309,,,
0.0,0.0,0.46084771352542103,,,
1.0,1.0,0.5513827421183922,,,
0.0,0.0,0.3321187056624028,,,
0.0,0.0,0.4087944311404811,,,
1.0,1.0,0.6518736651628367,,,
0.0,0.0,0.4125943635297218,,,
1.0,1.0,0.7064260855821825,,,
0.0,0.0,0.4348623686725391,,,
0.0,1.0,0.6459623311837157,,,
1.0,1.0,0.813390639258027,,,
0.0,0.0,0.40103693635961124,,,
1.0,1.0,0.8280084016041921,,,
0.0,0.0,0.3927726171562884,,,
0.0,0.0,0.3470283980874774,,,
1.0,1.0,0.5389414223598668,,,
1.0,1.0,0.6057119935320326,,,
1.0,0.0,0.49655400217634055,,,
0.0,0.0,0.3937483493210327,,,
0.0,0.0,0.370753134446004,,,
1.0,0.0,0.4920059895819847,,,
0.0,0.0,0.3540621135677341,,,
1.0,1.0,0.5311807984112271,,,
1.0,1.0,0.5780168143120545,,,
0.0,0.0,0.4191161988355024,,,
1.0,0.0,0.44622997657779523,,,
0.0,0.0,0.48179258314905576,,,
0.0,0.0,0.46259236975984735,,,
1.0,1.0,0.8190203572649298,,,
0.0,0.0,0.42655496660052383,,,
1.0,1.0,0.5829064844995999,,,
0.0,0.0,0.45449702259529545,,,
0.0,0.0,0.4867400647342274,,,
1.0,1.0,0.7130548172229674,,,
0.0,0.0,0.31655772983334834,,,
1.0,1.0,0.7129091545172589,,,
0.0,0.0,0.4001320600171234,,,
0.0,0.0,0.3531257037412087,,,
0.0,0.0,0.4788914763623705,,,
1.0,1.0,0.6964158858968001,,,
0.0,1.0,0.5102929748344942,,,
1.0,1.0,0.716043163938117,,,
0.0,0.0,0.4000499098950128,,,
0.0,0.0,0.43756599129052687,,,
1.0,0.0,0.422863267265162,,,
1.0,1.0,0.535764032263444,,,
0.0,0.0,0.4120048134315952,,,
1.0,0.0,0.452581928641282,,,
0.0,0.0,0.47171017698538553,,,
0.0,0.0,0.36737421959656497,,,
1.0,1.0,0.6528082372600729,,,
0.0,0.0,0.377040881192701,,,
0.0,0.0,0.4661356732807981,,,
0.0,0.0,0.4769784644655215,,,
1.0,1.0,0.5452065225932392,,,
1.0,1.0,0.5350460936504582,,,
1.0,1.0,0.7711866351579839,,,
0.0,0.0,0.3566802007908321,,,
1.0,1.0,0.5231631915110984,,,
1.0,0.0,0.3962047501026039,,,
0.0,1.0,0.6500975729750665,,,
0.0,0.0,0.395216400994602,,,
0.0,0.0,0.46298258994582914,,,
0.0,0.0,0.377139956314139,,,
0.0,0.0,0.3884006157684501,,,
1.0,0.0,0.4470468752970793,,,
0.0,0.0,0.40620733259544506,,,
0.0,0.0,0.4323939089449043,,,
0.0,0.0,0.37113259680639415,,,
0.0,0.0,0.4159240820520973,,,
1.0,1.0,0.503073094801696,,,
1.0,1.0,0.5650627004663459,,,
0.0,0.0,0.49671788508547204,,,
0.0,1.0,0.5346594440808475,,,
0.0,0.0,0.40343575758881706,,,
0.0,0.0,0.38156359830029685,,,
0.0,0.0,0.3582137568957724,,,
0.0,0.0,0.39777896038270977,,,
0.0,0.0,0.3725876923122097,,,
1.0,1.0,0.5414444558938277,,,
0.0,0.0,0.3750587327486041,,,
0.0,0.0,0.39320342387640983,,,
0.0,0.0,0.37486184701551895,,,
0.0,0.0,0.4448303838544338,,,
1.0,0.0,0.4958799437620239,,,
0.0,0.0,0.4954260797943563,,,
0.0,0.0,0.390847343457572,,,
1.0,1.0,0.5386992022178777,,,
1.0,0.0,0.43156558217652957,,,
1.0,1.0,0.6189809785099499,,,
1.0,1.0,0.6450338591540156,,,
1.0,0.0,0.44474430146753036,,,
0.0,0.0,0.44133230180168276,,,
0.0,0.0,0.4038219947169109,,,
0.0,0.0,0.39692363825527394,,,
1.0,0.0,0.41012267184163703,,,
1.0,1.0,0.5480155264404383,,,
1.0,0.0,0.38311879829978934,,,
1.0,0.0,0.4339933764980051,,,
0.0,0.0,0.3883946420669618,,,
0.0,0.0,0.3922127941071941,,,
0.0,1.0,0.5523120113541719,,,
0.0,0.0,0.36890188433954607,,,
0.0,0.0,0.4428303425332135,,,
0.0,0.0,0.43717462837230114,,,
0.0,0.0,0.49839296108613157,,,
0.0,1.0,0.550858943889565,,,
0.0,0.0,0.44540625328099415,,,
0.0,0.0,0.366082503860239,,,
1.0,0.0,0.40252796663998774,,,
1.0,1.0,0.6167984311585236,,,
0.0,0.0,0.32771770712842196,,,
0.0,0.0,0.35778662368690534,,,
1.0,0.0,0.4670651333692187,,,
1.0,0.0,0.40282715962533416,,,
0.0,0.0,0.453472844853758,,,
1.0,0.0,0.44994547045075833,,,
0.0,0.0,0.31270320237165716,,,
0.0,0.0,0.3359565794743715,,,
1.0,0.0,0.4034367504052282,,,
0.0,0.0,0.46588574248297326,,,
0.0,0.0,0.3841122565052344,,,
1.0,0.0,0.42405621910644054,,,
0.0,0.0,0.31362241328241014,,,
1.0,1.0,0.8018330743074236,,,
0.0,0.0,0.3987447201359624,,,
0.0,0.0,0.21300331688434546,,,
0.0,0.0,0.43252374166603724,,,
0.0,0.0,0.36635119523181203,,,
0.0,0.0,0.4675807152747453,,,
0.0,0.0,0.44103291211417317,,,
1.0,1.0,0.6836506270263488,,,
1.0,1.0,0.5213015748838538,,,
0.0,0.0,0.4317394374069958,,,
1.0,1.0,0.6749028509157428,,,
0.0,0.0,0.46558196035061356,,,
1.0,1.0,0.5465016071118131,,,
0.0,0.0,0.3638925096812238,,,
0.0,0.0,0.39280059598405365,,,
0.0,0.0,0.34194240058259284,,,
1.0,0.0,0.40287445597167104,,,
0.0,0.0,0.38444462895716414,,,
0.0,0.0,0.4630762496272385,,,
0.0,0.0,0.3599915998296412,,,
1.0,1.0,0.7756647821562911,,,
0.0,0.0,0.4290197380149465,,,
0.0,0.0,0.44026635080959425,,,
1.0,0.0,0.48425764275236644,,,
1.0,1.0,0.5142466758224896,,,
1.0,1.0,0.6775160517170977,,,
1.0,1.0,0.6046372495123925,,,
0.0,0.0,0.3509779798510398,,,
0.0,1.0,0.6725988717889677,,,
1.0,1.0,0.5872913910928342,,,
1.0,0.0,0.40699357217451876,,,
1.0,0.0,0.45734778376138474,,,
0.0,0.0,0.4517333922810409,,,
0.0,0.0,0.36491427038279434,,,
1.0,1.0,0.5086925384235748,,,
0.0,0.0,0.46370432642344256,,,
1.0,0.0,0.47350037620160856,,,
0.0,1.0,0.572856947680587,,,
0.0,0.0,0.2817399704151804,,,
0.0,0.0,0.4485115781564958,,,
0.0,0.0,0.4304358221396983,,,
0.0,0.0,0.40341662888033275,,,
1.0,0.0,0.4933581239609159,,,
0.0,0.0,0.40159283402376744,,,
0.0,0.0,0.48070868308544584,,,
1.0,1.0,0.566749989821683,,,
1.0,0.0,0.4657875094777528,,,
0.0,0.0,0.4688301727824933,,,
0.0,0.0,0.33572365790361197,,,
0.0,0.0,0.43295656534814486,,,
0.0,0.0,0.354852707844033,,,
1.0,0.0,0.46186321305190164,,,
1.0,1.0,0.5727192460139573,,,
0.0,0.0,0.39615345823129544,,,
1.0,0.0,0.46204993493056845,,,
1.0,1.0,0.6223244816063843,,,
0.0,0.0,0.38659363261569923,,,
1.0,0.0,0.47262008880977013,,,
1.0,1.0,0.7319843577072178,,,
1.0,1.0,0.7603045011247538,,,
0.0,0.0,0.2091451795319302,,,
0.0,0.0,0.31906117168519144,,,
0.0,0.0,0.4022355268708008,,,
1.0,0.0,0.43373934538281594,,,
0.0,0.0,0.4036541687386272,,,
1.0,0.0,0.43996610606231534,,,
0.0,0.0,0.39405901951652855,,,
0.0,0.0,0.4590046271658391,,,
0.0,0.0,0.38219318912152744,,,
0.0,0.0,0.3719484507770977,,,
1.0,1.0,0.5111464510495632,,,
1.0,1.0,0.6767312574813715,,,
0.0,0.0,0.4319737961053393,,,
1.0,1.0,0.8591272036400882,,,
0.0,0.0,0.35000959462057646,,,
0.0,0.0,0.38181575820512514,,,
0.0,0.0,0.467577135907894,,,
1.0,1.0,0.5127389261691274,,,
0.0,0.0,0.44685383334380807,,,
1.0,1.0,0.5298363450295412,,,
0.0,1.0,0.5010395314076098,,,
1.0,1.0,0.7130998867415356,,,
0.0,0.0,0.38283020725549916,,,
1.0,1.0,0.5749355429583064,,,
0.0,0.0,0.43111811210573714,,,
0.0,0.0,0.4205130953196853,,,
0.0,0.0,0.3441186446793409,,,
1.0,1.0,0.5785138711547971,,,
1.0,0.0,0.4693040911825176,,,
1.0,1.0,0.5610773682654158,,,
1.0,1.0,0.5695231513198161,,,
0.0,0.0,0.4533212224626705,,,
0.0,0.0,0.44886622634068873,,,
0.0,0.0,0.46318036900670073,,,
1.0,1.0,0.8018395740570813,,,
0.0,0.0,0.4529597442802234,,,
1.0,0.0,0.4545070746910585,,,
0.0,0.0,0.496616324175188,,,
0.0,1.0,0.63090905493971,,,
0.0,0.0,0.3728843921899197,,,
0.0,0.0,0.46535824246635743,,,
0.0,0.0,0.4278836352581187,,,
1.0,0.0,0.37570776117806354,,,
0.0,0.0,0.41877204133176554,,,
0.0,0.0,0.2786848785129858,,,
0.0,0.0,0.41121896792374385,,,
1.0,0.0,0.3829779400085488,,,
1.0,1.0,0.693657000507754,,,
1.0,1.0,0.6931887488396267,,,
0.0,0.0,0.39694166512702217,,,
1.0,1.0,0.7849843899534757,,,
0.0,0.0,0.35622362157528814,,,
0.0,0.0,0.2501067124045138,,,
0.0,0.0,0.3311565355252009,,,
1.0,1.0,0.8580568397658047,,,
0.0,0.0,0.3864312246873902,,,
0.0,0.0,0.3599528109074527,,,
1.0,1.0,0.7098566657596641,,,
1.0,1.0,0.7861200407477077,,,
0.0,0.0,0.41941509537541294,,,
0.0,0.0,0.40850382352440595,,,
1.0,1.0,0.547314987771792,,,
0.0,0.0,0.4373956434185802,,,
0.0,0.0,0.43810332492600407,,,
0.0,0.0,0.47133485385500146,,,
0.0,0.0,0.3218909901098326,,,
1.0,0.0,0.4476325334296423,,,
1.0,1.0,0.614786508339039,,,
1.0,1.0,0.6163715395532408,,,
0.0,0.0,0.31366243968284285,,,
0.0,0.0,0.410901655911404,,,
1.0,0.0,0.43945230144270886,,,
0.0,0.0,0.34191250169865733,,,
1.0,0.0,0.4249470679312528,,,
1.0,0.0,0.40516349094444515,,,
0.0,0.0,0.42911298889709315,,,
1.0,1.0,0.572110341959733,,,
0.0,1.0,0.5196611380239962,,,
0.0,1.0,0.5559631249521723,,,
0.0,0.0,0.4289098946280933,,,
1.0,1.0,0.5531782062951557,,,
1.0,1.0,0.7262073149243726,,,
0.0,0.0,0.4724301855149631,,,
0.0,1.0,0.5034442922068734,,,
0.0,0.0,0.39299279014961863,,,
1.0,1.0,0.5731451163863812,,,
0.0,1.0,0.5171422979625874,,,
1.0,0.0,0.4998874415694726,,,
0.0,0.0,0.4452217194854475,,,
0.0,0.0,0.23089469991733944,,,
0.0,0.0,0.37596552826034285,,,
0.0,0.0,0.3636439900801666,,,
0.0,0.0,0.3429688481812672,,,
0.0,0.0,0.45423672349728933,,,
0.0,0.0,0.318624655736753,,,
1.0,1.0,0.5590203834336193,,,
0.0,1.0,0.5100276484764343,,,
1.0,1.0,0.6088913706267599,,,
0.0,0.0,0.3731786878898198,,,
0.0,0.0,0.44443988125994266,,,
0.0,0.0,0.33658675189787035,,,
0.0,1.0,0.5215741628870698,,,
0.0,0.0,0.45784162415488744,,,
1.0,1.0,0.8015375664674969,,,
1.0,1.0,0.5557763955350539,,,
1.0,1.0,0.7165174506365087,,,
0.0,0.0,0.38810756930068985,,,
0.0,1.0,0.5057744108823715,,,
1.0,0.0,0.48085995622318306,,,
0.0,0.0,0.4206610367958404,,,
0.0,0.0,0.38322923408715454,,,
0.0,0.0,0.30553309301368325,,,
0.0,0.0,0.3844110750508378,,,
1.0,0.0,0.41657150621168,,,
0.0,0.0,0.43555616933954894,,,
0.0,0.0,0.44442255724737234,,,
0.0,0.0,0.3762652531295208,,,
1.0,1.0,0.5858806745307705,,,
0.0,0.0,0.3583211052103883,,,
0.0,0.0,0.39410608082849824,,,
1.0,0.0,0.48846272377555044,,,
1.0,0.0,0.4336418359199026,,,
1.0,1.0,0.791951444851582,,,
0.0,0.0,0.45457368735515724,,,
1.0,1.0,0.5245718759431383,,,
1.0,1.0,0.5541147811087007,,,
1.0,0.0,0.44802572781403555,,,
0.0,0.0,0.46734585819546126,,,
1.0,0.0,0.4102674854155566,,,
0.0,0.0,0.3906261819611037,,,
0.0,0.0,0.42565520598993034,,,
0.0,0.0,0.45463127758718097,,,
0.0,0.0,0.45578940428435516,,,
0.0,0.0,0.46214863675331563,,,
1.0,1.0,0.6507933261589102,,,
1.0,1.0,0.5756605079445535,,,
0.0,0.0,0.38873406424501383,,,
0.0,0.0,0.42624012189235216,,,
0.0,0.0,0.3539544319320491,,,
0.0,0.0,0.43451017549106863,,,
1.0,0.0,0.3856704628087913,,,
0.0,0.0,0.39509631525407213,,,
1.0,1.0,0.5397023301989443,,,
0.0,0.0,0.35764233448007327,,,
0.0,1.0,0.5011698092069327,,,
1.0,1.0,0.5343594434249919,,,
0.0,0.0,0.3675173964470195,,,
1.0,0.0,0.4312825661232512,,,
0.0,0.0,0.44373979151979753,,,
0.0,0.0,0.4264879381862849,,,
0.0,1.0,0.5105538007512442,,,
1.0,1.0,0.5217602003231296,,,
1.0,0.0,0.4867937011483862,,,
1.0,0.0,0.40868965744595614,,,
0.0,0.0,0.4009420330967204,,,
1.0,1.0,0.559829344558025,,,
0.0,0.0,0.3725766657850682,,,
1.0,1.0,0.511124429985839,,,
1.0,0.0,0.4397363549729327,,,
0.0,0.0,0.31469915364952195,,,
1.0,1.0,0.6061656647249212,,,
1.0,1.0,0.5967446530172242,,,
0.0,0.0,0.40778801148311605,,,
0.0,0.0,0.42628725619913205,,,
0.0,0.0,0.3321264332575016,,,
1.0,1.0,0.7273724868525503,,,
1.0,1.0,0.7370179081927656,,,
1.0,1.0,0.654662177525379,,,
0.0,0.0,0.4379621839160599,,,
0.0,0.0,0.48474502148997844,,,
0.0,0.0,0.36727007002734896,,,
1.0,1.0,0.5744432296152415,,,
0.0,0.0,0.3003979919920301,,,
1.0,1.0,0.5937743484253845,,,
1.0,1.0,0.7090275002081546,,,
1.0,0.0,0.49172387833825254,,,
1.0,1.0,0.8319344336320049,,,
0.0,0.0,0.4064218128480481,,,
1.0,1.0,0.5001233329165073,,,
0.0,0.0,0.39341884076372513,,,
1.0,1.0,0.5166562846339756,,,
0.0,0.0,0.3538189927133382,,,
1.0,1.0,0.6202855548018309,,,
1.0,1.0,0.6749925182745354,,,
0.0,0.0,0.3711220685711295,,,
1.0,1.0,0.6717525816744471,,,
1.0,0.0,0.4407555908906836,,,
1.0,0.0,0.4755584957173891,,,
1.0,1.0,0.5154907117813804,,,
1.0,1.0,0.8287829915260194,,,
0.0,0.0,0.378280488659909,,,
1.0,1.0,0.5257581468058213,,,
1.0,0.0,0.4388866586078203,,,
1.0,1.0,0.5384024044070008,,,
0.0,0.0,0.4703386389454133,,,
0.0,0.0,0.35690090234740524,,,
1.0,1.0,0.5311807984112271,,,
0.0,0.0,0.34800138317002116,,,
1.0,1.0,0.5031124627290035,,,
1.0,0.0,0.48345396733471574,,,
1.0,0.0,0.3797922599528938,,,
1.0,1.0,0.8225345926672208,,,
0.0,0.0,0.37992331137326624,,,
1.0,1.0,0.5292733831256795,,,
1.0,1.0,0.8289825090076732,,,
1.0,1.0,0.6163176849155242,,,
1.0,1.0,0.6103736426869562,,,
0.0,0.0,0.4458316548279798,,,
1.0,1.0,0.5849917053167355,,,
1.0,0.0,0.3725740416338095,,,
0.0,1.0,0.5135239184744642,,,
1.0,0.0,0.46778448665690014,,,
1.0,1.0,0.6372303505200002,,,
1.0,1.0,0.562845489633147,,,
0.0,0.0,0.3433960564506797,,,
0.0,0.0,0.3377435828852432,,,
0.0,0.0,0.45835471636030545,,,
1.0,0.0,0.4243865926761329,,,
0.0,0.0,0.42472291521216154,,,
1.0,0.0,0.483050293490222,,,
0.0,0.0,0.3984922283053528,,,
0.0,0.0,0.4112215982949378,,,
1.0,1.0,0.6687546155232371,,,
1.0,0.0,0.45858871739737056,,,
0.0,0.0,0.38914852896312924,,,
1.0,1.0,0.507501674886518,,,
1.0,0.0,0.47257740514638513,,,
0.0,0.0,0.48563639726195956,,,
0.0,0.0,0.3141669102567109,,,
0.0,1.0,0.5091868834164957,,,
0.0,0.0,0.46768244640643997,,,
0.0,0.0,0.47646747833118774,,,
0.0,0.0,0.3579091100078916,,,
1.0,1.0,0.6791269146616341,,,
0.0,0.0,0.38036244346917025,,,
1.0,1.0,0.5065061287829069,,,
0.0,0.0,0.321211994918866,,,
1.0,0.0,0.41424859665979613,,,
0.0,0.0,0.4675807152747453,,,
1.0,0.0,0.4801116720546706,,,
1.0,0.0,0.3658895427922009,,,
0.0,0.0,0.3755173561294816,,,
1.0,1.0,0.5460741287034295,,,
1.0,1.0,0.517970260747722,,,
1.0,1.0,0.5999819481989455,,,
0.0,0.0,0.40454475521585387,,,
0.0,0.0,0.4025952866873681,,,
0.0,1.0,0.5922775800602137,,,
0.0,0.0,0.4879826434752713,,,
1.0,1.0,0.6391496969000133,,,
0.0,0.0,0.37273681954905913,,,
1.0,0.0,0.49281303781563246,,,
1.0,1.0,0.589912436396142,,,
1.0,1.0,0.5780853116297271,,,
1.0,1.0,0.5147786601095502,,,
0.0,0.0,0.4671921398535176,,,
0.0,0.0,0.4029214155480446,,,
1.0,0.0,0.465390328259897,,,
0.0,0.0,0.46279597686692253,,,
1.0,1.0,0.572110341959733,,,
1.0,0.0,0.39551536898318945,,,
1.0,1.0,0.5299865029616515,,,
1.0,0.0,0.37540358029060095,,,
0.0,0.0,0.3650752620379491,,,
0.0,0.0,0.38788017156254617,,,
0.0,0.0,0.3869408681303972,,,
1.0,0.0,0.48041652673735163,,,
0.0,1.0,0.5719273485529305,,,
0.0,1.0,0.5509726374625703,,,
0.0,0.0,0.4326094840732565,,,
1.0,0.0,0.32679398313874336,,,
1.0,0.0,0.49312205294759925,,,
0.0,0.0,0.4184047541206843,,,
1.0,0.0,0.3969002944149052,,,
1.0,0.0,0.43947453458859037,,,
0.0,0.0,0.41771353495455565,,,
1.0,1.0,0.676961804872573,,,
1.0,0.0,0.495904815653606,,,
0.0,0.0,0.4000962099608617,,,
0.0,1.0,0.5596643697674402,,,
1.0,0.0,0.34817215180510674,,,
1.0,1.0,0.7456513384116401,,,
0.0,0.0,0.437038785735379,,,
1.0,1.0,0.5650932231499797,,,
0.0,0.0,0.4418280741270719,,,
0.0,0.0,0.39914372910808416,,,
0.0,0.0,0.4156232445141134,,,
1.0,0.0,0.3714364755713088,,,
1.0,1.0,0.7118788591625282,,,
0.0,0.0,0.3617122312716187,,,
0.0,0.0,0.3567986420859527,,,
0.0,0.0,0.36780782151335345,,,
1.0,0.0,0.48371777677742467,,,
1.0,1.0,0.5470638274231429,,,
0.0,0.0,0.48467993025104844,,,
1.0,1.0,0.5314117394284503,,,
0.0,0.0,0.3407226231562566,,,
1.0,1.0,0.5214622743872726,,,
1.0,1.0,0.6175159343316801,,,
1.0,1.0,0.5596433828225238,,,
0.0,0.0,0.42946369329469547,,,
1.0,0.0,0.42261313596987377,,,
1.0,1.0,0.5272305582969942,,,
0.0,0.0,0.34111701987246623,,,
0.0,0.0,0.3663504016734288,,,
1.0,1.0,0.7756722029755089,,,
1.0,1.0,0.743447119817819,,,
1.0,1.0,0.57327526759621,,,
1.0,1.0,0.6788185750687529,,,
0.0,1.0,0.5354662885500003,,,
1.0,0.0,0.4314921778992404,,,
0.0,0.0,0.4101534242615297,,,
1.0,1.0,0.6068969709636319,,,
1.0,1.0,0.7361896215806786,,,
0.0,0.0,0.3965229940031482,,,
1.0,1.0,0.6657625470359732,,,
1.0,0.0,0.43259869621681973,,,
0.0,0.0,0.44358830594036364,,,
0.0,0.0,0.3978390302075663,,,
0.0,0.0,0.3258030688737631,,,
0.0,0.0,0.44050362923621167,,,
1.0,0.0,0.4253125521028947,,,
0.0,0.0,0.4748434484610292,,,
0.0,0.0,0.3218501033150663,,,
0.0,0.0,0.4118870563989734,,,
0.0,0.0,0.3761147626726673,,,
0.0,0.0,0.382420283261514,,,
0.0,0.0,0.48147763973719016,,,
1.0,1.0,0.5110662095525528,,,
1.0,1.0,0.5598844040654405,,,
1.0,1.0,0.6628897739017532,,,
1.0,1.0,0.5870838058205166,,,
0.0,0.0,0.4236744858175937,,,
1.0,0.0,0.3875626026628982,,,
0.0,0.0,0.43112844817423124,,,
1.0,0.0,0.4942871487384246,,,
1.0,1.0,0.7937231079869416,,,
0.0,0.0,0.4857735491243902,,,
0.0,0.0,0.4277039240927426,,,
1.0,1.0,0.5196879327073798,,,
0.0,0.0,0.45165073484262336,,,
0.0,0.0,0.3560696934695984,,,
0.0,0.0,0.3817943901568455,,,
1.0,1.0,0.555803649651877,,,
1.0,1.0,0.8534514783696641,,,
1.0,0.0,0.49108097593516153,,,
0.0,0.0,0.4015492600938106,,,
1.0,0.0,0.36020746497525247,,,
0.0,0.0,0.48584025825006805,,,
0.0,0.0,0.3840402542370913,,,
0.0,0.0,0.35852222529488253,,,
1.0,0.0,0.4430694361335154,,,
0.0,0.0,0.469485578825499,,,
0.0,0.0,0.31808735693053714,,,
0.0,0.0,0.3972034133276376,,,
1.0,1.0,0.79990522108054,,,
1.0,1.0,0.6010655776919447,,,
1.0,1.0,0.5636807968005914,,,
0.0,0.0,0.37762752168765756,,,
0.0,0.0,0.42333820304497216,,,
1.0,1.0,0.6831575218757348,,,
0.0,1.0,0.5013293499234451,,,
1.0,1.0,0.6693776377242934,,,
1.0,0.0,0.42146773711181995,,,
0.0,0.0,0.40670174513656226,,,
1.0,0.0,0.44960887835882213,,,
1.0,1.0,0.5310724624774362,,,
0.0,0.0,0.4648189874045595,,,
1.0,1.0,0.5213784384893666,,,
0.0,0.0,0.35177818603047434,,,
0.0,0.0,0.38208214762647075,,,
1.0,0.0,0.4272236672999167,,,
0.0,0.0,0.3693779770698357,,,
0.0,0.0,0.39436659713858424,,,
1.0,1.0,0.5464067007333431,,,
1.0,0.0,0.3984247068950711,,,
1.0,1.0,0.562574694185872,,,
1.0,1.0,0.5142076580574204,,,
0.0,0.0,0.39043818644571154,,,
0.0,1.0,0.5030311565321807,,,
1.0,1.0,0.513018382134129,,,
0.0,0.0,0.4528572747300128,,,
1.0,0.0,0.4519564301029517,,,
1.0,1.0,0.5365672284165673,,,
0.0,0.0,0.30720902583952503,,,
0.0,0.0,0.3862124032358766,,,
0.0,0.0,0.4275810850672947,,,
0.0,0.0,0.4473345153603903,,,
0.0,0.0,0.3794763945393346,,,
0.0,0.0,0.3661540607023068,,,
1.0,0.0,0.4083100004816599,,,
1.0,0.0,0.37119925978621965,,,
0.0,0.0,0.3992238518157258,,,
1.0,1.0,0.5024347193422032,,,
0.0,0.0,0.3865731310908839,,,
1.0,1.0,0.7478085429890775,,,
1.0,1.0,0.5435821484700212,,,
0.0,0.0,0.39649109786693737,,,
1.0,1.0,0.5362104785637749,,,
1.0,0.0,0.45975262936790995,,,
0.0,0.0,0.40604895716228506,,,
1.0,0.0,0.406046616786593,,,
0.0,0.0,0.45696707098003403,,,
0.0,0.0,0.4158529960534385,,,
1.0,0.0,0.3673594532094265,,,
0.0,0.0,0.34900092318658144,,,
0.0,0.0,0.47124930515915603,,,
0.0,0.0,0.3334974273159257,,,
1.0,1.0,0.6862731120867543,,,
0.0,0.0,0.3332471001137354,,,
0.0,0.0,0.34156933296410263,,,
1.0,0.0,0.4195414549743177,,,
0.0,0.0,0.44393407831099735,,,
1.0,0.0,0.4400487390574652,,,
0.0,0.0,0.4565969327617336,,,
0.0,0.0,0.37488843431412283,,,
1.0,1.0,0.8026117979861307,,,
1.0,1.0,0.5970694081774279,,,
1.0,0.0,0.3734595290098489,,,
1.0,0.0,0.3851312202128904,,,
0.0,0.0,0.4547217886691907,,,
1.0,0.0,0.42508519341468953,,,
0.0,1.0,0.52378988212461,,,
0.0,0.0,0.3634902425483194,,,
1.0,0.0,0.35000959462057646,,,
0.0,0.0,0.433390796820997,,,
0.0,0.0,0.43467078926694014,,,
1.0,1.0,0.571080380554043,,,
0.0,0.0,0.35996219402110285,,,
0.0,0.0,0.40577734061490467,,,
1.0,1.0,0.5071324711030426,,,
0.0,0.0,0.46866155710542245,,,
0.0,1.0,0.5159322989559028,,,
0.0,0.0,0.3666828652949599,,,
0.0,0.0,0.4141257245207504,,,
0.0,0.0,0.37838878035145124,,,
1.0,1.0,0.5463029237968628,,,
1.0,1.0,0.534434241284809,,,
1.0,1.0,0.5160813962377768,,,
0.0,0.0,0.3219493606861835,,,
1.0,1.0,0.5937597161051201,,,
1.0,0.0,0.4487823584414358,,,
1.0,1.0,0.5545378128823216,,,
0.0,0.0,0.38311904336213287,,,
1.0,1.0,0.6062209496225615,,,
0.0,0.0,0.4688693064207486,,,
1.0,1.0,0.5332443712779662,,,
0.0,0.0,0.3704102310119803,,,
1.0,1.0,0.545551093363203,,,
1.0,0.0,0.47868979341125206,,,
0.0,0.0,0.42916447170213096,,,
0.0,0.0,0.34035416258788487,,,
0.0,1.0,0.6314754402594087,,,
1.0,1.0,0.6233350237114471,,,
1.0,1.0,0.5969183269584338,,,
1.0,0.0,0.46178699254867167,,,
1.0,1.0,0.5774301668910765,,,
0.0,0.0,0.41662217393115347,,,
0.0,0.0,0.43925245919212336,,,
0.0,0.0,0.4495124001683975,,,
0.0,0.0,0.3983641779038568,,,
1.0,1.0,0.5108350927172236,,,
1.0,0.0,0.46833729949977754,,,
1.0,0.0,0.3816569103809239,,,
0.0,0.0,0.38236241840498325,,,
1.0,0.0,0.48148583901606984,,,
0.0,0.0,0.4308962214162386,,,
1.0,0.0,0.4140748351352468,,,
1.0,1.0,0.5676558052614902,,,
0.0,0.0,0.31679763690156376,,,
0.0,0.0,0.39217673357617777,,,
0.0,0.0,0.3604319750273867,,,
0.0,0.0,0.34970415210738837,,,
0.0,0.0,0.38965522932461805,,,
0.0,0.0,0.33652061949699935,,,
0.0,0.0,0.3684367041184129,,,
0.0,1.0,0.539285905696156,,,
1.0,0.0,0.38234736346967985,,,
1.0,1.0,0.8198317504971045,,,
0.0,0.0,0.3880411666683817,,,
0.0,0.0,0.3765447440867448,,,
0.0,0.0,0.35315461219241334,,,
0.0,0.0,0.3550371571228342,,,
0.0,1.0,0.6716221657018293,,,
1.0,1.0,0.750787779412655,,,
1.0,1.0,0.5326829653193003,,,
0.0,0.0,0.4538563962820805,,,
1.0,0.0,0.42797939450055644,,,
0.0,0.0,0.4953713830694553,,,
1.0,1.0,0.5759639591502564,,,
1.0,0.0,0.43393607728356154,,,
0.0,0.0,0.3499715065772549,,,
1.0,1.0,0.7749308664347926,,,
1.0,0.0,0.41055091044822567,,,
0.0,1.0,0.6496799248490639,,,
0.0,0.0,0.3945532323594911,,,
1.0,1.0,0.5157416587649465,,,
0.0,1.0,0.507331408048703,,,
0.0,0.0,0.48056644135453774,,,
1.0,1.0,0.6614909079840176,,,
0.0,0.0,0.4038219947169109,,,
0.0,0.0,0.38889074192109613,,,
0.0,0.0,0.36550119725701385,,,
0.0,0.0,0.4877918090541853,,,
1.0,1.0,0.5276738483627722,,,
0.0,0.0,0.32265762708443474,,,
1.0,1.0,0.5021052212470682,,,
0.0,0.0,0.4839407340102477,,,
0.0,0.0,0.396739393245146,,,
0.0,1.0,0.5383268390444783,,,
1.0,1.0,0.6959254296505393,,,
1.0,0.0,0.45481703975297216,,,
1.0,0.0,0.46224555590774685,,,
1.0,1.0,0.6518980571725942,,,
1.0,0.0,0.4940068701387763,,,
1.0,0.0,0.27053533364078025,,,
1.0,1.0,0.5095290330086162,,,
0.0,0.0,0.4652853146738724,,,
1.0,1.0,0.5343594434249919,,,
1.0,1.0,0.5763754289172174,,,
1.0,1.0,0.5760251253511595,,,
1.0,0.0,0.43970509979769884,,,
0.0,0.0,0.32164304012301037,,,
1.0,1.0,0.517602185732005,,,
0.0,0.0,0.4741557798390238,,,
0.0,0.0,0.40010021745596736,,,
0.0,0.0,0.4464603651839426,,,
1.0,1.0,0.6160582148260834,,,
1.0,0.0,0.44358981620171145,,,
0.0,0.0,0.46093362138122607,,,
1.0,1.0,0.5292733831256795,,,
0.0,0.0,0.4426404314801505,,,
0.0,0.0,0.3592340085303151,,,
0.0,0.0,0.3506321007192916,,,
0.0,0.0,0.39751547643907953,,,
1.0,1.0,0.706824331272356,,,
0.0,1.0,0.5304384222527208,,,
1.0,1.0,0.6808989091307615,,,
0.0,1.0,0.6525370813882907,,,
1.0,1.0,0.5495267276392224,,,
1.0,1.0,0.6503339341035475,,,
0.0,0.0,0.37790828039966096,,,
1.0,0.0,0.39782520030965857,,,
1.0,1.0,0.686812733571858,,,
1.0,1.0,0.5836261043732538,,,
1.0,0.0,0.48844274223467615,,,
0.0,0.0,0.40228984036265153,,,
0.0,0.0,0.45823846556524406,,,
0.0,0.0,0.469739141427808,,,
1.0,0.0,0.37526336031236324,,,
1.0,0.0,0.41041733293227317,,,
1.0,0.0,0.3949866566829613,,,
0.0,0.0,0.3716014763205714,,,
1.0,1.0,0.5892422131119415,,,
0.0,0.0,0.4199377147433082,,,
1.0,1.0,0.5386170723069847,,,
1.0,0.0,0.49353832352534327,,,
1.0,1.0,0.5769203008448204,,,
1.0,0.0,0.41599214320712136,,,
0.0,0.0,0.4573206482243433,,,
0.0,0.0,0.41067557057306053,,,
1.0,1.0,0.5915104594689723,,,
1.0,0.0,0.38816593612240446,,,
0.0,0.0,0.3556330063915162,,,
0.0,1.0,0.6183506691430083,,,
0.0,0.0,0.36150070558315045,,,
1.0,1.0,0.6465299942700873,,,
0.0,0.0,0.359636160576349,,,
0.0,0.0,0.3411835547909746,,,
1.0,1.0,0.806029192185306,,,
0.0,0.0,0.36727591077689276,,,
1.0,1.0,0.6401207043694436,,,
1.0,1.0,0.6376059902704173,,,
1.0,1.0,0.6662320755272989,,,
0.0,0.0,0.37988035867050063,,,
1.0,1.0,0.5247482999992209,,,
1.0,1.0,0.578390437846513,,,
1.0,1.0,0.5256502812618234,,,
1.0,0.0,0.4401382117377102,,,
1.0,0.0,0.36715756019015733,,,
0.0,0.0,0.4771216806049242,,,
0.0,0.0,0.3646570438843244,,,
1.0,0.0,0.3391789197977706,,,
0.0,0.0,0.3548408015714047,,,
1.0,0.0,0.37804271008014717,,,
0.0,0.0,0.3810821898355343,,,
1.0,1.0,0.5172363308819525,,,
0.0,0.0,0.3404493929823117,,,
1.0,0.0,0.48107703467114804,,,
0.0,0.0,0.4479370605175456,,,
1.0,1.0,0.5960669691445959,,,
0.0,0.0,0.31908191414306125,,,
0.0,0.0,0.3401772918423505,,,
0.0,0.0,0.42299187631156987,,,
0.0,0.0,0.4593190148141543,,,
0.0,0.0,0.35712136572358205,,,
0.0,0.0,0.3670201674535265,,,
0.0,0.0,0.4773093442259263,,,
1.0,1.0,0.5234474502350485,,,
1.0,1.0,0.5986298378879537,,,
0.0,0.0,0.34493691927695413,,,
0.0,1.0,0.595435679163183,,,
1.0,0.0,0.321885374136671,,,
1.0,1.0,0.6374149950798464,,,
0.0,0.0,0.3337246426506229,,,
1.0,0.0,0.38492221781943137,,,
1.0,1.0,0.7646901908876012,,,
0.0,0.0,0.4509494518448653,,,
0.0,0.0,0.44439574431064904,,,
1.0,1.0,0.6814140908673048,,,
0.0,0.0,0.41045392349224774,,,
0.0,0.0,0.42244197398373784,,,
0.0,0.0,0.46320033549810785,,,
0.0,0.0,0.40682938237539046,,,
1.0,0.0,0.48392107946621643,,,
1.0,1.0,0.5736444102264711,,,
1.0,0.0,0.39570899175101704,,,
0.0,0.0,0.3696384610890043,,,
0.0,0.0,0.3574719062876958,,,
0.0,0.0,0.29170318939277984,,,
1.0,1.0,0.5213874140037605,,,
0.0,0.0,0.3902082238621084,,,
0.0,0.0,0.4925324505782714,,,
0.0,0.0,0.4455488647591139,,,
1.0,0.0,0.3894558719691707,,,
0.0,0.0,0.37601378511357686,,,
1.0,1.0,0.7056672610086342,,,
1.0,1.0,0.8066010157486956,,,
0.0,0.0,0.42628725619913205,,,
0.0,0.0,0.3995163085105392,,,
1.0,1.0,0.6058190273469225,,,
0.0,0.0,0.3918270701886622,,,
0.0,0.0,0.421006043414561,,,
0.0,0.0,0.44353486989910373,,,
1.0,0.0,0.4010657222508999,,,
1.0,1.0,0.6479340004008135,,,
1.0,1.0,0.813945301688744,,,
0.0,0.0,0.34122888087788456,,,
0.0,0.0,0.4021302064255461,,,
0.0,0.0,0.3779654236576087,,,
1.0,0.0,0.4442086732924125,,,
1.0,1.0,0.583735389862113,,,
0.0,0.0,0.35006362440555777,,,
0.0,0.0,0.3502351821943527,,,
1.0,0.0,0.4790050233378571,,,
0.0,0.0,0.3539986121539556,,,
0.0,0.0,0.27451525718148345,,,
0.0,0.0,0.377866953522429,,,
1.0,1.0,0.7054436025842089,,,
0.0,1.0,0.5082237873470327,,,
1.0,0.0,0.33955825763079234,,,
1.0,0.0,0.45901550241253153,,,
1.0,1.0,0.5145851112267108,,,
1.0,1.0,0.6912058001589978,,,
1.0,0.0,0.49334586639600736,,,
1.0,0.0,0.48303653631460963,,,
0.0,0.0,0.3578813195605868,,,
0.0,0.0,0.36201626704343065,,,
1.0,1.0,0.6486149928091425,,,
1.0,0.0,0.4439916910477153,,,
0.0,0.0,0.4484145725762236,,,
1.0,1.0,0.7208856591001676,,,
1.0,1.0,0.5968659400188275,,,
0.0,1.0,0.5143969230552393,,,
0.0,0.0,0.3925954050450471,,,
1.0,1.0,0.5501513024279788,,,
1.0,1.0,0.5249693147096469,,,
0.0,0.0,0.43197221989186074,,,
0.0,0.0,0.38471880763980676,,,
1.0,1.0,0.6947463361893442,,,
0.0,0.0,0.3723467991253104,,,
0.0,0.0,0.39447242867360777,,,
0.0,0.0,0.44646304873900083,,,
0.0,0.0,0.362018484075733,,,
1.0,1.0,0.6350043783289707,,,
1.0,0.0,0.4524924167357181,,,
0.0,0.0,0.4362928972274986,,,
0.0,0.0,0.20774733006956458,,,
0.0,0.0,0.3158012694543182,,,
1.0,0.0,0.4095230268704546,,,
1.0,0.0,0.4494897112522252,,,
0.0,1.0,0.534703689924596,,,
0.0,0.0,0.47954888676808743,,,
1.0,0.0,0.4654738825742201,,,
1.0,1.0,0.5052893415102051,,,
1.0,0.0,0.4626955844856039,,,
0.0,0.0,0.32908603384000407,,,
0.0,1.0,0.5131328860059168,,,
0.0,0.0,0.49818194988909686,,,
0.0,0.0,0.34687118768134423,,,
1.0,1.0,0.5290274202747604,,,
0.0,0.0,0.35124639576416045,,,
1.0,1.0,0.8356047398968743,,,
0.0,0.0,0.46235553217071745,,,
1.0,0.0,0.4633557917660282,,,
0.0,1.0,0.5949108533398614,,,
0.0,0.0,0.4137543480702538,,,
0.0,0.0,0.35884184512831774,,,
0.0,0.0,0.3569237201407875,,,
0.0,0.0,0.4082494385232321,,,
0.0,0.0,0.33675116632500024,,,
0.0,0.0,0.3782896207940656,,,
0.0,1.0,0.5030012086327917,,,
0.0,0.0,0.42788233375320445,,,
0.0,0.0,0.44934073351971143,,,
1.0,1.0,0.5016887344605356,,,
0.0,0.0,0.31217321174638063,,,
1.0,0.0,0.48614356538377207,,,
1.0,0.0,0.43860115029886826,,,
1.0,0.0,0.43415372328847135,,,
0.0,0.0,0.41572610687958145,,,
1.0,1.0,0.5415499053897423,,,
1.0,1.0,0.5037589878070652,,,
0.0,0.0,0.49155159424599804,,,
1.0,1.0,0.6056267587041431,,,
1.0,1.0,0.5734872971053658,,,
0.0,0.0,0.36270886553906784,,,
0.0,0.0,0.4350238089016598,,,
0.0,0.0,0.3901024577672544,,,
1.0,1.0,0.6838730646412355,,,
1.0,1.0,0.5457129253855694,,,
1.0,1.0,0.6722742868230366,,,
0.0,0.0,0.35898605343521384,,,
0.0,0.0,0.4472166864927156,,,
1.0,0.0,0.4441875438765646,,,
1.0,0.0,0.4345162610770857,,,
0.0,0.0,0.38276063395067667,,,
0.0,0.0,0.4344988354313692,,,
0.0,0.0,0.4032735377182155,,,
0.0,0.0,0.42407362161383483,,,
1.0,1.0,0.6151055397113341,,,
0.0,0.0,0.4437804153934256,,,
1.0,1.0,0.5847970426809389,,,
0.0,0.0,0.4568893295176755,,,
0.0,0.0,0.35348619716823826,,,
0.0,0.0,0.3856834935923357,,,
0.0,0.0,0.38665607959357845,,,
0.0,0.0,0.35124639576416045,,,
0.0,1.0,0.5057792003557192,,,
1.0,1.0,0.8730647736398244,,,
0.0,0.0,0.4580255363967687,,,
0.0,0.0,0.30955888646241037,,,
1.0,1.0,0.6443904713736689,,,
0.0,0.0,0.49647391931372714,,,
1.0,0.0,0.4810868041648561,,,
1.0,0.0,0.4282144220181642,,,
0.0,0.0,0.4063668841432834,,,
0.0,1.0,0.5744354628308801,,,
0.0,0.0,0.3917735351523834,,,
1.0,1.0,0.7004346455907796,,,
0.0,0.0,0.43934727967340664,,,
1.0,0.0,0.48663971232922376,,,
0.0,1.0,0.5904208426664093,,,
1.0,1.0,0.5199598751136958,,,
1.0,1.0,0.6189361667838492,,,
0.0,0.0,0.4030448772765341,,,
0.0,0.0,0.421075403066729,,,
1.0,1.0,0.5704725203803624,,,
1.0,1.0,0.789172725500765,,,
0.0,0.0,0.35698888986380545,,,
0.0,0.0,0.40643808323481134,,,
0.0,1.0,0.6143488483375752,,,
1.0,1.0,0.5084668705449505,,,
0.0,0.0,0.3272956853839606,,,
0.0,0.0,0.3695883401396602,,,
0.0,0.0,0.3902807429025155,,,
1.0,0.0,0.45237601625872725,,,
0.0,0.0,0.2904315647254062,,,
1.0,0.0,0.4880885863958238,,,
1.0,0.0,0.3874446679284129,,,
0.0,0.0,0.3912509407709729,,,
0.0,0.0,0.41139027516863536,,,
1.0,1.0,0.5186540701687521,,,
0.0,0.0,0.37194327571593183,,,
1.0,0.0,0.4925247081210656,,,
1.0,1.0,0.584036343682048,,,
1.0,1.0,0.5274574962028384,,,
1.0,1.0,0.6344226003266087,,,
0.0,0.0,0.4413792278122994,,,
1.0,1.0,0.5360834091837456,,,
0.0,0.0,0.43228914123491985,,,
1.0,1.0,0.6036456618837942,,,
1.0,1.0,0.5260906282941586,,,
0.0,0.0,0.4117610100494435,,,
1.0,1.0,0.6149474358166862,,,
1.0,1.0,0.8641191070018066,,,
1.0,0.0,0.42910682192396826,,,
1.0,1.0,0.6298789012800722,,,
0.0,0.0,0.41569438322500935,,,
0.0,0.0,0.36730860666390314,,,
0.0,1.0,0.606318708692684,,,
0.0,0.0,0.3733217377805457,,,
0.0,0.0,0.4493188193459129,,,
1.0,0.0,0.4420439954874213,,,
0.0,0.0,0.40617906487605304,,,
0.0,0.0,0.3509823140246866,,,
1.0,1.0,0.6576827655991231,,,
1.0,1.0,0.5294013320460723,,,
1.0,0.0,0.41761747761944723,,,
1.0,0.0,0.4023225096254628,,,
1.0,0.0,0.3405860843071373,,,
0.0,0.0,0.4825050047852606,,,
0.0,0.0,0.35581552579464115,,,
0.0,0.0,0.3836690776838021,,,
1.0,1.0,0.5953562656242911,,,
1.0,1.0,0.565842341703606,,,
1.0,1.0,0.5267805166682633,,,
0.0,0.0,0.36219760730022477,,,
1.0,1.0,0.6140673852463098,,,
1.0,1.0,0.605048626485392,,,
0.0,0.0,0.45176755518811085,,,
0.0,0.0,0.49390723940435477,,,
0.0,0.0,0.439896771931002,,,
0.0,0.0,0.3982050408237427,,,
1.0,1.0,0.6522167297732815,,,
1.0,0.0,0.4803187471604282,,,
1.0,0.0,0.41425628051867563,,,
0.0,0.0,0.41875847445401804,,,
0.0,0.0,0.4231754839376606,,,
0.0,0.0,0.39014644542902593,,,
1.0,1.0,0.5432551000374609,,,
1.0,1.0,0.6760804631467592,,,
1.0,1.0,0.6135725996946128,,,
0.0,1.0,0.523790917613506,,,
0.0,0.0,0.4852208505123331,,,
1.0,1.0,0.7995892654657841,,,
0.0,0.0,0.4340059637797193,,,
0.0,0.0,0.37720531701862037,,,
0.0,0.0,0.3877883290380402,,,
1.0,1.0,0.8744601224770336,,,
1.0,1.0,0.595206626393344,,,
1.0,0.0,0.48452970817084057,,,
0.0,0.0,0.4289890642645011,,,
1.0,0.0,0.4205021391296772,,,
0.0,0.0,0.3921194788914227,,,
0.0,0.0,0.443395941007666,,,
1.0,0.0,0.4141171525440359,,,
0.0,0.0,0.4385110073678252,,,
0.0,0.0,0.38265278968761374,,,
1.0,1.0,0.5037445651483136,,,
0.0,0.0,0.333641758135562,,,
0.0,0.0,0.36831910695962483,,,
0.0,0.0,0.34643429157363415,,,
0.0,0.0,0.3441930280873926,,,
0.0,0.0,0.47842509057747906,,,
1.0,0.0,0.42677343659342704,,,
1.0,1.0,0.6104865047467571,,,
1.0,1.0,0.7470695422043744,,,
0.0,0.0,0.38411152597430825,,,
0.0,1.0,0.5808629510902985,,,
0.0,0.0,0.36148154990977327,,,
0.0,0.0,0.38580376166081576,,,
1.0,1.0,0.5751589404035586,,,
0.0,0.0,0.3743893667141574,,,
0.0,0.0,0.4485918783185083,,,
1.0,1.0,0.577254959127677,,,
1.0,1.0,0.6957276186401509,,,
1.0,1.0,0.5055777129060272,,,
0.0,0.0,0.37803188650190067,,,
0.0,0.0,0.3887611149401009,,,
0.0,0.0,0.3966695076332947,,,
0.0,0.0,0.353756483103666,,,
0.0,0.0,0.33603451312242166,,,
1.0,1.0,0.6601531765505794,,,
1.0,1.0,0.5969183269584338,,,
0.0,0.0,0.35581577367822986,,,
0.0,1.0,0.6153000749879118,,,
1.0,0.0,0.4306577518344997,,,
0.0,0.0,0.4852595493640953,,,
0.0,0.0,0.3658549350866222,,,
0.0,0.0,0.3893848399753363,,,
0.0,0.0,0.36907859840176593,,,
1.0,0.0,0.49587230651580705,,,
0.0,0.0,0.4948926787808206,,,
0.0,0.0,0.3148945050185248,,,
1.0,1.0,0.7088129643809595,,,
0.0,0.0,0.4155000583517404,,,
1.0,1.0,0.605046870402802,,,
0.0,0.0,0.4782169036207087,,,
0.0,0.0,0.47620872228209277,,,
1.0,0.0,0.43138846084841975,,,
0.0,0.0,0.49396961781007626,,,
0.0,0.0,0.4091472037150019,,,
0.0,0.0,0.412650475081683,,,
1.0,0.0,0.3445017705675466,,,
0.0,0.0,0.32023671952200344,,,
0.0,0.0,0.39954349071341483,,,
0.0,0.0,0.42255516988239017,,,
0.0,0.0,0.3728649914660702,,,
0.0,0.0,0.4176253147402148,,,
1.0,1.0,0.5789304914900797,,,
0.0,0.0,0.44787271559979835,,,
1.0,0.0,0.40900235844912836,,,
0.0,0.0,0.3141902191058104,,,
1.0,1.0,0.5530227934300134,,,
1.0,1.0,0.6493837676970853,,,
0.0,0.0,0.41759168139533037,,,
0.0,0.0,0.38826027311089706,,,
1.0,1.0,0.5618990070665387,,,
1.0,0.0,0.48076480746337535,,,
1.0,1.0,0.5047277864704032,,,
0.0,0.0,0.4390537054954306,,,
1.0,0.0,0.3907804937529785,,,
0.0,0.0,0.37571540586577234,,,
0.0,0.0,0.37758652267337695,,,
0.0,0.0,0.4450468318518021,,,
0.0,0.0,0.4458856347164253,,,
0.0,0.0,0.3414134675338653,,,
1.0,1.0,0.5118364332454929,,,
1.0,1.0,0.5436477729941219,,,
0.0,0.0,0.40863738760950774,,,
1.0,0.0,0.4430995403721449,,,
1.0,0.0,0.4691423184090377,,,
0.0,0.0,0.3627688419040225,,,
1.0,1.0,0.7600463032788481,,,
1.0,1.0,0.5958591686042634,,,
0.0,0.0,0.2833212177603522,,,
0.0,0.0,0.41617318400037506,,,
0.0,0.0,0.24807424081579557,,,
1.0,1.0,0.5006934716809155,,,
1.0,1.0,0.5496732694116011,,,
1.0,1.0,0.6709992506732604,,,
1.0,0.0,0.42553362604219785,,,
1.0,1.0,0.8585209161120896,,,
0.0,0.0,0.4087253358788534,,,
0.0,0.0,0.4536185557793606,,,
1.0,0.0,0.4581561527448066,,,
1.0,1.0,0.8082314029785284,,,
1.0,0.0,0.43816076306537505,,,
1.0,0.0,0.433619356630682,,,
0.0,0.0,0.4160616804786336,,,
1.0,1.0,0.686983603176279,,,
1.0,1.0,0.5567521912571969,,,
1.0,0.0,0.4678238407122635,,,
1.0,0.0,0.42734779227492065,,,
0.0,0.0,0.3518738942702025,,,
1.0,1.0,0.7565785586343385,,,
0.0,0.0,0.2750830999352274,,,
1.0,1.0,0.577396224557402,,,
1.0,1.0,0.5661070197617507,,,
1.0,1.0,0.6928752496103194,,,
0.0,0.0,0.25636040636875707,,,
0.0,0.0,0.35217607858665034,,,
1.0,1.0,0.5319972418235335,,,
1.0,1.0,0.6132707461891035,,,
0.0,0.0,0.38064104635349516,,,
0.0,0.0,0.4023701152819161,,,
0.0,0.0,0.4660220665639639,,,
0.0,0.0,0.4578045884847633,,,
1.0,0.0,0.4659866648901457,,,
1.0,1.0,0.5000563258062299,,,
0.0,0.0,0.4218916702303644,,,
0.0,0.0,0.3755173561294816,,,
0.0,0.0,0.4668536730568193,,,
0.0,0.0,0.3722194876515533,,,
0.0,0.0,0.38741595327144734,,,
0.0,0.0,0.402523649616904,,,
0.0,0.0,0.3382951426953287,,,
0.0,0.0,0.3665047310929432,,,
1.0,1.0,0.5715364852461378,,,
0.0,0.0,0.4384080571726894,,,
1.0,1.0,0.551496975675962,,,
0.0,0.0,0.4201469413121345,,,
0.0,0.0,0.28783396096883257,,,
1.0,0.0,0.38022840823553916,,,
1.0,0.0,0.3316608670902086,,,
1.0,0.0,0.3763614195364977,,,
0.0,0.0,0.4250986196628548,,,
1.0,1.0,0.5501267545015674,,,
1.0,0.0,0.4216270067141567,,,
1.0,1.0,0.5983601228901283,,,
0.0,0.0,0.3529505774608064,,,
0.0,1.0,0.6572748439284913,,,
0.0,0.0,0.4933568341296204,,,
0.0,0.0,0.422639935910653,,,
1.0,1.0,0.6470816982418163,,,
1.0,1.0,0.5990174230668198,,,
1.0,0.0,0.40841120893116684,,,
1.0,1.0,0.5662871523256071,,,
1.0,1.0,0.547840238516492,,,
0.0,1.0,0.5435419738757884,,,
1.0,0.0,0.36321986165538656,,,
1.0,1.0,0.6945049052204435,,,
1.0,1.0,0.6907956055226078,,,
1.0,1.0,0.5640869376014005,,,
1.0,1.0,0.5809424776081602,,,
0.0,0.0,0.40325089765933647,,,
0.0,0.0,0.35691746535120344,,,
1.0,1.0,0.7730652110991083,,,
0.0,0.0,0.4902436491585789,,,
0.0,0.0,0.45379439012088274,,,
0.0,0.0,0.3951582635321386,,,
1.0,1.0,0.5326829653193003,,,
1.0,0.0,0.48761203590813074,,,
0.0,0.0,0.46089459289747226,,,
0.0,0.0,0.4483786126011251,,,
1.0,1.0,0.5698942806769598,,,
0.0,0.0,0.2978021484177232,,,
1.0,1.0,0.5586017785911,,,
1.0,1.0,0.5525109614311203,,,
1.0,1.0,0.5253260206316148,,,
0.0,0.0,0.21300331688434546,,,
0.0,0.0,0.27352594297045413,,,
1.0,1.0,0.7520679069679943,,,
0.0,0.0,0.3940312185202391,,,
1.0,1.0,0.8396814491327895,,,
1.0,0.0,0.48321411309362317,,,
1.0,1.0,0.6629953535530216,,,
1.0,1.0,0.5258304553298035,,,
0.0,0.0,0.4522600073023905,,,
1.0,0.0,0.4526786674438244,,,
1.0,0.0,0.4362829542571241,,,
0.0,0.0,0.3910183428373275,,,
1.0,1.0,0.6116428798917682,,,
0.0,0.0,0.4140822132571668,,,
1.0,1.0,0.5905417562623064,,,
1.0,0.0,0.48958410517420375,,,
0.0,0.0,0.48304046818173796,,,
0.0,0.0,0.40135150094205235,,,
0.0,0.0,0.36939859394696994,,,
0.0,0.0,0.3993408885956381,,,
1.0,0.0,0.4624951698648568,,,
0.0,0.0,0.37949309486255856,,,
1.0,0.0,0.3636500547941053,,,
0.0,0.0,0.44235600077659876,,,
0.0,0.0,0.42526240707589374,,,
1.0,1.0,0.7585513005427279,,,
1.0,1.0,0.642906225530784,,,
1.0,0.0,0.4805863813489956,,,
0.0,0.0,0.38759898425933537,,,
1.0,0.0,0.4396270837542452,,,
0.0,0.0,0.40333431144819437,,,
1.0,1.0,0.6612752711332075,,,
0.0,0.0,0.42431615913469267,,,
1.0,1.0,0.637586600934039,,,
1.0,0.0,0.3779250869938725,,,
1.0,1.0,0.5027328299799829,,,
0.0,1.0,0.5100276484764343,,,
0.0,1.0,0.5956490956674955,,,
0.0,1.0,0.5645608924053837,,,
0.0,0.0,0.36318906949716306,,,
0.0,0.0,0.33247763851202533,,,
1.0,1.0,0.5472121459121728,,,
1.0,1.0,0.5270581779562236,,,
1.0,0.0,0.47977621968868406,,,
1.0,0.0,0.45941687078045107,,,
0.0,0.0,0.3680216031094033,,,
0.0,0.0,0.43929193270167183,,,
1.0,1.0,0.6237329820857748,,,
1.0,1.0,0.538687140207273,,,
1.0,0.0,0.4710707051997216,,,
0.0,0.0,0.4055377465825206,,,
1.0,1.0,0.5468528577012719,,,
1.0,1.0,0.5003482080637821,,,
1.0,1.0,0.5546265286038323,,,
0.0,0.0,0.3603550782898787,,,
1.0,1.0,0.7840920921458943,,,
1.0,1.0,0.8080284353064198,,,
1.0,0.0,0.4378853867988753,,,
1.0,1.0,0.5056350291165472,,,
0.0,0.0,0.4100706294533494,,,
1.0,1.0,0.5325341027029841,,,
1.0,1.0,0.6166985256198352,,,
0.0,0.0,0.44168571082495167,,,
0.0,0.0,0.34235988232792813,,,
1.0,1.0,0.6770800765850489,,,
0.0,0.0,0.3390848882604112,,,
1.0,1.0,0.5783913587187559,,,
1.0,0.0,0.46589556440804314,,,
0.0,0.0,0.4548635459779936,,,
1.0,1.0,0.8284718340581787,,,
0.0,1.0,0.5225392371851798,,,
0.0,0.0,0.3462747214786632,,,
0.0,0.0,0.42383169286991373,,,
1.0,0.0,0.4839398783164185,,,
0.0,0.0,0.427003413840861,,,
0.0,0.0,0.3681724806403177,,,
0.0,0.0,0.45427593540285405,,,
0.0,1.0,0.5103270141882893,,,
1.0,1.0,0.663536090173784,,,
0.0,1.0,0.5664316909970131,,,
0.0,0.0,0.367272735486458,,,
0.0,0.0,0.385229831802149,,,
1.0,1.0,0.5025046650063584,,,
1.0,1.0,0.6391829990207947,,,
1.0,0.0,0.4228932341330044,,,
1.0,0.0,0.4866681750155976,,,
1.0,0.0,0.4930885993701064,,,
1.0,0.0,0.4644765843445133,,,
0.0,1.0,0.5469891959035609,,,
1.0,1.0,0.6166135630624717,,,
1.0,1.0,0.6115157448470725,,,
1.0,1.0,0.5109725283583237,,,
1.0,0.0,0.4916136814520643,,,
1.0,0.0,0.4146898596313014,,,
0.0,0.0,0.33545088523984795,,,
1.0,0.0,0.36084787682561165,,,
0.0,0.0,0.36479821177149374,,,
0.0,0.0,0.4088093071361534,,,
1.0,0.0,0.3364624805210918,,,
1.0,0.0,0.4980922468177964,,,
1.0,1.0,0.6616580808202531,,,
0.0,0.0,0.3972136071249048,,,
1.0,1.0,0.6758627134085257,,,
1.0,1.0,0.856335275437041,,,
1.0,1.0,0.6597402583451606,,,
1.0,1.0,0.5259815173531394,,,
1.0,0.0,0.4441448138990035,,,
1.0,0.0,0.43350941999606823,,,
1.0,0.0,0.4892313840581262,,,
0.0,0.0,0.37348849020390845,,,
0.0,0.0,0.4509155182448722,,,
0.0,0.0,0.4637080971916656,,,
0.0,1.0,0.5250709078837641,,,
1.0,0.0,0.4956520693517657,,,
1.0,1.0,0.6491861645428847,,,
1.0,0.0,0.48860433712006635,,,
0.0,0.0,0.39900057593648197,,,
1.0,1.0,0.5951440574160721,,,
1.0,0.0,0.4962254668091628,,,
1.0,1.0,0.6041221293994677,,,
1.0,0.0,0.4421013645768842,,,
1.0,0.0,0.39252438634785647,,,
0.0,1.0,0.5194252813655283,,,
0.0,0.0,0.44313158737896297,,,
0.0,0.0,0.4385110073678252,,,
1.0,0.0,0.40120686859384785,,,
0.0,0.0,0.38046633006768366,,,
1.0,1.0,0.5401881712256678,,,
0.0,0.0,0.4004636447266152,,,
1.0,1.0,0.7130466548260667,,,
0.0,0.0,0.4068790619358654,,,
0.0,0.0,0.43640903740586867,,,
0.0,0.0,0.44486843150196675,,,
1.0,1.0,0.8251477338930907,,,
1.0,0.0,0.3727178421997083,,,
0.0,0.0,0.4395044103548418,,,
1.0,0.0,0.47841012393141225,,,
0.0,0.0,0.3441930280873926,,,
0.0,0.0,0.31199173906793254,,,
1.0,1.0,0.6593317382386595,,,
0.0,0.0,0.3823769696287425,,,
0.0,0.0,0.4847296246512962,,,
0.0,0.0,0.3839739386407148,,,
0.0,0.0,0.4027866080991685,,,
0.0,0.0,0.38292634987671564,,,
0.0,0.0,0.45731500633062533,,,
1.0,1.0,0.6426800722769438,,,
0.0,0.0,0.3423646492818898,,,
1.0,0.0,0.43405291572519417,,,
1.0,0.0,0.3113373734567053,,,
1.0,0.0,0.48973095602458067,,,
0.0,0.0,0.37995691663554887,,,
1.0,0.0,0.4231033069077304,,,
0.0,0.0,0.2809510014588172,,,
1.0,1.0,0.5073978455854903,,,
0.0,1.0,0.5391575857836769,,,
0.0,0.0,0.43520464792344593,,,
0.0,0.0,0.33076769860658223,,,
0.0,0.0,0.4502416530543475,,,
1.0,0.0,0.37479448653892455,,,
1.0,0.0,0.4838150747327126,,,
0.0,0.0,0.41216074545713144,,,
0.0,0.0,0.3678752148627023,,,
1.0,1.0,0.5524719436149637,,,
0.0,0.0,0.39956819586177333,,,
1.0,0.0,0.4273722454242955,,,
0.0,1.0,0.5209346437547236,,,
1.0,1.0,0.5542449571599078,,,
0.0,0.0,0.42827070553476415,,,
1.0,1.0,0.6559281908955344,,,
1.0,1.0,0.5471399301637154,,,
0.0,0.0,0.4739572585464966,,,
0.0,0.0,0.4967745685163518,,,
1.0,0.0,0.47388571875965146,,,
1.0,1.0,0.5700058993247324,,,
1.0,1.0,0.6538688422728184,,,
1.0,1.0,0.5106293764525568,,,
0.0,0.0,0.36277375192143146,,,
0.0,0.0,0.4203982358474384,,,
0.0,0.0,0.32587979146348345,,,
1.0,0.0,0.4590771756043659,,,
0.0,0.0,0.46445850080466444,,,
1.0,0.0,0.4951111299793744,,,
0.0,0.0,0.3877272945307319,,,
0.0,0.0,0.3467354983744987,,,
1.0,1.0,0.7683179707534903,,,
1.0,1.0,0.552479659130238,,,
1.0,0.0,0.4369523400422273,,,
0.0,0.0,0.3586330674328712,,,
1.0,1.0,0.5179084932158634,,,
1.0,1.0,0.6760066920889218,,,
0.0,1.0,0.505189512428244,,,
0.0,0.0,0.43882576478420326,,,
0.0,0.0,0.40782640516353774,,,
1.0,1.0,0.535770604277733,,,
0.0,0.0,0.43642957747347155,,,
0.0,0.0,0.4226686286255277,,,
1.0,1.0,0.6202356736566788,,,
1.0,0.0,0.4480475867505266,,,
0.0,1.0,0.5054977706595132,,,
1.0,1.0,0.5024312780726462,,,
0.0,0.0,0.3968384421553577,,,
0.0,0.0,0.39829555373044134,,,
1.0,1.0,0.7120898739993113,,,
0.0,0.0,0.46172089536967453,,,
0.0,0.0,0.4664839074493953,,,
0.0,0.0,0.32050397602930325,,,
0.0,0.0,0.3575161015320745,,,
1.0,1.0,0.651476867956583,,,
0.0,0.0,0.39861864833111654,,,
0.0,0.0,0.3728827733252031,,,
0.0,0.0,0.40818859956921927,,,
0.0,0.0,0.38220194773646915,,,
1.0,0.0,0.37800140645717806,,,
1.0,0.0,0.4453009038079706,,,
0.0,0.0,0.43040547161829834,,,
0.0,1.0,0.6278765423732451,,,
0.0,0.0,0.4695481951705891,,,
1.0,1.0,0.6803008851799034,,,
1.0,0.0,0.4588689960100761,,,
0.0,0.0,0.41106252292472784,,,
1.0,1.0,0.5146639475026568,,,
0.0,0.0,0.40725864758617264,,,
1.0,1.0,0.5597621071648218,,,
1.0,1.0,0.5192914117484116,,,
1.0,0.0,0.37585945369005835,,,
0.0,0.0,0.44566794267403587,,,
0.0,0.0,0.4803088782853653,,,
0.0,0.0,0.396795437223633,,,
1.0,1.0,0.5722289000208702,,,
1.0,0.0,0.4958476880236342,,,
0.0,0.0,0.3781421508975693,,,
0.0,0.0,0.41107265196875853,,,
0.0,0.0,0.368418633075876,,,
1.0,1.0,0.5500901356151711,,,
0.0,0.0,0.4008219750030609,,,
1.0,1.0,0.5624619461701912,,,
1.0,0.0,0.4171596362998598,,,
1.0,1.0,0.6805658510554489,,,
1.0,0.0,0.4310682908199139,,,
0.0,0.0,0.33473703969089175,,,
1.0,0.0,0.49504528603516007,,,
1.0,1.0,0.829172500289048,,,
0.0,0.0,0.3867930074220224,,,
0.0,0.0,0.35944940640872214,,,
1.0,0.0,0.49930017937630905,,,
0.0,0.0,0.357493175869629,,,
0.0,0.0,0.49130355725484876,,,
1.0,1.0,0.5009540766236504,,,
0.0,0.0,0.3478358045459099,,,
0.0,0.0,0.38559601711155655,,,
1.0,0.0,0.462387732192366,,,
1.0,0.0,0.49598140254680084,,,
1.0,1.0,0.5361392722788947,,,
1.0,0.0,0.39329569722439744,,,
1.0,0.0,0.4386250532739224,,,
0.0,0.0,0.40999607317010345,,,
0.0,0.0,0.42124955060199376,,,
0.0,0.0,0.47628461994002225,,,
1.0,1.0,0.6291768276112596,,,
0.0,0.0,0.38112300547792516,,,
1.0,1.0,0.6307035793746256,,,
1.0,1.0,0.5417900245098874,,,
0.0,0.0,0.393857940879725,,,
1.0,1.0,0.6530599499083979,,,
1.0,1.0,0.6855670934774836,,,
0.0,1.0,0.5971564629695222,,,
0.0,0.0,0.39884619768144314,,,
1.0,1.0,0.6280047953319703,,,
0.0,0.0,0.48767668392235064,,,
0.0,0.0,0.3783059760899007,,,
1.0,1.0,0.6287337447127055,,,
1.0,1.0,0.8429855363906892,,,
1.0,1.0,0.6417266278287443,,,
1.0,1.0,0.7573745105947073,,,
0.0,0.0,0.3246396443352135,,,
1.0,0.0,0.42785650729320746,,,
1.0,0.0,0.42868271755592313,,,
1.0,1.0,0.5462948384431879,,,
1.0,0.0,0.4856283425128482,,,
0.0,0.0,0.40138779538458275,,,
0.0,0.0,0.44030622473768544,,,
0.0,1.0,0.5072410915121639,,,
1.0,0.0,0.396651366645113,,,
0.0,0.0,0.4316371346186316,,,
0.0,0.0,0.38238426586223184,,,
0.0,0.0,0.3563027050588697,,,
1.0,1.0,0.6144334695397631,,,
1.0,1.0,0.5760356851787813,,,
1.0,0.0,0.4716184551845173,,,
1.0,1.0,0.5346916884787949,,,
0.0,0.0,0.33445405959493313,,,
1.0,0.0,0.3550286951819766,,,
0.0,0.0,0.40348869881086247,,,
1.0,0.0,0.3775236108789619,,,
1.0,1.0,0.5546489377866115,,,
1.0,1.0,0.6970954571105332,,,
1.0,1.0,0.5793745979472487,,,
1.0,1.0,0.5405389261180751,,,
0.0,1.0,0.5413709593326169,,,
0.0,0.0,0.43102681288898514,,,
0.0,0.0,0.38466859067611503,,,
1.0,0.0,0.3866041002434046,,,
1.0,1.0,0.7938828617355892,,,
1.0,0.0,0.4600492221640802,,,
1.0,1.0,0.7622491441928486,,,
1.0,0.0,0.43910723226297593,,,
1.0,1.0,0.6060581528372931,,,
0.0,0.0,0.31751623774780713,,,
0.0,0.0,0.37854975447273054,,,
0.0,0.0,0.4096364094642066,,,
0.0,0.0,0.3518671081888116,,,
0.0,0.0,0.4347886427555379,,,
1.0,1.0,0.5309626766940919,,,
1.0,1.0,0.6314754402594087,,,
0.0,0.0,0.39153434578200746,,,
1.0,0.0,0.4775843264283888,,,
1.0,1.0,0.5894809223382164,,,
0.0,0.0,0.35250598249162457,,,
1.0,0.0,0.45498806972473027,,,
1.0,0.0,0.498944639445529,,,
0.0,0.0,0.3825549156808758,,,
0.0,0.0,0.39429485250287294,,,
0.0,0.0,0.42364040289265753,,,
0.0,0.0,0.40118304326410814,,,
1.0,1.0,0.6635371245329266,,,
0.0,0.0,0.2643359858039379,,,
1.0,0.0,0.3740989872496126,,,
0.0,0.0,0.42920995446058113,,,
1.0,1.0,0.7079038975578649,,,
1.0,0.0,0.3936779167259212,,,
1.0,0.0,0.49143521746338215,,,
1.0,1.0,0.619096596219688,,,
1.0,1.0,0.5489404734403829,,,
0.0,0.0,0.42565520598993034,,,
1.0,0.0,0.41921793367421756,,,
1.0,1.0,0.5738927534039554,,,
1.0,0.0,0.49516297692226535,,,
0.0,0.0,0.42466003247066164,,,
0.0,0.0,0.4657875094777528,,,
1.0,1.0,0.6398239613492812,,,
0.0,0.0,0.4104394442099494,,,
1.0,0.0,0.42077955191221844,,,
0.0,0.0,0.41200620190789894,,,
1.0,1.0,0.8662966330474586,,,
1.0,0.0,0.47285835064872545,,,
0.0,0.0,0.3810584503310696,,,
1.0,0.0,0.478357992412351,,,
0.0,0.0,0.39870401099861896,,,
1.0,1.0,0.526819608288986,,,
1.0,1.0,0.6597965079816089,,,
1.0,1.0,0.5773033698945382,,,
1.0,1.0,0.7534894203906294,,,
0.0,0.0,0.29213761244970327,,,
1.0,1.0,0.6187992364237558,,,
0.0,0.0,0.20774733006956458,,,
0.0,0.0,0.408835440193869,,,
0.0,0.0,0.3948552149198823,,,
0.0,0.0,0.33513707948391913,,,
1.0,1.0,0.5788337983599046,,,
1.0,1.0,0.8206064915158399,,,
1.0,1.0,0.5451252680504671,,,
0.0,0.0,0.4685367809209764,,,
0.0,0.0,0.37636942073075197,,,
1.0,0.0,0.39072665965790404,,,
0.0,0.0,0.40520649549269167,,,
0.0,0.0,0.3435853383091185,,,
1.0,0.0,0.42983932362473,,,
0.0,0.0,0.4396575297276847,,,
0.0,0.0,0.39841500562852333,,,
1.0,0.0,0.4143300431241325,,,
0.0,0.0,0.3612522728220564,,,
1.0,1.0,0.7224926801098573,,,
0.0,0.0,0.39532608518314705,,,
0.0,1.0,0.5353512222959842,,,
0.0,0.0,0.37776149334518194,,,
0.0,0.0,0.39693901302755275,,,
1.0,1.0,0.6723825686278387,,,
1.0,1.0,0.7721874129713464,,,
0.0,0.0,0.3662598557500146,,,
0.0,0.0,0.47399494460064034,,,
1.0,1.0,0.5706760340591727,,,
1.0,0.0,0.49587230651580705,,,
1.0,1.0,0.5728524467558737,,,
0.0,0.0,0.49757990345561537,,,
1.0,0.0,0.49223474480797597,,,
0.0,0.0,0.3497819444563443,,,
1.0,0.0,0.4711527877734607,,,
0.0,0.0,0.4637174001304691,,,
1.0,1.0,0.6654226328054779,,,
1.0,1.0,0.5868846042515812,,,
1.0,0.0,0.47446833721355963,,,
1.0,1.0,0.7110426335059478,,,
1.0,0.0,0.45012617106716296,,,
0.0,0.0,0.47228929367368516,,,
0.0,0.0,0.4281720777491346,,,
1.0,1.0,0.5154580497114434,,,
1.0,1.0,0.5494301624733615,,,
0.0,0.0,0.37060890664861135,,,
1.0,0.0,0.44156489789962367,,,
1.0,1.0,0.7253107006316871,,,
0.0,0.0,0.4313031080911493,,,
0.0,0.0,0.3550978746666503,,,
1.0,0.0,0.48767668392235064,,,
0.0,0.0,0.4633440374350068,,,
0.0,0.0,0.33883314260412134,,,
1.0,1.0,0.5952920853185105,,,
1.0,1.0,0.7113996548044735,,,
1.0,1.0,0.5117896232459814,,,
0.0,0.0,0.4154381646386821,,,
1.0,1.0,0.5458513221792338,,,
1.0,1.0,0.5310762227365619,,,
1.0,1.0,0.654662177525379,,,
0.0,0.0,0.3822469789880497,,,
1.0,0.0,0.47612587860752353,,,
0.0,0.0,0.3901454945390324,,,
1.0,1.0,0.7102412031128215,,,
0.0,0.0,0.35698888986380545,,,
1.0,1.0,0.6229959137057823,,,
0.0,0.0,0.4883987781961709,,,
1.0,0.0,0.4382377602688648,,,
0.0,0.0,0.33308794396983843,,,
0.0,0.0,0.44950460660612607,,,
1.0,0.0,0.4430512478435418,,,
0.0,1.0,0.6607069648392115,,,
1.0,1.0,0.6419009645941874,,,
1.0,0.0,0.43280393576145093,,,
1.0,1.0,0.5552720081868341,,,
1.0,0.0,0.45609190078524814,,,
0.0,0.0,0.35661964697195486,,,
1.0,1.0,0.7034519117136159,,,
0.0,0.0,0.46928731336479773,,,
1.0,1.0,0.5841803235981483,,,
0.0,0.0,0.4873621462713728,,,
0.0,0.0,0.451021246328986,,,
1.0,0.0,0.4481924308233761,,,
1.0,1.0,0.8395283415750204,,,
0.0,0.0,0.3877153044239476,,,
1.0,1.0,0.5204180884241876,,,
1.0,0.0,0.3696480574528186,,,
0.0,0.0,0.41679398613641594,,,
0.0,0.0,0.3744159037553707,,,
1.0,0.0,0.3962855213254115,,,
1.0,0.0,0.4742105460602287,,,
0.0,0.0,0.43799211588345677,,,
1.0,0.0,0.4900408378743309,,,
1.0,0.0,0.4993661795994641,,,
0.0,0.0,0.37922901979335044,,,
1.0,1.0,0.5534580243608829,,,
1.0,1.0,0.7325223701680811,,,
0.0,0.0,0.3378057249010592,,,
1.0,1.0,0.5765012530018769,,,
1.0,0.0,0.4011566808160669,,,
1.0,1.0,0.5704561218743099,,,
0.0,0.0,0.4294084344348291,,,
1.0,1.0,0.6251315580240169,,,
1.0,1.0,0.7150756658564157,,,
1.0,0.0,0.4718227301372797,,,
0.0,0.0,0.3423922779019082,,,
0.0,0.0,0.4234471513112588,,,
1.0,0.0,0.38636956274008666,,,
0.0,0.0,0.48904954708253967,,,
0.0,0.0,0.35554235023698744,,,
0.0,0.0,0.3876686985074332,,,
1.0,0.0,0.4676254068190611,,,
0.0,1.0,0.5400249371535215,,,
0.0,0.0,0.3895922987801679,,,
0.0,0.0,0.44256091185967456,,,
1.0,1.0,0.8058816965601536,,,
1.0,1.0,0.5337315750503049,,,
1.0,0.0,0.4178739429875613,,,
1.0,1.0,0.5969076633721389,,,
0.0,0.0,0.3225202861499665,,,
0.0,0.0,0.37322807071703534,,,
0.0,0.0,0.36310382808766706,,,
0.0,1.0,0.5359011307094504,,,
0.0,0.0,0.37486015623836616,,,
0.0,0.0,0.38426485049438996,,,
0.0,0.0,0.4741584385416358,,,
1.0,1.0,0.7885239401494044,,,
0.0,0.0,0.3986454441484272,,,
1.0,1.0,0.7218773675701445,,,
1.0,1.0,0.5209737726779751,,,
1.0,1.0,0.5263771977702353,,,
0.0,0.0,0.43893070241127274,,,
0.0,0.0,0.35987118638365617,,,
1.0,1.0,0.796120747817841,,,
0.0,1.0,0.5016000403401087,,,
1.0,1.0,0.7227225046935339,,,
0.0,0.0,0.3974711502932913,,,
1.0,1.0,0.6818562675241602,,,
1.0,1.0,0.5132042887255277,,,
0.0,0.0,0.3694202491026932,,,
1.0,0.0,0.4906352027367082,,,
1.0,1.0,0.5129579673043931,,,
0.0,1.0,0.5426615584274324,,,
0.0,0.0,0.40828637504703846,,,
0.0,0.0,0.33941408391661576,,,
1.0,0.0,0.441105743228021,,,
0.0,0.0,0.3463336282670848,,,
0.0,0.0,0.3531874008779144,,,
0.0,0.0,0.4112812762786205,,,
0.0,0.0,0.41237159855548383,,,
0.0,0.0,0.40882294320959395,,,
1.0,1.0,0.5565268694822164,,,
1.0,0.0,0.4465768025218566,,,
0.0,0.0,0.3925282544204976,,,
0.0,0.0,0.35843282537421983,,,
1.0,0.0,0.44007149108018045,,,
0.0,0.0,0.3987401430341215,,,
0.0,0.0,0.49887962702615807,,,
0.0,0.0,0.4215065684883828,,,
0.0,0.0,0.20774733006956458,,,
1.0,1.0,0.6609653543175569,,,
1.0,0.0,0.4249659738597352,,,
0.0,0.0,0.3722631362546061,,,
0.0,0.0,0.38706608256534514,,,
1.0,1.0,0.7275308660614523,,,
1.0,0.0,0.43546424742757084,,,
0.0,0.0,0.38089902196871334,,,
0.0,0.0,0.4654368543757172,,,
1.0,0.0,0.4933771530758093,,,
0.0,0.0,0.43290383417206146,,,
0.0,0.0,0.40097325403988726,,,
0.0,0.0,0.4879252413666949,,,
1.0,1.0,0.652428557747397,,,
1.0,1.0,0.5605954748457954,,,
1.0,1.0,0.5014413222391372,,,
1.0,0.0,0.4505994041734439,,,
1.0,0.0,0.4196649582198765,,,
1.0,0.0,0.4293554714449562,,,
0.0,0.0,0.3670615399352738,,,
0.0,0.0,0.36304939584759294,,,
0.0,0.0,0.44420935860530436,,,
1.0,1.0,0.5477436227288295,,,
0.0,0.0,0.44828417569663803,,,
0.0,0.0,0.3949542606600076,,,
0.0,0.0,0.3713465333842272,,,
0.0,0.0,0.45719903599094036,,,
1.0,1.0,0.5129834472343585,,,
1.0,1.0,0.7407218423140327,,,
0.0,0.0,0.3381418612576244,,,
1.0,1.0,0.7310566125520382,,,
0.0,0.0,0.40664585236648576,,,
0.0,0.0,0.4070355697006298,,,
1.0,1.0,0.6236928577706924,,,
1.0,0.0,0.38042440416281587,,,
0.0,0.0,0.39329569722439744,,,
1.0,0.0,0.4351954648706421,,,
0.0,0.0,0.4896705854879501,,,
0.0,0.0,0.43616847817554827,,,
1.0,1.0,0.5179395293840625,,,
0.0,0.0,0.4332037706705076,,,
0.0,0.0,0.3786650283204242,,,
0.0,0.0,0.3400500849068445,,,
1.0,1.0,0.625185731615685,,,
0.0,0.0,0.43763177278183585,,,
0.0,1.0,0.6136446620077683,,,
0.0,0.0,0.42575213655726896,,,
0.0,0.0,0.37404154802749084,,,
1.0,1.0,0.6896310117809109,,,
0.0,0.0,0.43502027355998407,,,
0.0,0.0,0.40005290374500485,,,
0.0,0.0,0.4342072793366484,,,
1.0,1.0,0.5994452347523582,,,
0.0,0.0,0.34450525986584063,,,
0.0,0.0,0.39183560775142084,,,
0.0,0.0,0.4412247910718872,,,
1.0,1.0,0.6295109606613558,,,
0.0,0.0,0.40395783534370655,,,
1.0,1.0,0.6960503426469711,,,
1.0,1.0,0.5013965524283474,,,
0.0,0.0,0.4131900513594259,,,
0.0,0.0,0.40325085690779416,,,
0.0,0.0,0.38412061960871463,,,
0.0,0.0,0.36978348749082746,,,
1.0,1.0,0.5199094633508293,,,
0.0,0.0,0.3748068809488428,,,
0.0,0.0,0.49249229213114376,,,
0.0,1.0,0.5048686257815524,,,
1.0,0.0,0.4042456031726472,,,
1.0,1.0,0.6451154752325945,,,
0.0,1.0,0.6517619601749601,,,
1.0,1.0,0.5345807318532164,,,
1.0,0.0,0.4744896881052468,,,
1.0,1.0,0.551765904429218,,,
0.0,1.0,0.5609533415593887,,,
0.0,1.0,0.502877106255491,,,
0.0,0.0,0.4581787846108156,,,
0.0,0.0,0.4147301285435575,,,
0.0,0.0,0.3781398410076957,,,
1.0,1.0,0.5495577451791782,,,
0.0,0.0,0.37950387301065214,,,
0.0,0.0,0.3822620786417965,,,
0.0,0.0,0.3797053159723767,,,
1.0,1.0,0.5529883441889407,,,
1.0,1.0,0.7258004814542605,,,
1.0,1.0,0.6058491484444275,,,
1.0,1.0,0.570331769763014,,,
1.0,0.0,0.40852125503930686,,,
0.0,1.0,0.6114446829140961,,,
1.0,1.0,0.5451865305601554,,,
1.0,1.0,0.5457329907307901,,,
0.0,1.0,0.5494861267957079,,,
0.0,0.0,0.44003496193449293,,,
0.0,0.0,0.41644828638648224,,,
0.0,0.0,0.42768479627938616,,,
0.0,0.0,0.3605188694870262,,,
0.0,0.0,0.4951918804863946,,,
0.0,0.0,0.38970995999086094,,,
0.0,0.0,0.38752914310920106,,,
1.0,1.0,0.6767119384837048,,,
0.0,1.0,0.5095969131734389,,,
1.0,0.0,0.4777955695518795,,,
1.0,0.0,0.46531836934074966,,,
0.0,0.0,0.45487125407736506,,,
0.0,0.0,0.3769959152391777,,,
1.0,1.0,0.6153525512024687,,,
0.0,0.0,0.41004930208945567,,,
0.0,0.0,0.4120434242367728,,,
0.0,0.0,0.3561692427302689,,,
0.0,0.0,0.3975102990921986,,,
0.0,0.0,0.4296523058224351,,,
0.0,0.0,0.4064105863841116,,,
1.0,1.0,0.6559491084792319,,,
0.0,1.0,0.5006684066477705,,,
1.0,0.0,0.4728476707582233,,,
1.0,0.0,0.45657865000491915,,,
0.0,0.0,0.367049021043975,,,
0.0,0.0,0.27805276163932946,,,
0.0,1.0,0.5370953558988253,,,
1.0,0.0,0.427003413840861,,,
0.0,0.0,0.3326703500694944,,,
1.0,1.0,0.7503216461004706,,,
1.0,1.0,0.5186177658222533,,,
1.0,0.0,0.4494396431686718,,,
1.0,0.0,0.4790724697863451,,,
0.0,1.0,0.5317378185399234,,,
0.0,0.0,0.3337854175324095,,,
1.0,1.0,0.5578669145157789,,,
1.0,1.0,0.6835480735046993,,,
0.0,0.0,0.39020769701574987,,,
1.0,0.0,0.4940485434027154,,,
1.0,0.0,0.44210965868399454,,,
1.0,0.0,0.4669767177500409,,,
0.0,0.0,0.39551536898318945,,,
0.0,0.0,0.4315842508964734,,,
0.0,0.0,0.4218783651306773,,,
1.0,1.0,0.6152334910397547,,,
0.0,0.0,0.3432177157712079,,,
0.0,0.0,0.39877184524677284,,,
1.0,1.0,0.5997170171490068,,,
1.0,1.0,0.510211695097874,,,
0.0,0.0,0.3636405060657465,,,
1.0,1.0,0.8261256753761255,,,
1.0,1.0,0.8212676570567037,,,
1.0,1.0,0.5877087220231778,,,
0.0,0.0,0.35574693948677455,,,
0.0,0.0,0.35839143939819756,,,
0.0,0.0,0.4438509464831508,,,
0.0,0.0,0.2957677147783196,,,
0.0,0.0,0.2967937818739132,,,
1.0,0.0,0.49606253499179376,,,
1.0,1.0,0.6604506341589133,,,
0.0,0.0,0.4704395885325461,,,
0.0,0.0,0.3312825216969649,,,
0.0,0.0,0.3470577306088374,,,
1.0,1.0,0.7455086116461973,,,
0.0,0.0,0.3538171151288088,,,
1.0,0.0,0.4789261146255022,,,
1.0,1.0,0.5685168710589144,,,
1.0,0.0,0.37846598793473624,,,
0.0,1.0,0.5483188448891652,,,
0.0,0.0,0.4073083712415508,,,
0.0,0.0,0.40047122608405367,,,
1.0,1.0,0.6226592128578157,,,
1.0,0.0,0.38627587691988263,,,
1.0,1.0,0.8558812844535748,,,
1.0,1.0,0.5011319704688595,,,
0.0,1.0,0.5044748786039885,,,
0.0,0.0,0.38554325050592986,,,
0.0,0.0,0.4468451537688203,,,
0.0,0.0,0.42005692993503324,,,
0.0,0.0,0.39461069271189414,,,
1.0,0.0,0.38733006861718455,,,
1.0,1.0,0.6814266538220154,,,
0.0,0.0,0.47664438627020567,,,
0.0,0.0,0.3398932281018109,,,
1.0,1.0,0.5641651365736254,,,
1.0,1.0,0.6205069615075728,,,
1.0,1.0,0.6288994758019115,,,
0.0,1.0,0.5238380260198905,,,
0.0,0.0,0.48819879437579744,,,
0.0,0.0,0.4836539158928123,,,
1.0,1.0,0.642215413906075,,,
0.0,0.0,0.43367486215362383,,,
0.0,0.0,0.4604198679826321,,,
0.0,0.0,0.4862012407784386,,,
1.0,1.0,0.7307641998480291,,,
1.0,1.0,0.8175551133213945,,,
1.0,1.0,0.5503158246056619,,,
0.0,0.0,0.44713438010126444,,,
1.0,0.0,0.4754539901170653,,,
0.0,0.0,0.4209059803022893,,,
0.0,0.0,0.3680971192498606,,,
1.0,0.0,0.43913326517778273,,,
1.0,1.0,0.5854225123238357,,,
1.0,0.0,0.424809832920122,,,
0.0,0.0,0.4334255910761127,,,
1.0,1.0,0.8145541918513959,,,
0.0,0.0,0.3828211090716347,,,
1.0,0.0,0.48173508670447823,,,
0.0,0.0,0.3363391504772219,,,
0.0,0.0,0.39944691518752123,,,
0.0,0.0,0.392182391664437,,,
0.0,0.0,0.3679243617881899,,,
0.0,0.0,0.4142863753927004,,,
1.0,0.0,0.4902502789652269,,,
1.0,0.0,0.4296311854620665,,,
1.0,1.0,0.647623294754052,,,
0.0,0.0,0.4430861778233024,,,
0.0,0.0,0.43965814494644934,,,
0.0,0.0,0.45862842176833213,,,
1.0,0.0,0.40353609339078667,,,
0.0,0.0,0.3826598441746977,,,
1.0,1.0,0.796170882601688,,,
1.0,0.0,0.4207832919767116,,,
0.0,0.0,0.46038058345098287,,,
0.0,0.0,0.31481514783404946,,,
0.0,0.0,0.45269590313154295,,,
0.0,0.0,0.47819460559902277,,,
1.0,1.0,0.5323291962493392,,,
0.0,0.0,0.4834749662784626,,,
0.0,0.0,0.35813849657275076,,,
0.0,0.0,0.3824520892825,,,
0.0,0.0,0.4070068422022413,,,
0.0,1.0,0.658059485821767,,,
1.0,0.0,0.3708710856984069,,,
0.0,0.0,0.4613569254496752,,,
1.0,1.0,0.5480490424027118,,,
0.0,0.0,0.43126785420811636,,,
0.0,1.0,0.5067106745760613,,,
1.0,1.0,0.567012039819259,,,
1.0,1.0,0.7147865974202793,,,
0.0,0.0,0.41679514607374885,,,
0.0,0.0,0.43394381916348373,,,
0.0,0.0,0.3502599875761851,,,
0.0,0.0,0.3305504409135378,,,
0.0,0.0,0.4138810229715542,,,
1.0,0.0,0.49699175039655147,,,
1.0,1.0,0.5431301617662162,,,
0.0,0.0,0.4067800967937376,,,
1.0,1.0,0.6441126334615823,,,
0.0,0.0,0.379977144419233,,,
0.0,0.0,0.3577858173842337,,,
0.0,0.0,0.4883602231724978,,,
1.0,0.0,0.39517514508979973,,,
0.0,0.0,0.4293943417475355,,,
0.0,0.0,0.45452839652582144,,,
1.0,1.0,0.5241997023236131,,,
1.0,0.0,0.4199239022896037,,,
1.0,1.0,0.789613885953293,,,
0.0,0.0,0.4397693180906906,,,
0.0,0.0,0.34517931957635556,,,
0.0,0.0,0.47891385776109635,,,
0.0,0.0,0.45180640505035086,,,
0.0,0.0,0.4464332535370281,,,
0.0,0.0,0.4009623474250114,,,
1.0,1.0,0.7765791001130234,,,
0.0,0.0,0.4684288299528205,,,
1.0,1.0,0.5738927534039554,,,
1.0,0.0,0.4804967279329926,,,
1.0,0.0,0.46454351770960456,,,
1.0,0.0,0.4862853040580846,,,
0.0,0.0,0.3778402988055442,,,
0.0,0.0,0.39380611772827606,,,
0.0,0.0,0.3939040022157978,,,
0.0,0.0,0.34035416258788487,,,
0.0,1.0,0.506639290947906,,,
1.0,1.0,0.6062281767604469,,,
1.0,0.0,0.4318249766976656,,,
1.0,0.0,0.4547466064409338,,,
0.0,0.0,0.3523484249483361,,,
0.0,0.0,0.4706695524689848,,,
1.0,1.0,0.6225868480174491,,,
1.0,1.0,0.5409874008255197,,,
1.0,1.0,0.728227640727299,,,
0.0,0.0,0.47541089361842154,,,
1.0,1.0,0.7603045011247538,,,
0.0,1.0,0.6268313587872643,,,
1.0,0.0,0.47670392410698376,,,
0.0,0.0,0.3134656144504675,,,
1.0,1.0,0.6515181407459371,,,
0.0,0.0,0.3628973190124124,,,
1.0,0.0,0.4258034400191926,,,
0.0,0.0,0.34821997887086825,,,
1.0,1.0,0.52921856747394,,,
1.0,0.0,0.43478259565763655,,,
0.0,0.0,0.3622926241683077,,,
1.0,1.0,0.5009631992333035,,,
0.0,0.0,0.40114630966618714,,,
1.0,1.0,0.5664243185736091,,,
0.0,0.0,0.40825762765298035,,,
0.0,0.0,0.36411098471341014,,,
1.0,0.0,0.4851947680903732,,,
1.0,0.0,0.46583871276988087,,,
1.0,1.0,0.571141935851427,,,
0.0,0.0,0.40806979118027714,,,
1.0,0.0,0.4316935637299632,,,
0.0,0.0,0.305861459815568,,,
0.0,0.0,0.47522327666157804,,,
0.0,0.0,0.37874126754196114,,,
1.0,1.0,0.5062176913748516,,,
0.0,0.0,0.39090821655663077,,,
1.0,0.0,0.4589414918993095,,,
0.0,0.0,0.4740443919870109,,,
0.0,0.0,0.20774733006956458,,,
1.0,1.0,0.7218597930551742,,,
0.0,0.0,0.3518671081888116,,,
0.0,0.0,0.3423475991479829,,,
1.0,0.0,0.4695224010491296,,,
0.0,0.0,0.4571113327117603,,,
1.0,1.0,0.727242389057273,,,
0.0,0.0,0.3875631684319258,,,
1.0,1.0,0.5163011897807219,,,
0.0,0.0,0.4677378300762347,,,
0.0,0.0,0.3933947646179135,,,
1.0,1.0,0.5564071111547018,,,
0.0,0.0,0.41074203151111727,,,
0.0,0.0,0.334627351464814,,,
0.0,0.0,0.46083351839607695,,,
1.0,0.0,0.47092789640422433,,,
1.0,1.0,0.7933659613408607,,,
1.0,0.0,0.32994983844005044,,,
0.0,0.0,0.4625346354045923,,,
1.0,1.0,0.782178670369472,,,
0.0,0.0,0.34449365750352273,,,
0.0,1.0,0.5004466517596188,,,
0.0,1.0,0.5738927534039554,,,
0.0,0.0,0.4602106754529956,,,
0.0,0.0,0.39289389661764523,,,
1.0,0.0,0.496613151567563,,,
1.0,1.0,0.606363717020867,,,
0.0,0.0,0.4373960122984934,,,
0.0,0.0,0.40403748998981087,,,
0.0,0.0,0.3952765972253729,,,
1.0,1.0,0.6819242555207314,,,
1.0,1.0,0.5907282430020107,,,
0.0,0.0,0.46519183370251527,,,
1.0,1.0,0.582891861881998,,,
1.0,1.0,0.7895184400184657,,,
0.0,0.0,0.3917904250478213,,,
0.0,0.0,0.4434072074128158,,,
1.0,0.0,0.44393407831099735,,,
0.0,0.0,0.4278080987318967,,,
0.0,0.0,0.36184044517067193,,,
1.0,1.0,0.5020761382540172,,,
1.0,0.0,0.4063029864276849,,,
1.0,1.0,0.5995689114843874,,,
1.0,0.0,0.4223990916164211,,,
1.0,0.0,0.4063719941014324,,,
1.0,1.0,0.5287551230336199,,,
1.0,0.0,0.4652658754275082,,,
1.0,0.0,0.3923250997630283,,,
0.0,0.0,0.40734696946744064,,,
1.0,1.0,0.5711414646135526,,,
0.0,0.0,0.3844984711465861,,,
1.0,0.0,0.41988352698545744,,,
0.0,0.0,0.4748403621990229,,,
0.0,0.0,0.32845417405182625,,,
0.0,1.0,0.6219310322843096,,,
1.0,0.0,0.43476275708531725,,,
1.0,1.0,0.5993679342876772,,,
0.0,1.0,0.5063003652708342,,,
0.0,0.0,0.4773255233514178,,,
1.0,0.0,0.4705582362143092,,,
0.0,0.0,0.4479260627689914,,,
1.0,0.0,0.452383943619827,,,
0.0,0.0,0.41776938303920086,,,
0.0,0.0,0.3964872952677543,,,
0.0,1.0,0.525962963297614,,,
0.0,0.0,0.2633717383353252,,,
0.0,0.0,0.43819934457542176,,,
0.0,0.0,0.4968185836070898,,,
1.0,0.0,0.4944533094370282,,,
1.0,1.0,0.6722695942980468,,,
0.0,0.0,0.36748972316706197,,,
1.0,0.0,0.4442382678432841,,,
1.0,0.0,0.45138154659060625,,,
0.0,0.0,0.39318647195561196,,,
0.0,1.0,0.5133149757761777,,,
1.0,0.0,0.42765809446523156,,,
1.0,0.0,0.41211864642766727,,,
0.0,0.0,0.35962701001667846,,,
1.0,0.0,0.3886939428015392,,,
0.0,0.0,0.40139785471711215,,,
1.0,0.0,0.45539772245221705,,,
0.0,0.0,0.41320613011031443,,,
1.0,0.0,0.3664777411614684,,,
1.0,0.0,0.4689968597563739,,,
0.0,0.0,0.44310563733937763,,,
0.0,0.0,0.4956317328398015,,,
1.0,1.0,0.7008070473669805,,,
1.0,1.0,0.6665608407758649,,,
0.0,0.0,0.340057981739724,,,
1.0,1.0,0.7463994328776243,,,
1.0,1.0,0.5566429174791542,,,
1.0,1.0,0.6626869628543165,,,
1.0,1.0,0.5633901273939983,,,
1.0,1.0,0.6462899816531958,,,
0.0,0.0,0.4648501625206486,,,
0.0,0.0,0.4739018166996236,,,
1.0,0.0,0.4315803665089141,,,
0.0,0.0,0.31663223324316686,,,
0.0,0.0,0.4228917277272731,,,
1.0,1.0,0.7238682898320536,,,
0.0,0.0,0.3610998400831884,,,
1.0,1.0,0.5425359047561941,,,
0.0,0.0,0.33719174780992767,,,
0.0,1.0,0.5543317822887178,,,
0.0,0.0,0.368217559649,,,
1.0,1.0,0.6212167767006234,,,
0.0,0.0,0.370944871220375,,,
1.0,0.0,0.4576641171187878,,,
1.0,1.0,0.52378988212461,,,
0.0,0.0,0.4314983184924754,,,
1.0,1.0,0.5196660351262032,,,
1.0,1.0,0.5247482999992209,,,
0.0,0.0,0.3843982380137541,,,
1.0,1.0,0.5332989543467744,,,
1.0,0.0,0.46861920331532675,,,
0.0,0.0,0.4084892565153474,,,
1.0,1.0,0.6688576775906967,,,
0.0,0.0,0.4321491259280762,,,
1.0,1.0,0.569228333563893,,,
0.0,0.0,0.44340355178837143,,,
0.0,0.0,0.45985914990459903,,,
1.0,1.0,0.6400119480511295,,,
1.0,1.0,0.7616961524308479,,,
1.0,1.0,0.8074926897300272,,,
1.0,1.0,0.5444319331272587,,,
1.0,1.0,0.5174096646284884,,,
1.0,0.0,0.4079342820549098,,,
0.0,0.0,0.3759890307753193,,,
0.0,0.0,0.3779632260229422,,,
0.0,0.0,0.4662826412686243,,,
0.0,0.0,0.35698888986380545,,,
0.0,0.0,0.41853011994996314,,,
1.0,1.0,0.5810001170870865,,,
0.0,0.0,0.4187033771475924,,,
0.0,0.0,0.3141669102567109,,,
0.0,1.0,0.5149581854002442,,,
1.0,1.0,0.519117726639541,,,
1.0,1.0,0.6864054801211344,,,
1.0,1.0,0.6671420832233086,,,
1.0,1.0,0.5477514110845898,,,
0.0,0.0,0.4620083167912044,,,
1.0,0.0,0.46909119827921614,,,
0.0,0.0,0.39843020980912996,,,
0.0,0.0,0.4899940819571661,,,
1.0,1.0,0.5620951529896457,,,
0.0,0.0,0.3819794307120432,,,
1.0,0.0,0.44291894065246296,,,
1.0,0.0,0.48133098140588787,,,
0.0,0.0,0.4027636462612068,,,
1.0,0.0,0.4955243972214468,,,
1.0,1.0,0.5738098664592998,,,
1.0,0.0,0.43437928900583694,,,
1.0,1.0,0.829172500289048,,,
0.0,0.0,0.3688455451689388,,,
0.0,0.0,0.3656501399518964,,,
0.0,0.0,0.36777754553921005,,,
0.0,0.0,0.4821563567909447,,,
0.0,0.0,0.3703480436554405,,,
1.0,1.0,0.6895843968153516,,,
0.0,0.0,0.3546320845318365,,,
1.0,1.0,0.7685570793339324,,,
1.0,1.0,0.529982666194876,,,
1.0,1.0,0.6761356852971526,,,
1.0,1.0,0.5754713315357898,,,
0.0,0.0,0.3274446128950445,,,
1.0,0.0,0.4224483358086543,,,
0.0,0.0,0.3658693582664608,,,
0.0,0.0,0.38338843975607945,,,
0.0,0.0,0.42816978072550677,,,
0.0,0.0,0.41754737797958197,,,
0.0,0.0,0.3232889969558961,,,
1.0,0.0,0.4166014147582787,,,
1.0,1.0,0.5984014756300488,,,
0.0,0.0,0.4051786052189137,,,
1.0,1.0,0.7860683719072894,,,
0.0,0.0,0.415640425048272,,,
1.0,0.0,0.47713892094002863,,,
1.0,1.0,0.5315907816799873,,,
0.0,0.0,0.45537872696804904,,,
0.0,0.0,0.38025833804624815,,,
1.0,1.0,0.5435005989805299,,,
1.0,1.0,0.559736249904054,,,
0.0,1.0,0.5221361048296544,,,
1.0,1.0,0.505138050376322,,,
0.0,0.0,0.3905538827514141,,,
0.0,0.0,0.3977262918896383,,,
0.0,1.0,0.5067188506891315,,,
0.0,0.0,0.414207465206624,,,
1.0,1.0,0.5691022377481569,,,
0.0,0.0,0.382658679752157,,,
1.0,1.0,0.5886396051036127,,,
1.0,1.0,0.5748238447811842,,,
0.0,1.0,0.5007403950896869,,,
0.0,0.0,0.3582484727186094,,,
0.0,0.0,0.32426297617492705,,,
0.0,0.0,0.26581960157402057,,,
0.0,0.0,0.33986081485941577,,,
0.0,0.0,0.38265530892216004,,,
0.0,0.0,0.3424216331659761,,,
1.0,1.0,0.5912265644600394,,,
0.0,0.0,0.49282882510566184,,,
1.0,0.0,0.3759835347387501,,,
1.0,1.0,0.5576186848564694,,,
0.0,0.0,0.47854529697717774,,,
0.0,0.0,0.40142748995027505,,,
0.0,0.0,0.388867783886422,,,
0.0,0.0,0.4454641471314772,,,
1.0,0.0,0.3889197439163864,,,
1.0,0.0,0.49156930255329895,,,
1.0,1.0,0.7977273936839214,,,
0.0,0.0,0.44913998857622756,,,
0.0,0.0,0.4264469595665619,,,
0.0,0.0,0.45492744439810645,,,
1.0,1.0,0.62241427649643,,,
1.0,1.0,0.6234240246474784,,,
0.0,0.0,0.4537146629650539,,,
1.0,1.0,0.5321145451787749,,,
1.0,1.0,0.7600291689377228,,,
1.0,1.0,0.7675553851123682,,,
0.0,0.0,0.37067226959468036,,,
1.0,0.0,0.3650398116164022,,,
0.0,0.0,0.36125323599763576,,,
0.0,0.0,0.40545987148620244,,,
0.0,0.0,0.4457284095138968,,,
1.0,1.0,0.503098768372322,,,
0.0,1.0,0.6240837887665446,,,
1.0,1.0,0.556919785739796,,,
0.0,0.0,0.4597174095876224,,,
0.0,0.0,0.4070636844990483,,,
0.0,1.0,0.5797350632001389,,,
1.0,1.0,0.5119819348017002,,,
1.0,0.0,0.4555417811835421,,,
1.0,1.0,0.7276215514182518,,,
1.0,1.0,0.505304149896903,,,
1.0,0.0,0.397954584551707,,,
1.0,1.0,0.7260553351150223,,,
0.0,0.0,0.3956681244910446,,,
1.0,1.0,0.5845638464420427,,,
1.0,0.0,0.44292966511880766,,,
0.0,0.0,0.42327267408131036,,,
1.0,1.0,0.7500720256509783,,,
1.0,0.0,0.49868784078968703,,,
1.0,1.0,0.5386960672543324,,,
1.0,0.0,0.42816649097375575,,,
0.0,0.0,0.35839143939819756,,,
0.0,0.0,0.4599335264512092,,,
0.0,0.0,0.43489473918309995,,,
0.0,0.0,0.49636098565893616,,,
1.0,0.0,0.4668416275332362,,,
0.0,0.0,0.3957012643471732,,,
1.0,0.0,0.48774088281226374,,,
0.0,0.0,0.3856657343584693,,,
1.0,1.0,0.5399969472452328,,,
0.0,0.0,0.49688924411370033,,,
0.0,0.0,0.3737634602955526,,,
1.0,1.0,0.5468605543435865,,,
0.0,0.0,0.37319046067097905,,,
1.0,1.0,0.5581141821308337,,,
1.0,0.0,0.49252331915159053,,,
0.0,0.0,0.27781131946914817,,,
1.0,1.0,0.623440390960446,,,
0.0,0.0,0.39014644542902593,,,
0.0,0.0,0.43430158561231125,,,
1.0,0.0,0.3941860807907816,,,
0.0,1.0,0.5664197798464854,,,
1.0,1.0,0.5277633091437529,,,
1.0,1.0,0.7651820986573705,,,
0.0,0.0,0.4535238796345512,,,
0.0,0.0,0.3417863028675412,,,
1.0,1.0,0.5923844369591696,,,
1.0,0.0,0.4758829796133551,,,
0.0,0.0,0.4253441956248201,,,
0.0,0.0,0.40880456242284596,,,
0.0,0.0,0.3929722319421392,,,
0.0,0.0,0.4774338510459505,,,
0.0,0.0,0.3899781664300501,,,
0.0,0.0,0.4480503215049802,,,
0.0,0.0,0.4710692362665155,,,
0.0,0.0,0.41598995914478337,,,
1.0,0.0,0.38840039472206683,,,
0.0,0.0,0.3984023432200642,,,
0.0,0.0,0.2699608767287351,,,
0.0,0.0,0.39517514508979973,,,
1.0,0.0,0.43303685693153227,,,
1.0,1.0,0.5956884688210028,,,
1.0,1.0,0.6468344245776408,,,
0.0,0.0,0.4458992306867925,,,
0.0,0.0,0.38143527284174156,,,
1.0,1.0,0.5943109541173524,,,
1.0,0.0,0.48771411356034183,,,
0.0,0.0,0.33293688033179547,,,
0.0,0.0,0.34432832181944795,,,
0.0,0.0,0.4220915963745051,,,
0.0,0.0,0.4102745878669653,,,
1.0,1.0,0.7400396580541531,,,
1.0,0.0,0.42555519719712664,,,
1.0,1.0,0.5493648347737531,,,
0.0,0.0,0.39522468512302644,,,
1.0,0.0,0.49833043498269075,,,
0.0,0.0,0.3837748354050937,,,
1.0,1.0,0.5840350634507804,,,
0.0,0.0,0.3921086380974516,,,
0.0,0.0,0.41261943734523493,,,
1.0,1.0,0.6736438001750826,,,
1.0,1.0,0.5618198398557678,,,
0.0,0.0,0.3750971926383018,,,
1.0,1.0,0.5379592320846172,,,
0.0,1.0,0.6104167390211225,,,
1.0,0.0,0.36113866254384414,,,
1.0,0.0,0.43221878796258717,,,
1.0,1.0,0.8302255051324633,,,
0.0,0.0,0.30724795581391523,,,
0.0,0.0,0.4862572406205756,,,
0.0,1.0,0.6240718982603461,,,
1.0,0.0,0.4786941574360313,,,
0.0,0.0,0.43751677220847307,,,
1.0,1.0,0.5344459102447914,,,
0.0,0.0,0.36664268841529873,,,
0.0,1.0,0.5248371436085887,,,
0.0,0.0,0.4260527931421681,,,
1.0,1.0,0.6449221775112313,,,
0.0,0.0,0.47170036794045517,,,
1.0,1.0,0.6415588535892135,,,
0.0,0.0,0.46255510097079566,,,
1.0,1.0,0.5227747237427364,,,
0.0,1.0,0.5204921890899196,,,
1.0,0.0,0.3664123345253714,,,
1.0,1.0,0.7132167740417659,,,
1.0,0.0,0.4699776756040292,,,
1.0,1.0,0.6833473129978479,,,
1.0,1.0,0.5477514110845898,,,
1.0,0.0,0.4342888543186496,,,
0.0,0.0,0.3127114744720815,,,
1.0,0.0,0.45621826126193704,,,
1.0,0.0,0.40591805212400983,,,
1.0,1.0,0.785939293911875,,,
0.0,0.0,0.42816649097375575,,,
0.0,0.0,0.3572936298888047,,,
0.0,1.0,0.6745839067351652,,,
0.0,1.0,0.502081925451267,,,
1.0,1.0,0.5705125470746506,,,
0.0,0.0,0.4700944787832202,,,
0.0,0.0,0.42548960349095166,,,
0.0,1.0,0.5516705287104485,,,
1.0,0.0,0.381039325232072,,,
0.0,1.0,0.5139980177250132,,,
0.0,0.0,0.3819794307120432,,,
1.0,1.0,0.687145314492016,,,
1.0,1.0,0.5076295270569543,,,
0.0,0.0,0.4414473268301886,,,
0.0,0.0,0.4254527441363134,,,
1.0,0.0,0.4813550150808696,,,
0.0,0.0,0.3968131906660571,,,
0.0,0.0,0.4656217132653691,,,
0.0,0.0,0.4277241075745688,,,
0.0,0.0,0.3966963669408916,,,
0.0,0.0,0.3870159205075599,,,
0.0,0.0,0.4723635668915358,,,
1.0,1.0,0.790653887951803,,,
0.0,0.0,0.4153870958915614,,,
1.0,1.0,0.5310984804394773,,,
0.0,0.0,0.48381015011098766,,,
1.0,0.0,0.4956778030363492,,,
1.0,1.0,0.5717785699300237,,,
1.0,0.0,0.45030201742545983,,,
0.0,0.0,0.43811773225718137,,,
1.0,1.0,0.6044701207100025,,,
0.0,1.0,0.5528967155949754,,,
0.0,1.0,0.5448143647125109,,,
1.0,1.0,0.6615519587253877,,,
0.0,0.0,0.27913859007306757,,,
1.0,1.0,0.5465471464170999,,,
0.0,0.0,0.42421947384947145,,,
0.0,0.0,0.4462615542888855,,,
0.0,0.0,0.37518274178605837,,,
1.0,0.0,0.46392276243220393,,,
1.0,1.0,0.6589605143408067,,,
1.0,0.0,0.3851988823398537,,,
0.0,0.0,0.3972997258915457,,,
1.0,1.0,0.8357354419546251,,,
0.0,0.0,0.4543703721362665,,,
1.0,0.0,0.4179453746125719,,,
1.0,0.0,0.39332332392515956,,,
1.0,1.0,0.5336050730632044,,,
0.0,0.0,0.4596713661036332,,,
1.0,0.0,0.43002574579814284,,,
1.0,1.0,0.5066423043274528,,,
0.0,0.0,0.4131323017613066,,,
1.0,1.0,0.5671414613772375,,,
1.0,0.0,0.4542926265492602,,,
1.0,0.0,0.4814360568110863,,,
0.0,0.0,0.20774733006956458,,,
1.0,1.0,0.8357705483407023,,,
0.0,0.0,0.3445563789014535,,,
0.0,0.0,0.39015298259389153,,,
1.0,0.0,0.4593945955929017,,,
1.0,1.0,0.7361319865602308,,,
1.0,0.0,0.46537443219052305,,,
0.0,0.0,0.46999728309132105,,,
1.0,0.0,0.4917023950842072,,,
0.0,0.0,0.3838752329152151,,,
1.0,1.0,0.5806944069922118,,,
1.0,0.0,0.4952405947929238,,,
0.0,0.0,0.4047310804436776,,,
1.0,1.0,0.529095367162598,,,
1.0,0.0,0.3888835555148837,,,
1.0,0.0,0.36989841341689234,,,
0.0,0.0,0.37346655648029725,,,
1.0,1.0,0.7028534258850345,,,
0.0,0.0,0.4194533488866238,,,
0.0,0.0,0.37711227906978023,,,
1.0,1.0,0.5850998961212482,,,
0.0,0.0,0.40177592237678866,,,
0.0,0.0,0.4124679576075938,,,
0.0,0.0,0.2997210092095248,,,
1.0,0.0,0.4076446100275107,,,
0.0,0.0,0.3795749203992228,,,
0.0,0.0,0.3606439483981926,,,
1.0,1.0,0.6669196631124373,,,
0.0,0.0,0.35226978967305134,,,
1.0,0.0,0.46608908678605204,,,
0.0,0.0,0.4146443307672183,,,
1.0,1.0,0.6498483896064969,,,
0.0,0.0,0.4007020606145745,,,
0.0,0.0,0.4731221296365867,,,
1.0,1.0,0.604812103529546,,,
1.0,1.0,0.5566070108984458,,,
0.0,0.0,0.4034206676076388,,,
0.0,0.0,0.4159993990594993,,,
1.0,0.0,0.46404110688183864,,,
1.0,0.0,0.4464527556433508,,,
0.0,0.0,0.3672378909304607,,,
0.0,0.0,0.3926110675637974,,,
1.0,1.0,0.6762026144569353,,,
1.0,1.0,0.5192669774049276,,,
0.0,0.0,0.37091169378177036,,,
0.0,0.0,0.4901556409881149,,,
0.0,0.0,0.41690794074750465,,,
1.0,0.0,0.40381267326861525,,,
1.0,1.0,0.5801869445547783,,,
0.0,0.0,0.42702326180062045,,,
1.0,1.0,0.6288994758019115,,,
0.0,1.0,0.5334039519168294,,,
0.0,0.0,0.38245672155715715,,,
0.0,0.0,0.3973015541993587,,,
0.0,0.0,0.4355390508032853,,,
0.0,0.0,0.43057132154733907,,,
0.0,0.0,0.4666797504314956,,,
0.0,0.0,0.4508140202905455,,,
0.0,0.0,0.4167230649225801,,,
0.0,0.0,0.3889536957756618,,,
1.0,1.0,0.5838653173257732,,,
0.0,0.0,0.4444938578687569,,,
1.0,1.0,0.804717832372625,,,
1.0,1.0,0.7773056840575134,,,
0.0,0.0,0.3588901494349029,,,
1.0,0.0,0.49304459904448433,,,
0.0,0.0,0.4941303780022512,,,
0.0,0.0,0.4446245330145021,,,
0.0,0.0,0.44776105315958326,,,
1.0,1.0,0.5306030099757867,,,
1.0,1.0,0.7332342772584655,,,
0.0,0.0,0.20774733006956458,,,
1.0,0.0,0.48280581447118637,,,
0.0,0.0,0.4738343277209943,,,
0.0,0.0,0.4321168116997736,,,
1.0,1.0,0.6703385404851623,,,
1.0,1.0,0.5151112725172927,,,
0.0,0.0,0.4389618291390816,,,
1.0,1.0,0.7269022714578652,,,
1.0,0.0,0.4447711129772934,,,
1.0,1.0,0.5359882177006159,,,
0.0,0.0,0.417810802368169,,,
0.0,0.0,0.41001113178590404,,,
1.0,0.0,0.47788946161293694,,,
0.0,0.0,0.4188501121320716,,,
1.0,0.0,0.4626101257030926,,,
1.0,0.0,0.43367722604228354,,,
0.0,0.0,0.48793725891526757,,,
0.0,0.0,0.42665113734890103,,,
1.0,0.0,0.4317085822575104,,,
0.0,0.0,0.3511318494559921,,,
0.0,0.0,0.3337854175324095,,,
0.0,0.0,0.45665201246950793,,,
1.0,1.0,0.505564722547761,,,
1.0,0.0,0.3723402679181156,,,
0.0,0.0,0.36588785919504035,,,
0.0,0.0,0.4613261063177169,,,
0.0,0.0,0.20774733006956458,,,
1.0,1.0,0.777434059548554,,,
0.0,0.0,0.32100910941310595,,,
0.0,0.0,0.41393607552617895,,,
1.0,1.0,0.855178711343823,,,
0.0,0.0,0.3589104330004072,,,
1.0,1.0,0.5908065359921008,,,
1.0,1.0,0.8082542432214993,,,
1.0,0.0,0.3739598670192668,,,
0.0,0.0,0.3905464248525224,,,
1.0,1.0,0.5716152408500536,,,
1.0,1.0,0.5868775632115301,,,
1.0,1.0,0.6688978605136429,,,
0.0,0.0,0.43537352036043875,,,
0.0,0.0,0.3606452031794176,,,
1.0,1.0,0.8726851157750147,,,
1.0,0.0,0.3483789518111736,,,
1.0,1.0,0.5742634934504949,,,
1.0,1.0,0.5348576590574067,,,
1.0,0.0,0.4805593537091139,,,
0.0,1.0,0.5756641439898327,,,
0.0,0.0,0.42493386452911497,,,
1.0,1.0,0.8231802510203639,,,
1.0,0.0,0.49693536164824154,,,
1.0,1.0,0.6936238172442691,,,
0.0,0.0,0.37332635645052614,,,
0.0,0.0,0.4571090609723386,,,
1.0,0.0,0.4432141296386484,,,
1.0,0.0,0.3895206332089564,,,
1.0,0.0,0.45839913817477596,,,
0.0,0.0,0.41115007961327954,,,
0.0,0.0,0.3696970045180187,,,
0.0,0.0,0.4906082093538853,,,
1.0,1.0,0.7399880632101256,,,
0.0,0.0,0.489066358168487,,,
0.0,0.0,0.4020845619415845,,,
0.0,0.0,0.3602906151677336,,,
1.0,1.0,0.5274386211245272,,,
1.0,0.0,0.4370983027265553,,,
0.0,0.0,0.3883480525752395,,,
1.0,1.0,0.5135525919851077,,,
1.0,1.0,0.8649012842102493,,,
1.0,1.0,0.6465403491944518,,,
1.0,0.0,0.4826888495089102,,,
1.0,1.0,0.558449541912518,,,
0.0,0.0,0.4381083386477804,,,
1.0,0.0,0.4390871427132326,,,
1.0,1.0,0.5965351372369114,,,
1.0,1.0,0.5814713508459629,,,
1.0,1.0,0.5133212968167461,,,
1.0,1.0,0.5870171078272467,,,
1.0,0.0,0.4661605255339049,,,
0.0,0.0,0.3660075595705299,,,
0.0,0.0,0.350721470859616,,,
0.0,0.0,0.4579571804279695,,,
1.0,1.0,0.7525463904042786,,,
0.0,0.0,0.44491552080617347,,,
0.0,1.0,0.5026321065203573,,,
1.0,1.0,0.7253107006316871,,,
1.0,1.0,0.80055883169532,,,
0.0,0.0,0.35789617955296804,,,
0.0,0.0,0.40900493897117024,,,
0.0,0.0,0.3755568893468129,,,
0.0,0.0,0.3626820684385318,,,
1.0,1.0,0.6481654282161415,,,
0.0,1.0,0.5078487676852713,,,
0.0,0.0,0.3894196861571338,,,
0.0,0.0,0.4289836828897014,,,
0.0,0.0,0.3369756356562372,,,
1.0,1.0,0.8371220892545896,,,
1.0,1.0,0.5795980494984101,,,
1.0,1.0,0.6209442733621633,,,
0.0,0.0,0.3931836030686766,,,
1.0,1.0,0.6007368174545276,,,
0.0,0.0,0.38054410189768345,,,
0.0,0.0,0.45956624748423136,,,
0.0,0.0,0.33963942300480376,,,
1.0,0.0,0.4144962549778508,,,
1.0,0.0,0.4477205040948802,,,
1.0,0.0,0.4445021060581535,,,
0.0,0.0,0.43310716151886425,,,
0.0,0.0,0.3890854883325167,,,
1.0,0.0,0.49278323077952585,,,
1.0,1.0,0.8420578591199386,,,
0.0,0.0,0.26097583287670395,,,
1.0,0.0,0.3887719308072998,,,
0.0,0.0,0.324610929391567,,,
0.0,0.0,0.3798212056439174,,,
1.0,1.0,0.5631648164830032,,,
0.0,0.0,0.3857054947262574,,,
0.0,0.0,0.3871937673445702,,,
0.0,0.0,0.4501635169434391,,,
0.0,0.0,0.40237167772214555,,,
0.0,0.0,0.36337053428077626,,,
0.0,0.0,0.41296495827051755,,,
0.0,0.0,0.40892354947947746,,,
0.0,0.0,0.3817702988828078,,,
1.0,1.0,0.5209173938784272,,,
0.0,0.0,0.3812365473464794,,,
0.0,0.0,0.4189008128830436,,,
0.0,0.0,0.3358130014899426,,,
0.0,0.0,0.31866898496139084,,,
1.0,0.0,0.4436818871593382,,,
0.0,1.0,0.5506562194694689,,,
0.0,0.0,0.35222082530088294,,,
1.0,1.0,0.7465760868753887,,,
0.0,0.0,0.35419666354741236,,,
1.0,1.0,0.6581828140326974,,,
1.0,0.0,0.38144222865551763,,,
0.0,0.0,0.47268871300914966,,,
1.0,1.0,0.509926799765795,,,
0.0,0.0,0.3450336248887932,,,
1.0,0.0,0.45148102374601023,,,
0.0,1.0,0.6275224039160021,,,
1.0,0.0,0.4521337093872009,,,
0.0,0.0,0.39932940989577276,,,
0.0,0.0,0.39326197112163525,,,
0.0,0.0,0.29056387063717265,,,
0.0,0.0,0.42309541938343515,,,
1.0,1.0,0.5016363525775234,,,
0.0,1.0,0.5595383258162557,,,
1.0,1.0,0.5088265404072173,,,
0.0,0.0,0.41508537802304907,,,
0.0,0.0,0.3518738942702025,,,
1.0,1.0,0.6318558531662145,,,
0.0,0.0,0.3329566450632818,,,
1.0,0.0,0.35961586651462996,,,
0.0,1.0,0.5148500690219112,,,
1.0,0.0,0.4572414144753595,,,
0.0,1.0,0.6575985962982202,,,
1.0,1.0,0.5287856171220521,,,
1.0,0.0,0.4964850622799175,,,
1.0,0.0,0.4897395960098574,,,
1.0,1.0,0.5937973271067034,,,
0.0,0.0,0.44938709042278946,,,
1.0,1.0,0.5479387735074335,,,
1.0,1.0,0.5098640202855518,,,
0.0,0.0,0.35804194323657873,,,
1.0,1.0,0.6136302324477384,,,
0.0,1.0,0.570757420328831,,,
1.0,1.0,0.651476867956583,,,
0.0,0.0,0.3546320845318365,,,
1.0,1.0,0.5196588502075603,,,
0.0,0.0,0.42495368004807305,,,
0.0,0.0,0.3157038515271346,,,
0.0,1.0,0.5135178374673111,,,
0.0,1.0,0.5039150414570901,,,
1.0,1.0,0.6033568584249571,,,
1.0,0.0,0.47369583879373506,,,
1.0,1.0,0.7011509231846503,,,
1.0,1.0,0.6707311237046554,,,
1.0,1.0,0.7008311120775922,,,
1.0,0.0,0.37705834807372063,,,
1.0,1.0,0.6201731682002438,,,
1.0,1.0,0.6572948527932633,,,
1.0,0.0,0.40228821195444925,,,
0.0,1.0,0.5232837728058655,,,
0.0,0.0,0.42931455380243166,,,
1.0,0.0,0.42847703002580395,,,
0.0,0.0,0.4510906796820508,,,
0.0,0.0,0.37663853458879126,,,
0.0,0.0,0.4119643104844088,,,
1.0,1.0,0.5955771871909995,,,
0.0,0.0,0.4920529580313358,,,
1.0,1.0,0.5538227749003172,,,
0.0,0.0,0.39550465497168424,,,
1.0,1.0,0.5421626939314891,,,
1.0,1.0,0.520096735676282,,,
0.0,0.0,0.34851135777472975,,,
1.0,1.0,0.726245835369014,,,
1.0,0.0,0.46160575973076534,,,
0.0,0.0,0.43186889739091794,,,
0.0,0.0,0.3748819565680798,,,
1.0,0.0,0.35087732157959395,,,
1.0,0.0,0.42204205911817455,,,
0.0,1.0,0.6143799136266924,,,
1.0,1.0,0.8225345926672208,,,
1.0,1.0,0.5358213767262912,,,
1.0,0.0,0.40632379160646925,,,
0.0,0.0,0.46449382732917877,,,
0.0,0.0,0.3929032251123516,,,
1.0,1.0,0.550214468310789,,,
0.0,0.0,0.43810306434197416,,,
0.0,0.0,0.3271122622431956,,,
0.0,0.0,0.43418197545439186,,,
1.0,0.0,0.4974034480916032,,,
0.0,0.0,0.41534967885354357,,,
1.0,0.0,0.39604522200043923,,,
1.0,1.0,0.6475429052735577,,,
0.0,1.0,0.5087276295069267,,,
1.0,1.0,0.5698716468257292,,,
0.0,0.0,0.4555038262250276,,,
1.0,1.0,0.5136172486031064,,,
0.0,0.0,0.3621586267742392,,,
0.0,0.0,0.3575832107700233,,,
1.0,0.0,0.4470569374980427,,,
1.0,1.0,0.5447830528537261,,,
0.0,0.0,0.41177224223852854,,,
1.0,0.0,0.4782166023680506,,,
0.0,0.0,0.33778562782156485,,,
1.0,0.0,0.47634248507917687,,,
1.0,0.0,0.43586340060386874,,,
0.0,0.0,0.31127709215890625,,,
1.0,0.0,0.45506358527931007,,,
0.0,1.0,0.6288994758019115,,,
0.0,0.0,0.38177364557034915,,,
0.0,0.0,0.495822012145476,,,
1.0,1.0,0.6968291358852386,,,
0.0,0.0,0.39067173177532616,,,
0.0,0.0,0.39517514508979973,,,
0.0,0.0,0.44760040567871967,,,
1.0,1.0,0.5493850073758155,,,
0.0,0.0,0.42380107016042423,,,
0.0,0.0,0.29035938595164906,,,
0.0,1.0,0.6268827641401563,,,
1.0,0.0,0.4517463133781557,,,
1.0,0.0,0.45725692373612165,,,
1.0,0.0,0.432691279272477,,,
1.0,0.0,0.4862625033652445,,,
1.0,0.0,0.45183411173078347,,,
0.0,0.0,0.3147361064114877,,,
0.0,1.0,0.5048686257815524,,,
0.0,0.0,0.43308427272259775,,,
1.0,1.0,0.6796563464857815,,,
0.0,0.0,0.30942089420338076,,,
1.0,0.0,0.49398135741036997,,,
1.0,0.0,0.49587230651580705,,,
0.0,0.0,0.3048639639498227,,,
1.0,0.0,0.3866332632138678,,,
0.0,0.0,0.399474469005499,,,
1.0,1.0,0.5818831652753707,,,
1.0,1.0,0.5791312338666635,,,
1.0,1.0,0.5231774059633674,,,
1.0,1.0,0.5642346462188153,,,
1.0,0.0,0.4703947806820246,,,
1.0,1.0,0.5331885663959691,,,
0.0,0.0,0.40708144263644064,,,
0.0,0.0,0.36663694184157236,,,
0.0,0.0,0.40953739233832465,,,
1.0,1.0,0.65760457263683,,,
0.0,0.0,0.4152455296854741,,,
1.0,0.0,0.467929852650687,,,
0.0,0.0,0.4536920215986077,,,
0.0,0.0,0.3938726104115306,,,
1.0,1.0,0.6184469459800022,,,
0.0,0.0,0.48503149910722904,,,
0.0,0.0,0.3764733523578748,,,
0.0,0.0,0.4309940574623255,,,
1.0,1.0,0.5886705201014312,,,
0.0,0.0,0.4218948673606265,,,
0.0,0.0,0.41076430433282807,,,
0.0,0.0,0.4056056925886177,,,
0.0,0.0,0.32499683540715807,,,
1.0,0.0,0.40869928788743487,,,
1.0,0.0,0.39989405095856506,,,
0.0,0.0,0.4345474408396787,,,
1.0,1.0,0.7832547694773793,,,
1.0,1.0,0.6748645395851159,,,
1.0,0.0,0.48632972351992865,,,
0.0,0.0,0.43406337431011693,,,
1.0,1.0,0.6848418321714334,,,
0.0,0.0,0.4196857578858878,,,
0.0,1.0,0.5309644244359191,,,
0.0,0.0,0.4130686352818862,,,
0.0,0.0,0.3202393028992805,,,
1.0,1.0,0.5124873726710543,,,
1.0,0.0,0.3852045216596595,,,
1.0,1.0,0.5567650178012847,,,
0.0,0.0,0.3511716574716288,,,
0.0,0.0,0.4186611791104633,,,
1.0,1.0,0.6652411348748285,,,
0.0,0.0,0.43513259979414237,,,
0.0,0.0,0.406113750571751,,,
1.0,1.0,0.5141455708762986,,,
1.0,0.0,0.45287692318513384,,,
0.0,0.0,0.4093972265510493,,,
0.0,0.0,0.3898268070693714,,,
1.0,1.0,0.5188113354374697,,,
0.0,0.0,0.3735931231351718,,,
0.0,0.0,0.4046593360262569,,,
1.0,0.0,0.3614584252275735,,,
0.0,0.0,0.412866918459112,,,
1.0,1.0,0.5366963348329513,,,
1.0,0.0,0.49131209675021137,,,
1.0,1.0,0.7703950585793707,,,
1.0,0.0,0.4116460201918617,,,
0.0,0.0,0.4599915943440776,,,
0.0,0.0,0.369931824274246,,,
0.0,0.0,0.3961765349100234,,,
0.0,0.0,0.4248722799509527,,,
1.0,0.0,0.36978348749082746,,,
0.0,0.0,0.4217650225635793,,,
1.0,1.0,0.5238507903312082,,,
1.0,1.0,0.5905072603300646,,,
0.0,0.0,0.36578517868222066,,,
1.0,1.0,0.7527805422318528,,,
1.0,0.0,0.4966717645256601,,,
1.0,1.0,0.5124505181304906,,,
0.0,0.0,0.3575947064514925,,,
0.0,1.0,0.5429874339622982,,,
0.0,0.0,0.4607645232125822,,,
0.0,0.0,0.3804688929821761,,,
0.0,0.0,0.42360041269955917,,,
1.0,1.0,0.6613053474326936,,,
0.0,0.0,0.44980722210332147,,,
0.0,0.0,0.37386828211700207,,,
1.0,0.0,0.41249773568809706,,,
1.0,0.0,0.4171988819455886,,,
0.0,0.0,0.3898268070693714,,,
1.0,0.0,0.4143580207614552,,,
0.0,0.0,0.43719935296492224,,,
0.0,0.0,0.3730472239275953,,,
0.0,0.0,0.3669190488066099,,,
0.0,0.0,0.4732977715659627,,,
1.0,0.0,0.4868260197360004,,,
1.0,0.0,0.44985311435714,,,
0.0,0.0,0.3882069611382572,,,
0.0,0.0,0.46843446178356074,,,
0.0,0.0,0.41928717503351715,,,
0.0,0.0,0.3284395554577455,,,
0.0,0.0,0.4159660487184895,,,
0.0,0.0,0.4417883173170594,,,
1.0,0.0,0.439766976432717,,,
0.0,0.0,0.37352111996012416,,,
1.0,0.0,0.3771967862654607,,,
1.0,1.0,0.7600122864624997,,,
1.0,0.0,0.48087650878708765,,,
1.0,0.0,0.49606253499179376,,,
1.0,0.0,0.39562214222752634,,,
1.0,0.0,0.4653160298556137,,,
0.0,0.0,0.37594169168841174,,,
0.0,1.0,0.6132182128157104,,,
1.0,1.0,0.7441815498535527,,,
0.0,1.0,0.5216803626807422,,,
0.0,0.0,0.3728379719710563,,,
0.0,0.0,0.4728074235486477,,,
0.0,0.0,0.4629803102974104,,,
0.0,1.0,0.5435153844455946,,,
0.0,0.0,0.43455442070577105,,,
0.0,0.0,0.43332845991037083,,,
1.0,1.0,0.7427498851540573,,,
1.0,1.0,0.5968422649921296,,,
0.0,0.0,0.35828732148569337,,,
1.0,1.0,0.7197544147180838,,,
1.0,0.0,0.49248438665617206,,,
1.0,1.0,0.6673766759454424,,,
0.0,0.0,0.37500533991163904,,,
0.0,0.0,0.40101292314024556,,,
0.0,0.0,0.41660165587228837,,,
1.0,0.0,0.4089608078608363,,,
1.0,1.0,0.7532040979868085,,,
1.0,1.0,0.5496732694116011,,,
0.0,0.0,0.3950591634939362,,,
1.0,0.0,0.48336795542145145,,,
1.0,0.0,0.40804386547456367,,,
0.0,0.0,0.4706136787270823,,,
1.0,1.0,0.5347883527540611,,,
1.0,1.0,0.5744797833138812,,,
1.0,1.0,0.8599162649492991,,,
0.0,0.0,0.43915059988904526,,,
0.0,0.0,0.4044112517812949,,,
0.0,0.0,0.446111771235669,,,
0.0,0.0,0.4334498337205499,,,
0.0,1.0,0.5507044271629977,,,
1.0,1.0,0.6063237129719554,,,
0.0,0.0,0.40222994024201825,,,
1.0,0.0,0.38712514727850383,,,
1.0,0.0,0.4316499771731997,,,
0.0,0.0,0.46582784570436614,,,
1.0,0.0,0.48119784511431346,,,
0.0,0.0,0.4684666064483527,,,
0.0,0.0,0.41077496698048904,,,
1.0,0.0,0.4708428500005575,,,
0.0,0.0,0.43165568633991724,,,
1.0,0.0,0.38985117536547587,,,
0.0,0.0,0.34137478913886143,,,
0.0,0.0,0.35126499444244885,,,
0.0,0.0,0.38743333057146984,,,
1.0,1.0,0.623812915759142,,,
0.0,0.0,0.44210591159073553,,,
0.0,0.0,0.4753465902444654,,,
1.0,1.0,0.5773951362152246,,,
0.0,0.0,0.3333181908036633,,,
1.0,1.0,0.6769316432008047,,,
1.0,0.0,0.4002480544764605,,,
0.0,0.0,0.36712733451462115,,,
1.0,0.0,0.45171762381732117,,,
1.0,0.0,0.4533316184314705,,,
0.0,0.0,0.3649944788377483,,,
1.0,0.0,0.4118669864965939,,,
1.0,1.0,0.7160911691195299,,,
0.0,0.0,0.29613922072708115,,,
0.0,0.0,0.4242136568654443,,,
0.0,0.0,0.4068000722085456,,,
0.0,0.0,0.38554325050592986,,,
1.0,1.0,0.6175159343316801,,,
0.0,0.0,0.35242914798431807,,,
1.0,0.0,0.45457332824316327,,,
1.0,1.0,0.8073762282095245,,,
0.0,1.0,0.6545508441656197,,,
0.0,0.0,0.3861562205448212,,,
1.0,1.0,0.5527067351886777,,,
1.0,0.0,0.4441875438765646,,,
0.0,0.0,0.3973270419292178,,,
1.0,0.0,0.49578299970209144,,,
1.0,1.0,0.655439242862278,,,
1.0,1.0,0.8644453224933609,,,
1.0,0.0,0.3702941475059063,,,
0.0,0.0,0.4505756967398131,,,
1.0,0.0,0.49957034994075394,,,
1.0,0.0,0.48345680967745447,,,
1.0,0.0,0.45222091798949215,,,
0.0,1.0,0.515452472886227,,,
0.0,0.0,0.3898268070693714,,,
0.0,0.0,0.37106555066275754,,,
0.0,0.0,0.32341393454978923,,,
0.0,1.0,0.5499584619644814,,,
0.0,0.0,0.341430819332587,,,
1.0,0.0,0.4388569525464962,,,
0.0,0.0,0.37301296557120317,,,
1.0,1.0,0.5043592826815523,,,
1.0,1.0,0.5259431651543143,,,
1.0,1.0,0.6385924087450977,,,
0.0,0.0,0.33829091875203526,,,
0.0,0.0,0.4662460689847313,,,
0.0,0.0,0.40113417102826204,,,
1.0,0.0,0.4723485239877096,,,
0.0,0.0,0.3730657066873897,,,
1.0,1.0,0.6540928533896151,,,
0.0,0.0,0.4833352695707702,,,
1.0,0.0,0.4381570051261843,,,
0.0,0.0,0.3734950498802144,,,
0.0,0.0,0.4046114325391699,,,
0.0,0.0,0.361541949961135,,,
0.0,0.0,0.40007735449888415,,,
1.0,0.0,0.38574549396428004,,,
1.0,1.0,0.5265205829337818,,,
0.0,0.0,0.4496310096946337,,,
1.0,1.0,0.5567650178012847,,,
1.0,1.0,0.6773868979779144,,,
1.0,1.0,0.7187983324073316,,,
0.0,0.0,0.44016152088767035,,,
0.0,0.0,0.3583461749764899,,,
1.0,1.0,0.5177647041765681,,,
0.0,0.0,0.23089469991733944,,,
0.0,0.0,0.37512300389547926,,,
1.0,0.0,0.40416568082285226,,,
1.0,1.0,0.72850074427697,,,
1.0,1.0,0.6167685285370814,,,
1.0,1.0,0.6889574685623329,,,
0.0,1.0,0.5246807842136737,,,
1.0,0.0,0.47338695507665923,,,
1.0,1.0,0.7121429403676174,,,
1.0,1.0,0.5027013912682813,,,
0.0,0.0,0.39211479853242254,,,
0.0,0.0,0.3691061811919294,,,
1.0,1.0,0.7062302423267453,,,
0.0,0.0,0.3920114834607856,,,
1.0,0.0,0.4654207233587464,,,
1.0,1.0,0.5736658106110292,,,
0.0,0.0,0.4308125876373573,,,
1.0,0.0,0.4084535822680857,,,
1.0,1.0,0.5286662142482844,,,
0.0,0.0,0.4115901833453567,,,
1.0,0.0,0.45986676865186465,,,
0.0,0.0,0.38478958561715865,,,
0.0,0.0,0.38209153012092784,,,
1.0,1.0,0.7861319099616167,,,
1.0,0.0,0.4904922452620489,,,
1.0,1.0,0.5652032879769067,,,
1.0,1.0,0.5947218575659623,,,
1.0,0.0,0.39673985743837414,,,
0.0,0.0,0.4707800132498667,,,
1.0,1.0,0.5043140060773385,,,
0.0,0.0,0.3694202491026932,,,
0.0,0.0,0.33251597265974003,,,
1.0,0.0,0.4092276673825533,,,
0.0,0.0,0.4208825126045216,,,
0.0,0.0,0.4779783845081517,,,
0.0,0.0,0.4221489532099685,,,
1.0,1.0,0.7213669064895751,,,
1.0,0.0,0.4578035511402532,,,
1.0,1.0,0.6006955732170972,,,
0.0,1.0,0.654662177525379,,,
1.0,1.0,0.601194470110343,,,
0.0,0.0,0.3536917203066971,,,
0.0,1.0,0.5071158533186629,,,
1.0,0.0,0.4657875094777528,,,
0.0,0.0,0.3312175637016254,,,
0.0,0.0,0.3660013943297512,,,
0.0,1.0,0.5204360899051826,,,
0.0,0.0,0.3285560587127966,,,
1.0,1.0,0.536047697938193,,,
0.0,0.0,0.3911405710360697,,,
1.0,1.0,0.577410113991626,,,
1.0,1.0,0.5223899581521824,,,
1.0,0.0,0.46508735057399586,,,
0.0,0.0,0.4145735982211645,,,
1.0,1.0,0.5230182307797567,,,
0.0,0.0,0.39018276632742405,,,
0.0,0.0,0.34385333048522676,,,
0.0,0.0,0.4289981945534056,,,
1.0,0.0,0.4171268088398857,,,
0.0,0.0,0.4429649274192048,,,
0.0,0.0,0.372149584686614,,,
1.0,0.0,0.4885663493775168,,,
0.0,0.0,0.4307782963324677,,,
0.0,0.0,0.3690449467591803,,,
0.0,0.0,0.3642837171584778,,,
0.0,0.0,0.4058318152027753,,,
1.0,0.0,0.42347702556737266,,,
0.0,0.0,0.27667188071369425,,,
1.0,0.0,0.4792042239368353,,,
1.0,1.0,0.5451254451965294,,,
0.0,0.0,0.4289391086527416,,,
0.0,0.0,0.37002257036782504,,,
1.0,0.0,0.48996703459770363,,,
1.0,1.0,0.5187854743006638,,,
1.0,1.0,0.6767312574813715,,,
0.0,0.0,0.40884003737733154,,,
0.0,0.0,0.4461924597188904,,,
1.0,1.0,0.546391483293906,,,
1.0,1.0,0.8336491308160165,,,
0.0,0.0,0.36916976420917585,,,
1.0,0.0,0.4581458126406357,,,
0.0,0.0,0.48767739749950645,,,
0.0,0.0,0.43190117852117843,,,
1.0,1.0,0.5293067833849502,,,
1.0,0.0,0.41319748461265654,,,
0.0,0.0,0.25422056065356224,,,
1.0,1.0,0.5156663660169297,,,
1.0,0.0,0.4376879924043912,,,
1.0,0.0,0.4958476880236342,,,
0.0,1.0,0.5462720899930247,,,
1.0,1.0,0.8136766000448042,,,
1.0,1.0,0.7427326239539609,,,
1.0,0.0,0.3933947646179135,,,
1.0,1.0,0.5232514099744406,,,
0.0,0.0,0.4113332877713961,,,
1.0,1.0,0.5270077837538709,,,
0.0,0.0,0.3979982012776569,,,
0.0,0.0,0.4773531066811896,,,
1.0,1.0,0.5184340362401767,,,
1.0,0.0,0.42210052710798396,,,
0.0,0.0,0.4444300788180628,,,
0.0,0.0,0.3838293458839706,,,
1.0,0.0,0.46929993793007335,,,
0.0,0.0,0.35560724371614094,,,
0.0,0.0,0.3801180954753945,,,
1.0,1.0,0.5069854900480119,,,
1.0,1.0,0.574508911560174,,,
0.0,0.0,0.4375652351374287,,,
0.0,0.0,0.41685070889273956,,,
1.0,1.0,0.6540224993639354,,,
1.0,1.0,0.7663595405320517,,,
1.0,0.0,0.4005564966750501,,,
0.0,0.0,0.37640950807311185,,,
0.0,0.0,0.4166647564226607,,,
1.0,0.0,0.3964837438638165,,,
0.0,0.0,0.3630273448212836,,,
0.0,0.0,0.3423021667037193,,,
1.0,1.0,0.518566776754913,,,
0.0,1.0,0.6225283345659984,,,
1.0,1.0,0.6763403113919711,,,
0.0,0.0,0.23089469991733944,,,
0.0,0.0,0.42126549077993564,,,
0.0,0.0,0.44983900340424066,,,
1.0,1.0,0.6909405255220762,,,
0.0,0.0,0.4701351597800446,,,
0.0,0.0,0.4182488723201528,,,
0.0,0.0,0.3548805069665791,,,
0.0,0.0,0.4703776279885783,,,
0.0,0.0,0.46791521054968926,,,
1.0,1.0,0.558449541912518,,,
0.0,0.0,0.40442580742458795,,,
0.0,0.0,0.3500476241001012,,,
0.0,0.0,0.3973204423562844,,,
0.0,1.0,0.5207592245033082,,,
0.0,0.0,0.43033499972140704,,,
0.0,0.0,0.4277039240927426,,,
0.0,0.0,0.23089469991733944,,,
0.0,0.0,0.43883786908399075,,,
1.0,0.0,0.46971622330297874,,,
1.0,1.0,0.715843473812233,,,
0.0,0.0,0.34605221541789105,,,
1.0,1.0,0.5128400047417041,,,
0.0,0.0,0.4657875094777528,,,
0.0,0.0,0.3743288564632099,,,
0.0,0.0,0.4057879879270563,,,
1.0,0.0,0.4889339036624921,,,
1.0,0.0,0.3885282462150579,,,
1.0,0.0,0.4833599803007917,,,
0.0,0.0,0.4390508216154813,,,
1.0,1.0,0.7343713542486019,,,
1.0,1.0,0.7857032454669156,,,
0.0,1.0,0.5776386894463343,,,
1.0,0.0,0.4641684158554096,,,
1.0,1.0,0.789613885953293,,,
0.0,0.0,0.3899746996634619,,,
0.0,0.0,0.37042780597480357,,,
0.0,0.0,0.4150121058242022,,,
0.0,0.0,0.3926665265728393,,,
0.0,0.0,0.4004636820287989,,,
0.0,0.0,0.45523757923581976,,,
0.0,0.0,0.34317326913260815,,,
0.0,0.0,0.32621405915550183,,,
0.0,0.0,0.4297307678505795,,,
1.0,0.0,0.4815218629492848,,,
0.0,0.0,0.37742203805459806,,,
0.0,0.0,0.41009421144240366,,,
0.0,0.0,0.4135933946478133,,,
0.0,1.0,0.5808629510902985,,,
1.0,1.0,0.8186349642805516,,,
0.0,1.0,0.6283676389170999,,,
1.0,1.0,0.7497856627208853,,,
0.0,1.0,0.5605266856519178,,,
1.0,0.0,0.41238518625642195,,,
0.0,0.0,0.448176686503084,,,
1.0,0.0,0.45819591014776123,,,
0.0,0.0,0.4750308859438082,,,
0.0,0.0,0.3857612651577805,,,
0.0,0.0,0.3426934836282949,,,
1.0,1.0,0.7547063667252902,,,
0.0,0.0,0.36239386438629756,,,
1.0,1.0,0.5196101011669609,,,
1.0,1.0,0.5669398628495573,,,
0.0,0.0,0.43781527377204094,,,
0.0,0.0,0.4355208868778801,,,
1.0,0.0,0.4644750389672745,,,
0.0,0.0,0.4351390666710397,,,
0.0,0.0,0.4482374893811596,,,
0.0,0.0,0.32518984109178506,,,
1.0,0.0,0.45178586407114785,,,
1.0,1.0,0.8211653325101912,,,
1.0,1.0,0.5260595694486772,,,
1.0,1.0,0.5626485420311832,,,
1.0,1.0,0.5297584559446628,,,
0.0,0.0,0.35664483979684347,,,
1.0,1.0,0.6015755098413553,,,
1.0,0.0,0.4094495443660592,,,
1.0,1.0,0.6200657862322763,,,
1.0,1.0,0.5176737543607041,,,
1.0,1.0,0.8056513058545016,,,
1.0,0.0,0.4685720153715001,,,
1.0,1.0,0.5555317289656381,,,
0.0,0.0,0.2918826990488002,,,
1.0,0.0,0.38711330237908576,,,
1.0,0.0,0.45717916104196754,,,
0.0,0.0,0.46751617868295525,,,
1.0,1.0,0.5465232316608599,,,
1.0,1.0,0.6145253763511286,,,
0.0,0.0,0.47911423325704017,,,
1.0,1.0,0.6643954012971035,,,
1.0,1.0,0.7878058220392589,,,
1.0,0.0,0.46820770071823004,,,
0.0,0.0,0.4885131155414648,,,
1.0,1.0,0.5370394875941941,,,
1.0,1.0,0.6477801560093331,,,
0.0,0.0,0.4863489116953864,,,
0.0,0.0,0.4973954567453264,,,
0.0,1.0,0.5435387479353097,,,
1.0,0.0,0.34520560381290244,,,
1.0,1.0,0.5610621520879305,,,
0.0,0.0,0.3611501285346068,,,
1.0,1.0,0.5956192596502714,,,
1.0,1.0,0.6311223407786993,,,
1.0,0.0,0.4828244187906717,,,
0.0,0.0,0.4291798195254253,,,
0.0,0.0,0.41255838903933667,,,
1.0,1.0,0.8029112198154428,,,
0.0,0.0,0.3377149611710011,,,
0.0,0.0,0.47298950187916383,,,
1.0,0.0,0.49229405330867054,,,
0.0,0.0,0.404863380406985,,,
1.0,1.0,0.505564722547761,,,
0.0,0.0,0.42667565990375556,,,
0.0,0.0,0.3490827906589658,,,
0.0,0.0,0.49665642934063564,,,
0.0,0.0,0.4372810530625668,,,
0.0,0.0,0.411186903441305,,,
0.0,1.0,0.5184498319691454,,,
0.0,1.0,0.5821154153748596,,,
1.0,0.0,0.488157935718327,,,
0.0,1.0,0.5184651287680573,,,
0.0,1.0,0.5548080384057754,,,
1.0,0.0,0.40455583637278913,,,
1.0,0.0,0.41515460247078706,,,
1.0,1.0,0.5049743043247138,,,
1.0,0.0,0.48094135491517265,,,
0.0,0.0,0.41956318705742185,,,
1.0,1.0,0.6584868402632762,,,
1.0,1.0,0.5848529100816825,,,
1.0,0.0,0.4383004931615549,,,
0.0,0.0,0.40806267446547095,,,
1.0,1.0,0.5512048405616699,,,
0.0,0.0,0.38365937047723436,,,
0.0,0.0,0.40807764523123136,,,
1.0,1.0,0.533176942479566,,,
1.0,0.0,0.3835093485734597,,,
1.0,0.0,0.47369399224906716,,,
0.0,0.0,0.42912668409543386,,,
0.0,0.0,0.44050220272060914,,,
0.0,0.0,0.2658407854673609,,,
0.0,0.0,0.32800867700109443,,,
0.0,0.0,0.3561265826084903,,,
0.0,0.0,0.3411594525734155,,,
0.0,0.0,0.3747975136450655,,,
1.0,1.0,0.5910774058268035,,,
0.0,0.0,0.3732960560919678,,,
0.0,0.0,0.4278923338487479,,,
0.0,1.0,0.5305883666933372,,,
1.0,0.0,0.44109962145148685,,,
0.0,0.0,0.41087238647259205,,,
0.0,0.0,0.43561654176879444,,,
1.0,1.0,0.6314754402594087,,,
1.0,0.0,0.4698577103928966,,,
1.0,0.0,0.410775054963873,,,
1.0,0.0,0.3712527026821826,,,
1.0,0.0,0.4394947297315438,,,
1.0,1.0,0.5796950351055656,,,
0.0,0.0,0.36508431854126483,,,
0.0,1.0,0.5735036050701529,,,
1.0,1.0,0.755799414296506,,,
0.0,0.0,0.23089469991733944,,,
1.0,1.0,0.694340833058272,,,
1.0,1.0,0.5213073723473465,,,
0.0,0.0,0.4854733272222361,,,
1.0,0.0,0.4759047335632636,,,
0.0,1.0,0.6868085613420227,,,
1.0,0.0,0.4755584957173891,,,
0.0,1.0,0.5608030364448721,,,
0.0,0.0,0.4273179000869513,,,
1.0,1.0,0.5332783026951554,,,
1.0,1.0,0.5562140043454845,,,
0.0,0.0,0.4122064149294726,,,
1.0,1.0,0.7632846302049389,,,
1.0,1.0,0.7553146777883321,,,
0.0,0.0,0.3920462048219825,,,
1.0,1.0,0.5411411358553982,,,
1.0,1.0,0.5072317897436953,,,
0.0,0.0,0.45820243803114447,,,
1.0,0.0,0.48254052058512026,,,
0.0,0.0,0.33955825763079234,,,
0.0,0.0,0.3750477410546189,,,
1.0,1.0,0.5553824948519648,,,
0.0,0.0,0.3950440956953284,,,
0.0,1.0,0.5006796924990793,,,
0.0,0.0,0.28247431455596833,,,
1.0,1.0,0.6991034613653188,,,
0.0,0.0,0.4374228351184092,,,
1.0,1.0,0.5404432692675266,,,
0.0,0.0,0.46616249095588835,,,
1.0,0.0,0.4530893424947645,,,
0.0,0.0,0.4306655887754118,,,
1.0,0.0,0.4458097719294755,,,
0.0,0.0,0.399752663731895,,,
0.0,0.0,0.37985962572802096,,,
0.0,1.0,0.6101043364193748,,,
1.0,0.0,0.4950889483147277,,,
0.0,0.0,0.43673824559783847,,,
1.0,1.0,0.5146678313569476,,,
0.0,0.0,0.4300994801870743,,,
0.0,0.0,0.4629043824404351,,,
1.0,1.0,0.5618198398557678,,,
1.0,0.0,0.4758206719366464,,,
1.0,1.0,0.5557291724481653,,,
1.0,1.0,0.5375180667738853,,,
1.0,0.0,0.4113148767786605,,,
1.0,1.0,0.541574653418954,,,
1.0,1.0,0.6351390700012854,,,
1.0,1.0,0.5185860865434505,,,
0.0,0.0,0.42939128357484047,,,
1.0,1.0,0.5325558951067392,,,
0.0,0.0,0.42725007846085433,,,
1.0,1.0,0.547182873947544,,,
0.0,0.0,0.49029408841669125,,,
0.0,0.0,0.4178982254478624,,,
0.0,1.0,0.5149372887656269,,,
1.0,1.0,0.6192062876257508,,,
0.0,0.0,0.3875268347852785,,,
1.0,0.0,0.44178023137896394,,,
1.0,0.0,0.4842902404486557,,,
1.0,0.0,0.40254524296891225,,,
0.0,0.0,0.35998963323835875,,,
1.0,0.0,0.35329239056246076,,,
0.0,0.0,0.4716184551845173,,,
0.0,0.0,0.3939269822220068,,,
0.0,0.0,0.4190336984865139,,,
0.0,0.0,0.37609073745913624,,,
0.0,0.0,0.41313789016728975,,,
1.0,0.0,0.4748511548628195,,,
0.0,1.0,0.5754143764563268,,,
0.0,0.0,0.4358634519064777,,,
0.0,0.0,0.4728894199807977,,,
1.0,1.0,0.7895772280767295,,,
1.0,1.0,0.5865128241044107,,,
0.0,0.0,0.4802443818041896,,,
1.0,1.0,0.5431274428238068,,,
0.0,1.0,0.6193222941334735,,,
0.0,0.0,0.37674763657158494,,,
1.0,1.0,0.5653146524615896,,,
0.0,0.0,0.3890555262583886,,,
0.0,0.0,0.3397624379772438,,,
0.0,0.0,0.4173773483270271,,,
1.0,0.0,0.4596541880989099,,,
0.0,0.0,0.4128878715693095,,,
1.0,0.0,0.49957034994075394,,,
0.0,0.0,0.42352094382770156,,,
0.0,0.0,0.4593564649544469,,,
1.0,1.0,0.7070525539561394,,,
1.0,0.0,0.4778836916605793,,,
1.0,0.0,0.3687061746891473,,,
0.0,1.0,0.6581552943444748,,,
0.0,0.0,0.36709155752568035,,,
1.0,1.0,0.5899844660494402,,,
0.0,0.0,0.35674749665588534,,,
0.0,0.0,0.4152124611035329,,,
0.0,1.0,0.5133888025167688,,,
0.0,0.0,0.42953535263017656,,,
1.0,1.0,0.5948054596118577,,,
0.0,0.0,0.39183489847768516,,,
1.0,1.0,0.5105474470623943,,,
1.0,0.0,0.4613811748534991,,,
1.0,1.0,0.5959252962435306,,,
1.0,1.0,0.7045385832362348,,,
0.0,1.0,0.5237521396979027,,,
1.0,1.0,0.7018184140213911,,,
0.0,0.0,0.4786305341133141,,,
1.0,0.0,0.3788007384134061,,,
0.0,0.0,0.4179782638661277,,,
0.0,0.0,0.40305429861276243,,,
0.0,0.0,0.37264417275762685,,,
1.0,1.0,0.5339705071206181,,,
1.0,1.0,0.592351111788008,,,
1.0,0.0,0.4442086732924125,,,
0.0,0.0,0.4926496020483988,,,
1.0,1.0,0.5279844716764397,,,
1.0,1.0,0.6145588183672528,,,
1.0,0.0,0.43912679696081497,,,
1.0,0.0,0.46287075815344253,,,
1.0,1.0,0.5347812757412157,,,
1.0,1.0,0.5303412403483114,,,
0.0,0.0,0.4879516699008844,,,
1.0,1.0,0.5300597336538813,,,
0.0,0.0,0.3569237201407875,,,
1.0,1.0,0.6254611258797285,,,
1.0,0.0,0.4843705816395863,,,
0.0,0.0,0.34134872688960854,,,
0.0,0.0,0.49119596557212114,,,
1.0,0.0,0.45431107528092185,,,
0.0,0.0,0.3851116275338014,,,
1.0,1.0,0.549504867431537,,,
1.0,1.0,0.5251733924619167,,,
0.0,0.0,0.42893765410764845,,,
0.0,0.0,0.3817943901568455,,,
1.0,0.0,0.41564437884526334,,,
0.0,0.0,0.45457419844679536,,,
1.0,0.0,0.4100385683189625,,,
0.0,0.0,0.397949207956308,,,
0.0,0.0,0.3619401668800316,,,
0.0,0.0,0.37590664424297093,,,
1.0,1.0,0.5192712856302673,,,
0.0,0.0,0.34134872688960854,,,
0.0,1.0,0.5746528802830242,,,
0.0,1.0,0.5308135971953208,,,
1.0,0.0,0.4695628661097752,,,
1.0,0.0,0.40399882494728234,,,
0.0,0.0,0.315296752049238,,,
1.0,1.0,0.581632617864745,,,
0.0,0.0,0.4830762224385235,,,
1.0,0.0,0.4402111272043491,,,
1.0,0.0,0.4279932049370086,,,
0.0,0.0,0.3141318999425506,,,
0.0,0.0,0.4093931680304469,,,
1.0,1.0,0.5175750312059287,,,
1.0,1.0,0.559522679764271,,,
1.0,0.0,0.47488974014547425,,,
1.0,1.0,0.5814706885036731,,,
0.0,1.0,0.6780080465078747,,,
0.0,0.0,0.42714272300424455,,,
0.0,1.0,0.507110677146999,,,
0.0,0.0,0.4344144930297628,,,
1.0,1.0,0.724229395576291,,,
1.0,0.0,0.4746073219049442,,,
1.0,1.0,0.5105862062150291,,,
1.0,1.0,0.648321842530241,,,
0.0,0.0,0.34489750115557316,,,
0.0,0.0,0.366797922611106,,,
1.0,1.0,0.7119930270394654,,,
1.0,1.0,0.5532209913133822,,,
0.0,0.0,0.43660904653688376,,,
1.0,0.0,0.45679652831796114,,,
1.0,0.0,0.4649930362200744,,,
0.0,0.0,0.4388769721380216,,,
0.0,0.0,0.3570792671809825,,,
1.0,1.0,0.6644930071919591,,,
0.0,0.0,0.36395720516869057,,,
0.0,0.0,0.4245792330867605,,,
0.0,1.0,0.5583477567759931,,,
1.0,0.0,0.38922314545384756,,,
0.0,0.0,0.41209767914779233,,,
0.0,0.0,0.3891395821339185,,,
0.0,0.0,0.3862366458623345,,,
1.0,0.0,0.41889465483488936,,,
0.0,0.0,0.32343792155289447,,,
1.0,0.0,0.4671226560579575,,,
1.0,1.0,0.5104755111131584,,,
1.0,1.0,0.5386657895179557,,,
0.0,0.0,0.44338310087685917,,,
0.0,1.0,0.5108351023398688,,,
1.0,1.0,0.5009210198609432,,,
1.0,0.0,0.46656245249309364,,,
0.0,0.0,0.37601378511357686,,,
1.0,0.0,0.48743758445420476,,,
1.0,0.0,0.49130355725484876,,,
0.0,0.0,0.36170064888305475,,,
1.0,0.0,0.4112795916577345,,,
0.0,0.0,0.4229550407744871,,,
0.0,1.0,0.5021568550406194,,,
1.0,0.0,0.44086880287304764,,,
1.0,1.0,0.5871161399270592,,,
1.0,1.0,0.5050035781057397,,,
1.0,1.0,0.586530994406649,,,
0.0,0.0,0.33204183343383037,,,
0.0,0.0,0.4043924416346483,,,
0.0,0.0,0.44890620417367333,,,
1.0,1.0,0.6447928119201322,,,
0.0,0.0,0.4173964100648625,,,
1.0,1.0,0.6970954571105332,,,
1.0,0.0,0.39576859773701856,,,
0.0,0.0,0.43067456149448546,,,
0.0,0.0,0.3694202491026932,,,
0.0,1.0,0.6304521926753193,,,
0.0,0.0,0.3852154261987979,,,
0.0,0.0,0.2928928545317105,,,
1.0,0.0,0.3863635560653196,,,
0.0,1.0,0.6031427041901284,,,
1.0,0.0,0.43646181306010384,,,
1.0,0.0,0.46659006685411564,,,
0.0,0.0,0.3480097728971668,,,
1.0,1.0,0.528982860255476,,,
0.0,0.0,0.37659290642720605,,,
0.0,1.0,0.5766956775828237,,,
1.0,1.0,0.5316777413644798,,,
1.0,1.0,0.5664514229038901,,,
0.0,0.0,0.34327997809872635,,,
0.0,0.0,0.38436936344792727,,,
0.0,1.0,0.5475636637035751,,,
0.0,0.0,0.4211580204864437,,,
0.0,1.0,0.5664308402765498,,,
0.0,0.0,0.3246065101338525,,,
1.0,0.0,0.4573209561978034,,,
0.0,0.0,0.27958348005858474,,,
1.0,0.0,0.4104771011548728,,,
1.0,1.0,0.5004694795948478,,,
1.0,1.0,0.5842367228278256,,,
0.0,0.0,0.3862367367319639,,,
0.0,0.0,0.4551849664654437,,,
0.0,0.0,0.49341282604189624,,,
0.0,0.0,0.36978348749082746,,,
0.0,0.0,0.4337987034696177,,,
1.0,0.0,0.48948060898142437,,,
1.0,0.0,0.3751201063518346,,,
1.0,1.0,0.6670415243961849,,,
1.0,1.0,0.7804449184761786,,,
0.0,0.0,0.44960925535026186,,,
1.0,1.0,0.7437793446315665,,,
1.0,1.0,0.5255859012245269,,,
1.0,1.0,0.6176037591883187,,,
0.0,0.0,0.40093296090761577,,,
0.0,0.0,0.31914460673978157,,,
1.0,1.0,0.5291641576578464,,,
1.0,1.0,0.6210324294518275,,,
0.0,0.0,0.45335994342371977,,,
1.0,1.0,0.5787778939402294,,,
0.0,0.0,0.4689993002937992,,,
0.0,0.0,0.4417532992999282,,,
1.0,0.0,0.43051449776906386,,,
1.0,1.0,0.7828508781982099,,,
1.0,0.0,0.41423910059687274,,,
1.0,1.0,0.5235583568830864,,,
1.0,1.0,0.5495880820989738,,,
0.0,0.0,0.36189834056145104,,,
0.0,0.0,0.4278622060809347,,,
0.0,0.0,0.4632807631933493,,,
0.0,0.0,0.36903597314128384,,,
0.0,0.0,0.4754431844659564,,,
0.0,0.0,0.40307746940339784,,,
1.0,1.0,0.5165149640207009,,,
0.0,0.0,0.3341481411048695,,,
1.0,0.0,0.40642017439708744,,,
0.0,0.0,0.3987531206594012,,,
1.0,1.0,0.5402779083299748,,,
1.0,1.0,0.5529959014219252,,,
0.0,0.0,0.3439454989520321,,,
0.0,0.0,0.40625771820730683,,,
0.0,0.0,0.4139968194975311,,,
0.0,0.0,0.48334680682910863,,,
0.0,0.0,0.4902776494613568,,,
1.0,0.0,0.45725692373612165,,,
0.0,0.0,0.4052560617586002,,,
1.0,0.0,0.4365168347282164,,,
1.0,1.0,0.5971620557591262,,,
1.0,1.0,0.5117467520790854,,,
0.0,0.0,0.4994399671100638,,,
1.0,1.0,0.624145763834111,,,
0.0,1.0,0.5752276520865351,,,
0.0,0.0,0.42193260126013143,,,
0.0,0.0,0.4031795982288779,,,
1.0,0.0,0.3888835555148837,,,
1.0,1.0,0.5476538386418792,,,
1.0,1.0,0.5297342287444861,,,
1.0,1.0,0.7693926097909007,,,
1.0,1.0,0.5631557181178235,,,
0.0,0.0,0.41133363752064966,,,
0.0,0.0,0.4626519998948495,,,
1.0,1.0,0.5387320567761482,,,
1.0,1.0,0.5411178099965104,,,
0.0,0.0,0.3779975254940771,,,
1.0,0.0,0.3999346737899422,,,
1.0,1.0,0.5680264518356624,,,
0.0,0.0,0.4063340382360481,,,
0.0,0.0,0.4118669864965939,,,
0.0,0.0,0.38840577482991634,,,
1.0,0.0,0.44637592097249273,,,
1.0,0.0,0.4939228338180092,,,
1.0,0.0,0.4754433156747311,,,
0.0,0.0,0.39153434578200746,,,
0.0,0.0,0.3425222895291204,,,
0.0,0.0,0.3551124440034937,,,
1.0,1.0,0.7642671867820735,,,
0.0,0.0,0.40162573622427267,,,
1.0,1.0,0.6993731439985298,,,
1.0,1.0,0.525737269061435,,,
0.0,0.0,0.43592666043357187,,,
1.0,0.0,0.436873796448095,,,
0.0,0.0,0.43962521858342646,,,
1.0,1.0,0.8726851157750147,,,
0.0,0.0,0.4756690660001665,,,
0.0,0.0,0.417870316993398,,,
1.0,0.0,0.44610579669775013,,,
1.0,1.0,0.5343247791628452,,,
0.0,0.0,0.4155717618399629,,,
0.0,0.0,0.3989399699741078,,,
0.0,0.0,0.4998897575623114,,,
1.0,1.0,0.7183128874698242,,,
1.0,1.0,0.5375180667738853,,,
0.0,0.0,0.3966797022592874,,,
1.0,1.0,0.5227136397208944,,,
1.0,0.0,0.49852328005634533,,,
1.0,0.0,0.4813843749771756,,,
0.0,0.0,0.23089469991733944,,,
1.0,0.0,0.4358694854730905,,,
1.0,1.0,0.7814596619620201,,,
0.0,0.0,0.3406154288898686,,,
0.0,1.0,0.5324311629612953,,,
1.0,1.0,0.5914721507968651,,,
1.0,0.0,0.4042102194116168,,,
0.0,0.0,0.39988162023220963,,,
0.0,0.0,0.38666672320673867,,,
1.0,0.0,0.4871052704217599,,,
0.0,0.0,0.42729598290892157,,,
1.0,1.0,0.5319707409832294,,,
1.0,0.0,0.4973907249290139,,,
1.0,1.0,0.5220272895480909,,,
1.0,0.0,0.42228341852843976,,,
0.0,0.0,0.3681128866338607,,,
0.0,0.0,0.41829848750149445,,,
1.0,1.0,0.8436366036603578,,,
0.0,0.0,0.3201488682117791,,,
1.0,1.0,0.698728616356179,,,
1.0,1.0,0.5174230238635631,,,
0.0,0.0,0.4067561602482461,,,
0.0,0.0,0.39450469793788373,,,
1.0,1.0,0.5261302072731786,,,
1.0,0.0,0.4303253475817743,,,
0.0,0.0,0.31740894908753475,,,
1.0,1.0,0.617664817607,,,
1.0,1.0,0.6398239613492812,,,
1.0,1.0,0.571232642265808,,,
0.0,0.0,0.4021451673760228,,,
0.0,0.0,0.4783949165350071,,,
1.0,1.0,0.63612386398317,,,
0.0,0.0,0.4234032184713275,,,
1.0,1.0,0.6205820757964308,,,
0.0,0.0,0.3975325604576397,,,
0.0,0.0,0.41417564853778066,,,
1.0,0.0,0.48661612937647175,,,
0.0,0.0,0.3802738938619525,,,
1.0,0.0,0.49577831701281533,,,
0.0,0.0,0.34705435171102095,,,
1.0,1.0,0.6113152926444593,,,
0.0,0.0,0.3862690327527934,,,
0.0,0.0,0.499706249942938,,,
1.0,1.0,0.5368593663104324,,,
0.0,0.0,0.2986218398077285,,,
0.0,0.0,0.4421476065070127,,,
1.0,1.0,0.5389504852518308,,,
0.0,0.0,0.43063346501453653,,,
0.0,0.0,0.4389588431384549,,,
1.0,1.0,0.7646930059596582,,,
1.0,1.0,0.659032724714751,,,
1.0,1.0,0.5226342803358618,,,
1.0,1.0,0.5718910468315812,,,
1.0,1.0,0.7791305946854321,,,
1.0,1.0,0.6407023410029693,,,
1.0,1.0,0.705464242595647,,,
1.0,1.0,0.5118679045412741,,,
1.0,0.0,0.4932771372318834,,,
0.0,0.0,0.3719674562013553,,,
1.0,1.0,0.5291359693233317,,,
0.0,0.0,0.46123780513845175,,,
1.0,0.0,0.4757620640005489,,,
0.0,0.0,0.42414524333553044,,,
1.0,0.0,0.4478376939061748,,,
1.0,1.0,0.5629359587827039,,,
1.0,1.0,0.7403715007297897,,,
1.0,1.0,0.8153123022582278,,,
1.0,1.0,0.6447432354483372,,,
1.0,1.0,0.5203597252419728,,,
1.0,1.0,0.8556063006300547,,,
1.0,0.0,0.35222935838664293,,,
0.0,0.0,0.4042477692186375,,,
0.0,0.0,0.38387876134563115,,,
1.0,1.0,0.6212196765637412,,,
0.0,0.0,0.35764413404148615,,,
1.0,1.0,0.8165270404813427,,,
1.0,1.0,0.5694351278667401,,,
0.0,0.0,0.3198591589676676,,,
0.0,0.0,0.37082874749640743,,,
1.0,0.0,0.42496927670057544,,,
0.0,0.0,0.46925407737051444,,,
1.0,1.0,0.5582201987974135,,,
0.0,0.0,0.3440229203285171,,,
0.0,0.0,0.40605458646965936,,,
1.0,1.0,0.505564722547761,,,
0.0,0.0,0.36816521782020595,,,
1.0,1.0,0.6113125969964074,,,
0.0,0.0,0.34999812702298544,,,
1.0,1.0,0.7960870668928521,,,
1.0,1.0,0.8050587383367228,,,
1.0,0.0,0.49771078292723525,,,
0.0,0.0,0.38804572206943105,,,
1.0,0.0,0.4977599261595885,,,
0.0,0.0,0.42754733062517597,,,
0.0,0.0,0.3263219683813416,,,
0.0,0.0,0.39277836183828463,,,
0.0,1.0,0.51029608606442,,,
1.0,1.0,0.5644263058256013,,,
0.0,0.0,0.43870346886157974,,,
0.0,0.0,0.42719984539875694,,,
0.0,0.0,0.4142253473112193,,,
1.0,1.0,0.6825436394011423,,,
0.0,0.0,0.442106161820741,,,
1.0,0.0,0.4213587387772658,,,
0.0,0.0,0.35322551272151165,,,
0.0,0.0,0.43131616383356525,,,
0.0,0.0,0.4284231830437345,,,
1.0,1.0,0.8102943434721258,,,
1.0,1.0,0.5288969945495661,,,
0.0,0.0,0.34325436800098785,,,
0.0,0.0,0.3776625514060417,,,
1.0,0.0,0.35016736846851015,,,
0.0,0.0,0.45600075959216974,,,
0.0,0.0,0.4320004348519084,,,
1.0,1.0,0.5205115902306963,,,
0.0,0.0,0.4736200918352979,,,
0.0,0.0,0.4877624539502862,,,
0.0,0.0,0.3933604561176027,,,
1.0,0.0,0.36912918383026494,,,
0.0,0.0,0.3755833950084848,,,
0.0,0.0,0.49642941729429196,,,
1.0,1.0,0.625708291996138,,,
0.0,0.0,0.369226476598973,,,
0.0,0.0,0.3942434705536478,,,
1.0,1.0,0.500233261198074,,,
0.0,0.0,0.3451494412909655,,,
0.0,0.0,0.401675797274883,,,
0.0,0.0,0.41063057631770994,,,
1.0,1.0,0.6847690119410036,,,
1.0,1.0,0.678014370690405,,,
1.0,1.0,0.5997170171490068,,,
0.0,1.0,0.5112484748176871,,,
1.0,0.0,0.4423845009883711,,,
1.0,1.0,0.5791746348518236,,,
0.0,0.0,0.3965866751084253,,,
1.0,0.0,0.40331696268158285,,,
0.0,0.0,0.33859961949974376,,,
0.0,0.0,0.4610808805186025,,,
1.0,1.0,0.5859875907537997,,,
1.0,1.0,0.5419673126356552,,,
0.0,0.0,0.4093415947596332,,,
0.0,0.0,0.4072377864752282,,,
0.0,0.0,0.34926557400569613,,,
1.0,1.0,0.5199527588458964,,,
1.0,0.0,0.4740260366506061,,,
1.0,1.0,0.6627133907478898,,,
0.0,1.0,0.5215993294555098,,,
0.0,0.0,0.38751362497862923,,,
1.0,0.0,0.4276076191711018,,,
0.0,0.0,0.430372631794933,,,
1.0,1.0,0.5147290694835569,,,
0.0,0.0,0.4237555331739353,,,
1.0,0.0,0.48336527746431857,,,
1.0,0.0,0.46628334009437444,,,
0.0,0.0,0.44977974130542714,,,
1.0,1.0,0.5727312630549647,,,
0.0,0.0,0.39232430757977504,,,
1.0,1.0,0.824201574878477,,,
0.0,0.0,0.38650453271004176,,,
1.0,1.0,0.6356560019489266,,,
0.0,0.0,0.3134656144504675,,,
0.0,0.0,0.42483480520463013,,,
0.0,0.0,0.20774733006956458,,,
0.0,0.0,0.4254622470877609,,,
1.0,0.0,0.4252450880780872,,,
1.0,1.0,0.6319909355364636,,,
1.0,1.0,0.697627061034591,,,
0.0,0.0,0.46225667726124575,,,
0.0,0.0,0.3638119462728456,,,
1.0,0.0,0.40485319543704557,,,
0.0,0.0,0.48153084359727344,,,
1.0,0.0,0.4955243972214468,,,
0.0,0.0,0.3694202491026932,,,
1.0,1.0,0.5814655192409447,,,
1.0,0.0,0.42818009778689237,,,
1.0,0.0,0.47281361152897483,,,
1.0,0.0,0.43299354909441085,,,
0.0,0.0,0.37216394976185446,,,
1.0,0.0,0.4703110939615196,,,
1.0,1.0,0.5664140399937253,,,
0.0,0.0,0.47963364235834133,,,
0.0,0.0,0.4768991100311785,,,
0.0,0.0,0.3807986871982363,,,
0.0,1.0,0.554164135081489,,,
0.0,0.0,0.3790793211571523,,,
1.0,1.0,0.5402509303087473,,,
1.0,1.0,0.5218180135653357,,,
0.0,0.0,0.40394593550867774,,,
0.0,0.0,0.4028919117537656,,,
1.0,1.0,0.5104104318301002,,,
1.0,0.0,0.4260600351720729,,,
0.0,0.0,0.48623826746744614,,,
0.0,0.0,0.3482248964817942,,,
0.0,0.0,0.34021070307979234,,,
1.0,1.0,0.7789168982439889,,,
0.0,0.0,0.2618989700044166,,,
0.0,1.0,0.5688996265709136,,,
1.0,0.0,0.3738365776403142,,,
0.0,0.0,0.4496193186951178,,,
1.0,0.0,0.45771382859409326,,,
1.0,1.0,0.6506289400714766,,,
1.0,1.0,0.5682472852124111,,,
0.0,0.0,0.40910866030676174,,,
0.0,0.0,0.3482840502934143,,,
0.0,0.0,0.4582670879783812,,,
1.0,0.0,0.41596604146926325,,,
0.0,0.0,0.34662205581011457,,,
1.0,1.0,0.5113084232951625,,,
1.0,0.0,0.48599775462019423,,,
1.0,0.0,0.4308783225467828,,,
0.0,0.0,0.35805781500384654,,,
1.0,1.0,0.5624619461701912,,,
0.0,0.0,0.3211528042504375,,,
1.0,1.0,0.8559393396059697,,,
1.0,1.0,0.8499549073388815,,,
1.0,1.0,0.514464350375297,,,
0.0,0.0,0.48018100008304004,,,
1.0,0.0,0.4544250018520475,,,
1.0,1.0,0.5693669912936722,,,
1.0,1.0,0.7806178077317473,,,
1.0,1.0,0.507723755831955,,,
0.0,0.0,0.3666008999475864,,,
0.0,0.0,0.4156883891371214,,,
0.0,0.0,0.4374359172244301,,,
1.0,1.0,0.7214119931561268,,,
1.0,1.0,0.5969183269584338,,,
1.0,1.0,0.6492731012725631,,,
0.0,0.0,0.36445606410091846,,,
0.0,0.0,0.48058849639812756,,,
1.0,0.0,0.49519334658874614,,,
0.0,0.0,0.46912344122630173,,,
1.0,0.0,0.4317165521673269,,,
0.0,0.0,0.35544771379969897,,,
1.0,0.0,0.42297927426586585,,,
1.0,1.0,0.5441564857447421,,,
0.0,0.0,0.3694023621562225,,,
0.0,0.0,0.37633353536687175,,,
0.0,0.0,0.3845271868127144,,,
0.0,0.0,0.4276185138382563,,,
0.0,0.0,0.4289924615579504,,,
1.0,1.0,0.5103029978095671,,,
0.0,0.0,0.40865619053122876,,,
0.0,1.0,0.5104282205516001,,,
0.0,0.0,0.3804688929821761,,,
0.0,0.0,0.4456313073333368,,,
1.0,1.0,0.5775284139294636,,,
1.0,1.0,0.8016123102568248,,,
1.0,1.0,0.8585209161120896,,,
1.0,1.0,0.7707270591485118,,,
0.0,0.0,0.43857980078578607,,,
0.0,0.0,0.48346916166237297,,,
0.0,0.0,0.4283862758349054,,,
0.0,0.0,0.38748584858822227,,,
0.0,0.0,0.4685720153715001,,,
0.0,1.0,0.5985311052626578,,,
0.0,0.0,0.39012194346104834,,,
0.0,0.0,0.39001402456135004,,,
1.0,0.0,0.3929336363161196,,,
0.0,0.0,0.4046001067809346,,,
1.0,0.0,0.3821199068352184,,,
1.0,1.0,0.8430865833310254,,,
0.0,0.0,0.2091451795319302,,,
1.0,0.0,0.4847588037310825,,,
1.0,1.0,0.5056779248008155,,,
1.0,1.0,0.5539223630984776,,,
0.0,0.0,0.41179192908076084,,,
0.0,0.0,0.4233371540939359,,,
0.0,0.0,0.42816978072550677,,,
0.0,0.0,0.4816934110266593,,,
1.0,1.0,0.5099509072910523,,,
1.0,1.0,0.5834334708477864,,,
0.0,0.0,0.4646029797151863,,,
0.0,0.0,0.41386337767168163,,,
0.0,0.0,0.48112580954608886,,,
1.0,1.0,0.6436488092158157,,,
0.0,0.0,0.42922872377976357,,,
0.0,1.0,0.6105965069890286,,,
1.0,1.0,0.5569120289365102,,,
1.0,1.0,0.5237389968855058,,,
1.0,1.0,0.6593420112963403,,,
1.0,0.0,0.45766960494278824,,,
0.0,1.0,0.5372501896732471,,,
1.0,1.0,0.6942446005908122,,,
0.0,0.0,0.38789186481575433,,,
0.0,0.0,0.34002219224541036,,,
1.0,1.0,0.7576484511373469,,,
0.0,0.0,0.3750687333899305,,,
0.0,0.0,0.4993104673405188,,,
0.0,0.0,0.4613134177099985,,,
0.0,0.0,0.41233925669789456,,,
0.0,0.0,0.41728530446529566,,,
0.0,0.0,0.35317381421250005,,,
1.0,0.0,0.45171757167945126,,,
1.0,1.0,0.5261250436524713,,,
1.0,1.0,0.577410113991626,,,
0.0,1.0,0.6889574685623329,,,
1.0,1.0,0.5352870188120612,,,
0.0,1.0,0.6506669630577303,,,
1.0,1.0,0.5782322912285385,,,
0.0,0.0,0.3721954429803807,,,
0.0,0.0,0.49573063652872434,,,
0.0,0.0,0.4050602957477103,,,
1.0,0.0,0.4878794593565452,,,
1.0,0.0,0.4799449722364756,,,
1.0,0.0,0.44109751356003435,,,
0.0,0.0,0.3967325287138806,,,
0.0,0.0,0.3699703759989753,,,
0.0,0.0,0.43997223775488153,,,
0.0,0.0,0.3619419602112726,,,
1.0,0.0,0.49376329853952927,,,
0.0,0.0,0.3987679758466973,,,
0.0,0.0,0.4541115006557498,,,
0.0,1.0,0.5215440423717315,,,
1.0,1.0,0.7836843915509539,,,
0.0,0.0,0.45794014596341076,,,
1.0,1.0,0.6509750863965478,,,
0.0,0.0,0.4494996253013552,,,
1.0,0.0,0.4462548281877025,,,
0.0,0.0,0.3859357699144153,,,
0.0,0.0,0.3541670780483478,,,
0.0,0.0,0.40980290834666155,,,
0.0,0.0,0.37217077098477935,,,
0.0,0.0,0.44059953242043504,,,
1.0,1.0,0.546781780769021,,,
0.0,1.0,0.5113725152235261,,,
0.0,1.0,0.5041051169668753,,,
1.0,0.0,0.4234693626094071,,,
0.0,0.0,0.39233824316161686,,,
1.0,1.0,0.7319487000977878,,,
0.0,0.0,0.45394654112902294,,,
1.0,1.0,0.7081056900085497,,,
0.0,0.0,0.37426523829720254,,,
0.0,0.0,0.2930132179094415,,,
1.0,1.0,0.7513875092575817,,,
1.0,1.0,0.5524909099868885,,,
1.0,0.0,0.46362701590866656,,,
1.0,1.0,0.6984007636889902,,,
1.0,1.0,0.5347980245861196,,,
0.0,0.0,0.4622727328260743,,,
0.0,1.0,0.5311807984112271,,,
1.0,0.0,0.44994979406286384,,,
0.0,0.0,0.39112104747918935,,,
0.0,0.0,0.39542914102029464,,,
0.0,0.0,0.37978188448569195,,,
1.0,1.0,0.5087572974243221,,,
0.0,0.0,0.38335645281081604,,,
0.0,0.0,0.36061558873751787,,,
0.0,0.0,0.4534070035885268,,,
1.0,1.0,0.6755671153652445,,,
0.0,0.0,0.4396322155801586,,,
0.0,0.0,0.4632696064695101,,,
0.0,0.0,0.3627290888668481,,,
0.0,0.0,0.31840276223478786,,,
1.0,1.0,0.5142184033024167,,,
1.0,1.0,0.5127731744552861,,,
0.0,1.0,0.5093038648038628,,,
0.0,0.0,0.42012151457578834,,,
1.0,1.0,0.6751482272180972,,,
0.0,1.0,0.5123849003117613,,,
0.0,0.0,0.4092479199866998,,,
0.0,0.0,0.27958348005858474,,,
0.0,0.0,0.45924512613406276,,,
1.0,0.0,0.46082462639647204,,,
1.0,1.0,0.5401046773471155,,,
0.0,0.0,0.3508469531241893,,,
1.0,1.0,0.6601531765505794,,,
0.0,0.0,0.34134872688960854,,,
0.0,0.0,0.39490246055572376,,,
1.0,0.0,0.3385872320535448,,,
0.0,0.0,0.4763286136664956,,,
0.0,0.0,0.3343290468366812,,,
1.0,0.0,0.46994384824153074,,,
0.0,1.0,0.5376094889256553,,,
0.0,1.0,0.5548197843655762,,,
1.0,1.0,0.507075875625062,,,
0.0,1.0,0.562698439370869,,,
0.0,0.0,0.3807876987601518,,,
0.0,0.0,0.4051974627497211,,,
1.0,1.0,0.5993679342876772,,,
1.0,1.0,0.610502039437365,,,
1.0,1.0,0.7029362951172247,,,
1.0,0.0,0.3914631731219369,,,
0.0,0.0,0.41963593793751913,,,
0.0,1.0,0.5116525164356064,,,
0.0,0.0,0.44745674801487434,,,
0.0,0.0,0.4312825661232512,,,
0.0,0.0,0.411325822027352,,,
0.0,0.0,0.38331021086194844,,,
0.0,0.0,0.3844984711465861,,,
1.0,0.0,0.4331473533050388,,,
1.0,1.0,0.575822428053024,,,
1.0,1.0,0.5684130872899538,,,
1.0,1.0,0.5947218575659623,,,
0.0,0.0,0.39076504445109606,,,
0.0,0.0,0.4294298555978151,,,
0.0,0.0,0.36318053047377546,,,
0.0,0.0,0.34803232607323203,,,
0.0,0.0,0.33583739416978153,,,
1.0,1.0,0.6090669238590934,,,
0.0,0.0,0.46492540662733284,,,
0.0,0.0,0.38959044028106715,,,
1.0,0.0,0.45197350088840005,,,
1.0,0.0,0.46564785466299347,,,
1.0,1.0,0.5814035687119707,,,
0.0,0.0,0.36549785754556074,,,
0.0,0.0,0.4223334937911081,,,
0.0,0.0,0.40345213937854907,,,
0.0,1.0,0.554259917106787,,,
0.0,0.0,0.3711735090439599,,,
0.0,0.0,0.44765799520410676,,,
1.0,0.0,0.46877211029570437,,,
0.0,1.0,0.5788337983599046,,,
0.0,0.0,0.4715887900436808,,,
0.0,0.0,0.4116734359209083,,,
1.0,0.0,0.4582805082163261,,,
0.0,0.0,0.4117916544168576,,,
1.0,1.0,0.5898048722553461,,,
1.0,0.0,0.43370755896250707,,,
0.0,0.0,0.27452660002718776,,,
0.0,0.0,0.4931592395507616,,,
1.0,1.0,0.5216930123121425,,,
0.0,0.0,0.394731792382826,,,
1.0,1.0,0.6339022159502197,,,
0.0,0.0,0.4722058979075936,,,
1.0,1.0,0.651476867956583,,,
1.0,1.0,0.7111839698619665,,,
0.0,0.0,0.3528029115419814,,,
0.0,1.0,0.5428913609884115,,,
1.0,0.0,0.49903784732052214,,,
1.0,1.0,0.5938890108033567,,,
1.0,1.0,0.7110426335059478,,,
1.0,0.0,0.48957322036061696,,,
0.0,0.0,0.42704161770900156,,,
0.0,0.0,0.47369471937136126,,,
0.0,0.0,0.4111182635309364,,,
0.0,0.0,0.4730143280528868,,,
1.0,1.0,0.5805350291848682,,,
0.0,0.0,0.49422025711883544,,,
1.0,1.0,0.5217063123783541,,,
1.0,1.0,0.5753811264767377,,,
0.0,0.0,0.4657875094777528,,,
1.0,0.0,0.44109279001873775,,,
0.0,0.0,0.34449365750352273,,,
1.0,0.0,0.4979390054780148,,,
0.0,0.0,0.20774733006956458,,,
1.0,0.0,0.44310563733937763,,,
1.0,1.0,0.5596532892889658,,,
0.0,0.0,0.4177845228224124,,,
1.0,1.0,0.565842341703606,,,
1.0,0.0,0.4882212598762132,,,
1.0,1.0,0.5796563506490848,,,
0.0,0.0,0.3779632260229422,,,
1.0,0.0,0.49616077565220856,,,
1.0,0.0,0.4986558767978479,,,
1.0,1.0,0.6748913148962998,,,
0.0,0.0,0.46897286045168946,,,
1.0,1.0,0.6472611205785221,,,
0.0,1.0,0.5648739827916186,,,
0.0,1.0,0.6818370644909048,,,
0.0,0.0,0.4300310048309843,,,
0.0,0.0,0.44294128070486594,,,
0.0,0.0,0.3721574664101302,,,
1.0,1.0,0.8599162649492991,,,
1.0,0.0,0.47640602000305876,,,
1.0,0.0,0.4615104912379524,,,
1.0,1.0,0.5905828053693671,,,
0.0,0.0,0.39976423007767364,,,
1.0,0.0,0.43033851988950034,,,
0.0,0.0,0.42317423666393483,,,
1.0,1.0,0.6705099512619711,,,
1.0,1.0,0.5423508427994749,,,
1.0,1.0,0.6582636239793647,,,
0.0,0.0,0.3732960560919678,,,
1.0,0.0,0.3661612143238592,,,
0.0,0.0,0.3896593937461779,,,
0.0,0.0,0.36133301226732006,,,
1.0,0.0,0.4950889483147277,,,
1.0,1.0,0.6651806342641422,,,
0.0,0.0,0.3940283856972569,,,
0.0,0.0,0.47476504202290826,,,
0.0,0.0,0.3760420989870096,,,
0.0,0.0,0.39157059089027046,,,
1.0,1.0,0.6468766482254951,,,
1.0,1.0,0.5991304338865473,,,
1.0,1.0,0.5070862183168964,,,
0.0,0.0,0.38732688594339876,,,
1.0,0.0,0.4077229529672757,,,
1.0,1.0,0.7532745775377054,,,
0.0,0.0,0.3937996154346237,,,
0.0,0.0,0.21300331688434546,,,
1.0,1.0,0.5529084724533587,,,
1.0,0.0,0.4277311090560245,,,
1.0,0.0,0.4605543789067232,,,
1.0,0.0,0.45574833271243426,,,
0.0,0.0,0.34590887318874375,,,
0.0,0.0,0.4085611236184098,,,
0.0,0.0,0.3972540613561847,,,
0.0,0.0,0.3966333088992694,,,
0.0,1.0,0.504428028675872,,,
0.0,1.0,0.5877087220231778,,,
0.0,0.0,0.3747492434373422,,,
0.0,0.0,0.31248976257204886,,,
0.0,0.0,0.4111722894478493,,,
0.0,0.0,0.49414993212799585,,,
0.0,0.0,0.3754161999050918,,,
1.0,0.0,0.4117749817461759,,,
0.0,0.0,0.478381261565918,,,
1.0,1.0,0.5446698827027663,,,
0.0,0.0,0.3523754227501748,,,
0.0,0.0,0.33077669573801793,,,
1.0,0.0,0.42720062747261167,,,
0.0,0.0,0.43841070078404426,,,
0.0,0.0,0.40480474329284766,,,
0.0,0.0,0.4106109559263655,,,
1.0,1.0,0.6434151673857877,,,
1.0,0.0,0.3524536023410794,,,
1.0,0.0,0.32979599678665544,,,
0.0,0.0,0.3505585971443127,,,
1.0,0.0,0.4539462748167039,,,
0.0,0.0,0.4025361285080163,,,
1.0,0.0,0.4458712649822234,,,
1.0,0.0,0.49151963221148476,,,
0.0,0.0,0.43373934538281594,,,
1.0,0.0,0.3745689912889095,,,
1.0,1.0,0.7895295512854327,,,
1.0,0.0,0.4307748375377568,,,
1.0,0.0,0.47062727117147884,,,
1.0,1.0,0.5700173967710254,,,
0.0,0.0,0.407378149873584,,,
1.0,0.0,0.38933900302973845,,,
1.0,1.0,0.6262065475736229,,,
1.0,0.0,0.37884816587688774,,,
1.0,0.0,0.3816401577726474,,,
1.0,1.0,0.5260280735091641,,,
0.0,0.0,0.38432239960090314,,,
0.0,0.0,0.33338864102992155,,,
0.0,1.0,0.6313231640285184,,,
1.0,0.0,0.36978348749082746,,,
1.0,1.0,0.6399766289005098,,,
0.0,0.0,0.3846177691187016,,,
0.0,0.0,0.35756437045441564,,,
0.0,0.0,0.45457332824316327,,,
1.0,1.0,0.7002541824062785,,,
0.0,0.0,0.40828637504703846,,,
1.0,1.0,0.5033559579616284,,,
0.0,0.0,0.49989181780004116,,,
0.0,0.0,0.3657714054058437,,,
0.0,0.0,0.4824290758015524,,,
0.0,0.0,0.3594777661217862,,,
1.0,0.0,0.4011093128363197,,,
0.0,0.0,0.43367722604228354,,,
1.0,0.0,0.4971744478695665,,,
0.0,1.0,0.6223987531896804,,,
1.0,1.0,0.7008070473669805,,,
1.0,1.0,0.6601999212705552,,,
0.0,0.0,0.3758723638457541,,,
1.0,0.0,0.374135044796329,,,
1.0,0.0,0.4263230068693988,,,
0.0,1.0,0.5044986901147934,,,
0.0,0.0,0.40381596122104246,,,
1.0,0.0,0.49718887407190254,,,
1.0,0.0,0.48774088281226374,,,
0.0,0.0,0.4093972265510493,,,
0.0,0.0,0.3634641107744547,,,
0.0,0.0,0.4634645496763455,,,
1.0,1.0,0.7073190040098192,,,
0.0,0.0,0.3564911468635188,,,
0.0,0.0,0.4470324548569604,,,
1.0,1.0,0.6438578356779595,,,
1.0,1.0,0.8726851157750147,,,
1.0,1.0,0.5132231512238739,,,
1.0,0.0,0.48465187238774454,,,
1.0,1.0,0.5537246606165399,,,
0.0,0.0,0.45780835718498997,,,
0.0,0.0,0.359162351149624,,,
0.0,0.0,0.46461212461982404,,,
1.0,0.0,0.4562422746985918,,,
0.0,0.0,0.32178467831952867,,,
0.0,0.0,0.4314354918633574,,,
1.0,1.0,0.5993004309876553,,,
1.0,1.0,0.5289518798548568,,,
0.0,0.0,0.372778576778941,,,
0.0,0.0,0.45421552866017484,,,
0.0,0.0,0.41179051146625656,,,
1.0,0.0,0.49715284790833464,,,
1.0,0.0,0.4472383474273125,,,
1.0,0.0,0.43016710445134143,,,
0.0,0.0,0.35873453567349306,,,
0.0,1.0,0.5038952772173833,,,
1.0,1.0,0.6960088239797099,,,
0.0,0.0,0.40235239037537546,,,
1.0,1.0,0.6814046285689142,,,
1.0,0.0,0.38151959390061235,,,
1.0,1.0,0.6503418110015091,,,
0.0,1.0,0.5971564629695222,,,
0.0,0.0,0.40689755997394783,,,
0.0,0.0,0.4352613642791257,,,
0.0,0.0,0.4723172729877567,,,
0.0,0.0,0.42810936213829576,,,
1.0,1.0,0.6737216075280689,,,
1.0,0.0,0.45178586407114785,,,
0.0,0.0,0.33674546094111435,,,
1.0,1.0,0.5451717370540102,,,
0.0,0.0,0.499706249942938,,,
0.0,1.0,0.5057827360783994,,,
1.0,1.0,0.6572323801693796,,,
1.0,1.0,0.7932319530832743,,,
1.0,0.0,0.4622856525508904,,,
1.0,1.0,0.8045596232843941,,,
0.0,0.0,0.3481905532835824,,,
0.0,0.0,0.49712989169340566,,,
0.0,0.0,0.41101733950579716,,,
0.0,0.0,0.48565123212017125,,,
1.0,0.0,0.45344152176522606,,,
0.0,1.0,0.5476191369595795,,,
0.0,0.0,0.48388771349150467,,,
1.0,1.0,0.503967050065757,,,
0.0,0.0,0.35137988964172934,,,
0.0,0.0,0.4188458019445585,,,
1.0,0.0,0.4377467416345575,,,
0.0,0.0,0.3393999134993343,,,
1.0,0.0,0.41407478598744984,,,
0.0,0.0,0.41492760396711703,,,
0.0,0.0,0.37551728010373175,,,
1.0,1.0,0.5149537972512933,,,
0.0,1.0,0.5216243151034576,,,
1.0,1.0,0.7842243663807359,,,
1.0,1.0,0.5863727696662084,,,
1.0,0.0,0.3888845516458696,,,
0.0,0.0,0.35434863587592585,,,
0.0,0.0,0.3462937347205006,,,
0.0,0.0,0.49568211306969867,,,
0.0,0.0,0.41961512385318855,,,
0.0,1.0,0.5012875450981871,,,
1.0,0.0,0.49587230651580705,,,
0.0,0.0,0.3835667538559524,,,
1.0,1.0,0.5782426295597014,,,
1.0,1.0,0.7405927356974321,,,
0.0,0.0,0.3986554529080628,,,
1.0,1.0,0.7110718449631525,,,
0.0,0.0,0.36788339242095985,,,
0.0,0.0,0.33173375782343234,,,
0.0,0.0,0.3801098982175421,,,
1.0,1.0,0.6201789278548204,,,
1.0,0.0,0.4761904592237318,,,
1.0,1.0,0.7412113089662462,,,
0.0,0.0,0.4215537955868777,,,
0.0,0.0,0.3362975388292154,,,
1.0,1.0,0.7945428451248148,,,
0.0,0.0,0.3313154976018569,,,
0.0,0.0,0.3671911821475552,,,
0.0,0.0,0.4265415640188345,,,
0.0,0.0,0.49037629483555784,,,
1.0,0.0,0.4057170794324925,,,
1.0,1.0,0.7618299981838149,,,
1.0,1.0,0.5877620706465926,,,
0.0,0.0,0.4732321324800716,,,
1.0,1.0,0.542216365708081,,,
1.0,1.0,0.5559005394345005,,,
1.0,1.0,0.5979051315581199,,,
0.0,0.0,0.46156671644877995,,,
1.0,0.0,0.45054702403328306,,,
0.0,0.0,0.33534055399873425,,,
0.0,0.0,0.34241472144952406,,,
1.0,1.0,0.5386222165220963,,,
0.0,0.0,0.40906098824208814,,,
1.0,0.0,0.4571032243363761,,,
1.0,1.0,0.6083051373626198,,,
0.0,0.0,0.3815964503096275,,,
0.0,1.0,0.7089886350615333,,,
0.0,0.0,0.39169620880224676,,,
0.0,0.0,0.3543737237888011,,,
1.0,1.0,0.7286482416566286,,,
1.0,0.0,0.4473870612804373,,,
1.0,0.0,0.4947175750533468,,,
1.0,1.0,0.5310373840308293,,,
0.0,0.0,0.3905896780436244,,,
0.0,1.0,0.5926753921419405,,,
1.0,0.0,0.4826064345495192,,,
1.0,1.0,0.6979590637423548,,,
1.0,0.0,0.31595331347579214,,,
1.0,0.0,0.43197653527205676,,,
0.0,0.0,0.46925242998495387,,,
0.0,0.0,0.40277085896893183,,,
0.0,0.0,0.39006257129428507,,,
0.0,0.0,0.43379792620074076,,,
1.0,0.0,0.39604522200043923,,,
0.0,0.0,0.37543046280203707,,,
1.0,0.0,0.3550402731226084,,,
1.0,1.0,0.8171703313081978,,,
0.0,0.0,0.4722628269227783,,,
1.0,0.0,0.4602465689044587,,,
0.0,0.0,0.45736334602756346,,,
0.0,0.0,0.4132620333775221,,,
0.0,0.0,0.45137930905025236,,,
0.0,0.0,0.41242735372747874,,,
1.0,0.0,0.3892552023028998,,,
0.0,0.0,0.3276297918170553,,,
0.0,1.0,0.5133326183955704,,,
1.0,1.0,0.5820267954334242,,,
0.0,0.0,0.4138712029380669,,,
1.0,1.0,0.7615114039098176,,,
1.0,0.0,0.4132853628606334,,,
0.0,0.0,0.314703875603035,,,
1.0,0.0,0.48446604963745715,,,
0.0,1.0,0.6189473446059701,,,
1.0,1.0,0.5458050546317058,,,
0.0,1.0,0.5578745309752158,,,
1.0,0.0,0.4224532525212418,,,
0.0,0.0,0.3419535043859607,,,
0.0,0.0,0.3640144035896205,,,
1.0,1.0,0.6608772404985507,,,
1.0,1.0,0.7827875645458008,,,
0.0,0.0,0.4857469947169257,,,
1.0,1.0,0.5491063407462587,,,
0.0,0.0,0.4027296130493129,,,
0.0,0.0,0.4307867842821576,,,
1.0,1.0,0.527753238791546,,,
0.0,0.0,0.41025967845874156,,,
1.0,1.0,0.5993799571864707,,,
0.0,0.0,0.3840968056537107,,,
1.0,1.0,0.6334597717587522,,,
1.0,0.0,0.4751357345527058,,,
1.0,1.0,0.6810356061686275,,,
1.0,1.0,0.7488729902958586,,,
1.0,0.0,0.47581783079820666,,,
1.0,0.0,0.42562322810976433,,,
1.0,0.0,0.42663385109269825,,,
0.0,0.0,0.43406600704773945,,,
1.0,1.0,0.5292381197337179,,,
0.0,0.0,0.37547765398776506,,,
0.0,1.0,0.515443219724079,,,
0.0,0.0,0.3528597777307068,,,
0.0,0.0,0.34075364213077214,,,
1.0,0.0,0.41082398213038174,,,
1.0,1.0,0.5831377990751431,,,
1.0,1.0,0.5698836647548802,,,
0.0,0.0,0.34207115499081786,,,
0.0,1.0,0.532746839971451,,,
1.0,1.0,0.5375593833162496,,,
1.0,1.0,0.7199467304948547,,,
1.0,1.0,0.6540224993639354,,,
0.0,0.0,0.42910682192396826,,,
0.0,1.0,0.5355469060958378,,,
1.0,0.0,0.48110818703733643,,,
0.0,0.0,0.3888835555148837,,,
1.0,0.0,0.3951786009695644,,,
0.0,0.0,0.3020457657030711,,,
1.0,1.0,0.786117494478245,,,
0.0,0.0,0.3298014190550591,,,
1.0,0.0,0.44496233133223556,,,
0.0,0.0,0.4342574523972126,,,
0.0,0.0,0.3311565355252009,,,
0.0,0.0,0.4177850073337103,,,
0.0,0.0,0.44585267145503144,,,
1.0,0.0,0.4213862297159467,,,
1.0,0.0,0.46243228792654784,,,
0.0,0.0,0.4454997061623878,,,
0.0,0.0,0.48748446274297597,,,
0.0,0.0,0.47372646509026445,,,
1.0,0.0,0.4030448772765341,,,
0.0,0.0,0.40994535150317724,,,
0.0,0.0,0.43374755605487436,,,
0.0,0.0,0.3833739253048764,,,
1.0,1.0,0.7135479057064695,,,
0.0,0.0,0.38976899768104845,,,
0.0,0.0,0.3778804696030885,,,
1.0,1.0,0.5326656224999372,,,
1.0,1.0,0.7533182513571995,,,
0.0,0.0,0.44921857236450236,,,
0.0,1.0,0.54943174153746,,,
1.0,1.0,0.570211442831837,,,
1.0,1.0,0.8697751514745612,,,
1.0,1.0,0.678014370690405,,,
0.0,0.0,0.2944911793828707,,,
0.0,0.0,0.4701896946823605,,,
1.0,1.0,0.7129091545172589,,,
1.0,0.0,0.4784202103887849,,,
0.0,0.0,0.4322470457685036,,,
0.0,0.0,0.49592979438251,,,
1.0,1.0,0.5345204600965061,,,
0.0,0.0,0.43186750571670374,,,
0.0,0.0,0.3958413367644617,,,
1.0,0.0,0.4824195059252888,,,
0.0,0.0,0.46800290879331075,,,
1.0,1.0,0.5170430991122358,,,
1.0,1.0,0.6828149944750358,,,
0.0,0.0,0.4177381411155012,,,
1.0,0.0,0.44290708840679544,,,
1.0,0.0,0.3951024220019266,,,
0.0,0.0,0.4548493523416179,,,
1.0,0.0,0.47769502503619576,,,
1.0,0.0,0.4896842253748621,,,
1.0,0.0,0.32093948431825303,,,
1.0,1.0,0.6872828146031869,,,
0.0,0.0,0.3766423223467711,,,
1.0,0.0,0.4038309911552536,,,
0.0,1.0,0.5040631715450062,,,
1.0,1.0,0.6400534407892101,,,
1.0,0.0,0.45004000664067134,,,
0.0,0.0,0.46081056028429573,,,
1.0,1.0,0.7045974842228684,,,
0.0,0.0,0.4037318911727954,,,
0.0,1.0,0.5594321588832063,,,
1.0,1.0,0.6650714640765147,,,
1.0,0.0,0.4867473242418774,,,
1.0,0.0,0.49575299836453857,,,
1.0,0.0,0.48316840294539476,,,
1.0,0.0,0.4784624605102408,,,
1.0,1.0,0.6166840874426732,,,
0.0,0.0,0.47387962852678744,,,
0.0,1.0,0.5323539971811901,,,
1.0,0.0,0.46583871276988087,,,
1.0,1.0,0.5524719436149637,,,
0.0,0.0,0.39056835918759086,,,
0.0,0.0,0.387735977742416,,,
0.0,0.0,0.4646052941066526,,,
0.0,0.0,0.4846957647236343,,,
1.0,1.0,0.5945384417930162,,,
0.0,0.0,0.39577647814975364,,,
0.0,1.0,0.5409811711004086,,,
0.0,0.0,0.4240267364712824,,,
1.0,0.0,0.44156657036317104,,,
1.0,1.0,0.5430768149207907,,,
1.0,1.0,0.7329163094182135,,,
0.0,0.0,0.36590496987111853,,,
1.0,0.0,0.45326265265438254,,,
0.0,0.0,0.3560647262481957,,,
1.0,1.0,0.5343247791628452,,,
1.0,1.0,0.5699876657067808,,,
0.0,0.0,0.3060262429277362,,,
0.0,0.0,0.2778116930448001,,,
1.0,1.0,0.7214401501692715,,,
0.0,0.0,0.34077247027605223,,,
0.0,0.0,0.49298722303784637,,,
0.0,0.0,0.41259999064916564,,,
0.0,1.0,0.5460493809831283,,,
1.0,0.0,0.4887322402463656,,,
1.0,1.0,0.576424644676493,,,
1.0,0.0,0.4880586553552116,,,
0.0,0.0,0.46182951702742336,,,
0.0,1.0,0.6591287105802393,,,
0.0,1.0,0.5144066169497343,,,
1.0,0.0,0.3907467520016831,,,
1.0,1.0,0.8395217988944608,,,
1.0,1.0,0.5274827547289849,,,
1.0,1.0,0.5567650178012847,,,
0.0,0.0,0.3807241341797189,,,
1.0,1.0,0.5140054517860212,,,
1.0,0.0,0.4829095640876181,,,
1.0,0.0,0.361902741214036,,,
0.0,0.0,0.4398937994483995,,,
0.0,0.0,0.3695883401396602,,,
0.0,0.0,0.40141355556585184,,,
1.0,1.0,0.6058403916025228,,,
0.0,0.0,0.42670877789731476,,,
0.0,0.0,0.4176523696246718,,,
0.0,0.0,0.3999727746510461,,,
1.0,1.0,0.5864638669768769,,,
1.0,1.0,0.5452636189652376,,,
0.0,0.0,0.41233101211328427,,,
0.0,0.0,0.3983665750213097,,,
1.0,1.0,0.6394546294206256,,,
0.0,0.0,0.46494192355986846,,,
0.0,0.0,0.4744488902384664,,,
1.0,0.0,0.45931929702581814,,,
0.0,0.0,0.41275268909033097,,,
1.0,0.0,0.45768353552712954,,,
0.0,0.0,0.3835788693661646,,,
0.0,0.0,0.3238548473795245,,,
1.0,0.0,0.459536010825666,,,
1.0,1.0,0.5332986736360786,,,
0.0,1.0,0.7019035036728793,,,
1.0,1.0,0.5030426946265262,,,
0.0,0.0,0.4490444835926951,,,
1.0,1.0,0.5161082907502764,,,
1.0,1.0,0.6591578111271326,,,
1.0,1.0,0.6012316760031147,,,
0.0,0.0,0.3495381719280674,,,
1.0,1.0,0.595836404905046,,,
0.0,0.0,0.4034370193849086,,,
1.0,0.0,0.4428658445291623,,,
0.0,0.0,0.4707653367932916,,,
0.0,0.0,0.40709713221017757,,,
0.0,0.0,0.35170109704861025,,,
0.0,0.0,0.4645245830337539,,,
0.0,0.0,0.48764984507396814,,,
1.0,1.0,0.5801287776737087,,,
0.0,0.0,0.39699407313606405,,,
0.0,1.0,0.5238717275017727,,,
0.0,0.0,0.37961289237626406,,,
0.0,0.0,0.4031328370508206,,,
0.0,0.0,0.41209535357034466,,,
1.0,1.0,0.5230715503542237,,,
0.0,1.0,0.5245776441019515,,,
1.0,0.0,0.381039325232072,,,
0.0,0.0,0.46343955377833873,,,
0.0,0.0,0.30553309301368325,,,
1.0,0.0,0.48163879094387463,,,
1.0,1.0,0.5429677400854785,,,
0.0,0.0,0.4459950912923044,,,
0.0,0.0,0.36706082476987134,,,
1.0,0.0,0.474909003741473,,,
0.0,0.0,0.45262484347978105,,,
0.0,0.0,0.4185869750918068,,,
0.0,0.0,0.38838683674139174,,,
0.0,0.0,0.34581877903227337,,,
1.0,1.0,0.6288994758019115,,,
0.0,0.0,0.3263057999128782,,,
1.0,0.0,0.36571409380824804,,,
1.0,0.0,0.378205541469088,,,
1.0,1.0,0.6033044636164806,,,
0.0,0.0,0.3397922220553405,,,
1.0,1.0,0.5053276074418397,,,
0.0,0.0,0.3539986121539556,,,
1.0,1.0,0.5177364807143354,,,
1.0,1.0,0.8744601224770336,,,
0.0,0.0,0.4724215751299756,,,
1.0,1.0,0.654662177525379,,,
0.0,1.0,0.5565268694822164,,,
0.0,0.0,0.40941600381791105,,,
1.0,0.0,0.4893617658380829,,,
1.0,1.0,0.5069220684901647,,,
0.0,0.0,0.3742812184965406,,,
0.0,1.0,0.5023879193363715,,,
1.0,1.0,0.5488822350142352,,,
1.0,1.0,0.647238034583761,,,
0.0,0.0,0.37307032893738806,,,
0.0,1.0,0.5220428476918212,,,
0.0,0.0,0.29999111028237563,,,
1.0,1.0,0.5742725514399409,,,
0.0,0.0,0.46264643885204926,,,
0.0,0.0,0.3350916699152981,,,
0.0,0.0,0.43923891669086707,,,
0.0,0.0,0.3806468324565546,,,
1.0,1.0,0.7782043438062722,,,
0.0,0.0,0.4393487813184812,,,
1.0,0.0,0.4587662778509907,,,
1.0,0.0,0.4855962598980201,,,
1.0,1.0,0.7068946733848084,,,
0.0,0.0,0.497989470399977,,,
1.0,1.0,0.508038329116214,,,
1.0,1.0,0.6447644192164071,,,
1.0,1.0,0.5662681167549257,,,
1.0,1.0,0.5201931427207461,,,
1.0,1.0,0.7792782442194366,,,
0.0,0.0,0.4549180151327827,,,
0.0,0.0,0.43726127396581427,,,
1.0,0.0,0.3924325794467372,,,
1.0,0.0,0.39892081088953646,,,
1.0,1.0,0.6771447499985429,,,
1.0,0.0,0.400624038673879,,,
1.0,1.0,0.5275995210974451,,,
0.0,0.0,0.3211358787187936,,,
0.0,0.0,0.3604172471842117,,,
0.0,0.0,0.4365376172575258,,,
1.0,1.0,0.5752152741368741,,,
0.0,0.0,0.36890188433954607,,,
1.0,0.0,0.4219152207860963,,,
1.0,0.0,0.4158679884878709,,,
1.0,0.0,0.49958656895216125,,,
0.0,1.0,0.5089414575361756,,,
1.0,1.0,0.5542798213428377,,,
0.0,0.0,0.3407226231562566,,,
0.0,0.0,0.3890450375854156,,,
1.0,0.0,0.4830994159111997,,,
0.0,0.0,0.3285517369730425,,,
0.0,0.0,0.34151726842261665,,,
1.0,0.0,0.4243549159549499,,,
1.0,0.0,0.41110587025242523,,,
0.0,0.0,0.36115425279810787,,,
0.0,0.0,0.406761787655483,,,
1.0,1.0,0.5618374160368708,,,
0.0,1.0,0.5270321868678846,,,
1.0,1.0,0.8198530858354354,,,
1.0,0.0,0.42628725619913205,,,
0.0,0.0,0.40808450054406514,,,
1.0,0.0,0.4707355648801459,,,
0.0,0.0,0.4689193733430018,,,
1.0,1.0,0.5748312837063452,,,
1.0,1.0,0.505564722547761,,,
0.0,1.0,0.5052469247845803,,,
0.0,0.0,0.37123332486142985,,,
0.0,1.0,0.6140366116108962,,,
1.0,1.0,0.5410814655544508,,,
1.0,0.0,0.46094584723157905,,,
1.0,0.0,0.44940125313829227,,,
1.0,1.0,0.5200153524929508,,,
1.0,1.0,0.5063654153783936,,,
1.0,0.0,0.4662826412686243,,,
0.0,0.0,0.4459903652650118,,,
0.0,0.0,0.4098036268288616,,,
1.0,1.0,0.5696436925465528,,,
0.0,0.0,0.3838966534669992,,,
0.0,0.0,0.38075086172209927,,,
0.0,0.0,0.3703523455407059,,,
0.0,0.0,0.447045650881429,,,
0.0,0.0,0.38380538468591874,,,
1.0,0.0,0.46495263152869265,,,
0.0,0.0,0.30942089420338076,,,
1.0,1.0,0.5246017420177485,,,
0.0,0.0,0.4347923020920216,,,
0.0,0.0,0.3228554848361794,,,
0.0,0.0,0.3965600680830868,,,
0.0,0.0,0.4188745900241026,,,
1.0,0.0,0.42129038736806407,,,
1.0,1.0,0.7440836749815355,,,
0.0,0.0,0.4632336855649124,,,
0.0,0.0,0.38421643366330843,,,
0.0,0.0,0.38540653755057375,,,
1.0,1.0,0.7329513629784141,,,
0.0,0.0,0.37547847281405317,,,
0.0,0.0,0.49552567976712775,,,
0.0,0.0,0.3836024494605207,,,
0.0,0.0,0.39202632388665676,,,
0.0,0.0,0.39351143565591357,,,
1.0,1.0,0.7473716560984296,,,
1.0,1.0,0.5100276484764343,,,
1.0,0.0,0.43850964218517324,,,
1.0,1.0,0.5592912675610243,,,
1.0,0.0,0.37915463888360956,,,
1.0,1.0,0.569843005227707,,,
1.0,1.0,0.5274918330673012,,,
0.0,0.0,0.4979590813199055,,,
1.0,1.0,0.5679465367665462,,,
0.0,0.0,0.3751728971753481,,,
0.0,1.0,0.5345170500603058,,,
0.0,0.0,0.3660852178172004,,,
1.0,1.0,0.6134315320367062,,,
0.0,0.0,0.3700993610112622,,,
1.0,1.0,0.829172500289048,,,
0.0,0.0,0.3825470935845642,,,
1.0,1.0,0.5562679059202513,,,
0.0,0.0,0.3754418801890641,,,
1.0,1.0,0.5775439274424523,,,
0.0,0.0,0.4605671535652361,,,
1.0,1.0,0.8190203572649298,,,
0.0,0.0,0.45688580552759767,,,
1.0,1.0,0.6984007636889902,,,
1.0,1.0,0.7731827107735124,,,
0.0,0.0,0.27667188071369425,,,
0.0,0.0,0.43052604219407237,,,
1.0,1.0,0.6806336990483467,,,
1.0,1.0,0.515093857738356,,,
0.0,0.0,0.41955707549202986,,,
0.0,0.0,0.4993264034404475,,,
1.0,1.0,0.542086977056739,,,
1.0,1.0,0.6893501638617974,,,
1.0,1.0,0.724652635248012,,,
1.0,1.0,0.6084974497352381,,,
1.0,0.0,0.47066931121475436,,,
1.0,0.0,0.3970826807835807,,,
0.0,0.0,0.37239640815411923,,,
0.0,0.0,0.4430663735727209,,,
1.0,0.0,0.4632603855048732,,,
1.0,1.0,0.6594864524433298,,,
1.0,0.0,0.4940565944092111,,,
1.0,1.0,0.6333088301578116,,,
0.0,0.0,0.4702344323936883,,,
0.0,0.0,0.41217064231046047,,,
0.0,0.0,0.4896229739683372,,,
1.0,0.0,0.36166729886049404,,,
0.0,1.0,0.5074519380166881,,,
0.0,0.0,0.4274865432180488,,,
1.0,0.0,0.4973658045422379,,,
1.0,1.0,0.7213187826980054,,,
0.0,0.0,0.4752145550140377,,,
1.0,0.0,0.4404743338165226,,,
1.0,0.0,0.497829362211598,,,
1.0,1.0,0.5557923996146116,,,
0.0,0.0,0.42699104962733014,,,
0.0,0.0,0.41248404432735364,,,
0.0,0.0,0.47044797865815746,,,
0.0,0.0,0.4579968439299077,,,
1.0,1.0,0.510097475782122,,,
1.0,1.0,0.5032629445025739,,,
0.0,0.0,0.3808783733996421,,,
0.0,0.0,0.3613308585858055,,,
0.0,0.0,0.3696188115411941,,,
1.0,1.0,0.6058540444155259,,,
0.0,1.0,0.5233851339794332,,,
1.0,1.0,0.6765046833385634,,,
0.0,0.0,0.4750009243271283,,,
1.0,1.0,0.5322302203424006,,,
0.0,0.0,0.4942390070204256,,,
1.0,1.0,0.5518645286022403,,,
1.0,1.0,0.507618934499205,,,
0.0,0.0,0.395626980095388,,,
0.0,0.0,0.43977537822442087,,,
0.0,1.0,0.5256010507637905,,,
0.0,1.0,0.5215218308323959,,,
0.0,0.0,0.41588329559651166,,,
0.0,0.0,0.39466569860805734,,,
0.0,0.0,0.4401852282717597,,,
0.0,0.0,0.4867284292965679,,,
0.0,0.0,0.36555211212867933,,,
0.0,0.0,0.3790654569949665,,,
0.0,0.0,0.4059004092915648,,,
1.0,0.0,0.4268106664743581,,,
0.0,0.0,0.39688980800772455,,,
1.0,0.0,0.4882994081318353,,,
1.0,0.0,0.47870825273069884,,,
0.0,1.0,0.5070426514959677,,,
0.0,0.0,0.4296444997360795,,,
0.0,0.0,0.4750676564763149,,,
1.0,1.0,0.7973077127161625,,,
0.0,0.0,0.4487193331082849,,,
0.0,0.0,0.3812494713145888,,,
0.0,0.0,0.3406493160271811,,,
1.0,1.0,0.5020650840212412,,,
1.0,0.0,0.45904562914043817,,,
0.0,0.0,0.42699601812935567,,,
1.0,1.0,0.717763602918875,,,
0.0,0.0,0.21300331688434546,,,
1.0,1.0,0.5528137010953112,,,
1.0,1.0,0.7459262063474233,,,
1.0,1.0,0.7732902530507034,,,
1.0,1.0,0.6366806393980979,,,
1.0,1.0,0.80055883169532,,,
0.0,0.0,0.4856694443518909,,,
0.0,0.0,0.40524965329925355,,,
1.0,1.0,0.5110607690589675,,,
0.0,0.0,0.3738021237260194,,,
1.0,0.0,0.3695883401396602,,,
1.0,0.0,0.402375357145043,,,
1.0,0.0,0.45180496872479936,,,
1.0,1.0,0.6076513854981289,,,
1.0,1.0,0.5010838207892977,,,
1.0,1.0,0.8460873967492394,,,
1.0,1.0,0.8744601224770336,,,
1.0,1.0,0.575481602794144,,,
0.0,0.0,0.35315461219241334,,,
0.0,0.0,0.418149117055079,,,
0.0,1.0,0.5089573341600633,,,
1.0,1.0,0.5497480867945935,,,
0.0,0.0,0.3493372106819209,,,
0.0,0.0,0.38863919815392234,,,
0.0,0.0,0.4578147343072287,,,
0.0,0.0,0.4548296084349685,,,
0.0,0.0,0.4545895354845256,,,
1.0,0.0,0.49570932912268084,,,
1.0,1.0,0.5126005226118455,,,
1.0,1.0,0.5653284405456306,,,
1.0,1.0,0.6720104294767256,,,
0.0,0.0,0.38605190075554907,,,
0.0,0.0,0.4814774701691662,,,
1.0,0.0,0.4846763755697069,,,
0.0,0.0,0.37506130810695815,,,
0.0,1.0,0.5037816367038853,,,
0.0,1.0,0.5187274250782253,,,
0.0,0.0,0.28819976259634056,,,
1.0,0.0,0.4918087481462048,,,
1.0,1.0,0.695536872208435,,,
0.0,1.0,0.5322866555987364,,,
1.0,1.0,0.8224838077025507,,,
0.0,0.0,0.3890781261388696,,,
0.0,0.0,0.41304676053551764,,,
1.0,1.0,0.5356592667461895,,,
1.0,1.0,0.505176766444125,,,
0.0,0.0,0.3474938769961869,,,
0.0,0.0,0.424862448158228,,,
1.0,0.0,0.48289670969205273,,,
1.0,0.0,0.4657396849164121,,,
1.0,1.0,0.565842341703606,,,
0.0,0.0,0.36028458633437255,,,
0.0,0.0,0.34546090526338913,,,
1.0,1.0,0.516923542048425,,,
1.0,1.0,0.5854079516738174,,,
1.0,1.0,0.5413347910868409,,,
1.0,1.0,0.5766193720465015,,,
0.0,1.0,0.5237826834222135,,,
0.0,0.0,0.44230377930888,,,
1.0,0.0,0.3686716391713791,,,
1.0,0.0,0.43772335630328746,,,
1.0,1.0,0.5382194801124695,,,
1.0,1.0,0.64056953062739,,,
1.0,1.0,0.5234735645600025,,,
0.0,1.0,0.512089845839868,,,
1.0,1.0,0.8534514783696641,,,
1.0,0.0,0.46320132360293664,,,
0.0,1.0,0.5191861796584795,,,
1.0,1.0,0.6972243712567047,,,
1.0,0.0,0.41345382267932074,,,
0.0,0.0,0.2796342399291317,,,
1.0,1.0,0.5872913910928342,,,
0.0,0.0,0.32704285223247026,,,
1.0,1.0,0.7872339770964064,,,
1.0,0.0,0.4029958501332343,,,
1.0,0.0,0.4899495075720489,,,
1.0,1.0,0.5550533453028094,,,
0.0,0.0,0.41776182769181697,,,
0.0,0.0,0.38665726558565894,,,
0.0,0.0,0.48400781160573464,,,
0.0,0.0,0.40693964373121233,,,
1.0,0.0,0.4620790047309437,,,
1.0,1.0,0.7056074015006385,,,
1.0,1.0,0.5867760938396623,,,
1.0,0.0,0.4010306885789312,,,
0.0,0.0,0.21300331688434546,,,
0.0,0.0,0.47190106843699553,,,
0.0,0.0,0.35387152309557124,,,
1.0,1.0,0.5435367550818107,,,
1.0,1.0,0.5190056687929429,,,
0.0,0.0,0.38073340869639793,,,
0.0,0.0,0.2678814630410162,,,
1.0,0.0,0.39018394778621,,,
0.0,0.0,0.38907422731963626,,,
0.0,0.0,0.35986989761562965,,,
1.0,1.0,0.6138785268680186,,,
1.0,1.0,0.5205859624197171,,,
1.0,1.0,0.5636620193753002,,,
0.0,0.0,0.36638687886524346,,,
0.0,0.0,0.399823822178762,,,
1.0,1.0,0.6067552708028278,,,
0.0,0.0,0.362288492337783,,,
1.0,0.0,0.4693810941139901,,,
0.0,0.0,0.3732960560919678,,,
0.0,0.0,0.4279711839570205,,,
0.0,0.0,0.3511077193513568,,,
0.0,0.0,0.3896082509684319,,,
0.0,1.0,0.6027173448749762,,,
1.0,1.0,0.8082295226471102,,,
0.0,0.0,0.3228554848361794,,,
0.0,1.0,0.6570352614260286,,,
0.0,0.0,0.20774733006956458,,,
1.0,1.0,0.5540006699391985,,,
0.0,0.0,0.41138037166591734,,,
0.0,0.0,0.4085390706936415,,,
0.0,0.0,0.43752966219797196,,,
1.0,1.0,0.6384337396873656,,,
0.0,0.0,0.36630667067248995,,,
1.0,0.0,0.4473870612804373,,,
1.0,0.0,0.4674654882615542,,,
0.0,0.0,0.49456735857212936,,,
1.0,1.0,0.7911827549391124,,,
0.0,1.0,0.5319153002736383,,,
0.0,0.0,0.41296686448723596,,,
1.0,1.0,0.662069012374657,,,
0.0,0.0,0.4008281401117181,,,
0.0,0.0,0.42187689552566965,,,
0.0,0.0,0.40061864460912916,,,
0.0,0.0,0.42831428206614564,,,
0.0,0.0,0.3603186392447576,,,
0.0,0.0,0.3392873450186413,,,
1.0,1.0,0.5351241493683737,,,
1.0,0.0,0.3754104598721248,,,
1.0,1.0,0.7273939860709282,,,
1.0,1.0,0.5217569271931515,,,
0.0,1.0,0.8457313873056111,,,
1.0,1.0,0.624063695936549,,,
1.0,1.0,0.5001581032021349,,,
1.0,0.0,0.38492760838539847,,,
0.0,0.0,0.3740009989492928,,,
0.0,0.0,0.338643163292048,,,
1.0,0.0,0.40293205832225376,,,
0.0,1.0,0.5096560996299498,,,
0.0,0.0,0.3983496323820354,,,
0.0,0.0,0.3284395554577455,,,
0.0,0.0,0.3995702962940729,,,
0.0,0.0,0.469497115120695,,,
1.0,0.0,0.4639225370967905,,,
1.0,1.0,0.7683157607286886,,,
0.0,0.0,0.3671330521483586,,,
0.0,0.0,0.46455545989818037,,,
1.0,0.0,0.4176627726410973,,,
0.0,0.0,0.4704597365073156,,,
1.0,0.0,0.45886276574772844,,,
1.0,1.0,0.6106922217792708,,,
1.0,1.0,0.5637943713047376,,,
1.0,1.0,0.6394546294206256,,,
0.0,0.0,0.3792312346855804,,,
0.0,1.0,0.5025881395718822,,,
1.0,1.0,0.534827190173059,,,
1.0,1.0,0.6761910000550769,,,
0.0,0.0,0.3685683575361554,,,
1.0,0.0,0.33950398277317817,,,
1.0,1.0,0.5355177110769718,,,
0.0,0.0,0.4405666455172054,,,
1.0,0.0,0.44782516229206837,,,
1.0,1.0,0.5843910474380194,,,
1.0,1.0,0.8683798026373519,,,
1.0,1.0,0.5709298181361392,,,
0.0,0.0,0.38137192266741715,,,
0.0,0.0,0.473402110545403,,,
0.0,0.0,0.3957913031254485,,,
1.0,0.0,0.3575909692591592,,,
0.0,0.0,0.4136211369215,,,
0.0,0.0,0.4197063348984679,,,
0.0,0.0,0.38535449163155455,,,
0.0,1.0,0.5680264518356624,,,
0.0,1.0,0.5954755795163501,,,
1.0,1.0,0.7966671602639778,,,
1.0,0.0,0.3113373734567053,,,
0.0,0.0,0.32274437580362836,,,
0.0,0.0,0.43614677196925106,,,
0.0,0.0,0.3363673349673493,,,
0.0,0.0,0.3981452101514165,,,
0.0,0.0,0.41900921712456096,,,
0.0,0.0,0.3996503658357829,,,
0.0,0.0,0.41480436738578985,,,
0.0,0.0,0.48769138295408837,,,
1.0,0.0,0.3880829477218438,,,
0.0,0.0,0.455987861655092,,,
0.0,0.0,0.36655963612172926,,,
1.0,1.0,0.7846186387836431,,,
1.0,1.0,0.6189809785099499,,,
0.0,0.0,0.3506390342525737,,,
0.0,0.0,0.4950549168016791,,,
1.0,0.0,0.40381492609791964,,,
1.0,1.0,0.5259065816118347,,,
0.0,1.0,0.5140988838152271,,,
0.0,0.0,0.3268493800964942,,,
1.0,1.0,0.5322569225705309,,,
0.0,0.0,0.45172487357188573,,,
1.0,0.0,0.4332197721618879,,,
1.0,1.0,0.7943098343510774,,,
1.0,0.0,0.4155280926216707,,,
1.0,1.0,0.6038275961385732,,,
1.0,0.0,0.42084812024478147,,,
1.0,0.0,0.4764969166622015,,,
0.0,0.0,0.44669448801345646,,,
0.0,0.0,0.38685038211984163,,,
1.0,0.0,0.40778793338152625,,,
0.0,1.0,0.6999052614136333,,,
0.0,0.0,0.37268306991132766,,,
1.0,1.0,0.6525082889253404,,,
1.0,0.0,0.48986272687434756,,,
0.0,0.0,0.4396793805542441,,,
0.0,0.0,0.4543682807152399,,,
1.0,0.0,0.47010225576441683,,,
1.0,0.0,0.48002252409929036,,,
1.0,1.0,0.651476867956583,,,
0.0,0.0,0.3801555149513511,,,
1.0,1.0,0.6026492835263673,,,
0.0,0.0,0.41226436029724495,,,
0.0,0.0,0.3932922683921767,,,
0.0,0.0,0.397880971212158,,,
1.0,0.0,0.39998302040931705,,,
1.0,1.0,0.6318558531662145,,,
1.0,1.0,0.7406939668685514,,,
0.0,0.0,0.3926060646456996,,,
1.0,1.0,0.7749308664347926,,,
0.0,0.0,0.4408083393718293,,,
1.0,1.0,0.5209880315101758,,,
1.0,1.0,0.6971298000060462,,,
1.0,0.0,0.42700390982823777,,,
0.0,0.0,0.43001194430623535,,,
0.0,0.0,0.3367350906916748,,,
0.0,0.0,0.4128539204328126,,,
1.0,0.0,0.3754104598721248,,,
1.0,1.0,0.5427181275338036,,,
0.0,0.0,0.4159358287138372,,,
0.0,0.0,0.3567524925098327,,,
0.0,0.0,0.3806255113906126,,,
0.0,1.0,0.5347455794675685,,,
1.0,1.0,0.5309167224619344,,,
0.0,1.0,0.6518628476329253,,,
1.0,1.0,0.7605988401097964,,,
1.0,1.0,0.5288402570760516,,,
1.0,0.0,0.3893307865186473,,,
1.0,1.0,0.5388450971757447,,,
0.0,0.0,0.33573725333052706,,,
0.0,0.0,0.3723586633583578,,,
1.0,1.0,0.6236193396049113,,,
1.0,0.0,0.4739355823383662,,,
1.0,0.0,0.46085819223345775,,,
1.0,0.0,0.4783183922235339,,,
0.0,1.0,0.534770832529443,,,
1.0,0.0,0.422105800247033,,,
1.0,0.0,0.4718633545127733,,,
1.0,1.0,0.5861402491526883,,,
1.0,0.0,0.4766864707303158,,,
0.0,1.0,0.5436258311091593,,,
0.0,0.0,0.37243621222355716,,,
1.0,0.0,0.36940294114791344,,,
0.0,0.0,0.3653860409813848,,,
1.0,1.0,0.7840920921458943,,,
0.0,0.0,0.47099899792844824,,,
0.0,0.0,0.39747374998621376,,,
1.0,1.0,0.769747389951644,,,
1.0,0.0,0.4940485434027154,,,
1.0,0.0,0.3952745032035649,,,
0.0,0.0,0.3729182142685268,,,
0.0,0.0,0.4350780362458475,,,
0.0,0.0,0.4622602159825054,,,
0.0,1.0,0.5363489967675242,,,
0.0,0.0,0.49611063481836026,,,
1.0,1.0,0.5142680090879654,,,
0.0,0.0,0.3496401967614514,,,
1.0,0.0,0.4343650128024915,,,
1.0,0.0,0.4399090908695851,,,
1.0,1.0,0.5375878835479166,,,
0.0,0.0,0.4451100233337689,,,
0.0,1.0,0.5835011137735034,,,
0.0,0.0,0.3682057011432775,,,
1.0,1.0,0.5566560115135698,,,
1.0,0.0,0.49774877649129823,,,
0.0,0.0,0.39765886502248315,,,
0.0,0.0,0.3955448114354763,,,
0.0,0.0,0.3769995514432184,,,
1.0,1.0,0.5167585916016015,,,
1.0,1.0,0.8416327246028805,,,
0.0,0.0,0.3583354124535811,,,
0.0,0.0,0.42621347285471045,,,
1.0,1.0,0.8444781194351776,,,
0.0,1.0,0.5431567419377129,,,
0.0,1.0,0.5702479286725566,,,
1.0,0.0,0.4933006779381235,,,
0.0,1.0,0.6193222941334735,,,
0.0,0.0,0.44270287390584223,,,
0.0,0.0,0.45466738479327257,,,
0.0,0.0,0.4062317815976489,,,
0.0,0.0,0.3518738942702025,,,
1.0,1.0,0.6020982169207032,,,
1.0,1.0,0.5601831623580565,,,
1.0,0.0,0.49615696761188344,,,
1.0,0.0,0.4101585374240869,,,
1.0,1.0,0.5282126637494654,,,
1.0,1.0,0.5013618232840042,,,
0.0,0.0,0.3738107768994406,,,
0.0,0.0,0.40288331118866183,,,
1.0,1.0,0.7916725469445813,,,
0.0,0.0,0.38781437762725945,,,
0.0,0.0,0.40988792226304005,,,
1.0,1.0,0.6524398406756771,,,
0.0,1.0,0.5196101011669609,,,
0.0,0.0,0.4010057260562951,,,
0.0,0.0,0.3936377059882485,,,
0.0,1.0,0.5107293684978689,,,
0.0,0.0,0.4852020608932244,,,
1.0,1.0,0.5116247909020032,,,
1.0,0.0,0.4688085031770659,,,
1.0,1.0,0.5555175907495867,,,
0.0,0.0,0.3467194372626244,,,
0.0,0.0,0.3199725192183205,,,
0.0,0.0,0.20774733006956458,,,
1.0,1.0,0.7741760980791955,,,
0.0,0.0,0.34062769895791417,,,
0.0,0.0,0.38934214587251176,,,
0.0,0.0,0.4271073088780725,,,
0.0,0.0,0.40545449572619124,,,
0.0,0.0,0.4682046119621667,,,
1.0,1.0,0.8619913199097958,,,
0.0,0.0,0.4384608043475846,,,
0.0,0.0,0.39563571753758336,,,
1.0,0.0,0.49008441302363037,,,
0.0,0.0,0.44832131950936166,,,
1.0,1.0,0.620981618887364,,,
1.0,1.0,0.5922444219981405,,,
0.0,0.0,0.4426669534205012,,,
1.0,0.0,0.4927573551631825,,,
1.0,1.0,0.6471613622090057,,,
0.0,1.0,0.630225734540769,,,
1.0,0.0,0.49076396821079965,,,
1.0,1.0,0.5730328618533649,,,
0.0,0.0,0.4399090908695851,,,
0.0,0.0,0.45925903059412504,,,
0.0,1.0,0.5729218196746655,,,
1.0,0.0,0.41695286253212666,,,
1.0,1.0,0.7735765886582964,,,
1.0,1.0,0.558449541912518,,,
0.0,0.0,0.34761195409956996,,,
0.0,0.0,0.35646948231394354,,,
1.0,1.0,0.6794881349363081,,,
0.0,0.0,0.4508078893152514,,,
1.0,0.0,0.42080408418708587,,,
1.0,1.0,0.7213187826980054,,,
1.0,1.0,0.8270391195933889,,,
0.0,0.0,0.4516446560282973,,,
1.0,0.0,0.4095672008169505,,,
0.0,0.0,0.39692884260050304,,,
0.0,0.0,0.37014344817053263,,,
0.0,1.0,0.5097676172961645,,,
1.0,1.0,0.5869031962067751,,,
0.0,0.0,0.4083684858451661,,,
0.0,0.0,0.3971673857295015,,,
1.0,1.0,0.564820940281887,,,
1.0,0.0,0.486659203666096,,,
1.0,0.0,0.4906818678918916,,,
0.0,0.0,0.42152643086786834,,,
1.0,0.0,0.4686119638783095,,,
0.0,0.0,0.35709150630708075,,,
0.0,0.0,0.32750793441746284,,,
0.0,0.0,0.44671993202858934,,,
1.0,1.0,0.5428840563895158,,,
0.0,0.0,0.45225327429146894,,,
1.0,0.0,0.495431202924578,,,
0.0,0.0,0.49037217575146363,,,
0.0,0.0,0.38442173071620095,,,
1.0,1.0,0.7004560513890133,,,
0.0,0.0,0.36006961660099335,,,
1.0,0.0,0.49245465838316704,,,
0.0,0.0,0.3916785425247862,,,
0.0,0.0,0.36776791693508315,,,
1.0,1.0,0.6039493646364137,,,
1.0,1.0,0.846548221773327,,,
0.0,0.0,0.37925636308386984,,,
0.0,0.0,0.42253314535881337,,,
0.0,0.0,0.2818155358901155,,,
0.0,0.0,0.33868340644579287,,,
0.0,0.0,0.3258322305892164,,,
0.0,0.0,0.4184737896975037,,,
1.0,1.0,0.6738762725269314,,,
0.0,0.0,0.45780091931597544,,,
1.0,1.0,0.5435898016876088,,,
0.0,0.0,0.36838346684156315,,,
0.0,0.0,0.37468917481253605,,,
1.0,0.0,0.4438373436046242,,,
0.0,0.0,0.4421496790953294,,,
1.0,0.0,0.4926606876272419,,,
0.0,0.0,0.3950975493064939,,,
1.0,0.0,0.3689536465524346,,,
0.0,0.0,0.4881090649761353,,,
0.0,0.0,0.4804563122394828,,,
1.0,0.0,0.461808202009043,,,
0.0,0.0,0.41938418654983095,,,
0.0,0.0,0.33158177764486146,,,
1.0,0.0,0.41933895606991306,,,
0.0,0.0,0.4348347732467386,,,
1.0,1.0,0.5336402133236251,,,
1.0,1.0,0.5618482934574842,,,
1.0,0.0,0.47412688577238965,,,
1.0,1.0,0.5148047177344086,,,
1.0,0.0,0.4754433156747311,,,
0.0,0.0,0.4346397893681511,,,
0.0,0.0,0.43587195754527724,,,
0.0,0.0,0.41903322651692493,,,
1.0,1.0,0.5622448308274323,,,
0.0,0.0,0.38394074731669675,,,
1.0,1.0,0.6902425287753071,,,
1.0,1.0,0.5379353513400902,,,
0.0,0.0,0.355379211002302,,,
0.0,0.0,0.42680069219513894,,,
0.0,0.0,0.4456430328732532,,,
0.0,0.0,0.4769587977587328,,,
1.0,1.0,0.6259675407404484,,,
1.0,0.0,0.4173572627908949,,,
0.0,0.0,0.3734628496816583,,,
0.0,0.0,0.4253980354322915,,,
0.0,0.0,0.38895907457663575,,,
0.0,0.0,0.4257603564841687,,,
1.0,1.0,0.618023077348545,,,
1.0,1.0,0.5490569993627819,,,
1.0,0.0,0.4585567502941273,,,
1.0,1.0,0.6493014114910463,,,
0.0,1.0,0.5206006475680554,,,
1.0,0.0,0.4219631269666549,,,
1.0,0.0,0.4580506995869776,,,
0.0,0.0,0.3778402988055442,,,
0.0,0.0,0.33320247904440586,,,
0.0,1.0,0.5982455878170324,,,
1.0,1.0,0.5572734494806347,,,
0.0,0.0,0.48112580954608886,,,
1.0,0.0,0.4457638329451576,,,
0.0,0.0,0.44609177122228183,,,
0.0,0.0,0.3682392257333382,,,
0.0,0.0,0.4029405962966014,,,
1.0,1.0,0.661500452748815,,,
1.0,1.0,0.5941373516147536,,,
0.0,0.0,0.4080118153755268,,,
0.0,0.0,0.40036881287595455,,,
0.0,0.0,0.4229245697076079,,,
1.0,0.0,0.4807162356185842,,,
0.0,0.0,0.30114479344250356,,,
0.0,0.0,0.4383060537704944,,,
0.0,0.0,0.4343205032834383,,,
0.0,0.0,0.4856289477177143,,,
0.0,0.0,0.4079504880862305,,,
1.0,1.0,0.5773951362152246,,,
0.0,1.0,0.5225696709229066,,,
0.0,0.0,0.369007506135724,,,
1.0,1.0,0.5581650531840257,,,
0.0,0.0,0.38014786745521556,,,
0.0,0.0,0.42216542044331207,,,
1.0,1.0,0.6190105125658277,,,
1.0,1.0,0.7127976041464223,,,
0.0,0.0,0.40429585866812096,,,
0.0,0.0,0.46482964334498617,,,
0.0,0.0,0.3528029115419814,,,
1.0,1.0,0.548746783683115,,,
0.0,0.0,0.3122745290901603,,,
1.0,0.0,0.47870352236422314,,,
1.0,1.0,0.6462459488379986,,,
1.0,1.0,0.5785740188300005,,,
1.0,1.0,0.5184653087999197,,,
0.0,0.0,0.412272034652526,,,
1.0,1.0,0.5982435456109277,,,
0.0,0.0,0.4065665618655141,,,
1.0,1.0,0.6624355145186217,,,
0.0,0.0,0.4361581365552929,,,
0.0,0.0,0.38507425614245877,,,
0.0,0.0,0.4939307545918731,,,
1.0,0.0,0.4546572310965516,,,
1.0,0.0,0.4637433186130267,,,
0.0,0.0,0.3303001868402021,,,
1.0,1.0,0.5854967818423864,,,
1.0,1.0,0.510097475782122,,,
1.0,0.0,0.46400561931038226,,,
1.0,1.0,0.5232160546393749,,,
1.0,0.0,0.4527375717026542,,,
1.0,1.0,0.5012205699563058,,,
1.0,0.0,0.4605781789142177,,,
0.0,0.0,0.30819662550590526,,,
0.0,0.0,0.41079803405445553,,,
0.0,0.0,0.38387876134563115,,,
1.0,0.0,0.42832435818470616,,,
0.0,0.0,0.4149545344645587,,,
0.0,0.0,0.4184681598097015,,,
1.0,0.0,0.4786305341133141,,,
1.0,1.0,0.5861329856296029,,,
0.0,0.0,0.35833234126277197,,,
1.0,1.0,0.5027155275075712,,,
0.0,0.0,0.4175457726902678,,,
0.0,0.0,0.328129825566295,,,
0.0,0.0,0.37917138767325836,,,
0.0,0.0,0.39264878554725213,,,
1.0,0.0,0.40416568082285226,,,
1.0,1.0,0.6771868968877236,,,
0.0,0.0,0.36779890198382453,,,
1.0,1.0,0.5121583185380729,,,
0.0,0.0,0.4128815137365325,,,
0.0,0.0,0.3732960560919678,,,
0.0,0.0,0.4751092898245159,,,
0.0,0.0,0.3580142409663034,,,
0.0,0.0,0.42277534043800075,,,
1.0,0.0,0.4645089633908111,,,
0.0,0.0,0.32197952999075996,,,
1.0,1.0,0.5560260066398266,,,
1.0,0.0,0.49576530865595503,,,
0.0,0.0,0.40800472863271736,,,
0.0,0.0,0.4524159979230484,,,
1.0,0.0,0.4756973213189364,,,
0.0,0.0,0.33016585783406976,,,
1.0,1.0,0.7959657978574782,,,
0.0,0.0,0.3423587644590932,,,
1.0,1.0,0.6425426759099776,,,
1.0,1.0,0.6170925624395062,,,
0.0,0.0,0.43308404130302824,,,
0.0,1.0,0.5005186538443994,,,
1.0,1.0,0.5563265435661819,,,
0.0,0.0,0.4928866007526404,,,
0.0,0.0,0.3431596376563592,,,
1.0,0.0,0.4220481209574508,,,
0.0,0.0,0.49231396280457695,,,
1.0,0.0,0.39428188178165213,,,
0.0,0.0,0.3481524297005693,,,
0.0,0.0,0.4024693268753813,,,
0.0,0.0,0.3982356733385968,,,
1.0,1.0,0.5353010147086461,,,
0.0,0.0,0.4222448205287786,,,
0.0,0.0,0.3372985309458253,,,
0.0,1.0,0.5059189946760076,,,
1.0,1.0,0.5247482999992209,,,
0.0,0.0,0.3111595224671083,,,
0.0,0.0,0.38145630212079723,,,
0.0,0.0,0.3822653087921726,,,
1.0,1.0,0.5881840244043963,,,
1.0,0.0,0.43996610606231534,,,
1.0,1.0,0.6763885307019366,,,
1.0,0.0,0.48765969439406,,,
1.0,0.0,0.45498601580973047,,,
0.0,0.0,0.3367375508207451,,,
0.0,1.0,0.5973051383843943,,,
0.0,0.0,0.2735176750403878,,,
1.0,1.0,0.5908599942581227,,,
0.0,0.0,0.36697979184143903,,,
1.0,1.0,0.5519585630249613,,,
0.0,0.0,0.3788434315327979,,,
0.0,0.0,0.36357209494280424,,,
0.0,0.0,0.4148463288875918,,,
1.0,0.0,0.45332205363043215,,,
1.0,0.0,0.4465522538806262,,,
1.0,1.0,0.8344657080104575,,,
1.0,1.0,0.5383488625084369,,,
1.0,0.0,0.3890394096152252,,,
1.0,1.0,0.5908925355144575,,,
1.0,0.0,0.45633932958923445,,,
1.0,1.0,0.560958217215992,,,
1.0,1.0,0.674095016126525,,,
1.0,0.0,0.4042132987130531,,,
0.0,0.0,0.4050799677811998,,,
0.0,0.0,0.36809571754662074,,,
1.0,1.0,0.5448457075909691,,,
1.0,1.0,0.8465064394007227,,,
1.0,1.0,0.590540073715598,,,
1.0,1.0,0.5620258623331247,,,
0.0,0.0,0.32924620776693275,,,
0.0,0.0,0.4263057302510134,,,
0.0,0.0,0.33778562782156485,,,
1.0,0.0,0.42284569024764,,,
0.0,0.0,0.44322549948190015,,,
1.0,1.0,0.6387654775570389,,,
0.0,1.0,0.5018526413394231,,,
0.0,0.0,0.31394143090940024,,,
1.0,1.0,0.5999792822272729,,,
0.0,0.0,0.4484160928245965,,,
1.0,0.0,0.4886030680473226,,,
0.0,0.0,0.3785956768353714,,,
0.0,1.0,0.5346489211679939,,,
0.0,0.0,0.4961507499872019,,,
0.0,0.0,0.38622504887893505,,,
0.0,1.0,0.5562465940070223,,,
1.0,1.0,0.6645819158473593,,,
1.0,1.0,0.6082996880535466,,,
0.0,0.0,0.37772881580378853,,,
1.0,1.0,0.6217557550739368,,,
1.0,1.0,0.566495319080175,,,
1.0,1.0,0.5599034260780467,,,
1.0,0.0,0.4738146338544958,,,
1.0,1.0,0.7668423499966065,,,
0.0,0.0,0.407882807834991,,,
0.0,0.0,0.30812379973140724,,,
0.0,0.0,0.45476103025709125,,,
0.0,0.0,0.3806464847928289,,,
1.0,0.0,0.4865007484207189,,,
0.0,0.0,0.45225630095198144,,,
0.0,0.0,0.39723448648572607,,,
1.0,0.0,0.4934324867645167,,,
1.0,0.0,0.41165077028607294,,,
0.0,0.0,0.4068790619358654,,,
1.0,1.0,0.6539865691661824,,,
0.0,0.0,0.42054401859535134,,,
1.0,0.0,0.37070496244333817,,,
1.0,0.0,0.37688835564472284,,,
1.0,0.0,0.4202514686451878,,,
1.0,0.0,0.49454119197140145,,,
0.0,1.0,0.7001770969822124,,,
1.0,0.0,0.47421475480585296,,,
1.0,1.0,0.6987996990804642,,,
0.0,0.0,0.42216168259310005,,,
0.0,0.0,0.3793263145408909,,,
0.0,0.0,0.39507427211307117,,,
0.0,0.0,0.3800834410374683,,,
0.0,0.0,0.39012194346104834,,,
0.0,0.0,0.2420214726473165,,,
0.0,0.0,0.4568523076217456,,,
0.0,0.0,0.38026307631386674,,,
1.0,1.0,0.5270421586594565,,,
0.0,0.0,0.4134318825084623,,,
0.0,0.0,0.33403933732377794,,,
0.0,0.0,0.38476049383051064,,,
1.0,1.0,0.6603604916814502,,,
0.0,1.0,0.7072495607503282,,,
1.0,0.0,0.46591600216953244,,,
1.0,0.0,0.46272018470718207,,,
1.0,0.0,0.4802326063607642,,,
1.0,1.0,0.8135799571077746,,,
0.0,0.0,0.4666797504314956,,,
1.0,0.0,0.4526865847829822,,,
1.0,0.0,0.4994736323328128,,,
1.0,0.0,0.4943372265531511,,,
0.0,0.0,0.4988245529739672,,,
0.0,0.0,0.44495669995700526,,,
0.0,0.0,0.40722035543989527,,,
1.0,1.0,0.7578606838291517,,,
1.0,1.0,0.509926799765795,,,
1.0,0.0,0.48237424760624137,,,
0.0,0.0,0.4164892552906742,,,
0.0,0.0,0.4423153709184191,,,
0.0,0.0,0.4594916441035076,,,
1.0,0.0,0.49098898325095824,,,
1.0,1.0,0.5093262678308967,,,
1.0,1.0,0.8556063006300547,,,
0.0,0.0,0.3957012643471732,,,
0.0,0.0,0.40859966238810663,,,
0.0,0.0,0.38153897799154923,,,
0.0,0.0,0.3337246426506229,,,
1.0,1.0,0.5319011428045203,,,
1.0,1.0,0.5554475443142047,,,
0.0,0.0,0.4394813394693855,,,
1.0,1.0,0.7707560170129846,,,
1.0,1.0,0.5040133284768108,,,
1.0,1.0,0.7510026383019804,,,
0.0,1.0,0.5703578768232971,,,
1.0,0.0,0.45595378843564666,,,
0.0,0.0,0.3907087655002722,,,
1.0,1.0,0.6918987481678953,,,
1.0,1.0,0.5374535494918675,,,
0.0,0.0,0.3581037512142561,,,
1.0,0.0,0.3459643596418955,,,
0.0,0.0,0.3808634464943344,,,
1.0,0.0,0.39583674962939897,,,
1.0,0.0,0.4134412105025539,,,
1.0,1.0,0.6016160356931776,,,
0.0,0.0,0.41423472081395313,,,
1.0,0.0,0.45742002048909897,,,
1.0,1.0,0.6314754402594087,,,
1.0,0.0,0.4999264408403716,,,
1.0,1.0,0.5047576236406074,,,
0.0,0.0,0.40336439343372327,,,
1.0,1.0,0.5037827317025765,,,
0.0,0.0,0.38786705446019826,,,
0.0,0.0,0.3694823017071577,,,
0.0,1.0,0.6701804658176204,,,
0.0,0.0,0.32666591786555615,,,
1.0,0.0,0.48796987284820076,,,
0.0,0.0,0.3810382863358224,,,
1.0,0.0,0.43043391120579083,,,
1.0,1.0,0.5341389239664995,,,
0.0,0.0,0.41973792120963416,,,
1.0,1.0,0.6993650291162506,,,
1.0,1.0,0.5567825631888113,,,
0.0,0.0,0.4842288855312414,,,
0.0,0.0,0.44915168822924917,,,
0.0,0.0,0.37061433435422997,,,
0.0,0.0,0.4078034297844863,,,
0.0,1.0,0.5125811331786084,,,
1.0,0.0,0.4330493722327131,,,
0.0,0.0,0.39542671847671756,,,
1.0,0.0,0.4718227301372797,,,
0.0,0.0,0.2947218864411656,,,
1.0,1.0,0.5447008715512558,,,
1.0,0.0,0.4235315698916201,,,
0.0,1.0,0.5010295002484669,,,
0.0,0.0,0.40455927584226115,,,
1.0,1.0,0.5628404314631872,,,
0.0,0.0,0.4327928374775604,,,
1.0,1.0,0.5070779147266226,,,
1.0,0.0,0.4471377590104655,,,
0.0,0.0,0.34867102515890225,,,
0.0,0.0,0.37445095419764035,,,
1.0,0.0,0.42261519771924616,,,
1.0,1.0,0.6315248175465606,,,
1.0,0.0,0.4650302685248461,,,
0.0,0.0,0.48212605100367434,,,
0.0,0.0,0.3831026015469584,,,
1.0,1.0,0.5445522535005188,,,
1.0,0.0,0.4985010980852456,,,
1.0,0.0,0.3969488829240919,,,
0.0,0.0,0.37766083833208997,,,
1.0,1.0,0.7510426284843261,,,
1.0,1.0,0.7155043294070462,,,
0.0,0.0,0.444199182691191,,,
0.0,1.0,0.5569468883294896,,,
1.0,1.0,0.5406737936656147,,,
0.0,0.0,0.354083526883688,,,
0.0,0.0,0.42110533264072564,,,
1.0,0.0,0.49216815547802173,,,
0.0,0.0,0.297473728466024,,,
1.0,0.0,0.4934200958831974,,,
1.0,1.0,0.7731827107735124,,,
1.0,1.0,0.5310624442606919,,,
1.0,1.0,0.7704392233618109,,,
0.0,0.0,0.41577980533785786,,,
1.0,1.0,0.789613885953293,,,
1.0,1.0,0.82570921184561,,,
0.0,1.0,0.5582801778039547,,,
1.0,1.0,0.6793335915039199,,,
0.0,0.0,0.3957012643471732,,,
1.0,1.0,0.5045172154946003,,,
1.0,1.0,0.5755682501039396,,,
0.0,0.0,0.42703385473236954,,,
1.0,1.0,0.6899699300187262,,,
0.0,0.0,0.321211994918866,,,
1.0,1.0,0.507075875625062,,,
1.0,0.0,0.4093716528405882,,,
0.0,0.0,0.42022616350878195,,,
1.0,0.0,0.40868965744595614,,,
0.0,0.0,0.4529852657271779,,,
1.0,1.0,0.539765646070239,,,
1.0,1.0,0.5145395580824136,,,
0.0,0.0,0.41223435914251105,,,
0.0,0.0,0.40332745683448606,,,
0.0,0.0,0.3420793735684308,,,
0.0,0.0,0.4565044466152874,,,
1.0,1.0,0.6744401056178421,,,
0.0,1.0,0.5332919334983075,,,
0.0,0.0,0.4517333922810409,,,
0.0,0.0,0.458438017801283,,,
0.0,0.0,0.4167387954000301,,,
1.0,0.0,0.3586010895151084,,,
0.0,0.0,0.4511637581718081,,,
0.0,0.0,0.4920710630937935,,,
1.0,1.0,0.5864474351732334,,,
1.0,1.0,0.6082154591268233,,,
0.0,0.0,0.37061559330489674,,,
0.0,0.0,0.4286013723447178,,,
0.0,0.0,0.4866424255454054,,,
1.0,1.0,0.6082398182253994,,,
0.0,0.0,0.37911905244053,,,
1.0,1.0,0.5954168941947799,,,
0.0,0.0,0.30851249626467,,,
0.0,0.0,0.4087206684888887,,,
0.0,0.0,0.34968939093335677,,,
0.0,0.0,0.3374254716410165,,,
1.0,1.0,0.5428369738667229,,,
1.0,1.0,0.589277233339054,,,
0.0,0.0,0.410155548365504,,,
1.0,0.0,0.4053430880666848,,,
0.0,0.0,0.46107492962139757,,,
0.0,0.0,0.4016643614085952,,,
0.0,0.0,0.43364756692824147,,,
0.0,0.0,0.3961522852297832,,,
1.0,0.0,0.48043799810563415,,,
1.0,1.0,0.6154951034729745,,,
0.0,0.0,0.40377433890489295,,,
1.0,0.0,0.438247009915326,,,
0.0,0.0,0.4102602704046685,,,
1.0,1.0,0.5215144377945125,,,
0.0,0.0,0.35537816390362975,,,
1.0,1.0,0.5275104629308897,,,
1.0,1.0,0.5122172104718714,,,
1.0,0.0,0.40520681385550267,,,
1.0,1.0,0.5608826374660808,,,
0.0,0.0,0.4674130037578427,,,
0.0,0.0,0.40636801946088524,,,
0.0,0.0,0.3895995947972949,,,
0.0,0.0,0.4184816744307252,,,
1.0,0.0,0.451959938381016,,,
1.0,1.0,0.5464071907135784,,,
1.0,1.0,0.5039044231611318,,,
0.0,1.0,0.5340619308709313,,,
1.0,1.0,0.7739657975912868,,,
0.0,0.0,0.3414987137434958,,,
0.0,0.0,0.43524615770026814,,,
1.0,0.0,0.4511541812863608,,,
0.0,0.0,0.42365797527404736,,,
1.0,1.0,0.7832792313784408,,,
1.0,0.0,0.3898268070693714,,,
1.0,0.0,0.4633096793454722,,,
0.0,0.0,0.49820341261755224,,,
1.0,0.0,0.4954706373904115,,,
0.0,0.0,0.37199747921072307,,,
0.0,0.0,0.3806354613747183,,,
1.0,1.0,0.6028803569986573,,,
0.0,0.0,0.48915357357789896,,,
0.0,0.0,0.3723367599802274,,,
1.0,1.0,0.5487431576157185,,,
0.0,0.0,0.39921425099150637,,,
0.0,0.0,0.3949327723265941,,,
1.0,1.0,0.5332452019424574,,,
1.0,1.0,0.5389492260476783,,,
0.0,1.0,0.6288994758019115,,,
0.0,0.0,0.489728030218401,,,
0.0,0.0,0.3358130014899426,,,
1.0,0.0,0.41464761873571077,,,
0.0,0.0,0.4007696474689494,,,
0.0,0.0,0.3865588314119093,,,
1.0,0.0,0.4219044621028125,,,
1.0,1.0,0.5630043066607566,,,
0.0,0.0,0.48831465270128,,,
0.0,0.0,0.41095635594474045,,,
1.0,0.0,0.4591952583573385,,,
1.0,1.0,0.6512809172375675,,,
0.0,0.0,0.427723948941135,,,
0.0,0.0,0.4134790925466442,,,
0.0,0.0,0.47793725115657,,,
0.0,0.0,0.42368380459713234,,,
1.0,0.0,0.41977646879153796,,,
0.0,1.0,0.5841826582053483,,,
0.0,0.0,0.3717376902293735,,,
1.0,0.0,0.42234091291072495,,,
0.0,0.0,0.4341603401725063,,,
0.0,0.0,0.3252714024460577,,,
1.0,0.0,0.3837005050842626,,,
1.0,1.0,0.5544459900127799,,,
1.0,0.0,0.4697248151241355,,,
0.0,0.0,0.39357090332392913,,,
1.0,0.0,0.49295826694173983,,,
0.0,0.0,0.21300331688434546,,,
1.0,1.0,0.6235126080481185,,,
0.0,1.0,0.5177776277964504,,,
1.0,0.0,0.41423041024598406,,,
0.0,0.0,0.4211756470769608,,,
1.0,0.0,0.47623543327112455,,,
0.0,0.0,0.4239631154685889,,,
1.0,0.0,0.44954763298696954,,,
0.0,0.0,0.39267650986535685,,,
1.0,1.0,0.633167334730019,,,
1.0,1.0,0.6515273916562222,,,
0.0,0.0,0.4605815518932145,,,
0.0,0.0,0.42682912356361835,,,
1.0,1.0,0.5523695726159403,,,
0.0,0.0,0.415874872424275,,,
0.0,1.0,0.6118774484304663,,,
0.0,0.0,0.4341437689589281,,,
0.0,0.0,0.4390697062561275,,,
1.0,0.0,0.4581801323352892,,,
0.0,0.0,0.48511654488537803,,,
0.0,1.0,0.5701589942644991,,,
0.0,0.0,0.3865207199880901,,,
1.0,1.0,0.51910357508757,,,
1.0,1.0,0.8233759167407072,,,
0.0,0.0,0.2919727750181296,,,
0.0,0.0,0.47401186027235587,,,
0.0,0.0,0.39379216171786074,,,
0.0,0.0,0.31007513733768277,,,
0.0,0.0,0.38948024349958,,,
0.0,0.0,0.3109908792475837,,,
0.0,0.0,0.4214525793908102,,,
1.0,0.0,0.4053010905904236,,,
1.0,0.0,0.39722011833348203,,,
0.0,0.0,0.3892988069655276,,,
1.0,1.0,0.521047651180894,,,
1.0,0.0,0.48836504681421283,,,
0.0,1.0,0.5734007980761298,,,
0.0,0.0,0.40206170274766945,,,
0.0,0.0,0.401277010817764,,,
0.0,1.0,0.6398237216921383,,,
0.0,0.0,0.35672803216753207,,,
1.0,0.0,0.39914346233530634,,,
1.0,0.0,0.45993029248286754,,,
1.0,1.0,0.6757070223391303,,,
1.0,0.0,0.4307748375377568,,,
1.0,1.0,0.6589938969253484,,,
1.0,1.0,0.6200788669823702,,,
1.0,1.0,0.5353762582172343,,,
1.0,0.0,0.367145949533592,,,
0.0,0.0,0.4000421256384381,,,
0.0,0.0,0.4296400901084583,,,
1.0,1.0,0.5071844548466559,,,
1.0,1.0,0.6896098566543343,,,
0.0,1.0,0.5174574568941723,,,
1.0,0.0,0.49584074863406435,,,
1.0,1.0,0.5341871434127617,,,
0.0,0.0,0.3353567438427568,,,
1.0,1.0,0.6597441909621904,,,
1.0,1.0,0.6025301088994839,,,
1.0,1.0,0.7681635482309893,,,
1.0,1.0,0.6440371193783028,,,
0.0,0.0,0.4791542836301557,,,
0.0,0.0,0.4452817565098024,,,
1.0,1.0,0.5638125791397584,,,
1.0,1.0,0.6175159343316801,,,
1.0,1.0,0.5595364201233477,,,
1.0,1.0,0.6556711122836653,,,
0.0,0.0,0.4872300486957052,,,
0.0,0.0,0.47770110192352805,,,
0.0,0.0,0.37637780316598507,,,
0.0,0.0,0.3803765367739488,,,
1.0,1.0,0.6628412600009952,,,
0.0,0.0,0.4347807686549581,,,
0.0,0.0,0.4130668978779284,,,
1.0,0.0,0.46703135637432125,,,
0.0,0.0,0.4879791845961676,,,
0.0,0.0,0.47577825760638587,,,
0.0,0.0,0.3888558437569534,,,
1.0,1.0,0.779647489580121,,,
0.0,0.0,0.3976356414682744,,,
0.0,0.0,0.34181685880484947,,,
0.0,0.0,0.45965127120457255,,,
0.0,0.0,0.45012986137167466,,,
1.0,1.0,0.5955977757953017,,,
1.0,1.0,0.5769052339294354,,,
1.0,0.0,0.4406769991417983,,,
1.0,1.0,0.6857866485291784,,,
0.0,0.0,0.320596327838591,,,
0.0,0.0,0.4037467276197952,,,
0.0,0.0,0.4524763792294177,,,
1.0,1.0,0.5646657714169986,,,
0.0,0.0,0.40025716848068116,,,
1.0,1.0,0.7311111287812796,,,
0.0,0.0,0.39116277126307447,,,
0.0,0.0,0.3558648641234058,,,
0.0,0.0,0.4431750862427841,,,
0.0,1.0,0.562679716652277,,,
0.0,0.0,0.3151524326842588,,,
1.0,0.0,0.43002234138388623,,,
1.0,1.0,0.7810000847717086,,,
1.0,0.0,0.48994560194596,,,
0.0,0.0,0.4240964063336415,,,
1.0,1.0,0.6121374066536828,,,
1.0,1.0,0.6801094820042498,,,
1.0,1.0,0.5310984804394773,,,
0.0,0.0,0.36047083610133024,,,
1.0,0.0,0.4922022772678728,,,
0.0,0.0,0.46778543614971924,,,
0.0,0.0,0.48345209302056075,,,
1.0,1.0,0.500940875969248,,,
0.0,0.0,0.42426633531437424,,,
0.0,0.0,0.4961104812609982,,,
0.0,0.0,0.3151524326842588,,,
1.0,1.0,0.5335875792869416,,,
1.0,0.0,0.4268690544557075,,,
0.0,0.0,0.3701345987411673,,,
0.0,0.0,0.495007985983472,,,
0.0,0.0,0.4088713647074883,,,
1.0,1.0,0.5108311767698034,,,
0.0,0.0,0.4640426147971969,,,
0.0,0.0,0.3872560338961889,,,
0.0,0.0,0.3268645912557821,,,
0.0,0.0,0.35348581176303795,,,
0.0,0.0,0.3565612588202651,,,
1.0,1.0,0.8574605369734215,,,
1.0,1.0,0.6716670249239914,,,
0.0,0.0,0.3940185256647489,,,
0.0,0.0,0.4447298729512837,,,
1.0,0.0,0.44665308649234364,,,
1.0,1.0,0.5795980494984101,,,
1.0,0.0,0.4904283286567729,,,
0.0,0.0,0.46058104930280175,,,
1.0,1.0,0.6677192276828934,,,
1.0,1.0,0.6302521978252927,,,
1.0,0.0,0.36292736662466235,,,
1.0,1.0,0.5822938208173676,,,
0.0,1.0,0.5738927534039554,,,
1.0,1.0,0.5233716828731364,,,
1.0,0.0,0.49907752191102567,,,
0.0,0.0,0.3468031081430835,,,
1.0,0.0,0.3990759369456374,,,
0.0,0.0,0.30706724770280003,,,
0.0,0.0,0.39561401936738444,,,
0.0,0.0,0.42080405085360306,,,
1.0,1.0,0.5532424288908669,,,
1.0,1.0,0.5996500458536065,,,
0.0,0.0,0.4835553288383255,,,
1.0,0.0,0.38296659866949406,,,
1.0,0.0,0.40043463769812443,,,
1.0,1.0,0.5055082205366432,,,
1.0,0.0,0.4806065938094158,,,
1.0,0.0,0.4758206719366464,,,
0.0,0.0,0.4085716728037225,,,
1.0,1.0,0.5454089047602065,,,
1.0,1.0,0.5863244018615855,,,
0.0,0.0,0.42478143337963514,,,
1.0,0.0,0.4847544353843483,,,
0.0,0.0,0.4742950918826318,,,
1.0,0.0,0.41271581680203673,,,
1.0,0.0,0.43883536258685996,,,
0.0,0.0,0.4191250305402113,,,
1.0,1.0,0.8000843224430327,,,
0.0,0.0,0.35019088684881444,,,
0.0,0.0,0.36338587585766824,,,
1.0,1.0,0.515635424790911,,,
0.0,0.0,0.4348533232625252,,,
1.0,1.0,0.7519942741297028,,,
0.0,0.0,0.37861020152571173,,,
0.0,0.0,0.4180253889616203,,,
0.0,0.0,0.44716091128608426,,,
0.0,0.0,0.44246891050263476,,,
0.0,0.0,0.37482305995577503,,,
1.0,1.0,0.8014072394950691,,,
0.0,0.0,0.3522038347930323,,,
0.0,0.0,0.38759898425933537,,,
1.0,1.0,0.5325908200685798,,,
0.0,0.0,0.4748707177015573,,,
0.0,0.0,0.3694202491026932,,,
1.0,1.0,0.5045919941852611,,,
0.0,0.0,0.4898081832592572,,,
1.0,0.0,0.4552322982709682,,,
1.0,1.0,0.7497869945527041,,,
0.0,0.0,0.3803658934261612,,,
1.0,0.0,0.4958894758374664,,,
0.0,0.0,0.443703657430508,,,
1.0,1.0,0.7571865036962449,,,
0.0,0.0,0.4851240880399898,,,
0.0,0.0,0.3681065598067849,,,
0.0,0.0,0.4482836355405487,,,
1.0,1.0,0.5664308402765498,,,
1.0,0.0,0.3772948744188326,,,
1.0,1.0,0.6570068796415831,,,
1.0,1.0,0.5631240912447016,,,
0.0,0.0,0.352130114669444,,,
0.0,1.0,0.5465772013201254,,,
1.0,0.0,0.42332966756969087,,,
0.0,0.0,0.37083054656841097,,,
0.0,0.0,0.33079370505382444,,,
1.0,0.0,0.4259604633591415,,,
0.0,0.0,0.3876575659117399,,,
1.0,1.0,0.7324369610098301,,,
0.0,0.0,0.369441332779885,,,
0.0,0.0,0.420458259510657,,,
1.0,1.0,0.7323422861775858,,,
0.0,0.0,0.34750509105670224,,,
0.0,0.0,0.4007191260948777,,,
0.0,1.0,0.5058455797088072,,,
0.0,0.0,0.33780238212419766,,,
1.0,1.0,0.5714419826148621,,,
0.0,0.0,0.2839434021668839,,,
0.0,0.0,0.3776862015718697,,,
0.0,0.0,0.32664503813319967,,,
0.0,0.0,0.41630425050413405,,,
1.0,1.0,0.6095438788056906,,,
0.0,0.0,0.47977621968868406,,,
1.0,0.0,0.4994016526530718,,,
1.0,0.0,0.42011837818674025,,,
0.0,0.0,0.35780300067776094,,,
1.0,1.0,0.6612795757048189,,,
1.0,0.0,0.4035162250877293,,,
1.0,1.0,0.5545927359018069,,,
1.0,1.0,0.6736778282138113,,,
0.0,0.0,0.4278622060809347,,,
1.0,1.0,0.5164057589832682,,,
1.0,0.0,0.47366566239698604,,,
1.0,0.0,0.46085819223345775,,,
1.0,1.0,0.6823799553577234,,,
0.0,0.0,0.32433023527027494,,,
0.0,0.0,0.3506808716168747,,,
1.0,1.0,0.508311856826832,,,
