tr_y,tr_pred,tr_proba,te_y,te_pred,te_proba
0.0,0.0,0.43989815923559644,1.0,0.0,0.4168586846168353
1.0,1.0,0.5360522397347462,0.0,0.0,0.4181340264254111
0.0,0.0,0.4674437628645363,0.0,0.0,0.45616227879562465
0.0,0.0,0.2961516641177439,0.0,0.0,0.3857407208625612
1.0,0.0,0.4713053602999484,1.0,0.0,0.4340198154515979
1.0,1.0,0.612971006744168,1.0,1.0,0.5099460435955584
1.0,1.0,0.5392398923910369,1.0,1.0,0.5688847300686984
1.0,0.0,0.4509673235973318,0.0,0.0,0.45256509720796223
1.0,0.0,0.47646603512828073,0.0,0.0,0.48198936546828036
1.0,0.0,0.4357669466787095,0.0,0.0,0.4531366513123994
0.0,0.0,0.4292330991357121,1.0,1.0,0.6090391466439218
0.0,0.0,0.399526739852827,1.0,0.0,0.4509695925895864
1.0,1.0,0.5693479294453075,0.0,0.0,0.49829971438590487
1.0,0.0,0.39482630147116765,1.0,1.0,0.5226310855705343
1.0,1.0,0.6035364067238976,0.0,0.0,0.39638674394350804
1.0,0.0,0.4502254757602867,1.0,0.0,0.42072960262816766
1.0,1.0,0.5231267683905576,1.0,0.0,0.46577410389934437
1.0,0.0,0.41586753627402107,1.0,0.0,0.43413916454799123
0.0,0.0,0.40410034536878753,0.0,0.0,0.4667054124131645
1.0,0.0,0.4476618807247023,0.0,0.0,0.3871798357750385
0.0,0.0,0.4970958086512947,0.0,0.0,0.44600640185722057
1.0,1.0,0.5501642622431047,0.0,0.0,0.4236735318899386
0.0,0.0,0.36085841870909213,0.0,1.0,0.5060081044420672
0.0,1.0,0.5147012616446316,0.0,1.0,0.5555794375783691
1.0,0.0,0.425863725182593,0.0,1.0,0.6988991852530614
1.0,0.0,0.459723920911907,0.0,1.0,0.5173714723812117
1.0,1.0,0.7021300684233986,1.0,0.0,0.46168177668500204
1.0,0.0,0.4944001603294949,0.0,0.0,0.46153555838002364
0.0,0.0,0.4329979566233333,1.0,0.0,0.4052614322775348
1.0,1.0,0.5529274100437487,0.0,0.0,0.4751883620614876
1.0,1.0,0.5800551102849192,1.0,1.0,0.5102621387962434
0.0,0.0,0.2761914115479946,0.0,0.0,0.39115159732045873
0.0,0.0,0.40209571274790235,0.0,0.0,0.43149965908126975
1.0,0.0,0.4628829223736005,1.0,1.0,0.5017323358419745
1.0,1.0,0.6155865466967051,0.0,0.0,0.38305413777805963
0.0,0.0,0.4171451391062689,1.0,1.0,0.5685967220529317
0.0,0.0,0.38275931938430036,0.0,0.0,0.4720950499848305
0.0,0.0,0.4639646147900601,1.0,0.0,0.4833008097541127
1.0,1.0,0.5152177403419345,1.0,1.0,0.6268976957351395
0.0,0.0,0.381873992476937,1.0,1.0,0.5987877674255433
1.0,1.0,0.5257332543613572,0.0,0.0,0.3764005778704795
0.0,0.0,0.2692846967945406,1.0,0.0,0.46308177315959775
0.0,0.0,0.4059918286685031,0.0,0.0,0.4617411272118753
1.0,1.0,0.5072874712211322,0.0,1.0,0.5125222477744892
0.0,1.0,0.5478567005064089,0.0,1.0,0.5237681317736403
1.0,1.0,0.631782043506471,1.0,1.0,0.6415185905309011
0.0,0.0,0.40298538051955823,1.0,1.0,0.507311911903166
0.0,0.0,0.41125878561371515,0.0,0.0,0.40532271993929414
1.0,1.0,0.5627434342762542,1.0,0.0,0.4649099286646782
0.0,0.0,0.4824923898658627,1.0,0.0,0.4485332544188997
1.0,1.0,0.5111954931269685,0.0,0.0,0.42408066516427795
0.0,1.0,0.5291463741151394,1.0,0.0,0.46541801583291026
0.0,0.0,0.4102173506518038,1.0,1.0,0.5870364099239507
0.0,0.0,0.4776104968040069,0.0,0.0,0.34352126130422994
1.0,1.0,0.5143412767794997,0.0,0.0,0.4034739666761905
0.0,1.0,0.5042542584797218,1.0,1.0,0.6052527787441944
0.0,0.0,0.4213984080034655,0.0,1.0,0.5142973245767315
0.0,1.0,0.5263162720718982,1.0,1.0,0.5792514444991829
0.0,0.0,0.46397427796200547,0.0,0.0,0.3251835382759118
0.0,0.0,0.4485332544188997,1.0,0.0,0.40673266147797515
1.0,1.0,0.6005798117689374,0.0,0.0,0.49270874028711437
1.0,1.0,0.5498714301331276,0.0,0.0,0.4759042835697185
0.0,0.0,0.4373005811578367,1.0,0.0,0.4579171068445424
0.0,0.0,0.40533552242151927,0.0,0.0,0.40785133979251614
1.0,0.0,0.4817254444710926,0.0,0.0,0.4604891404610535
0.0,0.0,0.34875311811181386,1.0,1.0,0.6470719524262007
0.0,1.0,0.51037447071683,1.0,1.0,0.5962532537619262
0.0,0.0,0.45852932685105846,1.0,0.0,0.4974401665080282
0.0,0.0,0.3629296895286194,0.0,0.0,0.49275707744401337
0.0,0.0,0.49040180441219383,1.0,1.0,0.7881413225205366
0.0,0.0,0.488224044320281,0.0,1.0,0.5240673506204755
0.0,1.0,0.5503203837139159,0.0,0.0,0.4743194449085773
1.0,1.0,0.5127444750954846,0.0,0.0,0.4331790611188163
1.0,1.0,0.5223358524463998,1.0,0.0,0.4707344696496489
0.0,0.0,0.42000469998998785,0.0,0.0,0.48389310096867666
1.0,0.0,0.3856395729261447,0.0,0.0,0.3940837996188955
0.0,0.0,0.40515111534914555,0.0,0.0,0.4151980863982016
1.0,0.0,0.4461708860005183,0.0,0.0,0.40723962173656053
1.0,1.0,0.5241208611768035,1.0,1.0,0.6556931168708982
1.0,1.0,0.5967681037014855,0.0,0.0,0.41100873300793134
1.0,0.0,0.4374142206871442,0.0,0.0,0.4109716899943065
0.0,0.0,0.3685763016290459,1.0,0.0,0.382870960595041
0.0,0.0,0.4354299338512498,1.0,1.0,0.5590449274404966
0.0,0.0,0.40763074328166127,1.0,1.0,0.5230069020023329
1.0,0.0,0.4423441077490649,1.0,1.0,0.5260231533294503
0.0,0.0,0.374549223948865,1.0,1.0,0.575312369593768
0.0,0.0,0.40078124827378886,0.0,0.0,0.4859055883087023
1.0,0.0,0.3917370222544588,1.0,1.0,0.7077176762767782
1.0,1.0,0.5118586571028033,0.0,0.0,0.42707023284690365
0.0,0.0,0.33716945585065383,0.0,1.0,0.5229396248224419
1.0,1.0,0.5530680546959974,0.0,0.0,0.4132846915775911
0.0,0.0,0.4634381974123805,1.0,0.0,0.4493574945560026
1.0,0.0,0.38643886261402016,1.0,1.0,0.6664622830354651
1.0,0.0,0.48893265119416307,1.0,1.0,0.5990541337978181
1.0,1.0,0.5605468189612122,0.0,0.0,0.4056807243641037
0.0,0.0,0.4915690907550481,0.0,0.0,0.41687368038342903
1.0,1.0,0.664420458683822,0.0,0.0,0.40139981225981153
1.0,1.0,0.6174475497788672,1.0,1.0,0.6349939775715393
0.0,0.0,0.38907209184447594,1.0,1.0,0.6043994103784912
1.0,1.0,0.5053376684653708,1.0,0.0,0.4587574879470802
1.0,1.0,0.6203323258852894,1.0,1.0,0.5124437463937564
1.0,1.0,0.6469918564535357,0.0,0.0,0.41931938865140433
1.0,0.0,0.48674442615508773,1.0,1.0,0.5668774551718879
0.0,0.0,0.43906955809189413,1.0,1.0,0.5447783955342097
0.0,0.0,0.40685432217457695,1.0,1.0,0.5930004255588888
1.0,1.0,0.5550816381581959,0.0,1.0,0.515435117266613
1.0,0.0,0.4052913466339851,1.0,0.0,0.39904374761687644
1.0,0.0,0.4077350483359489,1.0,1.0,0.5940380081764731
0.0,0.0,0.3936828683709076,1.0,0.0,0.4608196544532241
1.0,0.0,0.4735121920127674,0.0,0.0,0.4470972730678917
0.0,0.0,0.4171375392839535,0.0,0.0,0.42261389681605793
0.0,1.0,0.5162120860261307,0.0,0.0,0.39999561534073974
1.0,0.0,0.422806495106109,0.0,1.0,0.5015890283463729
1.0,1.0,0.617267886157083,1.0,1.0,0.7221850093098162
1.0,1.0,0.5187034449885518,0.0,1.0,0.5579887532066569
0.0,0.0,0.47929081348811126,0.0,0.0,0.4135855042123254
0.0,0.0,0.40353482620509823,1.0,1.0,0.6668760502059543
0.0,0.0,0.44430074584756074,0.0,0.0,0.3599035769376518
1.0,0.0,0.4956667750634665,1.0,1.0,0.695290575263243
0.0,0.0,0.3679956638029167,1.0,0.0,0.42884840802700186
1.0,0.0,0.48852525679610953,0.0,0.0,0.44128491650811974
0.0,0.0,0.45869323145610524,1.0,0.0,0.38483125353333125
1.0,1.0,0.5823498582677717,1.0,0.0,0.421855391545721
0.0,0.0,0.34753559841990783,1.0,1.0,0.6520311614984686
0.0,0.0,0.38396795987305904,1.0,1.0,0.5220245644070867
0.0,0.0,0.4269819954497639,0.0,0.0,0.4417205954892059
0.0,0.0,0.37903869032727,1.0,1.0,0.545596613688581
1.0,1.0,0.5174218180703546,0.0,0.0,0.39116304736523366
0.0,0.0,0.3943554698350348,0.0,1.0,0.5864321688778724
0.0,0.0,0.41467183298465754,1.0,0.0,0.42795313685758124
0.0,0.0,0.4742547704249914,1.0,1.0,0.6718781699848319
1.0,0.0,0.49118525851781,1.0,1.0,0.575548078156975
0.0,1.0,0.5552883679441984,0.0,0.0,0.4781075744339141
1.0,1.0,0.6203387885334687,1.0,1.0,0.6198624226840371
0.0,0.0,0.4286537786830698,0.0,0.0,0.41552796123613733
0.0,0.0,0.3494444248480611,0.0,0.0,0.3770159613116425
0.0,0.0,0.40360222616684244,1.0,0.0,0.49539163021077337
1.0,0.0,0.4293240538007726,0.0,0.0,0.4347821143366326
1.0,1.0,0.5714136279528912,1.0,0.0,0.4924799523331014
0.0,0.0,0.3323061333039061,1.0,1.0,0.6130937563427914
1.0,1.0,0.505667057373366,1.0,1.0,0.541904335558059
1.0,0.0,0.49687035265164203,1.0,0.0,0.47087068365671386
1.0,0.0,0.4626351175402248,1.0,0.0,0.46163377855945353
1.0,1.0,0.5141992276701677,1.0,0.0,0.3882525095678656
1.0,1.0,0.627234484609922,0.0,0.0,0.41992496596543993
1.0,1.0,0.5984309842774418,1.0,1.0,0.5312996216750008
0.0,0.0,0.40731540018899864,0.0,0.0,0.4845791859314862
0.0,0.0,0.4119146138559289,1.0,1.0,0.6905463840762369
1.0,1.0,0.6534658173370643,0.0,0.0,0.43425075625516024
0.0,0.0,0.3817282343273091,0.0,0.0,0.42206941631453765
1.0,1.0,0.7101386609031093,0.0,0.0,0.35455223816901216
0.0,0.0,0.38812257539010897,1.0,0.0,0.44677113965106346
0.0,0.0,0.4111369680167182,0.0,1.0,0.56608366237984
0.0,0.0,0.4195010495632781,0.0,0.0,0.4058419362045751
1.0,1.0,0.6100951701984261,1.0,0.0,0.4265869522188176
0.0,0.0,0.4365557589949482,1.0,1.0,0.5552575020242211
1.0,0.0,0.46514589607909057,1.0,1.0,0.5801273809747644
0.0,0.0,0.36733472552095875,0.0,0.0,0.36985219213563986
0.0,0.0,0.4211076432353513,0.0,0.0,0.425220682357507
1.0,1.0,0.7150750149680543,0.0,0.0,0.4304576260999029
0.0,0.0,0.45115665642183095,1.0,0.0,0.4969719036982373
0.0,0.0,0.3879437835263821,1.0,1.0,0.5258446668020121
1.0,1.0,0.5104699731983835,0.0,0.0,0.41657066969565776
1.0,1.0,0.5147733275550577,1.0,1.0,0.5959953127392668
0.0,0.0,0.38106138781444193,1.0,1.0,0.5108945786411773
0.0,0.0,0.4704621717042601,1.0,1.0,0.5348073107683627
0.0,0.0,0.4146115745626205,0.0,0.0,0.4061498402563323
1.0,0.0,0.4104733369728992,0.0,0.0,0.40404796147812966
0.0,0.0,0.39363671925102434,0.0,0.0,0.39455338584762145
1.0,1.0,0.5718028568334417,1.0,0.0,0.4050649034697213
1.0,1.0,0.5584342425666352,1.0,1.0,0.6079012064675992
0.0,0.0,0.489137399166199,1.0,1.0,0.5772281040105829
1.0,0.0,0.46389604266220213,0.0,0.0,0.38914406913312655
0.0,0.0,0.41777597852171106,1.0,1.0,0.7806171112955286
1.0,1.0,0.6639044193840946,1.0,0.0,0.406724109166542
0.0,0.0,0.4942439232673897,0.0,0.0,0.4584733242311095
0.0,0.0,0.46261379862980173,0.0,0.0,0.48837900624091335
0.0,0.0,0.4710106097219478,0.0,0.0,0.43595134753553333
1.0,1.0,0.6022801334101874,0.0,0.0,0.4727977542565133
0.0,0.0,0.40799684099890215,0.0,0.0,0.3764223070286874
0.0,1.0,0.5098525682219137,0.0,0.0,0.3896199952407286
1.0,0.0,0.43091732166896374,0.0,0.0,0.43979805623114354
1.0,1.0,0.5762612293302123,0.0,0.0,0.45607880311997545
1.0,1.0,0.54578655436941,1.0,0.0,0.4672813296877355
0.0,0.0,0.43346594421675266,0.0,1.0,0.5215394595721975
1.0,1.0,0.6426168493345773,0.0,0.0,0.45811627821645534
0.0,0.0,0.4120930632356841,1.0,1.0,0.5173398710221144
1.0,1.0,0.6450834290292617,1.0,1.0,0.5425036447859162
1.0,0.0,0.43908083321575886,0.0,0.0,0.369300774439719
0.0,0.0,0.3979875159828278,0.0,0.0,0.4640264066551558
1.0,0.0,0.42897466844481286,1.0,1.0,0.5255968613062356
0.0,0.0,0.4322747824323724,1.0,1.0,0.5242695627501235
1.0,1.0,0.5237049201333047,0.0,0.0,0.3913110167171145
1.0,1.0,0.5057967787427636,1.0,1.0,0.516593876988968
1.0,1.0,0.5607635883802894,1.0,1.0,0.5913969007176162
0.0,0.0,0.3855642630707594,0.0,0.0,0.4297372371457578
1.0,0.0,0.44502581044671546,1.0,1.0,0.6271760944720485
1.0,1.0,0.7544879133787012,1.0,1.0,0.6338622069333493
0.0,0.0,0.4071279259991896,1.0,1.0,0.6884214944365757
0.0,0.0,0.414338546046132,0.0,0.0,0.41020484592119977
1.0,1.0,0.6663656235081247,1.0,1.0,0.5173168990662651
1.0,0.0,0.420221299978779,0.0,0.0,0.35118841387580696
0.0,0.0,0.42462830289093595,0.0,0.0,0.4995061246546467
0.0,0.0,0.3372325255827524,0.0,0.0,0.4334085616775856
1.0,0.0,0.4518965982836009,0.0,0.0,0.456778464575497
1.0,1.0,0.717449296168889,1.0,1.0,0.6127416120230136
0.0,0.0,0.40144374322252446,0.0,0.0,0.4907451124018875
1.0,0.0,0.4819221791406409,1.0,0.0,0.45342726856790594
0.0,0.0,0.47521411433311717,0.0,0.0,0.45412833846248474
0.0,0.0,0.37222396166685084,0.0,0.0,0.39653288733980563
1.0,1.0,0.7749733930353452,1.0,0.0,0.49140905727069567
1.0,1.0,0.5155142114795691,1.0,1.0,0.6864687113091883
0.0,1.0,0.5039147555742601,0.0,0.0,0.36651610948000884
1.0,1.0,0.5433374488883869,0.0,0.0,0.3981089243066766
0.0,0.0,0.46752500990178597,0.0,0.0,0.47227142683715084
1.0,1.0,0.7149380357091134,0.0,0.0,0.3969548947837995
1.0,1.0,0.5214184053934419,0.0,0.0,0.36442792957032405
0.0,0.0,0.3814546513524322,0.0,0.0,0.4062606873363241
0.0,0.0,0.46228488640684884,0.0,1.0,0.5105856342820384
0.0,0.0,0.3888797514948409,1.0,1.0,0.5554642156029641
1.0,0.0,0.4952603078768002,0.0,0.0,0.40641686916748226
0.0,0.0,0.40208607967385207,1.0,0.0,0.42918184957641947
1.0,0.0,0.46059903416668674,0.0,0.0,0.381403208731585
0.0,0.0,0.44631925770548836,1.0,0.0,0.3880115001408279
0.0,0.0,0.40235751445778234,1.0,1.0,0.5092979539406458
1.0,0.0,0.45369786038138854,0.0,0.0,0.46671924842153417
1.0,1.0,0.5074845095060675,1.0,1.0,0.5349671392422118
1.0,1.0,0.574377582774135,0.0,0.0,0.38275931938430036
1.0,0.0,0.41146589959181035,0.0,0.0,0.3787179643287744
0.0,0.0,0.4304226202768725,0.0,0.0,0.4914589457529731
1.0,1.0,0.6710929224103861,0.0,0.0,0.3301320261168053
1.0,0.0,0.48259675869554075,0.0,0.0,0.42617801121135634
1.0,1.0,0.7665861419329842,1.0,0.0,0.4741636153039512
1.0,1.0,0.776477191527328,0.0,0.0,0.42953096871350177
0.0,1.0,0.6036065010617349,0.0,0.0,0.4201250277135727
0.0,1.0,0.5088815753967183,0.0,0.0,0.45379147163922634
1.0,1.0,0.5043427723314314,1.0,1.0,0.5230242603735282
1.0,1.0,0.5006889626368082,0.0,0.0,0.4350399436027889
0.0,0.0,0.4580191874118057,0.0,0.0,0.4281081853044622
0.0,0.0,0.46134881507972775,0.0,0.0,0.4177486712200144
1.0,1.0,0.536330001533032,0.0,0.0,0.35541000458611155
1.0,0.0,0.4420604548537586,1.0,0.0,0.48480355288035404
0.0,0.0,0.4127281334257606,1.0,1.0,0.665751509918029
1.0,0.0,0.4572007219940935,0.0,0.0,0.4208347316438718
0.0,0.0,0.3919415596148255,0.0,0.0,0.35119967265742125
1.0,0.0,0.4615878565145452,1.0,1.0,0.7925219659336519
0.0,0.0,0.44283924097101623,0.0,0.0,0.382750819619123
1.0,0.0,0.451938894970501,0.0,0.0,0.48962131680437054
1.0,1.0,0.5092685585197589,0.0,0.0,0.4416985756460687
1.0,1.0,0.7215823519389414,1.0,0.0,0.48980339405131507
0.0,1.0,0.5064901846289992,1.0,1.0,0.5642268494330895
0.0,1.0,0.510875787306098,1.0,1.0,0.5260353945787107
0.0,0.0,0.3723907409708942,1.0,0.0,0.4635943112796581
0.0,0.0,0.4601166881166246,1.0,0.0,0.4798548516423133
0.0,0.0,0.4549380269738049,1.0,1.0,0.5703659216200615
0.0,0.0,0.41208465282284257,0.0,0.0,0.35541000458611155
0.0,0.0,0.3942777526449244,0.0,0.0,0.43744944768671573
0.0,0.0,0.41625803183242505,1.0,0.0,0.49794392360041473
1.0,1.0,0.5369715814360099,1.0,1.0,0.5206297825253631
1.0,1.0,0.5714018189755676,1.0,1.0,0.6928158819630722
0.0,0.0,0.4548801886577049,1.0,1.0,0.5305850747653611
0.0,0.0,0.3507728174485832,0.0,0.0,0.4518957192590844
0.0,0.0,0.44320571417921606,1.0,0.0,0.4456662572614751
0.0,0.0,0.47056519519907414,1.0,1.0,0.5700526643568289
0.0,0.0,0.2761914115479946,1.0,1.0,0.5673430094868548
1.0,1.0,0.522411976877431,1.0,0.0,0.4189072891327777
0.0,0.0,0.4346994276683679,1.0,1.0,0.5650122280957321
1.0,1.0,0.6090696414384376,0.0,0.0,0.3835100853074817
1.0,1.0,0.5365692961246091,0.0,0.0,0.39630659787780426
1.0,1.0,0.5707420816434255,0.0,1.0,0.510182401366845
0.0,0.0,0.44659567575035664,1.0,0.0,0.42830986014409794
1.0,0.0,0.4601310094821703,1.0,1.0,0.6099807122942739
1.0,0.0,0.4521460691446163,0.0,0.0,0.4050109510383792
1.0,1.0,0.5113782139091084,0.0,0.0,0.45637836634181245
0.0,0.0,0.36867294966904723,1.0,0.0,0.4779977169879617
1.0,0.0,0.4607106775686532,0.0,0.0,0.42514685407927266
0.0,0.0,0.4373628195556914,0.0,0.0,0.3952541189786419
0.0,0.0,0.4508985157862792,1.0,0.0,0.44852895603742327
0.0,0.0,0.45489625323536076,1.0,1.0,0.609166759974789
0.0,0.0,0.4387131854242549,0.0,0.0,0.4134124073554988
1.0,1.0,0.644424628075224,1.0,0.0,0.4265695838132206
1.0,1.0,0.5624645204567637,0.0,0.0,0.37065165420520735
0.0,0.0,0.4764929665704175,0.0,0.0,0.44757413948854596
1.0,1.0,0.6393051789879731,0.0,0.0,0.368184151094786
0.0,0.0,0.4610100400220427,0.0,0.0,0.4782718054264353
1.0,1.0,0.6977144292022384,1.0,1.0,0.5144397763293
1.0,0.0,0.49031530856647,0.0,0.0,0.4026498078430878
1.0,0.0,0.43521610291665797,1.0,1.0,0.6050292782809427
1.0,1.0,0.5720524427415498,0.0,1.0,0.5689068430662887
1.0,0.0,0.43543090242187993,0.0,0.0,0.3897219877102621
1.0,1.0,0.6233116075545074,1.0,0.0,0.4633220995266686
1.0,0.0,0.4398726265652651,1.0,1.0,0.5110537066439012
1.0,1.0,0.5222927251699262,0.0,0.0,0.49977763356207877
0.0,0.0,0.3998610307534255,1.0,0.0,0.46945590151340144
1.0,1.0,0.7779032437004215,0.0,0.0,0.4342342517761889
0.0,0.0,0.382425868324125,0.0,1.0,0.5523846227311144
1.0,0.0,0.48568902118138696,0.0,0.0,0.3968424984892899
1.0,0.0,0.4596413837024526,1.0,1.0,0.6709079331861286
1.0,1.0,0.6118970362291586,1.0,1.0,0.508216836302046
1.0,1.0,0.5753053334681572,1.0,1.0,0.5140874660783913
1.0,0.0,0.4038005687662116,0.0,0.0,0.4487193801491013
0.0,0.0,0.35976368948207693,1.0,0.0,0.49790246595595045
1.0,1.0,0.5059509748342986,1.0,1.0,0.5170373227923238
0.0,0.0,0.45873250459170983,0.0,1.0,0.5089805895497452
1.0,1.0,0.5407005360656826,0.0,0.0,0.4456580829815655
1.0,0.0,0.49790246595595045,0.0,0.0,0.4018511030986156
1.0,0.0,0.42168461877524577,1.0,1.0,0.6683163898892396
0.0,0.0,0.358073148354932,1.0,0.0,0.4786061890514692
1.0,1.0,0.60786787661984,1.0,0.0,0.49909161632855686
1.0,0.0,0.395435415599326,1.0,1.0,0.5092685585197589
0.0,0.0,0.3960767441167065,0.0,0.0,0.4072501538202175
0.0,0.0,0.4888515032921712,0.0,0.0,0.3270810475754033
1.0,1.0,0.5375202357912089,0.0,0.0,0.43008283072548453
0.0,0.0,0.4660849388273196,1.0,1.0,0.5131253036821979
0.0,0.0,0.37669713001737737,0.0,0.0,0.37704962208113496
0.0,1.0,0.5782315921574135,0.0,1.0,0.6613820202079836
0.0,0.0,0.4599986301690414,1.0,0.0,0.49553275185835427
0.0,0.0,0.4374952855795355,1.0,1.0,0.5618108888521717
0.0,0.0,0.41091657613895216,0.0,0.0,0.45966665956736147
0.0,0.0,0.4329796403446119,0.0,1.0,0.5032408495960364
1.0,1.0,0.5254244090833786,0.0,0.0,0.4681992433362067
0.0,0.0,0.39775068492796245,0.0,0.0,0.4065290502368804
1.0,1.0,0.5302803274437993,1.0,1.0,0.5121576490015171
0.0,0.0,0.4093911874100095,0.0,1.0,0.5165573005239935
1.0,1.0,0.5411590887470551,1.0,1.0,0.5168757860162618
0.0,0.0,0.45518146715952,0.0,1.0,0.5475590441528002
0.0,0.0,0.4752781400030088,0.0,0.0,0.3886165152291681
0.0,0.0,0.40529151958969056,0.0,0.0,0.3878841827838668
0.0,0.0,0.3888490000577933,0.0,1.0,0.5267714521119391
0.0,0.0,0.4139865922389445,1.0,1.0,0.5213030159920232
0.0,0.0,0.3992998612833046,0.0,1.0,0.5352950878073816
1.0,1.0,0.5586275749832234,1.0,0.0,0.43401226783631497
0.0,0.0,0.3386685348082888,0.0,0.0,0.41479998608978474
1.0,1.0,0.5581204725227285,0.0,0.0,0.39570707171916286
0.0,0.0,0.36970449874094025,0.0,0.0,0.3988358709260439
0.0,0.0,0.4246284205433119,1.0,1.0,0.6556485922352648
0.0,1.0,0.5894411915462299,0.0,1.0,0.5054459232583427
1.0,1.0,0.5196346620682843,0.0,1.0,0.5029215913246057
1.0,0.0,0.45613881806321377,0.0,0.0,0.438554433643803
0.0,0.0,0.3575724228620181,0.0,0.0,0.4254130226818991
0.0,0.0,0.39465107461694754,0.0,0.0,0.42965269849984083
1.0,0.0,0.4495629362476299,0.0,0.0,0.38654487572810414
0.0,0.0,0.4323466342499127,0.0,0.0,0.3599140006728658
0.0,0.0,0.418885190700896,1.0,1.0,0.7178716339543356
0.0,0.0,0.38742411592473397,1.0,0.0,0.45369387693481233
0.0,0.0,0.34489657121165274,1.0,1.0,0.5859740250418661
1.0,1.0,0.556573255428741,0.0,0.0,0.4325755268347005
0.0,1.0,0.502368910711213,0.0,0.0,0.4778148567356088
1.0,1.0,0.6780762343788768,0.0,0.0,0.2761914115479946
0.0,0.0,0.3918245739116714,0.0,0.0,0.44964944519745337
0.0,0.0,0.4762589604600785,1.0,1.0,0.5111044330070644
1.0,1.0,0.52424665041877,0.0,0.0,0.4105960952678769
0.0,0.0,0.3968345568603738,0.0,0.0,0.38982195971507916
0.0,0.0,0.47735341593273345,0.0,1.0,0.5125285782202504
0.0,0.0,0.3456443683774942,0.0,0.0,0.42462830289093595
0.0,0.0,0.41861917720261216,1.0,1.0,0.5290172746678375
0.0,1.0,0.5532879455115902,1.0,0.0,0.42402377399041247
0.0,0.0,0.3959223320155333,1.0,1.0,0.5791494890689468
0.0,0.0,0.36365311338733414,1.0,1.0,0.7116588557795093
1.0,1.0,0.6476357980089874,0.0,0.0,0.35593394229134084
1.0,1.0,0.5029734669409657,1.0,0.0,0.44473038280089494
0.0,0.0,0.36724123722186247,1.0,1.0,0.5250767235309187
1.0,1.0,0.6137102849885157,0.0,0.0,0.4074776733839954
1.0,1.0,0.5448122123430008,1.0,1.0,0.763267993536738
1.0,1.0,0.546916608461445,0.0,0.0,0.43915934129142303
1.0,1.0,0.5535450633399657,0.0,0.0,0.3543675749184186
0.0,0.0,0.44423055412050977,0.0,1.0,0.5083002577501426
1.0,0.0,0.48575950561879366,0.0,0.0,0.4548005969293594
0.0,0.0,0.4716025450815718,0.0,0.0,0.34387755631735384
1.0,1.0,0.5014324812786078,0.0,1.0,0.5076071278111925
1.0,1.0,0.6083059555613061,0.0,0.0,0.447576594127012
0.0,0.0,0.3846403982422808,1.0,1.0,0.5943554125822191
1.0,0.0,0.49811601102818404,0.0,0.0,0.3590543715611445
0.0,0.0,0.4652859783846931,0.0,0.0,0.3849521276278307
0.0,0.0,0.4834152424057588,1.0,1.0,0.516801102040644
1.0,1.0,0.5518970740004463,1.0,0.0,0.4760305068087342
0.0,0.0,0.4523459333226681,0.0,0.0,0.45560705560000053
1.0,0.0,0.4260772848587072,1.0,1.0,0.521139918863211
1.0,0.0,0.46915723333490666,0.0,0.0,0.42514176062373127
0.0,0.0,0.34869903064327795,1.0,0.0,0.49333605255642143
1.0,1.0,0.5689494091856105,0.0,0.0,0.49748237019782887
0.0,0.0,0.3317949543393894,0.0,0.0,0.4567994658714178
1.0,0.0,0.42297018254456975,1.0,0.0,0.4436381467598922
1.0,1.0,0.5359881692753502,1.0,0.0,0.41509181019825303
1.0,1.0,0.5386987972449314,1.0,0.0,0.44592089057186446
1.0,0.0,0.4817493311671233,1.0,0.0,0.4447818794698645
0.0,0.0,0.411969123656312,0.0,1.0,0.5164310428257953
1.0,1.0,0.6288287314046366,0.0,1.0,0.5216659995955619
1.0,1.0,0.5677096052680202,0.0,0.0,0.33655127383858946
1.0,1.0,0.5975571923014278,1.0,1.0,0.5556723015138916
0.0,0.0,0.4725526923389943,1.0,1.0,0.6175919872015374
0.0,0.0,0.4319664917916407,1.0,0.0,0.45288945429822863
0.0,0.0,0.383479676310102,0.0,1.0,0.5091147269678773
0.0,0.0,0.4177549335206278,0.0,1.0,0.517985330422739
1.0,1.0,0.5754802927420846,0.0,1.0,0.509209700068274
1.0,1.0,0.6380643829231972,1.0,0.0,0.4731165677727368
1.0,1.0,0.5989650276238758,0.0,0.0,0.4376725911121535
1.0,0.0,0.41886708749976137,1.0,1.0,0.586729243874841
1.0,1.0,0.552056710186278,0.0,0.0,0.4121709493310488
0.0,0.0,0.35531852544862375,1.0,0.0,0.47764048572558265
1.0,1.0,0.5131398534787492,0.0,0.0,0.4365213874407662
0.0,0.0,0.3811749980221049,1.0,0.0,0.48793610012891764
0.0,0.0,0.45640141569999937,0.0,0.0,0.428017931011488
0.0,0.0,0.3653541942478712,0.0,0.0,0.37564728718264145
1.0,1.0,0.5598067041739069,0.0,0.0,0.42722598853043237
1.0,0.0,0.4407347736585766,1.0,0.0,0.4223101556769306
0.0,0.0,0.37562238213777166,0.0,1.0,0.5587481760129247
1.0,1.0,0.5363116469729736,1.0,1.0,0.5589552499385774
1.0,1.0,0.6546231235086801,1.0,1.0,0.6939343304515821
1.0,1.0,0.5545776415391567,0.0,0.0,0.48132229015786987
0.0,0.0,0.43712597655718477,0.0,0.0,0.46021026970837703
1.0,0.0,0.4773993769726159,0.0,0.0,0.44132986971654536
0.0,0.0,0.4720961416521652,1.0,0.0,0.4146540313652083
0.0,0.0,0.49207138261560235,1.0,0.0,0.47239009388495146
1.0,0.0,0.43609439925326915,1.0,0.0,0.41365950721671435
0.0,0.0,0.4102290931603405,0.0,0.0,0.28332336512707545
1.0,0.0,0.4923659087899657,0.0,0.0,0.3251835382759118
1.0,0.0,0.4565574239159509,1.0,1.0,0.6043583205157123
0.0,0.0,0.3888375425367881,1.0,1.0,0.5095176881947872
1.0,1.0,0.5073851753187281,0.0,0.0,0.3889282347792501
0.0,0.0,0.4474489697695232,0.0,1.0,0.5017612327834565
0.0,0.0,0.3854437734726179,1.0,0.0,0.46173171077476
1.0,1.0,0.7791847573628673,0.0,0.0,0.4312500673152213
0.0,0.0,0.39446566432845676,1.0,0.0,0.46386164711946276
1.0,1.0,0.5999606730524178,1.0,1.0,0.6434959448849693
0.0,0.0,0.3740952598663059,1.0,0.0,0.4837723724884385
0.0,0.0,0.41358552614398236,0.0,0.0,0.44402207495437057
1.0,1.0,0.7029860511253921,1.0,1.0,0.5032063364782117
0.0,0.0,0.4206626434027134,0.0,0.0,0.4636331935455439
1.0,1.0,0.5441944368497642,0.0,0.0,0.452847353469276
1.0,1.0,0.5354705389144436,1.0,0.0,0.4616816182866122
0.0,0.0,0.45253278507145783,0.0,0.0,0.4057682240176181
0.0,1.0,0.5534916773688748,1.0,0.0,0.46942173243467056
1.0,1.0,0.6000818887463422,1.0,1.0,0.5778097352431723
0.0,1.0,0.5379727627114104,0.0,0.0,0.40413470295734494
1.0,1.0,0.7864843421744183,0.0,0.0,0.4309061748119229
1.0,1.0,0.544772188728387,1.0,0.0,0.39080768275531363
0.0,0.0,0.39417201650429734,0.0,0.0,0.43850043057205573
1.0,1.0,0.5331617219194377,0.0,0.0,0.43397264940987623
0.0,0.0,0.46343168500035736,1.0,0.0,0.4453019907623111
0.0,0.0,0.46893998237953044,0.0,0.0,0.4765960559901712
1.0,1.0,0.5085167745020298,1.0,1.0,0.5007759937193621
1.0,1.0,0.5035951232931117,0.0,0.0,0.33977997426925227
1.0,0.0,0.3890487608175769,0.0,1.0,0.5436692360279036
0.0,0.0,0.4105361207603808,1.0,1.0,0.517794619205757
1.0,0.0,0.4647570564170219,1.0,1.0,0.5616429720419674
1.0,0.0,0.4721709967524465,1.0,0.0,0.4582258006265305
1.0,0.0,0.4201844759074011,0.0,0.0,0.3976675426059276
1.0,1.0,0.5788687145423652,1.0,0.0,0.4759474062235518
1.0,1.0,0.6365792227842738,0.0,0.0,0.446620101651815
0.0,0.0,0.4092448406442398,1.0,1.0,0.5163445718586865
0.0,0.0,0.41614947670290026,0.0,0.0,0.46844812419533405
0.0,0.0,0.4593926560985598,0.0,0.0,0.4993805067927174
0.0,0.0,0.28204855440513743,0.0,0.0,0.45674026779623633
1.0,1.0,0.5721319369912821,0.0,1.0,0.5232320360663125
1.0,0.0,0.4479008035846005,0.0,0.0,0.4264280288766824
1.0,0.0,0.48743489976849363,0.0,0.0,0.4837152075403398
0.0,0.0,0.407198209871244,0.0,0.0,0.44387570548790456
1.0,1.0,0.5518093798659477,0.0,0.0,0.38160011960405466
0.0,0.0,0.41900329339504544,1.0,1.0,0.7894601254630796
0.0,0.0,0.39624604032214855,0.0,0.0,0.4662879664749773
0.0,0.0,0.3940918449737379,1.0,1.0,0.7825065122171875
0.0,0.0,0.3881529332414656,1.0,0.0,0.4146331851819471
1.0,1.0,0.5684588316138391,1.0,1.0,0.5049971501267829
1.0,1.0,0.5985267183677868,0.0,0.0,0.4374747752577915
0.0,0.0,0.4786317876016229,1.0,1.0,0.5397764080109185
1.0,1.0,0.5040831916072698,1.0,1.0,0.6561591137961815
1.0,0.0,0.41630708173188413,0.0,0.0,0.3857605932530781
0.0,0.0,0.407198209871244,0.0,0.0,0.41098233384208455
0.0,0.0,0.4466780693109209,0.0,1.0,0.5580064350308754
0.0,1.0,0.5271023955424021,1.0,1.0,0.5202606690927966
1.0,0.0,0.4194184803663525,0.0,0.0,0.35624634005400796
0.0,0.0,0.35688999620081646,0.0,0.0,0.4086514956781751
1.0,0.0,0.4630669848277168,1.0,0.0,0.4714093234814858
0.0,0.0,0.41346095635973495,0.0,0.0,0.382382884441744
0.0,0.0,0.43364107030090715,1.0,0.0,0.4367447107950411
0.0,0.0,0.4055831952470649,0.0,0.0,0.43209224027678006
1.0,0.0,0.4604443975346397,0.0,0.0,0.44705458516574903
1.0,1.0,0.6803784398104503,0.0,0.0,0.43343932975220106
1.0,1.0,0.5271005462413457,1.0,1.0,0.5221585722658355
0.0,0.0,0.3888081565523871,1.0,1.0,0.6535965970050324
0.0,0.0,0.44230594003128954,1.0,1.0,0.639083301775295
0.0,0.0,0.39301810276416144,0.0,0.0,0.4078450721129044
0.0,0.0,0.44337194155173393,0.0,0.0,0.4045925319543935
1.0,1.0,0.5248686075585711,1.0,1.0,0.717690848552411
1.0,1.0,0.5231854664164531,1.0,0.0,0.4784028190998361
0.0,0.0,0.46004145168122224,0.0,1.0,0.5246254998803567
1.0,1.0,0.5281023431502042,0.0,0.0,0.4041043373991223
1.0,1.0,0.5104557346042462,1.0,1.0,0.5074467947435992
0.0,0.0,0.36733472552095875,0.0,0.0,0.42733727780720804
0.0,0.0,0.39857419406013067,0.0,0.0,0.4025922375583717
0.0,0.0,0.38229023671215395,1.0,0.0,0.4690454241778982
0.0,0.0,0.4141639614830556,0.0,0.0,0.4042802833494486
0.0,0.0,0.4543208485128005,0.0,0.0,0.4174575756702218
0.0,0.0,0.40853103699944376,0.0,0.0,0.39640147829516825
1.0,0.0,0.4989702157287573,1.0,1.0,0.5984309842774418
0.0,1.0,0.5988099373055741,0.0,0.0,0.3827490322211829
1.0,1.0,0.5399635597586308,0.0,0.0,0.34797098145364413
1.0,1.0,0.5974836131170199,0.0,0.0,0.4609924087275502
0.0,0.0,0.38230603817517744,0.0,0.0,0.4542388321181488
0.0,0.0,0.4175905957940835,1.0,1.0,0.5265094999369979
0.0,0.0,0.42092990032896976,1.0,0.0,0.403373367481523
0.0,0.0,0.42496605857094405,0.0,0.0,0.40622043617797743
0.0,0.0,0.3874840519502199,1.0,1.0,0.6271702160245357
1.0,0.0,0.4650679831296467,1.0,0.0,0.4348293659309124
1.0,0.0,0.4597168556695677,0.0,0.0,0.44853467248323853
0.0,0.0,0.47337489306761255,0.0,0.0,0.49254300983251215
1.0,1.0,0.6750416784142894,0.0,0.0,0.4360084243326798
1.0,1.0,0.618946788392342,1.0,0.0,0.40054562476067973
1.0,1.0,0.7078436269147431,1.0,1.0,0.5951657828084113
0.0,0.0,0.4172199913033252,0.0,0.0,0.4158358155181692
0.0,0.0,0.4974644078632954,1.0,1.0,0.7065408615095132
0.0,0.0,0.4897330771521652,1.0,0.0,0.413012544009534
1.0,1.0,0.5252166136780645,0.0,0.0,0.4310728318933051
1.0,1.0,0.5124437463937564,1.0,1.0,0.7593584412873877
1.0,0.0,0.4861195393910653,1.0,1.0,0.5993179738531227
0.0,0.0,0.3404052764549227,0.0,0.0,0.43428445574894853
1.0,1.0,0.678261760256621,0.0,0.0,0.4122232637060495
0.0,0.0,0.3184647928457568,0.0,0.0,0.42045189276031075
0.0,0.0,0.4030159442848542,0.0,0.0,0.3504165627431379
0.0,0.0,0.49627804109440865,1.0,1.0,0.7446303021340237
0.0,1.0,0.5007111963749015,1.0,1.0,0.5021749669643372
0.0,1.0,0.5580668347222524,1.0,1.0,0.6986869521869093
1.0,1.0,0.5489989941863826,1.0,1.0,0.6180713124674195
1.0,0.0,0.4382545868736487,0.0,0.0,0.4922967103679861
0.0,0.0,0.4566982118908478,1.0,1.0,0.5315864826114574
1.0,0.0,0.4634207400965305,1.0,0.0,0.45091198042579084
0.0,0.0,0.4377127105043022,0.0,0.0,0.4211001297508116
0.0,0.0,0.38493672474133844,0.0,0.0,0.341398454142014
0.0,0.0,0.3671740283626242,0.0,0.0,0.40394575232774316
0.0,0.0,0.4648435671302521,0.0,0.0,0.39031890721969625
0.0,0.0,0.4603934575782504,0.0,1.0,0.5791095393050896
1.0,1.0,0.504126280405382,1.0,1.0,0.5544387424691187
1.0,1.0,0.6433138794129303,0.0,0.0,0.40073060397808563
1.0,1.0,0.7169983282024549,1.0,1.0,0.5177760535741781
1.0,0.0,0.38201255866180733,1.0,0.0,0.4657370721939609
1.0,0.0,0.47959625692004154,1.0,0.0,0.4472744226519727
0.0,0.0,0.4213207773127481,0.0,0.0,0.3982986687923667
1.0,1.0,0.617387308433721,1.0,0.0,0.46077038184797803
1.0,0.0,0.4677645349539897,0.0,0.0,0.4282231807273396
0.0,0.0,0.28204855440513743,1.0,0.0,0.4042653212528708
0.0,0.0,0.417230311523005,1.0,1.0,0.5678839617534063
0.0,1.0,0.5525192801703339,0.0,0.0,0.44307841704075235
0.0,0.0,0.47779697047320885,0.0,0.0,0.42244950161876516
0.0,0.0,0.47748214925186455,0.0,0.0,0.4279517056229339
0.0,0.0,0.4091230357965573,1.0,1.0,0.6479710420248516
1.0,0.0,0.498033694255986,1.0,0.0,0.4116862279141837
1.0,1.0,0.5455955077591281,1.0,1.0,0.6048836706749566
0.0,0.0,0.46416204528188376,1.0,0.0,0.4474787426570321
1.0,1.0,0.551937678061502,0.0,0.0,0.37360081107967513
0.0,0.0,0.47616591005368464,0.0,0.0,0.39866502070899357
0.0,1.0,0.5233650767235029,1.0,0.0,0.4618204151291681
0.0,0.0,0.4121044639441772,1.0,0.0,0.4844512070049968
0.0,0.0,0.4195446018670414,0.0,1.0,0.5129839455911489
0.0,0.0,0.40893857876206763,1.0,1.0,0.5638385892804948
0.0,0.0,0.36552443977798155,1.0,1.0,0.527954116851553
0.0,0.0,0.40479623096534717,1.0,1.0,0.6051096414482098
1.0,0.0,0.48946375128862046,0.0,0.0,0.4052906842473219
1.0,1.0,0.6467640828900191,1.0,0.0,0.40566171380212196
1.0,1.0,0.6259015756861879,1.0,1.0,0.715534677965001
0.0,0.0,0.49814866330641266,0.0,0.0,0.49458533066997024
1.0,1.0,0.5007228078773629,1.0,1.0,0.6684811594224312
1.0,1.0,0.5468303059661795,0.0,0.0,0.43945053745699203
1.0,1.0,0.6784058701121659,1.0,1.0,0.5516835379936493
0.0,0.0,0.4560597633305457,1.0,1.0,0.672504591858589
1.0,1.0,0.5153103528496146,0.0,0.0,0.3863099626789035
1.0,1.0,0.6514714699937295,0.0,0.0,0.47239671868665517
0.0,1.0,0.54836379662477,0.0,0.0,0.4926383596999781
0.0,1.0,0.5021868653695655,0.0,0.0,0.4041254115911793
0.0,0.0,0.44738984713428886,1.0,0.0,0.4410490078582606
0.0,0.0,0.49451717516456173,1.0,0.0,0.44261752434418467
0.0,0.0,0.47601660386753497,0.0,1.0,0.5118702886718035
1.0,0.0,0.45062332353478524,1.0,1.0,0.5207438782757733
1.0,1.0,0.6469204935235935,1.0,0.0,0.4479048060728055
1.0,0.0,0.4454472704118382,0.0,0.0,0.4280680893766044
0.0,0.0,0.43394704195059663,0.0,1.0,0.6858104087853903
1.0,0.0,0.46236046654577023,1.0,0.0,0.4819221791406409
1.0,0.0,0.4669241522563155,1.0,0.0,0.48083420211675526
1.0,0.0,0.4819793262045338,1.0,0.0,0.45069599517662884
0.0,1.0,0.5695574534645782,1.0,1.0,0.6425876367354237
0.0,0.0,0.4850486158288746,1.0,1.0,0.5001791539677991
0.0,0.0,0.400904535216066,1.0,1.0,0.5161277120276516
1.0,0.0,0.43828364422916927,1.0,0.0,0.4821200524851961
0.0,0.0,0.3987941885052438,1.0,0.0,0.4565574239159509
1.0,0.0,0.4465475024162775,1.0,1.0,0.5422523895410439
0.0,0.0,0.3741584867294277,1.0,1.0,0.6256510134309314
0.0,0.0,0.4567436019213848,0.0,0.0,0.432017344500665
0.0,0.0,0.4295099663376763,1.0,1.0,0.5300544543591729
1.0,1.0,0.6836691897023041,1.0,0.0,0.468305729531175
1.0,1.0,0.5284665324938636,1.0,0.0,0.49267519552918265
0.0,0.0,0.42462830289093595,1.0,1.0,0.687260708621921
1.0,0.0,0.4207613237886436,0.0,0.0,0.38552937603374504
0.0,0.0,0.43300841718850613,1.0,0.0,0.49299932403045954
0.0,0.0,0.37211943938316044,1.0,1.0,0.505970712655842
0.0,0.0,0.46670438707179157,0.0,0.0,0.4156334264116245
0.0,0.0,0.42509792849414146,0.0,0.0,0.4523694737605905
1.0,1.0,0.5305850747653611,0.0,1.0,0.5502344281846185
0.0,0.0,0.4661518700885064,1.0,1.0,0.560874924174668
1.0,1.0,0.680228641623113,0.0,0.0,0.4652575817209406
0.0,0.0,0.382870960595041,0.0,0.0,0.4720827194830092
0.0,0.0,0.48409776657547415,1.0,1.0,0.5947747366110399
0.0,0.0,0.4208987814508323,0.0,1.0,0.5111857610921476
1.0,1.0,0.5117583530959227,1.0,0.0,0.3964632070540018
0.0,0.0,0.41047922744216003,0.0,0.0,0.39506207570820906
0.0,0.0,0.4306295388903676,1.0,0.0,0.4817564298403367
0.0,0.0,0.354511542370884,0.0,0.0,0.42064436727695836
0.0,0.0,0.4266282462176609,1.0,0.0,0.4467861424982463
0.0,1.0,0.5656365428280461,1.0,0.0,0.44292412233011585
0.0,0.0,0.3956845813829662,0.0,0.0,0.42203230934682784
0.0,0.0,0.3825169277842422,1.0,1.0,0.5079694531042149
0.0,0.0,0.4830976673287628,0.0,0.0,0.48072858216425346
0.0,0.0,0.4053826780130728,1.0,1.0,0.6254823171850832
1.0,0.0,0.4055995683335638,0.0,0.0,0.41802196902715055
0.0,0.0,0.4710559124571967,0.0,0.0,0.3941270784891738
1.0,1.0,0.6565413626614198,1.0,0.0,0.4713916075844591
0.0,0.0,0.431197299213771,1.0,0.0,0.4908535159010654
0.0,0.0,0.4116934366634401,0.0,1.0,0.5396832548976458
1.0,0.0,0.39631415815440507,0.0,0.0,0.4165820550196053
0.0,0.0,0.4433782683344306,1.0,0.0,0.41303660364546985
0.0,0.0,0.35109863818449655,0.0,0.0,0.3953499418506287
1.0,1.0,0.5538143865378189,1.0,1.0,0.5796618699282972
0.0,0.0,0.37158480786358733,0.0,0.0,0.4113421887532447
0.0,1.0,0.6479710420248516,0.0,1.0,0.5828971082770121
1.0,1.0,0.637981361546254,0.0,0.0,0.4164021411743766
0.0,1.0,0.5399039643187828,0.0,0.0,0.45273991525197815
0.0,0.0,0.4243962024091312,0.0,0.0,0.4788970851869996
0.0,0.0,0.40034862505337826,1.0,0.0,0.47147422318028875
0.0,0.0,0.49656268184342106,1.0,1.0,0.5008392506954261
0.0,0.0,0.4271619464820932,1.0,1.0,0.5767963403551447
0.0,0.0,0.3868875805891375,1.0,0.0,0.45609838299077254
0.0,0.0,0.4239059957238283,1.0,0.0,0.47781437898779666
0.0,0.0,0.4061599986787228,0.0,0.0,0.45382800405010315
0.0,0.0,0.3729890020275145,0.0,1.0,0.5296309513677506
0.0,0.0,0.40992390563337483,1.0,1.0,0.5414375006908445
0.0,0.0,0.43867611734509193,1.0,1.0,0.5058950164801034
0.0,0.0,0.4153499695674337,0.0,0.0,0.4850996674028774
0.0,1.0,0.5729140869965836,0.0,0.0,0.4811008341313638
0.0,0.0,0.45144921155121853,0.0,0.0,0.4596140947003666
1.0,0.0,0.43613974533784766,0.0,0.0,0.41977452663353776
0.0,0.0,0.3888081565523871,0.0,0.0,0.47094666980550276
0.0,0.0,0.47770044355984437,0.0,0.0,0.46572108617031255
1.0,1.0,0.5988922433132291,0.0,0.0,0.49354925147916984
1.0,1.0,0.6930022190940944,1.0,1.0,0.5681722617851988
1.0,0.0,0.4313459212197173,0.0,0.0,0.3796558380475726
0.0,0.0,0.43493239754424434,0.0,0.0,0.3960776549582913
0.0,0.0,0.44665927511006387,1.0,1.0,0.5327357624743393
0.0,0.0,0.36310223086754845,0.0,0.0,0.41634172138650843
0.0,0.0,0.4559545161374748,0.0,0.0,0.4005459294930268
0.0,0.0,0.3290082292817695,1.0,1.0,0.5530373290472136
0.0,0.0,0.39860172082826417,1.0,1.0,0.5395191690376088
1.0,1.0,0.6691017405411468,0.0,0.0,0.4645282738088583
0.0,0.0,0.4556385049366775,1.0,1.0,0.5454195893153729
0.0,0.0,0.45958295248722303,1.0,1.0,0.7123447039171188
0.0,0.0,0.4738595823478825,0.0,0.0,0.4248428275958193
1.0,0.0,0.43598879667867374,0.0,1.0,0.5051544232260488
1.0,0.0,0.4909295764793078,1.0,1.0,0.6361116683384893
1.0,1.0,0.55515681264494,0.0,0.0,0.336755528394289
1.0,0.0,0.4011318387591708,0.0,0.0,0.4186950932231392
1.0,1.0,0.6511681569566713,0.0,0.0,0.43700640611774183
0.0,0.0,0.3781913656084332,0.0,0.0,0.4679263853399187
1.0,0.0,0.4485332544188997,1.0,0.0,0.4285478264171749
1.0,0.0,0.47379571453947406,1.0,1.0,0.5989650276238758
1.0,1.0,0.6560092383109157,0.0,0.0,0.4229318189827442
0.0,1.0,0.528370678361951,1.0,1.0,0.5552041169966344
0.0,0.0,0.3946682846525513,0.0,0.0,0.45037395324279367
0.0,0.0,0.3211390060913858,1.0,1.0,0.5149581602492003
1.0,1.0,0.6034335067137935,1.0,0.0,0.4591156592363129
1.0,1.0,0.5457746664527028,1.0,1.0,0.6170390439298412
0.0,0.0,0.4807499975022929,1.0,1.0,0.5319791401649193
0.0,0.0,0.47392813390289085,1.0,1.0,0.5135430631736201
1.0,1.0,0.5873324211928553,1.0,0.0,0.35645143207718877
1.0,1.0,0.6253278753811133,1.0,1.0,0.6129580577259945
0.0,0.0,0.4520197112984072,1.0,0.0,0.4060844544828349
1.0,1.0,0.707618902442164,1.0,1.0,0.7244295853131408
1.0,0.0,0.4506087499524147,1.0,0.0,0.494724613495847
1.0,1.0,0.518622791202125,0.0,0.0,0.3798502694931447
1.0,0.0,0.49809621532858117,0.0,0.0,0.4422855664236597
1.0,1.0,0.6366002301744922,0.0,0.0,0.43938184423074045
0.0,0.0,0.39965529066985633,0.0,0.0,0.4436584809538794
1.0,1.0,0.511448792630594,1.0,1.0,0.6580878002774136
0.0,0.0,0.44039979198777646,0.0,0.0,0.4078717926838425
0.0,0.0,0.36337378005448717,0.0,0.0,0.392724048743338
1.0,1.0,0.6481750935806279,1.0,0.0,0.45409673704025943
1.0,1.0,0.5962559162354135,0.0,0.0,0.4724749430364475
1.0,0.0,0.4010150445946308,0.0,0.0,0.48335376281078063
0.0,0.0,0.47236482634735555,1.0,1.0,0.5184371754563107
0.0,0.0,0.4021304184445838,0.0,0.0,0.4061553982149373
0.0,0.0,0.4277387767489505,0.0,0.0,0.3934785027912516
0.0,0.0,0.40055596596557913,1.0,1.0,0.643769053760541
0.0,1.0,0.5000298592582383,0.0,0.0,0.42324050474341945
0.0,0.0,0.4326462563707704,1.0,1.0,0.6618157525056548
0.0,0.0,0.36725282800091485,1.0,0.0,0.4046356765021351
1.0,1.0,0.7738451852626566,0.0,0.0,0.39693043489257374
0.0,0.0,0.36758931422953056,1.0,1.0,0.6550214635625796
0.0,0.0,0.4018409711661785,1.0,1.0,0.5695342259313347
0.0,0.0,0.39142637293527865,0.0,0.0,0.3987535015074812
1.0,0.0,0.4930206648599649,0.0,1.0,0.5159605358605619
1.0,1.0,0.7138727155837438,1.0,1.0,0.6985903816801816
0.0,1.0,0.5033674255145976,1.0,0.0,0.4844951154787912
0.0,0.0,0.4278563482470075,1.0,1.0,0.6773701724439984
1.0,1.0,0.6961734470523429,0.0,0.0,0.35259764500484525
0.0,1.0,0.6268924122305359,0.0,0.0,0.4164634897837395
0.0,0.0,0.43253638539964395,0.0,0.0,0.3799214825038745
1.0,0.0,0.4573102107103542,1.0,1.0,0.5331617219194377
0.0,0.0,0.41494621489370775,0.0,0.0,0.37957908129883133
0.0,0.0,0.42583826470854164,1.0,1.0,0.5534211684937741
0.0,0.0,0.44021134024468905,1.0,1.0,0.5509060611848828
1.0,1.0,0.6198074703986675,1.0,1.0,0.5697988862684102
1.0,0.0,0.4710438964128635,1.0,0.0,0.4751239241397621
1.0,1.0,0.6167975209132,0.0,0.0,0.49105019466974087
1.0,0.0,0.43250393850621827,1.0,0.0,0.37537662821228984
1.0,1.0,0.5746336218440801,0.0,0.0,0.4363534324811067
1.0,1.0,0.6137541309862726,1.0,1.0,0.6999719958775688
1.0,1.0,0.6382059344765146,0.0,0.0,0.44420383174956735
1.0,0.0,0.494828151874273,1.0,0.0,0.4962442548825481
0.0,0.0,0.484450361814749,1.0,0.0,0.4734939057996211
1.0,1.0,0.5116811173118068,0.0,1.0,0.619346309111616
0.0,0.0,0.4065152123482375,1.0,0.0,0.46268847199733715
1.0,1.0,0.6883346757245504,1.0,1.0,0.6393952205743388
0.0,0.0,0.4534791647157363,1.0,0.0,0.46040105432519035
1.0,0.0,0.44991722032283155,0.0,0.0,0.47894932281616087
1.0,1.0,0.7061401869431003,0.0,0.0,0.4409781296180352
0.0,0.0,0.44476060933840955,1.0,1.0,0.6160446910634457
1.0,1.0,0.5218504345641259,1.0,1.0,0.7792219818671237
0.0,0.0,0.42761798486315267,0.0,0.0,0.46122042654444106
1.0,0.0,0.493321685206463,0.0,0.0,0.3944987282617367
1.0,1.0,0.5722293259118221,1.0,1.0,0.6960745061606773
1.0,0.0,0.44759881412844194,0.0,0.0,0.4521951466179458
1.0,0.0,0.4690979411244359,1.0,0.0,0.3961111507220592
0.0,0.0,0.3717528637135287,1.0,0.0,0.4132131535316512
0.0,0.0,0.39133247006111366,0.0,0.0,0.4277575072000009
1.0,1.0,0.7815699242525961,0.0,0.0,0.40621066755547364
1.0,1.0,0.6006513165322835,0.0,0.0,0.373085837122016
1.0,0.0,0.49086091383929037,0.0,0.0,0.4579845692744841
0.0,1.0,0.5092095728031087,0.0,0.0,0.45436820676559747
1.0,1.0,0.6781544842805431,0.0,0.0,0.407198209871244
0.0,0.0,0.4398162348662698,0.0,1.0,0.5459562389619703
1.0,1.0,0.7029860511253921,0.0,1.0,0.5918800500035526
1.0,0.0,0.40004673669623436,0.0,0.0,0.4602835777046655
0.0,0.0,0.469594167511111,0.0,0.0,0.4054545182565006
1.0,0.0,0.40246437281280406,1.0,0.0,0.3951066297418964
0.0,0.0,0.47705958889616756,1.0,0.0,0.42359680984732484
0.0,0.0,0.46928818811698847,1.0,0.0,0.48652893287758386
0.0,0.0,0.33536925194567124,1.0,1.0,0.5389603896367435
0.0,0.0,0.4438805975445352,1.0,1.0,0.6583192239504986
1.0,1.0,0.5180470630395363,0.0,0.0,0.3379595112887499
1.0,1.0,0.5848513484950203,1.0,1.0,0.5483039136466893
1.0,1.0,0.6503428507616442,1.0,0.0,0.4543402876834574
1.0,0.0,0.49006876843790265,1.0,0.0,0.4649038657621237
0.0,0.0,0.42130547273138497,1.0,1.0,0.6479710420248516
1.0,0.0,0.4297612999574818,0.0,0.0,0.41661752279285863
0.0,0.0,0.39131722784062856,1.0,1.0,0.5150705803118341
0.0,0.0,0.4706594563937292,1.0,1.0,0.5481590210814278
1.0,1.0,0.666268730126568,1.0,1.0,0.6631373863388688
1.0,1.0,0.51985240213582,0.0,0.0,0.43113254222283576
0.0,0.0,0.4186199158113279,1.0,1.0,0.5922893885136924
1.0,1.0,0.5040710839198306,0.0,0.0,0.4096169334870183
1.0,1.0,0.673879673690177,1.0,0.0,0.4245663468083777
0.0,0.0,0.372063873944762,0.0,0.0,0.4242549780884774
1.0,0.0,0.49315512074412354,0.0,0.0,0.3914264878708971
1.0,0.0,0.3831036753285186,1.0,0.0,0.4767511723066487
0.0,0.0,0.39328724831429945,0.0,1.0,0.5273466940033978
1.0,1.0,0.503624378745566,0.0,0.0,0.41696235507897456
0.0,0.0,0.39637182020133976,0.0,0.0,0.4631901825915313
0.0,0.0,0.45866853339295477,0.0,0.0,0.4347785941492643
1.0,1.0,0.6424273062715447,0.0,0.0,0.4217580022781349
1.0,1.0,0.5415980447009318,0.0,0.0,0.34156118560957627
0.0,0.0,0.46980080695038223,1.0,0.0,0.44209707709589885
0.0,0.0,0.45675403552527255,0.0,0.0,0.4583857620155647
0.0,0.0,0.3862953061789517,0.0,0.0,0.43103998361559764
0.0,0.0,0.4946275352840983,0.0,0.0,0.41449765194459043
1.0,0.0,0.4497503137341357,0.0,0.0,0.38533401712148974
1.0,1.0,0.5243710119862739,0.0,0.0,0.3970988867768809
0.0,0.0,0.46561176667576376,1.0,0.0,0.4230268980301208
0.0,0.0,0.44778972960931096,1.0,0.0,0.4151158832113107
1.0,0.0,0.4299517801298322,0.0,0.0,0.42790211680116347
1.0,0.0,0.4662539629214183,1.0,1.0,0.5416165342203634
1.0,1.0,0.7783139406081675,0.0,1.0,0.5451873152309206
1.0,1.0,0.5517474245882477,1.0,1.0,0.5325622097166834
1.0,0.0,0.4751537984355159,0.0,0.0,0.42943399277340494
1.0,1.0,0.54816654367497,1.0,1.0,0.6345540953440518
0.0,1.0,0.5173714723812117,1.0,1.0,0.5231529078906149
0.0,0.0,0.41126919257582156,0.0,0.0,0.42555148564518525
0.0,0.0,0.4575020592487719,1.0,1.0,0.6989037575794026
1.0,1.0,0.6310915452031212,0.0,0.0,0.49923766283108384
1.0,0.0,0.4903780681603358,1.0,1.0,0.5785524711281959
1.0,1.0,0.6322459187991458,1.0,1.0,0.5692255126039006
0.0,0.0,0.34932977102512747,1.0,1.0,0.5418176159684984
0.0,0.0,0.4577343287926159,1.0,0.0,0.4790212374864533
0.0,0.0,0.40063187288799507,1.0,1.0,0.5541186536571888
0.0,0.0,0.4994263623046443,0.0,0.0,0.4025838939497401
1.0,1.0,0.569654539647421,1.0,0.0,0.4693143495554813
0.0,0.0,0.41298345736182923,0.0,0.0,0.40103310369593287
1.0,0.0,0.4224435379671317,0.0,0.0,0.4721104365203251
1.0,0.0,0.4666531480904989,0.0,0.0,0.34994647388294425
0.0,0.0,0.4376808902380374,1.0,1.0,0.5104502897339747
0.0,0.0,0.382637091890819,1.0,1.0,0.5147104137204384
0.0,1.0,0.5297025767556022,0.0,0.0,0.41471607342663214
0.0,0.0,0.40509452536843726,1.0,1.0,0.6264589528690471
0.0,0.0,0.40960531300630826,0.0,0.0,0.43537688736893737
1.0,1.0,0.6349244332596398,1.0,0.0,0.4644277107396558
1.0,1.0,0.5588690279847407,1.0,1.0,0.5181690110747691
1.0,1.0,0.5583197760478719,0.0,1.0,0.5040498836746713
1.0,0.0,0.4681328960604783,0.0,0.0,0.43801448882129335
1.0,1.0,0.5021692299593851,1.0,1.0,0.5394410694731356
0.0,0.0,0.368184151094786,1.0,0.0,0.47098717113715693
1.0,0.0,0.41915213593589884,1.0,0.0,0.4493849165630719
0.0,0.0,0.47403936648882755,1.0,0.0,0.4564415059554011
1.0,1.0,0.7669787812499295,0.0,0.0,0.31727664955778495
1.0,0.0,0.4080132054178668,0.0,0.0,0.4698113895229356
1.0,0.0,0.4085541438800092,0.0,1.0,0.5497699522039338
1.0,0.0,0.4571783807083445,1.0,0.0,0.41665539235630367
0.0,0.0,0.4274249937178885,0.0,0.0,0.4558586996200871
0.0,0.0,0.45834089635276265,0.0,0.0,0.48429365549774683
1.0,0.0,0.4809561517298672,1.0,1.0,0.6830022713507009
0.0,0.0,0.4198823217729559,0.0,0.0,0.4421338500691961
1.0,1.0,0.5095890965007958,1.0,1.0,0.6854469360139962
0.0,0.0,0.3995919394663187,0.0,0.0,0.3412709934869337
1.0,1.0,0.520435320995081,0.0,0.0,0.38487480348523667
1.0,1.0,0.5404248900623647,1.0,0.0,0.4817254444710926
1.0,0.0,0.46705523125923676,0.0,0.0,0.45620649375116984
0.0,1.0,0.5221260670119293,1.0,0.0,0.44989178702562216
1.0,1.0,0.5136240408513113,1.0,1.0,0.6157419039424435
0.0,0.0,0.42517596224325377,1.0,0.0,0.45965241819215097
1.0,1.0,0.548770209763541,0.0,0.0,0.3739526160028663
0.0,0.0,0.41200900642793814,1.0,1.0,0.664902081809161
1.0,1.0,0.7696291755555948,1.0,1.0,0.600138462921214
1.0,0.0,0.4184277913818695,0.0,0.0,0.38648034691093214
1.0,1.0,0.6191139741300354,1.0,0.0,0.4949360512024468
0.0,0.0,0.4106019735775091,0.0,1.0,0.5382406846874858
1.0,1.0,0.5686543391897463,1.0,1.0,0.5084989442196519
0.0,0.0,0.4272657045978165,1.0,1.0,0.5130463209015337
0.0,0.0,0.3940918449737379,1.0,0.0,0.46687328334369654
1.0,1.0,0.5292882561176184,0.0,0.0,0.36461739400681115
1.0,0.0,0.4327282701833772,0.0,0.0,0.40693724370236056
1.0,1.0,0.5813938080744773,0.0,0.0,0.43046624000339456
0.0,0.0,0.4879751228733243,0.0,0.0,0.28332336512707545
0.0,0.0,0.42606967762746056,0.0,0.0,0.2761914115479946
0.0,0.0,0.39775068492796245,1.0,0.0,0.46017954916990006
0.0,0.0,0.4609060058147292,1.0,1.0,0.6149477375332977
0.0,0.0,0.44474468468337447,1.0,1.0,0.553275962151322
0.0,0.0,0.3595160214635185,0.0,0.0,0.4634603155189295
0.0,0.0,0.47879685627020213,1.0,0.0,0.49381453441697304
1.0,1.0,0.5456028864396213,0.0,1.0,0.5232424641297533
1.0,1.0,0.5746820258784503,1.0,1.0,0.5802214880249352
1.0,1.0,0.5529999965152012,0.0,0.0,0.4020947202827237
1.0,0.0,0.38675521220757797,0.0,0.0,0.4163975938327307
1.0,0.0,0.47688504933820863,1.0,1.0,0.6260288662178229
0.0,0.0,0.45388815040774044,1.0,1.0,0.5359309624115338
0.0,0.0,0.3774378427393256,0.0,1.0,0.5562934794120334
0.0,0.0,0.3830493668876919,0.0,0.0,0.47315798648215895
1.0,0.0,0.49455411793625226,0.0,0.0,0.43071022269792075
0.0,0.0,0.4401989357751625,0.0,0.0,0.449238505031318
1.0,1.0,0.5902331782161866,1.0,0.0,0.4553369580788263
1.0,1.0,0.6114024719698813,0.0,0.0,0.39423383013434354
0.0,0.0,0.46376813048688836,1.0,0.0,0.430061040563041
0.0,0.0,0.3967951972161466,0.0,0.0,0.42061244576256895
1.0,1.0,0.5862280255020798,0.0,0.0,0.426740972548122
0.0,0.0,0.4756195344801716,0.0,0.0,0.42148456923573036
1.0,0.0,0.4923873820316288,0.0,0.0,0.4321073461230544
1.0,0.0,0.49684946945280206,0.0,1.0,0.5277968944961854
0.0,0.0,0.34456053702171496,0.0,0.0,0.4894680336584387
0.0,1.0,0.5895858636056754,0.0,0.0,0.4263383843070628
1.0,0.0,0.4689732318671932,1.0,1.0,0.5827459583403043
0.0,0.0,0.42530838497070217,0.0,0.0,0.3986137624632482
1.0,0.0,0.4735502995868858,0.0,0.0,0.41160804188683126
1.0,1.0,0.5690581654543561,0.0,0.0,0.389093549000171
0.0,1.0,0.5107743549008044,1.0,0.0,0.42020651790471764
1.0,1.0,0.5491916125771771,1.0,0.0,0.42502538806202567
1.0,1.0,0.5600156027461818,0.0,0.0,0.49270928669469155
1.0,1.0,0.506015361857837,1.0,0.0,0.49281738142392695
0.0,1.0,0.5339061931992026,0.0,1.0,0.7141836677242622
1.0,0.0,0.4967787935559666,0.0,0.0,0.28332336512707545
1.0,1.0,0.6295247682047656,0.0,0.0,0.41402274621453056
0.0,0.0,0.35575225613883316,1.0,1.0,0.5253918552434637
1.0,0.0,0.48247679623053313,0.0,0.0,0.4859532520839013
1.0,1.0,0.5296964386525309,0.0,0.0,0.3993923701870654
0.0,0.0,0.42159246734079825,1.0,1.0,0.5750167591239231
0.0,1.0,0.6017623971889327,0.0,0.0,0.48056971108177454
1.0,1.0,0.5562304197056263,0.0,0.0,0.38331998288978636
0.0,1.0,0.5136533256091449,1.0,1.0,0.7211104574462341
1.0,0.0,0.4876725988423593,1.0,0.0,0.449278759214299
0.0,0.0,0.4275262097959214,0.0,0.0,0.4693431358619779
0.0,1.0,0.5246050360973822,0.0,0.0,0.46214369121082627
1.0,1.0,0.5002045924114362,1.0,1.0,0.548715992219581
1.0,1.0,0.5163435104197794,0.0,0.0,0.46133972602884826
1.0,0.0,0.4668235648464891,1.0,0.0,0.4623622509904661
0.0,0.0,0.40626005097154594,1.0,1.0,0.5485131211465324
1.0,1.0,0.5462081551189483,0.0,1.0,0.6387214612815776
1.0,1.0,0.6954735608058317,0.0,0.0,0.4538241725021935
0.0,0.0,0.46532570830944897,0.0,0.0,0.4942881800695678
1.0,0.0,0.48113196915608086,0.0,0.0,0.40536314840110743
1.0,1.0,0.5384727603601608,1.0,1.0,0.591800971032841
1.0,1.0,0.7094281367675209,1.0,0.0,0.4376750517057652
1.0,1.0,0.5158287031264203,0.0,0.0,0.38616477163116447
1.0,0.0,0.4341483628449689,0.0,0.0,0.39638674394350804
0.0,0.0,0.4727170969449573,1.0,0.0,0.4659976571143056
0.0,0.0,0.37929326539823344,1.0,1.0,0.5578407386164388
1.0,1.0,0.6054415240020041,1.0,0.0,0.49458062020918814
0.0,0.0,0.4316743284709004,0.0,0.0,0.4637917853472908
1.0,1.0,0.532101823861936,0.0,0.0,0.4058346520381268
0.0,0.0,0.44989457318317466,0.0,0.0,0.40618319628191274
1.0,0.0,0.4188336862549638,0.0,0.0,0.409067105820007
0.0,0.0,0.3806180328458016,0.0,0.0,0.47193901141970684
0.0,0.0,0.39215851371992816,1.0,1.0,0.6604573501541133
0.0,0.0,0.38858433964285416,1.0,0.0,0.4243125538795879
1.0,0.0,0.4941011801137997,0.0,0.0,0.4509167405571533
1.0,1.0,0.617267886157083,1.0,0.0,0.43928509839938396
1.0,1.0,0.5537483986728333,0.0,0.0,0.41665389740327413
0.0,0.0,0.41567939004558807,1.0,0.0,0.41638039902363766
1.0,1.0,0.6395625803525242,0.0,1.0,0.5366558523805592
1.0,0.0,0.4705870888982175,1.0,0.0,0.4406115262888286
0.0,0.0,0.3998562340671462,0.0,0.0,0.4846618198813882
1.0,1.0,0.6389135110312155,1.0,0.0,0.3670967254219362
0.0,0.0,0.35770434703558895,1.0,1.0,0.6152188684290045
0.0,0.0,0.4429985150717892,0.0,0.0,0.45539082857998875
1.0,1.0,0.553176015029575,1.0,1.0,0.571190578862591
1.0,1.0,0.527129678937626,1.0,1.0,0.5398370514012711
0.0,0.0,0.3856395729261447,1.0,1.0,0.503615829799287
1.0,1.0,0.5575848623230513,0.0,0.0,0.42344850935186223
1.0,1.0,0.6073064462766198,1.0,0.0,0.481699753921112
1.0,1.0,0.526047322524648,0.0,1.0,0.5003343677394863
0.0,0.0,0.4240537454844452,0.0,0.0,0.48963413325222427
1.0,1.0,0.6008759732817823,0.0,0.0,0.42501421542526296
0.0,0.0,0.4970744012518587,0.0,0.0,0.35013926337349355
1.0,0.0,0.4929756378734351,0.0,0.0,0.37837104832337437
0.0,0.0,0.3505920447432341,0.0,0.0,0.3515205913572564
1.0,0.0,0.4914616482737224,1.0,0.0,0.4923955280086921
1.0,1.0,0.568089230132242,1.0,1.0,0.5518698856606967
1.0,0.0,0.45013799937773974,1.0,0.0,0.479531515288152
1.0,1.0,0.5029982100610567,1.0,0.0,0.4768539057869973
0.0,0.0,0.40413470295734494,0.0,1.0,0.5321599734817082
1.0,1.0,0.7081565371000741,0.0,0.0,0.40078124827378886
0.0,0.0,0.47176867873042494,1.0,0.0,0.49519215601372896
0.0,0.0,0.34114458007728105,0.0,0.0,0.4024046715705691
0.0,0.0,0.3463875914061683,0.0,0.0,0.4460865212816811
0.0,0.0,0.4756296426191911,1.0,1.0,0.686430771356481
1.0,1.0,0.6338116403721885,1.0,0.0,0.4612596530890056
1.0,1.0,0.5544562991814616,0.0,0.0,0.3789687289884804
1.0,1.0,0.6461410648315539,0.0,0.0,0.45095251417568655
0.0,0.0,0.4041254115911793,1.0,1.0,0.6004678560353426
0.0,0.0,0.43265687936602254,0.0,1.0,0.5020162810128644
0.0,0.0,0.48257804472991117,0.0,0.0,0.4780608766599827
1.0,1.0,0.5001838067249188,1.0,1.0,0.5446052516139595
1.0,1.0,0.5117583530959227,1.0,1.0,0.7224261501212673
1.0,0.0,0.47621247045383847,1.0,1.0,0.5354775989504607
0.0,0.0,0.4083651085053551,1.0,1.0,0.5191996005430457
1.0,1.0,0.7782732709910204,0.0,0.0,0.4644875774711641
0.0,0.0,0.4079197513643589,0.0,0.0,0.41474021885013257
1.0,0.0,0.4800773626747322,0.0,0.0,0.4523398775142924
0.0,0.0,0.42127619099552077,1.0,0.0,0.41282555358391476
0.0,0.0,0.3889338566259359,0.0,0.0,0.40824179965991714
1.0,1.0,0.6347798894940838,0.0,0.0,0.36805709872549963
1.0,0.0,0.49467949560434327,1.0,0.0,0.42113120507392465
1.0,1.0,0.5534302334852556,1.0,0.0,0.45490180558274257
1.0,0.0,0.4640844683516449,0.0,0.0,0.4074864021467883
0.0,0.0,0.3682870098471837,1.0,0.0,0.4718038836023729
0.0,0.0,0.44379571626654607,1.0,0.0,0.4879608481676707
1.0,1.0,0.5658176976821975,0.0,0.0,0.42480541706223474
0.0,1.0,0.5183010288049756,1.0,1.0,0.5269023358550925
0.0,0.0,0.40615393163198465,0.0,0.0,0.4975911657967592
1.0,1.0,0.5487278456857152,1.0,1.0,0.6334716265257387
0.0,0.0,0.41314168626367115,0.0,1.0,0.504802244232288
1.0,1.0,0.5114057702230058,1.0,0.0,0.40154029474099356
0.0,0.0,0.4884215723760643,1.0,1.0,0.6358236749528398
1.0,0.0,0.4433145695792184,1.0,0.0,0.4619766726290575
0.0,0.0,0.477781057870623,0.0,0.0,0.3999945579236048
0.0,0.0,0.4057941859707755,1.0,1.0,0.673016958366063
1.0,1.0,0.5047802836989804,0.0,0.0,0.4335168608238694
0.0,0.0,0.43880248352149576,0.0,0.0,0.42354912339257833
0.0,1.0,0.5058982152067208,0.0,0.0,0.4555882131426022
1.0,1.0,0.7753386006404692,1.0,0.0,0.47410265660840656
0.0,0.0,0.4836605792066951,1.0,1.0,0.5223011756385073
0.0,0.0,0.43612683182888673,1.0,0.0,0.43530206310579245
1.0,1.0,0.7397455316655062,0.0,0.0,0.43233453155041773
1.0,0.0,0.43865343842779886,0.0,0.0,0.36122395248147415
0.0,0.0,0.40109461645421335,1.0,1.0,0.5565629802494326
0.0,0.0,0.4134243726021223,1.0,1.0,0.6488301479655122
1.0,1.0,0.5365692961246091,1.0,1.0,0.5023862967095724
1.0,0.0,0.4674996041774454,1.0,0.0,0.49040599394833595
0.0,0.0,0.4168520007206937,1.0,0.0,0.4599177079801974
1.0,1.0,0.5295806267078198,1.0,1.0,0.5025317984660193
0.0,0.0,0.448299861086321,1.0,1.0,0.5186498851879154
1.0,1.0,0.6084934247713392,0.0,0.0,0.3693357358147006
0.0,0.0,0.4744013286437621,0.0,0.0,0.43811622491150687
1.0,0.0,0.43649239714930316,1.0,1.0,0.5851610909636209
0.0,0.0,0.4502075148721662,0.0,0.0,0.44574079781906356
1.0,1.0,0.5654714894625771,0.0,1.0,0.5695574534645782
0.0,0.0,0.45678164668255666,1.0,1.0,0.512723298711331
1.0,0.0,0.493901457230054,0.0,0.0,0.40114098524395586
1.0,1.0,0.5526173950617956,0.0,0.0,0.40550531356533404
0.0,0.0,0.3954830868306869,0.0,0.0,0.4549560059674377
0.0,1.0,0.5876919849967611,0.0,0.0,0.47682660700156887
0.0,1.0,0.5208953883464862,0.0,0.0,0.42408730043021337
1.0,0.0,0.4431489415388446,1.0,1.0,0.6174549553339184
1.0,1.0,0.6503463249332772,0.0,1.0,0.5147970071526767
1.0,1.0,0.6052255379307951,1.0,1.0,0.5061976750620941
0.0,0.0,0.4104523096534371,0.0,0.0,0.40266649148385286
1.0,0.0,0.4411553570781254,0.0,0.0,0.4162346877724416
0.0,0.0,0.48470115321108737,0.0,0.0,0.4082917610451863
1.0,0.0,0.42872336139904715,1.0,0.0,0.47760244070667945
0.0,0.0,0.3937248289479323,1.0,1.0,0.527605622606607
1.0,0.0,0.3755841120859107,0.0,0.0,0.42639022661050174
0.0,0.0,0.46749853083669524,1.0,1.0,0.7098444927904506
0.0,0.0,0.4033401884432032,1.0,0.0,0.4492760241771172
0.0,0.0,0.4220934872534428,1.0,1.0,0.5003653614823206
0.0,0.0,0.4716492570869948,0.0,0.0,0.43765118063699593
0.0,0.0,0.36360476199645597,1.0,0.0,0.48015172060524386
0.0,0.0,0.40123424278445236,0.0,0.0,0.43791462710125173
1.0,1.0,0.5827001439882501,1.0,1.0,0.5166854966287955
1.0,0.0,0.49856321650037855,1.0,1.0,0.553918866345553
0.0,0.0,0.4196104885963204,1.0,1.0,0.7013571993722802
0.0,0.0,0.44452395405755973,0.0,0.0,0.45903724584312683
1.0,1.0,0.6373171544966822,1.0,1.0,0.6192484018779998
1.0,0.0,0.3771532612481186,0.0,0.0,0.48946124712987404
0.0,0.0,0.4356738833970029,0.0,0.0,0.41357444313796515
0.0,0.0,0.42070766255526565,1.0,0.0,0.4409178358084685
1.0,1.0,0.5399736169962951,1.0,1.0,0.5536219872032797
1.0,1.0,0.615015509879194,0.0,0.0,0.47590832365348945
0.0,0.0,0.39169279012072944,0.0,0.0,0.37100744413211095
0.0,0.0,0.3905309502518027,0.0,1.0,0.52972229883579
1.0,0.0,0.4961201836580845,0.0,0.0,0.4501626792811383
1.0,0.0,0.4918418067268157,1.0,1.0,0.5092095728031087
1.0,1.0,0.5712544649104879,1.0,1.0,0.5619217033810864
1.0,1.0,0.5253616005446385,0.0,1.0,0.6116076830163875
1.0,0.0,0.4408564047919769,0.0,0.0,0.3536363442939554
1.0,0.0,0.40817075425722266,1.0,1.0,0.5532586472229926
0.0,1.0,0.612451726871469,1.0,0.0,0.47426307841345383
1.0,0.0,0.4718694703042828,0.0,0.0,0.41935168265670436
0.0,0.0,0.412817853132213,1.0,0.0,0.4120931370576411
0.0,1.0,0.5009838873183174,0.0,1.0,0.5106949506938515
0.0,0.0,0.43493613163628136,1.0,1.0,0.5751242811957777
1.0,1.0,0.5507128167904116,0.0,0.0,0.41303613496944136
0.0,1.0,0.5224775542481176,0.0,0.0,0.48192897924116107
0.0,0.0,0.4684015188582853,1.0,0.0,0.4773254730531971
1.0,1.0,0.585302006842719,0.0,0.0,0.3481572500719006
0.0,0.0,0.41381202399494404,1.0,0.0,0.4990795379608647
1.0,0.0,0.4365030109630679,1.0,1.0,0.7537947904780498
0.0,0.0,0.3866376163841087,1.0,0.0,0.40375747613301055
1.0,0.0,0.46026752267776294,1.0,0.0,0.47985379937371786
1.0,1.0,0.6035061181623228,0.0,0.0,0.43685357415236176
0.0,0.0,0.40040768852971437,1.0,0.0,0.40633830116125036
0.0,0.0,0.4187472422055663,1.0,0.0,0.4157490821707113
1.0,0.0,0.427828360306245,1.0,1.0,0.5218139736096296
1.0,0.0,0.4778326027118188,0.0,1.0,0.5341052136991669
1.0,0.0,0.45490180558274257,1.0,0.0,0.395396069322569
1.0,1.0,0.510175886365657,0.0,0.0,0.4696931380870183
0.0,0.0,0.4191149636027745,1.0,0.0,0.42054288526098704
0.0,0.0,0.4656369082129279,1.0,0.0,0.3739523915635385
0.0,0.0,0.4067230893017098,0.0,0.0,0.4254375428183608
0.0,0.0,0.4331973578016847,0.0,0.0,0.40508025952298443
0.0,0.0,0.4429382288814956,1.0,0.0,0.4906463158778702
0.0,0.0,0.4174165388049613,1.0,0.0,0.43357765284871624
1.0,1.0,0.5140165499244148,0.0,0.0,0.380737491306897
0.0,0.0,0.4359888521290429,1.0,0.0,0.44373099440677916
0.0,0.0,0.37404634852271995,0.0,0.0,0.45166535955891557
1.0,0.0,0.41860413373448535,0.0,0.0,0.4259153543172179
0.0,1.0,0.5334481934725716,1.0,1.0,0.5408908461069704
0.0,0.0,0.3806229684847141,0.0,0.0,0.4399109206070884
0.0,0.0,0.43199585800858437,0.0,0.0,0.4703391147498534
1.0,1.0,0.5460127888821666,0.0,0.0,0.3804922284629155
1.0,1.0,0.5040313876407578,1.0,1.0,0.6381306960535209
1.0,0.0,0.4776301744376433,1.0,1.0,0.5479364724991712
1.0,1.0,0.5027288849013961,0.0,0.0,0.41349829543963795
0.0,0.0,0.38666395100696765,1.0,0.0,0.49990689036973146
0.0,0.0,0.4306380012329137,0.0,0.0,0.40114098524395586
1.0,1.0,0.5468773753865454,0.0,0.0,0.3663207768891019
1.0,0.0,0.4115520894048443,1.0,1.0,0.6680737286041964
1.0,1.0,0.5678077414757863,0.0,0.0,0.45365468378675156
1.0,0.0,0.4328505692502717,1.0,1.0,0.5013985315481831
1.0,1.0,0.6704594467765481,1.0,1.0,0.5088213881410939
1.0,1.0,0.5463457881286569,1.0,0.0,0.4228063632267762
1.0,1.0,0.5375794715852104,1.0,0.0,0.4808647469289985
0.0,0.0,0.3109905448048097,1.0,1.0,0.5773378882144844
1.0,0.0,0.3893157880936607,1.0,0.0,0.4298968360546865
0.0,0.0,0.4586450966656845,0.0,0.0,0.4902519498964726
0.0,0.0,0.32336491912105403,0.0,0.0,0.4319014580104019
0.0,0.0,0.44753952983062334,1.0,1.0,0.5186265058935801
0.0,0.0,0.45802366596198996,1.0,0.0,0.4226607114195152
0.0,0.0,0.41878407144377433,1.0,1.0,0.6108784820703321
0.0,0.0,0.4052345935547292,1.0,1.0,0.5729031837010393
1.0,0.0,0.4485332544188997,0.0,0.0,0.3951686870389619
1.0,1.0,0.5507802333049994,0.0,0.0,0.40606114383411945
1.0,1.0,0.7142929910291027,0.0,0.0,0.42219439896596855
1.0,1.0,0.5008267442636966,1.0,1.0,0.5253759001142552
0.0,0.0,0.4981165450629702,0.0,0.0,0.33822808339689886
1.0,1.0,0.7113949971769752,1.0,0.0,0.42488944483868446
0.0,0.0,0.38664952795308727,0.0,0.0,0.3888081565523871
0.0,0.0,0.3554043028745889,1.0,1.0,0.649821910288414
0.0,0.0,0.42035958751349095,0.0,0.0,0.43552827562191815
1.0,1.0,0.5007089973545759,0.0,1.0,0.5167716925086754
0.0,0.0,0.4989337083291152,0.0,0.0,0.38035579388987945
1.0,1.0,0.5557205137980146,0.0,0.0,0.4228009318196057
0.0,0.0,0.4104371408116449,1.0,1.0,0.516240558396384
0.0,0.0,0.38304506668476956,0.0,0.0,0.3461022016489031
1.0,1.0,0.5332797114854332,1.0,1.0,0.526536106281059
1.0,0.0,0.48918041528592715,0.0,0.0,0.39901251088214246
0.0,0.0,0.362688032128786,0.0,0.0,0.4971070021044068
1.0,1.0,0.5176463238156633,0.0,0.0,0.45728320780112686
0.0,0.0,0.4093317835314377,1.0,1.0,0.5266871015365439
0.0,0.0,0.42205373400385937,1.0,1.0,0.6730404631536063
1.0,1.0,0.588691148334886,0.0,0.0,0.3524239353349616
1.0,1.0,0.5318716655779634,1.0,1.0,0.6472825647798668
0.0,0.0,0.4018409711661785,1.0,0.0,0.47892033130615064
1.0,1.0,0.5884667417174334,1.0,1.0,0.5112886976485455
1.0,1.0,0.7259406428589883,0.0,1.0,0.6479710420248516
1.0,1.0,0.6012657800720179,0.0,0.0,0.41287167662098806
1.0,0.0,0.3888081565523871,0.0,0.0,0.4543219905983127
1.0,1.0,0.554456670614966,0.0,0.0,0.4251138654149433
1.0,0.0,0.38989451535836545,0.0,0.0,0.382870960595041
1.0,1.0,0.6243028701571608,0.0,0.0,0.47588204405193346
1.0,1.0,0.6202842076296592,1.0,1.0,0.5171852147198729
0.0,0.0,0.41574943884412313,0.0,0.0,0.3982443242846978
1.0,1.0,0.5854507889599512,0.0,0.0,0.3928487386462794
1.0,1.0,0.6879956499256418,0.0,1.0,0.5024686748833772
0.0,0.0,0.4177938790353347,0.0,0.0,0.4645350560638628
0.0,0.0,0.45798294031425635,1.0,1.0,0.5202585926233355
1.0,1.0,0.6770537381893277,1.0,0.0,0.46825534918768913
0.0,0.0,0.42459668965830916,1.0,1.0,0.5407405251845835
0.0,0.0,0.4351945174538097,1.0,0.0,0.4171517491924874
0.0,0.0,0.3970363816183235,1.0,1.0,0.6988813504919882
0.0,0.0,0.36882766680059076,0.0,0.0,0.40154280728257835
0.0,0.0,0.4154740861966897,1.0,0.0,0.4102564885772638
0.0,0.0,0.3918497735964559,0.0,1.0,0.5023185536534889
0.0,1.0,0.5001438698166747,0.0,0.0,0.48451427115558854
1.0,1.0,0.5267056481722665,0.0,1.0,0.5603418874312937
1.0,1.0,0.5228817770844226,1.0,0.0,0.46023279537880424
0.0,0.0,0.40405422111420153,1.0,0.0,0.49189994149619565
1.0,1.0,0.6916959820646374,0.0,0.0,0.4367265828505844
0.0,0.0,0.4286621151647043,0.0,0.0,0.4195468439339564
0.0,0.0,0.3695785076195439,0.0,0.0,0.46070138477978323
1.0,0.0,0.3771861240506613,0.0,0.0,0.4512396626679438
0.0,0.0,0.41302208315823424,1.0,1.0,0.6043741107508875
0.0,0.0,0.40533143826361606,1.0,0.0,0.41141526221196667
0.0,0.0,0.4558977588557718,1.0,0.0,0.46667630828417145
0.0,0.0,0.3826893574272241,1.0,0.0,0.3261308181651263
0.0,0.0,0.49378268620639765,0.0,0.0,0.49321083588394554
0.0,0.0,0.40975647712805513,0.0,0.0,0.42898603070701286
0.0,0.0,0.44269596193777955,1.0,1.0,0.5200013902827108
0.0,0.0,0.3222699912565504,1.0,0.0,0.4945496812128183
0.0,0.0,0.4494116614911254,1.0,1.0,0.5357763538558105
0.0,0.0,0.2692846967945406,0.0,0.0,0.38656473861810675
1.0,1.0,0.6704594467765481,1.0,0.0,0.49216769878623784
0.0,0.0,0.3940918449737379,1.0,0.0,0.4775047383121691
0.0,0.0,0.46953667860419157,0.0,0.0,0.38680329130768826
1.0,1.0,0.5106583307083814,0.0,0.0,0.4891268252721371
1.0,1.0,0.6560092383109157,0.0,0.0,0.4082300115948363
0.0,0.0,0.4171504869063881,0.0,1.0,0.5469506253734719
0.0,0.0,0.46634130918857175,0.0,0.0,0.4136777214959375
1.0,0.0,0.456399106207217,0.0,0.0,0.39957743769153203
1.0,0.0,0.4718742865578833,0.0,0.0,0.43077198564980407
0.0,0.0,0.44313001849705075,1.0,1.0,0.5505689595053639
0.0,0.0,0.4603379271258852,0.0,0.0,0.33552640044364773
0.0,1.0,0.6512975914794634,0.0,0.0,0.3970384596894168
1.0,0.0,0.43425428198757804,0.0,1.0,0.53202206142254
1.0,0.0,0.48801966723336077,0.0,0.0,0.39457309765521165
1.0,1.0,0.529637911639168,0.0,0.0,0.4547496692283869
1.0,0.0,0.4916778654942011,1.0,1.0,0.5028894350015966
0.0,0.0,0.41195274110266084,1.0,0.0,0.45469332524000194
1.0,0.0,0.40785935866674256,1.0,0.0,0.4887272350626355
0.0,0.0,0.4764524401648854,1.0,0.0,0.415794691820944
0.0,0.0,0.4269163310286736,1.0,0.0,0.4918668573077842
0.0,0.0,0.402972543729313,1.0,0.0,0.41279488046334667
1.0,1.0,0.5411209915911138,0.0,1.0,0.5871519683868274
1.0,1.0,0.5500742050609938,1.0,0.0,0.44117934294705125
0.0,0.0,0.3962697377537114,0.0,0.0,0.433807392831065
0.0,0.0,0.4947026610182036,0.0,0.0,0.36979334130863667
1.0,1.0,0.5212488705334464,0.0,0.0,0.452535620269813
1.0,1.0,0.7227065848764253,1.0,0.0,0.46958435833053247
0.0,0.0,0.41839164060758843,1.0,0.0,0.4450444573702245
1.0,0.0,0.43757749884415453,1.0,1.0,0.7814161580281884
0.0,0.0,0.48890583832870477,1.0,1.0,0.5217878951182703
1.0,0.0,0.4944629984519275,1.0,0.0,0.4760170796034775
1.0,1.0,0.580591214223326,1.0,1.0,0.5927283339507359
1.0,1.0,0.5924431354435952,0.0,0.0,0.4528394011887877
1.0,1.0,0.6273253474467017,1.0,1.0,0.5112381594418601
1.0,1.0,0.5501491048852838,0.0,0.0,0.4894679450567049
0.0,0.0,0.45596589774915214,1.0,1.0,0.5079979161833176
1.0,1.0,0.7892134000184834,1.0,0.0,0.4601760846787685
0.0,0.0,0.4100307946494702,1.0,1.0,0.7561151517499374
0.0,0.0,0.45986938624345514,0.0,1.0,0.5810525024214854
1.0,0.0,0.4793035280001138,1.0,1.0,0.5109868536287124
1.0,0.0,0.3864975119270498,0.0,0.0,0.3173202966952858
1.0,1.0,0.5373811909120533,1.0,1.0,0.5243774382605141
1.0,1.0,0.5155964589519543,1.0,1.0,0.591392372395806
0.0,0.0,0.4320152235466663,1.0,1.0,0.6951414210114744
1.0,1.0,0.6461374074068905,0.0,0.0,0.42205478350337583
0.0,0.0,0.37984916071134806,1.0,0.0,0.4761492947944851
1.0,1.0,0.5932407678063657,0.0,1.0,0.5273510333655812
0.0,1.0,0.6008628152509223,0.0,0.0,0.3906688689470478
0.0,0.0,0.42810623964314304,0.0,0.0,0.47277555073096905
1.0,1.0,0.6848004005835933,0.0,0.0,0.48706340423710726
1.0,1.0,0.7065970050459308,0.0,0.0,0.46700666214718173
0.0,0.0,0.4341730355067523,0.0,0.0,0.4683197976675416
0.0,0.0,0.4630674464481768,1.0,0.0,0.4505390688813777
0.0,0.0,0.4079247812820545,0.0,0.0,0.4580850192862694
0.0,0.0,0.3266840414159313,1.0,1.0,0.6479710420248516
0.0,0.0,0.2761914115479946,0.0,1.0,0.5578493009439128
0.0,0.0,0.4613540483813596,0.0,1.0,0.5293576568443625
1.0,0.0,0.4649050101095257,0.0,0.0,0.4640990463073082
1.0,1.0,0.5606630023636265,1.0,0.0,0.4778772043237196
0.0,0.0,0.3731080656500879,0.0,1.0,0.5051522987815636
0.0,0.0,0.396617560283012,1.0,0.0,0.473768933940949
1.0,1.0,0.7265609697870333,1.0,0.0,0.4237460990222778
0.0,1.0,0.531552235119092,0.0,0.0,0.462113701033171
0.0,1.0,0.5124437463937564,0.0,0.0,0.41587151982642123
1.0,1.0,0.7685581660555677,1.0,1.0,0.5242521540872515
1.0,0.0,0.4379370794830546,0.0,0.0,0.42514204227778213
1.0,1.0,0.6783903442870184,1.0,1.0,0.6140427029048776
1.0,1.0,0.5411165856890531,0.0,0.0,0.41942901947794226
1.0,0.0,0.4869721234266996,1.0,0.0,0.44838626783058577
1.0,1.0,0.5230879414375375,1.0,1.0,0.5489989941863826
0.0,0.0,0.4441033034677437,1.0,0.0,0.4895673769147844
1.0,0.0,0.4700577215324959,1.0,1.0,0.5858548408730985
0.0,0.0,0.39336159433854684,0.0,0.0,0.47767672293076435
0.0,0.0,0.4587258854314672,0.0,0.0,0.43598879667867374
1.0,0.0,0.46927806519730414,1.0,1.0,0.5954262980445518
0.0,0.0,0.45177770724845323,0.0,0.0,0.4057984334552267
1.0,1.0,0.7035906930107004,1.0,1.0,0.6613932907497109
0.0,0.0,0.4418305718657417,1.0,1.0,0.5303113867135152
1.0,0.0,0.47037585101144613,0.0,0.0,0.4277925961508203
1.0,1.0,0.5837568166894762,1.0,0.0,0.48539314922625376
1.0,1.0,0.5280809344754616,0.0,0.0,0.46327588095499206
0.0,0.0,0.4291631307544864,0.0,0.0,0.43094695569878116
0.0,0.0,0.43057917638423887,0.0,0.0,0.4196486445729379
0.0,1.0,0.5004441007483201,0.0,0.0,0.38809579086126095
0.0,0.0,0.46925566026670823,1.0,1.0,0.5525563282862875
0.0,0.0,0.4611080019877596,1.0,0.0,0.4360233730814214
1.0,1.0,0.6770806370689415,0.0,0.0,0.4209353588860128
1.0,1.0,0.5506938550822214,0.0,1.0,0.5285086717412821
0.0,0.0,0.4795693522979586,1.0,0.0,0.42072960262816766
0.0,0.0,0.4059238710342114,0.0,0.0,0.42426635865225304
1.0,0.0,0.4480737862188514,0.0,0.0,0.4759838354584599
1.0,0.0,0.4724259440554646,0.0,0.0,0.399910348158057
0.0,1.0,0.5199866372597391,0.0,0.0,0.4840748327164511
1.0,1.0,0.5494875116429024,1.0,1.0,0.546762133070045
1.0,1.0,0.7679053753041105,1.0,0.0,0.49916348946993266
1.0,0.0,0.4693418030149136,0.0,0.0,0.4883764120092998
0.0,0.0,0.42462830289093595,0.0,0.0,0.4406988073355784
1.0,1.0,0.6548769441911229,0.0,0.0,0.4105583381365072
0.0,0.0,0.3902149390047041,0.0,1.0,0.5248764392962868
0.0,0.0,0.42296395427311695,1.0,1.0,0.563012341870944
1.0,0.0,0.3946484680139671,1.0,1.0,0.5369425916698221
1.0,1.0,0.6084934247713392,0.0,0.0,0.3773548013754874
1.0,1.0,0.5419733578845487,0.0,0.0,0.40699257197464056
1.0,1.0,0.6017720459593194,1.0,0.0,0.4735877588865345
1.0,1.0,0.6433323841301039,0.0,0.0,0.484435140830858
0.0,0.0,0.3631229409901792,1.0,1.0,0.7809412344202934
0.0,0.0,0.4387506405499106,1.0,1.0,0.6981409622857179
0.0,0.0,0.333808253128338,0.0,0.0,0.40161779883995363
1.0,0.0,0.38897024407318836,1.0,0.0,0.42159410306687944
0.0,0.0,0.4273970441638293,0.0,0.0,0.38604268165734457
1.0,0.0,0.49104749517189267,0.0,0.0,0.3958842923040697
1.0,1.0,0.5079394173622341,0.0,0.0,0.3992309574834711
1.0,0.0,0.4569688023321503,1.0,1.0,0.6839109426208819
1.0,1.0,0.5250634536905894,0.0,0.0,0.41299721822050467
1.0,1.0,0.5154039102625032,0.0,0.0,0.4556794705672847
1.0,0.0,0.42913539960693814,1.0,1.0,0.5021183797850707
1.0,0.0,0.4823128791050893,0.0,0.0,0.39948228575163003
1.0,1.0,0.6326349146252485,1.0,0.0,0.4641085381473524
1.0,1.0,0.5730684049263736,0.0,0.0,0.4235828510824588
1.0,0.0,0.41979169545059186,1.0,0.0,0.4825811531325297
1.0,0.0,0.479712816601696,1.0,1.0,0.691683715413543
0.0,0.0,0.45467462014616705,1.0,1.0,0.5446755819578857
0.0,0.0,0.48039414049662293,1.0,0.0,0.452188547962239
1.0,1.0,0.5545610136917958,0.0,0.0,0.358293215578045
0.0,0.0,0.4237194065246116,1.0,1.0,0.5207533717338955
0.0,0.0,0.40855322576714354,1.0,0.0,0.40378476157085474
0.0,0.0,0.38093712248028005,0.0,0.0,0.40706522895340047
0.0,0.0,0.39367125984869406,0.0,0.0,0.3690843186909094
1.0,1.0,0.637014981815463,1.0,0.0,0.48152162451857644
1.0,1.0,0.5442993541411794,1.0,0.0,0.43981778181650827
0.0,0.0,0.41813880803606995,1.0,1.0,0.6177454795311612
1.0,1.0,0.6288901254551884,1.0,0.0,0.46372965289781454
0.0,0.0,0.395865185453176,0.0,0.0,0.42918582358499524
0.0,0.0,0.46872352713622945,0.0,0.0,0.41323215213075587
0.0,0.0,0.46448748929460115,,,
0.0,0.0,0.4059192077273726,,,
0.0,0.0,0.4273186830382317,,,
1.0,1.0,0.5093341209429114,,,
0.0,0.0,0.4235491874707624,,,
0.0,0.0,0.425774505129575,,,
0.0,0.0,0.3841431167292533,,,
1.0,1.0,0.5266973447782936,,,
1.0,1.0,0.7185904143869702,,,
1.0,0.0,0.45938582954138707,,,
1.0,1.0,0.5359528856439884,,,
0.0,0.0,0.3943598994029249,,,
0.0,0.0,0.4277027388170651,,,
1.0,1.0,0.7673781195066343,,,
0.0,0.0,0.49930515649875096,,,
0.0,0.0,0.3754127449998806,,,
0.0,0.0,0.40095479309423665,,,
0.0,0.0,0.4506643258808054,,,
1.0,1.0,0.5300922017625531,,,
1.0,0.0,0.4294758478738697,,,
0.0,0.0,0.42305657405220687,,,
1.0,0.0,0.47791390671627393,,,
0.0,0.0,0.4812512112442913,,,
0.0,0.0,0.3786165352467183,,,
0.0,0.0,0.4367998723023522,,,
0.0,0.0,0.4488298545547373,,,
1.0,0.0,0.43927497857166714,,,
0.0,1.0,0.5198735846460851,,,
1.0,0.0,0.48492563561836377,,,
1.0,0.0,0.45448774831243616,,,
0.0,0.0,0.41495542649697037,,,
0.0,0.0,0.39456205441601977,,,
0.0,0.0,0.49864646521189143,,,
1.0,1.0,0.7853782885419818,,,
0.0,0.0,0.45981402991556086,,,
0.0,0.0,0.48869456430866415,,,
0.0,0.0,0.3571026567551156,,,
0.0,1.0,0.578653898009831,,,
1.0,1.0,0.5826304684193868,,,
0.0,0.0,0.4597040461329562,,,
1.0,0.0,0.4674796508695324,,,
1.0,1.0,0.6129580577259945,,,
0.0,0.0,0.4095823609885618,,,
0.0,0.0,0.364252684148784,,,
0.0,0.0,0.3752170311905526,,,
0.0,1.0,0.5571907841562077,,,
0.0,0.0,0.3858970282577334,,,
1.0,0.0,0.4859773924314782,,,
0.0,0.0,0.3731636897335072,,,
0.0,0.0,0.4346528402205978,,,
0.0,1.0,0.7438187504076212,,,
0.0,0.0,0.4695792412324838,,,
1.0,1.0,0.6269374804518101,,,
1.0,0.0,0.4786317876016229,,,
1.0,1.0,0.6103224826586354,,,
0.0,0.0,0.4269416931436084,,,
0.0,0.0,0.49227487007388565,,,
1.0,1.0,0.6287922648018969,,,
1.0,1.0,0.5715659216845252,,,
1.0,0.0,0.41503837206689065,,,
0.0,0.0,0.48697461125468067,,,
0.0,0.0,0.4078728550167872,,,
1.0,1.0,0.5155867774356175,,,
0.0,0.0,0.4232514596850613,,,
1.0,0.0,0.4888876188578551,,,
0.0,0.0,0.37843053332585486,,,
0.0,0.0,0.44024712504807345,,,
1.0,1.0,0.6190910248822077,,,
1.0,1.0,0.5133352158920752,,,
1.0,1.0,0.5289289448192687,,,
0.0,1.0,0.5591099075740821,,,
1.0,1.0,0.6558321600706898,,,
0.0,0.0,0.4066443560660303,,,
0.0,0.0,0.3679270416302668,,,
0.0,0.0,0.43794287376701646,,,
1.0,1.0,0.7854387174924794,,,
1.0,0.0,0.43219582057168277,,,
0.0,0.0,0.4969517536363957,,,
0.0,1.0,0.5159523274546296,,,
1.0,1.0,0.5140874660783913,,,
1.0,1.0,0.616484376426506,,,
1.0,1.0,0.5092685585197589,,,
1.0,1.0,0.5299578409205248,,,
0.0,0.0,0.3981494726210803,,,
0.0,0.0,0.4361645956349713,,,
0.0,0.0,0.28980023584804365,,,
0.0,0.0,0.4304198842296164,,,
0.0,0.0,0.4709581002443187,,,
0.0,0.0,0.47221095058532986,,,
1.0,1.0,0.5778423768417671,,,
0.0,0.0,0.36942543978766273,,,
0.0,0.0,0.456846828722927,,,
0.0,0.0,0.4212244893412944,,,
0.0,0.0,0.38750774566531404,,,
1.0,1.0,0.5585696678495297,,,
0.0,0.0,0.4275977000859066,,,
1.0,1.0,0.5013539052661129,,,
0.0,0.0,0.41765419424736405,,,
0.0,0.0,0.448495675210632,,,
0.0,0.0,0.44634267072148603,,,
1.0,1.0,0.5606394301527926,,,
1.0,1.0,0.5205703024418498,,,
0.0,0.0,0.4157444319459762,,,
1.0,0.0,0.42452037784295776,,,
1.0,0.0,0.49604238802216677,,,
0.0,0.0,0.42010819351619777,,,
0.0,0.0,0.33074111411845464,,,
1.0,0.0,0.44928956707768236,,,
0.0,0.0,0.368184151094786,,,
1.0,0.0,0.48433863047620856,,,
0.0,0.0,0.4711822682497615,,,
1.0,1.0,0.6028270685868067,,,
1.0,0.0,0.4565361955574047,,,
1.0,0.0,0.4596432884232917,,,
1.0,0.0,0.4871277966569843,,,
0.0,0.0,0.43117609688484543,,,
1.0,1.0,0.6697696634181933,,,
0.0,0.0,0.42886623080848985,,,
1.0,0.0,0.3944976137464506,,,
0.0,0.0,0.41281580302257004,,,
0.0,0.0,0.46872876599398805,,,
0.0,0.0,0.34776825948654366,,,
1.0,1.0,0.6143565721805859,,,
0.0,0.0,0.49112833882039764,,,
0.0,0.0,0.354511542370884,,,
0.0,0.0,0.4122422663662689,,,
0.0,1.0,0.5491304637256765,,,
1.0,1.0,0.6901931556977172,,,
1.0,1.0,0.5579552989685299,,,
1.0,0.0,0.48840277280213434,,,
1.0,1.0,0.526026793672741,,,
0.0,0.0,0.44909153335361873,,,
0.0,0.0,0.39924719981281254,,,
1.0,1.0,0.5004273528300749,,,
1.0,0.0,0.42790549034900316,,,
0.0,0.0,0.4348972426717404,,,
1.0,1.0,0.6059666559721513,,,
1.0,1.0,0.5369147619609271,,,
1.0,1.0,0.6750490871337068,,,
0.0,0.0,0.4302361120480877,,,
1.0,0.0,0.4778900179327473,,,
0.0,0.0,0.3811263935463873,,,
0.0,0.0,0.44567687674650863,,,
0.0,0.0,0.41443062555449517,,,
0.0,0.0,0.38152870229968355,,,
1.0,1.0,0.6099730966090977,,,
1.0,0.0,0.4384408304083917,,,
0.0,0.0,0.43753271041188385,,,
0.0,0.0,0.4302950970472899,,,
0.0,0.0,0.4123875568519481,,,
1.0,1.0,0.5065504662693685,,,
0.0,0.0,0.4567046096619137,,,
0.0,0.0,0.41190413010590154,,,
0.0,0.0,0.45375807890990133,,,
1.0,1.0,0.6202819094331599,,,
0.0,0.0,0.4638405038046041,,,
0.0,0.0,0.37847065089266624,,,
0.0,0.0,0.40596966717996735,,,
0.0,0.0,0.38220464521618985,,,
0.0,0.0,0.4172219529829145,,,
1.0,0.0,0.4920689667557853,,,
1.0,1.0,0.6282537002146358,,,
1.0,0.0,0.46120966611835296,,,
1.0,0.0,0.4824977580304929,,,
1.0,0.0,0.4938371489650774,,,
1.0,0.0,0.4874249252530605,,,
0.0,0.0,0.46658874723211496,,,
1.0,1.0,0.6282505102873703,,,
1.0,1.0,0.7857396721987048,,,
0.0,0.0,0.46132405570797064,,,
0.0,0.0,0.45462591503283517,,,
0.0,1.0,0.5979252514385223,,,
1.0,1.0,0.6434765725930791,,,
0.0,0.0,0.4320107700800587,,,
0.0,0.0,0.4365873256718001,,,
1.0,1.0,0.5353266384945103,,,
1.0,0.0,0.4630031226684849,,,
0.0,0.0,0.47412947002656564,,,
0.0,0.0,0.4375529954126008,,,
0.0,0.0,0.4261536471042397,,,
0.0,0.0,0.4546673154793934,,,
1.0,0.0,0.4114970529258386,,,
0.0,0.0,0.4059702243853964,,,
1.0,1.0,0.6107680191148345,,,
0.0,0.0,0.4292602295566864,,,
0.0,0.0,0.40308495434795666,,,
0.0,0.0,0.39276971014678513,,,
1.0,1.0,0.5558084204467021,,,
0.0,0.0,0.31997518525311036,,,
1.0,1.0,0.7633045908070663,,,
0.0,0.0,0.4155563330474909,,,
1.0,0.0,0.4651731374676764,,,
0.0,0.0,0.4108340210245568,,,
1.0,0.0,0.45265459896014276,,,
0.0,0.0,0.4200077661258778,,,
1.0,1.0,0.643789483941208,,,
0.0,0.0,0.4549527965480513,,,
0.0,0.0,0.3421441110341698,,,
1.0,1.0,0.5600414956955073,,,
0.0,0.0,0.41272278637934406,,,
0.0,0.0,0.39060780188770367,,,
1.0,1.0,0.5421583726134562,,,
0.0,0.0,0.4364805683765443,,,
0.0,0.0,0.44763837214330704,,,
0.0,0.0,0.4477956838407581,,,
0.0,0.0,0.34430740185361747,,,
1.0,0.0,0.4929726567169662,,,
1.0,1.0,0.7252719268238327,,,
0.0,0.0,0.3949451673027247,,,
0.0,0.0,0.4015444426600726,,,
1.0,0.0,0.49492111102421665,,,
1.0,1.0,0.6376670116961318,,,
1.0,1.0,0.50105023098384,,,
1.0,1.0,0.5484073118760756,,,
1.0,0.0,0.3662328157698071,,,
0.0,0.0,0.44703942583118533,,,
0.0,1.0,0.517100133125887,,,
0.0,0.0,0.4611822191653709,,,
1.0,0.0,0.46327417337493454,,,
0.0,0.0,0.38730368626662615,,,
0.0,0.0,0.3873929098803446,,,
0.0,0.0,0.4554056418341068,,,
0.0,0.0,0.40425233799149723,,,
1.0,1.0,0.7522177813237079,,,
0.0,0.0,0.36733742631508043,,,
0.0,0.0,0.39831025179908947,,,
1.0,0.0,0.4713668162181513,,,
1.0,1.0,0.6281301766851636,,,
1.0,0.0,0.38977686789532023,,,
0.0,0.0,0.3801918782597084,,,
0.0,0.0,0.41057666330075776,,,
1.0,1.0,0.5916967723384395,,,
0.0,0.0,0.4074319597523401,,,
1.0,0.0,0.49411250399213247,,,
1.0,1.0,0.6229461773929634,,,
1.0,0.0,0.4968199068810533,,,
1.0,0.0,0.4309129748118925,,,
0.0,0.0,0.3676308790169721,,,
1.0,1.0,0.7042654172727676,,,
0.0,0.0,0.3347682089513617,,,
0.0,0.0,0.4824839980540194,,,
1.0,1.0,0.5005649348461231,,,
1.0,0.0,0.40423740650531137,,,
1.0,1.0,0.5720453573023393,,,
1.0,0.0,0.4376983423391541,,,
1.0,1.0,0.6197144687397269,,,
1.0,0.0,0.44698486611461447,,,
0.0,0.0,0.37272591959908136,,,
0.0,0.0,0.42170043331057805,,,
0.0,0.0,0.4838938201792462,,,
0.0,0.0,0.4473245756729887,,,
0.0,0.0,0.48826861957683787,,,
1.0,0.0,0.4517680900918817,,,
0.0,0.0,0.44192055538103286,,,
0.0,0.0,0.38432457729086905,,,
1.0,0.0,0.4987571661782964,,,
1.0,0.0,0.49272827334946145,,,
0.0,1.0,0.5111857610921476,,,
0.0,0.0,0.4622852568233767,,,
1.0,1.0,0.5436337066622032,,,
1.0,1.0,0.5421217990493586,,,
0.0,0.0,0.4341683442021377,,,
0.0,0.0,0.4901976730637953,,,
1.0,0.0,0.4564788316752651,,,
1.0,1.0,0.6587616535853976,,,
1.0,0.0,0.462048610242001,,,
1.0,0.0,0.47600301153541247,,,
1.0,1.0,0.5001177208509217,,,
1.0,1.0,0.5218044238267153,,,
1.0,0.0,0.4153394810976005,,,
1.0,1.0,0.7421714217257004,,,
1.0,1.0,0.5813416960215444,,,
1.0,1.0,0.623009969235527,,,
0.0,0.0,0.440428945201225,,,
1.0,0.0,0.4490260726967172,,,
0.0,0.0,0.44367580235746906,,,
1.0,0.0,0.3994928268318237,,,
1.0,1.0,0.5242918654247913,,,
1.0,0.0,0.4624941514775683,,,
0.0,0.0,0.4957119543274113,,,
1.0,1.0,0.5280392486912933,,,
1.0,0.0,0.47513941013213984,,,
0.0,0.0,0.45471988756657306,,,
0.0,0.0,0.4355136240519668,,,
0.0,0.0,0.45313996604813556,,,
0.0,0.0,0.43690166640812284,,,
0.0,0.0,0.43012227414351034,,,
0.0,0.0,0.45980757876862116,,,
0.0,0.0,0.47430717263480043,,,
0.0,0.0,0.4591225047522015,,,
0.0,0.0,0.4312890706171999,,,
1.0,0.0,0.49582379190481607,,,
0.0,0.0,0.4256624306283165,,,
0.0,0.0,0.4324258817404343,,,
1.0,1.0,0.5046150514750485,,,
1.0,0.0,0.45595441429149886,,,
1.0,0.0,0.4432702026319077,,,
0.0,0.0,0.46291137897252366,,,
1.0,1.0,0.7677425543145003,,,
1.0,0.0,0.4450676035734201,,,
1.0,1.0,0.5783445828014214,,,
0.0,0.0,0.49208659138974653,,,
1.0,0.0,0.48220816415315376,,,
1.0,1.0,0.5836901726017008,,,
0.0,0.0,0.4141926908636807,,,
0.0,0.0,0.4306388358171256,,,
1.0,1.0,0.6025968374060837,,,
1.0,1.0,0.5384889361533708,,,
1.0,0.0,0.4372031411392466,,,
0.0,0.0,0.37340556660029633,,,
0.0,0.0,0.4718273279662393,,,
0.0,0.0,0.4159820024905903,,,
0.0,0.0,0.42998865053416624,,,
0.0,0.0,0.3843464880973731,,,
0.0,0.0,0.38472337115123006,,,
0.0,0.0,0.4485949138479269,,,
0.0,0.0,0.48138937989948705,,,
0.0,0.0,0.4396504980242522,,,
1.0,1.0,0.5306469690405634,,,
0.0,0.0,0.38699336691198594,,,
0.0,0.0,0.3842595994378843,,,
1.0,1.0,0.5574879845098359,,,
1.0,1.0,0.553275962151322,,,
1.0,1.0,0.5275302928245045,,,
1.0,1.0,0.5337314622710935,,,
0.0,0.0,0.41704155452106084,,,
1.0,1.0,0.5819260299326037,,,
1.0,1.0,0.5391105110868826,,,
1.0,1.0,0.6790803048129915,,,
0.0,0.0,0.3995906748827732,,,
1.0,1.0,0.5319920420316395,,,
0.0,0.0,0.40962554128035217,,,
0.0,0.0,0.4137471279756596,,,
1.0,0.0,0.4870797007137137,,,
0.0,0.0,0.4037900172566097,,,
1.0,0.0,0.4735642916859624,,,
0.0,0.0,0.4212005512078893,,,
0.0,0.0,0.3881056671925471,,,
0.0,0.0,0.4167679581878963,,,
1.0,0.0,0.38418206388262505,,,
1.0,1.0,0.5518242058835774,,,
1.0,1.0,0.6833388676440614,,,
0.0,0.0,0.3754374693879918,,,
0.0,0.0,0.45377336805173246,,,
1.0,0.0,0.4711701998503482,,,
0.0,0.0,0.4475198517563414,,,
0.0,0.0,0.4040433922054826,,,
1.0,0.0,0.452430769072489,,,
0.0,0.0,0.47432793205969415,,,
1.0,0.0,0.4156103915028168,,,
1.0,1.0,0.5526943063929081,,,
1.0,0.0,0.40246437281280406,,,
0.0,0.0,0.41051815711338535,,,
1.0,1.0,0.5288834018944805,,,
1.0,0.0,0.4581331900880527,,,
1.0,0.0,0.47775936517060863,,,
0.0,0.0,0.46573637064347134,,,
1.0,0.0,0.48375232684833563,,,
1.0,1.0,0.5755900313432708,,,
0.0,0.0,0.3799199310746563,,,
0.0,0.0,0.4242074667769518,,,
0.0,1.0,0.5175761665304198,,,
1.0,1.0,0.5889586445986058,,,
0.0,1.0,0.5399012150910043,,,
0.0,0.0,0.47184810896106644,,,
0.0,0.0,0.3949315755896583,,,
1.0,1.0,0.5617386667964325,,,
1.0,0.0,0.4521300591579098,,,
0.0,0.0,0.41309499436216784,,,
1.0,1.0,0.6054772085193283,,,
0.0,0.0,0.42877089286816905,,,
0.0,0.0,0.38795104007011805,,,
1.0,1.0,0.5399736169962951,,,
0.0,0.0,0.4192444343213011,,,
1.0,1.0,0.5094111953389159,,,
1.0,1.0,0.5394923407220126,,,
1.0,0.0,0.3846323994958312,,,
0.0,0.0,0.41565230114330654,,,
0.0,0.0,0.4081823506059204,,,
0.0,1.0,0.5251138127647269,,,
0.0,0.0,0.4635185083338837,,,
0.0,0.0,0.4394523230707833,,,
0.0,0.0,0.4115225109573825,,,
0.0,0.0,0.45036655926185504,,,
0.0,0.0,0.405096802024138,,,
0.0,0.0,0.46821933159704726,,,
0.0,0.0,0.3873860566209419,,,
0.0,0.0,0.3848813137037633,,,
1.0,0.0,0.4260419503586388,,,
1.0,1.0,0.7244295853131408,,,
0.0,1.0,0.5267444830971448,,,
0.0,0.0,0.3774903451485488,,,
1.0,1.0,0.6384705202173198,,,
0.0,0.0,0.4501505590000701,,,
1.0,1.0,0.5030185970733179,,,
1.0,1.0,0.7126826451943756,,,
0.0,1.0,0.5063340661893647,,,
0.0,0.0,0.4116296209430945,,,
0.0,0.0,0.4825811531325297,,,
0.0,0.0,0.3810299399163506,,,
1.0,1.0,0.536189380754623,,,
0.0,0.0,0.28204855440513743,,,
1.0,1.0,0.7567667627677152,,,
1.0,0.0,0.47234600074822614,,,
1.0,1.0,0.7099335267950326,,,
0.0,0.0,0.3771533485002993,,,
0.0,0.0,0.44862818779403746,,,
1.0,0.0,0.4286148198836372,,,
1.0,1.0,0.7079411330004416,,,
1.0,1.0,0.6139400027192701,,,
0.0,0.0,0.34494112675286664,,,
1.0,0.0,0.44372050506777183,,,
1.0,0.0,0.49148813267807684,,,
0.0,0.0,0.45045039463734704,,,
0.0,0.0,0.3659635980821872,,,
0.0,1.0,0.6212359019627807,,,
0.0,0.0,0.4305121095492707,,,
0.0,0.0,0.4496455870099049,,,
0.0,0.0,0.4032775695355737,,,
1.0,0.0,0.44441612086904236,,,
1.0,0.0,0.4841580361090011,,,
1.0,1.0,0.5453661090659699,,,
0.0,0.0,0.4534825074056836,,,
1.0,0.0,0.4089199895836963,,,
1.0,1.0,0.5024367529737829,,,
0.0,1.0,0.5576757611134113,,,
0.0,0.0,0.40320303078790043,,,
0.0,0.0,0.45897926285756513,,,
1.0,1.0,0.5149561087937894,,,
0.0,0.0,0.4557535430256991,,,
0.0,1.0,0.6177829815413461,,,
0.0,0.0,0.38714919291773503,,,
1.0,0.0,0.45213348606659837,,,
0.0,0.0,0.49800761912829616,,,
0.0,0.0,0.43913423837519355,,,
0.0,0.0,0.4340677473529836,,,
0.0,1.0,0.5466326175494826,,,
1.0,1.0,0.719174221623449,,,
1.0,1.0,0.6086963461593596,,,
1.0,1.0,0.5307832514628773,,,
1.0,0.0,0.4666417015295355,,,
0.0,0.0,0.3953525944988743,,,
1.0,1.0,0.5938163384932097,,,
1.0,0.0,0.4709581002443187,,,
1.0,1.0,0.5733955329969641,,,
0.0,0.0,0.34852828540860936,,,
1.0,1.0,0.5527353507366013,,,
0.0,0.0,0.48724028658846136,,,
0.0,0.0,0.4332501488454399,,,
0.0,0.0,0.47784854371798147,,,
0.0,0.0,0.3954681843668576,,,
1.0,1.0,0.6348567853576005,,,
1.0,0.0,0.3832941508617143,,,
0.0,0.0,0.42026574181145926,,,
0.0,0.0,0.4363916768706169,,,
1.0,0.0,0.4698482300372032,,,
1.0,0.0,0.48732166128062854,,,
0.0,0.0,0.37021580951525734,,,
0.0,0.0,0.40547256912969726,,,
1.0,1.0,0.5152591669833435,,,
1.0,0.0,0.47448474487437553,,,
1.0,0.0,0.48673331674558895,,,
0.0,0.0,0.41492860132118264,,,
0.0,0.0,0.3731600446037593,,,
0.0,1.0,0.547377897716861,,,
0.0,0.0,0.4840687634952699,,,
1.0,1.0,0.5193081445126747,,,
1.0,1.0,0.6031874420469192,,,
0.0,0.0,0.34560107394567335,,,
0.0,0.0,0.4607638719901197,,,
1.0,1.0,0.7190364853411366,,,
0.0,0.0,0.4139580576578913,,,
1.0,1.0,0.5281635635489843,,,
1.0,1.0,0.6302464546494906,,,
0.0,0.0,0.39749789002581526,,,
0.0,0.0,0.3744222872029602,,,
1.0,1.0,0.5932948114661128,,,
0.0,1.0,0.5333388396371096,,,
0.0,0.0,0.42212362160812045,,,
0.0,0.0,0.4083576413084666,,,
0.0,0.0,0.3548078772180678,,,
0.0,0.0,0.39570707171916286,,,
1.0,1.0,0.650070276352468,,,
1.0,0.0,0.4726006977382458,,,
0.0,0.0,0.4690042493762143,,,
0.0,0.0,0.37906492034634415,,,
1.0,0.0,0.4770911417843863,,,
1.0,1.0,0.617267886157083,,,
1.0,1.0,0.5579788544624402,,,
0.0,0.0,0.4129834238142734,,,
1.0,1.0,0.620028102547302,,,
1.0,1.0,0.5821129525450696,,,
0.0,1.0,0.5104210503200328,,,
0.0,0.0,0.4545195938404471,,,
0.0,0.0,0.3991826760284748,,,
0.0,0.0,0.41192561203029116,,,
1.0,1.0,0.6056231761732296,,,
1.0,0.0,0.48118441632724346,,,
1.0,0.0,0.4319730832071166,,,
1.0,1.0,0.5239828181690411,,,
1.0,0.0,0.45105198159092263,,,
0.0,0.0,0.3824727705770342,,,
0.0,0.0,0.38298901465330865,,,
0.0,0.0,0.4040878527062655,,,
1.0,0.0,0.4234143386814398,,,
1.0,1.0,0.6720597073427685,,,
1.0,1.0,0.5008831388655353,,,
0.0,0.0,0.28332336512707545,,,
0.0,0.0,0.3682592113841423,,,
0.0,0.0,0.4330510544370649,,,
0.0,0.0,0.3903137037500772,,,
1.0,1.0,0.585158609333028,,,
0.0,0.0,0.3688298369790996,,,
0.0,0.0,0.48996722042152324,,,
0.0,0.0,0.4161270671249661,,,
1.0,0.0,0.4421812698656328,,,
1.0,0.0,0.4574285679172219,,,
0.0,0.0,0.40529151958969056,,,
1.0,1.0,0.5431033566373994,,,
0.0,0.0,0.38125356969302854,,,
0.0,0.0,0.4032088106019305,,,
0.0,0.0,0.3801904698455542,,,
0.0,0.0,0.42071848860835787,,,
0.0,0.0,0.3599263056865176,,,
0.0,0.0,0.377486459891194,,,
0.0,0.0,0.40511181034833016,,,
0.0,0.0,0.4522099357417139,,,
0.0,0.0,0.4190327429200579,,,
0.0,1.0,0.544856830943187,,,
1.0,1.0,0.5293575516612602,,,
1.0,1.0,0.5472749432521308,,,
0.0,1.0,0.635819977230428,,,
0.0,0.0,0.44213593827658754,,,
0.0,0.0,0.47038577009804283,,,
1.0,1.0,0.5511798037937751,,,
0.0,0.0,0.4269341006415243,,,
0.0,0.0,0.4770911417843863,,,
0.0,0.0,0.39196461846549047,,,
0.0,0.0,0.2692846967945406,,,
1.0,0.0,0.4609322262101015,,,
1.0,1.0,0.5877463024565995,,,
0.0,0.0,0.4228458571652902,,,
1.0,0.0,0.44436647054487005,,,
0.0,0.0,0.3829694811458887,,,
0.0,0.0,0.4212569269937321,,,
0.0,0.0,0.4656603027664009,,,
1.0,1.0,0.6495453582977868,,,
0.0,0.0,0.39377826443349734,,,
0.0,0.0,0.4368205980830869,,,
1.0,1.0,0.5576085168231139,,,
0.0,0.0,0.4247822277925858,,,
1.0,0.0,0.4864330609632755,,,
1.0,1.0,0.5421807642061489,,,
0.0,0.0,0.3363050907937517,,,
1.0,1.0,0.5134109237393446,,,
1.0,1.0,0.5192884696350856,,,
0.0,0.0,0.39658773079307474,,,
0.0,0.0,0.42897348879995,,,
1.0,1.0,0.5477602775962601,,,
1.0,1.0,0.5254283448807809,,,
0.0,0.0,0.4685337922615143,,,
1.0,1.0,0.5282241699667498,,,
1.0,1.0,0.6707164439359528,,,
0.0,0.0,0.471517611261045,,,
1.0,0.0,0.42809287470364205,,,
1.0,1.0,0.6744441350028513,,,
0.0,0.0,0.4694695167061049,,,
0.0,0.0,0.41782966789820564,,,
0.0,0.0,0.49223110843574747,,,
0.0,0.0,0.42988228675125,,,
1.0,1.0,0.5109373874719755,,,
0.0,0.0,0.39663508629673794,,,
1.0,0.0,0.49425060644888047,,,
0.0,0.0,0.4952860667940107,,,
0.0,0.0,0.3699981019877035,,,
1.0,1.0,0.5880409947730912,,,
0.0,0.0,0.4885948761523378,,,
1.0,0.0,0.42381248389906734,,,
0.0,0.0,0.3966036179281026,,,
1.0,1.0,0.7791581355167373,,,
0.0,0.0,0.3625511169122431,,,
0.0,0.0,0.4442876232216769,,,
1.0,1.0,0.7339558691887,,,
1.0,1.0,0.5274812089534721,,,
0.0,0.0,0.4952772924596709,,,
0.0,0.0,0.40662046750252795,,,
0.0,0.0,0.4898938291521702,,,
1.0,1.0,0.5527235706569659,,,
1.0,1.0,0.5207322198502542,,,
0.0,0.0,0.41477615692025666,,,
1.0,0.0,0.47040984903800953,,,
1.0,1.0,0.5459839129594685,,,
1.0,1.0,0.5001278625385274,,,
0.0,0.0,0.41194614443720523,,,
0.0,0.0,0.4326316017841134,,,
1.0,0.0,0.43623015193546666,,,
0.0,0.0,0.39667071210521826,,,
0.0,0.0,0.4090615095279293,,,
0.0,0.0,0.38738869679160387,,,
0.0,0.0,0.44408740448317297,,,
1.0,1.0,0.5095956159875112,,,
0.0,0.0,0.402839388171544,,,
0.0,0.0,0.4588716749855436,,,
0.0,0.0,0.3798502694931447,,,
1.0,1.0,0.5275213224521208,,,
0.0,1.0,0.5534810064231027,,,
1.0,1.0,0.5108115743875209,,,
0.0,0.0,0.3913590651164913,,,
1.0,1.0,0.7733588530691982,,,
0.0,0.0,0.45062552859771315,,,
0.0,0.0,0.39964913278144243,,,
1.0,0.0,0.47382480279085976,,,
1.0,0.0,0.439360686436382,,,
0.0,0.0,0.4341424371326704,,,
1.0,0.0,0.4695389818961366,,,
0.0,0.0,0.43636310358932456,,,
0.0,0.0,0.48907023717463566,,,
1.0,0.0,0.4766750674130233,,,
0.0,0.0,0.4699076702074851,,,
0.0,0.0,0.4611654570811728,,,
0.0,0.0,0.4524872740136502,,,
1.0,0.0,0.4941112420390682,,,
0.0,0.0,0.306748117206088,,,
0.0,0.0,0.4659837581216203,,,
0.0,0.0,0.4397865139404322,,,
1.0,1.0,0.5991229482247439,,,
1.0,0.0,0.41946862509488037,,,
1.0,1.0,0.519338433106253,,,
0.0,0.0,0.4563742516588665,,,
0.0,0.0,0.40973293447578674,,,
1.0,0.0,0.42186350735429035,,,
1.0,1.0,0.5814677970270432,,,
1.0,0.0,0.3801390145694444,,,
1.0,0.0,0.45121365495409876,,,
0.0,0.0,0.4156385075587237,,,
1.0,0.0,0.4703277774957249,,,
0.0,0.0,0.4347407820455857,,,
1.0,1.0,0.5370417208436002,,,
0.0,0.0,0.30886943099326775,,,
1.0,0.0,0.47583824801881475,,,
1.0,0.0,0.4059874940723749,,,
0.0,0.0,0.44392842953088707,,,
0.0,1.0,0.5647242210680218,,,
0.0,0.0,0.4676588866291059,,,
0.0,0.0,0.42454577261294224,,,
0.0,0.0,0.4202204848991845,,,
0.0,0.0,0.3644826905058553,,,
1.0,0.0,0.44001403533869704,,,
0.0,0.0,0.4138935556910353,,,
0.0,1.0,0.5113162087494465,,,
0.0,0.0,0.4153710746337776,,,
0.0,0.0,0.32761933079401406,,,
1.0,1.0,0.526258504777174,,,
1.0,0.0,0.4413391837535068,,,
0.0,0.0,0.3776143330891821,,,
0.0,0.0,0.38602278349032293,,,
0.0,0.0,0.4270359239667358,,,
1.0,0.0,0.4442097962484057,,,
1.0,1.0,0.5310865872747326,,,
0.0,0.0,0.4184277913818695,,,
1.0,0.0,0.49335529830994096,,,
1.0,0.0,0.4838198237878654,,,
0.0,0.0,0.4733870945967717,,,
0.0,0.0,0.4161913238498345,,,
0.0,0.0,0.47168566717868915,,,
1.0,0.0,0.4390120483939916,,,
0.0,0.0,0.4205700124608585,,,
0.0,0.0,0.43724187266110237,,,
0.0,0.0,0.44130639542729516,,,
1.0,0.0,0.43631110950757795,,,
1.0,1.0,0.528792548778816,,,
1.0,0.0,0.38973846759698305,,,
0.0,1.0,0.5160155739213648,,,
1.0,1.0,0.6841302671644895,,,
0.0,0.0,0.44115600956608153,,,
1.0,0.0,0.42309636700783626,,,
0.0,0.0,0.4261597649432415,,,
0.0,0.0,0.49045909307891983,,,
1.0,0.0,0.4422455920095163,,,
0.0,0.0,0.4821432156924932,,,
0.0,0.0,0.35390170961339873,,,
0.0,0.0,0.4323508750327831,,,
0.0,0.0,0.4363378242311669,,,
0.0,1.0,0.5084587476285302,,,
1.0,1.0,0.6236096147482366,,,
1.0,1.0,0.5075395307361726,,,
0.0,0.0,0.43282924082395335,,,
0.0,0.0,0.4689908244395257,,,
1.0,1.0,0.5019608586807516,,,
1.0,1.0,0.6453985803963439,,,
0.0,0.0,0.47954249764066015,,,
1.0,1.0,0.6446944625821356,,,
0.0,0.0,0.39933442929673946,,,
1.0,0.0,0.4352167299773167,,,
1.0,1.0,0.6286694662704083,,,
0.0,0.0,0.4334880390635536,,,
1.0,1.0,0.7701284809717523,,,
1.0,0.0,0.44701767433055983,,,
1.0,0.0,0.4778135496436155,,,
1.0,0.0,0.443521556139465,,,
1.0,0.0,0.46898415564590773,,,
0.0,0.0,0.43359838087989916,,,
1.0,1.0,0.762232189574498,,,
1.0,0.0,0.46874725294027625,,,
0.0,0.0,0.3903743408908945,,,
0.0,0.0,0.4090575710547209,,,
1.0,1.0,0.5728935886965723,,,
0.0,0.0,0.3274405125558559,,,
1.0,0.0,0.4992799645125073,,,
1.0,1.0,0.6695028286740012,,,
0.0,0.0,0.3961905056165237,,,
0.0,0.0,0.37269698852379546,,,
0.0,0.0,0.3991824784903271,,,
1.0,1.0,0.5462008059940567,,,
1.0,0.0,0.4100273086617154,,,
0.0,1.0,0.5238157830312472,,,
1.0,0.0,0.45979742995695827,,,
1.0,0.0,0.49907238038125346,,,
0.0,1.0,0.5073066795242657,,,
1.0,1.0,0.5773560500759654,,,
1.0,1.0,0.519804442762354,,,
1.0,0.0,0.404464379187132,,,
0.0,0.0,0.4439414158323208,,,
1.0,0.0,0.40064050421925707,,,
0.0,1.0,0.501245770613695,,,
0.0,0.0,0.4185808539609603,,,
0.0,0.0,0.3936669629947854,,,
1.0,1.0,0.6020549100780689,,,
0.0,0.0,0.45061209908677474,,,
0.0,0.0,0.3488543637480425,,,
0.0,0.0,0.4188960149773318,,,
1.0,0.0,0.4750912549378524,,,
0.0,1.0,0.5690311140145299,,,
1.0,1.0,0.516670592922889,,,
1.0,1.0,0.749129872922094,,,
0.0,0.0,0.48201235004461346,,,
1.0,0.0,0.44390807843833024,,,
0.0,0.0,0.4332327268688851,,,
1.0,1.0,0.5530730029042311,,,
0.0,0.0,0.3524465492983776,,,
1.0,1.0,0.5950889774223119,,,
0.0,0.0,0.4407941583154315,,,
1.0,1.0,0.615091510661323,,,
1.0,1.0,0.7065069785822099,,,
0.0,0.0,0.3932370768290944,,,
1.0,0.0,0.4590123368869267,,,
0.0,0.0,0.47162113738361366,,,
0.0,0.0,0.4044357951086136,,,
1.0,0.0,0.49299873289636853,,,
0.0,0.0,0.40623615617219244,,,
1.0,0.0,0.44975992875537824,,,
0.0,0.0,0.4513924014112911,,,
1.0,0.0,0.38561075105214365,,,
1.0,0.0,0.402670189771384,,,
0.0,0.0,0.3804846858588481,,,
0.0,0.0,0.41862508324759884,,,
0.0,0.0,0.39889324511032587,,,
1.0,1.0,0.5279912534861935,,,
0.0,0.0,0.3459666787828821,,,
0.0,0.0,0.4075562021501904,,,
1.0,0.0,0.491628123109623,,,
0.0,0.0,0.33955893611548366,,,
0.0,0.0,0.4730019649504304,,,
0.0,0.0,0.41823359887020034,,,
1.0,0.0,0.3907024784312716,,,
0.0,0.0,0.4440854053338818,,,
1.0,1.0,0.6152246684083362,,,
0.0,1.0,0.5464508905310193,,,
0.0,0.0,0.464589710915749,,,
1.0,1.0,0.5937586516819955,,,
0.0,0.0,0.3763746932520542,,,
1.0,1.0,0.5047101179611858,,,
0.0,0.0,0.4015530280906422,,,
0.0,0.0,0.40543921187680404,,,
1.0,0.0,0.4980388285097358,,,
1.0,0.0,0.38565839260504897,,,
0.0,0.0,0.3956435472118019,,,
1.0,1.0,0.6344921041897325,,,
1.0,0.0,0.43040451581647776,,,
1.0,0.0,0.49377198369796127,,,
0.0,0.0,0.38386989279539546,,,
0.0,0.0,0.3607343972414103,,,
1.0,0.0,0.38305413777805963,,,
1.0,1.0,0.5498640011470047,,,
1.0,1.0,0.6515451492449528,,,
1.0,1.0,0.5413877495294991,,,
0.0,0.0,0.3531592869507126,,,
1.0,0.0,0.39557337807396376,,,
0.0,0.0,0.4759065408675588,,,
1.0,0.0,0.4076983628473803,,,
1.0,1.0,0.5146967537506766,,,
0.0,0.0,0.4278152407777936,,,
0.0,0.0,0.4504095750473029,,,
1.0,1.0,0.5452703991708076,,,
1.0,1.0,0.5775046296955746,,,
0.0,0.0,0.3805744644105115,,,
1.0,1.0,0.7663642816033099,,,
0.0,0.0,0.43200080500971805,,,
0.0,0.0,0.4464718501641632,,,
0.0,0.0,0.3956624199915436,,,
1.0,0.0,0.4867091754984625,,,
0.0,0.0,0.4224965451610195,,,
0.0,0.0,0.4191542027942724,,,
0.0,0.0,0.4159245018099113,,,
0.0,1.0,0.507635137542783,,,
1.0,1.0,0.5226572440207943,,,
1.0,0.0,0.49409746551924294,,,
1.0,1.0,0.614448376878641,,,
1.0,0.0,0.41881105495670434,,,
1.0,1.0,0.5473026761876038,,,
0.0,0.0,0.45115665642183095,,,
1.0,1.0,0.6564608843999679,,,
1.0,1.0,0.5405140290911501,,,
1.0,0.0,0.48396926112525573,,,
1.0,1.0,0.6080050375946401,,,
1.0,1.0,0.5226699762028767,,,
0.0,0.0,0.490457949342664,,,
1.0,0.0,0.4522883958323317,,,
1.0,1.0,0.767774829637297,,,
1.0,1.0,0.550012822087413,,,
1.0,0.0,0.4184277913818695,,,
0.0,0.0,0.39962839298248215,,,
0.0,0.0,0.36025581087254266,,,
0.0,0.0,0.4780884229309139,,,
1.0,1.0,0.5433630607713879,,,
0.0,0.0,0.3840122817394103,,,
0.0,0.0,0.45845105778093115,,,
1.0,0.0,0.39963015564488596,,,
1.0,0.0,0.4362231209345825,,,
0.0,0.0,0.3765583850331042,,,
0.0,0.0,0.4061010218275895,,,
1.0,0.0,0.46550139892799963,,,
1.0,0.0,0.4816789570796668,,,
1.0,0.0,0.42769658382154235,,,
0.0,0.0,0.41141526221196667,,,
0.0,0.0,0.3631282255123717,,,
0.0,0.0,0.4116202993745513,,,
1.0,0.0,0.46226299691275563,,,
0.0,0.0,0.47238741964064307,,,
0.0,0.0,0.31072505637907244,,,
0.0,0.0,0.4453424969086096,,,
0.0,0.0,0.40485555636610215,,,
0.0,0.0,0.37573170756204294,,,
0.0,0.0,0.3822423350905995,,,
1.0,0.0,0.44325095589059743,,,
1.0,1.0,0.5376279058239049,,,
0.0,0.0,0.390605565691355,,,
0.0,0.0,0.3867518202565503,,,
0.0,0.0,0.48603178557972465,,,
1.0,1.0,0.724561142732295,,,
0.0,0.0,0.4192229157144914,,,
0.0,0.0,0.4569977688159557,,,
0.0,0.0,0.45520291744020874,,,
1.0,1.0,0.602752602694291,,,
1.0,0.0,0.35330950562734986,,,
1.0,1.0,0.6381019708948794,,,
0.0,0.0,0.4287930450382614,,,
0.0,0.0,0.38958232964265005,,,
0.0,0.0,0.4666459485045526,,,
1.0,1.0,0.532293163447576,,,
1.0,1.0,0.6619200786612898,,,
1.0,1.0,0.5262101103392873,,,
0.0,0.0,0.38054862391232813,,,
0.0,0.0,0.4518045255726278,,,
0.0,0.0,0.34235926839391,,,
0.0,0.0,0.3709719590019678,,,
1.0,1.0,0.5060300256371197,,,
0.0,0.0,0.37833067017352734,,,
1.0,1.0,0.5941378356483248,,,
0.0,0.0,0.4206006404439471,,,
1.0,0.0,0.4324799605761111,,,
1.0,1.0,0.5045286973353301,,,
0.0,0.0,0.4215863030320899,,,
1.0,0.0,0.4830224843137461,,,
1.0,0.0,0.4982331697660946,,,
0.0,0.0,0.3805602558696192,,,
0.0,0.0,0.4372048720857344,,,
0.0,0.0,0.43996840382970054,,,
1.0,0.0,0.46763413718047825,,,
1.0,1.0,0.5525944264600332,,,
0.0,0.0,0.4698539319134636,,,
1.0,0.0,0.49380522265039856,,,
1.0,0.0,0.42709667841771226,,,
1.0,0.0,0.4818973287743015,,,
0.0,0.0,0.45023040968747724,,,
0.0,0.0,0.3900926260146073,,,
0.0,0.0,0.4580817147514517,,,
1.0,1.0,0.6773003468563509,,,
0.0,0.0,0.33124890906690396,,,
1.0,1.0,0.613260206998359,,,
1.0,0.0,0.45431650844250765,,,
1.0,1.0,0.5059412563820742,,,
0.0,0.0,0.44960885143491486,,,
1.0,0.0,0.4725985473146746,,,
1.0,1.0,0.6181187659725023,,,
1.0,1.0,0.6410439931888887,,,
0.0,0.0,0.4187172682549565,,,
0.0,0.0,0.37853708585274987,,,
1.0,1.0,0.5833662245131807,,,
0.0,1.0,0.537902456332422,,,
1.0,0.0,0.43532997982005234,,,
1.0,0.0,0.44162753739666977,,,
0.0,0.0,0.43663460249274444,,,
1.0,1.0,0.5350020575252191,,,
0.0,0.0,0.39514906878219547,,,
1.0,1.0,0.5396546628013305,,,
1.0,1.0,0.6726231518400849,,,
1.0,0.0,0.4492760241771172,,,
0.0,0.0,0.40585448123888374,,,
0.0,0.0,0.4200794358374375,,,
1.0,1.0,0.5270911293479658,,,
0.0,0.0,0.3562491610409259,,,
0.0,0.0,0.4377844416887539,,,
0.0,0.0,0.4149097422408524,,,
0.0,0.0,0.47251429176409254,,,
0.0,1.0,0.5643786652253915,,,
1.0,0.0,0.49370620118318453,,,
0.0,1.0,0.5152794827034394,,,
0.0,0.0,0.4349502775541325,,,
1.0,0.0,0.48784691700249944,,,
1.0,0.0,0.42778066857135016,,,
0.0,0.0,0.43073854081069923,,,
1.0,1.0,0.6052246500162184,,,
1.0,1.0,0.6296901809124098,,,
1.0,1.0,0.6410492062307913,,,
1.0,0.0,0.40350736994561953,,,
1.0,1.0,0.6398161449257463,,,
0.0,0.0,0.4661175274539895,,,
0.0,0.0,0.40569998297648924,,,
1.0,0.0,0.4172641013461737,,,
0.0,0.0,0.4284343926854181,,,
0.0,0.0,0.40396549867721543,,,
1.0,1.0,0.7656966144587458,,,
0.0,0.0,0.43269435156664304,,,
0.0,0.0,0.43949710724586133,,,
0.0,0.0,0.44901651018122457,,,
0.0,0.0,0.4648038553254263,,,
1.0,1.0,0.6945373377262501,,,
0.0,0.0,0.4987637693312489,,,
0.0,0.0,0.46614640266993673,,,
1.0,1.0,0.529835525661264,,,
1.0,0.0,0.4919743884458277,,,
0.0,0.0,0.39467907131351526,,,
1.0,0.0,0.39845050221813766,,,
1.0,0.0,0.47176867873042494,,,
1.0,0.0,0.4495001242120225,,,
0.0,0.0,0.4952658800875472,,,
1.0,0.0,0.42560820372056846,,,
0.0,0.0,0.37652263070117103,,,
0.0,0.0,0.37679131184208164,,,
1.0,0.0,0.3798502694931447,,,
0.0,1.0,0.507400464990156,,,
1.0,1.0,0.6828965882068929,,,
1.0,0.0,0.4717183141958955,,,
0.0,0.0,0.4778781316382496,,,
0.0,0.0,0.42220782072115504,,,
0.0,0.0,0.46041597588767486,,,
0.0,0.0,0.43634771294972274,,,
1.0,1.0,0.5889586445986058,,,
1.0,1.0,0.6936256432606308,,,
0.0,0.0,0.46087787977320277,,,
1.0,1.0,0.563808905900853,,,
1.0,1.0,0.6424057087612631,,,
0.0,0.0,0.48954876903368955,,,
1.0,1.0,0.6616285651031273,,,
1.0,0.0,0.4500736681637728,,,
0.0,0.0,0.43985824247005406,,,
1.0,0.0,0.45656759419002696,,,
0.0,0.0,0.39757519804496944,,,
0.0,0.0,0.41804064365748883,,,
1.0,1.0,0.5733148604663001,,,
0.0,0.0,0.41291284106376774,,,
0.0,0.0,0.43328461919027855,,,
0.0,0.0,0.40252291555513975,,,
1.0,1.0,0.60346767290526,,,
1.0,1.0,0.591471298775783,,,
1.0,0.0,0.484576639794241,,,
0.0,0.0,0.3946520374163706,,,
1.0,1.0,0.5203437507600618,,,
1.0,0.0,0.48340413944043165,,,
0.0,0.0,0.36197336637241895,,,
1.0,1.0,0.5070846381555565,,,
0.0,0.0,0.4447154364510941,,,
0.0,1.0,0.555824075816716,,,
0.0,0.0,0.4513351957568671,,,
0.0,0.0,0.3877212187275754,,,
1.0,0.0,0.47723689108063383,,,
0.0,1.0,0.5151869317008577,,,
1.0,1.0,0.7089877700340073,,,
0.0,0.0,0.47061111723160837,,,
1.0,0.0,0.4099758890022713,,,
1.0,0.0,0.4761264566813409,,,
1.0,1.0,0.516899072600007,,,
1.0,1.0,0.5470069825082754,,,
1.0,1.0,0.6857147016928986,,,
0.0,0.0,0.425962425998247,,,
1.0,1.0,0.6389196843095698,,,
0.0,0.0,0.4182823501159126,,,
0.0,0.0,0.3988071809779681,,,
0.0,0.0,0.47604399390386576,,,
1.0,0.0,0.48927687866633474,,,
1.0,1.0,0.6047774854624033,,,
1.0,0.0,0.45983503498628386,,,
1.0,0.0,0.4434786376761418,,,
0.0,0.0,0.39348858046666974,,,
0.0,0.0,0.3978657940721809,,,
1.0,1.0,0.6396917420158282,,,
1.0,0.0,0.42570023071363705,,,
1.0,1.0,0.5469913872974548,,,
1.0,1.0,0.5550648454629786,,,
0.0,0.0,0.35936734242241536,,,
0.0,0.0,0.38964814688017935,,,
0.0,1.0,0.5112711006050583,,,
0.0,0.0,0.4626796557155904,,,
1.0,1.0,0.6392057635939332,,,
0.0,1.0,0.5166789563113771,,,
1.0,1.0,0.6606105904580144,,,
1.0,1.0,0.5842795413947985,,,
1.0,0.0,0.47887818737672094,,,
1.0,1.0,0.5643412237926482,,,
0.0,0.0,0.4061461152611891,,,
1.0,1.0,0.518065447331081,,,
0.0,0.0,0.4208064873036929,,,
1.0,0.0,0.42616658148254954,,,
1.0,0.0,0.4865695183257767,,,
0.0,0.0,0.4192949563787892,,,
0.0,0.0,0.35219280840343836,,,
1.0,1.0,0.5740541476154333,,,
0.0,0.0,0.44896600940165343,,,
1.0,1.0,0.677612547884089,,,
0.0,0.0,0.4415344064981901,,,
0.0,0.0,0.466077448923185,,,
0.0,0.0,0.4079441179105007,,,
1.0,0.0,0.447157388298538,,,
0.0,1.0,0.5589762342399662,,,
0.0,0.0,0.4200509627188867,,,
1.0,0.0,0.4209528900545042,,,
0.0,0.0,0.4032269025323977,,,
1.0,1.0,0.5291006466462549,,,
0.0,0.0,0.4156409797875429,,,
0.0,0.0,0.38277859557204713,,,
1.0,0.0,0.49816284417132295,,,
1.0,0.0,0.49978982043536513,,,
0.0,0.0,0.42197567954451115,,,
0.0,0.0,0.45776598998242324,,,
0.0,0.0,0.3755952107718982,,,
0.0,0.0,0.43739192691762024,,,
1.0,0.0,0.42812898966821733,,,
1.0,1.0,0.5894411915462299,,,
1.0,1.0,0.6576888655052995,,,
0.0,0.0,0.4359466688755867,,,
1.0,0.0,0.4954346887590833,,,
0.0,0.0,0.446250113932607,,,
1.0,1.0,0.5211053116165597,,,
0.0,0.0,0.44964944519745337,,,
0.0,0.0,0.4229233247367178,,,
0.0,0.0,0.4637500496199983,,,
1.0,0.0,0.45625982901302964,,,
0.0,0.0,0.407198209871244,,,
0.0,0.0,0.3280281114485926,,,
1.0,1.0,0.6020022464325576,,,
0.0,0.0,0.46237813131757266,,,
0.0,0.0,0.38022495614761803,,,
0.0,0.0,0.38336499703196214,,,
0.0,0.0,0.376456441081744,,,
1.0,1.0,0.5181089203424433,,,
1.0,0.0,0.49718731434961816,,,
1.0,0.0,0.490812512193656,,,
0.0,0.0,0.4422719725849939,,,
1.0,1.0,0.5936484016880907,,,
0.0,0.0,0.4259140911734235,,,
0.0,0.0,0.3811037245188138,,,
1.0,0.0,0.4794344418959771,,,
0.0,0.0,0.3474953404707387,,,
0.0,0.0,0.4457157621531978,,,
1.0,0.0,0.4531967054980214,,,
1.0,1.0,0.5085350514050396,,,
0.0,0.0,0.4346300354275333,,,
1.0,1.0,0.6257868513253583,,,
1.0,1.0,0.555052461821697,,,
0.0,0.0,0.42724713915481094,,,
1.0,1.0,0.7143556630005999,,,
1.0,1.0,0.5329770159594801,,,
0.0,0.0,0.442304821340051,,,
1.0,1.0,0.5749383907992297,,,
0.0,0.0,0.4457319958791042,,,
0.0,0.0,0.4533879684528509,,,
1.0,0.0,0.46844541473126955,,,
1.0,0.0,0.4649104211127488,,,
0.0,0.0,0.41812475801866317,,,
0.0,1.0,0.5043922340533701,,,
1.0,0.0,0.4365030109630679,,,
0.0,1.0,0.529080080602661,,,
0.0,0.0,0.46646872526333255,,,
0.0,0.0,0.3705938927272071,,,
1.0,1.0,0.5245978191082461,,,
1.0,1.0,0.6266228756277439,,,
0.0,1.0,0.5894411915462299,,,
1.0,1.0,0.5769834477641911,,,
0.0,0.0,0.38293821553153434,,,
0.0,0.0,0.41888975983830773,,,
0.0,0.0,0.37682316324145193,,,
1.0,0.0,0.45974251227975194,,,
1.0,1.0,0.5387174889844294,,,
0.0,0.0,0.34791060760935955,,,
1.0,1.0,0.5069443992987592,,,
0.0,0.0,0.4195918046273582,,,
0.0,0.0,0.45695539116317335,,,
0.0,0.0,0.4526030633592843,,,
1.0,1.0,0.6990523924366148,,,
1.0,0.0,0.4518905917651613,,,
0.0,0.0,0.3660524244967483,,,
1.0,0.0,0.48279995065525494,,,
1.0,0.0,0.42901817410974613,,,
1.0,1.0,0.5262910493420068,,,
0.0,0.0,0.4406668068088351,,,
1.0,0.0,0.4296697718458981,,,
1.0,0.0,0.4751587001710857,,,
0.0,0.0,0.3628571247035581,,,
1.0,1.0,0.6537151513663098,,,
1.0,0.0,0.3754184777310968,,,
0.0,0.0,0.4798874001749712,,,
0.0,0.0,0.37728542902863393,,,
1.0,0.0,0.45037632574313496,,,
0.0,0.0,0.3871157816566518,,,
1.0,1.0,0.5815793994797692,,,
1.0,1.0,0.5131427740172539,,,
1.0,1.0,0.5008835022811358,,,
1.0,1.0,0.5259419541782145,,,
0.0,0.0,0.39914358826354585,,,
0.0,0.0,0.4261254525849312,,,
0.0,0.0,0.37505921829242045,,,
0.0,0.0,0.4386463696342462,,,
1.0,0.0,0.384726752045933,,,
1.0,1.0,0.5281185353938244,,,
0.0,0.0,0.40114098524395586,,,
0.0,0.0,0.473175113226512,,,
1.0,0.0,0.43169142310847275,,,
0.0,0.0,0.3648339923222725,,,
0.0,0.0,0.48221006616075773,,,
0.0,0.0,0.4443349816092631,,,
1.0,1.0,0.5151552952916245,,,
1.0,1.0,0.5884673576741832,,,
1.0,0.0,0.43772982439846025,,,
1.0,1.0,0.6115635352024684,,,
1.0,1.0,0.5588692711326341,,,
0.0,1.0,0.5403044474904201,,,
1.0,0.0,0.49041530043774323,,,
0.0,0.0,0.4890479116585556,,,
0.0,0.0,0.3779536875736169,,,
1.0,0.0,0.3956855298444297,,,
0.0,0.0,0.4373781894135856,,,
1.0,1.0,0.547512577818574,,,
0.0,0.0,0.3903137220749805,,,
0.0,0.0,0.41306129062615654,,,
1.0,1.0,0.6543227774711956,,,
1.0,0.0,0.35541000458611155,,,
0.0,0.0,0.3797211467354449,,,
0.0,0.0,0.4054662854496073,,,
1.0,0.0,0.4489249631142289,,,
1.0,0.0,0.4719162764237885,,,
1.0,0.0,0.4648351472745941,,,
1.0,0.0,0.44751541328310723,,,
0.0,0.0,0.47984945250132105,,,
1.0,1.0,0.6825568550022453,,,
1.0,1.0,0.5350939808001384,,,
1.0,1.0,0.522127055918558,,,
0.0,0.0,0.40335478938206853,,,
0.0,0.0,0.34333811263339636,,,
0.0,0.0,0.44986319279101505,,,
0.0,1.0,0.5027989648793932,,,
1.0,0.0,0.4057001773654238,,,
0.0,0.0,0.43385319905748343,,,
1.0,1.0,0.5567565925972984,,,
0.0,0.0,0.41153404956376527,,,
1.0,0.0,0.43914120974138654,,,
1.0,0.0,0.4636029624609172,,,
0.0,0.0,0.414345526414765,,,
1.0,1.0,0.5173037621701053,,,
1.0,1.0,0.5235981699724973,,,
1.0,0.0,0.4422079413557924,,,
1.0,1.0,0.5488924933182732,,,
0.0,0.0,0.38999442806187806,,,
0.0,0.0,0.4207199991801753,,,
1.0,0.0,0.4770911417843863,,,
0.0,0.0,0.36480255804563316,,,
0.0,0.0,0.4640688497697671,,,
1.0,1.0,0.5117747664769402,,,
1.0,0.0,0.38966072432885906,,,
1.0,0.0,0.421197498255603,,,
1.0,0.0,0.46645170539883124,,,
0.0,0.0,0.43045082953586544,,,
1.0,1.0,0.7128452387700491,,,
0.0,0.0,0.3876913476476468,,,
1.0,1.0,0.5764531025485932,,,
0.0,0.0,0.3776604029008135,,,
0.0,0.0,0.4117575029658384,,,
0.0,0.0,0.4972537488231071,,,
1.0,0.0,0.44308832471019244,,,
1.0,1.0,0.5378865509068825,,,
0.0,0.0,0.4153754372951414,,,
1.0,1.0,0.5280267471776892,,,
1.0,1.0,0.5174468787133181,,,
0.0,0.0,0.49642918301167893,,,
0.0,0.0,0.4055993860945278,,,
0.0,0.0,0.3943811732518244,,,
1.0,0.0,0.42001364882857734,,,
1.0,0.0,0.4059699442145374,,,
0.0,0.0,0.3838897037235774,,,
0.0,0.0,0.4759600886266476,,,
0.0,0.0,0.39337363077048704,,,
0.0,0.0,0.4610354269851056,,,
0.0,0.0,0.49141164366655893,,,
0.0,0.0,0.4443092825995769,,,
0.0,0.0,0.45462325566525436,,,
1.0,1.0,0.6566831770856415,,,
1.0,0.0,0.4662807507828381,,,
0.0,0.0,0.41481924748631815,,,
0.0,0.0,0.39750188386874624,,,
0.0,0.0,0.4018409711661785,,,
1.0,0.0,0.48135349043593273,,,
0.0,0.0,0.42779865540901485,,,
0.0,0.0,0.4115350301506954,,,
1.0,1.0,0.5332894657519692,,,
0.0,0.0,0.4300423572980905,,,
0.0,0.0,0.42268309183879155,,,
1.0,1.0,0.5175069270216572,,,
1.0,1.0,0.6999719958775688,,,
1.0,1.0,0.6950993825631896,,,
0.0,1.0,0.514226265980414,,,
1.0,1.0,0.5678886428151397,,,
1.0,1.0,0.533794086778764,,,
0.0,0.0,0.3867448614906939,,,
1.0,1.0,0.5388541055807368,,,
0.0,0.0,0.4161489764242005,,,
1.0,0.0,0.42380762180333514,,,
0.0,0.0,0.4105391340906666,,,
1.0,1.0,0.7105265060690833,,,
0.0,0.0,0.4257187567194392,,,
0.0,0.0,0.3966445762471502,,,
1.0,1.0,0.5384487351367375,,,
0.0,0.0,0.4348038917899541,,,
1.0,0.0,0.4555979282272462,,,
1.0,1.0,0.6922989576312284,,,
0.0,0.0,0.43376042939277115,,,
1.0,1.0,0.5449406133811734,,,
1.0,0.0,0.4020947202827237,,,
1.0,0.0,0.45893590635851467,,,
0.0,0.0,0.4881428251777396,,,
1.0,0.0,0.4292815647244932,,,
1.0,1.0,0.5461856641330278,,,
1.0,0.0,0.4096586631314298,,,
0.0,0.0,0.3544753674688224,,,
1.0,1.0,0.5501438917185908,,,
1.0,1.0,0.764080186253935,,,
1.0,0.0,0.4874375211578733,,,
0.0,0.0,0.4665038710759115,,,
0.0,0.0,0.4100186180729334,,,
1.0,1.0,0.5114819414666663,,,
0.0,0.0,0.49900908739254785,,,
1.0,1.0,0.5336400534287563,,,
0.0,0.0,0.4855357205420484,,,
1.0,1.0,0.5699253291341286,,,
1.0,1.0,0.5189433416349697,,,
1.0,0.0,0.4560672791546597,,,
0.0,0.0,0.4891479861078278,,,
0.0,0.0,0.40840695267421584,,,
1.0,0.0,0.4595752024610921,,,
1.0,1.0,0.5016316336157943,,,
1.0,1.0,0.5916166503478251,,,
0.0,0.0,0.4499263549632582,,,
0.0,0.0,0.4895861426374257,,,
0.0,0.0,0.4566845359714559,,,
1.0,1.0,0.5278495445758851,,,
0.0,0.0,0.3618369119685753,,,
0.0,1.0,0.5133928997694361,,,
1.0,1.0,0.7754890410256857,,,
0.0,0.0,0.44790063055407886,,,
1.0,1.0,0.5697018437009708,,,
1.0,0.0,0.48673331674558895,,,
1.0,1.0,0.5593900826794322,,,
0.0,0.0,0.4825117662133202,,,
1.0,1.0,0.6229650333453185,,,
1.0,1.0,0.5707696396881646,,,
0.0,0.0,0.4360978563109353,,,
0.0,0.0,0.43415396490995173,,,
0.0,0.0,0.46995619339931743,,,
0.0,0.0,0.45427925403016745,,,
1.0,1.0,0.6467235023782434,,,
1.0,1.0,0.5071745968623368,,,
0.0,0.0,0.459108864814777,,,
0.0,0.0,0.41604130332230405,,,
1.0,1.0,0.5491338523282927,,,
1.0,1.0,0.6437447097483514,,,
1.0,1.0,0.6140363286388256,,,
0.0,0.0,0.4400257190100742,,,
0.0,0.0,0.4205753631202116,,,
1.0,1.0,0.5463457881286569,,,
0.0,0.0,0.3797968124290062,,,
1.0,0.0,0.49898925110731696,,,
1.0,1.0,0.5482443487822323,,,
0.0,0.0,0.4617271121568517,,,
1.0,1.0,0.7693281552670973,,,
1.0,1.0,0.6895224991567805,,,
0.0,0.0,0.47654058444142544,,,
1.0,1.0,0.513668263402639,,,
1.0,1.0,0.5633412883764476,,,
1.0,0.0,0.4891224212101575,,,
1.0,0.0,0.45115665642183095,,,
0.0,0.0,0.45263787596659366,,,
1.0,0.0,0.4888099301285426,,,
0.0,0.0,0.4891238456338322,,,
0.0,0.0,0.414093823211853,,,
1.0,1.0,0.6113300630477637,,,
1.0,0.0,0.42754054991397494,,,
0.0,0.0,0.45655633586298544,,,
0.0,0.0,0.48501839476585734,,,
1.0,0.0,0.4682692351267065,,,
1.0,1.0,0.7944714813207424,,,
1.0,1.0,0.5042418761098694,,,
0.0,0.0,0.423071906928522,,,
1.0,1.0,0.674416543494637,,,
1.0,1.0,0.5951916616707461,,,
1.0,0.0,0.43416856893735256,,,
1.0,0.0,0.4313160401557013,,,
0.0,0.0,0.4424348855096966,,,
0.0,0.0,0.46493151079433276,,,
0.0,0.0,0.37169564328873755,,,
1.0,1.0,0.6437297343236,,,
1.0,0.0,0.42228999172717463,,,
0.0,0.0,0.43323041256413725,,,
1.0,0.0,0.4645679036938438,,,
0.0,0.0,0.4840748327164511,,,
0.0,0.0,0.49882707996372516,,,
1.0,1.0,0.5308840688499017,,,
0.0,0.0,0.33509026712160306,,,
1.0,1.0,0.5336234611137782,,,
0.0,0.0,0.413681809623824,,,
1.0,0.0,0.44215788974335685,,,
0.0,0.0,0.43098651930943727,,,
0.0,0.0,0.4192282919486556,,,
0.0,0.0,0.43880589356430527,,,
1.0,1.0,0.500609210072901,,,
0.0,0.0,0.36904980413744665,,,
0.0,0.0,0.3477413837679887,,,
1.0,0.0,0.3900442261952846,,,
1.0,0.0,0.47294797261451443,,,
0.0,0.0,0.28332336512707545,,,
0.0,0.0,0.41716260172931424,,,
1.0,1.0,0.5438357432056139,,,
0.0,0.0,0.4918009410033331,,,
0.0,0.0,0.3777482863231816,,,
0.0,0.0,0.383731115345635,,,
1.0,1.0,0.5819907100375502,,,
0.0,0.0,0.4213460637196791,,,
1.0,0.0,0.3933229979487412,,,
1.0,1.0,0.545596613688581,,,
1.0,0.0,0.4696631238841443,,,
0.0,1.0,0.5425461946246919,,,
1.0,0.0,0.46913292050361854,,,
0.0,0.0,0.4756735663132054,,,
1.0,1.0,0.5553651706148263,,,
0.0,0.0,0.40856424642763256,,,
1.0,1.0,0.708172184962344,,,
1.0,0.0,0.44909153335361873,,,
1.0,1.0,0.5225995784934879,,,
0.0,0.0,0.33984105914096263,,,
0.0,0.0,0.46232493991199064,,,
1.0,0.0,0.3958454950330637,,,
0.0,0.0,0.32561849342663435,,,
0.0,0.0,0.4177065179711161,,,
0.0,0.0,0.43784660844432505,,,
0.0,1.0,0.5239037421969682,,,
1.0,0.0,0.4936561780441923,,,
1.0,1.0,0.5926016005072443,,,
1.0,1.0,0.5029495832385864,,,
1.0,1.0,0.5340149970210495,,,
1.0,0.0,0.4383848060346738,,,
0.0,0.0,0.47041584727135416,,,
1.0,0.0,0.4604279462886718,,,
0.0,1.0,0.5251138127647269,,,
0.0,0.0,0.457923314723069,,,
0.0,1.0,0.5099970710325723,,,
0.0,0.0,0.38805947181069744,,,
0.0,0.0,0.4078553691907518,,,
0.0,0.0,0.40034818977602055,,,
0.0,0.0,0.4775249784642936,,,
0.0,0.0,0.4433777656264649,,,
0.0,0.0,0.42909276923326767,,,
0.0,1.0,0.5544579080500005,,,
1.0,0.0,0.47531329254014676,,,
0.0,0.0,0.41488786276345413,,,
0.0,0.0,0.4528873023329645,,,
0.0,0.0,0.43840254389286437,,,
1.0,1.0,0.5151952786118444,,,
0.0,0.0,0.42700008886000135,,,
0.0,0.0,0.3943519639379872,,,
0.0,0.0,0.41426249806018256,,,
0.0,0.0,0.4581477776251957,,,
0.0,0.0,0.40142973356673517,,,
0.0,0.0,0.3963057076923579,,,
0.0,0.0,0.44609962027258,,,
0.0,0.0,0.30172063060241433,,,
0.0,1.0,0.5218227954465946,,,
1.0,1.0,0.523804017258982,,,
1.0,1.0,0.5896473832118793,,,
0.0,1.0,0.5678114337382137,,,
1.0,0.0,0.42732254298337263,,,
1.0,1.0,0.5191389317767081,,,
1.0,1.0,0.5129804307372132,,,
0.0,1.0,0.5267238378018041,,,
1.0,0.0,0.4780665743113531,,,
1.0,0.0,0.4959477765713892,,,
0.0,0.0,0.4149974862442117,,,
0.0,0.0,0.39521073630812925,,,
0.0,0.0,0.3802863018861129,,,
0.0,0.0,0.39450556666684267,,,
1.0,1.0,0.7836263123456633,,,
0.0,0.0,0.42232512371715053,,,
1.0,1.0,0.5000158146194471,,,
0.0,0.0,0.4651562015819324,,,
1.0,1.0,0.5088203455773034,,,
1.0,0.0,0.4808726276153291,,,
1.0,1.0,0.6014371080929627,,,
1.0,1.0,0.6728463887353165,,,
0.0,0.0,0.3832105098816087,,,
1.0,0.0,0.4690752738865752,,,
0.0,0.0,0.4257818509274122,,,
1.0,1.0,0.6912971113988697,,,
0.0,0.0,0.47252570541069544,,,
0.0,0.0,0.3699419611753703,,,
0.0,1.0,0.5322240047935557,,,
0.0,0.0,0.4459022805717631,,,
1.0,0.0,0.46802951100712886,,,
1.0,0.0,0.4310441066333728,,,
0.0,0.0,0.43023288129208165,,,
0.0,0.0,0.4109716899943065,,,
0.0,0.0,0.4846137896738003,,,
1.0,1.0,0.7221850093098162,,,
0.0,0.0,0.3883862079248403,,,
1.0,0.0,0.46498522622143285,,,
0.0,0.0,0.3867394621782511,,,
1.0,1.0,0.5292620680182545,,,
0.0,0.0,0.47656291733619743,,,
0.0,0.0,0.4335433281773358,,,
1.0,1.0,0.6106993587089138,,,
0.0,0.0,0.4382307453655871,,,
0.0,0.0,0.3115409769480151,,,
0.0,0.0,0.41995263741033173,,,
0.0,0.0,0.4555343002777978,,,
0.0,1.0,0.544856830943187,,,
1.0,1.0,0.5309680298140105,,,
0.0,0.0,0.4566328985870247,,,
0.0,0.0,0.40428602559927534,,,
0.0,0.0,0.49060948148298605,,,
1.0,0.0,0.46306218821984413,,,
0.0,0.0,0.38928755891707184,,,
0.0,0.0,0.4183568458980172,,,
0.0,1.0,0.5536921858794432,,,
0.0,1.0,0.5837357169592231,,,
0.0,0.0,0.3568626114992886,,,
0.0,0.0,0.43166844554605605,,,
0.0,0.0,0.417813407665816,,,
0.0,0.0,0.43006416685388804,,,
0.0,0.0,0.43032828829126496,,,
1.0,0.0,0.45595441429149886,,,
1.0,0.0,0.47452138573747593,,,
1.0,1.0,0.5717378122785982,,,
1.0,1.0,0.5577114728105093,,,
0.0,0.0,0.38914669089136483,,,
1.0,0.0,0.40943452157419563,,,
0.0,0.0,0.4306797751856023,,,
0.0,0.0,0.3321325702874247,,,
1.0,1.0,0.5270262038324779,,,
0.0,0.0,0.4508868595881427,,,
1.0,0.0,0.4803761028502536,,,
0.0,0.0,0.469887913388311,,,
1.0,0.0,0.4278166811128867,,,
0.0,0.0,0.42541889143023676,,,
0.0,0.0,0.4439890283759687,,,
1.0,1.0,0.72237030389298,,,
0.0,0.0,0.4104369264259296,,,
1.0,1.0,0.6980472591338632,,,
1.0,1.0,0.533919541212078,,,
0.0,0.0,0.4443119930674338,,,
1.0,1.0,0.5141154893930191,,,
1.0,0.0,0.4694523980352779,,,
0.0,0.0,0.4500190687630056,,,
1.0,0.0,0.4256631591904184,,,
0.0,0.0,0.44988347152041985,,,
0.0,0.0,0.39488311731853376,,,
1.0,1.0,0.7904600449070305,,,
0.0,0.0,0.38624902124220967,,,
0.0,0.0,0.44871890116454677,,,
1.0,0.0,0.4485972615121379,,,
0.0,0.0,0.42201678633125156,,,
0.0,0.0,0.43037273806598336,,,
1.0,0.0,0.4503622995013904,,,
0.0,0.0,0.4428351882045686,,,
1.0,1.0,0.5044332925472887,,,
0.0,0.0,0.35788101663159166,,,
0.0,0.0,0.42935414305159364,,,
1.0,0.0,0.39082780638161635,,,
0.0,0.0,0.4799526532017368,,,
1.0,0.0,0.4706497730046834,,,
1.0,1.0,0.7839990645474317,,,
1.0,1.0,0.6598961181195614,,,
1.0,1.0,0.5994007886314756,,,
0.0,0.0,0.37258676905974486,,,
1.0,0.0,0.49232185211023716,,,
0.0,1.0,0.5668900656195127,,,
0.0,0.0,0.37988933307797496,,,
1.0,0.0,0.44821497594750853,,,
1.0,1.0,0.5393700824509012,,,
1.0,1.0,0.6261705384790694,,,
0.0,1.0,0.6128770331570222,,,
0.0,0.0,0.34749798613461996,,,
1.0,1.0,0.5347204148846607,,,
1.0,0.0,0.4355912422497541,,,
1.0,0.0,0.47554851052018393,,,
0.0,0.0,0.45434776721085407,,,
0.0,0.0,0.40400887252885814,,,
0.0,0.0,0.4609493690887697,,,
1.0,1.0,0.5495890935608646,,,
0.0,0.0,0.48010936197642096,,,
1.0,0.0,0.395308845238167,,,
0.0,0.0,0.4238403808481693,,,
0.0,0.0,0.37455052652122156,,,
1.0,1.0,0.6202354808265231,,,
1.0,1.0,0.5763552733270699,,,
0.0,0.0,0.42627488210066095,,,
1.0,0.0,0.39844708325077477,,,
0.0,0.0,0.3856395729261447,,,
0.0,1.0,0.5184636484254269,,,
0.0,0.0,0.44612372320979826,,,
1.0,0.0,0.47470020466116003,,,
1.0,1.0,0.5681849480502288,,,
0.0,0.0,0.44790127585719247,,,
1.0,1.0,0.6217274949177322,,,
1.0,1.0,0.529235619707592,,,
1.0,0.0,0.45105951494485225,,,
0.0,0.0,0.45375347486641626,,,
0.0,0.0,0.44150387555412174,,,
1.0,1.0,0.5577830311868743,,,
0.0,0.0,0.3719457997180383,,,
0.0,0.0,0.4078193297997637,,,
1.0,1.0,0.5075350163513178,,,
1.0,1.0,0.5010301190537777,,,
0.0,0.0,0.4648419129423036,,,
1.0,1.0,0.5519355011974743,,,
0.0,0.0,0.36062629160968707,,,
1.0,1.0,0.5480309143935991,,,
0.0,1.0,0.5154831264833637,,,
0.0,0.0,0.40445402346961146,,,
1.0,0.0,0.417272947309328,,,
0.0,0.0,0.4299796186049085,,,
1.0,1.0,0.6052888614019618,,,
1.0,0.0,0.40642944519666074,,,
0.0,0.0,0.4293657110839927,,,
0.0,0.0,0.4449873808814177,,,
1.0,1.0,0.539142444027067,,,
0.0,0.0,0.3776803512896789,,,
0.0,0.0,0.4736311744266902,,,
0.0,0.0,0.48449049116336007,,,
0.0,0.0,0.476237195960263,,,
0.0,0.0,0.4059059951737697,,,
0.0,0.0,0.4571425674183767,,,
0.0,0.0,0.39246729688716947,,,
0.0,0.0,0.4590698071026193,,,
0.0,0.0,0.407198209871244,,,
1.0,0.0,0.36917723880737213,,,
1.0,1.0,0.63849269261234,,,
0.0,0.0,0.44086937359279127,,,
0.0,0.0,0.42913575091133954,,,
0.0,1.0,0.5058028951276535,,,
0.0,0.0,0.4864617633353291,,,
0.0,0.0,0.4460075817080772,,,
0.0,0.0,0.35468359203257344,,,
1.0,1.0,0.6288800750144067,,,
1.0,0.0,0.44994678845196523,,,
1.0,1.0,0.5288296918254708,,,
0.0,0.0,0.4909642971022401,,,
0.0,1.0,0.5564638519504522,,,
1.0,0.0,0.4902039191270475,,,
1.0,0.0,0.4803730169509076,,,
0.0,0.0,0.4173450983029225,,,
1.0,0.0,0.4047976555593011,,,
1.0,0.0,0.42508022708188337,,,
0.0,0.0,0.439564930835395,,,
0.0,0.0,0.40435717787611275,,,
0.0,0.0,0.4821222877857964,,,
0.0,0.0,0.447356443889598,,,
1.0,0.0,0.41206110347052655,,,
1.0,0.0,0.4996823859012498,,,
0.0,0.0,0.39770449133661523,,,
1.0,1.0,0.7944658854697095,,,
0.0,0.0,0.35242367539943054,,,
1.0,0.0,0.4526780895775662,,,
0.0,0.0,0.37030962087893204,,,
1.0,1.0,0.7137988021271141,,,
0.0,0.0,0.42203868132264966,,,
1.0,1.0,0.5456689573973157,,,
1.0,1.0,0.5490130000316435,,,
1.0,0.0,0.4783613831765974,,,
0.0,0.0,0.4722526472838534,,,
0.0,0.0,0.4167704629620004,,,
0.0,0.0,0.3775359409740515,,,
1.0,1.0,0.5500632391216783,,,
1.0,0.0,0.49897528990006784,,,
1.0,0.0,0.4781503253992479,,,
0.0,0.0,0.401474977250231,,,
0.0,0.0,0.4936210500114456,,,
0.0,0.0,0.4467760799863173,,,
1.0,1.0,0.5245011784044451,,,
1.0,1.0,0.5767386793457395,,,
1.0,1.0,0.6822988736789429,,,
1.0,1.0,0.5193528376069092,,,
0.0,0.0,0.4174938897669787,,,
1.0,1.0,0.5192572531946359,,,
1.0,0.0,0.49011859080558734,,,
1.0,1.0,0.6214680695052289,,,
1.0,0.0,0.42285943756194116,,,
1.0,1.0,0.537783512945324,,,
1.0,1.0,0.5189597926341153,,,
0.0,0.0,0.4612631745455423,,,
1.0,1.0,0.5053376684653708,,,
1.0,1.0,0.5262562827851499,,,
0.0,0.0,0.46497443013191764,,,
0.0,0.0,0.3522682255462644,,,
0.0,0.0,0.4256729039782562,,,
0.0,0.0,0.4574372314441541,,,
0.0,0.0,0.3818997195320351,,,
0.0,0.0,0.4577015137140627,,,
1.0,1.0,0.7280024423201044,,,
0.0,0.0,0.44789316807626495,,,
1.0,1.0,0.5214247851405797,,,
0.0,0.0,0.2692846967945406,,,
0.0,1.0,0.500104717029595,,,
1.0,1.0,0.6494080565939124,,,
0.0,0.0,0.4241575991019684,,,
1.0,1.0,0.586824399362735,,,
0.0,0.0,0.42614785040008446,,,
1.0,1.0,0.5339684106145796,,,
0.0,0.0,0.4483566440870411,,,
0.0,0.0,0.4044959018454479,,,
0.0,0.0,0.400674267805294,,,
1.0,1.0,0.6389878999029601,,,
1.0,0.0,0.45011540560760716,,,
1.0,1.0,0.563601181104322,,,
0.0,0.0,0.427568381044275,,,
0.0,0.0,0.4556938413960834,,,
1.0,1.0,0.7636862034420644,,,
1.0,0.0,0.4852367828995887,,,
1.0,1.0,0.5157879623832626,,,
0.0,0.0,0.46617042823186117,,,
0.0,1.0,0.5038958014880665,,,
1.0,0.0,0.47674375495938265,,,
1.0,1.0,0.6052453179002253,,,
1.0,0.0,0.4359533374012215,,,
0.0,0.0,0.3889119448547756,,,
0.0,0.0,0.44247640759315715,,,
0.0,0.0,0.41043033444026056,,,
1.0,1.0,0.7685581660555677,,,
1.0,0.0,0.4009697328053175,,,
1.0,0.0,0.4941112420390682,,,
1.0,1.0,0.5305475450487109,,,
0.0,0.0,0.4433597835843501,,,
1.0,1.0,0.5588071744974927,,,
1.0,0.0,0.4984984722397758,,,
0.0,0.0,0.44641958559311473,,,
0.0,0.0,0.3941486427227115,,,
0.0,0.0,0.49099602098062495,,,
1.0,0.0,0.4378739964987583,,,
0.0,0.0,0.3825254516520658,,,
0.0,0.0,0.36328755013751846,,,
1.0,1.0,0.5857198601997967,,,
1.0,1.0,0.7590379174707363,,,
1.0,0.0,0.44724222617834575,,,
0.0,0.0,0.3889119448547756,,,
0.0,0.0,0.47326593754545976,,,
0.0,0.0,0.3923597382614972,,,
0.0,1.0,0.5476920399605167,,,
1.0,1.0,0.5457612785518436,,,
1.0,1.0,0.5024367529737829,,,
1.0,1.0,0.6445551495611639,,,
1.0,1.0,0.5952576865867111,,,
0.0,0.0,0.34875790371764614,,,
0.0,1.0,0.5357350772806312,,,
0.0,1.0,0.501618606894339,,,
0.0,0.0,0.4100496927733049,,,
1.0,1.0,0.5802151290608939,,,
1.0,1.0,0.5550506759630789,,,
0.0,0.0,0.3552000325264686,,,
1.0,0.0,0.3996012140615937,,,
0.0,0.0,0.4862850945268028,,,
1.0,0.0,0.4927510823007217,,,
0.0,0.0,0.4202442789296192,,,
1.0,0.0,0.43427075781146085,,,
1.0,0.0,0.382870960595041,,,
0.0,0.0,0.4942881800695678,,,
0.0,0.0,0.48581580739028396,,,
1.0,1.0,0.7772903990972987,,,
1.0,1.0,0.6234128967747353,,,
0.0,0.0,0.34876386436105056,,,
0.0,0.0,0.4502258733751811,,,
0.0,0.0,0.4012192248736389,,,
0.0,0.0,0.4229404711069461,,,
1.0,0.0,0.431313037085903,,,
0.0,0.0,0.3726275084718357,,,
0.0,0.0,0.44202549811353165,,,
0.0,0.0,0.4573282080017446,,,
1.0,1.0,0.6301673207986891,,,
1.0,1.0,0.5438530272348808,,,
0.0,0.0,0.435226594326835,,,
1.0,0.0,0.45259821344747797,,,
1.0,1.0,0.5263420342672966,,,
0.0,0.0,0.4430694693351348,,,
1.0,0.0,0.4709105284162704,,,
1.0,1.0,0.5411513503550318,,,
0.0,0.0,0.3434301734365047,,,
0.0,0.0,0.38546788407345683,,,
0.0,0.0,0.36913462267207114,,,
0.0,0.0,0.4915501019030044,,,
0.0,1.0,0.5256380928107478,,,
0.0,0.0,0.3824726970351166,,,
0.0,0.0,0.45458312915481053,,,
1.0,1.0,0.5011481650381457,,,
1.0,0.0,0.4535639127896026,,,
1.0,0.0,0.3649443858912633,,,
0.0,0.0,0.3663806444306783,,,
0.0,0.0,0.4882890297947619,,,
1.0,1.0,0.5498849363884618,,,
0.0,0.0,0.4861952929234953,,,
1.0,1.0,0.724319746175171,,,
0.0,0.0,0.4616411156415026,,,
1.0,1.0,0.6124992733252805,,,
1.0,1.0,0.5451923163795598,,,
0.0,0.0,0.3720040866732252,,,
0.0,0.0,0.4132354394773824,,,
1.0,0.0,0.4230670558057475,,,
1.0,0.0,0.4076215490756395,,,
0.0,0.0,0.4843699843493451,,,
0.0,0.0,0.4946399734460759,,,
1.0,0.0,0.4299685117066767,,,
1.0,1.0,0.5018187161052983,,,
0.0,0.0,0.3620726237344529,,,
1.0,0.0,0.4503174841029132,,,
1.0,0.0,0.47209901418138706,,,
0.0,0.0,0.48605006367958703,,,
0.0,0.0,0.46039435909654025,,,
0.0,0.0,0.45705477774119196,,,
1.0,1.0,0.6620787092506625,,,
0.0,0.0,0.47540290045182143,,,
0.0,0.0,0.39391128605439296,,,
1.0,1.0,0.5794901258794857,,,
1.0,0.0,0.43834811754267494,,,
1.0,1.0,0.537106803227204,,,
1.0,1.0,0.541959992709693,,,
0.0,0.0,0.4608608213075764,,,
0.0,0.0,0.4494923452905312,,,
1.0,0.0,0.4658725007243238,,,
1.0,0.0,0.47319636703427587,,,
1.0,0.0,0.445828911624336,,,
0.0,0.0,0.4438696688358818,,,
1.0,1.0,0.6194144398729897,,,
1.0,0.0,0.4488015116005363,,,
1.0,1.0,0.5134692874129646,,,
0.0,0.0,0.44635628620535367,,,
1.0,1.0,0.7019960570738845,,,
0.0,0.0,0.41575577220393645,,,
0.0,0.0,0.3820853397311265,,,
0.0,0.0,0.4208642750436341,,,
0.0,0.0,0.46918972784579877,,,
0.0,0.0,0.4684273993873388,,,
1.0,0.0,0.4751269826053652,,,
1.0,1.0,0.5686738888533748,,,
1.0,1.0,0.5804278366134851,,,
1.0,0.0,0.43109212907555144,,,
1.0,1.0,0.5759281898780415,,,
1.0,0.0,0.4868130777130217,,,
0.0,1.0,0.5875731407282349,,,
0.0,0.0,0.42452795955363193,,,
1.0,1.0,0.5172842123309765,,,
0.0,0.0,0.4117831670542963,,,
0.0,0.0,0.40395187564605894,,,
0.0,0.0,0.399105704899311,,,
1.0,0.0,0.43713906150389886,,,
1.0,0.0,0.45970082193786876,,,
0.0,0.0,0.37038826132317126,,,
0.0,0.0,0.4296799620442649,,,
1.0,0.0,0.48110225687421837,,,
0.0,0.0,0.45655963297428503,,,
1.0,1.0,0.5170387447970562,,,
0.0,0.0,0.37549901800125224,,,
0.0,0.0,0.4612213085634371,,,
0.0,0.0,0.4967896924024644,,,
0.0,0.0,0.47274597750577874,,,
0.0,0.0,0.4571806306912675,,,
1.0,1.0,0.5764310522793971,,,
1.0,0.0,0.49330632142870373,,,
1.0,1.0,0.5020309333776799,,,
0.0,0.0,0.37008334500296264,,,
1.0,0.0,0.42536688924112,,,
0.0,0.0,0.3768546937428994,,,
0.0,0.0,0.4018409711661785,,,
1.0,1.0,0.5263220235548424,,,
0.0,0.0,0.4317013187543011,,,
1.0,0.0,0.4417431881367033,,,
0.0,1.0,0.5367136714864127,,,
1.0,1.0,0.5934588314871704,,,
1.0,1.0,0.5514281250404788,,,
1.0,0.0,0.4637785333643586,,,
0.0,1.0,0.5005396556059799,,,
1.0,1.0,0.6191305197255463,,,
1.0,1.0,0.7692362381740879,,,
1.0,1.0,0.5547851077064178,,,
1.0,1.0,0.6580022125992702,,,
1.0,1.0,0.5828807302631952,,,
0.0,0.0,0.4041372308961132,,,
0.0,0.0,0.41834057675808434,,,
1.0,1.0,0.552142022372887,,,
1.0,0.0,0.4485332544188997,,,
1.0,1.0,0.5570575871145266,,,
0.0,0.0,0.4361231536447897,,,
1.0,0.0,0.48169770142767404,,,
0.0,0.0,0.41969897922746363,,,
0.0,0.0,0.4507043136133866,,,
1.0,0.0,0.4805538682073208,,,
0.0,0.0,0.41863230548162733,,,
1.0,1.0,0.5507990835527449,,,
1.0,1.0,0.5104700691733215,,,
0.0,1.0,0.5330317290160886,,,
1.0,1.0,0.516382742314566,,,
0.0,0.0,0.42647124075592513,,,
1.0,1.0,0.5363068534494602,,,
1.0,1.0,0.5046280440233991,,,
0.0,0.0,0.42378610537485323,,,
1.0,1.0,0.5081401998713777,,,
1.0,1.0,0.5212805897434567,,,
0.0,0.0,0.4048960823581945,,,
0.0,0.0,0.39961501386714665,,,
1.0,1.0,0.5540925042957386,,,
0.0,0.0,0.39321381153798945,,,
0.0,0.0,0.46400784730229133,,,
1.0,0.0,0.49947607474567834,,,
0.0,0.0,0.4650855049605328,,,
0.0,0.0,0.4305459381292876,,,
0.0,0.0,0.4112330005294685,,,
1.0,0.0,0.43581196322502047,,,
0.0,0.0,0.4313613496662393,,,
0.0,0.0,0.464839621276377,,,
0.0,0.0,0.4539932005258234,,,
0.0,0.0,0.40224128022872047,,,
0.0,0.0,0.42255422838177925,,,
0.0,1.0,0.5196829704189285,,,
0.0,0.0,0.39241462967653956,,,
0.0,0.0,0.436808528155903,,,
1.0,0.0,0.4664064186030911,,,
1.0,1.0,0.6066026893827755,,,
0.0,1.0,0.5244030237852206,,,
0.0,0.0,0.3562924120450079,,,
1.0,1.0,0.5813828854658006,,,
0.0,0.0,0.40086155990326644,,,
1.0,1.0,0.6418615490238554,,,
0.0,1.0,0.5939858041526774,,,
0.0,0.0,0.49697232971870214,,,
0.0,0.0,0.4136244457081617,,,
1.0,1.0,0.5459762848617098,,,
0.0,0.0,0.3845217341497748,,,
1.0,1.0,0.5739156051465288,,,
0.0,0.0,0.40203735297779125,,,
1.0,1.0,0.6163069330233907,,,
0.0,0.0,0.4495289691676935,,,
1.0,1.0,0.5724561686877346,,,
0.0,0.0,0.3666387050372781,,,
1.0,1.0,0.6044560487194864,,,
0.0,0.0,0.4144209633147281,,,
0.0,0.0,0.4857351425411018,,,
1.0,1.0,0.5452563965654649,,,
1.0,1.0,0.7752203122344969,,,
0.0,0.0,0.37163840367280704,,,
1.0,0.0,0.45841204593258045,,,
0.0,0.0,0.45972383217245516,,,
0.0,0.0,0.46168172746970776,,,
0.0,0.0,0.40655719752878144,,,
0.0,0.0,0.38995354765462314,,,
0.0,0.0,0.4089812803056506,,,
1.0,1.0,0.7817882358597544,,,
1.0,1.0,0.5118034783242025,,,
0.0,0.0,0.43045569631950115,,,
0.0,1.0,0.5412544838323052,,,
1.0,0.0,0.36133416097153437,,,
1.0,0.0,0.41138870144435846,,,
0.0,0.0,0.4323097794527387,,,
0.0,0.0,0.4223877730904315,,,
1.0,1.0,0.5907812936810561,,,
1.0,0.0,0.44171724930973916,,,
0.0,1.0,0.527014927707058,,,
1.0,1.0,0.6140412921901461,,,
0.0,0.0,0.37026684316714414,,,
0.0,0.0,0.35309248486796424,,,
1.0,1.0,0.6201505430428145,,,
0.0,0.0,0.49015112336709205,,,
0.0,0.0,0.4046338804591203,,,
0.0,0.0,0.37299343249360506,,,
0.0,0.0,0.402919936255686,,,
0.0,1.0,0.5143608883185975,,,
0.0,0.0,0.3663207768891019,,,
0.0,0.0,0.42862422108304954,,,
1.0,0.0,0.41174220686988,,,
0.0,0.0,0.4189869315101074,,,
1.0,1.0,0.5588893447508176,,,
1.0,0.0,0.48265612940602115,,,
1.0,1.0,0.5435508603006537,,,
0.0,0.0,0.4017806439455076,,,
1.0,1.0,0.6200091346142278,,,
0.0,0.0,0.45481732660889185,,,
0.0,0.0,0.45543586231247896,,,
0.0,0.0,0.4385492315985564,,,
1.0,0.0,0.47231933102421947,,,
0.0,0.0,0.3958717996700553,,,
1.0,1.0,0.5550393025560432,,,
0.0,0.0,0.343877572597654,,,
0.0,0.0,0.3983764452227073,,,
0.0,0.0,0.4240311008258984,,,
0.0,0.0,0.4584503267505452,,,
1.0,0.0,0.4764378380688733,,,
0.0,0.0,0.4207656538674547,,,
1.0,0.0,0.42233612182870395,,,
1.0,0.0,0.41448245436517717,,,
0.0,0.0,0.39905010833917964,,,
1.0,0.0,0.4917502441924868,,,
0.0,1.0,0.6087953123733181,,,
0.0,0.0,0.4877873484201893,,,
0.0,0.0,0.4603778696155676,,,
1.0,0.0,0.45609157521752464,,,
1.0,1.0,0.5074170959381062,,,
1.0,1.0,0.5468294606065431,,,
1.0,0.0,0.4477173939113816,,,
0.0,0.0,0.3849631685500497,,,
0.0,0.0,0.3985126415523193,,,
1.0,1.0,0.5354825853488799,,,
0.0,0.0,0.4114835663136281,,,
0.0,0.0,0.4722329345491827,,,
0.0,0.0,0.48253999761821376,,,
0.0,0.0,0.4574580836810129,,,
0.0,0.0,0.4054545182565006,,,
1.0,1.0,0.501532296569937,,,
1.0,0.0,0.4915479267919792,,,
0.0,0.0,0.3613084229708958,,,
0.0,0.0,0.4135128097640039,,,
0.0,0.0,0.4247907387988407,,,
0.0,0.0,0.48582631168372026,,,
1.0,0.0,0.3669260318161577,,,
1.0,1.0,0.6206608363424551,,,
0.0,0.0,0.41680996210727295,,,
1.0,1.0,0.5041572884515306,,,
1.0,1.0,0.5068518211380624,,,
0.0,0.0,0.4116978658774494,,,
0.0,0.0,0.4128139412162804,,,
1.0,0.0,0.43185984872462313,,,
0.0,1.0,0.5340589282964773,,,
1.0,0.0,0.44452646687249703,,,
0.0,0.0,0.31997518525311036,,,
0.0,0.0,0.3986311832488911,,,
0.0,0.0,0.38032981800732113,,,
0.0,0.0,0.404867693092504,,,
0.0,0.0,0.38940756714068697,,,
0.0,0.0,0.47348526906213706,,,
1.0,1.0,0.5312231473162736,,,
1.0,1.0,0.5405469971285379,,,
0.0,0.0,0.43722669056297203,,,
0.0,0.0,0.47789326446589686,,,
1.0,0.0,0.4994479922387649,,,
0.0,0.0,0.38741189432992584,,,
0.0,1.0,0.5038703385649197,,,
1.0,1.0,0.5080914136263404,,,
1.0,0.0,0.4888220047690899,,,
1.0,1.0,0.6927894785096337,,,
0.0,0.0,0.44975992875537824,,,
0.0,0.0,0.4556930146693467,,,
1.0,1.0,0.6100472311646915,,,
1.0,1.0,0.5381110548388722,,,
1.0,1.0,0.5290505187207478,,,
0.0,0.0,0.4166423399400611,,,
1.0,0.0,0.4369558998993249,,,
0.0,0.0,0.43622263253666044,,,
0.0,0.0,0.3645580938070055,,,
0.0,0.0,0.3975842691836518,,,
0.0,0.0,0.4429908831147267,,,
1.0,1.0,0.5377513783398249,,,
1.0,0.0,0.39696325928257153,,,
0.0,0.0,0.48622630146403706,,,
0.0,0.0,0.452773661439268,,,
1.0,0.0,0.4504033213006589,,,
1.0,1.0,0.5179413496604048,,,
1.0,1.0,0.55112829681267,,,
1.0,0.0,0.4667108566081052,,,
1.0,1.0,0.5251930863995017,,,
0.0,0.0,0.43070540723266665,,,
1.0,1.0,0.6850502574411438,,,
0.0,1.0,0.5583085438331223,,,
0.0,0.0,0.4135602387823214,,,
0.0,0.0,0.4195985487790161,,,
1.0,0.0,0.4095737501289118,,,
0.0,0.0,0.4728577724785697,,,
1.0,1.0,0.6883177145951428,,,
0.0,0.0,0.4556930146693467,,,
0.0,1.0,0.539400693355735,,,
0.0,0.0,0.46348846028710733,,,
1.0,1.0,0.5199670795998009,,,
1.0,1.0,0.744763160620512,,,
0.0,0.0,0.44483356733443286,,,
0.0,0.0,0.4275425986911528,,,
0.0,0.0,0.42952179851263556,,,
1.0,0.0,0.42635452884273783,,,
0.0,0.0,0.4425349592152543,,,
0.0,0.0,0.3913485883543457,,,
0.0,1.0,0.6744074472183813,,,
1.0,1.0,0.5931178063761671,,,
1.0,1.0,0.5149186260973718,,,
0.0,0.0,0.40942726077259745,,,
1.0,0.0,0.3995734800821274,,,
1.0,0.0,0.4188336862549638,,,
0.0,0.0,0.39428429535462717,,,
0.0,0.0,0.4349601036988449,,,
1.0,0.0,0.43009440658478665,,,
0.0,0.0,0.47714465398169514,,,
1.0,1.0,0.6058648788180159,,,
0.0,0.0,0.39982593498528757,,,
1.0,1.0,0.6539727239612698,,,
0.0,0.0,0.40362607124900035,,,
1.0,1.0,0.64700468001056,,,
1.0,0.0,0.439466691377762,,,
0.0,0.0,0.37630643037383543,,,
0.0,0.0,0.3823316736844966,,,
0.0,0.0,0.49403104905111034,,,
1.0,1.0,0.5449255959357495,,,
0.0,0.0,0.44082161770476547,,,
0.0,0.0,0.482613409809671,,,
1.0,0.0,0.4229316748272884,,,
0.0,0.0,0.4124058004136738,,,
1.0,1.0,0.5670806211617515,,,
0.0,0.0,0.3813164072558038,,,
0.0,0.0,0.38921632777171006,,,
1.0,0.0,0.4952500318729472,,,
0.0,0.0,0.417772397843382,,,
1.0,1.0,0.6396917420158282,,,
1.0,1.0,0.5502984081324495,,,
0.0,0.0,0.38054862391232813,,,
0.0,0.0,0.3833644458541701,,,
0.0,0.0,0.466978817146386,,,
0.0,0.0,0.38038902026444804,,,
0.0,0.0,0.3991231311960282,,,
1.0,1.0,0.5158936144270676,,,
0.0,0.0,0.37458561122638073,,,
0.0,0.0,0.4270629475247511,,,
1.0,0.0,0.45991970286079586,,,
1.0,1.0,0.6980990947156186,,,
0.0,0.0,0.4308463611442225,,,
1.0,0.0,0.43637728778328133,,,
0.0,0.0,0.48535353720288327,,,
1.0,1.0,0.5975290551144462,,,
0.0,0.0,0.46294579302745636,,,
0.0,0.0,0.42224119345306527,,,
0.0,0.0,0.3761537662394995,,,
1.0,1.0,0.6347117568100574,,,
0.0,0.0,0.376833877782823,,,
1.0,1.0,0.522065292991185,,,
0.0,1.0,0.5865504600191077,,,
0.0,0.0,0.38089301943195847,,,
0.0,0.0,0.45795181196590856,,,
0.0,0.0,0.4225041052006889,,,
0.0,0.0,0.3825169277842422,,,
0.0,0.0,0.418310768344407,,,
0.0,0.0,0.4122612583698982,,,
0.0,0.0,0.4299392308583718,,,
1.0,0.0,0.4291482184094671,,,
0.0,1.0,0.6008127092173187,,,
1.0,0.0,0.4817092976979197,,,
1.0,1.0,0.5798496453249962,,,
0.0,0.0,0.37126822003193066,,,
1.0,0.0,0.4805127645496491,,,
1.0,0.0,0.45304400215413726,,,
0.0,0.0,0.4502842969705244,,,
0.0,0.0,0.3280750010980708,,,
0.0,0.0,0.35269139321833126,,,
0.0,0.0,0.4452703453241538,,,
1.0,0.0,0.41518572095782846,,,
1.0,0.0,0.4586186822202267,,,
1.0,1.0,0.5528431969025474,,,
0.0,0.0,0.4674154713569327,,,
1.0,1.0,0.6254804797225263,,,
0.0,0.0,0.41312148046213226,,,
1.0,1.0,0.6657717082641432,,,
1.0,0.0,0.4213683739785082,,,
0.0,0.0,0.44805801653832456,,,
0.0,1.0,0.5617386667964325,,,
0.0,0.0,0.46936871469701646,,,
0.0,0.0,0.421179212464457,,,
1.0,1.0,0.5748433544703868,,,
1.0,0.0,0.49849171369654793,,,
1.0,0.0,0.47199465878531327,,,
1.0,1.0,0.6199292288079645,,,
0.0,0.0,0.4388261776918733,,,
1.0,1.0,0.5588061254565976,,,
1.0,0.0,0.46042706670782496,,,
0.0,0.0,0.4591282354802715,,,
1.0,0.0,0.4819219144163484,,,
0.0,0.0,0.3784274242283931,,,
0.0,0.0,0.4231033438582675,,,
1.0,1.0,0.6357319092878524,,,
0.0,0.0,0.4943111671300948,,,
0.0,0.0,0.4167125118962518,,,
0.0,0.0,0.3949340346973749,,,
1.0,1.0,0.5779030638952879,,,
0.0,0.0,0.43658520910350135,,,
0.0,0.0,0.3934935320626265,,,
1.0,0.0,0.4263801235730855,,,
1.0,1.0,0.5199759256243632,,,
0.0,0.0,0.3806229684847141,,,
1.0,1.0,0.6261444069856529,,,
0.0,0.0,0.4344855636096276,,,
1.0,0.0,0.36177718209232196,,,
1.0,1.0,0.5822840198980077,,,
1.0,1.0,0.7659946082106917,,,
0.0,0.0,0.34684574594711154,,,
1.0,0.0,0.43669187751947264,,,
0.0,0.0,0.42403274646949946,,,
0.0,0.0,0.4534253597067014,,,
0.0,0.0,0.439211736765674,,,
0.0,0.0,0.39110976244332357,,,
0.0,0.0,0.39897559509651626,,,
0.0,0.0,0.4551688164144404,,,
1.0,0.0,0.4587273683760819,,,
0.0,0.0,0.37155092084123176,,,
1.0,1.0,0.5382890093957423,,,
1.0,0.0,0.3883430446778895,,,
0.0,0.0,0.4359253846655762,,,
1.0,1.0,0.5900067560690504,,,
0.0,1.0,0.5756479677517135,,,
0.0,1.0,0.7220707466748159,,,
0.0,1.0,0.5076184572685051,,,
0.0,0.0,0.48258977434774764,,,
1.0,1.0,0.5941702795699353,,,
0.0,0.0,0.39959491295573846,,,
0.0,0.0,0.3863223016735525,,,
0.0,0.0,0.43190479507467666,,,
1.0,1.0,0.6104313524036359,,,
1.0,0.0,0.46506471705785374,,,
0.0,1.0,0.5039981580738073,,,
1.0,1.0,0.5115848809663719,,,
1.0,1.0,0.5624214174229537,,,
1.0,0.0,0.37836674599983794,,,
0.0,0.0,0.4084573144258583,,,
1.0,1.0,0.5067648616651866,,,
0.0,0.0,0.448290237678864,,,
0.0,0.0,0.40742496071754575,,,
1.0,1.0,0.5916855987192766,,,
1.0,1.0,0.5306026513603428,,,
0.0,0.0,0.48557869033354584,,,
0.0,0.0,0.42835394091942547,,,
1.0,1.0,0.6175645978624793,,,
0.0,0.0,0.4401741598729501,,,
0.0,0.0,0.43305696866880045,,,
1.0,1.0,0.5802514120510314,,,
0.0,0.0,0.49723272300704874,,,
0.0,0.0,0.3852598934496569,,,
1.0,0.0,0.49717948431104314,,,
1.0,0.0,0.4894884239798912,,,
1.0,1.0,0.6865756140210042,,,
1.0,0.0,0.46219517133239346,,,
1.0,0.0,0.45719294863377724,,,
0.0,0.0,0.44387137541679517,,,
0.0,0.0,0.43242397137323524,,,
0.0,0.0,0.4042517525161258,,,
0.0,0.0,0.4483813000099728,,,
0.0,0.0,0.482287458818538,,,
1.0,0.0,0.4889749063867374,,,
0.0,0.0,0.45115665642183095,,,
0.0,0.0,0.46112682913851777,,,
1.0,1.0,0.7611921833178121,,,
1.0,1.0,0.6095858692282424,,,
0.0,0.0,0.43493239754424434,,,
1.0,1.0,0.5401095134327929,,,
1.0,1.0,0.5660536094040708,,,
0.0,0.0,0.40907545832100917,,,
0.0,0.0,0.39400229869021075,,,
0.0,0.0,0.38824340459430456,,,
0.0,0.0,0.4073641902042426,,,
1.0,0.0,0.4504075676867198,,,
1.0,0.0,0.474760371015423,,,
0.0,0.0,0.3354221212263457,,,
1.0,1.0,0.5611909655371674,,,
0.0,0.0,0.37237631407777044,,,
0.0,0.0,0.42199204812023194,,,
0.0,1.0,0.5125085373637351,,,
1.0,1.0,0.5448923092391542,,,
1.0,1.0,0.6887234895142509,,,
0.0,1.0,0.5444556265333342,,,
1.0,0.0,0.4684521701164891,,,
0.0,0.0,0.393336898599609,,,
0.0,0.0,0.39656603725065087,,,
1.0,0.0,0.44404812251790593,,,
1.0,1.0,0.607315376950319,,,
1.0,0.0,0.4045987655859385,,,
0.0,0.0,0.38995221694657217,,,
1.0,1.0,0.7043801969396052,,,
0.0,0.0,0.48351242963332736,,,
0.0,0.0,0.4070222807607105,,,
0.0,0.0,0.4453715942951119,,,
0.0,0.0,0.40640826210168257,,,
1.0,0.0,0.48143542224976726,,,
1.0,0.0,0.45440781452061135,,,
0.0,0.0,0.3739803859288139,,,
1.0,1.0,0.5619022746497881,,,
1.0,1.0,0.6058409220463078,,,
1.0,1.0,0.5437974257373688,,,
1.0,0.0,0.4504936393824324,,,
1.0,1.0,0.5710829328967212,,,
1.0,1.0,0.5757020454403698,,,
0.0,0.0,0.36669928360033766,,,
0.0,1.0,0.5463967294569334,,,
0.0,0.0,0.40492169610767803,,,
1.0,0.0,0.4778135496436155,,,
0.0,0.0,0.48638203841088534,,,
0.0,0.0,0.38160011960405466,,,
1.0,0.0,0.4178358671424838,,,
0.0,0.0,0.41320736894015947,,,
0.0,0.0,0.3656993999679949,,,
0.0,0.0,0.423071906928522,,,
1.0,0.0,0.4550507300862267,,,
0.0,0.0,0.47090314851794535,,,
0.0,1.0,0.5074679361163495,,,
1.0,1.0,0.665530525277599,,,
1.0,1.0,0.534107059969976,,,
1.0,1.0,0.5013491147590764,,,
0.0,0.0,0.4020093927881077,,,
1.0,1.0,0.5716229598678267,,,
0.0,1.0,0.5355955075737949,,,
0.0,0.0,0.46593172919490544,,,
0.0,0.0,0.39437443529511657,,,
0.0,0.0,0.42247547110356337,,,
1.0,0.0,0.47396187947305574,,,
1.0,0.0,0.44863070708091773,,,
0.0,0.0,0.4638266253632542,,,
1.0,1.0,0.5453425229022845,,,
1.0,0.0,0.4813549117173539,,,
0.0,0.0,0.46436582674760657,,,
1.0,1.0,0.5643133822498614,,,
1.0,0.0,0.4402967548466205,,,
0.0,0.0,0.4167721032804783,,,
0.0,0.0,0.40430405346181936,,,
1.0,1.0,0.5619495211358513,,,
1.0,1.0,0.5217726671271926,,,
0.0,0.0,0.4440537004722927,,,
0.0,0.0,0.37053192522860795,,,
1.0,1.0,0.6022340194145492,,,
0.0,0.0,0.409982811629345,,,
0.0,0.0,0.42441850288995914,,,
1.0,0.0,0.49115636709884775,,,
0.0,0.0,0.4311667399269924,,,
0.0,0.0,0.483155702158466,,,
0.0,0.0,0.43790730297246144,,,
0.0,0.0,0.4098314199958659,,,
1.0,0.0,0.47443657002791034,,,
0.0,0.0,0.37018372524238824,,,
0.0,0.0,0.32505732147295574,,,
1.0,1.0,0.6305277892269379,,,
0.0,0.0,0.4519118138974937,,,
1.0,0.0,0.475298174940639,,,
1.0,0.0,0.4673961393778697,,,
0.0,0.0,0.45465898708668406,,,
0.0,0.0,0.39308708878600235,,,
0.0,0.0,0.3731772274056831,,,
0.0,0.0,0.41764997065130566,,,
0.0,0.0,0.3474702260341001,,,
0.0,0.0,0.3629296895286194,,,
1.0,0.0,0.39647485612246425,,,
0.0,0.0,0.2761914115479946,,,
1.0,0.0,0.4524895740796456,,,
1.0,1.0,0.7091313381989441,,,
1.0,1.0,0.5945392184012513,,,
0.0,0.0,0.46803929702634495,,,
1.0,1.0,0.5594825051538135,,,
0.0,0.0,0.36463375061778225,,,
0.0,1.0,0.5063342375876576,,,
1.0,0.0,0.4433476728641128,,,
1.0,0.0,0.4999018044812318,,,
1.0,1.0,0.5642000650976566,,,
1.0,1.0,0.5585540295279802,,,
0.0,0.0,0.451484833197517,,,
1.0,1.0,0.6048622683470054,,,
1.0,1.0,0.5027092188174417,,,
1.0,1.0,0.6418938426724273,,,
0.0,0.0,0.43637014690481435,,,
1.0,1.0,0.5978002811331931,,,
1.0,1.0,0.6890895783017452,,,
0.0,0.0,0.3653896076932055,,,
0.0,0.0,0.4462272922366197,,,
0.0,0.0,0.48916561119759994,,,
1.0,0.0,0.45007848491733077,,,
1.0,1.0,0.5304132224797732,,,
1.0,1.0,0.5636374768015776,,,
1.0,0.0,0.47707127611587175,,,
0.0,0.0,0.3718074433971799,,,
0.0,0.0,0.39216179249513156,,,
0.0,0.0,0.3901724573810006,,,
0.0,0.0,0.40045683845118896,,,
0.0,0.0,0.4698355825606609,,,
1.0,1.0,0.547540529074712,,,
0.0,0.0,0.3887631218559334,,,
1.0,0.0,0.4316192541495273,,,
1.0,0.0,0.4492775314783401,,,
0.0,0.0,0.4297372158448609,,,
1.0,0.0,0.4456280948753201,,,
0.0,0.0,0.4772085359644775,,,
1.0,1.0,0.6038117708898999,,,
1.0,0.0,0.4830780252812019,,,
1.0,0.0,0.4771457329573224,,,
0.0,0.0,0.3671851247827328,,,
0.0,0.0,0.39219435772445826,,,
0.0,0.0,0.47258504333039186,,,
0.0,0.0,0.3670065346682627,,,
1.0,0.0,0.46243580286549224,,,
0.0,0.0,0.4766566516774156,,,
1.0,0.0,0.4839294440660341,,,
0.0,0.0,0.4610242484063285,,,
1.0,0.0,0.41956637675788394,,,
0.0,0.0,0.4448811694415143,,,
1.0,1.0,0.530672545763824,,,
1.0,0.0,0.4669381843863795,,,
1.0,0.0,0.45231849856945044,,,
1.0,1.0,0.653466977495097,,,
1.0,0.0,0.43364092376030267,,,
0.0,0.0,0.4573332401008857,,,
1.0,1.0,0.6503594290652526,,,
1.0,0.0,0.4933525013680151,,,
0.0,0.0,0.46396271674571654,,,
1.0,0.0,0.4825207376371142,,,
0.0,0.0,0.39680331698622545,,,
1.0,1.0,0.5462075144029072,,,
1.0,1.0,0.5114043825182689,,,
0.0,0.0,0.45811410732624813,,,
1.0,1.0,0.5497705518152297,,,
1.0,1.0,0.6960314399620728,,,
0.0,0.0,0.390435585961451,,,
1.0,0.0,0.4560672791546597,,,
1.0,1.0,0.6164611416489096,,,
1.0,0.0,0.4553735581587165,,,
1.0,1.0,0.6412956552377663,,,
1.0,1.0,0.5266814958203897,,,
0.0,0.0,0.44445523948344756,,,
1.0,1.0,0.602134411985079,,,
0.0,0.0,0.42359740692439046,,,
1.0,1.0,0.520455668274289,,,
1.0,0.0,0.4089228431989088,,,
0.0,0.0,0.4574890807488415,,,
0.0,0.0,0.41854771587400386,,,
0.0,0.0,0.3474881935467389,,,
0.0,0.0,0.4005763234830502,,,
1.0,1.0,0.5099152360210701,,,
1.0,1.0,0.7297678290909994,,,
0.0,0.0,0.44501391307397914,,,
1.0,1.0,0.5431730856549869,,,
1.0,1.0,0.5054261290052017,,,
1.0,0.0,0.4919948327660165,,,
0.0,0.0,0.42206372045559204,,,
0.0,0.0,0.4784129090552893,,,
0.0,0.0,0.47425688239112623,,,
0.0,0.0,0.40127412258444783,,,
0.0,0.0,0.4174305146122104,,,
0.0,0.0,0.47299415120187455,,,
0.0,1.0,0.5963823605480358,,,
1.0,1.0,0.6015339186523255,,,
0.0,0.0,0.37957318391603473,,,
1.0,0.0,0.40325144141140334,,,
0.0,0.0,0.37029138024553376,,,
1.0,1.0,0.6296898319647329,,,
0.0,0.0,0.46406756348994915,,,
1.0,1.0,0.506133924241853,,,
1.0,1.0,0.6044151868869546,,,
0.0,0.0,0.4239294909496541,,,
0.0,0.0,0.4593646491664935,,,
0.0,0.0,0.42497993784470595,,,
0.0,0.0,0.38689099814799643,,,
1.0,0.0,0.47620768076896375,,,
0.0,0.0,0.4702256402364429,,,
0.0,0.0,0.38650579976859867,,,
0.0,0.0,0.42756599711692395,,,
1.0,1.0,0.5210344250375706,,,
1.0,1.0,0.6052653531099689,,,
1.0,1.0,0.5594363515240734,,,
1.0,1.0,0.6466041755574272,,,
1.0,1.0,0.6931856281925579,,,
1.0,1.0,0.6597010027465481,,,
1.0,1.0,0.5750859212662899,,,
1.0,1.0,0.511636081600482,,,
0.0,0.0,0.34684574594711154,,,
1.0,1.0,0.6126044514306443,,,
1.0,1.0,0.6199459026630044,,,
0.0,0.0,0.41638545719654324,,,
1.0,0.0,0.49806647322138287,,,
0.0,0.0,0.40969654995975996,,,
0.0,0.0,0.3466602689041532,,,
0.0,0.0,0.36902335634254285,,,
0.0,0.0,0.4475912666413029,,,
0.0,0.0,0.43934964989826303,,,
1.0,0.0,0.41124769778735276,,,
0.0,0.0,0.4528766449815035,,,
1.0,1.0,0.5098459984741924,,,
0.0,0.0,0.41567213811822523,,,
1.0,0.0,0.3999767559627016,,,
1.0,1.0,0.5344485505028908,,,
1.0,1.0,0.5078618181562298,,,
1.0,1.0,0.5279045173397282,,,
0.0,0.0,0.3126828398187474,,,
1.0,0.0,0.34869903064327795,,,
1.0,1.0,0.5803832640309095,,,
1.0,1.0,0.5351030761686159,,,
1.0,1.0,0.5131291196901145,,,
1.0,1.0,0.6260668953684287,,,
0.0,0.0,0.44850466214463547,,,
1.0,0.0,0.48081461578188184,,,
1.0,0.0,0.4417239008015431,,,
0.0,0.0,0.3912519530090188,,,
1.0,1.0,0.5663818728212716,,,
0.0,0.0,0.38531274204514443,,,
1.0,1.0,0.5970551657627791,,,
0.0,0.0,0.46959322535153536,,,
0.0,0.0,0.3786421252732679,,,
0.0,0.0,0.4766975777110391,,,
0.0,0.0,0.42328783016423566,,,
0.0,0.0,0.4334930446616001,,,
0.0,0.0,0.4124323692009794,,,
0.0,1.0,0.5495024404800641,,,
1.0,1.0,0.661271300271233,,,
0.0,0.0,0.3079747392107833,,,
1.0,1.0,0.557630980307723,,,
1.0,1.0,0.6091263559027771,,,
0.0,0.0,0.4286021970127479,,,
1.0,1.0,0.5607623520165105,,,
0.0,0.0,0.39937864835104137,,,
1.0,1.0,0.5240651906876653,,,
0.0,0.0,0.455484996534659,,,
0.0,0.0,0.4003854347998641,,,
1.0,0.0,0.41100910126129114,,,
1.0,0.0,0.4638348948471111,,,
1.0,1.0,0.5264523597945135,,,
0.0,0.0,0.4017655054191394,,,
1.0,0.0,0.4965194463689034,,,
1.0,0.0,0.45777512521613184,,,
1.0,1.0,0.5684588316138391,,,
1.0,1.0,0.5894411915462299,,,
0.0,0.0,0.41881317302923,,,
0.0,0.0,0.35684702871094226,,,
1.0,1.0,0.6486391866333583,,,
0.0,0.0,0.34278690814334895,,,
0.0,0.0,0.4370003595968425,,,
1.0,0.0,0.4598212613947934,,,
0.0,0.0,0.39368082779976954,,,
1.0,1.0,0.5470736425726367,,,
0.0,1.0,0.5046954014521641,,,
0.0,0.0,0.4153470706989431,,,
0.0,0.0,0.3787510465957434,,,
0.0,0.0,0.31997518525311036,,,
1.0,0.0,0.4311103701863267,,,
1.0,1.0,0.531536793026409,,,
0.0,0.0,0.4267465781439645,,,
0.0,0.0,0.39783680932877946,,,
0.0,0.0,0.4366948465102236,,,
1.0,1.0,0.7013910822995837,,,
0.0,0.0,0.43221029878976797,,,
0.0,0.0,0.42794958669908933,,,
1.0,0.0,0.36442432394674257,,,
1.0,0.0,0.4994023954117925,,,
0.0,1.0,0.52394041607756,,,
0.0,0.0,0.45980410357535717,,,
1.0,1.0,0.6660974427193341,,,
1.0,1.0,0.5411423138427324,,,
0.0,1.0,0.5995794244653324,,,
0.0,1.0,0.5198735846460851,,,
0.0,0.0,0.40731281289120047,,,
0.0,0.0,0.467307236727665,,,
0.0,0.0,0.3104385943204629,,,
0.0,0.0,0.4358587542023093,,,
1.0,1.0,0.5394587390933501,,,
0.0,0.0,0.39970665416788853,,,
1.0,1.0,0.5003657954432018,,,
1.0,0.0,0.4298968360546865,,,
0.0,0.0,0.3912979557765048,,,
0.0,0.0,0.41995263741033173,,,
0.0,0.0,0.4227341085465366,,,
1.0,1.0,0.6443019595511077,,,
0.0,0.0,0.4041792362990501,,,
1.0,0.0,0.48409616666189986,,,
1.0,1.0,0.5131506330352636,,,
1.0,0.0,0.4779375541494983,,,
1.0,1.0,0.5153425184710417,,,
1.0,1.0,0.6204951503934826,,,
1.0,0.0,0.4491445348953196,,,
0.0,1.0,0.51139110309191,,,
1.0,1.0,0.5080823440056106,,,
0.0,0.0,0.3588326818978186,,,
1.0,1.0,0.5722949892518571,,,
0.0,0.0,0.4642486665891669,,,
1.0,1.0,0.5519778517241611,,,
0.0,0.0,0.36411965517859973,,,
0.0,0.0,0.37455052652122156,,,
1.0,1.0,0.7281113050986701,,,
1.0,0.0,0.4543785984791044,,,
0.0,0.0,0.4388669621460651,,,
0.0,0.0,0.43545555102198447,,,
1.0,0.0,0.39782076510260744,,,
0.0,0.0,0.4125656207916991,,,
0.0,0.0,0.4552140657980663,,,
0.0,0.0,0.41556055326029856,,,
0.0,0.0,0.48597463688368614,,,
1.0,1.0,0.6479710420248516,,,
0.0,0.0,0.4708042585108023,,,
1.0,0.0,0.40839939548430876,,,
0.0,0.0,0.4633912109896997,,,
0.0,0.0,0.4538421491437716,,,
0.0,0.0,0.4105876594272434,,,
0.0,0.0,0.3647748242711828,,,
0.0,1.0,0.6134281944216337,,,
1.0,0.0,0.4701218837605691,,,
1.0,0.0,0.49031471988251635,,,
0.0,0.0,0.3488543637480425,,,
0.0,0.0,0.39968917377957974,,,
1.0,0.0,0.396285800920107,,,
0.0,0.0,0.3708948718720598,,,
1.0,0.0,0.4301833396063387,,,
0.0,0.0,0.3404027036417263,,,
1.0,0.0,0.463586257339548,,,
1.0,0.0,0.49099602098062495,,,
1.0,1.0,0.5678839617534063,,,
1.0,0.0,0.41456789370225205,,,
0.0,0.0,0.41176399627897753,,,
1.0,1.0,0.7808094369312225,,,
1.0,1.0,0.5906344448415537,,,
1.0,1.0,0.5873826297520128,,,
0.0,1.0,0.5405140290911501,,,
0.0,0.0,0.3908105419105488,,,
1.0,1.0,0.602988419776509,,,
1.0,0.0,0.48828824010810984,,,
1.0,0.0,0.4662271960375312,,,
0.0,0.0,0.43154753063286366,,,
1.0,1.0,0.5580007143089297,,,
0.0,1.0,0.5332797114854332,,,
0.0,0.0,0.4998502614654301,,,
0.0,0.0,0.3942539177646204,,,
0.0,0.0,0.4492775314783401,,,
0.0,0.0,0.4676049400830427,,,
0.0,0.0,0.4271777484597695,,,
0.0,0.0,0.35178224558493715,,,
0.0,0.0,0.43231637620577235,,,
0.0,0.0,0.4956820232895139,,,
0.0,0.0,0.4802239165722125,,,
0.0,1.0,0.6032395971923474,,,
0.0,0.0,0.34992528071791185,,,
1.0,0.0,0.4852710495503261,,,
0.0,0.0,0.4233426914314935,,,
1.0,1.0,0.5147360657339674,,,
0.0,0.0,0.49812634730727956,,,
0.0,0.0,0.3381834001897282,,,
0.0,0.0,0.42840217954158205,,,
0.0,0.0,0.40112708492112675,,,
1.0,1.0,0.5334633985871293,,,
0.0,0.0,0.46242908992720533,,,
1.0,1.0,0.5138705670489541,,,
0.0,0.0,0.45518850461878013,,,
1.0,1.0,0.5307889566831995,,,
0.0,0.0,0.4483848463386895,,,
0.0,0.0,0.40832864062383645,,,
0.0,0.0,0.38207827942324724,,,
0.0,0.0,0.3970220724717543,,,
0.0,0.0,0.42449355064679506,,,
0.0,0.0,0.3719865264864492,,,
1.0,1.0,0.5205985255723025,,,
1.0,0.0,0.4947248865436923,,,
0.0,0.0,0.41951042942355904,,,
0.0,0.0,0.4027890363785372,,,
1.0,1.0,0.5675933697932249,,,
0.0,0.0,0.3764219710906048,,,
0.0,0.0,0.364021855956794,,,
0.0,0.0,0.39999030342791314,,,
1.0,0.0,0.48605018441582104,,,
1.0,1.0,0.5218922265938813,,,
1.0,1.0,0.704203656602307,,,
1.0,1.0,0.576918376266816,,,
0.0,1.0,0.504179432179282,,,
0.0,0.0,0.477356395599469,,,
0.0,0.0,0.3316586667402787,,,
1.0,1.0,0.5285601138877988,,,
0.0,0.0,0.4392416659985918,,,
1.0,0.0,0.4523143771611909,,,
0.0,0.0,0.3334634925746651,,,
1.0,0.0,0.42477662869267885,,,
1.0,1.0,0.6948598383363657,,,
1.0,1.0,0.723961505003073,,,
0.0,0.0,0.41846521330529446,,,
0.0,0.0,0.4065453762560489,,,
0.0,0.0,0.4646465569944567,,,
1.0,0.0,0.4748742327897042,,,
1.0,1.0,0.5722293259118221,,,
1.0,0.0,0.42148456923573036,,,
0.0,0.0,0.3979531893670058,,,
0.0,0.0,0.38699159578913656,,,
0.0,0.0,0.398553163772282,,,
0.0,1.0,0.6057937422210262,,,
0.0,0.0,0.4299298936747422,,,
1.0,1.0,0.5141972580503531,,,
0.0,0.0,0.37057026195185205,,,
0.0,0.0,0.39989869328875466,,,
1.0,1.0,0.7532766214603417,,,
0.0,0.0,0.39263919814953213,,,
1.0,1.0,0.5401635982700139,,,
1.0,0.0,0.4982974767375815,,,
1.0,1.0,0.5483119954625586,,,
0.0,0.0,0.42104307872997315,,,
0.0,0.0,0.431309842442974,,,
1.0,1.0,0.5079577057344251,,,
0.0,0.0,0.4936094367823487,,,
0.0,0.0,0.4733720317023868,,,
1.0,0.0,0.47301864644695907,,,
1.0,1.0,0.543492199340871,,,
1.0,1.0,0.6279234874311388,,,
0.0,0.0,0.3910961027099756,,,
0.0,0.0,0.45124356345156946,,,
1.0,0.0,0.4976060618801492,,,
1.0,0.0,0.4233101752969465,,,
1.0,0.0,0.46584328377732465,,,
1.0,1.0,0.5584943342865779,,,
1.0,0.0,0.48184084487862183,,,
1.0,1.0,0.5538711450382401,,,
1.0,0.0,0.45679600232151385,,,
1.0,1.0,0.5127171779771731,,,
1.0,1.0,0.7721922581103426,,,
0.0,0.0,0.3764345324631164,,,
0.0,0.0,0.36174714650711054,,,
0.0,0.0,0.4503890163540658,,,
0.0,0.0,0.4015444426600726,,,
0.0,1.0,0.5551017349692089,,,
0.0,0.0,0.46242667658833064,,,
1.0,0.0,0.4853460516418068,,,
1.0,0.0,0.38229481784519437,,,
0.0,0.0,0.4244361100576902,,,
0.0,0.0,0.41697461988865187,,,
0.0,0.0,0.42042623934907686,,,
1.0,0.0,0.4943792433156432,,,
1.0,1.0,0.7244295853131408,,,
0.0,0.0,0.46792378606508506,,,
1.0,1.0,0.6510696152902202,,,
1.0,1.0,0.7143476260648539,,,
1.0,0.0,0.4422870015839122,,,
0.0,0.0,0.47635825953905475,,,
1.0,1.0,0.5336337779804238,,,
1.0,1.0,0.5629803283146633,,,
0.0,0.0,0.41341975295253325,,,
1.0,0.0,0.45877993132265016,,,
1.0,1.0,0.7099441048811421,,,
0.0,0.0,0.44528140734750793,,,
1.0,0.0,0.493620300239439,,,
1.0,1.0,0.6503524299584936,,,
0.0,0.0,0.40763074328166127,,,
0.0,0.0,0.4096942530796702,,,
1.0,0.0,0.43470982020698873,,,
1.0,1.0,0.5817797974653429,,,
1.0,0.0,0.4744193343953825,,,
1.0,0.0,0.4671165058694742,,,
0.0,0.0,0.4271946804745317,,,
0.0,0.0,0.44210135233544323,,,
0.0,0.0,0.48587494600927783,,,
1.0,0.0,0.45303120984888756,,,
0.0,0.0,0.3666673478073157,,,
1.0,1.0,0.5187283904912539,,,
1.0,0.0,0.4345823622927709,,,
0.0,0.0,0.42017828240263544,,,
0.0,0.0,0.46713890013112047,,,
1.0,0.0,0.4795182662244912,,,
0.0,0.0,0.355482615366078,,,
0.0,0.0,0.4267845478403956,,,
0.0,1.0,0.513178901423251,,,
1.0,1.0,0.7602535824422277,,,
0.0,0.0,0.4806522570307302,,,
1.0,1.0,0.5963219796312551,,,
0.0,0.0,0.3665457869316738,,,
1.0,1.0,0.503639433789415,,,
1.0,0.0,0.4485332544188997,,,
1.0,1.0,0.510899167384156,,,
0.0,0.0,0.4761524754786314,,,
1.0,1.0,0.5244383412672725,,,
1.0,0.0,0.4951981077463396,,,
0.0,0.0,0.4212536740671513,,,
0.0,0.0,0.4547663920064523,,,
0.0,0.0,0.39809578248577177,,,
1.0,0.0,0.4560916030015217,,,
1.0,0.0,0.46530194704151007,,,
1.0,1.0,0.5222690225112193,,,
1.0,1.0,0.5105331190119077,,,
0.0,0.0,0.4677796479889871,,,
1.0,1.0,0.5899676543777347,,,
1.0,1.0,0.5247058728218068,,,
0.0,0.0,0.4553513460105577,,,
1.0,0.0,0.4091611422905947,,,
0.0,0.0,0.40069859089909693,,,
0.0,0.0,0.44575283520491377,,,
1.0,1.0,0.5154421639252479,,,
0.0,0.0,0.408974299377528,,,
0.0,0.0,0.43763005865894744,,,
1.0,1.0,0.5123527770380467,,,
0.0,0.0,0.4652852179857491,,,
1.0,1.0,0.6319790135771638,,,
1.0,0.0,0.47848723526835835,,,
0.0,0.0,0.41529215753678334,,,
0.0,0.0,0.43646435703893427,,,
1.0,1.0,0.5552731843188781,,,
0.0,0.0,0.4687151930222996,,,
0.0,0.0,0.45167839165695184,,,
1.0,1.0,0.5377540737582562,,,
0.0,0.0,0.39252435306648353,,,
1.0,1.0,0.584910190558769,,,
0.0,0.0,0.36039052822595913,,,
0.0,0.0,0.391820184565218,,,
0.0,0.0,0.38760107904032903,,,
0.0,0.0,0.45961092563651057,,,
1.0,0.0,0.4574805690573724,,,
0.0,0.0,0.39411920270328443,,,
1.0,1.0,0.5290182326634869,,,
1.0,1.0,0.5779913351174836,,,
1.0,1.0,0.6046533626386972,,,
1.0,1.0,0.5853694655220246,,,
1.0,0.0,0.43292330311113547,,,
0.0,0.0,0.375392994014065,,,
0.0,0.0,0.3972275724402396,,,
1.0,0.0,0.390367184849694,,,
0.0,0.0,0.4814934680705731,,,
1.0,0.0,0.4305052496553336,,,
0.0,0.0,0.45582206591384894,,,
0.0,0.0,0.43509372073556124,,,
1.0,1.0,0.7134650285769539,,,
0.0,0.0,0.45073766765471324,,,
0.0,0.0,0.4161321976601767,,,
1.0,1.0,0.5678839617534063,,,
0.0,0.0,0.39564941381290625,,,
1.0,1.0,0.5173037621701053,,,
1.0,1.0,0.5664112696015328,,,
1.0,1.0,0.5097739626068882,,,
1.0,0.0,0.4589473266231465,,,
0.0,0.0,0.47660196964044294,,,
0.0,0.0,0.3855184395786497,,,
1.0,0.0,0.4166596299636359,,,
1.0,0.0,0.4800629266005381,,,
1.0,0.0,0.4631061760828601,,,
0.0,1.0,0.5093277254278165,,,
1.0,1.0,0.52782598226815,,,
0.0,0.0,0.41582559447821826,,,
1.0,0.0,0.4676266598919423,,,
0.0,0.0,0.3766186910473776,,,
1.0,0.0,0.4992273808586107,,,
0.0,0.0,0.3708015505223652,,,
0.0,0.0,0.382637466233477,,,
0.0,0.0,0.33119806623252296,,,
0.0,0.0,0.41775111010696875,,,
1.0,1.0,0.6216796700045648,,,
0.0,0.0,0.4076872023311692,,,
1.0,1.0,0.5436768383639513,,,
1.0,1.0,0.5623972051258875,,,
1.0,0.0,0.4896988298680484,,,
0.0,0.0,0.45219014570679067,,,
0.0,0.0,0.4099932686046741,,,
1.0,1.0,0.5056946506992356,,,
0.0,0.0,0.41117624355386184,,,
1.0,1.0,0.5515161914964615,,,
1.0,0.0,0.4923329399662333,,,
1.0,0.0,0.47395669759264863,,,
0.0,0.0,0.41842096630640335,,,
0.0,0.0,0.3444764532721842,,,
1.0,1.0,0.5298862783499919,,,
0.0,0.0,0.4747317127886825,,,
0.0,0.0,0.46115840462765484,,,
0.0,0.0,0.3771364858393964,,,
1.0,0.0,0.41141526221196667,,,
1.0,1.0,0.6433798418304876,,,
1.0,0.0,0.475458611825814,,,
0.0,0.0,0.4546991870850824,,,
0.0,0.0,0.37956805434864715,,,
0.0,0.0,0.44586881795362027,,,
1.0,0.0,0.461429684741718,,,
1.0,0.0,0.46168172746970776,,,
1.0,1.0,0.5903597370855299,,,
0.0,0.0,0.394039060706722,,,
0.0,0.0,0.39784411986054097,,,
1.0,1.0,0.5880447658927366,,,
1.0,1.0,0.5356066754435741,,,
1.0,1.0,0.5616909078240043,,,
1.0,1.0,0.5208214461691019,,,
0.0,0.0,0.45168200712135487,,,
0.0,0.0,0.46815172230455154,,,
1.0,0.0,0.44186391376009104,,,
0.0,0.0,0.4083986085643862,,,
0.0,0.0,0.34321202733529926,,,
0.0,0.0,0.39377290721167785,,,
0.0,1.0,0.635658809075499,,,
0.0,0.0,0.4052562537682251,,,
1.0,1.0,0.5088555496616818,,,
1.0,0.0,0.43928033314166354,,,
1.0,1.0,0.5764880409447132,,,
0.0,0.0,0.3881258929615148,,,
0.0,0.0,0.46845232475612103,,,
0.0,0.0,0.3867228634091874,,,
0.0,0.0,0.4214639037994443,,,
0.0,0.0,0.46410521409033073,,,
0.0,0.0,0.4743667126897303,,,
0.0,0.0,0.2761914115479946,,,
1.0,1.0,0.6500622645960423,,,
1.0,0.0,0.4901695954386335,,,
1.0,0.0,0.4870888780070152,,,
1.0,0.0,0.46702885855191556,,,
0.0,1.0,0.5055867195080969,,,
0.0,0.0,0.39463115207933125,,,
1.0,1.0,0.5039940770386555,,,
0.0,0.0,0.37767160793893856,,,
1.0,0.0,0.47572279479532287,,,
1.0,0.0,0.4432364511219113,,,
0.0,0.0,0.4543524186559618,,,
1.0,0.0,0.42448072334240255,,,
0.0,0.0,0.420292519570644,,,
1.0,1.0,0.5323600735206124,,,
0.0,1.0,0.634409906700598,,,
1.0,0.0,0.49419438414155764,,,
0.0,1.0,0.5334030100809298,,,
1.0,0.0,0.47167442707757995,,,
1.0,1.0,0.5852481385309114,,,
0.0,0.0,0.4454103630766551,,,
1.0,0.0,0.4685883934474742,,,
0.0,0.0,0.3801678307996009,,,
1.0,1.0,0.5176121397419507,,,
0.0,0.0,0.4704442608832873,,,
0.0,0.0,0.44048168325164355,,,
0.0,0.0,0.4542062360418123,,,
0.0,0.0,0.429432017356161,,,
1.0,1.0,0.5758026756990584,,,
0.0,0.0,0.4890889688829543,,,
1.0,1.0,0.5555024078975878,,,
0.0,0.0,0.4604019813721963,,,
1.0,1.0,0.5260386461922413,,,
0.0,0.0,0.33906366182185244,,,
1.0,1.0,0.6716796648306119,,,
0.0,0.0,0.38514724313114407,,,
0.0,0.0,0.4316897881774525,,,
0.0,0.0,0.39848472934963375,,,
1.0,0.0,0.45345021248273154,,,
0.0,0.0,0.4233797253487383,,,
0.0,0.0,0.46425022728459425,,,
0.0,0.0,0.4475912666413029,,,
0.0,0.0,0.4240905534158769,,,
0.0,0.0,0.37986664453744046,,,
1.0,1.0,0.7755378389566445,,,
0.0,0.0,0.4643545659715209,,,
0.0,0.0,0.42854031151008215,,,
1.0,1.0,0.5724962140903618,,,
0.0,0.0,0.4787776048197534,,,
0.0,0.0,0.41285432617803847,,,
1.0,1.0,0.6433323841301039,,,
1.0,0.0,0.4494374494844051,,,
1.0,0.0,0.4919420348163034,,,
0.0,0.0,0.34099100740707244,,,
0.0,0.0,0.4022266498908276,,,
0.0,0.0,0.38464972125520974,,,
1.0,0.0,0.4587818512834272,,,
1.0,1.0,0.6312471163844366,,,
0.0,1.0,0.5144991073693516,,,
0.0,0.0,0.4720961809432275,,,
1.0,0.0,0.4721235701214898,,,
1.0,1.0,0.6613415682848592,,,
1.0,0.0,0.45854823860978605,,,
0.0,0.0,0.42148456923573036,,,
1.0,1.0,0.5676651047618843,,,
0.0,0.0,0.45969779298621904,,,
1.0,0.0,0.4313074505856476,,,
1.0,0.0,0.46779623601167314,,,
0.0,1.0,0.5097821463609673,,,
0.0,0.0,0.49686478620223784,,,
1.0,1.0,0.5064288108145479,,,
0.0,1.0,0.5322505867535621,,,
0.0,0.0,0.4484190258751608,,,
0.0,0.0,0.43694762237753654,,,
0.0,0.0,0.4272847586865965,,,
0.0,0.0,0.4195539525224773,,,
0.0,0.0,0.4681002890610407,,,
1.0,0.0,0.37386688907160026,,,
1.0,0.0,0.46848949440913906,,,
1.0,1.0,0.5728630346163145,,,
0.0,0.0,0.4756735663132054,,,
0.0,0.0,0.3896734506286049,,,
0.0,0.0,0.42078579001833655,,,
0.0,0.0,0.40904115364880106,,,
1.0,1.0,0.6480136160258522,,,
0.0,0.0,0.46739811795429753,,,
0.0,0.0,0.3947740390767137,,,
0.0,1.0,0.6978982627680483,,,
0.0,0.0,0.40367450926106974,,,
0.0,0.0,0.4333803926862554,,,
0.0,1.0,0.7032976993842726,,,
0.0,0.0,0.46163524938327094,,,
1.0,1.0,0.5667614220075397,,,
0.0,0.0,0.3425033771422079,,,
1.0,0.0,0.4363591728208191,,,
0.0,0.0,0.36463863251376005,,,
1.0,0.0,0.49074711776357227,,,
1.0,1.0,0.6479710420248516,,,
1.0,1.0,0.6522510513310996,,,
0.0,0.0,0.4039394670949763,,,
0.0,0.0,0.47393592115614586,,,
1.0,0.0,0.4422079413557924,,,
1.0,1.0,0.522078349985135,,,
1.0,0.0,0.3409005107585955,,,
1.0,0.0,0.4051883748991695,,,
1.0,1.0,0.5279828155493174,,,
1.0,0.0,0.4159340021311527,,,
1.0,1.0,0.61569184589048,,,
0.0,0.0,0.4099801862564787,,,
0.0,0.0,0.3915271064083667,,,
0.0,0.0,0.41878336472220024,,,
0.0,0.0,0.38174752274111823,,,
1.0,0.0,0.49599633532648557,,,
1.0,1.0,0.5077109143204667,,,
1.0,1.0,0.5333315927207284,,,
0.0,0.0,0.4213683739785082,,,
1.0,1.0,0.5425036447859162,,,
1.0,1.0,0.5301450505919388,,,
0.0,0.0,0.4756000663607442,,,
0.0,0.0,0.36143487707818867,,,
1.0,1.0,0.6051015144079731,,,
1.0,1.0,0.5223152376437499,,,
0.0,1.0,0.5439664152733278,,,
1.0,1.0,0.5433076177405521,,,
0.0,0.0,0.47316118838701937,,,
0.0,0.0,0.34370659006617776,,,
0.0,0.0,0.4368927735184655,,,
1.0,1.0,0.5701447276644107,,,
1.0,0.0,0.4382521691998246,,,
0.0,0.0,0.33233763585398857,,,
1.0,1.0,0.5639936116949448,,,
0.0,0.0,0.40864769403077994,,,
0.0,0.0,0.3638513568805325,,,
0.0,0.0,0.41214211828666775,,,
1.0,1.0,0.6524755625728806,,,
0.0,0.0,0.4509519560402607,,,
0.0,0.0,0.3538859395836152,,,
0.0,0.0,0.4035895512534292,,,
0.0,0.0,0.4238395163750183,,,
0.0,0.0,0.4079646343688615,,,
0.0,0.0,0.48468524422446746,,,
0.0,0.0,0.4756706010139703,,,
1.0,1.0,0.633072052569885,,,
0.0,0.0,0.40769058250657403,,,
1.0,0.0,0.4792282264049959,,,
1.0,1.0,0.5347827827827195,,,
1.0,1.0,0.5206657181031557,,,
0.0,0.0,0.39996565443784377,,,
1.0,0.0,0.46888854896892157,,,
1.0,1.0,0.6780762343788768,,,
0.0,0.0,0.4741345509754685,,,
0.0,0.0,0.4704383399009335,,,
1.0,1.0,0.5820222641989089,,,
0.0,0.0,0.46224791099510165,,,
1.0,1.0,0.617267886157083,,,
0.0,0.0,0.410385311240875,,,
0.0,0.0,0.47446294804058525,,,
0.0,0.0,0.40551009795452586,,,
0.0,0.0,0.4757312852551555,,,
1.0,1.0,0.509090111803699,,,
0.0,0.0,0.4403231933987348,,,
1.0,0.0,0.43451772745222994,,,
0.0,0.0,0.47952154687930854,,,
0.0,0.0,0.4991158610766213,,,
0.0,0.0,0.36639561276304367,,,
0.0,0.0,0.48560488257784495,,,
1.0,0.0,0.35628858676035413,,,
0.0,0.0,0.47031724498060784,,,
1.0,0.0,0.4559872216695104,,,
0.0,0.0,0.42002842157483433,,,
0.0,0.0,0.44024701117808557,,,
0.0,0.0,0.4449510736788377,,,
0.0,0.0,0.3935934214732186,,,
1.0,1.0,0.6659605303116394,,,
1.0,0.0,0.4424198437443066,,,
0.0,0.0,0.42294790797195847,,,
0.0,0.0,0.3690540541774969,,,
0.0,0.0,0.3997899403052186,,,
0.0,0.0,0.4468846573725891,,,
0.0,0.0,0.44064683371216196,,,
1.0,1.0,0.5654337496673685,,,
0.0,0.0,0.42732912859329636,,,
1.0,1.0,0.5173530602677303,,,
1.0,0.0,0.4704719851470414,,,
0.0,0.0,0.494188368415416,,,
1.0,0.0,0.37674279040799125,,,
0.0,0.0,0.44785822349033827,,,
1.0,1.0,0.5813620364075822,,,
1.0,1.0,0.5627293836505609,,,
1.0,1.0,0.6166034185136886,,,
0.0,0.0,0.42252951620415014,,,
0.0,0.0,0.4424215070785552,,,
1.0,0.0,0.4131653857091397,,,
0.0,0.0,0.43931702842005443,,,
0.0,0.0,0.4353780753442189,,,
0.0,0.0,0.38691521264344303,,,
1.0,0.0,0.4822759946294653,,,
0.0,0.0,0.420020406081169,,,
0.0,0.0,0.4410473500957777,,,
0.0,0.0,0.38374686695581983,,,
0.0,0.0,0.40317808087570944,,,
1.0,0.0,0.4620418889053393,,,
0.0,0.0,0.366974639278228,,,
0.0,0.0,0.44727281447213796,,,
0.0,1.0,0.5193468611062607,,,
1.0,1.0,0.6330910851007615,,,
0.0,0.0,0.44160575786361916,,,
0.0,1.0,0.501836550923552,,,
1.0,1.0,0.5559249168273813,,,
1.0,0.0,0.4725169621791505,,,
0.0,0.0,0.3544753674688224,,,
0.0,0.0,0.4467784355812175,,,
1.0,1.0,0.5615998619147311,,,
1.0,0.0,0.4973694608712833,,,
0.0,0.0,0.410493304538949,,,
1.0,0.0,0.43651263575430244,,,
1.0,1.0,0.5695342259313347,,,
0.0,0.0,0.40236990738378164,,,
0.0,0.0,0.38542546453535026,,,
1.0,1.0,0.7000687066440485,,,
0.0,0.0,0.35231261674171077,,,
0.0,0.0,0.46352113717939003,,,
0.0,0.0,0.46642247310691404,,,
1.0,1.0,0.6428687069131632,,,
1.0,0.0,0.46904641428660115,,,
0.0,0.0,0.3924176214755799,,,
0.0,0.0,0.47007322656549255,,,
1.0,1.0,0.6138573618227284,,,
1.0,1.0,0.5840932962153056,,,
1.0,0.0,0.46235132379396954,,,
0.0,0.0,0.48541517016246444,,,
1.0,1.0,0.5178083578128834,,,
0.0,0.0,0.4217761555215211,,,
1.0,0.0,0.483368642333351,,,
0.0,0.0,0.38070761798310954,,,
1.0,1.0,0.532725824016847,,,
1.0,1.0,0.5643247655076218,,,
1.0,0.0,0.4736132517905449,,,
1.0,1.0,0.7854248864769395,,,
1.0,0.0,0.4712815172534623,,,
1.0,0.0,0.45528233120289774,,,
0.0,0.0,0.49091165468848014,,,
1.0,1.0,0.6290265030114487,,,
0.0,0.0,0.37289099722520336,,,
0.0,0.0,0.4400776438816996,,,
0.0,0.0,0.4017096796684021,,,
1.0,0.0,0.4528804035002512,,,
1.0,1.0,0.604907030928001,,,
1.0,1.0,0.5161932875151929,,,
0.0,0.0,0.427329715181203,,,
0.0,0.0,0.3923738628897919,,,
0.0,0.0,0.4340915326567608,,,
1.0,1.0,0.7233375454423355,,,
0.0,0.0,0.435904767425394,,,
0.0,0.0,0.3908186516519805,,,
1.0,1.0,0.5838008543542073,,,
1.0,1.0,0.534589628936508,,,
1.0,1.0,0.5567565925972984,,,
1.0,1.0,0.5225277112121424,,,
0.0,0.0,0.42544516326383264,,,
1.0,0.0,0.46031755251019746,,,
1.0,1.0,0.611967167465595,,,
0.0,0.0,0.3655990321999641,,,
0.0,0.0,0.40955450007353184,,,
0.0,0.0,0.3629210557572936,,,
1.0,0.0,0.4468052729999337,,,
1.0,0.0,0.4582230359714988,,,
0.0,0.0,0.36144138005897886,,,
0.0,0.0,0.4861312597463692,,,
0.0,0.0,0.4018409711661785,,,
0.0,1.0,0.5015425354536307,,,
0.0,0.0,0.4710465616807439,,,
1.0,1.0,0.588840613978461,,,
0.0,0.0,0.4024708093260145,,,
1.0,0.0,0.48259401066016766,,,
0.0,0.0,0.40775917016136837,,,
0.0,0.0,0.4436781247223645,,,
1.0,1.0,0.5726960878536108,,,
1.0,0.0,0.4534825074056836,,,
0.0,0.0,0.45838385673048787,,,
0.0,0.0,0.36398964298360836,,,
1.0,1.0,0.7327413974162271,,,
0.0,1.0,0.5077788834165737,,,
0.0,0.0,0.33102098343930336,,,
0.0,0.0,0.421270389058286,,,
0.0,0.0,0.33511024793011723,,,
0.0,0.0,0.4352364202836762,,,
0.0,0.0,0.3668629662042661,,,
1.0,1.0,0.5152739092887196,,,
0.0,0.0,0.4066532541772211,,,
1.0,0.0,0.4960369482555864,,,
0.0,0.0,0.42014075917601046,,,
1.0,0.0,0.4370835810889182,,,
0.0,0.0,0.3907079674741547,,,
0.0,0.0,0.46147475179111513,,,
0.0,0.0,0.38817346097319105,,,
0.0,0.0,0.4374185930565423,,,
1.0,0.0,0.49860337746819416,,,
1.0,1.0,0.55801958560458,,,
1.0,1.0,0.53897450908318,,,
1.0,1.0,0.5045882284069464,,,
0.0,0.0,0.3786421252732679,,,
1.0,1.0,0.5520521829605178,,,
0.0,0.0,0.36856810573664356,,,
0.0,0.0,0.4030470103168897,,,
0.0,1.0,0.6367376119664666,,,
1.0,0.0,0.49752599192572894,,,
1.0,0.0,0.42285028065190333,,,
0.0,0.0,0.41772586180965915,,,
1.0,1.0,0.5800106061223751,,,
0.0,0.0,0.39638674394350804,,,
1.0,1.0,0.5468492712984866,,,
0.0,1.0,0.5345601418660408,,,
0.0,0.0,0.4625600900707064,,,
0.0,0.0,0.4238543331280439,,,
0.0,0.0,0.43058242492996396,,,
1.0,1.0,0.517200646708297,,,
1.0,0.0,0.48944656146492005,,,
0.0,1.0,0.5099908397718951,,,
0.0,0.0,0.443266950713639,,,
0.0,0.0,0.37549057794943624,,,
1.0,1.0,0.6156261753664846,,,
1.0,0.0,0.4975483708672441,,,
0.0,0.0,0.4944801283517009,,,
1.0,1.0,0.7056936457384114,,,
0.0,0.0,0.48446529523397774,,,
0.0,0.0,0.41636125773549754,,,
1.0,1.0,0.5238471872158713,,,
1.0,1.0,0.5421329784772134,,,
0.0,0.0,0.48922323785870075,,,
0.0,0.0,0.4020896334833189,,,
0.0,0.0,0.42565093036572266,,,
0.0,0.0,0.2692846967945406,,,
1.0,1.0,0.5146749102412664,,,
0.0,0.0,0.46536652538865175,,,
0.0,1.0,0.5014334088120179,,,
1.0,1.0,0.6020447459868729,,,
0.0,0.0,0.39332008040705096,,,
1.0,1.0,0.7821942100197065,,,
0.0,0.0,0.33471070680523707,,,
1.0,0.0,0.4531892462830384,,,
1.0,0.0,0.48474735303458133,,,
0.0,1.0,0.604239176163438,,,
1.0,1.0,0.5616427482248295,,,
1.0,0.0,0.40891413493244366,,,
0.0,0.0,0.4585636387644317,,,
1.0,0.0,0.4961390446238859,,,
1.0,1.0,0.5994927229401072,,,
1.0,1.0,0.5489766683454748,,,
1.0,0.0,0.4688978718461786,,,
1.0,0.0,0.48903205769312036,,,
0.0,0.0,0.40969724373656186,,,
0.0,0.0,0.38921632777171006,,,
1.0,1.0,0.7712848272111256,,,
0.0,1.0,0.5834634776638118,,,
0.0,0.0,0.49289683964044284,,,
1.0,0.0,0.46379910218719045,,,
1.0,1.0,0.6130006397248037,,,
0.0,0.0,0.46886113587146466,,,
1.0,0.0,0.46817547670857435,,,
1.0,1.0,0.5483296151110385,,,
0.0,0.0,0.41882927692712524,,,
0.0,0.0,0.46711436510691107,,,
0.0,0.0,0.4108402592014171,,,
0.0,0.0,0.3732669888575642,,,
1.0,0.0,0.46469881856577117,,,
0.0,0.0,0.48361939700773987,,,
1.0,1.0,0.6424147075956365,,,
1.0,1.0,0.6991353492318371,,,
1.0,0.0,0.48591756507766815,,,
0.0,0.0,0.35645446088095684,,,
0.0,0.0,0.4967431464387528,,,
1.0,1.0,0.5127698910781975,,,
0.0,0.0,0.47860320294356445,,,
0.0,0.0,0.4255332658312012,,,
1.0,0.0,0.4914651167435236,,,
0.0,1.0,0.5083347840595692,,,
1.0,0.0,0.4394080742081904,,,
1.0,1.0,0.6940928434015623,,,
0.0,0.0,0.4359820916576787,,,
1.0,1.0,0.7695148498399607,,,
1.0,1.0,0.5372516850101134,,,
0.0,0.0,0.3725852766839269,,,
0.0,0.0,0.4286706755711327,,,
1.0,1.0,0.5430161505165807,,,
0.0,0.0,0.3496003688534198,,,
0.0,0.0,0.41265741505875675,,,
0.0,0.0,0.4642619593440157,,,
1.0,0.0,0.44912827986534876,,,
0.0,0.0,0.4614334707961456,,,
0.0,0.0,0.4701269451790246,,,
0.0,1.0,0.5822031762957444,,,
0.0,0.0,0.4095723898401886,,,
0.0,1.0,0.5070304393471481,,,
1.0,0.0,0.450614557320899,,,
0.0,1.0,0.6189969908872577,,,
1.0,0.0,0.4345752592262853,,,
1.0,0.0,0.4813948556045512,,,
0.0,0.0,0.456002363633295,,,
0.0,0.0,0.41057754906906485,,,
0.0,0.0,0.4522469722940779,,,
0.0,1.0,0.520435320995081,,,
0.0,0.0,0.4417880308633532,,,
0.0,0.0,0.43030112749802735,,,
0.0,0.0,0.3867228634091874,,,
1.0,1.0,0.505683692081847,,,
0.0,0.0,0.4567216871450313,,,
1.0,1.0,0.5907153425436172,,,
0.0,0.0,0.37634026720218533,,,
1.0,0.0,0.494924184838612,,,
1.0,0.0,0.3963461437189091,,,
1.0,0.0,0.45105198159092263,,,
1.0,0.0,0.49454972323522484,,,
1.0,0.0,0.44980504343506444,,,
1.0,1.0,0.6553815338761887,,,
0.0,0.0,0.3598891920252412,,,
1.0,0.0,0.4045601147199243,,,
1.0,0.0,0.444207447774962,,,
1.0,1.0,0.5338557776376012,,,
1.0,1.0,0.5808305132532914,,,
0.0,0.0,0.4121880492654386,,,
0.0,0.0,0.4235572787719178,,,
0.0,0.0,0.40173887667404323,,,
0.0,0.0,0.47987076062708167,,,
0.0,0.0,0.45429957111619845,,,
1.0,1.0,0.5069486883598314,,,
1.0,0.0,0.3535854680377003,,,
0.0,0.0,0.3233192177574789,,,
0.0,0.0,0.38757006802314536,,,
0.0,0.0,0.4405626397369327,,,
1.0,1.0,0.5126318393529036,,,
0.0,0.0,0.37687608713267334,,,
0.0,0.0,0.4659400396196836,,,
1.0,0.0,0.42589876557209416,,,
1.0,1.0,0.7152043965041669,,,
0.0,0.0,0.45245354159256745,,,
1.0,0.0,0.4954346887590833,,,
0.0,0.0,0.4477075559960513,,,
1.0,1.0,0.7825065122171875,,,
1.0,1.0,0.5698480758832764,,,
1.0,1.0,0.5900874620170242,,,
0.0,0.0,0.3914455288108932,,,
0.0,0.0,0.41629453482080825,,,
0.0,0.0,0.4206430991814286,,,
1.0,1.0,0.5018108201187447,,,
0.0,0.0,0.34754541984225074,,,
0.0,1.0,0.6870205110708112,,,
1.0,0.0,0.44958251660857584,,,
0.0,1.0,0.5029874747353865,,,
1.0,1.0,0.6731389057217624,,,
1.0,1.0,0.5876029070399477,,,
1.0,0.0,0.4265108827955049,,,
0.0,1.0,0.5442993541411794,,,
0.0,0.0,0.43029463417979413,,,
0.0,0.0,0.3610932444413886,,,
0.0,0.0,0.4390957754038786,,,
0.0,0.0,0.3946812212365154,,,
0.0,0.0,0.4469865024988863,,,
1.0,1.0,0.5342242072741079,,,
1.0,1.0,0.630205968003822,,,
1.0,0.0,0.49542564297318054,,,
1.0,1.0,0.5769255899228689,,,
1.0,0.0,0.4754343994131183,,,
1.0,0.0,0.48974413253957944,,,
1.0,0.0,0.4829908787464693,,,
1.0,1.0,0.524902305124278,,,
0.0,0.0,0.35455223816901216,,,
1.0,1.0,0.5284573740185874,,,
1.0,1.0,0.6305616583432427,,,
0.0,0.0,0.4430074061885087,,,
1.0,0.0,0.49882094880851713,,,
1.0,1.0,0.5536219872032797,,,
0.0,0.0,0.45492917532508553,,,
0.0,0.0,0.358073148354932,,,
1.0,0.0,0.39149530538160837,,,
1.0,0.0,0.48273941846628604,,,
0.0,0.0,0.4276710541699301,,,
1.0,1.0,0.5272318309260747,,,
1.0,1.0,0.7651033616942794,,,
1.0,0.0,0.3808435719654739,,,
1.0,1.0,0.5048851696497998,,,
0.0,0.0,0.4574994530875772,,,
0.0,0.0,0.34352126130422994,,,
0.0,0.0,0.37771811824185636,,,
0.0,1.0,0.5092871278559732,,,
0.0,0.0,0.43514495787235663,,,
0.0,0.0,0.41261087327732937,,,
1.0,0.0,0.463686075717083,,,
1.0,0.0,0.45092821778371034,,,
0.0,0.0,0.42982274713661905,,,
0.0,0.0,0.42616970121871744,,,
1.0,0.0,0.4757931893937855,,,
1.0,1.0,0.7782218077315964,,,
0.0,0.0,0.41564519074324374,,,
1.0,1.0,0.5145316537599907,,,
1.0,1.0,0.6496096652723284,,,
0.0,0.0,0.4196409598415193,,,
0.0,0.0,0.4951815800777592,,,
0.0,0.0,0.45095128846342153,,,
0.0,0.0,0.413234827512239,,,
0.0,0.0,0.3359074664015001,,,
1.0,1.0,0.741798522399403,,,
0.0,1.0,0.5003370496117796,,,
0.0,0.0,0.4856271239117977,,,
1.0,1.0,0.5357563972327031,,,
0.0,0.0,0.4195102178829597,,,
1.0,0.0,0.441288307160559,,,
0.0,0.0,0.42296273519905575,,,
1.0,1.0,0.5044186993670016,,,
0.0,0.0,0.48568519487387485,,,
0.0,0.0,0.4662969726642374,,,
0.0,0.0,0.43641511716584197,,,
1.0,0.0,0.41141526221196667,,,
0.0,0.0,0.416282682133453,,,
1.0,0.0,0.4760515227979326,,,
0.0,0.0,0.3600125310007553,,,
0.0,0.0,0.41072240587163084,,,
0.0,0.0,0.40982745624779987,,,
1.0,1.0,0.6126603749015253,,,
1.0,1.0,0.5396529735204165,,,
1.0,1.0,0.7108365585324705,,,
1.0,0.0,0.46275413218798006,,,
0.0,0.0,0.4449400478046575,,,
1.0,0.0,0.4204443431395663,,,
0.0,0.0,0.3565155370899551,,,
1.0,1.0,0.6309466722056841,,,
1.0,1.0,0.5557864990769547,,,
0.0,0.0,0.39524256139802844,,,
1.0,1.0,0.6505664330616868,,,
0.0,0.0,0.416627889441634,,,
1.0,0.0,0.44887404758198146,,,
0.0,0.0,0.367532582096735,,,
1.0,0.0,0.4117307006596467,,,
1.0,1.0,0.5004113112903698,,,
0.0,0.0,0.45491703643086817,,,
0.0,1.0,0.6342955621649087,,,
0.0,0.0,0.4101944375622697,,,
1.0,1.0,0.5407709939673319,,,
0.0,0.0,0.3527669489997981,,,
0.0,0.0,0.443202730319363,,,
0.0,0.0,0.3670065346682627,,,
0.0,0.0,0.45667925533090037,,,
0.0,0.0,0.49685269941072036,,,
1.0,1.0,0.530149371948822,,,
1.0,1.0,0.5926700346499449,,,
1.0,1.0,0.6131706906005243,,,
1.0,0.0,0.42764759401263297,,,
0.0,0.0,0.4761391137190948,,,
0.0,0.0,0.4041254115911793,,,
1.0,0.0,0.49466089262940205,,,
0.0,0.0,0.4540201196332407,,,
0.0,0.0,0.44065625430429545,,,
0.0,0.0,0.398611480406666,,,
1.0,0.0,0.45097058975532317,,,
0.0,0.0,0.4696174043885044,,,
0.0,0.0,0.3770341146805371,,,
1.0,1.0,0.5568603397545365,,,
1.0,0.0,0.4431333903854969,,,
0.0,0.0,0.4038007935796072,,,
1.0,1.0,0.5423839124739602,,,
0.0,0.0,0.4095083685125788,,,
1.0,1.0,0.5467573182143067,,,
1.0,1.0,0.605615574398394,,,
1.0,0.0,0.45270990015157037,,,
0.0,0.0,0.46603208204631275,,,
0.0,0.0,0.39115733629558935,,,
0.0,0.0,0.3402018047300296,,,
0.0,0.0,0.41558896558944686,,,
1.0,1.0,0.5742008798088492,,,
1.0,0.0,0.39518058937089484,,,
0.0,0.0,0.42836628677003474,,,
1.0,1.0,0.6026536508959944,,,
1.0,1.0,0.6066050581124752,,,
0.0,0.0,0.45842898471956295,,,
1.0,1.0,0.5914542912091667,,,
1.0,1.0,0.5158613596146545,,,
1.0,0.0,0.431499229064774,,,
0.0,0.0,0.4244751511001956,,,
0.0,0.0,0.466942414429569,,,
0.0,0.0,0.40062062719687674,,,
1.0,1.0,0.7069014643871283,,,
1.0,1.0,0.5178092362144326,,,
1.0,0.0,0.44117363814667626,,,
1.0,0.0,0.4516196959313114,,,
0.0,0.0,0.4596328559406815,,,
1.0,0.0,0.4489868724550917,,,
0.0,0.0,0.4471862540295993,,,
1.0,1.0,0.5317936930895866,,,
1.0,1.0,0.5467053630884811,,,
0.0,0.0,0.4596132754571406,,,
0.0,0.0,0.3978625498539645,,,
1.0,1.0,0.6541301587694278,,,
0.0,0.0,0.39900214465355116,,,
0.0,0.0,0.3755304184256649,,,
0.0,0.0,0.3811867029847065,,,
1.0,1.0,0.5283992990612111,,,
1.0,1.0,0.6954949557235555,,,
1.0,0.0,0.4240102102912264,,,
1.0,1.0,0.5480344841947923,,,
1.0,0.0,0.3875237936126588,,,
0.0,0.0,0.47904405233422886,,,
0.0,0.0,0.4352632161218851,,,
0.0,0.0,0.28332336512707545,,,
0.0,0.0,0.45463595415947666,,,
1.0,0.0,0.41707915191439204,,,
1.0,1.0,0.7767859744439766,,,
0.0,0.0,0.47680394218072664,,,
1.0,1.0,0.5207438133019412,,,
0.0,0.0,0.38765221626154983,,,
0.0,0.0,0.45170652808380823,,,
0.0,0.0,0.41842122928482145,,,
0.0,0.0,0.4572096111256,,,
1.0,1.0,0.5122238485302633,,,
1.0,1.0,0.5235442892625835,,,
1.0,0.0,0.40460376300843304,,,
0.0,0.0,0.3982122679946047,,,
0.0,0.0,0.41115795254622967,,,
1.0,1.0,0.6183694971767532,,,
0.0,0.0,0.4850652036651698,,,
1.0,0.0,0.4633801281489071,,,
1.0,1.0,0.5130343856150559,,,
1.0,1.0,0.526114493329747,,,
0.0,0.0,0.35883462065397403,,,
1.0,1.0,0.6300965982415282,,,
1.0,0.0,0.41481322589434977,,,
0.0,0.0,0.39495616734133543,,,
0.0,0.0,0.4343410684535538,,,
1.0,0.0,0.48392776187337977,,,
0.0,0.0,0.4134522756746444,,,
0.0,0.0,0.39736789703646,,,
0.0,0.0,0.4899886405342437,,,
1.0,0.0,0.47810869544498646,,,
1.0,1.0,0.5917848830634398,,,
0.0,0.0,0.41981051960277493,,,
1.0,1.0,0.6091559783838341,,,
1.0,1.0,0.5526340496029719,,,
1.0,1.0,0.5445568273052361,,,
1.0,1.0,0.607235145559071,,,
1.0,1.0,0.633790076676853,,,
1.0,0.0,0.47435507675275485,,,
0.0,0.0,0.4467925242248291,,,
0.0,0.0,0.426500703017971,,,
0.0,0.0,0.47194727314744045,,,
0.0,0.0,0.3999225240696596,,,
0.0,0.0,0.39916730161298963,,,
0.0,0.0,0.4442064482436291,,,
0.0,0.0,0.4526740950527841,,,
1.0,0.0,0.4237373401173869,,,
1.0,1.0,0.565603175279309,,,
1.0,1.0,0.7611360098224874,,,
0.0,1.0,0.5733450753856315,,,
0.0,1.0,0.500330400359129,,,
1.0,1.0,0.5331620953080205,,,
0.0,0.0,0.39838196608908566,,,
0.0,0.0,0.4565400081426182,,,
0.0,1.0,0.5301071148941379,,,
0.0,0.0,0.43677306108921304,,,
1.0,1.0,0.5448122123430008,,,
0.0,0.0,0.40811282924977327,,,
0.0,0.0,0.4094235365599479,,,
1.0,1.0,0.5336428238797862,,,
0.0,0.0,0.4605473527193909,,,
0.0,0.0,0.3670631523044499,,,
0.0,0.0,0.4171924744821821,,,
1.0,1.0,0.5262223715439098,,,
1.0,1.0,0.520435320995081,,,
0.0,1.0,0.5302161573092163,,,
1.0,1.0,0.6153468999261715,,,
0.0,0.0,0.39746419255510834,,,
1.0,1.0,0.5178413034196563,,,
0.0,0.0,0.4355146432931344,,,
0.0,0.0,0.3922263774555957,,,
0.0,0.0,0.4922829186840282,,,
1.0,1.0,0.6900969576341539,,,
0.0,0.0,0.43619776627220036,,,
1.0,1.0,0.5346050214999513,,,
0.0,0.0,0.48800028450659283,,,
0.0,0.0,0.42237866265904633,,,
0.0,0.0,0.48546910283956535,,,
0.0,0.0,0.4240967489270718,,,
1.0,0.0,0.45320874848129017,,,
0.0,0.0,0.43174845747397966,,,
1.0,0.0,0.43750114745938334,,,
1.0,0.0,0.46066371231899267,,,
1.0,0.0,0.47843787970436336,,,
1.0,0.0,0.469350205361248,,,
0.0,0.0,0.4997911875815128,,,
0.0,0.0,0.40941137803276845,,,
1.0,1.0,0.5567502970782616,,,
1.0,0.0,0.4538817383799499,,,
0.0,0.0,0.3573955586771934,,,
1.0,0.0,0.4750925958051128,,,
1.0,1.0,0.7942286154060626,,,
1.0,1.0,0.5656260388433577,,,
0.0,0.0,0.43516280231008014,,,
1.0,0.0,0.49183039739005796,,,
0.0,0.0,0.4798433086936595,,,
0.0,0.0,0.3552733349116097,,,
0.0,1.0,0.5109105117710336,,,
0.0,0.0,0.3402390071999418,,,
1.0,1.0,0.5401536290734239,,,
1.0,0.0,0.4806893937942262,,,
1.0,0.0,0.4015752797778161,,,
1.0,1.0,0.5386243651382907,,,
1.0,0.0,0.48409616666189986,,,
1.0,0.0,0.463830691866256,,,
0.0,0.0,0.3823938430322509,,,
1.0,1.0,0.7191391757104393,,,
1.0,1.0,0.5117269745044729,,,
0.0,0.0,0.4089262381200982,,,
0.0,0.0,0.42060574693783825,,,
1.0,1.0,0.538170704141188,,,
1.0,1.0,0.5159252824908352,,,
1.0,1.0,0.5911050369727316,,,
0.0,0.0,0.4422415561128374,,,
1.0,1.0,0.5063445130336639,,,
0.0,0.0,0.4195000856819696,,,
1.0,0.0,0.49710264606399607,,,
0.0,0.0,0.45045039463734704,,,
1.0,0.0,0.49236495004818975,,,
1.0,1.0,0.5354418503439239,,,
1.0,1.0,0.5905676314329134,,,
1.0,0.0,0.47201612702992374,,,
0.0,0.0,0.4030968958149175,,,
0.0,0.0,0.46133538152914905,,,
0.0,0.0,0.3946057065448627,,,
1.0,1.0,0.5184886981314403,,,
0.0,0.0,0.3821253914877751,,,
1.0,1.0,0.7167095614890866,,,
0.0,1.0,0.5826120500526302,,,
1.0,1.0,0.671424547228175,,,
0.0,0.0,0.4667140604024506,,,
1.0,0.0,0.425296738669949,,,
0.0,0.0,0.4961683368408915,,,
0.0,0.0,0.40464080096897376,,,
0.0,0.0,0.40432398580510254,,,
1.0,0.0,0.4636465065670816,,,
1.0,1.0,0.5800402731701864,,,
0.0,0.0,0.49813165622804223,,,
1.0,1.0,0.6740063563253814,,,
0.0,0.0,0.4210082941508413,,,
0.0,0.0,0.4939008790390984,,,
1.0,1.0,0.6582675752863518,,,
0.0,0.0,0.38782941725579123,,,
0.0,0.0,0.42632900568038995,,,
1.0,1.0,0.5050810128404661,,,
1.0,1.0,0.5037400588958965,,,
0.0,1.0,0.5556988386383195,,,
0.0,0.0,0.3736192615797056,,,
1.0,0.0,0.4184503886310287,,,
0.0,0.0,0.4373261105848658,,,
1.0,1.0,0.7341158876849692,,,
1.0,0.0,0.4804275754342534,,,
1.0,0.0,0.3979684144286472,,,
1.0,1.0,0.5547943285053432,,,
0.0,0.0,0.4365605373483016,,,
1.0,1.0,0.5758228459907834,,,
0.0,0.0,0.42886894640248985,,,
0.0,0.0,0.39676752258187464,,,
0.0,0.0,0.3416712437654373,,,
0.0,0.0,0.474225357949098,,,
0.0,0.0,0.340101747550134,,,
0.0,0.0,0.4071963921683157,,,
1.0,1.0,0.5761515351413752,,,
1.0,0.0,0.4752434159057597,,,
1.0,1.0,0.5675818121975554,,,
0.0,0.0,0.4619982861661774,,,
0.0,0.0,0.43088252349719575,,,
1.0,0.0,0.38193393478516025,,,
0.0,0.0,0.38462485875723695,,,
1.0,0.0,0.4812489492307212,,,
0.0,0.0,0.40478150975301586,,,
1.0,1.0,0.5537842505881374,,,
0.0,0.0,0.4298078540360725,,,
1.0,0.0,0.48417571632758893,,,
0.0,0.0,0.35125031335819185,,,
0.0,0.0,0.4212198362116028,,,
0.0,0.0,0.43077392420625893,,,
0.0,0.0,0.4675066330091147,,,
1.0,1.0,0.5749602771002781,,,
1.0,1.0,0.6891161422236843,,,
1.0,0.0,0.49499511740198837,,,
0.0,0.0,0.42570289934827105,,,
1.0,1.0,0.5857831537976247,,,
0.0,0.0,0.4736196029182501,,,
0.0,0.0,0.34884933073938734,,,
1.0,0.0,0.4698499500435188,,,
1.0,1.0,0.5259698009605825,,,
0.0,0.0,0.46323528753628146,,,
0.0,0.0,0.3917247750773109,,,
0.0,0.0,0.36760287791622137,,,
0.0,0.0,0.453945785090442,,,
1.0,0.0,0.4920689667557853,,,
1.0,0.0,0.4266787220289651,,,
1.0,0.0,0.47992757829234184,,,
0.0,0.0,0.3830331343186123,,,
1.0,1.0,0.5451939872633121,,,
1.0,1.0,0.5262870350716871,,,
1.0,1.0,0.5457117818668993,,,
0.0,0.0,0.46786785886919435,,,
1.0,1.0,0.7184383957122109,,,
1.0,1.0,0.5208289184641509,,,
1.0,1.0,0.5787930375127525,,,
1.0,1.0,0.512480301535231,,,
0.0,0.0,0.42366222697708894,,,
0.0,0.0,0.4362867177469343,,,
1.0,0.0,0.43807507787306066,,,
1.0,1.0,0.5037232195201967,,,
0.0,0.0,0.44147750264923463,,,
0.0,0.0,0.4743364627520362,,,
1.0,0.0,0.3811338647040096,,,
0.0,0.0,0.41585548664417044,,,
0.0,0.0,0.4264329523380739,,,
0.0,0.0,0.38755184604768284,,,
1.0,0.0,0.3750066354234339,,,
1.0,0.0,0.4508646119279413,,,
1.0,1.0,0.6845000957432795,,,
1.0,1.0,0.5029241466266093,,,
0.0,0.0,0.3922214981220103,,,
0.0,0.0,0.4101557722859758,,,
1.0,1.0,0.5355815414269286,,,
1.0,0.0,0.4344428957733135,,,
0.0,0.0,0.4383350731197122,,,
1.0,0.0,0.4860427668517684,,,
0.0,0.0,0.37007740915871,,,
0.0,0.0,0.43473736345962316,,,
0.0,0.0,0.4555013677113025,,,
1.0,1.0,0.5453913592953613,,,
1.0,0.0,0.48495038257430695,,,
1.0,1.0,0.6571057795125934,,,
1.0,0.0,0.44588218778139826,,,
1.0,0.0,0.463149892868966,,,
1.0,1.0,0.5412113326166533,,,
1.0,1.0,0.5210358456731143,,,
1.0,1.0,0.5638819341858866,,,
1.0,0.0,0.4077711783777614,,,
0.0,0.0,0.4280257159153182,,,
0.0,1.0,0.5051544232260488,,,
1.0,1.0,0.5629851008279042,,,
0.0,0.0,0.3832196906885857,,,
0.0,0.0,0.41295003837492256,,,
1.0,0.0,0.35479523226736553,,,
1.0,1.0,0.693343136905499,,,
1.0,0.0,0.48147715300997707,,,
0.0,0.0,0.37950510212419025,,,
0.0,0.0,0.3950937850513445,,,
1.0,0.0,0.42407814197899674,,,
0.0,0.0,0.375770790800044,,,
1.0,1.0,0.6053625312714802,,,
1.0,1.0,0.5336247172107106,,,
1.0,0.0,0.46584328377732465,,,
1.0,0.0,0.457923314723069,,,
1.0,0.0,0.40141769683175677,,,
1.0,1.0,0.6560822559418545,,,
0.0,0.0,0.4143813777625508,,,
0.0,0.0,0.46098828784891027,,,
0.0,0.0,0.3861206964736039,,,
0.0,0.0,0.46949189938823394,,,
0.0,0.0,0.434474443736948,,,
1.0,0.0,0.35541000458611155,,,
0.0,0.0,0.42176926103152734,,,
1.0,1.0,0.6535364203842438,,,
1.0,1.0,0.554349661865745,,,
0.0,0.0,0.4483506635854447,,,
0.0,0.0,0.32668083627409394,,,
0.0,0.0,0.42890059843662787,,,
0.0,0.0,0.41077685664805913,,,
1.0,0.0,0.47628092105844755,,,
0.0,0.0,0.33509026712160306,,,
1.0,1.0,0.6120073577612113,,,
0.0,0.0,0.41907772082287703,,,
1.0,1.0,0.5968928641716743,,,
0.0,0.0,0.42600429403203405,,,
0.0,0.0,0.4206452922626116,,,
0.0,0.0,0.44398081069763873,,,
1.0,1.0,0.5120673041232408,,,
0.0,0.0,0.39003458070981784,,,
1.0,1.0,0.7065408615095132,,,
0.0,0.0,0.4028065605183871,,,
0.0,0.0,0.28204855440513743,,,
0.0,0.0,0.46125921384527546,,,
0.0,0.0,0.417938856350984,,,
1.0,1.0,0.5302315698192536,,,
0.0,0.0,0.4036174835081484,,,
1.0,1.0,0.6236598474568311,,,
0.0,0.0,0.47077863892987515,,,
1.0,1.0,0.5359551499175895,,,
1.0,0.0,0.42644258378561894,,,
1.0,0.0,0.4336189914208379,,,
0.0,0.0,0.38994807867649334,,,
0.0,0.0,0.49847268888030194,,,
1.0,1.0,0.5806877075634945,,,
0.0,0.0,0.4774347835054712,,,
1.0,0.0,0.39887211652240445,,,
0.0,0.0,0.4744046113307811,,,
1.0,1.0,0.5124437463937564,,,
1.0,1.0,0.5643621894752097,,,
0.0,0.0,0.4654149433922747,,,
1.0,1.0,0.6316541372820178,,,
1.0,1.0,0.6612451519085737,,,
1.0,1.0,0.5070712407860276,,,
1.0,0.0,0.4645679036938438,,,
0.0,0.0,0.4580139134807295,,,
0.0,0.0,0.3538512623876568,,,
0.0,0.0,0.358073148354932,,,
0.0,0.0,0.4612779527298269,,,
1.0,1.0,0.6296131428027957,,,
1.0,0.0,0.4633924256080302,,,
1.0,0.0,0.4585004054423191,,,
1.0,1.0,0.5050006028252573,,,
1.0,1.0,0.5585530948801632,,,
1.0,1.0,0.5811120263376444,,,
0.0,0.0,0.3417990034224529,,,
0.0,0.0,0.4607718278992596,,,
1.0,1.0,0.6105243870619744,,,
0.0,0.0,0.4626727173722707,,,
1.0,1.0,0.6587498293502755,,,
1.0,0.0,0.4892694674123016,,,
0.0,0.0,0.42883206283586556,,,
0.0,0.0,0.47357940676713445,,,
0.0,0.0,0.4600592702351659,,,
0.0,0.0,0.4783186534025678,,,
0.0,0.0,0.4285601612260404,,,
0.0,0.0,0.3830769028865849,,,
0.0,0.0,0.4004249305925378,,,
0.0,0.0,0.4798285317273807,,,
0.0,0.0,0.38534744641626517,,,
1.0,1.0,0.6166766668063953,,,
1.0,1.0,0.65305058010595,,,
1.0,0.0,0.4653079259662913,,,
1.0,0.0,0.4449505951999246,,,
0.0,0.0,0.4949119407964204,,,
1.0,0.0,0.42001364882857734,,,
0.0,0.0,0.3892635548145049,,,
1.0,1.0,0.5106055814581829,,,
0.0,0.0,0.40721546125463387,,,
1.0,1.0,0.5717378122785982,,,
1.0,1.0,0.6096345373204997,,,
1.0,1.0,0.5018890956342753,,,
1.0,0.0,0.48322424514187917,,,
1.0,1.0,0.5244149535479821,,,
1.0,0.0,0.444892256030306,,,
1.0,1.0,0.5350020575252191,,,
1.0,1.0,0.5578745752361604,,,
1.0,1.0,0.5333264290664431,,,
1.0,1.0,0.5080532541004192,,,
0.0,0.0,0.45281644007426564,,,
0.0,0.0,0.4633649295544029,,,
0.0,0.0,0.44211112412726805,,,
1.0,0.0,0.4140156249209803,,,
1.0,1.0,0.5550984020969185,,,
1.0,1.0,0.5505338613233662,,,
0.0,0.0,0.3761169148755423,,,
0.0,0.0,0.33002122328043393,,,
1.0,0.0,0.48061504927572674,,,
0.0,0.0,0.35257236041745704,,,
1.0,1.0,0.524551705789272,,,
0.0,0.0,0.4639528063747203,,,
0.0,0.0,0.4470967807029102,,,
0.0,0.0,0.4371453699701737,,,
0.0,0.0,0.4417979498716495,,,
0.0,0.0,0.42148456923573036,,,
1.0,0.0,0.4973657965556039,,,
0.0,0.0,0.4799844655551441,,,
1.0,0.0,0.4797510757577872,,,
0.0,0.0,0.410821751121022,,,
1.0,1.0,0.5266075984964148,,,
1.0,1.0,0.5693561722907988,,,
1.0,0.0,0.4431333903854969,,,
0.0,0.0,0.40722170680043895,,,
0.0,0.0,0.44646061532051057,,,
0.0,0.0,0.3854404403420484,,,
0.0,1.0,0.5083089934362238,,,
1.0,0.0,0.49726026521096833,,,
1.0,0.0,0.4940241330352893,,,
0.0,0.0,0.4238873543450885,,,
1.0,0.0,0.4477967383004412,,,
0.0,0.0,0.43038652254484927,,,
0.0,0.0,0.4894722416572657,,,
0.0,0.0,0.33856976863726196,,,
1.0,1.0,0.5433653958009087,,,
1.0,1.0,0.621799794560268,,,
0.0,1.0,0.5172604835478356,,,
0.0,0.0,0.3654199436167756,,,
0.0,0.0,0.3891285548042144,,,
0.0,0.0,0.43376741660779894,,,
0.0,0.0,0.35479523226736553,,,
1.0,0.0,0.45852104472329264,,,
1.0,1.0,0.5890763478652077,,,
1.0,1.0,0.5907476239769291,,,
1.0,0.0,0.43005108027401034,,,
1.0,1.0,0.779616467575924,,,
0.0,0.0,0.32358183064418383,,,
0.0,0.0,0.36257965376179796,,,
0.0,0.0,0.4239232690936296,,,
0.0,0.0,0.44029311518343234,,,
1.0,1.0,0.6443119248318281,,,
0.0,0.0,0.41430475259282035,,,
0.0,0.0,0.4264581798157115,,,
1.0,1.0,0.5309179887819209,,,
1.0,0.0,0.41843389467471265,,,
1.0,1.0,0.5949648899215702,,,
0.0,0.0,0.4112202215120872,,,
0.0,0.0,0.3825465235262761,,,
1.0,0.0,0.4511544997703168,,,
0.0,0.0,0.4120533088805067,,,
0.0,0.0,0.34756871475415146,,,
1.0,1.0,0.5589719884904407,,,
1.0,1.0,0.5255272105729029,,,
1.0,1.0,0.7227065848764253,,,
0.0,0.0,0.40366144688063443,,,
1.0,1.0,0.5246332004273706,,,
1.0,0.0,0.493307268702195,,,
0.0,0.0,0.41648909640792114,,,
1.0,1.0,0.5793824063049736,,,
0.0,0.0,0.40168086895795047,,,
1.0,1.0,0.5057211824669511,,,
0.0,0.0,0.46762259846017773,,,
1.0,1.0,0.6415865581615446,,,
1.0,1.0,0.5478709447221848,,,
0.0,0.0,0.48258576930302327,,,
0.0,0.0,0.4696174043885044,,,
1.0,1.0,0.5049770094474174,,,
0.0,1.0,0.5093127791672649,,,
1.0,1.0,0.5645025076385383,,,
1.0,1.0,0.5671564425607876,,,
1.0,0.0,0.4726366940425922,,,
1.0,0.0,0.47430812299039504,,,
0.0,0.0,0.443829327266229,,,
0.0,0.0,0.454764439617768,,,
0.0,0.0,0.3791381550107323,,,
1.0,1.0,0.5706972525229097,,,
1.0,1.0,0.6637385168356531,,,
0.0,0.0,0.39755964605329397,,,
1.0,0.0,0.44132969005821515,,,
0.0,0.0,0.41051797169359605,,,
0.0,0.0,0.48070122195077736,,,
0.0,0.0,0.4263101516097861,,,
1.0,1.0,0.5649635472559426,,,
0.0,1.0,0.5123773004501425,,,
1.0,1.0,0.5405686575916082,,,
0.0,0.0,0.4488752015328987,,,
0.0,0.0,0.47294797261451443,,,
1.0,1.0,0.6268452421173116,,,
0.0,0.0,0.41248725365685357,,,
0.0,0.0,0.4836894681399214,,,
0.0,0.0,0.4069810099329138,,,
1.0,1.0,0.5199304292767154,,,
0.0,0.0,0.34229288552096715,,,
1.0,1.0,0.6457334631826553,,,
0.0,0.0,0.46308713177674493,,,
1.0,1.0,0.6840785294420734,,,
0.0,0.0,0.4516115479347402,,,
1.0,0.0,0.4972944504250713,,,
1.0,0.0,0.4577128887692919,,,
1.0,0.0,0.45243584975738754,,,
0.0,0.0,0.40653459145227877,,,
1.0,0.0,0.4997389139227755,,,
1.0,1.0,0.7232629504073739,,,
1.0,0.0,0.4515828260920898,,,
0.0,0.0,0.3857605932530781,,,
1.0,1.0,0.68989211974507,,,
1.0,1.0,0.5248119387550003,,,
0.0,0.0,0.3884728528187418,,,
0.0,0.0,0.48376537497495287,,,
1.0,1.0,0.5186950776742716,,,
1.0,1.0,0.5578214492640688,,,
0.0,0.0,0.48174752848676883,,,
1.0,1.0,0.542232047728271,,,
0.0,0.0,0.41357956386576616,,,
0.0,0.0,0.3599836380126558,,,
1.0,0.0,0.3958872684601503,,,
1.0,0.0,0.44926824924978276,,,
1.0,1.0,0.5112065097936914,,,
0.0,1.0,0.5089689764809134,,,
1.0,0.0,0.46002377762708146,,,
1.0,1.0,0.6909596786605233,,,
1.0,0.0,0.47611397412692996,,,
0.0,1.0,0.5444054824237436,,,
1.0,1.0,0.5519023368814762,,,
0.0,0.0,0.3825818423395359,,,
0.0,0.0,0.47083277722814776,,,
1.0,0.0,0.472108533160136,,,
0.0,0.0,0.44378374419841427,,,
0.0,0.0,0.35409390048877953,,,
1.0,0.0,0.4735772794722487,,,
0.0,0.0,0.3706403557072261,,,
1.0,1.0,0.6643219147706644,,,
1.0,0.0,0.4491802885347243,,,
0.0,0.0,0.4093024250965493,,,
1.0,1.0,0.5081517689526791,,,
0.0,0.0,0.4480580807897022,,,
1.0,0.0,0.4400097639237903,,,
1.0,0.0,0.4580557830936682,,,
0.0,0.0,0.372110139461847,,,
0.0,0.0,0.4845419513730237,,,
1.0,0.0,0.42961637463541885,,,
0.0,0.0,0.46653388108803434,,,
1.0,0.0,0.4413274471785864,,,
0.0,0.0,0.45364296551637684,,,
0.0,0.0,0.32527499060218973,,,
0.0,0.0,0.4092602182775177,,,
1.0,0.0,0.4745756075552864,,,
1.0,0.0,0.4646725301033474,,,
0.0,0.0,0.39820460776036426,,,
0.0,0.0,0.4004819284612197,,,
0.0,0.0,0.4326790145141288,,,
1.0,0.0,0.4554584019026348,,,
1.0,1.0,0.5838771906535819,,,
1.0,1.0,0.581610190289428,,,
0.0,0.0,0.4208590766766485,,,
1.0,0.0,0.4362268538516759,,,
1.0,1.0,0.5117806172877339,,,
1.0,0.0,0.46424708655228397,,,
1.0,0.0,0.46860420457498964,,,
1.0,0.0,0.47986558867573703,,,
1.0,1.0,0.5504640979779714,,,
0.0,0.0,0.47665813955872177,,,
1.0,0.0,0.4906274967445735,,,
0.0,0.0,0.45982078555366857,,,
0.0,0.0,0.45304452194378797,,,
1.0,0.0,0.4666045217297798,,,
0.0,0.0,0.40723647522567474,,,
1.0,1.0,0.5472321009129916,,,
0.0,0.0,0.41718998203271074,,,
0.0,0.0,0.39638674394350804,,,
1.0,1.0,0.5217878951182703,,,
1.0,0.0,0.41038201538507946,,,
1.0,0.0,0.4719778577937238,,,
1.0,1.0,0.5001175764926834,,,
0.0,0.0,0.40292237356019434,,,
0.0,0.0,0.44838626783058577,,,
0.0,0.0,0.4074084255991246,,,
0.0,0.0,0.3931254014595015,,,
1.0,1.0,0.5339057342885503,,,
1.0,1.0,0.6077722574481631,,,
0.0,1.0,0.5196448061686529,,,
1.0,0.0,0.45528978238947604,,,
0.0,1.0,0.5182860524483781,,,
1.0,1.0,0.6609033539242647,,,
0.0,0.0,0.4168842933608146,,,
1.0,1.0,0.7704701148391364,,,
0.0,0.0,0.49047906075019615,,,
1.0,1.0,0.5659061817923462,,,
1.0,1.0,0.7786713676883927,,,
1.0,0.0,0.45460767908544075,,,
0.0,0.0,0.3947296483327785,,,
1.0,1.0,0.5112831024013075,,,
1.0,1.0,0.5627762640320818,,,
0.0,0.0,0.39727758272869845,,,
1.0,1.0,0.5131052950083582,,,
0.0,0.0,0.4059665720442252,,,
1.0,1.0,0.5458601209380897,,,
0.0,0.0,0.47277555073096905,,,
0.0,0.0,0.4135269581184214,,,
1.0,0.0,0.48579809405134966,,,
1.0,1.0,0.5086426653556501,,,
1.0,1.0,0.6213454510029707,,,
0.0,0.0,0.33919159041775554,,,
1.0,1.0,0.5670529720557097,,,
1.0,1.0,0.5968232675708596,,,
1.0,1.0,0.5105756767099529,,,
1.0,0.0,0.4154842974137039,,,
1.0,1.0,0.5723295538277722,,,
1.0,1.0,0.5279189864582169,,,
1.0,0.0,0.4242089163867474,,,
0.0,0.0,0.425420165280431,,,
0.0,0.0,0.41656373293507115,,,
1.0,1.0,0.5396556270966815,,,
0.0,0.0,0.426012795536044,,,
1.0,1.0,0.5463548778862957,,,
0.0,0.0,0.3221914289685944,,,
1.0,0.0,0.3991986119196354,,,
1.0,1.0,0.6027980758955876,,,
0.0,0.0,0.3825169277842422,,,
1.0,0.0,0.4678775559847705,,,
1.0,0.0,0.4985425841105344,,,
0.0,0.0,0.4038268475587646,,,
0.0,0.0,0.3402218417665395,,,
1.0,1.0,0.6310936296138144,,,
1.0,0.0,0.48500128262513115,,,
0.0,0.0,0.45996051519716413,,,
1.0,1.0,0.6117080768266081,,,
0.0,0.0,0.36998518417463,,,
1.0,0.0,0.4734939057996211,,,
1.0,1.0,0.5645369479756153,,,
0.0,0.0,0.4196437037889361,,,
1.0,1.0,0.5452303753050912,,,
0.0,0.0,0.43582604213927983,,,
1.0,0.0,0.43228255516265834,,,
0.0,0.0,0.38944653465991,,,
0.0,0.0,0.4249357058567605,,,
0.0,0.0,0.36145831393516387,,,
0.0,0.0,0.4233859146311308,,,
0.0,0.0,0.43397657714458976,,,
0.0,1.0,0.5986385292308113,,,
0.0,0.0,0.4789120879740289,,,
0.0,1.0,0.5097067972809312,,,
0.0,0.0,0.38396807649822695,,,
0.0,0.0,0.4765829216421039,,,
1.0,1.0,0.5216793162816339,,,
0.0,0.0,0.40025129123149455,,,
0.0,0.0,0.47507520292797056,,,
1.0,0.0,0.4648435373843851,,,
1.0,1.0,0.5440658280071621,,,
0.0,0.0,0.42717930106936136,,,
0.0,0.0,0.4149474312419305,,,
1.0,1.0,0.6503856172689688,,,
1.0,0.0,0.4725206236613717,,,
0.0,0.0,0.40155779164515365,,,
1.0,0.0,0.4979633741200866,,,
0.0,0.0,0.4494759552175746,,,
0.0,0.0,0.4502844302848983,,,
1.0,1.0,0.5158338164110124,,,
0.0,0.0,0.42429447710018564,,,
0.0,0.0,0.47905181996053586,,,
1.0,1.0,0.5625840425181503,,,
1.0,1.0,0.5348077110167176,,,
1.0,0.0,0.46515591028158576,,,
0.0,0.0,0.4623705173295281,,,
0.0,0.0,0.4841947132024728,,,
0.0,0.0,0.38848997982157435,,,
1.0,0.0,0.43285510798048754,,,
0.0,0.0,0.4877716167270399,,,
1.0,1.0,0.5727538729749648,,,
0.0,0.0,0.3845198509238139,,,
1.0,1.0,0.5100858670344883,,,
0.0,1.0,0.5157813529855308,,,
0.0,0.0,0.44058043630043114,,,
1.0,1.0,0.6744074472183813,,,
0.0,0.0,0.44873411574449557,,,
1.0,0.0,0.49390566270770975,,,
1.0,1.0,0.5231291165281434,,,
1.0,1.0,0.5593799620274473,,,
0.0,0.0,0.3999888409724228,,,
1.0,0.0,0.3778206071384686,,,
0.0,0.0,0.4757378378204647,,,
0.0,0.0,0.4187114783404436,,,
1.0,1.0,0.5298230205279711,,,
0.0,0.0,0.44151781148288743,,,
0.0,0.0,0.34306245922806683,,,
0.0,1.0,0.5310492431193717,,,
0.0,0.0,0.372110139461847,,,
1.0,1.0,0.5617549650205672,,,
1.0,0.0,0.3846388089323233,,,
0.0,0.0,0.36687984233038407,,,
1.0,0.0,0.4689215688769861,,,
1.0,1.0,0.5246509270230387,,,
0.0,0.0,0.4147888446750323,,,
1.0,0.0,0.466524003733936,,,
0.0,0.0,0.36461739400681115,,,
1.0,0.0,0.47581809331162706,,,
0.0,0.0,0.36833812283855866,,,
0.0,0.0,0.4763769381478913,,,
1.0,1.0,0.592478515594283,,,
1.0,0.0,0.4492760241771172,,,
1.0,1.0,0.54177536216702,,,
0.0,0.0,0.41229876195947857,,,
1.0,0.0,0.4643169959106613,,,
0.0,0.0,0.49121048621600727,,,
1.0,0.0,0.4535206908478818,,,
0.0,0.0,0.42787718186854,,,
1.0,1.0,0.5562814854081711,,,
0.0,0.0,0.4116961137544157,,,
0.0,0.0,0.4256127549727052,,,
0.0,0.0,0.3725852766839269,,,
0.0,0.0,0.4314946707875844,,,
0.0,0.0,0.40187377284980136,,,
0.0,1.0,0.5032791256462112,,,
1.0,1.0,0.5486741178473173,,,
0.0,0.0,0.47599941016439806,,,
0.0,0.0,0.4445140757722673,,,
0.0,0.0,0.42531811644636547,,,
0.0,0.0,0.4322565664455397,,,
1.0,1.0,0.5021183797850707,,,
0.0,1.0,0.5305301735929728,,,
1.0,0.0,0.4936874399993224,,,
1.0,0.0,0.4872135009844862,,,
1.0,1.0,0.5307237373800532,,,
1.0,1.0,0.7802578495293612,,,
0.0,0.0,0.44314038984022147,,,
0.0,0.0,0.4254939945260653,,,
0.0,0.0,0.4204364289571967,,,
0.0,0.0,0.35578213362234107,,,
0.0,0.0,0.44640695173296424,,,
0.0,0.0,0.3903632779947843,,,
0.0,0.0,0.43288485242618574,,,
1.0,1.0,0.5174131298970472,,,
1.0,1.0,0.5277072030841851,,,
0.0,1.0,0.528078440335645,,,
0.0,0.0,0.40323949407712834,,,
0.0,0.0,0.3825687635345392,,,
0.0,0.0,0.40879299764630334,,,
1.0,1.0,0.6153961493654211,,,
1.0,1.0,0.5453858901978986,,,
0.0,0.0,0.433412124538701,,,
0.0,0.0,0.4163543098866932,,,
1.0,0.0,0.47552749924244275,,,
1.0,1.0,0.5703806684466199,,,
1.0,1.0,0.634554546162553,,,
0.0,0.0,0.43267238020797366,,,
0.0,0.0,0.4053816455982018,,,
0.0,0.0,0.40547256912969726,,,
1.0,0.0,0.4346914558758413,,,
0.0,0.0,0.44373099440677916,,,
1.0,0.0,0.4561604426633022,,,
1.0,1.0,0.5275225627794592,,,
1.0,0.0,0.4804778217483841,,,
1.0,0.0,0.48395727499698343,,,
1.0,0.0,0.443243934537497,,,
0.0,0.0,0.4273052216305498,,,
0.0,0.0,0.41713661840949845,,,
1.0,0.0,0.4403001014341793,,,
0.0,1.0,0.5595818336857056,,,
0.0,0.0,0.43516346516781246,,,
0.0,0.0,0.41509640583593993,,,
0.0,0.0,0.4457545045503104,,,
1.0,0.0,0.43124544720026936,,,
0.0,0.0,0.394750612417369,,,
0.0,1.0,0.5136209186771357,,,
1.0,0.0,0.3676605636119696,,,
0.0,0.0,0.3888490000577933,,,
0.0,0.0,0.41755868957142594,,,
1.0,0.0,0.46175511295354477,,,
1.0,1.0,0.7116490667490151,,,
0.0,0.0,0.4449308016348199,,,
0.0,0.0,0.41256299447068756,,,
0.0,0.0,0.40737044198673256,,,
0.0,0.0,0.42148456923573036,,,
0.0,0.0,0.4415283025552518,,,
1.0,1.0,0.6893048101887139,,,
1.0,1.0,0.5372723850650536,,,
1.0,1.0,0.6137358193105903,,,
0.0,0.0,0.4781980585420443,,,
0.0,0.0,0.4032269025323977,,,
1.0,0.0,0.48187018857920244,,,
1.0,1.0,0.6841608950930581,,,
0.0,0.0,0.4638568218866838,,,
1.0,1.0,0.5103324453705014,,,
1.0,1.0,0.5131049828302552,,,
1.0,1.0,0.5901308994010978,,,
1.0,1.0,0.5707233401691822,,,
0.0,0.0,0.446224899434943,,,
0.0,1.0,0.5105198070862416,,,
1.0,0.0,0.46827922828938234,,,
1.0,0.0,0.4972448453533625,,,
1.0,1.0,0.5037400588958965,,,
0.0,0.0,0.4281146903133107,,,
0.0,0.0,0.354511542370884,,,
1.0,0.0,0.4969517536363957,,,
1.0,1.0,0.5111954931269685,,,
1.0,0.0,0.42518130009708804,,,
1.0,1.0,0.5074167332304634,,,
0.0,0.0,0.45810439441670425,,,
1.0,0.0,0.45373050402071624,,,
1.0,0.0,0.47403395561847483,,,
0.0,0.0,0.3944116967966373,,,
0.0,0.0,0.3915319997809818,,,
0.0,0.0,0.4238300471871503,,,
1.0,1.0,0.546458475462798,,,
0.0,0.0,0.4153714394715357,,,
1.0,1.0,0.5235832705475624,,,
1.0,1.0,0.5810525024214854,,,
1.0,1.0,0.6410313591583993,,,
1.0,1.0,0.5600771775719308,,,
1.0,1.0,0.5129094724304668,,,
0.0,0.0,0.4020374150594175,,,
1.0,0.0,0.45821308186214865,,,
1.0,1.0,0.5585841393175004,,,
0.0,0.0,0.46970866213321166,,,
1.0,1.0,0.6912078513032581,,,
0.0,0.0,0.4037908223109008,,,
1.0,0.0,0.4925663777200994,,,
0.0,0.0,0.455197760946426,,,
0.0,0.0,0.4585702014501937,,,
1.0,1.0,0.5467305222724146,,,
0.0,0.0,0.4203981069628825,,,
1.0,0.0,0.49311924569257926,,,
1.0,0.0,0.4636022711381402,,,
1.0,1.0,0.5665191434514284,,,
1.0,0.0,0.3261308181651263,,,
0.0,0.0,0.36018770489425567,,,
0.0,0.0,0.39124565399740163,,,
1.0,0.0,0.4820163495531604,,,
1.0,1.0,0.5167828508020262,,,
1.0,0.0,0.49236470939128085,,,
1.0,0.0,0.4859108681644104,,,
1.0,0.0,0.49370292711793523,,,
0.0,0.0,0.4160875453223091,,,
0.0,0.0,0.39088417864557284,,,
0.0,0.0,0.433689304757464,,,
1.0,0.0,0.45352463715240027,,,
1.0,1.0,0.721096160249059,,,
1.0,0.0,0.48256491338401813,,,
1.0,0.0,0.4683484079082413,,,
1.0,1.0,0.5193890102364485,,,
0.0,1.0,0.5037128225889943,,,
0.0,0.0,0.4746128829318384,,,
1.0,0.0,0.4735858166141649,,,
0.0,1.0,0.5689060399570138,,,
1.0,0.0,0.4713414806894856,,,
1.0,0.0,0.40089056746527835,,,
1.0,1.0,0.5767988856522269,,,
1.0,1.0,0.5221307449506403,,,
1.0,1.0,0.7809501019413336,,,
1.0,1.0,0.618491291989133,,,
1.0,1.0,0.5470736425726367,,,
0.0,0.0,0.4194289079814218,,,
0.0,0.0,0.37893259594115586,,,
0.0,0.0,0.41431457277333594,,,
1.0,0.0,0.4047770430901071,,,
1.0,1.0,0.5756203110225849,,,
1.0,0.0,0.4427702994048106,,,
1.0,1.0,0.5386243651382907,,,
0.0,0.0,0.4113688160122679,,,
1.0,1.0,0.6283816771208516,,,
0.0,0.0,0.43605478695592653,,,
0.0,0.0,0.4187614318520714,,,
1.0,1.0,0.5154754821810227,,,
1.0,1.0,0.503167064298892,,,
0.0,0.0,0.3997076472275519,,,
0.0,0.0,0.4337855424140921,,,
0.0,1.0,0.5627098257660371,,,
0.0,0.0,0.41059600098791865,,,
0.0,0.0,0.4176801122108093,,,
1.0,1.0,0.6424953892643518,,,
0.0,0.0,0.4572863082188855,,,
0.0,0.0,0.4618991356030759,,,
1.0,1.0,0.5299111933211765,,,
1.0,1.0,0.5433630607713879,,,
0.0,0.0,0.354511542370884,,,
0.0,0.0,0.49727768329375366,,,
0.0,0.0,0.44703400224090917,,,
1.0,0.0,0.4791159859880785,,,
0.0,0.0,0.39840033908173444,,,
1.0,1.0,0.581181922468188,,,
0.0,0.0,0.42280486428441694,,,
0.0,0.0,0.39888774645025593,,,
0.0,0.0,0.41919759101650833,,,
0.0,0.0,0.42973340184702824,,,
1.0,1.0,0.5468028514865536,,,
1.0,1.0,0.5611743063544185,,,
0.0,0.0,0.44058696530668123,,,
1.0,0.0,0.4525900364582463,,,
1.0,1.0,0.5883641105824174,,,
1.0,1.0,0.5475683544891169,,,
0.0,0.0,0.3965979160855835,,,
0.0,0.0,0.4071560983694936,,,
1.0,0.0,0.4698050266616834,,,
0.0,0.0,0.4331327515923602,,,
0.0,0.0,0.4928206881417336,,,
0.0,0.0,0.38120472277886275,,,
0.0,0.0,0.4087214206973202,,,
0.0,0.0,0.3888081565523871,,,
0.0,0.0,0.48911867104905254,,,
1.0,1.0,0.5201088313801884,,,
1.0,1.0,0.516883636057788,,,
1.0,0.0,0.4712815172534623,,,
1.0,0.0,0.44043448197511265,,,
1.0,0.0,0.4509901799985062,,,
1.0,0.0,0.3911105818820368,,,
1.0,0.0,0.42370625569085263,,,
0.0,0.0,0.46828622818836946,,,
0.0,0.0,0.4455702233239892,,,
1.0,1.0,0.618392223995866,,,
1.0,0.0,0.44420570583999125,,,
1.0,0.0,0.4876725988423593,,,
1.0,0.0,0.4439814339834461,,,
0.0,0.0,0.42362807621217213,,,
0.0,0.0,0.42603977256144987,,,
1.0,1.0,0.5282040910364032,,,
0.0,0.0,0.4331372524494538,,,
1.0,1.0,0.5465266255783456,,,
1.0,1.0,0.5030835807080551,,,
0.0,0.0,0.43474047123181025,,,
1.0,1.0,0.5331617219194377,,,
0.0,0.0,0.4121656558809578,,,
1.0,0.0,0.4636459837269402,,,
1.0,1.0,0.5682042075188951,,,
1.0,1.0,0.5655092188536556,,,
0.0,0.0,0.4089235349958858,,,
0.0,0.0,0.4788638907437645,,,
0.0,0.0,0.4193625148993378,,,
1.0,1.0,0.5342362277658932,,,
0.0,0.0,0.45496178082253114,,,
1.0,0.0,0.4954913937896691,,,
0.0,0.0,0.4052685866222982,,,
1.0,0.0,0.4249999229709908,,,
1.0,0.0,0.4485498916884746,,,
0.0,0.0,0.4798856288830328,,,
1.0,0.0,0.49497522358729773,,,
1.0,1.0,0.554623084001841,,,
1.0,1.0,0.5711937174658043,,,
1.0,0.0,0.4543172881898704,,,
0.0,0.0,0.4697500007814215,,,
0.0,0.0,0.388955835758644,,,
1.0,0.0,0.44557076913181287,,,
1.0,0.0,0.44840495617474,,,
1.0,0.0,0.4259140911734235,,,
0.0,1.0,0.5252359149789878,,,
0.0,0.0,0.43241223254455835,,,
0.0,0.0,0.43404359446270396,,,
0.0,0.0,0.3638738777010967,,,
0.0,0.0,0.45565741361303785,,,
0.0,0.0,0.4868801645201114,,,
0.0,0.0,0.49958640886818123,,,
0.0,0.0,0.4517201135751501,,,
1.0,1.0,0.6153739457100813,,,
0.0,0.0,0.4012795956430398,,,
0.0,0.0,0.40179928192833664,,,
1.0,1.0,0.5168695385807206,,,
0.0,0.0,0.4639923926516954,,,
0.0,0.0,0.3979263288339327,,,
1.0,1.0,0.5666638589323515,,,
0.0,0.0,0.4308064622984055,,,
0.0,0.0,0.431946229495151,,,
1.0,1.0,0.5452224205280263,,,
1.0,1.0,0.5197173669805927,,,
1.0,1.0,0.5442109703883239,,,
1.0,0.0,0.49300002899157525,,,
1.0,1.0,0.5178704279921474,,,
1.0,0.0,0.49891054707348215,,,
0.0,0.0,0.3876951707808264,,,
1.0,0.0,0.4736390822366471,,,
0.0,0.0,0.46595726425398265,,,
0.0,0.0,0.3597725473059469,,,
0.0,0.0,0.41949339396883073,,,
1.0,1.0,0.501787303414734,,,
0.0,0.0,0.40040756094523955,,,
1.0,0.0,0.490959165446637,,,
0.0,0.0,0.42539345770092,,,
1.0,1.0,0.5055182486947534,,,
0.0,0.0,0.47163453484924156,,,
1.0,0.0,0.466412683091123,,,
1.0,1.0,0.5759465638594277,,,
0.0,0.0,0.446795731928311,,,
0.0,0.0,0.43761672379518707,,,
0.0,0.0,0.35906873161697583,,,
0.0,0.0,0.4829336995506101,,,
0.0,0.0,0.4661938079434327,,,
1.0,0.0,0.45461819472191445,,,
0.0,0.0,0.42472194107833455,,,
1.0,1.0,0.5371022160937812,,,
1.0,1.0,0.574377582774135,,,
0.0,0.0,0.4389020317621792,,,
1.0,0.0,0.4624323445664699,,,
1.0,0.0,0.41141526221196667,,,
1.0,1.0,0.5811664680743605,,,
1.0,1.0,0.6516156242682584,,,
1.0,1.0,0.5193568839824967,,,
1.0,1.0,0.6558920549811673,,,
0.0,0.0,0.4136049307474171,,,
1.0,0.0,0.453998580162998,,,
1.0,1.0,0.7112050471919512,,,
1.0,1.0,0.6570316971056862,,,
1.0,0.0,0.4591032927254731,,,
1.0,1.0,0.5419411187802499,,,
1.0,0.0,0.4684038164121227,,,
0.0,0.0,0.44512850267890003,,,
0.0,0.0,0.47243931883181034,,,
1.0,0.0,0.4280387167283915,,,
0.0,0.0,0.454145367925822,,,
1.0,0.0,0.46953444188206855,,,
0.0,0.0,0.46588444614284025,,,
1.0,0.0,0.47848849939770194,,,
0.0,0.0,0.4691982221149559,,,
0.0,0.0,0.40228726237136475,,,
0.0,0.0,0.379930990834406,,,
0.0,0.0,0.43754510106834804,,,
0.0,0.0,0.465820276908497,,,
1.0,1.0,0.5836231046539784,,,
0.0,0.0,0.4389734930879547,,,
1.0,1.0,0.5095033815081241,,,
0.0,0.0,0.44040798004801496,,,
0.0,0.0,0.41544219790782,,,
1.0,0.0,0.4815471023777924,,,
1.0,0.0,0.4402226570265362,,,
0.0,0.0,0.3865469681352072,,,
1.0,1.0,0.770523934597521,,,
0.0,0.0,0.4010840982265773,,,
0.0,0.0,0.34340809915876164,,,
0.0,0.0,0.492631728026519,,,
1.0,0.0,0.48885397101729,,,
1.0,1.0,0.5718190802087146,,,
0.0,0.0,0.3884675979850242,,,
0.0,0.0,0.3692737389882774,,,
1.0,1.0,0.5978679477718681,,,
1.0,0.0,0.4188863545809658,,,
0.0,1.0,0.522078349985135,,,
1.0,1.0,0.5549570378162713,,,
0.0,0.0,0.4501443957555486,,,
0.0,0.0,0.42503492858914016,,,
0.0,0.0,0.39397063946358696,,,
1.0,1.0,0.6513893335722086,,,
0.0,0.0,0.4880477949855078,,,
1.0,0.0,0.46944621995488367,,,
0.0,0.0,0.47393016312853664,,,
1.0,1.0,0.7409166629487487,,,
0.0,0.0,0.37967293764323196,,,
1.0,1.0,0.5380455762000853,,,
0.0,0.0,0.4748541072069292,,,
1.0,0.0,0.45566281460142344,,,
0.0,0.0,0.46953114155660486,,,
0.0,0.0,0.4639198541609568,,,
1.0,0.0,0.4762570155223842,,,
1.0,0.0,0.3937714087412531,,,
0.0,0.0,0.2761914115479946,,,
1.0,0.0,0.4652331760989525,,,
1.0,0.0,0.41604324519187624,,,
0.0,0.0,0.44959521076559295,,,
0.0,0.0,0.44911149737016753,,,
0.0,0.0,0.45593018282778053,,,
0.0,1.0,0.5071263662991184,,,
0.0,0.0,0.3889698149493781,,,
1.0,0.0,0.4746479841174774,,,
0.0,0.0,0.4535495447503848,,,
0.0,0.0,0.42020411980709516,,,
1.0,0.0,0.46207965445271854,,,
1.0,1.0,0.5412642744975763,,,
0.0,0.0,0.4601906513505742,,,
0.0,0.0,0.4219621373922389,,,
0.0,0.0,0.4312929295319201,,,
1.0,0.0,0.47452138573747593,,,
1.0,1.0,0.6078214338939009,,,
0.0,0.0,0.42001056130577114,,,
0.0,0.0,0.4387335017542005,,,
1.0,0.0,0.47159615834227253,,,
0.0,0.0,0.36376313803262317,,,
0.0,0.0,0.3439210551849922,,,
0.0,0.0,0.4869119680289734,,,
0.0,0.0,0.40114098524395586,,,
0.0,0.0,0.4652001360384009,,,
1.0,1.0,0.709222215138999,,,
0.0,1.0,0.5240689291150821,,,
0.0,0.0,0.34645846283679366,,,
1.0,1.0,0.6658478026495811,,,
0.0,0.0,0.44519903429902746,,,
0.0,0.0,0.35885078053732167,,,
0.0,0.0,0.41068641688199575,,,
0.0,0.0,0.473617488948665,,,
1.0,1.0,0.5674399617783195,,,
1.0,1.0,0.6080734730204213,,,
0.0,0.0,0.3820096155630023,,,
0.0,1.0,0.5090776272391142,,,
1.0,0.0,0.4644899092026698,,,
1.0,0.0,0.4271815323822897,,,
1.0,0.0,0.45420089980639516,,,
1.0,0.0,0.45795181196590856,,,
1.0,0.0,0.44855469998812736,,,
0.0,0.0,0.48304746489832745,,,
0.0,0.0,0.4464318943985974,,,
1.0,1.0,0.6423425570558197,,,
0.0,0.0,0.47002784357885385,,,
0.0,0.0,0.4018427430728146,,,
0.0,0.0,0.4799728578608386,,,
1.0,1.0,0.5345297951248856,,,
0.0,0.0,0.428579767599024,,,
0.0,0.0,0.39306727393508556,,,
0.0,0.0,0.39452156077236056,,,
0.0,0.0,0.3997520774334049,,,
0.0,0.0,0.3552826175663377,,,
0.0,0.0,0.44473070913964985,,,
1.0,0.0,0.45259752541114645,,,
1.0,1.0,0.5110570922441748,,,
0.0,0.0,0.38799883412451924,,,
0.0,0.0,0.3525691864639329,,,
1.0,1.0,0.7180350572400994,,,
1.0,0.0,0.49683275318972964,,,
0.0,0.0,0.42148196459416737,,,
0.0,0.0,0.40401980919902897,,,
0.0,0.0,0.4234653071263915,,,
0.0,1.0,0.5913610090568125,,,
0.0,0.0,0.48903608723917713,,,
0.0,0.0,0.40399308179791055,,,
0.0,0.0,0.40297131060603436,,,
1.0,1.0,0.613200531601637,,,
0.0,0.0,0.47463921744453064,,,
1.0,0.0,0.49079621429489223,,,
1.0,1.0,0.5072220038072505,,,
0.0,0.0,0.4256762326634208,,,
1.0,1.0,0.5170272794110881,,,
0.0,0.0,0.3925239297251445,,,
0.0,0.0,0.43741115058628754,,,
0.0,0.0,0.42135264757047564,,,
0.0,0.0,0.4929103941169577,,,
0.0,0.0,0.43862837024578294,,,
1.0,0.0,0.4508502597067685,,,
0.0,0.0,0.47062610783368575,,,
0.0,0.0,0.4453440070818969,,,
0.0,0.0,0.34416324938000264,,,
0.0,1.0,0.6028843705757159,,,
1.0,0.0,0.4480372151643393,,,
0.0,0.0,0.41371462496954003,,,
0.0,0.0,0.34386138003458266,,,
1.0,1.0,0.6647468225267125,,,
1.0,1.0,0.5074181098119511,,,
0.0,0.0,0.3343848680837102,,,
1.0,0.0,0.45307064272833664,,,
1.0,0.0,0.4325392426573357,,,
0.0,0.0,0.48457603131633786,,,
0.0,0.0,0.3977102796928791,,,
1.0,0.0,0.4439056536914037,,,
0.0,0.0,0.41061334692545126,,,
1.0,1.0,0.5292827866504408,,,
0.0,0.0,0.42409640739014254,,,
0.0,0.0,0.4693431358619779,,,
0.0,0.0,0.41846521330529446,,,
0.0,0.0,0.4346124945337256,,,
1.0,1.0,0.5974117620210393,,,
0.0,0.0,0.4160765648655084,,,
1.0,1.0,0.5377227356416563,,,
1.0,1.0,0.5052447862561276,,,
1.0,0.0,0.3451787462243722,,,
1.0,1.0,0.5608854726991199,,,
1.0,0.0,0.4045935354664663,,,
0.0,0.0,0.3519091874709791,,,
0.0,0.0,0.43698505427629275,,,
0.0,0.0,0.37843671383994176,,,
1.0,0.0,0.4035818472398345,,,
0.0,0.0,0.47940312248694306,,,
1.0,0.0,0.46302718751630473,,,
0.0,0.0,0.36929109024658613,,,
1.0,0.0,0.4972361080008431,,,
0.0,0.0,0.39519603309091605,,,
1.0,0.0,0.4660850970909141,,,
0.0,0.0,0.416088408240022,,,
1.0,1.0,0.553898114041159,,,
1.0,0.0,0.46644234279694846,,,
0.0,0.0,0.3332774999404837,,,
0.0,0.0,0.4377999499816072,,,
1.0,1.0,0.622765361213539,,,
0.0,0.0,0.39655815115210785,,,
0.0,0.0,0.49197981061756885,,,
1.0,1.0,0.5956143569321615,,,
0.0,0.0,0.4793658287108019,,,
1.0,1.0,0.6276719930132536,,,
0.0,0.0,0.44640370826493087,,,
0.0,0.0,0.41520952417108054,,,
0.0,0.0,0.46800482744181204,,,
0.0,0.0,0.40743199041432493,,,
1.0,1.0,0.5034946840677543,,,
1.0,1.0,0.635854830952173,,,
0.0,0.0,0.44162925549572907,,,
1.0,1.0,0.5037080357613218,,,
0.0,0.0,0.38331998288978636,,,
0.0,0.0,0.4514311669926027,,,
1.0,1.0,0.5539175415335409,,,
0.0,0.0,0.4922832096903867,,,
0.0,0.0,0.40041265737869713,,,
0.0,0.0,0.40430636568461364,,,
0.0,0.0,0.4006805928669464,,,
1.0,0.0,0.42459157138095277,,,
0.0,0.0,0.40440908723227675,,,
0.0,0.0,0.48637565973801267,,,
0.0,0.0,0.3953220992915947,,,
1.0,0.0,0.4318290238779719,,,
1.0,1.0,0.770846305745146,,,
1.0,1.0,0.5478716339832148,,,
0.0,0.0,0.44708566073476974,,,
1.0,0.0,0.48265143507340763,,,
1.0,0.0,0.4857768855448959,,,
1.0,1.0,0.5303113867135152,,,
0.0,1.0,0.529084130157183,,,
1.0,1.0,0.5808704127147676,,,
1.0,1.0,0.5207474934117495,,,
0.0,0.0,0.3360445817769118,,,
1.0,1.0,0.50471607925199,,,
0.0,0.0,0.36764237708714465,,,
0.0,0.0,0.40428602559927534,,,
0.0,1.0,0.5287116495672236,,,
1.0,0.0,0.4762221046055152,,,
1.0,1.0,0.6449385390460021,,,
1.0,1.0,0.5443106324692584,,,
1.0,0.0,0.4776527885093482,,,
1.0,0.0,0.4099595639906944,,,
0.0,0.0,0.34775160449493314,,,
0.0,0.0,0.38919642398743626,,,
0.0,0.0,0.40743148337349344,,,
0.0,0.0,0.4882187570442185,,,
0.0,0.0,0.4075689166123291,,,
0.0,0.0,0.46147475179111513,,,
1.0,1.0,0.5357145940559052,,,
1.0,1.0,0.5331617219194377,,,
0.0,0.0,0.4535405450221927,,,
1.0,1.0,0.5604571395894942,,,
1.0,0.0,0.42953998243937885,,,
0.0,0.0,0.47657837782408097,,,
0.0,0.0,0.38622926426781046,,,
1.0,1.0,0.519388760064199,,,
0.0,0.0,0.4540732141972464,,,
0.0,0.0,0.37853287670855496,,,
1.0,1.0,0.5876714564653418,,,
1.0,1.0,0.5710381746749487,,,
0.0,0.0,0.42242366895840144,,,
1.0,1.0,0.5342617980794724,,,
0.0,0.0,0.4364627615104281,,,
0.0,0.0,0.4109407144455311,,,
0.0,0.0,0.4504715264218775,,,
1.0,1.0,0.592272610047302,,,
1.0,1.0,0.5089547651423636,,,
1.0,1.0,0.7142083391741999,,,
1.0,0.0,0.42751493030228516,,,
1.0,1.0,0.6909582389767536,,,
1.0,0.0,0.43620504738012217,,,
1.0,1.0,0.5139264143548564,,,
1.0,1.0,0.632754900489866,,,
0.0,0.0,0.48599261029781826,,,
1.0,1.0,0.6924566123171749,,,
1.0,1.0,0.525357069346013,,,
1.0,0.0,0.4507043136133866,,,
1.0,1.0,0.6359274880544379,,,
0.0,0.0,0.46744343040979114,,,
0.0,0.0,0.40078124827378886,,,
1.0,1.0,0.5914980501888359,,,
0.0,0.0,0.4797945706820608,,,
1.0,1.0,0.6969366644847647,,,
1.0,1.0,0.5451203571338402,,,
1.0,1.0,0.5810525024214854,,,
0.0,0.0,0.4224536254355532,,,
0.0,0.0,0.4642913572551867,,,
0.0,0.0,0.42187432295398386,,,
1.0,1.0,0.580638586216665,,,
0.0,0.0,0.4186481420366143,,,
1.0,1.0,0.5455116650371611,,,
1.0,0.0,0.4464653296188669,,,
0.0,0.0,0.43263757272188874,,,
0.0,0.0,0.4646332672171379,,,
0.0,0.0,0.35605875903817363,,,
0.0,0.0,0.40529895293473306,,,
1.0,1.0,0.599844096501926,,,
0.0,1.0,0.686771046042518,,,
1.0,1.0,0.6175662535749264,,,
1.0,0.0,0.44188797787852224,,,
1.0,0.0,0.48868495497092496,,,
0.0,0.0,0.4231215286470122,,,
0.0,0.0,0.46535807839384485,,,
0.0,0.0,0.4871234124825587,,,
0.0,0.0,0.43871727151952844,,,
1.0,0.0,0.45312928555754467,,,
0.0,0.0,0.46537899708892677,,,
0.0,0.0,0.43673931702584473,,,
0.0,0.0,0.411788200032113,,,
1.0,0.0,0.47359370259772776,,,
0.0,0.0,0.40958437372660467,,,
0.0,0.0,0.4285328745249162,,,
0.0,0.0,0.45871832227301895,,,
1.0,1.0,0.5448995787923456,,,
0.0,0.0,0.39635853694750306,,,
0.0,0.0,0.4818672153778161,,,
1.0,1.0,0.6087394247618912,,,
0.0,0.0,0.4230676469962404,,,
0.0,0.0,0.46128771037452737,,,
0.0,1.0,0.5179475769997927,,,
0.0,0.0,0.43295514612266844,,,
0.0,0.0,0.3618369119685753,,,
1.0,0.0,0.45906006384850684,,,
1.0,0.0,0.43924866311391647,,,
1.0,1.0,0.5224390427325389,,,
1.0,1.0,0.5352361761522774,,,
1.0,1.0,0.5676320083773294,,,
0.0,0.0,0.399232881583324,,,
1.0,0.0,0.38609849746239094,,,
0.0,0.0,0.41282989851108703,,,
0.0,1.0,0.5389506628618642,,,
0.0,0.0,0.342300037947071,,,
0.0,0.0,0.3580711401355817,,,
0.0,0.0,0.40346697329141923,,,
0.0,0.0,0.4349110680915224,,,
1.0,0.0,0.47021989365721045,,,
1.0,1.0,0.558983839071327,,,
0.0,0.0,0.39922758752851206,,,
1.0,0.0,0.38467475473978263,,,
0.0,0.0,0.441408494318708,,,
0.0,0.0,0.42489514551008445,,,
1.0,1.0,0.5548499711134133,,,
0.0,1.0,0.536189380754623,,,
1.0,1.0,0.638415906651753,,,
0.0,0.0,0.4788831304053947,,,
0.0,1.0,0.5131846581082682,,,
0.0,0.0,0.40126867267446764,,,
1.0,1.0,0.5071782811502201,,,
1.0,1.0,0.5157561300150495,,,
0.0,0.0,0.41105998967376967,,,
1.0,1.0,0.5347588535741318,,,
1.0,0.0,0.482567532715497,,,
1.0,1.0,0.639083301775295,,,
1.0,1.0,0.6694572284042047,,,
1.0,1.0,0.6076667238345316,,,
0.0,0.0,0.4549635731911837,,,
0.0,0.0,0.29594758605201177,,,
0.0,0.0,0.3944282271423441,,,
0.0,1.0,0.5497852819633736,,,
0.0,0.0,0.34197816346144777,,,
0.0,0.0,0.4370497511628139,,,
0.0,0.0,0.3570524154596013,,,
1.0,0.0,0.49896624196481554,,,
0.0,0.0,0.4937945034029585,,,
0.0,0.0,0.47456012505182255,,,
1.0,0.0,0.4877432267728551,,,
1.0,1.0,0.5049098570078305,,,
0.0,0.0,0.3297050445558088,,,
0.0,0.0,0.4723574099778785,,,
0.0,0.0,0.4244571558286885,,,
0.0,0.0,0.44964178193195986,,,
1.0,1.0,0.6227449981845835,,,
1.0,1.0,0.522080096060902,,,
0.0,0.0,0.44238245232164697,,,
1.0,0.0,0.4281779672754667,,,
0.0,0.0,0.39834660469083677,,,
1.0,1.0,0.5995779954943345,,,
0.0,0.0,0.3605256953548223,,,
0.0,0.0,0.4568333751350065,,,
1.0,1.0,0.5332431778633889,,,
0.0,0.0,0.43810508160643774,,,
1.0,1.0,0.5089835224957058,,,
0.0,0.0,0.3739858562967053,,,
0.0,0.0,0.371214319696007,,,
1.0,1.0,0.5243811099952533,,,
0.0,0.0,0.41880362145262456,,,
1.0,0.0,0.38860837298681006,,,
0.0,0.0,0.4626061457103681,,,
0.0,0.0,0.48432290761725666,,,
0.0,0.0,0.4640941723011298,,,
1.0,0.0,0.4899123839419361,,,
0.0,0.0,0.3880146100905004,,,
0.0,0.0,0.47557352218343374,,,
0.0,0.0,0.42160058149354135,,,
1.0,0.0,0.4919420619317327,,,
1.0,0.0,0.3988784932222332,,,
1.0,0.0,0.47372035959088643,,,
0.0,0.0,0.41797181177893095,,,
0.0,0.0,0.353498336592353,,,
1.0,1.0,0.6205502577948198,,,
1.0,1.0,0.6407581667786882,,,
0.0,1.0,0.5235292824932096,,,
0.0,0.0,0.4193370170782396,,,
0.0,0.0,0.4053086211022399,,,
1.0,0.0,0.4306796064479671,,,
1.0,1.0,0.5446814105676355,,,
0.0,0.0,0.4256434032888228,,,
1.0,0.0,0.4939812193041926,,,
1.0,0.0,0.4823219576559291,,,
0.0,0.0,0.413833555415406,,,
1.0,1.0,0.574377582774135,,,
0.0,0.0,0.4434631487270942,,,
0.0,0.0,0.4823394417301473,,,
1.0,1.0,0.5294151523263917,,,
1.0,1.0,0.5253167957735377,,,
1.0,0.0,0.4543312466859921,,,
0.0,0.0,0.4577670435083279,,,
0.0,0.0,0.3821576695080979,,,
1.0,1.0,0.6129580577259945,,,
0.0,0.0,0.4804226227175096,,,
1.0,0.0,0.4613253794072134,,,
1.0,1.0,0.7693316846659789,,,
0.0,0.0,0.3299057119430498,,,
0.0,0.0,0.4483868885804947,,,
1.0,0.0,0.48089765204060797,,,
1.0,1.0,0.5249785709797603,,,
1.0,1.0,0.5414072573544854,,,
1.0,1.0,0.6327714637684819,,,
0.0,0.0,0.39221072939849017,,,
0.0,0.0,0.4426674829139488,,,
1.0,1.0,0.6516015634799771,,,
0.0,0.0,0.3857113688742332,,,
0.0,0.0,0.45938582954138707,,,
0.0,0.0,0.45232814851847447,,,
1.0,0.0,0.4592776480233646,,,
1.0,1.0,0.5538472987593893,,,
0.0,0.0,0.4899527855233435,,,
1.0,1.0,0.5418379515782945,,,
1.0,1.0,0.5064349907658579,,,
0.0,0.0,0.35485997245372136,,,
0.0,0.0,0.47183520708812127,,,
0.0,0.0,0.3952031321137381,,,
1.0,1.0,0.5756177316739844,,,
0.0,0.0,0.41884983212616317,,,
1.0,1.0,0.6746036893323575,,,
1.0,0.0,0.45213344225378505,,,
1.0,1.0,0.61140254135404,,,
0.0,0.0,0.48841552139005334,,,
0.0,1.0,0.5987884127889532,,,
0.0,0.0,0.47490454442425506,,,
1.0,1.0,0.6064332289949,,,
1.0,0.0,0.4965882332748798,,,
1.0,0.0,0.47388178484911064,,,
0.0,0.0,0.4253997045810884,,,
0.0,1.0,0.6823808919143373,,,
0.0,0.0,0.3957863990554017,,,
1.0,1.0,0.5471145757116511,,,
0.0,0.0,0.39861027988191355,,,
1.0,0.0,0.442656467267445,,,
0.0,0.0,0.34645846283679366,,,
1.0,0.0,0.38467475473978263,,,
0.0,0.0,0.443675263495876,,,
1.0,0.0,0.45105198159092263,,,
0.0,0.0,0.40642729251625087,,,
1.0,0.0,0.35330950562734986,,,
0.0,0.0,0.3765583850331042,,,
0.0,0.0,0.4203853930070413,,,
1.0,1.0,0.627284371932811,,,
1.0,1.0,0.5018604473360178,,,
1.0,1.0,0.530672545763824,,,
0.0,1.0,0.506383285740517,,,
0.0,0.0,0.38686576843202614,,,
0.0,0.0,0.4159112755116893,,,
0.0,0.0,0.3652815596251556,,,
1.0,0.0,0.47579489520897694,,,
0.0,0.0,0.37197174717704096,,,
0.0,1.0,0.5333810076834676,,,
0.0,0.0,0.4381965850194704,,,
0.0,0.0,0.44910164728367336,,,
1.0,1.0,0.6877927751535958,,,
1.0,1.0,0.6903007243282746,,,
0.0,0.0,0.41307602394865794,,,
0.0,1.0,0.5133324533227519,,,
1.0,1.0,0.5045883719592473,,,
1.0,0.0,0.49576123006976136,,,
0.0,0.0,0.38220466620389787,,,
0.0,1.0,0.5570127404586503,,,
1.0,1.0,0.7193972717821632,,,
0.0,0.0,0.4213338346299072,,,
1.0,0.0,0.4300691508962445,,,
0.0,0.0,0.4320394511611489,,,
1.0,1.0,0.6466041755574272,,,
0.0,1.0,0.5071518207516207,,,
0.0,0.0,0.4120240745564525,,,
1.0,1.0,0.5132495251044258,,,
1.0,1.0,0.503498710800943,,,
0.0,0.0,0.2761914115479946,,,
1.0,1.0,0.5195751252143395,,,
1.0,1.0,0.5579972709320392,,,
0.0,0.0,0.36845478389190156,,,
1.0,0.0,0.4166472657766612,,,
1.0,0.0,0.4571783807083445,,,
1.0,0.0,0.47430107756876794,,,
1.0,1.0,0.5601834638078407,,,
0.0,0.0,0.407795535534755,,,
1.0,0.0,0.46112954072317214,,,
1.0,0.0,0.4282843273966756,,,
1.0,0.0,0.42698171068871305,,,
1.0,0.0,0.4208425201158683,,,
1.0,1.0,0.6141826728128519,,,
1.0,1.0,0.5068082180555501,,,
0.0,0.0,0.4180723880609436,,,
0.0,0.0,0.4143254787629806,,,
1.0,0.0,0.48046855121467646,,,
0.0,0.0,0.40870556814628833,,,
0.0,0.0,0.464839621276377,,,
1.0,1.0,0.5717628264955754,,,
1.0,1.0,0.5072541550621671,,,
1.0,0.0,0.4086606393056584,,,
0.0,1.0,0.5327631991521258,,,
0.0,0.0,0.4290759692611362,,,
1.0,1.0,0.5058207833647431,,,
0.0,0.0,0.4323015712649397,,,
1.0,0.0,0.48742818618631717,,,
1.0,1.0,0.6251067134512853,,,
1.0,1.0,0.7417540918102287,,,
1.0,1.0,0.532067218678365,,,
0.0,0.0,0.38468146279655474,,,
1.0,0.0,0.4132793267787047,,,
0.0,0.0,0.4219556747025218,,,
1.0,0.0,0.4515251236433755,,,
0.0,0.0,0.4556930146693467,,,
1.0,0.0,0.47759224030172687,,,
0.0,0.0,0.4125517546498982,,,
0.0,0.0,0.34469654051310067,,,
1.0,0.0,0.44849925999192747,,,
1.0,0.0,0.48766353927839723,,,
0.0,0.0,0.40460389969327504,,,
1.0,1.0,0.6707114193125938,,,
0.0,0.0,0.4280979969895716,,,
0.0,0.0,0.43111209202341694,,,
1.0,1.0,0.5096600497459595,,,
0.0,0.0,0.3145366683329496,,,
0.0,0.0,0.37008334500296264,,,
1.0,1.0,0.7821715524137578,,,
0.0,1.0,0.5233606131353391,,,
0.0,0.0,0.4456093525807303,,,
0.0,0.0,0.4524457946884158,,,
0.0,0.0,0.48157635246807545,,,
1.0,0.0,0.4955282953196182,,,
1.0,1.0,0.5132993438221298,,,
1.0,1.0,0.5984309842774418,,,
0.0,0.0,0.44592947829666063,,,
1.0,0.0,0.46874820831020053,,,
1.0,0.0,0.42229180694532314,,,
1.0,1.0,0.5033641598991725,,,
1.0,0.0,0.4570259614879146,,,
1.0,0.0,0.49217923941658687,,,
1.0,1.0,0.641583705831075,,,
1.0,1.0,0.7094669706723775,,,
1.0,0.0,0.43118808595835795,,,
1.0,1.0,0.5723756974956078,,,
0.0,1.0,0.5298864259734425,,,
0.0,0.0,0.40747834164694036,,,
0.0,0.0,0.4406080538231216,,,
1.0,0.0,0.4587930340999441,,,
1.0,0.0,0.4271324928515405,,,
1.0,0.0,0.4008661419229389,,,
0.0,0.0,0.4184176952791677,,,
1.0,1.0,0.6798702908641527,,,
0.0,0.0,0.495143214039034,,,
1.0,1.0,0.5664512812776528,,,
1.0,1.0,0.714262904296086,,,
1.0,0.0,0.4338651974211389,,,
0.0,0.0,0.4945411085087783,,,
1.0,0.0,0.46970766660207297,,,
1.0,0.0,0.49642537366507955,,,
1.0,0.0,0.4631236677326938,,,
0.0,0.0,0.4227830396194039,,,
0.0,0.0,0.3994349024023185,,,
1.0,1.0,0.5733687229270378,,,
0.0,0.0,0.4626856416994749,,,
0.0,0.0,0.3892030174704669,,,
1.0,0.0,0.49664342884645135,,,
1.0,1.0,0.5773146932563453,,,
1.0,0.0,0.4791938110618658,,,
1.0,0.0,0.4953631120065611,,,
1.0,1.0,0.673016958366063,,,
0.0,0.0,0.43270844386725543,,,
1.0,0.0,0.4747084179116779,,,
1.0,1.0,0.5220675730706463,,,
0.0,0.0,0.39533442631681404,,,
0.0,0.0,0.4667034365708128,,,
0.0,0.0,0.39996777741598094,,,
0.0,0.0,0.43670088455312506,,,
1.0,0.0,0.44538559653999704,,,
0.0,1.0,0.5151426840580271,,,
1.0,0.0,0.4502717169830405,,,
0.0,0.0,0.35515922178475545,,,
0.0,0.0,0.48801226741459863,,,
1.0,1.0,0.7822768203404369,,,
1.0,0.0,0.4850996674028774,,,
1.0,0.0,0.3990955034743102,,,
1.0,1.0,0.5877549074105033,,,
1.0,0.0,0.4599216871854981,,,
0.0,0.0,0.3929842448451284,,,
0.0,1.0,0.5665784306228641,,,
1.0,0.0,0.4911000827798422,,,
0.0,0.0,0.372616062954779,,,
1.0,0.0,0.47466596664139116,,,
1.0,1.0,0.6738711856625994,,,
1.0,0.0,0.45826257726299396,,,
1.0,0.0,0.4863316761855302,,,
1.0,1.0,0.7192012110132422,,,
1.0,0.0,0.4649327071290192,,,
1.0,1.0,0.539061125996151,,,
1.0,0.0,0.4765222007212551,,,
0.0,0.0,0.4246322915374778,,,
0.0,0.0,0.4538934622246609,,,
0.0,0.0,0.4212198362116028,,,
0.0,0.0,0.45384123576218227,,,
0.0,0.0,0.44225618515577775,,,
1.0,1.0,0.5980869093890427,,,
0.0,0.0,0.3743764591986026,,,
0.0,0.0,0.41454963742646017,,,
1.0,0.0,0.4721073723653228,,,
0.0,1.0,0.5466444359256268,,,
1.0,1.0,0.7572755425988036,,,
0.0,0.0,0.4100192061465991,,,
0.0,0.0,0.4044357951086136,,,
1.0,1.0,0.6296898319647329,,,
1.0,1.0,0.6007336194159705,,,
1.0,0.0,0.42148456923573036,,,
1.0,0.0,0.4748289348741155,,,
0.0,0.0,0.411520235342152,,,
1.0,1.0,0.5124437463937564,,,
0.0,0.0,0.44903715924431326,,,
0.0,0.0,0.4083576413084666,,,
1.0,1.0,0.5000504383637054,,,
0.0,0.0,0.49202851302044115,,,
0.0,0.0,0.39628245971800546,,,
0.0,0.0,0.39301087990475675,,,
0.0,0.0,0.3884511832038389,,,
1.0,1.0,0.6090340978322168,,,
0.0,1.0,0.614612641207957,,,
1.0,1.0,0.5815937401562754,,,
0.0,1.0,0.5541621792597144,,,
1.0,1.0,0.6714413054059146,,,
0.0,0.0,0.3928439309702127,,,
1.0,1.0,0.5108642474995314,,,
1.0,1.0,0.5063570598632456,,,
1.0,0.0,0.43342712487092616,,,
1.0,0.0,0.38865310898731537,,,
1.0,1.0,0.5109374917024132,,,
0.0,0.0,0.43471251488468815,,,
0.0,1.0,0.6334045871198651,,,
1.0,1.0,0.6524716739632116,,,
0.0,0.0,0.44629319329287803,,,
0.0,0.0,0.4240260569726018,,,
1.0,0.0,0.42058018163598043,,,
0.0,0.0,0.385263014111163,,,
0.0,0.0,0.4201680500899876,,,
0.0,0.0,0.41923180882064826,,,
1.0,0.0,0.47760215048146315,,,
1.0,1.0,0.516977363335999,,,
0.0,0.0,0.3613084229708958,,,
1.0,1.0,0.5850954969168378,,,
1.0,1.0,0.5778542463019224,,,
1.0,0.0,0.4083576413084666,,,
0.0,0.0,0.4335688394556851,,,
1.0,1.0,0.5013741282762472,,,
1.0,0.0,0.4357708127248684,,,
0.0,0.0,0.4368161358215443,,,
1.0,0.0,0.49117335143247426,,,
0.0,0.0,0.419946889018852,,,
0.0,0.0,0.41272278637934406,,,
1.0,1.0,0.5060073821078218,,,
1.0,1.0,0.6723133102379117,,,
1.0,1.0,0.6392120652392111,,,
0.0,0.0,0.4246072408441994,,,
0.0,0.0,0.38465101138901536,,,
0.0,0.0,0.4136702878480542,,,
1.0,0.0,0.4608270206930591,,,
0.0,0.0,0.4121313727032184,,,
1.0,1.0,0.579898014094804,,,
0.0,0.0,0.37249581538579457,,,
1.0,1.0,0.50493080846449,,,
1.0,0.0,0.42500955575118116,,,
1.0,1.0,0.581352678559461,,,
1.0,1.0,0.5026744049542701,,,
1.0,1.0,0.6472370367125904,,,
1.0,0.0,0.4630464668947668,,,
0.0,0.0,0.464839621276377,,,
1.0,1.0,0.5331617219194377,,,
1.0,1.0,0.5476306291382996,,,
0.0,0.0,0.44191939932911034,,,
0.0,0.0,0.40842227863726394,,,
0.0,0.0,0.4509343250016818,,,
1.0,1.0,0.5111954931269685,,,
1.0,1.0,0.5187656863904909,,,
1.0,0.0,0.4339768892924089,,,
0.0,0.0,0.4038444663459544,,,
1.0,1.0,0.5285606992027949,,,
0.0,0.0,0.4425394843005873,,,
1.0,0.0,0.47742318270879525,,,
0.0,0.0,0.3455104148136874,,,
0.0,1.0,0.5165573005239935,,,
1.0,1.0,0.7788923036870952,,,
0.0,0.0,0.4004358331700196,,,
0.0,0.0,0.36693520578539346,,,
0.0,0.0,0.33905212881097246,,,
1.0,1.0,0.6546596858768832,,,
0.0,0.0,0.44508513929072036,,,
1.0,1.0,0.504307065964195,,,
0.0,0.0,0.44779783796034195,,,
1.0,1.0,0.5350159504058668,,,
0.0,0.0,0.4233495399498244,,,
0.0,0.0,0.4337470503663569,,,
0.0,0.0,0.4327715491309007,,,
1.0,0.0,0.43044341837233746,,,
1.0,0.0,0.4834356481429889,,,
0.0,0.0,0.4838113025951545,,,
1.0,1.0,0.5024200598395463,,,
1.0,0.0,0.48989145225874386,,,
0.0,0.0,0.39876192148726325,,,
1.0,1.0,0.6918442692602476,,,
0.0,0.0,0.3628594106429832,,,
1.0,0.0,0.45429492896915813,,,
1.0,1.0,0.5947595069757832,,,
0.0,0.0,0.3441179607365727,,,
1.0,0.0,0.484617410197891,,,
0.0,0.0,0.3880544112263624,,,
0.0,1.0,0.519010738976771,,,
1.0,0.0,0.48375482153621924,,,
0.0,0.0,0.41213659568658984,,,
0.0,0.0,0.4346719884304659,,,
1.0,0.0,0.4784129090552893,,,
0.0,0.0,0.43302063422713255,,,
0.0,0.0,0.4704585374895384,,,
1.0,1.0,0.7919999549992636,,,
1.0,1.0,0.5481830980259014,,,
0.0,0.0,0.44967634500391146,,,
1.0,1.0,0.5326736422913497,,,
1.0,1.0,0.52994922190989,,,
0.0,0.0,0.37378997471983316,,,
0.0,0.0,0.3743351447434383,,,
0.0,0.0,0.49950963995413006,,,
1.0,1.0,0.6051121661587718,,,
0.0,0.0,0.3943719091727201,,,
1.0,0.0,0.45066708119567334,,,
1.0,0.0,0.3912620387153104,,,
0.0,0.0,0.46038241706549515,,,
1.0,1.0,0.501089883767648,,,
1.0,1.0,0.5334633985871293,,,
0.0,0.0,0.48348673062139064,,,
0.0,0.0,0.4615808505436955,,,
0.0,0.0,0.46374231030981433,,,
0.0,0.0,0.43876475968111617,,,
0.0,0.0,0.4097465685187765,,,
0.0,0.0,0.40577232297192967,,,
0.0,0.0,0.35383861777378767,,,
0.0,0.0,0.38440525162483064,,,
0.0,0.0,0.42675439208435806,,,
1.0,0.0,0.47314857305328945,,,
1.0,1.0,0.5629039162266906,,,
0.0,0.0,0.40610925004814274,,,
1.0,1.0,0.6725544897975146,,,
0.0,0.0,0.40403106207521855,,,
0.0,1.0,0.62283275881379,,,
1.0,1.0,0.5453948115862596,,,
1.0,0.0,0.4572539492401127,,,
1.0,1.0,0.5219969698026664,,,
0.0,0.0,0.43493613163628136,,,
1.0,0.0,0.4999007346622743,,,
0.0,0.0,0.4281124006653693,,,
0.0,0.0,0.3752804253065533,,,
0.0,0.0,0.42737872018234696,,,
0.0,0.0,0.39640951939570745,,,
1.0,0.0,0.48655992284497734,,,
1.0,1.0,0.5396739715402895,,,
0.0,0.0,0.41172628005730505,,,
0.0,0.0,0.39438395734634113,,,
0.0,0.0,0.43716647206516746,,,
1.0,0.0,0.4852620008105298,,,
1.0,0.0,0.4398093457007024,,,
1.0,1.0,0.5407005360656826,,,
0.0,0.0,0.44660344660845297,,,
1.0,0.0,0.48322156077746775,,,
0.0,0.0,0.4662879664749773,,,
1.0,1.0,0.5532520352378937,,,
0.0,0.0,0.43235911074571476,,,
0.0,1.0,0.5000839814235252,,,
1.0,1.0,0.5517123018250433,,,
0.0,0.0,0.3757148184168859,,,
1.0,0.0,0.4556951373954515,,,
1.0,0.0,0.43497531644987375,,,
1.0,1.0,0.6542034361313677,,,
0.0,0.0,0.4135794600042357,,,
1.0,1.0,0.638647389121922,,,
0.0,0.0,0.42328028021990816,,,
0.0,0.0,0.4377459336848703,,,
0.0,0.0,0.3955406429021346,,,
1.0,1.0,0.5274007889349155,,,
1.0,0.0,0.4270864596808143,,,
1.0,0.0,0.46500587314992864,,,
1.0,0.0,0.464413436702268,,,
1.0,1.0,0.5384364385317228,,,
0.0,0.0,0.425931738567311,,,
1.0,0.0,0.49497522358729773,,,
1.0,0.0,0.499488580240574,,,
1.0,0.0,0.42752219396048396,,,
0.0,0.0,0.3820930007887053,,,
1.0,1.0,0.7087769183855832,,,
1.0,0.0,0.4245131952859391,,,
1.0,1.0,0.6172861136285646,,,
0.0,0.0,0.49444711907395283,,,
1.0,0.0,0.43202621045300077,,,
1.0,1.0,0.5699616577206733,,,
1.0,0.0,0.4480743496954411,,,
0.0,0.0,0.3949568383209175,,,
0.0,0.0,0.44935394518871924,,,
0.0,0.0,0.4489344321851648,,,
0.0,0.0,0.4563759120890749,,,
0.0,0.0,0.47982155051366393,,,
1.0,1.0,0.5024906177830288,,,
0.0,0.0,0.3932316185950271,,,
1.0,1.0,0.536189380754623,,,
1.0,1.0,0.7067453778213014,,,
1.0,1.0,0.5287365657405617,,,
0.0,0.0,0.42327656078200193,,,
0.0,0.0,0.40534521423526626,,,
1.0,1.0,0.6489889889724486,,,
0.0,0.0,0.42403969416543275,,,
1.0,0.0,0.4066317225454043,,,
0.0,0.0,0.4569835266644457,,,
0.0,0.0,0.40644466819886826,,,
0.0,1.0,0.5166959244284064,,,
0.0,0.0,0.43254568381309355,,,
1.0,0.0,0.4509852419433803,,,
0.0,0.0,0.47682602125528706,,,
0.0,0.0,0.39961536257487856,,,
0.0,0.0,0.4280348105625749,,,
1.0,0.0,0.4897187303223509,,,
0.0,0.0,0.46059499803952114,,,
1.0,0.0,0.49675774909669973,,,
1.0,0.0,0.4734327263017321,,,
1.0,1.0,0.5392857374146414,,,
1.0,0.0,0.43934062933944734,,,
0.0,0.0,0.4137812063924287,,,
0.0,0.0,0.36897715820376137,,,
0.0,0.0,0.4020947202827237,,,
1.0,1.0,0.55083909960193,,,
0.0,0.0,0.36268813131980515,,,
0.0,0.0,0.4380167406145742,,,
0.0,0.0,0.4436359791764926,,,
0.0,0.0,0.4690369402650532,,,
0.0,0.0,0.4181019500089829,,,
1.0,1.0,0.5998714083460984,,,
0.0,0.0,0.48667433870236426,,,
0.0,0.0,0.4309386079628822,,,
0.0,0.0,0.41554877134444546,,,
0.0,0.0,0.38514283603912397,,,
0.0,0.0,0.35849361486363124,,,
0.0,0.0,0.3944307027975634,,,
1.0,1.0,0.5475705778990037,,,
1.0,0.0,0.39556447917520393,,,
0.0,0.0,0.46379663682866124,,,
1.0,1.0,0.5222700019939932,,,
0.0,0.0,0.4671972323084299,,,
0.0,0.0,0.4501222285036007,,,
1.0,1.0,0.5304494074645855,,,
1.0,0.0,0.43404359446270396,,,
1.0,0.0,0.4303819025997989,,,
0.0,0.0,0.4519078914489632,,,
1.0,1.0,0.6374765462104206,,,
1.0,1.0,0.5721319369912821,,,
1.0,0.0,0.49267520821094046,,,
1.0,1.0,0.5000138238843884,,,
1.0,0.0,0.4851496087135813,,,
1.0,0.0,0.39419536634729707,,,
0.0,0.0,0.4312446273642435,,,
1.0,1.0,0.5201520020563677,,,
0.0,0.0,0.4936212055748127,,,
0.0,0.0,0.38654645884783456,,,
1.0,0.0,0.49135661913275985,,,
1.0,0.0,0.48696906243561994,,,
0.0,0.0,0.4910971526433794,,,
0.0,0.0,0.479896187974434,,,
0.0,0.0,0.42742666371027677,,,
1.0,1.0,0.5056498063000324,,,
0.0,0.0,0.477705410794819,,,
1.0,0.0,0.47678322995695716,,,
0.0,1.0,0.5780012619115561,,,
0.0,0.0,0.37950101661679875,,,
1.0,0.0,0.4652830173112295,,,
1.0,0.0,0.43757550129215345,,,
1.0,1.0,0.629483445951624,,,
0.0,0.0,0.4309321911615117,,,
0.0,0.0,0.4689066908588657,,,
0.0,0.0,0.4089481932353944,,,
0.0,0.0,0.35869133804251785,,,
0.0,0.0,0.46579788721509174,,,
0.0,0.0,0.4404883267209051,,,
1.0,0.0,0.40087247775777457,,,
1.0,1.0,0.5185337624758931,,,
1.0,0.0,0.4760322727232464,,,
0.0,0.0,0.40391289058983226,,,
0.0,0.0,0.4215428075684808,,,
1.0,1.0,0.598120322599043,,,
0.0,0.0,0.3537559286370183,,,
1.0,1.0,0.5836566785741709,,,
1.0,1.0,0.538606201287416,,,
0.0,0.0,0.3291893121328443,,,
0.0,0.0,0.4751883620614876,,,
1.0,1.0,0.7112593612059976,,,
0.0,0.0,0.4915964378828069,,,
0.0,0.0,0.35330950562734986,,,
0.0,0.0,0.42335787327131746,,,
1.0,1.0,0.5788697340875041,,,
0.0,0.0,0.41264972115150567,,,
0.0,0.0,0.411923903327409,,,
0.0,0.0,0.3750711154192809,,,
0.0,0.0,0.4344007975172087,,,
1.0,1.0,0.5117113042466246,,,
1.0,1.0,0.506276225503135,,,
0.0,0.0,0.39970957884937697,,,
1.0,0.0,0.44703400224090917,,,
0.0,0.0,0.42944692075887514,,,
0.0,0.0,0.3963057076923579,,,
0.0,0.0,0.2692846967945406,,,
1.0,0.0,0.4091780084811982,,,
0.0,0.0,0.28332336512707545,,,
1.0,1.0,0.5729079068192797,,,
1.0,1.0,0.5725193556039989,,,
1.0,0.0,0.48523789095486375,,,
1.0,0.0,0.49923044669231487,,,
0.0,0.0,0.39568828469540634,,,
0.0,0.0,0.38560676904119934,,,
0.0,0.0,0.35455223816901216,,,
0.0,0.0,0.44119295349587406,,,
1.0,0.0,0.35455223816901216,,,
0.0,0.0,0.47340374976738325,,,
1.0,0.0,0.40369079321459966,,,
1.0,1.0,0.5607635883802894,,,
0.0,0.0,0.36483469810776065,,,
0.0,0.0,0.40481808943341707,,,
0.0,0.0,0.38484658891040235,,,
1.0,1.0,0.6176415953374441,,,
1.0,1.0,0.5395415837634379,,,
1.0,0.0,0.41993428809574623,,,
0.0,0.0,0.43121410865058923,,,
0.0,0.0,0.4131612460765443,,,
1.0,1.0,0.6384763554899996,,,
1.0,1.0,0.5140675449863511,,,
0.0,0.0,0.46983837163367964,,,
0.0,0.0,0.40127362832160696,,,
1.0,1.0,0.6173527188021101,,,
0.0,0.0,0.4009159695432572,,,
1.0,0.0,0.3914860374802644,,,
1.0,0.0,0.3968195947082727,,,
1.0,0.0,0.46875362645384877,,,
0.0,0.0,0.28332336512707545,,,
1.0,0.0,0.4953019115127802,,,
0.0,0.0,0.37390393589994525,,,
1.0,0.0,0.41170069452419406,,,
0.0,0.0,0.35259515209167197,,,
1.0,1.0,0.5061661783773375,,,
0.0,0.0,0.36196416664345765,,,
1.0,1.0,0.5133512045754584,,,
0.0,0.0,0.4815489863967328,,,
0.0,0.0,0.4302419918883749,,,
1.0,1.0,0.639330320264331,,,
1.0,0.0,0.4960596787186292,,,
0.0,1.0,0.5026172088788236,,,
0.0,0.0,0.4545685446371605,,,
1.0,1.0,0.5251522202256537,,,
0.0,1.0,0.5023812074883226,,,
0.0,0.0,0.44430074584756074,,,
0.0,0.0,0.424251793769968,,,
0.0,0.0,0.4589480000290229,,,
1.0,1.0,0.7101740416774369,,,
0.0,0.0,0.4457998081645963,,,
0.0,0.0,0.41589025122560574,,,
0.0,1.0,0.5857837177442804,,,
0.0,0.0,0.47288545800979775,,,
1.0,1.0,0.7084173691290129,,,
1.0,1.0,0.7015979433511426,,,
0.0,0.0,0.45530840110169996,,,
1.0,1.0,0.6624378346987121,,,
0.0,1.0,0.5083224604727015,,,
1.0,1.0,0.7740296175509213,,,
0.0,0.0,0.4079723935074031,,,
1.0,1.0,0.6640363398354621,,,
1.0,1.0,0.5507265221285362,,,
1.0,0.0,0.44449015747608145,,,
0.0,0.0,0.4624941514775683,,,
1.0,1.0,0.5671781191677111,,,
1.0,0.0,0.41895831842223946,,,
0.0,0.0,0.41994692280628354,,,
0.0,0.0,0.47184058071371,,,
1.0,1.0,0.5743430269442075,,,
0.0,0.0,0.40437699445005476,,,
0.0,0.0,0.372282484682659,,,
1.0,1.0,0.6383619064226941,,,
1.0,0.0,0.47585833220424933,,,
0.0,0.0,0.3923814730768678,,,
1.0,1.0,0.5729776246241732,,,
1.0,0.0,0.46901498559429455,,,
0.0,0.0,0.41803799278584597,,,
1.0,1.0,0.7705148020899473,,,
1.0,0.0,0.4618569357750403,,,
0.0,0.0,0.38122731814957855,,,
0.0,0.0,0.3126828398187474,,,
1.0,1.0,0.5422115677311002,,,
0.0,0.0,0.47947901482847133,,,
0.0,0.0,0.43136446150026836,,,
0.0,0.0,0.4270458270512843,,,
1.0,1.0,0.623616765872017,,,
0.0,0.0,0.38085353000415334,,,
0.0,0.0,0.39872017188919684,,,
0.0,0.0,0.3645878391418169,,,
0.0,0.0,0.42290572454527003,,,
1.0,1.0,0.5205529387327208,,,
1.0,0.0,0.4388475420392329,,,
1.0,0.0,0.4906097279085476,,,
0.0,0.0,0.4052403508859333,,,
0.0,0.0,0.38606104289945004,,,
1.0,0.0,0.49946927461683116,,,
0.0,0.0,0.41148188270581265,,,
0.0,0.0,0.3126482563685665,,,
1.0,1.0,0.5136592793026198,,,
0.0,0.0,0.4159072975508681,,,
0.0,0.0,0.4310277149799841,,,
1.0,0.0,0.43518699318382925,,,
1.0,1.0,0.5074243582061071,,,
0.0,0.0,0.3764345324631164,,,
0.0,0.0,0.42223248020432286,,,
0.0,0.0,0.4715710718482497,,,
0.0,0.0,0.4169768089794888,,,
1.0,0.0,0.42256357500502484,,,
0.0,0.0,0.4018928052133344,,,
0.0,0.0,0.47526856141231905,,,
0.0,0.0,0.35951927680098544,,,
1.0,0.0,0.4377882322391106,,,
1.0,0.0,0.3869560627888881,,,
1.0,0.0,0.379332247540648,,,
1.0,1.0,0.6003137946900947,,,
1.0,0.0,0.4850305698457473,,,
0.0,0.0,0.3671939080182991,,,
0.0,0.0,0.4014689039358548,,,
0.0,0.0,0.4950460589503992,,,
1.0,1.0,0.5006168542965046,,,
0.0,0.0,0.3843923171810507,,,
0.0,1.0,0.5085091074156418,,,
0.0,0.0,0.4522679330060632,,,
0.0,1.0,0.6134808694478733,,,
0.0,0.0,0.42430051760699194,,,
0.0,0.0,0.39039696683167396,,,
0.0,0.0,0.426157836004438,,,
1.0,0.0,0.45897410192217364,,,
0.0,0.0,0.3945280892081999,,,
1.0,1.0,0.5323310028262707,,,
1.0,0.0,0.4242623911960578,,,
0.0,0.0,0.3337426928996863,,,
0.0,0.0,0.4488262780608448,,,
1.0,0.0,0.46493744687323896,,,
0.0,0.0,0.40246437281280406,,,
1.0,1.0,0.6592994123105185,,,
0.0,0.0,0.4193874004314919,,,
0.0,0.0,0.36889513473517815,,,
1.0,1.0,0.6141826728128519,,,
1.0,1.0,0.5148076973595227,,,
0.0,0.0,0.3761105052077519,,,
1.0,0.0,0.4542150533946799,,,
0.0,0.0,0.49332589366067653,,,
0.0,0.0,0.4714034946563487,,,
0.0,0.0,0.3855184395786497,,,
0.0,0.0,0.3872811169730679,,,
0.0,0.0,0.3578213802607019,,,
0.0,1.0,0.5311795754093165,,,
1.0,1.0,0.5085472982856111,,,
1.0,1.0,0.6757710072204908,,,
1.0,0.0,0.4135562510946701,,,
0.0,0.0,0.38367209360010607,,,
0.0,0.0,0.42287509209361,,,
1.0,0.0,0.4616749200442123,,,
0.0,0.0,0.4057697132025417,,,
0.0,0.0,0.45414726521185367,,,
1.0,1.0,0.56736820148427,,,
1.0,0.0,0.43979853926251494,,,
0.0,0.0,0.34167412229068067,,,
0.0,0.0,0.3995720798498133,,,
1.0,0.0,0.44266017192421897,,,
0.0,0.0,0.40249932955113044,,,
0.0,0.0,0.3916377516728608,,,
0.0,1.0,0.508268589474663,,,
1.0,0.0,0.4231391350521782,,,
1.0,1.0,0.5042996621910432,,,
0.0,1.0,0.5713546392028589,,,
1.0,1.0,0.6193244579182574,,,
0.0,1.0,0.5115635222845362,,,
1.0,0.0,0.4829908787464693,,,
0.0,0.0,0.4707950944798653,,,
0.0,0.0,0.33201183138120594,,,
1.0,0.0,0.42327240693679863,,,
0.0,0.0,0.34645846283679366,,,
1.0,1.0,0.5555045550764255,,,
0.0,0.0,0.49756550326975724,,,
1.0,1.0,0.6441985019654345,,,
0.0,0.0,0.43827171112187985,,,
1.0,1.0,0.5308840688499017,,,
1.0,0.0,0.4527072482887341,,,
0.0,0.0,0.4040252301390363,,,
0.0,0.0,0.41727072535429477,,,
1.0,1.0,0.5092084454936125,,,
0.0,0.0,0.42208937300033994,,,
1.0,1.0,0.5068354763141861,,,
1.0,1.0,0.5100950625710285,,,
0.0,1.0,0.505595661667993,,,
1.0,0.0,0.49849858828220905,,,
0.0,0.0,0.40383400791743596,,,
1.0,0.0,0.4599216871854981,,,
1.0,1.0,0.5163360877789098,,,
0.0,0.0,0.40246437281280406,,,
1.0,1.0,0.5151079163530395,,,
0.0,0.0,0.4265842767355665,,,
1.0,1.0,0.5802049908617869,,,
0.0,0.0,0.37289099722520336,,,
1.0,0.0,0.4386132172412826,,,
1.0,0.0,0.4350566269385507,,,
1.0,0.0,0.4222774687235592,,,
1.0,1.0,0.5544842286136372,,,
1.0,1.0,0.615654756955708,,,
1.0,1.0,0.6099844804757234,,,
0.0,0.0,0.400748826171931,,,
0.0,0.0,0.41119552360090356,,,
1.0,1.0,0.5410025587709106,,,
0.0,0.0,0.4025165340767044,,,
0.0,0.0,0.40799684099890215,,,
1.0,1.0,0.650138131692211,,,
0.0,0.0,0.4521951466179458,,,
1.0,1.0,0.6479710420248516,,,
0.0,0.0,0.4407360776667473,,,
0.0,0.0,0.3381834001897282,,,
0.0,0.0,0.46103612302124436,,,
0.0,0.0,0.37993330016930404,,,
1.0,0.0,0.4335837525112854,,,
1.0,0.0,0.4014064395383893,,,
1.0,0.0,0.4118332547746452,,,
0.0,0.0,0.43632450278257723,,,
1.0,0.0,0.4929286144434071,,,
1.0,1.0,0.5118244372966163,,,
0.0,0.0,0.43204957480361805,,,
0.0,0.0,0.39498949948153267,,,
1.0,1.0,0.5319687770899965,,,
1.0,1.0,0.7699010784136288,,,
0.0,0.0,0.4547059880654133,,,
1.0,0.0,0.4597997534418799,,,
0.0,0.0,0.4768904884811424,,,
0.0,0.0,0.3500177611449405,,,
0.0,0.0,0.4478700063376684,,,
1.0,1.0,0.538606201287416,,,
0.0,0.0,0.3832157289537231,,,
1.0,1.0,0.52316567959582,,,
0.0,0.0,0.45235463133835957,,,
1.0,1.0,0.6033823671315849,,,
1.0,1.0,0.6922425515568948,,,
0.0,0.0,0.3622723715324339,,,
1.0,0.0,0.4954954820599441,,,
1.0,0.0,0.4396352431532643,,,
1.0,1.0,0.5043397301462101,,,
1.0,1.0,0.5340858785660626,,,
0.0,1.0,0.5254017816846471,,,
0.0,1.0,0.5297740041194928,,,
0.0,0.0,0.43911954293675887,,,
1.0,0.0,0.4514537930595737,,,
1.0,1.0,0.7914838250662669,,,
1.0,0.0,0.4506212174376701,,,
1.0,1.0,0.6447432961447341,,,
0.0,0.0,0.39933654322744594,,,
0.0,0.0,0.4050124646766086,,,
0.0,0.0,0.4813948420970576,,,
0.0,0.0,0.38898472988688165,,,
1.0,1.0,0.6332799558950932,,,
0.0,0.0,0.42672884647693776,,,
0.0,0.0,0.42252636603983895,,,
0.0,0.0,0.42621526022449213,,,
0.0,0.0,0.3706997014900019,,,
0.0,0.0,0.3829694811458887,,,
0.0,0.0,0.3798502694931447,,,
1.0,0.0,0.45440036550873153,,,
0.0,0.0,0.4400776438816996,,,
1.0,1.0,0.5256698694242361,,,
1.0,1.0,0.54796062102241,,,
1.0,1.0,0.5839898881293819,,,
1.0,0.0,0.4521109486781467,,,
0.0,0.0,0.45678841357979694,,,
1.0,0.0,0.4534582694883265,,,
0.0,0.0,0.4168762492686164,,,
1.0,0.0,0.3932735782591133,,,
1.0,0.0,0.4600735106093574,,,
1.0,0.0,0.46978092302543745,,,
0.0,0.0,0.37083743855501283,,,
0.0,0.0,0.3589124516954915,,,
0.0,0.0,0.4065275384944636,,,
0.0,0.0,0.367079639634712,,,
0.0,0.0,0.45509699615077204,,,
0.0,0.0,0.3853216525001199,,,
1.0,1.0,0.5501231417086265,,,
1.0,1.0,0.6247573562443295,,,
0.0,0.0,0.46668532486467973,,,
1.0,1.0,0.656737287442548,,,
0.0,0.0,0.38122731814957855,,,
1.0,0.0,0.4500573452394093,,,
1.0,1.0,0.5098787935936789,,,
0.0,0.0,0.4063163953962769,,,
0.0,0.0,0.43579423602766515,,,
0.0,0.0,0.389488327023519,,,
1.0,1.0,0.5215788212496815,,,
1.0,0.0,0.49823593895043844,,,
0.0,0.0,0.3627241358046638,,,
1.0,1.0,0.5331933935036002,,,
1.0,0.0,0.3985789823659662,,,
0.0,1.0,0.5752435095745839,,,
1.0,0.0,0.39801727480877946,,,
1.0,1.0,0.556098390728763,,,
0.0,0.0,0.43842051193459214,,,
1.0,1.0,0.5541175066580326,,,
1.0,0.0,0.43434779870474594,,,
1.0,0.0,0.42207768458622075,,,
1.0,1.0,0.6642683711716953,,,
1.0,1.0,0.5278828977410388,,,
1.0,0.0,0.4121158868979457,,,
1.0,0.0,0.44725668243893707,,,
1.0,0.0,0.4968525876009619,,,
0.0,0.0,0.475622476770072,,,
1.0,0.0,0.4882695116864188,,,
0.0,0.0,0.4449876278988108,,,
1.0,0.0,0.44689306128107925,,,
1.0,1.0,0.5916442649319007,,,
0.0,0.0,0.4680717140366631,,,
1.0,0.0,0.42411658344543796,,,
0.0,0.0,0.418009772244316,,,
1.0,1.0,0.6597314322329609,,,
0.0,0.0,0.4213962391109106,,,
1.0,0.0,0.4816789570796668,,,
1.0,0.0,0.4403602285093365,,,
0.0,0.0,0.3876913476476468,,,
0.0,0.0,0.3925816968424202,,,
0.0,0.0,0.44222222370588493,,,
1.0,1.0,0.5514113994053462,,,
1.0,0.0,0.46102311373059857,,,
0.0,0.0,0.40743510036977343,,,
1.0,1.0,0.7152986704393902,,,
0.0,0.0,0.3537496683775455,,,
0.0,0.0,0.4428559128100116,,,
0.0,0.0,0.4607233536186788,,,
0.0,0.0,0.460315316545544,,,
1.0,1.0,0.5004940344819899,,,
1.0,0.0,0.49305873604539757,,,
0.0,0.0,0.38675306067176723,,,
0.0,0.0,0.4618293609032407,,,
0.0,0.0,0.46235777559546076,,,
1.0,1.0,0.5494964140890415,,,
1.0,0.0,0.4759374871355612,,,
1.0,1.0,0.6953630028486668,,,
0.0,0.0,0.4100093327735314,,,
0.0,1.0,0.5009577665780512,,,
1.0,0.0,0.47086873917107974,,,
0.0,0.0,0.47825535407045866,,,
1.0,0.0,0.4476361285583319,,,
1.0,0.0,0.4032031133479318,,,
1.0,0.0,0.49670325673178023,,,
1.0,1.0,0.7251940539815205,,,
1.0,1.0,0.594688475801113,,,
0.0,0.0,0.39488944767812095,,,
0.0,0.0,0.3973488215228778,,,
1.0,0.0,0.4233241392388811,,,
0.0,0.0,0.3749083600375372,,,
1.0,1.0,0.5108590741811859,,,
1.0,0.0,0.4438550541775133,,,
0.0,0.0,0.37954536240460107,,,
1.0,0.0,0.4276130141060199,,,
0.0,0.0,0.439067015786596,,,
0.0,1.0,0.510799779315454,,,
0.0,0.0,0.3809148491491638,,,
0.0,0.0,0.37652263070117103,,,
0.0,0.0,0.463015022618978,,,
0.0,0.0,0.47433651887807793,,,
0.0,0.0,0.42495499255696423,,,
1.0,0.0,0.4075095903379486,,,
1.0,1.0,0.7015286324863766,,,
0.0,0.0,0.47632477057151856,,,
0.0,0.0,0.4030688602652401,,,
0.0,0.0,0.42454275311258843,,,
0.0,0.0,0.417389894948245,,,
1.0,1.0,0.7141001216895319,,,
1.0,0.0,0.44543609740651446,,,
0.0,1.0,0.5558483534310048,,,
1.0,1.0,0.5793941302508244,,,
1.0,1.0,0.5482067381589028,,,
1.0,1.0,0.51905054290549,,,
1.0,1.0,0.5272324131308278,,,
1.0,1.0,0.683262697534911,,,
0.0,0.0,0.415030066163822,,,
1.0,1.0,0.5958451766908536,,,
1.0,1.0,0.6029218048259097,,,
0.0,0.0,0.45418304895421346,,,
1.0,1.0,0.5057405901195332,,,
1.0,1.0,0.6478529942079005,,,
1.0,1.0,0.5615998619147311,,,
0.0,1.0,0.5181949688492177,,,
1.0,1.0,0.5213203754963296,,,
0.0,0.0,0.45001811028245725,,,
1.0,1.0,0.5455003875646481,,,
1.0,1.0,0.5263293826183473,,,
1.0,1.0,0.5380473124013797,,,
1.0,1.0,0.5600156027461818,,,
0.0,0.0,0.4240260569726018,,,
0.0,0.0,0.38407997014572826,,,
0.0,0.0,0.33841833948489536,,,
1.0,1.0,0.5082021554676793,,,
0.0,0.0,0.3960097169362013,,,
1.0,1.0,0.6553923067706422,,,
0.0,0.0,0.4531614523154254,,,
0.0,0.0,0.4913786740426925,,,
1.0,1.0,0.5182156398797504,,,
0.0,0.0,0.41349829543963795,,,
1.0,0.0,0.4341483628449689,,,
1.0,0.0,0.4259140911734235,,,
1.0,0.0,0.4571563961983226,,,
0.0,0.0,0.42346157174370025,,,
0.0,0.0,0.46937825463560007,,,
1.0,1.0,0.6966696467199796,,,
0.0,0.0,0.3886946646396074,,,
0.0,0.0,0.4904178963697448,,,
1.0,1.0,0.5031268860543386,,,
0.0,0.0,0.41129381178559027,,,
1.0,1.0,0.5245029499950131,,,
1.0,1.0,0.7507158568718235,,,
0.0,0.0,0.36622892573512356,,,
0.0,0.0,0.482986572200855,,,
1.0,1.0,0.5502407682009925,,,
1.0,1.0,0.59935786493519,,,
1.0,0.0,0.4097989636062026,,,
1.0,1.0,0.5157637095156019,,,
1.0,0.0,0.45971959713439847,,,
1.0,0.0,0.37557975097755253,,,
1.0,0.0,0.48603224887050295,,,
1.0,0.0,0.4370907421761631,,,
0.0,0.0,0.43268754792750197,,,
1.0,1.0,0.5790512166623062,,,
1.0,1.0,0.5546270934930883,,,
1.0,0.0,0.4643842353525176,,,
0.0,0.0,0.42857285656206684,,,
0.0,0.0,0.4533879684528509,,,
1.0,1.0,0.5341670091472176,,,
1.0,1.0,0.6956325643167165,,,
0.0,0.0,0.4905083505857819,,,
1.0,1.0,0.7086984868031767,,,
1.0,1.0,0.5011170375728271,,,
1.0,0.0,0.41921853482627264,,,
1.0,0.0,0.4813922443403972,,,
0.0,0.0,0.4201932823064866,,,
1.0,1.0,0.543864125246669,,,
1.0,1.0,0.5851080602053222,,,
1.0,1.0,0.5131892515540789,,,
0.0,0.0,0.4535630485264484,,,
1.0,1.0,0.6366424235592323,,,
1.0,0.0,0.4070771184402189,,,
1.0,1.0,0.6772555295446221,,,
1.0,0.0,0.4999716732982361,,,
0.0,0.0,0.4096932676255635,,,
0.0,0.0,0.48776683262319126,,,
1.0,1.0,0.6065711347911908,,,
1.0,1.0,0.645337286684135,,,
0.0,1.0,0.5047575389242176,,,
1.0,1.0,0.5095699550601359,,,
1.0,1.0,0.5409186446998553,,,
1.0,1.0,0.5107907208939542,,,
1.0,1.0,0.5276624560516594,,,
1.0,1.0,0.5253865373676596,,,
1.0,1.0,0.5769314702260994,,,
1.0,1.0,0.7128144419463105,,,
1.0,1.0,0.6839917691791259,,,
0.0,0.0,0.3876510359748061,,,
0.0,0.0,0.4108147473303682,,,
1.0,0.0,0.3813687333575742,,,
1.0,0.0,0.46462882659109084,,,
1.0,1.0,0.5235440598695639,,,
1.0,1.0,0.5489636124161777,,,
1.0,1.0,0.5146258016660082,,,
0.0,0.0,0.40020721239159196,,,
1.0,1.0,0.6572915194910662,,,
0.0,0.0,0.3819030184808384,,,
0.0,1.0,0.6104271413209501,,,
0.0,0.0,0.48717057812416825,,,
1.0,0.0,0.48272504795060384,,,
0.0,0.0,0.4859892781695911,,,
0.0,0.0,0.45349534836357747,,,
0.0,0.0,0.42040885069518685,,,
0.0,1.0,0.6074863662056026,,,
0.0,0.0,0.4054537414367176,,,
0.0,0.0,0.43096236252751585,,,
0.0,0.0,0.39646051931876314,,,
1.0,1.0,0.7303822396821094,,,
1.0,1.0,0.6757658748959131,,,
0.0,0.0,0.42339896013196443,,,
0.0,0.0,0.2761914115479946,,,
1.0,0.0,0.4195861699836285,,,
1.0,0.0,0.3954108723774281,,,
0.0,0.0,0.42596642074107516,,,
0.0,0.0,0.44114848892985964,,,
0.0,0.0,0.33636572622406885,,,
1.0,1.0,0.5540625830294456,,,
0.0,0.0,0.44587599290732777,,,
1.0,1.0,0.5792544452813283,,,
1.0,1.0,0.6347465610129016,,,
1.0,0.0,0.4637964794610731,,,
0.0,0.0,0.4049862292445991,,,
1.0,1.0,0.6039250328736263,,,
0.0,0.0,0.3892030174704669,,,
0.0,0.0,0.4243883319836973,,,
1.0,0.0,0.470393091311076,,,
0.0,0.0,0.4652245877380883,,,
1.0,0.0,0.43774446116876886,,,
0.0,0.0,0.45371969805404644,,,
0.0,1.0,0.5010257421370657,,,
1.0,1.0,0.5227854617102256,,,
1.0,1.0,0.5325622097166834,,,
1.0,1.0,0.5025804939764444,,,
1.0,0.0,0.42940232523902394,,,
0.0,0.0,0.43894719252086856,,,
0.0,0.0,0.3869920513342567,,,
0.0,0.0,0.3879067681964331,,,
0.0,0.0,0.333808253128338,,,
0.0,0.0,0.34291538150987066,,,
0.0,0.0,0.4521005728428838,,,
1.0,1.0,0.7825065122171875,,,
1.0,0.0,0.4626734322002477,,,
1.0,0.0,0.44585547560120387,,,
0.0,0.0,0.42867937440362075,,,
0.0,0.0,0.336447227689664,,,
0.0,1.0,0.5222190265254758,,,
0.0,0.0,0.44104215223294596,,,
0.0,0.0,0.3655255996945218,,,
0.0,0.0,0.3531212028055574,,,
1.0,0.0,0.49677046418927184,,,
0.0,0.0,0.41987826429901803,,,
1.0,1.0,0.5914029077575697,,,
0.0,1.0,0.5147012616446316,,,
1.0,1.0,0.5427029850353992,,,
1.0,0.0,0.4297755584802899,,,
1.0,0.0,0.4896557362435449,,,
0.0,0.0,0.47644830959150336,,,
0.0,1.0,0.5133324533227519,,,
0.0,0.0,0.44072548508010306,,,
0.0,0.0,0.4240058413304844,,,
1.0,0.0,0.46992548298963793,,,
0.0,0.0,0.4348618701353842,,,
1.0,1.0,0.5265001184689139,,,
0.0,0.0,0.4477956838407581,,,
1.0,0.0,0.47015449589490793,,,
1.0,1.0,0.5398675355809891,,,
0.0,0.0,0.4338651974211389,,,
0.0,0.0,0.37015969108116503,,,
0.0,1.0,0.5758609710655055,,,
0.0,0.0,0.3904618336841521,,,
1.0,1.0,0.5275758568106089,,,
1.0,1.0,0.5622041612743275,,,
1.0,0.0,0.47048296008671286,,,
0.0,0.0,0.4446475821125463,,,
1.0,0.0,0.33775477863268843,,,
1.0,0.0,0.4938813092742709,,,
0.0,0.0,0.4150129590844121,,,
0.0,0.0,0.48376839407058503,,,
0.0,0.0,0.46155328230534626,,,
1.0,1.0,0.5144556354333236,,,
0.0,0.0,0.38235310077348794,,,
1.0,0.0,0.4770699095926091,,,
1.0,1.0,0.5183448413849143,,,
1.0,0.0,0.4858869052142753,,,
0.0,0.0,0.4070064728439533,,,
1.0,1.0,0.5630436065845921,,,
1.0,1.0,0.5802295665693912,,,
0.0,0.0,0.3967385196516584,,,
1.0,1.0,0.5965468077867471,,,
0.0,0.0,0.4143944110712475,,,
0.0,0.0,0.42814217551820694,,,
0.0,0.0,0.45208186026571884,,,
0.0,1.0,0.5140217404290561,,,
1.0,0.0,0.47735354754810766,,,
1.0,1.0,0.5945842736396701,,,
1.0,1.0,0.7865331265567272,,,
0.0,0.0,0.37236801431301125,,,
0.0,0.0,0.4626963121433299,,,
0.0,0.0,0.4269697981332809,,,
1.0,0.0,0.46862701934823364,,,
1.0,1.0,0.5527733528985825,,,
1.0,0.0,0.37008334500296264,,,
1.0,0.0,0.4195425290114014,,,
1.0,0.0,0.43857554404647053,,,
1.0,0.0,0.42931450090793233,,,
0.0,0.0,0.3895814974107649,,,
0.0,0.0,0.4073229621525407,,,
1.0,0.0,0.4436381467598922,,,
0.0,0.0,0.401633730975521,,,
0.0,0.0,0.46834446519829587,,,
0.0,0.0,0.38360516862102195,,,
1.0,1.0,0.5161368783283302,,,
0.0,1.0,0.5131018916762873,,,
1.0,0.0,0.47021432538998054,,,
0.0,0.0,0.3959223320155333,,,
1.0,1.0,0.5283681897415555,,,
0.0,1.0,0.5096430275655535,,,
0.0,0.0,0.4763855099452156,,,
1.0,1.0,0.6092274493106946,,,
0.0,0.0,0.4101569012465628,,,
0.0,0.0,0.48720582162297327,,,
0.0,1.0,0.5161861915908315,,,
1.0,0.0,0.41716653580990365,,,
0.0,0.0,0.32128152424922635,,,
1.0,1.0,0.7077987345582072,,,
1.0,1.0,0.5248931987514488,,,
0.0,0.0,0.47724935495856885,,,
1.0,1.0,0.5838008543542073,,,
1.0,1.0,0.6483156926539206,,,
1.0,0.0,0.433699159794322,,,
0.0,0.0,0.4570106347059655,,,
1.0,0.0,0.48057833105423325,,,
0.0,0.0,0.3814317952268987,,,
1.0,1.0,0.6087571295656005,,,
1.0,1.0,0.5363082304590505,,,
0.0,0.0,0.4239116635698995,,,
0.0,0.0,0.4718452793212624,,,
0.0,0.0,0.34503802460294364,,,
1.0,1.0,0.5008392506954261,,,
1.0,1.0,0.6639447814592909,,,
0.0,0.0,0.4342486419609888,,,
1.0,1.0,0.6633449277531037,,,
0.0,0.0,0.42056893648013616,,,
0.0,0.0,0.42905331514480183,,,
0.0,1.0,0.5236822932999257,,,
1.0,1.0,0.5252170038824415,,,
1.0,0.0,0.4485332544188997,,,
0.0,0.0,0.4034996030811623,,,
0.0,0.0,0.4196245987095997,,,
1.0,0.0,0.4303034810708487,,,
1.0,0.0,0.47398101917989044,,,
0.0,0.0,0.4967933660940411,,,
1.0,1.0,0.5214507753681376,,,
0.0,0.0,0.400034518850531,,,
0.0,0.0,0.37504499031783156,,,
0.0,0.0,0.39444217467037757,,,
0.0,0.0,0.3967830438582128,,,
1.0,1.0,0.5466966206005549,,,
0.0,1.0,0.5054459232583427,,,
0.0,0.0,0.47817495696975454,,,
0.0,1.0,0.5814677970270432,,,
0.0,0.0,0.4744139695959105,,,
1.0,0.0,0.4961583374700322,,,
1.0,0.0,0.4795427056407806,,,
0.0,1.0,0.5465266255783456,,,
0.0,0.0,0.40939545455788157,,,
0.0,0.0,0.44547140042287753,,,
0.0,0.0,0.46092584456445423,,,
0.0,0.0,0.451598216451967,,,
1.0,0.0,0.4225202434901073,,,
0.0,0.0,0.37740908097814074,,,
0.0,0.0,0.49072333759758746,,,
0.0,0.0,0.39198831877163737,,,
1.0,1.0,0.6535251822540716,,,
0.0,1.0,0.5194677568654225,,,
0.0,0.0,0.38678193101980946,,,
1.0,0.0,0.49117889734052056,,,
0.0,0.0,0.47642471446845625,,,
0.0,0.0,0.40768411958728734,,,
1.0,1.0,0.5791922445139931,,,
1.0,1.0,0.5931242884417246,,,
0.0,0.0,0.42463637290525913,,,
1.0,0.0,0.4738640416555955,,,
0.0,0.0,0.46971976848118097,,,
0.0,0.0,0.43059503640375824,,,
1.0,1.0,0.6046096181159181,,,
0.0,1.0,0.5034980998702707,,,
0.0,0.0,0.4714358027303025,,,
0.0,0.0,0.40660910064203143,,,
1.0,1.0,0.5328993725746265,,,
1.0,1.0,0.7828640320656757,,,
1.0,0.0,0.47928128102853496,,,
1.0,1.0,0.5339059860335448,,,
1.0,1.0,0.51166215408111,,,
1.0,1.0,0.5085701625294808,,,
0.0,0.0,0.4452314986788053,,,
0.0,0.0,0.394800943382149,,,
1.0,0.0,0.4618705835356708,,,
1.0,1.0,0.5604571395894942,,,
0.0,0.0,0.39036617364954196,,,
1.0,0.0,0.49418286953387963,,,
1.0,1.0,0.5760576064806994,,,
0.0,0.0,0.4814319010767561,,,
0.0,0.0,0.4999493659330828,,,
1.0,0.0,0.44054668581599393,,,
1.0,1.0,0.6745265473513963,,,
1.0,1.0,0.5046476745654475,,,
1.0,1.0,0.5839898881293819,,,
0.0,0.0,0.4492772951613434,,,
0.0,1.0,0.530994557441205,,,
0.0,0.0,0.3946312708462374,,,
1.0,1.0,0.5180325772767326,,,
0.0,0.0,0.3496003688534198,,,
0.0,1.0,0.5009838873183174,,,
1.0,1.0,0.5141918893277393,,,
0.0,0.0,0.37077392164164663,,,
0.0,0.0,0.40744804786894967,,,
0.0,0.0,0.45721067305817,,,
1.0,0.0,0.4241938167294383,,,
1.0,1.0,0.5596191712593518,,,
1.0,1.0,0.5066536537753784,,,
1.0,1.0,0.5943737385226723,,,
1.0,1.0,0.5480574181472021,,,
0.0,0.0,0.39097110038089455,,,
1.0,0.0,0.46135994786341517,,,
1.0,1.0,0.7253469591065314,,,
1.0,0.0,0.4851776718818089,,,
0.0,0.0,0.385571736060537,,,
0.0,0.0,0.42483857097831085,,,
1.0,0.0,0.4776207720326131,,,
1.0,1.0,0.6766965328914766,,,
1.0,1.0,0.5144872999302983,,,
0.0,0.0,0.3501797479371608,,,
1.0,0.0,0.4963371249954058,,,
0.0,0.0,0.4220826062778656,,,
0.0,0.0,0.41932648837225717,,,
0.0,0.0,0.4032863840605428,,,
0.0,0.0,0.4163835588203605,,,
1.0,0.0,0.42894670175696925,,,
1.0,0.0,0.44927609542017466,,,
0.0,0.0,0.42122408228867503,,,
1.0,0.0,0.4288119773189954,,,
0.0,0.0,0.4061643217309838,,,
0.0,0.0,0.44910619198989205,,,
0.0,1.0,0.5315350131720841,,,
0.0,1.0,0.5057404696620426,,,
0.0,0.0,0.4310982389545671,,,
0.0,0.0,0.4629298614172504,,,
0.0,0.0,0.3533127717696173,,,
1.0,0.0,0.4479550058222637,,,
1.0,1.0,0.5305756560893832,,,
1.0,1.0,0.6420156979863426,,,
1.0,1.0,0.5346901428541248,,,
0.0,0.0,0.3628594106429832,,,
1.0,1.0,0.5361810624358357,,,
1.0,0.0,0.4336911278443136,,,
0.0,0.0,0.4374952372562458,,,
0.0,0.0,0.33221221566935616,,,
1.0,0.0,0.4572611337653937,,,
0.0,0.0,0.39876312379198015,,,
0.0,0.0,0.45689122134292326,,,
1.0,0.0,0.46421178726454865,,,
0.0,0.0,0.4274790368166755,,,
0.0,0.0,0.3743151329979589,,,
1.0,1.0,0.6040029270265025,,,
1.0,1.0,0.552509960804195,,,
1.0,1.0,0.6096219763364,,,
1.0,1.0,0.577591761118441,,,
0.0,0.0,0.42880131249127984,,,
1.0,1.0,0.5718720775443898,,,
0.0,0.0,0.46297293507472964,,,
1.0,0.0,0.473446261847249,,,
1.0,0.0,0.4233958932803712,,,
1.0,0.0,0.4293338084571506,,,
0.0,0.0,0.4225954467190956,,,
1.0,1.0,0.5626679371706481,,,
1.0,0.0,0.4863237432045788,,,
0.0,0.0,0.4453715942951119,,,
1.0,0.0,0.4433023374226728,,,
1.0,0.0,0.49091962599344163,,,
1.0,1.0,0.5624579821405319,,,
1.0,1.0,0.5280551960141272,,,
1.0,1.0,0.7836263123456633,,,
1.0,1.0,0.5780639421620939,,,
1.0,1.0,0.6406915852042333,,,
1.0,1.0,0.770379095031093,,,
0.0,0.0,0.3805043094922075,,,
0.0,0.0,0.4634310683694585,,,
0.0,0.0,0.4114664414568695,,,
1.0,0.0,0.4639171860750817,,,
0.0,1.0,0.5671437456101144,,,
0.0,0.0,0.4176562877255195,,,
1.0,1.0,0.7729478629382557,,,
1.0,1.0,0.5732750618574711,,,
1.0,1.0,0.6079325220422532,,,
1.0,0.0,0.45850278717149495,,,
0.0,0.0,0.47040510115088735,,,
0.0,1.0,0.5229383358948999,,,
1.0,0.0,0.48311029178253784,,,
0.0,0.0,0.3888433225002255,,,
0.0,0.0,0.39403802711700237,,,
1.0,0.0,0.4527233359061221,,,
1.0,0.0,0.4534921468284826,,,
0.0,0.0,0.47324301857791107,,,
0.0,0.0,0.41701329478108684,,,
0.0,0.0,0.4340795022671901,,,
0.0,0.0,0.3983690192120319,,,
1.0,0.0,0.4477304098395847,,,
1.0,0.0,0.4238383550104885,,,
1.0,1.0,0.6310944591318663,,,
0.0,0.0,0.43865529043846657,,,
0.0,0.0,0.451180683069133,,,
1.0,1.0,0.5293890835563188,,,
0.0,0.0,0.34615163772948593,,,
0.0,0.0,0.40396236080379344,,,
1.0,1.0,0.5330538017654108,,,
0.0,0.0,0.4410563119845685,,,
1.0,1.0,0.559011722109099,,,
0.0,0.0,0.4458724174965684,,,
0.0,0.0,0.44264325151897693,,,
1.0,0.0,0.4716207521855772,,,
0.0,0.0,0.43851963737789956,,,
0.0,0.0,0.46304430555114795,,,
0.0,1.0,0.5055530611518714,,,
1.0,1.0,0.5297391345353176,,,
0.0,0.0,0.4031853568923289,,,
1.0,0.0,0.4484692624596999,,,
1.0,0.0,0.484617410197891,,,
0.0,0.0,0.4227445588620683,,,
1.0,1.0,0.5114854890172781,,,
1.0,1.0,0.6338116403721885,,,
0.0,0.0,0.43230590771323724,,,
1.0,0.0,0.45234089108911335,,,
1.0,0.0,0.4570413693563659,,,
1.0,1.0,0.5087601076564129,,,
1.0,0.0,0.47736606085030714,,,
0.0,0.0,0.4080375318662979,,,
0.0,0.0,0.4939657299091332,,,
0.0,0.0,0.4573559903408758,,,
0.0,0.0,0.33552640044364773,,,
0.0,0.0,0.3562924120450079,,,
1.0,1.0,0.5250788274147549,,,
1.0,1.0,0.5327945329049142,,,
1.0,0.0,0.43125928111764045,,,
0.0,0.0,0.45814773264990916,,,
1.0,1.0,0.6153707630045732,,,
1.0,1.0,0.664192308190411,,,
1.0,1.0,0.605793656621317,,,
1.0,0.0,0.4710438964128635,,,
1.0,1.0,0.5894071915851862,,,
0.0,0.0,0.4491627495353477,,,
0.0,0.0,0.4153189331113444,,,
0.0,0.0,0.3892308456866953,,,
1.0,1.0,0.506381329235984,,,
1.0,1.0,0.533598100131603,,,
1.0,0.0,0.44109816099908833,,,
1.0,1.0,0.5133267264130226,,,
1.0,0.0,0.4332492492757282,,,
1.0,1.0,0.5194902609797957,,,
0.0,0.0,0.37045046940213044,,,
1.0,1.0,0.5997670030556523,,,
0.0,0.0,0.3972743241331109,,,
1.0,0.0,0.4442906806209985,,,
1.0,1.0,0.6120135415810296,,,
0.0,0.0,0.41508825247780773,,,
0.0,0.0,0.4434918950065484,,,
0.0,0.0,0.40715609321933155,,,
1.0,1.0,0.5230094605216628,,,
1.0,1.0,0.5793855378684408,,,
1.0,0.0,0.4605366513225967,,,
1.0,0.0,0.494925981318287,,,
1.0,1.0,0.5700486913275923,,,
0.0,0.0,0.39995202070783015,,,
0.0,0.0,0.44148095892202077,,,
0.0,1.0,0.5221440437783985,,,
0.0,0.0,0.36610398116709986,,,
0.0,0.0,0.4489004895068492,,,
1.0,1.0,0.5989241820382668,,,
0.0,0.0,0.41357456227345235,,,
0.0,1.0,0.5970495358992511,,,
1.0,0.0,0.4924625283664349,,,
1.0,1.0,0.5722502580568013,,,
0.0,0.0,0.3953678811623981,,,
1.0,0.0,0.4854685529572391,,,
0.0,0.0,0.41617765394386275,,,
1.0,1.0,0.5454743421685493,,,
0.0,0.0,0.4578015866746264,,,
0.0,0.0,0.4180075264007471,,,
0.0,0.0,0.41920893639742884,,,
1.0,1.0,0.7190408201160272,,,
0.0,0.0,0.4235538581511489,,,
0.0,0.0,0.46676170928861466,,,
0.0,1.0,0.5255382970517698,,,
1.0,0.0,0.45055996693752803,,,
0.0,0.0,0.40182469311177865,,,
0.0,0.0,0.4528394011887877,,,
1.0,0.0,0.4034158472262456,,,
0.0,0.0,0.3705112995076728,,,
0.0,0.0,0.46005025631879826,,,
1.0,1.0,0.6405911949586002,,,
0.0,0.0,0.4693757950352568,,,
1.0,0.0,0.40885560361939993,,,
0.0,0.0,0.4659641865867826,,,
0.0,0.0,0.37029138024553376,,,
1.0,0.0,0.48369399139580643,,,
1.0,1.0,0.6476357980089874,,,
1.0,1.0,0.5567565925972984,,,
0.0,0.0,0.4038444663459544,,,
0.0,1.0,0.5094491355685025,,,
0.0,0.0,0.3731856096956576,,,
1.0,1.0,0.745325092976808,,,
0.0,0.0,0.2692846967945406,,,
1.0,0.0,0.47255983712591654,,,
1.0,1.0,0.6590734264673043,,,
0.0,0.0,0.3940918449737379,,,
1.0,0.0,0.46753087711634406,,,
0.0,0.0,0.4267222779516765,,,
1.0,1.0,0.5728574152519318,,,
1.0,1.0,0.6530465251332987,,,
0.0,0.0,0.4769313931291888,,,
0.0,0.0,0.41459154796597364,,,
1.0,1.0,0.5649190151167061,,,
1.0,1.0,0.6181823241629953,,,
0.0,0.0,0.4003089242195058,,,
1.0,0.0,0.4893450116515782,,,
0.0,0.0,0.43637319862631707,,,
1.0,1.0,0.5609179577530176,,,
0.0,0.0,0.4127473921312916,,,
0.0,0.0,0.37549057794943624,,,
1.0,1.0,0.6479710420248516,,,
0.0,0.0,0.3799781666418283,,,
0.0,0.0,0.37737939996866704,,,
0.0,0.0,0.38370885295408874,,,
1.0,0.0,0.49054271096624263,,,
1.0,1.0,0.6418009052236731,,,
0.0,0.0,0.3818038027225194,,,
0.0,0.0,0.46272272125039476,,,
0.0,1.0,0.5114415049875246,,,
0.0,0.0,0.413964134124824,,,
1.0,1.0,0.5984309842774418,,,
1.0,1.0,0.5140928831260843,,,
0.0,0.0,0.43265073621841227,,,
0.0,0.0,0.4200351918184095,,,
1.0,0.0,0.4227059254943562,,,
1.0,0.0,0.4559538984702305,,,
0.0,0.0,0.4012618654730527,,,
0.0,0.0,0.4361587756191295,,,
0.0,1.0,0.5066309015053581,,,
0.0,0.0,0.40903656941004557,,,
0.0,0.0,0.30153129568211384,,,
1.0,0.0,0.43831726391595177,,,
0.0,0.0,0.46739535852397623,,,
0.0,0.0,0.471250427104553,,,
0.0,0.0,0.49183749008096617,,,
0.0,0.0,0.465221269565543,,,
0.0,0.0,0.3907250430578051,,,
0.0,0.0,0.4623187332685849,,,
0.0,0.0,0.46694382405341006,,,
0.0,0.0,0.46293024660155574,,,
0.0,0.0,0.39058198791816484,,,
0.0,0.0,0.41454735893867506,,,
0.0,0.0,0.4428531824325645,,,
0.0,1.0,0.5104357950306916,,,
0.0,0.0,0.4371200602473052,,,
1.0,0.0,0.46100565452873427,,,
1.0,1.0,0.7892551646594679,,,
0.0,0.0,0.40957055801532993,,,
0.0,0.0,0.40445402346961146,,,
1.0,0.0,0.4436656936250709,,,
0.0,1.0,0.5514977584038723,,,
1.0,1.0,0.5504071031414793,,,
0.0,0.0,0.41792846740115924,,,
0.0,0.0,0.43089098985209495,,,
1.0,1.0,0.658496080229112,,,
0.0,0.0,0.3322699279679414,,,
1.0,1.0,0.6327907485712126,,,
0.0,0.0,0.3706815311176683,,,
0.0,1.0,0.5643535827484712,,,
1.0,1.0,0.7752722709107364,,,
0.0,0.0,0.4723441153875963,,,
0.0,0.0,0.3998450265741228,,,
1.0,1.0,0.7728617278061664,,,
0.0,0.0,0.46648661787841955,,,
0.0,0.0,0.33382024641410657,,,
1.0,0.0,0.49669888662282335,,,
0.0,0.0,0.4631876370246628,,,
1.0,1.0,0.6327896940269371,,,
0.0,0.0,0.29929893871831986,,,
0.0,0.0,0.4530884179891598,,,
1.0,1.0,0.7718436545404459,,,
1.0,0.0,0.4990978900186994,,,
0.0,0.0,0.44703400224090917,,,
0.0,0.0,0.4830818922123366,,,
0.0,0.0,0.4173256245076283,,,
1.0,0.0,0.43398623794587926,,,
0.0,0.0,0.36617149059785076,,,
0.0,0.0,0.4085541438800092,,,
0.0,0.0,0.4226995835255704,,,
1.0,0.0,0.3655650788845187,,,
1.0,0.0,0.4150994014799106,,,
0.0,0.0,0.46536427365549105,,,
0.0,0.0,0.39997113695326525,,,
1.0,1.0,0.6131706906005243,,,
0.0,0.0,0.4888274897851201,,,
0.0,0.0,0.3991659839703375,,,
0.0,0.0,0.4371189512972385,,,
1.0,0.0,0.4583027151201028,,,
0.0,0.0,0.45401480632228874,,,
0.0,0.0,0.4147351827619377,,,
0.0,0.0,0.4237675252385167,,,
0.0,0.0,0.3934308990517262,,,
0.0,0.0,0.4584578632963258,,,
1.0,1.0,0.5198471501080708,,,
0.0,0.0,0.4392961460649973,,,
0.0,1.0,0.5085980526818425,,,
0.0,0.0,0.4839766453967355,,,
1.0,0.0,0.4333317483547588,,,
1.0,1.0,0.7785903107335256,,,
1.0,0.0,0.4276001809428166,,,
0.0,0.0,0.4241772581656258,,,
0.0,0.0,0.43030039875768483,,,
1.0,1.0,0.612270957980992,,,
0.0,0.0,0.4031633960909584,,,
0.0,0.0,0.34600078395365125,,,
1.0,0.0,0.4081531992986186,,,
0.0,0.0,0.3709808495310497,,,
1.0,1.0,0.6428556027307505,,,
1.0,1.0,0.626313266867711,,,
0.0,0.0,0.4468711212060043,,,
1.0,1.0,0.5035854518163713,,,
0.0,1.0,0.5436692360279036,,,
1.0,1.0,0.6159585459677939,,,
1.0,0.0,0.4951630306896228,,,
0.0,0.0,0.43454769072564875,,,
0.0,0.0,0.3562750713484371,,,
1.0,1.0,0.6548613753702183,,,
0.0,0.0,0.3786421252732679,,,
0.0,0.0,0.43418916724625356,,,
1.0,0.0,0.4731641813131767,,,
1.0,1.0,0.5113089015915934,,,
0.0,0.0,0.40264366533783275,,,
0.0,0.0,0.39638674394350804,,,
0.0,0.0,0.35929407356218385,,,
0.0,0.0,0.3888862260813802,,,
1.0,1.0,0.5529776265836952,,,
1.0,1.0,0.6159453584847516,,,
0.0,0.0,0.4377459336848703,,,
1.0,1.0,0.5737651621369293,,,
1.0,1.0,0.5327109628860405,,,
0.0,0.0,0.42089682232861525,,,
0.0,0.0,0.4654174061214706,,,
0.0,0.0,0.4571619636224034,,,
0.0,0.0,0.4104393073230872,,,
0.0,0.0,0.3866877522260272,,,
0.0,0.0,0.4366802531277569,,,
0.0,0.0,0.4006000455836303,,,
1.0,1.0,0.6166265154048017,,,
1.0,0.0,0.41330507879473355,,,
1.0,0.0,0.47521354018427886,,,
0.0,0.0,0.4633477076141451,,,
0.0,0.0,0.37253249524600834,,,
0.0,0.0,0.4265868017745376,,,
0.0,0.0,0.4245730362433972,,,
1.0,0.0,0.4571166110976238,,,
1.0,1.0,0.5055182378589641,,,
0.0,0.0,0.48702576234626926,,,
1.0,1.0,0.5833716365806687,,,
0.0,0.0,0.3761882524013694,,,
1.0,0.0,0.4767511723066487,,,
0.0,0.0,0.40513702130499973,,,
0.0,0.0,0.396572330842033,,,
0.0,0.0,0.3980061971537985,,,
0.0,0.0,0.45105198159092263,,,
0.0,0.0,0.3882773684113632,,,
0.0,0.0,0.41826352659994875,,,
1.0,1.0,0.5470340015618724,,,
1.0,1.0,0.7775632409750859,,,
1.0,1.0,0.6266859402719257,,,
1.0,1.0,0.6242281267517427,,,
0.0,0.0,0.3867228634091874,,,
1.0,1.0,0.6012357689204344,,,
1.0,1.0,0.5294207076108839,,,
1.0,0.0,0.4976537420580176,,,
1.0,0.0,0.49509098683391944,,,
1.0,0.0,0.4351809150235086,,,
1.0,1.0,0.560456325040945,,,
1.0,1.0,0.5664991375291724,,,
0.0,0.0,0.4696945712259811,,,
0.0,0.0,0.46697533723170404,,,
0.0,1.0,0.573971343373779,,,
1.0,0.0,0.413334506367935,,,
0.0,0.0,0.40295667935239504,,,
0.0,0.0,0.41299797408304395,,,
0.0,0.0,0.4056878778055579,,,
0.0,0.0,0.3819030184808384,,,
0.0,1.0,0.564955719549135,,,
0.0,0.0,0.42582606954165086,,,
1.0,1.0,0.6057434923275161,,,
1.0,0.0,0.4628904374034513,,,
1.0,0.0,0.4276282138264165,,,
0.0,0.0,0.40768411958728734,,,
0.0,0.0,0.45639729496041187,,,
0.0,0.0,0.44049997023131454,,,
0.0,0.0,0.32128152424922635,,,
1.0,1.0,0.5696880269633938,,,
1.0,1.0,0.5035615855288283,,,
0.0,0.0,0.4185984076622676,,,
0.0,0.0,0.46873940296654115,,,
1.0,0.0,0.43852003709142656,,,
1.0,0.0,0.43918028710769524,,,
0.0,0.0,0.3709911242750306,,,
1.0,0.0,0.45169071139730044,,,
1.0,1.0,0.6390292234220846,,,
1.0,1.0,0.6762572099939967,,,
0.0,0.0,0.46530230013063667,,,
0.0,0.0,0.34585168357885493,,,
0.0,0.0,0.42053819268813797,,,
1.0,0.0,0.48438309372852056,,,
1.0,0.0,0.3834794572428169,,,
1.0,1.0,0.5256618555645785,,,
1.0,1.0,0.503498710800943,,,
0.0,0.0,0.49886672208069255,,,
1.0,0.0,0.42849244779566376,,,
0.0,0.0,0.4011381779443032,,,
0.0,0.0,0.46021774019042294,,,
1.0,0.0,0.3984216206489611,,,
0.0,0.0,0.44256442515852695,,,
1.0,1.0,0.5685006325021406,,,
1.0,0.0,0.4746175698312672,,,
0.0,0.0,0.4620825446629162,,,
1.0,0.0,0.4697860744117676,,,
0.0,0.0,0.3619680942435067,,,
1.0,1.0,0.6156863656984322,,,
1.0,1.0,0.531065062034327,,,
1.0,0.0,0.49934500612111493,,,
1.0,1.0,0.5676956578004728,,,
1.0,0.0,0.47542702325118924,,,
0.0,0.0,0.48513143069635445,,,
0.0,0.0,0.3887855393897799,,,
1.0,1.0,0.6030990228055709,,,
1.0,0.0,0.44979610227177175,,,
0.0,0.0,0.45235708782968026,,,
1.0,1.0,0.5643651784922472,,,
0.0,0.0,0.3861727755660776,,,
1.0,1.0,0.572728076241928,,,
1.0,0.0,0.4064758549734793,,,
0.0,0.0,0.3613084229708958,,,
1.0,1.0,0.6498316123887631,,,
1.0,1.0,0.5326595069151682,,,
0.0,0.0,0.4113421887532447,,,
1.0,1.0,0.5344146617693463,,,
1.0,0.0,0.40875378950529323,,,
0.0,0.0,0.4501987263189455,,,
0.0,0.0,0.4133056146559477,,,
1.0,0.0,0.4414942981023709,,,
1.0,1.0,0.5641274771928209,,,
1.0,1.0,0.7693462075601876,,,
1.0,0.0,0.4890456751472646,,,
0.0,0.0,0.4520917740476974,,,
0.0,0.0,0.4217997788611725,,,
1.0,1.0,0.5988143925062345,,,
1.0,0.0,0.49790246595595045,,,
0.0,0.0,0.4483077484233078,,,
1.0,1.0,0.5007758652569527,,,
0.0,0.0,0.4248570294460895,,,
0.0,0.0,0.42202352552756456,,,
0.0,0.0,0.4049667269218023,,,
0.0,0.0,0.47176867873042494,,,
1.0,1.0,0.703245549467785,,,
0.0,0.0,0.4508631548840969,,,
0.0,0.0,0.4614809955100845,,,
0.0,0.0,0.4918654101850187,,,
0.0,0.0,0.4635452093046391,,,
0.0,0.0,0.48877916790915776,,,
1.0,1.0,0.6024593517274944,,,
0.0,0.0,0.4289415332873153,,,
0.0,0.0,0.4119712023027858,,,
0.0,1.0,0.5049307947663183,,,
1.0,0.0,0.46157092439981917,,,
0.0,0.0,0.4132276175168122,,,
1.0,0.0,0.473174669987462,,,
1.0,1.0,0.5348461248441584,,,
1.0,1.0,0.5193106011695968,,,
1.0,0.0,0.4981165450629702,,,
1.0,0.0,0.4374354440235715,,,
1.0,0.0,0.4059306949093709,,,
0.0,0.0,0.3644285564399824,,,
0.0,0.0,0.33337425168585616,,,
1.0,0.0,0.443314130375196,,,
1.0,1.0,0.709222215138999,,,
0.0,0.0,0.42259518550610053,,,
0.0,0.0,0.42404328849526834,,,
1.0,1.0,0.6397348179708078,,,
1.0,1.0,0.5009659182113207,,,
0.0,0.0,0.37354017861469013,,,
1.0,1.0,0.5206595094120519,,,
0.0,0.0,0.38919121080899893,,,
0.0,0.0,0.33629302587233334,,,
1.0,1.0,0.6527599679101359,,,
0.0,0.0,0.403422270081576,,,
1.0,1.0,0.553695573475402,,,
0.0,0.0,0.41977083396512443,,,
0.0,0.0,0.36118899068686283,,,
1.0,1.0,0.6508009155539494,,,
1.0,0.0,0.4460309273010081,,,
0.0,1.0,0.5333264290664431,,,
1.0,0.0,0.4896993222846159,,,
1.0,1.0,0.5054788461152332,,,
1.0,1.0,0.5155000013158614,,,
1.0,1.0,0.6025199597739082,,,
0.0,0.0,0.3557071658113438,,,
0.0,0.0,0.4827560062335955,,,
1.0,1.0,0.5723329161452637,,,
1.0,1.0,0.543045762032295,,,
1.0,1.0,0.5222505095312773,,,
0.0,0.0,0.48946685888854163,,,
1.0,1.0,0.5483898252782209,,,
0.0,0.0,0.4154182974016146,,,
0.0,0.0,0.4878487892936042,,,
1.0,0.0,0.44696485096929894,,,
0.0,0.0,0.40169940056330317,,,
1.0,1.0,0.5254578698555519,,,
0.0,0.0,0.48526192344294555,,,
0.0,0.0,0.40109838092420314,,,
0.0,0.0,0.36853815096921083,,,
1.0,0.0,0.43670088455312506,,,
0.0,0.0,0.40147385566256455,,,
0.0,0.0,0.49658949414949527,,,
0.0,0.0,0.40321428498659573,,,
0.0,0.0,0.4053708488891588,,,
1.0,0.0,0.3409005107585955,,,
1.0,0.0,0.45897563627905485,,,
1.0,0.0,0.4431111476895937,,,
0.0,1.0,0.5232721936227963,,,
0.0,0.0,0.46096483232417934,,,
1.0,0.0,0.445630131935782,,,
1.0,1.0,0.5076546711115729,,,
0.0,0.0,0.4261536471042397,,,
1.0,1.0,0.6360954182609394,,,
1.0,1.0,0.5313807454625438,,,
0.0,1.0,0.5246869750195794,,,
1.0,1.0,0.5071315639315168,,,
0.0,1.0,0.521769844191444,,,
0.0,0.0,0.46571391174385735,,,
1.0,1.0,0.6210480550718525,,,
0.0,0.0,0.4409833996734873,,,
1.0,1.0,0.6661197491782229,,,
0.0,0.0,0.49371060731819555,,,
0.0,0.0,0.43536702442028236,,,
0.0,0.0,0.4239174730346753,,,
1.0,0.0,0.3952812018501462,,,
0.0,0.0,0.49330632142870373,,,
1.0,0.0,0.4894878526215827,,,
0.0,0.0,0.4546145502044413,,,
0.0,0.0,0.42206398552836855,,,
1.0,1.0,0.5109442330421318,,,
1.0,1.0,0.5935224915107684,,,
1.0,1.0,0.6815444262816536,,,
0.0,0.0,0.4892055084907759,,,
0.0,0.0,0.3838862135408003,,,
0.0,1.0,0.5549366749652702,,,
1.0,0.0,0.4281808248485511,,,
1.0,0.0,0.4926066288875854,,,
0.0,0.0,0.4902626203370343,,,
1.0,1.0,0.6124367081622041,,,
0.0,0.0,0.4664316947589493,,,
1.0,0.0,0.42693473323243425,,,
1.0,1.0,0.5196551780284066,,,
0.0,0.0,0.4294395577419589,,,
1.0,0.0,0.45700120141096795,,,
1.0,0.0,0.46585859245200245,,,
1.0,1.0,0.5107246436425286,,,
0.0,0.0,0.4262937528728193,,,
1.0,1.0,0.5391427443450811,,,
1.0,1.0,0.717157086338084,,,
1.0,0.0,0.382870960595041,,,
0.0,0.0,0.3685381266284124,,,
1.0,0.0,0.4928677966806398,,,
0.0,0.0,0.408299144490425,,,
0.0,0.0,0.3959509306241781,,,
1.0,0.0,0.44939719893687585,,,
1.0,0.0,0.42148456923573036,,,
0.0,0.0,0.4400817107898724,,,
1.0,1.0,0.6998066428314149,,,
1.0,1.0,0.6379845041961216,,,
0.0,0.0,0.48852492578400625,,,
1.0,0.0,0.4882695116864188,,,
0.0,0.0,0.45432382070969873,,,
0.0,1.0,0.5537022940511682,,,
0.0,0.0,0.43167237436928246,,,
1.0,1.0,0.5202487742813412,,,
1.0,0.0,0.46088904632627137,,,
0.0,0.0,0.3830339800002449,,,
0.0,0.0,0.41024399090152697,,,
0.0,0.0,0.4728632845434389,,,
0.0,0.0,0.43932507271803706,,,
0.0,0.0,0.40578485767087163,,,
0.0,1.0,0.5111857610921476,,,
0.0,0.0,0.40014946725255945,,,
0.0,0.0,0.4477447185025304,,,
1.0,1.0,0.6388998648963861,,,
0.0,0.0,0.48720609706435253,,,
0.0,0.0,0.3695785076195439,,,
1.0,0.0,0.47027751775141896,,,
0.0,0.0,0.44159531971574917,,,
1.0,1.0,0.7350962227696494,,,
0.0,0.0,0.4833394930368035,,,
0.0,0.0,0.40615762517677645,,,
1.0,1.0,0.7563363613773618,,,
0.0,0.0,0.3679958852127679,,,
0.0,0.0,0.39551767537272536,,,
1.0,0.0,0.4648813524012488,,,
1.0,0.0,0.4931465629812465,,,
1.0,0.0,0.4876275413241268,,,
1.0,1.0,0.5277278592575745,,,
0.0,0.0,0.3952075510017708,,,
0.0,0.0,0.29980247804566423,,,
1.0,1.0,0.5569272609421585,,,
0.0,0.0,0.3126828398187474,,,
0.0,0.0,0.3420112557535337,,,
0.0,0.0,0.3951812532279204,,,
0.0,1.0,0.5386243651382907,,,
1.0,0.0,0.39326389004285006,,,
1.0,0.0,0.44390807843833024,,,
1.0,1.0,0.6192714994374314,,,
1.0,1.0,0.6085557175123585,,,
0.0,0.0,0.4087421708217812,,,
1.0,1.0,0.5990753307432453,,,
0.0,0.0,0.3741929582967158,,,
1.0,0.0,0.4823493049345623,,,
0.0,0.0,0.4207257731166693,,,
1.0,0.0,0.47939153366585296,,,
1.0,1.0,0.6342743377518985,,,
0.0,0.0,0.37819411821988913,,,
0.0,0.0,0.44521905664427047,,,
1.0,0.0,0.46834906892509287,,,
0.0,0.0,0.4414000473565475,,,
1.0,0.0,0.46311888142458774,,,
0.0,0.0,0.3946958216564647,,,
1.0,0.0,0.454065815104728,,,
1.0,0.0,0.40282224870969585,,,
0.0,0.0,0.4275603102736193,,,
1.0,0.0,0.4807264168047851,,,
0.0,0.0,0.4853092212067347,,,
1.0,0.0,0.39482630147116765,,,
1.0,0.0,0.3714781189285142,,,
1.0,0.0,0.4638869720361629,,,
1.0,1.0,0.5067372191683462,,,
0.0,0.0,0.4033243471065091,,,
1.0,0.0,0.47927356369923474,,,
1.0,0.0,0.40651561081362697,,,
0.0,0.0,0.4264134437063203,,,
0.0,0.0,0.4423585074565092,,,
0.0,0.0,0.4032537185118634,,,
0.0,0.0,0.4645960239263701,,,
0.0,0.0,0.3971785852831043,,,
0.0,0.0,0.2692846967945406,,,
0.0,0.0,0.4556163798297013,,,
0.0,0.0,0.42234648028759053,,,
1.0,1.0,0.5419124733792717,,,
0.0,0.0,0.45956485371239497,,,
0.0,0.0,0.4826805667843858,,,
1.0,1.0,0.5223985223341602,,,
0.0,0.0,0.38869485743277565,,,
0.0,0.0,0.48028575354038044,,,
1.0,1.0,0.5530682150464973,,,
0.0,0.0,0.4044753866830095,,,
0.0,0.0,0.405202548373668,,,
1.0,1.0,0.5026449963048538,,,
0.0,0.0,0.4867781357816005,,,
1.0,0.0,0.4902546185172648,,,
1.0,1.0,0.5727768214330241,,,
0.0,0.0,0.45887937693257225,,,
1.0,1.0,0.5577497611306407,,,
0.0,0.0,0.40850577749988115,,,
1.0,1.0,0.5119474523240423,,,
1.0,0.0,0.4679885809320243,,,
1.0,0.0,0.3939267104236703,,,
0.0,0.0,0.4640674857110901,,,
1.0,1.0,0.6179565368400589,,,
1.0,1.0,0.5349022678782872,,,
0.0,0.0,0.3992191407903588,,,
0.0,0.0,0.4447569428974764,,,
1.0,1.0,0.5437974257373688,,,
0.0,0.0,0.3722142290334278,,,
1.0,0.0,0.4821200524851961,,,
1.0,1.0,0.6890362003082037,,,
0.0,0.0,0.2692846967945406,,,
1.0,1.0,0.574377582774135,,,
0.0,0.0,0.34631265533071887,,,
1.0,0.0,0.4963386476485954,,,
1.0,0.0,0.49830156953383997,,,
0.0,0.0,0.46600800046786933,,,
0.0,0.0,0.4369789847760844,,,
0.0,0.0,0.3522096673522785,,,
1.0,1.0,0.6117838910069944,,,
0.0,0.0,0.4590698071026193,,,
1.0,1.0,0.5312979903999786,,,
0.0,0.0,0.3905325566758709,,,
1.0,0.0,0.4089585940865998,,,
0.0,0.0,0.420171802123874,,,
1.0,0.0,0.49791367415192633,,,
1.0,0.0,0.43500206023575266,,,
0.0,0.0,0.2761914115479946,,,
0.0,0.0,0.3793628063074908,,,
0.0,0.0,0.4599914028376845,,,
0.0,0.0,0.46409063830771496,,,
1.0,1.0,0.5583402118839247,,,
0.0,0.0,0.4380669950663016,,,
0.0,0.0,0.35652497943175565,,,
0.0,0.0,0.46584347516317925,,,
0.0,0.0,0.4328528318414384,,,
1.0,1.0,0.7029860511253921,,,
1.0,0.0,0.4239826233548238,,,
1.0,1.0,0.5788390665646151,,,
0.0,0.0,0.46603320928472464,,,
1.0,0.0,0.4634299209480137,,,
0.0,0.0,0.4089016001627003,,,
0.0,0.0,0.49289761919714525,,,
0.0,0.0,0.4733684843490265,,,
0.0,0.0,0.44429853101132305,,,
0.0,0.0,0.4628350614711884,,,
0.0,0.0,0.44645053127099715,,,
1.0,1.0,0.7730953546050976,,,
1.0,0.0,0.46542649527059954,,,
1.0,1.0,0.606570310175602,,,
0.0,0.0,0.4399748382813454,,,
1.0,1.0,0.6337381373267859,,,
0.0,0.0,0.46493744687323896,,,
0.0,0.0,0.4825777916475565,,,
1.0,0.0,0.47829122521798606,,,
0.0,0.0,0.43706553748656335,,,
1.0,1.0,0.5675279762419281,,,
0.0,0.0,0.4009316726831583,,,
0.0,0.0,0.3507422456974307,,,
0.0,0.0,0.4713764349591442,,,
0.0,0.0,0.4440264309129508,,,
1.0,0.0,0.41482538222878546,,,
0.0,0.0,0.37527561372716345,,,
0.0,0.0,0.3815328026905468,,,
0.0,0.0,0.3807291967515501,,,
1.0,1.0,0.513229798031507,,,
0.0,0.0,0.4469666312773181,,,
0.0,0.0,0.39617447402367484,,,
0.0,0.0,0.48969639755062877,,,
1.0,0.0,0.45933467665247024,,,
0.0,0.0,0.41234809822144103,,,
0.0,0.0,0.4328085470855006,,,
1.0,0.0,0.44556795529026766,,,
0.0,0.0,0.3557071658113438,,,
0.0,0.0,0.3692592316251997,,,
1.0,1.0,0.5223619797228491,,,
1.0,1.0,0.5313240726316485,,,
1.0,0.0,0.41145075579015267,,,
1.0,0.0,0.4307636415185392,,,
0.0,0.0,0.44137538953768024,,,
0.0,0.0,0.4453444127471039,,,
1.0,1.0,0.5386931097198083,,,
0.0,0.0,0.40614829589189594,,,
0.0,0.0,0.4131713293172282,,,
1.0,1.0,0.6803784398104503,,,
0.0,0.0,0.4209550632080086,,,
1.0,1.0,0.6862405434098362,,,
0.0,0.0,0.43936333419316886,,,
0.0,0.0,0.4654526234420077,,,
1.0,1.0,0.6554342207005113,,,
1.0,1.0,0.6242614887604453,,,
1.0,0.0,0.43535891845146835,,,
1.0,1.0,0.6324626989098263,,,
1.0,1.0,0.5952576865867111,,,
0.0,0.0,0.4948138188827333,,,
0.0,0.0,0.49025860584717307,,,
0.0,0.0,0.42462830289093595,,,
1.0,1.0,0.6969357143954704,,,
1.0,1.0,0.5074575994924624,,,
0.0,0.0,0.42280502193918684,,,
1.0,0.0,0.4462513905230848,,,
1.0,0.0,0.4747084179116779,,,
0.0,0.0,0.44825427135331086,,,
1.0,0.0,0.48519166816767,,,
1.0,1.0,0.5598315354155308,,,
0.0,0.0,0.3940375264090248,,,
0.0,0.0,0.44964148257068554,,,
1.0,1.0,0.5873787571938028,,,
0.0,0.0,0.4617711555316787,,,
1.0,1.0,0.5043412482636264,,,
0.0,0.0,0.3844048148547921,,,
1.0,1.0,0.6911887458274234,,,
1.0,0.0,0.48747934659963343,,,
0.0,0.0,0.45540382858741923,,,
0.0,0.0,0.4102566933850279,,,
0.0,0.0,0.4711148425527067,,,
0.0,0.0,0.3804286017942326,,,
1.0,1.0,0.5571907841562077,,,
1.0,1.0,0.5091036792794082,,,
0.0,0.0,0.4598181871115235,,,
1.0,1.0,0.6628964572187913,,,
0.0,0.0,0.4669946654868272,,,
1.0,1.0,0.5487286374085488,,,
1.0,0.0,0.4442698865002614,,,
0.0,0.0,0.3784161396422426,,,
0.0,0.0,0.3994117211823265,,,
1.0,0.0,0.48408274402072554,,,
1.0,0.0,0.4275607148549876,,,
1.0,1.0,0.5917862969570894,,,
0.0,0.0,0.39369402604181514,,,
0.0,1.0,0.5988654722857729,,,
0.0,1.0,0.5533237330702487,,,
0.0,0.0,0.43170208924265796,,,
0.0,0.0,0.49332052787517183,,,
1.0,1.0,0.5180018801602445,,,
1.0,0.0,0.4485332544188997,,,
0.0,0.0,0.4290769235909816,,,
1.0,1.0,0.574339641443658,,,
0.0,0.0,0.42543838132402134,,,
1.0,1.0,0.5057331301575985,,,
0.0,0.0,0.4980571676389501,,,
1.0,1.0,0.6061306631408572,,,
1.0,0.0,0.4733298832644263,,,
0.0,0.0,0.39863635656552326,,,
0.0,0.0,0.4334847256464752,,,
0.0,0.0,0.3537743536716271,,,
0.0,0.0,0.42937068365051695,,,
1.0,1.0,0.6393051789879731,,,
0.0,0.0,0.41307952586280755,,,
1.0,1.0,0.5163880481799121,,,
1.0,0.0,0.469809439476233,,,
0.0,0.0,0.43937756108790293,,,
1.0,0.0,0.41793381549849506,,,
1.0,0.0,0.4982569533938755,,,
1.0,0.0,0.4504563300305062,,,
1.0,1.0,0.5398387520226671,,,
1.0,0.0,0.39080343161997544,,,
0.0,0.0,0.4793369944846278,,,
1.0,1.0,0.6027348757316322,,,
0.0,0.0,0.437524396170157,,,
1.0,1.0,0.6991198054999674,,,
1.0,1.0,0.6825908634315061,,,
0.0,0.0,0.40865082976973954,,,
1.0,0.0,0.4571673141865301,,,
0.0,0.0,0.4024801934091644,,,
0.0,0.0,0.409224609326912,,,
1.0,1.0,0.5051577906842522,,,
1.0,1.0,0.5653925156052496,,,
0.0,0.0,0.44016379116153637,,,
1.0,1.0,0.575756498741499,,,
1.0,1.0,0.5469625176617396,,,
0.0,0.0,0.4394606026459008,,,
1.0,1.0,0.6855687478018154,,,
0.0,0.0,0.4187565843801207,,,
1.0,0.0,0.45961179077251657,,,
0.0,0.0,0.4576030883189427,,,
1.0,1.0,0.5245752332692634,,,
1.0,0.0,0.46265469348009985,,,
0.0,0.0,0.3906939647966488,,,
0.0,0.0,0.4174162880737428,,,
1.0,0.0,0.45332816671157533,,,
0.0,0.0,0.44960623575320435,,,
0.0,1.0,0.512790004168847,,,
1.0,1.0,0.5138330118964896,,,
0.0,0.0,0.38167200253625533,,,
1.0,1.0,0.508620165125811,,,
0.0,0.0,0.43860914939270024,,,
0.0,0.0,0.35382285232154154,,,
0.0,0.0,0.4222243420497679,,,
0.0,0.0,0.43960761908071283,,,
0.0,0.0,0.38545452753787846,,,
1.0,0.0,0.4925333012258929,,,
1.0,0.0,0.3846911404439337,,,
0.0,0.0,0.38555357705173027,,,
1.0,1.0,0.5642004500960531,,,
0.0,1.0,0.5897380486693822,,,
0.0,0.0,0.400239100870599,,,
1.0,1.0,0.7492562726344617,,,
0.0,0.0,0.4584467716670405,,,
0.0,0.0,0.42606435634357087,,,
0.0,0.0,0.44257388674647236,,,
0.0,0.0,0.40560282530462793,,,
0.0,1.0,0.5593158216310664,,,
0.0,0.0,0.4690573145935189,,,
0.0,0.0,0.4269635250158423,,,
0.0,0.0,0.42655688706812356,,,
1.0,1.0,0.6500885599303778,,,
0.0,0.0,0.4020947202827237,,,
0.0,0.0,0.41195322889147334,,,
0.0,0.0,0.4622647390802517,,,
1.0,0.0,0.4491500533343465,,,
1.0,1.0,0.5597145719865889,,,
1.0,1.0,0.6198616237682609,,,
0.0,0.0,0.4678731062100353,,,
1.0,1.0,0.5456503381380738,,,
0.0,0.0,0.39383198382784335,,,
0.0,0.0,0.35718760036837227,,,
1.0,1.0,0.550687463788585,,,
1.0,1.0,0.6833733368676741,,,
1.0,1.0,0.6347117568100574,,,
0.0,0.0,0.4048925734739635,,,
1.0,1.0,0.5770616174988431,,,
1.0,0.0,0.4794278247313513,,,
1.0,0.0,0.45831470684094294,,,
0.0,0.0,0.3948620466747949,,,
0.0,0.0,0.4399012946182181,,,
0.0,0.0,0.4476283856470792,,,
1.0,1.0,0.7062327665716058,,,
1.0,1.0,0.7144044003384129,,,
1.0,1.0,0.5593822926653761,,,
0.0,0.0,0.3658421906278641,,,
0.0,0.0,0.4127957641470161,,,
1.0,1.0,0.5447852865486791,,,
1.0,1.0,0.5018210674362572,,,
1.0,1.0,0.6702437556111318,,,
0.0,0.0,0.3953169811939257,,,
0.0,0.0,0.45821525977746225,,,
0.0,0.0,0.41428857761767934,,,
1.0,1.0,0.6621477146360136,,,
1.0,1.0,0.5610003639143173,,,
0.0,1.0,0.5673473909798521,,,
0.0,0.0,0.40667736299859536,,,
1.0,1.0,0.6167899333251836,,,
0.0,0.0,0.42365786756513024,,,
1.0,1.0,0.51632894307938,,,
0.0,0.0,0.44680131250441024,,,
1.0,0.0,0.45408758169637436,,,
0.0,0.0,0.4767839355337882,,,
0.0,0.0,0.46601774944189867,,,
1.0,0.0,0.3905609189656045,,,
1.0,1.0,0.5025982640321732,,,
1.0,1.0,0.51843664903419,,,
0.0,0.0,0.43593617279019237,,,
1.0,0.0,0.4519979392572745,,,
0.0,0.0,0.41448684432363897,,,
0.0,0.0,0.48028611741642685,,,
1.0,1.0,0.5775137217719069,,,
0.0,0.0,0.3900665112506219,,,
0.0,0.0,0.37538845666961035,,,
0.0,1.0,0.5131957796329252,,,
0.0,0.0,0.4379150179022379,,,
0.0,0.0,0.47105638677432193,,,
0.0,0.0,0.4384917998279893,,,
0.0,0.0,0.42277690590378125,,,
1.0,1.0,0.5533316032377816,,,
0.0,0.0,0.43989815923559644,,,
1.0,0.0,0.43562511196548437,,,
1.0,0.0,0.46445797839266917,,,
0.0,0.0,0.37335644262877554,,,
1.0,1.0,0.7928378839729108,,,
0.0,0.0,0.40281427168675926,,,
1.0,1.0,0.6520159868043641,,,
0.0,0.0,0.4968399856323227,,,
1.0,0.0,0.4868466302293867,,,
1.0,1.0,0.505688829242088,,,
0.0,0.0,0.43497237835990066,,,
0.0,0.0,0.39450689091158264,,,
0.0,0.0,0.4023135883689471,,,
1.0,1.0,0.7468173452294153,,,
1.0,1.0,0.7760517093374111,,,
1.0,1.0,0.5392789554966964,,,
0.0,0.0,0.42426037516948706,,,
1.0,0.0,0.4295239639338428,,,
1.0,1.0,0.5563119953733833,,,
1.0,1.0,0.5044328261184482,,,
0.0,0.0,0.45935852524398463,,,
0.0,0.0,0.44873173123374016,,,
1.0,0.0,0.4278913565707052,,,
1.0,1.0,0.642308626926076,,,
1.0,0.0,0.42013996574856627,,,
0.0,0.0,0.44700210776739413,,,
1.0,0.0,0.42048788052777547,,,
1.0,0.0,0.3848744687751799,,,
0.0,0.0,0.41286722392584724,,,
1.0,0.0,0.4645679036938438,,,
0.0,0.0,0.4224204040764973,,,
0.0,0.0,0.3480243449265928,,,
0.0,0.0,0.34344629954550693,,,
1.0,0.0,0.4757139052091913,,,
0.0,1.0,0.5309572068459812,,,
0.0,0.0,0.4083251961403513,,,
0.0,0.0,0.4034136946103275,,,
0.0,0.0,0.4361488511751263,,,
0.0,0.0,0.4684507777875208,,,
1.0,1.0,0.7577395071548114,,,
0.0,0.0,0.418571951272738,,,
1.0,0.0,0.48874378186161777,,,
0.0,1.0,0.5044892607770385,,,
1.0,0.0,0.40716241399685926,,,
1.0,1.0,0.5756321145409191,,,
0.0,0.0,0.4206186317145025,,,
0.0,1.0,0.5562304197056263,,,
1.0,1.0,0.5233025691575522,,,
1.0,0.0,0.4705466288964458,,,
0.0,0.0,0.4258026740180062,,,
0.0,0.0,0.3941591971181615,,,
1.0,0.0,0.41287144500334,,,
1.0,1.0,0.5541870772827053,,,
0.0,0.0,0.4298368330186413,,,
0.0,0.0,0.484671175291409,,,
0.0,0.0,0.33239671382086566,,,
0.0,0.0,0.4720721228510169,,,
1.0,0.0,0.4700938250949071,,,
0.0,0.0,0.4447742006193924,,,
0.0,0.0,0.40721645128747724,,,
1.0,1.0,0.6475292027743568,,,
1.0,1.0,0.5500397126441727,,,
0.0,1.0,0.5618353392776013,,,
1.0,0.0,0.43462997752583127,,,
0.0,1.0,0.5602912170602581,,,
1.0,0.0,0.4951984118011684,,,
0.0,0.0,0.4316018885338266,,,
0.0,0.0,0.4260415080686067,,,
0.0,0.0,0.44403890994691136,,,
1.0,1.0,0.5591639464109467,,,
0.0,1.0,0.5020997654733876,,,
1.0,0.0,0.4806721966877181,,,
0.0,1.0,0.5764215574035602,,,
1.0,1.0,0.5804497042515333,,,
0.0,1.0,0.5005502226493062,,,
0.0,0.0,0.3797887626283741,,,
1.0,0.0,0.386329231280416,,,
0.0,0.0,0.4609797224621471,,,
1.0,1.0,0.5369555818296445,,,
1.0,0.0,0.43626363229094667,,,
1.0,0.0,0.4485332544188997,,,
1.0,1.0,0.5348245555754565,,,
0.0,0.0,0.45662686945313663,,,
1.0,1.0,0.5256447645580511,,,
1.0,0.0,0.4384184758049979,,,
1.0,1.0,0.5810525024214854,,,
1.0,0.0,0.4839754816415191,,,
1.0,1.0,0.55791438049374,,,
1.0,0.0,0.39126521830779454,,,
1.0,0.0,0.43388225066609953,,,
0.0,0.0,0.3613869592201911,,,
1.0,1.0,0.6655359011808648,,,
1.0,0.0,0.40195698054900425,,,
0.0,1.0,0.5044974446257949,,,
0.0,0.0,0.41193659495705137,,,
1.0,1.0,0.7853566481897739,,,
0.0,0.0,0.39575587567573745,,,
1.0,0.0,0.4627225593671703,,,
0.0,0.0,0.4758135306977791,,,
1.0,1.0,0.6531609567932706,,,
0.0,0.0,0.49900880475448295,,,
1.0,1.0,0.698217739154888,,,
0.0,0.0,0.452801722827513,,,
0.0,0.0,0.464515105827563,,,
0.0,0.0,0.45492917532508553,,,
0.0,0.0,0.32893454381671183,,,
0.0,0.0,0.4429712331508439,,,
0.0,0.0,0.4027291945336371,,,
1.0,1.0,0.5593216017357913,,,
0.0,0.0,0.423847931054108,,,
0.0,0.0,0.4103359852091411,,,
0.0,0.0,0.4391505945473833,,,
0.0,0.0,0.43705126967735847,,,
0.0,1.0,0.5485305996264808,,,
0.0,0.0,0.41400709600724833,,,
1.0,0.0,0.4475601361917033,,,
1.0,0.0,0.49266328296470163,,,
1.0,0.0,0.49188581138066506,,,
0.0,0.0,0.4927009698337935,,,
1.0,0.0,0.4549111666335355,,,
0.0,1.0,0.5935574898498798,,,
1.0,1.0,0.5032235874822608,,,
1.0,1.0,0.5965434731375096,,,
1.0,1.0,0.5564725120837463,,,
0.0,0.0,0.47125629440217004,,,
1.0,1.0,0.610311031684749,,,
0.0,0.0,0.4290201669064592,,,
0.0,0.0,0.38771080542019176,,,
1.0,1.0,0.5554517535727026,,,
1.0,0.0,0.4698795496133333,,,
0.0,0.0,0.36905671636861515,,,
1.0,0.0,0.4605839040860911,,,
0.0,0.0,0.43732250537937545,,,
1.0,1.0,0.510175886365657,,,
1.0,1.0,0.5639286644076842,,,
0.0,0.0,0.4078954689670088,,,
1.0,1.0,0.5109152802478625,,,
1.0,1.0,0.54570854849066,,,
0.0,0.0,0.4051713537908037,,,
1.0,0.0,0.47411769175022755,,,
1.0,0.0,0.3914111283775218,,,
0.0,0.0,0.42125617107010327,,,
1.0,1.0,0.5301296846869993,,,
0.0,1.0,0.5160497645172982,,,
1.0,0.0,0.4307398547382687,,,
0.0,0.0,0.4069417041369343,,,
0.0,0.0,0.2761914115479946,,,
1.0,1.0,0.686163137094204,,,
0.0,0.0,0.34869903064327795,,,
1.0,1.0,0.5125304693390755,,,
1.0,1.0,0.6952575817856206,,,
1.0,1.0,0.5570695067404338,,,
1.0,1.0,0.7709445603793628,,,
1.0,0.0,0.4735772794722487,,,
1.0,0.0,0.4515575306244768,,,
0.0,0.0,0.4643545659715209,,,
0.0,0.0,0.3988071809779681,,,
1.0,1.0,0.6100058431913864,,,
1.0,1.0,0.5451125586994467,,,
0.0,0.0,0.4077628416672874,,,
1.0,0.0,0.45169177175153696,,,
0.0,0.0,0.3734511884112303,,,
0.0,0.0,0.4468668563495663,,,
1.0,0.0,0.4744825018857385,,,
0.0,0.0,0.42596306562772807,,,
1.0,0.0,0.4763946326766319,,,
1.0,0.0,0.46390420076970307,,,
0.0,0.0,0.3790269031820681,,,
1.0,1.0,0.560316545829826,,,
0.0,0.0,0.4902813862884726,,,
1.0,0.0,0.4909154742717352,,,
1.0,1.0,0.5120084577675669,,,
0.0,0.0,0.41455354740511846,,,
1.0,0.0,0.4621952340496612,,,
1.0,0.0,0.43398697643444606,,,
1.0,1.0,0.5178590114221405,,,
1.0,0.0,0.42638193943239144,,,
0.0,0.0,0.46080343546693975,,,
0.0,0.0,0.4058770805785927,,,
0.0,0.0,0.46803169695182417,,,
0.0,0.0,0.4454502471520283,,,
1.0,0.0,0.489146937473475,,,
1.0,0.0,0.43482077456479984,,,
0.0,0.0,0.3908597202656633,,,
0.0,0.0,0.4241363834433604,,,
0.0,0.0,0.4281004178594468,,,
0.0,1.0,0.5144680381186123,,,
1.0,0.0,0.49223246565167955,,,
0.0,0.0,0.39565296030020186,,,
0.0,0.0,0.4154795053003188,,,
0.0,0.0,0.41941808694380084,,,
0.0,1.0,0.5248279321134556,,,
1.0,0.0,0.425275948995403,,,
0.0,0.0,0.3913761270918805,,,
0.0,1.0,0.6429051768726044,,,
0.0,0.0,0.4304397754213532,,,
0.0,0.0,0.4719867313553478,,,
1.0,0.0,0.44117934294705125,,,
0.0,0.0,0.3592189046288884,,,
0.0,0.0,0.44941786732863304,,,
0.0,0.0,0.487178301762654,,,
1.0,1.0,0.5376668005732378,,,
1.0,0.0,0.4018450095312291,,,
1.0,0.0,0.4848756919377486,,,
0.0,0.0,0.46725876694856944,,,
0.0,0.0,0.46843515375896855,,,
1.0,0.0,0.4358996000855014,,,
0.0,0.0,0.46681425519001596,,,
0.0,0.0,0.4175799380564245,,,
0.0,0.0,0.3639030317418996,,,
0.0,0.0,0.4429240325652901,,,
1.0,1.0,0.5089391023912094,,,
1.0,1.0,0.5297225446524814,,,
0.0,0.0,0.4270296188959071,,,
0.0,0.0,0.4324359323138213,,,
1.0,1.0,0.6237207133447126,,,
1.0,0.0,0.48290604473043897,,,
1.0,1.0,0.5449196958577935,,,
1.0,1.0,0.7680259347129854,,,
1.0,0.0,0.49341296376172944,,,
1.0,1.0,0.5722293259118221,,,
0.0,1.0,0.6642616008942137,,,
0.0,0.0,0.39860193786567544,,,
1.0,1.0,0.5100087308501724,,,
1.0,0.0,0.45451618991824433,,,
1.0,1.0,0.5481933204399226,,,
0.0,0.0,0.4897300612402732,,,
1.0,1.0,0.6128219952515112,,,
0.0,0.0,0.48084858259060365,,,
1.0,1.0,0.7861567016935056,,,
0.0,0.0,0.4290221904028886,,,
0.0,1.0,0.5281856738009725,,,
1.0,1.0,0.6453062611050117,,,
0.0,0.0,0.45087977559465514,,,
1.0,0.0,0.438464855821436,,,
1.0,1.0,0.5520025641107447,,,
1.0,1.0,0.5092926307420249,,,
1.0,0.0,0.44892698187277946,,,
1.0,1.0,0.5989003587115231,,,
1.0,0.0,0.38278848341034577,,,
0.0,0.0,0.45284754128297533,,,
1.0,0.0,0.4882824154937947,,,
1.0,0.0,0.4307336566257846,,,
1.0,0.0,0.4024470579910323,,,
1.0,1.0,0.5596484709308178,,,
0.0,0.0,0.4530053275216668,,,
1.0,1.0,0.5051588748323028,,,
0.0,0.0,0.4082147531231955,,,
0.0,0.0,0.32286820425619955,,,
1.0,1.0,0.5544175506343525,,,
0.0,0.0,0.49086091383929037,,,
0.0,0.0,0.3404052764549227,,,
0.0,0.0,0.42915319169466,,,
1.0,0.0,0.49705996431353167,,,
1.0,1.0,0.5160598314237929,,,
1.0,0.0,0.40389297605574465,,,
1.0,0.0,0.40871394154544,,,
0.0,0.0,0.46982822021746445,,,
1.0,1.0,0.6080166232143027,,,
0.0,0.0,0.45486042399197196,,,
1.0,1.0,0.5522135344064799,,,
0.0,0.0,0.4177486545451009,,,
0.0,0.0,0.456201545373159,,,
0.0,0.0,0.46768547546233624,,,
1.0,1.0,0.6412080674013767,,,
1.0,0.0,0.47827344109417497,,,
0.0,0.0,0.28332336512707545,,,
1.0,0.0,0.47327266406304686,,,
1.0,0.0,0.4184006236510654,,,
1.0,1.0,0.5125190201259909,,,
1.0,1.0,0.6350751113452203,,,
0.0,0.0,0.36576524695113777,,,
0.0,1.0,0.5207570660290042,,,
0.0,0.0,0.4191355721194005,,,
1.0,1.0,0.5773224637589512,,,
0.0,0.0,0.46047377797536443,,,
1.0,0.0,0.47065581227356545,,,
0.0,0.0,0.49197274646565564,,,
1.0,1.0,0.5558713772237548,,,
0.0,0.0,0.4293366322196582,,,
1.0,0.0,0.4113905515357051,,,
1.0,1.0,0.5645077807591531,,,
1.0,1.0,0.5277660882066322,,,
0.0,0.0,0.4651269213998762,,,
0.0,0.0,0.31267319825252976,,,
1.0,1.0,0.5265282137696387,,,
1.0,1.0,0.6156474426701726,,,
0.0,0.0,0.4095584059493179,,,
0.0,0.0,0.4977833009936399,,,
1.0,0.0,0.401359192018919,,,
0.0,0.0,0.40171606371024426,,,
1.0,0.0,0.4906323445753077,,,
0.0,0.0,0.3616055877755636,,,
0.0,0.0,0.44325429072197503,,,
1.0,1.0,0.6455475173038975,,,
0.0,0.0,0.39885195397614515,,,
1.0,1.0,0.581596162202592,,,
0.0,0.0,0.42403696585503664,,,
1.0,0.0,0.49963257615169027,,,
1.0,0.0,0.45605573469835736,,,
0.0,0.0,0.4698426359937508,,,
1.0,0.0,0.48933150324712166,,,
1.0,0.0,0.49471472191788735,,,
0.0,0.0,0.2761914115479946,,,
1.0,0.0,0.44324698267214335,,,
1.0,0.0,0.39402214769348337,,,
1.0,0.0,0.4583471962197987,,,
0.0,0.0,0.4898342911423108,,,
1.0,0.0,0.41570950937672624,,,
1.0,1.0,0.519269416892186,,,
1.0,1.0,0.5776286411246011,,,
0.0,0.0,0.43464522021402524,,,
1.0,0.0,0.42926142832024217,,,
1.0,1.0,0.6183880534603413,,,
1.0,0.0,0.49827094853584414,,,
0.0,0.0,0.40901374062448026,,,
0.0,0.0,0.42448072334240255,,,
0.0,0.0,0.3950841303275115,,,
0.0,0.0,0.4027550514709308,,,
0.0,0.0,0.4234497010338123,,,
0.0,0.0,0.4636523945396715,,,
1.0,0.0,0.43659087465023955,,,
0.0,0.0,0.4326675638027987,,,
0.0,0.0,0.4732576810356354,,,
1.0,0.0,0.39956934182056764,,,
1.0,1.0,0.7499209517985161,,,
0.0,0.0,0.46176091909392747,,,
0.0,0.0,0.4431052524512813,,,
0.0,1.0,0.5273562691745806,,,
1.0,1.0,0.5845410260281964,,,
1.0,0.0,0.4928467593597867,,,
0.0,1.0,0.5493956746899182,,,
0.0,1.0,0.5432349231365811,,,
1.0,1.0,0.690107802575691,,,
0.0,1.0,0.5030227224502071,,,
0.0,0.0,0.4115502463287845,,,
0.0,0.0,0.4265052876310524,,,
0.0,0.0,0.4666687565029581,,,
1.0,1.0,0.5609844648757171,,,
0.0,0.0,0.4103795534164242,,,
1.0,1.0,0.5178980209758998,,,
0.0,0.0,0.40114098524395586,,,
0.0,1.0,0.5163960869647928,,,
0.0,0.0,0.49508869442052517,,,
0.0,1.0,0.5456028864396213,,,
1.0,1.0,0.5120249983768291,,,
0.0,0.0,0.44169485089005445,,,
0.0,0.0,0.3321036210666765,,,
1.0,0.0,0.44631526115231374,,,
1.0,0.0,0.4219338998977203,,,
0.0,0.0,0.41898992102261795,,,
1.0,0.0,0.4472312189256249,,,
0.0,0.0,0.4173108503893583,,,
1.0,1.0,0.5778542463019224,,,
1.0,1.0,0.5078928139797702,,,
0.0,0.0,0.46954946727217767,,,
0.0,0.0,0.349519673501598,,,
1.0,1.0,0.5653632598976254,,,
0.0,0.0,0.46241452840584246,,,
1.0,1.0,0.5522729046646496,,,
0.0,0.0,0.4739549494753621,,,
0.0,0.0,0.4667876668002223,,,
0.0,0.0,0.38921855372253683,,,
1.0,0.0,0.43785290104751295,,,
1.0,0.0,0.4235146413816056,,,
1.0,1.0,0.6651866730454962,,,
1.0,0.0,0.412289690978319,,,
1.0,1.0,0.5656812546467574,,,
0.0,0.0,0.2692846967945406,,,
0.0,0.0,0.3946188868641448,,,
0.0,0.0,0.4132034475010712,,,
0.0,0.0,0.39909580255561317,,,
1.0,0.0,0.4635273183343881,,,
1.0,0.0,0.48401508661903003,,,
1.0,1.0,0.5361166185644747,,,
0.0,0.0,0.47829430418415253,,,
1.0,1.0,0.6635012334352284,,,
0.0,0.0,0.4793361792844221,,,
0.0,0.0,0.45867375344006545,,,
1.0,0.0,0.3979684144286472,,,
0.0,0.0,0.4273074330744065,,,
1.0,1.0,0.5541264065794028,,,
0.0,1.0,0.5006099801059115,,,
0.0,0.0,0.43265652060843696,,,
0.0,0.0,0.4357417316764028,,,
1.0,1.0,0.6454430353857691,,,
0.0,0.0,0.43614075096443805,,,
1.0,1.0,0.5444642582832923,,,
0.0,0.0,0.3807598854297558,,,
0.0,0.0,0.4306144333935876,,,
0.0,0.0,0.4379979012349168,,,
1.0,1.0,0.7589972629868325,,,
1.0,1.0,0.516081250375585,,,
0.0,0.0,0.2898368905477463,,,
1.0,1.0,0.5255797181005192,,,
0.0,0.0,0.44273457265087335,,,
0.0,0.0,0.439994016894994,,,
0.0,0.0,0.4754150000523312,,,
1.0,0.0,0.46591524441717597,,,
0.0,0.0,0.4400776438816996,,,
0.0,0.0,0.4136225999691105,,,
1.0,0.0,0.38678022159646586,,,
1.0,0.0,0.4447874437015491,,,
1.0,1.0,0.5090761504685033,,,
1.0,0.0,0.4589831720203163,,,
0.0,0.0,0.4069007362721114,,,
0.0,0.0,0.47680907322597244,,,
0.0,0.0,0.4587653052212266,,,
1.0,1.0,0.644323559493276,,,
1.0,1.0,0.6561271196632118,,,
1.0,1.0,0.6355260605444414,,,
0.0,0.0,0.4297847358284728,,,
0.0,0.0,0.4040170765228964,,,
1.0,1.0,0.6983268392137928,,,
1.0,0.0,0.4929482107796045,,,
1.0,1.0,0.5882103761608937,,,
1.0,1.0,0.5325230501711694,,,
0.0,0.0,0.40318843394283854,,,
1.0,1.0,0.6302464546494906,,,
1.0,1.0,0.596163007193319,,,
0.0,0.0,0.47796445221255834,,,
1.0,1.0,0.5694148538904767,,,
1.0,1.0,0.5002067574650677,,,
1.0,1.0,0.6145830556659502,,,
1.0,1.0,0.5612684007244788,,,
1.0,1.0,0.6557762300208685,,,
0.0,0.0,0.48469686781482874,,,
0.0,1.0,0.5420586340795828,,,
0.0,1.0,0.6870001816016955,,,
1.0,1.0,0.5114822279814158,,,
1.0,0.0,0.4831881347826984,,,
0.0,0.0,0.3818305585451982,,,
0.0,1.0,0.5522811661514849,,,
1.0,1.0,0.6332943447520097,,,
0.0,0.0,0.3642036102792895,,,
1.0,1.0,0.5313563915520632,,,
0.0,0.0,0.3993053890699522,,,
1.0,1.0,0.5127395244490731,,,
1.0,1.0,0.5233549634464597,,,
0.0,1.0,0.561079683640533,,,
0.0,0.0,0.3642036102792895,,,
1.0,0.0,0.4404661087917286,,,
0.0,0.0,0.36651610948000884,,,
0.0,0.0,0.3983125785772704,,,
0.0,0.0,0.4066845526580481,,,
0.0,0.0,0.441962605733348,,,
1.0,0.0,0.4536261963274404,,,
0.0,0.0,0.424675338284665,,,
1.0,1.0,0.5278555431725125,,,
1.0,0.0,0.383854388066406,,,
0.0,0.0,0.4489730377387264,,,
0.0,0.0,0.4709319176575702,,,
0.0,0.0,0.45143844850679715,,,
0.0,1.0,0.5005737516519072,,,
0.0,0.0,0.40165535358298565,,,
0.0,0.0,0.35936734242241536,,,
1.0,0.0,0.4782722413714428,,,
1.0,1.0,0.5755900313432708,,,
0.0,0.0,0.42277167363860085,,,
1.0,1.0,0.5519289799744737,,,
0.0,0.0,0.4782627740103428,,,
1.0,0.0,0.41498756315773866,,,
1.0,0.0,0.4262996914867576,,,
0.0,0.0,0.4174442121500662,,,
1.0,1.0,0.5108642474995314,,,
0.0,0.0,0.38313748887442056,,,
1.0,0.0,0.4964354283136876,,,
1.0,1.0,0.551932632957377,,,
0.0,0.0,0.41611667181480666,,,
0.0,0.0,0.3789620919291338,,,
0.0,0.0,0.4122312946565377,,,
1.0,1.0,0.5351064169922706,,,
0.0,0.0,0.4419573733319163,,,
0.0,0.0,0.40235021039042224,,,
1.0,0.0,0.4439253113823786,,,
1.0,1.0,0.5528289673619434,,,
1.0,0.0,0.4574939413320336,,,
1.0,1.0,0.6183681651429663,,,
0.0,0.0,0.4260574548998494,,,
0.0,0.0,0.4936017213754208,,,
0.0,0.0,0.400520870033077,,,
0.0,0.0,0.4037686699750117,,,
0.0,0.0,0.41888734170286374,,,
0.0,0.0,0.2692846967945406,,,
0.0,0.0,0.41497423333096334,,,
1.0,1.0,0.6463216907838,,,
1.0,1.0,0.5264488666525807,,,
0.0,0.0,0.41804017497427925,,,
1.0,1.0,0.606513286461004,,,
0.0,0.0,0.47763543352038196,,,
1.0,0.0,0.4373447025078839,,,
1.0,1.0,0.5454504617902173,,,
0.0,0.0,0.40578502513102177,,,
0.0,1.0,0.5112676825584833,,,
0.0,0.0,0.48653268334465327,,,
0.0,0.0,0.4361886954486986,,,
0.0,0.0,0.3960978014969928,,,
0.0,0.0,0.4422941331889119,,,
1.0,1.0,0.6424586484294101,,,
0.0,0.0,0.40209422473486534,,,
0.0,0.0,0.37434146738319,,,
0.0,0.0,0.44859441057524646,,,
0.0,0.0,0.4334088679470059,,,
0.0,0.0,0.4018409711661785,,,
0.0,0.0,0.44047233310275,,,
1.0,1.0,0.7685581660555677,,,
1.0,1.0,0.655576499784626,,,
1.0,0.0,0.48864643031557253,,,
0.0,0.0,0.4623611680142243,,,
0.0,0.0,0.43494403502202694,,,
0.0,1.0,0.5230476153131653,,,
0.0,0.0,0.44515629691131287,,,
1.0,1.0,0.5894411915462299,,,
0.0,0.0,0.44633209829372494,,,
1.0,0.0,0.48479611877815054,,,
1.0,1.0,0.686552974069274,,,
0.0,0.0,0.37170569178232465,,,
1.0,1.0,0.7184490289847049,,,
0.0,0.0,0.4226361005995609,,,
0.0,0.0,0.41859357642650363,,,
0.0,1.0,0.5183225117991117,,,
1.0,0.0,0.499889468514178,,,
1.0,1.0,0.5243716037413854,,,
0.0,0.0,0.3638513568805325,,,
0.0,0.0,0.4030139777074639,,,
0.0,1.0,0.5565488154791326,,,
1.0,1.0,0.6708989180818805,,,
0.0,0.0,0.33380213369596007,,,
0.0,0.0,0.40276081496506555,,,
1.0,1.0,0.5501818428081637,,,
0.0,0.0,0.4030146849745971,,,
0.0,0.0,0.38308426266938694,,,
0.0,0.0,0.4633926108447109,,,
0.0,0.0,0.4213683739785082,,,
0.0,0.0,0.45795920958562275,,,
0.0,0.0,0.40938074378310485,,,
0.0,0.0,0.4044837729200703,,,
1.0,0.0,0.4391187262921564,,,
0.0,0.0,0.4238482443032022,,,
1.0,0.0,0.47977359704040684,,,
0.0,0.0,0.4755106245013585,,,
1.0,1.0,0.5384491848457694,,,
1.0,0.0,0.4663010627036739,,,
0.0,0.0,0.4360553293666444,,,
0.0,0.0,0.41904546242193413,,,
0.0,0.0,0.4316676011119393,,,
0.0,0.0,0.4751794120512983,,,
1.0,1.0,0.7096686975514493,,,
1.0,1.0,0.6004358234172951,,,
1.0,0.0,0.4818126438395123,,,
1.0,1.0,0.5525548299250568,,,
0.0,0.0,0.39069683515525805,,,
1.0,1.0,0.5545630983798348,,,
1.0,0.0,0.4496543072709225,,,
0.0,0.0,0.4280486891997404,,,
1.0,1.0,0.571020946717292,,,
1.0,1.0,0.6086012474014166,,,
1.0,0.0,0.46218611595059694,,,
0.0,0.0,0.4089738273354551,,,
0.0,0.0,0.41536007734409075,,,
0.0,0.0,0.42145027213071956,,,
1.0,1.0,0.5783211992755733,,,
0.0,1.0,0.7376568556761806,,,
1.0,1.0,0.6301415563057339,,,
1.0,0.0,0.3848813137037633,,,
0.0,0.0,0.4782227315213307,,,
0.0,0.0,0.41634464958524015,,,
1.0,1.0,0.6739072832431539,,,
0.0,0.0,0.4106277371204543,,,
0.0,0.0,0.4231338369572646,,,
1.0,1.0,0.7055797616235545,,,
0.0,0.0,0.495134753264762,,,
1.0,1.0,0.6221155197811536,,,
0.0,0.0,0.44775796999001194,,,
0.0,0.0,0.4137913399019158,,,
1.0,1.0,0.7737317042274398,,,
0.0,0.0,0.4442043910159979,,,
1.0,1.0,0.5133572080142775,,,
0.0,0.0,0.3785920552271243,,,
1.0,1.0,0.563785990765251,,,
0.0,0.0,0.37903031741813376,,,
0.0,0.0,0.3533521458315673,,,
1.0,1.0,0.5091178849679716,,,
0.0,0.0,0.3835765550009282,,,
0.0,0.0,0.4545747414628213,,,
0.0,0.0,0.37200095950864054,,,
0.0,0.0,0.46180362609765524,,,
1.0,0.0,0.48833594204540437,,,
1.0,0.0,0.45386166814433554,,,
0.0,0.0,0.44047279048729426,,,
1.0,1.0,0.5517123018250433,,,
0.0,0.0,0.43075878981719,,,
1.0,0.0,0.4262535095361894,,,
0.0,0.0,0.46756589406925003,,,
0.0,0.0,0.46559365369578987,,,
1.0,1.0,0.7673781195066343,,,
0.0,0.0,0.40181256185609804,,,
1.0,1.0,0.5979713228760274,,,
0.0,0.0,0.39465037424189875,,,
0.0,0.0,0.4346952583624856,,,
1.0,1.0,0.5237579378874772,,,
0.0,0.0,0.43201325827413173,,,
0.0,0.0,0.4725649883599595,,,
1.0,1.0,0.5353162194991571,,,
0.0,0.0,0.41083780781300094,,,
1.0,0.0,0.48801966723336077,,,
0.0,0.0,0.42303386528811304,,,
0.0,0.0,0.39900281638633395,,,
0.0,0.0,0.4333388945495366,,,
1.0,1.0,0.5643975926660842,,,
0.0,0.0,0.392636589799265,,,
1.0,1.0,0.536999610288973,,,
0.0,0.0,0.37249581538579457,,,
1.0,1.0,0.5085952140377183,,,
0.0,0.0,0.4104144899118137,,,
0.0,0.0,0.3965185415727367,,,
0.0,0.0,0.4706830030727695,,,
1.0,1.0,0.6978822949333247,,,
1.0,0.0,0.42049170423568893,,,
1.0,1.0,0.5576640280653363,,,
1.0,0.0,0.36968198249800277,,,
0.0,0.0,0.4821654056599223,,,
1.0,0.0,0.4866536838418286,,,
1.0,0.0,0.4514011985927694,,,
0.0,0.0,0.4507565540846932,,,
0.0,0.0,0.3652156353064285,,,
0.0,0.0,0.3663207768891019,,,
1.0,0.0,0.4858172149443823,,,
1.0,1.0,0.5622862452269807,,,
0.0,0.0,0.4261536471042397,,,
0.0,0.0,0.41992877823564934,,,
0.0,0.0,0.4037347278131459,,,
1.0,1.0,0.6331878720644474,,,
1.0,1.0,0.6322312459461545,,,
1.0,0.0,0.4201732797705593,,,
0.0,0.0,0.3434570110716504,,,
1.0,1.0,0.6982789272241029,,,
1.0,1.0,0.5234313818386266,,,
1.0,1.0,0.5304070990131293,,,
1.0,1.0,0.5143914945265975,,,
0.0,0.0,0.2761914115479946,,,
1.0,0.0,0.4952661536068446,,,
1.0,1.0,0.6360674134244974,,,
0.0,0.0,0.41541120040036295,,,
1.0,0.0,0.4600903181131674,,,
1.0,1.0,0.6755713850676649,,,
1.0,1.0,0.560944741770411,,,
0.0,0.0,0.4003575804767976,,,
0.0,0.0,0.42410473197974036,,,
0.0,0.0,0.3933708473348024,,,
0.0,0.0,0.4042739920981404,,,
1.0,1.0,0.5298001093485105,,,
0.0,0.0,0.4324814998660158,,,
0.0,0.0,0.43560233404416615,,,
1.0,1.0,0.5884999544962888,,,
0.0,0.0,0.417428434904011,,,
0.0,0.0,0.4778430809006708,,,
0.0,0.0,0.3832297531532527,,,
0.0,1.0,0.5043574119571221,,,
1.0,1.0,0.6320806777385276,,,
0.0,0.0,0.44906497850695537,,,
0.0,0.0,0.4881923770859916,,,
1.0,1.0,0.5135879490772185,,,
0.0,0.0,0.4827431759109494,,,
1.0,0.0,0.48405470591476335,,,
1.0,1.0,0.662373435346175,,,
0.0,0.0,0.41606068901142773,,,
1.0,0.0,0.4436381467598922,,,
1.0,1.0,0.5803081907077882,,,
0.0,0.0,0.37755380425496365,,,
0.0,1.0,0.520661064571731,,,
0.0,0.0,0.424711208804284,,,
1.0,0.0,0.4252200489817491,,,
1.0,0.0,0.4652036589134913,,,
0.0,0.0,0.3822716963774268,,,
0.0,0.0,0.463697025531714,,,
1.0,1.0,0.5473391290431915,,,
0.0,0.0,0.4770911417843863,,,
0.0,1.0,0.5043522702132245,,,
0.0,0.0,0.4605633269136883,,,
1.0,0.0,0.47069988003541646,,,
1.0,1.0,0.514588125026265,,,
0.0,0.0,0.46845433952559573,,,
0.0,1.0,0.5066743822719896,,,
1.0,1.0,0.5088676079232096,,,
0.0,0.0,0.4707075366542625,,,
1.0,0.0,0.46550139892799963,,,
0.0,0.0,0.40533473606717485,,,
1.0,1.0,0.5684508722775833,,,
0.0,0.0,0.45576005956933757,,,
1.0,1.0,0.5300480636694569,,,
1.0,0.0,0.4309139867134138,,,
0.0,0.0,0.45424016106907555,,,
1.0,1.0,0.5162864969656736,,,
0.0,0.0,0.39302169715618196,,,
0.0,0.0,0.40103366241542665,,,
0.0,1.0,0.5349022678782872,,,
1.0,0.0,0.4691297310951593,,,
1.0,1.0,0.7077234162417427,,,
0.0,0.0,0.47359105099842275,,,
0.0,0.0,0.373915383201818,,,
0.0,0.0,0.4234093791403157,,,
0.0,0.0,0.45051544578524133,,,
1.0,1.0,0.6460636297635487,,,
1.0,1.0,0.525563281885538,,,
0.0,0.0,0.45192983066586095,,,
0.0,0.0,0.4080749770304279,,,
0.0,0.0,0.4163799289218216,,,
0.0,0.0,0.3748061990621641,,,
0.0,1.0,0.6162401069741632,,,
1.0,0.0,0.4854396728908279,,,
1.0,1.0,0.6074073544441393,,,
0.0,0.0,0.3741588282678776,,,
1.0,1.0,0.6073741511260782,,,
1.0,1.0,0.5009068465998391,,,
1.0,1.0,0.587355465935958,,,
1.0,1.0,0.6100727908796942,,,
0.0,0.0,0.4431511161070138,,,
0.0,0.0,0.451329962158423,,,
0.0,1.0,0.5238797905189471,,,
1.0,1.0,0.6147675385700319,,,
0.0,0.0,0.37202033887592073,,,
0.0,0.0,0.49557069047087926,,,
1.0,0.0,0.45570417262681384,,,
0.0,0.0,0.4048662619006516,,,
0.0,0.0,0.44598910404328296,,,
1.0,1.0,0.5406691130517124,,,
1.0,1.0,0.7033393328561268,,,
1.0,0.0,0.48346239482945014,,,
1.0,1.0,0.511510319885526,,,
1.0,1.0,0.5362337936459295,,,
0.0,0.0,0.45299036028840134,,,
1.0,0.0,0.4689802493000351,,,
0.0,0.0,0.3486428956276243,,,
1.0,0.0,0.4158787260259878,,,
1.0,1.0,0.5025815789597202,,,
1.0,1.0,0.6072288346846121,,,
0.0,0.0,0.4848649292802036,,,
1.0,0.0,0.453998580162998,,,
1.0,0.0,0.4780840159398783,,,
1.0,0.0,0.4919262797425628,,,
0.0,1.0,0.5161969792453714,,,
1.0,1.0,0.5698158327308784,,,
0.0,0.0,0.46918051596446403,,,
0.0,0.0,0.4694280735323397,,,
0.0,0.0,0.3956619738759315,,,
1.0,0.0,0.4622583762603416,,,
0.0,1.0,0.6566051177676255,,,
1.0,0.0,0.4123747677542431,,,
0.0,0.0,0.3647113474173292,,,
1.0,1.0,0.5842795413947985,,,
0.0,0.0,0.4466305325052966,,,
0.0,0.0,0.42700707982714503,,,
0.0,0.0,0.37080180711077787,,,
1.0,1.0,0.5574318911409989,,,
1.0,1.0,0.5399080660295235,,,
0.0,0.0,0.41993376267367377,,,
1.0,0.0,0.3828889490343624,,,
1.0,1.0,0.5448077112875507,,,
0.0,0.0,0.3496551827451394,,,
1.0,1.0,0.538780627895217,,,
0.0,1.0,0.5054837214441621,,,
1.0,0.0,0.47910069044198045,,,
1.0,1.0,0.5491939138402768,,,
1.0,0.0,0.4825772149037873,,,
0.0,0.0,0.49039099653950985,,,
1.0,1.0,0.5603081729020722,,,
1.0,1.0,0.54816654367497,,,
1.0,0.0,0.4037720194272703,,,
0.0,0.0,0.41074261411604407,,,
0.0,0.0,0.4714592443081087,,,
0.0,0.0,0.4174644133824665,,,
0.0,0.0,0.3501757296581535,,,
1.0,1.0,0.5972104479285378,,,
1.0,1.0,0.5129669698325792,,,
1.0,0.0,0.4550724731359351,,,
1.0,0.0,0.4939835372804877,,,
0.0,0.0,0.37008938288629345,,,
0.0,0.0,0.4638709959232519,,,
0.0,0.0,0.3635939360023148,,,
1.0,1.0,0.6769545637696949,,,
0.0,0.0,0.3952541189786419,,,
1.0,0.0,0.49041911216819684,,,
0.0,0.0,0.43646112021189226,,,
0.0,0.0,0.39293570969198144,,,
0.0,0.0,0.43672937178500876,,,
0.0,0.0,0.43551398642980593,,,
0.0,0.0,0.49342428022473733,,,
0.0,0.0,0.3756685576686755,,,
0.0,0.0,0.4416123494761807,,,
0.0,0.0,0.3864529611031636,,,
1.0,1.0,0.5016831610815895,,,
0.0,0.0,0.41597960421154045,,,
1.0,0.0,0.4844861866443813,,,
0.0,0.0,0.41310765302941793,,,
1.0,1.0,0.596353651290415,,,
1.0,0.0,0.49386849747293615,,,
0.0,1.0,0.5149003446563074,,,
0.0,0.0,0.4066088031018813,,,
1.0,1.0,0.6215392070717357,,,
0.0,0.0,0.3838993929910558,,,
0.0,0.0,0.38554602647107133,,,
1.0,0.0,0.49726468799816775,,,
1.0,1.0,0.5703659216200615,,,
0.0,0.0,0.4347134966977016,,,
0.0,0.0,0.4374652649413527,,,
1.0,1.0,0.590717028882354,,,
0.0,1.0,0.5505133678807199,,,
1.0,1.0,0.625291643170879,,,
1.0,0.0,0.45712578564399947,,,
1.0,0.0,0.46007395291125985,,,
1.0,0.0,0.49314186735592197,,,
0.0,0.0,0.44573560432932896,,,
1.0,1.0,0.5223258469692643,,,
0.0,0.0,0.4665679578708986,,,
1.0,1.0,0.5303262180554998,,,
0.0,0.0,0.42880083295908594,,,
1.0,1.0,0.5624513192197251,,,
1.0,0.0,0.4344551107057409,,,
0.0,0.0,0.3856541544943755,,,
1.0,0.0,0.4816105973336905,,,
0.0,0.0,0.35645143207718877,,,
1.0,1.0,0.5759645201173765,,,
1.0,1.0,0.5368833549526163,,,
1.0,0.0,0.4487360047885474,,,
1.0,1.0,0.5334633985871293,,,
1.0,1.0,0.5190025619756514,,,
0.0,0.0,0.4704057602446768,,,
1.0,0.0,0.41545018346698853,,,
1.0,1.0,0.5084475592457705,,,
1.0,1.0,0.5451761360642329,,,
1.0,1.0,0.7416984961214835,,,
1.0,0.0,0.43947825548624214,,,
1.0,1.0,0.5739436933284789,,,
1.0,1.0,0.5586556080980953,,,
0.0,0.0,0.35541000458611155,,,
0.0,0.0,0.4572692726437717,,,
1.0,1.0,0.6025108899300886,,,
0.0,0.0,0.4084965589776693,,,
0.0,0.0,0.41661419781848047,,,
1.0,0.0,0.49284100640227363,,,
1.0,1.0,0.5258049828162192,,,
1.0,0.0,0.39339333387034325,,,
1.0,0.0,0.4960765821231465,,,
1.0,0.0,0.474760371015423,,,
1.0,1.0,0.6394673835216975,,,
1.0,1.0,0.6450404921094199,,,
0.0,1.0,0.5505024378787017,,,
0.0,1.0,0.5041272390631993,,,
1.0,0.0,0.4383832679848114,,,
1.0,0.0,0.4405146875803736,,,
1.0,0.0,0.4248451084869535,,,
0.0,0.0,0.48097456153659207,,,
1.0,1.0,0.6256820534258257,,,
1.0,1.0,0.7907385167395836,,,
1.0,0.0,0.468657271648626,,,
0.0,1.0,0.5540736252966176,,,
1.0,1.0,0.5218695309418001,,,
0.0,0.0,0.4712828366542025,,,
1.0,0.0,0.44109816099908833,,,
1.0,1.0,0.5247505717683848,,,
0.0,0.0,0.4251408184810814,,,
0.0,0.0,0.4535206908478818,,,
1.0,1.0,0.6190536492424954,,,
1.0,1.0,0.6271386200544283,,,
1.0,0.0,0.49778295414533014,,,
0.0,0.0,0.39151047957354607,,,
0.0,0.0,0.40219192495025735,,,
0.0,0.0,0.3747238397707657,,,
1.0,0.0,0.4836364236726092,,,
1.0,1.0,0.5115509794161732,,,
1.0,1.0,0.568395410741261,,,
0.0,0.0,0.45286148199621296,,,
1.0,1.0,0.6003263042277833,,,
1.0,1.0,0.6390782100755548,,,
1.0,0.0,0.3881988770113625,,,
1.0,1.0,0.6396634124283672,,,
0.0,0.0,0.4025305001303203,,,
0.0,1.0,0.6047824579809183,,,
0.0,0.0,0.44307395980149294,,,
1.0,0.0,0.49123460615870856,,,
0.0,0.0,0.38688602889573637,,,
1.0,0.0,0.44510934064224345,,,
1.0,0.0,0.4640688497697671,,,
0.0,0.0,0.36692764270445205,,,
0.0,0.0,0.41469787267454716,,,
1.0,0.0,0.4539166139982891,,,
1.0,1.0,0.6225864567763391,,,
0.0,0.0,0.37714099549008995,,,
1.0,0.0,0.4259140911734235,,,
1.0,1.0,0.5894411915462299,,,
0.0,0.0,0.42783017600105516,,,
0.0,0.0,0.39218312238683517,,,
1.0,1.0,0.6775841091856522,,,
1.0,1.0,0.5103126103627901,,,
1.0,0.0,0.4305407486082747,,,
1.0,0.0,0.40587103246514883,,,
0.0,0.0,0.42750646665608083,,,
0.0,0.0,0.393336898599609,,,
1.0,1.0,0.7292348655126758,,,
1.0,0.0,0.3995226962181591,,,
1.0,1.0,0.6153961493654211,,,
0.0,0.0,0.4308767604318518,,,
1.0,1.0,0.6036609755847042,,,
0.0,0.0,0.42393355507971414,,,
1.0,1.0,0.5226156749774512,,,
0.0,0.0,0.39377826443349734,,,
1.0,0.0,0.4986063180803473,,,
0.0,0.0,0.34494112675286664,,,
0.0,0.0,0.4846145985938318,,,
0.0,0.0,0.4662539629214183,,,
0.0,1.0,0.5467573182143067,,,
1.0,1.0,0.6665774925316348,,,
1.0,1.0,0.5984317583907861,,,
0.0,0.0,0.4073913129819046,,,
1.0,1.0,0.509321644765172,,,
1.0,0.0,0.493986713098708,,,
0.0,0.0,0.33233763585398857,,,
1.0,1.0,0.5597876551160104,,,
1.0,0.0,0.4229969772611577,,,
1.0,1.0,0.529536417844528,,,
1.0,1.0,0.6374313636783859,,,
1.0,0.0,0.43986500405387663,,,
1.0,0.0,0.46935644202462795,,,
1.0,1.0,0.5036234612025071,,,
0.0,0.0,0.4790701773357669,,,
1.0,1.0,0.5941094581609857,,,
0.0,0.0,0.3727562086456898,,,
1.0,0.0,0.4362637017554342,,,
1.0,0.0,0.4110458200554511,,,
0.0,0.0,0.382870960595041,,,
0.0,0.0,0.4309712677008913,,,
1.0,1.0,0.5912387827107947,,,
1.0,1.0,0.5437861273077417,,,
0.0,0.0,0.39838189956477565,,,
1.0,1.0,0.6141826728128519,,,
0.0,0.0,0.4079647084189176,,,
0.0,0.0,0.4043885983543411,,,
0.0,0.0,0.4326848019466594,,,
1.0,0.0,0.4493429402247122,,,
0.0,0.0,0.4484675860629065,,,
0.0,0.0,0.39637182020133976,,,
1.0,1.0,0.628159847283505,,,
0.0,0.0,0.4117592792607766,,,
1.0,0.0,0.3612557149633459,,,
1.0,0.0,0.4528298920753963,,,
0.0,1.0,0.5310995842676903,,,
0.0,0.0,0.44730231852359237,,,
0.0,0.0,0.40275906476007706,,,
1.0,1.0,0.6113058946987402,,,
0.0,0.0,0.41233212232237426,,,
0.0,1.0,0.5002615703648647,,,
0.0,0.0,0.41551978936151646,,,
1.0,1.0,0.5603746615913969,,,
0.0,0.0,0.414719896729981,,,
0.0,0.0,0.49138709102874145,,,
1.0,1.0,0.6633403785821801,,,
1.0,1.0,0.5346973762000513,,,
0.0,0.0,0.4643369506074319,,,
1.0,1.0,0.5664367379101692,,,
1.0,1.0,0.5328513548207562,,,
0.0,0.0,0.440900186459036,,,
1.0,1.0,0.6634281090854047,,,
1.0,1.0,0.6602680482779976,,,
0.0,0.0,0.42175407842437274,,,
0.0,0.0,0.4634454098390395,,,
1.0,1.0,0.5084992789310363,,,
0.0,0.0,0.4177396585172966,,,
0.0,0.0,0.4452850508582439,,,
1.0,1.0,0.5073768703002148,,,
1.0,0.0,0.48194107662877134,,,
1.0,1.0,0.7839967440694371,,,
0.0,1.0,0.5063604050884626,,,
0.0,0.0,0.4274601820647661,,,
0.0,0.0,0.3782047993292504,,,
0.0,0.0,0.44049997023131454,,,
1.0,0.0,0.4569788197827682,,,
0.0,0.0,0.4074588148171316,,,
0.0,0.0,0.43861437724299146,,,
0.0,0.0,0.41552784440984974,,,
1.0,0.0,0.4006209219427921,,,
0.0,0.0,0.408202276501821,,,
0.0,1.0,0.5572409200283058,,,
0.0,0.0,0.4326793663395643,,,
1.0,0.0,0.49410549755100824,,,
0.0,1.0,0.5794849755553828,,,
1.0,0.0,0.4620795451966366,,,
1.0,0.0,0.42160453313957835,,,
0.0,0.0,0.4767742516794565,,,
0.0,0.0,0.3888159664115134,,,
1.0,0.0,0.43794249009713376,,,
1.0,0.0,0.44308844175515244,,,
0.0,0.0,0.33622177723194013,,,
1.0,1.0,0.5331617219194377,,,
1.0,1.0,0.5548250947011034,,,
0.0,0.0,0.3905950283258748,,,
1.0,0.0,0.436434535998333,,,
0.0,0.0,0.424249515840951,,,
0.0,0.0,0.4934237917193325,,,
0.0,0.0,0.45216433411632806,,,
1.0,0.0,0.47528437238887045,,,
0.0,0.0,0.44526961216361904,,,
0.0,0.0,0.3470791530549977,,,
0.0,0.0,0.3666729015946951,,,
0.0,0.0,0.376284636438407,,,
0.0,0.0,0.44219514677103716,,,
0.0,0.0,0.37798990119279646,,,
0.0,0.0,0.4515037783610107,,,
1.0,0.0,0.47330430115292005,,,
0.0,0.0,0.32810146979333626,,,
1.0,0.0,0.4605710323311793,,,
1.0,0.0,0.4572389571447741,,,
1.0,1.0,0.5008873726775729,,,
1.0,1.0,0.6344033703874465,,,
1.0,0.0,0.47248477886899715,,,
0.0,0.0,0.38629214558675756,,,
0.0,0.0,0.46769533803803237,,,
0.0,0.0,0.40099482980764384,,,
0.0,1.0,0.5047228919890079,,,
1.0,1.0,0.6580283919160819,,,
1.0,0.0,0.4749643676732578,,,
0.0,0.0,0.477710358267497,,,
0.0,0.0,0.4491451730097894,,,
0.0,0.0,0.3787846845942316,,,
1.0,0.0,0.44500868678510047,,,
0.0,0.0,0.4506393285896807,,,
0.0,1.0,0.5366036597120484,,,
0.0,0.0,0.38706274158212517,,,
1.0,1.0,0.6064456374066998,,,
1.0,0.0,0.41491737335267,,,
1.0,1.0,0.5065767156705293,,,
0.0,0.0,0.366119057382072,,,
0.0,0.0,0.37920459560496816,,,
1.0,0.0,0.48055251390105147,,,
1.0,0.0,0.4599695670600706,,,
1.0,1.0,0.5887980573647095,,,
0.0,0.0,0.4395236592604963,,,
1.0,1.0,0.5782322554262052,,,
0.0,0.0,0.42116192385575174,,,
0.0,1.0,0.5446471267734201,,,
0.0,0.0,0.42948892630986035,,,
1.0,1.0,0.6202696583042533,,,
0.0,0.0,0.39002671410471584,,,
0.0,1.0,0.5221260670119293,,,
0.0,0.0,0.4267375950391973,,,
0.0,0.0,0.33895286020139154,,,
1.0,0.0,0.41265741505875675,,,
1.0,1.0,0.5713546392028589,,,
1.0,1.0,0.6404734530725845,,,
1.0,0.0,0.3979684144286472,,,
0.0,0.0,0.41558438486634175,,,
0.0,0.0,0.37045318515002196,,,
1.0,1.0,0.6431085680137498,,,
1.0,0.0,0.43856758601222784,,,
1.0,0.0,0.4407749664764517,,,
0.0,0.0,0.42203378629944815,,,
1.0,0.0,0.4664563053346267,,,
1.0,1.0,0.6304966807353988,,,
0.0,1.0,0.5057435880156519,,,
0.0,0.0,0.3932921879018088,,,
0.0,0.0,0.41263281691188985,,,
1.0,1.0,0.6116784215494127,,,
1.0,1.0,0.6873286518435949,,,
1.0,1.0,0.5612784987609262,,,
1.0,1.0,0.7447500390205326,,,
1.0,1.0,0.6529920408834493,,,
0.0,0.0,0.39303796361860266,,,
0.0,0.0,0.4202861383912825,,,
1.0,0.0,0.4076811501627972,,,
0.0,1.0,0.6005249877667377,,,
1.0,0.0,0.38439506282551317,,,
0.0,1.0,0.53581040844155,,,
1.0,0.0,0.48786542731273497,,,
1.0,0.0,0.4616981313779529,,,
1.0,1.0,0.558104503960727,,,
0.0,0.0,0.3345644845487093,,,
0.0,0.0,0.314841484341231,,,
0.0,0.0,0.39344385341222027,,,
0.0,0.0,0.4796387341602444,,,
1.0,1.0,0.5941999575680705,,,
1.0,1.0,0.5273600309655835,,,
0.0,0.0,0.4353276975531412,,,
1.0,0.0,0.39808214343189674,,,
0.0,0.0,0.41498456185115334,,,
1.0,0.0,0.455867657689912,,,
1.0,0.0,0.49373783867604937,,,
1.0,0.0,0.4341483628449689,,,
0.0,0.0,0.3722012414138673,,,
1.0,1.0,0.5766764768837369,,,
1.0,1.0,0.5360062821794909,,,
1.0,0.0,0.4184277913818695,,,
1.0,0.0,0.450043821774804,,,
0.0,0.0,0.46311019675350895,,,
1.0,0.0,0.43725589511923274,,,
1.0,1.0,0.6976092106428403,,,
0.0,0.0,0.3674213026428636,,,
0.0,0.0,0.46801123882667894,,,
0.0,0.0,0.41991140445092634,,,
0.0,0.0,0.43997637442447596,,,
0.0,0.0,0.35509611567983385,,,
0.0,0.0,0.3358252517369332,,,
0.0,0.0,0.4485113737903451,,,
0.0,0.0,0.48220139976101767,,,
1.0,0.0,0.4929721340966181,,,
0.0,0.0,0.421291646287103,,,
1.0,1.0,0.563772880017048,,,
0.0,1.0,0.5909863060174808,,,
1.0,1.0,0.5491244030094685,,,
1.0,1.0,0.690500024284172,,,
0.0,0.0,0.4285377136885544,,,
1.0,0.0,0.482973062694138,,,
1.0,1.0,0.5012885361134378,,,
0.0,1.0,0.5106172264982245,,,
1.0,0.0,0.47903728748726715,,,
1.0,1.0,0.5061764207578954,,,
1.0,0.0,0.4617687301970469,,,
1.0,1.0,0.5311041882043398,,,
1.0,1.0,0.67295917266495,,,
0.0,0.0,0.42672531839229033,,,
0.0,1.0,0.5689068430662887,,,
1.0,1.0,0.5882542506457362,,,
1.0,0.0,0.4898377570585066,,,
0.0,0.0,0.4585865998857222,,,
1.0,0.0,0.4129302314804493,,,
0.0,0.0,0.4210624230073649,,,
1.0,0.0,0.4877132571080611,,,
1.0,1.0,0.5198472642264417,,,
0.0,0.0,0.4720889163597028,,,
0.0,0.0,0.3850506123229611,,,
0.0,0.0,0.431017912820882,,,
0.0,0.0,0.43046334085215726,,,
0.0,0.0,0.374485182847438,,,
0.0,0.0,0.4025196814972159,,,
0.0,0.0,0.47506121862609935,,,
0.0,0.0,0.46778239810412214,,,
1.0,1.0,0.5258308886108365,,,
1.0,0.0,0.49027522167789866,,,
1.0,0.0,0.4367662430337716,,,
0.0,0.0,0.43711865313047504,,,
0.0,0.0,0.4088110973675393,,,
1.0,0.0,0.3980417845930385,,,
1.0,1.0,0.7694920430824153,,,
1.0,1.0,0.5920778475348315,,,
1.0,1.0,0.7863863935702563,,,
0.0,0.0,0.45208199008397276,,,
0.0,0.0,0.4213683739785082,,,
0.0,0.0,0.41429443413634176,,,
1.0,0.0,0.40055142026120233,,,
1.0,0.0,0.44620213447748136,,,
1.0,1.0,0.5029074119042737,,,
0.0,0.0,0.426157836004438,,,
0.0,0.0,0.412747914512745,,,
0.0,0.0,0.381419570323908,,,
1.0,0.0,0.47504745971337325,,,
0.0,0.0,0.4427846403662044,,,
0.0,0.0,0.45636817079759945,,,
0.0,0.0,0.3799541045849696,,,
0.0,0.0,0.4934396714174936,,,
1.0,1.0,0.5541850705959627,,,
0.0,0.0,0.4154774092856524,,,
0.0,0.0,0.4628451938884718,,,
0.0,0.0,0.45327390276173424,,,
1.0,1.0,0.6039043985231033,,,
1.0,1.0,0.5574973945363687,,,
1.0,0.0,0.4326154713616717,,,
0.0,0.0,0.4540693024375617,,,
0.0,0.0,0.4931726155668429,,,
0.0,1.0,0.5049028743655753,,,
1.0,0.0,0.4751585658423291,,,
1.0,1.0,0.5276685879217683,,,
0.0,0.0,0.460181855454299,,,
0.0,0.0,0.32128152424922635,,,
0.0,0.0,0.39296903935393285,,,
1.0,1.0,0.6590832465045594,,,
1.0,1.0,0.6040894626617561,,,
0.0,0.0,0.4889245825109171,,,
0.0,0.0,0.45586435044085855,,,
0.0,0.0,0.3912559465516191,,,
1.0,0.0,0.4264841671373416,,,
1.0,0.0,0.4502467287036031,,,
0.0,0.0,0.41390961357863953,,,
1.0,1.0,0.6747645788884823,,,
0.0,0.0,0.4110601890010767,,,
1.0,1.0,0.5269173938227514,,,
1.0,1.0,0.5778463876313048,,,
0.0,0.0,0.47014164994325197,,,
1.0,1.0,0.5480357407863805,,,
1.0,1.0,0.5450295946619844,,,
1.0,1.0,0.5447513141641886,,,
1.0,1.0,0.664127155101847,,,
1.0,1.0,0.5720189144534794,,,
1.0,0.0,0.4119001421401402,,,
0.0,0.0,0.43639190458762306,,,
1.0,0.0,0.4399375734572504,,,
0.0,0.0,0.3829853095606301,,,
0.0,0.0,0.40340409895144386,,,
1.0,1.0,0.5805210378565756,,,
1.0,1.0,0.574377582774135,,,
1.0,0.0,0.45229156138929333,,,
0.0,1.0,0.5011307794491026,,,
1.0,1.0,0.5107102410087968,,,
0.0,0.0,0.4762139483805342,,,
0.0,0.0,0.49089379535014166,,,
1.0,1.0,0.6100951701984261,,,
1.0,0.0,0.4429385827359721,,,
0.0,0.0,0.40057756702915276,,,
0.0,1.0,0.5497852819633736,,,
1.0,1.0,0.5737622619057702,,,
1.0,1.0,0.669861904994443,,,
0.0,0.0,0.4649961261078485,,,
1.0,0.0,0.45969510233224925,,,
1.0,1.0,0.513632198519384,,,
0.0,0.0,0.37222396166685084,,,
0.0,0.0,0.4586139737164373,,,
1.0,0.0,0.4085504479008875,,,
0.0,0.0,0.4778142779523698,,,
0.0,0.0,0.45377773822392314,,,
0.0,0.0,0.4725629374731558,,,
1.0,1.0,0.5318059004396795,,,
0.0,0.0,0.4018929722446518,,,
1.0,0.0,0.48801966723336077,,,
1.0,1.0,0.5711922281815838,,,
1.0,1.0,0.5530558442966437,,,
0.0,0.0,0.446163589529858,,,
0.0,0.0,0.4168081464337027,,,
1.0,0.0,0.4858643000363815,,,
0.0,0.0,0.4358720568303356,,,
0.0,1.0,0.5031347075648372,,,
0.0,0.0,0.37651850809597126,,,
1.0,0.0,0.3749629485929323,,,
0.0,0.0,0.3672433544712352,,,
0.0,0.0,0.40041857177345097,,,
1.0,0.0,0.44916126367465337,,,
0.0,0.0,0.4416783276066277,,,
1.0,1.0,0.5750074090040791,,,
0.0,0.0,0.4747099589912658,,,
1.0,0.0,0.3750765947283789,,,
0.0,0.0,0.4577598053233958,,,
0.0,0.0,0.44299823936440025,,,
0.0,0.0,0.46515982846068776,,,
1.0,1.0,0.6554495033104457,,,
0.0,0.0,0.4051348768967173,,,
0.0,1.0,0.5152729712012553,,,
1.0,0.0,0.4801380196311477,,,
0.0,0.0,0.39700392374647897,,,
1.0,0.0,0.45873516621434385,,,
0.0,0.0,0.4013074923774492,,,
1.0,0.0,0.4098338762637252,,,
0.0,0.0,0.40320788648209327,,,
0.0,0.0,0.3721265484242033,,,
1.0,0.0,0.41389677257150725,,,
1.0,1.0,0.5456347423332363,,,
0.0,0.0,0.3882721717213113,,,
0.0,0.0,0.4724054321157148,,,
0.0,0.0,0.41141526221196667,,,
0.0,0.0,0.3950908696159754,,,
0.0,1.0,0.5145969137106637,,,
0.0,0.0,0.3953678811623981,,,
0.0,0.0,0.45882377430066046,,,
1.0,1.0,0.647039790881434,,,
1.0,0.0,0.45245028143002186,,,
0.0,0.0,0.4495486520326359,,,
0.0,0.0,0.4142906579644385,,,
0.0,0.0,0.38933770138123813,,,
1.0,1.0,0.5305850747653611,,,
0.0,0.0,0.41471393434573073,,,
0.0,0.0,0.3698510123198476,,,
0.0,0.0,0.4335147860136951,,,
0.0,1.0,0.5372031344032997,,,
1.0,0.0,0.42273393061821135,,,
0.0,0.0,0.3809981999477608,,,
1.0,1.0,0.6434737414420846,,,
0.0,0.0,0.35141193111884156,,,
1.0,1.0,0.595547100807067,,,
1.0,1.0,0.6031616751495339,,,
1.0,1.0,0.5241083010147087,,,
1.0,1.0,0.5027402437574625,,,
0.0,0.0,0.3868677496476091,,,
1.0,0.0,0.49444606270829283,,,
0.0,0.0,0.42918940161125646,,,
0.0,0.0,0.3798502694931447,,,
1.0,0.0,0.4838406688806017,,,
1.0,1.0,0.7656011772824695,,,
1.0,1.0,0.5703433949327825,,,
0.0,0.0,0.35290907798243104,,,
0.0,0.0,0.4973301728983866,,,
1.0,0.0,0.4268001828937507,,,
1.0,0.0,0.42676376063338367,,,
0.0,0.0,0.36221411393961755,,,
1.0,0.0,0.49975114683947125,,,
1.0,0.0,0.4600158223251934,,,
1.0,0.0,0.49493895032789803,,,
0.0,0.0,0.41803996475926514,,,
1.0,0.0,0.43196946172499956,,,
1.0,0.0,0.4568057449884874,,,
1.0,1.0,0.7052800755410289,,,
0.0,0.0,0.3885684620855553,,,
0.0,0.0,0.3943339064411589,,,
0.0,0.0,0.48643520284267766,,,
0.0,0.0,0.3561344377182298,,,
0.0,0.0,0.4156409797875429,,,
0.0,0.0,0.45214007827796365,,,
0.0,0.0,0.39986257731813746,,,
0.0,0.0,0.3562077710438176,,,
1.0,1.0,0.5557500376943422,,,
0.0,0.0,0.376835072006653,,,
0.0,0.0,0.4031005139012097,,,
0.0,0.0,0.43571956379834664,,,
0.0,1.0,0.5135515325804784,,,
1.0,1.0,0.5026242918215058,,,
1.0,1.0,0.5442047225032788,,,
0.0,0.0,0.44932259152567894,,,
0.0,0.0,0.40078124827378886,,,
0.0,0.0,0.471598869826325,,,
1.0,0.0,0.48300719140213105,,,
0.0,0.0,0.4069396136354386,,,
0.0,0.0,0.43357515568715826,,,
1.0,1.0,0.5260331149480096,,,
0.0,1.0,0.526098027255785,,,
0.0,0.0,0.4710633538158122,,,
0.0,0.0,0.4950365618508681,,,
1.0,1.0,0.7186867170106334,,,
1.0,1.0,0.5108642474995314,,,
0.0,0.0,0.3240288461213184,,,
0.0,0.0,0.4628339638508512,,,
0.0,0.0,0.4540559904205662,,,
0.0,0.0,0.40795766315124515,,,
0.0,0.0,0.4438892588766417,,,
1.0,1.0,0.6647565874757354,,,
0.0,0.0,0.46566118348054136,,,
0.0,0.0,0.3378765381852927,,,
1.0,1.0,0.5705282535445692,,,
0.0,0.0,0.39807549789494184,,,
1.0,1.0,0.526039765761848,,,
0.0,0.0,0.4021558332628299,,,
1.0,0.0,0.49826081323569055,,,
1.0,0.0,0.4706331172586316,,,
1.0,1.0,0.752805099345975,,,
0.0,0.0,0.44622411310363796,,,
0.0,0.0,0.4434994070601585,,,
0.0,0.0,0.3613016396304613,,,
0.0,0.0,0.4834121372241053,,,
1.0,0.0,0.4828738483312851,,,
1.0,1.0,0.5021346230839794,,,
1.0,0.0,0.4647438226880495,,,
1.0,0.0,0.4851822703718954,,,
1.0,1.0,0.5536089431672391,,,
1.0,1.0,0.7655354248556155,,,
1.0,1.0,0.5524963595152469,,,
1.0,0.0,0.492026088353303,,,
0.0,0.0,0.4108545511592787,,,
0.0,0.0,0.4616025426902764,,,
1.0,1.0,0.6321119890146635,,,
0.0,0.0,0.47803925059769714,,,
1.0,0.0,0.4813569848749835,,,
1.0,1.0,0.5185709307106453,,,
0.0,0.0,0.37454556277077944,,,
0.0,0.0,0.4433816070016448,,,
1.0,0.0,0.4644645099642582,,,
1.0,0.0,0.38869879199293467,,,
1.0,1.0,0.5035678203688457,,,
1.0,0.0,0.4495805247870635,,,
0.0,0.0,0.3843090983411156,,,
0.0,0.0,0.43647123475754157,,,
0.0,1.0,0.522089762769282,,,
1.0,1.0,0.7691638217338742,,,
0.0,0.0,0.4567035349757302,,,
1.0,1.0,0.549983147127108,,,
0.0,0.0,0.38644857332849974,,,
1.0,1.0,0.7143359319844096,,,
0.0,0.0,0.4215987577307931,,,
0.0,0.0,0.48862421809196793,,,
1.0,0.0,0.43271980823968303,,,
1.0,0.0,0.4681772578265648,,,
0.0,0.0,0.46127442447679956,,,
0.0,0.0,0.4667464671279162,,,
1.0,0.0,0.4735772794722487,,,
1.0,0.0,0.4441609354314784,,,
0.0,0.0,0.4827969591831221,,,
1.0,1.0,0.5463232529666376,,,
0.0,0.0,0.4119113552544192,,,
0.0,0.0,0.4132618251452428,,,
1.0,0.0,0.4994605317404021,,,
0.0,0.0,0.4548695053354897,,,
1.0,1.0,0.5288733697532582,,,
1.0,1.0,0.6486391866333583,,,
1.0,0.0,0.4595604785360938,,,
1.0,1.0,0.5452557238768829,,,
0.0,0.0,0.4339136402507065,,,
1.0,1.0,0.5194554176901658,,,
0.0,0.0,0.42289544015346925,,,
0.0,0.0,0.3986660232512855,,,
0.0,0.0,0.4338390949605963,,,
1.0,1.0,0.5376533789638301,,,
0.0,0.0,0.36981103490834444,,,
0.0,0.0,0.47042087180149983,,,
1.0,1.0,0.5262737671206974,,,
0.0,0.0,0.4613345361840335,,,
0.0,0.0,0.4149137662196423,,,
1.0,1.0,0.6102377137071927,,,
1.0,1.0,0.719528157946665,,,
1.0,1.0,0.57029089850489,,,
1.0,0.0,0.4815744878233477,,,
0.0,0.0,0.4154256994528267,,,
1.0,1.0,0.5108642474995314,,,
1.0,1.0,0.5575251215907419,,,
0.0,0.0,0.4722491903904576,,,
0.0,0.0,0.4546792971430391,,,
1.0,0.0,0.4253305788535621,,,
1.0,1.0,0.585456178818883,,,
1.0,1.0,0.5383939687541902,,,
0.0,1.0,0.5002265551813992,,,
1.0,0.0,0.39922093012186644,,,
0.0,0.0,0.45795181196590856,,,
1.0,1.0,0.5241617922287748,,,
1.0,0.0,0.3945752186521885,,,
1.0,0.0,0.4251838521429453,,,
0.0,0.0,0.39274414651007533,,,
1.0,1.0,0.6626598071490953,,,
0.0,0.0,0.37367069467504727,,,
0.0,0.0,0.40471003562431296,,,
0.0,0.0,0.45796657187031276,,,
1.0,0.0,0.3218899769067839,,,
0.0,0.0,0.4336566948391925,,,
1.0,1.0,0.7290573862543702,,,
0.0,0.0,0.44910300261515357,,,
1.0,1.0,0.6925278426785298,,,
0.0,0.0,0.4129862476785979,,,
1.0,1.0,0.5428120738664555,,,
1.0,0.0,0.44996034694489395,,,
1.0,1.0,0.615912784992118,,,
0.0,1.0,0.6852315255658069,,,
1.0,1.0,0.5204610805687504,,,
1.0,1.0,0.633873528482949,,,
1.0,0.0,0.4824865315599787,,,
0.0,0.0,0.441880314208229,,,
0.0,0.0,0.2761914115479946,,,
0.0,1.0,0.5105919660598146,,,
1.0,1.0,0.6036609755847042,,,
0.0,0.0,0.3826386895322482,,,
1.0,1.0,0.5173150140605638,,,
1.0,1.0,0.7869227158296032,,,
0.0,0.0,0.47357940676713445,,,
0.0,0.0,0.44988004779218793,,,
0.0,0.0,0.4193867743080708,,,
1.0,0.0,0.41784582944824067,,,
1.0,1.0,0.5521968174197821,,,
0.0,0.0,0.40829893958363966,,,
0.0,0.0,0.33631053920124365,,,
1.0,1.0,0.5518669325176958,,,
0.0,0.0,0.41792851353420274,,,
1.0,0.0,0.441607969460692,,,
0.0,0.0,0.46844989785291075,,,
0.0,0.0,0.46288979272226366,,,
0.0,0.0,0.34899771623714987,,,
1.0,0.0,0.43006416685388804,,,
0.0,0.0,0.46988356644881346,,,
1.0,1.0,0.5155226484305615,,,
0.0,0.0,0.4546145502044413,,,
0.0,0.0,0.4992939460072159,,,
1.0,1.0,0.6572498834203964,,,
1.0,1.0,0.6517877352600644,,,
1.0,1.0,0.5513077344369782,,,
1.0,1.0,0.5332233384294068,,,
0.0,0.0,0.46411876560310805,,,
0.0,0.0,0.3910968440969788,,,
1.0,0.0,0.47295106656468033,,,
1.0,1.0,0.5228881269498643,,,
0.0,0.0,0.37043621157882395,,,
0.0,0.0,0.37529513212343696,,,
1.0,1.0,0.6148906215727404,,,
0.0,0.0,0.3505869295491116,,,
1.0,1.0,0.5727871242684502,,,
1.0,1.0,0.6521382704368547,,,
1.0,1.0,0.5088455011828028,,,
0.0,0.0,0.43040443344527396,,,
1.0,1.0,0.7489339055296854,,,
0.0,0.0,0.39722534011792054,,,
1.0,1.0,0.5486796960005603,,,
0.0,0.0,0.45562398210143884,,,
0.0,1.0,0.5054787233999148,,,
1.0,1.0,0.517001113295019,,,
0.0,0.0,0.34761138471925135,,,
0.0,0.0,0.43409319231712357,,,
0.0,1.0,0.5213285341481155,,,
0.0,0.0,0.39172002286559643,,,
0.0,0.0,0.46160607884716975,,,
1.0,0.0,0.4453666013594214,,,
1.0,0.0,0.4772087849823183,,,
0.0,0.0,0.3929084090079097,,,
0.0,0.0,0.35976368948207693,,,
1.0,0.0,0.4749025324529297,,,
0.0,0.0,0.452473712966924,,,
0.0,0.0,0.4216888937844453,,,
0.0,0.0,0.44886824286838856,,,
1.0,1.0,0.5131075882762313,,,
0.0,0.0,0.46249381109510057,,,
0.0,1.0,0.5147012616446316,,,
1.0,0.0,0.4635053573551216,,,
1.0,0.0,0.41708105830578657,,,
1.0,1.0,0.6277651956717062,,,
0.0,0.0,0.39076237922570545,,,
1.0,0.0,0.42169763634023805,,,
0.0,1.0,0.5367136714864127,,,
0.0,0.0,0.47612506570681656,,,
1.0,0.0,0.4198809798028277,,,
0.0,0.0,0.4415091403338031,,,
0.0,0.0,0.43553333730245286,,,
0.0,0.0,0.4089336921656234,,,
1.0,0.0,0.44785822349033827,,,
1.0,1.0,0.6659161057534594,,,
0.0,0.0,0.4239087548154743,,,
0.0,1.0,0.5302904170822147,,,
1.0,0.0,0.4655583709181353,,,
1.0,0.0,0.49494323325553113,,,
0.0,0.0,0.390958997622576,,,
0.0,0.0,0.45590071781511593,,,
1.0,1.0,0.5252509536747781,,,
0.0,0.0,0.42795313685758124,,,
0.0,0.0,0.4269504327263535,,,
0.0,1.0,0.6424465214678129,,,
0.0,0.0,0.46963785827882054,,,
1.0,0.0,0.47816918734475605,,,
0.0,0.0,0.4275975186044777,,,
1.0,1.0,0.5848570154481055,,,
1.0,0.0,0.43651984038479597,,,
0.0,0.0,0.37096964300018703,,,
0.0,0.0,0.4451092296365363,,,
0.0,0.0,0.39431769476416034,,,
0.0,0.0,0.4027314727860806,,,
1.0,1.0,0.5855732236296348,,,
1.0,0.0,0.4157505884174275,,,
1.0,0.0,0.4600693246560915,,,
1.0,1.0,0.5456421299436042,,,
1.0,0.0,0.41443836581121857,,,
1.0,1.0,0.7055446022607107,,,
1.0,1.0,0.661467854133031,,,
1.0,1.0,0.5047283547974107,,,
1.0,0.0,0.4640261039644431,,,
1.0,0.0,0.4537077815472638,,,
1.0,0.0,0.4528834218615822,,,
1.0,1.0,0.618457282012344,,,
1.0,1.0,0.6100153634063914,,,
0.0,0.0,0.35549585049766863,,,
0.0,0.0,0.45698681856422435,,,
1.0,0.0,0.4456368274619717,,,
1.0,1.0,0.5647387044188894,,,
1.0,1.0,0.5207570660290042,,,
0.0,0.0,0.43805511934932795,,,
1.0,1.0,0.7176222287145596,,,
0.0,1.0,0.5116378848903783,,,
1.0,1.0,0.5589035865258393,,,
0.0,0.0,0.4117085473897086,,,
1.0,0.0,0.3894515055931014,,,
0.0,0.0,0.45727686207678947,,,
1.0,1.0,0.5215153384617087,,,
1.0,1.0,0.5223703861837515,,,
0.0,1.0,0.5466127213470223,,,
1.0,1.0,0.5356113755767833,,,
0.0,0.0,0.47082734552340255,,,
1.0,0.0,0.45719294863377724,,,
0.0,0.0,0.4212005512078893,,,
1.0,0.0,0.4027171707389967,,,
0.0,0.0,0.3784552319154806,,,
1.0,1.0,0.570523850839753,,,
1.0,0.0,0.4217140391179783,,,
0.0,0.0,0.37232389971811924,,,
1.0,0.0,0.48089256310101386,,,
1.0,0.0,0.4084275999781351,,,
0.0,0.0,0.4988618248620959,,,
0.0,0.0,0.4044479083679512,,,
0.0,0.0,0.44078283081378405,,,
0.0,0.0,0.431585556327355,,,
1.0,0.0,0.49951471633021327,,,
0.0,0.0,0.4570598822975183,,,
1.0,1.0,0.6300576485444975,,,
0.0,0.0,0.38064565674356204,,,
1.0,1.0,0.5253107958580207,,,
1.0,1.0,0.5547588072626262,,,
0.0,0.0,0.43020094513582746,,,
0.0,0.0,0.4112308810631602,,,
1.0,1.0,0.6279751290111255,,,
0.0,0.0,0.36669928360033766,,,
1.0,1.0,0.6100648782666149,,,
0.0,0.0,0.44575625587737433,,,
1.0,0.0,0.410989122144685,,,
1.0,1.0,0.5967553959930243,,,
0.0,0.0,0.46231603333101196,,,
0.0,0.0,0.3540862095887082,,,
0.0,1.0,0.5149882489217357,,,
1.0,0.0,0.41473856334137377,,,
0.0,1.0,0.556157186235767,,,
1.0,1.0,0.5209862621089516,,,
0.0,0.0,0.4381784167811024,,,
0.0,0.0,0.4069014522988173,,,
1.0,0.0,0.43334355907320626,,,
0.0,0.0,0.3949121698496151,,,
0.0,0.0,0.3844561495051551,,,
0.0,1.0,0.5460127888821666,,,
0.0,0.0,0.4117312379208082,,,
0.0,1.0,0.5223759603597616,,,
1.0,1.0,0.5699744900099789,,,
1.0,1.0,0.6400409241377298,,,
1.0,1.0,0.6360674134244974,,,
0.0,0.0,0.4514541412427504,,,
1.0,1.0,0.5881640313740029,,,
0.0,0.0,0.370603998275916,,,
1.0,1.0,0.5201518009651239,,,
1.0,0.0,0.4942070072710222,,,
1.0,1.0,0.7327894372874749,,,
1.0,1.0,0.7809971625096835,,,
1.0,0.0,0.43883781004503075,,,
0.0,0.0,0.3788678131067474,,,
0.0,0.0,0.3740378818095978,,,
0.0,0.0,0.42437812891367227,,,
1.0,0.0,0.434492471765088,,,
1.0,1.0,0.6194546020200388,,,
1.0,0.0,0.44518099674983086,,,
0.0,0.0,0.4479012900364414,,,
0.0,0.0,0.3737185843903638,,,
0.0,1.0,0.5248279321134556,,,
1.0,1.0,0.540032485099691,,,
1.0,1.0,0.7312005893755219,,,
1.0,1.0,0.5345153895937537,,,
1.0,1.0,0.5177456075401649,,,
1.0,1.0,0.5275305914288835,,,
1.0,1.0,0.6888325814496572,,,
1.0,1.0,0.6074650217171208,,,
1.0,1.0,0.5508132676029202,,,
1.0,0.0,0.4083425444474534,,,
0.0,0.0,0.4437274488737991,,,
1.0,0.0,0.4863555093731579,,,
0.0,1.0,0.5545177756291411,,,
1.0,0.0,0.4116053727339817,,,
1.0,0.0,0.4775897239152825,,,
0.0,0.0,0.4277899066386287,,,
0.0,0.0,0.3953678811623981,,,
0.0,0.0,0.4540702751770146,,,
1.0,0.0,0.4604917870276566,,,
0.0,0.0,0.4324766645876131,,,
0.0,0.0,0.4028742719839999,,,
1.0,1.0,0.5025804939764444,,,
0.0,0.0,0.4478220382768602,,,
0.0,0.0,0.3648744379951996,,,
1.0,1.0,0.6130035458542956,,,
1.0,1.0,0.5317360688213951,,,
1.0,1.0,0.5437226046197772,,,
1.0,0.0,0.45159830652712635,,,
1.0,0.0,0.47171597445346714,,,
0.0,0.0,0.47369439349829706,,,
0.0,0.0,0.46302110319906464,,,
1.0,1.0,0.5078564656970013,,,
0.0,1.0,0.5713546392028589,,,
1.0,1.0,0.5729140869965836,,,
1.0,1.0,0.6011369026113632,,,
0.0,0.0,0.4812914340499684,,,
0.0,0.0,0.48603453894275755,,,
0.0,1.0,0.5822521145375553,,,
0.0,0.0,0.4522595354851041,,,
0.0,0.0,0.38694005429809064,,,
1.0,1.0,0.5674227987378225,,,
0.0,0.0,0.43902161122057903,,,
0.0,0.0,0.3862545739495262,,,
1.0,1.0,0.5452703991708076,,,
1.0,1.0,0.6403876503674583,,,
0.0,0.0,0.47201951389263813,,,
1.0,1.0,0.6157513342268491,,,
1.0,1.0,0.6387787621974883,,,
1.0,0.0,0.43521610291665797,,,
1.0,1.0,0.5112974487133113,,,
0.0,0.0,0.4065554641810617,,,
0.0,0.0,0.4674739558797645,,,
1.0,0.0,0.47817922951136854,,,
1.0,1.0,0.6738963227543694,,,
0.0,1.0,0.6341934297365965,,,
0.0,0.0,0.4599989460299637,,,
1.0,1.0,0.5517123018250433,,,
1.0,1.0,0.6870063054715967,,,
1.0,1.0,0.5149911858916028,,,
0.0,0.0,0.3946104771537386,,,
1.0,1.0,0.5568700350984443,,,
1.0,1.0,0.5116986919307459,,,
1.0,1.0,0.5475053860044164,,,
1.0,0.0,0.4791145181486622,,,
1.0,1.0,0.5251022051221482,,,
0.0,0.0,0.43286645182151623,,,
0.0,0.0,0.4659092457805493,,,
1.0,0.0,0.49856321650037855,,,
0.0,0.0,0.38812257539010897,,,
1.0,1.0,0.6305824897828661,,,
1.0,1.0,0.5421392569748335,,,
1.0,1.0,0.5070715484623419,,,
0.0,0.0,0.3671089418289597,,,
0.0,0.0,0.428538065160517,,,
0.0,0.0,0.41729586663574075,,,
0.0,0.0,0.40737899298137165,,,
1.0,1.0,0.573388296176436,,,
0.0,1.0,0.5249307888417674,,,
1.0,0.0,0.48476218289046075,,,
1.0,0.0,0.3261308181651263,,,
1.0,1.0,0.5186923029325949,,,
1.0,1.0,0.6349420420204572,,,
1.0,1.0,0.6832259314736118,,,
0.0,0.0,0.34730565464039137,,,
0.0,0.0,0.43492470953322154,,,
1.0,1.0,0.5147012616446316,,,
0.0,0.0,0.4166568019288123,,,
0.0,0.0,0.4374268606311602,,,
1.0,0.0,0.46068203028270704,,,
0.0,0.0,0.45079464152051113,,,
1.0,1.0,0.551496460324624,,,
1.0,0.0,0.44888956624772836,,,
1.0,1.0,0.5506074774340958,,,
0.0,0.0,0.4453632063641138,,,
0.0,0.0,0.39280088711871974,,,
0.0,0.0,0.4033929755916023,,,
0.0,0.0,0.43075606313024006,,,
1.0,1.0,0.5491946496100274,,,
0.0,0.0,0.408186531614863,,,
0.0,0.0,0.45890238591337645,,,
0.0,0.0,0.4579538619540803,,,
0.0,0.0,0.35796135416876307,,,
0.0,0.0,0.4402440262535563,,,
0.0,0.0,0.44447392305697075,,,
0.0,0.0,0.3929777087904397,,,
0.0,0.0,0.3563647078275876,,,
1.0,0.0,0.4431333903854969,,,
1.0,1.0,0.6876979868274169,,,
0.0,0.0,0.38743201285867845,,,
0.0,0.0,0.4467304808541555,,,
1.0,1.0,0.6765557231566333,,,
1.0,1.0,0.5201483148833039,,,
1.0,1.0,0.5052159591503189,,,
0.0,0.0,0.4107904980875527,,,
0.0,0.0,0.49837398264676863,,,
0.0,0.0,0.38875254729300956,,,
0.0,0.0,0.36708328762122433,,,
0.0,0.0,0.3810130768350311,,,
1.0,0.0,0.42531131984539905,,,
0.0,0.0,0.40313132910838956,,,
1.0,1.0,0.5164497810070167,,,
0.0,0.0,0.4514301106846198,,,
1.0,0.0,0.4343949626487448,,,
0.0,0.0,0.43551571193189315,,,
0.0,0.0,0.3857095467558182,,,
0.0,0.0,0.4541847881583516,,,
0.0,1.0,0.5223955768800055,,,
1.0,0.0,0.48204083687651644,,,
0.0,0.0,0.4782274363819002,,,
1.0,1.0,0.5626133511589507,,,
1.0,1.0,0.5323187107496548,,,
1.0,0.0,0.40717397401727407,,,
1.0,1.0,0.5097441259582858,,,
0.0,1.0,0.503388818924501,,,
0.0,0.0,0.44790412308989297,,,
1.0,0.0,0.4071061905690795,,,
1.0,1.0,0.556594773500311,,,
1.0,0.0,0.4692887432146621,,,
1.0,1.0,0.5013163704184489,,,
0.0,0.0,0.4969635283333623,,,
1.0,0.0,0.4392690706355696,,,
1.0,1.0,0.5741140680185773,,,
0.0,0.0,0.34466649884012723,,,
0.0,0.0,0.4494985319686196,,,
1.0,1.0,0.533970968736857,,,
0.0,0.0,0.3869018009976352,,,
1.0,1.0,0.7123447039171188,,,
1.0,1.0,0.5961847408735667,,,
0.0,0.0,0.3999418177200855,,,
1.0,0.0,0.3884327366873656,,,
0.0,0.0,0.47198076655328264,,,
1.0,1.0,0.5187034449885518,,,
0.0,0.0,0.466227667696504,,,
1.0,0.0,0.4456354166658033,,,
1.0,1.0,0.5168863733061814,,,
0.0,0.0,0.46932121801876264,,,
1.0,1.0,0.5197788283708781,,,
0.0,0.0,0.418107193639654,,,
1.0,1.0,0.6489423749250278,,,
0.0,0.0,0.4020947202827237,,,
1.0,0.0,0.498851793877891,,,
0.0,0.0,0.3650402797922929,,,
0.0,0.0,0.4568207168562081,,,
0.0,0.0,0.4249813684879865,,,
0.0,0.0,0.395834045989398,,,
0.0,0.0,0.40077082866765223,,,
1.0,1.0,0.6077644151130085,,,
1.0,1.0,0.685251020042071,,,
1.0,1.0,0.520586825127261,,,
0.0,1.0,0.5375220500274148,,,
1.0,0.0,0.352952449126297,,,
0.0,1.0,0.5069134446941937,,,
0.0,0.0,0.3718736360358472,,,
1.0,0.0,0.46888854896892157,,,
1.0,1.0,0.5643401483464241,,,
0.0,0.0,0.4567342394997362,,,
1.0,0.0,0.40913979622816427,,,
1.0,0.0,0.43134762321609954,,,
0.0,0.0,0.4299499796623424,,,
1.0,1.0,0.6341151533259106,,,
0.0,0.0,0.4065275384944636,,,
1.0,1.0,0.5752988344900771,,,
1.0,1.0,0.6455962756228204,,,
0.0,0.0,0.4314489562898241,,,
1.0,0.0,0.40979480092712617,,,
0.0,0.0,0.45962934953300394,,,
0.0,0.0,0.44777871086733456,,,
1.0,0.0,0.4922391543298951,,,
1.0,0.0,0.39636148230269413,,,
0.0,1.0,0.508334033521332,,,
1.0,0.0,0.4851474558423794,,,
1.0,1.0,0.5639958747640836,,,
1.0,1.0,0.5625412357147542,,,
0.0,0.0,0.43599924187108813,,,
0.0,0.0,0.46155328230534626,,,
0.0,0.0,0.3933551512979739,,,
1.0,0.0,0.41775074488708624,,,
0.0,0.0,0.41717069376923377,,,
0.0,0.0,0.4053574072308928,,,
0.0,0.0,0.4620223213115087,,,
0.0,0.0,0.4095920823396888,,,
1.0,0.0,0.4491006621861104,,,
1.0,1.0,0.7185955211655338,,,
1.0,1.0,0.5333810076834676,,,
0.0,0.0,0.43853515940884114,,,
1.0,0.0,0.4846172417272791,,,
0.0,0.0,0.4100553054326233,,,
1.0,0.0,0.45193316428431096,,,
0.0,0.0,0.45105198159092263,,,
0.0,0.0,0.46402118542679843,,,
1.0,1.0,0.5053557579814774,,,
0.0,0.0,0.4162960258872802,,,
0.0,0.0,0.4469700089073109,,,
1.0,0.0,0.48553885878238084,,,
0.0,0.0,0.36835408885316573,,,
0.0,0.0,0.44655315144193153,,,
0.0,1.0,0.5380385517777706,,,
0.0,0.0,0.4048380350365044,,,
1.0,0.0,0.4300162069826834,,,
1.0,1.0,0.6826646063011399,,,
0.0,0.0,0.3894935392984798,,,
0.0,0.0,0.35797856233052744,,,
0.0,0.0,0.442584492767404,,,
1.0,1.0,0.6009194740644089,,,
1.0,1.0,0.5140043921904379,,,
1.0,1.0,0.5106545405028479,,,
0.0,0.0,0.49722092786116484,,,
0.0,0.0,0.3973128796132537,,,
0.0,0.0,0.38277887738875627,,,
1.0,1.0,0.5325237735827228,,,
1.0,1.0,0.5112357225886772,,,
1.0,1.0,0.5304015804565717,,,
1.0,1.0,0.5843769613424813,,,
1.0,1.0,0.7087524782473942,,,
0.0,0.0,0.4100632152862482,,,
1.0,0.0,0.4330838210443996,,,
0.0,0.0,0.3714347642058966,,,
0.0,0.0,0.38352412463564467,,,
1.0,1.0,0.5036215713734319,,,
1.0,1.0,0.6132541251470979,,,
1.0,1.0,0.7648458061437203,,,
1.0,1.0,0.6161109716714674,,,
0.0,1.0,0.570153419829146,,,
1.0,1.0,0.5289125760829816,,,
0.0,1.0,0.5038958014880665,,,
0.0,0.0,0.4273970996075984,,,
0.0,1.0,0.6057485023959055,,,
0.0,0.0,0.4962442548825481,,,
1.0,0.0,0.4058516464007126,,,
0.0,0.0,0.43247278142281126,,,
0.0,0.0,0.47115798707048656,,,
1.0,0.0,0.47019430756813707,,,
0.0,0.0,0.3246527321202722,,,
0.0,0.0,0.40877806652431115,,,
1.0,0.0,0.48642761082434255,,,
1.0,1.0,0.5661404025247849,,,
1.0,0.0,0.4592569228175617,,,
1.0,0.0,0.4598350929649138,,,
1.0,0.0,0.41807029127030604,,,
0.0,0.0,0.4259383581081437,,,
0.0,1.0,0.5368702562250678,,,
0.0,0.0,0.43288005874087104,,,
0.0,0.0,0.4569703153562939,,,
0.0,0.0,0.40360222616684244,,,
1.0,1.0,0.7614650550725881,,,
0.0,0.0,0.40915385283274275,,,
0.0,0.0,0.47292547412963953,,,
1.0,0.0,0.3968557942249721,,,
1.0,1.0,0.5441806745406779,,,
0.0,0.0,0.41789044123140995,,,
1.0,1.0,0.6020462427791324,,,
1.0,1.0,0.624389913940236,,,
1.0,1.0,0.5424191664206154,,,
0.0,1.0,0.5013465199420902,,,
1.0,0.0,0.45773581464687774,,,
1.0,1.0,0.694849445895537,,,
0.0,0.0,0.4255926313836251,,,
0.0,1.0,0.5719433435830825,,,
0.0,0.0,0.41883764271786783,,,
1.0,1.0,0.526006927143572,,,
0.0,0.0,0.41016253591613705,,,
0.0,0.0,0.31899830619772995,,,
1.0,1.0,0.537783512945324,,,
1.0,0.0,0.4255464977865371,,,
1.0,1.0,0.5399163637803704,,,
1.0,1.0,0.5303644318188995,,,
0.0,0.0,0.4204296386379442,,,
1.0,1.0,0.536862130265992,,,
0.0,0.0,0.4690331523811321,,,
0.0,0.0,0.40106333245936343,,,
0.0,1.0,0.506336264832932,,,
0.0,0.0,0.42437963043143356,,,
0.0,0.0,0.3272430154534757,,,
1.0,0.0,0.4488930188152382,,,
0.0,0.0,0.36567628591555995,,,
1.0,1.0,0.5241376629412186,,,
1.0,1.0,0.5417693580988329,,,
1.0,1.0,0.5547588072626262,,,
0.0,0.0,0.48263432122835825,,,
0.0,0.0,0.47557201797610194,,,
0.0,0.0,0.4495484613267027,,,
0.0,0.0,0.49152314041371686,,,
0.0,0.0,0.4366537474080155,,,
1.0,1.0,0.5201279157026257,,,
1.0,0.0,0.46425576027637283,,,
0.0,0.0,0.4290902962027447,,,
1.0,0.0,0.4609136456952269,,,
0.0,0.0,0.39237915767626086,,,
1.0,0.0,0.49498080039360204,,,
1.0,0.0,0.4851592796602836,,,
1.0,0.0,0.4928975590394782,,,
0.0,0.0,0.42175719683391877,,,
0.0,1.0,0.50115013949072,,,
1.0,0.0,0.39922209324843616,,,
0.0,0.0,0.48866247580348465,,,
1.0,1.0,0.5993365305489117,,,
1.0,1.0,0.6167722444801742,,,
1.0,0.0,0.4943012654323933,,,
0.0,0.0,0.49417280383713325,,,
1.0,0.0,0.4030439170658632,,,
0.0,1.0,0.5174700709210249,,,
0.0,0.0,0.3785425168196259,,,
0.0,0.0,0.4183837007365409,,,
0.0,0.0,0.44049997023131454,,,
0.0,1.0,0.5056125850165258,,,
1.0,1.0,0.691647094960388,,,
0.0,0.0,0.40079145313759157,,,
0.0,0.0,0.4217966408633383,,,
0.0,0.0,0.42046317928329124,,,
0.0,0.0,0.4621837868709037,,,
0.0,0.0,0.37227117382215785,,,
0.0,0.0,0.4448341311235958,,,
1.0,0.0,0.4094081057830629,,,
1.0,1.0,0.5098276831149887,,,
1.0,0.0,0.49326902124548827,,,
1.0,0.0,0.4704463418019071,,,
1.0,0.0,0.47711552245477556,,,
0.0,0.0,0.36433041032683267,,,
0.0,0.0,0.43238237680581243,,,
0.0,0.0,0.3832724018733921,,,
1.0,1.0,0.6119757219396668,,,
0.0,0.0,0.3776094170366045,,,
1.0,1.0,0.6876894699278847,,,
0.0,0.0,0.4245137368727911,,,
1.0,0.0,0.4607106775686532,,,
1.0,1.0,0.5951577319458211,,,
0.0,0.0,0.4541498599613864,,,
0.0,0.0,0.32166053357937263,,,
1.0,0.0,0.46685183023899596,,,
1.0,1.0,0.513402250081284,,,
1.0,1.0,0.6952575817856206,,,
0.0,0.0,0.4816554694550557,,,
1.0,0.0,0.3823179253282688,,,
0.0,0.0,0.368184151094786,,,
1.0,1.0,0.6906092296151141,,,
0.0,0.0,0.3811295451266579,,,
0.0,0.0,0.4061823780547783,,,
1.0,0.0,0.45860448669913156,,,
0.0,0.0,0.4054841549049535,,,
0.0,0.0,0.37220935679150097,,,
0.0,0.0,0.4304358308844455,,,
1.0,1.0,0.5555110158809287,,,
1.0,1.0,0.5870521918929398,,,
1.0,1.0,0.5796423173610645,,,
0.0,1.0,0.5157432234770198,,,
1.0,0.0,0.4970131189277556,,,
0.0,0.0,0.3809675727779552,,,
0.0,0.0,0.48153603674367756,,,
0.0,0.0,0.3496003688534198,,,
1.0,1.0,0.5484852574150443,,,
0.0,0.0,0.3905993023945705,,,
0.0,0.0,0.3851173950253122,,,
1.0,1.0,0.6171119397756675,,,
1.0,1.0,0.5333753753232131,,,
1.0,1.0,0.5520119562956294,,,
1.0,1.0,0.5511343588194644,,,
0.0,0.0,0.4325310737538579,,,
0.0,0.0,0.4743926526182656,,,
0.0,0.0,0.40847472184270306,,,
0.0,0.0,0.4593606903931021,,,
1.0,1.0,0.5312811631503789,,,
0.0,0.0,0.4012715037349435,,,
0.0,0.0,0.41632432441869577,,,
1.0,1.0,0.5619016585324291,,,
1.0,0.0,0.48033387909073216,,,
1.0,1.0,0.5507990835527449,,,
0.0,0.0,0.3921271237782531,,,
1.0,0.0,0.4485332544188997,,,
1.0,1.0,0.5889476701316712,,,
1.0,0.0,0.4893956541383083,,,
0.0,1.0,0.7820048831311728,,,
0.0,0.0,0.4087040362430205,,,
0.0,0.0,0.38649644595057686,,,
0.0,0.0,0.3424139000953411,,,
1.0,1.0,0.5380945087758816,,,
0.0,0.0,0.43231637620577235,,,
0.0,0.0,0.35812620123349664,,,
1.0,1.0,0.6877850754859202,,,
0.0,0.0,0.37999077388478525,,,
0.0,0.0,0.4968659177459081,,,
0.0,1.0,0.5504754706687094,,,
1.0,1.0,0.6243261955027726,,,
1.0,0.0,0.43321528315706526,,,
0.0,0.0,0.4385330592235438,,,
1.0,1.0,0.6061837066776471,,,
0.0,0.0,0.46175511295354477,,,
0.0,0.0,0.4237306555414918,,,
0.0,0.0,0.36757778882259257,,,
0.0,0.0,0.4544988799145186,,,
1.0,1.0,0.5165213176774832,,,
1.0,0.0,0.42632309360540793,,,
0.0,0.0,0.408033859452472,,,
1.0,0.0,0.3672784968352863,,,
1.0,0.0,0.44840203351552266,,,
1.0,0.0,0.43508026555168344,,,
0.0,0.0,0.45345054190753276,,,
1.0,0.0,0.46361402157439907,,,
0.0,0.0,0.4576382654393483,,,
0.0,0.0,0.3404052764549227,,,
1.0,0.0,0.4844032722870678,,,
1.0,1.0,0.6653932079821747,,,
0.0,0.0,0.4111409708591993,,,
0.0,0.0,0.464825233120527,,,
1.0,1.0,0.5614325941813557,,,
0.0,0.0,0.40475129329136167,,,
0.0,0.0,0.4095820154892891,,,
0.0,0.0,0.342478688639188,,,
0.0,0.0,0.4335087707493961,,,
1.0,1.0,0.5640944670071166,,,
1.0,1.0,0.522990428948832,,,
0.0,1.0,0.565978291568159,,,
0.0,0.0,0.38560485546981516,,,
1.0,0.0,0.4130731904917285,,,
0.0,0.0,0.37896697559123554,,,
0.0,0.0,0.43399402504900986,,,
1.0,0.0,0.46510282753321547,,,
1.0,1.0,0.7838559046025048,,,
1.0,0.0,0.4769660243055506,,,
0.0,0.0,0.3446679880244902,,,
1.0,1.0,0.5911189755498228,,,
1.0,1.0,0.6749563340628727,,,
1.0,1.0,0.5095429385923489,,,
0.0,0.0,0.4669229918815354,,,
0.0,0.0,0.39014877460075276,,,
0.0,0.0,0.4356347499711913,,,
1.0,0.0,0.4087652604755139,,,
1.0,0.0,0.47998079335198146,,,
1.0,0.0,0.49025711067215944,,,
0.0,0.0,0.3976021576063318,,,
0.0,0.0,0.4261589368106034,,,
0.0,0.0,0.40060895520386613,,,
0.0,1.0,0.5525041035869374,,,
0.0,0.0,0.4012795956430398,,,
0.0,0.0,0.4298143802440995,,,
1.0,0.0,0.42430615311349934,,,
1.0,1.0,0.5467573182143067,,,
0.0,0.0,0.45263323950557227,,,
0.0,1.0,0.515414893920926,,,
0.0,0.0,0.41400119159743076,,,
0.0,0.0,0.416873052550639,,,
0.0,0.0,0.4134321040207556,,,
1.0,1.0,0.5969360095875457,,,
1.0,1.0,0.5662304341901296,,,
1.0,1.0,0.5382854144703014,,,
0.0,0.0,0.3910968440969788,,,
0.0,0.0,0.47805632747635546,,,
0.0,0.0,0.42918170525142907,,,
1.0,0.0,0.498341793620213,,,
1.0,1.0,0.5592500427928483,,,
0.0,0.0,0.40393444278494894,,,
0.0,0.0,0.43191578306464107,,,
1.0,1.0,0.6233717332164795,,,
0.0,0.0,0.3474589091611435,,,
0.0,0.0,0.4360348840400658,,,
0.0,0.0,0.4839255029305111,,,
1.0,1.0,0.5549897456413801,,,
0.0,0.0,0.45045936221078176,,,
0.0,0.0,0.4475828879036466,,,
1.0,1.0,0.5326759251830748,,,
0.0,0.0,0.3798502694931447,,,
0.0,0.0,0.44047693283668066,,,
0.0,0.0,0.40989192795887774,,,
0.0,0.0,0.4002944906895685,,,
1.0,1.0,0.708172184962344,,,
1.0,1.0,0.7039439518546448,,,
1.0,0.0,0.4496217238497345,,,
0.0,0.0,0.4239418892751755,,,
0.0,0.0,0.36882766680059076,,,
0.0,0.0,0.3761169148755423,,,
0.0,0.0,0.4250485402852753,,,
1.0,1.0,0.6383147433980856,,,
0.0,0.0,0.49197076237248144,,,
1.0,1.0,0.5627635697251375,,,
1.0,0.0,0.4525034880537952,,,
1.0,0.0,0.44986682399954153,,,
0.0,0.0,0.3417990034224529,,,
0.0,0.0,0.44827741550127626,,,
0.0,1.0,0.5732097506429861,,,
1.0,1.0,0.574991083486792,,,
1.0,0.0,0.3637660838131738,,,
1.0,0.0,0.49031563498830855,,,
1.0,1.0,0.5570918387424763,,,
1.0,1.0,0.5610525799841088,,,
0.0,0.0,0.34754541984225074,,,
1.0,1.0,0.6039888957155456,,,
0.0,0.0,0.46308154094718623,,,
0.0,0.0,0.4037694386208293,,,
0.0,0.0,0.40683966959086904,,,
1.0,1.0,0.5276950932966029,,,
1.0,0.0,0.4614332836209688,,,
0.0,0.0,0.44809519518425134,,,
0.0,0.0,0.3975596207630644,,,
1.0,0.0,0.3565155370899551,,,
0.0,0.0,0.389583318748855,,,
0.0,0.0,0.3792599883730735,,,
1.0,0.0,0.43485007821896604,,,
1.0,1.0,0.5155330355791659,,,
1.0,1.0,0.5066693237625123,,,
1.0,0.0,0.49969265740040114,,,
1.0,0.0,0.4549251197124845,,,
0.0,0.0,0.28332336512707545,,,
1.0,0.0,0.4427964132494105,,,
0.0,0.0,0.4801029251192166,,,
0.0,0.0,0.3929967987202015,,,
1.0,1.0,0.6899602029239531,,,
0.0,1.0,0.5205462251038764,,,
1.0,1.0,0.5016430600358124,,,
1.0,0.0,0.36857004912222485,,,
0.0,0.0,0.3933964845784031,,,
0.0,0.0,0.4855733292965844,,,
1.0,1.0,0.5229220438123376,,,
1.0,1.0,0.6301753558774452,,,
1.0,0.0,0.40653404065500864,,,
1.0,0.0,0.45396327383088647,,,
1.0,1.0,0.6448721087948366,,,
0.0,0.0,0.45825993584607333,,,
0.0,0.0,0.42979423071700007,,,
0.0,0.0,0.3606407611309315,,,
0.0,0.0,0.3251835382759118,,,
0.0,0.0,0.451981587723689,,,
0.0,0.0,0.39014877460075276,,,
1.0,1.0,0.620017990905803,,,
0.0,0.0,0.4302025240237816,,,
1.0,0.0,0.44341300726109806,,,
1.0,0.0,0.4227775966485556,,,
1.0,0.0,0.38973846759698305,,,
0.0,0.0,0.3847144579272551,,,
0.0,0.0,0.38968736771284984,,,
1.0,0.0,0.4258534388577287,,,
