Molecule ChEMBL ID,MIC,Units,Smiles,Label
CHEMBL2282536,50.0,ug.mL-1,COc1ccc(-c2cc(-c3ccc(Nc4cc(=O)oc5ccccc45)cc3)nc(N)n2)cc1OC,0
CHEMBL3741547,1.6,ug.mL-1,Cc1nn(CC(=O)N2c3ccccc3Sc3ccc(C(F)(F)F)cc32)c(=N)s1,1
CHEMBL1927998,100.0,ug.mL-1,O=C(CCC1CCCCC1)NNC(=S)NC1CCCCC1,0
CHEMBL4456489,12.5,ug.mL-1,c1ccc(-c2cn(C3CCCCc4ccccc43)nn2)nc1,0
CHEMBL1929504,50.0,ug.mL-1,Cc1cccc2c3c([nH]c12)-c1nc(S)ncc1CCC3,0
CHEMBL4438427,100.0,ug.mL-1,Cl.NC1CCOC2(CCN(C(=O)c3ccc([N+](=O)[O-])o3)CC2)C1,0
CHEMBL5279466,0.156,ug.mL-1,Oc1cc(Cn2cc(C3CC3)nn2)ccc1Oc1ccccc1Cl,1
CHEMBL374827,128.0,ug.mL-1,CCCCC/C=C/C/C=C/CCCCCCCC(=O)OC(COC(=O)CCCCCCC)CO[C@@H]1O[C@H](CO)[C@@H](O)[C@H](O)[C@H]1O,0
CHEMBL2177958,0.03,ug.mL-1,COc1ncccc1Nc1cc2nc3ccccc3n(-c3ccc(F)cc3)c-2c/c1=N\C(C)C,1
CHEMBL4176808,3.12,ug.mL-1,Cc1nc(-c2ccc(Cl)cc2)ccc1C(=O)N/N=C/c1ccc(O)cc1,1
CHEMBL1940159,12.5,ug.mL-1,Cc1c(NCc2nnc(Nc3ccccc3)o2)c(=O)n(-c2ccccc2)n1C,0
CHEMBL120501,125.0,ug.mL-1,COc1ccc(/C=C/C(=O)Nc2ccccn2)cc1OC,0
CHEMBL175744,0.2,ug.mL-1,COC(=O)c1c(C)[n+]([O-])c2cc(Cl)c(Cl)cc2[n+]1[O-],1
CHEMBL5630154,0.001,ug.mL-1,CC1(C)CCC(NN2CCN(c3nc(=O)c4cc(C(F)(F)F)cc([N+](=O)[O-])c4s3)CC2)CC1,1
CHEMBL5280617,1.6,ug.mL-1,COc1nc2ccc(C)cc2cc1/C=N/NC(=O)c1ccc(-n2cccc2)cc1,1
CHEMBL2298091,100.0,ug.mL-1,Cc1c(CNC(=O)CCc2c[nH]c3ccc(Cl)cc23)c2cc(OC(F)(F)F)ccc2n1C,0
CHEMBL2430609,1.7,ug.mL-1,N#Cc1c(NC(=O)c2ccc([N+](=O)[O-])s2)[n+]([O-])c2cc(C(F)(F)F)ccc2[n+]1[O-],1
CHEMBL2418306,6.25,ug.mL-1,COc1ccc(N/N=C2\C(=O)Nc3ccc(Cl)cc3C2=O)cc1,1
CHEMBL4852651,1.86,ug.mL-1,CCOC(=O)NC(=O)c1ccsc1NC(=O)c1ccc(C(=O)N2CCCCC2)cc1[N+](=O)[O-],1
CHEMBL3948041,6.25,ug.mL-1,Cc1c(CNCc2ccccc2)nn(-c2ccc(Cl)cc2Cl)c1-c1ccc(Cl)cc1,1
CHEMBL477056,25.0,ug.mL-1,CCOC(=O)C1=NOC(c2ccc(N3CCC(Oc4ccc(OC(F)(F)F)cc4)CC3)cc2)C1,0
CHEMBL4284870,80.0,ug.mL-1,CC1(C)CC(=O)C(=CNc2ccccc2[N+](=O)[O-])C(=O)C1,0
CHEMBL4229062,0.497,ug.mL-1,O=[N+]([O-])c1ccc(CN2CCC(c3ccc(OC(F)(F)F)cc3)CC2)o1,1
CHEMBL554930,1.56,ug.mL-1,Cc1ccc(C2Cc3[nH]c4ccc(F)cc4c3S2)cc1,1
CHEMBL1726503,50.0,ug.mL-1,COC(=O)c1cc2c(ccc3ccccc32)oc1=O,0
CHEMBL5268441,4.0,ug.mL-1,O=C1C(c2ccc(O)cc2)=C2C(=C(c3ccc(O)cc3)C(=O)N2CCc2ccc(O)cc2)c2ccc(O)cc21,1
CHEMBL4852775,32.0,ug.mL-1,NC[C@@H]1OC(=O)N2Cc3cc(N4CCOCC4)ccc3O[C@@H]12,0
CHEMBL1819587,4.5,ug.mL-1,Oc1ccccc1C1CC(c2ccc3[nH]c4c(c3c2)CCCC4)=NN1,1
CHEMBL4874079,0.016,ug.mL-1,O=c1nc(N2CCN(NCc3ccc(C(F)(F)F)cc3)CC2)sc2c([N+](=O)[O-])cc(C(F)(F)F)cc12,1
CHEMBL550014,12.5,ug.mL-1,COc1cc(-c2cc(N3CCN(C)CC3)nc(N)n2)cc(OC)c1OC,0
CHEMBL476188,200.0,ug.mL-1,Cc1nnc(C2=NOC(c3ccc(N4CCN(Cc5ccccc5)CC4)cc3)C2)o1,0
CHEMBL2431662,100.0,ug.mL-1,CC1=C[C@@]2(C)C(=C(C)[C@H]3[C@H]4C[C@@H](C)C[C@@H](C)[C@@H]4[C@@H]4Oc5ccc(cc5)C[C@@H]5C(=O)N(C)C(=O)[C@H]5C(=O)[C@H]2[C@H]43)[C@H]1C,0
CHEMBL2297350,2.0,ug.mL-1,CC(C)c1csc(-c2nnc(S(=O)(=O)Cc3ccccc3C(F)(F)F)o2)n1,1
CHEMBL2046511,6.25,ug.mL-1,CCCCC(O)CN1CCC(COc2ccc(C(=O)c3ccc(Cl)cc3)c(Cl)c2)CC1,1
CHEMBL478678,0.1,ug.mL-1,N#Cc1c(N2CCN(c3ccc([N+](=O)[O-])cc3)CC2)[n+]([O-])c2ccccc2[n+]1[O-],1
CHEMBL5269941,2.0,ug.mL-1,CCc1ccc(OCc2cn(C[C@@]3(C)Cn4cc([N+](=O)[O-])nc4O3)nn2)cc1,1
CHEMBL125724,1.5,ug.mL-1,NNC(=O)c1ccncc1N,1
CHEMBL3805846,12.5,ug.mL-1,O=C(O)CCCCCNc1ncnc2[nH]cnc12,0
CHEMBL1682136,256.0,ug.mL-1,CSc1nc([N+](=O)[O-])cn1CC(OCc1cc(F)cc(F)c1)c1ccc(Cl)cc1Cl,0
CHEMBL267447,3.1,ug.mL-1,CCCc1cc(=O)oc2c3c(c4c(c12)OC(C)(C)C=C4)O[C@H](C)[C@@H](C)[C@@H]3O,1
CHEMBL372795,1.0,ug.mL-1,CN[C@@H]1[C@H](O[C@H]2[C@H](O[C@H]3[C@H](O)[C@@H](O)[C@H](N=C(N)N)[C@@H](O)[C@@H]3N=C(N)N)O[C@@H](C)[C@]2(O)C=O)O[C@@H](CO)[C@H](O)[C@H]1O,1
CHEMBL2235766,200.0,ug.mL-1,Cc1cc(Cl)nc2ccc3c(=O)c(C(=O)NN4C(=O)C(Cl)C4c4cccc([N+](=O)[O-])c4O)c[nH]c3c12,0
CHEMBL2418891,10.0,ug.mL-1,O=[N+]([O-])c1ccc(OCc2nc3ccc(Br)cc3n2S(=O)(=O)c2cc(Cl)ccc2Cl)cc1,1
CHEMBL3099084,50.0,ug.mL-1,OCCCCn1cc(-c2ccc3oc4ccccc4c3c2)nn1,0
CHEMBL450631,6.25,ug.mL-1,Fc1ccc(Cn2cnc3c(-c4ccco4)ncnc32)cc1,1
CHEMBL4848645,0.85,ug.mL-1,CC(=O)NC[C@@H]1OC(=O)N2Cc3cc(-c4ccc(-c5nnn(C)n5)nc4)c(F)cc3O[C@@H]12,1
CHEMBL1945005,8.0,ug.mL-1,O=[N+]([O-])c1cccc(-n2cc(CSc3nc4ccccc4s3)nn2)c1,1
CHEMBL5596847,6.25,ug.mL-1,CCCc1cc(-c2nc(C)c(C(=O)OCc3cn(-c4cccc(OC)c4)nn3)s2)ccn1,1
CHEMBL273920,6.25,ug.mL-1,CCCCc1cc(C)c2cccc(CCCC)c2n1,1
CHEMBL3115454,16.0,ug.mL-1,O=C1C(=O)c2ccccc2C2=C1C(c1ccccc1)c1c(-c3ccc([N+](=O)[O-])cc3)n[nH]c1N2,0
CHEMBL3983986,25.0,ug.mL-1,COc1ccc(NC(=O)/C(C)=N/NC(=O)c2ccc(-n3c(C)ccc3C)cc2)cc1,0
CHEMBL4473101,0.13,ug.mL-1,O=c1c2nc([N+](=O)[O-])cn2ccn1Cc1cccc(OC(F)(F)F)c1,1
CHEMBL4447154,1.0,ug.mL-1,O=C1c2ccccc2C(=O)c2oc(C(=O)N3CCCCC3)cc21,1
CHEMBL4444362,34.0,ug.mL-1,CC(C)c1nc(C(=O)N2CCOCC2)c(-c2ccc3c(c2)OCO3)s1,0
CHEMBL50911,12.5,ug.mL-1,O=C(Nc1ccc(Cl)c2ccccc12)c1ccccc1SSc1ccccc1C(=O)Nc1ccc(Cl)c2ccccc12,0
CHEMBL4228059,0.212,ug.mL-1,O=[N+]([O-])c1ccc(CN2CCC(=NOCc3ccc(C(F)(F)F)cc3)CC2)o1,1
CHEMBL2338297,100.0,ug.mL-1,S=c1[nH]nc(-c2cccnc2SCc2ccccc2)o1,0
CHEMBL490792,6.25,ug.mL-1,CC1=C(C(=O)Nc2ccc(F)cc2)C(c2cccc([N+](=O)[O-])c2)NC(=O)N1,1
CHEMBL332562,250.0,ug.mL-1,NNC(=O)c1c[nH]c(S)n1,0
CHEMBL4876109,25.0,ug.mL-1,O=C1C(CN2CCOCC2)SC(c2ccc(Cl)cc2)N1c1ccc(Cl)cc1,0
CHEMBL4743184,25.0,ug.mL-1,N#C/C(=C\c1ccc(N2CCN(c3ccc(Cl)cc3)CC2)cc1)c1nc2ccccc2[nH]1,0
CHEMBL4073767,5.0,ug.mL-1,C=C1C[C@]23CC[C@@H]4[C@](C)(CCC[C@@]4(C)C(=O)NNc4ccncc4)[C@H]2CC[C@]1(O[C@@H]1O[C@H](COC(C)=O)[C@@H](OC(C)=O)[C@H](OC(C)=O)[C@H]1O[C@@H]1O[C@H](COC(C)=O)[C@@H](OC(C)=O)[C@H](OC(C)=O)[C@H]1O)C3,1
CHEMBL4557266,32.0,ug.mL-1,O=c1c2nc([N+](=O)[O-])cn2cc(-c2ccccc2)n1CCO,0
CHEMBL3091846,100.0,ug.mL-1,NNC(=O)Cc1ccsc1,0
CHEMBL516885,200.0,ug.mL-1,OCC1=NOC(c2ccc(N3CCN(Cc4ccccc4)CC3)cc2)C1,0
CHEMBL466226,12.5,ug.mL-1,Cc1c(CN2CCCCC2)nn(-c2ccc(Cl)cc2Cl)c1-c1ccc(Cl)cc1,0
CHEMBL4874463,25.0,ug.mL-1,CCc1ccc(CCOc2ccc(/C=C3\SC(=S)N(CC(=O)Nc4nc5ccc(C)cc5s4)C3=O)cc2)nc1,0
CHEMBL3786059,3.13,ug.mL-1,CC(=O)O[C@@H](C/C=C(\C)C(=O)O)[C@@H](C)[C@H]1C[C@H](OC(C)=O)[C@@]2(C)C3=C(CC[C@]12C)[C@@]1(C)CC[C@H](OC(C)=O)C(C)(C)[C@@H]1CC3,1
CHEMBL2159981,2.0,ug.mL-1,O=C(O)c1cn(C2CC2)c2cc(N3CCN(Cc4cc5c(cc4[N+](=O)[O-])OCO5)CC3)c(F)cc2c1=O,1
CHEMBL3120563,100.0,ug.mL-1,COc1ccc(NC(=S)Nc2cccc(Cl)c2)cc1,0
CHEMBL232269,6.25,ug.mL-1,COC(=O)CSc1nnc(Cc2csc(NC(C)=O)n2)n1NC(=O)c1cccc([N+](=O)[O-])c1,1
CHEMBL5437524,64.0,ug.mL-1,Cc1ccc(NCC(=O)N[C@H]2CC[C@H](C)CC2)cc1,0
CHEMBL3787657,50.0,ug.mL-1,CC(=O)O[C@@H]1CC[C@]2(C)C3=CC[C@]4(C)[C@@H]([C@H](C)CC/C=C(\C)C(=O)O)CC[C@@]4(C)C3=CC[C@H]2C1(C)C,0
CHEMBL1077686,3.9,ug.mL-1,N=C1NC[C@H](Cc2ccccc2)N1CC1CCCN1C[C@H](Cc1ccccc1)N1C[C@H](Cc2ccccc2)N(CCc2ccc(Cl)c(Cl)c2)C1=N,1
CHEMBL3098612,59.4,ug.mL-1,CC(=O)O[C@@H](CC[C@@H](C)[C@@H]1CCC(C)=C[C@H]1O)[C@](C)(O)CCC=C(C)C,0
CHEMBL3417015,25.0,ug.mL-1,Cc1ccc(-c2nc3sc(-c4ccc(Cl)cc4)nn3c2-c2nc3cc(Cl)ccc3[nH]2)cc1,0
CHEMBL3099148,25.0,ug.mL-1,C/C(=N\NC(=O)c1ccc(C)cc1)c1ccc(-n2c(C)ccc2C)cc1,0
CHEMBL3797686,1.0,ug.mL-1,Cc1ccc(CNCc2cc(C)n(-c3ccc(Cl)cc3)c2C)cc1,1
CHEMBL1797382,6.25,ug.mL-1,CO[C@H]1CCC(=O)c2cccc(O)c21,1
CHEMBL551070,64.0,ug.mL-1,CC1=NN(c2ccc(Cl)cc2)C(=O)/C1=C\N1CCN(c2ccccc2)CC1,0
CHEMBL4875456,100.0,ug.mL-1,O=C1OC(Cn2cc(-c3ccccc3)nn2)Cc2cn(Cc3ccccc3)c3cccc1c23,0
CHEMBL3099095,50.0,ug.mL-1,CC(c1ccc2oc3ccccc3c2c1)n1cc(-c2ccc3oc4ccccc4c3c2)nn1,0
CHEMBL477060,200.0,ug.mL-1,CCCCCCNC(=O)N1CCN(c2ccc(C3CC(C(=O)O)=NO3)cc2)CC1,0
CHEMBL2282802,25.0,ug.mL-1,CCN(CC)c1ccc2cc(-c3nc4sc(S(=O)(=O)/N=C/N(C)C)nn4c3C#N)c(=O)oc2c1,0
CHEMBL1200558,256.0,ug.mL-1,CC[C@H](C)[C@H](N)C1=N[C@H](C(=O)N[C@@H](CC(C)C)C(=O)N[C@H](CCC(=O)O)C(=O)N[C@H](C(=O)N[C@H]2CCCCNC(=O)[C@H](CC(N)=O)NC(=O)[C@@H](CC(=O)O)NC(=O)[C@H](Cc3cnc[nH]3)NC(=O)[C@@H](Cc3ccccc3)NC(=O)[C@H]([C@@H](C)CC)NC(=O)[C@@H](CCCN)NC2=O)[C@@H](C)CC)CS1,0
CHEMBL3617215,100.0,ug.mL-1,C=C(C)CNC(=S)Nc1cccc(C(F)(F)F)c1,0
CHEMBL4849168,8.0,ug.mL-1,CC(C)=CCC/C(C)=C/CC/C(C)=C/CN1CCCCC1,1
CHEMBL4793209,8.0,ug.mL-1,COc1ccc(Nc2nnnn2-c2ccccc2Cl)cc1,1
CHEMBL2035143,1.0,ug.mL-1,Cn1c(=O)n(C)c(=O)n(CCCS(=O)(=O)CC(N)=O)c1=O,1
CHEMBL4159375,6.25,ug.mL-1,COc1ccc(-n2cc(C3C4=C(CCCC4=O)Oc4ccc5ccccc5c43)nn2)cc1,1
CHEMBL3298742,4.7,ug.mL-1,O=[N+]([O-])c1ccc(N2CN3C(=C(O)[C@H]2c2cccc([N+](=O)[O-])c2)Nc2ccccc23)cc1,1
CHEMBL186487,0.2,ug.mL-1,C=C(C=O)c1c2c(nc3ccccc13)C(=O)c1ccccc1C2=O,1
CHEMBL3754034,500.0,ug.mL-1,C[C@H](O)[C@H](O)[C@@H](O)[C@@H](O)CNC1CCCCCCC1,0
CHEMBL2153813,1.6,ug.mL-1,Clc1ccc(-c2nnc(-c3cc(Br)c(Br)[nH]3)o2)c(Cl)c1,1
CHEMBL3091828,15.0,ug.mL-1,NNC(=O)c1nc2ccccc2[nH]1,0
CHEMBL3786798,1.56,ug.mL-1,CC(=O)O[C@H]1CC[C@]2(C)C3=C([C@H](O)C[C@H]2C1(C)C)[C@]1(C)[C@@H](OC(C)=O)C[C@H]([C@H](C)CC/C=C(\C)C(=O)O)[C@@]1(C)CC3,1
CHEMBL2151455,54.5,ug.mL-1,Sc1nnc(-c2cc(Br)c(Br)[nH]2)o1,0
CHEMBL5280482,8.0,ug.mL-1,CCCCCCCCC(=O)N1CCC(C2c3ccccc3-c3ccccc32)C1,1
CHEMBL2282286,250.0,ug.mL-1,Clc1ccc(-c2nnc(-c3cccnc3)n2Nc2nc3ccc(Cl)cc3s2)cc1,0
CHEMBL4867562,100.0,ug.mL-1,COc1cc(-c2cc(-c3ccc(Cl)cc3)nc(NC(=O)NN3C(=O)CSC3c3ccccc3O)n2)cc(OC)c1OC,0
CHEMBL4750193,0.016,ug.mL-1,CC(c1cccc(F)c1)N1CC2(CCN(c3nc(=O)c4cc(C(F)(F)F)cc([N+](=O)[O-])c4s3)CC2)C1,1
CHEMBL4096266,4.0,ug.mL-1,c1cc2c[n+](c1)CCCCCCCCCCCCCc1ccc[n+](c1)CCCCCCCCCCCCC2,1
CHEMBL549901,3.13,ug.mL-1,Fc1ccc(Cn2c(-c3ccc(-n4cncn4)cc3)nc3c(F)cc(F)cc32)cc1,1
CHEMBL1287833,6.25,ug.mL-1,CN1CCN(c2ccc(C(=O)C3CC3c3ccc(Cl)cc3)cc2)CC1,1
CHEMBL4585119,12.5,ug.mL-1,COc1ccc2cc1Oc1cc(ccc1OC)CCC(NC/C=C(\C)CCC=C(C)C)CCCC2,0
CHEMBL5612955,1.43,ug.mL-1,CC(=O)NC[C@@H]1OC(=O)N2Cc3cc(-c4ccn5ncnc5c4)c(F)cc3O[C@@H]12,1
CHEMBL3417607,1.57,ug.mL-1,CSc1ccc(C(c2ccc(OCCN(C(C)C)C(C)C)cc2)c2cccs2)cc1,1
CHEMBL484198,3.8,ug.mL-1,CC[C@@H](CC[C@@H](C)[C@H]1CC[C@H]2[C@@H]3C(C=O)=C4C[C@@H](O)CC[C@]4(C)[C@H]3CC[C@]12C)C(C)C,1
CHEMBL3828663,25.0,ug.mL-1,Cc1c(C(=O)CN2CCCCC2)[n+]([O-])c2ccccc2[n+]1[O-],0
CHEMBL2030787,3.13,ug.mL-1,COc1ccccc1NS(=O)(=O)c1ccc([N+](=O)[O-])cc1[N+](=O)[O-],1
CHEMBL3354899,12.5,ug.mL-1,COc1ccccc1-c1ccc2nc(C(=O)NCc3ccncc3)cn2c1,0
CHEMBL3915019,1.25,ug.mL-1,O=C(CN1C(=O)C2(OCCO2)c2ccccc21)c1cccc([N+](=O)[O-])c1,1
CHEMBL160599,0.2,ug.mL-1,C/C(=N\NC(=O)c1ccncc1)c1ccc(Cl)c(Cl)c1,1
CHEMBL19181,12.5,ug.mL-1,Clc1nc(-c2ccccc2)c2ncn(Cc3ccccc3)c2n1,0
CHEMBL1092306,2.606,ug.mL-1,Cc1c(C(=O)NCc2ccccc2)[n+]([O-])c2ccccc2[n+]1[O-],1
CHEMBL4278152,64.0,ug.mL-1,COc1ccc(-n2cc(COc3cccc(-n4c(C)nc5ccccc5c4=O)c3)nn2)cc1,0
CHEMBL1255053,1.25,ug.mL-1,CCCCCOc1ccc(/C=C/c2cc(/C=C/c3ccc(O)c(OC)c3)on2)cc1OC,1
CHEMBL228788,6.25,ug.mL-1,O=C1/C(=N\NC(=S)NC2CCCCC2)c2cc([N+](=O)[O-])ccc2N1CN1CCOCC1,1
CHEMBL392193,15.0,ug.mL-1,COc1c(C)cc(Cl)c2c1C(=O)C=CC2=O,0
CHEMBL1086760,100.0,ug.mL-1,COc1cc(CCCCC(=O)CCc2ccc(O)c(OC)c2)ccc1O,0
CHEMBL301576,12.5,ug.mL-1,COC1=C(OC)/C(=C/Cn2cnc3c(N)ncnc32)OC1=O,0
CHEMBL1669325,50.0,ug.mL-1,CN(C)C(=S)S[C@@H]1O[C@H](CO)[C@@H](O)[C@H](O)[C@H]1N,0
CHEMBL1254269,25.0,ug.mL-1,O=C(CCCCCCCCc1ccccc1)c1c(O)cccc1O,0
CHEMBL1210397,3.12,ug.mL-1,CCCCNc1nc(NNC(=O)c2ccncc2)nc(N2CCCCC2)n1,1
CHEMBL1276537,500.0,ug.mL-1,COc1ccc(C2C(C#N)=C(N)Oc3ccccc32)cc1,0
CHEMBL179792,16.0,ug.mL-1,O=C(CN(/N=C/c1cccc(Cl)c1)C(=O)c1ccncc1)N1CCN(c2ccc(Cl)cc2)CC1,0
CHEMBL3883226,2.0,ug.mL-1,COc1cc(NC(C)CCCNC(=O)Nc2cccc(C(F)(F)F)c2)c2ncccc2c1,1
CHEMBL1910812,16.0,ug.mL-1,CSCCC(NC(=O)NC(Cc1c[nH]c2ccccc12)C(=O)O)C(=O)NC(C(=O)N/C=C1\C[C@@H](O)[C@H](n2ccc(=O)[nH]c2=O)O1)C(C)N(C)C(=O)C(Cc1cccc(O)c1)NC(=O)c1ccccc1,0
CHEMBL4534826,128.0,ug.mL-1,Fc1cc(F)cc(-c2ccc3c(N4CCN(Cc5noc(C6CCCC6)n5)CC4)ccnc3c2)c1,0
CHEMBL476469,6.25,ug.mL-1,CCOC(=O)C1=NOC(c2ccc(N3CCN(C(=O)Nc4ccccc4)CC3)cc2)C1,1
CHEMBL5220880,1.56,ug.mL-1,N#Cc1ccc(Cn2cc(CNC(=O)c3cn4cccnc4n3)nn2)cc1,1
CHEMBL3828363,50.0,ug.mL-1,Cc1c(C(=O)CNc2nccs2)[n+]([O-])c2ccccc2[n+]1[O-],0
CHEMBL1093794,6.25,ug.mL-1,C/C(=N\NC(=S)Nc1ccc(Br)cc1)c1ccc([N+](=O)[O-])cc1,1
CHEMBL4556191,0.016,ug.mL-1,CCc1nc2ccc(Cl)cn2c1C(=O)NCCOc1ccc(N2CCN(c3ccc(F)cc3)CC2)cc1,1
CHEMBL3338560,25.0,ug.mL-1,O=[N+]([O-])c1ccc(S(=O)(=O)N2CCN(c3noc4cc(Cl)ccc34)CC2)cc1,0
CHEMBL2338603,12.5,ug.mL-1,CC(C)c1ccc(NCC(O)COc2ccc3c(c2)OC2(CCN(C(=O)OC(C)(C)C)CC2)CC3=O)cc1,0
CHEMBL473886,63.0,ug.mL-1,CC(C)=CCOc1ccc(/C=C/C(=O)NCCc2c[nH]c3ccccc23)cc1,0
CHEMBL474513,12.5,ug.mL-1,O=C1/C(=C/c2ccc(OCc3ccccc3)cc2)CCC/C1=C\c1ccc(OCc2ccccc2)cc1,0
CHEMBL5597483,32.0,ug.mL-1,CCCS(=O)(=O)c1nc2c(c(=O)[nH]1)[C@H](c1ccc(OC)cc1[N+](=O)[O-])CC(=O)N2,0
CHEMBL2282199,100.0,ug.mL-1,O=C1CSC(c2cc3ccccc3nc2Cl)N1c1cccc([N+](=O)[O-])c1,0
CHEMBL1944999,16.0,ug.mL-1,Clc1ccccc1-n1cc(CSc2nc3ccccc3s2)nn1,0
CHEMBL202341,12.5,ug.mL-1,CCN(CC)CCCC(C)Nc1nc(-c2ccc(O)cc2)cc(-c2cc(OC)ccc2OC)n1,0
CHEMBL4160294,6.25,ug.mL-1,O=C(NCCCn1ncc2ccc([N+](=O)[O-])cc21)N1C(=O)C(Cl)C1c1cccc(Br)c1,1
CHEMBL516474,3.52,ug.mL-1,CN1C/C(=C\c2ccco2)C(=O)[C@]2(C1)[C@@H](c1ccco1)CN(C)[C@@]21C(=O)Nc2ccccc21,1
CHEMBL71,4.0,ug.mL-1,CN(C)CCCN1c2ccccc2Sc2ccc(Cl)cc21,1
CHEMBL449639,25.0,ug.mL-1,C/C=C/CC[C@@H]1Cc2cc(O)c(CCCC)c(O)c2C(=O)O1,0
CHEMBL5267105,1.6,ug.mL-1,O=c1cc(Cn2cc(Cn3cnn(-c4ccccc4)c3=O)nn2)c2c(ccc3ccccc32)o1,1
CHEMBL3297970,0.7,ug.mL-1,Brc1cncnc1-c1cccs1,1
CHEMBL2177978,0.03,ug.mL-1,CC(C)/N=c1\cc2n(-c3ccc(F)cc3)c3ccccc3nc-2cc1Nc1cccnc1,1
CHEMBL3746745,50.0,ug.mL-1,Cc1ccc(C)n1-c1ccccc1NC(=S)Nc1ccccc1,0
CHEMBL551631,12.5,ug.mL-1,c1cn(CCCn2ccnc2)cn1,0
CHEMBL1783338,25.0,ug.mL-1,CC(C)CCO[C@@H]1C=C(CO)C(=O)[C@@H](COC(=O)C(C)(C)C)O1,0
CHEMBL321621,50.0,ug.mL-1,CCn1c2ccccc2c2cc(C3SC(C)C(=O)N3C(Cc3c[nH]c4ccccc34)C(=O)O)ccc21,0
CHEMBL5434793,0.25,ug.mL-1,C[C@@H]1[C@H]2C[C@@H](C[C@H]1NC(=O)CNc1ccccc1Cl)C2(C)C,1
CHEMBL4162541,200.0,ug.mL-1,Cc1ccc(CSc2nc(N)c3c4c(sc3n2)CC(C(C)(C)C)CC4)o1,0
CHEMBL3597546,23.8,ug.mL-1,CCCCCCC[C@@H]1CC(=O)N[C@@H](C(C)C)C(=O)N[C@H]([C@@H](O)C(C)C)C(=O)N[C@@H](C)C(=O)N[C@H]([C@@H](O)C(C)C)C(=O)N[C@@H](CCC(N)=O)C(=O)N(C)[C@@H]([C@@H](C)CC)C(=O)N[C@H](CC(N)=O)C(=O)N[C@@H]([C@@H](C)O)C(=O)N2CCC[C@H]2C(=O)N[C@H](CC(C)C)C(=O)N[C@@H]([C@@H](C)O)C(=O)N1,0
CHEMBL2393051,12.5,ug.mL-1,CC(C)=C[C@H]1C[C@H](C)[C@]2(CC[C@]3(C)C[C@@H]4C(C)=CC(=O)[C@]4(O)/C(C=O)=C\C[C@H]32)O1,0
CHEMBL3618261,50.0,ug.mL-1,Cc1nn2c(COCc3cn(Cc4ccccc4F)nn3)c(-c3ccc(Cl)cc3)nc2s1,0
CHEMBL3912981,25.0,ug.mL-1,CN(C)CCCNC(=O)c1cc(-c2ccc(Cl)cc2)n(-c2ccc(Cl)cc2)n1,0
CHEMBL4545867,2.0,ug.mL-1,CCOC(=O)c1c(-c2ccccc2)oc2ccc(OCCCCCCN3C(=O)C(=O)c4ccccc43)cc12,1
CHEMBL3747541,25.0,ug.mL-1,O=C1CSCCN1c1ccc(CO[C@@H]2COc3nc([N+](=O)[O-])cn3C2)cc1,0
CHEMBL3126160,25.0,ug.mL-1,O=C(NCc1ccccc1)Nc1cc2nc(C3CCCCC3)[nH]c2cc1N1CCCC1,0
CHEMBL3740367,0.3,ug.mL-1,Cc1c(C(F)(F)F)cc2nc(C(=O)NCc3ccccn3)sc2c1[N+](=O)[O-],1
CHEMBL4551403,25.0,ug.mL-1,COc1ccc2cc1Oc1cc(ccc1OC)CCC(NCCc1ccc(F)cc1)CCCC2,0
CHEMBL249633,12.5,ug.mL-1,CN(C)CCOc1ccc(C(c2ccccc2)c2ccc(F)cc2)c2ccccc12,0
CHEMBL4161190,16.0,ug.mL-1,COc1cc(NC(C)CCCNC(=O)/C=C/c2cc(C(F)(F)F)cc(C(F)(F)F)c2)c2ncccc2c1,0
CHEMBL3394163,32.0,ug.mL-1,N#Cc1c(-c2ccc(C(=O)O)cc2)c2c([nH]c1=O)-c1cccc(O)c1CC2,0
CHEMBL2392737,1.56,ug.mL-1,CC(C)c1nnc(NC(=O)NC2C3CC4CC(C3)CC2C4)o1,1
CHEMBL1834610,1000.0,ug.mL-1,CC1=C(c2nnc(/N=C3\C(=O)Nc4ccc(I)cc43)s2)C(c2ccccc2)NC(=S)N1,0
CHEMBL5421695,16.0,ug.mL-1,COc1ccc(-c2ccn(-c3ccc(NC(=S)Nc4ccc(F)cc4F)cc3)n2)cc1OC,0
CHEMBL1242527,3.2,ug.mL-1,CCn1cc(C(=O)N2N=C(c3cc4ccccc4o3)CC2c2ccc(O)cc2)c(=O)c2ccc(C)nc21,1
CHEMBL4437932,1.95,ug.mL-1,CN(C)C(=O)/C=C/C(=O)c1cccc(C(F)(F)F)c1,1
CHEMBL509458,1.56,ug.mL-1,CCOC(=O)c1c(-c2ccccc2)[n+]([O-])c2cc(F)c(F)cc2[n+]1[O-],1
CHEMBL482179,9.0,ug.mL-1,CCC[C@H](CN(O)C=O)C(=O)N1CCC[C@H]1c1nc2ccccc2[nH]1,1
CHEMBL5596174,4.0,ug.mL-1,CCCSc1nc2c(c(=O)[nH]1)C(c1ccc(OC)cc1O)CC(=O)N2,1
CHEMBL2348006,2.0,ug.mL-1,O=C1C2=Nc3ccncc3CN2c2ccc(OC(F)(F)F)cc21,1
CHEMBL1276340,250.0,ug.mL-1,COc1ccc(C2c3ccc4cccnc4c3OC3NC(=O)N=C(N)C32)cc1,0
CHEMBL3247269,10.0,ug.mL-1,Cn1c(/C=C/[N+](=O)[O-])cnc1[N+](=O)[O-],1
CHEMBL1276329,62.5,ug.mL-1,COc1cc(C2Nn3c(nnc3-c3nc(C(C)C)cs3)S2)cc(OC)c1OC,0
CHEMBL253100,1.25,ug.mL-1,COc1ccc(-c2nc3sc(S(N)(=O)=O)nn3c2-c2ccc(OC)cc2)cc1,1
CHEMBL34671,50.0,ug.mL-1,CN1CCN(c2c(F)cc3c(=O)c(C(=O)O)cn(N4CC4c4ccccc4)c3c2F)CC1,0
CHEMBL4571065,25.0,ug.mL-1,Cc1cc(C)c(Cn2cc(C3=C(Cl)c4ccc(-c5cccs5)nc4CC3)nn2)c(C)c1,0
CHEMBL3884106,2.0,ug.mL-1,O=[N+]([O-])c1ccc(C2=Nn3c(nnc3-c3ccc(Br)cc3)SC2)cc1,1
CHEMBL1276598,250.0,ug.mL-1,COc1ccc(C2C(C#N)=C(N)Oc3c2ccc2cccnc32)cc1,0
CHEMBL441410,25.6,ug.mL-1,CCNCc1cccc(Cl)c1.Cl,0
CHEMBL3358773,6.2,ug.mL-1,Cc1cc2nc(CCCc3ccccc3)[nH]c2cc1C,1
CHEMBL1823334,100.0,ug.mL-1,C=Cc1cn(-c2ccc([N+](=O)[O-])cc2)nn1,0
CHEMBL2235895,25.0,ug.mL-1,COc1ccc(N2CCN(c3nc(Nc4ccc(C#N)c(C(F)(F)F)c4)nc(Oc4ncnc5ccccc45)n3)CC2)cc1,0
CHEMBL3238159,0.25,ug.mL-1,C[C@H]1[C@@H](OCCNC2CCN(c3c(F)cc4c(=O)c(C(=O)O)cn(C5CC5)c4c3Cl)C2)O[C@@H]2O[C@@]3(C)CC[C@H]4[C@H](C)CC[C@@H]1[C@@]24OO3,1
CHEMBL2297348,4.0,ug.mL-1,CC(C)c1csc(-c2nnc(S(=O)(=O)Cc3ccc(Cl)cc3)o2)n1,1
CHEMBL249432,6.25,ug.mL-1,CN(C)CCOc1ccc(C(c2ccccc2)c2ccccc2)c2ccccc12,1
CHEMBL4530255,4.0,ug.mL-1,O=C(O)/C=C/C(=O)c1ccc2c(c1)CCO2,1
CHEMBL4125950,25.0,ug.mL-1,CC(=O)O[C@H]1C[C@H]([C@H](C)CC/C=C(\C)C(=O)O)[C@@]2(C)CC=C3C(=CC[C@H]4C(C)(C)[C@H](O)CC[C@]34C)[C@]12C,0
CHEMBL5220602,2.0,ug.mL-1,CC1=CN([C@H]2C[C@H](O)[C@@H](Cn3nnc(C(=O)c4ccc(Cl)cc4)c3-c3ccc(F)cc3)O2)C(=O)CC1=O,1
CHEMBL1290161,6.25,ug.mL-1,COc1ccc(/C(=C\Sc2ccc(Cl)cc2)n2cc(Sc3ccc(Cl)cc3)c(-c3ccc(OC)cc3)n2)cc1,1
CHEMBL490289,0.2,ug.mL-1,N#Cc1c(-c2ccc(F)cc2)[n+]([O-])c2ccc(C(F)(F)F)cc2[n+]1[O-],1
CHEMBL4225956,3.059,ug.mL-1,CC(C)(C)OC(=O)CN1CCN(Cc2ccc([N+](=O)[O-])o2)CC1,1
CHEMBL1783301,25.0,ug.mL-1,O=C1C=C[C@@H](OCC2CC2)O[C@@H]1CO,0
CHEMBL3099184,25.0,ug.mL-1,C/C(=N\NC(=O)COc1ccc(O)cc1)c1ccc(-n2cccc2)cc1,0
CHEMBL5425045,128.0,ug.mL-1,CCC/C=C/C=C/C=C/[C@@H](O)C[C@]1(O)O[C@H](C[C@H](O)[C@@H](O)[C@H](O)[C@H]2OC(=O)[C@@H](C)[C@@H]2O)[C@@H](O)[C@H](O)[C@@H]1O,0
CHEMBL234760,3.13,ug.mL-1,CC(C)=CCC/C(C)=C/CC/C(C)=C/CC/C(C)=C/Cn1cnc2c1C(=N)N(C)CN2C,1
CHEMBL1289404,6.25,ug.mL-1,Cc1ccc(/C(=C/SC2CCCCC2)n2cc(SC3CCCCC3)c(-c3ccc(C)cc3)n2)cc1,1
CHEMBL1669614,6.25,ug.mL-1,O=C1CCCc2nc(-c3ccc(Br)s3)ccc21,1
CHEMBL5219818,1.6,ug.mL-1,COc1ccc(Cn2cc(CNC(=O)c3cc4cc(OC)ccc4nc3Cl)nn2)cc1,1
CHEMBL2018939,8.0,ug.mL-1,CC1=C(C(=O)Nc2ccc(Cl)cc2)C(c2cn(-c3ccccc3)nc2-c2ccccc2)NC(=S)N1,1
CHEMBL3746026,0.78,ug.mL-1,O=[N+]([O-])c1cn2c(n1)OC[C@@H](OCc1ccc(N3CCCCC3)nc1)C2,1
CHEMBL2147094,50.0,ug.mL-1,O=[N+]([O-])c1ccc(C2=NOC(c3ccc(N4CCOCC4)c(F)c3)C2)o1,0
CHEMBL1258113,0.125,ug.mL-1,CCOC(=O)C1=C(C)NC(=S)NC1c1cn(-c2ccccc2)nc1-c1ccc(Cl)cc1,1
CHEMBL118004,1.0,ug.mL-1,CCCCCC(CC)OC(=O)c1cnc(Cl)cn1,1
CHEMBL5265791,16.0,ug.mL-1,CC(C)(C)n1cc(C(=O)O)c(=O)c2cc(F)c(C#Cc3ccccc3)cc21,0
CHEMBL3358748,100.0,ug.mL-1,CN1C(=O)C(C2C3=C(CC(C)(C)CC3=O)Oc3ccc(Br)cc32)C(=O)N(C)C1=O,0
CHEMBL4447641,32.0,ug.mL-1,Cc1nc(OCc2ccc(OC(F)(F)F)cc2)c2nc([N+](=O)[O-])cn2c1C,0
CHEMBL454129,25.0,ug.mL-1,CC1(C)OC2=C(C(=O)C(=O)c3ccccc32)C1n1cc(-c2ccccc2)nn1,0
CHEMBL4174089,0.55,ug.mL-1,CC[C@@H](C)[C@@H](C(=O)N[C@@H]1C(=O)N(C)[C@@H]([C@@H](C)O)C(=O)N[C@@H](C(C)C)C(=O)N(C)[C@@H](CC(C)C)C(=O)N[C@@H](C(C)C)C(=O)N(C)[C@@H](C(C)C)C(=O)N(C)[C@@H](Cc2c[nH]c3cccc(OC)c23)C(=O)N[C@@H](C(C)C)C(=O)N[C@@H](Cc2ccccc2)C(=O)N[C@@H](C(C)C)C(=O)O[C@@H]1C)N(C)C(=O)[C@@H](NC(=O)[C@H](C(C)C)N(C)C)C(C)C,1
CHEMBL200787,25.0,ug.mL-1,COc1ccc(-c2cc(-c3ccc(O)cc3)nc(NCCCN3CCOCC3)n2)cc1OC,0
CHEMBL4461813,3.12,ug.mL-1,COc1cccc(Cn2cc(C3=C(Cl)c4ccc(-c5cccs5)nc4CC3)nn2)c1,1
CHEMBL1564,64.0,ug.mL-1,CN1CCC(OC(c2ccccc2)c2ccccc2)CC1.Cl,0
CHEMBL4847410,1.0,ug.mL-1,COC(=O)c1cc(-c2cccc(NC(=O)c3ccc(/C=C/C(=O)c4ccccc4Br)cc3)c2)on1,1
CHEMBL2425286,200.0,ug.mL-1,CCOc1ccc(NC(=S)Nc2ccc(-c3nc(Oc4cccc(C)c4)c4ccccc4n3)cc2)cc1,0
CHEMBL3338547,50.0,ug.mL-1,O=S(=O)(c1ccc(OC(F)(F)F)cc1)N1CCN(c2noc3ccccc23)CC1,0
CHEMBL5280934,0.5,ug.mL-1,C[C@]1(Cn2cc(COc3cccc(Cl)c3)nn2)Cn2cc([N+](=O)[O-])nc2O1,1
CHEMBL592365,2.5,ug.mL-1,CN(C)C(=O)C[C@H](CSc1ccccc1)Nc1c(C(=O)N/N=C/c2ccccc2F)cnc2c(C(F)(F)F)cccc12,1
CHEMBL3753801,10.0,ug.mL-1,NC(=S)N/N=C/c1c(C(=O)O)[nH]c2ccc(Cl)cc12,1
CHEMBL4437076,50.0,ug.mL-1,COc1ccc(-c2cn3cc(C4=CCN(C(=O)C5CCCCC5)CC4)ccc3n2)cc1OC,0
CHEMBL3618249,12.5,ug.mL-1,COc1ccc(-c2nc3sc(C)nn3c2COCc2cn(Cc3ccc(F)cc3)nn2)cc1,0
CHEMBL564338,32.0,ug.mL-1,CC1=NN(c2ccc(Cl)cc2)C(=O)/C1=C\N1CCN(c2ccco2)CC1,0
CHEMBL4083539,0.039,ug.mL-1,CCC12CC3CC(C1)CC(NC(=O)c1cc4c(C)cc(C)cc4[nH]1)(C3)C2,1
CHEMBL3885081,6.82,ug.mL-1,Clc1ccc(-c2nnc3sc(COc4ccc(Br)cc4)nn23)cc1,1
CHEMBL4288148,80.0,ug.mL-1,CC1(C)CC(=O)C(=CNc2ccccc2C(F)(F)F)C(=O)C1,0
CHEMBL4869376,32.0,ug.mL-1,Cc1ccc2sc(NC(=O)c3ccsc3NC(=O)c3ccc(C(=O)N4CCCCC4)cc3)nc2c1,0
CHEMBL4633393,25.0,ug.mL-1,CCCCCCCCC[S@+]([O-])CC(=O)OC,0
CHEMBL127312,128.0,ug.mL-1,Cc1cc(C(C)(C)C)c(OC(=O)c2cnccn2)c(C(C)(C)C)c1,0
CHEMBL4072257,2.7,ug.mL-1,C=CCN1C(=O)/C(=N\NC(=O)c2ccncc2)c2ccccc21,1
CHEMBL463859,1.2,ug.mL-1,O=CN(O)C[C@@H](CC1CC1)C(=O)N1CCC[C@H]1c1nc2ccccc2o1,1
CHEMBL2418317,6.25,ug.mL-1,O=C1Nc2cc([N+](=O)[O-])ccc2C(=O)/C1=N/Nc1ccc(F)cc1,1
CHEMBL3358777,12.5,ug.mL-1,c1ccc(-c2ccnc(-c3nc4ccccc4[nH]3)c2)cc1,0
CHEMBL2281710,3.125,ug.mL-1,O=C(NNC(=O)c1ccc(-n2cccc2)cc1)c1ccc(Br)cc1,1
CHEMBL3236832,3.12,ug.mL-1,O=C(Cn1cc(-c2cc3ccccc3c3ccccc23)nn1)NC12CC3CC(CC(C3)C1)C2,1
CHEMBL5197022,2.7,ug.mL-1,COc1nc(C2CCOCC2)ccc1[C@@H](c1ccccc1)[C@@](O)(CCN(C)C)c1cccc2ccccc12,1
CHEMBL1829181,2.0,ug.mL-1,O=C(N/N=C/N1CCN(c2cc3c(cc2F)c(=O)c(C(=O)O)cn3C2CC2)CC1)c1cccc(C(F)(F)F)c1,1
CHEMBL4846900,0.26,ug.mL-1,N#Cc1ccc(-c2cc3c(cc2F)O[C@H]2[C@H](CN)OC(=O)N2C3)cn1,1
CHEMBL2046494,5.2,ug.mL-1,CCCCC(O)CN1CCC(COc2cccc(C(=O)c3ccc(Cl)cc3)c2)CC1,1
CHEMBL1210293,3.12,ug.mL-1,CC(C)Nc1nc(NNC(=O)c2ccncc2)nc(N2CCc3ccccc3C2)n1,1
CHEMBL4463660,64.0,ug.mL-1,Cc1cc(-n2cc(CNc3ccc4c(=O)n(-c5ccccc5)c(C)nc4c3)nn2)ccc1[N+](=O)[O-],0
CHEMBL181529,1.56,ug.mL-1,COc1cc(/C=C/c2cc(/C=C/c3ccc(O)c(OC)c3)on2)ccc1O,1
CHEMBL584555,12.5,ug.mL-1,N#Cc1ccc2c(c1)CC(Cn1cc(-c3ccccc3)nn1)O2,0
CHEMBL5291250,40.0,ug.mL-1,Oc1cc2ccc1Oc1ccc(cc1)CCc1ccc(c(O)c1)Oc1ccc(cc1)CC2,0
CHEMBL472384,16.0,ug.mL-1,CCOC(=O)C1=C(O)CC(c2ccccc2)N(C(=O)CCl)C1c1ccccc1,0
CHEMBL407311,0.5,ug.mL-1,COC1/C=C/OC2(C)Oc3c(C)c(O)c4c(O)c(c5scnc5c4c3C2=O)NC(=O)/C(C)=C\C=C\C(C)C(O)C(C)C(O)C(C)C(O)C1C,1
CHEMBL434750,64.0,ug.mL-1,CC(C)[C@@H](C)/C=C/[C@@H](C)[C@H]1CC[C@@H]2[C@]1(C)CC[C@H]1[C@]23C=C[C@]2(C[C@@H](O)CC[C@]12C)OO3,0
CHEMBL5274313,9.08,ug.mL-1,CCOC(=O)c1ccsc1NC(=O)[C@@H]1CCCN1,1
CHEMBL4285136,80.0,ug.mL-1,O=C1CCC(=O)C1=CNc1ccc([N+](=O)[O-])cc1Cl,0
CHEMBL1095526,6.25,ug.mL-1,CC1(C)OC2=C(C(=O)C(=O)c3ccccc32)[C@H](n2cc(-c3ccc(Br)cc3)nn2)[C@H]1Br,1
CHEMBL3331324,4.0,ug.mL-1,CCO/N=C1/CN(c2nc3c(cc2F)c(=O)c(C(=O)O)cn3[C@@H]2C[C@@H]2F)[C@@H]1CN,1
CHEMBL4447398,8.0,ug.mL-1,CCOC(=O)c1c(-c2ccc(F)cc2)oc2ccc(OCCCN3C(=O)/C(=N/O)c4ccccc43)cc12,1
CHEMBL2024258,12.5,ug.mL-1,COc1ccccc1C(=O)CC(N[C@@H](C)c1ccccc1)C(=O)O,0
CHEMBL2430774,25.0,ug.mL-1,COC(=O)/C(=C/c1ccc(Br)cc1)CN1C(=O)C(=O)c2ccccc21,0
CHEMBL4174475,6.24,ug.mL-1,Cc1nc(-c2cccc(Cl)c2)ccc1C(=O)N/N=C/c1ccc(Cl)cc1Cl,1
CHEMBL3272729,25.0,ug.mL-1,Nc1nc(N)c2cc(Sc3cccc4ccccc34)ccc2n1,0
CHEMBL19567,25.0,ug.mL-1,CN(C)CCOC(=O)c1cnccn1,0
CHEMBL1801847,0.39,ug.mL-1,O/N=C1\c2ccccc2-c2c1c(-n1ccnc1)nc1ccc(Br)cc21,1
CHEMBL4103760,0.31,ug.mL-1,Cc1cc(C)c2cc(C(=O)NC3CCC(C)CC3)[nH]c2c1,1
CHEMBL511092,6.25,ug.mL-1,CC(=O)OC[C@]12Oc3ccc(-c4ccc(O)c5c4O[C@@]4(COC(C)=O)C(=C(O)C[C@@H](C)[C@H]4OC(C)=O)C5=O)c(O)c3C(=O)C1=C(O)C[C@@H](C)[C@H]2OC(C)=O,1
CHEMBL2282065,62.5,ug.mL-1,O=C1C(Cl)C(c2cc3ccccc3nc2S)N1c1ccc(F)cc1,0
CHEMBL35739,10.0,ug.mL-1,CN(Cc1ccccc1)c1cnc2nc(N)nc(N)c2n1,1
CHEMBL2035149,1.0,ug.mL-1,Cn1c(=O)n(C)c(=O)n(CCCS(=O)(=O)CC(=O)NN)c1=O,1
CHEMBL3084317,25.0,ug.mL-1,CCCCCCCCC[S@@+]([O-])CC(N)=O,0
CHEMBL3338463,100.0,ug.mL-1,COc1ccc(OC)c(NC(=O)CC(=O)NN)c1,0
CHEMBL1094379,31.25,ug.mL-1,CC(=O)N1N=C(c2nc(C(C)C)cs2)OC1(C)c1ccc(C)cc1,0
CHEMBL99552,16.0,ug.mL-1,O=[N+]([O-])c1c[nH]cc1-c1c(Cl)cccc1Cl,0
CHEMBL4762038,1.56,ug.mL-1,Cc1nnc(-c2cc(-c3ccc(Cl)cc3)n(-c3ccc(NC(=O)c4ccccc4Cl)cc3)n2)o1,1
CHEMBL3298656,100.0,ug.mL-1,COc1ccccc1[C@@H]1C(O)=C2Nc3ccccc3N2CN1c1cc(Cl)cc(Cl)c1,0
CHEMBL4762034,50.0,ug.mL-1,COc1ccc(NC(=S)Nc2ccccc2Br)cc1,0
CHEMBL3746944,100.0,ug.mL-1,CCCCCCNc1nccnc1C(=O)NCc1ccccc1,0
CHEMBL3338458,100.0,ug.mL-1,NNC(=O)CC(=O)Nc1cccc([N+](=O)[O-])c1,0
CHEMBL1629821,6.25,ug.mL-1,OC(c1ccc(OCc2ccc(Br)cc2)cc1)C1CC1,1
CHEMBL4640129,400.0,ug.mL-1,Oc1ccc(/C=N/NC(=S)Nc2ccc(C(F)(F)F)cc2)cc1,0
CHEMBL2031795,85.0,ug.mL-1,COC(=O)c1cccc(O[C@H]2CC[C@@H](NC(=O)NC34CC5CC(CC(C5)C3)C4)CC2)c1,0
CHEMBL4520537,2.5,ug.mL-1,Fc1ccc(COc2ccccc2CNCc2cccnc2)cc1,1
CHEMBL2177988,0.12,ug.mL-1,COC1CCC(/N=c2\cc3n(-c4ccc(F)cc4)c4ccccc4nc-3cc2Nc2cccnc2)CC1,1
CHEMBL3246537,18.6,ug.mL-1,CO[C@H]1/C=C/O[C@@]2(C)Oc3c(C)c(O)c4c(O)c(c(/C=N/NC(=O)CN5CCN(c6ccc(C#N)cc6)CC5)c(O)c4c3C2=O)NC(=O)/C(C)=C\C=C\[C@H](C)[C@H](O)[C@@H](C)[C@@H](O)[C@@H](C)[C@H](OC(C)=O)[C@@H]1C,0
CHEMBL3577400,6.25,ug.mL-1,N#Cc1ccc(OCCOc2ccc(-n3cccc3)cc2)cc1,1
CHEMBL1951371,100.0,ug.mL-1,COc1ccnc(NC(=O)NS(=O)(=O)c2cc(NC(C)=O)ccc2Cl)n1,0
CHEMBL5432154,64.0,ug.mL-1,Cc1ccc(-c2ccn(-c3ccc(NC(=O)Nc4ccc(F)cc4F)cc3)n2)cc1,0
CHEMBL5597302,0.125,ug.mL-1,CCCSc1nc2c(c(=O)[nH]1)[C@@H](c1ccc(OC)cc1)CC(=O)N2,1
CHEMBL5427860,8.0,ug.mL-1,COc1ccc(-c2ccn(-c3ccc(NC(=S)Nc4ccccc4)cc3)n2)cc1OC,1
CHEMBL2437112,6.25,ug.mL-1,COc1nc(C)nc(/N=C(\C)c2cc(O)ccc2O)n1,1
CHEMBL3963113,1.0,ug.mL-1,Cc1nc2scc(C)n2c1C(=O)NCc1ccc(N2CCC(c3ccc(OC(F)(F)F)cc3)CC2)cc1,1
CHEMBL488254,6.25,ug.mL-1,COc1ccc(-n2cc(Cn3c(-c4cccc(F)c4)nc4ccccc43)nn2)cc1,1
CHEMBL3355720,100.0,ug.mL-1,Nc1cnc(C(=O)Nc2ccccc2Cl)cn1,0
CHEMBL4061279,50.0,ug.mL-1,COc1cc(C[C@@H](C)[C@@H](C)Cc2ccc(OC(C)=O)c(OC)c2)ccc1OC(C)=O,0
CHEMBL2046507,1.43,ug.mL-1,CCCCCCC[C@@H](O)c1cccc(CN2CCC(COc3cccc(/C(=N\OC)c4ccc(Cl)cc4)c3)CC2)c1,1
CHEMBL573889,1.44,ug.mL-1,CCOc1c2ccccc2nc2oc3ccccc3c12,1
CHEMBL2204415,25.3,ug.mL-1,C=CC(O)C#CC#CC(O)/C=C\CCCCCCCCOC(C)=O,0
CHEMBL497890,50.0,ug.mL-1,CC(C)[C@]12C=C3CC[C@H]4[C@](C)(C(=O)O)CCC[C@]4(C)[C@]3(CC1)OO2,0
CHEMBL1077676,6.25,ug.mL-1,NC[C@H](Cc1ccccc1)NC[C@@H]1CCCN1C[C@H](Cc1ccccc1)NC[C@H](Cc1ccccc1)NCC12CC3CC(CC(C3)C1)C2,1
CHEMBL4082015,5.0,ug.mL-1,O=C(NCC12CC3CC(CC(C3)C1)C2)c1cc2ccccc2[nH]1,1
CHEMBL5201119,0.25,ug.mL-1,COc1ccc2cc1Oc1ccc(cc1)CC1NCCc3cc(OC)c(cc31)Oc1c(OC)c(OC)cc3c1C(C2)N(C)CC3,1
CHEMBL2041231,4.0,ug.mL-1,CC(C)=CCC/C(C)=C/CNCC(=O)N[C@]12O[C@H]3C4C5CC(C6C5C3C61)C42,1
CHEMBL393380,20.0,ug.mL-1,FC(F)(F)c1ccc2c(c1)N(CCCNc1cccc(Oc3ccccc3)c1)c1ccccc1S2,0
CHEMBL1091659,0.8,ug.mL-1,CC(=O)C1(c2ccccc2)CCN(NC(=S)N/N=C(\C)c2ccc(Br)cc2)CC1,1
CHEMBL1669324,100.0,ug.mL-1,CCCCCCCCCCCCCCCCCC(=O)N[C@@H]1[C@@H](O)[C@H](O)[C@@H](CO)O[C@H]1SC(=S)N(C)C,0
CHEMBL4517121,6.25,ug.mL-1,Brc1ccc(CN2CCN(Cc3ccc(Br)cc3)C(Cn3ccnc3)C2)cc1,1
CHEMBL3310583,3.2,ug.mL-1,Cn1cc([N+](=O)[O-])cc1C(=O)NNC(=S)Nc1ccccc1F,1
CHEMBL2059851,1.15,ug.mL-1,O=C(NN1C(=O)CSC1c1ccc(Cl)cc1)c1cc(-c2ccc(Cl)cc2)n[nH]1,1
CHEMBL3427208,50.0,ug.mL-1,O=C(On1c(-c2ccccc2)nc2ccccc2c1=O)c1cccc(F)c1,0
CHEMBL246995,32.0,ug.mL-1,N#CCn1ncc2c(SCc3ccccc3)ncnc21,0
CHEMBL249230,6.25,ug.mL-1,c1ccc(C(c2ccccc2)c2c(OCCN3CCCCC3)ccc3ccccc23)cc1,1
CHEMBL4476005,32.0,ug.mL-1,CC(=O)OCCn1ccn2cc([N+](=O)[O-])nc2c1=O,0
CHEMBL582842,200.0,ug.mL-1,CCOC(=O)C1=C(Nc2cccc(C)c2)N=CN2CCN=C12,0
CHEMBL3144818,64.0,ug.mL-1,O=C(c1ccc(Cl)cc1)c1c(C(F)(F)F)[nH]n(-c2ccccc2)c1=O,0
CHEMBL2024072,0.125,ug.mL-1,CCCCCCCCc1c2[n+](cc3c(OCC)c(OC)ccc13)CCc1cc(OCC)c(OCC)cc1-2.[Cl-],1
CHEMBL5429090,32.0,ug.mL-1,Cc1ccc(NCC(=O)NC23CC4CC(CC(C4)C2)C3)cc1,0
CHEMBL4204552,12.5,ug.mL-1,Cc1ccc(Oc2cc3[nH]c(Cn4ccnc4)nc3cc2F)cc1,0
CHEMBL429948,256.0,ug.mL-1,CCCCNCc1ccc(Cl)cc1Cl.Cl,0
CHEMBL4741822,12.5,ug.mL-1,O=C(N/N=C/c1cc([N+](=O)[O-])ccc1OCc1cn(-c2cccc(Cl)c2)nn1)c1ccncc1,0
CHEMBL1652547,64.0,ug.mL-1,CCCCn1cc(C(=O)O)c(=O)c2ccc3c(nnn3Cc3ccccc3)c21,0
CHEMBL1095793,62.5,ug.mL-1,CC(C)c1csc(-c2nnc(S)n2/N=C/c2ccccc2)n1,0
CHEMBL4862775,1.6,ug.mL-1,O=C1CSC(c2ccc(O)cc2)N1C1=NN2C(=CSC2c2ccc(O)cc2)S1,1
CHEMBL5202931,4.0,ug.mL-1,O=c1nc(SCc2cn(-c3ccc(Br)cc3)nn2)sc2c([N+](=O)[O-])cc(Cl)cc12,1
CHEMBL4091556,0.78,ug.mL-1,CCO/N=C1\C(=O)C(CCn2cc(CN3CCN(c4c(F)cc5c(=O)c(C(=O)O)cn(C6CC6)c5c4OC)CC3C)nn2)c2ccc(Cl)cc21,1
CHEMBL5281926,0.8,ug.mL-1,O=C(NNS(=O)(=O)c1ccc(F)cc1)N1N=C(c2ccc(F)cc2)CC1c1ccc(F)cc1,1
CHEMBL409346,50.0,ug.mL-1,C/C(O)=C1\C(=O)[C@H](CC(C)C)N(Cc2ccc(-c3ccccc3)cc2)C1=O,0
CHEMBL2235712,10.0,ug.mL-1,COc1ccc(-c2nn3c(-c4ccc(OC)cc4)c(-c4ccc(SC)cc4)nc3s2)cc1,1
CHEMBL2030512,64.0,ug.mL-1,COc1ccc2cc(-c3nc(C(C)(C)C)[nH]c3-c3ccnc(F)c3)ccc2c1,0
CHEMBL300304,100.0,ug.mL-1,CN1CCCN(C(=O)c2ccccc2SSc2ccccc2C(=O)N2CCCN(C)CC2)CC1,0
CHEMBL1797678,6.25,ug.mL-1,O=C(/C=C/c1cnc2ccccc2c1)C[C@@H]1O[C@H](CO)[C@H](O)[C@H](O)[C@H]1O,1
CHEMBL518809,31.25,ug.mL-1,CC(=O)N1N=C(c2ccc(-n3cccc3)cc2)OC1c1ccccc1,0
CHEMBL110108,25.0,ug.mL-1,CCCCCCCCC[S+]([O-])CC(=O)OC,0
CHEMBL1077685,3.9,ug.mL-1,N=C1NC[C@H](Cc2ccccc2)N1CC1CCCN1C[C@H](Cc1ccccc1)N1C[C@H](Cc2ccccc2)N(CC2CCCCCC2)C1=N,1
CHEMBL2158105,1.56,ug.mL-1,CC1(C)CCc2c(c3ccccc3c3nc(-c4cccc(C(F)(F)F)c4)[nH]c23)O1,1
CHEMBL4169011,0.02,ug.mL-1,COC(=O)C1=C(C)NC(C)=C(C(=O)OC)C1c1cn(-c2ccccc2)nc1-c1ccc([N+](=O)[O-])cc1,1
CHEMBL576022,5.0,ug.mL-1,CCOC(=O)C1=C(Nc2ccc(F)cc2)N=C(c2ccccc2)N2CCN=C12,1
CHEMBL1684021,25.0,ug.mL-1,O=C(NNC(=O)c1cc2ccccc2cc1O)c1ccc2[nH]c(-c3ccc([N+](=O)[O-])s3)nc2c1,0
CHEMBL271965,100.0,ug.mL-1,C/C(O)=C1\C(=O)[C@H](CC(C)C)N(CC2=CCC3CC2C3(C)C)C1=O,0
CHEMBL2234976,6.25,ug.mL-1,CC1=NN(c2ccc3c(c2)Nc2ccccc2S3)C2N=C(S)NC(c3ccccc3Cl)C12,1
CHEMBL5175741,2.433,ug.mL-1,O=C(NCc1nnc(-c2ccccc2)o1)c1ccc([N+](=O)[O-])o1,1
CHEMBL5219397,0.39,ug.mL-1,O=C(O)c1cn(C2CC2)c2c(NO)c(N3CCN(Cc4cn(CCN5C(=O)/C(=N\O)c6ccccc65)nn4)CC3)c(F)cc2c1=O,1
CHEMBL1094371,1.0,ug.mL-1,COc1ccccc1Nc1nc2c(-c3cccc(F)c3)nc3ccccc3c2o1,1
CHEMBL4641730,2.0,ug.mL-1,CC(C)(C)n1cc(C(=O)O)c(=O)c2cc(F)c(-c3cccnc3)cc21,1
CHEMBL4104795,16.0,ug.mL-1,O=C(c1cc2n(n1)CCN(Cc1ccc(Cl)c(Cl)c1)C2=O)N1CCCCC1,0
CHEMBL3417032,25.0,ug.mL-1,Cc1nn2c(-c3nc4cc(Cl)ccc4[nH]3)c(-c3ccc(F)cc3)nc2s1,0
CHEMBL111510,25.0,ug.mL-1,CCOC(=O)C(C(C)C)N1C(=O)C(C)SC1c1cccc(OC)c1O,0
CHEMBL4174500,3.125,ug.mL-1,O=C1CCCC2=C1C(c1cn(-c3ccc(Cl)cc3)nn1)c1c(ccc3ccccc13)O2,1
CHEMBL1092346,100.0,ug.mL-1,COc1ccc(CCNC(=O)c2c(C)[n+]([O-])c3cc(C)c(C)cc3[n+]2[O-])cc1,0
CHEMBL1834270,10.0,ug.mL-1,CCN(CC)Cc1cc(C(=O)Nc2c(O)c3ccc(O[C@@H]4OC(C)(C)[C@H](OC)[C@@H](OC(N)=O)[C@H]4O)c(C)c3oc2=O)cc(CC=C(C)C)c1O,1
CHEMBL470029,16.0,ug.mL-1,CC1(C)CC[C@]2(C(=O)O)CC[C@]3(C)C(=CC[C@@H]4[C@@]5(C)CCC(=O)C(C)(C)[C@@H]5CC[C@]43C)[C@@H]2C1,0
CHEMBL4173226,200.0,ug.mL-1,Cc1cccc(CSc2nc(N)c3c4c(sc3n2)CC(C(C)(C)C)CC4)n1,0
CHEMBL3746681,25.0,ug.mL-1,CC(=O)N1N=C(c2ccc(-n3cccc3)cc2)CC1c1c(Cl)cccc1Cl,0
CHEMBL3806314,12.5,ug.mL-1,COC(=O)CC[C@H](NC(=O)CNc1ncnc2[nH]cnc12)C(=O)OC,0
CHEMBL1669613,6.25,ug.mL-1,O=C1CCCc2nc(-c3ccc(Cl)s3)ccc21,1
CHEMBL245962,16.0,ug.mL-1,c1ccc(CSc2ncnc3c2cnn3Cc2ccccc2)cc1,0
CHEMBL4066851,25.0,ug.mL-1,CS(=O)(=O)N1CCN(Cc2c(-c3ccccc3)[nH]c3ccnc(Cl)c23)CC1,0
CHEMBL5432421,2.0,ug.mL-1,CCOc1cc(N2CCNCC2)ccc1Nc1nc(-c2ccccc2)ncc1Cl,1
CHEMBL4287994,25.0,ug.mL-1,Cc1cccc(Cn2c(=O)c(C(=O)Nc3ccc(OC(F)(F)F)cc3)c(-c3ccccc3)c3cc(Cl)ccc32)c1,0
CHEMBL453122,1.56,ug.mL-1,CCOC(=O)c1c(-c2ccccc2)[n+]([O-])c2ccc(Cl)cc2[n+]1[O-],1
CHEMBL3427212,50.0,ug.mL-1,O=C(On1c(-c2cccc(F)c2)nc2ccccc2c1=O)c1ccccc1,0
CHEMBL435940,25.0,ug.mL-1,OC(c1ccc(OCc2ccc(F)cc2)cc1)C1CC1,0
CHEMBL9372,6.25,ug.mL-1,Cc1cc(C(C)C)nc2c(C(C)C)cccc12,1
CHEMBL4761485,0.016,ug.mL-1,CC(c1cc(F)c(F)c(F)c1)N1CC2(CCN(c3nc(=O)c4cc(C(F)(F)F)cc([N+](=O)[O-])c4s3)CC2)C1,1
CHEMBL4519078,2.0,ug.mL-1,c1cc(-c2ccc3c(N4CCN(Cc5noc(C6CCCC6)n5)CC4)ccnc3c2)ccn1,1
CHEMBL2031793,21.0,ug.mL-1,O=C(Nc1cccc(OCCCCN2CCOCC2)c1)NC12CC3CC(CC(C3)C1)C2,0
CHEMBL3884818,8.0,ug.mL-1,Fc1ccc(C2=Nn3c(nnc3-c3ccc(Br)cc3)SC2)cc1,1
CHEMBL4288264,80.0,ug.mL-1,CC1(C)CC(=O)C(=CNc2ccc([N+](=O)[O-])cc2)C(=O)C1,0
CHEMBL592545,9.0,ug.mL-1,Cn1c2ccccc2c2nnc(SCCCn3c(=O)[nH]c4ccccc43)nc21,1
CHEMBL3247252,50.0,ug.mL-1,CC(=O)c1cnc([N+](=O)[O-])n1C,0
CHEMBL2282055,1000.0,ug.mL-1,O=C1C(Cl)C(c2cc3ccccc3nc2S)N1c1ccccc1,0
CHEMBL4587751,0.89,ug.mL-1,CN(C)C(=O)/C=C/C(=O)c1cccc(Cl)c1,1
CHEMBL3103248,150.0,ug.mL-1,CC(=O)N(O)CCP(=O)([O-])O.[Na+],0
CHEMBL5219415,25.0,ug.mL-1,O=C(Cn1cc(COc2ccc([N+](=O)[O-])cc2)nn1)Nc1cccc(Cl)c1,0
CHEMBL2177941,0.03,ug.mL-1,COC1CCC(/N=c2\cc3n(-c4ccc(C(F)(F)F)cc4)c4ccccc4nc-3cc2Nc2cccnc2)CC1,1
CHEMBL5288061,12.5,ug.mL-1,COc1ccc(-c2nc3cc(C4=NN(C(C)=O)C(c5cccs5)C4)ccc3o2)cc1,0
CHEMBL4865552,0.4,ug.mL-1,CC(=O)NC[C@@H]1OC(=O)N2Cc3cc(-c4ccc(C#N)nc4)c(F)cc3O[C@@H]12,1
CHEMBL613,50.0,ug.mL-1,O=C(O)c1cnccn1,0
CHEMBL50789,6.25,ug.mL-1,O=C(NCCO)c1ccccc1SSc1ccccc1C(=O)NCCO,1
CHEMBL1210946,8.0,ug.mL-1,CCO/N=C1/C(=O)N(CCN(C)C2CCCN(c3ccc4c(=O)c(C(=O)O)cn(C5CC5)c4c3OC)C2)c2ccccc21,1
CHEMBL3357502,50.0,ug.mL-1,CCCCCCC1CC(O)c2ccc(O)cc2O1,0
CHEMBL3338465,100.0,ug.mL-1,CCN(CC)c1ccc(NC(=O)CC(=O)NN)cc1,0
CHEMBL519089,6.25,ug.mL-1,CC(C)[C@@H]1C[C@@H](N(Cc2ccccc2)c2ccccc2)CCN1c1ccccc1,1
CHEMBL577321,100.0,ug.mL-1,Clc1ccc2c(N/N=C/c3ccccc3)ccnc2c1,0
CHEMBL3747010,12.5,ug.mL-1,COc1ccc(-c2cc(-c3ccc(-n4cccc4)cc3)on2)cc1OC,0
CHEMBL1940149,10.0,ug.mL-1,Cc1c(Cl)cccc1Nc1nnc(CNc2c(C)n(C)n(-c3ccccc3)c2=O)o1,1
CHEMBL2235535,1.56,ug.mL-1,CCCCCCC#CC(c1ccc2c(c1)CCC(C)(C)O2)N1CCCCC1,1
CHEMBL5418926,200.0,ug.mL-1,COc1cc(C=O)ccc1OCc1cn(CCCNc2ccnc3cc(Cl)ccc23)nn1,0
CHEMBL4550085,50.0,ug.mL-1,CC(=O)[C@H]1C[C@@H](O)[C@@]2(C)C3=C(C=C4C=CC(=O)OC(C)(C)[C@@H]4CC3)CC[C@]12C,0
CHEMBL1096510,12.5,ug.mL-1,O=C1C(Cl)=C(NCCCl)C(=O)c2ncccc21,0
CHEMBL2418893,50.0,ug.mL-1,N#Cc1cccc(S(=O)(=O)n2c(COc3ccc([N+](=O)[O-])cc3)nc3ccc(Br)cc32)c1,0
CHEMBL3417599,4.8,ug.mL-1,CCN(CC)CCOc1ccc(C(c2cccs2)c2ccccc2F)cc1,1
CHEMBL487663,0.001,ug.mL-1,CCNC(=O)Nc1nc2cc(-c3cccnc3)cc(-c3ccccn3)c2[nH]1,1
CHEMBL5174233,0.03,ug.mL-1,C[C@]1(CN2Cc3nc(-c4ccc(F)cn4)sc3C2)Cn2cc([N+](=O)[O-])nc2O1,1
CHEMBL5633774,4.7,ug.mL-1,O=C(NCc1cn(Cc2ccc(Oc3ccccc3)c(O)c2)nn1)c1cc2ccccc2oc1=O,1
CHEMBL4228323,0.78,ug.mL-1,Cn1c2ccccc2c2cc(-c3csc(NC(=O)/C=C/c4ccc(Br)cc4)n3)ccc21,1
CHEMBL3103609,64.0,ug.mL-1,C/C=C/[C@@H]1C=C[C@@H]2C[C@H](C)CC[C@H]2[C@]1(C)/C(O)=C1/C(=O)[C@H](CO)N(C)C1=O,0
CHEMBL4546983,12.48,ug.mL-1,CC(=O)c1sc(/N=C2\NC(=O)/C(=C3/C(=O)Nc4ccc(Br)cc43)S2)nc1C,1
CHEMBL5406005,8.0,ug.mL-1,COc1ccc(-c2ccn(-c3ccc(NC(=O)Nc4ccccc4)cc3)n2)cc1OC,1
CHEMBL561723,6.25,ug.mL-1,Cc1ccc(S(=O)(=O)n2c(-c3ccc(-n4cncn4)cc3)nc3c(F)cc(F)cc32)cc1,1
CHEMBL2023773,4.0,ug.mL-1,CCCCCCCCCCCCc1cn(CCc2ccccc2)nn1,1
CHEMBL559800,64.0,ug.mL-1,COc1cc(NC(C)CCCNC(=O)NCCCO)c2ncccc2c1,0
CHEMBL5185854,0.03,ug.mL-1,O=C(Nc1nnc(-c2ccccn2)o1)c1ccc([N+](=O)[O-])o1,1
CHEMBL4646389,1.95,ug.mL-1,Cc1cc(CNCC2CCCCC2)c(C)n1-c1ccc(Cl)cc1,1
CHEMBL1818407,3.0,ug.mL-1,CCCCCCCNC(=O)Nc1cccc(C(F)(F)F)c1F,1
CHEMBL1818418,25.0,ug.mL-1,CC(C)OCCNC(=O)NC12CC3CC(CC(C3)C1)C2,0
CHEMBL1689336,6.25,ug.mL-1,CC(=O)NC[C@H]1CN(c2ccc(N3CCN(C4=NS(=O)(=O)c5ccccc5N4c4ccccc4)CC3)c(F)c2)C(=O)O1,1
CHEMBL4451782,50.0,ug.mL-1,O=C(c1ccc([N+](=O)[O-])o1)N1CCC2(CC1)CC(NS(=O)(=O)c1ccc(F)cc1)CCO2,0
CHEMBL4281613,64.0,ug.mL-1,Cc1nc2ccccc2c(=O)n1-c1cccc(OCc2cn(-c3ccc(C(=O)O)cc3)nn2)c1,0
CHEMBL1927992,1.5,ug.mL-1,c1ccc2c(c1)ccc1nc(CCC3CCCCC3)[nH]c12,1
CHEMBL592712,13.0,ug.mL-1,C=CCn1c2ccccc2c2nnc(SCCCn3c(=O)[nH]c4ccccc43)nc21,0
CHEMBL2418299,6.25,ug.mL-1,O=C1Nc2c(Cl)ccc(Cl)c2C(=O)/C1=N/Nc1ccc(F)cc1,1
CHEMBL234631,16.0,ug.mL-1,FC(F)(F)c1ccc2c(c1)N(CCCN1CCN(c3ncccn3)CC1)c1ccccc1S2,0
CHEMBL3358761,1.5,ug.mL-1,CN1Cc2c(cn3c2ccc2ccccc23)-c2ccccc21,1
CHEMBL4760497,16.0,ug.mL-1,COc1ccc(Nc2nnnn2-c2ccccc2F)cc1,0
CHEMBL5396532,1.6,ug.mL-1,CC1/C(=N\NC(N)=[Se])Nc2ccccc21,1
CHEMBL4856728,0.79,ug.mL-1,O=C(NN1C(=O)CSC1c1ccccc1O)c1cc(O)c(O)c(O)c1,1
CHEMBL4862501,25.0,ug.mL-1,O=c1n(Cc2cn(Cc3cc4ccccc4nc3Cl)nn2)cnn1-c1ccccc1,0
CHEMBL3358740,100.0,ug.mL-1,CC1(C)CC(=O)C2=C(C1)Oc1ccc(Br)cc1C2n1nnc2ccccc21,0
CHEMBL1956211,128.0,ug.mL-1,O=C(N/N=C/c1cccc2ccccc12)c1coc2c(Cl)cc(Cl)cc12,0
CHEMBL5279403,2.8,ug.mL-1,C=C[C@@]1(C)[C@H](Cl)C[C@@H]2C(C)(C)c3cccc4[nH]c5c(c34)[C@@]2(O)[C@]1(C#N)C=CC5(C)C,1
CHEMBL3086182,87.1,ug.mL-1,O=[N+]([O-])c1c[nH]c(-c2nnc(-c3cccs3)o2)c1,0
CHEMBL5288284,50.0,ug.mL-1,CC1(C)CC(=O)C2=C(C1)OC(N)=C(C#N)C21C(=O)N(Cc2cn(Cc3ccc(Cl)cc3)nn2)c2ccc(Br)cc21,0
CHEMBL48962,12.5,ug.mL-1,CC(O)Cn1sc2ccccc2c1=O,0
CHEMBL2262465,1.24,ug.mL-1,Cc1cc(C2=NN(c3ccccc3)C(c3ccc(Cl)cc3)C2)ccc1O,1
CHEMBL243146,5.32,ug.mL-1,COc1cc(C2=NN(C(N)=O)C(c3ccc(N)cc3)C2)ccc1OCC(=O)O,1
CHEMBL1940146,10.0,ug.mL-1,Cc1c(NCc2nnc(Nc3ccc(Cl)cc3)o2)c(=O)n(-c2ccccc2)n1C,1
CHEMBL3357538,200.0,ug.mL-1,C=CCOc1ccccc1/C=C/C(=O)c1c(O)cc(O)cc1O,0
CHEMBL1710,6.0,ug.mL-1,CN1CCN(CCCN2c3ccccc3Sc3ccc(C(F)(F)F)cc32)CC1.Cl,1
CHEMBL1922955,25.0,ug.mL-1,CCOC(=O)Cn1nnc(C(=O)OC)c1C(=O)OC,0
CHEMBL570397,100.0,ug.mL-1,O=[N+]([O-])c1ccccc1/C=N/Nc1ccnc2cc(Cl)ccc12,0
CHEMBL4513514,200.0,ug.mL-1,COc1ccc2cc1Oc1cc(ccc1OC)CCC(N)CCCC2,0
CHEMBL511868,62.5,ug.mL-1,C/C(=N\NC(=O)c1ccc(-n2cccc2)cc1)c1ccccc1,0
CHEMBL467265,6.25,ug.mL-1,C[C@@H](NC(=O)OCc1ccccc1)C(=O)Oc1ccc(Cl)cc1C(=O)Nc1cccc(Cl)c1,1
CHEMBL518077,9.0,ug.mL-1,O=CN(O)C[C@@H](Cc1ccccc1)C(=O)N1CCC[C@H]1c1nc2ccccc2o1,1
CHEMBL4565438,64.0,ug.mL-1,N#Cc1ccc(/C=C/c2nc3ncccc3c(=O)n2-c2ccc(C#N)cc2)cc1,0
CHEMBL4246875,0.61,ug.mL-1,O=C(NCc1ccc2c(c1)CN(Cc1ccc(OC(F)(F)F)cc1)C2)c1cc([N+](=O)[O-])cc([N+](=O)[O-])c1,1
CHEMBL3099091,25.0,ug.mL-1,COC(=O)c1ccc(Cn2cc(-c3ccc4oc5ccccc5c4c3)nn2)cc1,0
CHEMBL4285926,80.0,ug.mL-1,CC1(C)CC(=O)C(=CNc2ccc([N+](=O)[O-])cc2F)C(=O)C1,0
CHEMBL3797320,125.0,ug.mL-1,Cc1cc(CNCc2ccc(F)cc2)c(C)n1-c1ccc(Cl)cc1,0
CHEMBL559087,0.78,ug.mL-1,CC(C)c1ccc(C2Cc3[nH]c4ccc(F)cc4c3S2)cc1,1
CHEMBL1922611,400.0,ug.mL-1,CC(=O)N(O)CCCP(=O)(OC(C)OC(=O)OC(C)(C)C)OC(C)OC(=O)OC(C)(C)C,0
CHEMBL4748896,50.0,ug.mL-1,CC(=O)OC[C@]12CCC(=O)OC(C)(C)[C@@H]1CCC1=C2CC[C@]2(C)[C@@H]([C@H](C)[C@H](C/C=C(/C)C(=O)O)OC(C)=O)CC[C@@]12C,0
CHEMBL295163,12.5,ug.mL-1,C=CCNC(=S)Nc1ccc(-c2n[nH]c(=S)n2CC)cc1,0
CHEMBL1209994,12.5,ug.mL-1,CCN(CC)CCNc1nc(NCCN(CC)CC)nc(N2CCCCC2)n1,0
CHEMBL5423973,64.0,ug.mL-1,O=C(Nc1ccc(-n2ccc(-c3ccc(Cl)cc3)n2)cc1)Nc1ccc(F)cc1F,0
CHEMBL4212144,7.81,ug.mL-1,COC(=O)[C@H]1[C@@H](C(=O)OC)C(c2ccccc2)(c2ccccc2)N(c2nc(-c3ccccc3)c(C(=O)c3ccc(C#N)cc3)s2)[C@H]1C(=O)OC,1
CHEMBL3264458,125.0,ug.mL-1,CCCCCCCC(=O)NCC#Cc1cn([C@H]2C[C@H](O)[C@@H](COP(=O)(NC(C)(C)C(=O)OCc3ccccc3)Oc3ccccc3)O2)c(=O)[nH]c1=O,0
CHEMBL2297351,4.0,ug.mL-1,CC(C)c1csc(-c2nnc(S(=O)(=O)Cc3ccccc3)o2)n1,1
CHEMBL3742294,0.4,ug.mL-1,O=[N+]([O-])c1cc(C(F)(F)F)cc2c1sc(C1=NCCO1)[n+]2[O-],1
CHEMBL179484,8.0,ug.mL-1,O=C(CN(/N=C/c1ccc(Cl)cc1Cl)C(=O)c1ccncc1)N1CCN(c2ccc(Cl)cc2)CC1,1
CHEMBL472675,1.0,ug.mL-1,CC(C)=CCC/C(C)=C/COc1ccc(/C=C/C(=O)Nc2ccccn2)cc1,1
CHEMBL1672870,12.5,ug.mL-1,CCCCCCCNc1nc(C(N)=O)cnc1C#N,0
CHEMBL3326726,6.25,ug.mL-1,COc1ccc(C(c2nnnn2C(C)(C)C)N2CCN(C3=NC(=O)/C(=C/c4ccccc4)S3)CC2)cc1OC,1
CHEMBL2262807,500.0,ug.mL-1,Nc1nc(=S)[nH]c2c1C(c1ccccc1)c1ccc3cccnc3c1O2,0
CHEMBL4167649,200.0,ug.mL-1,CC(C)(C)C1CCc2c(sc3nc(SCc4cc([N+](=O)[O-])ccc4O)nc(N)c23)C1,0
CHEMBL4635618,25.0,ug.mL-1,Clc1ccc2nc(CNCc3ccccc3)cn2c1,0
CHEMBL3965181,0.029,ug.mL-1,COc1cccc(OCCNC(=O)c2c(C)nc3ccc(C)cn23)c1,1
CHEMBL2347951,0.0195,ug.mL-1,Cc1cc(C)c2cc(C(=O)NC34CC5CC(CC(C5)C3)C4)[nH]c2c1,1
CHEMBL3260388,32.0,ug.mL-1,Cc1cc(C)n2nc(C(=O)NS(=O)(=O)c3ccccc3CC#N)nc2n1,0
CHEMBL559980,12.5,ug.mL-1,CC(C)=CCc1c2c(c(O)c3c1O[C@H](c1ccc(O)cc1)CC3=O)C=CC(C)(C)O2,0
CHEMBL2204368,50.0,ug.mL-1,CC1(C)C=Cc2c(cc3oc(CO)cc(=O)c3c2O)O1,0
CHEMBL3310382,11.9,ug.mL-1,Cn1cc([N+](=O)[O-])cc1C(=O)NNC(=O)Nc1ccc([N+](=O)[O-])cc1,1
CHEMBL1210164,6.25,ug.mL-1,CN1CCN(c2nc(N3CCc4ccccc4C3)nc(N3CCc4ccccc4C3)n2)CC1,1
CHEMBL4443111,1.02,ug.mL-1,CC(C)OC(=O)/C=C/C(=O)c1ccc2c(c1)CCO2,1
CHEMBL565058,8.3,ug.mL-1,O[C@@H](CSc1ccccc1)CN1CCC(O)(c2ccc(Cl)c(C(F)(F)F)c2)CC1,1
CHEMBL49368,0.39,ug.mL-1,CCCCCCCCCC(=O)OCCCNC(=O)c1ccccc1SSc1ccccc1C(=O)NCCCOC(=O)CCCCCCCCC,1
CHEMBL4288404,64.0,ug.mL-1,COc1cc(-n2cc(COc3cccc(-n4c(C)nc5ccccc5c4=O)c3)nn2)cc(OC)c1OC,0
CHEMBL3427205,50.0,ug.mL-1,Cc1ccc(C(=O)On2c(-c3ccccc3)nc3ccccc3c2=O)cc1,0
CHEMBL4639424,0.25,ug.mL-1,CC(=O)NC[C@H]1CN(c2cc(F)c(C3=CCN(C(=O)[C@@H](O)CO)CC3)c(F)c2)C(=O)O1,1
CHEMBL1077690,3.9,ug.mL-1,N=C1NC[C@H](Cc2ccccc2)N1CC1CCCN1C[C@H](Cc1ccccc1)N1C[C@H](Cc2ccccc2)N(CCC23CC4CC(CC(C4)C2)C3)C1=N,1
CHEMBL3098885,50.0,ug.mL-1,COc1cc(NS(=O)(=O)c2ccc(Cl)cc2Cl)ccc1-n1cnc(Cl)c1,0
CHEMBL4242658,3.813,ug.mL-1,CC(C)(C)OC(=O)CN1CCc2cc(CNC(=O)c3cc([N+](=O)[O-])cc([N+](=O)[O-])c3)ccc2C1,1
CHEMBL3319205,25.0,ug.mL-1,CNc1nc(-c2ccc(CCN3CCN(CCCCN4CCN(c5ccccn5)CC4)CC3)cc2)cs1,0
CHEMBL4456072,0.49,ug.mL-1,CCN(C)C(=O)/C=C/C(=O)c1ccc(-c2ccccc2)cc1,1
CHEMBL2098107,0.2,ug.mL-1,O=C(NC12CC3CC(CC(C3)C1)C2)c1cc2ccccc2[nH]1,1
CHEMBL1446578,62.5,ug.mL-1,Cc1ccc(C)n1-c1ccc(C(=O)NN)cc1,0
CHEMBL271708,12.5,ug.mL-1,COc1ccc(C(c2ccc(OCC(O)CN3CCCC3)cc2)c2cccs2)cc1,0
CHEMBL590490,0.625,ug.mL-1,CN(C)C(=O)C[C@H](CSc1ccccc1)Nc1c(C(=O)N/N=C/c2cccc(OC(F)(F)C(F)F)c2)cnc2ccc(F)cc12,1
CHEMBL5268134,50.0,ug.mL-1,Cc1ccc(NC(=O)c2c(Nc3ccccc3)nn3c(O)cc(C)nc23)cc1,0
CHEMBL555829,3.125,ug.mL-1,CC(c1cc(F)ccc1Oc1nc2ccc(-n3cc(-c4ccccc4)nn3)cc2cc1Cc1ccccc1)n1ccnc1,1
CHEMBL243087,6.25,ug.mL-1,Oc1nc(O)nc(O)n1,1
CHEMBL3792754,1.0,ug.mL-1,Cc1c(C(=O)/C=C/c2ccccc2)[n+]([O-])c2cc(Cl)ccc2[n+]1[O-],1
CHEMBL4585312,64.0,ug.mL-1,Cc1nc2cc(-n3cc(COc4ccc5nc(C)n(-c6ccccc6)c(=O)c5c4)nn3)ccc2c(=O)n1-c1ccccc1,0
CHEMBL1822998,25.0,ug.mL-1,O=C(/C=C/c1ccc(OCc2cc(F)ccc2F)cc1)c1ccc(-n2cncn2)cc1,0
CHEMBL3357541,50.0,ug.mL-1,C=CCOc1ccc(/C=C/C(=O)c2ccc(O)cc2O)cc1,0
CHEMBL4786428,3.806,ug.mL-1,O=c1cc(-c2ccc(O)cc2)oc2ccc(O)c(CN3CCCC3)c12,1
CHEMBL1290530,12.5,ug.mL-1,O=C(c1ccc(N2CCOCC2)cc1)C1CC1c1ccc(Cl)cc1,0
CHEMBL1800188,32.0,ug.mL-1,O=CN(O)CCC(c1ccccc1Br)P(=O)(O)O,0
CHEMBL3247270,10.0,ug.mL-1,C/C(=C\c1cnc([N+](=O)[O-])n1C)[N+](=O)[O-],1
CHEMBL3085436,4.0,ug.mL-1,NCCC[C@H](N)CC(=O)N[C@H]1CNC(=O)[C@H]([C@H]2C[C@H](O)NC(N)=N2)NC(=O)/C(=C/NC(N)=O)NC(=O)[C@H](CO)NC(=O)[C@H](CO)NC1=O,1
CHEMBL2046523,12.5,ug.mL-1,CCCCCCC[C@@H](OC(N)=O)c1cccc(CN2CCC(COc3ccc(C(=O)c4ccc(Cl)cc4)c(Cl)c3)CC2)c1,0
CHEMBL5219199,1.56,ug.mL-1,Cc1cc(=O)oc2cc(OCc3cn(CCCCCCCCn4cc(COc5cc6oc(=O)cc(C)c6cc5Cl)nn4)nn3)c(Cl)cc12,1
CHEMBL4462673,0.78,ug.mL-1,CC(C)OC(=O)/C=C/C(=O)c1ccccc1,1
CHEMBL2430922,500.0,ug.mL-1,CCOC(=O)C1C(=O)C=C(c2cccc([N+](=O)[O-])c2)CC1c1ccc(OC)cc1,0
CHEMBL4288757,0.12,ug.mL-1,CC12CCCC(C(=O)Nc3nc4cc(Cl)cc(Cl)c4s3)(CCC1)C2,1
CHEMBL3331315,16.0,ug.mL-1,NCC1CN(c2c(F)cc3c(=O)c(C(=O)O)cn([C@@H]4C[C@@H]4F)c3c2Cl)C/C1=N/OCc1ccccc1,0
CHEMBL401659,12.5,ug.mL-1,C=C1CCC[C@@]2(C)CC3=C(C[C@@H]12)C(=O)C=CC3=O,0
CHEMBL2283352,6.25,ug.mL-1,O=C(CSc1nnc(-c2cc3ccccc3oc2=O)o1)Nc1nc2ccc([N+](=O)[O-])cc2s1,1
CHEMBL3798457,62.0,ug.mL-1,Cc1cc(CN2CCN(C3C4CC5CC(C4)CC3C5)CC2)c(C)n1-c1ccc(C(C)C)cc1,0
CHEMBL2281670,250.0,ug.mL-1,CC1CC(C)CN(c2nc(-c3ccc(NCC(=O)Nc4ccccc4)cc3)nc(N3CC(C)CC(C)C3)n2)C1,0
CHEMBL244852,6.25,ug.mL-1,O=C(CSc1nnc(Cc2csc(NC(=O)c3ccccc3)n2)n1NC(=O)c1ccccc1)NNC(=O)c1ccccc1,1
CHEMBL447504,6.25,ug.mL-1,Cc1ccc(/C=C2\CCC[C@@]3(C2=O)[C@@H](c2ccc(C)cc2)[C@@H]2CCCN2[C@@]32C(=O)c3cccc4cccc2c34)cc1,1
CHEMBL1911470,10.0,ug.mL-1,Cn1nnc2cc(/C=N\NC(=O)c3cnc4c(C(F)(F)F)cccc4c3O)ccc21,1
CHEMBL4875273,100.0,ug.mL-1,O=C1OC(Cn2cc(C3CC3)nn2)Cc2cn(Cc3ccccc3)c3cccc1c23,0
CHEMBL13764,256.0,ug.mL-1,CCCNCc1ccc(Cl)c(C(F)(F)F)c1.Cl,0
CHEMBL2283242,31.25,ug.mL-1,COc1cc(/C=N/NC(=O)CSc2nnc(-c3nc(C(C)C)cs3)n2-c2ccccc2)ccc1O,0
CHEMBL5208484,6.25,ug.mL-1,CC1(C)Oc2c(c3nc4ccccc4nc3c3ccccc23)C=C1Br,1
CHEMBL2443181,0.003,ug.mL-1,CCCCCCCCCCCCCCCCCC(=O)NNC(=O)c1ccncc1,1
CHEMBL4474037,0.84,ug.mL-1,CN(C)C(=O)/C=C/C(=O)c1ccc(Cl)c(Cl)c1,1
CHEMBL1269408,5.0,ug.mL-1,COC(=O)/C=C1\Nc2cc(Cl)ccc2OC1=O,1
CHEMBL245159,17.0,ug.mL-1,O=C(Nc1ccc(OCCCN2CCOCC2)cc1)NC12CC3CC(CC(C3)C1)C2,0
CHEMBL2030788,6.25,ug.mL-1,O=[N+]([O-])c1ccc(S(=O)(=O)Nc2ccc(F)cc2)c([N+](=O)[O-])c1,1
CHEMBL4866804,50.0,ug.mL-1,O=C(NN1C(=O)CSC1c1ccccc1O)c1coc2ccc3ccccc3c12,0
CHEMBL4868935,100.0,ug.mL-1,CC(C)CCc1cn(CC2Cc3cn(Cc4ccccc4)c4cccc(c34)C(=O)O2)nn1,0
CHEMBL3577398,50.0,ug.mL-1,O=[N+]([O-])c1ccc(OCCOc2ccc(-n3cccc3)cc2)cc1,0
CHEMBL3828685,25.0,ug.mL-1,Cc1c(C(=O)CSCCNC(=O)[C@@H](N)C(C)C)[n+]([O-])c2ccccc2[n+]1[O-],0
CHEMBL3787499,12.5,ug.mL-1,CO[C@@H]1C[C@H]2C(C)(C)[C@@H](OC(C)=O)CC[C@]2(C)C2=C1[C@]1(C)[C@@H](OC(C)=O)C[C@H]([C@H](C)[C@H](C/C=C(\C)C(=O)O)OC(C)=O)[C@@]1(C)CC2,0
CHEMBL1829107,25.0,ug.mL-1,Cn1c2ccccc2c2cc([C@@H]3Nc4ccccc4[C@@H]4OCCC[C@H]34)ccc21,0
CHEMBL1669576,50.0,ug.mL-1,O=C(/C=C/CCCC/C=C/c1ccc2c(c1)OCO2)N1CCCC1,0
CHEMBL3577403,3.125,ug.mL-1,CCOc1cc(C=O)ccc1OCCOc1ccc(-n2cccc2)cc1,1
CHEMBL2024063,4.0,ug.mL-1,CCCCCCCCc1c2[n+](cc3c(OC)c(OC)ccc13)CCc1cc(OCC)c(OCC)cc1-2.[Cl-],1
CHEMBL392565,0.39,ug.mL-1,COc1c(N2CCN(CNC(=O)C3=C(O)[C@@H](N(C)C)[C@@H]4[C@@H](O)[C@H]5C(=C(O)[C@]4(O)C3=O)C(=O)c3c(O)cccc3[C@@]5(C)O)C(C)C2)c(F)cc2c(=O)c(C(=O)O)cn(C3CC3)c12,1
CHEMBL5185220,0.24,ug.mL-1,COC(=O)NC(=O)c1ccsc1NC(=O)c1ccc(S(=O)(=O)N2CCCCC2)cc1,1
CHEMBL5218888,3.125,ug.mL-1,Cc1ccc(-c2nc3n(n2)C2=NOC(c4cccc([N+](=O)[O-])c4)C2S3)cc1,1
CHEMBL4854992,64.0,ug.mL-1,Cc1c(C(=O)CC(C)C)[n+]([O-])c2ccccc2[n+]1[O-],0
CHEMBL3742134,29.2,ug.mL-1,O=[N+]([O-])c1cccc(Cn2cc(COc3ccc(Cl)cc3)nn2)c1,0
CHEMBL2430601,2.88,ug.mL-1,N#Cc1c(NC(=O)c2ccc([N+](=O)[O-])s2)[n+]([O-])c2ccccc2[n+]1[O-],1
CHEMBL271954,200.0,ug.mL-1,C/C(O)=C1\C(=O)[C@H](Cc2ccccc2)N(Cc2ccccc2)C1=O,0
CHEMBL5613996,6.7,ug.mL-1,CC(=O)NC[C@@H]1OC(=O)N2Cc3cc(-c4ccc(C(F)(F)F)nc4)c(F)cc3O[C@@H]12,1
CHEMBL5597938,6.25,ug.mL-1,CCc1cc(-c2nc(C)c(C(=O)OCc3cn(-c4ccc(C)cc4C)nn3)s2)ccn1,1
CHEMBL3394250,2.0,ug.mL-1,CC(C)c1ccc(COc2cccc(-c3cc([S+](C)[O-])c(C#N)c(=O)[nH]3)c2)cc1,1
CHEMBL4454705,1.56,ug.mL-1,Cc1nn(-c2ccccc2)c(-n2cncn2)c1C1C2CCCN2C2(C(=O)Nc3ccc(Cl)cc32)C1C(=O)c1ccc([N+](=O)[O-])cc1,1
CHEMBL4462734,0.82,ug.mL-1,CCOC(=O)/C=C/C(=O)c1cccc(OC)c1,1
CHEMBL5407585,10.0,ug.mL-1,Clc1ccc(COc2cccc(CNCc3cccnc3)c2)cc1,1
CHEMBL4282368,2.5,ug.mL-1,CCC1CCC(C(=O)Nc2cc(O)cc(Cc3ccccc3)c2)CC1,1
CHEMBL2262467,1.6,ug.mL-1,Cc1cc(C2=NN(c3ccccc3)C(c3ccccc3)C2)ccc1O,1
CHEMBL5419245,2.0,ug.mL-1,Clc1cnc(-c2ccccc2)nc1Nc1ccc(N2CCNCC2)cc1OC1CCCCC1,1
CHEMBL4177252,0.005,ug.mL-1,CCN(c1cnc2sc3c4c(=O)c5c(O)c(C)c6c(c5c-3nc2c1)C(=O)[C@@](C)(O/C=C/[C@H](OC)[C@@H](C)[C@@H](OC(C)=O)[C@H](C)[C@H](O)[C@H](C)[C@@H](O)[C@@H](C)/C=C/C=C(/C)C(=O)N4)O6)C(C)C,1
CHEMBL3315161,1.6,ug.mL-1,CN[C@@H]1[C@H](O)[C@H](NC)[C@H]2O[C@]3(O)[C@H](O[C@@H]2[C@H]1O)O[C@H](C)C[C@H]3NC(=O)Cc1ccccc1,1
CHEMBL2235149,25.0,ug.mL-1,O=C(N/N=C/c1cccc(Br)c1)c1cccnc1,0
CHEMBL3957436,100.0,ug.mL-1,O=C1O[C@@H](CNC(=O)C23CC4CC(CC(C4)C2)C3)CN1c1ccc(N2CC3(COC3)C2)c(F)c1,0
CHEMBL392498,8.4,ug.mL-1,OC1CCN(Cc2ccc(CN3c4ccccc4Sc4ccc(C(F)(F)F)cc43)cc2)C1,1
CHEMBL2392746,25.0,ug.mL-1,Cc1noc(NS(=O)(=O)c2ccc(NC(=O)NC34CC5CC(CC(C5)C3)C4)cc2)c1C,0
CHEMBL271236,3.12,ug.mL-1,CSc1ccc(C(c2ccc(OCCN3CCCCCC3)cc2)c2cccs2)cc1,1
CHEMBL496848,200.0,ug.mL-1,C[C@@]1([C@@H]2CCC(=O)O2)Oc2cc(CO)cc(O)c2C(=O)[C@H]1O,0
CHEMBL5173229,32.0,ug.mL-1,COc1ccc(-n2cc(CSc3nc(=O)c4cc(Cl)cc([N+](=O)[O-])c4s3)nn2)cc1,0
CHEMBL4552444,3.12,ug.mL-1,Clc1ccc(Cn2cc(Cn3ccc4cncnc43)nn2)cc1,1
CHEMBL3980494,1.25,ug.mL-1,COC(=O)c1cc2occc2n1CC(=O)c1ccc(Cl)cc1,1
CHEMBL447408,6.25,ug.mL-1,C=C(C)[C@@H]1CC[C@]2(C(=O)O)CC[C@]3(C)[C@H](CC[C@@H]4[C@@]5(C)CC[C@H](OC(=O)/C=C/c6ccc(O)cc6)C(C)(C)[C@@H]5CC[C@]43C)[C@@H]12,1
CHEMBL4288860,25.0,ug.mL-1,O=C(Nc1ccc2c(c1)OCCO2)c1c(-c2ccccc2)c2ccccc2[nH]c1=O,0
CHEMBL1253958,100.0,ug.mL-1,CCCCCOc1ccc(/C=C/C(=O)CC(=O)/C=C/c2ccc(OCCCCC)c(OC)c2)cc1OC,0
CHEMBL5596641,64.0,ug.mL-1,CC1=C[C@@H]2C[C@@H](C)CC[C@]2(C)[C@@](C)(C(=O)C2=C(O)[C@@H](CO)NC2=O)[C@H]1/C=C/C=C/C=C/C[C@@H](C)O,0
CHEMBL4226192,0.25,ug.mL-1,COC(=O)/C=C/C(=O)c1ccc(OC)cc1,1
CHEMBL3746099,50.0,ug.mL-1,O=C1CSCCN1c1ccc(CO[C@@H]2COc3nc([N+](=O)[O-])cn3C2)cn1,0
CHEMBL5632027,500.0,ug.mL-1,Cc1cc(C(=O)Nc2ccc(C(=O)O)c(O)c2)cc(O)n1,0
CHEMBL4551385,0.39,ug.mL-1,CCOC(=O)c1sc(/N=C2\NC(=O)/C(=C3/C(=O)Nc4ccc(OC)cc43)S2)nc1C,1
CHEMBL3741119,1.0,ug.mL-1,N#Cc1cc([N+](=O)[O-])c2sc(C(=O)N3CCCCC3)nc2c1,1
CHEMBL3805702,12.5,ug.mL-1,OCCN1CCN(CC(c2ccc3sc4ccccc4c3c2)n2cc(-c3ccccc3)nn2)CC1,0
CHEMBL5429377,16.2,ug.mL-1,CCn1cc(-c2nnc(S(=O)(=O)Cc3ccc(OC)cc3)o2)c(=O)c2cc(F)c(N3CCN(C)CC3)cc21,0
CHEMBL1822990,3.12,ug.mL-1,O=C(/C=C/c1ccc(OCc2ccc(Cl)cc2Cl)cc1)c1ccc(-n2ccnc2)cc1,1
CHEMBL4530073,12.5,ug.mL-1,COCCc1noc(CC2CCOC3(CCN(C(=O)c4ccc([N+](=O)[O-])o4)CC3)C2)n1,0
CHEMBL4554709,25.0,ug.mL-1,O=C(c1ccc([N+](=O)[O-])o1)N1CCC2(CC1)CC(OCc1ccc(F)cc1)CCO2,0
CHEMBL4741119,50.0,ug.mL-1,CC(=O)OC[C@]12CCC(=O)OC(C)(C)[C@@H]1CC=C1C2=CC[C@]2(C)[C@@H]([C@H](C)[C@H](C/C=C(/C)C(=O)O)OC(C)=O)CC[C@@]12C,0
CHEMBL1093796,12.5,ug.mL-1,COc1ccc(NC(=S)N/N=C(\C)c2ccc([N+](=O)[O-])cc2)cc1,0
CHEMBL5630740,0.001,ug.mL-1,CN(C1CCC(F)(F)CC1)N1CCN(c2nc(=O)c3cc(C(F)(F)F)cc([N+](=O)[O-])c3s2)CC1,1
CHEMBL295869,0.78,ug.mL-1,Nc1ccc(S(=O)(=O)n2cnc3c(S)ncnc32)cc1,1
CHEMBL5598125,25.0,ug.mL-1,CCCc1cc(-c2nc(C)c(C(=O)OCc3cn(-c4ccc(Cl)cc4)nn3)s2)ccn1,0
CHEMBL5398349,2.0,ug.mL-1,COc1ccc(-c2ccn(-c3ccc(NC(=S)Nc4ccc(F)cc4)cc3)n2)cc1OC,1
CHEMBL478962,100.0,ug.mL-1,C=C1CC[C@@H]2[C@@]3(C)CCC[C@@]2(C(=O)OC3)[C@@H]1CCc1ccoc1,0
CHEMBL3358747,100.0,ug.mL-1,CN1C(=O)C(C2C3=C(CC(C)(C)CC3=O)Oc3ccc(Cl)cc32)C(=O)N(C)C1=O,0
CHEMBL45016,12.5,ug.mL-1,O=c1c2ccccc2sn1CCO,0
CHEMBL1783337,25.0,ug.mL-1,CC(C)O[C@@H]1C=C(CO)C(=O)[C@@H](COC(=O)C(C)(C)C)O1,0
CHEMBL478677,4.0,ug.mL-1,S=c1oc2c(Cl)cc(Cl)cc2c(=S)n1-c1cccc(Cl)c1,1
CHEMBL589357,50.0,ug.mL-1,O=c1[nH]c2ccccc2n1CCCSc1nnc2c3ccccc3n(Cc3ccccc3)c2n1,0
CHEMBL4241965,3.96,ug.mL-1,O=C(CN1CCc2cc(CNC(=O)c3cc([N+](=O)[O-])cc([N+](=O)[O-])c3)ccc2C1)NCc1ccccc1,1
CHEMBL1818394,0.01,ug.mL-1,O=C(NCCc1ccccc1)NC1C2CC3CC(C2)CC1C3,1
CHEMBL4564801,6.25,ug.mL-1,Clc1ccc(Oc2ccccc2)cc1-n1cc(Cn2ccc3cncnc32)nn1,1
CHEMBL3091892,0.15,ug.mL-1,C/C=C/CCCCCCC/C=N/NC(=O)c1ccncc1,1
CHEMBL5281116,20.2,ug.mL-1,COC(=O)c1c(NC(=O)c2ccccc2F)sc2c1CCCCC2,0
CHEMBL3246538,18.0,ug.mL-1,CO[C@H]1/C=C/O[C@@]2(C)Oc3c(C)c(O)c4c(O)c(c(/C=N/NC(=O)CN5CCN(c6ccc(NC(C)=O)cc6)CC5)c(O)c4c3C2=O)NC(=O)/C(C)=C\C=C\[C@H](C)[C@H](O)[C@@H](C)[C@@H](O)[C@@H](C)[C@H](OC(C)=O)[C@@H]1C,0
CHEMBL403567,1.25,ug.mL-1,CCCCCCCCCCCCNCCNc1c(F)cc2c(=O)c(C(=O)O)cn(C3CC3)c2c1OC,1
CHEMBL3394241,32.0,ug.mL-1,CCCc1cc2[nH]c(=O)c(C#N)c(-c3ccccc3)c2c(C)n1,0
CHEMBL6966,0.0156,ug.mL-1,COc1ccc(CCN(C)CCCC(C#N)(c2ccc(OC)c(OC)c2)C(C)C)cc1OC,1
CHEMBL5287037,8.0,ug.mL-1,Cc1ccccc1-c1cc2c(cc1F)c(=O)c(C(=O)O)cn2C(C)(C)C,1
CHEMBL3742375,0.06,ug.mL-1,C[C@]1(COc2ccc(-n3cc(COc4ccc(OC(F)(F)F)cc4)nn3)cc2)Cn2cc([N+](=O)[O-])nc2O1,1
CHEMBL3326737,6.25,ug.mL-1,COc1ccc(C(c2nnnn2C2CCCCC2)N2CCN(C3=NC(=O)/C(=C/c4ccccc4)S3)CC2)cc1,1
CHEMBL2234200,5.92,ug.mL-1,O=C(NNc1nc(Nc2ccccn2)nc(Nc2ccc(Cl)cc2Cl)n1)c1ccncc1,1
CHEMBL5274637,0.2,ug.mL-1,CCOc1cc(C2OC(c3ccc(-n4cccc4)cc3)=NN2C(C)=O)ccc1O,1
CHEMBL2282070,250.0,ug.mL-1,Cc1ccc(N2C(=O)CSC2c2cc3ccccc3nc2S)cc1,0
CHEMBL3618252,25.0,ug.mL-1,CCn1cc(COCc2c(-c3ccc(C)cc3)nc3sc(C)nn23)nn1,0
CHEMBL1237046,6.25,ug.mL-1,CN(C)[C@@H]1C(O)=C(C(=O)NCN2CCCC2)C(=O)[C@@]2(O)C(O)=C3C(=O)c4c(O)cccc4[C@@](C)(O)[C@H]3C[C@@H]12,1
CHEMBL5431112,2.0,ug.mL-1,Cc1cc(Nc2nc(-c3ccccc3)nc3ccsc23)c(OC(C)C)cc1C1CCNCC1,1
CHEMBL453942,5.0,ug.mL-1,COc1cccc(/C=N/NC(=O)c2ccncc2)c1,1
CHEMBL4443151,0.95,ug.mL-1,CN(C)C(=O)/C=C/C(=O)c1ccccc1F,1
CHEMBL5280253,100.0,ug.mL-1,CO[C@H]1[C@@H](O)[C@H](n2ccc(=O)[nH]c2=O)O[C@@H]1[C@@H](O[C@@H]1OC(C(=O)N[C@H]2CCCCNC2=O)=C[C@@H](O)[C@H]1O)C(N)=O,0
CHEMBL51842,12.5,ug.mL-1,O=C(c1ccccc1SSc1ccccc1C(=O)N1CCOCC1)N1CCOCC1,0
CHEMBL1629833,6.25,ug.mL-1,OC(c1ccc(OCc2cccc(OCCN3CCCCC3)c2)cc1)C1CC1,1
CHEMBL3398352,50.0,ug.mL-1,CCCc1cc(=O)oc2c1c1c(c3oc(C(=O)NN)cc32)C=CC(C)(C)O1,0
CHEMBL5084113,24.2,ug.mL-1,Clc1ccc2c(CNCC3CCCCC3)c[nH]c2c1,0
CHEMBL4471867,64.0,ug.mL-1,N#Cc1ccc(/C=C/c2nc3ccc(OCc4cn(-c5cccc(Cl)c5)nn4)cc3c(=O)n2Cc2ccccc2)cc1,0
CHEMBL2418262,6.25,ug.mL-1,O=C1Nc2c(Cl)cccc2C(=O)/C1=N/Nc1ccccc1Cl,1
CHEMBL295910,12.5,ug.mL-1,CCOC(=O)CNC(=O)c1ccccc1SSc1ccccc1C(=O)NCC(=O)OCC,0
CHEMBL396051,12.5,ug.mL-1,CCN(CC)CCOc1ccc(C(c2ccc(OC)cc2)c2cn(S(=O)(=O)c3ccccc3)c3ccccc23)cc1,0
CHEMBL4777621,25.0,ug.mL-1,CC(=O)O[C@@H]1C[C@H]([C@H](C)[C@@H]2CC=C(C)C(=O)O2)[C@@]2(C)CCC3=C(CC[C@H]4C(C)(C)OC(=O)C=C[C@]45C[C@H]35)[C@]12C,0
CHEMBL5290972,16.0,ug.mL-1,CC(C)(C)n1cc(C(=O)O)c(=O)c2cc(F)c(Oc3ccccc3)cc21,0
CHEMBL2018934,32.0,ug.mL-1,CC1=C(C(=O)Nc2ccccc2)C(c2cn(-c3ccccc3)nc2-c2ccccc2)NC(=O)N1,0
CHEMBL3356378,16.0,ug.mL-1,Cl.Clc1ccc(Nc2cc3nc4ccccc4n(-c4ccc(Cl)cc4)c-3c/c2=N/CCC23CCCN2CCC3)cc1,0
CHEMBL3105647,100.0,ug.mL-1,NC(=O)c1cncc(N)n1,0
CHEMBL3971387,1.25,ug.mL-1,COC(=O)c1cc2occc2n1CC(=O)C(C)(C)C,1
CHEMBL361534,1.0,ug.mL-1,O=C1c2ccccc2C(=O)N1CCCCCN1CCN(CC/N=c2/cc3n(-c4ccc(Cl)cc4)c4ccccc4nc-3cc2Nc2ccc(Cl)cc2)CC1,1
CHEMBL1077673,3.13,ug.mL-1,NC[C@H](Cc1ccccc1)NC[C@@H]1CCCN1C[C@H](Cc1ccccc1)NC[C@H](Cc1ccccc1)NCCC12CC3CC(CC(C3)C1)C2,1
CHEMBL541732,12.5,ug.mL-1,CCOC(=O)Cn1ccnc1,0
CHEMBL3739934,0.7,ug.mL-1,O=C(c1nc2cc(C(F)(F)F)cc([N+](=O)[O-])c2s1)N1CCCCC1,1
CHEMBL3763860,30.0,ug.mL-1,O=C1CSc2ccccc2N1Cc1cn(-c2cccc([N+](=O)[O-])c2)nn1,0
CHEMBL5220404,1.56,ug.mL-1,O=C(NCc1cn(Cc2ccc(C(F)(F)F)cc2)nn1)c1cn2ccccc2n1,1
CHEMBL1922833,12.5,ug.mL-1,COC(=O)c1nnn(CC(=O)c2ccccc2)c1C(=O)OC,0
CHEMBL2296049,42.3,ug.mL-1,C[C@]12CC(=O)CC(CO)(CO)C1CC[C@@]13CC4[C@@H](CC12)[C@@]4(C)C3,0
CHEMBL271758,200.0,ug.mL-1,CC(C)=CCCC(C)CCN1C(=O)/C(=C(/C)O)C(=O)[C@@H]1CC(C)C,0
CHEMBL452109,15.75,ug.mL-1,O=C(CO)N1CCN(C(=O)CO)CC1,0
CHEMBL4532566,12.5,ug.mL-1,CCS(=O)(=O)N1CC=C(c2ccc3nc(-c4ccc(OC)c(OC)c4)cn3c2)CC1,0
CHEMBL51085,20.0,ug.mL-1,O=c1c2ccccc2[se]n1-c1ccccc1,0
CHEMBL1946672,0.625,ug.mL-1,Nc1nc(COC(=O)c2c(F)cccc2Cl)cs1,1
CHEMBL2282527,500.0,ug.mL-1,Nc1nc(-c2ccccc2)cc(-c2ccc(Nc3cc(=O)oc4ccccc34)cc2)n1,0
CHEMBL2260873,3.13,ug.mL-1,COc1cc(Cc2cnc(/N=C3\C(=O)N(CN4CCN(c5c(F)cc6c(=O)c(C(=O)O)cn(C7CC7)c6c5F)CC4C)c4ccc(Cl)cc43)nc2N)cc(OC)c1OC,1
CHEMBL5287781,1.5,ug.mL-1,Cc1cc(SCC(=O)Nc2ccc(C(C)C)cc2)nc(N)n1,1
CHEMBL4460207,0.16,ug.mL-1,O=c1nc(N2CCN(CC3CCCCC3)CC2)sc2c(-n3cccc3)cc(C(F)(F)F)cc12,1
CHEMBL4857280,0.016,ug.mL-1,CN(c1ccc(OC(F)(F)F)cc1)N1CCN(c2nc(=O)c3cc(C(F)(F)F)cc([N+](=O)[O-])c3s2)CC1,1
CHEMBL4439220,12.48,ug.mL-1,CC(=O)c1sc(/N=C2\NC(=O)/C(=C3/C(=O)Nc4ccc(F)cc43)S2)nc1C,1
CHEMBL2347775,0.25,ug.mL-1,O=C1c2cc(OC(F)(F)F)ccc2-n2c1nc1cnccc1c2=O,1
CHEMBL2418900,0.625,ug.mL-1,O=[N+]([O-])c1ccc(OCc2nc3cc(Br)ccc3n2S(=O)(=O)c2cc(F)ccc2F)cc1,1
CHEMBL1241634,4.5,ug.mL-1,O=C(c1ccncc1)N1N=C(c2cc3ccccc3o2)CC1c1ccc(O)cc1,1
CHEMBL375721,4.12,ug.mL-1,COc1ccc(C2CC(c3ccc(O)c(C)c3)=NN2C(=S)Nc2ccccc2OC)cc1,1
CHEMBL3747001,25.0,ug.mL-1,CC(=O)N1N=C(c2ccc(-n3cccc3)cc2)CC1c1ccccc1Cl,0
CHEMBL4788325,3.1,ug.mL-1,N/C(=N\NC(=S)N1CCOCC1)c1cc(Oc2ccccc2)ccn1,1
CHEMBL1783124,10.0,ug.mL-1,COc1ccc2nc(C)cc(-n3cc(CNS(=O)(=O)c4ccc(C)cc4)nn3)c2c1,1
CHEMBL514456,0.2,ug.mL-1,COc1ccc2c(c1)[n+]([O-])c(C#N)c(-c1ccc(F)cc1)[n+]2[O-],1
CHEMBL244948,128.0,ug.mL-1,O=c1ccc2ccc(O)c(O)c2o1,0
CHEMBL4558337,100.0,ug.mL-1,COc1ccc2cc1Oc1cc(ccc1OC)CCC(NCCc1ccccn1)CCCC2,0
CHEMBL4516845,50.0,ug.mL-1,CC(=O)O[C@]12CCC(=O)OC(C)(C)[C@@H]1CCC1=C2CC[C@]2(C)[C@@H]([C@H](C)[C@H]3OC(=O)C(C)=C[C@@H]3O)CC[C@@]12C,0
CHEMBL4868772,0.5,ug.mL-1,CCOC(=O)NC(=O)c1ccsc1NC(=O)c1ccc(C(=O)NC2CCCCC2)cc1,1
CHEMBL1822992,3.12,ug.mL-1,O=C(/C=C/c1ccc(OCc2cc(F)ccc2F)cc1)c1ccc(-n2ccnc2)cc1,1
CHEMBL578796,1.0,ug.mL-1,CCOC(=O)c1cc(/C=C/c2c(Cl)cncc2Cl)on1,1
CHEMBL249433,6.25,ug.mL-1,CCN(CC)CCOc1ccc(C(c2ccccc2)c2ccccc2)c2ccccc12,1
CHEMBL1682110,256.0,ug.mL-1,O=[N+]([O-])c1cn(CC(OCc2ccc(F)cc2F)c2ccc(Cl)cc2Cl)cn1,0
CHEMBL384735,6.25,ug.mL-1,COc1cc(C2=NN(C(=O)c3ccccc3)C(c3ccc(O)cc3)C2)c(C)cc1OCC(=O)O,1
CHEMBL4172963,0.78,ug.mL-1,COc1c(N2C[C@H]3CCCN(Cc4cn(CCCN5C(=O)/C(=N/O)c6cc(F)ccc65)nn4)[C@H]3C2)c(F)cc2c(=O)c(C(=O)O)cn(C3CC3)c12,1
CHEMBL4463574,1.0,ug.mL-1,COc1c(N2C[C@H]3CCCN(C(=O)Cn4cc(CN5C(=O)/C(=N/O)c6ccccc65)nn4)[C@H]3C2)c(F)cc2c(=O)c(C(=O)O)cn(C3CC3)c12,1
CHEMBL3126366,1.56,ug.mL-1,CCN(CC)c1cc2[nH]c(C3CCCCC3)nc2cc1NC(=O)OCC(F)(F)F,1
CHEMBL3091844,8.0,ug.mL-1,NNC(=O)c1cccs1,1
CHEMBL4174465,25.0,ug.mL-1,CC(C)(C)C1CCc2c(sc3nc(SCc4ccc(C(=O)O)cc4)nc(N)c23)C1,0
CHEMBL2235911,500.0,ug.mL-1,COc1ccc(-c2cc(=O)n(-c3cccc(Cl)c3)c(N3CCCC3)c2/N=N/c2ccc(Cl)cc2[N+](=O)[O-])cc1,0
CHEMBL4858066,16.0,ug.mL-1,CC(=O)OC[C@H]1O[C@H](OC[C@H](Cn2cc(COc3ccc(-c4noc(NC5CCCCC5)n4)cc3)nn2)OC(C)=O)C=C[C@@H]1OC(C)=O,0
CHEMBL3091654,0.4,ug.mL-1,C/C(=N\NC(=O)c1ccncc1)c1cccc(CN2CCN(c3ccccn3)CC2)c1O,1
CHEMBL4470418,22.0,ug.mL-1,CCC/C=C/CCCCc1cccc(O)c1,0
CHEMBL4552710,25.0,ug.mL-1,Cc1ccc(C(=O)C2C(c3c(C)nn(-c4ccccc4)c3-n3cncn3)C3CCCN3C23C(=O)Nc2ccccc23)cc1,0
CHEMBL2282539,25.0,ug.mL-1,N#Cc1c(-c2ccc(Cl)cc2Cl)cc(-c2ccc(Nc3cc(=O)oc4ccccc34)cc2)nc1N,0
CHEMBL3739804,30.0,ug.mL-1,Cc1cc(OCc2cn(Cc3cccc([N+](=O)[O-])c3)nn2)ccc1Cl,0
CHEMBL1800194,32.0,ug.mL-1,CC(=O)N(O)CCC(c1ccccc1CO)P(=O)(O)O,0
CHEMBL5285601,2.1,ug.mL-1,COC(=O)c1c(NC(=O)c2c(F)c(F)c(F)c(F)c2F)sc2c1CCC2,1
CHEMBL1956052,2.0,ug.mL-1,O=C(N/N=C/c1ccccc1)c1coc2ccccc12,1
CHEMBL477872,57.0,ug.mL-1,O=C(Nc1ccc(O)cc1)NC12CC3CC(CC(C3)C1)C2,0
CHEMBL4439510,6.25,ug.mL-1,O=C(Cn1nnnc1-c1ccccc1)NN1C(=O)C(Cl)C1c1ccc(Br)cc1,1
CHEMBL3417613,1.28,ug.mL-1,COc1ccccc1C(c1ccc(OCCN2CCCCC2)cc1)c1cccs1,1
CHEMBL4225673,11.98,ug.mL-1,CC(=O)N1CCN(Cc2ccc([N+](=O)[O-])o2)CC1,1
CHEMBL1288803,6.25,ug.mL-1,Clc1ccc(S/C=C(\c2ccc3ccccc3c2)n2cc(Sc3ccc(Cl)cc3)c(-c3ccc4ccccc4c3)n2)cc1,1
CHEMBL3098889,50.0,ug.mL-1,COc1cc(NS(=O)(=O)c2ccccc2OC)ccc1-n1cnc(Cl)c1,0
CHEMBL413784,0.62,ug.mL-1,Clc1ccc(B(Oc2ccc(Cl)c3cccnc23)c2ccc(Cl)cc2)cc1,1
CHEMBL1823291,100.0,ug.mL-1,OCc1cn(-c2cc(Cl)ccc2Cl)nn1,0
CHEMBL463442,6.25,ug.mL-1,C[C@H]1CC[C@H]2C(C)(C)CCC[C@]23Oc2ccc(OC(=S)N(C)C)cc2C[C@]13C,1
CHEMBL4285099,1.25,ug.mL-1,O=C(N/N=C/c1ccc(CSc2nc3ccccc3[nH]2)cc1)c1ccncc1,1
CHEMBL560508,0.78,ug.mL-1,Fc1ccc(C2Cc3[nH]c4ccc(Cl)cc4c3S2)cc1,1
CHEMBL3319181,3.125,ug.mL-1,Nc1nc(-c2ccc(CCN3CCN(CCCN4CCN(c5ccccc5)CC4)CC3)cc2)cs1,1
CHEMBL2059848,0.5,ug.mL-1,O=C(NN1C(=O)CSC1c1ccccc1Cl)c1cc(-c2ccc(Cl)cc2)n[nH]1,1
CHEMBL431210,0.2,ug.mL-1,CCCC[C@H](CN(O)C=O)C(=O)N[C@H](C(=O)N(C)C)C(C)(C)C,1
CHEMBL13818,57.6,ug.mL-1,Cl.NCc1cc(F)cc(F)c1,0
CHEMBL538960,6.25,ug.mL-1,Fc1ccc2[nH]c3c(c2c1)SC(c1ccccc1)C3,1
CHEMBL4633731,3.1,ug.mL-1,CCCCC#C/C=C1\Cn2c(c(I)c3cc4c(cc32)OCO4)C(=O)O1,1
CHEMBL4434762,8.0,ug.mL-1,CCOC(=O)c1c(-c2ccccc2)oc2ccc(OCCCN3C(=O)/C(=N/O)c4ccccc43)cc12,1
CHEMBL5591179,10.0,ug.mL-1,CCCSc1nc2c(c(=O)[nH]1)C(c1ccc(OC)cc1N)CC(=O)N2,1
CHEMBL1306725,256.0,ug.mL-1,CCOc1ccc(/C=C/C(=O)c2c(O)cc(C)oc2=O)cc1,0
CHEMBL3398353,25.0,ug.mL-1,CCCc1cc(=O)oc2c1c1c(c3oc(C(=O)NNC(=O)c4ccncc4)cc32)C=CC(C)(C)O1,0
CHEMBL4245774,7.555,ug.mL-1,O=C(CN1CCc2cc(CNC(=O)c3cc([N+](=O)[O-])cc([N+](=O)[O-])c3)ccc2C1)OCc1ccccc1,1
CHEMBL4085273,18.8,ug.mL-1,CCCCCCc1cc2c(=O)n(CCSc3nc(-c4cc(OC)c(OC)c(OC)c4)c(C#N)c(=O)[nH]3)cnc2s1,0
CHEMBL463540,3.125,ug.mL-1,CCCCCCC1=C(O)CC(CCCCC)OC1=O,1
CHEMBL3093115,8.0,ug.mL-1,O=C(NCc1cn(Cc2cccc([N+](=O)[O-])c2)nn1)c1ccc([N+](=O)[O-])o1,1
CHEMBL4777062,3.1,ug.mL-1,O=Nc1c(C(F)(F)F)n[nH]c1-c1cccs1,1
CHEMBL3247259,20.0,ug.mL-1,CC(=O)/C=C/c1cnc([N+](=O)[O-])n1C,0
CHEMBL2177927,0.015,ug.mL-1,COC1CCC(/N=c2\cc3n(-c4ccc(Br)cc4)c4ccccc4nc-3cc2Nc2cccnc2C)CC1,1
CHEMBL3793135,192.31,ug.mL-1,Cc1cccc2cc(/C=C3\SC(=S)N(CCC(=O)O)C3=O)c3nnnn3c12,0
CHEMBL389913,250.0,ug.mL-1,Cc1ccc(-n2nnnc2S)cc1,0
CHEMBL198173,25.0,ug.mL-1,c1coc(CCOc2ccc(CC3CC3)cc2)c1,0
CHEMBL19153,6.25,ug.mL-1,Clc1nc(/C=C/c2ccccc2)c2ncn(Cc3ccccc3)c2n1,1
CHEMBL398141,6.25,ug.mL-1,CC(=O)Nc1nc(Cc2nnc(SCSc3nnc(Cc4csc(NC(C)=O)n4)n3NC(=O)c3ccc(Cl)cc3)n2NC(=O)c2ccc(Cl)cc2)cs1,1
CHEMBL4797827,3.48,ug.mL-1,CC(C)=CCC/C(C)=C/COc1ccc(C(=O)OCCCOc2cccc(Nc3nc4ccccc4c(=O)o3)c2)cc1,1
CHEMBL381581,0.2,ug.mL-1,COc1c(N2CCN(CN3C(=O)/C(=N\c4ccc(S(=O)(=O)Nc5ncccn5)cc4)c4cc(F)ccc43)C(C)C2)c(F)cc2c(=O)c(C(=O)O)cn(C3CC3)c12,1
CHEMBL200039,12.5,ug.mL-1,COc1ccc(OC)c(-c2cc(-c3ccc(O)cc3)nc(NCCCn3ccnc3)n2)c1,0
CHEMBL3394632,25.0,ug.mL-1,O=C1CC([Se]c2ccccc2)N1,0
CHEMBL208613,3.12,ug.mL-1,CN(C)c1ccc(/C=N/N=C(\S)Nc2ncc(C3CCC3)o2)cc1,1
CHEMBL1629822,6.25,ug.mL-1,O=[N+]([O-])c1cccc(COc2ccc(C(O)C3CC3)cc2)c1,1
CHEMBL5646378,2.0,ug.mL-1,COc1cccc(-n2c(C)cc(/C=C3\S/C(=N/c4nc(C)c(C)s4)NC3=O)c2C)c1,1
CHEMBL321325,16.0,ug.mL-1,Cn1cc(C(=O)O)c(-c2ccc(Cl)cc2)c1,0
CHEMBL516254,50.0,ug.mL-1,NNC(=O)C1=NOC(c2ccc(N3CCN(Cc4ccccc4)CC3)cc2)C1,0
CHEMBL4876649,12.5,ug.mL-1,COc1ccc(/C=C2\SC(=S)N(c3cc([N+](=O)[O-])ccc3N)C2=O)cc1,0
CHEMBL1950117,200.0,ug.mL-1,N#Cc1cnc(C#N)c(NC2CCCCCC2)n1,0
CHEMBL2296629,50.0,ug.mL-1,O=C(/C=C/c1ccc(O)cc1)c1cc2c(ccc3ccccc32)oc1=O,0
CHEMBL2262809,200.0,ug.mL-1,Oc1ccc2c(c1)Oc1[nH]c(=S)[nH]c(=S)c1C2c1ccccc1,0
CHEMBL1077702,3.9,ug.mL-1,Brc1cccc(CCCN2CCN([C@@H](Cc3ccccc3)CN3CCCC3CN3CCNC[C@@H]3Cc3ccccc3)C[C@@H]2Cc2ccccc2)c1,1
CHEMBL1797375,500.0,ug.mL-1,COc1ccc2c(c1)CCC(CO)=C2Cl,0
CHEMBL3099168,50.0,ug.mL-1,C/C(=N\NC(N)=O)c1ccc(-n2c(C)ccc2C)cc1,0
CHEMBL5639647,16.0,ug.mL-1,Cc1cc(/C=C2\S/C(=N/c3nccs3)NC2=O)c(C)n1-c1ccccc1Cl,0
CHEMBL5177643,0.45,ug.mL-1,CC(C)OC(=O)NC(=O)c1ccsc1NC(=O)c1ccc(S(=O)(=O)N2CCOCC2)cc1,1
CHEMBL5435165,16.0,ug.mL-1,COc1ccc(-c2ccn(-c3ccc(NC(=S)NC4CCCCC4)cc3)n2)cc1OC,0
CHEMBL5440840,1.0,ug.mL-1,Cc1cc(Nc2nc(-c3ccccc3)ncc2Cl)c(OC(C)C)cc1C1CCNCC1,1
CHEMBL2031789,75.0,ug.mL-1,O=C(NC12CC3CC(CC(C3)C1)C2)N[C@H]1CC[C@@H](OC2CCCCC2)CC1,0
CHEMBL1834458,10.0,ug.mL-1,CO[C@@H]1[C@@H](OC(N)=O)[C@@H](O)[C@H](Oc2ccc3c(O)c(NC(=O)c4cc(CC=C(C)C)c(O)c(CN(C)C(=O)c5ccccc5)c4)c(=O)oc3c2C)OC1(C)C,1
CHEMBL4163773,6.25,ug.mL-1,Cn1c(=O)cc(Oc2nc(Nc3ccc(C#N)c(C(F)(F)F)c3)nc(N3CCN(c4ccc(F)cc4)CC3)n2)c2ccccc21,1
CHEMBL3781432,30.0,ug.mL-1,O=C(/C=C\c1ccccc1F)N1N=C(c2ccncc2)OC1c1c[nH]c2ccccc12,0
CHEMBL1684011,25.0,ug.mL-1,O=C(NNC(=O)c1ccc2[nH]c(-c3ccc([N+](=O)[O-])o3)nc2c1)c1cccc(Oc2ccccc2)c1,0
CHEMBL4756646,50.0,ug.mL-1,COc1ccc(NC(=S)Nc2ccc(Cl)cc2)cc1,0
CHEMBL3822494,12.5,ug.mL-1,O=C(Cn1cc(C2(O)CCCC2)nn1)Nc1nc(-c2ccc3oc4ccccc4c3c2)cs1,0
CHEMBL4785147,100.0,ug.mL-1,CCCCC(=O)Oc1cccc(Nc2nc3ccccc3c(=O)o2)c1,0
CHEMBL4848820,2.0,ug.mL-1,COC(=O)c1cc(-c2cccc(NC(=O)/C=C/c3ccc(Cl)cc3)c2)on1,1
CHEMBL404459,12.5,ug.mL-1,CC(=O)Oc1cccc2c1[nH]c1c([C@@H]3C=C4CC/C=C\CCCCN5CC[C@H]3[C@]3(C5)C(C(C)=O)=C5/C(C(C)=O)=C\CCCCN5[C@H]43)nccc12,0
CHEMBL4633894,25.0,ug.mL-1,Cc1nn(-c2ccccc2)c(C)c1CNC1CCCCC1,0
CHEMBL3577491,12.5,ug.mL-1,Oc1cccc(OCCCOc2ccc(-n3cccc3)cc2)c1,0
CHEMBL1801785,128.0,ug.mL-1,CC(=O)N[C@@H](CCCN)CC(=O)N[C@@H]1[C@H](O)[C@@H](O)[C@@H](COC(N)=O)O[C@H]1/N=C1\N[C@@H]2[C@H](O)CNC(=O)[C@H]2N1,0
CHEMBL463219,61.5,ug.mL-1,CCCCCCC/C=C\[C@H](O)C#CC#C[C@@H](O)CC,0
CHEMBL197109,6.25,ug.mL-1,CCCCNCC(O)COc1ccc(C(c2ccc(OC)cc2)c2cc3ccccc3c3ccccc23)cc1,1
CHEMBL3354891,25.0,ug.mL-1,O=C(NCc1ccc(F)cc1)c1cn2cc(-c3cccc4ncccc34)ccc2n1,0
CHEMBL3126798,128.0,ug.mL-1,O=C(CSc1nc2ccccc2s1)NN1CCOCC1,0
CHEMBL5527962,12.5,ug.mL-1,O=C1C(Cl)=C(N2C(=O)C(Cl)C2c2cccc([N+](=O)[O-])c2)C(=O)c2ccccc21,0
CHEMBL4469322,1.82,ug.mL-1,CCOC(=O)/C=C/C(=O)c1ccccc1OC,1
CHEMBL477237,2.2,ug.mL-1,COC(=O)CCc1ccc(NC(=O)NC23CC4CC(CC(C4)C2)C3)cc1,1
CHEMBL4780967,250.0,ug.mL-1,COc1ccc(COc2ccc(NC(=O)CSc3nc(C)c(C(C)=O)n3-c3ccc(Br)cc3)cc2)cc1,0
CHEMBL1632459,62.0,ug.mL-1,CN1CCN(CCCOc2ccc(NC(=O)NC34CC5CC(CC(C5)C3)C4)cc2)CC1,0
CHEMBL255890,100.0,ug.mL-1,CC(C)=CCc1cc([C@@H]2CC(=O)c3c(O)cc(O)cc3O2)cc(CC=C(C)C)c1O,0
CHEMBL510151,6.25,ug.mL-1,CN1C[C@H](c2cccc3ccccc23)[C@]2(CCC/C(=C\c3cccc4ccccc34)C2=O)[C@]12C(=O)c1cccc3cccc2c13,1
CHEMBL3417024,50.0,ug.mL-1,COc1ccc(-c2nc3sc(-c4ccc(F)cc4)nn3c2-c2nc3cc(Cl)ccc3[nH]2)cc1,0
CHEMBL4472609,4.0,ug.mL-1,Cc1ccc(S(=O)(=NSC(F)(F)F)N2CCCCC2)cc1,1
CHEMBL1086599,10.0,ug.mL-1,O=C(Nc1ccccc1)Nc1c(-c2cccc(F)c2)nc2ccccc2c1O,1
CHEMBL5277095,10.0,ug.mL-1,CCC(C)CCCCCCCC/C=C/C(=O)N[C@H]1[C@H](O[C@@H]2O[C@@H](CO)[C@H](O)[C@H](O)[C@H]2NC(C)=O)O[C@H](C[C@@H](C)[C@H]2O[C@@H](N3CCC(=O)NC3=O)[C@H](O)[C@@H]2O)[C@H](O)[C@@H]1O,1
CHEMBL5556696,6.25,ug.mL-1,O=C1C(Cl)=C(/N=C/c2ccc(Cl)cc2)C(=O)c2ccccc21,1
CHEMBL3747354,50.0,ug.mL-1,O=C1CSCCN1c1ccc(CO[C@@H]2COc3nc([N+](=O)[O-])cn3C2)cc1F,0
CHEMBL3978718,50.0,ug.mL-1,COc1cc(/C=C/C(=O)CC(C)=O)cc(OC)c1O,0
CHEMBL232522,6.25,ug.mL-1,COC(=O)CSc1nnc(Cc2csc(NC(C)=O)n2)n1NC(=O)c1ccc(Cl)cc1,1
CHEMBL501716,6.25,ug.mL-1,C/C(=N\Nc1csc(-c2ccc3c(c2)CCC3)n1)c1ccc(Cl)cc1,1
CHEMBL4126817,50.0,ug.mL-1,CC(=O)O[C@H]1CC[C@]2(C)C3=C(C(=O)C[C@H]2C1(C)C)[C@]1(C)[C@@H](O)C[C@H]([C@H](C)CC/C=C(\C)C(=O)O)[C@@]1(C)CC3,0
CHEMBL1951381,100.0,ug.mL-1,COc1ccnc(NC(=O)NS(=O)(=O)c2cc(NC(=O)C(F)(F)F)ccc2Cl)n1,0
CHEMBL576210,1.9,ug.mL-1,CC[C@@]1(O)CCCN2[C@@H](CC1)C[C@]13CN4CCCC/C=C\CC[C@](O)(C=C(c5nccc6c5[nH]c5c(O)cccc56)[C@@H]1CC4)[C@H]23,1
CHEMBL32,0.06,ug.mL-1,COc1c(N2C[C@@H]3CCCN[C@@H]3C2)c(F)cc2c(=O)c(C(=O)O)cn(C3CC3)c12,1
CHEMBL249038,3.12,ug.mL-1,Clc1ccc(C(c2ccccc2)c2c(OCCN3CCCCCC3)ccc3ccccc23)cc1,1
CHEMBL3120325,6.25,ug.mL-1,Cc1cc(=O)oc2cc(OCc3cn(Cc4cc(=O)oc5cc(Cl)ccc45)nn3)ccc12,1
CHEMBL4459636,64.0,ug.mL-1,C#CCNc1ccc2c(=O)n(-c3ccccc3)c(/C=C/c3ccc(C#N)cc3)nc2c1,0
CHEMBL5632246,60.0,ug.mL-1,CCCCCCc1ccc(Oc2ccc(Cn3cc(CNC(=O)c4cc5ccc(N(CC)CC)cc5oc4=O)nn3)cc2)c(O)c1,0
CHEMBL180393,16.0,ug.mL-1,O=C(CN(/N=C/c1ccc(Cl)cc1Cl)C(=O)c1ccncc1)N1CCN(c2cccc(C(F)(F)F)c2)CC1,0
CHEMBL1079716,3.13,ug.mL-1,NC[C@H](Cc1ccccc1)NC[C@@H]1CCCN1C[C@H](Cc1ccccc1)NC[C@H](Cc1ccccc1)NCCCC1CCCCC1,1
CHEMBL1644111,12.5,ug.mL-1,C/C(=C\CO)CCC[C@H](C)CCC[C@H](C)CCCC(C)C,0
CHEMBL5422381,16.0,ug.mL-1,COc1ccc(-c2ccn(-c3ccc(NC(=S)Nc4cccc(Cl)c4)cc3)n2)cc1OC,0
CHEMBL3338469,50.0,ug.mL-1,NNC(=O)CC(=O)Nc1ccccc1C(=O)O,0
CHEMBL5265968,0.25,ug.mL-1,CC(C)(C)n1cc(C(=O)O)c(=O)c2cc(F)c(-c3ccc(O)cc3)cc21,1
CHEMBL485790,128.0,ug.mL-1,CC(C)[C@@H]1CC[C@]2(C)[C@H](CC=C3[C@@H]4CC(C)(C)CC[C@]4(C(=O)O)CC[C@]32C)[C@@]1(C)CCC(=O)O,0
CHEMBL4751656,32.0,ug.mL-1,COc1ccc(-n2nnnc2Nc2cccc(Cl)c2)cc1,0
CHEMBL5394119,64.0,ug.mL-1,O=C1CCCC2=C1C(c1cccc(Cl)c1)C1=C(CCCC1=O)O2,0
CHEMBL1829644,12.5,ug.mL-1,COc1cccc2c1CCC/C2=N/Nc1nc(-c2cccc([N+](=O)[O-])c2)cs1,0
CHEMBL4438519,32.0,ug.mL-1,CC(C)c1ccc(-c2nc(CN3CCN(c4ccnc5cc(-c6cc(F)cc(F)c6)ccc45)CC3)no2)cc1,0
CHEMBL4288358,24.0,ug.mL-1,C[C@H]1[C@H](C)CC[C@]2(COC(=O)/C=C/c3ccccc3)CC[C@]3(C)C(=CC[C@@H]4[C@@]5(C)CCCNC(C)(C)[C@@H]5CC[C@]43C)[C@@H]12,0
CHEMBL5633490,500.0,ug.mL-1,COc1ccnc(C(=O)Nc2cncc(Cl)n2)c1,0
CHEMBL4475431,0.39,ug.mL-1,COc1c(N2C[C@@H]3CCCN(CCN4C(=O)C(=O)c5ccccc54)[C@@H]3C2)c(F)cc2c(=O)c(C(=O)O)cn(C3CC3)c12,1
CHEMBL4279178,0.8,ug.mL-1,CCCn1c(C)cnc1C1CN(C(=O)c2ccc([N+](=O)[O-])o2)C1,1
CHEMBL562094,12.5,ug.mL-1,COc1cc(-c2cc(N3CCCCC3)nc(N)n2)cc(OC)c1OC,0
CHEMBL1243131,62.5,ug.mL-1,COc1ccc2nc(Nn3c(-c4ccc(C)cc4)nnc3-c3cccnc3)sc2c1,0
CHEMBL55934,1.0,ug.mL-1,O=C1C=CC(=O)c2ccccc21,1
CHEMBL3099150,25.0,ug.mL-1,C/C(=N\NC(=O)c1ccc(Br)cc1)c1ccc(-n2c(C)ccc2C)cc1,0
CHEMBL4097556,37.0,ug.mL-1,N#Cc1ccc(NS(=O)(=O)c2ccc(NC(=O)Nc3ccc([N+](=O)[O-])cc3)cc2)cc1,0
CHEMBL4791225,0.03,ug.mL-1,CC(=O)NC[C@@H]1OC(=O)N2c3cc(F)c(N4CCSCC4)cc3OC[C@@H]12,1
CHEMBL5633116,250.0,ug.mL-1,O=C(Nc1ccc(C(=O)O)c(O)c1)c1ccccn1,0
CHEMBL2299170,6.25,ug.mL-1,O=C1C(=O)N(CCSC(=S)N2CCN(c3ccc(Cl)c(Cl)c3)CC2)c2ccc(Br)cc21,1
CHEMBL1088678,125.0,ug.mL-1,CC(=O)N1N=C(c2nc(C(C)C)cs2)OC1(C)c1ccc(Br)cc1,0
CHEMBL2037405,6.25,ug.mL-1,N#Cc1ccc2nc(NC(=O)CSc3nnc(Cn4cnc5ccccc54)o3)sc2c1,1
CHEMBL3126124,0.16,ug.mL-1,CN(C)c1cc2[nH]c(C3CCCCC3)nc2cc1NC(=O)c1ccc(OC(F)(F)F)cc1,1
CHEMBL241583,20.0,ug.mL-1,CC(=O)Oc1cc(OC(C)=O)c2c(OC(C)=O)cc(C)cc2c1OC(C)=O,0
CHEMBL2282090,12.5,ug.mL-1,Cc1cnc(N2C(=O)C(Cl)C2c2cc3ccccc3nc2Cl)s1,0
CHEMBL522288,6.25,ug.mL-1,CC1=C(C(=O)Nc2ccc(C)cc2)C(c2cccc([N+](=O)[O-])c2)NC(=O)N1,1
CHEMBL5218861,25.0,ug.mL-1,Cc1ccccc1NC(=O)Cn1cc(COc2ccc([N+](=O)[O-])cc2)nn1,0
CHEMBL3217212,2.0,ug.mL-1,CC(C)=CCC/C(C)=C/CNCCN1[C@H]2C3C4CC5C6C4C2C6[C@@]1(O)C53.Cl.Cl,1
CHEMBL570627,2.5,ug.mL-1,Oc1ccccc1/C=N/Nc1ccnc2cc(Cl)ccc12,1
CHEMBL4590873,25.0,ug.mL-1,COc1ccc2cc1Oc1cccc(c1)CCCCC(NCCc1ccc(F)cc1)CC2,0
CHEMBL5281670,64.0,ug.mL-1,COc1cc(CN2CCN(S(=O)(=O)c3ccc(NC(C)=O)cc3)CC2)nc2ccc(F)cc12,0
CHEMBL2392736,1.56,ug.mL-1,Cc1csc(NC(=O)NC2C3CC4CC(C3)CC2C4)n1,1
CHEMBL3798739,16.0,ug.mL-1,Cc1c(CNCc2ccccc2)cc(-c2ccc(Cl)cc2)n1-c1ccc(Cl)cc1,0
CHEMBL5209117,1.77,ug.mL-1,OC12C=C(c3nccc4c3[nH]c3ccccc34)C3CCN(CCCC/C=C\CC1)CC31CC34CCC(CCCN3C21)O4,1
CHEMBL2393495,6.25,ug.mL-1,Cc1c(CN2CCN(c3ccc(N4C[C@H](Cn5cc(-c6cncn6C)nn5)OC4=O)cc3F)CC2)cc(-c2ccc(F)cc2F)n1-c1ccc(F)cc1,1
CHEMBL3272710,25.0,ug.mL-1,Nc1nc(N)c2c(Cl)c(Sc3ccccc3Cl)ccc2n1,0
CHEMBL3310385,42.4,ug.mL-1,COc1ccc(OC)c(NC(=O)NNC(=O)c2cc([N+](=O)[O-])cn2C)c1,0
CHEMBL4170418,0.78,ug.mL-1,COc1c(N2C[C@H]3CCCN(Cc4cn(CCCN5C(=O)/C(=N/O)c6ccccc65)nn4)[C@H]3C2)c(F)cc2c(=O)c(C(=O)O)cn(C3CC3)c12,1
CHEMBL3358766,0.75,ug.mL-1,Cc1cc2nc(CCC3CCCCC3)[nH]c2cc1C,1
CHEMBL2347948,0.04,ug.mL-1,Cc1cc(C)c2cc(C(=O)NC3C4CC5CC(C4)CC3C5)[nH]c2c1,1
CHEMBL5268932,1.562,ug.mL-1,CC(C)Cc1ccc(-c2nn(-c3ccccc3)cc2Cn2ccnc2)cc1,1
CHEMBL4749740,3.12,ug.mL-1,CN1CCN(Cc2nnc(-c3ccc(Cl)cc3)o2)CC1,1
CHEMBL4587216,32.0,ug.mL-1,Cc1cn2cc([N+](=O)[O-])nc2c(OCc2ccccc2OC(F)(F)F)n1,0
CHEMBL568640,125.0,ug.mL-1,CC(C)c1csc(C(=O)N/N=C/c2cccc(Cl)c2Cl)n1,0
CHEMBL3236830,50.0,ug.mL-1,CC(=O)c1ccc(C)cc1OCc1cn(CC(=O)NC23CC4CC(CC(C4)C2)C3)nn1,0
CHEMBL559983,1.56,ug.mL-1,N#CCn1c(-c2ccc(-n3cncn3)cc2)nc2c(F)cc(F)cc21,1
CHEMBL235212,32.0,ug.mL-1,COc1ccc(C[C@H]2c3cc(O)c(OC)cc3CCN2C)cc1O,0
CHEMBL3357527,200.0,ug.mL-1,CCCCCCOc1ccccc1C1CC(=O)c2ccc(O)cc2O1,0
CHEMBL393465,20.0,ug.mL-1,CC(=O)Oc1cc(OC(C)=O)c2c(OC(C)=O)cc(C)c(Cl)c2c1OC(C)=O,0
CHEMBL1945140,128.0,ug.mL-1,c1ccc(-n2cc(CSc3nc4ccccc4s3)nn2)cc1,0
CHEMBL4574791,1.45,ug.mL-1,CCOc1ccc(C(=O)/C=C/C(=O)OCCNC(=O)OC(C)(C)C)cc1,1
CHEMBL1271085,1.56,ug.mL-1,O=C1Oc2cc(F)ccc2N/C1=C\C(=O)c1ccccc1Cl,1
CHEMBL5218594,1.56,ug.mL-1,Cc1nc2ccccn2c1C(=O)NCc1cn(Cc2ccc(C(F)(F)F)cc2)nn1,1
CHEMBL3913353,3.12,ug.mL-1,C/C(=N\NC(=O)c1ccc(-n2cccc2)cc1)C(=O)Nc1ccc(Br)cc1,1
CHEMBL1783311,12.5,ug.mL-1,CCCCCCCCCCO[C@@H]1C=CC(=O)[C@@H](CO)O1,0
CHEMBL2424959,25.0,ug.mL-1,COc1cc(C2CC(c3ccccc3)=NN2C(C)=O)cc(N)c1O,0
CHEMBL3402175,1.6,ug.mL-1,CC(=O)CC(=O)CCc1ccc(O)cc1,1
CHEMBL4455320,64.0,ug.mL-1,Cc1nc2cc(-n3cc(-c4ccccc4)nn3)ccc2c(=O)n1-c1ccccc1,0
CHEMBL3358760,1.5,ug.mL-1,C[n+]1cc2c(cn3c4ccccc4ccc23)c2ccccc21.[I-],1
CHEMBL178332,16.0,ug.mL-1,O=C(CN(/N=C/c1cccc(Cl)c1)C(=O)c1ccncc1)N1CCN(c2ccc([N+](=O)[O-])cc2)CC1,0
CHEMBL1629830,12.5,ug.mL-1,OC(c1ccc(OCc2ccc(OCCN3CCCCC3)cc2)cc1)C1CC1,0
CHEMBL518744,12.5,ug.mL-1,COc1cc2c(cc1OC)-c1c3c(cc4c1[C@@H](C2)NCC4)OCO3,0
CHEMBL2430775,6.25,ug.mL-1,COC(=O)/C(=C/c1ccc(Br)cc1)CN1C(=O)C(=O)c2cc(Cl)ccc21,1
CHEMBL2377134,62.5,ug.mL-1,CC1(C)CC(=O)C2=C(C1)N(c1cccc(C(F)(F)F)c1)C(N)=C(C#N)C2c1cc2cc(Cl)ccc2nc1Oc1ccc(C#N)cc1,0
CHEMBL4577036,2.0,ug.mL-1,C#CCOc1cccc(-n2c(/C=C/c3ccc(C#N)cc3)nc3cccc(F)c3c2=O)c1,1
CHEMBL519821,6.25,ug.mL-1,CC1=C(C(=O)Nc2ccc(C)cc2C)C(c2ccc([N+](=O)[O-])cc2)NC(=O)N1,1
CHEMBL296656,25.0,ug.mL-1,CCN(CC)CCN(C)S(=O)(=O)c1ccc2nc(N)nc(N)c2c1,0
CHEMBL4215269,15.62,ug.mL-1,COC(=O)[C@H]1[C@@H](C(=O)OC)C(c2ccccc2)(c2ccccc2)N(c2nc(-c3ccccc3)c(C(=O)c3ccccc3)s2)[C@H]1C(=O)OC,0
CHEMBL4452391,1.24,ug.mL-1,CCCN(CCC)C(=O)/C=C/C(=O)c1ccccc1[N+](=O)[O-],1
CHEMBL3298658,100.0,ug.mL-1,OC1=C2Nc3ccccc3N2CN(c2ccc(Br)cc2)[C@@H]1c1ccc(O)cc1,0
CHEMBL5430254,8.0,ug.mL-1,O=C(CN1C(=O)c2cccc3cccc(c23)C1=O)N1CCN(C(=S)Nc2ccc(Cl)cc2)CC1,1
CHEMBL4457212,4.25,ug.mL-1,CCO/N=C1\C(=O)N(CCCOc2ccc3oc(-c4ccc(OC)cc4)c(C(=O)OCC)c3c2)c2ccccc21,1
CHEMBL1410398,50.0,ug.mL-1,C=C[C@@]1(C)C=C2CC[C@@H]3[C@](C)(CCC[C@@]3(C)C(=O)O)[C@H]2CC1,0
CHEMBL4547299,4.0,ug.mL-1,CC(=O)/C=C/C(=O)OCCNC(=O)OC(C)(C)C,1
CHEMBL3323558,0.25,ug.mL-1,CO[C@H]1/C=C/O[C@@]2(C)Oc3c(C)c(O)c4c(O)c(c(CNCc5cn(CN6C(=O)c7ccccc7C6=O)nn5)c(O)c4c3C2=O)NC(=O)/C(C)=C\C=C\[C@H](C)[C@H](O)[C@@H](C)[C@@H](O)[C@@H](C)[C@H](OC(C)=O)[C@@H]1C,1
CHEMBL2281597,8.0,ug.mL-1,Brc1ccccc1-c1nnc(-c2ccc(-n3cccc3)cc2)o1,1
CHEMBL4752483,25.0,ug.mL-1,N#C/C(=C\c1ccc(N2CCN(C3CCCCC3)CC2)cc1)c1nc2ccccc2[nH]1,0
CHEMBL391442,16.0,ug.mL-1,O=C(c1cccs1)C(Cn1ccnc1)Cn1ccnc1,0
CHEMBL2235889,62.5,ug.mL-1,N#Cc1ccc(Nc2nc(Oc3ncnc4ccccc34)nc(N3CCN(C(c4ccccc4)c4ccccc4)CC3)n2)cc1C(F)(F)F,0
CHEMBL559222,100.0,ug.mL-1,CCCCCC1CCCCCCCCCC(=O)O[C@@H]2[C@@H](O[C@@H]3O[C@@H](C)[C@H](OC(=O)CCCCCCCCC[C@@H](CCCCC)O[C@@H]4O[C@H](C)[C@@H](O)[C@H](O)[C@H]4O[C@@H]4O[C@H](CO)[C@@H](O)[C@H](O)[C@H]4O[C@@H]4O[C@@H](C)[C@H](O[C@@H]5O[C@H](C)[C@@H](O)[C@H](O)[C@H]5O)C(O)C4OC(=O)CCC)[C@@H](O)[C@@H]3O)[C@H](C)O[C@@H](O[C@H]3[C@H](O[C@H]4[C@H](O1)O[C@H](C)[C@@H](O)[C@@H]4O)O[C@H](COC(=O)C(C)C(C)O)[C@@H](O)[C@@H]3O)[C@@H]2OC(=O)C(C)C(C)O,0
CHEMBL4290667,25.0,ug.mL-1,O=C(Nc1cccc(F)c1)c1c(-c2ccccc2)c2cc(Cl)ccc2n(Cc2ccc(F)cc2)c1=O,0
CHEMBL66431,6.25,ug.mL-1,CC(=O)OC1CC(c2ccc(F)cc2)N(c2ccccc2)O1,1
CHEMBL568392,0.4,ug.mL-1,Cc1c(CN2CCSCC2)cc(-c2ccccc2)n1-c1ccc(F)cc1,1
CHEMBL3577489,25.0,ug.mL-1,Cc1ccc(C)c(OCCCOc2ccc(-n3cccc3)cc2)c1,0
CHEMBL1210291,3.12,ug.mL-1,CCCCNc1nc(NNC(=O)c2ccncc2)nc(N2CCc3ccccc3C2)n1,1
CHEMBL3357503,25.0,ug.mL-1,CCCCCCCC1CC(O)c2ccc(O)cc2O1,0
CHEMBL2206804,25.0,ug.mL-1,COc1cccc2c1OC/C(=C\c1ccc3oc4ccccc4c3c1)C2=O,0
CHEMBL2298080,10.0,ug.mL-1,Cc1[nH]c2ccc(OC(F)(F)F)cc2c1CCCNC(=O)CCc1c[nH]c2ccc(Cl)cc12,1
CHEMBL1077803,3.9,ug.mL-1,c1ccc(C[C@H]2CNCCN2CC2CCCN2C[C@H](Cc2ccccc2)N2CCN(CCC3CCCCC3)[C@@H](Cc3ccccc3)C2)cc1,1
CHEMBL574320,75.0,ug.mL-1,Clc1ccc(/C=C/c2nc3cc(Br)ccc3[nH]2)c(Cl)c1,0
CHEMBL3799576,16.0,ug.mL-1,Cc1cc(CN2CCN(C3C4CC5CC(C4)CC3C5)CC2)c(C)n1-c1ccccc1F,0
CHEMBL14009,204.8,ug.mL-1,CCCCNCc1cc(Cl)cc([N+](=O)[O-])c1.Cl,0
CHEMBL3099181,12.5,ug.mL-1,C/C(=N\NC(=O)COc1ccc(Cl)cc1)c1ccc(-n2cccc2)cc1,0
CHEMBL2393487,16.0,ug.mL-1,Cc1cccc(-c2cn(C[C@H]3CN(c4ccc(N5CCN(Cc6cc(-c7ccccc7C)n(-c7ccc(F)cc7)c6C)CC5)c(F)c4)C(=O)O3)nn2)c1,0
CHEMBL2282561,500.0,ug.mL-1,CC(=O)N1N=C(c2ccc(Nc3cc(=O)oc4ccccc34)cc2)CC1c1ccc(Cl)cc1Cl,0
CHEMBL4554885,100.0,ug.mL-1,COc1ccc2cc1Oc1cc(ccc1OC)CCC(OC(=O)NCCc1ccccc1)CCCC2,0
CHEMBL5596361,25.0,ug.mL-1,CCc1cc(-c2nc(C)c(C(=O)OCc3cn(-c4ccccc4OC)nn3)s2)ccn1,0
CHEMBL473687,0.1,ug.mL-1,CC(=O)NCCNC(=O)/C=C/c1ccc(OC/C=C(\C)CCC=C(C)C)cc1,1
CHEMBL5266841,25.0,ug.mL-1,O=C1C(C2c3ccccc3-c3ccccc32)CCN1Cc1ccc(Cl)cc1,0
CHEMBL1917768,25.0,ug.mL-1,O=C1CC(Sc2ccccc2)N1,0
CHEMBL575361,100.0,ug.mL-1,Nc1c2ccccc2nc2oc3ccccc3c12,0
CHEMBL2298085,1.25,ug.mL-1,Cc1c(CCCNC(=O)CCc2cn(C)c3ccc(Cl)cc23)c2cc(OC(F)(F)F)ccc2n1C,1
CHEMBL559086,1.76,ug.mL-1,Fc1ccc2[nH]c3c(c2c1)SC(c1ccccc1Cl)C3,1
CHEMBL18677,12.5,ug.mL-1,Clc1nc(C#Cc2ccccc2)c2ncn(Cc3ccccc3)c2n1,0
CHEMBL274079,256.0,ug.mL-1,CCCCNCc1ccc(Cl)c(C(F)(F)F)c1.Cl,0
CHEMBL5414249,32.0,ug.mL-1,O=C(CNc1ccccc1)NC12CC3CC(CC(C3)C1)C2,0
CHEMBL4435390,6.25,ug.mL-1,FC(F)(F)c1ccc(Cn2cc(C3=C(Cl)c4ccc(-c5cccs5)nc4CC3)nn2)cc1,1
CHEMBL485287,6.25,ug.mL-1,CC1=C(C(=O)Nc2ccccc2F)C(c2cccc([N+](=O)[O-])c2)NC(=O)N1,1
CHEMBL3946982,25.0,ug.mL-1,O=C1CCN(Cc2cc(-c3ccc(Cl)cc3)n(-c3ccc(Cl)cc3)n2)CC1,0
CHEMBL4572688,50.0,ug.mL-1,CC1=CC[C@@H]([C@@H](C)[C@H]2CC[C@@]3(C)[C@@]45CC[C@@H](C(C)(C)O4)[C@]4(CCC(=O)OC4)C5=CC[C@]23C)OC1=O,0
CHEMBL4526728,3.12,ug.mL-1,O=c1oc2ccccc2cc1-n1cc(Cn2ccc3cncnc32)nn1,1
CHEMBL1077688,7.8,ug.mL-1,N=C1NC[C@H](Cc2ccccc2)N1CC1CCCN1C[C@H](Cc1ccccc1)N1C[C@H](Cc2ccccc2)N(CC2CCCC2)C1=N,1
CHEMBL4786986,30.81,ug.mL-1,CCCCCCOc1cccc(Nc2nc3ccccc3c(=O)o2)c1,0
CHEMBL454008,12.5,ug.mL-1,CCCCCCCCNC(=O)CS(=O)(=O)[C@@H]1O[C@H](COC(C)=O)[C@@H](O[C@@H]2O[C@H](COC(C)=O)[C@H](OC(C)=O)[C@H](OC(C)=O)[C@H]2OC(C)=O)[C@H](OC(C)=O)[C@H]1OC(C)=O,0
CHEMBL1208804,12.5,ug.mL-1,CCNC1CN(c2nc(N3CCCCC3)nc(N3CCOC(NCC)C3)n2)CCO1,0
CHEMBL4762673,0.937,ug.mL-1,O=C(Nc1nnc(-c2ccc(Cl)cc2)o1)c1ccc([N+](=O)[O-])o1,1
CHEMBL2414324,16.0,ug.mL-1,CN(C)CCOc1cncc(-c2cccc(-c3cn4cccc(C(N)=O)c4n3)c2)c1,0
CHEMBL3828390,6.25,ug.mL-1,Cc1c(C(=O)CSc2nc3ccccc3[nH]2)[n+]([O-])c2ccccc2[n+]1[O-],1
CHEMBL562371,25.0,ug.mL-1,O[C@@H](COc1ccc(Cl)cc1)CN1CCC(O)(c2ccc(Cl)cc2)CC1,0
CHEMBL4847504,64.0,ug.mL-1,CC(=O)OC[C@H]1O[C@H](OC[C@H](Cn2cc(COc3ccc(-c4noc(C)n4)cc3)nn2)OC(C)=O)C=C[C@@H]1OC(C)=O,0
CHEMBL5403245,0.001,ug.mL-1,C[C@H]1COC2(CCC(c3nc(=O)c4cc(C(F)(F)F)cc([N+](=O)[O-])c4s3)CC2)O1,1
CHEMBL4172153,6.24,ug.mL-1,COc1cc(/C=N/NC(=O)c2c[nH]c3cc(Cl)ccc3c2=O)cc(OC)c1OC,1
CHEMBL3126143,25.0,ug.mL-1,C=Cc1cccc(C(=O)Nc2cc3nc(C4CCCCC4)[nH]c3cc2N(CC)CC)c1,0
CHEMBL5177021,10.0,ug.mL-1,O=C(CCCN1CCC(O)(c2ccc(Cl)cc2)CC1)c1ccc(Br)cc1,1
CHEMBL2178567,0.25,ug.mL-1,CN1CCC(/N=c2\cc3n(-c4ccc(F)cc4)c4ccccc4nc-3cc2Nc2cccnc2)CC1,1
CHEMBL2282074,125.0,ug.mL-1,O=C1CSC(c2cc3ccccc3nc2S)N1c1ccccc1Cl,0
CHEMBL4281822,16.0,ug.mL-1,COC(=O)N[C@H]1[C@@H](C)O[C@@H](O[C@H]2C/C=C(\C)[C@@H]3C=C[C@@H]4[C@@H](O[C@H]5C[C@@H](O[C@H]6C[C@@H](O)[C@@H](O[C@@H]7C[C@@H](O)[C@@H](OC)[C@H](C)O7)[C@H](C)O6)[C@@H](O)[C@H](C)O5)[C@@H](C)C[C@H](C)[C@H]4[C@]3(C)C(=O)C3=C(O)[C@@]4(C[C@@H](C)C(CO)=C[C@H]4/C=C/2C)OC3=O)C[C@]1(C)N,0
CHEMBL5171146,64.0,ug.mL-1,O=c1nc(SCc2cn(-c3ccc(N4CCOCC4)c(F)c3)nn2)sc2c([N+](=O)[O-])cc(Cl)cc12,0
CHEMBL2261073,25.0,ug.mL-1,O=C(N/N=C/c1cccc(O)c1)c1cccnc1,0
CHEMBL1089835,0.433,ug.mL-1,Cc1c(C(=O)NCc2ccccc2)[n+]([O-])c2cc(Cl)ccc2[n+]1[O-],1
CHEMBL215970,16.0,ug.mL-1,Cc1ccc(-n2c(-c3ccc(F)cc3)cc(CN3CCN(C)CC3)c2C)cc1,0
CHEMBL467844,0.2,ug.mL-1,Cc1cc2c(cc1C)[n+]([O-])c(N1CCN(c3ccc([N+](=O)[O-])cc3)CC1)c(C#N)[n+]2[O-],1
CHEMBL1090170,0.406,ug.mL-1,Cc1c(C(=O)NCc2ccccc2)[n+]([O-])c2cc(C(F)(F)F)ccc2[n+]1[O-],1
CHEMBL245142,2.1,ug.mL-1,CCCCOCCCCCNC(=O)NC12CC3CC(CC(C3)C1)C2,1
CHEMBL573343,64.0,ug.mL-1,Cc1ccc(C2C/C(=N\N=C3/NC(=O)CS3)C(C)C(c3ccc(C)cc3)N2)cc1,0
CHEMBL2424957,25.0,ug.mL-1,CC(=O)N1N=C(c2ccccc2)CC1c1cc(Cl)c2oc(S)nc2c1,0
CHEMBL4073706,3.12,ug.mL-1,FC(F)(F)c1ccc(-n2cc(COc3ccc(-c4ccccc4)cc3)nn2)cc1,1
CHEMBL3805255,3.1,ug.mL-1,O.O=C(CNc1ncnc2[nH]cnc12)N[C@@H](Cc1ccccc1)C(=O)O,1
CHEMBL4292363,1.0,ug.mL-1,CC1CC(C(=O)Nc2nc3cccc(F)c3s2)CC(C)(C)C1,1
CHEMBL3358717,100.0,ug.mL-1,O=C1NC(=O)/C(=C2/CCNC(=O)c3[nH]c(Br)cc32)N1,0
CHEMBL5268450,50.0,ug.mL-1,Cc1cc(O)n2nc(Nc3cccc(C)c3C)c(C(=O)Nc3cccc(Cl)c3)c2n1,0
CHEMBL460417,12.5,ug.mL-1,CCCCNc1ccnc2cc(Cl)ccc12,0
CHEMBL1823574,160.0,ug.mL-1,COC(=O)[C@]1(O)C=C(OCc2cc3ccc(Cl)cc3s2)[C@@H](O)[C@H](O)C1,0
CHEMBL448422,6.25,ug.mL-1,COc1ccc(/C=N/N=C(\S)Nc2ncc(C3CCC3)o2)cc1,1
CHEMBL3827085,6.25,ug.mL-1,Cc1c(C(=O)CSCCNC(=O)c2cccs2)[n+]([O-])c2ccccc2[n+]1[O-],1
CHEMBL3746437,12.5,ug.mL-1,Cc1ccc(/C=C/C(=O)c2ccc(-n3cccc3)cc2)cc1,0
CHEMBL5286806,1.5,ug.mL-1,Sc1nnc(-c2cc(Br)co2)o1,1
CHEMBL1910815,16.0,ug.mL-1,CSCCC(NC(=O)NC(Cc1c[nH]c2ccccc12)C(=O)O)C(=O)NC(C(=O)N/C=C1\C[C@@H](O)[C@H](n2ccc(=O)[nH]c2=O)O1)C(C)N(C)C(=O)C(Cc1cccc(O)c1)NC(=O)OCc1ccccc1,0
CHEMBL1082872,64.0,ug.mL-1,CC1(C)CC(=O)C2=C(C1)OC(N)=C(C#N)C2c1cccc(O)c1,0
CHEMBL4862586,0.12,ug.mL-1,CCOC(=O)NC(=O)c1ccsc1NC(=O)c1ccc(C(=O)N2CCCCC2)c(C)c1,1
CHEMBL3310371,2.5,ug.mL-1,COc1ccc(NC(=O)NNC(=O)c2cc([N+](=O)[O-])c[nH]2)cc1,1
CHEMBL257304,12.5,ug.mL-1,COc1ccc(C(c2cccs2)c2ccccc2OCCN2CCCCC2)cc1,0
CHEMBL1270877,100.0,ug.mL-1,CCS(=O)(=O)c1ccc2c(c1)N/C(=C\C(=O)OC)C(=O)O2,0
CHEMBL5279104,100.0,ug.mL-1,Cc1ccc(Nc2nn3c(O)cc(C)nc3c2C(=O)Nc2ccccc2)cc1,0
CHEMBL5598255,25.0,ug.mL-1,CCCc1cc(-c2nc(C)c(C(=O)OCc3cn(-c4ccc(OC)cc4)nn3)s2)ccn1,0
CHEMBL5220087,6.25,ug.mL-1,CCc1nn(-c2ccccc2)c(=O)n1N(Cc1ccc(O)cc1)CN(CC)CC,1
CHEMBL5072094,2.75,ug.mL-1,CC(C)=CCC/C=C(\C)Cn1cc(CNC2CCCCCC2)c2ccc(Cl)cc21,1
CHEMBL496759,1.25,ug.mL-1,O=C(N/N=C/c1ccc([N+](=O)[O-])cc1)c1ccncc1,1
CHEMBL437749,6.25,ug.mL-1,CC(=O)NNC(=O)CSc1nnc(Cc2csc(NC(=O)c3ccccc3)n2)n1NC(=O)c1cccc([N+](=O)[O-])c1,1
CHEMBL101307,16.0,ug.mL-1,NC(=O)c1c[nH]cc1-c1ccc(Cl)cc1,0
CHEMBL1526946,64.0,ug.mL-1,COc1ccc(NC(=S)N2CCN(CCN3C(=O)c4cccc5cccc(c45)C3=O)CC2)cc1,0
CHEMBL500246,1.41,ug.mL-1,Cc1ccc(/C=C2\CN(C)C[C@@]3(C2=O)[C@@H](c2ccc(C)cc2)[C@H](c2ccccc2)N[C@@]32C(=O)Nc3ccccc32)cc1,1
CHEMBL4206202,25.0,ug.mL-1,Cc1nc2c(cc1Cn1cc(-c3ccccc3)nn1)CCCc1ccccc1-2,0
CHEMBL4278135,64.0,ug.mL-1,N#Cc1ccc(/C=C/c2nc3ccccc3c(=O)n2-c2ccc(OCc3cn(Cc4ccc(Br)cc4)nn3)cc2)cc1,0
CHEMBL1819585,3.5,ug.mL-1,Clc1ccc(C2CC(c3ccc4[nH]c5c(c4c3)CCCC5)=NN2)cc1,1
CHEMBL3394609,25.0,ug.mL-1,O=C1CC(Sc2ccccc2F)N1,0
CHEMBL181592,16.0,ug.mL-1,O=C1c2cccc3cccc(c23)C(=O)N1CCCCN1CCN(CC/N=c2/cc3n(-c4ccc(Cl)cc4)c4ccccc4nc-3cc2Nc2ccc(Cl)cc2)CC1,0
CHEMBL511455,6.3,ug.mL-1,CC(C)=CCc1c([C@@H]2CC(=O)c3c(O)cc(O)c(CC=C(C)C)c3O2)cc2c(c1O)OC(C)(C)C=C2,1
CHEMBL4472738,6.25,ug.mL-1,Cc1nn(-c2ccccc2)c(-n2cncn2)c1C1C2CCCN2C2(C(=O)Nc3ccc(Br)cc32)C1C(=O)c1cccc([N+](=O)[O-])c1,1
CHEMBL206897,0.05,ug.mL-1,COc1c(N2CCN(Cn3c(O)c(/N=N/C(N)=O)c4ccccc43)C(C)C2)c(F)cc2c(=O)c(C(=O)O)cn(C3CC3)c12,1
CHEMBL4458047,0.39,ug.mL-1,COc1c(N2C[C@@H]3CCCN(CCN4C(=O)/C(=N\NC(N)=O)c5cc(F)ccc54)[C@@H]3C2)c(F)cc2c(=O)c(C(=O)O)cn(C3CC3)c12,1
CHEMBL471260,32.0,ug.mL-1,Brc1ccc([C@@H](c2cn(Cc3ccccc3)nn2)n2ccnc2)cc1,0
CHEMBL113375,25.0,ug.mL-1,CCCCCCCCS(=O)(=O)NC(N)=O,0
CHEMBL1783115,0.625,ug.mL-1,COc1ccc2nc(C)cc(-n3cc(CNC(=O)c4ccc(F)cc4)nn3)c2c1,1
CHEMBL3099377,25.0,ug.mL-1,Cc1ccc(-c2cn(CC(=O)N3c4ccccc4Sc4ccc(C(F)(F)F)cc43)nn2)cc1,0
CHEMBL2296411,12.5,ug.mL-1,O=C(Nc1nnc(-c2ccccc2)o1)C1CC(=O)N(c2ccccc2)C1,0
CHEMBL468100,6.25,ug.mL-1,O=C(CNC(=O)OCc1ccccc1)Oc1ccc(Cl)cc1C(=O)Nc1cccc(Cl)c1,1
CHEMBL1210163,3.12,ug.mL-1,CCNC1CN(c2nc(N3CCc4ccccc4C3)nc(N3CCc4ccccc4C3)n2)CCO1,1
CHEMBL590085,25.0,ug.mL-1,C=CCn1c2ccc(C)cc2c2nnc(SCCCn3c(=O)[nH]c4ccccc43)nc21,0
CHEMBL3326735,12.5,ug.mL-1,O=C1N=C(N2CCN(C(c3ccc(Cl)cc3)c3nnnn3C3CCCCC3)CC2)S/C1=C\c1ccccc1,0
CHEMBL5182236,27.8,ug.mL-1,N=C(N)NCCNC(=O)c1cc2c([nH]c3ccccc32)c(-c2ccc(O)cc2)n1,0
CHEMBL498907,6.25,ug.mL-1,O=C1c2cccc3cccc(c23)[C@]12N[C@@H](c1ccccc1)[C@H](c1ccc(F)cc1)[C@]21CCC/C(=C\c2ccc(F)cc2)C1=O,1
CHEMBL234162,6.25,ug.mL-1,CC(=O)Nc1nc(Cc2nnc(SCC#N)n2NC(=O)c2cccc([N+](=O)[O-])c2)cs1,1
CHEMBL2059847,0.55,ug.mL-1,O=C(NN1C(=O)[C@H](Cl)[C@H]1c1ccccc1Cl)c1cc(-c2ccc(Cl)cc2)n[nH]1,1
CHEMBL4590642,12.5,ug.mL-1,CN(Cc1ccccc1)C(=O)CC1CCOC2(CCN(C(=O)c3ccc([N+](=O)[O-])o3)CC2)C1,0
CHEMBL5402832,0.078,ug.mL-1,CCCCCCCCCCCCCCCCC(=O)N(O)CCCC[C@H](NC(=O)[C@@H]1COC(c2ccccc2O)=N1)C(=O)NC[C@H](CC(=O)CCCO[C@H]1O[C@@H]2O[C@@]3(C)CC[C@H]4[C@H](C)CC[C@@H]([C@H]1C)[C@@]24OO3)C(=O)N[C@H]1CCCCN(O)C1=O,1
CHEMBL4849563,8.0,ug.mL-1,CCOC(=O)c1c(C)[n+]([O-])c2cc(N3CCN(C)CC3)c(F)cc2[n+]1[O-],1
CHEMBL46345,12.5,ug.mL-1,S=C(Nc1ccccc1)Nc1ccc(-c2n[nH]c(=S)n2-c2ccccc2)cc1,0
CHEMBL471861,6.25,ug.mL-1,COc1nc2ccc(Br)cc2cc1C(c1ccccc1)N1CCN(c2cccc(C(F)(F)F)c2)CC1,1
CHEMBL380277,12.5,ug.mL-1,Oc1[nH]c2ccc(F)cc2c1/N=N/C(S)=N/c1ncc(C2CCC2)o1,0
CHEMBL4282504,10.0,ug.mL-1,Nc1cc(Cc2ccccc2)cc(NC(=O)c2ccccc2)c1,1
CHEMBL113713,8.0,ug.mL-1,CCCCCCOC(=O)c1cnc(F)cn1,1
CHEMBL5283327,6.25,ug.mL-1,COc1ccc2c(c1)c(-c1c3c4c(cc5c(c4c4ccc(OC)cc14)OCO5)CCN3)c1c3c(cc4c(c32)COC4)CCN1,1
CHEMBL3126129,5.0,ug.mL-1,CN(C)c1cc2[nH]c(C3CCCCC3)nc2cc1NC(=O)c1cccs1,1
CHEMBL5405648,1.1,ug.mL-1,CS(=O)(=O)N1CCN(c2ccc(N3C[C@H](CNC(=O)c4ccc([N+](=O)[O-])o4)OC3=O)cc2F)CC1,1
CHEMBL4228558,50.0,ug.mL-1,O=C(/C=C/c1ccccc1)Nc1nc(-c2ccc3sc4ccccc4c3c2)cs1,0
CHEMBL118409,24.0,ug.mL-1,CCCCCCOC(=O)c1ccncc1,0
CHEMBL50,50.0,ug.mL-1,O=c1c(O)c(-c2ccc(O)c(O)c2)oc2cc(O)cc(O)c12,0
CHEMBL1684008,25.0,ug.mL-1,COc1cccc(C(=O)NNC(=O)c2ccc3[nH]c(-c4ccc([N+](=O)[O-])o4)nc3c2)c1,0
CHEMBL5172470,0.051,ug.mL-1,CCCOC(=O)NC(=O)c1ccsc1NC(=O)c1ccc(S(=O)(=O)N2CCCCC2)cc1,1
CHEMBL249434,6.25,ug.mL-1,c1ccc(C(c2ccccc2)c2ccc(OCCN3CCCC3)c3ccccc23)cc1,1
CHEMBL4436550,4.2,ug.mL-1,CCOC(=O)c1nc(C2CCCCC2)sc1-c1ccccc1C#N,1
CHEMBL457476,8.0,ug.mL-1,Clc1ccc(C2=NN[C@H](c3ccc(Cl)cc3Cl)[C@H]2n2ccnc2)c(Cl)c1,1
CHEMBL1922607,400.0,ug.mL-1,CC(=O)N(O)CCCP(=O)(OC(C)C)OC(C)C,0
CHEMBL1946522,5.0,ug.mL-1,Nc1nc(COC(=O)Cc2ccccc2OC(F)(F)F)cs1,1
CHEMBL1951363,20.0,ug.mL-1,C=CC(=O)Nc1ccc(Cl)c(S(=O)(=O)NC(=O)Nc2nccc(C)n2)c1,0
CHEMBL211411,0.5,ug.mL-1,Cc1c(CN2CCSCC2)cc(-c2ccc(F)cc2F)n1-c1ccc(F)cc1,1
CHEMBL2313534,100.0,ug.mL-1,COc1ccc(CNc2nc(C#N)cnc2C(N)=O)cc1,0
CHEMBL506655,12.5,ug.mL-1,CCCCCCCCCCCCNC(=O)CS(=O)(=O)[C@@H]1O[C@H](COC(C)=O)[C@@H](OC(C)=O)[C@H](OC(C)=O)[C@H]1OC(C)=O,0
CHEMBL3800293,15.59,ug.mL-1,CC1(CN)CN(c2nc3c(cc2F)c(=O)c(C(=O)O)cn3-c2nc(N)c(F)cc2F)C/C1=N\OCc1ccccc1,0
CHEMBL1945139,128.0,ug.mL-1,CCOc1ccc(-n2cc(CSc3nc4ccccc4s3)nn2)cc1,0
CHEMBL3356757,2.5,ug.mL-1,FC(F)(F)c1cccc(NC[C@@H]2CCCN3CCCC[C@H]23)c1,1
CHEMBL4438186,50.0,ug.mL-1,COc1ccc(-c2cn3cc(C4=CCN(C(=O)C5CC5)CC4)ccc3n2)cc1OC,0
CHEMBL3799856,3.56,ug.mL-1,CN1CCN(/N=C\c2cc(C(F)(F)F)nc3c(C(F)(F)F)cccc23)CC1,1
CHEMBL5193215,2.79,ug.mL-1,CCOC(=O)NC(=O)c1ccsc1NC(=O)c1ccc(S(=O)(=O)Nc2ccc(Br)cc2)cc1,1
CHEMBL4873338,100.0,ug.mL-1,COc1ccc(-c2cn(CC3Cc4cn(Cc5ccccc5)c5cccc(c45)C(=O)O3)nn2)cc1,0
CHEMBL3828239,1.56,ug.mL-1,Cc1c(C(=O)CSc2ccccc2)[n+]([O-])c2ccccc2[n+]1[O-],1
CHEMBL120433,100.0,ug.mL-1,CNC,0
CHEMBL5196740,8.0,ug.mL-1,COc1cc(/C=C/C(=O)c2cccc(Nc3nc4ccccc4o3)c2)cc(OC)c1OC,1
CHEMBL279330,100.0,ug.mL-1,COc1ccc2oc(=O)sc2c1C(=O)/C=C/c1ccc(Cl)cc1,0
CHEMBL5282367,4.9,ug.mL-1,COC(=O)c1sc(NC(=O)c2c(F)c(F)c(F)c(F)c2F)c(C(=O)ON)c1C,1
CHEMBL362753,0.39,ug.mL-1,CN(C)/C=C/c1c2c(nc3ccccc13)C(=O)c1ccccc1C2=O,1
CHEMBL3577496,3.125,ug.mL-1,c1ccc2cc(OCCCOc3ccc(-n4cccc4)cc3)ccc2c1,1
CHEMBL2418270,6.25,ug.mL-1,Cc1ccc2c(c1)NC(=O)/C(=N\Nc1ccccc1Cl)C2=O,1
CHEMBL4176320,9.6,ug.mL-1,Oc1ccc(-c2cc(-c3ccc(Cl)cc3)nc(/N=c3\ccc4ccccc4o3)n2)cc1,1
CHEMBL1083202,10.0,ug.mL-1,CCCCCNc1nc2c(-c3cccc(F)c3)nc3ccccc3c2o1,1
CHEMBL4089192,0.075,ug.mL-1,COc1ccc(OCCNC(=O)c2cc([N+](=O)[O-])cc([N+](=O)[O-])c2)cc1,1
CHEMBL1089098,1.153,ug.mL-1,Cc1c(C(=O)NCCc2ccccc2)[n+]([O-])c2cc(C(F)(F)F)ccc2[n+]1[O-],1
CHEMBL3577421,100.0,ug.mL-1,Nc1ccccc1OCCOc1ccc(-n2cccc2)cc1,0
CHEMBL3310587,11.9,ug.mL-1,Cc1ccccc1NC(=S)NNC(=O)c1cc([N+](=O)[O-])cn1C,1
CHEMBL5403041,32.0,ug.mL-1,COc1ccc(NCC(=O)NC2C3CC4CC(C3)CC2C4)cc1,0
CHEMBL4846417,6.3,ug.mL-1,CO[C@H]1[C@H](O)C=C2C(=O)c3c(cc(C)c(-c4c(C)cc5c(c4O)C(=O)C4=CC[C@H](OC)[C@@H](O)[C@]4(C)O5)c3O)O[C@@]2(C)[C@@H]1O,1
CHEMBL4857603,0.12,ug.mL-1,CCOC(=O)NC(=O)c1ccsc1NC(=O)c1ccc(C(=O)NC23CC4CC(CC(C4)C2)C3)cc1,1
CHEMBL2418308,6.25,ug.mL-1,COc1ccccc1N/N=C1\C(=O)Nc2cc([N+](=O)[O-])ccc2C1=O,1
CHEMBL212497,6.25,ug.mL-1,COc1cc(C2=NN(C(=O)c3ccc([N+](=O)[O-])cc3)C(c3ccc(O)cc3)C2)c(C)cc1OCC(=O)O,1
CHEMBL300922,100.0,ug.mL-1,CC(CCc1ccccc1)NC(=O)c1ccccc1SSc1ccccc1C(=O)NC(C)CCc1ccccc1,0
CHEMBL2441290,25.0,ug.mL-1,C(=C/c1ccc(OCc2ccccc2)cc1)\CCn1cncn1,0
CHEMBL4075413,25.0,ug.mL-1,CN(C)C1CCN(Cc2c(-c3ccccc3)[nH]c3ccnc(Cl)c23)CC1,0
CHEMBL459702,13.4,ug.mL-1,C=C(C)[C@@H]1CC[C@]2(C)CC[C@]3(C)[C@H](CC[C@@H]4[C@@]5(C)CC[C@@H](O)C(C)(C)[C@@H]5CC[C@]43C)[C@@H]12,0
CHEMBL477955,1.56,ug.mL-1,CCOC(=O)C1=NOC(c2ccc(N3CCN(C(=O)OC)CC3)cc2)C1,1
CHEMBL64397,8.0,ug.mL-1,O=c1ssc2ncccc12,1
CHEMBL4781321,50.0,ug.mL-1,COc1ccc(-c2cc(-c3nnc(C)o3)nn2-c2ccc(NC(=O)c3ccccc3)cc2)cc1,0
CHEMBL4460317,34.0,ug.mL-1,Cc1nc(C(=O)NCc2cccnc2)c(-c2ccc(C#N)cc2)s1,0
CHEMBL2441317,2.41,ug.mL-1,c1ccc(COc2ccc(C(Nc3nc4ccccc4s3)C3CC3)cc2)cc1,1
CHEMBL1171344,100.0,ug.mL-1,CCCCC(O)CCCCCCCCCCCCCCCCCCCC(=O)CCC,0
CHEMBL4091767,12.5,ug.mL-1,O=[N+]([O-])c1ccc(-c2ncncc2-c2cc(C(F)(F)F)cc(C(F)(F)F)c2)o1,0
CHEMBL5274138,5.0,ug.mL-1,CC(C)C[C@H](N)C(=O)NCC(=O)NC[C@H](Cc1ccccc1)B(O)O,1
CHEMBL2177959,0.039,ug.mL-1,COc1ncccc1Nc1cc2nc3ccccc3n(-c3ccc(F)cc3)c-2c/c1=N\C1CCOCC1,1
CHEMBL2435366,0.35,ug.mL-1,CC1=NN(C(=O)c2cc(-c3ccc(Cl)cc3)n[nH]2)C(=O)/C1=N/Nc1cccc(F)c1,1
CHEMBL4079838,32.0,ug.mL-1,CN(C)C(=O)c1cc2n(n1)CCN(Cc1ccc(Cl)c(Cl)c1)C2=O,0
CHEMBL5280354,25.0,ug.mL-1,CC(=O)N1N=C(c2ccc3oc(-c4ccccc4Cl)nc3c2)CC1c1cccs1,0
CHEMBL4764875,100.0,ug.mL-1,CC(C)=CCC/C(C)=C/CC/C(C)=C/COc1cccc(Nc2nc3ccccc3c(=O)o2)c1,0
CHEMBL3099083,1.56,ug.mL-1,CCOC(=O)Cn1cc(-c2ccc3oc4ccccc4c3c2)nn1,1
CHEMBL374165,5.0,ug.mL-1,Clc1ccc(C(Oc2cccc3cccnc23)c2ccc(Cl)cc2)cc1,1
CHEMBL3085991,29.3,ug.mL-1,Cn1cc([N+](=O)[O-])cc1-c1nnc(-c2ccc[nH]2)o1,0
CHEMBL3120340,12.5,ug.mL-1,Cc1ccc2c(COc3ccccc3I)cc(=O)oc2c1,0
CHEMBL4587789,4.0,ug.mL-1,COc1cccc(C(=O)/C=C/C(=O)OCCNC(=O)OC(C)(C)C)c1,1
CHEMBL4525537,0.156,ug.mL-1,CN(C)c1ccc(C2C(Cl)C(=O)N2NC(=O)Cn2nnnc2-c2ccccc2)cc1,1
CHEMBL3806128,0.78,ug.mL-1,CCCCc1cn(C(CN2CCCCC2)c2ccc3sc4ccccc4c3c2)nn1,1
CHEMBL4560353,25.0,ug.mL-1,O=C(c1ccc([N+](=O)[O-])o1)N1CCC2(CC1)CC(OCC1CC1)CCO2,0
CHEMBL2430632,2.47,ug.mL-1,N#Cc1c(NC(=O)c2cccs2)[n+]([O-])c2ccc(Cl)cc2[n+]1[O-],1
CHEMBL3808865,25.0,ug.mL-1,O=C(NCc1ccc(Oc2ccc(F)cc2)cc1)c1c(-c2ccc3sc4ccccc4c3c2)nc2ccccn12,0
CHEMBL387788,3.16,ug.mL-1,COc1cc(C2=NN(C(N)=O)C(c3ccc(F)cc3)C2)ccc1OCC(=O)O,1
CHEMBL4225682,0.239,ug.mL-1,O=C(C1CCCCC1)N1CCN(Cc2ccc([N+](=O)[O-])o2)CC1,1
CHEMBL3310381,26.1,ug.mL-1,COc1ccc(NC(=O)NNC(=O)c2cc([N+](=O)[O-])cn2C)cc1,0
CHEMBL4069512,50.0,ug.mL-1,C[C@]12CC[C@H]3[C@@](CC[C@@H]4[C@]3(C)CCC[C@@]4(C)C(=O)O)(CC1=O)C2,0
CHEMBL245727,32.0,ug.mL-1,C=CCn1ncc2c(SCc3ccccc3Cl)ncnc21,0
CHEMBL177887,32.0,ug.mL-1,CCOC(=O)Cn1cnc2c(Sc3ccc(Cl)cc3)ncnc21,0
CHEMBL2235903,12.5,ug.mL-1,CC(=O)N1CCN(c2nc(Nc3ccc(C#N)c(C(F)(F)F)c3)nc(Oc3ncnc4ccccc34)n2)CC1,0
CHEMBL5411103,64.0,ug.mL-1,O=C(CNc1ccccc1)NC1CCCCCC1,0
CHEMBL507707,110.0,ug.mL-1,Cc1cc(=O)c2c(O)cc(O)cc2o1,0
CHEMBL4586172,64.0,ug.mL-1,Cc1cccc(-c2nc(CN3CCN(c4ccnc5cc(Cl)ccc45)CC3)no2)c1C,0
CHEMBL4778425,5.14,ug.mL-1,CC(C)=CCC/C(C)=C/COc1cccc(Nc2nc3ccccc3c(=O)o2)c1,1
CHEMBL3736002,1.56,ug.mL-1,CC1=C(C(=O)Nc2ccc(Br)cn2)C(c2cn(-c3ccccc3)nc2-c2ccc([N+](=O)[O-])cc2)n2ncnc2N1,1
CHEMBL2437133,50.0,ug.mL-1,COc1nc(C)nc(/N=C/c2cccnc2)n1,0
CHEMBL4437045,13.6,ug.mL-1,CCOC(=O)c1nc(C)sc1-c1ccc2c(c1)OCO2,0
CHEMBL3291448,2.65,ug.mL-1,C/C(=N\n1c(/N=C/c2ccccc2Cl)c(C#N)c(-c2ccc([N+](=O)[O-])cc2)c(C#N)c1=O)c1nc2ccccc2[nH]1,1
CHEMBL79026,210.0,ug.mL-1,CSCC(=O)c1cccnc1,0
CHEMBL1289445,12.5,ug.mL-1,O=C(c1ccc(NCCn2cnc3ccccc32)cc1)C1CC1c1ccc(Cl)cc1,0
CHEMBL2235898,6.25,ug.mL-1,N#Cc1ccc(Nc2nc(Oc3ncnc4ccccc34)nc(N3CCN(c4ccccc4Cl)CC3)n2)cc1C(F)(F)F,1
CHEMBL5395091,64.0,ug.mL-1,O=C(Nc1ccc(-n2ccc(-c3ccc(Cl)cc3Cl)n2)cc1)Nc1ccc(Cl)c(Cl)c1,0
CHEMBL3805566,12.5,ug.mL-1,OCCN1CCN(CC(c2ccc3sc4ccccc4c3c2)n2cc(-c3ccc(F)cc3Cl)nn2)CC1,0
CHEMBL1242619,8.4,ug.mL-1,CCn1cc(C(=O)N2N=C(c3cc4ccccc4o3)CC2c2ccccc2Cl)c(=O)c2ccc(C)nc21,1
CHEMBL4227564,50.0,ug.mL-1,Cn1c2ccccc2c2cc(-c3csc(NC(=O)/C=C/c4ccc(F)cc4)n3)ccc21,0
CHEMBL5081310,0.96,ug.mL-1,Clc1ccc2c(CNC3CCCCCC3)cn(C3CCCCCCC3)c2c1,1
CHEMBL4090192,100.0,ug.mL-1,O=C(Nc1ccc([N+](=O)[O-])cc1)Nc1ccc(S(=O)(=O)Nc2ccc([N+](=O)[O-])c(C(F)(F)F)c2)cc1,0
CHEMBL519824,250.0,ug.mL-1,Cc1cc(C)nc(NS(=O)(=O)c2ccc(N3C(=O)c4ccccc4C3=O)cc2)n1,0
CHEMBL224713,0.62,ug.mL-1,C=CB(Oc1cccc2cccnc12)c1ccc(F)c(Cl)c1,1
CHEMBL5275199,64.0,ug.mL-1,COc1cc(CN2CCN(S(=O)(=O)c3c(C)cc(C)cc3C)CC2)nc2ccc(F)cc12,0
CHEMBL4589612,4.0,ug.mL-1,CC(C)(C)OC(=O)NCCOC(=O)/C=C/C(=O)c1ccc(Cl)cc1Cl,1
CHEMBL4788626,6.2,ug.mL-1,Cl.Nc1c(C(F)(F)F)n[nH]c1-c1ccccc1,1
CHEMBL4463892,0.505,ug.mL-1,Cc1nc2c(Cl)cccn2c1C(=O)NCCOc1ccc(Br)cc1,1
CHEMBL276840,256.0,ug.mL-1,CCCCCNCc1cccc(C(F)(F)F)c1.Cl,0
CHEMBL3618262,25.0,ug.mL-1,Cc1nn2c(COCc3cn(Cc4ccc(F)cc4)nn3)c(-c3ccc(Cl)cc3)nc2s1,0
CHEMBL4541588,64.0,ug.mL-1,Fc1cc(F)cc(-c2ccc3c(N4CCN(Cc5noc(-c6cc(F)cc(F)c6)n5)CC4)ccnc3c2)c1,0
CHEMBL2283118,62.5,ug.mL-1,CC(C)c1csc(-c2nnc(Sc3nnc(-c4ccccc4)o3)n2-c2ccccc2)n1,0
CHEMBL4244852,0.03,ug.mL-1,CNc1cc(F)cc2c1[nH]c1nc(CNC(=O)c3cnco3)nc(N3CCC(NC)C3)c12,1
CHEMBL199226,10.0,ug.mL-1,O=C(CCCN1CCC(O)(c2ccc(Cl)cc2)CC1)c1ccccc1,1
CHEMBL2031923,0.7,ug.mL-1,O=C(NCCCc1ccccc1)NC12CC3CC(CC(C3)C1)C2,1
CHEMBL5624798,0.001,ug.mL-1,CN(C1CCC(C)(C)CC1)N1CCN(c2nc(=O)c3cc(C(F)(F)F)cc([N+](=O)[O-])c3s2)CC1,1
CHEMBL5266384,50.0,ug.mL-1,COc1ccc2c(c1)C1c3c(nc(=O)[nH]c3O2)Oc2c1c(=O)oc1ccccc21,0
CHEMBL4647807,12.5,ug.mL-1,CCCCCCCC/C=C/S(=O)(=O)CC(N)=O,0
CHEMBL4750695,0.78,ug.mL-1,O=C(N/N=C/c1cc([N+](=O)[O-])ccc1OCc1cn(-c2ccccc2)nn1)c1ccncc1,1
CHEMBL3739506,50.0,ug.mL-1,Cc1ccc(-c2nn(CC(=O)N3c4ccccc4Sc4ccc(C(F)(F)F)cc43)c(=N)s2)cc1,0
CHEMBL4465209,50.0,ug.mL-1,CC1=CC[C@]2(OC1=O)O[C@H]1O[C@H]3C[C@@]14[C@H](CC[C@@]4(C)C1=C3C=C3C=CC(=O)OC(C)(C)[C@@H]3CC1)[C@@H]2C,0
CHEMBL5183566,0.78,ug.mL-1,C=C[C@H]1C=C[C@@H]2[C@@H]3[C@@H](Oc4ccc(cc4)C[C@@]4(O)C[C@H](C(=O)N4)C(=O)[C@@H]13)[C@@H]1CC[C@@H](C)C[C@@]21C,1
CHEMBL2323135,100.0,ug.mL-1,CC(=O)OC[C@H]1O[C@@H](CC(=O)/C=C/c2ccc(O)cc2)[C@H](OC(C)=O)[C@@H](OC(C)=O)[C@@H]1OC(C)=O,0
CHEMBL4282518,4.0,ug.mL-1,CCOC(=O)c1c(-c2ccc(OC)cc2)oc2ccc(OCc3cn(CCN4C(=O)C(=O)c5cc(Br)ccc54)nn3)cc12,1
CHEMBL2418286,6.25,ug.mL-1,O=C1Nc2c(cccc2[N+](=O)[O-])C(=O)/C1=N/Nc1ccc(F)cc1,1
CHEMBL3805252,0.7,ug.mL-1,CC(=O)Nc1nc(NCC(=O)O)c2nc[nH]c2n1,1
CHEMBL4215010,3.91,ug.mL-1,COC(=O)[C@H]1C[C@@H](S(=O)(=O)c2ccccc2)C(c2ccccc2)(c2ccccc2)N1c1nc(-c2ccccc2)c(C(=O)c2ccccc2)s1,1
CHEMBL3962266,100.0,ug.mL-1,O=C(NC[C@H]1CN(c2ccc(N3CC4(COC4)C3)c(F)c2)C(=O)O1)c1cccc(C(F)(F)F)c1,0
CHEMBL374838,25.0,ug.mL-1,CC(C)O[C@@H]1C=C([C@H](O)c2ccc([N+](=O)[O-])cc2)C(=O)[C@@H](COC(=O)c2ccc([N+](=O)[O-])cc2)O1,0
CHEMBL3798171,16.0,ug.mL-1,Cc1cc(CN2CCN(C3C4CC5CC(C4)CC3C5)CC2)c(C)n1-c1ccc(Cl)cc1,0
CHEMBL244180,12.5,ug.mL-1,COc1ccc(C(c2ccc(OCCN(C)C)cc2)c2c3ccccc3cc3ccccc23)cc1,0
CHEMBL3326973,6.25,ug.mL-1,O=C1N=C(N2CCN(C(c3ccncc3)c3nnnn3C3CCCCC3)CC2)S/C1=C\c1ccccc1,1
CHEMBL482134,3.125,ug.mL-1,CC(=O)OC[C@H]1O[C@@H](SCC(N)=O)[C@@H](OC(C)=O)[C@@H](OC(C)=O)[C@@H]1OC(C)=O,1
CHEMBL3617121,100.0,ug.mL-1,FC(F)(F)c1cccc(NC(=S)Nc2cccc(Br)c2)c1,0
CHEMBL4555804,64.0,ug.mL-1,Cc1nc2ccc(OCc3cn(Cc4ccc(Br)cc4)nn3)cc2c(=O)n1-c1ccccc1,0
CHEMBL1818387,6.0,ug.mL-1,CCCCCCCNC(=O)Nc1ccc(F)c(F)c1F,1
CHEMBL2204428,12.5,ug.mL-1,CC(C)C1=C(O)C(=O)C2=C(C1=O)[C@H](O)[C@@H](O)[C@H]1C(C)(C)CCC[C@]21C,0
CHEMBL5219291,3.125,ug.mL-1,Cc1ccc(-c2nc3n(n2)C2=NOC(c4ccc([N+](=O)[O-])cc4)C2S3)cc1,1
CHEMBL390918,6.25,ug.mL-1,CC(=O)Nc1nc(Cc2nnc(S)n2N)cs1,1
CHEMBL2441335,1.56,ug.mL-1,C(=C/c1ccc(OCc2ccccc2)cc1)\CCn1cnc2ccccc21,1
CHEMBL445089,0.2,ug.mL-1,COc1ccc(-c2c(C#N)[n+]([O-])c3cc(C)c(C)cc3[n+]2[O-])cc1,1
CHEMBL3798629,125.0,ug.mL-1,Cc1cc(CNCc2ccc(Cl)cc2)c(C)n1-c1ccc(Cl)cc1,0
CHEMBL572512,200.0,ug.mL-1,CCOC(=O)C1=C(Nc2ccccc2C)N=CN2CCN=C12,0
CHEMBL5272003,5.0,ug.mL-1,c1ccc(CN2CCC(C3c4ccccc4-c4ccccc43)C2)cc1,1
CHEMBL4633578,200.0,ug.mL-1,CCC[C@H](C)NC(=O)CSc1nc2cc(S(=O)(=O)Nc3ccccc3OC)ccc2o1,0
CHEMBL4452173,4.5,ug.mL-1,CCOC(=O)c1nc(C2CCCCC2)sc1-c1cnc2ccccc2c1,1
CHEMBL1255052,100.0,ug.mL-1,COc1cc(CCc2cc(CCc3ccc(O)c(OC)c3)on2)ccc1O,0
CHEMBL475529,128.0,ug.mL-1,COc1ccccc1C1C(C)C(=O)C(C)C(c2ccccc2OC)N1C(=O)Cn1cnc2ccccc21,0
CHEMBL3126795,128.0,ug.mL-1,O=C(CSc1nc2ccccc2s1)N1CCCC1,0
CHEMBL3617127,100.0,ug.mL-1,FC(F)(F)c1cccc(NC(=S)NCc2ccco2)c1,0
CHEMBL4850292,6.25,ug.mL-1,CN(C)c1ccc(C2SC=C3SC(N4C(=O)CSC4c4ccccc4)=NN32)cc1,1
CHEMBL4797392,25.0,ug.mL-1,O=C1c2ccccc2C(=O)N1c1ccc(-c2csc(N/C=C\c3ccccc3[N+](=O)[O-])n2)cc1,0
CHEMBL2418898,25.0,ug.mL-1,Nc1ccc(OCc2nc3cc(Br)ccc3[nH]2)cc1,0
CHEMBL4855280,0.5892,ug.mL-1,O=C(NN1CCN(c2nc(=O)c3cc(C(F)(F)F)cc([N+](=O)[O-])c3s2)CC1)c1ccc(C(F)(F)F)cc1,1
CHEMBL503706,128.0,ug.mL-1,O=C(c1c(O)cc(O)cc1O)[C@H](O)[C@H](O)c1cc(O)c(O)c(O)c1,0
CHEMBL2281675,6.25,ug.mL-1,CC1CC(C)CN(c2nc(-c3ccc(NCC(=O)Nc4ccc([N+](=O)[O-])cc4)cc3)nc(N3CC(C)CC(C)C3)n2)C1,1
CHEMBL427485,6.25,ug.mL-1,CCc1c(C(=O)OC)[n+]([O-])c2cc(OC)ccc2[n+]1[O-],1
CHEMBL2048107,32.0,ug.mL-1,COc1ncnc(NS(=O)(=O)c2ccc(N3C(=O)c4c(F)c(F)c(F)c(F)c4C3=O)cc2)c1OC,0
CHEMBL454263,50.0,ug.mL-1,CC(C)C[C@@H]1OC(=O)[C@H](C(C)C)OC(=O)[C@H](CO)NC(=O)[C@H]([C@@H](C)O)NC(=O)[C@H](CC(C)C)N(C)C(=O)[C@H](Cc2ccccc2)NC1=O,0
CHEMBL1783134,100.0,ug.mL-1,COc1ccc2nc(C)cc(-n3cc(CN4CCN(C(=O)c5ccc(C)cc5)CC4)nn3)c2c1,0
CHEMBL3249251,10.0,ug.mL-1,C[N+](C)(CCCCCCOc1c(Br)cc(Br)cc1Br)Cc1ccc([N+](=O)[O-])o1.[Br-],1
CHEMBL5641560,4.0,ug.mL-1,Cc1cc(/C=C2\S/C(=N/c3nccs3)NC2=O)c(C)n1-c1ccc(F)cc1,1
CHEMBL1797666,3.13,ug.mL-1,COc1ccc(-c2ccc(/C=C/C(=O)C[C@@H]3O[C@H](CO)[C@H](O)[C@H](O)[C@H]3O)o2)cc1Cl,1
CHEMBL1927986,6.2,ug.mL-1,Brc1cnc2[nH]c(CCC3CCCCC3)nc2c1,1
CHEMBL3310571,1.3,ug.mL-1,COc1ccc(NC(=S)NNC(=O)c2cc([N+](=O)[O-])c[nH]2)cc1,1
CHEMBL3394616,25.0,ug.mL-1,O=C1CC(Sc2ccc(F)c(Cl)c2)N1,0
CHEMBL373172,25.0,ug.mL-1,CCN(CC)CCCC(C)Nc1nc(-c2ccccc2)cc(-c2ccc(O)cc2)n1,0
CHEMBL4855599,0.016,ug.mL-1,O=c1nc(N2CCN(NCc3ccc(Cl)cc3)CC2)sc2c([N+](=O)[O-])cc(C(F)(F)F)cc12,1
CHEMBL4574944,0.52,ug.mL-1,COC(=O)/C=C/C(=O)c1ccco1,1
CHEMBL4436899,50.0,ug.mL-1,Cc1cccc(S(=O)(=O)NC2CCOC3(CCN(C(=O)c4ccc([N+](=O)[O-])o4)CC3)C2)c1,0
CHEMBL4865599,100.0,ug.mL-1,O=C1OC(Cn2cc(-c3ccc(F)cc3F)nn2)Cc2cn(Cc3ccccc3)c3cccc1c23,0
CHEMBL572077,100.0,ug.mL-1,O=[N+]([O-])c1ccc(/C=N/Nc2ccnc3cc(Cl)ccc23)cc1,0
CHEMBL4859556,0.5,ug.mL-1,CCOC(=O)c1c(C(F)(F)F)[n+]([O-])c2cc(N3CCNCC3)c(F)cc2[n+]1[O-],1
CHEMBL111832,25.0,ug.mL-1,NC(=O)CS(=O)(=O)CCCCc1ccccc1,0
CHEMBL1951376,40.0,ug.mL-1,C=CC(=O)Nc1ccc(Cl)c(S(=O)(=O)NC(=O)Nc2nccc(OC)n2)c1,0
CHEMBL5275769,1.6,ug.mL-1,COc1ccc(-n2ncn(Cc3cn(Cc4cc(=O)oc5ccc(Cl)cc45)nn3)c2=O)cc1,1
CHEMBL1783309,25.0,ug.mL-1,CC(C)(C)O[C@@H]1C=CC(=O)[C@@H](CO)O1,0
CHEMBL4782172,50.0,ug.mL-1,CC(=O)O[C@@H](C/C=C(/C)C(=O)O)[C@@H](C)[C@H]1CC[C@@]2(C)C3=CC[C@@H](C(C)(C)OC(C)=O)[C@]4(CCC(=O)OC4)C3=CC[C@]12C,0
CHEMBL1927994,25.0,ug.mL-1,S=c1[nH]nc(CCC2CCCCC2)o1,0
CHEMBL4859415,25.0,ug.mL-1,COc1ccc2oc(=O)cc(C3SCC(=O)N3c3ccc(Cl)cc3)c2c1,0
CHEMBL1277014,0.5,ug.mL-1,CCc1ccc(-n2c(-c3ccc(OC)cc3)cc(CN3CCSCC3)c2C)cc1,1
CHEMBL4089848,25.0,ug.mL-1,COc1cc(C[C@@H](C)[C@@H](C)Cc2ccc(OCCN3CCCC3)c(OC)c2)ccc1O,0
CHEMBL4437586,12.5,ug.mL-1,ClC1=C(CN2CCN(CC3OCCO3)CC2)CCc2nc(-c3cccs3)ccc21,0
CHEMBL50186,12.5,ug.mL-1,CC(C)(CO)NC(=O)c1ccccc1SSc1ccccc1C(=O)NC(C)(C)CO,0
CHEMBL5433126,4.0,ug.mL-1,Cc1cc(Nc2ccnc(-c3ccccc3)n2)c(OC(C)C)cc1C1CCNCC1,1
CHEMBL4104910,8.0,ug.mL-1,Cc1ccc(CN2CCn3nc(C(=O)N4CCCCC4)cc3C2=O)cc1,1
CHEMBL4287318,100.0,ug.mL-1,Cc1cnc(-c2cccnc2)n1CCC1CCN(C(=O)c2ccc([N+](=O)[O-])o2)CC1,0
CHEMBL1682119,4.0,ug.mL-1,COc1nc([N+](=O)[O-])cn1CC(O)c1ccc(F)cc1F,1
CHEMBL5270530,50.0,ug.mL-1,C=CC(=O)NNC(=O)c1ccncc1,0
CHEMBL575034,12.5,ug.mL-1,Cc1ccc(C)c2c1CC(Cn1cc(Cc3ccccc3)nn1)O2,0
CHEMBL4437964,4.0,ug.mL-1,COc1cccc(C(=O)/C=C/C(=O)O)c1,1
CHEMBL4570976,1.141,ug.mL-1,CCCc1nc2ccc(F)cn2c1C(=O)NCCOc1ccc(Cl)cc1,1
CHEMBL417675,100.0,ug.mL-1,CCCCCCCCCCCCCCCC(=O)NCCO,0
CHEMBL4465578,0.016,ug.mL-1,CCc1nc2ccc(Br)cn2c1C(=O)NCCOc1ccc(N2CC3CCCCC3C2)cc1,1
CHEMBL271458,12.5,ug.mL-1,COc1cccc(C(c2ccc(OCCN(C)C)cc2)c2cccs2)c1,0
CHEMBL4556905,8.0,ug.mL-1,C[C@]1(CN2CCc3nc(-c4ccc(F)cc4F)ccc3C2)Cn2cc([N+](=O)[O-])nc2O1,1
CHEMBL590253,100.0,ug.mL-1,CSc1ccccc1/C=N/NC(=O)c1cnc2c(C(F)(F)F)cccc2c1N[C@@H](CSc1ccccc1)CC(=O)N(C)C,0
CHEMBL409666,25.0,ug.mL-1,CC(C)O[C@@H]1C=C([C@H](O)c2ccc(F)cc2)C(=O)[C@@H](COC(=O)c2ccc([N+](=O)[O-])cc2)O1,0
CHEMBL3298657,37.0,ug.mL-1,Cc1ccc([C@@H]2C(O)=C3Nc4ccccc4N3CN2c2c(C)cccc2C)c(N)c1C,0
CHEMBL4637114,50.0,ug.mL-1,COc1ccc2c(c1)c(I)c1n2C/C(=C\C#CCCCC(=O)O)OC1=O,0
CHEMBL5395289,64.0,ug.mL-1,O=C(Nc1ccc(-n2ccc(-c3ccc4ccccc4c3)n2)cc1)Nc1ccc(F)cc1F,0
CHEMBL383847,12.5,ug.mL-1,Cc1ccc(Oc2c3c(nc4ccccc24)CCCC3)cc1C,0
CHEMBL3105651,100.0,ug.mL-1,CCCCNc1cncc(C(N)=O)n1,0
CHEMBL3298741,100.0,ug.mL-1,OC1=C2Nc3ccccc3N2CN(c2cc(Cl)cc(Cl)c2)[C@@H]1c1ccc(Cl)cc1,0
CHEMBL3794028,27.87,ug.mL-1,COc1cc([C@@H]2SCC(=O)N2NC(=O)c2cnc(C)cn2)ccc1O,0
CHEMBL1278003,0.25,ug.mL-1,COc1ccc(-c2cc(CN3CCSCC3)c(C)n2-c2ccc(F)cc2)cc1,1
CHEMBL359513,16.0,ug.mL-1,CC1=C(OCCCCBr)C(C)SC1=O,0
CHEMBL1210469,6.25,ug.mL-1,O=C(NNc1nc(Nc2ccccc2)nc(NC2CCCCC2)n1)c1ccncc1,1
CHEMBL4875276,0.9004,ug.mL-1,O=c1nc(N2CCN(NCc3ccc(O)cc3)CC2)sc2c([N+](=O)[O-])cc(C(F)(F)F)cc12,1
CHEMBL2023771,10.0,ug.mL-1,CCCCCCc1cn(CCc2ccccc2)nn1,1
CHEMBL4873922,0.32,ug.mL-1,CCOC(=O)NC(=O)c1ccsc1NC(=O)c1ccc(C(=O)N2CCCCC2)cc1,1
CHEMBL3394665,25.0,ug.mL-1,O=C1CC(Sc2ccccc2)N1C(=O)Nc1cccc2ccccc12,0
CHEMBL452683,128.0,ug.mL-1,CC(C)=CCC/C(C)=C\CO,0
CHEMBL416220,0.125,ug.mL-1,CCNc1nc2c(s1)c1c(O)c3c(O)c(C)c4c(c32)C(=O)C(C)(O/C=C/C(OC)C(C)C(OC(C)=O)C(C)C(O)C(C)C(O)C(C)/C=C/C=C(/C)C(=O)N1)O4,1
CHEMBL3098897,50.0,ug.mL-1,COc1cc(NC(=O)c2ccco2)ccc1-n1cnc(Cl)c1,0
CHEMBL3338551,25.0,ug.mL-1,O=S(=O)(c1ccccc1)N1CCN(c2noc3cccc(Cl)c23)CC1,0
CHEMBL1077544,1.68,ug.mL-1,CCCCCCCCC[C@@H]1C[C@@H]2CC[C@H]3[C@@H](C(=O)OC(C)CCCCCCC[C@@H]4C[C@@H]5CC[C@@H]6C[C@H](C)NC(=N4)N65)[C@@H](C)N=C(N1)N23,1
CHEMBL4082497,12.5,ug.mL-1,CSc1ccc([C@@H]2[C@H]3CSCN3[C@]3(C(=O)Nc4ccccc43)[C@@]23C(=O)Oc2ccccc23)cc1,0
CHEMBL3098891,2.5,ug.mL-1,COc1cc(NS(=O)(=O)c2cccc([N+](=O)[O-])c2Cl)ccc1-n1cnc(Cl)c1,1
CHEMBL4170606,100.0,ug.mL-1,N#Cc1ccc(Nc2nc(Oc3cc(=O)oc4ccccc34)nc(N3CCN(c4ccc(F)cc4)CC3)n2)cc1C(F)(F)F,0
CHEMBL3427213,50.0,ug.mL-1,COc1cccc(C(=O)On2c(-c3cccc(F)c3)nc3ccccc3c2=O)c1,0
CHEMBL3357534,200.0,ug.mL-1,C=CCOc1ccccc1/C=C/C(=O)c1ccc(O)cc1O,0
CHEMBL4469849,50.0,ug.mL-1,CC1=CC[C@@H]([C@@H](C)[C@H]2CC[C@@]3(C)C4=C(CC[C@]23C)[C@@]2(C)[C@H](O)C[C@H](O)C(C)(C)[C@@H]2CC4)OC1=O,0
CHEMBL4279185,1.0,ug.mL-1,Cc1c2oc3c(C)ccc(C(=O)N[C@@H]4C(=O)N[C@H](C(C)C)C(=O)N5CCC[C@H]5C(=O)N(C)CC(=O)N(C)[C@@H](C(C)C)C(=O)O[C@@H]4C)c3nc-2c(C(=O)N[C@@H]2C(=O)N[C@H](C(C)C)C(=O)N3CC(O)C[C@H]3C(=O)N(C)CC(=O)N(C)[C@@H](C(C)C)C(=O)O[C@@H]2C)c(N)c1=O,1
CHEMBL4551586,0.39,ug.mL-1,CCOC(=O)c1sc(/N=C2\NC(=O)/C(=C3/C(=O)N(C)c4ccccc43)S2)nc1C,1
CHEMBL462427,64.0,ug.mL-1,C[C@H]([C@@H]1CC[C@H](C)[C@@H](O)O1)[C@H]1CC[C@@]2(C)C3=C(CC[C@]12C)[C@@]1(C)CC[C@H](O)C(C)(C)[C@@H]1CC3,0
CHEMBL4241358,0.03,ug.mL-1,CNc1cc(F)cc2c1[nH]c1nc(CNC(=O)c3cnco3)nc(N3CCC(CN)C3)c12,1
CHEMBL4163107,12.5,ug.mL-1,CC(C)(C)C1CCc2c(sc3nc(SCc4ccc(C(=O)O)cc4[N+](=O)[O-])nc(N)c23)C1,0
CHEMBL3914166,3.12,ug.mL-1,C/C(CCC(=O)Nc1ccc(Cl)cc1)=N\NC(=O)c1ccc(-n2cccc2)cc1,1
CHEMBL13314,256.0,ug.mL-1,CCCCNCc1ccc(Cl)c(Cl)c1.Cl,0
CHEMBL5280245,25.0,ug.mL-1,Cc1cc(SCC(=O)Nc2cc(C(F)(F)F)ccc2Cl)nc(N)n1,0
CHEMBL4864702,32.0,ug.mL-1,CC(=O)NC[C@@H]1OC(=O)N2Cc3cc(F)c(N4CCOCC4)cc3O[C@@H]12,0
CHEMBL3310581,19.4,ug.mL-1,COc1ccc(NC(=S)NNC(=O)c2cc([N+](=O)[O-])cn2C)cc1,0
CHEMBL3746364,50.0,ug.mL-1,O=C(/C=C/c1ccccc1)c1ccc(-n2cccc2)cc1,0
CHEMBL4539640,25.0,ug.mL-1,CCOC(=O)/C=C/Cn1cc(Cn2ccc3cncnc32)nn1,0
CHEMBL1956056,128.0,ug.mL-1,O=C(N/N=C/c1ccc(Cl)cc1)c1coc2ccccc12,0
CHEMBL3326738,6.25,ug.mL-1,COc1ccc(C(c2nnnn2C2CCCCC2)N2CCN(C3=NC(=O)/C(=C/c4ccccc4)S3)CC2)cc1OC,1
CHEMBL4751036,12.5,ug.mL-1,O=C(N/N=C/c1cc([N+](=O)[O-])ccc1OCc1cn(-c2ccccc2F)nn1)c1ccncc1,0
CHEMBL3126093,0.25,ug.mL-1,COc1ccc(N2C[C@H](COc3ccc(N4C[C@H](CNC(C)=O)OC4=O)cc3F)OC2=O)cc1,1
CHEMBL3246149,25.0,ug.mL-1,Nc1nc(N)c2c(Cl)c(S(=O)(=O)c3cccc(C(F)(F)F)c3)ccc2n1,0
CHEMBL3741511,8.0,ug.mL-1,Cc1c(C(F)(F)F)cc2nc(C3=NCCO3)sc2c1[N+](=O)[O-],1
CHEMBL3236815,50.0,ug.mL-1,CCCCCCc1cn(CC(=O)NC23CC4CC(CC(C4)C2)C3)nn1,0
CHEMBL4165073,0.1,ug.mL-1,CO/N=C1/C(=O)N(CCCn2cc(CN3CCC[C@@H]4CN(c5c(F)cc6c(=O)c(C(=O)O)cn(C7CC7)c6c5OC)C[C@@H]43)nn2)c2ccccc21,1
CHEMBL242899,92.0,ug.mL-1,O=C(NC12CC3CC(CC(C3)C1)C2)N[C@H]1CC[C@H](OCc2ccc(Br)cc2)CC1,0
CHEMBL5431902,64.0,ug.mL-1,CC1(C)CC(=O)C2=C(C1)OC(N)=C(C#N)C2c1ccc(O)cc1,0
CHEMBL4449945,64.0,ug.mL-1,N#Cc1ccc(/C=C/c2nc3ccccc3c(=O)n2-c2cccnc2)cc1,0
CHEMBL3577472,50.0,ug.mL-1,Clc1cccc(OCCCOc2ccc(-n3cccc3)cc2)c1,0
CHEMBL1276751,500.0,ug.mL-1,COc1ccc(C2c3ccccc3OC3NC(=O)N=C(N)C32)cc1,0
CHEMBL375145,0.39,ug.mL-1,C[C@]1(COc2ccc(N3CCC(Oc4ccc(F)cc4)CC3)cc2)Cn2cc([N+](=O)[O-])nc2O1,1
CHEMBL201083,121.0,ug.mL-1,CC(=O)c1ccc(O)cc1,0
CHEMBL2235711,10.0,ug.mL-1,COc1ccc(-c2nn3c(-c4ccccc4)c(-c4ccc(SC)cc4)nc3s2)cc1,1
CHEMBL577102,3.12,ug.mL-1,Clc1ccc2c(N/N=C/c3cccc(Br)c3)ccnc2c1,1
CHEMBL481641,12.5,ug.mL-1,C[C@@H]1CCC2=C(C[C@H]3C[C@]2(C)C(=O)O3)[C@@]1(C)CCc1ccoc1,0
CHEMBL2236091,256.0,ug.mL-1,CCOC(=O)N1CCN(CC(=O)N2C(c3ccc(C)cc3)CC(=O)C(C)C2c2ccc(C)cc2)CC1,0
CHEMBL3126137,100.0,ug.mL-1,COc1ccc(CC(=O)Nc2cc3nc(C4CCCCC4)[nH]c3cc2N(C)C)cc1,0
CHEMBL2443184,0.015,ug.mL-1,CCCCCC[C@@H](O)C/C=C\CCCCCCCC(=O)NNC(=O)c1ccncc1,1
CHEMBL407881,4.0,ug.mL-1,C[C@H](N)C(=O)N(C)[C@@H](C)[C@H](NC(=O)[C@H](Cc1ccc(C(F)(F)F)cc1)NC(=O)N[C@@H](Cc1c[nH]c2ccccc12)C(=O)O)C(=O)NC[C@H]1C[C@@H](O)[C@H](n2ccc(=O)[nH]c2=O)O1,1
CHEMBL1243195,25.0,ug.mL-1,Cc1ccc(-c2nnc(-c3cccnc3)n2Nc2nc3c(Cl)cccc3s2)cc1,0
CHEMBL4798214,32.0,ug.mL-1,CNC(=O)c1c(-c2ccccc2)oc2ccc(O)c(CN3CCCCC3)c2c1=O,0
CHEMBL514498,6.25,ug.mL-1,CC(=O)O[C@@H]1OC=C2[C@@H](OC(C)=O)C[C@H]3[C@]4(C)CC[C@H]5C(C)(C)CCC[C@]5(C)[C@H]4C[C@@H](O)[C@]3(C)[C@H]21,1
CHEMBL3785485,25.0,ug.mL-1,CO[C@@H]1C[C@H]2C(C)(C)[C@@H](OC(C)=O)CC[C@]2(C)C2=C1[C@]1(C)CC[C@H]([C@H](C)[C@H](C/C=C(\C)C(=O)O)OC(C)=O)[C@@]1(C)CC2,0
CHEMBL3805580,6.25,ug.mL-1,O=C(O)CNc1ncnc2[nH]cnc12,1
CHEMBL4291064,64.0,ug.mL-1,N#Cc1ccc(/C=C/c2nc3ccccc3c(=O)n2-c2cccc(OCc3cn(-c4cccc(F)c4)nn3)c2)cc1,0
CHEMBL2281843,0.59,ug.mL-1,OC1(c2nnc(-c3ccncc3)[nH]2)CCCCC1,1
CHEMBL2418890,100.0,ug.mL-1,O=[N+]([O-])c1ccc(OCc2nc3ccc(Br)cc3n2S(=O)(=O)c2ccc(Cl)cc2Cl)cc1,0
CHEMBL1269382,100.0,ug.mL-1,COC(=O)/C=C1\Nc2cc(C)ccc2OC1=O,0
CHEMBL35149,1.0,ug.mL-1,COC1/C=C/OC2(C)Oc3c(C)c(O)c4c(O)c(c5sc(N6CCN(C)CC6)nc5c4c3C2=O)NC(=O)/C(C)=C\C=C\C(C)C(O)C(C)C(O)C(C)C(O)C1C,1
CHEMBL477939,100.0,ug.mL-1,C=C1CC[C@@H]2[C@@]3(C)CCC[C@@]2(C(=O)OC3)[C@@H]1CC(=O)c1ccoc1,0
CHEMBL5404926,1.0,ug.mL-1,CCCCOc1cc(N2CCNCC2)ccc1Nc1nc(-c2ccccc2)ncc1Cl,1
CHEMBL3099180,12.5,ug.mL-1,C/C(=N\NC(=O)COc1ccc(C)cc1)c1ccc(-n2cccc2)cc1,0
CHEMBL4226288,32.0,ug.mL-1,CC(=O)N1CCC2(CCN(Cc3ccc([N+](=O)[O-])o3)CC2)CC1,0
CHEMBL4847510,0.0177,ug.mL-1,CC(NN1CCN(c2nc(=O)c3cc(C(F)(F)F)cc([N+](=O)[O-])c3s2)CC1)c1ccc(OC(F)(F)F)cc1,1
CHEMBL5408670,200.0,ug.mL-1,COc1cc(/C=N/NC(=O)c2cccnc2)ccc1OCc1cn(-c2ccnc3cc(Cl)ccc23)nn1,0
CHEMBL2262808,500.0,ug.mL-1,S=c1[nH]c2c(c(=S)[nH]1)C(c1ccccc1)c1ccccc1O2,0
CHEMBL4210958,1.95,ug.mL-1,Cc1ccc2c(Cn3cnc4c(=O)n(C)c(=O)n(C)c43)cc(=O)oc2c1,1
CHEMBL500585,80.0,ug.mL-1,C[C@@H]1C[C@@]2(N=CCS2)[C@]2(O)O[C@@H]3C[C@@]4(C=O)[C@@H](CC[C@@H]5[C@@H]4CC[C@]4(C)[C@@H](C6=CC(=O)OC6)CC[C@]54O)C[C@H]3O[C@@H]2O1,0
CHEMBL1222428,25.0,ug.mL-1,CCCCCCCC/C=C\CCCCCCCC(=O)N1CCCCC1,0
CHEMBL1927997,50.0,ug.mL-1,C=CCNC(=S)NNC(=O)CCC1CCCCC1,0
CHEMBL369565,16.0,ug.mL-1,COC(=O)CSCCCCCCCCCCOC1=C(C)C(=O)SC1C,0
CHEMBL24022,5.0,ug.mL-1,CCCCCCCCCCCCCCO,1
CHEMBL3931211,12.5,ug.mL-1,O=C1c2ccccc2NC(c2cn(-c3ccccc3)nc2-c2ccccc2)N1c1ccc(Cl)cc1,0
CHEMBL2046519,12.5,ug.mL-1,CCCCCCCC(O)c1cccc(CN2CCC(COc3ccc(C(=O)c4ccc(Cl)cc4)c(Cl)c3)CC2)c1,0
CHEMBL1579150,31.25,ug.mL-1,O=C(NCCc1ccccc1)Oc1ccc(Cl)cc1,0
CHEMBL4453681,0.84,ug.mL-1,CN(C)C(=O)/C=C/C(=O)c1ccccc1Cl,1
CHEMBL4294195,12.5,ug.mL-1,COc1ccc2c(c1OC)C(OC)N(C)c1c-2ccc2cc3c(cc12)OCO3,0
CHEMBL4286836,25.0,ug.mL-1,O=C(Nc1cc(O)cc(Cc2ccccc2)c1)c1cc(C(F)(F)F)cc(C(F)(F)F)c1,0
CHEMBL3912365,0.39,ug.mL-1,C[Si]1(C)CCN(NCc2cc(-c3ccc(Cl)cc3)n(-c3ccc(Cl)cc3)n2)CC1,1
CHEMBL3357494,200.0,ug.mL-1,CCCCCCCCCC1CC(=O)c2ccc(O)cc2O1,0
CHEMBL4859924,64.0,ug.mL-1,C#CCN(c1nc(-c2ccc(F)cc2)no1)C1CCCCC1,0
CHEMBL3338468,50.0,ug.mL-1,NNC(=O)CC(=O)Nc1ccc(S(=O)(=O)O)cc1,0
CHEMBL570399,100.0,ug.mL-1,Clc1ccc2c(N/N=C/c3ccccc3Br)ccnc2c1,0
CHEMBL573156,5.35,ug.mL-1,c1ccc(Nc2c3ccccc3nc3oc4ccccc4c23)cc1,1
CHEMBL4756732,100.0,ug.mL-1,CC(C)=CCOc1ccc(C(=O)OCCCOc2cccc(Nc3nc4ccccc4c(=O)o3)c2)cc1,0
CHEMBL401539,12.5,ug.mL-1,COc1ccc(C(c2ccc(OCCN3CCOCC3)cc2)c2cccs2)cc1,0
CHEMBL4463824,4.9,ug.mL-1,CC(C)c1nc(C(=O)N[C@H](C)c2ccccc2)c(-c2ccc3c(c2)OCO3)s1,1
CHEMBL572757,3.13,ug.mL-1,O[C@@H](CNCCNC[C@H](O)COC(c1ccc(Br)cc1)c1ccc(Br)cc1)COC(c1ccc(Br)cc1)c1ccc(Br)cc1,1
CHEMBL4858625,0.016,ug.mL-1,O=C(OC1CCC(CN2CCN(c3cc(=O)c4cc(C(F)(F)F)cc([N+](=O)[O-])c4s3)CC2)CC1)c1cccc(F)c1,1
CHEMBL2296408,3.125,ug.mL-1,COc1ccc(-c2nnc(NC(=O)C3CC(=O)N(c4ccccc4)C3)o2)cc1,1
CHEMBL5625082,0.001,ug.mL-1,CN(C1CCCCC1)N1CCN(c2nc(=O)c3cc(C(F)(F)F)cc([N+](=O)[O-])c3s2)CC1,1
CHEMBL4060671,25.0,ug.mL-1,COc1ccc(NS(=O)(=O)c2ccc(NC(=O)Nc3ccc([N+](=O)[O-])cc3)cc2)cc1,0
CHEMBL2260331,0.31,ug.mL-1,COc1ccc(C2C(Cl)C(=O)N2NC(=O)c2ccncc2)cc1O,1
CHEMBL3099172,25.0,ug.mL-1,C/C(=N\NC(=O)c1ccc(-n2c(C)ccc2C)cc1)c1ccc(-n2cccc2)cc1,0
CHEMBL4284083,0.12,ug.mL-1,CC12CCCC(C(=O)Nc3nc4cc(Br)ccc4s3)(CCC1)C2,1
CHEMBL1254970,6.25,ug.mL-1,COc1cc(/C=C/c2cc(CCc3ccc(O)c(OC)c3)on2)ccc1O,1
CHEMBL1929488,25.0,ug.mL-1,Cc1ccc2c3c([nH]c2c1)-c1nocc1CCC3,0
CHEMBL583272,200.0,ug.mL-1,CCOC(=O)C1=C(Nc2ccccc2Cl)N=CN2CCN=C12,0
CHEMBL2283351,100.0,ug.mL-1,O=C(CSc1nnc(-c2cc3ccccc3oc2=O)o1)Nc1nc2ccc(I)cc2s1,0
CHEMBL2235914,100.0,ug.mL-1,COc1ccc(-c2cc(=O)n(-c3cccc(Cl)c3)c(N3CCCC3)c2/N=N/c2cc(Cl)ccc2Cl)cc1,0
CHEMBL288372,56.0,ug.mL-1,CC(C)(C)C(=O)OCn1c(-c2cnccn2)noc1=O,0
CHEMBL1077700,2.0,ug.mL-1,c1ccc(C[C@H]2CNCCN2CC2CCCN2C[C@H](Cc2ccccc2)N2CCN(CCCC3CCCCC3)[C@@H](Cc3ccccc3)C2)cc1,1
CHEMBL1801751,1.52,ug.mL-1,CC(C)(C)OC(=O)N[C@H](C(=O)O/N=C1\c2ccccc2-c2c1c(N1CCN(c3ccccn3)CC1)nc1ccc(Br)cc21)C(C)(C)C,1
CHEMBL2177965,0.125,ug.mL-1,Cc1ccc(Nc2cc3nc4ccccc4n(-c4ccc(F)cc4)c-3c/c2=N\C2CCOCC2)cn1,1
CHEMBL305633,1.0,ug.mL-1,COc1ccc2c(c1)C(=O)c1nc3ccccc3c(=O)n1-2,1
CHEMBL1823288,100.0,ug.mL-1,COc1cccc(-n2cc(CO)nn2)c1,0
CHEMBL3260386,0.5,ug.mL-1,COc1ccccc1S(=O)(=O)NC(=O)c1nc2nc(C)cc(C)n2n1,1
CHEMBL4073721,6.25,ug.mL-1,CN1C[C@@H](c2ccc(Cl)cc2)[C@]2(C(=O)Oc3ccccc32)[C@@]12C(=O)Nc1ccccc12,1
CHEMBL598709,1.0,ug.mL-1,CCCCCCCC/C=N/NC(=O)c1cnc2ccc(F)cc2c1N[C@@H](CSc1ccccc1)CC(=O)N(C)C,1
CHEMBL267345,100.0,ug.mL-1,C[C@@H]1[C@H](O)[C@@H](C)/C=C/C=C/C=C/C=C/C=C/C=C/C=C/[C@H](O[C@@H]2O[C@H](C)[C@@H](O)[C@H](N)[C@@H]2O)C[C@@H]2O[C@](O)(C[C@@H](O)C[C@@H](O)[C@H](O)CC[C@@H](O)C[C@@H](O)CC(=O)O[C@H]1C)C[C@H](O)[C@H]2C(=O)O,0
CHEMBL488869,0.05,ug.mL-1,O=C(NCc1ccc(C(F)(F)F)cc1)c1ccc([N+](=O)[O-])o1,1
CHEMBL1940336,32.0,ug.mL-1,O=C(Cc1cccc(Oc2ccccc2)c1)Nc1ccc(F)c(F)c1,0
CHEMBL3086000,13.5,ug.mL-1,COc1cccc(-c2nnc(-c3cc([N+](=O)[O-])c[nH]3)o2)c1,0
CHEMBL264303,100.0,ug.mL-1,O=C(c1ccccc1SSc1ccccc1C(=O)N1CCN(C/C=C/c2ccccc2)CC1)N1CCN(C/C=C/c2ccccc2)CC1,0
CHEMBL482127,3.125,ug.mL-1,CC(=O)OC[C@H]1O[C@@H](SCC(N)=O)[C@H](OC(C)=O)[C@@H](OC(C)=O)[C@@H]1OC(C)=O,1
CHEMBL4207846,1.6,ug.mL-1,Cn1c(-c2cccc(Cl)c2Cl)nc2cc(-c3nc(-c4ccccc4Cl)no3)ccc21,1
CHEMBL3741745,0.37,ug.mL-1,C[C@]1(COc2ccc(S(=O)(=O)N3CCOCC3)cc2)Cn2cc([N+](=O)[O-])nc2O1,1
CHEMBL205338,500.0,ug.mL-1,CC(=O)N(O)CCCP(=O)(O)O,0
CHEMBL4239717,0.226,ug.mL-1,O=C(NCc1ccc2c(c1)CCN(CC1CCCCC1)C2)c1cc([N+](=O)[O-])cc([N+](=O)[O-])c1,1
CHEMBL4874148,0.4903,ug.mL-1,CCC(CC)CN(CC(CC)CC)N1CCN(c2nc(=O)c3cc(C(F)(F)F)cc([N+](=O)[O-])c3s2)CC1,1
CHEMBL2035137,1.0,ug.mL-1,Cn1c(=O)n(C)c(=O)n(CCC[S+]([O-])CC(=O)NN)c1=O,1
CHEMBL3823727,50.0,ug.mL-1,O=C(Cn1cc(C2CC2)nn1)Nc1nc(-c2ccc3oc4ccccc4c3c2)cs1,0
CHEMBL2296071,20.0,ug.mL-1,CCCCCCCCCCCC1=C(OC)C(=O)C=C(OC)C1=O,0
CHEMBL2282801,25.0,ug.mL-1,CCN(CC)c1ccc2cc(-c3nc4sc(S(=O)(=O)/N=C/N(C)C)nn4c3/C=N/O)c(=O)oc2c1,0
CHEMBL268517,256.0,ug.mL-1,CCCCNCc1cccc([N+](=O)[O-])c1.Cl,0
CHEMBL372549,6.25,ug.mL-1,OC(COc1ccc(C(c2ccc(OCC(O)CN3CCCCC3)cc2)c2cc3ccccc3c3ccccc23)cc1)CN1CCCCC1,1
CHEMBL3099182,50.0,ug.mL-1,C/C(=N\NC(=O)COc1ccc(Br)cc1)c1ccc(-n2cccc2)cc1,0
CHEMBL4278091,12.5,ug.mL-1,O=C(Nc1nc(-c2ccc(Cl)cc2)cs1)c1cncc(Cl)n1,0
CHEMBL4755973,4.0,ug.mL-1,O=C(/C=C1/SC(=O)NC1=O)Oc1ccccc1/C=N/NC(=O)c1ccncc1,1
CHEMBL1823280,100.0,ug.mL-1,OCc1cn(-c2ccc(F)cc2)nn1,0
